3.29948e+06	7.15278e-07
3.29958e+06	1.17341e-06
3.29968e+06	1.90583e-06
3.29978e+06	3.0646e-06
3.29988e+06	4.8789e-06
3.29998e+06	7.69e-06
3.30008e+06	1.20002e-05
3.30018e+06	1.85399e-05
3.30028e+06	2.83586e-05
3.30038e+06	4.29455e-05
3.30048e+06	6.43887e-05
3.30058e+06	9.55781e-05
3.30068e+06	0.000140464
3.30078e+06	0.000204376
3.30088e+06	0.00029441
3.30098e+06	0.000419888
3.30108e+06	0.000592888
3.30118e+06	0.000828842
3.30128e+06	0.00114718
3.30138e+06	0.00157199
3.30148e+06	0.00213269
3.30158e+06	0.00286464
3.30168e+06	0.00380956
3.30178e+06	0.00501585
3.30188e+06	0.00653855
3.30198e+06	0.00843893
3.30208e+06	0.0107836
3.30218e+06	0.0136433
3.30228e+06	0.0170905
3.30238e+06	0.0211972
3.30248e+06	0.0260313
3.30258e+06	0.0316532
3.30268e+06	0.0381114
3.30278e+06	0.0454384
3.30288e+06	0.0536463
3.30298e+06	0.0627232
3.30308e+06	0.0726302
3.30318e+06	0.0832994
3.30328e+06	0.0946339
3.30338e+06	0.106509
3.30348e+06	0.118776
3.30358e+06	0.131267
3.30368e+06	0.143805
3.30378e+06	0.156208
3.30388e+06	0.168306
3.30398e+06	0.179949
3.30408e+06	0.191017
3.30418e+06	0.201431
3.30428e+06	0.211165
3.30438e+06	0.220247
3.30448e+06	0.228762
3.30458e+06	0.236853
3.30468e+06	0.244713
3.30478e+06	0.252574
3.30488e+06	0.260694
3.30498e+06	0.269339
3.30508e+06	0.278761
3.30518e+06	0.289182
3.30528e+06	0.300766
3.30538e+06	0.313607
3.30548e+06	0.327707
3.30558e+06	0.342972
3.30568e+06	0.3592
3.30578e+06	0.376086
3.30588e+06	0.393232
3.30598e+06	0.410157
3.30608e+06	0.42632
3.30618e+06	0.441147
3.30628e+06	0.454057
3.30638e+06	0.464493
3.30648e+06	0.471952
3.30658e+06	0.476011
3.30668e+06	0.476352
3.30678e+06	0.472777
3.30688e+06	0.465219
3.30698e+06	0.453746
3.30708e+06	0.438558
3.30718e+06	0.419974
3.30728e+06	0.398413
3.30738e+06	0.374378
3.30748e+06	0.348426
3.30758e+06	0.321146
3.30768e+06	0.293129
3.30778e+06	0.264947
3.30788e+06	0.237128
3.30798e+06	0.210145
3.30808e+06	0.184399
3.30818e+06	0.160209
3.30828e+06	0.137817
3.30838e+06	0.117381
3.30848e+06	0.0989843
3.30858e+06	0.0826432
3.30868e+06	0.0683151
3.30878e+06	0.0559103
3.30888e+06	0.0453035
3.30898e+06	0.0363442
3.30908e+06	0.0288668
3.30918e+06	0.0226999
3.30928e+06	0.017673
3.30938e+06	0.0136224
3.30948e+06	0.0103958
3.30958e+06	0.00785453
3.30968e+06	0.00587544
3.30978e+06	0.0043513
3.30988e+06	0.00319048
3.30998e+06	0.00231606
3.31008e+06	0.00166457
3.31018e+06	0.00118443
3.31028e+06	0.000834404
3.31038e+06	0.000581969
3.31048e+06	0.000401866
3.31058e+06	0.000274738
3.31068e+06	0.000185958
3.31078e+06	0.000124614
3.31088e+06	8.26754e-05
3.31098e+06	5.43054e-05
3.31108e+06	3.53156e-05
3.31118e+06	2.27378e-05
3.31128e+06	1.44939e-05
3.31138e+06	9.14705e-06
3.31148e+06	5.71522e-06
3.31158e+06	3.53543e-06
3.31168e+06	2.16525e-06
3.31178e+06	1.3129e-06
3.31188e+06	7.88157e-07
3.31198e+06	4.68436e-07
3.31208e+06	2.75642e-07
3.31218e+06	1.60582e-07
3.31228e+06	9.26201e-08
3.31238e+06	5.28897e-08
3.31248e+06	2.99015e-08
3.31258e+06	1.67368e-08
3.31268e+06	9.27493e-09
3.31278e+06	5.08867e-09
3.31288e+06	2.76411e-09
3.31298e+06	1.4865e-09
3.31308e+06	7.9146e-10
3.31318e+06	4.17206e-10
3.31328e+06	2.17736e-10
3.31338e+06	1.12504e-10
3.31348e+06	5.75519e-11
3.31358e+06	2.91481e-11
3.31368e+06	1.46156e-11
3.31378e+06	7.25575e-12
3.31388e+06	3.56619e-12
3.31398e+06	1.73533e-12
3.31408e+06	8.36023e-13
3.31418e+06	3.98759e-13
3.31428e+06	1.88305e-13
3.31438e+06	8.80375e-14
3.31448e+06	4.07504e-14
3.31458e+06	1.86747e-14
3.31468e+06	8.47287e-15
3.31478e+06	3.80597e-15
3.31488e+06	1.69261e-15
3.31498e+06	7.45259e-16
3.31508e+06	3.24873e-16
3.31518e+06	1.40209e-16
3.31528e+06	5.99097e-17
3.31538e+06	2.5344e-17
3.31548e+06	1.06147e-17
3.31558e+06	4.4015e-18
3.31568e+06	1.80696e-18
3.31578e+06	7.34437e-19
3.31588e+06	2.95541e-19
3.31598e+06	1.17744e-19
3.31608e+06	4.64423e-20
3.31618e+06	1.81363e-20
3.31628e+06	7.01195e-21
3.31638e+06	2.68403e-21
3.31648e+06	1.01717e-21
3.31658e+06	3.8164e-22
3.31668e+06	1.41766e-22
3.31678e+06	5.21374e-23
3.31688e+06	1.89838e-23
3.31698e+06	6.84341e-24
3.31708e+06	2.44242e-24
3.31718e+06	8.63027e-25
3.31728e+06	3.01916e-25
3.31738e+06	1.04569e-25
3.31748e+06	3.58575e-26
3.31758e+06	1.21734e-26
3.31768e+06	4.09169e-27
3.31778e+06	1.3616e-27
3.31788e+06	4.48593e-28
3.31798e+06	1.46323e-28
3.31808e+06	4.72532e-29
3.31818e+06	1.5108e-29
3.31828e+06	4.78232e-30
3.31838e+06	1.49874e-30
3.31848e+06	4.65022e-31
3.31858e+06	1.42849e-31
3.31868e+06	4.34447e-32
3.31878e+06	1.30814e-32
3.31888e+06	3.89968e-33
3.31898e+06	1.15096e-33
3.31908e+06	3.36317e-34
3.31918e+06	9.72958e-35
3.31928e+06	2.78674e-35
3.31938e+06	7.90235e-36
3.31948e+06	2.21857e-36
3.31958e+06	6.16662e-37
3.31968e+06	1.69698e-37
3.31978e+06	4.62344e-38
3.31988e+06	1.24713e-38
3.31998e+06	3.33052e-39
3.32008e+06	8.80585e-40
3.32018e+06	2.30509e-40
3.32028e+06	5.97394e-41
3.32038e+06	1.53282e-41
3.32048e+06	3.89384e-42
3.32058e+06	9.79315e-43
3.32068e+06	2.4385e-43
3.32078e+06	6.01149e-44
3.32088e+06	1.46723e-44
3.32098e+06	3.54544e-45
3.32108e+06	8.48202e-46
3.32118e+06	2.00903e-46
3.32128e+06	4.71118e-47
3.32138e+06	1.09378e-47
3.32148e+06	2.51413e-48
3.32158e+06	5.72141e-49
3.32168e+06	1.28907e-49
3.32178e+06	2.87544e-50
3.32188e+06	6.35024e-51
3.32198e+06	1.38846e-51
3.32208e+06	3.00561e-52
3.32218e+06	6.44155e-53
3.32228e+06	1.3668e-53
3.32238e+06	2.87128e-54
3.32248e+06	5.97179e-55
3.32258e+06	1.22967e-55
3.32268e+06	2.50687e-56
3.32278e+06	5.05978e-57
3.32288e+06	1.01109e-57
3.32298e+06	2.00033e-58
3.32308e+06	3.91807e-59
3.32318e+06	7.59801e-60
3.32328e+06	1.45876e-60
3.32338e+06	2.77285e-61
3.32348e+06	5.21826e-62
3.32358e+06	9.72258e-63
3.32368e+06	1.79347e-63
3.32378e+06	3.2754e-64
3.32388e+06	5.92232e-65
3.32398e+06	1.06017e-65
3.32408e+06	1.87896e-66
3.32418e+06	3.29697e-67
3.32428e+06	5.72757e-68
3.32438e+06	9.85106e-69
3.32448e+06	1.67746e-69
3.32458e+06	2.828e-70
3.32468e+06	4.72022e-71
3.32478e+06	7.80015e-72
3.32488e+06	1.27615e-72
3.32498e+06	2.06707e-73
3.32508e+06	3.31488e-74
3.32518e+06	5.26303e-75
3.32528e+06	8.27298e-76
3.32538e+06	1.28749e-76
3.32548e+06	1.98374e-77
3.32558e+06	3.02609e-78
3.32568e+06	4.57021e-79
3.32578e+06	6.83356e-80
3.32588e+06	1.01162e-80
3.32598e+06	1.48266e-81
3.32608e+06	2.15141e-82
3.32618e+06	3.09074e-83
3.32628e+06	4.39601e-84
3.32638e+06	6.19031e-85
3.32648e+06	8.63024e-86
3.32658e+06	1.19122e-86
3.32668e+06	1.62785e-87
3.32678e+06	2.2024e-88
3.32688e+06	2.95009e-89
3.32698e+06	3.91229e-90
3.32708e+06	5.1367e-91
3.32718e+06	6.6772e-92
3.32728e+06	8.59333e-93
3.32738e+06	1.09493e-93
3.32748e+06	1.38123e-94
3.32758e+06	1.72506e-95
3.32768e+06	2.13304e-96
3.32778e+06	2.61127e-97
3.32788e+06	3.16491e-98
3.32798e+06	3.79776e-99
3.32808e+06	4.51181e-100
3.32818e+06	5.30679e-101
3.32828e+06	6.17973e-102
3.32838e+06	7.12465e-103
3.32848e+06	8.13234e-104
3.32858e+06	9.19018e-105
3.32868e+06	1.02823e-105
3.32878e+06	1.13897e-106
3.32888e+06	1.24909e-107
3.32898e+06	1.35622e-108
3.32908e+06	1.45789e-109
3.32918e+06	1.55158e-110
3.32928e+06	1.63487e-111
3.32938e+06	1.70548e-112
3.32948e+06	1.76145e-113
3.32958e+06	1.80115e-114
3.32968e+06	1.82342e-115
3.32978e+06	1.82759e-116
3.32988e+06	1.81355e-117
3.32998e+06	1.78171e-118
3.33008e+06	1.73301e-119
3.33018e+06	1.66887e-120
3.33028e+06	1.59112e-121
3.33038e+06	1.50189e-122
3.33048e+06	1.40356e-123
3.33058e+06	1.29861e-124
3.33068e+06	1.18956e-125
3.33078e+06	1.07882e-126
3.33088e+06	9.6866e-128
3.33098e+06	8.61092e-129
3.33108e+06	7.57853e-130
3.33118e+06	6.60354e-131
3.33128e+06	5.69674e-132
3.33138e+06	4.86555e-133
3.33148e+06	4.1143e-134
3.33158e+06	3.44442e-135
3.33168e+06	2.85492e-136
3.33178e+06	2.34276e-137
3.33188e+06	1.90335e-138
3.33198e+06	1.53097e-139
3.33208e+06	1.2192e-140
3.33218e+06	9.6125e-142
3.33228e+06	7.50336e-143
3.33238e+06	5.79873e-144
3.33248e+06	4.43677e-145
3.33258e+06	3.36092e-146
3.33268e+06	2.52061e-147
3.33278e+06	1.87159e-148
3.33288e+06	1.37585e-149
3.33298e+06	1.00136e-150
3.33308e+06	7.21553e-152
3.33318e+06	5.14756e-153
3.33328e+06	3.63573e-154
3.33338e+06	2.54237e-155
3.33348e+06	1.76012e-156
3.33358e+06	1.20644e-157
3.33368e+06	8.18697e-159
3.33378e+06	5.50046e-160
3.33388e+06	3.65874e-161
3.33398e+06	2.40947e-162
3.33408e+06	1.57097e-163
3.33418e+06	1.01408e-164
3.33428e+06	6.48086e-166
3.33438e+06	4.10063e-167
3.33448e+06	2.56877e-168
3.33458e+06	1.59315e-169
3.33468e+06	9.78242e-171
3.33478e+06	5.94693e-172
3.33488e+06	3.57928e-173
3.33498e+06	2.13283e-174
3.33508e+06	1.25827e-175
3.33518e+06	7.34933e-177
3.33528e+06	4.2499e-178
3.33538e+06	2.43314e-179
3.33548e+06	1.37915e-180
3.33558e+06	7.73955e-182
3.33568e+06	4.30007e-183
3.33578e+06	2.36533e-184
3.33588e+06	1.28815e-185
3.33598e+06	6.94539e-187
3.33608e+06	3.70753e-188
3.33618e+06	1.95943e-189
3.33628e+06	1.02525e-190
3.33638e+06	5.31117e-192
3.33648e+06	2.72399e-193
3.33658e+06	1.38318e-194
3.33668e+06	6.9536e-196
3.33678e+06	3.46096e-197
3.33688e+06	1.70546e-198
3.33698e+06	8.32036e-200
3.33708e+06	4.01884e-201
3.33718e+06	1.92184e-202
3.33728e+06	9.09889e-204
3.33738e+06	4.26499e-205
3.33748e+06	1.97927e-206
3.33758e+06	9.09386e-208
3.33768e+06	4.13665e-209
3.33778e+06	1.86297e-210
3.33788e+06	8.30657e-212
3.33798e+06	3.66685e-213
3.33808e+06	1.60259e-214
3.33818e+06	6.9344e-216
3.33828e+06	2.97065e-217
3.33838e+06	1.25995e-218
3.33848e+06	5.29065e-220
3.33858e+06	2.1995e-221
3.33868e+06	9.05304e-223
3.33878e+06	3.68912e-224
3.33888e+06	1.48836e-225
3.33898e+06	5.94498e-227
3.33908e+06	2.35099e-228
3.33918e+06	9.20464e-230
3.33928e+06	3.56796e-231
3.33938e+06	1.36928e-232
3.33948e+06	5.20258e-234
3.33958e+06	1.95706e-235
3.33968e+06	7.28862e-237
3.33978e+06	2.68747e-238
3.33988e+06	9.8107e-240
3.33998e+06	3.54579e-241
3.34008e+06	1.26877e-242
3.34018e+06	4.4948e-244
3.34028e+06	1.5765e-245
3.34038e+06	5.47439e-247
3.34048e+06	1.88206e-248
3.34058e+06	6.40603e-250
3.34068e+06	2.15875e-251
3.34078e+06	7.2023e-253
3.34088e+06	2.37902e-254
3.34098e+06	7.78003e-256
3.34108e+06	2.51896e-257
3.34118e+06	8.07457e-259
3.34128e+06	2.56256e-260
3.34138e+06	8.05167e-262
3.34148e+06	2.50469e-263
3.34158e+06	7.71402e-265
3.34168e+06	2.35214e-266
3.34178e+06	7.10074e-268
3.34188e+06	2.12227e-269
3.34198e+06	6.27993e-271
3.34208e+06	1.83978e-272
3.34218e+06	5.33622e-274
3.34228e+06	1.53235e-275
3.34238e+06	4.35654e-277
3.34248e+06	1.22626e-278
3.34258e+06	3.41725e-280
3.34268e+06	9.42824e-282
3.34278e+06	2.57538e-283
3.34288e+06	6.9648e-285
3.34298e+06	1.86481e-286
3.34308e+06	4.94328e-288
3.34318e+06	1.29734e-289
3.34328e+06	3.37093e-291
3.34338e+06	8.67167e-293
3.34348e+06	2.20858e-294
3.34358e+06	5.56903e-296
3.34368e+06	1.39028e-297
3.34378e+06	3.43625e-299
3.34388e+06	8.40859e-301
3.34398e+06	2.03713e-302
3.34408e+06	4.88619e-304
3.34418e+06	1.16033e-305
3.34428e+06	2.72801e-307
3.34438e+06	6.34994e-309
3.34448e+06	1.46336e-310
3.34458e+06	3.33878e-312
3.34468e+06	7.54192e-314
3.34478e+06	1.68668e-315
3.34488e+06	3.73459e-317
3.34498e+06	8.18667e-319
3.34508e+06	1.77666e-320
3.34518e+06	3.80431e-322
3.34528e+06	9.88131e-324
3.34538e+06	0
3.34548e+06	0
3.34558e+06	0
3.34568e+06	0
3.34578e+06	0
3.34588e+06	0
3.34598e+06	0
3.34608e+06	0
3.34618e+06	0
3.34628e+06	0
3.34638e+06	0
3.34648e+06	0
3.34658e+06	0
3.34668e+06	0
3.34678e+06	0
3.34688e+06	0
3.34698e+06	0
3.34708e+06	0
3.34718e+06	0
3.34728e+06	0
3.34738e+06	0
3.34748e+06	0
3.34758e+06	0
3.34768e+06	0
3.34778e+06	0
3.34788e+06	0
3.34798e+06	0
3.34808e+06	0
3.34818e+06	0
3.34828e+06	0
3.34838e+06	0
3.34848e+06	0
3.34858e+06	0
3.34868e+06	0
3.34878e+06	0
3.34888e+06	0
3.34898e+06	0
3.34908e+06	0
3.34918e+06	0
3.34928e+06	0
3.34938e+06	0
3.34948e+06	0
3.34958e+06	0
3.34968e+06	0
3.34978e+06	0
3.34988e+06	0
3.34998e+06	0
3.35008e+06	0
3.35018e+06	0
3.35028e+06	0
3.35038e+06	0
3.35048e+06	0
3.35058e+06	0
3.35068e+06	0
3.35078e+06	0
3.35088e+06	0
3.35098e+06	0
3.35108e+06	0
3.35118e+06	0
3.35128e+06	0
3.35138e+06	0
3.35148e+06	0
3.35158e+06	0
3.35168e+06	0
3.35178e+06	0
3.35188e+06	0
3.35198e+06	0
3.35208e+06	0
3.35218e+06	0
3.35228e+06	0
3.35238e+06	0
3.35248e+06	0
3.35258e+06	0
3.35268e+06	0
3.35278e+06	0
3.35288e+06	0
3.35298e+06	0
3.35308e+06	0
3.35318e+06	0
3.35328e+06	0
3.35338e+06	0
3.35348e+06	0
3.35358e+06	0
3.35368e+06	0
3.35378e+06	0
3.35388e+06	0
3.35398e+06	0
3.35408e+06	0
3.35418e+06	0
3.35428e+06	0
3.35438e+06	0
3.35448e+06	0
3.35458e+06	0
3.35468e+06	0
3.35478e+06	0
3.35488e+06	0
3.35498e+06	0
3.35508e+06	0
3.35518e+06	0
3.35528e+06	0
3.35538e+06	0
3.35548e+06	0
3.35558e+06	0
3.35568e+06	0
3.35578e+06	0
3.35588e+06	0
3.35598e+06	0
3.35608e+06	0
3.35618e+06	0
3.35628e+06	0
3.35638e+06	0
3.35648e+06	0
3.35658e+06	0
3.35668e+06	0
3.35678e+06	0
3.35688e+06	0
3.35698e+06	0
3.35708e+06	0
3.35718e+06	0
3.35728e+06	0
3.35738e+06	0
3.35748e+06	0
3.35758e+06	0
3.35768e+06	0
3.35778e+06	0
3.35788e+06	0
3.35798e+06	0
3.35808e+06	0
3.35818e+06	0
3.35828e+06	0
3.35838e+06	0
3.35848e+06	0
3.35858e+06	0
3.35868e+06	0
3.35878e+06	0
3.35888e+06	0
3.35898e+06	0
3.35908e+06	0
3.35918e+06	0
3.35928e+06	0
3.35938e+06	0
3.35948e+06	0
3.35958e+06	0
3.35968e+06	0
3.35978e+06	0
3.35988e+06	0
3.35998e+06	0
3.36008e+06	0
3.36018e+06	0
3.36028e+06	0
3.36038e+06	0
3.36048e+06	0
3.36058e+06	0
3.36068e+06	0
3.36078e+06	0
3.36088e+06	0
3.36098e+06	0
3.36108e+06	0
3.36118e+06	0
3.36128e+06	0
3.36138e+06	0
3.36148e+06	0
3.36158e+06	0
3.36168e+06	0
3.36178e+06	0
3.36188e+06	0
3.36198e+06	0
3.36208e+06	0
3.36218e+06	0
3.36228e+06	0
3.36238e+06	0
3.36248e+06	0
3.36258e+06	0
3.36268e+06	0
3.36278e+06	0
3.36288e+06	0
3.36298e+06	0
3.36308e+06	0
3.36318e+06	0
3.36328e+06	0
3.36338e+06	0
3.36348e+06	0
3.36358e+06	0
3.36368e+06	0
3.36378e+06	0
3.36388e+06	0
3.36398e+06	0
3.36408e+06	0
3.36418e+06	0
3.36428e+06	0
3.36438e+06	0
3.36448e+06	0
3.36458e+06	0
3.36468e+06	0
3.36478e+06	0
3.36488e+06	0
3.36498e+06	0
3.36508e+06	0
3.36518e+06	0
3.36528e+06	0
3.36538e+06	0
3.36548e+06	0
3.36558e+06	0
3.36568e+06	0
3.36578e+06	0
3.36588e+06	0
3.36598e+06	0
3.36608e+06	0
3.36618e+06	0
3.36628e+06	0
3.36638e+06	0
3.36648e+06	0
3.36658e+06	0
3.36668e+06	0
3.36678e+06	0
3.36688e+06	0
3.36698e+06	0
3.36708e+06	0
3.36718e+06	0
3.36728e+06	0
3.36738e+06	0
3.36748e+06	0
3.36758e+06	0
3.36768e+06	0
3.36778e+06	0
3.36788e+06	0
3.36798e+06	0
3.36808e+06	0
3.36818e+06	0
3.36828e+06	0
3.36838e+06	0
3.36848e+06	0
3.36858e+06	0
3.36868e+06	0
3.36878e+06	0
3.36888e+06	0
3.36898e+06	0
3.36908e+06	0
3.36918e+06	0
3.36928e+06	0
3.36938e+06	0
3.36948e+06	0
3.36958e+06	0
3.36968e+06	0
3.36978e+06	0
3.36988e+06	0
3.36998e+06	0
3.37008e+06	0
3.37018e+06	0
3.37028e+06	0
3.37038e+06	0
3.37048e+06	0
3.37058e+06	0
3.37068e+06	0
3.37078e+06	0
3.37088e+06	0
3.37098e+06	0
3.37108e+06	0
3.37118e+06	0
3.37128e+06	0
3.37138e+06	0
3.37148e+06	0
3.37158e+06	0
3.37168e+06	0
3.37178e+06	0
3.37188e+06	0
3.37198e+06	0
3.37208e+06	0
3.37218e+06	0
3.37228e+06	0
3.37238e+06	0
3.37248e+06	0
3.37258e+06	0
3.37268e+06	0
3.37278e+06	0
3.37288e+06	0
3.37298e+06	0
3.37308e+06	0
3.37318e+06	0
3.37328e+06	0
3.37338e+06	0
3.37348e+06	0
3.37358e+06	0
3.37368e+06	0
3.37378e+06	0
3.37388e+06	0
3.37398e+06	0
3.37408e+06	0
3.37418e+06	0
3.37428e+06	0
3.37438e+06	0
3.37448e+06	0
3.37458e+06	0
3.37468e+06	0
3.37478e+06	0
3.37488e+06	0
3.37498e+06	0
3.37508e+06	0
3.37518e+06	0
3.37528e+06	0
3.37538e+06	0
3.37548e+06	0
3.37558e+06	0
3.37568e+06	0
3.37578e+06	0
3.37588e+06	0
3.37598e+06	0
3.37608e+06	0
3.37618e+06	0
3.37628e+06	0
3.37638e+06	0
3.37648e+06	0
3.37658e+06	0
3.37668e+06	0
3.37678e+06	0
3.37688e+06	0
3.37698e+06	0
3.37708e+06	0
3.37718e+06	0
3.37728e+06	0
3.37738e+06	0
3.37748e+06	0
3.37758e+06	0
3.37768e+06	0
3.37778e+06	0
3.37788e+06	0
3.37798e+06	0
3.37808e+06	0
3.37818e+06	0
3.37828e+06	0
3.37838e+06	0
3.37848e+06	0
3.37858e+06	0
3.37868e+06	0
3.37878e+06	0
3.37888e+06	0
3.37898e+06	0
3.37908e+06	0
3.37918e+06	0
3.37928e+06	0
3.37938e+06	0
3.37948e+06	0
3.37958e+06	0
3.37968e+06	0
3.37978e+06	0
3.37988e+06	0
3.37998e+06	0
3.38008e+06	0
3.38018e+06	0
3.38028e+06	0
3.38038e+06	0
3.38048e+06	0
3.38058e+06	0
3.38068e+06	0
3.38078e+06	0
3.38088e+06	0
3.38098e+06	0
3.38108e+06	0
3.38118e+06	0
3.38128e+06	0
3.38138e+06	0
3.38148e+06	0
3.38158e+06	0
3.38168e+06	0
3.38178e+06	0
3.38188e+06	0
3.38198e+06	0
3.38208e+06	0
3.38218e+06	0
3.38228e+06	0
3.38238e+06	0
3.38248e+06	0
3.38258e+06	0
3.38268e+06	0
3.38278e+06	0
3.38288e+06	0
3.38298e+06	0
3.38308e+06	0
3.38318e+06	0
3.38328e+06	0
3.38338e+06	0
3.38348e+06	0
3.38358e+06	0
3.38368e+06	0
3.38378e+06	0
3.38388e+06	0
3.38398e+06	0
3.38408e+06	0
3.38418e+06	0
3.38428e+06	0
3.38438e+06	0
3.38448e+06	0
3.38458e+06	0
3.38468e+06	0
3.38478e+06	0
3.38488e+06	0
3.38498e+06	0
3.38508e+06	0
3.38518e+06	0
3.38528e+06	0
3.38538e+06	0
3.38548e+06	0
3.38558e+06	0
3.38568e+06	0
3.38578e+06	0
3.38588e+06	0
3.38598e+06	0
3.38608e+06	0
3.38618e+06	0
3.38628e+06	0
3.38638e+06	0
3.38648e+06	0
3.38658e+06	0
3.38668e+06	0
3.38678e+06	0
3.38688e+06	0
3.38698e+06	0
3.38708e+06	0
3.38718e+06	0
3.38728e+06	0
3.38738e+06	0
3.38748e+06	0
3.38758e+06	0
3.38768e+06	0
3.38778e+06	0
3.38788e+06	0
3.38798e+06	0
3.38808e+06	0
3.38818e+06	0
3.38828e+06	0
3.38838e+06	0
3.38848e+06	0
3.38858e+06	0
3.38868e+06	0
3.38878e+06	0
3.38888e+06	0
3.38898e+06	0
3.38908e+06	0
3.38918e+06	0
3.38928e+06	0
3.38938e+06	0
3.38948e+06	0
3.38958e+06	0
3.38968e+06	0
3.38978e+06	0
3.38988e+06	0
3.38998e+06	0
3.39008e+06	0
3.39018e+06	0
3.39028e+06	0
3.39038e+06	0
3.39048e+06	0
3.39058e+06	0
3.39068e+06	0
3.39078e+06	0
3.39088e+06	0
3.39098e+06	0
3.39108e+06	0
3.39118e+06	0
3.39128e+06	0
3.39138e+06	0
3.39148e+06	0
3.39158e+06	0
3.39168e+06	0
3.39178e+06	0
3.39188e+06	0
3.39198e+06	0
3.39208e+06	0
3.39218e+06	0
3.39228e+06	0
3.39238e+06	0
3.39248e+06	0
3.39258e+06	0
3.39268e+06	0
3.39278e+06	0
3.39288e+06	0
3.39298e+06	0
3.39308e+06	0
3.39318e+06	0
3.39328e+06	0
3.39338e+06	0
3.39348e+06	0
3.39358e+06	0
3.39368e+06	0
3.39378e+06	0
3.39388e+06	0
3.39398e+06	0
3.39408e+06	0
3.39418e+06	0
3.39428e+06	0
3.39438e+06	0
3.39448e+06	0
3.39458e+06	0
3.39468e+06	0
3.39478e+06	0
3.39488e+06	0
3.39498e+06	0
3.39508e+06	0
3.39518e+06	0
3.39528e+06	0
3.39538e+06	0
3.39548e+06	0
3.39558e+06	0
3.39568e+06	0
3.39578e+06	0
3.39588e+06	0
3.39598e+06	0
3.39608e+06	0
3.39618e+06	0
3.39628e+06	0
3.39638e+06	0
3.39648e+06	0
3.39658e+06	0
3.39668e+06	0
3.39678e+06	0
3.39688e+06	0
3.39698e+06	0
3.39708e+06	0
3.39718e+06	0
3.39728e+06	0
3.39738e+06	0
3.39748e+06	0
3.39758e+06	0
3.39768e+06	0
3.39778e+06	0
3.39788e+06	0
3.39798e+06	0
3.39808e+06	0
3.39818e+06	0
3.39828e+06	0
3.39838e+06	0
3.39848e+06	0
3.39858e+06	0
3.39868e+06	0
3.39878e+06	0
3.39888e+06	0
3.39898e+06	0
3.39908e+06	0
3.39918e+06	0
3.39928e+06	0
3.39938e+06	0
3.39948e+06	0
3.39958e+06	0
3.39968e+06	0
3.39978e+06	0
3.39988e+06	0
3.39998e+06	0
3.40008e+06	0
3.40018e+06	0
3.40028e+06	0
3.40038e+06	0
3.40048e+06	0
3.40058e+06	0
3.40068e+06	0
3.40078e+06	0
3.40088e+06	0
3.40098e+06	0
3.40108e+06	0
3.40118e+06	0
3.40128e+06	0
3.40138e+06	0
3.40148e+06	0
3.40158e+06	0
3.40168e+06	0
3.40178e+06	0
3.40188e+06	0
3.40198e+06	0
3.40208e+06	0
3.40218e+06	0
3.40228e+06	0
3.40238e+06	0
3.40248e+06	0
3.40258e+06	0
3.40268e+06	0
3.40278e+06	0
3.40288e+06	0
3.40298e+06	0
3.40308e+06	0
3.40318e+06	0
3.40328e+06	0
3.40338e+06	0
3.40348e+06	0
3.40358e+06	0
3.40368e+06	0
3.40378e+06	0
3.40388e+06	0
3.40398e+06	0
3.40408e+06	0
3.40418e+06	0
3.40428e+06	0
3.40438e+06	0
3.40448e+06	0
3.40458e+06	0
3.40468e+06	0
3.40478e+06	0
3.40488e+06	0
3.40498e+06	0
3.40508e+06	0
3.40518e+06	0
3.40528e+06	0
3.40538e+06	0
3.40548e+06	0
3.40558e+06	0
3.40568e+06	0
3.40578e+06	0
3.40588e+06	0
3.40598e+06	0
3.40608e+06	0
3.40618e+06	0
3.40628e+06	0
3.40638e+06	0
3.40648e+06	0
3.40658e+06	0
3.40668e+06	0
3.40678e+06	0
3.40688e+06	0
3.40698e+06	0
3.40708e+06	0
3.40718e+06	0
3.40728e+06	0
3.40738e+06	0
3.40748e+06	0
3.40758e+06	0
3.40768e+06	0
3.40778e+06	0
3.40788e+06	0
3.40798e+06	0
3.40808e+06	0
3.40818e+06	0
3.40828e+06	0
3.40838e+06	0
3.40848e+06	0
3.40858e+06	0
3.40868e+06	0
3.40878e+06	0
3.40888e+06	0
3.40898e+06	0
3.40908e+06	0
3.40918e+06	0
3.40928e+06	0
3.40938e+06	0
3.40948e+06	0
3.40958e+06	0
3.40968e+06	0
3.40978e+06	0
3.40988e+06	0
3.40998e+06	0
3.41008e+06	0
3.41018e+06	0
3.41028e+06	0
3.41038e+06	0
3.41048e+06	0
3.41058e+06	0
3.41068e+06	0
3.41078e+06	0
3.41088e+06	0
3.41098e+06	0
3.41108e+06	0
3.41118e+06	0
3.41128e+06	0
3.41138e+06	0
3.41148e+06	0
3.41158e+06	0
3.41168e+06	0
3.41178e+06	0
3.41188e+06	0
3.41198e+06	0
3.41208e+06	0
3.41218e+06	0
3.41228e+06	0
3.41238e+06	0
3.41248e+06	0
3.41258e+06	0
3.41268e+06	0
3.41278e+06	0
3.41288e+06	0
3.41298e+06	0
3.41308e+06	0
3.41318e+06	0
3.41328e+06	0
3.41338e+06	0
3.41348e+06	0
3.41358e+06	0
3.41368e+06	0
3.41378e+06	0
3.41388e+06	0
3.41398e+06	0
3.41408e+06	0
3.41418e+06	0
3.41428e+06	0
3.41438e+06	0
3.41448e+06	0
3.41458e+06	0
3.41468e+06	0
3.41478e+06	0
3.41488e+06	0
3.41498e+06	0
3.41508e+06	0
3.41518e+06	0
3.41528e+06	0
3.41538e+06	0
3.41548e+06	0
3.41558e+06	0
3.41568e+06	0
3.41578e+06	0
3.41588e+06	0
3.41598e+06	0
3.41608e+06	0
3.41618e+06	0
3.41628e+06	0
3.41638e+06	0
3.41648e+06	0
3.41658e+06	0
3.41668e+06	0
3.41678e+06	0
3.41688e+06	0
3.41698e+06	0
3.41708e+06	0
3.41718e+06	0
3.41728e+06	0
3.41738e+06	0
3.41748e+06	0
3.41758e+06	0
3.41768e+06	0
3.41778e+06	0
3.41788e+06	0
3.41798e+06	0
3.41808e+06	0
3.41818e+06	0
3.41828e+06	0
3.41838e+06	0
3.41848e+06	0
3.41858e+06	0
3.41868e+06	0
3.41878e+06	0
3.41888e+06	0
3.41898e+06	0
3.41908e+06	0
3.41918e+06	0
3.41928e+06	0
3.41938e+06	0
3.41948e+06	0
3.41958e+06	0
3.41968e+06	0
3.41978e+06	0
3.41988e+06	0
3.41998e+06	0
3.42008e+06	0
3.42018e+06	0
3.42028e+06	0
3.42038e+06	0
3.42048e+06	0
3.42058e+06	0
3.42068e+06	0
3.42078e+06	0
3.42088e+06	0
3.42098e+06	0
3.42108e+06	0
3.42118e+06	0
3.42128e+06	0
3.42138e+06	0
3.42148e+06	0
3.42158e+06	0
3.42168e+06	0
3.42178e+06	0
3.42188e+06	0
3.42198e+06	0
3.42208e+06	0
3.42218e+06	0
3.42228e+06	0
3.42238e+06	0
3.42248e+06	0
3.42258e+06	0
3.42268e+06	0
3.42278e+06	0
3.42288e+06	0
3.42298e+06	0
3.42308e+06	0
3.42318e+06	0
3.42328e+06	0
3.42338e+06	0
3.42348e+06	0
3.42358e+06	0
3.42368e+06	0
3.42378e+06	0
3.42388e+06	0
3.42398e+06	0
3.42408e+06	0
3.42418e+06	0
3.42428e+06	0
3.42438e+06	0
3.42448e+06	0
3.42458e+06	0
3.42468e+06	0
3.42478e+06	0
3.42488e+06	0
3.42498e+06	0
3.42508e+06	0
3.42518e+06	0
3.42528e+06	0
3.42538e+06	0
3.42548e+06	0
3.42558e+06	0
3.42568e+06	0
3.42578e+06	0
3.42588e+06	0
3.42598e+06	0
3.42608e+06	0
3.42618e+06	0
3.42628e+06	0
3.42638e+06	0
3.42648e+06	0
3.42658e+06	0
3.42668e+06	0
3.42678e+06	0
3.42688e+06	0
3.42698e+06	0
3.42708e+06	0
3.42718e+06	0
3.42728e+06	0
3.42738e+06	0
3.42748e+06	0
3.42758e+06	0
3.42768e+06	0
3.42778e+06	0
3.42788e+06	0
3.42798e+06	0
3.42808e+06	0
3.42818e+06	0
3.42828e+06	0
3.42838e+06	0
3.42848e+06	0
3.42858e+06	0
3.42868e+06	0
3.42878e+06	0
3.42888e+06	0
3.42898e+06	0
3.42908e+06	0
3.42918e+06	0
3.42928e+06	0
3.42938e+06	0
3.42948e+06	0
3.42958e+06	0
3.42968e+06	0
3.42978e+06	0
3.42988e+06	0
3.42998e+06	0
3.43008e+06	0
3.43018e+06	0
3.43028e+06	0
3.43038e+06	0
3.43048e+06	0
3.43058e+06	0
3.43068e+06	0
3.43078e+06	0
3.43088e+06	0
3.43098e+06	0
3.43108e+06	0
3.43118e+06	0
3.43128e+06	0
3.43138e+06	0
3.43148e+06	0
3.43158e+06	0
3.43168e+06	0
3.43178e+06	0
3.43188e+06	0
3.43198e+06	0
3.43208e+06	0
3.43218e+06	0
3.43228e+06	0
3.43238e+06	0
3.43248e+06	0
3.43258e+06	0
3.43268e+06	0
3.43278e+06	0
3.43288e+06	0
3.43298e+06	0
3.43308e+06	0
3.43318e+06	0
3.43328e+06	0
3.43338e+06	0
3.43348e+06	0
3.43358e+06	0
3.43368e+06	0
3.43378e+06	0
3.43388e+06	0
3.43398e+06	0
3.43408e+06	0
3.43418e+06	0
3.43428e+06	0
3.43438e+06	0
3.43448e+06	0
3.43458e+06	0
3.43468e+06	0
3.43478e+06	0
3.43488e+06	0
3.43498e+06	0
3.43508e+06	0
3.43518e+06	0
3.43528e+06	0
3.43538e+06	0
3.43548e+06	0
3.43558e+06	0
3.43568e+06	0
3.43578e+06	0
3.43588e+06	0
3.43598e+06	0
3.43608e+06	0
3.43618e+06	0
3.43628e+06	0
3.43638e+06	0
3.43648e+06	0
3.43658e+06	0
3.43668e+06	0
3.43678e+06	0
3.43688e+06	0
3.43698e+06	0
3.43708e+06	0
3.43718e+06	0
3.43728e+06	0
3.43738e+06	0
3.43748e+06	0
3.43758e+06	0
3.43768e+06	0
3.43778e+06	0
3.43788e+06	0
3.43798e+06	0
3.43808e+06	0
3.43818e+06	0
3.43828e+06	0
3.43838e+06	0
3.43848e+06	0
3.43858e+06	0
3.43868e+06	0
3.43878e+06	0
3.43888e+06	0
3.43898e+06	0
3.43908e+06	0
3.43918e+06	0
3.43928e+06	0
3.43938e+06	0
3.43948e+06	0
3.43958e+06	0
3.43968e+06	0
3.43978e+06	0
3.43988e+06	0
3.43998e+06	0
3.44008e+06	0
3.44018e+06	0
3.44028e+06	0
3.44038e+06	0
3.44048e+06	0
3.44058e+06	0
3.44068e+06	0
3.44078e+06	0
3.44088e+06	0
3.44098e+06	0
3.44108e+06	0
3.44118e+06	0
3.44128e+06	0
3.44138e+06	0
3.44148e+06	0
3.44158e+06	0
3.44168e+06	0
3.44178e+06	0
3.44188e+06	0
3.44198e+06	0
3.44208e+06	0
3.44218e+06	0
3.44228e+06	0
3.44238e+06	0
3.44248e+06	0
3.44258e+06	0
3.44268e+06	0
3.44278e+06	0
3.44288e+06	0
3.44298e+06	0
3.44308e+06	0
3.44318e+06	0
3.44328e+06	0
3.44338e+06	0
3.44348e+06	0
3.44358e+06	0
3.44368e+06	0
3.44378e+06	0
3.44388e+06	0
3.44398e+06	0
3.44408e+06	0
3.44418e+06	0
3.44428e+06	0
3.44438e+06	0
3.44448e+06	0
3.44458e+06	0
3.44468e+06	0
3.44478e+06	0
3.44488e+06	0
3.44498e+06	0
3.44508e+06	0
3.44518e+06	0
3.44528e+06	0
3.44538e+06	0
3.44548e+06	0
3.44558e+06	0
3.44568e+06	0
3.44578e+06	0
3.44588e+06	0
3.44598e+06	0
3.44608e+06	0
3.44618e+06	0
3.44628e+06	0
3.44638e+06	0
3.44648e+06	0
3.44658e+06	0
3.44668e+06	0
3.44678e+06	0
3.44688e+06	0
3.44698e+06	0
3.44708e+06	0
3.44718e+06	0
3.44728e+06	0
3.44738e+06	0
3.44748e+06	0
3.44758e+06	0
3.44768e+06	0
3.44778e+06	0
3.44788e+06	0
3.44798e+06	0
3.44808e+06	0
3.44818e+06	0
3.44828e+06	0
3.44838e+06	0
3.44848e+06	0
3.44858e+06	0
3.44868e+06	0
3.44878e+06	0
3.44888e+06	0
3.44898e+06	0
3.44908e+06	0
3.44918e+06	0
3.44928e+06	0
3.44938e+06	0
3.44948e+06	0
3.44958e+06	0
3.44968e+06	0
3.44978e+06	0
3.44988e+06	0
3.44998e+06	0
3.45008e+06	0
3.45018e+06	0
3.45028e+06	0
3.45038e+06	0
3.45048e+06	0
3.45058e+06	0
3.45068e+06	0
3.45078e+06	0
3.45088e+06	0
3.45098e+06	0
3.45108e+06	0
3.45118e+06	0
3.45128e+06	0
3.45138e+06	0
3.45148e+06	0
3.45158e+06	0
3.45168e+06	0
3.45178e+06	0
3.45188e+06	0
3.45198e+06	0
3.45208e+06	0
3.45218e+06	0
3.45228e+06	0
3.45238e+06	0
3.45248e+06	0
3.45258e+06	0
3.45268e+06	0
3.45278e+06	0
3.45288e+06	0
3.45298e+06	0
3.45308e+06	0
3.45318e+06	0
3.45328e+06	0
3.45338e+06	0
3.45348e+06	0
3.45358e+06	0
3.45368e+06	0
3.45378e+06	0
3.45388e+06	0
3.45398e+06	0
3.45408e+06	0
3.45418e+06	0
3.45428e+06	0
3.45438e+06	0
3.45448e+06	0
3.45458e+06	0
3.45468e+06	0
3.45478e+06	0
3.45488e+06	0
3.45498e+06	0
3.45508e+06	0
3.45518e+06	0
3.45528e+06	0
3.45538e+06	0
3.45548e+06	0
3.45558e+06	0
3.45568e+06	0
3.45578e+06	0
3.45588e+06	0
3.45598e+06	0
3.45608e+06	0
3.45618e+06	0
3.45628e+06	0
3.45638e+06	0
3.45648e+06	0
3.45658e+06	0
3.45668e+06	0
3.45678e+06	0
3.45688e+06	0
3.45698e+06	0
3.45708e+06	0
3.45718e+06	0
3.45728e+06	0
3.45738e+06	0
3.45748e+06	0
3.45758e+06	0
3.45768e+06	0
3.45778e+06	0
3.45788e+06	0
3.45798e+06	0
3.45808e+06	0
3.45818e+06	0
3.45828e+06	0
3.45838e+06	0
3.45848e+06	0
3.45858e+06	0
3.45868e+06	0
3.45878e+06	0
3.45888e+06	0
3.45898e+06	0
3.45908e+06	0
3.45918e+06	0
3.45928e+06	0
3.45938e+06	0
3.45948e+06	0
3.45958e+06	0
3.45968e+06	0
3.45978e+06	0
3.45988e+06	0
3.45998e+06	0
3.46008e+06	0
3.46018e+06	0
3.46028e+06	0
3.46038e+06	0
3.46048e+06	0
3.46058e+06	0
3.46068e+06	0
3.46078e+06	0
3.46088e+06	0
3.46098e+06	0
3.46108e+06	0
3.46118e+06	0
3.46128e+06	0
3.46138e+06	0
3.46148e+06	0
3.46158e+06	0
3.46168e+06	0
3.46178e+06	0
3.46188e+06	0
3.46198e+06	0
3.46208e+06	0
3.46218e+06	0
3.46228e+06	0
3.46238e+06	0
3.46248e+06	0
3.46258e+06	0
3.46268e+06	0
3.46278e+06	0
3.46288e+06	0
3.46298e+06	0
3.46308e+06	0
3.46318e+06	0
3.46328e+06	0
3.46338e+06	0
3.46348e+06	0
3.46358e+06	0
3.46368e+06	0
3.46378e+06	0
3.46388e+06	0
3.46398e+06	0
3.46408e+06	0
3.46418e+06	0
3.46428e+06	0
3.46438e+06	0
3.46448e+06	0
3.46458e+06	0
3.46468e+06	0
3.46478e+06	0
3.46488e+06	0
3.46498e+06	0
3.46508e+06	0
3.46518e+06	0
3.46528e+06	0
3.46538e+06	0
3.46548e+06	0
3.46558e+06	0
3.46568e+06	0
3.46578e+06	0
3.46588e+06	0
3.46598e+06	0
3.46608e+06	0
3.46618e+06	0
3.46628e+06	0
3.46638e+06	0
3.46648e+06	0
3.46658e+06	0
3.46668e+06	0
3.46678e+06	0
3.46688e+06	0
3.46698e+06	0
3.46708e+06	0
3.46718e+06	0
3.46728e+06	0
3.46738e+06	0
3.46748e+06	0
3.46758e+06	0
3.46768e+06	0
3.46778e+06	0
3.46788e+06	0
3.46798e+06	0
3.46808e+06	0
3.46818e+06	0
3.46828e+06	0
3.46838e+06	0
3.46848e+06	0
3.46858e+06	0
3.46868e+06	0
3.46878e+06	0
3.46888e+06	0
3.46898e+06	0
3.46908e+06	0
3.46918e+06	0
3.46928e+06	0
3.46938e+06	0
3.46948e+06	0
3.46958e+06	0
3.46968e+06	0
3.46978e+06	0
3.46988e+06	0
3.46998e+06	0
3.47008e+06	0
3.47018e+06	0
3.47028e+06	0
3.47038e+06	0
3.47048e+06	0
3.47058e+06	0
3.47068e+06	0
3.47078e+06	0
3.47088e+06	0
3.47098e+06	0
3.47108e+06	0
3.47118e+06	0
3.47128e+06	0
3.47138e+06	0
3.47148e+06	0
3.47158e+06	0
3.47168e+06	0
3.47178e+06	0
3.47188e+06	0
3.47198e+06	0
3.47208e+06	0
3.47218e+06	0
3.47228e+06	0
3.47238e+06	0
3.47248e+06	0
3.47258e+06	0
3.47268e+06	0
3.47278e+06	0
3.47288e+06	0
3.47298e+06	0
3.47308e+06	0
3.47318e+06	0
3.47328e+06	0
3.47338e+06	0
3.47348e+06	0
3.47358e+06	0
3.47368e+06	0
3.47378e+06	0
3.47388e+06	0
3.47398e+06	0
3.47408e+06	0
3.47418e+06	0
3.47428e+06	0
3.47438e+06	0
3.47448e+06	0
3.47458e+06	0
3.47468e+06	0
3.47478e+06	0
3.47488e+06	0
3.47498e+06	0
3.47508e+06	0
3.47518e+06	0
3.47528e+06	0
3.47538e+06	0
3.47548e+06	0
3.47558e+06	0
3.47568e+06	0
3.47578e+06	0
3.47588e+06	0
3.47598e+06	0
3.47608e+06	0
3.47618e+06	0
3.47628e+06	0
3.47638e+06	0
3.47648e+06	0
3.47658e+06	0
3.47668e+06	0
3.47678e+06	0
3.47688e+06	0
3.47698e+06	0
3.47708e+06	0
3.47718e+06	0
3.47728e+06	0
3.47738e+06	0
3.47748e+06	0
3.47758e+06	0
3.47768e+06	0
3.47778e+06	0
3.47788e+06	0
3.47798e+06	0
3.47808e+06	0
3.47818e+06	0
3.47828e+06	0
3.47838e+06	0
3.47848e+06	0
3.47858e+06	0
3.47868e+06	0
3.47878e+06	0
3.47888e+06	0
3.47898e+06	0
3.47908e+06	0
3.47918e+06	0
3.47928e+06	0
3.47938e+06	0
3.47948e+06	0
3.47958e+06	0
3.47968e+06	0
3.47978e+06	0
3.47988e+06	0
3.47998e+06	0
3.48008e+06	0
3.48018e+06	0
3.48028e+06	0
3.48038e+06	0
3.48048e+06	0
3.48058e+06	0
3.48068e+06	0
3.48078e+06	0
3.48088e+06	0
3.48098e+06	0
3.48108e+06	0
3.48118e+06	0
3.48128e+06	0
3.48138e+06	0
3.48148e+06	0
3.48158e+06	0
3.48168e+06	0
3.48178e+06	0
3.48188e+06	0
3.48198e+06	0
3.48208e+06	0
3.48218e+06	0
3.48228e+06	0
3.48238e+06	0
3.48248e+06	0
3.48258e+06	0
3.48268e+06	0
3.48278e+06	0
3.48288e+06	0
3.48298e+06	0
3.48308e+06	0
3.48318e+06	0
3.48328e+06	0
3.48338e+06	0
3.48348e+06	0
3.48358e+06	0
3.48368e+06	0
3.48378e+06	0
3.48388e+06	0
3.48398e+06	0
3.48408e+06	0
3.48418e+06	0
3.48428e+06	0
3.48438e+06	0
3.48448e+06	0
3.48458e+06	0
3.48468e+06	0
3.48478e+06	0
3.48488e+06	0
3.48498e+06	0
3.48508e+06	0
3.48518e+06	0
3.48528e+06	0
3.48538e+06	0
3.48548e+06	0
3.48558e+06	0
3.48568e+06	0
3.48578e+06	0
3.48588e+06	0
3.48598e+06	0
3.48608e+06	0
3.48618e+06	0
3.48628e+06	0
3.48638e+06	0
3.48648e+06	0
3.48658e+06	0
3.48668e+06	0
3.48678e+06	0
3.48688e+06	0
3.48698e+06	0
3.48708e+06	0
3.48718e+06	0
3.48728e+06	0
3.48738e+06	0
3.48748e+06	0
3.48758e+06	0
3.48768e+06	0
3.48778e+06	0
3.48788e+06	0
3.48798e+06	0
3.48808e+06	0
3.48818e+06	0
3.48828e+06	0
3.48838e+06	0
3.48848e+06	0
3.48858e+06	0
3.48868e+06	0
3.48878e+06	0
3.48888e+06	0
3.48898e+06	0
3.48908e+06	0
3.48918e+06	0
3.48928e+06	0
3.48938e+06	0
3.48948e+06	0
3.48958e+06	0
3.48968e+06	0
3.48978e+06	0
3.48988e+06	0
3.48998e+06	0
3.49008e+06	0
3.49018e+06	0
3.49028e+06	0
3.49038e+06	0
3.49048e+06	0
3.49058e+06	0
3.49068e+06	0
3.49078e+06	0
3.49088e+06	0
3.49098e+06	0
3.49108e+06	0
3.49118e+06	0
3.49128e+06	0
3.49138e+06	0
3.49148e+06	0
3.49158e+06	0
3.49168e+06	0
3.49178e+06	0
3.49188e+06	0
3.49198e+06	0
3.49208e+06	0
3.49218e+06	0
3.49228e+06	0
3.49238e+06	0
3.49248e+06	0
3.49258e+06	0
3.49268e+06	0
3.49278e+06	0
3.49288e+06	0
3.49298e+06	0
3.49308e+06	0
3.49318e+06	0
3.49328e+06	0
3.49338e+06	0
3.49348e+06	0
3.49358e+06	0
3.49368e+06	0
3.49378e+06	0
3.49388e+06	0
3.49398e+06	0
3.49408e+06	0
3.49418e+06	0
3.49428e+06	0
3.49438e+06	0
3.49448e+06	0
3.49458e+06	0
3.49468e+06	0
3.49478e+06	0
3.49488e+06	0
3.49498e+06	0
3.49508e+06	0
3.49518e+06	0
3.49528e+06	0
3.49538e+06	0
3.49548e+06	0
3.49558e+06	0
3.49568e+06	0
3.49578e+06	0
3.49588e+06	0
3.49598e+06	0
3.49608e+06	0
3.49618e+06	0
3.49628e+06	0
3.49638e+06	0
3.49648e+06	0
3.49658e+06	0
3.49668e+06	0
3.49678e+06	0
3.49688e+06	0
3.49698e+06	0
3.49708e+06	0
3.49718e+06	0
3.49728e+06	0
3.49738e+06	0
3.49748e+06	0
3.49758e+06	0
3.49768e+06	0
3.49778e+06	0
3.49788e+06	0
3.49798e+06	0
3.49808e+06	0
3.49818e+06	0
3.49828e+06	0
3.49838e+06	0
3.49848e+06	0
3.49858e+06	0
3.49868e+06	0
3.49878e+06	0
3.49888e+06	0
3.49898e+06	0
3.49908e+06	0
3.49918e+06	0
3.49928e+06	0
3.49938e+06	0
3.49948e+06	0
3.49958e+06	0
3.49968e+06	0
3.49978e+06	0
3.49988e+06	0
3.49998e+06	0
3.50008e+06	0
3.50018e+06	0
3.50028e+06	0
3.50038e+06	0
3.50048e+06	0
3.50058e+06	0
3.50068e+06	0
3.50078e+06	0
3.50088e+06	0
3.50098e+06	0
3.50108e+06	0
3.50118e+06	0
3.50128e+06	0
3.50138e+06	0
3.50148e+06	0
3.50158e+06	0
3.50168e+06	0
3.50178e+06	0
3.50188e+06	0
3.50198e+06	0
3.50208e+06	0
3.50218e+06	0
3.50228e+06	0
3.50238e+06	0
3.50248e+06	0
3.50258e+06	0
3.50268e+06	0
3.50278e+06	0
3.50288e+06	0
3.50298e+06	0
3.50308e+06	0
3.50318e+06	0
3.50328e+06	0
3.50338e+06	0
3.50348e+06	0
3.50358e+06	0
3.50368e+06	0
3.50378e+06	0
3.50388e+06	0
3.50398e+06	0
3.50408e+06	0
3.50418e+06	0
3.50428e+06	0
3.50438e+06	0
3.50448e+06	0
3.50458e+06	0
3.50468e+06	0
3.50478e+06	0
3.50488e+06	0
3.50498e+06	0
3.50508e+06	0
3.50518e+06	0
3.50528e+06	0
3.50538e+06	0
3.50548e+06	0
3.50558e+06	0
3.50568e+06	0
3.50578e+06	0
3.50588e+06	0
3.50598e+06	0
3.50608e+06	0
3.50618e+06	0
3.50628e+06	0
3.50638e+06	0
3.50648e+06	0
3.50658e+06	0
3.50668e+06	0
3.50678e+06	0
3.50688e+06	0
3.50698e+06	0
3.50708e+06	0
3.50718e+06	0
3.50728e+06	0
3.50738e+06	0
3.50748e+06	0
3.50758e+06	0
3.50768e+06	0
3.50778e+06	0
3.50788e+06	0
3.50798e+06	0
3.50808e+06	0
3.50818e+06	0
3.50828e+06	0
3.50838e+06	0
3.50848e+06	0
3.50858e+06	0
3.50868e+06	0
3.50878e+06	0
3.50888e+06	0
3.50898e+06	0
3.50908e+06	0
3.50918e+06	0
3.50928e+06	0
3.50938e+06	0
3.50948e+06	0
3.50958e+06	0
3.50968e+06	0
3.50978e+06	0
3.50988e+06	0
3.50998e+06	0
3.51008e+06	0
3.51018e+06	0
3.51028e+06	0
3.51038e+06	0
3.51048e+06	0
3.51058e+06	0
3.51068e+06	0
3.51078e+06	0
3.51088e+06	0
3.51098e+06	0
3.51108e+06	0
3.51118e+06	0
3.51128e+06	0
3.51138e+06	0
3.51148e+06	0
3.51158e+06	0
3.51168e+06	0
3.51178e+06	0
3.51188e+06	0
3.51198e+06	0
3.51208e+06	0
3.51218e+06	0
3.51228e+06	0
3.51238e+06	0
3.51248e+06	0
3.51258e+06	0
3.51268e+06	0
3.51278e+06	0
3.51288e+06	0
3.51298e+06	0
3.51308e+06	0
3.51318e+06	0
3.51328e+06	0
3.51338e+06	0
3.51348e+06	0
3.51358e+06	0
3.51368e+06	0
3.51378e+06	0
3.51388e+06	0
3.51398e+06	0
3.51408e+06	0
3.51418e+06	0
3.51428e+06	0
3.51438e+06	0
3.51448e+06	0
3.51458e+06	0
3.51468e+06	0
3.51478e+06	0
3.51488e+06	0
3.51498e+06	0
3.51508e+06	0
3.51518e+06	0
3.51528e+06	0
3.51538e+06	0
3.51548e+06	0
3.51558e+06	0
3.51568e+06	0
3.51578e+06	0
3.51588e+06	0
3.51598e+06	0
3.51608e+06	0
3.51618e+06	0
3.51628e+06	0
3.51638e+06	0
3.51648e+06	0
3.51658e+06	0
3.51668e+06	0
3.51678e+06	0
3.51688e+06	0
3.51698e+06	0
3.51708e+06	0
3.51718e+06	0
3.51728e+06	0
3.51738e+06	0
3.51748e+06	0
3.51758e+06	0
3.51768e+06	0
3.51778e+06	0
3.51788e+06	0
3.51798e+06	0
3.51808e+06	0
3.51818e+06	0
3.51828e+06	0
3.51838e+06	0
3.51848e+06	0
3.51858e+06	0
3.51868e+06	0
3.51878e+06	0
3.51888e+06	0
3.51898e+06	0
3.51908e+06	0
3.51918e+06	0
3.51928e+06	0
3.51938e+06	0
3.51948e+06	0
3.51958e+06	0
3.51968e+06	0
3.51978e+06	0
3.51988e+06	0
3.51998e+06	0
3.52008e+06	0
3.52018e+06	0
3.52028e+06	0
3.52038e+06	0
3.52048e+06	0
3.52058e+06	0
3.52068e+06	0
3.52078e+06	0
3.52088e+06	0
3.52098e+06	0
3.52108e+06	0
3.52118e+06	0
3.52128e+06	0
3.52138e+06	0
3.52148e+06	0
3.52158e+06	0
3.52168e+06	0
3.52178e+06	0
3.52188e+06	0
3.52198e+06	0
3.52208e+06	0
3.52218e+06	0
3.52228e+06	0
3.52238e+06	0
3.52248e+06	0
3.52258e+06	0
3.52268e+06	0
3.52278e+06	0
3.52288e+06	0
3.52298e+06	0
3.52308e+06	0
3.52318e+06	0
3.52328e+06	0
3.52338e+06	0
3.52348e+06	0
3.52358e+06	0
3.52368e+06	0
3.52378e+06	0
3.52388e+06	0
3.52398e+06	0
3.52408e+06	0
3.52418e+06	0
3.52428e+06	0
3.52438e+06	0
3.52448e+06	0
3.52458e+06	0
3.52468e+06	0
3.52478e+06	0
3.52488e+06	0
3.52498e+06	0
3.52508e+06	0
3.52518e+06	0
3.52528e+06	0
3.52538e+06	0
3.52548e+06	0
3.52558e+06	0
3.52568e+06	0
3.52578e+06	0
3.52588e+06	0
3.52598e+06	0
3.52608e+06	0
3.52618e+06	0
3.52628e+06	0
3.52638e+06	0
3.52648e+06	0
3.52658e+06	0
3.52668e+06	0
3.52678e+06	0
3.52688e+06	0
3.52698e+06	0
3.52708e+06	0
3.52718e+06	0
3.52728e+06	0
3.52738e+06	0
3.52748e+06	0
3.52758e+06	0
3.52768e+06	0
3.52778e+06	0
3.52788e+06	0
3.52798e+06	0
3.52808e+06	0
3.52818e+06	0
3.52828e+06	0
3.52838e+06	0
3.52848e+06	0
3.52858e+06	0
3.52868e+06	0
3.52878e+06	0
3.52888e+06	0
3.52898e+06	0
3.52908e+06	0
3.52918e+06	0
3.52928e+06	0
3.52938e+06	0
3.52948e+06	0
3.52958e+06	0
3.52968e+06	0
3.52978e+06	0
3.52988e+06	0
3.52998e+06	0
3.53008e+06	0
3.53018e+06	0
3.53028e+06	0
3.53038e+06	0
3.53048e+06	0
3.53058e+06	0
3.53068e+06	0
3.53078e+06	0
3.53088e+06	0
3.53098e+06	0
3.53108e+06	0
3.53118e+06	0
3.53128e+06	0
3.53138e+06	0
3.53148e+06	0
3.53158e+06	0
3.53168e+06	0
3.53178e+06	0
3.53188e+06	0
3.53198e+06	0
3.53208e+06	0
3.53218e+06	0
3.53228e+06	0
3.53238e+06	0
3.53248e+06	0
3.53258e+06	0
3.53268e+06	0
3.53278e+06	0
3.53288e+06	0
3.53298e+06	0
3.53308e+06	0
3.53318e+06	0
3.53328e+06	0
3.53338e+06	0
3.53348e+06	0
3.53358e+06	0
3.53368e+06	0
3.53378e+06	0
3.53388e+06	0
3.53398e+06	0
3.53408e+06	0
3.53418e+06	0
3.53428e+06	0
3.53438e+06	0
3.53448e+06	0
3.53458e+06	0
3.53468e+06	0
3.53478e+06	0
3.53488e+06	0
3.53498e+06	0
3.53508e+06	0
3.53518e+06	0
3.53528e+06	0
3.53538e+06	0
3.53548e+06	0
3.53558e+06	0
3.53568e+06	0
3.53578e+06	0
3.53588e+06	0
3.53598e+06	0
3.53608e+06	0
3.53618e+06	0
3.53628e+06	0
3.53638e+06	0
3.53648e+06	0
3.53658e+06	0
3.53668e+06	0
3.53678e+06	0
3.53688e+06	0
3.53698e+06	0
3.53708e+06	0
3.53718e+06	0
3.53728e+06	0
3.53738e+06	0
3.53748e+06	0
3.53758e+06	0
3.53768e+06	0
3.53778e+06	0
3.53788e+06	0
3.53798e+06	0
3.53808e+06	0
3.53818e+06	0
3.53828e+06	0
3.53838e+06	0
3.53848e+06	0
3.53858e+06	0
3.53868e+06	0
3.53878e+06	0
3.53888e+06	0
3.53898e+06	0
3.53908e+06	0
3.53918e+06	0
3.53928e+06	0
3.53938e+06	0
3.53948e+06	0
3.53958e+06	0
3.53968e+06	0
3.53978e+06	0
3.53988e+06	0
3.53998e+06	0
3.54008e+06	0
3.54018e+06	0
3.54028e+06	0
3.54038e+06	0
3.54048e+06	0
3.54058e+06	0
3.54068e+06	0
3.54078e+06	0
3.54088e+06	0
3.54098e+06	0
3.54108e+06	0
3.54118e+06	0
3.54128e+06	0
3.54138e+06	0
3.54148e+06	0
3.54158e+06	0
3.54168e+06	0
3.54178e+06	0
3.54188e+06	0
3.54198e+06	0
3.54208e+06	0
3.54218e+06	0
3.54228e+06	0
3.54238e+06	0
3.54248e+06	0
3.54258e+06	0
3.54268e+06	0
3.54278e+06	0
3.54288e+06	0
3.54298e+06	0
3.54308e+06	0
3.54318e+06	0
3.54328e+06	0
3.54338e+06	0
3.54348e+06	0
3.54358e+06	0
3.54368e+06	0
3.54378e+06	0
3.54388e+06	0
3.54398e+06	0
3.54408e+06	0
3.54418e+06	0
3.54428e+06	0
3.54438e+06	0
3.54448e+06	0
3.54458e+06	0
3.54468e+06	0
3.54478e+06	0
3.54488e+06	0
3.54498e+06	0
3.54508e+06	0
3.54518e+06	0
3.54528e+06	0
3.54538e+06	0
3.54548e+06	0
3.54558e+06	0
3.54568e+06	0
3.54578e+06	0
3.54588e+06	0
3.54598e+06	0
3.54608e+06	0
3.54618e+06	0
3.54628e+06	0
3.54638e+06	0
3.54648e+06	0
3.54658e+06	0
3.54668e+06	0
3.54678e+06	0
3.54688e+06	0
3.54698e+06	0
3.54708e+06	0
3.54718e+06	0
3.54728e+06	0
3.54738e+06	0
3.54748e+06	0
3.54758e+06	0
3.54768e+06	0
3.54778e+06	0
3.54788e+06	0
3.54798e+06	0
3.54808e+06	0
3.54818e+06	0
3.54828e+06	0
3.54838e+06	0
3.54848e+06	0
3.54858e+06	0
3.54868e+06	0
3.54878e+06	0
3.54888e+06	0
3.54898e+06	0
3.54908e+06	0
3.54918e+06	0
3.54928e+06	0
3.54938e+06	0
3.54948e+06	0
3.54958e+06	0
3.54968e+06	0
3.54978e+06	0
3.54988e+06	0
3.54998e+06	0
3.55008e+06	0
3.55018e+06	0
3.55028e+06	0
3.55038e+06	0
3.55048e+06	0
3.55058e+06	0
3.55068e+06	0
3.55078e+06	0
3.55088e+06	0
3.55098e+06	0
3.55108e+06	0
3.55118e+06	0
3.55128e+06	0
3.55138e+06	0
3.55148e+06	0
3.55158e+06	0
3.55168e+06	0
3.55178e+06	0
3.55188e+06	0
3.55198e+06	0
3.55208e+06	0
3.55218e+06	0
3.55228e+06	0
3.55238e+06	0
3.55248e+06	0
3.55258e+06	0
3.55268e+06	0
3.55278e+06	0
3.55288e+06	0
3.55298e+06	0
3.55308e+06	0
3.55318e+06	0
3.55328e+06	0
3.55338e+06	0
3.55348e+06	0
3.55358e+06	0
3.55368e+06	0
3.55378e+06	0
3.55388e+06	0
3.55398e+06	0
3.55408e+06	0
3.55418e+06	0
3.55428e+06	0
3.55438e+06	0
3.55448e+06	0
3.55458e+06	0
3.55468e+06	0
3.55478e+06	0
3.55488e+06	0
3.55498e+06	0
3.55508e+06	0
3.55518e+06	0
3.55528e+06	0
3.55538e+06	0
3.55548e+06	0
3.55558e+06	0
3.55568e+06	0
3.55578e+06	0
3.55588e+06	0
3.55598e+06	0
3.55608e+06	0
3.55618e+06	0
3.55628e+06	0
3.55638e+06	0
3.55648e+06	0
3.55658e+06	0
3.55668e+06	0
3.55678e+06	0
3.55688e+06	0
3.55698e+06	0
3.55708e+06	0
3.55718e+06	0
3.55728e+06	0
3.55738e+06	0
3.55748e+06	0
3.55758e+06	0
3.55768e+06	0
3.55778e+06	0
3.55788e+06	0
3.55798e+06	0
3.55808e+06	0
3.55818e+06	0
3.55828e+06	0
3.55838e+06	0
3.55848e+06	0
3.55858e+06	0
3.55868e+06	0
3.55878e+06	0
3.55888e+06	0
3.55898e+06	0
3.55908e+06	0
3.55918e+06	0
3.55928e+06	0
3.55938e+06	0
3.55948e+06	0
3.55958e+06	0
3.55968e+06	0
3.55978e+06	0
3.55988e+06	0
3.55998e+06	0
3.56008e+06	0
3.56018e+06	0
3.56028e+06	0
3.56038e+06	0
3.56048e+06	0
3.56058e+06	0
3.56068e+06	0
3.56078e+06	0
3.56088e+06	0
3.56098e+06	0
3.56108e+06	0
3.56118e+06	0
3.56128e+06	0
3.56138e+06	0
3.56148e+06	0
3.56158e+06	0
3.56168e+06	0
3.56178e+06	0
3.56188e+06	0
3.56198e+06	0
3.56208e+06	0
3.56218e+06	0
3.56228e+06	0
3.56238e+06	0
3.56248e+06	0
3.56258e+06	0
3.56268e+06	0
3.56278e+06	0
3.56288e+06	0
3.56298e+06	0
3.56308e+06	0
3.56318e+06	0
3.56328e+06	0
3.56338e+06	0
3.56348e+06	0
3.56358e+06	0
3.56368e+06	0
3.56378e+06	0
3.56388e+06	0
3.56398e+06	0
3.56408e+06	0
3.56418e+06	0
3.56428e+06	0
3.56438e+06	0
3.56448e+06	0
3.56458e+06	0
3.56468e+06	0
3.56478e+06	0
3.56488e+06	0
3.56498e+06	0
3.56508e+06	0
3.56518e+06	0
3.56528e+06	0
3.56538e+06	0
3.56548e+06	0
3.56558e+06	0
3.56568e+06	0
3.56578e+06	0
3.56588e+06	0
3.56598e+06	0
3.56608e+06	0
3.56618e+06	0
3.56628e+06	0
3.56638e+06	0
3.56648e+06	0
3.56658e+06	0
3.56668e+06	0
3.56678e+06	0
3.56688e+06	0
3.56698e+06	0
3.56708e+06	0
3.56718e+06	0
3.56728e+06	0
3.56738e+06	0
3.56748e+06	0
3.56758e+06	0
3.56768e+06	0
3.56778e+06	0
3.56788e+06	0
3.56798e+06	0
3.56808e+06	0
3.56818e+06	0
3.56828e+06	0
3.56838e+06	0
3.56848e+06	0
3.56858e+06	0
3.56868e+06	0
3.56878e+06	0
3.56888e+06	0
3.56898e+06	0
3.56908e+06	0
3.56918e+06	0
3.56928e+06	0
3.56938e+06	0
3.56948e+06	0
3.56958e+06	0
3.56968e+06	0
3.56978e+06	0
3.56988e+06	0
3.56998e+06	0
3.57008e+06	0
3.57018e+06	0
3.57028e+06	0
3.57038e+06	0
3.57048e+06	0
3.57058e+06	0
3.57068e+06	0
3.57078e+06	0
3.57088e+06	0
3.57098e+06	0
3.57108e+06	0
3.57118e+06	0
3.57128e+06	0
3.57138e+06	0
3.57148e+06	0
3.57158e+06	0
3.57168e+06	0
3.57178e+06	0
3.57188e+06	0
3.57198e+06	0
3.57208e+06	0
3.57218e+06	0
3.57228e+06	0
3.57238e+06	0
3.57248e+06	0
3.57258e+06	0
3.57268e+06	0
3.57278e+06	0
3.57288e+06	0
3.57298e+06	0
3.57308e+06	0
3.57318e+06	0
3.57328e+06	0
3.57338e+06	0
3.57348e+06	0
3.57358e+06	0
3.57368e+06	0
3.57378e+06	0
3.57388e+06	0
3.57398e+06	0
3.57408e+06	0
3.57418e+06	0
3.57428e+06	0
3.57438e+06	0
3.57448e+06	0
3.57458e+06	0
3.57468e+06	0
3.57478e+06	0
3.57488e+06	0
3.57498e+06	0
3.57508e+06	0
3.57518e+06	0
3.57528e+06	0
3.57538e+06	0
3.57548e+06	0
3.57558e+06	0
3.57568e+06	0
3.57578e+06	0
3.57588e+06	0
3.57598e+06	0
3.57608e+06	0
3.57618e+06	0
3.57628e+06	0
3.57638e+06	0
3.57648e+06	0
3.57658e+06	0
3.57668e+06	0
3.57678e+06	0
3.57688e+06	0
3.57698e+06	0
3.57708e+06	0
3.57718e+06	0
3.57728e+06	0
3.57738e+06	0
3.57748e+06	0
3.57758e+06	0
3.57768e+06	0
3.57778e+06	0
3.57788e+06	0
3.57798e+06	0
3.57808e+06	0
3.57818e+06	0
3.57828e+06	0
3.57838e+06	0
3.57848e+06	0
3.57858e+06	0
3.57868e+06	0
3.57878e+06	0
3.57888e+06	0
3.57898e+06	0
3.57908e+06	0
3.57918e+06	0
3.57928e+06	0
3.57938e+06	0
3.57948e+06	0
3.57958e+06	0
3.57968e+06	0
3.57978e+06	0
3.57988e+06	0
3.57998e+06	0
3.58008e+06	0
3.58018e+06	0
3.58028e+06	0
3.58038e+06	0
3.58048e+06	0
3.58058e+06	0
3.58068e+06	0
3.58078e+06	0
3.58088e+06	0
3.58098e+06	0
3.58108e+06	0
3.58118e+06	0
3.58128e+06	0
3.58138e+06	0
3.58148e+06	0
3.58158e+06	0
3.58168e+06	0
3.58178e+06	0
3.58188e+06	0
3.58198e+06	0
3.58208e+06	0
3.58218e+06	0
3.58228e+06	0
3.58238e+06	0
3.58248e+06	0
3.58258e+06	0
3.58268e+06	0
3.58278e+06	0
3.58288e+06	0
3.58298e+06	0
3.58308e+06	0
3.58318e+06	0
3.58328e+06	0
3.58338e+06	0
3.58348e+06	0
3.58358e+06	0
3.58368e+06	0
3.58378e+06	0
3.58388e+06	0
3.58398e+06	0
3.58408e+06	0
3.58418e+06	0
3.58428e+06	0
3.58438e+06	0
3.58448e+06	0
3.58458e+06	0
3.58468e+06	0
3.58478e+06	0
3.58488e+06	0
3.58498e+06	0
3.58508e+06	0
3.58518e+06	0
3.58528e+06	0
3.58538e+06	0
3.58548e+06	0
3.58558e+06	0
3.58568e+06	0
3.58578e+06	0
3.58588e+06	0
3.58598e+06	0
3.58608e+06	0
3.58618e+06	0
3.58628e+06	0
3.58638e+06	0
3.58648e+06	0
3.58658e+06	0
3.58668e+06	0
3.58678e+06	0
3.58688e+06	0
3.58698e+06	0
3.58708e+06	0
3.58718e+06	0
3.58728e+06	0
3.58738e+06	0
3.58748e+06	0
3.58758e+06	0
3.58768e+06	0
3.58778e+06	0
3.58788e+06	0
3.58798e+06	0
3.58808e+06	0
3.58818e+06	0
3.58828e+06	0
3.58838e+06	0
3.58848e+06	0
3.58858e+06	0
3.58868e+06	0
3.58878e+06	0
3.58888e+06	0
3.58898e+06	0
3.58908e+06	0
3.58918e+06	0
3.58928e+06	0
3.58938e+06	0
3.58948e+06	0
3.58958e+06	0
3.58968e+06	0
3.58978e+06	0
3.58988e+06	0
3.58998e+06	0
3.59008e+06	0
3.59018e+06	0
3.59028e+06	0
3.59038e+06	0
3.59048e+06	0
3.59058e+06	0
3.59068e+06	0
3.59078e+06	0
3.59088e+06	0
3.59098e+06	0
3.59108e+06	0
3.59118e+06	0
3.59128e+06	0
3.59138e+06	0
3.59148e+06	0
3.59158e+06	0
3.59168e+06	0
3.59178e+06	0
3.59188e+06	0
3.59198e+06	0
3.59208e+06	0
3.59218e+06	0
3.59228e+06	0
3.59238e+06	0
3.59248e+06	0
3.59258e+06	0
3.59268e+06	0
3.59278e+06	0
3.59288e+06	0
3.59298e+06	0
3.59308e+06	0
3.59318e+06	0
3.59328e+06	0
3.59338e+06	0
3.59348e+06	0
3.59358e+06	0
3.59368e+06	0
3.59378e+06	0
3.59388e+06	0
3.59398e+06	0
3.59408e+06	0
3.59418e+06	0
3.59428e+06	0
3.59438e+06	0
3.59448e+06	0
3.59458e+06	0
3.59468e+06	0
3.59478e+06	0
3.59488e+06	0
3.59498e+06	0
3.59508e+06	0
3.59518e+06	0
3.59528e+06	0
3.59538e+06	0
3.59548e+06	0
3.59558e+06	0
3.59568e+06	0
3.59578e+06	0
3.59588e+06	0
3.59598e+06	0
3.59608e+06	0
3.59618e+06	0
3.59628e+06	0
3.59638e+06	0
3.59648e+06	0
3.59658e+06	0
3.59668e+06	0
3.59678e+06	0
3.59688e+06	0
3.59698e+06	0
3.59708e+06	0
3.59718e+06	0
3.59728e+06	0
3.59738e+06	0
3.59748e+06	0
3.59758e+06	0
3.59768e+06	0
3.59778e+06	0
3.59788e+06	0
3.59798e+06	0
3.59808e+06	0
3.59818e+06	0
3.59828e+06	0
3.59838e+06	0
3.59848e+06	0
3.59858e+06	0
3.59868e+06	0
3.59878e+06	0
3.59888e+06	0
3.59898e+06	0
3.59908e+06	0
3.59918e+06	0
3.59928e+06	0
3.59938e+06	0
3.59948e+06	0
3.59958e+06	0
3.59968e+06	0
3.59978e+06	0
3.59988e+06	0
3.59998e+06	0
3.60008e+06	0
3.60018e+06	0
3.60028e+06	0
3.60038e+06	0
3.60048e+06	0
3.60058e+06	0
3.60068e+06	0
3.60078e+06	0
3.60088e+06	0
3.60098e+06	0
3.60108e+06	0
3.60118e+06	0
3.60128e+06	0
3.60138e+06	0
3.60148e+06	0
3.60158e+06	0
3.60168e+06	0
3.60178e+06	0
3.60188e+06	0
3.60198e+06	0
3.60208e+06	0
3.60218e+06	0
3.60228e+06	0
3.60238e+06	0
3.60248e+06	0
3.60258e+06	0
3.60268e+06	0
3.60278e+06	0
3.60288e+06	0
3.60298e+06	0
3.60308e+06	0
3.60318e+06	0
3.60328e+06	0
3.60338e+06	0
3.60348e+06	0
3.60358e+06	0
3.60368e+06	0
3.60378e+06	0
3.60388e+06	0
3.60398e+06	0
3.60408e+06	0
3.60418e+06	0
3.60428e+06	0
3.60438e+06	0
3.60448e+06	0
3.60458e+06	0
3.60468e+06	0
3.60478e+06	0
3.60488e+06	0
3.60498e+06	0
3.60508e+06	0
3.60518e+06	0
3.60528e+06	0
3.60538e+06	0
3.60548e+06	0
3.60558e+06	0
3.60568e+06	0
3.60578e+06	0
3.60588e+06	0
3.60598e+06	0
3.60608e+06	0
3.60618e+06	0
3.60628e+06	0
3.60638e+06	0
3.60648e+06	0
3.60658e+06	0
3.60668e+06	0
3.60678e+06	0
3.60688e+06	0
3.60698e+06	0
3.60708e+06	0
3.60718e+06	0
3.60728e+06	0
3.60738e+06	0
3.60748e+06	0
3.60758e+06	0
3.60768e+06	0
3.60778e+06	0
3.60788e+06	0
3.60798e+06	0
3.60808e+06	0
3.60818e+06	0
3.60828e+06	0
3.60838e+06	0
3.60848e+06	0
3.60858e+06	0
3.60868e+06	0
3.60878e+06	0
3.60888e+06	0
3.60898e+06	0
3.60908e+06	0
3.60918e+06	0
3.60928e+06	0
3.60938e+06	0
3.60948e+06	0
3.60958e+06	0
3.60968e+06	0
3.60978e+06	0
3.60988e+06	0
3.60998e+06	0
3.61008e+06	0
3.61018e+06	0
3.61028e+06	0
3.61038e+06	0
3.61048e+06	0
3.61058e+06	0
3.61068e+06	0
3.61078e+06	0
3.61088e+06	0
3.61098e+06	0
3.61108e+06	0
3.61118e+06	0
3.61128e+06	0
3.61138e+06	0
3.61148e+06	0
3.61158e+06	0
3.61168e+06	0
3.61178e+06	0
3.61188e+06	0
3.61198e+06	0
3.61208e+06	0
3.61218e+06	0
3.61228e+06	0
3.61238e+06	0
3.61248e+06	0
3.61258e+06	0
3.61268e+06	0
3.61278e+06	0
3.61288e+06	0
3.61298e+06	0
3.61308e+06	0
3.61318e+06	0
3.61328e+06	0
3.61338e+06	0
3.61348e+06	0
3.61358e+06	0
3.61368e+06	0
3.61378e+06	0
3.61388e+06	0
3.61398e+06	0
3.61408e+06	0
3.61418e+06	0
3.61428e+06	0
3.61438e+06	0
3.61448e+06	0
3.61458e+06	0
3.61468e+06	0
3.61478e+06	0
3.61488e+06	0
3.61498e+06	0
3.61508e+06	0
3.61518e+06	0
3.61528e+06	0
3.61538e+06	0
3.61548e+06	0
3.61558e+06	0
3.61568e+06	0
3.61578e+06	0
3.61588e+06	0
3.61598e+06	0
3.61608e+06	0
3.61618e+06	0
3.61628e+06	0
3.61638e+06	0
3.61648e+06	0
3.61658e+06	0
3.61668e+06	0
3.61678e+06	0
3.61688e+06	0
3.61698e+06	0
3.61708e+06	0
3.61718e+06	0
3.61728e+06	0
3.61738e+06	0
3.61748e+06	0
3.61758e+06	0
3.61768e+06	0
3.61778e+06	0
3.61788e+06	0
3.61798e+06	0
3.61808e+06	0
3.61818e+06	0
3.61828e+06	0
3.61838e+06	0
3.61848e+06	0
3.61858e+06	0
3.61868e+06	0
3.61878e+06	0
3.61888e+06	0
3.61898e+06	0
3.61908e+06	0
3.61918e+06	0
3.61928e+06	0
3.61938e+06	0
3.61948e+06	0
3.61958e+06	0
3.61968e+06	0
3.61978e+06	0
3.61988e+06	0
3.61998e+06	0
3.62008e+06	0
3.62018e+06	0
3.62028e+06	0
3.62038e+06	0
3.62048e+06	0
3.62058e+06	0
3.62068e+06	0
3.62078e+06	0
3.62088e+06	0
3.62098e+06	0
3.62108e+06	0
3.62118e+06	0
3.62128e+06	0
3.62138e+06	0
3.62148e+06	0
3.62158e+06	0
3.62168e+06	0
3.62178e+06	0
3.62188e+06	0
3.62198e+06	0
3.62208e+06	0
3.62218e+06	0
3.62228e+06	0
3.62238e+06	0
3.62248e+06	0
3.62258e+06	0
3.62268e+06	0
3.62278e+06	0
3.62288e+06	0
3.62298e+06	0
3.62308e+06	0
3.62318e+06	0
3.62328e+06	0
3.62338e+06	0
3.62348e+06	0
3.62358e+06	0
3.62368e+06	0
3.62378e+06	0
3.62388e+06	0
3.62398e+06	0
3.62408e+06	0
3.62418e+06	0
3.62428e+06	0
3.62438e+06	0
3.62448e+06	0
3.62458e+06	0
3.62468e+06	0
3.62478e+06	0
3.62488e+06	0
3.62498e+06	0
3.62508e+06	0
3.62518e+06	0
3.62528e+06	0
3.62538e+06	0
3.62548e+06	0
3.62558e+06	0
3.62568e+06	0
3.62578e+06	0
3.62588e+06	0
3.62598e+06	0
3.62608e+06	0
3.62618e+06	0
3.62628e+06	0
3.62638e+06	0
3.62648e+06	0
3.62658e+06	0
3.62668e+06	0
3.62678e+06	0
3.62688e+06	0
3.62698e+06	0
3.62708e+06	0
3.62718e+06	0
3.62728e+06	0
3.62738e+06	0
3.62748e+06	0
3.62758e+06	0
3.62768e+06	0
3.62778e+06	0
3.62788e+06	0
3.62798e+06	0
3.62808e+06	0
3.62818e+06	0
3.62828e+06	0
3.62838e+06	0
3.62848e+06	0
3.62858e+06	0
3.62868e+06	0
3.62878e+06	0
3.62888e+06	0
3.62898e+06	0
3.62908e+06	0
3.62918e+06	0
3.62928e+06	0
3.62938e+06	0
3.62948e+06	0
3.62958e+06	0
3.62968e+06	0
3.62978e+06	0
3.62988e+06	0
3.62998e+06	0
3.63008e+06	0
3.63018e+06	0
3.63028e+06	0
3.63038e+06	0
3.63048e+06	0
3.63058e+06	0
3.63068e+06	0
3.63078e+06	0
3.63088e+06	0
3.63098e+06	0
3.63108e+06	0
3.63118e+06	0
3.63128e+06	0
3.63138e+06	0
3.63148e+06	0
3.63158e+06	0
3.63168e+06	0
3.63178e+06	0
3.63188e+06	0
3.63198e+06	0
3.63208e+06	0
3.63218e+06	0
3.63228e+06	0
3.63238e+06	0
3.63248e+06	0
3.63258e+06	0
3.63268e+06	0
3.63278e+06	0
3.63288e+06	0
3.63298e+06	0
3.63308e+06	0
3.63318e+06	0
3.63328e+06	0
3.63338e+06	0
3.63348e+06	0
3.63358e+06	0
3.63368e+06	0
3.63378e+06	0
3.63388e+06	0
3.63398e+06	0
3.63408e+06	0
3.63418e+06	0
3.63428e+06	0
3.63438e+06	0
3.63448e+06	0
3.63458e+06	0
3.63468e+06	0
3.63478e+06	0
3.63488e+06	0
3.63498e+06	0
3.63508e+06	0
3.63518e+06	0
3.63528e+06	0
3.63538e+06	0
3.63548e+06	0
3.63558e+06	0
3.63568e+06	0
3.63578e+06	0
3.63588e+06	0
3.63598e+06	0
3.63608e+06	0
3.63618e+06	0
3.63628e+06	0
3.63638e+06	0
3.63648e+06	0
3.63658e+06	0
3.63668e+06	0
3.63678e+06	0
3.63688e+06	0
3.63698e+06	0
3.63708e+06	0
3.63718e+06	0
3.63728e+06	0
3.63738e+06	0
3.63748e+06	0
3.63758e+06	0
3.63768e+06	0
3.63778e+06	0
3.63788e+06	0
3.63798e+06	0
3.63808e+06	0
3.63818e+06	0
3.63828e+06	0
3.63838e+06	0
3.63848e+06	0
3.63858e+06	0
3.63868e+06	0
3.63878e+06	0
3.63888e+06	0
3.63898e+06	0
3.63908e+06	0
3.63918e+06	0
3.63928e+06	0
3.63938e+06	0
3.63948e+06	0
3.63958e+06	0
3.63968e+06	0
3.63978e+06	0
3.63988e+06	0
3.63998e+06	0
3.64008e+06	0
3.64018e+06	0
3.64028e+06	0
3.64038e+06	0
3.64048e+06	0
3.64058e+06	0
3.64068e+06	0
3.64078e+06	0
3.64088e+06	0
3.64098e+06	0
3.64108e+06	0
3.64118e+06	0
3.64128e+06	0
3.64138e+06	0
3.64148e+06	0
3.64158e+06	0
3.64168e+06	0
3.64178e+06	0
3.64188e+06	0
3.64198e+06	0
3.64208e+06	0
3.64218e+06	0
3.64228e+06	0
3.64238e+06	0
3.64248e+06	0
3.64258e+06	0
3.64268e+06	0
3.64278e+06	0
3.64288e+06	0
3.64298e+06	0
3.64308e+06	0
3.64318e+06	0
3.64328e+06	0
3.64338e+06	0
3.64348e+06	0
3.64358e+06	0
3.64368e+06	0
3.64378e+06	0
3.64388e+06	0
3.64398e+06	0
3.64408e+06	0
3.64418e+06	0
3.64428e+06	0
3.64438e+06	0
3.64448e+06	0
3.64458e+06	0
3.64468e+06	0
3.64478e+06	0
3.64488e+06	0
3.64498e+06	0
3.64508e+06	0
3.64518e+06	0
3.64528e+06	0
3.64538e+06	0
3.64548e+06	0
3.64558e+06	0
3.64568e+06	0
3.64578e+06	0
3.64588e+06	0
3.64598e+06	0
3.64608e+06	0
3.64618e+06	0
3.64628e+06	0
3.64638e+06	0
3.64648e+06	0
3.64658e+06	0
3.64668e+06	0
3.64678e+06	0
3.64688e+06	0
3.64698e+06	0
3.64708e+06	0
3.64718e+06	0
3.64728e+06	0
3.64738e+06	0
3.64748e+06	0
3.64758e+06	0
3.64768e+06	0
3.64778e+06	0
3.64788e+06	0
3.64798e+06	0
3.64808e+06	0
3.64818e+06	0
3.64828e+06	0
3.64838e+06	0
3.64848e+06	0
3.64858e+06	0
3.64868e+06	0
3.64878e+06	0
3.64888e+06	0
3.64898e+06	0
3.64908e+06	0
3.64918e+06	0
3.64928e+06	0
3.64938e+06	0
3.64948e+06	0
3.64958e+06	0
3.64968e+06	0
3.64978e+06	0
3.64988e+06	0
3.64998e+06	0
3.65008e+06	0
3.65018e+06	0
3.65028e+06	0
3.65038e+06	0
3.65048e+06	0
3.65058e+06	0
3.65068e+06	0
3.65078e+06	0
3.65088e+06	0
3.65098e+06	0
3.65108e+06	0
3.65118e+06	0
3.65128e+06	0
3.65138e+06	0
3.65148e+06	0
3.65158e+06	0
3.65168e+06	0
3.65178e+06	0
3.65188e+06	0
3.65198e+06	0
3.65208e+06	0
3.65218e+06	0
3.65228e+06	0
3.65238e+06	0
3.65248e+06	0
3.65258e+06	0
3.65268e+06	0
3.65278e+06	0
3.65288e+06	0
3.65298e+06	0
3.65308e+06	0
3.65318e+06	0
3.65328e+06	0
3.65338e+06	0
3.65348e+06	0
3.65358e+06	0
3.65368e+06	0
3.65378e+06	0
3.65388e+06	0
3.65398e+06	0
3.65408e+06	0
3.65418e+06	0
3.65428e+06	0
3.65438e+06	0
3.65448e+06	0
3.65458e+06	0
3.65468e+06	0
3.65478e+06	0
3.65488e+06	0
3.65498e+06	0
3.65508e+06	0
3.65518e+06	0
3.65528e+06	0
3.65538e+06	0
3.65548e+06	0
3.65558e+06	0
3.65568e+06	0
3.65578e+06	0
3.65588e+06	0
3.65598e+06	0
3.65608e+06	0
3.65618e+06	0
3.65628e+06	0
3.65638e+06	0
3.65648e+06	0
3.65658e+06	0
3.65668e+06	0
3.65678e+06	0
3.65688e+06	0
3.65698e+06	0
3.65708e+06	0
3.65718e+06	0
3.65728e+06	0
3.65738e+06	0
3.65748e+06	0
3.65758e+06	0
3.65768e+06	0
3.65778e+06	0
3.65788e+06	0
3.65798e+06	0
3.65808e+06	0
3.65818e+06	0
3.65828e+06	0
3.65838e+06	0
3.65848e+06	0
3.65858e+06	0
3.65868e+06	0
3.65878e+06	0
3.65888e+06	0
3.65898e+06	0
3.65908e+06	0
3.65918e+06	0
3.65928e+06	0
3.65938e+06	0
3.65948e+06	0
3.65958e+06	0
3.65968e+06	0
3.65978e+06	0
3.65988e+06	0
3.65998e+06	0
3.66008e+06	0
3.66018e+06	0
3.66028e+06	0
3.66038e+06	0
3.66048e+06	0
3.66058e+06	0
3.66068e+06	0
3.66078e+06	0
3.66088e+06	0
3.66098e+06	0
3.66108e+06	0
3.66118e+06	0
3.66128e+06	0
3.66138e+06	0
3.66148e+06	0
3.66158e+06	0
3.66168e+06	0
3.66178e+06	0
3.66188e+06	0
3.66198e+06	0
3.66208e+06	0
3.66218e+06	0
3.66228e+06	0
3.66238e+06	0
3.66248e+06	0
3.66258e+06	0
3.66268e+06	0
3.66278e+06	0
3.66288e+06	0
3.66298e+06	0
3.66308e+06	0
3.66318e+06	0
3.66328e+06	0
3.66338e+06	0
3.66348e+06	0
3.66358e+06	0
3.66368e+06	0
3.66378e+06	0
3.66388e+06	0
3.66398e+06	0
3.66408e+06	0
3.66418e+06	0
3.66428e+06	0
3.66438e+06	0
3.66448e+06	0
3.66458e+06	0
3.66468e+06	0
3.66478e+06	0
3.66488e+06	0
3.66498e+06	0
3.66508e+06	0
3.66518e+06	0
3.66528e+06	0
3.66538e+06	0
3.66548e+06	0
3.66558e+06	0
3.66568e+06	0
3.66578e+06	0
3.66588e+06	0
3.66598e+06	0
3.66608e+06	0
3.66618e+06	0
3.66628e+06	0
3.66638e+06	0
3.66648e+06	0
3.66658e+06	0
3.66668e+06	0
3.66678e+06	0
3.66688e+06	0
3.66698e+06	0
3.66708e+06	0
3.66718e+06	0
3.66728e+06	0
3.66738e+06	0
3.66748e+06	0
3.66758e+06	0
3.66768e+06	0
3.66778e+06	0
3.66788e+06	0
3.66798e+06	0
3.66808e+06	0
3.66818e+06	0
3.66828e+06	0
3.66838e+06	0
3.66848e+06	0
3.66858e+06	0
3.66868e+06	0
3.66878e+06	0
3.66888e+06	0
3.66898e+06	0
3.66908e+06	0
3.66918e+06	0
3.66928e+06	0
3.66938e+06	0
3.66948e+06	0
3.66958e+06	0
3.66968e+06	0
3.66978e+06	0
3.66988e+06	0
3.66998e+06	0
3.67008e+06	0
3.67018e+06	0
3.67028e+06	0
3.67038e+06	0
3.67048e+06	0
3.67058e+06	0
3.67068e+06	0
3.67078e+06	0
3.67088e+06	0
3.67098e+06	0
3.67108e+06	0
3.67118e+06	0
3.67128e+06	0
3.67138e+06	0
3.67148e+06	0
3.67158e+06	0
3.67168e+06	0
3.67178e+06	0
3.67188e+06	0
3.67198e+06	0
3.67208e+06	0
3.67218e+06	0
3.67228e+06	0
3.67238e+06	0
3.67248e+06	0
3.67258e+06	0
3.67268e+06	0
3.67278e+06	0
3.67288e+06	0
3.67298e+06	0
3.67308e+06	0
3.67318e+06	0
3.67328e+06	0
3.67338e+06	0
3.67348e+06	0
3.67358e+06	0
3.67368e+06	0
3.67378e+06	0
3.67388e+06	0
3.67398e+06	0
3.67408e+06	0
3.67418e+06	0
3.67428e+06	0
3.67438e+06	0
3.67448e+06	0
3.67458e+06	0
3.67468e+06	0
3.67478e+06	0
3.67488e+06	0
3.67498e+06	0
3.67508e+06	0
3.67518e+06	0
3.67528e+06	0
3.67538e+06	0
3.67548e+06	0
3.67558e+06	0
3.67568e+06	0
3.67578e+06	0
3.67588e+06	0
3.67598e+06	0
3.67608e+06	0
3.67618e+06	0
3.67628e+06	0
3.67638e+06	0
3.67648e+06	0
3.67658e+06	0
3.67668e+06	0
3.67678e+06	0
3.67688e+06	0
3.67698e+06	0
3.67708e+06	0
3.67718e+06	0
3.67728e+06	0
3.67738e+06	0
3.67748e+06	0
3.67758e+06	0
3.67768e+06	0
3.67778e+06	0
3.67788e+06	0
3.67798e+06	0
3.67808e+06	0
3.67818e+06	0
3.67828e+06	0
3.67838e+06	0
3.67848e+06	0
3.67858e+06	0
3.67868e+06	0
3.67878e+06	0
3.67888e+06	0
3.67898e+06	0
3.67908e+06	0
3.67918e+06	0
3.67928e+06	0
3.67938e+06	0
3.67948e+06	0
3.67958e+06	0
3.67968e+06	0
3.67978e+06	0
3.67988e+06	0
3.67998e+06	0
3.68008e+06	0
3.68018e+06	0
3.68028e+06	0
3.68038e+06	0
3.68048e+06	0
3.68058e+06	0
3.68068e+06	0
3.68078e+06	0
3.68088e+06	0
3.68098e+06	0
3.68108e+06	0
3.68118e+06	0
3.68128e+06	0
3.68138e+06	0
3.68148e+06	0
3.68158e+06	0
3.68168e+06	0
3.68178e+06	0
3.68188e+06	0
3.68198e+06	0
3.68208e+06	0
3.68218e+06	0
3.68228e+06	0
3.68238e+06	0
3.68248e+06	0
3.68258e+06	0
3.68268e+06	0
3.68278e+06	0
3.68288e+06	0
3.68298e+06	0
3.68308e+06	0
3.68318e+06	0
3.68328e+06	0
3.68338e+06	0
3.68348e+06	0
3.68358e+06	0
3.68368e+06	0
3.68378e+06	0
3.68388e+06	0
3.68398e+06	0
3.68408e+06	0
3.68418e+06	0
3.68428e+06	0
3.68438e+06	0
3.68448e+06	0
3.68458e+06	0
3.68468e+06	0
3.68478e+06	0
3.68488e+06	0
3.68498e+06	0
3.68508e+06	0
3.68518e+06	0
3.68528e+06	0
3.68538e+06	0
3.68548e+06	0
3.68558e+06	0
3.68568e+06	0
3.68578e+06	0
3.68588e+06	0
3.68598e+06	0
3.68608e+06	0
3.68618e+06	0
3.68628e+06	0
3.68638e+06	0
3.68648e+06	0
3.68658e+06	0
3.68668e+06	0
3.68678e+06	0
3.68688e+06	0
3.68698e+06	0
3.68708e+06	0
3.68718e+06	0
3.68728e+06	0
3.68738e+06	0
3.68748e+06	0
3.68758e+06	0
3.68768e+06	0
3.68778e+06	0
3.68788e+06	0
3.68798e+06	0
3.68808e+06	0
3.68818e+06	0
3.68828e+06	0
3.68838e+06	0
3.68848e+06	0
3.68858e+06	0
3.68868e+06	0
3.68878e+06	0
3.68888e+06	0
3.68898e+06	0
3.68908e+06	0
3.68918e+06	0
3.68928e+06	0
3.68938e+06	0
3.68948e+06	0
3.68958e+06	0
3.68968e+06	0
3.68978e+06	0
3.68988e+06	0
3.68998e+06	0
3.69008e+06	0
3.69018e+06	0
3.69028e+06	0
3.69038e+06	0
3.69048e+06	0
3.69058e+06	0
3.69068e+06	0
3.69078e+06	0
3.69088e+06	0
3.69098e+06	0
3.69108e+06	0
3.69118e+06	0
3.69128e+06	0
3.69138e+06	0
3.69148e+06	0
3.69158e+06	0
3.69168e+06	0
3.69178e+06	0
3.69188e+06	0
3.69198e+06	0
3.69208e+06	0
3.69218e+06	0
3.69228e+06	0
3.69238e+06	0
3.69248e+06	0
3.69258e+06	0
3.69268e+06	0
3.69278e+06	0
3.69288e+06	0
3.69298e+06	0
3.69308e+06	0
3.69318e+06	0
3.69328e+06	0
3.69338e+06	0
3.69348e+06	0
3.69358e+06	0
3.69368e+06	0
3.69378e+06	0
3.69388e+06	0
3.69398e+06	0
3.69408e+06	0
3.69418e+06	0
3.69428e+06	0
3.69438e+06	0
3.69448e+06	0
3.69458e+06	0
3.69468e+06	0
3.69478e+06	0
3.69488e+06	0
3.69498e+06	0
3.69508e+06	0
3.69518e+06	0
3.69528e+06	0
3.69538e+06	0
3.69548e+06	0
3.69558e+06	0
3.69568e+06	0
3.69578e+06	0
3.69588e+06	0
3.69598e+06	0
3.69608e+06	0
3.69618e+06	0
3.69628e+06	0
3.69638e+06	0
3.69648e+06	0
3.69658e+06	0
3.69668e+06	0
3.69678e+06	0
3.69688e+06	0
3.69698e+06	0
3.69708e+06	0
3.69718e+06	0
3.69728e+06	0
3.69738e+06	0
3.69748e+06	0
3.69758e+06	0
3.69768e+06	0
3.69778e+06	0
3.69788e+06	0
3.69798e+06	0
3.69808e+06	0
3.69818e+06	0
3.69828e+06	0
3.69838e+06	0
3.69848e+06	0
3.69858e+06	0
3.69868e+06	0
3.69878e+06	0
3.69888e+06	0
3.69898e+06	0
3.69908e+06	0
3.69918e+06	0
3.69928e+06	0
3.69938e+06	0
3.69948e+06	0
3.69958e+06	0
3.69968e+06	0
3.69978e+06	0
3.69988e+06	0
3.69998e+06	0
3.70008e+06	0
3.70018e+06	0
3.70028e+06	0
3.70038e+06	0
3.70048e+06	0
3.70058e+06	0
3.70068e+06	0
3.70078e+06	0
3.70088e+06	0
3.70098e+06	0
3.70108e+06	0
3.70118e+06	0
3.70128e+06	0
3.70138e+06	0
3.70148e+06	0
3.70158e+06	0
3.70168e+06	0
3.70178e+06	0
3.70188e+06	0
3.70198e+06	0
3.70208e+06	0
3.70218e+06	0
3.70228e+06	0
3.70238e+06	0
3.70248e+06	0
3.70258e+06	0
3.70268e+06	0
3.70278e+06	0
3.70288e+06	0
3.70298e+06	0
3.70308e+06	0
3.70318e+06	0
3.70328e+06	0
3.70338e+06	0
3.70348e+06	0
3.70358e+06	0
3.70368e+06	0
3.70378e+06	0
3.70388e+06	0
3.70398e+06	0
3.70408e+06	0
3.70418e+06	0
3.70428e+06	0
3.70438e+06	0
3.70448e+06	0
3.70458e+06	0
3.70468e+06	0
3.70478e+06	0
3.70488e+06	0
3.70498e+06	0
3.70508e+06	0
3.70518e+06	0
3.70528e+06	0
3.70538e+06	0
3.70548e+06	0
3.70558e+06	0
3.70568e+06	0
3.70578e+06	0
3.70588e+06	0
3.70598e+06	0
3.70608e+06	0
3.70618e+06	0
3.70628e+06	0
3.70638e+06	0
3.70648e+06	0
3.70658e+06	0
3.70668e+06	0
3.70678e+06	0
3.70688e+06	0
3.70698e+06	0
3.70708e+06	0
3.70718e+06	0
3.70728e+06	0
3.70738e+06	0
3.70748e+06	0
3.70758e+06	0
3.70768e+06	0
3.70778e+06	0
3.70788e+06	0
3.70798e+06	0
3.70808e+06	0
3.70818e+06	0
3.70828e+06	0
3.70838e+06	0
3.70848e+06	0
3.70858e+06	0
3.70868e+06	0
3.70878e+06	0
3.70888e+06	0
3.70898e+06	0
3.70908e+06	0
3.70918e+06	0
3.70928e+06	0
3.70938e+06	0
3.70948e+06	0
3.70958e+06	0
3.70968e+06	0
3.70978e+06	0
3.70988e+06	0
3.70998e+06	0
3.71008e+06	0
3.71018e+06	0
3.71028e+06	0
3.71038e+06	0
3.71048e+06	0
3.71058e+06	0
3.71068e+06	0
3.71078e+06	0
3.71088e+06	0
3.71098e+06	0
3.71108e+06	0
3.71118e+06	0
3.71128e+06	0
3.71138e+06	0
3.71148e+06	0
3.71158e+06	0
3.71168e+06	0
3.71178e+06	0
3.71188e+06	0
3.71198e+06	0
3.71208e+06	0
3.71218e+06	0
3.71228e+06	0
3.71238e+06	0
3.71248e+06	0
3.71258e+06	0
3.71268e+06	0
3.71278e+06	0
3.71288e+06	0
3.71298e+06	0
3.71308e+06	0
3.71318e+06	0
3.71328e+06	0
3.71338e+06	0
3.71348e+06	0
3.71358e+06	0
3.71368e+06	0
3.71378e+06	0
3.71388e+06	0
3.71398e+06	0
3.71408e+06	0
3.71418e+06	0
3.71428e+06	0
3.71438e+06	0
3.71448e+06	0
3.71458e+06	0
3.71468e+06	0
3.71478e+06	0
3.71488e+06	0
3.71498e+06	0
3.71508e+06	0
3.71518e+06	0
3.71528e+06	0
3.71538e+06	0
3.71548e+06	0
3.71558e+06	0
3.71568e+06	0
3.71578e+06	0
3.71588e+06	0
3.71598e+06	0
3.71608e+06	0
3.71618e+06	0
3.71628e+06	0
3.71638e+06	0
3.71648e+06	0
3.71658e+06	0
3.71668e+06	0
3.71678e+06	0
3.71688e+06	0
3.71698e+06	0
3.71708e+06	0
3.71718e+06	0
3.71728e+06	0
3.71738e+06	0
3.71748e+06	0
3.71758e+06	0
3.71768e+06	0
3.71778e+06	0
3.71788e+06	0
3.71798e+06	0
3.71808e+06	0
3.71818e+06	0
3.71828e+06	0
3.71838e+06	0
3.71848e+06	0
3.71858e+06	0
3.71868e+06	0
3.71878e+06	0
3.71888e+06	0
3.71898e+06	0
3.71908e+06	0
3.71918e+06	0
3.71928e+06	0
3.71938e+06	0
3.71948e+06	0
3.71958e+06	0
3.71968e+06	0
3.71978e+06	0
3.71988e+06	0
3.71998e+06	0
3.72008e+06	0
3.72018e+06	0
3.72028e+06	0
3.72038e+06	0
3.72048e+06	0
3.72058e+06	0
3.72068e+06	0
3.72078e+06	0
3.72088e+06	0
3.72098e+06	0
3.72108e+06	0
3.72118e+06	0
3.72128e+06	0
3.72138e+06	0
3.72148e+06	0
3.72158e+06	0
3.72168e+06	0
3.72178e+06	0
3.72188e+06	0
3.72198e+06	0
3.72208e+06	0
3.72218e+06	0
3.72228e+06	0
3.72238e+06	0
3.72248e+06	0
3.72258e+06	0
3.72268e+06	0
3.72278e+06	0
3.72288e+06	0
3.72298e+06	0
3.72308e+06	0
3.72318e+06	0
3.72328e+06	0
3.72338e+06	0
3.72348e+06	0
3.72358e+06	0
3.72368e+06	0
3.72378e+06	0
3.72388e+06	0
3.72398e+06	0
3.72408e+06	0
3.72418e+06	0
3.72428e+06	0
3.72438e+06	0
3.72448e+06	0
3.72458e+06	0
3.72468e+06	0
3.72478e+06	0
3.72488e+06	0
3.72498e+06	0
3.72508e+06	0
3.72518e+06	0
3.72528e+06	0
3.72538e+06	0
3.72548e+06	0
3.72558e+06	0
3.72568e+06	0
3.72578e+06	0
3.72588e+06	0
3.72598e+06	0
3.72608e+06	0
3.72618e+06	0
3.72628e+06	0
3.72638e+06	0
3.72648e+06	0
3.72658e+06	0
3.72668e+06	0
3.72678e+06	0
3.72688e+06	0
3.72698e+06	0
3.72708e+06	0
3.72718e+06	0
3.72728e+06	0
3.72738e+06	0
3.72748e+06	0
3.72758e+06	0
3.72768e+06	0
3.72778e+06	0
3.72788e+06	0
3.72798e+06	0
3.72808e+06	0
3.72818e+06	0
3.72828e+06	0
3.72838e+06	0
3.72848e+06	0
3.72858e+06	0
3.72868e+06	0
3.72878e+06	0
3.72888e+06	0
3.72898e+06	0
3.72908e+06	0
3.72918e+06	0
3.72928e+06	0
3.72938e+06	0
3.72948e+06	0
3.72958e+06	0
3.72968e+06	0
3.72978e+06	0
3.72988e+06	0
3.72998e+06	0
3.73008e+06	0
3.73018e+06	0
3.73028e+06	0
3.73038e+06	0
3.73048e+06	0
3.73058e+06	0
3.73068e+06	0
3.73078e+06	0
3.73088e+06	0
3.73098e+06	0
3.73108e+06	0
3.73118e+06	0
3.73128e+06	0
3.73138e+06	0
3.73148e+06	0
3.73158e+06	0
3.73168e+06	0
3.73178e+06	0
3.73188e+06	0
3.73198e+06	0
3.73208e+06	0
3.73218e+06	0
3.73228e+06	0
3.73238e+06	0
3.73248e+06	0
3.73258e+06	0
3.73268e+06	0
3.73278e+06	0
3.73288e+06	0
3.73298e+06	0
3.73308e+06	0
3.73318e+06	0
3.73328e+06	0
3.73338e+06	0
3.73348e+06	0
3.73358e+06	0
3.73368e+06	0
3.73378e+06	0
3.73388e+06	0
3.73398e+06	0
3.73408e+06	0
3.73418e+06	0
3.73428e+06	0
3.73438e+06	0
3.73448e+06	0
3.73458e+06	0
3.73468e+06	0
3.73478e+06	0
3.73488e+06	0
3.73498e+06	0
3.73508e+06	0
3.73518e+06	0
3.73528e+06	0
3.73538e+06	0
3.73548e+06	0
3.73558e+06	0
3.73568e+06	0
3.73578e+06	0
3.73588e+06	0
3.73598e+06	0
3.73608e+06	0
3.73618e+06	0
3.73628e+06	0
3.73638e+06	0
3.73648e+06	0
3.73658e+06	0
3.73668e+06	0
3.73678e+06	0
3.73688e+06	0
3.73698e+06	0
3.73708e+06	0
3.73718e+06	0
3.73728e+06	0
3.73738e+06	0
3.73748e+06	0
3.73758e+06	0
3.73768e+06	0
3.73778e+06	0
3.73788e+06	0
3.73798e+06	0
3.73808e+06	0
3.73818e+06	0
3.73828e+06	0
3.73838e+06	0
3.73848e+06	0
3.73858e+06	0
3.73868e+06	0
3.73878e+06	0
3.73888e+06	0
3.73898e+06	0
3.73908e+06	0
3.73918e+06	0
3.73928e+06	0
3.73938e+06	0
3.73948e+06	0
3.73958e+06	0
3.73968e+06	0
3.73978e+06	0
3.73988e+06	0
3.73998e+06	0
3.74008e+06	0
3.74018e+06	0
3.74028e+06	0
3.74038e+06	0
3.74048e+06	0
3.74058e+06	0
3.74068e+06	0
3.74078e+06	0
3.74088e+06	0
3.74098e+06	0
3.74108e+06	0
3.74118e+06	0
3.74128e+06	0
3.74138e+06	0
3.74148e+06	0
3.74158e+06	0
3.74168e+06	0
3.74178e+06	0
3.74188e+06	0
3.74198e+06	0
3.74208e+06	0
3.74218e+06	0
3.74228e+06	0
3.74238e+06	0
3.74248e+06	0
3.74258e+06	0
3.74268e+06	0
3.74278e+06	0
3.74288e+06	0
3.74298e+06	0
3.74308e+06	0
3.74318e+06	0
3.74328e+06	0
3.74338e+06	0
3.74348e+06	0
3.74358e+06	0
3.74368e+06	0
3.74378e+06	0
3.74388e+06	0
3.74398e+06	0
3.74408e+06	0
3.74418e+06	0
3.74428e+06	0
3.74438e+06	0
3.74448e+06	0
3.74458e+06	0
3.74468e+06	0
3.74478e+06	0
3.74488e+06	0
3.74498e+06	0
3.74508e+06	0
3.74518e+06	0
3.74528e+06	0
3.74538e+06	0
3.74548e+06	0
3.74558e+06	0
3.74568e+06	0
3.74578e+06	0
3.74588e+06	0
3.74598e+06	0
3.74608e+06	0
3.74618e+06	0
3.74628e+06	0
3.74638e+06	0
3.74648e+06	0
3.74658e+06	0
3.74668e+06	0
3.74678e+06	0
3.74688e+06	0
3.74698e+06	0
3.74708e+06	0
3.74718e+06	0
3.74728e+06	0
3.74738e+06	0
3.74748e+06	0
3.74758e+06	0
3.74768e+06	0
3.74778e+06	0
3.74788e+06	0
3.74798e+06	0
3.74808e+06	0
3.74818e+06	0
3.74828e+06	0
3.74838e+06	0
3.74848e+06	0
3.74858e+06	0
3.74868e+06	0
3.74878e+06	0
3.74888e+06	0
3.74898e+06	0
3.74908e+06	0
3.74918e+06	0
3.74928e+06	0
3.74938e+06	0
3.74948e+06	0
3.74958e+06	0
3.74968e+06	0
3.74978e+06	0
3.74988e+06	0
3.74998e+06	0
3.75008e+06	0
3.75018e+06	0
3.75028e+06	0
3.75038e+06	0
3.75048e+06	0
3.75058e+06	0
3.75068e+06	0
3.75078e+06	0
3.75088e+06	0
3.75098e+06	0
3.75108e+06	0
3.75118e+06	0
3.75128e+06	0
3.75138e+06	0
3.75148e+06	0
3.75158e+06	0
3.75168e+06	0
3.75178e+06	0
3.75188e+06	0
3.75198e+06	0
3.75208e+06	0
3.75218e+06	0
3.75228e+06	0
3.75238e+06	0
3.75248e+06	0
3.75258e+06	0
3.75268e+06	0
3.75278e+06	0
3.75288e+06	0
3.75298e+06	0
3.75308e+06	0
3.75318e+06	0
3.75328e+06	0
3.75338e+06	0
3.75348e+06	0
3.75358e+06	0
3.75368e+06	0
3.75378e+06	0
3.75388e+06	0
3.75398e+06	0
3.75408e+06	0
3.75418e+06	0
3.75428e+06	0
3.75438e+06	0
3.75448e+06	0
3.75458e+06	0
3.75468e+06	0
3.75478e+06	0
3.75488e+06	0
3.75498e+06	0
3.75508e+06	0
3.75518e+06	0
3.75528e+06	0
3.75538e+06	0
3.75548e+06	0
3.75558e+06	0
3.75568e+06	0
3.75578e+06	0
3.75588e+06	0
3.75598e+06	0
3.75608e+06	0
3.75618e+06	0
3.75628e+06	0
3.75638e+06	0
3.75648e+06	0
3.75658e+06	0
3.75668e+06	0
3.75678e+06	0
3.75688e+06	0
3.75698e+06	0
3.75708e+06	0
3.75718e+06	0
3.75728e+06	0
3.75738e+06	0
3.75748e+06	0
3.75758e+06	0
3.75768e+06	0
3.75778e+06	0
3.75788e+06	0
3.75798e+06	0
3.75808e+06	0
3.75818e+06	0
3.75828e+06	0
3.75838e+06	0
3.75848e+06	0
3.75858e+06	0
3.75868e+06	0
3.75878e+06	0
3.75888e+06	0
3.75898e+06	0
3.75908e+06	0
3.75918e+06	0
3.75928e+06	0
3.75938e+06	0
3.75948e+06	0
3.75958e+06	0
3.75968e+06	0
3.75978e+06	0
3.75988e+06	0
3.75998e+06	0
3.76008e+06	0
3.76018e+06	0
3.76028e+06	0
3.76038e+06	0
3.76048e+06	0
3.76058e+06	0
3.76068e+06	0
3.76078e+06	0
3.76088e+06	0
3.76098e+06	0
3.76108e+06	0
3.76118e+06	0
3.76128e+06	0
3.76138e+06	0
3.76148e+06	0
3.76158e+06	0
3.76168e+06	0
3.76178e+06	0
3.76188e+06	0
3.76198e+06	0
3.76208e+06	0
3.76218e+06	0
3.76228e+06	0
3.76238e+06	0
3.76248e+06	0
3.76258e+06	0
3.76268e+06	0
3.76278e+06	0
3.76288e+06	0
3.76298e+06	0
3.76308e+06	0
3.76318e+06	0
3.76328e+06	0
3.76338e+06	0
3.76348e+06	0
3.76358e+06	0
3.76368e+06	0
3.76378e+06	0
3.76388e+06	0
3.76398e+06	0
3.76408e+06	0
3.76418e+06	0
3.76428e+06	0
3.76438e+06	0
3.76448e+06	0
3.76458e+06	0
3.76468e+06	0
3.76478e+06	0
3.76488e+06	0
3.76498e+06	0
3.76508e+06	0
3.76518e+06	0
3.76528e+06	0
3.76538e+06	0
3.76548e+06	0
3.76558e+06	0
3.76568e+06	0
3.76578e+06	0
3.76588e+06	0
3.76598e+06	0
3.76608e+06	0
3.76618e+06	0
3.76628e+06	0
3.76638e+06	0
3.76648e+06	0
3.76658e+06	0
3.76668e+06	0
3.76678e+06	0
3.76688e+06	0
3.76698e+06	0
3.76708e+06	0
3.76718e+06	0
3.76728e+06	0
3.76738e+06	0
3.76748e+06	0
3.76758e+06	0
3.76768e+06	0
3.76778e+06	0
3.76788e+06	0
3.76798e+06	0
3.76808e+06	0
3.76818e+06	0
3.76828e+06	0
3.76838e+06	0
3.76848e+06	0
3.76858e+06	0
3.76868e+06	0
3.76878e+06	0
3.76888e+06	0
3.76898e+06	0
3.76908e+06	0
3.76918e+06	0
3.76928e+06	0
3.76938e+06	0
3.76948e+06	0
3.76958e+06	0
3.76968e+06	0
3.76978e+06	0
3.76988e+06	0
3.76998e+06	0
3.77008e+06	0
3.77018e+06	0
3.77028e+06	0
3.77038e+06	0
3.77048e+06	0
3.77058e+06	0
3.77068e+06	0
3.77078e+06	0
3.77088e+06	0
3.77098e+06	0
3.77108e+06	0
3.77118e+06	0
3.77128e+06	0
3.77138e+06	0
3.77148e+06	0
3.77158e+06	0
3.77168e+06	0
3.77178e+06	0
3.77188e+06	0
3.77198e+06	0
3.77208e+06	0
3.77218e+06	0
3.77228e+06	0
3.77238e+06	0
3.77248e+06	0
3.77258e+06	0
3.77268e+06	0
3.77278e+06	0
3.77288e+06	0
3.77298e+06	0
3.77308e+06	0
3.77318e+06	0
3.77328e+06	0
3.77338e+06	0
3.77348e+06	0
3.77358e+06	0
3.77368e+06	0
3.77378e+06	0
3.77388e+06	0
3.77398e+06	0
3.77408e+06	0
3.77418e+06	0
3.77428e+06	0
3.77438e+06	0
3.77448e+06	0
3.77458e+06	0
3.77468e+06	0
3.77478e+06	0
3.77488e+06	0
3.77498e+06	0
3.77508e+06	0
3.77518e+06	0
3.77528e+06	0
3.77538e+06	0
3.77548e+06	0
3.77558e+06	0
3.77568e+06	0
3.77578e+06	0
3.77588e+06	0
3.77598e+06	0
3.77608e+06	0
3.77618e+06	0
3.77628e+06	0
3.77638e+06	0
3.77648e+06	0
3.77658e+06	0
3.77668e+06	0
3.77678e+06	0
3.77688e+06	0
3.77698e+06	0
3.77708e+06	0
3.77718e+06	0
3.77728e+06	0
3.77738e+06	0
3.77748e+06	0
3.77758e+06	0
3.77768e+06	0
3.77778e+06	0
3.77788e+06	0
3.77798e+06	0
3.77808e+06	0
3.77818e+06	0
3.77828e+06	0
3.77838e+06	0
3.77848e+06	0
3.77858e+06	0
3.77868e+06	0
3.77878e+06	0
3.77888e+06	0
3.77898e+06	0
3.77908e+06	0
3.77918e+06	0
3.77928e+06	0
3.77938e+06	0
3.77948e+06	0
3.77958e+06	0
3.77968e+06	0
3.77978e+06	0
3.77988e+06	0
3.77998e+06	0
3.78008e+06	0
3.78018e+06	0
3.78028e+06	0
3.78038e+06	0
3.78048e+06	0
3.78058e+06	0
3.78068e+06	0
3.78078e+06	0
3.78088e+06	0
3.78098e+06	0
3.78108e+06	0
3.78118e+06	0
3.78128e+06	0
3.78138e+06	0
3.78148e+06	0
3.78158e+06	0
3.78168e+06	0
3.78178e+06	0
3.78188e+06	0
3.78198e+06	0
3.78208e+06	0
3.78218e+06	0
3.78228e+06	0
3.78238e+06	0
3.78248e+06	0
3.78258e+06	0
3.78268e+06	0
3.78278e+06	0
3.78288e+06	0
3.78298e+06	0
3.78308e+06	0
3.78318e+06	0
3.78328e+06	0
3.78338e+06	0
3.78348e+06	0
3.78358e+06	0
3.78368e+06	0
3.78378e+06	0
3.78388e+06	0
3.78398e+06	0
3.78408e+06	0
3.78418e+06	0
3.78428e+06	0
3.78438e+06	0
3.78448e+06	0
3.78458e+06	0
3.78468e+06	0
3.78478e+06	0
3.78488e+06	0
3.78498e+06	0
3.78508e+06	0
3.78518e+06	0
3.78528e+06	0
3.78538e+06	0
3.78548e+06	0
3.78558e+06	0
3.78568e+06	0
3.78578e+06	0
3.78588e+06	0
3.78598e+06	0
3.78608e+06	0
3.78618e+06	0
3.78628e+06	0
3.78638e+06	0
3.78648e+06	0
3.78658e+06	0
3.78668e+06	0
3.78678e+06	0
3.78688e+06	0
3.78698e+06	0
3.78708e+06	0
3.78718e+06	0
3.78728e+06	0
3.78738e+06	0
3.78748e+06	0
3.78758e+06	0
3.78768e+06	0
3.78778e+06	0
3.78788e+06	0
3.78798e+06	0
3.78808e+06	0
3.78818e+06	0
3.78828e+06	0
3.78838e+06	0
3.78848e+06	0
3.78858e+06	0
3.78868e+06	0
3.78878e+06	0
3.78888e+06	0
3.78898e+06	0
3.78908e+06	0
3.78918e+06	0
3.78928e+06	0
3.78938e+06	0
3.78948e+06	0
3.78958e+06	0
3.78968e+06	0
3.78978e+06	0
3.78988e+06	0
3.78998e+06	0
3.79008e+06	0
3.79018e+06	0
3.79028e+06	0
3.79038e+06	0
3.79048e+06	0
3.79058e+06	0
3.79068e+06	0
3.79078e+06	0
3.79088e+06	0
3.79098e+06	0
3.79108e+06	0
3.79118e+06	0
3.79128e+06	0
3.79138e+06	0
3.79148e+06	0
3.79158e+06	0
3.79168e+06	0
3.79178e+06	0
3.79188e+06	0
3.79198e+06	0
3.79208e+06	0
3.79218e+06	0
3.79228e+06	0
3.79238e+06	0
3.79248e+06	0
3.79258e+06	0
3.79268e+06	0
3.79278e+06	0
3.79288e+06	0
3.79298e+06	0
3.79308e+06	0
3.79318e+06	0
3.79328e+06	0
3.79338e+06	0
3.79348e+06	0
3.79358e+06	0
3.79368e+06	0
3.79378e+06	0
3.79388e+06	0
3.79398e+06	0
3.79408e+06	0
3.79418e+06	0
3.79428e+06	0
3.79438e+06	0
3.79448e+06	0
3.79458e+06	0
3.79468e+06	0
3.79478e+06	0
3.79488e+06	0
3.79498e+06	0
3.79508e+06	0
3.79518e+06	0
3.79528e+06	0
3.79538e+06	0
3.79548e+06	0
3.79558e+06	0
3.79568e+06	0
3.79578e+06	0
3.79588e+06	0
3.79598e+06	0
3.79608e+06	0
3.79618e+06	0
3.79628e+06	0
3.79638e+06	0
3.79648e+06	0
3.79658e+06	0
3.79668e+06	0
3.79678e+06	0
3.79688e+06	0
3.79698e+06	0
3.79708e+06	0
3.79718e+06	0
3.79728e+06	0
3.79738e+06	0
3.79748e+06	0
3.79758e+06	0
3.79768e+06	0
3.79778e+06	0
3.79788e+06	0
3.79798e+06	0
3.79808e+06	0
3.79818e+06	0
3.79828e+06	0
3.79838e+06	0
3.79848e+06	0
3.79858e+06	0
3.79868e+06	0
3.79878e+06	0
3.79888e+06	0
3.79898e+06	0
3.79908e+06	0
3.79918e+06	0
3.79928e+06	0
3.79938e+06	0
3.79948e+06	0
3.79958e+06	0
3.79968e+06	0
3.79978e+06	0
3.79988e+06	0
3.79998e+06	0
3.80008e+06	0
3.80018e+06	0
3.80028e+06	0
3.80038e+06	0
3.80048e+06	0
3.80058e+06	0
3.80068e+06	0
3.80078e+06	0
3.80088e+06	0
3.80098e+06	0
3.80108e+06	0
3.80118e+06	0
3.80128e+06	0
3.80138e+06	0
3.80148e+06	0
3.80158e+06	0
3.80168e+06	0
3.80178e+06	0
3.80188e+06	0
3.80198e+06	0
3.80208e+06	0
3.80218e+06	0
3.80228e+06	0
3.80238e+06	0
3.80248e+06	0
3.80258e+06	0
3.80268e+06	0
3.80278e+06	0
3.80288e+06	0
3.80298e+06	0
3.80308e+06	0
3.80318e+06	0
3.80328e+06	0
3.80338e+06	0
3.80348e+06	0
3.80358e+06	0
3.80368e+06	0
3.80378e+06	0
3.80388e+06	0
3.80398e+06	0
3.80408e+06	0
3.80418e+06	0
3.80428e+06	0
3.80438e+06	0
3.80448e+06	0
3.80458e+06	0
3.80468e+06	0
3.80478e+06	0
3.80488e+06	0
3.80498e+06	0
3.80508e+06	0
3.80518e+06	0
3.80528e+06	0
3.80538e+06	0
3.80548e+06	0
3.80558e+06	0
3.80568e+06	0
3.80578e+06	0
3.80588e+06	0
3.80598e+06	0
3.80608e+06	0
3.80618e+06	0
3.80628e+06	0
3.80638e+06	0
3.80648e+06	0
3.80658e+06	0
3.80668e+06	0
3.80678e+06	0
3.80688e+06	0
3.80698e+06	0
3.80708e+06	0
3.80718e+06	0
3.80728e+06	0
3.80738e+06	0
3.80748e+06	0
3.80758e+06	0
3.80768e+06	0
3.80778e+06	0
3.80788e+06	0
3.80798e+06	0
3.80808e+06	0
3.80818e+06	0
3.80828e+06	0
3.80838e+06	0
3.80848e+06	0
3.80858e+06	0
3.80868e+06	0
3.80878e+06	0
3.80888e+06	0
3.80898e+06	0
3.80908e+06	0
3.80918e+06	0
3.80928e+06	0
3.80938e+06	0
3.80948e+06	0
3.80958e+06	0
3.80968e+06	0
3.80978e+06	0
3.80988e+06	0
3.80998e+06	0
3.81008e+06	0
3.81018e+06	0
3.81028e+06	0
3.81038e+06	0
3.81048e+06	0
3.81058e+06	0
3.81068e+06	0
3.81078e+06	0
3.81088e+06	0
3.81098e+06	0
3.81108e+06	0
3.81118e+06	0
3.81128e+06	0
3.81138e+06	0
3.81148e+06	0
3.81158e+06	0
3.81168e+06	0
3.81178e+06	0
3.81188e+06	0
3.81198e+06	0
3.81208e+06	0
3.81218e+06	0
3.81228e+06	0
3.81238e+06	0
3.81248e+06	0
3.81258e+06	0
3.81268e+06	0
3.81278e+06	0
3.81288e+06	0
3.81298e+06	0
3.81308e+06	0
3.81318e+06	0
3.81328e+06	0
3.81338e+06	0
3.81348e+06	0
3.81358e+06	0
3.81368e+06	0
3.81378e+06	0
3.81388e+06	0
3.81398e+06	0
3.81408e+06	0
3.81418e+06	0
3.81428e+06	0
3.81438e+06	0
3.81448e+06	0
3.81458e+06	0
3.81468e+06	0
3.81478e+06	0
3.81488e+06	0
3.81498e+06	0
3.81508e+06	0
3.81518e+06	0
3.81528e+06	0
3.81538e+06	0
3.81548e+06	0
3.81558e+06	0
3.81568e+06	0
3.81578e+06	0
3.81588e+06	0
3.81598e+06	0
3.81608e+06	0
3.81618e+06	0
3.81628e+06	0
3.81638e+06	0
3.81648e+06	0
3.81658e+06	0
3.81668e+06	0
3.81678e+06	0
3.81688e+06	0
3.81698e+06	0
3.81708e+06	0
3.81718e+06	0
3.81728e+06	0
3.81738e+06	0
3.81748e+06	0
3.81758e+06	0
3.81768e+06	0
3.81778e+06	0
3.81788e+06	0
3.81798e+06	0
3.81808e+06	0
3.81818e+06	0
3.81828e+06	0
3.81838e+06	0
3.81848e+06	0
3.81858e+06	0
3.81868e+06	0
3.81878e+06	0
3.81888e+06	0
3.81898e+06	0
3.81908e+06	0
3.81918e+06	0
3.81928e+06	0
3.81938e+06	0
3.81948e+06	0
3.81958e+06	0
3.81968e+06	0
3.81978e+06	0
3.81988e+06	0
3.81998e+06	0
3.82008e+06	0
3.82018e+06	0
3.82028e+06	0
3.82038e+06	0
3.82048e+06	0
3.82058e+06	0
3.82068e+06	0
3.82078e+06	0
3.82088e+06	0
3.82098e+06	0
3.82108e+06	0
3.82118e+06	0
3.82128e+06	0
3.82138e+06	0
3.82148e+06	0
3.82158e+06	0
3.82168e+06	0
3.82178e+06	0
3.82188e+06	0
3.82198e+06	0
3.82208e+06	0
3.82218e+06	0
3.82228e+06	0
3.82238e+06	0
3.82248e+06	0
3.82258e+06	0
3.82268e+06	0
3.82278e+06	0
3.82288e+06	0
3.82298e+06	0
3.82308e+06	0
3.82318e+06	0
3.82328e+06	0
3.82338e+06	0
3.82348e+06	0
3.82358e+06	0
3.82368e+06	0
3.82378e+06	0
3.82388e+06	0
3.82398e+06	0
3.82408e+06	0
3.82418e+06	0
3.82428e+06	0
3.82438e+06	0
3.82448e+06	0
3.82458e+06	0
3.82468e+06	0
3.82478e+06	0
3.82488e+06	0
3.82498e+06	0
3.82508e+06	0
3.82518e+06	0
3.82528e+06	0
3.82538e+06	0
3.82548e+06	0
3.82558e+06	0
3.82568e+06	0
3.82578e+06	0
3.82588e+06	0
3.82598e+06	0
3.82608e+06	0
3.82618e+06	0
3.82628e+06	0
3.82638e+06	0
3.82648e+06	0
3.82658e+06	0
3.82668e+06	0
3.82678e+06	0
3.82688e+06	0
3.82698e+06	0
3.82708e+06	0
3.82718e+06	0
3.82728e+06	0
3.82738e+06	0
3.82748e+06	0
3.82758e+06	0
3.82768e+06	0
3.82778e+06	0
3.82788e+06	0
3.82798e+06	0
3.82808e+06	0
3.82818e+06	0
3.82828e+06	0
3.82838e+06	0
3.82848e+06	0
3.82858e+06	0
3.82868e+06	0
3.82878e+06	0
3.82888e+06	0
3.82898e+06	0
3.82908e+06	0
3.82918e+06	0
3.82928e+06	0
3.82938e+06	0
3.82948e+06	0
3.82958e+06	0
3.82968e+06	0
3.82978e+06	0
3.82988e+06	0
3.82998e+06	0
3.83008e+06	0
3.83018e+06	0
3.83028e+06	0
3.83038e+06	0
3.83048e+06	0
3.83058e+06	0
3.83068e+06	0
3.83078e+06	0
3.83088e+06	0
3.83098e+06	0
3.83108e+06	0
3.83118e+06	0
3.83128e+06	0
3.83138e+06	0
3.83148e+06	0
3.83158e+06	0
3.83168e+06	0
3.83178e+06	0
3.83188e+06	0
3.83198e+06	0
3.83208e+06	0
3.83218e+06	0
3.83228e+06	0
3.83238e+06	0
3.83248e+06	0
3.83258e+06	0
3.83268e+06	0
3.83278e+06	0
3.83288e+06	0
3.83298e+06	0
3.83308e+06	0
3.83318e+06	0
3.83328e+06	0
3.83338e+06	0
3.83348e+06	0
3.83358e+06	0
3.83368e+06	0
3.83378e+06	0
3.83388e+06	0
3.83398e+06	0
3.83408e+06	0
3.83418e+06	0
3.83428e+06	0
3.83438e+06	0
3.83448e+06	0
3.83458e+06	0
3.83468e+06	0
3.83478e+06	0
3.83488e+06	0
3.83498e+06	0
3.83508e+06	0
3.83518e+06	0
3.83528e+06	0
3.83538e+06	0
3.83548e+06	0
3.83558e+06	0
3.83568e+06	0
3.83578e+06	0
3.83588e+06	0
3.83598e+06	0
3.83608e+06	0
3.83618e+06	0
3.83628e+06	0
3.83638e+06	0
3.83648e+06	0
3.83658e+06	0
3.83668e+06	0
3.83678e+06	0
3.83688e+06	0
3.83698e+06	0
3.83708e+06	0
3.83718e+06	0
3.83728e+06	0
3.83738e+06	0
3.83748e+06	0
3.83758e+06	0
3.83768e+06	0
3.83778e+06	0
3.83788e+06	0
3.83798e+06	0
3.83808e+06	0
3.83818e+06	0
3.83828e+06	0
3.83838e+06	0
3.83848e+06	0
3.83858e+06	0
3.83868e+06	0
3.83878e+06	0
3.83888e+06	0
3.83898e+06	0
3.83908e+06	0
3.83918e+06	0
3.83928e+06	0
3.83938e+06	0
3.83948e+06	0
3.83958e+06	0
3.83968e+06	0
3.83978e+06	0
3.83988e+06	0
3.83998e+06	0
3.84008e+06	0
3.84018e+06	0
3.84028e+06	0
3.84038e+06	0
3.84048e+06	0
3.84058e+06	0
3.84068e+06	0
3.84078e+06	0
3.84088e+06	0
3.84098e+06	0
3.84108e+06	0
3.84118e+06	0
3.84128e+06	0
3.84138e+06	0
3.84148e+06	0
3.84158e+06	0
3.84168e+06	0
3.84178e+06	0
3.84188e+06	0
3.84198e+06	0
3.84208e+06	0
3.84218e+06	0
3.84228e+06	0
3.84238e+06	0
3.84248e+06	0
3.84258e+06	0
3.84268e+06	0
3.84278e+06	0
3.84288e+06	0
3.84298e+06	0
3.84308e+06	0
3.84318e+06	0
3.84328e+06	0
3.84338e+06	0
3.84348e+06	0
3.84358e+06	0
3.84368e+06	0
3.84378e+06	0
3.84388e+06	0
3.84398e+06	0
3.84408e+06	0
3.84418e+06	0
3.84428e+06	0
3.84438e+06	0
3.84448e+06	0
3.84458e+06	0
3.84468e+06	0
3.84478e+06	0
3.84488e+06	0
3.84498e+06	0
3.84508e+06	0
3.84518e+06	0
3.84528e+06	0
3.84538e+06	0
3.84548e+06	0
3.84558e+06	0
3.84568e+06	0
3.84578e+06	0
3.84588e+06	0
3.84598e+06	0
3.84608e+06	0
3.84618e+06	0
3.84628e+06	0
3.84638e+06	0
3.84648e+06	0
3.84658e+06	0
3.84668e+06	0
3.84678e+06	0
3.84688e+06	0
3.84698e+06	0
3.84708e+06	0
3.84718e+06	0
3.84728e+06	0
3.84738e+06	0
3.84748e+06	0
3.84758e+06	0
3.84768e+06	0
3.84778e+06	0
3.84788e+06	0
3.84798e+06	0
3.84808e+06	0
3.84818e+06	0
3.84828e+06	0
3.84838e+06	0
3.84848e+06	0
3.84858e+06	0
3.84868e+06	0
3.84878e+06	0
3.84888e+06	0
3.84898e+06	0
3.84908e+06	0
3.84918e+06	0
3.84928e+06	0
3.84938e+06	0
3.84948e+06	0
3.84958e+06	0
3.84968e+06	0
3.84978e+06	0
3.84988e+06	0
3.84998e+06	0
3.85008e+06	0
3.85018e+06	0
3.85028e+06	0
3.85038e+06	0
3.85048e+06	0
3.85058e+06	0
3.85068e+06	0
3.85078e+06	0
3.85088e+06	0
3.85098e+06	0
3.85108e+06	0
3.85118e+06	0
3.85128e+06	0
3.85138e+06	0
3.85148e+06	0
3.85158e+06	0
3.85168e+06	0
3.85178e+06	0
3.85188e+06	0
3.85198e+06	0
3.85208e+06	0
3.85218e+06	0
3.85228e+06	0
3.85238e+06	0
3.85248e+06	0
3.85258e+06	0
3.85268e+06	0
3.85278e+06	0
3.85288e+06	0
3.85298e+06	0
3.85308e+06	0
3.85318e+06	0
3.85328e+06	0
3.85338e+06	0
3.85348e+06	0
3.85358e+06	0
3.85368e+06	0
3.85378e+06	0
3.85388e+06	0
3.85398e+06	0
3.85408e+06	0
3.85418e+06	0
3.85428e+06	0
3.85438e+06	0
3.85448e+06	0
3.85458e+06	0
3.85468e+06	0
3.85478e+06	0
3.85488e+06	0
3.85498e+06	0
3.85508e+06	0
3.85518e+06	0
3.85528e+06	0
3.85538e+06	0
3.85548e+06	0
3.85558e+06	0
3.85568e+06	0
3.85578e+06	0
3.85588e+06	0
3.85598e+06	0
3.85608e+06	0
3.85618e+06	0
3.85628e+06	0
3.85638e+06	0
3.85648e+06	0
3.85658e+06	0
3.85668e+06	0
3.85678e+06	0
3.85688e+06	0
3.85698e+06	0
3.85708e+06	0
3.85718e+06	0
3.85728e+06	0
3.85738e+06	0
3.85748e+06	0
3.85758e+06	0
3.85768e+06	0
3.85778e+06	0
3.85788e+06	0
3.85798e+06	0
3.85808e+06	0
3.85818e+06	0
3.85828e+06	0
3.85838e+06	0
3.85848e+06	0
3.85858e+06	0
3.85868e+06	0
3.85878e+06	0
3.85888e+06	0
3.85898e+06	0
3.85908e+06	0
3.85918e+06	0
3.85928e+06	0
3.85938e+06	0
3.85948e+06	0
3.85958e+06	0
3.85968e+06	0
3.85978e+06	0
3.85988e+06	0
3.85998e+06	0
3.86008e+06	0
3.86018e+06	0
3.86028e+06	0
3.86038e+06	0
3.86048e+06	0
3.86058e+06	0
3.86068e+06	0
3.86078e+06	0
3.86088e+06	0
3.86098e+06	0
3.86108e+06	0
3.86118e+06	0
3.86128e+06	0
3.86138e+06	0
3.86148e+06	0
3.86158e+06	0
3.86168e+06	0
3.86178e+06	0
3.86188e+06	0
3.86198e+06	0
3.86208e+06	0
3.86218e+06	0
3.86228e+06	0
3.86238e+06	0
3.86248e+06	0
3.86258e+06	0
3.86268e+06	0
3.86278e+06	0
3.86288e+06	0
3.86298e+06	0
3.86308e+06	0
3.86318e+06	0
3.86328e+06	0
3.86338e+06	0
3.86348e+06	0
3.86358e+06	0
3.86368e+06	0
3.86378e+06	0
3.86388e+06	0
3.86398e+06	0
3.86408e+06	0
3.86418e+06	0
3.86428e+06	0
3.86438e+06	0
3.86448e+06	0
3.86458e+06	0
3.86468e+06	0
3.86478e+06	0
3.86488e+06	0
3.86498e+06	0
3.86508e+06	0
3.86518e+06	0
3.86528e+06	0
3.86538e+06	0
3.86548e+06	0
3.86558e+06	0
3.86568e+06	0
3.86578e+06	0
3.86588e+06	0
3.86598e+06	0
3.86608e+06	0
3.86618e+06	0
3.86628e+06	0
3.86638e+06	0
3.86648e+06	0
3.86658e+06	0
3.86668e+06	0
3.86678e+06	0
3.86688e+06	0
3.86698e+06	0
3.86708e+06	0
3.86718e+06	0
3.86728e+06	0
3.86738e+06	0
3.86748e+06	0
3.86758e+06	0
3.86768e+06	0
3.86778e+06	0
3.86788e+06	0
3.86798e+06	0
3.86808e+06	0
3.86818e+06	0
3.86828e+06	0
3.86838e+06	0
3.86848e+06	0
3.86858e+06	0
3.86868e+06	0
3.86878e+06	0
3.86888e+06	0
3.86898e+06	0
3.86908e+06	0
3.86918e+06	0
3.86928e+06	0
3.86938e+06	0
3.86948e+06	0
3.86958e+06	0
3.86968e+06	0
3.86978e+06	0
3.86988e+06	0
3.86998e+06	0
3.87008e+06	0
3.87018e+06	0
3.87028e+06	0
3.87038e+06	0
3.87048e+06	0
3.87058e+06	0
3.87068e+06	0
3.87078e+06	0
3.87088e+06	0
3.87098e+06	0
3.87108e+06	0
3.87118e+06	0
3.87128e+06	0
3.87138e+06	0
3.87148e+06	0
3.87158e+06	0
3.87168e+06	0
3.87178e+06	0
3.87188e+06	0
3.87198e+06	0
3.87208e+06	0
3.87218e+06	0
3.87228e+06	0
3.87238e+06	0
3.87248e+06	0
3.87258e+06	0
3.87268e+06	0
3.87278e+06	0
3.87288e+06	0
3.87298e+06	0
3.87308e+06	0
3.87318e+06	0
3.87328e+06	0
3.87338e+06	0
3.87348e+06	0
3.87358e+06	0
3.87368e+06	0
3.87378e+06	0
3.87388e+06	0
3.87398e+06	0
3.87408e+06	0
3.87418e+06	0
3.87428e+06	0
3.87438e+06	0
3.87448e+06	0
3.87458e+06	0
3.87468e+06	0
3.87478e+06	0
3.87488e+06	0
3.87498e+06	0
3.87508e+06	0
3.87518e+06	0
3.87528e+06	0
3.87538e+06	0
3.87548e+06	0
3.87558e+06	0
3.87568e+06	0
3.87578e+06	0
3.87588e+06	0
3.87598e+06	0
3.87608e+06	0
3.87618e+06	0
3.87628e+06	0
3.87638e+06	0
3.87648e+06	0
3.87658e+06	0
3.87668e+06	0
3.87678e+06	0
3.87688e+06	0
3.87698e+06	0
3.87708e+06	0
3.87718e+06	0
3.87728e+06	0
3.87738e+06	0
3.87748e+06	0
3.87758e+06	0
3.87768e+06	0
3.87778e+06	0
3.87788e+06	0
3.87798e+06	0
3.87808e+06	0
3.87818e+06	0
3.87828e+06	0
3.87838e+06	0
3.87848e+06	0
3.87858e+06	0
3.87868e+06	0
3.87878e+06	0
3.87888e+06	0
3.87898e+06	0
3.87908e+06	0
3.87918e+06	0
3.87928e+06	0
3.87938e+06	0
3.87948e+06	0
3.87958e+06	0
3.87968e+06	0
3.87978e+06	0
3.87988e+06	0
3.87998e+06	0
3.88008e+06	0
3.88018e+06	0
3.88028e+06	0
3.88038e+06	0
3.88048e+06	0
3.88058e+06	0
3.88068e+06	0
3.88078e+06	0
3.88088e+06	0
3.88098e+06	0
3.88108e+06	0
3.88118e+06	0
3.88128e+06	0
3.88138e+06	0
3.88148e+06	0
3.88158e+06	0
3.88168e+06	0
3.88178e+06	0
3.88188e+06	0
3.88198e+06	0
3.88208e+06	0
3.88218e+06	0
3.88228e+06	0
3.88238e+06	0
3.88248e+06	0
3.88258e+06	0
3.88268e+06	0
3.88278e+06	0
3.88288e+06	0
3.88298e+06	0
3.88308e+06	0
3.88318e+06	0
3.88328e+06	0
3.88338e+06	0
3.88348e+06	0
3.88358e+06	0
3.88368e+06	0
3.88378e+06	0
3.88388e+06	0
3.88398e+06	0
3.88408e+06	0
3.88418e+06	0
3.88428e+06	0
3.88438e+06	0
3.88448e+06	0
3.88458e+06	0
3.88468e+06	0
3.88478e+06	0
3.88488e+06	0
3.88498e+06	0
3.88508e+06	0
3.88518e+06	0
3.88528e+06	0
3.88538e+06	0
3.88548e+06	0
3.88558e+06	0
3.88568e+06	0
3.88578e+06	0
3.88588e+06	0
3.88598e+06	0
3.88608e+06	0
3.88618e+06	0
3.88628e+06	0
3.88638e+06	0
3.88648e+06	0
3.88658e+06	0
3.88668e+06	0
3.88678e+06	0
3.88688e+06	0
3.88698e+06	0
3.88708e+06	0
3.88718e+06	0
3.88728e+06	0
3.88738e+06	0
3.88748e+06	0
3.88758e+06	0
3.88768e+06	0
3.88778e+06	0
3.88788e+06	0
3.88798e+06	0
3.88808e+06	0
3.88818e+06	0
3.88828e+06	0
3.88838e+06	0
3.88848e+06	0
3.88858e+06	0
3.88868e+06	0
3.88878e+06	0
3.88888e+06	0
3.88898e+06	0
3.88908e+06	0
3.88918e+06	0
3.88928e+06	0
3.88938e+06	0
3.88948e+06	0
3.88958e+06	0
3.88968e+06	0
3.88978e+06	0
3.88988e+06	0
3.88998e+06	0
3.89008e+06	0
3.89018e+06	0
3.89028e+06	0
3.89038e+06	0
3.89048e+06	0
3.89058e+06	0
3.89068e+06	0
3.89078e+06	0
3.89088e+06	0
3.89098e+06	0
3.89108e+06	0
3.89118e+06	0
3.89128e+06	0
3.89138e+06	0
3.89148e+06	0
3.89158e+06	0
3.89168e+06	0
3.89178e+06	0
3.89188e+06	0
3.89198e+06	0
3.89208e+06	0
3.89218e+06	0
3.89228e+06	0
3.89238e+06	0
3.89248e+06	0
3.89258e+06	0
3.89268e+06	0
3.89278e+06	0
3.89288e+06	0
3.89298e+06	0
3.89308e+06	0
3.89318e+06	0
3.89328e+06	0
3.89338e+06	0
3.89348e+06	0
3.89358e+06	0
3.89368e+06	0
3.89378e+06	0
3.89388e+06	0
3.89398e+06	0
3.89408e+06	0
3.89418e+06	0
3.89428e+06	0
3.89438e+06	0
3.89448e+06	0
3.89458e+06	0
3.89468e+06	0
3.89478e+06	0
3.89488e+06	0
3.89498e+06	0
3.89508e+06	0
3.89518e+06	0
3.89528e+06	0
3.89538e+06	0
3.89548e+06	0
3.89558e+06	0
3.89568e+06	0
3.89578e+06	0
3.89588e+06	0
3.89598e+06	0
3.89608e+06	0
3.89618e+06	0
3.89628e+06	0
3.89638e+06	0
3.89648e+06	0
3.89658e+06	0
3.89668e+06	0
3.89678e+06	0
3.89688e+06	0
3.89698e+06	0
3.89708e+06	0
3.89718e+06	0
3.89728e+06	0
3.89738e+06	0
3.89748e+06	0
3.89758e+06	0
3.89768e+06	0
3.89778e+06	0
3.89788e+06	0
3.89798e+06	0
3.89808e+06	0
3.89818e+06	0
3.89828e+06	0
3.89838e+06	0
3.89848e+06	0
3.89858e+06	0
3.89868e+06	0
3.89878e+06	0
3.89888e+06	0
3.89898e+06	0
3.89908e+06	0
3.89918e+06	0
3.89928e+06	0
3.89938e+06	0
3.89948e+06	0
3.89958e+06	0
3.89968e+06	0
3.89978e+06	0
3.89988e+06	0
3.89998e+06	0
3.90008e+06	0
3.90018e+06	0
3.90028e+06	0
3.90038e+06	0
3.90048e+06	0
3.90058e+06	0
3.90068e+06	0
3.90078e+06	0
3.90088e+06	0
3.90098e+06	0
3.90108e+06	0
3.90118e+06	0
3.90128e+06	0
3.90138e+06	0
3.90148e+06	0
3.90158e+06	0
3.90168e+06	0
3.90178e+06	0
3.90188e+06	0
3.90198e+06	0
3.90208e+06	0
3.90218e+06	0
3.90228e+06	0
3.90238e+06	0
3.90248e+06	0
3.90258e+06	0
3.90268e+06	0
3.90278e+06	0
3.90288e+06	0
3.90298e+06	0
3.90308e+06	0
3.90318e+06	0
3.90328e+06	0
3.90338e+06	0
3.90348e+06	0
3.90358e+06	0
3.90368e+06	0
3.90378e+06	0
3.90388e+06	0
3.90398e+06	0
3.90408e+06	0
3.90418e+06	0
3.90428e+06	0
3.90438e+06	0
3.90448e+06	0
3.90458e+06	0
3.90468e+06	0
3.90478e+06	0
3.90488e+06	0
3.90498e+06	0
3.90508e+06	0
3.90518e+06	0
3.90528e+06	0
3.90538e+06	0
3.90548e+06	0
3.90558e+06	0
3.90568e+06	0
3.90578e+06	0
3.90588e+06	0
3.90598e+06	0
3.90608e+06	0
3.90618e+06	0
3.90628e+06	0
3.90638e+06	0
3.90648e+06	0
3.90658e+06	0
3.90668e+06	0
3.90678e+06	0
3.90688e+06	0
3.90698e+06	0
3.90708e+06	0
3.90718e+06	0
3.90728e+06	0
3.90738e+06	0
3.90748e+06	0
3.90758e+06	0
3.90768e+06	0
3.90778e+06	0
3.90788e+06	0
3.90798e+06	0
3.90808e+06	0
3.90818e+06	0
3.90828e+06	0
3.90838e+06	0
3.90848e+06	0
3.90858e+06	0
3.90868e+06	0
3.90878e+06	0
3.90888e+06	0
3.90898e+06	0
3.90908e+06	0
3.90918e+06	0
3.90928e+06	0
3.90938e+06	0
3.90948e+06	0
3.90958e+06	0
3.90968e+06	0
3.90978e+06	0
3.90988e+06	0
3.90998e+06	0
3.91008e+06	0
3.91018e+06	0
3.91028e+06	0
3.91038e+06	0
3.91048e+06	0
3.91058e+06	0
3.91068e+06	0
3.91078e+06	0
3.91088e+06	0
3.91098e+06	0
3.91108e+06	0
3.91118e+06	0
3.91128e+06	0
3.91138e+06	0
3.91148e+06	0
3.91158e+06	0
3.91168e+06	0
3.91178e+06	0
3.91188e+06	0
3.91198e+06	0
3.91208e+06	0
3.91218e+06	0
3.91228e+06	0
3.91238e+06	0
3.91248e+06	0
3.91258e+06	0
3.91268e+06	0
3.91278e+06	0
3.91288e+06	0
3.91298e+06	0
3.91308e+06	0
3.91318e+06	0
3.91328e+06	0
3.91338e+06	0
3.91348e+06	0
3.91358e+06	0
3.91368e+06	0
3.91378e+06	0
3.91388e+06	0
3.91398e+06	0
3.91408e+06	0
3.91418e+06	0
3.91428e+06	0
3.91438e+06	0
3.91448e+06	0
3.91458e+06	0
3.91468e+06	0
3.91478e+06	0
3.91488e+06	0
3.91498e+06	0
3.91508e+06	0
3.91518e+06	0
3.91528e+06	0
3.91538e+06	0
3.91548e+06	0
3.91558e+06	0
3.91568e+06	0
3.91578e+06	0
3.91588e+06	0
3.91598e+06	0
3.91608e+06	0
3.91618e+06	0
3.91628e+06	0
3.91638e+06	0
3.91648e+06	0
3.91658e+06	0
3.91668e+06	0
3.91678e+06	0
3.91688e+06	0
3.91698e+06	0
3.91708e+06	0
3.91718e+06	0
3.91728e+06	0
3.91738e+06	0
3.91748e+06	0
3.91758e+06	0
3.91768e+06	0
3.91778e+06	0
3.91788e+06	0
3.91798e+06	0
3.91808e+06	0
3.91818e+06	0
3.91828e+06	0
3.91838e+06	0
3.91848e+06	0
3.91858e+06	0
3.91868e+06	0
3.91878e+06	0
3.91888e+06	0
3.91898e+06	0
3.91908e+06	0
3.91918e+06	0
3.91928e+06	0
3.91938e+06	0
3.91948e+06	0
3.91958e+06	0
3.91968e+06	0
3.91978e+06	0
3.91988e+06	0
3.91998e+06	0
3.92008e+06	0
3.92018e+06	0
3.92028e+06	0
3.92038e+06	0
3.92048e+06	0
3.92058e+06	0
3.92068e+06	0
3.92078e+06	0
3.92088e+06	0
3.92098e+06	0
3.92108e+06	0
3.92118e+06	0
3.92128e+06	0
3.92138e+06	0
3.92148e+06	0
3.92158e+06	0
3.92168e+06	0
3.92178e+06	0
3.92188e+06	0
3.92198e+06	0
3.92208e+06	0
3.92218e+06	0
3.92228e+06	0
3.92238e+06	0
3.92248e+06	0
3.92258e+06	0
3.92268e+06	0
3.92278e+06	0
3.92288e+06	0
3.92298e+06	0
3.92308e+06	0
3.92318e+06	0
3.92328e+06	0
3.92338e+06	0
3.92348e+06	0
3.92358e+06	0
3.92368e+06	0
3.92378e+06	0
3.92388e+06	0
3.92398e+06	0
3.92408e+06	0
3.92418e+06	0
3.92428e+06	0
3.92438e+06	0
3.92448e+06	0
3.92458e+06	0
3.92468e+06	0
3.92478e+06	0
3.92488e+06	0
3.92498e+06	0
3.92508e+06	0
3.92518e+06	0
3.92528e+06	0
3.92538e+06	0
3.92548e+06	0
3.92558e+06	0
3.92568e+06	0
3.92578e+06	0
3.92588e+06	0
3.92598e+06	0
3.92608e+06	0
3.92618e+06	0
3.92628e+06	0
3.92638e+06	0
3.92648e+06	0
3.92658e+06	0
3.92668e+06	0
3.92678e+06	0
3.92688e+06	0
3.92698e+06	0
3.92708e+06	0
3.92718e+06	0
3.92728e+06	0
3.92738e+06	0
3.92748e+06	0
3.92758e+06	0
3.92768e+06	0
3.92778e+06	0
3.92788e+06	0
3.92798e+06	0
3.92808e+06	0
3.92818e+06	0
3.92828e+06	0
3.92838e+06	0
3.92848e+06	0
3.92858e+06	0
3.92868e+06	0
3.92878e+06	0
3.92888e+06	0
3.92898e+06	0
3.92908e+06	0
3.92918e+06	0
3.92928e+06	0
3.92938e+06	0
3.92948e+06	0
3.92958e+06	0
3.92968e+06	0
3.92978e+06	0
3.92988e+06	0
3.92998e+06	0
3.93008e+06	0
3.93018e+06	0
3.93028e+06	0
3.93038e+06	0
3.93048e+06	0
3.93058e+06	0
3.93068e+06	0
3.93078e+06	0
3.93088e+06	0
3.93098e+06	0
3.93108e+06	0
3.93118e+06	0
3.93128e+06	0
3.93138e+06	0
3.93148e+06	0
3.93158e+06	0
3.93168e+06	0
3.93178e+06	0
3.93188e+06	0
3.93198e+06	0
3.93208e+06	0
3.93218e+06	0
3.93228e+06	0
3.93238e+06	0
3.93248e+06	0
3.93258e+06	0
3.93268e+06	0
3.93278e+06	0
3.93288e+06	0
3.93298e+06	0
3.93308e+06	0
3.93318e+06	0
3.93328e+06	0
3.93338e+06	0
3.93348e+06	0
3.93358e+06	0
3.93368e+06	0
3.93378e+06	0
3.93388e+06	0
3.93398e+06	0
3.93408e+06	0
3.93418e+06	0
3.93428e+06	0
3.93438e+06	0
3.93448e+06	0
3.93458e+06	0
3.93468e+06	0
3.93478e+06	0
3.93488e+06	0
3.93498e+06	0
3.93508e+06	0
3.93518e+06	0
3.93528e+06	0
3.93538e+06	0
3.93548e+06	0
3.93558e+06	0
3.93568e+06	0
3.93578e+06	0
3.93588e+06	0
3.93598e+06	0
3.93608e+06	0
3.93618e+06	0
3.93628e+06	0
3.93638e+06	0
3.93648e+06	0
3.93658e+06	0
3.93668e+06	0
3.93678e+06	0
3.93688e+06	0
3.93698e+06	0
3.93708e+06	0
3.93718e+06	0
3.93728e+06	0
3.93738e+06	0
3.93748e+06	0
3.93758e+06	0
3.93768e+06	0
3.93778e+06	0
3.93788e+06	0
3.93798e+06	0
3.93808e+06	0
3.93818e+06	0
3.93828e+06	0
3.93838e+06	0
3.93848e+06	0
3.93858e+06	0
3.93868e+06	0
3.93878e+06	0
3.93888e+06	0
3.93898e+06	0
3.93908e+06	0
3.93918e+06	0
3.93928e+06	0
3.93938e+06	0
3.93948e+06	0
3.93958e+06	0
3.93968e+06	0
3.93978e+06	0
3.93988e+06	0
3.93998e+06	0
3.94008e+06	0
3.94018e+06	0
3.94028e+06	0
3.94038e+06	0
3.94048e+06	0
3.94058e+06	0
3.94068e+06	0
3.94078e+06	0
3.94088e+06	0
3.94098e+06	0
3.94108e+06	0
3.94118e+06	0
3.94128e+06	0
3.94138e+06	0
3.94148e+06	0
3.94158e+06	0
3.94168e+06	0
3.94178e+06	0
3.94188e+06	0
3.94198e+06	0
3.94208e+06	0
3.94218e+06	0
3.94228e+06	0
3.94238e+06	0
3.94248e+06	0
3.94258e+06	0
3.94268e+06	0
3.94278e+06	0
3.94288e+06	0
3.94298e+06	0
3.94308e+06	0
3.94318e+06	0
3.94328e+06	0
3.94338e+06	0
3.94348e+06	0
3.94358e+06	0
3.94368e+06	0
3.94378e+06	0
3.94388e+06	0
3.94398e+06	0
3.94408e+06	0
3.94418e+06	0
3.94428e+06	0
3.94438e+06	0
3.94448e+06	0
3.94458e+06	0
3.94468e+06	0
3.94478e+06	0
3.94488e+06	0
3.94498e+06	0
3.94508e+06	0
3.94518e+06	0
3.94528e+06	0
3.94538e+06	0
3.94548e+06	0
3.94558e+06	0
3.94568e+06	0
3.94578e+06	0
3.94588e+06	0
3.94598e+06	0
3.94608e+06	0
3.94618e+06	0
3.94628e+06	0
3.94638e+06	0
3.94648e+06	0
3.94658e+06	0
3.94668e+06	0
3.94678e+06	0
3.94688e+06	0
3.94698e+06	0
3.94708e+06	0
3.94718e+06	0
3.94728e+06	0
3.94738e+06	0
3.94748e+06	0
3.94758e+06	0
3.94768e+06	0
3.94778e+06	0
3.94788e+06	0
3.94798e+06	0
3.94808e+06	0
3.94818e+06	0
3.94828e+06	0
3.94838e+06	0
3.94848e+06	0
3.94858e+06	0
3.94868e+06	0
3.94878e+06	0
3.94888e+06	0
3.94898e+06	0
3.94908e+06	0
3.94918e+06	0
3.94928e+06	0
3.94938e+06	0
3.94948e+06	0
3.94958e+06	0
3.94968e+06	0
3.94978e+06	0
3.94988e+06	0
3.94998e+06	0
3.95008e+06	0
3.95018e+06	0
3.95028e+06	0
3.95038e+06	0
3.95048e+06	0
3.95058e+06	0
3.95068e+06	0
3.95078e+06	0
3.95088e+06	0
3.95098e+06	0
3.95108e+06	0
3.95118e+06	0
3.95128e+06	0
3.95138e+06	0
3.95148e+06	0
3.95158e+06	0
3.95168e+06	0
3.95178e+06	0
3.95188e+06	0
3.95198e+06	0
3.95208e+06	0
3.95218e+06	0
3.95228e+06	0
3.95238e+06	0
3.95248e+06	0
3.95258e+06	0
3.95268e+06	0
3.95278e+06	0
3.95288e+06	0
3.95298e+06	0
3.95308e+06	0
3.95318e+06	0
3.95328e+06	0
3.95338e+06	0
3.95348e+06	0
3.95358e+06	0
3.95368e+06	0
3.95378e+06	0
3.95388e+06	0
3.95398e+06	0
3.95408e+06	0
3.95418e+06	0
3.95428e+06	0
3.95438e+06	0
3.95448e+06	0
3.95458e+06	0
3.95468e+06	0
3.95478e+06	0
3.95488e+06	0
3.95498e+06	0
3.95508e+06	0
3.95518e+06	0
3.95528e+06	0
3.95538e+06	0
3.95548e+06	0
3.95558e+06	0
3.95568e+06	0
3.95578e+06	0
3.95588e+06	0
3.95598e+06	0
3.95608e+06	0
3.95618e+06	0
3.95628e+06	0
3.95638e+06	0
3.95648e+06	0
3.95658e+06	0
3.95668e+06	0
3.95678e+06	0
3.95688e+06	0
3.95698e+06	0
3.95708e+06	0
3.95718e+06	0
3.95728e+06	0
3.95738e+06	0
3.95748e+06	0
3.95758e+06	0
3.95768e+06	0
3.95778e+06	0
3.95788e+06	0
3.95798e+06	0
3.95808e+06	0
3.95818e+06	0
3.95828e+06	0
3.95838e+06	0
3.95848e+06	0
3.95858e+06	0
3.95868e+06	0
3.95878e+06	0
3.95888e+06	0
3.95898e+06	0
3.95908e+06	0
3.95918e+06	0
3.95928e+06	0
3.95938e+06	0
3.95948e+06	0
3.95958e+06	0
3.95968e+06	0
3.95978e+06	0
3.95988e+06	0
3.95998e+06	0
3.96008e+06	0
3.96018e+06	0
3.96028e+06	0
3.96038e+06	0
3.96048e+06	0
3.96058e+06	0
3.96068e+06	0
3.96078e+06	0
3.96088e+06	0
3.96098e+06	0
3.96108e+06	0
3.96118e+06	0
3.96128e+06	0
3.96138e+06	0
3.96148e+06	0
3.96158e+06	0
3.96168e+06	0
3.96178e+06	0
3.96188e+06	0
3.96198e+06	0
3.96208e+06	0
3.96218e+06	0
3.96228e+06	0
3.96238e+06	0
3.96248e+06	0
3.96258e+06	0
3.96268e+06	0
3.96278e+06	0
3.96288e+06	0
3.96298e+06	0
3.96308e+06	0
3.96318e+06	0
3.96328e+06	0
3.96338e+06	0
3.96348e+06	0
3.96358e+06	0
3.96368e+06	0
3.96378e+06	0
3.96388e+06	0
3.96398e+06	0
3.96408e+06	0
3.96418e+06	0
3.96428e+06	0
3.96438e+06	0
3.96448e+06	0
3.96458e+06	0
3.96468e+06	0
3.96478e+06	0
3.96488e+06	0
3.96498e+06	0
3.96508e+06	0
3.96518e+06	0
3.96528e+06	0
3.96538e+06	0
3.96548e+06	0
3.96558e+06	0
3.96568e+06	0
3.96578e+06	0
3.96588e+06	0
3.96598e+06	0
3.96608e+06	0
3.96618e+06	0
3.96628e+06	0
3.96638e+06	0
3.96648e+06	0
3.96658e+06	0
3.96668e+06	0
3.96678e+06	0
3.96688e+06	0
3.96698e+06	0
3.96708e+06	0
3.96718e+06	0
3.96728e+06	0
3.96738e+06	0
3.96748e+06	0
3.96758e+06	0
3.96768e+06	0
3.96778e+06	0
3.96788e+06	0
3.96798e+06	0
3.96808e+06	0
3.96818e+06	0
3.96828e+06	0
3.96838e+06	0
3.96848e+06	0
3.96858e+06	0
3.96868e+06	0
3.96878e+06	0
3.96888e+06	0
3.96898e+06	0
3.96908e+06	0
3.96918e+06	0
3.96928e+06	0
3.96938e+06	0
3.96948e+06	0
3.96958e+06	0
3.96968e+06	0
3.96978e+06	0
3.96988e+06	0
3.96998e+06	0
3.97008e+06	0
3.97018e+06	0
3.97028e+06	0
3.97038e+06	0
3.97048e+06	0
3.97058e+06	0
3.97068e+06	0
3.97078e+06	0
3.97088e+06	0
3.97098e+06	0
3.97108e+06	0
3.97118e+06	0
3.97128e+06	0
3.97138e+06	0
3.97148e+06	0
3.97158e+06	0
3.97168e+06	0
3.97178e+06	0
3.97188e+06	0
3.97198e+06	0
3.97208e+06	0
3.97218e+06	0
3.97228e+06	0
3.97238e+06	0
3.97248e+06	0
3.97258e+06	0
3.97268e+06	0
3.97278e+06	0
3.97288e+06	0
3.97298e+06	0
3.97308e+06	0
3.97318e+06	0
3.97328e+06	0
3.97338e+06	0
3.97348e+06	0
3.97358e+06	0
3.97368e+06	0
3.97378e+06	0
3.97388e+06	0
3.97398e+06	0
3.97408e+06	0
3.97418e+06	0
3.97428e+06	0
3.97438e+06	0
3.97448e+06	0
3.97458e+06	0
3.97468e+06	0
3.97478e+06	0
3.97488e+06	0
3.97498e+06	0
3.97508e+06	0
3.97518e+06	0
3.97528e+06	0
3.97538e+06	0
3.97548e+06	0
3.97558e+06	0
3.97568e+06	0
3.97578e+06	0
3.97588e+06	0
3.97598e+06	0
3.97608e+06	0
3.97618e+06	0
3.97628e+06	0
3.97638e+06	0
3.97648e+06	0
3.97658e+06	0
3.97668e+06	0
3.97678e+06	0
3.97688e+06	0
3.97698e+06	0
3.97708e+06	0
3.97718e+06	0
3.97728e+06	0
3.97738e+06	0
3.97748e+06	0
3.97758e+06	0
3.97768e+06	0
3.97778e+06	0
3.97788e+06	0
3.97798e+06	0
3.97808e+06	0
3.97818e+06	0
3.97828e+06	0
3.97838e+06	0
3.97848e+06	0
3.97858e+06	0
3.97868e+06	0
3.97878e+06	0
3.97888e+06	0
3.97898e+06	0
3.97908e+06	0
3.97918e+06	0
3.97928e+06	0
3.97938e+06	0
3.97948e+06	0
3.97958e+06	0
3.97968e+06	0
3.97978e+06	0
3.97988e+06	0
3.97998e+06	0
3.98008e+06	0
3.98018e+06	0
3.98028e+06	0
3.98038e+06	0
3.98048e+06	0
3.98058e+06	0
3.98068e+06	0
3.98078e+06	0
3.98088e+06	0
3.98098e+06	0
3.98108e+06	0
3.98118e+06	0
3.98128e+06	0
3.98138e+06	0
3.98148e+06	0
3.98158e+06	0
3.98168e+06	0
3.98178e+06	0
3.98188e+06	0
3.98198e+06	0
3.98208e+06	0
3.98218e+06	0
3.98228e+06	0
3.98238e+06	0
3.98248e+06	0
3.98258e+06	0
3.98268e+06	0
3.98278e+06	0
3.98288e+06	0
3.98298e+06	0
3.98308e+06	0
3.98318e+06	0
3.98328e+06	0
3.98338e+06	0
3.98348e+06	0
3.98358e+06	0
3.98368e+06	0
3.98378e+06	0
3.98388e+06	0
3.98398e+06	0
3.98408e+06	0
3.98418e+06	0
3.98428e+06	0
3.98438e+06	0
3.98448e+06	0
3.98458e+06	0
3.98468e+06	0
3.98478e+06	0
3.98488e+06	0
3.98498e+06	0
3.98508e+06	0
3.98518e+06	0
3.98528e+06	0
3.98538e+06	0
3.98548e+06	0
3.98558e+06	0
3.98568e+06	0
3.98578e+06	0
3.98588e+06	0
3.98598e+06	0
3.98608e+06	0
3.98618e+06	0
3.98628e+06	0
3.98638e+06	0
3.98648e+06	0
3.98658e+06	0
3.98668e+06	0
3.98678e+06	0
3.98688e+06	0
3.98698e+06	0
3.98708e+06	0
3.98718e+06	0
3.98728e+06	0
3.98738e+06	0
3.98748e+06	0
3.98758e+06	0
3.98768e+06	0
3.98778e+06	0
3.98788e+06	0
3.98798e+06	0
3.98808e+06	0
3.98818e+06	0
3.98828e+06	0
3.98838e+06	0
3.98848e+06	0
3.98858e+06	0
3.98868e+06	0
3.98878e+06	0
3.98888e+06	0
3.98898e+06	0
3.98908e+06	0
3.98918e+06	0
3.98928e+06	0
3.98938e+06	0
3.98948e+06	0
3.98958e+06	0
3.98968e+06	0
3.98978e+06	0
3.98988e+06	0
3.98998e+06	0
3.99008e+06	0
3.99018e+06	0
3.99028e+06	0
3.99038e+06	0
3.99048e+06	0
3.99058e+06	0
3.99068e+06	0
3.99078e+06	0
3.99088e+06	0
3.99098e+06	0
3.99108e+06	0
3.99118e+06	0
3.99128e+06	0
3.99138e+06	0
3.99148e+06	0
3.99158e+06	0
3.99168e+06	0
3.99178e+06	0
3.99188e+06	0
3.99198e+06	0
3.99208e+06	0
3.99218e+06	0
3.99228e+06	0
3.99238e+06	0
3.99248e+06	0
3.99258e+06	0
3.99268e+06	0
3.99278e+06	0
3.99288e+06	0
3.99298e+06	0
3.99308e+06	0
3.99318e+06	0
3.99328e+06	0
3.99338e+06	0
3.99348e+06	0
3.99358e+06	0
3.99368e+06	0
3.99378e+06	0
3.99388e+06	0
3.99398e+06	0
3.99408e+06	0
3.99418e+06	0
3.99428e+06	0
3.99438e+06	0
3.99448e+06	0
3.99458e+06	0
3.99468e+06	0
3.99478e+06	0
3.99488e+06	0
3.99498e+06	0
3.99508e+06	0
3.99518e+06	0
3.99528e+06	0
3.99538e+06	0
3.99548e+06	0
3.99558e+06	0
3.99568e+06	0
3.99578e+06	0
3.99588e+06	0
3.99598e+06	0
3.99608e+06	0
3.99618e+06	0
3.99628e+06	0
3.99638e+06	0
3.99648e+06	0
3.99658e+06	0
3.99668e+06	0
3.99678e+06	0
3.99688e+06	0
3.99698e+06	0
3.99708e+06	0
3.99718e+06	0
3.99728e+06	0
3.99738e+06	0
3.99748e+06	0
3.99758e+06	0
3.99768e+06	0
3.99778e+06	0
3.99788e+06	0
3.99798e+06	0
3.99808e+06	0
3.99818e+06	0
3.99828e+06	0
3.99838e+06	0
3.99848e+06	0
3.99858e+06	0
3.99868e+06	0
3.99878e+06	0
3.99888e+06	0
3.99898e+06	0
3.99908e+06	0
3.99918e+06	0
3.99928e+06	0
3.99938e+06	0
3.99948e+06	0
3.99958e+06	0
3.99968e+06	0
3.99978e+06	0
3.99988e+06	0
3.99998e+06	0
4.00008e+06	0
4.00018e+06	0
4.00028e+06	0
4.00038e+06	0
4.00048e+06	0
4.00058e+06	0
4.00068e+06	0
4.00078e+06	0
4.00088e+06	0
4.00098e+06	0
4.00108e+06	0
4.00118e+06	0
4.00128e+06	0
4.00138e+06	0
4.00148e+06	0
4.00158e+06	0
4.00168e+06	0
4.00178e+06	0
4.00188e+06	0
4.00198e+06	0
4.00208e+06	0
4.00218e+06	0
4.00228e+06	0
4.00238e+06	0
4.00248e+06	0
4.00258e+06	0
4.00268e+06	0
4.00278e+06	0
4.00288e+06	0
4.00298e+06	0
4.00308e+06	0
4.00318e+06	0
4.00328e+06	0
4.00338e+06	0
4.00348e+06	0
4.00358e+06	0
4.00368e+06	0
4.00378e+06	0
4.00388e+06	0
4.00398e+06	0
4.00408e+06	0
4.00418e+06	0
4.00428e+06	0
4.00438e+06	0
4.00448e+06	0
4.00458e+06	0
4.00468e+06	0
4.00478e+06	0
4.00488e+06	0
4.00498e+06	0
4.00508e+06	0
4.00518e+06	0
4.00528e+06	0
4.00538e+06	0
4.00548e+06	0
4.00558e+06	0
4.00568e+06	0
4.00578e+06	0
4.00588e+06	0
4.00598e+06	0
4.00608e+06	0
4.00618e+06	0
4.00628e+06	0
4.00638e+06	0
4.00648e+06	0
4.00658e+06	0
4.00668e+06	0
4.00678e+06	0
4.00688e+06	0
4.00698e+06	0
4.00708e+06	0
4.00718e+06	0
4.00728e+06	0
4.00738e+06	0
4.00748e+06	0
4.00758e+06	0
4.00768e+06	0
4.00778e+06	0
4.00788e+06	0
4.00798e+06	0
4.00808e+06	0
4.00818e+06	0
4.00828e+06	0
4.00838e+06	0
4.00848e+06	0
4.00858e+06	0
4.00868e+06	0
4.00878e+06	0
4.00888e+06	0
4.00898e+06	0
4.00908e+06	0
4.00918e+06	0
4.00928e+06	0
4.00938e+06	0
4.00948e+06	0
4.00958e+06	0
4.00968e+06	0
4.00978e+06	0
4.00988e+06	0
4.00998e+06	0
4.01008e+06	0
4.01018e+06	0
4.01028e+06	0
4.01038e+06	0
4.01048e+06	0
4.01058e+06	0
4.01068e+06	0
4.01078e+06	0
4.01088e+06	0
4.01098e+06	0
4.01108e+06	0
4.01118e+06	0
4.01128e+06	0
4.01138e+06	0
4.01148e+06	0
4.01158e+06	0
4.01168e+06	0
4.01178e+06	0
4.01188e+06	0
4.01198e+06	0
4.01208e+06	0
4.01218e+06	0
4.01228e+06	0
4.01238e+06	0
4.01248e+06	0
4.01258e+06	0
4.01268e+06	0
4.01278e+06	0
4.01288e+06	0
4.01298e+06	0
4.01308e+06	0
4.01318e+06	0
4.01328e+06	0
4.01338e+06	0
4.01348e+06	0
4.01358e+06	0
4.01368e+06	0
4.01378e+06	0
4.01388e+06	0
4.01398e+06	0
4.01408e+06	0
4.01418e+06	0
4.01428e+06	0
4.01438e+06	0
4.01448e+06	0
4.01458e+06	0
4.01468e+06	0
4.01478e+06	0
4.01488e+06	0
4.01498e+06	0
4.01508e+06	0
4.01518e+06	0
4.01528e+06	0
4.01538e+06	0
4.01548e+06	0
4.01558e+06	0
4.01568e+06	0
4.01578e+06	0
4.01588e+06	0
4.01598e+06	0
4.01608e+06	0
4.01618e+06	0
4.01628e+06	0
4.01638e+06	0
4.01648e+06	0
4.01658e+06	0
4.01668e+06	0
4.01678e+06	0
4.01688e+06	0
4.01698e+06	0
4.01708e+06	0
4.01718e+06	0
4.01728e+06	0
4.01738e+06	0
4.01748e+06	0
4.01758e+06	0
4.01768e+06	0
4.01778e+06	0
4.01788e+06	0
4.01798e+06	0
4.01808e+06	0
4.01818e+06	0
4.01828e+06	0
4.01838e+06	0
4.01848e+06	0
4.01858e+06	0
4.01868e+06	0
4.01878e+06	0
4.01888e+06	0
4.01898e+06	0
4.01908e+06	0
4.01918e+06	0
4.01928e+06	0
4.01938e+06	0
4.01948e+06	0
4.01958e+06	0
4.01968e+06	0
4.01978e+06	0
4.01988e+06	0
4.01998e+06	0
4.02008e+06	0
4.02018e+06	0
4.02028e+06	0
4.02038e+06	0
4.02048e+06	0
4.02058e+06	0
4.02068e+06	0
4.02078e+06	0
4.02088e+06	0
4.02098e+06	0
4.02108e+06	0
4.02118e+06	0
4.02128e+06	0
4.02138e+06	0
4.02148e+06	0
4.02158e+06	0
4.02168e+06	0
4.02178e+06	0
4.02188e+06	0
4.02198e+06	0
4.02208e+06	0
4.02218e+06	0
4.02228e+06	0
4.02238e+06	0
4.02248e+06	0
4.02258e+06	0
4.02268e+06	0
4.02278e+06	0
4.02288e+06	0
4.02298e+06	0
4.02308e+06	0
4.02318e+06	0
4.02328e+06	0
4.02338e+06	0
4.02348e+06	0
4.02358e+06	0
4.02368e+06	0
4.02378e+06	0
4.02388e+06	0
4.02398e+06	0
4.02408e+06	0
4.02418e+06	0
4.02428e+06	0
4.02438e+06	0
4.02448e+06	0
4.02458e+06	0
4.02468e+06	0
4.02478e+06	0
4.02488e+06	0
4.02498e+06	0
4.02508e+06	0
4.02518e+06	0
4.02528e+06	0
4.02538e+06	0
4.02548e+06	0
4.02558e+06	0
4.02568e+06	0
4.02578e+06	0
4.02588e+06	0
4.02598e+06	0
4.02608e+06	0
4.02618e+06	0
4.02628e+06	0
4.02638e+06	0
4.02648e+06	0
4.02658e+06	0
4.02668e+06	0
4.02678e+06	0
4.02688e+06	0
4.02698e+06	0
4.02708e+06	0
4.02718e+06	0
4.02728e+06	0
4.02738e+06	0
4.02748e+06	0
4.02758e+06	0
4.02768e+06	0
4.02778e+06	0
4.02788e+06	0
4.02798e+06	0
4.02808e+06	0
4.02818e+06	0
4.02828e+06	0
4.02838e+06	0
4.02848e+06	0
4.02858e+06	0
4.02868e+06	0
4.02878e+06	0
4.02888e+06	0
4.02898e+06	0
4.02908e+06	0
4.02918e+06	0
4.02928e+06	0
4.02938e+06	0
4.02948e+06	0
4.02958e+06	0
4.02968e+06	0
4.02978e+06	0
4.02988e+06	0
4.02998e+06	0
4.03008e+06	0
4.03018e+06	0
4.03028e+06	0
4.03038e+06	0
4.03048e+06	0
4.03058e+06	0
4.03068e+06	0
4.03078e+06	0
4.03088e+06	0
4.03098e+06	0
4.03108e+06	0
4.03118e+06	0
4.03128e+06	0
4.03138e+06	0
4.03148e+06	0
4.03158e+06	0
4.03168e+06	0
4.03178e+06	0
4.03188e+06	0
4.03198e+06	0
4.03208e+06	0
4.03218e+06	0
4.03228e+06	0
4.03238e+06	0
4.03248e+06	0
4.03258e+06	0
4.03268e+06	0
4.03278e+06	0
4.03288e+06	0
4.03298e+06	0
4.03308e+06	0
4.03318e+06	0
4.03328e+06	0
4.03338e+06	0
4.03348e+06	0
4.03358e+06	0
4.03368e+06	0
4.03378e+06	0
4.03388e+06	0
4.03398e+06	0
4.03408e+06	0
4.03418e+06	0
4.03428e+06	0
4.03438e+06	0
4.03448e+06	0
4.03458e+06	0
4.03468e+06	0
4.03478e+06	0
4.03488e+06	0
4.03498e+06	0
4.03508e+06	0
4.03518e+06	0
4.03528e+06	0
4.03538e+06	0
4.03548e+06	0
4.03558e+06	0
4.03568e+06	0
4.03578e+06	0
4.03588e+06	0
4.03598e+06	0
4.03608e+06	0
4.03618e+06	0
4.03628e+06	0
4.03638e+06	0
4.03648e+06	0
4.03658e+06	0
4.03668e+06	0
4.03678e+06	0
4.03688e+06	0
4.03698e+06	0
4.03708e+06	0
4.03718e+06	0
4.03728e+06	0
4.03738e+06	0
4.03748e+06	0
4.03758e+06	0
4.03768e+06	0
4.03778e+06	0
4.03788e+06	0
4.03798e+06	0
4.03808e+06	0
4.03818e+06	0
4.03828e+06	0
4.03838e+06	0
4.03848e+06	0
4.03858e+06	0
4.03868e+06	0
4.03878e+06	0
4.03888e+06	0
4.03898e+06	0
4.03908e+06	0
4.03918e+06	0
4.03928e+06	0
4.03938e+06	0
4.03948e+06	0
4.03958e+06	0
4.03968e+06	0
4.03978e+06	0
4.03988e+06	0
4.03998e+06	0
4.04008e+06	0
4.04018e+06	0
4.04028e+06	0
4.04038e+06	0
4.04048e+06	0
4.04058e+06	0
4.04068e+06	0
4.04078e+06	0
4.04088e+06	0
4.04098e+06	0
4.04108e+06	0
4.04118e+06	0
4.04128e+06	0
4.04138e+06	0
4.04148e+06	0
4.04158e+06	0
4.04168e+06	0
4.04178e+06	0
4.04188e+06	0
4.04198e+06	0
4.04208e+06	0
4.04218e+06	0
4.04228e+06	0
4.04238e+06	0
4.04248e+06	0
4.04258e+06	0
4.04268e+06	0
4.04278e+06	0
4.04288e+06	0
4.04298e+06	0
4.04308e+06	0
4.04318e+06	0
4.04328e+06	0
4.04338e+06	0
4.04348e+06	0
4.04358e+06	0
4.04368e+06	0
4.04378e+06	0
4.04388e+06	0
4.04398e+06	0
4.04408e+06	0
4.04418e+06	0
4.04428e+06	0
4.04438e+06	0
4.04448e+06	0
4.04458e+06	0
4.04468e+06	0
4.04478e+06	0
4.04488e+06	0
4.04498e+06	0
4.04508e+06	0
4.04518e+06	0
4.04528e+06	0
4.04538e+06	0
4.04548e+06	0
4.04558e+06	0
4.04568e+06	0
4.04578e+06	0
4.04588e+06	0
4.04598e+06	0
4.04608e+06	0
4.04618e+06	0
4.04628e+06	0
4.04638e+06	0
4.04648e+06	0
4.04658e+06	0
4.04668e+06	0
4.04678e+06	0
4.04688e+06	0
4.04698e+06	0
4.04708e+06	0
4.04718e+06	0
4.04728e+06	0
4.04738e+06	0
4.04748e+06	0
4.04758e+06	0
4.04768e+06	0
4.04778e+06	0
4.04788e+06	0
4.04798e+06	0
4.04808e+06	0
4.04818e+06	0
4.04828e+06	0
4.04838e+06	0
4.04848e+06	0
4.04858e+06	0
4.04868e+06	0
4.04878e+06	0
4.04888e+06	0
4.04898e+06	0
4.04908e+06	0
4.04918e+06	0
4.04928e+06	0
4.04938e+06	0
4.04948e+06	0
4.04958e+06	0
4.04968e+06	0
4.04978e+06	0
4.04988e+06	0
4.04998e+06	0
4.05008e+06	0
4.05018e+06	0
4.05028e+06	0
4.05038e+06	0
4.05048e+06	0
4.05058e+06	0
4.05068e+06	0
4.05078e+06	0
4.05088e+06	0
4.05098e+06	0
4.05108e+06	0
4.05118e+06	0
4.05128e+06	0
4.05138e+06	0
4.05148e+06	0
4.05158e+06	0
4.05168e+06	0
4.05178e+06	0
4.05188e+06	0
4.05198e+06	0
4.05208e+06	0
4.05218e+06	0
4.05228e+06	0
4.05238e+06	0
4.05248e+06	0
4.05258e+06	0
4.05268e+06	0
4.05278e+06	0
4.05288e+06	0
4.05298e+06	0
4.05308e+06	0
4.05318e+06	0
4.05328e+06	0
4.05338e+06	0
4.05348e+06	0
4.05358e+06	0
4.05368e+06	0
4.05378e+06	0
4.05388e+06	0
4.05398e+06	0
4.05408e+06	0
4.05418e+06	0
4.05428e+06	0
4.05438e+06	0
4.05448e+06	0
4.05458e+06	0
4.05468e+06	0
4.05478e+06	0
4.05488e+06	0
4.05498e+06	0
4.05508e+06	0
4.05518e+06	0
4.05528e+06	0
4.05538e+06	0
4.05548e+06	0
4.05558e+06	0
4.05568e+06	0
4.05578e+06	0
4.05588e+06	0
4.05598e+06	0
4.05608e+06	0
4.05618e+06	0
4.05628e+06	0
4.05638e+06	0
4.05648e+06	0
4.05658e+06	0
4.05668e+06	0
4.05678e+06	0
4.05688e+06	0
4.05698e+06	0
4.05708e+06	0
4.05718e+06	0
4.05728e+06	0
4.05738e+06	0
4.05748e+06	0
4.05758e+06	0
4.05768e+06	0
4.05778e+06	0
4.05788e+06	0
4.05798e+06	0
4.05808e+06	0
4.05818e+06	0
4.05828e+06	0
4.05838e+06	0
4.05848e+06	0
4.05858e+06	0
4.05868e+06	0
4.05878e+06	0
4.05888e+06	0
4.05898e+06	0
4.05908e+06	0
4.05918e+06	0
4.05928e+06	0
4.05938e+06	0
4.05948e+06	0
4.05958e+06	0
4.05968e+06	0
4.05978e+06	0
4.05988e+06	0
4.05998e+06	0
4.06008e+06	0
4.06018e+06	0
4.06028e+06	0
4.06038e+06	0
4.06048e+06	0
4.06058e+06	0
4.06068e+06	0
4.06078e+06	0
4.06088e+06	0
4.06098e+06	0
4.06108e+06	0
4.06118e+06	0
4.06128e+06	0
4.06138e+06	0
4.06148e+06	0
4.06158e+06	0
4.06168e+06	0
4.06178e+06	0
4.06188e+06	0
4.06198e+06	0
4.06208e+06	0
4.06218e+06	0
4.06228e+06	0
4.06238e+06	0
4.06248e+06	0
4.06258e+06	0
4.06268e+06	0
4.06278e+06	0
4.06288e+06	0
4.06298e+06	0
4.06308e+06	0
4.06318e+06	0
4.06328e+06	0
4.06338e+06	0
4.06348e+06	0
4.06358e+06	0
4.06368e+06	0
4.06378e+06	0
4.06388e+06	0
4.06398e+06	0
4.06408e+06	0
4.06418e+06	0
4.06428e+06	0
4.06438e+06	0
4.06448e+06	0
4.06458e+06	0
4.06468e+06	0
4.06478e+06	0
4.06488e+06	0
4.06498e+06	0
4.06508e+06	0
4.06518e+06	0
4.06528e+06	0
4.06538e+06	0
4.06548e+06	0
4.06558e+06	0
4.06568e+06	0
4.06578e+06	0
4.06588e+06	0
4.06598e+06	0
4.06608e+06	0
4.06618e+06	0
4.06628e+06	0
4.06638e+06	0
4.06648e+06	0
4.06658e+06	0
4.06668e+06	0
4.06678e+06	0
4.06688e+06	0
4.06698e+06	0
4.06708e+06	0
4.06718e+06	0
4.06728e+06	0
4.06738e+06	0
4.06748e+06	0
4.06758e+06	0
4.06768e+06	0
4.06778e+06	0
4.06788e+06	0
4.06798e+06	0
4.06808e+06	0
4.06818e+06	0
4.06828e+06	0
4.06838e+06	0
4.06848e+06	0
4.06858e+06	0
4.06868e+06	0
4.06878e+06	0
4.06888e+06	0
4.06898e+06	0
4.06908e+06	0
4.06918e+06	0
4.06928e+06	0
4.06938e+06	0
4.06948e+06	0
4.06958e+06	0
4.06968e+06	0
4.06978e+06	0
4.06988e+06	0
4.06998e+06	0
4.07008e+06	0
4.07018e+06	0
4.07028e+06	0
4.07038e+06	0
4.07048e+06	0
4.07058e+06	0
4.07068e+06	0
4.07078e+06	0
4.07088e+06	0
4.07098e+06	0
4.07108e+06	0
4.07118e+06	0
4.07128e+06	0
4.07138e+06	0
4.07148e+06	0
4.07158e+06	0
4.07168e+06	0
4.07178e+06	0
4.07188e+06	0
4.07198e+06	0
4.07208e+06	0
4.07218e+06	0
4.07228e+06	0
4.07238e+06	0
4.07248e+06	0
4.07258e+06	0
4.07268e+06	0
4.07278e+06	0
4.07288e+06	0
4.07298e+06	0
4.07308e+06	0
4.07318e+06	0
4.07328e+06	0
4.07338e+06	0
4.07348e+06	0
4.07358e+06	0
4.07368e+06	0
4.07378e+06	0
4.07388e+06	0
4.07398e+06	0
4.07408e+06	0
4.07418e+06	0
4.07428e+06	0
4.07438e+06	0
4.07448e+06	0
4.07458e+06	0
4.07468e+06	0
4.07478e+06	0
4.07488e+06	0
4.07498e+06	0
4.07508e+06	0
4.07518e+06	0
4.07528e+06	0
4.07538e+06	0
4.07548e+06	0
4.07558e+06	0
4.07568e+06	0
4.07578e+06	0
4.07588e+06	0
4.07598e+06	0
4.07608e+06	0
4.07618e+06	0
4.07628e+06	0
4.07638e+06	0
4.07648e+06	0
4.07658e+06	0
4.07668e+06	0
4.07678e+06	0
4.07688e+06	0
4.07698e+06	0
4.07708e+06	0
4.07718e+06	0
4.07728e+06	0
4.07738e+06	0
4.07748e+06	0
4.07758e+06	0
4.07768e+06	0
4.07778e+06	0
4.07788e+06	0
4.07798e+06	0
4.07808e+06	0
4.07818e+06	0
4.07828e+06	0
4.07838e+06	0
4.07848e+06	0
4.07858e+06	0
4.07868e+06	0
4.07878e+06	0
4.07888e+06	0
4.07898e+06	0
4.07908e+06	0
4.07918e+06	0
4.07928e+06	0
4.07938e+06	0
4.07948e+06	0
4.07958e+06	0
4.07968e+06	0
4.07978e+06	0
4.07988e+06	0
4.07998e+06	0
4.08008e+06	0
4.08018e+06	0
4.08028e+06	0
4.08038e+06	0
4.08048e+06	0
4.08058e+06	0
4.08068e+06	0
4.08078e+06	0
4.08088e+06	0
4.08098e+06	0
4.08108e+06	0
4.08118e+06	0
4.08128e+06	0
4.08138e+06	0
4.08148e+06	0
4.08158e+06	0
4.08168e+06	0
4.08178e+06	0
4.08188e+06	0
4.08198e+06	0
4.08208e+06	0
4.08218e+06	0
4.08228e+06	0
4.08238e+06	0
4.08248e+06	0
4.08258e+06	0
4.08268e+06	0
4.08278e+06	0
4.08288e+06	0
4.08298e+06	0
4.08308e+06	0
4.08318e+06	0
4.08328e+06	0
4.08338e+06	0
4.08348e+06	0
4.08358e+06	0
4.08368e+06	0
4.08378e+06	0
4.08388e+06	0
4.08398e+06	0
4.08408e+06	0
4.08418e+06	0
4.08428e+06	0
4.08438e+06	0
4.08448e+06	0
4.08458e+06	0
4.08468e+06	0
4.08478e+06	0
4.08488e+06	0
4.08498e+06	0
4.08508e+06	0
4.08518e+06	0
4.08528e+06	0
4.08538e+06	0
4.08548e+06	0
4.08558e+06	0
4.08568e+06	0
4.08578e+06	0
4.08588e+06	0
4.08598e+06	0
4.08608e+06	0
4.08618e+06	0
4.08628e+06	0
4.08638e+06	0
4.08648e+06	0
4.08658e+06	0
4.08668e+06	0
4.08678e+06	0
4.08688e+06	0
4.08698e+06	0
4.08708e+06	0
4.08718e+06	0
4.08728e+06	0
4.08738e+06	0
4.08748e+06	0
4.08758e+06	0
4.08768e+06	0
4.08778e+06	0
4.08788e+06	0
4.08798e+06	0
4.08808e+06	0
4.08818e+06	0
4.08828e+06	0
4.08838e+06	0
4.08848e+06	0
4.08858e+06	0
4.08868e+06	0
4.08878e+06	0
4.08888e+06	0
4.08898e+06	0
4.08908e+06	0
4.08918e+06	0
4.08928e+06	0
4.08938e+06	0
4.08948e+06	0
4.08958e+06	0
4.08968e+06	0
4.08978e+06	0
4.08988e+06	0
4.08998e+06	0
4.09008e+06	0
4.09018e+06	0
4.09028e+06	0
4.09038e+06	0
4.09048e+06	0
4.09058e+06	0
4.09068e+06	0
4.09078e+06	0
4.09088e+06	0
4.09098e+06	0
4.09108e+06	0
4.09118e+06	0
4.09128e+06	0
4.09138e+06	0
4.09148e+06	0
4.09158e+06	0
4.09168e+06	0
4.09178e+06	0
4.09188e+06	0
4.09198e+06	0
4.09208e+06	0
4.09218e+06	0
4.09228e+06	0
4.09238e+06	0
4.09248e+06	0
4.09258e+06	0
4.09268e+06	0
4.09278e+06	0
4.09288e+06	0
4.09298e+06	0
4.09308e+06	0
4.09318e+06	0
4.09328e+06	0
4.09338e+06	0
4.09348e+06	0
4.09358e+06	0
4.09368e+06	0
4.09378e+06	0
4.09388e+06	0
4.09398e+06	0
4.09408e+06	0
4.09418e+06	0
4.09428e+06	0
4.09438e+06	0
4.09448e+06	0
4.09458e+06	0
4.09468e+06	0
4.09478e+06	0
4.09488e+06	0
4.09498e+06	0
4.09508e+06	0
4.09518e+06	0
4.09528e+06	0
4.09538e+06	0
4.09548e+06	0
4.09558e+06	0
4.09568e+06	0
4.09578e+06	0
4.09588e+06	0
4.09598e+06	0
4.09608e+06	0
4.09618e+06	0
4.09628e+06	0
4.09638e+06	0
4.09648e+06	0
4.09658e+06	0
4.09668e+06	0
4.09678e+06	0
4.09688e+06	0
4.09698e+06	0
4.09708e+06	0
4.09718e+06	0
4.09728e+06	0
4.09738e+06	0
4.09748e+06	0
4.09758e+06	0
4.09768e+06	0
4.09778e+06	0
4.09788e+06	0
4.09798e+06	0
4.09808e+06	0
4.09818e+06	0
4.09828e+06	0
4.09838e+06	0
4.09848e+06	0
4.09858e+06	0
4.09868e+06	0
4.09878e+06	0
4.09888e+06	0
4.09898e+06	0
4.09908e+06	0
4.09918e+06	0
4.09928e+06	0
4.09938e+06	0
4.09948e+06	0
4.09958e+06	0
4.09968e+06	0
4.09978e+06	0
4.09988e+06	0
4.09998e+06	0
4.10008e+06	0
4.10018e+06	0
4.10028e+06	0
4.10038e+06	0
4.10048e+06	0
4.10058e+06	0
4.10068e+06	0
4.10078e+06	0
4.10088e+06	0
4.10098e+06	0
4.10108e+06	0
4.10118e+06	0
4.10128e+06	0
4.10138e+06	0
4.10148e+06	0
4.10158e+06	0
4.10168e+06	0
4.10178e+06	0
4.10188e+06	0
4.10198e+06	0
4.10208e+06	0
4.10218e+06	0
4.10228e+06	0
4.10238e+06	0
4.10248e+06	0
4.10258e+06	0
4.10268e+06	0
4.10278e+06	0
4.10288e+06	0
4.10298e+06	0
4.10308e+06	0
4.10318e+06	0
4.10328e+06	0
4.10338e+06	0
4.10348e+06	0
4.10358e+06	0
4.10368e+06	0
4.10378e+06	0
4.10388e+06	0
4.10398e+06	0
4.10408e+06	0
4.10418e+06	0
4.10428e+06	0
4.10438e+06	0
4.10448e+06	0
4.10458e+06	0
4.10468e+06	0
4.10478e+06	0
4.10488e+06	0
4.10498e+06	0
4.10508e+06	0
4.10518e+06	0
4.10528e+06	0
4.10538e+06	0
4.10548e+06	0
4.10558e+06	0
4.10568e+06	0
4.10578e+06	0
4.10588e+06	0
4.10598e+06	0
4.10608e+06	0
4.10618e+06	0
4.10628e+06	0
4.10638e+06	0
4.10648e+06	0
4.10658e+06	0
4.10668e+06	0
4.10678e+06	0
4.10688e+06	0
4.10698e+06	0
4.10708e+06	0
4.10718e+06	0
4.10728e+06	0
4.10738e+06	0
4.10748e+06	0
4.10758e+06	0
4.10768e+06	0
4.10778e+06	0
4.10788e+06	0
4.10798e+06	0
4.10808e+06	0
4.10818e+06	0
4.10828e+06	0
4.10838e+06	0
4.10848e+06	0
4.10858e+06	0
4.10868e+06	0
4.10878e+06	0
4.10888e+06	0
4.10898e+06	0
4.10908e+06	0
4.10918e+06	0
4.10928e+06	0
4.10938e+06	0
4.10948e+06	0
4.10958e+06	0
4.10968e+06	0
4.10978e+06	0
4.10988e+06	0
4.10998e+06	0
4.11008e+06	0
4.11018e+06	0
4.11028e+06	0
4.11038e+06	0
4.11048e+06	0
4.11058e+06	0
4.11068e+06	0
4.11078e+06	0
4.11088e+06	0
4.11098e+06	0
4.11108e+06	0
4.11118e+06	0
4.11128e+06	0
4.11138e+06	0
4.11148e+06	0
4.11158e+06	0
4.11168e+06	0
4.11178e+06	0
4.11188e+06	0
4.11198e+06	0
4.11208e+06	0
4.11218e+06	0
4.11228e+06	0
4.11238e+06	0
4.11248e+06	0
4.11258e+06	0
4.11268e+06	0
4.11278e+06	0
4.11288e+06	0
4.11298e+06	0
4.11308e+06	0
4.11318e+06	0
4.11328e+06	0
4.11338e+06	0
4.11348e+06	0
4.11358e+06	0
4.11368e+06	0
4.11378e+06	0
4.11388e+06	0
4.11398e+06	0
4.11408e+06	0
4.11418e+06	0
4.11428e+06	0
4.11438e+06	0
4.11448e+06	0
4.11458e+06	0
4.11468e+06	0
4.11478e+06	0
4.11488e+06	0
4.11498e+06	0
4.11508e+06	0
4.11518e+06	0
4.11528e+06	0
4.11538e+06	0
4.11548e+06	0
4.11558e+06	0
4.11568e+06	0
4.11578e+06	0
4.11588e+06	0
4.11598e+06	0
4.11608e+06	0
4.11618e+06	0
4.11628e+06	0
4.11638e+06	0
4.11648e+06	0
4.11658e+06	0
4.11668e+06	0
4.11678e+06	0
4.11688e+06	0
4.11698e+06	0
4.11708e+06	0
4.11718e+06	0
4.11728e+06	0
4.11738e+06	0
4.11748e+06	0
4.11758e+06	0
4.11768e+06	0
4.11778e+06	0
4.11788e+06	0
4.11798e+06	0
4.11808e+06	0
4.11818e+06	0
4.11828e+06	0
4.11838e+06	0
4.11848e+06	0
4.11858e+06	0
4.11868e+06	0
4.11878e+06	0
4.11888e+06	0
4.11898e+06	0
4.11908e+06	0
4.11918e+06	0
4.11928e+06	0
4.11938e+06	0
4.11948e+06	0
4.11958e+06	0
4.11968e+06	0
4.11978e+06	0
4.11988e+06	0
4.11998e+06	0
4.12008e+06	0
4.12018e+06	0
4.12028e+06	0
4.12038e+06	0
4.12048e+06	0
4.12058e+06	0
4.12068e+06	0
4.12078e+06	0
4.12088e+06	0
4.12098e+06	0
4.12108e+06	0
4.12118e+06	0
4.12128e+06	0
4.12138e+06	0
4.12148e+06	0
4.12158e+06	0
4.12168e+06	0
4.12178e+06	0
4.12188e+06	0
4.12198e+06	0
4.12208e+06	0
4.12218e+06	0
4.12228e+06	0
4.12238e+06	0
4.12248e+06	0
4.12258e+06	0
4.12268e+06	0
4.12278e+06	0
4.12288e+06	0
4.12298e+06	0
4.12308e+06	0
4.12318e+06	0
4.12328e+06	0
4.12338e+06	0
4.12348e+06	0
4.12358e+06	0
4.12368e+06	0
4.12378e+06	0
4.12388e+06	0
4.12398e+06	0
4.12408e+06	0
4.12418e+06	0
4.12428e+06	0
4.12438e+06	0
4.12448e+06	0
4.12458e+06	0
4.12468e+06	0
4.12478e+06	0
4.12488e+06	0
4.12498e+06	0
4.12508e+06	0
4.12518e+06	0
4.12528e+06	0
4.12538e+06	0
4.12548e+06	0
4.12558e+06	0
4.12568e+06	0
4.12578e+06	0
4.12588e+06	0
4.12598e+06	0
4.12608e+06	0
4.12618e+06	0
4.12628e+06	0
4.12638e+06	0
4.12648e+06	0
4.12658e+06	0
4.12668e+06	0
4.12678e+06	0
4.12688e+06	0
4.12698e+06	0
4.12708e+06	0
4.12718e+06	0
4.12728e+06	0
4.12738e+06	0
4.12748e+06	0
4.12758e+06	0
4.12768e+06	0
4.12778e+06	0
4.12788e+06	0
4.12798e+06	0
4.12808e+06	0
4.12818e+06	0
4.12828e+06	0
4.12838e+06	0
4.12848e+06	0
4.12858e+06	0
4.12868e+06	0
4.12878e+06	0
4.12888e+06	0
4.12898e+06	0
4.12908e+06	0
4.12918e+06	0
4.12928e+06	0
4.12938e+06	0
4.12948e+06	0
4.12958e+06	0
4.12968e+06	0
4.12978e+06	0
4.12988e+06	0
4.12998e+06	0
4.13008e+06	0
4.13018e+06	0
4.13028e+06	0
4.13038e+06	0
4.13048e+06	0
4.13058e+06	0
4.13068e+06	0
4.13078e+06	0
4.13088e+06	0
4.13098e+06	0
4.13108e+06	0
4.13118e+06	0
4.13128e+06	0
4.13138e+06	0
4.13148e+06	0
4.13158e+06	0
4.13168e+06	0
4.13178e+06	0
4.13188e+06	0
4.13198e+06	0
4.13208e+06	0
4.13218e+06	0
4.13228e+06	0
4.13238e+06	0
4.13248e+06	0
4.13258e+06	0
4.13268e+06	0
4.13278e+06	0
4.13288e+06	0
4.13298e+06	0
4.13308e+06	0
4.13318e+06	0
4.13328e+06	0
4.13338e+06	0
4.13348e+06	0
4.13358e+06	0
4.13368e+06	0
4.13378e+06	0
4.13388e+06	0
4.13398e+06	0
4.13408e+06	0
4.13418e+06	0
4.13428e+06	0
4.13438e+06	0
4.13448e+06	0
4.13458e+06	0
4.13468e+06	0
4.13478e+06	0
4.13488e+06	0
4.13498e+06	0
4.13508e+06	0
4.13518e+06	0
4.13528e+06	0
4.13538e+06	0
4.13548e+06	0
4.13558e+06	0
4.13568e+06	0
4.13578e+06	0
4.13588e+06	0
4.13598e+06	0
4.13608e+06	0
4.13618e+06	0
4.13628e+06	0
4.13638e+06	0
4.13648e+06	0
4.13658e+06	0
4.13668e+06	0
4.13678e+06	0
4.13688e+06	0
4.13698e+06	0
4.13708e+06	0
4.13718e+06	0
4.13728e+06	0
4.13738e+06	0
4.13748e+06	0
4.13758e+06	0
4.13768e+06	0
4.13778e+06	0
4.13788e+06	0
4.13798e+06	0
4.13808e+06	0
4.13818e+06	0
4.13828e+06	0
4.13838e+06	0
4.13848e+06	0
4.13858e+06	0
4.13868e+06	0
4.13878e+06	0
4.13888e+06	0
4.13898e+06	0
4.13908e+06	0
4.13918e+06	0
4.13928e+06	0
4.13938e+06	0
4.13948e+06	0
4.13958e+06	0
4.13968e+06	0
4.13978e+06	0
4.13988e+06	0
4.13998e+06	0
4.14008e+06	0
4.14018e+06	0
4.14028e+06	0
4.14038e+06	0
4.14048e+06	0
4.14058e+06	0
4.14068e+06	0
4.14078e+06	0
4.14088e+06	0
4.14098e+06	0
4.14108e+06	0
4.14118e+06	0
4.14128e+06	0
4.14138e+06	0
4.14148e+06	0
4.14158e+06	0
4.14168e+06	0
4.14178e+06	0
4.14188e+06	0
4.14198e+06	0
4.14208e+06	0
4.14218e+06	0
4.14228e+06	0
4.14238e+06	0
4.14248e+06	0
4.14258e+06	0
4.14268e+06	0
4.14278e+06	0
4.14288e+06	0
4.14298e+06	0
4.14308e+06	0
4.14318e+06	0
4.14328e+06	0
4.14338e+06	0
4.14348e+06	0
4.14358e+06	0
4.14368e+06	0
4.14378e+06	0
4.14388e+06	0
4.14398e+06	0
4.14408e+06	0
4.14418e+06	0
4.14428e+06	0
4.14438e+06	0
4.14448e+06	0
4.14458e+06	0
4.14468e+06	0
4.14478e+06	0
4.14488e+06	0
4.14498e+06	0
4.14508e+06	0
4.14518e+06	0
4.14528e+06	0
4.14538e+06	0
4.14548e+06	0
4.14558e+06	0
4.14568e+06	0
4.14578e+06	0
4.14588e+06	0
4.14598e+06	0
4.14608e+06	0
4.14618e+06	0
4.14628e+06	0
4.14638e+06	0
4.14648e+06	0
4.14658e+06	0
4.14668e+06	0
4.14678e+06	0
4.14688e+06	0
4.14698e+06	0
4.14708e+06	0
4.14718e+06	0
4.14728e+06	0
4.14738e+06	0
4.14748e+06	0
4.14758e+06	0
4.14768e+06	0
4.14778e+06	0
4.14788e+06	0
4.14798e+06	0
4.14808e+06	0
4.14818e+06	0
4.14828e+06	0
4.14838e+06	0
4.14848e+06	0
4.14858e+06	0
4.14868e+06	0
4.14878e+06	0
4.14888e+06	0
4.14898e+06	0
4.14908e+06	0
4.14918e+06	0
4.14928e+06	0
4.14938e+06	0
4.14948e+06	0
4.14958e+06	0
4.14968e+06	0
4.14978e+06	0
4.14988e+06	0
4.14998e+06	0
4.15008e+06	0
4.15018e+06	0
4.15028e+06	0
4.15038e+06	0
4.15048e+06	0
4.15058e+06	0
4.15068e+06	0
4.15078e+06	0
4.15088e+06	0
4.15098e+06	0
4.15108e+06	0
4.15118e+06	0
4.15128e+06	0
4.15138e+06	0
4.15148e+06	0
4.15158e+06	0
4.15168e+06	0
4.15178e+06	0
4.15188e+06	0
4.15198e+06	0
4.15208e+06	0
4.15218e+06	0
4.15228e+06	0
4.15238e+06	0
4.15248e+06	0
4.15258e+06	0
4.15268e+06	0
4.15278e+06	0
4.15288e+06	0
4.15298e+06	0
4.15308e+06	0
4.15318e+06	0
4.15328e+06	0
4.15338e+06	0
4.15348e+06	0
4.15358e+06	0
4.15368e+06	0
4.15378e+06	0
4.15388e+06	0
4.15398e+06	0
4.15408e+06	0
4.15418e+06	0
4.15428e+06	0
4.15438e+06	0
4.15448e+06	0
4.15458e+06	0
4.15468e+06	0
4.15478e+06	0
4.15488e+06	0
4.15498e+06	0
4.15508e+06	0
4.15518e+06	0
4.15528e+06	0
4.15538e+06	0
4.15548e+06	0
4.15558e+06	0
4.15568e+06	0
4.15578e+06	0
4.15588e+06	0
4.15598e+06	0
4.15608e+06	0
4.15618e+06	0
4.15628e+06	0
4.15638e+06	0
4.15648e+06	0
4.15658e+06	0
4.15668e+06	0
4.15678e+06	0
4.15688e+06	0
4.15698e+06	0
4.15708e+06	0
4.15718e+06	0
4.15728e+06	0
4.15738e+06	0
4.15748e+06	0
4.15758e+06	0
4.15768e+06	0
4.15778e+06	0
4.15788e+06	0
4.15798e+06	0
4.15808e+06	0
4.15818e+06	0
4.15828e+06	0
4.15838e+06	0
4.15848e+06	0
4.15858e+06	0
4.15868e+06	0
4.15878e+06	0
4.15888e+06	0
4.15898e+06	0
4.15908e+06	0
4.15918e+06	0
4.15928e+06	0
4.15938e+06	0
4.15948e+06	0
4.15958e+06	0
4.15968e+06	0
4.15978e+06	0
4.15988e+06	0
4.15998e+06	0
4.16008e+06	0
4.16018e+06	0
4.16028e+06	0
4.16038e+06	0
4.16048e+06	0
4.16058e+06	0
4.16068e+06	0
4.16078e+06	0
4.16088e+06	0
4.16098e+06	0
4.16108e+06	0
4.16118e+06	0
4.16128e+06	0
4.16138e+06	0
4.16148e+06	0
4.16158e+06	0
4.16168e+06	0
4.16178e+06	0
4.16188e+06	0
4.16198e+06	0
4.16208e+06	0
4.16218e+06	0
4.16228e+06	0
4.16238e+06	0
4.16248e+06	0
4.16258e+06	0
4.16268e+06	0
4.16278e+06	0
4.16288e+06	0
4.16298e+06	0
4.16308e+06	0
4.16318e+06	0
4.16328e+06	0
4.16338e+06	0
4.16348e+06	0
4.16358e+06	0
4.16368e+06	0
4.16378e+06	0
4.16388e+06	0
4.16398e+06	0
4.16408e+06	0
4.16418e+06	0
4.16428e+06	0
4.16438e+06	0
4.16448e+06	0
4.16458e+06	0
4.16468e+06	0
4.16478e+06	0
4.16488e+06	0
4.16498e+06	0
4.16508e+06	0
4.16518e+06	0
4.16528e+06	0
4.16538e+06	0
4.16548e+06	0
4.16558e+06	0
4.16568e+06	0
4.16578e+06	0
4.16588e+06	0
4.16598e+06	0
4.16608e+06	0
4.16618e+06	0
4.16628e+06	0
4.16638e+06	0
4.16648e+06	0
4.16658e+06	0
4.16668e+06	0
4.16678e+06	0
4.16688e+06	0
4.16698e+06	0
4.16708e+06	0
4.16718e+06	0
4.16728e+06	0
4.16738e+06	0
4.16748e+06	0
4.16758e+06	0
4.16768e+06	0
4.16778e+06	0
4.16788e+06	0
4.16798e+06	0
4.16808e+06	0
4.16818e+06	0
4.16828e+06	0
4.16838e+06	0
4.16848e+06	0
4.16858e+06	0
4.16868e+06	0
4.16878e+06	0
4.16888e+06	0
4.16898e+06	0
4.16908e+06	0
4.16918e+06	0
4.16928e+06	0
4.16938e+06	0
4.16948e+06	0
4.16958e+06	0
4.16968e+06	0
4.16978e+06	0
4.16988e+06	0
4.16998e+06	0
4.17008e+06	0
4.17018e+06	0
4.17028e+06	0
4.17038e+06	0
4.17048e+06	0
4.17058e+06	0
4.17068e+06	0
4.17078e+06	0
4.17088e+06	0
4.17098e+06	0
4.17108e+06	0
4.17118e+06	0
4.17128e+06	0
4.17138e+06	0
4.17148e+06	0
4.17158e+06	0
4.17168e+06	0
4.17178e+06	0
4.17188e+06	0
4.17198e+06	0
4.17208e+06	0
4.17218e+06	0
4.17228e+06	0
4.17238e+06	0
4.17248e+06	0
4.17258e+06	0
4.17268e+06	0
4.17278e+06	0
4.17288e+06	0
4.17298e+06	0
4.17308e+06	0
4.17318e+06	0
4.17328e+06	0
4.17338e+06	0
4.17348e+06	0
4.17358e+06	0
4.17368e+06	0
4.17378e+06	0
4.17388e+06	0
4.17398e+06	0
4.17408e+06	0
4.17418e+06	0
4.17428e+06	0
4.17438e+06	0
4.17448e+06	0
4.17458e+06	0
4.17468e+06	0
4.17478e+06	0
4.17488e+06	0
4.17498e+06	0
4.17508e+06	0
4.17518e+06	0
4.17528e+06	0
4.17538e+06	0
4.17548e+06	0
4.17558e+06	0
4.17568e+06	0
4.17578e+06	0
4.17588e+06	0
4.17598e+06	0
4.17608e+06	0
4.17618e+06	0
4.17628e+06	0
4.17638e+06	0
4.17648e+06	0
4.17658e+06	0
4.17668e+06	0
4.17678e+06	0
4.17688e+06	0
4.17698e+06	0
4.17708e+06	0
4.17718e+06	0
4.17728e+06	0
4.17738e+06	0
4.17748e+06	0
4.17758e+06	0
4.17768e+06	0
4.17778e+06	0
4.17788e+06	0
4.17798e+06	0
4.17808e+06	0
4.17818e+06	0
4.17828e+06	0
4.17838e+06	0
4.17848e+06	0
4.17858e+06	0
4.17868e+06	0
4.17878e+06	0
4.17888e+06	0
4.17898e+06	0
4.17908e+06	0
4.17918e+06	0
4.17928e+06	0
4.17938e+06	0
4.17948e+06	0
4.17958e+06	0
4.17968e+06	0
4.17978e+06	0
4.17988e+06	0
4.17998e+06	0
4.18008e+06	0
4.18018e+06	0
4.18028e+06	0
4.18038e+06	0
4.18048e+06	0
4.18058e+06	0
4.18068e+06	0
4.18078e+06	0
4.18088e+06	0
4.18098e+06	0
4.18108e+06	0
4.18118e+06	0
4.18128e+06	0
4.18138e+06	0
4.18148e+06	0
4.18158e+06	0
4.18168e+06	0
4.18178e+06	0
4.18188e+06	0
4.18198e+06	0
4.18208e+06	0
4.18218e+06	0
4.18228e+06	0
4.18238e+06	0
4.18248e+06	0
4.18258e+06	0
4.18268e+06	0
4.18278e+06	0
4.18288e+06	0
4.18298e+06	0
4.18308e+06	0
4.18318e+06	0
4.18328e+06	0
4.18338e+06	0
4.18348e+06	0
4.18358e+06	0
4.18368e+06	0
4.18378e+06	0
4.18388e+06	0
4.18398e+06	0
4.18408e+06	0
4.18418e+06	0
4.18428e+06	0
4.18438e+06	0
4.18448e+06	0
4.18458e+06	0
4.18468e+06	0
4.18478e+06	0
4.18488e+06	0
4.18498e+06	0
4.18508e+06	0
4.18518e+06	0
4.18528e+06	0
4.18538e+06	0
4.18548e+06	0
4.18558e+06	0
4.18568e+06	0
4.18578e+06	0
4.18588e+06	0
4.18598e+06	0
4.18608e+06	0
4.18618e+06	0
4.18628e+06	0
4.18638e+06	0
4.18648e+06	0
4.18658e+06	0
4.18668e+06	0
4.18678e+06	0
4.18688e+06	0
4.18698e+06	0
4.18708e+06	0
4.18718e+06	0
4.18728e+06	0
4.18738e+06	0
4.18748e+06	0
4.18758e+06	0
4.18768e+06	0
4.18778e+06	0
4.18788e+06	0
4.18798e+06	0
4.18808e+06	0
4.18818e+06	0
4.18828e+06	0
4.18838e+06	0
4.18848e+06	0
4.18858e+06	0
4.18868e+06	0
4.18878e+06	0
4.18888e+06	0
4.18898e+06	0
4.18908e+06	0
4.18918e+06	0
4.18928e+06	0
4.18938e+06	0
4.18948e+06	0
4.18958e+06	0
4.18968e+06	0
4.18978e+06	0
4.18988e+06	0
4.18998e+06	0
4.19008e+06	0
4.19018e+06	0
4.19028e+06	0
4.19038e+06	0
4.19048e+06	0
4.19058e+06	0
4.19068e+06	0
4.19078e+06	0
4.19088e+06	0
4.19098e+06	0
4.19108e+06	0
4.19118e+06	0
4.19128e+06	0
4.19138e+06	0
4.19148e+06	0
4.19158e+06	0
4.19168e+06	0
4.19178e+06	0
4.19188e+06	0
4.19198e+06	0
4.19208e+06	0
4.19218e+06	0
4.19228e+06	0
4.19238e+06	0
4.19248e+06	0
4.19258e+06	0
4.19268e+06	0
4.19278e+06	0
4.19288e+06	0
4.19298e+06	0
4.19308e+06	0
4.19318e+06	0
4.19328e+06	0
4.19338e+06	0
4.19348e+06	0
4.19358e+06	0
4.19368e+06	0
4.19378e+06	0
4.19388e+06	0
4.19398e+06	0
4.19408e+06	0
4.19418e+06	0
4.19428e+06	0
4.19438e+06	0
4.19448e+06	0
4.19458e+06	0
4.19468e+06	0
4.19478e+06	0
4.19488e+06	0
4.19498e+06	0
4.19508e+06	0
4.19518e+06	0
4.19528e+06	0
4.19538e+06	0
4.19548e+06	0
4.19558e+06	0
4.19568e+06	0
4.19578e+06	0
4.19588e+06	0
4.19598e+06	0
4.19608e+06	0
4.19618e+06	0
4.19628e+06	0
4.19638e+06	0
4.19648e+06	0
4.19658e+06	0
4.19668e+06	0
4.19678e+06	0
4.19688e+06	0
4.19698e+06	0
4.19708e+06	0
4.19718e+06	0
4.19728e+06	0
4.19738e+06	0
4.19748e+06	0
4.19758e+06	0
4.19768e+06	0
4.19778e+06	0
4.19788e+06	0
4.19798e+06	0
4.19808e+06	0
4.19818e+06	0
4.19828e+06	0
4.19838e+06	0
4.19848e+06	0
4.19858e+06	0
4.19868e+06	0
4.19878e+06	0
4.19888e+06	0
4.19898e+06	0
4.19908e+06	0
4.19918e+06	0
4.19928e+06	0
4.19938e+06	0
4.19948e+06	0
4.19958e+06	0
4.19968e+06	0
4.19978e+06	0
4.19988e+06	0
4.19998e+06	0
4.20008e+06	0
4.20018e+06	0
4.20028e+06	0
4.20038e+06	0
4.20048e+06	0
4.20058e+06	0
4.20068e+06	0
4.20078e+06	0
4.20088e+06	0
4.20098e+06	0
4.20108e+06	0
4.20118e+06	0
4.20128e+06	0
4.20138e+06	0
4.20148e+06	0
4.20158e+06	0
4.20168e+06	0
4.20178e+06	0
4.20188e+06	0
4.20198e+06	0
4.20208e+06	0
4.20218e+06	0
4.20228e+06	0
4.20238e+06	0
4.20248e+06	0
4.20258e+06	0
4.20268e+06	0
4.20278e+06	0
4.20288e+06	0
4.20298e+06	0
4.20308e+06	0
4.20318e+06	0
4.20328e+06	0
4.20338e+06	0
4.20348e+06	0
4.20358e+06	0
4.20368e+06	0
4.20378e+06	0
4.20388e+06	0
4.20398e+06	0
4.20408e+06	0
4.20418e+06	0
4.20428e+06	0
4.20438e+06	0
4.20448e+06	0
4.20458e+06	0
4.20468e+06	0
4.20478e+06	0
4.20488e+06	0
4.20498e+06	0
4.20508e+06	0
4.20518e+06	0
4.20528e+06	0
4.20538e+06	0
4.20548e+06	0
4.20558e+06	0
4.20568e+06	0
4.20578e+06	0
4.20588e+06	0
4.20598e+06	0
4.20608e+06	0
4.20618e+06	0
4.20628e+06	0
4.20638e+06	0
4.20648e+06	0
4.20658e+06	0
4.20668e+06	0
4.20678e+06	0
4.20688e+06	0
4.20698e+06	0
4.20708e+06	0
4.20718e+06	0
4.20728e+06	0
4.20738e+06	0
4.20748e+06	0
4.20758e+06	0
4.20768e+06	0
4.20778e+06	0
4.20788e+06	0
4.20798e+06	0
4.20808e+06	0
4.20818e+06	0
4.20828e+06	0
4.20838e+06	0
4.20848e+06	0
4.20858e+06	0
4.20868e+06	0
4.20878e+06	0
4.20888e+06	0
4.20898e+06	0
4.20908e+06	0
4.20918e+06	0
4.20928e+06	0
4.20938e+06	0
4.20948e+06	0
4.20958e+06	0
4.20968e+06	0
4.20978e+06	0
4.20988e+06	0
4.20998e+06	0
4.21008e+06	0
4.21018e+06	0
4.21028e+06	0
4.21038e+06	0
4.21048e+06	0
4.21058e+06	0
4.21068e+06	0
4.21078e+06	0
4.21088e+06	0
4.21098e+06	0
4.21108e+06	0
4.21118e+06	0
4.21128e+06	0
4.21138e+06	0
4.21148e+06	0
4.21158e+06	0
4.21168e+06	0
4.21178e+06	0
4.21188e+06	0
4.21198e+06	0
4.21208e+06	0
4.21218e+06	0
4.21228e+06	0
4.21238e+06	0
4.21248e+06	0
4.21258e+06	0
4.21268e+06	0
4.21278e+06	0
4.21288e+06	0
4.21298e+06	0
4.21308e+06	0
4.21318e+06	0
4.21328e+06	0
4.21338e+06	0
4.21348e+06	0
4.21358e+06	0
4.21368e+06	0
4.21378e+06	0
4.21388e+06	0
4.21398e+06	0
4.21408e+06	0
4.21418e+06	0
4.21428e+06	0
4.21438e+06	0
4.21448e+06	0
4.21458e+06	0
4.21468e+06	0
4.21478e+06	0
4.21488e+06	0
4.21498e+06	0
4.21508e+06	0
4.21518e+06	0
4.21528e+06	0
4.21538e+06	0
4.21548e+06	0
4.21558e+06	0
4.21568e+06	0
4.21578e+06	0
4.21588e+06	0
4.21598e+06	0
4.21608e+06	0
4.21618e+06	0
4.21628e+06	0
4.21638e+06	0
4.21648e+06	0
4.21658e+06	0
4.21668e+06	0
4.21678e+06	0
4.21688e+06	0
4.21698e+06	0
4.21708e+06	0
4.21718e+06	0
4.21728e+06	0
4.21738e+06	0
4.21748e+06	0
4.21758e+06	0
4.21768e+06	0
4.21778e+06	0
4.21788e+06	0
4.21798e+06	0
4.21808e+06	0
4.21818e+06	0
4.21828e+06	0
4.21838e+06	0
4.21848e+06	0
4.21858e+06	0
4.21868e+06	0
4.21878e+06	0
4.21888e+06	0
4.21898e+06	0
4.21908e+06	0
4.21918e+06	0
4.21928e+06	0
4.21938e+06	0
4.21948e+06	0
4.21958e+06	0
4.21968e+06	0
4.21978e+06	0
4.21988e+06	0
4.21998e+06	0
4.22008e+06	0
4.22018e+06	0
4.22028e+06	0
4.22038e+06	0
4.22048e+06	0
4.22058e+06	0
4.22068e+06	0
4.22078e+06	0
4.22088e+06	0
4.22098e+06	0
4.22108e+06	0
4.22118e+06	0
4.22128e+06	0
4.22138e+06	0
4.22148e+06	0
4.22158e+06	0
4.22168e+06	0
4.22178e+06	0
4.22188e+06	0
4.22198e+06	0
4.22208e+06	0
4.22218e+06	0
4.22228e+06	0
4.22238e+06	0
4.22248e+06	0
4.22258e+06	0
4.22268e+06	0
4.22278e+06	0
4.22288e+06	0
4.22298e+06	0
4.22308e+06	0
4.22318e+06	0
4.22328e+06	0
4.22338e+06	0
4.22348e+06	0
4.22358e+06	0
4.22368e+06	0
4.22378e+06	0
4.22388e+06	0
4.22398e+06	0
4.22408e+06	0
4.22418e+06	0
4.22428e+06	0
4.22438e+06	0
4.22448e+06	0
4.22458e+06	0
4.22468e+06	0
4.22478e+06	0
4.22488e+06	0
4.22498e+06	0
4.22508e+06	0
4.22518e+06	0
4.22528e+06	0
4.22538e+06	0
4.22548e+06	0
4.22558e+06	0
4.22568e+06	0
4.22578e+06	0
4.22588e+06	0
4.22598e+06	0
4.22608e+06	0
4.22618e+06	0
4.22628e+06	0
4.22638e+06	0
4.22648e+06	0
4.22658e+06	0
4.22668e+06	0
4.22678e+06	0
4.22688e+06	0
4.22698e+06	0
4.22708e+06	0
4.22718e+06	0
4.22728e+06	0
4.22738e+06	0
4.22748e+06	0
4.22758e+06	0
4.22768e+06	0
4.22778e+06	0
4.22788e+06	0
4.22798e+06	0
4.22808e+06	0
4.22818e+06	0
4.22828e+06	0
4.22838e+06	0
4.22848e+06	0
4.22858e+06	0
4.22868e+06	0
4.22878e+06	0
4.22888e+06	0
4.22898e+06	0
4.22908e+06	0
4.22918e+06	0
4.22928e+06	0
4.22938e+06	0
4.22948e+06	0
4.22958e+06	0
4.22968e+06	0
4.22978e+06	0
4.22988e+06	0
4.22998e+06	0
4.23008e+06	0
4.23018e+06	0
4.23028e+06	0
4.23038e+06	0
4.23048e+06	0
4.23058e+06	0
4.23068e+06	0
4.23078e+06	0
4.23088e+06	0
4.23098e+06	0
4.23108e+06	0
4.23118e+06	0
4.23128e+06	0
4.23138e+06	0
4.23148e+06	0
4.23158e+06	0
4.23168e+06	0
4.23178e+06	0
4.23188e+06	0
4.23198e+06	0
4.23208e+06	0
4.23218e+06	0
4.23228e+06	0
4.23238e+06	0
4.23248e+06	0
4.23258e+06	0
4.23268e+06	0
4.23278e+06	0
4.23288e+06	0
4.23298e+06	0
4.23308e+06	0
4.23318e+06	0
4.23328e+06	0
4.23338e+06	0
4.23348e+06	0
4.23358e+06	0
4.23368e+06	0
4.23378e+06	0
4.23388e+06	0
4.23398e+06	0
4.23408e+06	0
4.23418e+06	0
4.23428e+06	0
4.23438e+06	0
4.23448e+06	0
4.23458e+06	0
4.23468e+06	0
4.23478e+06	0
4.23488e+06	0
4.23498e+06	0
4.23508e+06	0
4.23518e+06	0
4.23528e+06	0
4.23538e+06	0
4.23548e+06	0
4.23558e+06	0
4.23568e+06	0
4.23578e+06	0
4.23588e+06	0
4.23598e+06	0
4.23608e+06	0
4.23618e+06	0
4.23628e+06	0
4.23638e+06	0
4.23648e+06	0
4.23658e+06	0
4.23668e+06	0
4.23678e+06	0
4.23688e+06	0
4.23698e+06	0
4.23708e+06	0
4.23718e+06	0
4.23728e+06	0
4.23738e+06	0
4.23748e+06	0
4.23758e+06	0
4.23768e+06	0
4.23778e+06	0
4.23788e+06	0
4.23798e+06	0
4.23808e+06	0
4.23818e+06	0
4.23828e+06	0
4.23838e+06	0
4.23848e+06	0
4.23858e+06	0
4.23868e+06	0
4.23878e+06	0
4.23888e+06	0
4.23898e+06	0
4.23908e+06	0
4.23918e+06	0
4.23928e+06	0
4.23938e+06	0
4.23948e+06	0
4.23958e+06	0
4.23968e+06	0
4.23978e+06	0
4.23988e+06	0
4.23998e+06	0
4.24008e+06	0
4.24018e+06	0
4.24028e+06	0
4.24038e+06	0
4.24048e+06	0
4.24058e+06	0
4.24068e+06	0
4.24078e+06	0
4.24088e+06	0
4.24098e+06	0
4.24108e+06	0
4.24118e+06	0
4.24128e+06	0
4.24138e+06	0
4.24148e+06	0
4.24158e+06	0
4.24168e+06	0
4.24178e+06	0
4.24188e+06	0
4.24198e+06	0
4.24208e+06	0
4.24218e+06	0
4.24228e+06	0
4.24238e+06	0
4.24248e+06	0
4.24258e+06	0
4.24268e+06	0
4.24278e+06	0
4.24288e+06	0
4.24298e+06	0
4.24308e+06	0
4.24318e+06	0
4.24328e+06	0
4.24338e+06	0
4.24348e+06	0
4.24358e+06	0
4.24368e+06	0
4.24378e+06	0
4.24388e+06	0
4.24398e+06	0
4.24408e+06	0
4.24418e+06	0
4.24428e+06	0
4.24438e+06	0
4.24448e+06	0
4.24458e+06	0
4.24468e+06	0
4.24478e+06	0
4.24488e+06	0
4.24498e+06	0
4.24508e+06	0
4.24518e+06	0
4.24528e+06	0
4.24538e+06	0
4.24548e+06	0
4.24558e+06	0
4.24568e+06	0
4.24578e+06	0
4.24588e+06	0
4.24598e+06	0
4.24608e+06	0
4.24618e+06	0
4.24628e+06	0
4.24638e+06	0
4.24648e+06	0
4.24658e+06	0
4.24668e+06	0
4.24678e+06	0
4.24688e+06	0
4.24698e+06	0
4.24708e+06	0
4.24718e+06	0
4.24728e+06	0
4.24738e+06	0
4.24748e+06	0
4.24758e+06	0
4.24768e+06	0
4.24778e+06	0
4.24788e+06	0
4.24798e+06	0
4.24808e+06	0
4.24818e+06	0
4.24828e+06	0
4.24838e+06	0
4.24848e+06	0
4.24858e+06	0
4.24868e+06	0
4.24878e+06	0
4.24888e+06	0
4.24898e+06	0
4.24908e+06	0
4.24918e+06	0
4.24928e+06	0
4.24938e+06	0
4.24948e+06	0
4.24958e+06	0
4.24968e+06	0
4.24978e+06	0
4.24988e+06	0
4.24998e+06	0
4.25008e+06	0
4.25018e+06	0
4.25028e+06	0
4.25038e+06	0
4.25048e+06	0
4.25058e+06	0
4.25068e+06	0
4.25078e+06	0
4.25088e+06	0
4.25098e+06	0
4.25108e+06	0
4.25118e+06	0
4.25128e+06	0
4.25138e+06	0
4.25148e+06	0
4.25158e+06	0
4.25168e+06	0
4.25178e+06	0
4.25188e+06	0
4.25198e+06	0
4.25208e+06	0
4.25218e+06	0
4.25228e+06	0
4.25238e+06	0
4.25248e+06	0
4.25258e+06	0
4.25268e+06	0
4.25278e+06	0
4.25288e+06	0
4.25298e+06	0
4.25308e+06	0
4.25318e+06	0
4.25328e+06	0
4.25338e+06	0
4.25348e+06	0
4.25358e+06	0
4.25368e+06	0
4.25378e+06	0
4.25388e+06	0
4.25398e+06	0
4.25408e+06	0
4.25418e+06	0
4.25428e+06	0
4.25438e+06	0
4.25448e+06	0
4.25458e+06	0
4.25468e+06	0
4.25478e+06	0
4.25488e+06	0
4.25498e+06	0
4.25508e+06	0
4.25518e+06	0
4.25528e+06	0
4.25538e+06	0
4.25548e+06	0
4.25558e+06	0
4.25568e+06	0
4.25578e+06	0
4.25588e+06	0
4.25598e+06	0
4.25608e+06	0
4.25618e+06	0
4.25628e+06	0
4.25638e+06	0
4.25648e+06	0
4.25658e+06	0
4.25668e+06	0
4.25678e+06	0
4.25688e+06	0
4.25698e+06	0
4.25708e+06	0
4.25718e+06	0
4.25728e+06	0
4.25738e+06	0
4.25748e+06	0
4.25758e+06	0
4.25768e+06	0
4.25778e+06	0
4.25788e+06	0
4.25798e+06	0
4.25808e+06	0
4.25818e+06	0
4.25828e+06	0
4.25838e+06	0
4.25848e+06	0
4.25858e+06	0
4.25868e+06	0
4.25878e+06	0
4.25888e+06	0
4.25898e+06	0
4.25908e+06	0
4.25918e+06	0
4.25928e+06	0
4.25938e+06	0
4.25948e+06	0
4.25958e+06	0
4.25968e+06	0
4.25978e+06	0
4.25988e+06	0
4.25998e+06	0
4.26008e+06	0
4.26018e+06	0
4.26028e+06	0
4.26038e+06	0
4.26048e+06	0
4.26058e+06	0
4.26068e+06	0
4.26078e+06	0
4.26088e+06	0
4.26098e+06	0
4.26108e+06	0
4.26118e+06	0
4.26128e+06	0
4.26138e+06	0
4.26148e+06	0
4.26158e+06	0
4.26168e+06	0
4.26178e+06	0
4.26188e+06	0
4.26198e+06	0
4.26208e+06	0
4.26218e+06	0
4.26228e+06	0
4.26238e+06	0
4.26248e+06	0
4.26258e+06	0
4.26268e+06	0
4.26278e+06	0
4.26288e+06	0
4.26298e+06	0
4.26308e+06	0
4.26318e+06	0
4.26328e+06	0
4.26338e+06	0
4.26348e+06	0
4.26358e+06	0
4.26368e+06	0
4.26378e+06	0
4.26388e+06	0
4.26398e+06	0
4.26408e+06	0
4.26418e+06	0
4.26428e+06	0
4.26438e+06	0
4.26448e+06	0
4.26458e+06	0
4.26468e+06	0
4.26478e+06	0
4.26488e+06	0
4.26498e+06	0
4.26508e+06	0
4.26518e+06	0
4.26528e+06	0
4.26538e+06	0
4.26548e+06	0
4.26558e+06	0
4.26568e+06	0
4.26578e+06	0
4.26588e+06	0
4.26598e+06	0
4.26608e+06	0
4.26618e+06	0
4.26628e+06	0
4.26638e+06	0
4.26648e+06	0
4.26658e+06	0
4.26668e+06	0
4.26678e+06	0
4.26688e+06	0
4.26698e+06	0
4.26708e+06	0
4.26718e+06	0
4.26728e+06	0
4.26738e+06	0
4.26748e+06	0
4.26758e+06	0
4.26768e+06	0
4.26778e+06	0
4.26788e+06	0
4.26798e+06	0
4.26808e+06	0
4.26818e+06	0
4.26828e+06	0
4.26838e+06	0
4.26848e+06	0
4.26858e+06	0
4.26868e+06	0
4.26878e+06	0
4.26888e+06	0
4.26898e+06	0
4.26908e+06	0
4.26918e+06	0
4.26928e+06	0
4.26938e+06	0
4.26948e+06	0
4.26958e+06	0
4.26968e+06	0
4.26978e+06	0
4.26988e+06	0
4.26998e+06	0
4.27008e+06	0
4.27018e+06	0
4.27028e+06	0
4.27038e+06	0
4.27048e+06	0
4.27058e+06	0
4.27068e+06	0
4.27078e+06	0
4.27088e+06	0
4.27098e+06	0
4.27108e+06	0
4.27118e+06	0
4.27128e+06	0
4.27138e+06	0
4.27148e+06	0
4.27158e+06	0
4.27168e+06	0
4.27178e+06	0
4.27188e+06	0
4.27198e+06	0
4.27208e+06	0
4.27218e+06	0
4.27228e+06	0
4.27238e+06	0
4.27248e+06	0
4.27258e+06	0
4.27268e+06	0
4.27278e+06	0
4.27288e+06	0
4.27298e+06	0
4.27308e+06	0
4.27318e+06	0
4.27328e+06	0
4.27338e+06	0
4.27348e+06	0
4.27358e+06	0
4.27368e+06	0
4.27378e+06	0
4.27388e+06	0
4.27398e+06	0
4.27408e+06	0
4.27418e+06	0
4.27428e+06	0
4.27438e+06	0
4.27448e+06	0
4.27458e+06	0
4.27468e+06	0
4.27478e+06	0
4.27488e+06	0
4.27498e+06	0
4.27508e+06	0
4.27518e+06	0
4.27528e+06	0
4.27538e+06	0
4.27548e+06	0
4.27558e+06	0
4.27568e+06	0
4.27578e+06	0
4.27588e+06	0
4.27598e+06	0
4.27608e+06	0
4.27618e+06	0
4.27628e+06	0
4.27638e+06	0
4.27648e+06	0
4.27658e+06	0
4.27668e+06	0
4.27678e+06	0
4.27688e+06	0
4.27698e+06	0
4.27708e+06	0
4.27718e+06	0
4.27728e+06	0
4.27738e+06	0
4.27748e+06	0
4.27758e+06	0
4.27768e+06	0
4.27778e+06	0
4.27788e+06	0
4.27798e+06	0
4.27808e+06	0
4.27818e+06	0
4.27828e+06	0
4.27838e+06	0
4.27848e+06	0
4.27858e+06	0
4.27868e+06	0
4.27878e+06	0
4.27888e+06	0
4.27898e+06	0
4.27908e+06	0
4.27918e+06	0
4.27928e+06	0
4.27938e+06	0
4.27948e+06	0
4.27958e+06	0
4.27968e+06	0
4.27978e+06	0
4.27988e+06	0
4.27998e+06	0
4.28008e+06	0
4.28018e+06	0
4.28028e+06	0
4.28038e+06	0
4.28048e+06	0
4.28058e+06	0
4.28068e+06	0
4.28078e+06	0
4.28088e+06	0
4.28098e+06	0
4.28108e+06	0
4.28118e+06	0
4.28128e+06	0
4.28138e+06	0
4.28148e+06	0
4.28158e+06	0
4.28168e+06	0
4.28178e+06	0
4.28188e+06	0
4.28198e+06	0
4.28208e+06	0
4.28218e+06	0
4.28228e+06	0
4.28238e+06	0
4.28248e+06	0
4.28258e+06	0
4.28268e+06	0
4.28278e+06	0
4.28288e+06	0
4.28298e+06	0
4.28308e+06	0
4.28318e+06	0
4.28328e+06	0
4.28338e+06	0
4.28348e+06	0
4.28358e+06	0
4.28368e+06	0
4.28378e+06	0
4.28388e+06	0
4.28398e+06	0
4.28408e+06	0
4.28418e+06	0
4.28428e+06	0
4.28438e+06	0
4.28448e+06	0
4.28458e+06	0
4.28468e+06	0
4.28478e+06	0
4.28488e+06	0
4.28498e+06	0
4.28508e+06	0
4.28518e+06	0
4.28528e+06	0
4.28538e+06	0
4.28548e+06	0
4.28558e+06	0
4.28568e+06	0
4.28578e+06	0
4.28588e+06	0
4.28598e+06	0
4.28608e+06	0
4.28618e+06	0
4.28628e+06	0
4.28638e+06	0
4.28648e+06	0
4.28658e+06	0
4.28668e+06	0
4.28678e+06	0
4.28688e+06	0
4.28698e+06	0
4.28708e+06	0
4.28718e+06	0
4.28728e+06	0
4.28738e+06	0
4.28748e+06	0
4.28758e+06	0
4.28768e+06	0
4.28778e+06	0
4.28788e+06	0
4.28798e+06	0
4.28808e+06	0
4.28818e+06	0
4.28828e+06	0
4.28838e+06	0
4.28848e+06	0
4.28858e+06	0
4.28868e+06	0
4.28878e+06	0
4.28888e+06	0
4.28898e+06	0
4.28908e+06	0
4.28918e+06	0
4.28928e+06	0
4.28938e+06	0
4.28948e+06	0
4.28958e+06	0
4.28968e+06	0
4.28978e+06	0
4.28988e+06	0
4.28998e+06	0
4.29008e+06	0
4.29018e+06	0
4.29028e+06	0
4.29038e+06	0
4.29048e+06	0
4.29058e+06	0
4.29068e+06	0
4.29078e+06	0
4.29088e+06	0
4.29098e+06	0
4.29108e+06	0
4.29118e+06	0
4.29128e+06	0
4.29138e+06	4.94066e-324
4.29148e+06	3.0138e-322
4.29158e+06	1.39969e-320
4.29168e+06	6.44128e-319
4.29178e+06	2.93423e-317
4.29188e+06	1.32335e-315
4.29198e+06	5.90893e-314
4.29208e+06	2.61217e-312
4.29218e+06	1.14328e-310
4.29228e+06	4.95404e-309
4.29238e+06	2.12532e-307
4.29248e+06	9.02703e-306
4.29258e+06	3.79598e-304
4.29268e+06	1.58037e-302
4.29278e+06	6.51405e-301
4.29288e+06	2.65828e-299
4.29298e+06	1.07401e-297
4.29308e+06	4.29607e-296
4.29318e+06	1.70134e-294
4.29328e+06	6.67067e-293
4.29338e+06	2.58943e-291
4.29348e+06	9.95167e-290
4.29358e+06	3.78656e-288
4.29368e+06	1.42643e-286
4.29378e+06	5.32003e-285
4.29388e+06	1.96442e-283
4.29398e+06	7.18143e-282
4.29408e+06	2.59923e-280
4.29418e+06	9.31401e-279
4.29428e+06	3.30434e-277
4.29438e+06	1.16062e-275
4.29448e+06	4.03601e-274
4.29458e+06	1.38954e-272
4.29468e+06	4.7364e-271
4.29478e+06	1.59839e-269
4.29488e+06	5.34039e-268
4.29498e+06	1.76653e-266
4.29508e+06	5.78529e-265
4.29518e+06	1.8758e-263
4.29528e+06	6.02152e-262
4.29538e+06	1.91373e-260
4.29548e+06	6.02164e-259
4.29558e+06	1.87588e-257
4.29568e+06	5.78564e-256
4.29578e+06	1.76667e-254
4.29588e+06	5.34093e-253
4.29598e+06	1.59858e-251
4.29608e+06	4.73708e-250
4.29618e+06	1.38977e-248
4.29628e+06	4.03675e-247
4.29638e+06	1.16086e-245
4.29648e+06	3.30508e-244
4.29658e+06	9.31629e-243
4.29668e+06	2.59992e-241
4.29678e+06	7.18348e-240
4.29688e+06	1.96502e-238
4.29698e+06	5.32176e-237
4.29708e+06	1.42693e-235
4.29718e+06	3.78795e-234
4.29728e+06	9.95553e-233
4.29738e+06	2.59049e-231
4.29748e+06	6.67352e-230
4.29758e+06	1.70211e-228
4.29768e+06	4.29808e-227
4.29778e+06	1.07453e-225
4.29788e+06	2.65964e-224
4.29798e+06	6.51751e-223
4.29808e+06	1.58124e-221
4.29818e+06	3.79814e-220
4.29828e+06	9.03237e-219
4.29838e+06	2.12662e-217
4.29848e+06	4.95717e-216
4.29858e+06	1.14403e-214
4.29868e+06	2.61393e-213
4.29878e+06	5.91303e-212
4.29888e+06	1.32429e-210
4.29898e+06	2.93638e-209
4.29908e+06	6.44614e-208
4.29918e+06	1.40102e-206
4.29928e+06	3.0147e-205
4.29938e+06	6.42248e-204
4.29948e+06	1.35462e-202
4.29958e+06	2.82872e-201
4.29968e+06	5.84816e-200
4.29978e+06	1.19703e-198
4.29988e+06	2.42577e-197
4.29998e+06	4.86687e-196
4.30008e+06	9.66734e-195
4.30018e+06	1.90117e-193
4.30028e+06	3.70163e-192
4.30038e+06	7.13546e-191
4.30048e+06	1.36178e-189
4.30058e+06	2.57306e-188
4.30068e+06	4.81338e-187
4.30078e+06	8.91471e-186
4.30088e+06	1.63464e-184
4.30098e+06	2.96751e-183
4.30108e+06	5.33359e-182
4.30118e+06	9.49085e-181
4.30128e+06	1.67204e-179
4.30138e+06	2.9164e-178
4.30148e+06	5.0362e-177
4.30158e+06	8.61026e-176
4.30168e+06	1.45743e-174
4.30178e+06	2.44238e-173
4.30188e+06	4.05227e-172
4.30198e+06	6.65641e-171
4.30208e+06	1.08253e-169
4.30218e+06	1.74299e-168
4.30228e+06	2.77848e-167
4.30238e+06	4.38507e-166
4.30248e+06	6.85178e-165
4.30258e+06	1.05995e-163
4.30268e+06	1.62341e-162
4.30278e+06	2.46165e-161
4.30288e+06	3.69557e-160
4.30298e+06	5.49279e-159
4.30308e+06	8.08281e-158
4.30318e+06	1.17758e-156
4.30328e+06	1.69852e-155
4.30338e+06	2.42556e-154
4.30348e+06	3.42933e-153
4.30358e+06	4.80025e-152
4.30368e+06	6.65236e-151
4.30378e+06	9.12734e-150
4.30388e+06	1.23985e-148
4.30398e+06	1.66745e-147
4.30408e+06	2.2202e-146
4.30418e+06	2.92677e-145
4.30428e+06	3.81982e-144
4.30438e+06	4.93575e-143
4.30448e+06	6.31424e-142
4.30458e+06	7.99735e-141
4.30468e+06	1.00283e-139
4.30478e+06	1.24499e-138
4.30488e+06	1.53025e-137
4.30498e+06	1.86216e-136
4.30508e+06	2.2435e-135
4.30518e+06	2.67605e-134
4.30528e+06	3.16023e-133
4.30538e+06	3.69488e-132
4.30548e+06	4.27699e-131
4.30558e+06	4.90156e-130
4.30568e+06	5.56143e-129
4.30578e+06	6.24736e-128
4.30588e+06	6.94805e-127
4.30598e+06	7.65044e-126
4.30608e+06	8.34003e-125
4.30618e+06	9.0013e-124
4.30628e+06	9.61834e-123
4.30638e+06	1.01754e-121
4.30648e+06	1.06576e-120
4.30658e+06	1.10517e-119
4.30668e+06	1.13462e-118
4.30678e+06	1.15327e-117
4.30688e+06	1.16056e-116
4.30698e+06	1.15628e-115
4.30708e+06	1.14055e-114
4.30718e+06	1.11384e-113
4.30728e+06	1.07693e-112
4.30738e+06	1.03088e-111
4.30748e+06	9.76989e-111
4.30758e+06	9.16698e-110
4.30768e+06	8.51569e-109
4.30778e+06	7.83196e-108
4.30788e+06	7.13146e-107
4.30798e+06	6.429e-106
4.30808e+06	5.73806e-105
4.30818e+06	5.07042e-104
4.30828e+06	4.43588e-103
4.30838e+06	3.84214e-102
4.30848e+06	3.29476e-101
4.30858e+06	2.79724e-100
4.30868e+06	2.35123e-99
4.30878e+06	1.95666e-98
4.30888e+06	1.61211e-97
4.30898e+06	1.31501e-96
4.30908e+06	1.06199e-95
4.30918e+06	8.49125e-95
4.30928e+06	6.72169e-94
4.30938e+06	5.26795e-93
4.30948e+06	4.08755e-92
4.30958e+06	3.14008e-91
4.30968e+06	2.38822e-90
4.30978e+06	1.79832e-89
4.30988e+06	1.34065e-88
4.30998e+06	9.89514e-88
4.31008e+06	7.23077e-87
4.31018e+06	5.23124e-86
4.31028e+06	3.74699e-85
4.31038e+06	2.65715e-84
4.31048e+06	1.86555e-83
4.31058e+06	1.29675e-82
4.31068e+06	8.92403e-82
4.31078e+06	6.08028e-81
4.31088e+06	4.1015e-80
4.31098e+06	2.73917e-79
4.31108e+06	1.81114e-78
4.31118e+06	1.18561e-77
4.31128e+06	7.68407e-77
4.31138e+06	4.93056e-76
4.31148e+06	3.13226e-75
4.31158e+06	1.97005e-74
4.31168e+06	1.22674e-73
4.31178e+06	7.56285e-73
4.31188e+06	4.6161e-72
4.31198e+06	2.78947e-71
4.31208e+06	1.66889e-70
4.31218e+06	9.88525e-70
4.31228e+06	5.79703e-69
4.31238e+06	3.36574e-68
4.31248e+06	1.9347e-67
4.31258e+06	1.10104e-66
4.31268e+06	6.20368e-66
4.31278e+06	3.46061e-65
4.31288e+06	1.91123e-64
4.31298e+06	1.04504e-63
4.31308e+06	5.65725e-63
4.31318e+06	3.03206e-62
4.31328e+06	1.60889e-61
4.31338e+06	8.45224e-61
4.31348e+06	4.39617e-60
4.31358e+06	2.26378e-59
4.31368e+06	1.15412e-58
4.31378e+06	5.8254e-58
4.31388e+06	2.9111e-57
4.31398e+06	1.44027e-56
4.31408e+06	7.05489e-56
4.31418e+06	3.42131e-55
4.31428e+06	1.64268e-54
4.31438e+06	7.80851e-54
4.31448e+06	3.67487e-53
4.31458e+06	1.71227e-52
4.31468e+06	7.89878e-52
4.31478e+06	3.60748e-51
4.31488e+06	1.6312e-50
4.31498e+06	7.30239e-50
4.31508e+06	3.23654e-49
4.31518e+06	1.42021e-48
4.31528e+06	6.16997e-48
4.31538e+06	2.65381e-47
4.31548e+06	1.13009e-46
4.31558e+06	4.76448e-46
4.31568e+06	1.98872e-45
4.31578e+06	8.21842e-45
4.31588e+06	3.36249e-44
4.31598e+06	1.36204e-43
4.31608e+06	5.46231e-43
4.31618e+06	2.1688e-42
4.31628e+06	8.5255e-42
4.31638e+06	3.31801e-41
4.31648e+06	1.27847e-40
4.31658e+06	4.87712e-40
4.31668e+06	1.84201e-39
4.31678e+06	6.88776e-39
4.31688e+06	2.54989e-38
4.31698e+06	9.34589e-38
4.31708e+06	3.39139e-37
4.31718e+06	1.2184e-36
4.31728e+06	4.33374e-36
4.31738e+06	1.52613e-35
4.31748e+06	5.32078e-35
4.31758e+06	1.83661e-34
4.31768e+06	6.27649e-34
4.31778e+06	2.1236e-33
4.31788e+06	7.11355e-33
4.31798e+06	2.35916e-32
4.31808e+06	7.74612e-32
4.31818e+06	2.51808e-31
4.31828e+06	8.1042e-31
4.31838e+06	2.58231e-30
4.31848e+06	8.14638e-30
4.31858e+06	2.54435e-29
4.31868e+06	7.86768e-29
4.31878e+06	2.40865e-28
4.31888e+06	7.30058e-28
4.31898e+06	2.19078e-27
4.31908e+06	6.50873e-27
4.31918e+06	1.91448e-26
4.31928e+06	5.57524e-26
4.31938e+06	1.60743e-25
4.31948e+06	4.58838e-25
4.31958e+06	1.29671e-24
4.31968e+06	3.62813e-24
4.31978e+06	1.00503e-23
4.31988e+06	2.75635e-23
4.31998e+06	7.48421e-23
4.32008e+06	2.01194e-22
4.32018e+06	5.35476e-22
4.32028e+06	1.41099e-21
4.32038e+06	3.68097e-21
4.32048e+06	9.50734e-21
4.32058e+06	2.43116e-20
4.32068e+06	6.15494e-20
4.32078e+06	1.54274e-19
4.32088e+06	3.82839e-19
4.32098e+06	9.40586e-19
4.32108e+06	2.2879e-18
4.32118e+06	5.50977e-18
4.32128e+06	1.31367e-17
4.32138e+06	3.10097e-17
4.32148e+06	7.2471e-17
4.32158e+06	1.67683e-16
4.32168e+06	3.84123e-16
4.32178e+06	8.71182e-16
4.32188e+06	1.95616e-15
4.32198e+06	4.34867e-15
4.32208e+06	9.5712e-15
4.32218e+06	2.08561e-14
4.32228e+06	4.49942e-14
4.32238e+06	9.61032e-14
4.32248e+06	2.03224e-13
4.32258e+06	4.25471e-13
4.32268e+06	8.81906e-13
4.32278e+06	1.8098e-12
4.32288e+06	3.67703e-12
4.32298e+06	7.39641e-12
4.32308e+06	1.47299e-11
4.32318e+06	2.90428e-11
4.32328e+06	5.66934e-11
4.32338e+06	1.09568e-10
4.32348e+06	2.09649e-10
4.32358e+06	3.97153e-10
4.32368e+06	7.4487e-10
4.32378e+06	1.38312e-09
4.32388e+06	2.54271e-09
4.32398e+06	4.62798e-09
4.32408e+06	8.33954e-09
4.32418e+06	1.48782e-08
4.32428e+06	2.62794e-08
4.32438e+06	4.59556e-08
4.32448e+06	7.95643e-08
4.32458e+06	1.36381e-07
4.32468e+06	2.31446e-07
4.32478e+06	3.88867e-07
4.32488e+06	6.46859e-07
4.32498e+06	1.06531e-06
4.32508e+06	1.737e-06
4.32518e+06	2.80403e-06
4.32528e+06	4.48148e-06
4.32538e+06	7.0912e-06
4.32548e+06	1.1109e-05
4.32558e+06	1.72302e-05
4.32568e+06	2.64584e-05
4.32578e+06	4.02251e-05
4.32588e+06	6.05467e-05
4.32598e+06	9.02287e-05
4.32608e+06	0.000133125
4.32618e+06	0.000194464
4.32628e+06	0.000281243
4.32638e+06	0.000402707
4.32648e+06	0.000570908
4.32658e+06	0.000801332
4.32668e+06	0.00111361
4.32678e+06	0.00153226
4.32688e+06	0.00208743
4.32698e+06	0.00281567
4.32708e+06	0.00376052
4.32718e+06	0.00497301
4.32728e+06	0.00651191
4.32738e+06	0.00844363
4.32748e+06	0.0108417
4.32758e+06	0.0137861
4.32768e+06	0.0173612
4.32778e+06	0.0216546
4.32788e+06	0.0267542
4.32798e+06	0.0327459
4.32808e+06	0.0397104
4.32818e+06	0.0477211
4.32828e+06	0.0568417
4.32838e+06	0.0671249
4.32848e+06	0.078613
4.32858e+06	0.0913395
4.32868e+06	0.105334
4.32878e+06	0.120626
4.32888e+06	0.137261
4.32898e+06	0.155301
4.32908e+06	0.174849
4.32918e+06	0.196058
4.32928e+06	0.219145
4.32938e+06	0.244408
4.32948e+06	0.272235
4.32958e+06	0.30311
4.32968e+06	0.337612
4.32978e+06	0.37641
4.32988e+06	0.420241
4.32998e+06	0.469882
4.33008e+06	0.526114
4.33018e+06	0.58967
4.33028e+06	0.66118
4.33038e+06	0.741105
4.33048e+06	0.829676
4.33058e+06	0.926829
4.33068e+06	1.03215
4.33078e+06	1.14483
4.33088e+06	1.26363
4.33098e+06	1.3869
4.33108e+06	1.51257
4.33118e+06	1.63821
4.33128e+06	1.76108
4.33138e+06	1.87824
4.33148e+06	1.98669
4.33158e+06	2.08341
4.33168e+06	2.16558
4.33178e+06	2.23069
4.33188e+06	2.27663
4.33198e+06	2.30181
4.33208e+06	2.30527
4.33218e+06	2.2867
4.33228e+06	2.24644
4.33238e+06	2.18551
4.33248e+06	2.10554
4.33258e+06	2.00865
4.33268e+06	1.89742
4.33278e+06	1.77472
4.33288e+06	1.64359
4.33298e+06	1.50711
4.33308e+06	1.3683
4.33318e+06	1.22997
4.33328e+06	1.09467
4.33338e+06	0.964584
4.33348e+06	0.841523
4.33358e+06	0.726872
4.33368e+06	0.621604
4.33378e+06	0.5263
4.33388e+06	0.441178
4.33398e+06	0.366147
4.33408e+06	0.300855
4.33418e+06	0.244747
4.33428e+06	0.197123
4.33438e+06	0.157187
4.33448e+06	0.124095
4.33458e+06	0.096995
4.33468e+06	0.075059
4.33478e+06	0.0575061
4.33488e+06	0.0436196
4.33498e+06	0.0327573
4.33508e+06	0.0243552
4.33518e+06	0.017928
4.33528e+06	0.0130656
4.33538e+06	0.00942726
4.33548e+06	0.00673438
4.33558e+06	0.00476286
4.33568e+06	0.00333499
4.33578e+06	0.00231195
4.33588e+06	0.00158679
4.33598e+06	0.00107824
4.33608e+06	0.000725392
4.33618e+06	0.000483153
4.33628e+06	0.000318606
4.33638e+06	0.000208008
4.33648e+06	0.000134451
4.33658e+06	8.60409e-05
4.33668e+06	5.45133e-05
4.33678e+06	3.41946e-05
4.33688e+06	2.12358e-05
4.33698e+06	1.30568e-05
4.33708e+06	7.94812e-06
4.33718e+06	4.79013e-06
4.33728e+06	2.85817e-06
4.33738e+06	1.68844e-06
4.33748e+06	9.87504e-07
4.33758e+06	5.71808e-07
4.33768e+06	3.27807e-07
4.33778e+06	1.86056e-07
4.33788e+06	1.0455e-07
4.33798e+06	5.81655e-08
4.33808e+06	3.20377e-08
4.33818e+06	1.74709e-08
4.33828e+06	9.43249e-09
4.33838e+06	5.0419e-09
4.33848e+06	2.6682e-09
4.33858e+06	1.39798e-09
4.33868e+06	7.25169e-10
4.33878e+06	3.72422e-10
4.33888e+06	1.8936e-10
4.33898e+06	9.53231e-11
4.33908e+06	4.75078e-11
4.33918e+06	2.34417e-11
4.33928e+06	1.14517e-11
4.33938e+06	5.53871e-12
4.33948e+06	2.65219e-12
4.33958e+06	1.25735e-12
4.33968e+06	5.90155e-13
4.33978e+06	2.74241e-13
4.33988e+06	1.2617e-13
4.33998e+06	5.74694e-14
4.34008e+06	2.59164e-14
4.34018e+06	1.15709e-14
4.34028e+06	5.1147e-15
4.34038e+06	2.23836e-15
4.34048e+06	9.69829e-16
4.34058e+06	4.16024e-16
4.34068e+06	1.76684e-16
4.34078e+06	7.42908e-17
4.34088e+06	3.09264e-17
4.34098e+06	1.27462e-17
4.34108e+06	5.20102e-18
4.34118e+06	2.10113e-18
4.34128e+06	8.4038e-19
4.34138e+06	3.32778e-19
4.34148e+06	1.30464e-19
4.34158e+06	5.0639e-20
4.34168e+06	1.94597e-20
4.34178e+06	7.4036e-21
4.34188e+06	2.78874e-21
4.34198e+06	1.03999e-21
4.34208e+06	3.8398e-22
4.34218e+06	1.40361e-22
4.34228e+06	5.07985e-23
4.34238e+06	1.82053e-23
4.34248e+06	6.46985e-24
4.34258e+06	2.30548e-24
4.34268e+06	8.94759e-25
4.34278e+06	5.66394e-25
4.34288e+06	9.0284e-25
4.34298e+06	2.23521e-24
4.34308e+06	5.94535e-24
4.34318e+06	1.5826e-23
4.34328e+06	4.17646e-23
4.34338e+06	1.09138e-22
4.34348e+06	2.82362e-22
4.34358e+06	7.23263e-22
4.34368e+06	1.83419e-21
4.34378e+06	4.6052e-21
4.34388e+06	1.14475e-20
4.34398e+06	2.81727e-20
4.34408e+06	6.86443e-20
4.34418e+06	1.65591e-19
4.34428e+06	3.95482e-19
4.34438e+06	9.35134e-19
4.34448e+06	2.18916e-18
4.34458e+06	5.07386e-18
4.34468e+06	1.16428e-17
4.34478e+06	2.64504e-17
4.34488e+06	5.94927e-17
4.34498e+06	1.32481e-16
4.34508e+06	2.92078e-16
4.34518e+06	6.37533e-16
4.34528e+06	1.37773e-15
4.34538e+06	2.94768e-15
4.34548e+06	6.24388e-15
4.34558e+06	1.30944e-14
4.34568e+06	2.71879e-14
4.34578e+06	5.58883e-14
4.34588e+06	1.13743e-13
4.34598e+06	2.29183e-13
4.34608e+06	4.57193e-13
4.34618e+06	9.02971e-13
4.34628e+06	1.76565e-12
4.34638e+06	3.41816e-12
4.34648e+06	6.55145e-12
4.34658e+06	1.2432e-11
4.34668e+06	2.3356e-11
4.34678e+06	4.34425e-11
4.34688e+06	7.99997e-11
4.34698e+06	1.45854e-10
4.34708e+06	2.63273e-10
4.34718e+06	4.7049e-10
4.34728e+06	8.32437e-10
4.34738e+06	1.45818e-09
4.34748e+06	2.52887e-09
4.34758e+06	4.34209e-09
4.34768e+06	7.38122e-09
4.34778e+06	1.24227e-08
4.34788e+06	2.06994e-08
4.34798e+06	3.41475e-08
4.34808e+06	5.57721e-08
4.34818e+06	9.01846e-08
4.34828e+06	1.44379e-07
4.34838e+06	2.28841e-07
4.34848e+06	3.59103e-07
4.34858e+06	5.57908e-07
4.34868e+06	8.58149e-07
4.34878e+06	1.30683e-06
4.34888e+06	1.97031e-06
4.34898e+06	2.94107e-06
4.34908e+06	4.34645e-06
4.34918e+06	6.35945e-06
4.34928e+06	9.21218e-06
4.34938e+06	1.32118e-05
4.34948e+06	1.87594e-05
4.34958e+06	2.63714e-05
4.34968e+06	3.67031e-05
4.34978e+06	5.05744e-05
4.34988e+06	6.89947e-05
4.34998e+06	9.31875e-05
4.35008e+06	0.000124611
4.35018e+06	0.000164973
4.35028e+06	0.000216235
4.35038e+06	0.000280606
4.35048e+06	0.000360515
4.35058e+06	0.000458572
4.35068e+06	0.000577496
4.35078e+06	0.000720025
4.35088e+06	0.000888798
4.35098e+06	0.00108621
4.35108e+06	0.00131427
4.35118e+06	0.00157439
4.35128e+06	0.00186722
4.35138e+06	0.00219248
4.35148e+06	0.00254879
4.35158e+06	0.00293352
4.35168e+06	0.00334272
4.35178e+06	0.00377111
4.35188e+06	0.00421207
4.35198e+06	0.00465777
4.35208e+06	0.00509939
4.35218e+06	0.00552733
4.35228e+06	0.00593157
4.35238e+06	0.00630204
4.35248e+06	0.00662902
4.35258e+06	0.00690359
4.35268e+06	0.00711799
4.35278e+06	0.00726602
4.35288e+06	0.00734334
4.35298e+06	0.00734763
4.35308e+06	0.00727876
4.35318e+06	0.0071388
4.35328e+06	0.00693187
4.35338e+06	0.00666395
4.35348e+06	0.00634265
4.35358e+06	0.00597677
4.35368e+06	0.00557596
4.35378e+06	0.00515027
4.35388e+06	0.00470974
4.35398e+06	0.00426404
4.35408e+06	0.0038221
4.35418e+06	0.00339188
4.35428e+06	0.00298013
4.35438e+06	0.00259232
4.35448e+06	0.00223253
4.35458e+06	0.00190355
4.35468e+06	0.0016069
4.35478e+06	0.00134298
4.35488e+06	0.00111124
4.35498e+06	0.000910334
4.35508e+06	0.000738333
4.35518e+06	0.000592872
4.35528e+06	0.000471332
4.35538e+06	0.00037098
4.35548e+06	0.000289088
4.35558e+06	0.000223032
4.35568e+06	0.000170357
4.35578e+06	0.000128829
4.35588e+06	9.64541e-05
4.35598e+06	7.14967e-05
4.35608e+06	5.24696e-05
4.35618e+06	3.8123e-05
4.35628e+06	2.74236e-05
4.35638e+06	1.95307e-05
4.35648e+06	1.37711e-05
4.35658e+06	9.61337e-06
4.35668e+06	6.64416e-06
4.35678e+06	4.54634e-06
4.35688e+06	3.07993e-06
4.35698e+06	2.06574e-06
4.35708e+06	1.37173e-06
4.35718e+06	9.01819e-07
4.35728e+06	5.86984e-07
4.35738e+06	3.7826e-07
4.35748e+06	2.4133e-07
4.35758e+06	1.52437e-07
4.35768e+06	9.53289e-08
4.35778e+06	5.90224e-08
4.35788e+06	3.61798e-08
4.35798e+06	2.1957e-08
4.35808e+06	1.31928e-08
4.35818e+06	7.84795e-09
4.35828e+06	4.62204e-09
4.35838e+06	2.69506e-09
4.35848e+06	1.55582e-09
4.35858e+06	8.89219e-10
4.35868e+06	5.0317e-10
4.35878e+06	2.81889e-10
4.35888e+06	1.5635e-10
4.35898e+06	8.58567e-11
4.35908e+06	4.66776e-11
4.35918e+06	2.51246e-11
4.35928e+06	1.3389e-11
4.35938e+06	7.06403e-12
4.35948e+06	3.6899e-12
4.35958e+06	1.90824e-12
4.35968e+06	9.77035e-13
4.35978e+06	4.95272e-13
4.35988e+06	2.48562e-13
4.35998e+06	1.23504e-13
4.36008e+06	6.07556e-14
4.36018e+06	2.95902e-14
4.36028e+06	1.42681e-14
4.36038e+06	6.81149e-15
4.36048e+06	3.2194e-15
4.36058e+06	1.50648e-15
4.36068e+06	6.97929e-16
4.36078e+06	3.20122e-16
4.36088e+06	1.4537e-16
4.36098e+06	6.53573e-17
4.36108e+06	2.90917e-17
4.36118e+06	1.28204e-17
4.36128e+06	5.59359e-18
4.36138e+06	2.41622e-18
4.36148e+06	1.03333e-18
4.36158e+06	4.37523e-19
4.36168e+06	1.83408e-19
4.36178e+06	7.61189e-20
4.36188e+06	3.12769e-20
4.36198e+06	1.27237e-20
4.36208e+06	5.12458e-21
4.36218e+06	2.04343e-21
4.36228e+06	8.06716e-22
4.36238e+06	3.1531e-22
4.36248e+06	1.22014e-22
4.36258e+06	4.67457e-23
4.36268e+06	1.77309e-23
4.36278e+06	6.65848e-24
4.36288e+06	2.47558e-24
4.36298e+06	9.11247e-25
4.36308e+06	3.32087e-25
4.36318e+06	1.19819e-25
4.36328e+06	4.28012e-26
4.36338e+06	1.51371e-26
4.36348e+06	5.30014e-27
4.36358e+06	1.83734e-27
4.36368e+06	6.30591e-28
4.36378e+06	2.14271e-28
4.36388e+06	7.20835e-29
4.36398e+06	2.40085e-29
4.36408e+06	7.91685e-30
4.36418e+06	2.58462e-30
4.36428e+06	8.35404e-31
4.36438e+06	2.67334e-31
4.36448e+06	8.46973e-32
4.36458e+06	2.65669e-32
4.36468e+06	8.25032e-33
4.36478e+06	2.53663e-33
4.36488e+06	7.72147e-34
4.36498e+06	2.32702e-34
4.36508e+06	6.94316e-35
4.36518e+06	2.05103e-35
4.36528e+06	5.99851e-36
4.36538e+06	1.73689e-36
4.36548e+06	4.97917e-37
4.36558e+06	1.41319e-37
4.36568e+06	3.97099e-38
4.36578e+06	1.10473e-38
4.36588e+06	3.04277e-39
4.36598e+06	8.29737e-40
4.36608e+06	2.2401e-40
4.36618e+06	5.98761e-41
4.36628e+06	1.58451e-41
4.36638e+06	4.1514e-42
4.36648e+06	1.07684e-42
4.36658e+06	2.76543e-43
4.36668e+06	7.03127e-44
4.36678e+06	1.76995e-44
4.36688e+06	4.41108e-45
4.36698e+06	1.08839e-45
4.36708e+06	2.65879e-46
4.36718e+06	6.43043e-47
4.36728e+06	1.53976e-47
4.36738e+06	3.65025e-48
4.36748e+06	8.56739e-49
4.36758e+06	1.99082e-49
4.36768e+06	4.58008e-50
4.36778e+06	1.04321e-50
4.36788e+06	2.35248e-51
4.36798e+06	5.25216e-52
4.36808e+06	1.16093e-52
4.36818e+06	2.54058e-53
4.36828e+06	5.50447e-54
4.36838e+06	1.18074e-54
4.36848e+06	2.50757e-55
4.36858e+06	5.27238e-56
4.36868e+06	1.09753e-56
4.36878e+06	2.26197e-57
4.36888e+06	4.61543e-58
4.36898e+06	9.32383e-59
4.36908e+06	1.86481e-59
4.36918e+06	3.69259e-60
4.36928e+06	7.23909e-61
4.36938e+06	1.40506e-61
4.36948e+06	2.69999e-62
4.36958e+06	5.13674e-63
4.36968e+06	9.6754e-64
4.36978e+06	1.8043e-64
4.36988e+06	3.33122e-65
4.36998e+06	6.08915e-66
4.37008e+06	1.10196e-66
4.37018e+06	1.97439e-67
4.37028e+06	3.50234e-68
4.37038e+06	6.15091e-69
4.37048e+06	1.06949e-69
4.37058e+06	1.84108e-70
4.37068e+06	3.1378e-71
4.37078e+06	5.29462e-72
4.37088e+06	8.84507e-73
4.37098e+06	1.46293e-73
4.37108e+06	2.39555e-74
4.37118e+06	3.88368e-75
4.37128e+06	6.23358e-76
4.37138e+06	9.9058e-77
4.37148e+06	1.55847e-77
4.37158e+06	2.42753e-78
4.37168e+06	3.74358e-79
4.37178e+06	5.71567e-80
4.37188e+06	8.63981e-81
4.37198e+06	1.293e-81
4.37208e+06	1.9158e-82
4.37218e+06	2.81033e-83
4.37228e+06	4.08153e-84
4.37238e+06	5.86874e-85
4.37248e+06	8.35458e-86
4.37258e+06	1.1775e-86
4.37268e+06	1.64306e-87
4.37278e+06	2.26989e-88
4.37288e+06	3.10465e-89
4.37298e+06	4.20414e-90
4.37308e+06	5.63636e-91
4.37318e+06	7.48131e-92
4.37328e+06	9.83135e-93
4.37338e+06	1.27911e-93
4.37348e+06	1.64762e-94
4.37358e+06	2.10118e-95
4.37368e+06	2.65294e-96
4.37378e+06	3.31626e-97
4.37388e+06	4.10418e-98
4.37398e+06	5.02877e-99
4.37408e+06	6.10034e-100
4.37418e+06	7.32661e-101
4.37428e+06	8.71183e-102
4.37438e+06	1.02559e-102
4.37448e+06	1.19535e-103
4.37458e+06	1.37934e-104
4.37468e+06	1.57582e-105
4.37478e+06	1.78237e-106
4.37488e+06	1.99593e-107
4.37498e+06	2.21285e-108
4.37508e+06	2.42893e-109
4.37518e+06	2.63958e-110
4.37528e+06	2.83995e-111
4.37538e+06	3.02514e-112
4.37548e+06	3.19033e-113
4.37558e+06	3.33107e-114
4.37568e+06	3.44341e-115
4.37578e+06	3.52413e-116
4.37588e+06	3.57084e-117
4.37598e+06	3.58218e-118
4.37608e+06	3.55779e-119
4.37618e+06	3.49841e-120
4.37628e+06	3.40579e-121
4.37638e+06	3.28264e-122
4.37648e+06	3.13245e-123
4.37658e+06	2.95939e-124
4.37668e+06	2.76808e-125
4.37678e+06	2.56337e-126
4.37688e+06	2.35018e-127
4.37698e+06	2.13328e-128
4.37708e+06	1.91713e-129
4.37718e+06	1.70574e-130
4.37728e+06	1.50256e-131
4.37738e+06	1.31041e-132
4.37748e+06	1.13146e-133
4.37758e+06	9.67224e-135
4.37768e+06	8.18603e-136
4.37778e+06	6.85925e-137
4.37788e+06	5.69033e-138
4.37798e+06	4.67363e-139
4.37808e+06	3.8004e-140
4.37818e+06	3.05957e-141
4.37828e+06	2.43865e-142
4.37838e+06	1.9244e-143
4.37848e+06	1.50348e-144
4.37858e+06	1.16294e-145
4.37868e+06	8.90582e-147
4.37878e+06	6.75224e-148
4.37888e+06	5.06849e-149
4.37898e+06	3.76675e-150
4.37908e+06	2.77148e-151
4.37918e+06	2.01889e-152
4.37928e+06	1.45604e-153
4.37938e+06	1.03965e-154
4.37948e+06	7.34957e-156
4.37958e+06	5.1439e-157
4.37968e+06	3.56434e-158
4.37978e+06	2.44525e-159
4.37988e+06	1.66083e-160
4.37998e+06	1.11682e-161
4.38008e+06	7.43532e-163
4.38018e+06	4.90086e-164
4.38028e+06	3.19817e-165
4.38038e+06	2.06628e-166
4.38048e+06	1.3217e-167
4.38058e+06	8.37015e-169
4.38068e+06	5.24797e-170
4.38078e+06	3.25766e-171
4.38088e+06	2.00206e-172
4.38098e+06	1.21817e-173
4.38108e+06	7.33826e-175
4.38118e+06	4.3766e-176
4.38128e+06	2.58426e-177
4.38138e+06	1.51075e-178
4.38148e+06	8.74396e-180
4.38158e+06	5.01048e-181
4.38168e+06	2.84255e-182
4.38178e+06	1.59659e-183
4.38188e+06	8.87843e-185
4.38198e+06	4.88805e-186
4.38208e+06	2.66436e-187
4.38218e+06	1.43783e-188
4.38228e+06	7.68205e-190
4.38238e+06	4.06354e-191
4.38248e+06	2.12809e-192
4.38258e+06	1.1034e-193
4.38268e+06	5.6641e-195
4.38278e+06	2.87863e-196
4.38288e+06	1.44844e-197
4.38298e+06	7.21556e-199
4.38308e+06	3.55875e-200
4.38318e+06	1.73773e-201
4.38328e+06	8.40084e-203
4.38338e+06	4.02088e-204
4.38348e+06	1.90536e-205
4.38358e+06	8.939e-207
4.38368e+06	4.15201e-208
4.38378e+06	1.90935e-209
4.38388e+06	8.69298e-211
4.38398e+06	3.91841e-212
4.38408e+06	1.74867e-213
4.38418e+06	7.72613e-215
4.38428e+06	3.37967e-216
4.38438e+06	1.46367e-217
4.38448e+06	6.2758e-219
4.38458e+06	2.66411e-220
4.38468e+06	1.11968e-221
4.38478e+06	4.65896e-223
4.38488e+06	1.9193e-224
4.38498e+06	7.82807e-226
4.38508e+06	3.16099e-227
4.38518e+06	1.26371e-228
4.38528e+06	5.00185e-230
4.38538e+06	1.96006e-231
4.38548e+06	7.60443e-233
4.38558e+06	2.92092e-234
4.38568e+06	1.11079e-235
4.38578e+06	4.18214e-237
4.38588e+06	1.55892e-238
4.38598e+06	5.75314e-240
4.38608e+06	2.10206e-241
4.38618e+06	7.60396e-243
4.38628e+06	2.72328e-244
4.38638e+06	9.65613e-246
4.38648e+06	3.38977e-247
4.38658e+06	1.17813e-248
4.38668e+06	4.05392e-250
4.38678e+06	1.38106e-251
4.38688e+06	4.6581e-253
4.38698e+06	1.55547e-254
4.38708e+06	5.14246e-256
4.38718e+06	1.68321e-257
4.38728e+06	5.45457e-259
4.38738e+06	1.75001e-260
4.38748e+06	5.55878e-262
4.38758e+06	1.74813e-263
4.38768e+06	5.44284e-265
4.38778e+06	1.67778e-266
4.38788e+06	5.12036e-268
4.38798e+06	1.54712e-269
4.38808e+06	4.6281e-271
4.38818e+06	1.37069e-272
4.38828e+06	4.01915e-274
4.38838e+06	1.16677e-275
4.38848e+06	3.35346e-277
4.38858e+06	9.54243e-279
4.38868e+06	2.68832e-280
4.38878e+06	7.49826e-282
4.38888e+06	2.0706e-283
4.38898e+06	5.66096e-285
4.38908e+06	1.53229e-286
4.38918e+06	4.10628e-288
4.38928e+06	1.08946e-289
4.38938e+06	2.86177e-291
4.38948e+06	7.44241e-293
4.38958e+06	1.91624e-294
4.38968e+06	4.88475e-296
4.38978e+06	1.2328e-297
4.38988e+06	3.08034e-299
4.38998e+06	7.62014e-301
4.39008e+06	1.86631e-302
4.39018e+06	4.52546e-304
4.39028e+06	1.08642e-305
4.39038e+06	2.5822e-307
4.39048e+06	6.0763e-309
4.39058e+06	1.41562e-310
4.39068e+06	3.26519e-312
4.39078e+06	7.4564e-314
4.39088e+06	1.6858e-315
4.39098e+06	3.77347e-317
4.39108e+06	8.36246e-319
4.39118e+06	1.83496e-320
4.39128e+06	4.00193e-322
4.39138e+06	9.88131e-324
4.39148e+06	0
4.39158e+06	0
4.39168e+06	0
4.39178e+06	0
4.39188e+06	0
4.39198e+06	0
4.39208e+06	0
4.39218e+06	0
4.39228e+06	0
4.39238e+06	0
4.39248e+06	0
4.39258e+06	0
4.39268e+06	0
4.39278e+06	0
4.39288e+06	0
4.39298e+06	0
4.39308e+06	0
4.39318e+06	0
4.39328e+06	0
4.39338e+06	0
4.39348e+06	0
4.39358e+06	0
4.39368e+06	0
4.39378e+06	0
4.39388e+06	0
4.39398e+06	0
4.39408e+06	0
4.39418e+06	0
4.39428e+06	0
4.39438e+06	0
4.39448e+06	0
4.39458e+06	0
4.39468e+06	0
4.39478e+06	0
4.39488e+06	0
4.39498e+06	0
4.39508e+06	0
4.39518e+06	0
4.39528e+06	0
4.39538e+06	0
4.39548e+06	0
4.39558e+06	0
4.39568e+06	0
4.39578e+06	0
4.39588e+06	0
4.39598e+06	0
4.39608e+06	0
4.39618e+06	0
4.39628e+06	0
4.39638e+06	0
4.39648e+06	0
4.39658e+06	0
4.39668e+06	0
4.39678e+06	0
4.39688e+06	0
4.39698e+06	0
4.39708e+06	0
4.39718e+06	0
4.39728e+06	0
4.39738e+06	0
4.39748e+06	0
4.39758e+06	0
4.39768e+06	0
4.39778e+06	0
4.39788e+06	0
4.39798e+06	0
4.39808e+06	0
4.39818e+06	0
4.39828e+06	0
4.39838e+06	0
4.39848e+06	0
4.39858e+06	0
4.39868e+06	0
4.39878e+06	0
4.39888e+06	0
4.39898e+06	0
4.39908e+06	0
4.39918e+06	0
4.39928e+06	0
4.39938e+06	0
4.39948e+06	0
4.39958e+06	0
4.39968e+06	0
4.39978e+06	0
4.39988e+06	0
4.39998e+06	0
4.40008e+06	0
4.40018e+06	0
4.40028e+06	0
4.40038e+06	0
4.40048e+06	0
4.40058e+06	0
4.40068e+06	0
4.40078e+06	0
4.40088e+06	0
4.40098e+06	0
4.40108e+06	0
4.40118e+06	0
4.40128e+06	0
4.40138e+06	0
4.40148e+06	0
4.40158e+06	0
4.40168e+06	0
4.40178e+06	0
4.40188e+06	0
4.40198e+06	0
4.40208e+06	0
4.40218e+06	0
4.40228e+06	0
4.40238e+06	0
4.40248e+06	0
4.40258e+06	0
4.40268e+06	0
4.40278e+06	0
4.40288e+06	0
4.40298e+06	0
4.40308e+06	0
4.40318e+06	0
4.40328e+06	0
4.40338e+06	0
4.40348e+06	0
4.40358e+06	0
4.40368e+06	0
4.40378e+06	0
4.40388e+06	0
4.40398e+06	0
4.40408e+06	0
4.40418e+06	0
4.40428e+06	0
4.40438e+06	0
4.40448e+06	0
4.40458e+06	0
4.40468e+06	0
4.40478e+06	0
4.40488e+06	0
4.40498e+06	0
4.40508e+06	0
4.40518e+06	0
4.40528e+06	0
4.40538e+06	0
4.40548e+06	0
4.40558e+06	0
4.40568e+06	0
4.40578e+06	0
4.40588e+06	0
4.40598e+06	0
4.40608e+06	0
4.40618e+06	0
4.40628e+06	0
4.40638e+06	0
4.40648e+06	0
4.40658e+06	0
4.40668e+06	0
4.40678e+06	0
4.40688e+06	0
4.40698e+06	0
4.40708e+06	0
4.40718e+06	0
4.40728e+06	0
4.40738e+06	0
4.40748e+06	0
4.40758e+06	0
4.40768e+06	0
4.40778e+06	0
4.40788e+06	0
4.40798e+06	0
4.40808e+06	0
4.40818e+06	0
4.40828e+06	0
4.40838e+06	0
4.40848e+06	0
4.40858e+06	0
4.40868e+06	0
4.40878e+06	0
4.40888e+06	0
4.40898e+06	0
4.40908e+06	0
4.40918e+06	0
4.40928e+06	0
4.40938e+06	0
4.40948e+06	0
4.40958e+06	0
4.40968e+06	0
4.40978e+06	0
4.40988e+06	0
4.40998e+06	0
4.41008e+06	0
4.41018e+06	0
4.41028e+06	0
4.41038e+06	0
4.41048e+06	0
4.41058e+06	0
4.41068e+06	0
4.41078e+06	0
4.41088e+06	0
4.41098e+06	0
4.41108e+06	0
4.41118e+06	0
4.41128e+06	0
4.41138e+06	0
4.41148e+06	0
4.41158e+06	0
4.41168e+06	0
4.41178e+06	0
4.41188e+06	0
4.41198e+06	0
4.41208e+06	0
4.41218e+06	0
4.41228e+06	0
4.41238e+06	0
4.41248e+06	0
4.41258e+06	0
4.41268e+06	0
4.41278e+06	0
4.41288e+06	0
4.41298e+06	0
4.41308e+06	0
4.41318e+06	0
4.41328e+06	0
4.41338e+06	0
4.41348e+06	0
4.41358e+06	0
4.41368e+06	0
4.41378e+06	0
4.41388e+06	0
4.41398e+06	0
4.41408e+06	0
4.41418e+06	0
4.41428e+06	0
4.41438e+06	0
4.41448e+06	0
4.41458e+06	0
4.41468e+06	0
4.41478e+06	0
4.41488e+06	0
4.41498e+06	0
4.41508e+06	0
4.41518e+06	0
4.41528e+06	0
4.41538e+06	0
4.41548e+06	0
4.41558e+06	0
4.41568e+06	0
4.41578e+06	0
4.41588e+06	0
4.41598e+06	0
4.41608e+06	0
4.41618e+06	0
4.41628e+06	0
4.41638e+06	0
4.41648e+06	0
4.41658e+06	0
4.41668e+06	0
4.41678e+06	0
4.41688e+06	0
4.41698e+06	0
4.41708e+06	0
4.41718e+06	0
4.41728e+06	0
4.41738e+06	0
4.41748e+06	0
4.41758e+06	0
4.41768e+06	0
4.41778e+06	0
4.41788e+06	0
4.41798e+06	0
4.41808e+06	0
4.41818e+06	0
4.41828e+06	0
4.41838e+06	0
4.41848e+06	0
4.41858e+06	0
4.41868e+06	0
4.41878e+06	0
4.41888e+06	0
4.41898e+06	0
4.41908e+06	0
4.41918e+06	0
4.41928e+06	0
4.41938e+06	0
4.41948e+06	0
4.41958e+06	0
4.41968e+06	0
4.41978e+06	0
4.41988e+06	0
4.41998e+06	0
4.42008e+06	0
4.42018e+06	0
4.42028e+06	0
4.42038e+06	0
4.42048e+06	0
4.42058e+06	0
4.42068e+06	0
4.42078e+06	0
4.42088e+06	0
4.42098e+06	0
4.42108e+06	0
4.42118e+06	0
4.42128e+06	0
4.42138e+06	0
4.42148e+06	0
4.42158e+06	0
4.42168e+06	0
4.42178e+06	0
4.42188e+06	0
4.42198e+06	0
4.42208e+06	0
4.42218e+06	0
4.42228e+06	0
4.42238e+06	0
4.42248e+06	0
4.42258e+06	0
4.42268e+06	0
4.42278e+06	0
4.42288e+06	0
4.42298e+06	0
4.42308e+06	0
4.42318e+06	0
4.42328e+06	0
4.42338e+06	0
4.42348e+06	0
4.42358e+06	0
4.42368e+06	0
4.42378e+06	0
4.42388e+06	0
4.42398e+06	0
4.42408e+06	0
4.42418e+06	0
4.42428e+06	0
4.42438e+06	0
4.42448e+06	0
4.42458e+06	0
4.42468e+06	0
4.42478e+06	0
4.42488e+06	0
4.42498e+06	0
4.42508e+06	0
4.42518e+06	0
4.42528e+06	0
4.42538e+06	0
4.42548e+06	0
4.42558e+06	0
4.42568e+06	0
4.42578e+06	0
4.42588e+06	0
4.42598e+06	0
4.42608e+06	0
4.42618e+06	0
4.42628e+06	0
4.42638e+06	0
4.42648e+06	0
4.42658e+06	0
4.42668e+06	0
4.42678e+06	0
4.42688e+06	0
4.42698e+06	0
4.42708e+06	0
4.42718e+06	0
4.42728e+06	0
4.42738e+06	0
4.42748e+06	0
4.42758e+06	0
4.42768e+06	0
4.42778e+06	0
4.42788e+06	0
4.42798e+06	0
4.42808e+06	0
4.42818e+06	0
4.42828e+06	0
4.42838e+06	0
4.42848e+06	0
4.42858e+06	0
4.42868e+06	0
4.42878e+06	0
4.42888e+06	0
4.42898e+06	0
4.42908e+06	0
4.42918e+06	0
4.42928e+06	0
4.42938e+06	0
4.42948e+06	0
4.42958e+06	0
4.42968e+06	0
4.42978e+06	0
4.42988e+06	0
4.42998e+06	0
4.43008e+06	0
4.43018e+06	0
4.43028e+06	0
4.43038e+06	0
4.43048e+06	0
4.43058e+06	0
4.43068e+06	0
4.43078e+06	0
4.43088e+06	0
4.43098e+06	0
4.43108e+06	0
4.43118e+06	0
4.43128e+06	0
4.43138e+06	0
4.43148e+06	0
4.43158e+06	0
4.43168e+06	0
4.43178e+06	0
4.43188e+06	0
4.43198e+06	0
4.43208e+06	0
4.43218e+06	0
4.43228e+06	0
4.43238e+06	0
4.43248e+06	0
4.43258e+06	0
4.43268e+06	0
4.43278e+06	0
4.43288e+06	0
4.43298e+06	0
4.43308e+06	0
4.43318e+06	0
4.43328e+06	0
4.43338e+06	0
4.43348e+06	0
4.43358e+06	0
4.43368e+06	0
4.43378e+06	0
4.43388e+06	0
4.43398e+06	0
4.43408e+06	0
4.43418e+06	0
4.43428e+06	0
4.43438e+06	0
4.43448e+06	0
4.43458e+06	0
4.43468e+06	0
4.43478e+06	0
4.43488e+06	0
4.43498e+06	0
4.43508e+06	0
4.43518e+06	0
4.43528e+06	0
4.43538e+06	0
4.43548e+06	0
4.43558e+06	0
4.43568e+06	0
4.43578e+06	0
4.43588e+06	0
4.43598e+06	0
4.43608e+06	0
4.43618e+06	0
4.43628e+06	0
4.43638e+06	0
4.43648e+06	0
4.43658e+06	0
4.43668e+06	0
4.43678e+06	0
4.43688e+06	0
4.43698e+06	0
4.43708e+06	0
4.43718e+06	0
4.43728e+06	0
4.43738e+06	0
4.43748e+06	0
4.43758e+06	0
4.43768e+06	0
4.43778e+06	0
4.43788e+06	0
4.43798e+06	0
4.43808e+06	0
4.43818e+06	0
4.43828e+06	0
4.43838e+06	0
4.43848e+06	0
4.43858e+06	0
4.43868e+06	0
4.43878e+06	0
4.43888e+06	0
4.43898e+06	0
4.43908e+06	0
4.43918e+06	0
4.43928e+06	0
4.43938e+06	0
4.43948e+06	0
4.43958e+06	0
4.43968e+06	0
4.43978e+06	0
4.43988e+06	0
4.43998e+06	0
4.44008e+06	0
4.44018e+06	0
4.44028e+06	0
4.44038e+06	0
4.44048e+06	0
4.44058e+06	0
4.44068e+06	0
4.44078e+06	0
4.44088e+06	0
4.44098e+06	0
4.44108e+06	0
4.44118e+06	0
4.44128e+06	0
4.44138e+06	0
4.44148e+06	0
4.44158e+06	0
4.44168e+06	0
4.44178e+06	0
4.44188e+06	0
4.44198e+06	0
4.44208e+06	0
4.44218e+06	0
4.44228e+06	0
4.44238e+06	0
4.44248e+06	0
4.44258e+06	0
4.44268e+06	0
4.44278e+06	0
4.44288e+06	0
4.44298e+06	0
4.44308e+06	0
4.44318e+06	0
4.44328e+06	0
4.44338e+06	0
4.44348e+06	0
4.44358e+06	0
4.44368e+06	0
4.44378e+06	0
4.44388e+06	0
4.44398e+06	0
4.44408e+06	0
4.44418e+06	0
4.44428e+06	0
4.44438e+06	0
4.44448e+06	0
4.44458e+06	0
4.44468e+06	0
4.44478e+06	0
4.44488e+06	0
4.44498e+06	0
4.44508e+06	0
4.44518e+06	0
4.44528e+06	0
4.44538e+06	0
4.44548e+06	0
4.44558e+06	0
4.44568e+06	0
4.44578e+06	0
4.44588e+06	0
4.44598e+06	0
4.44608e+06	0
4.44618e+06	0
4.44628e+06	0
4.44638e+06	0
4.44648e+06	0
4.44658e+06	0
4.44668e+06	0
4.44678e+06	0
4.44688e+06	0
4.44698e+06	0
4.44708e+06	0
4.44718e+06	0
4.44728e+06	0
4.44738e+06	0
4.44748e+06	0
4.44758e+06	0
4.44768e+06	0
4.44778e+06	0
4.44788e+06	0
4.44798e+06	0
4.44808e+06	0
4.44818e+06	0
4.44828e+06	0
4.44838e+06	0
4.44848e+06	0
4.44858e+06	0
4.44868e+06	0
4.44878e+06	0
4.44888e+06	0
4.44898e+06	0
4.44908e+06	0
4.44918e+06	0
4.44928e+06	0
4.44938e+06	0
4.44948e+06	0
4.44958e+06	0
4.44968e+06	0
4.44978e+06	0
4.44988e+06	0
4.44998e+06	0
4.45008e+06	0
4.45018e+06	0
4.45028e+06	0
4.45038e+06	0
4.45048e+06	0
4.45058e+06	0
4.45068e+06	0
4.45078e+06	0
4.45088e+06	0
4.45098e+06	0
4.45108e+06	0
4.45118e+06	0
4.45128e+06	0
4.45138e+06	0
4.45148e+06	0
4.45158e+06	0
4.45168e+06	0
4.45178e+06	0
4.45188e+06	0
4.45198e+06	0
4.45208e+06	0
4.45218e+06	0
4.45228e+06	0
4.45238e+06	0
4.45248e+06	0
4.45258e+06	0
4.45268e+06	0
4.45278e+06	0
4.45288e+06	0
4.45298e+06	0
4.45308e+06	0
4.45318e+06	0
4.45328e+06	0
4.45338e+06	0
4.45348e+06	0
4.45358e+06	0
4.45368e+06	0
4.45378e+06	0
4.45388e+06	0
4.45398e+06	0
4.45408e+06	0
4.45418e+06	0
4.45428e+06	0
4.45438e+06	0
4.45448e+06	0
4.45458e+06	0
4.45468e+06	0
4.45478e+06	0
4.45488e+06	0
4.45498e+06	0
4.45508e+06	0
4.45518e+06	0
4.45528e+06	0
4.45538e+06	0
4.45548e+06	0
4.45558e+06	0
4.45568e+06	0
4.45578e+06	0
4.45588e+06	0
4.45598e+06	0
4.45608e+06	0
4.45618e+06	0
4.45628e+06	0
4.45638e+06	0
4.45648e+06	0
4.45658e+06	0
4.45668e+06	0
4.45678e+06	0
4.45688e+06	0
4.45698e+06	0
4.45708e+06	0
4.45718e+06	0
4.45728e+06	0
4.45738e+06	0
4.45748e+06	0
4.45758e+06	0
4.45768e+06	0
4.45778e+06	0
4.45788e+06	0
4.45798e+06	0
4.45808e+06	0
4.45818e+06	0
4.45828e+06	0
4.45838e+06	0
4.45848e+06	0
4.45858e+06	0
4.45868e+06	0
4.45878e+06	0
4.45888e+06	0
4.45898e+06	0
4.45908e+06	0
4.45918e+06	0
4.45928e+06	0
4.45938e+06	0
4.45948e+06	0
4.45958e+06	0
4.45968e+06	0
4.45978e+06	0
4.45988e+06	0
4.45998e+06	0
4.46008e+06	0
4.46018e+06	0
4.46028e+06	0
4.46038e+06	0
4.46048e+06	0
4.46058e+06	0
4.46068e+06	0
4.46078e+06	0
4.46088e+06	0
4.46098e+06	0
4.46108e+06	0
4.46118e+06	0
4.46128e+06	0
4.46138e+06	0
4.46148e+06	0
4.46158e+06	0
4.46168e+06	0
4.46178e+06	0
4.46188e+06	0
4.46198e+06	0
4.46208e+06	0
4.46218e+06	0
4.46228e+06	0
4.46238e+06	0
4.46248e+06	0
4.46258e+06	0
4.46268e+06	0
4.46278e+06	0
4.46288e+06	0
4.46298e+06	0
4.46308e+06	0
4.46318e+06	0
4.46328e+06	0
4.46338e+06	0
4.46348e+06	0
4.46358e+06	0
4.46368e+06	0
4.46378e+06	0
4.46388e+06	0
4.46398e+06	0
4.46408e+06	0
4.46418e+06	0
4.46428e+06	0
4.46438e+06	0
4.46448e+06	0
4.46458e+06	0
4.46468e+06	0
4.46478e+06	0
4.46488e+06	0
4.46498e+06	0
4.46508e+06	0
4.46518e+06	0
4.46528e+06	0
4.46538e+06	0
4.46548e+06	0
4.46558e+06	0
4.46568e+06	0
4.46578e+06	0
4.46588e+06	0
4.46598e+06	0
4.46608e+06	0
4.46618e+06	0
4.46628e+06	0
4.46638e+06	0
4.46648e+06	0
4.46658e+06	0
4.46668e+06	0
4.46678e+06	0
4.46688e+06	0
4.46698e+06	0
4.46708e+06	0
4.46718e+06	0
4.46728e+06	0
4.46738e+06	0
4.46748e+06	0
4.46758e+06	0
4.46768e+06	0
4.46778e+06	0
4.46788e+06	0
4.46798e+06	0
4.46808e+06	0
4.46818e+06	0
4.46828e+06	0
4.46838e+06	0
4.46848e+06	0
4.46858e+06	0
4.46868e+06	0
4.46878e+06	0
4.46888e+06	0
4.46898e+06	0
4.46908e+06	0
4.46918e+06	0
4.46928e+06	0
4.46938e+06	0
4.46948e+06	0
4.46958e+06	0
4.46968e+06	0
4.46978e+06	0
4.46988e+06	0
4.46998e+06	0
4.47008e+06	0
4.47018e+06	0
4.47028e+06	0
4.47038e+06	0
4.47048e+06	0
4.47058e+06	0
4.47068e+06	0
4.47078e+06	0
4.47088e+06	0
4.47098e+06	0
4.47108e+06	0
4.47118e+06	0
4.47128e+06	0
4.47138e+06	0
4.47148e+06	0
4.47158e+06	0
4.47168e+06	0
4.47178e+06	0
4.47188e+06	0
4.47198e+06	0
4.47208e+06	0
4.47218e+06	0
4.47228e+06	0
4.47238e+06	0
4.47248e+06	0
4.47258e+06	0
4.47268e+06	0
4.47278e+06	0
4.47288e+06	0
4.47298e+06	0
4.47308e+06	0
4.47318e+06	0
4.47328e+06	0
4.47338e+06	0
4.47348e+06	0
4.47358e+06	0
4.47368e+06	0
4.47378e+06	0
4.47388e+06	0
4.47398e+06	0
4.47408e+06	0
4.47418e+06	0
4.47428e+06	0
4.47438e+06	0
4.47448e+06	0
4.47458e+06	0
4.47468e+06	0
4.47478e+06	0
4.47488e+06	0
4.47498e+06	0
4.47508e+06	0
4.47518e+06	0
4.47528e+06	0
4.47538e+06	0
4.47548e+06	0
4.47558e+06	0
4.47568e+06	0
4.47578e+06	0
4.47588e+06	0
4.47598e+06	0
4.47608e+06	0
4.47618e+06	0
4.47628e+06	0
4.47638e+06	0
4.47648e+06	0
4.47658e+06	0
4.47668e+06	0
4.47678e+06	0
4.47688e+06	0
4.47698e+06	0
4.47708e+06	1.08694e-322
4.47718e+06	4.88631e-321
4.47728e+06	2.26579e-319
4.47738e+06	1.04001e-317
4.47748e+06	4.72616e-316
4.47758e+06	2.12636e-314
4.47768e+06	9.47155e-313
4.47778e+06	4.17699e-311
4.47788e+06	1.82374e-309
4.47798e+06	7.88349e-308
4.47808e+06	3.3739e-306
4.47818e+06	1.42956e-304
4.47828e+06	5.99694e-303
4.47838e+06	2.49066e-301
4.47848e+06	1.02413e-299
4.47858e+06	4.16921e-298
4.47868e+06	1.68039e-296
4.47878e+06	6.70537e-295
4.47888e+06	2.64906e-293
4.47898e+06	1.03614e-291
4.47908e+06	4.01239e-290
4.47918e+06	1.53831e-288
4.47928e+06	5.83904e-287
4.47938e+06	2.1943e-285
4.47948e+06	8.16411e-284
4.47958e+06	3.00731e-282
4.47968e+06	1.09674e-280
4.47978e+06	3.95993e-279
4.47988e+06	1.41556e-277
4.47998e+06	5.00985e-276
4.48008e+06	1.75541e-274
4.48018e+06	6.08963e-273
4.48028e+06	2.09151e-271
4.48038e+06	7.11189e-270
4.48048e+06	2.39424e-268
4.48058e+06	7.98008e-267
4.48068e+06	2.63332e-265
4.48078e+06	8.60316e-264
4.48088e+06	2.78271e-262
4.48098e+06	8.91121e-261
4.48108e+06	2.82528e-259
4.48118e+06	8.86836e-258
4.48128e+06	2.75602e-256
4.48138e+06	8.47966e-255
4.48148e+06	2.58304e-253
4.48158e+06	7.79008e-252
4.48168e+06	2.326e-250
4.48178e+06	6.87597e-249
4.48188e+06	2.0124e-247
4.48198e+06	5.83114e-246
4.48208e+06	1.67282e-244
4.48218e+06	4.75118e-243
4.48228e+06	1.33601e-241
4.48238e+06	3.71944e-240
4.48248e+06	1.02518e-238
4.48258e+06	2.79758e-237
4.48268e+06	7.55823e-236
4.48278e+06	2.02169e-234
4.48288e+06	5.35386e-233
4.48298e+06	1.40371e-231
4.48308e+06	3.6437e-230
4.48318e+06	9.36408e-229
4.48328e+06	2.38257e-227
4.48338e+06	6.00181e-226
4.48348e+06	1.49685e-224
4.48358e+06	3.69597e-223
4.48368e+06	9.03518e-222
4.48378e+06	2.18676e-220
4.48388e+06	5.23992e-219
4.48398e+06	1.24309e-217
4.48408e+06	2.91972e-216
4.48418e+06	6.78945e-215
4.48428e+06	1.56309e-213
4.48438e+06	3.56281e-212
4.48448e+06	8.04003e-211
4.48458e+06	1.7963e-209
4.48468e+06	3.97337e-208
4.48478e+06	8.70151e-207
4.48488e+06	1.88663e-205
4.48498e+06	4.04984e-204
4.48508e+06	8.60686e-203
4.48518e+06	1.81096e-201
4.48528e+06	3.77251e-200
4.48538e+06	7.78052e-199
4.48548e+06	1.58871e-197
4.48558e+06	3.21171e-196
4.48568e+06	6.42815e-195
4.48578e+06	1.27377e-193
4.48588e+06	2.49894e-192
4.48598e+06	4.85374e-191
4.48608e+06	9.33371e-190
4.48618e+06	1.77701e-188
4.48628e+06	3.34951e-187
4.48638e+06	6.25072e-186
4.48648e+06	1.15488e-184
4.48658e+06	2.11251e-183
4.48668e+06	3.82577e-182
4.48678e+06	6.85955e-181
4.48688e+06	1.21767e-179
4.48698e+06	2.14004e-178
4.48708e+06	3.72366e-177
4.48718e+06	6.41468e-176
4.48728e+06	1.09405e-174
4.48738e+06	1.84738e-173
4.48748e+06	3.0884e-172
4.48758e+06	5.11172e-171
4.48768e+06	8.3764e-170
4.48778e+06	1.35895e-168
4.48788e+06	2.18278e-167
4.48798e+06	3.47113e-166
4.48808e+06	5.465e-165
4.48818e+06	8.51856e-164
4.48828e+06	1.31462e-162
4.48838e+06	2.00858e-161
4.48848e+06	3.03834e-160
4.48858e+06	4.5503e-159
4.48868e+06	6.74685e-158
4.48878e+06	9.9042e-157
4.48888e+06	1.43944e-155
4.48898e+06	2.07122e-154
4.48908e+06	2.95064e-153
4.48918e+06	4.16162e-152
4.48928e+06	5.81121e-151
4.48938e+06	8.03391e-150
4.48948e+06	1.09962e-148
4.48958e+06	1.49011e-147
4.48968e+06	1.99917e-146
4.48978e+06	2.65546e-145
4.48988e+06	3.49209e-144
4.48998e+06	4.54661e-143
4.49008e+06	5.86068e-142
4.49018e+06	7.47937e-141
4.49028e+06	9.45016e-140
4.49038e+06	1.18214e-138
4.49048e+06	1.46406e-137
4.49058e+06	1.79516e-136
4.49068e+06	2.17924e-135
4.49078e+06	2.61918e-134
4.49088e+06	3.1166e-133
4.49098e+06	3.6716e-132
4.49108e+06	4.28238e-131
4.49118e+06	4.94507e-130
4.49128e+06	5.6535e-129
4.49138e+06	6.3991e-128
4.49148e+06	7.17097e-127
4.49158e+06	7.95598e-126
4.49168e+06	8.73909e-125
4.49178e+06	9.50377e-124
4.49188e+06	1.02325e-122
4.49198e+06	1.09075e-121
4.49208e+06	1.15114e-120
4.49218e+06	1.20278e-119
4.49228e+06	1.24423e-118
4.49238e+06	1.2743e-117
4.49248e+06	1.29212e-116
4.49258e+06	1.29715e-115
4.49268e+06	1.28924e-114
4.49278e+06	1.26862e-113
4.49288e+06	1.23592e-112
4.49298e+06	1.19208e-111
4.49308e+06	1.13835e-110
4.49318e+06	1.07623e-109
4.49328e+06	1.00737e-108
4.49338e+06	9.33541e-108
4.49348e+06	8.56511e-107
4.49358e+06	7.78018e-106
4.49368e+06	6.99687e-105
4.49378e+06	6.22981e-104
4.49388e+06	5.49165e-103
4.49398e+06	4.79278e-102
4.49408e+06	4.14124e-101
4.49418e+06	3.54266e-100
4.49428e+06	3.00044e-99
4.49438e+06	2.51593e-98
4.49448e+06	2.08867e-97
4.49458e+06	1.71671e-96
4.49468e+06	1.39695e-95
4.49478e+06	1.12544e-94
4.49488e+06	8.97679e-94
4.49498e+06	7.08886e-93
4.49508e+06	5.54229e-92
4.49518e+06	4.29002e-91
4.49528e+06	3.28765e-90
4.49538e+06	2.49442e-89
4.49548e+06	1.87375e-88
4.49558e+06	1.3935e-87
4.49568e+06	1.02604e-86
4.49578e+06	7.47955e-86
4.49588e+06	5.39815e-85
4.49598e+06	3.85719e-84
4.49608e+06	2.72869e-83
4.49618e+06	1.91115e-82
4.49628e+06	1.32523e-81
4.49638e+06	9.098e-81
4.49648e+06	6.18383e-80
4.49658e+06	4.16127e-79
4.49668e+06	2.77237e-78
4.49678e+06	1.82867e-77
4.49688e+06	1.19419e-76
4.49698e+06	7.72095e-76
4.49708e+06	4.94225e-75
4.49718e+06	3.1321e-74
4.49728e+06	1.96518e-73
4.49738e+06	1.22075e-72
4.49748e+06	7.50775e-72
4.49758e+06	4.5714e-71
4.49768e+06	2.75578e-70
4.49778e+06	1.64474e-69
4.49788e+06	9.71871e-69
4.49798e+06	5.68559e-68
4.49808e+06	3.29306e-67
4.49818e+06	1.88835e-66
4.49828e+06	1.07206e-65
4.49838e+06	6.02581e-65
4.49848e+06	3.35327e-64
4.49858e+06	1.84747e-63
4.49868e+06	1.00773e-62
4.49878e+06	5.44212e-62
4.49888e+06	2.9097e-61
4.49898e+06	1.54023e-60
4.49908e+06	8.07201e-60
4.49918e+06	4.18826e-59
4.49928e+06	2.15151e-58
4.49938e+06	1.09423e-57
4.49948e+06	5.50975e-57
4.49958e+06	2.7467e-56
4.49968e+06	1.35565e-55
4.49978e+06	6.62435e-55
4.49988e+06	3.20475e-54
4.49998e+06	1.53498e-53
4.50008e+06	7.27895e-53
4.50018e+06	3.41736e-52
4.50028e+06	1.58844e-51
4.50038e+06	7.30983e-51
4.50048e+06	3.33043e-50
4.50058e+06	1.50228e-49
4.50068e+06	6.70902e-49
4.50078e+06	2.96636e-48
4.50088e+06	1.29851e-47
4.50098e+06	5.62762e-47
4.50108e+06	2.41469e-46
4.50118e+06	1.02578e-45
4.50128e+06	4.31424e-45
4.50138e+06	1.79643e-44
4.50148e+06	7.40586e-44
4.50158e+06	3.02271e-43
4.50168e+06	1.22145e-42
4.50178e+06	4.88664e-42
4.50188e+06	1.93554e-41
4.50198e+06	7.59018e-41
4.50208e+06	2.94685e-40
4.50218e+06	1.13272e-39
4.50228e+06	4.31065e-39
4.50238e+06	1.62413e-38
4.50248e+06	6.05837e-38
4.50258e+06	2.23742e-37
4.50268e+06	8.18081e-37
4.50278e+06	2.96143e-36
4.50288e+06	1.06137e-35
4.50298e+06	3.76604e-35
4.50308e+06	1.32301e-34
4.50318e+06	4.60147e-34
4.50328e+06	1.58448e-33
4.50338e+06	5.40177e-33
4.50348e+06	1.82323e-32
4.50358e+06	6.09261e-32
4.50368e+06	2.01569e-31
4.50378e+06	6.60236e-31
4.50388e+06	2.14108e-30
4.50398e+06	6.87422e-30
4.50408e+06	2.1851e-29
4.50418e+06	6.87663e-29
4.50428e+06	2.14258e-28
4.50438e+06	6.60931e-28
4.50448e+06	2.01852e-27
4.50458e+06	6.10331e-27
4.50468e+06	1.82707e-26
4.50478e+06	5.41505e-26
4.50488e+06	1.58894e-25
4.50498e+06	4.61602e-25
4.50508e+06	1.32766e-24
4.50518e+06	3.7806e-24
4.50528e+06	1.06584e-23
4.50538e+06	2.97497e-23
4.50548e+06	8.22108e-23
4.50558e+06	2.24922e-22
4.50568e+06	6.09246e-22
4.50578e+06	1.63384e-21
4.50588e+06	4.33796e-21
4.50598e+06	1.14029e-20
4.50608e+06	2.9676e-20
4.50618e+06	7.6463e-20
4.50628e+06	1.95054e-19
4.50638e+06	4.92622e-19
4.50648e+06	1.23177e-18
4.50658e+06	3.04933e-18
4.50668e+06	7.47371e-18
4.50678e+06	1.81353e-17
4.50688e+06	4.35682e-17
4.50698e+06	1.03627e-16
4.50708e+06	2.44023e-16
4.50718e+06	5.68915e-16
4.50728e+06	1.31317e-15
4.50738e+06	3.0009e-15
4.50748e+06	6.78952e-15
4.50758e+06	1.52084e-14
4.50768e+06	3.37276e-14
4.50778e+06	7.40532e-14
4.50788e+06	1.60975e-13
4.50798e+06	3.46443e-13
4.50808e+06	7.3818e-13
4.50818e+06	1.55722e-12
4.50828e+06	3.25232e-12
4.50838e+06	6.72503e-12
4.50848e+06	1.37674e-11
4.50858e+06	2.7904e-11
4.50868e+06	5.59937e-11
4.50878e+06	1.11242e-10
4.50888e+06	2.18804e-10
4.50898e+06	4.26087e-10
4.50908e+06	8.21483e-10
4.50918e+06	1.56804e-09
4.50928e+06	2.96327e-09
4.50938e+06	5.54424e-09
4.50948e+06	1.027e-08
4.50958e+06	1.88346e-08
4.50968e+06	3.41979e-08
4.50978e+06	6.14751e-08
4.50988e+06	1.0941e-07
4.50998e+06	1.92783e-07
4.51008e+06	3.36311e-07
4.51018e+06	5.80856e-07
4.51028e+06	9.93239e-07
4.51038e+06	1.6815e-06
4.51048e+06	2.81835e-06
4.51058e+06	4.67683e-06
4.51068e+06	7.6836e-06
4.51078e+06	1.24978e-05
4.51088e+06	2.01262e-05
4.51098e+06	3.20883e-05
4.51108e+06	5.0651e-05
4.51118e+06	7.91565e-05
4.51128e+06	0.000122474
4.51138e+06	0.00018761
4.51148e+06	0.000284528
4.51158e+06	0.00042722
4.51168e+06	0.00063509
4.51178e+06	0.000934709
4.51188e+06	0.00136199
4.51198e+06	0.00196485
4.51208e+06	0.00280635
4.51218e+06	0.00396835
4.51228e+06	0.00555567
4.51238e+06	0.00770052
4.51248e+06	0.0105672
4.51258e+06	0.0143568
4.51268e+06	0.0193113
4.51278e+06	0.0257172
4.51288e+06	0.0339072
4.51298e+06	0.0442606
4.51308e+06	0.0572005
4.51318e+06	0.073188
4.51328e+06	0.0927121
4.51338e+06	0.116276
4.51348e+06	0.144378
4.51358e+06	0.177488
4.51368e+06	0.21602
4.51378e+06	0.260301
4.51388e+06	0.310538
4.51398e+06	0.366784
4.51408e+06	0.428908
4.51418e+06	0.496563
4.51428e+06	0.569169
4.51438e+06	0.645901
4.51448e+06	0.725684
4.51458e+06	0.807208
4.51468e+06	0.888958
4.51478e+06	0.969245
4.51488e+06	1.04627
4.51498e+06	1.11818
4.51508e+06	1.18313
4.51518e+06	1.23941
4.51528e+06	1.28544
4.51538e+06	1.31992
4.51548e+06	1.34184
4.51558e+06	1.35054
4.51568e+06	1.34578
4.51578e+06	1.32769
4.51588e+06	1.29681
4.51598e+06	1.25405
4.51608e+06	1.20063
4.51618e+06	1.13805
4.51628e+06	1.06799
4.51638e+06	0.992279
4.51648e+06	0.91276
4.51658e+06	0.831258
4.51668e+06	0.749502
4.51678e+06	0.669062
4.51688e+06	0.591312
4.51698e+06	0.517398
4.51708e+06	0.448218
4.51718e+06	0.384425
4.51728e+06	0.32643
4.51738e+06	0.274427
4.51748e+06	0.228412
4.51758e+06	0.188222
4.51768e+06	0.153559
4.51778e+06	0.124034
4.51788e+06	0.0991887
4.51798e+06	0.0785309
4.51808e+06	0.0615568
4.51818e+06	0.0477714
4.51828e+06	0.0367044
4.51838e+06	0.0279206
4.51848e+06	0.0210275
4.51858e+06	0.0156786
4.51868e+06	0.0115741
4.51878e+06	0.00845904
4.51888e+06	0.00612086
4.51898e+06	0.00438492
4.51908e+06	0.00311005
4.51918e+06	0.00218389
4.51928e+06	0.00151828
4.51938e+06	0.00104503
4.51948e+06	0.000712134
4.51958e+06	0.000480455
4.51968e+06	0.000320923
4.51978e+06	0.00021223
4.51988e+06	0.000138953
4.51998e+06	9.00717e-05
4.52008e+06	5.78049e-05
4.52018e+06	3.67281e-05
4.52028e+06	2.31041e-05
4.52038e+06	1.43892e-05
4.52048e+06	8.8724e-06
4.52058e+06	5.4163e-06
4.52068e+06	3.27357e-06
4.52078e+06	1.95883e-06
4.52088e+06	1.16046e-06
4.52098e+06	6.80645e-07
4.52108e+06	3.95246e-07
4.52118e+06	2.27233e-07
4.52128e+06	1.2934e-07
4.52138e+06	7.28871e-08
4.52148e+06	4.06655e-08
4.52158e+06	2.24625e-08
4.52168e+06	1.22842e-08
4.52178e+06	6.65111e-09
4.52188e+06	3.56531e-09
4.52198e+06	1.89216e-09
4.52208e+06	9.94205e-10
4.52218e+06	5.1719e-10
4.52228e+06	2.66368e-10
4.52238e+06	1.35822e-10
4.52248e+06	6.85672e-11
4.52258e+06	3.42704e-11
4.52268e+06	1.69582e-11
4.52278e+06	8.308e-12
4.52288e+06	4.02968e-12
4.52298e+06	1.93509e-12
4.52308e+06	9.20004e-13
4.52318e+06	4.33047e-13
4.52328e+06	2.01807e-13
4.52338e+06	9.311e-14
4.52348e+06	4.25317e-14
4.52358e+06	1.92347e-14
4.52368e+06	8.61225e-15
4.52378e+06	3.81772e-15
4.52388e+06	1.67552e-15
4.52398e+06	7.28031e-16
4.52408e+06	3.13191e-16
4.52418e+06	1.3339e-16
4.52428e+06	5.62467e-17
4.52438e+06	2.34816e-17
4.52448e+06	9.70541e-18
4.52458e+06	3.97153e-18
4.52468e+06	1.60901e-18
4.52478e+06	6.45382e-19
4.52488e+06	2.5629e-19
4.52498e+06	1.00764e-19
4.52508e+06	3.92224e-20
4.52518e+06	1.51154e-20
4.52528e+06	5.76718e-21
4.52538e+06	2.17853e-21
4.52548e+06	8.14744e-22
4.52558e+06	3.01672e-22
4.52568e+06	1.10588e-22
4.52578e+06	4.01362e-23
4.52588e+06	1.44219e-23
4.52598e+06	5.13055e-24
4.52608e+06	1.80702e-24
4.52618e+06	6.30116e-25
4.52628e+06	2.17538e-25
4.52638e+06	7.43542e-26
4.52648e+06	2.51613e-26
4.52658e+06	8.42983e-27
4.52668e+06	2.79615e-27
4.52678e+06	9.18252e-28
4.52688e+06	2.98564e-28
4.52698e+06	9.6147e-29
4.52708e+06	3.07719e-29
4.52718e+06	1.01213e-29
4.52728e+06	4.44783e-30
4.52738e+06	5.34975e-30
4.52748e+06	1.3796e-29
4.52758e+06	4.10059e-29
4.52768e+06	1.22729e-28
4.52778e+06	3.6429e-28
4.52788e+06	1.07073e-27
4.52798e+06	3.11585e-27
4.52808e+06	8.977e-27
4.52818e+06	2.56061e-26
4.52828e+06	7.23123e-26
4.52838e+06	2.0218e-25
4.52848e+06	5.59656e-25
4.52858e+06	1.53377e-24
4.52868e+06	4.16158e-24
4.52878e+06	1.11792e-23
4.52888e+06	2.9732e-23
4.52898e+06	7.82875e-23
4.52908e+06	2.04088e-22
4.52918e+06	5.26744e-22
4.52928e+06	1.34598e-21
4.52938e+06	3.40515e-21
4.52948e+06	8.52883e-21
4.52958e+06	2.11495e-20
4.52968e+06	5.1924e-20
4.52978e+06	1.2621e-19
4.52988e+06	3.03721e-19
4.52998e+06	7.23625e-19
4.53008e+06	1.7069e-18
4.53018e+06	3.98623e-18
4.53028e+06	9.21663e-18
4.53038e+06	2.10979e-17
4.53048e+06	4.78149e-17
4.53058e+06	1.07286e-16
4.53068e+06	2.38332e-16
4.53078e+06	5.24177e-16
4.53088e+06	1.14138e-15
4.53098e+06	2.46059e-15
4.53108e+06	5.25178e-15
4.53118e+06	1.10976e-14
4.53128e+06	2.32172e-14
4.53138e+06	4.80893e-14
4.53148e+06	9.8615e-14
4.53158e+06	2.00214e-13
4.53168e+06	4.02442e-13
4.53178e+06	8.00883e-13
4.53188e+06	1.57795e-12
4.53198e+06	3.07802e-12
4.53208e+06	5.94441e-12
4.53218e+06	1.13659e-11
4.53228e+06	2.15156e-11
4.53238e+06	4.03239e-11
4.53248e+06	7.48217e-11
4.53258e+06	1.37452e-10
4.53268e+06	2.49994e-10
4.53278e+06	4.50159e-10
4.53288e+06	8.02526e-10
4.53298e+06	1.41648e-09
4.53308e+06	2.47524e-09
4.53318e+06	4.28235e-09
4.53328e+06	7.33506e-09
4.53338e+06	1.24389e-08
4.53348e+06	2.08842e-08
4.53358e+06	3.47145e-08
4.53368e+06	5.71296e-08
4.53378e+06	9.30824e-08
4.53388e+06	1.50152e-07
4.53398e+06	2.39802e-07
4.53408e+06	3.79167e-07
4.53418e+06	5.93562e-07
4.53428e+06	9.19938e-07
4.53438e+06	1.41159e-06
4.53448e+06	2.14444e-06
4.53458e+06	3.22535e-06
4.53468e+06	4.80284e-06
4.53478e+06	7.08069e-06
4.53488e+06	1.0335e-05
4.53498e+06	1.49349e-05
4.53508e+06	2.13673e-05
4.53518e+06	3.02661e-05
4.53528e+06	4.24442e-05
4.53538e+06	5.89303e-05
4.53548e+06	8.10057e-05
4.53558e+06	0.000110243
4.53568e+06	0.000148539
4.53578e+06	0.000198147
4.53588e+06	0.000261694
4.53598e+06	0.000342181
4.53608e+06	0.000442971
4.53618e+06	0.000567742
4.53628e+06	0.000720418
4.53638e+06	0.000905055
4.53648e+06	0.0011257
4.53658e+06	0.0013862
4.53668e+06	0.00169001
4.53678e+06	0.00203989
4.53688e+06	0.00243771
4.53698e+06	0.00288413
4.53708e+06	0.00337835
4.53718e+06	0.00391789
4.53728e+06	0.00449838
4.53738e+06	0.00511348
4.53748e+06	0.00575486
4.53758e+06	0.00641224
4.53768e+06	0.00707363
4.53778e+06	0.00772558
4.53788e+06	0.00835367
4.53798e+06	0.00894295
4.53808e+06	0.00947853
4.53818e+06	0.00994623
4.53828e+06	0.0103332
4.53838e+06	0.0106283
4.53848e+06	0.0108231
4.53858e+06	0.0109119
4.53868e+06	0.0108918
4.53878e+06	0.0107637
4.53888e+06	0.0105312
4.53898e+06	0.0102012
4.53908e+06	0.00978323
4.53918e+06	0.00928903
4.53928e+06	0.00873203
4.53938e+06	0.00812676
4.53948e+06	0.00748818
4.53958e+06	0.00683113
4.53968e+06	0.00616972
4.53978e+06	0.00551691
4.53988e+06	0.00488409
4.53998e+06	0.00428083
4.54008e+06	0.00371475
4.54018e+06	0.00319145
4.54028e+06	0.00271458
4.54038e+06	0.002286
4.54048e+06	0.00190592
4.54058e+06	0.00157323
4.54068e+06	0.00128569
4.54078e+06	0.00104025
4.54088e+06	0.000833287
4.54098e+06	0.00066086
4.54108e+06	0.000518897
4.54118e+06	0.000403376
4.54128e+06	0.000310454
4.54138e+06	0.000236559
4.54148e+06	0.00017846
4.54158e+06	0.00013329
4.54168e+06	9.85625e-05
4.54178e+06	7.21578e-05
4.54188e+06	5.23012e-05
4.54198e+06	3.75316e-05
4.54208e+06	2.66649e-05
4.54218e+06	1.87559e-05
4.54228e+06	1.30616e-05
4.54238e+06	9.00553e-06
4.54248e+06	6.14724e-06
4.54258e+06	4.1544e-06
4.54268e+06	2.77967e-06
4.54278e+06	1.84134e-06
4.54288e+06	1.20763e-06
4.54298e+06	7.84133e-07
4.54308e+06	5.04084e-07
4.54318e+06	3.20829e-07
4.54328e+06	2.02162e-07
4.54338e+06	1.2612e-07
4.54348e+06	7.78979e-08
4.54358e+06	4.76348e-08
