2.82698e+06	3.44767e-06
2.82708e+06	5.65589e-06
2.82718e+06	9.18616e-06
2.82728e+06	1.47715e-05
2.82738e+06	2.35164e-05
2.82748e+06	3.70659e-05
2.82758e+06	5.7841e-05
2.82768e+06	8.93622e-05
2.82778e+06	0.000136688
2.82788e+06	0.000206996
2.82798e+06	0.000310349
2.82808e+06	0.000460677
2.82818e+06	0.000677018
2.82828e+06	0.000985055
2.82838e+06	0.00141899
2.82848e+06	0.00202373
2.82858e+06	0.00285749
2.82868e+06	0.0039946
2.82878e+06	0.00552864
2.82888e+06	0.00757567
2.82898e+06	0.0102773
2.82908e+06	0.0138038
2.82918e+06	0.0183557
2.82928e+06	0.0241659
2.82938e+06	0.0314986
2.82948e+06	0.0406477
2.82958e+06	0.0519324
2.82968e+06	0.0656897
2.82978e+06	0.0822647
2.82988e+06	0.101997
2.82998e+06	0.125204
2.83008e+06	0.152161
2.83018e+06	0.183084
2.83028e+06	0.218098
2.83038e+06	0.257223
2.83048e+06	0.300348
2.83058e+06	0.347214
2.83068e+06	0.3974
2.83078e+06	0.450313
2.83088e+06	0.505194
2.83098e+06	0.561124
2.83108e+06	0.617045
2.83118e+06	0.671788
2.83128e+06	0.724109
2.83138e+06	0.77274
2.83148e+06	0.816431
2.83158e+06	0.85401
2.83168e+06	0.884429
2.83178e+06	0.906819
2.83188e+06	0.920523
2.83198e+06	0.925138
2.83208e+06	0.920523
2.83218e+06	0.906819
2.83228e+06	0.884429
2.83238e+06	0.85401
2.83248e+06	0.816431
2.83258e+06	0.77274
2.83268e+06	0.724109
2.83278e+06	0.671788
2.83288e+06	0.617045
2.83298e+06	0.561124
2.83308e+06	0.505194
2.83318e+06	0.450313
2.83328e+06	0.3974
2.83338e+06	0.347214
2.83348e+06	0.300348
2.83358e+06	0.257223
2.83368e+06	0.218098
2.83378e+06	0.183084
2.83388e+06	0.152161
2.83398e+06	0.125204
2.83408e+06	0.101997
2.83418e+06	0.0822647
2.83428e+06	0.0656897
2.83438e+06	0.0519324
2.83448e+06	0.0406477
2.83458e+06	0.0314986
2.83468e+06	0.0241659
2.83478e+06	0.0183557
2.83488e+06	0.0138038
2.83498e+06	0.0102774
2.83508e+06	0.00757568
2.83518e+06	0.00552865
2.83528e+06	0.00399461
2.83538e+06	0.00285751
2.83548e+06	0.00202377
2.83558e+06	0.00141906
2.83568e+06	0.000985179
2.83578e+06	0.000677238
2.83588e+06	0.000461063
2.83598e+06	0.00031102
2.83608e+06	0.000208149
2.83618e+06	0.000138652
2.83628e+06	9.26745e-05
2.83638e+06	6.337e-05
2.83648e+06	4.62032e-05
2.83658e+06	3.84664e-05
2.83668e+06	3.89887e-05
2.83678e+06	4.80248e-05
2.83688e+06	6.73241e-05
2.83698e+06	0.00010039
2.83708e+06	0.000152959
2.83718e+06	0.000233728
2.83728e+06	0.000355402
2.83738e+06	0.000536107
2.83748e+06	0.000801266
2.83758e+06	0.00118602
2.83768e+06	0.00173825
2.83778e+06	0.00252238
2.83788e+06	0.00362387
2.83798e+06	0.0051546
2.83808e+06	0.00725899
2.83818e+06	0.0101208
2.83828e+06	0.0139704
2.83838e+06	0.0190925
2.83848e+06	0.0258329
2.83858e+06	0.0346051
2.83868e+06	0.0458948
2.83878e+06	0.0602621
2.83888e+06	0.0783398
2.83898e+06	0.100827
2.83908e+06	0.128478
2.83918e+06	0.162084
2.83928e+06	0.202444
2.83938e+06	0.250339
2.83948e+06	0.306485
2.83958e+06	0.37149
2.83968e+06	0.445801
2.83978e+06	0.529655
2.83988e+06	0.623019
2.83998e+06	0.72555
2.84008e+06	0.836546
2.84018e+06	0.954926
2.84028e+06	1.07921
2.84038e+06	1.20754
2.84048e+06	1.33768
2.84058e+06	1.4671
2.84068e+06	1.59303
2.84078e+06	1.71256
2.84088e+06	1.82274
2.84098e+06	1.92071
2.84108e+06	2.0038
2.84118e+06	2.06969
2.84128e+06	2.11648
2.84138e+06	2.14278
2.84148e+06	2.14783
2.84158e+06	2.13146
2.84168e+06	2.09418
2.84178e+06	2.03707
2.84188e+06	1.9618
2.84198e+06	1.87052
2.84208e+06	1.76574
2.84218e+06	1.65024
2.84228e+06	1.52695
2.84238e+06	1.39881
2.84248e+06	1.26868
2.84258e+06	1.1392
2.84268e+06	1.01276
2.84278e+06	0.891396
2.84288e+06	0.776768
2.84298e+06	0.670145
2.84308e+06	0.572404
2.84318e+06	0.484055
2.84328e+06	0.405268
2.84338e+06	0.33593
2.84348e+06	0.275684
2.84358e+06	0.223991
2.84368e+06	0.18018
2.84378e+06	0.143496
2.84388e+06	0.113144
2.84398e+06	0.0883242
2.84408e+06	0.0682629
2.84418e+06	0.0522332
2.84428e+06	0.03957
2.84438e+06	0.0296785
2.84448e+06	0.0220382
2.84458e+06	0.0162019
2.84468e+06	0.0117927
2.84478e+06	0.00849801
2.84488e+06	0.00606287
2.84498e+06	0.0042825
2.84508e+06	0.00299483
2.84518e+06	0.0020735
2.84528e+06	0.00142133
2.84538e+06	0.000964587
2.84548e+06	0.000648104
2.84558e+06	0.000431128
2.84568e+06	0.000283938
2.84578e+06	0.000185139
2.84588e+06	0.000119517
2.84598e+06	7.6387e-05
2.84608e+06	4.83354e-05
2.84618e+06	3.02809e-05
2.84628e+06	1.87814e-05
2.84638e+06	1.15331e-05
2.84648e+06	7.01165e-06
2.84658e+06	4.22038e-06
2.84668e+06	2.51501e-06
2.84678e+06	1.48383e-06
2.84688e+06	8.66738e-07
2.84698e+06	5.01242e-07
2.84708e+06	2.86988e-07
2.84718e+06	1.62681e-07
2.84728e+06	9.12995e-08
2.84738e+06	5.0729e-08
2.84748e+06	2.79062e-08
2.84758e+06	1.51986e-08
2.84768e+06	8.19524e-09
2.84778e+06	4.375e-09
2.84788e+06	2.31234e-09
2.84798e+06	1.20999e-09
2.84808e+06	6.26857e-10
2.84818e+06	3.21523e-10
2.84828e+06	1.63273e-10
2.84838e+06	8.20865e-11
2.84848e+06	4.0859e-11
2.84858e+06	2.01354e-11
2.84868e+06	9.82402e-12
2.84878e+06	4.74543e-12
2.84888e+06	2.26944e-12
2.84898e+06	1.07453e-12
2.84908e+06	5.03707e-13
2.84918e+06	2.33772e-13
2.84928e+06	1.07415e-13
2.84938e+06	4.88645e-14
2.84948e+06	2.20079e-14
2.84958e+06	9.81346e-15
2.84968e+06	4.33234e-15
2.84978e+06	1.89356e-15
2.84988e+06	8.19395e-16
2.84998e+06	3.51047e-16
2.85008e+06	1.48899e-16
2.85018e+06	6.25285e-17
2.85028e+06	2.59968e-17
2.85038e+06	1.07009e-17
2.85048e+06	4.3609e-18
2.85058e+06	1.7595e-18
2.85068e+06	7.02847e-19
2.85078e+06	2.77964e-19
2.85088e+06	1.08836e-19
2.85098e+06	4.21905e-20
2.85108e+06	1.61925e-20
2.85118e+06	6.15275e-21
2.85128e+06	2.31463e-21
2.85138e+06	8.62089e-22
2.85148e+06	3.17892e-22
2.85158e+06	1.16055e-22
2.85168e+06	4.19474e-23
2.85178e+06	1.50108e-23
2.85188e+06	5.31812e-24
2.85198e+06	1.86539e-24
2.85208e+06	6.47798e-25
2.85218e+06	2.22724e-25
2.85228e+06	7.5814e-26
2.85238e+06	2.555e-26
2.85248e+06	8.52487e-27
2.85258e+06	2.81606e-27
2.85268e+06	9.20988e-28
2.85278e+06	2.9821e-28
2.85288e+06	9.5598e-29
2.85298e+06	3.03411e-29
2.85308e+06	9.53392e-30
2.85318e+06	2.96598e-30
2.85328e+06	9.13529e-31
2.85338e+06	2.78569e-31
2.85348e+06	8.41011e-32
2.85358e+06	2.51378e-32
2.85368e+06	7.43891e-33
2.85378e+06	2.17946e-33
2.85388e+06	6.32186e-34
2.85398e+06	1.81551e-34
2.85408e+06	5.16189e-35
2.85418e+06	1.45304e-35
2.85428e+06	4.04949e-36
2.85438e+06	1.11733e-36
2.85448e+06	3.05226e-37
2.85458e+06	8.25499e-38
2.85468e+06	2.21039e-38
2.85478e+06	5.85975e-39
2.85488e+06	1.53796e-39
2.85498e+06	3.99641e-40
2.85508e+06	1.02814e-40
2.85518e+06	2.61872e-41
2.85528e+06	6.60366e-42
2.85538e+06	1.64868e-42
2.85548e+06	4.07517e-43
2.85558e+06	9.97269e-44
2.85568e+06	2.41622e-44
2.85578e+06	5.79584e-45
2.85588e+06	1.37643e-45
2.85598e+06	3.23629e-46
2.85608e+06	7.53355e-47
2.85618e+06	1.73623e-47
2.85628e+06	3.96163e-48
2.85638e+06	8.94946e-49
2.85648e+06	2.0016e-49
2.85658e+06	4.43214e-50
2.85668e+06	9.71644e-51
2.85678e+06	2.10891e-51
2.85688e+06	4.53175e-52
2.85698e+06	9.6412e-53
2.85708e+06	2.03074e-53
2.85718e+06	4.2348e-54
2.85728e+06	8.74317e-55
2.85738e+06	1.78715e-55
2.85748e+06	3.6167e-56
2.85758e+06	7.24636e-57
2.85768e+06	1.43742e-57
2.85778e+06	2.82297e-58
2.85788e+06	5.48889e-59
2.85798e+06	1.05662e-59
2.85808e+06	2.01378e-60
2.85818e+06	3.79981e-61
2.85828e+06	7.09854e-62
2.85838e+06	1.3129e-62
2.85848e+06	2.40411e-63
2.85858e+06	4.35845e-64
2.85868e+06	7.82288e-65
2.85878e+06	1.39014e-65
2.85888e+06	2.44573e-66
2.85898e+06	4.26004e-67
2.85908e+06	7.34645e-68
2.85918e+06	1.25429e-68
2.85928e+06	2.12019e-69
2.85938e+06	3.54821e-70
2.85948e+06	5.87896e-71
2.85958e+06	9.64383e-72
2.85968e+06	1.56623e-72
2.85978e+06	2.51836e-73
2.85988e+06	4.00901e-74
2.85998e+06	6.3185e-75
2.86008e+06	9.85934e-76
2.86018e+06	1.52314e-76
2.86028e+06	2.32963e-77
2.86038e+06	3.5277e-78
2.86048e+06	5.28875e-79
2.86058e+06	7.85005e-80
2.86068e+06	1.15358e-80
2.86078e+06	1.67835e-81
2.86088e+06	2.41753e-82
2.86098e+06	3.44762e-83
2.86108e+06	4.8677e-84
2.86118e+06	6.80432e-85
2.86128e+06	9.4168e-86
2.86138e+06	1.29026e-86
2.86148e+06	1.7503e-87
2.86158e+06	2.35072e-88
2.86168e+06	3.1257e-89
2.86178e+06	4.11483e-90
2.86188e+06	5.36305e-91
2.86198e+06	6.92038e-92
2.86208e+06	8.84107e-93
2.86218e+06	1.11824e-93
2.86228e+06	1.40032e-94
2.86238e+06	1.73609e-95
2.86248e+06	2.13096e-96
2.86258e+06	2.58961e-97
2.86268e+06	3.11568e-98
2.86278e+06	3.7113e-99
2.86288e+06	4.37681e-100
2.86298e+06	5.1103e-101
2.86308e+06	5.90734e-102
2.86318e+06	6.76074e-103
2.86328e+06	7.66044e-104
2.86338e+06	8.59351e-105
2.86348e+06	9.5443e-106
2.86358e+06	1.04948e-106
2.86368e+06	1.14252e-107
2.86378e+06	1.23142e-108
2.86388e+06	1.31404e-109
2.86398e+06	1.38825e-110
2.86408e+06	1.45206e-111
2.86418e+06	1.50369e-112
2.86428e+06	1.54166e-113
2.86438e+06	1.56486e-114
2.86448e+06	1.5726e-115
2.86458e+06	1.56466e-116
2.86468e+06	1.54127e-117
2.86478e+06	1.50312e-118
2.86488e+06	1.45133e-119
2.86498e+06	1.38738e-120
2.86508e+06	1.31305e-121
2.86518e+06	1.23034e-122
2.86528e+06	1.14137e-123
2.86538e+06	1.0483e-124
2.86548e+06	9.53232e-126
2.86558e+06	8.58165e-127
2.86568e+06	7.64891e-128
2.86578e+06	6.74971e-129
2.86588e+06	5.89696e-130
2.86598e+06	5.10068e-131
2.86608e+06	4.36803e-132
2.86618e+06	3.70339e-133
2.86628e+06	3.10864e-134
2.86638e+06	2.58344e-135
2.86648e+06	2.12561e-136
2.86658e+06	1.73152e-137
2.86668e+06	1.39645e-138
2.86678e+06	1.11502e-139
2.86688e+06	8.81447e-141
2.86698e+06	6.89869e-142
2.86708e+06	5.34557e-143
2.86718e+06	4.1009e-144
2.86728e+06	3.11473e-145
2.86738e+06	2.34218e-146
2.86748e+06	1.74371e-147
2.86758e+06	1.28525e-148
2.86768e+06	9.37904e-150
2.86778e+06	6.77619e-151
2.86788e+06	4.84696e-152
2.86798e+06	3.4325e-153
2.86808e+06	2.40663e-154
2.86818e+06	1.67057e-155
2.86828e+06	1.14809e-156
2.86838e+06	7.8117e-158
2.86848e+06	5.26226e-159
2.86858e+06	3.50958e-160
2.86868e+06	2.31737e-161
2.86878e+06	1.51493e-162
2.86888e+06	9.80502e-164
2.86898e+06	6.2829e-165
2.86908e+06	3.98592e-166
2.86918e+06	2.50354e-167
2.86928e+06	1.55682e-168
2.86938e+06	9.58467e-170
2.86948e+06	5.84217e-171
2.86958e+06	3.52556e-172
2.86968e+06	2.10639e-173
2.86978e+06	1.24597e-174
2.86988e+06	7.29681e-176
2.86998e+06	4.23073e-177
2.87008e+06	2.42859e-178
2.87018e+06	1.38023e-179
2.87028e+06	7.76612e-181
2.87038e+06	4.32628e-182
2.87048e+06	2.38606e-183
2.87058e+06	1.30289e-184
2.87068e+06	7.0435e-186
2.87078e+06	3.76987e-187
2.87088e+06	1.99767e-188
2.87098e+06	1.04803e-189
2.87108e+06	5.44359e-191
2.87118e+06	2.79932e-192
2.87128e+06	1.4252e-193
2.87138e+06	7.18385e-195
2.87148e+06	3.58505e-196
2.87158e+06	1.77129e-197
2.87168e+06	8.66448e-199
2.87178e+06	4.19616e-200
2.87188e+06	2.01195e-201
2.87198e+06	9.55084e-203
2.87208e+06	4.48871e-204
2.87218e+06	2.08862e-205
2.87228e+06	9.62174e-207
2.87238e+06	4.38839e-208
2.87248e+06	1.98159e-209
2.87258e+06	8.8589e-211
2.87268e+06	3.92105e-212
2.87278e+06	1.71823e-213
2.87288e+06	7.45451e-215
2.87298e+06	3.20194e-216
2.87308e+06	1.36164e-217
2.87318e+06	5.73287e-219
2.87328e+06	2.38966e-220
2.87338e+06	9.86187e-222
2.87348e+06	4.02938e-223
2.87358e+06	1.62995e-224
2.87368e+06	6.52781e-226
2.87378e+06	2.58832e-227
2.87388e+06	1.01607e-228
2.87398e+06	3.94903e-230
2.87408e+06	1.51954e-231
2.87418e+06	5.78882e-233
2.87428e+06	2.18336e-234
2.87438e+06	8.15302e-236
2.87448e+06	3.01417e-237
2.87458e+06	1.10325e-238
2.87468e+06	3.99796e-240
2.87478e+06	1.43436e-241
2.87488e+06	5.09492e-243
2.87498e+06	1.79173e-244
2.87508e+06	6.23828e-246
2.87518e+06	2.15037e-247
2.87528e+06	7.33871e-249
2.87538e+06	2.47961e-250
2.87548e+06	8.29475e-252
2.87558e+06	2.74714e-253
2.87568e+06	9.00772e-255
2.87578e+06	2.9242e-256
2.87588e+06	9.39842e-258
2.87598e+06	2.99062e-259
2.87608e+06	9.42157e-261
2.87618e+06	2.93862e-262
2.87628e+06	9.07443e-264
2.87638e+06	2.7743e-265
2.87648e+06	8.39739e-267
2.87658e+06	2.51647e-268
2.87668e+06	7.46615e-270
2.87678e+06	2.1931e-271
2.87688e+06	6.3779e-273
2.87698e+06	1.83634e-274
2.87708e+06	5.23465e-276
2.87718e+06	1.47733e-277
2.87728e+06	4.12786e-279
2.87738e+06	1.1419e-280
2.87748e+06	3.12745e-282
2.87758e+06	8.48025e-284
2.87768e+06	2.27659e-285
2.87778e+06	6.05086e-287
2.87788e+06	1.59223e-288
2.87798e+06	4.14814e-290
2.87808e+06	1.06993e-291
2.87818e+06	2.73223e-293
2.87828e+06	6.90773e-295
2.87838e+06	1.72906e-296
2.87848e+06	4.28492e-298
2.87858e+06	1.05131e-299
2.87868e+06	2.55374e-301
2.87878e+06	6.14158e-303
2.87888e+06	1.46231e-304
2.87898e+06	3.44713e-306
2.87908e+06	8.04511e-308
2.87918e+06	1.85893e-309
2.87928e+06	4.25257e-311
2.87938e+06	9.63157e-313
2.87948e+06	2.15973e-314
2.87958e+06	4.79468e-316
2.87968e+06	1.05384e-317
2.87978e+06	2.29326e-319
2.87988e+06	4.93572e-321
2.87998e+06	1.03754e-322
2.88008e+06	0
2.88018e+06	0
2.88028e+06	0
2.88038e+06	0
2.88048e+06	0
2.88058e+06	0
2.88068e+06	0
2.88078e+06	0
2.88088e+06	0
2.88098e+06	0
2.88108e+06	0
2.88118e+06	0
2.88128e+06	0
2.88138e+06	0
2.88148e+06	0
2.88158e+06	0
2.88168e+06	0
2.88178e+06	0
2.88188e+06	0
2.88198e+06	0
2.88208e+06	0
2.88218e+06	0
2.88228e+06	0
2.88238e+06	0
2.88248e+06	0
2.88258e+06	0
2.88268e+06	0
2.88278e+06	0
2.88288e+06	0
2.88298e+06	0
2.88308e+06	0
2.88318e+06	0
2.88328e+06	0
2.88338e+06	0
2.88348e+06	0
2.88358e+06	0
2.88368e+06	0
2.88378e+06	0
2.88388e+06	0
2.88398e+06	0
2.88408e+06	0
2.88418e+06	0
2.88428e+06	0
2.88438e+06	0
2.88448e+06	0
2.88458e+06	0
2.88468e+06	0
2.88478e+06	0
2.88488e+06	0
2.88498e+06	0
2.88508e+06	0
2.88518e+06	0
2.88528e+06	0
2.88538e+06	0
2.88548e+06	0
2.88558e+06	0
2.88568e+06	0
2.88578e+06	0
2.88588e+06	0
2.88598e+06	0
2.88608e+06	0
2.88618e+06	0
2.88628e+06	0
2.88638e+06	0
2.88648e+06	0
2.88658e+06	0
2.88668e+06	0
2.88678e+06	0
2.88688e+06	0
2.88698e+06	0
2.88708e+06	0
2.88718e+06	0
2.88728e+06	0
2.88738e+06	0
2.88748e+06	0
2.88758e+06	0
2.88768e+06	0
2.88778e+06	0
2.88788e+06	0
2.88798e+06	0
2.88808e+06	0
2.88818e+06	0
2.88828e+06	0
2.88838e+06	0
2.88848e+06	0
2.88858e+06	0
2.88868e+06	0
2.88878e+06	0
2.88888e+06	0
2.88898e+06	0
2.88908e+06	0
2.88918e+06	0
2.88928e+06	0
2.88938e+06	0
2.88948e+06	0
2.88958e+06	0
2.88968e+06	0
2.88978e+06	0
2.88988e+06	0
2.88998e+06	0
2.89008e+06	0
2.89018e+06	0
2.89028e+06	0
2.89038e+06	0
2.89048e+06	0
2.89058e+06	0
2.89068e+06	0
2.89078e+06	0
2.89088e+06	0
2.89098e+06	0
2.89108e+06	0
2.89118e+06	0
2.89128e+06	0
2.89138e+06	0
2.89148e+06	0
2.89158e+06	0
2.89168e+06	0
2.89178e+06	0
2.89188e+06	0
2.89198e+06	0
2.89208e+06	0
2.89218e+06	0
2.89228e+06	0
2.89238e+06	0
2.89248e+06	0
2.89258e+06	0
2.89268e+06	0
2.89278e+06	0
2.89288e+06	0
2.89298e+06	0
2.89308e+06	0
2.89318e+06	0
2.89328e+06	0
2.89338e+06	0
2.89348e+06	0
2.89358e+06	0
2.89368e+06	0
2.89378e+06	0
2.89388e+06	0
2.89398e+06	0
2.89408e+06	0
2.89418e+06	0
2.89428e+06	0
2.89438e+06	0
2.89448e+06	0
2.89458e+06	0
2.89468e+06	0
2.89478e+06	0
2.89488e+06	0
2.89498e+06	0
2.89508e+06	0
2.89518e+06	0
2.89528e+06	0
2.89538e+06	0
2.89548e+06	0
2.89558e+06	0
2.89568e+06	0
2.89578e+06	0
2.89588e+06	0
2.89598e+06	0
2.89608e+06	0
2.89618e+06	0
2.89628e+06	0
2.89638e+06	0
2.89648e+06	0
2.89658e+06	0
2.89668e+06	0
2.89678e+06	0
2.89688e+06	0
2.89698e+06	0
2.89708e+06	0
2.89718e+06	0
2.89728e+06	0
2.89738e+06	0
2.89748e+06	0
2.89758e+06	0
2.89768e+06	0
2.89778e+06	0
2.89788e+06	0
2.89798e+06	0
2.89808e+06	0
2.89818e+06	0
2.89828e+06	0
2.89838e+06	0
2.89848e+06	0
2.89858e+06	0
2.89868e+06	0
2.89878e+06	0
2.89888e+06	0
2.89898e+06	0
2.89908e+06	0
2.89918e+06	0
2.89928e+06	0
2.89938e+06	0
2.89948e+06	0
2.89958e+06	0
2.89968e+06	0
2.89978e+06	0
2.89988e+06	0
2.89998e+06	0
2.90008e+06	0
2.90018e+06	0
2.90028e+06	0
2.90038e+06	0
2.90048e+06	0
2.90058e+06	0
2.90068e+06	0
2.90078e+06	0
2.90088e+06	0
2.90098e+06	0
2.90108e+06	0
2.90118e+06	0
2.90128e+06	0
2.90138e+06	0
2.90148e+06	0
2.90158e+06	0
2.90168e+06	0
2.90178e+06	0
2.90188e+06	0
2.90198e+06	0
2.90208e+06	0
2.90218e+06	0
2.90228e+06	0
2.90238e+06	0
2.90248e+06	0
2.90258e+06	0
2.90268e+06	0
2.90278e+06	0
2.90288e+06	0
2.90298e+06	0
2.90308e+06	0
2.90318e+06	0
2.90328e+06	0
2.90338e+06	0
2.90348e+06	0
2.90358e+06	0
2.90368e+06	0
2.90378e+06	0
2.90388e+06	0
2.90398e+06	0
2.90408e+06	0
2.90418e+06	0
2.90428e+06	0
2.90438e+06	0
2.90448e+06	0
2.90458e+06	0
2.90468e+06	0
2.90478e+06	0
2.90488e+06	0
2.90498e+06	0
2.90508e+06	0
2.90518e+06	0
2.90528e+06	0
2.90538e+06	0
2.90548e+06	0
2.90558e+06	0
2.90568e+06	0
2.90578e+06	0
2.90588e+06	0
2.90598e+06	0
2.90608e+06	0
2.90618e+06	0
2.90628e+06	0
2.90638e+06	0
2.90648e+06	0
2.90658e+06	0
2.90668e+06	0
2.90678e+06	0
2.90688e+06	0
2.90698e+06	0
2.90708e+06	0
2.90718e+06	0
2.90728e+06	0
2.90738e+06	0
2.90748e+06	0
2.90758e+06	0
2.90768e+06	0
2.90778e+06	0
2.90788e+06	0
2.90798e+06	0
2.90808e+06	0
2.90818e+06	0
2.90828e+06	0
2.90838e+06	0
2.90848e+06	0
2.90858e+06	0
2.90868e+06	0
2.90878e+06	0
2.90888e+06	0
2.90898e+06	0
2.90908e+06	0
2.90918e+06	0
2.90928e+06	0
2.90938e+06	0
2.90948e+06	0
2.90958e+06	0
2.90968e+06	0
2.90978e+06	0
2.90988e+06	0
2.90998e+06	0
2.91008e+06	0
2.91018e+06	0
2.91028e+06	0
2.91038e+06	0
2.91048e+06	0
2.91058e+06	0
2.91068e+06	0
2.91078e+06	0
2.91088e+06	0
2.91098e+06	0
2.91108e+06	0
2.91118e+06	0
2.91128e+06	0
2.91138e+06	0
2.91148e+06	0
2.91158e+06	0
2.91168e+06	0
2.91178e+06	0
2.91188e+06	0
2.91198e+06	0
2.91208e+06	0
2.91218e+06	0
2.91228e+06	0
2.91238e+06	0
2.91248e+06	0
2.91258e+06	0
2.91268e+06	0
2.91278e+06	0
2.91288e+06	0
2.91298e+06	0
2.91308e+06	0
2.91318e+06	0
2.91328e+06	0
2.91338e+06	0
2.91348e+06	0
2.91358e+06	0
2.91368e+06	0
2.91378e+06	0
2.91388e+06	0
2.91398e+06	0
2.91408e+06	0
2.91418e+06	0
2.91428e+06	0
2.91438e+06	0
2.91448e+06	0
2.91458e+06	0
2.91468e+06	0
2.91478e+06	0
2.91488e+06	0
2.91498e+06	0
2.91508e+06	0
2.91518e+06	0
2.91528e+06	0
2.91538e+06	0
2.91548e+06	0
2.91558e+06	0
2.91568e+06	0
2.91578e+06	0
2.91588e+06	0
2.91598e+06	0
2.91608e+06	0
2.91618e+06	0
2.91628e+06	0
2.91638e+06	0
2.91648e+06	0
2.91658e+06	0
2.91668e+06	0
2.91678e+06	0
2.91688e+06	0
2.91698e+06	0
2.91708e+06	0
2.91718e+06	0
2.91728e+06	0
2.91738e+06	0
2.91748e+06	0
2.91758e+06	0
2.91768e+06	0
2.91778e+06	0
2.91788e+06	0
2.91798e+06	0
2.91808e+06	0
2.91818e+06	0
2.91828e+06	0
2.91838e+06	0
2.91848e+06	0
2.91858e+06	0
2.91868e+06	0
2.91878e+06	0
2.91888e+06	0
2.91898e+06	0
2.91908e+06	0
2.91918e+06	0
2.91928e+06	0
2.91938e+06	0
2.91948e+06	0
2.91958e+06	0
2.91968e+06	0
2.91978e+06	0
2.91988e+06	0
2.91998e+06	0
2.92008e+06	0
2.92018e+06	0
2.92028e+06	0
2.92038e+06	0
2.92048e+06	0
2.92058e+06	0
2.92068e+06	0
2.92078e+06	0
2.92088e+06	0
2.92098e+06	0
2.92108e+06	0
2.92118e+06	0
2.92128e+06	0
2.92138e+06	0
2.92148e+06	0
2.92158e+06	0
2.92168e+06	0
2.92178e+06	0
2.92188e+06	0
2.92198e+06	0
2.92208e+06	0
2.92218e+06	0
2.92228e+06	0
2.92238e+06	0
2.92248e+06	0
2.92258e+06	0
2.92268e+06	0
2.92278e+06	0
2.92288e+06	0
2.92298e+06	0
2.92308e+06	0
2.92318e+06	0
2.92328e+06	0
2.92338e+06	0
2.92348e+06	0
2.92358e+06	0
2.92368e+06	0
2.92378e+06	0
2.92388e+06	0
2.92398e+06	0
2.92408e+06	0
2.92418e+06	0
2.92428e+06	0
2.92438e+06	0
2.92448e+06	0
2.92458e+06	0
2.92468e+06	0
2.92478e+06	0
2.92488e+06	0
2.92498e+06	0
2.92508e+06	0
2.92518e+06	0
2.92528e+06	0
2.92538e+06	0
2.92548e+06	0
2.92558e+06	0
2.92568e+06	0
2.92578e+06	0
2.92588e+06	0
2.92598e+06	0
2.92608e+06	0
2.92618e+06	0
2.92628e+06	0
2.92638e+06	0
2.92648e+06	0
2.92658e+06	0
2.92668e+06	0
2.92678e+06	0
2.92688e+06	0
2.92698e+06	0
2.92708e+06	0
2.92718e+06	0
2.92728e+06	0
2.92738e+06	0
2.92748e+06	0
2.92758e+06	0
2.92768e+06	0
2.92778e+06	0
2.92788e+06	0
2.92798e+06	0
2.92808e+06	0
2.92818e+06	0
2.92828e+06	0
2.92838e+06	0
2.92848e+06	0
2.92858e+06	0
2.92868e+06	0
2.92878e+06	0
2.92888e+06	0
2.92898e+06	0
2.92908e+06	0
2.92918e+06	0
2.92928e+06	0
2.92938e+06	0
2.92948e+06	0
2.92958e+06	0
2.92968e+06	0
2.92978e+06	0
2.92988e+06	0
2.92998e+06	0
2.93008e+06	0
2.93018e+06	0
2.93028e+06	0
2.93038e+06	0
2.93048e+06	0
2.93058e+06	0
2.93068e+06	0
2.93078e+06	0
2.93088e+06	0
2.93098e+06	0
2.93108e+06	0
2.93118e+06	0
2.93128e+06	0
2.93138e+06	0
2.93148e+06	0
2.93158e+06	0
2.93168e+06	0
2.93178e+06	0
2.93188e+06	0
2.93198e+06	0
2.93208e+06	0
2.93218e+06	0
2.93228e+06	0
2.93238e+06	0
2.93248e+06	0
2.93258e+06	0
2.93268e+06	0
2.93278e+06	0
2.93288e+06	0
2.93298e+06	0
2.93308e+06	0
2.93318e+06	0
2.93328e+06	0
2.93338e+06	0
2.93348e+06	0
2.93358e+06	0
2.93368e+06	0
2.93378e+06	0
2.93388e+06	0
2.93398e+06	0
2.93408e+06	0
2.93418e+06	0
2.93428e+06	0
2.93438e+06	0
2.93448e+06	0
2.93458e+06	0
2.93468e+06	0
2.93478e+06	0
2.93488e+06	0
2.93498e+06	0
2.93508e+06	0
2.93518e+06	0
2.93528e+06	0
2.93538e+06	0
2.93548e+06	0
2.93558e+06	0
2.93568e+06	0
2.93578e+06	0
2.93588e+06	0
2.93598e+06	0
2.93608e+06	0
2.93618e+06	0
2.93628e+06	0
2.93638e+06	0
2.93648e+06	0
2.93658e+06	0
2.93668e+06	0
2.93678e+06	0
2.93688e+06	0
2.93698e+06	0
2.93708e+06	0
2.93718e+06	0
2.93728e+06	0
2.93738e+06	0
2.93748e+06	0
2.93758e+06	0
2.93768e+06	0
2.93778e+06	0
2.93788e+06	0
2.93798e+06	0
2.93808e+06	0
2.93818e+06	0
2.93828e+06	0
2.93838e+06	0
2.93848e+06	0
2.93858e+06	0
2.93868e+06	0
2.93878e+06	0
2.93888e+06	0
2.93898e+06	0
2.93908e+06	0
2.93918e+06	0
2.93928e+06	0
2.93938e+06	0
2.93948e+06	0
2.93958e+06	0
2.93968e+06	0
2.93978e+06	0
2.93988e+06	0
2.93998e+06	0
2.94008e+06	0
2.94018e+06	0
2.94028e+06	0
2.94038e+06	0
2.94048e+06	0
2.94058e+06	0
2.94068e+06	0
2.94078e+06	0
2.94088e+06	0
2.94098e+06	0
2.94108e+06	0
2.94118e+06	0
2.94128e+06	0
2.94138e+06	0
2.94148e+06	0
2.94158e+06	0
2.94168e+06	0
2.94178e+06	0
2.94188e+06	0
2.94198e+06	0
2.94208e+06	0
2.94218e+06	0
2.94228e+06	0
2.94238e+06	0
2.94248e+06	0
2.94258e+06	0
2.94268e+06	0
2.94278e+06	0
2.94288e+06	0
2.94298e+06	0
2.94308e+06	0
2.94318e+06	0
2.94328e+06	0
2.94338e+06	0
2.94348e+06	0
2.94358e+06	0
2.94368e+06	0
2.94378e+06	0
2.94388e+06	0
2.94398e+06	0
2.94408e+06	0
2.94418e+06	0
2.94428e+06	0
2.94438e+06	0
2.94448e+06	0
2.94458e+06	0
2.94468e+06	0
2.94478e+06	0
2.94488e+06	0
2.94498e+06	0
2.94508e+06	0
2.94518e+06	0
2.94528e+06	0
2.94538e+06	0
2.94548e+06	0
2.94558e+06	0
2.94568e+06	0
2.94578e+06	0
2.94588e+06	0
2.94598e+06	0
2.94608e+06	0
2.94618e+06	0
2.94628e+06	0
2.94638e+06	0
2.94648e+06	0
2.94658e+06	0
2.94668e+06	0
2.94678e+06	0
2.94688e+06	0
2.94698e+06	0
2.94708e+06	0
2.94718e+06	0
2.94728e+06	0
2.94738e+06	0
2.94748e+06	0
2.94758e+06	0
2.94768e+06	0
2.94778e+06	0
2.94788e+06	0
2.94798e+06	0
2.94808e+06	0
2.94818e+06	0
2.94828e+06	0
2.94838e+06	0
2.94848e+06	0
2.94858e+06	0
2.94868e+06	0
2.94878e+06	0
2.94888e+06	0
2.94898e+06	0
2.94908e+06	0
2.94918e+06	0
2.94928e+06	0
2.94938e+06	0
2.94948e+06	0
2.94958e+06	0
2.94968e+06	0
2.94978e+06	0
2.94988e+06	0
2.94998e+06	0
2.95008e+06	0
2.95018e+06	0
2.95028e+06	0
2.95038e+06	0
2.95048e+06	0
2.95058e+06	0
2.95068e+06	0
2.95078e+06	0
2.95088e+06	0
2.95098e+06	0
2.95108e+06	0
2.95118e+06	0
2.95128e+06	0
2.95138e+06	0
2.95148e+06	0
2.95158e+06	0
2.95168e+06	0
2.95178e+06	0
2.95188e+06	0
2.95198e+06	0
2.95208e+06	0
2.95218e+06	0
2.95228e+06	0
2.95238e+06	0
2.95248e+06	0
2.95258e+06	0
2.95268e+06	0
2.95278e+06	0
2.95288e+06	0
2.95298e+06	0
2.95308e+06	0
2.95318e+06	0
2.95328e+06	0
2.95338e+06	0
2.95348e+06	0
2.95358e+06	0
2.95368e+06	0
2.95378e+06	0
2.95388e+06	0
2.95398e+06	0
2.95408e+06	0
2.95418e+06	0
2.95428e+06	0
2.95438e+06	0
2.95448e+06	0
2.95458e+06	0
2.95468e+06	0
2.95478e+06	0
2.95488e+06	0
2.95498e+06	0
2.95508e+06	0
2.95518e+06	0
2.95528e+06	0
2.95538e+06	0
2.95548e+06	0
2.95558e+06	0
2.95568e+06	0
2.95578e+06	0
2.95588e+06	0
2.95598e+06	0
2.95608e+06	0
2.95618e+06	0
2.95628e+06	0
2.95638e+06	0
2.95648e+06	0
2.95658e+06	0
2.95668e+06	0
2.95678e+06	0
2.95688e+06	0
2.95698e+06	0
2.95708e+06	0
2.95718e+06	0
2.95728e+06	0
2.95738e+06	0
2.95748e+06	0
2.95758e+06	0
2.95768e+06	0
2.95778e+06	0
2.95788e+06	0
2.95798e+06	0
2.95808e+06	0
2.95818e+06	0
2.95828e+06	0
2.95838e+06	0
2.95848e+06	0
2.95858e+06	0
2.95868e+06	0
2.95878e+06	0
2.95888e+06	0
2.95898e+06	0
2.95908e+06	0
2.95918e+06	0
2.95928e+06	0
2.95938e+06	0
2.95948e+06	0
2.95958e+06	0
2.95968e+06	0
2.95978e+06	0
2.95988e+06	0
2.95998e+06	0
2.96008e+06	0
2.96018e+06	0
2.96028e+06	0
2.96038e+06	0
2.96048e+06	0
2.96058e+06	0
2.96068e+06	0
2.96078e+06	0
2.96088e+06	0
2.96098e+06	0
2.96108e+06	0
2.96118e+06	0
2.96128e+06	0
2.96138e+06	0
2.96148e+06	0
2.96158e+06	0
2.96168e+06	0
2.96178e+06	0
2.96188e+06	0
2.96198e+06	0
2.96208e+06	0
2.96218e+06	0
2.96228e+06	0
2.96238e+06	0
2.96248e+06	0
2.96258e+06	0
2.96268e+06	0
2.96278e+06	0
2.96288e+06	0
2.96298e+06	0
2.96308e+06	0
2.96318e+06	0
2.96328e+06	0
2.96338e+06	0
2.96348e+06	0
2.96358e+06	0
2.96368e+06	0
2.96378e+06	0
2.96388e+06	0
2.96398e+06	0
2.96408e+06	0
2.96418e+06	0
2.96428e+06	0
2.96438e+06	0
2.96448e+06	0
2.96458e+06	0
2.96468e+06	0
2.96478e+06	0
2.96488e+06	0
2.96498e+06	0
2.96508e+06	0
2.96518e+06	0
2.96528e+06	0
2.96538e+06	0
2.96548e+06	0
2.96558e+06	0
2.96568e+06	0
2.96578e+06	0
2.96588e+06	0
2.96598e+06	0
2.96608e+06	0
2.96618e+06	0
2.96628e+06	0
2.96638e+06	0
2.96648e+06	0
2.96658e+06	0
2.96668e+06	0
2.96678e+06	0
2.96688e+06	0
2.96698e+06	0
2.96708e+06	0
2.96718e+06	0
2.96728e+06	0
2.96738e+06	0
2.96748e+06	0
2.96758e+06	0
2.96768e+06	0
2.96778e+06	0
2.96788e+06	0
2.96798e+06	0
2.96808e+06	0
2.96818e+06	0
2.96828e+06	0
2.96838e+06	0
2.96848e+06	0
2.96858e+06	0
2.96868e+06	0
2.96878e+06	0
2.96888e+06	0
2.96898e+06	0
2.96908e+06	0
2.96918e+06	0
2.96928e+06	0
2.96938e+06	0
2.96948e+06	0
2.96958e+06	0
2.96968e+06	0
2.96978e+06	0
2.96988e+06	0
2.96998e+06	0
2.97008e+06	0
2.97018e+06	0
2.97028e+06	0
2.97038e+06	0
2.97048e+06	0
2.97058e+06	0
2.97068e+06	0
2.97078e+06	0
2.97088e+06	0
2.97098e+06	0
2.97108e+06	0
2.97118e+06	0
2.97128e+06	0
2.97138e+06	0
2.97148e+06	0
2.97158e+06	0
2.97168e+06	0
2.97178e+06	0
2.97188e+06	0
2.97198e+06	0
2.97208e+06	0
2.97218e+06	0
2.97228e+06	0
2.97238e+06	0
2.97248e+06	0
2.97258e+06	0
2.97268e+06	0
2.97278e+06	0
2.97288e+06	0
2.97298e+06	0
2.97308e+06	0
2.97318e+06	0
2.97328e+06	0
2.97338e+06	0
2.97348e+06	0
2.97358e+06	0
2.97368e+06	0
2.97378e+06	0
2.97388e+06	0
2.97398e+06	0
2.97408e+06	0
2.97418e+06	0
2.97428e+06	0
2.97438e+06	0
2.97448e+06	0
2.97458e+06	0
2.97468e+06	0
2.97478e+06	0
2.97488e+06	0
2.97498e+06	0
2.97508e+06	0
2.97518e+06	0
2.97528e+06	0
2.97538e+06	0
2.97548e+06	0
2.97558e+06	0
2.97568e+06	0
2.97578e+06	0
2.97588e+06	0
2.97598e+06	0
2.97608e+06	0
2.97618e+06	0
2.97628e+06	0
2.97638e+06	0
2.97648e+06	0
2.97658e+06	0
2.97668e+06	0
2.97678e+06	0
2.97688e+06	0
2.97698e+06	0
2.97708e+06	0
2.97718e+06	0
2.97728e+06	0
2.97738e+06	0
2.97748e+06	0
2.97758e+06	0
2.97768e+06	0
2.97778e+06	0
2.97788e+06	0
2.97798e+06	0
2.97808e+06	0
2.97818e+06	0
2.97828e+06	0
2.97838e+06	0
2.97848e+06	0
2.97858e+06	0
2.97868e+06	0
2.97878e+06	0
2.97888e+06	0
2.97898e+06	0
2.97908e+06	0
2.97918e+06	0
2.97928e+06	0
2.97938e+06	0
2.97948e+06	0
2.97958e+06	0
2.97968e+06	0
2.97978e+06	0
2.97988e+06	0
2.97998e+06	0
2.98008e+06	0
2.98018e+06	0
2.98028e+06	0
2.98038e+06	0
2.98048e+06	0
2.98058e+06	0
2.98068e+06	0
2.98078e+06	0
2.98088e+06	0
2.98098e+06	0
2.98108e+06	0
2.98118e+06	0
2.98128e+06	0
2.98138e+06	0
2.98148e+06	0
2.98158e+06	0
2.98168e+06	0
2.98178e+06	0
2.98188e+06	0
2.98198e+06	0
2.98208e+06	0
2.98218e+06	0
2.98228e+06	0
2.98238e+06	0
2.98248e+06	0
2.98258e+06	0
2.98268e+06	0
2.98278e+06	0
2.98288e+06	0
2.98298e+06	0
2.98308e+06	0
2.98318e+06	0
2.98328e+06	0
2.98338e+06	0
2.98348e+06	0
2.98358e+06	0
2.98368e+06	0
2.98378e+06	0
2.98388e+06	0
2.98398e+06	0
2.98408e+06	0
2.98418e+06	0
2.98428e+06	0
2.98438e+06	0
2.98448e+06	0
2.98458e+06	0
2.98468e+06	0
2.98478e+06	0
2.98488e+06	0
2.98498e+06	0
2.98508e+06	0
2.98518e+06	0
2.98528e+06	0
2.98538e+06	0
2.98548e+06	0
2.98558e+06	0
2.98568e+06	0
2.98578e+06	0
2.98588e+06	0
2.98598e+06	0
2.98608e+06	0
2.98618e+06	0
2.98628e+06	0
2.98638e+06	0
2.98648e+06	0
2.98658e+06	0
2.98668e+06	0
2.98678e+06	0
2.98688e+06	0
2.98698e+06	0
2.98708e+06	0
2.98718e+06	0
2.98728e+06	0
2.98738e+06	0
2.98748e+06	0
2.98758e+06	0
2.98768e+06	0
2.98778e+06	0
2.98788e+06	0
2.98798e+06	0
2.98808e+06	0
2.98818e+06	0
2.98828e+06	0
2.98838e+06	0
2.98848e+06	0
2.98858e+06	0
2.98868e+06	0
2.98878e+06	0
2.98888e+06	0
2.98898e+06	0
2.98908e+06	0
2.98918e+06	0
2.98928e+06	0
2.98938e+06	0
2.98948e+06	0
2.98958e+06	0
2.98968e+06	0
2.98978e+06	0
2.98988e+06	0
2.98998e+06	0
2.99008e+06	0
2.99018e+06	0
2.99028e+06	0
2.99038e+06	0
2.99048e+06	0
2.99058e+06	0
2.99068e+06	0
2.99078e+06	0
2.99088e+06	0
2.99098e+06	0
2.99108e+06	0
2.99118e+06	0
2.99128e+06	0
2.99138e+06	0
2.99148e+06	0
2.99158e+06	0
2.99168e+06	0
2.99178e+06	0
2.99188e+06	0
2.99198e+06	0
2.99208e+06	0
2.99218e+06	0
2.99228e+06	0
2.99238e+06	0
2.99248e+06	0
2.99258e+06	0
2.99268e+06	0
2.99278e+06	0
2.99288e+06	0
2.99298e+06	0
2.99308e+06	0
2.99318e+06	0
2.99328e+06	0
2.99338e+06	0
2.99348e+06	0
2.99358e+06	0
2.99368e+06	0
2.99378e+06	0
2.99388e+06	0
2.99398e+06	0
2.99408e+06	0
2.99418e+06	0
2.99428e+06	0
2.99438e+06	0
2.99448e+06	0
2.99458e+06	0
2.99468e+06	0
2.99478e+06	0
2.99488e+06	0
2.99498e+06	0
2.99508e+06	0
2.99518e+06	0
2.99528e+06	0
2.99538e+06	0
2.99548e+06	0
2.99558e+06	0
2.99568e+06	0
2.99578e+06	0
2.99588e+06	0
2.99598e+06	0
2.99608e+06	0
2.99618e+06	0
2.99628e+06	0
2.99638e+06	0
2.99648e+06	0
2.99658e+06	0
2.99668e+06	0
2.99678e+06	0
2.99688e+06	0
2.99698e+06	0
2.99708e+06	0
2.99718e+06	0
2.99728e+06	0
2.99738e+06	0
2.99748e+06	0
2.99758e+06	0
2.99768e+06	0
2.99778e+06	0
2.99788e+06	0
2.99798e+06	0
2.99808e+06	0
2.99818e+06	0
2.99828e+06	0
2.99838e+06	0
2.99848e+06	0
2.99858e+06	0
2.99868e+06	0
2.99878e+06	0
2.99888e+06	0
2.99898e+06	0
2.99908e+06	0
2.99918e+06	0
2.99928e+06	0
2.99938e+06	0
2.99948e+06	0
2.99958e+06	0
2.99968e+06	0
2.99978e+06	0
2.99988e+06	0
2.99998e+06	0
3.00008e+06	0
3.00018e+06	0
3.00028e+06	0
3.00038e+06	0
3.00048e+06	0
3.00058e+06	0
3.00068e+06	0
3.00078e+06	0
3.00088e+06	0
3.00098e+06	0
3.00108e+06	0
3.00118e+06	0
3.00128e+06	0
3.00138e+06	0
3.00148e+06	0
3.00158e+06	0
3.00168e+06	0
3.00178e+06	0
3.00188e+06	0
3.00198e+06	0
3.00208e+06	0
3.00218e+06	0
3.00228e+06	0
3.00238e+06	0
3.00248e+06	0
3.00258e+06	0
3.00268e+06	0
3.00278e+06	0
3.00288e+06	0
3.00298e+06	0
3.00308e+06	0
3.00318e+06	0
3.00328e+06	0
3.00338e+06	0
3.00348e+06	0
3.00358e+06	0
3.00368e+06	0
3.00378e+06	0
3.00388e+06	0
3.00398e+06	0
3.00408e+06	0
3.00418e+06	0
3.00428e+06	0
3.00438e+06	0
3.00448e+06	0
3.00458e+06	0
3.00468e+06	0
3.00478e+06	0
3.00488e+06	0
3.00498e+06	0
3.00508e+06	0
3.00518e+06	0
3.00528e+06	0
3.00538e+06	0
3.00548e+06	0
3.00558e+06	0
3.00568e+06	0
3.00578e+06	0
3.00588e+06	0
3.00598e+06	0
3.00608e+06	0
3.00618e+06	0
3.00628e+06	0
3.00638e+06	0
3.00648e+06	0
3.00658e+06	0
3.00668e+06	0
3.00678e+06	0
3.00688e+06	0
3.00698e+06	0
3.00708e+06	0
3.00718e+06	0
3.00728e+06	0
3.00738e+06	0
3.00748e+06	0
3.00758e+06	0
3.00768e+06	0
3.00778e+06	0
3.00788e+06	0
3.00798e+06	0
3.00808e+06	0
3.00818e+06	0
3.00828e+06	0
3.00838e+06	0
3.00848e+06	0
3.00858e+06	0
3.00868e+06	0
3.00878e+06	0
3.00888e+06	0
3.00898e+06	0
3.00908e+06	0
3.00918e+06	0
3.00928e+06	0
3.00938e+06	0
3.00948e+06	0
3.00958e+06	0
3.00968e+06	0
3.00978e+06	0
3.00988e+06	0
3.00998e+06	0
3.01008e+06	0
3.01018e+06	0
3.01028e+06	0
3.01038e+06	0
3.01048e+06	0
3.01058e+06	0
3.01068e+06	0
3.01078e+06	0
3.01088e+06	0
3.01098e+06	0
3.01108e+06	0
3.01118e+06	0
3.01128e+06	0
3.01138e+06	0
3.01148e+06	0
3.01158e+06	0
3.01168e+06	0
3.01178e+06	0
3.01188e+06	0
3.01198e+06	0
3.01208e+06	0
3.01218e+06	0
3.01228e+06	0
3.01238e+06	0
3.01248e+06	0
3.01258e+06	0
3.01268e+06	0
3.01278e+06	0
3.01288e+06	0
3.01298e+06	0
3.01308e+06	0
3.01318e+06	0
3.01328e+06	0
3.01338e+06	0
3.01348e+06	0
3.01358e+06	0
3.01368e+06	0
3.01378e+06	0
3.01388e+06	0
3.01398e+06	0
3.01408e+06	0
3.01418e+06	0
3.01428e+06	0
3.01438e+06	0
3.01448e+06	0
3.01458e+06	0
3.01468e+06	0
3.01478e+06	0
3.01488e+06	0
3.01498e+06	0
3.01508e+06	0
3.01518e+06	0
3.01528e+06	0
3.01538e+06	0
3.01548e+06	0
3.01558e+06	0
3.01568e+06	0
3.01578e+06	0
3.01588e+06	0
3.01598e+06	0
3.01608e+06	0
3.01618e+06	0
3.01628e+06	0
3.01638e+06	0
3.01648e+06	0
3.01658e+06	0
3.01668e+06	0
3.01678e+06	0
3.01688e+06	0
3.01698e+06	0
3.01708e+06	0
3.01718e+06	0
3.01728e+06	0
3.01738e+06	0
3.01748e+06	0
3.01758e+06	0
3.01768e+06	0
3.01778e+06	0
3.01788e+06	0
3.01798e+06	0
3.01808e+06	0
3.01818e+06	0
3.01828e+06	0
3.01838e+06	0
3.01848e+06	0
3.01858e+06	0
3.01868e+06	0
3.01878e+06	0
3.01888e+06	0
3.01898e+06	0
3.01908e+06	0
3.01918e+06	0
3.01928e+06	0
3.01938e+06	0
3.01948e+06	0
3.01958e+06	0
3.01968e+06	0
3.01978e+06	0
3.01988e+06	0
3.01998e+06	0
3.02008e+06	0
3.02018e+06	0
3.02028e+06	0
3.02038e+06	0
3.02048e+06	0
3.02058e+06	0
3.02068e+06	0
3.02078e+06	0
3.02088e+06	0
3.02098e+06	0
3.02108e+06	0
3.02118e+06	0
3.02128e+06	0
3.02138e+06	0
3.02148e+06	0
3.02158e+06	0
3.02168e+06	0
3.02178e+06	0
3.02188e+06	0
3.02198e+06	0
3.02208e+06	0
3.02218e+06	0
3.02228e+06	0
3.02238e+06	0
3.02248e+06	0
3.02258e+06	0
3.02268e+06	0
3.02278e+06	0
3.02288e+06	0
3.02298e+06	0
3.02308e+06	0
3.02318e+06	0
3.02328e+06	0
3.02338e+06	0
3.02348e+06	0
3.02358e+06	0
3.02368e+06	0
3.02378e+06	0
3.02388e+06	0
3.02398e+06	0
3.02408e+06	0
3.02418e+06	0
3.02428e+06	0
3.02438e+06	0
3.02448e+06	0
3.02458e+06	0
3.02468e+06	0
3.02478e+06	0
3.02488e+06	0
3.02498e+06	0
3.02508e+06	0
3.02518e+06	0
3.02528e+06	0
3.02538e+06	0
3.02548e+06	0
3.02558e+06	0
3.02568e+06	0
3.02578e+06	0
3.02588e+06	0
3.02598e+06	0
3.02608e+06	0
3.02618e+06	0
3.02628e+06	0
3.02638e+06	0
3.02648e+06	0
3.02658e+06	0
3.02668e+06	0
3.02678e+06	0
3.02688e+06	0
3.02698e+06	0
3.02708e+06	0
3.02718e+06	0
3.02728e+06	0
3.02738e+06	0
3.02748e+06	0
3.02758e+06	0
3.02768e+06	0
3.02778e+06	0
3.02788e+06	0
3.02798e+06	0
3.02808e+06	0
3.02818e+06	0
3.02828e+06	0
3.02838e+06	0
3.02848e+06	0
3.02858e+06	0
3.02868e+06	0
3.02878e+06	0
3.02888e+06	0
3.02898e+06	0
3.02908e+06	0
3.02918e+06	0
3.02928e+06	0
3.02938e+06	0
3.02948e+06	0
3.02958e+06	0
3.02968e+06	0
3.02978e+06	0
3.02988e+06	0
3.02998e+06	0
3.03008e+06	0
3.03018e+06	0
3.03028e+06	0
3.03038e+06	0
3.03048e+06	0
3.03058e+06	0
3.03068e+06	0
3.03078e+06	0
3.03088e+06	0
3.03098e+06	0
3.03108e+06	0
3.03118e+06	0
3.03128e+06	0
3.03138e+06	0
3.03148e+06	0
3.03158e+06	0
3.03168e+06	0
3.03178e+06	0
3.03188e+06	0
3.03198e+06	0
3.03208e+06	0
3.03218e+06	0
3.03228e+06	0
3.03238e+06	0
3.03248e+06	0
3.03258e+06	0
3.03268e+06	0
3.03278e+06	0
3.03288e+06	0
3.03298e+06	0
3.03308e+06	0
3.03318e+06	0
3.03328e+06	0
3.03338e+06	0
3.03348e+06	0
3.03358e+06	0
3.03368e+06	0
3.03378e+06	0
3.03388e+06	0
3.03398e+06	0
3.03408e+06	0
3.03418e+06	0
3.03428e+06	0
3.03438e+06	0
3.03448e+06	0
3.03458e+06	0
3.03468e+06	0
3.03478e+06	0
3.03488e+06	0
3.03498e+06	0
3.03508e+06	0
3.03518e+06	0
3.03528e+06	0
3.03538e+06	0
3.03548e+06	0
3.03558e+06	0
3.03568e+06	0
3.03578e+06	0
3.03588e+06	0
3.03598e+06	0
3.03608e+06	0
3.03618e+06	0
3.03628e+06	0
3.03638e+06	0
3.03648e+06	0
3.03658e+06	0
3.03668e+06	0
3.03678e+06	0
3.03688e+06	0
3.03698e+06	0
3.03708e+06	0
3.03718e+06	0
3.03728e+06	0
3.03738e+06	0
3.03748e+06	0
3.03758e+06	0
3.03768e+06	0
3.03778e+06	0
3.03788e+06	0
3.03798e+06	0
3.03808e+06	0
3.03818e+06	0
3.03828e+06	0
3.03838e+06	0
3.03848e+06	0
3.03858e+06	0
3.03868e+06	0
3.03878e+06	0
3.03888e+06	0
3.03898e+06	0
3.03908e+06	0
3.03918e+06	0
3.03928e+06	0
3.03938e+06	0
3.03948e+06	0
3.03958e+06	0
3.03968e+06	0
3.03978e+06	0
3.03988e+06	0
3.03998e+06	0
3.04008e+06	0
3.04018e+06	0
3.04028e+06	0
3.04038e+06	0
3.04048e+06	0
3.04058e+06	0
3.04068e+06	0
3.04078e+06	0
3.04088e+06	0
3.04098e+06	0
3.04108e+06	0
3.04118e+06	0
3.04128e+06	0
3.04138e+06	0
3.04148e+06	0
3.04158e+06	0
3.04168e+06	0
3.04178e+06	0
3.04188e+06	0
3.04198e+06	0
3.04208e+06	0
3.04218e+06	0
3.04228e+06	0
3.04238e+06	0
3.04248e+06	0
3.04258e+06	0
3.04268e+06	0
3.04278e+06	0
3.04288e+06	0
3.04298e+06	0
3.04308e+06	0
3.04318e+06	0
3.04328e+06	0
3.04338e+06	0
3.04348e+06	0
3.04358e+06	0
3.04368e+06	0
3.04378e+06	0
3.04388e+06	0
3.04398e+06	0
3.04408e+06	0
3.04418e+06	0
3.04428e+06	0
3.04438e+06	0
3.04448e+06	0
3.04458e+06	0
3.04468e+06	0
3.04478e+06	0
3.04488e+06	0
3.04498e+06	0
3.04508e+06	0
3.04518e+06	0
3.04528e+06	0
3.04538e+06	0
3.04548e+06	0
3.04558e+06	0
3.04568e+06	0
3.04578e+06	0
3.04588e+06	0
3.04598e+06	0
3.04608e+06	0
3.04618e+06	0
3.04628e+06	0
3.04638e+06	0
3.04648e+06	0
3.04658e+06	0
3.04668e+06	0
3.04678e+06	0
3.04688e+06	0
3.04698e+06	0
3.04708e+06	0
3.04718e+06	0
3.04728e+06	0
3.04738e+06	0
3.04748e+06	0
3.04758e+06	0
3.04768e+06	0
3.04778e+06	0
3.04788e+06	0
3.04798e+06	0
3.04808e+06	0
3.04818e+06	0
3.04828e+06	0
3.04838e+06	0
3.04848e+06	0
3.04858e+06	0
3.04868e+06	0
3.04878e+06	0
3.04888e+06	0
3.04898e+06	0
3.04908e+06	0
3.04918e+06	0
3.04928e+06	0
3.04938e+06	0
3.04948e+06	0
3.04958e+06	0
3.04968e+06	0
3.04978e+06	0
3.04988e+06	0
3.04998e+06	0
3.05008e+06	0
3.05018e+06	0
3.05028e+06	0
3.05038e+06	0
3.05048e+06	0
3.05058e+06	0
3.05068e+06	0
3.05078e+06	0
3.05088e+06	0
3.05098e+06	0
3.05108e+06	0
3.05118e+06	0
3.05128e+06	0
3.05138e+06	0
3.05148e+06	0
3.05158e+06	0
3.05168e+06	0
3.05178e+06	0
3.05188e+06	0
3.05198e+06	0
3.05208e+06	0
3.05218e+06	0
3.05228e+06	0
3.05238e+06	0
3.05248e+06	0
3.05258e+06	0
3.05268e+06	0
3.05278e+06	0
3.05288e+06	0
3.05298e+06	0
3.05308e+06	0
3.05318e+06	0
3.05328e+06	0
3.05338e+06	0
3.05348e+06	0
3.05358e+06	0
3.05368e+06	0
3.05378e+06	0
3.05388e+06	0
3.05398e+06	0
3.05408e+06	0
3.05418e+06	0
3.05428e+06	0
3.05438e+06	0
3.05448e+06	0
3.05458e+06	0
3.05468e+06	0
3.05478e+06	0
3.05488e+06	0
3.05498e+06	0
3.05508e+06	0
3.05518e+06	0
3.05528e+06	0
3.05538e+06	0
3.05548e+06	0
3.05558e+06	0
3.05568e+06	0
3.05578e+06	0
3.05588e+06	0
3.05598e+06	0
3.05608e+06	0
3.05618e+06	0
3.05628e+06	0
3.05638e+06	0
3.05648e+06	0
3.05658e+06	0
3.05668e+06	0
3.05678e+06	0
3.05688e+06	0
3.05698e+06	0
3.05708e+06	0
3.05718e+06	0
3.05728e+06	0
3.05738e+06	0
3.05748e+06	0
3.05758e+06	0
3.05768e+06	0
3.05778e+06	0
3.05788e+06	0
3.05798e+06	0
3.05808e+06	0
3.05818e+06	0
3.05828e+06	0
3.05838e+06	0
3.05848e+06	0
3.05858e+06	0
3.05868e+06	0
3.05878e+06	0
3.05888e+06	0
3.05898e+06	0
3.05908e+06	0
3.05918e+06	0
3.05928e+06	0
3.05938e+06	0
3.05948e+06	0
3.05958e+06	0
3.05968e+06	0
3.05978e+06	0
3.05988e+06	0
3.05998e+06	0
3.06008e+06	0
3.06018e+06	0
3.06028e+06	0
3.06038e+06	0
3.06048e+06	0
3.06058e+06	0
3.06068e+06	0
3.06078e+06	0
3.06088e+06	0
3.06098e+06	0
3.06108e+06	0
3.06118e+06	0
3.06128e+06	0
3.06138e+06	0
3.06148e+06	0
3.06158e+06	0
3.06168e+06	0
3.06178e+06	0
3.06188e+06	0
3.06198e+06	0
3.06208e+06	0
3.06218e+06	0
3.06228e+06	0
3.06238e+06	0
3.06248e+06	0
3.06258e+06	0
3.06268e+06	0
3.06278e+06	0
3.06288e+06	0
3.06298e+06	0
3.06308e+06	0
3.06318e+06	0
3.06328e+06	0
3.06338e+06	0
3.06348e+06	0
3.06358e+06	0
3.06368e+06	0
3.06378e+06	0
3.06388e+06	0
3.06398e+06	0
3.06408e+06	0
3.06418e+06	0
3.06428e+06	0
3.06438e+06	0
3.06448e+06	0
3.06458e+06	0
3.06468e+06	0
3.06478e+06	0
3.06488e+06	0
3.06498e+06	0
3.06508e+06	0
3.06518e+06	0
3.06528e+06	0
3.06538e+06	0
3.06548e+06	0
3.06558e+06	0
3.06568e+06	0
3.06578e+06	0
3.06588e+06	0
3.06598e+06	0
3.06608e+06	0
3.06618e+06	0
3.06628e+06	0
3.06638e+06	0
3.06648e+06	0
3.06658e+06	0
3.06668e+06	0
3.06678e+06	0
3.06688e+06	0
3.06698e+06	0
3.06708e+06	0
3.06718e+06	0
3.06728e+06	0
3.06738e+06	0
3.06748e+06	0
3.06758e+06	0
3.06768e+06	0
3.06778e+06	0
3.06788e+06	0
3.06798e+06	0
3.06808e+06	0
3.06818e+06	0
3.06828e+06	0
3.06838e+06	0
3.06848e+06	0
3.06858e+06	0
3.06868e+06	0
3.06878e+06	0
3.06888e+06	0
3.06898e+06	0
3.06908e+06	0
3.06918e+06	0
3.06928e+06	0
3.06938e+06	0
3.06948e+06	0
3.06958e+06	0
3.06968e+06	0
3.06978e+06	0
3.06988e+06	0
3.06998e+06	0
3.07008e+06	0
3.07018e+06	0
3.07028e+06	0
3.07038e+06	0
3.07048e+06	0
3.07058e+06	0
3.07068e+06	0
3.07078e+06	0
3.07088e+06	0
3.07098e+06	0
3.07108e+06	0
3.07118e+06	0
3.07128e+06	0
3.07138e+06	0
3.07148e+06	0
3.07158e+06	0
3.07168e+06	0
3.07178e+06	0
3.07188e+06	0
3.07198e+06	0
3.07208e+06	0
3.07218e+06	0
3.07228e+06	0
3.07238e+06	0
3.07248e+06	0
3.07258e+06	0
3.07268e+06	0
3.07278e+06	0
3.07288e+06	0
3.07298e+06	0
3.07308e+06	0
3.07318e+06	0
3.07328e+06	0
3.07338e+06	0
3.07348e+06	0
3.07358e+06	0
3.07368e+06	0
3.07378e+06	0
3.07388e+06	0
3.07398e+06	0
3.07408e+06	0
3.07418e+06	0
3.07428e+06	0
3.07438e+06	0
3.07448e+06	0
3.07458e+06	0
3.07468e+06	0
3.07478e+06	0
3.07488e+06	0
3.07498e+06	0
3.07508e+06	0
3.07518e+06	0
3.07528e+06	0
3.07538e+06	0
3.07548e+06	0
3.07558e+06	0
3.07568e+06	0
3.07578e+06	0
3.07588e+06	0
3.07598e+06	0
3.07608e+06	0
3.07618e+06	0
3.07628e+06	0
3.07638e+06	0
3.07648e+06	0
3.07658e+06	0
3.07668e+06	0
3.07678e+06	0
3.07688e+06	0
3.07698e+06	0
3.07708e+06	0
3.07718e+06	0
3.07728e+06	0
3.07738e+06	0
3.07748e+06	0
3.07758e+06	0
3.07768e+06	0
3.07778e+06	0
3.07788e+06	0
3.07798e+06	0
3.07808e+06	0
3.07818e+06	0
3.07828e+06	0
3.07838e+06	0
3.07848e+06	0
3.07858e+06	0
3.07868e+06	0
3.07878e+06	0
3.07888e+06	0
3.07898e+06	0
3.07908e+06	0
3.07918e+06	0
3.07928e+06	0
3.07938e+06	0
3.07948e+06	0
3.07958e+06	0
3.07968e+06	0
3.07978e+06	0
3.07988e+06	0
3.07998e+06	0
3.08008e+06	0
3.08018e+06	0
3.08028e+06	0
3.08038e+06	0
3.08048e+06	0
3.08058e+06	0
3.08068e+06	0
3.08078e+06	0
3.08088e+06	0
3.08098e+06	0
3.08108e+06	0
3.08118e+06	0
3.08128e+06	0
3.08138e+06	0
3.08148e+06	0
3.08158e+06	0
3.08168e+06	0
3.08178e+06	0
3.08188e+06	0
3.08198e+06	0
3.08208e+06	0
3.08218e+06	0
3.08228e+06	0
3.08238e+06	0
3.08248e+06	0
3.08258e+06	0
3.08268e+06	0
3.08278e+06	0
3.08288e+06	0
3.08298e+06	0
3.08308e+06	0
3.08318e+06	0
3.08328e+06	0
3.08338e+06	0
3.08348e+06	0
3.08358e+06	0
3.08368e+06	0
3.08378e+06	0
3.08388e+06	0
3.08398e+06	0
3.08408e+06	0
3.08418e+06	0
3.08428e+06	0
3.08438e+06	0
3.08448e+06	0
3.08458e+06	0
3.08468e+06	0
3.08478e+06	0
3.08488e+06	0
3.08498e+06	0
3.08508e+06	0
3.08518e+06	0
3.08528e+06	0
3.08538e+06	0
3.08548e+06	0
3.08558e+06	0
3.08568e+06	0
3.08578e+06	0
3.08588e+06	0
3.08598e+06	0
3.08608e+06	0
3.08618e+06	0
3.08628e+06	0
3.08638e+06	0
3.08648e+06	0
3.08658e+06	0
3.08668e+06	0
3.08678e+06	0
3.08688e+06	0
3.08698e+06	0
3.08708e+06	0
3.08718e+06	0
3.08728e+06	0
3.08738e+06	0
3.08748e+06	0
3.08758e+06	0
3.08768e+06	0
3.08778e+06	0
3.08788e+06	0
3.08798e+06	0
3.08808e+06	0
3.08818e+06	0
3.08828e+06	0
3.08838e+06	0
3.08848e+06	0
3.08858e+06	0
3.08868e+06	0
3.08878e+06	0
3.08888e+06	0
3.08898e+06	0
3.08908e+06	0
3.08918e+06	0
3.08928e+06	0
3.08938e+06	0
3.08948e+06	0
3.08958e+06	0
3.08968e+06	0
3.08978e+06	0
3.08988e+06	0
3.08998e+06	0
3.09008e+06	0
3.09018e+06	0
3.09028e+06	0
3.09038e+06	0
3.09048e+06	0
3.09058e+06	0
3.09068e+06	0
3.09078e+06	0
3.09088e+06	0
3.09098e+06	0
3.09108e+06	0
3.09118e+06	0
3.09128e+06	0
3.09138e+06	0
3.09148e+06	0
3.09158e+06	0
3.09168e+06	0
3.09178e+06	0
3.09188e+06	0
3.09198e+06	0
3.09208e+06	0
3.09218e+06	0
3.09228e+06	0
3.09238e+06	0
3.09248e+06	0
3.09258e+06	0
3.09268e+06	0
3.09278e+06	0
3.09288e+06	0
3.09298e+06	0
3.09308e+06	0
3.09318e+06	0
3.09328e+06	0
3.09338e+06	0
3.09348e+06	0
3.09358e+06	0
3.09368e+06	0
3.09378e+06	0
3.09388e+06	0
3.09398e+06	0
3.09408e+06	0
3.09418e+06	0
3.09428e+06	0
3.09438e+06	0
3.09448e+06	0
3.09458e+06	0
3.09468e+06	0
3.09478e+06	0
3.09488e+06	0
3.09498e+06	0
3.09508e+06	0
3.09518e+06	0
3.09528e+06	0
3.09538e+06	0
3.09548e+06	0
3.09558e+06	0
3.09568e+06	0
3.09578e+06	0
3.09588e+06	0
3.09598e+06	0
3.09608e+06	0
3.09618e+06	0
3.09628e+06	0
3.09638e+06	0
3.09648e+06	0
3.09658e+06	0
3.09668e+06	0
3.09678e+06	0
3.09688e+06	0
3.09698e+06	0
3.09708e+06	0
3.09718e+06	0
3.09728e+06	0
3.09738e+06	0
3.09748e+06	0
3.09758e+06	0
3.09768e+06	0
3.09778e+06	0
3.09788e+06	0
3.09798e+06	0
3.09808e+06	0
3.09818e+06	0
3.09828e+06	0
3.09838e+06	0
3.09848e+06	0
3.09858e+06	0
3.09868e+06	0
3.09878e+06	0
3.09888e+06	0
3.09898e+06	0
3.09908e+06	0
3.09918e+06	0
3.09928e+06	0
3.09938e+06	0
3.09948e+06	0
3.09958e+06	0
3.09968e+06	0
3.09978e+06	0
3.09988e+06	0
3.09998e+06	0
3.10008e+06	0
3.10018e+06	0
3.10028e+06	0
3.10038e+06	0
3.10048e+06	0
3.10058e+06	0
3.10068e+06	0
3.10078e+06	0
3.10088e+06	0
3.10098e+06	0
3.10108e+06	0
3.10118e+06	0
3.10128e+06	0
3.10138e+06	0
3.10148e+06	0
3.10158e+06	0
3.10168e+06	0
3.10178e+06	0
3.10188e+06	0
3.10198e+06	0
3.10208e+06	0
3.10218e+06	0
3.10228e+06	0
3.10238e+06	0
3.10248e+06	0
3.10258e+06	0
3.10268e+06	0
3.10278e+06	0
3.10288e+06	0
3.10298e+06	0
3.10308e+06	0
3.10318e+06	0
3.10328e+06	0
3.10338e+06	0
3.10348e+06	0
3.10358e+06	0
3.10368e+06	0
3.10378e+06	0
3.10388e+06	0
3.10398e+06	0
3.10408e+06	0
3.10418e+06	0
3.10428e+06	0
3.10438e+06	0
3.10448e+06	0
3.10458e+06	0
3.10468e+06	0
3.10478e+06	0
3.10488e+06	0
3.10498e+06	0
3.10508e+06	0
3.10518e+06	0
3.10528e+06	0
3.10538e+06	0
3.10548e+06	0
3.10558e+06	0
3.10568e+06	0
3.10578e+06	0
3.10588e+06	0
3.10598e+06	0
3.10608e+06	0
3.10618e+06	0
3.10628e+06	0
3.10638e+06	0
3.10648e+06	0
3.10658e+06	0
3.10668e+06	0
3.10678e+06	0
3.10688e+06	0
3.10698e+06	0
3.10708e+06	0
3.10718e+06	0
3.10728e+06	0
3.10738e+06	0
3.10748e+06	0
3.10758e+06	0
3.10768e+06	0
3.10778e+06	0
3.10788e+06	0
3.10798e+06	0
3.10808e+06	0
3.10818e+06	0
3.10828e+06	0
3.10838e+06	0
3.10848e+06	0
3.10858e+06	0
3.10868e+06	0
3.10878e+06	0
3.10888e+06	0
3.10898e+06	0
3.10908e+06	0
3.10918e+06	0
3.10928e+06	0
3.10938e+06	0
3.10948e+06	0
3.10958e+06	0
3.10968e+06	0
3.10978e+06	0
3.10988e+06	0
3.10998e+06	0
3.11008e+06	0
3.11018e+06	0
3.11028e+06	0
3.11038e+06	0
3.11048e+06	0
3.11058e+06	0
3.11068e+06	0
3.11078e+06	0
3.11088e+06	0
3.11098e+06	0
3.11108e+06	0
3.11118e+06	0
3.11128e+06	0
3.11138e+06	0
3.11148e+06	0
3.11158e+06	0
3.11168e+06	0
3.11178e+06	0
3.11188e+06	0
3.11198e+06	0
3.11208e+06	0
3.11218e+06	0
3.11228e+06	0
3.11238e+06	0
3.11248e+06	0
3.11258e+06	0
3.11268e+06	0
3.11278e+06	0
3.11288e+06	0
3.11298e+06	0
3.11308e+06	0
3.11318e+06	0
3.11328e+06	0
3.11338e+06	0
3.11348e+06	0
3.11358e+06	0
3.11368e+06	0
3.11378e+06	0
3.11388e+06	0
3.11398e+06	0
3.11408e+06	0
3.11418e+06	0
3.11428e+06	0
3.11438e+06	0
3.11448e+06	0
3.11458e+06	0
3.11468e+06	0
3.11478e+06	0
3.11488e+06	0
3.11498e+06	0
3.11508e+06	0
3.11518e+06	0
3.11528e+06	0
3.11538e+06	0
3.11548e+06	0
3.11558e+06	0
3.11568e+06	0
3.11578e+06	0
3.11588e+06	0
3.11598e+06	0
3.11608e+06	0
3.11618e+06	0
3.11628e+06	0
3.11638e+06	0
3.11648e+06	0
3.11658e+06	0
3.11668e+06	0
3.11678e+06	0
3.11688e+06	0
3.11698e+06	0
3.11708e+06	0
3.11718e+06	0
3.11728e+06	0
3.11738e+06	0
3.11748e+06	0
3.11758e+06	0
3.11768e+06	0
3.11778e+06	0
3.11788e+06	0
3.11798e+06	0
3.11808e+06	0
3.11818e+06	0
3.11828e+06	0
3.11838e+06	0
3.11848e+06	0
3.11858e+06	0
3.11868e+06	0
3.11878e+06	0
3.11888e+06	0
3.11898e+06	0
3.11908e+06	0
3.11918e+06	0
3.11928e+06	0
3.11938e+06	0
3.11948e+06	0
3.11958e+06	0
3.11968e+06	0
3.11978e+06	0
3.11988e+06	0
3.11998e+06	0
3.12008e+06	0
3.12018e+06	0
3.12028e+06	0
3.12038e+06	0
3.12048e+06	0
3.12058e+06	0
3.12068e+06	0
3.12078e+06	0
3.12088e+06	0
3.12098e+06	0
3.12108e+06	0
3.12118e+06	0
3.12128e+06	0
3.12138e+06	0
3.12148e+06	0
3.12158e+06	0
3.12168e+06	0
3.12178e+06	0
3.12188e+06	0
3.12198e+06	0
3.12208e+06	0
3.12218e+06	0
3.12228e+06	0
3.12238e+06	0
3.12248e+06	0
3.12258e+06	0
3.12268e+06	0
3.12278e+06	0
3.12288e+06	0
3.12298e+06	0
3.12308e+06	0
3.12318e+06	0
3.12328e+06	0
3.12338e+06	0
3.12348e+06	0
3.12358e+06	0
3.12368e+06	0
3.12378e+06	0
3.12388e+06	0
3.12398e+06	0
3.12408e+06	0
3.12418e+06	0
3.12428e+06	0
3.12438e+06	0
3.12448e+06	0
3.12458e+06	0
3.12468e+06	0
3.12478e+06	0
3.12488e+06	0
3.12498e+06	0
3.12508e+06	0
3.12518e+06	0
3.12528e+06	0
3.12538e+06	0
3.12548e+06	0
3.12558e+06	0
3.12568e+06	0
3.12578e+06	0
3.12588e+06	0
3.12598e+06	0
3.12608e+06	0
3.12618e+06	0
3.12628e+06	0
3.12638e+06	0
3.12648e+06	0
3.12658e+06	0
3.12668e+06	0
3.12678e+06	0
3.12688e+06	0
3.12698e+06	0
3.12708e+06	0
3.12718e+06	0
3.12728e+06	0
3.12738e+06	0
3.12748e+06	0
3.12758e+06	0
3.12768e+06	0
3.12778e+06	0
3.12788e+06	0
3.12798e+06	0
3.12808e+06	0
3.12818e+06	0
3.12828e+06	0
3.12838e+06	0
3.12848e+06	0
3.12858e+06	0
3.12868e+06	0
3.12878e+06	0
3.12888e+06	0
3.12898e+06	0
3.12908e+06	0
3.12918e+06	0
3.12928e+06	0
3.12938e+06	0
3.12948e+06	0
3.12958e+06	0
3.12968e+06	0
3.12978e+06	0
3.12988e+06	0
3.12998e+06	0
3.13008e+06	0
3.13018e+06	0
3.13028e+06	0
3.13038e+06	0
3.13048e+06	0
3.13058e+06	0
3.13068e+06	0
3.13078e+06	0
3.13088e+06	0
3.13098e+06	0
3.13108e+06	0
3.13118e+06	0
3.13128e+06	0
3.13138e+06	0
3.13148e+06	0
3.13158e+06	0
3.13168e+06	0
3.13178e+06	0
3.13188e+06	0
3.13198e+06	0
3.13208e+06	0
3.13218e+06	0
3.13228e+06	0
3.13238e+06	0
3.13248e+06	0
3.13258e+06	0
3.13268e+06	0
3.13278e+06	0
3.13288e+06	0
3.13298e+06	0
3.13308e+06	0
3.13318e+06	0
3.13328e+06	0
3.13338e+06	0
3.13348e+06	0
3.13358e+06	0
3.13368e+06	0
3.13378e+06	0
3.13388e+06	0
3.13398e+06	0
3.13408e+06	0
3.13418e+06	0
3.13428e+06	0
3.13438e+06	0
3.13448e+06	0
3.13458e+06	0
3.13468e+06	0
3.13478e+06	0
3.13488e+06	0
3.13498e+06	0
3.13508e+06	0
3.13518e+06	0
3.13528e+06	0
3.13538e+06	0
3.13548e+06	0
3.13558e+06	0
3.13568e+06	0
3.13578e+06	0
3.13588e+06	0
3.13598e+06	0
3.13608e+06	0
3.13618e+06	0
3.13628e+06	0
3.13638e+06	0
3.13648e+06	0
3.13658e+06	0
3.13668e+06	0
3.13678e+06	0
3.13688e+06	0
3.13698e+06	0
3.13708e+06	0
3.13718e+06	0
3.13728e+06	0
3.13738e+06	0
3.13748e+06	0
3.13758e+06	0
3.13768e+06	0
3.13778e+06	0
3.13788e+06	0
3.13798e+06	0
3.13808e+06	0
3.13818e+06	0
3.13828e+06	0
3.13838e+06	0
3.13848e+06	0
3.13858e+06	0
3.13868e+06	0
3.13878e+06	0
3.13888e+06	0
3.13898e+06	0
3.13908e+06	0
3.13918e+06	0
3.13928e+06	0
3.13938e+06	0
3.13948e+06	0
3.13958e+06	0
3.13968e+06	0
3.13978e+06	0
3.13988e+06	0
3.13998e+06	0
3.14008e+06	0
3.14018e+06	0
3.14028e+06	0
3.14038e+06	0
3.14048e+06	0
3.14058e+06	0
3.14068e+06	0
3.14078e+06	0
3.14088e+06	0
3.14098e+06	0
3.14108e+06	0
3.14118e+06	0
3.14128e+06	0
3.14138e+06	0
3.14148e+06	0
3.14158e+06	0
3.14168e+06	0
3.14178e+06	0
3.14188e+06	0
3.14198e+06	0
3.14208e+06	0
3.14218e+06	0
3.14228e+06	0
3.14238e+06	0
3.14248e+06	0
3.14258e+06	0
3.14268e+06	0
3.14278e+06	0
3.14288e+06	0
3.14298e+06	0
3.14308e+06	0
3.14318e+06	0
3.14328e+06	0
3.14338e+06	0
3.14348e+06	0
3.14358e+06	0
3.14368e+06	0
3.14378e+06	0
3.14388e+06	0
3.14398e+06	0
3.14408e+06	0
3.14418e+06	0
3.14428e+06	0
3.14438e+06	0
3.14448e+06	0
3.14458e+06	0
3.14468e+06	0
3.14478e+06	0
3.14488e+06	0
3.14498e+06	0
3.14508e+06	0
3.14518e+06	0
3.14528e+06	0
3.14538e+06	0
3.14548e+06	0
3.14558e+06	0
3.14568e+06	0
3.14578e+06	0
3.14588e+06	0
3.14598e+06	0
3.14608e+06	0
3.14618e+06	0
3.14628e+06	0
3.14638e+06	0
3.14648e+06	0
3.14658e+06	0
3.14668e+06	0
3.14678e+06	0
3.14688e+06	0
3.14698e+06	0
3.14708e+06	0
3.14718e+06	0
3.14728e+06	0
3.14738e+06	0
3.14748e+06	0
3.14758e+06	0
3.14768e+06	0
3.14778e+06	0
3.14788e+06	0
3.14798e+06	0
3.14808e+06	0
3.14818e+06	0
3.14828e+06	0
3.14838e+06	0
3.14848e+06	0
3.14858e+06	0
3.14868e+06	0
3.14878e+06	0
3.14888e+06	0
3.14898e+06	0
3.14908e+06	0
3.14918e+06	0
3.14928e+06	0
3.14938e+06	0
3.14948e+06	0
3.14958e+06	0
3.14968e+06	0
3.14978e+06	0
3.14988e+06	0
3.14998e+06	0
3.15008e+06	0
3.15018e+06	0
3.15028e+06	0
3.15038e+06	0
3.15048e+06	0
3.15058e+06	0
3.15068e+06	0
3.15078e+06	0
3.15088e+06	0
3.15098e+06	0
3.15108e+06	0
3.15118e+06	0
3.15128e+06	0
3.15138e+06	0
3.15148e+06	0
3.15158e+06	0
3.15168e+06	0
3.15178e+06	0
3.15188e+06	0
3.15198e+06	0
3.15208e+06	0
3.15218e+06	0
3.15228e+06	0
3.15238e+06	0
3.15248e+06	0
3.15258e+06	0
3.15268e+06	0
3.15278e+06	0
3.15288e+06	0
3.15298e+06	0
3.15308e+06	0
3.15318e+06	0
3.15328e+06	0
3.15338e+06	0
3.15348e+06	0
3.15358e+06	0
3.15368e+06	0
3.15378e+06	0
3.15388e+06	0
3.15398e+06	0
3.15408e+06	0
3.15418e+06	0
3.15428e+06	0
3.15438e+06	0
3.15448e+06	0
3.15458e+06	0
3.15468e+06	0
3.15478e+06	0
3.15488e+06	0
3.15498e+06	0
3.15508e+06	0
3.15518e+06	0
3.15528e+06	0
3.15538e+06	0
3.15548e+06	0
3.15558e+06	0
3.15568e+06	0
3.15578e+06	0
3.15588e+06	0
3.15598e+06	0
3.15608e+06	0
3.15618e+06	0
3.15628e+06	0
3.15638e+06	0
3.15648e+06	0
3.15658e+06	0
3.15668e+06	0
3.15678e+06	0
3.15688e+06	0
3.15698e+06	0
3.15708e+06	0
3.15718e+06	0
3.15728e+06	0
3.15738e+06	0
3.15748e+06	0
3.15758e+06	0
3.15768e+06	0
3.15778e+06	0
3.15788e+06	0
3.15798e+06	0
3.15808e+06	0
3.15818e+06	0
3.15828e+06	0
3.15838e+06	0
3.15848e+06	0
3.15858e+06	0
3.15868e+06	0
3.15878e+06	0
3.15888e+06	0
3.15898e+06	0
3.15908e+06	0
3.15918e+06	0
3.15928e+06	0
3.15938e+06	0
3.15948e+06	0
3.15958e+06	0
3.15968e+06	0
3.15978e+06	0
3.15988e+06	0
3.15998e+06	0
3.16008e+06	0
3.16018e+06	0
3.16028e+06	0
3.16038e+06	0
3.16048e+06	0
3.16058e+06	0
3.16068e+06	0
3.16078e+06	0
3.16088e+06	0
3.16098e+06	0
3.16108e+06	0
3.16118e+06	0
3.16128e+06	0
3.16138e+06	0
3.16148e+06	0
3.16158e+06	0
3.16168e+06	0
3.16178e+06	0
3.16188e+06	0
3.16198e+06	0
3.16208e+06	0
3.16218e+06	0
3.16228e+06	0
3.16238e+06	0
3.16248e+06	0
3.16258e+06	0
3.16268e+06	0
3.16278e+06	0
3.16288e+06	0
3.16298e+06	0
3.16308e+06	0
3.16318e+06	0
3.16328e+06	0
3.16338e+06	0
3.16348e+06	0
3.16358e+06	0
3.16368e+06	0
3.16378e+06	0
3.16388e+06	0
3.16398e+06	0
3.16408e+06	0
3.16418e+06	0
3.16428e+06	0
3.16438e+06	0
3.16448e+06	0
3.16458e+06	0
3.16468e+06	0
3.16478e+06	0
3.16488e+06	0
3.16498e+06	0
3.16508e+06	0
3.16518e+06	0
3.16528e+06	0
3.16538e+06	0
3.16548e+06	0
3.16558e+06	0
3.16568e+06	0
3.16578e+06	0
3.16588e+06	0
3.16598e+06	0
3.16608e+06	0
3.16618e+06	0
3.16628e+06	0
3.16638e+06	0
3.16648e+06	0
3.16658e+06	0
3.16668e+06	0
3.16678e+06	0
3.16688e+06	0
3.16698e+06	0
3.16708e+06	0
3.16718e+06	0
3.16728e+06	0
3.16738e+06	0
3.16748e+06	0
3.16758e+06	0
3.16768e+06	0
3.16778e+06	0
3.16788e+06	0
3.16798e+06	0
3.16808e+06	0
3.16818e+06	0
3.16828e+06	0
3.16838e+06	0
3.16848e+06	0
3.16858e+06	0
3.16868e+06	0
3.16878e+06	0
3.16888e+06	0
3.16898e+06	0
3.16908e+06	0
3.16918e+06	0
3.16928e+06	0
3.16938e+06	0
3.16948e+06	0
3.16958e+06	0
3.16968e+06	0
3.16978e+06	0
3.16988e+06	0
3.16998e+06	0
3.17008e+06	0
3.17018e+06	0
3.17028e+06	0
3.17038e+06	0
3.17048e+06	0
3.17058e+06	0
3.17068e+06	0
3.17078e+06	0
3.17088e+06	0
3.17098e+06	0
3.17108e+06	0
3.17118e+06	0
3.17128e+06	0
3.17138e+06	0
3.17148e+06	0
3.17158e+06	0
3.17168e+06	0
3.17178e+06	0
3.17188e+06	0
3.17198e+06	0
3.17208e+06	0
3.17218e+06	0
3.17228e+06	0
3.17238e+06	0
3.17248e+06	0
3.17258e+06	0
3.17268e+06	0
3.17278e+06	0
3.17288e+06	0
3.17298e+06	0
3.17308e+06	0
3.17318e+06	0
3.17328e+06	0
3.17338e+06	0
3.17348e+06	0
3.17358e+06	0
3.17368e+06	0
3.17378e+06	0
3.17388e+06	0
3.17398e+06	0
3.17408e+06	0
3.17418e+06	0
3.17428e+06	0
3.17438e+06	0
3.17448e+06	0
3.17458e+06	0
3.17468e+06	0
3.17478e+06	0
3.17488e+06	0
3.17498e+06	0
3.17508e+06	0
3.17518e+06	0
3.17528e+06	0
3.17538e+06	0
3.17548e+06	0
3.17558e+06	0
3.17568e+06	0
3.17578e+06	0
3.17588e+06	0
3.17598e+06	0
3.17608e+06	0
3.17618e+06	0
3.17628e+06	0
3.17638e+06	0
3.17648e+06	0
3.17658e+06	0
3.17668e+06	0
3.17678e+06	0
3.17688e+06	0
3.17698e+06	0
3.17708e+06	0
3.17718e+06	0
3.17728e+06	0
3.17738e+06	0
3.17748e+06	0
3.17758e+06	0
3.17768e+06	0
3.17778e+06	0
3.17788e+06	0
3.17798e+06	0
3.17808e+06	0
3.17818e+06	0
3.17828e+06	0
3.17838e+06	0
3.17848e+06	0
3.17858e+06	0
3.17868e+06	0
3.17878e+06	0
3.17888e+06	0
3.17898e+06	0
3.17908e+06	0
3.17918e+06	0
3.17928e+06	0
3.17938e+06	0
3.17948e+06	0
3.17958e+06	0
3.17968e+06	0
3.17978e+06	0
3.17988e+06	0
3.17998e+06	0
3.18008e+06	0
3.18018e+06	0
3.18028e+06	0
3.18038e+06	0
3.18048e+06	0
3.18058e+06	0
3.18068e+06	0
3.18078e+06	0
3.18088e+06	0
3.18098e+06	0
3.18108e+06	0
3.18118e+06	0
3.18128e+06	0
3.18138e+06	0
3.18148e+06	0
3.18158e+06	0
3.18168e+06	0
3.18178e+06	0
3.18188e+06	0
3.18198e+06	0
3.18208e+06	0
3.18218e+06	0
3.18228e+06	0
3.18238e+06	0
3.18248e+06	0
3.18258e+06	0
3.18268e+06	0
3.18278e+06	0
3.18288e+06	0
3.18298e+06	0
3.18308e+06	0
3.18318e+06	0
3.18328e+06	0
3.18338e+06	0
3.18348e+06	0
3.18358e+06	0
3.18368e+06	0
3.18378e+06	0
3.18388e+06	0
3.18398e+06	0
3.18408e+06	0
3.18418e+06	0
3.18428e+06	0
3.18438e+06	0
3.18448e+06	0
3.18458e+06	0
3.18468e+06	0
3.18478e+06	0
3.18488e+06	0
3.18498e+06	0
3.18508e+06	0
3.18518e+06	0
3.18528e+06	0
3.18538e+06	0
3.18548e+06	0
3.18558e+06	0
3.18568e+06	0
3.18578e+06	0
3.18588e+06	0
3.18598e+06	0
3.18608e+06	0
3.18618e+06	0
3.18628e+06	0
3.18638e+06	0
3.18648e+06	0
3.18658e+06	0
3.18668e+06	0
3.18678e+06	0
3.18688e+06	0
3.18698e+06	0
3.18708e+06	0
3.18718e+06	0
3.18728e+06	0
3.18738e+06	0
3.18748e+06	0
3.18758e+06	0
3.18768e+06	0
3.18778e+06	0
3.18788e+06	0
3.18798e+06	0
3.18808e+06	0
3.18818e+06	0
3.18828e+06	0
3.18838e+06	0
3.18848e+06	0
3.18858e+06	0
3.18868e+06	0
3.18878e+06	0
3.18888e+06	0
3.18898e+06	0
3.18908e+06	0
3.18918e+06	0
3.18928e+06	0
3.18938e+06	0
3.18948e+06	0
3.18958e+06	0
3.18968e+06	0
3.18978e+06	0
3.18988e+06	0
3.18998e+06	0
3.19008e+06	0
3.19018e+06	0
3.19028e+06	0
3.19038e+06	0
3.19048e+06	0
3.19058e+06	0
3.19068e+06	0
3.19078e+06	0
3.19088e+06	0
3.19098e+06	0
3.19108e+06	0
3.19118e+06	0
3.19128e+06	0
3.19138e+06	0
3.19148e+06	0
3.19158e+06	0
3.19168e+06	0
3.19178e+06	0
3.19188e+06	0
3.19198e+06	0
3.19208e+06	0
3.19218e+06	0
3.19228e+06	0
3.19238e+06	0
3.19248e+06	0
3.19258e+06	0
3.19268e+06	0
3.19278e+06	0
3.19288e+06	0
3.19298e+06	0
3.19308e+06	0
3.19318e+06	0
3.19328e+06	0
3.19338e+06	0
3.19348e+06	0
3.19358e+06	0
3.19368e+06	0
3.19378e+06	0
3.19388e+06	0
3.19398e+06	0
3.19408e+06	0
3.19418e+06	0
3.19428e+06	0
3.19438e+06	0
3.19448e+06	0
3.19458e+06	0
3.19468e+06	0
3.19478e+06	0
3.19488e+06	0
3.19498e+06	0
3.19508e+06	0
3.19518e+06	0
3.19528e+06	0
3.19538e+06	0
3.19548e+06	0
3.19558e+06	0
3.19568e+06	0
3.19578e+06	0
3.19588e+06	0
3.19598e+06	0
3.19608e+06	0
3.19618e+06	0
3.19628e+06	0
3.19638e+06	0
3.19648e+06	0
3.19658e+06	0
3.19668e+06	0
3.19678e+06	0
3.19688e+06	0
3.19698e+06	0
3.19708e+06	0
3.19718e+06	0
3.19728e+06	0
3.19738e+06	0
3.19748e+06	0
3.19758e+06	0
3.19768e+06	0
3.19778e+06	0
3.19788e+06	0
3.19798e+06	0
3.19808e+06	0
3.19818e+06	0
3.19828e+06	0
3.19838e+06	0
3.19848e+06	0
3.19858e+06	0
3.19868e+06	0
3.19878e+06	0
3.19888e+06	0
3.19898e+06	0
3.19908e+06	0
3.19918e+06	0
3.19928e+06	0
3.19938e+06	0
3.19948e+06	0
3.19958e+06	0
3.19968e+06	0
3.19978e+06	0
3.19988e+06	0
3.19998e+06	0
3.20008e+06	0
3.20018e+06	0
3.20028e+06	0
3.20038e+06	0
3.20048e+06	0
3.20058e+06	0
3.20068e+06	0
3.20078e+06	0
3.20088e+06	0
3.20098e+06	0
3.20108e+06	0
3.20118e+06	0
3.20128e+06	0
3.20138e+06	0
3.20148e+06	0
3.20158e+06	0
3.20168e+06	0
3.20178e+06	0
3.20188e+06	0
3.20198e+06	0
3.20208e+06	0
3.20218e+06	0
3.20228e+06	0
3.20238e+06	0
3.20248e+06	0
3.20258e+06	0
3.20268e+06	0
3.20278e+06	0
3.20288e+06	0
3.20298e+06	0
3.20308e+06	0
3.20318e+06	0
3.20328e+06	0
3.20338e+06	0
3.20348e+06	0
3.20358e+06	0
3.20368e+06	0
3.20378e+06	0
3.20388e+06	0
3.20398e+06	0
3.20408e+06	0
3.20418e+06	0
3.20428e+06	0
3.20438e+06	0
3.20448e+06	0
3.20458e+06	0
3.20468e+06	0
3.20478e+06	0
3.20488e+06	0
3.20498e+06	0
3.20508e+06	0
3.20518e+06	0
3.20528e+06	0
3.20538e+06	0
3.20548e+06	0
3.20558e+06	0
3.20568e+06	0
3.20578e+06	0
3.20588e+06	0
3.20598e+06	0
3.20608e+06	0
3.20618e+06	0
3.20628e+06	0
3.20638e+06	0
3.20648e+06	0
3.20658e+06	0
3.20668e+06	0
3.20678e+06	0
3.20688e+06	0
3.20698e+06	0
3.20708e+06	0
3.20718e+06	0
3.20728e+06	0
3.20738e+06	0
3.20748e+06	0
3.20758e+06	0
3.20768e+06	0
3.20778e+06	0
3.20788e+06	0
3.20798e+06	0
3.20808e+06	0
3.20818e+06	0
3.20828e+06	0
3.20838e+06	0
3.20848e+06	0
3.20858e+06	0
3.20868e+06	0
3.20878e+06	0
3.20888e+06	0
3.20898e+06	0
3.20908e+06	0
3.20918e+06	0
3.20928e+06	0
3.20938e+06	0
3.20948e+06	0
3.20958e+06	0
3.20968e+06	0
3.20978e+06	0
3.20988e+06	0
3.20998e+06	0
3.21008e+06	0
3.21018e+06	0
3.21028e+06	0
3.21038e+06	0
3.21048e+06	0
3.21058e+06	0
3.21068e+06	0
3.21078e+06	0
3.21088e+06	0
3.21098e+06	0
3.21108e+06	0
3.21118e+06	0
3.21128e+06	0
3.21138e+06	0
3.21148e+06	0
3.21158e+06	0
3.21168e+06	0
3.21178e+06	0
3.21188e+06	0
3.21198e+06	0
3.21208e+06	0
3.21218e+06	0
3.21228e+06	0
3.21238e+06	0
3.21248e+06	0
3.21258e+06	0
3.21268e+06	0
3.21278e+06	0
3.21288e+06	0
3.21298e+06	0
3.21308e+06	0
3.21318e+06	0
3.21328e+06	0
3.21338e+06	0
3.21348e+06	0
3.21358e+06	0
3.21368e+06	0
3.21378e+06	0
3.21388e+06	0
3.21398e+06	0
3.21408e+06	0
3.21418e+06	0
3.21428e+06	0
3.21438e+06	0
3.21448e+06	0
3.21458e+06	0
3.21468e+06	0
3.21478e+06	0
3.21488e+06	0
3.21498e+06	0
3.21508e+06	0
3.21518e+06	0
3.21528e+06	0
3.21538e+06	0
3.21548e+06	0
3.21558e+06	0
3.21568e+06	0
3.21578e+06	0
3.21588e+06	0
3.21598e+06	0
3.21608e+06	0
3.21618e+06	0
3.21628e+06	0
3.21638e+06	0
3.21648e+06	0
3.21658e+06	0
3.21668e+06	0
3.21678e+06	0
3.21688e+06	0
3.21698e+06	0
3.21708e+06	0
3.21718e+06	0
3.21728e+06	0
3.21738e+06	0
3.21748e+06	0
3.21758e+06	0
3.21768e+06	0
3.21778e+06	0
3.21788e+06	0
3.21798e+06	0
3.21808e+06	0
3.21818e+06	0
3.21828e+06	0
3.21838e+06	0
3.21848e+06	0
3.21858e+06	0
3.21868e+06	0
3.21878e+06	0
3.21888e+06	0
3.21898e+06	0
3.21908e+06	0
3.21918e+06	0
3.21928e+06	0
3.21938e+06	0
3.21948e+06	0
3.21958e+06	0
3.21968e+06	0
3.21978e+06	0
3.21988e+06	0
3.21998e+06	0
3.22008e+06	0
3.22018e+06	0
3.22028e+06	0
3.22038e+06	0
3.22048e+06	0
3.22058e+06	0
3.22068e+06	0
3.22078e+06	0
3.22088e+06	0
3.22098e+06	0
3.22108e+06	0
3.22118e+06	0
3.22128e+06	0
3.22138e+06	0
3.22148e+06	0
3.22158e+06	0
3.22168e+06	0
3.22178e+06	0
3.22188e+06	0
3.22198e+06	0
3.22208e+06	0
3.22218e+06	0
3.22228e+06	0
3.22238e+06	0
3.22248e+06	0
3.22258e+06	0
3.22268e+06	0
3.22278e+06	0
3.22288e+06	0
3.22298e+06	0
3.22308e+06	0
3.22318e+06	0
3.22328e+06	0
3.22338e+06	0
3.22348e+06	0
3.22358e+06	0
3.22368e+06	0
3.22378e+06	0
3.22388e+06	0
3.22398e+06	0
3.22408e+06	0
3.22418e+06	0
3.22428e+06	0
3.22438e+06	0
3.22448e+06	0
3.22458e+06	0
3.22468e+06	0
3.22478e+06	0
3.22488e+06	0
3.22498e+06	0
3.22508e+06	0
3.22518e+06	0
3.22528e+06	0
3.22538e+06	0
3.22548e+06	0
3.22558e+06	0
3.22568e+06	0
3.22578e+06	0
3.22588e+06	0
3.22598e+06	0
3.22608e+06	0
3.22618e+06	0
3.22628e+06	0
3.22638e+06	0
3.22648e+06	0
3.22658e+06	0
3.22668e+06	0
3.22678e+06	0
3.22688e+06	0
3.22698e+06	0
3.22708e+06	0
3.22718e+06	0
3.22728e+06	0
3.22738e+06	0
3.22748e+06	0
3.22758e+06	0
3.22768e+06	0
3.22778e+06	0
3.22788e+06	0
3.22798e+06	0
3.22808e+06	0
3.22818e+06	0
3.22828e+06	0
3.22838e+06	0
3.22848e+06	0
3.22858e+06	0
3.22868e+06	0
3.22878e+06	0
3.22888e+06	0
3.22898e+06	0
3.22908e+06	0
3.22918e+06	0
3.22928e+06	0
3.22938e+06	0
3.22948e+06	0
3.22958e+06	0
3.22968e+06	0
3.22978e+06	0
3.22988e+06	0
3.22998e+06	0
3.23008e+06	0
3.23018e+06	0
3.23028e+06	0
3.23038e+06	0
3.23048e+06	0
3.23058e+06	0
3.23068e+06	0
3.23078e+06	0
3.23088e+06	0
3.23098e+06	0
3.23108e+06	0
3.23118e+06	0
3.23128e+06	0
3.23138e+06	0
3.23148e+06	0
3.23158e+06	0
3.23168e+06	0
3.23178e+06	0
3.23188e+06	0
3.23198e+06	0
3.23208e+06	0
3.23218e+06	0
3.23228e+06	0
3.23238e+06	0
3.23248e+06	0
3.23258e+06	0
3.23268e+06	0
3.23278e+06	0
3.23288e+06	0
3.23298e+06	0
3.23308e+06	0
3.23318e+06	0
3.23328e+06	0
3.23338e+06	0
3.23348e+06	0
3.23358e+06	0
3.23368e+06	0
3.23378e+06	0
3.23388e+06	0
3.23398e+06	0
3.23408e+06	0
3.23418e+06	0
3.23428e+06	0
3.23438e+06	0
3.23448e+06	0
3.23458e+06	0
3.23468e+06	0
3.23478e+06	0
3.23488e+06	0
3.23498e+06	0
3.23508e+06	0
3.23518e+06	0
3.23528e+06	0
3.23538e+06	0
3.23548e+06	0
3.23558e+06	0
3.23568e+06	0
3.23578e+06	0
3.23588e+06	0
3.23598e+06	0
3.23608e+06	0
3.23618e+06	0
3.23628e+06	0
3.23638e+06	0
3.23648e+06	0
3.23658e+06	0
3.23668e+06	0
3.23678e+06	0
3.23688e+06	0
3.23698e+06	0
3.23708e+06	0
3.23718e+06	0
3.23728e+06	0
3.23738e+06	0
3.23748e+06	0
3.23758e+06	0
3.23768e+06	0
3.23778e+06	0
3.23788e+06	0
3.23798e+06	0
3.23808e+06	0
3.23818e+06	0
3.23828e+06	0
3.23838e+06	0
3.23848e+06	0
3.23858e+06	0
3.23868e+06	0
3.23878e+06	0
3.23888e+06	0
3.23898e+06	0
3.23908e+06	0
3.23918e+06	0
3.23928e+06	0
3.23938e+06	0
3.23948e+06	0
3.23958e+06	0
3.23968e+06	0
3.23978e+06	0
3.23988e+06	0
3.23998e+06	0
3.24008e+06	0
3.24018e+06	0
3.24028e+06	0
3.24038e+06	0
3.24048e+06	0
3.24058e+06	0
3.24068e+06	0
3.24078e+06	0
3.24088e+06	0
3.24098e+06	0
3.24108e+06	0
3.24118e+06	0
3.24128e+06	0
3.24138e+06	0
3.24148e+06	0
3.24158e+06	0
3.24168e+06	0
3.24178e+06	0
3.24188e+06	0
3.24198e+06	0
3.24208e+06	0
3.24218e+06	0
3.24228e+06	0
3.24238e+06	0
3.24248e+06	0
3.24258e+06	0
3.24268e+06	0
3.24278e+06	0
3.24288e+06	0
3.24298e+06	0
3.24308e+06	0
3.24318e+06	0
3.24328e+06	0
3.24338e+06	0
3.24348e+06	0
3.24358e+06	0
3.24368e+06	0
3.24378e+06	0
3.24388e+06	0
3.24398e+06	0
3.24408e+06	0
3.24418e+06	0
3.24428e+06	0
3.24438e+06	0
3.24448e+06	0
3.24458e+06	0
3.24468e+06	0
3.24478e+06	0
3.24488e+06	0
3.24498e+06	0
3.24508e+06	0
3.24518e+06	0
3.24528e+06	0
3.24538e+06	0
3.24548e+06	0
3.24558e+06	0
3.24568e+06	0
3.24578e+06	0
3.24588e+06	0
3.24598e+06	0
3.24608e+06	0
3.24618e+06	0
3.24628e+06	0
3.24638e+06	0
3.24648e+06	0
3.24658e+06	0
3.24668e+06	0
3.24678e+06	0
3.24688e+06	0
3.24698e+06	0
3.24708e+06	0
3.24718e+06	0
3.24728e+06	0
3.24738e+06	0
3.24748e+06	0
3.24758e+06	0
3.24768e+06	0
3.24778e+06	0
3.24788e+06	0
3.24798e+06	0
3.24808e+06	0
3.24818e+06	0
3.24828e+06	0
3.24838e+06	0
3.24848e+06	0
3.24858e+06	0
3.24868e+06	0
3.24878e+06	0
3.24888e+06	0
3.24898e+06	0
3.24908e+06	0
3.24918e+06	0
3.24928e+06	0
3.24938e+06	0
3.24948e+06	0
3.24958e+06	0
3.24968e+06	0
3.24978e+06	0
3.24988e+06	0
3.24998e+06	0
3.25008e+06	0
3.25018e+06	0
3.25028e+06	0
3.25038e+06	0
3.25048e+06	0
3.25058e+06	0
3.25068e+06	0
3.25078e+06	0
3.25088e+06	0
3.25098e+06	0
3.25108e+06	0
3.25118e+06	0
3.25128e+06	0
3.25138e+06	0
3.25148e+06	0
3.25158e+06	0
3.25168e+06	0
3.25178e+06	0
3.25188e+06	0
3.25198e+06	0
3.25208e+06	0
3.25218e+06	0
3.25228e+06	0
3.25238e+06	0
3.25248e+06	0
3.25258e+06	0
3.25268e+06	0
3.25278e+06	0
3.25288e+06	0
3.25298e+06	0
3.25308e+06	0
3.25318e+06	0
3.25328e+06	0
3.25338e+06	0
3.25348e+06	0
3.25358e+06	0
3.25368e+06	0
3.25378e+06	0
3.25388e+06	0
3.25398e+06	0
3.25408e+06	0
3.25418e+06	0
3.25428e+06	0
3.25438e+06	0
3.25448e+06	0
3.25458e+06	0
3.25468e+06	0
3.25478e+06	0
3.25488e+06	0
3.25498e+06	0
3.25508e+06	0
3.25518e+06	0
3.25528e+06	0
3.25538e+06	0
3.25548e+06	0
3.25558e+06	0
3.25568e+06	0
3.25578e+06	0
3.25588e+06	0
3.25598e+06	0
3.25608e+06	0
3.25618e+06	0
3.25628e+06	0
3.25638e+06	0
3.25648e+06	0
3.25658e+06	0
3.25668e+06	0
3.25678e+06	0
3.25688e+06	0
3.25698e+06	0
3.25708e+06	0
3.25718e+06	0
3.25728e+06	0
3.25738e+06	0
3.25748e+06	0
3.25758e+06	0
3.25768e+06	0
3.25778e+06	0
3.25788e+06	0
3.25798e+06	0
3.25808e+06	0
3.25818e+06	0
3.25828e+06	0
3.25838e+06	0
3.25848e+06	0
3.25858e+06	0
3.25868e+06	0
3.25878e+06	0
3.25888e+06	0
3.25898e+06	0
3.25908e+06	0
3.25918e+06	0
3.25928e+06	0
3.25938e+06	0
3.25948e+06	0
3.25958e+06	0
3.25968e+06	0
3.25978e+06	0
3.25988e+06	0
3.25998e+06	0
3.26008e+06	0
3.26018e+06	0
3.26028e+06	0
3.26038e+06	0
3.26048e+06	0
3.26058e+06	0
3.26068e+06	0
3.26078e+06	0
3.26088e+06	0
3.26098e+06	0
3.26108e+06	0
3.26118e+06	0
3.26128e+06	0
3.26138e+06	0
3.26148e+06	0
3.26158e+06	0
3.26168e+06	0
3.26178e+06	0
3.26188e+06	0
3.26198e+06	0
3.26208e+06	0
3.26218e+06	0
3.26228e+06	0
3.26238e+06	0
3.26248e+06	0
3.26258e+06	0
3.26268e+06	0
3.26278e+06	0
3.26288e+06	0
3.26298e+06	0
3.26308e+06	0
3.26318e+06	0
3.26328e+06	0
3.26338e+06	0
3.26348e+06	0
3.26358e+06	0
3.26368e+06	0
3.26378e+06	0
3.26388e+06	0
3.26398e+06	0
3.26408e+06	0
3.26418e+06	0
3.26428e+06	0
3.26438e+06	0
3.26448e+06	0
3.26458e+06	0
3.26468e+06	0
3.26478e+06	0
3.26488e+06	0
3.26498e+06	0
3.26508e+06	0
3.26518e+06	0
3.26528e+06	0
3.26538e+06	0
3.26548e+06	0
3.26558e+06	0
3.26568e+06	0
3.26578e+06	0
3.26588e+06	0
3.26598e+06	0
3.26608e+06	0
3.26618e+06	0
3.26628e+06	0
3.26638e+06	0
3.26648e+06	0
3.26658e+06	0
3.26668e+06	0
3.26678e+06	0
3.26688e+06	0
3.26698e+06	0
3.26708e+06	0
3.26718e+06	0
3.26728e+06	0
3.26738e+06	0
3.26748e+06	0
3.26758e+06	0
3.26768e+06	0
3.26778e+06	0
3.26788e+06	0
3.26798e+06	0
3.26808e+06	0
3.26818e+06	0
3.26828e+06	0
3.26838e+06	0
3.26848e+06	0
3.26858e+06	0
3.26868e+06	0
3.26878e+06	0
3.26888e+06	0
3.26898e+06	0
3.26908e+06	0
3.26918e+06	0
3.26928e+06	0
3.26938e+06	0
3.26948e+06	0
3.26958e+06	0
3.26968e+06	0
3.26978e+06	0
3.26988e+06	0
3.26998e+06	0
3.27008e+06	0
3.27018e+06	0
3.27028e+06	0
3.27038e+06	0
3.27048e+06	0
3.27058e+06	0
3.27068e+06	0
3.27078e+06	0
3.27088e+06	0
3.27098e+06	0
3.27108e+06	0
3.27118e+06	0
3.27128e+06	0
3.27138e+06	0
3.27148e+06	0
3.27158e+06	0
3.27168e+06	0
3.27178e+06	0
3.27188e+06	0
3.27198e+06	0
3.27208e+06	0
3.27218e+06	0
3.27228e+06	0
3.27238e+06	0
3.27248e+06	0
3.27258e+06	0
3.27268e+06	0
3.27278e+06	0
3.27288e+06	0
3.27298e+06	0
3.27308e+06	0
3.27318e+06	0
3.27328e+06	0
3.27338e+06	0
3.27348e+06	0
3.27358e+06	0
3.27368e+06	0
3.27378e+06	0
3.27388e+06	0
3.27398e+06	0
3.27408e+06	0
3.27418e+06	0
3.27428e+06	0
3.27438e+06	0
3.27448e+06	0
3.27458e+06	0
3.27468e+06	0
3.27478e+06	0
3.27488e+06	0
3.27498e+06	0
3.27508e+06	0
3.27518e+06	0
3.27528e+06	0
3.27538e+06	0
3.27548e+06	0
3.27558e+06	0
3.27568e+06	0
3.27578e+06	0
3.27588e+06	0
3.27598e+06	0
3.27608e+06	0
3.27618e+06	0
3.27628e+06	0
3.27638e+06	0
3.27648e+06	0
3.27658e+06	0
3.27668e+06	0
3.27678e+06	0
3.27688e+06	0
3.27698e+06	0
3.27708e+06	0
3.27718e+06	0
3.27728e+06	0
3.27738e+06	0
3.27748e+06	0
3.27758e+06	0
3.27768e+06	0
3.27778e+06	0
3.27788e+06	0
3.27798e+06	0
3.27808e+06	0
3.27818e+06	0
3.27828e+06	0
3.27838e+06	0
3.27848e+06	0
3.27858e+06	0
3.27868e+06	0
3.27878e+06	0
3.27888e+06	0
3.27898e+06	0
3.27908e+06	0
3.27918e+06	0
3.27928e+06	0
3.27938e+06	0
3.27948e+06	0
3.27958e+06	0
3.27968e+06	0
3.27978e+06	0
3.27988e+06	0
3.27998e+06	0
3.28008e+06	0
3.28018e+06	0
3.28028e+06	0
3.28038e+06	0
3.28048e+06	0
3.28058e+06	0
3.28068e+06	0
3.28078e+06	0
3.28088e+06	0
3.28098e+06	0
3.28108e+06	0
3.28118e+06	0
3.28128e+06	0
3.28138e+06	0
3.28148e+06	0
3.28158e+06	0
3.28168e+06	0
3.28178e+06	0
3.28188e+06	0
3.28198e+06	0
3.28208e+06	0
3.28218e+06	0
3.28228e+06	0
3.28238e+06	0
3.28248e+06	0
3.28258e+06	0
3.28268e+06	0
3.28278e+06	0
3.28288e+06	0
3.28298e+06	0
3.28308e+06	0
3.28318e+06	0
3.28328e+06	0
3.28338e+06	0
3.28348e+06	0
3.28358e+06	0
3.28368e+06	0
3.28378e+06	0
3.28388e+06	0
3.28398e+06	0
3.28408e+06	0
3.28418e+06	0
3.28428e+06	0
3.28438e+06	0
3.28448e+06	0
3.28458e+06	0
3.28468e+06	0
3.28478e+06	0
3.28488e+06	0
3.28498e+06	0
3.28508e+06	0
3.28518e+06	0
3.28528e+06	0
3.28538e+06	0
3.28548e+06	0
3.28558e+06	0
3.28568e+06	0
3.28578e+06	0
3.28588e+06	0
3.28598e+06	0
3.28608e+06	0
3.28618e+06	0
3.28628e+06	0
3.28638e+06	0
3.28648e+06	0
3.28658e+06	0
3.28668e+06	0
3.28678e+06	0
3.28688e+06	0
3.28698e+06	0
3.28708e+06	0
3.28718e+06	0
3.28728e+06	0
3.28738e+06	0
3.28748e+06	0
3.28758e+06	0
3.28768e+06	0
3.28778e+06	0
3.28788e+06	0
3.28798e+06	0
3.28808e+06	0
3.28818e+06	0
3.28828e+06	0
3.28838e+06	0
3.28848e+06	0
3.28858e+06	0
3.28868e+06	0
3.28878e+06	0
3.28888e+06	0
3.28898e+06	0
3.28908e+06	0
3.28918e+06	0
3.28928e+06	0
3.28938e+06	0
3.28948e+06	0
3.28958e+06	0
3.28968e+06	0
3.28978e+06	0
3.28988e+06	0
3.28998e+06	0
3.29008e+06	0
3.29018e+06	0
3.29028e+06	0
3.29038e+06	0
3.29048e+06	0
3.29058e+06	0
3.29068e+06	0
3.29078e+06	0
3.29088e+06	0
3.29098e+06	0
3.29108e+06	0
3.29118e+06	0
3.29128e+06	0
3.29138e+06	0
3.29148e+06	0
3.29158e+06	0
3.29168e+06	0
3.29178e+06	0
3.29188e+06	0
3.29198e+06	0
3.29208e+06	0
3.29218e+06	0
3.29228e+06	0
3.29238e+06	0
3.29248e+06	0
3.29258e+06	0
3.29268e+06	0
3.29278e+06	0
3.29288e+06	0
3.29298e+06	0
3.29308e+06	0
3.29318e+06	0
3.29328e+06	0
3.29338e+06	0
3.29348e+06	0
3.29358e+06	0
3.29368e+06	0
3.29378e+06	0
3.29388e+06	0
3.29398e+06	0
3.29408e+06	0
3.29418e+06	0
3.29428e+06	0
3.29438e+06	0
3.29448e+06	0
3.29458e+06	0
3.29468e+06	0
3.29478e+06	0
3.29488e+06	0
3.29498e+06	0
3.29508e+06	0
3.29518e+06	0
3.29528e+06	0
3.29538e+06	0
3.29548e+06	0
3.29558e+06	0
3.29568e+06	0
3.29578e+06	0
3.29588e+06	0
3.29598e+06	0
3.29608e+06	0
3.29618e+06	0
3.29628e+06	0
3.29638e+06	0
3.29648e+06	0
3.29658e+06	0
3.29668e+06	0
3.29678e+06	0
3.29688e+06	0
3.29698e+06	0
3.29708e+06	0
3.29718e+06	0
3.29728e+06	0
3.29738e+06	0
3.29748e+06	0
3.29758e+06	0
3.29768e+06	0
3.29778e+06	0
3.29788e+06	0
3.29798e+06	0
3.29808e+06	0
3.29818e+06	0
3.29828e+06	0
3.29838e+06	0
3.29848e+06	0
3.29858e+06	0
3.29868e+06	0
3.29878e+06	0
3.29888e+06	0
3.29898e+06	0
3.29908e+06	0
3.29918e+06	0
3.29928e+06	0
3.29938e+06	0
3.29948e+06	0
3.29958e+06	0
3.29968e+06	0
3.29978e+06	0
3.29988e+06	0
3.29998e+06	0
3.30008e+06	0
3.30018e+06	0
3.30028e+06	0
3.30038e+06	0
3.30048e+06	0
3.30058e+06	0
3.30068e+06	0
3.30078e+06	0
3.30088e+06	0
3.30098e+06	0
3.30108e+06	0
3.30118e+06	0
3.30128e+06	0
3.30138e+06	0
3.30148e+06	0
3.30158e+06	0
3.30168e+06	0
3.30178e+06	0
3.30188e+06	0
3.30198e+06	0
3.30208e+06	0
3.30218e+06	0
3.30228e+06	0
3.30238e+06	0
3.30248e+06	0
3.30258e+06	0
3.30268e+06	0
3.30278e+06	0
3.30288e+06	0
3.30298e+06	0
3.30308e+06	0
3.30318e+06	0
3.30328e+06	0
3.30338e+06	0
3.30348e+06	0
3.30358e+06	0
3.30368e+06	0
3.30378e+06	0
3.30388e+06	0
3.30398e+06	0
3.30408e+06	0
3.30418e+06	0
3.30428e+06	0
3.30438e+06	0
3.30448e+06	0
3.30458e+06	0
3.30468e+06	0
3.30478e+06	0
3.30488e+06	0
3.30498e+06	0
3.30508e+06	0
3.30518e+06	0
3.30528e+06	0
3.30538e+06	0
3.30548e+06	0
3.30558e+06	0
3.30568e+06	0
3.30578e+06	0
3.30588e+06	0
3.30598e+06	0
3.30608e+06	0
3.30618e+06	0
3.30628e+06	0
3.30638e+06	0
3.30648e+06	0
3.30658e+06	0
3.30668e+06	0
3.30678e+06	0
3.30688e+06	0
3.30698e+06	0
3.30708e+06	0
3.30718e+06	0
3.30728e+06	0
3.30738e+06	0
3.30748e+06	0
3.30758e+06	0
3.30768e+06	0
3.30778e+06	0
3.30788e+06	0
3.30798e+06	0
3.30808e+06	0
3.30818e+06	0
3.30828e+06	0
3.30838e+06	0
3.30848e+06	0
3.30858e+06	0
3.30868e+06	0
3.30878e+06	0
3.30888e+06	0
3.30898e+06	0
3.30908e+06	0
3.30918e+06	0
3.30928e+06	0
3.30938e+06	0
3.30948e+06	0
3.30958e+06	0
3.30968e+06	0
3.30978e+06	0
3.30988e+06	0
3.30998e+06	0
3.31008e+06	0
3.31018e+06	0
3.31028e+06	0
3.31038e+06	0
3.31048e+06	0
3.31058e+06	0
3.31068e+06	0
3.31078e+06	0
3.31088e+06	0
3.31098e+06	0
3.31108e+06	0
3.31118e+06	0
3.31128e+06	0
3.31138e+06	0
3.31148e+06	0
3.31158e+06	0
3.31168e+06	0
3.31178e+06	0
3.31188e+06	0
3.31198e+06	0
3.31208e+06	0
3.31218e+06	0
3.31228e+06	0
3.31238e+06	0
3.31248e+06	0
3.31258e+06	0
3.31268e+06	0
3.31278e+06	0
3.31288e+06	0
3.31298e+06	0
3.31308e+06	0
3.31318e+06	0
3.31328e+06	0
3.31338e+06	0
3.31348e+06	0
3.31358e+06	0
3.31368e+06	0
3.31378e+06	0
3.31388e+06	0
3.31398e+06	0
3.31408e+06	0
3.31418e+06	0
3.31428e+06	0
3.31438e+06	0
3.31448e+06	0
3.31458e+06	0
3.31468e+06	0
3.31478e+06	0
3.31488e+06	0
3.31498e+06	0
3.31508e+06	0
3.31518e+06	0
3.31528e+06	0
3.31538e+06	0
3.31548e+06	0
3.31558e+06	0
3.31568e+06	0
3.31578e+06	0
3.31588e+06	0
3.31598e+06	0
3.31608e+06	0
3.31618e+06	0
3.31628e+06	0
3.31638e+06	0
3.31648e+06	0
3.31658e+06	0
3.31668e+06	0
3.31678e+06	0
3.31688e+06	0
3.31698e+06	0
3.31708e+06	0
3.31718e+06	0
3.31728e+06	0
3.31738e+06	0
3.31748e+06	0
3.31758e+06	0
3.31768e+06	0
3.31778e+06	0
3.31788e+06	0
3.31798e+06	0
3.31808e+06	0
3.31818e+06	0
3.31828e+06	0
3.31838e+06	0
3.31848e+06	0
3.31858e+06	0
3.31868e+06	0
3.31878e+06	0
3.31888e+06	0
3.31898e+06	0
3.31908e+06	0
3.31918e+06	0
3.31928e+06	0
3.31938e+06	0
3.31948e+06	0
3.31958e+06	0
3.31968e+06	0
3.31978e+06	0
3.31988e+06	0
3.31998e+06	0
3.32008e+06	0
3.32018e+06	0
3.32028e+06	0
3.32038e+06	0
3.32048e+06	0
3.32058e+06	0
3.32068e+06	0
3.32078e+06	0
3.32088e+06	0
3.32098e+06	0
3.32108e+06	0
3.32118e+06	0
3.32128e+06	0
3.32138e+06	0
3.32148e+06	0
3.32158e+06	0
3.32168e+06	0
3.32178e+06	0
3.32188e+06	0
3.32198e+06	0
3.32208e+06	0
3.32218e+06	0
3.32228e+06	0
3.32238e+06	0
3.32248e+06	0
3.32258e+06	0
3.32268e+06	0
3.32278e+06	0
3.32288e+06	0
3.32298e+06	0
3.32308e+06	0
3.32318e+06	0
3.32328e+06	0
3.32338e+06	0
3.32348e+06	0
3.32358e+06	0
3.32368e+06	0
3.32378e+06	0
3.32388e+06	0
3.32398e+06	0
3.32408e+06	0
3.32418e+06	0
3.32428e+06	0
3.32438e+06	0
3.32448e+06	0
3.32458e+06	0
3.32468e+06	0
3.32478e+06	0
3.32488e+06	0
3.32498e+06	0
3.32508e+06	0
3.32518e+06	0
3.32528e+06	0
3.32538e+06	0
3.32548e+06	0
3.32558e+06	0
3.32568e+06	0
3.32578e+06	0
3.32588e+06	0
3.32598e+06	0
3.32608e+06	0
3.32618e+06	0
3.32628e+06	0
3.32638e+06	0
3.32648e+06	0
3.32658e+06	0
3.32668e+06	0
3.32678e+06	0
3.32688e+06	0
3.32698e+06	0
3.32708e+06	0
3.32718e+06	0
3.32728e+06	0
3.32738e+06	0
3.32748e+06	0
3.32758e+06	0
3.32768e+06	0
3.32778e+06	0
3.32788e+06	0
3.32798e+06	0
3.32808e+06	0
3.32818e+06	0
3.32828e+06	0
3.32838e+06	0
3.32848e+06	0
3.32858e+06	0
3.32868e+06	0
3.32878e+06	0
3.32888e+06	0
3.32898e+06	0
3.32908e+06	0
3.32918e+06	0
3.32928e+06	0
3.32938e+06	0
3.32948e+06	0
3.32958e+06	0
3.32968e+06	0
3.32978e+06	0
3.32988e+06	0
3.32998e+06	0
3.33008e+06	0
3.33018e+06	0
3.33028e+06	0
3.33038e+06	0
3.33048e+06	0
3.33058e+06	0
3.33068e+06	0
3.33078e+06	0
3.33088e+06	0
3.33098e+06	0
3.33108e+06	0
3.33118e+06	0
3.33128e+06	0
3.33138e+06	0
3.33148e+06	0
3.33158e+06	0
3.33168e+06	0
3.33178e+06	0
3.33188e+06	0
3.33198e+06	0
3.33208e+06	0
3.33218e+06	0
3.33228e+06	0
3.33238e+06	0
3.33248e+06	0
3.33258e+06	0
3.33268e+06	0
3.33278e+06	0
3.33288e+06	0
3.33298e+06	0
3.33308e+06	0
3.33318e+06	0
3.33328e+06	0
3.33338e+06	0
3.33348e+06	0
3.33358e+06	0
3.33368e+06	0
3.33378e+06	0
3.33388e+06	0
3.33398e+06	0
3.33408e+06	0
3.33418e+06	0
3.33428e+06	0
3.33438e+06	0
3.33448e+06	0
3.33458e+06	0
3.33468e+06	0
3.33478e+06	0
3.33488e+06	0
3.33498e+06	0
3.33508e+06	0
3.33518e+06	0
3.33528e+06	0
3.33538e+06	0
3.33548e+06	0
3.33558e+06	0
3.33568e+06	0
3.33578e+06	0
3.33588e+06	0
3.33598e+06	0
3.33608e+06	0
3.33618e+06	0
3.33628e+06	0
3.33638e+06	0
3.33648e+06	0
3.33658e+06	0
3.33668e+06	0
3.33678e+06	0
3.33688e+06	0
3.33698e+06	0
3.33708e+06	0
3.33718e+06	0
3.33728e+06	0
3.33738e+06	0
3.33748e+06	0
3.33758e+06	0
3.33768e+06	0
3.33778e+06	0
3.33788e+06	0
3.33798e+06	0
3.33808e+06	0
3.33818e+06	0
3.33828e+06	0
3.33838e+06	0
3.33848e+06	0
3.33858e+06	0
3.33868e+06	0
3.33878e+06	0
3.33888e+06	0
3.33898e+06	0
3.33908e+06	0
3.33918e+06	0
3.33928e+06	0
3.33938e+06	0
3.33948e+06	0
3.33958e+06	0
3.33968e+06	0
3.33978e+06	0
3.33988e+06	0
3.33998e+06	0
3.34008e+06	0
3.34018e+06	0
3.34028e+06	0
3.34038e+06	0
3.34048e+06	0
3.34058e+06	0
3.34068e+06	0
3.34078e+06	0
3.34088e+06	0
3.34098e+06	0
3.34108e+06	0
3.34118e+06	0
3.34128e+06	0
3.34138e+06	0
3.34148e+06	0
3.34158e+06	0
3.34168e+06	0
3.34178e+06	0
3.34188e+06	0
3.34198e+06	0
3.34208e+06	0
3.34218e+06	0
3.34228e+06	0
3.34238e+06	0
3.34248e+06	0
3.34258e+06	0
3.34268e+06	0
3.34278e+06	0
3.34288e+06	0
3.34298e+06	0
3.34308e+06	0
3.34318e+06	0
3.34328e+06	0
3.34338e+06	0
3.34348e+06	0
3.34358e+06	0
3.34368e+06	0
3.34378e+06	0
3.34388e+06	0
3.34398e+06	0
3.34408e+06	0
3.34418e+06	0
3.34428e+06	0
3.34438e+06	0
3.34448e+06	0
3.34458e+06	0
3.34468e+06	0
3.34478e+06	0
3.34488e+06	0
3.34498e+06	0
3.34508e+06	0
3.34518e+06	0
3.34528e+06	0
3.34538e+06	0
3.34548e+06	0
3.34558e+06	0
3.34568e+06	0
3.34578e+06	0
3.34588e+06	0
3.34598e+06	0
3.34608e+06	0
3.34618e+06	0
3.34628e+06	0
3.34638e+06	0
3.34648e+06	0
3.34658e+06	0
3.34668e+06	0
3.34678e+06	0
3.34688e+06	0
3.34698e+06	0
3.34708e+06	0
3.34718e+06	0
3.34728e+06	0
3.34738e+06	0
3.34748e+06	0
3.34758e+06	0
3.34768e+06	0
3.34778e+06	0
3.34788e+06	0
3.34798e+06	0
3.34808e+06	0
3.34818e+06	0
3.34828e+06	0
3.34838e+06	0
3.34848e+06	0
3.34858e+06	0
3.34868e+06	0
3.34878e+06	0
3.34888e+06	0
3.34898e+06	0
3.34908e+06	0
3.34918e+06	0
3.34928e+06	0
3.34938e+06	0
3.34948e+06	0
3.34958e+06	0
3.34968e+06	0
3.34978e+06	0
3.34988e+06	0
3.34998e+06	0
3.35008e+06	0
3.35018e+06	0
3.35028e+06	0
3.35038e+06	0
3.35048e+06	0
3.35058e+06	0
3.35068e+06	0
3.35078e+06	0
3.35088e+06	0
3.35098e+06	0
3.35108e+06	0
3.35118e+06	0
3.35128e+06	0
3.35138e+06	0
3.35148e+06	0
3.35158e+06	0
3.35168e+06	0
3.35178e+06	0
3.35188e+06	0
3.35198e+06	0
3.35208e+06	0
3.35218e+06	0
3.35228e+06	0
3.35238e+06	0
3.35248e+06	0
3.35258e+06	0
3.35268e+06	0
3.35278e+06	0
3.35288e+06	0
3.35298e+06	0
3.35308e+06	0
3.35318e+06	0
3.35328e+06	0
3.35338e+06	0
3.35348e+06	0
3.35358e+06	0
3.35368e+06	0
3.35378e+06	0
3.35388e+06	0
3.35398e+06	0
3.35408e+06	0
3.35418e+06	0
3.35428e+06	0
3.35438e+06	0
3.35448e+06	0
3.35458e+06	0
3.35468e+06	0
3.35478e+06	0
3.35488e+06	0
3.35498e+06	0
3.35508e+06	0
3.35518e+06	0
3.35528e+06	0
3.35538e+06	0
3.35548e+06	0
3.35558e+06	0
3.35568e+06	0
3.35578e+06	0
3.35588e+06	0
3.35598e+06	0
3.35608e+06	0
3.35618e+06	0
3.35628e+06	0
3.35638e+06	0
3.35648e+06	0
3.35658e+06	0
3.35668e+06	0
3.35678e+06	0
3.35688e+06	0
3.35698e+06	0
3.35708e+06	0
3.35718e+06	0
3.35728e+06	0
3.35738e+06	0
3.35748e+06	0
3.35758e+06	0
3.35768e+06	0
3.35778e+06	0
3.35788e+06	0
3.35798e+06	0
3.35808e+06	0
3.35818e+06	0
3.35828e+06	0
3.35838e+06	0
3.35848e+06	0
3.35858e+06	0
3.35868e+06	0
3.35878e+06	0
3.35888e+06	0
3.35898e+06	0
3.35908e+06	0
3.35918e+06	0
3.35928e+06	0
3.35938e+06	0
3.35948e+06	0
3.35958e+06	0
3.35968e+06	0
3.35978e+06	0
3.35988e+06	0
3.35998e+06	0
3.36008e+06	0
3.36018e+06	0
3.36028e+06	0
3.36038e+06	0
3.36048e+06	0
3.36058e+06	0
3.36068e+06	0
3.36078e+06	0
3.36088e+06	0
3.36098e+06	0
3.36108e+06	0
3.36118e+06	0
3.36128e+06	0
3.36138e+06	0
3.36148e+06	0
3.36158e+06	0
3.36168e+06	0
3.36178e+06	0
3.36188e+06	0
3.36198e+06	0
3.36208e+06	0
3.36218e+06	0
3.36228e+06	0
3.36238e+06	0
3.36248e+06	0
3.36258e+06	0
3.36268e+06	0
3.36278e+06	0
3.36288e+06	0
3.36298e+06	0
3.36308e+06	0
3.36318e+06	0
3.36328e+06	0
3.36338e+06	0
3.36348e+06	0
3.36358e+06	0
3.36368e+06	0
3.36378e+06	0
3.36388e+06	0
3.36398e+06	0
3.36408e+06	0
3.36418e+06	0
3.36428e+06	0
3.36438e+06	0
3.36448e+06	0
3.36458e+06	0
3.36468e+06	0
3.36478e+06	0
3.36488e+06	0
3.36498e+06	0
3.36508e+06	0
3.36518e+06	0
3.36528e+06	0
3.36538e+06	0
3.36548e+06	0
3.36558e+06	0
3.36568e+06	0
3.36578e+06	0
3.36588e+06	0
3.36598e+06	0
3.36608e+06	0
3.36618e+06	0
3.36628e+06	0
3.36638e+06	0
3.36648e+06	0
3.36658e+06	0
3.36668e+06	0
3.36678e+06	0
3.36688e+06	0
3.36698e+06	0
3.36708e+06	0
3.36718e+06	0
3.36728e+06	0
3.36738e+06	0
3.36748e+06	0
3.36758e+06	0
3.36768e+06	0
3.36778e+06	0
3.36788e+06	0
3.36798e+06	0
3.36808e+06	0
3.36818e+06	0
3.36828e+06	0
3.36838e+06	0
3.36848e+06	0
3.36858e+06	0
3.36868e+06	0
3.36878e+06	0
3.36888e+06	0
3.36898e+06	0
3.36908e+06	0
3.36918e+06	0
3.36928e+06	0
3.36938e+06	0
3.36948e+06	0
3.36958e+06	0
3.36968e+06	0
3.36978e+06	0
3.36988e+06	0
3.36998e+06	0
3.37008e+06	0
3.37018e+06	0
3.37028e+06	0
3.37038e+06	0
3.37048e+06	0
3.37058e+06	0
3.37068e+06	0
3.37078e+06	0
3.37088e+06	0
3.37098e+06	0
3.37108e+06	0
3.37118e+06	0
3.37128e+06	0
3.37138e+06	0
3.37148e+06	0
3.37158e+06	0
3.37168e+06	0
3.37178e+06	0
3.37188e+06	0
3.37198e+06	0
3.37208e+06	0
3.37218e+06	0
3.37228e+06	0
3.37238e+06	0
3.37248e+06	0
3.37258e+06	0
3.37268e+06	0
3.37278e+06	0
3.37288e+06	0
3.37298e+06	0
3.37308e+06	0
3.37318e+06	0
3.37328e+06	0
3.37338e+06	0
3.37348e+06	0
3.37358e+06	0
3.37368e+06	0
3.37378e+06	0
3.37388e+06	0
3.37398e+06	0
3.37408e+06	0
3.37418e+06	0
3.37428e+06	0
3.37438e+06	0
3.37448e+06	0
3.37458e+06	0
3.37468e+06	0
3.37478e+06	0
3.37488e+06	0
3.37498e+06	0
3.37508e+06	0
3.37518e+06	0
3.37528e+06	0
3.37538e+06	0
3.37548e+06	0
3.37558e+06	0
3.37568e+06	0
3.37578e+06	0
3.37588e+06	0
3.37598e+06	0
3.37608e+06	0
3.37618e+06	0
3.37628e+06	0
3.37638e+06	0
3.37648e+06	0
3.37658e+06	0
3.37668e+06	0
3.37678e+06	0
3.37688e+06	0
3.37698e+06	0
3.37708e+06	0
3.37718e+06	0
3.37728e+06	0
3.37738e+06	0
3.37748e+06	0
3.37758e+06	0
3.37768e+06	0
3.37778e+06	0
3.37788e+06	0
3.37798e+06	0
3.37808e+06	0
3.37818e+06	0
3.37828e+06	0
3.37838e+06	0
3.37848e+06	0
3.37858e+06	0
3.37868e+06	0
3.37878e+06	0
3.37888e+06	0
3.37898e+06	0
3.37908e+06	0
3.37918e+06	0
3.37928e+06	0
3.37938e+06	0
3.37948e+06	0
3.37958e+06	0
3.37968e+06	0
3.37978e+06	0
3.37988e+06	0
3.37998e+06	0
3.38008e+06	0
3.38018e+06	0
3.38028e+06	0
3.38038e+06	0
3.38048e+06	0
3.38058e+06	0
3.38068e+06	0
3.38078e+06	0
3.38088e+06	0
3.38098e+06	0
3.38108e+06	0
3.38118e+06	0
3.38128e+06	0
3.38138e+06	0
3.38148e+06	0
3.38158e+06	0
3.38168e+06	0
3.38178e+06	0
3.38188e+06	0
3.38198e+06	0
3.38208e+06	0
3.38218e+06	0
3.38228e+06	0
3.38238e+06	0
3.38248e+06	0
3.38258e+06	0
3.38268e+06	0
3.38278e+06	0
3.38288e+06	0
3.38298e+06	0
3.38308e+06	0
3.38318e+06	0
3.38328e+06	0
3.38338e+06	0
3.38348e+06	0
3.38358e+06	0
3.38368e+06	0
3.38378e+06	0
3.38388e+06	0
3.38398e+06	0
3.38408e+06	0
3.38418e+06	0
3.38428e+06	0
3.38438e+06	0
3.38448e+06	0
3.38458e+06	0
3.38468e+06	0
3.38478e+06	0
3.38488e+06	0
3.38498e+06	0
3.38508e+06	0
3.38518e+06	0
3.38528e+06	0
3.38538e+06	0
3.38548e+06	0
3.38558e+06	0
3.38568e+06	0
3.38578e+06	0
3.38588e+06	0
3.38598e+06	0
3.38608e+06	0
3.38618e+06	0
3.38628e+06	0
3.38638e+06	0
3.38648e+06	0
3.38658e+06	0
3.38668e+06	0
3.38678e+06	0
3.38688e+06	0
3.38698e+06	0
3.38708e+06	0
3.38718e+06	0
3.38728e+06	0
3.38738e+06	0
3.38748e+06	0
3.38758e+06	0
3.38768e+06	0
3.38778e+06	0
3.38788e+06	0
3.38798e+06	0
3.38808e+06	0
3.38818e+06	0
3.38828e+06	0
3.38838e+06	0
3.38848e+06	0
3.38858e+06	0
3.38868e+06	0
3.38878e+06	0
3.38888e+06	0
3.38898e+06	0
3.38908e+06	0
3.38918e+06	0
3.38928e+06	0
3.38938e+06	0
3.38948e+06	0
3.38958e+06	0
3.38968e+06	0
3.38978e+06	0
3.38988e+06	0
3.38998e+06	0
3.39008e+06	0
3.39018e+06	0
3.39028e+06	0
3.39038e+06	0
3.39048e+06	0
3.39058e+06	0
3.39068e+06	0
3.39078e+06	0
3.39088e+06	0
3.39098e+06	0
3.39108e+06	0
3.39118e+06	0
3.39128e+06	0
3.39138e+06	0
3.39148e+06	0
3.39158e+06	0
3.39168e+06	0
3.39178e+06	0
3.39188e+06	0
3.39198e+06	0
3.39208e+06	0
3.39218e+06	0
3.39228e+06	0
3.39238e+06	0
3.39248e+06	0
3.39258e+06	0
3.39268e+06	0
3.39278e+06	0
3.39288e+06	0
3.39298e+06	0
3.39308e+06	0
3.39318e+06	0
3.39328e+06	0
3.39338e+06	0
3.39348e+06	0
3.39358e+06	0
3.39368e+06	0
3.39378e+06	0
3.39388e+06	0
3.39398e+06	0
3.39408e+06	0
3.39418e+06	0
3.39428e+06	0
3.39438e+06	0
3.39448e+06	0
3.39458e+06	0
3.39468e+06	0
3.39478e+06	0
3.39488e+06	0
3.39498e+06	0
3.39508e+06	0
3.39518e+06	0
3.39528e+06	0
3.39538e+06	0
3.39548e+06	0
3.39558e+06	0
3.39568e+06	0
3.39578e+06	0
3.39588e+06	0
3.39598e+06	0
3.39608e+06	0
3.39618e+06	0
3.39628e+06	0
3.39638e+06	0
3.39648e+06	0
3.39658e+06	0
3.39668e+06	0
3.39678e+06	0
3.39688e+06	0
3.39698e+06	0
3.39708e+06	0
3.39718e+06	0
3.39728e+06	0
3.39738e+06	0
3.39748e+06	0
3.39758e+06	0
3.39768e+06	0
3.39778e+06	0
3.39788e+06	0
3.39798e+06	0
3.39808e+06	0
3.39818e+06	0
3.39828e+06	0
3.39838e+06	0
3.39848e+06	0
3.39858e+06	0
3.39868e+06	0
3.39878e+06	0
3.39888e+06	0
3.39898e+06	0
3.39908e+06	0
3.39918e+06	0
3.39928e+06	0
3.39938e+06	0
3.39948e+06	0
3.39958e+06	0
3.39968e+06	0
3.39978e+06	0
3.39988e+06	0
3.39998e+06	0
3.40008e+06	0
3.40018e+06	0
3.40028e+06	0
3.40038e+06	0
3.40048e+06	0
3.40058e+06	0
3.40068e+06	0
3.40078e+06	0
3.40088e+06	0
3.40098e+06	0
3.40108e+06	0
3.40118e+06	0
3.40128e+06	0
3.40138e+06	0
3.40148e+06	0
3.40158e+06	0
3.40168e+06	0
3.40178e+06	0
3.40188e+06	0
3.40198e+06	0
3.40208e+06	0
3.40218e+06	0
3.40228e+06	0
3.40238e+06	0
3.40248e+06	0
3.40258e+06	0
3.40268e+06	0
3.40278e+06	0
3.40288e+06	0
3.40298e+06	0
3.40308e+06	0
3.40318e+06	0
3.40328e+06	0
3.40338e+06	0
3.40348e+06	0
3.40358e+06	0
3.40368e+06	0
3.40378e+06	0
3.40388e+06	0
3.40398e+06	0
3.40408e+06	0
3.40418e+06	0
3.40428e+06	0
3.40438e+06	0
3.40448e+06	0
3.40458e+06	0
3.40468e+06	0
3.40478e+06	0
3.40488e+06	0
3.40498e+06	0
3.40508e+06	0
3.40518e+06	0
3.40528e+06	0
3.40538e+06	0
3.40548e+06	0
3.40558e+06	0
3.40568e+06	0
3.40578e+06	0
3.40588e+06	0
3.40598e+06	0
3.40608e+06	0
3.40618e+06	0
3.40628e+06	0
3.40638e+06	0
3.40648e+06	0
3.40658e+06	0
3.40668e+06	0
3.40678e+06	0
3.40688e+06	0
3.40698e+06	0
3.40708e+06	0
3.40718e+06	0
3.40728e+06	0
3.40738e+06	0
3.40748e+06	0
3.40758e+06	0
3.40768e+06	0
3.40778e+06	0
3.40788e+06	0
3.40798e+06	0
3.40808e+06	0
3.40818e+06	0
3.40828e+06	0
3.40838e+06	0
3.40848e+06	0
3.40858e+06	0
3.40868e+06	0
3.40878e+06	0
3.40888e+06	0
3.40898e+06	0
3.40908e+06	0
3.40918e+06	0
3.40928e+06	0
3.40938e+06	0
3.40948e+06	0
3.40958e+06	0
3.40968e+06	0
3.40978e+06	0
3.40988e+06	0
3.40998e+06	0
3.41008e+06	0
3.41018e+06	0
3.41028e+06	0
3.41038e+06	0
3.41048e+06	0
3.41058e+06	0
3.41068e+06	0
3.41078e+06	0
3.41088e+06	0
3.41098e+06	0
3.41108e+06	0
3.41118e+06	0
3.41128e+06	0
3.41138e+06	0
3.41148e+06	0
3.41158e+06	0
3.41168e+06	0
3.41178e+06	0
3.41188e+06	0
3.41198e+06	0
3.41208e+06	0
3.41218e+06	0
3.41228e+06	0
3.41238e+06	0
3.41248e+06	0
3.41258e+06	0
3.41268e+06	0
3.41278e+06	0
3.41288e+06	0
3.41298e+06	0
3.41308e+06	0
3.41318e+06	0
3.41328e+06	0
3.41338e+06	0
3.41348e+06	0
3.41358e+06	0
3.41368e+06	0
3.41378e+06	0
3.41388e+06	0
3.41398e+06	0
3.41408e+06	0
3.41418e+06	0
3.41428e+06	0
3.41438e+06	0
3.41448e+06	0
3.41458e+06	0
3.41468e+06	0
3.41478e+06	0
3.41488e+06	0
3.41498e+06	0
3.41508e+06	0
3.41518e+06	0
3.41528e+06	0
3.41538e+06	0
3.41548e+06	0
3.41558e+06	0
3.41568e+06	0
3.41578e+06	0
3.41588e+06	0
3.41598e+06	0
3.41608e+06	0
3.41618e+06	0
3.41628e+06	0
3.41638e+06	0
3.41648e+06	0
3.41658e+06	0
3.41668e+06	0
3.41678e+06	0
3.41688e+06	0
3.41698e+06	0
3.41708e+06	0
3.41718e+06	0
3.41728e+06	0
3.41738e+06	0
3.41748e+06	0
3.41758e+06	0
3.41768e+06	0
3.41778e+06	0
3.41788e+06	0
3.41798e+06	0
3.41808e+06	0
3.41818e+06	0
3.41828e+06	0
3.41838e+06	0
3.41848e+06	0
3.41858e+06	0
3.41868e+06	0
3.41878e+06	0
3.41888e+06	0
3.41898e+06	0
3.41908e+06	0
3.41918e+06	0
3.41928e+06	0
3.41938e+06	0
3.41948e+06	0
3.41958e+06	0
3.41968e+06	0
3.41978e+06	0
3.41988e+06	0
3.41998e+06	0
3.42008e+06	0
3.42018e+06	0
3.42028e+06	0
3.42038e+06	0
3.42048e+06	0
3.42058e+06	0
3.42068e+06	0
3.42078e+06	0
3.42088e+06	0
3.42098e+06	0
3.42108e+06	0
3.42118e+06	0
3.42128e+06	0
3.42138e+06	0
3.42148e+06	0
3.42158e+06	0
3.42168e+06	0
3.42178e+06	0
3.42188e+06	0
3.42198e+06	0
3.42208e+06	0
3.42218e+06	0
3.42228e+06	0
3.42238e+06	0
3.42248e+06	0
3.42258e+06	0
3.42268e+06	0
3.42278e+06	0
3.42288e+06	0
3.42298e+06	0
3.42308e+06	0
3.42318e+06	0
3.42328e+06	0
3.42338e+06	0
3.42348e+06	0
3.42358e+06	0
3.42368e+06	0
3.42378e+06	0
3.42388e+06	0
3.42398e+06	0
3.42408e+06	0
3.42418e+06	0
3.42428e+06	0
3.42438e+06	0
3.42448e+06	0
3.42458e+06	0
3.42468e+06	0
3.42478e+06	0
3.42488e+06	0
3.42498e+06	0
3.42508e+06	0
3.42518e+06	0
3.42528e+06	0
3.42538e+06	0
3.42548e+06	0
3.42558e+06	0
3.42568e+06	0
3.42578e+06	0
3.42588e+06	0
3.42598e+06	0
3.42608e+06	0
3.42618e+06	0
3.42628e+06	0
3.42638e+06	0
3.42648e+06	0
3.42658e+06	0
3.42668e+06	0
3.42678e+06	0
3.42688e+06	0
3.42698e+06	0
3.42708e+06	0
3.42718e+06	0
3.42728e+06	0
3.42738e+06	0
3.42748e+06	0
3.42758e+06	0
3.42768e+06	0
3.42778e+06	0
3.42788e+06	0
3.42798e+06	0
3.42808e+06	0
3.42818e+06	0
3.42828e+06	0
3.42838e+06	0
3.42848e+06	0
3.42858e+06	0
3.42868e+06	0
3.42878e+06	0
3.42888e+06	0
3.42898e+06	0
3.42908e+06	0
3.42918e+06	0
3.42928e+06	0
3.42938e+06	0
3.42948e+06	0
3.42958e+06	0
3.42968e+06	0
3.42978e+06	0
3.42988e+06	0
3.42998e+06	0
3.43008e+06	0
3.43018e+06	0
3.43028e+06	0
3.43038e+06	0
3.43048e+06	0
3.43058e+06	0
3.43068e+06	0
3.43078e+06	0
3.43088e+06	0
3.43098e+06	0
3.43108e+06	0
3.43118e+06	0
3.43128e+06	0
3.43138e+06	0
3.43148e+06	0
3.43158e+06	0
3.43168e+06	0
3.43178e+06	0
3.43188e+06	0
3.43198e+06	0
3.43208e+06	0
3.43218e+06	0
3.43228e+06	0
3.43238e+06	0
3.43248e+06	0
3.43258e+06	0
3.43268e+06	0
3.43278e+06	0
3.43288e+06	0
3.43298e+06	0
3.43308e+06	0
3.43318e+06	0
3.43328e+06	0
3.43338e+06	0
3.43348e+06	0
3.43358e+06	0
3.43368e+06	0
3.43378e+06	0
3.43388e+06	0
3.43398e+06	0
3.43408e+06	0
3.43418e+06	0
3.43428e+06	0
3.43438e+06	0
3.43448e+06	0
3.43458e+06	0
3.43468e+06	0
3.43478e+06	0
3.43488e+06	0
3.43498e+06	0
3.43508e+06	0
3.43518e+06	0
3.43528e+06	0
3.43538e+06	0
3.43548e+06	0
3.43558e+06	0
3.43568e+06	0
3.43578e+06	0
3.43588e+06	0
3.43598e+06	0
3.43608e+06	0
3.43618e+06	0
3.43628e+06	0
3.43638e+06	0
3.43648e+06	0
3.43658e+06	0
3.43668e+06	0
3.43678e+06	0
3.43688e+06	0
3.43698e+06	0
3.43708e+06	0
3.43718e+06	0
3.43728e+06	0
3.43738e+06	0
3.43748e+06	0
3.43758e+06	0
3.43768e+06	0
3.43778e+06	0
3.43788e+06	0
3.43798e+06	0
3.43808e+06	0
3.43818e+06	0
3.43828e+06	0
3.43838e+06	0
3.43848e+06	0
3.43858e+06	0
3.43868e+06	0
3.43878e+06	0
3.43888e+06	0
3.43898e+06	0
3.43908e+06	0
3.43918e+06	0
3.43928e+06	0
3.43938e+06	0
3.43948e+06	0
3.43958e+06	0
3.43968e+06	0
3.43978e+06	0
3.43988e+06	0
3.43998e+06	0
3.44008e+06	0
3.44018e+06	0
3.44028e+06	0
3.44038e+06	0
3.44048e+06	0
3.44058e+06	0
3.44068e+06	0
3.44078e+06	0
3.44088e+06	0
3.44098e+06	0
3.44108e+06	0
3.44118e+06	0
3.44128e+06	0
3.44138e+06	0
3.44148e+06	0
3.44158e+06	0
3.44168e+06	0
3.44178e+06	0
3.44188e+06	0
3.44198e+06	0
3.44208e+06	0
3.44218e+06	0
3.44228e+06	0
3.44238e+06	0
3.44248e+06	0
3.44258e+06	0
3.44268e+06	0
3.44278e+06	0
3.44288e+06	0
3.44298e+06	0
3.44308e+06	0
3.44318e+06	0
3.44328e+06	0
3.44338e+06	0
3.44348e+06	0
3.44358e+06	0
3.44368e+06	0
3.44378e+06	0
3.44388e+06	0
3.44398e+06	0
3.44408e+06	0
3.44418e+06	0
3.44428e+06	0
3.44438e+06	0
3.44448e+06	0
3.44458e+06	0
3.44468e+06	0
3.44478e+06	0
3.44488e+06	0
3.44498e+06	0
3.44508e+06	0
3.44518e+06	0
3.44528e+06	0
3.44538e+06	0
3.44548e+06	0
3.44558e+06	0
3.44568e+06	0
3.44578e+06	0
3.44588e+06	0
3.44598e+06	0
3.44608e+06	0
3.44618e+06	0
3.44628e+06	0
3.44638e+06	0
3.44648e+06	0
3.44658e+06	0
3.44668e+06	0
3.44678e+06	0
3.44688e+06	0
3.44698e+06	0
3.44708e+06	0
3.44718e+06	0
3.44728e+06	0
3.44738e+06	0
3.44748e+06	0
3.44758e+06	0
3.44768e+06	0
3.44778e+06	0
3.44788e+06	0
3.44798e+06	0
3.44808e+06	0
3.44818e+06	0
3.44828e+06	0
3.44838e+06	0
3.44848e+06	0
3.44858e+06	0
3.44868e+06	0
3.44878e+06	0
3.44888e+06	0
3.44898e+06	0
3.44908e+06	0
3.44918e+06	0
3.44928e+06	0
3.44938e+06	0
3.44948e+06	0
3.44958e+06	0
3.44968e+06	0
3.44978e+06	0
3.44988e+06	0
3.44998e+06	0
3.45008e+06	0
3.45018e+06	0
3.45028e+06	0
3.45038e+06	0
3.45048e+06	0
3.45058e+06	0
3.45068e+06	0
3.45078e+06	0
3.45088e+06	0
3.45098e+06	0
3.45108e+06	0
3.45118e+06	0
3.45128e+06	0
3.45138e+06	0
3.45148e+06	0
3.45158e+06	0
3.45168e+06	0
3.45178e+06	0
3.45188e+06	0
3.45198e+06	0
3.45208e+06	0
3.45218e+06	0
3.45228e+06	0
3.45238e+06	0
3.45248e+06	0
3.45258e+06	0
3.45268e+06	0
3.45278e+06	0
3.45288e+06	0
3.45298e+06	0
3.45308e+06	0
3.45318e+06	0
3.45328e+06	0
3.45338e+06	0
3.45348e+06	0
3.45358e+06	0
3.45368e+06	0
3.45378e+06	0
3.45388e+06	0
3.45398e+06	0
3.45408e+06	0
3.45418e+06	0
3.45428e+06	0
3.45438e+06	0
3.45448e+06	0
3.45458e+06	0
3.45468e+06	0
3.45478e+06	0
3.45488e+06	0
3.45498e+06	0
3.45508e+06	0
3.45518e+06	0
3.45528e+06	0
3.45538e+06	0
3.45548e+06	0
3.45558e+06	0
3.45568e+06	0
3.45578e+06	0
3.45588e+06	0
3.45598e+06	0
3.45608e+06	0
3.45618e+06	0
3.45628e+06	0
3.45638e+06	0
3.45648e+06	0
3.45658e+06	0
3.45668e+06	0
3.45678e+06	0
3.45688e+06	0
3.45698e+06	0
3.45708e+06	0
3.45718e+06	0
3.45728e+06	0
3.45738e+06	0
3.45748e+06	0
3.45758e+06	0
3.45768e+06	0
3.45778e+06	0
3.45788e+06	0
3.45798e+06	0
3.45808e+06	0
3.45818e+06	0
3.45828e+06	0
3.45838e+06	0
3.45848e+06	0
3.45858e+06	0
3.45868e+06	0
3.45878e+06	0
3.45888e+06	0
3.45898e+06	0
3.45908e+06	0
3.45918e+06	0
3.45928e+06	0
3.45938e+06	0
3.45948e+06	0
3.45958e+06	0
3.45968e+06	0
3.45978e+06	0
3.45988e+06	0
3.45998e+06	0
3.46008e+06	0
3.46018e+06	0
3.46028e+06	0
3.46038e+06	0
3.46048e+06	0
3.46058e+06	0
3.46068e+06	0
3.46078e+06	0
3.46088e+06	0
3.46098e+06	0
3.46108e+06	0
3.46118e+06	0
3.46128e+06	0
3.46138e+06	0
3.46148e+06	0
3.46158e+06	0
3.46168e+06	0
3.46178e+06	0
3.46188e+06	0
3.46198e+06	0
3.46208e+06	0
3.46218e+06	0
3.46228e+06	0
3.46238e+06	0
3.46248e+06	0
3.46258e+06	0
3.46268e+06	0
3.46278e+06	0
3.46288e+06	0
3.46298e+06	0
3.46308e+06	0
3.46318e+06	0
3.46328e+06	0
3.46338e+06	0
3.46348e+06	0
3.46358e+06	0
3.46368e+06	0
3.46378e+06	0
3.46388e+06	0
3.46398e+06	0
3.46408e+06	0
3.46418e+06	0
3.46428e+06	0
3.46438e+06	0
3.46448e+06	0
3.46458e+06	0
3.46468e+06	0
3.46478e+06	0
3.46488e+06	0
3.46498e+06	0
3.46508e+06	0
3.46518e+06	0
3.46528e+06	0
3.46538e+06	0
3.46548e+06	0
3.46558e+06	0
3.46568e+06	0
3.46578e+06	0
3.46588e+06	0
3.46598e+06	0
3.46608e+06	0
3.46618e+06	0
3.46628e+06	0
3.46638e+06	0
3.46648e+06	0
3.46658e+06	0
3.46668e+06	0
3.46678e+06	0
3.46688e+06	0
3.46698e+06	0
3.46708e+06	0
3.46718e+06	0
3.46728e+06	0
3.46738e+06	0
3.46748e+06	0
3.46758e+06	0
3.46768e+06	0
3.46778e+06	0
3.46788e+06	0
3.46798e+06	0
3.46808e+06	0
3.46818e+06	0
3.46828e+06	0
3.46838e+06	0
3.46848e+06	0
3.46858e+06	0
3.46868e+06	0
3.46878e+06	0
3.46888e+06	0
3.46898e+06	0
3.46908e+06	0
3.46918e+06	0
3.46928e+06	0
3.46938e+06	0
3.46948e+06	0
3.46958e+06	0
3.46968e+06	0
3.46978e+06	0
3.46988e+06	0
3.46998e+06	0
3.47008e+06	0
3.47018e+06	0
3.47028e+06	0
3.47038e+06	0
3.47048e+06	0
3.47058e+06	0
3.47068e+06	0
3.47078e+06	0
3.47088e+06	0
3.47098e+06	0
3.47108e+06	0
3.47118e+06	0
3.47128e+06	0
3.47138e+06	0
3.47148e+06	0
3.47158e+06	0
3.47168e+06	0
3.47178e+06	0
3.47188e+06	0
3.47198e+06	0
3.47208e+06	0
3.47218e+06	0
3.47228e+06	0
3.47238e+06	0
3.47248e+06	0
3.47258e+06	0
3.47268e+06	0
3.47278e+06	0
3.47288e+06	0
3.47298e+06	0
3.47308e+06	0
3.47318e+06	0
3.47328e+06	0
3.47338e+06	0
3.47348e+06	0
3.47358e+06	0
3.47368e+06	0
3.47378e+06	0
3.47388e+06	0
3.47398e+06	0
3.47408e+06	0
3.47418e+06	0
3.47428e+06	0
3.47438e+06	0
3.47448e+06	0
3.47458e+06	0
3.47468e+06	0
3.47478e+06	0
3.47488e+06	0
3.47498e+06	0
3.47508e+06	0
3.47518e+06	0
3.47528e+06	0
3.47538e+06	0
3.47548e+06	0
3.47558e+06	0
3.47568e+06	0
3.47578e+06	0
3.47588e+06	0
3.47598e+06	0
3.47608e+06	0
3.47618e+06	0
3.47628e+06	0
3.47638e+06	0
3.47648e+06	0
3.47658e+06	0
3.47668e+06	0
3.47678e+06	0
3.47688e+06	0
3.47698e+06	0
3.47708e+06	0
3.47718e+06	0
3.47728e+06	0
3.47738e+06	0
3.47748e+06	0
3.47758e+06	0
3.47768e+06	0
3.47778e+06	0
3.47788e+06	0
3.47798e+06	0
3.47808e+06	0
3.47818e+06	0
3.47828e+06	0
3.47838e+06	0
3.47848e+06	0
3.47858e+06	0
3.47868e+06	0
3.47878e+06	0
3.47888e+06	0
3.47898e+06	0
3.47908e+06	0
3.47918e+06	0
3.47928e+06	0
3.47938e+06	0
3.47948e+06	0
3.47958e+06	0
3.47968e+06	0
3.47978e+06	0
3.47988e+06	0
3.47998e+06	0
3.48008e+06	0
3.48018e+06	0
3.48028e+06	0
3.48038e+06	0
3.48048e+06	0
3.48058e+06	0
3.48068e+06	0
3.48078e+06	0
3.48088e+06	0
3.48098e+06	0
3.48108e+06	0
3.48118e+06	0
3.48128e+06	0
3.48138e+06	0
3.48148e+06	0
3.48158e+06	0
3.48168e+06	0
3.48178e+06	0
3.48188e+06	0
3.48198e+06	0
3.48208e+06	0
3.48218e+06	0
3.48228e+06	0
3.48238e+06	0
3.48248e+06	0
3.48258e+06	0
3.48268e+06	0
3.48278e+06	0
3.48288e+06	0
3.48298e+06	0
3.48308e+06	0
3.48318e+06	0
3.48328e+06	0
3.48338e+06	0
3.48348e+06	0
3.48358e+06	0
3.48368e+06	0
3.48378e+06	0
3.48388e+06	0
3.48398e+06	0
3.48408e+06	0
3.48418e+06	0
3.48428e+06	0
3.48438e+06	0
3.48448e+06	0
3.48458e+06	0
3.48468e+06	0
3.48478e+06	0
3.48488e+06	0
3.48498e+06	0
3.48508e+06	0
3.48518e+06	0
3.48528e+06	0
3.48538e+06	0
3.48548e+06	0
3.48558e+06	0
3.48568e+06	0
3.48578e+06	0
3.48588e+06	0
3.48598e+06	0
3.48608e+06	0
3.48618e+06	0
3.48628e+06	0
3.48638e+06	0
3.48648e+06	0
3.48658e+06	0
3.48668e+06	0
3.48678e+06	0
3.48688e+06	0
3.48698e+06	0
3.48708e+06	0
3.48718e+06	0
3.48728e+06	0
3.48738e+06	0
3.48748e+06	0
3.48758e+06	0
3.48768e+06	0
3.48778e+06	0
3.48788e+06	0
3.48798e+06	0
3.48808e+06	0
3.48818e+06	0
3.48828e+06	0
3.48838e+06	0
3.48848e+06	0
3.48858e+06	0
3.48868e+06	0
3.48878e+06	0
3.48888e+06	0
3.48898e+06	0
3.48908e+06	0
3.48918e+06	0
3.48928e+06	0
3.48938e+06	0
3.48948e+06	0
3.48958e+06	0
3.48968e+06	0
3.48978e+06	0
3.48988e+06	0
3.48998e+06	0
3.49008e+06	0
3.49018e+06	0
3.49028e+06	0
3.49038e+06	0
3.49048e+06	0
3.49058e+06	0
3.49068e+06	0
3.49078e+06	0
3.49088e+06	0
3.49098e+06	0
3.49108e+06	0
3.49118e+06	0
3.49128e+06	0
3.49138e+06	0
3.49148e+06	0
3.49158e+06	0
3.49168e+06	0
3.49178e+06	0
3.49188e+06	0
3.49198e+06	0
3.49208e+06	0
3.49218e+06	0
3.49228e+06	0
3.49238e+06	0
3.49248e+06	0
3.49258e+06	0
3.49268e+06	0
3.49278e+06	0
3.49288e+06	0
3.49298e+06	0
3.49308e+06	0
3.49318e+06	0
3.49328e+06	0
3.49338e+06	0
3.49348e+06	0
3.49358e+06	0
3.49368e+06	0
3.49378e+06	0
3.49388e+06	0
3.49398e+06	0
3.49408e+06	0
3.49418e+06	0
3.49428e+06	0
3.49438e+06	0
3.49448e+06	0
3.49458e+06	0
3.49468e+06	0
3.49478e+06	0
3.49488e+06	0
3.49498e+06	0
3.49508e+06	0
3.49518e+06	0
3.49528e+06	0
3.49538e+06	0
3.49548e+06	0
3.49558e+06	0
3.49568e+06	0
3.49578e+06	0
3.49588e+06	0
3.49598e+06	0
3.49608e+06	0
3.49618e+06	0
3.49628e+06	0
3.49638e+06	0
3.49648e+06	0
3.49658e+06	0
3.49668e+06	0
3.49678e+06	0
3.49688e+06	0
3.49698e+06	0
3.49708e+06	0
3.49718e+06	0
3.49728e+06	0
3.49738e+06	0
3.49748e+06	0
3.49758e+06	0
3.49768e+06	0
3.49778e+06	0
3.49788e+06	0
3.49798e+06	0
3.49808e+06	0
3.49818e+06	0
3.49828e+06	0
3.49838e+06	0
3.49848e+06	0
3.49858e+06	0
3.49868e+06	0
3.49878e+06	0
3.49888e+06	0
3.49898e+06	0
3.49908e+06	0
3.49918e+06	0
3.49928e+06	0
3.49938e+06	0
3.49948e+06	0
3.49958e+06	0
3.49968e+06	0
3.49978e+06	0
3.49988e+06	0
3.49998e+06	0
3.50008e+06	0
3.50018e+06	0
3.50028e+06	0
3.50038e+06	0
3.50048e+06	0
3.50058e+06	0
3.50068e+06	0
3.50078e+06	0
3.50088e+06	0
3.50098e+06	0
3.50108e+06	0
3.50118e+06	0
3.50128e+06	0
3.50138e+06	0
3.50148e+06	0
3.50158e+06	0
3.50168e+06	0
3.50178e+06	0
3.50188e+06	0
3.50198e+06	0
3.50208e+06	0
3.50218e+06	0
3.50228e+06	0
3.50238e+06	0
3.50248e+06	0
3.50258e+06	0
3.50268e+06	0
3.50278e+06	0
3.50288e+06	0
3.50298e+06	0
3.50308e+06	0
3.50318e+06	0
3.50328e+06	0
3.50338e+06	0
3.50348e+06	0
3.50358e+06	0
3.50368e+06	0
3.50378e+06	0
3.50388e+06	0
3.50398e+06	0
3.50408e+06	0
3.50418e+06	0
3.50428e+06	0
3.50438e+06	0
3.50448e+06	0
3.50458e+06	0
3.50468e+06	0
3.50478e+06	0
3.50488e+06	0
3.50498e+06	0
3.50508e+06	0
3.50518e+06	0
3.50528e+06	0
3.50538e+06	0
3.50548e+06	0
3.50558e+06	0
3.50568e+06	0
3.50578e+06	0
3.50588e+06	0
3.50598e+06	0
3.50608e+06	0
3.50618e+06	0
3.50628e+06	0
3.50638e+06	0
3.50648e+06	0
3.50658e+06	0
3.50668e+06	0
3.50678e+06	0
3.50688e+06	0
3.50698e+06	0
3.50708e+06	0
3.50718e+06	0
3.50728e+06	0
3.50738e+06	0
3.50748e+06	0
3.50758e+06	0
3.50768e+06	0
3.50778e+06	0
3.50788e+06	0
3.50798e+06	0
3.50808e+06	0
3.50818e+06	0
3.50828e+06	0
3.50838e+06	0
3.50848e+06	0
3.50858e+06	0
3.50868e+06	0
3.50878e+06	0
3.50888e+06	0
3.50898e+06	0
3.50908e+06	0
3.50918e+06	0
3.50928e+06	0
3.50938e+06	0
3.50948e+06	0
3.50958e+06	0
3.50968e+06	0
3.50978e+06	0
3.50988e+06	0
3.50998e+06	0
3.51008e+06	0
3.51018e+06	0
3.51028e+06	0
3.51038e+06	0
3.51048e+06	0
3.51058e+06	0
3.51068e+06	0
3.51078e+06	0
3.51088e+06	0
3.51098e+06	0
3.51108e+06	0
3.51118e+06	0
3.51128e+06	0
3.51138e+06	0
3.51148e+06	0
3.51158e+06	0
3.51168e+06	0
3.51178e+06	0
3.51188e+06	0
3.51198e+06	0
3.51208e+06	0
3.51218e+06	0
3.51228e+06	0
3.51238e+06	0
3.51248e+06	0
3.51258e+06	0
3.51268e+06	0
3.51278e+06	0
3.51288e+06	0
3.51298e+06	0
3.51308e+06	0
3.51318e+06	0
3.51328e+06	0
3.51338e+06	0
3.51348e+06	0
3.51358e+06	0
3.51368e+06	0
3.51378e+06	0
3.51388e+06	0
3.51398e+06	0
3.51408e+06	0
3.51418e+06	0
3.51428e+06	0
3.51438e+06	0
3.51448e+06	0
3.51458e+06	0
3.51468e+06	0
3.51478e+06	0
3.51488e+06	0
3.51498e+06	0
3.51508e+06	0
3.51518e+06	0
3.51528e+06	0
3.51538e+06	0
3.51548e+06	0
3.51558e+06	0
3.51568e+06	0
3.51578e+06	0
3.51588e+06	0
3.51598e+06	0
3.51608e+06	0
3.51618e+06	0
3.51628e+06	0
3.51638e+06	0
3.51648e+06	0
3.51658e+06	0
3.51668e+06	0
3.51678e+06	0
3.51688e+06	0
3.51698e+06	0
3.51708e+06	0
3.51718e+06	0
3.51728e+06	0
3.51738e+06	0
3.51748e+06	0
3.51758e+06	0
3.51768e+06	0
3.51778e+06	0
3.51788e+06	0
3.51798e+06	0
3.51808e+06	0
3.51818e+06	0
3.51828e+06	0
3.51838e+06	0
3.51848e+06	0
3.51858e+06	0
3.51868e+06	0
3.51878e+06	0
3.51888e+06	0
3.51898e+06	0
3.51908e+06	0
3.51918e+06	0
3.51928e+06	0
3.51938e+06	0
3.51948e+06	0
3.51958e+06	0
3.51968e+06	0
3.51978e+06	0
3.51988e+06	0
3.51998e+06	0
3.52008e+06	0
3.52018e+06	0
3.52028e+06	0
3.52038e+06	0
3.52048e+06	0
3.52058e+06	0
3.52068e+06	0
3.52078e+06	0
3.52088e+06	0
3.52098e+06	0
3.52108e+06	0
3.52118e+06	0
3.52128e+06	0
3.52138e+06	0
3.52148e+06	0
3.52158e+06	0
3.52168e+06	0
3.52178e+06	0
3.52188e+06	0
3.52198e+06	0
3.52208e+06	0
3.52218e+06	0
3.52228e+06	0
3.52238e+06	0
3.52248e+06	0
3.52258e+06	0
3.52268e+06	0
3.52278e+06	0
3.52288e+06	0
3.52298e+06	0
3.52308e+06	0
3.52318e+06	0
3.52328e+06	0
3.52338e+06	0
3.52348e+06	0
3.52358e+06	0
3.52368e+06	0
3.52378e+06	0
3.52388e+06	0
3.52398e+06	0
3.52408e+06	0
3.52418e+06	0
3.52428e+06	0
3.52438e+06	0
3.52448e+06	0
3.52458e+06	0
3.52468e+06	0
3.52478e+06	0
3.52488e+06	0
3.52498e+06	0
3.52508e+06	0
3.52518e+06	0
3.52528e+06	0
3.52538e+06	0
3.52548e+06	0
3.52558e+06	0
3.52568e+06	0
3.52578e+06	0
3.52588e+06	0
3.52598e+06	0
3.52608e+06	0
3.52618e+06	0
3.52628e+06	0
3.52638e+06	0
3.52648e+06	0
3.52658e+06	0
3.52668e+06	0
3.52678e+06	0
3.52688e+06	0
3.52698e+06	0
3.52708e+06	0
3.52718e+06	0
3.52728e+06	0
3.52738e+06	0
3.52748e+06	0
3.52758e+06	0
3.52768e+06	0
3.52778e+06	0
3.52788e+06	0
3.52798e+06	0
3.52808e+06	0
3.52818e+06	0
3.52828e+06	0
3.52838e+06	0
3.52848e+06	0
3.52858e+06	0
3.52868e+06	0
3.52878e+06	0
3.52888e+06	0
3.52898e+06	0
3.52908e+06	0
3.52918e+06	0
3.52928e+06	0
3.52938e+06	0
3.52948e+06	0
3.52958e+06	0
3.52968e+06	0
3.52978e+06	0
3.52988e+06	0
3.52998e+06	0
3.53008e+06	0
3.53018e+06	0
3.53028e+06	0
3.53038e+06	0
3.53048e+06	0
3.53058e+06	0
3.53068e+06	0
3.53078e+06	0
3.53088e+06	0
3.53098e+06	0
3.53108e+06	0
3.53118e+06	0
3.53128e+06	0
3.53138e+06	0
3.53148e+06	0
3.53158e+06	0
3.53168e+06	0
3.53178e+06	0
3.53188e+06	0
3.53198e+06	0
3.53208e+06	0
3.53218e+06	0
3.53228e+06	0
3.53238e+06	0
3.53248e+06	0
3.53258e+06	0
3.53268e+06	0
3.53278e+06	0
3.53288e+06	0
3.53298e+06	0
3.53308e+06	0
3.53318e+06	0
3.53328e+06	0
3.53338e+06	0
3.53348e+06	0
3.53358e+06	0
3.53368e+06	0
3.53378e+06	0
3.53388e+06	0
3.53398e+06	0
3.53408e+06	0
3.53418e+06	0
3.53428e+06	0
3.53438e+06	0
3.53448e+06	0
3.53458e+06	0
3.53468e+06	0
3.53478e+06	0
3.53488e+06	0
3.53498e+06	0
3.53508e+06	0
3.53518e+06	0
3.53528e+06	0
3.53538e+06	0
3.53548e+06	0
3.53558e+06	0
3.53568e+06	0
3.53578e+06	0
3.53588e+06	0
3.53598e+06	0
3.53608e+06	0
3.53618e+06	0
3.53628e+06	0
3.53638e+06	0
3.53648e+06	0
3.53658e+06	0
3.53668e+06	0
3.53678e+06	0
3.53688e+06	0
3.53698e+06	0
3.53708e+06	0
3.53718e+06	0
3.53728e+06	0
3.53738e+06	0
3.53748e+06	0
3.53758e+06	0
3.53768e+06	0
3.53778e+06	0
3.53788e+06	0
3.53798e+06	0
3.53808e+06	0
3.53818e+06	0
3.53828e+06	0
3.53838e+06	0
3.53848e+06	0
3.53858e+06	0
3.53868e+06	0
3.53878e+06	0
3.53888e+06	0
3.53898e+06	0
3.53908e+06	0
3.53918e+06	0
3.53928e+06	0
3.53938e+06	0
3.53948e+06	0
3.53958e+06	0
3.53968e+06	0
3.53978e+06	0
3.53988e+06	0
3.53998e+06	0
3.54008e+06	0
3.54018e+06	0
3.54028e+06	0
3.54038e+06	0
3.54048e+06	0
3.54058e+06	0
3.54068e+06	0
3.54078e+06	0
3.54088e+06	0
3.54098e+06	0
3.54108e+06	0
3.54118e+06	0
3.54128e+06	0
3.54138e+06	0
3.54148e+06	0
3.54158e+06	0
3.54168e+06	0
3.54178e+06	0
3.54188e+06	0
3.54198e+06	0
3.54208e+06	0
3.54218e+06	0
3.54228e+06	0
3.54238e+06	0
3.54248e+06	0
3.54258e+06	0
3.54268e+06	0
3.54278e+06	0
3.54288e+06	0
3.54298e+06	0
3.54308e+06	0
3.54318e+06	0
3.54328e+06	0
3.54338e+06	0
3.54348e+06	0
3.54358e+06	0
3.54368e+06	0
3.54378e+06	0
3.54388e+06	0
3.54398e+06	0
3.54408e+06	0
3.54418e+06	0
3.54428e+06	0
3.54438e+06	0
3.54448e+06	0
3.54458e+06	0
3.54468e+06	0
3.54478e+06	0
3.54488e+06	0
3.54498e+06	0
3.54508e+06	0
3.54518e+06	0
3.54528e+06	0
3.54538e+06	0
3.54548e+06	0
3.54558e+06	0
3.54568e+06	0
3.54578e+06	0
3.54588e+06	0
3.54598e+06	0
3.54608e+06	0
3.54618e+06	0
3.54628e+06	0
3.54638e+06	0
3.54648e+06	0
3.54658e+06	0
3.54668e+06	0
3.54678e+06	0
3.54688e+06	0
3.54698e+06	0
3.54708e+06	0
3.54718e+06	0
3.54728e+06	0
3.54738e+06	0
3.54748e+06	0
3.54758e+06	0
3.54768e+06	0
3.54778e+06	0
3.54788e+06	0
3.54798e+06	0
3.54808e+06	0
3.54818e+06	0
3.54828e+06	0
3.54838e+06	0
3.54848e+06	0
3.54858e+06	0
3.54868e+06	0
3.54878e+06	0
3.54888e+06	0
3.54898e+06	0
3.54908e+06	0
3.54918e+06	0
3.54928e+06	0
3.54938e+06	0
3.54948e+06	0
3.54958e+06	0
3.54968e+06	0
3.54978e+06	0
3.54988e+06	0
3.54998e+06	0
3.55008e+06	0
3.55018e+06	0
3.55028e+06	0
3.55038e+06	0
3.55048e+06	0
3.55058e+06	0
3.55068e+06	0
3.55078e+06	0
3.55088e+06	0
3.55098e+06	0
3.55108e+06	0
3.55118e+06	0
3.55128e+06	0
3.55138e+06	0
3.55148e+06	0
3.55158e+06	0
3.55168e+06	0
3.55178e+06	0
3.55188e+06	0
3.55198e+06	0
3.55208e+06	0
3.55218e+06	0
3.55228e+06	0
3.55238e+06	0
3.55248e+06	0
3.55258e+06	0
3.55268e+06	0
3.55278e+06	0
3.55288e+06	0
3.55298e+06	0
3.55308e+06	0
3.55318e+06	0
3.55328e+06	0
3.55338e+06	0
3.55348e+06	0
3.55358e+06	0
3.55368e+06	0
3.55378e+06	0
3.55388e+06	0
3.55398e+06	0
3.55408e+06	0
3.55418e+06	0
3.55428e+06	0
3.55438e+06	0
3.55448e+06	0
3.55458e+06	0
3.55468e+06	0
3.55478e+06	0
3.55488e+06	0
3.55498e+06	0
3.55508e+06	0
3.55518e+06	0
3.55528e+06	0
3.55538e+06	0
3.55548e+06	0
3.55558e+06	0
3.55568e+06	0
3.55578e+06	0
3.55588e+06	0
3.55598e+06	0
3.55608e+06	0
3.55618e+06	0
3.55628e+06	0
3.55638e+06	0
3.55648e+06	0
3.55658e+06	0
3.55668e+06	0
3.55678e+06	0
3.55688e+06	0
3.55698e+06	0
3.55708e+06	0
3.55718e+06	0
3.55728e+06	0
3.55738e+06	0
3.55748e+06	0
3.55758e+06	0
3.55768e+06	0
3.55778e+06	0
3.55788e+06	0
3.55798e+06	0
3.55808e+06	0
3.55818e+06	0
3.55828e+06	0
3.55838e+06	0
3.55848e+06	0
3.55858e+06	0
3.55868e+06	0
3.55878e+06	0
3.55888e+06	0
3.55898e+06	0
3.55908e+06	0
3.55918e+06	0
3.55928e+06	0
3.55938e+06	0
3.55948e+06	0
3.55958e+06	0
3.55968e+06	0
3.55978e+06	0
3.55988e+06	0
3.55998e+06	0
3.56008e+06	0
3.56018e+06	0
3.56028e+06	0
3.56038e+06	0
3.56048e+06	0
3.56058e+06	0
3.56068e+06	0
3.56078e+06	0
3.56088e+06	0
3.56098e+06	0
3.56108e+06	0
3.56118e+06	0
3.56128e+06	0
3.56138e+06	0
3.56148e+06	0
3.56158e+06	0
3.56168e+06	0
3.56178e+06	0
3.56188e+06	0
3.56198e+06	0
3.56208e+06	0
3.56218e+06	0
3.56228e+06	0
3.56238e+06	0
3.56248e+06	0
3.56258e+06	0
3.56268e+06	0
3.56278e+06	0
3.56288e+06	0
3.56298e+06	0
3.56308e+06	0
3.56318e+06	0
3.56328e+06	0
3.56338e+06	0
3.56348e+06	0
3.56358e+06	0
3.56368e+06	0
3.56378e+06	0
3.56388e+06	0
3.56398e+06	0
3.56408e+06	0
3.56418e+06	0
3.56428e+06	0
3.56438e+06	0
3.56448e+06	0
3.56458e+06	0
3.56468e+06	0
3.56478e+06	0
3.56488e+06	0
3.56498e+06	0
3.56508e+06	0
3.56518e+06	0
3.56528e+06	0
3.56538e+06	0
3.56548e+06	0
3.56558e+06	0
3.56568e+06	0
3.56578e+06	0
3.56588e+06	0
3.56598e+06	0
3.56608e+06	0
3.56618e+06	0
3.56628e+06	0
3.56638e+06	0
3.56648e+06	0
3.56658e+06	0
3.56668e+06	0
3.56678e+06	0
3.56688e+06	0
3.56698e+06	0
3.56708e+06	0
3.56718e+06	0
3.56728e+06	0
3.56738e+06	0
3.56748e+06	0
3.56758e+06	0
3.56768e+06	0
3.56778e+06	0
3.56788e+06	0
3.56798e+06	0
3.56808e+06	0
3.56818e+06	0
3.56828e+06	0
3.56838e+06	0
3.56848e+06	0
3.56858e+06	0
3.56868e+06	0
3.56878e+06	0
3.56888e+06	0
3.56898e+06	0
3.56908e+06	0
3.56918e+06	0
3.56928e+06	0
3.56938e+06	0
3.56948e+06	0
3.56958e+06	0
3.56968e+06	0
3.56978e+06	0
3.56988e+06	0
3.56998e+06	0
3.57008e+06	0
3.57018e+06	0
3.57028e+06	0
3.57038e+06	0
3.57048e+06	0
3.57058e+06	0
3.57068e+06	0
3.57078e+06	0
3.57088e+06	0
3.57098e+06	0
3.57108e+06	0
3.57118e+06	0
3.57128e+06	0
3.57138e+06	0
3.57148e+06	0
3.57158e+06	0
3.57168e+06	0
3.57178e+06	0
3.57188e+06	0
3.57198e+06	0
3.57208e+06	0
3.57218e+06	0
3.57228e+06	0
3.57238e+06	0
3.57248e+06	0
3.57258e+06	0
3.57268e+06	0
3.57278e+06	0
3.57288e+06	0
3.57298e+06	0
3.57308e+06	0
3.57318e+06	0
3.57328e+06	0
3.57338e+06	0
3.57348e+06	0
3.57358e+06	0
3.57368e+06	0
3.57378e+06	0
3.57388e+06	0
3.57398e+06	0
3.57408e+06	0
3.57418e+06	0
3.57428e+06	0
3.57438e+06	0
3.57448e+06	0
3.57458e+06	0
3.57468e+06	0
3.57478e+06	0
3.57488e+06	0
3.57498e+06	0
3.57508e+06	0
3.57518e+06	0
3.57528e+06	0
3.57538e+06	0
3.57548e+06	0
3.57558e+06	0
3.57568e+06	0
3.57578e+06	0
3.57588e+06	0
3.57598e+06	0
3.57608e+06	0
3.57618e+06	0
3.57628e+06	0
3.57638e+06	0
3.57648e+06	0
3.57658e+06	0
3.57668e+06	0
3.57678e+06	0
3.57688e+06	0
3.57698e+06	0
3.57708e+06	0
3.57718e+06	0
3.57728e+06	0
3.57738e+06	0
3.57748e+06	0
3.57758e+06	0
3.57768e+06	0
3.57778e+06	0
3.57788e+06	0
3.57798e+06	0
3.57808e+06	0
3.57818e+06	0
3.57828e+06	0
3.57838e+06	0
3.57848e+06	0
3.57858e+06	0
3.57868e+06	0
3.57878e+06	0
3.57888e+06	0
3.57898e+06	0
3.57908e+06	0
3.57918e+06	0
3.57928e+06	0
3.57938e+06	0
3.57948e+06	0
3.57958e+06	0
3.57968e+06	0
3.57978e+06	0
3.57988e+06	0
3.57998e+06	0
3.58008e+06	0
3.58018e+06	0
3.58028e+06	0
3.58038e+06	0
3.58048e+06	0
3.58058e+06	0
3.58068e+06	0
3.58078e+06	0
3.58088e+06	0
3.58098e+06	0
3.58108e+06	0
3.58118e+06	0
3.58128e+06	0
3.58138e+06	0
3.58148e+06	0
3.58158e+06	0
3.58168e+06	0
3.58178e+06	0
3.58188e+06	0
3.58198e+06	0
3.58208e+06	0
3.58218e+06	0
3.58228e+06	0
3.58238e+06	0
3.58248e+06	0
3.58258e+06	0
3.58268e+06	0
3.58278e+06	0
3.58288e+06	0
3.58298e+06	0
3.58308e+06	0
3.58318e+06	0
3.58328e+06	0
3.58338e+06	0
3.58348e+06	0
3.58358e+06	0
3.58368e+06	0
3.58378e+06	0
3.58388e+06	0
3.58398e+06	0
3.58408e+06	0
3.58418e+06	0
3.58428e+06	0
3.58438e+06	0
3.58448e+06	0
3.58458e+06	0
3.58468e+06	0
3.58478e+06	0
3.58488e+06	0
3.58498e+06	0
3.58508e+06	0
3.58518e+06	0
3.58528e+06	0
3.58538e+06	0
3.58548e+06	0
3.58558e+06	0
3.58568e+06	0
3.58578e+06	0
3.58588e+06	0
3.58598e+06	0
3.58608e+06	0
3.58618e+06	0
3.58628e+06	0
3.58638e+06	0
3.58648e+06	0
3.58658e+06	0
3.58668e+06	0
3.58678e+06	0
3.58688e+06	0
3.58698e+06	0
3.58708e+06	0
3.58718e+06	0
3.58728e+06	0
3.58738e+06	0
3.58748e+06	0
3.58758e+06	0
3.58768e+06	0
3.58778e+06	0
3.58788e+06	0
3.58798e+06	0
3.58808e+06	0
3.58818e+06	0
3.58828e+06	0
3.58838e+06	0
3.58848e+06	0
3.58858e+06	0
3.58868e+06	0
3.58878e+06	0
3.58888e+06	0
3.58898e+06	0
3.58908e+06	0
3.58918e+06	0
3.58928e+06	0
3.58938e+06	0
3.58948e+06	0
3.58958e+06	0
3.58968e+06	0
3.58978e+06	0
3.58988e+06	0
3.58998e+06	0
3.59008e+06	0
3.59018e+06	0
3.59028e+06	0
3.59038e+06	0
3.59048e+06	0
3.59058e+06	0
3.59068e+06	0
3.59078e+06	0
3.59088e+06	0
3.59098e+06	0
3.59108e+06	0
3.59118e+06	0
3.59128e+06	0
3.59138e+06	0
3.59148e+06	0
3.59158e+06	0
3.59168e+06	0
3.59178e+06	0
3.59188e+06	0
3.59198e+06	0
3.59208e+06	0
3.59218e+06	0
3.59228e+06	0
3.59238e+06	0
3.59248e+06	0
3.59258e+06	0
3.59268e+06	0
3.59278e+06	0
3.59288e+06	0
3.59298e+06	0
3.59308e+06	0
3.59318e+06	0
3.59328e+06	0
3.59338e+06	0
3.59348e+06	0
3.59358e+06	0
3.59368e+06	0
3.59378e+06	0
3.59388e+06	0
3.59398e+06	0
3.59408e+06	0
3.59418e+06	0
3.59428e+06	0
3.59438e+06	0
3.59448e+06	0
3.59458e+06	0
3.59468e+06	0
3.59478e+06	0
3.59488e+06	0
3.59498e+06	0
3.59508e+06	0
3.59518e+06	0
3.59528e+06	0
3.59538e+06	0
3.59548e+06	0
3.59558e+06	0
3.59568e+06	0
3.59578e+06	0
3.59588e+06	0
3.59598e+06	0
3.59608e+06	0
3.59618e+06	0
3.59628e+06	0
3.59638e+06	0
3.59648e+06	0
3.59658e+06	0
3.59668e+06	0
3.59678e+06	0
3.59688e+06	0
3.59698e+06	0
3.59708e+06	0
3.59718e+06	0
3.59728e+06	0
3.59738e+06	0
3.59748e+06	0
3.59758e+06	0
3.59768e+06	0
3.59778e+06	0
3.59788e+06	0
3.59798e+06	0
3.59808e+06	0
3.59818e+06	0
3.59828e+06	0
3.59838e+06	0
3.59848e+06	0
3.59858e+06	0
3.59868e+06	0
3.59878e+06	0
3.59888e+06	0
3.59898e+06	0
3.59908e+06	0
3.59918e+06	0
3.59928e+06	0
3.59938e+06	0
3.59948e+06	0
3.59958e+06	0
3.59968e+06	0
3.59978e+06	0
3.59988e+06	0
3.59998e+06	0
3.60008e+06	0
3.60018e+06	0
3.60028e+06	0
3.60038e+06	0
3.60048e+06	0
3.60058e+06	0
3.60068e+06	0
3.60078e+06	0
3.60088e+06	0
3.60098e+06	0
3.60108e+06	0
3.60118e+06	0
3.60128e+06	0
3.60138e+06	0
3.60148e+06	0
3.60158e+06	0
3.60168e+06	0
3.60178e+06	0
3.60188e+06	0
3.60198e+06	0
3.60208e+06	0
3.60218e+06	0
3.60228e+06	0
3.60238e+06	0
3.60248e+06	0
3.60258e+06	0
3.60268e+06	0
3.60278e+06	0
3.60288e+06	0
3.60298e+06	0
3.60308e+06	0
3.60318e+06	0
3.60328e+06	0
3.60338e+06	0
3.60348e+06	0
3.60358e+06	0
3.60368e+06	0
3.60378e+06	0
3.60388e+06	0
3.60398e+06	0
3.60408e+06	0
3.60418e+06	0
3.60428e+06	0
3.60438e+06	0
3.60448e+06	0
3.60458e+06	0
3.60468e+06	0
3.60478e+06	0
3.60488e+06	0
3.60498e+06	0
3.60508e+06	0
3.60518e+06	0
3.60528e+06	0
3.60538e+06	0
3.60548e+06	0
3.60558e+06	0
3.60568e+06	0
3.60578e+06	0
3.60588e+06	0
3.60598e+06	0
3.60608e+06	0
3.60618e+06	0
3.60628e+06	0
3.60638e+06	0
3.60648e+06	0
3.60658e+06	0
3.60668e+06	0
3.60678e+06	0
3.60688e+06	0
3.60698e+06	0
3.60708e+06	0
3.60718e+06	0
3.60728e+06	0
3.60738e+06	0
3.60748e+06	0
3.60758e+06	0
3.60768e+06	0
3.60778e+06	0
3.60788e+06	0
3.60798e+06	0
3.60808e+06	0
3.60818e+06	0
3.60828e+06	0
3.60838e+06	0
3.60848e+06	0
3.60858e+06	0
3.60868e+06	0
3.60878e+06	0
3.60888e+06	0
3.60898e+06	0
3.60908e+06	0
3.60918e+06	0
3.60928e+06	0
3.60938e+06	0
3.60948e+06	0
3.60958e+06	0
3.60968e+06	0
3.60978e+06	0
3.60988e+06	0
3.60998e+06	0
3.61008e+06	0
3.61018e+06	0
3.61028e+06	0
3.61038e+06	0
3.61048e+06	0
3.61058e+06	0
3.61068e+06	0
3.61078e+06	0
3.61088e+06	0
3.61098e+06	0
3.61108e+06	0
3.61118e+06	0
3.61128e+06	0
3.61138e+06	0
3.61148e+06	0
3.61158e+06	0
3.61168e+06	0
3.61178e+06	0
3.61188e+06	0
3.61198e+06	0
3.61208e+06	0
3.61218e+06	0
3.61228e+06	0
3.61238e+06	0
3.61248e+06	0
3.61258e+06	0
3.61268e+06	0
3.61278e+06	0
3.61288e+06	0
3.61298e+06	0
3.61308e+06	0
3.61318e+06	0
3.61328e+06	0
3.61338e+06	0
3.61348e+06	0
3.61358e+06	0
3.61368e+06	0
3.61378e+06	0
3.61388e+06	0
3.61398e+06	0
3.61408e+06	0
3.61418e+06	0
3.61428e+06	0
3.61438e+06	0
3.61448e+06	0
3.61458e+06	0
3.61468e+06	0
3.61478e+06	0
3.61488e+06	0
3.61498e+06	0
3.61508e+06	0
3.61518e+06	0
3.61528e+06	0
3.61538e+06	0
3.61548e+06	0
3.61558e+06	0
3.61568e+06	0
3.61578e+06	0
3.61588e+06	0
3.61598e+06	0
3.61608e+06	0
3.61618e+06	0
3.61628e+06	0
3.61638e+06	0
3.61648e+06	0
3.61658e+06	0
3.61668e+06	0
3.61678e+06	0
3.61688e+06	0
3.61698e+06	0
3.61708e+06	0
3.61718e+06	0
3.61728e+06	0
3.61738e+06	0
3.61748e+06	0
3.61758e+06	0
3.61768e+06	0
3.61778e+06	0
3.61788e+06	0
3.61798e+06	0
3.61808e+06	0
3.61818e+06	0
3.61828e+06	0
3.61838e+06	0
3.61848e+06	0
3.61858e+06	0
3.61868e+06	0
3.61878e+06	0
3.61888e+06	0
3.61898e+06	0
3.61908e+06	0
3.61918e+06	0
3.61928e+06	0
3.61938e+06	0
3.61948e+06	0
3.61958e+06	0
3.61968e+06	0
3.61978e+06	0
3.61988e+06	0
3.61998e+06	0
3.62008e+06	0
3.62018e+06	0
3.62028e+06	0
3.62038e+06	0
3.62048e+06	0
3.62058e+06	0
3.62068e+06	0
3.62078e+06	0
3.62088e+06	0
3.62098e+06	0
3.62108e+06	0
3.62118e+06	0
3.62128e+06	0
3.62138e+06	0
3.62148e+06	0
3.62158e+06	0
3.62168e+06	0
3.62178e+06	0
3.62188e+06	0
3.62198e+06	0
3.62208e+06	0
3.62218e+06	0
3.62228e+06	0
3.62238e+06	0
3.62248e+06	0
3.62258e+06	0
3.62268e+06	0
3.62278e+06	0
3.62288e+06	0
3.62298e+06	0
3.62308e+06	0
3.62318e+06	0
3.62328e+06	0
3.62338e+06	0
3.62348e+06	0
3.62358e+06	0
3.62368e+06	0
3.62378e+06	0
3.62388e+06	0
3.62398e+06	0
3.62408e+06	0
3.62418e+06	0
3.62428e+06	0
3.62438e+06	0
3.62448e+06	0
3.62458e+06	0
3.62468e+06	0
3.62478e+06	0
3.62488e+06	0
3.62498e+06	0
3.62508e+06	0
3.62518e+06	0
3.62528e+06	0
3.62538e+06	0
3.62548e+06	0
3.62558e+06	0
3.62568e+06	0
3.62578e+06	0
3.62588e+06	0
3.62598e+06	0
3.62608e+06	0
3.62618e+06	0
3.62628e+06	0
3.62638e+06	0
3.62648e+06	0
3.62658e+06	0
3.62668e+06	0
3.62678e+06	0
3.62688e+06	0
3.62698e+06	0
3.62708e+06	0
3.62718e+06	0
3.62728e+06	0
3.62738e+06	0
3.62748e+06	0
3.62758e+06	0
3.62768e+06	0
3.62778e+06	0
3.62788e+06	0
3.62798e+06	0
3.62808e+06	0
3.62818e+06	0
3.62828e+06	0
3.62838e+06	0
3.62848e+06	0
3.62858e+06	0
3.62868e+06	0
3.62878e+06	0
3.62888e+06	0
3.62898e+06	0
3.62908e+06	0
3.62918e+06	0
3.62928e+06	0
3.62938e+06	0
3.62948e+06	0
3.62958e+06	0
3.62968e+06	0
3.62978e+06	0
3.62988e+06	0
3.62998e+06	0
3.63008e+06	0
3.63018e+06	0
3.63028e+06	0
3.63038e+06	0
3.63048e+06	0
3.63058e+06	0
3.63068e+06	0
3.63078e+06	0
3.63088e+06	0
3.63098e+06	0
3.63108e+06	0
3.63118e+06	0
3.63128e+06	0
3.63138e+06	0
3.63148e+06	0
3.63158e+06	0
3.63168e+06	0
3.63178e+06	0
3.63188e+06	0
3.63198e+06	0
3.63208e+06	0
3.63218e+06	0
3.63228e+06	0
3.63238e+06	0
3.63248e+06	0
3.63258e+06	0
3.63268e+06	0
3.63278e+06	0
3.63288e+06	0
3.63298e+06	0
3.63308e+06	0
3.63318e+06	0
3.63328e+06	0
3.63338e+06	0
3.63348e+06	0
3.63358e+06	0
3.63368e+06	0
3.63378e+06	0
3.63388e+06	0
3.63398e+06	0
3.63408e+06	0
3.63418e+06	0
3.63428e+06	0
3.63438e+06	0
3.63448e+06	0
3.63458e+06	0
3.63468e+06	0
3.63478e+06	0
3.63488e+06	0
3.63498e+06	0
3.63508e+06	0
3.63518e+06	0
3.63528e+06	0
3.63538e+06	0
3.63548e+06	0
3.63558e+06	0
3.63568e+06	0
3.63578e+06	0
3.63588e+06	0
3.63598e+06	0
3.63608e+06	0
3.63618e+06	0
3.63628e+06	0
3.63638e+06	0
3.63648e+06	0
3.63658e+06	0
3.63668e+06	0
3.63678e+06	0
3.63688e+06	0
3.63698e+06	0
3.63708e+06	0
3.63718e+06	0
3.63728e+06	0
3.63738e+06	0
3.63748e+06	0
3.63758e+06	0
3.63768e+06	0
3.63778e+06	0
3.63788e+06	0
3.63798e+06	0
3.63808e+06	0
3.63818e+06	0
3.63828e+06	0
3.63838e+06	0
3.63848e+06	0
3.63858e+06	0
3.63868e+06	0
3.63878e+06	0
3.63888e+06	0
3.63898e+06	0
3.63908e+06	0
3.63918e+06	0
3.63928e+06	0
3.63938e+06	0
3.63948e+06	0
3.63958e+06	0
3.63968e+06	0
3.63978e+06	0
3.63988e+06	0
3.63998e+06	0
3.64008e+06	0
3.64018e+06	0
3.64028e+06	0
3.64038e+06	0
3.64048e+06	0
3.64058e+06	0
3.64068e+06	0
3.64078e+06	0
3.64088e+06	0
3.64098e+06	0
3.64108e+06	0
3.64118e+06	0
3.64128e+06	0
3.64138e+06	0
3.64148e+06	0
3.64158e+06	0
3.64168e+06	0
3.64178e+06	0
3.64188e+06	0
3.64198e+06	0
3.64208e+06	0
3.64218e+06	0
3.64228e+06	0
3.64238e+06	0
3.64248e+06	0
3.64258e+06	0
3.64268e+06	0
3.64278e+06	0
3.64288e+06	0
3.64298e+06	0
3.64308e+06	0
3.64318e+06	0
3.64328e+06	0
3.64338e+06	0
3.64348e+06	0
3.64358e+06	0
3.64368e+06	0
3.64378e+06	0
3.64388e+06	0
3.64398e+06	0
3.64408e+06	0
3.64418e+06	0
3.64428e+06	0
3.64438e+06	0
3.64448e+06	0
3.64458e+06	0
3.64468e+06	0
3.64478e+06	0
3.64488e+06	0
3.64498e+06	0
3.64508e+06	0
3.64518e+06	0
3.64528e+06	0
3.64538e+06	0
3.64548e+06	0
3.64558e+06	0
3.64568e+06	0
3.64578e+06	0
3.64588e+06	0
3.64598e+06	0
3.64608e+06	0
3.64618e+06	0
3.64628e+06	0
3.64638e+06	0
3.64648e+06	0
3.64658e+06	0
3.64668e+06	0
3.64678e+06	0
3.64688e+06	0
3.64698e+06	0
3.64708e+06	0
3.64718e+06	0
3.64728e+06	0
3.64738e+06	0
3.64748e+06	0
3.64758e+06	0
3.64768e+06	0
3.64778e+06	0
3.64788e+06	0
3.64798e+06	0
3.64808e+06	0
3.64818e+06	0
3.64828e+06	0
3.64838e+06	0
3.64848e+06	0
3.64858e+06	0
3.64868e+06	0
3.64878e+06	0
3.64888e+06	0
3.64898e+06	0
3.64908e+06	0
3.64918e+06	0
3.64928e+06	0
3.64938e+06	0
3.64948e+06	0
3.64958e+06	0
3.64968e+06	0
3.64978e+06	0
3.64988e+06	0
3.64998e+06	0
3.65008e+06	0
3.65018e+06	0
3.65028e+06	0
3.65038e+06	0
3.65048e+06	0
3.65058e+06	0
3.65068e+06	0
3.65078e+06	0
3.65088e+06	0
3.65098e+06	0
3.65108e+06	0
3.65118e+06	0
3.65128e+06	0
3.65138e+06	0
3.65148e+06	0
3.65158e+06	0
3.65168e+06	0
3.65178e+06	0
3.65188e+06	0
3.65198e+06	0
3.65208e+06	0
3.65218e+06	0
3.65228e+06	0
3.65238e+06	0
3.65248e+06	0
3.65258e+06	0
3.65268e+06	0
3.65278e+06	0
3.65288e+06	0
3.65298e+06	0
3.65308e+06	0
3.65318e+06	0
3.65328e+06	0
3.65338e+06	0
3.65348e+06	0
3.65358e+06	0
3.65368e+06	0
3.65378e+06	0
3.65388e+06	0
3.65398e+06	0
3.65408e+06	0
3.65418e+06	0
3.65428e+06	0
3.65438e+06	0
3.65448e+06	0
3.65458e+06	0
3.65468e+06	0
3.65478e+06	0
3.65488e+06	0
3.65498e+06	0
3.65508e+06	0
3.65518e+06	0
3.65528e+06	0
3.65538e+06	0
3.65548e+06	0
3.65558e+06	0
3.65568e+06	0
3.65578e+06	0
3.65588e+06	0
3.65598e+06	0
3.65608e+06	0
3.65618e+06	0
3.65628e+06	0
3.65638e+06	0
3.65648e+06	0
3.65658e+06	0
3.65668e+06	0
3.65678e+06	0
3.65688e+06	0
3.65698e+06	0
3.65708e+06	0
3.65718e+06	0
3.65728e+06	0
3.65738e+06	0
3.65748e+06	0
3.65758e+06	0
3.65768e+06	0
3.65778e+06	0
3.65788e+06	0
3.65798e+06	0
3.65808e+06	0
3.65818e+06	0
3.65828e+06	0
3.65838e+06	0
3.65848e+06	0
3.65858e+06	0
3.65868e+06	0
3.65878e+06	0
3.65888e+06	0
3.65898e+06	0
3.65908e+06	0
3.65918e+06	0
3.65928e+06	0
3.65938e+06	0
3.65948e+06	0
3.65958e+06	0
3.65968e+06	0
3.65978e+06	0
3.65988e+06	0
3.65998e+06	0
3.66008e+06	0
3.66018e+06	0
3.66028e+06	0
3.66038e+06	0
3.66048e+06	0
3.66058e+06	0
3.66068e+06	0
3.66078e+06	0
3.66088e+06	0
3.66098e+06	0
3.66108e+06	0
3.66118e+06	0
3.66128e+06	0
3.66138e+06	0
3.66148e+06	0
3.66158e+06	0
3.66168e+06	0
3.66178e+06	0
3.66188e+06	0
3.66198e+06	0
3.66208e+06	0
3.66218e+06	0
3.66228e+06	0
3.66238e+06	0
3.66248e+06	0
3.66258e+06	0
3.66268e+06	0
3.66278e+06	0
3.66288e+06	0
3.66298e+06	0
3.66308e+06	0
3.66318e+06	0
3.66328e+06	0
3.66338e+06	0
3.66348e+06	0
3.66358e+06	0
3.66368e+06	0
3.66378e+06	0
3.66388e+06	0
3.66398e+06	0
3.66408e+06	0
3.66418e+06	0
3.66428e+06	0
3.66438e+06	0
3.66448e+06	0
3.66458e+06	0
3.66468e+06	0
3.66478e+06	0
3.66488e+06	0
3.66498e+06	0
3.66508e+06	0
3.66518e+06	0
3.66528e+06	0
3.66538e+06	0
3.66548e+06	0
3.66558e+06	0
3.66568e+06	0
3.66578e+06	0
3.66588e+06	0
3.66598e+06	0
3.66608e+06	0
3.66618e+06	0
3.66628e+06	0
3.66638e+06	0
3.66648e+06	0
3.66658e+06	0
3.66668e+06	0
3.66678e+06	0
3.66688e+06	0
3.66698e+06	0
3.66708e+06	0
3.66718e+06	0
3.66728e+06	0
3.66738e+06	0
3.66748e+06	0
3.66758e+06	0
3.66768e+06	0
3.66778e+06	0
3.66788e+06	0
3.66798e+06	0
3.66808e+06	0
3.66818e+06	0
3.66828e+06	0
3.66838e+06	0
3.66848e+06	0
3.66858e+06	0
3.66868e+06	0
3.66878e+06	0
3.66888e+06	0
3.66898e+06	0
3.66908e+06	0
3.66918e+06	0
3.66928e+06	0
3.66938e+06	0
3.66948e+06	0
3.66958e+06	0
3.66968e+06	0
3.66978e+06	0
3.66988e+06	0
3.66998e+06	0
3.67008e+06	0
3.67018e+06	0
3.67028e+06	0
3.67038e+06	0
3.67048e+06	0
3.67058e+06	0
3.67068e+06	0
3.67078e+06	0
3.67088e+06	0
3.67098e+06	0
3.67108e+06	0
3.67118e+06	0
3.67128e+06	0
3.67138e+06	0
3.67148e+06	0
3.67158e+06	0
3.67168e+06	0
3.67178e+06	0
3.67188e+06	0
3.67198e+06	0
3.67208e+06	0
3.67218e+06	0
3.67228e+06	0
3.67238e+06	0
3.67248e+06	0
3.67258e+06	0
3.67268e+06	0
3.67278e+06	0
3.67288e+06	0
3.67298e+06	0
3.67308e+06	0
3.67318e+06	0
3.67328e+06	0
3.67338e+06	0
3.67348e+06	0
3.67358e+06	0
3.67368e+06	0
3.67378e+06	0
3.67388e+06	0
3.67398e+06	0
3.67408e+06	0
3.67418e+06	0
3.67428e+06	0
3.67438e+06	0
3.67448e+06	0
3.67458e+06	0
3.67468e+06	0
3.67478e+06	0
3.67488e+06	0
3.67498e+06	0
3.67508e+06	0
3.67518e+06	0
3.67528e+06	0
3.67538e+06	0
3.67548e+06	0
3.67558e+06	0
3.67568e+06	0
3.67578e+06	0
3.67588e+06	0
3.67598e+06	0
3.67608e+06	0
3.67618e+06	0
3.67628e+06	0
3.67638e+06	0
3.67648e+06	0
3.67658e+06	0
3.67668e+06	0
3.67678e+06	0
3.67688e+06	0
3.67698e+06	0
3.67708e+06	0
3.67718e+06	0
3.67728e+06	0
3.67738e+06	0
3.67748e+06	0
3.67758e+06	0
3.67768e+06	0
3.67778e+06	0
3.67788e+06	0
3.67798e+06	0
3.67808e+06	0
3.67818e+06	0
3.67828e+06	0
3.67838e+06	0
3.67848e+06	0
3.67858e+06	0
3.67868e+06	0
3.67878e+06	0
3.67888e+06	0
3.67898e+06	0
3.67908e+06	0
3.67918e+06	0
3.67928e+06	0
3.67938e+06	0
3.67948e+06	0
3.67958e+06	0
3.67968e+06	0
3.67978e+06	0
3.67988e+06	0
3.67998e+06	0
3.68008e+06	0
3.68018e+06	0
3.68028e+06	0
3.68038e+06	0
3.68048e+06	0
3.68058e+06	0
3.68068e+06	0
3.68078e+06	0
3.68088e+06	0
3.68098e+06	0
3.68108e+06	0
3.68118e+06	0
3.68128e+06	0
3.68138e+06	0
3.68148e+06	0
3.68158e+06	0
3.68168e+06	0
3.68178e+06	0
3.68188e+06	0
3.68198e+06	0
3.68208e+06	0
3.68218e+06	0
3.68228e+06	0
3.68238e+06	0
3.68248e+06	0
3.68258e+06	0
3.68268e+06	0
3.68278e+06	0
3.68288e+06	0
3.68298e+06	0
3.68308e+06	0
3.68318e+06	0
3.68328e+06	0
3.68338e+06	0
3.68348e+06	0
3.68358e+06	0
3.68368e+06	0
3.68378e+06	0
3.68388e+06	0
3.68398e+06	0
3.68408e+06	0
3.68418e+06	0
3.68428e+06	0
3.68438e+06	0
3.68448e+06	0
3.68458e+06	0
3.68468e+06	0
3.68478e+06	0
3.68488e+06	0
3.68498e+06	0
3.68508e+06	0
3.68518e+06	0
3.68528e+06	0
3.68538e+06	0
3.68548e+06	0
3.68558e+06	0
3.68568e+06	0
3.68578e+06	0
3.68588e+06	0
3.68598e+06	0
3.68608e+06	0
3.68618e+06	0
3.68628e+06	0
3.68638e+06	0
3.68648e+06	0
3.68658e+06	0
3.68668e+06	0
3.68678e+06	0
3.68688e+06	0
3.68698e+06	0
3.68708e+06	0
3.68718e+06	0
3.68728e+06	0
3.68738e+06	0
3.68748e+06	0
3.68758e+06	0
3.68768e+06	0
3.68778e+06	0
3.68788e+06	0
3.68798e+06	0
3.68808e+06	0
3.68818e+06	0
3.68828e+06	0
3.68838e+06	0
3.68848e+06	0
3.68858e+06	0
3.68868e+06	0
3.68878e+06	0
3.68888e+06	0
3.68898e+06	0
3.68908e+06	0
3.68918e+06	0
3.68928e+06	0
3.68938e+06	0
3.68948e+06	0
3.68958e+06	0
3.68968e+06	0
3.68978e+06	0
3.68988e+06	0
3.68998e+06	0
3.69008e+06	0
3.69018e+06	0
3.69028e+06	0
3.69038e+06	0
3.69048e+06	0
3.69058e+06	0
3.69068e+06	0
3.69078e+06	0
3.69088e+06	0
3.69098e+06	0
3.69108e+06	0
3.69118e+06	0
3.69128e+06	0
3.69138e+06	0
3.69148e+06	0
3.69158e+06	0
3.69168e+06	0
3.69178e+06	0
3.69188e+06	0
3.69198e+06	0
3.69208e+06	0
3.69218e+06	0
3.69228e+06	0
3.69238e+06	0
3.69248e+06	0
3.69258e+06	0
3.69268e+06	0
3.69278e+06	0
3.69288e+06	0
3.69298e+06	0
3.69308e+06	0
3.69318e+06	0
3.69328e+06	0
3.69338e+06	0
3.69348e+06	0
3.69358e+06	0
3.69368e+06	0
3.69378e+06	0
3.69388e+06	0
3.69398e+06	0
3.69408e+06	0
3.69418e+06	0
3.69428e+06	0
3.69438e+06	0
3.69448e+06	0
3.69458e+06	0
3.69468e+06	0
3.69478e+06	0
3.69488e+06	0
3.69498e+06	0
3.69508e+06	0
3.69518e+06	0
3.69528e+06	0
3.69538e+06	0
3.69548e+06	0
3.69558e+06	0
3.69568e+06	0
3.69578e+06	0
3.69588e+06	0
3.69598e+06	0
3.69608e+06	0
3.69618e+06	0
3.69628e+06	0
3.69638e+06	0
3.69648e+06	0
3.69658e+06	0
3.69668e+06	0
3.69678e+06	0
3.69688e+06	0
3.69698e+06	0
3.69708e+06	0
3.69718e+06	0
3.69728e+06	0
3.69738e+06	0
3.69748e+06	0
3.69758e+06	0
3.69768e+06	0
3.69778e+06	0
3.69788e+06	0
3.69798e+06	0
3.69808e+06	0
3.69818e+06	0
3.69828e+06	0
3.69838e+06	0
3.69848e+06	0
3.69858e+06	0
3.69868e+06	0
3.69878e+06	0
3.69888e+06	0
3.69898e+06	0
3.69908e+06	0
3.69918e+06	0
3.69928e+06	0
3.69938e+06	0
3.69948e+06	0
3.69958e+06	0
3.69968e+06	0
3.69978e+06	0
3.69988e+06	0
3.69998e+06	0
3.70008e+06	0
3.70018e+06	0
3.70028e+06	0
3.70038e+06	0
3.70048e+06	0
3.70058e+06	0
3.70068e+06	0
3.70078e+06	0
3.70088e+06	0
3.70098e+06	0
3.70108e+06	0
3.70118e+06	0
3.70128e+06	0
3.70138e+06	0
3.70148e+06	0
3.70158e+06	0
3.70168e+06	0
3.70178e+06	0
3.70188e+06	0
3.70198e+06	0
3.70208e+06	0
3.70218e+06	0
3.70228e+06	0
3.70238e+06	0
3.70248e+06	0
3.70258e+06	0
3.70268e+06	0
3.70278e+06	0
3.70288e+06	0
3.70298e+06	0
3.70308e+06	0
3.70318e+06	0
3.70328e+06	0
3.70338e+06	0
3.70348e+06	0
3.70358e+06	0
3.70368e+06	0
3.70378e+06	0
3.70388e+06	0
3.70398e+06	0
3.70408e+06	0
3.70418e+06	0
3.70428e+06	0
3.70438e+06	0
3.70448e+06	0
3.70458e+06	0
3.70468e+06	0
3.70478e+06	0
3.70488e+06	0
3.70498e+06	0
3.70508e+06	0
3.70518e+06	0
3.70528e+06	0
3.70538e+06	0
3.70548e+06	0
3.70558e+06	0
3.70568e+06	0
3.70578e+06	0
3.70588e+06	0
3.70598e+06	0
3.70608e+06	0
3.70618e+06	0
3.70628e+06	0
3.70638e+06	0
3.70648e+06	0
3.70658e+06	0
3.70668e+06	0
3.70678e+06	0
3.70688e+06	0
3.70698e+06	0
3.70708e+06	0
3.70718e+06	0
3.70728e+06	0
3.70738e+06	0
3.70748e+06	0
3.70758e+06	0
3.70768e+06	0
3.70778e+06	0
3.70788e+06	0
3.70798e+06	0
3.70808e+06	0
3.70818e+06	0
3.70828e+06	0
3.70838e+06	0
3.70848e+06	0
3.70858e+06	0
3.70868e+06	0
3.70878e+06	0
3.70888e+06	0
3.70898e+06	0
3.70908e+06	0
3.70918e+06	0
3.70928e+06	0
3.70938e+06	0
3.70948e+06	0
3.70958e+06	0
3.70968e+06	0
3.70978e+06	0
3.70988e+06	0
3.70998e+06	0
3.71008e+06	0
3.71018e+06	0
3.71028e+06	0
3.71038e+06	0
3.71048e+06	0
3.71058e+06	0
3.71068e+06	0
3.71078e+06	0
3.71088e+06	0
3.71098e+06	0
3.71108e+06	0
3.71118e+06	0
3.71128e+06	0
3.71138e+06	0
3.71148e+06	0
3.71158e+06	0
3.71168e+06	0
3.71178e+06	0
3.71188e+06	0
3.71198e+06	0
3.71208e+06	0
3.71218e+06	0
3.71228e+06	0
3.71238e+06	0
3.71248e+06	0
3.71258e+06	0
3.71268e+06	0
3.71278e+06	0
3.71288e+06	0
3.71298e+06	0
3.71308e+06	0
3.71318e+06	0
3.71328e+06	0
3.71338e+06	0
3.71348e+06	0
3.71358e+06	0
3.71368e+06	0
3.71378e+06	0
3.71388e+06	0
3.71398e+06	0
3.71408e+06	0
3.71418e+06	0
3.71428e+06	0
3.71438e+06	0
3.71448e+06	0
3.71458e+06	0
3.71468e+06	0
3.71478e+06	0
3.71488e+06	0
3.71498e+06	0
3.71508e+06	0
3.71518e+06	0
3.71528e+06	0
3.71538e+06	0
3.71548e+06	0
3.71558e+06	0
3.71568e+06	0
3.71578e+06	0
3.71588e+06	0
3.71598e+06	0
3.71608e+06	0
3.71618e+06	0
3.71628e+06	0
3.71638e+06	0
3.71648e+06	0
3.71658e+06	0
3.71668e+06	0
3.71678e+06	0
3.71688e+06	0
3.71698e+06	0
3.71708e+06	0
3.71718e+06	0
3.71728e+06	0
3.71738e+06	0
3.71748e+06	0
3.71758e+06	0
3.71768e+06	0
3.71778e+06	0
3.71788e+06	0
3.71798e+06	0
3.71808e+06	0
3.71818e+06	0
3.71828e+06	0
3.71838e+06	0
3.71848e+06	0
3.71858e+06	0
3.71868e+06	0
3.71878e+06	0
3.71888e+06	0
3.71898e+06	0
3.71908e+06	0
3.71918e+06	0
3.71928e+06	0
3.71938e+06	0
3.71948e+06	0
3.71958e+06	0
3.71968e+06	0
3.71978e+06	0
3.71988e+06	0
3.71998e+06	0
3.72008e+06	0
3.72018e+06	0
3.72028e+06	0
3.72038e+06	0
3.72048e+06	0
3.72058e+06	0
3.72068e+06	0
3.72078e+06	0
3.72088e+06	0
3.72098e+06	0
3.72108e+06	0
3.72118e+06	0
3.72128e+06	0
3.72138e+06	0
3.72148e+06	0
3.72158e+06	0
3.72168e+06	0
3.72178e+06	0
3.72188e+06	0
3.72198e+06	0
3.72208e+06	0
3.72218e+06	0
3.72228e+06	0
3.72238e+06	0
3.72248e+06	0
3.72258e+06	0
3.72268e+06	0
3.72278e+06	0
3.72288e+06	0
3.72298e+06	0
3.72308e+06	0
3.72318e+06	0
3.72328e+06	0
3.72338e+06	0
3.72348e+06	0
3.72358e+06	0
3.72368e+06	0
3.72378e+06	0
3.72388e+06	0
3.72398e+06	0
3.72408e+06	0
3.72418e+06	0
3.72428e+06	0
3.72438e+06	0
3.72448e+06	0
3.72458e+06	0
3.72468e+06	0
3.72478e+06	0
3.72488e+06	0
3.72498e+06	0
3.72508e+06	0
3.72518e+06	0
3.72528e+06	0
3.72538e+06	0
3.72548e+06	0
3.72558e+06	0
3.72568e+06	0
3.72578e+06	0
3.72588e+06	0
3.72598e+06	0
3.72608e+06	0
3.72618e+06	0
3.72628e+06	0
3.72638e+06	0
3.72648e+06	0
3.72658e+06	0
3.72668e+06	0
3.72678e+06	0
3.72688e+06	0
3.72698e+06	0
3.72708e+06	0
3.72718e+06	0
3.72728e+06	0
3.72738e+06	0
3.72748e+06	0
3.72758e+06	0
3.72768e+06	0
3.72778e+06	0
3.72788e+06	0
3.72798e+06	0
3.72808e+06	0
3.72818e+06	0
3.72828e+06	0
3.72838e+06	0
3.72848e+06	0
3.72858e+06	0
3.72868e+06	0
3.72878e+06	0
3.72888e+06	0
3.72898e+06	0
3.72908e+06	0
3.72918e+06	0
3.72928e+06	0
3.72938e+06	0
3.72948e+06	0
3.72958e+06	0
3.72968e+06	0
3.72978e+06	0
3.72988e+06	0
3.72998e+06	0
3.73008e+06	0
3.73018e+06	0
3.73028e+06	0
3.73038e+06	0
3.73048e+06	0
3.73058e+06	0
3.73068e+06	0
3.73078e+06	0
3.73088e+06	0
3.73098e+06	0
3.73108e+06	0
3.73118e+06	0
3.73128e+06	0
3.73138e+06	0
3.73148e+06	0
3.73158e+06	0
3.73168e+06	0
3.73178e+06	0
3.73188e+06	0
3.73198e+06	0
3.73208e+06	0
3.73218e+06	0
3.73228e+06	0
3.73238e+06	0
3.73248e+06	0
3.73258e+06	0
3.73268e+06	0
3.73278e+06	0
3.73288e+06	0
3.73298e+06	0
3.73308e+06	0
3.73318e+06	0
3.73328e+06	0
3.73338e+06	0
3.73348e+06	0
3.73358e+06	0
3.73368e+06	0
3.73378e+06	0
3.73388e+06	0
3.73398e+06	0
3.73408e+06	0
3.73418e+06	0
3.73428e+06	0
3.73438e+06	0
3.73448e+06	0
3.73458e+06	0
3.73468e+06	0
3.73478e+06	0
3.73488e+06	0
3.73498e+06	0
3.73508e+06	0
3.73518e+06	0
3.73528e+06	0
3.73538e+06	0
3.73548e+06	0
3.73558e+06	0
3.73568e+06	0
3.73578e+06	0
3.73588e+06	0
3.73598e+06	0
3.73608e+06	0
3.73618e+06	0
3.73628e+06	0
3.73638e+06	0
3.73648e+06	0
3.73658e+06	0
3.73668e+06	0
3.73678e+06	0
3.73688e+06	0
3.73698e+06	0
3.73708e+06	0
3.73718e+06	0
3.73728e+06	0
3.73738e+06	0
3.73748e+06	0
3.73758e+06	0
3.73768e+06	0
3.73778e+06	0
3.73788e+06	0
3.73798e+06	0
3.73808e+06	0
3.73818e+06	0
3.73828e+06	0
3.73838e+06	0
3.73848e+06	0
3.73858e+06	0
3.73868e+06	0
3.73878e+06	0
3.73888e+06	0
3.73898e+06	0
3.73908e+06	0
3.73918e+06	0
3.73928e+06	0
3.73938e+06	0
3.73948e+06	0
3.73958e+06	0
3.73968e+06	0
3.73978e+06	0
3.73988e+06	0
3.73998e+06	0
3.74008e+06	0
3.74018e+06	0
3.74028e+06	0
3.74038e+06	0
3.74048e+06	0
3.74058e+06	0
3.74068e+06	0
3.74078e+06	0
3.74088e+06	0
3.74098e+06	0
3.74108e+06	0
3.74118e+06	0
3.74128e+06	0
3.74138e+06	0
3.74148e+06	0
3.74158e+06	0
3.74168e+06	0
3.74178e+06	0
3.74188e+06	0
3.74198e+06	0
3.74208e+06	0
3.74218e+06	0
3.74228e+06	0
3.74238e+06	0
3.74248e+06	0
3.74258e+06	0
3.74268e+06	0
3.74278e+06	0
3.74288e+06	0
3.74298e+06	0
3.74308e+06	0
3.74318e+06	0
3.74328e+06	0
3.74338e+06	0
3.74348e+06	0
3.74358e+06	0
3.74368e+06	0
3.74378e+06	0
3.74388e+06	0
3.74398e+06	0
3.74408e+06	0
3.74418e+06	0
3.74428e+06	0
3.74438e+06	0
3.74448e+06	0
3.74458e+06	0
3.74468e+06	0
3.74478e+06	0
3.74488e+06	0
3.74498e+06	0
3.74508e+06	0
3.74518e+06	0
3.74528e+06	0
3.74538e+06	0
3.74548e+06	0
3.74558e+06	0
3.74568e+06	0
3.74578e+06	0
3.74588e+06	0
3.74598e+06	0
3.74608e+06	0
3.74618e+06	0
3.74628e+06	0
3.74638e+06	0
3.74648e+06	0
3.74658e+06	0
3.74668e+06	0
3.74678e+06	0
3.74688e+06	0
3.74698e+06	0
3.74708e+06	0
3.74718e+06	0
3.74728e+06	0
3.74738e+06	0
3.74748e+06	0
3.74758e+06	0
3.74768e+06	0
3.74778e+06	0
3.74788e+06	0
3.74798e+06	0
3.74808e+06	0
3.74818e+06	0
3.74828e+06	0
3.74838e+06	0
3.74848e+06	0
3.74858e+06	0
3.74868e+06	0
3.74878e+06	0
3.74888e+06	0
3.74898e+06	0
3.74908e+06	0
3.74918e+06	0
3.74928e+06	0
3.74938e+06	0
3.74948e+06	0
3.74958e+06	0
3.74968e+06	0
3.74978e+06	0
3.74988e+06	0
3.74998e+06	0
3.75008e+06	0
3.75018e+06	0
3.75028e+06	0
3.75038e+06	0
3.75048e+06	0
3.75058e+06	0
3.75068e+06	0
3.75078e+06	0
3.75088e+06	0
3.75098e+06	0
3.75108e+06	0
3.75118e+06	0
3.75128e+06	0
3.75138e+06	0
3.75148e+06	0
3.75158e+06	0
3.75168e+06	0
3.75178e+06	0
3.75188e+06	0
3.75198e+06	0
3.75208e+06	0
3.75218e+06	0
3.75228e+06	0
3.75238e+06	0
3.75248e+06	0
3.75258e+06	0
3.75268e+06	0
3.75278e+06	0
3.75288e+06	0
3.75298e+06	0
3.75308e+06	0
3.75318e+06	0
3.75328e+06	0
3.75338e+06	0
3.75348e+06	0
3.75358e+06	0
3.75368e+06	0
3.75378e+06	0
3.75388e+06	0
3.75398e+06	0
3.75408e+06	0
3.75418e+06	0
3.75428e+06	0
3.75438e+06	0
3.75448e+06	0
3.75458e+06	0
3.75468e+06	0
3.75478e+06	0
3.75488e+06	0
3.75498e+06	0
3.75508e+06	0
3.75518e+06	0
3.75528e+06	0
3.75538e+06	0
3.75548e+06	0
3.75558e+06	0
3.75568e+06	0
3.75578e+06	0
3.75588e+06	0
3.75598e+06	0
3.75608e+06	0
3.75618e+06	0
3.75628e+06	0
3.75638e+06	0
3.75648e+06	0
3.75658e+06	0
3.75668e+06	0
3.75678e+06	0
3.75688e+06	0
3.75698e+06	0
3.75708e+06	0
3.75718e+06	0
3.75728e+06	0
3.75738e+06	0
3.75748e+06	0
3.75758e+06	0
3.75768e+06	0
3.75778e+06	0
3.75788e+06	0
3.75798e+06	0
3.75808e+06	0
3.75818e+06	0
3.75828e+06	0
3.75838e+06	0
3.75848e+06	0
3.75858e+06	0
3.75868e+06	0
3.75878e+06	0
3.75888e+06	0
3.75898e+06	0
3.75908e+06	0
3.75918e+06	0
3.75928e+06	0
3.75938e+06	0
3.75948e+06	0
3.75958e+06	0
3.75968e+06	0
3.75978e+06	0
3.75988e+06	0
3.75998e+06	0
3.76008e+06	0
3.76018e+06	0
3.76028e+06	0
3.76038e+06	0
3.76048e+06	0
3.76058e+06	0
3.76068e+06	0
3.76078e+06	0
3.76088e+06	0
3.76098e+06	0
3.76108e+06	0
3.76118e+06	0
3.76128e+06	0
3.76138e+06	0
3.76148e+06	0
3.76158e+06	0
3.76168e+06	0
3.76178e+06	0
3.76188e+06	0
3.76198e+06	0
3.76208e+06	0
3.76218e+06	0
3.76228e+06	0
3.76238e+06	0
3.76248e+06	0
3.76258e+06	0
3.76268e+06	0
3.76278e+06	0
3.76288e+06	0
3.76298e+06	0
3.76308e+06	0
3.76318e+06	0
3.76328e+06	0
3.76338e+06	0
3.76348e+06	0
3.76358e+06	0
3.76368e+06	0
3.76378e+06	0
3.76388e+06	0
3.76398e+06	0
3.76408e+06	0
3.76418e+06	0
3.76428e+06	0
3.76438e+06	0
3.76448e+06	0
3.76458e+06	0
3.76468e+06	0
3.76478e+06	0
3.76488e+06	0
3.76498e+06	0
3.76508e+06	0
3.76518e+06	0
3.76528e+06	0
3.76538e+06	0
3.76548e+06	0
3.76558e+06	0
3.76568e+06	0
3.76578e+06	0
3.76588e+06	0
3.76598e+06	0
3.76608e+06	0
3.76618e+06	0
3.76628e+06	0
3.76638e+06	0
3.76648e+06	0
3.76658e+06	0
3.76668e+06	0
3.76678e+06	0
3.76688e+06	0
3.76698e+06	0
3.76708e+06	0
3.76718e+06	0
3.76728e+06	0
3.76738e+06	0
3.76748e+06	0
3.76758e+06	0
3.76768e+06	0
3.76778e+06	0
3.76788e+06	0
3.76798e+06	0
3.76808e+06	0
3.76818e+06	0
3.76828e+06	0
3.76838e+06	0
3.76848e+06	0
3.76858e+06	0
3.76868e+06	0
3.76878e+06	0
3.76888e+06	0
3.76898e+06	0
3.76908e+06	0
3.76918e+06	0
3.76928e+06	0
3.76938e+06	0
3.76948e+06	0
3.76958e+06	0
3.76968e+06	0
3.76978e+06	0
3.76988e+06	0
3.76998e+06	0
3.77008e+06	0
3.77018e+06	0
3.77028e+06	0
3.77038e+06	0
3.77048e+06	0
3.77058e+06	0
3.77068e+06	0
3.77078e+06	0
3.77088e+06	0
3.77098e+06	0
3.77108e+06	0
3.77118e+06	0
3.77128e+06	0
3.77138e+06	0
3.77148e+06	0
3.77158e+06	0
3.77168e+06	0
3.77178e+06	0
3.77188e+06	0
3.77198e+06	0
3.77208e+06	0
3.77218e+06	0
3.77228e+06	0
3.77238e+06	0
3.77248e+06	0
3.77258e+06	0
3.77268e+06	0
3.77278e+06	0
3.77288e+06	0
3.77298e+06	0
3.77308e+06	0
3.77318e+06	0
3.77328e+06	0
3.77338e+06	0
3.77348e+06	0
3.77358e+06	0
3.77368e+06	0
3.77378e+06	0
3.77388e+06	0
3.77398e+06	0
3.77408e+06	0
3.77418e+06	0
3.77428e+06	0
3.77438e+06	0
3.77448e+06	0
3.77458e+06	0
3.77468e+06	0
3.77478e+06	0
3.77488e+06	0
3.77498e+06	0
3.77508e+06	0
3.77518e+06	0
3.77528e+06	0
3.77538e+06	0
3.77548e+06	0
3.77558e+06	0
3.77568e+06	0
3.77578e+06	0
3.77588e+06	0
3.77598e+06	0
3.77608e+06	0
3.77618e+06	0
3.77628e+06	0
3.77638e+06	0
3.77648e+06	0
3.77658e+06	0
3.77668e+06	0
3.77678e+06	0
3.77688e+06	0
3.77698e+06	0
3.77708e+06	0
3.77718e+06	0
3.77728e+06	0
3.77738e+06	0
3.77748e+06	0
3.77758e+06	0
3.77768e+06	0
3.77778e+06	0
3.77788e+06	0
3.77798e+06	0
3.77808e+06	0
3.77818e+06	0
3.77828e+06	0
3.77838e+06	0
3.77848e+06	0
3.77858e+06	0
3.77868e+06	0
3.77878e+06	0
3.77888e+06	0
3.77898e+06	0
3.77908e+06	0
3.77918e+06	0
3.77928e+06	0
3.77938e+06	0
3.77948e+06	0
3.77958e+06	0
3.77968e+06	0
3.77978e+06	0
3.77988e+06	0
3.77998e+06	0
3.78008e+06	0
3.78018e+06	0
3.78028e+06	0
3.78038e+06	0
3.78048e+06	0
3.78058e+06	0
3.78068e+06	0
3.78078e+06	0
3.78088e+06	0
3.78098e+06	0
3.78108e+06	0
3.78118e+06	0
3.78128e+06	0
3.78138e+06	0
3.78148e+06	0
3.78158e+06	0
3.78168e+06	0
3.78178e+06	0
3.78188e+06	0
3.78198e+06	0
3.78208e+06	0
3.78218e+06	0
3.78228e+06	0
3.78238e+06	0
3.78248e+06	0
3.78258e+06	0
3.78268e+06	0
3.78278e+06	0
3.78288e+06	0
3.78298e+06	0
3.78308e+06	0
3.78318e+06	0
3.78328e+06	0
3.78338e+06	0
3.78348e+06	0
3.78358e+06	0
3.78368e+06	0
3.78378e+06	0
3.78388e+06	0
3.78398e+06	0
3.78408e+06	0
3.78418e+06	0
3.78428e+06	0
3.78438e+06	0
3.78448e+06	0
3.78458e+06	0
3.78468e+06	0
3.78478e+06	0
3.78488e+06	0
3.78498e+06	0
3.78508e+06	0
3.78518e+06	0
3.78528e+06	0
3.78538e+06	0
3.78548e+06	0
3.78558e+06	0
3.78568e+06	0
3.78578e+06	0
3.78588e+06	0
3.78598e+06	0
3.78608e+06	0
3.78618e+06	0
3.78628e+06	0
3.78638e+06	0
3.78648e+06	0
3.78658e+06	0
3.78668e+06	0
3.78678e+06	0
3.78688e+06	0
3.78698e+06	0
3.78708e+06	0
3.78718e+06	0
3.78728e+06	0
3.78738e+06	0
3.78748e+06	0
3.78758e+06	0
3.78768e+06	0
3.78778e+06	0
3.78788e+06	0
3.78798e+06	0
3.78808e+06	0
3.78818e+06	0
3.78828e+06	0
3.78838e+06	0
3.78848e+06	0
3.78858e+06	0
3.78868e+06	0
3.78878e+06	0
3.78888e+06	0
3.78898e+06	0
3.78908e+06	0
3.78918e+06	0
3.78928e+06	0
3.78938e+06	0
3.78948e+06	0
3.78958e+06	0
3.78968e+06	0
3.78978e+06	0
3.78988e+06	0
3.78998e+06	0
3.79008e+06	0
3.79018e+06	0
3.79028e+06	0
3.79038e+06	0
3.79048e+06	0
3.79058e+06	0
3.79068e+06	0
3.79078e+06	0
3.79088e+06	0
3.79098e+06	0
3.79108e+06	0
3.79118e+06	0
3.79128e+06	0
3.79138e+06	0
3.79148e+06	0
3.79158e+06	0
3.79168e+06	0
3.79178e+06	0
3.79188e+06	0
3.79198e+06	0
3.79208e+06	0
3.79218e+06	0
3.79228e+06	0
3.79238e+06	0
3.79248e+06	0
3.79258e+06	0
3.79268e+06	0
3.79278e+06	0
3.79288e+06	0
3.79298e+06	0
3.79308e+06	0
3.79318e+06	0
3.79328e+06	0
3.79338e+06	0
3.79348e+06	0
3.79358e+06	0
3.79368e+06	0
3.79378e+06	0
3.79388e+06	0
3.79398e+06	0
3.79408e+06	0
3.79418e+06	0
3.79428e+06	0
3.79438e+06	0
3.79448e+06	0
3.79458e+06	0
3.79468e+06	0
3.79478e+06	0
3.79488e+06	0
3.79498e+06	0
3.79508e+06	0
3.79518e+06	0
3.79528e+06	0
3.79538e+06	0
3.79548e+06	0
3.79558e+06	0
3.79568e+06	0
3.79578e+06	0
3.79588e+06	0
3.79598e+06	0
3.79608e+06	0
3.79618e+06	0
3.79628e+06	0
3.79638e+06	0
3.79648e+06	0
3.79658e+06	0
3.79668e+06	0
3.79678e+06	0
3.79688e+06	0
3.79698e+06	0
3.79708e+06	0
3.79718e+06	0
3.79728e+06	0
3.79738e+06	0
3.79748e+06	0
3.79758e+06	0
3.79768e+06	0
3.79778e+06	0
3.79788e+06	0
3.79798e+06	0
3.79808e+06	0
3.79818e+06	0
3.79828e+06	0
3.79838e+06	0
3.79848e+06	0
3.79858e+06	0
3.79868e+06	0
3.79878e+06	0
3.79888e+06	0
3.79898e+06	0
3.79908e+06	0
3.79918e+06	0
3.79928e+06	0
3.79938e+06	0
3.79948e+06	0
3.79958e+06	0
3.79968e+06	0
3.79978e+06	0
3.79988e+06	0
3.79998e+06	0
3.80008e+06	0
3.80018e+06	0
3.80028e+06	0
3.80038e+06	0
3.80048e+06	0
3.80058e+06	0
3.80068e+06	0
3.80078e+06	0
3.80088e+06	0
3.80098e+06	0
3.80108e+06	0
3.80118e+06	0
3.80128e+06	0
3.80138e+06	0
3.80148e+06	0
3.80158e+06	0
3.80168e+06	0
3.80178e+06	0
3.80188e+06	0
3.80198e+06	0
3.80208e+06	0
3.80218e+06	0
3.80228e+06	0
3.80238e+06	0
3.80248e+06	0
3.80258e+06	0
3.80268e+06	0
3.80278e+06	0
3.80288e+06	0
3.80298e+06	0
3.80308e+06	0
3.80318e+06	0
3.80328e+06	0
3.80338e+06	0
3.80348e+06	0
3.80358e+06	0
3.80368e+06	0
3.80378e+06	0
3.80388e+06	0
3.80398e+06	0
3.80408e+06	0
3.80418e+06	0
3.80428e+06	0
3.80438e+06	0
3.80448e+06	0
3.80458e+06	0
3.80468e+06	0
3.80478e+06	0
3.80488e+06	0
3.80498e+06	0
3.80508e+06	0
3.80518e+06	0
3.80528e+06	0
3.80538e+06	0
3.80548e+06	0
3.80558e+06	0
3.80568e+06	0
3.80578e+06	0
3.80588e+06	0
3.80598e+06	0
3.80608e+06	0
3.80618e+06	0
3.80628e+06	0
3.80638e+06	0
3.80648e+06	0
3.80658e+06	0
3.80668e+06	0
3.80678e+06	0
3.80688e+06	0
3.80698e+06	0
3.80708e+06	0
3.80718e+06	0
3.80728e+06	0
3.80738e+06	0
3.80748e+06	0
3.80758e+06	0
3.80768e+06	0
3.80778e+06	0
3.80788e+06	0
3.80798e+06	0
3.80808e+06	0
3.80818e+06	0
3.80828e+06	0
3.80838e+06	0
3.80848e+06	0
3.80858e+06	0
3.80868e+06	0
3.80878e+06	0
3.80888e+06	0
3.80898e+06	0
3.80908e+06	0
3.80918e+06	0
3.80928e+06	0
3.80938e+06	0
3.80948e+06	0
3.80958e+06	0
3.80968e+06	0
3.80978e+06	0
3.80988e+06	0
3.80998e+06	0
3.81008e+06	0
3.81018e+06	0
3.81028e+06	0
3.81038e+06	0
3.81048e+06	0
3.81058e+06	0
3.81068e+06	0
3.81078e+06	0
3.81088e+06	0
3.81098e+06	0
3.81108e+06	0
3.81118e+06	0
3.81128e+06	0
3.81138e+06	0
3.81148e+06	0
3.81158e+06	0
3.81168e+06	0
3.81178e+06	0
3.81188e+06	0
3.81198e+06	0
3.81208e+06	0
3.81218e+06	0
3.81228e+06	0
3.81238e+06	0
3.81248e+06	0
3.81258e+06	0
3.81268e+06	0
3.81278e+06	0
3.81288e+06	0
3.81298e+06	0
3.81308e+06	0
3.81318e+06	0
3.81328e+06	0
3.81338e+06	0
3.81348e+06	0
3.81358e+06	0
3.81368e+06	0
3.81378e+06	0
3.81388e+06	0
3.81398e+06	0
3.81408e+06	0
3.81418e+06	0
3.81428e+06	9.38725e-323
3.81438e+06	4.40212e-321
3.81448e+06	2.03832e-319
3.81458e+06	9.35221e-318
3.81468e+06	4.24822e-316
3.81478e+06	1.91054e-314
3.81488e+06	8.50674e-313
3.81498e+06	3.74996e-311
3.81508e+06	1.63662e-309
3.81518e+06	7.07173e-308
3.81528e+06	3.02524e-306
3.81538e+06	1.2813e-304
3.81548e+06	5.37281e-303
3.81558e+06	2.23053e-301
3.81568e+06	9.16791e-300
3.81578e+06	3.7307e-298
3.81588e+06	1.50303e-296
3.81598e+06	5.99518e-295
3.81608e+06	2.36752e-293
3.81618e+06	9.2564e-292
3.81628e+06	3.583e-290
3.81638e+06	1.37312e-288
3.81648e+06	5.2099e-287
3.81658e+06	1.95707e-285
3.81668e+06	7.27846e-284
3.81678e+06	2.67997e-282
3.81688e+06	9.76963e-281
3.81698e+06	3.52601e-279
3.81708e+06	1.25993e-277
3.81718e+06	4.45722e-276
3.81728e+06	1.56113e-274
3.81738e+06	5.41344e-273
3.81748e+06	1.8585e-271
3.81758e+06	6.31699e-270
3.81768e+06	2.12576e-268
3.81778e+06	7.08232e-267
3.81788e+06	2.33611e-265
3.81798e+06	7.62903e-264
3.81808e+06	2.46662e-262
3.81818e+06	7.89571e-261
3.81828e+06	2.50229e-259
3.81838e+06	7.8513e-258
3.81848e+06	2.43895e-256
3.81858e+06	7.50101e-255
3.81868e+06	2.28399e-253
3.81878e+06	6.88536e-252
3.81888e+06	2.05502e-250
3.81898e+06	6.07241e-249
3.81908e+06	1.7765e-247
3.81918e+06	5.14546e-246
3.81928e+06	1.47551e-244
3.81938e+06	4.18905e-243
3.81948e+06	1.17746e-241
3.81958e+06	3.27669e-240
3.81968e+06	9.02777e-239
3.81978e+06	2.46254e-237
3.81988e+06	6.65032e-236
3.81998e+06	1.77811e-234
3.82008e+06	4.70687e-233
3.82018e+06	1.23357e-231
3.82028e+06	3.20074e-230
3.82038e+06	8.22234e-229
3.82048e+06	2.09121e-227
3.82058e+06	5.2657e-226
3.82068e+06	1.31272e-224
3.82078e+06	3.24e-223
3.82088e+06	7.91726e-222
3.82098e+06	1.91541e-220
3.82108e+06	4.58781e-219
3.82118e+06	1.08795e-217
3.82128e+06	2.55426e-216
3.82138e+06	5.93718e-215
3.82148e+06	1.36632e-213
3.82158e+06	3.11302e-212
3.82168e+06	7.02213e-211
3.82178e+06	1.56824e-209
3.82188e+06	3.46747e-208
3.82198e+06	7.5905e-207
3.82208e+06	1.64507e-205
3.82218e+06	3.52985e-204
3.82228e+06	7.49869e-203
3.82238e+06	1.57714e-201
3.82248e+06	3.28408e-200
3.82258e+06	6.77039e-199
3.82268e+06	1.38188e-197
3.82278e+06	2.79245e-196
3.82288e+06	5.58671e-195
3.82298e+06	1.10658e-193
3.82308e+06	2.17005e-192
3.82318e+06	4.2132e-191
3.82328e+06	8.09862e-190
3.82338e+06	1.54123e-188
3.82348e+06	2.90389e-187
3.82358e+06	5.41691e-186
3.82368e+06	1.00041e-184
3.82378e+06	1.82921e-183
3.82388e+06	3.31135e-182
3.82398e+06	5.93477e-181
3.82408e+06	1.05308e-179
3.82418e+06	1.85e-178
3.82428e+06	3.21767e-177
3.82438e+06	5.54076e-176
3.82448e+06	9.44611e-175
3.82458e+06	1.59439e-173
3.82468e+06	2.66436e-172
3.82478e+06	4.40806e-171
3.82488e+06	7.22037e-170
3.82498e+06	1.17092e-168
3.82508e+06	1.87999e-167
3.82518e+06	2.9884e-166
3.82528e+06	4.70304e-165
3.82538e+06	7.32784e-164
3.82548e+06	1.1304e-162
3.82558e+06	1.7264e-161
3.82568e+06	2.61042e-160
3.82578e+06	3.90784e-159
3.82588e+06	5.79188e-158
3.82598e+06	8.49883e-157
3.82608e+06	1.23468e-155
3.82618e+06	1.77587e-154
3.82628e+06	2.52884e-153
3.82638e+06	3.56524e-152
3.82648e+06	4.97639e-151
3.82658e+06	6.87696e-150
3.82668e+06	9.40883e-149
3.82678e+06	1.27448e-147
3.82688e+06	1.70917e-146
3.82698e+06	2.26932e-145
3.82708e+06	2.98306e-144
3.82718e+06	3.88228e-143
3.82728e+06	5.00229e-142
3.82738e+06	6.38127e-141
3.82748e+06	8.0594e-140
3.82758e+06	1.00776e-138
3.82768e+06	1.24757e-137
3.82778e+06	1.52909e-136
3.82788e+06	1.85548e-135
3.82798e+06	2.22914e-134
3.82808e+06	2.6514e-133
3.82818e+06	3.12227e-132
3.82828e+06	3.64017e-131
3.82838e+06	4.20176e-130
3.82848e+06	4.80172e-129
3.82858e+06	5.43276e-128
3.82868e+06	6.08556e-127
3.82878e+06	6.74898e-126
3.82888e+06	7.41024e-125
3.82898e+06	8.05534e-124
3.82908e+06	8.66947e-123
3.82918e+06	9.23758e-122
3.82928e+06	9.74497e-121
3.82938e+06	1.0178e-119
3.82948e+06	1.05244e-118
3.82958e+06	1.07743e-117
3.82968e+06	1.09205e-116
3.82978e+06	1.09585e-115
3.82988e+06	1.08872e-114
3.82998e+06	1.07087e-113
3.83008e+06	1.04284e-112
3.83018e+06	1.00543e-111
3.83028e+06	9.59721e-111
3.83038e+06	9.06975e-110
3.83048e+06	8.48599e-109
3.83058e+06	7.8608e-108
3.83068e+06	7.20922e-107
3.83078e+06	6.54586e-106
3.83088e+06	5.8844e-105
3.83098e+06	5.23715e-104
3.83108e+06	4.61471e-103
3.83118e+06	4.02579e-102
3.83128e+06	3.47708e-101
3.83138e+06	2.97328e-100
3.83148e+06	2.51717e-99
3.83158e+06	2.10983e-98
3.83168e+06	1.75081e-97
3.83178e+06	1.43843e-96
3.83188e+06	1.17003e-95
3.83198e+06	9.42233e-95
3.83208e+06	7.5124e-94
3.83218e+06	5.93001e-93
3.83228e+06	4.63436e-92
3.83238e+06	3.58576e-91
3.83248e+06	2.74682e-90
3.83258e+06	2.08322e-89
3.83268e+06	1.56422e-88
3.83278e+06	1.16283e-87
3.83288e+06	8.55842e-87
3.83298e+06	6.23631e-86
3.83308e+06	4.49902e-85
3.83318e+06	3.21341e-84
3.83328e+06	2.27233e-83
3.83338e+06	1.59086e-82
3.83348e+06	1.10269e-81
3.83358e+06	7.56707e-81
3.83368e+06	5.14116e-80
3.83378e+06	3.45821e-79
3.83388e+06	2.30302e-78
3.83398e+06	1.51846e-77
3.83408e+06	9.91205e-77
3.83418e+06	6.40592e-76
3.83428e+06	4.0988e-75
3.83438e+06	2.59651e-74
3.83448e+06	1.62847e-73
3.83458e+06	1.01117e-72
3.83468e+06	6.21626e-72
3.83478e+06	3.78347e-71
3.83488e+06	2.27986e-70
3.83498e+06	1.36014e-69
3.83508e+06	8.03367e-69
3.83518e+06	4.69789e-68
3.83528e+06	2.71988e-67
3.83538e+06	1.55902e-66
3.83548e+06	8.84733e-66
3.83558e+06	4.97083e-65
3.83568e+06	2.76505e-64
3.83578e+06	1.52277e-63
3.83588e+06	8.30277e-63
3.83598e+06	4.48196e-62
3.83608e+06	2.39536e-61
3.83618e+06	1.26745e-60
3.83628e+06	6.63967e-60
3.83638e+06	3.44366e-59
3.83648e+06	1.76828e-58
3.83658e+06	8.98955e-58
3.83668e+06	4.52463e-57
3.83678e+06	2.25468e-56
3.83688e+06	1.11236e-55
3.83698e+06	5.43325e-55
3.83708e+06	2.62744e-54
3.83718e+06	1.25795e-53
3.83728e+06	5.96279e-53
3.83738e+06	2.79829e-52
3.83748e+06	1.30015e-51
3.83758e+06	5.98071e-51
3.83768e+06	2.72375e-50
3.83778e+06	1.22812e-49
3.83788e+06	5.48239e-49
3.83798e+06	2.42301e-48
3.83808e+06	1.06023e-47
3.83818e+06	4.59304e-47
3.83828e+06	1.96996e-46
3.83838e+06	8.36512e-46
3.83848e+06	3.51677e-45
3.83858e+06	1.46377e-44
3.83868e+06	6.03196e-44
3.83878e+06	2.46094e-43
3.83888e+06	9.94034e-43
3.83898e+06	3.97519e-42
3.83908e+06	1.57388e-41
3.83918e+06	6.16941e-41
3.83928e+06	2.39426e-40
3.83938e+06	9.19934e-40
3.83948e+06	3.49944e-39
3.83958e+06	1.31795e-38
3.83968e+06	4.91422e-38
3.83978e+06	1.81413e-37
3.83988e+06	6.63038e-37
3.83998e+06	2.3992e-36
3.84008e+06	8.5951e-36
3.84018e+06	3.04854e-35
3.84028e+06	1.07051e-34
3.84038e+06	3.72175e-34
3.84048e+06	1.28103e-33
3.84058e+06	4.36545e-33
3.84068e+06	1.47284e-32
3.84078e+06	4.91972e-32
3.84088e+06	1.62698e-31
3.84098e+06	5.32696e-31
3.84108e+06	1.72677e-30
3.84118e+06	5.54175e-30
3.84128e+06	1.76082e-29
3.84138e+06	5.53914e-29
3.84148e+06	1.72515e-28
3.84158e+06	5.31944e-28
3.84168e+06	1.62392e-27
3.84178e+06	4.90815e-27
3.84188e+06	1.46869e-26
3.84198e+06	4.35109e-26
3.84208e+06	1.27622e-25
3.84218e+06	3.70601e-25
3.84228e+06	1.06548e-24
3.84238e+06	3.0328e-24
3.84248e+06	8.54668e-24
3.84258e+06	2.38456e-23
3.84268e+06	6.58683e-23
3.84278e+06	1.80136e-22
3.84288e+06	4.87734e-22
3.84298e+06	1.30744e-21
3.84308e+06	3.46992e-21
3.84318e+06	9.11742e-21
3.84328e+06	2.37182e-20
3.84338e+06	6.10872e-20
3.84348e+06	1.55767e-19
3.84358e+06	3.93238e-19
3.84368e+06	9.82866e-19
3.84378e+06	2.43215e-18
3.84388e+06	5.95858e-18
3.84398e+06	1.44528e-17
3.84408e+06	3.47072e-17
3.84418e+06	8.25169e-17
3.84428e+06	1.94233e-16
3.84438e+06	4.52649e-16
3.84448e+06	1.04438e-15
3.84458e+06	2.38566e-15
3.84468e+06	5.39533e-15
3.84478e+06	1.20805e-14
3.84488e+06	2.67798e-14
3.84498e+06	5.87744e-14
3.84508e+06	1.2771e-13
3.84518e+06	2.74739e-13
3.84528e+06	5.85155e-13
3.84538e+06	1.2339e-12
3.84548e+06	2.576e-12
3.84558e+06	5.32436e-12
3.84568e+06	1.08955e-11
3.84578e+06	2.20742e-11
3.84588e+06	4.4277e-11
3.84598e+06	8.79283e-11
3.84608e+06	1.72877e-10
3.84618e+06	3.36513e-10
3.84628e+06	6.4852e-10
3.84638e+06	1.23738e-09
3.84648e+06	2.33743e-09
3.84658e+06	4.37151e-09
3.84668e+06	8.09435e-09
3.84678e+06	1.48385e-08
3.84688e+06	2.69311e-08
3.84698e+06	4.83922e-08
3.84708e+06	8.60902e-08
3.84718e+06	1.51631e-07
3.84728e+06	2.64412e-07
3.84738e+06	4.5649e-07
3.84748e+06	7.80257e-07
3.84758e+06	1.32039e-06
3.84768e+06	2.21219e-06
3.84778e+06	3.66944e-06
3.84788e+06	6.02608e-06
3.84798e+06	9.79777e-06
3.84808e+06	1.57716e-05
3.84818e+06	2.51352e-05
3.84828e+06	3.96593e-05
3.84838e+06	6.19534e-05
3.84848e+06	9.5817e-05
3.84858e+06	0.000146716
3.84868e+06	0.000222417
3.84878e+06	0.000333823
3.84888e+06	0.000496046
3.84898e+06	0.000729768
3.84908e+06	0.00106293
3.84918e+06	0.00153278
3.84928e+06	0.00218834
3.84938e+06	0.00309318
3.84948e+06	0.00432865
3.84958e+06	0.00599733
3.84968e+06	0.00822658
3.84978e+06	0.0111722
3.84988e+06	0.0150215
3.84998e+06	0.0199962
3.85008e+06	0.0263535
3.85018e+06	0.0343862
3.85028e+06	0.0444211
3.85038e+06	0.0568133
3.85048e+06	0.0719397
3.85058e+06	0.090187
3.85068e+06	0.111938
3.85078e+06	0.137552
3.85088e+06	0.167345
3.85098e+06	0.201565
3.85108e+06	0.240368
3.85118e+06	0.283788
3.85128e+06	0.331718
3.85138e+06	0.383885
3.85148e+06	0.439835
3.85158e+06	0.498926
3.85168e+06	0.560323
3.85178e+06	0.623015
3.85188e+06	0.685829
3.85198e+06	0.747464
3.85208e+06	0.806531
3.85218e+06	0.861608
3.85228e+06	0.911286
3.85238e+06	0.954239
3.85248e+06	0.989274
3.85258e+06	1.01539
3.85268e+06	1.03183
3.85278e+06	1.0381
3.85288e+06	1.03401
3.85298e+06	1.01969
3.85308e+06	0.995569
3.85318e+06	0.962343
3.85328e+06	0.920971
3.85338e+06	0.872607
3.85348e+06	0.818557
3.85358e+06	0.760214
3.85368e+06	0.699005
3.85378e+06	0.636328
3.85388e+06	0.573508
3.85398e+06	0.511746
3.85408e+06	0.452092
3.85418e+06	0.395418
3.85428e+06	0.342407
3.85438e+06	0.293553
3.85448e+06	0.249165
3.85458e+06	0.209384
3.85468e+06	0.174204
3.85478e+06	0.143493
3.85488e+06	0.11702
3.85498e+06	0.0944811
3.85508e+06	0.0755245
3.85518e+06	0.0597706
3.85528e+06	0.0468322
3.85538e+06	0.0363295
3.85548e+06	0.0279017
3.85558e+06	0.0212158
3.85568e+06	0.0159715
3.85578e+06	0.011904
3.85588e+06	0.00878418
3.85598e+06	0.00641773
3.85608e+06	0.00464251
3.85618e+06	0.00332557
3.85628e+06	0.00235963
3.85638e+06	0.00165953
3.85648e+06	0.00115883
3.85658e+06	0.000806701
3.85668e+06	0.00056522
3.85678e+06	0.000407183
3.85688e+06	0.000314458
3.85698e+06	0.000276928
3.85708e+06	0.000292106
3.85718e+06	0.000365485
3.85728e+06	0.000511753
3.85738e+06	0.000757034
3.85748e+06	0.00114238
3.85758e+06	0.00172877
3.85768e+06	0.00260402
3.85778e+06	0.00389194
3.85788e+06	0.00576415
3.85798e+06	0.00845515
3.85808e+06	0.0122809
3.85818e+06	0.0176612
3.85828e+06	0.0251467
3.85838e+06	0.0354489
3.85848e+06	0.0494746
3.85858e+06	0.0683629
3.85868e+06	0.0935224
3.85878e+06	0.126668
3.85888e+06	0.169855
3.85898e+06	0.225499
3.85908e+06	0.296393
3.85918e+06	0.385699
3.85928e+06	0.49692
3.85938e+06	0.633843
3.85948e+06	0.800448
3.85958e+06	1.00079
3.85968e+06	1.23882
3.85978e+06	1.51821
3.85988e+06	1.84209
3.85998e+06	2.21283
3.86008e+06	2.63174
3.86018e+06	3.0988
3.86028e+06	3.61246
3.86038e+06	4.16935
3.86048e+06	4.76421
3.86058e+06	5.38977
3.86068e+06	6.0368
3.86078e+06	6.69422
3.86088e+06	7.34938
3.86098e+06	7.98838
3.86108e+06	8.59653
3.86118e+06	9.15894
3.86128e+06	9.66105
3.86138e+06	10.0893
3.86148e+06	10.4317
3.86158e+06	10.6783
3.86168e+06	10.8221
3.86178e+06	10.8586
3.86188e+06	10.7869
3.86198e+06	10.609
3.86208e+06	10.3302
3.86218e+06	9.95868
3.86228e+06	9.50498
3.86238e+06	8.98168
3.86248e+06	8.40275
3.86258e+06	7.78291
3.86268e+06	7.13706
3.86278e+06	6.47969
3.86288e+06	5.82433
3.86298e+06	5.18316
3.86308e+06	4.56668
3.86318e+06	3.98349
3.86328e+06	3.4402
3.86338e+06	2.94145
3.86348e+06	2.48997
3.86358e+06	2.08683
3.86368e+06	1.73155
3.86378e+06	1.42246
3.86388e+06	1.15692
3.86398e+06	0.931583
3.86408e+06	0.742673
3.86418e+06	0.58618
3.86428e+06	0.458059
3.86438e+06	0.35438
3.86448e+06	0.27144
3.86458e+06	0.205843
3.86468e+06	0.154545
3.86478e+06	0.114876
3.86488e+06	0.0845402
3.86498e+06	0.0615961
3.86508e+06	0.0444325
3.86518e+06	0.0317325
3.86528e+06	0.022437
3.86538e+06	0.0157067
3.86548e+06	0.0108858
3.86558e+06	0.00746949
3.86568e+06	0.00507435
3.86578e+06	0.00341293
3.86588e+06	0.00227264
3.86598e+06	0.00149827
3.86608e+06	0.000977931
3.86618e+06	0.00063195
3.86628e+06	0.00040431
3.86638e+06	0.000256096
3.86648e+06	0.000160601
3.86658e+06	9.9713e-05
3.86668e+06	6.12931e-05
3.86678e+06	3.73017e-05
3.86688e+06	2.24752e-05
3.86698e+06	1.34071e-05
3.86708e+06	7.91812e-06
3.86718e+06	4.62985e-06
3.86728e+06	2.68021e-06
3.86738e+06	1.53613e-06
3.86748e+06	8.71655e-07
3.86758e+06	4.89687e-07
3.86768e+06	2.72363e-07
3.86778e+06	1.49981e-07
3.86788e+06	8.17675e-08
3.86798e+06	4.41349e-08
3.86808e+06	2.35853e-08
3.86818e+06	1.24783e-08
3.86828e+06	6.53626e-09
3.86838e+06	3.38968e-09
3.86848e+06	1.74039e-09
3.86858e+06	8.84688e-10
3.86868e+06	4.45237e-10
3.86878e+06	2.21845e-10
3.86888e+06	1.09437e-10
3.86898e+06	5.34486e-11
3.86908e+06	2.58443e-11
3.86918e+06	1.23723e-11
3.86928e+06	5.86402e-12
3.86938e+06	2.75166e-12
3.86948e+06	1.27836e-12
3.86958e+06	5.87987e-13
3.86968e+06	2.67756e-13
3.86978e+06	1.20717e-13
3.86988e+06	5.38832e-14
3.86998e+06	2.3812e-14
3.87008e+06	1.04183e-14
3.87018e+06	4.51287e-15
3.87028e+06	1.93538e-15
3.87038e+06	8.21745e-16
3.87048e+06	3.45434e-16
3.87058e+06	1.43764e-16
3.87068e+06	5.92369e-17
3.87078e+06	2.41653e-17
3.87088e+06	9.75995e-18
3.87098e+06	3.90266e-18
3.87108e+06	1.54501e-18
3.87118e+06	6.05562e-19
3.87128e+06	2.34987e-19
3.87138e+06	9.02785e-20
3.87148e+06	3.43386e-20
3.87158e+06	1.29312e-20
3.87168e+06	4.82116e-21
3.87178e+06	1.77959e-21
3.87188e+06	6.50351e-22
3.87198e+06	2.35305e-22
3.87208e+06	8.42893e-23
3.87218e+06	2.98931e-23
3.87228e+06	1.0496e-23
3.87238e+06	3.64869e-24
3.87248e+06	1.25576e-24
3.87258e+06	4.2789e-25
3.87268e+06	1.4435e-25
3.87278e+06	4.82121e-26
3.87288e+06	1.59424e-26
3.87298e+06	5.21924e-27
3.87308e+06	1.69168e-27
3.87318e+06	5.4286e-28
3.87328e+06	1.7247e-28
3.87338e+06	5.42495e-29
3.87348e+06	1.68941e-29
3.87358e+06	5.20873e-30
3.87368e+06	1.58996e-30
3.87378e+06	4.80503e-31
3.87388e+06	1.43769e-31
3.87398e+06	4.25882e-32
3.87408e+06	1.24903e-32
3.87418e+06	3.62669e-33
3.87428e+06	1.04257e-33
3.87438e+06	2.96729e-34
3.87448e+06	8.36122e-35
3.87458e+06	2.33258e-35
3.87468e+06	6.4426e-36
3.87478e+06	1.76174e-36
3.87488e+06	4.76959e-37
3.87498e+06	1.27843e-37
3.87508e+06	3.39257e-38
3.87518e+06	8.9133e-39
3.87528e+06	2.31849e-39
3.87538e+06	5.97075e-40
3.87548e+06	1.52233e-40
3.87558e+06	3.8428e-41
3.87568e+06	9.60378e-42
3.87578e+06	2.37626e-42
3.87588e+06	5.82107e-43
3.87598e+06	1.41179e-43
3.87608e+06	3.38994e-44
3.87618e+06	8.05884e-45
3.87628e+06	1.89675e-45
3.87638e+06	4.41981e-46
3.87648e+06	1.01966e-46
3.87658e+06	2.32897e-47
3.87668e+06	5.26658e-48
3.87678e+06	1.1791e-48
3.87688e+06	2.61355e-49
3.87698e+06	5.73545e-50
3.87708e+06	1.24612e-50
3.87718e+06	2.68047e-51
3.87728e+06	5.70846e-52
3.87738e+06	1.20361e-52
3.87748e+06	2.5125e-53
3.87758e+06	5.1926e-54
3.87768e+06	1.06248e-54
3.87778e+06	2.15235e-55
3.87788e+06	4.31682e-56
3.87798e+06	8.57178e-57
3.87808e+06	1.68514e-57
3.87818e+06	3.27987e-58
3.87828e+06	6.32026e-59
3.87838e+06	1.20579e-59
3.87848e+06	2.27752e-60
3.87858e+06	4.25904e-61
3.87868e+06	7.8853e-62
3.87878e+06	1.44538e-62
3.87888e+06	2.62303e-63
3.87898e+06	4.71281e-64
3.87908e+06	8.3833e-65
3.87918e+06	1.47641e-65
3.87928e+06	2.57428e-66
3.87938e+06	4.44387e-67
3.87948e+06	7.59494e-68
3.87958e+06	1.28512e-68
3.87968e+06	2.15289e-69
3.87978e+06	3.57072e-70
3.87988e+06	5.86336e-71
3.87998e+06	9.53224e-72
3.88008e+06	1.53426e-72
3.88018e+06	2.44491e-73
3.88028e+06	3.85729e-74
3.88038e+06	6.02502e-75
3.88048e+06	9.31734e-76
3.88058e+06	1.42653e-76
3.88068e+06	2.16237e-77
3.88078e+06	3.24515e-78
3.88088e+06	4.82166e-79
3.88098e+06	7.09276e-80
3.88108e+06	1.03298e-80
3.88118e+06	1.48944e-81
3.88128e+06	2.12625e-82
3.88138e+06	3.00511e-83
3.88148e+06	4.20499e-84
3.88158e+06	5.8254e-85
3.88168e+06	7.98995e-86
3.88178e+06	1.08497e-86
3.88188e+06	1.45865e-87
3.88198e+06	1.94152e-88
3.88208e+06	2.55851e-89
3.88218e+06	3.33803e-90
3.88228e+06	4.31173e-91
3.88238e+06	5.51403e-92
3.88248e+06	6.98141e-93
3.88258e+06	8.75135e-94
3.88268e+06	1.08608e-94
3.88278e+06	1.33447e-95
3.88288e+06	1.62335e-96
3.88298e+06	1.95511e-97
3.88308e+06	2.33125e-98
3.88318e+06	2.75209e-99
3.88328e+06	3.21658e-100
3.88338e+06	3.72205e-101
3.88348e+06	4.2641e-102
3.88358e+06	4.83648e-103
3.88368e+06	5.43111e-104
3.88378e+06	6.03817e-105
3.88388e+06	6.64628e-106
3.88398e+06	7.24284e-107
3.88408e+06	7.81442e-108
3.88418e+06	8.3472e-109
3.88428e+06	8.8276e-110
3.88438e+06	9.24275e-111
3.88448e+06	9.58114e-112
3.88458e+06	9.83308e-113
3.88468e+06	9.99124e-114
3.88478e+06	1.00509e-114
3.88488e+06	1.00104e-115
3.88498e+06	9.87078e-117
3.88508e+06	9.63628e-118
3.88518e+06	9.31375e-119
3.88528e+06	8.91244e-120
3.88538e+06	8.44356e-121
3.88548e+06	7.91976e-122
3.88558e+06	7.35454e-123
3.88568e+06	6.7617e-124
3.88578e+06	6.15479e-125
3.88588e+06	5.54661e-126
3.88598e+06	4.94879e-127
3.88608e+06	4.37147e-128
3.88618e+06	3.82308e-129
3.88628e+06	3.31021e-130
3.88638e+06	2.83763e-131
3.88648e+06	2.40831e-132
3.88658e+06	2.02361e-133
3.88668e+06	1.68344e-134
3.88678e+06	1.38652e-135
3.88688e+06	1.1306e-136
3.88698e+06	9.12751e-138
3.88708e+06	7.29544e-139
3.88718e+06	5.77308e-140
3.88728e+06	4.52294e-141
3.88738e+06	3.50826e-142
3.88748e+06	2.69413e-143
3.88758e+06	2.04835e-144
3.88768e+06	1.54186e-145
3.88778e+06	1.14906e-146
3.88788e+06	8.4781e-148
3.88798e+06	6.19315e-149
3.88808e+06	4.479e-150
3.88818e+06	3.20707e-151
3.88828e+06	2.27348e-152
3.88838e+06	1.59563e-153
3.88848e+06	1.10874e-154
3.88858e+06	7.62756e-156
3.88868e+06	5.19514e-157
3.88878e+06	3.50321e-158
3.88888e+06	2.3388e-159
3.88898e+06	1.54588e-160
3.88908e+06	1.01162e-161
3.88918e+06	6.5541e-163
3.88928e+06	4.20405e-164
3.88938e+06	2.6698e-165
3.88948e+06	1.6786e-166
3.88958e+06	1.0449e-167
3.88968e+06	6.43955e-169
3.88978e+06	3.92912e-170
3.88988e+06	2.37351e-171
3.88998e+06	1.41953e-172
3.89008e+06	8.40536e-174
3.89018e+06	4.92747e-175
3.89028e+06	2.85989e-176
3.89038e+06	1.64335e-177
3.89048e+06	9.34911e-179
3.89058e+06	5.26582e-180
3.89068e+06	2.93643e-181
3.89078e+06	1.62117e-182
3.89088e+06	8.86129e-184
3.89098e+06	4.79536e-185
3.89108e+06	2.56923e-186
3.89118e+06	1.36283e-187
3.89128e+06	7.15709e-189
3.89138e+06	3.72125e-190
3.89148e+06	1.91557e-191
3.89158e+06	9.76259e-193
3.89168e+06	4.92594e-194
3.89178e+06	2.46076e-195
3.89188e+06	1.21705e-196
3.89198e+06	5.95939e-198
3.89208e+06	2.88904e-199
3.89218e+06	1.38664e-200
3.89228e+06	6.58914e-202
3.89238e+06	3.09993e-203
3.89248e+06	1.44388e-204
3.89258e+06	6.65839e-206
3.89268e+06	3.03993e-207
3.89278e+06	1.37409e-208
3.89288e+06	6.14926e-210
3.89298e+06	2.72451e-211
3.89308e+06	1.19512e-212
3.89318e+06	5.19028e-214
3.89328e+06	2.23166e-215
3.89338e+06	9.49994e-217
3.89348e+06	4.00379e-218
3.89358e+06	1.67063e-219
3.89368e+06	6.90151e-221
3.89378e+06	2.82271e-222
3.89388e+06	1.143e-223
3.89398e+06	4.58227e-225
3.89408e+06	1.81875e-226
3.89418e+06	7.147e-228
3.89428e+06	2.78055e-229
3.89438e+06	1.07101e-230
3.89448e+06	4.08429e-232
3.89458e+06	1.54204e-233
3.89468e+06	5.76408e-235
3.89478e+06	2.13315e-236
3.89488e+06	7.81577e-238
3.89498e+06	2.83516e-239
3.89508e+06	1.01822e-240
3.89518e+06	3.62045e-242
3.89528e+06	1.2745e-243
3.89538e+06	4.44196e-245
3.89548e+06	1.53273e-246
3.89558e+06	5.23619e-248
3.89568e+06	1.77101e-249
3.89578e+06	5.9304e-251
3.89588e+06	1.96609e-252
3.89598e+06	6.45329e-254
3.89608e+06	2.09708e-255
3.89618e+06	6.74693e-257
3.89628e+06	2.14909e-258
3.89638e+06	6.77735e-260
3.89648e+06	2.11603e-261
3.89658e+06	6.54096e-263
3.89668e+06	2.00179e-264
3.89678e+06	6.06529e-266
3.89688e+06	1.81946e-267
3.89698e+06	5.40368e-269
3.89708e+06	1.58889e-270
3.89718e+06	4.62547e-272
3.89728e+06	1.33314e-273
3.89738e+06	3.80409e-275
3.89748e+06	1.07469e-276
3.89758e+06	3.00589e-278
3.89768e+06	8.32378e-280
3.89778e+06	2.28205e-281
3.89788e+06	6.1942e-283
3.89798e+06	1.66458e-284
3.89808e+06	4.42873e-286
3.89818e+06	1.16657e-287
3.89828e+06	3.04229e-289
3.89838e+06	7.85501e-291
3.89848e+06	2.00794e-292
3.89858e+06	5.08172e-294
3.89868e+06	1.27329e-295
3.89878e+06	3.15866e-297
3.89888e+06	7.75773e-299
3.89898e+06	1.88635e-300
3.89908e+06	4.54118e-302
3.89918e+06	1.08236e-303
3.89928e+06	2.55406e-305
3.89938e+06	5.9669e-307
3.89948e+06	1.38014e-308
3.89958e+06	3.16048e-310
3.89968e+06	7.16542e-312
3.89978e+06	1.60837e-313
3.89988e+06	3.57428e-315
3.89998e+06	7.86409e-317
3.90008e+06	1.71301e-318
3.90018e+06	3.69709e-320
3.90028e+06	8.05327e-322
3.90038e+06	0
3.90048e+06	0
3.90058e+06	0
3.90068e+06	0
3.90078e+06	0
3.90088e+06	0
3.90098e+06	0
3.90108e+06	0
3.90118e+06	0
3.90128e+06	0
3.90138e+06	0
3.90148e+06	0
3.90158e+06	0
3.90168e+06	0
3.90178e+06	0
3.90188e+06	0
3.90198e+06	0
3.90208e+06	0
3.90218e+06	0
3.90228e+06	0
3.90238e+06	0
3.90248e+06	0
3.90258e+06	0
3.90268e+06	0
3.90278e+06	0
3.90288e+06	0
3.90298e+06	0
3.90308e+06	0
3.90318e+06	0
3.90328e+06	0
3.90338e+06	0
3.90348e+06	0
3.90358e+06	0
3.90368e+06	0
3.90378e+06	0
3.90388e+06	0
3.90398e+06	0
3.90408e+06	0
3.90418e+06	0
3.90428e+06	0
3.90438e+06	0
3.90448e+06	0
3.90458e+06	0
3.90468e+06	0
3.90478e+06	0
3.90488e+06	0
3.90498e+06	0
3.90508e+06	0
3.90518e+06	0
3.90528e+06	0
3.90538e+06	0
3.90548e+06	0
3.90558e+06	0
3.90568e+06	0
3.90578e+06	0
3.90588e+06	0
3.90598e+06	0
3.90608e+06	0
3.90618e+06	0
3.90628e+06	0
3.90638e+06	0
3.90648e+06	0
3.90658e+06	0
3.90668e+06	0
3.90678e+06	0
3.90688e+06	0
3.90698e+06	0
3.90708e+06	0
3.90718e+06	1.97626e-323
3.90728e+06	8.3003e-322
3.90738e+06	3.83494e-320
3.90748e+06	1.75125e-318
3.90758e+06	7.9175e-317
3.90768e+06	3.54395e-315
3.90778e+06	1.57052e-313
3.90788e+06	6.89059e-312
3.90798e+06	2.99313e-310
3.90808e+06	1.28722e-308
3.90818e+06	5.48072e-307
3.90828e+06	2.31036e-305
3.90838e+06	9.64222e-304
3.90848e+06	3.98412e-302
3.90858e+06	1.62984e-300
3.90868e+06	6.60107e-299
3.90878e+06	2.64692e-297
3.90888e+06	1.05081e-295
3.90898e+06	4.13014e-294
3.90908e+06	1.60717e-292
3.90918e+06	6.19181e-291
3.90928e+06	2.36172e-289
3.90938e+06	8.91863e-288
3.90948e+06	3.33445e-286
3.90958e+06	1.23426e-284
3.90968e+06	4.52321e-283
3.90978e+06	1.64113e-281
3.90988e+06	5.89519e-280
3.90998e+06	2.09657e-278
3.91008e+06	7.38206e-277
3.91018e+06	2.57337e-275
3.91028e+06	8.88148e-274
3.91038e+06	3.03476e-272
3.91048e+06	1.02665e-270
3.91058e+06	3.43854e-269
3.91068e+06	1.14021e-267
3.91078e+06	3.74328e-266
3.91088e+06	1.21668e-264
3.91098e+06	3.91525e-263
3.91108e+06	1.24738e-261
3.91118e+06	3.93454e-260
3.91128e+06	1.2287e-258
3.91138e+06	3.79889e-257
3.91148e+06	1.16285e-255
3.91158e+06	3.5241e-254
3.91168e+06	1.05737e-252
3.91178e+06	3.14099e-251
3.91188e+06	9.23767e-250
3.91198e+06	2.68977e-248
3.91208e+06	7.75397e-247
3.91218e+06	2.21305e-245
3.91228e+06	6.25336e-244
3.91238e+06	1.74942e-242
3.91248e+06	4.84542e-241
3.91258e+06	1.3287e-239
3.91268e+06	3.60727e-238
3.91278e+06	9.69587e-237
3.91288e+06	2.5802e-235
3.91298e+06	6.79791e-234
3.91308e+06	1.77319e-232
3.91318e+06	4.57923e-231
3.91328e+06	1.17081e-229
3.91338e+06	2.96372e-228
3.91348e+06	7.42755e-227
3.91358e+06	1.84294e-225
3.91368e+06	4.52723e-224
3.91378e+06	1.10106e-222
3.91388e+06	2.65124e-221
3.91398e+06	6.32036e-220
3.91408e+06	1.49174e-218
3.91418e+06	3.48578e-217
3.91428e+06	8.06426e-216
3.91438e+06	1.84708e-214
3.91448e+06	4.18856e-213
3.91458e+06	9.40373e-212
3.91468e+06	2.09023e-210
3.91478e+06	4.59984e-209
3.91488e+06	1.00219e-207
3.91498e+06	2.16179e-206
3.91508e+06	4.61673e-205
3.91518e+06	9.76141e-204
3.91528e+06	2.04337e-202
3.91538e+06	4.23487e-201
3.91548e+06	8.68939e-200
3.91558e+06	1.76521e-198
3.91568e+06	3.55025e-197
3.91578e+06	7.06935e-196
3.91588e+06	1.39366e-194
3.91598e+06	2.72014e-193
3.91608e+06	5.25633e-192
3.91618e+06	1.00561e-190
3.91628e+06	1.90475e-189
3.91638e+06	3.5719e-188
3.91648e+06	6.63162e-187
3.91658e+06	1.21898e-185
3.91668e+06	2.21835e-184
3.91678e+06	3.99688e-183
3.91688e+06	7.12966e-182
3.91698e+06	1.25914e-180
3.91708e+06	2.20159e-179
3.91718e+06	3.81114e-178
3.91728e+06	6.53178e-177
3.91738e+06	1.10832e-175
3.91748e+06	1.86189e-174
3.91758e+06	3.09672e-173
3.91768e+06	5.09926e-172
3.91778e+06	8.3132e-171
3.91788e+06	1.3418e-169
3.91798e+06	2.14419e-168
3.91808e+06	3.39231e-167
3.91818e+06	5.31355e-166
3.91828e+06	8.24008e-165
3.91838e+06	1.26513e-163
3.91848e+06	1.92308e-162
3.91858e+06	2.8941e-161
3.91868e+06	4.3121e-160
3.91878e+06	6.36094e-159
3.91888e+06	9.28989e-158
3.91898e+06	1.34325e-156
3.91908e+06	1.92291e-155
3.91918e+06	2.72534e-154
3.91928e+06	3.82417e-153
3.91938e+06	5.31266e-152
3.91948e+06	7.30707e-151
3.91958e+06	9.95019e-150
3.91968e+06	1.34146e-148
3.91978e+06	1.79052e-147
3.91988e+06	2.36613e-146
3.91998e+06	3.09568e-145
3.92008e+06	4.00987e-144
3.92018e+06	5.14234e-143
3.92028e+06	6.52903e-142
3.92038e+06	8.20717e-141
3.92048e+06	1.0214e-139
3.92058e+06	1.2585e-138
3.92068e+06	1.53522e-137
3.92078e+06	1.85414e-136
3.92088e+06	2.21704e-135
3.92098e+06	2.62459e-134
3.92108e+06	3.07613e-133
3.92118e+06	3.56949e-132
3.92128e+06	4.10077e-131
3.92138e+06	4.66424e-130
3.92148e+06	5.25234e-129
3.92158e+06	5.85575e-128
3.92168e+06	6.46352e-127
3.92178e+06	7.06339e-126
3.92188e+06	7.64212e-125
3.92198e+06	8.186e-124
3.92208e+06	8.68133e-123
3.92218e+06	9.11503e-122
3.92228e+06	9.47518e-121
3.92238e+06	9.75154e-120
3.92248e+06	9.93611e-119
3.92258e+06	1.00234e-117
3.92268e+06	1.00109e-116
3.92278e+06	9.89892e-116
3.92288e+06	9.69079e-115
3.92298e+06	9.39264e-114
3.92308e+06	9.01308e-113
3.92318e+06	8.56279e-112
3.92328e+06	8.05406e-111
3.92338e+06	7.50018e-110
3.92348e+06	6.91489e-109
3.92358e+06	6.31184e-108
3.92368e+06	5.70405e-107
3.92378e+06	5.1035e-106
3.92388e+06	4.52075e-105
3.92398e+06	3.96469e-104
3.92408e+06	3.44243e-103
3.92418e+06	2.95923e-102
3.92428e+06	2.51854e-101
3.92438e+06	2.12215e-100
3.92448e+06	1.77035e-99
3.92458e+06	1.46218e-98
3.92468e+06	1.19564e-97
3.92478e+06	9.67953e-97
3.92488e+06	7.7583e-96
3.92498e+06	6.15653e-95
3.92508e+06	4.83685e-94
3.92518e+06	3.76224e-93
3.92528e+06	2.89726e-92
3.92538e+06	2.20894e-91
3.92548e+06	1.6674e-90
3.92558e+06	1.2461e-89
3.92568e+06	9.21977e-89
3.92578e+06	6.75376e-88
3.92588e+06	4.89811e-87
3.92598e+06	3.51697e-86
3.92608e+06	2.50015e-85
3.92618e+06	1.75962e-84
3.92628e+06	1.22612e-83
3.92638e+06	8.45862e-83
3.92648e+06	5.7773e-82
3.92658e+06	3.90667e-81
3.92668e+06	2.61545e-80
3.92678e+06	1.73358e-79
3.92688e+06	1.13762e-78
3.92698e+06	7.39106e-78
3.92708e+06	4.75417e-77
3.92718e+06	3.02761e-76
3.92728e+06	1.90889e-75
3.92738e+06	1.19157e-74
3.92748e+06	7.36403e-74
3.92758e+06	4.50576e-73
3.92768e+06	2.72947e-72
3.92778e+06	1.63699e-71
3.92788e+06	9.72007e-71
3.92798e+06	5.71414e-70
3.92808e+06	3.32574e-69
3.92818e+06	1.91639e-68
3.92828e+06	1.09329e-67
3.92838e+06	6.17512e-67
3.92848e+06	3.45312e-66
3.92858e+06	1.91177e-65
3.92868e+06	1.04789e-64
3.92878e+06	5.68661e-64
3.92888e+06	3.05526e-63
3.92898e+06	1.62517e-62
3.92908e+06	8.55871e-62
3.92918e+06	4.46246e-61
3.92928e+06	2.30355e-60
3.92938e+06	1.17727e-59
3.92948e+06	5.95681e-59
3.92958e+06	2.98406e-58
3.92968e+06	1.47999e-57
3.92978e+06	7.2672e-57
3.92988e+06	3.53291e-56
3.92998e+06	1.70041e-55
3.93008e+06	8.10277e-55
3.93018e+06	3.8227e-54
3.93028e+06	1.78551e-53
3.93038e+06	8.25684e-53
3.93048e+06	3.78026e-52
3.93058e+06	1.71351e-51
3.93068e+06	7.68967e-51
3.93078e+06	3.41654e-50
3.93088e+06	1.50287e-49
3.93098e+06	6.54508e-49
3.93108e+06	2.82205e-48
3.93118e+06	1.20468e-47
3.93128e+06	5.09138e-47
3.93138e+06	2.13038e-46
3.93148e+06	8.8254e-46
3.93158e+06	3.61967e-45
3.93168e+06	1.46981e-44
3.93178e+06	5.90896e-44
3.93188e+06	2.35189e-43
3.93198e+06	9.26788e-43
3.93208e+06	3.61577e-42
3.93218e+06	1.39662e-41
3.93228e+06	5.34088e-41
3.93238e+06	2.02211e-40
3.93248e+06	7.57971e-40
3.93258e+06	2.81293e-39
3.93268e+06	1.03353e-38
3.93278e+06	3.75959e-38
3.93288e+06	1.354e-37
3.93298e+06	4.82783e-37
3.93308e+06	1.70429e-36
3.93318e+06	5.95649e-36
3.93328e+06	2.06108e-35
3.93338e+06	7.06086e-35
3.93348e+06	2.39484e-34
3.93358e+06	8.0418e-34
3.93368e+06	2.67354e-33
3.93378e+06	8.79988e-33
3.93388e+06	2.86764e-32
3.93398e+06	9.25185e-32
3.93408e+06	2.95522e-31
3.93418e+06	9.34563e-31
3.93428e+06	2.92607e-30
3.93438e+06	9.07019e-30
3.93448e+06	2.7836e-29
3.93458e+06	8.45772e-29
3.93468e+06	2.54423e-28
3.93478e+06	7.57736e-28
3.93488e+06	2.23427e-27
3.93498e+06	6.52245e-27
3.93508e+06	1.88514e-26
3.93518e+06	5.39426e-26
3.93528e+06	1.52819e-25
3.93538e+06	4.28629e-25
3.93548e+06	1.19026e-24
3.93558e+06	3.27234e-24
3.93568e+06	8.90703e-24
3.93578e+06	2.40029e-23
3.93588e+06	6.40402e-23
3.93598e+06	1.6916e-22
3.93608e+06	4.42386e-22
3.93618e+06	1.14541e-21
3.93628e+06	2.93614e-21
3.93638e+06	7.45163e-21
3.93648e+06	1.87233e-20
3.93658e+06	4.65768e-20
3.93668e+06	1.14714e-19
3.93678e+06	2.79716e-19
3.93688e+06	6.75267e-19
3.93698e+06	1.61396e-18
3.93708e+06	3.81913e-18
3.93718e+06	8.94736e-18
3.93728e+06	2.07531e-17
3.93738e+06	4.7657e-17
3.93748e+06	1.0835e-16
3.93758e+06	2.43886e-16
3.93768e+06	5.43503e-16
3.93778e+06	1.19915e-15
3.93788e+06	2.61941e-15
3.93798e+06	5.66488e-15
3.93808e+06	1.21293e-14
3.93818e+06	2.57119e-14
3.93828e+06	5.39626e-14
3.93838e+06	1.12126e-13
3.93848e+06	2.30664e-13
3.93858e+06	4.69795e-13
3.93868e+06	9.47315e-13
3.93878e+06	1.8912e-12
3.93888e+06	3.73799e-12
3.93898e+06	7.31467e-12
3.93908e+06	1.41713e-11
3.93918e+06	2.71819e-11
3.93928e+06	5.16189e-11
3.93938e+06	9.70497e-11
3.93948e+06	1.80649e-10
3.93958e+06	3.32917e-10
3.93968e+06	6.07425e-10
3.93978e+06	1.09725e-09
3.93988e+06	1.96235e-09
3.93998e+06	3.4746e-09
3.94008e+06	6.09101e-09
3.94018e+06	1.05714e-08
3.94028e+06	1.81648e-08
3.94038e+06	3.0902e-08
3.94048e+06	5.20474e-08
3.94058e+06	8.67899e-08
3.94068e+06	1.43284e-07
3.94078e+06	2.34197e-07
3.94088e+06	3.78985e-07
3.94098e+06	6.07184e-07
3.94108e+06	9.63109e-07
3.94118e+06	1.51247e-06
3.94128e+06	2.35157e-06
3.94138e+06	3.61979e-06
3.94148e+06	5.51655e-06
3.94158e+06	8.32354e-06
3.94168e+06	1.24339e-05
3.94178e+06	1.83891e-05
3.94188e+06	2.6926e-05
3.94198e+06	3.90338e-05
3.94208e+06	5.60231e-05
3.94218e+06	7.96067e-05
3.94228e+06	0.000111993
3.94238e+06	0.000155986
3.94248e+06	0.0002151
3.94258e+06	0.000293665
3.94268e+06	0.000396936
3.94278e+06	0.000531185
3.94288e+06	0.000703766
3.94298e+06	0.00092314
3.94308e+06	0.00119885
3.94318e+06	0.00154141
3.94328e+06	0.00196213
3.94338e+06	0.00247284
3.94348e+06	0.00308546
3.94358e+06	0.00381155
3.94368e+06	0.00466166
3.94378e+06	0.00564464
3.94388e+06	0.00676689
3.94398e+06	0.00803155
3.94408e+06	0.0094377
3.94418e+06	0.0109797
3.94428e+06	0.0126465
3.94438e+06	0.0144215
3.94448e+06	0.0162819
3.94458e+06	0.0181994
3.94468e+06	0.0201403
3.94478e+06	0.0220665
3.94488e+06	0.0239363
3.94498e+06	0.0257061
3.94508e+06	0.0273322
3.94518e+06	0.0287719
3.94528e+06	0.0299861
3.94538e+06	0.0309406
3.94548e+06	0.0316079
3.94558e+06	0.0319682
3.94568e+06	0.0320109
3.94578e+06	0.0317347
3.94588e+06	0.0311479
3.94598e+06	0.0302677
3.94608e+06	0.0291198
3.94618e+06	0.0277366
3.94628e+06	0.0261562
3.94638e+06	0.0244205
3.94648e+06	0.0225731
3.94658e+06	0.0206578
3.94668e+06	0.0187169
3.94678e+06	0.0167897
3.94688e+06	0.014911
3.94698e+06	0.0131108
3.94708e+06	0.0114132
3.94718e+06	0.00983655
3.94728e+06	0.00839335
3.94738e+06	0.00709064
3.94748e+06	0.00593051
3.94758e+06	0.00491084
3.94768e+06	0.00402603
3.94778e+06	0.0032678
3.94788e+06	0.00262597
3.94798e+06	0.00208921
3.94808e+06	0.00164563
3.94818e+06	0.00128333
3.94828e+06	0.000990834
3.94838e+06	0.000757393
3.94848e+06	0.00057319
3.94858e+06	0.00042947
3.94868e+06	0.000318585
3.94878e+06	0.000233977
3.94888e+06	0.000170129
3.94898e+06	0.000122473
3.94908e+06	8.72894e-05
3.94918e+06	6.1594e-05
3.94928e+06	4.30301e-05
3.94938e+06	2.97621e-05
3.94948e+06	2.03803e-05
3.94958e+06	1.38171e-05
3.94968e+06	9.27424e-06
3.94978e+06	6.16307e-06
3.94988e+06	4.05484e-06
3.94998e+06	2.64123e-06
3.95008e+06	1.70332e-06
3.95018e+06	1.08754e-06
3.95028e+06	6.87462e-07
3.95038e+06	4.3024e-07
3.95048e+06	2.66581e-07
3.95058e+06	1.63533e-07
3.95068e+06	9.93201e-08
3.95078e+06	5.9721e-08
3.95088e+06	3.55528e-08
3.95098e+06	2.09545e-08
3.95108e+06	1.22275e-08
3.95118e+06	7.06409e-09
3.95128e+06	4.04046e-09
3.95138e+06	2.28804e-09
3.95148e+06	1.28278e-09
3.95158e+06	7.1203e-10
3.95168e+06	3.91293e-10
3.95178e+06	2.12893e-10
3.95188e+06	1.14678e-10
3.95198e+06	6.1158e-11
3.95208e+06	3.22913e-11
3.95218e+06	1.688e-11
3.95228e+06	8.73613e-12
3.95238e+06	4.47632e-12
3.95248e+06	2.27081e-12
3.95258e+06	1.14051e-12
3.95268e+06	5.67116e-13
3.95278e+06	2.79192e-13
3.95288e+06	1.36079e-13
3.95298e+06	6.56652e-14
3.95308e+06	3.13716e-14
3.95318e+06	1.48387e-14
3.95328e+06	6.94884e-15
3.95338e+06	3.2217e-15
3.95348e+06	1.47882e-15
3.95358e+06	6.72052e-16
3.95368e+06	3.02376e-16
3.95378e+06	1.34694e-16
3.95388e+06	5.94028e-17
3.95398e+06	2.59371e-17
3.95408e+06	1.12123e-17
3.95418e+06	4.79871e-18
3.95428e+06	2.03334e-18
3.95438e+06	8.53011e-19
3.95448e+06	3.54287e-19
3.95458e+06	1.45684e-19
3.95468e+06	5.931e-20
3.95478e+06	2.39056e-20
3.95488e+06	9.53957e-21
3.95498e+06	3.7689e-21
3.95508e+06	1.47421e-21
3.95518e+06	5.70897e-22
3.95528e+06	2.18885e-22
3.95538e+06	8.30863e-23
3.95548e+06	3.12249e-23
3.95558e+06	1.16179e-23
3.95568e+06	4.27971e-24
3.95578e+06	1.56083e-24
3.95588e+06	5.63581e-25
3.95598e+06	2.01471e-25
3.95608e+06	7.13061e-26
3.95618e+06	2.4986e-26
3.95628e+06	8.66812e-27
3.95638e+06	2.97721e-27
3.95648e+06	1.0124e-27
3.95658e+06	3.4084e-28
3.95668e+06	1.13607e-28
3.95678e+06	3.74903e-29
3.95688e+06	1.22487e-29
3.95698e+06	3.96202e-30
3.95708e+06	1.26882e-30
3.95718e+06	4.02293e-31
3.95728e+06	1.26282e-31
3.95738e+06	3.9246e-32
3.95748e+06	1.20756e-32
3.95758e+06	3.67856e-33
3.95768e+06	1.10944e-33
3.95778e+06	3.31274e-34
3.95788e+06	9.79328e-35
3.95798e+06	2.86633e-35
3.95808e+06	8.30578e-36
3.95818e+06	2.38283e-36
3.95828e+06	6.76801e-37
3.95838e+06	1.90321e-37
3.95848e+06	5.29871e-38
3.95858e+06	1.46053e-38
3.95868e+06	3.98572e-39
3.95878e+06	1.07686e-39
3.95888e+06	2.88053e-40
3.95898e+06	7.62852e-41
3.95908e+06	2.00016e-41
3.95918e+06	5.19216e-42
3.95928e+06	1.3344e-42
3.95938e+06	3.39535e-43
3.95948e+06	8.55337e-44
3.95958e+06	2.13328e-44
3.95968e+06	5.26763e-45
3.95978e+06	1.28778e-45
3.95988e+06	3.11689e-46
3.95998e+06	7.46897e-47
3.96008e+06	1.77197e-47
3.96018e+06	4.16207e-48
3.96028e+06	9.67875e-49
3.96038e+06	2.22837e-49
3.96048e+06	5.07938e-50
3.96058e+06	1.14628e-50
3.96068e+06	2.56112e-51
3.96078e+06	5.66533e-52
3.96088e+06	1.24073e-52
3.96098e+06	2.69021e-53
3.96108e+06	5.77501e-54
3.96118e+06	1.22737e-54
3.96128e+06	2.5826e-55
3.96138e+06	5.38015e-56
3.96148e+06	1.10966e-56
3.96158e+06	2.2659e-57
3.96168e+06	4.58088e-58
3.96178e+06	9.16885e-59
3.96188e+06	1.81693e-59
3.96198e+06	3.56466e-60
3.96208e+06	6.92396e-61
3.96218e+06	1.33152e-61
3.96228e+06	2.53513e-62
3.96238e+06	4.77868e-63
3.96248e+06	8.91811e-64
3.96258e+06	1.64776e-64
3.96268e+06	3.01422e-65
3.96278e+06	5.45897e-66
3.96288e+06	9.78823e-67
3.96298e+06	1.73762e-67
3.96308e+06	3.05395e-68
3.96318e+06	5.31406e-69
3.96328e+06	9.15478e-70
3.96338e+06	1.56145e-70
3.96348e+06	2.63671e-71
3.96358e+06	4.40814e-72
3.96368e+06	7.29634e-73
3.96378e+06	1.19567e-73
3.96388e+06	1.93988e-74
3.96398e+06	3.116e-75
3.96408e+06	4.95536e-76
3.96418e+06	7.80207e-77
3.96428e+06	1.21619e-77
3.96438e+06	1.87694e-78
3.96448e+06	2.86786e-79
3.96458e+06	4.33831e-80
3.96468e+06	6.49742e-81
3.96478e+06	9.63427e-82
3.96488e+06	1.41434e-82
3.96498e+06	2.05563e-83
3.96508e+06	2.95797e-84
3.96518e+06	4.21404e-85
3.96528e+06	5.94376e-86
3.96538e+06	8.30006e-87
3.96548e+06	1.14751e-87
3.96558e+06	1.5707e-88
3.96568e+06	2.12855e-89
3.96578e+06	2.85582e-90
3.96588e+06	3.79346e-91
3.96598e+06	4.98882e-92
3.96608e+06	6.49557e-93
3.96618e+06	8.37324e-94
3.96628e+06	1.06863e-94
3.96638e+06	1.35026e-95
3.96648e+06	1.68913e-96
3.96658e+06	2.09203e-97
3.96668e+06	2.56525e-98
3.96678e+06	3.11421e-99
3.96688e+06	3.74304e-100
3.96698e+06	4.45407e-101
3.96708e+06	5.24743e-102
3.96718e+06	6.12059e-103
3.96728e+06	7.06801e-104
3.96738e+06	8.08087e-105
3.96748e+06	9.14694e-106
3.96758e+06	1.02506e-106
3.96768e+06	1.13732e-107
3.96778e+06	1.24931e-108
3.96788e+06	1.35868e-109
3.96798e+06	1.46292e-110
3.96808e+06	1.55949e-111
3.96818e+06	1.64588e-112
3.96828e+06	1.71978e-113
3.96838e+06	1.77912e-114
3.96848e+06	1.82219e-115
3.96858e+06	1.84773e-116
3.96868e+06	1.85499e-117
3.96878e+06	1.84374e-118
3.96888e+06	1.81433e-119
3.96898e+06	1.76763e-120
3.96908e+06	1.70499e-121
3.96918e+06	1.62821e-122
3.96928e+06	1.53941e-123
3.96938e+06	1.44098e-124
3.96948e+06	1.33541e-125
3.96958e+06	1.22527e-126
3.96968e+06	1.11302e-127
3.96978e+06	1.001e-128
3.96988e+06	8.91296e-130
3.96998e+06	7.85718e-131
3.97008e+06	6.85753e-132
3.97018e+06	5.92552e-133
3.97028e+06	5.06923e-134
3.97038e+06	4.29353e-135
3.97048e+06	3.60034e-136
3.97058e+06	2.98903e-137
3.97068e+06	2.45682e-138
3.97078e+06	1.99929e-139
3.97088e+06	1.61077e-140
3.97098e+06	1.28484e-141
3.97108e+06	1.01466e-142
3.97118e+06	7.9332e-144
3.97128e+06	6.14093e-145
3.97138e+06	4.70627e-146
3.97148e+06	3.5709e-147
3.97158e+06	2.68247e-148
3.97168e+06	1.99503e-149
3.97178e+06	1.46899e-150
3.97188e+06	1.0709e-151
3.97198e+06	7.72919e-153
3.97208e+06	5.52302e-154
3.97218e+06	3.90729e-155
3.97228e+06	2.73673e-156
3.97238e+06	1.89778e-157
3.97248e+06	1.30292e-158
3.97258e+06	8.85614e-160
3.97268e+06	5.95976e-161
3.97278e+06	3.97074e-162
3.97288e+06	2.61921e-163
3.97298e+06	1.71051e-164
3.97308e+06	1.10596e-165
3.97318e+06	7.0796e-167
3.97328e+06	4.48679e-168
3.97338e+06	2.81527e-169
3.97348e+06	1.74889e-170
3.97358e+06	1.07562e-171
3.97368e+06	6.5496e-173
3.97378e+06	3.94846e-174
3.97388e+06	2.35666e-175
3.97398e+06	1.39259e-176
3.97408e+06	8.14717e-178
3.97418e+06	4.71897e-179
3.97428e+06	2.70611e-180
3.97438e+06	1.53638e-181
3.97448e+06	8.63598e-183
3.97458e+06	4.80596e-184
3.97468e+06	2.64793e-185
3.97478e+06	1.44441e-186
3.97488e+06	7.80062e-188
3.97498e+06	4.17087e-189
3.97508e+06	2.2079e-190
3.97518e+06	1.15715e-191
3.97528e+06	6.00426e-193
3.97538e+06	3.0845e-194
3.97548e+06	1.5688e-195
3.97558e+06	7.89963e-197
3.97568e+06	3.93825e-198
3.97578e+06	1.94382e-199
3.97588e+06	9.49877e-201
3.97598e+06	4.59552e-202
3.97608e+06	2.2012e-203
3.97618e+06	1.04386e-204
3.97628e+06	4.90095e-206
3.97638e+06	2.27812e-207
3.97648e+06	1.0484e-208
3.97658e+06	4.77682e-210
3.97668e+06	2.15479e-211
3.97678e+06	9.62342e-213
3.97688e+06	4.25511e-214
3.97698e+06	1.86273e-215
3.97708e+06	8.07317e-217
3.97718e+06	3.46415e-218
3.97728e+06	1.47165e-219
3.97738e+06	6.18973e-221
3.97748e+06	2.57748e-222
3.97758e+06	1.06261e-223
3.97768e+06	4.33724e-225
3.97778e+06	1.7527e-226
3.97788e+06	7.01229e-228
3.97798e+06	2.77759e-229
3.97808e+06	1.08927e-230
3.97818e+06	4.22919e-232
3.97828e+06	1.62569e-233
3.97838e+06	6.18691e-235
3.97848e+06	2.33114e-236
3.97858e+06	8.69598e-238
3.97868e+06	3.21164e-239
3.97878e+06	1.17433e-240
3.97888e+06	4.25123e-242
3.97898e+06	1.52368e-243
3.97908e+06	5.40667e-245
3.97918e+06	1.89943e-246
3.97928e+06	6.60653e-248
3.97938e+06	2.275e-249
3.97948e+06	7.75614e-251
3.97958e+06	2.61798e-252
3.97968e+06	8.74874e-254
3.97978e+06	2.89455e-255
3.97988e+06	9.48144e-257
3.97998e+06	3.07485e-258
3.98008e+06	9.87258e-260
3.98018e+06	3.1383e-261
3.98028e+06	9.87679e-263
3.98038e+06	3.07747e-264
3.98048e+06	9.49355e-266
3.98058e+06	2.89949e-267
3.98068e+06	8.76739e-269
3.98078e+06	2.62468e-270
3.98088e+06	7.77929e-272
3.98098e+06	2.28276e-273
3.98108e+06	6.63189e-275
3.98118e+06	1.90753e-276
3.98128e+06	5.43205e-278
3.98138e+06	1.53148e-279
3.98148e+06	4.27482e-281
3.98158e+06	1.18135e-282
3.98168e+06	3.23221e-284
3.98178e+06	8.75542e-286
3.98188e+06	2.34807e-287
3.98198e+06	6.2345e-289
3.98208e+06	1.63889e-290
3.98218e+06	4.26535e-292
3.98228e+06	1.09905e-293
3.98238e+06	2.80373e-295
3.98248e+06	7.08128e-297
3.98258e+06	1.7707e-298
3.98268e+06	4.38365e-300
3.98278e+06	1.07444e-301
3.98288e+06	2.60728e-303
3.98298e+06	6.26396e-305
3.98308e+06	1.48994e-306
3.98318e+06	3.50867e-308
3.98328e+06	8.18042e-310
3.98338e+06	1.88827e-311
3.98348e+06	4.31531e-313
3.98358e+06	9.76373e-315
3.98368e+06	2.18714e-316
3.98378e+06	4.85059e-318
3.98388e+06	1.06506e-319
3.98398e+06	2.31717e-321
3.98408e+06	4.94066e-323
3.98418e+06	0
3.98428e+06	0
3.98438e+06	0
3.98448e+06	0
3.98458e+06	0
3.98468e+06	0
3.98478e+06	0
3.98488e+06	0
3.98498e+06	0
3.98508e+06	0
3.98518e+06	0
3.98528e+06	0
3.98538e+06	0
3.98548e+06	0
3.98558e+06	0
3.98568e+06	0
3.98578e+06	0
3.98588e+06	0
3.98598e+06	0
3.98608e+06	0
3.98618e+06	0
3.98628e+06	0
3.98638e+06	0
3.98648e+06	0
3.98658e+06	0
3.98668e+06	0
3.98678e+06	0
3.98688e+06	0
3.98698e+06	0
3.98708e+06	0
3.98718e+06	0
3.98728e+06	0
3.98738e+06	0
3.98748e+06	0
3.98758e+06	0
3.98768e+06	0
3.98778e+06	0
3.98788e+06	0
3.98798e+06	0
3.98808e+06	0
3.98818e+06	0
3.98828e+06	0
3.98838e+06	0
3.98848e+06	0
3.98858e+06	0
3.98868e+06	0
3.98878e+06	0
3.98888e+06	0
3.98898e+06	0
3.98908e+06	0
3.98918e+06	0
3.98928e+06	0
3.98938e+06	0
3.98948e+06	0
3.98958e+06	0
3.98968e+06	0
3.98978e+06	0
3.98988e+06	0
3.98998e+06	0
3.99008e+06	0
3.99018e+06	0
3.99028e+06	0
3.99038e+06	0
3.99048e+06	0
3.99058e+06	0
3.99068e+06	0
3.99078e+06	0
3.99088e+06	0
3.99098e+06	0
3.99108e+06	0
3.99118e+06	0
3.99128e+06	0
3.99138e+06	0
3.99148e+06	0
3.99158e+06	0
3.99168e+06	0
3.99178e+06	0
3.99188e+06	0
3.99198e+06	0
3.99208e+06	0
3.99218e+06	0
3.99228e+06	0
3.99238e+06	0
3.99248e+06	0
3.99258e+06	0
3.99268e+06	0
3.99278e+06	0
3.99288e+06	0
3.99298e+06	0
3.99308e+06	0
3.99318e+06	0
3.99328e+06	0
3.99338e+06	0
3.99348e+06	0
3.99358e+06	0
3.99368e+06	0
3.99378e+06	0
3.99388e+06	0
3.99398e+06	0
3.99408e+06	0
3.99418e+06	0
3.99428e+06	0
3.99438e+06	0
3.99448e+06	0
3.99458e+06	0
3.99468e+06	0
3.99478e+06	0
3.99488e+06	0
3.99498e+06	0
3.99508e+06	0
3.99518e+06	0
3.99528e+06	0
3.99538e+06	0
3.99548e+06	0
3.99558e+06	0
3.99568e+06	0
3.99578e+06	0
3.99588e+06	0
3.99598e+06	0
3.99608e+06	0
3.99618e+06	0
3.99628e+06	0
3.99638e+06	0
3.99648e+06	0
3.99658e+06	0
3.99668e+06	0
3.99678e+06	0
3.99688e+06	0
3.99698e+06	0
3.99708e+06	0
3.99718e+06	0
3.99728e+06	0
3.99738e+06	0
3.99748e+06	0
3.99758e+06	0
3.99768e+06	0
3.99778e+06	0
3.99788e+06	0
3.99798e+06	0
3.99808e+06	0
3.99818e+06	0
3.99828e+06	0
3.99838e+06	0
3.99848e+06	0
3.99858e+06	0
3.99868e+06	0
3.99878e+06	0
3.99888e+06	0
3.99898e+06	9.38725e-323
3.99908e+06	4.1798e-321
3.99918e+06	1.95334e-319
3.99928e+06	9.0055e-318
3.99938e+06	4.11074e-316
3.99948e+06	1.85776e-314
3.99958e+06	8.31219e-313
3.99968e+06	3.68212e-311
3.99978e+06	1.61487e-309
3.99988e+06	7.01191e-308
3.99998e+06	3.01433e-306
4.00008e+06	1.28293e-304
4.00018e+06	5.40593e-303
4.00028e+06	2.25526e-301
4.00038e+06	9.31491e-300
4.00048e+06	3.80906e-298
4.00058e+06	1.54211e-296
4.00068e+06	6.18114e-295
4.00078e+06	2.4529e-293
4.00088e+06	9.63713e-292
4.00098e+06	3.74863e-290
4.00108e+06	1.44363e-288
4.00118e+06	5.50419e-287
4.00128e+06	2.07773e-285
4.00138e+06	7.76502e-284
4.00148e+06	2.87312e-282
4.00158e+06	1.0525e-280
4.00168e+06	3.8172e-279
4.00178e+06	1.37065e-277
4.00188e+06	4.87264e-276
4.00198e+06	1.71498e-274
4.00208e+06	5.97603e-273
4.00218e+06	2.06168e-271
4.00228e+06	7.04188e-270
4.00238e+06	2.38129e-268
4.00248e+06	7.97248e-267
4.00258e+06	2.6426e-265
4.00268e+06	8.67214e-264
4.00278e+06	2.81759e-262
4.00288e+06	9.06331e-261
4.00298e+06	2.88638e-259
4.00308e+06	9.10073e-258
4.00318e+06	2.8409e-256
4.00328e+06	8.77998e-255
4.00338e+06	2.68651e-253
4.00348e+06	8.1384e-252
4.00358e+06	2.44089e-250
4.00368e+06	7.24791e-249
4.00378e+06	2.13076e-247
4.00388e+06	6.20176e-246
4.00398e+06	1.78711e-244
4.00408e+06	5.09853e-243
4.00418e+06	1.44011e-241
4.00428e+06	4.0272e-240
4.00438e+06	1.11498e-238
4.00448e+06	3.05626e-237
4.00458e+06	8.2941e-236
4.00468e+06	2.22846e-234
4.00478e+06	5.92787e-233
4.00488e+06	1.56116e-231
4.00498e+06	4.07057e-230
4.00508e+06	1.0508e-228
4.00518e+06	2.6856e-227
4.00528e+06	6.79547e-226
4.00538e+06	1.70237e-224
4.00548e+06	4.22228e-223
4.00558e+06	1.0368e-221
4.00568e+06	2.5206e-220
4.00578e+06	6.0669e-219
4.00588e+06	1.44573e-217
4.00598e+06	3.41087e-216
4.00608e+06	7.96709e-215
4.00618e+06	1.84243e-213
4.00628e+06	4.21833e-212
4.00638e+06	9.56195e-211
4.00648e+06	2.1459e-209
4.00658e+06	4.76793e-208
4.00668e+06	1.04883e-206
4.00678e+06	2.28424e-205
4.00688e+06	4.92529e-204
4.00698e+06	1.05143e-202
4.00708e+06	2.22221e-201
4.00718e+06	4.64995e-200
4.00728e+06	9.63313e-199
4.00738e+06	1.9758e-197
4.00748e+06	4.01215e-196
4.00758e+06	8.06618e-195
4.00768e+06	1.60552e-193
4.00778e+06	3.16388e-192
4.00788e+06	6.1728e-191
4.00798e+06	1.19234e-189
4.00808e+06	2.28022e-188
4.00818e+06	4.31728e-187
4.00828e+06	8.09282e-186
4.00838e+06	1.50192e-184
4.00848e+06	2.75963e-183
4.00858e+06	5.0201e-182
4.00868e+06	9.04128e-181
4.00878e+06	1.61215e-179
4.00888e+06	2.84602e-178
4.00898e+06	4.97424e-177
4.00908e+06	8.60743e-176
4.00918e+06	1.47461e-174
4.00928e+06	2.50114e-173
4.00938e+06	4.20006e-172
4.00948e+06	6.9828e-171
4.00958e+06	1.14937e-169
4.00968e+06	1.87305e-168
4.00978e+06	3.02201e-167
4.00988e+06	4.82724e-166
4.00998e+06	7.63412e-165
4.01008e+06	1.1953e-163
4.01018e+06	1.85289e-162
4.01028e+06	2.84368e-161
4.01038e+06	4.32085e-160
4.01048e+06	6.50001e-159
4.01058e+06	9.68091e-158
4.01068e+06	1.4275e-156
4.01078e+06	2.08397e-155
4.01088e+06	3.01207e-154
4.01098e+06	4.31018e-153
4.01108e+06	6.10637e-152
4.01118e+06	8.56501e-151
4.01128e+06	1.1894e-149
4.01138e+06	1.63527e-148
4.01148e+06	2.22589e-147
4.01158e+06	2.99969e-146
4.01168e+06	4.00227e-145
4.01178e+06	5.28681e-144
4.01188e+06	6.91413e-143
4.01198e+06	8.95238e-142
4.01208e+06	1.14762e-140
4.01218e+06	1.4565e-139
4.01228e+06	1.83014e-138
4.01238e+06	2.27674e-137
4.01248e+06	2.80414e-136
4.01258e+06	3.41934e-135
4.01268e+06	4.12803e-134
4.01278e+06	4.93402e-133
4.01288e+06	5.83869e-132
4.01298e+06	6.84048e-131
4.01308e+06	7.93442e-130
4.01318e+06	9.11174e-129
4.01328e+06	1.03596e-127
4.01338e+06	1.16612e-126
4.01348e+06	1.29957e-125
4.01358e+06	1.43389e-124
4.01368e+06	1.56634e-123
4.01378e+06	1.694e-122
4.01388e+06	1.81384e-121
4.01398e+06	1.92283e-120
4.01408e+06	2.01809e-119
4.01418e+06	2.09699e-118
4.01428e+06	2.15729e-117
4.01438e+06	2.19725e-116
4.01448e+06	2.21568e-115
4.01458e+06	2.21203e-114
4.01468e+06	2.18642e-113
4.01478e+06	2.13959e-112
4.01488e+06	2.07294e-111
4.01498e+06	1.98838e-110
4.01508e+06	1.88829e-109
4.01518e+06	1.7754e-108
4.01528e+06	1.65265e-107
4.01538e+06	1.52307e-106
4.01548e+06	1.38969e-105
4.01558e+06	1.25538e-104
4.01568e+06	1.12276e-103
4.01578e+06	9.94157e-103
4.01588e+06	8.71528e-102
4.01598e+06	7.56423e-101
4.01608e+06	6.49987e-100
4.01618e+06	5.52971e-99
4.01628e+06	4.65754e-98
4.01638e+06	3.8839e-97
4.01648e+06	3.20654e-96
4.01658e+06	2.62097e-95
4.01668e+06	2.12102e-94
4.01678e+06	1.69936e-93
4.01688e+06	1.34797e-92
4.01698e+06	1.05861e-91
4.01708e+06	8.23087e-91
4.01718e+06	6.33598e-90
4.01728e+06	4.82879e-89
4.01738e+06	3.64351e-88
4.01748e+06	2.72182e-87
4.01758e+06	2.01305e-86
4.01768e+06	1.47404e-85
4.01778e+06	1.06861e-84
4.01788e+06	7.66984e-84
4.01798e+06	5.45018e-83
4.01808e+06	3.83435e-82
4.01818e+06	2.67073e-81
4.01828e+06	1.84173e-80
4.01838e+06	1.25741e-79
4.01848e+06	8.4994e-79
4.01858e+06	5.68794e-78
4.01868e+06	3.76859e-77
4.01878e+06	2.47206e-76
4.01888e+06	1.60545e-75
4.01898e+06	1.03227e-74
4.01908e+06	6.57119e-74
4.01918e+06	4.14145e-73
4.01928e+06	2.58416e-72
4.01938e+06	1.5964e-71
4.01948e+06	9.76387e-71
4.01958e+06	5.91234e-70
4.01968e+06	3.54449e-69
4.01978e+06	2.1038e-68
4.01988e+06	1.23627e-67
4.01998e+06	7.19248e-67
4.02008e+06	4.14287e-66
4.02018e+06	2.36255e-65
4.02028e+06	1.33388e-64
4.02038e+06	7.45609e-64
4.02048e+06	4.12631e-63
4.02058e+06	2.26084e-62
4.02068e+06	1.22641e-61
4.02078e+06	6.58652e-61
4.02088e+06	3.50215e-60
4.02098e+06	1.84362e-59
4.02108e+06	9.60869e-59
4.02118e+06	4.95809e-58
4.02128e+06	2.53292e-57
4.02138e+06	1.28111e-56
4.02148e+06	6.41515e-56
4.02158e+06	3.18043e-55
4.02168e+06	1.56106e-54
4.02178e+06	7.586e-54
4.02188e+06	3.64974e-53
4.02198e+06	1.73848e-52
4.02208e+06	8.19847e-52
4.02218e+06	3.82784e-51
4.02228e+06	1.76942e-50
4.02238e+06	8.09777e-50
4.02248e+06	3.66908e-49
4.02258e+06	1.64591e-48
4.02268e+06	7.30991e-48
4.02278e+06	3.21422e-47
4.02288e+06	1.39925e-46
4.02298e+06	6.03076e-46
4.02308e+06	2.5734e-45
4.02318e+06	1.08717e-44
4.02328e+06	4.54722e-44
4.02338e+06	1.883e-43
4.02348e+06	7.71994e-43
4.02358e+06	3.13352e-42
4.02368e+06	1.25924e-41
4.02378e+06	5.01006e-41
4.02388e+06	1.97348e-40
4.02398e+06	7.69629e-40
4.02408e+06	2.97157e-39
4.02418e+06	1.13592e-38
4.02428e+06	4.29899e-38
4.02438e+06	1.6108e-37
4.02448e+06	5.97551e-37
4.02458e+06	2.19465e-36
4.02468e+06	7.98017e-36
4.02478e+06	2.87287e-35
4.02488e+06	1.02395e-34
4.02498e+06	3.61323e-34
4.02508e+06	1.26232e-33
4.02518e+06	4.3662e-33
4.02528e+06	1.49518e-32
4.02538e+06	5.0692e-32
4.02548e+06	1.70154e-31
4.02558e+06	5.65461e-31
4.02568e+06	1.86046e-30
4.02578e+06	6.06032e-30
4.02588e+06	1.95446e-29
4.02598e+06	6.24045e-29
4.02608e+06	1.9727e-28
4.02618e+06	6.17397e-28
4.02628e+06	1.91304e-27
4.02638e+06	5.86869e-27
4.02648e+06	1.78244e-26
4.02658e+06	5.35977e-26
4.02668e+06	1.59564e-25
4.02678e+06	4.70305e-25
4.02688e+06	1.3724e-24
4.02698e+06	3.96498e-24
4.02708e+06	1.13412e-23
4.02718e+06	3.21167e-23
4.02728e+06	9.00454e-23
4.02738e+06	2.49948e-22
4.02748e+06	6.869e-22
4.02758e+06	1.86894e-21
4.02768e+06	5.03447e-21
4.02778e+06	1.34267e-20
4.02788e+06	3.54521e-20
4.02798e+06	9.2677e-20
4.02808e+06	2.39861e-19
4.02818e+06	6.14615e-19
4.02828e+06	1.55921e-18
4.02838e+06	3.91617e-18
4.02848e+06	9.73817e-18
4.02858e+06	2.39745e-17
4.02868e+06	5.84357e-17
4.02878e+06	1.41015e-16
4.02888e+06	3.36906e-16
4.02898e+06	7.96909e-16
4.02908e+06	1.86623e-15
4.02918e+06	4.32694e-15
4.02928e+06	9.93235e-15
4.02938e+06	2.25726e-14
4.02948e+06	5.07886e-14
4.02958e+06	1.13138e-13
4.02968e+06	2.49522e-13
4.02978e+06	5.44836e-13
4.02988e+06	1.17782e-12
4.02998e+06	2.52087e-12
4.03008e+06	5.34169e-12
4.03018e+06	1.12063e-11
4.03028e+06	2.32759e-11
4.03038e+06	4.78636e-11
4.03048e+06	9.74454e-11
4.03058e+06	1.96415e-10
4.03068e+06	3.91963e-10
4.03078e+06	7.74412e-10
4.03088e+06	1.5148e-09
4.03098e+06	2.93358e-09
4.03108e+06	5.62467e-09
4.03118e+06	1.06771e-08
4.03128e+06	2.00662e-08
4.03138e+06	3.73366e-08
4.03148e+06	6.87799e-08
4.03158e+06	1.25443e-07
4.03168e+06	2.26509e-07
4.03178e+06	4.04934e-07
4.03188e+06	7.16703e-07
4.03198e+06	1.25589e-06
4.03208e+06	2.17881e-06
4.03218e+06	3.74237e-06
4.03228e+06	6.36399e-06
4.03238e+06	1.07145e-05
4.03248e+06	1.78594e-05
4.03258e+06	2.94728e-05
4.03268e+06	4.81541e-05
4.03278e+06	7.78936e-05
4.03288e+06	0.000124746
4.03298e+06	0.000197792
4.03308e+06	0.000310491
4.03318e+06	0.000482554
4.03328e+06	0.000742506
4.03338e+06	0.00113113
4.03348e+06	0.001706
4.03358e+06	0.00254744
4.03368e+06	0.00376605
4.03378e+06	0.0055122
4.03388e+06	0.00798768
4.03398e+06	0.0114597
4.03408e+06	0.0162774
4.03418e+06	0.0228903
4.03428e+06	0.0318695
4.03438e+06	0.0439296
4.03448e+06	0.0599509
4.03458e+06	0.0810011
4.03468e+06	0.108354
4.03478e+06	0.1435
4.03488e+06	0.188157
4.03498e+06	0.244255
4.03508e+06	0.313924
4.03518e+06	0.39945
4.03528e+06	0.503219
4.03538e+06	0.627637
4.03548e+06	0.775029
4.03558e+06	0.94751
4.03568e+06	1.14685
4.03578e+06	1.37432
4.03588e+06	1.63051
4.03598e+06	1.91522
4.03608e+06	2.22725
4.03618e+06	2.56436
4.03628e+06	2.9231
4.03638e+06	3.29888
4.03648e+06	3.68592
4.03658e+06	4.07739
4.03668e+06	4.46556
4.03678e+06	4.84202
4.03688e+06	5.19798
4.03698e+06	5.52458
4.03708e+06	5.81328
4.03718e+06	6.0562
4.03728e+06	6.24649
4.03738e+06	6.37865
4.03748e+06	6.4488
4.03758e+06	6.45485
4.03768e+06	6.39662
4.03778e+06	6.27584
4.03788e+06	6.09607
4.03798e+06	5.86253
4.03808e+06	5.58185
4.03818e+06	5.26171
4.03828e+06	4.91059
4.03838e+06	4.5373
4.03848e+06	4.15067
4.03858e+06	3.7592
4.03868e+06	3.37078
4.03878e+06	2.99242
4.03888e+06	2.63009
4.03898e+06	2.28864
4.03908e+06	1.9717
4.03918e+06	1.68174
4.03928e+06	1.42016
4.03938e+06	1.18733
4.03948e+06	0.982794
4.03958e+06	0.805398
4.03968e+06	0.653456
4.03978e+06	0.524902
4.03988e+06	0.417444
4.03998e+06	0.328681
4.04008e+06	0.256217
4.04018e+06	0.197742
4.04028e+06	0.151094
4.04038e+06	0.114301
4.04048e+06	0.0856076
4.04058e+06	0.0634792
4.04068e+06	0.0466023
4.04078e+06	0.0338719
4.04088e+06	0.0243742
4.04098e+06	0.0173651
4.04108e+06	0.0122484
4.04118e+06	0.00855347
4.04128e+06	0.00591371
4.04138e+06	0.00404795
4.04148e+06	0.00274327
4.04158e+06	0.00184059
4.04168e+06	0.00122265
4.04178e+06	0.000804095
4.04188e+06	0.000523561
4.04198e+06	0.000337509
4.04208e+06	0.000215407
4.04218e+06	0.00013611
4.04228e+06	8.51491e-05
4.04238e+06	5.27383e-05
4.04248e+06	3.23392e-05
4.04258e+06	1.96331e-05
4.04268e+06	1.18006e-05
4.04278e+06	7.02231e-06
4.04288e+06	4.13724e-06
4.04298e+06	2.41323e-06
4.04308e+06	1.39362e-06
4.04318e+06	7.96795e-07
4.04328e+06	4.5103e-07
4.04338e+06	2.52768e-07
4.04348e+06	1.40248e-07
4.04358e+06	7.70417e-08
4.04368e+06	4.18999e-08
4.04378e+06	2.2561e-08
4.04388e+06	1.20271e-08
4.04398e+06	6.34773e-09
4.04408e+06	3.31691e-09
4.04418e+06	1.71596e-09
4.04428e+06	8.78894e-10
4.04438e+06	4.4568e-10
4.04448e+06	2.23752e-10
4.04458e+06	1.11216e-10
4.04468e+06	5.47301e-11
4.04478e+06	2.6665e-11
4.04488e+06	1.28622e-11
4.04498e+06	6.14247e-12
4.04508e+06	2.90422e-12
4.04518e+06	1.35948e-12
4.04528e+06	6.30047e-13
4.04538e+06	2.89088e-13
4.04548e+06	1.31324e-13
4.04558e+06	5.90631e-14
4.04568e+06	2.62994e-14
4.04578e+06	1.15939e-14
4.04588e+06	5.06027e-15
4.04598e+06	2.18662e-15
4.04608e+06	9.35471e-16
4.04618e+06	3.96227e-16
4.04628e+06	1.66156e-16
4.04638e+06	6.89831e-17
4.04648e+06	2.83549e-17
4.04658e+06	1.15391e-17
4.04668e+06	4.6491e-18
4.04678e+06	1.85449e-18
4.04688e+06	7.32384e-19
4.04698e+06	2.86358e-19
4.04708e+06	1.1085e-19
4.04718e+06	4.24836e-20
4.04728e+06	1.61199e-20
4.04738e+06	6.05565e-21
4.04748e+06	2.25225e-21
4.04758e+06	8.29334e-22
4.04768e+06	3.02342e-22
4.04778e+06	1.09125e-22
4.04788e+06	3.89951e-23
4.04798e+06	1.37959e-23
4.04808e+06	4.83224e-24
4.04818e+06	1.67573e-24
4.04828e+06	5.75328e-25
4.04838e+06	1.95562e-25
4.04848e+06	6.58129e-26
4.04858e+06	2.19277e-26
4.04868e+06	7.23326e-27
4.04878e+06	2.36228e-27
4.04888e+06	7.63811e-28
4.04898e+06	2.4451e-28
4.04908e+06	7.74936e-29
4.04918e+06	2.4316e-29
4.04928e+06	7.55395e-30
4.04938e+06	2.32334e-30
4.04948e+06	7.07474e-31
4.04958e+06	2.13287e-31
4.04968e+06	6.36612e-32
4.04978e+06	1.88123e-32
4.04988e+06	5.50386e-33
4.04998e+06	1.59423e-33
4.05008e+06	4.57182e-34
4.05018e+06	1.29803e-34
4.05028e+06	3.6487e-35
4.05038e+06	1.01543e-35
4.05048e+06	2.79779e-36
4.05058e+06	7.63203e-37
4.05068e+06	2.06121e-37
4.05078e+06	5.51137e-38
4.05088e+06	1.459e-38
4.05098e+06	3.82391e-39
4.05108e+06	9.92241e-40
4.05118e+06	2.54908e-40
4.05128e+06	6.48347e-41
4.05138e+06	1.63263e-41
4.05148e+06	4.0703e-42
4.05158e+06	1.00466e-42
4.05168e+06	2.45512e-43
4.05178e+06	5.93994e-44
4.05188e+06	1.42281e-44
4.05198e+06	3.3742e-45
4.05208e+06	7.9223e-46
4.05218e+06	1.84157e-46
4.05228e+06	4.23821e-47
4.05238e+06	9.65682e-48
4.05248e+06	2.17842e-48
4.05258e+06	4.86528e-49
4.05268e+06	1.0758e-49
4.05278e+06	2.3551e-50
4.05288e+06	5.10442e-51
4.05298e+06	1.09532e-51
4.05308e+06	2.32697e-52
4.05318e+06	4.89439e-53
4.05328e+06	1.01921e-53
4.05338e+06	2.10129e-54
4.05348e+06	4.28908e-55
4.05358e+06	8.66762e-56
4.05368e+06	1.73418e-56
4.05378e+06	3.43513e-57
4.05388e+06	6.73675e-58
4.05398e+06	1.30802e-58
4.05408e+06	2.51441e-59
4.05418e+06	4.78535e-60
4.05428e+06	9.01674e-61
4.05438e+06	1.68206e-61
4.05448e+06	3.10664e-62
4.05458e+06	5.68065e-63
4.05468e+06	1.0284e-63
4.05478e+06	1.84324e-64
4.05488e+06	3.27084e-65
4.05498e+06	5.74638e-66
4.05508e+06	9.99508e-67
4.05518e+06	1.72121e-67
4.05528e+06	2.93455e-68
4.05538e+06	4.95341e-69
4.05548e+06	8.27797e-70
4.05558e+06	1.36962e-70
4.05568e+06	2.24355e-71
4.05578e+06	3.63853e-72
4.05588e+06	5.84218e-73
4.05598e+06	9.2871e-74
4.05608e+06	1.46165e-74
4.05618e+06	2.27752e-75
4.05628e+06	3.51349e-76
4.05638e+06	5.36626e-77
4.05648e+06	8.11451e-78
4.05658e+06	1.21481e-78
4.05668e+06	1.80059e-79
4.05678e+06	2.64226e-80
4.05688e+06	3.8388e-81
4.05698e+06	5.52168e-82
4.05708e+06	7.86328e-83
4.05718e+06	1.10865e-83
4.05728e+06	1.54754e-84
4.05738e+06	2.13868e-85
4.05748e+06	2.92621e-86
4.05758e+06	3.96391e-87
4.05768e+06	5.31618e-88
4.05778e+06	7.05881e-89
4.05788e+06	9.27942e-90
4.05798e+06	1.20772e-90
4.05808e+06	1.55622e-91
4.05818e+06	1.98532e-92
4.05828e+06	2.50755e-93
4.05838e+06	3.13562e-94
4.05848e+06	3.882e-95
4.05858e+06	4.75821e-96
4.05868e+06	5.77417e-97
4.05878e+06	6.93733e-98
4.05888e+06	8.25187e-99
4.05898e+06	9.71783e-100
4.05908e+06	1.13304e-100
4.05918e+06	1.3079e-101
4.05928e+06	1.49473e-102
4.05938e+06	1.69125e-103
4.05948e+06	1.89457e-104
4.05958e+06	2.10121e-105
4.05968e+06	2.3072e-106
4.05978e+06	2.50818e-107
4.05988e+06	2.69954e-108
4.05998e+06	2.87658e-109
4.06008e+06	3.03474e-110
4.06018e+06	3.16974e-111
4.06028e+06	3.2778e-112
4.06038e+06	3.35581e-113
4.06048e+06	3.4015e-114
4.06058e+06	3.4135e-115
4.06068e+06	3.39146e-116
4.06078e+06	3.33604e-117
4.06088e+06	3.24887e-118
4.06098e+06	3.13249e-119
4.06108e+06	2.99023e-120
4.06118e+06	2.82603e-121
4.06128e+06	2.64427e-122
4.06138e+06	2.44959e-123
4.06148e+06	2.24665e-124
4.06158e+06	2.04003e-125
4.06168e+06	1.83398e-126
4.06178e+06	1.63233e-127
4.06188e+06	1.4384e-128
4.06198e+06	1.2549e-129
4.06208e+06	1.08391e-130
4.06218e+06	9.26909e-132
4.06228e+06	7.8476e-133
4.06238e+06	6.578e-134
4.06248e+06	5.45893e-135
4.06258e+06	4.48517e-136
4.06268e+06	3.64843e-137
4.06278e+06	2.93827e-138
4.06288e+06	2.34279e-139
4.06298e+06	1.84941e-140
4.06308e+06	1.4454e-141
4.06318e+06	1.11841e-142
4.06328e+06	8.56787e-144
4.06338e+06	6.4983e-145
4.06348e+06	4.8796e-146
4.06358e+06	3.62765e-147
4.06368e+06	2.67008e-148
4.06378e+06	1.94572e-149
4.06388e+06	1.40376e-150
4.06398e+06	1.00268e-151
4.06408e+06	7.0907e-153
4.06418e+06	4.96447e-154
4.06428e+06	3.44123e-155
4.06438e+06	2.36163e-156
4.06448e+06	1.6046e-157
4.06458e+06	1.07939e-158
4.06468e+06	7.18866e-160
4.06478e+06	4.73995e-161
4.06488e+06	3.09426e-162
4.06498e+06	1.99985e-163
4.06508e+06	1.27966e-164
4.06518e+06	8.1068e-166
4.06528e+06	5.08465e-167
4.06538e+06	3.1574e-168
4.06548e+06	1.94113e-169
4.06558e+06	1.18151e-170
4.06568e+06	7.11995e-172
4.06578e+06	4.24789e-173
4.06588e+06	2.50915e-174
4.06598e+06	1.46737e-175
4.06608e+06	8.49584e-177
4.06618e+06	4.87002e-178
4.06628e+06	2.76384e-179
4.06638e+06	1.55293e-180
4.06648e+06	8.6387e-182
4.06658e+06	4.75775e-183
4.06668e+06	2.59425e-184
4.06678e+06	1.40049e-185
4.06688e+06	7.48519e-187
4.06698e+06	3.96081e-188
4.06708e+06	2.07502e-189
4.06718e+06	1.07626e-190
4.06728e+06	5.52676e-192
4.06738e+06	2.80983e-193
4.06748e+06	1.41432e-194
4.06758e+06	7.04808e-196
4.06768e+06	3.47738e-197
4.06778e+06	1.69859e-198
4.06788e+06	8.21456e-200
4.06798e+06	3.93311e-201
4.06808e+06	1.86443e-202
4.06818e+06	8.75006e-204
4.06828e+06	4.06569e-205
4.06838e+06	1.87031e-206
4.06848e+06	8.51827e-208
4.06858e+06	3.84101e-209
4.06868e+06	1.71474e-210
4.06878e+06	7.57889e-212
4.06888e+06	3.31643e-213
4.06898e+06	1.43679e-214
4.06908e+06	6.16273e-216
4.06918e+06	2.61703e-217
4.06928e+06	1.10028e-218
4.06938e+06	4.57988e-220
4.06948e+06	1.88739e-221
4.06958e+06	7.70063e-223
4.06968e+06	3.11063e-224
4.06978e+06	1.24402e-225
4.06988e+06	4.92564e-227
4.06998e+06	1.93088e-228
4.07008e+06	7.49387e-230
4.07018e+06	2.87948e-231
4.07028e+06	1.09541e-232
4.07038e+06	4.12571e-234
4.07048e+06	1.53843e-235
4.07058e+06	5.67953e-237
4.07068e+06	2.07589e-238
4.07078e+06	7.51198e-240
4.07088e+06	2.69129e-241
4.07098e+06	9.54606e-243
4.07108e+06	3.35232e-244
4.07118e+06	1.16553e-245
4.07128e+06	4.01197e-247
4.07138e+06	1.36725e-248
4.07148e+06	4.61316e-250
4.07158e+06	1.541e-251
4.07168e+06	5.09644e-253
4.07178e+06	1.66873e-254
4.07188e+06	5.40959e-256
4.07198e+06	1.73619e-257
4.07208e+06	5.51683e-259
4.07218e+06	1.73555e-260
4.07228e+06	5.40559e-262
4.07238e+06	1.66688e-263
4.07248e+06	5.08891e-265
4.07258e+06	1.53816e-266
4.07268e+06	4.60293e-268
4.07278e+06	1.36372e-269
4.07288e+06	4.00012e-271
4.07298e+06	1.16166e-272
4.07308e+06	3.33994e-274
4.07318e+06	9.50732e-276
4.07328e+06	2.67938e-277
4.07338e+06	7.47596e-279
4.07348e+06	2.06517e-280
4.07358e+06	5.64812e-282
4.07368e+06	1.52935e-283
4.07378e+06	4.09986e-285
4.07388e+06	1.08815e-286
4.07398e+06	2.85932e-288
4.07408e+06	7.43866e-290
4.07418e+06	1.91595e-291
4.07428e+06	4.88574e-293
4.07438e+06	1.23348e-294
4.07448e+06	3.08315e-296
4.07458e+06	7.62978e-298
4.07468e+06	1.86933e-299
4.07478e+06	4.53438e-301
4.07488e+06	1.08895e-302
4.07498e+06	2.58912e-304
4.07508e+06	6.09474e-306
4.07518e+06	1.42042e-307
4.07528e+06	3.27742e-309
4.07538e+06	7.48697e-311
4.07548e+06	1.69331e-312
4.07558e+06	3.79163e-314
4.07568e+06	8.40564e-316
4.07578e+06	1.8449e-317
4.07588e+06	4.00885e-319
4.07598e+06	8.6165e-321
4.07608e+06	1.92686e-322
4.07618e+06	0
4.07628e+06	0
4.07638e+06	0
4.07648e+06	0
4.07658e+06	0
4.07668e+06	0
4.07678e+06	0
4.07688e+06	0
4.07698e+06	0
4.07708e+06	0
4.07718e+06	0
4.07728e+06	0
4.07738e+06	0
4.07748e+06	0
4.07758e+06	0
4.07768e+06	0
4.07778e+06	0
4.07788e+06	0
4.07798e+06	0
4.07808e+06	0
4.07818e+06	0
4.07828e+06	0
4.07838e+06	0
4.07848e+06	0
4.07858e+06	0
4.07868e+06	0
4.07878e+06	0
4.07888e+06	0
4.07898e+06	0
4.07908e+06	0
4.07918e+06	0
4.07928e+06	0
4.07938e+06	0
4.07948e+06	0
4.07958e+06	0
4.07968e+06	0
4.07978e+06	0
4.07988e+06	0
4.07998e+06	0
4.08008e+06	0
4.08018e+06	0
4.08028e+06	0
4.08038e+06	0
4.08048e+06	0
4.08058e+06	0
4.08068e+06	0
4.08078e+06	0
4.08088e+06	0
4.08098e+06	0
4.08108e+06	0
4.08118e+06	0
4.08128e+06	0
4.08138e+06	0
4.08148e+06	0
4.08158e+06	0
4.08168e+06	0
4.08178e+06	0
4.08188e+06	0
4.08198e+06	0
4.08208e+06	0
4.08218e+06	0
4.08228e+06	0
4.08238e+06	0
4.08248e+06	0
4.08258e+06	0
4.08268e+06	0
4.08278e+06	0
4.08288e+06	0
4.08298e+06	0
4.08308e+06	0
4.08318e+06	0
4.08328e+06	0
4.08338e+06	0
4.08348e+06	0
4.08358e+06	0
4.08368e+06	0
4.08378e+06	0
4.08388e+06	0
4.08398e+06	0
4.08408e+06	0
4.08418e+06	0
4.08428e+06	0
4.08438e+06	0
4.08448e+06	0
4.08458e+06	0
4.08468e+06	0
4.08478e+06	0
4.08488e+06	0
4.08498e+06	0
4.08508e+06	0
4.08518e+06	0
4.08528e+06	0
4.08538e+06	0
4.08548e+06	0
4.08558e+06	0
4.08568e+06	0
4.08578e+06	0
4.08588e+06	0
4.08598e+06	0
4.08608e+06	0
4.08618e+06	0
4.08628e+06	0
4.08638e+06	0
4.08648e+06	0
4.08658e+06	0
4.08668e+06	0
4.08678e+06	0
4.08688e+06	0
4.08698e+06	0
4.08708e+06	0
4.08718e+06	0
4.08728e+06	0
4.08738e+06	0
4.08748e+06	0
4.08758e+06	0
4.08768e+06	0
4.08778e+06	0
4.08788e+06	0
4.08798e+06	0
4.08808e+06	0
4.08818e+06	0
4.08828e+06	0
4.08838e+06	0
4.08848e+06	0
4.08858e+06	0
4.08868e+06	0
4.08878e+06	0
4.08888e+06	0
4.08898e+06	0
4.08908e+06	0
4.08918e+06	0
4.08928e+06	0
4.08938e+06	0
4.08948e+06	0
4.08958e+06	0
4.08968e+06	0
4.08978e+06	0
4.08988e+06	0
4.08998e+06	0
4.09008e+06	0
4.09018e+06	0
4.09028e+06	0
4.09038e+06	0
4.09048e+06	0
4.09058e+06	0
4.09068e+06	0
4.09078e+06	0
4.09088e+06	0
4.09098e+06	0
4.09108e+06	0
4.09118e+06	0
4.09128e+06	0
4.09138e+06	0
4.09148e+06	0
4.09158e+06	0
4.09168e+06	0
4.09178e+06	0
4.09188e+06	4.94066e-324
4.09198e+06	1.82804e-322
4.09208e+06	8.43864e-321
4.09218e+06	3.87189e-319
4.09228e+06	1.75907e-317
4.09238e+06	7.9123e-316
4.09248e+06	3.52353e-314
4.09258e+06	1.5535e-312
4.09268e+06	6.7811e-311
4.09278e+06	2.93053e-309
4.09288e+06	1.25386e-307
4.09298e+06	5.31143e-306
4.09308e+06	2.22756e-304
4.09318e+06	9.2492e-303
4.09328e+06	3.80221e-301
4.09338e+06	1.54748e-299
4.09348e+06	6.23549e-298
4.09358e+06	2.48756e-296
4.09368e+06	9.82503e-295
4.09378e+06	3.84195e-293
4.09388e+06	1.48739e-291
4.09398e+06	5.70107e-290
4.09408e+06	2.16344e-288
4.09418e+06	8.12813e-287
4.09428e+06	3.02338e-285
4.09438e+06	1.1134e-283
4.09448e+06	4.05947e-282
4.09458e+06	1.46535e-280
4.09468e+06	5.23689e-279
4.09478e+06	1.85294e-277
4.09488e+06	6.49091e-276
4.09498e+06	2.25117e-274
4.09508e+06	7.72977e-273
4.09518e+06	2.62774e-271
4.09528e+06	8.84414e-270
4.09538e+06	2.94704e-268
4.09548e+06	9.72238e-267
4.09558e+06	3.17554e-265
4.09568e+06	1.02688e-263
4.09578e+06	3.28758e-262
4.09588e+06	1.04206e-260
4.09598e+06	3.27012e-259
4.09608e+06	1.016e-257
4.09618e+06	3.12522e-256
4.09628e+06	9.51752e-255
4.09638e+06	2.86962e-253
4.09648e+06	8.56608e-252
4.09658e+06	2.53161e-250
4.09668e+06	7.40745e-249
4.09678e+06	2.14584e-247
4.09688e+06	6.15436e-246
4.09698e+06	1.74754e-244
4.09708e+06	4.91277e-243
4.09718e+06	1.36736e-241
4.09728e+06	3.76788e-240
4.09738e+06	1.02794e-238
4.09748e+06	2.77649e-237
4.09758e+06	7.42475e-236
4.09768e+06	1.96573e-234
4.09778e+06	5.15257e-233
4.09788e+06	1.33715e-231
4.09798e+06	3.43553e-230
4.09808e+06	8.73905e-229
4.09818e+06	2.20086e-227
4.09828e+06	5.48752e-226
4.09838e+06	1.35462e-224
4.09848e+06	3.31068e-223
4.09858e+06	8.01074e-222
4.09868e+06	1.91905e-220
4.09878e+06	4.55151e-219
4.09888e+06	1.06877e-217
4.09898e+06	2.48466e-216
4.09908e+06	5.71884e-215
4.09918e+06	1.30318e-213
4.09928e+06	2.94009e-212
4.09938e+06	6.5671e-211
4.09948e+06	1.45225e-209
4.09958e+06	3.17958e-208
4.09968e+06	6.89212e-207
4.09978e+06	1.47908e-205
4.09988e+06	3.14261e-204
4.09998e+06	6.61067e-203
4.10008e+06	1.37676e-201
4.10018e+06	2.83874e-200
4.10028e+06	5.79497e-199
4.10038e+06	1.17121e-197
4.10048e+06	2.34355e-196
4.10058e+06	4.6427e-195
4.10068e+06	9.10594e-194
4.10078e+06	1.76822e-192
4.10088e+06	3.39941e-191
4.10098e+06	6.47037e-190
4.10108e+06	1.2193e-188
4.10118e+06	2.27484e-187
4.10128e+06	4.20191e-186
4.10138e+06	7.68423e-185
4.10148e+06	1.39127e-183
4.10158e+06	2.4939e-182
4.10168e+06	4.42591e-181
4.10178e+06	7.77651e-180
4.10188e+06	1.35277e-178
4.10198e+06	2.3298e-177
4.10208e+06	3.97257e-176
4.10218e+06	6.70628e-175
4.10228e+06	1.12085e-173
4.10238e+06	1.85469e-172
4.10248e+06	3.03846e-171
4.10258e+06	4.92823e-170
4.10268e+06	7.91382e-169
4.10278e+06	1.25817e-167
4.10288e+06	1.98038e-166
4.10298e+06	3.08613e-165
4.10308e+06	4.76143e-164
4.10318e+06	7.27307e-163
4.10328e+06	1.0999e-161
4.10338e+06	1.64683e-160
4.10348e+06	2.44119e-159
4.10358e+06	3.58269e-158
4.10368e+06	5.20565e-157
4.10378e+06	7.48856e-156
4.10388e+06	1.06654e-154
4.10398e+06	1.50388e-153
4.10408e+06	2.09946e-152
4.10418e+06	2.90175e-151
4.10428e+06	3.9707e-150
4.10438e+06	5.37938e-149
4.10448e+06	7.2153e-148
4.10458e+06	9.5815e-147
4.10468e+06	1.25971e-145
4.10478e+06	1.63969e-144
4.10488e+06	2.11307e-143
4.10498e+06	2.69601e-142
4.10508e+06	3.40553e-141
4.10518e+06	4.25899e-140
4.10528e+06	5.27333e-139
4.10538e+06	6.46429e-138
4.10548e+06	7.84537e-137
4.10558e+06	9.42677e-136
4.10568e+06	1.12142e-134
4.10578e+06	1.32079e-133
4.10588e+06	1.54012e-132
4.10598e+06	1.778e-131
4.10608e+06	2.0322e-130
4.10618e+06	2.29964e-129
4.10628e+06	2.57637e-128
4.10638e+06	2.85769e-127
4.10648e+06	3.13818e-126
4.10658e+06	3.41191e-125
4.10668e+06	3.67261e-124
4.10678e+06	3.9139e-123
4.10688e+06	4.12953e-122
4.10698e+06	4.3137e-121
4.10708e+06	4.46123e-120
4.10718e+06	4.56791e-119
4.10728e+06	4.6306e-118
4.10738e+06	4.64744e-117
4.10748e+06	4.61793e-116
4.10758e+06	4.54296e-115
4.10768e+06	4.42473e-114
4.10778e+06	4.26669e-113
4.10788e+06	4.07336e-112
4.10798e+06	3.8501e-111
4.10808e+06	3.60287e-110
4.10818e+06	3.33796e-109
4.10828e+06	3.06176e-108
4.10838e+06	2.78047e-107
4.10848e+06	2.4999e-106
4.10858e+06	2.22528e-105
4.10868e+06	1.96111e-104
4.10878e+06	1.71111e-103
4.10888e+06	1.47812e-102
4.10898e+06	1.26416e-101
4.10908e+06	1.0704e-100
4.10918e+06	8.97327e-100
4.10928e+06	7.44752e-99
4.10938e+06	6.11969e-98
4.10948e+06	4.97856e-97
4.10958e+06	4.00992e-96
4.10968e+06	3.19761e-95
4.10978e+06	2.52447e-94
4.10988e+06	1.97321e-93
4.10998e+06	1.52698e-92
4.11008e+06	1.16991e-91
4.11018e+06	8.87413e-91
4.11028e+06	6.66434e-90
4.11038e+06	4.95502e-89
4.11048e+06	3.64746e-88
4.11058e+06	2.65823e-87
4.11068e+06	1.91802e-86
4.11078e+06	1.37015e-85
4.11088e+06	9.69042e-85
4.11098e+06	6.78537e-84
4.11108e+06	4.70393e-83
4.11118e+06	3.22854e-82
4.11128e+06	2.19385e-81
4.11138e+06	1.47593e-80
4.11148e+06	9.83066e-80
4.11158e+06	6.4827e-79
4.11168e+06	4.23239e-78
4.11178e+06	2.73573e-77
4.11188e+06	1.75072e-76
4.11198e+06	1.10922e-75
4.11208e+06	6.95787e-75
4.11218e+06	4.32107e-74
4.11228e+06	2.65683e-73
4.11238e+06	1.61731e-72
4.11248e+06	9.74721e-72
4.11258e+06	5.81599e-71
4.11268e+06	3.43577e-70
4.11278e+06	2.00947e-69
4.11288e+06	1.16358e-68
4.11298e+06	6.67065e-68
4.11308e+06	3.78615e-67
4.11318e+06	2.12757e-66
4.11328e+06	1.18366e-65
4.11338e+06	6.51968e-65
4.11348e+06	3.55536e-64
4.11358e+06	1.91954e-63
4.11368e+06	1.02605e-62
4.11378e+06	5.42996e-62
4.11388e+06	2.845e-61
4.11398e+06	1.47579e-60
4.11408e+06	7.5792e-60
4.11418e+06	3.85372e-59
4.11428e+06	1.93996e-58
4.11438e+06	9.66861e-58
4.11448e+06	4.77081e-57
4.11458e+06	2.33065e-56
4.11468e+06	1.12724e-55
4.11478e+06	5.3978e-55
4.11488e+06	2.55901e-54
4.11498e+06	1.20112e-53
4.11508e+06	5.58156e-53
4.11518e+06	2.56793e-52
4.11528e+06	1.16968e-51
4.11538e+06	5.27482e-51
4.11548e+06	2.35508e-50
4.11558e+06	1.04102e-49
4.11568e+06	4.55589e-49
4.11578e+06	1.97398e-48
4.11588e+06	8.46777e-48
4.11598e+06	3.59627e-47
4.11608e+06	1.51214e-46
4.11618e+06	6.29492e-46
4.11628e+06	2.59445e-45
4.11638e+06	1.05866e-44
4.11648e+06	4.27686e-44
4.11658e+06	1.71061e-43
4.11668e+06	6.77383e-43
4.11678e+06	2.65567e-42
4.11688e+06	1.03079e-41
4.11698e+06	3.96118e-41
4.11708e+06	1.50708e-40
4.11718e+06	5.6768e-40
4.11728e+06	2.11704e-39
4.11738e+06	7.81648e-39
4.11748e+06	2.85726e-38
4.11758e+06	1.03406e-37
4.11768e+06	3.7051e-37
4.11778e+06	1.31435e-36
4.11788e+06	4.61613e-36
4.11798e+06	1.6051e-35
4.11808e+06	5.52566e-35
4.11818e+06	1.88331e-34
4.11828e+06	6.35504e-34
4.11838e+06	2.1231e-33
4.11848e+06	7.02233e-33
4.11858e+06	2.29958e-32
4.11868e+06	7.45542e-32
4.11878e+06	2.39306e-31
4.11888e+06	7.60485e-31
4.11898e+06	2.39269e-30
4.11908e+06	7.45312e-30
4.11918e+06	2.29852e-29
4.11928e+06	7.018e-29
4.11938e+06	2.12147e-28
4.11948e+06	6.34917e-28
4.11958e+06	1.88129e-27
4.11968e+06	5.51886e-27
4.11978e+06	1.60288e-26
4.11988e+06	4.60903e-26
4.11998e+06	1.31212e-25
4.12008e+06	3.69826e-25
4.12018e+06	1.03199e-24
4.12028e+06	2.85111e-24
4.12038e+06	7.79845e-24
4.12048e+06	2.11183e-23
4.12058e+06	5.66196e-23
4.12068e+06	1.50291e-22
4.12078e+06	3.94961e-22
4.12088e+06	1.02762e-21
4.12098e+06	2.64709e-21
4.12108e+06	6.75091e-21
4.12118e+06	1.70456e-20
4.12128e+06	4.26109e-20
4.12138e+06	1.05459e-19
4.12148e+06	2.58408e-19
4.12158e+06	6.2688e-19
4.12168e+06	1.50564e-18
4.12178e+06	3.58025e-18
4.12188e+06	8.42874e-18
4.12198e+06	1.96458e-17
4.12208e+06	4.53349e-17
4.12218e+06	1.03575e-16
4.12228e+06	2.34278e-16
4.12238e+06	5.24647e-16
4.12248e+06	1.16321e-15
4.12258e+06	2.55334e-15
4.12268e+06	5.54899e-15
4.12278e+06	1.19393e-14
4.12288e+06	2.5433e-14
4.12298e+06	5.36383e-14
4.12308e+06	1.11998e-13
4.12318e+06	2.31526e-13
4.12328e+06	4.73859e-13
4.12338e+06	9.60184e-13
4.12348e+06	1.92627e-12
4.12358e+06	3.82593e-12
4.12368e+06	7.52339e-12
4.12378e+06	1.46469e-11
4.12388e+06	2.82318e-11
4.12398e+06	5.38748e-11
4.12408e+06	1.01787e-10
4.12418e+06	1.90394e-10
4.12428e+06	3.52591e-10
4.12438e+06	6.46469e-10
4.12448e+06	1.17349e-09
4.12458e+06	2.10897e-09
4.12468e+06	3.75248e-09
4.12478e+06	6.61032e-09
4.12488e+06	1.15288e-08
4.12498e+06	1.99068e-08
4.12508e+06	3.40312e-08
4.12518e+06	5.75984e-08
4.12528e+06	9.65161e-08
4.12538e+06	1.6012e-07
4.12548e+06	2.62997e-07
4.12558e+06	4.27672e-07
4.12568e+06	6.88539e-07
4.12578e+06	1.0975e-06
4.12588e+06	1.73195e-06
4.12598e+06	2.70598e-06
4.12608e+06	4.18572e-06
4.12618e+06	6.41023e-06
4.12628e+06	9.71926e-06
4.12638e+06	1.45898e-05
4.12648e+06	2.16833e-05
4.12658e+06	3.19048e-05
4.12668e+06	4.64777e-05
4.12678e+06	6.70332e-05
4.12688e+06	9.57177e-05
4.12698e+06	0.000135317
4.12708e+06	0.000189395
4.12718e+06	0.000262447
4.12728e+06	0.000360058
4.12738e+06	0.000489058
4.12748e+06	0.000657666
4.12758e+06	0.000875602
4.12768e+06	0.00115416
4.12778e+06	0.0015062
4.12788e+06	0.00194605
4.12798e+06	0.00248934
4.12808e+06	0.00315262
4.12818e+06	0.0039529
4.12828e+06	0.00490701
4.12838e+06	0.00603081
4.12848e+06	0.00733822
4.12858e+06	0.00884022
4.12868e+06	0.0105437
4.12878e+06	0.0124503
4.12888e+06	0.0145554
4.12898e+06	0.016847
4.12908e+06	0.0193055
4.12918e+06	0.0219026
4.12928e+06	0.0246018
4.12938e+06	0.0273588
4.12948e+06	0.0301219
4.12958e+06	0.0328341
4.12968e+06	0.0354344
4.12978e+06	0.0378601
4.12988e+06	0.0400494
4.12998e+06	0.0419438
4.13008e+06	0.0434906
4.13018e+06	0.0446458
4.13028e+06	0.0453757
4.13038e+06	0.0456586
4.13048e+06	0.0454861
4.13058e+06	0.0448634
4.13068e+06	0.043809
4.13078e+06	0.0423536
4.13088e+06	0.0405392
4.13098e+06	0.0384164
4.13108e+06	0.0360426
4.13118e+06	0.0334789
4.13128e+06	0.0307882
4.13138e+06	0.028032
4.13148e+06	0.0252686
4.13158e+06	0.022551
4.13168e+06	0.0199254
4.13178e+06	0.0174303
4.13188e+06	0.0150959
4.13198e+06	0.0129441
4.13208e+06	0.0109886
4.13218e+06	0.00923566
4.13228e+06	0.00768513
4.13238e+06	0.00633128
4.13248e+06	0.00516404
4.13258e+06	0.00417008
4.13268e+06	0.00333392
4.13278e+06	0.00263891
4.13288e+06	0.002068
4.13298e+06	0.00160447
4.13308e+06	0.00123246
4.13318e+06	0.000937281
4.13328e+06	0.000705706
4.13338e+06	0.000526059
4.13348e+06	0.000388242
4.13358e+06	0.000283679
4.13368e+06	0.000205215
4.13378e+06	0.000146977
4.13388e+06	0.000104219
4.13398e+06	7.31643e-05
4.13408e+06	5.08522e-05
4.13418e+06	3.49927e-05
4.13428e+06	2.38397e-05
4.13438e+06	1.60799e-05
4.13448e+06	1.0738e-05
4.13458e+06	7.09933e-06
4.13468e+06	4.64697e-06
4.13478e+06	3.01148e-06
4.13488e+06	1.93218e-06
4.13498e+06	1.22736e-06
4.13508e+06	7.71883e-07
4.13518e+06	4.80607e-07
4.13528e+06	2.96268e-07
4.13538e+06	1.80816e-07
