3.43769e+06	2.65791e-07
3.43779e+06	4.36956e-07
3.43789e+06	7.1133e-07
3.43799e+06	1.14669e-06
3.43809e+06	1.83052e-06
3.43819e+06	2.89372e-06
3.43829e+06	4.53008e-06
3.43839e+06	7.02311e-06
3.43849e+06	1.07829e-05
3.43859e+06	1.6396e-05
3.43869e+06	2.46914e-05
3.43879e+06	3.68272e-05
3.43889e+06	5.44028e-05
3.43899e+06	7.96006e-05
3.43909e+06	0.000115363
3.43919e+06	0.000165611
3.43929e+06	0.000235505
3.43939e+06	0.000331753
3.43949e+06	0.000462967
3.43959e+06	0.000640068
3.43969e+06	0.000876723
3.43979e+06	0.00118981
3.43989e+06	0.00159992
3.43999e+06	0.00213176
3.44009e+06	0.00281467
3.44019e+06	0.00368287
3.44029e+06	0.00477572
3.44039e+06	0.00613778
3.44049e+06	0.00781858
3.44059e+06	0.00987218
3.44069e+06	0.0123564
3.44079e+06	0.0153318
3.44089e+06	0.0188598
3.44099e+06	0.0230011
3.44109e+06	0.0278133
3.44119e+06	0.033348
3.44129e+06	0.0396482
3.44139e+06	0.0467446
3.44149e+06	0.0546527
3.44159e+06	0.0633696
3.44169e+06	0.0728706
3.44179e+06	0.0831068
3.44189e+06	0.0940035
3.44199e+06	0.105458
3.44209e+06	0.11734
3.44219e+06	0.129494
3.44229e+06	0.141736
3.44239e+06	0.153864
3.44249e+06	0.165659
3.44259e+06	0.176889
3.44269e+06	0.18732
3.44279e+06	0.19672
3.44289e+06	0.20487
3.44299e+06	0.21157
3.44309e+06	0.216649
3.44319e+06	0.21997
3.44329e+06	0.221438
3.44339e+06	0.221004
3.44349e+06	0.218666
3.44359e+06	0.214472
3.44369e+06	0.208518
3.44379e+06	0.200944
3.44389e+06	0.191929
3.44399e+06	0.181683
3.44409e+06	0.17044
3.44419e+06	0.158449
3.44429e+06	0.145963
3.44439e+06	0.133233
3.44449e+06	0.120496
3.44459e+06	0.107971
3.44469e+06	0.0958494
3.44479e+06	0.0842957
3.44489e+06	0.0734405
3.44499e+06	0.0633815
3.44509e+06	0.0541839
3.44519e+06	0.045882
3.44529e+06	0.0384826
3.44539e+06	0.0319686
3.44549e+06	0.0263031
3.44559e+06	0.0214339
3.44569e+06	0.017298
3.44579e+06	0.0138255
3.44589e+06	0.0109432
3.44599e+06	0.00857785
3.44609e+06	0.00665848
3.44619e+06	0.0051183
3.44629e+06	0.00389604
3.44639e+06	0.00293671
3.44649e+06	0.00219196
3.44659e+06	0.00162006
3.44669e+06	0.00118564
3.44679e+06	0.000859189
3.44689e+06	0.000616508
3.44699e+06	0.000438023
3.44709e+06	0.000308148
3.44719e+06	0.000214645
3.44729e+06	0.00014804
3.44739e+06	0.000101096
3.44749e+06	6.83561e-05
3.44759e+06	4.57624e-05
3.44769e+06	3.03338e-05
3.44779e+06	1.9908e-05
3.44789e+06	1.29363e-05
3.44799e+06	8.32284e-06
3.44809e+06	5.30165e-06
3.44819e+06	3.34369e-06
3.44829e+06	2.08793e-06
3.44839e+06	1.29086e-06
3.44849e+06	7.90155e-07
3.44859e+06	4.7887e-07
3.44869e+06	2.87337e-07
3.44879e+06	1.707e-07
3.44889e+06	1.00403e-07
3.44899e+06	5.84685e-08
3.44909e+06	3.37105e-08
3.44919e+06	1.9243e-08
3.44929e+06	1.08754e-08
3.44939e+06	6.08531e-09
3.44949e+06	3.37119e-09
3.44959e+06	1.84904e-09
3.44969e+06	1.00409e-09
3.44979e+06	5.39832e-10
3.44989e+06	2.87348e-10
3.44999e+06	1.51432e-10
3.45009e+06	7.90112e-11
3.45019e+06	4.08151e-11
3.45029e+06	2.08743e-11
3.45039e+06	1.05697e-11
3.45049e+06	5.29878e-12
3.45059e+06	2.62995e-12
3.45069e+06	1.29234e-12
3.45079e+06	6.28735e-13
3.45089e+06	3.02842e-13
3.45099e+06	1.44419e-13
3.45109e+06	6.81853e-14
3.45119e+06	3.18725e-14
3.45129e+06	1.47502e-14
3.45139e+06	6.75835e-15
3.45149e+06	3.06578e-15
3.45159e+06	1.37689e-15
3.45169e+06	6.1223e-16
3.45179e+06	2.69519e-16
3.45189e+06	1.17468e-16
3.45199e+06	5.06887e-17
3.45209e+06	2.1655e-17
3.45219e+06	9.15933e-18
3.45229e+06	3.83554e-18
3.45239e+06	1.59018e-18
3.45249e+06	6.52717e-19
3.45259e+06	2.65253e-19
3.45269e+06	1.06722e-19
3.45279e+06	4.25113e-20
3.45289e+06	1.67653e-20
3.45299e+06	6.54602e-21
3.45309e+06	2.53046e-21
3.45319e+06	9.68457e-22
3.45329e+06	3.66959e-22
3.45339e+06	1.37661e-22
3.45349e+06	5.11286e-23
3.45359e+06	1.88007e-23
3.45369e+06	6.84447e-24
3.45379e+06	2.46697e-24
3.45389e+06	8.80327e-25
3.45399e+06	3.11016e-25
3.45409e+06	1.08787e-25
3.45419e+06	3.7673e-26
3.45429e+06	1.29163e-26
3.45439e+06	4.38436e-27
3.45449e+06	1.47343e-27
3.45459e+06	4.90242e-28
3.45469e+06	1.61491e-28
3.45479e+06	5.26677e-29
3.45489e+06	1.70058e-29
3.45499e+06	5.43633e-30
3.45509e+06	1.72057e-30
3.45519e+06	5.39133e-31
3.45529e+06	1.67254e-31
3.45539e+06	5.13706e-32
3.45549e+06	1.5621e-32
3.45559e+06	4.70286e-33
3.45569e+06	1.40175e-33
3.45579e+06	4.13654e-34
3.45589e+06	1.20854e-34
3.45599e+06	3.49576e-35
3.45609e+06	1.0011e-35
3.45619e+06	2.8384e-36
3.45629e+06	7.96755e-37
3.45639e+06	2.21429e-37
3.45649e+06	6.09255e-38
3.45659e+06	1.65967e-38
3.45669e+06	4.47613e-39
3.45679e+06	1.1952e-39
3.45689e+06	3.15961e-40
3.45699e+06	8.2696e-41
3.45709e+06	2.14285e-41
3.45719e+06	5.49741e-42
3.45729e+06	1.39631e-42
3.45739e+06	3.51123e-43
3.45749e+06	8.74171e-44
3.45759e+06	2.15471e-44
3.45769e+06	5.25824e-45
3.45779e+06	1.27042e-45
3.45789e+06	3.03887e-46
3.45799e+06	7.19672e-47
3.45809e+06	1.68738e-47
3.45819e+06	3.91696e-48
3.45829e+06	9.00206e-49
3.45839e+06	2.04829e-49
3.45849e+06	4.61423e-50
3.45859e+06	1.02911e-50
3.45869e+06	2.2724e-51
3.45879e+06	4.96778e-52
3.45889e+06	1.07522e-52
3.45899e+06	2.30404e-53
3.45909e+06	4.8881e-54
3.45919e+06	1.02671e-54
3.45929e+06	2.13506e-55
3.45939e+06	4.39572e-56
3.45949e+06	8.96e-57
3.45959e+06	1.80818e-57
3.45969e+06	3.61272e-58
3.45979e+06	7.14633e-59
3.45989e+06	1.39955e-59
3.45999e+06	2.71364e-60
3.46009e+06	5.20921e-61
3.46019e+06	9.90031e-62
3.46029e+06	1.86287e-62
3.46039e+06	3.47036e-63
3.46049e+06	6.40062e-64
3.46059e+06	1.16877e-64
3.46069e+06	2.11295e-65
3.46079e+06	3.78189e-66
3.46089e+06	6.70171e-67
3.46099e+06	1.17576e-67
3.46109e+06	2.04225e-68
3.46119e+06	3.51202e-69
3.46129e+06	5.97946e-70
3.46139e+06	1.00791e-70
3.46149e+06	1.68206e-71
3.46159e+06	2.77919e-72
3.46169e+06	4.54623e-73
3.46179e+06	7.36277e-74
3.46189e+06	1.18056e-74
3.46199e+06	1.8741e-75
3.46209e+06	2.94546e-76
3.46219e+06	4.58323e-77
3.46229e+06	7.06068e-78
3.46239e+06	1.07691e-78
3.46249e+06	1.62618e-79
3.46259e+06	2.43116e-80
3.46269e+06	3.59847e-81
3.46279e+06	5.27325e-82
3.46289e+06	7.6506e-83
3.46299e+06	1.09893e-83
3.46309e+06	1.56279e-84
3.46319e+06	2.20034e-85
3.46329e+06	3.06716e-86
3.46339e+06	4.23291e-87
3.46349e+06	5.78361e-88
3.46359e+06	7.82377e-89
3.46369e+06	1.04783e-89
3.46379e+06	1.38938e-90
3.46389e+06	1.82393e-91
3.46399e+06	2.37058e-92
3.46409e+06	3.0504e-93
3.46419e+06	3.88611e-94
3.46429e+06	4.90153e-95
3.46439e+06	6.12076e-96
3.46449e+06	7.56721e-97
3.46459e+06	9.26239e-98
3.46469e+06	1.12245e-98
3.46479e+06	1.34669e-99
3.46489e+06	1.59966e-100
3.46499e+06	1.88124e-101
3.46509e+06	2.19036e-102
3.46519e+06	2.52491e-103
3.46529e+06	2.88159e-104
3.46539e+06	3.25594e-105
3.46549e+06	3.64232e-106
3.46559e+06	4.034e-107
3.46569e+06	4.42335e-108
3.46579e+06	4.80201e-109
3.46589e+06	5.16122e-110
3.46599e+06	5.4921e-111
3.46609e+06	5.78604e-112
3.46619e+06	6.03507e-113
3.46629e+06	6.23217e-114
3.46639e+06	6.37168e-115
3.46649e+06	6.44949e-116
3.46659e+06	6.4633e-117
3.46669e+06	6.41268e-118
3.46679e+06	6.29916e-119
3.46689e+06	6.12607e-120
3.46699e+06	5.89846e-121
3.46709e+06	5.6228e-122
3.46719e+06	5.30669e-123
3.46729e+06	4.95851e-124
3.46739e+06	4.58708e-125
3.46749e+06	4.20125e-126
3.46759e+06	3.80959e-127
3.46769e+06	3.42006e-128
3.46779e+06	3.03981e-129
3.46789e+06	2.67496e-130
3.46799e+06	2.33048e-131
3.46809e+06	2.01015e-132
3.46819e+06	1.71661e-133
3.46829e+06	1.45134e-134
3.46839e+06	1.21486e-135
3.46849e+06	1.00679e-136
3.46859e+06	8.26051e-138
3.46869e+06	6.71017e-139
3.46879e+06	5.39657e-140
3.46889e+06	4.29693e-141
3.46899e+06	3.38732e-142
3.46909e+06	2.64369e-143
3.46919e+06	2.04279e-144
3.46929e+06	1.56276e-145
3.46939e+06	1.18364e-146
3.46949e+06	8.87568e-148
3.46959e+06	6.58934e-149
3.46969e+06	4.84327e-150
3.46979e+06	3.52447e-151
3.46989e+06	2.53925e-152
3.46999e+06	1.81123e-153
3.47009e+06	1.27908e-154
3.47019e+06	8.94296e-156
3.47029e+06	6.19043e-157
3.47039e+06	4.24246e-158
3.47049e+06	2.87853e-159
3.47059e+06	1.93367e-160
3.47069e+06	1.28603e-161
3.47079e+06	8.46788e-163
3.47089e+06	5.52022e-164
3.47099e+06	3.56283e-165
3.47109e+06	2.27663e-166
3.47119e+06	1.44027e-167
3.47129e+06	9.02101e-169
3.47139e+06	5.594e-170
3.47149e+06	3.43437e-171
3.47159e+06	2.08751e-172
3.47169e+06	1.25622e-173
3.47179e+06	7.48448e-175
3.47189e+06	4.41483e-176
3.47199e+06	2.57824e-177
3.47209e+06	1.4907e-178
3.47219e+06	8.53324e-180
3.47229e+06	4.83609e-181
3.47239e+06	2.71352e-182
3.47249e+06	1.5074e-183
3.47259e+06	8.29047e-185
3.47269e+06	4.51428e-186
3.47279e+06	2.43363e-187
3.47289e+06	1.2989e-188
3.47299e+06	6.86368e-190
3.47309e+06	3.59083e-191
3.47319e+06	1.8599e-192
3.47329e+06	9.53762e-194
3.47339e+06	4.84226e-195
3.47349e+06	2.43396e-196
3.47359e+06	1.21126e-197
3.47369e+06	5.96782e-199
3.47379e+06	2.91107e-200
3.47389e+06	1.40587e-201
3.47399e+06	6.72196e-203
3.47409e+06	3.18203e-204
3.47419e+06	1.49131e-205
3.47429e+06	6.91975e-207
3.47439e+06	3.17885e-208
3.47449e+06	1.44579e-209
3.47459e+06	6.51026e-211
3.47469e+06	2.90234e-212
3.47479e+06	1.28102e-213
3.47489e+06	5.59783e-215
3.47499e+06	2.42181e-216
3.47509e+06	1.03733e-217
3.47519e+06	4.399e-219
3.47529e+06	1.84691e-220
3.47539e+06	7.67708e-222
3.47549e+06	3.15939e-223
3.47559e+06	1.28726e-224
3.47569e+06	5.19262e-226
3.47579e+06	2.07379e-227
3.47589e+06	8.19972e-229
3.47599e+06	3.2099e-230
3.47609e+06	1.24406e-231
3.47619e+06	4.77359e-233
3.47629e+06	1.81346e-234
3.47639e+06	6.82069e-236
3.47649e+06	2.53983e-237
3.47659e+06	9.36353e-239
3.47669e+06	3.41767e-240
3.47679e+06	1.23503e-241
3.47689e+06	4.41859e-243
3.47699e+06	1.56512e-244
3.47709e+06	5.48865e-246
3.47719e+06	1.90565e-247
3.47729e+06	6.55052e-249
3.47739e+06	2.22929e-250
3.47749e+06	7.51128e-252
3.47759e+06	2.50564e-253
3.47769e+06	8.27523e-255
3.47779e+06	2.70582e-256
3.47789e+06	8.75941e-258
3.47799e+06	2.80742e-259
3.47809e+06	8.90835e-261
3.47819e+06	2.79862e-262
3.47829e+06	8.70459e-264
3.47839e+06	2.68046e-265
3.47849e+06	8.17199e-267
3.47859e+06	2.46662e-268
3.47869e+06	7.37115e-270
3.47879e+06	2.18084e-271
3.47889e+06	6.38809e-273
3.47899e+06	1.85257e-274
3.47909e+06	5.31906e-276
3.47919e+06	1.512e-277
3.47929e+06	4.25527e-279
3.47939e+06	1.18566e-280
3.47949e+06	3.27075e-282
3.47959e+06	8.93291e-284
3.47969e+06	2.41544e-285
3.47979e+06	6.46629e-287
3.47989e+06	1.71385e-288
3.47999e+06	4.49724e-290
3.48009e+06	1.16836e-291
3.48019e+06	3.00514e-293
3.48029e+06	7.65263e-295
3.48039e+06	1.92936e-296
3.48049e+06	4.81584e-298
3.48059e+06	1.19011e-299
3.48069e+06	2.9118e-301
3.48079e+06	7.05329e-303
3.48089e+06	1.69153e-304
3.48099e+06	4.01628e-306
3.48109e+06	9.44116e-308
3.48119e+06	2.19727e-309
3.48129e+06	5.06291e-311
3.48139e+06	1.15497e-312
3.48149e+06	2.60857e-314
3.48159e+06	5.83296e-316
3.48169e+06	1.29132e-317
3.48179e+06	2.8303e-319
3.48189e+06	6.14124e-321
3.48199e+06	1.33398e-322
3.48209e+06	4.94066e-324
3.48219e+06	0
3.48229e+06	0
3.48239e+06	0
3.48249e+06	0
3.48259e+06	0
3.48269e+06	0
3.48279e+06	0
3.48289e+06	0
3.48299e+06	0
3.48309e+06	0
3.48319e+06	0
3.48329e+06	0
3.48339e+06	0
3.48349e+06	0
3.48359e+06	0
3.48369e+06	0
3.48379e+06	0
3.48389e+06	0
3.48399e+06	0
3.48409e+06	0
3.48419e+06	0
3.48429e+06	0
3.48439e+06	0
3.48449e+06	0
3.48459e+06	0
3.48469e+06	0
3.48479e+06	0
3.48489e+06	0
3.48499e+06	0
3.48509e+06	0
3.48519e+06	0
3.48529e+06	0
3.48539e+06	0
3.48549e+06	0
3.48559e+06	0
3.48569e+06	0
3.48579e+06	0
3.48589e+06	0
3.48599e+06	0
3.48609e+06	0
3.48619e+06	0
3.48629e+06	0
3.48639e+06	0
3.48649e+06	0
3.48659e+06	0
3.48669e+06	0
3.48679e+06	0
3.48689e+06	0
3.48699e+06	0
3.48709e+06	0
3.48719e+06	0
3.48729e+06	0
3.48739e+06	0
3.48749e+06	0
3.48759e+06	0
3.48769e+06	0
3.48779e+06	0
3.48789e+06	0
3.48799e+06	0
3.48809e+06	0
3.48819e+06	0
3.48829e+06	0
3.48839e+06	0
3.48849e+06	0
3.48859e+06	0
3.48869e+06	0
3.48879e+06	0
3.48889e+06	0
3.48899e+06	0
3.48909e+06	0
3.48919e+06	0
3.48929e+06	0
3.48939e+06	0
3.48949e+06	0
3.48959e+06	0
3.48969e+06	0
3.48979e+06	0
3.48989e+06	0
3.48999e+06	0
3.49009e+06	0
3.49019e+06	0
3.49029e+06	0
3.49039e+06	0
3.49049e+06	0
3.49059e+06	0
3.49069e+06	0
3.49079e+06	0
3.49089e+06	0
3.49099e+06	0
3.49109e+06	0
3.49119e+06	0
3.49129e+06	0
3.49139e+06	0
3.49149e+06	0
3.49159e+06	0
3.49169e+06	0
3.49179e+06	0
3.49189e+06	0
3.49199e+06	0
3.49209e+06	0
3.49219e+06	0
3.49229e+06	0
3.49239e+06	0
3.49249e+06	0
3.49259e+06	0
3.49269e+06	0
3.49279e+06	0
3.49289e+06	0
3.49299e+06	0
3.49309e+06	0
3.49319e+06	0
3.49329e+06	0
3.49339e+06	0
3.49349e+06	0
3.49359e+06	0
3.49369e+06	0
3.49379e+06	0
3.49389e+06	0
3.49399e+06	0
3.49409e+06	0
3.49419e+06	0
3.49429e+06	0
3.49439e+06	0
3.49449e+06	0
3.49459e+06	0
3.49469e+06	0
3.49479e+06	0
3.49489e+06	0
3.49499e+06	0
3.49509e+06	0
3.49519e+06	0
3.49529e+06	0
3.49539e+06	0
3.49549e+06	0
3.49559e+06	0
3.49569e+06	0
3.49579e+06	0
3.49589e+06	0
3.49599e+06	0
3.49609e+06	0
3.49619e+06	0
3.49629e+06	0
3.49639e+06	0
3.49649e+06	0
3.49659e+06	0
3.49669e+06	0
3.49679e+06	0
3.49689e+06	0
3.49699e+06	0
3.49709e+06	0
3.49719e+06	0
3.49729e+06	0
3.49739e+06	0
3.49749e+06	0
3.49759e+06	0
3.49769e+06	0
3.49779e+06	0
3.49789e+06	0
3.49799e+06	0
3.49809e+06	0
3.49819e+06	0
3.49829e+06	0
3.49839e+06	0
3.49849e+06	0
3.49859e+06	0
3.49869e+06	0
3.49879e+06	0
3.49889e+06	0
3.49899e+06	0
3.49909e+06	0
3.49919e+06	0
3.49929e+06	0
3.49939e+06	0
3.49949e+06	0
3.49959e+06	0
3.49969e+06	0
3.49979e+06	0
3.49989e+06	0
3.49999e+06	0
3.50009e+06	0
3.50019e+06	0
3.50029e+06	0
3.50039e+06	0
3.50049e+06	0
3.50059e+06	0
3.50069e+06	0
3.50079e+06	0
3.50089e+06	0
3.50099e+06	0
3.50109e+06	0
3.50119e+06	0
3.50129e+06	0
3.50139e+06	0
3.50149e+06	0
3.50159e+06	0
3.50169e+06	0
3.50179e+06	0
3.50189e+06	0
3.50199e+06	0
3.50209e+06	0
3.50219e+06	0
3.50229e+06	0
3.50239e+06	0
3.50249e+06	0
3.50259e+06	0
3.50269e+06	0
3.50279e+06	0
3.50289e+06	0
3.50299e+06	0
3.50309e+06	0
3.50319e+06	0
3.50329e+06	0
3.50339e+06	0
3.50349e+06	0
3.50359e+06	0
3.50369e+06	0
3.50379e+06	0
3.50389e+06	0
3.50399e+06	0
3.50409e+06	0
3.50419e+06	0
3.50429e+06	0
3.50439e+06	0
3.50449e+06	0
3.50459e+06	0
3.50469e+06	0
3.50479e+06	0
3.50489e+06	0
3.50499e+06	0
3.50509e+06	0
3.50519e+06	0
3.50529e+06	0
3.50539e+06	0
3.50549e+06	0
3.50559e+06	0
3.50569e+06	0
3.50579e+06	0
3.50589e+06	0
3.50599e+06	0
3.50609e+06	0
3.50619e+06	0
3.50629e+06	0
3.50639e+06	0
3.50649e+06	0
3.50659e+06	0
3.50669e+06	0
3.50679e+06	0
3.50689e+06	0
3.50699e+06	0
3.50709e+06	0
3.50719e+06	0
3.50729e+06	0
3.50739e+06	0
3.50749e+06	0
3.50759e+06	0
3.50769e+06	0
3.50779e+06	0
3.50789e+06	0
3.50799e+06	0
3.50809e+06	0
3.50819e+06	0
3.50829e+06	0
3.50839e+06	0
3.50849e+06	0
3.50859e+06	0
3.50869e+06	0
3.50879e+06	0
3.50889e+06	0
3.50899e+06	0
3.50909e+06	0
3.50919e+06	0
3.50929e+06	0
3.50939e+06	0
3.50949e+06	0
3.50959e+06	0
3.50969e+06	0
3.50979e+06	0
3.50989e+06	0
3.50999e+06	0
3.51009e+06	0
3.51019e+06	0
3.51029e+06	0
3.51039e+06	0
3.51049e+06	0
3.51059e+06	0
3.51069e+06	0
3.51079e+06	0
3.51089e+06	0
3.51099e+06	0
3.51109e+06	0
3.51119e+06	0
3.51129e+06	0
3.51139e+06	0
3.51149e+06	0
3.51159e+06	0
3.51169e+06	0
3.51179e+06	0
3.51189e+06	0
3.51199e+06	0
3.51209e+06	0
3.51219e+06	0
3.51229e+06	0
3.51239e+06	0
3.51249e+06	0
3.51259e+06	0
3.51269e+06	0
3.51279e+06	0
3.51289e+06	0
3.51299e+06	0
3.51309e+06	0
3.51319e+06	0
3.51329e+06	0
3.51339e+06	0
3.51349e+06	0
3.51359e+06	0
3.51369e+06	0
3.51379e+06	0
3.51389e+06	0
3.51399e+06	0
3.51409e+06	0
3.51419e+06	0
3.51429e+06	0
3.51439e+06	0
3.51449e+06	0
3.51459e+06	0
3.51469e+06	0
3.51479e+06	0
3.51489e+06	0
3.51499e+06	0
3.51509e+06	0
3.51519e+06	0
3.51529e+06	0
3.51539e+06	0
3.51549e+06	0
3.51559e+06	0
3.51569e+06	0
3.51579e+06	0
3.51589e+06	0
3.51599e+06	0
3.51609e+06	0
3.51619e+06	0
3.51629e+06	0
3.51639e+06	0
3.51649e+06	0
3.51659e+06	0
3.51669e+06	0
3.51679e+06	0
3.51689e+06	0
3.51699e+06	0
3.51709e+06	0
3.51719e+06	0
3.51729e+06	0
3.51739e+06	0
3.51749e+06	0
3.51759e+06	0
3.51769e+06	0
3.51779e+06	0
3.51789e+06	0
3.51799e+06	0
3.51809e+06	0
3.51819e+06	0
3.51829e+06	0
3.51839e+06	0
3.51849e+06	0
3.51859e+06	0
3.51869e+06	0
3.51879e+06	0
3.51889e+06	0
3.51899e+06	0
3.51909e+06	0
3.51919e+06	0
3.51929e+06	0
3.51939e+06	0
3.51949e+06	0
3.51959e+06	0
3.51969e+06	0
3.51979e+06	0
3.51989e+06	0
3.51999e+06	0
3.52009e+06	0
3.52019e+06	0
3.52029e+06	0
3.52039e+06	0
3.52049e+06	0
3.52059e+06	0
3.52069e+06	0
3.52079e+06	0
3.52089e+06	0
3.52099e+06	0
3.52109e+06	0
3.52119e+06	0
3.52129e+06	0
3.52139e+06	0
3.52149e+06	0
3.52159e+06	0
3.52169e+06	0
3.52179e+06	0
3.52189e+06	0
3.52199e+06	0
3.52209e+06	0
3.52219e+06	0
3.52229e+06	0
3.52239e+06	0
3.52249e+06	0
3.52259e+06	0
3.52269e+06	0
3.52279e+06	0
3.52289e+06	0
3.52299e+06	0
3.52309e+06	0
3.52319e+06	0
3.52329e+06	0
3.52339e+06	0
3.52349e+06	0
3.52359e+06	0
3.52369e+06	0
3.52379e+06	0
3.52389e+06	0
3.52399e+06	0
3.52409e+06	0
3.52419e+06	0
3.52429e+06	0
3.52439e+06	0
3.52449e+06	0
3.52459e+06	0
3.52469e+06	0
3.52479e+06	0
3.52489e+06	0
3.52499e+06	0
3.52509e+06	0
3.52519e+06	0
3.52529e+06	0
3.52539e+06	0
3.52549e+06	0
3.52559e+06	0
3.52569e+06	0
3.52579e+06	0
3.52589e+06	0
3.52599e+06	0
3.52609e+06	0
3.52619e+06	0
3.52629e+06	0
3.52639e+06	0
3.52649e+06	0
3.52659e+06	0
3.52669e+06	0
3.52679e+06	0
3.52689e+06	0
3.52699e+06	0
3.52709e+06	0
3.52719e+06	0
3.52729e+06	0
3.52739e+06	0
3.52749e+06	0
3.52759e+06	0
3.52769e+06	0
3.52779e+06	0
3.52789e+06	0
3.52799e+06	0
3.52809e+06	0
3.52819e+06	0
3.52829e+06	0
3.52839e+06	0
3.52849e+06	0
3.52859e+06	0
3.52869e+06	0
3.52879e+06	0
3.52889e+06	0
3.52899e+06	0
3.52909e+06	0
3.52919e+06	0
3.52929e+06	0
3.52939e+06	0
3.52949e+06	0
3.52959e+06	0
3.52969e+06	0
3.52979e+06	0
3.52989e+06	0
3.52999e+06	0
3.53009e+06	0
3.53019e+06	0
3.53029e+06	0
3.53039e+06	0
3.53049e+06	0
3.53059e+06	0
3.53069e+06	0
3.53079e+06	0
3.53089e+06	0
3.53099e+06	0
3.53109e+06	0
3.53119e+06	0
3.53129e+06	0
3.53139e+06	0
3.53149e+06	0
3.53159e+06	0
3.53169e+06	0
3.53179e+06	0
3.53189e+06	0
3.53199e+06	0
3.53209e+06	0
3.53219e+06	0
3.53229e+06	0
3.53239e+06	0
3.53249e+06	0
3.53259e+06	0
3.53269e+06	0
3.53279e+06	0
3.53289e+06	0
3.53299e+06	0
3.53309e+06	0
3.53319e+06	0
3.53329e+06	0
3.53339e+06	0
3.53349e+06	0
3.53359e+06	0
3.53369e+06	0
3.53379e+06	0
3.53389e+06	0
3.53399e+06	0
3.53409e+06	0
3.53419e+06	0
3.53429e+06	0
3.53439e+06	0
3.53449e+06	0
3.53459e+06	0
3.53469e+06	0
3.53479e+06	0
3.53489e+06	0
3.53499e+06	0
3.53509e+06	0
3.53519e+06	0
3.53529e+06	0
3.53539e+06	0
3.53549e+06	0
3.53559e+06	0
3.53569e+06	0
3.53579e+06	0
3.53589e+06	0
3.53599e+06	0
3.53609e+06	0
3.53619e+06	0
3.53629e+06	0
3.53639e+06	0
3.53649e+06	0
3.53659e+06	0
3.53669e+06	0
3.53679e+06	0
3.53689e+06	0
3.53699e+06	0
3.53709e+06	0
3.53719e+06	0
3.53729e+06	0
3.53739e+06	0
3.53749e+06	0
3.53759e+06	0
3.53769e+06	0
3.53779e+06	0
3.53789e+06	0
3.53799e+06	0
3.53809e+06	0
3.53819e+06	0
3.53829e+06	0
3.53839e+06	0
3.53849e+06	0
3.53859e+06	0
3.53869e+06	0
3.53879e+06	0
3.53889e+06	0
3.53899e+06	0
3.53909e+06	0
3.53919e+06	0
3.53929e+06	0
3.53939e+06	0
3.53949e+06	0
3.53959e+06	0
3.53969e+06	0
3.53979e+06	0
3.53989e+06	0
3.53999e+06	0
3.54009e+06	0
3.54019e+06	0
3.54029e+06	0
3.54039e+06	0
3.54049e+06	0
3.54059e+06	0
3.54069e+06	0
3.54079e+06	0
3.54089e+06	0
3.54099e+06	0
3.54109e+06	0
3.54119e+06	0
3.54129e+06	0
3.54139e+06	0
3.54149e+06	0
3.54159e+06	0
3.54169e+06	0
3.54179e+06	0
3.54189e+06	0
3.54199e+06	0
3.54209e+06	0
3.54219e+06	0
3.54229e+06	0
3.54239e+06	0
3.54249e+06	0
3.54259e+06	0
3.54269e+06	0
3.54279e+06	0
3.54289e+06	0
3.54299e+06	0
3.54309e+06	0
3.54319e+06	0
3.54329e+06	0
3.54339e+06	0
3.54349e+06	0
3.54359e+06	0
3.54369e+06	0
3.54379e+06	0
3.54389e+06	0
3.54399e+06	0
3.54409e+06	0
3.54419e+06	0
3.54429e+06	0
3.54439e+06	0
3.54449e+06	0
3.54459e+06	0
3.54469e+06	0
3.54479e+06	0
3.54489e+06	0
3.54499e+06	0
3.54509e+06	0
3.54519e+06	0
3.54529e+06	0
3.54539e+06	0
3.54549e+06	0
3.54559e+06	0
3.54569e+06	0
3.54579e+06	0
3.54589e+06	0
3.54599e+06	0
3.54609e+06	0
3.54619e+06	0
3.54629e+06	0
3.54639e+06	0
3.54649e+06	0
3.54659e+06	0
3.54669e+06	0
3.54679e+06	0
3.54689e+06	0
3.54699e+06	0
3.54709e+06	0
3.54719e+06	0
3.54729e+06	0
3.54739e+06	0
3.54749e+06	0
3.54759e+06	0
3.54769e+06	0
3.54779e+06	0
3.54789e+06	0
3.54799e+06	0
3.54809e+06	0
3.54819e+06	0
3.54829e+06	0
3.54839e+06	0
3.54849e+06	0
3.54859e+06	0
3.54869e+06	0
3.54879e+06	0
3.54889e+06	0
3.54899e+06	0
3.54909e+06	0
3.54919e+06	0
3.54929e+06	0
3.54939e+06	0
3.54949e+06	0
3.54959e+06	0
3.54969e+06	0
3.54979e+06	0
3.54989e+06	0
3.54999e+06	0
3.55009e+06	0
3.55019e+06	0
3.55029e+06	0
3.55039e+06	0
3.55049e+06	0
3.55059e+06	0
3.55069e+06	0
3.55079e+06	0
3.55089e+06	0
3.55099e+06	0
3.55109e+06	0
3.55119e+06	0
3.55129e+06	0
3.55139e+06	0
3.55149e+06	0
3.55159e+06	0
3.55169e+06	0
3.55179e+06	0
3.55189e+06	0
3.55199e+06	0
3.55209e+06	0
3.55219e+06	0
3.55229e+06	0
3.55239e+06	0
3.55249e+06	0
3.55259e+06	0
3.55269e+06	0
3.55279e+06	0
3.55289e+06	0
3.55299e+06	0
3.55309e+06	0
3.55319e+06	0
3.55329e+06	0
3.55339e+06	0
3.55349e+06	0
3.55359e+06	0
3.55369e+06	0
3.55379e+06	0
3.55389e+06	0
3.55399e+06	0
3.55409e+06	0
3.55419e+06	0
3.55429e+06	0
3.55439e+06	0
3.55449e+06	0
3.55459e+06	0
3.55469e+06	0
3.55479e+06	0
3.55489e+06	0
3.55499e+06	0
3.55509e+06	0
3.55519e+06	0
3.55529e+06	0
3.55539e+06	0
3.55549e+06	0
3.55559e+06	0
3.55569e+06	0
3.55579e+06	0
3.55589e+06	0
3.55599e+06	0
3.55609e+06	0
3.55619e+06	0
3.55629e+06	0
3.55639e+06	0
3.55649e+06	0
3.55659e+06	0
3.55669e+06	0
3.55679e+06	0
3.55689e+06	0
3.55699e+06	0
3.55709e+06	0
3.55719e+06	0
3.55729e+06	0
3.55739e+06	0
3.55749e+06	0
3.55759e+06	0
3.55769e+06	0
3.55779e+06	0
3.55789e+06	0
3.55799e+06	0
3.55809e+06	0
3.55819e+06	0
3.55829e+06	0
3.55839e+06	0
3.55849e+06	0
3.55859e+06	0
3.55869e+06	0
3.55879e+06	0
3.55889e+06	0
3.55899e+06	0
3.55909e+06	0
3.55919e+06	0
3.55929e+06	0
3.55939e+06	0
3.55949e+06	0
3.55959e+06	0
3.55969e+06	0
3.55979e+06	0
3.55989e+06	0
3.55999e+06	0
3.56009e+06	0
3.56019e+06	0
3.56029e+06	0
3.56039e+06	0
3.56049e+06	0
3.56059e+06	0
3.56069e+06	0
3.56079e+06	0
3.56089e+06	0
3.56099e+06	0
3.56109e+06	0
3.56119e+06	0
3.56129e+06	0
3.56139e+06	0
3.56149e+06	0
3.56159e+06	0
3.56169e+06	0
3.56179e+06	0
3.56189e+06	0
3.56199e+06	0
3.56209e+06	0
3.56219e+06	0
3.56229e+06	0
3.56239e+06	0
3.56249e+06	0
3.56259e+06	0
3.56269e+06	0
3.56279e+06	0
3.56289e+06	0
3.56299e+06	0
3.56309e+06	0
3.56319e+06	0
3.56329e+06	0
3.56339e+06	0
3.56349e+06	0
3.56359e+06	0
3.56369e+06	0
3.56379e+06	0
3.56389e+06	0
3.56399e+06	0
3.56409e+06	0
3.56419e+06	0
3.56429e+06	0
3.56439e+06	0
3.56449e+06	0
3.56459e+06	0
3.56469e+06	0
3.56479e+06	0
3.56489e+06	0
3.56499e+06	0
3.56509e+06	0
3.56519e+06	0
3.56529e+06	0
3.56539e+06	0
3.56549e+06	0
3.56559e+06	0
3.56569e+06	0
3.56579e+06	0
3.56589e+06	0
3.56599e+06	0
3.56609e+06	0
3.56619e+06	0
3.56629e+06	0
3.56639e+06	0
3.56649e+06	0
3.56659e+06	0
3.56669e+06	0
3.56679e+06	0
3.56689e+06	0
3.56699e+06	0
3.56709e+06	0
3.56719e+06	0
3.56729e+06	0
3.56739e+06	0
3.56749e+06	0
3.56759e+06	0
3.56769e+06	0
3.56779e+06	0
3.56789e+06	0
3.56799e+06	0
3.56809e+06	0
3.56819e+06	0
3.56829e+06	0
3.56839e+06	0
3.56849e+06	0
3.56859e+06	0
3.56869e+06	0
3.56879e+06	0
3.56889e+06	0
3.56899e+06	0
3.56909e+06	0
3.56919e+06	0
3.56929e+06	0
3.56939e+06	0
3.56949e+06	0
3.56959e+06	0
3.56969e+06	0
3.56979e+06	0
3.56989e+06	0
3.56999e+06	0
3.57009e+06	0
3.57019e+06	0
3.57029e+06	0
3.57039e+06	0
3.57049e+06	0
3.57059e+06	0
3.57069e+06	0
3.57079e+06	0
3.57089e+06	0
3.57099e+06	0
3.57109e+06	0
3.57119e+06	0
3.57129e+06	0
3.57139e+06	0
3.57149e+06	0
3.57159e+06	0
3.57169e+06	0
3.57179e+06	0
3.57189e+06	0
3.57199e+06	0
3.57209e+06	0
3.57219e+06	0
3.57229e+06	0
3.57239e+06	0
3.57249e+06	0
3.57259e+06	0
3.57269e+06	0
3.57279e+06	0
3.57289e+06	0
3.57299e+06	0
3.57309e+06	0
3.57319e+06	0
3.57329e+06	0
3.57339e+06	0
3.57349e+06	0
3.57359e+06	0
3.57369e+06	0
3.57379e+06	0
3.57389e+06	0
3.57399e+06	0
3.57409e+06	0
3.57419e+06	0
3.57429e+06	0
3.57439e+06	0
3.57449e+06	0
3.57459e+06	0
3.57469e+06	0
3.57479e+06	0
3.57489e+06	0
3.57499e+06	0
3.57509e+06	0
3.57519e+06	0
3.57529e+06	0
3.57539e+06	0
3.57549e+06	0
3.57559e+06	0
3.57569e+06	0
3.57579e+06	0
3.57589e+06	0
3.57599e+06	0
3.57609e+06	0
3.57619e+06	0
3.57629e+06	0
3.57639e+06	0
3.57649e+06	0
3.57659e+06	0
3.57669e+06	0
3.57679e+06	0
3.57689e+06	0
3.57699e+06	0
3.57709e+06	0
3.57719e+06	0
3.57729e+06	0
3.57739e+06	0
3.57749e+06	0
3.57759e+06	0
3.57769e+06	0
3.57779e+06	0
3.57789e+06	0
3.57799e+06	0
3.57809e+06	0
3.57819e+06	0
3.57829e+06	0
3.57839e+06	0
3.57849e+06	0
3.57859e+06	0
3.57869e+06	0
3.57879e+06	0
3.57889e+06	0
3.57899e+06	0
3.57909e+06	0
3.57919e+06	0
3.57929e+06	0
3.57939e+06	0
3.57949e+06	0
3.57959e+06	0
3.57969e+06	0
3.57979e+06	0
3.57989e+06	0
3.57999e+06	0
3.58009e+06	0
3.58019e+06	0
3.58029e+06	0
3.58039e+06	0
3.58049e+06	0
3.58059e+06	0
3.58069e+06	0
3.58079e+06	0
3.58089e+06	0
3.58099e+06	0
3.58109e+06	0
3.58119e+06	0
3.58129e+06	0
3.58139e+06	0
3.58149e+06	0
3.58159e+06	0
3.58169e+06	0
3.58179e+06	0
3.58189e+06	0
3.58199e+06	0
3.58209e+06	0
3.58219e+06	0
3.58229e+06	0
3.58239e+06	0
3.58249e+06	0
3.58259e+06	0
3.58269e+06	0
3.58279e+06	0
3.58289e+06	0
3.58299e+06	0
3.58309e+06	0
3.58319e+06	0
3.58329e+06	0
3.58339e+06	0
3.58349e+06	0
3.58359e+06	0
3.58369e+06	0
3.58379e+06	0
3.58389e+06	0
3.58399e+06	0
3.58409e+06	0
3.58419e+06	0
3.58429e+06	0
3.58439e+06	0
3.58449e+06	0
3.58459e+06	0
3.58469e+06	0
3.58479e+06	0
3.58489e+06	0
3.58499e+06	0
3.58509e+06	0
3.58519e+06	0
3.58529e+06	0
3.58539e+06	0
3.58549e+06	0
3.58559e+06	0
3.58569e+06	0
3.58579e+06	0
3.58589e+06	0
3.58599e+06	0
3.58609e+06	0
3.58619e+06	0
3.58629e+06	0
3.58639e+06	0
3.58649e+06	0
3.58659e+06	0
3.58669e+06	0
3.58679e+06	0
3.58689e+06	0
3.58699e+06	0
3.58709e+06	0
3.58719e+06	0
3.58729e+06	0
3.58739e+06	0
3.58749e+06	0
3.58759e+06	0
3.58769e+06	0
3.58779e+06	0
3.58789e+06	0
3.58799e+06	0
3.58809e+06	0
3.58819e+06	0
3.58829e+06	0
3.58839e+06	0
3.58849e+06	0
3.58859e+06	0
3.58869e+06	0
3.58879e+06	0
3.58889e+06	0
3.58899e+06	0
3.58909e+06	0
3.58919e+06	0
3.58929e+06	0
3.58939e+06	0
3.58949e+06	0
3.58959e+06	0
3.58969e+06	0
3.58979e+06	0
3.58989e+06	0
3.58999e+06	0
3.59009e+06	0
3.59019e+06	0
3.59029e+06	0
3.59039e+06	0
3.59049e+06	0
3.59059e+06	0
3.59069e+06	0
3.59079e+06	0
3.59089e+06	0
3.59099e+06	0
3.59109e+06	0
3.59119e+06	0
3.59129e+06	0
3.59139e+06	0
3.59149e+06	0
3.59159e+06	0
3.59169e+06	0
3.59179e+06	0
3.59189e+06	0
3.59199e+06	0
3.59209e+06	0
3.59219e+06	0
3.59229e+06	0
3.59239e+06	0
3.59249e+06	0
3.59259e+06	0
3.59269e+06	0
3.59279e+06	0
3.59289e+06	0
3.59299e+06	0
3.59309e+06	0
3.59319e+06	0
3.59329e+06	0
3.59339e+06	0
3.59349e+06	0
3.59359e+06	0
3.59369e+06	0
3.59379e+06	0
3.59389e+06	0
3.59399e+06	0
3.59409e+06	0
3.59419e+06	0
3.59429e+06	0
3.59439e+06	0
3.59449e+06	0
3.59459e+06	0
3.59469e+06	0
3.59479e+06	0
3.59489e+06	0
3.59499e+06	0
3.59509e+06	0
3.59519e+06	0
3.59529e+06	0
3.59539e+06	0
3.59549e+06	0
3.59559e+06	0
3.59569e+06	0
3.59579e+06	0
3.59589e+06	0
3.59599e+06	0
3.59609e+06	0
3.59619e+06	0
3.59629e+06	0
3.59639e+06	0
3.59649e+06	0
3.59659e+06	0
3.59669e+06	0
3.59679e+06	0
3.59689e+06	0
3.59699e+06	0
3.59709e+06	0
3.59719e+06	0
3.59729e+06	0
3.59739e+06	0
3.59749e+06	0
3.59759e+06	0
3.59769e+06	0
3.59779e+06	0
3.59789e+06	0
3.59799e+06	0
3.59809e+06	0
3.59819e+06	0
3.59829e+06	0
3.59839e+06	0
3.59849e+06	0
3.59859e+06	0
3.59869e+06	0
3.59879e+06	0
3.59889e+06	0
3.59899e+06	0
3.59909e+06	0
3.59919e+06	0
3.59929e+06	0
3.59939e+06	0
3.59949e+06	0
3.59959e+06	0
3.59969e+06	0
3.59979e+06	0
3.59989e+06	0
3.59999e+06	0
3.60009e+06	0
3.60019e+06	0
3.60029e+06	0
3.60039e+06	0
3.60049e+06	0
3.60059e+06	0
3.60069e+06	0
3.60079e+06	0
3.60089e+06	0
3.60099e+06	0
3.60109e+06	0
3.60119e+06	0
3.60129e+06	0
3.60139e+06	0
3.60149e+06	0
3.60159e+06	0
3.60169e+06	0
3.60179e+06	0
3.60189e+06	0
3.60199e+06	0
3.60209e+06	0
3.60219e+06	0
3.60229e+06	0
3.60239e+06	0
3.60249e+06	0
3.60259e+06	0
3.60269e+06	0
3.60279e+06	0
3.60289e+06	0
3.60299e+06	0
3.60309e+06	0
3.60319e+06	0
3.60329e+06	0
3.60339e+06	0
3.60349e+06	0
3.60359e+06	0
3.60369e+06	0
3.60379e+06	0
3.60389e+06	0
3.60399e+06	0
3.60409e+06	0
3.60419e+06	0
3.60429e+06	0
3.60439e+06	0
3.60449e+06	0
3.60459e+06	0
3.60469e+06	0
3.60479e+06	0
3.60489e+06	0
3.60499e+06	0
3.60509e+06	0
3.60519e+06	0
3.60529e+06	0
3.60539e+06	0
3.60549e+06	0
3.60559e+06	0
3.60569e+06	0
3.60579e+06	0
3.60589e+06	0
3.60599e+06	0
3.60609e+06	0
3.60619e+06	0
3.60629e+06	0
3.60639e+06	0
3.60649e+06	0
3.60659e+06	0
3.60669e+06	0
3.60679e+06	0
3.60689e+06	0
3.60699e+06	0
3.60709e+06	0
3.60719e+06	0
3.60729e+06	0
3.60739e+06	0
3.60749e+06	0
3.60759e+06	0
3.60769e+06	0
3.60779e+06	0
3.60789e+06	0
3.60799e+06	0
3.60809e+06	0
3.60819e+06	0
3.60829e+06	0
3.60839e+06	0
3.60849e+06	0
3.60859e+06	0
3.60869e+06	0
3.60879e+06	0
3.60889e+06	0
3.60899e+06	0
3.60909e+06	0
3.60919e+06	0
3.60929e+06	0
3.60939e+06	0
3.60949e+06	0
3.60959e+06	0
3.60969e+06	0
3.60979e+06	0
3.60989e+06	0
3.60999e+06	0
3.61009e+06	0
3.61019e+06	0
3.61029e+06	0
3.61039e+06	0
3.61049e+06	0
3.61059e+06	0
3.61069e+06	0
3.61079e+06	0
3.61089e+06	0
3.61099e+06	0
3.61109e+06	0
3.61119e+06	0
3.61129e+06	0
3.61139e+06	0
3.61149e+06	0
3.61159e+06	0
3.61169e+06	0
3.61179e+06	0
3.61189e+06	0
3.61199e+06	0
3.61209e+06	0
3.61219e+06	0
3.61229e+06	0
3.61239e+06	0
3.61249e+06	0
3.61259e+06	0
3.61269e+06	0
3.61279e+06	0
3.61289e+06	0
3.61299e+06	0
3.61309e+06	0
3.61319e+06	0
3.61329e+06	0
3.61339e+06	0
3.61349e+06	0
3.61359e+06	0
3.61369e+06	0
3.61379e+06	0
3.61389e+06	0
3.61399e+06	0
3.61409e+06	0
3.61419e+06	0
3.61429e+06	0
3.61439e+06	0
3.61449e+06	0
3.61459e+06	0
3.61469e+06	0
3.61479e+06	0
3.61489e+06	0
3.61499e+06	0
3.61509e+06	0
3.61519e+06	0
3.61529e+06	0
3.61539e+06	0
3.61549e+06	0
3.61559e+06	0
3.61569e+06	0
3.61579e+06	0
3.61589e+06	0
3.61599e+06	0
3.61609e+06	0
3.61619e+06	0
3.61629e+06	0
3.61639e+06	0
3.61649e+06	0
3.61659e+06	0
3.61669e+06	0
3.61679e+06	0
3.61689e+06	0
3.61699e+06	0
3.61709e+06	0
3.61719e+06	0
3.61729e+06	0
3.61739e+06	0
3.61749e+06	0
3.61759e+06	0
3.61769e+06	0
3.61779e+06	0
3.61789e+06	0
3.61799e+06	0
3.61809e+06	0
3.61819e+06	0
3.61829e+06	0
3.61839e+06	0
3.61849e+06	0
3.61859e+06	0
3.61869e+06	0
3.61879e+06	0
3.61889e+06	0
3.61899e+06	0
3.61909e+06	0
3.61919e+06	0
3.61929e+06	0
3.61939e+06	0
3.61949e+06	0
3.61959e+06	0
3.61969e+06	0
3.61979e+06	0
3.61989e+06	0
3.61999e+06	0
3.62009e+06	0
3.62019e+06	0
3.62029e+06	0
3.62039e+06	0
3.62049e+06	0
3.62059e+06	0
3.62069e+06	0
3.62079e+06	0
3.62089e+06	0
3.62099e+06	0
3.62109e+06	0
3.62119e+06	0
3.62129e+06	0
3.62139e+06	0
3.62149e+06	0
3.62159e+06	0
3.62169e+06	0
3.62179e+06	0
3.62189e+06	0
3.62199e+06	0
3.62209e+06	0
3.62219e+06	0
3.62229e+06	0
3.62239e+06	0
3.62249e+06	0
3.62259e+06	0
3.62269e+06	0
3.62279e+06	0
3.62289e+06	0
3.62299e+06	0
3.62309e+06	0
3.62319e+06	0
3.62329e+06	0
3.62339e+06	0
3.62349e+06	0
3.62359e+06	0
3.62369e+06	0
3.62379e+06	0
3.62389e+06	0
3.62399e+06	0
3.62409e+06	0
3.62419e+06	0
3.62429e+06	0
3.62439e+06	0
3.62449e+06	0
3.62459e+06	0
3.62469e+06	0
3.62479e+06	0
3.62489e+06	0
3.62499e+06	0
3.62509e+06	0
3.62519e+06	0
3.62529e+06	0
3.62539e+06	0
3.62549e+06	0
3.62559e+06	0
3.62569e+06	0
3.62579e+06	0
3.62589e+06	0
3.62599e+06	0
3.62609e+06	0
3.62619e+06	0
3.62629e+06	0
3.62639e+06	0
3.62649e+06	0
3.62659e+06	0
3.62669e+06	0
3.62679e+06	0
3.62689e+06	0
3.62699e+06	0
3.62709e+06	0
3.62719e+06	0
3.62729e+06	0
3.62739e+06	0
3.62749e+06	0
3.62759e+06	0
3.62769e+06	0
3.62779e+06	0
3.62789e+06	0
3.62799e+06	0
3.62809e+06	0
3.62819e+06	0
3.62829e+06	0
3.62839e+06	0
3.62849e+06	0
3.62859e+06	0
3.62869e+06	0
3.62879e+06	0
3.62889e+06	0
3.62899e+06	0
3.62909e+06	0
3.62919e+06	0
3.62929e+06	0
3.62939e+06	0
3.62949e+06	0
3.62959e+06	0
3.62969e+06	0
3.62979e+06	0
3.62989e+06	0
3.62999e+06	0
3.63009e+06	0
3.63019e+06	0
3.63029e+06	0
3.63039e+06	0
3.63049e+06	0
3.63059e+06	0
3.63069e+06	0
3.63079e+06	0
3.63089e+06	0
3.63099e+06	0
3.63109e+06	0
3.63119e+06	0
3.63129e+06	0
3.63139e+06	0
3.63149e+06	0
3.63159e+06	0
3.63169e+06	0
3.63179e+06	0
3.63189e+06	0
3.63199e+06	0
3.63209e+06	0
3.63219e+06	0
3.63229e+06	0
3.63239e+06	0
3.63249e+06	0
3.63259e+06	0
3.63269e+06	0
3.63279e+06	0
3.63289e+06	0
3.63299e+06	0
3.63309e+06	0
3.63319e+06	0
3.63329e+06	0
3.63339e+06	0
3.63349e+06	0
3.63359e+06	0
3.63369e+06	0
3.63379e+06	0
3.63389e+06	0
3.63399e+06	0
3.63409e+06	0
3.63419e+06	0
3.63429e+06	0
3.63439e+06	0
3.63449e+06	0
3.63459e+06	0
3.63469e+06	0
3.63479e+06	0
3.63489e+06	0
3.63499e+06	0
3.63509e+06	0
3.63519e+06	0
3.63529e+06	0
3.63539e+06	0
3.63549e+06	0
3.63559e+06	0
3.63569e+06	0
3.63579e+06	0
3.63589e+06	0
3.63599e+06	0
3.63609e+06	0
3.63619e+06	0
3.63629e+06	0
3.63639e+06	0
3.63649e+06	0
3.63659e+06	0
3.63669e+06	0
3.63679e+06	0
3.63689e+06	0
3.63699e+06	0
3.63709e+06	0
3.63719e+06	0
3.63729e+06	0
3.63739e+06	0
3.63749e+06	0
3.63759e+06	0
3.63769e+06	0
3.63779e+06	0
3.63789e+06	0
3.63799e+06	0
3.63809e+06	0
3.63819e+06	0
3.63829e+06	0
3.63839e+06	0
3.63849e+06	0
3.63859e+06	0
3.63869e+06	0
3.63879e+06	0
3.63889e+06	0
3.63899e+06	0
3.63909e+06	0
3.63919e+06	0
3.63929e+06	0
3.63939e+06	0
3.63949e+06	0
3.63959e+06	0
3.63969e+06	0
3.63979e+06	0
3.63989e+06	0
3.63999e+06	0
3.64009e+06	0
3.64019e+06	0
3.64029e+06	0
3.64039e+06	0
3.64049e+06	0
3.64059e+06	0
3.64069e+06	0
3.64079e+06	0
3.64089e+06	0
3.64099e+06	0
3.64109e+06	0
3.64119e+06	0
3.64129e+06	0
3.64139e+06	0
3.64149e+06	0
3.64159e+06	0
3.64169e+06	0
3.64179e+06	0
3.64189e+06	0
3.64199e+06	0
3.64209e+06	0
3.64219e+06	0
3.64229e+06	0
3.64239e+06	0
3.64249e+06	0
3.64259e+06	0
3.64269e+06	0
3.64279e+06	0
3.64289e+06	0
3.64299e+06	0
3.64309e+06	0
3.64319e+06	0
3.64329e+06	0
3.64339e+06	0
3.64349e+06	0
3.64359e+06	0
3.64369e+06	0
3.64379e+06	0
3.64389e+06	0
3.64399e+06	0
3.64409e+06	0
3.64419e+06	0
3.64429e+06	0
3.64439e+06	0
3.64449e+06	0
3.64459e+06	0
3.64469e+06	0
3.64479e+06	0
3.64489e+06	0
3.64499e+06	0
3.64509e+06	0
3.64519e+06	0
3.64529e+06	0
3.64539e+06	0
3.64549e+06	0
3.64559e+06	0
3.64569e+06	0
3.64579e+06	0
3.64589e+06	0
3.64599e+06	0
3.64609e+06	0
3.64619e+06	0
3.64629e+06	0
3.64639e+06	0
3.64649e+06	0
3.64659e+06	0
3.64669e+06	0
3.64679e+06	0
3.64689e+06	0
3.64699e+06	0
3.64709e+06	0
3.64719e+06	0
3.64729e+06	0
3.64739e+06	0
3.64749e+06	0
3.64759e+06	0
3.64769e+06	0
3.64779e+06	0
3.64789e+06	0
3.64799e+06	0
3.64809e+06	0
3.64819e+06	0
3.64829e+06	0
3.64839e+06	0
3.64849e+06	0
3.64859e+06	0
3.64869e+06	0
3.64879e+06	0
3.64889e+06	0
3.64899e+06	0
3.64909e+06	0
3.64919e+06	0
3.64929e+06	0
3.64939e+06	0
3.64949e+06	0
3.64959e+06	0
3.64969e+06	0
3.64979e+06	0
3.64989e+06	0
3.64999e+06	0
3.65009e+06	0
3.65019e+06	0
3.65029e+06	0
3.65039e+06	0
3.65049e+06	0
3.65059e+06	0
3.65069e+06	0
3.65079e+06	0
3.65089e+06	0
3.65099e+06	0
3.65109e+06	0
3.65119e+06	0
3.65129e+06	0
3.65139e+06	0
3.65149e+06	0
3.65159e+06	0
3.65169e+06	0
3.65179e+06	0
3.65189e+06	0
3.65199e+06	0
3.65209e+06	0
3.65219e+06	0
3.65229e+06	0
3.65239e+06	0
3.65249e+06	0
3.65259e+06	0
3.65269e+06	0
3.65279e+06	0
3.65289e+06	0
3.65299e+06	0
3.65309e+06	0
3.65319e+06	0
3.65329e+06	0
3.65339e+06	0
3.65349e+06	0
3.65359e+06	0
3.65369e+06	0
3.65379e+06	0
3.65389e+06	0
3.65399e+06	0
3.65409e+06	0
3.65419e+06	0
3.65429e+06	0
3.65439e+06	0
3.65449e+06	0
3.65459e+06	0
3.65469e+06	0
3.65479e+06	0
3.65489e+06	0
3.65499e+06	0
3.65509e+06	0
3.65519e+06	0
3.65529e+06	0
3.65539e+06	0
3.65549e+06	0
3.65559e+06	0
3.65569e+06	0
3.65579e+06	0
3.65589e+06	0
3.65599e+06	0
3.65609e+06	0
3.65619e+06	0
3.65629e+06	0
3.65639e+06	0
3.65649e+06	0
3.65659e+06	0
3.65669e+06	0
3.65679e+06	0
3.65689e+06	0
3.65699e+06	0
3.65709e+06	0
3.65719e+06	0
3.65729e+06	0
3.65739e+06	0
3.65749e+06	0
3.65759e+06	0
3.65769e+06	0
3.65779e+06	0
3.65789e+06	0
3.65799e+06	0
3.65809e+06	0
3.65819e+06	0
3.65829e+06	0
3.65839e+06	0
3.65849e+06	0
3.65859e+06	0
3.65869e+06	0
3.65879e+06	0
3.65889e+06	0
3.65899e+06	0
3.65909e+06	0
3.65919e+06	0
3.65929e+06	0
3.65939e+06	0
3.65949e+06	0
3.65959e+06	0
3.65969e+06	0
3.65979e+06	0
3.65989e+06	0
3.65999e+06	0
3.66009e+06	0
3.66019e+06	0
3.66029e+06	0
3.66039e+06	0
3.66049e+06	0
3.66059e+06	0
3.66069e+06	0
3.66079e+06	0
3.66089e+06	0
3.66099e+06	0
3.66109e+06	0
3.66119e+06	0
3.66129e+06	0
3.66139e+06	0
3.66149e+06	0
3.66159e+06	0
3.66169e+06	0
3.66179e+06	0
3.66189e+06	0
3.66199e+06	0
3.66209e+06	0
3.66219e+06	0
3.66229e+06	0
3.66239e+06	0
3.66249e+06	0
3.66259e+06	0
3.66269e+06	0
3.66279e+06	0
3.66289e+06	0
3.66299e+06	0
3.66309e+06	0
3.66319e+06	0
3.66329e+06	0
3.66339e+06	0
3.66349e+06	0
3.66359e+06	0
3.66369e+06	0
3.66379e+06	0
3.66389e+06	0
3.66399e+06	0
3.66409e+06	0
3.66419e+06	0
3.66429e+06	0
3.66439e+06	0
3.66449e+06	0
3.66459e+06	0
3.66469e+06	0
3.66479e+06	0
3.66489e+06	0
3.66499e+06	0
3.66509e+06	0
3.66519e+06	0
3.66529e+06	0
3.66539e+06	0
3.66549e+06	0
3.66559e+06	0
3.66569e+06	0
3.66579e+06	0
3.66589e+06	0
3.66599e+06	0
3.66609e+06	0
3.66619e+06	0
3.66629e+06	0
3.66639e+06	0
3.66649e+06	0
3.66659e+06	0
3.66669e+06	0
3.66679e+06	0
3.66689e+06	0
3.66699e+06	0
3.66709e+06	0
3.66719e+06	0
3.66729e+06	0
3.66739e+06	0
3.66749e+06	0
3.66759e+06	0
3.66769e+06	0
3.66779e+06	0
3.66789e+06	0
3.66799e+06	0
3.66809e+06	0
3.66819e+06	0
3.66829e+06	0
3.66839e+06	0
3.66849e+06	0
3.66859e+06	0
3.66869e+06	0
3.66879e+06	0
3.66889e+06	0
3.66899e+06	0
3.66909e+06	0
3.66919e+06	0
3.66929e+06	0
3.66939e+06	0
3.66949e+06	0
3.66959e+06	0
3.66969e+06	0
3.66979e+06	0
3.66989e+06	0
3.66999e+06	0
3.67009e+06	0
3.67019e+06	0
3.67029e+06	0
3.67039e+06	0
3.67049e+06	0
3.67059e+06	0
3.67069e+06	0
3.67079e+06	0
3.67089e+06	0
3.67099e+06	0
3.67109e+06	0
3.67119e+06	0
3.67129e+06	0
3.67139e+06	0
3.67149e+06	0
3.67159e+06	0
3.67169e+06	0
3.67179e+06	0
3.67189e+06	0
3.67199e+06	0
3.67209e+06	0
3.67219e+06	0
3.67229e+06	0
3.67239e+06	0
3.67249e+06	0
3.67259e+06	0
3.67269e+06	0
3.67279e+06	0
3.67289e+06	0
3.67299e+06	0
3.67309e+06	0
3.67319e+06	0
3.67329e+06	0
3.67339e+06	0
3.67349e+06	0
3.67359e+06	0
3.67369e+06	0
3.67379e+06	0
3.67389e+06	0
3.67399e+06	0
3.67409e+06	0
3.67419e+06	0
3.67429e+06	0
3.67439e+06	0
3.67449e+06	0
3.67459e+06	0
3.67469e+06	0
3.67479e+06	0
3.67489e+06	0
3.67499e+06	0
3.67509e+06	0
3.67519e+06	0
3.67529e+06	0
3.67539e+06	0
3.67549e+06	0
3.67559e+06	0
3.67569e+06	0
3.67579e+06	0
3.67589e+06	0
3.67599e+06	0
3.67609e+06	0
3.67619e+06	0
3.67629e+06	0
3.67639e+06	0
3.67649e+06	0
3.67659e+06	0
3.67669e+06	0
3.67679e+06	0
3.67689e+06	0
3.67699e+06	0
3.67709e+06	0
3.67719e+06	0
3.67729e+06	0
3.67739e+06	0
3.67749e+06	0
3.67759e+06	0
3.67769e+06	0
3.67779e+06	0
3.67789e+06	0
3.67799e+06	0
3.67809e+06	0
3.67819e+06	0
3.67829e+06	0
3.67839e+06	0
3.67849e+06	0
3.67859e+06	0
3.67869e+06	0
3.67879e+06	0
3.67889e+06	0
3.67899e+06	0
3.67909e+06	0
3.67919e+06	0
3.67929e+06	0
3.67939e+06	0
3.67949e+06	0
3.67959e+06	0
3.67969e+06	0
3.67979e+06	0
3.67989e+06	0
3.67999e+06	0
3.68009e+06	0
3.68019e+06	0
3.68029e+06	0
3.68039e+06	0
3.68049e+06	0
3.68059e+06	0
3.68069e+06	0
3.68079e+06	0
3.68089e+06	0
3.68099e+06	0
3.68109e+06	0
3.68119e+06	0
3.68129e+06	0
3.68139e+06	0
3.68149e+06	0
3.68159e+06	0
3.68169e+06	0
3.68179e+06	0
3.68189e+06	0
3.68199e+06	0
3.68209e+06	0
3.68219e+06	0
3.68229e+06	0
3.68239e+06	0
3.68249e+06	0
3.68259e+06	0
3.68269e+06	0
3.68279e+06	0
3.68289e+06	0
3.68299e+06	0
3.68309e+06	0
3.68319e+06	0
3.68329e+06	0
3.68339e+06	0
3.68349e+06	0
3.68359e+06	0
3.68369e+06	0
3.68379e+06	0
3.68389e+06	0
3.68399e+06	0
3.68409e+06	0
3.68419e+06	0
3.68429e+06	0
3.68439e+06	0
3.68449e+06	0
3.68459e+06	0
3.68469e+06	0
3.68479e+06	0
3.68489e+06	0
3.68499e+06	0
3.68509e+06	0
3.68519e+06	0
3.68529e+06	0
3.68539e+06	0
3.68549e+06	0
3.68559e+06	0
3.68569e+06	0
3.68579e+06	0
3.68589e+06	0
3.68599e+06	0
3.68609e+06	0
3.68619e+06	0
3.68629e+06	0
3.68639e+06	0
3.68649e+06	0
3.68659e+06	0
3.68669e+06	0
3.68679e+06	0
3.68689e+06	0
3.68699e+06	0
3.68709e+06	0
3.68719e+06	0
3.68729e+06	0
3.68739e+06	0
3.68749e+06	0
3.68759e+06	0
3.68769e+06	0
3.68779e+06	0
3.68789e+06	0
3.68799e+06	0
3.68809e+06	0
3.68819e+06	0
3.68829e+06	0
3.68839e+06	0
3.68849e+06	0
3.68859e+06	0
3.68869e+06	0
3.68879e+06	0
3.68889e+06	0
3.68899e+06	0
3.68909e+06	0
3.68919e+06	0
3.68929e+06	0
3.68939e+06	0
3.68949e+06	0
3.68959e+06	0
3.68969e+06	0
3.68979e+06	0
3.68989e+06	0
3.68999e+06	0
3.69009e+06	0
3.69019e+06	0
3.69029e+06	0
3.69039e+06	0
3.69049e+06	0
3.69059e+06	0
3.69069e+06	0
3.69079e+06	0
3.69089e+06	0
3.69099e+06	0
3.69109e+06	0
3.69119e+06	0
3.69129e+06	0
3.69139e+06	0
3.69149e+06	0
3.69159e+06	0
3.69169e+06	0
3.69179e+06	0
3.69189e+06	0
3.69199e+06	0
3.69209e+06	0
3.69219e+06	0
3.69229e+06	0
3.69239e+06	0
3.69249e+06	0
3.69259e+06	0
3.69269e+06	0
3.69279e+06	0
3.69289e+06	0
3.69299e+06	0
3.69309e+06	0
3.69319e+06	0
3.69329e+06	0
3.69339e+06	0
3.69349e+06	0
3.69359e+06	0
3.69369e+06	0
3.69379e+06	0
3.69389e+06	0
3.69399e+06	0
3.69409e+06	0
3.69419e+06	0
3.69429e+06	0
3.69439e+06	0
3.69449e+06	0
3.69459e+06	0
3.69469e+06	0
3.69479e+06	0
3.69489e+06	0
3.69499e+06	0
3.69509e+06	0
3.69519e+06	0
3.69529e+06	0
3.69539e+06	0
3.69549e+06	0
3.69559e+06	0
3.69569e+06	0
3.69579e+06	0
3.69589e+06	0
3.69599e+06	0
3.69609e+06	0
3.69619e+06	0
3.69629e+06	0
3.69639e+06	0
3.69649e+06	0
3.69659e+06	0
3.69669e+06	0
3.69679e+06	0
3.69689e+06	0
3.69699e+06	0
3.69709e+06	0
3.69719e+06	0
3.69729e+06	0
3.69739e+06	0
3.69749e+06	0
3.69759e+06	0
3.69769e+06	0
3.69779e+06	0
3.69789e+06	0
3.69799e+06	0
3.69809e+06	0
3.69819e+06	0
3.69829e+06	0
3.69839e+06	0
3.69849e+06	0
3.69859e+06	0
3.69869e+06	0
3.69879e+06	0
3.69889e+06	0
3.69899e+06	0
3.69909e+06	0
3.69919e+06	0
3.69929e+06	0
3.69939e+06	0
3.69949e+06	0
3.69959e+06	0
3.69969e+06	0
3.69979e+06	0
3.69989e+06	0
3.69999e+06	0
3.70009e+06	0
3.70019e+06	0
3.70029e+06	0
3.70039e+06	0
3.70049e+06	0
3.70059e+06	0
3.70069e+06	0
3.70079e+06	0
3.70089e+06	0
3.70099e+06	0
3.70109e+06	0
3.70119e+06	0
3.70129e+06	0
3.70139e+06	0
3.70149e+06	0
3.70159e+06	0
3.70169e+06	0
3.70179e+06	0
3.70189e+06	0
3.70199e+06	0
3.70209e+06	0
3.70219e+06	0
3.70229e+06	0
3.70239e+06	0
3.70249e+06	0
3.70259e+06	0
3.70269e+06	0
3.70279e+06	0
3.70289e+06	0
3.70299e+06	0
3.70309e+06	0
3.70319e+06	0
3.70329e+06	0
3.70339e+06	0
3.70349e+06	0
3.70359e+06	0
3.70369e+06	0
3.70379e+06	0
3.70389e+06	0
3.70399e+06	0
3.70409e+06	0
3.70419e+06	0
3.70429e+06	0
3.70439e+06	0
3.70449e+06	0
3.70459e+06	0
3.70469e+06	0
3.70479e+06	0
3.70489e+06	0
3.70499e+06	0
3.70509e+06	0
3.70519e+06	0
3.70529e+06	0
3.70539e+06	0
3.70549e+06	0
3.70559e+06	0
3.70569e+06	0
3.70579e+06	0
3.70589e+06	0
3.70599e+06	0
3.70609e+06	0
3.70619e+06	0
3.70629e+06	0
3.70639e+06	0
3.70649e+06	0
3.70659e+06	0
3.70669e+06	0
3.70679e+06	0
3.70689e+06	0
3.70699e+06	0
3.70709e+06	0
3.70719e+06	0
3.70729e+06	0
3.70739e+06	0
3.70749e+06	0
3.70759e+06	0
3.70769e+06	0
3.70779e+06	0
3.70789e+06	0
3.70799e+06	0
3.70809e+06	0
3.70819e+06	0
3.70829e+06	0
3.70839e+06	0
3.70849e+06	0
3.70859e+06	0
3.70869e+06	0
3.70879e+06	0
3.70889e+06	0
3.70899e+06	0
3.70909e+06	0
3.70919e+06	0
3.70929e+06	0
3.70939e+06	0
3.70949e+06	0
3.70959e+06	0
3.70969e+06	0
3.70979e+06	0
3.70989e+06	0
3.70999e+06	0
3.71009e+06	0
3.71019e+06	0
3.71029e+06	0
3.71039e+06	0
3.71049e+06	0
3.71059e+06	0
3.71069e+06	0
3.71079e+06	0
3.71089e+06	0
3.71099e+06	0
3.71109e+06	0
3.71119e+06	0
3.71129e+06	0
3.71139e+06	0
3.71149e+06	0
3.71159e+06	0
3.71169e+06	0
3.71179e+06	0
3.71189e+06	0
3.71199e+06	0
3.71209e+06	0
3.71219e+06	0
3.71229e+06	0
3.71239e+06	0
3.71249e+06	0
3.71259e+06	0
3.71269e+06	0
3.71279e+06	0
3.71289e+06	0
3.71299e+06	0
3.71309e+06	0
3.71319e+06	0
3.71329e+06	0
3.71339e+06	0
3.71349e+06	0
3.71359e+06	0
3.71369e+06	0
3.71379e+06	0
3.71389e+06	0
3.71399e+06	0
3.71409e+06	0
3.71419e+06	0
3.71429e+06	0
3.71439e+06	0
3.71449e+06	0
3.71459e+06	0
3.71469e+06	0
3.71479e+06	0
3.71489e+06	0
3.71499e+06	0
3.71509e+06	0
3.71519e+06	0
3.71529e+06	0
3.71539e+06	0
3.71549e+06	0
3.71559e+06	0
3.71569e+06	0
3.71579e+06	0
3.71589e+06	0
3.71599e+06	0
3.71609e+06	0
3.71619e+06	0
3.71629e+06	0
3.71639e+06	0
3.71649e+06	0
3.71659e+06	0
3.71669e+06	0
3.71679e+06	0
3.71689e+06	0
3.71699e+06	0
3.71709e+06	0
3.71719e+06	0
3.71729e+06	0
3.71739e+06	0
3.71749e+06	0
3.71759e+06	0
3.71769e+06	0
3.71779e+06	0
3.71789e+06	0
3.71799e+06	0
3.71809e+06	0
3.71819e+06	0
3.71829e+06	0
3.71839e+06	0
3.71849e+06	0
3.71859e+06	0
3.71869e+06	0
3.71879e+06	0
3.71889e+06	0
3.71899e+06	0
3.71909e+06	0
3.71919e+06	0
3.71929e+06	0
3.71939e+06	0
3.71949e+06	0
3.71959e+06	0
3.71969e+06	0
3.71979e+06	0
3.71989e+06	0
3.71999e+06	0
3.72009e+06	0
3.72019e+06	0
3.72029e+06	0
3.72039e+06	0
3.72049e+06	0
3.72059e+06	0
3.72069e+06	0
3.72079e+06	0
3.72089e+06	0
3.72099e+06	0
3.72109e+06	0
3.72119e+06	0
3.72129e+06	0
3.72139e+06	0
3.72149e+06	0
3.72159e+06	0
3.72169e+06	0
3.72179e+06	0
3.72189e+06	0
3.72199e+06	0
3.72209e+06	0
3.72219e+06	0
3.72229e+06	0
3.72239e+06	0
3.72249e+06	0
3.72259e+06	0
3.72269e+06	0
3.72279e+06	0
3.72289e+06	0
3.72299e+06	0
3.72309e+06	0
3.72319e+06	0
3.72329e+06	0
3.72339e+06	0
3.72349e+06	0
3.72359e+06	0
3.72369e+06	0
3.72379e+06	0
3.72389e+06	0
3.72399e+06	0
3.72409e+06	0
3.72419e+06	0
3.72429e+06	0
3.72439e+06	0
3.72449e+06	0
3.72459e+06	0
3.72469e+06	0
3.72479e+06	0
3.72489e+06	0
3.72499e+06	0
3.72509e+06	0
3.72519e+06	0
3.72529e+06	0
3.72539e+06	0
3.72549e+06	0
3.72559e+06	0
3.72569e+06	0
3.72579e+06	0
3.72589e+06	0
3.72599e+06	0
3.72609e+06	0
3.72619e+06	0
3.72629e+06	0
3.72639e+06	0
3.72649e+06	0
3.72659e+06	0
3.72669e+06	0
3.72679e+06	0
3.72689e+06	0
3.72699e+06	0
3.72709e+06	0
3.72719e+06	0
3.72729e+06	0
3.72739e+06	0
3.72749e+06	0
3.72759e+06	0
3.72769e+06	0
3.72779e+06	0
3.72789e+06	0
3.72799e+06	0
3.72809e+06	0
3.72819e+06	0
3.72829e+06	0
3.72839e+06	0
3.72849e+06	0
3.72859e+06	0
3.72869e+06	0
3.72879e+06	0
3.72889e+06	0
3.72899e+06	0
3.72909e+06	0
3.72919e+06	0
3.72929e+06	0
3.72939e+06	0
3.72949e+06	0
3.72959e+06	0
3.72969e+06	0
3.72979e+06	0
3.72989e+06	0
3.72999e+06	0
3.73009e+06	0
3.73019e+06	0
3.73029e+06	0
3.73039e+06	0
3.73049e+06	0
3.73059e+06	0
3.73069e+06	0
3.73079e+06	0
3.73089e+06	0
3.73099e+06	0
3.73109e+06	0
3.73119e+06	0
3.73129e+06	0
3.73139e+06	0
3.73149e+06	0
3.73159e+06	0
3.73169e+06	0
3.73179e+06	0
3.73189e+06	0
3.73199e+06	0
3.73209e+06	0
3.73219e+06	0
3.73229e+06	0
3.73239e+06	0
3.73249e+06	0
3.73259e+06	0
3.73269e+06	0
3.73279e+06	0
3.73289e+06	0
3.73299e+06	0
3.73309e+06	0
3.73319e+06	0
3.73329e+06	0
3.73339e+06	0
3.73349e+06	0
3.73359e+06	0
3.73369e+06	0
3.73379e+06	0
3.73389e+06	0
3.73399e+06	0
3.73409e+06	0
3.73419e+06	0
3.73429e+06	0
3.73439e+06	0
3.73449e+06	0
3.73459e+06	0
3.73469e+06	0
3.73479e+06	0
3.73489e+06	0
3.73499e+06	0
3.73509e+06	0
3.73519e+06	0
3.73529e+06	0
3.73539e+06	0
3.73549e+06	0
3.73559e+06	0
3.73569e+06	0
3.73579e+06	0
3.73589e+06	0
3.73599e+06	0
3.73609e+06	0
3.73619e+06	0
3.73629e+06	0
3.73639e+06	0
3.73649e+06	0
3.73659e+06	0
3.73669e+06	0
3.73679e+06	0
3.73689e+06	0
3.73699e+06	0
3.73709e+06	0
3.73719e+06	0
3.73729e+06	0
3.73739e+06	0
3.73749e+06	0
3.73759e+06	0
3.73769e+06	0
3.73779e+06	0
3.73789e+06	0
3.73799e+06	0
3.73809e+06	0
3.73819e+06	0
3.73829e+06	0
3.73839e+06	0
3.73849e+06	0
3.73859e+06	0
3.73869e+06	0
3.73879e+06	0
3.73889e+06	0
3.73899e+06	0
3.73909e+06	0
3.73919e+06	0
3.73929e+06	0
3.73939e+06	0
3.73949e+06	0
3.73959e+06	0
3.73969e+06	0
3.73979e+06	0
3.73989e+06	0
3.73999e+06	0
3.74009e+06	0
3.74019e+06	0
3.74029e+06	0
3.74039e+06	0
3.74049e+06	0
3.74059e+06	0
3.74069e+06	0
3.74079e+06	0
3.74089e+06	0
3.74099e+06	0
3.74109e+06	0
3.74119e+06	0
3.74129e+06	0
3.74139e+06	0
3.74149e+06	0
3.74159e+06	0
3.74169e+06	0
3.74179e+06	0
3.74189e+06	0
3.74199e+06	0
3.74209e+06	0
3.74219e+06	0
3.74229e+06	0
3.74239e+06	0
3.74249e+06	0
3.74259e+06	0
3.74269e+06	0
3.74279e+06	0
3.74289e+06	0
3.74299e+06	0
3.74309e+06	0
3.74319e+06	0
3.74329e+06	0
3.74339e+06	0
3.74349e+06	0
3.74359e+06	0
3.74369e+06	0
3.74379e+06	0
3.74389e+06	0
3.74399e+06	0
3.74409e+06	0
3.74419e+06	0
3.74429e+06	0
3.74439e+06	0
3.74449e+06	0
3.74459e+06	0
3.74469e+06	0
3.74479e+06	0
3.74489e+06	0
3.74499e+06	0
3.74509e+06	0
3.74519e+06	0
3.74529e+06	0
3.74539e+06	0
3.74549e+06	0
3.74559e+06	0
3.74569e+06	0
3.74579e+06	0
3.74589e+06	0
3.74599e+06	0
3.74609e+06	0
3.74619e+06	0
3.74629e+06	0
3.74639e+06	0
3.74649e+06	0
3.74659e+06	0
3.74669e+06	0
3.74679e+06	0
3.74689e+06	0
3.74699e+06	0
3.74709e+06	0
3.74719e+06	0
3.74729e+06	0
3.74739e+06	0
3.74749e+06	0
3.74759e+06	0
3.74769e+06	0
3.74779e+06	0
3.74789e+06	0
3.74799e+06	0
3.74809e+06	0
3.74819e+06	0
3.74829e+06	0
3.74839e+06	0
3.74849e+06	0
3.74859e+06	0
3.74869e+06	0
3.74879e+06	0
3.74889e+06	0
3.74899e+06	0
3.74909e+06	0
3.74919e+06	0
3.74929e+06	0
3.74939e+06	0
3.74949e+06	0
3.74959e+06	0
3.74969e+06	0
3.74979e+06	0
3.74989e+06	0
3.74999e+06	0
3.75009e+06	0
3.75019e+06	0
3.75029e+06	0
3.75039e+06	0
3.75049e+06	0
3.75059e+06	0
3.75069e+06	0
3.75079e+06	0
3.75089e+06	0
3.75099e+06	0
3.75109e+06	0
3.75119e+06	0
3.75129e+06	0
3.75139e+06	0
3.75149e+06	0
3.75159e+06	0
3.75169e+06	0
3.75179e+06	0
3.75189e+06	0
3.75199e+06	0
3.75209e+06	0
3.75219e+06	0
3.75229e+06	0
3.75239e+06	0
3.75249e+06	0
3.75259e+06	0
3.75269e+06	0
3.75279e+06	0
3.75289e+06	0
3.75299e+06	0
3.75309e+06	0
3.75319e+06	0
3.75329e+06	0
3.75339e+06	0
3.75349e+06	0
3.75359e+06	0
3.75369e+06	0
3.75379e+06	0
3.75389e+06	0
3.75399e+06	0
3.75409e+06	0
3.75419e+06	0
3.75429e+06	0
3.75439e+06	0
3.75449e+06	0
3.75459e+06	0
3.75469e+06	0
3.75479e+06	0
3.75489e+06	0
3.75499e+06	0
3.75509e+06	0
3.75519e+06	0
3.75529e+06	0
3.75539e+06	0
3.75549e+06	0
3.75559e+06	0
3.75569e+06	0
3.75579e+06	0
3.75589e+06	0
3.75599e+06	0
3.75609e+06	0
3.75619e+06	0
3.75629e+06	0
3.75639e+06	0
3.75649e+06	0
3.75659e+06	0
3.75669e+06	0
3.75679e+06	0
3.75689e+06	0
3.75699e+06	0
3.75709e+06	0
3.75719e+06	0
3.75729e+06	0
3.75739e+06	0
3.75749e+06	0
3.75759e+06	0
3.75769e+06	0
3.75779e+06	0
3.75789e+06	0
3.75799e+06	0
3.75809e+06	0
3.75819e+06	0
3.75829e+06	0
3.75839e+06	0
3.75849e+06	0
3.75859e+06	0
3.75869e+06	0
3.75879e+06	0
3.75889e+06	0
3.75899e+06	0
3.75909e+06	0
3.75919e+06	0
3.75929e+06	0
3.75939e+06	0
3.75949e+06	0
3.75959e+06	0
3.75969e+06	0
3.75979e+06	0
3.75989e+06	0
3.75999e+06	0
3.76009e+06	0
3.76019e+06	0
3.76029e+06	0
3.76039e+06	0
3.76049e+06	0
3.76059e+06	0
3.76069e+06	0
3.76079e+06	0
3.76089e+06	0
3.76099e+06	0
3.76109e+06	0
3.76119e+06	0
3.76129e+06	0
3.76139e+06	0
3.76149e+06	0
3.76159e+06	0
3.76169e+06	0
3.76179e+06	0
3.76189e+06	0
3.76199e+06	0
3.76209e+06	0
3.76219e+06	0
3.76229e+06	0
3.76239e+06	0
3.76249e+06	0
3.76259e+06	0
3.76269e+06	0
3.76279e+06	0
3.76289e+06	0
3.76299e+06	0
3.76309e+06	0
3.76319e+06	0
3.76329e+06	0
3.76339e+06	0
3.76349e+06	0
3.76359e+06	0
3.76369e+06	0
3.76379e+06	0
3.76389e+06	0
3.76399e+06	0
3.76409e+06	0
3.76419e+06	0
3.76429e+06	0
3.76439e+06	0
3.76449e+06	0
3.76459e+06	0
3.76469e+06	0
3.76479e+06	0
3.76489e+06	0
3.76499e+06	0
3.76509e+06	0
3.76519e+06	0
3.76529e+06	0
3.76539e+06	0
3.76549e+06	0
3.76559e+06	0
3.76569e+06	0
3.76579e+06	0
3.76589e+06	0
3.76599e+06	0
3.76609e+06	0
3.76619e+06	0
3.76629e+06	0
3.76639e+06	0
3.76649e+06	0
3.76659e+06	0
3.76669e+06	0
3.76679e+06	0
3.76689e+06	0
3.76699e+06	0
3.76709e+06	0
3.76719e+06	0
3.76729e+06	0
3.76739e+06	0
3.76749e+06	0
3.76759e+06	0
3.76769e+06	0
3.76779e+06	0
3.76789e+06	0
3.76799e+06	0
3.76809e+06	0
3.76819e+06	0
3.76829e+06	0
3.76839e+06	0
3.76849e+06	0
3.76859e+06	0
3.76869e+06	0
3.76879e+06	0
3.76889e+06	0
3.76899e+06	0
3.76909e+06	0
3.76919e+06	0
3.76929e+06	0
3.76939e+06	0
3.76949e+06	0
3.76959e+06	0
3.76969e+06	0
3.76979e+06	0
3.76989e+06	0
3.76999e+06	0
3.77009e+06	0
3.77019e+06	0
3.77029e+06	0
3.77039e+06	0
3.77049e+06	0
3.77059e+06	0
3.77069e+06	0
3.77079e+06	0
3.77089e+06	0
3.77099e+06	0
3.77109e+06	0
3.77119e+06	0
3.77129e+06	0
3.77139e+06	0
3.77149e+06	0
3.77159e+06	0
3.77169e+06	0
3.77179e+06	0
3.77189e+06	0
3.77199e+06	0
3.77209e+06	0
3.77219e+06	0
3.77229e+06	0
3.77239e+06	0
3.77249e+06	0
3.77259e+06	0
3.77269e+06	0
3.77279e+06	0
3.77289e+06	0
3.77299e+06	0
3.77309e+06	0
3.77319e+06	0
3.77329e+06	0
3.77339e+06	0
3.77349e+06	0
3.77359e+06	0
3.77369e+06	0
3.77379e+06	0
3.77389e+06	0
3.77399e+06	0
3.77409e+06	0
3.77419e+06	0
3.77429e+06	0
3.77439e+06	0
3.77449e+06	0
3.77459e+06	0
3.77469e+06	0
3.77479e+06	0
3.77489e+06	0
3.77499e+06	0
3.77509e+06	0
3.77519e+06	0
3.77529e+06	0
3.77539e+06	0
3.77549e+06	0
3.77559e+06	0
3.77569e+06	0
3.77579e+06	0
3.77589e+06	0
3.77599e+06	0
3.77609e+06	0
3.77619e+06	0
3.77629e+06	0
3.77639e+06	0
3.77649e+06	0
3.77659e+06	0
3.77669e+06	0
3.77679e+06	0
3.77689e+06	0
3.77699e+06	0
3.77709e+06	0
3.77719e+06	0
3.77729e+06	0
3.77739e+06	0
3.77749e+06	0
3.77759e+06	0
3.77769e+06	0
3.77779e+06	0
3.77789e+06	0
3.77799e+06	0
3.77809e+06	0
3.77819e+06	0
3.77829e+06	0
3.77839e+06	0
3.77849e+06	0
3.77859e+06	0
3.77869e+06	0
3.77879e+06	0
3.77889e+06	0
3.77899e+06	0
3.77909e+06	0
3.77919e+06	0
3.77929e+06	0
3.77939e+06	0
3.77949e+06	0
3.77959e+06	0
3.77969e+06	0
3.77979e+06	0
3.77989e+06	0
3.77999e+06	0
3.78009e+06	0
3.78019e+06	0
3.78029e+06	0
3.78039e+06	0
3.78049e+06	0
3.78059e+06	0
3.78069e+06	0
3.78079e+06	0
3.78089e+06	0
3.78099e+06	0
3.78109e+06	0
3.78119e+06	0
3.78129e+06	0
3.78139e+06	0
3.78149e+06	0
3.78159e+06	0
3.78169e+06	0
3.78179e+06	0
3.78189e+06	0
3.78199e+06	0
3.78209e+06	0
3.78219e+06	0
3.78229e+06	0
3.78239e+06	0
3.78249e+06	0
3.78259e+06	0
3.78269e+06	0
3.78279e+06	0
3.78289e+06	0
3.78299e+06	0
3.78309e+06	0
3.78319e+06	0
3.78329e+06	0
3.78339e+06	0
3.78349e+06	0
3.78359e+06	0
3.78369e+06	0
3.78379e+06	0
3.78389e+06	0
3.78399e+06	0
3.78409e+06	0
3.78419e+06	0
3.78429e+06	0
3.78439e+06	0
3.78449e+06	0
3.78459e+06	0
3.78469e+06	0
3.78479e+06	0
3.78489e+06	0
3.78499e+06	0
3.78509e+06	0
3.78519e+06	0
3.78529e+06	0
3.78539e+06	0
3.78549e+06	0
3.78559e+06	0
3.78569e+06	0
3.78579e+06	0
3.78589e+06	0
3.78599e+06	0
3.78609e+06	0
3.78619e+06	0
3.78629e+06	0
3.78639e+06	0
3.78649e+06	0
3.78659e+06	0
3.78669e+06	0
3.78679e+06	0
3.78689e+06	0
3.78699e+06	0
3.78709e+06	0
3.78719e+06	0
3.78729e+06	0
3.78739e+06	0
3.78749e+06	0
3.78759e+06	0
3.78769e+06	0
3.78779e+06	0
3.78789e+06	0
3.78799e+06	0
3.78809e+06	0
3.78819e+06	0
3.78829e+06	0
3.78839e+06	0
3.78849e+06	0
3.78859e+06	0
3.78869e+06	0
3.78879e+06	0
3.78889e+06	0
3.78899e+06	0
3.78909e+06	0
3.78919e+06	0
3.78929e+06	0
3.78939e+06	0
3.78949e+06	0
3.78959e+06	0
3.78969e+06	0
3.78979e+06	0
3.78989e+06	0
3.78999e+06	0
3.79009e+06	0
3.79019e+06	0
3.79029e+06	0
3.79039e+06	0
3.79049e+06	0
3.79059e+06	0
3.79069e+06	0
3.79079e+06	0
3.79089e+06	0
3.79099e+06	0
3.79109e+06	0
3.79119e+06	0
3.79129e+06	0
3.79139e+06	0
3.79149e+06	0
3.79159e+06	0
3.79169e+06	0
3.79179e+06	0
3.79189e+06	0
3.79199e+06	0
3.79209e+06	0
3.79219e+06	0
3.79229e+06	0
3.79239e+06	0
3.79249e+06	0
3.79259e+06	0
3.79269e+06	0
3.79279e+06	0
3.79289e+06	0
3.79299e+06	0
3.79309e+06	0
3.79319e+06	0
3.79329e+06	0
3.79339e+06	0
3.79349e+06	0
3.79359e+06	0
3.79369e+06	0
3.79379e+06	0
3.79389e+06	0
3.79399e+06	0
3.79409e+06	0
3.79419e+06	0
3.79429e+06	0
3.79439e+06	0
3.79449e+06	0
3.79459e+06	0
3.79469e+06	0
3.79479e+06	0
3.79489e+06	0
3.79499e+06	0
3.79509e+06	0
3.79519e+06	0
3.79529e+06	0
3.79539e+06	0
3.79549e+06	0
3.79559e+06	0
3.79569e+06	0
3.79579e+06	0
3.79589e+06	0
3.79599e+06	0
3.79609e+06	0
3.79619e+06	0
3.79629e+06	0
3.79639e+06	0
3.79649e+06	0
3.79659e+06	0
3.79669e+06	0
3.79679e+06	0
3.79689e+06	0
3.79699e+06	0
3.79709e+06	0
3.79719e+06	0
3.79729e+06	0
3.79739e+06	0
3.79749e+06	0
3.79759e+06	0
3.79769e+06	0
3.79779e+06	0
3.79789e+06	0
3.79799e+06	0
3.79809e+06	0
3.79819e+06	0
3.79829e+06	0
3.79839e+06	0
3.79849e+06	0
3.79859e+06	0
3.79869e+06	0
3.79879e+06	0
3.79889e+06	0
3.79899e+06	0
3.79909e+06	0
3.79919e+06	0
3.79929e+06	0
3.79939e+06	0
3.79949e+06	0
3.79959e+06	0
3.79969e+06	0
3.79979e+06	0
3.79989e+06	0
3.79999e+06	0
3.80009e+06	0
3.80019e+06	0
3.80029e+06	0
3.80039e+06	0
3.80049e+06	0
3.80059e+06	0
3.80069e+06	0
3.80079e+06	0
3.80089e+06	0
3.80099e+06	0
3.80109e+06	0
3.80119e+06	0
3.80129e+06	0
3.80139e+06	0
3.80149e+06	0
3.80159e+06	0
3.80169e+06	0
3.80179e+06	0
3.80189e+06	0
3.80199e+06	0
3.80209e+06	0
3.80219e+06	0
3.80229e+06	0
3.80239e+06	0
3.80249e+06	0
3.80259e+06	0
3.80269e+06	0
3.80279e+06	0
3.80289e+06	0
3.80299e+06	0
3.80309e+06	0
3.80319e+06	0
3.80329e+06	0
3.80339e+06	0
3.80349e+06	0
3.80359e+06	0
3.80369e+06	0
3.80379e+06	0
3.80389e+06	0
3.80399e+06	0
3.80409e+06	0
3.80419e+06	0
3.80429e+06	0
3.80439e+06	0
3.80449e+06	0
3.80459e+06	0
3.80469e+06	0
3.80479e+06	0
3.80489e+06	0
3.80499e+06	0
3.80509e+06	0
3.80519e+06	0
3.80529e+06	0
3.80539e+06	0
3.80549e+06	0
3.80559e+06	0
3.80569e+06	0
3.80579e+06	0
3.80589e+06	0
3.80599e+06	0
3.80609e+06	0
3.80619e+06	0
3.80629e+06	0
3.80639e+06	0
3.80649e+06	0
3.80659e+06	0
3.80669e+06	0
3.80679e+06	0
3.80689e+06	0
3.80699e+06	0
3.80709e+06	0
3.80719e+06	0
3.80729e+06	0
3.80739e+06	0
3.80749e+06	0
3.80759e+06	0
3.80769e+06	0
3.80779e+06	0
3.80789e+06	0
3.80799e+06	0
3.80809e+06	0
3.80819e+06	0
3.80829e+06	0
3.80839e+06	0
3.80849e+06	0
3.80859e+06	0
3.80869e+06	0
3.80879e+06	0
3.80889e+06	0
3.80899e+06	0
3.80909e+06	0
3.80919e+06	0
3.80929e+06	0
3.80939e+06	0
3.80949e+06	0
3.80959e+06	0
3.80969e+06	0
3.80979e+06	0
3.80989e+06	0
3.80999e+06	0
3.81009e+06	0
3.81019e+06	0
3.81029e+06	0
3.81039e+06	0
3.81049e+06	0
3.81059e+06	0
3.81069e+06	0
3.81079e+06	0
3.81089e+06	0
3.81099e+06	0
3.81109e+06	0
3.81119e+06	0
3.81129e+06	0
3.81139e+06	0
3.81149e+06	0
3.81159e+06	0
3.81169e+06	0
3.81179e+06	0
3.81189e+06	0
3.81199e+06	0
3.81209e+06	0
3.81219e+06	0
3.81229e+06	0
3.81239e+06	0
3.81249e+06	0
3.81259e+06	0
3.81269e+06	0
3.81279e+06	0
3.81289e+06	0
3.81299e+06	0
3.81309e+06	0
3.81319e+06	0
3.81329e+06	0
3.81339e+06	0
3.81349e+06	0
3.81359e+06	0
3.81369e+06	0
3.81379e+06	0
3.81389e+06	0
3.81399e+06	0
3.81409e+06	0
3.81419e+06	0
3.81429e+06	0
3.81439e+06	0
3.81449e+06	0
3.81459e+06	0
3.81469e+06	0
3.81479e+06	0
3.81489e+06	0
3.81499e+06	0
3.81509e+06	0
3.81519e+06	0
3.81529e+06	0
3.81539e+06	0
3.81549e+06	0
3.81559e+06	0
3.81569e+06	0
3.81579e+06	0
3.81589e+06	0
3.81599e+06	0
3.81609e+06	0
3.81619e+06	0
3.81629e+06	0
3.81639e+06	0
3.81649e+06	0
3.81659e+06	0
3.81669e+06	0
3.81679e+06	0
3.81689e+06	0
3.81699e+06	0
3.81709e+06	0
3.81719e+06	0
3.81729e+06	0
3.81739e+06	0
3.81749e+06	0
3.81759e+06	0
3.81769e+06	0
3.81779e+06	0
3.81789e+06	0
3.81799e+06	0
3.81809e+06	0
3.81819e+06	0
3.81829e+06	0
3.81839e+06	0
3.81849e+06	0
3.81859e+06	0
3.81869e+06	0
3.81879e+06	0
3.81889e+06	0
3.81899e+06	0
3.81909e+06	0
3.81919e+06	0
3.81929e+06	0
3.81939e+06	0
3.81949e+06	0
3.81959e+06	0
3.81969e+06	0
3.81979e+06	0
3.81989e+06	0
3.81999e+06	0
3.82009e+06	0
3.82019e+06	0
3.82029e+06	0
3.82039e+06	0
3.82049e+06	0
3.82059e+06	0
3.82069e+06	0
3.82079e+06	0
3.82089e+06	0
3.82099e+06	0
3.82109e+06	0
3.82119e+06	0
3.82129e+06	0
3.82139e+06	0
3.82149e+06	0
3.82159e+06	0
3.82169e+06	0
3.82179e+06	0
3.82189e+06	0
3.82199e+06	0
3.82209e+06	0
3.82219e+06	0
3.82229e+06	0
3.82239e+06	0
3.82249e+06	0
3.82259e+06	0
3.82269e+06	0
3.82279e+06	0
3.82289e+06	0
3.82299e+06	0
3.82309e+06	0
3.82319e+06	0
3.82329e+06	0
3.82339e+06	0
3.82349e+06	0
3.82359e+06	0
3.82369e+06	0
3.82379e+06	0
3.82389e+06	0
3.82399e+06	0
3.82409e+06	0
3.82419e+06	0
3.82429e+06	0
3.82439e+06	0
3.82449e+06	0
3.82459e+06	0
3.82469e+06	0
3.82479e+06	0
3.82489e+06	0
3.82499e+06	0
3.82509e+06	0
3.82519e+06	0
3.82529e+06	0
3.82539e+06	0
3.82549e+06	0
3.82559e+06	0
3.82569e+06	0
3.82579e+06	0
3.82589e+06	0
3.82599e+06	0
3.82609e+06	0
3.82619e+06	0
3.82629e+06	0
3.82639e+06	0
3.82649e+06	0
3.82659e+06	0
3.82669e+06	0
3.82679e+06	0
3.82689e+06	0
3.82699e+06	0
3.82709e+06	0
3.82719e+06	0
3.82729e+06	0
3.82739e+06	0
3.82749e+06	0
3.82759e+06	0
3.82769e+06	0
3.82779e+06	0
3.82789e+06	0
3.82799e+06	0
3.82809e+06	0
3.82819e+06	0
3.82829e+06	0
3.82839e+06	0
3.82849e+06	0
3.82859e+06	0
3.82869e+06	0
3.82879e+06	0
3.82889e+06	0
3.82899e+06	0
3.82909e+06	0
3.82919e+06	0
3.82929e+06	0
3.82939e+06	0
3.82949e+06	0
3.82959e+06	0
3.82969e+06	0
3.82979e+06	0
3.82989e+06	0
3.82999e+06	0
3.83009e+06	0
3.83019e+06	0
3.83029e+06	0
3.83039e+06	0
3.83049e+06	0
3.83059e+06	0
3.83069e+06	0
3.83079e+06	0
3.83089e+06	0
3.83099e+06	0
3.83109e+06	0
3.83119e+06	0
3.83129e+06	0
3.83139e+06	0
3.83149e+06	0
3.83159e+06	0
3.83169e+06	0
3.83179e+06	0
3.83189e+06	0
3.83199e+06	0
3.83209e+06	0
3.83219e+06	0
3.83229e+06	0
3.83239e+06	0
3.83249e+06	0
3.83259e+06	0
3.83269e+06	0
3.83279e+06	0
3.83289e+06	0
3.83299e+06	0
3.83309e+06	0
3.83319e+06	0
3.83329e+06	0
3.83339e+06	0
3.83349e+06	0
3.83359e+06	0
3.83369e+06	0
3.83379e+06	0
3.83389e+06	0
3.83399e+06	0
3.83409e+06	0
3.83419e+06	0
3.83429e+06	0
3.83439e+06	0
3.83449e+06	0
3.83459e+06	0
3.83469e+06	0
3.83479e+06	0
3.83489e+06	0
3.83499e+06	0
3.83509e+06	0
3.83519e+06	0
3.83529e+06	0
3.83539e+06	0
3.83549e+06	0
3.83559e+06	0
3.83569e+06	0
3.83579e+06	0
3.83589e+06	0
3.83599e+06	0
3.83609e+06	0
3.83619e+06	0
3.83629e+06	0
3.83639e+06	0
3.83649e+06	0
3.83659e+06	0
3.83669e+06	0
3.83679e+06	0
3.83689e+06	0
3.83699e+06	0
3.83709e+06	0
3.83719e+06	0
3.83729e+06	0
3.83739e+06	0
3.83749e+06	0
3.83759e+06	0
3.83769e+06	0
3.83779e+06	0
3.83789e+06	0
3.83799e+06	0
3.83809e+06	0
3.83819e+06	0
3.83829e+06	0
3.83839e+06	0
3.83849e+06	0
3.83859e+06	0
3.83869e+06	0
3.83879e+06	0
3.83889e+06	0
3.83899e+06	0
3.83909e+06	0
3.83919e+06	0
3.83929e+06	0
3.83939e+06	0
3.83949e+06	0
3.83959e+06	0
3.83969e+06	0
3.83979e+06	0
3.83989e+06	0
3.83999e+06	0
3.84009e+06	0
3.84019e+06	0
3.84029e+06	0
3.84039e+06	0
3.84049e+06	0
3.84059e+06	0
3.84069e+06	0
3.84079e+06	0
3.84089e+06	0
3.84099e+06	0
3.84109e+06	0
3.84119e+06	0
3.84129e+06	0
3.84139e+06	0
3.84149e+06	0
3.84159e+06	0
3.84169e+06	0
3.84179e+06	0
3.84189e+06	0
3.84199e+06	0
3.84209e+06	0
3.84219e+06	0
3.84229e+06	0
3.84239e+06	0
3.84249e+06	0
3.84259e+06	0
3.84269e+06	0
3.84279e+06	0
3.84289e+06	0
3.84299e+06	0
3.84309e+06	0
3.84319e+06	0
3.84329e+06	0
3.84339e+06	0
3.84349e+06	0
3.84359e+06	0
3.84369e+06	0
3.84379e+06	0
3.84389e+06	0
3.84399e+06	0
3.84409e+06	0
3.84419e+06	0
3.84429e+06	0
3.84439e+06	0
3.84449e+06	0
3.84459e+06	0
3.84469e+06	0
3.84479e+06	0
3.84489e+06	0
3.84499e+06	0
3.84509e+06	0
3.84519e+06	0
3.84529e+06	0
3.84539e+06	0
3.84549e+06	0
3.84559e+06	0
3.84569e+06	0
3.84579e+06	0
3.84589e+06	0
3.84599e+06	0
3.84609e+06	0
3.84619e+06	0
3.84629e+06	0
3.84639e+06	0
3.84649e+06	0
3.84659e+06	0
3.84669e+06	0
3.84679e+06	0
3.84689e+06	0
3.84699e+06	0
3.84709e+06	0
3.84719e+06	0
3.84729e+06	0
3.84739e+06	0
3.84749e+06	0
3.84759e+06	0
3.84769e+06	0
3.84779e+06	0
3.84789e+06	0
3.84799e+06	0
3.84809e+06	0
3.84819e+06	0
3.84829e+06	0
3.84839e+06	0
3.84849e+06	0
3.84859e+06	0
3.84869e+06	0
3.84879e+06	0
3.84889e+06	0
3.84899e+06	0
3.84909e+06	0
3.84919e+06	0
3.84929e+06	0
3.84939e+06	0
3.84949e+06	0
3.84959e+06	0
3.84969e+06	0
3.84979e+06	0
3.84989e+06	0
3.84999e+06	0
3.85009e+06	0
3.85019e+06	0
3.85029e+06	0
3.85039e+06	0
3.85049e+06	0
3.85059e+06	0
3.85069e+06	0
3.85079e+06	0
3.85089e+06	0
3.85099e+06	0
3.85109e+06	0
3.85119e+06	0
3.85129e+06	0
3.85139e+06	0
3.85149e+06	0
3.85159e+06	0
3.85169e+06	0
3.85179e+06	0
3.85189e+06	0
3.85199e+06	0
3.85209e+06	0
3.85219e+06	0
3.85229e+06	0
3.85239e+06	0
3.85249e+06	0
3.85259e+06	0
3.85269e+06	0
3.85279e+06	0
3.85289e+06	0
3.85299e+06	0
3.85309e+06	0
3.85319e+06	0
3.85329e+06	0
3.85339e+06	0
3.85349e+06	0
3.85359e+06	0
3.85369e+06	0
3.85379e+06	0
3.85389e+06	0
3.85399e+06	0
3.85409e+06	0
3.85419e+06	0
3.85429e+06	0
3.85439e+06	0
3.85449e+06	0
3.85459e+06	0
3.85469e+06	0
3.85479e+06	0
3.85489e+06	0
3.85499e+06	0
3.85509e+06	0
3.85519e+06	0
3.85529e+06	0
3.85539e+06	0
3.85549e+06	0
3.85559e+06	0
3.85569e+06	0
3.85579e+06	0
3.85589e+06	0
3.85599e+06	0
3.85609e+06	0
3.85619e+06	0
3.85629e+06	0
3.85639e+06	0
3.85649e+06	0
3.85659e+06	0
3.85669e+06	0
3.85679e+06	0
3.85689e+06	0
3.85699e+06	0
3.85709e+06	0
3.85719e+06	0
3.85729e+06	0
3.85739e+06	0
3.85749e+06	0
3.85759e+06	0
3.85769e+06	0
3.85779e+06	0
3.85789e+06	0
3.85799e+06	0
3.85809e+06	0
3.85819e+06	0
3.85829e+06	0
3.85839e+06	0
3.85849e+06	0
3.85859e+06	0
3.85869e+06	0
3.85879e+06	0
3.85889e+06	0
3.85899e+06	0
3.85909e+06	0
3.85919e+06	0
3.85929e+06	0
3.85939e+06	0
3.85949e+06	0
3.85959e+06	0
3.85969e+06	0
3.85979e+06	0
3.85989e+06	0
3.85999e+06	0
3.86009e+06	0
3.86019e+06	0
3.86029e+06	0
3.86039e+06	0
3.86049e+06	0
3.86059e+06	0
3.86069e+06	0
3.86079e+06	0
3.86089e+06	0
3.86099e+06	0
3.86109e+06	0
3.86119e+06	0
3.86129e+06	0
3.86139e+06	0
3.86149e+06	0
3.86159e+06	0
3.86169e+06	0
3.86179e+06	0
3.86189e+06	0
3.86199e+06	0
3.86209e+06	0
3.86219e+06	0
3.86229e+06	0
3.86239e+06	0
3.86249e+06	0
3.86259e+06	0
3.86269e+06	0
3.86279e+06	0
3.86289e+06	0
3.86299e+06	0
3.86309e+06	0
3.86319e+06	0
3.86329e+06	0
3.86339e+06	0
3.86349e+06	0
3.86359e+06	0
3.86369e+06	0
3.86379e+06	0
3.86389e+06	0
3.86399e+06	0
3.86409e+06	0
3.86419e+06	0
3.86429e+06	0
3.86439e+06	0
3.86449e+06	0
3.86459e+06	0
3.86469e+06	0
3.86479e+06	0
3.86489e+06	0
3.86499e+06	0
3.86509e+06	0
3.86519e+06	0
3.86529e+06	0
3.86539e+06	0
3.86549e+06	0
3.86559e+06	0
3.86569e+06	0
3.86579e+06	0
3.86589e+06	0
3.86599e+06	0
3.86609e+06	0
3.86619e+06	0
3.86629e+06	0
3.86639e+06	0
3.86649e+06	0
3.86659e+06	0
3.86669e+06	0
3.86679e+06	0
3.86689e+06	0
3.86699e+06	0
3.86709e+06	0
3.86719e+06	0
3.86729e+06	0
3.86739e+06	0
3.86749e+06	0
3.86759e+06	0
3.86769e+06	0
3.86779e+06	0
3.86789e+06	0
3.86799e+06	0
3.86809e+06	0
3.86819e+06	0
3.86829e+06	0
3.86839e+06	0
3.86849e+06	0
3.86859e+06	0
3.86869e+06	0
3.86879e+06	0
3.86889e+06	0
3.86899e+06	0
3.86909e+06	0
3.86919e+06	0
3.86929e+06	0
3.86939e+06	0
3.86949e+06	0
3.86959e+06	0
3.86969e+06	0
3.86979e+06	0
3.86989e+06	0
3.86999e+06	0
3.87009e+06	0
3.87019e+06	0
3.87029e+06	0
3.87039e+06	0
3.87049e+06	0
3.87059e+06	0
3.87069e+06	0
3.87079e+06	0
3.87089e+06	0
3.87099e+06	0
3.87109e+06	0
3.87119e+06	0
3.87129e+06	0
3.87139e+06	0
3.87149e+06	0
3.87159e+06	0
3.87169e+06	0
3.87179e+06	0
3.87189e+06	0
3.87199e+06	0
3.87209e+06	0
3.87219e+06	0
3.87229e+06	0
3.87239e+06	0
3.87249e+06	0
3.87259e+06	0
3.87269e+06	0
3.87279e+06	0
3.87289e+06	0
3.87299e+06	0
3.87309e+06	0
3.87319e+06	0
3.87329e+06	0
3.87339e+06	0
3.87349e+06	0
3.87359e+06	0
3.87369e+06	0
3.87379e+06	0
3.87389e+06	0
3.87399e+06	0
3.87409e+06	0
3.87419e+06	0
3.87429e+06	0
3.87439e+06	0
3.87449e+06	0
3.87459e+06	0
3.87469e+06	0
3.87479e+06	0
3.87489e+06	0
3.87499e+06	0
3.87509e+06	0
3.87519e+06	0
3.87529e+06	0
3.87539e+06	0
3.87549e+06	0
3.87559e+06	0
3.87569e+06	0
3.87579e+06	0
3.87589e+06	0
3.87599e+06	0
3.87609e+06	0
3.87619e+06	0
3.87629e+06	0
3.87639e+06	0
3.87649e+06	0
3.87659e+06	0
3.87669e+06	0
3.87679e+06	0
3.87689e+06	0
3.87699e+06	0
3.87709e+06	0
3.87719e+06	0
3.87729e+06	0
3.87739e+06	0
3.87749e+06	0
3.87759e+06	0
3.87769e+06	0
3.87779e+06	0
3.87789e+06	0
3.87799e+06	0
3.87809e+06	0
3.87819e+06	0
3.87829e+06	0
3.87839e+06	0
3.87849e+06	0
3.87859e+06	0
3.87869e+06	0
3.87879e+06	0
3.87889e+06	0
3.87899e+06	0
3.87909e+06	0
3.87919e+06	0
3.87929e+06	0
3.87939e+06	0
3.87949e+06	0
3.87959e+06	0
3.87969e+06	0
3.87979e+06	0
3.87989e+06	0
3.87999e+06	0
3.88009e+06	0
3.88019e+06	0
3.88029e+06	0
3.88039e+06	0
3.88049e+06	0
3.88059e+06	0
3.88069e+06	0
3.88079e+06	0
3.88089e+06	0
3.88099e+06	0
3.88109e+06	0
3.88119e+06	0
3.88129e+06	0
3.88139e+06	0
3.88149e+06	0
3.88159e+06	0
3.88169e+06	0
3.88179e+06	0
3.88189e+06	0
3.88199e+06	0
3.88209e+06	0
3.88219e+06	0
3.88229e+06	0
3.88239e+06	0
3.88249e+06	0
3.88259e+06	0
3.88269e+06	0
3.88279e+06	0
3.88289e+06	0
3.88299e+06	0
3.88309e+06	0
3.88319e+06	0
3.88329e+06	0
3.88339e+06	0
3.88349e+06	0
3.88359e+06	0
3.88369e+06	0
3.88379e+06	0
3.88389e+06	0
3.88399e+06	0
3.88409e+06	0
3.88419e+06	0
3.88429e+06	0
3.88439e+06	0
3.88449e+06	0
3.88459e+06	0
3.88469e+06	0
3.88479e+06	0
3.88489e+06	0
3.88499e+06	0
3.88509e+06	0
3.88519e+06	0
3.88529e+06	0
3.88539e+06	0
3.88549e+06	0
3.88559e+06	0
3.88569e+06	0
3.88579e+06	0
3.88589e+06	0
3.88599e+06	0
3.88609e+06	0
3.88619e+06	0
3.88629e+06	0
3.88639e+06	0
3.88649e+06	0
3.88659e+06	0
3.88669e+06	0
3.88679e+06	0
3.88689e+06	0
3.88699e+06	0
3.88709e+06	0
3.88719e+06	0
3.88729e+06	0
3.88739e+06	0
3.88749e+06	0
3.88759e+06	0
3.88769e+06	0
3.88779e+06	0
3.88789e+06	0
3.88799e+06	0
3.88809e+06	0
3.88819e+06	0
3.88829e+06	0
3.88839e+06	0
3.88849e+06	0
3.88859e+06	0
3.88869e+06	0
3.88879e+06	0
3.88889e+06	0
3.88899e+06	0
3.88909e+06	0
3.88919e+06	0
3.88929e+06	0
3.88939e+06	0
3.88949e+06	0
3.88959e+06	0
3.88969e+06	0
3.88979e+06	0
3.88989e+06	0
3.88999e+06	0
3.89009e+06	0
3.89019e+06	0
3.89029e+06	0
3.89039e+06	0
3.89049e+06	0
3.89059e+06	0
3.89069e+06	0
3.89079e+06	0
3.89089e+06	0
3.89099e+06	0
3.89109e+06	0
3.89119e+06	0
3.89129e+06	0
3.89139e+06	0
3.89149e+06	0
3.89159e+06	0
3.89169e+06	0
3.89179e+06	0
3.89189e+06	0
3.89199e+06	0
3.89209e+06	0
3.89219e+06	0
3.89229e+06	0
3.89239e+06	0
3.89249e+06	0
3.89259e+06	0
3.89269e+06	0
3.89279e+06	0
3.89289e+06	0
3.89299e+06	0
3.89309e+06	0
3.89319e+06	0
3.89329e+06	0
3.89339e+06	0
3.89349e+06	0
3.89359e+06	0
3.89369e+06	0
3.89379e+06	0
3.89389e+06	0
3.89399e+06	0
3.89409e+06	0
3.89419e+06	0
3.89429e+06	0
3.89439e+06	0
3.89449e+06	0
3.89459e+06	0
3.89469e+06	0
3.89479e+06	0
3.89489e+06	0
3.89499e+06	0
3.89509e+06	0
3.89519e+06	0
3.89529e+06	0
3.89539e+06	0
3.89549e+06	0
3.89559e+06	0
3.89569e+06	0
3.89579e+06	0
3.89589e+06	0
3.89599e+06	0
3.89609e+06	0
3.89619e+06	0
3.89629e+06	0
3.89639e+06	0
3.89649e+06	0
3.89659e+06	0
3.89669e+06	0
3.89679e+06	0
3.89689e+06	0
3.89699e+06	0
3.89709e+06	0
3.89719e+06	0
3.89729e+06	0
3.89739e+06	0
3.89749e+06	0
3.89759e+06	0
3.89769e+06	0
3.89779e+06	0
3.89789e+06	0
3.89799e+06	0
3.89809e+06	0
3.89819e+06	0
3.89829e+06	0
3.89839e+06	0
3.89849e+06	0
3.89859e+06	0
3.89869e+06	0
3.89879e+06	0
3.89889e+06	0
3.89899e+06	0
3.89909e+06	0
3.89919e+06	0
3.89929e+06	0
3.89939e+06	0
3.89949e+06	0
3.89959e+06	0
3.89969e+06	0
3.89979e+06	0
3.89989e+06	0
3.89999e+06	0
3.90009e+06	0
3.90019e+06	0
3.90029e+06	0
3.90039e+06	0
3.90049e+06	0
3.90059e+06	0
3.90069e+06	0
3.90079e+06	0
3.90089e+06	0
3.90099e+06	0
3.90109e+06	0
3.90119e+06	0
3.90129e+06	0
3.90139e+06	0
3.90149e+06	0
3.90159e+06	0
3.90169e+06	0
3.90179e+06	0
3.90189e+06	0
3.90199e+06	0
3.90209e+06	0
3.90219e+06	0
3.90229e+06	0
3.90239e+06	0
3.90249e+06	0
3.90259e+06	0
3.90269e+06	0
3.90279e+06	0
3.90289e+06	0
3.90299e+06	0
3.90309e+06	0
3.90319e+06	0
3.90329e+06	0
3.90339e+06	0
3.90349e+06	0
3.90359e+06	0
3.90369e+06	0
3.90379e+06	0
3.90389e+06	0
3.90399e+06	0
3.90409e+06	0
3.90419e+06	0
3.90429e+06	0
3.90439e+06	0
3.90449e+06	0
3.90459e+06	0
3.90469e+06	0
3.90479e+06	0
3.90489e+06	0
3.90499e+06	0
3.90509e+06	0
3.90519e+06	0
3.90529e+06	0
3.90539e+06	0
3.90549e+06	0
3.90559e+06	0
3.90569e+06	0
3.90579e+06	0
3.90589e+06	0
3.90599e+06	0
3.90609e+06	0
3.90619e+06	0
3.90629e+06	0
3.90639e+06	0
3.90649e+06	0
3.90659e+06	0
3.90669e+06	0
3.90679e+06	0
3.90689e+06	0
3.90699e+06	0
3.90709e+06	0
3.90719e+06	0
3.90729e+06	0
3.90739e+06	0
3.90749e+06	0
3.90759e+06	0
3.90769e+06	0
3.90779e+06	0
3.90789e+06	0
3.90799e+06	0
3.90809e+06	0
3.90819e+06	0
3.90829e+06	0
3.90839e+06	0
3.90849e+06	0
3.90859e+06	0
3.90869e+06	0
3.90879e+06	0
3.90889e+06	0
3.90899e+06	0
3.90909e+06	0
3.90919e+06	0
3.90929e+06	0
3.90939e+06	0
3.90949e+06	0
3.90959e+06	0
3.90969e+06	0
3.90979e+06	0
3.90989e+06	0
3.90999e+06	0
3.91009e+06	0
3.91019e+06	0
3.91029e+06	0
3.91039e+06	0
3.91049e+06	0
3.91059e+06	0
3.91069e+06	0
3.91079e+06	0
3.91089e+06	0
3.91099e+06	0
3.91109e+06	0
3.91119e+06	0
3.91129e+06	0
3.91139e+06	0
3.91149e+06	0
3.91159e+06	0
3.91169e+06	0
3.91179e+06	0
3.91189e+06	0
3.91199e+06	0
3.91209e+06	0
3.91219e+06	0
3.91229e+06	0
3.91239e+06	0
3.91249e+06	0
3.91259e+06	0
3.91269e+06	0
3.91279e+06	0
3.91289e+06	0
3.91299e+06	0
3.91309e+06	0
3.91319e+06	0
3.91329e+06	0
3.91339e+06	0
3.91349e+06	0
3.91359e+06	0
3.91369e+06	0
3.91379e+06	0
3.91389e+06	0
3.91399e+06	0
3.91409e+06	0
3.91419e+06	0
3.91429e+06	0
3.91439e+06	0
3.91449e+06	0
3.91459e+06	0
3.91469e+06	0
3.91479e+06	0
3.91489e+06	0
3.91499e+06	0
3.91509e+06	0
3.91519e+06	0
3.91529e+06	0
3.91539e+06	0
3.91549e+06	0
3.91559e+06	0
3.91569e+06	0
3.91579e+06	0
3.91589e+06	0
3.91599e+06	0
3.91609e+06	0
3.91619e+06	0
3.91629e+06	0
3.91639e+06	0
3.91649e+06	0
3.91659e+06	0
3.91669e+06	0
3.91679e+06	0
3.91689e+06	0
3.91699e+06	0
3.91709e+06	0
3.91719e+06	0
3.91729e+06	0
3.91739e+06	0
3.91749e+06	0
3.91759e+06	0
3.91769e+06	0
3.91779e+06	0
3.91789e+06	0
3.91799e+06	0
3.91809e+06	0
3.91819e+06	0
3.91829e+06	0
3.91839e+06	0
3.91849e+06	0
3.91859e+06	0
3.91869e+06	0
3.91879e+06	0
3.91889e+06	0
3.91899e+06	0
3.91909e+06	0
3.91919e+06	0
3.91929e+06	0
3.91939e+06	0
3.91949e+06	0
3.91959e+06	0
3.91969e+06	0
3.91979e+06	0
3.91989e+06	0
3.91999e+06	0
3.92009e+06	0
3.92019e+06	0
3.92029e+06	0
3.92039e+06	0
3.92049e+06	0
3.92059e+06	0
3.92069e+06	0
3.92079e+06	0
3.92089e+06	0
3.92099e+06	0
3.92109e+06	0
3.92119e+06	0
3.92129e+06	0
3.92139e+06	0
3.92149e+06	0
3.92159e+06	0
3.92169e+06	0
3.92179e+06	0
3.92189e+06	0
3.92199e+06	0
3.92209e+06	0
3.92219e+06	0
3.92229e+06	0
3.92239e+06	0
3.92249e+06	0
3.92259e+06	0
3.92269e+06	0
3.92279e+06	0
3.92289e+06	0
3.92299e+06	0
3.92309e+06	0
3.92319e+06	0
3.92329e+06	0
3.92339e+06	0
3.92349e+06	0
3.92359e+06	0
3.92369e+06	0
3.92379e+06	0
3.92389e+06	0
3.92399e+06	0
3.92409e+06	0
3.92419e+06	0
3.92429e+06	0
3.92439e+06	0
3.92449e+06	0
3.92459e+06	0
3.92469e+06	0
3.92479e+06	0
3.92489e+06	0
3.92499e+06	0
3.92509e+06	0
3.92519e+06	0
3.92529e+06	0
3.92539e+06	0
3.92549e+06	0
3.92559e+06	0
3.92569e+06	0
3.92579e+06	0
3.92589e+06	0
3.92599e+06	0
3.92609e+06	0
3.92619e+06	0
3.92629e+06	0
3.92639e+06	0
3.92649e+06	0
3.92659e+06	0
3.92669e+06	0
3.92679e+06	0
3.92689e+06	0
3.92699e+06	0
3.92709e+06	0
3.92719e+06	0
3.92729e+06	0
3.92739e+06	0
3.92749e+06	0
3.92759e+06	0
3.92769e+06	0
3.92779e+06	0
3.92789e+06	0
3.92799e+06	0
3.92809e+06	0
3.92819e+06	0
3.92829e+06	0
3.92839e+06	0
3.92849e+06	0
3.92859e+06	0
3.92869e+06	0
3.92879e+06	0
3.92889e+06	0
3.92899e+06	0
3.92909e+06	0
3.92919e+06	0
3.92929e+06	0
3.92939e+06	0
3.92949e+06	0
3.92959e+06	0
3.92969e+06	0
3.92979e+06	0
3.92989e+06	0
3.92999e+06	0
3.93009e+06	0
3.93019e+06	0
3.93029e+06	0
3.93039e+06	0
3.93049e+06	0
3.93059e+06	0
3.93069e+06	0
3.93079e+06	0
3.93089e+06	0
3.93099e+06	0
3.93109e+06	0
3.93119e+06	0
3.93129e+06	0
3.93139e+06	0
3.93149e+06	0
3.93159e+06	0
3.93169e+06	0
3.93179e+06	0
3.93189e+06	0
3.93199e+06	0
3.93209e+06	0
3.93219e+06	0
3.93229e+06	0
3.93239e+06	0
3.93249e+06	0
3.93259e+06	0
3.93269e+06	0
3.93279e+06	0
3.93289e+06	0
3.93299e+06	0
3.93309e+06	0
3.93319e+06	0
3.93329e+06	0
3.93339e+06	0
3.93349e+06	0
3.93359e+06	0
3.93369e+06	0
3.93379e+06	0
3.93389e+06	0
3.93399e+06	0
3.93409e+06	0
3.93419e+06	0
3.93429e+06	0
3.93439e+06	0
3.93449e+06	0
3.93459e+06	0
3.93469e+06	0
3.93479e+06	0
3.93489e+06	0
3.93499e+06	0
3.93509e+06	0
3.93519e+06	0
3.93529e+06	0
3.93539e+06	0
3.93549e+06	0
3.93559e+06	0
3.93569e+06	0
3.93579e+06	0
3.93589e+06	0
3.93599e+06	0
3.93609e+06	0
3.93619e+06	0
3.93629e+06	0
3.93639e+06	0
3.93649e+06	0
3.93659e+06	0
3.93669e+06	0
3.93679e+06	0
3.93689e+06	0
3.93699e+06	0
3.93709e+06	0
3.93719e+06	0
3.93729e+06	0
3.93739e+06	0
3.93749e+06	0
3.93759e+06	0
3.93769e+06	0
3.93779e+06	0
3.93789e+06	0
3.93799e+06	0
3.93809e+06	0
3.93819e+06	0
3.93829e+06	0
3.93839e+06	0
3.93849e+06	0
3.93859e+06	0
3.93869e+06	0
3.93879e+06	0
3.93889e+06	0
3.93899e+06	0
3.93909e+06	0
3.93919e+06	0
3.93929e+06	0
3.93939e+06	0
3.93949e+06	0
3.93959e+06	0
3.93969e+06	0
3.93979e+06	0
3.93989e+06	0
3.93999e+06	0
3.94009e+06	0
3.94019e+06	0
3.94029e+06	0
3.94039e+06	0
3.94049e+06	0
3.94059e+06	0
3.94069e+06	0
3.94079e+06	0
3.94089e+06	0
3.94099e+06	0
3.94109e+06	0
3.94119e+06	0
3.94129e+06	0
3.94139e+06	0
3.94149e+06	0
3.94159e+06	0
3.94169e+06	0
3.94179e+06	0
3.94189e+06	0
3.94199e+06	0
3.94209e+06	0
3.94219e+06	0
3.94229e+06	0
3.94239e+06	0
3.94249e+06	0
3.94259e+06	0
3.94269e+06	0
3.94279e+06	0
3.94289e+06	0
3.94299e+06	0
3.94309e+06	0
3.94319e+06	0
3.94329e+06	0
3.94339e+06	0
3.94349e+06	0
3.94359e+06	0
3.94369e+06	0
3.94379e+06	0
3.94389e+06	0
3.94399e+06	0
3.94409e+06	0
3.94419e+06	0
3.94429e+06	0
3.94439e+06	0
3.94449e+06	0
3.94459e+06	0
3.94469e+06	0
3.94479e+06	0
3.94489e+06	0
3.94499e+06	0
3.94509e+06	0
3.94519e+06	0
3.94529e+06	0
3.94539e+06	0
3.94549e+06	0
3.94559e+06	0
3.94569e+06	0
3.94579e+06	0
3.94589e+06	0
3.94599e+06	0
3.94609e+06	0
3.94619e+06	0
3.94629e+06	0
3.94639e+06	0
3.94649e+06	0
3.94659e+06	0
3.94669e+06	0
3.94679e+06	0
3.94689e+06	0
3.94699e+06	0
3.94709e+06	0
3.94719e+06	0
3.94729e+06	0
3.94739e+06	0
3.94749e+06	0
3.94759e+06	0
3.94769e+06	0
3.94779e+06	0
3.94789e+06	0
3.94799e+06	0
3.94809e+06	0
3.94819e+06	0
3.94829e+06	0
3.94839e+06	0
3.94849e+06	0
3.94859e+06	0
3.94869e+06	0
3.94879e+06	0
3.94889e+06	0
3.94899e+06	0
3.94909e+06	0
3.94919e+06	0
3.94929e+06	0
3.94939e+06	0
3.94949e+06	0
3.94959e+06	0
3.94969e+06	0
3.94979e+06	0
3.94989e+06	0
3.94999e+06	0
3.95009e+06	0
3.95019e+06	0
3.95029e+06	0
3.95039e+06	0
3.95049e+06	0
3.95059e+06	0
3.95069e+06	0
3.95079e+06	0
3.95089e+06	0
3.95099e+06	0
3.95109e+06	0
3.95119e+06	0
3.95129e+06	0
3.95139e+06	0
3.95149e+06	0
3.95159e+06	0
3.95169e+06	0
3.95179e+06	0
3.95189e+06	0
3.95199e+06	0
3.95209e+06	0
3.95219e+06	0
3.95229e+06	0
3.95239e+06	0
3.95249e+06	0
3.95259e+06	0
3.95269e+06	0
3.95279e+06	0
3.95289e+06	0
3.95299e+06	0
3.95309e+06	0
3.95319e+06	0
3.95329e+06	0
3.95339e+06	0
3.95349e+06	0
3.95359e+06	0
3.95369e+06	0
3.95379e+06	0
3.95389e+06	0
3.95399e+06	0
3.95409e+06	0
3.95419e+06	0
3.95429e+06	0
3.95439e+06	0
3.95449e+06	0
3.95459e+06	0
3.95469e+06	0
3.95479e+06	0
3.95489e+06	0
3.95499e+06	0
3.95509e+06	0
3.95519e+06	0
3.95529e+06	0
3.95539e+06	0
3.95549e+06	0
3.95559e+06	0
3.95569e+06	0
3.95579e+06	0
3.95589e+06	0
3.95599e+06	0
3.95609e+06	0
3.95619e+06	0
3.95629e+06	0
3.95639e+06	0
3.95649e+06	0
3.95659e+06	0
3.95669e+06	0
3.95679e+06	0
3.95689e+06	0
3.95699e+06	0
3.95709e+06	0
3.95719e+06	0
3.95729e+06	0
3.95739e+06	0
3.95749e+06	0
3.95759e+06	0
3.95769e+06	0
3.95779e+06	0
3.95789e+06	0
3.95799e+06	0
3.95809e+06	0
3.95819e+06	0
3.95829e+06	0
3.95839e+06	0
3.95849e+06	0
3.95859e+06	0
3.95869e+06	0
3.95879e+06	0
3.95889e+06	0
3.95899e+06	0
3.95909e+06	0
3.95919e+06	0
3.95929e+06	0
3.95939e+06	0
3.95949e+06	0
3.95959e+06	0
3.95969e+06	0
3.95979e+06	0
3.95989e+06	0
3.95999e+06	0
3.96009e+06	0
3.96019e+06	0
3.96029e+06	0
3.96039e+06	0
3.96049e+06	0
3.96059e+06	0
3.96069e+06	0
3.96079e+06	0
3.96089e+06	0
3.96099e+06	0
3.96109e+06	0
3.96119e+06	0
3.96129e+06	0
3.96139e+06	0
3.96149e+06	0
3.96159e+06	0
3.96169e+06	0
3.96179e+06	0
3.96189e+06	0
3.96199e+06	0
3.96209e+06	0
3.96219e+06	0
3.96229e+06	0
3.96239e+06	0
3.96249e+06	0
3.96259e+06	0
3.96269e+06	0
3.96279e+06	0
3.96289e+06	0
3.96299e+06	0
3.96309e+06	0
3.96319e+06	0
3.96329e+06	0
3.96339e+06	0
3.96349e+06	0
3.96359e+06	0
3.96369e+06	0
3.96379e+06	0
3.96389e+06	0
3.96399e+06	0
3.96409e+06	0
3.96419e+06	0
3.96429e+06	0
3.96439e+06	0
3.96449e+06	0
3.96459e+06	0
3.96469e+06	0
3.96479e+06	0
3.96489e+06	0
3.96499e+06	0
3.96509e+06	0
3.96519e+06	0
3.96529e+06	0
3.96539e+06	0
3.96549e+06	0
3.96559e+06	0
3.96569e+06	0
3.96579e+06	0
3.96589e+06	0
3.96599e+06	0
3.96609e+06	0
3.96619e+06	0
3.96629e+06	0
3.96639e+06	0
3.96649e+06	0
3.96659e+06	0
3.96669e+06	0
3.96679e+06	0
3.96689e+06	0
3.96699e+06	0
3.96709e+06	0
3.96719e+06	0
3.96729e+06	0
3.96739e+06	0
3.96749e+06	0
3.96759e+06	0
3.96769e+06	0
3.96779e+06	0
3.96789e+06	0
3.96799e+06	0
3.96809e+06	0
3.96819e+06	0
3.96829e+06	0
3.96839e+06	0
3.96849e+06	0
3.96859e+06	0
3.96869e+06	0
3.96879e+06	0
3.96889e+06	0
3.96899e+06	0
3.96909e+06	0
3.96919e+06	0
3.96929e+06	0
3.96939e+06	0
3.96949e+06	0
3.96959e+06	0
3.96969e+06	0
3.96979e+06	0
3.96989e+06	0
3.96999e+06	0
3.97009e+06	0
3.97019e+06	0
3.97029e+06	0
3.97039e+06	0
3.97049e+06	0
3.97059e+06	0
3.97069e+06	0
3.97079e+06	0
3.97089e+06	0
3.97099e+06	0
3.97109e+06	0
3.97119e+06	0
3.97129e+06	0
3.97139e+06	0
3.97149e+06	0
3.97159e+06	0
3.97169e+06	0
3.97179e+06	0
3.97189e+06	0
3.97199e+06	0
3.97209e+06	0
3.97219e+06	0
3.97229e+06	0
3.97239e+06	0
3.97249e+06	0
3.97259e+06	0
3.97269e+06	0
3.97279e+06	0
3.97289e+06	0
3.97299e+06	0
3.97309e+06	0
3.97319e+06	0
3.97329e+06	0
3.97339e+06	0
3.97349e+06	0
3.97359e+06	0
3.97369e+06	0
3.97379e+06	0
3.97389e+06	0
3.97399e+06	0
3.97409e+06	0
3.97419e+06	0
3.97429e+06	0
3.97439e+06	0
3.97449e+06	0
3.97459e+06	0
3.97469e+06	0
3.97479e+06	0
3.97489e+06	0
3.97499e+06	0
3.97509e+06	0
3.97519e+06	0
3.97529e+06	0
3.97539e+06	0
3.97549e+06	0
3.97559e+06	0
3.97569e+06	0
3.97579e+06	0
3.97589e+06	0
3.97599e+06	0
3.97609e+06	0
3.97619e+06	0
3.97629e+06	0
3.97639e+06	0
3.97649e+06	0
3.97659e+06	0
3.97669e+06	0
3.97679e+06	0
3.97689e+06	0
3.97699e+06	0
3.97709e+06	0
3.97719e+06	0
3.97729e+06	0
3.97739e+06	0
3.97749e+06	0
3.97759e+06	0
3.97769e+06	0
3.97779e+06	0
3.97789e+06	0
3.97799e+06	0
3.97809e+06	0
3.97819e+06	0
3.97829e+06	0
3.97839e+06	0
3.97849e+06	0
3.97859e+06	0
3.97869e+06	0
3.97879e+06	0
3.97889e+06	0
3.97899e+06	0
3.97909e+06	0
3.97919e+06	0
3.97929e+06	0
3.97939e+06	0
3.97949e+06	0
3.97959e+06	0
3.97969e+06	0
3.97979e+06	0
3.97989e+06	0
3.97999e+06	0
3.98009e+06	0
3.98019e+06	0
3.98029e+06	0
3.98039e+06	0
3.98049e+06	0
3.98059e+06	0
3.98069e+06	0
3.98079e+06	0
3.98089e+06	0
3.98099e+06	0
3.98109e+06	0
3.98119e+06	0
3.98129e+06	0
3.98139e+06	0
3.98149e+06	0
3.98159e+06	0
3.98169e+06	0
3.98179e+06	0
3.98189e+06	0
3.98199e+06	0
3.98209e+06	0
3.98219e+06	0
3.98229e+06	0
3.98239e+06	0
3.98249e+06	0
3.98259e+06	0
3.98269e+06	0
3.98279e+06	0
3.98289e+06	0
3.98299e+06	0
3.98309e+06	0
3.98319e+06	0
3.98329e+06	0
3.98339e+06	0
3.98349e+06	0
3.98359e+06	0
3.98369e+06	0
3.98379e+06	0
3.98389e+06	0
3.98399e+06	0
3.98409e+06	0
3.98419e+06	0
3.98429e+06	0
3.98439e+06	0
3.98449e+06	0
3.98459e+06	0
3.98469e+06	0
3.98479e+06	0
3.98489e+06	0
3.98499e+06	0
3.98509e+06	0
3.98519e+06	0
3.98529e+06	0
3.98539e+06	0
3.98549e+06	0
3.98559e+06	0
3.98569e+06	0
3.98579e+06	0
3.98589e+06	0
3.98599e+06	0
3.98609e+06	0
3.98619e+06	0
3.98629e+06	0
3.98639e+06	0
3.98649e+06	0
3.98659e+06	0
3.98669e+06	0
3.98679e+06	0
3.98689e+06	0
3.98699e+06	0
3.98709e+06	0
3.98719e+06	0
3.98729e+06	0
3.98739e+06	0
3.98749e+06	0
3.98759e+06	0
3.98769e+06	0
3.98779e+06	0
3.98789e+06	0
3.98799e+06	0
3.98809e+06	0
3.98819e+06	0
3.98829e+06	0
3.98839e+06	0
3.98849e+06	0
3.98859e+06	0
3.98869e+06	0
3.98879e+06	0
3.98889e+06	0
3.98899e+06	0
3.98909e+06	0
3.98919e+06	0
3.98929e+06	0
3.98939e+06	0
3.98949e+06	0
3.98959e+06	0
3.98969e+06	0
3.98979e+06	0
3.98989e+06	0
3.98999e+06	0
3.99009e+06	0
3.99019e+06	0
3.99029e+06	0
3.99039e+06	0
3.99049e+06	0
3.99059e+06	0
3.99069e+06	0
3.99079e+06	0
3.99089e+06	0
3.99099e+06	0
3.99109e+06	0
3.99119e+06	0
3.99129e+06	0
3.99139e+06	0
3.99149e+06	0
3.99159e+06	0
3.99169e+06	0
3.99179e+06	0
3.99189e+06	0
3.99199e+06	0
3.99209e+06	0
3.99219e+06	0
3.99229e+06	0
3.99239e+06	0
3.99249e+06	0
3.99259e+06	0
3.99269e+06	0
3.99279e+06	0
3.99289e+06	0
3.99299e+06	0
3.99309e+06	0
3.99319e+06	0
3.99329e+06	0
3.99339e+06	0
3.99349e+06	0
3.99359e+06	0
3.99369e+06	0
3.99379e+06	0
3.99389e+06	0
3.99399e+06	0
3.99409e+06	0
3.99419e+06	0
3.99429e+06	0
3.99439e+06	0
3.99449e+06	0
3.99459e+06	0
3.99469e+06	0
3.99479e+06	0
3.99489e+06	0
3.99499e+06	0
3.99509e+06	0
3.99519e+06	0
3.99529e+06	0
3.99539e+06	0
3.99549e+06	0
3.99559e+06	0
3.99569e+06	0
3.99579e+06	0
3.99589e+06	0
3.99599e+06	0
3.99609e+06	0
3.99619e+06	0
3.99629e+06	0
3.99639e+06	0
3.99649e+06	0
3.99659e+06	0
3.99669e+06	0
3.99679e+06	0
3.99689e+06	0
3.99699e+06	0
3.99709e+06	0
3.99719e+06	0
3.99729e+06	0
3.99739e+06	0
3.99749e+06	0
3.99759e+06	0
3.99769e+06	0
3.99779e+06	0
3.99789e+06	0
3.99799e+06	0
3.99809e+06	0
3.99819e+06	0
3.99829e+06	0
3.99839e+06	0
3.99849e+06	0
3.99859e+06	0
3.99869e+06	0
3.99879e+06	0
3.99889e+06	0
3.99899e+06	0
3.99909e+06	0
3.99919e+06	0
3.99929e+06	0
3.99939e+06	0
3.99949e+06	0
3.99959e+06	0
3.99969e+06	0
3.99979e+06	0
3.99989e+06	0
3.99999e+06	0
4.00009e+06	0
4.00019e+06	0
4.00029e+06	0
4.00039e+06	0
4.00049e+06	0
4.00059e+06	0
4.00069e+06	0
4.00079e+06	0
4.00089e+06	0
4.00099e+06	0
4.00109e+06	0
4.00119e+06	0
4.00129e+06	0
4.00139e+06	0
4.00149e+06	0
4.00159e+06	0
4.00169e+06	0
4.00179e+06	0
4.00189e+06	0
4.00199e+06	0
4.00209e+06	0
4.00219e+06	0
4.00229e+06	0
4.00239e+06	0
4.00249e+06	0
4.00259e+06	0
4.00269e+06	0
4.00279e+06	0
4.00289e+06	0
4.00299e+06	0
4.00309e+06	0
4.00319e+06	0
4.00329e+06	0
4.00339e+06	0
4.00349e+06	0
4.00359e+06	0
4.00369e+06	0
4.00379e+06	0
4.00389e+06	0
4.00399e+06	0
4.00409e+06	0
4.00419e+06	0
4.00429e+06	0
4.00439e+06	0
4.00449e+06	0
4.00459e+06	0
4.00469e+06	0
4.00479e+06	0
4.00489e+06	0
4.00499e+06	0
4.00509e+06	0
4.00519e+06	0
4.00529e+06	0
4.00539e+06	0
4.00549e+06	0
4.00559e+06	0
4.00569e+06	0
4.00579e+06	0
4.00589e+06	0
4.00599e+06	0
4.00609e+06	0
4.00619e+06	0
4.00629e+06	0
4.00639e+06	0
4.00649e+06	0
4.00659e+06	0
4.00669e+06	0
4.00679e+06	0
4.00689e+06	0
4.00699e+06	0
4.00709e+06	0
4.00719e+06	0
4.00729e+06	0
4.00739e+06	0
4.00749e+06	0
4.00759e+06	0
4.00769e+06	0
4.00779e+06	0
4.00789e+06	0
4.00799e+06	0
4.00809e+06	0
4.00819e+06	0
4.00829e+06	0
4.00839e+06	0
4.00849e+06	0
4.00859e+06	0
4.00869e+06	0
4.00879e+06	0
4.00889e+06	0
4.00899e+06	0
4.00909e+06	0
4.00919e+06	0
4.00929e+06	0
4.00939e+06	0
4.00949e+06	0
4.00959e+06	0
4.00969e+06	0
4.00979e+06	0
4.00989e+06	0
4.00999e+06	0
4.01009e+06	0
4.01019e+06	0
4.01029e+06	0
4.01039e+06	0
4.01049e+06	0
4.01059e+06	0
4.01069e+06	0
4.01079e+06	0
4.01089e+06	0
4.01099e+06	0
4.01109e+06	0
4.01119e+06	0
4.01129e+06	0
4.01139e+06	0
4.01149e+06	0
4.01159e+06	0
4.01169e+06	0
4.01179e+06	0
4.01189e+06	0
4.01199e+06	0
4.01209e+06	0
4.01219e+06	0
4.01229e+06	0
4.01239e+06	0
4.01249e+06	0
4.01259e+06	0
4.01269e+06	0
4.01279e+06	0
4.01289e+06	0
4.01299e+06	0
4.01309e+06	0
4.01319e+06	0
4.01329e+06	0
4.01339e+06	0
4.01349e+06	0
4.01359e+06	0
4.01369e+06	0
4.01379e+06	0
4.01389e+06	0
4.01399e+06	0
4.01409e+06	0
4.01419e+06	0
4.01429e+06	0
4.01439e+06	0
4.01449e+06	0
4.01459e+06	0
4.01469e+06	0
4.01479e+06	0
4.01489e+06	0
4.01499e+06	0
4.01509e+06	0
4.01519e+06	0
4.01529e+06	0
4.01539e+06	0
4.01549e+06	0
4.01559e+06	0
4.01569e+06	0
4.01579e+06	0
4.01589e+06	0
4.01599e+06	0
4.01609e+06	0
4.01619e+06	0
4.01629e+06	0
4.01639e+06	0
4.01649e+06	0
4.01659e+06	0
4.01669e+06	0
4.01679e+06	0
4.01689e+06	0
4.01699e+06	0
4.01709e+06	0
4.01719e+06	0
4.01729e+06	0
4.01739e+06	0
4.01749e+06	0
4.01759e+06	0
4.01769e+06	0
4.01779e+06	0
4.01789e+06	0
4.01799e+06	0
4.01809e+06	0
4.01819e+06	0
4.01829e+06	0
4.01839e+06	0
4.01849e+06	0
4.01859e+06	0
4.01869e+06	0
4.01879e+06	0
4.01889e+06	0
4.01899e+06	0
4.01909e+06	0
4.01919e+06	0
4.01929e+06	0
4.01939e+06	0
4.01949e+06	0
4.01959e+06	0
4.01969e+06	0
4.01979e+06	0
4.01989e+06	0
4.01999e+06	0
4.02009e+06	0
4.02019e+06	0
4.02029e+06	0
4.02039e+06	0
4.02049e+06	0
4.02059e+06	0
4.02069e+06	0
4.02079e+06	0
4.02089e+06	0
4.02099e+06	0
4.02109e+06	0
4.02119e+06	0
4.02129e+06	0
4.02139e+06	0
4.02149e+06	0
4.02159e+06	0
4.02169e+06	0
4.02179e+06	0
4.02189e+06	0
4.02199e+06	0
4.02209e+06	0
4.02219e+06	0
4.02229e+06	0
4.02239e+06	0
4.02249e+06	0
4.02259e+06	0
4.02269e+06	0
4.02279e+06	0
4.02289e+06	0
4.02299e+06	0
4.02309e+06	0
4.02319e+06	0
4.02329e+06	0
4.02339e+06	0
4.02349e+06	0
4.02359e+06	0
4.02369e+06	0
4.02379e+06	0
4.02389e+06	0
4.02399e+06	0
4.02409e+06	0
4.02419e+06	0
4.02429e+06	0
4.02439e+06	0
4.02449e+06	0
4.02459e+06	0
4.02469e+06	0
4.02479e+06	0
4.02489e+06	0
4.02499e+06	0
4.02509e+06	0
4.02519e+06	0
4.02529e+06	0
4.02539e+06	0
4.02549e+06	0
4.02559e+06	0
4.02569e+06	0
4.02579e+06	0
4.02589e+06	0
4.02599e+06	0
4.02609e+06	0
4.02619e+06	0
4.02629e+06	0
4.02639e+06	0
4.02649e+06	0
4.02659e+06	0
4.02669e+06	0
4.02679e+06	0
4.02689e+06	0
4.02699e+06	0
4.02709e+06	0
4.02719e+06	0
4.02729e+06	0
4.02739e+06	0
4.02749e+06	0
4.02759e+06	0
4.02769e+06	0
4.02779e+06	0
4.02789e+06	0
4.02799e+06	0
4.02809e+06	0
4.02819e+06	0
4.02829e+06	0
4.02839e+06	0
4.02849e+06	0
4.02859e+06	0
4.02869e+06	0
4.02879e+06	0
4.02889e+06	0
4.02899e+06	0
4.02909e+06	0
4.02919e+06	0
4.02929e+06	0
4.02939e+06	0
4.02949e+06	0
4.02959e+06	0
4.02969e+06	0
4.02979e+06	0
4.02989e+06	0
4.02999e+06	0
4.03009e+06	0
4.03019e+06	0
4.03029e+06	0
4.03039e+06	0
4.03049e+06	0
4.03059e+06	0
4.03069e+06	0
4.03079e+06	0
4.03089e+06	0
4.03099e+06	0
4.03109e+06	0
4.03119e+06	0
4.03129e+06	0
4.03139e+06	0
4.03149e+06	0
4.03159e+06	0
4.03169e+06	0
4.03179e+06	0
4.03189e+06	0
4.03199e+06	0
4.03209e+06	0
4.03219e+06	0
4.03229e+06	0
4.03239e+06	0
4.03249e+06	0
4.03259e+06	0
4.03269e+06	0
4.03279e+06	0
4.03289e+06	0
4.03299e+06	0
4.03309e+06	0
4.03319e+06	0
4.03329e+06	0
4.03339e+06	0
4.03349e+06	0
4.03359e+06	0
4.03369e+06	0
4.03379e+06	0
4.03389e+06	0
4.03399e+06	0
4.03409e+06	0
4.03419e+06	0
4.03429e+06	0
4.03439e+06	0
4.03449e+06	0
4.03459e+06	0
4.03469e+06	0
4.03479e+06	0
4.03489e+06	0
4.03499e+06	0
4.03509e+06	0
4.03519e+06	0
4.03529e+06	0
4.03539e+06	0
4.03549e+06	0
4.03559e+06	0
4.03569e+06	0
4.03579e+06	0
4.03589e+06	0
4.03599e+06	0
4.03609e+06	0
4.03619e+06	0
4.03629e+06	0
4.03639e+06	0
4.03649e+06	0
4.03659e+06	0
4.03669e+06	0
4.03679e+06	0
4.03689e+06	0
4.03699e+06	0
4.03709e+06	0
4.03719e+06	0
4.03729e+06	0
4.03739e+06	0
4.03749e+06	0
4.03759e+06	0
4.03769e+06	0
4.03779e+06	0
4.03789e+06	0
4.03799e+06	0
4.03809e+06	0
4.03819e+06	0
4.03829e+06	0
4.03839e+06	0
4.03849e+06	0
4.03859e+06	0
4.03869e+06	0
4.03879e+06	0
4.03889e+06	0
4.03899e+06	0
4.03909e+06	0
4.03919e+06	0
4.03929e+06	0
4.03939e+06	0
4.03949e+06	0
4.03959e+06	0
4.03969e+06	0
4.03979e+06	0
4.03989e+06	0
4.03999e+06	0
4.04009e+06	0
4.04019e+06	0
4.04029e+06	0
4.04039e+06	0
4.04049e+06	0
4.04059e+06	0
4.04069e+06	0
4.04079e+06	0
4.04089e+06	0
4.04099e+06	0
4.04109e+06	0
4.04119e+06	0
4.04129e+06	0
4.04139e+06	0
4.04149e+06	0
4.04159e+06	0
4.04169e+06	0
4.04179e+06	0
4.04189e+06	0
4.04199e+06	0
4.04209e+06	0
4.04219e+06	0
4.04229e+06	0
4.04239e+06	0
4.04249e+06	0
4.04259e+06	0
4.04269e+06	0
4.04279e+06	0
4.04289e+06	0
4.04299e+06	0
4.04309e+06	0
4.04319e+06	0
4.04329e+06	0
4.04339e+06	0
4.04349e+06	0
4.04359e+06	0
4.04369e+06	0
4.04379e+06	0
4.04389e+06	0
4.04399e+06	0
4.04409e+06	0
4.04419e+06	0
4.04429e+06	0
4.04439e+06	0
4.04449e+06	0
4.04459e+06	0
4.04469e+06	0
4.04479e+06	0
4.04489e+06	0
4.04499e+06	0
4.04509e+06	0
4.04519e+06	0
4.04529e+06	0
4.04539e+06	0
4.04549e+06	0
4.04559e+06	0
4.04569e+06	0
4.04579e+06	0
4.04589e+06	0
4.04599e+06	0
4.04609e+06	0
4.04619e+06	0
4.04629e+06	0
4.04639e+06	0
4.04649e+06	0
4.04659e+06	0
4.04669e+06	0
4.04679e+06	0
4.04689e+06	0
4.04699e+06	0
4.04709e+06	0
4.04719e+06	0
4.04729e+06	0
4.04739e+06	0
4.04749e+06	0
4.04759e+06	0
4.04769e+06	0
4.04779e+06	0
4.04789e+06	0
4.04799e+06	0
4.04809e+06	0
4.04819e+06	0
4.04829e+06	0
4.04839e+06	0
4.04849e+06	0
4.04859e+06	0
4.04869e+06	0
4.04879e+06	0
4.04889e+06	0
4.04899e+06	0
4.04909e+06	0
4.04919e+06	0
4.04929e+06	0
4.04939e+06	0
4.04949e+06	0
4.04959e+06	0
4.04969e+06	0
4.04979e+06	0
4.04989e+06	0
4.04999e+06	0
4.05009e+06	0
4.05019e+06	0
4.05029e+06	0
4.05039e+06	0
4.05049e+06	0
4.05059e+06	0
4.05069e+06	0
4.05079e+06	0
4.05089e+06	0
4.05099e+06	0
4.05109e+06	0
4.05119e+06	0
4.05129e+06	0
4.05139e+06	0
4.05149e+06	0
4.05159e+06	0
4.05169e+06	0
4.05179e+06	0
4.05189e+06	0
4.05199e+06	0
4.05209e+06	0
4.05219e+06	0
4.05229e+06	0
4.05239e+06	0
4.05249e+06	0
4.05259e+06	0
4.05269e+06	0
4.05279e+06	0
4.05289e+06	0
4.05299e+06	0
4.05309e+06	0
4.05319e+06	0
4.05329e+06	0
4.05339e+06	0
4.05349e+06	0
4.05359e+06	0
4.05369e+06	0
4.05379e+06	0
4.05389e+06	0
4.05399e+06	0
4.05409e+06	0
4.05419e+06	0
4.05429e+06	0
4.05439e+06	0
4.05449e+06	0
4.05459e+06	0
4.05469e+06	0
4.05479e+06	0
4.05489e+06	0
4.05499e+06	0
4.05509e+06	0
4.05519e+06	0
4.05529e+06	0
4.05539e+06	0
4.05549e+06	0
4.05559e+06	0
4.05569e+06	0
4.05579e+06	0
4.05589e+06	0
4.05599e+06	0
4.05609e+06	0
4.05619e+06	0
4.05629e+06	0
4.05639e+06	0
4.05649e+06	0
4.05659e+06	0
4.05669e+06	0
4.05679e+06	0
4.05689e+06	0
4.05699e+06	0
4.05709e+06	0
4.05719e+06	0
4.05729e+06	0
4.05739e+06	0
4.05749e+06	0
4.05759e+06	0
4.05769e+06	0
4.05779e+06	0
4.05789e+06	0
4.05799e+06	0
4.05809e+06	0
4.05819e+06	0
4.05829e+06	0
4.05839e+06	0
4.05849e+06	0
4.05859e+06	0
4.05869e+06	0
4.05879e+06	0
4.05889e+06	0
4.05899e+06	0
4.05909e+06	0
4.05919e+06	0
4.05929e+06	0
4.05939e+06	0
4.05949e+06	0
4.05959e+06	0
4.05969e+06	0
4.05979e+06	0
4.05989e+06	0
4.05999e+06	0
4.06009e+06	0
4.06019e+06	0
4.06029e+06	0
4.06039e+06	0
4.06049e+06	0
4.06059e+06	0
4.06069e+06	0
4.06079e+06	0
4.06089e+06	0
4.06099e+06	0
4.06109e+06	0
4.06119e+06	0
4.06129e+06	0
4.06139e+06	0
4.06149e+06	0
4.06159e+06	0
4.06169e+06	0
4.06179e+06	0
4.06189e+06	0
4.06199e+06	0
4.06209e+06	0
4.06219e+06	0
4.06229e+06	0
4.06239e+06	0
4.06249e+06	0
4.06259e+06	0
4.06269e+06	0
4.06279e+06	0
4.06289e+06	0
4.06299e+06	0
4.06309e+06	0
4.06319e+06	0
4.06329e+06	0
4.06339e+06	0
4.06349e+06	0
4.06359e+06	0
4.06369e+06	0
4.06379e+06	0
4.06389e+06	0
4.06399e+06	0
4.06409e+06	0
4.06419e+06	0
4.06429e+06	0
4.06439e+06	0
4.06449e+06	0
4.06459e+06	0
4.06469e+06	0
4.06479e+06	0
4.06489e+06	0
4.06499e+06	0
4.06509e+06	0
4.06519e+06	0
4.06529e+06	0
4.06539e+06	0
4.06549e+06	0
4.06559e+06	0
4.06569e+06	0
4.06579e+06	0
4.06589e+06	0
4.06599e+06	0
4.06609e+06	0
4.06619e+06	0
4.06629e+06	0
4.06639e+06	0
4.06649e+06	0
4.06659e+06	0
4.06669e+06	0
4.06679e+06	0
4.06689e+06	0
4.06699e+06	0
4.06709e+06	0
4.06719e+06	0
4.06729e+06	0
4.06739e+06	0
4.06749e+06	0
4.06759e+06	0
4.06769e+06	0
4.06779e+06	0
4.06789e+06	0
4.06799e+06	0
4.06809e+06	0
4.06819e+06	0
4.06829e+06	0
4.06839e+06	0
4.06849e+06	0
4.06859e+06	0
4.06869e+06	0
4.06879e+06	0
4.06889e+06	0
4.06899e+06	0
4.06909e+06	0
4.06919e+06	0
4.06929e+06	0
4.06939e+06	0
4.06949e+06	0
4.06959e+06	0
4.06969e+06	0
4.06979e+06	0
4.06989e+06	0
4.06999e+06	0
4.07009e+06	0
4.07019e+06	0
4.07029e+06	0
4.07039e+06	0
4.07049e+06	0
4.07059e+06	0
4.07069e+06	0
4.07079e+06	0
4.07089e+06	0
4.07099e+06	0
4.07109e+06	0
4.07119e+06	0
4.07129e+06	0
4.07139e+06	0
4.07149e+06	0
4.07159e+06	0
4.07169e+06	0
4.07179e+06	0
4.07189e+06	0
4.07199e+06	0
4.07209e+06	0
4.07219e+06	0
4.07229e+06	0
4.07239e+06	0
4.07249e+06	0
4.07259e+06	0
4.07269e+06	0
4.07279e+06	0
4.07289e+06	0
4.07299e+06	0
4.07309e+06	0
4.07319e+06	0
4.07329e+06	0
4.07339e+06	0
4.07349e+06	0
4.07359e+06	0
4.07369e+06	0
4.07379e+06	0
4.07389e+06	0
4.07399e+06	0
4.07409e+06	0
4.07419e+06	0
4.07429e+06	0
4.07439e+06	0
4.07449e+06	0
4.07459e+06	0
4.07469e+06	0
4.07479e+06	0
4.07489e+06	0
4.07499e+06	0
4.07509e+06	0
4.07519e+06	0
4.07529e+06	0
4.07539e+06	0
4.07549e+06	0
4.07559e+06	0
4.07569e+06	0
4.07579e+06	0
4.07589e+06	0
4.07599e+06	0
4.07609e+06	0
4.07619e+06	0
4.07629e+06	0
4.07639e+06	0
4.07649e+06	0
4.07659e+06	0
4.07669e+06	0
4.07679e+06	0
4.07689e+06	0
4.07699e+06	0
4.07709e+06	0
4.07719e+06	0
4.07729e+06	0
4.07739e+06	0
4.07749e+06	0
4.07759e+06	0
4.07769e+06	0
4.07779e+06	0
4.07789e+06	0
4.07799e+06	0
4.07809e+06	0
4.07819e+06	0
4.07829e+06	0
4.07839e+06	0
4.07849e+06	0
4.07859e+06	0
4.07869e+06	0
4.07879e+06	0
4.07889e+06	0
4.07899e+06	0
4.07909e+06	0
4.07919e+06	0
4.07929e+06	0
4.07939e+06	0
4.07949e+06	0
4.07959e+06	0
4.07969e+06	0
4.07979e+06	0
4.07989e+06	0
4.07999e+06	0
4.08009e+06	0
4.08019e+06	0
4.08029e+06	0
4.08039e+06	0
4.08049e+06	0
4.08059e+06	0
4.08069e+06	0
4.08079e+06	0
4.08089e+06	0
4.08099e+06	0
4.08109e+06	0
4.08119e+06	0
4.08129e+06	0
4.08139e+06	0
4.08149e+06	0
4.08159e+06	0
4.08169e+06	0
4.08179e+06	0
4.08189e+06	0
4.08199e+06	0
4.08209e+06	0
4.08219e+06	0
4.08229e+06	0
4.08239e+06	0
4.08249e+06	0
4.08259e+06	0
4.08269e+06	0
4.08279e+06	0
4.08289e+06	0
4.08299e+06	0
4.08309e+06	0
4.08319e+06	0
4.08329e+06	0
4.08339e+06	0
4.08349e+06	0
4.08359e+06	0
4.08369e+06	0
4.08379e+06	0
4.08389e+06	0
4.08399e+06	0
4.08409e+06	0
4.08419e+06	0
4.08429e+06	0
4.08439e+06	0
4.08449e+06	0
4.08459e+06	0
4.08469e+06	0
4.08479e+06	0
4.08489e+06	0
4.08499e+06	0
4.08509e+06	0
4.08519e+06	0
4.08529e+06	0
4.08539e+06	0
4.08549e+06	0
4.08559e+06	0
4.08569e+06	0
4.08579e+06	0
4.08589e+06	0
4.08599e+06	0
4.08609e+06	0
4.08619e+06	0
4.08629e+06	0
4.08639e+06	0
4.08649e+06	0
4.08659e+06	0
4.08669e+06	0
4.08679e+06	0
4.08689e+06	0
4.08699e+06	0
4.08709e+06	0
4.08719e+06	0
4.08729e+06	0
4.08739e+06	0
4.08749e+06	0
4.08759e+06	0
4.08769e+06	0
4.08779e+06	0
4.08789e+06	0
4.08799e+06	0
4.08809e+06	0
4.08819e+06	0
4.08829e+06	0
4.08839e+06	0
4.08849e+06	0
4.08859e+06	0
4.08869e+06	0
4.08879e+06	0
4.08889e+06	0
4.08899e+06	0
4.08909e+06	0
4.08919e+06	0
4.08929e+06	0
4.08939e+06	0
4.08949e+06	0
4.08959e+06	0
4.08969e+06	0
4.08979e+06	0
4.08989e+06	0
4.08999e+06	0
4.09009e+06	0
4.09019e+06	0
4.09029e+06	0
4.09039e+06	0
4.09049e+06	0
4.09059e+06	0
4.09069e+06	0
4.09079e+06	0
4.09089e+06	0
4.09099e+06	0
4.09109e+06	0
4.09119e+06	0
4.09129e+06	0
4.09139e+06	0
4.09149e+06	0
4.09159e+06	0
4.09169e+06	0
4.09179e+06	0
4.09189e+06	0
4.09199e+06	0
4.09209e+06	0
4.09219e+06	0
4.09229e+06	0
4.09239e+06	0
4.09249e+06	0
4.09259e+06	0
4.09269e+06	0
4.09279e+06	0
4.09289e+06	0
4.09299e+06	0
4.09309e+06	0
4.09319e+06	0
4.09329e+06	0
4.09339e+06	0
4.09349e+06	0
4.09359e+06	0
4.09369e+06	0
4.09379e+06	0
4.09389e+06	0
4.09399e+06	0
4.09409e+06	0
4.09419e+06	0
4.09429e+06	0
4.09439e+06	0
4.09449e+06	0
4.09459e+06	0
4.09469e+06	0
4.09479e+06	0
4.09489e+06	0
4.09499e+06	0
4.09509e+06	0
4.09519e+06	0
4.09529e+06	0
4.09539e+06	0
4.09549e+06	0
4.09559e+06	0
4.09569e+06	0
4.09579e+06	0
4.09589e+06	0
4.09599e+06	0
4.09609e+06	0
4.09619e+06	0
4.09629e+06	0
4.09639e+06	0
4.09649e+06	0
4.09659e+06	0
4.09669e+06	0
4.09679e+06	0
4.09689e+06	0
4.09699e+06	0
4.09709e+06	0
4.09719e+06	0
4.09729e+06	0
4.09739e+06	0
4.09749e+06	0
4.09759e+06	0
4.09769e+06	0
4.09779e+06	0
4.09789e+06	0
4.09799e+06	0
4.09809e+06	0
4.09819e+06	0
4.09829e+06	0
4.09839e+06	0
4.09849e+06	0
4.09859e+06	0
4.09869e+06	0
4.09879e+06	0
4.09889e+06	0
4.09899e+06	0
4.09909e+06	0
4.09919e+06	0
4.09929e+06	0
4.09939e+06	0
4.09949e+06	0
4.09959e+06	0
4.09969e+06	0
4.09979e+06	0
4.09989e+06	0
4.09999e+06	0
4.10009e+06	0
4.10019e+06	0
4.10029e+06	0
4.10039e+06	0
4.10049e+06	0
4.10059e+06	0
4.10069e+06	0
4.10079e+06	0
4.10089e+06	0
4.10099e+06	0
4.10109e+06	0
4.10119e+06	0
4.10129e+06	0
4.10139e+06	0
4.10149e+06	0
4.10159e+06	0
4.10169e+06	0
4.10179e+06	0
4.10189e+06	0
4.10199e+06	0
4.10209e+06	0
4.10219e+06	0
4.10229e+06	0
4.10239e+06	0
4.10249e+06	0
4.10259e+06	0
4.10269e+06	0
4.10279e+06	0
4.10289e+06	0
4.10299e+06	0
4.10309e+06	0
4.10319e+06	0
4.10329e+06	0
4.10339e+06	0
4.10349e+06	0
4.10359e+06	0
4.10369e+06	0
4.10379e+06	0
4.10389e+06	0
4.10399e+06	0
4.10409e+06	0
4.10419e+06	0
4.10429e+06	0
4.10439e+06	0
4.10449e+06	0
4.10459e+06	0
4.10469e+06	0
4.10479e+06	0
4.10489e+06	0
4.10499e+06	0
4.10509e+06	0
4.10519e+06	0
4.10529e+06	0
4.10539e+06	0
4.10549e+06	0
4.10559e+06	0
4.10569e+06	0
4.10579e+06	0
4.10589e+06	0
4.10599e+06	0
4.10609e+06	0
4.10619e+06	0
4.10629e+06	0
4.10639e+06	0
4.10649e+06	0
4.10659e+06	0
4.10669e+06	0
4.10679e+06	0
4.10689e+06	0
4.10699e+06	0
4.10709e+06	0
4.10719e+06	0
4.10729e+06	0
4.10739e+06	0
4.10749e+06	0
4.10759e+06	0
4.10769e+06	0
4.10779e+06	0
4.10789e+06	0
4.10799e+06	0
4.10809e+06	0
4.10819e+06	0
4.10829e+06	0
4.10839e+06	0
4.10849e+06	0
4.10859e+06	0
4.10869e+06	0
4.10879e+06	0
4.10889e+06	0
4.10899e+06	0
4.10909e+06	0
4.10919e+06	0
4.10929e+06	0
4.10939e+06	0
4.10949e+06	0
4.10959e+06	0
4.10969e+06	0
4.10979e+06	0
4.10989e+06	0
4.10999e+06	0
4.11009e+06	0
4.11019e+06	0
4.11029e+06	0
4.11039e+06	0
4.11049e+06	0
4.11059e+06	0
4.11069e+06	0
4.11079e+06	0
4.11089e+06	0
4.11099e+06	0
4.11109e+06	0
4.11119e+06	0
4.11129e+06	0
4.11139e+06	0
4.11149e+06	0
4.11159e+06	0
4.11169e+06	0
4.11179e+06	0
4.11189e+06	0
4.11199e+06	0
4.11209e+06	0
4.11219e+06	0
4.11229e+06	0
4.11239e+06	0
4.11249e+06	0
4.11259e+06	0
4.11269e+06	0
4.11279e+06	0
4.11289e+06	0
4.11299e+06	0
4.11309e+06	0
4.11319e+06	0
4.11329e+06	0
4.11339e+06	0
4.11349e+06	0
4.11359e+06	0
4.11369e+06	0
4.11379e+06	0
4.11389e+06	0
4.11399e+06	0
4.11409e+06	0
4.11419e+06	0
4.11429e+06	0
4.11439e+06	0
4.11449e+06	0
4.11459e+06	0
4.11469e+06	0
4.11479e+06	0
4.11489e+06	0
4.11499e+06	0
4.11509e+06	0
4.11519e+06	0
4.11529e+06	0
4.11539e+06	0
4.11549e+06	0
4.11559e+06	0
4.11569e+06	0
4.11579e+06	0
4.11589e+06	0
4.11599e+06	0
4.11609e+06	0
4.11619e+06	0
4.11629e+06	0
4.11639e+06	0
4.11649e+06	0
4.11659e+06	0
4.11669e+06	0
4.11679e+06	0
4.11689e+06	0
4.11699e+06	0
4.11709e+06	0
4.11719e+06	0
4.11729e+06	0
4.11739e+06	0
4.11749e+06	0
4.11759e+06	0
4.11769e+06	0
4.11779e+06	0
4.11789e+06	0
4.11799e+06	0
4.11809e+06	0
4.11819e+06	0
4.11829e+06	0
4.11839e+06	0
4.11849e+06	0
4.11859e+06	0
4.11869e+06	0
4.11879e+06	0
4.11889e+06	0
4.11899e+06	0
4.11909e+06	0
4.11919e+06	0
4.11929e+06	0
4.11939e+06	0
4.11949e+06	0
4.11959e+06	0
4.11969e+06	0
4.11979e+06	0
4.11989e+06	0
4.11999e+06	0
4.12009e+06	0
4.12019e+06	0
4.12029e+06	0
4.12039e+06	0
4.12049e+06	0
4.12059e+06	0
4.12069e+06	0
4.12079e+06	0
4.12089e+06	0
4.12099e+06	0
4.12109e+06	0
4.12119e+06	0
4.12129e+06	0
4.12139e+06	0
4.12149e+06	0
4.12159e+06	0
4.12169e+06	0
4.12179e+06	0
4.12189e+06	0
4.12199e+06	0
4.12209e+06	0
4.12219e+06	0
4.12229e+06	0
4.12239e+06	0
4.12249e+06	0
4.12259e+06	0
4.12269e+06	0
4.12279e+06	0
4.12289e+06	0
4.12299e+06	0
4.12309e+06	0
4.12319e+06	0
4.12329e+06	0
4.12339e+06	0
4.12349e+06	0
4.12359e+06	0
4.12369e+06	0
4.12379e+06	0
4.12389e+06	0
4.12399e+06	0
4.12409e+06	0
4.12419e+06	0
4.12429e+06	0
4.12439e+06	0
4.12449e+06	0
4.12459e+06	0
4.12469e+06	0
4.12479e+06	0
4.12489e+06	0
4.12499e+06	0
4.12509e+06	0
4.12519e+06	0
4.12529e+06	0
4.12539e+06	0
4.12549e+06	0
4.12559e+06	0
4.12569e+06	0
4.12579e+06	0
4.12589e+06	0
4.12599e+06	0
4.12609e+06	0
4.12619e+06	0
4.12629e+06	0
4.12639e+06	0
4.12649e+06	0
4.12659e+06	0
4.12669e+06	0
4.12679e+06	0
4.12689e+06	0
4.12699e+06	0
4.12709e+06	0
4.12719e+06	0
4.12729e+06	0
4.12739e+06	0
4.12749e+06	0
4.12759e+06	0
4.12769e+06	0
4.12779e+06	0
4.12789e+06	0
4.12799e+06	0
4.12809e+06	0
4.12819e+06	0
4.12829e+06	0
4.12839e+06	0
4.12849e+06	0
4.12859e+06	0
4.12869e+06	0
4.12879e+06	0
4.12889e+06	0
4.12899e+06	0
4.12909e+06	0
4.12919e+06	0
4.12929e+06	0
4.12939e+06	0
4.12949e+06	0
4.12959e+06	0
4.12969e+06	0
4.12979e+06	0
4.12989e+06	0
4.12999e+06	0
4.13009e+06	0
4.13019e+06	0
4.13029e+06	0
4.13039e+06	0
4.13049e+06	0
4.13059e+06	0
4.13069e+06	0
4.13079e+06	0
4.13089e+06	0
4.13099e+06	0
4.13109e+06	0
4.13119e+06	0
4.13129e+06	0
4.13139e+06	0
4.13149e+06	0
4.13159e+06	0
4.13169e+06	0
4.13179e+06	0
4.13189e+06	0
4.13199e+06	0
4.13209e+06	0
4.13219e+06	0
4.13229e+06	0
4.13239e+06	0
4.13249e+06	0
4.13259e+06	0
4.13269e+06	0
4.13279e+06	0
4.13289e+06	0
4.13299e+06	0
4.13309e+06	0
4.13319e+06	0
4.13329e+06	0
4.13339e+06	0
4.13349e+06	0
4.13359e+06	0
4.13369e+06	0
4.13379e+06	0
4.13389e+06	0
4.13399e+06	0
4.13409e+06	0
4.13419e+06	0
4.13429e+06	0
4.13439e+06	0
4.13449e+06	0
4.13459e+06	0
4.13469e+06	0
4.13479e+06	0
4.13489e+06	0
4.13499e+06	0
4.13509e+06	0
4.13519e+06	0
4.13529e+06	0
4.13539e+06	0
4.13549e+06	0
4.13559e+06	0
4.13569e+06	0
4.13579e+06	0
4.13589e+06	0
4.13599e+06	0
4.13609e+06	0
4.13619e+06	0
4.13629e+06	0
4.13639e+06	0
4.13649e+06	0
4.13659e+06	0
4.13669e+06	0
4.13679e+06	0
4.13689e+06	0
4.13699e+06	0
4.13709e+06	0
4.13719e+06	0
4.13729e+06	0
4.13739e+06	0
4.13749e+06	0
4.13759e+06	0
4.13769e+06	0
4.13779e+06	0
4.13789e+06	0
4.13799e+06	0
4.13809e+06	0
4.13819e+06	0
4.13829e+06	0
4.13839e+06	0
4.13849e+06	0
4.13859e+06	0
4.13869e+06	0
4.13879e+06	0
4.13889e+06	0
4.13899e+06	0
4.13909e+06	0
4.13919e+06	0
4.13929e+06	0
4.13939e+06	0
4.13949e+06	0
4.13959e+06	0
4.13969e+06	0
4.13979e+06	0
4.13989e+06	0
4.13999e+06	0
4.14009e+06	0
4.14019e+06	0
4.14029e+06	0
4.14039e+06	0
4.14049e+06	0
4.14059e+06	0
4.14069e+06	0
4.14079e+06	0
4.14089e+06	0
4.14099e+06	0
4.14109e+06	0
4.14119e+06	0
4.14129e+06	0
4.14139e+06	0
4.14149e+06	0
4.14159e+06	0
4.14169e+06	0
4.14179e+06	0
4.14189e+06	0
4.14199e+06	0
4.14209e+06	0
4.14219e+06	0
4.14229e+06	0
4.14239e+06	0
4.14249e+06	0
4.14259e+06	0
4.14269e+06	0
4.14279e+06	0
4.14289e+06	0
4.14299e+06	0
4.14309e+06	0
4.14319e+06	0
4.14329e+06	0
4.14339e+06	0
4.14349e+06	0
4.14359e+06	0
4.14369e+06	0
4.14379e+06	0
4.14389e+06	0
4.14399e+06	0
4.14409e+06	0
4.14419e+06	0
4.14429e+06	0
4.14439e+06	0
4.14449e+06	0
4.14459e+06	0
4.14469e+06	0
4.14479e+06	0
4.14489e+06	0
4.14499e+06	0
4.14509e+06	0
4.14519e+06	0
4.14529e+06	0
4.14539e+06	0
4.14549e+06	0
4.14559e+06	0
4.14569e+06	0
4.14579e+06	0
4.14589e+06	0
4.14599e+06	0
4.14609e+06	0
4.14619e+06	0
4.14629e+06	0
4.14639e+06	0
4.14649e+06	0
4.14659e+06	0
4.14669e+06	0
4.14679e+06	0
4.14689e+06	0
4.14699e+06	0
4.14709e+06	0
4.14719e+06	0
4.14729e+06	0
4.14739e+06	0
4.14749e+06	0
4.14759e+06	0
4.14769e+06	0
4.14779e+06	0
4.14789e+06	0
4.14799e+06	0
4.14809e+06	0
4.14819e+06	0
4.14829e+06	0
4.14839e+06	0
4.14849e+06	0
4.14859e+06	0
4.14869e+06	0
4.14879e+06	0
4.14889e+06	0
4.14899e+06	0
4.14909e+06	0
4.14919e+06	0
4.14929e+06	0
4.14939e+06	0
4.14949e+06	0
4.14959e+06	0
4.14969e+06	0
4.14979e+06	0
4.14989e+06	0
4.14999e+06	0
4.15009e+06	0
4.15019e+06	0
4.15029e+06	0
4.15039e+06	0
4.15049e+06	0
4.15059e+06	0
4.15069e+06	0
4.15079e+06	0
4.15089e+06	0
4.15099e+06	0
4.15109e+06	0
4.15119e+06	0
4.15129e+06	0
4.15139e+06	0
4.15149e+06	0
4.15159e+06	0
4.15169e+06	0
4.15179e+06	0
4.15189e+06	0
4.15199e+06	0
4.15209e+06	0
4.15219e+06	0
4.15229e+06	0
4.15239e+06	0
4.15249e+06	0
4.15259e+06	0
4.15269e+06	0
4.15279e+06	0
4.15289e+06	0
4.15299e+06	0
4.15309e+06	0
4.15319e+06	0
4.15329e+06	0
4.15339e+06	0
4.15349e+06	0
4.15359e+06	0
4.15369e+06	0
4.15379e+06	0
4.15389e+06	0
4.15399e+06	0
4.15409e+06	0
4.15419e+06	0
4.15429e+06	0
4.15439e+06	0
4.15449e+06	0
4.15459e+06	0
4.15469e+06	0
4.15479e+06	0
4.15489e+06	0
4.15499e+06	0
4.15509e+06	0
4.15519e+06	0
4.15529e+06	0
4.15539e+06	0
4.15549e+06	0
4.15559e+06	0
4.15569e+06	0
4.15579e+06	0
4.15589e+06	0
4.15599e+06	0
4.15609e+06	0
4.15619e+06	0
4.15629e+06	0
4.15639e+06	0
4.15649e+06	0
4.15659e+06	0
4.15669e+06	0
4.15679e+06	0
4.15689e+06	0
4.15699e+06	0
4.15709e+06	0
4.15719e+06	0
4.15729e+06	0
4.15739e+06	0
4.15749e+06	0
4.15759e+06	0
4.15769e+06	0
4.15779e+06	0
4.15789e+06	0
4.15799e+06	0
4.15809e+06	0
4.15819e+06	0
4.15829e+06	0
4.15839e+06	0
4.15849e+06	0
4.15859e+06	0
4.15869e+06	0
4.15879e+06	0
4.15889e+06	0
4.15899e+06	0
4.15909e+06	0
4.15919e+06	0
4.15929e+06	0
4.15939e+06	0
4.15949e+06	0
4.15959e+06	0
4.15969e+06	0
4.15979e+06	0
4.15989e+06	0
4.15999e+06	0
4.16009e+06	0
4.16019e+06	0
4.16029e+06	0
4.16039e+06	0
4.16049e+06	0
4.16059e+06	0
4.16069e+06	0
4.16079e+06	0
4.16089e+06	0
4.16099e+06	0
4.16109e+06	0
4.16119e+06	0
4.16129e+06	0
4.16139e+06	0
4.16149e+06	0
4.16159e+06	0
4.16169e+06	0
4.16179e+06	0
4.16189e+06	0
4.16199e+06	0
4.16209e+06	0
4.16219e+06	0
4.16229e+06	0
4.16239e+06	0
4.16249e+06	0
4.16259e+06	0
4.16269e+06	0
4.16279e+06	0
4.16289e+06	0
4.16299e+06	0
4.16309e+06	0
4.16319e+06	0
4.16329e+06	0
4.16339e+06	0
4.16349e+06	0
4.16359e+06	0
4.16369e+06	0
4.16379e+06	0
4.16389e+06	0
4.16399e+06	0
4.16409e+06	0
4.16419e+06	0
4.16429e+06	0
4.16439e+06	0
4.16449e+06	0
4.16459e+06	0
4.16469e+06	0
4.16479e+06	0
4.16489e+06	0
4.16499e+06	0
4.16509e+06	0
4.16519e+06	0
4.16529e+06	0
4.16539e+06	0
4.16549e+06	0
4.16559e+06	0
4.16569e+06	0
4.16579e+06	0
4.16589e+06	0
4.16599e+06	0
4.16609e+06	0
4.16619e+06	0
4.16629e+06	0
4.16639e+06	0
4.16649e+06	0
4.16659e+06	0
4.16669e+06	0
4.16679e+06	0
4.16689e+06	0
4.16699e+06	0
4.16709e+06	0
4.16719e+06	0
4.16729e+06	0
4.16739e+06	0
4.16749e+06	0
4.16759e+06	0
4.16769e+06	0
4.16779e+06	0
4.16789e+06	0
4.16799e+06	0
4.16809e+06	0
4.16819e+06	0
4.16829e+06	0
4.16839e+06	0
4.16849e+06	0
4.16859e+06	0
4.16869e+06	0
4.16879e+06	0
4.16889e+06	0
4.16899e+06	0
4.16909e+06	0
4.16919e+06	0
4.16929e+06	0
4.16939e+06	0
4.16949e+06	0
4.16959e+06	0
4.16969e+06	0
4.16979e+06	0
4.16989e+06	0
4.16999e+06	0
4.17009e+06	0
4.17019e+06	0
4.17029e+06	0
4.17039e+06	0
4.17049e+06	0
4.17059e+06	0
4.17069e+06	0
4.17079e+06	0
4.17089e+06	0
4.17099e+06	0
4.17109e+06	0
4.17119e+06	0
4.17129e+06	0
4.17139e+06	0
4.17149e+06	0
4.17159e+06	0
4.17169e+06	0
4.17179e+06	0
4.17189e+06	0
4.17199e+06	0
4.17209e+06	0
4.17219e+06	0
4.17229e+06	0
4.17239e+06	0
4.17249e+06	0
4.17259e+06	0
4.17269e+06	0
4.17279e+06	0
4.17289e+06	0
4.17299e+06	0
4.17309e+06	0
4.17319e+06	0
4.17329e+06	0
4.17339e+06	0
4.17349e+06	0
4.17359e+06	0
4.17369e+06	0
4.17379e+06	0
4.17389e+06	0
4.17399e+06	0
4.17409e+06	0
4.17419e+06	0
4.17429e+06	0
4.17439e+06	0
4.17449e+06	0
4.17459e+06	0
4.17469e+06	0
4.17479e+06	0
4.17489e+06	0
4.17499e+06	0
4.17509e+06	0
4.17519e+06	0
4.17529e+06	0
4.17539e+06	0
4.17549e+06	0
4.17559e+06	0
4.17569e+06	0
4.17579e+06	0
4.17589e+06	0
4.17599e+06	0
4.17609e+06	0
4.17619e+06	0
4.17629e+06	0
4.17639e+06	0
4.17649e+06	0
4.17659e+06	0
4.17669e+06	0
4.17679e+06	0
4.17689e+06	0
4.17699e+06	0
4.17709e+06	0
4.17719e+06	0
4.17729e+06	0
4.17739e+06	0
4.17749e+06	0
4.17759e+06	0
4.17769e+06	0
4.17779e+06	0
4.17789e+06	0
4.17799e+06	0
4.17809e+06	0
4.17819e+06	0
4.17829e+06	0
4.17839e+06	0
4.17849e+06	0
4.17859e+06	0
4.17869e+06	0
4.17879e+06	0
4.17889e+06	0
4.17899e+06	0
4.17909e+06	0
4.17919e+06	0
4.17929e+06	0
4.17939e+06	0
4.17949e+06	0
4.17959e+06	0
4.17969e+06	0
4.17979e+06	0
4.17989e+06	0
4.17999e+06	0
4.18009e+06	0
4.18019e+06	0
4.18029e+06	0
4.18039e+06	0
4.18049e+06	0
4.18059e+06	0
4.18069e+06	0
4.18079e+06	0
4.18089e+06	0
4.18099e+06	0
4.18109e+06	0
4.18119e+06	0
4.18129e+06	0
4.18139e+06	0
4.18149e+06	0
4.18159e+06	0
4.18169e+06	0
4.18179e+06	0
4.18189e+06	0
4.18199e+06	0
4.18209e+06	0
4.18219e+06	0
4.18229e+06	0
4.18239e+06	0
4.18249e+06	0
4.18259e+06	0
4.18269e+06	0
4.18279e+06	0
4.18289e+06	0
4.18299e+06	0
4.18309e+06	0
4.18319e+06	0
4.18329e+06	0
4.18339e+06	0
4.18349e+06	0
4.18359e+06	0
4.18369e+06	0
4.18379e+06	0
4.18389e+06	0
4.18399e+06	0
4.18409e+06	0
4.18419e+06	0
4.18429e+06	0
4.18439e+06	0
4.18449e+06	0
4.18459e+06	0
4.18469e+06	0
4.18479e+06	0
4.18489e+06	0
4.18499e+06	0
4.18509e+06	0
4.18519e+06	0
4.18529e+06	0
4.18539e+06	0
4.18549e+06	0
4.18559e+06	0
4.18569e+06	0
4.18579e+06	0
4.18589e+06	0
4.18599e+06	0
4.18609e+06	0
4.18619e+06	0
4.18629e+06	0
4.18639e+06	0
4.18649e+06	0
4.18659e+06	0
4.18669e+06	0
4.18679e+06	0
4.18689e+06	0
4.18699e+06	0
4.18709e+06	0
4.18719e+06	0
4.18729e+06	0
4.18739e+06	0
4.18749e+06	0
4.18759e+06	0
4.18769e+06	0
4.18779e+06	0
4.18789e+06	0
4.18799e+06	0
4.18809e+06	0
4.18819e+06	0
4.18829e+06	0
4.18839e+06	0
4.18849e+06	0
4.18859e+06	0
4.18869e+06	0
4.18879e+06	0
4.18889e+06	0
4.18899e+06	0
4.18909e+06	0
4.18919e+06	0
4.18929e+06	0
4.18939e+06	0
4.18949e+06	0
4.18959e+06	0
4.18969e+06	0
4.18979e+06	0
4.18989e+06	0
4.18999e+06	0
4.19009e+06	0
4.19019e+06	0
4.19029e+06	0
4.19039e+06	0
4.19049e+06	0
4.19059e+06	0
4.19069e+06	0
4.19079e+06	0
4.19089e+06	0
4.19099e+06	0
4.19109e+06	0
4.19119e+06	0
4.19129e+06	0
4.19139e+06	0
4.19149e+06	0
4.19159e+06	0
4.19169e+06	0
4.19179e+06	0
4.19189e+06	0
4.19199e+06	0
4.19209e+06	0
4.19219e+06	0
4.19229e+06	0
4.19239e+06	0
4.19249e+06	0
4.19259e+06	0
4.19269e+06	0
4.19279e+06	0
4.19289e+06	0
4.19299e+06	0
4.19309e+06	0
4.19319e+06	0
4.19329e+06	0
4.19339e+06	0
4.19349e+06	0
4.19359e+06	0
4.19369e+06	0
4.19379e+06	0
4.19389e+06	0
4.19399e+06	0
4.19409e+06	0
4.19419e+06	0
4.19429e+06	0
4.19439e+06	0
4.19449e+06	0
4.19459e+06	0
4.19469e+06	0
4.19479e+06	0
4.19489e+06	0
4.19499e+06	0
4.19509e+06	0
4.19519e+06	0
4.19529e+06	0
4.19539e+06	0
4.19549e+06	0
4.19559e+06	0
4.19569e+06	0
4.19579e+06	0
4.19589e+06	0
4.19599e+06	0
4.19609e+06	0
4.19619e+06	0
4.19629e+06	0
4.19639e+06	0
4.19649e+06	0
4.19659e+06	0
4.19669e+06	0
4.19679e+06	0
4.19689e+06	0
4.19699e+06	0
4.19709e+06	0
4.19719e+06	0
4.19729e+06	0
4.19739e+06	0
4.19749e+06	0
4.19759e+06	0
4.19769e+06	0
4.19779e+06	0
4.19789e+06	0
4.19799e+06	0
4.19809e+06	0
4.19819e+06	0
4.19829e+06	0
4.19839e+06	0
4.19849e+06	0
4.19859e+06	0
4.19869e+06	0
4.19879e+06	0
4.19889e+06	0
4.19899e+06	0
4.19909e+06	0
4.19919e+06	0
4.19929e+06	0
4.19939e+06	0
4.19949e+06	0
4.19959e+06	0
4.19969e+06	0
4.19979e+06	0
4.19989e+06	0
4.19999e+06	0
4.20009e+06	0
4.20019e+06	0
4.20029e+06	0
4.20039e+06	0
4.20049e+06	0
4.20059e+06	0
4.20069e+06	0
4.20079e+06	0
4.20089e+06	0
4.20099e+06	0
4.20109e+06	0
4.20119e+06	0
4.20129e+06	0
4.20139e+06	0
4.20149e+06	0
4.20159e+06	0
4.20169e+06	0
4.20179e+06	0
4.20189e+06	0
4.20199e+06	0
4.20209e+06	0
4.20219e+06	0
4.20229e+06	0
4.20239e+06	0
4.20249e+06	0
4.20259e+06	0
4.20269e+06	0
4.20279e+06	0
4.20289e+06	0
4.20299e+06	0
4.20309e+06	0
4.20319e+06	0
4.20329e+06	0
4.20339e+06	0
4.20349e+06	0
4.20359e+06	0
4.20369e+06	0
4.20379e+06	0
4.20389e+06	0
4.20399e+06	0
4.20409e+06	0
4.20419e+06	0
4.20429e+06	0
4.20439e+06	0
4.20449e+06	0
4.20459e+06	0
4.20469e+06	0
4.20479e+06	0
4.20489e+06	0
4.20499e+06	0
4.20509e+06	0
4.20519e+06	0
4.20529e+06	0
4.20539e+06	0
4.20549e+06	0
4.20559e+06	0
4.20569e+06	0
4.20579e+06	0
4.20589e+06	0
4.20599e+06	0
4.20609e+06	0
4.20619e+06	0
4.20629e+06	0
4.20639e+06	0
4.20649e+06	0
4.20659e+06	0
4.20669e+06	0
4.20679e+06	0
4.20689e+06	0
4.20699e+06	0
4.20709e+06	0
4.20719e+06	0
4.20729e+06	0
4.20739e+06	0
4.20749e+06	0
4.20759e+06	0
4.20769e+06	0
4.20779e+06	0
4.20789e+06	0
4.20799e+06	0
4.20809e+06	0
4.20819e+06	0
4.20829e+06	0
4.20839e+06	0
4.20849e+06	0
4.20859e+06	0
4.20869e+06	0
4.20879e+06	0
4.20889e+06	0
4.20899e+06	0
4.20909e+06	0
4.20919e+06	0
4.20929e+06	0
4.20939e+06	0
4.20949e+06	0
4.20959e+06	0
4.20969e+06	0
4.20979e+06	0
4.20989e+06	0
4.20999e+06	0
4.21009e+06	0
4.21019e+06	0
4.21029e+06	0
4.21039e+06	0
4.21049e+06	0
4.21059e+06	0
4.21069e+06	0
4.21079e+06	0
4.21089e+06	0
4.21099e+06	0
4.21109e+06	0
4.21119e+06	0
4.21129e+06	0
4.21139e+06	0
4.21149e+06	0
4.21159e+06	0
4.21169e+06	0
4.21179e+06	0
4.21189e+06	0
4.21199e+06	0
4.21209e+06	0
4.21219e+06	0
4.21229e+06	0
4.21239e+06	0
4.21249e+06	0
4.21259e+06	0
4.21269e+06	0
4.21279e+06	0
4.21289e+06	0
4.21299e+06	0
4.21309e+06	0
4.21319e+06	0
4.21329e+06	0
4.21339e+06	0
4.21349e+06	0
4.21359e+06	0
4.21369e+06	0
4.21379e+06	0
4.21389e+06	0
4.21399e+06	0
4.21409e+06	0
4.21419e+06	0
4.21429e+06	0
4.21439e+06	0
4.21449e+06	0
4.21459e+06	0
4.21469e+06	0
4.21479e+06	0
4.21489e+06	0
4.21499e+06	0
4.21509e+06	0
4.21519e+06	0
4.21529e+06	0
4.21539e+06	0
4.21549e+06	0
4.21559e+06	0
4.21569e+06	0
4.21579e+06	0
4.21589e+06	0
4.21599e+06	0
4.21609e+06	0
4.21619e+06	0
4.21629e+06	0
4.21639e+06	0
4.21649e+06	0
4.21659e+06	0
4.21669e+06	0
4.21679e+06	0
4.21689e+06	0
4.21699e+06	0
4.21709e+06	0
4.21719e+06	0
4.21729e+06	0
4.21739e+06	0
4.21749e+06	0
4.21759e+06	0
4.21769e+06	0
4.21779e+06	0
4.21789e+06	0
4.21799e+06	0
4.21809e+06	0
4.21819e+06	0
4.21829e+06	0
4.21839e+06	0
4.21849e+06	0
4.21859e+06	0
4.21869e+06	0
4.21879e+06	0
4.21889e+06	0
4.21899e+06	0
4.21909e+06	0
4.21919e+06	0
4.21929e+06	0
4.21939e+06	0
4.21949e+06	0
4.21959e+06	0
4.21969e+06	0
4.21979e+06	0
4.21989e+06	0
4.21999e+06	0
4.22009e+06	0
4.22019e+06	0
4.22029e+06	0
4.22039e+06	0
4.22049e+06	0
4.22059e+06	0
4.22069e+06	0
4.22079e+06	0
4.22089e+06	0
4.22099e+06	0
4.22109e+06	0
4.22119e+06	0
4.22129e+06	0
4.22139e+06	0
4.22149e+06	0
4.22159e+06	0
4.22169e+06	0
4.22179e+06	0
4.22189e+06	0
4.22199e+06	0
4.22209e+06	0
4.22219e+06	0
4.22229e+06	0
4.22239e+06	0
4.22249e+06	0
4.22259e+06	0
4.22269e+06	0
4.22279e+06	0
4.22289e+06	0
4.22299e+06	0
4.22309e+06	0
4.22319e+06	0
4.22329e+06	0
4.22339e+06	0
4.22349e+06	0
4.22359e+06	0
4.22369e+06	0
4.22379e+06	0
4.22389e+06	0
4.22399e+06	0
4.22409e+06	0
4.22419e+06	0
4.22429e+06	0
4.22439e+06	0
4.22449e+06	0
4.22459e+06	0
4.22469e+06	0
4.22479e+06	0
4.22489e+06	0
4.22499e+06	0
4.22509e+06	0
4.22519e+06	0
4.22529e+06	0
4.22539e+06	0
4.22549e+06	0
4.22559e+06	0
4.22569e+06	0
4.22579e+06	0
4.22589e+06	0
4.22599e+06	0
4.22609e+06	0
4.22619e+06	0
4.22629e+06	0
4.22639e+06	0
4.22649e+06	0
4.22659e+06	0
4.22669e+06	0
4.22679e+06	0
4.22689e+06	0
4.22699e+06	0
4.22709e+06	0
4.22719e+06	0
4.22729e+06	0
4.22739e+06	0
4.22749e+06	0
4.22759e+06	0
4.22769e+06	0
4.22779e+06	0
4.22789e+06	0
4.22799e+06	0
4.22809e+06	0
4.22819e+06	0
4.22829e+06	0
4.22839e+06	0
4.22849e+06	0
4.22859e+06	0
4.22869e+06	0
4.22879e+06	0
4.22889e+06	0
4.22899e+06	0
4.22909e+06	0
4.22919e+06	0
4.22929e+06	0
4.22939e+06	0
4.22949e+06	0
4.22959e+06	0
4.22969e+06	0
4.22979e+06	0
4.22989e+06	0
4.22999e+06	0
4.23009e+06	0
4.23019e+06	0
4.23029e+06	0
4.23039e+06	0
4.23049e+06	0
4.23059e+06	0
4.23069e+06	0
4.23079e+06	0
4.23089e+06	0
4.23099e+06	0
4.23109e+06	0
4.23119e+06	0
4.23129e+06	0
4.23139e+06	0
4.23149e+06	0
4.23159e+06	0
4.23169e+06	0
4.23179e+06	0
4.23189e+06	0
4.23199e+06	0
4.23209e+06	0
4.23219e+06	0
4.23229e+06	0
4.23239e+06	0
4.23249e+06	0
4.23259e+06	0
4.23269e+06	0
4.23279e+06	0
4.23289e+06	0
4.23299e+06	0
4.23309e+06	0
4.23319e+06	0
4.23329e+06	0
4.23339e+06	0
4.23349e+06	0
4.23359e+06	0
4.23369e+06	0
4.23379e+06	0
4.23389e+06	0
4.23399e+06	0
4.23409e+06	0
4.23419e+06	0
4.23429e+06	0
4.23439e+06	0
4.23449e+06	0
4.23459e+06	0
4.23469e+06	0
4.23479e+06	0
4.23489e+06	0
4.23499e+06	0
4.23509e+06	0
4.23519e+06	0
4.23529e+06	0
4.23539e+06	0
4.23549e+06	0
4.23559e+06	0
4.23569e+06	0
4.23579e+06	0
4.23589e+06	0
4.23599e+06	0
4.23609e+06	0
4.23619e+06	0
4.23629e+06	0
4.23639e+06	0
4.23649e+06	0
4.23659e+06	0
4.23669e+06	0
4.23679e+06	0
4.23689e+06	0
4.23699e+06	0
4.23709e+06	0
4.23719e+06	0
4.23729e+06	0
4.23739e+06	0
4.23749e+06	0
4.23759e+06	0
4.23769e+06	0
4.23779e+06	0
4.23789e+06	0
4.23799e+06	0
4.23809e+06	0
4.23819e+06	0
4.23829e+06	0
4.23839e+06	0
4.23849e+06	0
4.23859e+06	0
4.23869e+06	0
4.23879e+06	0
4.23889e+06	0
4.23899e+06	0
4.23909e+06	0
4.23919e+06	0
4.23929e+06	0
4.23939e+06	0
4.23949e+06	0
4.23959e+06	0
4.23969e+06	0
4.23979e+06	0
4.23989e+06	0
4.23999e+06	0
4.24009e+06	0
4.24019e+06	0
4.24029e+06	0
4.24039e+06	0
4.24049e+06	0
4.24059e+06	0
4.24069e+06	0
4.24079e+06	0
4.24089e+06	0
4.24099e+06	0
4.24109e+06	0
4.24119e+06	0
4.24129e+06	0
4.24139e+06	0
4.24149e+06	0
4.24159e+06	0
4.24169e+06	0
4.24179e+06	0
4.24189e+06	0
4.24199e+06	0
4.24209e+06	0
4.24219e+06	0
4.24229e+06	0
4.24239e+06	0
4.24249e+06	0
4.24259e+06	0
4.24269e+06	0
4.24279e+06	0
4.24289e+06	0
4.24299e+06	0
4.24309e+06	0
4.24319e+06	0
4.24329e+06	0
4.24339e+06	0
4.24349e+06	0
4.24359e+06	0
4.24369e+06	0
4.24379e+06	0
4.24389e+06	0
4.24399e+06	0
4.24409e+06	0
4.24419e+06	0
4.24429e+06	0
4.24439e+06	0
4.24449e+06	0
4.24459e+06	0
4.24469e+06	0
4.24479e+06	0
4.24489e+06	0
4.24499e+06	0
4.24509e+06	0
4.24519e+06	0
4.24529e+06	0
4.24539e+06	0
4.24549e+06	0
4.24559e+06	0
4.24569e+06	0
4.24579e+06	0
4.24589e+06	0
4.24599e+06	0
4.24609e+06	0
4.24619e+06	0
4.24629e+06	0
4.24639e+06	0
4.24649e+06	0
4.24659e+06	0
4.24669e+06	0
4.24679e+06	0
4.24689e+06	0
4.24699e+06	0
4.24709e+06	0
4.24719e+06	0
4.24729e+06	0
4.24739e+06	0
4.24749e+06	0
4.24759e+06	0
4.24769e+06	0
4.24779e+06	0
4.24789e+06	0
4.24799e+06	0
4.24809e+06	0
4.24819e+06	0
4.24829e+06	0
4.24839e+06	0
4.24849e+06	0
4.24859e+06	0
4.24869e+06	0
4.24879e+06	0
4.24889e+06	0
4.24899e+06	0
4.24909e+06	0
4.24919e+06	0
4.24929e+06	0
4.24939e+06	0
4.24949e+06	0
4.24959e+06	0
4.24969e+06	0
4.24979e+06	0
4.24989e+06	0
4.24999e+06	0
4.25009e+06	0
4.25019e+06	0
4.25029e+06	0
4.25039e+06	0
4.25049e+06	0
4.25059e+06	0
4.25069e+06	0
4.25079e+06	0
4.25089e+06	0
4.25099e+06	0
4.25109e+06	0
4.25119e+06	0
4.25129e+06	0
4.25139e+06	0
4.25149e+06	0
4.25159e+06	0
4.25169e+06	0
4.25179e+06	0
4.25189e+06	0
4.25199e+06	0
4.25209e+06	0
4.25219e+06	0
4.25229e+06	0
4.25239e+06	0
4.25249e+06	0
4.25259e+06	0
4.25269e+06	0
4.25279e+06	0
4.25289e+06	0
4.25299e+06	0
4.25309e+06	0
4.25319e+06	0
4.25329e+06	0
4.25339e+06	0
4.25349e+06	0
4.25359e+06	0
4.25369e+06	0
4.25379e+06	0
4.25389e+06	0
4.25399e+06	0
4.25409e+06	0
4.25419e+06	0
4.25429e+06	0
4.25439e+06	0
4.25449e+06	0
4.25459e+06	0
4.25469e+06	0
4.25479e+06	0
4.25489e+06	0
4.25499e+06	0
4.25509e+06	0
4.25519e+06	0
4.25529e+06	0
4.25539e+06	0
4.25549e+06	0
4.25559e+06	0
4.25569e+06	0
4.25579e+06	0
4.25589e+06	0
4.25599e+06	0
4.25609e+06	0
4.25619e+06	0
4.25629e+06	0
4.25639e+06	0
4.25649e+06	0
4.25659e+06	0
4.25669e+06	0
4.25679e+06	0
4.25689e+06	0
4.25699e+06	0
4.25709e+06	0
4.25719e+06	0
4.25729e+06	0
4.25739e+06	0
4.25749e+06	0
4.25759e+06	0
4.25769e+06	0
4.25779e+06	0
4.25789e+06	0
4.25799e+06	0
4.25809e+06	0
4.25819e+06	0
4.25829e+06	0
4.25839e+06	0
4.25849e+06	0
4.25859e+06	0
4.25869e+06	0
4.25879e+06	0
4.25889e+06	0
4.25899e+06	0
4.25909e+06	0
4.25919e+06	0
4.25929e+06	0
4.25939e+06	0
4.25949e+06	0
4.25959e+06	0
4.25969e+06	0
4.25979e+06	0
4.25989e+06	0
4.25999e+06	0
4.26009e+06	0
4.26019e+06	0
4.26029e+06	0
4.26039e+06	0
4.26049e+06	0
4.26059e+06	0
4.26069e+06	0
4.26079e+06	0
4.26089e+06	0
4.26099e+06	0
4.26109e+06	0
4.26119e+06	0
4.26129e+06	0
4.26139e+06	0
4.26149e+06	0
4.26159e+06	0
4.26169e+06	0
4.26179e+06	0
4.26189e+06	0
4.26199e+06	0
4.26209e+06	0
4.26219e+06	0
4.26229e+06	0
4.26239e+06	0
4.26249e+06	0
4.26259e+06	0
4.26269e+06	0
4.26279e+06	0
4.26289e+06	0
4.26299e+06	0
4.26309e+06	0
4.26319e+06	0
4.26329e+06	0
4.26339e+06	0
4.26349e+06	0
4.26359e+06	0
4.26369e+06	0
4.26379e+06	0
4.26389e+06	0
4.26399e+06	0
4.26409e+06	0
4.26419e+06	0
4.26429e+06	0
4.26439e+06	0
4.26449e+06	0
4.26459e+06	0
4.26469e+06	0
4.26479e+06	0
4.26489e+06	0
4.26499e+06	0
4.26509e+06	0
4.26519e+06	0
4.26529e+06	0
4.26539e+06	0
4.26549e+06	0
4.26559e+06	0
4.26569e+06	0
4.26579e+06	0
4.26589e+06	0
4.26599e+06	0
4.26609e+06	0
4.26619e+06	0
4.26629e+06	0
4.26639e+06	0
4.26649e+06	0
4.26659e+06	0
4.26669e+06	0
4.26679e+06	0
4.26689e+06	0
4.26699e+06	0
4.26709e+06	0
4.26719e+06	0
4.26729e+06	0
4.26739e+06	0
4.26749e+06	0
4.26759e+06	0
4.26769e+06	0
4.26779e+06	0
4.26789e+06	0
4.26799e+06	0
4.26809e+06	0
4.26819e+06	0
4.26829e+06	0
4.26839e+06	0
4.26849e+06	0
4.26859e+06	0
4.26869e+06	0
4.26879e+06	0
4.26889e+06	0
4.26899e+06	0
4.26909e+06	0
4.26919e+06	0
4.26929e+06	0
4.26939e+06	0
4.26949e+06	0
4.26959e+06	0
4.26969e+06	0
4.26979e+06	0
4.26989e+06	0
4.26999e+06	0
4.27009e+06	0
4.27019e+06	0
4.27029e+06	0
4.27039e+06	0
4.27049e+06	0
4.27059e+06	0
4.27069e+06	0
4.27079e+06	0
4.27089e+06	0
4.27099e+06	0
4.27109e+06	0
4.27119e+06	0
4.27129e+06	0
4.27139e+06	0
4.27149e+06	0
4.27159e+06	0
4.27169e+06	0
4.27179e+06	0
4.27189e+06	0
4.27199e+06	0
4.27209e+06	0
4.27219e+06	0
4.27229e+06	0
4.27239e+06	0
4.27249e+06	0
4.27259e+06	0
4.27269e+06	0
4.27279e+06	0
4.27289e+06	0
4.27299e+06	0
4.27309e+06	0
4.27319e+06	0
4.27329e+06	0
4.27339e+06	0
4.27349e+06	0
4.27359e+06	0
4.27369e+06	0
4.27379e+06	0
4.27389e+06	0
4.27399e+06	0
4.27409e+06	0
4.27419e+06	0
4.27429e+06	0
4.27439e+06	0
4.27449e+06	0
4.27459e+06	0
4.27469e+06	0
4.27479e+06	0
4.27489e+06	0
4.27499e+06	0
4.27509e+06	0
4.27519e+06	0
4.27529e+06	0
4.27539e+06	0
4.27549e+06	0
4.27559e+06	0
4.27569e+06	0
4.27579e+06	0
4.27589e+06	0
4.27599e+06	0
4.27609e+06	0
4.27619e+06	0
4.27629e+06	0
4.27639e+06	0
4.27649e+06	0
4.27659e+06	0
4.27669e+06	0
4.27679e+06	0
4.27689e+06	0
4.27699e+06	0
4.27709e+06	0
4.27719e+06	0
4.27729e+06	0
4.27739e+06	0
4.27749e+06	0
4.27759e+06	0
4.27769e+06	0
4.27779e+06	0
4.27789e+06	0
4.27799e+06	0
4.27809e+06	0
4.27819e+06	0
4.27829e+06	0
4.27839e+06	0
4.27849e+06	0
4.27859e+06	0
4.27869e+06	0
4.27879e+06	0
4.27889e+06	0
4.27899e+06	0
4.27909e+06	0
4.27919e+06	0
4.27929e+06	0
4.27939e+06	0
4.27949e+06	0
4.27959e+06	0
4.27969e+06	0
4.27979e+06	0
4.27989e+06	0
4.27999e+06	0
4.28009e+06	0
4.28019e+06	0
4.28029e+06	0
4.28039e+06	0
4.28049e+06	0
4.28059e+06	0
4.28069e+06	0
4.28079e+06	0
4.28089e+06	0
4.28099e+06	0
4.28109e+06	0
4.28119e+06	0
4.28129e+06	0
4.28139e+06	0
4.28149e+06	0
4.28159e+06	0
4.28169e+06	0
4.28179e+06	0
4.28189e+06	0
4.28199e+06	0
4.28209e+06	0
4.28219e+06	0
4.28229e+06	0
4.28239e+06	0
4.28249e+06	0
4.28259e+06	0
4.28269e+06	0
4.28279e+06	0
4.28289e+06	0
4.28299e+06	0
4.28309e+06	0
4.28319e+06	0
4.28329e+06	0
4.28339e+06	0
4.28349e+06	0
4.28359e+06	0
4.28369e+06	0
4.28379e+06	0
4.28389e+06	0
4.28399e+06	0
4.28409e+06	0
4.28419e+06	0
4.28429e+06	0
4.28439e+06	0
4.28449e+06	0
4.28459e+06	0
4.28469e+06	0
4.28479e+06	0
4.28489e+06	0
4.28499e+06	0
4.28509e+06	0
4.28519e+06	0
4.28529e+06	0
4.28539e+06	0
4.28549e+06	0
4.28559e+06	0
4.28569e+06	0
4.28579e+06	0
4.28589e+06	0
4.28599e+06	0
4.28609e+06	0
4.28619e+06	0
4.28629e+06	0
4.28639e+06	0
4.28649e+06	0
4.28659e+06	0
4.28669e+06	0
4.28679e+06	0
4.28689e+06	0
4.28699e+06	0
4.28709e+06	0
4.28719e+06	0
4.28729e+06	0
4.28739e+06	0
4.28749e+06	0
4.28759e+06	0
4.28769e+06	0
4.28779e+06	0
4.28789e+06	0
4.28799e+06	0
4.28809e+06	0
4.28819e+06	0
4.28829e+06	0
4.28839e+06	0
4.28849e+06	0
4.28859e+06	0
4.28869e+06	0
4.28879e+06	0
4.28889e+06	0
4.28899e+06	0
4.28909e+06	0
4.28919e+06	0
4.28929e+06	0
4.28939e+06	0
4.28949e+06	0
4.28959e+06	0
4.28969e+06	0
4.28979e+06	0
4.28989e+06	0
4.28999e+06	0
4.29009e+06	0
4.29019e+06	0
4.29029e+06	0
4.29039e+06	0
4.29049e+06	0
4.29059e+06	0
4.29069e+06	0
4.29079e+06	0
4.29089e+06	0
4.29099e+06	0
4.29109e+06	0
4.29119e+06	0
4.29129e+06	0
4.29139e+06	0
4.29149e+06	0
4.29159e+06	0
4.29169e+06	0
4.29179e+06	0
4.29189e+06	0
4.29199e+06	0
4.29209e+06	0
4.29219e+06	0
4.29229e+06	0
4.29239e+06	0
4.29249e+06	0
4.29259e+06	0
4.29269e+06	0
4.29279e+06	0
4.29289e+06	0
4.29299e+06	0
4.29309e+06	0
4.29319e+06	0
4.29329e+06	0
4.29339e+06	0
4.29349e+06	0
4.29359e+06	0
4.29369e+06	0
4.29379e+06	0
4.29389e+06	0
4.29399e+06	0
4.29409e+06	0
4.29419e+06	0
4.29429e+06	0
4.29439e+06	0
4.29449e+06	0
4.29459e+06	0
4.29469e+06	0
4.29479e+06	0
4.29489e+06	0
4.29499e+06	0
4.29509e+06	0
4.29519e+06	0
4.29529e+06	0
4.29539e+06	0
4.29549e+06	0
4.29559e+06	0
4.29569e+06	0
4.29579e+06	0
4.29589e+06	0
4.29599e+06	0
4.29609e+06	0
4.29619e+06	0
4.29629e+06	0
4.29639e+06	0
4.29649e+06	0
4.29659e+06	0
4.29669e+06	0
4.29679e+06	0
4.29689e+06	0
4.29699e+06	0
4.29709e+06	0
4.29719e+06	0
4.29729e+06	0
4.29739e+06	0
4.29749e+06	0
4.29759e+06	0
4.29769e+06	0
4.29779e+06	0
4.29789e+06	0
4.29799e+06	0
4.29809e+06	0
4.29819e+06	0
4.29829e+06	0
4.29839e+06	0
4.29849e+06	0
4.29859e+06	0
4.29869e+06	0
4.29879e+06	0
4.29889e+06	0
4.29899e+06	0
4.29909e+06	0
4.29919e+06	0
4.29929e+06	0
4.29939e+06	0
4.29949e+06	0
4.29959e+06	0
4.29969e+06	0
4.29979e+06	0
4.29989e+06	0
4.29999e+06	0
4.30009e+06	0
4.30019e+06	0
4.30029e+06	0
4.30039e+06	0
4.30049e+06	0
4.30059e+06	0
4.30069e+06	0
4.30079e+06	0
4.30089e+06	0
4.30099e+06	0
4.30109e+06	0
4.30119e+06	0
4.30129e+06	0
4.30139e+06	0
4.30149e+06	0
4.30159e+06	0
4.30169e+06	0
4.30179e+06	0
4.30189e+06	0
4.30199e+06	0
4.30209e+06	0
4.30219e+06	0
4.30229e+06	0
4.30239e+06	0
4.30249e+06	0
4.30259e+06	0
4.30269e+06	0
4.30279e+06	0
4.30289e+06	0
4.30299e+06	0
4.30309e+06	0
4.30319e+06	0
4.30329e+06	0
4.30339e+06	0
4.30349e+06	0
4.30359e+06	0
4.30369e+06	0
4.30379e+06	0
4.30389e+06	0
4.30399e+06	0
4.30409e+06	0
4.30419e+06	0
4.30429e+06	0
4.30439e+06	0
4.30449e+06	0
4.30459e+06	0
4.30469e+06	0
4.30479e+06	0
4.30489e+06	0
4.30499e+06	0
4.30509e+06	0
4.30519e+06	0
4.30529e+06	0
4.30539e+06	0
4.30549e+06	0
4.30559e+06	0
4.30569e+06	0
4.30579e+06	0
4.30589e+06	0
4.30599e+06	0
4.30609e+06	0
4.30619e+06	0
4.30629e+06	0
4.30639e+06	0
4.30649e+06	0
4.30659e+06	0
4.30669e+06	0
4.30679e+06	0
4.30689e+06	0
4.30699e+06	0
4.30709e+06	0
4.30719e+06	0
4.30729e+06	0
4.30739e+06	0
4.30749e+06	0
4.30759e+06	0
4.30769e+06	0
4.30779e+06	0
4.30789e+06	0
4.30799e+06	0
4.30809e+06	0
4.30819e+06	0
4.30829e+06	0
4.30839e+06	0
4.30849e+06	0
4.30859e+06	0
4.30869e+06	0
4.30879e+06	0
4.30889e+06	0
4.30899e+06	0
4.30909e+06	0
4.30919e+06	0
4.30929e+06	0
4.30939e+06	0
4.30949e+06	0
4.30959e+06	0
4.30969e+06	0
4.30979e+06	0
4.30989e+06	0
4.30999e+06	0
4.31009e+06	0
4.31019e+06	0
4.31029e+06	0
4.31039e+06	0
4.31049e+06	0
4.31059e+06	0
4.31069e+06	0
4.31079e+06	0
4.31089e+06	0
4.31099e+06	0
4.31109e+06	0
4.31119e+06	0
4.31129e+06	0
4.31139e+06	0
4.31149e+06	0
4.31159e+06	0
4.31169e+06	0
4.31179e+06	0
4.31189e+06	0
4.31199e+06	0
4.31209e+06	0
4.31219e+06	0
4.31229e+06	0
4.31239e+06	0
4.31249e+06	0
4.31259e+06	0
4.31269e+06	0
4.31279e+06	0
4.31289e+06	0
4.31299e+06	0
4.31309e+06	0
4.31319e+06	0
4.31329e+06	0
4.31339e+06	0
4.31349e+06	0
4.31359e+06	0
4.31369e+06	0
4.31379e+06	0
4.31389e+06	0
4.31399e+06	0
4.31409e+06	0
4.31419e+06	0
4.31429e+06	0
4.31439e+06	0
4.31449e+06	0
4.31459e+06	0
4.31469e+06	0
4.31479e+06	0
4.31489e+06	0
4.31499e+06	0
4.31509e+06	0
4.31519e+06	0
4.31529e+06	0
4.31539e+06	0
4.31549e+06	0
4.31559e+06	0
4.31569e+06	0
4.31579e+06	0
4.31589e+06	0
4.31599e+06	0
4.31609e+06	0
4.31619e+06	0
4.31629e+06	0
4.31639e+06	0
4.31649e+06	0
4.31659e+06	0
4.31669e+06	0
4.31679e+06	0
4.31689e+06	0
4.31699e+06	0
4.31709e+06	0
4.31719e+06	0
4.31729e+06	0
4.31739e+06	0
4.31749e+06	0
4.31759e+06	0
4.31769e+06	0
4.31779e+06	0
4.31789e+06	0
4.31799e+06	0
4.31809e+06	0
4.31819e+06	0
4.31829e+06	0
4.31839e+06	0
4.31849e+06	0
4.31859e+06	0
4.31869e+06	0
4.31879e+06	0
4.31889e+06	0
4.31899e+06	0
4.31909e+06	0
4.31919e+06	0
4.31929e+06	0
4.31939e+06	0
4.31949e+06	0
4.31959e+06	0
4.31969e+06	0
4.31979e+06	0
4.31989e+06	0
4.31999e+06	0
4.32009e+06	0
4.32019e+06	0
4.32029e+06	0
4.32039e+06	0
4.32049e+06	0
4.32059e+06	0
4.32069e+06	0
4.32079e+06	0
4.32089e+06	0
4.32099e+06	0
4.32109e+06	0
4.32119e+06	0
4.32129e+06	0
4.32139e+06	0
4.32149e+06	0
4.32159e+06	0
4.32169e+06	0
4.32179e+06	0
4.32189e+06	0
4.32199e+06	0
4.32209e+06	0
4.32219e+06	0
4.32229e+06	0
4.32239e+06	0
4.32249e+06	0
4.32259e+06	0
4.32269e+06	0
4.32279e+06	0
4.32289e+06	0
4.32299e+06	0
4.32309e+06	0
4.32319e+06	0
4.32329e+06	0
4.32339e+06	0
4.32349e+06	0
4.32359e+06	0
4.32369e+06	0
4.32379e+06	0
4.32389e+06	0
4.32399e+06	0
4.32409e+06	0
4.32419e+06	0
4.32429e+06	0
4.32439e+06	0
4.32449e+06	0
4.32459e+06	0
4.32469e+06	0
4.32479e+06	0
4.32489e+06	0
4.32499e+06	0
4.32509e+06	0
4.32519e+06	0
4.32529e+06	0
4.32539e+06	0
4.32549e+06	0
4.32559e+06	0
4.32569e+06	0
4.32579e+06	0
4.32589e+06	0
4.32599e+06	0
4.32609e+06	0
4.32619e+06	0
4.32629e+06	0
4.32639e+06	0
4.32649e+06	0
4.32659e+06	0
4.32669e+06	0
4.32679e+06	0
4.32689e+06	0
4.32699e+06	0
4.32709e+06	0
4.32719e+06	0
4.32729e+06	0
4.32739e+06	0
4.32749e+06	0
4.32759e+06	0
4.32769e+06	0
4.32779e+06	0
4.32789e+06	0
4.32799e+06	0
4.32809e+06	0
4.32819e+06	0
4.32829e+06	0
4.32839e+06	0
4.32849e+06	0
4.32859e+06	0
4.32869e+06	0
4.32879e+06	0
4.32889e+06	0
4.32899e+06	0
4.32909e+06	0
4.32919e+06	0
4.32929e+06	0
4.32939e+06	0
4.32949e+06	0
4.32959e+06	0
4.32969e+06	0
4.32979e+06	0
4.32989e+06	0
4.32999e+06	0
4.33009e+06	0
4.33019e+06	0
4.33029e+06	0
4.33039e+06	0
4.33049e+06	0
4.33059e+06	0
4.33069e+06	0
4.33079e+06	0
4.33089e+06	0
4.33099e+06	0
4.33109e+06	0
4.33119e+06	0
4.33129e+06	0
4.33139e+06	0
4.33149e+06	0
4.33159e+06	0
4.33169e+06	0
4.33179e+06	0
4.33189e+06	0
4.33199e+06	0
4.33209e+06	0
4.33219e+06	0
4.33229e+06	0
4.33239e+06	0
4.33249e+06	0
4.33259e+06	0
4.33269e+06	0
4.33279e+06	0
4.33289e+06	0
4.33299e+06	0
4.33309e+06	0
4.33319e+06	0
4.33329e+06	0
4.33339e+06	0
4.33349e+06	0
4.33359e+06	0
4.33369e+06	0
4.33379e+06	0
4.33389e+06	0
4.33399e+06	0
4.33409e+06	0
4.33419e+06	0
4.33429e+06	0
4.33439e+06	0
4.33449e+06	0
4.33459e+06	0
4.33469e+06	0
4.33479e+06	0
4.33489e+06	0
4.33499e+06	0
4.33509e+06	0
4.33519e+06	0
4.33529e+06	0
4.33539e+06	0
4.33549e+06	0
4.33559e+06	0
4.33569e+06	0
4.33579e+06	0
4.33589e+06	0
4.33599e+06	0
4.33609e+06	0
4.33619e+06	0
4.33629e+06	0
4.33639e+06	0
4.33649e+06	0
4.33659e+06	0
4.33669e+06	0
4.33679e+06	0
4.33689e+06	0
4.33699e+06	0
4.33709e+06	0
4.33719e+06	0
4.33729e+06	0
4.33739e+06	0
4.33749e+06	0
4.33759e+06	0
4.33769e+06	0
4.33779e+06	0
4.33789e+06	0
4.33799e+06	0
4.33809e+06	0
4.33819e+06	0
4.33829e+06	0
4.33839e+06	0
4.33849e+06	0
4.33859e+06	0
4.33869e+06	0
4.33879e+06	0
4.33889e+06	0
4.33899e+06	0
4.33909e+06	0
4.33919e+06	0
4.33929e+06	0
4.33939e+06	0
4.33949e+06	0
4.33959e+06	0
4.33969e+06	0
4.33979e+06	0
4.33989e+06	0
4.33999e+06	0
4.34009e+06	0
4.34019e+06	0
4.34029e+06	0
4.34039e+06	0
4.34049e+06	0
4.34059e+06	0
4.34069e+06	0
4.34079e+06	0
4.34089e+06	0
4.34099e+06	0
4.34109e+06	0
4.34119e+06	0
4.34129e+06	0
4.34139e+06	0
4.34149e+06	0
4.34159e+06	0
4.34169e+06	0
4.34179e+06	0
4.34189e+06	0
4.34199e+06	0
4.34209e+06	0
4.34219e+06	0
4.34229e+06	0
4.34239e+06	0
4.34249e+06	0
4.34259e+06	0
4.34269e+06	0
4.34279e+06	0
4.34289e+06	0
4.34299e+06	0
4.34309e+06	0
4.34319e+06	0
4.34329e+06	0
4.34339e+06	0
4.34349e+06	0
4.34359e+06	0
4.34369e+06	0
4.34379e+06	0
4.34389e+06	0
4.34399e+06	0
4.34409e+06	0
4.34419e+06	0
4.34429e+06	0
4.34439e+06	0
4.34449e+06	0
4.34459e+06	0
4.34469e+06	0
4.34479e+06	0
4.34489e+06	0
4.34499e+06	0
4.34509e+06	0
4.34519e+06	0
4.34529e+06	0
4.34539e+06	0
4.34549e+06	0
4.34559e+06	0
4.34569e+06	0
4.34579e+06	0
4.34589e+06	0
4.34599e+06	0
4.34609e+06	0
4.34619e+06	0
4.34629e+06	0
4.34639e+06	0
4.34649e+06	0
4.34659e+06	0
4.34669e+06	0
4.34679e+06	0
4.34689e+06	0
4.34699e+06	0
4.34709e+06	0
4.34719e+06	0
4.34729e+06	0
4.34739e+06	0
4.34749e+06	0
4.34759e+06	0
4.34769e+06	0
4.34779e+06	0
4.34789e+06	0
4.34799e+06	0
4.34809e+06	0
4.34819e+06	0
4.34829e+06	0
4.34839e+06	0
4.34849e+06	0
4.34859e+06	0
4.34869e+06	0
4.34879e+06	0
4.34889e+06	0
4.34899e+06	0
4.34909e+06	0
4.34919e+06	0
4.34929e+06	0
4.34939e+06	0
4.34949e+06	0
4.34959e+06	0
4.34969e+06	0
4.34979e+06	0
4.34989e+06	0
4.34999e+06	0
4.35009e+06	0
4.35019e+06	0
4.35029e+06	0
4.35039e+06	0
4.35049e+06	0
4.35059e+06	0
4.35069e+06	0
4.35079e+06	0
4.35089e+06	0
4.35099e+06	0
4.35109e+06	0
4.35119e+06	0
4.35129e+06	0
4.35139e+06	0
4.35149e+06	0
4.35159e+06	0
4.35169e+06	0
4.35179e+06	0
4.35189e+06	0
4.35199e+06	0
4.35209e+06	0
4.35219e+06	0
4.35229e+06	0
4.35239e+06	0
4.35249e+06	0
4.35259e+06	0
4.35269e+06	0
4.35279e+06	0
4.35289e+06	0
4.35299e+06	0
4.35309e+06	0
4.35319e+06	0
4.35329e+06	0
4.35339e+06	0
4.35349e+06	0
4.35359e+06	0
4.35369e+06	0
4.35379e+06	0
4.35389e+06	0
4.35399e+06	0
4.35409e+06	0
4.35419e+06	0
4.35429e+06	0
4.35439e+06	0
4.35449e+06	0
4.35459e+06	0
4.35469e+06	0
4.35479e+06	0
4.35489e+06	0
4.35499e+06	0
4.35509e+06	0
4.35519e+06	0
4.35529e+06	0
4.35539e+06	0
4.35549e+06	0
4.35559e+06	0
4.35569e+06	0
4.35579e+06	0
4.35589e+06	0
4.35599e+06	0
4.35609e+06	0
4.35619e+06	0
4.35629e+06	0
4.35639e+06	0
4.35649e+06	0
4.35659e+06	0
4.35669e+06	0
4.35679e+06	0
4.35689e+06	0
4.35699e+06	0
4.35709e+06	0
4.35719e+06	0
4.35729e+06	0
4.35739e+06	0
4.35749e+06	0
4.35759e+06	0
4.35769e+06	0
4.35779e+06	0
4.35789e+06	0
4.35799e+06	0
4.35809e+06	0
4.35819e+06	0
4.35829e+06	0
4.35839e+06	0
4.35849e+06	0
4.35859e+06	0
4.35869e+06	0
4.35879e+06	0
4.35889e+06	0
4.35899e+06	0
4.35909e+06	0
4.35919e+06	0
4.35929e+06	0
4.35939e+06	0
4.35949e+06	0
4.35959e+06	0
4.35969e+06	0
4.35979e+06	0
4.35989e+06	0
4.35999e+06	0
4.36009e+06	0
4.36019e+06	0
4.36029e+06	0
4.36039e+06	0
4.36049e+06	0
4.36059e+06	0
4.36069e+06	0
4.36079e+06	0
4.36089e+06	0
4.36099e+06	0
4.36109e+06	0
4.36119e+06	0
4.36129e+06	0
4.36139e+06	0
4.36149e+06	0
4.36159e+06	0
4.36169e+06	0
4.36179e+06	0
4.36189e+06	0
4.36199e+06	0
4.36209e+06	0
4.36219e+06	0
4.36229e+06	0
4.36239e+06	0
4.36249e+06	0
4.36259e+06	0
4.36269e+06	0
4.36279e+06	0
4.36289e+06	0
4.36299e+06	0
4.36309e+06	0
4.36319e+06	0
4.36329e+06	0
4.36339e+06	0
4.36349e+06	0
4.36359e+06	0
4.36369e+06	0
4.36379e+06	0
4.36389e+06	0
4.36399e+06	0
4.36409e+06	0
4.36419e+06	0
4.36429e+06	0
4.36439e+06	0
4.36449e+06	0
4.36459e+06	0
4.36469e+06	0
4.36479e+06	0
4.36489e+06	0
4.36499e+06	0
4.36509e+06	0
4.36519e+06	0
4.36529e+06	0
4.36539e+06	0
4.36549e+06	0
4.36559e+06	0
4.36569e+06	0
4.36579e+06	0
4.36589e+06	0
4.36599e+06	0
4.36609e+06	0
4.36619e+06	0
4.36629e+06	0
4.36639e+06	0
4.36649e+06	0
4.36659e+06	0
4.36669e+06	0
4.36679e+06	0
4.36689e+06	0
4.36699e+06	0
4.36709e+06	0
4.36719e+06	0
4.36729e+06	0
4.36739e+06	0
4.36749e+06	0
4.36759e+06	0
4.36769e+06	0
4.36779e+06	0
4.36789e+06	0
4.36799e+06	0
4.36809e+06	0
4.36819e+06	0
4.36829e+06	0
4.36839e+06	0
4.36849e+06	0
4.36859e+06	0
4.36869e+06	0
4.36879e+06	0
4.36889e+06	0
4.36899e+06	0
4.36909e+06	0
4.36919e+06	0
4.36929e+06	0
4.36939e+06	0
4.36949e+06	0
4.36959e+06	0
4.36969e+06	0
4.36979e+06	0
4.36989e+06	0
4.36999e+06	0
4.37009e+06	0
4.37019e+06	0
4.37029e+06	0
4.37039e+06	0
4.37049e+06	0
4.37059e+06	0
4.37069e+06	0
4.37079e+06	0
4.37089e+06	0
4.37099e+06	0
4.37109e+06	0
4.37119e+06	0
4.37129e+06	0
4.37139e+06	0
4.37149e+06	0
4.37159e+06	0
4.37169e+06	0
4.37179e+06	0
4.37189e+06	0
4.37199e+06	0
4.37209e+06	0
4.37219e+06	0
4.37229e+06	0
4.37239e+06	0
4.37249e+06	0
4.37259e+06	0
4.37269e+06	0
4.37279e+06	0
4.37289e+06	0
4.37299e+06	0
4.37309e+06	0
4.37319e+06	0
4.37329e+06	0
4.37339e+06	0
4.37349e+06	0
4.37359e+06	0
4.37369e+06	0
4.37379e+06	0
4.37389e+06	0
4.37399e+06	0
4.37409e+06	0
4.37419e+06	0
4.37429e+06	0
4.37439e+06	0
4.37449e+06	0
4.37459e+06	0
4.37469e+06	0
4.37479e+06	0
4.37489e+06	0
4.37499e+06	0
4.37509e+06	0
4.37519e+06	0
4.37529e+06	0
4.37539e+06	0
4.37549e+06	0
4.37559e+06	0
4.37569e+06	0
4.37579e+06	0
4.37589e+06	0
4.37599e+06	0
4.37609e+06	0
4.37619e+06	0
4.37629e+06	0
4.37639e+06	0
4.37649e+06	0
4.37659e+06	0
4.37669e+06	0
4.37679e+06	0
4.37689e+06	0
4.37699e+06	0
4.37709e+06	0
4.37719e+06	0
4.37729e+06	0
4.37739e+06	0
4.37749e+06	0
4.37759e+06	0
4.37769e+06	0
4.37779e+06	0
4.37789e+06	0
4.37799e+06	0
4.37809e+06	0
4.37819e+06	0
4.37829e+06	0
4.37839e+06	0
4.37849e+06	0
4.37859e+06	0
4.37869e+06	0
4.37879e+06	0
4.37889e+06	0
4.37899e+06	0
4.37909e+06	0
4.37919e+06	0
4.37929e+06	0
4.37939e+06	0
4.37949e+06	0
4.37959e+06	0
4.37969e+06	0
4.37979e+06	0
4.37989e+06	0
4.37999e+06	0
4.38009e+06	0
4.38019e+06	0
4.38029e+06	0
4.38039e+06	0
4.38049e+06	0
4.38059e+06	0
4.38069e+06	0
4.38079e+06	0
4.38089e+06	0
4.38099e+06	0
4.38109e+06	0
4.38119e+06	0
4.38129e+06	0
4.38139e+06	0
4.38149e+06	0
4.38159e+06	0
4.38169e+06	0
4.38179e+06	0
4.38189e+06	0
4.38199e+06	0
4.38209e+06	0
4.38219e+06	0
4.38229e+06	0
4.38239e+06	0
4.38249e+06	0
4.38259e+06	0
4.38269e+06	0
4.38279e+06	0
4.38289e+06	0
4.38299e+06	0
4.38309e+06	0
4.38319e+06	0
4.38329e+06	0
4.38339e+06	0
4.38349e+06	0
4.38359e+06	0
4.38369e+06	0
4.38379e+06	0
4.38389e+06	0
4.38399e+06	0
4.38409e+06	0
4.38419e+06	0
4.38429e+06	0
4.38439e+06	0
4.38449e+06	0
4.38459e+06	0
4.38469e+06	0
4.38479e+06	0
4.38489e+06	0
4.38499e+06	0
4.38509e+06	0
4.38519e+06	0
4.38529e+06	0
4.38539e+06	0
4.38549e+06	0
4.38559e+06	0
4.38569e+06	0
4.38579e+06	0
4.38589e+06	0
4.38599e+06	0
4.38609e+06	0
4.38619e+06	0
4.38629e+06	0
4.38639e+06	0
4.38649e+06	0
4.38659e+06	0
4.38669e+06	0
4.38679e+06	0
4.38689e+06	0
4.38699e+06	0
4.38709e+06	0
4.38719e+06	0
4.38729e+06	0
4.38739e+06	0
4.38749e+06	0
4.38759e+06	0
4.38769e+06	0
4.38779e+06	0
4.38789e+06	0
4.38799e+06	0
4.38809e+06	0
4.38819e+06	0
4.38829e+06	0
4.38839e+06	0
4.38849e+06	0
4.38859e+06	0
4.38869e+06	0
4.38879e+06	0
4.38889e+06	0
4.38899e+06	0
4.38909e+06	0
4.38919e+06	0
4.38929e+06	0
4.38939e+06	0
4.38949e+06	0
4.38959e+06	0
4.38969e+06	0
4.38979e+06	0
4.38989e+06	0
4.38999e+06	0
4.39009e+06	0
4.39019e+06	0
4.39029e+06	0
4.39039e+06	0
4.39049e+06	0
4.39059e+06	0
4.39069e+06	0
4.39079e+06	0
4.39089e+06	0
4.39099e+06	0
4.39109e+06	0
4.39119e+06	0
4.39129e+06	0
4.39139e+06	0
4.39149e+06	0
4.39159e+06	0
4.39169e+06	0
4.39179e+06	0
4.39189e+06	0
4.39199e+06	0
4.39209e+06	0
4.39219e+06	0
4.39229e+06	0
4.39239e+06	0
4.39249e+06	0
4.39259e+06	0
4.39269e+06	0
4.39279e+06	0
4.39289e+06	0
4.39299e+06	0
4.39309e+06	0
4.39319e+06	0
4.39329e+06	0
4.39339e+06	0
4.39349e+06	0
4.39359e+06	0
4.39369e+06	0
4.39379e+06	0
4.39389e+06	0
4.39399e+06	0
4.39409e+06	0
4.39419e+06	0
4.39429e+06	0
4.39439e+06	0
4.39449e+06	0
4.39459e+06	0
4.39469e+06	0
4.39479e+06	0
4.39489e+06	0
4.39499e+06	0
4.39509e+06	0
4.39519e+06	0
4.39529e+06	0
4.39539e+06	0
4.39549e+06	0
4.39559e+06	0
4.39569e+06	0
4.39579e+06	0
4.39589e+06	0
4.39599e+06	0
4.39609e+06	0
4.39619e+06	0
4.39629e+06	0
4.39639e+06	0
4.39649e+06	0
4.39659e+06	0
4.39669e+06	0
4.39679e+06	0
4.39689e+06	0
4.39699e+06	0
4.39709e+06	0
4.39719e+06	0
4.39729e+06	0
4.39739e+06	0
4.39749e+06	0
4.39759e+06	0
4.39769e+06	0
4.39779e+06	0
4.39789e+06	0
4.39799e+06	0
4.39809e+06	0
4.39819e+06	0
4.39829e+06	0
4.39839e+06	0
4.39849e+06	0
4.39859e+06	0
4.39869e+06	0
4.39879e+06	0
4.39889e+06	0
4.39899e+06	0
4.39909e+06	0
4.39919e+06	0
4.39929e+06	0
4.39939e+06	0
4.39949e+06	0
4.39959e+06	0
4.39969e+06	0
4.39979e+06	0
4.39989e+06	0
4.39999e+06	0
4.40009e+06	0
4.40019e+06	0
4.40029e+06	0
4.40039e+06	0
4.40049e+06	0
4.40059e+06	0
4.40069e+06	0
4.40079e+06	0
4.40089e+06	0
4.40099e+06	0
4.40109e+06	0
4.40119e+06	0
4.40129e+06	0
4.40139e+06	0
4.40149e+06	0
4.40159e+06	0
4.40169e+06	0
4.40179e+06	0
4.40189e+06	0
4.40199e+06	0
4.40209e+06	0
4.40219e+06	0
4.40229e+06	0
4.40239e+06	0
4.40249e+06	0
4.40259e+06	0
4.40269e+06	0
4.40279e+06	0
4.40289e+06	0
4.40299e+06	0
4.40309e+06	0
4.40319e+06	0
4.40329e+06	0
4.40339e+06	0
4.40349e+06	0
4.40359e+06	0
4.40369e+06	0
4.40379e+06	0
4.40389e+06	0
4.40399e+06	0
4.40409e+06	0
4.40419e+06	0
4.40429e+06	0
4.40439e+06	0
4.40449e+06	0
4.40459e+06	0
4.40469e+06	0
4.40479e+06	0
4.40489e+06	0
4.40499e+06	0
4.40509e+06	0
4.40519e+06	0
4.40529e+06	0
4.40539e+06	0
4.40549e+06	0
4.40559e+06	0
4.40569e+06	0
4.40579e+06	0
4.40589e+06	0
4.40599e+06	0
4.40609e+06	0
4.40619e+06	0
4.40629e+06	0
4.40639e+06	0
4.40649e+06	0
4.40659e+06	0
4.40669e+06	0
4.40679e+06	0
4.40689e+06	0
4.40699e+06	0
4.40709e+06	0
4.40719e+06	0
4.40729e+06	0
4.40739e+06	0
4.40749e+06	0
4.40759e+06	0
4.40769e+06	0
4.40779e+06	0
4.40789e+06	0
4.40799e+06	0
4.40809e+06	0
4.40819e+06	0
4.40829e+06	0
4.40839e+06	0
4.40849e+06	0
4.40859e+06	0
4.40869e+06	0
4.40879e+06	0
4.40889e+06	0
4.40899e+06	0
4.40909e+06	0
4.40919e+06	0
4.40929e+06	0
4.40939e+06	0
4.40949e+06	0
4.40959e+06	0
4.40969e+06	0
4.40979e+06	0
4.40989e+06	0
4.40999e+06	0
4.41009e+06	0
4.41019e+06	0
4.41029e+06	0
4.41039e+06	0
4.41049e+06	0
4.41059e+06	0
4.41069e+06	0
4.41079e+06	0
4.41089e+06	0
4.41099e+06	0
4.41109e+06	0
4.41119e+06	0
4.41129e+06	0
4.41139e+06	0
4.41149e+06	0
4.41159e+06	0
4.41169e+06	0
4.41179e+06	0
4.41189e+06	0
4.41199e+06	0
4.41209e+06	0
4.41219e+06	0
4.41229e+06	0
4.41239e+06	0
4.41249e+06	0
4.41259e+06	0
4.41269e+06	0
4.41279e+06	0
4.41289e+06	0
4.41299e+06	0
4.41309e+06	0
4.41319e+06	0
4.41329e+06	0
4.41339e+06	0
4.41349e+06	0
4.41359e+06	0
4.41369e+06	0
4.41379e+06	0
4.41389e+06	0
4.41399e+06	0
4.41409e+06	0
4.41419e+06	0
4.41429e+06	0
4.41439e+06	0
4.41449e+06	0
4.41459e+06	0
4.41469e+06	0
4.41479e+06	0
4.41489e+06	0
4.41499e+06	0
4.41509e+06	0
4.41519e+06	0
4.41529e+06	0
4.41539e+06	0
4.41549e+06	0
4.41559e+06	0
4.41569e+06	0
4.41579e+06	0
4.41589e+06	0
4.41599e+06	0
4.41609e+06	0
4.41619e+06	0
4.41629e+06	0
4.41639e+06	0
4.41649e+06	0
4.41659e+06	0
4.41669e+06	0
4.41679e+06	0
4.41689e+06	0
4.41699e+06	0
4.41709e+06	0
4.41719e+06	0
4.41729e+06	0
4.41739e+06	0
4.41749e+06	0
4.41759e+06	0
4.41769e+06	0
4.41779e+06	0
4.41789e+06	0
4.41799e+06	0
4.41809e+06	0
4.41819e+06	0
4.41829e+06	0
4.41839e+06	0
4.41849e+06	0
4.41859e+06	0
4.41869e+06	0
4.41879e+06	0
4.41889e+06	0
4.41899e+06	0
4.41909e+06	0
4.41919e+06	0
4.41929e+06	0
4.41939e+06	0
4.41949e+06	0
4.41959e+06	0
4.41969e+06	0
4.41979e+06	0
4.41989e+06	0
4.41999e+06	0
4.42009e+06	0
4.42019e+06	0
4.42029e+06	0
4.42039e+06	0
4.42049e+06	0
4.42059e+06	0
4.42069e+06	0
4.42079e+06	0
4.42089e+06	0
4.42099e+06	0
4.42109e+06	0
4.42119e+06	0
4.42129e+06	0
4.42139e+06	0
4.42149e+06	0
4.42159e+06	0
4.42169e+06	0
4.42179e+06	0
4.42189e+06	0
4.42199e+06	0
4.42209e+06	0
4.42219e+06	0
4.42229e+06	0
4.42239e+06	0
4.42249e+06	0
4.42259e+06	0
4.42269e+06	0
4.42279e+06	0
4.42289e+06	0
4.42299e+06	0
4.42309e+06	0
4.42319e+06	0
4.42329e+06	0
4.42339e+06	0
4.42349e+06	0
4.42359e+06	0
4.42369e+06	0
4.42379e+06	0
4.42389e+06	0
4.42399e+06	0
4.42409e+06	0
4.42419e+06	0
4.42429e+06	0
4.42439e+06	0
4.42449e+06	0
4.42459e+06	0
4.42469e+06	0
4.42479e+06	0
4.42489e+06	0
4.42499e+06	0
4.42509e+06	0
4.42519e+06	0
4.42529e+06	0
4.42539e+06	0
4.42549e+06	0
4.42559e+06	0
4.42569e+06	0
4.42579e+06	0
4.42589e+06	0
4.42599e+06	0
4.42609e+06	0
4.42619e+06	0
4.42629e+06	0
4.42639e+06	0
4.42649e+06	0
4.42659e+06	0
4.42669e+06	0
4.42679e+06	0
4.42689e+06	0
4.42699e+06	0
4.42709e+06	0
4.42719e+06	0
4.42729e+06	0
4.42739e+06	0
4.42749e+06	0
4.42759e+06	0
4.42769e+06	0
4.42779e+06	0
4.42789e+06	0
4.42799e+06	0
4.42809e+06	0
4.42819e+06	0
4.42829e+06	0
4.42839e+06	0
4.42849e+06	0
4.42859e+06	0
4.42869e+06	0
4.42879e+06	0
4.42889e+06	0
4.42899e+06	0
4.42909e+06	0
4.42919e+06	0
4.42929e+06	0
4.42939e+06	0
4.42949e+06	0
4.42959e+06	0
4.42969e+06	0
4.42979e+06	0
4.42989e+06	0
4.42999e+06	0
4.43009e+06	0
4.43019e+06	0
4.43029e+06	0
4.43039e+06	0
4.43049e+06	0
4.43059e+06	0
4.43069e+06	0
4.43079e+06	0
4.43089e+06	0
4.43099e+06	0
4.43109e+06	0
4.43119e+06	0
4.43129e+06	0
4.43139e+06	0
4.43149e+06	0
4.43159e+06	0
4.43169e+06	0
4.43179e+06	0
4.43189e+06	0
4.43199e+06	9.88131e-324
4.43209e+06	4.39718e-322
4.43219e+06	2.02765e-320
4.43229e+06	9.29649e-319
4.43239e+06	4.21954e-317
4.43249e+06	1.89613e-315
4.43259e+06	8.43582e-314
4.43269e+06	3.71573e-312
4.43279e+06	1.62038e-310
4.43289e+06	6.99597e-309
4.43299e+06	2.99045e-307
4.43309e+06	1.26555e-305
4.43319e+06	5.30252e-304
4.43329e+06	2.19959e-302
4.43339e+06	9.03353e-301
4.43349e+06	3.67308e-299
4.43359e+06	1.47863e-297
4.43369e+06	5.89315e-296
4.43379e+06	2.32537e-294
4.43389e+06	9.08434e-293
4.43399e+06	3.51359e-291
4.43409e+06	1.34545e-289
4.43419e+06	5.10081e-288
4.43429e+06	1.91456e-286
4.43439e+06	7.11468e-285
4.43449e+06	2.61757e-283
4.43459e+06	9.53454e-282
4.43469e+06	3.43841e-280
4.43479e+06	1.22764e-278
4.43489e+06	4.33954e-277
4.43499e+06	1.5187e-275
4.43509e+06	5.2621e-274
4.43519e+06	1.8051e-272
4.43529e+06	6.13058e-271
4.43539e+06	2.06138e-269
4.43549e+06	6.86235e-268
4.43559e+06	2.26175e-266
4.43569e+06	7.38027e-265
4.43579e+06	2.38428e-263
4.43589e+06	7.62606e-262
4.43599e+06	2.4149e-260
4.43609e+06	7.57105e-259
4.43619e+06	2.35001e-257
4.43629e+06	7.22171e-256
4.43639e+06	2.19719e-254
4.43649e+06	6.61839e-253
4.43659e+06	1.97376e-251
4.43669e+06	5.82765e-250
4.43679e+06	1.70353e-248
4.43689e+06	4.93017e-247
4.43699e+06	1.41264e-245
4.43709e+06	4.00737e-244
4.43719e+06	1.12549e-242
4.43729e+06	3.12957e-241
4.43739e+06	8.61554e-240
4.43749e+06	2.34821e-238
4.43759e+06	6.33651e-237
4.43769e+06	1.69285e-235
4.43779e+06	4.4776e-234
4.43789e+06	1.17254e-232
4.43799e+06	3.03997e-231
4.43809e+06	7.8031e-230
4.43819e+06	1.983e-228
4.43829e+06	4.98923e-227
4.43839e+06	1.2428e-225
4.43849e+06	3.06498e-224
4.43859e+06	7.48361e-223
4.43869e+06	1.80905e-221
4.43879e+06	4.3296e-220
4.43889e+06	1.02589e-218
4.43899e+06	2.40665e-217
4.43909e+06	5.58961e-216
4.43919e+06	1.28531e-214
4.43929e+06	2.9261e-213
4.43939e+06	6.5952e-212
4.43949e+06	1.47172e-210
4.43959e+06	3.25145e-209
4.43969e+06	7.11194e-208
4.43979e+06	1.54012e-206
4.43989e+06	3.30202e-205
4.43999e+06	7.00909e-204
4.44009e+06	1.47299e-202
4.44019e+06	3.06476e-201
4.44029e+06	6.31319e-200
4.44039e+06	1.28753e-198
4.44049e+06	2.59972e-197
4.44059e+06	5.19697e-196
4.44069e+06	1.02856e-194
4.44079e+06	2.01544e-193
4.44089e+06	3.90989e-192
4.44099e+06	7.50959e-191
4.44109e+06	1.42799e-189
4.44119e+06	2.68839e-188
4.44129e+06	5.01089e-187
4.44139e+06	9.24689e-186
4.44149e+06	1.6894e-184
4.44159e+06	3.05582e-183
4.44169e+06	5.47242e-182
4.44179e+06	9.70259e-181
4.44189e+06	1.70315e-179
4.44199e+06	2.95989e-178
4.44209e+06	5.09279e-177
4.44219e+06	8.67547e-176
4.44229e+06	1.46314e-174
4.44239e+06	2.44308e-173
4.44249e+06	4.03874e-172
4.44259e+06	6.61014e-171
4.44269e+06	1.07111e-169
4.44279e+06	1.71835e-168
4.44289e+06	2.72928e-167
4.44299e+06	4.29182e-166
4.44309e+06	6.68178e-165
4.44319e+06	1.02991e-163
4.44329e+06	1.57168e-162
4.44339e+06	2.37457e-161
4.44349e+06	3.55193e-160
4.44359e+06	5.26017e-159
4.44369e+06	7.71245e-158
4.44379e+06	1.11955e-156
4.44389e+06	1.60897e-155
4.44399e+06	2.28935e-154
4.44409e+06	3.22503e-153
4.44419e+06	4.49792e-152
4.44429e+06	6.21078e-151
4.44439e+06	8.4906e-150
4.44449e+06	1.14918e-148
4.44459e+06	1.5399e-147
4.44469e+06	2.04295e-146
4.44479e+06	2.68335e-145
4.44489e+06	3.48943e-144
4.44499e+06	4.49251e-143
4.44509e+06	5.72638e-142
4.44519e+06	7.22651e-141
4.44529e+06	9.02889e-140
4.44539e+06	1.11686e-138
4.44549e+06	1.36778e-137
4.44559e+06	1.65842e-136
4.44569e+06	1.9908e-135
4.44579e+06	2.36602e-134
4.44589e+06	2.78398e-133
4.44599e+06	3.24318e-132
4.44609e+06	3.74053e-131
4.44619e+06	4.27122e-130
4.44629e+06	4.82868e-129
4.44639e+06	5.40457e-128
4.44649e+06	5.98896e-127
4.44659e+06	6.5705e-126
4.44669e+06	7.13679e-125
4.44679e+06	7.67475e-124
4.44689e+06	8.17114e-123
4.44699e+06	8.61308e-122
4.44709e+06	8.98858e-121
4.44719e+06	9.28711e-120
4.44729e+06	9.50008e-119
4.44739e+06	9.62124e-118
4.44749e+06	9.64699e-117
4.44759e+06	9.57656e-116
4.44769e+06	9.41205e-115
4.44779e+06	9.15833e-114
4.44789e+06	8.82278e-113
4.44799e+06	8.41495e-112
4.44809e+06	7.94611e-111
4.44819e+06	7.42873e-110
4.44829e+06	6.87594e-109
4.44839e+06	6.30095e-108
4.44849e+06	5.71659e-107
4.44859e+06	5.13483e-106
4.44869e+06	4.56637e-105
4.44879e+06	4.02044e-104
4.44889e+06	3.50456e-103
4.44899e+06	3.02447e-102
4.44909e+06	2.58418e-101
4.44919e+06	2.18602e-100
4.44929e+06	1.8308e-99
4.44939e+06	1.51805e-98
4.44949e+06	1.2462e-97
4.44959e+06	1.01286e-96
4.44969e+06	8.15011e-96
4.44979e+06	6.49287e-95
4.44989e+06	5.12114e-94
4.44999e+06	3.99902e-93
4.45009e+06	3.09171e-92
4.45019e+06	2.36646e-91
4.45029e+06	1.79332e-90
4.45039e+06	1.34547e-89
4.45049e+06	9.99415e-89
4.45059e+06	7.34979e-88
4.45069e+06	5.35133e-87
4.45079e+06	3.85749e-86
4.45089e+06	2.753e-85
4.45099e+06	1.9452e-84
4.45109e+06	1.36075e-83
4.45119e+06	9.42433e-83
4.45129e+06	6.46218e-82
4.45139e+06	4.38698e-81
4.45149e+06	2.94855e-80
4.45159e+06	1.96204e-79
4.45169e+06	1.2926e-78
4.45179e+06	8.43101e-78
4.45189e+06	5.44441e-77
4.45199e+06	3.4808e-76
4.45209e+06	2.20326e-75
4.45219e+06	1.38073e-74
4.45229e+06	8.56657e-74
4.45239e+06	5.26215e-73
4.45249e+06	3.2002e-72
4.45259e+06	1.92685e-71
4.45269e+06	1.14862e-70
4.45279e+06	6.77892e-70
4.45289e+06	3.96098e-69
4.45299e+06	2.2914e-68
4.45309e+06	1.31237e-67
4.45319e+06	7.44167e-67
4.45329e+06	4.17773e-66
4.45339e+06	2.32203e-65
4.45349e+06	1.27777e-64
4.45359e+06	6.96135e-64
4.45369e+06	3.75485e-63
4.45379e+06	2.00515e-62
4.45389e+06	1.06013e-61
4.45399e+06	5.5492e-61
4.45409e+06	2.87579e-60
4.45419e+06	1.47551e-59
4.45429e+06	7.49518e-59
4.45439e+06	3.76947e-58
4.45449e+06	1.87688e-57
4.45459e+06	9.25226e-57
4.45469e+06	4.51562e-56
4.45479e+06	2.18195e-55
4.45489e+06	1.04382e-54
4.45499e+06	4.94388e-54
4.45509e+06	2.31828e-53
4.45519e+06	1.07627e-52
4.45529e+06	4.94691e-52
4.45539e+06	2.25114e-51
4.45549e+06	1.01421e-50
4.45559e+06	4.5239e-50
4.45569e+06	1.99781e-49
4.45579e+06	8.73479e-49
4.45589e+06	3.78101e-48
4.45599e+06	1.62039e-47
4.45609e+06	6.87527e-47
4.45619e+06	2.88813e-46
4.45629e+06	1.20116e-45
4.45639e+06	4.94587e-45
4.45649e+06	2.01624e-44
4.45659e+06	8.13762e-44
4.45669e+06	3.2517e-43
4.45679e+06	1.28642e-42
4.45689e+06	5.0386e-42
4.45699e+06	1.95387e-41
4.45709e+06	7.50134e-41
4.45719e+06	2.85128e-40
4.45729e+06	1.07299e-39
4.45739e+06	3.99773e-39
4.45749e+06	1.47464e-38
4.45759e+06	5.38539e-38
4.45769e+06	1.94718e-37
4.45779e+06	6.97031e-37
4.45789e+06	2.47034e-36
4.45799e+06	8.66798e-36
4.45809e+06	3.01119e-35
4.45819e+06	1.03566e-34
4.45829e+06	3.52657e-34
4.45839e+06	1.1889e-33
4.45849e+06	3.96825e-33
4.45859e+06	1.31132e-32
4.45869e+06	4.29021e-32
4.45879e+06	1.38965e-31
4.45889e+06	4.45649e-31
4.45899e+06	1.41494e-30
4.45909e+06	4.44778e-30
4.45919e+06	1.38423e-29
4.45929e+06	4.26511e-29
4.45939e+06	1.30111e-28
4.45949e+06	3.92967e-28
4.45959e+06	1.17506e-27
4.45969e+06	3.47873e-27
4.45979e+06	1.01963e-26
4.45989e+06	2.95889e-26
4.45999e+06	8.50108e-26
4.46009e+06	2.41814e-25
4.46019e+06	6.81004e-25
4.46029e+06	1.89881e-24
4.46039e+06	5.24173e-24
4.46049e+06	1.43262e-23
4.46059e+06	3.87661e-23
4.46069e+06	1.03857e-22
4.46079e+06	2.75478e-22
4.46089e+06	7.23441e-22
4.46099e+06	1.88098e-21
4.46109e+06	4.8421e-21
4.46119e+06	1.2341e-20
4.46129e+06	3.11412e-20
4.46139e+06	7.7802e-20
4.46149e+06	1.9245e-19
4.46159e+06	4.71319e-19
4.46169e+06	1.14284e-18
4.46179e+06	2.74367e-18
4.46189e+06	6.5216e-18
4.46199e+06	1.53481e-17
4.46209e+06	3.57629e-17
4.46219e+06	8.25075e-17
4.46229e+06	1.88468e-16
4.46239e+06	4.26251e-16
4.46249e+06	9.54513e-16
4.46259e+06	2.11636e-15
4.46269e+06	4.6461e-15
4.46279e+06	1.00991e-14
4.46289e+06	2.1736e-14
4.46299e+06	4.63209e-14
4.46309e+06	9.77419e-14
4.46319e+06	2.04218e-13
4.46329e+06	4.22497e-13
4.46339e+06	8.65509e-13
4.46349e+06	1.75567e-12
4.46359e+06	3.52652e-12
4.46369e+06	7.01429e-12
4.46379e+06	1.38154e-11
4.46389e+06	2.69458e-11
4.46399e+06	5.20444e-11
4.46409e+06	9.95452e-11
4.46419e+06	1.88555e-10
4.46429e+06	3.53701e-10
4.46439e+06	6.5709e-10
4.46449e+06	1.20896e-09
4.46459e+06	2.20298e-09
4.46469e+06	3.97586e-09
4.46479e+06	7.10699e-09
4.46489e+06	1.25831e-08
4.46499e+06	2.20672e-08
4.46509e+06	3.8334e-08
4.46519e+06	6.59645e-08
4.46529e+06	1.12445e-07
4.46539e+06	1.89887e-07
4.46549e+06	3.1768e-07
4.46559e+06	5.26553e-07
4.46569e+06	8.64712e-07
4.46579e+06	1.40701e-06
4.46589e+06	2.26851e-06
4.46599e+06	3.62429e-06
4.46609e+06	5.73803e-06
4.46619e+06	9.00295e-06
4.46629e+06	1.39994e-05
4.46639e+06	2.15755e-05
4.46649e+06	3.29579e-05
4.46659e+06	4.99031e-05
4.46669e+06	7.49011e-05
4.46679e+06	0.000111446
4.46689e+06	0.000164389
4.46699e+06	0.000240401
4.46709e+06	0.000348557
4.46719e+06	0.000501076
4.46729e+06	0.000714237
4.46739e+06	0.0010095
4.46749e+06	0.00141483
4.46759e+06	0.0019663
4.46769e+06	0.00270991
4.46779e+06	0.00370359
4.46789e+06	0.00501951
4.46799e+06	0.0067464
4.46809e+06	0.00899198
4.46819e+06	0.0118853
4.46829e+06	0.0155786
4.46839e+06	0.0202491
4.46849e+06	0.0260997
4.46859e+06	0.0333583
4.46869e+06	0.0422764
4.46879e+06	0.0531257
4.46889e+06	0.0661922
4.46899e+06	0.0817687
4.46909e+06	0.100144
4.46919e+06	0.121592
4.46929e+06	0.146353
4.46939e+06	0.17462
4.46949e+06	0.20652
4.46959e+06	0.242094
4.46969e+06	0.281278
4.46979e+06	0.323888
4.46989e+06	0.369607
4.46999e+06	0.417974
4.47009e+06	0.468383
4.47019e+06	0.520085
4.47029e+06	0.572202
4.47039e+06	0.623742
4.47049e+06	0.673632
4.47059e+06	0.72075
4.47069e+06	0.763964
4.47079e+06	0.802177
4.47089e+06	0.834374
4.47099e+06	0.859664
4.47109e+06	0.877326
4.47119e+06	0.886834
4.47129e+06	0.887893
4.47139e+06	0.880446
4.47149e+06	0.864686
4.47159e+06	0.841038
4.47169e+06	0.810149
4.47179e+06	0.772852
4.47189e+06	0.730132
4.47199e+06	0.68308
4.47209e+06	0.632847
4.47219e+06	0.580598
4.47229e+06	0.527467
4.47239e+06	0.474518
4.47249e+06	0.422708
4.47259e+06	0.372867
4.47269e+06	0.325677
4.47279e+06	0.281667
4.47289e+06	0.241211
4.47299e+06	0.204534
4.47309e+06	0.171726
4.47319e+06	0.14276
4.47329e+06	0.11751
4.47339e+06	0.0957712
4.47349e+06	0.0772835
4.47359e+06	0.0617486
4.47369e+06	0.0488487
4.47379e+06	0.0382616
4.47389e+06	0.0296725
4.47399e+06	0.0227838
4.47409e+06	0.0173211
4.47419e+06	0.0130377
4.47429e+06	0.0097163
4.47439e+06	0.00716928
4.47449e+06	0.00523748
4.47459e+06	0.00378828
4.47469e+06	0.0027129
4.47479e+06	0.00192354
4.47489e+06	0.00135036
4.47499e+06	0.000938632
4.47509e+06	0.000646063
4.47519e+06	0.000440423
4.47529e+06	0.000297485
4.47539e+06	0.000199283
4.47549e+06	0.000132676
4.47559e+06	8.81908e-05
4.47569e+06	5.90985e-05
4.47579e+06	4.07072e-05
4.47589e+06	2.98179e-05
4.47599e+06	2.43196e-05
4.47609e+06	2.28924e-05
4.47619e+06	2.47942e-05
4.47629e+06	2.97101e-05
4.47639e+06	3.76487e-05
4.47649e+06	4.88707e-05
4.47659e+06	6.38404e-05
4.47669e+06	8.31905e-05
4.47679e+06	0.000107695
4.47689e+06	0.000138243
4.47699e+06	0.000175811
4.47709e+06	0.000221433
4.47719e+06	0.000276156
4.47729e+06	0.000340998
4.47739e+06	0.000416886
4.47749e+06	0.000504598
4.47759e+06	0.000604691
4.47769e+06	0.00071743
4.47779e+06	0.00084272
4.47789e+06	0.00098004
4.47799e+06	0.0011284
4.47809e+06	0.00128628
4.47819e+06	0.00145167
4.47829e+06	0.00162203
4.47839e+06	0.00179434
4.47849e+06	0.0019652
4.47859e+06	0.00213092
4.47869e+06	0.00228763
4.47879e+06	0.00243142
4.47889e+06	0.00255853
4.47899e+06	0.00266551
4.47909e+06	0.00274932
4.47919e+06	0.00280755
4.47929e+06	0.00283849
4.47939e+06	0.00284122
4.47949e+06	0.00281565
4.47959e+06	0.00276254
4.47969e+06	0.00268347
4.47979e+06	0.00258073
4.47989e+06	0.00245722
4.47999e+06	0.00231634
4.48009e+06	0.00216182
4.48019e+06	0.00199753
4.48029e+06	0.00182735
4.48039e+06	0.00165505
4.48049e+06	0.00148407
4.48059e+06	0.00131752
4.48069e+06	0.00115801
4.48079e+06	0.0010077
4.48089e+06	0.000868165
4.48099e+06	0.000740512
4.48109e+06	0.000625343
4.48119e+06	0.000522832
4.48129e+06	0.000432776
4.48139e+06	0.000354667
4.48149e+06	0.000287764
4.48159e+06	0.000231157
4.48169e+06	0.000183839
4.48179e+06	0.000144751
4.48189e+06	0.000112841
4.48199e+06	8.70896e-05
4.48209e+06	6.65462e-05
4.48219e+06	5.03429e-05
4.48229e+06	3.77059e-05
4.48239e+06	2.796e-05
4.48249e+06	2.05269e-05
4.48259e+06	1.49199e-05
4.48269e+06	1.07366e-05
4.48279e+06	7.6493e-06
4.48289e+06	5.39555e-06
4.48299e+06	3.76796e-06
4.48309e+06	2.60516e-06
4.48319e+06	1.78328e-06
4.48329e+06	1.20854e-06
4.48339e+06	8.10886e-07
4.48349e+06	5.38661e-07
4.48359e+06	3.54266e-07
4.48369e+06	2.30674e-07
4.48379e+06	1.48705e-07
4.48389e+06	9.49097e-08
4.48399e+06	5.99724e-08
4.48409e+06	3.75189e-08
4.48419e+06	2.32384e-08
4.48429e+06	1.42501e-08
4.48439e+06	8.65142e-09
4.48449e+06	5.20013e-09
4.48459e+06	3.09455e-09
4.48469e+06	1.82322e-09
4.48479e+06	1.0635e-09
4.48489e+06	6.14173e-10
4.48499e+06	3.51158e-10
4.48509e+06	1.9878e-10
4.48519e+06	1.11403e-10
4.48529e+06	6.18131e-11
4.48539e+06	3.39563e-11
4.48549e+06	1.84679e-11
4.48559e+06	9.94425e-12
4.48569e+06	5.30131e-12
4.48579e+06	2.79802e-12
4.48589e+06	1.4621e-12
4.48599e+06	7.56414e-13
4.48609e+06	3.87435e-13
4.48619e+06	1.9647e-13
4.48629e+06	9.8639e-14
4.48639e+06	4.90297e-14
4.48649e+06	2.41283e-14
4.48659e+06	1.17558e-14
4.48669e+06	5.67066e-15
4.48679e+06	2.70815e-15
4.48689e+06	1.28047e-15
4.48699e+06	5.99406e-16
4.48709e+06	2.77799e-16
4.48719e+06	1.27467e-16
4.48729e+06	5.79059e-17
4.48739e+06	2.60438e-17
4.48749e+06	1.15969e-17
4.48759e+06	5.11255e-18
4.48769e+06	2.23146e-18
4.48779e+06	9.64271e-19
4.48789e+06	4.12539e-19
4.48799e+06	1.74739e-19
4.48809e+06	7.32773e-20
4.48819e+06	3.04234e-20
4.48829e+06	1.25055e-20
4.48839e+06	5.08925e-21
4.48849e+06	2.05051e-21
4.48859e+06	8.17952e-22
4.48869e+06	3.23036e-22
4.48879e+06	1.26308e-22
4.48889e+06	4.88954e-23
4.48899e+06	1.87397e-23
4.48909e+06	7.11071e-24
4.48919e+06	2.67129e-24
4.48929e+06	9.93542e-25
4.48939e+06	3.65855e-25
4.48949e+06	1.33379e-25
4.48959e+06	4.8142e-26
4.48969e+06	1.72035e-26
4.48979e+06	6.08651e-27
4.48989e+06	2.13194e-27
4.48999e+06	7.39334e-28
4.49009e+06	2.53841e-28
4.49019e+06	8.62861e-29
4.49029e+06	2.90387e-29
4.49039e+06	9.67541e-30
4.49049e+06	3.19168e-30
4.49059e+06	1.04238e-30
4.49069e+06	3.37047e-31
4.49079e+06	1.07897e-31
4.49089e+06	3.41971e-32
4.49099e+06	1.07306e-32
4.49109e+06	3.33363e-33
4.49119e+06	1.02534e-33
4.49129e+06	3.12228e-34
4.49139e+06	9.41317e-35
4.49149e+06	2.80968e-35
4.49159e+06	8.30298e-36
4.49169e+06	2.42923e-36
4.49179e+06	7.03655e-37
4.49189e+06	2.01794e-37
4.49199e+06	5.72947e-38
4.49209e+06	1.61056e-38
4.49219e+06	4.48226e-39
4.49229e+06	1.23502e-39
4.49239e+06	3.36905e-40
4.49249e+06	9.0991e-41
4.49259e+06	2.43303e-41
4.49269e+06	6.44098e-42
4.49279e+06	1.68816e-42
4.49289e+06	4.3806e-43
4.49299e+06	1.12541e-43
4.49309e+06	2.86248e-44
4.49319e+06	7.2083e-45
4.49329e+06	1.79713e-45
4.49339e+06	4.43593e-46
4.49349e+06	1.08404e-46
4.49359e+06	2.6228e-47
4.49369e+06	6.28262e-48
4.49379e+06	1.48996e-48
4.49389e+06	3.49835e-49
4.49399e+06	8.13224e-50
4.49409e+06	1.8716e-50
4.49419e+06	4.26457e-51
4.49429e+06	9.62039e-52
4.49439e+06	2.14866e-52
4.49449e+06	4.75116e-53
4.49459e+06	1.04013e-53
4.49469e+06	2.25442e-54
4.49479e+06	4.8377e-55
4.49489e+06	1.02778e-55
4.49499e+06	2.1618e-56
4.49509e+06	4.50185e-57
4.49519e+06	9.28158e-58
4.49529e+06	1.89457e-58
4.49539e+06	3.82874e-59
4.49549e+06	7.66053e-60
4.49559e+06	1.51746e-60
4.49569e+06	2.97602e-61
4.49579e+06	5.77842e-62
4.49589e+06	1.11081e-62
4.49599e+06	2.11411e-63
4.49609e+06	3.98357e-64
4.49619e+06	7.43147e-65
4.49629e+06	1.37257e-65
4.49639e+06	2.50986e-66
4.49649e+06	4.54384e-67
4.49659e+06	8.1443e-68
4.49669e+06	1.44524e-68
4.49679e+06	2.53913e-69
4.49689e+06	4.41659e-70
4.49699e+06	7.6058e-71
4.49709e+06	1.29676e-71
4.49719e+06	2.18894e-72
4.49729e+06	3.65816e-73
4.49739e+06	6.05271e-74
4.49749e+06	9.91501e-75
4.49759e+06	1.60803e-75
4.49769e+06	2.58197e-76
4.49779e+06	4.10456e-77
4.49789e+06	6.46009e-78
4.49799e+06	1.00663e-78
4.49809e+06	1.55294e-79
4.49819e+06	2.3719e-80
4.49829e+06	3.58672e-81
4.49839e+06	5.36976e-82
4.49849e+06	7.95919e-83
4.49859e+06	1.16799e-83
4.49869e+06	1.69695e-84
4.49879e+06	2.44092e-85
4.49889e+06	3.47613e-86
4.49899e+06	4.90113e-87
4.49909e+06	6.84152e-88
4.49919e+06	9.45511e-89
4.49929e+06	1.29371e-89
4.49939e+06	1.75253e-90
4.49949e+06	2.35044e-91
4.49959e+06	3.12099e-92
4.49969e+06	4.1029e-93
4.49979e+06	5.34007e-94
4.49989e+06	6.88113e-95
4.49999e+06	8.77869e-96
4.50009e+06	1.10881e-96
4.50019e+06	1.38657e-97
4.50029e+06	1.71665e-98
4.50039e+06	2.10417e-99
4.50049e+06	2.5535e-100
4.50059e+06	3.06795e-101
4.50069e+06	3.64937e-102
4.50079e+06	4.29779e-103
4.50089e+06	5.01105e-104
4.50099e+06	5.78454e-105
4.50109e+06	6.611e-106
4.50119e+06	7.48035e-107
4.50129e+06	8.3798e-108
4.50139e+06	9.294e-109
4.50149e+06	1.02054e-109
4.50159e+06	1.10946e-110
4.50169e+06	1.19413e-111
4.50179e+06	1.27247e-112
4.50189e+06	1.34246e-113
4.50199e+06	1.40221e-114
4.50209e+06	1.45005e-115
4.50219e+06	1.48459e-116
4.50229e+06	1.50484e-117
4.50239e+06	1.51018e-118
4.50249e+06	1.50047e-119
4.50259e+06	1.47598e-120
4.50269e+06	1.43744e-121
4.50279e+06	1.38598e-122
4.50289e+06	1.32307e-123
4.50299e+06	1.25044e-124
4.50309e+06	1.17005e-125
4.50319e+06	1.08392e-126
4.50329e+06	9.9415e-128
4.50339e+06	9.02739e-129
4.50349e+06	8.11576e-130
4.50359e+06	7.22359e-131
4.50369e+06	6.36553e-132
4.50379e+06	5.55357e-133
4.50389e+06	4.79698e-134
4.50399e+06	4.10223e-135
4.50409e+06	3.4732e-136
4.50419e+06	2.91136e-137
4.50429e+06	2.41613e-138
4.50439e+06	1.98518e-139
4.50449e+06	1.61487e-140
4.50459e+06	1.30057e-141
4.50469e+06	1.03701e-142
4.50479e+06	8.1864e-144
4.50489e+06	6.39821e-145
4.50499e+06	4.95087e-146
4.50509e+06	3.79281e-147
4.50519e+06	2.87673e-148
4.50529e+06	2.16019e-149
4.50539e+06	1.60599e-150
4.50549e+06	1.18209e-151
4.50559e+06	8.61424e-153
4.50569e+06	6.21497e-154
4.50579e+06	4.43934e-155
4.50589e+06	3.13946e-156
4.50599e+06	2.1981e-157
4.50609e+06	1.5237e-158
4.50619e+06	1.0457e-159
4.50629e+06	7.10511e-161
4.50639e+06	4.77961e-162
4.50649e+06	3.18325e-163
4.50659e+06	2.09897e-164
4.50669e+06	1.37025e-165
4.50679e+06	8.85625e-167
4.50689e+06	5.66705e-168
4.50699e+06	3.59022e-169
4.50709e+06	2.25186e-170
4.50719e+06	1.39836e-171
4.50729e+06	8.59716e-173
4.50739e+06	5.23296e-174
4.50749e+06	3.15353e-175
4.50759e+06	1.88149e-176
4.50769e+06	1.11139e-177
4.50779e+06	6.4996e-179
4.50789e+06	3.76326e-180
4.50799e+06	2.15724e-181
4.50809e+06	1.22431e-182
4.50819e+06	6.87922e-184
4.50829e+06	3.82688e-185
4.50839e+06	2.10769e-186
4.50849e+06	1.14928e-187
4.50859e+06	6.20446e-189
4.50869e+06	3.31618e-190
4.50879e+06	1.75481e-191
4.50889e+06	9.19342e-193
4.50899e+06	4.7685e-194
4.50909e+06	2.44875e-195
4.50919e+06	1.24498e-196
4.50929e+06	6.26671e-198
4.50939e+06	3.12301e-199
4.50949e+06	1.54086e-200
4.50959e+06	7.52681e-202
4.50969e+06	3.64012e-203
4.50979e+06	1.74292e-204
4.50989e+06	8.2622e-206
4.50999e+06	3.87767e-207
4.51009e+06	1.80179e-208
4.51019e+06	8.28884e-210
4.51029e+06	3.7752e-211
4.51039e+06	1.70233e-212
4.51049e+06	7.59985e-214
4.51059e+06	3.3591e-215
4.51069e+06	1.46994e-216
4.51079e+06	6.3684e-218
4.51089e+06	2.73161e-219
4.51099e+06	1.16002e-220
4.51109e+06	4.87718e-222
4.51119e+06	2.03015e-223
4.51129e+06	8.36655e-225
4.51139e+06	3.41367e-226
4.51149e+06	1.37896e-227
4.51159e+06	5.51494e-229
4.51169e+06	2.18367e-230
4.51179e+06	8.5603e-232
4.51189e+06	3.32238e-233
4.51199e+06	1.27663e-234
4.51209e+06	4.85668e-236
4.51219e+06	1.82924e-237
4.51229e+06	6.82116e-239
4.51239e+06	2.51827e-240
4.51249e+06	9.2046e-242
4.51259e+06	3.33092e-243
4.51269e+06	1.19338e-244
4.51279e+06	4.23305e-246
4.51289e+06	1.48656e-247
4.51299e+06	5.16858e-249
4.51309e+06	1.77916e-250
4.51319e+06	6.06341e-252
4.51329e+06	2.04586e-253
4.51339e+06	6.83425e-255
4.51349e+06	2.26029e-256
4.51359e+06	7.40104e-258
4.51369e+06	2.39927e-259
4.51379e+06	7.70058e-261
4.51389e+06	2.44695e-262
4.51399e+06	7.69807e-264
4.51409e+06	2.39771e-265
4.51419e+06	7.39382e-267
4.51429e+06	2.25735e-268
4.51439e+06	6.82314e-270
4.51449e+06	2.04187e-271
4.51459e+06	6.04961e-273
4.51469e+06	1.77454e-274
4.51479e+06	5.15346e-276
4.51489e+06	1.48173e-277
4.51499e+06	4.21792e-279
4.51509e+06	1.18873e-280
4.51519e+06	3.31686e-282
4.51529e+06	9.16276e-284
4.51539e+06	2.50601e-285
4.51549e+06	6.78573e-287
4.51559e+06	1.81914e-288
4.51569e+06	4.82831e-290
4.51579e+06	1.26876e-291
4.51589e+06	3.30082e-293
4.51599e+06	8.50199e-295
4.51609e+06	2.16809e-296
4.51619e+06	5.47381e-298
4.51629e+06	1.36823e-299
4.51639e+06	3.386e-301
4.51649e+06	8.29605e-303
4.51659e+06	2.01239e-304
4.51669e+06	4.83293e-306
4.51679e+06	1.14912e-307
4.51689e+06	2.70507e-309
4.51699e+06	6.30447e-311
4.51709e+06	1.4547e-312
4.51719e+06	3.32321e-314
4.51729e+06	7.51621e-316
4.51739e+06	1.68305e-317
4.51749e+06	3.73123e-319
4.51759e+06	8.19161e-321
4.51769e+06	1.77864e-322
4.51779e+06	4.94066e-324
4.51789e+06	0
4.51799e+06	0
4.51809e+06	0
4.51819e+06	0
4.51829e+06	0
4.51839e+06	0
4.51849e+06	0
4.51859e+06	0
4.51869e+06	0
4.51879e+06	0
4.51889e+06	0
4.51899e+06	0
4.51909e+06	0
4.51919e+06	0
4.51929e+06	0
4.51939e+06	0
4.51949e+06	0
4.51959e+06	0
4.51969e+06	0
4.51979e+06	0
4.51989e+06	0
4.51999e+06	0
4.52009e+06	0
4.52019e+06	0
4.52029e+06	0
4.52039e+06	0
4.52049e+06	0
4.52059e+06	0
4.52069e+06	0
4.52079e+06	0
4.52089e+06	0
4.52099e+06	0
4.52109e+06	0
4.52119e+06	0
4.52129e+06	0
4.52139e+06	0
4.52149e+06	0
4.52159e+06	0
4.52169e+06	0
4.52179e+06	0
4.52189e+06	0
4.52199e+06	0
4.52209e+06	0
4.52219e+06	0
4.52229e+06	0
4.52239e+06	0
4.52249e+06	0
4.52259e+06	0
4.52269e+06	0
4.52279e+06	0
4.52289e+06	0
4.52299e+06	0
4.52309e+06	0
4.52319e+06	0
4.52329e+06	0
4.52339e+06	0
4.52349e+06	0
4.52359e+06	0
4.52369e+06	0
4.52379e+06	0
4.52389e+06	0
4.52399e+06	0
4.52409e+06	0
4.52419e+06	0
4.52429e+06	0
4.52439e+06	0
4.52449e+06	0
4.52459e+06	0
4.52469e+06	0
4.52479e+06	0
4.52489e+06	0
4.52499e+06	0
4.52509e+06	0
4.52519e+06	0
4.52529e+06	0
4.52539e+06	0
4.52549e+06	0
4.52559e+06	0
4.52569e+06	0
4.52579e+06	0
4.52589e+06	0
4.52599e+06	0
4.52609e+06	0
4.52619e+06	0
4.52629e+06	0
4.52639e+06	0
4.52649e+06	0
4.52659e+06	0
4.52669e+06	0
4.52679e+06	0
4.52689e+06	0
4.52699e+06	0
4.52709e+06	0
4.52719e+06	0
4.52729e+06	0
4.52739e+06	0
4.52749e+06	0
4.52759e+06	0
4.52769e+06	0
4.52779e+06	0
4.52789e+06	0
4.52799e+06	0
4.52809e+06	0
4.52819e+06	0
4.52829e+06	0
4.52839e+06	0
4.52849e+06	0
4.52859e+06	0
4.52869e+06	0
4.52879e+06	0
4.52889e+06	0
4.52899e+06	0
4.52909e+06	0
4.52919e+06	0
4.52929e+06	0
4.52939e+06	0
4.52949e+06	0
4.52959e+06	0
4.52969e+06	0
4.52979e+06	0
4.52989e+06	0
4.52999e+06	0
4.53009e+06	0
4.53019e+06	0
4.53029e+06	0
4.53039e+06	0
4.53049e+06	0
4.53059e+06	0
4.53069e+06	0
4.53079e+06	0
4.53089e+06	0
4.53099e+06	0
4.53109e+06	0
4.53119e+06	0
4.53129e+06	0
4.53139e+06	0
4.53149e+06	0
4.53159e+06	0
4.53169e+06	0
4.53179e+06	0
4.53189e+06	0
4.53199e+06	0
4.53209e+06	0
4.53219e+06	0
4.53229e+06	0
4.53239e+06	0
4.53249e+06	0
4.53259e+06	0
4.53269e+06	0
4.53279e+06	0
4.53289e+06	0
4.53299e+06	0
4.53309e+06	0
4.53319e+06	0
4.53329e+06	0
4.53339e+06	0
4.53349e+06	0
4.53359e+06	0
4.53369e+06	0
4.53379e+06	0
4.53389e+06	0
4.53399e+06	0
4.53409e+06	0
4.53419e+06	0
4.53429e+06	0
4.53439e+06	0
4.53449e+06	0
4.53459e+06	0
4.53469e+06	0
4.53479e+06	0
4.53489e+06	0
4.53499e+06	0
4.53509e+06	0
4.53519e+06	0
4.53529e+06	0
4.53539e+06	0
4.53549e+06	0
4.53559e+06	0
4.53569e+06	0
4.53579e+06	0
4.53589e+06	0
4.53599e+06	0
4.53609e+06	0
4.53619e+06	0
4.53629e+06	0
4.53639e+06	0
4.53649e+06	0
4.53659e+06	0
4.53669e+06	0
4.53679e+06	0
4.53689e+06	0
4.53699e+06	0
4.53709e+06	0
4.53719e+06	0
4.53729e+06	0
4.53739e+06	0
4.53749e+06	0
4.53759e+06	0
4.53769e+06	0
4.53779e+06	0
4.53789e+06	0
4.53799e+06	0
4.53809e+06	0
4.53819e+06	0
4.53829e+06	0
4.53839e+06	0
4.53849e+06	0
4.53859e+06	0
4.53869e+06	0
4.53879e+06	0
4.53889e+06	0
4.53899e+06	0
4.53909e+06	0
4.53919e+06	0
4.53929e+06	0
4.53939e+06	0
4.53949e+06	0
4.53959e+06	0
4.53969e+06	0
4.53979e+06	0
4.53989e+06	0
4.53999e+06	0
4.54009e+06	0
4.54019e+06	0
4.54029e+06	0
4.54039e+06	0
4.54049e+06	0
4.54059e+06	0
4.54069e+06	0
4.54079e+06	0
4.54089e+06	0
4.54099e+06	0
4.54109e+06	0
4.54119e+06	0
4.54129e+06	0
4.54139e+06	0
4.54149e+06	0
4.54159e+06	0
4.54169e+06	0
4.54179e+06	0
4.54189e+06	0
4.54199e+06	0
4.54209e+06	0
4.54219e+06	0
4.54229e+06	0
4.54239e+06	0
4.54249e+06	0
4.54259e+06	0
4.54269e+06	0
4.54279e+06	0
4.54289e+06	0
4.54299e+06	0
4.54309e+06	0
4.54319e+06	0
4.54329e+06	0
4.54339e+06	0
4.54349e+06	0
4.54359e+06	0
4.54369e+06	0
4.54379e+06	0
4.54389e+06	0
4.54399e+06	0
4.54409e+06	0
4.54419e+06	0
4.54429e+06	0
4.54439e+06	0
4.54449e+06	0
4.54459e+06	0
4.54469e+06	0
4.54479e+06	0
4.54489e+06	0
4.54499e+06	0
4.54509e+06	0
4.54519e+06	0
4.54529e+06	0
4.54539e+06	0
4.54549e+06	0
4.54559e+06	0
4.54569e+06	0
4.54579e+06	0
4.54589e+06	0
4.54599e+06	0
4.54609e+06	0
4.54619e+06	0
4.54629e+06	0
4.54639e+06	0
4.54649e+06	0
4.54659e+06	0
4.54669e+06	0
4.54679e+06	0
4.54689e+06	0
4.54699e+06	0
4.54709e+06	0
4.54719e+06	0
4.54729e+06	0
4.54739e+06	0
4.54749e+06	0
4.54759e+06	0
4.54769e+06	0
4.54779e+06	0
4.54789e+06	0
4.54799e+06	0
4.54809e+06	0
4.54819e+06	0
4.54829e+06	0
4.54839e+06	0
4.54849e+06	0
4.54859e+06	0
4.54869e+06	0
4.54879e+06	0
4.54889e+06	0
4.54899e+06	0
4.54909e+06	0
4.54919e+06	0
4.54929e+06	0
4.54939e+06	0
4.54949e+06	0
4.54959e+06	0
4.54969e+06	0
4.54979e+06	0
4.54989e+06	0
4.54999e+06	0
4.55009e+06	0
4.55019e+06	0
4.55029e+06	0
4.55039e+06	0
4.55049e+06	0
4.55059e+06	0
4.55069e+06	0
4.55079e+06	0
4.55089e+06	0
4.55099e+06	0
4.55109e+06	0
4.55119e+06	0
4.55129e+06	0
4.55139e+06	0
4.55149e+06	0
4.55159e+06	0
4.55169e+06	0
4.55179e+06	0
4.55189e+06	0
4.55199e+06	0
4.55209e+06	0
4.55219e+06	0
4.55229e+06	0
4.55239e+06	0
4.55249e+06	0
4.55259e+06	0
4.55269e+06	0
4.55279e+06	0
4.55289e+06	0
4.55299e+06	0
4.55309e+06	0
4.55319e+06	0
4.55329e+06	0
4.55339e+06	0
4.55349e+06	0
4.55359e+06	0
4.55369e+06	0
4.55379e+06	0
4.55389e+06	0
4.55399e+06	0
4.55409e+06	0
4.55419e+06	0
4.55429e+06	0
4.55439e+06	0
4.55449e+06	0
4.55459e+06	0
4.55469e+06	0
4.55479e+06	0
4.55489e+06	0
4.55499e+06	0
4.55509e+06	0
4.55519e+06	0
4.55529e+06	0
4.55539e+06	0
4.55549e+06	0
4.55559e+06	0
4.55569e+06	0
4.55579e+06	0
4.55589e+06	0
4.55599e+06	0
4.55609e+06	0
4.55619e+06	0
4.55629e+06	0
4.55639e+06	0
4.55649e+06	0
4.55659e+06	0
4.55669e+06	0
4.55679e+06	0
4.55689e+06	0
4.55699e+06	0
4.55709e+06	0
4.55719e+06	0
4.55729e+06	0
4.55739e+06	0
4.55749e+06	0
4.55759e+06	0
4.55769e+06	0
4.55779e+06	0
4.55789e+06	0
4.55799e+06	0
4.55809e+06	0
4.55819e+06	0
4.55829e+06	0
4.55839e+06	0
4.55849e+06	0
4.55859e+06	0
4.55869e+06	0
4.55879e+06	0
4.55889e+06	0
4.55899e+06	0
4.55909e+06	0
4.55919e+06	0
4.55929e+06	0
4.55939e+06	0
4.55949e+06	0
4.55959e+06	0
4.55969e+06	0
4.55979e+06	0
4.55989e+06	0
4.55999e+06	0
4.56009e+06	0
4.56019e+06	0
4.56029e+06	0
4.56039e+06	0
4.56049e+06	0
4.56059e+06	0
4.56069e+06	0
4.56079e+06	0
4.56089e+06	0
4.56099e+06	0
4.56109e+06	0
4.56119e+06	0
4.56129e+06	0
4.56139e+06	0
4.56149e+06	0
4.56159e+06	0
4.56169e+06	0
4.56179e+06	0
4.56189e+06	0
4.56199e+06	0
4.56209e+06	0
4.56219e+06	0
4.56229e+06	0
4.56239e+06	0
4.56249e+06	0
4.56259e+06	0
4.56269e+06	0
4.56279e+06	0
4.56289e+06	0
4.56299e+06	0
4.56309e+06	0
4.56319e+06	0
4.56329e+06	0
4.56339e+06	0
4.56349e+06	0
4.56359e+06	0
4.56369e+06	0
4.56379e+06	0
4.56389e+06	0
4.56399e+06	0
4.56409e+06	0
4.56419e+06	0
4.56429e+06	0
4.56439e+06	0
4.56449e+06	0
4.56459e+06	0
4.56469e+06	0
4.56479e+06	0
4.56489e+06	0
4.56499e+06	0
4.56509e+06	0
4.56519e+06	0
4.56529e+06	0
4.56539e+06	0
4.56549e+06	0
4.56559e+06	0
4.56569e+06	0
4.56579e+06	0
4.56589e+06	0
4.56599e+06	0
4.56609e+06	0
4.56619e+06	0
4.56629e+06	0
4.56639e+06	0
4.56649e+06	0
4.56659e+06	0
4.56669e+06	0
4.56679e+06	0
4.56689e+06	0
4.56699e+06	0
4.56709e+06	0
4.56719e+06	0
4.56729e+06	0
4.56739e+06	0
4.56749e+06	0
4.56759e+06	0
4.56769e+06	0
4.56779e+06	0
4.56789e+06	0
4.56799e+06	0
4.56809e+06	0
4.56819e+06	0
4.56829e+06	0
4.56839e+06	0
4.56849e+06	0
4.56859e+06	0
4.56869e+06	0
4.56879e+06	0
4.56889e+06	0
4.56899e+06	0
4.56909e+06	0
4.56919e+06	0
4.56929e+06	0
4.56939e+06	0
4.56949e+06	0
4.56959e+06	0
4.56969e+06	0
4.56979e+06	0
4.56989e+06	0
4.56999e+06	0
4.57009e+06	0
4.57019e+06	0
4.57029e+06	0
4.57039e+06	0
4.57049e+06	0
4.57059e+06	0
4.57069e+06	0
4.57079e+06	0
4.57089e+06	0
4.57099e+06	0
4.57109e+06	0
4.57119e+06	0
4.57129e+06	0
4.57139e+06	0
4.57149e+06	0
4.57159e+06	0
4.57169e+06	0
4.57179e+06	0
4.57189e+06	0
4.57199e+06	0
4.57209e+06	0
4.57219e+06	0
4.57229e+06	0
4.57239e+06	0
4.57249e+06	0
4.57259e+06	0
4.57269e+06	0
4.57279e+06	0
4.57289e+06	0
4.57299e+06	0
4.57309e+06	0
4.57319e+06	0
4.57329e+06	0
4.57339e+06	0
4.57349e+06	0
4.57359e+06	0
4.57369e+06	0
4.57379e+06	0
4.57389e+06	0
4.57399e+06	0
4.57409e+06	0
4.57419e+06	0
4.57429e+06	0
4.57439e+06	0
4.57449e+06	0
4.57459e+06	0
4.57469e+06	0
4.57479e+06	0
4.57489e+06	0
4.57499e+06	0
4.57509e+06	0
4.57519e+06	0
4.57529e+06	0
4.57539e+06	0
4.57549e+06	0
4.57559e+06	0
4.57569e+06	0
4.57579e+06	0
4.57589e+06	0
4.57599e+06	0
4.57609e+06	0
4.57619e+06	0
4.57629e+06	0
4.57639e+06	0
4.57649e+06	0
4.57659e+06	0
4.57669e+06	0
4.57679e+06	0
4.57689e+06	0
4.57699e+06	0
4.57709e+06	0
4.57719e+06	0
4.57729e+06	0
4.57739e+06	0
4.57749e+06	0
4.57759e+06	0
4.57769e+06	0
4.57779e+06	0
4.57789e+06	0
4.57799e+06	0
4.57809e+06	0
4.57819e+06	0
4.57829e+06	0
4.57839e+06	0
4.57849e+06	0
4.57859e+06	0
4.57869e+06	0
4.57879e+06	0
4.57889e+06	0
4.57899e+06	0
4.57909e+06	0
4.57919e+06	0
4.57929e+06	0
4.57939e+06	0
4.57949e+06	0
4.57959e+06	0
4.57969e+06	0
4.57979e+06	0
4.57989e+06	0
4.57999e+06	0
4.58009e+06	0
4.58019e+06	0
4.58029e+06	0
4.58039e+06	0
4.58049e+06	0
4.58059e+06	0
4.58069e+06	0
4.58079e+06	0
4.58089e+06	0
4.58099e+06	0
4.58109e+06	0
4.58119e+06	0
4.58129e+06	0
4.58139e+06	0
4.58149e+06	0
4.58159e+06	0
4.58169e+06	0
4.58179e+06	0
4.58189e+06	0
4.58199e+06	0
4.58209e+06	0
4.58219e+06	0
4.58229e+06	0
4.58239e+06	0
4.58249e+06	0
4.58259e+06	0
4.58269e+06	0
4.58279e+06	0
4.58289e+06	0
4.58299e+06	0
4.58309e+06	0
4.58319e+06	0
4.58329e+06	0
4.58339e+06	0
4.58349e+06	0
4.58359e+06	0
4.58369e+06	0
4.58379e+06	0
4.58389e+06	0
4.58399e+06	0
4.58409e+06	0
4.58419e+06	0
4.58429e+06	0
4.58439e+06	0
4.58449e+06	0
4.58459e+06	0
4.58469e+06	0
4.58479e+06	0
4.58489e+06	0
4.58499e+06	0
4.58509e+06	0
4.58519e+06	0
4.58529e+06	0
4.58539e+06	0
4.58549e+06	0
4.58559e+06	0
4.58569e+06	0
4.58579e+06	0
4.58589e+06	0
4.58599e+06	0
4.58609e+06	0
4.58619e+06	0
4.58629e+06	0
4.58639e+06	0
4.58649e+06	0
4.58659e+06	0
4.58669e+06	0
4.58679e+06	0
4.58689e+06	0
4.58699e+06	0
4.58709e+06	0
4.58719e+06	0
4.58729e+06	0
4.58739e+06	0
4.58749e+06	0
4.58759e+06	0
4.58769e+06	0
4.58779e+06	0
4.58789e+06	0
4.58799e+06	0
4.58809e+06	0
4.58819e+06	0
4.58829e+06	0
4.58839e+06	0
4.58849e+06	0
4.58859e+06	0
4.58869e+06	0
4.58879e+06	0
4.58889e+06	0
4.58899e+06	0
4.58909e+06	0
4.58919e+06	0
4.58929e+06	0
4.58939e+06	0
4.58949e+06	0
4.58959e+06	0
4.58969e+06	0
4.58979e+06	0
4.58989e+06	0
4.58999e+06	0
4.59009e+06	0
4.59019e+06	0
4.59029e+06	0
4.59039e+06	0
4.59049e+06	0
4.59059e+06	0
4.59069e+06	0
4.59079e+06	0
4.59089e+06	0
4.59099e+06	0
4.59109e+06	0
4.59119e+06	0
4.59129e+06	0
4.59139e+06	0
4.59149e+06	0
4.59159e+06	0
4.59169e+06	0
4.59179e+06	0
4.59189e+06	0
4.59199e+06	0
4.59209e+06	0
4.59219e+06	0
4.59229e+06	0
4.59239e+06	0
4.59249e+06	0
4.59259e+06	0
4.59269e+06	0
4.59279e+06	0
4.59289e+06	0
4.59299e+06	0
4.59309e+06	0
4.59319e+06	0
4.59329e+06	0
4.59339e+06	0
4.59349e+06	0
4.59359e+06	0
4.59369e+06	0
4.59379e+06	0
4.59389e+06	0
4.59399e+06	0
4.59409e+06	0
4.59419e+06	0
4.59429e+06	0
4.59439e+06	0
4.59449e+06	0
4.59459e+06	0
4.59469e+06	0
4.59479e+06	0
4.59489e+06	0
4.59499e+06	0
4.59509e+06	0
4.59519e+06	0
4.59529e+06	0
4.59539e+06	0
4.59549e+06	0
4.59559e+06	0
4.59569e+06	0
4.59579e+06	0
4.59589e+06	0
4.59599e+06	0
4.59609e+06	0
4.59619e+06	0
4.59629e+06	0
4.59639e+06	0
4.59649e+06	0
4.59659e+06	0
4.59669e+06	0
4.59679e+06	0
4.59689e+06	0
4.59699e+06	0
4.59709e+06	0
4.59719e+06	0
4.59729e+06	0
4.59739e+06	0
4.59749e+06	0
4.59759e+06	0
4.59769e+06	0
4.59779e+06	0
4.59789e+06	0
4.59799e+06	0
4.59809e+06	0
4.59819e+06	0
4.59829e+06	0
4.59839e+06	0
4.59849e+06	0
4.59859e+06	0
4.59869e+06	0
4.59879e+06	0
4.59889e+06	0
4.59899e+06	0
4.59909e+06	0
4.59919e+06	0
4.59929e+06	0
4.59939e+06	0
4.59949e+06	0
4.59959e+06	0
4.59969e+06	0
4.59979e+06	0
4.59989e+06	0
4.59999e+06	0
4.60009e+06	0
4.60019e+06	0
4.60029e+06	0
4.60039e+06	0
4.60049e+06	0
4.60059e+06	0
4.60069e+06	0
4.60079e+06	0
4.60089e+06	0
4.60099e+06	0
4.60109e+06	0
4.60119e+06	0
4.60129e+06	0
4.60139e+06	0
4.60149e+06	0
4.60159e+06	0
4.60169e+06	0
4.60179e+06	0
4.60189e+06	0
4.60199e+06	0
4.60209e+06	0
4.60219e+06	0
4.60229e+06	0
4.60239e+06	0
4.60249e+06	0
4.60259e+06	0
4.60269e+06	0
4.60279e+06	0
4.60289e+06	0
4.60299e+06	0
4.60309e+06	0
4.60319e+06	0
4.60329e+06	0
4.60339e+06	0
4.60349e+06	0
4.60359e+06	0
4.60369e+06	0
4.60379e+06	0
4.60389e+06	0
4.60399e+06	0
4.60409e+06	0
4.60419e+06	0
4.60429e+06	0
4.60439e+06	0
4.60449e+06	0
4.60459e+06	0
4.60469e+06	0
4.60479e+06	0
4.60489e+06	0
4.60499e+06	0
4.60509e+06	0
4.60519e+06	0
4.60529e+06	0
4.60539e+06	0
4.60549e+06	0
4.60559e+06	0
4.60569e+06	0
4.60579e+06	0
4.60589e+06	0
4.60599e+06	0
4.60609e+06	0
4.60619e+06	0
4.60629e+06	0
4.60639e+06	0
4.60649e+06	0
4.60659e+06	0
4.60669e+06	0
4.60679e+06	0
4.60689e+06	0
4.60699e+06	0
4.60709e+06	0
4.60719e+06	0
4.60729e+06	0
4.60739e+06	0
4.60749e+06	0
4.60759e+06	0
4.60769e+06	0
4.60779e+06	0
4.60789e+06	0
4.60799e+06	0
4.60809e+06	0
4.60819e+06	0
4.60829e+06	0
4.60839e+06	0
4.60849e+06	0
4.60859e+06	0
4.60869e+06	0
4.60879e+06	0
4.60889e+06	0
4.60899e+06	0
4.60909e+06	0
4.60919e+06	0
4.60929e+06	0
4.60939e+06	0
4.60949e+06	0
4.60959e+06	0
4.60969e+06	0
4.60979e+06	0
4.60989e+06	0
4.60999e+06	0
4.61009e+06	0
4.61019e+06	0
4.61029e+06	0
4.61039e+06	0
4.61049e+06	0
4.61059e+06	0
4.61069e+06	0
4.61079e+06	0
4.61089e+06	0
4.61099e+06	0
4.61109e+06	0
4.61119e+06	0
4.61129e+06	0
4.61139e+06	0
4.61149e+06	0
4.61159e+06	0
4.61169e+06	0
4.61179e+06	0
4.61189e+06	0
4.61199e+06	0
4.61209e+06	0
4.61219e+06	0
4.61229e+06	0
4.61239e+06	0
4.61249e+06	0
4.61259e+06	0
4.61269e+06	0
4.61279e+06	0
4.61289e+06	0
4.61299e+06	0
4.61309e+06	0
4.61319e+06	0
4.61329e+06	0
4.61339e+06	0
4.61349e+06	0
4.61359e+06	0
4.61369e+06	0
4.61379e+06	0
4.61389e+06	0
4.61399e+06	0
4.61409e+06	0
4.61419e+06	0
4.61429e+06	0
4.61439e+06	0
4.61449e+06	0
4.61459e+06	0
4.61469e+06	0
4.61479e+06	0
4.61489e+06	0
4.61499e+06	0
4.61509e+06	0
4.61519e+06	0
4.61529e+06	0
4.61539e+06	0
4.61549e+06	0
4.61559e+06	0
4.61569e+06	0
4.61579e+06	0
4.61589e+06	0
4.61599e+06	0
4.61609e+06	0
4.61619e+06	0
4.61629e+06	0
4.61639e+06	0
4.61649e+06	0
4.61659e+06	0
4.61669e+06	0
4.61679e+06	0
4.61689e+06	0
4.61699e+06	0
4.61709e+06	0
4.61719e+06	1.4822e-323
4.61729e+06	7.06514e-322
4.61739e+06	3.28652e-320
4.61749e+06	1.51203e-318
4.61759e+06	6.88768e-317
4.61769e+06	3.10628e-315
4.61779e+06	1.38697e-313
4.61789e+06	6.13124e-312
4.61799e+06	2.68341e-310
4.61809e+06	1.16274e-308
4.61819e+06	4.98812e-307
4.61829e+06	2.11859e-305
4.61839e+06	8.90872e-304
4.61849e+06	3.70885e-302
4.61859e+06	1.5287e-300
4.61869e+06	6.23821e-299
4.61879e+06	2.52032e-297
4.61889e+06	1.00811e-295
4.61899e+06	3.99225e-294
4.61909e+06	1.56525e-292
4.61919e+06	6.07588e-291
4.61929e+06	2.33502e-289
4.61939e+06	8.8844e-288
4.61949e+06	3.34675e-286
4.61959e+06	1.24817e-284
4.61969e+06	4.60876e-283
4.61979e+06	1.68481e-281
4.61989e+06	6.09781e-280
4.61999e+06	2.18501e-278
4.62009e+06	7.75161e-277
4.62019e+06	2.72261e-275
4.62029e+06	9.46755e-274
4.62039e+06	3.25946e-272
4.62049e+06	1.11099e-270
4.62059e+06	3.74917e-269
4.62069e+06	1.25261e-267
4.62079e+06	4.14335e-266
4.62089e+06	1.35689e-264
4.62099e+06	4.39942e-263
4.62109e+06	1.41222e-261
4.62119e+06	4.48817e-260
4.62129e+06	1.41218e-258
4.62139e+06	4.39916e-257
4.62149e+06	1.35677e-255
4.62159e+06	4.14285e-254
4.62169e+06	1.25242e-252
4.62179e+06	3.7485e-251
4.62189e+06	1.11076e-249
4.62199e+06	3.25869e-248
4.62209e+06	9.46502e-247
4.62219e+06	2.72181e-245
4.62229e+06	7.74907e-244
4.62239e+06	2.18424e-242
4.62249e+06	6.09546e-241
4.62259e+06	1.68411e-239
4.62269e+06	4.60671e-238
4.62279e+06	1.24758e-236
4.62289e+06	3.34506e-235
4.62299e+06	8.87965e-234
4.62309e+06	2.3337e-232
4.62319e+06	6.07227e-231
4.62329e+06	1.56428e-229
4.62339e+06	3.98965e-228
4.62349e+06	1.00742e-226
4.62359e+06	2.51852e-225
4.62369e+06	6.23358e-224
4.62379e+06	1.52752e-222
4.62389e+06	3.70588e-221
4.62399e+06	8.90131e-220
4.62409e+06	2.11677e-218
4.62419e+06	4.98368e-217
4.62429e+06	1.16167e-215
4.62439e+06	2.68086e-214
4.62449e+06	6.12523e-213
4.62459e+06	1.38557e-211
4.62469e+06	3.10305e-210
4.62479e+06	6.88032e-209
4.62489e+06	1.51037e-207
4.62499e+06	3.2826e-206
4.62509e+06	7.0633e-205
4.62519e+06	1.50472e-203
4.62529e+06	3.17365e-202
4.62539e+06	6.62706e-201
4.62549e+06	1.37006e-199
4.62559e+06	2.80424e-198
4.62569e+06	5.6826e-197
4.62579e+06	1.14008e-195
4.62589e+06	2.26456e-194
4.62599e+06	4.45335e-193
4.62609e+06	8.67057e-192
4.62619e+06	1.67134e-190
4.62629e+06	3.18963e-189
4.62639e+06	6.0266e-188
4.62649e+06	1.12736e-186
4.62659e+06	2.08789e-185
4.62669e+06	3.82834e-184
4.62679e+06	6.94977e-183
4.62689e+06	1.24907e-181
4.62699e+06	2.2226e-180
4.62709e+06	3.91555e-179
4.62719e+06	6.82938e-178
4.62729e+06	1.17931e-176
4.62739e+06	2.01618e-175
4.62749e+06	3.41262e-174
4.62759e+06	5.7188e-173
4.62769e+06	9.48809e-172
4.62779e+06	1.55851e-170
4.62789e+06	2.53453e-169
4.62799e+06	4.08077e-168
4.62809e+06	6.50494e-167
4.62819e+06	1.0266e-165
4.62829e+06	1.60405e-164
4.62839e+06	2.48137e-163
4.62849e+06	3.80033e-162
4.62859e+06	5.76247e-161
4.62869e+06	8.65073e-160
4.62879e+06	1.28574e-158
4.62889e+06	1.89196e-157
4.62899e+06	2.75631e-156
4.62909e+06	3.97557e-155
4.62919e+06	5.67714e-154
4.62929e+06	8.02631e-153
4.62939e+06	1.12346e-151
4.62949e+06	1.5569e-150
4.62959e+06	2.13608e-149
4.62969e+06	2.90157e-148
4.62979e+06	3.90215e-147
4.62989e+06	5.19557e-146
4.62999e+06	6.84887e-145
4.63009e+06	8.93844e-144
4.63019e+06	1.15495e-142
4.63029e+06	1.47747e-141
4.63039e+06	1.87125e-140
4.63049e+06	2.34641e-139
4.63059e+06	2.91294e-138
4.63069e+06	3.58028e-137
4.63079e+06	4.35672e-136
4.63089e+06	5.24879e-135
4.63099e+06	6.2606e-134
4.63109e+06	7.39314e-133
4.63119e+06	8.6437e-132
4.63129e+06	1.00052e-130
4.63139e+06	1.1466e-129
4.63149e+06	1.30093e-128
4.63159e+06	1.46134e-127
4.63169e+06	1.62521e-126
4.63179e+06	1.78946e-125
4.63189e+06	1.9507e-124
4.63199e+06	2.10532e-123
4.63209e+06	2.24958e-122
4.63219e+06	2.37981e-121
4.63229e+06	2.49253e-120
4.63239e+06	2.58462e-119
4.63249e+06	2.65344e-118
4.63259e+06	2.69698e-117
4.63269e+06	2.71397e-116
4.63279e+06	2.70388e-115
4.63289e+06	2.66703e-114
4.63299e+06	2.60451e-113
4.63309e+06	2.51814e-112
4.63319e+06	2.41042e-111
4.63329e+06	2.28434e-110
4.63339e+06	2.14332e-109
4.63349e+06	1.99099e-108
4.63359e+06	1.83109e-107
4.63369e+06	1.66727e-106
4.63379e+06	1.503e-105
4.63389e+06	1.34144e-104
4.63399e+06	1.18533e-103
4.63409e+06	1.03697e-102
4.63419e+06	8.98145e-102
4.63429e+06	7.70169e-101
4.63439e+06	6.53856e-100
4.63449e+06	5.49586e-99
4.63459e+06	4.57347e-98
4.63469e+06	3.76802e-97
4.63479e+06	3.07353e-96
4.63489e+06	2.4821e-95
4.63499e+06	1.98453e-94
4.63509e+06	1.57092e-93
4.63519e+06	1.23114e-92
4.63529e+06	9.55248e-92
4.63539e+06	7.33809e-91
4.63549e+06	5.58094e-90
4.63559e+06	4.20231e-89
4.63569e+06	3.13275e-88
4.63579e+06	2.31218e-87
4.63589e+06	1.68956e-86
4.63599e+06	1.22231e-85
4.63609e+06	8.75485e-85
4.63619e+06	6.20829e-84
4.63629e+06	4.35865e-83
4.63639e+06	3.02963e-82
4.63649e+06	2.0849e-81
4.63659e+06	1.42048e-80
4.63669e+06	9.58174e-80
4.63679e+06	6.39897e-79
4.63689e+06	4.2309e-78
4.63699e+06	2.76957e-77
4.63709e+06	1.79494e-76
4.63719e+06	1.15171e-75
4.63729e+06	7.31634e-75
4.63739e+06	4.60153e-74
4.63749e+06	2.86528e-73
4.63759e+06	1.7664e-72
4.63769e+06	1.07812e-71
4.63779e+06	6.51485e-71
4.63789e+06	3.8976e-70
4.63799e+06	2.3086e-69
4.63809e+06	1.3538e-68
4.63819e+06	7.85995e-68
4.63829e+06	4.51795e-67
4.63839e+06	2.5711e-66
4.63849e+06	1.44862e-65
4.63859e+06	8.08068e-65
4.63869e+06	4.4627e-64
4.63879e+06	2.44008e-63
4.63889e+06	1.32089e-62
4.63899e+06	7.07927e-62
4.63909e+06	3.75636e-61
4.63919e+06	1.97334e-60
4.63929e+06	1.02635e-59
4.63939e+06	5.28497e-59
4.63949e+06	2.69432e-58
4.63959e+06	1.35992e-57
4.63969e+06	6.79567e-57
4.63979e+06	3.36209e-56
4.63989e+06	1.64681e-55
4.63999e+06	7.98611e-55
4.64009e+06	3.83428e-54
4.64019e+06	1.82259e-53
4.64029e+06	8.57732e-53
4.64039e+06	3.99642e-52
4.64049e+06	1.84352e-51
4.64059e+06	8.41941e-51
4.64069e+06	3.80691e-50
4.64079e+06	1.7042e-49
4.64089e+06	7.5531e-49
4.64099e+06	3.31426e-48
4.64109e+06	1.43981e-47
4.64119e+06	6.19273e-47
4.64129e+06	2.63703e-46
4.64139e+06	1.11175e-45
4.64149e+06	4.64037e-45
4.64159e+06	1.9176e-44
4.64169e+06	7.84546e-44
4.64179e+06	3.17787e-43
4.64189e+06	1.27442e-42
4.64199e+06	5.05993e-42
4.64209e+06	1.989e-41
4.64219e+06	7.74071e-41
4.64229e+06	2.98253e-40
4.64239e+06	1.13775e-39
4.64249e+06	4.29698e-39
4.64259e+06	1.60671e-38
4.64269e+06	5.94798e-38
4.64279e+06	2.18001e-37
4.64289e+06	7.91051e-37
4.64299e+06	2.84189e-36
4.64309e+06	1.01081e-35
4.64319e+06	3.55947e-35
4.64329e+06	1.24096e-34
4.64339e+06	4.28342e-34
4.64349e+06	1.46379e-33
4.64359e+06	4.9525e-33
4.64369e+06	1.65892e-32
4.64379e+06	5.50156e-32
4.64389e+06	1.80635e-31
4.64399e+06	5.87187e-31
4.64409e+06	1.88976e-30
4.64419e+06	6.02136e-30
4.64429e+06	1.8995e-29
4.64439e+06	5.93255e-29
4.64449e+06	1.83443e-28
4.64459e+06	5.61586e-28
4.64469e+06	1.70212e-27
4.64479e+06	5.10763e-27
4.64489e+06	1.51742e-26
4.64499e+06	4.46324e-26
4.64509e+06	1.29973e-25
4.64519e+06	3.74723e-25
4.64529e+06	1.06961e-24
4.64539e+06	3.02272e-24
4.64549e+06	8.45721e-24
4.64559e+06	2.34268e-23
4.64569e+06	6.42476e-23
4.64579e+06	1.74445e-22
4.64589e+06	4.68938e-22
4.64599e+06	1.24804e-21
4.64609e+06	3.28853e-21
4.64619e+06	8.57888e-21
4.64629e+06	2.21573e-20
4.64639e+06	5.66577e-20
4.64649e+06	1.43436e-19
4.64659e+06	3.59514e-19
4.64669e+06	8.92135e-19
4.64679e+06	2.1918e-18
4.64689e+06	5.33126e-18
4.64699e+06	1.28385e-17
4.64709e+06	3.06096e-17
4.64719e+06	7.22531e-17
4.64729e+06	1.68855e-16
4.64739e+06	3.90685e-16
4.64749e+06	8.94947e-16
4.64759e+06	2.02967e-15
4.64769e+06	4.55732e-15
4.64779e+06	1.0131e-14
4.64789e+06	2.22972e-14
4.64799e+06	4.85854e-14
4.64809e+06	1.04814e-13
4.64819e+06	2.23866e-13
4.64829e+06	4.73386e-13
4.64839e+06	9.91059e-13
4.64849e+06	2.05419e-12
4.64859e+06	4.2154e-12
4.64869e+06	8.56434e-12
4.64879e+06	1.72269e-11
4.64889e+06	3.43064e-11
4.64899e+06	6.76397e-11
4.64909e+06	1.32034e-10
4.64919e+06	2.55168e-10
4.64929e+06	4.88229e-10
4.64939e+06	9.24864e-10
4.64949e+06	1.73456e-09
4.64959e+06	3.22076e-09
4.64969e+06	5.92085e-09
4.64979e+06	1.07762e-08
4.64989e+06	1.94181e-08
4.64999e+06	3.4642e-08
4.65009e+06	6.11868e-08
4.65019e+06	1.06996e-07
4.65029e+06	1.85241e-07
4.65039e+06	3.17513e-07
4.65049e+06	5.3882e-07
4.65059e+06	9.0528e-07
4.65069e+06	1.50584e-06
4.65079e+06	2.47989e-06
4.65089e+06	4.04337e-06
4.65099e+06	6.52695e-06
4.65109e+06	1.04312e-05
4.65119e+06	1.6505e-05
4.65129e+06	2.58556e-05
4.65139e+06	4.01006e-05
4.65149e+06	6.15749e-05
4.65159e+06	9.36081e-05
4.65169e+06	0.00014089
4.65179e+06	0.000209944
4.65189e+06	0.000309731
4.65199e+06	0.000452401
4.65209e+06	0.000654212
4.65219e+06	0.000936635
4.65229e+06	0.00132764
4.65239e+06	0.00186314
4.65249e+06	0.00258863
4.65259e+06	0.00356082
4.65269e+06	0.00484939
4.65279e+06	0.00653855
4.65289e+06	0.00872837
4.65299e+06	0.0115356
4.65309e+06	0.0150941
4.65319e+06	0.0195537
4.65329e+06	0.025079
4.65339e+06	0.0318454
4.65349e+06	0.040035
4.65359e+06	0.04983
4.65369e+06	0.0614043
4.65379e+06	0.0749142
4.65389e+06	0.090487
4.65399e+06	0.108209
4.65409e+06	0.128115
4.65419e+06	0.150174
4.65429e+06	0.174279
4.65439e+06	0.200241
4.65449e+06	0.227781
4.65459e+06	0.25653
4.65469e+06	0.286033
4.65479e+06	0.315756
4.65489e+06	0.3451
4.65499e+06	0.373417
4.65509e+06	0.400038
4.65519e+06	0.424292
4.65529e+06	0.445539
4.65539e+06	0.463195
4.65549e+06	0.476759
4.65559e+06	0.485837
4.65569e+06	0.490162
4.65579e+06	0.489605
4.65589e+06	0.484182
4.65599e+06	0.474056
4.65609e+06	0.459522
4.65619e+06	0.441002
4.65629e+06	0.419018
4.65639e+06	0.394167
4.65649e+06	0.367102
4.65659e+06	0.338492
4.65669e+06	0.309007
4.65679e+06	0.279283
4.65689e+06	0.249907
4.65699e+06	0.221396
4.65709e+06	0.194186
4.65719e+06	0.168625
4.65729e+06	0.144972
4.65739e+06	0.123397
4.65749e+06	0.103987
4.65759e+06	0.0867586
4.65769e+06	0.0716642
4.65779e+06	0.058607
4.65789e+06	0.0474519
4.65799e+06	0.0380378
4.65809e+06	0.030188
4.65819e+06	0.0237197
4.65829e+06	0.0184519
4.65839e+06	0.0142112
4.65849e+06	0.0108362
4.65859e+06	0.00818053
4.65869e+06	0.00611424
4.65879e+06	0.00452439
4.65889e+06	0.00331463
4.65899e+06	0.00240418
4.65909e+06	0.00172646
4.65919e+06	0.00122745
4.65929e+06	0.000863985
4.65939e+06	0.0006021
4.65949e+06	0.000415424
4.65959e+06	0.000283779
4.65969e+06	0.000191932
4.65979e+06	0.000128535
4.65989e+06	8.52455e-05
4.65999e+06	5.60109e-05
4.66009e+06	3.64955e-05
4.66019e+06	2.36357e-05
4.66029e+06	1.52977e-05
4.66039e+06	1.00192e-05
4.66049e+06	6.81961e-06
4.66059e+06	5.06132e-06
4.66069e+06	4.35281e-06
4.66079e+06	4.4816e-06
4.66089e+06	5.37067e-06
4.66099e+06	7.0519e-06
4.66109e+06	9.65238e-06
4.66119e+06	1.339e-05
4.66129e+06	1.85759e-05
4.66139e+06	2.56218e-05
4.66149e+06	3.50499e-05
4.66159e+06	4.75046e-05
4.66169e+06	6.37635e-05
4.66179e+06	8.4746e-05
4.66189e+06	0.000111518
4.66199e+06	0.000145291
4.66209e+06	0.000187409
4.66219e+06	0.000239333
4.66229e+06	0.000302603
4.66239e+06	0.000378791
4.66249e+06	0.000469444
4.66259e+06	0.000576004
4.66269e+06	0.000699719
4.66279e+06	0.000841548
4.66289e+06	0.00100205
4.66299e+06	0.0011813
4.66309e+06	0.00137876
4.66319e+06	0.0015932
4.66329e+06	0.00182268
4.66339e+06	0.00206447
4.66349e+06	0.00231507
4.66359e+06	0.00257025
4.66369e+06	0.00282517
4.66379e+06	0.00307447
4.66389e+06	0.00331248
4.66399e+06	0.00353341
4.66409e+06	0.00373156
4.66419e+06	0.00390162
4.66429e+06	0.00403883
4.66439e+06	0.00413927
4.66449e+06	0.0042
4.66459e+06	0.00421922
4.66469e+06	0.00419635
4.66479e+06	0.00413207
4.66489e+06	0.00402829
4.66499e+06	0.00388805
4.66509e+06	0.00371535
4.66519e+06	0.00351499
4.66529e+06	0.00329235
4.66539e+06	0.00305313
4.66549e+06	0.00280311
4.66559e+06	0.00254796
4.66569e+06	0.002293
4.66579e+06	0.00204301
4.66589e+06	0.00180216
4.66599e+06	0.00157389
4.66609e+06	0.00136086
4.66619e+06	0.00116495
4.66629e+06	0.000987328
4.66639e+06	0.000828458
4.66649e+06	0.000688235
4.66659e+06	0.000566057
4.66669e+06	0.000460936
4.66679e+06	0.000371602
4.66689e+06	0.000296601
4.66699e+06	0.000234382
4.66709e+06	0.000183372
4.66719e+06	0.000142036
4.66729e+06	0.000108924
4.66739e+06	8.26994e-05
4.66749e+06	6.2164e-05
4.66759e+06	4.62629e-05
4.66769e+06	3.40866e-05
4.66779e+06	2.48652e-05
4.66789e+06	1.7958e-05
4.66799e+06	1.28404e-05
4.66809e+06	9.0899e-06
4.66819e+06	6.37082e-06
4.66829e+06	4.42068e-06
4.66839e+06	3.03696e-06
4.66849e+06	2.0656e-06
4.66859e+06	1.39095e-06
4.66869e+06	9.27327e-07
4.66879e+06	6.12085e-07
4.66889e+06	3.99988e-07
4.66899e+06	2.58786e-07
4.66909e+06	1.65764e-07
4.66919e+06	1.05123e-07
4.66929e+06	6.60025e-08
4.66939e+06	4.10281e-08
4.66949e+06	2.52499e-08
