1.45588e+06	3.01485e-05
1.45598e+06	4.94586e-05
1.45608e+06	8.03294e-05
1.45618e+06	0.000129171
1.45628e+06	0.000205642
1.45638e+06	0.000324127
1.45648e+06	0.000505797
1.45658e+06	0.000781438
1.45668e+06	0.00119528
1.45678e+06	0.0018101
1.45688e+06	0.00271388
1.45698e+06	0.00402844
1.45708e+06	0.00592026
1.45718e+06	0.00861392
1.45728e+06	0.0124085
1.45738e+06	0.0176967
1.45748e+06	0.0249876
1.45758e+06	0.0349312
1.45768e+06	0.0483458
1.45778e+06	0.0662463
1.45788e+06	0.0898714
1.45798e+06	0.120709
1.45808e+06	0.160514
1.45818e+06	0.211321
1.45828e+06	0.275443
1.45838e+06	0.355448
1.45848e+06	0.454128
1.45858e+06	0.574431
1.45868e+06	0.719373
1.45878e+06	0.891923
1.45888e+06	1.09486
1.45898e+06	1.33059
1.45908e+06	1.60099
1.45918e+06	1.90718
1.45928e+06	2.24931
1.45938e+06	2.62643
1.45948e+06	3.03625
1.45958e+06	3.47511
1.45968e+06	3.93781
1.45978e+06	4.41772
1.45988e+06	4.90681
1.45998e+06	5.39582
1.46008e+06	5.87452
1.46018e+06	6.33205
1.46028e+06	6.75731
1.46038e+06	7.13937
1.46048e+06	7.46798
1.46058e+06	7.73399
1.46068e+06	7.92978
1.46078e+06	8.04962
1.46088e+06	8.08997
1.46098e+06	8.04962
1.46108e+06	7.92978
1.46118e+06	7.73399
1.46128e+06	7.46798
1.46138e+06	7.13937
1.46148e+06	6.75731
1.46158e+06	6.33205
1.46168e+06	5.87452
1.46178e+06	5.39582
1.46188e+06	4.90681
1.46198e+06	4.41772
1.46208e+06	3.93781
1.46218e+06	3.47511
1.46228e+06	3.03625
1.46238e+06	2.62643
1.46248e+06	2.24931
1.46258e+06	1.90718
1.46268e+06	1.60099
1.46278e+06	1.33059
1.46288e+06	1.09486
1.46298e+06	0.891923
1.46308e+06	0.719373
1.46318e+06	0.574431
1.46328e+06	0.454128
1.46338e+06	0.355448
1.46348e+06	0.275443
1.46358e+06	0.211321
1.46368e+06	0.160514
1.46378e+06	0.120709
1.46388e+06	0.0898714
1.46398e+06	0.0662463
1.46408e+06	0.0483458
1.46418e+06	0.0349312
1.46428e+06	0.0249876
1.46438e+06	0.0176967
1.46448e+06	0.0124085
1.46458e+06	0.00861392
1.46468e+06	0.00592026
1.46478e+06	0.00402844
1.46488e+06	0.00271388
1.46498e+06	0.0018101
1.46508e+06	0.00119528
1.46518e+06	0.000781438
1.46528e+06	0.000505797
1.46538e+06	0.000324127
1.46548e+06	0.000205642
1.46558e+06	0.000129171
1.46568e+06	8.03294e-05
1.46578e+06	4.94586e-05
1.46588e+06	3.01485e-05
1.46598e+06	1.81948e-05
1.46608e+06	1.08714e-05
1.46618e+06	6.43103e-06
1.46628e+06	3.76646e-06
1.46638e+06	2.18395e-06
1.46648e+06	1.25375e-06
1.46658e+06	7.12579e-07
1.46668e+06	4.00972e-07
1.46678e+06	2.23384e-07
1.46688e+06	1.2321e-07
1.46698e+06	6.72819e-08
1.46708e+06	3.63753e-08
1.46718e+06	1.94703e-08
1.46728e+06	1.0318e-08
1.46738e+06	5.41347e-09
1.46748e+06	2.81198e-09
1.46758e+06	1.44613e-09
1.46768e+06	7.36306e-10
1.46778e+06	3.71165e-10
1.46788e+06	1.85239e-10
1.46798e+06	9.15281e-11
1.46808e+06	4.47748e-11
1.46818e+06	2.16855e-11
1.46828e+06	1.03983e-11
1.46838e+06	4.93645e-12
1.46848e+06	2.32018e-12
1.46858e+06	1.07966e-12
1.46868e+06	4.97403e-13
1.46878e+06	2.26875e-13
1.46888e+06	1.02453e-13
1.46898e+06	4.58054e-14
1.46908e+06	2.02753e-14
1.46918e+06	8.88533e-15
1.46928e+06	3.85512e-15
1.46938e+06	1.65599e-15
1.46948e+06	7.04266e-16
1.46958e+06	2.96532e-16
1.46968e+06	1.23613e-16
1.46978e+06	5.10169e-17
1.46988e+06	2.08459e-17
1.46998e+06	8.43303e-18
1.47008e+06	3.37757e-18
1.47018e+06	1.33931e-18
1.47028e+06	5.25795e-19
1.47038e+06	2.04366e-19
1.47048e+06	7.86425e-20
1.47058e+06	2.99615e-20
1.47068e+06	1.13012e-20
1.47078e+06	4.22032e-21
1.47088e+06	1.56035e-21
1.47098e+06	5.71159e-22
1.47108e+06	2.06989e-22
1.47118e+06	7.4267e-23
1.47128e+06	2.63816e-23
1.47138e+06	9.27819e-24
1.47148e+06	3.2306e-24
1.47158e+06	1.11368e-24
1.47168e+06	3.80095e-25
1.47178e+06	1.28435e-25
1.47188e+06	4.29666e-26
1.47198e+06	1.4231e-26
1.47208e+06	4.66656e-27
1.47218e+06	1.51501e-27
1.47228e+06	4.86958e-28
1.47238e+06	1.54962e-28
1.47248e+06	4.88218e-29
1.47258e+06	1.52286e-29
1.47268e+06	4.70289e-30
1.47278e+06	1.43789e-30
1.47288e+06	4.35255e-31
1.47298e+06	1.30443e-31
1.47308e+06	3.87036e-32
1.47318e+06	1.13695e-32
1.47328e+06	3.30664e-33
1.47338e+06	9.52117e-34
1.47348e+06	2.71426e-34
1.47358e+06	7.6607e-35
1.47368e+06	2.14064e-35
1.47378e+06	5.92208e-36
1.47388e+06	1.62205e-36
1.47398e+06	4.39854e-37
1.47408e+06	1.1809e-37
1.47418e+06	3.13886e-38
1.47428e+06	8.26016e-39
1.47438e+06	2.1521e-39
1.47448e+06	5.55128e-40
1.47458e+06	1.41769e-40
1.47468e+06	3.58448e-41
1.47478e+06	8.97281e-42
1.47488e+06	2.22376e-42
1.47498e+06	5.45637e-43
1.47508e+06	1.32549e-43
1.47518e+06	3.18792e-44
1.47528e+06	7.59093e-45
1.47538e+06	1.78953e-45
1.47548e+06	4.17677e-46
1.47558e+06	9.6516e-47
1.47568e+06	2.20808e-47
1.47578e+06	5.00136e-48
1.47588e+06	1.12155e-48
1.47598e+06	2.49003e-49
1.47608e+06	5.47329e-50
1.47618e+06	1.1911e-50
1.47628e+06	2.5663e-51
1.47638e+06	5.47422e-52
1.47648e+06	1.1561e-52
1.47658e+06	2.41726e-53
1.47668e+06	5.00391e-54
1.47678e+06	1.02554e-54
1.47688e+06	2.08091e-55
1.47698e+06	4.18033e-56
1.47708e+06	8.31428e-57
1.47718e+06	1.63718e-57
1.47728e+06	3.19172e-58
1.47738e+06	6.16042e-59
1.47748e+06	1.17721e-59
1.47758e+06	2.22717e-60
1.47768e+06	4.17167e-61
1.47778e+06	7.73612e-62
1.47788e+06	1.42035e-62
1.47798e+06	2.5818e-63
1.47808e+06	4.6463e-64
1.47818e+06	8.27845e-65
1.47828e+06	1.46032e-65
1.47838e+06	2.55038e-66
1.47848e+06	4.40979e-67
1.47858e+06	7.54897e-68
1.47868e+06	1.27943e-68
1.47878e+06	2.14684e-69
1.47888e+06	3.56649e-70
1.47898e+06	5.86596e-71
1.47908e+06	9.55201e-72
1.47918e+06	1.53995e-72
1.47928e+06	2.45797e-73
1.47938e+06	3.88422e-74
1.47948e+06	6.07697e-75
1.47958e+06	9.413e-76
1.47968e+06	1.44353e-76
1.47978e+06	2.1917e-77
1.47988e+06	3.29452e-78
1.47998e+06	4.903e-79
1.48008e+06	7.22417e-80
1.48018e+06	1.05383e-80
1.48028e+06	1.52199e-81
1.48038e+06	2.17625e-82
1.48048e+06	3.08079e-83
1.48058e+06	4.31791e-84
1.48068e+06	5.99159e-85
1.48078e+06	8.23129e-86
1.48088e+06	1.11957e-86
1.48098e+06	1.50761e-87
1.48108e+06	2.00996e-88
1.48118e+06	2.65302e-89
1.48128e+06	3.46698e-90
1.48138e+06	4.48558e-91
1.48148e+06	5.74571e-92
1.48158e+06	7.28661e-93
1.48168e+06	9.14881e-94
1.48178e+06	1.13726e-94
1.48188e+06	1.39963e-95
1.48198e+06	1.70539e-96
1.48208e+06	2.05727e-97
1.48218e+06	2.45706e-98
1.48228e+06	2.90534e-99
1.48238e+06	3.40122e-100
1.48248e+06	3.94212e-101
1.48258e+06	4.52358e-102
1.48268e+06	5.13916e-103
1.48278e+06	5.78041e-104
1.48288e+06	6.43698e-105
1.48298e+06	7.0968e-106
1.48308e+06	7.74641e-107
1.48318e+06	8.37135e-108
1.48328e+06	8.95668e-109
1.48338e+06	9.48759e-110
1.48348e+06	9.94998e-111
1.48358e+06	1.03311e-111
1.48368e+06	1.062e-112
1.48378e+06	1.08084e-113
1.48388e+06	1.08907e-114
1.48398e+06	1.08644e-115
1.48408e+06	1.07304e-116
1.48418e+06	1.04926e-117
1.48428e+06	1.01579e-118
1.48438e+06	9.73638e-120
1.48448e+06	9.2745e-121
1.48458e+06	1.25335e-121
1.48468e+06	4.20914e-121
1.48478e+06	4.37948e-120
1.48488e+06	4.59805e-119
1.48498e+06	4.7803e-118
1.48508e+06	4.92032e-117
1.48518e+06	5.01405e-116
1.48528e+06	5.05873e-115
1.48538e+06	5.05302e-114
1.48548e+06	4.9971e-113
1.48558e+06	4.89262e-112
1.48568e+06	4.74267e-111
1.48578e+06	4.55156e-110
1.48588e+06	4.3247e-109
1.48598e+06	4.06825e-108
1.48608e+06	3.78893e-107
1.48618e+06	3.49368e-106
1.48628e+06	3.18938e-105
1.48638e+06	2.88261e-104
1.48648e+06	2.57943e-103
1.48658e+06	2.28517e-102
1.48668e+06	2.00433e-101
1.48678e+06	1.74051e-100
1.48688e+06	1.49638e-99
1.48698e+06	1.2737e-98
1.48708e+06	1.07336e-97
1.48718e+06	8.95534e-97
1.48728e+06	7.39734e-96
1.48738e+06	6.0496e-95
1.48748e+06	4.89818e-94
1.48758e+06	3.92644e-93
1.48768e+06	3.11617e-92
1.48778e+06	2.4485e-91
1.48788e+06	1.90474e-90
1.48798e+06	1.467e-89
1.48808e+06	1.11861e-88
1.48818e+06	8.44475e-88
1.48828e+06	6.31177e-87
1.48838e+06	4.6706e-86
1.48848e+06	3.42177e-85
1.48858e+06	2.48191e-84
1.48868e+06	1.78229e-83
1.48878e+06	1.26715e-82
1.48888e+06	8.91939e-82
1.48898e+06	6.21582e-81
1.48908e+06	4.28864e-80
1.48918e+06	2.92952e-79
1.48928e+06	1.98122e-78
1.48938e+06	1.32655e-77
1.48948e+06	8.79372e-77
1.48958e+06	5.77137e-76
1.48968e+06	3.75009e-75
1.48978e+06	2.41247e-74
1.48988e+06	1.53652e-73
1.48998e+06	9.68887e-73
1.49008e+06	6.04874e-72
1.49018e+06	3.73863e-71
1.49028e+06	2.2878e-70
1.49038e+06	1.38606e-69
1.49048e+06	8.31381e-69
1.49058e+06	4.93716e-68
1.49068e+06	2.90276e-67
1.49078e+06	1.68967e-66
1.49088e+06	9.73753e-66
1.49098e+06	5.55589e-65
1.49108e+06	3.13845e-64
1.49118e+06	1.75523e-63
1.49128e+06	9.71875e-63
1.49138e+06	5.32774e-62
1.49148e+06	2.89157e-61
1.49158e+06	1.55375e-60
1.49168e+06	8.26579e-60
1.49178e+06	4.35357e-59
1.49188e+06	2.2702e-58
1.49198e+06	1.17203e-57
1.49208e+06	5.99062e-57
1.49218e+06	3.03152e-56
1.49228e+06	1.51882e-55
1.49238e+06	7.53375e-55
1.49248e+06	3.69974e-54
1.49258e+06	1.79883e-53
1.49268e+06	8.65893e-53
1.49278e+06	4.12663e-52
1.49288e+06	1.94708e-51
1.49298e+06	9.09558e-51
1.49308e+06	4.20662e-50
1.49318e+06	1.92616e-49
1.49328e+06	8.73194e-49
1.49338e+06	3.91908e-48
1.49348e+06	1.74147e-47
1.49358e+06	7.66133e-47
1.49368e+06	3.33695e-46
1.49378e+06	1.43897e-45
1.49388e+06	6.14343e-45
1.49398e+06	2.59673e-44
1.49408e+06	1.08668e-43
1.49418e+06	4.50227e-43
1.49428e+06	1.8468e-42
1.49438e+06	7.50004e-42
1.49448e+06	3.01554e-41
1.49458e+06	1.20039e-40
1.49468e+06	4.73086e-40
1.49478e+06	1.84592e-39
1.49488e+06	7.13087e-39
1.49498e+06	2.72728e-38
1.49508e+06	1.0327e-37
1.49518e+06	3.87146e-37
1.49528e+06	1.43692e-36
1.49538e+06	5.28017e-36
1.49548e+06	1.92097e-35
1.49558e+06	6.9191e-35
1.49568e+06	2.46738e-34
1.49578e+06	8.71123e-34
1.49588e+06	3.04495e-33
1.49598e+06	1.05375e-32
1.49608e+06	3.61037e-32
1.49618e+06	1.22468e-31
1.49628e+06	4.11294e-31
1.49638e+06	1.36753e-30
1.49648e+06	4.50175e-30
1.49658e+06	1.46717e-29
1.49668e+06	4.7341e-29
1.49678e+06	1.51235e-28
1.49688e+06	4.78325e-28
1.49698e+06	1.49779e-27
1.49708e+06	4.6434e-27
1.49718e+06	1.42521e-26
1.49728e+06	4.33089e-26
1.49738e+06	1.30297e-25
1.49748e+06	3.88103e-25
1.49758e+06	1.1445e-24
1.49768e+06	3.34153e-24
1.49778e+06	9.65894e-24
1.49788e+06	2.76421e-23
1.49798e+06	7.83195e-23
1.49808e+06	2.19698e-22
1.49818e+06	6.10152e-22
1.49828e+06	1.67768e-21
1.49838e+06	4.56704e-21
1.49848e+06	1.23089e-20
1.49858e+06	3.28443e-20
1.49868e+06	8.67676e-20
1.49878e+06	2.26941e-19
1.49888e+06	5.87658e-19
1.49898e+06	1.50659e-18
1.49908e+06	3.82402e-18
1.49918e+06	9.60956e-18
1.49928e+06	2.3908e-17
1.49938e+06	5.889e-17
1.49948e+06	1.43614e-16
1.49958e+06	3.46743e-16
1.49968e+06	8.2885e-16
1.49978e+06	1.96156e-15
1.49988e+06	4.59604e-15
1.49998e+06	1.06616e-14
1.50008e+06	2.44862e-14
1.50018e+06	5.56768e-14
1.50028e+06	1.25339e-13
1.50038e+06	2.79353e-13
1.50048e+06	6.16422e-13
1.50058e+06	1.34667e-12
1.50068e+06	2.91273e-12
1.50078e+06	6.23729e-12
1.50088e+06	1.32236e-11
1.50098e+06	2.77562e-11
1.50108e+06	5.76802e-11
1.50118e+06	1.18673e-10
1.50128e+06	2.41731e-10
1.50138e+06	4.87496e-10
1.50148e+06	9.73344e-10
1.50158e+06	1.92406e-09
1.50168e+06	3.76555e-09
1.50178e+06	7.29618e-09
1.50188e+06	1.39965e-08
1.50198e+06	2.65828e-08
1.50208e+06	4.99848e-08
1.50218e+06	9.30536e-08
1.50228e+06	1.71508e-07
1.50238e+06	3.12964e-07
1.50248e+06	5.65406e-07
1.50258e+06	1.01131e-06
1.50268e+06	1.79087e-06
1.50278e+06	3.13979e-06
1.50288e+06	5.44998e-06
1.50298e+06	9.36584e-06
1.50308e+06	1.59351e-05
1.50318e+06	2.68424e-05
1.50328e+06	4.47655e-05
1.50338e+06	7.39133e-05
1.50348e+06	0.000120826
1.50358e+06	0.000195548
1.50368e+06	0.000313331
1.50378e+06	0.000497063
1.50388e+06	0.000780687
1.50398e+06	0.00121394
1.50408e+06	0.00186886
1.50418e+06	0.00284848
1.50428e+06	0.0042984
1.50438e+06	0.0064218
1.50448e+06	0.0094987
1.50458e+06	0.01391
1.50468e+06	0.0201674
1.50478e+06	0.0289486
1.50488e+06	0.0411399
1.50498e+06	0.0578837
1.50508e+06	0.0806317
1.50518e+06	0.111202
1.50528e+06	0.151836
1.50538e+06	0.205256
1.50548e+06	0.27471
1.50558e+06	0.364007
1.50568e+06	0.477531
1.50578e+06	0.620226
1.50588e+06	0.797547
1.50598e+06	1.01536
1.50608e+06	1.27979
1.50618e+06	1.59704
1.50628e+06	1.97311
1.50638e+06	2.41347
1.50648e+06	2.92274
1.50658e+06	3.50425
1.50668e+06	4.15966
1.50678e+06	4.88852
1.50688e+06	5.68793
1.50698e+06	6.55221
1.50708e+06	7.47271
1.50718e+06	8.43774
1.50728e+06	9.43259
1.50738e+06	10.4398
1.50748e+06	11.4396
1.50758e+06	12.4104
1.50768e+06	13.3297
1.50778e+06	14.1746
1.50788e+06	14.923
1.50798e+06	15.5547
1.50808e+06	16.0518
1.50818e+06	16.3999
1.50828e+06	16.5889
1.50838e+06	16.613
1.50848e+06	16.4717
1.50858e+06	16.1691
1.50868e+06	15.7141
1.50878e+06	15.1199
1.50888e+06	14.4034
1.50898e+06	13.5844
1.50908e+06	12.6845
1.50918e+06	11.7263
1.50928e+06	10.7327
1.50938e+06	9.72547
1.50948e+06	8.7251
1.50958e+06	7.74975
1.50968e+06	6.81493
1.50978e+06	5.93325
1.50988e+06	5.11424
1.50998e+06	4.36442
1.51008e+06	3.68747
1.51018e+06	3.08452
1.51028e+06	2.55449
1.51038e+06	2.09449
1.51048e+06	1.70023
1.51058e+06	1.36646
1.51068e+06	1.08728
1.51078e+06	0.856529
1.51088e+06	0.668038
1.51098e+06	0.515842
1.51108e+06	0.394357
1.51118e+06	0.298483
1.51128e+06	0.223669
1.51138e+06	0.16594
1.51148e+06	0.121885
1.51158e+06	0.0886359
1.51168e+06	0.0638153
1.51178e+06	0.045488
1.51188e+06	0.0321016
1.51198e+06	0.0224292
1.51208e+06	0.0155152
1.51218e+06	0.0106257
1.51228e+06	0.00720467
1.51238e+06	0.00483648
1.51248e+06	0.0032144
1.51258e+06	0.00211509
1.51268e+06	0.00137789
1.51278e+06	0.000888705
1.51288e+06	0.000567489
1.51298e+06	0.000358769
1.51308e+06	0.000224558
1.51318e+06	0.000139155
1.51328e+06	8.53744e-05
1.51338e+06	5.18576e-05
1.51348e+06	3.11857e-05
1.51358e+06	1.85675e-05
1.51368e+06	1.09449e-05
1.51378e+06	6.3874e-06
1.51388e+06	3.69058e-06
1.51398e+06	2.11116e-06
1.51408e+06	1.19566e-06
1.51418e+06	6.70421e-07
1.51428e+06	3.72174e-07
1.51438e+06	2.04551e-07
1.51448e+06	1.11305e-07
1.51458e+06	5.99632e-08
1.51468e+06	3.19824e-08
1.51478e+06	1.68887e-08
1.51488e+06	8.82951e-09
1.51498e+06	4.57019e-09
1.51508e+06	2.34201e-09
1.51518e+06	1.18823e-09
1.51528e+06	5.96858e-10
1.51538e+06	2.96823e-10
1.51548e+06	1.46144e-10
1.51558e+06	7.12395e-11
1.51568e+06	3.4381e-11
1.51578e+06	1.64275e-11
1.51588e+06	7.77113e-12
1.51598e+06	3.63959e-12
1.51608e+06	1.68763e-12
1.51618e+06	7.74749e-13
1.51628e+06	3.52128e-13
1.51638e+06	1.58452e-13
1.51648e+06	7.05913e-14
1.51658e+06	3.1136e-14
1.51668e+06	1.35966e-14
1.51678e+06	5.87835e-15
1.51688e+06	2.51615e-15
1.51698e+06	1.06629e-15
1.51708e+06	4.47376e-16
1.51718e+06	1.85834e-16
1.51728e+06	7.64251e-17
1.51738e+06	3.11174e-17
1.51748e+06	1.25438e-17
1.51758e+06	5.00621e-18
1.51768e+06	1.9781e-18
1.51778e+06	7.73826e-19
1.51788e+06	2.99706e-19
1.51798e+06	1.14923e-19
1.51808e+06	4.36287e-20
1.51818e+06	1.63982e-20
1.51828e+06	6.10206e-21
1.51838e+06	2.2481e-21
1.51848e+06	8.19992e-22
1.51858e+06	2.96116e-22
1.51868e+06	1.05869e-22
1.51878e+06	3.74746e-23
1.51888e+06	1.31329e-23
1.51898e+06	4.55659e-24
1.51908e+06	1.56523e-24
1.51918e+06	5.32319e-25
1.51928e+06	1.79235e-25
1.51938e+06	5.97491e-26
1.51948e+06	1.97196e-26
1.51958e+06	6.44347e-27
1.51968e+06	2.08449e-27
1.51978e+06	6.6763e-28
1.51988e+06	2.11704e-28
1.51998e+06	6.64631e-29
1.52008e+06	2.0658e-29
1.52018e+06	6.35701e-30
1.52028e+06	1.93676e-30
1.52038e+06	5.8419e-31
1.52048e+06	1.74458e-31
1.52058e+06	5.15802e-32
1.52068e+06	1.50985e-32
1.52078e+06	4.37563e-33
1.52088e+06	1.25547e-33
1.52098e+06	3.56637e-34
1.52108e+06	1.00301e-34
1.52118e+06	2.7928e-35
1.52128e+06	7.69897e-36
1.52138e+06	2.10127e-36
1.52148e+06	5.67791e-37
1.52158e+06	1.51898e-37
1.52168e+06	4.02321e-38
1.52178e+06	1.055e-38
1.52188e+06	2.73896e-39
1.52198e+06	7.04008e-40
1.52208e+06	1.79154e-40
1.52218e+06	4.5137e-41
1.52228e+06	1.12589e-41
1.52238e+06	2.78045e-42
1.52248e+06	6.79818e-43
1.52258e+06	1.64561e-43
1.52268e+06	3.94383e-44
1.52278e+06	9.35764e-45
1.52288e+06	2.19822e-45
1.52298e+06	5.11251e-46
1.52308e+06	1.17721e-46
1.52318e+06	2.68368e-47
1.52328e+06	6.05709e-48
1.52338e+06	1.35349e-48
1.52348e+06	2.99435e-49
1.52358e+06	6.55854e-50
1.52368e+06	1.42223e-50
1.52378e+06	3.05343e-51
1.52388e+06	6.49028e-52
1.52398e+06	1.36583e-52
1.52408e+06	2.84568e-53
1.52418e+06	5.86994e-54
1.52428e+06	1.19878e-54
1.52438e+06	2.42381e-55
1.52448e+06	4.85196e-56
1.52458e+06	9.61596e-57
1.52468e+06	1.8868e-57
1.52478e+06	3.66534e-58
1.52488e+06	7.04954e-59
1.52498e+06	1.34235e-59
1.52508e+06	2.53061e-60
1.52518e+06	4.72327e-61
1.52528e+06	8.72805e-62
1.52538e+06	1.5968e-62
1.52548e+06	2.89226e-63
1.52558e+06	5.18661e-64
1.52568e+06	9.20845e-65
1.52578e+06	1.61863e-65
1.52588e+06	2.81685e-66
1.52598e+06	4.85331e-67
1.52608e+06	8.27883e-68
1.52618e+06	1.39816e-68
1.52628e+06	2.33777e-69
1.52638e+06	3.86994e-70
1.52648e+06	6.34255e-71
1.52658e+06	1.02915e-71
1.52668e+06	1.65331e-72
1.52678e+06	2.62957e-73
1.52688e+06	4.14068e-74
1.52698e+06	6.4553e-75
1.52708e+06	9.96365e-76
1.52718e+06	1.52257e-76
1.52728e+06	2.30353e-77
1.52738e+06	3.45037e-78
1.52748e+06	5.11677e-79
1.52758e+06	7.51247e-80
1.52768e+06	1.09201e-80
1.52778e+06	1.57155e-81
1.52788e+06	2.23916e-82
1.52798e+06	3.15865e-83
1.52808e+06	4.41137e-84
1.52818e+06	6.09962e-85
1.52828e+06	8.35005e-86
1.52838e+06	1.1317e-86
1.52848e+06	1.51856e-87
1.52858e+06	2.01739e-88
1.52868e+06	2.65341e-89
1.52878e+06	3.45523e-90
1.52888e+06	4.45456e-91
1.52898e+06	5.68579e-92
1.52908e+06	7.18512e-93
1.52918e+06	8.98946e-94
1.52928e+06	1.1135e-94
1.52938e+06	1.36554e-95
1.52948e+06	1.65797e-96
1.52958e+06	1.99298e-97
1.52968e+06	2.37186e-98
1.52978e+06	2.79467e-99
1.52988e+06	3.26009e-100
1.52998e+06	3.76519e-101
1.53008e+06	4.30526e-102
1.53018e+06	4.87383e-103
1.53028e+06	5.46258e-104
1.53038e+06	6.06153e-105
1.53048e+06	6.65923e-106
1.53058e+06	7.24306e-107
1.53068e+06	7.7997e-108
1.53078e+06	8.31555e-109
1.53088e+06	8.77729e-110
1.53098e+06	9.17249e-111
1.53108e+06	9.49011e-112
1.53118e+06	9.72103e-113
1.53128e+06	9.85849e-114
1.53138e+06	9.89841e-115
1.53148e+06	9.8396e-116
1.53158e+06	9.68382e-117
1.53168e+06	9.43567e-118
1.53178e+06	9.1024e-119
1.53188e+06	8.69354e-120
1.53198e+06	8.22042e-121
1.53208e+06	7.6957e-122
1.53218e+06	7.1328e-123
1.53228e+06	6.54528e-124
1.53238e+06	5.9464e-125
1.53248e+06	5.34856e-126
1.53258e+06	4.76295e-127
1.53268e+06	4.19926e-128
1.53278e+06	3.66545e-129
1.53288e+06	3.16766e-130
1.53298e+06	2.71023e-131
1.53308e+06	2.29578e-132
1.53318e+06	1.92536e-133
1.53328e+06	1.59865e-134
1.53338e+06	1.31416e-135
1.53348e+06	1.06955e-136
1.53358e+06	8.6181e-138
1.53368e+06	6.8751e-139
1.53378e+06	5.43004e-140
1.53388e+06	4.24605e-141
1.53398e+06	3.28718e-142
1.53408e+06	2.51953e-143
1.53418e+06	1.91193e-144
1.53428e+06	1.43642e-145
1.53438e+06	1.06843e-146
1.53448e+06	7.86813e-148
1.53458e+06	5.73657e-149
1.53468e+06	4.14086e-150
1.53478e+06	2.95928e-151
1.53488e+06	2.09381e-152
1.53498e+06	1.46672e-153
1.53508e+06	1.01721e-154
1.53518e+06	6.98451e-156
1.53528e+06	4.74806e-157
1.53538e+06	3.19561e-158
1.53548e+06	2.12935e-159
1.53558e+06	1.40475e-160
1.53568e+06	9.17503e-162
1.53578e+06	5.93298e-163
1.53588e+06	3.79835e-164
1.53598e+06	2.40755e-165
1.53608e+06	1.51082e-166
1.53618e+06	9.38653e-168
1.53628e+06	5.77372e-169
1.53638e+06	3.51612e-170
1.53648e+06	2.11997e-171
1.53658e+06	1.26547e-172
1.53668e+06	7.47876e-174
1.53678e+06	4.37588e-175
1.53688e+06	2.53489e-176
1.53698e+06	1.45381e-177
1.53708e+06	8.25498e-179
1.53718e+06	4.64067e-180
1.53728e+06	2.58287e-181
1.53738e+06	1.42325e-182
1.53748e+06	7.76454e-184
1.53758e+06	4.1938e-185
1.53768e+06	2.24263e-186
1.53778e+06	1.18731e-187
1.53788e+06	6.2234e-189
1.53798e+06	3.2296e-190
1.53808e+06	1.65931e-191
1.53818e+06	8.44036e-193
1.53828e+06	4.25063e-194
1.53838e+06	2.11935e-195
1.53848e+06	1.04618e-196
1.53858e+06	5.11294e-198
1.53868e+06	2.47395e-199
1.53878e+06	1.18514e-200
1.53888e+06	5.62086e-202
1.53898e+06	2.63933e-203
1.53908e+06	1.22699e-204
1.53918e+06	5.64738e-206
1.53928e+06	2.57341e-207
1.53938e+06	1.16099e-208
1.53948e+06	5.18568e-210
1.53958e+06	2.29319e-211
1.53968e+06	1.00399e-212
1.53978e+06	4.35189e-214
1.53988e+06	1.86759e-215
1.53998e+06	7.93495e-217
1.54008e+06	3.33782e-218
1.54018e+06	1.39008e-219
1.54028e+06	5.73155e-221
1.54038e+06	2.33971e-222
1.54048e+06	9.45604e-224
1.54058e+06	3.78367e-225
1.54068e+06	1.49891e-226
1.54078e+06	5.87885e-228
1.54088e+06	2.2828e-229
1.54098e+06	8.77608e-231
1.54108e+06	3.34033e-232
1.54118e+06	1.25874e-233
1.54128e+06	4.69613e-235
1.54138e+06	1.7346e-236
1.54148e+06	6.34334e-238
1.54158e+06	2.29664e-239
1.54168e+06	8.23236e-241
1.54178e+06	2.92155e-242
1.54188e+06	1.0265e-243
1.54198e+06	3.57077e-245
1.54208e+06	1.22976e-246
1.54218e+06	4.19314e-248
1.54228e+06	1.41551e-249
1.54238e+06	4.73091e-251
1.54248e+06	1.56543e-252
1.54258e+06	5.12835e-254
1.54268e+06	1.66334e-255
1.54278e+06	5.34121e-257
1.54288e+06	1.69807e-258
1.54298e+06	5.34477e-260
1.54308e+06	1.66556e-261
1.54318e+06	5.13863e-263
1.54328e+06	1.56961e-264
1.54338e+06	4.74672e-266
1.54348e+06	1.42119e-267
1.54358e+06	4.21277e-269
1.54368e+06	1.23635e-270
1.54378e+06	3.59229e-272
1.54388e+06	1.03337e-273
1.54398e+06	2.94308e-275
1.54408e+06	8.29856e-277
1.54418e+06	2.31665e-278
1.54428e+06	6.40289e-280
1.54438e+06	1.75206e-281
1.54448e+06	4.74655e-283
1.54458e+06	1.2731e-284
1.54468e+06	3.38071e-286
1.54478e+06	8.88808e-288
1.54488e+06	2.31348e-289
1.54498e+06	5.96184e-291
1.54508e+06	1.52108e-292
1.54518e+06	3.8422e-294
1.54528e+06	9.60873e-296
1.54538e+06	2.37908e-297
1.54548e+06	5.83188e-299
1.54558e+06	1.41536e-300
1.54568e+06	3.40079e-302
1.54578e+06	8.09004e-304
1.54588e+06	1.90537e-305
1.54598e+06	4.44287e-307
1.54608e+06	1.02567e-308
1.54618e+06	2.34426e-310
1.54628e+06	5.30471e-312
1.54638e+06	1.18843e-313
1.54648e+06	2.636e-315
1.54658e+06	5.78859e-317
1.54668e+06	1.25849e-318
1.54678e+06	2.71044e-320
1.54688e+06	5.73116e-322
1.54698e+06	0
1.54708e+06	0
1.54718e+06	0
1.54728e+06	0
1.54738e+06	0
1.54748e+06	0
1.54758e+06	0
1.54768e+06	0
1.54778e+06	0
1.54788e+06	0
1.54798e+06	0
1.54808e+06	0
1.54818e+06	0
1.54828e+06	0
1.54838e+06	0
1.54848e+06	0
1.54858e+06	0
1.54868e+06	0
1.54878e+06	0
1.54888e+06	0
1.54898e+06	0
1.54908e+06	0
1.54918e+06	0
1.54928e+06	0
1.54938e+06	0
1.54948e+06	0
1.54958e+06	0
1.54968e+06	0
1.54978e+06	0
1.54988e+06	0
1.54998e+06	0
1.55008e+06	0
1.55018e+06	0
1.55028e+06	0
1.55038e+06	0
1.55048e+06	0
1.55058e+06	0
1.55068e+06	0
1.55078e+06	0
1.55088e+06	0
1.55098e+06	0
1.55108e+06	0
1.55118e+06	0
1.55128e+06	0
1.55138e+06	0
1.55148e+06	0
1.55158e+06	0
1.55168e+06	0
1.55178e+06	0
1.55188e+06	0
1.55198e+06	0
1.55208e+06	0
1.55218e+06	0
1.55228e+06	0
1.55238e+06	0
1.55248e+06	0
1.55258e+06	0
1.55268e+06	0
1.55278e+06	0
1.55288e+06	0
1.55298e+06	0
1.55308e+06	0
1.55318e+06	0
1.55328e+06	0
1.55338e+06	0
1.55348e+06	0
1.55358e+06	0
1.55368e+06	0
1.55378e+06	0
1.55388e+06	0
1.55398e+06	0
1.55408e+06	0
1.55418e+06	0
1.55428e+06	0
1.55438e+06	0
1.55448e+06	0
1.55458e+06	0
1.55468e+06	0
1.55478e+06	0
1.55488e+06	0
1.55498e+06	0
1.55508e+06	0
1.55518e+06	0
1.55528e+06	0
1.55538e+06	0
1.55548e+06	0
1.55558e+06	0
1.55568e+06	0
1.55578e+06	0
1.55588e+06	0
1.55598e+06	0
1.55608e+06	0
1.55618e+06	0
1.55628e+06	0
1.55638e+06	0
1.55648e+06	0
1.55658e+06	0
1.55668e+06	0
1.55678e+06	0
1.55688e+06	0
1.55698e+06	0
1.55708e+06	0
1.55718e+06	0
1.55728e+06	0
1.55738e+06	0
1.55748e+06	0
1.55758e+06	0
1.55768e+06	0
1.55778e+06	0
1.55788e+06	0
1.55798e+06	0
1.55808e+06	0
1.55818e+06	0
1.55828e+06	0
1.55838e+06	0
1.55848e+06	0
1.55858e+06	0
1.55868e+06	0
1.55878e+06	0
1.55888e+06	0
1.55898e+06	0
1.55908e+06	0
1.55918e+06	0
1.55928e+06	0
1.55938e+06	0
1.55948e+06	0
1.55958e+06	0
1.55968e+06	0
1.55978e+06	0
1.55988e+06	0
1.55998e+06	0
1.56008e+06	0
1.56018e+06	0
1.56028e+06	0
1.56038e+06	0
1.56048e+06	0
1.56058e+06	0
1.56068e+06	0
1.56078e+06	0
1.56088e+06	0
1.56098e+06	0
1.56108e+06	0
1.56118e+06	0
1.56128e+06	0
1.56138e+06	0
1.56148e+06	0
1.56158e+06	0
1.56168e+06	0
1.56178e+06	0
1.56188e+06	0
1.56198e+06	0
1.56208e+06	0
1.56218e+06	0
1.56228e+06	0
1.56238e+06	0
1.56248e+06	0
1.56258e+06	0
1.56268e+06	0
1.56278e+06	0
1.56288e+06	0
1.56298e+06	0
1.56308e+06	0
1.56318e+06	0
1.56328e+06	0
1.56338e+06	0
1.56348e+06	0
1.56358e+06	0
1.56368e+06	0
1.56378e+06	0
1.56388e+06	0
1.56398e+06	0
1.56408e+06	0
1.56418e+06	0
1.56428e+06	0
1.56438e+06	0
1.56448e+06	0
1.56458e+06	0
1.56468e+06	0
1.56478e+06	0
1.56488e+06	0
1.56498e+06	0
1.56508e+06	0
1.56518e+06	0
1.56528e+06	0
1.56538e+06	0
1.56548e+06	0
1.56558e+06	0
1.56568e+06	0
1.56578e+06	0
1.56588e+06	0
1.56598e+06	0
1.56608e+06	0
1.56618e+06	0
1.56628e+06	0
1.56638e+06	0
1.56648e+06	0
1.56658e+06	0
1.56668e+06	0
1.56678e+06	0
1.56688e+06	0
1.56698e+06	0
1.56708e+06	0
1.56718e+06	0
1.56728e+06	0
1.56738e+06	0
1.56748e+06	0
1.56758e+06	0
1.56768e+06	0
1.56778e+06	0
1.56788e+06	0
1.56798e+06	0
1.56808e+06	0
1.56818e+06	0
1.56828e+06	0
1.56838e+06	0
1.56848e+06	0
1.56858e+06	0
1.56868e+06	0
1.56878e+06	0
1.56888e+06	0
1.56898e+06	0
1.56908e+06	0
1.56918e+06	0
1.56928e+06	0
1.56938e+06	0
1.56948e+06	0
1.56958e+06	0
1.56968e+06	0
1.56978e+06	0
1.56988e+06	0
1.56998e+06	0
1.57008e+06	0
1.57018e+06	0
1.57028e+06	0
1.57038e+06	0
1.57048e+06	0
1.57058e+06	0
1.57068e+06	0
1.57078e+06	0
1.57088e+06	0
1.57098e+06	0
1.57108e+06	0
1.57118e+06	0
1.57128e+06	0
1.57138e+06	0
1.57148e+06	0
1.57158e+06	0
1.57168e+06	0
1.57178e+06	0
1.57188e+06	0
1.57198e+06	0
1.57208e+06	0
1.57218e+06	0
1.57228e+06	0
1.57238e+06	0
1.57248e+06	0
1.57258e+06	0
1.57268e+06	0
1.57278e+06	0
1.57288e+06	0
1.57298e+06	0
1.57308e+06	0
1.57318e+06	0
1.57328e+06	0
1.57338e+06	0
1.57348e+06	0
1.57358e+06	0
1.57368e+06	0
1.57378e+06	0
1.57388e+06	0
1.57398e+06	0
1.57408e+06	0
1.57418e+06	0
1.57428e+06	0
1.57438e+06	0
1.57448e+06	0
1.57458e+06	0
1.57468e+06	0
1.57478e+06	0
1.57488e+06	0
1.57498e+06	0
1.57508e+06	0
1.57518e+06	0
1.57528e+06	0
1.57538e+06	0
1.57548e+06	0
1.57558e+06	0
1.57568e+06	0
1.57578e+06	0
1.57588e+06	0
1.57598e+06	0
1.57608e+06	0
1.57618e+06	0
1.57628e+06	0
1.57638e+06	0
1.57648e+06	0
1.57658e+06	0
1.57668e+06	0
1.57678e+06	0
1.57688e+06	0
1.57698e+06	0
1.57708e+06	0
1.57718e+06	0
1.57728e+06	0
1.57738e+06	0
1.57748e+06	0
1.57758e+06	0
1.57768e+06	0
1.57778e+06	0
1.57788e+06	0
1.57798e+06	0
1.57808e+06	0
1.57818e+06	0
1.57828e+06	0
1.57838e+06	0
1.57848e+06	0
1.57858e+06	0
1.57868e+06	0
1.57878e+06	0
1.57888e+06	0
1.57898e+06	0
1.57908e+06	0
1.57918e+06	0
1.57928e+06	0
1.57938e+06	0
1.57948e+06	0
1.57958e+06	0
1.57968e+06	0
1.57978e+06	0
1.57988e+06	0
1.57998e+06	0
1.58008e+06	0
1.58018e+06	0
1.58028e+06	0
1.58038e+06	0
1.58048e+06	0
1.58058e+06	0
1.58068e+06	0
1.58078e+06	0
1.58088e+06	0
1.58098e+06	0
1.58108e+06	0
1.58118e+06	0
1.58128e+06	0
1.58138e+06	0
1.58148e+06	0
1.58158e+06	0
1.58168e+06	0
1.58178e+06	0
1.58188e+06	0
1.58198e+06	0
1.58208e+06	0
1.58218e+06	0
1.58228e+06	0
1.58238e+06	0
1.58248e+06	0
1.58258e+06	0
1.58268e+06	0
1.58278e+06	0
1.58288e+06	0
1.58298e+06	0
1.58308e+06	0
1.58318e+06	0
1.58328e+06	0
1.58338e+06	0
1.58348e+06	0
1.58358e+06	0
1.58368e+06	0
1.58378e+06	0
1.58388e+06	0
1.58398e+06	0
1.58408e+06	0
1.58418e+06	0
1.58428e+06	0
1.58438e+06	0
1.58448e+06	0
1.58458e+06	0
1.58468e+06	0
1.58478e+06	0
1.58488e+06	0
1.58498e+06	0
1.58508e+06	0
1.58518e+06	0
1.58528e+06	0
1.58538e+06	0
1.58548e+06	0
1.58558e+06	0
1.58568e+06	0
1.58578e+06	0
1.58588e+06	0
1.58598e+06	0
1.58608e+06	0
1.58618e+06	0
1.58628e+06	0
1.58638e+06	0
1.58648e+06	0
1.58658e+06	0
1.58668e+06	0
1.58678e+06	0
1.58688e+06	0
1.58698e+06	0
1.58708e+06	0
1.58718e+06	0
1.58728e+06	0
1.58738e+06	0
1.58748e+06	0
1.58758e+06	0
1.58768e+06	0
1.58778e+06	0
1.58788e+06	0
1.58798e+06	0
1.58808e+06	0
1.58818e+06	0
1.58828e+06	0
1.58838e+06	0
1.58848e+06	0
1.58858e+06	0
1.58868e+06	0
1.58878e+06	0
1.58888e+06	0
1.58898e+06	0
1.58908e+06	0
1.58918e+06	0
1.58928e+06	0
1.58938e+06	0
1.58948e+06	0
1.58958e+06	0
1.58968e+06	0
1.58978e+06	0
1.58988e+06	0
1.58998e+06	0
1.59008e+06	0
1.59018e+06	0
1.59028e+06	0
1.59038e+06	0
1.59048e+06	0
1.59058e+06	0
1.59068e+06	0
1.59078e+06	0
1.59088e+06	0
1.59098e+06	0
1.59108e+06	0
1.59118e+06	0
1.59128e+06	0
1.59138e+06	0
1.59148e+06	0
1.59158e+06	0
1.59168e+06	0
1.59178e+06	0
1.59188e+06	0
1.59198e+06	0
1.59208e+06	0
1.59218e+06	0
1.59228e+06	0
1.59238e+06	0
1.59248e+06	0
1.59258e+06	0
1.59268e+06	0
1.59278e+06	0
1.59288e+06	0
1.59298e+06	0
1.59308e+06	0
1.59318e+06	0
1.59328e+06	0
1.59338e+06	0
1.59348e+06	0
1.59358e+06	0
1.59368e+06	0
1.59378e+06	0
1.59388e+06	0
1.59398e+06	0
1.59408e+06	0
1.59418e+06	0
1.59428e+06	0
1.59438e+06	0
1.59448e+06	0
1.59458e+06	0
1.59468e+06	0
1.59478e+06	0
1.59488e+06	0
1.59498e+06	0
1.59508e+06	0
1.59518e+06	0
1.59528e+06	0
1.59538e+06	0
1.59548e+06	0
1.59558e+06	0
1.59568e+06	0
1.59578e+06	0
1.59588e+06	0
1.59598e+06	0
1.59608e+06	0
1.59618e+06	0
1.59628e+06	0
1.59638e+06	0
1.59648e+06	0
1.59658e+06	0
1.59668e+06	0
1.59678e+06	0
1.59688e+06	0
1.59698e+06	0
1.59708e+06	0
1.59718e+06	0
1.59728e+06	0
1.59738e+06	0
1.59748e+06	0
1.59758e+06	0
1.59768e+06	0
1.59778e+06	0
1.59788e+06	0
1.59798e+06	0
1.59808e+06	0
1.59818e+06	0
1.59828e+06	0
1.59838e+06	0
1.59848e+06	0
1.59858e+06	0
1.59868e+06	0
1.59878e+06	0
1.59888e+06	0
1.59898e+06	0
1.59908e+06	0
1.59918e+06	0
1.59928e+06	0
1.59938e+06	0
1.59948e+06	0
1.59958e+06	0
1.59968e+06	0
1.59978e+06	0
1.59988e+06	0
1.59998e+06	0
1.60008e+06	0
1.60018e+06	0
1.60028e+06	0
1.60038e+06	0
1.60048e+06	0
1.60058e+06	0
1.60068e+06	0
1.60078e+06	0
1.60088e+06	0
1.60098e+06	0
1.60108e+06	0
1.60118e+06	0
1.60128e+06	0
1.60138e+06	0
1.60148e+06	0
1.60158e+06	0
1.60168e+06	0
1.60178e+06	0
1.60188e+06	0
1.60198e+06	0
1.60208e+06	0
1.60218e+06	0
1.60228e+06	0
1.60238e+06	0
1.60248e+06	0
1.60258e+06	0
1.60268e+06	0
1.60278e+06	0
1.60288e+06	0
1.60298e+06	0
1.60308e+06	0
1.60318e+06	0
1.60328e+06	0
1.60338e+06	0
1.60348e+06	0
1.60358e+06	0
1.60368e+06	0
1.60378e+06	0
1.60388e+06	0
1.60398e+06	0
1.60408e+06	0
1.60418e+06	0
1.60428e+06	0
1.60438e+06	0
1.60448e+06	0
1.60458e+06	0
1.60468e+06	0
1.60478e+06	0
1.60488e+06	0
1.60498e+06	0
1.60508e+06	0
1.60518e+06	0
1.60528e+06	0
1.60538e+06	0
1.60548e+06	0
1.60558e+06	0
1.60568e+06	0
1.60578e+06	0
1.60588e+06	0
1.60598e+06	0
1.60608e+06	0
1.60618e+06	0
1.60628e+06	0
1.60638e+06	0
1.60648e+06	0
1.60658e+06	0
1.60668e+06	0
1.60678e+06	0
1.60688e+06	0
1.60698e+06	0
1.60708e+06	0
1.60718e+06	0
1.60728e+06	0
1.60738e+06	0
1.60748e+06	0
1.60758e+06	0
1.60768e+06	0
1.60778e+06	0
1.60788e+06	0
1.60798e+06	0
1.60808e+06	0
1.60818e+06	0
1.60828e+06	0
1.60838e+06	0
1.60848e+06	0
1.60858e+06	0
1.60868e+06	0
1.60878e+06	0
1.60888e+06	0
1.60898e+06	0
1.60908e+06	0
1.60918e+06	0
1.60928e+06	0
1.60938e+06	0
1.60948e+06	0
1.60958e+06	0
1.60968e+06	0
1.60978e+06	0
1.60988e+06	0
1.60998e+06	0
1.61008e+06	0
1.61018e+06	0
1.61028e+06	0
1.61038e+06	0
1.61048e+06	0
1.61058e+06	0
1.61068e+06	0
1.61078e+06	0
1.61088e+06	0
1.61098e+06	0
1.61108e+06	0
1.61118e+06	0
1.61128e+06	0
1.61138e+06	0
1.61148e+06	0
1.61158e+06	0
1.61168e+06	0
1.61178e+06	0
1.61188e+06	0
1.61198e+06	0
1.61208e+06	0
1.61218e+06	0
1.61228e+06	0
1.61238e+06	0
1.61248e+06	0
1.61258e+06	0
1.61268e+06	0
1.61278e+06	0
1.61288e+06	0
1.61298e+06	0
1.61308e+06	0
1.61318e+06	0
1.61328e+06	0
1.61338e+06	0
1.61348e+06	0
1.61358e+06	0
1.61368e+06	0
1.61378e+06	0
1.61388e+06	0
1.61398e+06	0
1.61408e+06	0
1.61418e+06	0
1.61428e+06	0
1.61438e+06	0
1.61448e+06	0
1.61458e+06	0
1.61468e+06	0
1.61478e+06	0
1.61488e+06	0
1.61498e+06	0
1.61508e+06	0
1.61518e+06	0
1.61528e+06	0
1.61538e+06	0
1.61548e+06	0
1.61558e+06	0
1.61568e+06	0
1.61578e+06	0
1.61588e+06	0
1.61598e+06	0
1.61608e+06	0
1.61618e+06	0
1.61628e+06	0
1.61638e+06	0
1.61648e+06	0
1.61658e+06	0
1.61668e+06	0
1.61678e+06	0
1.61688e+06	0
1.61698e+06	0
1.61708e+06	0
1.61718e+06	0
1.61728e+06	0
1.61738e+06	0
1.61748e+06	0
1.61758e+06	0
1.61768e+06	0
1.61778e+06	0
1.61788e+06	0
1.61798e+06	0
1.61808e+06	0
1.61818e+06	0
1.61828e+06	0
1.61838e+06	0
1.61848e+06	0
1.61858e+06	0
1.61868e+06	0
1.61878e+06	0
1.61888e+06	0
1.61898e+06	0
1.61908e+06	0
1.61918e+06	0
1.61928e+06	0
1.61938e+06	0
1.61948e+06	0
1.61958e+06	0
1.61968e+06	0
1.61978e+06	0
1.61988e+06	0
1.61998e+06	0
1.62008e+06	0
1.62018e+06	0
1.62028e+06	0
1.62038e+06	0
1.62048e+06	0
1.62058e+06	0
1.62068e+06	0
1.62078e+06	0
1.62088e+06	0
1.62098e+06	0
1.62108e+06	0
1.62118e+06	0
1.62128e+06	0
1.62138e+06	0
1.62148e+06	0
1.62158e+06	0
1.62168e+06	0
1.62178e+06	0
1.62188e+06	0
1.62198e+06	0
1.62208e+06	0
1.62218e+06	0
1.62228e+06	0
1.62238e+06	0
1.62248e+06	0
1.62258e+06	0
1.62268e+06	0
1.62278e+06	0
1.62288e+06	0
1.62298e+06	0
1.62308e+06	0
1.62318e+06	0
1.62328e+06	0
1.62338e+06	0
1.62348e+06	0
1.62358e+06	0
1.62368e+06	0
1.62378e+06	0
1.62388e+06	0
1.62398e+06	0
1.62408e+06	0
1.62418e+06	0
1.62428e+06	0
1.62438e+06	0
1.62448e+06	0
1.62458e+06	0
1.62468e+06	0
1.62478e+06	0
1.62488e+06	0
1.62498e+06	0
1.62508e+06	0
1.62518e+06	0
1.62528e+06	0
1.62538e+06	0
1.62548e+06	0
1.62558e+06	0
1.62568e+06	0
1.62578e+06	0
1.62588e+06	0
1.62598e+06	0
1.62608e+06	0
1.62618e+06	0
1.62628e+06	0
1.62638e+06	0
1.62648e+06	0
1.62658e+06	0
1.62668e+06	0
1.62678e+06	0
1.62688e+06	0
1.62698e+06	0
1.62708e+06	0
1.62718e+06	0
1.62728e+06	0
1.62738e+06	0
1.62748e+06	0
1.62758e+06	0
1.62768e+06	0
1.62778e+06	0
1.62788e+06	0
1.62798e+06	0
1.62808e+06	0
1.62818e+06	0
1.62828e+06	0
1.62838e+06	0
1.62848e+06	0
1.62858e+06	0
1.62868e+06	0
1.62878e+06	0
1.62888e+06	0
1.62898e+06	0
1.62908e+06	0
1.62918e+06	0
1.62928e+06	0
1.62938e+06	0
1.62948e+06	0
1.62958e+06	0
1.62968e+06	0
1.62978e+06	0
1.62988e+06	0
1.62998e+06	0
1.63008e+06	0
1.63018e+06	0
1.63028e+06	0
1.63038e+06	0
1.63048e+06	0
1.63058e+06	0
1.63068e+06	0
1.63078e+06	0
1.63088e+06	0
1.63098e+06	0
1.63108e+06	0
1.63118e+06	0
1.63128e+06	0
1.63138e+06	0
1.63148e+06	0
1.63158e+06	0
1.63168e+06	0
1.63178e+06	0
1.63188e+06	0
1.63198e+06	0
1.63208e+06	0
1.63218e+06	0
1.63228e+06	0
1.63238e+06	0
1.63248e+06	0
1.63258e+06	0
1.63268e+06	0
1.63278e+06	0
1.63288e+06	0
1.63298e+06	0
1.63308e+06	0
1.63318e+06	0
1.63328e+06	0
1.63338e+06	0
1.63348e+06	0
1.63358e+06	0
1.63368e+06	0
1.63378e+06	0
1.63388e+06	0
1.63398e+06	0
1.63408e+06	0
1.63418e+06	0
1.63428e+06	0
1.63438e+06	0
1.63448e+06	0
1.63458e+06	0
1.63468e+06	0
1.63478e+06	0
1.63488e+06	0
1.63498e+06	0
1.63508e+06	0
1.63518e+06	0
1.63528e+06	0
1.63538e+06	0
1.63548e+06	0
1.63558e+06	0
1.63568e+06	0
1.63578e+06	0
1.63588e+06	0
1.63598e+06	0
1.63608e+06	0
1.63618e+06	0
1.63628e+06	0
1.63638e+06	0
1.63648e+06	0
1.63658e+06	0
1.63668e+06	0
1.63678e+06	0
1.63688e+06	0
1.63698e+06	0
1.63708e+06	0
1.63718e+06	0
1.63728e+06	0
1.63738e+06	0
1.63748e+06	0
1.63758e+06	0
1.63768e+06	0
1.63778e+06	0
1.63788e+06	0
1.63798e+06	0
1.63808e+06	0
1.63818e+06	0
1.63828e+06	0
1.63838e+06	0
1.63848e+06	0
1.63858e+06	0
1.63868e+06	0
1.63878e+06	0
1.63888e+06	0
1.63898e+06	0
1.63908e+06	0
1.63918e+06	0
1.63928e+06	0
1.63938e+06	0
1.63948e+06	0
1.63958e+06	0
1.63968e+06	0
1.63978e+06	0
1.63988e+06	0
1.63998e+06	0
1.64008e+06	0
1.64018e+06	0
1.64028e+06	0
1.64038e+06	0
1.64048e+06	0
1.64058e+06	0
1.64068e+06	0
1.64078e+06	0
1.64088e+06	0
1.64098e+06	0
1.64108e+06	0
1.64118e+06	0
1.64128e+06	0
1.64138e+06	0
1.64148e+06	0
1.64158e+06	0
1.64168e+06	0
1.64178e+06	0
1.64188e+06	0
1.64198e+06	0
1.64208e+06	0
1.64218e+06	0
1.64228e+06	0
1.64238e+06	0
1.64248e+06	0
1.64258e+06	0
1.64268e+06	0
1.64278e+06	0
1.64288e+06	0
1.64298e+06	0
1.64308e+06	0
1.64318e+06	0
1.64328e+06	0
1.64338e+06	0
1.64348e+06	0
1.64358e+06	0
1.64368e+06	0
1.64378e+06	0
1.64388e+06	0
1.64398e+06	0
1.64408e+06	0
1.64418e+06	0
1.64428e+06	0
1.64438e+06	0
1.64448e+06	0
1.64458e+06	0
1.64468e+06	0
1.64478e+06	0
1.64488e+06	0
1.64498e+06	0
1.64508e+06	0
1.64518e+06	0
1.64528e+06	0
1.64538e+06	0
1.64548e+06	0
1.64558e+06	0
1.64568e+06	0
1.64578e+06	0
1.64588e+06	0
1.64598e+06	0
1.64608e+06	0
1.64618e+06	0
1.64628e+06	0
1.64638e+06	0
1.64648e+06	0
1.64658e+06	0
1.64668e+06	0
1.64678e+06	0
1.64688e+06	0
1.64698e+06	0
1.64708e+06	0
1.64718e+06	0
1.64728e+06	0
1.64738e+06	0
1.64748e+06	0
1.64758e+06	0
1.64768e+06	0
1.64778e+06	0
1.64788e+06	0
1.64798e+06	0
1.64808e+06	0
1.64818e+06	0
1.64828e+06	0
1.64838e+06	0
1.64848e+06	0
1.64858e+06	0
1.64868e+06	0
1.64878e+06	0
1.64888e+06	0
1.64898e+06	0
1.64908e+06	0
1.64918e+06	0
1.64928e+06	0
1.64938e+06	0
1.64948e+06	0
1.64958e+06	0
1.64968e+06	0
1.64978e+06	0
1.64988e+06	0
1.64998e+06	0
1.65008e+06	0
1.65018e+06	0
1.65028e+06	0
1.65038e+06	0
1.65048e+06	0
1.65058e+06	0
1.65068e+06	0
1.65078e+06	0
1.65088e+06	0
1.65098e+06	0
1.65108e+06	0
1.65118e+06	0
1.65128e+06	0
1.65138e+06	0
1.65148e+06	0
1.65158e+06	0
1.65168e+06	0
1.65178e+06	0
1.65188e+06	0
1.65198e+06	0
1.65208e+06	0
1.65218e+06	0
1.65228e+06	0
1.65238e+06	0
1.65248e+06	0
1.65258e+06	0
1.65268e+06	0
1.65278e+06	0
1.65288e+06	0
1.65298e+06	0
1.65308e+06	0
1.65318e+06	0
1.65328e+06	0
1.65338e+06	0
1.65348e+06	0
1.65358e+06	0
1.65368e+06	0
1.65378e+06	0
1.65388e+06	0
1.65398e+06	0
1.65408e+06	0
1.65418e+06	0
1.65428e+06	0
1.65438e+06	0
1.65448e+06	0
1.65458e+06	0
1.65468e+06	0
1.65478e+06	0
1.65488e+06	0
1.65498e+06	0
1.65508e+06	0
1.65518e+06	0
1.65528e+06	0
1.65538e+06	0
1.65548e+06	0
1.65558e+06	0
1.65568e+06	0
1.65578e+06	0
1.65588e+06	0
1.65598e+06	0
1.65608e+06	0
1.65618e+06	0
1.65628e+06	0
1.65638e+06	0
1.65648e+06	0
1.65658e+06	0
1.65668e+06	0
1.65678e+06	0
1.65688e+06	0
1.65698e+06	0
1.65708e+06	0
1.65718e+06	0
1.65728e+06	0
1.65738e+06	0
1.65748e+06	0
1.65758e+06	0
1.65768e+06	0
1.65778e+06	0
1.65788e+06	0
1.65798e+06	0
1.65808e+06	0
1.65818e+06	0
1.65828e+06	0
1.65838e+06	0
1.65848e+06	0
1.65858e+06	0
1.65868e+06	0
1.65878e+06	0
1.65888e+06	0
1.65898e+06	0
1.65908e+06	0
1.65918e+06	0
1.65928e+06	0
1.65938e+06	0
1.65948e+06	0
1.65958e+06	0
1.65968e+06	0
1.65978e+06	0
1.65988e+06	0
1.65998e+06	0
1.66008e+06	0
1.66018e+06	0
1.66028e+06	0
1.66038e+06	0
1.66048e+06	0
1.66058e+06	0
1.66068e+06	0
1.66078e+06	0
1.66088e+06	0
1.66098e+06	0
1.66108e+06	0
1.66118e+06	0
1.66128e+06	0
1.66138e+06	0
1.66148e+06	0
1.66158e+06	0
1.66168e+06	0
1.66178e+06	0
1.66188e+06	0
1.66198e+06	0
1.66208e+06	0
1.66218e+06	0
1.66228e+06	0
1.66238e+06	0
1.66248e+06	0
1.66258e+06	0
1.66268e+06	0
1.66278e+06	0
1.66288e+06	0
1.66298e+06	0
1.66308e+06	0
1.66318e+06	0
1.66328e+06	0
1.66338e+06	0
1.66348e+06	0
1.66358e+06	0
1.66368e+06	0
1.66378e+06	0
1.66388e+06	0
1.66398e+06	0
1.66408e+06	0
1.66418e+06	0
1.66428e+06	0
1.66438e+06	0
1.66448e+06	0
1.66458e+06	0
1.66468e+06	0
1.66478e+06	0
1.66488e+06	0
1.66498e+06	0
1.66508e+06	0
1.66518e+06	0
1.66528e+06	0
1.66538e+06	0
1.66548e+06	0
1.66558e+06	0
1.66568e+06	0
1.66578e+06	0
1.66588e+06	0
1.66598e+06	0
1.66608e+06	0
1.66618e+06	0
1.66628e+06	0
1.66638e+06	0
1.66648e+06	0
1.66658e+06	0
1.66668e+06	0
1.66678e+06	0
1.66688e+06	0
1.66698e+06	0
1.66708e+06	0
1.66718e+06	0
1.66728e+06	0
1.66738e+06	0
1.66748e+06	0
1.66758e+06	0
1.66768e+06	0
1.66778e+06	0
1.66788e+06	0
1.66798e+06	0
1.66808e+06	0
1.66818e+06	0
1.66828e+06	0
1.66838e+06	0
1.66848e+06	0
1.66858e+06	0
1.66868e+06	0
1.66878e+06	0
1.66888e+06	0
1.66898e+06	0
1.66908e+06	0
1.66918e+06	0
1.66928e+06	0
1.66938e+06	0
1.66948e+06	0
1.66958e+06	0
1.66968e+06	0
1.66978e+06	0
1.66988e+06	0
1.66998e+06	0
1.67008e+06	0
1.67018e+06	0
1.67028e+06	0
1.67038e+06	0
1.67048e+06	0
1.67058e+06	0
1.67068e+06	0
1.67078e+06	0
1.67088e+06	0
1.67098e+06	0
1.67108e+06	0
1.67118e+06	0
1.67128e+06	0
1.67138e+06	0
1.67148e+06	0
1.67158e+06	0
1.67168e+06	0
1.67178e+06	0
1.67188e+06	0
1.67198e+06	0
1.67208e+06	0
1.67218e+06	0
1.67228e+06	0
1.67238e+06	0
1.67248e+06	0
1.67258e+06	0
1.67268e+06	0
1.67278e+06	0
1.67288e+06	0
1.67298e+06	0
1.67308e+06	0
1.67318e+06	0
1.67328e+06	0
1.67338e+06	0
1.67348e+06	0
1.67358e+06	0
1.67368e+06	0
1.67378e+06	0
1.67388e+06	0
1.67398e+06	0
1.67408e+06	0
1.67418e+06	0
1.67428e+06	0
1.67438e+06	0
1.67448e+06	0
1.67458e+06	0
1.67468e+06	0
1.67478e+06	0
1.67488e+06	0
1.67498e+06	0
1.67508e+06	0
1.67518e+06	0
1.67528e+06	0
1.67538e+06	0
1.67548e+06	0
1.67558e+06	0
1.67568e+06	0
1.67578e+06	0
1.67588e+06	0
1.67598e+06	0
1.67608e+06	0
1.67618e+06	0
1.67628e+06	0
1.67638e+06	0
1.67648e+06	0
1.67658e+06	0
1.67668e+06	0
1.67678e+06	0
1.67688e+06	0
1.67698e+06	0
1.67708e+06	0
1.67718e+06	0
1.67728e+06	0
1.67738e+06	0
1.67748e+06	0
1.67758e+06	0
1.67768e+06	0
1.67778e+06	0
1.67788e+06	0
1.67798e+06	0
1.67808e+06	0
1.67818e+06	0
1.67828e+06	0
1.67838e+06	0
1.67848e+06	0
1.67858e+06	0
1.67868e+06	0
1.67878e+06	0
1.67888e+06	0
1.67898e+06	0
1.67908e+06	0
1.67918e+06	0
1.67928e+06	0
1.67938e+06	0
1.67948e+06	0
1.67958e+06	0
1.67968e+06	0
1.67978e+06	0
1.67988e+06	0
1.67998e+06	0
1.68008e+06	0
1.68018e+06	0
1.68028e+06	0
1.68038e+06	0
1.68048e+06	0
1.68058e+06	0
1.68068e+06	0
1.68078e+06	0
1.68088e+06	0
1.68098e+06	0
1.68108e+06	0
1.68118e+06	0
1.68128e+06	0
1.68138e+06	0
1.68148e+06	0
1.68158e+06	0
1.68168e+06	0
1.68178e+06	0
1.68188e+06	0
1.68198e+06	0
1.68208e+06	0
1.68218e+06	0
1.68228e+06	0
1.68238e+06	0
1.68248e+06	0
1.68258e+06	0
1.68268e+06	0
1.68278e+06	0
1.68288e+06	0
1.68298e+06	0
1.68308e+06	0
1.68318e+06	0
1.68328e+06	0
1.68338e+06	0
1.68348e+06	0
1.68358e+06	0
1.68368e+06	0
1.68378e+06	0
1.68388e+06	0
1.68398e+06	0
1.68408e+06	0
1.68418e+06	0
1.68428e+06	0
1.68438e+06	0
1.68448e+06	0
1.68458e+06	0
1.68468e+06	0
1.68478e+06	0
1.68488e+06	0
1.68498e+06	0
1.68508e+06	0
1.68518e+06	0
1.68528e+06	0
1.68538e+06	0
1.68548e+06	0
1.68558e+06	0
1.68568e+06	0
1.68578e+06	0
1.68588e+06	0
1.68598e+06	0
1.68608e+06	0
1.68618e+06	0
1.68628e+06	0
1.68638e+06	0
1.68648e+06	0
1.68658e+06	0
1.68668e+06	0
1.68678e+06	0
1.68688e+06	0
1.68698e+06	0
1.68708e+06	0
1.68718e+06	0
1.68728e+06	0
1.68738e+06	0
1.68748e+06	0
1.68758e+06	0
1.68768e+06	0
1.68778e+06	0
1.68788e+06	0
1.68798e+06	0
1.68808e+06	0
1.68818e+06	0
1.68828e+06	0
1.68838e+06	0
1.68848e+06	0
1.68858e+06	0
1.68868e+06	0
1.68878e+06	0
1.68888e+06	0
1.68898e+06	0
1.68908e+06	0
1.68918e+06	0
1.68928e+06	0
1.68938e+06	0
1.68948e+06	0
1.68958e+06	0
1.68968e+06	0
1.68978e+06	0
1.68988e+06	0
1.68998e+06	0
1.69008e+06	0
1.69018e+06	0
1.69028e+06	0
1.69038e+06	0
1.69048e+06	0
1.69058e+06	0
1.69068e+06	0
1.69078e+06	0
1.69088e+06	0
1.69098e+06	0
1.69108e+06	0
1.69118e+06	0
1.69128e+06	0
1.69138e+06	0
1.69148e+06	0
1.69158e+06	0
1.69168e+06	0
1.69178e+06	0
1.69188e+06	0
1.69198e+06	0
1.69208e+06	0
1.69218e+06	0
1.69228e+06	0
1.69238e+06	0
1.69248e+06	0
1.69258e+06	0
1.69268e+06	0
1.69278e+06	0
1.69288e+06	0
1.69298e+06	0
1.69308e+06	0
1.69318e+06	0
1.69328e+06	0
1.69338e+06	0
1.69348e+06	0
1.69358e+06	0
1.69368e+06	0
1.69378e+06	0
1.69388e+06	0
1.69398e+06	0
1.69408e+06	0
1.69418e+06	0
1.69428e+06	0
1.69438e+06	0
1.69448e+06	0
1.69458e+06	0
1.69468e+06	0
1.69478e+06	0
1.69488e+06	0
1.69498e+06	0
1.69508e+06	0
1.69518e+06	0
1.69528e+06	0
1.69538e+06	0
1.69548e+06	0
1.69558e+06	0
1.69568e+06	0
1.69578e+06	0
1.69588e+06	0
1.69598e+06	0
1.69608e+06	0
1.69618e+06	0
1.69628e+06	0
1.69638e+06	0
1.69648e+06	0
1.69658e+06	0
1.69668e+06	0
1.69678e+06	0
1.69688e+06	0
1.69698e+06	0
1.69708e+06	0
1.69718e+06	0
1.69728e+06	0
1.69738e+06	0
1.69748e+06	0
1.69758e+06	0
1.69768e+06	0
1.69778e+06	0
1.69788e+06	0
1.69798e+06	0
1.69808e+06	0
1.69818e+06	0
1.69828e+06	0
1.69838e+06	0
1.69848e+06	0
1.69858e+06	0
1.69868e+06	0
1.69878e+06	0
1.69888e+06	0
1.69898e+06	0
1.69908e+06	0
1.69918e+06	0
1.69928e+06	0
1.69938e+06	0
1.69948e+06	0
1.69958e+06	0
1.69968e+06	0
1.69978e+06	0
1.69988e+06	0
1.69998e+06	0
1.70008e+06	0
1.70018e+06	0
1.70028e+06	0
1.70038e+06	0
1.70048e+06	0
1.70058e+06	0
1.70068e+06	0
1.70078e+06	0
1.70088e+06	0
1.70098e+06	0
1.70108e+06	0
1.70118e+06	0
1.70128e+06	0
1.70138e+06	0
1.70148e+06	0
1.70158e+06	0
1.70168e+06	0
1.70178e+06	0
1.70188e+06	0
1.70198e+06	0
1.70208e+06	0
1.70218e+06	0
1.70228e+06	0
1.70238e+06	0
1.70248e+06	0
1.70258e+06	0
1.70268e+06	0
1.70278e+06	0
1.70288e+06	0
1.70298e+06	0
1.70308e+06	0
1.70318e+06	0
1.70328e+06	0
1.70338e+06	0
1.70348e+06	0
1.70358e+06	0
1.70368e+06	0
1.70378e+06	0
1.70388e+06	0
1.70398e+06	0
1.70408e+06	0
1.70418e+06	0
1.70428e+06	0
1.70438e+06	0
1.70448e+06	0
1.70458e+06	0
1.70468e+06	0
1.70478e+06	0
1.70488e+06	0
1.70498e+06	0
1.70508e+06	0
1.70518e+06	0
1.70528e+06	0
1.70538e+06	0
1.70548e+06	0
1.70558e+06	0
1.70568e+06	0
1.70578e+06	0
1.70588e+06	0
1.70598e+06	0
1.70608e+06	0
1.70618e+06	0
1.70628e+06	0
1.70638e+06	0
1.70648e+06	0
1.70658e+06	0
1.70668e+06	0
1.70678e+06	0
1.70688e+06	0
1.70698e+06	0
1.70708e+06	0
1.70718e+06	0
1.70728e+06	0
1.70738e+06	0
1.70748e+06	0
1.70758e+06	0
1.70768e+06	0
1.70778e+06	0
1.70788e+06	0
1.70798e+06	0
1.70808e+06	0
1.70818e+06	0
1.70828e+06	0
1.70838e+06	0
1.70848e+06	0
1.70858e+06	0
1.70868e+06	0
1.70878e+06	0
1.70888e+06	0
1.70898e+06	0
1.70908e+06	0
1.70918e+06	0
1.70928e+06	0
1.70938e+06	0
1.70948e+06	0
1.70958e+06	0
1.70968e+06	0
1.70978e+06	0
1.70988e+06	0
1.70998e+06	0
1.71008e+06	0
1.71018e+06	0
1.71028e+06	0
1.71038e+06	0
1.71048e+06	0
1.71058e+06	0
1.71068e+06	0
1.71078e+06	0
1.71088e+06	0
1.71098e+06	0
1.71108e+06	0
1.71118e+06	0
1.71128e+06	0
1.71138e+06	0
1.71148e+06	0
1.71158e+06	0
1.71168e+06	0
1.71178e+06	0
1.71188e+06	0
1.71198e+06	0
1.71208e+06	0
1.71218e+06	0
1.71228e+06	0
1.71238e+06	0
1.71248e+06	0
1.71258e+06	0
1.71268e+06	0
1.71278e+06	0
1.71288e+06	0
1.71298e+06	0
1.71308e+06	0
1.71318e+06	0
1.71328e+06	0
1.71338e+06	0
1.71348e+06	0
1.71358e+06	0
1.71368e+06	0
1.71378e+06	0
1.71388e+06	0
1.71398e+06	0
1.71408e+06	0
1.71418e+06	0
1.71428e+06	0
1.71438e+06	0
1.71448e+06	0
1.71458e+06	0
1.71468e+06	0
1.71478e+06	0
1.71488e+06	0
1.71498e+06	0
1.71508e+06	0
1.71518e+06	0
1.71528e+06	0
1.71538e+06	0
1.71548e+06	0
1.71558e+06	0
1.71568e+06	0
1.71578e+06	0
1.71588e+06	0
1.71598e+06	0
1.71608e+06	0
1.71618e+06	0
1.71628e+06	0
1.71638e+06	0
1.71648e+06	0
1.71658e+06	0
1.71668e+06	0
1.71678e+06	0
1.71688e+06	0
1.71698e+06	0
1.71708e+06	0
1.71718e+06	0
1.71728e+06	0
1.71738e+06	0
1.71748e+06	0
1.71758e+06	0
1.71768e+06	0
1.71778e+06	0
1.71788e+06	0
1.71798e+06	0
1.71808e+06	0
1.71818e+06	0
1.71828e+06	0
1.71838e+06	0
1.71848e+06	0
1.71858e+06	0
1.71868e+06	0
1.71878e+06	0
1.71888e+06	0
1.71898e+06	0
1.71908e+06	0
1.71918e+06	0
1.71928e+06	0
1.71938e+06	0
1.71948e+06	0
1.71958e+06	0
1.71968e+06	0
1.71978e+06	0
1.71988e+06	0
1.71998e+06	0
1.72008e+06	0
1.72018e+06	0
1.72028e+06	0
1.72038e+06	0
1.72048e+06	0
1.72058e+06	0
1.72068e+06	0
1.72078e+06	0
1.72088e+06	0
1.72098e+06	0
1.72108e+06	0
1.72118e+06	0
1.72128e+06	0
1.72138e+06	0
1.72148e+06	0
1.72158e+06	0
1.72168e+06	0
1.72178e+06	0
1.72188e+06	0
1.72198e+06	0
1.72208e+06	0
1.72218e+06	0
1.72228e+06	0
1.72238e+06	0
1.72248e+06	0
1.72258e+06	0
1.72268e+06	0
1.72278e+06	0
1.72288e+06	0
1.72298e+06	0
1.72308e+06	0
1.72318e+06	0
1.72328e+06	0
1.72338e+06	0
1.72348e+06	0
1.72358e+06	0
1.72368e+06	0
1.72378e+06	0
1.72388e+06	0
1.72398e+06	0
1.72408e+06	0
1.72418e+06	0
1.72428e+06	0
1.72438e+06	0
1.72448e+06	0
1.72458e+06	0
1.72468e+06	0
1.72478e+06	0
1.72488e+06	0
1.72498e+06	0
1.72508e+06	0
1.72518e+06	0
1.72528e+06	0
1.72538e+06	0
1.72548e+06	0
1.72558e+06	0
1.72568e+06	0
1.72578e+06	0
1.72588e+06	0
1.72598e+06	0
1.72608e+06	0
1.72618e+06	0
1.72628e+06	0
1.72638e+06	0
1.72648e+06	0
1.72658e+06	0
1.72668e+06	0
1.72678e+06	0
1.72688e+06	0
1.72698e+06	0
1.72708e+06	0
1.72718e+06	0
1.72728e+06	0
1.72738e+06	0
1.72748e+06	0
1.72758e+06	0
1.72768e+06	0
1.72778e+06	0
1.72788e+06	0
1.72798e+06	0
1.72808e+06	0
1.72818e+06	0
1.72828e+06	0
1.72838e+06	0
1.72848e+06	0
1.72858e+06	0
1.72868e+06	0
1.72878e+06	0
1.72888e+06	0
1.72898e+06	0
1.72908e+06	0
1.72918e+06	0
1.72928e+06	0
1.72938e+06	0
1.72948e+06	0
1.72958e+06	0
1.72968e+06	0
1.72978e+06	0
1.72988e+06	0
1.72998e+06	0
1.73008e+06	0
1.73018e+06	0
1.73028e+06	0
1.73038e+06	0
1.73048e+06	0
1.73058e+06	0
1.73068e+06	0
1.73078e+06	0
1.73088e+06	0
1.73098e+06	0
1.73108e+06	0
1.73118e+06	0
1.73128e+06	0
1.73138e+06	0
1.73148e+06	0
1.73158e+06	0
1.73168e+06	0
1.73178e+06	0
1.73188e+06	0
1.73198e+06	0
1.73208e+06	0
1.73218e+06	0
1.73228e+06	0
1.73238e+06	0
1.73248e+06	0
1.73258e+06	0
1.73268e+06	0
1.73278e+06	0
1.73288e+06	0
1.73298e+06	0
1.73308e+06	0
1.73318e+06	0
1.73328e+06	0
1.73338e+06	0
1.73348e+06	0
1.73358e+06	0
1.73368e+06	0
1.73378e+06	0
1.73388e+06	0
1.73398e+06	0
1.73408e+06	0
1.73418e+06	0
1.73428e+06	0
1.73438e+06	0
1.73448e+06	0
1.73458e+06	0
1.73468e+06	0
1.73478e+06	0
1.73488e+06	0
1.73498e+06	0
1.73508e+06	0
1.73518e+06	0
1.73528e+06	0
1.73538e+06	0
1.73548e+06	0
1.73558e+06	0
1.73568e+06	0
1.73578e+06	0
1.73588e+06	0
1.73598e+06	0
1.73608e+06	0
1.73618e+06	0
1.73628e+06	0
1.73638e+06	0
1.73648e+06	0
1.73658e+06	0
1.73668e+06	0
1.73678e+06	0
1.73688e+06	0
1.73698e+06	0
1.73708e+06	0
1.73718e+06	0
1.73728e+06	0
1.73738e+06	0
1.73748e+06	0
1.73758e+06	0
1.73768e+06	0
1.73778e+06	0
1.73788e+06	0
1.73798e+06	0
1.73808e+06	0
1.73818e+06	0
1.73828e+06	0
1.73838e+06	0
1.73848e+06	0
1.73858e+06	0
1.73868e+06	0
1.73878e+06	0
1.73888e+06	0
1.73898e+06	0
1.73908e+06	0
1.73918e+06	0
1.73928e+06	0
1.73938e+06	0
1.73948e+06	0
1.73958e+06	0
1.73968e+06	0
1.73978e+06	0
1.73988e+06	0
1.73998e+06	0
1.74008e+06	0
1.74018e+06	0
1.74028e+06	0
1.74038e+06	0
1.74048e+06	0
1.74058e+06	0
1.74068e+06	0
1.74078e+06	0
1.74088e+06	0
1.74098e+06	0
1.74108e+06	0
1.74118e+06	0
1.74128e+06	0
1.74138e+06	0
1.74148e+06	0
1.74158e+06	0
1.74168e+06	0
1.74178e+06	0
1.74188e+06	0
1.74198e+06	0
1.74208e+06	0
1.74218e+06	0
1.74228e+06	0
1.74238e+06	0
1.74248e+06	0
1.74258e+06	0
1.74268e+06	0
1.74278e+06	0
1.74288e+06	0
1.74298e+06	0
1.74308e+06	0
1.74318e+06	0
1.74328e+06	0
1.74338e+06	0
1.74348e+06	0
1.74358e+06	0
1.74368e+06	0
1.74378e+06	0
1.74388e+06	0
1.74398e+06	0
1.74408e+06	0
1.74418e+06	0
1.74428e+06	0
1.74438e+06	0
1.74448e+06	0
1.74458e+06	0
1.74468e+06	0
1.74478e+06	0
1.74488e+06	0
1.74498e+06	0
1.74508e+06	0
1.74518e+06	0
1.74528e+06	0
1.74538e+06	0
1.74548e+06	0
1.74558e+06	0
1.74568e+06	0
1.74578e+06	0
1.74588e+06	0
1.74598e+06	0
1.74608e+06	0
1.74618e+06	0
1.74628e+06	0
1.74638e+06	0
1.74648e+06	0
1.74658e+06	0
1.74668e+06	0
1.74678e+06	0
1.74688e+06	0
1.74698e+06	0
1.74708e+06	0
1.74718e+06	0
1.74728e+06	0
1.74738e+06	0
1.74748e+06	0
1.74758e+06	0
1.74768e+06	0
1.74778e+06	0
1.74788e+06	0
1.74798e+06	0
1.74808e+06	0
1.74818e+06	0
1.74828e+06	0
1.74838e+06	0
1.74848e+06	0
1.74858e+06	0
1.74868e+06	0
1.74878e+06	0
1.74888e+06	0
1.74898e+06	0
1.74908e+06	0
1.74918e+06	0
1.74928e+06	0
1.74938e+06	0
1.74948e+06	0
1.74958e+06	0
1.74968e+06	0
1.74978e+06	0
1.74988e+06	0
1.74998e+06	0
1.75008e+06	0
1.75018e+06	0
1.75028e+06	0
1.75038e+06	0
1.75048e+06	0
1.75058e+06	0
1.75068e+06	0
1.75078e+06	0
1.75088e+06	0
1.75098e+06	0
1.75108e+06	0
1.75118e+06	0
1.75128e+06	0
1.75138e+06	0
1.75148e+06	0
1.75158e+06	0
1.75168e+06	0
1.75178e+06	0
1.75188e+06	0
1.75198e+06	0
1.75208e+06	0
1.75218e+06	0
1.75228e+06	0
1.75238e+06	0
1.75248e+06	0
1.75258e+06	0
1.75268e+06	0
1.75278e+06	0
1.75288e+06	0
1.75298e+06	0
1.75308e+06	0
1.75318e+06	0
1.75328e+06	0
1.75338e+06	0
1.75348e+06	0
1.75358e+06	0
1.75368e+06	0
1.75378e+06	0
1.75388e+06	0
1.75398e+06	0
1.75408e+06	0
1.75418e+06	0
1.75428e+06	0
1.75438e+06	0
1.75448e+06	0
1.75458e+06	0
1.75468e+06	0
1.75478e+06	0
1.75488e+06	0
1.75498e+06	0
1.75508e+06	0
1.75518e+06	0
1.75528e+06	0
1.75538e+06	0
1.75548e+06	0
1.75558e+06	0
1.75568e+06	0
1.75578e+06	0
1.75588e+06	0
1.75598e+06	0
1.75608e+06	0
1.75618e+06	0
1.75628e+06	0
1.75638e+06	0
1.75648e+06	0
1.75658e+06	0
1.75668e+06	0
1.75678e+06	0
1.75688e+06	0
1.75698e+06	0
1.75708e+06	0
1.75718e+06	0
1.75728e+06	0
1.75738e+06	0
1.75748e+06	0
1.75758e+06	0
1.75768e+06	0
1.75778e+06	0
1.75788e+06	0
1.75798e+06	0
1.75808e+06	0
1.75818e+06	0
1.75828e+06	0
1.75838e+06	0
1.75848e+06	0
1.75858e+06	0
1.75868e+06	0
1.75878e+06	0
1.75888e+06	0
1.75898e+06	0
1.75908e+06	0
1.75918e+06	0
1.75928e+06	0
1.75938e+06	0
1.75948e+06	0
1.75958e+06	0
1.75968e+06	0
1.75978e+06	0
1.75988e+06	0
1.75998e+06	0
1.76008e+06	0
1.76018e+06	0
1.76028e+06	0
1.76038e+06	0
1.76048e+06	0
1.76058e+06	0
1.76068e+06	0
1.76078e+06	0
1.76088e+06	0
1.76098e+06	0
1.76108e+06	0
1.76118e+06	0
1.76128e+06	0
1.76138e+06	0
1.76148e+06	0
1.76158e+06	0
1.76168e+06	0
1.76178e+06	0
1.76188e+06	0
1.76198e+06	0
1.76208e+06	0
1.76218e+06	0
1.76228e+06	0
1.76238e+06	0
1.76248e+06	0
1.76258e+06	0
1.76268e+06	0
1.76278e+06	0
1.76288e+06	0
1.76298e+06	0
1.76308e+06	0
1.76318e+06	0
1.76328e+06	0
1.76338e+06	0
1.76348e+06	0
1.76358e+06	0
1.76368e+06	0
1.76378e+06	0
1.76388e+06	0
1.76398e+06	0
1.76408e+06	0
1.76418e+06	0
1.76428e+06	0
1.76438e+06	0
1.76448e+06	0
1.76458e+06	0
1.76468e+06	0
1.76478e+06	0
1.76488e+06	0
1.76498e+06	0
1.76508e+06	0
1.76518e+06	0
1.76528e+06	0
1.76538e+06	0
1.76548e+06	0
1.76558e+06	0
1.76568e+06	0
1.76578e+06	0
1.76588e+06	0
1.76598e+06	0
1.76608e+06	0
1.76618e+06	0
1.76628e+06	0
1.76638e+06	0
1.76648e+06	0
1.76658e+06	0
1.76668e+06	0
1.76678e+06	0
1.76688e+06	0
1.76698e+06	0
1.76708e+06	0
1.76718e+06	0
1.76728e+06	0
1.76738e+06	0
1.76748e+06	0
1.76758e+06	0
1.76768e+06	0
1.76778e+06	0
1.76788e+06	0
1.76798e+06	0
1.76808e+06	0
1.76818e+06	0
1.76828e+06	0
1.76838e+06	0
1.76848e+06	0
1.76858e+06	0
1.76868e+06	0
1.76878e+06	0
1.76888e+06	0
1.76898e+06	0
1.76908e+06	0
1.76918e+06	0
1.76928e+06	0
1.76938e+06	0
1.76948e+06	0
1.76958e+06	0
1.76968e+06	0
1.76978e+06	0
1.76988e+06	0
1.76998e+06	0
1.77008e+06	0
1.77018e+06	0
1.77028e+06	0
1.77038e+06	0
1.77048e+06	0
1.77058e+06	0
1.77068e+06	0
1.77078e+06	0
1.77088e+06	0
1.77098e+06	0
1.77108e+06	0
1.77118e+06	0
1.77128e+06	0
1.77138e+06	0
1.77148e+06	0
1.77158e+06	0
1.77168e+06	0
1.77178e+06	0
1.77188e+06	0
1.77198e+06	0
1.77208e+06	0
1.77218e+06	0
1.77228e+06	0
1.77238e+06	0
1.77248e+06	0
1.77258e+06	0
1.77268e+06	0
1.77278e+06	0
1.77288e+06	0
1.77298e+06	0
1.77308e+06	0
1.77318e+06	0
1.77328e+06	0
1.77338e+06	0
1.77348e+06	0
1.77358e+06	0
1.77368e+06	0
1.77378e+06	0
1.77388e+06	0
1.77398e+06	0
1.77408e+06	0
1.77418e+06	0
1.77428e+06	0
1.77438e+06	0
1.77448e+06	0
1.77458e+06	0
1.77468e+06	0
1.77478e+06	0
1.77488e+06	0
1.77498e+06	0
1.77508e+06	0
1.77518e+06	0
1.77528e+06	0
1.77538e+06	0
1.77548e+06	0
1.77558e+06	0
1.77568e+06	0
1.77578e+06	0
1.77588e+06	0
1.77598e+06	0
1.77608e+06	0
1.77618e+06	0
1.77628e+06	0
1.77638e+06	0
1.77648e+06	0
1.77658e+06	0
1.77668e+06	0
1.77678e+06	0
1.77688e+06	0
1.77698e+06	0
1.77708e+06	0
1.77718e+06	0
1.77728e+06	0
1.77738e+06	0
1.77748e+06	0
1.77758e+06	0
1.77768e+06	0
1.77778e+06	0
1.77788e+06	0
1.77798e+06	0
1.77808e+06	0
1.77818e+06	0
1.77828e+06	0
1.77838e+06	0
1.77848e+06	0
1.77858e+06	0
1.77868e+06	0
1.77878e+06	0
1.77888e+06	0
1.77898e+06	0
1.77908e+06	0
1.77918e+06	0
1.77928e+06	0
1.77938e+06	0
1.77948e+06	0
1.77958e+06	0
1.77968e+06	0
1.77978e+06	0
1.77988e+06	0
1.77998e+06	0
1.78008e+06	0
1.78018e+06	0
1.78028e+06	0
1.78038e+06	0
1.78048e+06	0
1.78058e+06	0
1.78068e+06	0
1.78078e+06	0
1.78088e+06	0
1.78098e+06	0
1.78108e+06	0
1.78118e+06	0
1.78128e+06	0
1.78138e+06	0
1.78148e+06	0
1.78158e+06	0
1.78168e+06	0
1.78178e+06	0
1.78188e+06	0
1.78198e+06	0
1.78208e+06	0
1.78218e+06	0
1.78228e+06	0
1.78238e+06	0
1.78248e+06	0
1.78258e+06	0
1.78268e+06	0
1.78278e+06	0
1.78288e+06	0
1.78298e+06	0
1.78308e+06	0
1.78318e+06	0
1.78328e+06	0
1.78338e+06	0
1.78348e+06	0
1.78358e+06	0
1.78368e+06	0
1.78378e+06	0
1.78388e+06	0
1.78398e+06	0
1.78408e+06	0
1.78418e+06	0
1.78428e+06	0
1.78438e+06	0
1.78448e+06	0
1.78458e+06	0
1.78468e+06	0
1.78478e+06	0
1.78488e+06	0
1.78498e+06	0
1.78508e+06	0
1.78518e+06	0
1.78528e+06	0
1.78538e+06	0
1.78548e+06	0
1.78558e+06	0
1.78568e+06	0
1.78578e+06	0
1.78588e+06	0
1.78598e+06	0
1.78608e+06	0
1.78618e+06	0
1.78628e+06	0
1.78638e+06	0
1.78648e+06	0
1.78658e+06	0
1.78668e+06	0
1.78678e+06	0
1.78688e+06	0
1.78698e+06	0
1.78708e+06	0
1.78718e+06	0
1.78728e+06	0
1.78738e+06	0
1.78748e+06	0
1.78758e+06	0
1.78768e+06	0
1.78778e+06	0
1.78788e+06	0
1.78798e+06	0
1.78808e+06	0
1.78818e+06	0
1.78828e+06	0
1.78838e+06	0
1.78848e+06	0
1.78858e+06	0
1.78868e+06	0
1.78878e+06	0
1.78888e+06	0
1.78898e+06	0
1.78908e+06	0
1.78918e+06	0
1.78928e+06	0
1.78938e+06	0
1.78948e+06	0
1.78958e+06	0
1.78968e+06	0
1.78978e+06	0
1.78988e+06	0
1.78998e+06	0
1.79008e+06	0
1.79018e+06	0
1.79028e+06	0
1.79038e+06	0
1.79048e+06	0
1.79058e+06	0
1.79068e+06	0
1.79078e+06	0
1.79088e+06	0
1.79098e+06	0
1.79108e+06	0
1.79118e+06	0
1.79128e+06	0
1.79138e+06	0
1.79148e+06	0
1.79158e+06	0
1.79168e+06	0
1.79178e+06	0
1.79188e+06	0
1.79198e+06	0
1.79208e+06	0
1.79218e+06	0
1.79228e+06	0
1.79238e+06	0
1.79248e+06	0
1.79258e+06	0
1.79268e+06	0
1.79278e+06	0
1.79288e+06	0
1.79298e+06	0
1.79308e+06	0
1.79318e+06	0
1.79328e+06	0
1.79338e+06	0
1.79348e+06	0
1.79358e+06	0
1.79368e+06	0
1.79378e+06	0
1.79388e+06	0
1.79398e+06	0
1.79408e+06	0
1.79418e+06	0
1.79428e+06	0
1.79438e+06	0
1.79448e+06	0
1.79458e+06	0
1.79468e+06	0
1.79478e+06	0
1.79488e+06	0
1.79498e+06	0
1.79508e+06	0
1.79518e+06	0
1.79528e+06	0
1.79538e+06	0
1.79548e+06	0
1.79558e+06	0
1.79568e+06	0
1.79578e+06	0
1.79588e+06	0
1.79598e+06	0
1.79608e+06	0
1.79618e+06	0
1.79628e+06	0
1.79638e+06	0
1.79648e+06	0
1.79658e+06	0
1.79668e+06	0
1.79678e+06	0
1.79688e+06	0
1.79698e+06	0
1.79708e+06	0
1.79718e+06	0
1.79728e+06	0
1.79738e+06	0
1.79748e+06	0
1.79758e+06	0
1.79768e+06	0
1.79778e+06	0
1.79788e+06	0
1.79798e+06	0
1.79808e+06	0
1.79818e+06	0
1.79828e+06	0
1.79838e+06	0
1.79848e+06	0
1.79858e+06	0
1.79868e+06	0
1.79878e+06	0
1.79888e+06	0
1.79898e+06	0
1.79908e+06	0
1.79918e+06	0
1.79928e+06	0
1.79938e+06	0
1.79948e+06	0
1.79958e+06	0
1.79968e+06	0
1.79978e+06	0
1.79988e+06	0
1.79998e+06	0
1.80008e+06	0
1.80018e+06	0
1.80028e+06	0
1.80038e+06	0
1.80048e+06	0
1.80058e+06	0
1.80068e+06	0
1.80078e+06	0
1.80088e+06	0
1.80098e+06	0
1.80108e+06	0
1.80118e+06	0
1.80128e+06	0
1.80138e+06	0
1.80148e+06	0
1.80158e+06	0
1.80168e+06	0
1.80178e+06	0
1.80188e+06	0
1.80198e+06	0
1.80208e+06	0
1.80218e+06	0
1.80228e+06	0
1.80238e+06	0
1.80248e+06	0
1.80258e+06	0
1.80268e+06	0
1.80278e+06	0
1.80288e+06	0
1.80298e+06	0
1.80308e+06	0
1.80318e+06	0
1.80328e+06	0
1.80338e+06	0
1.80348e+06	0
1.80358e+06	0
1.80368e+06	0
1.80378e+06	0
1.80388e+06	0
1.80398e+06	0
1.80408e+06	0
1.80418e+06	0
1.80428e+06	0
1.80438e+06	0
1.80448e+06	0
1.80458e+06	0
1.80468e+06	0
1.80478e+06	0
1.80488e+06	0
1.80498e+06	0
1.80508e+06	0
1.80518e+06	0
1.80528e+06	0
1.80538e+06	0
1.80548e+06	0
1.80558e+06	0
1.80568e+06	0
1.80578e+06	0
1.80588e+06	0
1.80598e+06	0
1.80608e+06	0
1.80618e+06	0
1.80628e+06	0
1.80638e+06	0
1.80648e+06	0
1.80658e+06	0
1.80668e+06	0
1.80678e+06	0
1.80688e+06	0
1.80698e+06	0
1.80708e+06	0
1.80718e+06	0
1.80728e+06	0
1.80738e+06	0
1.80748e+06	0
1.80758e+06	0
1.80768e+06	0
1.80778e+06	0
1.80788e+06	0
1.80798e+06	0
1.80808e+06	0
1.80818e+06	0
1.80828e+06	0
1.80838e+06	0
1.80848e+06	0
1.80858e+06	0
1.80868e+06	0
1.80878e+06	0
1.80888e+06	0
1.80898e+06	0
1.80908e+06	0
1.80918e+06	0
1.80928e+06	0
1.80938e+06	0
1.80948e+06	0
1.80958e+06	0
1.80968e+06	0
1.80978e+06	0
1.80988e+06	0
1.80998e+06	0
1.81008e+06	0
1.81018e+06	0
1.81028e+06	0
1.81038e+06	0
1.81048e+06	0
1.81058e+06	0
1.81068e+06	0
1.81078e+06	0
1.81088e+06	0
1.81098e+06	0
1.81108e+06	0
1.81118e+06	0
1.81128e+06	0
1.81138e+06	0
1.81148e+06	0
1.81158e+06	0
1.81168e+06	0
1.81178e+06	0
1.81188e+06	0
1.81198e+06	0
1.81208e+06	0
1.81218e+06	0
1.81228e+06	0
1.81238e+06	0
1.81248e+06	0
1.81258e+06	0
1.81268e+06	0
1.81278e+06	0
1.81288e+06	0
1.81298e+06	0
1.81308e+06	0
1.81318e+06	0
1.81328e+06	0
1.81338e+06	0
1.81348e+06	0
1.81358e+06	0
1.81368e+06	0
1.81378e+06	0
1.81388e+06	0
1.81398e+06	0
1.81408e+06	0
1.81418e+06	0
1.81428e+06	0
1.81438e+06	0
1.81448e+06	0
1.81458e+06	0
1.81468e+06	0
1.81478e+06	0
1.81488e+06	0
1.81498e+06	0
1.81508e+06	0
1.81518e+06	0
1.81528e+06	0
1.81538e+06	0
1.81548e+06	0
1.81558e+06	0
1.81568e+06	0
1.81578e+06	0
1.81588e+06	0
1.81598e+06	0
1.81608e+06	0
1.81618e+06	0
1.81628e+06	0
1.81638e+06	0
1.81648e+06	0
1.81658e+06	0
1.81668e+06	0
1.81678e+06	0
1.81688e+06	0
1.81698e+06	0
1.81708e+06	0
1.81718e+06	0
1.81728e+06	0
1.81738e+06	0
1.81748e+06	0
1.81758e+06	0
1.81768e+06	0
1.81778e+06	0
1.81788e+06	0
1.81798e+06	0
1.81808e+06	0
1.81818e+06	0
1.81828e+06	0
1.81838e+06	0
1.81848e+06	0
1.81858e+06	0
1.81868e+06	0
1.81878e+06	0
1.81888e+06	0
1.81898e+06	0
1.81908e+06	0
1.81918e+06	0
1.81928e+06	0
1.81938e+06	0
1.81948e+06	0
1.81958e+06	0
1.81968e+06	0
1.81978e+06	0
1.81988e+06	0
1.81998e+06	0
1.82008e+06	0
1.82018e+06	0
1.82028e+06	0
1.82038e+06	0
1.82048e+06	0
1.82058e+06	0
1.82068e+06	0
1.82078e+06	0
1.82088e+06	0
1.82098e+06	0
1.82108e+06	0
1.82118e+06	0
1.82128e+06	0
1.82138e+06	0
1.82148e+06	0
1.82158e+06	0
1.82168e+06	0
1.82178e+06	0
1.82188e+06	0
1.82198e+06	0
1.82208e+06	0
1.82218e+06	0
1.82228e+06	0
1.82238e+06	0
1.82248e+06	0
1.82258e+06	0
1.82268e+06	0
1.82278e+06	0
1.82288e+06	0
1.82298e+06	0
1.82308e+06	0
1.82318e+06	0
1.82328e+06	0
1.82338e+06	0
1.82348e+06	0
1.82358e+06	0
1.82368e+06	0
1.82378e+06	0
1.82388e+06	0
1.82398e+06	0
1.82408e+06	0
1.82418e+06	0
1.82428e+06	0
1.82438e+06	0
1.82448e+06	0
1.82458e+06	0
1.82468e+06	0
1.82478e+06	0
1.82488e+06	0
1.82498e+06	0
1.82508e+06	0
1.82518e+06	0
1.82528e+06	0
1.82538e+06	0
1.82548e+06	0
1.82558e+06	0
1.82568e+06	0
1.82578e+06	0
1.82588e+06	0
1.82598e+06	0
1.82608e+06	0
1.82618e+06	0
1.82628e+06	0
1.82638e+06	0
1.82648e+06	0
1.82658e+06	0
1.82668e+06	0
1.82678e+06	0
1.82688e+06	0
1.82698e+06	0
1.82708e+06	0
1.82718e+06	0
1.82728e+06	0
1.82738e+06	0
1.82748e+06	0
1.82758e+06	0
1.82768e+06	0
1.82778e+06	0
1.82788e+06	0
1.82798e+06	0
1.82808e+06	0
1.82818e+06	0
1.82828e+06	0
1.82838e+06	0
1.82848e+06	0
1.82858e+06	0
1.82868e+06	0
1.82878e+06	0
1.82888e+06	0
1.82898e+06	0
1.82908e+06	0
1.82918e+06	0
1.82928e+06	0
1.82938e+06	0
1.82948e+06	0
1.82958e+06	0
1.82968e+06	0
1.82978e+06	0
1.82988e+06	0
1.82998e+06	0
1.83008e+06	0
1.83018e+06	0
1.83028e+06	0
1.83038e+06	0
1.83048e+06	0
1.83058e+06	0
1.83068e+06	0
1.83078e+06	0
1.83088e+06	0
1.83098e+06	0
1.83108e+06	0
1.83118e+06	0
1.83128e+06	0
1.83138e+06	0
1.83148e+06	0
1.83158e+06	0
1.83168e+06	0
1.83178e+06	0
1.83188e+06	0
1.83198e+06	0
1.83208e+06	0
1.83218e+06	0
1.83228e+06	0
1.83238e+06	0
1.83248e+06	0
1.83258e+06	0
1.83268e+06	0
1.83278e+06	0
1.83288e+06	0
1.83298e+06	0
1.83308e+06	0
1.83318e+06	0
1.83328e+06	0
1.83338e+06	0
1.83348e+06	0
1.83358e+06	0
1.83368e+06	0
1.83378e+06	0
1.83388e+06	0
1.83398e+06	0
1.83408e+06	0
1.83418e+06	0
1.83428e+06	0
1.83438e+06	0
1.83448e+06	0
1.83458e+06	0
1.83468e+06	0
1.83478e+06	0
1.83488e+06	0
1.83498e+06	0
1.83508e+06	0
1.83518e+06	0
1.83528e+06	0
1.83538e+06	0
1.83548e+06	0
1.83558e+06	0
1.83568e+06	0
1.83578e+06	0
1.83588e+06	0
1.83598e+06	0
1.83608e+06	0
1.83618e+06	0
1.83628e+06	0
1.83638e+06	0
1.83648e+06	0
1.83658e+06	0
1.83668e+06	0
1.83678e+06	0
1.83688e+06	0
1.83698e+06	0
1.83708e+06	0
1.83718e+06	0
1.83728e+06	0
1.83738e+06	0
1.83748e+06	0
1.83758e+06	0
1.83768e+06	0
1.83778e+06	0
1.83788e+06	0
1.83798e+06	0
1.83808e+06	0
1.83818e+06	0
1.83828e+06	0
1.83838e+06	0
1.83848e+06	0
1.83858e+06	0
1.83868e+06	0
1.83878e+06	0
1.83888e+06	0
1.83898e+06	0
1.83908e+06	0
1.83918e+06	0
1.83928e+06	0
1.83938e+06	0
1.83948e+06	0
1.83958e+06	0
1.83968e+06	0
1.83978e+06	0
1.83988e+06	0
1.83998e+06	0
1.84008e+06	0
1.84018e+06	0
1.84028e+06	0
1.84038e+06	0
1.84048e+06	0
1.84058e+06	0
1.84068e+06	0
1.84078e+06	0
1.84088e+06	0
1.84098e+06	0
1.84108e+06	0
1.84118e+06	0
1.84128e+06	0
1.84138e+06	0
1.84148e+06	0
1.84158e+06	0
1.84168e+06	0
1.84178e+06	0
1.84188e+06	0
1.84198e+06	0
1.84208e+06	0
1.84218e+06	0
1.84228e+06	0
1.84238e+06	0
1.84248e+06	0
1.84258e+06	0
1.84268e+06	0
1.84278e+06	0
1.84288e+06	0
1.84298e+06	0
1.84308e+06	0
1.84318e+06	0
1.84328e+06	0
1.84338e+06	0
1.84348e+06	0
1.84358e+06	0
1.84368e+06	0
1.84378e+06	0
1.84388e+06	0
1.84398e+06	0
1.84408e+06	0
1.84418e+06	0
1.84428e+06	0
1.84438e+06	0
1.84448e+06	0
1.84458e+06	0
1.84468e+06	0
1.84478e+06	0
1.84488e+06	0
1.84498e+06	0
1.84508e+06	0
1.84518e+06	0
1.84528e+06	0
1.84538e+06	0
1.84548e+06	0
1.84558e+06	0
1.84568e+06	0
1.84578e+06	0
1.84588e+06	0
1.84598e+06	0
1.84608e+06	0
1.84618e+06	0
1.84628e+06	0
1.84638e+06	0
1.84648e+06	0
1.84658e+06	0
1.84668e+06	0
1.84678e+06	0
1.84688e+06	0
1.84698e+06	0
1.84708e+06	0
1.84718e+06	0
1.84728e+06	0
1.84738e+06	0
1.84748e+06	0
1.84758e+06	0
1.84768e+06	0
1.84778e+06	0
1.84788e+06	0
1.84798e+06	0
1.84808e+06	0
1.84818e+06	0
1.84828e+06	0
1.84838e+06	0
1.84848e+06	0
1.84858e+06	0
1.84868e+06	0
1.84878e+06	0
1.84888e+06	0
1.84898e+06	0
1.84908e+06	0
1.84918e+06	0
1.84928e+06	0
1.84938e+06	0
1.84948e+06	0
1.84958e+06	0
1.84968e+06	0
1.84978e+06	0
1.84988e+06	0
1.84998e+06	0
1.85008e+06	0
1.85018e+06	0
1.85028e+06	0
1.85038e+06	0
1.85048e+06	0
1.85058e+06	0
1.85068e+06	0
1.85078e+06	0
1.85088e+06	0
1.85098e+06	0
1.85108e+06	0
1.85118e+06	0
1.85128e+06	0
1.85138e+06	0
1.85148e+06	0
1.85158e+06	0
1.85168e+06	0
1.85178e+06	0
1.85188e+06	0
1.85198e+06	0
1.85208e+06	0
1.85218e+06	0
1.85228e+06	0
1.85238e+06	0
1.85248e+06	0
1.85258e+06	0
1.85268e+06	0
1.85278e+06	0
1.85288e+06	0
1.85298e+06	0
1.85308e+06	0
1.85318e+06	0
1.85328e+06	0
1.85338e+06	0
1.85348e+06	0
1.85358e+06	0
1.85368e+06	0
1.85378e+06	0
1.85388e+06	0
1.85398e+06	0
1.85408e+06	0
1.85418e+06	0
1.85428e+06	0
1.85438e+06	0
1.85448e+06	0
1.85458e+06	0
1.85468e+06	0
1.85478e+06	0
1.85488e+06	0
1.85498e+06	0
1.85508e+06	0
1.85518e+06	0
1.85528e+06	0
1.85538e+06	0
1.85548e+06	0
1.85558e+06	0
1.85568e+06	0
1.85578e+06	0
1.85588e+06	0
1.85598e+06	0
1.85608e+06	0
1.85618e+06	0
1.85628e+06	0
1.85638e+06	0
1.85648e+06	0
1.85658e+06	0
1.85668e+06	0
1.85678e+06	0
1.85688e+06	0
1.85698e+06	0
1.85708e+06	0
1.85718e+06	0
1.85728e+06	0
1.85738e+06	0
1.85748e+06	0
1.85758e+06	0
1.85768e+06	0
1.85778e+06	0
1.85788e+06	0
1.85798e+06	0
1.85808e+06	0
1.85818e+06	0
1.85828e+06	0
1.85838e+06	0
1.85848e+06	0
1.85858e+06	0
1.85868e+06	0
1.85878e+06	0
1.85888e+06	0
1.85898e+06	0
1.85908e+06	0
1.85918e+06	0
1.85928e+06	0
1.85938e+06	0
1.85948e+06	0
1.85958e+06	0
1.85968e+06	0
1.85978e+06	0
1.85988e+06	0
1.85998e+06	0
1.86008e+06	0
1.86018e+06	0
1.86028e+06	0
1.86038e+06	0
1.86048e+06	0
1.86058e+06	0
1.86068e+06	0
1.86078e+06	0
1.86088e+06	0
1.86098e+06	0
1.86108e+06	0
1.86118e+06	0
1.86128e+06	0
1.86138e+06	0
1.86148e+06	0
1.86158e+06	0
1.86168e+06	0
1.86178e+06	0
1.86188e+06	0
1.86198e+06	0
1.86208e+06	0
1.86218e+06	0
1.86228e+06	0
1.86238e+06	0
1.86248e+06	0
1.86258e+06	0
1.86268e+06	0
1.86278e+06	0
1.86288e+06	0
1.86298e+06	0
1.86308e+06	0
1.86318e+06	0
1.86328e+06	0
1.86338e+06	0
1.86348e+06	0
1.86358e+06	0
1.86368e+06	0
1.86378e+06	0
1.86388e+06	0
1.86398e+06	0
1.86408e+06	0
1.86418e+06	0
1.86428e+06	0
1.86438e+06	0
1.86448e+06	0
1.86458e+06	0
1.86468e+06	0
1.86478e+06	0
1.86488e+06	0
1.86498e+06	0
1.86508e+06	0
1.86518e+06	0
1.86528e+06	0
1.86538e+06	0
1.86548e+06	0
1.86558e+06	0
1.86568e+06	0
1.86578e+06	0
1.86588e+06	0
1.86598e+06	0
1.86608e+06	0
1.86618e+06	0
1.86628e+06	0
1.86638e+06	0
1.86648e+06	0
1.86658e+06	0
1.86668e+06	0
1.86678e+06	0
1.86688e+06	0
1.86698e+06	0
1.86708e+06	0
1.86718e+06	0
1.86728e+06	0
1.86738e+06	0
1.86748e+06	0
1.86758e+06	0
1.86768e+06	0
1.86778e+06	0
1.86788e+06	0
1.86798e+06	0
1.86808e+06	0
1.86818e+06	0
1.86828e+06	0
1.86838e+06	0
1.86848e+06	0
1.86858e+06	0
1.86868e+06	0
1.86878e+06	0
1.86888e+06	0
1.86898e+06	0
1.86908e+06	0
1.86918e+06	0
1.86928e+06	0
1.86938e+06	0
1.86948e+06	0
1.86958e+06	0
1.86968e+06	0
1.86978e+06	0
1.86988e+06	0
1.86998e+06	0
1.87008e+06	0
1.87018e+06	0
1.87028e+06	0
1.87038e+06	0
1.87048e+06	0
1.87058e+06	0
1.87068e+06	0
1.87078e+06	0
1.87088e+06	0
1.87098e+06	0
1.87108e+06	0
1.87118e+06	0
1.87128e+06	0
1.87138e+06	0
1.87148e+06	0
1.87158e+06	0
1.87168e+06	0
1.87178e+06	0
1.87188e+06	0
1.87198e+06	0
1.87208e+06	0
1.87218e+06	0
1.87228e+06	0
1.87238e+06	0
1.87248e+06	0
1.87258e+06	0
1.87268e+06	0
1.87278e+06	0
1.87288e+06	0
1.87298e+06	0
1.87308e+06	0
1.87318e+06	0
1.87328e+06	0
1.87338e+06	0
1.87348e+06	0
1.87358e+06	0
1.87368e+06	0
1.87378e+06	0
1.87388e+06	0
1.87398e+06	0
1.87408e+06	0
1.87418e+06	0
1.87428e+06	0
1.87438e+06	0
1.87448e+06	0
1.87458e+06	0
1.87468e+06	0
1.87478e+06	0
1.87488e+06	0
1.87498e+06	0
1.87508e+06	0
1.87518e+06	0
1.87528e+06	0
1.87538e+06	0
1.87548e+06	0
1.87558e+06	0
1.87568e+06	0
1.87578e+06	0
1.87588e+06	0
1.87598e+06	0
1.87608e+06	0
1.87618e+06	0
1.87628e+06	0
1.87638e+06	0
1.87648e+06	0
1.87658e+06	0
1.87668e+06	0
1.87678e+06	0
1.87688e+06	0
1.87698e+06	0
1.87708e+06	0
1.87718e+06	0
1.87728e+06	0
1.87738e+06	0
1.87748e+06	0
1.87758e+06	0
1.87768e+06	0
1.87778e+06	0
1.87788e+06	0
1.87798e+06	0
1.87808e+06	0
1.87818e+06	0
1.87828e+06	0
1.87838e+06	0
1.87848e+06	0
1.87858e+06	0
1.87868e+06	0
1.87878e+06	0
1.87888e+06	0
1.87898e+06	0
1.87908e+06	0
1.87918e+06	0
1.87928e+06	0
1.87938e+06	0
1.87948e+06	0
1.87958e+06	0
1.87968e+06	0
1.87978e+06	0
1.87988e+06	0
1.87998e+06	0
1.88008e+06	0
1.88018e+06	0
1.88028e+06	0
1.88038e+06	0
1.88048e+06	0
1.88058e+06	0
1.88068e+06	0
1.88078e+06	0
1.88088e+06	0
1.88098e+06	0
1.88108e+06	0
1.88118e+06	0
1.88128e+06	0
1.88138e+06	0
1.88148e+06	0
1.88158e+06	0
1.88168e+06	0
1.88178e+06	0
1.88188e+06	0
1.88198e+06	0
1.88208e+06	0
1.88218e+06	0
1.88228e+06	0
1.88238e+06	0
1.88248e+06	0
1.88258e+06	0
1.88268e+06	0
1.88278e+06	0
1.88288e+06	0
1.88298e+06	0
1.88308e+06	0
1.88318e+06	0
1.88328e+06	0
1.88338e+06	0
1.88348e+06	0
1.88358e+06	0
1.88368e+06	0
1.88378e+06	0
1.88388e+06	0
1.88398e+06	0
1.88408e+06	0
1.88418e+06	0
1.88428e+06	0
1.88438e+06	0
1.88448e+06	0
1.88458e+06	0
1.88468e+06	0
1.88478e+06	0
1.88488e+06	0
1.88498e+06	0
1.88508e+06	0
1.88518e+06	0
1.88528e+06	0
1.88538e+06	0
1.88548e+06	0
1.88558e+06	0
1.88568e+06	0
1.88578e+06	0
1.88588e+06	0
1.88598e+06	0
1.88608e+06	0
1.88618e+06	0
1.88628e+06	0
1.88638e+06	0
1.88648e+06	0
1.88658e+06	0
1.88668e+06	0
1.88678e+06	0
1.88688e+06	0
1.88698e+06	0
1.88708e+06	0
1.88718e+06	0
1.88728e+06	0
1.88738e+06	0
1.88748e+06	0
1.88758e+06	0
1.88768e+06	0
1.88778e+06	0
1.88788e+06	0
1.88798e+06	0
1.88808e+06	0
1.88818e+06	0
1.88828e+06	0
1.88838e+06	0
1.88848e+06	0
1.88858e+06	0
1.88868e+06	0
1.88878e+06	0
1.88888e+06	0
1.88898e+06	0
1.88908e+06	0
1.88918e+06	0
1.88928e+06	0
1.88938e+06	0
1.88948e+06	0
1.88958e+06	0
1.88968e+06	0
1.88978e+06	0
1.88988e+06	0
1.88998e+06	0
1.89008e+06	0
1.89018e+06	0
1.89028e+06	0
1.89038e+06	0
1.89048e+06	0
1.89058e+06	0
1.89068e+06	0
1.89078e+06	0
1.89088e+06	0
1.89098e+06	0
1.89108e+06	0
1.89118e+06	0
1.89128e+06	0
1.89138e+06	0
1.89148e+06	0
1.89158e+06	0
1.89168e+06	0
1.89178e+06	0
1.89188e+06	0
1.89198e+06	0
1.89208e+06	0
1.89218e+06	0
1.89228e+06	0
1.89238e+06	0
1.89248e+06	0
1.89258e+06	0
1.89268e+06	0
1.89278e+06	0
1.89288e+06	0
1.89298e+06	0
1.89308e+06	0
1.89318e+06	0
1.89328e+06	0
1.89338e+06	0
1.89348e+06	0
1.89358e+06	0
1.89368e+06	0
1.89378e+06	0
1.89388e+06	0
1.89398e+06	0
1.89408e+06	0
1.89418e+06	0
1.89428e+06	0
1.89438e+06	0
1.89448e+06	0
1.89458e+06	0
1.89468e+06	0
1.89478e+06	0
1.89488e+06	0
1.89498e+06	0
1.89508e+06	0
1.89518e+06	0
1.89528e+06	0
1.89538e+06	0
1.89548e+06	0
1.89558e+06	0
1.89568e+06	0
1.89578e+06	0
1.89588e+06	0
1.89598e+06	0
1.89608e+06	0
1.89618e+06	0
1.89628e+06	0
1.89638e+06	0
1.89648e+06	0
1.89658e+06	0
1.89668e+06	0
1.89678e+06	0
1.89688e+06	0
1.89698e+06	0
1.89708e+06	0
1.89718e+06	0
1.89728e+06	0
1.89738e+06	0
1.89748e+06	0
1.89758e+06	0
1.89768e+06	0
1.89778e+06	0
1.89788e+06	0
1.89798e+06	0
1.89808e+06	0
1.89818e+06	0
1.89828e+06	0
1.89838e+06	0
1.89848e+06	0
1.89858e+06	0
1.89868e+06	0
1.89878e+06	0
1.89888e+06	0
1.89898e+06	0
1.89908e+06	0
1.89918e+06	0
1.89928e+06	0
1.89938e+06	0
1.89948e+06	0
1.89958e+06	0
1.89968e+06	0
1.89978e+06	0
1.89988e+06	0
1.89998e+06	0
1.90008e+06	0
1.90018e+06	0
1.90028e+06	0
1.90038e+06	0
1.90048e+06	0
1.90058e+06	0
1.90068e+06	0
1.90078e+06	0
1.90088e+06	0
1.90098e+06	0
1.90108e+06	0
1.90118e+06	0
1.90128e+06	0
1.90138e+06	0
1.90148e+06	0
1.90158e+06	0
1.90168e+06	0
1.90178e+06	0
1.90188e+06	0
1.90198e+06	0
1.90208e+06	0
1.90218e+06	0
1.90228e+06	0
1.90238e+06	0
1.90248e+06	0
1.90258e+06	0
1.90268e+06	0
1.90278e+06	0
1.90288e+06	0
1.90298e+06	0
1.90308e+06	0
1.90318e+06	0
1.90328e+06	0
1.90338e+06	0
1.90348e+06	0
1.90358e+06	0
1.90368e+06	0
1.90378e+06	0
1.90388e+06	0
1.90398e+06	0
1.90408e+06	0
1.90418e+06	0
1.90428e+06	0
1.90438e+06	0
1.90448e+06	0
1.90458e+06	0
1.90468e+06	0
1.90478e+06	0
1.90488e+06	0
1.90498e+06	0
1.90508e+06	0
1.90518e+06	0
1.90528e+06	0
1.90538e+06	0
1.90548e+06	0
1.90558e+06	0
1.90568e+06	0
1.90578e+06	0
1.90588e+06	0
1.90598e+06	0
1.90608e+06	0
1.90618e+06	0
1.90628e+06	0
1.90638e+06	0
1.90648e+06	0
1.90658e+06	0
1.90668e+06	0
1.90678e+06	0
1.90688e+06	0
1.90698e+06	0
1.90708e+06	0
1.90718e+06	0
1.90728e+06	0
1.90738e+06	0
1.90748e+06	0
1.90758e+06	0
1.90768e+06	0
1.90778e+06	0
1.90788e+06	0
1.90798e+06	0
1.90808e+06	0
1.90818e+06	0
1.90828e+06	0
1.90838e+06	0
1.90848e+06	0
1.90858e+06	0
1.90868e+06	0
1.90878e+06	0
1.90888e+06	0
1.90898e+06	0
1.90908e+06	0
1.90918e+06	0
1.90928e+06	0
1.90938e+06	0
1.90948e+06	0
1.90958e+06	0
1.90968e+06	0
1.90978e+06	0
1.90988e+06	0
1.90998e+06	0
1.91008e+06	0
1.91018e+06	0
1.91028e+06	0
1.91038e+06	0
1.91048e+06	0
1.91058e+06	0
1.91068e+06	0
1.91078e+06	0
1.91088e+06	0
1.91098e+06	0
1.91108e+06	0
1.91118e+06	0
1.91128e+06	0
1.91138e+06	0
1.91148e+06	0
1.91158e+06	0
1.91168e+06	0
1.91178e+06	0
1.91188e+06	0
1.91198e+06	0
1.91208e+06	0
1.91218e+06	0
1.91228e+06	0
1.91238e+06	0
1.91248e+06	0
1.91258e+06	0
1.91268e+06	0
1.91278e+06	0
1.91288e+06	0
1.91298e+06	0
1.91308e+06	0
1.91318e+06	0
1.91328e+06	0
1.91338e+06	0
1.91348e+06	0
1.91358e+06	0
1.91368e+06	0
1.91378e+06	0
1.91388e+06	0
1.91398e+06	0
1.91408e+06	0
1.91418e+06	0
1.91428e+06	0
1.91438e+06	0
1.91448e+06	0
1.91458e+06	0
1.91468e+06	0
1.91478e+06	0
1.91488e+06	0
1.91498e+06	0
1.91508e+06	0
1.91518e+06	0
1.91528e+06	0
1.91538e+06	0
1.91548e+06	0
1.91558e+06	0
1.91568e+06	0
1.91578e+06	0
1.91588e+06	0
1.91598e+06	0
1.91608e+06	0
1.91618e+06	0
1.91628e+06	0
1.91638e+06	0
1.91648e+06	0
1.91658e+06	0
1.91668e+06	0
1.91678e+06	0
1.91688e+06	0
1.91698e+06	0
1.91708e+06	0
1.91718e+06	0
1.91728e+06	0
1.91738e+06	0
1.91748e+06	0
1.91758e+06	0
1.91768e+06	0
1.91778e+06	0
1.91788e+06	0
1.91798e+06	0
1.91808e+06	0
1.91818e+06	0
1.91828e+06	0
1.91838e+06	0
1.91848e+06	0
1.91858e+06	0
1.91868e+06	0
1.91878e+06	0
1.91888e+06	0
1.91898e+06	0
1.91908e+06	0
1.91918e+06	0
1.91928e+06	0
1.91938e+06	0
1.91948e+06	0
1.91958e+06	0
1.91968e+06	0
1.91978e+06	0
1.91988e+06	0
1.91998e+06	0
1.92008e+06	0
1.92018e+06	0
1.92028e+06	0
1.92038e+06	0
1.92048e+06	0
1.92058e+06	0
1.92068e+06	0
1.92078e+06	0
1.92088e+06	0
1.92098e+06	0
1.92108e+06	0
1.92118e+06	0
1.92128e+06	0
1.92138e+06	0
1.92148e+06	0
1.92158e+06	0
1.92168e+06	0
1.92178e+06	0
1.92188e+06	0
1.92198e+06	0
1.92208e+06	0
1.92218e+06	0
1.92228e+06	0
1.92238e+06	0
1.92248e+06	0
1.92258e+06	0
1.92268e+06	0
1.92278e+06	0
1.92288e+06	0
1.92298e+06	0
1.92308e+06	0
1.92318e+06	0
1.92328e+06	0
1.92338e+06	0
1.92348e+06	0
1.92358e+06	0
1.92368e+06	0
1.92378e+06	0
1.92388e+06	0
1.92398e+06	0
1.92408e+06	0
1.92418e+06	0
1.92428e+06	0
1.92438e+06	0
1.92448e+06	0
1.92458e+06	0
1.92468e+06	0
1.92478e+06	0
1.92488e+06	0
1.92498e+06	0
1.92508e+06	0
1.92518e+06	0
1.92528e+06	0
1.92538e+06	0
1.92548e+06	0
1.92558e+06	0
1.92568e+06	0
1.92578e+06	0
1.92588e+06	0
1.92598e+06	0
1.92608e+06	0
1.92618e+06	0
1.92628e+06	0
1.92638e+06	0
1.92648e+06	0
1.92658e+06	0
1.92668e+06	0
1.92678e+06	0
1.92688e+06	0
1.92698e+06	0
1.92708e+06	0
1.92718e+06	0
1.92728e+06	0
1.92738e+06	0
1.92748e+06	0
1.92758e+06	0
1.92768e+06	0
1.92778e+06	0
1.92788e+06	0
1.92798e+06	0
1.92808e+06	0
1.92818e+06	0
1.92828e+06	0
1.92838e+06	0
1.92848e+06	0
1.92858e+06	0
1.92868e+06	0
1.92878e+06	0
1.92888e+06	0
1.92898e+06	0
1.92908e+06	0
1.92918e+06	0
1.92928e+06	0
1.92938e+06	0
1.92948e+06	0
1.92958e+06	0
1.92968e+06	0
1.92978e+06	0
1.92988e+06	0
1.92998e+06	0
1.93008e+06	0
1.93018e+06	0
1.93028e+06	0
1.93038e+06	0
1.93048e+06	0
1.93058e+06	0
1.93068e+06	0
1.93078e+06	0
1.93088e+06	0
1.93098e+06	0
1.93108e+06	0
1.93118e+06	0
1.93128e+06	0
1.93138e+06	0
1.93148e+06	0
1.93158e+06	0
1.93168e+06	0
1.93178e+06	0
1.93188e+06	0
1.93198e+06	0
1.93208e+06	0
1.93218e+06	0
1.93228e+06	0
1.93238e+06	0
1.93248e+06	0
1.93258e+06	0
1.93268e+06	0
1.93278e+06	0
1.93288e+06	0
1.93298e+06	0
1.93308e+06	0
1.93318e+06	0
1.93328e+06	0
1.93338e+06	0
1.93348e+06	0
1.93358e+06	0
1.93368e+06	0
1.93378e+06	0
1.93388e+06	0
1.93398e+06	0
1.93408e+06	0
1.93418e+06	0
1.93428e+06	0
1.93438e+06	0
1.93448e+06	0
1.93458e+06	0
1.93468e+06	0
1.93478e+06	0
1.93488e+06	0
1.93498e+06	0
1.93508e+06	0
1.93518e+06	0
1.93528e+06	0
1.93538e+06	0
1.93548e+06	0
1.93558e+06	0
1.93568e+06	0
1.93578e+06	0
1.93588e+06	0
1.93598e+06	0
1.93608e+06	0
1.93618e+06	0
1.93628e+06	0
1.93638e+06	0
1.93648e+06	0
1.93658e+06	0
1.93668e+06	0
1.93678e+06	0
1.93688e+06	0
1.93698e+06	0
1.93708e+06	0
1.93718e+06	0
1.93728e+06	0
1.93738e+06	0
1.93748e+06	0
1.93758e+06	0
1.93768e+06	0
1.93778e+06	0
1.93788e+06	0
1.93798e+06	0
1.93808e+06	0
1.93818e+06	0
1.93828e+06	0
1.93838e+06	0
1.93848e+06	0
1.93858e+06	0
1.93868e+06	0
1.93878e+06	0
1.93888e+06	0
1.93898e+06	0
1.93908e+06	0
1.93918e+06	0
1.93928e+06	0
1.93938e+06	0
1.93948e+06	0
1.93958e+06	0
1.93968e+06	0
1.93978e+06	0
1.93988e+06	0
1.93998e+06	0
1.94008e+06	0
1.94018e+06	0
1.94028e+06	0
1.94038e+06	0
1.94048e+06	0
1.94058e+06	0
1.94068e+06	0
1.94078e+06	0
1.94088e+06	0
1.94098e+06	0
1.94108e+06	0
1.94118e+06	0
1.94128e+06	0
1.94138e+06	0
1.94148e+06	0
1.94158e+06	0
1.94168e+06	0
1.94178e+06	0
1.94188e+06	0
1.94198e+06	0
1.94208e+06	0
1.94218e+06	0
1.94228e+06	0
1.94238e+06	0
1.94248e+06	0
1.94258e+06	0
1.94268e+06	0
1.94278e+06	0
1.94288e+06	0
1.94298e+06	0
1.94308e+06	0
1.94318e+06	0
1.94328e+06	0
1.94338e+06	0
1.94348e+06	0
1.94358e+06	0
1.94368e+06	0
1.94378e+06	0
1.94388e+06	0
1.94398e+06	0
1.94408e+06	0
1.94418e+06	0
1.94428e+06	0
1.94438e+06	0
1.94448e+06	0
1.94458e+06	0
1.94468e+06	0
1.94478e+06	0
1.94488e+06	0
1.94498e+06	0
1.94508e+06	0
1.94518e+06	0
1.94528e+06	0
1.94538e+06	0
1.94548e+06	0
1.94558e+06	0
1.94568e+06	0
1.94578e+06	0
1.94588e+06	0
1.94598e+06	0
1.94608e+06	0
1.94618e+06	0
1.94628e+06	0
1.94638e+06	0
1.94648e+06	0
1.94658e+06	0
1.94668e+06	0
1.94678e+06	0
1.94688e+06	0
1.94698e+06	0
1.94708e+06	0
1.94718e+06	0
1.94728e+06	0
1.94738e+06	0
1.94748e+06	0
1.94758e+06	0
1.94768e+06	0
1.94778e+06	0
1.94788e+06	0
1.94798e+06	0
1.94808e+06	0
1.94818e+06	0
1.94828e+06	0
1.94838e+06	0
1.94848e+06	0
1.94858e+06	0
1.94868e+06	0
1.94878e+06	0
1.94888e+06	0
1.94898e+06	0
1.94908e+06	0
1.94918e+06	0
1.94928e+06	0
1.94938e+06	0
1.94948e+06	0
1.94958e+06	0
1.94968e+06	0
1.94978e+06	0
1.94988e+06	0
1.94998e+06	0
1.95008e+06	0
1.95018e+06	0
1.95028e+06	0
1.95038e+06	0
1.95048e+06	0
1.95058e+06	0
1.95068e+06	0
1.95078e+06	0
1.95088e+06	0
1.95098e+06	0
1.95108e+06	0
1.95118e+06	0
1.95128e+06	0
1.95138e+06	0
1.95148e+06	0
1.95158e+06	0
1.95168e+06	0
1.95178e+06	0
1.95188e+06	0
1.95198e+06	0
1.95208e+06	0
1.95218e+06	0
1.95228e+06	0
1.95238e+06	0
1.95248e+06	0
1.95258e+06	0
1.95268e+06	0
1.95278e+06	0
1.95288e+06	0
1.95298e+06	0
1.95308e+06	0
1.95318e+06	0
1.95328e+06	0
1.95338e+06	0
1.95348e+06	0
1.95358e+06	0
1.95368e+06	0
1.95378e+06	0
1.95388e+06	0
1.95398e+06	0
1.95408e+06	0
1.95418e+06	0
1.95428e+06	0
1.95438e+06	0
1.95448e+06	0
1.95458e+06	0
1.95468e+06	0
1.95478e+06	0
1.95488e+06	0
1.95498e+06	0
1.95508e+06	0
1.95518e+06	0
1.95528e+06	0
1.95538e+06	0
1.95548e+06	0
1.95558e+06	0
1.95568e+06	0
1.95578e+06	0
1.95588e+06	0
1.95598e+06	0
1.95608e+06	0
1.95618e+06	0
1.95628e+06	0
1.95638e+06	0
1.95648e+06	0
1.95658e+06	0
1.95668e+06	0
1.95678e+06	0
1.95688e+06	0
1.95698e+06	0
1.95708e+06	0
1.95718e+06	0
1.95728e+06	0
1.95738e+06	0
1.95748e+06	0
1.95758e+06	0
1.95768e+06	0
1.95778e+06	0
1.95788e+06	0
1.95798e+06	0
1.95808e+06	0
1.95818e+06	0
1.95828e+06	0
1.95838e+06	0
1.95848e+06	0
1.95858e+06	0
1.95868e+06	0
1.95878e+06	0
1.95888e+06	0
1.95898e+06	0
1.95908e+06	0
1.95918e+06	0
1.95928e+06	0
1.95938e+06	0
1.95948e+06	0
1.95958e+06	0
1.95968e+06	0
1.95978e+06	0
1.95988e+06	0
1.95998e+06	0
1.96008e+06	0
1.96018e+06	0
1.96028e+06	0
1.96038e+06	0
1.96048e+06	0
1.96058e+06	0
1.96068e+06	0
1.96078e+06	0
1.96088e+06	0
1.96098e+06	0
1.96108e+06	0
1.96118e+06	0
1.96128e+06	0
1.96138e+06	0
1.96148e+06	0
1.96158e+06	0
1.96168e+06	0
1.96178e+06	0
1.96188e+06	0
1.96198e+06	0
1.96208e+06	0
1.96218e+06	0
1.96228e+06	0
1.96238e+06	0
1.96248e+06	0
1.96258e+06	0
1.96268e+06	0
1.96278e+06	0
1.96288e+06	0
1.96298e+06	0
1.96308e+06	0
1.96318e+06	0
1.96328e+06	0
1.96338e+06	0
1.96348e+06	0
1.96358e+06	0
1.96368e+06	0
1.96378e+06	0
1.96388e+06	0
1.96398e+06	0
1.96408e+06	0
1.96418e+06	0
1.96428e+06	0
1.96438e+06	0
1.96448e+06	0
1.96458e+06	0
1.96468e+06	0
1.96478e+06	0
1.96488e+06	0
1.96498e+06	0
1.96508e+06	0
1.96518e+06	0
1.96528e+06	0
1.96538e+06	0
1.96548e+06	0
1.96558e+06	0
1.96568e+06	0
1.96578e+06	0
1.96588e+06	0
1.96598e+06	0
1.96608e+06	0
1.96618e+06	0
1.96628e+06	0
1.96638e+06	0
1.96648e+06	0
1.96658e+06	0
1.96668e+06	0
1.96678e+06	0
1.96688e+06	0
1.96698e+06	0
1.96708e+06	0
1.96718e+06	0
1.96728e+06	0
1.96738e+06	0
1.96748e+06	0
1.96758e+06	0
1.96768e+06	0
1.96778e+06	0
1.96788e+06	0
1.96798e+06	0
1.96808e+06	0
1.96818e+06	0
1.96828e+06	0
1.96838e+06	0
1.96848e+06	0
1.96858e+06	0
1.96868e+06	0
1.96878e+06	0
1.96888e+06	0
1.96898e+06	0
1.96908e+06	0
1.96918e+06	0
1.96928e+06	0
1.96938e+06	0
1.96948e+06	0
1.96958e+06	0
1.96968e+06	0
1.96978e+06	0
1.96988e+06	0
1.96998e+06	0
1.97008e+06	0
1.97018e+06	0
1.97028e+06	0
1.97038e+06	0
1.97048e+06	0
1.97058e+06	0
1.97068e+06	0
1.97078e+06	0
1.97088e+06	0
1.97098e+06	0
1.97108e+06	0
1.97118e+06	0
1.97128e+06	0
1.97138e+06	0
1.97148e+06	0
1.97158e+06	0
1.97168e+06	0
1.97178e+06	0
1.97188e+06	0
1.97198e+06	0
1.97208e+06	0
1.97218e+06	0
1.97228e+06	0
1.97238e+06	0
1.97248e+06	0
1.97258e+06	0
1.97268e+06	0
1.97278e+06	0
1.97288e+06	0
1.97298e+06	0
1.97308e+06	0
1.97318e+06	0
1.97328e+06	0
1.97338e+06	0
1.97348e+06	0
1.97358e+06	0
1.97368e+06	0
1.97378e+06	0
1.97388e+06	0
1.97398e+06	0
1.97408e+06	0
1.97418e+06	0
1.97428e+06	0
1.97438e+06	0
1.97448e+06	0
1.97458e+06	0
1.97468e+06	0
1.97478e+06	0
1.97488e+06	0
1.97498e+06	0
1.97508e+06	0
1.97518e+06	0
1.97528e+06	0
1.97538e+06	0
1.97548e+06	0
1.97558e+06	0
1.97568e+06	0
1.97578e+06	0
1.97588e+06	0
1.97598e+06	0
1.97608e+06	0
1.97618e+06	0
1.97628e+06	0
1.97638e+06	0
1.97648e+06	0
1.97658e+06	0
1.97668e+06	0
1.97678e+06	0
1.97688e+06	0
1.97698e+06	0
1.97708e+06	0
1.97718e+06	0
1.97728e+06	0
1.97738e+06	0
1.97748e+06	0
1.97758e+06	0
1.97768e+06	0
1.97778e+06	0
1.97788e+06	0
1.97798e+06	0
1.97808e+06	0
1.97818e+06	0
1.97828e+06	0
1.97838e+06	0
1.97848e+06	0
1.97858e+06	0
1.97868e+06	0
1.97878e+06	0
1.97888e+06	0
1.97898e+06	0
1.97908e+06	0
1.97918e+06	0
1.97928e+06	0
1.97938e+06	0
1.97948e+06	0
1.97958e+06	0
1.97968e+06	0
1.97978e+06	0
1.97988e+06	0
1.97998e+06	0
1.98008e+06	0
1.98018e+06	0
1.98028e+06	0
1.98038e+06	0
1.98048e+06	0
1.98058e+06	0
1.98068e+06	0
1.98078e+06	0
1.98088e+06	0
1.98098e+06	0
1.98108e+06	0
1.98118e+06	0
1.98128e+06	0
1.98138e+06	0
1.98148e+06	0
1.98158e+06	0
1.98168e+06	0
1.98178e+06	0
1.98188e+06	0
1.98198e+06	0
1.98208e+06	0
1.98218e+06	0
1.98228e+06	0
1.98238e+06	0
1.98248e+06	0
1.98258e+06	0
1.98268e+06	0
1.98278e+06	0
1.98288e+06	0
1.98298e+06	0
1.98308e+06	0
1.98318e+06	0
1.98328e+06	0
1.98338e+06	0
1.98348e+06	0
1.98358e+06	0
1.98368e+06	0
1.98378e+06	0
1.98388e+06	0
1.98398e+06	0
1.98408e+06	0
1.98418e+06	0
1.98428e+06	0
1.98438e+06	0
1.98448e+06	0
1.98458e+06	0
1.98468e+06	0
1.98478e+06	0
1.98488e+06	0
1.98498e+06	0
1.98508e+06	0
1.98518e+06	0
1.98528e+06	0
1.98538e+06	0
1.98548e+06	0
1.98558e+06	0
1.98568e+06	0
1.98578e+06	0
1.98588e+06	0
1.98598e+06	0
1.98608e+06	0
1.98618e+06	0
1.98628e+06	0
1.98638e+06	0
1.98648e+06	0
1.98658e+06	0
1.98668e+06	0
1.98678e+06	0
1.98688e+06	0
1.98698e+06	0
1.98708e+06	0
1.98718e+06	0
1.98728e+06	0
1.98738e+06	0
1.98748e+06	0
1.98758e+06	0
1.98768e+06	0
1.98778e+06	0
1.98788e+06	0
1.98798e+06	0
1.98808e+06	0
1.98818e+06	0
1.98828e+06	0
1.98838e+06	0
1.98848e+06	0
1.98858e+06	0
1.98868e+06	0
1.98878e+06	0
1.98888e+06	0
1.98898e+06	0
1.98908e+06	0
1.98918e+06	0
1.98928e+06	0
1.98938e+06	0
1.98948e+06	0
1.98958e+06	0
1.98968e+06	0
1.98978e+06	0
1.98988e+06	0
1.98998e+06	0
1.99008e+06	0
1.99018e+06	0
1.99028e+06	0
1.99038e+06	0
1.99048e+06	0
1.99058e+06	0
1.99068e+06	0
1.99078e+06	0
1.99088e+06	0
1.99098e+06	0
1.99108e+06	0
1.99118e+06	0
1.99128e+06	0
1.99138e+06	0
1.99148e+06	0
1.99158e+06	0
1.99168e+06	0
1.99178e+06	0
1.99188e+06	0
1.99198e+06	0
1.99208e+06	0
1.99218e+06	0
1.99228e+06	0
1.99238e+06	0
1.99248e+06	0
1.99258e+06	0
1.99268e+06	0
1.99278e+06	0
1.99288e+06	0
1.99298e+06	0
1.99308e+06	0
1.99318e+06	0
1.99328e+06	0
1.99338e+06	0
1.99348e+06	0
1.99358e+06	0
1.99368e+06	0
1.99378e+06	0
1.99388e+06	0
1.99398e+06	0
1.99408e+06	0
1.99418e+06	0
1.99428e+06	0
1.99438e+06	0
1.99448e+06	0
1.99458e+06	0
1.99468e+06	0
1.99478e+06	0
1.99488e+06	0
1.99498e+06	0
1.99508e+06	0
1.99518e+06	0
1.99528e+06	0
1.99538e+06	0
1.99548e+06	0
1.99558e+06	0
1.99568e+06	0
1.99578e+06	0
1.99588e+06	0
1.99598e+06	0
1.99608e+06	0
1.99618e+06	0
1.99628e+06	0
1.99638e+06	0
1.99648e+06	0
1.99658e+06	0
1.99668e+06	0
1.99678e+06	0
1.99688e+06	0
1.99698e+06	0
1.99708e+06	0
1.99718e+06	0
1.99728e+06	0
1.99738e+06	0
1.99748e+06	0
1.99758e+06	0
1.99768e+06	0
1.99778e+06	0
1.99788e+06	0
1.99798e+06	0
1.99808e+06	0
1.99818e+06	0
1.99828e+06	0
1.99838e+06	0
1.99848e+06	0
1.99858e+06	0
1.99868e+06	0
1.99878e+06	0
1.99888e+06	0
1.99898e+06	0
1.99908e+06	0
1.99918e+06	0
1.99928e+06	0
1.99938e+06	0
1.99948e+06	0
1.99958e+06	0
1.99968e+06	0
1.99978e+06	0
1.99988e+06	0
1.99998e+06	0
2.00008e+06	0
2.00018e+06	0
2.00028e+06	0
2.00038e+06	0
2.00048e+06	0
2.00058e+06	0
2.00068e+06	0
2.00078e+06	0
2.00088e+06	0
2.00098e+06	0
2.00108e+06	0
2.00118e+06	0
2.00128e+06	0
2.00138e+06	0
2.00148e+06	0
2.00158e+06	0
2.00168e+06	0
2.00178e+06	0
2.00188e+06	0
2.00198e+06	0
2.00208e+06	0
2.00218e+06	0
2.00228e+06	0
2.00238e+06	0
2.00248e+06	0
2.00258e+06	0
2.00268e+06	0
2.00278e+06	0
2.00288e+06	0
2.00298e+06	0
2.00308e+06	0
2.00318e+06	0
2.00328e+06	0
2.00338e+06	0
2.00348e+06	0
2.00358e+06	0
2.00368e+06	0
2.00378e+06	0
2.00388e+06	0
2.00398e+06	0
2.00408e+06	0
2.00418e+06	0
2.00428e+06	0
2.00438e+06	0
2.00448e+06	0
2.00458e+06	0
2.00468e+06	0
2.00478e+06	0
2.00488e+06	0
2.00498e+06	0
2.00508e+06	0
2.00518e+06	0
2.00528e+06	0
2.00538e+06	0
2.00548e+06	0
2.00558e+06	0
2.00568e+06	0
2.00578e+06	0
2.00588e+06	0
2.00598e+06	0
2.00608e+06	0
2.00618e+06	0
2.00628e+06	0
2.00638e+06	0
2.00648e+06	0
2.00658e+06	0
2.00668e+06	0
2.00678e+06	0
2.00688e+06	0
2.00698e+06	0
2.00708e+06	0
2.00718e+06	0
2.00728e+06	0
2.00738e+06	0
2.00748e+06	0
2.00758e+06	0
2.00768e+06	0
2.00778e+06	0
2.00788e+06	0
2.00798e+06	0
2.00808e+06	0
2.00818e+06	0
2.00828e+06	0
2.00838e+06	0
2.00848e+06	0
2.00858e+06	0
2.00868e+06	0
2.00878e+06	0
2.00888e+06	0
2.00898e+06	0
2.00908e+06	0
2.00918e+06	0
2.00928e+06	0
2.00938e+06	0
2.00948e+06	0
2.00958e+06	0
2.00968e+06	0
2.00978e+06	0
2.00988e+06	0
2.00998e+06	0
2.01008e+06	0
2.01018e+06	0
2.01028e+06	0
2.01038e+06	0
2.01048e+06	0
2.01058e+06	0
2.01068e+06	0
2.01078e+06	0
2.01088e+06	0
2.01098e+06	0
2.01108e+06	0
2.01118e+06	0
2.01128e+06	0
2.01138e+06	0
2.01148e+06	0
2.01158e+06	0
2.01168e+06	0
2.01178e+06	0
2.01188e+06	0
2.01198e+06	0
2.01208e+06	0
2.01218e+06	0
2.01228e+06	0
2.01238e+06	0
2.01248e+06	0
2.01258e+06	0
2.01268e+06	0
2.01278e+06	0
2.01288e+06	0
2.01298e+06	0
2.01308e+06	0
2.01318e+06	0
2.01328e+06	0
2.01338e+06	0
2.01348e+06	0
2.01358e+06	0
2.01368e+06	0
2.01378e+06	0
2.01388e+06	0
2.01398e+06	0
2.01408e+06	0
2.01418e+06	0
2.01428e+06	0
2.01438e+06	0
2.01448e+06	0
2.01458e+06	0
2.01468e+06	0
2.01478e+06	0
2.01488e+06	0
2.01498e+06	0
2.01508e+06	0
2.01518e+06	0
2.01528e+06	0
2.01538e+06	0
2.01548e+06	0
2.01558e+06	0
2.01568e+06	0
2.01578e+06	0
2.01588e+06	0
2.01598e+06	0
2.01608e+06	0
2.01618e+06	0
2.01628e+06	0
2.01638e+06	0
2.01648e+06	0
2.01658e+06	0
2.01668e+06	0
2.01678e+06	0
2.01688e+06	0
2.01698e+06	0
2.01708e+06	0
2.01718e+06	0
2.01728e+06	0
2.01738e+06	0
2.01748e+06	0
2.01758e+06	0
2.01768e+06	0
2.01778e+06	0
2.01788e+06	0
2.01798e+06	0
2.01808e+06	0
2.01818e+06	0
2.01828e+06	0
2.01838e+06	0
2.01848e+06	0
2.01858e+06	0
2.01868e+06	0
2.01878e+06	0
2.01888e+06	0
2.01898e+06	0
2.01908e+06	0
2.01918e+06	0
2.01928e+06	0
2.01938e+06	0
2.01948e+06	0
2.01958e+06	0
2.01968e+06	0
2.01978e+06	0
2.01988e+06	0
2.01998e+06	0
2.02008e+06	0
2.02018e+06	0
2.02028e+06	0
2.02038e+06	0
2.02048e+06	0
2.02058e+06	0
2.02068e+06	0
2.02078e+06	0
2.02088e+06	0
2.02098e+06	0
2.02108e+06	0
2.02118e+06	0
2.02128e+06	0
2.02138e+06	0
2.02148e+06	0
2.02158e+06	0
2.02168e+06	0
2.02178e+06	0
2.02188e+06	0
2.02198e+06	0
2.02208e+06	0
2.02218e+06	0
2.02228e+06	0
2.02238e+06	0
2.02248e+06	0
2.02258e+06	0
2.02268e+06	0
2.02278e+06	0
2.02288e+06	0
2.02298e+06	0
2.02308e+06	0
2.02318e+06	0
2.02328e+06	0
2.02338e+06	0
2.02348e+06	0
2.02358e+06	0
2.02368e+06	0
2.02378e+06	0
2.02388e+06	0
2.02398e+06	0
2.02408e+06	0
2.02418e+06	0
2.02428e+06	0
2.02438e+06	0
2.02448e+06	0
2.02458e+06	0
2.02468e+06	0
2.02478e+06	0
2.02488e+06	0
2.02498e+06	0
2.02508e+06	0
2.02518e+06	0
2.02528e+06	0
2.02538e+06	0
2.02548e+06	0
2.02558e+06	0
2.02568e+06	0
2.02578e+06	0
2.02588e+06	0
2.02598e+06	0
2.02608e+06	0
2.02618e+06	0
2.02628e+06	0
2.02638e+06	0
2.02648e+06	0
2.02658e+06	0
2.02668e+06	0
2.02678e+06	0
2.02688e+06	0
2.02698e+06	0
2.02708e+06	0
2.02718e+06	0
2.02728e+06	0
2.02738e+06	0
2.02748e+06	0
2.02758e+06	0
2.02768e+06	0
2.02778e+06	0
2.02788e+06	0
2.02798e+06	0
2.02808e+06	0
2.02818e+06	0
2.02828e+06	0
2.02838e+06	0
2.02848e+06	0
2.02858e+06	0
2.02868e+06	0
2.02878e+06	0
2.02888e+06	0
2.02898e+06	0
2.02908e+06	0
2.02918e+06	0
2.02928e+06	0
2.02938e+06	0
2.02948e+06	0
2.02958e+06	0
2.02968e+06	0
2.02978e+06	0
2.02988e+06	0
2.02998e+06	0
2.03008e+06	0
2.03018e+06	0
2.03028e+06	0
2.03038e+06	0
2.03048e+06	0
2.03058e+06	0
2.03068e+06	0
2.03078e+06	0
2.03088e+06	0
2.03098e+06	0
2.03108e+06	0
2.03118e+06	0
2.03128e+06	0
2.03138e+06	0
2.03148e+06	0
2.03158e+06	0
2.03168e+06	0
2.03178e+06	0
2.03188e+06	0
2.03198e+06	0
2.03208e+06	0
2.03218e+06	0
2.03228e+06	0
2.03238e+06	0
2.03248e+06	0
2.03258e+06	0
2.03268e+06	0
2.03278e+06	0
2.03288e+06	0
2.03298e+06	0
2.03308e+06	0
2.03318e+06	0
2.03328e+06	0
2.03338e+06	0
2.03348e+06	0
2.03358e+06	0
2.03368e+06	0
2.03378e+06	0
2.03388e+06	0
2.03398e+06	0
2.03408e+06	0
2.03418e+06	0
2.03428e+06	0
2.03438e+06	0
2.03448e+06	0
2.03458e+06	0
2.03468e+06	0
2.03478e+06	0
2.03488e+06	0
2.03498e+06	0
2.03508e+06	0
2.03518e+06	0
2.03528e+06	0
2.03538e+06	0
2.03548e+06	0
2.03558e+06	0
2.03568e+06	0
2.03578e+06	0
2.03588e+06	0
2.03598e+06	0
2.03608e+06	0
2.03618e+06	0
2.03628e+06	0
2.03638e+06	0
2.03648e+06	0
2.03658e+06	0
2.03668e+06	0
2.03678e+06	0
2.03688e+06	0
2.03698e+06	0
2.03708e+06	0
2.03718e+06	0
2.03728e+06	0
2.03738e+06	0
2.03748e+06	0
2.03758e+06	0
2.03768e+06	0
2.03778e+06	0
2.03788e+06	0
2.03798e+06	0
2.03808e+06	0
2.03818e+06	0
2.03828e+06	0
2.03838e+06	0
2.03848e+06	0
2.03858e+06	0
2.03868e+06	0
2.03878e+06	0
2.03888e+06	0
2.03898e+06	0
2.03908e+06	0
2.03918e+06	0
2.03928e+06	0
2.03938e+06	0
2.03948e+06	0
2.03958e+06	0
2.03968e+06	0
2.03978e+06	0
2.03988e+06	0
2.03998e+06	0
2.04008e+06	0
2.04018e+06	0
2.04028e+06	0
2.04038e+06	0
2.04048e+06	0
2.04058e+06	0
2.04068e+06	0
2.04078e+06	0
2.04088e+06	0
2.04098e+06	0
2.04108e+06	0
2.04118e+06	0
2.04128e+06	0
2.04138e+06	0
2.04148e+06	0
2.04158e+06	0
2.04168e+06	0
2.04178e+06	0
2.04188e+06	0
2.04198e+06	0
2.04208e+06	0
2.04218e+06	0
2.04228e+06	0
2.04238e+06	0
2.04248e+06	0
2.04258e+06	0
2.04268e+06	0
2.04278e+06	0
2.04288e+06	0
2.04298e+06	0
2.04308e+06	0
2.04318e+06	0
2.04328e+06	0
2.04338e+06	0
2.04348e+06	0
2.04358e+06	0
2.04368e+06	0
2.04378e+06	0
2.04388e+06	0
2.04398e+06	0
2.04408e+06	0
2.04418e+06	0
2.04428e+06	0
2.04438e+06	0
2.04448e+06	0
2.04458e+06	0
2.04468e+06	0
2.04478e+06	0
2.04488e+06	0
2.04498e+06	0
2.04508e+06	0
2.04518e+06	0
2.04528e+06	0
2.04538e+06	0
2.04548e+06	0
2.04558e+06	0
2.04568e+06	0
2.04578e+06	0
2.04588e+06	0
2.04598e+06	0
2.04608e+06	0
2.04618e+06	0
2.04628e+06	0
2.04638e+06	0
2.04648e+06	0
2.04658e+06	0
2.04668e+06	0
2.04678e+06	0
2.04688e+06	0
2.04698e+06	0
2.04708e+06	0
2.04718e+06	0
2.04728e+06	0
2.04738e+06	0
2.04748e+06	0
2.04758e+06	0
2.04768e+06	0
2.04778e+06	0
2.04788e+06	0
2.04798e+06	0
2.04808e+06	0
2.04818e+06	0
2.04828e+06	0
2.04838e+06	0
2.04848e+06	0
2.04858e+06	0
2.04868e+06	0
2.04878e+06	0
2.04888e+06	0
2.04898e+06	0
2.04908e+06	0
2.04918e+06	0
2.04928e+06	0
2.04938e+06	0
2.04948e+06	0
2.04958e+06	0
2.04968e+06	0
2.04978e+06	0
2.04988e+06	0
2.04998e+06	0
2.05008e+06	0
2.05018e+06	0
2.05028e+06	0
2.05038e+06	0
2.05048e+06	0
2.05058e+06	0
2.05068e+06	0
2.05078e+06	0
2.05088e+06	0
2.05098e+06	0
2.05108e+06	0
2.05118e+06	0
2.05128e+06	0
2.05138e+06	0
2.05148e+06	0
2.05158e+06	0
2.05168e+06	0
2.05178e+06	0
2.05188e+06	0
2.05198e+06	0
2.05208e+06	0
2.05218e+06	0
2.05228e+06	0
2.05238e+06	0
2.05248e+06	0
2.05258e+06	0
2.05268e+06	0
2.05278e+06	0
2.05288e+06	0
2.05298e+06	0
2.05308e+06	0
2.05318e+06	0
2.05328e+06	0
2.05338e+06	0
2.05348e+06	0
2.05358e+06	0
2.05368e+06	0
2.05378e+06	0
2.05388e+06	0
2.05398e+06	0
2.05408e+06	0
2.05418e+06	0
2.05428e+06	0
2.05438e+06	0
2.05448e+06	0
2.05458e+06	0
2.05468e+06	0
2.05478e+06	0
2.05488e+06	0
2.05498e+06	0
2.05508e+06	0
2.05518e+06	0
2.05528e+06	0
2.05538e+06	0
2.05548e+06	0
2.05558e+06	0
2.05568e+06	0
2.05578e+06	0
2.05588e+06	0
2.05598e+06	0
2.05608e+06	0
2.05618e+06	0
2.05628e+06	0
2.05638e+06	0
2.05648e+06	0
2.05658e+06	0
2.05668e+06	0
2.05678e+06	0
2.05688e+06	0
2.05698e+06	0
2.05708e+06	0
2.05718e+06	0
2.05728e+06	0
2.05738e+06	0
2.05748e+06	0
2.05758e+06	0
2.05768e+06	0
2.05778e+06	0
2.05788e+06	0
2.05798e+06	0
2.05808e+06	0
2.05818e+06	0
2.05828e+06	0
2.05838e+06	0
2.05848e+06	0
2.05858e+06	0
2.05868e+06	0
2.05878e+06	0
2.05888e+06	0
2.05898e+06	0
2.05908e+06	0
2.05918e+06	0
2.05928e+06	0
2.05938e+06	0
2.05948e+06	0
2.05958e+06	0
2.05968e+06	0
2.05978e+06	0
2.05988e+06	0
2.05998e+06	0
2.06008e+06	0
2.06018e+06	0
2.06028e+06	0
2.06038e+06	0
2.06048e+06	0
2.06058e+06	0
2.06068e+06	0
2.06078e+06	0
2.06088e+06	0
2.06098e+06	0
2.06108e+06	0
2.06118e+06	0
2.06128e+06	0
2.06138e+06	0
2.06148e+06	0
2.06158e+06	0
2.06168e+06	0
2.06178e+06	0
2.06188e+06	0
2.06198e+06	0
2.06208e+06	0
2.06218e+06	0
2.06228e+06	0
2.06238e+06	0
2.06248e+06	0
2.06258e+06	0
2.06268e+06	0
2.06278e+06	0
2.06288e+06	0
2.06298e+06	0
2.06308e+06	0
2.06318e+06	0
2.06328e+06	0
2.06338e+06	0
2.06348e+06	0
2.06358e+06	0
2.06368e+06	0
2.06378e+06	0
2.06388e+06	0
2.06398e+06	0
2.06408e+06	0
2.06418e+06	0
2.06428e+06	0
2.06438e+06	0
2.06448e+06	0
2.06458e+06	0
2.06468e+06	0
2.06478e+06	0
2.06488e+06	0
2.06498e+06	0
2.06508e+06	0
2.06518e+06	0
2.06528e+06	0
2.06538e+06	0
2.06548e+06	0
2.06558e+06	0
2.06568e+06	0
2.06578e+06	0
2.06588e+06	0
2.06598e+06	0
2.06608e+06	0
2.06618e+06	0
2.06628e+06	0
2.06638e+06	0
2.06648e+06	0
2.06658e+06	0
2.06668e+06	0
2.06678e+06	0
2.06688e+06	0
2.06698e+06	0
2.06708e+06	0
2.06718e+06	0
2.06728e+06	0
2.06738e+06	0
2.06748e+06	0
2.06758e+06	0
2.06768e+06	0
2.06778e+06	0
2.06788e+06	0
2.06798e+06	0
2.06808e+06	0
2.06818e+06	0
2.06828e+06	0
2.06838e+06	0
2.06848e+06	0
2.06858e+06	0
2.06868e+06	0
2.06878e+06	0
2.06888e+06	0
2.06898e+06	0
2.06908e+06	0
2.06918e+06	0
2.06928e+06	0
2.06938e+06	0
2.06948e+06	0
2.06958e+06	0
2.06968e+06	0
2.06978e+06	0
2.06988e+06	0
2.06998e+06	0
2.07008e+06	0
2.07018e+06	0
2.07028e+06	0
2.07038e+06	0
2.07048e+06	0
2.07058e+06	0
2.07068e+06	0
2.07078e+06	0
2.07088e+06	0
2.07098e+06	0
2.07108e+06	0
2.07118e+06	0
2.07128e+06	0
2.07138e+06	0
2.07148e+06	0
2.07158e+06	0
2.07168e+06	0
2.07178e+06	0
2.07188e+06	0
2.07198e+06	0
2.07208e+06	0
2.07218e+06	0
2.07228e+06	0
2.07238e+06	0
2.07248e+06	0
2.07258e+06	0
2.07268e+06	0
2.07278e+06	0
2.07288e+06	0
2.07298e+06	0
2.07308e+06	0
2.07318e+06	0
2.07328e+06	0
2.07338e+06	0
2.07348e+06	0
2.07358e+06	0
2.07368e+06	0
2.07378e+06	0
2.07388e+06	0
2.07398e+06	0
2.07408e+06	0
2.07418e+06	0
2.07428e+06	0
2.07438e+06	0
2.07448e+06	0
2.07458e+06	0
2.07468e+06	0
2.07478e+06	0
2.07488e+06	0
2.07498e+06	0
2.07508e+06	0
2.07518e+06	0
2.07528e+06	0
2.07538e+06	0
2.07548e+06	0
2.07558e+06	0
2.07568e+06	0
2.07578e+06	0
2.07588e+06	0
2.07598e+06	0
2.07608e+06	0
2.07618e+06	0
2.07628e+06	0
2.07638e+06	0
2.07648e+06	0
2.07658e+06	0
2.07668e+06	0
2.07678e+06	0
2.07688e+06	0
2.07698e+06	0
2.07708e+06	0
2.07718e+06	0
2.07728e+06	0
2.07738e+06	0
2.07748e+06	0
2.07758e+06	0
2.07768e+06	0
2.07778e+06	0
2.07788e+06	0
2.07798e+06	0
2.07808e+06	0
2.07818e+06	0
2.07828e+06	0
2.07838e+06	0
2.07848e+06	0
2.07858e+06	0
2.07868e+06	0
2.07878e+06	0
2.07888e+06	0
2.07898e+06	0
2.07908e+06	0
2.07918e+06	0
2.07928e+06	0
2.07938e+06	0
2.07948e+06	0
2.07958e+06	0
2.07968e+06	0
2.07978e+06	0
2.07988e+06	0
2.07998e+06	0
2.08008e+06	0
2.08018e+06	0
2.08028e+06	0
2.08038e+06	0
2.08048e+06	0
2.08058e+06	0
2.08068e+06	0
2.08078e+06	0
2.08088e+06	0
2.08098e+06	0
2.08108e+06	0
2.08118e+06	0
2.08128e+06	0
2.08138e+06	0
2.08148e+06	0
2.08158e+06	0
2.08168e+06	0
2.08178e+06	0
2.08188e+06	0
2.08198e+06	0
2.08208e+06	0
2.08218e+06	0
2.08228e+06	0
2.08238e+06	0
2.08248e+06	0
2.08258e+06	0
2.08268e+06	0
2.08278e+06	0
2.08288e+06	0
2.08298e+06	0
2.08308e+06	0
2.08318e+06	0
2.08328e+06	0
2.08338e+06	0
2.08348e+06	0
2.08358e+06	0
2.08368e+06	0
2.08378e+06	0
2.08388e+06	0
2.08398e+06	0
2.08408e+06	0
2.08418e+06	0
2.08428e+06	0
2.08438e+06	0
2.08448e+06	0
2.08458e+06	0
2.08468e+06	0
2.08478e+06	0
2.08488e+06	0
2.08498e+06	0
2.08508e+06	0
2.08518e+06	0
2.08528e+06	0
2.08538e+06	0
2.08548e+06	0
2.08558e+06	0
2.08568e+06	0
2.08578e+06	0
2.08588e+06	0
2.08598e+06	0
2.08608e+06	0
2.08618e+06	0
2.08628e+06	0
2.08638e+06	0
2.08648e+06	0
2.08658e+06	0
2.08668e+06	0
2.08678e+06	0
2.08688e+06	0
2.08698e+06	0
2.08708e+06	0
2.08718e+06	0
2.08728e+06	0
2.08738e+06	0
2.08748e+06	0
2.08758e+06	0
2.08768e+06	0
2.08778e+06	0
2.08788e+06	0
2.08798e+06	0
2.08808e+06	0
2.08818e+06	0
2.08828e+06	0
2.08838e+06	0
2.08848e+06	0
2.08858e+06	0
2.08868e+06	0
2.08878e+06	0
2.08888e+06	0
2.08898e+06	0
2.08908e+06	0
2.08918e+06	0
2.08928e+06	0
2.08938e+06	0
2.08948e+06	0
2.08958e+06	0
2.08968e+06	0
2.08978e+06	0
2.08988e+06	0
2.08998e+06	0
2.09008e+06	0
2.09018e+06	0
2.09028e+06	0
2.09038e+06	0
2.09048e+06	0
2.09058e+06	0
2.09068e+06	0
2.09078e+06	0
2.09088e+06	0
2.09098e+06	0
2.09108e+06	0
2.09118e+06	0
2.09128e+06	0
2.09138e+06	0
2.09148e+06	0
2.09158e+06	0
2.09168e+06	0
2.09178e+06	0
2.09188e+06	0
2.09198e+06	0
2.09208e+06	0
2.09218e+06	0
2.09228e+06	0
2.09238e+06	0
2.09248e+06	0
2.09258e+06	0
2.09268e+06	0
2.09278e+06	0
2.09288e+06	0
2.09298e+06	0
2.09308e+06	0
2.09318e+06	0
2.09328e+06	0
2.09338e+06	0
2.09348e+06	0
2.09358e+06	0
2.09368e+06	0
2.09378e+06	0
2.09388e+06	0
2.09398e+06	0
2.09408e+06	0
2.09418e+06	0
2.09428e+06	0
2.09438e+06	0
2.09448e+06	0
2.09458e+06	0
2.09468e+06	0
2.09478e+06	0
2.09488e+06	0
2.09498e+06	0
2.09508e+06	0
2.09518e+06	0
2.09528e+06	0
2.09538e+06	0
2.09548e+06	0
2.09558e+06	0
2.09568e+06	0
2.09578e+06	0
2.09588e+06	0
2.09598e+06	0
2.09608e+06	0
2.09618e+06	0
2.09628e+06	0
2.09638e+06	0
2.09648e+06	0
2.09658e+06	0
2.09668e+06	0
2.09678e+06	0
2.09688e+06	0
2.09698e+06	0
2.09708e+06	0
2.09718e+06	0
2.09728e+06	0
2.09738e+06	0
2.09748e+06	0
2.09758e+06	0
2.09768e+06	0
2.09778e+06	0
2.09788e+06	0
2.09798e+06	0
2.09808e+06	0
2.09818e+06	0
2.09828e+06	0
2.09838e+06	0
2.09848e+06	0
2.09858e+06	0
2.09868e+06	0
2.09878e+06	0
2.09888e+06	0
2.09898e+06	0
2.09908e+06	0
2.09918e+06	0
2.09928e+06	0
2.09938e+06	0
2.09948e+06	0
2.09958e+06	0
2.09968e+06	0
2.09978e+06	0
2.09988e+06	0
2.09998e+06	0
2.10008e+06	0
2.10018e+06	0
2.10028e+06	0
2.10038e+06	0
2.10048e+06	0
2.10058e+06	0
2.10068e+06	0
2.10078e+06	0
2.10088e+06	0
2.10098e+06	0
2.10108e+06	0
2.10118e+06	0
2.10128e+06	0
2.10138e+06	0
2.10148e+06	0
2.10158e+06	0
2.10168e+06	0
2.10178e+06	0
2.10188e+06	0
2.10198e+06	0
2.10208e+06	0
2.10218e+06	0
2.10228e+06	0
2.10238e+06	0
2.10248e+06	0
2.10258e+06	0
2.10268e+06	0
2.10278e+06	0
2.10288e+06	0
2.10298e+06	0
2.10308e+06	0
2.10318e+06	0
2.10328e+06	0
2.10338e+06	0
2.10348e+06	0
2.10358e+06	0
2.10368e+06	0
2.10378e+06	0
2.10388e+06	0
2.10398e+06	0
2.10408e+06	0
2.10418e+06	0
2.10428e+06	0
2.10438e+06	0
2.10448e+06	0
2.10458e+06	0
2.10468e+06	0
2.10478e+06	0
2.10488e+06	0
2.10498e+06	0
2.10508e+06	0
2.10518e+06	0
2.10528e+06	0
2.10538e+06	0
2.10548e+06	0
2.10558e+06	0
2.10568e+06	0
2.10578e+06	0
2.10588e+06	0
2.10598e+06	0
2.10608e+06	0
2.10618e+06	0
2.10628e+06	0
2.10638e+06	0
2.10648e+06	0
2.10658e+06	0
2.10668e+06	0
2.10678e+06	0
2.10688e+06	0
2.10698e+06	0
2.10708e+06	0
2.10718e+06	0
2.10728e+06	0
2.10738e+06	0
2.10748e+06	0
2.10758e+06	0
2.10768e+06	0
2.10778e+06	0
2.10788e+06	0
2.10798e+06	0
2.10808e+06	0
2.10818e+06	0
2.10828e+06	0
2.10838e+06	0
2.10848e+06	0
2.10858e+06	0
2.10868e+06	0
2.10878e+06	0
2.10888e+06	0
2.10898e+06	0
2.10908e+06	0
2.10918e+06	0
2.10928e+06	0
2.10938e+06	0
2.10948e+06	0
2.10958e+06	0
2.10968e+06	0
2.10978e+06	0
2.10988e+06	0
2.10998e+06	0
2.11008e+06	0
2.11018e+06	0
2.11028e+06	0
2.11038e+06	0
2.11048e+06	0
2.11058e+06	0
2.11068e+06	0
2.11078e+06	0
2.11088e+06	0
2.11098e+06	0
2.11108e+06	0
2.11118e+06	0
2.11128e+06	0
2.11138e+06	0
2.11148e+06	0
2.11158e+06	0
2.11168e+06	0
2.11178e+06	0
2.11188e+06	0
2.11198e+06	0
2.11208e+06	0
2.11218e+06	0
2.11228e+06	0
2.11238e+06	0
2.11248e+06	0
2.11258e+06	0
2.11268e+06	0
2.11278e+06	0
2.11288e+06	0
2.11298e+06	0
2.11308e+06	0
2.11318e+06	0
2.11328e+06	0
2.11338e+06	0
2.11348e+06	0
2.11358e+06	0
2.11368e+06	0
2.11378e+06	0
2.11388e+06	0
2.11398e+06	0
2.11408e+06	0
2.11418e+06	0
2.11428e+06	0
2.11438e+06	0
2.11448e+06	0
2.11458e+06	0
2.11468e+06	0
2.11478e+06	0
2.11488e+06	0
2.11498e+06	0
2.11508e+06	0
2.11518e+06	0
2.11528e+06	0
2.11538e+06	0
2.11548e+06	0
2.11558e+06	0
2.11568e+06	0
2.11578e+06	0
2.11588e+06	0
2.11598e+06	0
2.11608e+06	0
2.11618e+06	0
2.11628e+06	0
2.11638e+06	0
2.11648e+06	0
2.11658e+06	0
2.11668e+06	0
2.11678e+06	0
2.11688e+06	0
2.11698e+06	0
2.11708e+06	0
2.11718e+06	0
2.11728e+06	0
2.11738e+06	0
2.11748e+06	0
2.11758e+06	0
2.11768e+06	0
2.11778e+06	0
2.11788e+06	0
2.11798e+06	0
2.11808e+06	0
2.11818e+06	0
2.11828e+06	0
2.11838e+06	0
2.11848e+06	0
2.11858e+06	0
2.11868e+06	0
2.11878e+06	0
2.11888e+06	0
2.11898e+06	0
2.11908e+06	0
2.11918e+06	0
2.11928e+06	0
2.11938e+06	0
2.11948e+06	0
2.11958e+06	0
2.11968e+06	0
2.11978e+06	0
2.11988e+06	0
2.11998e+06	0
2.12008e+06	0
2.12018e+06	0
2.12028e+06	0
2.12038e+06	0
2.12048e+06	0
2.12058e+06	0
2.12068e+06	0
2.12078e+06	0
2.12088e+06	0
2.12098e+06	0
2.12108e+06	0
2.12118e+06	0
2.12128e+06	0
2.12138e+06	0
2.12148e+06	0
2.12158e+06	0
2.12168e+06	0
2.12178e+06	0
2.12188e+06	0
2.12198e+06	0
2.12208e+06	0
2.12218e+06	0
2.12228e+06	0
2.12238e+06	0
2.12248e+06	0
2.12258e+06	0
2.12268e+06	0
2.12278e+06	0
2.12288e+06	0
2.12298e+06	0
2.12308e+06	0
2.12318e+06	0
2.12328e+06	0
2.12338e+06	0
2.12348e+06	0
2.12358e+06	0
2.12368e+06	0
2.12378e+06	0
2.12388e+06	0
2.12398e+06	0
2.12408e+06	0
2.12418e+06	0
2.12428e+06	0
2.12438e+06	0
2.12448e+06	0
2.12458e+06	0
2.12468e+06	0
2.12478e+06	0
2.12488e+06	0
2.12498e+06	0
2.12508e+06	0
2.12518e+06	0
2.12528e+06	0
2.12538e+06	0
2.12548e+06	0
2.12558e+06	0
2.12568e+06	0
2.12578e+06	0
2.12588e+06	0
2.12598e+06	0
2.12608e+06	0
2.12618e+06	0
2.12628e+06	0
2.12638e+06	0
2.12648e+06	0
2.12658e+06	0
2.12668e+06	0
2.12678e+06	0
2.12688e+06	0
2.12698e+06	0
2.12708e+06	0
2.12718e+06	0
2.12728e+06	0
2.12738e+06	0
2.12748e+06	0
2.12758e+06	0
2.12768e+06	0
2.12778e+06	0
2.12788e+06	0
2.12798e+06	0
2.12808e+06	0
2.12818e+06	0
2.12828e+06	0
2.12838e+06	0
2.12848e+06	0
2.12858e+06	0
2.12868e+06	0
2.12878e+06	0
2.12888e+06	0
2.12898e+06	0
2.12908e+06	0
2.12918e+06	0
2.12928e+06	0
2.12938e+06	0
2.12948e+06	0
2.12958e+06	0
2.12968e+06	0
2.12978e+06	0
2.12988e+06	0
2.12998e+06	0
2.13008e+06	0
2.13018e+06	0
2.13028e+06	0
2.13038e+06	0
2.13048e+06	0
2.13058e+06	0
2.13068e+06	0
2.13078e+06	0
2.13088e+06	0
2.13098e+06	0
2.13108e+06	0
2.13118e+06	0
2.13128e+06	0
2.13138e+06	0
2.13148e+06	0
2.13158e+06	0
2.13168e+06	0
2.13178e+06	0
2.13188e+06	0
2.13198e+06	0
2.13208e+06	0
2.13218e+06	0
2.13228e+06	0
2.13238e+06	0
2.13248e+06	0
2.13258e+06	0
2.13268e+06	0
2.13278e+06	0
2.13288e+06	0
2.13298e+06	0
2.13308e+06	0
2.13318e+06	0
2.13328e+06	0
2.13338e+06	0
2.13348e+06	0
2.13358e+06	0
2.13368e+06	0
2.13378e+06	0
2.13388e+06	0
2.13398e+06	0
2.13408e+06	0
2.13418e+06	0
2.13428e+06	0
2.13438e+06	0
2.13448e+06	0
2.13458e+06	0
2.13468e+06	0
2.13478e+06	0
2.13488e+06	0
2.13498e+06	0
2.13508e+06	0
2.13518e+06	0
2.13528e+06	0
2.13538e+06	0
2.13548e+06	0
2.13558e+06	0
2.13568e+06	0
2.13578e+06	0
2.13588e+06	0
2.13598e+06	0
2.13608e+06	0
2.13618e+06	0
2.13628e+06	0
2.13638e+06	0
2.13648e+06	0
2.13658e+06	0
2.13668e+06	0
2.13678e+06	0
2.13688e+06	0
2.13698e+06	0
2.13708e+06	0
2.13718e+06	0
2.13728e+06	0
2.13738e+06	0
2.13748e+06	0
2.13758e+06	0
2.13768e+06	0
2.13778e+06	0
2.13788e+06	0
2.13798e+06	0
2.13808e+06	0
2.13818e+06	0
2.13828e+06	0
2.13838e+06	0
2.13848e+06	0
2.13858e+06	0
2.13868e+06	0
2.13878e+06	0
2.13888e+06	0
2.13898e+06	0
2.13908e+06	0
2.13918e+06	0
2.13928e+06	0
2.13938e+06	0
2.13948e+06	0
2.13958e+06	0
2.13968e+06	0
2.13978e+06	0
2.13988e+06	0
2.13998e+06	0
2.14008e+06	0
2.14018e+06	0
2.14028e+06	0
2.14038e+06	0
2.14048e+06	0
2.14058e+06	0
2.14068e+06	0
2.14078e+06	0
2.14088e+06	0
2.14098e+06	0
2.14108e+06	0
2.14118e+06	0
2.14128e+06	0
2.14138e+06	0
2.14148e+06	0
2.14158e+06	0
2.14168e+06	0
2.14178e+06	0
2.14188e+06	0
2.14198e+06	0
2.14208e+06	0
2.14218e+06	0
2.14228e+06	0
2.14238e+06	0
2.14248e+06	0
2.14258e+06	0
2.14268e+06	0
2.14278e+06	0
2.14288e+06	0
2.14298e+06	0
2.14308e+06	0
2.14318e+06	0
2.14328e+06	0
2.14338e+06	0
2.14348e+06	0
2.14358e+06	0
2.14368e+06	0
2.14378e+06	0
2.14388e+06	0
2.14398e+06	0
2.14408e+06	0
2.14418e+06	0
2.14428e+06	0
2.14438e+06	0
2.14448e+06	0
2.14458e+06	0
2.14468e+06	0
2.14478e+06	0
2.14488e+06	0
2.14498e+06	0
2.14508e+06	0
2.14518e+06	0
2.14528e+06	0
2.14538e+06	0
2.14548e+06	0
2.14558e+06	0
2.14568e+06	0
2.14578e+06	0
2.14588e+06	0
2.14598e+06	0
2.14608e+06	0
2.14618e+06	0
2.14628e+06	0
2.14638e+06	0
2.14648e+06	0
2.14658e+06	0
2.14668e+06	0
2.14678e+06	0
2.14688e+06	0
2.14698e+06	0
2.14708e+06	0
2.14718e+06	0
2.14728e+06	0
2.14738e+06	0
2.14748e+06	0
2.14758e+06	0
2.14768e+06	0
2.14778e+06	0
2.14788e+06	0
2.14798e+06	0
2.14808e+06	0
2.14818e+06	0
2.14828e+06	0
2.14838e+06	0
2.14848e+06	0
2.14858e+06	0
2.14868e+06	0
2.14878e+06	0
2.14888e+06	0
2.14898e+06	0
2.14908e+06	0
2.14918e+06	0
2.14928e+06	0
2.14938e+06	0
2.14948e+06	0
2.14958e+06	0
2.14968e+06	0
2.14978e+06	0
2.14988e+06	0
2.14998e+06	0
2.15008e+06	0
2.15018e+06	0
2.15028e+06	0
2.15038e+06	0
2.15048e+06	0
2.15058e+06	0
2.15068e+06	0
2.15078e+06	0
2.15088e+06	0
2.15098e+06	0
2.15108e+06	0
2.15118e+06	0
2.15128e+06	0
2.15138e+06	0
2.15148e+06	0
2.15158e+06	0
2.15168e+06	0
2.15178e+06	0
2.15188e+06	0
2.15198e+06	0
2.15208e+06	0
2.15218e+06	0
2.15228e+06	0
2.15238e+06	0
2.15248e+06	0
2.15258e+06	0
2.15268e+06	0
2.15278e+06	0
2.15288e+06	0
2.15298e+06	0
2.15308e+06	0
2.15318e+06	0
2.15328e+06	0
2.15338e+06	0
2.15348e+06	0
2.15358e+06	0
2.15368e+06	0
2.15378e+06	0
2.15388e+06	0
2.15398e+06	0
2.15408e+06	0
2.15418e+06	0
2.15428e+06	0
2.15438e+06	0
2.15448e+06	0
2.15458e+06	0
2.15468e+06	0
2.15478e+06	0
2.15488e+06	0
2.15498e+06	0
2.15508e+06	0
2.15518e+06	0
2.15528e+06	0
2.15538e+06	0
2.15548e+06	0
2.15558e+06	0
2.15568e+06	0
2.15578e+06	0
2.15588e+06	0
2.15598e+06	0
2.15608e+06	0
2.15618e+06	0
2.15628e+06	0
2.15638e+06	0
2.15648e+06	0
2.15658e+06	0
2.15668e+06	0
2.15678e+06	0
2.15688e+06	0
2.15698e+06	0
2.15708e+06	0
2.15718e+06	0
2.15728e+06	0
2.15738e+06	0
2.15748e+06	0
2.15758e+06	0
2.15768e+06	0
2.15778e+06	0
2.15788e+06	0
2.15798e+06	0
2.15808e+06	0
2.15818e+06	0
2.15828e+06	0
2.15838e+06	0
2.15848e+06	0
2.15858e+06	0
2.15868e+06	0
2.15878e+06	0
2.15888e+06	0
2.15898e+06	0
2.15908e+06	0
2.15918e+06	0
2.15928e+06	0
2.15938e+06	0
2.15948e+06	0
2.15958e+06	0
2.15968e+06	0
2.15978e+06	0
2.15988e+06	0
2.15998e+06	0
2.16008e+06	0
2.16018e+06	0
2.16028e+06	0
2.16038e+06	0
2.16048e+06	0
2.16058e+06	0
2.16068e+06	0
2.16078e+06	0
2.16088e+06	0
2.16098e+06	0
2.16108e+06	0
2.16118e+06	0
2.16128e+06	0
2.16138e+06	0
2.16148e+06	0
2.16158e+06	0
2.16168e+06	0
2.16178e+06	0
2.16188e+06	0
2.16198e+06	0
2.16208e+06	0
2.16218e+06	0
2.16228e+06	0
2.16238e+06	0
2.16248e+06	0
2.16258e+06	0
2.16268e+06	0
2.16278e+06	0
2.16288e+06	0
2.16298e+06	0
2.16308e+06	0
2.16318e+06	0
2.16328e+06	0
2.16338e+06	0
2.16348e+06	0
2.16358e+06	0
2.16368e+06	0
2.16378e+06	0
2.16388e+06	0
2.16398e+06	0
2.16408e+06	0
2.16418e+06	0
2.16428e+06	0
2.16438e+06	0
2.16448e+06	0
2.16458e+06	0
2.16468e+06	0
2.16478e+06	0
2.16488e+06	0
2.16498e+06	0
2.16508e+06	0
2.16518e+06	0
2.16528e+06	0
2.16538e+06	0
2.16548e+06	0
2.16558e+06	0
2.16568e+06	0
2.16578e+06	0
2.16588e+06	0
2.16598e+06	0
2.16608e+06	0
2.16618e+06	0
2.16628e+06	0
2.16638e+06	0
2.16648e+06	0
2.16658e+06	0
2.16668e+06	0
2.16678e+06	0
2.16688e+06	0
2.16698e+06	0
2.16708e+06	0
2.16718e+06	0
2.16728e+06	0
2.16738e+06	0
2.16748e+06	0
2.16758e+06	0
2.16768e+06	0
2.16778e+06	0
2.16788e+06	0
2.16798e+06	0
2.16808e+06	0
2.16818e+06	0
2.16828e+06	0
2.16838e+06	0
2.16848e+06	0
2.16858e+06	0
2.16868e+06	0
2.16878e+06	0
2.16888e+06	0
2.16898e+06	0
2.16908e+06	0
2.16918e+06	0
2.16928e+06	0
2.16938e+06	0
2.16948e+06	0
2.16958e+06	0
2.16968e+06	0
2.16978e+06	0
2.16988e+06	0
2.16998e+06	0
2.17008e+06	0
2.17018e+06	0
2.17028e+06	0
2.17038e+06	0
2.17048e+06	0
2.17058e+06	0
2.17068e+06	0
2.17078e+06	0
2.17088e+06	0
2.17098e+06	0
2.17108e+06	0
2.17118e+06	0
2.17128e+06	0
2.17138e+06	0
2.17148e+06	0
2.17158e+06	0
2.17168e+06	0
2.17178e+06	0
2.17188e+06	0
2.17198e+06	0
2.17208e+06	0
2.17218e+06	0
2.17228e+06	0
2.17238e+06	0
2.17248e+06	0
2.17258e+06	0
2.17268e+06	0
2.17278e+06	0
2.17288e+06	0
2.17298e+06	0
2.17308e+06	0
2.17318e+06	0
2.17328e+06	0
2.17338e+06	0
2.17348e+06	0
2.17358e+06	0
2.17368e+06	0
2.17378e+06	0
2.17388e+06	0
2.17398e+06	0
2.17408e+06	0
2.17418e+06	0
2.17428e+06	0
2.17438e+06	0
2.17448e+06	0
2.17458e+06	0
2.17468e+06	0
2.17478e+06	0
2.17488e+06	0
2.17498e+06	0
2.17508e+06	0
2.17518e+06	0
2.17528e+06	0
2.17538e+06	0
2.17548e+06	0
2.17558e+06	0
2.17568e+06	0
2.17578e+06	0
2.17588e+06	0
2.17598e+06	0
2.17608e+06	0
2.17618e+06	0
2.17628e+06	0
2.17638e+06	0
2.17648e+06	0
2.17658e+06	0
2.17668e+06	0
2.17678e+06	0
2.17688e+06	0
2.17698e+06	0
2.17708e+06	0
2.17718e+06	0
2.17728e+06	0
2.17738e+06	0
2.17748e+06	0
2.17758e+06	0
2.17768e+06	0
2.17778e+06	0
2.17788e+06	0
2.17798e+06	0
2.17808e+06	0
2.17818e+06	0
2.17828e+06	0
2.17838e+06	0
2.17848e+06	0
2.17858e+06	0
2.17868e+06	0
2.17878e+06	0
2.17888e+06	0
2.17898e+06	0
2.17908e+06	0
2.17918e+06	0
2.17928e+06	0
2.17938e+06	0
2.17948e+06	0
2.17958e+06	0
2.17968e+06	0
2.17978e+06	0
2.17988e+06	0
2.17998e+06	0
2.18008e+06	0
2.18018e+06	0
2.18028e+06	0
2.18038e+06	0
2.18048e+06	0
2.18058e+06	0
2.18068e+06	0
2.18078e+06	0
2.18088e+06	0
2.18098e+06	0
2.18108e+06	0
2.18118e+06	0
2.18128e+06	0
2.18138e+06	0
2.18148e+06	0
2.18158e+06	0
2.18168e+06	0
2.18178e+06	0
2.18188e+06	0
2.18198e+06	0
2.18208e+06	0
2.18218e+06	0
2.18228e+06	0
2.18238e+06	0
2.18248e+06	0
2.18258e+06	0
2.18268e+06	0
2.18278e+06	0
2.18288e+06	0
2.18298e+06	0
2.18308e+06	0
2.18318e+06	0
2.18328e+06	0
2.18338e+06	0
2.18348e+06	0
2.18358e+06	0
2.18368e+06	0
2.18378e+06	0
2.18388e+06	0
2.18398e+06	0
2.18408e+06	0
2.18418e+06	0
2.18428e+06	0
2.18438e+06	0
2.18448e+06	0
2.18458e+06	0
2.18468e+06	0
2.18478e+06	0
2.18488e+06	0
2.18498e+06	0
2.18508e+06	0
2.18518e+06	0
2.18528e+06	0
2.18538e+06	0
2.18548e+06	0
2.18558e+06	0
2.18568e+06	0
2.18578e+06	0
2.18588e+06	0
2.18598e+06	0
2.18608e+06	0
2.18618e+06	0
2.18628e+06	0
2.18638e+06	0
2.18648e+06	0
2.18658e+06	0
2.18668e+06	0
2.18678e+06	0
2.18688e+06	0
2.18698e+06	0
2.18708e+06	0
2.18718e+06	0
2.18728e+06	0
2.18738e+06	0
2.18748e+06	0
2.18758e+06	0
2.18768e+06	0
2.18778e+06	0
2.18788e+06	0
2.18798e+06	0
2.18808e+06	0
2.18818e+06	0
2.18828e+06	0
2.18838e+06	0
2.18848e+06	0
2.18858e+06	0
2.18868e+06	0
2.18878e+06	0
2.18888e+06	0
2.18898e+06	0
2.18908e+06	0
2.18918e+06	0
2.18928e+06	0
2.18938e+06	0
2.18948e+06	0
2.18958e+06	0
2.18968e+06	0
2.18978e+06	0
2.18988e+06	0
2.18998e+06	0
2.19008e+06	0
2.19018e+06	0
2.19028e+06	0
2.19038e+06	0
2.19048e+06	0
2.19058e+06	0
2.19068e+06	0
2.19078e+06	0
2.19088e+06	0
2.19098e+06	0
2.19108e+06	0
2.19118e+06	0
2.19128e+06	0
2.19138e+06	0
2.19148e+06	0
2.19158e+06	0
2.19168e+06	0
2.19178e+06	0
2.19188e+06	0
2.19198e+06	0
2.19208e+06	0
2.19218e+06	0
2.19228e+06	0
2.19238e+06	0
2.19248e+06	0
2.19258e+06	0
2.19268e+06	0
2.19278e+06	0
2.19288e+06	0
2.19298e+06	0
2.19308e+06	0
2.19318e+06	0
2.19328e+06	0
2.19338e+06	0
2.19348e+06	0
2.19358e+06	0
2.19368e+06	0
2.19378e+06	0
2.19388e+06	0
2.19398e+06	0
2.19408e+06	0
2.19418e+06	0
2.19428e+06	0
2.19438e+06	0
2.19448e+06	0
2.19458e+06	0
2.19468e+06	0
2.19478e+06	0
2.19488e+06	0
2.19498e+06	0
2.19508e+06	0
2.19518e+06	0
2.19528e+06	0
2.19538e+06	0
2.19548e+06	0
2.19558e+06	0
2.19568e+06	0
2.19578e+06	0
2.19588e+06	0
2.19598e+06	0
2.19608e+06	0
2.19618e+06	0
2.19628e+06	0
2.19638e+06	0
2.19648e+06	0
2.19658e+06	0
2.19668e+06	0
2.19678e+06	0
2.19688e+06	0
2.19698e+06	0
2.19708e+06	0
2.19718e+06	0
2.19728e+06	0
2.19738e+06	0
2.19748e+06	0
2.19758e+06	0
2.19768e+06	0
2.19778e+06	0
2.19788e+06	0
2.19798e+06	0
2.19808e+06	0
2.19818e+06	0
2.19828e+06	0
2.19838e+06	0
2.19848e+06	0
2.19858e+06	0
2.19868e+06	0
2.19878e+06	0
2.19888e+06	0
2.19898e+06	0
2.19908e+06	0
2.19918e+06	0
2.19928e+06	0
2.19938e+06	0
2.19948e+06	0
2.19958e+06	0
2.19968e+06	0
2.19978e+06	0
2.19988e+06	0
2.19998e+06	0
2.20008e+06	0
2.20018e+06	0
2.20028e+06	0
2.20038e+06	0
2.20048e+06	0
2.20058e+06	0
2.20068e+06	0
2.20078e+06	0
2.20088e+06	0
2.20098e+06	0
2.20108e+06	0
2.20118e+06	0
2.20128e+06	0
2.20138e+06	0
2.20148e+06	0
2.20158e+06	0
2.20168e+06	0
2.20178e+06	0
2.20188e+06	0
2.20198e+06	0
2.20208e+06	0
2.20218e+06	0
2.20228e+06	0
2.20238e+06	0
2.20248e+06	0
2.20258e+06	0
2.20268e+06	0
2.20278e+06	0
2.20288e+06	0
2.20298e+06	0
2.20308e+06	0
2.20318e+06	0
2.20328e+06	0
2.20338e+06	0
2.20348e+06	0
2.20358e+06	0
2.20368e+06	0
2.20378e+06	0
2.20388e+06	0
2.20398e+06	0
2.20408e+06	0
2.20418e+06	0
2.20428e+06	0
2.20438e+06	0
2.20448e+06	0
2.20458e+06	0
2.20468e+06	0
2.20478e+06	0
2.20488e+06	0
2.20498e+06	0
2.20508e+06	0
2.20518e+06	0
2.20528e+06	0
2.20538e+06	0
2.20548e+06	0
2.20558e+06	0
2.20568e+06	0
2.20578e+06	0
2.20588e+06	0
2.20598e+06	0
2.20608e+06	0
2.20618e+06	0
2.20628e+06	0
2.20638e+06	0
2.20648e+06	0
2.20658e+06	0
2.20668e+06	0
2.20678e+06	0
2.20688e+06	0
2.20698e+06	0
2.20708e+06	0
2.20718e+06	0
2.20728e+06	0
2.20738e+06	0
2.20748e+06	0
2.20758e+06	0
2.20768e+06	0
2.20778e+06	0
2.20788e+06	0
2.20798e+06	0
2.20808e+06	0
2.20818e+06	0
2.20828e+06	0
2.20838e+06	0
2.20848e+06	0
2.20858e+06	0
2.20868e+06	0
2.20878e+06	0
2.20888e+06	0
2.20898e+06	0
2.20908e+06	0
2.20918e+06	0
2.20928e+06	0
2.20938e+06	0
2.20948e+06	0
2.20958e+06	0
2.20968e+06	0
2.20978e+06	0
2.20988e+06	0
2.20998e+06	0
2.21008e+06	0
2.21018e+06	0
2.21028e+06	0
2.21038e+06	0
2.21048e+06	0
2.21058e+06	0
2.21068e+06	0
2.21078e+06	0
2.21088e+06	0
2.21098e+06	0
2.21108e+06	0
2.21118e+06	0
2.21128e+06	0
2.21138e+06	0
2.21148e+06	0
2.21158e+06	0
2.21168e+06	0
2.21178e+06	0
2.21188e+06	0
2.21198e+06	0
2.21208e+06	0
2.21218e+06	0
2.21228e+06	0
2.21238e+06	0
2.21248e+06	0
2.21258e+06	0
2.21268e+06	0
2.21278e+06	0
2.21288e+06	0
2.21298e+06	0
2.21308e+06	0
2.21318e+06	0
2.21328e+06	0
2.21338e+06	0
2.21348e+06	0
2.21358e+06	0
2.21368e+06	0
2.21378e+06	0
2.21388e+06	0
2.21398e+06	0
2.21408e+06	0
2.21418e+06	0
2.21428e+06	0
2.21438e+06	0
2.21448e+06	0
2.21458e+06	0
2.21468e+06	0
2.21478e+06	0
2.21488e+06	0
2.21498e+06	0
2.21508e+06	0
2.21518e+06	0
2.21528e+06	0
2.21538e+06	0
2.21548e+06	0
2.21558e+06	0
2.21568e+06	0
2.21578e+06	0
2.21588e+06	0
2.21598e+06	0
2.21608e+06	0
2.21618e+06	0
2.21628e+06	0
2.21638e+06	0
2.21648e+06	0
2.21658e+06	0
2.21668e+06	0
2.21678e+06	0
2.21688e+06	0
2.21698e+06	0
2.21708e+06	0
2.21718e+06	0
2.21728e+06	0
2.21738e+06	0
2.21748e+06	0
2.21758e+06	0
2.21768e+06	0
2.21778e+06	0
2.21788e+06	0
2.21798e+06	0
2.21808e+06	0
2.21818e+06	0
2.21828e+06	0
2.21838e+06	0
2.21848e+06	0
2.21858e+06	0
2.21868e+06	0
2.21878e+06	0
2.21888e+06	0
2.21898e+06	0
2.21908e+06	0
2.21918e+06	0
2.21928e+06	0
2.21938e+06	0
2.21948e+06	0
2.21958e+06	0
2.21968e+06	0
2.21978e+06	0
2.21988e+06	0
2.21998e+06	0
2.22008e+06	0
2.22018e+06	0
2.22028e+06	0
2.22038e+06	0
2.22048e+06	0
2.22058e+06	0
2.22068e+06	0
2.22078e+06	0
2.22088e+06	0
2.22098e+06	0
2.22108e+06	0
2.22118e+06	0
2.22128e+06	0
2.22138e+06	0
2.22148e+06	0
2.22158e+06	0
2.22168e+06	0
2.22178e+06	0
2.22188e+06	0
2.22198e+06	0
2.22208e+06	0
2.22218e+06	0
2.22228e+06	0
2.22238e+06	0
2.22248e+06	0
2.22258e+06	0
2.22268e+06	0
2.22278e+06	0
2.22288e+06	0
2.22298e+06	0
2.22308e+06	0
2.22318e+06	0
2.22328e+06	0
2.22338e+06	0
2.22348e+06	0
2.22358e+06	0
2.22368e+06	0
2.22378e+06	0
2.22388e+06	0
2.22398e+06	0
2.22408e+06	0
2.22418e+06	0
2.22428e+06	0
2.22438e+06	0
2.22448e+06	0
2.22458e+06	0
2.22468e+06	0
2.22478e+06	0
2.22488e+06	0
2.22498e+06	0
2.22508e+06	0
2.22518e+06	0
2.22528e+06	0
2.22538e+06	0
2.22548e+06	0
2.22558e+06	0
2.22568e+06	0
2.22578e+06	0
2.22588e+06	0
2.22598e+06	0
2.22608e+06	0
2.22618e+06	0
2.22628e+06	0
2.22638e+06	0
2.22648e+06	0
2.22658e+06	0
2.22668e+06	0
2.22678e+06	0
2.22688e+06	0
2.22698e+06	0
2.22708e+06	0
2.22718e+06	0
2.22728e+06	0
2.22738e+06	0
2.22748e+06	0
2.22758e+06	0
2.22768e+06	0
2.22778e+06	0
2.22788e+06	0
2.22798e+06	0
2.22808e+06	0
2.22818e+06	0
2.22828e+06	0
2.22838e+06	0
2.22848e+06	0
2.22858e+06	0
2.22868e+06	0
2.22878e+06	0
2.22888e+06	0
2.22898e+06	0
2.22908e+06	0
2.22918e+06	0
2.22928e+06	0
2.22938e+06	0
2.22948e+06	0
2.22958e+06	0
2.22968e+06	0
2.22978e+06	0
2.22988e+06	0
2.22998e+06	0
2.23008e+06	0
2.23018e+06	0
2.23028e+06	0
2.23038e+06	0
2.23048e+06	0
2.23058e+06	0
2.23068e+06	0
2.23078e+06	0
2.23088e+06	0
2.23098e+06	0
2.23108e+06	0
2.23118e+06	0
2.23128e+06	0
2.23138e+06	0
2.23148e+06	0
2.23158e+06	0
2.23168e+06	0
2.23178e+06	0
2.23188e+06	0
2.23198e+06	0
2.23208e+06	0
2.23218e+06	0
2.23228e+06	0
2.23238e+06	0
2.23248e+06	0
2.23258e+06	0
2.23268e+06	0
2.23278e+06	0
2.23288e+06	0
2.23298e+06	0
2.23308e+06	0
2.23318e+06	0
2.23328e+06	0
2.23338e+06	0
2.23348e+06	0
2.23358e+06	0
2.23368e+06	0
2.23378e+06	0
2.23388e+06	0
2.23398e+06	0
2.23408e+06	0
2.23418e+06	0
2.23428e+06	0
2.23438e+06	0
2.23448e+06	0
2.23458e+06	0
2.23468e+06	0
2.23478e+06	0
2.23488e+06	0
2.23498e+06	0
2.23508e+06	0
2.23518e+06	0
2.23528e+06	0
2.23538e+06	0
2.23548e+06	0
2.23558e+06	0
2.23568e+06	0
2.23578e+06	0
2.23588e+06	0
2.23598e+06	0
2.23608e+06	0
2.23618e+06	0
2.23628e+06	0
2.23638e+06	0
2.23648e+06	0
2.23658e+06	0
2.23668e+06	0
2.23678e+06	0
2.23688e+06	0
2.23698e+06	0
2.23708e+06	0
2.23718e+06	0
2.23728e+06	0
2.23738e+06	0
2.23748e+06	0
2.23758e+06	0
2.23768e+06	0
2.23778e+06	0
2.23788e+06	0
2.23798e+06	0
2.23808e+06	0
2.23818e+06	0
2.23828e+06	0
2.23838e+06	0
2.23848e+06	0
2.23858e+06	0
2.23868e+06	0
2.23878e+06	0
2.23888e+06	0
2.23898e+06	0
2.23908e+06	0
2.23918e+06	0
2.23928e+06	0
2.23938e+06	0
2.23948e+06	0
2.23958e+06	0
2.23968e+06	0
2.23978e+06	0
2.23988e+06	0
2.23998e+06	0
2.24008e+06	0
2.24018e+06	0
2.24028e+06	0
2.24038e+06	0
2.24048e+06	0
2.24058e+06	0
2.24068e+06	0
2.24078e+06	0
2.24088e+06	0
2.24098e+06	0
2.24108e+06	0
2.24118e+06	0
2.24128e+06	0
2.24138e+06	0
2.24148e+06	0
2.24158e+06	0
2.24168e+06	0
2.24178e+06	0
2.24188e+06	0
2.24198e+06	0
2.24208e+06	0
2.24218e+06	0
2.24228e+06	0
2.24238e+06	0
2.24248e+06	0
2.24258e+06	0
2.24268e+06	0
2.24278e+06	0
2.24288e+06	0
2.24298e+06	0
2.24308e+06	0
2.24318e+06	0
2.24328e+06	0
2.24338e+06	0
2.24348e+06	0
2.24358e+06	0
2.24368e+06	0
2.24378e+06	0
2.24388e+06	0
2.24398e+06	0
2.24408e+06	0
2.24418e+06	0
2.24428e+06	0
2.24438e+06	0
2.24448e+06	0
2.24458e+06	0
2.24468e+06	0
2.24478e+06	0
2.24488e+06	0
2.24498e+06	0
2.24508e+06	0
2.24518e+06	0
2.24528e+06	0
2.24538e+06	0
2.24548e+06	0
2.24558e+06	0
2.24568e+06	0
2.24578e+06	0
2.24588e+06	0
2.24598e+06	0
2.24608e+06	0
2.24618e+06	0
2.24628e+06	0
2.24638e+06	0
2.24648e+06	0
2.24658e+06	0
2.24668e+06	0
2.24678e+06	0
2.24688e+06	0
2.24698e+06	0
2.24708e+06	0
2.24718e+06	0
2.24728e+06	0
2.24738e+06	0
2.24748e+06	0
2.24758e+06	0
2.24768e+06	0
2.24778e+06	0
2.24788e+06	0
2.24798e+06	0
2.24808e+06	0
2.24818e+06	0
2.24828e+06	0
2.24838e+06	0
2.24848e+06	0
2.24858e+06	0
2.24868e+06	0
2.24878e+06	0
2.24888e+06	0
2.24898e+06	0
2.24908e+06	0
2.24918e+06	0
2.24928e+06	0
2.24938e+06	0
2.24948e+06	0
2.24958e+06	0
2.24968e+06	0
2.24978e+06	0
2.24988e+06	0
2.24998e+06	0
2.25008e+06	0
2.25018e+06	0
2.25028e+06	0
2.25038e+06	0
2.25048e+06	0
2.25058e+06	0
2.25068e+06	0
2.25078e+06	0
2.25088e+06	0
2.25098e+06	0
2.25108e+06	0
2.25118e+06	0
2.25128e+06	0
2.25138e+06	0
2.25148e+06	0
2.25158e+06	0
2.25168e+06	0
2.25178e+06	0
2.25188e+06	0
2.25198e+06	0
2.25208e+06	0
2.25218e+06	0
2.25228e+06	0
2.25238e+06	0
2.25248e+06	0
2.25258e+06	0
2.25268e+06	0
2.25278e+06	0
2.25288e+06	0
2.25298e+06	0
2.25308e+06	0
2.25318e+06	0
2.25328e+06	0
2.25338e+06	0
2.25348e+06	0
2.25358e+06	0
2.25368e+06	0
2.25378e+06	0
2.25388e+06	0
2.25398e+06	0
2.25408e+06	0
2.25418e+06	0
2.25428e+06	0
2.25438e+06	0
2.25448e+06	0
2.25458e+06	0
2.25468e+06	0
2.25478e+06	0
2.25488e+06	0
2.25498e+06	0
2.25508e+06	0
2.25518e+06	0
2.25528e+06	0
2.25538e+06	0
2.25548e+06	0
2.25558e+06	0
2.25568e+06	0
2.25578e+06	0
2.25588e+06	0
2.25598e+06	0
2.25608e+06	0
2.25618e+06	0
2.25628e+06	0
2.25638e+06	0
2.25648e+06	0
2.25658e+06	0
2.25668e+06	0
2.25678e+06	0
2.25688e+06	0
2.25698e+06	0
2.25708e+06	0
2.25718e+06	0
2.25728e+06	0
2.25738e+06	0
2.25748e+06	0
2.25758e+06	0
2.25768e+06	0
2.25778e+06	0
2.25788e+06	0
2.25798e+06	0
2.25808e+06	0
2.25818e+06	0
2.25828e+06	0
2.25838e+06	0
2.25848e+06	0
2.25858e+06	0
2.25868e+06	0
2.25878e+06	0
2.25888e+06	0
2.25898e+06	0
2.25908e+06	0
2.25918e+06	0
2.25928e+06	0
2.25938e+06	0
2.25948e+06	0
2.25958e+06	0
2.25968e+06	0
2.25978e+06	0
2.25988e+06	0
2.25998e+06	0
2.26008e+06	0
2.26018e+06	0
2.26028e+06	0
2.26038e+06	0
2.26048e+06	0
2.26058e+06	0
2.26068e+06	0
2.26078e+06	0
2.26088e+06	0
2.26098e+06	0
2.26108e+06	0
2.26118e+06	0
2.26128e+06	0
2.26138e+06	0
2.26148e+06	0
2.26158e+06	0
2.26168e+06	0
2.26178e+06	0
2.26188e+06	0
2.26198e+06	0
2.26208e+06	0
2.26218e+06	0
2.26228e+06	0
2.26238e+06	0
2.26248e+06	0
2.26258e+06	0
2.26268e+06	0
2.26278e+06	0
2.26288e+06	0
2.26298e+06	0
2.26308e+06	0
2.26318e+06	0
2.26328e+06	0
2.26338e+06	0
2.26348e+06	0
2.26358e+06	0
2.26368e+06	0
2.26378e+06	0
2.26388e+06	0
2.26398e+06	0
2.26408e+06	0
2.26418e+06	0
2.26428e+06	0
2.26438e+06	0
2.26448e+06	0
2.26458e+06	0
2.26468e+06	0
2.26478e+06	0
2.26488e+06	0
2.26498e+06	0
2.26508e+06	0
2.26518e+06	0
2.26528e+06	0
2.26538e+06	0
2.26548e+06	0
2.26558e+06	0
2.26568e+06	0
2.26578e+06	0
2.26588e+06	0
2.26598e+06	0
2.26608e+06	0
2.26618e+06	0
2.26628e+06	0
2.26638e+06	0
2.26648e+06	0
2.26658e+06	0
2.26668e+06	0
2.26678e+06	0
2.26688e+06	0
2.26698e+06	0
2.26708e+06	0
2.26718e+06	0
2.26728e+06	0
2.26738e+06	0
2.26748e+06	0
2.26758e+06	0
2.26768e+06	0
2.26778e+06	0
2.26788e+06	0
2.26798e+06	0
2.26808e+06	0
2.26818e+06	0
2.26828e+06	0
2.26838e+06	0
2.26848e+06	0
2.26858e+06	0
2.26868e+06	0
2.26878e+06	0
2.26888e+06	0
2.26898e+06	0
2.26908e+06	0
2.26918e+06	0
2.26928e+06	0
2.26938e+06	0
2.26948e+06	0
2.26958e+06	0
2.26968e+06	0
2.26978e+06	0
2.26988e+06	0
2.26998e+06	0
2.27008e+06	0
2.27018e+06	0
2.27028e+06	0
2.27038e+06	0
2.27048e+06	0
2.27058e+06	0
2.27068e+06	0
2.27078e+06	0
2.27088e+06	0
2.27098e+06	0
2.27108e+06	0
2.27118e+06	0
2.27128e+06	0
2.27138e+06	0
2.27148e+06	0
2.27158e+06	0
2.27168e+06	0
2.27178e+06	0
2.27188e+06	0
2.27198e+06	0
2.27208e+06	0
2.27218e+06	0
2.27228e+06	0
2.27238e+06	0
2.27248e+06	0
2.27258e+06	0
2.27268e+06	0
2.27278e+06	0
2.27288e+06	0
2.27298e+06	0
2.27308e+06	0
2.27318e+06	0
2.27328e+06	0
2.27338e+06	0
2.27348e+06	0
2.27358e+06	0
2.27368e+06	0
2.27378e+06	0
2.27388e+06	0
2.27398e+06	0
2.27408e+06	0
2.27418e+06	0
2.27428e+06	0
2.27438e+06	0
2.27448e+06	0
2.27458e+06	0
2.27468e+06	0
2.27478e+06	0
2.27488e+06	0
2.27498e+06	0
2.27508e+06	0
2.27518e+06	0
2.27528e+06	0
2.27538e+06	0
2.27548e+06	0
2.27558e+06	0
2.27568e+06	0
2.27578e+06	0
2.27588e+06	0
2.27598e+06	0
2.27608e+06	0
2.27618e+06	0
2.27628e+06	0
2.27638e+06	0
2.27648e+06	0
2.27658e+06	0
2.27668e+06	0
2.27678e+06	0
2.27688e+06	0
2.27698e+06	0
2.27708e+06	0
2.27718e+06	0
2.27728e+06	0
2.27738e+06	0
2.27748e+06	0
2.27758e+06	0
2.27768e+06	0
2.27778e+06	0
2.27788e+06	0
2.27798e+06	0
2.27808e+06	0
2.27818e+06	0
2.27828e+06	0
2.27838e+06	0
2.27848e+06	0
2.27858e+06	0
2.27868e+06	0
2.27878e+06	0
2.27888e+06	0
2.27898e+06	0
2.27908e+06	0
2.27918e+06	0
2.27928e+06	0
2.27938e+06	0
2.27948e+06	0
2.27958e+06	0
2.27968e+06	0
2.27978e+06	0
2.27988e+06	0
2.27998e+06	0
2.28008e+06	0
2.28018e+06	0
2.28028e+06	0
2.28038e+06	0
2.28048e+06	0
2.28058e+06	0
2.28068e+06	0
2.28078e+06	0
2.28088e+06	0
2.28098e+06	0
2.28108e+06	0
2.28118e+06	0
2.28128e+06	0
2.28138e+06	0
2.28148e+06	0
2.28158e+06	0
2.28168e+06	0
2.28178e+06	0
2.28188e+06	0
2.28198e+06	0
2.28208e+06	0
2.28218e+06	0
2.28228e+06	0
2.28238e+06	0
2.28248e+06	0
2.28258e+06	0
2.28268e+06	0
2.28278e+06	0
2.28288e+06	0
2.28298e+06	0
2.28308e+06	0
2.28318e+06	0
2.28328e+06	0
2.28338e+06	0
2.28348e+06	0
2.28358e+06	0
2.28368e+06	0
2.28378e+06	0
2.28388e+06	0
2.28398e+06	0
2.28408e+06	0
2.28418e+06	0
2.28428e+06	0
2.28438e+06	0
2.28448e+06	0
2.28458e+06	0
2.28468e+06	0
2.28478e+06	0
2.28488e+06	0
2.28498e+06	0
2.28508e+06	0
2.28518e+06	0
2.28528e+06	0
2.28538e+06	0
2.28548e+06	0
2.28558e+06	0
2.28568e+06	0
2.28578e+06	0
2.28588e+06	0
2.28598e+06	0
2.28608e+06	0
2.28618e+06	0
2.28628e+06	0
2.28638e+06	0
2.28648e+06	0
2.28658e+06	0
2.28668e+06	0
2.28678e+06	0
2.28688e+06	0
2.28698e+06	0
2.28708e+06	0
2.28718e+06	0
2.28728e+06	0
2.28738e+06	0
2.28748e+06	0
2.28758e+06	0
2.28768e+06	0
2.28778e+06	0
2.28788e+06	0
2.28798e+06	0
2.28808e+06	0
2.28818e+06	0
2.28828e+06	0
2.28838e+06	0
2.28848e+06	0
2.28858e+06	0
2.28868e+06	0
2.28878e+06	0
2.28888e+06	0
2.28898e+06	0
2.28908e+06	0
2.28918e+06	0
2.28928e+06	0
2.28938e+06	0
2.28948e+06	0
2.28958e+06	0
2.28968e+06	0
2.28978e+06	0
2.28988e+06	0
2.28998e+06	0
2.29008e+06	0
2.29018e+06	0
2.29028e+06	0
2.29038e+06	0
2.29048e+06	0
2.29058e+06	0
2.29068e+06	0
2.29078e+06	0
2.29088e+06	0
2.29098e+06	0
2.29108e+06	0
2.29118e+06	0
2.29128e+06	0
2.29138e+06	0
2.29148e+06	0
2.29158e+06	0
2.29168e+06	0
2.29178e+06	0
2.29188e+06	0
2.29198e+06	0
2.29208e+06	0
2.29218e+06	0
2.29228e+06	0
2.29238e+06	0
2.29248e+06	0
2.29258e+06	0
2.29268e+06	0
2.29278e+06	0
2.29288e+06	0
2.29298e+06	0
2.29308e+06	0
2.29318e+06	0
2.29328e+06	0
2.29338e+06	0
2.29348e+06	0
2.29358e+06	0
2.29368e+06	0
2.29378e+06	0
2.29388e+06	0
2.29398e+06	0
2.29408e+06	0
2.29418e+06	0
2.29428e+06	0
2.29438e+06	0
2.29448e+06	0
2.29458e+06	0
2.29468e+06	0
2.29478e+06	0
2.29488e+06	0
2.29498e+06	0
2.29508e+06	0
2.29518e+06	0
2.29528e+06	0
2.29538e+06	0
2.29548e+06	0
2.29558e+06	0
2.29568e+06	0
2.29578e+06	0
2.29588e+06	0
2.29598e+06	0
2.29608e+06	0
2.29618e+06	0
2.29628e+06	0
2.29638e+06	0
2.29648e+06	0
2.29658e+06	0
2.29668e+06	0
2.29678e+06	0
2.29688e+06	0
2.29698e+06	0
2.29708e+06	0
2.29718e+06	0
2.29728e+06	0
2.29738e+06	0
2.29748e+06	0
2.29758e+06	0
2.29768e+06	0
2.29778e+06	0
2.29788e+06	0
2.29798e+06	0
2.29808e+06	0
2.29818e+06	0
2.29828e+06	0
2.29838e+06	0
2.29848e+06	0
2.29858e+06	0
2.29868e+06	0
2.29878e+06	0
2.29888e+06	0
2.29898e+06	0
2.29908e+06	0
2.29918e+06	0
2.29928e+06	0
2.29938e+06	0
2.29948e+06	0
2.29958e+06	0
2.29968e+06	0
2.29978e+06	0
2.29988e+06	0
2.29998e+06	0
2.30008e+06	0
2.30018e+06	0
2.30028e+06	0
2.30038e+06	0
2.30048e+06	0
2.30058e+06	0
2.30068e+06	0
2.30078e+06	0
2.30088e+06	0
2.30098e+06	0
2.30108e+06	0
2.30118e+06	0
2.30128e+06	0
2.30138e+06	0
2.30148e+06	0
2.30158e+06	0
2.30168e+06	0
2.30178e+06	0
2.30188e+06	0
2.30198e+06	0
2.30208e+06	0
2.30218e+06	0
2.30228e+06	0
2.30238e+06	0
2.30248e+06	0
2.30258e+06	0
2.30268e+06	0
2.30278e+06	0
2.30288e+06	0
2.30298e+06	0
2.30308e+06	0
2.30318e+06	0
2.30328e+06	0
2.30338e+06	0
2.30348e+06	0
2.30358e+06	0
2.30368e+06	0
2.30378e+06	0
2.30388e+06	0
2.30398e+06	0
2.30408e+06	0
2.30418e+06	0
2.30428e+06	0
2.30438e+06	0
2.30448e+06	0
2.30458e+06	0
2.30468e+06	0
2.30478e+06	0
2.30488e+06	0
2.30498e+06	0
2.30508e+06	0
2.30518e+06	0
2.30528e+06	0
2.30538e+06	0
2.30548e+06	0
2.30558e+06	0
2.30568e+06	0
2.30578e+06	0
2.30588e+06	0
2.30598e+06	0
2.30608e+06	0
2.30618e+06	0
2.30628e+06	0
2.30638e+06	0
2.30648e+06	0
2.30658e+06	0
2.30668e+06	0
2.30678e+06	0
2.30688e+06	0
2.30698e+06	0
2.30708e+06	0
2.30718e+06	0
2.30728e+06	0
2.30738e+06	0
2.30748e+06	0
2.30758e+06	0
2.30768e+06	0
2.30778e+06	0
2.30788e+06	0
2.30798e+06	0
2.30808e+06	0
2.30818e+06	0
2.30828e+06	0
2.30838e+06	0
2.30848e+06	0
2.30858e+06	0
2.30868e+06	0
2.30878e+06	0
2.30888e+06	0
2.30898e+06	0
2.30908e+06	0
2.30918e+06	0
2.30928e+06	0
2.30938e+06	0
2.30948e+06	0
2.30958e+06	0
2.30968e+06	0
2.30978e+06	0
2.30988e+06	0
2.30998e+06	0
2.31008e+06	0
2.31018e+06	0
2.31028e+06	0
2.31038e+06	0
2.31048e+06	0
2.31058e+06	0
2.31068e+06	0
2.31078e+06	0
2.31088e+06	0
2.31098e+06	0
2.31108e+06	0
2.31118e+06	0
2.31128e+06	0
2.31138e+06	0
2.31148e+06	0
2.31158e+06	0
2.31168e+06	0
2.31178e+06	0
2.31188e+06	0
2.31198e+06	0
2.31208e+06	0
2.31218e+06	0
2.31228e+06	0
2.31238e+06	0
2.31248e+06	0
2.31258e+06	0
2.31268e+06	0
2.31278e+06	0
2.31288e+06	0
2.31298e+06	0
2.31308e+06	0
2.31318e+06	0
2.31328e+06	0
2.31338e+06	0
2.31348e+06	0
2.31358e+06	0
2.31368e+06	0
2.31378e+06	0
2.31388e+06	0
2.31398e+06	0
2.31408e+06	0
2.31418e+06	0
2.31428e+06	0
2.31438e+06	0
2.31448e+06	0
2.31458e+06	0
2.31468e+06	0
2.31478e+06	0
2.31488e+06	0
2.31498e+06	0
2.31508e+06	0
2.31518e+06	0
2.31528e+06	0
2.31538e+06	0
2.31548e+06	0
2.31558e+06	0
2.31568e+06	0
2.31578e+06	0
2.31588e+06	0
2.31598e+06	0
2.31608e+06	0
2.31618e+06	0
2.31628e+06	0
2.31638e+06	0
2.31648e+06	0
2.31658e+06	0
2.31668e+06	0
2.31678e+06	0
2.31688e+06	0
2.31698e+06	0
2.31708e+06	0
2.31718e+06	0
2.31728e+06	0
2.31738e+06	0
2.31748e+06	0
2.31758e+06	0
2.31768e+06	0
2.31778e+06	0
2.31788e+06	0
2.31798e+06	0
2.31808e+06	0
2.31818e+06	0
2.31828e+06	0
2.31838e+06	0
2.31848e+06	0
2.31858e+06	0
2.31868e+06	0
2.31878e+06	0
2.31888e+06	0
2.31898e+06	0
2.31908e+06	0
2.31918e+06	0
2.31928e+06	0
2.31938e+06	0
2.31948e+06	0
2.31958e+06	0
2.31968e+06	0
2.31978e+06	0
2.31988e+06	0
2.31998e+06	0
2.32008e+06	0
2.32018e+06	0
2.32028e+06	0
2.32038e+06	0
2.32048e+06	0
2.32058e+06	0
2.32068e+06	0
2.32078e+06	0
2.32088e+06	0
2.32098e+06	0
2.32108e+06	0
2.32118e+06	0
2.32128e+06	0
2.32138e+06	0
2.32148e+06	0
2.32158e+06	0
2.32168e+06	0
2.32178e+06	0
2.32188e+06	0
2.32198e+06	0
2.32208e+06	0
2.32218e+06	0
2.32228e+06	0
2.32238e+06	0
2.32248e+06	0
2.32258e+06	0
2.32268e+06	0
2.32278e+06	0
2.32288e+06	0
2.32298e+06	0
2.32308e+06	0
2.32318e+06	0
2.32328e+06	0
2.32338e+06	0
2.32348e+06	0
2.32358e+06	0
2.32368e+06	0
2.32378e+06	0
2.32388e+06	0
2.32398e+06	0
2.32408e+06	0
2.32418e+06	0
2.32428e+06	0
2.32438e+06	0
2.32448e+06	0
2.32458e+06	0
2.32468e+06	0
2.32478e+06	0
2.32488e+06	0
2.32498e+06	0
2.32508e+06	0
2.32518e+06	0
2.32528e+06	0
2.32538e+06	0
2.32548e+06	0
2.32558e+06	0
2.32568e+06	0
2.32578e+06	0
2.32588e+06	0
2.32598e+06	0
2.32608e+06	0
2.32618e+06	0
2.32628e+06	0
2.32638e+06	0
2.32648e+06	0
2.32658e+06	0
2.32668e+06	0
2.32678e+06	0
2.32688e+06	0
2.32698e+06	0
2.32708e+06	0
2.32718e+06	0
2.32728e+06	0
2.32738e+06	0
2.32748e+06	0
2.32758e+06	0
2.32768e+06	0
2.32778e+06	0
2.32788e+06	0
2.32798e+06	0
2.32808e+06	0
2.32818e+06	0
2.32828e+06	0
2.32838e+06	0
2.32848e+06	0
2.32858e+06	0
2.32868e+06	0
2.32878e+06	0
2.32888e+06	0
2.32898e+06	0
2.32908e+06	0
2.32918e+06	0
2.32928e+06	0
2.32938e+06	0
2.32948e+06	0
2.32958e+06	0
2.32968e+06	0
2.32978e+06	0
2.32988e+06	0
2.32998e+06	0
2.33008e+06	0
2.33018e+06	0
2.33028e+06	0
2.33038e+06	0
2.33048e+06	0
2.33058e+06	0
2.33068e+06	0
2.33078e+06	0
2.33088e+06	0
2.33098e+06	0
2.33108e+06	0
2.33118e+06	0
2.33128e+06	0
2.33138e+06	0
2.33148e+06	0
2.33158e+06	0
2.33168e+06	0
2.33178e+06	0
2.33188e+06	0
2.33198e+06	0
2.33208e+06	0
2.33218e+06	0
2.33228e+06	0
2.33238e+06	0
2.33248e+06	0
2.33258e+06	0
2.33268e+06	0
2.33278e+06	0
2.33288e+06	0
2.33298e+06	0
2.33308e+06	0
2.33318e+06	0
2.33328e+06	0
2.33338e+06	0
2.33348e+06	0
2.33358e+06	0
2.33368e+06	0
2.33378e+06	0
2.33388e+06	0
2.33398e+06	0
2.33408e+06	0
2.33418e+06	0
2.33428e+06	0
2.33438e+06	0
2.33448e+06	0
2.33458e+06	0
2.33468e+06	0
2.33478e+06	0
2.33488e+06	0
2.33498e+06	0
2.33508e+06	0
2.33518e+06	0
2.33528e+06	0
2.33538e+06	0
2.33548e+06	0
2.33558e+06	0
2.33568e+06	0
2.33578e+06	0
2.33588e+06	0
2.33598e+06	0
2.33608e+06	0
2.33618e+06	0
2.33628e+06	0
2.33638e+06	0
2.33648e+06	0
2.33658e+06	0
2.33668e+06	0
2.33678e+06	0
2.33688e+06	0
2.33698e+06	0
2.33708e+06	0
2.33718e+06	0
2.33728e+06	0
2.33738e+06	0
2.33748e+06	0
2.33758e+06	0
2.33768e+06	0
2.33778e+06	0
2.33788e+06	0
2.33798e+06	0
2.33808e+06	0
2.33818e+06	0
2.33828e+06	0
2.33838e+06	0
2.33848e+06	0
2.33858e+06	0
2.33868e+06	0
2.33878e+06	0
2.33888e+06	0
2.33898e+06	0
2.33908e+06	0
2.33918e+06	0
2.33928e+06	0
2.33938e+06	0
2.33948e+06	0
2.33958e+06	0
2.33968e+06	0
2.33978e+06	0
2.33988e+06	0
2.33998e+06	0
2.34008e+06	0
2.34018e+06	0
2.34028e+06	0
2.34038e+06	0
2.34048e+06	0
2.34058e+06	0
2.34068e+06	0
2.34078e+06	0
2.34088e+06	0
2.34098e+06	0
2.34108e+06	0
2.34118e+06	0
2.34128e+06	0
2.34138e+06	0
2.34148e+06	0
2.34158e+06	0
2.34168e+06	0
2.34178e+06	0
2.34188e+06	0
2.34198e+06	0
2.34208e+06	0
2.34218e+06	0
2.34228e+06	0
2.34238e+06	0
2.34248e+06	0
2.34258e+06	0
2.34268e+06	0
2.34278e+06	0
2.34288e+06	0
2.34298e+06	0
2.34308e+06	0
2.34318e+06	0
2.34328e+06	0
2.34338e+06	0
2.34348e+06	0
2.34358e+06	0
2.34368e+06	0
2.34378e+06	0
2.34388e+06	0
2.34398e+06	0
2.34408e+06	0
2.34418e+06	0
2.34428e+06	0
2.34438e+06	0
2.34448e+06	0
2.34458e+06	0
2.34468e+06	0
2.34478e+06	0
2.34488e+06	0
2.34498e+06	0
2.34508e+06	0
2.34518e+06	0
2.34528e+06	0
2.34538e+06	0
2.34548e+06	0
2.34558e+06	0
2.34568e+06	0
2.34578e+06	0
2.34588e+06	0
2.34598e+06	0
2.34608e+06	0
2.34618e+06	0
2.34628e+06	0
2.34638e+06	0
2.34648e+06	0
2.34658e+06	0
2.34668e+06	0
2.34678e+06	0
2.34688e+06	0
2.34698e+06	0
2.34708e+06	0
2.34718e+06	0
2.34728e+06	0
2.34738e+06	0
2.34748e+06	0
2.34758e+06	0
2.34768e+06	0
2.34778e+06	0
2.34788e+06	0
2.34798e+06	0
2.34808e+06	0
2.34818e+06	0
2.34828e+06	0
2.34838e+06	0
2.34848e+06	0
2.34858e+06	0
2.34868e+06	0
2.34878e+06	0
2.34888e+06	0
2.34898e+06	0
2.34908e+06	0
2.34918e+06	0
2.34928e+06	0
2.34938e+06	0
2.34948e+06	0
2.34958e+06	0
2.34968e+06	0
2.34978e+06	0
2.34988e+06	0
2.34998e+06	0
2.35008e+06	0
2.35018e+06	0
2.35028e+06	0
2.35038e+06	0
2.35048e+06	0
2.35058e+06	0
2.35068e+06	0
2.35078e+06	0
2.35088e+06	0
2.35098e+06	0
2.35108e+06	0
2.35118e+06	0
2.35128e+06	0
2.35138e+06	0
2.35148e+06	0
2.35158e+06	0
2.35168e+06	0
2.35178e+06	0
2.35188e+06	0
2.35198e+06	0
2.35208e+06	0
2.35218e+06	0
2.35228e+06	0
2.35238e+06	0
2.35248e+06	0
2.35258e+06	0
2.35268e+06	0
2.35278e+06	0
2.35288e+06	0
2.35298e+06	0
2.35308e+06	0
2.35318e+06	0
2.35328e+06	0
2.35338e+06	0
2.35348e+06	0
2.35358e+06	0
2.35368e+06	0
2.35378e+06	0
2.35388e+06	0
2.35398e+06	0
2.35408e+06	0
2.35418e+06	0
2.35428e+06	0
2.35438e+06	0
2.35448e+06	0
2.35458e+06	0
2.35468e+06	0
2.35478e+06	0
2.35488e+06	0
2.35498e+06	0
2.35508e+06	0
2.35518e+06	0
2.35528e+06	0
2.35538e+06	0
2.35548e+06	0
2.35558e+06	0
2.35568e+06	0
2.35578e+06	0
2.35588e+06	0
2.35598e+06	0
2.35608e+06	0
2.35618e+06	0
2.35628e+06	0
2.35638e+06	0
2.35648e+06	0
2.35658e+06	0
2.35668e+06	0
2.35678e+06	0
2.35688e+06	0
2.35698e+06	0
2.35708e+06	0
2.35718e+06	0
2.35728e+06	0
2.35738e+06	0
2.35748e+06	0
2.35758e+06	0
2.35768e+06	0
2.35778e+06	0
2.35788e+06	0
2.35798e+06	0
2.35808e+06	0
2.35818e+06	0
2.35828e+06	0
2.35838e+06	0
2.35848e+06	0
2.35858e+06	0
2.35868e+06	0
2.35878e+06	0
2.35888e+06	0
2.35898e+06	0
2.35908e+06	0
2.35918e+06	0
2.35928e+06	0
2.35938e+06	0
2.35948e+06	0
2.35958e+06	0
2.35968e+06	0
2.35978e+06	0
2.35988e+06	0
2.35998e+06	0
2.36008e+06	0
2.36018e+06	0
2.36028e+06	0
2.36038e+06	0
2.36048e+06	0
2.36058e+06	0
2.36068e+06	0
2.36078e+06	0
2.36088e+06	0
2.36098e+06	0
2.36108e+06	0
2.36118e+06	0
2.36128e+06	0
2.36138e+06	0
2.36148e+06	0
2.36158e+06	0
2.36168e+06	0
2.36178e+06	0
2.36188e+06	0
2.36198e+06	0
2.36208e+06	0
2.36218e+06	0
2.36228e+06	0
2.36238e+06	0
2.36248e+06	0
2.36258e+06	0
2.36268e+06	0
2.36278e+06	0
2.36288e+06	0
2.36298e+06	0
2.36308e+06	0
2.36318e+06	0
2.36328e+06	0
2.36338e+06	0
2.36348e+06	0
2.36358e+06	0
2.36368e+06	0
2.36378e+06	0
2.36388e+06	0
2.36398e+06	0
2.36408e+06	0
2.36418e+06	0
2.36428e+06	0
2.36438e+06	0
2.36448e+06	0
2.36458e+06	0
2.36468e+06	0
2.36478e+06	0
2.36488e+06	0
2.36498e+06	0
2.36508e+06	0
2.36518e+06	0
2.36528e+06	0
2.36538e+06	0
2.36548e+06	0
2.36558e+06	0
2.36568e+06	0
2.36578e+06	0
2.36588e+06	0
2.36598e+06	0
2.36608e+06	0
2.36618e+06	0
2.36628e+06	0
2.36638e+06	0
2.36648e+06	0
2.36658e+06	0
2.36668e+06	0
2.36678e+06	0
2.36688e+06	0
2.36698e+06	0
2.36708e+06	0
2.36718e+06	0
2.36728e+06	0
2.36738e+06	0
2.36748e+06	0
2.36758e+06	0
2.36768e+06	0
2.36778e+06	0
2.36788e+06	0
2.36798e+06	0
2.36808e+06	0
2.36818e+06	0
2.36828e+06	0
2.36838e+06	0
2.36848e+06	0
2.36858e+06	0
2.36868e+06	0
2.36878e+06	0
2.36888e+06	0
2.36898e+06	0
2.36908e+06	0
2.36918e+06	0
2.36928e+06	0
2.36938e+06	0
2.36948e+06	0
2.36958e+06	0
2.36968e+06	0
2.36978e+06	0
2.36988e+06	0
2.36998e+06	0
2.37008e+06	0
2.37018e+06	0
2.37028e+06	0
2.37038e+06	0
2.37048e+06	0
2.37058e+06	0
2.37068e+06	0
2.37078e+06	0
2.37088e+06	0
2.37098e+06	0
2.37108e+06	0
2.37118e+06	0
2.37128e+06	0
2.37138e+06	0
2.37148e+06	0
2.37158e+06	0
2.37168e+06	0
2.37178e+06	0
2.37188e+06	0
2.37198e+06	0
2.37208e+06	0
2.37218e+06	0
2.37228e+06	0
2.37238e+06	0
2.37248e+06	0
2.37258e+06	0
2.37268e+06	0
2.37278e+06	0
2.37288e+06	0
2.37298e+06	0
2.37308e+06	0
2.37318e+06	0
2.37328e+06	0
2.37338e+06	0
2.37348e+06	0
2.37358e+06	0
2.37368e+06	0
2.37378e+06	0
2.37388e+06	0
2.37398e+06	0
2.37408e+06	0
2.37418e+06	0
2.37428e+06	0
2.37438e+06	0
2.37448e+06	0
2.37458e+06	0
2.37468e+06	0
2.37478e+06	0
2.37488e+06	0
2.37498e+06	0
2.37508e+06	0
2.37518e+06	0
2.37528e+06	0
2.37538e+06	0
2.37548e+06	0
2.37558e+06	0
2.37568e+06	0
2.37578e+06	0
2.37588e+06	0
2.37598e+06	0
2.37608e+06	0
2.37618e+06	0
2.37628e+06	0
2.37638e+06	0
2.37648e+06	0
2.37658e+06	0
2.37668e+06	0
2.37678e+06	0
2.37688e+06	0
2.37698e+06	0
2.37708e+06	0
2.37718e+06	0
2.37728e+06	0
2.37738e+06	0
2.37748e+06	0
2.37758e+06	0
2.37768e+06	0
2.37778e+06	0
2.37788e+06	0
2.37798e+06	0
2.37808e+06	0
2.37818e+06	0
2.37828e+06	0
2.37838e+06	0
2.37848e+06	0
2.37858e+06	0
2.37868e+06	0
2.37878e+06	0
2.37888e+06	0
2.37898e+06	0
2.37908e+06	0
2.37918e+06	0
2.37928e+06	0
2.37938e+06	0
2.37948e+06	0
2.37958e+06	0
2.37968e+06	0
2.37978e+06	0
2.37988e+06	0
2.37998e+06	0
2.38008e+06	0
2.38018e+06	0
2.38028e+06	0
2.38038e+06	0
2.38048e+06	0
2.38058e+06	0
2.38068e+06	0
2.38078e+06	0
2.38088e+06	0
2.38098e+06	0
2.38108e+06	0
2.38118e+06	0
2.38128e+06	0
2.38138e+06	0
2.38148e+06	0
2.38158e+06	0
2.38168e+06	0
2.38178e+06	0
2.38188e+06	0
2.38198e+06	0
2.38208e+06	0
2.38218e+06	0
2.38228e+06	0
2.38238e+06	0
2.38248e+06	0
2.38258e+06	0
2.38268e+06	0
2.38278e+06	0
2.38288e+06	0
2.38298e+06	0
2.38308e+06	0
2.38318e+06	0
2.38328e+06	0
2.38338e+06	0
2.38348e+06	0
2.38358e+06	0
2.38368e+06	0
2.38378e+06	0
2.38388e+06	0
2.38398e+06	0
2.38408e+06	0
2.38418e+06	0
2.38428e+06	0
2.38438e+06	0
2.38448e+06	0
2.38458e+06	0
2.38468e+06	0
2.38478e+06	0
2.38488e+06	0
2.38498e+06	0
2.38508e+06	0
2.38518e+06	0
2.38528e+06	0
2.38538e+06	0
2.38548e+06	0
2.38558e+06	0
2.38568e+06	0
2.38578e+06	0
2.38588e+06	0
2.38598e+06	0
2.38608e+06	0
2.38618e+06	0
2.38628e+06	0
2.38638e+06	0
2.38648e+06	0
2.38658e+06	0
2.38668e+06	0
2.38678e+06	0
2.38688e+06	0
2.38698e+06	0
2.38708e+06	0
2.38718e+06	0
2.38728e+06	0
2.38738e+06	0
2.38748e+06	0
2.38758e+06	0
2.38768e+06	0
2.38778e+06	0
2.38788e+06	0
2.38798e+06	0
2.38808e+06	0
2.38818e+06	0
2.38828e+06	0
2.38838e+06	0
2.38848e+06	0
2.38858e+06	0
2.38868e+06	0
2.38878e+06	0
2.38888e+06	0
2.38898e+06	0
2.38908e+06	0
2.38918e+06	0
2.38928e+06	0
2.38938e+06	0
2.38948e+06	0
2.38958e+06	0
2.38968e+06	0
2.38978e+06	0
2.38988e+06	0
2.38998e+06	0
2.39008e+06	0
2.39018e+06	0
2.39028e+06	0
2.39038e+06	0
2.39048e+06	0
2.39058e+06	0
2.39068e+06	0
2.39078e+06	0
2.39088e+06	0
2.39098e+06	0
2.39108e+06	0
2.39118e+06	0
2.39128e+06	0
2.39138e+06	0
2.39148e+06	0
2.39158e+06	0
2.39168e+06	0
2.39178e+06	0
2.39188e+06	0
2.39198e+06	0
2.39208e+06	0
2.39218e+06	0
2.39228e+06	0
2.39238e+06	0
2.39248e+06	0
2.39258e+06	0
2.39268e+06	0
2.39278e+06	0
2.39288e+06	0
2.39298e+06	0
2.39308e+06	0
2.39318e+06	0
2.39328e+06	0
2.39338e+06	0
2.39348e+06	0
2.39358e+06	0
2.39368e+06	0
2.39378e+06	0
2.39388e+06	0
2.39398e+06	0
2.39408e+06	0
2.39418e+06	0
2.39428e+06	0
2.39438e+06	0
2.39448e+06	0
2.39458e+06	0
2.39468e+06	0
2.39478e+06	0
2.39488e+06	0
2.39498e+06	0
2.39508e+06	0
2.39518e+06	0
2.39528e+06	0
2.39538e+06	0
2.39548e+06	0
2.39558e+06	0
2.39568e+06	0
2.39578e+06	0
2.39588e+06	0
2.39598e+06	0
2.39608e+06	0
2.39618e+06	0
2.39628e+06	0
2.39638e+06	0
2.39648e+06	0
2.39658e+06	0
2.39668e+06	0
2.39678e+06	0
2.39688e+06	0
2.39698e+06	0
2.39708e+06	0
2.39718e+06	0
2.39728e+06	0
2.39738e+06	0
2.39748e+06	0
2.39758e+06	0
2.39768e+06	0
2.39778e+06	0
2.39788e+06	0
2.39798e+06	0
2.39808e+06	0
2.39818e+06	0
2.39828e+06	0
2.39838e+06	0
2.39848e+06	0
2.39858e+06	0
2.39868e+06	0
2.39878e+06	0
2.39888e+06	0
2.39898e+06	0
2.39908e+06	0
2.39918e+06	0
2.39928e+06	0
2.39938e+06	0
2.39948e+06	0
2.39958e+06	0
2.39968e+06	0
2.39978e+06	0
2.39988e+06	0
2.39998e+06	0
2.40008e+06	0
2.40018e+06	0
2.40028e+06	0
2.40038e+06	0
2.40048e+06	0
2.40058e+06	0
2.40068e+06	0
2.40078e+06	0
2.40088e+06	0
2.40098e+06	0
2.40108e+06	0
2.40118e+06	0
2.40128e+06	0
2.40138e+06	0
2.40148e+06	0
2.40158e+06	0
2.40168e+06	0
2.40178e+06	0
2.40188e+06	0
2.40198e+06	0
2.40208e+06	0
2.40218e+06	0
2.40228e+06	0
2.40238e+06	0
2.40248e+06	0
2.40258e+06	0
2.40268e+06	0
2.40278e+06	0
2.40288e+06	0
2.40298e+06	0
2.40308e+06	0
2.40318e+06	0
2.40328e+06	0
2.40338e+06	0
2.40348e+06	0
2.40358e+06	0
2.40368e+06	0
2.40378e+06	0
2.40388e+06	0
2.40398e+06	0
2.40408e+06	0
2.40418e+06	0
2.40428e+06	0
2.40438e+06	0
2.40448e+06	0
2.40458e+06	0
2.40468e+06	0
2.40478e+06	0
2.40488e+06	0
2.40498e+06	0
2.40508e+06	0
2.40518e+06	0
2.40528e+06	0
2.40538e+06	0
2.40548e+06	0
2.40558e+06	0
2.40568e+06	0
2.40578e+06	0
2.40588e+06	0
2.40598e+06	0
2.40608e+06	0
2.40618e+06	0
2.40628e+06	0
2.40638e+06	0
2.40648e+06	0
2.40658e+06	0
2.40668e+06	0
2.40678e+06	0
2.40688e+06	0
2.40698e+06	0
2.40708e+06	0
2.40718e+06	0
2.40728e+06	0
2.40738e+06	0
2.40748e+06	0
2.40758e+06	0
2.40768e+06	0
2.40778e+06	0
2.40788e+06	0
2.40798e+06	0
2.40808e+06	0
2.40818e+06	0
2.40828e+06	0
2.40838e+06	0
2.40848e+06	0
2.40858e+06	0
2.40868e+06	0
2.40878e+06	0
2.40888e+06	0
2.40898e+06	0
2.40908e+06	0
2.40918e+06	0
2.40928e+06	0
2.40938e+06	0
2.40948e+06	0
2.40958e+06	0
2.40968e+06	0
2.40978e+06	0
2.40988e+06	0
2.40998e+06	0
2.41008e+06	0
2.41018e+06	0
2.41028e+06	0
2.41038e+06	0
2.41048e+06	0
2.41058e+06	0
2.41068e+06	0
2.41078e+06	0
2.41088e+06	0
2.41098e+06	0
2.41108e+06	0
2.41118e+06	0
2.41128e+06	0
2.41138e+06	0
2.41148e+06	0
2.41158e+06	0
2.41168e+06	0
2.41178e+06	0
2.41188e+06	0
2.41198e+06	0
2.41208e+06	0
2.41218e+06	0
2.41228e+06	0
2.41238e+06	0
2.41248e+06	0
2.41258e+06	0
2.41268e+06	0
2.41278e+06	0
2.41288e+06	0
2.41298e+06	0
2.41308e+06	0
2.41318e+06	0
2.41328e+06	0
2.41338e+06	0
2.41348e+06	0
2.41358e+06	0
2.41368e+06	0
2.41378e+06	0
2.41388e+06	0
2.41398e+06	0
2.41408e+06	0
2.41418e+06	0
2.41428e+06	0
2.41438e+06	0
2.41448e+06	0
2.41458e+06	0
2.41468e+06	0
2.41478e+06	0
2.41488e+06	0
2.41498e+06	0
2.41508e+06	0
2.41518e+06	0
2.41528e+06	0
2.41538e+06	0
2.41548e+06	0
2.41558e+06	0
2.41568e+06	0
2.41578e+06	0
2.41588e+06	0
2.41598e+06	0
2.41608e+06	0
2.41618e+06	0
2.41628e+06	0
2.41638e+06	0
2.41648e+06	0
2.41658e+06	0
2.41668e+06	0
2.41678e+06	0
2.41688e+06	0
2.41698e+06	0
2.41708e+06	0
2.41718e+06	0
2.41728e+06	0
2.41738e+06	0
2.41748e+06	0
2.41758e+06	0
2.41768e+06	0
2.41778e+06	0
2.41788e+06	0
2.41798e+06	0
2.41808e+06	0
2.41818e+06	0
2.41828e+06	0
2.41838e+06	0
2.41848e+06	4.29837e-322
2.41858e+06	1.94859e-320
2.41868e+06	9.04817e-319
2.41878e+06	4.15833e-317
2.41888e+06	1.89206e-315
2.41898e+06	8.52331e-314
2.41908e+06	3.80135e-312
2.41918e+06	1.67852e-310
2.41928e+06	7.33787e-309
2.41938e+06	3.17593e-307
2.41948e+06	1.36091e-305
2.41958e+06	5.77358e-304
2.41968e+06	2.42504e-302
2.41978e+06	1.00843e-300
2.41988e+06	4.15178e-299
2.41998e+06	1.6923e-297
2.42008e+06	6.82934e-296
2.42018e+06	2.72858e-294
2.42028e+06	1.07932e-292
2.42038e+06	4.22692e-291
2.42048e+06	1.6389e-289
2.42058e+06	6.29127e-288
2.42068e+06	2.39101e-286
2.42078e+06	8.99667e-285
2.42088e+06	3.3515e-283
2.42098e+06	1.2361e-281
2.42108e+06	4.51362e-280
2.42118e+06	1.63175e-278
2.42128e+06	5.84035e-277
2.42138e+06	2.06958e-275
2.42148e+06	7.26074e-274
2.42158e+06	2.52196e-272
2.42168e+06	8.67263e-271
2.42178e+06	2.95272e-269
2.42188e+06	9.9529e-268
2.42198e+06	3.3215e-266
2.42208e+06	1.09743e-264
2.42218e+06	3.58984e-263
2.42228e+06	1.1626e-261
2.42238e+06	3.72773e-260
2.42248e+06	1.18335e-258
2.42258e+06	3.71913e-257
2.42268e+06	1.15725e-255
2.42278e+06	3.56506e-254
2.42288e+06	1.08734e-252
2.42298e+06	3.28338e-251
2.42308e+06	9.81597e-250
2.42318e+06	2.90538e-248
2.42328e+06	8.51392e-247
2.42338e+06	2.47009e-245
2.42348e+06	7.09502e-244
2.42358e+06	2.01768e-242
2.42368e+06	5.68076e-241
2.42378e+06	1.5835e-239
2.42388e+06	4.37005e-238
2.42398e+06	1.19402e-236
2.42408e+06	3.22995e-235
2.42418e+06	8.65039e-234
2.42428e+06	2.29368e-232
2.42438e+06	6.02126e-231
2.42448e+06	1.56494e-229
2.42458e+06	4.02686e-228
2.42468e+06	1.02587e-226
2.42478e+06	2.58746e-225
2.42488e+06	6.46121e-224
2.42498e+06	1.59739e-222
2.42508e+06	3.90988e-221
2.42518e+06	9.4749e-220
2.42528e+06	2.27322e-218
2.42538e+06	5.39967e-217
2.42548e+06	1.26984e-215
2.42558e+06	2.95657e-214
2.42568e+06	6.81527e-213
2.42578e+06	1.55538e-211
2.42588e+06	3.51436e-210
2.42598e+06	7.86164e-209
2.42608e+06	1.74115e-207
2.42618e+06	3.81785e-206
2.42628e+06	8.28813e-205
2.42638e+06	1.78136e-203
2.42648e+06	3.79057e-202
2.42658e+06	7.98571e-201
2.42668e+06	1.66564e-199
2.42678e+06	3.43957e-198
2.42688e+06	7.03209e-197
2.42698e+06	1.42338e-195
2.42708e+06	2.85244e-194
2.42718e+06	5.65937e-193
2.42728e+06	1.11167e-191
2.42738e+06	2.16194e-190
2.42748e+06	4.16261e-189
2.42758e+06	7.93498e-188
2.42768e+06	1.49755e-186
2.42778e+06	2.79819e-185
2.42788e+06	5.1764e-184
2.42798e+06	9.4806e-183
2.42808e+06	1.7191e-181
2.42818e+06	3.08619e-180
2.42828e+06	5.48533e-179
2.42838e+06	9.65248e-178
2.42848e+06	1.68164e-176
2.42858e+06	2.90057e-175
2.42868e+06	4.95325e-174
2.42878e+06	8.37443e-173
2.42888e+06	1.40177e-171
2.42898e+06	2.32303e-170
2.42908e+06	3.81146e-169
2.42918e+06	6.19133e-168
2.42928e+06	9.95712e-167
2.42938e+06	1.58541e-165
2.42948e+06	2.49922e-164
2.42958e+06	3.90055e-163
2.42968e+06	6.02704e-162
2.42978e+06	9.22017e-161
2.42988e+06	1.39647e-159
2.42998e+06	2.09402e-158
2.43008e+06	3.10876e-157
2.43018e+06	4.56931e-156
2.43028e+06	6.64922e-155
2.43038e+06	9.57962e-154
2.43048e+06	1.36641e-152
2.43058e+06	1.92963e-151
2.43068e+06	2.69788e-150
2.43078e+06	3.73447e-149
2.43088e+06	5.11789e-148
2.43098e+06	6.94402e-147
2.43108e+06	9.32799e-146
2.43118e+06	1.24057e-144
2.43128e+06	1.63348e-143
2.43138e+06	2.12942e-142
2.43148e+06	2.74831e-141
2.43158e+06	3.51179e-140
2.43168e+06	4.4427e-139
2.43178e+06	5.56447e-138
2.43188e+06	6.90012e-137
2.43198e+06	8.47124e-136
2.43208e+06	1.02966e-134
2.43218e+06	1.23908e-133
2.43228e+06	1.47625e-132
2.43238e+06	1.74132e-131
2.43248e+06	2.03355e-130
2.43258e+06	2.35119e-129
2.43268e+06	2.69139e-128
2.43278e+06	3.05017e-127
2.43288e+06	3.42238e-126
2.43298e+06	3.8018e-125
2.43308e+06	4.18126e-124
2.43318e+06	4.55283e-123
2.43328e+06	4.90811e-122
2.43338e+06	5.23845e-121
2.43348e+06	5.5354e-120
2.43358e+06	5.79098e-119
2.43368e+06	5.99809e-118
2.43378e+06	6.15078e-117
2.43388e+06	6.2446e-116
2.43398e+06	6.27677e-115
2.43408e+06	6.24632e-114
2.43418e+06	6.15418e-113
2.43428e+06	6.00306e-112
2.43438e+06	5.79739e-111
2.43448e+06	5.54305e-110
2.43458e+06	5.24714e-109
2.43468e+06	4.91761e-108
2.43478e+06	4.56291e-107
2.43488e+06	4.19167e-106
2.43498e+06	3.81231e-105
2.43508e+06	3.43279e-104
2.43518e+06	3.0603e-103
2.43528e+06	2.70108e-102
2.43538e+06	2.3603e-101
2.43548e+06	2.04199e-100
2.43558e+06	1.74904e-99
2.43568e+06	1.4832e-98
2.43578e+06	1.24526e-97
2.43588e+06	1.03508e-96
2.43598e+06	8.51818e-96
2.43608e+06	6.94027e-95
2.43618e+06	5.59839e-94
2.43628e+06	4.47102e-93
2.43638e+06	3.53515e-92
2.43648e+06	2.76736e-91
2.43658e+06	2.14477e-90
2.43668e+06	1.64571e-89
2.43678e+06	1.25021e-88
2.43688e+06	9.40302e-88
2.43698e+06	7.00181e-87
2.43708e+06	5.16191e-86
2.43718e+06	3.76763e-85
2.43728e+06	2.72259e-84
2.43738e+06	1.94784e-83
2.43748e+06	1.37969e-82
2.43758e+06	9.67537e-82
2.43768e+06	6.71753e-81
2.43778e+06	4.61753e-80
2.43788e+06	3.14243e-79
2.43798e+06	2.11729e-78
2.43808e+06	1.41238e-77
2.43818e+06	9.32778e-77
2.43828e+06	6.09906e-76
2.43838e+06	3.94825e-75
2.43848e+06	2.53049e-74
2.43858e+06	1.60568e-73
2.43868e+06	1.00873e-72
2.43878e+06	6.27398e-72
2.43888e+06	3.8634e-71
2.43898e+06	2.35534e-70
2.43908e+06	1.42166e-69
2.43918e+06	8.4956e-69
2.43928e+06	5.02631e-68
2.43938e+06	2.94416e-67
2.43948e+06	1.70738e-66
2.43958e+06	9.80298e-66
2.43968e+06	5.57239e-65
2.43978e+06	3.13604e-64
2.43988e+06	1.74735e-63
2.43998e+06	9.63906e-63
2.44008e+06	5.26437e-62
2.44018e+06	2.84653e-61
2.44028e+06	1.52385e-60
2.44038e+06	8.07652e-60
2.44048e+06	4.23803e-59
2.44058e+06	2.20172e-58
2.44068e+06	1.13244e-57
2.44078e+06	5.76669e-57
2.44088e+06	2.90734e-56
2.44098e+06	1.45118e-55
2.44108e+06	7.17138e-55
2.44118e+06	3.50867e-54
2.44128e+06	1.69957e-53
2.44138e+06	8.15065e-53
2.44148e+06	3.86993e-52
2.44158e+06	1.81916e-51
2.44168e+06	8.46633e-51
2.44178e+06	3.90101e-50
2.44188e+06	1.77957e-49
2.44198e+06	8.03733e-49
2.44208e+06	3.59389e-48
2.44218e+06	1.59102e-47
2.44228e+06	6.97335e-47
2.44238e+06	3.02598e-46
2.44248e+06	1.30001e-45
2.44258e+06	5.52949e-45
2.44268e+06	2.32852e-44
2.44278e+06	9.70807e-44
2.44288e+06	4.00721e-43
2.44298e+06	1.6376e-42
2.44308e+06	6.6257e-42
2.44318e+06	2.65407e-41
2.44328e+06	1.05257e-40
2.44338e+06	4.1328e-40
2.44348e+06	1.60656e-39
2.44358e+06	6.18309e-39
2.44368e+06	2.35598e-38
2.44378e+06	8.88779e-38
2.44388e+06	3.31951e-37
2.44398e+06	1.22747e-36
2.44408e+06	4.49371e-36
2.44418e+06	1.62876e-35
2.44428e+06	5.84473e-35
2.44438e+06	2.07649e-34
2.44448e+06	7.30385e-34
2.44458e+06	2.5435e-33
2.44468e+06	8.76935e-33
2.44478e+06	2.99337e-32
2.44488e+06	1.01161e-31
2.44498e+06	3.38469e-31
2.44508e+06	1.1212e-30
2.44518e+06	3.6771e-30
2.44528e+06	1.19394e-29
2.44538e+06	3.83813e-29
2.44548e+06	1.22155e-28
2.44558e+06	3.84913e-28
2.44568e+06	1.2008e-27
2.44578e+06	3.7088e-27
2.44588e+06	1.13411e-26
2.44598e+06	3.43346e-26
2.44608e+06	1.02912e-25
2.44618e+06	3.05393e-25
2.44628e+06	8.9724e-25
2.44638e+06	2.60985e-24
2.44648e+06	7.51585e-24
2.44658e+06	2.14288e-23
2.44668e+06	6.0489e-23
2.44678e+06	1.69048e-22
2.44688e+06	4.67738e-22
2.44698e+06	1.2813e-21
2.44708e+06	3.47501e-21
2.44718e+06	9.33081e-21
2.44728e+06	2.4805e-20
2.44738e+06	6.52854e-20
2.44748e+06	1.70118e-19
2.44758e+06	4.38875e-19
2.44768e+06	1.12096e-18
2.44778e+06	2.83461e-18
2.44788e+06	7.0967e-18
2.44798e+06	1.75904e-17
2.44808e+06	4.3167e-17
2.44818e+06	1.04878e-16
2.44828e+06	2.52276e-16
2.44838e+06	6.0079e-16
2.44848e+06	1.41653e-15
2.44858e+06	3.30665e-15
2.44868e+06	7.642e-15
2.44878e+06	1.74857e-14
2.44888e+06	3.9611e-14
2.44898e+06	8.88393e-14
2.44908e+06	1.97266e-13
2.44918e+06	4.33667e-13
2.44928e+06	9.4388e-13
2.44938e+06	2.03392e-12
2.44948e+06	4.3392e-12
2.44958e+06	9.1652e-12
2.44968e+06	1.9166e-11
2.44978e+06	3.96805e-11
2.44988e+06	8.13356e-11
2.44998e+06	1.6506e-10
2.45008e+06	3.31633e-10
2.45018e+06	6.59679e-10
2.45028e+06	1.29916e-09
2.45038e+06	2.5331e-09
2.45048e+06	4.88988e-09
2.45058e+06	9.34546e-09
2.45068e+06	1.76832e-08
2.45078e+06	3.31266e-08
2.45088e+06	6.14399e-08
2.45098e+06	1.12819e-07
2.45108e+06	2.05102e-07
2.45118e+06	3.6916e-07
2.45128e+06	6.57834e-07
2.45138e+06	1.16058e-06
2.45148e+06	2.02718e-06
2.45158e+06	3.50562e-06
2.45168e+06	6.00199e-06
2.45178e+06	1.01738e-05
2.45188e+06	1.70737e-05
2.45198e+06	2.8368e-05
2.45208e+06	4.66645e-05
2.45218e+06	7.5998e-05
2.45228e+06	0.000122539
2.45238e+06	0.000195616
2.45248e+06	0.000309165
2.45258e+06	0.000483765
2.45268e+06	0.000749438
2.45278e+06	0.00114946
2.45288e+06	0.00174545
2.45298e+06	0.0026241
2.45308e+06	0.00390579
2.45318e+06	0.00575566
2.45328e+06	0.00839727
2.45338e+06	0.0121294
2.45348e+06	0.0173459
2.45358e+06	0.024559
2.45368e+06	0.0344256
2.45378e+06	0.047776
2.45388e+06	0.065644
2.45398e+06	0.0892972
2.45408e+06	0.120264
2.45418e+06	0.160359
2.45428e+06	0.211693
2.45438e+06	0.27668
2.45448e+06	0.358019
2.45458e+06	0.45866
2.45468e+06	0.581745
2.45478e+06	0.730519
2.45488e+06	0.908213
2.45498e+06	1.11789
2.45508e+06	1.36229
2.45518e+06	1.64361
2.45528e+06	1.96328
2.45538e+06	2.32179
2.45548e+06	2.71845
2.45558e+06	3.15121
2.45568e+06	3.61651
2.45578e+06	4.10922
2.45588e+06	4.62259
2.45598e+06	5.14836
2.45608e+06	5.67688
2.45618e+06	6.19737
2.45628e+06	6.69827
2.45638e+06	7.16761
2.45648e+06	7.59352
2.45658e+06	7.96469
2.45668e+06	8.27088
2.45678e+06	8.50339
2.45688e+06	8.65544
2.45698e+06	8.72255
2.45708e+06	8.70271
2.45718e+06	8.59652
2.45728e+06	8.40714
2.45738e+06	8.14011
2.45748e+06	7.80315
2.45758e+06	7.4057
2.45768e+06	6.95857
2.45778e+06	6.47337
2.45788e+06	5.96208
2.45798e+06	5.43654
2.45808e+06	4.908
2.45818e+06	4.38676
2.45828e+06	3.88185
2.45838e+06	3.40089
2.45848e+06	2.94987
2.45858e+06	2.5332
2.45868e+06	2.15374
2.45878e+06	1.8129
2.45888e+06	1.51082
2.45898e+06	1.24654
2.45908e+06	1.01826
2.45918e+06	0.823511
2.45928e+06	0.65938
2.45938e+06	0.522708
2.45948e+06	0.410242
2.45958e+06	0.31877
2.45968e+06	0.245229
2.45978e+06	0.186777
2.45988e+06	0.140842
2.45998e+06	0.105147
2.46008e+06	0.077718
2.46018e+06	0.0568724
2.46028e+06	0.0412039
2.46038e+06	0.0295551
2.46048e+06	0.0209886
2.46058e+06	0.0147568
2.46068e+06	0.010272
2.46078e+06	0.00707912
2.46088e+06	0.00483012
2.46098e+06	0.00326283
2.46108e+06	0.00218217
2.46118e+06	0.0014449
2.46128e+06	0.00094721
2.46138e+06	0.000614767
2.46148e+06	0.000395032
2.46158e+06	0.000251311
2.46168e+06	0.000158288
2.46178e+06	9.87051e-05
2.46188e+06	6.09382e-05
2.46198e+06	3.72474e-05
2.46208e+06	2.25403e-05
2.46218e+06	1.35046e-05
2.46228e+06	8.0105e-06
2.46238e+06	4.7043e-06
2.46248e+06	2.73519e-06
2.46258e+06	1.57448e-06
2.46268e+06	8.9731e-07
2.46278e+06	5.06297e-07
2.46288e+06	2.8283e-07
2.46298e+06	1.56424e-07
2.46308e+06	8.56521e-08
2.46318e+06	4.64333e-08
2.46328e+06	2.49217e-08
2.46338e+06	1.32429e-08
2.46348e+06	6.96701e-09
2.46358e+06	3.62883e-09
2.46368e+06	1.8713e-09
2.46378e+06	9.55382e-10
2.46388e+06	4.82912e-10
2.46398e+06	2.41666e-10
2.46408e+06	1.19735e-10
2.46418e+06	5.87332e-11
2.46428e+06	2.85235e-11
2.46438e+06	1.37145e-11
2.46448e+06	6.52848e-12
2.46458e+06	3.07682e-12
2.46468e+06	1.43565e-12
2.46478e+06	6.63215e-13
2.46488e+06	3.0333e-13
2.46498e+06	1.37352e-13
2.46508e+06	6.15758e-14
2.46518e+06	2.73302e-14
2.46528e+06	1.20097e-14
2.46538e+06	5.22492e-15
2.46548e+06	2.25052e-15
2.46558e+06	9.59719e-16
2.46568e+06	4.05193e-16
2.46578e+06	1.6937e-16
2.46588e+06	7.00921e-17
2.46598e+06	2.87183e-17
2.46608e+06	1.16494e-17
2.46618e+06	4.67851e-18
2.46628e+06	1.86024e-18
2.46638e+06	7.32293e-19
2.46648e+06	2.85404e-19
2.46658e+06	1.10126e-19
2.46668e+06	4.20707e-20
2.46678e+06	1.5912e-20
2.46688e+06	5.95837e-21
2.46698e+06	2.20896e-21
2.46708e+06	8.10782e-22
2.46718e+06	2.94631e-22
2.46728e+06	1.06001e-22
2.46738e+06	3.77569e-23
2.46748e+06	1.3315e-23
2.46758e+06	4.64883e-24
2.46768e+06	1.60695e-24
2.46778e+06	5.49944e-25
2.46788e+06	1.86334e-25
2.46798e+06	6.25061e-26
2.46808e+06	2.07591e-26
2.46818e+06	6.8258e-27
2.46828e+06	2.22206e-27
2.46838e+06	7.16166e-28
2.46848e+06	2.28523e-28
2.46858e+06	7.21941e-29
2.46868e+06	2.25804e-29
2.46878e+06	6.99227e-30
2.46888e+06	2.14369e-30
2.46898e+06	6.50672e-31
2.46908e+06	1.95533e-31
2.46918e+06	5.81748e-32
2.46928e+06	1.71359e-32
2.46938e+06	4.99731e-33
2.46948e+06	1.44285e-33
2.46958e+06	4.12444e-34
2.46968e+06	1.16725e-34
2.46978e+06	3.27056e-35
2.46988e+06	9.07271e-36
2.46998e+06	2.49177e-36
2.47008e+06	6.77543e-37
2.47018e+06	1.82399e-37
2.47028e+06	4.86144e-38
2.47038e+06	1.28282e-38
2.47048e+06	3.35136e-39
2.47058e+06	8.66831e-40
2.47068e+06	2.21976e-40
2.47078e+06	5.62772e-41
2.47088e+06	1.41259e-41
2.47098e+06	3.51042e-42
2.47108e+06	8.63691e-43
2.47118e+06	2.10385e-43
2.47128e+06	5.07373e-44
2.47138e+06	1.21143e-44
2.47148e+06	2.86368e-45
2.47158e+06	6.70207e-46
2.47168e+06	1.55292e-46
2.47178e+06	3.56245e-47
2.47188e+06	8.09103e-48
2.47198e+06	1.81935e-48
2.47208e+06	4.05029e-49
2.47218e+06	8.92714e-50
2.47228e+06	1.94803e-50
2.47238e+06	4.20859e-51
2.47248e+06	9.0019e-52
2.47258e+06	1.90629e-52
2.47268e+06	3.99669e-53
2.47278e+06	8.29602e-54
2.47288e+06	1.70489e-54
2.47298e+06	3.4688e-55
2.47308e+06	6.98745e-56
2.47318e+06	1.39353e-56
2.47328e+06	2.7515e-57
2.47338e+06	5.37875e-58
2.47348e+06	1.041e-58
2.47358e+06	1.99469e-59
2.47368e+06	3.78405e-60
2.47378e+06	7.10717e-61
2.47388e+06	1.32158e-61
2.47398e+06	2.43302e-62
2.47408e+06	4.43463e-63
2.47418e+06	8.00248e-64
2.47428e+06	1.42972e-64
2.47438e+06	2.5289e-65
2.47448e+06	4.42864e-66
2.47458e+06	7.67832e-67
2.47468e+06	1.31801e-67
2.47478e+06	2.2399e-68
2.47488e+06	3.76874e-69
2.47498e+06	6.27798e-70
2.47508e+06	1.03538e-70
2.47518e+06	1.69059e-71
2.47528e+06	2.73297e-72
2.47538e+06	4.37408e-73
2.47548e+06	6.93101e-74
2.47558e+06	1.08733e-74
2.47568e+06	1.68883e-75
2.47578e+06	2.59697e-76
2.47588e+06	3.9537e-77
2.47598e+06	5.95935e-78
2.47608e+06	8.89305e-79
2.47618e+06	1.31389e-79
2.47628e+06	1.92187e-80
2.47638e+06	2.78322e-81
2.47648e+06	3.99051e-82
2.47658e+06	5.66454e-83
2.47668e+06	7.96084e-84
2.47678e+06	1.10767e-84
2.47688e+06	1.52587e-85
2.47698e+06	2.08105e-86
2.47708e+06	2.80999e-87
2.47718e+06	3.75651e-88
2.47728e+06	4.97189e-89
2.47738e+06	6.515e-90
2.47748e+06	8.45211e-91
2.47758e+06	1.08561e-91
2.47768e+06	1.3805e-92
2.47778e+06	1.73804e-93
2.47788e+06	2.16639e-94
2.47798e+06	2.67346e-95
2.47808e+06	3.26648e-96
2.47818e+06	3.96012e-97
2.47828e+06	5.50842e-98
2.47838e+06	7.17011e-98
2.47848e+06	5.57468e-97
2.47858e+06	4.64448e-96
2.47868e+06	3.8354e-95
2.47878e+06	3.13579e-94
2.47888e+06	2.53829e-93
2.47898e+06	2.0342e-92
2.47908e+06	1.61399e-91
2.47918e+06	1.26785e-90
2.47928e+06	9.8603e-90
2.47938e+06	7.59224e-89
2.47948e+06	5.78771e-88
2.47958e+06	4.36818e-87
2.47968e+06	3.26401e-86
2.47978e+06	2.41468e-85
2.47988e+06	1.76858e-84
2.47998e+06	1.28247e-83
2.48008e+06	9.20714e-83
2.48018e+06	6.54427e-82
2.48028e+06	4.60526e-81
2.48038e+06	3.20852e-80
2.48048e+06	2.21315e-79
2.48058e+06	1.51139e-78
2.48068e+06	1.02187e-77
2.48078e+06	6.84031e-77
2.48088e+06	4.53327e-76
2.48098e+06	2.97443e-75
2.48108e+06	1.93221e-74
2.48118e+06	1.24268e-73
2.48128e+06	7.91268e-73
2.48138e+06	4.98821e-72
2.48148e+06	3.11331e-71
2.48158e+06	1.92379e-70
2.48168e+06	1.17693e-69
2.48178e+06	7.1285e-69
2.48188e+06	4.27468e-68
2.48198e+06	2.53786e-67
2.48208e+06	1.49172e-66
2.48218e+06	8.68089e-66
2.48228e+06	5.00148e-65
2.48238e+06	2.85292e-64
2.48248e+06	1.61116e-63
2.48258e+06	9.00832e-63
2.48268e+06	4.98662e-62
2.48278e+06	2.73291e-61
2.48288e+06	1.48287e-60
2.48298e+06	7.96592e-60
2.48308e+06	4.23669e-59
2.48318e+06	2.23087e-58
2.48328e+06	1.163e-57
2.48338e+06	6.00262e-57
2.48348e+06	3.06733e-56
2.48358e+06	1.5518e-55
2.48368e+06	7.77265e-55
2.48378e+06	3.85442e-54
2.48388e+06	1.89237e-53
2.48398e+06	9.19836e-53
2.48408e+06	4.42661e-52
2.48418e+06	2.10907e-51
2.48428e+06	9.94868e-51
2.48438e+06	4.6462e-50
2.48448e+06	2.14826e-49
2.48458e+06	9.83408e-49
2.48468e+06	4.45695e-48
2.48478e+06	1.99985e-47
2.48488e+06	8.88415e-47
2.48498e+06	3.90742e-46
2.48508e+06	1.70146e-45
2.48518e+06	7.33518e-45
2.48528e+06	3.13081e-44
2.48538e+06	1.323e-43
2.48548e+06	5.53503e-43
2.48558e+06	2.29265e-42
2.48568e+06	9.4018e-42
2.48578e+06	3.81718e-41
2.48588e+06	1.53437e-40
2.48598e+06	6.10627e-40
2.48608e+06	2.4059e-39
2.48618e+06	9.38507e-39
2.48628e+06	3.62455e-38
2.48638e+06	1.38589e-37
2.48648e+06	5.24636e-37
2.48658e+06	1.96628e-36
2.48668e+06	7.2961e-36
2.48678e+06	2.68035e-35
2.48688e+06	9.7488e-35
2.48698e+06	3.51048e-34
2.48708e+06	1.25153e-33
2.48718e+06	4.41743e-33
2.48728e+06	1.54368e-32
2.48738e+06	5.34073e-32
2.48748e+06	1.82937e-31
2.48758e+06	6.20383e-31
2.48768e+06	2.08293e-30
2.48778e+06	6.92385e-30
2.48788e+06	2.27865e-29
2.48798e+06	7.42443e-29
2.48808e+06	2.39501e-28
2.48818e+06	7.64905e-28
2.48828e+06	2.4186e-27
2.48838e+06	7.57146e-27
2.48848e+06	2.34667e-26
2.48858e+06	7.20079e-26
2.48868e+06	2.18759e-25
2.48878e+06	6.57974e-25
2.48888e+06	1.95933e-24
2.48898e+06	5.77651e-24
2.48908e+06	1.68608e-23
2.48918e+06	4.87248e-23
2.48928e+06	1.39405e-22
2.48938e+06	3.94879e-22
2.48948e+06	1.1074e-21
2.48958e+06	3.07472e-21
2.48968e+06	8.45204e-21
2.48978e+06	2.30025e-20
2.48988e+06	6.19791e-20
2.48998e+06	1.65338e-19
2.49008e+06	4.36674e-19
2.49018e+06	1.14182e-18
2.49028e+06	2.95595e-18
2.49038e+06	7.57624e-18
2.49048e+06	1.9225e-17
2.49058e+06	4.82988e-17
2.49068e+06	1.20133e-16
2.49078e+06	2.95833e-16
2.49088e+06	7.21254e-16
2.49098e+06	1.74095e-15
2.49108e+06	4.16046e-15
2.49118e+06	9.84359e-15
2.49128e+06	2.3058e-14
2.49138e+06	5.34748e-14
2.49148e+06	1.22781e-13
2.49158e+06	2.79108e-13
2.49168e+06	6.2816e-13
2.49178e+06	1.39967e-12
2.49188e+06	3.08771e-12
2.49198e+06	6.7438e-12
2.49208e+06	1.45824e-11
2.49218e+06	3.12186e-11
2.49228e+06	6.61687e-11
2.49238e+06	1.38851e-10
2.49248e+06	2.88472e-10
2.49258e+06	5.93355e-10
2.49268e+06	1.20832e-09
2.49278e+06	2.43617e-09
2.49288e+06	4.86284e-09
2.49298e+06	9.61012e-09
2.49308e+06	1.88029e-08
2.49318e+06	3.64232e-08
2.49328e+06	6.98536e-08
2.49338e+06	1.32634e-07
2.49348e+06	2.49333e-07
2.49358e+06	4.64047e-07
2.49368e+06	8.55067e-07
2.49378e+06	1.5599e-06
2.49388e+06	2.8174e-06
2.49398e+06	5.038e-06
2.49408e+06	8.91918e-06
2.49418e+06	1.56332e-05
2.49428e+06	2.71288e-05
2.49438e+06	4.66088e-05
2.49448e+06	7.92798e-05
2.49458e+06	0.00013351
2.49468e+06	0.000222599
2.49478e+06	0.000367443
2.49488e+06	0.0006005
2.49498e+06	0.000971613
2.49508e+06	0.00155643
2.49518e+06	0.00246845
2.49528e+06	0.00387594
2.49538e+06	0.00602539
2.49548e+06	0.00927365
2.49558e+06	0.014131
2.49568e+06	0.0213183
2.49578e+06	0.0318412
2.49588e+06	0.0470851
2.49598e+06	0.0689341
2.49608e+06	0.0999176
2.49618e+06	0.143386
2.49628e+06	0.203718
2.49638e+06	0.286555
2.49648e+06	0.399065
2.49658e+06	0.550221
2.49668e+06	0.751082
2.49678e+06	1.01507
2.49688e+06	1.35819
2.49698e+06	1.7992
2.49708e+06	2.35971
2.49718e+06	3.06404
2.49728e+06	3.93901
2.49738e+06	5.01345
2.49748e+06	6.31747
2.49758e+06	7.88146
2.49768e+06	9.73481
2.49778e+06	11.9043
2.49788e+06	14.4125
2.49798e+06	17.2756
2.49808e+06	20.5013
2.49818e+06	24.0872
2.49828e+06	28.0188
2.49838e+06	32.2679
2.49848e+06	36.7915
2.49858e+06	41.5319
2.49868e+06	46.4166
2.49878e+06	51.3596
2.49888e+06	56.2635
2.49898e+06	61.0224
2.49908e+06	65.5253
2.49918e+06	69.6603
2.49928e+06	73.3194
2.49938e+06	76.4029
2.49948e+06	78.8238
2.49958e+06	80.5123
2.49968e+06	81.4187
2.49978e+06	81.516
2.49988e+06	80.8014
2.49998e+06	79.2961
2.50008e+06	77.0446
2.50018e+06	74.1121
2.50028e+06	70.5819
2.50038e+06	66.551
2.50048e+06	62.1259
2.50058e+06	57.418
2.50068e+06	52.5389
2.50078e+06	47.596
2.50088e+06	42.6891
2.50098e+06	37.9071
2.50108e+06	33.3258
2.50118e+06	29.0067
2.50128e+06	24.9962
2.50138e+06	21.3258
2.50148e+06	18.0133
2.50158e+06	15.064
2.50168e+06	12.4722
2.50178e+06	10.2236
2.50188e+06	8.29698
2.50198e+06	6.66644
2.50208e+06	5.30304
2.50218e+06	4.17651
2.50228e+06	3.25656
2.50238e+06	2.51398
2.50248e+06	1.92141
2.50258e+06	1.45391
2.50268e+06	1.08921
2.50278e+06	0.807869
2.50288e+06	0.593238
2.50298e+06	0.431294
2.50308e+06	0.310438
2.50318e+06	0.221225
2.50328e+06	0.156081
2.50338e+06	0.109024
2.50348e+06	0.0753967
2.50358e+06	0.0516226
2.50368e+06	0.0349932
2.50378e+06	0.0234847
2.50388e+06	0.0156042
2.50398e+06	0.010265
2.50408e+06	0.00668545
2.50418e+06	0.00431082
2.50428e+06	0.00275199
2.50438e+06	0.00173936
2.50448e+06	0.0010884
2.50458e+06	0.000674291
2.50468e+06	0.000413583
2.50478e+06	0.00025115
2.50488e+06	0.000150995
2.50498e+06	8.9877e-05
2.50508e+06	5.29653e-05
2.50518e+06	3.09023e-05
2.50528e+06	1.78504e-05
2.50538e+06	1.02085e-05
2.50548e+06	5.78007e-06
2.50558e+06	3.24012e-06
2.50568e+06	1.79823e-06
2.50578e+06	9.88072e-07
2.50588e+06	5.37512e-07
2.50598e+06	2.89497e-07
2.50608e+06	1.54368e-07
2.50618e+06	8.14945e-08
2.50628e+06	4.25947e-08
2.50638e+06	2.20414e-08
2.50648e+06	1.12923e-08
2.50658e+06	5.7277e-09
2.50668e+06	2.87631e-09
2.50678e+06	1.43004e-09
2.50688e+06	7.03913e-10
2.50698e+06	3.43041e-10
2.50708e+06	1.65512e-10
2.50718e+06	7.90625e-11
2.50728e+06	3.73911e-11
2.50738e+06	1.75075e-11
2.50748e+06	8.11588e-12
2.50758e+06	3.72482e-12
2.50768e+06	1.69251e-12
2.50778e+06	7.61403e-13
2.50788e+06	3.39121e-13
2.50798e+06	1.49538e-13
2.50808e+06	6.5284e-14
2.50818e+06	2.82175e-14
2.50828e+06	1.2075e-14
2.50838e+06	5.11579e-15
2.50848e+06	2.14583e-15
2.50858e+06	8.91118e-16
2.50868e+06	3.6638e-16
2.50878e+06	1.49137e-16
2.50888e+06	6.01031e-17
2.50898e+06	2.39809e-17
2.50908e+06	9.47305e-18
2.50918e+06	3.70486e-18
2.50928e+06	1.43454e-18
2.50938e+06	5.4993e-19
2.50948e+06	2.08718e-19
2.50958e+06	7.8428e-20
2.50968e+06	2.91768e-20
2.50978e+06	1.07464e-20
2.50988e+06	3.91872e-21
2.50998e+06	1.41476e-21
2.51008e+06	5.05683e-22
2.51018e+06	1.7895e-22
2.51028e+06	6.26961e-23
2.51038e+06	2.17474e-23
2.51048e+06	7.46846e-24
2.51058e+06	2.53929e-24
2.51068e+06	8.54772e-25
2.51078e+06	2.84869e-25
2.51088e+06	9.39934e-26
2.51098e+06	3.07048e-26
2.51108e+06	9.93053e-27
2.51118e+06	3.17977e-27
2.51128e+06	1.00804e-27
2.51138e+06	3.16383e-28
2.51148e+06	9.83122e-29
2.51158e+06	3.02454e-29
2.51168e+06	9.21229e-30
2.51178e+06	2.778e-30
2.51188e+06	8.29384e-31
2.51198e+06	2.45152e-31
2.51208e+06	7.17417e-32
2.51218e+06	2.07857e-32
2.51228e+06	5.96234e-33
2.51238e+06	1.69326e-33
2.51248e+06	4.7609e-34
2.51258e+06	1.32529e-34
2.51268e+06	3.6525e-35
2.51278e+06	9.96612e-36
2.51288e+06	2.69228e-36
2.51298e+06	7.20062e-37
2.51308e+06	1.90668e-37
2.51318e+06	4.99852e-38
2.51328e+06	1.29737e-38
2.51338e+06	3.33381e-39
2.51348e+06	8.48157e-40
2.51358e+06	2.13633e-40
2.51368e+06	5.32744e-41
2.51378e+06	1.3153e-41
2.51388e+06	3.21506e-42
2.51398e+06	7.78054e-43
2.51408e+06	1.86418e-43
2.51418e+06	4.42204e-44
2.51428e+06	1.03852e-44
2.51438e+06	2.4147e-45
2.51448e+06	5.55865e-46
2.51458e+06	1.26687e-46
2.51468e+06	2.85859e-47
2.51478e+06	6.38601e-48
2.51488e+06	1.41242e-48
2.51498e+06	3.09282e-49
2.51508e+06	6.70507e-50
2.51518e+06	1.43916e-50
2.51528e+06	3.05824e-51
2.51538e+06	6.43415e-52
2.51548e+06	1.34019e-52
2.51558e+06	2.76376e-53
2.51568e+06	5.64276e-54
2.51578e+06	1.14062e-54
2.51588e+06	2.28268e-55
2.51598e+06	4.52279e-56
2.51608e+06	8.87207e-57
2.51618e+06	1.72306e-57
2.51628e+06	3.3131e-58
2.51638e+06	6.30702e-59
2.51648e+06	1.1887e-59
2.51658e+06	2.21807e-60
2.51668e+06	4.09767e-61
2.51678e+06	7.49471e-62
2.51688e+06	1.35716e-62
2.51698e+06	2.43312e-63
2.51708e+06	4.31869e-64
2.51718e+06	7.58925e-65
2.51728e+06	1.32039e-65
2.51738e+06	2.27438e-66
2.51748e+06	3.87865e-67
2.51758e+06	6.5487e-68
2.51768e+06	1.09468e-68
2.51778e+06	1.81166e-69
2.51788e+06	2.9684e-70
2.51798e+06	4.81532e-71
2.51808e+06	7.73365e-72
2.51818e+06	1.22971e-72
2.51828e+06	1.93587e-73
2.51838e+06	3.01722e-74
2.51848e+06	4.65581e-75
2.51858e+06	7.1128e-76
2.51868e+06	1.07583e-76
2.51878e+06	1.61103e-77
2.51888e+06	2.38846e-78
2.51898e+06	3.50584e-79
2.51908e+06	5.09475e-80
2.51918e+06	7.33011e-81
2.51928e+06	1.04413e-81
2.51938e+06	1.47251e-82
2.51948e+06	2.05596e-83
2.51958e+06	2.84205e-84
2.51968e+06	3.8896e-85
2.51978e+06	5.27029e-86
2.51988e+06	7.07003e-87
2.51998e+06	9.39e-88
2.52008e+06	1.23471e-88
2.52018e+06	1.6074e-89
2.52028e+06	2.07176e-90
2.52038e+06	2.6437e-91
2.52048e+06	3.33996e-92
2.52058e+06	4.17761e-93
2.52068e+06	5.17334e-94
2.52078e+06	6.34267e-95
2.52088e+06	7.69891e-96
2.52098e+06	9.25218e-97
2.52108e+06	1.10082e-97
2.52118e+06	1.29671e-98
2.52128e+06	1.51227e-99
2.52138e+06	1.74612e-100
2.52148e+06	1.99606e-101
2.52158e+06	2.25907e-102
2.52168e+06	2.5313e-103
2.52178e+06	2.80812e-104
2.52188e+06	3.0842e-105
2.52198e+06	3.35373e-106
2.52208e+06	3.61053e-107
2.52218e+06	3.84831e-108
2.52228e+06	4.06093e-109
2.52238e+06	4.24267e-110
2.52248e+06	4.38844e-111
2.52258e+06	4.49404e-112
2.52268e+06	4.5564e-113
2.52278e+06	4.57366e-114
2.52288e+06	4.5453e-115
2.52298e+06	4.47216e-116
2.52308e+06	4.35643e-117
2.52318e+06	4.20146e-118
2.52328e+06	4.01169e-119
2.52338e+06	3.79237e-120
2.52348e+06	3.54938e-121
2.52358e+06	3.2889e-122
2.52368e+06	3.01721e-123
2.52378e+06	2.74042e-124
2.52388e+06	2.46426e-125
2.52398e+06	2.19388e-126
2.52408e+06	1.93373e-127
2.52418e+06	1.68747e-128
2.52428e+06	1.45792e-129
2.52438e+06	1.24706e-130
2.52448e+06	1.05609e-131
2.52458e+06	8.8546e-133
2.52468e+06	7.35012e-134
2.52478e+06	6.04056e-135
2.52488e+06	4.91492e-136
2.52498e+06	3.95926e-137
2.52508e+06	3.15768e-138
2.52518e+06	2.49332e-139
2.52528e+06	1.94916e-140
2.52538e+06	1.50859e-141
2.52548e+06	1.15599e-142
2.52558e+06	8.76986e-144
2.52568e+06	6.58702e-145
2.52578e+06	4.89826e-146
2.52588e+06	3.60622e-147
2.52598e+06	2.62857e-148
2.52608e+06	1.8969e-149
2.52618e+06	1.35527e-150
2.52628e+06	9.58659e-152
2.52638e+06	6.71367e-153
2.52648e+06	4.65492e-154
2.52658e+06	3.19538e-155
2.52668e+06	2.17165e-156
2.52678e+06	1.46121e-157
2.52688e+06	9.73405e-159
2.52698e+06	6.41995e-160
2.52708e+06	4.19205e-161
2.52718e+06	2.71006e-162
2.52728e+06	1.73455e-163
2.52738e+06	1.09914e-164
2.52748e+06	6.89568e-166
2.52758e+06	4.28309e-167
2.52768e+06	2.63387e-168
2.52778e+06	1.60357e-169
2.52788e+06	9.66586e-171
2.52798e+06	5.76831e-172
2.52808e+06	3.40812e-173
2.52818e+06	1.9936e-174
2.52828e+06	1.15456e-175
2.52838e+06	6.61993e-177
2.52848e+06	3.75792e-178
2.52858e+06	2.11202e-179
2.52868e+06	1.17518e-180
2.52878e+06	6.47397e-182
2.52888e+06	3.53096e-183
2.52898e+06	1.90665e-184
2.52908e+06	1.01931e-185
2.52918e+06	5.39512e-187
2.52928e+06	2.82716e-188
2.52938e+06	1.46676e-189
2.52948e+06	7.53395e-191
2.52958e+06	3.83128e-192
2.52968e+06	1.92896e-193
2.52978e+06	9.61519e-195
2.52988e+06	4.74515e-196
2.52998e+06	2.31846e-197
2.53008e+06	1.12152e-198
2.53018e+06	5.37119e-200
2.53028e+06	2.54678e-201
2.53038e+06	1.19555e-202
2.53048e+06	5.55653e-204
2.53058e+06	2.55679e-205
2.53068e+06	1.16478e-206
2.53078e+06	5.25352e-208
2.53088e+06	2.34592e-209
2.53098e+06	1.03713e-210
2.53108e+06	4.53953e-212
2.53118e+06	1.96718e-213
2.53128e+06	8.43988e-215
2.53138e+06	3.58496e-216
2.53148e+06	1.50761e-217
2.53158e+06	6.27701e-219
2.53168e+06	2.58745e-220
2.53178e+06	1.05596e-221
2.53188e+06	4.2666e-223
2.53198e+06	1.70676e-224
2.53208e+06	6.7596e-226
2.53218e+06	2.65049e-227
2.53228e+06	1.02893e-228
2.53238e+06	3.95463e-230
2.53248e+06	1.50481e-231
2.53258e+06	5.66911e-233
2.53268e+06	2.11449e-234
2.53278e+06	7.80823e-236
2.53288e+06	2.85467e-237
2.53298e+06	1.03328e-238
2.53308e+06	3.70285e-240
2.53318e+06	1.31375e-241
2.53328e+06	4.6147e-243
2.53338e+06	1.60485e-244
2.53348e+06	5.5256e-246
2.53358e+06	1.88358e-247
2.53368e+06	6.35688e-249
2.53378e+06	2.12403e-250
2.53388e+06	7.02646e-252
2.53398e+06	2.30127e-253
2.53408e+06	7.46203e-255
2.53418e+06	2.39554e-256
2.53428e+06	7.61388e-258
2.53438e+06	2.39588e-259
2.53448e+06	7.46419e-261
2.53458e+06	2.30227e-262
2.53468e+06	7.03053e-264
2.53478e+06	2.12557e-265
2.53488e+06	6.36241e-267
2.53498e+06	1.88549e-268
2.53508e+06	5.53202e-270
2.53518e+06	1.60694e-271
2.53528e+06	4.6214e-273
2.53538e+06	1.31584e-274
2.53548e+06	3.7093e-276
2.53558e+06	1.03523e-277
2.53568e+06	2.86047e-279
2.53578e+06	7.82522e-281
2.53588e+06	2.1194e-282
2.53598e+06	5.6831e-284
2.53608e+06	1.50874e-285
2.53618e+06	3.96554e-287
2.53628e+06	1.03192e-288
2.53638e+06	2.65857e-290
2.53648e+06	6.78119e-292
2.53658e+06	1.71246e-293
2.53668e+06	4.28147e-295
2.53678e+06	1.0598e-296
2.53688e+06	2.59722e-298
2.53698e+06	6.30162e-300
2.53708e+06	1.51375e-301
2.53718e+06	3.60006e-303
2.53728e+06	8.47666e-305
2.53738e+06	1.97604e-306
2.53748e+06	4.56063e-308
2.53758e+06	1.0421e-309
2.53768e+06	2.35751e-311
2.53778e+06	5.28024e-313
2.53788e+06	1.17088e-314
2.53798e+06	2.57054e-316
2.53808e+06	5.58726e-318
2.53818e+06	1.20102e-319
2.53828e+06	2.41598e-321
2.53838e+06	0
2.53848e+06	0
2.53858e+06	0
2.53868e+06	0
2.53878e+06	0
2.53888e+06	0
2.53898e+06	0
2.53908e+06	0
2.53918e+06	0
2.53928e+06	0
2.53938e+06	0
2.53948e+06	0
2.53958e+06	0
2.53968e+06	0
2.53978e+06	0
2.53988e+06	0
2.53998e+06	0
2.54008e+06	0
2.54018e+06	0
2.54028e+06	0
2.54038e+06	0
2.54048e+06	0
2.54058e+06	0
2.54068e+06	0
2.54078e+06	0
2.54088e+06	0
2.54098e+06	0
2.54108e+06	0
2.54118e+06	0
2.54128e+06	0
2.54138e+06	0
2.54148e+06	0
2.54158e+06	0
2.54168e+06	0
2.54178e+06	0
2.54188e+06	0
2.54198e+06	0
2.54208e+06	0
2.54218e+06	0
2.54228e+06	0
2.54238e+06	0
2.54248e+06	0
2.54258e+06	0
2.54268e+06	0
2.54278e+06	0
2.54288e+06	0
2.54298e+06	0
2.54308e+06	0
2.54318e+06	0
2.54328e+06	0
2.54338e+06	0
2.54348e+06	0
2.54358e+06	0
2.54368e+06	0
2.54378e+06	0
2.54388e+06	0
2.54398e+06	0
2.54408e+06	0
2.54418e+06	0
2.54428e+06	0
2.54438e+06	0
2.54448e+06	0
2.54458e+06	0
2.54468e+06	0
2.54478e+06	0
2.54488e+06	0
2.54498e+06	0
2.54508e+06	0
2.54518e+06	0
2.54528e+06	0
2.54538e+06	0
2.54548e+06	0
2.54558e+06	0
2.54568e+06	0
2.54578e+06	0
2.54588e+06	0
2.54598e+06	0
2.54608e+06	0
2.54618e+06	0
2.54628e+06	0
2.54638e+06	0
2.54648e+06	0
2.54658e+06	0
2.54668e+06	0
2.54678e+06	0
2.54688e+06	0
2.54698e+06	0
2.54708e+06	0
2.54718e+06	0
2.54728e+06	0
2.54738e+06	0
2.54748e+06	0
2.54758e+06	0
2.54768e+06	0
2.54778e+06	0
2.54788e+06	0
2.54798e+06	0
2.54808e+06	0
2.54818e+06	0
2.54828e+06	0
2.54838e+06	0
2.54848e+06	0
2.54858e+06	0
2.54868e+06	0
2.54878e+06	0
2.54888e+06	0
2.54898e+06	0
2.54908e+06	0
2.54918e+06	0
2.54928e+06	0
2.54938e+06	0
2.54948e+06	0
2.54958e+06	0
2.54968e+06	0
2.54978e+06	0
2.54988e+06	0
2.54998e+06	0
2.55008e+06	0
2.55018e+06	0
2.55028e+06	0
2.55038e+06	0
2.55048e+06	0
2.55058e+06	0
2.55068e+06	0
2.55078e+06	0
2.55088e+06	0
2.55098e+06	0
2.55108e+06	0
2.55118e+06	0
2.55128e+06	0
2.55138e+06	0
2.55148e+06	0
2.55158e+06	0
2.55168e+06	0
2.55178e+06	0
2.55188e+06	0
2.55198e+06	0
2.55208e+06	0
2.55218e+06	0
2.55228e+06	0
2.55238e+06	0
2.55248e+06	0
2.55258e+06	0
2.55268e+06	0
2.55278e+06	0
2.55288e+06	0
2.55298e+06	0
2.55308e+06	0
2.55318e+06	0
2.55328e+06	0
2.55338e+06	0
2.55348e+06	0
2.55358e+06	0
2.55368e+06	0
2.55378e+06	0
2.55388e+06	0
2.55398e+06	0
2.55408e+06	0
2.55418e+06	0
2.55428e+06	0
2.55438e+06	0
2.55448e+06	0
2.55458e+06	0
2.55468e+06	0
2.55478e+06	0
2.55488e+06	0
2.55498e+06	0
2.55508e+06	0
2.55518e+06	0
2.55528e+06	0
2.55538e+06	0
2.55548e+06	0
2.55558e+06	0
2.55568e+06	0
2.55578e+06	0
2.55588e+06	0
2.55598e+06	0
2.55608e+06	0
2.55618e+06	0
2.55628e+06	0
2.55638e+06	0
2.55648e+06	0
2.55658e+06	0
2.55668e+06	0
2.55678e+06	0
2.55688e+06	0
2.55698e+06	0
2.55708e+06	0
2.55718e+06	0
2.55728e+06	0
2.55738e+06	0
2.55748e+06	0
2.55758e+06	0
2.55768e+06	0
2.55778e+06	0
2.55788e+06	0
2.55798e+06	0
2.55808e+06	0
2.55818e+06	0
2.55828e+06	0
2.55838e+06	0
2.55848e+06	0
2.55858e+06	0
2.55868e+06	0
2.55878e+06	0
2.55888e+06	0
2.55898e+06	0
2.55908e+06	0
2.55918e+06	0
2.55928e+06	0
2.55938e+06	0
2.55948e+06	0
2.55958e+06	0
2.55968e+06	0
2.55978e+06	0
2.55988e+06	0
2.55998e+06	0
2.56008e+06	0
2.56018e+06	0
2.56028e+06	0
2.56038e+06	0
2.56048e+06	0
2.56058e+06	0
2.56068e+06	0
2.56078e+06	0
2.56088e+06	0
2.56098e+06	0
2.56108e+06	0
2.56118e+06	0
2.56128e+06	0
2.56138e+06	0
2.56148e+06	0
2.56158e+06	0
2.56168e+06	0
2.56178e+06	0
2.56188e+06	0
2.56198e+06	0
2.56208e+06	0
2.56218e+06	0
2.56228e+06	0
2.56238e+06	0
2.56248e+06	0
2.56258e+06	0
2.56268e+06	0
2.56278e+06	0
2.56288e+06	0
2.56298e+06	0
2.56308e+06	0
2.56318e+06	0
2.56328e+06	0
2.56338e+06	0
2.56348e+06	0
2.56358e+06	0
2.56368e+06	0
2.56378e+06	0
2.56388e+06	0
2.56398e+06	0
2.56408e+06	0
2.56418e+06	0
2.56428e+06	0
2.56438e+06	0
2.56448e+06	0
2.56458e+06	0
2.56468e+06	0
2.56478e+06	0
2.56488e+06	0
2.56498e+06	0
2.56508e+06	0
2.56518e+06	0
2.56528e+06	0
2.56538e+06	0
2.56548e+06	0
2.56558e+06	0
2.56568e+06	0
2.56578e+06	0
2.56588e+06	0
2.56598e+06	0
2.56608e+06	0
2.56618e+06	0
2.56628e+06	0
2.56638e+06	0
2.56648e+06	0
2.56658e+06	0
2.56668e+06	0
2.56678e+06	0
2.56688e+06	0
2.56698e+06	0
2.56708e+06	0
2.56718e+06	0
2.56728e+06	0
2.56738e+06	0
2.56748e+06	0
2.56758e+06	0
2.56768e+06	0
2.56778e+06	0
2.56788e+06	0
2.56798e+06	0
2.56808e+06	0
2.56818e+06	0
2.56828e+06	0
2.56838e+06	0
2.56848e+06	0
2.56858e+06	0
2.56868e+06	0
2.56878e+06	0
2.56888e+06	0
2.56898e+06	0
2.56908e+06	0
2.56918e+06	0
2.56928e+06	0
2.56938e+06	0
2.56948e+06	0
2.56958e+06	0
2.56968e+06	0
2.56978e+06	0
2.56988e+06	0
2.56998e+06	0
2.57008e+06	0
2.57018e+06	0
2.57028e+06	0
2.57038e+06	0
2.57048e+06	0
2.57058e+06	0
2.57068e+06	0
2.57078e+06	0
2.57088e+06	0
2.57098e+06	0
2.57108e+06	0
2.57118e+06	0
2.57128e+06	0
2.57138e+06	0
2.57148e+06	0
2.57158e+06	0
2.57168e+06	0
2.57178e+06	0
2.57188e+06	0
2.57198e+06	0
2.57208e+06	0
2.57218e+06	0
2.57228e+06	0
2.57238e+06	0
2.57248e+06	0
2.57258e+06	0
2.57268e+06	0
2.57278e+06	0
2.57288e+06	0
2.57298e+06	0
2.57308e+06	0
2.57318e+06	0
2.57328e+06	0
2.57338e+06	0
2.57348e+06	0
2.57358e+06	0
2.57368e+06	0
2.57378e+06	0
2.57388e+06	0
2.57398e+06	0
2.57408e+06	0
2.57418e+06	0
2.57428e+06	0
2.57438e+06	0
2.57448e+06	0
2.57458e+06	0
2.57468e+06	0
2.57478e+06	0
2.57488e+06	0
2.57498e+06	0
2.57508e+06	0
2.57518e+06	0
2.57528e+06	0
2.57538e+06	0
2.57548e+06	0
2.57558e+06	0
2.57568e+06	0
2.57578e+06	0
2.57588e+06	0
2.57598e+06	0
2.57608e+06	0
2.57618e+06	0
2.57628e+06	0
2.57638e+06	0
2.57648e+06	0
2.57658e+06	0
2.57668e+06	0
2.57678e+06	0
2.57688e+06	0
2.57698e+06	0
2.57708e+06	0
2.57718e+06	0
2.57728e+06	0
2.57738e+06	0
2.57748e+06	0
2.57758e+06	0
2.57768e+06	0
2.57778e+06	0
2.57788e+06	0
2.57798e+06	0
2.57808e+06	0
2.57818e+06	0
2.57828e+06	0
2.57838e+06	0
2.57848e+06	0
2.57858e+06	0
2.57868e+06	0
2.57878e+06	0
2.57888e+06	0
2.57898e+06	0
2.57908e+06	0
2.57918e+06	0
2.57928e+06	0
2.57938e+06	0
2.57948e+06	0
2.57958e+06	0
2.57968e+06	0
2.57978e+06	0
2.57988e+06	0
2.57998e+06	0
2.58008e+06	0
2.58018e+06	0
2.58028e+06	0
2.58038e+06	0
2.58048e+06	0
2.58058e+06	0
2.58068e+06	0
2.58078e+06	0
2.58088e+06	0
2.58098e+06	0
2.58108e+06	0
2.58118e+06	0
2.58128e+06	0
2.58138e+06	0
2.58148e+06	0
2.58158e+06	0
2.58168e+06	0
2.58178e+06	0
2.58188e+06	0
2.58198e+06	0
2.58208e+06	0
2.58218e+06	0
2.58228e+06	0
2.58238e+06	0
2.58248e+06	0
2.58258e+06	0
2.58268e+06	0
2.58278e+06	0
2.58288e+06	0
2.58298e+06	0
2.58308e+06	0
2.58318e+06	0
2.58328e+06	0
2.58338e+06	0
2.58348e+06	0
2.58358e+06	0
2.58368e+06	0
2.58378e+06	0
2.58388e+06	0
2.58398e+06	0
2.58408e+06	0
2.58418e+06	0
2.58428e+06	0
2.58438e+06	0
2.58448e+06	0
2.58458e+06	0
2.58468e+06	0
2.58478e+06	0
2.58488e+06	0
2.58498e+06	0
2.58508e+06	0
2.58518e+06	0
2.58528e+06	0
2.58538e+06	0
2.58548e+06	0
2.58558e+06	0
2.58568e+06	0
2.58578e+06	0
2.58588e+06	0
2.58598e+06	0
2.58608e+06	0
2.58618e+06	0
2.58628e+06	0
2.58638e+06	0
2.58648e+06	0
2.58658e+06	0
2.58668e+06	0
2.58678e+06	0
2.58688e+06	0
2.58698e+06	0
2.58708e+06	0
2.58718e+06	0
2.58728e+06	0
2.58738e+06	0
2.58748e+06	0
2.58758e+06	0
2.58768e+06	0
2.58778e+06	0
2.58788e+06	0
2.58798e+06	0
2.58808e+06	0
2.58818e+06	0
2.58828e+06	0
2.58838e+06	0
2.58848e+06	0
2.58858e+06	0
2.58868e+06	0
2.58878e+06	0
2.58888e+06	0
2.58898e+06	0
2.58908e+06	0
2.58918e+06	0
2.58928e+06	0
2.58938e+06	0
2.58948e+06	0
2.58958e+06	0
2.58968e+06	0
2.58978e+06	0
2.58988e+06	0
2.58998e+06	0
2.59008e+06	0
2.59018e+06	0
2.59028e+06	0
2.59038e+06	0
2.59048e+06	0
2.59058e+06	0
2.59068e+06	0
2.59078e+06	0
2.59088e+06	0
2.59098e+06	0
2.59108e+06	0
2.59118e+06	0
2.59128e+06	0
2.59138e+06	0
2.59148e+06	0
2.59158e+06	0
2.59168e+06	0
2.59178e+06	0
2.59188e+06	0
2.59198e+06	0
2.59208e+06	0
2.59218e+06	0
2.59228e+06	0
2.59238e+06	0
2.59248e+06	0
2.59258e+06	0
2.59268e+06	0
2.59278e+06	0
2.59288e+06	0
2.59298e+06	0
2.59308e+06	0
2.59318e+06	0
2.59328e+06	0
2.59338e+06	0
2.59348e+06	0
2.59358e+06	0
2.59368e+06	0
2.59378e+06	0
2.59388e+06	0
2.59398e+06	0
2.59408e+06	0
2.59418e+06	0
2.59428e+06	0
2.59438e+06	0
2.59448e+06	0
2.59458e+06	0
2.59468e+06	0
2.59478e+06	0
2.59488e+06	0
2.59498e+06	0
2.59508e+06	0
2.59518e+06	0
2.59528e+06	0
2.59538e+06	0
2.59548e+06	0
2.59558e+06	0
2.59568e+06	0
2.59578e+06	0
2.59588e+06	0
2.59598e+06	0
2.59608e+06	0
2.59618e+06	0
2.59628e+06	0
2.59638e+06	0
2.59648e+06	0
2.59658e+06	0
2.59668e+06	0
2.59678e+06	0
2.59688e+06	0
2.59698e+06	0
2.59708e+06	0
2.59718e+06	0
2.59728e+06	0
2.59738e+06	0
2.59748e+06	0
2.59758e+06	0
2.59768e+06	0
2.59778e+06	0
2.59788e+06	0
2.59798e+06	0
2.59808e+06	0
2.59818e+06	0
2.59828e+06	0
2.59838e+06	0
2.59848e+06	0
2.59858e+06	0
2.59868e+06	0
2.59878e+06	0
2.59888e+06	0
2.59898e+06	0
2.59908e+06	0
2.59918e+06	0
2.59928e+06	0
2.59938e+06	0
2.59948e+06	0
2.59958e+06	0
2.59968e+06	0
2.59978e+06	0
2.59988e+06	0
2.59998e+06	0
2.60008e+06	0
2.60018e+06	0
2.60028e+06	0
2.60038e+06	0
2.60048e+06	0
2.60058e+06	0
2.60068e+06	0
2.60078e+06	0
2.60088e+06	0
2.60098e+06	0
2.60108e+06	0
2.60118e+06	0
2.60128e+06	0
2.60138e+06	0
2.60148e+06	0
2.60158e+06	0
2.60168e+06	0
2.60178e+06	0
2.60188e+06	0
2.60198e+06	0
2.60208e+06	0
2.60218e+06	0
2.60228e+06	0
2.60238e+06	0
2.60248e+06	0
2.60258e+06	0
2.60268e+06	0
2.60278e+06	0
2.60288e+06	0
2.60298e+06	0
2.60308e+06	0
2.60318e+06	2.42092e-322
2.60328e+06	1.67291e-320
2.60338e+06	7.82951e-319
2.60348e+06	3.61621e-317
2.60358e+06	1.65344e-315
2.60368e+06	7.48481e-314
2.60378e+06	3.35452e-312
2.60388e+06	1.48846e-310
2.60398e+06	6.53885e-309
2.60408e+06	2.84395e-307
2.60418e+06	1.22462e-305
2.60428e+06	5.22078e-304
2.60438e+06	2.20357e-302
2.60448e+06	9.20823e-301
2.60458e+06	3.80963e-299
2.60468e+06	1.56044e-297
2.60478e+06	6.32799e-296
2.60488e+06	2.54064e-294
2.60498e+06	1.0099e-292
2.60508e+06	3.97438e-291
2.60518e+06	1.54852e-289
2.60528e+06	5.97342e-288
2.60538e+06	2.28132e-286
2.60548e+06	8.62592e-285
2.60558e+06	3.22911e-283
2.60568e+06	1.19679e-281
2.60578e+06	4.39144e-280
2.60588e+06	1.59535e-278
2.60598e+06	5.73799e-277
2.60608e+06	2.04325e-275
2.60618e+06	7.20346e-274
2.60628e+06	2.5143e-272
2.60638e+06	8.68861e-271
2.60648e+06	2.97263e-269
2.60658e+06	1.0069e-267
2.60668e+06	3.3767e-266
2.60678e+06	1.12112e-264
2.60688e+06	3.68529e-263
2.60698e+06	1.19935e-261
2.60708e+06	3.86438e-260
2.60718e+06	1.23273e-258
2.60728e+06	3.89329e-257
2.60738e+06	1.21736e-255
2.60748e+06	3.76861e-254
2.60758e+06	1.15504e-252
2.60768e+06	3.50488e-251
2.60778e+06	1.05294e-249
2.60788e+06	3.1318e-248
2.60798e+06	9.22233e-247
2.60808e+06	2.68871e-245
2.60818e+06	7.76075e-244
2.60828e+06	2.21779e-242
2.60838e+06	6.27473e-241
2.60848e+06	1.75763e-239
2.60858e+06	4.87433e-238
2.60868e+06	1.33832e-236
2.60878e+06	3.638e-235
2.60888e+06	9.7909e-234
2.60898e+06	2.60879e-232
2.60908e+06	6.88197e-231
2.60918e+06	1.79739e-229
2.60928e+06	4.64763e-228
2.60938e+06	1.18981e-226
2.60948e+06	3.01563e-225
2.60958e+06	7.56723e-224
2.60968e+06	1.87998e-222
2.60978e+06	4.62409e-221
2.60988e+06	1.12605e-219
2.60998e+06	2.71483e-218
2.61008e+06	6.48019e-217
2.61018e+06	1.5314e-215
2.61028e+06	3.583e-214
2.61038e+06	8.2997e-213
2.61048e+06	1.90342e-211
2.61058e+06	4.3218e-210
2.61068e+06	9.71518e-209
2.61078e+06	2.16219e-207
2.61088e+06	4.76426e-206
2.61098e+06	1.03933e-204
2.61108e+06	2.24475e-203
2.61118e+06	4.79998e-202
2.61128e+06	1.01617e-200
2.61138e+06	2.12988e-199
2.61148e+06	4.41975e-198
2.61158e+06	9.08024e-197
2.61168e+06	1.84695e-195
2.61178e+06	3.71936e-194
2.61188e+06	7.41549e-193
2.61198e+06	1.46375e-191
2.61208e+06	2.86058e-190
2.61218e+06	5.53472e-189
2.61228e+06	1.06022e-187
2.61238e+06	2.01072e-186
2.61248e+06	3.77542e-185
2.61258e+06	7.01836e-184
2.61268e+06	1.29171e-182
2.61278e+06	2.35368e-181
2.61288e+06	4.2461e-180
2.61298e+06	7.58383e-179
2.61308e+06	1.34105e-177
2.61318e+06	2.34778e-176
2.61328e+06	4.06937e-175
2.61338e+06	6.9832e-174
2.61348e+06	1.18642e-172
2.61358e+06	1.99563e-171
2.61368e+06	3.32336e-170
2.61378e+06	5.4794e-169
2.61388e+06	8.94428e-168
2.61398e+06	1.44549e-166
2.61408e+06	2.31282e-165
2.61418e+06	3.66374e-164
2.61428e+06	5.746e-163
2.61438e+06	8.92201e-162
2.61448e+06	1.37157e-160
2.61458e+06	2.08751e-159
2.61468e+06	3.14556e-158
2.61478e+06	4.69271e-157
2.61488e+06	6.93117e-156
2.61498e+06	1.01355e-154
2.61508e+06	1.46738e-153
2.61518e+06	2.10328e-152
2.61528e+06	2.98475e-151
2.61538e+06	4.1935e-150
2.61548e+06	5.83313e-149
2.61558e+06	8.03312e-148
2.61568e+06	1.09528e-146
2.61578e+06	1.4785e-145
2.61588e+06	1.97594e-144
2.61598e+06	2.61447e-143
2.61608e+06	3.42493e-142
2.61618e+06	4.44197e-141
2.61628e+06	5.70371e-140
2.61638e+06	7.25097e-139
2.61648e+06	9.12624e-138
2.61658e+06	1.13722e-136
2.61668e+06	1.40299e-135
2.61678e+06	1.71365e-134
2.61688e+06	2.07227e-133
2.61698e+06	2.481e-132
2.61708e+06	2.94079e-131
2.61718e+06	3.45112e-130
2.61728e+06	4.0097e-129
2.61738e+06	4.61234e-128
2.61748e+06	5.25276e-127
2.61758e+06	5.92258e-126
2.61768e+06	6.61137e-125
2.61778e+06	7.30683e-124
2.61788e+06	7.99509e-123
2.61798e+06	8.66114e-122
2.61808e+06	9.28931e-121
2.61818e+06	9.86391e-120
2.61828e+06	1.03698e-118
2.61838e+06	1.07932e-117
2.61848e+06	1.11221e-116
2.61858e+06	1.1347e-115
2.61868e+06	1.14613e-114
2.61878e+06	1.14615e-113
2.61888e+06	1.13477e-112
2.61898e+06	1.11232e-111
2.61908e+06	1.07946e-110
2.61918e+06	1.03716e-109
2.61928e+06	9.86591e-109
2.61938e+06	9.29154e-108
2.61948e+06	8.66353e-107
2.61958e+06	7.9976e-106
2.61968e+06	7.30939e-105
2.61978e+06	6.61393e-104
2.61988e+06	5.92509e-103
2.61998e+06	5.25518e-102
2.62008e+06	4.61464e-101
2.62018e+06	4.01185e-100
2.62028e+06	3.45309e-99
2.62038e+06	2.94259e-98
2.62048e+06	2.4826e-97
2.62058e+06	2.07368e-96
2.62068e+06	1.71488e-95
2.62078e+06	1.40405e-94
2.62088e+06	1.13812e-93
2.62098e+06	9.13383e-93
2.62108e+06	7.25727e-92
2.62118e+06	5.70887e-91
2.62128e+06	4.44616e-90
2.62138e+06	3.42828e-89
2.62148e+06	2.61713e-88
2.62158e+06	1.97802e-87
2.62168e+06	1.48011e-86
2.62178e+06	1.09651e-85
2.62188e+06	8.04247e-85
2.62198e+06	5.84014e-84
2.62208e+06	4.19869e-83
2.62218e+06	2.98856e-82
2.62228e+06	2.10604e-81
2.62238e+06	1.46936e-80
2.62248e+06	1.01496e-79
2.62258e+06	6.94103e-79
2.62268e+06	4.69956e-78
2.62278e+06	3.15027e-77
2.62288e+06	2.09071e-76
2.62298e+06	1.37372e-75
2.62308e+06	8.93635e-75
2.62318e+06	5.75544e-74
2.62328e+06	3.6699e-73
2.62338e+06	2.31679e-72
2.62348e+06	1.44803e-71
2.62358e+06	8.96031e-71
2.62368e+06	5.48942e-70
2.62378e+06	3.32957e-69
2.62388e+06	1.99943e-68
2.62398e+06	1.18872e-67
2.62408e+06	6.99701e-67
2.62418e+06	4.07757e-66
2.62428e+06	2.3526e-65
2.62438e+06	1.34385e-64
2.62448e+06	7.59995e-64
2.62458e+06	4.25528e-63
2.62468e+06	2.35886e-62
2.62478e+06	1.29459e-61
2.62488e+06	7.03431e-61
2.62498e+06	3.78414e-60
2.62508e+06	2.01544e-59
2.62518e+06	1.06275e-58
2.62528e+06	5.54812e-58
2.62538e+06	2.86761e-57
2.62548e+06	1.46741e-56
2.62558e+06	7.43426e-56
2.62568e+06	3.72892e-55
2.62578e+06	1.85176e-54
2.62588e+06	9.10424e-54
2.62598e+06	4.43159e-53
2.62608e+06	2.13566e-52
2.62618e+06	1.01897e-51
2.62628e+06	4.81338e-51
2.62638e+06	2.2511e-50
2.62648e+06	1.04231e-49
2.62658e+06	4.77808e-49
2.62668e+06	2.16855e-48
2.62678e+06	9.74409e-48
2.62688e+06	4.33482e-47
2.62698e+06	1.90923e-46
2.62708e+06	8.32532e-46
2.62718e+06	3.5942e-45
2.62728e+06	1.53624e-44
2.62738e+06	6.50091e-44
2.62748e+06	2.72362e-43
2.62758e+06	1.12973e-42
2.62768e+06	4.63939e-42
2.62778e+06	1.88627e-41
2.62788e+06	7.59283e-41
2.62798e+06	3.02594e-40
2.62808e+06	1.19392e-39
2.62818e+06	4.66387e-39
2.62828e+06	1.80374e-38
2.62838e+06	6.90653e-38
2.62848e+06	2.6182e-37
2.62858e+06	9.82656e-37
2.62868e+06	3.65139e-36
2.62878e+06	1.3433e-35
2.62888e+06	4.89263e-35
2.62898e+06	1.76429e-34
2.62908e+06	6.29875e-34
2.62918e+06	2.22637e-33
2.62928e+06	7.79104e-33
2.62938e+06	2.6993e-32
2.62948e+06	9.259e-32
2.62958e+06	3.14437e-31
2.62968e+06	1.05721e-30
2.62978e+06	3.51921e-30
2.62988e+06	1.15981e-29
2.62998e+06	3.78429e-29
2.63008e+06	1.22247e-28
2.63018e+06	3.90978e-28
2.63028e+06	1.238e-27
2.63038e+06	3.88104e-27
2.63048e+06	1.20457e-26
2.63058e+06	3.70145e-26
2.63068e+06	1.12608e-25
2.63078e+06	3.39175e-25
2.63088e+06	1.01143e-24
2.63098e+06	2.9861e-24
2.63108e+06	8.72831e-24
2.63118e+06	2.52588e-23
2.63128e+06	7.23691e-23
2.63138e+06	2.05282e-22
2.63148e+06	5.76506e-22
2.63158e+06	1.60293e-21
2.63168e+06	4.41248e-21
2.63178e+06	1.20256e-20
2.63188e+06	3.24482e-20
2.63198e+06	8.66822e-20
2.63208e+06	2.29259e-19
2.63218e+06	6.00316e-19
2.63228e+06	1.55629e-18
2.63238e+06	3.99446e-18
2.63248e+06	1.01504e-17
2.63258e+06	2.55366e-17
2.63268e+06	6.36067e-17
2.63278e+06	1.56855e-16
2.63288e+06	3.82958e-16
2.63298e+06	9.2568e-16
2.63308e+06	2.21528e-15
2.63318e+06	5.2487e-15
2.63328e+06	1.23121e-14
2.63338e+06	2.85937e-14
2.63348e+06	6.57455e-14
2.63358e+06	1.49664e-13
2.63368e+06	3.37309e-13
2.63378e+06	7.52651e-13
2.63388e+06	1.66271e-12
2.63398e+06	3.63662e-12
2.63408e+06	7.87472e-12
2.63418e+06	1.68822e-11
2.63428e+06	3.58328e-11
2.63438e+06	7.52991e-11
2.63448e+06	1.56659e-10
2.63458e+06	3.22684e-10
2.63468e+06	6.58048e-10
2.63478e+06	1.3286e-09
2.63488e+06	2.65576e-09
2.63498e+06	5.25581e-09
2.63508e+06	1.02979e-08
2.63518e+06	1.99762e-08
2.63528e+06	3.8365e-08
2.63538e+06	7.29481e-08
2.63548e+06	1.37325e-07
2.63558e+06	2.55943e-07
2.63568e+06	4.72274e-07
2.63578e+06	8.62782e-07
2.63588e+06	1.56051e-06
2.63598e+06	2.79439e-06
2.63608e+06	4.95411e-06
2.63618e+06	8.69564e-06
2.63628e+06	1.5111e-05
2.63638e+06	2.59982e-05
2.63648e+06	4.42844e-05
2.63658e+06	7.46817e-05
2.63668e+06	0.000124691
2.63678e+06	0.000206117
2.63688e+06	0.000337325
2.63698e+06	0.000546563
2.63708e+06	0.000876777
2.63718e+06	0.0013925
2.63728e+06	0.00218957
2.63738e+06	0.00340862
2.63748e+06	0.00525359
2.63758e+06	0.00801661
2.63768e+06	0.0121111
2.63778e+06	0.0181147
2.63788e+06	0.0268248
2.63798e+06	0.0393277
2.63808e+06	0.0570845
2.63818e+06	0.0820343
2.63828e+06	0.116716
2.63838e+06	0.164407
2.63848e+06	0.229281
2.63858e+06	0.316572
2.63868e+06	0.432748
2.63878e+06	0.585671
2.63888e+06	0.784747
2.63898e+06	1.04103
2.63908e+06	1.36727
2.63918e+06	1.77787
2.63928e+06	2.28878
2.63938e+06	2.9172
2.63948e+06	3.68116
2.63958e+06	4.59897
2.63968e+06	5.68843
2.63978e+06	6.96598
2.63988e+06	8.44557
2.63998e+06	10.1375
2.64008e+06	12.0474
2.64018e+06	14.1746
2.64028e+06	16.5115
2.64038e+06	19.0422
2.64048e+06	21.7424
2.64058e+06	24.5784
2.64068e+06	27.5078
2.64078e+06	30.4801
2.64088e+06	33.4375
2.64098e+06	36.3168
2.64108e+06	39.0516
2.64118e+06	41.5746
2.64128e+06	43.8201
2.64138e+06	45.7273
2.64148e+06	47.2427
2.64158e+06	48.3228
2.64168e+06	48.9356
2.64178e+06	49.0632
2.64188e+06	48.7017
2.64198e+06	47.8618
2.64208e+06	46.5683
2.64218e+06	44.859
2.64228e+06	42.7824
2.64238e+06	40.396
2.64248e+06	37.7632
2.64258e+06	34.9507
2.64268e+06	32.0258
2.64278e+06	29.0537
2.64288e+06	26.0951
2.64298e+06	23.2046
2.64308e+06	20.429
2.64318e+06	17.8064
2.64328e+06	15.3661
2.64338e+06	13.1282
2.64348e+06	11.1047
2.64358e+06	9.29962
2.64368e+06	7.71045
2.64378e+06	6.32924
2.64388e+06	5.14376
2.64398e+06	4.13872
2.64408e+06	3.29693
2.64418e+06	2.60022
2.64428e+06	2.03033
2.64438e+06	1.56957
2.64448e+06	1.2013
2.64458e+06	0.910291
2.64468e+06	0.682913
2.64478e+06	0.507233
2.64488e+06	0.372999
2.64498e+06	0.271559
2.64508e+06	0.195739
2.64518e+06	0.139684
2.64528e+06	0.0986905
2.64538e+06	0.0690336
2.64548e+06	0.0478082
2.64558e+06	0.0327794
2.64568e+06	0.0222514
2.64578e+06	0.0149544
2.64588e+06	0.00995038
2.64598e+06	0.00655491
2.64608e+06	0.00427514
2.64618e+06	0.00276053
2.64628e+06	0.00176478
2.64638e+06	0.00111698
2.64648e+06	0.000699935
2.64658e+06	0.000434237
2.64668e+06	0.000266719
2.64678e+06	0.000162195
2.64688e+06	9.76511e-05
2.64698e+06	5.8207e-05
2.64708e+06	3.43502e-05
2.64718e+06	2.00697e-05
2.64728e+06	1.16094e-05
2.64738e+06	6.64868e-06
2.64748e+06	3.7698e-06
2.64758e+06	2.11621e-06
2.64768e+06	1.17613e-06
2.64778e+06	6.47157e-07
2.64788e+06	3.5255e-07
2.64798e+06	1.90147e-07
2.64808e+06	1.01535e-07
2.64818e+06	5.3678e-08
2.64828e+06	2.80954e-08
2.64838e+06	1.4559e-08
2.64848e+06	7.46939e-09
2.64858e+06	3.79398e-09
2.64868e+06	1.90793e-09
2.64878e+06	9.49921e-10
2.64888e+06	4.68241e-10
2.64898e+06	2.28511e-10
2.64908e+06	1.10409e-10
2.64918e+06	5.28149e-11
2.64928e+06	2.5013e-11
2.64938e+06	1.17283e-11
2.64948e+06	5.44449e-12
2.64958e+06	2.50229e-12
2.64968e+06	1.13861e-12
2.64978e+06	5.12946e-13
2.64988e+06	2.28783e-13
2.64998e+06	1.01026e-13
2.65008e+06	4.41671e-14
2.65018e+06	1.91171e-14
2.65028e+06	8.19224e-15
2.65038e+06	3.47568e-15
2.65048e+06	1.45994e-15
2.65058e+06	6.07137e-16
2.65068e+06	2.49974e-16
2.65078e+06	1.01897e-16
2.65088e+06	4.11229e-17
2.65098e+06	1.6431e-17
2.65108e+06	6.4998e-18
2.65118e+06	2.54562e-18
2.65128e+06	9.87063e-19
2.65138e+06	3.78925e-19
2.65148e+06	1.44018e-19
2.65158e+06	5.41926e-20
2.65168e+06	2.01892e-20
2.65178e+06	7.44656e-21
2.65188e+06	2.71925e-21
2.65198e+06	9.83103e-22
2.65208e+06	3.5189e-22
2.65218e+06	1.24701e-22
2.65228e+06	4.37514e-23
2.65238e+06	1.51975e-23
2.65248e+06	5.22645e-24
2.65258e+06	1.77951e-24
2.65268e+06	5.99859e-25
2.65278e+06	2.00196e-25
2.65288e+06	6.61484e-26
2.65298e+06	2.16392e-26
2.65308e+06	7.00839e-27
2.65318e+06	2.24726e-27
2.65328e+06	7.1342e-28
2.65338e+06	2.2423e-28
2.65348e+06	6.97751e-29
2.65358e+06	2.14963e-29
2.65368e+06	6.55668e-30
2.65378e+06	1.97998e-30
2.65388e+06	5.91965e-31
2.65398e+06	1.75221e-31
2.65408e+06	5.13495e-32
2.65418e+06	1.48985e-32
2.65428e+06	4.27961e-33
2.65438e+06	1.21709e-33
2.65448e+06	3.42689e-34
2.65458e+06	9.55288e-35
2.65468e+06	2.63648e-35
2.65478e+06	7.20399e-36
2.65488e+06	1.94885e-36
2.65498e+06	5.21963e-37
2.65508e+06	1.38407e-37
2.65518e+06	3.63358e-38
2.65528e+06	9.44426e-39
2.65538e+06	2.43029e-39
2.65548e+06	6.19164e-40
2.65558e+06	1.56174e-40
2.65568e+06	3.90006e-41
2.65578e+06	9.6425e-42
2.65588e+06	2.36029e-42
2.65598e+06	5.72002e-43
2.65608e+06	1.37242e-43
2.65618e+06	3.26012e-44
2.65628e+06	7.66722e-45
2.65638e+06	1.78525e-45
2.65648e+06	4.11544e-46
2.65658e+06	9.39272e-47
2.65668e+06	2.12238e-47
2.65678e+06	4.74802e-48
2.65688e+06	1.05162e-48
2.65698e+06	2.30601e-49
2.65708e+06	5.00635e-50
2.65718e+06	1.07607e-50
2.65728e+06	2.28988e-51
2.65738e+06	4.82441e-52
2.65748e+06	1.00631e-52
2.65758e+06	2.07816e-53
2.65768e+06	4.24894e-54
2.65778e+06	8.60082e-55
2.65788e+06	1.72368e-55
2.65798e+06	3.42003e-56
2.65808e+06	6.71832e-57
2.65818e+06	1.30662e-57
2.65828e+06	2.5159e-58
2.65838e+06	4.79618e-59
2.65848e+06	9.0522e-60
2.65858e+06	1.69149e-60
2.65868e+06	3.12927e-61
2.65878e+06	5.73157e-62
2.65888e+06	1.03935e-62
2.65898e+06	1.86597e-63
2.65908e+06	3.3167e-64
2.65918e+06	5.83666e-65
2.65928e+06	1.0169e-65
2.65938e+06	1.75409e-66
2.65948e+06	2.99558e-67
2.65958e+06	5.06487e-68
2.65968e+06	8.47836e-69
2.65978e+06	1.40512e-69
2.65988e+06	2.30553e-70
2.65998e+06	3.74528e-71
2.66008e+06	6.02361e-72
2.66018e+06	9.59148e-73
2.66028e+06	1.51207e-73
2.66038e+06	2.36001e-74
2.66048e+06	3.64682e-75
2.66058e+06	5.57919e-76
2.66068e+06	8.45056e-77
2.66078e+06	1.26723e-77
2.66088e+06	1.88142e-78
2.66098e+06	2.76548e-79
2.66108e+06	4.02451e-80
2.66118e+06	5.79845e-81
2.66128e+06	8.2712e-82
2.66138e+06	1.16811e-82
2.66148e+06	1.63325e-83
2.66158e+06	2.26089e-84
2.66168e+06	3.0986e-85
2.66178e+06	4.20443e-86
2.66188e+06	5.64814e-87
2.66198e+06	7.5121e-88
2.66208e+06	9.89178e-89
2.66218e+06	1.28957e-89
2.66228e+06	1.66445e-90
2.66238e+06	2.12694e-91
2.66248e+06	2.69089e-92
2.66258e+06	3.3705e-93
2.66268e+06	4.17975e-94
2.66278e+06	5.13171e-95
2.66288e+06	6.2378e-96
2.66298e+06	7.50685e-97
2.66308e+06	8.9442e-98
2.66318e+06	1.05507e-98
2.66328e+06	1.2322e-99
2.66338e+06	1.42474e-100
2.66348e+06	1.63097e-101
2.66358e+06	1.84848e-102
2.66368e+06	2.07415e-103
2.66378e+06	2.30422e-104
2.66388e+06	2.53433e-105
2.66398e+06	2.75969e-106
2.66408e+06	2.97519e-107
2.66418e+06	3.17559e-108
2.66428e+06	3.35578e-109
2.66438e+06	3.5109e-110
2.66448e+06	3.63664e-111
2.66458e+06	3.72941e-112
2.66468e+06	3.78649e-113
2.66478e+06	3.80618e-114
2.66488e+06	3.78791e-115
2.66498e+06	3.73222e-116
2.66508e+06	3.64076e-117
2.66518e+06	3.5162e-118
2.66528e+06	3.36211e-119
2.66538e+06	3.18279e-120
2.66548e+06	2.98305e-121
2.66558e+06	2.76803e-122
2.66568e+06	2.54295e-123
2.66578e+06	2.31293e-124
2.66588e+06	2.08278e-125
2.66598e+06	1.85687e-126
2.66608e+06	1.63899e-127
2.66618e+06	1.43228e-128
2.66628e+06	1.23919e-129
2.66638e+06	1.06146e-130
2.66648e+06	9.00175e-132
2.66658e+06	7.55801e-133
2.66668e+06	6.28268e-134
2.66678e+06	5.17058e-135
2.66688e+06	4.21299e-136
2.66698e+06	3.3986e-137
2.66708e+06	2.71435e-138
2.66718e+06	2.14629e-139
2.66728e+06	1.68023e-140
2.66738e+06	1.30228e-141
2.66748e+06	9.99306e-143
2.66758e+06	7.59188e-144
2.66768e+06	5.71028e-145
2.66778e+06	4.25228e-146
2.66788e+06	3.13505e-147
2.66798e+06	2.28836e-148
2.66808e+06	1.65371e-149
2.66818e+06	1.18319e-150
2.66828e+06	8.38115e-152
2.66838e+06	5.87775e-153
2.66848e+06	4.08108e-154
2.66858e+06	2.80541e-155
2.66868e+06	1.9093e-156
2.66878e+06	1.2865e-157
2.66888e+06	8.5823e-159
2.66898e+06	5.66831e-160
2.66908e+06	3.70647e-161
2.66918e+06	2.39952e-162
2.66928e+06	1.53796e-163
2.66938e+06	9.75939e-165
2.66948e+06	6.13137e-166
2.66958e+06	3.81373e-167
2.66968e+06	2.34854e-168
2.66978e+06	1.43187e-169
2.66988e+06	8.64307e-171
2.66998e+06	5.16522e-172
2.67008e+06	3.05609e-173
2.67018e+06	1.79019e-174
2.67028e+06	1.03823e-175
2.67038e+06	5.96129e-177
2.67048e+06	3.3888e-178
2.67058e+06	1.90725e-179
2.67068e+06	1.06274e-180
2.67078e+06	5.86279e-182
2.67088e+06	3.20213e-183
2.67098e+06	1.73153e-184
2.67108e+06	9.26994e-186
2.67118e+06	4.9134e-187
2.67128e+06	2.57836e-188
2.67138e+06	1.33956e-189
2.67148e+06	6.89032e-191
2.67158e+06	3.50891e-192
2.67168e+06	1.76914e-193
2.67178e+06	8.831e-195
2.67188e+06	4.36429e-196
2.67198e+06	2.13538e-197
2.67208e+06	1.03441e-198
2.67218e+06	4.961e-200
2.67228e+06	2.3556e-201
2.67238e+06	1.10737e-202
2.67248e+06	5.15393e-204
2.67258e+06	2.37488e-205
2.67268e+06	1.08343e-206
2.67278e+06	4.89351e-208
2.67288e+06	2.18824e-209
2.67298e+06	9.68785e-211
2.67308e+06	4.24635e-212
2.67318e+06	1.84273e-213
2.67328e+06	7.91708e-215
2.67338e+06	3.36764e-216
2.67348e+06	1.41822e-217
2.67358e+06	5.91312e-219
2.67368e+06	2.44089e-220
2.67378e+06	9.97554e-222
2.67388e+06	4.03629e-223
2.67398e+06	1.6169e-224
2.67408e+06	6.41275e-226
2.67418e+06	2.51803e-227
2.67428e+06	9.78891e-229
2.67438e+06	3.7676e-230
2.67448e+06	1.43566e-231
2.67458e+06	5.41623e-233
2.67468e+06	2.02302e-234
2.67478e+06	7.48098e-236
2.67488e+06	2.73889e-237
2.67498e+06	9.92767e-239
2.67508e+06	3.56268e-240
2.67518e+06	1.2658e-241
2.67528e+06	4.45255e-243
2.67538e+06	1.55064e-244
2.67548e+06	5.34648e-246
2.67558e+06	1.82509e-247
2.67568e+06	6.16817e-249
2.67578e+06	2.06388e-250
2.67588e+06	6.8371e-252
2.67598e+06	2.24241e-253
2.67608e+06	7.28142e-255
2.67618e+06	2.34085e-256
2.67628e+06	7.45056e-258
2.67638e+06	2.3478e-259
2.67648e+06	7.32469e-261
2.67658e+06	2.26243e-262
2.67668e+06	6.9186e-264
2.67678e+06	2.09468e-265
2.67688e+06	6.27878e-267
2.67698e+06	1.86333e-268
2.67708e+06	5.4747e-270
2.67718e+06	1.59253e-271
2.67728e+06	4.58642e-273
2.67738e+06	1.30773e-274
2.67748e+06	3.69161e-276
2.67758e+06	1.03174e-277
2.67768e+06	2.85487e-279
2.67778e+06	7.82089e-281
2.67788e+06	2.12121e-282
2.67798e+06	5.69598e-284
2.67808e+06	1.5143e-285
2.67818e+06	3.98574e-287
2.67828e+06	1.03864e-288
2.67838e+06	2.67965e-290
2.67848e+06	6.8446e-292
2.67858e+06	1.73091e-293
2.67868e+06	4.3337e-295
2.67878e+06	1.07424e-296
2.67888e+06	2.63632e-298
2.67898e+06	6.40551e-300
2.67908e+06	1.54087e-301
2.67918e+06	3.66974e-303
2.67928e+06	8.6529e-305
2.67938e+06	2.01997e-306
2.67948e+06	4.66859e-308
2.67958e+06	1.06828e-309
2.67968e+06	2.42013e-311
2.67978e+06	5.42812e-313
2.67988e+06	1.20536e-314
2.67998e+06	2.64999e-316
2.68008e+06	5.76797e-318
2.68018e+06	1.24391e-319
2.68028e+06	2.66795e-321
2.68038e+06	0
2.68048e+06	0
2.68058e+06	0
2.68068e+06	0
2.68078e+06	0
2.68088e+06	0
2.68098e+06	0
2.68108e+06	0
2.68118e+06	0
2.68128e+06	0
2.68138e+06	0
2.68148e+06	0
2.68158e+06	0
2.68168e+06	0
2.68178e+06	0
2.68188e+06	0
2.68198e+06	0
2.68208e+06	0
2.68218e+06	0
2.68228e+06	0
2.68238e+06	0
2.68248e+06	0
2.68258e+06	0
2.68268e+06	0
2.68278e+06	0
2.68288e+06	0
2.68298e+06	0
2.68308e+06	0
2.68318e+06	0
2.68328e+06	0
2.68338e+06	0
2.68348e+06	0
2.68358e+06	0
2.68368e+06	0
2.68378e+06	0
2.68388e+06	0
2.68398e+06	0
2.68408e+06	0
2.68418e+06	0
2.68428e+06	0
2.68438e+06	0
2.68448e+06	0
2.68458e+06	0
2.68468e+06	0
2.68478e+06	0
2.68488e+06	0
2.68498e+06	0
2.68508e+06	0
2.68518e+06	0
2.68528e+06	0
2.68538e+06	0
2.68548e+06	0
2.68558e+06	0
2.68568e+06	0
2.68578e+06	0
2.68588e+06	0
2.68598e+06	0
2.68608e+06	0
2.68618e+06	0
2.68628e+06	0
2.68638e+06	0
2.68648e+06	0
2.68658e+06	0
2.68668e+06	0
2.68678e+06	0
2.68688e+06	0
2.68698e+06	0
2.68708e+06	0
2.68718e+06	0
2.68728e+06	0
2.68738e+06	0
2.68748e+06	0
2.68758e+06	0
2.68768e+06	0
2.68778e+06	0
2.68788e+06	0
2.68798e+06	0
2.68808e+06	0
2.68818e+06	0
2.68828e+06	0
2.68838e+06	0
2.68848e+06	0
2.68858e+06	0
2.68868e+06	0
2.68878e+06	0
2.68888e+06	0
2.68898e+06	0
2.68908e+06	0
2.68918e+06	0
2.68928e+06	0
2.68938e+06	0
2.68948e+06	0
2.68958e+06	0
2.68968e+06	0
2.68978e+06	0
2.68988e+06	0
2.68998e+06	0
2.69008e+06	0
2.69018e+06	0
2.69028e+06	0
2.69038e+06	0
2.69048e+06	0
2.69058e+06	0
2.69068e+06	0
2.69078e+06	0
2.69088e+06	0
2.69098e+06	0
2.69108e+06	0
2.69118e+06	0
2.69128e+06	0
2.69138e+06	0
2.69148e+06	0
2.69158e+06	0
2.69168e+06	0
2.69178e+06	0
2.69188e+06	0
2.69198e+06	0
2.69208e+06	0
2.69218e+06	0
2.69228e+06	0
2.69238e+06	0
2.69248e+06	0
2.69258e+06	0
2.69268e+06	0
2.69278e+06	0
2.69288e+06	0
2.69298e+06	0
2.69308e+06	0
2.69318e+06	0
2.69328e+06	0
2.69338e+06	0
2.69348e+06	0
2.69358e+06	0
2.69368e+06	0
2.69378e+06	0
2.69388e+06	0
2.69398e+06	0
2.69408e+06	0
2.69418e+06	0
2.69428e+06	0
2.69438e+06	0
2.69448e+06	0
2.69458e+06	0
2.69468e+06	0
2.69478e+06	0
2.69488e+06	0
2.69498e+06	0
2.69508e+06	0
2.69518e+06	0
2.69528e+06	0
2.69538e+06	0
2.69548e+06	0
2.69558e+06	0
2.69568e+06	0
2.69578e+06	0
2.69588e+06	0
2.69598e+06	0
2.69608e+06	0
2.69618e+06	0
2.69628e+06	0
2.69638e+06	0
2.69648e+06	0
2.69658e+06	0
2.69668e+06	0
2.69678e+06	0
2.69688e+06	0
2.69698e+06	0
2.69708e+06	0
2.69718e+06	0
2.69728e+06	0
2.69738e+06	0
2.69748e+06	0
2.69758e+06	0
2.69768e+06	0
2.69778e+06	0
2.69788e+06	0
2.69798e+06	0
2.69808e+06	0
2.69818e+06	0
2.69828e+06	0
2.69838e+06	0
2.69848e+06	0
2.69858e+06	0
2.69868e+06	0
2.69878e+06	0
2.69888e+06	0
2.69898e+06	0
2.69908e+06	0
2.69918e+06	0
2.69928e+06	0
2.69938e+06	0
2.69948e+06	0
2.69958e+06	0
2.69968e+06	0
2.69978e+06	0
2.69988e+06	0
2.69998e+06	0
2.70008e+06	0
2.70018e+06	0
2.70028e+06	0
2.70038e+06	0
2.70048e+06	0
2.70058e+06	0
2.70068e+06	0
2.70078e+06	0
2.70088e+06	0
2.70098e+06	0
2.70108e+06	0
2.70118e+06	0
2.70128e+06	0
2.70138e+06	0
2.70148e+06	0
2.70158e+06	0
2.70168e+06	0
2.70178e+06	0
2.70188e+06	0
2.70198e+06	0
2.70208e+06	0
2.70218e+06	0
2.70228e+06	0
2.70238e+06	0
2.70248e+06	0
2.70258e+06	0
2.70268e+06	0
2.70278e+06	0
2.70288e+06	0
2.70298e+06	0
2.70308e+06	0
2.70318e+06	0
2.70328e+06	0
2.70338e+06	0
2.70348e+06	0
2.70358e+06	0
2.70368e+06	0
2.70378e+06	0
2.70388e+06	0
2.70398e+06	0
2.70408e+06	0
2.70418e+06	0
2.70428e+06	0
2.70438e+06	0
2.70448e+06	0
2.70458e+06	0
2.70468e+06	0
2.70478e+06	0
2.70488e+06	0
2.70498e+06	0
2.70508e+06	0
2.70518e+06	0
2.70528e+06	0
2.70538e+06	0
2.70548e+06	0
2.70558e+06	0
2.70568e+06	0
2.70578e+06	0
2.70588e+06	0
2.70598e+06	0
2.70608e+06	0
2.70618e+06	0
2.70628e+06	0
2.70638e+06	0
2.70648e+06	0
2.70658e+06	0
2.70668e+06	0
2.70678e+06	0
2.70688e+06	0
2.70698e+06	0
2.70708e+06	0
2.70718e+06	0
2.70728e+06	0
2.70738e+06	0
2.70748e+06	0
2.70758e+06	0
2.70768e+06	0
2.70778e+06	0
2.70788e+06	0
2.70798e+06	0
2.70808e+06	0
2.70818e+06	0
2.70828e+06	0
2.70838e+06	0
2.70848e+06	0
2.70858e+06	0
2.70868e+06	0
2.70878e+06	0
2.70888e+06	0
2.70898e+06	0
2.70908e+06	0
2.70918e+06	0
2.70928e+06	0
2.70938e+06	0
2.70948e+06	0
2.70958e+06	0
2.70968e+06	0
2.70978e+06	0
2.70988e+06	0
2.70998e+06	0
2.71008e+06	0
2.71018e+06	0
2.71028e+06	0
2.71038e+06	0
2.71048e+06	0
2.71058e+06	0
2.71068e+06	0
2.71078e+06	0
2.71088e+06	0
2.71098e+06	0
2.71108e+06	0
2.71118e+06	0
2.71128e+06	0
2.71138e+06	0
2.71148e+06	0
2.71158e+06	0
2.71168e+06	0
2.71178e+06	0
2.71188e+06	0
2.71198e+06	0
2.71208e+06	0
2.71218e+06	0
2.71228e+06	0
2.71238e+06	0
2.71248e+06	0
2.71258e+06	0
2.71268e+06	0
2.71278e+06	0
2.71288e+06	0
2.71298e+06	0
2.71308e+06	0
2.71318e+06	0
2.71328e+06	0
2.71338e+06	0
2.71348e+06	0
2.71358e+06	0
2.71368e+06	0
2.71378e+06	0
2.71388e+06	0
2.71398e+06	0
2.71408e+06	0
2.71418e+06	0
2.71428e+06	0
2.71438e+06	0
2.71448e+06	0
2.71458e+06	0
2.71468e+06	0
2.71478e+06	0
2.71488e+06	0
2.71498e+06	0
2.71508e+06	0
2.71518e+06	0
2.71528e+06	0
2.71538e+06	0
2.71548e+06	0
2.71558e+06	0
2.71568e+06	0
2.71578e+06	0
2.71588e+06	0
2.71598e+06	0
2.71608e+06	0
2.71618e+06	0
2.71628e+06	0
2.71638e+06	0
2.71648e+06	0
2.71658e+06	0
2.71668e+06	0
2.71678e+06	0
2.71688e+06	0
2.71698e+06	0
2.71708e+06	0
2.71718e+06	0
2.71728e+06	0
2.71738e+06	0
2.71748e+06	0
2.71758e+06	0
2.71768e+06	0
2.71778e+06	0
2.71788e+06	0
2.71798e+06	0
2.71808e+06	0
2.71818e+06	0
2.71828e+06	0
2.71838e+06	0
2.71848e+06	0
2.71858e+06	0
2.71868e+06	0
2.71878e+06	0
2.71888e+06	0
2.71898e+06	0
2.71908e+06	0
2.71918e+06	0
2.71928e+06	0
2.71938e+06	0
2.71948e+06	0
2.71958e+06	0
2.71968e+06	0
2.71978e+06	0
2.71988e+06	0
2.71998e+06	0
2.72008e+06	0
2.72018e+06	0
2.72028e+06	0
2.72038e+06	0
2.72048e+06	0
2.72058e+06	0
2.72068e+06	0
2.72078e+06	0
2.72088e+06	0
2.72098e+06	0
2.72108e+06	0
2.72118e+06	0
2.72128e+06	0
2.72138e+06	0
2.72148e+06	0
2.72158e+06	0
2.72168e+06	0
2.72178e+06	0
2.72188e+06	0
2.72198e+06	0
2.72208e+06	0
2.72218e+06	0
2.72228e+06	0
2.72238e+06	0
2.72248e+06	0
2.72258e+06	0
2.72268e+06	0
2.72278e+06	0
2.72288e+06	0
2.72298e+06	0
2.72308e+06	0
2.72318e+06	0
2.72328e+06	0
2.72338e+06	0
2.72348e+06	0
2.72358e+06	0
2.72368e+06	0
2.72378e+06	0
2.72388e+06	0
2.72398e+06	0
2.72408e+06	0
2.72418e+06	0
2.72428e+06	0
2.72438e+06	0
2.72448e+06	0
2.72458e+06	0
2.72468e+06	0
2.72478e+06	0
2.72488e+06	0
2.72498e+06	0
2.72508e+06	0
2.72518e+06	0
2.72528e+06	0
2.72538e+06	0
2.72548e+06	0
2.72558e+06	0
2.72568e+06	0
2.72578e+06	0
2.72588e+06	0
2.72598e+06	0
2.72608e+06	0
2.72618e+06	0
2.72628e+06	0
2.72638e+06	0
2.72648e+06	0
2.72658e+06	0
2.72668e+06	0
2.72678e+06	0
2.72688e+06	0
2.72698e+06	0
2.72708e+06	0
2.72718e+06	0
2.72728e+06	0
2.72738e+06	0
2.72748e+06	0
2.72758e+06	0
2.72768e+06	0
2.72778e+06	0
2.72788e+06	0
2.72798e+06	0
2.72808e+06	0
2.72818e+06	0
2.72828e+06	0
2.72838e+06	0
2.72848e+06	0
2.72858e+06	0
2.72868e+06	0
2.72878e+06	0
2.72888e+06	0
2.72898e+06	0
2.72908e+06	0
2.72918e+06	0
2.72928e+06	0
2.72938e+06	0
2.72948e+06	0
2.72958e+06	0
2.72968e+06	0
2.72978e+06	0
2.72988e+06	0
2.72998e+06	0
2.73008e+06	0
2.73018e+06	0
2.73028e+06	0
2.73038e+06	0
2.73048e+06	0
2.73058e+06	0
2.73068e+06	0
2.73078e+06	0
2.73088e+06	0
2.73098e+06	0
2.73108e+06	0
2.73118e+06	0
2.73128e+06	0
2.73138e+06	0
2.73148e+06	0
2.73158e+06	0
2.73168e+06	0
2.73178e+06	0
2.73188e+06	0
2.73198e+06	0
2.73208e+06	0
2.73218e+06	0
2.73228e+06	0
2.73238e+06	0
2.73248e+06	0
2.73258e+06	0
2.73268e+06	0
2.73278e+06	0
2.73288e+06	0
2.73298e+06	0
2.73308e+06	0
2.73318e+06	0
2.73328e+06	0
2.73338e+06	0
2.73348e+06	0
2.73358e+06	0
2.73368e+06	0
2.73378e+06	0
2.73388e+06	0
2.73398e+06	0
2.73408e+06	0
2.73418e+06	0
2.73428e+06	0
2.73438e+06	0
2.73448e+06	0
2.73458e+06	0
2.73468e+06	0
2.73478e+06	0
2.73488e+06	0
2.73498e+06	0
2.73508e+06	0
2.73518e+06	0
2.73528e+06	0
2.73538e+06	0
2.73548e+06	0
2.73558e+06	0
2.73568e+06	0
2.73578e+06	0
2.73588e+06	0
2.73598e+06	0
2.73608e+06	0
2.73618e+06	0
2.73628e+06	0
2.73638e+06	0
2.73648e+06	0
2.73658e+06	0
2.73668e+06	0
2.73678e+06	0
2.73688e+06	0
2.73698e+06	0
2.73708e+06	0
2.73718e+06	0
2.73728e+06	0
2.73738e+06	0
2.73748e+06	0
2.73758e+06	0
2.73768e+06	0
2.73778e+06	0
2.73788e+06	0
2.73798e+06	0
2.73808e+06	0
2.73818e+06	0
2.73828e+06	0
2.73838e+06	0
2.73848e+06	0
2.73858e+06	0
2.73868e+06	0
2.73878e+06	0
2.73888e+06	0
2.73898e+06	0
2.73908e+06	0
2.73918e+06	0
2.73928e+06	0
2.73938e+06	0
2.73948e+06	0
2.73958e+06	0
2.73968e+06	0
2.73978e+06	0
2.73988e+06	0
2.73998e+06	0
2.74008e+06	0
2.74018e+06	0
2.74028e+06	0
2.74038e+06	0
2.74048e+06	0
2.74058e+06	0
2.74068e+06	0
2.74078e+06	0
2.74088e+06	0
2.74098e+06	0
2.74108e+06	0
2.74118e+06	0
2.74128e+06	0
2.74138e+06	0
2.74148e+06	0
2.74158e+06	0
2.74168e+06	0
2.74178e+06	0
2.74188e+06	0
2.74198e+06	0
2.74208e+06	0
2.74218e+06	0
2.74228e+06	0
2.74238e+06	0
2.74248e+06	0
2.74258e+06	0
2.74268e+06	0
2.74278e+06	0
2.74288e+06	0
2.74298e+06	0
2.74308e+06	0
2.74318e+06	0
2.74328e+06	0
2.74338e+06	0
2.74348e+06	0
2.74358e+06	0
2.74368e+06	0
2.74378e+06	0
2.74388e+06	0
2.74398e+06	0
2.74408e+06	0
2.74418e+06	0
2.74428e+06	0
2.74438e+06	0
2.74448e+06	0
2.74458e+06	0
2.74468e+06	0
2.74478e+06	0
2.74488e+06	0
2.74498e+06	0
2.74508e+06	0
2.74518e+06	0
2.74528e+06	0
2.74538e+06	0
2.74548e+06	0
2.74558e+06	0
2.74568e+06	0
2.74578e+06	0
2.74588e+06	0
2.74598e+06	0
2.74608e+06	0
2.74618e+06	0
2.74628e+06	0
2.74638e+06	0
2.74648e+06	0
2.74658e+06	0
2.74668e+06	0
2.74678e+06	0
2.74688e+06	0
2.74698e+06	0
2.74708e+06	0
2.74718e+06	0
2.74728e+06	0
2.74738e+06	0
2.74748e+06	0
2.74758e+06	0
2.74768e+06	0
2.74778e+06	0
2.74788e+06	0
2.74798e+06	0
2.74808e+06	0
2.74818e+06	0
2.74828e+06	0
2.74838e+06	0
2.74848e+06	0
2.74858e+06	0
2.74868e+06	0
2.74878e+06	0
2.74888e+06	0
2.74898e+06	0
2.74908e+06	0
2.74918e+06	0
2.74928e+06	0
2.74938e+06	0
2.74948e+06	0
2.74958e+06	0
2.74968e+06	0
2.74978e+06	0
2.74988e+06	0
2.74998e+06	0
2.75008e+06	0
2.75018e+06	0
2.75028e+06	0
2.75038e+06	0
2.75048e+06	0
2.75058e+06	0
2.75068e+06	0
2.75078e+06	0
2.75088e+06	0
2.75098e+06	0
2.75108e+06	0
2.75118e+06	0
2.75128e+06	0
2.75138e+06	0
2.75148e+06	0
2.75158e+06	0
2.75168e+06	0
2.75178e+06	0
2.75188e+06	0
2.75198e+06	0
2.75208e+06	0
2.75218e+06	0
2.75228e+06	0
2.75238e+06	0
2.75248e+06	0
2.75258e+06	0
2.75268e+06	0
2.75278e+06	0
2.75288e+06	0
2.75298e+06	0
2.75308e+06	0
2.75318e+06	0
2.75328e+06	0
2.75338e+06	0
2.75348e+06	0
2.75358e+06	0
2.75368e+06	0
2.75378e+06	0
2.75388e+06	0
2.75398e+06	0
2.75408e+06	0
2.75418e+06	0
2.75428e+06	0
2.75438e+06	0
2.75448e+06	0
2.75458e+06	0
2.75468e+06	0
2.75478e+06	0
2.75488e+06	0
2.75498e+06	0
2.75508e+06	0
2.75518e+06	0
2.75528e+06	0
2.75538e+06	0
2.75548e+06	0
2.75558e+06	0
2.75568e+06	0
2.75578e+06	0
2.75588e+06	0
2.75598e+06	0
2.75608e+06	0
2.75618e+06	0
2.75628e+06	0
2.75638e+06	0
2.75648e+06	0
2.75658e+06	0
2.75668e+06	0
2.75678e+06	0
2.75688e+06	0
2.75698e+06	0
2.75708e+06	0
2.75718e+06	0
2.75728e+06	0
2.75738e+06	0
2.75748e+06	0
2.75758e+06	0
2.75768e+06	0
2.75778e+06	0
2.75788e+06	0
2.75798e+06	0
2.75808e+06	0
2.75818e+06	0
2.75828e+06	0
2.75838e+06	0
2.75848e+06	0
2.75858e+06	0
2.75868e+06	0
2.75878e+06	0
2.75888e+06	0
2.75898e+06	0
2.75908e+06	0
2.75918e+06	0
2.75928e+06	0
2.75938e+06	0
2.75948e+06	0
2.75958e+06	0
2.75968e+06	0
2.75978e+06	0
2.75988e+06	0
2.75998e+06	0
2.76008e+06	0
2.76018e+06	0
2.76028e+06	0
2.76038e+06	0
2.76048e+06	0
2.76058e+06	0
2.76068e+06	0
2.76078e+06	0
2.76088e+06	0
2.76098e+06	0
2.76108e+06	0
2.76118e+06	0
2.76128e+06	0
2.76138e+06	0
2.76148e+06	0
2.76158e+06	0
2.76168e+06	0
2.76178e+06	0
2.76188e+06	0
2.76198e+06	0
2.76208e+06	0
2.76218e+06	0
2.76228e+06	0
2.76238e+06	0
2.76248e+06	0
2.76258e+06	0
2.76268e+06	0
2.76278e+06	0
2.76288e+06	0
2.76298e+06	0
2.76308e+06	0
2.76318e+06	0
2.76328e+06	0
2.76338e+06	0
2.76348e+06	0
2.76358e+06	0
2.76368e+06	0
2.76378e+06	0
2.76388e+06	0
2.76398e+06	0
2.76408e+06	0
2.76418e+06	0
2.76428e+06	0
2.76438e+06	0
2.76448e+06	0
2.76458e+06	0
2.76468e+06	0
2.76478e+06	0
2.76488e+06	0
2.76498e+06	0
2.76508e+06	0
2.76518e+06	0
2.76528e+06	0
2.76538e+06	0
2.76548e+06	0
2.76558e+06	0
2.76568e+06	0
2.76578e+06	0
2.76588e+06	0
2.76598e+06	0
2.76608e+06	0
2.76618e+06	0
2.76628e+06	0
2.76638e+06	0
2.76648e+06	0
2.76658e+06	0
2.76668e+06	0
2.76678e+06	0
2.76688e+06	0
2.76698e+06	0
2.76708e+06	0
2.76718e+06	0
2.76728e+06	0
2.76738e+06	0
2.76748e+06	0
2.76758e+06	0
2.76768e+06	0
2.76778e+06	0
2.76788e+06	0
2.76798e+06	0
2.76808e+06	0
2.76818e+06	0
2.76828e+06	0
2.76838e+06	0
2.76848e+06	0
2.76858e+06	0
2.76868e+06	0
2.76878e+06	0
2.76888e+06	0
2.76898e+06	0
2.76908e+06	0
2.76918e+06	0
2.76928e+06	0
2.76938e+06	0
2.76948e+06	0
2.76958e+06	0
2.76968e+06	0
2.76978e+06	0
2.76988e+06	0
2.76998e+06	0
2.77008e+06	0
2.77018e+06	0
2.77028e+06	0
2.77038e+06	0
2.77048e+06	0
2.77058e+06	0
2.77068e+06	0
2.77078e+06	0
2.77088e+06	0
2.77098e+06	0
2.77108e+06	0
2.77118e+06	0
2.77128e+06	0
2.77138e+06	0
2.77148e+06	0
2.77158e+06	0
2.77168e+06	0
2.77178e+06	0
2.77188e+06	0
2.77198e+06	0
2.77208e+06	0
2.77218e+06	0
2.77228e+06	0
2.77238e+06	0
2.77248e+06	0
2.77258e+06	0
2.77268e+06	0
2.77278e+06	0
2.77288e+06	0
2.77298e+06	0
2.77308e+06	0
2.77318e+06	0
2.77328e+06	0
2.77338e+06	0
2.77348e+06	0
2.77358e+06	0
2.77368e+06	0
2.77378e+06	0
2.77388e+06	0
2.77398e+06	0
2.77408e+06	0
2.77418e+06	0
2.77428e+06	0
2.77438e+06	0
2.77448e+06	0
2.77458e+06	0
2.77468e+06	0
2.77478e+06	0
2.77488e+06	0
2.77498e+06	0
2.77508e+06	0
2.77518e+06	0
2.77528e+06	0
2.77538e+06	0
2.77548e+06	0
2.77558e+06	0
2.77568e+06	0
2.77578e+06	0
2.77588e+06	0
2.77598e+06	0
2.77608e+06	0
2.77618e+06	0
2.77628e+06	0
2.77638e+06	0
2.77648e+06	0
2.77658e+06	0
2.77668e+06	0
2.77678e+06	0
2.77688e+06	0
2.77698e+06	0
2.77708e+06	0
2.77718e+06	0
2.77728e+06	0
2.77738e+06	0
2.77748e+06	0
2.77758e+06	0
2.77768e+06	0
2.77778e+06	0
2.77788e+06	0
2.77798e+06	0
2.77808e+06	0
2.77818e+06	0
2.77828e+06	0
2.77838e+06	0
2.77848e+06	0
2.77858e+06	0
2.77868e+06	0
2.77878e+06	0
2.77888e+06	0
2.77898e+06	0
2.77908e+06	0
2.77918e+06	0
2.77928e+06	0
2.77938e+06	0
2.77948e+06	0
2.77958e+06	0
2.77968e+06	0
2.77978e+06	0
2.77988e+06	0
2.77998e+06	0
2.78008e+06	0
2.78018e+06	0
2.78028e+06	0
2.78038e+06	0
2.78048e+06	0
2.78058e+06	0
2.78068e+06	0
2.78078e+06	0
2.78088e+06	0
2.78098e+06	0
2.78108e+06	0
2.78118e+06	0
2.78128e+06	0
2.78138e+06	0
2.78148e+06	0
2.78158e+06	0
2.78168e+06	0
2.78178e+06	0
2.78188e+06	0
2.78198e+06	0
2.78208e+06	0
2.78218e+06	0
2.78228e+06	0
2.78238e+06	0
2.78248e+06	0
2.78258e+06	0
2.78268e+06	0
2.78278e+06	0
2.78288e+06	0
2.78298e+06	0
2.78308e+06	0
2.78318e+06	0
2.78328e+06	0
2.78338e+06	0
2.78348e+06	0
2.78358e+06	0
2.78368e+06	0
2.78378e+06	0
2.78388e+06	0
2.78398e+06	0
2.78408e+06	0
2.78418e+06	0
2.78428e+06	0
2.78438e+06	0
2.78448e+06	0
2.78458e+06	0
2.78468e+06	0
2.78478e+06	0
2.78488e+06	0
2.78498e+06	0
2.78508e+06	0
2.78518e+06	0
2.78528e+06	0
2.78538e+06	0
2.78548e+06	0
2.78558e+06	0
2.78568e+06	0
2.78578e+06	0
2.78588e+06	0
2.78598e+06	0
2.78608e+06	0
2.78618e+06	0
2.78628e+06	0
2.78638e+06	0
2.78648e+06	0
2.78658e+06	0
2.78668e+06	0
2.78678e+06	0
2.78688e+06	0
2.78698e+06	0
2.78708e+06	0
2.78718e+06	0
2.78728e+06	0
2.78738e+06	0
2.78748e+06	0
2.78758e+06	0
2.78768e+06	0
2.78778e+06	0
2.78788e+06	0
2.78798e+06	0
2.78808e+06	0
2.78818e+06	0
2.78828e+06	0
2.78838e+06	0
2.78848e+06	0
2.78858e+06	0
2.78868e+06	0
2.78878e+06	0
2.78888e+06	0
2.78898e+06	0
2.78908e+06	0
2.78918e+06	0
2.78928e+06	0
2.78938e+06	0
2.78948e+06	0
2.78958e+06	0
2.78968e+06	0
2.78978e+06	0
2.78988e+06	0
2.78998e+06	0
2.79008e+06	0
2.79018e+06	0
2.79028e+06	0
2.79038e+06	0
2.79048e+06	0
2.79058e+06	0
2.79068e+06	0
2.79078e+06	0
2.79088e+06	0
2.79098e+06	0
2.79108e+06	0
2.79118e+06	0
2.79128e+06	0
2.79138e+06	0
2.79148e+06	0
2.79158e+06	0
2.79168e+06	0
2.79178e+06	0
2.79188e+06	0
2.79198e+06	0
2.79208e+06	0
2.79218e+06	0
2.79228e+06	0
2.79238e+06	0
2.79248e+06	0
2.79258e+06	0
2.79268e+06	0
2.79278e+06	0
2.79288e+06	0
2.79298e+06	0
2.79308e+06	0
2.79318e+06	0
2.79328e+06	0
2.79338e+06	0
2.79348e+06	0
2.79358e+06	0
2.79368e+06	0
2.79378e+06	0
2.79388e+06	0
2.79398e+06	0
2.79408e+06	0
2.79418e+06	0
2.79428e+06	0
2.79438e+06	0
2.79448e+06	0
2.79458e+06	0
2.79468e+06	0
2.79478e+06	0
2.79488e+06	0
2.79498e+06	0
2.79508e+06	0
2.79518e+06	0
2.79528e+06	0
2.79538e+06	0
2.79548e+06	0
2.79558e+06	0
2.79568e+06	0
2.79578e+06	0
2.79588e+06	0
2.79598e+06	0
2.79608e+06	0
2.79618e+06	0
2.79628e+06	0
2.79638e+06	0
2.79648e+06	0
2.79658e+06	0
2.79668e+06	0
2.79678e+06	0
2.79688e+06	0
2.79698e+06	0
2.79708e+06	0
2.79718e+06	0
2.79728e+06	0
2.79738e+06	0
2.79748e+06	0
2.79758e+06	0
2.79768e+06	0
2.79778e+06	0
2.79788e+06	0
2.79798e+06	0
2.79808e+06	0
2.79818e+06	0
2.79828e+06	0
2.79838e+06	0
2.79848e+06	0
2.79858e+06	0
2.79868e+06	0
2.79878e+06	0
2.79888e+06	0
2.79898e+06	0
2.79908e+06	0
2.79918e+06	0
2.79928e+06	0
2.79938e+06	0
2.79948e+06	0
2.79958e+06	0
2.79968e+06	0
2.79978e+06	0
2.79988e+06	0
2.79998e+06	0
2.80008e+06	0
2.80018e+06	0
2.80028e+06	0
2.80038e+06	0
2.80048e+06	0
2.80058e+06	0
2.80068e+06	0
2.80078e+06	0
2.80088e+06	0
2.80098e+06	0
2.80108e+06	0
2.80118e+06	0
2.80128e+06	0
2.80138e+06	0
2.80148e+06	0
2.80158e+06	0
2.80168e+06	0
2.80178e+06	0
2.80188e+06	0
2.80198e+06	0
2.80208e+06	0
2.80218e+06	0
2.80228e+06	0
2.80238e+06	0
2.80248e+06	0
2.80258e+06	0
2.80268e+06	0
2.80278e+06	0
2.80288e+06	0
2.80298e+06	0
2.80308e+06	0
2.80318e+06	0
2.80328e+06	0
2.80338e+06	0
2.80348e+06	0
2.80358e+06	0
2.80368e+06	0
2.80378e+06	0
2.80388e+06	0
2.80398e+06	0
2.80408e+06	0
2.80418e+06	0
2.80428e+06	0
2.80438e+06	0
2.80448e+06	0
2.80458e+06	0
2.80468e+06	0
2.80478e+06	0
2.80488e+06	0
2.80498e+06	0
2.80508e+06	0
2.80518e+06	0
2.80528e+06	0
2.80538e+06	0
2.80548e+06	0
2.80558e+06	0
2.80568e+06	0
2.80578e+06	0
2.80588e+06	0
2.80598e+06	0
2.80608e+06	0
2.80618e+06	0
2.80628e+06	0
2.80638e+06	0
2.80648e+06	0
2.80658e+06	0
2.80668e+06	0
2.80678e+06	0
2.80688e+06	0
2.80698e+06	0
2.80708e+06	0
2.80718e+06	0
2.80728e+06	0
2.80738e+06	0
2.80748e+06	0
2.80758e+06	0
2.80768e+06	0
2.80778e+06	0
2.80788e+06	0
2.80798e+06	0
2.80808e+06	0
2.80818e+06	0
2.80828e+06	0
2.80838e+06	0
2.80848e+06	0
2.80858e+06	0
2.80868e+06	0
2.80878e+06	0
2.80888e+06	0
2.80898e+06	0
2.80908e+06	0
2.80918e+06	0
2.80928e+06	0
2.80938e+06	0
2.80948e+06	0
2.80958e+06	0
2.80968e+06	0
2.80978e+06	0
2.80988e+06	0
2.80998e+06	0
2.81008e+06	0
2.81018e+06	0
2.81028e+06	0
2.81038e+06	0
2.81048e+06	0
2.81058e+06	0
2.81068e+06	0
2.81078e+06	0
2.81088e+06	0
2.81098e+06	0
2.81108e+06	0
2.81118e+06	0
2.81128e+06	0
2.81138e+06	0
2.81148e+06	0
2.81158e+06	0
2.81168e+06	0
2.81178e+06	0
2.81188e+06	0
2.81198e+06	0
2.81208e+06	0
2.81218e+06	0
2.81228e+06	0
2.81238e+06	0
2.81248e+06	0
2.81258e+06	0
2.81268e+06	0
2.81278e+06	0
2.81288e+06	0
2.81298e+06	0
2.81308e+06	0
2.81318e+06	0
2.81328e+06	0
2.81338e+06	0
2.81348e+06	0
2.81358e+06	0
2.81368e+06	0
2.81378e+06	0
2.81388e+06	0
2.81398e+06	0
2.81408e+06	0
2.81418e+06	0
2.81428e+06	0
2.81438e+06	0
2.81448e+06	0
2.81458e+06	0
2.81468e+06	0
2.81478e+06	0
2.81488e+06	0
2.81498e+06	0
2.81508e+06	0
2.81518e+06	0
2.81528e+06	0
2.81538e+06	0
2.81548e+06	0
2.81558e+06	0
2.81568e+06	0
2.81578e+06	0
2.81588e+06	0
2.81598e+06	0
2.81608e+06	0
2.81618e+06	0
2.81628e+06	0
2.81638e+06	0
2.81648e+06	0
2.81658e+06	0
2.81668e+06	0
2.81678e+06	0
2.81688e+06	0
2.81698e+06	0
2.81708e+06	0
2.81718e+06	0
2.81728e+06	0
2.81738e+06	0
2.81748e+06	0
2.81758e+06	0
2.81768e+06	0
2.81778e+06	0
2.81788e+06	0
2.81798e+06	0
2.81808e+06	0
2.81818e+06	0
2.81828e+06	0
2.81838e+06	0
2.81848e+06	0
2.81858e+06	0
2.81868e+06	0
2.81878e+06	0
2.81888e+06	0
2.81898e+06	0
2.81908e+06	0
2.81918e+06	0
2.81928e+06	0
2.81938e+06	0
2.81948e+06	0
2.81958e+06	0
2.81968e+06	0
2.81978e+06	0
2.81988e+06	0
2.81998e+06	0
2.82008e+06	0
2.82018e+06	0
2.82028e+06	0
2.82038e+06	0
2.82048e+06	0
2.82058e+06	0
2.82068e+06	0
2.82078e+06	0
2.82088e+06	0
2.82098e+06	0
2.82108e+06	0
2.82118e+06	0
2.82128e+06	0
2.82138e+06	0
2.82148e+06	0
2.82158e+06	0
2.82168e+06	0
2.82178e+06	0
2.82188e+06	0
2.82198e+06	0
2.82208e+06	0
2.82218e+06	0
2.82228e+06	0
2.82238e+06	0
2.82248e+06	0
2.82258e+06	0
2.82268e+06	0
2.82278e+06	0
2.82288e+06	0
2.82298e+06	0
2.82308e+06	0
2.82318e+06	0
2.82328e+06	0
2.82338e+06	0
2.82348e+06	0
2.82358e+06	0
2.82368e+06	0
2.82378e+06	0
2.82388e+06	0
2.82398e+06	0
2.82408e+06	0
2.82418e+06	0
2.82428e+06	0
2.82438e+06	0
2.82448e+06	0
2.82458e+06	0
2.82468e+06	0
2.82478e+06	0
2.82488e+06	0
2.82498e+06	0
2.82508e+06	0
2.82518e+06	0
2.82528e+06	0
2.82538e+06	0
2.82548e+06	0
2.82558e+06	0
2.82568e+06	0
2.82578e+06	0
2.82588e+06	0
2.82598e+06	0
2.82608e+06	0
2.82618e+06	0
2.82628e+06	0
2.82638e+06	0
2.82648e+06	0
2.82658e+06	0
2.82668e+06	3.45846e-323
2.82678e+06	1.60571e-321
2.82688e+06	7.41494e-320
2.82698e+06	3.39625e-318
2.82708e+06	1.54005e-316
2.82718e+06	6.91396e-315
2.82728e+06	3.0731e-313
2.82738e+06	1.35233e-311
2.82748e+06	5.89177e-310
2.82758e+06	2.54136e-308
2.82768e+06	1.08528e-306
2.82778e+06	4.58858e-305
2.82788e+06	1.92074e-303
2.82798e+06	7.96009e-302
2.82808e+06	3.26606e-300
2.82818e+06	1.32674e-298
2.82828e+06	5.33588e-297
2.82838e+06	2.12463e-295
2.82848e+06	8.37561e-294
2.82858e+06	3.26894e-292
2.82868e+06	1.26315e-290
2.82878e+06	4.83237e-289
2.82888e+06	1.8303e-287
2.82898e+06	6.86344e-286
2.82908e+06	2.54811e-284
2.82918e+06	9.36593e-283
2.82928e+06	3.40833e-281
2.82938e+06	1.22797e-279
2.82948e+06	4.38019e-278
2.82958e+06	1.54687e-276
2.82968e+06	5.40845e-275
2.82978e+06	1.87218e-273
2.82988e+06	6.41625e-272
2.82998e+06	2.17706e-270
2.83008e+06	7.31337e-269
2.83018e+06	2.43232e-267
2.83028e+06	8.00907e-266
2.83038e+06	2.61096e-264
2.83048e+06	8.42704e-263
2.83058e+06	2.69282e-261
2.83068e+06	8.51915e-260
2.83078e+06	2.66835e-258
2.83088e+06	8.27457e-257
2.83098e+06	2.54042e-255
2.83108e+06	7.72188e-254
2.83118e+06	2.32379e-252
2.83128e+06	6.92355e-251
2.83138e+06	2.04229e-249
2.83148e+06	5.96435e-248
2.83158e+06	1.72451e-246
2.83168e+06	4.93657e-245
2.83178e+06	1.39908e-243
2.83188e+06	3.92568e-242
2.83198e+06	1.09055e-240
2.83208e+06	2.9994e-239
2.83218e+06	8.16731e-238
2.83228e+06	2.20181e-236
2.83238e+06	5.87678e-235
2.83248e+06	1.55294e-233
2.83258e+06	4.06283e-232
2.83268e+06	1.05235e-230
2.83278e+06	2.69865e-229
2.83288e+06	6.85158e-228
2.83298e+06	1.72223e-226
2.83308e+06	4.28598e-225
2.83318e+06	1.056e-223
2.83328e+06	2.57595e-222
2.83338e+06	6.22111e-221
2.83348e+06	1.48749e-219
2.83358e+06	3.52126e-218
2.83368e+06	8.25275e-217
2.83378e+06	1.91495e-215
2.83388e+06	4.39918e-214
2.83398e+06	1.00056e-212
2.83408e+06	2.25306e-211
2.83418e+06	5.02294e-210
2.83428e+06	1.10867e-208
2.83438e+06	2.42271e-207
2.83448e+06	5.24154e-206
2.83458e+06	1.12272e-204
2.83468e+06	2.38092e-203
2.83478e+06	4.99888e-202
2.83488e+06	1.0391e-200
2.83498e+06	2.13846e-199
2.83508e+06	4.35712e-198
2.83518e+06	8.78934e-197
2.83528e+06	1.75537e-195
2.83538e+06	3.47089e-194
2.83548e+06	6.79467e-193
2.83558e+06	1.3169e-191
2.83568e+06	2.52694e-190
2.83578e+06	4.80058e-189
2.83588e+06	9.02921e-188
2.83598e+06	1.68137e-186
2.83608e+06	3.09979e-185
2.83618e+06	5.65796e-184
2.83628e+06	1.02245e-182
2.83638e+06	1.8293e-181
2.83648e+06	3.24029e-180
2.83658e+06	5.68249e-179
2.83668e+06	9.86622e-178
2.83678e+06	1.69598e-176
2.83688e+06	2.88634e-175
2.83698e+06	4.86329e-174
2.83708e+06	8.11281e-173
2.83718e+06	1.33989e-171
2.83728e+06	2.1909e-170
2.83738e+06	3.54679e-169
2.83748e+06	5.68465e-168
2.83758e+06	9.02048e-167
2.83768e+06	1.41714e-165
2.83778e+06	2.20421e-164
2.83788e+06	3.3943e-163
2.83798e+06	5.17492e-162
2.83808e+06	7.81115e-161
2.83818e+06	1.1673e-159
2.83828e+06	1.72706e-158
2.83838e+06	2.52983e-157
2.83848e+06	3.66885e-156
2.83858e+06	5.26777e-155
2.83868e+06	7.48825e-154
2.83878e+06	1.05388e-152
2.83888e+06	1.46845e-151
2.83898e+06	2.02574e-150
2.83908e+06	2.76672e-149
2.83918e+06	3.74113e-148
2.83928e+06	5.0084e-147
2.83938e+06	6.63822e-146
2.83948e+06	8.71088e-145
2.83958e+06	1.13169e-143
2.83968e+06	1.45564e-142
2.83978e+06	1.85368e-141
2.83988e+06	2.33707e-140
2.83998e+06	2.91721e-139
2.84008e+06	3.60512e-138
2.84018e+06	4.41092e-137
2.84028e+06	5.34312e-136
2.84038e+06	6.40794e-135
2.84048e+06	7.6085e-134
2.84058e+06	8.9441e-133
2.84068e+06	1.04095e-131
2.84078e+06	1.19945e-130
2.84088e+06	1.36833e-129
2.84098e+06	1.54546e-128
2.84108e+06	1.72814e-127
2.84118e+06	1.9132e-126
2.84128e+06	2.09699e-125
2.84138e+06	2.27557e-124
2.84148e+06	2.44479e-123
2.84158e+06	2.60046e-122
2.84168e+06	2.73851e-121
2.84178e+06	2.8552e-120
2.84188e+06	2.94725e-119
2.84198e+06	3.01198e-118
2.84208e+06	3.04752e-117
2.84218e+06	3.05279e-116
2.84228e+06	3.02764e-115
2.84238e+06	2.97282e-114
2.84248e+06	2.88995e-113
2.84258e+06	2.78143e-112
2.84268e+06	2.65036e-111
2.84278e+06	2.50033e-110
2.84288e+06	2.33532e-109
2.84298e+06	2.1595e-108
2.84308e+06	1.97705e-107
2.84318e+06	1.792e-106
2.84328e+06	1.60811e-105
2.84338e+06	1.42874e-104
2.84348e+06	1.25674e-103
2.84358e+06	1.09444e-102
2.84368e+06	9.43625e-102
2.84378e+06	8.05494e-101
2.84388e+06	6.80743e-100
2.84398e+06	5.69587e-99
2.84408e+06	4.7184e-98
2.84418e+06	3.86978e-97
2.84428e+06	3.14221e-96
2.84438e+06	2.52604e-95
2.84448e+06	2.0105e-94
2.84458e+06	1.58425e-93
2.84468e+06	1.23595e-92
2.84478e+06	9.54627e-92
2.84488e+06	7.30003e-91
2.84498e+06	5.52678e-90
2.84508e+06	4.14264e-89
2.84518e+06	3.07425e-88
2.84528e+06	2.2587e-87
2.84538e+06	1.64299e-86
2.84548e+06	1.18323e-85
2.84558e+06	8.43642e-85
2.84568e+06	5.95533e-84
2.84578e+06	4.16208e-83
2.84588e+06	2.87986e-82
2.84598e+06	1.97283e-81
2.84608e+06	1.33803e-80
2.84618e+06	8.98459e-80
2.84628e+06	5.97293e-79
2.84638e+06	3.93128e-78
2.84648e+06	2.56176e-77
2.84658e+06	1.65272e-76
2.84668e+06	1.05564e-75
2.84678e+06	6.67563e-75
2.84688e+06	4.1795e-74
2.84698e+06	2.59068e-73
2.84708e+06	1.58986e-72
2.84718e+06	9.65967e-72
2.84728e+06	5.81062e-71
2.84738e+06	3.46051e-70
2.84748e+06	2.04039e-69
2.84758e+06	1.19109e-68
2.84768e+06	6.88389e-68
2.84778e+06	3.93894e-67
2.84788e+06	2.23142e-66
2.84798e+06	1.25153e-65
2.84808e+06	6.94958e-65
2.84818e+06	3.8206e-64
2.84828e+06	2.07952e-63
2.84838e+06	1.1206e-62
2.84848e+06	5.97854e-62
2.84858e+06	3.15789e-61
2.84868e+06	1.65142e-60
2.84878e+06	8.55013e-60
2.84888e+06	4.38274e-59
2.84898e+06	2.22421e-58
2.84908e+06	1.11754e-57
2.84918e+06	5.55914e-57
2.84928e+06	2.73784e-56
2.84938e+06	1.33496e-55
2.84948e+06	6.4444e-55
2.84958e+06	3.08003e-54
2.84968e+06	1.45742e-53
2.84978e+06	6.82765e-53
2.84988e+06	3.16676e-52
2.84998e+06	1.45417e-51
2.85008e+06	6.61109e-51
2.85018e+06	2.97569e-50
2.85028e+06	1.32605e-49
2.85038e+06	5.85044e-49
2.85048e+06	2.55549e-48
2.85058e+06	1.10514e-47
2.85068e+06	4.73171e-47
2.85078e+06	2.00574e-46
2.85088e+06	8.41762e-46
2.85098e+06	3.49752e-45
2.85108e+06	1.43876e-44
2.85118e+06	5.85968e-44
2.85128e+06	2.36274e-43
2.85138e+06	9.43227e-43
2.85148e+06	3.72797e-42
2.85158e+06	1.45877e-41
2.85168e+06	5.65141e-41
2.85178e+06	2.16763e-40
2.85188e+06	8.23132e-40
2.85198e+06	3.09465e-39
2.85208e+06	1.15189e-38
2.85218e+06	4.24489e-38
2.85228e+06	1.54874e-37
2.85238e+06	5.59434e-37
2.85248e+06	2.00067e-36
2.85258e+06	7.0837e-36
2.85268e+06	2.48314e-35
2.85278e+06	8.61787e-35
2.85288e+06	2.96111e-34
2.85298e+06	1.00732e-33
2.85308e+06	3.39263e-33
2.85318e+06	1.13126e-32
2.85328e+06	3.73462e-32
2.85338e+06	1.22064e-31
2.85348e+06	3.94989e-31
2.85358e+06	1.26543e-30
2.85368e+06	4.01376e-30
2.85378e+06	1.26043e-29
2.85388e+06	3.91874e-29
2.85398e+06	1.20623e-28
2.85408e+06	3.67595e-28
2.85418e+06	1.10909e-27
2.85428e+06	3.31299e-27
2.85438e+06	9.79786e-27
2.85448e+06	2.8688e-26
2.85458e+06	8.3162e-26
2.85468e+06	2.38675e-25
2.85478e+06	6.78182e-25
2.85488e+06	1.90784e-24
2.85498e+06	5.31369e-24
2.85508e+06	1.46523e-23
2.85518e+06	4.00013e-23
2.85528e+06	1.08118e-22
2.85538e+06	2.89322e-22
2.85548e+06	7.66513e-22
2.85558e+06	2.01055e-21
2.85568e+06	5.22117e-21
2.85578e+06	1.34239e-20
2.85588e+06	3.417e-20
2.85598e+06	8.61131e-20
2.85608e+06	2.14857e-19
2.85618e+06	5.30748e-19
2.85628e+06	1.29803e-18
2.85638e+06	3.14294e-18
2.85648e+06	7.53434e-18
2.85658e+06	1.78818e-17
2.85668e+06	4.20179e-17
2.85678e+06	9.77497e-17
2.85688e+06	2.2514e-16
2.85698e+06	5.1339e-16
2.85708e+06	1.15904e-15
2.85718e+06	2.59064e-15
2.85728e+06	5.73289e-15
2.85738e+06	1.25602e-14
2.85748e+06	2.72443e-14
2.85758e+06	5.85077e-14
2.85768e+06	1.24396e-13
2.85778e+06	2.61853e-13
2.85788e+06	5.45715e-13
2.85798e+06	1.12598e-12
2.85808e+06	2.30014e-12
2.85818e+06	4.65192e-12
2.85828e+06	9.3147e-12
2.85838e+06	1.84655e-11
2.85848e+06	3.6242e-11
2.85858e+06	7.04239e-11
2.85868e+06	1.35483e-10
2.85878e+06	2.58051e-10
2.85888e+06	4.86614e-10
2.85898e+06	9.08491e-10
2.85908e+06	1.67924e-09
2.85918e+06	3.073e-09
2.85928e+06	5.56762e-09
2.85938e+06	9.98697e-09
2.85948e+06	1.7736e-08
2.85958e+06	3.11841e-08
2.85968e+06	5.42835e-08
2.85978e+06	9.35535e-08
2.85988e+06	1.59628e-07
2.85998e+06	2.69659e-07
2.86008e+06	4.51002e-07
2.86018e+06	7.46791e-07
2.86028e+06	1.22427e-06
2.86038e+06	1.98706e-06
2.86048e+06	3.19302e-06
2.86058e+06	5.07985e-06
2.86068e+06	8.00122e-06
2.86078e+06	1.24773e-05
2.86088e+06	1.92637e-05
2.86098e+06	2.94453e-05
2.86108e+06	4.45604e-05
2.86118e+06	6.67637e-05
2.86128e+06	9.90349e-05
2.86138e+06	0.000145443
2.86148e+06	0.000211473
2.86158e+06	0.000304421
2.86168e+06	0.000433861
2.86178e+06	0.000612187
2.86188e+06	0.000855213
2.86198e+06	0.00118283
2.86208e+06	0.00161967
2.86218e+06	0.00219577
2.86228e+06	0.00294717
2.86238e+06	0.00391635
2.86248e+06	0.00515245
2.86258e+06	0.00671125
2.86268e+06	0.00865467
2.86278e+06	0.0110498
2.86288e+06	0.0139674
2.86298e+06	0.0174797
2.86308e+06	0.0216575
2.86318e+06	0.0265668
2.86328e+06	0.0322648
2.86338e+06	0.0387949
2.86348e+06	0.0461826
2.86358e+06	0.05443
2.86368e+06	0.063512
2.86378e+06	0.0733719
2.86388e+06	0.0839192
2.86398e+06	0.0950276
2.86408e+06	0.106536
2.86418e+06	0.118249
2.86428e+06	0.129944
2.86438e+06	0.141375
2.86448e+06	0.152282
2.86458e+06	0.162397
2.86468e+06	0.171461
2.86478e+06	0.17923
2.86488e+06	0.185487
2.86498e+06	0.190052
2.86508e+06	0.192792
2.86518e+06	0.193625
2.86528e+06	0.192527
2.86538e+06	0.18953
2.86548e+06	0.184724
2.86558e+06	0.178248
2.86568e+06	0.170287
2.86578e+06	0.161064
2.86588e+06	0.150824
2.86598e+06	0.13983
2.86608e+06	0.128347
2.86618e+06	0.116635
2.86628e+06	0.104938
2.86638e+06	0.0934736
2.86648e+06	0.0824335
2.86658e+06	0.071974
2.86668e+06	0.0622163
2.86678e+06	0.0532464
2.86688e+06	0.0451163
2.86698e+06	0.0378472
2.86708e+06	0.0314334
2.86718e+06	0.0258467
2.86728e+06	0.0210415
2.86738e+06	0.0169592
2.86748e+06	0.0135329
2.86758e+06	0.0106913
2.86768e+06	0.00836242
2.86778e+06	0.00647572
2.86788e+06	0.0049648
2.86798e+06	0.00376853
2.86808e+06	0.00283205
2.86818e+06	0.0021071
2.86828e+06	0.00155213
2.86838e+06	0.00113195
2.86848e+06	0.0008173
2.86858e+06	0.000584244
2.86868e+06	0.00041349
2.86878e+06	0.000289729
2.86888e+06	0.000200991
2.86898e+06	0.000138044
2.86908e+06	9.38675e-05
2.86918e+06	6.31932e-05
2.86928e+06	4.21195e-05
2.86938e+06	2.77941e-05
2.86948e+06	1.81585e-05
2.86958e+06	1.17453e-05
2.86968e+06	7.52147e-06
2.86978e+06	4.76871e-06
2.86988e+06	2.99333e-06
2.86998e+06	1.86023e-06
2.87008e+06	1.14455e-06
2.87018e+06	6.97207e-07
2.87028e+06	4.20479e-07
2.87038e+06	2.51064e-07
2.87048e+06	1.48416e-07
2.87058e+06	8.68632e-08
2.87068e+06	5.03323e-08
2.87078e+06	2.88745e-08
2.87088e+06	1.63999e-08
2.87098e+06	9.22194e-09
2.87108e+06	5.13407e-09
2.87118e+06	2.82982e-09
2.87128e+06	1.54423e-09
2.87138e+06	8.343e-10
2.87148e+06	4.46262e-10
2.87158e+06	2.36328e-10
2.87168e+06	1.23907e-10
2.87178e+06	6.43184e-11
2.87188e+06	3.30545e-11
2.87198e+06	1.68184e-11
2.87208e+06	8.47215e-12
2.87218e+06	4.22533e-12
2.87228e+06	2.08634e-12
2.87238e+06	1.01992e-12
2.87248e+06	4.93632e-13
2.87258e+06	2.36537e-13
2.87268e+06	1.12215e-13
2.87278e+06	5.2706e-14
2.87288e+06	2.45091e-14
2.87298e+06	1.12837e-14
2.87308e+06	5.14317e-15
2.87318e+06	2.32096e-15
2.87328e+06	1.03696e-15
2.87338e+06	4.58685e-16
2.87348e+06	2.00874e-16
2.87358e+06	8.70941e-17
2.87368e+06	3.73862e-17
2.87378e+06	1.58888e-17
2.87388e+06	6.68541e-18
2.87398e+06	2.78498e-18
2.87408e+06	1.14861e-18
2.87418e+06	4.69009e-19
2.87428e+06	1.89604e-19
2.87438e+06	7.58872e-20
2.87448e+06	3.0071e-20
2.87458e+06	1.17973e-20
2.87468e+06	4.58224e-21
2.87478e+06	1.76209e-21
2.87488e+06	6.70865e-22
2.87498e+06	2.52871e-22
2.87508e+06	9.43673e-23
2.87518e+06	3.48658e-23
2.87528e+06	1.27537e-23
2.87538e+06	4.61879e-24
2.87548e+06	1.65607e-24
2.87558e+06	5.87875e-25
2.87568e+06	2.06609e-25
2.87578e+06	7.18902e-26
2.87588e+06	2.47655e-26
2.87598e+06	8.44662e-27
2.87608e+06	2.85217e-27
2.87618e+06	9.53508e-28
2.87628e+06	3.15595e-28
2.87638e+06	1.03417e-28
2.87648e+06	3.35517e-29
2.87658e+06	1.07768e-29
2.87668e+06	3.42709e-30
2.87678e+06	1.07899e-30
2.87688e+06	3.3633e-31
2.87698e+06	1.03794e-31
2.87708e+06	3.17128e-32
2.87718e+06	9.59299e-33
2.87728e+06	2.87297e-33
2.87738e+06	8.51853e-34
2.87748e+06	2.50066e-34
2.87758e+06	7.26781e-35
2.87768e+06	2.09126e-35
2.87778e+06	5.95759e-36
2.87788e+06	1.68031e-36
2.87798e+06	4.69208e-37
2.87808e+06	1.29718e-37
2.87818e+06	3.5505e-38
2.87828e+06	9.62136e-39
2.87838e+06	2.58131e-39
2.87848e+06	6.8565e-40
2.87858e+06	1.8031e-40
2.87868e+06	4.69458e-41
2.87878e+06	1.21012e-41
2.87888e+06	3.08829e-42
2.87898e+06	7.80307e-43
2.87908e+06	1.95195e-43
2.87918e+06	4.83426e-44
2.87928e+06	1.18535e-44
2.87938e+06	2.87755e-45
2.87948e+06	6.916e-46
2.87958e+06	1.64567e-46
2.87968e+06	3.87695e-47
2.87978e+06	9.04259e-48
2.87988e+06	2.08811e-48
2.87998e+06	4.77387e-49
2.88008e+06	1.08055e-49
2.88018e+06	2.42145e-50
2.88028e+06	5.37235e-51
2.88038e+06	1.18008e-51
2.88048e+06	2.56633e-52
2.88058e+06	5.52551e-53
2.88068e+06	1.17785e-53
2.88078e+06	2.48578e-54
2.88088e+06	5.1939e-55
2.88098e+06	1.07444e-55
2.88108e+06	2.20052e-56
2.88118e+06	4.46198e-57
2.88128e+06	8.9575e-58
2.88138e+06	1.78034e-58
2.88148e+06	3.50329e-59
2.88158e+06	6.82506e-60
2.88168e+06	1.31642e-60
2.88178e+06	2.51384e-61
2.88188e+06	4.75269e-62
2.88198e+06	8.89605e-63
2.88208e+06	1.64859e-63
2.88218e+06	3.02472e-64
2.88228e+06	5.49433e-65
2.88238e+06	9.88101e-66
2.88248e+06	1.75932e-66
2.88258e+06	3.10131e-67
2.88268e+06	5.41257e-68
2.88278e+06	9.3523e-69
2.88288e+06	1.59989e-69
2.88298e+06	2.70969e-70
2.88308e+06	4.54365e-71
2.88318e+06	7.54307e-72
2.88328e+06	1.23979e-72
2.88338e+06	2.01746e-73
2.88348e+06	3.25027e-74
2.88358e+06	5.18431e-75
2.88368e+06	8.18689e-76
2.88378e+06	1.27998e-76
2.88388e+06	1.98129e-77
2.88398e+06	3.03631e-78
2.88408e+06	4.60684e-79
2.88418e+06	6.92017e-80
2.88428e+06	1.02917e-80
2.88438e+06	1.51536e-81
2.88448e+06	2.20902e-82
2.88458e+06	3.18817e-83
2.88468e+06	4.55554e-84
2.88478e+06	6.4446e-85
2.88488e+06	9.02629e-86
2.88498e+06	1.25164e-86
2.88508e+06	1.71833e-87
2.88518e+06	2.33556e-88
2.88528e+06	3.14291e-89
2.88538e+06	4.18726e-90
2.88548e+06	5.52313e-91
2.88558e+06	7.21269e-92
2.88568e+06	9.32539e-93
2.88578e+06	1.1937e-93
2.88588e+06	1.51278e-94
2.88598e+06	1.89809e-95
2.88608e+06	2.35784e-96
2.88618e+06	2.89981e-97
2.88628e+06	3.53087e-98
2.88638e+06	4.25648e-99
2.88648e+06	5.08015e-100
2.88658e+06	6.00287e-101
2.88668e+06	7.02262e-102
2.88678e+06	8.13385e-103
2.88688e+06	9.32718e-104
2.88698e+06	1.05892e-104
2.88708e+06	1.19023e-105
2.88718e+06	1.32451e-106
2.88728e+06	1.45927e-107
2.88738e+06	1.59176e-108
2.88748e+06	1.71899e-109
2.88758e+06	1.83792e-110
2.88768e+06	1.94552e-111
2.88778e+06	2.03894e-112
2.88788e+06	2.11558e-113
2.88798e+06	2.17325e-114
2.88808e+06	2.21029e-115
2.88818e+06	2.22559e-116
2.88828e+06	2.2187e-117
2.88838e+06	2.18982e-118
2.88848e+06	2.13981e-119
2.88858e+06	2.07014e-120
2.88868e+06	1.9828e-121
2.88878e+06	1.88026e-122
2.88888e+06	1.76528e-123
2.88898e+06	1.64084e-124
2.88908e+06	1.50999e-125
2.88918e+06	1.37576e-126
2.88928e+06	1.24098e-127
2.88938e+06	1.10827e-128
2.88948e+06	9.79902e-130
2.88958e+06	8.57782e-131
2.88968e+06	7.4341e-132
2.88978e+06	6.37878e-133
2.88988e+06	5.4188e-134
2.88998e+06	4.55749e-135
2.89008e+06	3.79495e-136
2.89018e+06	3.12855e-137
2.89028e+06	2.5535e-138
2.89038e+06	2.06342e-139
2.89048e+06	1.6508e-140
2.89058e+06	1.30756e-141
2.89068e+06	1.02538e-142
2.89078e+06	7.9609e-144
2.89088e+06	6.11925e-145
2.89098e+06	4.65684e-146
2.89108e+06	3.50867e-147
2.89118e+06	2.61728e-148
2.89128e+06	1.93292e-149
2.89138e+06	1.4133e-150
2.89148e+06	1.02309e-151
2.89158e+06	7.33246e-153
2.89168e+06	5.20287e-154
2.89178e+06	3.65504e-155
2.89188e+06	2.54214e-156
2.89198e+06	1.7505e-157
2.89208e+06	1.19339e-158
2.89218e+06	8.05494e-160
2.89228e+06	5.38266e-161
2.89238e+06	3.56114e-162
2.89248e+06	2.33259e-163
2.89258e+06	1.51267e-164
2.89268e+06	9.71198e-166
2.89278e+06	6.17345e-167
2.89288e+06	3.88513e-168
2.89298e+06	2.42069e-169
2.89308e+06	1.49325e-170
2.89318e+06	9.11969e-172
2.89328e+06	5.51424e-173
2.89338e+06	3.30102e-174
2.89348e+06	1.95645e-175
2.89358e+06	1.14801e-176
2.89368e+06	6.66928e-178
2.89378e+06	3.83592e-179
2.89388e+06	2.18433e-180
2.89398e+06	1.23147e-181
2.89408e+06	6.8736e-183
2.89418e+06	3.79843e-184
2.89428e+06	2.07816e-185
2.89438e+06	1.12567e-186
2.89448e+06	6.03675e-188
2.89458e+06	3.20517e-189
2.89468e+06	1.68483e-190
2.89478e+06	8.76832e-192
2.89488e+06	4.51788e-193
2.89498e+06	2.30468e-194
2.89508e+06	1.16397e-195
2.89518e+06	5.82013e-197
2.89528e+06	2.88124e-198
2.89538e+06	1.41216e-199
2.89548e+06	6.85242e-201
2.89558e+06	3.29202e-202
2.89568e+06	1.5658e-203
2.89578e+06	7.37342e-205
2.89588e+06	3.43762e-206
2.89598e+06	1.58673e-207
2.89608e+06	7.25115e-209
2.89618e+06	3.28071e-210
2.89628e+06	1.46955e-211
2.89638e+06	6.51717e-213
2.89648e+06	2.86148e-214
2.89658e+06	1.24388e-215
2.89668e+06	5.35333e-217
2.89678e+06	2.28101e-218
2.89688e+06	9.62246e-220
2.89698e+06	4.01886e-221
2.89708e+06	1.66179e-222
2.89718e+06	6.80311e-224
2.89728e+06	2.75737e-225
2.89738e+06	1.10647e-226
2.89748e+06	4.39584e-228
2.89758e+06	1.72902e-229
2.89768e+06	6.73313e-231
2.89778e+06	2.59591e-232
2.89788e+06	9.90878e-234
2.89798e+06	3.74462e-235
2.89808e+06	1.40104e-236
2.89818e+06	5.18983e-238
2.89828e+06	1.90332e-239
2.89838e+06	6.91078e-241
2.89848e+06	2.48427e-242
2.89858e+06	8.84156e-244
2.89868e+06	3.11541e-245
2.89878e+06	1.08682e-246
2.89888e+06	3.7537e-248
2.89898e+06	1.28356e-249
2.89908e+06	4.34543e-251
2.89918e+06	1.45648e-252
2.89928e+06	4.83318e-254
2.89938e+06	1.58788e-255
2.89948e+06	5.1649e-257
2.89958e+06	1.66327e-258
2.89968e+06	5.30297e-260
2.89978e+06	1.67392e-261
2.89988e+06	5.23124e-263
2.89998e+06	1.61858e-264
2.90008e+06	4.95814e-266
2.90018e+06	1.5037e-267
2.90028e+06	4.51503e-269
2.90038e+06	1.3422e-270
2.90048e+06	3.9503e-272
2.90058e+06	1.15107e-273
2.90068e+06	3.32069e-275
2.90078e+06	9.48448e-277
2.90088e+06	2.68198e-278
2.90098e+06	7.50852e-280
2.90108e+06	2.08118e-281
2.90118e+06	5.71114e-283
2.90128e+06	1.55165e-284
2.90138e+06	4.17369e-286
2.90148e+06	1.11149e-287
2.90158e+06	2.93052e-289
2.90168e+06	7.64969e-291
2.90178e+06	1.97696e-292
2.90188e+06	5.05838e-294
2.90198e+06	1.28139e-295
2.90208e+06	3.21371e-297
2.90218e+06	7.97977e-299
2.90228e+06	1.96169e-300
2.90238e+06	4.77451e-302
2.90248e+06	1.15049e-303
2.90258e+06	2.7447e-305
2.90268e+06	6.48282e-307
2.90278e+06	1.51597e-308
2.90288e+06	3.50972e-310
2.90298e+06	8.04475e-312
2.90308e+06	1.82562e-313
2.90318e+06	4.1017e-315
2.90328e+06	9.12378e-317
2.90338e+06	2.00929e-318
2.90348e+06	4.38088e-320
2.90358e+06	9.43665e-322
2.90368e+06	1.97626e-323
2.90378e+06	0
2.90388e+06	0
2.90398e+06	0
2.90408e+06	0
2.90418e+06	0
2.90428e+06	0
2.90438e+06	0
2.90448e+06	0
2.90458e+06	0
2.90468e+06	0
2.90478e+06	0
2.90488e+06	0
2.90498e+06	0
2.90508e+06	0
2.90518e+06	0
2.90528e+06	0
2.90538e+06	0
2.90548e+06	0
2.90558e+06	0
2.90568e+06	0
2.90578e+06	0
2.90588e+06	0
2.90598e+06	0
2.90608e+06	0
2.90618e+06	0
2.90628e+06	0
2.90638e+06	0
2.90648e+06	0
2.90658e+06	0
2.90668e+06	0
2.90678e+06	0
2.90688e+06	0
2.90698e+06	0
2.90708e+06	0
2.90718e+06	0
2.90728e+06	0
2.90738e+06	0
2.90748e+06	0
2.90758e+06	0
2.90768e+06	0
2.90778e+06	0
2.90788e+06	0
2.90798e+06	0
2.90808e+06	0
2.90818e+06	0
2.90828e+06	0
2.90838e+06	0
2.90848e+06	0
2.90858e+06	0
2.90868e+06	0
2.90878e+06	0
2.90888e+06	0
2.90898e+06	0
2.90908e+06	0
2.90918e+06	0
2.90928e+06	0
2.90938e+06	0
2.90948e+06	0
2.90958e+06	0
2.90968e+06	0
2.90978e+06	0
2.90988e+06	0
2.90998e+06	0
2.91008e+06	0
2.91018e+06	0
2.91028e+06	0
2.91038e+06	0
2.91048e+06	0
2.91058e+06	0
2.91068e+06	0
2.91078e+06	0
2.91088e+06	0
2.91098e+06	0
2.91108e+06	0
2.91118e+06	0
2.91128e+06	0
2.91138e+06	0
2.91148e+06	0
2.91158e+06	0
2.91168e+06	0
2.91178e+06	0
2.91188e+06	0
2.91198e+06	0
2.91208e+06	0
2.91218e+06	0
2.91228e+06	0
2.91238e+06	0
2.91248e+06	0
2.91258e+06	0
2.91268e+06	0
2.91278e+06	0
2.91288e+06	0
2.91298e+06	0
2.91308e+06	0
2.91318e+06	0
2.91328e+06	0
2.91338e+06	0
2.91348e+06	0
2.91358e+06	0
2.91368e+06	0
2.91378e+06	0
2.91388e+06	0
2.91398e+06	0
2.91408e+06	0
2.91418e+06	0
2.91428e+06	0
2.91438e+06	0
2.91448e+06	0
2.91458e+06	0
2.91468e+06	0
2.91478e+06	0
2.91488e+06	0
2.91498e+06	0
2.91508e+06	0
2.91518e+06	0
2.91528e+06	0
2.91538e+06	0
2.91548e+06	0
2.91558e+06	0
2.91568e+06	0
2.91578e+06	0
2.91588e+06	0
2.91598e+06	0
2.91608e+06	0
2.91618e+06	0
2.91628e+06	0
2.91638e+06	0
2.91648e+06	0
2.91658e+06	0
2.91668e+06	0
2.91678e+06	0
2.91688e+06	0
2.91698e+06	0
2.91708e+06	0
2.91718e+06	0
2.91728e+06	0
2.91738e+06	0
2.91748e+06	0
2.91758e+06	0
2.91768e+06	0
2.91778e+06	0
2.91788e+06	0
2.91798e+06	0
2.91808e+06	0
2.91818e+06	0
2.91828e+06	0
2.91838e+06	0
2.91848e+06	0
2.91858e+06	0
2.91868e+06	0
2.91878e+06	0
2.91888e+06	0
2.91898e+06	0
2.91908e+06	0
2.91918e+06	0
2.91928e+06	0
2.91938e+06	0
2.91948e+06	0
2.91958e+06	0
2.91968e+06	0
2.91978e+06	0
2.91988e+06	0
2.91998e+06	0
2.92008e+06	0
2.92018e+06	0
2.92028e+06	0
2.92038e+06	0
2.92048e+06	0
2.92058e+06	0
2.92068e+06	0
2.92078e+06	0
2.92088e+06	0
2.92098e+06	0
2.92108e+06	0
2.92118e+06	0
2.92128e+06	0
2.92138e+06	0
2.92148e+06	0
2.92158e+06	0
2.92168e+06	0
2.92178e+06	0
2.92188e+06	0
2.92198e+06	0
2.92208e+06	0
2.92218e+06	0
2.92228e+06	0
2.92238e+06	0
2.92248e+06	0
2.92258e+06	0
2.92268e+06	0
2.92278e+06	0
2.92288e+06	0
2.92298e+06	0
2.92308e+06	0
2.92318e+06	0
2.92328e+06	0
2.92338e+06	0
2.92348e+06	0
2.92358e+06	0
2.92368e+06	0
2.92378e+06	0
2.92388e+06	0
2.92398e+06	0
2.92408e+06	0
2.92418e+06	0
2.92428e+06	0
2.92438e+06	0
2.92448e+06	0
2.92458e+06	0
2.92468e+06	0
2.92478e+06	0
2.92488e+06	0
2.92498e+06	0
2.92508e+06	0
2.92518e+06	0
2.92528e+06	0
2.92538e+06	0
2.92548e+06	0
2.92558e+06	0
2.92568e+06	0
2.92578e+06	0
2.92588e+06	0
2.92598e+06	0
2.92608e+06	0
2.92618e+06	0
2.92628e+06	0
2.92638e+06	0
2.92648e+06	0
2.92658e+06	0
2.92668e+06	0
2.92678e+06	0
2.92688e+06	0
2.92698e+06	0
2.92708e+06	0
2.92718e+06	0
2.92728e+06	0
2.92738e+06	0
2.92748e+06	0
2.92758e+06	0
2.92768e+06	0
2.92778e+06	0
2.92788e+06	0
2.92798e+06	0
2.92808e+06	0
2.92818e+06	0
2.92828e+06	0
2.92838e+06	0
2.92848e+06	0
2.92858e+06	0
2.92868e+06	0
2.92878e+06	0
2.92888e+06	0
2.92898e+06	0
2.92908e+06	0
2.92918e+06	0
2.92928e+06	0
2.92938e+06	0
2.92948e+06	0
2.92958e+06	0
2.92968e+06	0
2.92978e+06	0
2.92988e+06	0
2.92998e+06	0
2.93008e+06	0
2.93018e+06	0
2.93028e+06	0
2.93038e+06	0
2.93048e+06	0
2.93058e+06	0
2.93068e+06	0
2.93078e+06	0
2.93088e+06	0
2.93098e+06	0
2.93108e+06	0
2.93118e+06	0
2.93128e+06	0
2.93138e+06	0
2.93148e+06	0
2.93158e+06	0
2.93168e+06	0
2.93178e+06	0
2.93188e+06	0
2.93198e+06	0
2.93208e+06	0
2.93218e+06	0
2.93228e+06	0
2.93238e+06	0
2.93248e+06	0
2.93258e+06	0
2.93268e+06	0
2.93278e+06	0
2.93288e+06	0
2.93298e+06	0
2.93308e+06	0
2.93318e+06	0
2.93328e+06	0
2.93338e+06	0
2.93348e+06	0
2.93358e+06	0
2.93368e+06	0
2.93378e+06	0
2.93388e+06	0
2.93398e+06	0
2.93408e+06	0
2.93418e+06	0
2.93428e+06	0
2.93438e+06	0
2.93448e+06	0
2.93458e+06	0
2.93468e+06	0
2.93478e+06	0
2.93488e+06	0
2.93498e+06	0
2.93508e+06	0
2.93518e+06	0
2.93528e+06	0
2.93538e+06	0
2.93548e+06	0
2.93558e+06	0
2.93568e+06	0
2.93578e+06	0
2.93588e+06	0
2.93598e+06	0
2.93608e+06	0
2.93618e+06	0
2.93628e+06	0
2.93638e+06	0
2.93648e+06	0
2.93658e+06	0
2.93668e+06	0
2.93678e+06	0
2.93688e+06	0
2.93698e+06	0
2.93708e+06	0
2.93718e+06	0
2.93728e+06	0
2.93738e+06	0
2.93748e+06	0
2.93758e+06	0
2.93768e+06	0
2.93778e+06	0
2.93788e+06	0
2.93798e+06	0
2.93808e+06	0
2.93818e+06	0
2.93828e+06	0
2.93838e+06	0
2.93848e+06	0
2.93858e+06	0
2.93868e+06	0
2.93878e+06	0
2.93888e+06	0
2.93898e+06	0
2.93908e+06	0
2.93918e+06	0
2.93928e+06	0
2.93938e+06	0
2.93948e+06	0
2.93958e+06	0
2.93968e+06	0
2.93978e+06	0
2.93988e+06	0
2.93998e+06	0
2.94008e+06	0
2.94018e+06	0
2.94028e+06	0
2.94038e+06	0
2.94048e+06	0
2.94058e+06	0
2.94068e+06	0
2.94078e+06	0
2.94088e+06	0
2.94098e+06	0
2.94108e+06	0
2.94118e+06	0
2.94128e+06	0
2.94138e+06	0
2.94148e+06	0
2.94158e+06	0
2.94168e+06	0
2.94178e+06	0
2.94188e+06	0
2.94198e+06	0
2.94208e+06	0
2.94218e+06	0
2.94228e+06	0
2.94238e+06	0
2.94248e+06	0
2.94258e+06	0
2.94268e+06	0
2.94278e+06	0
2.94288e+06	0
2.94298e+06	0
2.94308e+06	0
2.94318e+06	0
2.94328e+06	0
2.94338e+06	0
2.94348e+06	0
2.94358e+06	0
2.94368e+06	0
2.94378e+06	0
2.94388e+06	0
2.94398e+06	0
2.94408e+06	0
2.94418e+06	0
2.94428e+06	0
2.94438e+06	0
2.94448e+06	0
2.94458e+06	0
2.94468e+06	0
2.94478e+06	0
2.94488e+06	0
2.94498e+06	0
2.94508e+06	0
2.94518e+06	0
2.94528e+06	0
2.94538e+06	0
2.94548e+06	0
2.94558e+06	0
2.94568e+06	0
2.94578e+06	0
2.94588e+06	0
2.94598e+06	0
2.94608e+06	0
2.94618e+06	0
2.94628e+06	0
2.94638e+06	0
2.94648e+06	0
2.94658e+06	0
2.94668e+06	0
2.94678e+06	0
2.94688e+06	0
2.94698e+06	0
2.94708e+06	0
2.94718e+06	0
2.94728e+06	0
2.94738e+06	0
2.94748e+06	0
2.94758e+06	0
2.94768e+06	0
2.94778e+06	0
2.94788e+06	0
2.94798e+06	0
2.94808e+06	0
2.94818e+06	0
2.94828e+06	0
2.94838e+06	0
2.94848e+06	0
2.94858e+06	0
2.94868e+06	0
2.94878e+06	0
2.94888e+06	0
2.94898e+06	0
2.94908e+06	0
2.94918e+06	0
2.94928e+06	0
2.94938e+06	0
2.94948e+06	0
2.94958e+06	0
2.94968e+06	0
2.94978e+06	0
2.94988e+06	0
2.94998e+06	0
2.95008e+06	0
2.95018e+06	0
2.95028e+06	0
2.95038e+06	0
2.95048e+06	0
2.95058e+06	0
2.95068e+06	0
2.95078e+06	0
2.95088e+06	0
2.95098e+06	0
2.95108e+06	0
2.95118e+06	0
2.95128e+06	0
2.95138e+06	0
2.95148e+06	0
2.95158e+06	0
2.95168e+06	0
2.95178e+06	0
2.95188e+06	0
2.95198e+06	0
2.95208e+06	0
2.95218e+06	0
2.95228e+06	0
2.95238e+06	0
2.95248e+06	0
2.95258e+06	0
2.95268e+06	0
2.95278e+06	0
2.95288e+06	0
2.95298e+06	0
2.95308e+06	0
2.95318e+06	0
2.95328e+06	0
2.95338e+06	0
2.95348e+06	0
2.95358e+06	0
2.95368e+06	0
2.95378e+06	0
2.95388e+06	0
2.95398e+06	0
2.95408e+06	0
2.95418e+06	0
2.95428e+06	0
2.95438e+06	0
2.95448e+06	0
2.95458e+06	0
2.95468e+06	0
2.95478e+06	0
2.95488e+06	0
2.95498e+06	0
2.95508e+06	0
2.95518e+06	0
2.95528e+06	0
2.95538e+06	0
2.95548e+06	0
2.95558e+06	0
2.95568e+06	0
2.95578e+06	0
2.95588e+06	0
2.95598e+06	0
2.95608e+06	0
2.95618e+06	0
2.95628e+06	0
2.95638e+06	0
2.95648e+06	0
2.95658e+06	0
2.95668e+06	0
2.95678e+06	0
2.95688e+06	0
2.95698e+06	0
2.95708e+06	0
2.95718e+06	0
2.95728e+06	0
2.95738e+06	0
2.95748e+06	0
2.95758e+06	0
2.95768e+06	0
2.95778e+06	0
2.95788e+06	0
2.95798e+06	0
2.95808e+06	0
2.95818e+06	0
2.95828e+06	0
2.95838e+06	0
2.95848e+06	0
2.95858e+06	0
2.95868e+06	0
2.95878e+06	0
2.95888e+06	0
2.95898e+06	0
2.95908e+06	0
2.95918e+06	0
2.95928e+06	0
2.95938e+06	0
2.95948e+06	0
2.95958e+06	0
2.95968e+06	0
2.95978e+06	0
2.95988e+06	0
2.95998e+06	0
2.96008e+06	0
2.96018e+06	0
2.96028e+06	0
2.96038e+06	0
2.96048e+06	0
2.96058e+06	0
2.96068e+06	0
2.96078e+06	0
2.96088e+06	0
2.96098e+06	0
2.96108e+06	0
2.96118e+06	0
2.96128e+06	0
2.96138e+06	0
2.96148e+06	0
2.96158e+06	0
2.96168e+06	0
2.96178e+06	0
2.96188e+06	0
2.96198e+06	0
2.96208e+06	0
2.96218e+06	0
2.96228e+06	0
2.96238e+06	0
2.96248e+06	0
2.96258e+06	0
2.96268e+06	0
2.96278e+06	0
2.96288e+06	0
2.96298e+06	0
2.96308e+06	0
2.96318e+06	0
2.96328e+06	0
2.96338e+06	0
2.96348e+06	0
2.96358e+06	0
2.96368e+06	0
2.96378e+06	0
2.96388e+06	0
2.96398e+06	0
2.96408e+06	0
2.96418e+06	0
2.96428e+06	0
2.96438e+06	0
2.96448e+06	0
2.96458e+06	0
2.96468e+06	0
2.96478e+06	0
2.96488e+06	0
2.96498e+06	0
2.96508e+06	0
2.96518e+06	0
2.96528e+06	0
2.96538e+06	0
2.96548e+06	0
2.96558e+06	0
2.96568e+06	0
2.96578e+06	0
2.96588e+06	0
2.96598e+06	0
2.96608e+06	0
2.96618e+06	0
2.96628e+06	0
2.96638e+06	0
2.96648e+06	0
2.96658e+06	0
2.96668e+06	0
2.96678e+06	0
2.96688e+06	0
2.96698e+06	0
2.96708e+06	0
2.96718e+06	0
2.96728e+06	0
2.96738e+06	0
2.96748e+06	0
2.96758e+06	0
2.96768e+06	0
2.96778e+06	0
2.96788e+06	0
2.96798e+06	0
2.96808e+06	0
2.96818e+06	0
2.96828e+06	0
2.96838e+06	0
2.96848e+06	0
2.96858e+06	0
2.96868e+06	0
2.96878e+06	0
2.96888e+06	0
2.96898e+06	0
2.96908e+06	0
2.96918e+06	0
2.96928e+06	0
2.96938e+06	0
2.96948e+06	0
2.96958e+06	0
2.96968e+06	0
2.96978e+06	0
2.96988e+06	0
2.96998e+06	0
2.97008e+06	0
2.97018e+06	0
2.97028e+06	0
2.97038e+06	0
2.97048e+06	0
2.97058e+06	0
2.97068e+06	0
2.97078e+06	0
2.97088e+06	0
2.97098e+06	0
2.97108e+06	0
2.97118e+06	0
2.97128e+06	0
2.97138e+06	0
2.97148e+06	0
2.97158e+06	0
2.97168e+06	0
2.97178e+06	0
2.97188e+06	0
2.97198e+06	0
2.97208e+06	0
2.97218e+06	0
2.97228e+06	0
2.97238e+06	0
2.97248e+06	0
2.97258e+06	0
2.97268e+06	0
2.97278e+06	0
2.97288e+06	0
2.97298e+06	0
2.97308e+06	0
2.97318e+06	0
2.97328e+06	0
2.97338e+06	0
2.97348e+06	0
2.97358e+06	0
2.97368e+06	0
2.97378e+06	0
2.97388e+06	0
2.97398e+06	0
2.97408e+06	0
2.97418e+06	0
2.97428e+06	0
2.97438e+06	0
2.97448e+06	0
2.97458e+06	0
2.97468e+06	0
2.97478e+06	0
2.97488e+06	0
2.97498e+06	0
2.97508e+06	0
2.97518e+06	0
2.97528e+06	0
2.97538e+06	0
2.97548e+06	0
2.97558e+06	0
2.97568e+06	0
2.97578e+06	0
2.97588e+06	0
2.97598e+06	0
2.97608e+06	0
2.97618e+06	0
2.97628e+06	0
2.97638e+06	0
2.97648e+06	0
2.97658e+06	0
2.97668e+06	0
2.97678e+06	0
2.97688e+06	0
2.97698e+06	0
2.97708e+06	0
2.97718e+06	0
2.97728e+06	0
2.97738e+06	0
2.97748e+06	0
2.97758e+06	0
2.97768e+06	0
2.97778e+06	0
2.97788e+06	0
2.97798e+06	0
2.97808e+06	0
2.97818e+06	0
2.97828e+06	0
2.97838e+06	0
2.97848e+06	0
2.97858e+06	0
2.97868e+06	0
2.97878e+06	0
2.97888e+06	0
2.97898e+06	0
2.97908e+06	0
2.97918e+06	0
2.97928e+06	0
2.97938e+06	0
2.97948e+06	0
2.97958e+06	0
2.97968e+06	0
2.97978e+06	0
2.97988e+06	0
2.97998e+06	0
2.98008e+06	0
2.98018e+06	0
2.98028e+06	0
2.98038e+06	0
2.98048e+06	0
2.98058e+06	0
2.98068e+06	0
2.98078e+06	0
2.98088e+06	0
2.98098e+06	0
2.98108e+06	0
2.98118e+06	0
2.98128e+06	0
2.98138e+06	0
2.98148e+06	0
2.98158e+06	0
2.98168e+06	0
2.98178e+06	0
2.98188e+06	0
2.98198e+06	0
2.98208e+06	0
2.98218e+06	0
2.98228e+06	0
2.98238e+06	0
2.98248e+06	0
2.98258e+06	0
2.98268e+06	0
2.98278e+06	0
2.98288e+06	0
2.98298e+06	0
2.98308e+06	0
2.98318e+06	0
2.98328e+06	0
2.98338e+06	0
2.98348e+06	0
2.98358e+06	0
2.98368e+06	0
2.98378e+06	0
2.98388e+06	0
2.98398e+06	0
2.98408e+06	0
2.98418e+06	0
2.98428e+06	0
2.98438e+06	0
2.98448e+06	0
2.98458e+06	0
2.98468e+06	0
2.98478e+06	0
2.98488e+06	0
2.98498e+06	0
2.98508e+06	0
2.98518e+06	0
2.98528e+06	0
2.98538e+06	0
2.98548e+06	0
2.98558e+06	0
2.98568e+06	0
2.98578e+06	0
2.98588e+06	0
2.98598e+06	0
2.98608e+06	0
2.98618e+06	0
2.98628e+06	0
2.98638e+06	0
2.98648e+06	0
2.98658e+06	0
2.98668e+06	0
2.98678e+06	0
2.98688e+06	0
2.98698e+06	0
2.98708e+06	0
2.98718e+06	0
2.98728e+06	0
2.98738e+06	0
2.98748e+06	0
2.98758e+06	0
2.98768e+06	0
2.98778e+06	0
2.98788e+06	0
2.98798e+06	0
2.98808e+06	0
2.98818e+06	0
2.98828e+06	0
2.98838e+06	0
2.98848e+06	0
2.98858e+06	0
2.98868e+06	0
2.98878e+06	0
2.98888e+06	0
2.98898e+06	0
2.98908e+06	0
2.98918e+06	0
2.98928e+06	0
2.98938e+06	0
2.98948e+06	0
2.98958e+06	0
2.98968e+06	0
2.98978e+06	0
2.98988e+06	0
2.98998e+06	0
2.99008e+06	0
2.99018e+06	0
2.99028e+06	0
2.99038e+06	0
2.99048e+06	0
2.99058e+06	0
2.99068e+06	0
2.99078e+06	0
2.99088e+06	0
2.99098e+06	0
2.99108e+06	0
2.99118e+06	0
2.99128e+06	0
2.99138e+06	0
2.99148e+06	0
2.99158e+06	0
2.99168e+06	0
2.99178e+06	0
2.99188e+06	0
2.99198e+06	0
2.99208e+06	0
2.99218e+06	0
2.99228e+06	0
2.99238e+06	0
2.99248e+06	0
2.99258e+06	0
2.99268e+06	0
2.99278e+06	0
2.99288e+06	0
2.99298e+06	0
2.99308e+06	0
2.99318e+06	0
2.99328e+06	0
2.99338e+06	0
2.99348e+06	0
2.99358e+06	0
2.99368e+06	0
2.99378e+06	0
2.99388e+06	0
2.99398e+06	0
2.99408e+06	0
2.99418e+06	0
2.99428e+06	0
2.99438e+06	0
2.99448e+06	0
2.99458e+06	0
2.99468e+06	0
2.99478e+06	0
2.99488e+06	0
2.99498e+06	0
2.99508e+06	0
2.99518e+06	0
2.99528e+06	0
2.99538e+06	0
2.99548e+06	0
2.99558e+06	0
2.99568e+06	0
2.99578e+06	0
2.99588e+06	0
2.99598e+06	0
2.99608e+06	0
2.99618e+06	0
2.99628e+06	0
2.99638e+06	0
2.99648e+06	0
2.99658e+06	0
2.99668e+06	0
2.99678e+06	0
2.99688e+06	0
2.99698e+06	0
2.99708e+06	0
2.99718e+06	0
2.99728e+06	0
2.99738e+06	0
2.99748e+06	0
2.99758e+06	0
2.99768e+06	0
2.99778e+06	0
2.99788e+06	0
2.99798e+06	0
2.99808e+06	0
2.99818e+06	0
2.99828e+06	0
2.99838e+06	0
2.99848e+06	0
2.99858e+06	0
2.99868e+06	0
2.99878e+06	0
2.99888e+06	0
2.99898e+06	0
2.99908e+06	0
2.99918e+06	0
2.99928e+06	0
2.99938e+06	0
2.99948e+06	0
2.99958e+06	0
2.99968e+06	0
2.99978e+06	0
2.99988e+06	0
2.99998e+06	0
3.00008e+06	0
3.00018e+06	0
3.00028e+06	0
3.00038e+06	0
3.00048e+06	0
3.00058e+06	0
3.00068e+06	0
3.00078e+06	0
3.00088e+06	0
3.00098e+06	0
3.00108e+06	0
3.00118e+06	0
3.00128e+06	0
3.00138e+06	0
3.00148e+06	0
3.00158e+06	0
3.00168e+06	0
3.00178e+06	0
3.00188e+06	0
3.00198e+06	0
3.00208e+06	0
3.00218e+06	0
3.00228e+06	0
3.00238e+06	0
3.00248e+06	0
3.00258e+06	0
3.00268e+06	0
3.00278e+06	0
3.00288e+06	0
3.00298e+06	0
3.00308e+06	0
3.00318e+06	0
3.00328e+06	0
3.00338e+06	0
3.00348e+06	0
3.00358e+06	0
3.00368e+06	0
3.00378e+06	0
3.00388e+06	0
3.00398e+06	0
3.00408e+06	0
3.00418e+06	0
3.00428e+06	0
3.00438e+06	0
3.00448e+06	0
3.00458e+06	0
3.00468e+06	0
3.00478e+06	0
3.00488e+06	0
3.00498e+06	0
3.00508e+06	0
3.00518e+06	0
3.00528e+06	0
3.00538e+06	0
3.00548e+06	0
3.00558e+06	0
3.00568e+06	0
3.00578e+06	0
3.00588e+06	0
3.00598e+06	0
3.00608e+06	0
3.00618e+06	0
3.00628e+06	0
3.00638e+06	0
3.00648e+06	0
3.00658e+06	0
3.00668e+06	0
3.00678e+06	0
3.00688e+06	0
3.00698e+06	0
3.00708e+06	0
3.00718e+06	0
3.00728e+06	0
3.00738e+06	0
3.00748e+06	0
3.00758e+06	0
3.00768e+06	0
3.00778e+06	0
3.00788e+06	0
3.00798e+06	0
3.00808e+06	0
3.00818e+06	0
3.00828e+06	0
3.00838e+06	0
3.00848e+06	0
3.00858e+06	0
3.00868e+06	0
3.00878e+06	0
3.00888e+06	0
3.00898e+06	0
3.00908e+06	0
3.00918e+06	0
3.00928e+06	0
3.00938e+06	0
3.00948e+06	0
3.00958e+06	0
3.00968e+06	0
3.00978e+06	0
3.00988e+06	0
3.00998e+06	0
3.01008e+06	0
3.01018e+06	0
3.01028e+06	0
3.01038e+06	0
3.01048e+06	0
3.01058e+06	0
3.01068e+06	0
3.01078e+06	0
3.01088e+06	0
3.01098e+06	0
3.01108e+06	0
3.01118e+06	0
3.01128e+06	0
3.01138e+06	4.94066e-324
3.01148e+06	3.11261e-322
3.01158e+06	1.44564e-320
3.01168e+06	6.65319e-319
3.01178e+06	3.03169e-317
3.01188e+06	1.36772e-315
3.01198e+06	6.10893e-314
3.01208e+06	2.70141e-312
3.01218e+06	1.1827e-310
3.01228e+06	5.12641e-309
3.01238e+06	2.19994e-307
3.01248e+06	9.34683e-306
3.01258e+06	3.93166e-304
3.01268e+06	1.63736e-302
3.01278e+06	6.75101e-301
3.01288e+06	2.75582e-299
3.01298e+06	1.11376e-297
3.01308e+06	4.45642e-296
3.01318e+06	1.76539e-294
3.01328e+06	6.92389e-293
3.01338e+06	2.68855e-291
3.01348e+06	1.03358e-289
3.01358e+06	3.9339e-288
3.01368e+06	1.48239e-286
3.01378e+06	5.53042e-285
3.01388e+06	2.04273e-283
3.01398e+06	7.47e-282
3.01408e+06	2.7045e-280
3.01418e+06	9.69418e-279
3.01428e+06	3.44027e-277
3.01438e+06	1.20873e-275
3.01448e+06	4.20461e-274
3.01458e+06	1.44803e-272
3.01468e+06	4.93727e-271
3.01478e+06	1.66668e-269
3.01488e+06	5.57027e-268
3.01498e+06	1.84313e-266
3.01508e+06	6.03801e-265
3.01518e+06	1.95834e-263
3.01528e+06	6.28839e-262
3.01538e+06	1.99916e-260
3.01548e+06	6.29236e-259
3.01558e+06	1.96081e-257
3.01568e+06	6.04946e-256
3.01578e+06	1.84779e-254
3.01588e+06	5.58788e-253
3.01598e+06	1.67301e-251
3.01608e+06	4.95913e-250
3.01618e+06	1.45536e-248
3.01628e+06	4.22856e-247
3.01638e+06	1.21639e-245
3.01648e+06	3.46424e-244
3.01658e+06	9.7679e-243
3.01668e+06	2.72679e-241
3.01678e+06	7.53631e-240
3.01688e+06	2.06216e-238
3.01698e+06	5.58656e-237
3.01708e+06	1.49838e-235
3.01718e+06	3.97886e-234
3.01728e+06	1.04605e-232
3.01738e+06	2.72271e-231
3.01748e+06	7.01629e-230
3.01758e+06	1.79008e-228
3.01768e+06	4.5216e-227
3.01778e+06	1.13076e-225
3.01788e+06	2.79966e-224
3.01798e+06	6.86273e-223
3.01808e+06	1.66551e-221
3.01818e+06	4.00177e-220
3.01828e+06	9.51953e-219
3.01838e+06	2.242e-217
3.01848e+06	5.22773e-216
3.01858e+06	1.20683e-214
3.01868e+06	2.75828e-213
3.01878e+06	6.24147e-212
3.01888e+06	1.39828e-210
3.01898e+06	3.10138e-209
3.01908e+06	6.81043e-208
3.01918e+06	1.48065e-206
3.01928e+06	3.18702e-205
3.01938e+06	6.79166e-204
3.01948e+06	1.43293e-202
3.01958e+06	2.99315e-201
3.01968e+06	6.19e-200
3.01978e+06	1.26739e-198
3.01988e+06	2.56913e-197
3.01998e+06	5.15607e-196
3.02008e+06	1.02449e-194
3.02018e+06	2.01538e-193
3.02028e+06	3.92519e-192
3.02038e+06	7.56871e-191
3.02048e+06	1.44491e-189
3.02058e+06	2.73096e-188
3.02068e+06	5.11032e-187
3.02078e+06	9.46755e-186
3.02088e+06	1.73654e-184
3.02098e+06	3.15346e-183
3.02108e+06	5.66955e-182
3.02118e+06	1.00917e-180
3.02128e+06	1.77845e-179
3.02138e+06	3.10294e-178
3.02148e+06	5.35996e-177
3.02158e+06	9.16659e-176
3.02168e+06	1.55207e-174
3.02178e+06	2.60178e-173
3.02188e+06	4.31805e-172
3.02198e+06	7.09516e-171
3.02208e+06	1.15423e-169
3.02218e+06	1.85901e-168
3.02228e+06	2.96433e-167
3.02238e+06	4.67983e-166
3.02248e+06	7.31458e-165
3.02258e+06	1.13189e-163
3.02268e+06	1.73412e-162
3.02278e+06	2.63033e-161
3.02288e+06	3.95e-160
3.02298e+06	5.87276e-159
3.02308e+06	8.64459e-158
3.02318e+06	1.2598e-156
3.02328e+06	1.81769e-155
3.02338e+06	2.59652e-154
3.02348e+06	3.67216e-153
3.02358e+06	5.14173e-152
3.02368e+06	7.12776e-151
3.02378e+06	9.7826e-150
3.02388e+06	1.32927e-148
3.02398e+06	1.78825e-147
3.02408e+06	2.38177e-146
3.02418e+06	3.14072e-145
3.02428e+06	4.10031e-144
3.02438e+06	5.2998e-143
3.02448e+06	6.78204e-142
3.02458e+06	8.59247e-141
3.02468e+06	1.07779e-139
3.02478e+06	1.33846e-138
3.02488e+06	1.64563e-137
3.02498e+06	2.00318e-136
3.02508e+06	2.41414e-135
3.02518e+06	2.88046e-134
3.02528e+06	3.40266e-133
3.02538e+06	3.97954e-132
3.02548e+06	4.60791e-131
3.02558e+06	5.28241e-130
3.02568e+06	5.99539e-129
3.02578e+06	6.7369e-128
3.02588e+06	7.49479e-127
3.02598e+06	8.25497e-126
3.02608e+06	9.00179e-125
3.02618e+06	9.71851e-124
3.02628e+06	1.03879e-122
3.02638e+06	1.09929e-121
3.02648e+06	1.15174e-120
3.02658e+06	1.19468e-119
3.02668e+06	1.2269e-118
3.02678e+06	1.24744e-117
3.02688e+06	1.25571e-116
3.02698e+06	1.25146e-115
3.02708e+06	1.23481e-114
3.02718e+06	1.20627e-113
3.02728e+06	1.16665e-112
3.02738e+06	1.11711e-111
3.02748e+06	1.05903e-110
3.02758e+06	9.9398e-110
3.02768e+06	9.23643e-109
3.02778e+06	8.49743e-108
3.02788e+06	7.73977e-107
3.02798e+06	6.97952e-106
3.02808e+06	6.23132e-105
3.02818e+06	5.50797e-104
3.02828e+06	4.82015e-103
3.02838e+06	4.17625e-102
3.02848e+06	3.58236e-101
3.02858e+06	3.04235e-100
3.02868e+06	2.55803e-99
3.02878e+06	2.12941e-98
3.02888e+06	1.75497e-97
3.02898e+06	1.43199e-96
3.02908e+06	1.15681e-95
3.02918e+06	9.25222e-95
3.02928e+06	7.32631e-94
3.02938e+06	5.74356e-93
3.02948e+06	4.45795e-92
3.02958e+06	3.42567e-91
3.02968e+06	2.60623e-90
3.02978e+06	1.96308e-89
3.02988e+06	1.46392e-88
3.02998e+06	1.08083e-87
3.03008e+06	7.90047e-87
3.03018e+06	5.71749e-86
3.03028e+06	4.09652e-85
3.03038e+06	2.90591e-84
3.03048e+06	2.04083e-83
3.03058e+06	1.41902e-82
3.03068e+06	9.76844e-82
3.03078e+06	6.65764e-81
3.03088e+06	4.49234e-80
3.03098e+06	3.00111e-79
3.03108e+06	1.98494e-78
3.03118e+06	1.29978e-77
3.03128e+06	8.42658e-77
3.03138e+06	5.40865e-76
3.03148e+06	3.43703e-75
3.03158e+06	2.16239e-74
3.03168e+06	1.34692e-73
3.03178e+06	8.30632e-73
3.03188e+06	5.07144e-72
3.03198e+06	3.06557e-71
3.03208e+06	1.83463e-70
3.03218e+06	1.08703e-69
3.03228e+06	6.37665e-69
3.03238e+06	3.7034e-68
3.03248e+06	2.12944e-67
3.03258e+06	1.21224e-66
3.03268e+06	6.8323e-66
3.03278e+06	3.81244e-65
3.03288e+06	2.10618e-64
3.03298e+06	1.15198e-63
3.03308e+06	6.23812e-63
3.03318e+06	3.3444e-62
3.03328e+06	1.77517e-61
3.03338e+06	9.32863e-61
3.03348e+06	4.85348e-60
3.03358e+06	2.50004e-59
3.03368e+06	1.27496e-58
3.03378e+06	6.43728e-58
3.03388e+06	3.21785e-57
3.03398e+06	1.59253e-56
3.03408e+06	7.80306e-56
3.03418e+06	3.7853e-55
3.03428e+06	1.81799e-54
3.03438e+06	8.64452e-54
3.03448e+06	4.06956e-53
3.03458e+06	1.89675e-52
3.03468e+06	8.75247e-52
3.03478e+06	3.9986e-51
3.03488e+06	1.8086e-50
3.03498e+06	8.09904e-50
3.03508e+06	3.59072e-49
3.03518e+06	1.57611e-48
3.03528e+06	6.84936e-48
3.03538e+06	2.94693e-47
3.03548e+06	1.2553e-46
3.03558e+06	5.29395e-46
3.03568e+06	2.2104e-45
3.03578e+06	9.13731e-45
3.03588e+06	3.73958e-44
3.03598e+06	1.51525e-43
3.03608e+06	6.07861e-43
3.03618e+06	2.41424e-42
3.03628e+06	9.49322e-42
3.03638e+06	3.69576e-41
3.03648e+06	1.42446e-40
3.03658e+06	5.43569e-40
3.03668e+06	2.0536e-39
3.03678e+06	7.6813e-39
3.03688e+06	2.84453e-38
3.03698e+06	1.0429e-37
3.03708e+06	3.78558e-37
3.03718e+06	1.36044e-36
3.03728e+06	4.84041e-36
3.03738e+06	1.70507e-35
3.03748e+06	5.94649e-35
3.03758e+06	2.05322e-34
3.03768e+06	7.01887e-34
3.03778e+06	2.37551e-33
3.03788e+06	7.9598e-33
3.03798e+06	2.64062e-32
3.03808e+06	8.67292e-32
3.03818e+06	2.82022e-31
3.03828e+06	9.07939e-31
3.03838e+06	2.89393e-30
3.03848e+06	9.13222e-30
3.03858e+06	2.85313e-29
3.03868e+06	8.82519e-29
3.03878e+06	2.70261e-28
3.03888e+06	8.19408e-28
3.03898e+06	2.45965e-27
3.03908e+06	7.30978e-27
3.03918e+06	2.15076e-26
3.03928e+06	6.26523e-26
3.03938e+06	1.80692e-25
3.03948e+06	5.15938e-25
3.03958e+06	1.45852e-24
3.03968e+06	4.08213e-24
3.03978e+06	1.13114e-23
3.03988e+06	3.10316e-23
3.03998e+06	8.42845e-23
3.04008e+06	2.26646e-22
3.04018e+06	6.03402e-22
3.04028e+06	1.59046e-21
3.04038e+06	4.15045e-21
3.04048e+06	1.07232e-20
3.04058e+06	2.7429e-20
3.04068e+06	6.94631e-20
3.04078e+06	1.74163e-19
3.04088e+06	4.32327e-19
3.04098e+06	1.0625e-18
3.04108e+06	2.58523e-18
3.04118e+06	6.2277e-18
3.04128e+06	1.4853e-17
3.04138e+06	3.50717e-17
3.04148e+06	8.19891e-17
3.04158e+06	1.89764e-16
3.04168e+06	4.34838e-16
3.04178e+06	9.86503e-16
3.04188e+06	2.21578e-15
3.04198e+06	4.92733e-15
3.04208e+06	1.08481e-14
3.04218e+06	2.36458e-14
3.04228e+06	5.10282e-14
3.04238e+06	1.09024e-13
3.04248e+06	2.30618e-13
3.04258e+06	4.82972e-13
3.04268e+06	1.0014e-12
3.04278e+06	2.05564e-12
3.04288e+06	4.17779e-12
3.04298e+06	8.40625e-12
3.04308e+06	1.67462e-11
3.04318e+06	3.30282e-11
3.04328e+06	6.44929e-11
3.04338e+06	1.2468e-10
3.04348e+06	2.38637e-10
3.04358e+06	4.52205e-10
3.04368e+06	8.4838e-10
3.04378e+06	1.57581e-09
3.04388e+06	2.89782e-09
3.04398e+06	5.27592e-09
3.04408e+06	9.51003e-09
3.04418e+06	1.69716e-08
3.04428e+06	2.99861e-08
3.04438e+06	5.24535e-08
3.04448e+06	9.08418e-08
3.04458e+06	1.55759e-07
3.04468e+06	2.64411e-07
3.04478e+06	4.44389e-07
3.04488e+06	7.3944e-07
3.04498e+06	1.21815e-06
3.04508e+06	1.9868e-06
3.04518e+06	3.20822e-06
3.04528e+06	5.129e-06
3.04538e+06	8.11817e-06
3.04548e+06	1.27216e-05
3.04558e+06	1.97369e-05
3.04568e+06	3.03163e-05
3.04578e+06	4.6103e-05
3.04588e+06	6.94128e-05
3.04598e+06	0.000103468
3.04608e+06	0.000152697
3.04618e+06	0.000223107
3.04628e+06	0.000322739
3.04638e+06	0.000462218
3.04648e+06	0.00065539
3.04658e+06	0.000920046
3.04668e+06	0.00127872
3.04678e+06	0.00175954
3.04688e+06	0.00239707
3.04698e+06	0.0032331
3.04708e+06	0.00431732
3.04718e+06	0.00570777
3.04728e+06	0.00747095
3.04738e+06	0.00968148
3.04748e+06	0.0124212
3.04758e+06	0.0157778
3.04768e+06	0.0198419
3.04778e+06	0.0247046
3.04788e+06	0.0304529
3.04798e+06	0.0371653
3.04808e+06	0.0449058
3.04818e+06	0.0537187
3.04828e+06	0.0636217
3.04838e+06	0.0746005
3.04848e+06	0.0866036
3.04858e+06	0.0995375
3.04868e+06	0.113265
3.04878e+06	0.127603
3.04888e+06	0.142325
3.04898e+06	0.157167
3.04908e+06	0.171829
3.04918e+06	0.18599
3.04928e+06	0.199315
3.04938e+06	0.21147
3.04948e+06	0.222133
3.04958e+06	0.231011
3.04968e+06	0.237855
3.04978e+06	0.242464
3.04988e+06	0.244703
3.04998e+06	0.244506
3.05008e+06	0.241878
3.05018e+06	0.236897
3.05028e+06	0.229711
3.05038e+06	0.220526
3.05048e+06	0.209601
3.05058e+06	0.197236
3.05068e+06	0.183753
3.05078e+06	0.169489
3.05088e+06	0.154776
3.05098e+06	0.139934
3.05108e+06	0.125257
3.05118e+06	0.111003
3.05128e+06	0.0973929
3.05138e+06	0.0846011
3.05148e+06	0.0727581
3.05158e+06	0.0619504
3.05168e+06	0.0522232
3.05178e+06	0.0435853
3.05188e+06	0.0360142
3.05198e+06	0.0294622
3.05208e+06	0.0238623
3.05218e+06	0.0191345
3.05228e+06	0.0151907
3.05238e+06	0.0119398
3.05248e+06	0.00929125
3.05258e+06	0.00715826
3.05268e+06	0.00546006
3.05278e+06	0.0041233
3.05288e+06	0.00308282
3.05298e+06	0.00228197
3.05308e+06	0.00167235
3.05318e+06	0.0012134
3.05328e+06	0.000871638
3.05338e+06	0.000619906
3.05348e+06	0.000436488
3.05358e+06	0.000304282
3.05368e+06	0.000210008
3.05378e+06	0.000143501
3.05388e+06	9.70799e-05
3.05398e+06	6.50221e-05
3.05408e+06	4.31172e-05
3.05418e+06	2.83071e-05
3.05428e+06	1.83992e-05
3.05438e+06	1.18402e-05
3.05448e+06	7.54356e-06
3.05458e+06	4.75829e-06
3.05468e+06	2.97154e-06
3.05478e+06	1.83726e-06
3.05488e+06	1.12464e-06
