2.39322e+06	7.96328e-06
2.39332e+06	1.30638e-05
2.39342e+06	2.12178e-05
2.39352e+06	3.41186e-05
2.39362e+06	5.43172e-05
2.39372e+06	8.56134e-05
2.39382e+06	0.000133599
2.39392e+06	0.000206405
2.39402e+06	0.000315715
2.39412e+06	0.00047811
2.39422e+06	0.000716832
2.39432e+06	0.00106405
2.39442e+06	0.00156375
2.39452e+06	0.00227524
2.39462e+06	0.00327752
2.39472e+06	0.00467433
2.39482e+06	0.00660011
2.39492e+06	0.00922656
2.39502e+06	0.0127698
2.39512e+06	0.017498
2.39522e+06	0.0237382
2.39532e+06	0.0318834
2.39542e+06	0.0423974
2.39552e+06	0.0558174
2.39562e+06	0.0727542
2.39572e+06	0.0938864
2.39582e+06	0.119951
2.39592e+06	0.151727
2.39602e+06	0.190012
2.39612e+06	0.235588
2.39622e+06	0.289191
2.39632e+06	0.351457
2.39642e+06	0.422879
2.39652e+06	0.503753
2.39662e+06	0.594123
2.39672e+06	0.693732
2.39682e+06	0.801982
2.39692e+06	0.917898
2.39702e+06	1.04011
2.39712e+06	1.16688
2.39722e+06	1.29606
2.39732e+06	1.42523
2.39742e+06	1.55167
2.39752e+06	1.67252
2.39762e+06	1.78484
2.39772e+06	1.88576
2.39782e+06	1.97256
2.39792e+06	2.04282
2.39802e+06	2.09453
2.39812e+06	2.12619
2.39822e+06	2.13685
2.39832e+06	2.12619
2.39842e+06	2.09453
2.39852e+06	2.04282
2.39862e+06	1.97256
2.39872e+06	1.88576
2.39882e+06	1.78484
2.39892e+06	1.67252
2.39902e+06	1.55167
2.39912e+06	1.42523
2.39922e+06	1.29606
2.39932e+06	1.16688
2.39942e+06	1.04011
2.39952e+06	0.917898
2.39962e+06	0.801982
2.39972e+06	0.693732
2.39982e+06	0.594123
2.39992e+06	0.503753
2.40002e+06	0.422879
2.40012e+06	0.351457
2.40022e+06	0.289191
2.40032e+06	0.235588
2.40042e+06	0.190012
2.40052e+06	0.151727
2.40062e+06	0.119951
2.40072e+06	0.0938864
2.40082e+06	0.0727542
2.40092e+06	0.0558174
2.40102e+06	0.0423974
2.40112e+06	0.0318834
2.40122e+06	0.0237382
2.40132e+06	0.017498
2.40142e+06	0.0127698
2.40152e+06	0.00922656
2.40162e+06	0.00660011
2.40172e+06	0.00467433
2.40182e+06	0.00327752
2.40192e+06	0.00227524
2.40202e+06	0.00156375
2.40212e+06	0.00106405
2.40222e+06	0.000716832
2.40232e+06	0.00047811
2.40242e+06	0.000315715
2.40252e+06	0.000206405
2.40262e+06	0.000133599
2.40272e+06	8.56134e-05
2.40282e+06	5.43172e-05
2.40292e+06	3.41186e-05
2.40302e+06	2.12178e-05
2.40312e+06	1.30638e-05
2.40322e+06	7.96328e-06
2.40332e+06	4.80589e-06
2.40342e+06	2.87152e-06
2.40352e+06	1.69866e-06
2.40362e+06	9.94855e-07
2.40372e+06	5.76858e-07
2.40382e+06	3.31158e-07
2.40392e+06	1.88217e-07
2.40402e+06	1.05911e-07
2.40412e+06	5.90035e-08
2.40422e+06	3.25441e-08
2.40432e+06	1.77715e-08
2.40442e+06	9.608e-09
2.40452e+06	5.14279e-09
2.40462e+06	2.72535e-09
2.40472e+06	1.42989e-09
2.40482e+06	7.42744e-10
2.40492e+06	3.81974e-10
2.40502e+06	1.94484e-10
2.40512e+06	9.80377e-11
2.40522e+06	4.89281e-11
2.40532e+06	2.41758e-11
2.40542e+06	1.18266e-11
2.40552e+06	5.72792e-12
2.40562e+06	2.74657e-12
2.40572e+06	1.30389e-12
2.40582e+06	6.12842e-13
2.40592e+06	2.85176e-13
2.40602e+06	1.31382e-13
2.40612e+06	5.99258e-14
2.40622e+06	2.70614e-14
2.40632e+06	1.20988e-14
2.40642e+06	5.35541e-15
2.40652e+06	2.34693e-15
2.40662e+06	1.01827e-15
2.40672e+06	4.37406e-16
2.40682e+06	1.86022e-16
2.40692e+06	7.83247e-17
2.40702e+06	3.26507e-17
2.40712e+06	1.34757e-17
2.40722e+06	5.50712e-18
2.40732e+06	2.23013e-18
2.40742e+06	8.99266e-19
2.40752e+06	3.72652e-19
2.40762e+06	1.8844e-19
2.40772e+06	1.82689e-19
2.40782e+06	3.51718e-19
2.40792e+06	8.50396e-19
2.40802e+06	2.12634e-18
2.40812e+06	5.29947e-18
2.40822e+06	1.30897e-17
2.40832e+06	3.20148e-17
2.40842e+06	7.75245e-17
2.40852e+06	1.8586e-16
2.40862e+06	4.41153e-16
2.40872e+06	1.03669e-15
2.40882e+06	2.41195e-15
2.40892e+06	5.55574e-15
2.40902e+06	1.26699e-14
2.40912e+06	2.86064e-14
2.40922e+06	6.39454e-14
2.40932e+06	1.41518e-13
2.40942e+06	3.10079e-13
2.40952e+06	6.72651e-13
2.40962e+06	1.44465e-12
2.40972e+06	3.07182e-12
2.40982e+06	6.46672e-12
2.40992e+06	1.34781e-11
2.41002e+06	2.7812e-11
2.41012e+06	5.68187e-11
2.41022e+06	1.14923e-10
2.41032e+06	2.30134e-10
2.41042e+06	4.5626e-10
2.41052e+06	8.95571e-10
2.41062e+06	1.74038e-09
2.41072e+06	3.34847e-09
2.41082e+06	6.37831e-09
2.41092e+06	1.20288e-08
2.41102e+06	2.24592e-08
2.41112e+06	4.15169e-08
2.41122e+06	7.59822e-08
2.41132e+06	1.37675e-07
2.41142e+06	2.46978e-07
2.41152e+06	4.38648e-07
2.41162e+06	7.71314e-07
2.41172e+06	1.34278e-06
2.41182e+06	2.31437e-06
2.41192e+06	3.94929e-06
2.41202e+06	6.67211e-06
2.41212e+06	1.116e-05
2.41222e+06	1.84808e-05
2.41232e+06	3.02996e-05
2.41242e+06	4.91822e-05
2.41252e+06	7.90382e-05
2.41262e+06	0.000125754
2.41272e+06	0.000198092
2.41282e+06	0.000308934
2.41292e+06	0.000477005
2.41302e+06	0.000729184
2.41312e+06	0.00110359
2.41322e+06	0.00165362
2.41332e+06	0.00245314
2.41342e+06	0.003603
2.41352e+06	0.00523919
2.41362e+06	0.00754259
2.41372e+06	0.0107506
2.41382e+06	0.0151707
2.41392e+06	0.0211949
2.41402e+06	0.0293168
2.41412e+06	0.0401475
2.41422e+06	0.0544324
2.41432e+06	0.0730656
2.41442e+06	0.0971015
2.41452e+06	0.12776
2.41462e+06	0.166427
2.41472e+06	0.214638
2.41482e+06	0.274062
2.41492e+06	0.346455
2.41502e+06	0.433612
2.41512e+06	0.537297
2.41522e+06	0.659149
2.41532e+06	0.800589
2.41542e+06	0.962705
2.41552e+06	1.14613
2.41562e+06	1.35093
2.41572e+06	1.57647
2.41582e+06	1.82137
2.41592e+06	2.08337
2.41602e+06	2.35935
2.41612e+06	2.6453
2.41622e+06	2.9364
2.41632e+06	3.2271
2.41642e+06	3.51128
2.41652e+06	3.78248
2.41662e+06	4.03409
2.41672e+06	4.25962
2.41682e+06	4.453
2.41692e+06	4.60884
2.41702e+06	4.72268
2.41712e+06	4.79117
2.41722e+06	4.8123
2.41732e+06	4.78542
2.41742e+06	4.71134
2.41752e+06	4.59225
2.41762e+06	4.43164
2.41772e+06	4.23409
2.41782e+06	4.0051
2.41792e+06	3.75079
2.41802e+06	3.47768
2.41812e+06	3.19238
2.41822e+06	2.90132
2.41832e+06	2.61056
2.41842e+06	2.32556
2.41852e+06	2.05107
2.41862e+06	1.79098
2.41872e+06	1.5483
2.41882e+06	1.32519
2.41892e+06	1.12295
2.41902e+06	0.9421
2.41912e+06	0.782513
2.41922e+06	0.643492
2.41932e+06	0.523904
2.41942e+06	0.422297
2.41952e+06	0.337008
2.41962e+06	0.266269
2.41972e+06	0.208284
2.41982e+06	0.161306
2.41992e+06	0.123681
2.42002e+06	0.0938879
2.42012e+06	0.0705626
2.42022e+06	0.0525045
2.42032e+06	0.0386791
2.42042e+06	0.0282106
2.42052e+06	0.0203707
2.42062e+06	0.0145632
2.42072e+06	0.0103077
2.42082e+06	0.00722317
2.42092e+06	0.00501129
2.42102e+06	0.00344213
2.42112e+06	0.0023408
2.42122e+06	0.001576
2.42132e+06	0.00105052
2.42142e+06	0.000693286
2.42152e+06	0.000452977
2.42162e+06	0.00029302
2.42172e+06	0.000187662
2.42182e+06	0.00011899
2.42192e+06	7.46969e-05
2.42202e+06	4.6425e-05
2.42212e+06	2.85665e-05
2.42222e+06	1.74029e-05
2.42232e+06	1.04964e-05
2.42242e+06	6.26785e-06
2.42252e+06	3.70555e-06
2.42262e+06	2.16892e-06
2.42272e+06	1.25688e-06
2.42282e+06	7.21105e-07
2.42292e+06	4.09601e-07
2.42302e+06	2.30346e-07
2.42312e+06	1.2825e-07
2.42322e+06	7.06954e-08
2.42332e+06	3.85818e-08
2.42342e+06	2.08463e-08
2.42352e+06	1.11515e-08
2.42362e+06	5.90605e-09
2.42372e+06	3.09682e-09
2.42382e+06	1.60765e-09
2.42392e+06	8.26276e-10
2.42402e+06	4.20451e-10
2.42412e+06	2.11818e-10
2.42422e+06	1.05649e-10
2.42432e+06	5.21709e-11
2.42442e+06	2.55063e-11
2.42452e+06	1.23459e-11
2.42462e+06	5.91636e-12
2.42472e+06	2.80701e-12
2.42482e+06	1.31853e-12
2.42492e+06	6.1319e-13
2.42502e+06	2.82329e-13
2.42512e+06	1.28699e-13
2.42522e+06	5.80829e-14
2.42532e+06	2.59526e-14
2.42542e+06	1.14807e-14
2.42552e+06	5.02823e-15
2.42562e+06	2.18031e-15
2.42572e+06	9.36006e-16
2.42582e+06	3.97828e-16
2.42592e+06	1.67406e-16
2.42602e+06	6.97431e-17
2.42612e+06	2.87667e-17
2.42622e+06	1.17472e-17
2.42632e+06	4.74939e-18
2.42642e+06	1.90107e-18
2.42652e+06	7.5338e-19
2.42662e+06	2.95588e-19
2.42672e+06	1.1482e-19
2.42682e+06	4.41577e-20
2.42692e+06	1.68132e-20
2.42702e+06	6.33801e-21
2.42712e+06	2.36544e-21
2.42722e+06	8.74033e-22
2.42732e+06	3.19743e-22
2.42742e+06	1.15806e-22
2.42752e+06	4.15258e-23
2.42762e+06	1.47422e-23
2.42772e+06	5.18159e-24
2.42782e+06	1.80311e-24
2.42792e+06	6.21208e-25
2.42802e+06	2.1189e-25
2.42812e+06	7.15548e-26
2.42822e+06	2.39235e-26
2.42832e+06	7.91898e-27
2.42842e+06	2.59519e-27
2.42852e+06	8.4203e-28
2.42862e+06	2.70484e-28
2.42872e+06	8.60229e-29
2.42882e+06	2.70859e-29
2.42892e+06	8.44362e-30
2.42902e+06	2.60598e-30
2.42912e+06	7.96291e-31
2.42922e+06	2.40896e-31
2.42932e+06	7.21511e-32
2.42942e+06	2.13951e-32
2.42952e+06	6.2812e-33
2.42962e+06	1.82569e-33
2.42972e+06	5.25376e-34
2.42982e+06	1.49682e-34
2.42992e+06	4.22208e-35
2.43002e+06	1.17907e-35
2.43012e+06	3.25994e-36
2.43022e+06	8.92355e-37
2.43032e+06	2.41837e-37
2.43042e+06	6.4888e-38
2.43052e+06	1.72371e-38
2.43062e+06	4.53335e-39
2.43072e+06	1.18041e-39
2.43082e+06	3.043e-40
2.43092e+06	7.76656e-41
2.43102e+06	1.96251e-41
2.43112e+06	4.90969e-42
2.43122e+06	1.21605e-42
2.43132e+06	2.982e-43
2.43142e+06	7.23969e-44
2.43152e+06	1.74016e-44
2.43162e+06	4.1411e-45
2.43172e+06	9.75661e-46
2.43182e+06	2.27583e-46
2.43192e+06	5.25578e-47
2.43202e+06	1.20169e-47
2.43212e+06	2.72022e-48
2.43222e+06	6.09638e-49
2.43232e+06	1.35269e-49
2.43242e+06	2.97154e-50
2.43252e+06	6.4628e-51
2.43262e+06	1.39161e-51
2.43272e+06	2.96669e-52
2.43282e+06	6.26156e-53
2.43292e+06	1.30843e-53
2.43302e+06	2.70692e-54
2.43312e+06	5.54445e-55
2.43322e+06	1.12434e-55
2.43332e+06	2.25732e-56
2.43342e+06	4.48691e-57
2.43352e+06	8.82994e-58
2.43362e+06	1.72038e-58
2.43372e+06	3.31856e-59
2.43382e+06	6.3377e-60
2.43392e+06	1.19831e-60
2.43402e+06	2.24319e-61
2.43412e+06	4.15737e-62
2.43422e+06	7.62832e-63
2.43432e+06	1.38578e-63
2.43442e+06	2.49241e-64
2.43452e+06	4.43814e-65
2.43462e+06	7.82418e-66
2.43472e+06	1.36563e-66
2.43482e+06	2.35986e-67
2.43492e+06	4.03734e-68
2.43502e+06	6.83851e-69
2.43512e+06	1.14679e-69
2.43522e+06	1.90399e-70
2.43532e+06	3.1297e-71
2.43542e+06	5.09328e-72
2.43552e+06	8.20633e-73
2.43562e+06	1.30905e-73
2.43572e+06	2.06739e-74
2.43582e+06	3.23255e-75
2.43592e+06	5.00409e-76
2.43602e+06	7.66942e-77
2.43612e+06	1.16374e-77
2.43622e+06	1.74826e-78
2.43632e+06	2.60025e-79
2.43642e+06	3.82896e-80
2.43652e+06	5.58216e-81
2.43662e+06	8.05715e-82
2.43672e+06	1.15138e-82
2.43682e+06	1.62896e-83
2.43692e+06	2.28172e-84
2.43702e+06	3.16424e-85
2.43712e+06	4.34443e-86
2.43722e+06	5.90547e-87
2.43732e+06	7.94755e-88
2.43742e+06	1.05893e-88
2.43752e+06	1.39689e-89
2.43762e+06	1.82436e-90
2.43772e+06	2.35895e-91
2.43782e+06	3.01983e-92
2.43792e+06	3.82739e-93
2.43802e+06	4.80265e-94
2.43812e+06	5.96645e-95
2.43822e+06	7.33851e-96
2.43832e+06	8.93628e-97
2.43842e+06	1.07737e-97
2.43852e+06	1.28596e-98
2.43862e+06	1.51966e-99
2.43872e+06	1.77797e-100
2.43882e+06	2.05948e-101
2.43892e+06	2.36184e-102
2.43902e+06	2.68163e-103
2.43912e+06	3.01442e-104
2.43922e+06	3.3548e-105
2.43932e+06	3.69646e-106
2.43942e+06	4.03239e-107
2.43952e+06	4.35508e-108
2.43962e+06	4.6568e-109
2.43972e+06	4.92987e-110
2.43982e+06	5.16702e-111
2.43992e+06	5.3617e-112
2.44002e+06	5.50835e-113
2.44012e+06	5.6027e-114
2.44022e+06	5.64197e-115
2.44032e+06	5.62498e-116
2.44042e+06	5.55224e-117
2.44052e+06	5.42591e-118
2.44062e+06	5.24969e-119
2.44072e+06	5.02866e-120
2.44082e+06	4.769e-121
2.44092e+06	4.47775e-122
2.44102e+06	4.16246e-123
2.44112e+06	3.83086e-124
2.44122e+06	3.4906e-125
2.44132e+06	3.14891e-126
2.44142e+06	2.81241e-127
2.44152e+06	2.48687e-128
2.44162e+06	2.17714e-129
2.44172e+06	1.88701e-130
2.44182e+06	1.61927e-131
2.44192e+06	1.3757e-132
2.44202e+06	1.15713e-133
2.44212e+06	9.63609e-135
2.44222e+06	7.94466e-136
2.44232e+06	6.48495e-137
2.44242e+06	5.24077e-138
2.44252e+06	4.19315e-139
2.44262e+06	3.32157e-140
2.44272e+06	2.60497e-141
2.44282e+06	2.02264e-142
2.44292e+06	1.55486e-143
2.44302e+06	1.18338e-144
2.44312e+06	8.91684e-146
2.44322e+06	6.65206e-147
2.44332e+06	4.91312e-148
2.44342e+06	3.59266e-149
2.44352e+06	2.60095e-150
2.44362e+06	1.86426e-151
2.44372e+06	1.32293e-152
2.44382e+06	9.29443e-154
2.44392e+06	6.46498e-155
2.44402e+06	4.45214e-156
2.44412e+06	3.03548e-157
2.44422e+06	2.049e-158
2.44432e+06	1.36935e-159
2.44442e+06	9.06033e-161
2.44452e+06	5.93513e-162
2.44462e+06	3.84923e-163
2.44472e+06	2.47158e-164
2.44482e+06	1.5712e-165
2.44492e+06	9.88888e-167
2.44502e+06	6.16196e-168
2.44512e+06	3.80144e-169
2.44522e+06	2.32185e-170
2.44532e+06	1.40403e-171
2.44542e+06	8.40576e-173
2.44552e+06	4.98235e-174
2.44562e+06	2.9238e-175
2.44572e+06	1.69871e-176
2.44582e+06	9.77119e-178
2.44592e+06	5.56458e-179
2.44602e+06	3.13744e-180
2.44612e+06	1.75136e-181
2.44622e+06	9.67901e-183
2.44632e+06	5.29596e-184
2.44642e+06	2.8689e-185
2.44652e+06	1.53866e-186
2.44662e+06	8.1701e-188
2.44672e+06	4.29506e-189
2.44682e+06	2.23547e-190
2.44692e+06	1.15192e-191
2.44702e+06	5.87674e-193
2.44712e+06	2.96829e-194
2.44722e+06	1.48434e-195
2.44732e+06	7.34882e-197
2.44742e+06	3.60213e-198
2.44752e+06	1.74806e-199
2.44762e+06	8.39871e-201
2.44772e+06	3.99507e-202
2.44782e+06	1.88146e-203
2.44792e+06	8.77244e-205
2.44802e+06	4.04952e-206
2.44812e+06	1.85074e-207
2.44822e+06	8.37417e-209
2.44832e+06	3.75143e-210
2.44842e+06	1.66383e-211
2.44852e+06	7.30596e-213
2.44862e+06	3.17616e-214
2.44872e+06	1.36705e-215
2.44882e+06	5.8254e-217
2.44892e+06	2.45766e-218
2.44902e+06	1.02654e-219
2.44912e+06	4.2451e-221
2.44922e+06	1.73802e-222
2.44932e+06	7.045e-224
2.44942e+06	2.82724e-225
2.44952e+06	1.12332e-226
2.44962e+06	4.41874e-228
2.44972e+06	1.72089e-229
2.44982e+06	6.63533e-231
2.44992e+06	2.53297e-232
2.45002e+06	9.57315e-234
2.45012e+06	3.58209e-235
2.45022e+06	1.32701e-236
2.45032e+06	4.86711e-238
2.45042e+06	1.76735e-239
2.45052e+06	6.3538e-241
2.45062e+06	2.26152e-242
2.45072e+06	7.96937e-244
2.45082e+06	2.78039e-245
2.45092e+06	9.6038e-247
2.45102e+06	3.28427e-248
2.45112e+06	1.11196e-249
2.45122e+06	3.72735e-251
2.45132e+06	1.23699e-252
2.45142e+06	4.06433e-254
2.45152e+06	1.32212e-255
2.45162e+06	4.25802e-257
2.45172e+06	1.35769e-258
2.45182e+06	4.28601e-260
2.45192e+06	1.33956e-261
2.45202e+06	4.14503e-263
2.45212e+06	1.26984e-264
2.45222e+06	3.8515e-266
2.45232e+06	1.15656e-267
2.45242e+06	3.43844e-269
2.45252e+06	1.01207e-270
2.45262e+06	2.94931e-272
2.45272e+06	8.50912e-274
2.45282e+06	2.43056e-275
2.45292e+06	6.87363e-277
2.45302e+06	1.92452e-278
2.45312e+06	5.33477e-280
2.45322e+06	1.46408e-281
2.45332e+06	3.97808e-283
2.45342e+06	1.07013e-284
2.45352e+06	2.85009e-286
2.45362e+06	7.51515e-288
2.45372e+06	1.96188e-289
2.45382e+06	5.07068e-291
2.45392e+06	1.29753e-292
2.45402e+06	3.28717e-294
2.45412e+06	8.24492e-296
2.45422e+06	2.04742e-297
2.45432e+06	5.03368e-299
2.45442e+06	1.22524e-300
2.45452e+06	2.95265e-302
2.45462e+06	7.04468e-304
2.45472e+06	1.66405e-305
2.45482e+06	3.89162e-307
2.45492e+06	9.01054e-309
2.45502e+06	2.06552e-310
2.45512e+06	4.68773e-312
2.45522e+06	1.05331e-313
2.45532e+06	2.34316e-315
2.45542e+06	5.16069e-317
2.45552e+06	1.12531e-318
2.45562e+06	2.42981e-320
2.45572e+06	5.2371e-322
2.45582e+06	0
2.45592e+06	0
2.45602e+06	0
2.45612e+06	0
2.45622e+06	0
2.45632e+06	0
2.45642e+06	0
2.45652e+06	0
2.45662e+06	0
2.45672e+06	0
2.45682e+06	0
2.45692e+06	0
2.45702e+06	0
2.45712e+06	0
2.45722e+06	0
2.45732e+06	0
2.45742e+06	0
2.45752e+06	0
2.45762e+06	0
2.45772e+06	0
2.45782e+06	0
2.45792e+06	0
2.45802e+06	0
2.45812e+06	0
2.45822e+06	0
2.45832e+06	0
2.45842e+06	0
2.45852e+06	0
2.45862e+06	0
2.45872e+06	0
2.45882e+06	0
2.45892e+06	0
2.45902e+06	0
2.45912e+06	0
2.45922e+06	0
2.45932e+06	0
2.45942e+06	0
2.45952e+06	0
2.45962e+06	0
2.45972e+06	0
2.45982e+06	0
2.45992e+06	0
2.46002e+06	0
2.46012e+06	0
2.46022e+06	0
2.46032e+06	0
2.46042e+06	0
2.46052e+06	0
2.46062e+06	0
2.46072e+06	0
2.46082e+06	0
2.46092e+06	0
2.46102e+06	0
2.46112e+06	0
2.46122e+06	0
2.46132e+06	0
2.46142e+06	0
2.46152e+06	0
2.46162e+06	0
2.46172e+06	0
2.46182e+06	0
2.46192e+06	0
2.46202e+06	0
2.46212e+06	0
2.46222e+06	0
2.46232e+06	0
2.46242e+06	0
2.46252e+06	0
2.46262e+06	0
2.46272e+06	0
2.46282e+06	0
2.46292e+06	0
2.46302e+06	0
2.46312e+06	0
2.46322e+06	0
2.46332e+06	0
2.46342e+06	0
2.46352e+06	0
2.46362e+06	0
2.46372e+06	0
2.46382e+06	0
2.46392e+06	0
2.46402e+06	0
2.46412e+06	0
2.46422e+06	0
2.46432e+06	0
2.46442e+06	0
2.46452e+06	0
2.46462e+06	0
2.46472e+06	0
2.46482e+06	0
2.46492e+06	0
2.46502e+06	0
2.46512e+06	0
2.46522e+06	0
2.46532e+06	0
2.46542e+06	0
2.46552e+06	0
2.46562e+06	0
2.46572e+06	0
2.46582e+06	0
2.46592e+06	0
2.46602e+06	0
2.46612e+06	0
2.46622e+06	0
2.46632e+06	0
2.46642e+06	0
2.46652e+06	0
2.46662e+06	0
2.46672e+06	0
2.46682e+06	0
2.46692e+06	0
2.46702e+06	0
2.46712e+06	0
2.46722e+06	0
2.46732e+06	0
2.46742e+06	0
2.46752e+06	0
2.46762e+06	0
2.46772e+06	0
2.46782e+06	0
2.46792e+06	0
2.46802e+06	0
2.46812e+06	0
2.46822e+06	0
2.46832e+06	0
2.46842e+06	0
2.46852e+06	0
2.46862e+06	0
2.46872e+06	0
2.46882e+06	0
2.46892e+06	0
2.46902e+06	0
2.46912e+06	0
2.46922e+06	0
2.46932e+06	0
2.46942e+06	0
2.46952e+06	0
2.46962e+06	0
2.46972e+06	0
2.46982e+06	0
2.46992e+06	0
2.47002e+06	0
2.47012e+06	0
2.47022e+06	0
2.47032e+06	0
2.47042e+06	0
2.47052e+06	0
2.47062e+06	0
2.47072e+06	0
2.47082e+06	0
2.47092e+06	0
2.47102e+06	0
2.47112e+06	0
2.47122e+06	0
2.47132e+06	0
2.47142e+06	0
2.47152e+06	0
2.47162e+06	0
2.47172e+06	0
2.47182e+06	0
2.47192e+06	0
2.47202e+06	0
2.47212e+06	0
2.47222e+06	0
2.47232e+06	0
2.47242e+06	0
2.47252e+06	0
2.47262e+06	0
2.47272e+06	0
2.47282e+06	0
2.47292e+06	0
2.47302e+06	0
2.47312e+06	0
2.47322e+06	0
2.47332e+06	0
2.47342e+06	0
2.47352e+06	0
2.47362e+06	0
2.47372e+06	0
2.47382e+06	0
2.47392e+06	0
2.47402e+06	0
2.47412e+06	0
2.47422e+06	0
2.47432e+06	0
2.47442e+06	0
2.47452e+06	0
2.47462e+06	0
2.47472e+06	0
2.47482e+06	0
2.47492e+06	0
2.47502e+06	0
2.47512e+06	0
2.47522e+06	0
2.47532e+06	0
2.47542e+06	0
2.47552e+06	0
2.47562e+06	0
2.47572e+06	0
2.47582e+06	0
2.47592e+06	0
2.47602e+06	0
2.47612e+06	0
2.47622e+06	0
2.47632e+06	0
2.47642e+06	0
2.47652e+06	0
2.47662e+06	0
2.47672e+06	0
2.47682e+06	0
2.47692e+06	0
2.47702e+06	0
2.47712e+06	0
2.47722e+06	0
2.47732e+06	0
2.47742e+06	0
2.47752e+06	0
2.47762e+06	0
2.47772e+06	0
2.47782e+06	0
2.47792e+06	0
2.47802e+06	0
2.47812e+06	0
2.47822e+06	0
2.47832e+06	0
2.47842e+06	0
2.47852e+06	0
2.47862e+06	0
2.47872e+06	0
2.47882e+06	0
2.47892e+06	0
2.47902e+06	0
2.47912e+06	0
2.47922e+06	0
2.47932e+06	0
2.47942e+06	0
2.47952e+06	0
2.47962e+06	0
2.47972e+06	0
2.47982e+06	0
2.47992e+06	0
2.48002e+06	0
2.48012e+06	0
2.48022e+06	0
2.48032e+06	0
2.48042e+06	0
2.48052e+06	0
2.48062e+06	0
2.48072e+06	0
2.48082e+06	0
2.48092e+06	0
2.48102e+06	0
2.48112e+06	0
2.48122e+06	0
2.48132e+06	0
2.48142e+06	0
2.48152e+06	0
2.48162e+06	0
2.48172e+06	0
2.48182e+06	0
2.48192e+06	0
2.48202e+06	0
2.48212e+06	0
2.48222e+06	0
2.48232e+06	0
2.48242e+06	0
2.48252e+06	0
2.48262e+06	0
2.48272e+06	0
2.48282e+06	0
2.48292e+06	0
2.48302e+06	0
2.48312e+06	0
2.48322e+06	0
2.48332e+06	0
2.48342e+06	0
2.48352e+06	0
2.48362e+06	0
2.48372e+06	0
2.48382e+06	0
2.48392e+06	0
2.48402e+06	0
2.48412e+06	0
2.48422e+06	0
2.48432e+06	0
2.48442e+06	0
2.48452e+06	0
2.48462e+06	0
2.48472e+06	0
2.48482e+06	0
2.48492e+06	0
2.48502e+06	0
2.48512e+06	0
2.48522e+06	0
2.48532e+06	0
2.48542e+06	0
2.48552e+06	0
2.48562e+06	0
2.48572e+06	0
2.48582e+06	0
2.48592e+06	0
2.48602e+06	0
2.48612e+06	0
2.48622e+06	0
2.48632e+06	0
2.48642e+06	0
2.48652e+06	0
2.48662e+06	0
2.48672e+06	0
2.48682e+06	0
2.48692e+06	0
2.48702e+06	0
2.48712e+06	0
2.48722e+06	0
2.48732e+06	0
2.48742e+06	0
2.48752e+06	0
2.48762e+06	0
2.48772e+06	0
2.48782e+06	0
2.48792e+06	0
2.48802e+06	0
2.48812e+06	0
2.48822e+06	0
2.48832e+06	0
2.48842e+06	0
2.48852e+06	0
2.48862e+06	0
2.48872e+06	0
2.48882e+06	0
2.48892e+06	0
2.48902e+06	0
2.48912e+06	0
2.48922e+06	0
2.48932e+06	0
2.48942e+06	0
2.48952e+06	0
2.48962e+06	0
2.48972e+06	0
2.48982e+06	0
2.48992e+06	0
2.49002e+06	0
2.49012e+06	0
2.49022e+06	0
2.49032e+06	0
2.49042e+06	0
2.49052e+06	0
2.49062e+06	0
2.49072e+06	0
2.49082e+06	0
2.49092e+06	0
2.49102e+06	0
2.49112e+06	0
2.49122e+06	0
2.49132e+06	0
2.49142e+06	0
2.49152e+06	0
2.49162e+06	0
2.49172e+06	0
2.49182e+06	0
2.49192e+06	0
2.49202e+06	0
2.49212e+06	0
2.49222e+06	0
2.49232e+06	0
2.49242e+06	0
2.49252e+06	0
2.49262e+06	0
2.49272e+06	0
2.49282e+06	0
2.49292e+06	0
2.49302e+06	0
2.49312e+06	0
2.49322e+06	0
2.49332e+06	0
2.49342e+06	0
2.49352e+06	0
2.49362e+06	0
2.49372e+06	0
2.49382e+06	0
2.49392e+06	0
2.49402e+06	0
2.49412e+06	0
2.49422e+06	0
2.49432e+06	0
2.49442e+06	0
2.49452e+06	0
2.49462e+06	0
2.49472e+06	0
2.49482e+06	0
2.49492e+06	0
2.49502e+06	0
2.49512e+06	0
2.49522e+06	0
2.49532e+06	0
2.49542e+06	0
2.49552e+06	0
2.49562e+06	0
2.49572e+06	0
2.49582e+06	0
2.49592e+06	0
2.49602e+06	0
2.49612e+06	0
2.49622e+06	0
2.49632e+06	0
2.49642e+06	0
2.49652e+06	0
2.49662e+06	0
2.49672e+06	0
2.49682e+06	0
2.49692e+06	0
2.49702e+06	0
2.49712e+06	0
2.49722e+06	0
2.49732e+06	0
2.49742e+06	0
2.49752e+06	0
2.49762e+06	0
2.49772e+06	0
2.49782e+06	0
2.49792e+06	0
2.49802e+06	0
2.49812e+06	0
2.49822e+06	0
2.49832e+06	0
2.49842e+06	0
2.49852e+06	0
2.49862e+06	0
2.49872e+06	0
2.49882e+06	0
2.49892e+06	0
2.49902e+06	0
2.49912e+06	0
2.49922e+06	0
2.49932e+06	0
2.49942e+06	0
2.49952e+06	0
2.49962e+06	0
2.49972e+06	0
2.49982e+06	0
2.49992e+06	0
2.50002e+06	0
2.50012e+06	0
2.50022e+06	0
2.50032e+06	0
2.50042e+06	0
2.50052e+06	0
2.50062e+06	0
2.50072e+06	0
2.50082e+06	0
2.50092e+06	0
2.50102e+06	0
2.50112e+06	0
2.50122e+06	0
2.50132e+06	0
2.50142e+06	0
2.50152e+06	0
2.50162e+06	0
2.50172e+06	0
2.50182e+06	0
2.50192e+06	0
2.50202e+06	0
2.50212e+06	0
2.50222e+06	0
2.50232e+06	0
2.50242e+06	0
2.50252e+06	0
2.50262e+06	0
2.50272e+06	0
2.50282e+06	0
2.50292e+06	0
2.50302e+06	0
2.50312e+06	0
2.50322e+06	0
2.50332e+06	0
2.50342e+06	0
2.50352e+06	0
2.50362e+06	0
2.50372e+06	0
2.50382e+06	0
2.50392e+06	0
2.50402e+06	0
2.50412e+06	0
2.50422e+06	0
2.50432e+06	0
2.50442e+06	0
2.50452e+06	0
2.50462e+06	0
2.50472e+06	0
2.50482e+06	0
2.50492e+06	0
2.50502e+06	0
2.50512e+06	0
2.50522e+06	0
2.50532e+06	0
2.50542e+06	0
2.50552e+06	0
2.50562e+06	0
2.50572e+06	0
2.50582e+06	0
2.50592e+06	0
2.50602e+06	0
2.50612e+06	0
2.50622e+06	0
2.50632e+06	0
2.50642e+06	0
2.50652e+06	0
2.50662e+06	0
2.50672e+06	0
2.50682e+06	0
2.50692e+06	0
2.50702e+06	0
2.50712e+06	0
2.50722e+06	0
2.50732e+06	0
2.50742e+06	0
2.50752e+06	0
2.50762e+06	0
2.50772e+06	0
2.50782e+06	0
2.50792e+06	0
2.50802e+06	0
2.50812e+06	0
2.50822e+06	0
2.50832e+06	0
2.50842e+06	0
2.50852e+06	0
2.50862e+06	0
2.50872e+06	0
2.50882e+06	0
2.50892e+06	0
2.50902e+06	0
2.50912e+06	0
2.50922e+06	0
2.50932e+06	0
2.50942e+06	0
2.50952e+06	0
2.50962e+06	0
2.50972e+06	0
2.50982e+06	0
2.50992e+06	0
2.51002e+06	0
2.51012e+06	0
2.51022e+06	0
2.51032e+06	0
2.51042e+06	0
2.51052e+06	0
2.51062e+06	0
2.51072e+06	0
2.51082e+06	0
2.51092e+06	0
2.51102e+06	0
2.51112e+06	0
2.51122e+06	0
2.51132e+06	0
2.51142e+06	0
2.51152e+06	0
2.51162e+06	0
2.51172e+06	0
2.51182e+06	0
2.51192e+06	0
2.51202e+06	0
2.51212e+06	0
2.51222e+06	0
2.51232e+06	0
2.51242e+06	0
2.51252e+06	0
2.51262e+06	0
2.51272e+06	0
2.51282e+06	0
2.51292e+06	0
2.51302e+06	0
2.51312e+06	0
2.51322e+06	0
2.51332e+06	0
2.51342e+06	0
2.51352e+06	0
2.51362e+06	0
2.51372e+06	0
2.51382e+06	0
2.51392e+06	0
2.51402e+06	0
2.51412e+06	0
2.51422e+06	0
2.51432e+06	0
2.51442e+06	0
2.51452e+06	0
2.51462e+06	0
2.51472e+06	0
2.51482e+06	0
2.51492e+06	0
2.51502e+06	0
2.51512e+06	0
2.51522e+06	0
2.51532e+06	0
2.51542e+06	0
2.51552e+06	0
2.51562e+06	0
2.51572e+06	0
2.51582e+06	0
2.51592e+06	0
2.51602e+06	0
2.51612e+06	0
2.51622e+06	0
2.51632e+06	0
2.51642e+06	0
2.51652e+06	0
2.51662e+06	0
2.51672e+06	0
2.51682e+06	0
2.51692e+06	0
2.51702e+06	0
2.51712e+06	0
2.51722e+06	0
2.51732e+06	0
2.51742e+06	0
2.51752e+06	0
2.51762e+06	0
2.51772e+06	0
2.51782e+06	0
2.51792e+06	0
2.51802e+06	0
2.51812e+06	0
2.51822e+06	0
2.51832e+06	0
2.51842e+06	0
2.51852e+06	0
2.51862e+06	0
2.51872e+06	0
2.51882e+06	0
2.51892e+06	0
2.51902e+06	0
2.51912e+06	0
2.51922e+06	0
2.51932e+06	0
2.51942e+06	0
2.51952e+06	0
2.51962e+06	0
2.51972e+06	0
2.51982e+06	0
2.51992e+06	0
2.52002e+06	0
2.52012e+06	0
2.52022e+06	0
2.52032e+06	0
2.52042e+06	0
2.52052e+06	0
2.52062e+06	0
2.52072e+06	0
2.52082e+06	0
2.52092e+06	0
2.52102e+06	0
2.52112e+06	0
2.52122e+06	0
2.52132e+06	0
2.52142e+06	0
2.52152e+06	0
2.52162e+06	0
2.52172e+06	0
2.52182e+06	0
2.52192e+06	0
2.52202e+06	0
2.52212e+06	0
2.52222e+06	0
2.52232e+06	0
2.52242e+06	0
2.52252e+06	0
2.52262e+06	0
2.52272e+06	0
2.52282e+06	0
2.52292e+06	0
2.52302e+06	0
2.52312e+06	0
2.52322e+06	0
2.52332e+06	0
2.52342e+06	0
2.52352e+06	0
2.52362e+06	0
2.52372e+06	0
2.52382e+06	0
2.52392e+06	0
2.52402e+06	0
2.52412e+06	0
2.52422e+06	0
2.52432e+06	0
2.52442e+06	0
2.52452e+06	0
2.52462e+06	0
2.52472e+06	0
2.52482e+06	0
2.52492e+06	0
2.52502e+06	0
2.52512e+06	0
2.52522e+06	0
2.52532e+06	0
2.52542e+06	0
2.52552e+06	0
2.52562e+06	0
2.52572e+06	0
2.52582e+06	0
2.52592e+06	0
2.52602e+06	0
2.52612e+06	0
2.52622e+06	0
2.52632e+06	0
2.52642e+06	0
2.52652e+06	0
2.52662e+06	0
2.52672e+06	0
2.52682e+06	0
2.52692e+06	0
2.52702e+06	0
2.52712e+06	0
2.52722e+06	0
2.52732e+06	0
2.52742e+06	0
2.52752e+06	0
2.52762e+06	0
2.52772e+06	0
2.52782e+06	0
2.52792e+06	0
2.52802e+06	0
2.52812e+06	0
2.52822e+06	0
2.52832e+06	0
2.52842e+06	0
2.52852e+06	0
2.52862e+06	0
2.52872e+06	0
2.52882e+06	0
2.52892e+06	0
2.52902e+06	0
2.52912e+06	0
2.52922e+06	0
2.52932e+06	0
2.52942e+06	0
2.52952e+06	0
2.52962e+06	0
2.52972e+06	0
2.52982e+06	0
2.52992e+06	0
2.53002e+06	0
2.53012e+06	0
2.53022e+06	0
2.53032e+06	0
2.53042e+06	0
2.53052e+06	0
2.53062e+06	0
2.53072e+06	0
2.53082e+06	0
2.53092e+06	0
2.53102e+06	0
2.53112e+06	0
2.53122e+06	0
2.53132e+06	0
2.53142e+06	0
2.53152e+06	0
2.53162e+06	0
2.53172e+06	0
2.53182e+06	0
2.53192e+06	0
2.53202e+06	0
2.53212e+06	0
2.53222e+06	0
2.53232e+06	0
2.53242e+06	0
2.53252e+06	0
2.53262e+06	0
2.53272e+06	0
2.53282e+06	0
2.53292e+06	0
2.53302e+06	0
2.53312e+06	0
2.53322e+06	0
2.53332e+06	0
2.53342e+06	0
2.53352e+06	0
2.53362e+06	0
2.53372e+06	0
2.53382e+06	0
2.53392e+06	0
2.53402e+06	0
2.53412e+06	0
2.53422e+06	0
2.53432e+06	0
2.53442e+06	0
2.53452e+06	0
2.53462e+06	0
2.53472e+06	0
2.53482e+06	0
2.53492e+06	0
2.53502e+06	0
2.53512e+06	0
2.53522e+06	0
2.53532e+06	0
2.53542e+06	0
2.53552e+06	0
2.53562e+06	0
2.53572e+06	0
2.53582e+06	0
2.53592e+06	0
2.53602e+06	0
2.53612e+06	0
2.53622e+06	0
2.53632e+06	0
2.53642e+06	0
2.53652e+06	0
2.53662e+06	0
2.53672e+06	0
2.53682e+06	0
2.53692e+06	0
2.53702e+06	0
2.53712e+06	0
2.53722e+06	0
2.53732e+06	0
2.53742e+06	0
2.53752e+06	0
2.53762e+06	0
2.53772e+06	0
2.53782e+06	0
2.53792e+06	0
2.53802e+06	0
2.53812e+06	0
2.53822e+06	0
2.53832e+06	0
2.53842e+06	0
2.53852e+06	0
2.53862e+06	0
2.53872e+06	0
2.53882e+06	0
2.53892e+06	0
2.53902e+06	0
2.53912e+06	0
2.53922e+06	0
2.53932e+06	0
2.53942e+06	0
2.53952e+06	0
2.53962e+06	0
2.53972e+06	0
2.53982e+06	0
2.53992e+06	0
2.54002e+06	0
2.54012e+06	0
2.54022e+06	0
2.54032e+06	0
2.54042e+06	0
2.54052e+06	0
2.54062e+06	0
2.54072e+06	0
2.54082e+06	0
2.54092e+06	0
2.54102e+06	0
2.54112e+06	0
2.54122e+06	0
2.54132e+06	0
2.54142e+06	0
2.54152e+06	0
2.54162e+06	0
2.54172e+06	0
2.54182e+06	0
2.54192e+06	0
2.54202e+06	0
2.54212e+06	0
2.54222e+06	0
2.54232e+06	0
2.54242e+06	0
2.54252e+06	0
2.54262e+06	0
2.54272e+06	0
2.54282e+06	0
2.54292e+06	0
2.54302e+06	0
2.54312e+06	0
2.54322e+06	0
2.54332e+06	0
2.54342e+06	0
2.54352e+06	0
2.54362e+06	0
2.54372e+06	0
2.54382e+06	0
2.54392e+06	0
2.54402e+06	0
2.54412e+06	0
2.54422e+06	0
2.54432e+06	0
2.54442e+06	0
2.54452e+06	0
2.54462e+06	0
2.54472e+06	0
2.54482e+06	0
2.54492e+06	0
2.54502e+06	0
2.54512e+06	0
2.54522e+06	0
2.54532e+06	0
2.54542e+06	0
2.54552e+06	0
2.54562e+06	0
2.54572e+06	0
2.54582e+06	0
2.54592e+06	0
2.54602e+06	0
2.54612e+06	0
2.54622e+06	0
2.54632e+06	0
2.54642e+06	0
2.54652e+06	0
2.54662e+06	0
2.54672e+06	0
2.54682e+06	0
2.54692e+06	0
2.54702e+06	0
2.54712e+06	0
2.54722e+06	0
2.54732e+06	0
2.54742e+06	0
2.54752e+06	0
2.54762e+06	0
2.54772e+06	0
2.54782e+06	0
2.54792e+06	0
2.54802e+06	0
2.54812e+06	0
2.54822e+06	0
2.54832e+06	0
2.54842e+06	0
2.54852e+06	0
2.54862e+06	0
2.54872e+06	0
2.54882e+06	0
2.54892e+06	0
2.54902e+06	0
2.54912e+06	0
2.54922e+06	0
2.54932e+06	0
2.54942e+06	0
2.54952e+06	0
2.54962e+06	0
2.54972e+06	0
2.54982e+06	0
2.54992e+06	0
2.55002e+06	0
2.55012e+06	0
2.55022e+06	0
2.55032e+06	0
2.55042e+06	0
2.55052e+06	0
2.55062e+06	0
2.55072e+06	0
2.55082e+06	0
2.55092e+06	0
2.55102e+06	0
2.55112e+06	0
2.55122e+06	0
2.55132e+06	0
2.55142e+06	0
2.55152e+06	0
2.55162e+06	0
2.55172e+06	0
2.55182e+06	0
2.55192e+06	0
2.55202e+06	0
2.55212e+06	0
2.55222e+06	0
2.55232e+06	0
2.55242e+06	0
2.55252e+06	0
2.55262e+06	0
2.55272e+06	0
2.55282e+06	0
2.55292e+06	0
2.55302e+06	0
2.55312e+06	0
2.55322e+06	0
2.55332e+06	0
2.55342e+06	0
2.55352e+06	0
2.55362e+06	0
2.55372e+06	0
2.55382e+06	0
2.55392e+06	0
2.55402e+06	0
2.55412e+06	0
2.55422e+06	0
2.55432e+06	0
2.55442e+06	0
2.55452e+06	0
2.55462e+06	0
2.55472e+06	0
2.55482e+06	0
2.55492e+06	0
2.55502e+06	0
2.55512e+06	0
2.55522e+06	0
2.55532e+06	0
2.55542e+06	0
2.55552e+06	0
2.55562e+06	0
2.55572e+06	0
2.55582e+06	0
2.55592e+06	0
2.55602e+06	0
2.55612e+06	0
2.55622e+06	0
2.55632e+06	0
2.55642e+06	0
2.55652e+06	0
2.55662e+06	0
2.55672e+06	0
2.55682e+06	0
2.55692e+06	0
2.55702e+06	0
2.55712e+06	0
2.55722e+06	0
2.55732e+06	0
2.55742e+06	0
2.55752e+06	0
2.55762e+06	0
2.55772e+06	0
2.55782e+06	0
2.55792e+06	0
2.55802e+06	0
2.55812e+06	0
2.55822e+06	0
2.55832e+06	0
2.55842e+06	0
2.55852e+06	0
2.55862e+06	0
2.55872e+06	0
2.55882e+06	0
2.55892e+06	0
2.55902e+06	0
2.55912e+06	0
2.55922e+06	0
2.55932e+06	0
2.55942e+06	0
2.55952e+06	0
2.55962e+06	0
2.55972e+06	0
2.55982e+06	0
2.55992e+06	0
2.56002e+06	0
2.56012e+06	0
2.56022e+06	0
2.56032e+06	0
2.56042e+06	0
2.56052e+06	0
2.56062e+06	0
2.56072e+06	0
2.56082e+06	0
2.56092e+06	0
2.56102e+06	0
2.56112e+06	0
2.56122e+06	0
2.56132e+06	0
2.56142e+06	0
2.56152e+06	0
2.56162e+06	0
2.56172e+06	0
2.56182e+06	0
2.56192e+06	0
2.56202e+06	0
2.56212e+06	0
2.56222e+06	0
2.56232e+06	0
2.56242e+06	0
2.56252e+06	0
2.56262e+06	0
2.56272e+06	0
2.56282e+06	0
2.56292e+06	0
2.56302e+06	0
2.56312e+06	0
2.56322e+06	0
2.56332e+06	0
2.56342e+06	0
2.56352e+06	0
2.56362e+06	0
2.56372e+06	0
2.56382e+06	0
2.56392e+06	0
2.56402e+06	0
2.56412e+06	0
2.56422e+06	0
2.56432e+06	0
2.56442e+06	0
2.56452e+06	0
2.56462e+06	0
2.56472e+06	0
2.56482e+06	0
2.56492e+06	0
2.56502e+06	0
2.56512e+06	0
2.56522e+06	0
2.56532e+06	0
2.56542e+06	0
2.56552e+06	0
2.56562e+06	0
2.56572e+06	0
2.56582e+06	0
2.56592e+06	0
2.56602e+06	0
2.56612e+06	0
2.56622e+06	0
2.56632e+06	0
2.56642e+06	0
2.56652e+06	0
2.56662e+06	0
2.56672e+06	0
2.56682e+06	0
2.56692e+06	0
2.56702e+06	0
2.56712e+06	0
2.56722e+06	0
2.56732e+06	0
2.56742e+06	0
2.56752e+06	0
2.56762e+06	0
2.56772e+06	0
2.56782e+06	0
2.56792e+06	0
2.56802e+06	0
2.56812e+06	0
2.56822e+06	0
2.56832e+06	0
2.56842e+06	0
2.56852e+06	0
2.56862e+06	0
2.56872e+06	0
2.56882e+06	0
2.56892e+06	0
2.56902e+06	0
2.56912e+06	0
2.56922e+06	0
2.56932e+06	0
2.56942e+06	0
2.56952e+06	0
2.56962e+06	0
2.56972e+06	0
2.56982e+06	0
2.56992e+06	0
2.57002e+06	0
2.57012e+06	0
2.57022e+06	0
2.57032e+06	0
2.57042e+06	0
2.57052e+06	0
2.57062e+06	0
2.57072e+06	0
2.57082e+06	0
2.57092e+06	0
2.57102e+06	0
2.57112e+06	0
2.57122e+06	0
2.57132e+06	0
2.57142e+06	0
2.57152e+06	0
2.57162e+06	0
2.57172e+06	0
2.57182e+06	0
2.57192e+06	0
2.57202e+06	0
2.57212e+06	0
2.57222e+06	0
2.57232e+06	0
2.57242e+06	0
2.57252e+06	0
2.57262e+06	0
2.57272e+06	0
2.57282e+06	0
2.57292e+06	0
2.57302e+06	0
2.57312e+06	0
2.57322e+06	0
2.57332e+06	0
2.57342e+06	0
2.57352e+06	0
2.57362e+06	0
2.57372e+06	0
2.57382e+06	0
2.57392e+06	0
2.57402e+06	0
2.57412e+06	0
2.57422e+06	0
2.57432e+06	0
2.57442e+06	0
2.57452e+06	0
2.57462e+06	0
2.57472e+06	0
2.57482e+06	0
2.57492e+06	0
2.57502e+06	0
2.57512e+06	0
2.57522e+06	0
2.57532e+06	0
2.57542e+06	0
2.57552e+06	0
2.57562e+06	0
2.57572e+06	0
2.57582e+06	0
2.57592e+06	0
2.57602e+06	0
2.57612e+06	0
2.57622e+06	0
2.57632e+06	0
2.57642e+06	0
2.57652e+06	0
2.57662e+06	0
2.57672e+06	0
2.57682e+06	0
2.57692e+06	0
2.57702e+06	0
2.57712e+06	0
2.57722e+06	0
2.57732e+06	0
2.57742e+06	0
2.57752e+06	0
2.57762e+06	0
2.57772e+06	0
2.57782e+06	0
2.57792e+06	0
2.57802e+06	0
2.57812e+06	0
2.57822e+06	0
2.57832e+06	0
2.57842e+06	0
2.57852e+06	0
2.57862e+06	0
2.57872e+06	0
2.57882e+06	0
2.57892e+06	0
2.57902e+06	0
2.57912e+06	0
2.57922e+06	0
2.57932e+06	0
2.57942e+06	0
2.57952e+06	0
2.57962e+06	0
2.57972e+06	0
2.57982e+06	0
2.57992e+06	0
2.58002e+06	0
2.58012e+06	0
2.58022e+06	0
2.58032e+06	0
2.58042e+06	0
2.58052e+06	0
2.58062e+06	0
2.58072e+06	0
2.58082e+06	0
2.58092e+06	0
2.58102e+06	0
2.58112e+06	0
2.58122e+06	0
2.58132e+06	0
2.58142e+06	0
2.58152e+06	0
2.58162e+06	0
2.58172e+06	0
2.58182e+06	0
2.58192e+06	0
2.58202e+06	0
2.58212e+06	0
2.58222e+06	0
2.58232e+06	0
2.58242e+06	0
2.58252e+06	0
2.58262e+06	0
2.58272e+06	0
2.58282e+06	0
2.58292e+06	0
2.58302e+06	0
2.58312e+06	0
2.58322e+06	0
2.58332e+06	0
2.58342e+06	0
2.58352e+06	0
2.58362e+06	0
2.58372e+06	0
2.58382e+06	0
2.58392e+06	0
2.58402e+06	0
2.58412e+06	0
2.58422e+06	0
2.58432e+06	0
2.58442e+06	0
2.58452e+06	0
2.58462e+06	0
2.58472e+06	0
2.58482e+06	0
2.58492e+06	0
2.58502e+06	0
2.58512e+06	0
2.58522e+06	0
2.58532e+06	0
2.58542e+06	0
2.58552e+06	0
2.58562e+06	0
2.58572e+06	0
2.58582e+06	0
2.58592e+06	0
2.58602e+06	0
2.58612e+06	0
2.58622e+06	0
2.58632e+06	0
2.58642e+06	0
2.58652e+06	0
2.58662e+06	0
2.58672e+06	0
2.58682e+06	0
2.58692e+06	0
2.58702e+06	0
2.58712e+06	0
2.58722e+06	0
2.58732e+06	0
2.58742e+06	0
2.58752e+06	0
2.58762e+06	0
2.58772e+06	0
2.58782e+06	0
2.58792e+06	0
2.58802e+06	0
2.58812e+06	0
2.58822e+06	0
2.58832e+06	0
2.58842e+06	0
2.58852e+06	0
2.58862e+06	0
2.58872e+06	0
2.58882e+06	0
2.58892e+06	0
2.58902e+06	0
2.58912e+06	0
2.58922e+06	0
2.58932e+06	0
2.58942e+06	0
2.58952e+06	0
2.58962e+06	0
2.58972e+06	0
2.58982e+06	0
2.58992e+06	0
2.59002e+06	0
2.59012e+06	0
2.59022e+06	0
2.59032e+06	0
2.59042e+06	0
2.59052e+06	0
2.59062e+06	0
2.59072e+06	0
2.59082e+06	0
2.59092e+06	0
2.59102e+06	0
2.59112e+06	0
2.59122e+06	0
2.59132e+06	0
2.59142e+06	0
2.59152e+06	0
2.59162e+06	0
2.59172e+06	0
2.59182e+06	0
2.59192e+06	0
2.59202e+06	0
2.59212e+06	0
2.59222e+06	0
2.59232e+06	0
2.59242e+06	0
2.59252e+06	0
2.59262e+06	0
2.59272e+06	0
2.59282e+06	0
2.59292e+06	0
2.59302e+06	0
2.59312e+06	0
2.59322e+06	0
2.59332e+06	0
2.59342e+06	0
2.59352e+06	0
2.59362e+06	0
2.59372e+06	0
2.59382e+06	0
2.59392e+06	0
2.59402e+06	0
2.59412e+06	0
2.59422e+06	0
2.59432e+06	0
2.59442e+06	0
2.59452e+06	0
2.59462e+06	0
2.59472e+06	0
2.59482e+06	0
2.59492e+06	0
2.59502e+06	0
2.59512e+06	0
2.59522e+06	0
2.59532e+06	0
2.59542e+06	0
2.59552e+06	0
2.59562e+06	0
2.59572e+06	0
2.59582e+06	0
2.59592e+06	0
2.59602e+06	0
2.59612e+06	0
2.59622e+06	0
2.59632e+06	0
2.59642e+06	0
2.59652e+06	0
2.59662e+06	0
2.59672e+06	0
2.59682e+06	0
2.59692e+06	0
2.59702e+06	0
2.59712e+06	0
2.59722e+06	0
2.59732e+06	0
2.59742e+06	0
2.59752e+06	0
2.59762e+06	0
2.59772e+06	0
2.59782e+06	0
2.59792e+06	0
2.59802e+06	0
2.59812e+06	0
2.59822e+06	0
2.59832e+06	0
2.59842e+06	0
2.59852e+06	0
2.59862e+06	0
2.59872e+06	0
2.59882e+06	0
2.59892e+06	0
2.59902e+06	0
2.59912e+06	0
2.59922e+06	0
2.59932e+06	0
2.59942e+06	0
2.59952e+06	0
2.59962e+06	0
2.59972e+06	0
2.59982e+06	0
2.59992e+06	0
2.60002e+06	0
2.60012e+06	0
2.60022e+06	0
2.60032e+06	0
2.60042e+06	0
2.60052e+06	0
2.60062e+06	0
2.60072e+06	0
2.60082e+06	0
2.60092e+06	0
2.60102e+06	0
2.60112e+06	0
2.60122e+06	0
2.60132e+06	0
2.60142e+06	0
2.60152e+06	0
2.60162e+06	0
2.60172e+06	0
2.60182e+06	0
2.60192e+06	0
2.60202e+06	0
2.60212e+06	0
2.60222e+06	0
2.60232e+06	0
2.60242e+06	0
2.60252e+06	0
2.60262e+06	0
2.60272e+06	0
2.60282e+06	0
2.60292e+06	0
2.60302e+06	0
2.60312e+06	0
2.60322e+06	0
2.60332e+06	0
2.60342e+06	0
2.60352e+06	0
2.60362e+06	0
2.60372e+06	0
2.60382e+06	0
2.60392e+06	0
2.60402e+06	0
2.60412e+06	0
2.60422e+06	0
2.60432e+06	0
2.60442e+06	0
2.60452e+06	0
2.60462e+06	0
2.60472e+06	0
2.60482e+06	0
2.60492e+06	0
2.60502e+06	0
2.60512e+06	0
2.60522e+06	0
2.60532e+06	0
2.60542e+06	0
2.60552e+06	0
2.60562e+06	0
2.60572e+06	0
2.60582e+06	0
2.60592e+06	0
2.60602e+06	0
2.60612e+06	0
2.60622e+06	0
2.60632e+06	0
2.60642e+06	0
2.60652e+06	0
2.60662e+06	0
2.60672e+06	0
2.60682e+06	0
2.60692e+06	0
2.60702e+06	0
2.60712e+06	0
2.60722e+06	0
2.60732e+06	0
2.60742e+06	0
2.60752e+06	0
2.60762e+06	0
2.60772e+06	0
2.60782e+06	0
2.60792e+06	0
2.60802e+06	0
2.60812e+06	0
2.60822e+06	0
2.60832e+06	0
2.60842e+06	0
2.60852e+06	0
2.60862e+06	0
2.60872e+06	0
2.60882e+06	0
2.60892e+06	0
2.60902e+06	0
2.60912e+06	0
2.60922e+06	0
2.60932e+06	0
2.60942e+06	0
2.60952e+06	0
2.60962e+06	0
2.60972e+06	0
2.60982e+06	0
2.60992e+06	0
2.61002e+06	0
2.61012e+06	0
2.61022e+06	0
2.61032e+06	0
2.61042e+06	0
2.61052e+06	0
2.61062e+06	0
2.61072e+06	0
2.61082e+06	0
2.61092e+06	0
2.61102e+06	0
2.61112e+06	0
2.61122e+06	0
2.61132e+06	0
2.61142e+06	0
2.61152e+06	0
2.61162e+06	0
2.61172e+06	0
2.61182e+06	0
2.61192e+06	0
2.61202e+06	0
2.61212e+06	0
2.61222e+06	0
2.61232e+06	0
2.61242e+06	0
2.61252e+06	0
2.61262e+06	0
2.61272e+06	0
2.61282e+06	0
2.61292e+06	0
2.61302e+06	0
2.61312e+06	0
2.61322e+06	0
2.61332e+06	0
2.61342e+06	0
2.61352e+06	0
2.61362e+06	0
2.61372e+06	0
2.61382e+06	0
2.61392e+06	0
2.61402e+06	0
2.61412e+06	0
2.61422e+06	0
2.61432e+06	0
2.61442e+06	0
2.61452e+06	0
2.61462e+06	0
2.61472e+06	0
2.61482e+06	0
2.61492e+06	0
2.61502e+06	0
2.61512e+06	0
2.61522e+06	0
2.61532e+06	0
2.61542e+06	0
2.61552e+06	0
2.61562e+06	0
2.61572e+06	0
2.61582e+06	0
2.61592e+06	0
2.61602e+06	0
2.61612e+06	0
2.61622e+06	0
2.61632e+06	0
2.61642e+06	0
2.61652e+06	0
2.61662e+06	0
2.61672e+06	0
2.61682e+06	0
2.61692e+06	0
2.61702e+06	0
2.61712e+06	0
2.61722e+06	0
2.61732e+06	0
2.61742e+06	0
2.61752e+06	0
2.61762e+06	0
2.61772e+06	0
2.61782e+06	0
2.61792e+06	0
2.61802e+06	0
2.61812e+06	0
2.61822e+06	0
2.61832e+06	0
2.61842e+06	0
2.61852e+06	0
2.61862e+06	0
2.61872e+06	0
2.61882e+06	0
2.61892e+06	0
2.61902e+06	0
2.61912e+06	0
2.61922e+06	0
2.61932e+06	0
2.61942e+06	0
2.61952e+06	0
2.61962e+06	0
2.61972e+06	0
2.61982e+06	0
2.61992e+06	0
2.62002e+06	0
2.62012e+06	0
2.62022e+06	0
2.62032e+06	0
2.62042e+06	0
2.62052e+06	0
2.62062e+06	0
2.62072e+06	0
2.62082e+06	0
2.62092e+06	0
2.62102e+06	0
2.62112e+06	0
2.62122e+06	0
2.62132e+06	0
2.62142e+06	0
2.62152e+06	0
2.62162e+06	0
2.62172e+06	0
2.62182e+06	0
2.62192e+06	0
2.62202e+06	0
2.62212e+06	0
2.62222e+06	0
2.62232e+06	0
2.62242e+06	0
2.62252e+06	0
2.62262e+06	0
2.62272e+06	0
2.62282e+06	0
2.62292e+06	0
2.62302e+06	0
2.62312e+06	0
2.62322e+06	0
2.62332e+06	0
2.62342e+06	0
2.62352e+06	0
2.62362e+06	0
2.62372e+06	0
2.62382e+06	0
2.62392e+06	0
2.62402e+06	0
2.62412e+06	0
2.62422e+06	0
2.62432e+06	0
2.62442e+06	0
2.62452e+06	0
2.62462e+06	0
2.62472e+06	0
2.62482e+06	0
2.62492e+06	0
2.62502e+06	0
2.62512e+06	0
2.62522e+06	0
2.62532e+06	0
2.62542e+06	0
2.62552e+06	0
2.62562e+06	0
2.62572e+06	0
2.62582e+06	0
2.62592e+06	0
2.62602e+06	0
2.62612e+06	0
2.62622e+06	0
2.62632e+06	0
2.62642e+06	0
2.62652e+06	0
2.62662e+06	0
2.62672e+06	0
2.62682e+06	0
2.62692e+06	0
2.62702e+06	0
2.62712e+06	0
2.62722e+06	0
2.62732e+06	0
2.62742e+06	0
2.62752e+06	0
2.62762e+06	0
2.62772e+06	0
2.62782e+06	0
2.62792e+06	0
2.62802e+06	0
2.62812e+06	0
2.62822e+06	0
2.62832e+06	0
2.62842e+06	0
2.62852e+06	0
2.62862e+06	0
2.62872e+06	0
2.62882e+06	0
2.62892e+06	0
2.62902e+06	0
2.62912e+06	0
2.62922e+06	0
2.62932e+06	0
2.62942e+06	0
2.62952e+06	0
2.62962e+06	0
2.62972e+06	0
2.62982e+06	0
2.62992e+06	0
2.63002e+06	0
2.63012e+06	0
2.63022e+06	0
2.63032e+06	0
2.63042e+06	0
2.63052e+06	0
2.63062e+06	0
2.63072e+06	0
2.63082e+06	0
2.63092e+06	0
2.63102e+06	0
2.63112e+06	0
2.63122e+06	0
2.63132e+06	0
2.63142e+06	0
2.63152e+06	0
2.63162e+06	0
2.63172e+06	0
2.63182e+06	0
2.63192e+06	0
2.63202e+06	0
2.63212e+06	0
2.63222e+06	0
2.63232e+06	0
2.63242e+06	0
2.63252e+06	0
2.63262e+06	0
2.63272e+06	0
2.63282e+06	0
2.63292e+06	0
2.63302e+06	0
2.63312e+06	0
2.63322e+06	0
2.63332e+06	0
2.63342e+06	0
2.63352e+06	0
2.63362e+06	0
2.63372e+06	0
2.63382e+06	0
2.63392e+06	0
2.63402e+06	0
2.63412e+06	0
2.63422e+06	0
2.63432e+06	0
2.63442e+06	0
2.63452e+06	0
2.63462e+06	0
2.63472e+06	0
2.63482e+06	0
2.63492e+06	0
2.63502e+06	0
2.63512e+06	0
2.63522e+06	0
2.63532e+06	0
2.63542e+06	0
2.63552e+06	0
2.63562e+06	0
2.63572e+06	0
2.63582e+06	0
2.63592e+06	0
2.63602e+06	0
2.63612e+06	0
2.63622e+06	0
2.63632e+06	0
2.63642e+06	0
2.63652e+06	0
2.63662e+06	0
2.63672e+06	0
2.63682e+06	0
2.63692e+06	0
2.63702e+06	0
2.63712e+06	0
2.63722e+06	0
2.63732e+06	0
2.63742e+06	0
2.63752e+06	0
2.63762e+06	0
2.63772e+06	0
2.63782e+06	0
2.63792e+06	0
2.63802e+06	0
2.63812e+06	0
2.63822e+06	0
2.63832e+06	0
2.63842e+06	0
2.63852e+06	0
2.63862e+06	0
2.63872e+06	0
2.63882e+06	0
2.63892e+06	0
2.63902e+06	0
2.63912e+06	0
2.63922e+06	0
2.63932e+06	0
2.63942e+06	0
2.63952e+06	0
2.63962e+06	0
2.63972e+06	0
2.63982e+06	0
2.63992e+06	0
2.64002e+06	0
2.64012e+06	0
2.64022e+06	0
2.64032e+06	0
2.64042e+06	0
2.64052e+06	0
2.64062e+06	0
2.64072e+06	0
2.64082e+06	0
2.64092e+06	0
2.64102e+06	0
2.64112e+06	0
2.64122e+06	0
2.64132e+06	0
2.64142e+06	0
2.64152e+06	0
2.64162e+06	0
2.64172e+06	0
2.64182e+06	0
2.64192e+06	0
2.64202e+06	0
2.64212e+06	0
2.64222e+06	0
2.64232e+06	0
2.64242e+06	0
2.64252e+06	0
2.64262e+06	0
2.64272e+06	0
2.64282e+06	0
2.64292e+06	0
2.64302e+06	0
2.64312e+06	0
2.64322e+06	0
2.64332e+06	0
2.64342e+06	0
2.64352e+06	0
2.64362e+06	0
2.64372e+06	0
2.64382e+06	0
2.64392e+06	0
2.64402e+06	0
2.64412e+06	0
2.64422e+06	0
2.64432e+06	0
2.64442e+06	0
2.64452e+06	0
2.64462e+06	0
2.64472e+06	0
2.64482e+06	0
2.64492e+06	0
2.64502e+06	0
2.64512e+06	0
2.64522e+06	0
2.64532e+06	0
2.64542e+06	0
2.64552e+06	0
2.64562e+06	0
2.64572e+06	0
2.64582e+06	0
2.64592e+06	0
2.64602e+06	0
2.64612e+06	0
2.64622e+06	0
2.64632e+06	0
2.64642e+06	0
2.64652e+06	0
2.64662e+06	0
2.64672e+06	0
2.64682e+06	0
2.64692e+06	0
2.64702e+06	0
2.64712e+06	0
2.64722e+06	0
2.64732e+06	0
2.64742e+06	0
2.64752e+06	0
2.64762e+06	0
2.64772e+06	0
2.64782e+06	0
2.64792e+06	0
2.64802e+06	0
2.64812e+06	0
2.64822e+06	0
2.64832e+06	0
2.64842e+06	0
2.64852e+06	0
2.64862e+06	0
2.64872e+06	0
2.64882e+06	0
2.64892e+06	0
2.64902e+06	0
2.64912e+06	0
2.64922e+06	0
2.64932e+06	0
2.64942e+06	0
2.64952e+06	0
2.64962e+06	0
2.64972e+06	0
2.64982e+06	0
2.64992e+06	0
2.65002e+06	0
2.65012e+06	0
2.65022e+06	0
2.65032e+06	0
2.65042e+06	0
2.65052e+06	0
2.65062e+06	0
2.65072e+06	0
2.65082e+06	0
2.65092e+06	0
2.65102e+06	0
2.65112e+06	0
2.65122e+06	0
2.65132e+06	0
2.65142e+06	0
2.65152e+06	0
2.65162e+06	0
2.65172e+06	0
2.65182e+06	0
2.65192e+06	0
2.65202e+06	0
2.65212e+06	0
2.65222e+06	0
2.65232e+06	0
2.65242e+06	0
2.65252e+06	0
2.65262e+06	0
2.65272e+06	0
2.65282e+06	0
2.65292e+06	0
2.65302e+06	0
2.65312e+06	0
2.65322e+06	0
2.65332e+06	0
2.65342e+06	0
2.65352e+06	0
2.65362e+06	0
2.65372e+06	0
2.65382e+06	0
2.65392e+06	0
2.65402e+06	0
2.65412e+06	0
2.65422e+06	0
2.65432e+06	0
2.65442e+06	0
2.65452e+06	0
2.65462e+06	0
2.65472e+06	0
2.65482e+06	0
2.65492e+06	0
2.65502e+06	0
2.65512e+06	0
2.65522e+06	0
2.65532e+06	0
2.65542e+06	0
2.65552e+06	0
2.65562e+06	0
2.65572e+06	0
2.65582e+06	0
2.65592e+06	0
2.65602e+06	0
2.65612e+06	0
2.65622e+06	0
2.65632e+06	0
2.65642e+06	0
2.65652e+06	0
2.65662e+06	0
2.65672e+06	0
2.65682e+06	0
2.65692e+06	0
2.65702e+06	0
2.65712e+06	0
2.65722e+06	0
2.65732e+06	0
2.65742e+06	0
2.65752e+06	0
2.65762e+06	0
2.65772e+06	0
2.65782e+06	0
2.65792e+06	0
2.65802e+06	0
2.65812e+06	0
2.65822e+06	0
2.65832e+06	0
2.65842e+06	0
2.65852e+06	0
2.65862e+06	0
2.65872e+06	0
2.65882e+06	0
2.65892e+06	0
2.65902e+06	0
2.65912e+06	0
2.65922e+06	0
2.65932e+06	0
2.65942e+06	0
2.65952e+06	0
2.65962e+06	0
2.65972e+06	0
2.65982e+06	0
2.65992e+06	0
2.66002e+06	0
2.66012e+06	0
2.66022e+06	0
2.66032e+06	0
2.66042e+06	0
2.66052e+06	0
2.66062e+06	0
2.66072e+06	0
2.66082e+06	0
2.66092e+06	0
2.66102e+06	0
2.66112e+06	0
2.66122e+06	0
2.66132e+06	0
2.66142e+06	0
2.66152e+06	0
2.66162e+06	0
2.66172e+06	0
2.66182e+06	0
2.66192e+06	0
2.66202e+06	0
2.66212e+06	0
2.66222e+06	0
2.66232e+06	0
2.66242e+06	0
2.66252e+06	0
2.66262e+06	0
2.66272e+06	0
2.66282e+06	0
2.66292e+06	0
2.66302e+06	0
2.66312e+06	0
2.66322e+06	0
2.66332e+06	0
2.66342e+06	0
2.66352e+06	0
2.66362e+06	0
2.66372e+06	0
2.66382e+06	0
2.66392e+06	0
2.66402e+06	0
2.66412e+06	0
2.66422e+06	0
2.66432e+06	0
2.66442e+06	0
2.66452e+06	0
2.66462e+06	0
2.66472e+06	0
2.66482e+06	0
2.66492e+06	0
2.66502e+06	0
2.66512e+06	0
2.66522e+06	0
2.66532e+06	0
2.66542e+06	0
2.66552e+06	0
2.66562e+06	0
2.66572e+06	0
2.66582e+06	0
2.66592e+06	0
2.66602e+06	0
2.66612e+06	0
2.66622e+06	0
2.66632e+06	0
2.66642e+06	0
2.66652e+06	0
2.66662e+06	0
2.66672e+06	0
2.66682e+06	0
2.66692e+06	0
2.66702e+06	0
2.66712e+06	0
2.66722e+06	0
2.66732e+06	0
2.66742e+06	0
2.66752e+06	0
2.66762e+06	0
2.66772e+06	0
2.66782e+06	0
2.66792e+06	0
2.66802e+06	0
2.66812e+06	0
2.66822e+06	0
2.66832e+06	0
2.66842e+06	0
2.66852e+06	0
2.66862e+06	0
2.66872e+06	0
2.66882e+06	0
2.66892e+06	0
2.66902e+06	0
2.66912e+06	0
2.66922e+06	0
2.66932e+06	0
2.66942e+06	0
2.66952e+06	0
2.66962e+06	0
2.66972e+06	0
2.66982e+06	0
2.66992e+06	0
2.67002e+06	0
2.67012e+06	0
2.67022e+06	0
2.67032e+06	0
2.67042e+06	0
2.67052e+06	0
2.67062e+06	0
2.67072e+06	0
2.67082e+06	0
2.67092e+06	0
2.67102e+06	0
2.67112e+06	0
2.67122e+06	0
2.67132e+06	0
2.67142e+06	0
2.67152e+06	0
2.67162e+06	0
2.67172e+06	0
2.67182e+06	0
2.67192e+06	0
2.67202e+06	0
2.67212e+06	0
2.67222e+06	0
2.67232e+06	0
2.67242e+06	0
2.67252e+06	0
2.67262e+06	0
2.67272e+06	0
2.67282e+06	0
2.67292e+06	0
2.67302e+06	0
2.67312e+06	0
2.67322e+06	0
2.67332e+06	0
2.67342e+06	0
2.67352e+06	0
2.67362e+06	0
2.67372e+06	0
2.67382e+06	0
2.67392e+06	0
2.67402e+06	0
2.67412e+06	0
2.67422e+06	0
2.67432e+06	0
2.67442e+06	0
2.67452e+06	0
2.67462e+06	0
2.67472e+06	0
2.67482e+06	0
2.67492e+06	0
2.67502e+06	0
2.67512e+06	0
2.67522e+06	0
2.67532e+06	0
2.67542e+06	0
2.67552e+06	0
2.67562e+06	0
2.67572e+06	0
2.67582e+06	0
2.67592e+06	0
2.67602e+06	0
2.67612e+06	0
2.67622e+06	0
2.67632e+06	0
2.67642e+06	0
2.67652e+06	0
2.67662e+06	0
2.67672e+06	0
2.67682e+06	0
2.67692e+06	0
2.67702e+06	0
2.67712e+06	0
2.67722e+06	0
2.67732e+06	0
2.67742e+06	0
2.67752e+06	0
2.67762e+06	0
2.67772e+06	0
2.67782e+06	0
2.67792e+06	0
2.67802e+06	0
2.67812e+06	0
2.67822e+06	0
2.67832e+06	0
2.67842e+06	0
2.67852e+06	0
2.67862e+06	0
2.67872e+06	0
2.67882e+06	0
2.67892e+06	0
2.67902e+06	0
2.67912e+06	0
2.67922e+06	0
2.67932e+06	0
2.67942e+06	0
2.67952e+06	0
2.67962e+06	0
2.67972e+06	0
2.67982e+06	0
2.67992e+06	0
2.68002e+06	0
2.68012e+06	0
2.68022e+06	0
2.68032e+06	0
2.68042e+06	0
2.68052e+06	0
2.68062e+06	0
2.68072e+06	0
2.68082e+06	0
2.68092e+06	0
2.68102e+06	0
2.68112e+06	0
2.68122e+06	0
2.68132e+06	0
2.68142e+06	0
2.68152e+06	0
2.68162e+06	0
2.68172e+06	0
2.68182e+06	0
2.68192e+06	0
2.68202e+06	0
2.68212e+06	0
2.68222e+06	0
2.68232e+06	0
2.68242e+06	0
2.68252e+06	0
2.68262e+06	0
2.68272e+06	0
2.68282e+06	0
2.68292e+06	0
2.68302e+06	0
2.68312e+06	0
2.68322e+06	0
2.68332e+06	0
2.68342e+06	0
2.68352e+06	0
2.68362e+06	0
2.68372e+06	0
2.68382e+06	0
2.68392e+06	0
2.68402e+06	0
2.68412e+06	0
2.68422e+06	0
2.68432e+06	0
2.68442e+06	0
2.68452e+06	0
2.68462e+06	0
2.68472e+06	0
2.68482e+06	0
2.68492e+06	0
2.68502e+06	0
2.68512e+06	0
2.68522e+06	0
2.68532e+06	0
2.68542e+06	0
2.68552e+06	0
2.68562e+06	0
2.68572e+06	0
2.68582e+06	0
2.68592e+06	0
2.68602e+06	0
2.68612e+06	0
2.68622e+06	0
2.68632e+06	0
2.68642e+06	0
2.68652e+06	0
2.68662e+06	0
2.68672e+06	0
2.68682e+06	0
2.68692e+06	0
2.68702e+06	0
2.68712e+06	0
2.68722e+06	0
2.68732e+06	0
2.68742e+06	0
2.68752e+06	0
2.68762e+06	0
2.68772e+06	0
2.68782e+06	0
2.68792e+06	0
2.68802e+06	0
2.68812e+06	0
2.68822e+06	0
2.68832e+06	0
2.68842e+06	0
2.68852e+06	0
2.68862e+06	0
2.68872e+06	0
2.68882e+06	0
2.68892e+06	0
2.68902e+06	0
2.68912e+06	0
2.68922e+06	0
2.68932e+06	0
2.68942e+06	0
2.68952e+06	0
2.68962e+06	0
2.68972e+06	0
2.68982e+06	0
2.68992e+06	0
2.69002e+06	0
2.69012e+06	0
2.69022e+06	0
2.69032e+06	0
2.69042e+06	0
2.69052e+06	0
2.69062e+06	0
2.69072e+06	0
2.69082e+06	0
2.69092e+06	0
2.69102e+06	0
2.69112e+06	0
2.69122e+06	0
2.69132e+06	0
2.69142e+06	0
2.69152e+06	0
2.69162e+06	0
2.69172e+06	0
2.69182e+06	0
2.69192e+06	0
2.69202e+06	0
2.69212e+06	0
2.69222e+06	0
2.69232e+06	0
2.69242e+06	0
2.69252e+06	0
2.69262e+06	0
2.69272e+06	0
2.69282e+06	0
2.69292e+06	0
2.69302e+06	0
2.69312e+06	0
2.69322e+06	0
2.69332e+06	0
2.69342e+06	0
2.69352e+06	0
2.69362e+06	0
2.69372e+06	0
2.69382e+06	0
2.69392e+06	0
2.69402e+06	0
2.69412e+06	0
2.69422e+06	0
2.69432e+06	0
2.69442e+06	0
2.69452e+06	0
2.69462e+06	0
2.69472e+06	0
2.69482e+06	0
2.69492e+06	0
2.69502e+06	0
2.69512e+06	0
2.69522e+06	0
2.69532e+06	0
2.69542e+06	0
2.69552e+06	0
2.69562e+06	0
2.69572e+06	0
2.69582e+06	0
2.69592e+06	0
2.69602e+06	0
2.69612e+06	0
2.69622e+06	0
2.69632e+06	0
2.69642e+06	0
2.69652e+06	0
2.69662e+06	0
2.69672e+06	0
2.69682e+06	0
2.69692e+06	0
2.69702e+06	0
2.69712e+06	0
2.69722e+06	0
2.69732e+06	0
2.69742e+06	0
2.69752e+06	0
2.69762e+06	0
2.69772e+06	0
2.69782e+06	0
2.69792e+06	0
2.69802e+06	0
2.69812e+06	0
2.69822e+06	0
2.69832e+06	0
2.69842e+06	0
2.69852e+06	0
2.69862e+06	0
2.69872e+06	0
2.69882e+06	0
2.69892e+06	0
2.69902e+06	0
2.69912e+06	0
2.69922e+06	0
2.69932e+06	0
2.69942e+06	0
2.69952e+06	0
2.69962e+06	0
2.69972e+06	0
2.69982e+06	0
2.69992e+06	0
2.70002e+06	0
2.70012e+06	0
2.70022e+06	0
2.70032e+06	0
2.70042e+06	0
2.70052e+06	0
2.70062e+06	0
2.70072e+06	0
2.70082e+06	0
2.70092e+06	0
2.70102e+06	0
2.70112e+06	0
2.70122e+06	0
2.70132e+06	0
2.70142e+06	0
2.70152e+06	0
2.70162e+06	0
2.70172e+06	0
2.70182e+06	0
2.70192e+06	0
2.70202e+06	0
2.70212e+06	0
2.70222e+06	0
2.70232e+06	0
2.70242e+06	0
2.70252e+06	0
2.70262e+06	0
2.70272e+06	0
2.70282e+06	0
2.70292e+06	0
2.70302e+06	0
2.70312e+06	0
2.70322e+06	0
2.70332e+06	0
2.70342e+06	0
2.70352e+06	0
2.70362e+06	0
2.70372e+06	0
2.70382e+06	0
2.70392e+06	0
2.70402e+06	0
2.70412e+06	0
2.70422e+06	0
2.70432e+06	0
2.70442e+06	0
2.70452e+06	0
2.70462e+06	0
2.70472e+06	0
2.70482e+06	0
2.70492e+06	0
2.70502e+06	0
2.70512e+06	0
2.70522e+06	0
2.70532e+06	0
2.70542e+06	0
2.70552e+06	0
2.70562e+06	0
2.70572e+06	0
2.70582e+06	0
2.70592e+06	0
2.70602e+06	0
2.70612e+06	0
2.70622e+06	0
2.70632e+06	0
2.70642e+06	0
2.70652e+06	0
2.70662e+06	0
2.70672e+06	0
2.70682e+06	0
2.70692e+06	0
2.70702e+06	0
2.70712e+06	0
2.70722e+06	0
2.70732e+06	0
2.70742e+06	0
2.70752e+06	0
2.70762e+06	0
2.70772e+06	0
2.70782e+06	0
2.70792e+06	0
2.70802e+06	0
2.70812e+06	0
2.70822e+06	0
2.70832e+06	0
2.70842e+06	0
2.70852e+06	0
2.70862e+06	0
2.70872e+06	0
2.70882e+06	0
2.70892e+06	0
2.70902e+06	0
2.70912e+06	0
2.70922e+06	0
2.70932e+06	0
2.70942e+06	0
2.70952e+06	0
2.70962e+06	0
2.70972e+06	0
2.70982e+06	0
2.70992e+06	0
2.71002e+06	0
2.71012e+06	0
2.71022e+06	0
2.71032e+06	0
2.71042e+06	0
2.71052e+06	0
2.71062e+06	0
2.71072e+06	0
2.71082e+06	0
2.71092e+06	0
2.71102e+06	0
2.71112e+06	0
2.71122e+06	0
2.71132e+06	0
2.71142e+06	0
2.71152e+06	0
2.71162e+06	0
2.71172e+06	0
2.71182e+06	0
2.71192e+06	0
2.71202e+06	0
2.71212e+06	0
2.71222e+06	0
2.71232e+06	0
2.71242e+06	0
2.71252e+06	0
2.71262e+06	0
2.71272e+06	0
2.71282e+06	0
2.71292e+06	0
2.71302e+06	0
2.71312e+06	0
2.71322e+06	0
2.71332e+06	0
2.71342e+06	0
2.71352e+06	0
2.71362e+06	0
2.71372e+06	0
2.71382e+06	0
2.71392e+06	0
2.71402e+06	0
2.71412e+06	0
2.71422e+06	0
2.71432e+06	0
2.71442e+06	0
2.71452e+06	0
2.71462e+06	0
2.71472e+06	0
2.71482e+06	0
2.71492e+06	0
2.71502e+06	0
2.71512e+06	0
2.71522e+06	0
2.71532e+06	0
2.71542e+06	0
2.71552e+06	0
2.71562e+06	0
2.71572e+06	0
2.71582e+06	0
2.71592e+06	0
2.71602e+06	0
2.71612e+06	0
2.71622e+06	0
2.71632e+06	0
2.71642e+06	0
2.71652e+06	0
2.71662e+06	0
2.71672e+06	0
2.71682e+06	0
2.71692e+06	0
2.71702e+06	0
2.71712e+06	0
2.71722e+06	0
2.71732e+06	0
2.71742e+06	0
2.71752e+06	0
2.71762e+06	0
2.71772e+06	0
2.71782e+06	0
2.71792e+06	0
2.71802e+06	0
2.71812e+06	0
2.71822e+06	0
2.71832e+06	0
2.71842e+06	0
2.71852e+06	0
2.71862e+06	0
2.71872e+06	0
2.71882e+06	0
2.71892e+06	0
2.71902e+06	0
2.71912e+06	0
2.71922e+06	0
2.71932e+06	0
2.71942e+06	0
2.71952e+06	0
2.71962e+06	0
2.71972e+06	0
2.71982e+06	0
2.71992e+06	0
2.72002e+06	0
2.72012e+06	0
2.72022e+06	0
2.72032e+06	0
2.72042e+06	0
2.72052e+06	0
2.72062e+06	0
2.72072e+06	0
2.72082e+06	0
2.72092e+06	0
2.72102e+06	0
2.72112e+06	0
2.72122e+06	0
2.72132e+06	0
2.72142e+06	0
2.72152e+06	0
2.72162e+06	0
2.72172e+06	0
2.72182e+06	0
2.72192e+06	0
2.72202e+06	0
2.72212e+06	0
2.72222e+06	0
2.72232e+06	0
2.72242e+06	0
2.72252e+06	0
2.72262e+06	0
2.72272e+06	0
2.72282e+06	0
2.72292e+06	0
2.72302e+06	0
2.72312e+06	0
2.72322e+06	0
2.72332e+06	0
2.72342e+06	0
2.72352e+06	0
2.72362e+06	0
2.72372e+06	0
2.72382e+06	0
2.72392e+06	0
2.72402e+06	0
2.72412e+06	0
2.72422e+06	0
2.72432e+06	0
2.72442e+06	0
2.72452e+06	0
2.72462e+06	0
2.72472e+06	0
2.72482e+06	0
2.72492e+06	0
2.72502e+06	0
2.72512e+06	0
2.72522e+06	0
2.72532e+06	0
2.72542e+06	0
2.72552e+06	0
2.72562e+06	0
2.72572e+06	0
2.72582e+06	0
2.72592e+06	0
2.72602e+06	0
2.72612e+06	0
2.72622e+06	0
2.72632e+06	0
2.72642e+06	0
2.72652e+06	0
2.72662e+06	0
2.72672e+06	0
2.72682e+06	0
2.72692e+06	0
2.72702e+06	0
2.72712e+06	0
2.72722e+06	0
2.72732e+06	0
2.72742e+06	0
2.72752e+06	0
2.72762e+06	0
2.72772e+06	0
2.72782e+06	0
2.72792e+06	0
2.72802e+06	0
2.72812e+06	0
2.72822e+06	0
2.72832e+06	0
2.72842e+06	0
2.72852e+06	0
2.72862e+06	0
2.72872e+06	0
2.72882e+06	0
2.72892e+06	0
2.72902e+06	0
2.72912e+06	0
2.72922e+06	0
2.72932e+06	0
2.72942e+06	0
2.72952e+06	0
2.72962e+06	0
2.72972e+06	0
2.72982e+06	0
2.72992e+06	0
2.73002e+06	0
2.73012e+06	0
2.73022e+06	0
2.73032e+06	0
2.73042e+06	0
2.73052e+06	0
2.73062e+06	0
2.73072e+06	0
2.73082e+06	0
2.73092e+06	0
2.73102e+06	0
2.73112e+06	0
2.73122e+06	0
2.73132e+06	0
2.73142e+06	0
2.73152e+06	0
2.73162e+06	0
2.73172e+06	0
2.73182e+06	0
2.73192e+06	0
2.73202e+06	0
2.73212e+06	0
2.73222e+06	0
2.73232e+06	0
2.73242e+06	0
2.73252e+06	0
2.73262e+06	0
2.73272e+06	0
2.73282e+06	0
2.73292e+06	0
2.73302e+06	0
2.73312e+06	0
2.73322e+06	0
2.73332e+06	0
2.73342e+06	0
2.73352e+06	0
2.73362e+06	0
2.73372e+06	0
2.73382e+06	0
2.73392e+06	0
2.73402e+06	0
2.73412e+06	0
2.73422e+06	0
2.73432e+06	0
2.73442e+06	0
2.73452e+06	0
2.73462e+06	0
2.73472e+06	0
2.73482e+06	0
2.73492e+06	0
2.73502e+06	0
2.73512e+06	0
2.73522e+06	0
2.73532e+06	0
2.73542e+06	0
2.73552e+06	0
2.73562e+06	0
2.73572e+06	0
2.73582e+06	0
2.73592e+06	0
2.73602e+06	0
2.73612e+06	0
2.73622e+06	0
2.73632e+06	0
2.73642e+06	0
2.73652e+06	0
2.73662e+06	0
2.73672e+06	0
2.73682e+06	0
2.73692e+06	0
2.73702e+06	0
2.73712e+06	0
2.73722e+06	0
2.73732e+06	0
2.73742e+06	0
2.73752e+06	0
2.73762e+06	0
2.73772e+06	0
2.73782e+06	0
2.73792e+06	0
2.73802e+06	0
2.73812e+06	0
2.73822e+06	0
2.73832e+06	0
2.73842e+06	0
2.73852e+06	0
2.73862e+06	0
2.73872e+06	0
2.73882e+06	0
2.73892e+06	0
2.73902e+06	0
2.73912e+06	0
2.73922e+06	0
2.73932e+06	0
2.73942e+06	0
2.73952e+06	0
2.73962e+06	0
2.73972e+06	0
2.73982e+06	0
2.73992e+06	0
2.74002e+06	0
2.74012e+06	0
2.74022e+06	0
2.74032e+06	0
2.74042e+06	0
2.74052e+06	0
2.74062e+06	0
2.74072e+06	0
2.74082e+06	0
2.74092e+06	0
2.74102e+06	0
2.74112e+06	0
2.74122e+06	0
2.74132e+06	0
2.74142e+06	0
2.74152e+06	0
2.74162e+06	0
2.74172e+06	0
2.74182e+06	0
2.74192e+06	0
2.74202e+06	0
2.74212e+06	0
2.74222e+06	0
2.74232e+06	0
2.74242e+06	0
2.74252e+06	0
2.74262e+06	0
2.74272e+06	0
2.74282e+06	0
2.74292e+06	0
2.74302e+06	0
2.74312e+06	0
2.74322e+06	0
2.74332e+06	0
2.74342e+06	0
2.74352e+06	0
2.74362e+06	0
2.74372e+06	0
2.74382e+06	0
2.74392e+06	0
2.74402e+06	0
2.74412e+06	0
2.74422e+06	0
2.74432e+06	0
2.74442e+06	0
2.74452e+06	0
2.74462e+06	0
2.74472e+06	0
2.74482e+06	0
2.74492e+06	0
2.74502e+06	0
2.74512e+06	0
2.74522e+06	0
2.74532e+06	0
2.74542e+06	0
2.74552e+06	0
2.74562e+06	0
2.74572e+06	0
2.74582e+06	0
2.74592e+06	0
2.74602e+06	0
2.74612e+06	0
2.74622e+06	0
2.74632e+06	0
2.74642e+06	0
2.74652e+06	0
2.74662e+06	0
2.74672e+06	0
2.74682e+06	0
2.74692e+06	0
2.74702e+06	0
2.74712e+06	0
2.74722e+06	0
2.74732e+06	0
2.74742e+06	0
2.74752e+06	0
2.74762e+06	0
2.74772e+06	0
2.74782e+06	0
2.74792e+06	0
2.74802e+06	0
2.74812e+06	0
2.74822e+06	0
2.74832e+06	0
2.74842e+06	0
2.74852e+06	0
2.74862e+06	0
2.74872e+06	0
2.74882e+06	0
2.74892e+06	0
2.74902e+06	0
2.74912e+06	0
2.74922e+06	0
2.74932e+06	0
2.74942e+06	0
2.74952e+06	0
2.74962e+06	0
2.74972e+06	0
2.74982e+06	0
2.74992e+06	0
2.75002e+06	0
2.75012e+06	0
2.75022e+06	0
2.75032e+06	0
2.75042e+06	0
2.75052e+06	0
2.75062e+06	0
2.75072e+06	0
2.75082e+06	0
2.75092e+06	0
2.75102e+06	0
2.75112e+06	0
2.75122e+06	0
2.75132e+06	0
2.75142e+06	0
2.75152e+06	0
2.75162e+06	0
2.75172e+06	0
2.75182e+06	0
2.75192e+06	0
2.75202e+06	0
2.75212e+06	0
2.75222e+06	0
2.75232e+06	0
2.75242e+06	0
2.75252e+06	0
2.75262e+06	0
2.75272e+06	0
2.75282e+06	0
2.75292e+06	0
2.75302e+06	0
2.75312e+06	0
2.75322e+06	0
2.75332e+06	0
2.75342e+06	0
2.75352e+06	0
2.75362e+06	0
2.75372e+06	0
2.75382e+06	0
2.75392e+06	0
2.75402e+06	0
2.75412e+06	0
2.75422e+06	0
2.75432e+06	0
2.75442e+06	0
2.75452e+06	0
2.75462e+06	0
2.75472e+06	0
2.75482e+06	0
2.75492e+06	0
2.75502e+06	0
2.75512e+06	0
2.75522e+06	0
2.75532e+06	0
2.75542e+06	0
2.75552e+06	0
2.75562e+06	0
2.75572e+06	0
2.75582e+06	0
2.75592e+06	0
2.75602e+06	0
2.75612e+06	0
2.75622e+06	0
2.75632e+06	0
2.75642e+06	0
2.75652e+06	0
2.75662e+06	0
2.75672e+06	0
2.75682e+06	0
2.75692e+06	0
2.75702e+06	0
2.75712e+06	0
2.75722e+06	0
2.75732e+06	0
2.75742e+06	0
2.75752e+06	0
2.75762e+06	0
2.75772e+06	0
2.75782e+06	0
2.75792e+06	0
2.75802e+06	0
2.75812e+06	0
2.75822e+06	0
2.75832e+06	0
2.75842e+06	0
2.75852e+06	0
2.75862e+06	0
2.75872e+06	0
2.75882e+06	0
2.75892e+06	0
2.75902e+06	0
2.75912e+06	0
2.75922e+06	0
2.75932e+06	0
2.75942e+06	0
2.75952e+06	0
2.75962e+06	0
2.75972e+06	0
2.75982e+06	0
2.75992e+06	0
2.76002e+06	0
2.76012e+06	0
2.76022e+06	0
2.76032e+06	0
2.76042e+06	0
2.76052e+06	0
2.76062e+06	0
2.76072e+06	0
2.76082e+06	0
2.76092e+06	0
2.76102e+06	0
2.76112e+06	0
2.76122e+06	0
2.76132e+06	0
2.76142e+06	0
2.76152e+06	0
2.76162e+06	0
2.76172e+06	0
2.76182e+06	0
2.76192e+06	0
2.76202e+06	0
2.76212e+06	0
2.76222e+06	0
2.76232e+06	0
2.76242e+06	0
2.76252e+06	0
2.76262e+06	0
2.76272e+06	0
2.76282e+06	0
2.76292e+06	0
2.76302e+06	0
2.76312e+06	0
2.76322e+06	0
2.76332e+06	0
2.76342e+06	0
2.76352e+06	0
2.76362e+06	0
2.76372e+06	0
2.76382e+06	0
2.76392e+06	0
2.76402e+06	0
2.76412e+06	0
2.76422e+06	0
2.76432e+06	0
2.76442e+06	0
2.76452e+06	0
2.76462e+06	0
2.76472e+06	0
2.76482e+06	0
2.76492e+06	0
2.76502e+06	0
2.76512e+06	0
2.76522e+06	0
2.76532e+06	0
2.76542e+06	0
2.76552e+06	0
2.76562e+06	0
2.76572e+06	0
2.76582e+06	0
2.76592e+06	0
2.76602e+06	0
2.76612e+06	0
2.76622e+06	0
2.76632e+06	0
2.76642e+06	0
2.76652e+06	0
2.76662e+06	0
2.76672e+06	0
2.76682e+06	0
2.76692e+06	0
2.76702e+06	0
2.76712e+06	0
2.76722e+06	0
2.76732e+06	0
2.76742e+06	0
2.76752e+06	0
2.76762e+06	0
2.76772e+06	0
2.76782e+06	0
2.76792e+06	0
2.76802e+06	0
2.76812e+06	0
2.76822e+06	0
2.76832e+06	0
2.76842e+06	0
2.76852e+06	0
2.76862e+06	0
2.76872e+06	0
2.76882e+06	0
2.76892e+06	0
2.76902e+06	0
2.76912e+06	0
2.76922e+06	0
2.76932e+06	0
2.76942e+06	0
2.76952e+06	0
2.76962e+06	0
2.76972e+06	0
2.76982e+06	0
2.76992e+06	0
2.77002e+06	0
2.77012e+06	0
2.77022e+06	0
2.77032e+06	0
2.77042e+06	0
2.77052e+06	0
2.77062e+06	0
2.77072e+06	0
2.77082e+06	0
2.77092e+06	0
2.77102e+06	0
2.77112e+06	0
2.77122e+06	0
2.77132e+06	0
2.77142e+06	0
2.77152e+06	0
2.77162e+06	0
2.77172e+06	0
2.77182e+06	0
2.77192e+06	0
2.77202e+06	0
2.77212e+06	0
2.77222e+06	0
2.77232e+06	0
2.77242e+06	0
2.77252e+06	0
2.77262e+06	0
2.77272e+06	0
2.77282e+06	0
2.77292e+06	0
2.77302e+06	0
2.77312e+06	0
2.77322e+06	0
2.77332e+06	0
2.77342e+06	0
2.77352e+06	0
2.77362e+06	0
2.77372e+06	0
2.77382e+06	0
2.77392e+06	0
2.77402e+06	0
2.77412e+06	0
2.77422e+06	0
2.77432e+06	0
2.77442e+06	0
2.77452e+06	0
2.77462e+06	0
2.77472e+06	0
2.77482e+06	0
2.77492e+06	0
2.77502e+06	0
2.77512e+06	0
2.77522e+06	0
2.77532e+06	0
2.77542e+06	0
2.77552e+06	0
2.77562e+06	0
2.77572e+06	0
2.77582e+06	0
2.77592e+06	0
2.77602e+06	0
2.77612e+06	0
2.77622e+06	0
2.77632e+06	0
2.77642e+06	0
2.77652e+06	0
2.77662e+06	0
2.77672e+06	0
2.77682e+06	0
2.77692e+06	0
2.77702e+06	0
2.77712e+06	0
2.77722e+06	0
2.77732e+06	0
2.77742e+06	0
2.77752e+06	0
2.77762e+06	0
2.77772e+06	0
2.77782e+06	0
2.77792e+06	0
2.77802e+06	0
2.77812e+06	0
2.77822e+06	0
2.77832e+06	0
2.77842e+06	0
2.77852e+06	0
2.77862e+06	0
2.77872e+06	0
2.77882e+06	0
2.77892e+06	0
2.77902e+06	0
2.77912e+06	0
2.77922e+06	0
2.77932e+06	0
2.77942e+06	0
2.77952e+06	0
2.77962e+06	0
2.77972e+06	0
2.77982e+06	0
2.77992e+06	0
2.78002e+06	0
2.78012e+06	0
2.78022e+06	0
2.78032e+06	0
2.78042e+06	0
2.78052e+06	0
2.78062e+06	0
2.78072e+06	0
2.78082e+06	0
2.78092e+06	0
2.78102e+06	0
2.78112e+06	0
2.78122e+06	0
2.78132e+06	0
2.78142e+06	0
2.78152e+06	0
2.78162e+06	0
2.78172e+06	0
2.78182e+06	0
2.78192e+06	0
2.78202e+06	0
2.78212e+06	0
2.78222e+06	0
2.78232e+06	0
2.78242e+06	0
2.78252e+06	0
2.78262e+06	0
2.78272e+06	0
2.78282e+06	0
2.78292e+06	0
2.78302e+06	0
2.78312e+06	0
2.78322e+06	0
2.78332e+06	0
2.78342e+06	0
2.78352e+06	0
2.78362e+06	0
2.78372e+06	0
2.78382e+06	0
2.78392e+06	0
2.78402e+06	0
2.78412e+06	0
2.78422e+06	0
2.78432e+06	0
2.78442e+06	0
2.78452e+06	0
2.78462e+06	0
2.78472e+06	0
2.78482e+06	0
2.78492e+06	0
2.78502e+06	0
2.78512e+06	0
2.78522e+06	0
2.78532e+06	0
2.78542e+06	0
2.78552e+06	0
2.78562e+06	0
2.78572e+06	0
2.78582e+06	0
2.78592e+06	0
2.78602e+06	0
2.78612e+06	0
2.78622e+06	0
2.78632e+06	0
2.78642e+06	0
2.78652e+06	0
2.78662e+06	0
2.78672e+06	0
2.78682e+06	0
2.78692e+06	0
2.78702e+06	0
2.78712e+06	0
2.78722e+06	0
2.78732e+06	0
2.78742e+06	0
2.78752e+06	0
2.78762e+06	0
2.78772e+06	0
2.78782e+06	0
2.78792e+06	0
2.78802e+06	0
2.78812e+06	0
2.78822e+06	0
2.78832e+06	0
2.78842e+06	0
2.78852e+06	0
2.78862e+06	0
2.78872e+06	0
2.78882e+06	0
2.78892e+06	0
2.78902e+06	0
2.78912e+06	0
2.78922e+06	0
2.78932e+06	0
2.78942e+06	0
2.78952e+06	0
2.78962e+06	0
2.78972e+06	0
2.78982e+06	0
2.78992e+06	0
2.79002e+06	0
2.79012e+06	0
2.79022e+06	0
2.79032e+06	0
2.79042e+06	0
2.79052e+06	0
2.79062e+06	0
2.79072e+06	0
2.79082e+06	0
2.79092e+06	0
2.79102e+06	0
2.79112e+06	0
2.79122e+06	0
2.79132e+06	0
2.79142e+06	0
2.79152e+06	0
2.79162e+06	0
2.79172e+06	0
2.79182e+06	0
2.79192e+06	0
2.79202e+06	0
2.79212e+06	0
2.79222e+06	0
2.79232e+06	0
2.79242e+06	0
2.79252e+06	0
2.79262e+06	0
2.79272e+06	0
2.79282e+06	0
2.79292e+06	0
2.79302e+06	0
2.79312e+06	0
2.79322e+06	0
2.79332e+06	0
2.79342e+06	0
2.79352e+06	0
2.79362e+06	0
2.79372e+06	0
2.79382e+06	0
2.79392e+06	0
2.79402e+06	0
2.79412e+06	0
2.79422e+06	0
2.79432e+06	0
2.79442e+06	0
2.79452e+06	0
2.79462e+06	0
2.79472e+06	0
2.79482e+06	0
2.79492e+06	0
2.79502e+06	0
2.79512e+06	0
2.79522e+06	0
2.79532e+06	0
2.79542e+06	0
2.79552e+06	0
2.79562e+06	0
2.79572e+06	0
2.79582e+06	0
2.79592e+06	0
2.79602e+06	0
2.79612e+06	0
2.79622e+06	0
2.79632e+06	0
2.79642e+06	0
2.79652e+06	0
2.79662e+06	0
2.79672e+06	0
2.79682e+06	0
2.79692e+06	0
2.79702e+06	0
2.79712e+06	0
2.79722e+06	0
2.79732e+06	0
2.79742e+06	0
2.79752e+06	0
2.79762e+06	0
2.79772e+06	0
2.79782e+06	0
2.79792e+06	0
2.79802e+06	0
2.79812e+06	0
2.79822e+06	0
2.79832e+06	0
2.79842e+06	0
2.79852e+06	0
2.79862e+06	0
2.79872e+06	0
2.79882e+06	0
2.79892e+06	0
2.79902e+06	0
2.79912e+06	0
2.79922e+06	0
2.79932e+06	0
2.79942e+06	0
2.79952e+06	0
2.79962e+06	0
2.79972e+06	0
2.79982e+06	0
2.79992e+06	0
2.80002e+06	0
2.80012e+06	0
2.80022e+06	0
2.80032e+06	0
2.80042e+06	0
2.80052e+06	0
2.80062e+06	0
2.80072e+06	0
2.80082e+06	0
2.80092e+06	0
2.80102e+06	0
2.80112e+06	0
2.80122e+06	0
2.80132e+06	0
2.80142e+06	0
2.80152e+06	0
2.80162e+06	0
2.80172e+06	0
2.80182e+06	0
2.80192e+06	0
2.80202e+06	0
2.80212e+06	0
2.80222e+06	0
2.80232e+06	0
2.80242e+06	0
2.80252e+06	0
2.80262e+06	0
2.80272e+06	0
2.80282e+06	0
2.80292e+06	0
2.80302e+06	0
2.80312e+06	0
2.80322e+06	0
2.80332e+06	0
2.80342e+06	0
2.80352e+06	0
2.80362e+06	0
2.80372e+06	0
2.80382e+06	0
2.80392e+06	0
2.80402e+06	0
2.80412e+06	0
2.80422e+06	0
2.80432e+06	0
2.80442e+06	0
2.80452e+06	0
2.80462e+06	0
2.80472e+06	0
2.80482e+06	0
2.80492e+06	0
2.80502e+06	0
2.80512e+06	0
2.80522e+06	0
2.80532e+06	0
2.80542e+06	0
2.80552e+06	0
2.80562e+06	0
2.80572e+06	0
2.80582e+06	0
2.80592e+06	0
2.80602e+06	0
2.80612e+06	0
2.80622e+06	0
2.80632e+06	0
2.80642e+06	0
2.80652e+06	0
2.80662e+06	0
2.80672e+06	0
2.80682e+06	0
2.80692e+06	0
2.80702e+06	0
2.80712e+06	0
2.80722e+06	0
2.80732e+06	0
2.80742e+06	0
2.80752e+06	0
2.80762e+06	0
2.80772e+06	0
2.80782e+06	0
2.80792e+06	0
2.80802e+06	0
2.80812e+06	0
2.80822e+06	0
2.80832e+06	0
2.80842e+06	0
2.80852e+06	0
2.80862e+06	0
2.80872e+06	0
2.80882e+06	0
2.80892e+06	0
2.80902e+06	0
2.80912e+06	0
2.80922e+06	0
2.80932e+06	0
2.80942e+06	0
2.80952e+06	0
2.80962e+06	0
2.80972e+06	0
2.80982e+06	0
2.80992e+06	0
2.81002e+06	0
2.81012e+06	0
2.81022e+06	0
2.81032e+06	0
2.81042e+06	0
2.81052e+06	0
2.81062e+06	0
2.81072e+06	0
2.81082e+06	0
2.81092e+06	0
2.81102e+06	0
2.81112e+06	0
2.81122e+06	0
2.81132e+06	0
2.81142e+06	0
2.81152e+06	0
2.81162e+06	0
2.81172e+06	0
2.81182e+06	0
2.81192e+06	0
2.81202e+06	0
2.81212e+06	0
2.81222e+06	0
2.81232e+06	0
2.81242e+06	0
2.81252e+06	0
2.81262e+06	0
2.81272e+06	0
2.81282e+06	0
2.81292e+06	0
2.81302e+06	0
2.81312e+06	0
2.81322e+06	0
2.81332e+06	0
2.81342e+06	0
2.81352e+06	0
2.81362e+06	0
2.81372e+06	0
2.81382e+06	0
2.81392e+06	0
2.81402e+06	0
2.81412e+06	0
2.81422e+06	0
2.81432e+06	0
2.81442e+06	0
2.81452e+06	0
2.81462e+06	0
2.81472e+06	0
2.81482e+06	0
2.81492e+06	0
2.81502e+06	0
2.81512e+06	0
2.81522e+06	0
2.81532e+06	0
2.81542e+06	0
2.81552e+06	0
2.81562e+06	0
2.81572e+06	0
2.81582e+06	0
2.81592e+06	0
2.81602e+06	0
2.81612e+06	0
2.81622e+06	0
2.81632e+06	0
2.81642e+06	0
2.81652e+06	0
2.81662e+06	0
2.81672e+06	0
2.81682e+06	0
2.81692e+06	0
2.81702e+06	0
2.81712e+06	0
2.81722e+06	0
2.81732e+06	0
2.81742e+06	0
2.81752e+06	0
2.81762e+06	0
2.81772e+06	0
2.81782e+06	0
2.81792e+06	0
2.81802e+06	0
2.81812e+06	0
2.81822e+06	0
2.81832e+06	0
2.81842e+06	0
2.81852e+06	0
2.81862e+06	0
2.81872e+06	0
2.81882e+06	0
2.81892e+06	0
2.81902e+06	0
2.81912e+06	0
2.81922e+06	0
2.81932e+06	0
2.81942e+06	0
2.81952e+06	0
2.81962e+06	0
2.81972e+06	0
2.81982e+06	0
2.81992e+06	0
2.82002e+06	0
2.82012e+06	0
2.82022e+06	0
2.82032e+06	0
2.82042e+06	0
2.82052e+06	0
2.82062e+06	0
2.82072e+06	0
2.82082e+06	0
2.82092e+06	0
2.82102e+06	0
2.82112e+06	0
2.82122e+06	0
2.82132e+06	0
2.82142e+06	0
2.82152e+06	0
2.82162e+06	0
2.82172e+06	0
2.82182e+06	0
2.82192e+06	0
2.82202e+06	0
2.82212e+06	0
2.82222e+06	0
2.82232e+06	0
2.82242e+06	0
2.82252e+06	0
2.82262e+06	0
2.82272e+06	0
2.82282e+06	0
2.82292e+06	0
2.82302e+06	0
2.82312e+06	0
2.82322e+06	0
2.82332e+06	0
2.82342e+06	0
2.82352e+06	0
2.82362e+06	0
2.82372e+06	0
2.82382e+06	0
2.82392e+06	0
2.82402e+06	0
2.82412e+06	0
2.82422e+06	0
2.82432e+06	0
2.82442e+06	0
2.82452e+06	0
2.82462e+06	0
2.82472e+06	0
2.82482e+06	0
2.82492e+06	0
2.82502e+06	0
2.82512e+06	0
2.82522e+06	0
2.82532e+06	0
2.82542e+06	0
2.82552e+06	0
2.82562e+06	0
2.82572e+06	0
2.82582e+06	0
2.82592e+06	0
2.82602e+06	0
2.82612e+06	0
2.82622e+06	0
2.82632e+06	0
2.82642e+06	0
2.82652e+06	0
2.82662e+06	0
2.82672e+06	0
2.82682e+06	0
2.82692e+06	0
2.82702e+06	0
2.82712e+06	0
2.82722e+06	0
2.82732e+06	0
2.82742e+06	0
2.82752e+06	0
2.82762e+06	0
2.82772e+06	0
2.82782e+06	0
2.82792e+06	0
2.82802e+06	0
2.82812e+06	0
2.82822e+06	0
2.82832e+06	0
2.82842e+06	0
2.82852e+06	0
2.82862e+06	0
2.82872e+06	0
2.82882e+06	0
2.82892e+06	0
2.82902e+06	0
2.82912e+06	0
2.82922e+06	0
2.82932e+06	0
2.82942e+06	0
2.82952e+06	0
2.82962e+06	0
2.82972e+06	0
2.82982e+06	0
2.82992e+06	0
2.83002e+06	0
2.83012e+06	0
2.83022e+06	0
2.83032e+06	0
2.83042e+06	0
2.83052e+06	0
2.83062e+06	0
2.83072e+06	0
2.83082e+06	0
2.83092e+06	0
2.83102e+06	0
2.83112e+06	0
2.83122e+06	0
2.83132e+06	0
2.83142e+06	0
2.83152e+06	0
2.83162e+06	0
2.83172e+06	0
2.83182e+06	0
2.83192e+06	0
2.83202e+06	0
2.83212e+06	0
2.83222e+06	0
2.83232e+06	0
2.83242e+06	0
2.83252e+06	0
2.83262e+06	0
2.83272e+06	0
2.83282e+06	0
2.83292e+06	0
2.83302e+06	0
2.83312e+06	0
2.83322e+06	0
2.83332e+06	0
2.83342e+06	0
2.83352e+06	0
2.83362e+06	0
2.83372e+06	0
2.83382e+06	0
2.83392e+06	0
2.83402e+06	0
2.83412e+06	0
2.83422e+06	0
2.83432e+06	0
2.83442e+06	0
2.83452e+06	0
2.83462e+06	0
2.83472e+06	0
2.83482e+06	0
2.83492e+06	0
2.83502e+06	0
2.83512e+06	0
2.83522e+06	0
2.83532e+06	0
2.83542e+06	0
2.83552e+06	0
2.83562e+06	0
2.83572e+06	0
2.83582e+06	0
2.83592e+06	0
2.83602e+06	0
2.83612e+06	0
2.83622e+06	0
2.83632e+06	0
2.83642e+06	0
2.83652e+06	0
2.83662e+06	0
2.83672e+06	0
2.83682e+06	0
2.83692e+06	0
2.83702e+06	0
2.83712e+06	0
2.83722e+06	0
2.83732e+06	0
2.83742e+06	0
2.83752e+06	0
2.83762e+06	0
2.83772e+06	0
2.83782e+06	0
2.83792e+06	0
2.83802e+06	0
2.83812e+06	0
2.83822e+06	0
2.83832e+06	0
2.83842e+06	0
2.83852e+06	0
2.83862e+06	0
2.83872e+06	0
2.83882e+06	0
2.83892e+06	0
2.83902e+06	0
2.83912e+06	0
2.83922e+06	0
2.83932e+06	0
2.83942e+06	0
2.83952e+06	0
2.83962e+06	0
2.83972e+06	0
2.83982e+06	0
2.83992e+06	0
2.84002e+06	0
2.84012e+06	0
2.84022e+06	0
2.84032e+06	0
2.84042e+06	0
2.84052e+06	0
2.84062e+06	0
2.84072e+06	0
2.84082e+06	0
2.84092e+06	0
2.84102e+06	0
2.84112e+06	0
2.84122e+06	0
2.84132e+06	0
2.84142e+06	0
2.84152e+06	0
2.84162e+06	0
2.84172e+06	0
2.84182e+06	0
2.84192e+06	0
2.84202e+06	0
2.84212e+06	0
2.84222e+06	0
2.84232e+06	0
2.84242e+06	0
2.84252e+06	0
2.84262e+06	0
2.84272e+06	0
2.84282e+06	0
2.84292e+06	0
2.84302e+06	0
2.84312e+06	0
2.84322e+06	0
2.84332e+06	0
2.84342e+06	0
2.84352e+06	0
2.84362e+06	0
2.84372e+06	0
2.84382e+06	0
2.84392e+06	0
2.84402e+06	0
2.84412e+06	0
2.84422e+06	0
2.84432e+06	0
2.84442e+06	0
2.84452e+06	0
2.84462e+06	0
2.84472e+06	0
2.84482e+06	0
2.84492e+06	0
2.84502e+06	0
2.84512e+06	0
2.84522e+06	0
2.84532e+06	0
2.84542e+06	0
2.84552e+06	0
2.84562e+06	0
2.84572e+06	0
2.84582e+06	0
2.84592e+06	0
2.84602e+06	0
2.84612e+06	0
2.84622e+06	0
2.84632e+06	0
2.84642e+06	0
2.84652e+06	0
2.84662e+06	0
2.84672e+06	0
2.84682e+06	0
2.84692e+06	0
2.84702e+06	0
2.84712e+06	0
2.84722e+06	0
2.84732e+06	0
2.84742e+06	0
2.84752e+06	0
2.84762e+06	0
2.84772e+06	0
2.84782e+06	0
2.84792e+06	0
2.84802e+06	0
2.84812e+06	0
2.84822e+06	0
2.84832e+06	0
2.84842e+06	0
2.84852e+06	0
2.84862e+06	0
2.84872e+06	0
2.84882e+06	0
2.84892e+06	0
2.84902e+06	0
2.84912e+06	0
2.84922e+06	0
2.84932e+06	0
2.84942e+06	0
2.84952e+06	0
2.84962e+06	0
2.84972e+06	0
2.84982e+06	0
2.84992e+06	0
2.85002e+06	0
2.85012e+06	0
2.85022e+06	0
2.85032e+06	0
2.85042e+06	0
2.85052e+06	0
2.85062e+06	0
2.85072e+06	0
2.85082e+06	0
2.85092e+06	0
2.85102e+06	0
2.85112e+06	0
2.85122e+06	0
2.85132e+06	0
2.85142e+06	0
2.85152e+06	0
2.85162e+06	0
2.85172e+06	0
2.85182e+06	0
2.85192e+06	0
2.85202e+06	0
2.85212e+06	0
2.85222e+06	0
2.85232e+06	0
2.85242e+06	0
2.85252e+06	0
2.85262e+06	0
2.85272e+06	0
2.85282e+06	0
2.85292e+06	0
2.85302e+06	0
2.85312e+06	0
2.85322e+06	0
2.85332e+06	0
2.85342e+06	0
2.85352e+06	0
2.85362e+06	0
2.85372e+06	0
2.85382e+06	0
2.85392e+06	0
2.85402e+06	0
2.85412e+06	0
2.85422e+06	0
2.85432e+06	0
2.85442e+06	0
2.85452e+06	0
2.85462e+06	0
2.85472e+06	0
2.85482e+06	0
2.85492e+06	0
2.85502e+06	0
2.85512e+06	0
2.85522e+06	0
2.85532e+06	0
2.85542e+06	0
2.85552e+06	0
2.85562e+06	0
2.85572e+06	0
2.85582e+06	0
2.85592e+06	0
2.85602e+06	0
2.85612e+06	0
2.85622e+06	0
2.85632e+06	0
2.85642e+06	0
2.85652e+06	0
2.85662e+06	0
2.85672e+06	0
2.85682e+06	0
2.85692e+06	0
2.85702e+06	0
2.85712e+06	0
2.85722e+06	0
2.85732e+06	0
2.85742e+06	0
2.85752e+06	0
2.85762e+06	0
2.85772e+06	0
2.85782e+06	0
2.85792e+06	0
2.85802e+06	0
2.85812e+06	0
2.85822e+06	0
2.85832e+06	0
2.85842e+06	0
2.85852e+06	0
2.85862e+06	0
2.85872e+06	0
2.85882e+06	0
2.85892e+06	0
2.85902e+06	0
2.85912e+06	0
2.85922e+06	0
2.85932e+06	0
2.85942e+06	0
2.85952e+06	0
2.85962e+06	0
2.85972e+06	0
2.85982e+06	0
2.85992e+06	0
2.86002e+06	0
2.86012e+06	0
2.86022e+06	0
2.86032e+06	0
2.86042e+06	0
2.86052e+06	0
2.86062e+06	0
2.86072e+06	0
2.86082e+06	0
2.86092e+06	0
2.86102e+06	0
2.86112e+06	0
2.86122e+06	0
2.86132e+06	0
2.86142e+06	0
2.86152e+06	0
2.86162e+06	0
2.86172e+06	0
2.86182e+06	0
2.86192e+06	0
2.86202e+06	0
2.86212e+06	0
2.86222e+06	0
2.86232e+06	0
2.86242e+06	0
2.86252e+06	0
2.86262e+06	0
2.86272e+06	0
2.86282e+06	0
2.86292e+06	0
2.86302e+06	0
2.86312e+06	0
2.86322e+06	0
2.86332e+06	0
2.86342e+06	0
2.86352e+06	0
2.86362e+06	0
2.86372e+06	0
2.86382e+06	0
2.86392e+06	0
2.86402e+06	0
2.86412e+06	0
2.86422e+06	0
2.86432e+06	0
2.86442e+06	0
2.86452e+06	0
2.86462e+06	0
2.86472e+06	0
2.86482e+06	0
2.86492e+06	0
2.86502e+06	0
2.86512e+06	0
2.86522e+06	0
2.86532e+06	0
2.86542e+06	0
2.86552e+06	0
2.86562e+06	0
2.86572e+06	0
2.86582e+06	0
2.86592e+06	0
2.86602e+06	0
2.86612e+06	0
2.86622e+06	0
2.86632e+06	0
2.86642e+06	0
2.86652e+06	0
2.86662e+06	0
2.86672e+06	0
2.86682e+06	0
2.86692e+06	0
2.86702e+06	0
2.86712e+06	0
2.86722e+06	0
2.86732e+06	0
2.86742e+06	0
2.86752e+06	0
2.86762e+06	0
2.86772e+06	0
2.86782e+06	0
2.86792e+06	0
2.86802e+06	0
2.86812e+06	0
2.86822e+06	0
2.86832e+06	0
2.86842e+06	0
2.86852e+06	0
2.86862e+06	0
2.86872e+06	0
2.86882e+06	0
2.86892e+06	0
2.86902e+06	0
2.86912e+06	0
2.86922e+06	0
2.86932e+06	0
2.86942e+06	0
2.86952e+06	0
2.86962e+06	0
2.86972e+06	0
2.86982e+06	0
2.86992e+06	0
2.87002e+06	0
2.87012e+06	0
2.87022e+06	0
2.87032e+06	0
2.87042e+06	0
2.87052e+06	0
2.87062e+06	0
2.87072e+06	0
2.87082e+06	0
2.87092e+06	0
2.87102e+06	0
2.87112e+06	0
2.87122e+06	0
2.87132e+06	0
2.87142e+06	0
2.87152e+06	0
2.87162e+06	0
2.87172e+06	0
2.87182e+06	0
2.87192e+06	0
2.87202e+06	0
2.87212e+06	0
2.87222e+06	0
2.87232e+06	0
2.87242e+06	0
2.87252e+06	0
2.87262e+06	0
2.87272e+06	0
2.87282e+06	0
2.87292e+06	0
2.87302e+06	0
2.87312e+06	0
2.87322e+06	0
2.87332e+06	0
2.87342e+06	0
2.87352e+06	0
2.87362e+06	0
2.87372e+06	0
2.87382e+06	0
2.87392e+06	0
2.87402e+06	0
2.87412e+06	0
2.87422e+06	0
2.87432e+06	0
2.87442e+06	0
2.87452e+06	0
2.87462e+06	0
2.87472e+06	0
2.87482e+06	0
2.87492e+06	0
2.87502e+06	0
2.87512e+06	0
2.87522e+06	0
2.87532e+06	0
2.87542e+06	0
2.87552e+06	0
2.87562e+06	0
2.87572e+06	0
2.87582e+06	0
2.87592e+06	0
2.87602e+06	0
2.87612e+06	0
2.87622e+06	0
2.87632e+06	0
2.87642e+06	0
2.87652e+06	0
2.87662e+06	0
2.87672e+06	0
2.87682e+06	0
2.87692e+06	0
2.87702e+06	0
2.87712e+06	0
2.87722e+06	0
2.87732e+06	0
2.87742e+06	0
2.87752e+06	0
2.87762e+06	0
2.87772e+06	0
2.87782e+06	0
2.87792e+06	0
2.87802e+06	0
2.87812e+06	0
2.87822e+06	0
2.87832e+06	0
2.87842e+06	0
2.87852e+06	0
2.87862e+06	0
2.87872e+06	0
2.87882e+06	0
2.87892e+06	0
2.87902e+06	0
2.87912e+06	0
2.87922e+06	0
2.87932e+06	0
2.87942e+06	0
2.87952e+06	0
2.87962e+06	0
2.87972e+06	0
2.87982e+06	0
2.87992e+06	0
2.88002e+06	0
2.88012e+06	0
2.88022e+06	0
2.88032e+06	0
2.88042e+06	0
2.88052e+06	0
2.88062e+06	0
2.88072e+06	0
2.88082e+06	0
2.88092e+06	0
2.88102e+06	0
2.88112e+06	0
2.88122e+06	0
2.88132e+06	0
2.88142e+06	0
2.88152e+06	0
2.88162e+06	0
2.88172e+06	0
2.88182e+06	0
2.88192e+06	0
2.88202e+06	0
2.88212e+06	0
2.88222e+06	0
2.88232e+06	0
2.88242e+06	0
2.88252e+06	0
2.88262e+06	0
2.88272e+06	0
2.88282e+06	0
2.88292e+06	0
2.88302e+06	0
2.88312e+06	0
2.88322e+06	0
2.88332e+06	0
2.88342e+06	0
2.88352e+06	0
2.88362e+06	0
2.88372e+06	0
2.88382e+06	0
2.88392e+06	0
2.88402e+06	0
2.88412e+06	0
2.88422e+06	0
2.88432e+06	0
2.88442e+06	0
2.88452e+06	0
2.88462e+06	0
2.88472e+06	0
2.88482e+06	0
2.88492e+06	0
2.88502e+06	0
2.88512e+06	0
2.88522e+06	0
2.88532e+06	0
2.88542e+06	0
2.88552e+06	0
2.88562e+06	0
2.88572e+06	0
2.88582e+06	0
2.88592e+06	0
2.88602e+06	0
2.88612e+06	0
2.88622e+06	0
2.88632e+06	0
2.88642e+06	0
2.88652e+06	0
2.88662e+06	0
2.88672e+06	0
2.88682e+06	0
2.88692e+06	0
2.88702e+06	0
2.88712e+06	0
2.88722e+06	0
2.88732e+06	0
2.88742e+06	0
2.88752e+06	0
2.88762e+06	0
2.88772e+06	0
2.88782e+06	0
2.88792e+06	0
2.88802e+06	0
2.88812e+06	0
2.88822e+06	0
2.88832e+06	0
2.88842e+06	0
2.88852e+06	0
2.88862e+06	0
2.88872e+06	0
2.88882e+06	0
2.88892e+06	0
2.88902e+06	0
2.88912e+06	0
2.88922e+06	0
2.88932e+06	0
2.88942e+06	0
2.88952e+06	0
2.88962e+06	0
2.88972e+06	0
2.88982e+06	0
2.88992e+06	0
2.89002e+06	0
2.89012e+06	0
2.89022e+06	0
2.89032e+06	0
2.89042e+06	0
2.89052e+06	0
2.89062e+06	0
2.89072e+06	0
2.89082e+06	0
2.89092e+06	0
2.89102e+06	0
2.89112e+06	0
2.89122e+06	0
2.89132e+06	0
2.89142e+06	0
2.89152e+06	0
2.89162e+06	0
2.89172e+06	0
2.89182e+06	0
2.89192e+06	0
2.89202e+06	0
2.89212e+06	0
2.89222e+06	0
2.89232e+06	0
2.89242e+06	0
2.89252e+06	0
2.89262e+06	0
2.89272e+06	0
2.89282e+06	0
2.89292e+06	0
2.89302e+06	0
2.89312e+06	0
2.89322e+06	0
2.89332e+06	0
2.89342e+06	0
2.89352e+06	0
2.89362e+06	0
2.89372e+06	0
2.89382e+06	0
2.89392e+06	0
2.89402e+06	0
2.89412e+06	0
2.89422e+06	0
2.89432e+06	0
2.89442e+06	0
2.89452e+06	0
2.89462e+06	0
2.89472e+06	0
2.89482e+06	0
2.89492e+06	0
2.89502e+06	0
2.89512e+06	0
2.89522e+06	0
2.89532e+06	0
2.89542e+06	0
2.89552e+06	0
2.89562e+06	0
2.89572e+06	0
2.89582e+06	0
2.89592e+06	0
2.89602e+06	0
2.89612e+06	0
2.89622e+06	0
2.89632e+06	0
2.89642e+06	0
2.89652e+06	0
2.89662e+06	0
2.89672e+06	0
2.89682e+06	0
2.89692e+06	0
2.89702e+06	0
2.89712e+06	0
2.89722e+06	0
2.89732e+06	0
2.89742e+06	0
2.89752e+06	0
2.89762e+06	0
2.89772e+06	0
2.89782e+06	0
2.89792e+06	0
2.89802e+06	0
2.89812e+06	0
2.89822e+06	0
2.89832e+06	0
2.89842e+06	0
2.89852e+06	0
2.89862e+06	0
2.89872e+06	0
2.89882e+06	0
2.89892e+06	0
2.89902e+06	0
2.89912e+06	0
2.89922e+06	0
2.89932e+06	0
2.89942e+06	0
2.89952e+06	0
2.89962e+06	0
2.89972e+06	0
2.89982e+06	0
2.89992e+06	0
2.90002e+06	0
2.90012e+06	0
2.90022e+06	0
2.90032e+06	0
2.90042e+06	0
2.90052e+06	0
2.90062e+06	0
2.90072e+06	0
2.90082e+06	0
2.90092e+06	0
2.90102e+06	0
2.90112e+06	0
2.90122e+06	0
2.90132e+06	0
2.90142e+06	0
2.90152e+06	0
2.90162e+06	0
2.90172e+06	0
2.90182e+06	0
2.90192e+06	0
2.90202e+06	0
2.90212e+06	0
2.90222e+06	0
2.90232e+06	0
2.90242e+06	0
2.90252e+06	0
2.90262e+06	0
2.90272e+06	0
2.90282e+06	0
2.90292e+06	0
2.90302e+06	0
2.90312e+06	0
2.90322e+06	0
2.90332e+06	0
2.90342e+06	0
2.90352e+06	0
2.90362e+06	0
2.90372e+06	0
2.90382e+06	0
2.90392e+06	0
2.90402e+06	0
2.90412e+06	0
2.90422e+06	0
2.90432e+06	0
2.90442e+06	0
2.90452e+06	0
2.90462e+06	0
2.90472e+06	0
2.90482e+06	0
2.90492e+06	0
2.90502e+06	0
2.90512e+06	0
2.90522e+06	0
2.90532e+06	0
2.90542e+06	0
2.90552e+06	0
2.90562e+06	0
2.90572e+06	0
2.90582e+06	0
2.90592e+06	0
2.90602e+06	0
2.90612e+06	0
2.90622e+06	0
2.90632e+06	0
2.90642e+06	0
2.90652e+06	0
2.90662e+06	0
2.90672e+06	0
2.90682e+06	0
2.90692e+06	0
2.90702e+06	0
2.90712e+06	0
2.90722e+06	0
2.90732e+06	0
2.90742e+06	0
2.90752e+06	0
2.90762e+06	0
2.90772e+06	0
2.90782e+06	0
2.90792e+06	0
2.90802e+06	0
2.90812e+06	0
2.90822e+06	0
2.90832e+06	0
2.90842e+06	0
2.90852e+06	0
2.90862e+06	0
2.90872e+06	0
2.90882e+06	0
2.90892e+06	0
2.90902e+06	0
2.90912e+06	0
2.90922e+06	0
2.90932e+06	0
2.90942e+06	0
2.90952e+06	0
2.90962e+06	0
2.90972e+06	0
2.90982e+06	0
2.90992e+06	0
2.91002e+06	0
2.91012e+06	0
2.91022e+06	0
2.91032e+06	0
2.91042e+06	0
2.91052e+06	0
2.91062e+06	0
2.91072e+06	0
2.91082e+06	0
2.91092e+06	0
2.91102e+06	0
2.91112e+06	0
2.91122e+06	0
2.91132e+06	0
2.91142e+06	0
2.91152e+06	0
2.91162e+06	0
2.91172e+06	0
2.91182e+06	0
2.91192e+06	0
2.91202e+06	0
2.91212e+06	0
2.91222e+06	0
2.91232e+06	0
2.91242e+06	0
2.91252e+06	0
2.91262e+06	0
2.91272e+06	0
2.91282e+06	0
2.91292e+06	0
2.91302e+06	0
2.91312e+06	0
2.91322e+06	0
2.91332e+06	0
2.91342e+06	0
2.91352e+06	0
2.91362e+06	0
2.91372e+06	0
2.91382e+06	0
2.91392e+06	0
2.91402e+06	0
2.91412e+06	0
2.91422e+06	0
2.91432e+06	0
2.91442e+06	0
2.91452e+06	0
2.91462e+06	0
2.91472e+06	0
2.91482e+06	0
2.91492e+06	0
2.91502e+06	0
2.91512e+06	0
2.91522e+06	0
2.91532e+06	0
2.91542e+06	0
2.91552e+06	0
2.91562e+06	0
2.91572e+06	0
2.91582e+06	0
2.91592e+06	0
2.91602e+06	0
2.91612e+06	0
2.91622e+06	0
2.91632e+06	0
2.91642e+06	0
2.91652e+06	0
2.91662e+06	0
2.91672e+06	0
2.91682e+06	0
2.91692e+06	0
2.91702e+06	0
2.91712e+06	0
2.91722e+06	0
2.91732e+06	0
2.91742e+06	0
2.91752e+06	0
2.91762e+06	0
2.91772e+06	0
2.91782e+06	0
2.91792e+06	0
2.91802e+06	0
2.91812e+06	0
2.91822e+06	0
2.91832e+06	0
2.91842e+06	0
2.91852e+06	0
2.91862e+06	0
2.91872e+06	0
2.91882e+06	0
2.91892e+06	0
2.91902e+06	0
2.91912e+06	0
2.91922e+06	0
2.91932e+06	0
2.91942e+06	0
2.91952e+06	0
2.91962e+06	0
2.91972e+06	0
2.91982e+06	0
2.91992e+06	0
2.92002e+06	0
2.92012e+06	0
2.92022e+06	0
2.92032e+06	0
2.92042e+06	0
2.92052e+06	0
2.92062e+06	0
2.92072e+06	0
2.92082e+06	0
2.92092e+06	0
2.92102e+06	0
2.92112e+06	0
2.92122e+06	0
2.92132e+06	0
2.92142e+06	0
2.92152e+06	0
2.92162e+06	0
2.92172e+06	0
2.92182e+06	0
2.92192e+06	0
2.92202e+06	0
2.92212e+06	0
2.92222e+06	0
2.92232e+06	0
2.92242e+06	0
2.92252e+06	0
2.92262e+06	0
2.92272e+06	0
2.92282e+06	0
2.92292e+06	0
2.92302e+06	0
2.92312e+06	0
2.92322e+06	0
2.92332e+06	0
2.92342e+06	0
2.92352e+06	0
2.92362e+06	0
2.92372e+06	0
2.92382e+06	0
2.92392e+06	0
2.92402e+06	0
2.92412e+06	0
2.92422e+06	0
2.92432e+06	0
2.92442e+06	0
2.92452e+06	0
2.92462e+06	0
2.92472e+06	0
2.92482e+06	0
2.92492e+06	0
2.92502e+06	0
2.92512e+06	0
2.92522e+06	0
2.92532e+06	0
2.92542e+06	0
2.92552e+06	0
2.92562e+06	0
2.92572e+06	0
2.92582e+06	0
2.92592e+06	0
2.92602e+06	0
2.92612e+06	0
2.92622e+06	0
2.92632e+06	0
2.92642e+06	0
2.92652e+06	0
2.92662e+06	0
2.92672e+06	0
2.92682e+06	0
2.92692e+06	0
2.92702e+06	0
2.92712e+06	0
2.92722e+06	0
2.92732e+06	0
2.92742e+06	0
2.92752e+06	0
2.92762e+06	0
2.92772e+06	0
2.92782e+06	0
2.92792e+06	0
2.92802e+06	0
2.92812e+06	0
2.92822e+06	0
2.92832e+06	0
2.92842e+06	0
2.92852e+06	0
2.92862e+06	0
2.92872e+06	0
2.92882e+06	0
2.92892e+06	0
2.92902e+06	0
2.92912e+06	0
2.92922e+06	0
2.92932e+06	0
2.92942e+06	0
2.92952e+06	0
2.92962e+06	0
2.92972e+06	0
2.92982e+06	0
2.92992e+06	0
2.93002e+06	0
2.93012e+06	0
2.93022e+06	0
2.93032e+06	0
2.93042e+06	0
2.93052e+06	0
2.93062e+06	0
2.93072e+06	0
2.93082e+06	0
2.93092e+06	0
2.93102e+06	0
2.93112e+06	0
2.93122e+06	0
2.93132e+06	0
2.93142e+06	0
2.93152e+06	0
2.93162e+06	0
2.93172e+06	0
2.93182e+06	0
2.93192e+06	0
2.93202e+06	0
2.93212e+06	0
2.93222e+06	0
2.93232e+06	0
2.93242e+06	0
2.93252e+06	0
2.93262e+06	0
2.93272e+06	0
2.93282e+06	0
2.93292e+06	0
2.93302e+06	0
2.93312e+06	0
2.93322e+06	0
2.93332e+06	0
2.93342e+06	0
2.93352e+06	0
2.93362e+06	0
2.93372e+06	0
2.93382e+06	0
2.93392e+06	0
2.93402e+06	0
2.93412e+06	0
2.93422e+06	0
2.93432e+06	0
2.93442e+06	0
2.93452e+06	0
2.93462e+06	0
2.93472e+06	0
2.93482e+06	0
2.93492e+06	0
2.93502e+06	0
2.93512e+06	0
2.93522e+06	0
2.93532e+06	0
2.93542e+06	0
2.93552e+06	0
2.93562e+06	0
2.93572e+06	0
2.93582e+06	0
2.93592e+06	0
2.93602e+06	0
2.93612e+06	0
2.93622e+06	0
2.93632e+06	0
2.93642e+06	0
2.93652e+06	0
2.93662e+06	0
2.93672e+06	0
2.93682e+06	0
2.93692e+06	0
2.93702e+06	0
2.93712e+06	0
2.93722e+06	0
2.93732e+06	0
2.93742e+06	0
2.93752e+06	0
2.93762e+06	0
2.93772e+06	0
2.93782e+06	0
2.93792e+06	0
2.93802e+06	0
2.93812e+06	0
2.93822e+06	0
2.93832e+06	0
2.93842e+06	0
2.93852e+06	0
2.93862e+06	0
2.93872e+06	0
2.93882e+06	0
2.93892e+06	0
2.93902e+06	0
2.93912e+06	0
2.93922e+06	0
2.93932e+06	0
2.93942e+06	0
2.93952e+06	0
2.93962e+06	0
2.93972e+06	0
2.93982e+06	0
2.93992e+06	0
2.94002e+06	0
2.94012e+06	0
2.94022e+06	0
2.94032e+06	0
2.94042e+06	0
2.94052e+06	0
2.94062e+06	0
2.94072e+06	0
2.94082e+06	0
2.94092e+06	0
2.94102e+06	0
2.94112e+06	0
2.94122e+06	0
2.94132e+06	0
2.94142e+06	0
2.94152e+06	0
2.94162e+06	0
2.94172e+06	0
2.94182e+06	0
2.94192e+06	0
2.94202e+06	0
2.94212e+06	0
2.94222e+06	0
2.94232e+06	0
2.94242e+06	0
2.94252e+06	0
2.94262e+06	0
2.94272e+06	0
2.94282e+06	0
2.94292e+06	0
2.94302e+06	0
2.94312e+06	0
2.94322e+06	0
2.94332e+06	0
2.94342e+06	0
2.94352e+06	0
2.94362e+06	0
2.94372e+06	0
2.94382e+06	0
2.94392e+06	0
2.94402e+06	0
2.94412e+06	0
2.94422e+06	0
2.94432e+06	0
2.94442e+06	0
2.94452e+06	0
2.94462e+06	0
2.94472e+06	0
2.94482e+06	0
2.94492e+06	0
2.94502e+06	0
2.94512e+06	0
2.94522e+06	0
2.94532e+06	0
2.94542e+06	0
2.94552e+06	0
2.94562e+06	0
2.94572e+06	0
2.94582e+06	0
2.94592e+06	0
2.94602e+06	0
2.94612e+06	0
2.94622e+06	0
2.94632e+06	0
2.94642e+06	0
2.94652e+06	0
2.94662e+06	0
2.94672e+06	0
2.94682e+06	0
2.94692e+06	0
2.94702e+06	0
2.94712e+06	0
2.94722e+06	0
2.94732e+06	0
2.94742e+06	0
2.94752e+06	0
2.94762e+06	0
2.94772e+06	0
2.94782e+06	0
2.94792e+06	0
2.94802e+06	0
2.94812e+06	0
2.94822e+06	0
2.94832e+06	0
2.94842e+06	0
2.94852e+06	0
2.94862e+06	0
2.94872e+06	0
2.94882e+06	0
2.94892e+06	0
2.94902e+06	0
2.94912e+06	0
2.94922e+06	0
2.94932e+06	0
2.94942e+06	0
2.94952e+06	0
2.94962e+06	0
2.94972e+06	0
2.94982e+06	0
2.94992e+06	0
2.95002e+06	0
2.95012e+06	0
2.95022e+06	0
2.95032e+06	0
2.95042e+06	0
2.95052e+06	0
2.95062e+06	0
2.95072e+06	0
2.95082e+06	0
2.95092e+06	0
2.95102e+06	0
2.95112e+06	0
2.95122e+06	0
2.95132e+06	0
2.95142e+06	0
2.95152e+06	0
2.95162e+06	0
2.95172e+06	0
2.95182e+06	0
2.95192e+06	0
2.95202e+06	0
2.95212e+06	0
2.95222e+06	0
2.95232e+06	0
2.95242e+06	0
2.95252e+06	0
2.95262e+06	0
2.95272e+06	0
2.95282e+06	0
2.95292e+06	0
2.95302e+06	0
2.95312e+06	0
2.95322e+06	0
2.95332e+06	0
2.95342e+06	0
2.95352e+06	0
2.95362e+06	0
2.95372e+06	0
2.95382e+06	0
2.95392e+06	0
2.95402e+06	0
2.95412e+06	0
2.95422e+06	0
2.95432e+06	0
2.95442e+06	0
2.95452e+06	0
2.95462e+06	0
2.95472e+06	0
2.95482e+06	0
2.95492e+06	0
2.95502e+06	0
2.95512e+06	0
2.95522e+06	0
2.95532e+06	0
2.95542e+06	0
2.95552e+06	0
2.95562e+06	0
2.95572e+06	0
2.95582e+06	0
2.95592e+06	0
2.95602e+06	0
2.95612e+06	0
2.95622e+06	0
2.95632e+06	0
2.95642e+06	0
2.95652e+06	0
2.95662e+06	0
2.95672e+06	0
2.95682e+06	0
2.95692e+06	0
2.95702e+06	0
2.95712e+06	0
2.95722e+06	0
2.95732e+06	0
2.95742e+06	0
2.95752e+06	0
2.95762e+06	0
2.95772e+06	0
2.95782e+06	0
2.95792e+06	0
2.95802e+06	0
2.95812e+06	0
2.95822e+06	0
2.95832e+06	0
2.95842e+06	0
2.95852e+06	0
2.95862e+06	0
2.95872e+06	0
2.95882e+06	0
2.95892e+06	0
2.95902e+06	0
2.95912e+06	0
2.95922e+06	0
2.95932e+06	0
2.95942e+06	0
2.95952e+06	0
2.95962e+06	0
2.95972e+06	0
2.95982e+06	0
2.95992e+06	0
2.96002e+06	0
2.96012e+06	0
2.96022e+06	0
2.96032e+06	0
2.96042e+06	0
2.96052e+06	0
2.96062e+06	0
2.96072e+06	0
2.96082e+06	0
2.96092e+06	0
2.96102e+06	0
2.96112e+06	0
2.96122e+06	0
2.96132e+06	0
2.96142e+06	0
2.96152e+06	0
2.96162e+06	0
2.96172e+06	0
2.96182e+06	0
2.96192e+06	0
2.96202e+06	0
2.96212e+06	0
2.96222e+06	0
2.96232e+06	0
2.96242e+06	0
2.96252e+06	0
2.96262e+06	0
2.96272e+06	0
2.96282e+06	0
2.96292e+06	0
2.96302e+06	0
2.96312e+06	0
2.96322e+06	0
2.96332e+06	0
2.96342e+06	0
2.96352e+06	0
2.96362e+06	0
2.96372e+06	0
2.96382e+06	0
2.96392e+06	0
2.96402e+06	0
2.96412e+06	0
2.96422e+06	0
2.96432e+06	0
2.96442e+06	0
2.96452e+06	0
2.96462e+06	0
2.96472e+06	0
2.96482e+06	0
2.96492e+06	0
2.96502e+06	0
2.96512e+06	0
2.96522e+06	0
2.96532e+06	0
2.96542e+06	0
2.96552e+06	0
2.96562e+06	0
2.96572e+06	0
2.96582e+06	0
2.96592e+06	0
2.96602e+06	0
2.96612e+06	0
2.96622e+06	0
2.96632e+06	0
2.96642e+06	0
2.96652e+06	0
2.96662e+06	0
2.96672e+06	0
2.96682e+06	0
2.96692e+06	0
2.96702e+06	0
2.96712e+06	0
2.96722e+06	0
2.96732e+06	0
2.96742e+06	0
2.96752e+06	0
2.96762e+06	0
2.96772e+06	0
2.96782e+06	0
2.96792e+06	0
2.96802e+06	0
2.96812e+06	0
2.96822e+06	0
2.96832e+06	0
2.96842e+06	0
2.96852e+06	0
2.96862e+06	0
2.96872e+06	0
2.96882e+06	0
2.96892e+06	0
2.96902e+06	0
2.96912e+06	0
2.96922e+06	0
2.96932e+06	0
2.96942e+06	0
2.96952e+06	0
2.96962e+06	0
2.96972e+06	0
2.96982e+06	0
2.96992e+06	0
2.97002e+06	0
2.97012e+06	0
2.97022e+06	0
2.97032e+06	0
2.97042e+06	0
2.97052e+06	0
2.97062e+06	0
2.97072e+06	0
2.97082e+06	0
2.97092e+06	0
2.97102e+06	0
2.97112e+06	0
2.97122e+06	0
2.97132e+06	0
2.97142e+06	0
2.97152e+06	0
2.97162e+06	0
2.97172e+06	0
2.97182e+06	0
2.97192e+06	0
2.97202e+06	0
2.97212e+06	0
2.97222e+06	0
2.97232e+06	0
2.97242e+06	0
2.97252e+06	0
2.97262e+06	0
2.97272e+06	0
2.97282e+06	0
2.97292e+06	0
2.97302e+06	0
2.97312e+06	0
2.97322e+06	0
2.97332e+06	0
2.97342e+06	0
2.97352e+06	0
2.97362e+06	0
2.97372e+06	0
2.97382e+06	0
2.97392e+06	0
2.97402e+06	0
2.97412e+06	0
2.97422e+06	0
2.97432e+06	0
2.97442e+06	0
2.97452e+06	0
2.97462e+06	0
2.97472e+06	0
2.97482e+06	0
2.97492e+06	0
2.97502e+06	0
2.97512e+06	0
2.97522e+06	0
2.97532e+06	0
2.97542e+06	0
2.97552e+06	0
2.97562e+06	0
2.97572e+06	0
2.97582e+06	0
2.97592e+06	0
2.97602e+06	0
2.97612e+06	0
2.97622e+06	0
2.97632e+06	0
2.97642e+06	0
2.97652e+06	0
2.97662e+06	0
2.97672e+06	0
2.97682e+06	0
2.97692e+06	0
2.97702e+06	0
2.97712e+06	0
2.97722e+06	0
2.97732e+06	0
2.97742e+06	0
2.97752e+06	0
2.97762e+06	0
2.97772e+06	0
2.97782e+06	0
2.97792e+06	0
2.97802e+06	0
2.97812e+06	0
2.97822e+06	0
2.97832e+06	0
2.97842e+06	0
2.97852e+06	0
2.97862e+06	0
2.97872e+06	0
2.97882e+06	0
2.97892e+06	0
2.97902e+06	0
2.97912e+06	0
2.97922e+06	0
2.97932e+06	0
2.97942e+06	0
2.97952e+06	0
2.97962e+06	0
2.97972e+06	0
2.97982e+06	0
2.97992e+06	0
2.98002e+06	0
2.98012e+06	0
2.98022e+06	0
2.98032e+06	0
2.98042e+06	0
2.98052e+06	0
2.98062e+06	0
2.98072e+06	0
2.98082e+06	0
2.98092e+06	0
2.98102e+06	0
2.98112e+06	0
2.98122e+06	0
2.98132e+06	0
2.98142e+06	0
2.98152e+06	0
2.98162e+06	0
2.98172e+06	0
2.98182e+06	0
2.98192e+06	0
2.98202e+06	0
2.98212e+06	0
2.98222e+06	0
2.98232e+06	0
2.98242e+06	0
2.98252e+06	0
2.98262e+06	0
2.98272e+06	0
2.98282e+06	0
2.98292e+06	0
2.98302e+06	0
2.98312e+06	0
2.98322e+06	0
2.98332e+06	0
2.98342e+06	0
2.98352e+06	0
2.98362e+06	0
2.98372e+06	0
2.98382e+06	0
2.98392e+06	0
2.98402e+06	0
2.98412e+06	0
2.98422e+06	0
2.98432e+06	0
2.98442e+06	0
2.98452e+06	0
2.98462e+06	0
2.98472e+06	0
2.98482e+06	0
2.98492e+06	0
2.98502e+06	0
2.98512e+06	0
2.98522e+06	0
2.98532e+06	0
2.98542e+06	0
2.98552e+06	0
2.98562e+06	0
2.98572e+06	0
2.98582e+06	0
2.98592e+06	0
2.98602e+06	0
2.98612e+06	0
2.98622e+06	0
2.98632e+06	0
2.98642e+06	0
2.98652e+06	0
2.98662e+06	0
2.98672e+06	0
2.98682e+06	0
2.98692e+06	0
2.98702e+06	0
2.98712e+06	0
2.98722e+06	0
2.98732e+06	0
2.98742e+06	0
2.98752e+06	0
2.98762e+06	0
2.98772e+06	0
2.98782e+06	0
2.98792e+06	0
2.98802e+06	0
2.98812e+06	0
2.98822e+06	0
2.98832e+06	0
2.98842e+06	0
2.98852e+06	0
2.98862e+06	0
2.98872e+06	0
2.98882e+06	0
2.98892e+06	0
2.98902e+06	0
2.98912e+06	0
2.98922e+06	0
2.98932e+06	0
2.98942e+06	0
2.98952e+06	0
2.98962e+06	0
2.98972e+06	0
2.98982e+06	0
2.98992e+06	0
2.99002e+06	0
2.99012e+06	0
2.99022e+06	0
2.99032e+06	0
2.99042e+06	0
2.99052e+06	0
2.99062e+06	0
2.99072e+06	0
2.99082e+06	0
2.99092e+06	0
2.99102e+06	0
2.99112e+06	0
2.99122e+06	0
2.99132e+06	0
2.99142e+06	0
2.99152e+06	0
2.99162e+06	0
2.99172e+06	0
2.99182e+06	0
2.99192e+06	0
2.99202e+06	0
2.99212e+06	0
2.99222e+06	0
2.99232e+06	0
2.99242e+06	0
2.99252e+06	0
2.99262e+06	0
2.99272e+06	0
2.99282e+06	0
2.99292e+06	0
2.99302e+06	0
2.99312e+06	0
2.99322e+06	0
2.99332e+06	0
2.99342e+06	0
2.99352e+06	0
2.99362e+06	0
2.99372e+06	0
2.99382e+06	0
2.99392e+06	0
2.99402e+06	0
2.99412e+06	0
2.99422e+06	0
2.99432e+06	0
2.99442e+06	0
2.99452e+06	0
2.99462e+06	0
2.99472e+06	0
2.99482e+06	0
2.99492e+06	0
2.99502e+06	0
2.99512e+06	0
2.99522e+06	0
2.99532e+06	0
2.99542e+06	0
2.99552e+06	0
2.99562e+06	0
2.99572e+06	0
2.99582e+06	0
2.99592e+06	0
2.99602e+06	0
2.99612e+06	0
2.99622e+06	0
2.99632e+06	0
2.99642e+06	0
2.99652e+06	0
2.99662e+06	0
2.99672e+06	0
2.99682e+06	0
2.99692e+06	0
2.99702e+06	0
2.99712e+06	0
2.99722e+06	0
2.99732e+06	0
2.99742e+06	0
2.99752e+06	0
2.99762e+06	0
2.99772e+06	0
2.99782e+06	0
2.99792e+06	0
2.99802e+06	0
2.99812e+06	0
2.99822e+06	0
2.99832e+06	0
2.99842e+06	0
2.99852e+06	0
2.99862e+06	0
2.99872e+06	0
2.99882e+06	0
2.99892e+06	0
2.99902e+06	0
2.99912e+06	0
2.99922e+06	0
2.99932e+06	0
2.99942e+06	0
2.99952e+06	0
2.99962e+06	0
2.99972e+06	0
2.99982e+06	0
2.99992e+06	0
3.00002e+06	0
3.00012e+06	0
3.00022e+06	0
3.00032e+06	0
3.00042e+06	0
3.00052e+06	0
3.00062e+06	0
3.00072e+06	0
3.00082e+06	0
3.00092e+06	0
3.00102e+06	0
3.00112e+06	0
3.00122e+06	0
3.00132e+06	0
3.00142e+06	0
3.00152e+06	0
3.00162e+06	0
3.00172e+06	0
3.00182e+06	0
3.00192e+06	0
3.00202e+06	0
3.00212e+06	0
3.00222e+06	0
3.00232e+06	0
3.00242e+06	0
3.00252e+06	0
3.00262e+06	0
3.00272e+06	0
3.00282e+06	0
3.00292e+06	0
3.00302e+06	0
3.00312e+06	0
3.00322e+06	0
3.00332e+06	0
3.00342e+06	0
3.00352e+06	0
3.00362e+06	0
3.00372e+06	0
3.00382e+06	0
3.00392e+06	0
3.00402e+06	0
3.00412e+06	0
3.00422e+06	0
3.00432e+06	0
3.00442e+06	0
3.00452e+06	0
3.00462e+06	0
3.00472e+06	0
3.00482e+06	0
3.00492e+06	0
3.00502e+06	0
3.00512e+06	0
3.00522e+06	0
3.00532e+06	0
3.00542e+06	0
3.00552e+06	0
3.00562e+06	0
3.00572e+06	0
3.00582e+06	0
3.00592e+06	0
3.00602e+06	0
3.00612e+06	0
3.00622e+06	0
3.00632e+06	0
3.00642e+06	0
3.00652e+06	0
3.00662e+06	0
3.00672e+06	0
3.00682e+06	0
3.00692e+06	0
3.00702e+06	0
3.00712e+06	0
3.00722e+06	0
3.00732e+06	0
3.00742e+06	0
3.00752e+06	0
3.00762e+06	0
3.00772e+06	0
3.00782e+06	0
3.00792e+06	0
3.00802e+06	0
3.00812e+06	0
3.00822e+06	0
3.00832e+06	0
3.00842e+06	0
3.00852e+06	0
3.00862e+06	0
3.00872e+06	0
3.00882e+06	0
3.00892e+06	0
3.00902e+06	0
3.00912e+06	0
3.00922e+06	0
3.00932e+06	0
3.00942e+06	0
3.00952e+06	0
3.00962e+06	0
3.00972e+06	0
3.00982e+06	0
3.00992e+06	0
3.01002e+06	0
3.01012e+06	0
3.01022e+06	0
3.01032e+06	0
3.01042e+06	0
3.01052e+06	0
3.01062e+06	0
3.01072e+06	0
3.01082e+06	0
3.01092e+06	0
3.01102e+06	0
3.01112e+06	0
3.01122e+06	0
3.01132e+06	0
3.01142e+06	0
3.01152e+06	0
3.01162e+06	0
3.01172e+06	0
3.01182e+06	0
3.01192e+06	0
3.01202e+06	0
3.01212e+06	0
3.01222e+06	0
3.01232e+06	0
3.01242e+06	0
3.01252e+06	0
3.01262e+06	0
3.01272e+06	0
3.01282e+06	0
3.01292e+06	0
3.01302e+06	0
3.01312e+06	0
3.01322e+06	0
3.01332e+06	0
3.01342e+06	0
3.01352e+06	0
3.01362e+06	0
3.01372e+06	0
3.01382e+06	0
3.01392e+06	0
3.01402e+06	0
3.01412e+06	0
3.01422e+06	0
3.01432e+06	0
3.01442e+06	0
3.01452e+06	0
3.01462e+06	0
3.01472e+06	0
3.01482e+06	0
3.01492e+06	0
3.01502e+06	0
3.01512e+06	0
3.01522e+06	0
3.01532e+06	0
3.01542e+06	0
3.01552e+06	0
3.01562e+06	0
3.01572e+06	0
3.01582e+06	0
3.01592e+06	0
3.01602e+06	0
3.01612e+06	0
3.01622e+06	0
3.01632e+06	0
3.01642e+06	0
3.01652e+06	0
3.01662e+06	0
3.01672e+06	0
3.01682e+06	0
3.01692e+06	0
3.01702e+06	0
3.01712e+06	0
3.01722e+06	0
3.01732e+06	0
3.01742e+06	0
3.01752e+06	0
3.01762e+06	0
3.01772e+06	0
3.01782e+06	0
3.01792e+06	0
3.01802e+06	0
3.01812e+06	0
3.01822e+06	0
3.01832e+06	0
3.01842e+06	0
3.01852e+06	0
3.01862e+06	0
3.01872e+06	0
3.01882e+06	0
3.01892e+06	0
3.01902e+06	0
3.01912e+06	0
3.01922e+06	0
3.01932e+06	0
3.01942e+06	0
3.01952e+06	0
3.01962e+06	0
3.01972e+06	0
3.01982e+06	0
3.01992e+06	0
3.02002e+06	0
3.02012e+06	0
3.02022e+06	0
3.02032e+06	0
3.02042e+06	0
3.02052e+06	0
3.02062e+06	0
3.02072e+06	0
3.02082e+06	0
3.02092e+06	0
3.02102e+06	0
3.02112e+06	0
3.02122e+06	0
3.02132e+06	0
3.02142e+06	0
3.02152e+06	0
3.02162e+06	0
3.02172e+06	0
3.02182e+06	0
3.02192e+06	0
3.02202e+06	0
3.02212e+06	0
3.02222e+06	0
3.02232e+06	0
3.02242e+06	0
3.02252e+06	0
3.02262e+06	0
3.02272e+06	0
3.02282e+06	0
3.02292e+06	0
3.02302e+06	0
3.02312e+06	0
3.02322e+06	0
3.02332e+06	0
3.02342e+06	0
3.02352e+06	0
3.02362e+06	0
3.02372e+06	0
3.02382e+06	0
3.02392e+06	0
3.02402e+06	0
3.02412e+06	0
3.02422e+06	0
3.02432e+06	0
3.02442e+06	0
3.02452e+06	0
3.02462e+06	0
3.02472e+06	0
3.02482e+06	0
3.02492e+06	0
3.02502e+06	0
3.02512e+06	0
3.02522e+06	0
3.02532e+06	0
3.02542e+06	0
3.02552e+06	0
3.02562e+06	0
3.02572e+06	0
3.02582e+06	0
3.02592e+06	0
3.02602e+06	0
3.02612e+06	0
3.02622e+06	0
3.02632e+06	0
3.02642e+06	0
3.02652e+06	0
3.02662e+06	0
3.02672e+06	0
3.02682e+06	0
3.02692e+06	0
3.02702e+06	0
3.02712e+06	0
3.02722e+06	0
3.02732e+06	0
3.02742e+06	0
3.02752e+06	0
3.02762e+06	0
3.02772e+06	0
3.02782e+06	0
3.02792e+06	0
3.02802e+06	0
3.02812e+06	0
3.02822e+06	0
3.02832e+06	0
3.02842e+06	0
3.02852e+06	0
3.02862e+06	0
3.02872e+06	0
3.02882e+06	0
3.02892e+06	0
3.02902e+06	0
3.02912e+06	0
3.02922e+06	0
3.02932e+06	0
3.02942e+06	0
3.02952e+06	0
3.02962e+06	0
3.02972e+06	0
3.02982e+06	0
3.02992e+06	0
3.03002e+06	0
3.03012e+06	0
3.03022e+06	0
3.03032e+06	0
3.03042e+06	0
3.03052e+06	0
3.03062e+06	0
3.03072e+06	0
3.03082e+06	0
3.03092e+06	0
3.03102e+06	0
3.03112e+06	0
3.03122e+06	0
3.03132e+06	0
3.03142e+06	0
3.03152e+06	0
3.03162e+06	0
3.03172e+06	0
3.03182e+06	0
3.03192e+06	0
3.03202e+06	0
3.03212e+06	0
3.03222e+06	0
3.03232e+06	0
3.03242e+06	0
3.03252e+06	0
3.03262e+06	0
3.03272e+06	0
3.03282e+06	0
3.03292e+06	0
3.03302e+06	0
3.03312e+06	0
3.03322e+06	0
3.03332e+06	0
3.03342e+06	0
3.03352e+06	0
3.03362e+06	0
3.03372e+06	0
3.03382e+06	0
3.03392e+06	0
3.03402e+06	0
3.03412e+06	0
3.03422e+06	0
3.03432e+06	0
3.03442e+06	0
3.03452e+06	0
3.03462e+06	0
3.03472e+06	0
3.03482e+06	0
3.03492e+06	0
3.03502e+06	0
3.03512e+06	0
3.03522e+06	0
3.03532e+06	0
3.03542e+06	0
3.03552e+06	0
3.03562e+06	0
3.03572e+06	0
3.03582e+06	0
3.03592e+06	0
3.03602e+06	0
3.03612e+06	0
3.03622e+06	0
3.03632e+06	0
3.03642e+06	0
3.03652e+06	0
3.03662e+06	0
3.03672e+06	0
3.03682e+06	0
3.03692e+06	0
3.03702e+06	0
3.03712e+06	0
3.03722e+06	0
3.03732e+06	0
3.03742e+06	0
3.03752e+06	0
3.03762e+06	0
3.03772e+06	0
3.03782e+06	0
3.03792e+06	0
3.03802e+06	0
3.03812e+06	0
3.03822e+06	0
3.03832e+06	0
3.03842e+06	0
3.03852e+06	0
3.03862e+06	0
3.03872e+06	0
3.03882e+06	0
3.03892e+06	0
3.03902e+06	0
3.03912e+06	0
3.03922e+06	0
3.03932e+06	0
3.03942e+06	0
3.03952e+06	0
3.03962e+06	0
3.03972e+06	0
3.03982e+06	0
3.03992e+06	0
3.04002e+06	0
3.04012e+06	0
3.04022e+06	0
3.04032e+06	0
3.04042e+06	0
3.04052e+06	0
3.04062e+06	0
3.04072e+06	0
3.04082e+06	0
3.04092e+06	0
3.04102e+06	0
3.04112e+06	0
3.04122e+06	0
3.04132e+06	0
3.04142e+06	0
3.04152e+06	0
3.04162e+06	0
3.04172e+06	0
3.04182e+06	0
3.04192e+06	0
3.04202e+06	0
3.04212e+06	0
3.04222e+06	0
3.04232e+06	0
3.04242e+06	0
3.04252e+06	0
3.04262e+06	0
3.04272e+06	0
3.04282e+06	0
3.04292e+06	0
3.04302e+06	0
3.04312e+06	0
3.04322e+06	0
3.04332e+06	0
3.04342e+06	0
3.04352e+06	0
3.04362e+06	0
3.04372e+06	0
3.04382e+06	0
3.04392e+06	0
3.04402e+06	0
3.04412e+06	0
3.04422e+06	0
3.04432e+06	0
3.04442e+06	0
3.04452e+06	0
3.04462e+06	0
3.04472e+06	0
3.04482e+06	0
3.04492e+06	0
3.04502e+06	0
3.04512e+06	0
3.04522e+06	0
3.04532e+06	0
3.04542e+06	0
3.04552e+06	0
3.04562e+06	0
3.04572e+06	0
3.04582e+06	0
3.04592e+06	0
3.04602e+06	0
3.04612e+06	0
3.04622e+06	0
3.04632e+06	0
3.04642e+06	0
3.04652e+06	0
3.04662e+06	0
3.04672e+06	0
3.04682e+06	0
3.04692e+06	0
3.04702e+06	0
3.04712e+06	0
3.04722e+06	0
3.04732e+06	0
3.04742e+06	0
3.04752e+06	0
3.04762e+06	0
3.04772e+06	0
3.04782e+06	0
3.04792e+06	0
3.04802e+06	0
3.04812e+06	0
3.04822e+06	0
3.04832e+06	0
3.04842e+06	0
3.04852e+06	0
3.04862e+06	0
3.04872e+06	0
3.04882e+06	0
3.04892e+06	0
3.04902e+06	0
3.04912e+06	0
3.04922e+06	0
3.04932e+06	0
3.04942e+06	0
3.04952e+06	0
3.04962e+06	0
3.04972e+06	0
3.04982e+06	0
3.04992e+06	0
3.05002e+06	0
3.05012e+06	0
3.05022e+06	0
3.05032e+06	0
3.05042e+06	0
3.05052e+06	0
3.05062e+06	0
3.05072e+06	0
3.05082e+06	0
3.05092e+06	0
3.05102e+06	0
3.05112e+06	0
3.05122e+06	0
3.05132e+06	0
3.05142e+06	0
3.05152e+06	0
3.05162e+06	0
3.05172e+06	0
3.05182e+06	0
3.05192e+06	0
3.05202e+06	0
3.05212e+06	0
3.05222e+06	0
3.05232e+06	0
3.05242e+06	0
3.05252e+06	0
3.05262e+06	0
3.05272e+06	0
3.05282e+06	0
3.05292e+06	0
3.05302e+06	0
3.05312e+06	0
3.05322e+06	0
3.05332e+06	0
3.05342e+06	0
3.05352e+06	0
3.05362e+06	0
3.05372e+06	0
3.05382e+06	0
3.05392e+06	0
3.05402e+06	0
3.05412e+06	0
3.05422e+06	0
3.05432e+06	0
3.05442e+06	0
3.05452e+06	0
3.05462e+06	0
3.05472e+06	0
3.05482e+06	0
3.05492e+06	0
3.05502e+06	0
3.05512e+06	0
3.05522e+06	0
3.05532e+06	0
3.05542e+06	0
3.05552e+06	0
3.05562e+06	0
3.05572e+06	0
3.05582e+06	0
3.05592e+06	0
3.05602e+06	0
3.05612e+06	0
3.05622e+06	0
3.05632e+06	0
3.05642e+06	0
3.05652e+06	0
3.05662e+06	0
3.05672e+06	0
3.05682e+06	0
3.05692e+06	0
3.05702e+06	0
3.05712e+06	0
3.05722e+06	0
3.05732e+06	0
3.05742e+06	0
3.05752e+06	0
3.05762e+06	0
3.05772e+06	0
3.05782e+06	0
3.05792e+06	0
3.05802e+06	0
3.05812e+06	0
3.05822e+06	0
3.05832e+06	0
3.05842e+06	0
3.05852e+06	0
3.05862e+06	0
3.05872e+06	0
3.05882e+06	0
3.05892e+06	0
3.05902e+06	0
3.05912e+06	0
3.05922e+06	0
3.05932e+06	0
3.05942e+06	0
3.05952e+06	0
3.05962e+06	0
3.05972e+06	0
3.05982e+06	0
3.05992e+06	0
3.06002e+06	0
3.06012e+06	0
3.06022e+06	0
3.06032e+06	0
3.06042e+06	0
3.06052e+06	0
3.06062e+06	0
3.06072e+06	0
3.06082e+06	0
3.06092e+06	0
3.06102e+06	0
3.06112e+06	0
3.06122e+06	0
3.06132e+06	0
3.06142e+06	0
3.06152e+06	0
3.06162e+06	0
3.06172e+06	0
3.06182e+06	0
3.06192e+06	0
3.06202e+06	0
3.06212e+06	0
3.06222e+06	0
3.06232e+06	0
3.06242e+06	0
3.06252e+06	0
3.06262e+06	0
3.06272e+06	0
3.06282e+06	0
3.06292e+06	0
3.06302e+06	0
3.06312e+06	0
3.06322e+06	0
3.06332e+06	0
3.06342e+06	0
3.06352e+06	0
3.06362e+06	0
3.06372e+06	0
3.06382e+06	0
3.06392e+06	0
3.06402e+06	0
3.06412e+06	0
3.06422e+06	0
3.06432e+06	0
3.06442e+06	0
3.06452e+06	0
3.06462e+06	0
3.06472e+06	0
3.06482e+06	0
3.06492e+06	0
3.06502e+06	0
3.06512e+06	0
3.06522e+06	0
3.06532e+06	0
3.06542e+06	0
3.06552e+06	0
3.06562e+06	0
3.06572e+06	0
3.06582e+06	0
3.06592e+06	0
3.06602e+06	0
3.06612e+06	0
3.06622e+06	0
3.06632e+06	0
3.06642e+06	0
3.06652e+06	0
3.06662e+06	0
3.06672e+06	0
3.06682e+06	0
3.06692e+06	0
3.06702e+06	0
3.06712e+06	0
3.06722e+06	0
3.06732e+06	0
3.06742e+06	0
3.06752e+06	0
3.06762e+06	0
3.06772e+06	0
3.06782e+06	0
3.06792e+06	0
3.06802e+06	0
3.06812e+06	0
3.06822e+06	0
3.06832e+06	0
3.06842e+06	0
3.06852e+06	0
3.06862e+06	0
3.06872e+06	0
3.06882e+06	0
3.06892e+06	0
3.06902e+06	0
3.06912e+06	0
3.06922e+06	0
3.06932e+06	0
3.06942e+06	0
3.06952e+06	0
3.06962e+06	0
3.06972e+06	0
3.06982e+06	0
3.06992e+06	0
3.07002e+06	0
3.07012e+06	0
3.07022e+06	0
3.07032e+06	0
3.07042e+06	0
3.07052e+06	0
3.07062e+06	0
3.07072e+06	0
3.07082e+06	0
3.07092e+06	0
3.07102e+06	0
3.07112e+06	0
3.07122e+06	0
3.07132e+06	0
3.07142e+06	0
3.07152e+06	0
3.07162e+06	0
3.07172e+06	0
3.07182e+06	0
3.07192e+06	0
3.07202e+06	0
3.07212e+06	0
3.07222e+06	0
3.07232e+06	0
3.07242e+06	0
3.07252e+06	0
3.07262e+06	0
3.07272e+06	0
3.07282e+06	0
3.07292e+06	0
3.07302e+06	0
3.07312e+06	0
3.07322e+06	0
3.07332e+06	0
3.07342e+06	0
3.07352e+06	0
3.07362e+06	0
3.07372e+06	0
3.07382e+06	0
3.07392e+06	0
3.07402e+06	0
3.07412e+06	0
3.07422e+06	0
3.07432e+06	0
3.07442e+06	0
3.07452e+06	0
3.07462e+06	0
3.07472e+06	0
3.07482e+06	0
3.07492e+06	0
3.07502e+06	0
3.07512e+06	0
3.07522e+06	0
3.07532e+06	0
3.07542e+06	0
3.07552e+06	0
3.07562e+06	0
3.07572e+06	0
3.07582e+06	0
3.07592e+06	0
3.07602e+06	0
3.07612e+06	0
3.07622e+06	0
3.07632e+06	0
3.07642e+06	0
3.07652e+06	0
3.07662e+06	0
3.07672e+06	0
3.07682e+06	0
3.07692e+06	0
3.07702e+06	0
3.07712e+06	0
3.07722e+06	0
3.07732e+06	0
3.07742e+06	0
3.07752e+06	0
3.07762e+06	0
3.07772e+06	0
3.07782e+06	0
3.07792e+06	0
3.07802e+06	0
3.07812e+06	0
3.07822e+06	0
3.07832e+06	0
3.07842e+06	0
3.07852e+06	0
3.07862e+06	0
3.07872e+06	0
3.07882e+06	0
3.07892e+06	0
3.07902e+06	0
3.07912e+06	0
3.07922e+06	0
3.07932e+06	0
3.07942e+06	0
3.07952e+06	0
3.07962e+06	0
3.07972e+06	0
3.07982e+06	0
3.07992e+06	0
3.08002e+06	0
3.08012e+06	0
3.08022e+06	0
3.08032e+06	0
3.08042e+06	0
3.08052e+06	0
3.08062e+06	0
3.08072e+06	0
3.08082e+06	0
3.08092e+06	0
3.08102e+06	0
3.08112e+06	0
3.08122e+06	0
3.08132e+06	0
3.08142e+06	0
3.08152e+06	0
3.08162e+06	0
3.08172e+06	0
3.08182e+06	0
3.08192e+06	0
3.08202e+06	0
3.08212e+06	0
3.08222e+06	0
3.08232e+06	0
3.08242e+06	0
3.08252e+06	0
3.08262e+06	0
3.08272e+06	0
3.08282e+06	0
3.08292e+06	0
3.08302e+06	0
3.08312e+06	0
3.08322e+06	0
3.08332e+06	0
3.08342e+06	0
3.08352e+06	0
3.08362e+06	0
3.08372e+06	0
3.08382e+06	0
3.08392e+06	0
3.08402e+06	0
3.08412e+06	0
3.08422e+06	0
3.08432e+06	0
3.08442e+06	0
3.08452e+06	0
3.08462e+06	0
3.08472e+06	0
3.08482e+06	0
3.08492e+06	0
3.08502e+06	0
3.08512e+06	0
3.08522e+06	0
3.08532e+06	0
3.08542e+06	0
3.08552e+06	0
3.08562e+06	0
3.08572e+06	0
3.08582e+06	0
3.08592e+06	0
3.08602e+06	0
3.08612e+06	0
3.08622e+06	0
3.08632e+06	0
3.08642e+06	0
3.08652e+06	0
3.08662e+06	0
3.08672e+06	0
3.08682e+06	0
3.08692e+06	0
3.08702e+06	0
3.08712e+06	0
3.08722e+06	0
3.08732e+06	0
3.08742e+06	0
3.08752e+06	0
3.08762e+06	0
3.08772e+06	0
3.08782e+06	0
3.08792e+06	0
3.08802e+06	0
3.08812e+06	0
3.08822e+06	0
3.08832e+06	0
3.08842e+06	0
3.08852e+06	0
3.08862e+06	0
3.08872e+06	0
3.08882e+06	0
3.08892e+06	0
3.08902e+06	0
3.08912e+06	0
3.08922e+06	0
3.08932e+06	0
3.08942e+06	0
3.08952e+06	0
3.08962e+06	0
3.08972e+06	0
3.08982e+06	0
3.08992e+06	0
3.09002e+06	0
3.09012e+06	0
3.09022e+06	0
3.09032e+06	0
3.09042e+06	0
3.09052e+06	0
3.09062e+06	0
3.09072e+06	0
3.09082e+06	0
3.09092e+06	0
3.09102e+06	0
3.09112e+06	0
3.09122e+06	0
3.09132e+06	0
3.09142e+06	0
3.09152e+06	0
3.09162e+06	0
3.09172e+06	0
3.09182e+06	0
3.09192e+06	0
3.09202e+06	0
3.09212e+06	0
3.09222e+06	0
3.09232e+06	0
3.09242e+06	0
3.09252e+06	0
3.09262e+06	0
3.09272e+06	0
3.09282e+06	0
3.09292e+06	0
3.09302e+06	0
3.09312e+06	0
3.09322e+06	0
3.09332e+06	0
3.09342e+06	0
3.09352e+06	0
3.09362e+06	0
3.09372e+06	0
3.09382e+06	0
3.09392e+06	0
3.09402e+06	0
3.09412e+06	0
3.09422e+06	0
3.09432e+06	0
3.09442e+06	0
3.09452e+06	0
3.09462e+06	0
3.09472e+06	0
3.09482e+06	0
3.09492e+06	0
3.09502e+06	0
3.09512e+06	0
3.09522e+06	0
3.09532e+06	0
3.09542e+06	0
3.09552e+06	0
3.09562e+06	0
3.09572e+06	0
3.09582e+06	0
3.09592e+06	0
3.09602e+06	0
3.09612e+06	0
3.09622e+06	0
3.09632e+06	0
3.09642e+06	0
3.09652e+06	0
3.09662e+06	0
3.09672e+06	0
3.09682e+06	0
3.09692e+06	0
3.09702e+06	0
3.09712e+06	0
3.09722e+06	0
3.09732e+06	0
3.09742e+06	0
3.09752e+06	0
3.09762e+06	0
3.09772e+06	0
3.09782e+06	0
3.09792e+06	0
3.09802e+06	0
3.09812e+06	0
3.09822e+06	0
3.09832e+06	0
3.09842e+06	0
3.09852e+06	0
3.09862e+06	0
3.09872e+06	0
3.09882e+06	0
3.09892e+06	0
3.09902e+06	0
3.09912e+06	0
3.09922e+06	0
3.09932e+06	0
3.09942e+06	0
3.09952e+06	0
3.09962e+06	0
3.09972e+06	0
3.09982e+06	0
3.09992e+06	0
3.10002e+06	0
3.10012e+06	0
3.10022e+06	0
3.10032e+06	0
3.10042e+06	0
3.10052e+06	0
3.10062e+06	0
3.10072e+06	0
3.10082e+06	0
3.10092e+06	0
3.10102e+06	0
3.10112e+06	0
3.10122e+06	0
3.10132e+06	0
3.10142e+06	0
3.10152e+06	0
3.10162e+06	0
3.10172e+06	0
3.10182e+06	0
3.10192e+06	0
3.10202e+06	0
3.10212e+06	0
3.10222e+06	0
3.10232e+06	0
3.10242e+06	0
3.10252e+06	0
3.10262e+06	0
3.10272e+06	0
3.10282e+06	0
3.10292e+06	0
3.10302e+06	0
3.10312e+06	0
3.10322e+06	0
3.10332e+06	0
3.10342e+06	0
3.10352e+06	0
3.10362e+06	0
3.10372e+06	0
3.10382e+06	0
3.10392e+06	0
3.10402e+06	0
3.10412e+06	0
3.10422e+06	0
3.10432e+06	0
3.10442e+06	0
3.10452e+06	0
3.10462e+06	0
3.10472e+06	0
3.10482e+06	0
3.10492e+06	0
3.10502e+06	0
3.10512e+06	0
3.10522e+06	0
3.10532e+06	0
3.10542e+06	0
3.10552e+06	0
3.10562e+06	0
3.10572e+06	0
3.10582e+06	0
3.10592e+06	0
3.10602e+06	0
3.10612e+06	0
3.10622e+06	0
3.10632e+06	0
3.10642e+06	0
3.10652e+06	0
3.10662e+06	0
3.10672e+06	0
3.10682e+06	0
3.10692e+06	0
3.10702e+06	0
3.10712e+06	0
3.10722e+06	0
3.10732e+06	0
3.10742e+06	0
3.10752e+06	0
3.10762e+06	0
3.10772e+06	0
3.10782e+06	0
3.10792e+06	0
3.10802e+06	0
3.10812e+06	0
3.10822e+06	0
3.10832e+06	0
3.10842e+06	0
3.10852e+06	0
3.10862e+06	0
3.10872e+06	0
3.10882e+06	0
3.10892e+06	0
3.10902e+06	0
3.10912e+06	0
3.10922e+06	0
3.10932e+06	0
3.10942e+06	0
3.10952e+06	0
3.10962e+06	0
3.10972e+06	0
3.10982e+06	0
3.10992e+06	0
3.11002e+06	0
3.11012e+06	0
3.11022e+06	0
3.11032e+06	0
3.11042e+06	0
3.11052e+06	0
3.11062e+06	0
3.11072e+06	0
3.11082e+06	0
3.11092e+06	0
3.11102e+06	0
3.11112e+06	0
3.11122e+06	0
3.11132e+06	0
3.11142e+06	0
3.11152e+06	0
3.11162e+06	0
3.11172e+06	0
3.11182e+06	0
3.11192e+06	0
3.11202e+06	0
3.11212e+06	0
3.11222e+06	0
3.11232e+06	0
3.11242e+06	0
3.11252e+06	0
3.11262e+06	0
3.11272e+06	0
3.11282e+06	0
3.11292e+06	0
3.11302e+06	0
3.11312e+06	0
3.11322e+06	0
3.11332e+06	0
3.11342e+06	0
3.11352e+06	0
3.11362e+06	0
3.11372e+06	0
3.11382e+06	0
3.11392e+06	0
3.11402e+06	0
3.11412e+06	0
3.11422e+06	0
3.11432e+06	0
3.11442e+06	0
3.11452e+06	0
3.11462e+06	0
3.11472e+06	0
3.11482e+06	0
3.11492e+06	0
3.11502e+06	0
3.11512e+06	0
3.11522e+06	0
3.11532e+06	0
3.11542e+06	0
3.11552e+06	0
3.11562e+06	0
3.11572e+06	0
3.11582e+06	0
3.11592e+06	0
3.11602e+06	0
3.11612e+06	0
3.11622e+06	0
3.11632e+06	0
3.11642e+06	0
3.11652e+06	0
3.11662e+06	0
3.11672e+06	0
3.11682e+06	0
3.11692e+06	0
3.11702e+06	0
3.11712e+06	0
3.11722e+06	0
3.11732e+06	0
3.11742e+06	0
3.11752e+06	0
3.11762e+06	0
3.11772e+06	0
3.11782e+06	0
3.11792e+06	0
3.11802e+06	0
3.11812e+06	0
3.11822e+06	0
3.11832e+06	0
3.11842e+06	0
3.11852e+06	0
3.11862e+06	0
3.11872e+06	0
3.11882e+06	0
3.11892e+06	0
3.11902e+06	0
3.11912e+06	0
3.11922e+06	0
3.11932e+06	0
3.11942e+06	0
3.11952e+06	0
3.11962e+06	0
3.11972e+06	0
3.11982e+06	0
3.11992e+06	0
3.12002e+06	0
3.12012e+06	0
3.12022e+06	0
3.12032e+06	0
3.12042e+06	0
3.12052e+06	0
3.12062e+06	0
3.12072e+06	0
3.12082e+06	0
3.12092e+06	0
3.12102e+06	0
3.12112e+06	0
3.12122e+06	0
3.12132e+06	0
3.12142e+06	0
3.12152e+06	0
3.12162e+06	0
3.12172e+06	0
3.12182e+06	0
3.12192e+06	0
3.12202e+06	0
3.12212e+06	0
3.12222e+06	0
3.12232e+06	0
3.12242e+06	0
3.12252e+06	0
3.12262e+06	0
3.12272e+06	0
3.12282e+06	0
3.12292e+06	0
3.12302e+06	0
3.12312e+06	0
3.12322e+06	0
3.12332e+06	0
3.12342e+06	0
3.12352e+06	0
3.12362e+06	0
3.12372e+06	0
3.12382e+06	0
3.12392e+06	0
3.12402e+06	0
3.12412e+06	0
3.12422e+06	0
3.12432e+06	0
3.12442e+06	0
3.12452e+06	0
3.12462e+06	0
3.12472e+06	0
3.12482e+06	0
3.12492e+06	0
3.12502e+06	0
3.12512e+06	0
3.12522e+06	0
3.12532e+06	0
3.12542e+06	0
3.12552e+06	0
3.12562e+06	0
3.12572e+06	0
3.12582e+06	0
3.12592e+06	0
3.12602e+06	0
3.12612e+06	0
3.12622e+06	0
3.12632e+06	0
3.12642e+06	0
3.12652e+06	0
3.12662e+06	0
3.12672e+06	0
3.12682e+06	0
3.12692e+06	0
3.12702e+06	0
3.12712e+06	0
3.12722e+06	0
3.12732e+06	0
3.12742e+06	0
3.12752e+06	0
3.12762e+06	0
3.12772e+06	0
3.12782e+06	0
3.12792e+06	0
3.12802e+06	0
3.12812e+06	0
3.12822e+06	0
3.12832e+06	0
3.12842e+06	0
3.12852e+06	0
3.12862e+06	0
3.12872e+06	0
3.12882e+06	0
3.12892e+06	0
3.12902e+06	0
3.12912e+06	0
3.12922e+06	0
3.12932e+06	0
3.12942e+06	0
3.12952e+06	0
3.12962e+06	0
3.12972e+06	0
3.12982e+06	0
3.12992e+06	0
3.13002e+06	0
3.13012e+06	0
3.13022e+06	0
3.13032e+06	0
3.13042e+06	0
3.13052e+06	0
3.13062e+06	0
3.13072e+06	0
3.13082e+06	0
3.13092e+06	0
3.13102e+06	0
3.13112e+06	0
3.13122e+06	0
3.13132e+06	0
3.13142e+06	0
3.13152e+06	0
3.13162e+06	0
3.13172e+06	0
3.13182e+06	0
3.13192e+06	0
3.13202e+06	0
3.13212e+06	0
3.13222e+06	0
3.13232e+06	0
3.13242e+06	0
3.13252e+06	0
3.13262e+06	0
3.13272e+06	0
3.13282e+06	0
3.13292e+06	0
3.13302e+06	0
3.13312e+06	0
3.13322e+06	0
3.13332e+06	0
3.13342e+06	0
3.13352e+06	0
3.13362e+06	0
3.13372e+06	0
3.13382e+06	0
3.13392e+06	0
3.13402e+06	0
3.13412e+06	0
3.13422e+06	0
3.13432e+06	0
3.13442e+06	0
3.13452e+06	0
3.13462e+06	0
3.13472e+06	0
3.13482e+06	0
3.13492e+06	0
3.13502e+06	0
3.13512e+06	0
3.13522e+06	0
3.13532e+06	0
3.13542e+06	0
3.13552e+06	0
3.13562e+06	0
3.13572e+06	0
3.13582e+06	0
3.13592e+06	0
3.13602e+06	0
3.13612e+06	0
3.13622e+06	0
3.13632e+06	0
3.13642e+06	0
3.13652e+06	0
3.13662e+06	0
3.13672e+06	0
3.13682e+06	0
3.13692e+06	0
3.13702e+06	0
3.13712e+06	0
3.13722e+06	0
3.13732e+06	0
3.13742e+06	0
3.13752e+06	0
3.13762e+06	0
3.13772e+06	0
3.13782e+06	0
3.13792e+06	0
3.13802e+06	0
3.13812e+06	0
3.13822e+06	0
3.13832e+06	0
3.13842e+06	0
3.13852e+06	0
3.13862e+06	0
3.13872e+06	0
3.13882e+06	0
3.13892e+06	0
3.13902e+06	0
3.13912e+06	0
3.13922e+06	0
3.13932e+06	0
3.13942e+06	0
3.13952e+06	0
3.13962e+06	0
3.13972e+06	0
3.13982e+06	0
3.13992e+06	0
3.14002e+06	0
3.14012e+06	0
3.14022e+06	0
3.14032e+06	0
3.14042e+06	0
3.14052e+06	0
3.14062e+06	0
3.14072e+06	0
3.14082e+06	0
3.14092e+06	0
3.14102e+06	0
3.14112e+06	0
3.14122e+06	0
3.14132e+06	0
3.14142e+06	0
3.14152e+06	0
3.14162e+06	0
3.14172e+06	0
3.14182e+06	0
3.14192e+06	0
3.14202e+06	0
3.14212e+06	0
3.14222e+06	0
3.14232e+06	0
3.14242e+06	0
3.14252e+06	0
3.14262e+06	0
3.14272e+06	0
3.14282e+06	0
3.14292e+06	0
3.14302e+06	0
3.14312e+06	0
3.14322e+06	0
3.14332e+06	0
3.14342e+06	0
3.14352e+06	0
3.14362e+06	0
3.14372e+06	0
3.14382e+06	0
3.14392e+06	0
3.14402e+06	0
3.14412e+06	0
3.14422e+06	0
3.14432e+06	0
3.14442e+06	0
3.14452e+06	0
3.14462e+06	0
3.14472e+06	0
3.14482e+06	0
3.14492e+06	0
3.14502e+06	0
3.14512e+06	0
3.14522e+06	0
3.14532e+06	0
3.14542e+06	0
3.14552e+06	0
3.14562e+06	0
3.14572e+06	0
3.14582e+06	0
3.14592e+06	0
3.14602e+06	0
3.14612e+06	0
3.14622e+06	0
3.14632e+06	0
3.14642e+06	0
3.14652e+06	0
3.14662e+06	0
3.14672e+06	0
3.14682e+06	0
3.14692e+06	0
3.14702e+06	0
3.14712e+06	0
3.14722e+06	0
3.14732e+06	0
3.14742e+06	0
3.14752e+06	0
3.14762e+06	0
3.14772e+06	0
3.14782e+06	0
3.14792e+06	0
3.14802e+06	0
3.14812e+06	0
3.14822e+06	0
3.14832e+06	0
3.14842e+06	0
3.14852e+06	0
3.14862e+06	0
3.14872e+06	0
3.14882e+06	0
3.14892e+06	0
3.14902e+06	0
3.14912e+06	0
3.14922e+06	0
3.14932e+06	0
3.14942e+06	0
3.14952e+06	0
3.14962e+06	0
3.14972e+06	0
3.14982e+06	0
3.14992e+06	0
3.15002e+06	0
3.15012e+06	0
3.15022e+06	0
3.15032e+06	0
3.15042e+06	0
3.15052e+06	0
3.15062e+06	0
3.15072e+06	0
3.15082e+06	0
3.15092e+06	0
3.15102e+06	0
3.15112e+06	0
3.15122e+06	0
3.15132e+06	0
3.15142e+06	0
3.15152e+06	0
3.15162e+06	0
3.15172e+06	0
3.15182e+06	0
3.15192e+06	0
3.15202e+06	0
3.15212e+06	0
3.15222e+06	0
3.15232e+06	0
3.15242e+06	0
3.15252e+06	0
3.15262e+06	0
3.15272e+06	0
3.15282e+06	0
3.15292e+06	0
3.15302e+06	0
3.15312e+06	0
3.15322e+06	0
3.15332e+06	0
3.15342e+06	0
3.15352e+06	0
3.15362e+06	0
3.15372e+06	0
3.15382e+06	0
3.15392e+06	0
3.15402e+06	0
3.15412e+06	0
3.15422e+06	0
3.15432e+06	0
3.15442e+06	0
3.15452e+06	0
3.15462e+06	0
3.15472e+06	0
3.15482e+06	0
3.15492e+06	0
3.15502e+06	0
3.15512e+06	0
3.15522e+06	0
3.15532e+06	0
3.15542e+06	0
3.15552e+06	0
3.15562e+06	0
3.15572e+06	0
3.15582e+06	0
3.15592e+06	0
3.15602e+06	0
3.15612e+06	0
3.15622e+06	0
3.15632e+06	0
3.15642e+06	0
3.15652e+06	0
3.15662e+06	0
3.15672e+06	0
3.15682e+06	0
3.15692e+06	0
3.15702e+06	0
3.15712e+06	0
3.15722e+06	0
3.15732e+06	0
3.15742e+06	0
3.15752e+06	0
3.15762e+06	0
3.15772e+06	0
3.15782e+06	0
3.15792e+06	0
3.15802e+06	0
3.15812e+06	0
3.15822e+06	0
3.15832e+06	0
3.15842e+06	0
3.15852e+06	0
3.15862e+06	0
3.15872e+06	0
3.15882e+06	0
3.15892e+06	0
3.15902e+06	0
3.15912e+06	0
3.15922e+06	0
3.15932e+06	0
3.15942e+06	0
3.15952e+06	0
3.15962e+06	0
3.15972e+06	0
3.15982e+06	0
3.15992e+06	0
3.16002e+06	0
3.16012e+06	0
3.16022e+06	0
3.16032e+06	0
3.16042e+06	0
3.16052e+06	0
3.16062e+06	0
3.16072e+06	0
3.16082e+06	0
3.16092e+06	0
3.16102e+06	0
3.16112e+06	0
3.16122e+06	0
3.16132e+06	0
3.16142e+06	0
3.16152e+06	0
3.16162e+06	0
3.16172e+06	0
3.16182e+06	0
3.16192e+06	0
3.16202e+06	0
3.16212e+06	0
3.16222e+06	0
3.16232e+06	0
3.16242e+06	0
3.16252e+06	0
3.16262e+06	0
3.16272e+06	0
3.16282e+06	0
3.16292e+06	0
3.16302e+06	0
3.16312e+06	0
3.16322e+06	0
3.16332e+06	0
3.16342e+06	0
3.16352e+06	0
3.16362e+06	0
3.16372e+06	0
3.16382e+06	0
3.16392e+06	0
3.16402e+06	0
3.16412e+06	0
3.16422e+06	0
3.16432e+06	0
3.16442e+06	0
3.16452e+06	0
3.16462e+06	0
3.16472e+06	0
3.16482e+06	0
3.16492e+06	0
3.16502e+06	0
3.16512e+06	0
3.16522e+06	0
3.16532e+06	0
3.16542e+06	0
3.16552e+06	0
3.16562e+06	0
3.16572e+06	0
3.16582e+06	0
3.16592e+06	0
3.16602e+06	0
3.16612e+06	0
3.16622e+06	0
3.16632e+06	0
3.16642e+06	0
3.16652e+06	0
3.16662e+06	0
3.16672e+06	0
3.16682e+06	0
3.16692e+06	0
3.16702e+06	0
3.16712e+06	0
3.16722e+06	0
3.16732e+06	0
3.16742e+06	0
3.16752e+06	0
3.16762e+06	0
3.16772e+06	0
3.16782e+06	0
3.16792e+06	0
3.16802e+06	0
3.16812e+06	0
3.16822e+06	0
3.16832e+06	0
3.16842e+06	0
3.16852e+06	0
3.16862e+06	0
3.16872e+06	0
3.16882e+06	0
3.16892e+06	0
3.16902e+06	0
3.16912e+06	0
3.16922e+06	0
3.16932e+06	0
3.16942e+06	0
3.16952e+06	0
3.16962e+06	0
3.16972e+06	0
3.16982e+06	0
3.16992e+06	0
3.17002e+06	0
3.17012e+06	0
3.17022e+06	0
3.17032e+06	0
3.17042e+06	0
3.17052e+06	0
3.17062e+06	0
3.17072e+06	0
3.17082e+06	0
3.17092e+06	0
3.17102e+06	0
3.17112e+06	0
3.17122e+06	0
3.17132e+06	0
3.17142e+06	0
3.17152e+06	0
3.17162e+06	0
3.17172e+06	0
3.17182e+06	0
3.17192e+06	0
3.17202e+06	0
3.17212e+06	0
3.17222e+06	0
3.17232e+06	0
3.17242e+06	0
3.17252e+06	0
3.17262e+06	0
3.17272e+06	0
3.17282e+06	0
3.17292e+06	0
3.17302e+06	0
3.17312e+06	0
3.17322e+06	0
3.17332e+06	0
3.17342e+06	0
3.17352e+06	0
3.17362e+06	0
3.17372e+06	0
3.17382e+06	0
3.17392e+06	0
3.17402e+06	0
3.17412e+06	0
3.17422e+06	0
3.17432e+06	0
3.17442e+06	0
3.17452e+06	0
3.17462e+06	0
3.17472e+06	0
3.17482e+06	0
3.17492e+06	0
3.17502e+06	0
3.17512e+06	0
3.17522e+06	0
3.17532e+06	0
3.17542e+06	0
3.17552e+06	0
3.17562e+06	0
3.17572e+06	0
3.17582e+06	0
3.17592e+06	0
3.17602e+06	0
3.17612e+06	0
3.17622e+06	0
3.17632e+06	0
3.17642e+06	0
3.17652e+06	0
3.17662e+06	0
3.17672e+06	0
3.17682e+06	0
3.17692e+06	0
3.17702e+06	0
3.17712e+06	0
3.17722e+06	0
3.17732e+06	0
3.17742e+06	0
3.17752e+06	0
3.17762e+06	0
3.17772e+06	0
3.17782e+06	0
3.17792e+06	0
3.17802e+06	0
3.17812e+06	0
3.17822e+06	0
3.17832e+06	0
3.17842e+06	0
3.17852e+06	0
3.17862e+06	0
3.17872e+06	0
3.17882e+06	0
3.17892e+06	0
3.17902e+06	0
3.17912e+06	0
3.17922e+06	0
3.17932e+06	0
3.17942e+06	0
3.17952e+06	0
3.17962e+06	0
3.17972e+06	0
3.17982e+06	0
3.17992e+06	0
3.18002e+06	0
3.18012e+06	0
3.18022e+06	0
3.18032e+06	0
3.18042e+06	0
3.18052e+06	0
3.18062e+06	0
3.18072e+06	0
3.18082e+06	0
3.18092e+06	0
3.18102e+06	0
3.18112e+06	0
3.18122e+06	0
3.18132e+06	0
3.18142e+06	0
3.18152e+06	0
3.18162e+06	0
3.18172e+06	0
3.18182e+06	0
3.18192e+06	0
3.18202e+06	0
3.18212e+06	0
3.18222e+06	0
3.18232e+06	0
3.18242e+06	0
3.18252e+06	0
3.18262e+06	0
3.18272e+06	0
3.18282e+06	0
3.18292e+06	0
3.18302e+06	0
3.18312e+06	0
3.18322e+06	0
3.18332e+06	0
3.18342e+06	0
3.18352e+06	0
3.18362e+06	0
3.18372e+06	0
3.18382e+06	0
3.18392e+06	0
3.18402e+06	0
3.18412e+06	0
3.18422e+06	0
3.18432e+06	0
3.18442e+06	0
3.18452e+06	0
3.18462e+06	0
3.18472e+06	0
3.18482e+06	0
3.18492e+06	0
3.18502e+06	0
3.18512e+06	0
3.18522e+06	0
3.18532e+06	0
3.18542e+06	0
3.18552e+06	0
3.18562e+06	0
3.18572e+06	0
3.18582e+06	0
3.18592e+06	0
3.18602e+06	0
3.18612e+06	0
3.18622e+06	0
3.18632e+06	0
3.18642e+06	0
3.18652e+06	0
3.18662e+06	0
3.18672e+06	0
3.18682e+06	0
3.18692e+06	0
3.18702e+06	0
3.18712e+06	0
3.18722e+06	0
3.18732e+06	0
3.18742e+06	0
3.18752e+06	0
3.18762e+06	0
3.18772e+06	0
3.18782e+06	0
3.18792e+06	0
3.18802e+06	0
3.18812e+06	0
3.18822e+06	0
3.18832e+06	0
3.18842e+06	0
3.18852e+06	0
3.18862e+06	0
3.18872e+06	0
3.18882e+06	0
3.18892e+06	0
3.18902e+06	0
3.18912e+06	0
3.18922e+06	0
3.18932e+06	0
3.18942e+06	0
3.18952e+06	0
3.18962e+06	0
3.18972e+06	0
3.18982e+06	0
3.18992e+06	0
3.19002e+06	0
3.19012e+06	0
3.19022e+06	0
3.19032e+06	0
3.19042e+06	0
3.19052e+06	0
3.19062e+06	0
3.19072e+06	0
3.19082e+06	0
3.19092e+06	0
3.19102e+06	0
3.19112e+06	0
3.19122e+06	0
3.19132e+06	0
3.19142e+06	0
3.19152e+06	0
3.19162e+06	0
3.19172e+06	0
3.19182e+06	0
3.19192e+06	0
3.19202e+06	0
3.19212e+06	0
3.19222e+06	0
3.19232e+06	0
3.19242e+06	0
3.19252e+06	0
3.19262e+06	0
3.19272e+06	0
3.19282e+06	0
3.19292e+06	0
3.19302e+06	0
3.19312e+06	0
3.19322e+06	0
3.19332e+06	0
3.19342e+06	0
3.19352e+06	0
3.19362e+06	0
3.19372e+06	0
3.19382e+06	0
3.19392e+06	0
3.19402e+06	0
3.19412e+06	0
3.19422e+06	0
3.19432e+06	0
3.19442e+06	0
3.19452e+06	0
3.19462e+06	0
3.19472e+06	0
3.19482e+06	0
3.19492e+06	0
3.19502e+06	0
3.19512e+06	0
3.19522e+06	0
3.19532e+06	0
3.19542e+06	0
3.19552e+06	0
3.19562e+06	0
3.19572e+06	0
3.19582e+06	0
3.19592e+06	0
3.19602e+06	0
3.19612e+06	0
3.19622e+06	0
3.19632e+06	0
3.19642e+06	0
3.19652e+06	0
3.19662e+06	0
3.19672e+06	0
3.19682e+06	0
3.19692e+06	0
3.19702e+06	0
3.19712e+06	0
3.19722e+06	0
3.19732e+06	0
3.19742e+06	0
3.19752e+06	0
3.19762e+06	0
3.19772e+06	0
3.19782e+06	0
3.19792e+06	0
3.19802e+06	0
3.19812e+06	0
3.19822e+06	0
3.19832e+06	0
3.19842e+06	0
3.19852e+06	0
3.19862e+06	0
3.19872e+06	0
3.19882e+06	0
3.19892e+06	0
3.19902e+06	0
3.19912e+06	0
3.19922e+06	0
3.19932e+06	0
3.19942e+06	0
3.19952e+06	0
3.19962e+06	0
3.19972e+06	0
3.19982e+06	0
3.19992e+06	0
3.20002e+06	0
3.20012e+06	0
3.20022e+06	0
3.20032e+06	0
3.20042e+06	0
3.20052e+06	0
3.20062e+06	0
3.20072e+06	0
3.20082e+06	0
3.20092e+06	0
3.20102e+06	0
3.20112e+06	0
3.20122e+06	0
3.20132e+06	0
3.20142e+06	0
3.20152e+06	0
3.20162e+06	0
3.20172e+06	0
3.20182e+06	0
3.20192e+06	0
3.20202e+06	0
3.20212e+06	0
3.20222e+06	0
3.20232e+06	0
3.20242e+06	0
3.20252e+06	0
3.20262e+06	0
3.20272e+06	0
3.20282e+06	0
3.20292e+06	0
3.20302e+06	0
3.20312e+06	0
3.20322e+06	0
3.20332e+06	0
3.20342e+06	0
3.20352e+06	0
3.20362e+06	0
3.20372e+06	0
3.20382e+06	0
3.20392e+06	0
3.20402e+06	0
3.20412e+06	0
3.20422e+06	0
3.20432e+06	0
3.20442e+06	0
3.20452e+06	0
3.20462e+06	0
3.20472e+06	0
3.20482e+06	0
3.20492e+06	0
3.20502e+06	0
3.20512e+06	0
3.20522e+06	0
3.20532e+06	0
3.20542e+06	0
3.20552e+06	0
3.20562e+06	0
3.20572e+06	0
3.20582e+06	0
3.20592e+06	0
3.20602e+06	0
3.20612e+06	0
3.20622e+06	0
3.20632e+06	0
3.20642e+06	0
3.20652e+06	0
3.20662e+06	0
3.20672e+06	0
3.20682e+06	0
3.20692e+06	0
3.20702e+06	0
3.20712e+06	0
3.20722e+06	0
3.20732e+06	0
3.20742e+06	0
3.20752e+06	0
3.20762e+06	0
3.20772e+06	0
3.20782e+06	0
3.20792e+06	0
3.20802e+06	0
3.20812e+06	0
3.20822e+06	0
3.20832e+06	0
3.20842e+06	0
3.20852e+06	0
3.20862e+06	0
3.20872e+06	0
3.20882e+06	0
3.20892e+06	0
3.20902e+06	0
3.20912e+06	0
3.20922e+06	0
3.20932e+06	0
3.20942e+06	0
3.20952e+06	0
3.20962e+06	0
3.20972e+06	0
3.20982e+06	0
3.20992e+06	0
3.21002e+06	0
3.21012e+06	0
3.21022e+06	0
3.21032e+06	0
3.21042e+06	0
3.21052e+06	0
3.21062e+06	0
3.21072e+06	0
3.21082e+06	0
3.21092e+06	0
3.21102e+06	0
3.21112e+06	0
3.21122e+06	0
3.21132e+06	0
3.21142e+06	0
3.21152e+06	0
3.21162e+06	0
3.21172e+06	0
3.21182e+06	0
3.21192e+06	0
3.21202e+06	0
3.21212e+06	0
3.21222e+06	0
3.21232e+06	0
3.21242e+06	0
3.21252e+06	0
3.21262e+06	0
3.21272e+06	0
3.21282e+06	0
3.21292e+06	0
3.21302e+06	0
3.21312e+06	0
3.21322e+06	0
3.21332e+06	0
3.21342e+06	0
3.21352e+06	0
3.21362e+06	0
3.21372e+06	0
3.21382e+06	0
3.21392e+06	0
3.21402e+06	0
3.21412e+06	0
3.21422e+06	0
3.21432e+06	0
3.21442e+06	0
3.21452e+06	0
3.21462e+06	0
3.21472e+06	0
3.21482e+06	0
3.21492e+06	0
3.21502e+06	0
3.21512e+06	0
3.21522e+06	0
3.21532e+06	0
3.21542e+06	0
3.21552e+06	0
3.21562e+06	0
3.21572e+06	0
3.21582e+06	0
3.21592e+06	0
3.21602e+06	0
3.21612e+06	0
3.21622e+06	0
3.21632e+06	0
3.21642e+06	0
3.21652e+06	0
3.21662e+06	0
3.21672e+06	0
3.21682e+06	0
3.21692e+06	0
3.21702e+06	0
3.21712e+06	0
3.21722e+06	0
3.21732e+06	0
3.21742e+06	0
3.21752e+06	0
3.21762e+06	0
3.21772e+06	0
3.21782e+06	0
3.21792e+06	0
3.21802e+06	0
3.21812e+06	0
3.21822e+06	0
3.21832e+06	0
3.21842e+06	0
3.21852e+06	0
3.21862e+06	0
3.21872e+06	0
3.21882e+06	0
3.21892e+06	0
3.21902e+06	0
3.21912e+06	0
3.21922e+06	0
3.21932e+06	0
3.21942e+06	0
3.21952e+06	0
3.21962e+06	0
3.21972e+06	0
3.21982e+06	0
3.21992e+06	0
3.22002e+06	0
3.22012e+06	0
3.22022e+06	0
3.22032e+06	0
3.22042e+06	0
3.22052e+06	0
3.22062e+06	0
3.22072e+06	0
3.22082e+06	0
3.22092e+06	0
3.22102e+06	0
3.22112e+06	0
3.22122e+06	0
3.22132e+06	0
3.22142e+06	0
3.22152e+06	0
3.22162e+06	0
3.22172e+06	0
3.22182e+06	0
3.22192e+06	0
3.22202e+06	0
3.22212e+06	0
3.22222e+06	0
3.22232e+06	0
3.22242e+06	0
3.22252e+06	0
3.22262e+06	0
3.22272e+06	0
3.22282e+06	0
3.22292e+06	0
3.22302e+06	0
3.22312e+06	0
3.22322e+06	0
3.22332e+06	0
3.22342e+06	0
3.22352e+06	0
3.22362e+06	0
3.22372e+06	0
3.22382e+06	0
3.22392e+06	0
3.22402e+06	0
3.22412e+06	0
3.22422e+06	0
3.22432e+06	0
3.22442e+06	0
3.22452e+06	0
3.22462e+06	0
3.22472e+06	0
3.22482e+06	0
3.22492e+06	0
3.22502e+06	0
3.22512e+06	0
3.22522e+06	0
3.22532e+06	0
3.22542e+06	0
3.22552e+06	0
3.22562e+06	0
3.22572e+06	0
3.22582e+06	0
3.22592e+06	0
3.22602e+06	0
3.22612e+06	0
3.22622e+06	0
3.22632e+06	0
3.22642e+06	0
3.22652e+06	0
3.22662e+06	0
3.22672e+06	0
3.22682e+06	0
3.22692e+06	0
3.22702e+06	0
3.22712e+06	0
3.22722e+06	0
3.22732e+06	0
3.22742e+06	0
3.22752e+06	0
3.22762e+06	0
3.22772e+06	0
3.22782e+06	0
3.22792e+06	0
3.22802e+06	0
3.22812e+06	0
3.22822e+06	0
3.22832e+06	0
3.22842e+06	0
3.22852e+06	0
3.22862e+06	0
3.22872e+06	0
3.22882e+06	0
3.22892e+06	0
3.22902e+06	0
3.22912e+06	0
3.22922e+06	0
3.22932e+06	0
3.22942e+06	0
3.22952e+06	0
3.22962e+06	0
3.22972e+06	0
3.22982e+06	0
3.22992e+06	0
3.23002e+06	0
3.23012e+06	0
3.23022e+06	0
3.23032e+06	0
3.23042e+06	0
3.23052e+06	0
3.23062e+06	0
3.23072e+06	0
3.23082e+06	0
3.23092e+06	0
3.23102e+06	0
3.23112e+06	0
3.23122e+06	0
3.23132e+06	0
3.23142e+06	0
3.23152e+06	0
3.23162e+06	0
3.23172e+06	0
3.23182e+06	0
3.23192e+06	0
3.23202e+06	0
3.23212e+06	0
3.23222e+06	0
3.23232e+06	0
3.23242e+06	0
3.23252e+06	0
3.23262e+06	0
3.23272e+06	0
3.23282e+06	0
3.23292e+06	0
3.23302e+06	0
3.23312e+06	0
3.23322e+06	0
3.23332e+06	0
3.23342e+06	0
3.23352e+06	0
3.23362e+06	0
3.23372e+06	0
3.23382e+06	0
3.23392e+06	0
3.23402e+06	0
3.23412e+06	0
3.23422e+06	0
3.23432e+06	0
3.23442e+06	0
3.23452e+06	0
3.23462e+06	0
3.23472e+06	0
3.23482e+06	0
3.23492e+06	0
3.23502e+06	0
3.23512e+06	0
3.23522e+06	0
3.23532e+06	0
3.23542e+06	0
3.23552e+06	0
3.23562e+06	0
3.23572e+06	0
3.23582e+06	0
3.23592e+06	0
3.23602e+06	0
3.23612e+06	0
3.23622e+06	0
3.23632e+06	0
3.23642e+06	0
3.23652e+06	0
3.23662e+06	0
3.23672e+06	0
3.23682e+06	0
3.23692e+06	0
3.23702e+06	0
3.23712e+06	0
3.23722e+06	0
3.23732e+06	0
3.23742e+06	0
3.23752e+06	0
3.23762e+06	0
3.23772e+06	0
3.23782e+06	0
3.23792e+06	0
3.23802e+06	0
3.23812e+06	0
3.23822e+06	0
3.23832e+06	0
3.23842e+06	0
3.23852e+06	0
3.23862e+06	0
3.23872e+06	0
3.23882e+06	0
3.23892e+06	0
3.23902e+06	0
3.23912e+06	0
3.23922e+06	0
3.23932e+06	0
3.23942e+06	0
3.23952e+06	0
3.23962e+06	0
3.23972e+06	0
3.23982e+06	0
3.23992e+06	0
3.24002e+06	0
3.24012e+06	0
3.24022e+06	0
3.24032e+06	0
3.24042e+06	0
3.24052e+06	0
3.24062e+06	0
3.24072e+06	0
3.24082e+06	0
3.24092e+06	0
3.24102e+06	0
3.24112e+06	0
3.24122e+06	0
3.24132e+06	0
3.24142e+06	0
3.24152e+06	0
3.24162e+06	0
3.24172e+06	0
3.24182e+06	0
3.24192e+06	0
3.24202e+06	0
3.24212e+06	0
3.24222e+06	0
3.24232e+06	0
3.24242e+06	0
3.24252e+06	0
3.24262e+06	0
3.24272e+06	0
3.24282e+06	0
3.24292e+06	0
3.24302e+06	0
3.24312e+06	0
3.24322e+06	0
3.24332e+06	0
3.24342e+06	0
3.24352e+06	0
3.24362e+06	0
3.24372e+06	0
3.24382e+06	0
3.24392e+06	0
3.24402e+06	0
3.24412e+06	0
3.24422e+06	0
3.24432e+06	0
3.24442e+06	0
3.24452e+06	0
3.24462e+06	0
3.24472e+06	0
3.24482e+06	0
3.24492e+06	0
3.24502e+06	0
3.24512e+06	0
3.24522e+06	0
3.24532e+06	0
3.24542e+06	0
3.24552e+06	0
3.24562e+06	0
3.24572e+06	0
3.24582e+06	0
3.24592e+06	0
3.24602e+06	0
3.24612e+06	0
3.24622e+06	0
3.24632e+06	0
3.24642e+06	0
3.24652e+06	0
3.24662e+06	0
3.24672e+06	0
3.24682e+06	0
3.24692e+06	0
3.24702e+06	0
3.24712e+06	0
3.24722e+06	0
3.24732e+06	0
3.24742e+06	0
3.24752e+06	0
3.24762e+06	0
3.24772e+06	0
3.24782e+06	0
3.24792e+06	0
3.24802e+06	0
3.24812e+06	0
3.24822e+06	0
3.24832e+06	0
3.24842e+06	0
3.24852e+06	0
3.24862e+06	0
3.24872e+06	0
3.24882e+06	0
3.24892e+06	0
3.24902e+06	0
3.24912e+06	0
3.24922e+06	0
3.24932e+06	0
3.24942e+06	0
3.24952e+06	0
3.24962e+06	0
3.24972e+06	0
3.24982e+06	0
3.24992e+06	0
3.25002e+06	0
3.25012e+06	0
3.25022e+06	0
3.25032e+06	0
3.25042e+06	0
3.25052e+06	0
3.25062e+06	0
3.25072e+06	0
3.25082e+06	0
3.25092e+06	0
3.25102e+06	0
3.25112e+06	0
3.25122e+06	0
3.25132e+06	0
3.25142e+06	0
3.25152e+06	0
3.25162e+06	0
3.25172e+06	0
3.25182e+06	0
3.25192e+06	0
3.25202e+06	0
3.25212e+06	0
3.25222e+06	0
3.25232e+06	0
3.25242e+06	0
3.25252e+06	0
3.25262e+06	0
3.25272e+06	0
3.25282e+06	0
3.25292e+06	0
3.25302e+06	0
3.25312e+06	0
3.25322e+06	0
3.25332e+06	0
3.25342e+06	0
3.25352e+06	0
3.25362e+06	0
3.25372e+06	0
3.25382e+06	0
3.25392e+06	0
3.25402e+06	0
3.25412e+06	0
3.25422e+06	0
3.25432e+06	0
3.25442e+06	0
3.25452e+06	0
3.25462e+06	0
3.25472e+06	0
3.25482e+06	0
3.25492e+06	0
3.25502e+06	0
3.25512e+06	0
3.25522e+06	0
3.25532e+06	0
3.25542e+06	0
3.25552e+06	0
3.25562e+06	0
3.25572e+06	0
3.25582e+06	0
3.25592e+06	0
3.25602e+06	0
3.25612e+06	0
3.25622e+06	0
3.25632e+06	0
3.25642e+06	0
3.25652e+06	0
3.25662e+06	0
3.25672e+06	0
3.25682e+06	0
3.25692e+06	0
3.25702e+06	0
3.25712e+06	0
3.25722e+06	0
3.25732e+06	0
3.25742e+06	0
3.25752e+06	0
3.25762e+06	0
3.25772e+06	0
3.25782e+06	0
3.25792e+06	0
3.25802e+06	0
3.25812e+06	0
3.25822e+06	0
3.25832e+06	0
3.25842e+06	0
3.25852e+06	0
3.25862e+06	0
3.25872e+06	0
3.25882e+06	0
3.25892e+06	0
3.25902e+06	0
3.25912e+06	0
3.25922e+06	0
3.25932e+06	0
3.25942e+06	0
3.25952e+06	0
3.25962e+06	0
3.25972e+06	0
3.25982e+06	0
3.25992e+06	0
3.26002e+06	0
3.26012e+06	0
3.26022e+06	0
3.26032e+06	0
3.26042e+06	0
3.26052e+06	0
3.26062e+06	0
3.26072e+06	0
3.26082e+06	0
3.26092e+06	0
3.26102e+06	0
3.26112e+06	0
3.26122e+06	0
3.26132e+06	0
3.26142e+06	0
3.26152e+06	0
3.26162e+06	0
3.26172e+06	0
3.26182e+06	0
3.26192e+06	0
3.26202e+06	0
3.26212e+06	0
3.26222e+06	0
3.26232e+06	0
3.26242e+06	0
3.26252e+06	0
3.26262e+06	0
3.26272e+06	0
3.26282e+06	0
3.26292e+06	0
3.26302e+06	0
3.26312e+06	0
3.26322e+06	0
3.26332e+06	0
3.26342e+06	0
3.26352e+06	0
3.26362e+06	0
3.26372e+06	0
3.26382e+06	0
3.26392e+06	0
3.26402e+06	0
3.26412e+06	0
3.26422e+06	0
3.26432e+06	0
3.26442e+06	0
3.26452e+06	0
3.26462e+06	0
3.26472e+06	0
3.26482e+06	0
3.26492e+06	0
3.26502e+06	0
3.26512e+06	0
3.26522e+06	0
3.26532e+06	0
3.26542e+06	0
3.26552e+06	0
3.26562e+06	0
3.26572e+06	0
3.26582e+06	0
3.26592e+06	0
3.26602e+06	0
3.26612e+06	0
3.26622e+06	0
3.26632e+06	0
3.26642e+06	0
3.26652e+06	0
3.26662e+06	0
3.26672e+06	0
3.26682e+06	0
3.26692e+06	0
3.26702e+06	0
3.26712e+06	0
3.26722e+06	0
3.26732e+06	0
3.26742e+06	0
3.26752e+06	0
3.26762e+06	0
3.26772e+06	0
3.26782e+06	0
3.26792e+06	0
3.26802e+06	0
3.26812e+06	0
3.26822e+06	0
3.26832e+06	0
3.26842e+06	0
3.26852e+06	0
3.26862e+06	0
3.26872e+06	0
3.26882e+06	0
3.26892e+06	0
3.26902e+06	0
3.26912e+06	0
3.26922e+06	0
3.26932e+06	0
3.26942e+06	0
3.26952e+06	0
3.26962e+06	0
3.26972e+06	0
3.26982e+06	0
3.26992e+06	0
3.27002e+06	0
3.27012e+06	0
3.27022e+06	0
3.27032e+06	0
3.27042e+06	0
3.27052e+06	0
3.27062e+06	0
3.27072e+06	0
3.27082e+06	0
3.27092e+06	0
3.27102e+06	0
3.27112e+06	0
3.27122e+06	0
3.27132e+06	0
3.27142e+06	0
3.27152e+06	0
3.27162e+06	0
3.27172e+06	0
3.27182e+06	0
3.27192e+06	0
3.27202e+06	0
3.27212e+06	0
3.27222e+06	0
3.27232e+06	0
3.27242e+06	0
3.27252e+06	0
3.27262e+06	0
3.27272e+06	0
3.27282e+06	0
3.27292e+06	0
3.27302e+06	0
3.27312e+06	0
3.27322e+06	0
3.27332e+06	0
3.27342e+06	0
3.27352e+06	0
3.27362e+06	0
3.27372e+06	0
3.27382e+06	0
3.27392e+06	0
3.27402e+06	0
3.27412e+06	0
3.27422e+06	0
3.27432e+06	0
3.27442e+06	0
3.27452e+06	0
3.27462e+06	0
3.27472e+06	0
3.27482e+06	0
3.27492e+06	0
3.27502e+06	0
3.27512e+06	0
3.27522e+06	0
3.27532e+06	0
3.27542e+06	0
3.27552e+06	0
3.27562e+06	0
3.27572e+06	0
3.27582e+06	0
3.27592e+06	0
3.27602e+06	0
3.27612e+06	0
3.27622e+06	0
3.27632e+06	0
3.27642e+06	0
3.27652e+06	0
3.27662e+06	0
3.27672e+06	0
3.27682e+06	0
3.27692e+06	0
3.27702e+06	0
3.27712e+06	0
3.27722e+06	0
3.27732e+06	0
3.27742e+06	0
3.27752e+06	0
3.27762e+06	0
3.27772e+06	0
3.27782e+06	0
3.27792e+06	0
3.27802e+06	0
3.27812e+06	0
3.27822e+06	0
3.27832e+06	0
3.27842e+06	0
3.27852e+06	0
3.27862e+06	0
3.27872e+06	0
3.27882e+06	0
3.27892e+06	0
3.27902e+06	0
3.27912e+06	0
3.27922e+06	0
3.27932e+06	0
3.27942e+06	0
3.27952e+06	0
3.27962e+06	0
3.27972e+06	0
3.27982e+06	0
3.27992e+06	0
3.28002e+06	0
3.28012e+06	0
3.28022e+06	0
3.28032e+06	0
3.28042e+06	0
3.28052e+06	0
3.28062e+06	0
3.28072e+06	0
3.28082e+06	0
3.28092e+06	0
3.28102e+06	0
3.28112e+06	0
3.28122e+06	0
3.28132e+06	0
3.28142e+06	0
3.28152e+06	0
3.28162e+06	0
3.28172e+06	0
3.28182e+06	0
3.28192e+06	0
3.28202e+06	0
3.28212e+06	0
3.28222e+06	0
3.28232e+06	0
3.28242e+06	0
3.28252e+06	0
3.28262e+06	0
3.28272e+06	0
3.28282e+06	0
3.28292e+06	0
3.28302e+06	0
3.28312e+06	0
3.28322e+06	0
3.28332e+06	0
3.28342e+06	0
3.28352e+06	0
3.28362e+06	0
3.28372e+06	0
3.28382e+06	0
3.28392e+06	0
3.28402e+06	0
3.28412e+06	0
3.28422e+06	0
3.28432e+06	0
3.28442e+06	0
3.28452e+06	0
3.28462e+06	0
3.28472e+06	0
3.28482e+06	0
3.28492e+06	0
3.28502e+06	0
3.28512e+06	0
3.28522e+06	0
3.28532e+06	0
3.28542e+06	0
3.28552e+06	0
3.28562e+06	0
3.28572e+06	0
3.28582e+06	0
3.28592e+06	0
3.28602e+06	0
3.28612e+06	0
3.28622e+06	0
3.28632e+06	0
3.28642e+06	0
3.28652e+06	0
3.28662e+06	0
3.28672e+06	0
3.28682e+06	0
3.28692e+06	0
3.28702e+06	0
3.28712e+06	0
3.28722e+06	0
3.28732e+06	0
3.28742e+06	0
3.28752e+06	0
3.28762e+06	0
3.28772e+06	0
3.28782e+06	0
3.28792e+06	0
3.28802e+06	0
3.28812e+06	0
3.28822e+06	0
3.28832e+06	0
3.28842e+06	0
3.28852e+06	0
3.28862e+06	0
3.28872e+06	0
3.28882e+06	0
3.28892e+06	0
3.28902e+06	0
3.28912e+06	0
3.28922e+06	0
3.28932e+06	0
3.28942e+06	0
3.28952e+06	0
3.28962e+06	0
3.28972e+06	0
3.28982e+06	0
3.28992e+06	0
3.29002e+06	0
3.29012e+06	0
3.29022e+06	0
3.29032e+06	0
3.29042e+06	0
3.29052e+06	0
3.29062e+06	0
3.29072e+06	0
3.29082e+06	0
3.29092e+06	0
3.29102e+06	0
3.29112e+06	0
3.29122e+06	0
3.29132e+06	0
3.29142e+06	0
3.29152e+06	0
3.29162e+06	0
3.29172e+06	0
3.29182e+06	0
3.29192e+06	0
3.29202e+06	0
3.29212e+06	0
3.29222e+06	0
3.29232e+06	0
3.29242e+06	0
3.29252e+06	0
3.29262e+06	0
3.29272e+06	0
3.29282e+06	0
3.29292e+06	0
3.29302e+06	0
3.29312e+06	0
3.29322e+06	0
3.29332e+06	0
3.29342e+06	0
3.29352e+06	0
3.29362e+06	0
3.29372e+06	0
3.29382e+06	0
3.29392e+06	0
3.29402e+06	0
3.29412e+06	0
3.29422e+06	0
3.29432e+06	0
3.29442e+06	0
3.29452e+06	0
3.29462e+06	0
3.29472e+06	0
3.29482e+06	0
3.29492e+06	0
3.29502e+06	0
3.29512e+06	0
3.29522e+06	0
3.29532e+06	0
3.29542e+06	0
3.29552e+06	0
3.29562e+06	0
3.29572e+06	0
3.29582e+06	0
3.29592e+06	0
3.29602e+06	0
3.29612e+06	0
3.29622e+06	0
3.29632e+06	0
3.29642e+06	0
3.29652e+06	0
3.29662e+06	0
3.29672e+06	0
3.29682e+06	0
3.29692e+06	0
3.29702e+06	0
3.29712e+06	0
3.29722e+06	0
3.29732e+06	0
3.29742e+06	0
3.29752e+06	0
3.29762e+06	0
3.29772e+06	0
3.29782e+06	0
3.29792e+06	0
3.29802e+06	0
3.29812e+06	0
3.29822e+06	0
3.29832e+06	0
3.29842e+06	0
3.29852e+06	0
3.29862e+06	0
3.29872e+06	0
3.29882e+06	0
3.29892e+06	0
3.29902e+06	0
3.29912e+06	0
3.29922e+06	0
3.29932e+06	0
3.29942e+06	0
3.29952e+06	0
3.29962e+06	0
3.29972e+06	0
3.29982e+06	0
3.29992e+06	0
3.30002e+06	0
3.30012e+06	0
3.30022e+06	0
3.30032e+06	0
3.30042e+06	0
3.30052e+06	0
3.30062e+06	0
3.30072e+06	0
3.30082e+06	0
3.30092e+06	0
3.30102e+06	0
3.30112e+06	0
3.30122e+06	0
3.30132e+06	0
3.30142e+06	0
3.30152e+06	0
3.30162e+06	0
3.30172e+06	0
3.30182e+06	0
3.30192e+06	0
3.30202e+06	0
3.30212e+06	0
3.30222e+06	0
3.30232e+06	0
3.30242e+06	0
3.30252e+06	0
3.30262e+06	0
3.30272e+06	0
3.30282e+06	0
3.30292e+06	0
3.30302e+06	0
3.30312e+06	0
3.30322e+06	0
3.30332e+06	0
3.30342e+06	0
3.30352e+06	0
3.30362e+06	0
3.30372e+06	0
3.30382e+06	0
3.30392e+06	0
3.30402e+06	0
3.30412e+06	0
3.30422e+06	0
3.30432e+06	0
3.30442e+06	0
3.30452e+06	0
3.30462e+06	0
3.30472e+06	0
3.30482e+06	0
3.30492e+06	0
3.30502e+06	0
3.30512e+06	0
3.30522e+06	0
3.30532e+06	0
3.30542e+06	0
3.30552e+06	0
3.30562e+06	0
3.30572e+06	0
3.30582e+06	0
3.30592e+06	0
3.30602e+06	0
3.30612e+06	0
3.30622e+06	0
3.30632e+06	0
3.30642e+06	0
3.30652e+06	0
3.30662e+06	0
3.30672e+06	0
3.30682e+06	0
3.30692e+06	0
3.30702e+06	0
3.30712e+06	0
3.30722e+06	0
3.30732e+06	0
3.30742e+06	0
3.30752e+06	0
3.30762e+06	0
3.30772e+06	0
3.30782e+06	0
3.30792e+06	0
3.30802e+06	0
3.30812e+06	0
3.30822e+06	0
3.30832e+06	0
3.30842e+06	0
3.30852e+06	0
3.30862e+06	0
3.30872e+06	0
3.30882e+06	0
3.30892e+06	0
3.30902e+06	0
3.30912e+06	0
3.30922e+06	0
3.30932e+06	0
3.30942e+06	0
3.30952e+06	0
3.30962e+06	0
3.30972e+06	0
3.30982e+06	0
3.30992e+06	0
3.31002e+06	0
3.31012e+06	0
3.31022e+06	0
3.31032e+06	0
3.31042e+06	0
3.31052e+06	0
3.31062e+06	0
3.31072e+06	0
3.31082e+06	0
3.31092e+06	0
3.31102e+06	0
3.31112e+06	0
3.31122e+06	0
3.31132e+06	0
3.31142e+06	0
3.31152e+06	0
3.31162e+06	0
3.31172e+06	0
3.31182e+06	0
3.31192e+06	0
3.31202e+06	0
3.31212e+06	0
3.31222e+06	0
3.31232e+06	0
3.31242e+06	0
3.31252e+06	0
3.31262e+06	0
3.31272e+06	0
3.31282e+06	0
3.31292e+06	0
3.31302e+06	0
3.31312e+06	0
3.31322e+06	0
3.31332e+06	0
3.31342e+06	0
3.31352e+06	0
3.31362e+06	0
3.31372e+06	0
3.31382e+06	0
3.31392e+06	0
3.31402e+06	0
3.31412e+06	0
3.31422e+06	0
3.31432e+06	0
3.31442e+06	0
3.31452e+06	0
3.31462e+06	0
3.31472e+06	0
3.31482e+06	0
3.31492e+06	0
3.31502e+06	0
3.31512e+06	0
3.31522e+06	0
3.31532e+06	0
3.31542e+06	0
3.31552e+06	0
3.31562e+06	0
3.31572e+06	0
3.31582e+06	0
3.31592e+06	0
3.31602e+06	0
3.31612e+06	0
3.31622e+06	0
3.31632e+06	0
3.31642e+06	0
3.31652e+06	0
3.31662e+06	0
3.31672e+06	0
3.31682e+06	0
3.31692e+06	0
3.31702e+06	0
3.31712e+06	0
3.31722e+06	0
3.31732e+06	0
3.31742e+06	0
3.31752e+06	0
3.31762e+06	0
3.31772e+06	0
3.31782e+06	0
3.31792e+06	0
3.31802e+06	0
3.31812e+06	0
3.31822e+06	0
3.31832e+06	0
3.31842e+06	0
3.31852e+06	0
3.31862e+06	0
3.31872e+06	0
3.31882e+06	0
3.31892e+06	0
3.31902e+06	0
3.31912e+06	0
3.31922e+06	0
3.31932e+06	0
3.31942e+06	0
3.31952e+06	0
3.31962e+06	0
3.31972e+06	0
3.31982e+06	0
3.31992e+06	0
3.32002e+06	0
3.32012e+06	0
3.32022e+06	0
3.32032e+06	0
3.32042e+06	0
3.32052e+06	0
3.32062e+06	0
3.32072e+06	0
3.32082e+06	0
3.32092e+06	0
3.32102e+06	0
3.32112e+06	0
3.32122e+06	0
3.32132e+06	0
3.32142e+06	0
3.32152e+06	0
3.32162e+06	0
3.32172e+06	0
3.32182e+06	0
3.32192e+06	0
3.32202e+06	0
3.32212e+06	0
3.32222e+06	0
3.32232e+06	0
3.32242e+06	0
3.32252e+06	0
3.32262e+06	0
3.32272e+06	0
3.32282e+06	0
3.32292e+06	0
3.32302e+06	0
3.32312e+06	0
3.32322e+06	0
3.32332e+06	0
3.32342e+06	0
3.32352e+06	0
3.32362e+06	0
3.32372e+06	0
3.32382e+06	0
3.32392e+06	0
3.32402e+06	0
3.32412e+06	0
3.32422e+06	0
3.32432e+06	0
3.32442e+06	0
3.32452e+06	0
3.32462e+06	0
3.32472e+06	0
3.32482e+06	0
3.32492e+06	0
3.32502e+06	0
3.32512e+06	0
3.32522e+06	0
3.32532e+06	0
3.32542e+06	0
3.32552e+06	0
3.32562e+06	0
3.32572e+06	0
3.32582e+06	0
3.32592e+06	0
3.32602e+06	0
3.32612e+06	0
3.32622e+06	0
3.32632e+06	0
3.32642e+06	0
3.32652e+06	0
3.32662e+06	0
3.32672e+06	0
3.32682e+06	0
3.32692e+06	0
3.32702e+06	0
3.32712e+06	0
3.32722e+06	0
3.32732e+06	0
3.32742e+06	0
3.32752e+06	0
3.32762e+06	0
3.32772e+06	0
3.32782e+06	0
3.32792e+06	0
3.32802e+06	0
3.32812e+06	0
3.32822e+06	0
3.32832e+06	0
3.32842e+06	0
3.32852e+06	0
3.32862e+06	0
3.32872e+06	0
3.32882e+06	0
3.32892e+06	0
3.32902e+06	0
3.32912e+06	0
3.32922e+06	0
3.32932e+06	0
3.32942e+06	0
3.32952e+06	0
3.32962e+06	0
3.32972e+06	0
3.32982e+06	0
3.32992e+06	0
3.33002e+06	0
3.33012e+06	0
3.33022e+06	0
3.33032e+06	0
3.33042e+06	0
3.33052e+06	0
3.33062e+06	0
3.33072e+06	0
3.33082e+06	0
3.33092e+06	0
3.33102e+06	0
3.33112e+06	0
3.33122e+06	0
3.33132e+06	0
3.33142e+06	0
3.33152e+06	0
3.33162e+06	0
3.33172e+06	0
3.33182e+06	0
3.33192e+06	0
3.33202e+06	0
3.33212e+06	0
3.33222e+06	0
3.33232e+06	0
3.33242e+06	0
3.33252e+06	0
3.33262e+06	0
3.33272e+06	0
3.33282e+06	0
3.33292e+06	0
3.33302e+06	0
3.33312e+06	0
3.33322e+06	0
3.33332e+06	0
3.33342e+06	0
3.33352e+06	0
3.33362e+06	0
3.33372e+06	0
3.33382e+06	0
3.33392e+06	0
3.33402e+06	0
3.33412e+06	0
3.33422e+06	0
3.33432e+06	0
3.33442e+06	0
3.33452e+06	0
3.33462e+06	0
3.33472e+06	0
3.33482e+06	0
3.33492e+06	0
3.33502e+06	0
3.33512e+06	0
3.33522e+06	0
3.33532e+06	0
3.33542e+06	0
3.33552e+06	0
3.33562e+06	0
3.33572e+06	0
3.33582e+06	0
3.33592e+06	0
3.33602e+06	0
3.33612e+06	0
3.33622e+06	0
3.33632e+06	0
3.33642e+06	0
3.33652e+06	0
3.33662e+06	0
3.33672e+06	0
3.33682e+06	0
3.33692e+06	0
3.33702e+06	0
3.33712e+06	0
3.33722e+06	0
3.33732e+06	0
3.33742e+06	0
3.33752e+06	0
3.33762e+06	0
3.33772e+06	0
3.33782e+06	0
3.33792e+06	0
3.33802e+06	0
3.33812e+06	0
3.33822e+06	0
3.33832e+06	0
3.33842e+06	0
3.33852e+06	0
3.33862e+06	0
3.33872e+06	0
3.33882e+06	0
3.33892e+06	0
3.33902e+06	0
3.33912e+06	0
3.33922e+06	0
3.33932e+06	0
3.33942e+06	0
3.33952e+06	0
3.33962e+06	0
3.33972e+06	0
3.33982e+06	0
3.33992e+06	0
3.34002e+06	0
3.34012e+06	0
3.34022e+06	0
3.34032e+06	0
3.34042e+06	0
3.34052e+06	0
3.34062e+06	0
3.34072e+06	0
3.34082e+06	0
3.34092e+06	0
3.34102e+06	0
3.34112e+06	0
3.34122e+06	0
3.34132e+06	0
3.34142e+06	0
3.34152e+06	0
3.34162e+06	0
3.34172e+06	0
3.34182e+06	0
3.34192e+06	0
3.34202e+06	0
3.34212e+06	0
3.34222e+06	0
3.34232e+06	0
3.34242e+06	0
3.34252e+06	0
3.34262e+06	0
3.34272e+06	0
3.34282e+06	0
3.34292e+06	0
3.34302e+06	0
3.34312e+06	0
3.34322e+06	0
3.34332e+06	0
3.34342e+06	0
3.34352e+06	0
3.34362e+06	0
3.34372e+06	0
3.34382e+06	0
3.34392e+06	0
3.34402e+06	0
3.34412e+06	0
3.34422e+06	0
3.34432e+06	0
3.34442e+06	0
3.34452e+06	0
3.34462e+06	0
3.34472e+06	0
3.34482e+06	0
3.34492e+06	0
3.34502e+06	0
3.34512e+06	0
3.34522e+06	0
3.34532e+06	0
3.34542e+06	0
3.34552e+06	0
3.34562e+06	0
3.34572e+06	0
3.34582e+06	0
3.34592e+06	0
3.34602e+06	0
3.34612e+06	0
3.34622e+06	0
3.34632e+06	0
3.34642e+06	0
3.34652e+06	0
3.34662e+06	0
3.34672e+06	0
3.34682e+06	0
3.34692e+06	0
3.34702e+06	0
3.34712e+06	0
3.34722e+06	0
3.34732e+06	0
3.34742e+06	0
3.34752e+06	0
3.34762e+06	0
3.34772e+06	0
3.34782e+06	0
3.34792e+06	0
3.34802e+06	0
3.34812e+06	0
3.34822e+06	0
3.34832e+06	0
3.34842e+06	0
3.34852e+06	0
3.34862e+06	0
3.34872e+06	0
3.34882e+06	0
3.34892e+06	0
3.34902e+06	0
3.34912e+06	0
3.34922e+06	0
3.34932e+06	0
3.34942e+06	0
3.34952e+06	0
3.34962e+06	0
3.34972e+06	0
3.34982e+06	0
3.34992e+06	0
3.35002e+06	0
3.35012e+06	0
3.35022e+06	0
3.35032e+06	0
3.35042e+06	0
3.35052e+06	0
3.35062e+06	0
3.35072e+06	0
3.35082e+06	0
3.35092e+06	0
3.35102e+06	0
3.35112e+06	0
3.35122e+06	0
3.35132e+06	0
3.35142e+06	0
3.35152e+06	0
3.35162e+06	0
3.35172e+06	0
3.35182e+06	0
3.35192e+06	0
3.35202e+06	0
3.35212e+06	0
3.35222e+06	0
3.35232e+06	0
3.35242e+06	0
3.35252e+06	0
3.35262e+06	0
3.35272e+06	0
3.35282e+06	0
3.35292e+06	0
3.35302e+06	0
3.35312e+06	0
3.35322e+06	0
3.35332e+06	0
3.35342e+06	0
3.35352e+06	0
3.35362e+06	0
3.35372e+06	0
3.35382e+06	0
3.35392e+06	0
3.35402e+06	0
3.35412e+06	0
3.35422e+06	0
3.35432e+06	0
3.35442e+06	0
3.35452e+06	0
3.35462e+06	0
3.35472e+06	0
3.35482e+06	0
3.35492e+06	0
3.35502e+06	0
3.35512e+06	0
3.35522e+06	0
3.35532e+06	0
3.35542e+06	0
3.35552e+06	0
3.35562e+06	0
3.35572e+06	0
3.35582e+06	0
3.35592e+06	0
3.35602e+06	0
3.35612e+06	0
3.35622e+06	0
3.35632e+06	0
3.35642e+06	0
3.35652e+06	0
3.35662e+06	0
3.35672e+06	0
3.35682e+06	0
3.35692e+06	0
3.35702e+06	0
3.35712e+06	0
3.35722e+06	0
3.35732e+06	0
3.35742e+06	0
3.35752e+06	0
3.35762e+06	0
3.35772e+06	0
3.35782e+06	0
3.35792e+06	0
3.35802e+06	0
3.35812e+06	0
3.35822e+06	0
3.35832e+06	0
3.35842e+06	0
3.35852e+06	0
3.35862e+06	0
3.35872e+06	0
3.35882e+06	0
3.35892e+06	0
3.35902e+06	0
3.35912e+06	0
3.35922e+06	0
3.35932e+06	0
3.35942e+06	0
3.35952e+06	0
3.35962e+06	0
3.35972e+06	0
3.35982e+06	0
3.35992e+06	0
3.36002e+06	0
3.36012e+06	0
3.36022e+06	0
3.36032e+06	0
3.36042e+06	0
3.36052e+06	0
3.36062e+06	0
3.36072e+06	0
3.36082e+06	0
3.36092e+06	0
3.36102e+06	0
3.36112e+06	0
3.36122e+06	0
3.36132e+06	0
3.36142e+06	0
3.36152e+06	0
3.36162e+06	0
3.36172e+06	0
3.36182e+06	0
3.36192e+06	0
3.36202e+06	0
3.36212e+06	0
3.36222e+06	0
3.36232e+06	0
3.36242e+06	0
3.36252e+06	0
3.36262e+06	0
3.36272e+06	0
3.36282e+06	0
3.36292e+06	0
3.36302e+06	0
3.36312e+06	0
3.36322e+06	0
3.36332e+06	0
3.36342e+06	0
3.36352e+06	0
3.36362e+06	0
3.36372e+06	0
3.36382e+06	0
3.36392e+06	0
3.36402e+06	0
3.36412e+06	0
3.36422e+06	0
3.36432e+06	0
3.36442e+06	0
3.36452e+06	0
3.36462e+06	0
3.36472e+06	0
3.36482e+06	0
3.36492e+06	0
3.36502e+06	0
3.36512e+06	0
3.36522e+06	0
3.36532e+06	0
3.36542e+06	0
3.36552e+06	0
3.36562e+06	0
3.36572e+06	0
3.36582e+06	0
3.36592e+06	0
3.36602e+06	0
3.36612e+06	0
3.36622e+06	0
3.36632e+06	0
3.36642e+06	0
3.36652e+06	0
3.36662e+06	0
3.36672e+06	0
3.36682e+06	0
3.36692e+06	0
3.36702e+06	0
3.36712e+06	0
3.36722e+06	0
3.36732e+06	0
3.36742e+06	0
3.36752e+06	0
3.36762e+06	0
3.36772e+06	0
3.36782e+06	0
3.36792e+06	0
3.36802e+06	0
3.36812e+06	0
3.36822e+06	0
3.36832e+06	0
3.36842e+06	0
3.36852e+06	0
3.36862e+06	0
3.36872e+06	0
3.36882e+06	0
3.36892e+06	0
3.36902e+06	0
3.36912e+06	0
3.36922e+06	0
3.36932e+06	0
3.36942e+06	0
3.36952e+06	0
3.36962e+06	0
3.36972e+06	0
3.36982e+06	0
3.36992e+06	0
3.37002e+06	0
3.37012e+06	0
3.37022e+06	0
3.37032e+06	0
3.37042e+06	0
3.37052e+06	0
3.37062e+06	0
3.37072e+06	0
3.37082e+06	0
3.37092e+06	0
3.37102e+06	0
3.37112e+06	0
3.37122e+06	0
3.37132e+06	0
3.37142e+06	0
3.37152e+06	0
3.37162e+06	0
3.37172e+06	0
3.37182e+06	0
3.37192e+06	0
3.37202e+06	0
3.37212e+06	0
3.37222e+06	0
3.37232e+06	0
3.37242e+06	0
3.37252e+06	0
3.37262e+06	0
3.37272e+06	0
3.37282e+06	0
3.37292e+06	5.92879e-323
3.37302e+06	2.5642e-321
3.37312e+06	1.19381e-319
3.37322e+06	5.49696e-318
3.37332e+06	2.50598e-316
3.37342e+06	1.13107e-314
3.37352e+06	5.05429e-313
3.37362e+06	2.23608e-311
3.37372e+06	9.79424e-310
3.37382e+06	4.24729e-308
3.37392e+06	1.82352e-306
3.37402e+06	7.75112e-305
3.37412e+06	3.26194e-303
3.37422e+06	1.35908e-301
3.37432e+06	5.60624e-300
3.37442e+06	2.28958e-298
3.37452e+06	9.25753e-297
3.37462e+06	3.70589e-295
3.37472e+06	1.46875e-293
3.37482e+06	5.76313e-292
3.37492e+06	2.23886e-290
3.37502e+06	8.61097e-289
3.37512e+06	3.27895e-287
3.37522e+06	1.23616e-285
3.37532e+06	4.61393e-284
3.37542e+06	1.705e-282
3.37552e+06	6.23786e-281
3.37562e+06	2.25945e-279
3.37572e+06	8.10267e-278
3.37582e+06	2.8768e-276
3.37592e+06	1.01123e-274
3.37602e+06	3.51921e-273
3.37612e+06	1.21255e-271
3.37622e+06	4.13626e-270
3.37632e+06	1.39693e-268
3.37642e+06	4.67089e-267
3.37652e+06	1.54625e-265
3.37662e+06	5.0678e-264
3.37672e+06	1.64443e-262
3.37682e+06	5.28284e-261
3.37692e+06	1.68026e-259
3.37702e+06	5.29107e-258
3.37712e+06	1.64956e-256
3.37722e+06	5.09152e-255
3.37732e+06	1.55591e-253
3.37742e+06	4.70739e-252
3.37752e+06	1.41004e-250
3.37762e+06	4.18159e-249
3.37772e+06	1.22774e-247
3.37782e+06	3.56887e-246
3.37792e+06	1.02709e-244
3.37802e+06	2.92649e-243
3.37812e+06	8.25547e-242
3.37822e+06	2.30565e-240
3.37832e+06	6.37531e-239
3.37842e+06	1.74529e-237
3.37852e+06	4.7303e-236
3.37862e+06	1.26931e-234
3.37872e+06	3.37214e-233
3.37882e+06	8.86949e-232
3.37892e+06	2.30967e-230
3.37902e+06	5.95466e-229
3.37912e+06	1.51992e-227
3.37922e+06	3.84099e-226
3.37932e+06	9.60998e-225
3.37942e+06	2.38045e-223
3.37952e+06	5.83783e-222
3.37962e+06	1.41743e-220
3.37972e+06	3.40729e-219
3.37982e+06	8.1091e-218
3.37992e+06	1.91071e-216
3.38002e+06	4.4573e-215
3.38012e+06	1.02946e-213
3.38022e+06	2.35396e-212
3.38032e+06	5.32904e-211
3.38042e+06	1.19442e-209
3.38052e+06	2.65045e-208
3.38062e+06	5.82291e-207
3.38072e+06	1.26654e-205
3.38082e+06	2.72742e-204
3.38092e+06	5.81492e-203
3.38102e+06	1.22742e-201
3.38112e+06	2.56507e-200
3.38122e+06	5.30715e-199
3.38132e+06	1.08713e-197
3.38142e+06	2.20475e-196
3.38152e+06	4.42683e-195
3.38162e+06	8.80002e-194
3.38172e+06	1.73194e-192
3.38182e+06	3.37471e-191
3.38192e+06	6.51028e-190
3.38202e+06	1.24342e-188
3.38212e+06	2.35123e-187
3.38222e+06	4.40178e-186
3.38232e+06	8.15867e-185
3.38242e+06	1.49715e-183
3.38252e+06	2.72002e-182
3.38262e+06	4.89252e-181
3.38272e+06	8.71268e-180
3.38282e+06	1.53613e-178
3.38292e+06	2.68139e-177
3.38302e+06	4.63394e-176
3.38312e+06	7.92861e-175
3.38322e+06	1.34308e-173
3.38332e+06	2.25249e-172
3.38342e+06	3.74008e-171
3.38352e+06	6.14831e-170
3.38362e+06	1.00066e-168
3.38372e+06	1.61242e-167
3.38382e+06	2.57231e-166
3.38392e+06	4.06281e-165
3.38402e+06	6.35313e-164
3.38412e+06	9.83569e-163
3.38422e+06	1.50758e-161
3.38432e+06	2.28776e-160
3.38442e+06	3.43716e-159
3.38452e+06	5.11264e-158
3.38462e+06	7.52919e-157
3.38472e+06	1.09776e-155
3.38482e+06	1.58462e-154
3.38492e+06	2.26464e-153
3.38502e+06	3.20428e-152
3.38512e+06	4.48867e-151
3.38522e+06	6.22534e-150
3.38532e+06	8.54802e-149
3.38542e+06	1.16205e-147
3.38552e+06	1.56402e-146
3.38562e+06	2.08408e-145
3.38572e+06	2.74944e-144
3.38582e+06	3.59114e-143
3.38592e+06	4.64383e-142
3.38602e+06	5.94536e-141
3.38612e+06	7.53593e-140
3.38622e+06	9.45698e-139
3.38632e+06	1.17497e-137
3.38642e+06	1.44529e-136
3.38652e+06	1.76012e-135
3.38662e+06	2.1222e-134
3.38672e+06	2.5333e-133
3.38682e+06	2.99395e-132
3.38692e+06	3.50316e-131
3.38702e+06	4.05819e-130
3.38712e+06	4.65437e-129
3.38722e+06	5.28503e-128
3.38732e+06	5.94142e-127
3.38742e+06	6.61288e-126
3.38752e+06	7.28699e-125
3.38762e+06	7.94992e-124
3.38772e+06	8.58686e-123
3.38782e+06	9.18254e-122
3.38792e+06	9.72184e-121
3.38802e+06	1.01904e-119
3.38812e+06	1.05753e-118
3.38822e+06	1.08654e-117
3.38832e+06	1.10525e-116
3.38842e+06	1.1131e-115
3.38852e+06	1.10984e-114
3.38862e+06	1.09558e-113
3.38872e+06	1.07075e-112
3.38882e+06	1.03606e-111
3.38892e+06	9.92528e-111
3.38902e+06	9.4136e-110
3.38912e+06	8.83947e-109
3.38922e+06	8.21776e-108
3.38932e+06	7.56376e-107
3.38942e+06	6.89254e-106
3.38952e+06	6.21839e-105
3.38962e+06	5.55435e-104
3.38972e+06	4.91186e-103
3.38982e+06	4.30047e-102
3.38992e+06	3.72771e-101
3.39002e+06	3.19909e-100
3.39012e+06	2.71811e-99
3.39022e+06	2.28647e-98
3.39032e+06	1.90423e-97
3.39042e+06	1.57012e-96
3.39052e+06	1.28174e-95
3.39062e+06	1.03592e-94
3.39072e+06	8.28915e-94
3.39082e+06	6.56675e-93
3.39092e+06	5.15048e-92
3.39102e+06	3.99946e-91
3.39112e+06	3.07477e-90
3.39122e+06	2.34035e-89
3.39132e+06	1.76363e-88
3.39142e+06	1.3158e-87
3.39152e+06	9.71917e-87
3.39162e+06	7.10765e-86
3.39172e+06	5.14612e-85
3.39182e+06	3.68884e-84
3.39192e+06	2.61793e-83
3.39202e+06	1.83943e-82
3.39212e+06	1.27957e-81
3.39222e+06	8.8126e-81
3.39232e+06	6.00897e-80
3.39242e+06	4.05651e-79
3.39252e+06	2.71121e-78
3.39262e+06	1.79403e-77
3.39272e+06	1.17532e-76
3.39282e+06	7.62318e-76
3.39292e+06	4.89524e-75
3.39302e+06	3.11222e-74
3.39312e+06	1.95895e-73
3.39322e+06	1.22076e-72
3.39332e+06	7.53179e-72
3.39342e+06	4.60068e-71
3.39352e+06	2.78229e-70
3.39362e+06	1.66587e-69
3.39372e+06	9.87496e-69
3.39382e+06	5.79545e-68
3.39392e+06	3.36741e-67
3.39402e+06	1.93714e-66
3.39412e+06	1.10328e-65
3.39422e+06	6.22107e-65
3.39432e+06	3.47298e-64
3.39442e+06	1.91954e-63
3.39452e+06	1.05038e-62
3.39462e+06	5.69057e-62
3.39472e+06	3.05226e-61
3.39482e+06	1.62085e-60
3.39492e+06	8.52164e-60
3.39502e+06	4.43568e-59
3.39512e+06	2.28588e-58
3.39522e+06	1.16628e-57
3.39532e+06	5.89131e-57
3.39542e+06	2.9463e-56
3.39552e+06	1.45881e-55
3.39562e+06	7.15117e-55
3.39572e+06	3.47067e-54
3.39582e+06	1.66765e-53
3.39592e+06	7.93334e-53
3.39602e+06	3.73648e-52
3.39612e+06	1.74232e-51
3.39622e+06	8.04356e-51
3.39632e+06	3.67643e-50
3.39642e+06	1.66365e-49
3.39652e+06	7.4534e-49
3.39662e+06	3.30601e-48
3.39672e+06	1.45181e-47
3.39682e+06	6.3121e-47
3.39692e+06	2.71703e-46
3.39702e+06	1.1579e-45
3.39712e+06	4.88547e-45
3.39722e+06	2.04079e-44
3.39732e+06	8.44009e-44
3.39742e+06	3.45584e-43
3.39752e+06	1.40093e-42
3.39762e+06	5.62258e-42
3.39772e+06	2.23415e-41
3.39782e+06	8.78915e-41
3.39792e+06	3.42325e-40
3.39802e+06	1.32004e-39
3.39812e+06	5.03955e-39
3.39822e+06	1.90482e-38
3.39832e+06	7.12809e-38
3.39842e+06	2.64089e-37
3.39852e+06	9.68686e-37
3.39862e+06	3.51782e-36
3.39872e+06	1.2648e-35
3.39882e+06	4.50221e-35
3.39892e+06	1.58667e-34
3.39902e+06	5.53613e-34
3.39912e+06	1.91241e-33
3.39922e+06	6.54056e-33
3.39932e+06	2.21465e-32
3.39942e+06	7.42424e-32
3.39952e+06	2.46409e-31
3.39962e+06	8.09687e-31
3.39972e+06	2.63412e-30
3.39982e+06	8.48419e-30
3.39992e+06	2.70547e-29
3.40002e+06	8.54145e-29
3.40012e+06	2.6698e-28
3.40022e+06	8.26193e-28
3.40032e+06	2.53129e-27
3.40042e+06	7.6782e-27
3.40052e+06	2.30587e-26
3.40062e+06	6.85592e-26
3.40072e+06	2.01815e-25
3.40082e+06	5.88166e-25
3.40092e+06	1.69708e-24
3.40102e+06	4.848e-24
3.40112e+06	1.37113e-23
3.40122e+06	3.83931e-23
3.40132e+06	1.06435e-22
3.40142e+06	2.92128e-22
3.40152e+06	7.93812e-22
3.40162e+06	2.1356e-21
3.40172e+06	5.68826e-21
3.40182e+06	1.50001e-20
3.40192e+06	3.91623e-20
3.40202e+06	1.01228e-19
3.40212e+06	2.59052e-19
3.40222e+06	6.56343e-19
3.40232e+06	1.64639e-18
3.40242e+06	4.08876e-18
3.40252e+06	1.00533e-17
3.40262e+06	2.44726e-17
3.40272e+06	5.89806e-17
3.40282e+06	1.40733e-16
3.40292e+06	3.32461e-16
3.40302e+06	7.77573e-16
3.40312e+06	1.80052e-15
3.40322e+06	4.12776e-15
3.40332e+06	9.36885e-15
3.40342e+06	2.10531e-14
3.40352e+06	4.68384e-14
3.40362e+06	1.03168e-13
3.40372e+06	2.24981e-13
3.40382e+06	4.85739e-13
3.40392e+06	1.03829e-12
3.40402e+06	2.1973e-12
3.40412e+06	4.60381e-12
3.40422e+06	9.54998e-12
3.40432e+06	1.96131e-11
3.40442e+06	3.98791e-11
3.40452e+06	8.0279e-11
3.40462e+06	1.59998e-10
3.40472e+06	3.15709e-10
3.40482e+06	6.16758e-10
3.40492e+06	1.19289e-09
3.40502e+06	2.28424e-09
3.40512e+06	4.33053e-09
3.40522e+06	8.12824e-09
3.40532e+06	1.51046e-08
3.40542e+06	2.77895e-08
3.40552e+06	5.06183e-08
3.40562e+06	9.12834e-08
3.40572e+06	1.6298e-07
3.40582e+06	2.88092e-07
3.40592e+06	5.04182e-07
3.40602e+06	8.73575e-07
3.40612e+06	1.49854e-06
3.40622e+06	2.54505e-06
3.40632e+06	4.27937e-06
3.40642e+06	7.12395e-06
3.40652e+06	1.17414e-05
3.40662e+06	1.9159e-05
3.40672e+06	3.09518e-05
3.40682e+06	4.95057e-05
3.40692e+06	7.83937e-05
3.40702e+06	0.000122903
3.40712e+06	0.000190767
3.40722e+06	0.000293158
3.40732e+06	0.000446022
3.40742e+06	0.000671842
3.40752e+06	0.00100193
3.40762e+06	0.00147932
3.40772e+06	0.00216244
3.40782e+06	0.00312956
3.40792e+06	0.00448415
3.40802e+06	0.00636112
3.40812e+06	0.00893397
3.40822e+06	0.0124226
3.40832e+06	0.0171016
3.40842e+06	0.0233087
3.40852e+06	0.0314527
3.40862e+06	0.0420198
3.40872e+06	0.0555785
3.40882e+06	0.0727809
3.40892e+06	0.0943592
3.40902e+06	0.121118
3.40912e+06	0.153918
3.40922e+06	0.193655
3.40932e+06	0.241226
3.40942e+06	0.297493
3.40952e+06	0.363233
3.40962e+06	0.439089
3.40972e+06	0.525504
3.40982e+06	0.622668
3.40992e+06	0.730457
3.41002e+06	0.848378
3.41012e+06	0.975531
3.41022e+06	1.11058
3.41032e+06	1.25175
3.41042e+06	1.39682
3.41052e+06	1.54319
3.41062e+06	1.68794
3.41072e+06	1.82789
3.41082e+06	1.95975
3.41092e+06	2.08022
3.41102e+06	2.18613
3.41112e+06	2.27456
3.41122e+06	2.34303
3.41132e+06	2.38954
3.41142e+06	2.41272
3.41152e+06	2.41189
3.41162e+06	2.38707
3.41172e+06	2.339
3.41182e+06	2.26909
3.41192e+06	2.17937
3.41202e+06	2.07237
3.41212e+06	1.95101
3.41222e+06	1.81849
3.41232e+06	1.6781
3.41242e+06	1.53314
3.41252e+06	1.38676
3.41262e+06	1.24188
3.41272e+06	1.10107
3.41282e+06	0.966514
3.41292e+06	0.839958
3.41302e+06	0.72271
3.41312e+06	0.615641
3.41322e+06	0.519216
3.41332e+06	0.433537
3.41342e+06	0.358394
3.41352e+06	0.293327
3.41362e+06	0.237685
3.41372e+06	0.190681
3.41382e+06	0.15145
3.41392e+06	0.119094
3.41402e+06	0.0927186
3.41412e+06	0.0714662
3.41422e+06	0.0545371
3.41432e+06	0.0412041
3.41442e+06	0.0308209
3.41452e+06	0.0228248
3.41462e+06	0.0167351
3.41472e+06	0.012148
3.41482e+06	0.00873045
3.41492e+06	0.00621194
3.41502e+06	0.00437598
3.41512e+06	0.00305197
3.41522e+06	0.00210737
3.41532e+06	0.00144065
3.41542e+06	0.00097507
3.41552e+06	0.000653384
3.41562e+06	0.000433469
3.41572e+06	0.000284712
3.41582e+06	0.000185144
3.41592e+06	0.000119198
3.41602e+06	7.59781e-05
3.41612e+06	4.79473e-05
3.41622e+06	2.99568e-05
3.41632e+06	1.85304e-05
3.41642e+06	1.13483e-05
3.41652e+06	6.88074e-06
3.41662e+06	4.13043e-06
3.41672e+06	2.45478e-06
3.41682e+06	1.4444e-06
3.41692e+06	8.41432e-07
3.41702e+06	4.85297e-07
3.41712e+06	2.77111e-07
3.41722e+06	1.56659e-07
3.41732e+06	8.76832e-08
3.41742e+06	4.85885e-08
3.41752e+06	2.66567e-08
3.41762e+06	1.4479e-08
3.41772e+06	7.78621e-09
3.41782e+06	4.14545e-09
3.41792e+06	2.18511e-09
3.41802e+06	1.14034e-09
3.41812e+06	5.89181e-10
3.41822e+06	3.01385e-10
3.41832e+06	1.52634e-10
3.41842e+06	7.65315e-11
3.41852e+06	3.79913e-11
3.41862e+06	1.86718e-11
3.41872e+06	9.08541e-12
3.41882e+06	4.37684e-12
3.41892e+06	2.08753e-12
3.41902e+06	9.85741e-13
3.41912e+06	4.60839e-13
3.41922e+06	2.13301e-13
3.41932e+06	9.7745e-14
3.41942e+06	4.43458e-14
3.41952e+06	1.99191e-14
3.41962e+06	8.85839e-15
3.41972e+06	3.90083e-15
3.41982e+06	1.70207e-15
3.41992e+06	7.38854e-16
3.42002e+06	3.26521e-16
3.42012e+06	1.65096e-16
3.42022e+06	1.35641e-16
3.42032e+06	2.18549e-16
3.42042e+06	4.81935e-16
3.42052e+06	1.13424e-15
3.42062e+06	2.6791e-15
3.42072e+06	6.27975e-15
3.42082e+06	1.45789e-14
3.42092e+06	3.35116e-14
3.42102e+06	7.62654e-14
3.42112e+06	1.71837e-13
3.42122e+06	3.83323e-13
3.42132e+06	8.46581e-13
3.42142e+06	1.8511e-12
3.42152e+06	4.00727e-12
3.42162e+06	8.58862e-12
3.42172e+06	1.82245e-11
3.42182e+06	3.82865e-11
3.42192e+06	7.96328e-11
3.42202e+06	1.63982e-10
3.42212e+06	3.34315e-10
3.42222e+06	6.74798e-10
3.42232e+06	1.34849e-09
3.42242e+06	2.66796e-09
3.42252e+06	5.22599e-09
3.42262e+06	1.01348e-08
3.42272e+06	1.94589e-08
3.42282e+06	3.69894e-08
3.42292e+06	6.96137e-08
3.42302e+06	1.29709e-07
3.42312e+06	2.39277e-07
3.42322e+06	4.37007e-07
3.42332e+06	7.90194e-07
3.42342e+06	1.41461e-06
3.42352e+06	2.50724e-06
3.42362e+06	4.39959e-06
3.42372e+06	7.64338e-06
3.42382e+06	1.31467e-05
3.42392e+06	2.23874e-05
3.42402e+06	3.7744e-05
3.42412e+06	6.30013e-05
3.42422e+06	0.000104114
3.42432e+06	0.000170343
3.42442e+06	0.000275929
3.42452e+06	0.000442514
3.42462e+06	0.00070261
3.42472e+06	0.00110448
3.42482e+06	0.00171893
3.42492e+06	0.00264861
3.42502e+06	0.00404048
3.42512e+06	0.00610246
3.42522e+06	0.00912503
3.42532e+06	0.0135089
3.42542e+06	0.0197999
3.42552e+06	0.0287319
3.42562e+06	0.0412783
3.42572e+06	0.0587133
3.42582e+06	0.0826815
3.42592e+06	0.115276
3.42602e+06	0.159119
3.42612e+06	0.217453
3.42622e+06	0.294215
3.42632e+06	0.394115
3.42642e+06	0.522681
3.42652e+06	0.68629
3.42662e+06	0.892145
3.42672e+06	1.14821
3.42682e+06	1.46306
3.42692e+06	1.8457
3.42702e+06	2.30525
3.42712e+06	2.85057
3.42722e+06	3.48981
3.42732e+06	4.2299
3.42742e+06	5.07591
3.42752e+06	6.03054
3.42762e+06	7.0934
3.42772e+06	8.26057
3.42782e+06	9.52408
3.42792e+06	10.8716
3.42802e+06	12.2863
3.42812e+06	13.7469
3.42822e+06	15.2281
3.42832e+06	16.701
3.42842e+06	18.1342
3.42852e+06	19.4944
3.42862e+06	20.7481
3.42872e+06	21.8628
3.42882e+06	22.8081
3.42892e+06	23.5575
3.42902e+06	24.0894
3.42912e+06	24.3883
3.42922e+06	24.4451
3.42932e+06	24.2583
3.42942e+06	23.8334
3.42952e+06	23.183
3.42962e+06	22.3259
3.42972e+06	21.2866
3.42982e+06	20.0937
3.42992e+06	18.7789
3.43002e+06	17.3756
3.43012e+06	15.9171
3.43022e+06	14.436
3.43032e+06	12.9624
3.43042e+06	11.5234
3.43052e+06	10.1422
3.43062e+06	8.83781
3.43072e+06	7.62451
3.43082e+06	6.51233
3.43092e+06	5.50703
3.43102e+06	4.61059
3.43112e+06	3.82166
3.43122e+06	3.13621
3.43132e+06	2.54809
3.43142e+06	2.04966
3.43152e+06	1.63232
3.43162e+06	1.28702
3.43172e+06	1.00467
3.43182e+06	0.776459
3.43192e+06	0.594115
3.43202e+06	0.45007
3.43212e+06	0.337556
3.43222e+06	0.250651
3.43232e+06	0.184268
3.43242e+06	0.134118
3.43252e+06	0.0966453
3.43262e+06	0.0689497
3.43272e+06	0.0487013
3.43282e+06	0.034057
3.43292e+06	0.0235792
3.43302e+06	0.0161625
3.43312e+06	0.0109684
3.43322e+06	0.00736951
3.43332e+06	0.00490218
3.43342e+06	0.00322848
3.43352e+06	0.00210505
3.43362e+06	0.00135889
3.43372e+06	0.000868487
3.43382e+06	0.00054954
3.43392e+06	0.000344265
3.43402e+06	0.000213522
3.43412e+06	0.000131114
3.43422e+06	7.97103e-05
3.43432e+06	4.79773e-05
3.43442e+06	2.859e-05
3.43452e+06	1.68674e-05
3.43462e+06	9.8524e-06
3.43472e+06	5.69759e-06
3.43482e+06	3.26211e-06
3.43492e+06	1.84911e-06
3.43502e+06	1.03773e-06
3.43512e+06	5.76581e-07
3.43522e+06	3.17172e-07
3.43532e+06	1.72738e-07
3.43542e+06	9.31399e-08
3.43552e+06	4.97212e-08
3.43562e+06	2.62788e-08
3.43572e+06	1.37507e-08
3.43582e+06	7.12365e-09
3.43592e+06	3.65373e-09
3.43602e+06	1.85536e-09
3.43612e+06	9.32773e-10
3.43622e+06	4.64282e-10
3.43632e+06	2.28794e-10
3.43642e+06	1.11626e-10
3.43652e+06	5.39188e-11
3.43662e+06	2.57854e-11
3.43672e+06	1.22086e-11
3.43682e+06	5.72285e-12
3.43692e+06	2.65593e-12
3.43702e+06	1.22033e-12
3.43712e+06	5.55134e-13
3.43722e+06	2.50019e-13
3.43732e+06	1.11482e-13
3.43742e+06	4.92149e-14
3.43752e+06	2.15102e-14
3.43762e+06	9.30782e-15
3.43772e+06	3.98758e-15
3.43782e+06	1.69133e-15
3.43792e+06	7.10236e-16
3.43802e+06	2.95281e-16
3.43812e+06	1.21541e-16
3.43822e+06	4.95303e-17
3.43832e+06	1.99836e-17
3.43842e+06	7.98243e-18
3.43852e+06	3.15684e-18
3.43862e+06	1.23603e-18
3.43872e+06	4.79137e-19
3.43882e+06	1.83886e-19
3.43892e+06	6.98705e-20
3.43902e+06	2.62843e-20
3.43912e+06	9.78942e-21
3.43922e+06	3.60972e-21
3.43932e+06	1.3178e-21
3.43942e+06	4.76299e-22
3.43952e+06	1.70438e-22
3.43962e+06	6.03827e-23
3.43972e+06	2.11795e-23
3.43982e+06	7.35486e-24
3.43992e+06	2.52866e-24
3.44002e+06	8.60725e-25
3.44012e+06	2.90065e-25
3.44022e+06	9.67793e-26
3.44032e+06	3.19689e-26
3.44042e+06	1.04551e-26
3.44052e+06	3.38523e-27
3.44062e+06	1.08518e-27
3.44072e+06	3.4441e-28
3.44082e+06	1.0822e-28
3.44092e+06	3.36661e-29
3.44102e+06	1.0369e-29
3.44112e+06	3.16183e-30
3.44122e+06	9.54545e-31
3.44132e+06	2.85307e-31
3.44142e+06	8.44275e-32
3.44152e+06	2.47351e-32
3.44162e+06	7.17463e-33
3.44172e+06	2.06036e-33
3.44182e+06	5.85792e-34
3.44192e+06	1.64893e-34
3.44202e+06	4.59532e-35
3.44212e+06	1.26791e-35
3.44222e+06	3.46351e-36
3.44232e+06	9.36703e-37
3.44242e+06	2.5081e-37
3.44252e+06	6.64882e-38
3.44262e+06	1.74502e-38
3.44272e+06	4.53435e-39
3.44282e+06	1.1665e-39
3.44292e+06	2.97108e-40
3.44302e+06	7.49203e-41
3.44312e+06	1.87043e-41
3.44322e+06	4.62318e-42
3.44332e+06	1.13135e-42
3.44342e+06	2.74101e-43
3.44352e+06	6.57478e-44
3.44362e+06	1.56138e-44
3.44372e+06	3.67107e-45
3.44382e+06	8.54545e-46
3.44392e+06	1.9694e-46
3.44402e+06	4.49355e-47
3.44412e+06	1.01508e-47
3.44422e+06	2.27024e-48
3.44432e+06	5.02688e-49
3.44442e+06	1.102e-49
3.44452e+06	2.39179e-50
3.44462e+06	5.13951e-51
3.44472e+06	1.09339e-51
3.44482e+06	2.30297e-52
3.44492e+06	4.80239e-53
3.44502e+06	9.9148e-54
3.44512e+06	2.0266e-54
3.44522e+06	4.10117e-55
3.44532e+06	8.21685e-56
3.44542e+06	1.6299e-56
3.44552e+06	3.20089e-57
3.44562e+06	6.22357e-58
3.44572e+06	1.19802e-58
3.44582e+06	2.28322e-59
3.44592e+06	4.30812e-60
3.44602e+06	8.04794e-61
3.44612e+06	1.48846e-61
3.44622e+06	2.72552e-62
3.44632e+06	4.94103e-63
3.44642e+06	8.86834e-64
3.44652e+06	1.57588e-64
3.44662e+06	2.77245e-65
3.44672e+06	4.82903e-66
3.44682e+06	8.32747e-67
3.44692e+06	1.42175e-67
3.44702e+06	2.4032e-68
3.44712e+06	4.02175e-69
3.44722e+06	6.66341e-70
3.44732e+06	1.09304e-70
3.44742e+06	1.77513e-71
3.44752e+06	2.85419e-72
3.44762e+06	4.54353e-73
3.44772e+06	7.16077e-74
3.44782e+06	1.11734e-74
3.44792e+06	1.72609e-75
3.44802e+06	2.63999e-76
3.44812e+06	3.99758e-77
3.44822e+06	5.99307e-78
3.44832e+06	8.89525e-79
3.44842e+06	1.30715e-79
3.44852e+06	1.90172e-80
3.44862e+06	2.73923e-81
3.44872e+06	3.9063e-82
3.44882e+06	5.51518e-83
3.44892e+06	7.70923e-84
3.44902e+06	1.06689e-84
3.44912e+06	1.46179e-85
3.44922e+06	1.98293e-86
3.44932e+06	2.6631e-87
3.44942e+06	3.54098e-88
3.44952e+06	4.66141e-89
3.44962e+06	6.07531e-90
3.44972e+06	7.83928e-91
3.44982e+06	1.00148e-91
3.44992e+06	1.26667e-92
3.45002e+06	1.58614e-93
3.45012e+06	1.96643e-94
3.45022e+06	2.41363e-95
3.45032e+06	2.93306e-96
3.45042e+06	3.52881e-97
3.45052e+06	4.20332e-98
3.45062e+06	4.95694e-99
3.45072e+06	5.78752e-100
3.45082e+06	6.69003e-101
3.45092e+06	7.65633e-102
3.45102e+06	8.67501e-103
3.45112e+06	9.73143e-104
3.45122e+06	1.08079e-104
3.45132e+06	1.1884e-105
3.45142e+06	1.29372e-106
3.45152e+06	1.39436e-107
3.45162e+06	1.48787e-108
3.45172e+06	1.57186e-109
3.45182e+06	1.64407e-110
3.45192e+06	1.70249e-111
3.45202e+06	1.74543e-112
3.45212e+06	1.77166e-113
3.45222e+06	1.78039e-114
3.45232e+06	1.77136e-115
3.45242e+06	1.74484e-116
3.45252e+06	1.70161e-117
3.45262e+06	1.64294e-118
3.45272e+06	1.57051e-119
3.45282e+06	1.48634e-120
3.45292e+06	1.39268e-121
3.45302e+06	1.29194e-122
3.45312e+06	1.18656e-123
3.45322e+06	1.07893e-124
3.45332e+06	9.71308e-126
3.45342e+06	8.65717e-127
3.45352e+06	7.63927e-128
3.45362e+06	6.67398e-129
3.45372e+06	5.77265e-130
3.45382e+06	4.94336e-131
3.45392e+06	4.19108e-132
3.45402e+06	3.51793e-133
3.45412e+06	2.92352e-134
3.45422e+06	2.40536e-135
3.45432e+06	1.95936e-136
3.45442e+06	1.58017e-137
3.45452e+06	1.26168e-138
3.45462e+06	9.97362e-140
3.45472e+06	7.80573e-141
3.45482e+06	6.04827e-142
3.45492e+06	4.63987e-143
3.45502e+06	3.52401e-144
3.45512e+06	2.64988e-145
3.45522e+06	1.97275e-146
3.45532e+06	1.45404e-147
3.45542e+06	1.06105e-148
3.45552e+06	7.66571e-150
3.45562e+06	5.4831e-151
3.45572e+06	3.88291e-152
3.45582e+06	2.72236e-153
3.45592e+06	1.88969e-154
3.45602e+06	1.29865e-155
3.45612e+06	8.83594e-157
3.45622e+06	5.95208e-158
3.45632e+06	3.96956e-159
3.45642e+06	2.62104e-160
3.45652e+06	1.71341e-161
3.45662e+06	1.10893e-162
3.45672e+06	7.1057e-164
3.45682e+06	4.50781e-165
3.45692e+06	2.83127e-166
3.45702e+06	1.76057e-167
3.45712e+06	1.08389e-168
3.45722e+06	6.6065e-170
3.45732e+06	3.98672e-171
3.45742e+06	2.38186e-172
3.45752e+06	1.40888e-173
3.45762e+06	8.25068e-175
3.45772e+06	4.78368e-176
3.45782e+06	2.74594e-177
3.45792e+06	1.56055e-178
3.45802e+06	8.78054e-180
3.45812e+06	4.89127e-181
3.45822e+06	2.69761e-182
3.45832e+06	1.47297e-183
3.45842e+06	7.96279e-185
3.45852e+06	4.26181e-186
3.45862e+06	2.25829e-187
3.45872e+06	1.18474e-188
3.45882e+06	6.1535e-190
3.45892e+06	3.16431e-191
3.45902e+06	1.61099e-192
3.45912e+06	8.12016e-194
3.45922e+06	4.05222e-195
3.45932e+06	2.00206e-196
3.45942e+06	9.79309e-198
3.45952e+06	4.74263e-199
3.45962e+06	2.27392e-200
3.45972e+06	1.07942e-201
3.45982e+06	5.07293e-203
3.45992e+06	2.36041e-204
3.46002e+06	1.08735e-205
3.46012e+06	4.95921e-207
3.46022e+06	2.2393e-208
3.46032e+06	1.00108e-209
3.46042e+06	4.43078e-211
3.46052e+06	1.94155e-212
3.46062e+06	8.42319e-214
3.46072e+06	3.61793e-215
3.46082e+06	1.53851e-216
3.46092e+06	6.47738e-218
3.46102e+06	2.69994e-219
3.46112e+06	1.11421e-220
3.46122e+06	4.55235e-222
3.46132e+06	1.84146e-223
3.46142e+06	7.37472e-225
3.46152e+06	2.92406e-226
3.46162e+06	1.14784e-227
3.46172e+06	4.46105e-229
3.46182e+06	1.71652e-230
3.46192e+06	6.5391e-232
3.46202e+06	2.46629e-233
3.46212e+06	9.20929e-235
3.46222e+06	3.4046e-236
3.46232e+06	1.24613e-237
3.46242e+06	4.51561e-239
3.46252e+06	1.62005e-240
3.46262e+06	5.75434e-242
3.46272e+06	2.02358e-243
3.46282e+06	7.04535e-245
3.46292e+06	2.42852e-246
3.46302e+06	8.28777e-248
3.46312e+06	2.80021e-249
3.46322e+06	9.36701e-251
3.46332e+06	3.10219e-252
3.46342e+06	1.01717e-253
3.46352e+06	3.30198e-255
3.46362e+06	1.06124e-256
3.46372e+06	3.37682e-258
3.46382e+06	1.0638e-259
3.46392e+06	3.31796e-261
3.46402e+06	1.02456e-262
3.46412e+06	3.13228e-264
3.46422e+06	9.48074e-266
3.46432e+06	2.84106e-267
3.46442e+06	8.42898e-269
3.46452e+06	2.47586e-270
3.46462e+06	7.20006e-272
3.46472e+06	2.07301e-273
3.46482e+06	5.90915e-275
3.46492e+06	1.66765e-276
3.46502e+06	4.65954e-278
3.46512e+06	1.28895e-279
3.46522e+06	3.53011e-281
3.46532e+06	9.57187e-283
3.46542e+06	2.56958e-284
3.46552e+06	6.82944e-286
3.46562e+06	1.79707e-287
3.46572e+06	4.68168e-289
3.46582e+06	1.20752e-290
3.46592e+06	3.08351e-292
3.46602e+06	7.79567e-294
3.46612e+06	1.95128e-295
3.46622e+06	4.83549e-297
3.46632e+06	1.18637e-298
3.46642e+06	2.88175e-300
3.46652e+06	6.93025e-302
3.46662e+06	1.65006e-303
3.46672e+06	3.88961e-305
3.46682e+06	9.07759e-307
3.46692e+06	2.09745e-308
3.46702e+06	4.79811e-310
3.46712e+06	1.08669e-311
3.46722e+06	2.43668e-313
3.46732e+06	5.40938e-315
3.46742e+06	1.18892e-316
3.46752e+06	2.58708e-318
3.46762e+06	5.5696e-320
3.46772e+06	1.21046e-321
3.46782e+06	0
3.46792e+06	0
3.46802e+06	0
3.46812e+06	0
3.46822e+06	0
3.46832e+06	0
3.46842e+06	0
3.46852e+06	0
3.46862e+06	0
3.46872e+06	0
3.46882e+06	0
3.46892e+06	0
3.46902e+06	0
3.46912e+06	0
3.46922e+06	0
3.46932e+06	0
3.46942e+06	0
3.46952e+06	0
3.46962e+06	0
3.46972e+06	0
3.46982e+06	0
3.46992e+06	0
3.47002e+06	0
3.47012e+06	0
3.47022e+06	0
3.47032e+06	0
3.47042e+06	0
3.47052e+06	0
3.47062e+06	0
3.47072e+06	0
3.47082e+06	0
3.47092e+06	0
3.47102e+06	0
3.47112e+06	0
3.47122e+06	0
3.47132e+06	0
3.47142e+06	0
3.47152e+06	0
3.47162e+06	0
3.47172e+06	0
3.47182e+06	0
3.47192e+06	0
3.47202e+06	0
3.47212e+06	0
3.47222e+06	0
3.47232e+06	0
3.47242e+06	0
3.47252e+06	0
3.47262e+06	0
3.47272e+06	0
3.47282e+06	0
3.47292e+06	0
3.47302e+06	0
3.47312e+06	0
3.47322e+06	0
3.47332e+06	0
3.47342e+06	0
3.47352e+06	0
3.47362e+06	0
3.47372e+06	0
3.47382e+06	0
3.47392e+06	0
3.47402e+06	0
3.47412e+06	0
3.47422e+06	0
3.47432e+06	0
3.47442e+06	0
3.47452e+06	0
3.47462e+06	0
3.47472e+06	0
3.47482e+06	0
3.47492e+06	0
3.47502e+06	0
3.47512e+06	0
3.47522e+06	0
3.47532e+06	0
3.47542e+06	0
3.47552e+06	0
3.47562e+06	0
3.47572e+06	0
3.47582e+06	0
3.47592e+06	0
3.47602e+06	0
3.47612e+06	0
3.47622e+06	0
3.47632e+06	0
3.47642e+06	0
3.47652e+06	0
3.47662e+06	0
3.47672e+06	0
3.47682e+06	0
3.47692e+06	0
3.47702e+06	0
3.47712e+06	0
3.47722e+06	0
3.47732e+06	0
3.47742e+06	0
3.47752e+06	0
3.47762e+06	0
3.47772e+06	0
3.47782e+06	0
3.47792e+06	0
3.47802e+06	0
3.47812e+06	0
3.47822e+06	0
3.47832e+06	0
3.47842e+06	0
3.47852e+06	0
3.47862e+06	0
3.47872e+06	0
3.47882e+06	0
3.47892e+06	0
3.47902e+06	0
3.47912e+06	0
3.47922e+06	0
3.47932e+06	0
3.47942e+06	0
3.47952e+06	0
3.47962e+06	0
3.47972e+06	0
3.47982e+06	0
3.47992e+06	0
3.48002e+06	0
3.48012e+06	0
3.48022e+06	0
3.48032e+06	0
3.48042e+06	0
3.48052e+06	0
3.48062e+06	0
3.48072e+06	0
3.48082e+06	0
3.48092e+06	0
3.48102e+06	0
3.48112e+06	0
3.48122e+06	0
3.48132e+06	0
3.48142e+06	0
3.48152e+06	0
3.48162e+06	0
3.48172e+06	0
3.48182e+06	0
3.48192e+06	0
3.48202e+06	0
3.48212e+06	0
3.48222e+06	0
3.48232e+06	0
3.48242e+06	0
3.48252e+06	0
3.48262e+06	0
3.48272e+06	0
3.48282e+06	0
3.48292e+06	0
3.48302e+06	0
3.48312e+06	0
3.48322e+06	0
3.48332e+06	0
3.48342e+06	0
3.48352e+06	0
3.48362e+06	0
3.48372e+06	0
3.48382e+06	0
3.48392e+06	0
3.48402e+06	0
3.48412e+06	0
3.48422e+06	0
3.48432e+06	0
3.48442e+06	0
3.48452e+06	0
3.48462e+06	0
3.48472e+06	0
3.48482e+06	0
3.48492e+06	0
3.48502e+06	0
3.48512e+06	0
3.48522e+06	0
3.48532e+06	0
3.48542e+06	0
3.48552e+06	0
3.48562e+06	0
3.48572e+06	0
3.48582e+06	0
3.48592e+06	0
3.48602e+06	0
3.48612e+06	0
3.48622e+06	0
3.48632e+06	0
3.48642e+06	0
3.48652e+06	0
3.48662e+06	0
3.48672e+06	0
3.48682e+06	0
3.48692e+06	0
3.48702e+06	0
3.48712e+06	0
3.48722e+06	0
3.48732e+06	0
3.48742e+06	0
3.48752e+06	0
3.48762e+06	0
3.48772e+06	0
3.48782e+06	0
3.48792e+06	0
3.48802e+06	0
3.48812e+06	0
3.48822e+06	0
3.48832e+06	0
3.48842e+06	0
3.48852e+06	0
3.48862e+06	0
3.48872e+06	0
3.48882e+06	0
3.48892e+06	0
3.48902e+06	0
3.48912e+06	0
3.48922e+06	0
3.48932e+06	0
3.48942e+06	0
3.48952e+06	0
3.48962e+06	0
3.48972e+06	0
3.48982e+06	0
3.48992e+06	0
3.49002e+06	0
3.49012e+06	0
3.49022e+06	0
3.49032e+06	0
3.49042e+06	0
3.49052e+06	0
3.49062e+06	0
3.49072e+06	0
3.49082e+06	0
3.49092e+06	0
3.49102e+06	0
3.49112e+06	0
3.49122e+06	0
3.49132e+06	0
3.49142e+06	0
3.49152e+06	0
3.49162e+06	0
3.49172e+06	0
3.49182e+06	0
3.49192e+06	0
3.49202e+06	0
3.49212e+06	0
3.49222e+06	0
3.49232e+06	0
3.49242e+06	0
3.49252e+06	0
3.49262e+06	0
3.49272e+06	0
3.49282e+06	0
3.49292e+06	0
3.49302e+06	0
3.49312e+06	0
3.49322e+06	0
3.49332e+06	0
3.49342e+06	0
3.49352e+06	0
3.49362e+06	0
3.49372e+06	0
3.49382e+06	0
3.49392e+06	0
3.49402e+06	0
3.49412e+06	0
3.49422e+06	0
3.49432e+06	0
3.49442e+06	0
3.49452e+06	0
3.49462e+06	0
3.49472e+06	0
3.49482e+06	0
3.49492e+06	0
3.49502e+06	0
3.49512e+06	0
3.49522e+06	0
3.49532e+06	0
3.49542e+06	0
3.49552e+06	0
3.49562e+06	0
3.49572e+06	0
3.49582e+06	0
3.49592e+06	0
3.49602e+06	0
3.49612e+06	0
3.49622e+06	0
3.49632e+06	0
3.49642e+06	0
3.49652e+06	0
3.49662e+06	0
3.49672e+06	0
3.49682e+06	0
3.49692e+06	0
3.49702e+06	0
3.49712e+06	0
3.49722e+06	0
3.49732e+06	0
3.49742e+06	0
3.49752e+06	0
3.49762e+06	0
3.49772e+06	0
3.49782e+06	0
3.49792e+06	0
3.49802e+06	0
3.49812e+06	0
3.49822e+06	0
3.49832e+06	0
3.49842e+06	0
3.49852e+06	0
3.49862e+06	0
3.49872e+06	0
3.49882e+06	0
3.49892e+06	0
3.49902e+06	0
3.49912e+06	0
3.49922e+06	0
3.49932e+06	0
3.49942e+06	0
3.49952e+06	0
3.49962e+06	0
3.49972e+06	0
3.49982e+06	0
3.49992e+06	0
3.50002e+06	0
3.50012e+06	0
3.50022e+06	0
3.50032e+06	0
3.50042e+06	0
3.50052e+06	0
3.50062e+06	0
3.50072e+06	0
3.50082e+06	0
3.50092e+06	0
3.50102e+06	0
3.50112e+06	0
3.50122e+06	0
3.50132e+06	0
3.50142e+06	0
3.50152e+06	0
3.50162e+06	0
3.50172e+06	0
3.50182e+06	0
3.50192e+06	0
3.50202e+06	0
3.50212e+06	0
3.50222e+06	0
3.50232e+06	0
3.50242e+06	0
3.50252e+06	0
3.50262e+06	0
3.50272e+06	0
3.50282e+06	0
3.50292e+06	0
3.50302e+06	0
3.50312e+06	0
3.50322e+06	0
3.50332e+06	0
3.50342e+06	0
3.50352e+06	0
3.50362e+06	0
3.50372e+06	0
3.50382e+06	0
3.50392e+06	0
3.50402e+06	0
3.50412e+06	0
3.50422e+06	0
3.50432e+06	0
3.50442e+06	0
3.50452e+06	0
3.50462e+06	0
3.50472e+06	0
3.50482e+06	0
3.50492e+06	0
3.50502e+06	0
3.50512e+06	0
3.50522e+06	0
3.50532e+06	0
3.50542e+06	0
3.50552e+06	0
3.50562e+06	0
3.50572e+06	0
3.50582e+06	0
3.50592e+06	0
3.50602e+06	0
3.50612e+06	0
3.50622e+06	0
3.50632e+06	0
3.50642e+06	0
3.50652e+06	0
3.50662e+06	0
3.50672e+06	0
3.50682e+06	0
3.50692e+06	0
3.50702e+06	0
3.50712e+06	0
3.50722e+06	0
3.50732e+06	0
3.50742e+06	0
3.50752e+06	0
3.50762e+06	0
3.50772e+06	0
3.50782e+06	0
3.50792e+06	0
3.50802e+06	0
3.50812e+06	0
3.50822e+06	0
3.50832e+06	0
3.50842e+06	0
3.50852e+06	0
3.50862e+06	0
3.50872e+06	0
3.50882e+06	0
3.50892e+06	0
3.50902e+06	0
3.50912e+06	0
3.50922e+06	0
3.50932e+06	0
3.50942e+06	0
3.50952e+06	0
3.50962e+06	0
3.50972e+06	0
3.50982e+06	0
3.50992e+06	0
3.51002e+06	0
3.51012e+06	0
3.51022e+06	0
3.51032e+06	0
3.51042e+06	0
3.51052e+06	0
3.51062e+06	0
3.51072e+06	0
3.51082e+06	0
3.51092e+06	0
3.51102e+06	0
3.51112e+06	0
3.51122e+06	0
3.51132e+06	0
3.51142e+06	0
3.51152e+06	0
3.51162e+06	0
3.51172e+06	0
3.51182e+06	0
3.51192e+06	0
3.51202e+06	0
3.51212e+06	0
3.51222e+06	0
3.51232e+06	0
3.51242e+06	0
3.51252e+06	0
3.51262e+06	0
3.51272e+06	0
3.51282e+06	0
3.51292e+06	0
3.51302e+06	0
3.51312e+06	0
3.51322e+06	0
3.51332e+06	0
3.51342e+06	0
3.51352e+06	0
3.51362e+06	0
3.51372e+06	0
3.51382e+06	0
3.51392e+06	0
3.51402e+06	0
3.51412e+06	0
3.51422e+06	0
3.51432e+06	0
3.51442e+06	0
3.51452e+06	0
3.51462e+06	0
3.51472e+06	0
3.51482e+06	0
3.51492e+06	0
3.51502e+06	0
3.51512e+06	0
3.51522e+06	0
3.51532e+06	0
3.51542e+06	0
3.51552e+06	0
3.51562e+06	0
3.51572e+06	0
3.51582e+06	0
3.51592e+06	0
3.51602e+06	0
3.51612e+06	0
3.51622e+06	0
3.51632e+06	0
3.51642e+06	0
3.51652e+06	0
3.51662e+06	0
3.51672e+06	0
3.51682e+06	0
3.51692e+06	0
3.51702e+06	0
3.51712e+06	0
3.51722e+06	0
3.51732e+06	0
3.51742e+06	0
3.51752e+06	0
3.51762e+06	0
3.51772e+06	0
3.51782e+06	0
3.51792e+06	0
3.51802e+06	0
3.51812e+06	0
3.51822e+06	0
3.51832e+06	0
3.51842e+06	0
3.51852e+06	0
3.51862e+06	0
3.51872e+06	0
3.51882e+06	0
3.51892e+06	0
3.51902e+06	0
3.51912e+06	0
3.51922e+06	0
3.51932e+06	0
3.51942e+06	0
3.51952e+06	0
3.51962e+06	0
3.51972e+06	0
3.51982e+06	0
3.51992e+06	0
3.52002e+06	0
3.52012e+06	0
3.52022e+06	0
3.52032e+06	0
3.52042e+06	0
3.52052e+06	0
3.52062e+06	0
3.52072e+06	0
3.52082e+06	0
3.52092e+06	0
3.52102e+06	0
3.52112e+06	0
3.52122e+06	0
3.52132e+06	0
3.52142e+06	0
3.52152e+06	0
3.52162e+06	0
3.52172e+06	0
3.52182e+06	0
3.52192e+06	0
3.52202e+06	0
3.52212e+06	0
3.52222e+06	0
3.52232e+06	0
3.52242e+06	0
3.52252e+06	0
3.52262e+06	0
3.52272e+06	0
3.52282e+06	0
3.52292e+06	0
3.52302e+06	0
3.52312e+06	0
3.52322e+06	0
3.52332e+06	0
3.52342e+06	0
3.52352e+06	0
3.52362e+06	0
3.52372e+06	0
3.52382e+06	0
3.52392e+06	0
3.52402e+06	0
3.52412e+06	0
3.52422e+06	0
3.52432e+06	0
3.52442e+06	0
3.52452e+06	0
3.52462e+06	0
3.52472e+06	0
3.52482e+06	0
3.52492e+06	0
3.52502e+06	0
3.52512e+06	0
3.52522e+06	0
3.52532e+06	0
3.52542e+06	0
3.52552e+06	0
3.52562e+06	0
3.52572e+06	0
3.52582e+06	0
3.52592e+06	0
3.52602e+06	0
3.52612e+06	0
3.52622e+06	0
3.52632e+06	0
3.52642e+06	0
3.52652e+06	0
3.52662e+06	0
3.52672e+06	0
3.52682e+06	0
3.52692e+06	0
3.52702e+06	0
3.52712e+06	0
3.52722e+06	0
3.52732e+06	0
3.52742e+06	0
3.52752e+06	0
3.52762e+06	0
3.52772e+06	0
3.52782e+06	0
3.52792e+06	0
3.52802e+06	0
3.52812e+06	0
3.52822e+06	0
3.52832e+06	0
3.52842e+06	0
3.52852e+06	0
3.52862e+06	0
3.52872e+06	0
3.52882e+06	0
3.52892e+06	0
3.52902e+06	0
3.52912e+06	0
3.52922e+06	0
3.52932e+06	0
3.52942e+06	0
3.52952e+06	0
3.52962e+06	0
3.52972e+06	0
3.52982e+06	0
3.52992e+06	0
3.53002e+06	0
3.53012e+06	0
3.53022e+06	0
3.53032e+06	0
3.53042e+06	0
3.53052e+06	0
3.53062e+06	0
3.53072e+06	0
3.53082e+06	0
3.53092e+06	0
3.53102e+06	0
3.53112e+06	0
3.53122e+06	0
3.53132e+06	0
3.53142e+06	0
3.53152e+06	0
3.53162e+06	0
3.53172e+06	0
3.53182e+06	0
3.53192e+06	0
3.53202e+06	0
3.53212e+06	0
3.53222e+06	0
3.53232e+06	0
3.53242e+06	0
3.53252e+06	0
3.53262e+06	0
3.53272e+06	0
3.53282e+06	0
3.53292e+06	0
3.53302e+06	0
3.53312e+06	0
3.53322e+06	0
3.53332e+06	0
3.53342e+06	0
3.53352e+06	0
3.53362e+06	0
3.53372e+06	0
3.53382e+06	0
3.53392e+06	0
3.53402e+06	0
3.53412e+06	0
3.53422e+06	0
3.53432e+06	0
3.53442e+06	0
3.53452e+06	0
3.53462e+06	0
3.53472e+06	0
3.53482e+06	0
3.53492e+06	0
3.53502e+06	0
3.53512e+06	0
3.53522e+06	0
3.53532e+06	0
3.53542e+06	0
3.53552e+06	0
3.53562e+06	0
3.53572e+06	0
3.53582e+06	0
3.53592e+06	0
3.53602e+06	0
3.53612e+06	0
3.53622e+06	0
3.53632e+06	0
3.53642e+06	0
3.53652e+06	0
3.53662e+06	0
3.53672e+06	0
3.53682e+06	0
3.53692e+06	0
3.53702e+06	0
3.53712e+06	0
3.53722e+06	0
3.53732e+06	0
3.53742e+06	0
3.53752e+06	0
3.53762e+06	0
3.53772e+06	0
3.53782e+06	0
3.53792e+06	0
3.53802e+06	0
3.53812e+06	0
3.53822e+06	0
3.53832e+06	0
3.53842e+06	0
3.53852e+06	0
3.53862e+06	0
3.53872e+06	0
3.53882e+06	0
3.53892e+06	0
3.53902e+06	0
3.53912e+06	0
3.53922e+06	0
3.53932e+06	0
3.53942e+06	0
3.53952e+06	0
3.53962e+06	0
3.53972e+06	0
3.53982e+06	0
3.53992e+06	0
3.54002e+06	0
3.54012e+06	0
3.54022e+06	0
3.54032e+06	0
3.54042e+06	0
3.54052e+06	0
3.54062e+06	0
3.54072e+06	0
3.54082e+06	0
3.54092e+06	0
3.54102e+06	0
3.54112e+06	0
3.54122e+06	0
3.54132e+06	0
3.54142e+06	0
3.54152e+06	0
3.54162e+06	0
3.54172e+06	0
3.54182e+06	0
3.54192e+06	0
3.54202e+06	0
3.54212e+06	0
3.54222e+06	0
3.54232e+06	0
3.54242e+06	0
3.54252e+06	0
3.54262e+06	0
3.54272e+06	0
3.54282e+06	0
3.54292e+06	0
3.54302e+06	0
3.54312e+06	0
3.54322e+06	0
3.54332e+06	0
3.54342e+06	0
3.54352e+06	0
3.54362e+06	0
3.54372e+06	0
3.54382e+06	0
3.54392e+06	0
3.54402e+06	0
3.54412e+06	0
3.54422e+06	0
3.54432e+06	0
3.54442e+06	0
3.54452e+06	0
3.54462e+06	0
3.54472e+06	0
3.54482e+06	0
3.54492e+06	0
3.54502e+06	0
3.54512e+06	0
3.54522e+06	0
3.54532e+06	0
3.54542e+06	0
3.54552e+06	0
3.54562e+06	0
3.54572e+06	0
3.54582e+06	0
3.54592e+06	0
3.54602e+06	0
3.54612e+06	0
3.54622e+06	0
3.54632e+06	0
3.54642e+06	0
3.54652e+06	0
3.54662e+06	0
3.54672e+06	0
3.54682e+06	0
3.54692e+06	0
3.54702e+06	0
3.54712e+06	0
3.54722e+06	0
3.54732e+06	0
3.54742e+06	0
3.54752e+06	0
3.54762e+06	0
3.54772e+06	0
3.54782e+06	0
3.54792e+06	0
3.54802e+06	0
3.54812e+06	0
3.54822e+06	0
3.54832e+06	0
3.54842e+06	0
3.54852e+06	0
3.54862e+06	0
3.54872e+06	0
3.54882e+06	0
3.54892e+06	0
3.54902e+06	0
3.54912e+06	0
3.54922e+06	0
3.54932e+06	0
3.54942e+06	0
3.54952e+06	0
3.54962e+06	0
3.54972e+06	0
3.54982e+06	0
3.54992e+06	0
3.55002e+06	0
3.55012e+06	0
3.55022e+06	0
3.55032e+06	0
3.55042e+06	0
3.55052e+06	0
3.55062e+06	0
3.55072e+06	0
3.55082e+06	0
3.55092e+06	0
3.55102e+06	0
3.55112e+06	4.94066e-324
3.55122e+06	1.92686e-322
3.55132e+06	8.91788e-321
3.55142e+06	4.09462e-319
3.55152e+06	1.86181e-317
3.55162e+06	8.38137e-316
3.55172e+06	3.73552e-314
3.55182e+06	1.64833e-312
3.55192e+06	7.20101e-311
3.55202e+06	3.11459e-309
3.55212e+06	1.33372e-307
3.55222e+06	5.65438e-306
3.55232e+06	2.37336e-304
3.55242e+06	9.86276e-303
3.55252e+06	4.0578e-301
3.55262e+06	1.65287e-299
3.55272e+06	6.6657e-298
3.55282e+06	2.66139e-296
3.55292e+06	1.05203e-294
3.55302e+06	4.11725e-293
3.55312e+06	1.5953e-291
3.55322e+06	6.11974e-290
3.55332e+06	2.32424e-288
3.55342e+06	8.73952e-287
3.55352e+06	3.25349e-285
3.55362e+06	1.19914e-283
3.55372e+06	4.37569e-282
3.55382e+06	1.58081e-280
3.55392e+06	5.6542e-279
3.55402e+06	2.00226e-277
3.55412e+06	7.0198e-276
3.55422e+06	2.43661e-274
3.55432e+06	8.37347e-273
3.55442e+06	2.84893e-271
3.55452e+06	9.59655e-270
3.55462e+06	3.20041e-268
3.55472e+06	1.0567e-266
3.55482e+06	3.45428e-265
3.55492e+06	1.11794e-263
3.55502e+06	3.5821e-262
3.55512e+06	1.13635e-260
3.55522e+06	3.56899e-259
3.55532e+06	1.10978e-257
3.55542e+06	3.4165e-256
3.55552e+06	1.04132e-254
3.55562e+06	3.14229e-253
3.55572e+06	9.38782e-252
3.55582e+06	2.77677e-250
3.55592e+06	8.13152e-249
3.55602e+06	2.35755e-247
3.55612e+06	6.76716e-246
3.55622e+06	1.92314e-244
3.55632e+06	5.41091e-243
3.55642e+06	1.50726e-241
3.55652e+06	4.15683e-240
3.55662e+06	1.13499e-238
3.55672e+06	3.06819e-237
3.55682e+06	8.21159e-236
3.55692e+06	2.17585e-234
3.55702e+06	5.70807e-233
3.55712e+06	1.48254e-231
3.55722e+06	3.81224e-230
3.55732e+06	9.70534e-229
3.55742e+06	2.44624e-227
3.55752e+06	6.10441e-226
3.55762e+06	1.50815e-224
3.55772e+06	3.68896e-223
3.55782e+06	8.93348e-222
3.55792e+06	2.14187e-220
3.55802e+06	5.08422e-219
3.55812e+06	1.19484e-217
3.55822e+06	2.78007e-216
3.55832e+06	6.40408e-215
3.55842e+06	1.46055e-213
3.55852e+06	3.29785e-212
3.55862e+06	7.3723e-211
3.55872e+06	1.63167e-209
3.55882e+06	3.57536e-208
3.55892e+06	7.75645e-207
3.55902e+06	1.66596e-205
3.55912e+06	3.5426e-204
3.55922e+06	7.45824e-203
3.55932e+06	1.55456e-201
3.55942e+06	3.20802e-200
3.55952e+06	6.55426e-199
3.55962e+06	1.32576e-197
3.55972e+06	2.65501e-196
3.55982e+06	5.2641e-195
3.55992e+06	1.03333e-193
3.56002e+06	2.00821e-192
3.56012e+06	3.864e-191
3.56022e+06	7.36077e-190
3.56032e+06	1.38824e-188
3.56042e+06	2.59218e-187
3.56052e+06	4.79205e-186
3.56062e+06	8.77072e-185
3.56072e+06	1.5893e-183
3.56082e+06	2.85124e-182
3.56092e+06	5.06429e-181
3.56102e+06	8.90554e-180
3.56112e+06	1.55045e-178
3.56122e+06	2.67248e-177
3.56132e+06	4.56066e-176
3.56142e+06	7.70545e-175
3.56152e+06	1.28892e-173
3.56162e+06	2.13457e-172
3.56172e+06	3.49986e-171
3.56182e+06	5.68132e-170
3.56192e+06	9.13071e-169
3.56202e+06	1.45284e-167
3.56212e+06	2.28869e-166
3.56222e+06	3.56954e-165
3.56232e+06	5.51184e-164
3.56242e+06	8.4263e-163
3.56252e+06	1.27537e-161
3.56262e+06	1.91113e-160
3.56272e+06	2.83531e-159
3.56282e+06	4.16457e-158
3.56292e+06	6.05614e-157
3.56302e+06	8.71924e-156
3.56312e+06	1.24285e-154
3.56322e+06	1.75394e-153
3.56332e+06	2.45059e-152
3.56342e+06	3.38985e-151
3.56352e+06	4.64247e-150
3.56362e+06	6.29469e-149
3.56372e+06	8.45e-148
3.56382e+06	1.12304e-146
3.56392e+06	1.47772e-145
3.56402e+06	1.92507e-144
3.56412e+06	2.48289e-143
3.56422e+06	3.17048e-142
3.56432e+06	4.0082e-141
3.56442e+06	5.01685e-140
3.56452e+06	6.21684e-139
3.56462e+06	7.62721e-138
3.56472e+06	9.26442e-137
3.56482e+06	1.11411e-135
3.56492e+06	1.32646e-134
3.56502e+06	1.56358e-133
3.56512e+06	1.82474e-132
3.56522e+06	2.10833e-131
3.56532e+06	2.41176e-130
3.56542e+06	2.7314e-129
3.56552e+06	3.06264e-128
3.56562e+06	3.39987e-127
3.56572e+06	3.73667e-126
3.56582e+06	4.06598e-125
3.56592e+06	4.38029e-124
3.56602e+06	4.67195e-123
3.56612e+06	4.93344e-122
3.56622e+06	5.15773e-121
3.56632e+06	5.33856e-120
3.56642e+06	5.47075e-119
3.56652e+06	5.55043e-118
3.56662e+06	5.57524e-117
3.56672e+06	5.54444e-116
3.56682e+06	5.45894e-115
3.56692e+06	5.32129e-114
3.56702e+06	5.13549e-113
3.56712e+06	4.90687e-112
3.56722e+06	4.64177e-111
3.56732e+06	4.3473e-110
3.56742e+06	4.031e-109
3.56752e+06	3.70053e-108
3.56762e+06	3.36334e-107
3.56772e+06	3.02646e-106
3.56782e+06	2.69623e-105
3.56792e+06	2.37813e-104
3.56802e+06	2.07669e-103
3.56812e+06	1.79541e-102
3.56822e+06	1.53679e-101
3.56832e+06	1.30233e-100
3.56842e+06	1.09266e-99
3.56852e+06	9.07624e-99
3.56862e+06	7.46421e-98
3.56872e+06	6.07742e-97
3.56882e+06	4.89904e-96
3.56892e+06	3.90985e-95
3.56902e+06	3.08935e-94
3.56912e+06	2.41674e-93
3.56922e+06	1.87176e-92
3.56932e+06	1.43525e-91
3.56942e+06	1.08959e-90
3.56952e+06	8.18943e-90
3.56962e+06	6.094e-89
3.56972e+06	4.4896e-88
3.56982e+06	3.27469e-87
3.56992e+06	2.36478e-86
3.57002e+06	1.6907e-85
3.57012e+06	1.19674e-84
3.57022e+06	8.38672e-84
3.57032e+06	5.81889e-83
3.57042e+06	3.9971e-82
3.57052e+06	2.71836e-81
3.57062e+06	1.83032e-80
3.57072e+06	1.22012e-79
3.57082e+06	8.05259e-79
3.57092e+06	5.2617e-78
3.57102e+06	3.40387e-77
3.57112e+06	2.18011e-76
3.57122e+06	1.38242e-75
3.57132e+06	8.67876e-75
3.57142e+06	5.39428e-74
3.57152e+06	3.31945e-73
3.57162e+06	2.02235e-72
3.57172e+06	1.21984e-71
3.57182e+06	7.28461e-71
3.57192e+06	4.30692e-70
3.57202e+06	2.52107e-69
3.57212e+06	1.46103e-68
3.57222e+06	8.38286e-68
3.57232e+06	4.76191e-67
3.57242e+06	2.6781e-66
3.57252e+06	1.49118e-65
3.57262e+06	8.22036e-65
3.57272e+06	4.4865e-64
3.57282e+06	2.42428e-63
3.57292e+06	1.29692e-62
3.57302e+06	6.86914e-62
3.57312e+06	3.60203e-61
3.57322e+06	1.87004e-60
3.57332e+06	9.61192e-60
3.57342e+06	4.89133e-59
3.57352e+06	2.46434e-58
3.57362e+06	1.22922e-57
3.57372e+06	6.07042e-57
3.57382e+06	2.968e-56
3.57392e+06	1.4367e-55
3.57402e+06	6.88533e-55
3.57412e+06	3.26694e-54
3.57422e+06	1.53467e-53
3.57432e+06	7.13747e-53
3.57442e+06	3.28648e-52
3.57452e+06	1.49822e-51
3.57462e+06	6.76203e-51
3.57472e+06	3.02159e-50
3.57482e+06	1.33675e-49
3.57492e+06	5.85496e-49
3.57502e+06	2.53894e-48
3.57512e+06	1.09003e-47
3.57522e+06	4.63323e-47
3.57532e+06	1.94977e-46
3.57542e+06	8.12348e-46
3.57552e+06	3.35086e-45
3.57562e+06	1.36845e-44
3.57572e+06	5.53296e-44
3.57582e+06	2.21485e-43
3.57592e+06	8.77782e-43
3.57602e+06	3.44419e-42
3.57612e+06	1.33796e-41
3.57622e+06	5.14586e-41
3.57632e+06	1.95943e-40
3.57642e+06	7.38683e-40
3.57652e+06	2.75704e-39
3.57662e+06	1.01879e-38
3.57672e+06	3.72722e-38
3.57682e+06	1.35003e-37
3.57692e+06	4.84123e-37
3.57702e+06	1.7188e-36
3.57712e+06	6.04163e-36
3.57722e+06	2.10251e-35
3.57732e+06	7.24403e-35
3.57742e+06	2.47104e-34
3.57752e+06	8.34517e-34
3.57762e+06	2.79028e-33
3.57772e+06	9.23673e-33
3.57782e+06	3.02723e-32
3.57792e+06	9.82267e-32
3.57802e+06	3.15552e-31
3.57812e+06	1.00362e-30
3.57822e+06	3.16027e-30
3.57832e+06	9.85228e-30
3.57842e+06	3.04093e-29
3.57852e+06	9.29251e-29
3.57862e+06	2.81136e-28
3.57872e+06	8.42087e-28
3.57882e+06	2.49721e-27
3.57892e+06	7.33178e-27
3.57902e+06	2.13119e-26
3.57912e+06	6.13324e-26
3.57922e+06	1.74749e-25
3.57932e+06	4.92945e-25
3.57942e+06	1.3767e-24
3.57952e+06	3.80659e-24
3.57962e+06	1.04205e-23
3.57972e+06	2.82424e-23
3.57982e+06	7.57826e-23
3.57992e+06	2.01324e-22
3.58002e+06	5.29513e-22
3.58012e+06	1.37885e-21
3.58022e+06	3.55478e-21
3.58032e+06	9.07332e-21
3.58042e+06	2.29286e-20
3.58052e+06	5.73647e-20
3.58062e+06	1.42092e-19
3.58072e+06	3.48458e-19
3.58082e+06	8.46038e-19
3.58092e+06	2.03369e-18
3.58102e+06	4.83992e-18
3.58112e+06	1.14038e-17
3.58122e+06	2.66021e-17
3.58132e+06	6.14383e-17
3.58142e+06	1.40482e-16
3.58152e+06	3.18023e-16
3.58162e+06	7.12777e-16
3.58172e+06	1.58163e-15
3.58182e+06	3.47468e-15
3.58192e+06	7.55756e-15
3.58202e+06	1.62744e-14
3.58212e+06	3.46965e-14
3.58222e+06	7.32358e-14
3.58232e+06	1.53045e-13
3.58242e+06	3.16643e-13
3.58252e+06	6.48602e-13
3.58262e+06	1.31536e-12
3.58272e+06	2.64099e-12
3.58282e+06	5.24985e-12
3.58292e+06	1.0332e-11
3.58302e+06	2.01316e-11
3.58312e+06	3.88355e-11
3.58322e+06	7.41714e-11
3.58332e+06	1.4025e-10
3.58342e+06	2.62557e-10
3.58352e+06	4.86635e-10
3.58362e+06	8.92976e-10
3.58372e+06	1.62231e-09
3.58382e+06	2.91799e-09
3.58392e+06	5.19626e-09
3.58402e+06	9.16126e-09
3.58412e+06	1.59911e-08
3.58422e+06	2.76348e-08
3.58432e+06	4.72815e-08
3.58442e+06	8.00911e-08
3.58452e+06	1.34318e-07
3.58462e+06	2.23018e-07
3.58472e+06	3.6661e-07
3.58482e+06	5.96658e-07
3.58492e+06	9.61399e-07
3.58502e+06	1.53369e-06
3.58512e+06	2.42232e-06
3.58522e+06	3.78774e-06
3.58532e+06	5.8639e-06
3.58542e+06	8.98772e-06
3.58552e+06	1.36386e-05
3.58562e+06	2.04903e-05
3.58572e+06	3.04777e-05
3.58582e+06	4.48821e-05
3.58592e+06	6.54368e-05
3.58602e+06	9.44556e-05
3.58612e+06	0.000134987
3.58622e+06	0.00019099
3.58632e+06	0.000267539
3.58642e+06	0.00037104
3.58652e+06	0.000509462
3.58662e+06	0.000692564
3.58672e+06	0.000932105
3.58682e+06	0.00124201
3.58692e+06	0.0016385
3.58702e+06	0.00214004
3.58712e+06	0.00276729
3.58722e+06	0.00354279
3.58732e+06	0.00449048
3.58742e+06	0.00563505
3.58752e+06	0.00700098
3.58762e+06	0.00861147
3.58772e+06	0.010487
3.58782e+06	0.012644
3.58792e+06	0.015093
3.58802e+06	0.017837
3.58812e+06	0.0208702
3.58822e+06	0.0241761
3.58832e+06	0.0277271
3.58842e+06	0.0314833
3.58852e+06	0.0353925
3.58862e+06	0.0393913
3.58872e+06	0.0434057
3.58882e+06	0.0473533
3.58892e+06	0.0511458
3.58902e+06	0.0546925
3.58912e+06	0.0579031
3.58922e+06	0.0606923
3.58932e+06	0.0629828
3.58942e+06	0.0647094
3.58952e+06	0.0658218
3.58962e+06	0.0662872
3.58972e+06	0.0660916
3.58982e+06	0.0652409
3.58992e+06	0.0637604
3.59002e+06	0.0616934
3.59012e+06	0.0590996
3.59022e+06	0.0560515
3.59032e+06	0.0526318
3.59042e+06	0.0489291
3.59052e+06	0.0450346
3.59062e+06	0.0410382
3.59072e+06	0.0370253
3.59082e+06	0.033074
3.59092e+06	0.0292532
3.59102e+06	0.025621
3.59112e+06	0.0222243
3.59122e+06	0.0190991
3.59132e+06	0.0162712
3.59142e+06	0.0137584
3.59152e+06	0.011573
3.59162e+06	0.00972504
3.59172e+06	0.0082268
3.59182e+06	0.00709822
3.59192e+06	0.00637359
3.59202e+06	0.00611005
3.59212e+06	0.0063981
3.59222e+06	0.00737482
3.59232e+06	0.00924038
3.59242e+06	0.0122783
3.59252e+06	0.0168806
3.59262e+06	0.0235774
3.59272e+06	0.0330722
3.59282e+06	0.0462827
3.59292e+06	0.0643857
3.59302e+06	0.0888664
3.59312e+06	0.121569
3.59322e+06	0.164745
3.59332e+06	0.2211
3.59342e+06	0.293825
3.59352e+06	0.386618
3.59362e+06	0.503673
3.59372e+06	0.649655
3.59382e+06	0.829618
3.59392e+06	1.0489
3.59402e+06	1.31295
3.59412e+06	1.62711
3.59422e+06	1.9964
3.59432e+06	2.42512
3.59442e+06	2.91659
3.59452e+06	3.47277
3.59462e+06	4.09386
3.59472e+06	4.77801
3.59482e+06	5.52101
3.59492e+06	6.31607
3.59502e+06	7.15373
3.59512e+06	8.02186
3.59522e+06	8.90584
3.59532e+06	9.78884
3.59542e+06	10.6523
3.59552e+06	11.4767
3.59562e+06	12.2418
3.59572e+06	12.9279
3.59582e+06	13.5167
3.59592e+06	13.9917
3.59602e+06	14.3392
3.59612e+06	14.5492
3.59622e+06	14.6153
3.59632e+06	14.5357
3.59642e+06	14.3126
3.59652e+06	13.9528
3.59662e+06	13.4667
3.59672e+06	12.8681
3.59682e+06	12.1738
3.59692e+06	11.4024
3.59702e+06	10.5736
3.59712e+06	9.7075
3.59722e+06	8.82364
3.59732e+06	7.94046
3.59742e+06	7.07458
3.59752e+06	6.2404
3.59762e+06	5.44981
3.59772e+06	4.71202
3.59782e+06	4.03358
3.59792e+06	3.41846
3.59802e+06	2.86832
3.59812e+06	2.38277
3.59822e+06	1.95971
3.59832e+06	1.59574
3.59842e+06	1.28643
3.59852e+06	1.02676
3.59862e+06	0.81135
3.59872e+06	0.634753
3.59882e+06	0.491653
3.59892e+06	0.377024
3.59902e+06	0.286244
3.59912e+06	0.21516
3.59922e+06	0.160119
3.59932e+06	0.117973
3.59942e+06	0.0860554
3.59952e+06	0.0621485
3.59962e+06	0.0444366
3.59972e+06	0.0314563
3.59982e+06	0.0220461
3.59992e+06	0.0152972
3.60002e+06	0.0105088
3.60012e+06	0.00714738
3.60022e+06	0.00481281
3.60032e+06	0.00320855
3.60042e+06	0.00211775
3.60052e+06	0.00138388
3.60062e+06	0.000895322
3.60072e+06	0.000573478
3.60082e+06	0.000363673
3.60092e+06	0.00022833
3.60102e+06	0.000141929
3.60112e+06	8.73449e-05
3.60122e+06	5.32182e-05
3.60132e+06	3.21026e-05
3.60142e+06	1.91724e-05
3.60152e+06	1.13363e-05
3.60162e+06	6.63625e-06
3.60172e+06	3.84619e-06
3.60182e+06	2.20697e-06
3.60192e+06	1.25377e-06
3.60202e+06	7.05176e-07
3.60212e+06	3.92676e-07
3.60222e+06	2.16485e-07
3.60232e+06	1.18162e-07
3.60242e+06	6.38536e-08
3.60252e+06	3.41625e-08
3.60262e+06	1.80956e-08
3.60272e+06	9.48966e-09
3.60282e+06	4.92704e-09
3.60292e+06	2.53267e-09
3.60302e+06	1.28893e-09
3.60312e+06	6.49435e-10
3.60322e+06	3.23966e-10
3.60332e+06	1.6e-10
3.60342e+06	7.82347e-11
3.60352e+06	3.78734e-11
3.60362e+06	1.81521e-11
3.60372e+06	8.61342e-12
3.60382e+06	4.04652e-12
3.60392e+06	1.88211e-12
3.60402e+06	8.66694e-13
3.60412e+06	3.95133e-13
3.60422e+06	1.78352e-13
3.60432e+06	7.97021e-14
3.60442e+06	3.52629e-14
3.60452e+06	1.54463e-14
3.60462e+06	6.69864e-15
3.60472e+06	2.87612e-15
3.60482e+06	1.2226e-15
3.60492e+06	5.14538e-16
3.60502e+06	2.14392e-16
3.60512e+06	8.84416e-17
3.60522e+06	3.61211e-17
3.60532e+06	1.46057e-17
3.60542e+06	5.84713e-18
3.60552e+06	2.3175e-18
3.60562e+06	9.09395e-19
3.60572e+06	3.53299e-19
3.60582e+06	1.35891e-19
3.60592e+06	5.17481e-20
3.60602e+06	1.951e-20
3.60612e+06	7.28241e-21
3.60622e+06	2.69123e-21
3.60632e+06	9.84653e-22
3.60642e+06	3.56675e-22
3.60652e+06	1.27915e-22
3.60662e+06	4.54175e-23
3.60672e+06	1.59656e-23
3.60682e+06	5.55652e-24
3.60692e+06	1.9146e-24
3.60702e+06	6.53145e-25
3.60712e+06	2.20597e-25
3.60722e+06	7.37641e-26
3.60732e+06	2.44201e-26
3.60742e+06	8.00403e-27
3.60752e+06	2.59732e-27
3.60762e+06	8.3445e-28
3.60772e+06	2.65419e-28
3.60782e+06	8.35835e-29
3.60792e+06	2.60595e-29
3.60802e+06	8.04394e-30
3.60812e+06	2.45826e-30
3.60822e+06	7.43781e-31
3.60832e+06	2.22802e-31
3.60842e+06	6.60769e-32
3.60852e+06	1.94016e-32
3.60862e+06	5.64005e-33
3.60872e+06	1.62325e-33
3.60882e+06	4.62534e-34
3.60892e+06	1.30485e-34
3.60902e+06	3.64446e-35
3.60912e+06	1.00777e-35
3.60922e+06	2.75899e-36
3.60932e+06	7.47817e-37
3.60942e+06	2.00676e-37
3.60952e+06	5.33157e-38
3.60962e+06	1.4024e-38
3.60972e+06	3.6521e-39
3.60982e+06	9.41614e-40
3.60992e+06	2.40358e-40
3.61002e+06	6.0744e-41
3.61012e+06	1.51986e-41
3.61022e+06	3.76497e-42
3.61032e+06	9.23372e-43
3.61042e+06	2.24207e-43
3.61052e+06	5.38986e-44
3.61062e+06	1.28281e-44
3.61072e+06	3.02278e-45
3.61082e+06	7.05192e-46
3.61092e+06	1.62879e-46
3.61102e+06	3.72459e-47
3.61112e+06	8.43238e-48
3.61122e+06	1.89007e-48
3.61132e+06	4.19434e-49
3.61142e+06	9.21523e-50
3.61152e+06	2.0045e-50
3.61162e+06	4.31681e-51
3.61172e+06	9.20399e-52
3.61182e+06	1.94288e-52
3.61192e+06	4.06046e-53
3.61202e+06	8.40156e-54
3.61212e+06	1.72108e-54
3.61222e+06	3.4906e-55
3.61232e+06	7.00901e-56
3.61242e+06	1.39338e-56
3.61252e+06	2.74246e-57
3.61262e+06	5.34401e-58
3.61272e+06	1.03098e-58
3.61282e+06	1.96921e-59
3.61292e+06	3.72384e-60
3.61302e+06	6.97182e-61
3.61312e+06	1.29229e-61
3.61322e+06	2.37153e-62
3.61332e+06	4.30878e-63
3.61342e+06	7.75065e-64
3.61352e+06	1.38032e-64
3.61362e+06	2.43375e-65
3.61372e+06	4.24846e-66
3.61382e+06	7.34249e-67
3.61392e+06	1.25635e-67
3.61402e+06	2.12833e-68
3.61412e+06	3.56961e-69
3.61422e+06	5.92736e-70
3.61432e+06	9.74448e-71
3.61442e+06	1.58603e-71
3.61452e+06	2.55578e-72
3.61462e+06	4.07748e-73
3.61472e+06	6.44047e-74
3.61482e+06	1.00716e-74
3.61492e+06	1.55933e-75
3.61502e+06	2.39021e-76
3.61512e+06	3.62735e-77
3.61522e+06	5.45004e-78
3.61532e+06	8.10714e-79
3.61542e+06	1.19397e-79
3.61552e+06	1.7409e-80
3.61562e+06	2.51312e-81
3.61572e+06	3.59177e-82
3.61582e+06	5.08232e-83
3.61592e+06	7.11987e-84
3.61602e+06	9.87504e-85
3.61612e+06	1.35601e-85
3.61622e+06	1.8435e-86
3.61632e+06	2.48132e-87
3.61642e+06	3.30657e-88
3.61652e+06	4.36245e-89
3.61662e+06	5.69822e-90
3.61672e+06	7.36896e-91
3.61682e+06	9.43473e-92
3.61692e+06	1.19594e-92
3.61702e+06	1.50089e-93
3.61712e+06	1.86484e-94
3.61722e+06	2.294e-95
3.61732e+06	2.79385e-96
3.61742e+06	3.36875e-97
3.61752e+06	4.02153e-98
3.61762e+06	4.75304e-99
3.61772e+06	5.56171e-100
3.61782e+06	6.44321e-101
3.61792e+06	7.39016e-102
3.61802e+06	8.39193e-103
3.61812e+06	9.43468e-104
3.61822e+06	1.05014e-104
3.61832e+06	1.15725e-105
3.61842e+06	1.2626e-106
3.61852e+06	1.36382e-107
3.61862e+06	1.45851e-108
3.61872e+06	1.54425e-109
3.61882e+06	1.61875e-110
3.61892e+06	1.67997e-111
3.61902e+06	1.72616e-112
3.61912e+06	1.75597e-113
3.61922e+06	1.76852e-114
3.61932e+06	1.76344e-115
3.61942e+06	1.74087e-116
3.61952e+06	1.7015e-117
3.61962e+06	1.64646e-118
3.61972e+06	1.57736e-119
3.61982e+06	1.49612e-120
3.61992e+06	1.40494e-121
3.62002e+06	1.30619e-122
3.62012e+06	1.2023e-123
3.62022e+06	1.09566e-124
3.62032e+06	9.88546e-126
3.62042e+06	8.83027e-127
3.62052e+06	7.80924e-128
3.62062e+06	6.83755e-129
3.62072e+06	5.92719e-130
3.62082e+06	5.08692e-131
3.62092e+06	4.32233e-132
3.62102e+06	3.63611e-133
3.62112e+06	3.02841e-134
3.62122e+06	2.49717e-135
3.62132e+06	2.03863e-136
3.62142e+06	1.64773e-137
3.62152e+06	1.31854e-138
3.62162e+06	1.04461e-139
3.62172e+06	8.19358e-141
3.62182e+06	6.36282e-142
3.62192e+06	4.89196e-143
3.62202e+06	3.72369e-144
3.62212e+06	2.80621e-145
3.62222e+06	2.09375e-146
3.62232e+06	1.54663e-147
3.62242e+06	1.13111e-148
3.62252e+06	8.18995e-150
3.62262e+06	5.87102e-151
3.62272e+06	4.16681e-152
3.62282e+06	2.92786e-153
3.62292e+06	2.03683e-154
3.62302e+06	1.40286e-155
3.62312e+06	9.56606e-157
3.62322e+06	6.45815e-158
3.62332e+06	4.31659e-159
3.62342e+06	2.85647e-160
3.62352e+06	1.87144e-161
3.62362e+06	1.21389e-162
3.62372e+06	7.79541e-164
3.62382e+06	4.95629e-165
3.62392e+06	3.11983e-166
3.62402e+06	1.9443e-167
3.62412e+06	1.19964e-168
3.62422e+06	7.32819e-170
3.62432e+06	4.43199e-171
3.62442e+06	2.65374e-172
3.62452e+06	1.57317e-173
3.62462e+06	9.23314e-175
3.62472e+06	5.36513e-176
3.62482e+06	3.08651e-177
3.62492e+06	1.75798e-178
3.62502e+06	9.91323e-180
3.62512e+06	5.53445e-181
3.62522e+06	3.05908e-182
3.62532e+06	1.67403e-183
3.62542e+06	9.06972e-185
3.62552e+06	4.86498e-186
3.62562e+06	2.5836e-187
3.62572e+06	1.3584e-188
3.62582e+06	7.07107e-190
3.62592e+06	3.64419e-191
3.62602e+06	1.8594e-192
3.62612e+06	9.39297e-194
3.62622e+06	4.69775e-195
3.62632e+06	2.32613e-196
3.62642e+06	1.14034e-197
3.62652e+06	5.53468e-199
3.62662e+06	2.65954e-200
3.62672e+06	1.26526e-201
3.62682e+06	5.95948e-203
3.62692e+06	2.77904e-204
3.62702e+06	1.28303e-205
3.62712e+06	5.86459e-207
3.62722e+06	2.65396e-208
3.62732e+06	1.18907e-209
3.62742e+06	5.27449e-211
3.62752e+06	2.31637e-212
3.62762e+06	1.00715e-213
3.62772e+06	4.33548e-215
3.62782e+06	1.84772e-216
3.62792e+06	7.79638e-218
3.62802e+06	3.25692e-219
3.62812e+06	1.34703e-220
3.62822e+06	5.51576e-222
3.62832e+06	2.23609e-223
3.62842e+06	8.97495e-225
3.62852e+06	3.56641e-226
3.62862e+06	1.40309e-227
3.62872e+06	5.46512e-229
3.62882e+06	2.10751e-230
3.62892e+06	8.04632e-232
3.62902e+06	3.04146e-233
3.62912e+06	1.13821e-234
3.62922e+06	4.21717e-236
3.62932e+06	1.54695e-237
3.62942e+06	5.61809e-239
3.62952e+06	2.02003e-240
3.62962e+06	7.19093e-242
3.62972e+06	2.53436e-243
3.62982e+06	8.8432e-245
3.62992e+06	3.05497e-246
3.63002e+06	1.04487e-247
3.63012e+06	3.53813e-249
3.63022e+06	1.18616e-250
3.63032e+06	3.93703e-252
3.63042e+06	1.29375e-253
3.63052e+06	4.20912e-255
3.63062e+06	1.35578e-256
3.63072e+06	4.32357e-258
3.63082e+06	1.36507e-259
3.63092e+06	4.267e-261
3.63102e+06	1.32053e-262
3.63112e+06	4.04604e-264
3.63122e+06	1.22735e-265
3.63132e+06	3.68609e-267
3.63142e+06	1.09602e-268
3.63152e+06	3.22649e-270
3.63162e+06	9.40368e-272
3.63172e+06	2.71345e-273
3.63182e+06	7.75183e-275
3.63192e+06	2.19252e-276
3.63202e+06	6.13959e-278
3.63212e+06	1.70213e-279
3.63222e+06	4.67199e-281
3.63232e+06	1.26961e-282
3.63242e+06	3.41581e-284
3.63252e+06	9.0986e-286
3.63262e+06	2.39945e-287
3.63272e+06	6.26481e-289
3.63282e+06	1.61942e-290
3.63292e+06	4.14448e-292
3.63302e+06	1.05011e-293
3.63312e+06	2.63427e-295
3.63322e+06	6.54244e-297
3.63332e+06	1.60871e-298
3.63342e+06	3.91627e-300
3.63352e+06	9.43896e-302
3.63362e+06	2.25233e-303
3.63372e+06	5.32107e-305
3.63382e+06	1.24458e-306
3.63392e+06	2.88205e-308
3.63402e+06	6.60752e-310
3.63412e+06	1.4998e-311
3.63422e+06	3.37042e-313
3.63432e+06	7.4988e-315
3.63442e+06	1.6518e-316
3.63452e+06	3.60227e-318
3.63462e+06	7.77709e-320
3.63472e+06	1.66006e-321
3.63482e+06	0
3.63492e+06	0
3.63502e+06	0
3.63512e+06	0
3.63522e+06	0
3.63532e+06	0
3.63542e+06	0
3.63552e+06	0
3.63562e+06	0
3.63572e+06	0
3.63582e+06	0
3.63592e+06	0
3.63602e+06	0
3.63612e+06	0
3.63622e+06	0
3.63632e+06	0
3.63642e+06	0
3.63652e+06	0
3.63662e+06	0
3.63672e+06	0
3.63682e+06	0
3.63692e+06	0
3.63702e+06	0
3.63712e+06	0
3.63722e+06	0
3.63732e+06	0
3.63742e+06	0
3.63752e+06	0
3.63762e+06	0
3.63772e+06	0
3.63782e+06	0
3.63792e+06	0
3.63802e+06	0
3.63812e+06	0
3.63822e+06	0
3.63832e+06	0
3.63842e+06	0
3.63852e+06	0
3.63862e+06	0
3.63872e+06	0
3.63882e+06	0
3.63892e+06	0
3.63902e+06	0
3.63912e+06	0
3.63922e+06	0
3.63932e+06	0
3.63942e+06	0
3.63952e+06	0
3.63962e+06	0
3.63972e+06	0
3.63982e+06	0
3.63992e+06	0
3.64002e+06	0
3.64012e+06	0
3.64022e+06	0
3.64032e+06	0
3.64042e+06	0
3.64052e+06	0
3.64062e+06	0
3.64072e+06	0
3.64082e+06	0
3.64092e+06	0
3.64102e+06	0
3.64112e+06	0
3.64122e+06	0
3.64132e+06	0
3.64142e+06	0
3.64152e+06	0
3.64162e+06	0
3.64172e+06	0
3.64182e+06	0
3.64192e+06	0
3.64202e+06	0
3.64212e+06	0
3.64222e+06	0
3.64232e+06	0
3.64242e+06	0
3.64252e+06	0
3.64262e+06	0
3.64272e+06	0
3.64282e+06	0
3.64292e+06	0
3.64302e+06	0
3.64312e+06	0
3.64322e+06	0
3.64332e+06	0
3.64342e+06	0
3.64352e+06	0
3.64362e+06	0
3.64372e+06	0
3.64382e+06	0
3.64392e+06	0
3.64402e+06	0
3.64412e+06	0
3.64422e+06	0
3.64432e+06	0
3.64442e+06	0
3.64452e+06	0
3.64462e+06	0
3.64472e+06	0
3.64482e+06	0
3.64492e+06	0
3.64502e+06	0
3.64512e+06	0
3.64522e+06	0
3.64532e+06	0
3.64542e+06	0
3.64552e+06	0
3.64562e+06	0
3.64572e+06	0
3.64582e+06	0
3.64592e+06	0
3.64602e+06	0
3.64612e+06	0
3.64622e+06	0
3.64632e+06	0
3.64642e+06	0
3.64652e+06	0
3.64662e+06	0
3.64672e+06	0
3.64682e+06	0
3.64692e+06	0
3.64702e+06	0
3.64712e+06	0
3.64722e+06	0
3.64732e+06	0
3.64742e+06	0
3.64752e+06	0
3.64762e+06	0
3.64772e+06	0
3.64782e+06	0
3.64792e+06	0
3.64802e+06	0
3.64812e+06	0
3.64822e+06	0
3.64832e+06	0
3.64842e+06	0
3.64852e+06	0
3.64862e+06	0
3.64872e+06	0
3.64882e+06	0
3.64892e+06	0
3.64902e+06	0
3.64912e+06	0
3.64922e+06	0
3.64932e+06	0
3.64942e+06	0
3.64952e+06	0
3.64962e+06	0
3.64972e+06	0
3.64982e+06	0
3.64992e+06	0
3.65002e+06	0
3.65012e+06	0
3.65022e+06	0
3.65032e+06	0
3.65042e+06	0
3.65052e+06	0
3.65062e+06	0
3.65072e+06	0
3.65082e+06	0
3.65092e+06	0
3.65102e+06	0
3.65112e+06	0
3.65122e+06	0
3.65132e+06	0
3.65142e+06	0
3.65152e+06	0
3.65162e+06	0
3.65172e+06	0
3.65182e+06	0
3.65192e+06	0
3.65202e+06	0
3.65212e+06	0
3.65222e+06	0
3.65232e+06	0
3.65242e+06	0
3.65252e+06	0
3.65262e+06	0
3.65272e+06	0
3.65282e+06	0
3.65292e+06	0
3.65302e+06	0
3.65312e+06	0
3.65322e+06	0
3.65332e+06	0
3.65342e+06	0
3.65352e+06	0
3.65362e+06	0
3.65372e+06	0
3.65382e+06	0
3.65392e+06	0
3.65402e+06	0
3.65412e+06	0
3.65422e+06	0
3.65432e+06	0
3.65442e+06	0
3.65452e+06	0
3.65462e+06	0
3.65472e+06	0
3.65482e+06	0
3.65492e+06	0
3.65502e+06	0
3.65512e+06	0
3.65522e+06	0
3.65532e+06	0
3.65542e+06	0
3.65552e+06	0
3.65562e+06	0
3.65572e+06	0
3.65582e+06	0
3.65592e+06	0
3.65602e+06	0
3.65612e+06	0
3.65622e+06	0
3.65632e+06	0
3.65642e+06	0
3.65652e+06	0
3.65662e+06	0
3.65672e+06	0
3.65682e+06	0
3.65692e+06	0
3.65702e+06	0
3.65712e+06	0
3.65722e+06	0
3.65732e+06	0
3.65742e+06	0
3.65752e+06	0
3.65762e+06	0
3.65772e+06	0
3.65782e+06	0
3.65792e+06	0
3.65802e+06	0
3.65812e+06	0
3.65822e+06	0
3.65832e+06	0
3.65842e+06	0
3.65852e+06	0
3.65862e+06	0
3.65872e+06	0
3.65882e+06	0
3.65892e+06	0
3.65902e+06	0
3.65912e+06	0
3.65922e+06	0
3.65932e+06	0
3.65942e+06	0
3.65952e+06	0
3.65962e+06	0
3.65972e+06	0
3.65982e+06	0
3.65992e+06	0
3.66002e+06	0
3.66012e+06	0
3.66022e+06	0
3.66032e+06	0
3.66042e+06	0
3.66052e+06	0
3.66062e+06	0
3.66072e+06	0
3.66082e+06	0
3.66092e+06	0
3.66102e+06	0
3.66112e+06	0
3.66122e+06	0
3.66132e+06	0
3.66142e+06	0
3.66152e+06	0
3.66162e+06	0
3.66172e+06	0
3.66182e+06	0
3.66192e+06	0
3.66202e+06	0
3.66212e+06	0
3.66222e+06	0
3.66232e+06	0
3.66242e+06	0
3.66252e+06	0
3.66262e+06	0
3.66272e+06	0
3.66282e+06	0
3.66292e+06	0
3.66302e+06	0
3.66312e+06	0
3.66322e+06	0
3.66332e+06	0
3.66342e+06	0
3.66352e+06	0
3.66362e+06	0
3.66372e+06	0
3.66382e+06	0
3.66392e+06	0
3.66402e+06	0
3.66412e+06	0
3.66422e+06	0
3.66432e+06	0
3.66442e+06	0
3.66452e+06	0
3.66462e+06	0
3.66472e+06	0
3.66482e+06	0
3.66492e+06	0
3.66502e+06	0
3.66512e+06	0
3.66522e+06	0
3.66532e+06	0
3.66542e+06	0
3.66552e+06	0
3.66562e+06	0
3.66572e+06	0
3.66582e+06	0
3.66592e+06	0
3.66602e+06	0
3.66612e+06	0
3.66622e+06	0
3.66632e+06	0
3.66642e+06	0
3.66652e+06	0
3.66662e+06	0
3.66672e+06	0
3.66682e+06	0
3.66692e+06	0
3.66702e+06	0
3.66712e+06	0
3.66722e+06	0
3.66732e+06	0
3.66742e+06	0
3.66752e+06	0
3.66762e+06	0
3.66772e+06	0
3.66782e+06	0
3.66792e+06	0
3.66802e+06	0
3.66812e+06	0
3.66822e+06	0
3.66832e+06	0
3.66842e+06	0
3.66852e+06	0
3.66862e+06	0
3.66872e+06	0
3.66882e+06	0
3.66892e+06	0
3.66902e+06	0
3.66912e+06	0
3.66922e+06	0
3.66932e+06	0
3.66942e+06	0
3.66952e+06	0
3.66962e+06	0
3.66972e+06	0
3.66982e+06	0
3.66992e+06	0
3.67002e+06	0
3.67012e+06	0
3.67022e+06	0
3.67032e+06	0
3.67042e+06	0
3.67052e+06	0
3.67062e+06	0
3.67072e+06	0
3.67082e+06	0
3.67092e+06	0
3.67102e+06	0
3.67112e+06	0
3.67122e+06	0
3.67132e+06	0
3.67142e+06	0
3.67152e+06	0
3.67162e+06	0
3.67172e+06	0
3.67182e+06	0
3.67192e+06	0
3.67202e+06	0
3.67212e+06	0
3.67222e+06	0
3.67232e+06	0
3.67242e+06	0
3.67252e+06	0
3.67262e+06	0
3.67272e+06	0
3.67282e+06	0
3.67292e+06	0
3.67302e+06	0
3.67312e+06	0
3.67322e+06	0
3.67332e+06	0
3.67342e+06	0
3.67352e+06	0
3.67362e+06	0
3.67372e+06	0
3.67382e+06	0
3.67392e+06	0
3.67402e+06	0
3.67412e+06	0
3.67422e+06	0
3.67432e+06	0
3.67442e+06	0
3.67452e+06	0
3.67462e+06	0
3.67472e+06	0
3.67482e+06	0
3.67492e+06	0
3.67502e+06	0
3.67512e+06	0
3.67522e+06	0
3.67532e+06	0
3.67542e+06	0
3.67552e+06	0
3.67562e+06	0
3.67572e+06	0
3.67582e+06	0
3.67592e+06	0
3.67602e+06	0
3.67612e+06	0
3.67622e+06	0
3.67632e+06	0
3.67642e+06	0
3.67652e+06	0
3.67662e+06	0
3.67672e+06	0
3.67682e+06	0
3.67692e+06	0
3.67702e+06	0
3.67712e+06	0
3.67722e+06	0
3.67732e+06	0
3.67742e+06	0
3.67752e+06	0
3.67762e+06	0
3.67772e+06	0
3.67782e+06	0
3.67792e+06	0
3.67802e+06	0
3.67812e+06	0
3.67822e+06	0
3.67832e+06	0
3.67842e+06	0
3.67852e+06	0
3.67862e+06	0
3.67872e+06	0
3.67882e+06	0
3.67892e+06	0
3.67902e+06	0
3.67912e+06	0
3.67922e+06	0
3.67932e+06	0
3.67942e+06	0
3.67952e+06	0
3.67962e+06	0
3.67972e+06	0
3.67982e+06	0
3.67992e+06	0
3.68002e+06	0
3.68012e+06	0
3.68022e+06	0
3.68032e+06	0
3.68042e+06	0
3.68052e+06	0
3.68062e+06	0
3.68072e+06	0
3.68082e+06	0
3.68092e+06	0
3.68102e+06	0
3.68112e+06	0
3.68122e+06	0
3.68132e+06	0
3.68142e+06	0
3.68152e+06	0
3.68162e+06	0
3.68172e+06	0
3.68182e+06	0
3.68192e+06	0
3.68202e+06	0
3.68212e+06	0
3.68222e+06	0
3.68232e+06	0
3.68242e+06	0
3.68252e+06	0
3.68262e+06	0
3.68272e+06	0
3.68282e+06	0
3.68292e+06	0
3.68302e+06	0
3.68312e+06	0
3.68322e+06	0
3.68332e+06	0
3.68342e+06	0
3.68352e+06	0
3.68362e+06	0
3.68372e+06	0
3.68382e+06	0
3.68392e+06	0
3.68402e+06	0
3.68412e+06	0
3.68422e+06	0
3.68432e+06	0
3.68442e+06	0
3.68452e+06	0
3.68462e+06	0
3.68472e+06	0
3.68482e+06	0
3.68492e+06	0
3.68502e+06	0
3.68512e+06	0
3.68522e+06	0
3.68532e+06	0
3.68542e+06	0
3.68552e+06	0
3.68562e+06	0
3.68572e+06	0
3.68582e+06	0
3.68592e+06	0
3.68602e+06	0
3.68612e+06	0
3.68622e+06	0
3.68632e+06	0
3.68642e+06	0
3.68652e+06	0
3.68662e+06	0
3.68672e+06	0
3.68682e+06	0
3.68692e+06	0
3.68702e+06	0
3.68712e+06	0
3.68722e+06	0
3.68732e+06	0
3.68742e+06	0
3.68752e+06	0
3.68762e+06	0
3.68772e+06	0
3.68782e+06	0
3.68792e+06	0
3.68802e+06	0
3.68812e+06	0
3.68822e+06	0
3.68832e+06	0
3.68842e+06	0
3.68852e+06	0
3.68862e+06	0
3.68872e+06	0
3.68882e+06	0
3.68892e+06	0
3.68902e+06	0
3.68912e+06	0
3.68922e+06	0
3.68932e+06	0
3.68942e+06	0
3.68952e+06	0
3.68962e+06	0
3.68972e+06	0
3.68982e+06	0
3.68992e+06	0
3.69002e+06	0
3.69012e+06	0
3.69022e+06	0
3.69032e+06	0
3.69042e+06	0
3.69052e+06	0
3.69062e+06	0
3.69072e+06	0
3.69082e+06	0
3.69092e+06	0
3.69102e+06	0
3.69112e+06	0
3.69122e+06	0
3.69132e+06	0
3.69142e+06	0
3.69152e+06	0
3.69162e+06	0
3.69172e+06	0
3.69182e+06	0
3.69192e+06	0
3.69202e+06	0
3.69212e+06	0
3.69222e+06	0
3.69232e+06	0
3.69242e+06	0
3.69252e+06	0
3.69262e+06	0
3.69272e+06	0
3.69282e+06	0
3.69292e+06	0
3.69302e+06	0
3.69312e+06	0
3.69322e+06	0
3.69332e+06	0
3.69342e+06	0
3.69352e+06	0
3.69362e+06	0
3.69372e+06	0
3.69382e+06	0
3.69392e+06	0
3.69402e+06	0
3.69412e+06	0
3.69422e+06	0
3.69432e+06	0
3.69442e+06	0
3.69452e+06	0
3.69462e+06	0
3.69472e+06	0
3.69482e+06	0
3.69492e+06	0
3.69502e+06	0
3.69512e+06	0
3.69522e+06	0
3.69532e+06	0
3.69542e+06	0
3.69552e+06	0
3.69562e+06	0
3.69572e+06	0
3.69582e+06	0
3.69592e+06	0
3.69602e+06	0
3.69612e+06	0
3.69622e+06	0
3.69632e+06	0
3.69642e+06	0
3.69652e+06	0
3.69662e+06	0
3.69672e+06	0
3.69682e+06	0
3.69692e+06	0
3.69702e+06	0
3.69712e+06	0
3.69722e+06	0
3.69732e+06	0
3.69742e+06	0
3.69752e+06	0
3.69762e+06	0
3.69772e+06	0
3.69782e+06	0
3.69792e+06	0
3.69802e+06	0
3.69812e+06	0
3.69822e+06	0
3.69832e+06	0
3.69842e+06	0
3.69852e+06	0
3.69862e+06	0
3.69872e+06	0
3.69882e+06	0
3.69892e+06	0
3.69902e+06	0
3.69912e+06	0
3.69922e+06	0
3.69932e+06	0
3.69942e+06	0
3.69952e+06	0
3.69962e+06	0
3.69972e+06	0
3.69982e+06	0
3.69992e+06	0
3.70002e+06	0
3.70012e+06	0
3.70022e+06	0
3.70032e+06	0
3.70042e+06	0
3.70052e+06	0
3.70062e+06	0
3.70072e+06	0
3.70082e+06	0
3.70092e+06	0
3.70102e+06	0
3.70112e+06	0
3.70122e+06	0
3.70132e+06	0
3.70142e+06	0
3.70152e+06	0
3.70162e+06	0
3.70172e+06	0
3.70182e+06	0
3.70192e+06	0
3.70202e+06	0
3.70212e+06	0
3.70222e+06	0
3.70232e+06	0
3.70242e+06	0
3.70252e+06	0
3.70262e+06	0
3.70272e+06	0
3.70282e+06	0
3.70292e+06	0
3.70302e+06	0
3.70312e+06	0
3.70322e+06	0
3.70332e+06	0
3.70342e+06	0
3.70352e+06	0
3.70362e+06	0
3.70372e+06	0
3.70382e+06	0
3.70392e+06	0
3.70402e+06	0
3.70412e+06	0
3.70422e+06	0
3.70432e+06	0
3.70442e+06	0
3.70452e+06	0
3.70462e+06	0
3.70472e+06	0
3.70482e+06	0
3.70492e+06	0
3.70502e+06	0
3.70512e+06	0
3.70522e+06	0
3.70532e+06	0
3.70542e+06	0
3.70552e+06	0
3.70562e+06	0
3.70572e+06	0
3.70582e+06	0
3.70592e+06	0
3.70602e+06	0
3.70612e+06	0
3.70622e+06	0
3.70632e+06	0
3.70642e+06	0
3.70652e+06	0
3.70662e+06	0
3.70672e+06	0
3.70682e+06	0
3.70692e+06	0
3.70702e+06	0
3.70712e+06	0
3.70722e+06	0
3.70732e+06	0
3.70742e+06	0
3.70752e+06	0
3.70762e+06	0
3.70772e+06	0
3.70782e+06	0
3.70792e+06	0
3.70802e+06	0
3.70812e+06	0
3.70822e+06	0
3.70832e+06	0
3.70842e+06	0
3.70852e+06	0
3.70862e+06	0
3.70872e+06	0
3.70882e+06	0
3.70892e+06	0
3.70902e+06	0
3.70912e+06	0
3.70922e+06	0
3.70932e+06	0
3.70942e+06	0
3.70952e+06	0
3.70962e+06	0
3.70972e+06	0
3.70982e+06	0
3.70992e+06	0
3.71002e+06	0
3.71012e+06	0
3.71022e+06	0
3.71032e+06	0
3.71042e+06	0
3.71052e+06	0
3.71062e+06	0
3.71072e+06	0
3.71082e+06	0
3.71092e+06	0
3.71102e+06	0
3.71112e+06	0
3.71122e+06	0
3.71132e+06	0
3.71142e+06	0
3.71152e+06	0
3.71162e+06	0
3.71172e+06	0
3.71182e+06	0
3.71192e+06	0
3.71202e+06	0
3.71212e+06	0
3.71222e+06	0
3.71232e+06	0
3.71242e+06	0
3.71252e+06	0
3.71262e+06	0
3.71272e+06	0
3.71282e+06	0
3.71292e+06	0
3.71302e+06	0
3.71312e+06	0
3.71322e+06	0
3.71332e+06	0
3.71342e+06	0
3.71352e+06	0
3.71362e+06	0
3.71372e+06	0
3.71382e+06	0
3.71392e+06	0
3.71402e+06	0
3.71412e+06	0
3.71422e+06	0
3.71432e+06	0
3.71442e+06	0
3.71452e+06	0
3.71462e+06	0
3.71472e+06	0
3.71482e+06	0
3.71492e+06	0
3.71502e+06	0
3.71512e+06	0
3.71522e+06	0
3.71532e+06	0
3.71542e+06	0
3.71552e+06	0
3.71562e+06	0
3.71572e+06	0
3.71582e+06	0
3.71592e+06	0
3.71602e+06	0
3.71612e+06	0
3.71622e+06	0
3.71632e+06	0
3.71642e+06	0
3.71652e+06	0
3.71662e+06	0
3.71672e+06	0
3.71682e+06	0
3.71692e+06	0
3.71702e+06	0
3.71712e+06	0
3.71722e+06	0
3.71732e+06	0
3.71742e+06	0
3.71752e+06	0
3.71762e+06	0
3.71772e+06	0
3.71782e+06	0
3.71792e+06	0
3.71802e+06	0
3.71812e+06	0
3.71822e+06	0
3.71832e+06	0
3.71842e+06	0
3.71852e+06	0
3.71862e+06	0
3.71872e+06	0
3.71882e+06	0
3.71892e+06	0
3.71902e+06	0
3.71912e+06	0
3.71922e+06	0
3.71932e+06	0
3.71942e+06	0
3.71952e+06	0
3.71962e+06	0
3.71972e+06	0
3.71982e+06	0
3.71992e+06	0
3.72002e+06	0
3.72012e+06	0
3.72022e+06	0
3.72032e+06	0
3.72042e+06	0
3.72052e+06	0
3.72062e+06	0
3.72072e+06	0
3.72082e+06	0
3.72092e+06	0
3.72102e+06	0
3.72112e+06	0
3.72122e+06	0
3.72132e+06	0
3.72142e+06	0
3.72152e+06	0
3.72162e+06	0
3.72172e+06	0
3.72182e+06	0
3.72192e+06	0
3.72202e+06	0
3.72212e+06	0
3.72222e+06	0
3.72232e+06	0
3.72242e+06	0
3.72252e+06	0
3.72262e+06	0
3.72272e+06	0
3.72282e+06	0
3.72292e+06	0
3.72302e+06	0
3.72312e+06	0
3.72322e+06	0
3.72332e+06	0
3.72342e+06	0
3.72352e+06	0
3.72362e+06	0
3.72372e+06	0
3.72382e+06	0
3.72392e+06	0
3.72402e+06	0
3.72412e+06	0
3.72422e+06	0
3.72432e+06	0
3.72442e+06	0
3.72452e+06	0
3.72462e+06	0
3.72472e+06	0
3.72482e+06	0
3.72492e+06	0
3.72502e+06	0
3.72512e+06	0
3.72522e+06	0
3.72532e+06	0
3.72542e+06	0
3.72552e+06	0
3.72562e+06	0
3.72572e+06	0
3.72582e+06	0
3.72592e+06	0
3.72602e+06	0
3.72612e+06	0
3.72622e+06	0
3.72632e+06	0
3.72642e+06	0
3.72652e+06	0
3.72662e+06	0
3.72672e+06	0
3.72682e+06	0
3.72692e+06	0
3.72702e+06	0
3.72712e+06	0
3.72722e+06	0
3.72732e+06	0
3.72742e+06	0
3.72752e+06	0
3.72762e+06	0
3.72772e+06	0
3.72782e+06	0
3.72792e+06	0
3.72802e+06	0
3.72812e+06	0
3.72822e+06	0
3.72832e+06	0
3.72842e+06	0
3.72852e+06	0
3.72862e+06	0
3.72872e+06	0
3.72882e+06	0
3.72892e+06	0
3.72902e+06	0
3.72912e+06	0
3.72922e+06	0
3.72932e+06	0
3.72942e+06	0
3.72952e+06	0
3.72962e+06	0
3.72972e+06	0
3.72982e+06	0
3.72992e+06	0
3.73002e+06	0
3.73012e+06	0
3.73022e+06	0
3.73032e+06	0
3.73042e+06	0
3.73052e+06	0
3.73062e+06	0
3.73072e+06	0
3.73082e+06	0
3.73092e+06	0
3.73102e+06	0
3.73112e+06	0
3.73122e+06	0
3.73132e+06	0
3.73142e+06	0
3.73152e+06	0
3.73162e+06	0
3.73172e+06	0
3.73182e+06	0
3.73192e+06	0
3.73202e+06	0
3.73212e+06	0
3.73222e+06	0
3.73232e+06	0
3.73242e+06	0
3.73252e+06	0
3.73262e+06	0
3.73272e+06	0
3.73282e+06	0
3.73292e+06	0
3.73302e+06	0
3.73312e+06	0
3.73322e+06	0
3.73332e+06	0
3.73342e+06	0
3.73352e+06	0
3.73362e+06	0
3.73372e+06	0
3.73382e+06	0
3.73392e+06	0
3.73402e+06	0
3.73412e+06	0
3.73422e+06	0
3.73432e+06	0
3.73442e+06	0
3.73452e+06	0
3.73462e+06	0
3.73472e+06	0
3.73482e+06	0
3.73492e+06	0
3.73502e+06	0
3.73512e+06	0
3.73522e+06	0
3.73532e+06	0
3.73542e+06	0
3.73552e+06	0
3.73562e+06	0
3.73572e+06	0
3.73582e+06	0
3.73592e+06	3.95253e-323
3.73602e+06	1.89721e-321
3.73612e+06	8.75731e-320
3.73622e+06	4.00141e-318
3.73632e+06	1.81013e-316
3.73642e+06	8.10711e-315
3.73652e+06	3.59483e-313
3.73662e+06	1.57815e-311
3.73672e+06	6.85921e-310
3.73682e+06	2.9516e-308
3.73692e+06	1.25747e-306
3.73702e+06	5.3039e-305
3.73712e+06	2.21488e-303
3.73722e+06	9.15718e-302
3.73732e+06	3.74827e-300
3.73742e+06	1.51899e-298
3.73752e+06	6.09451e-297
3.73762e+06	2.42091e-295
3.73772e+06	9.52085e-294
3.73782e+06	3.70706e-292
3.73792e+06	1.42903e-290
3.73802e+06	5.45392e-289
3.73812e+06	2.06079e-287
3.73822e+06	7.70933e-286
3.73832e+06	2.85533e-284
3.73842e+06	1.04701e-282
3.73852e+06	3.80107e-281
3.73862e+06	1.3662e-279
3.73872e+06	4.86164e-278
3.73882e+06	1.7128e-276
3.73892e+06	5.97433e-275
3.73902e+06	2.06314e-273
3.73912e+06	7.05381e-272
3.73922e+06	2.38768e-270
3.73932e+06	8.00177e-269
3.73942e+06	2.65493e-267
3.73952e+06	8.72122e-266
3.73962e+06	2.83634e-264
3.73972e+06	9.13263e-263
3.73982e+06	2.91133e-261
3.73992e+06	9.18847e-260
3.74002e+06	2.87113e-258
3.74012e+06	8.88216e-257
3.74022e+06	2.72046e-255
3.74032e+06	8.2494e-254
3.74042e+06	2.47662e-252
3.74052e+06	7.3613e-251
3.74062e+06	2.16624e-249
3.74072e+06	6.31124e-248
3.74082e+06	1.82046e-246
3.74092e+06	5.1988e-245
3.74102e+06	1.46988e-243
3.74112e+06	4.11452e-242
3.74122e+06	1.14028e-240
3.74132e+06	3.1287e-239
3.74142e+06	8.49908e-238
3.74152e+06	2.28579e-236
3.74162e+06	6.08638e-235
3.74172e+06	1.60449e-233
3.74182e+06	4.18769e-232
3.74192e+06	1.0821e-230
3.74202e+06	2.76833e-229
3.74212e+06	7.01173e-228
3.74222e+06	1.75829e-226
3.74232e+06	4.36527e-225
3.74242e+06	1.07298e-223
3.74252e+06	2.61111e-222
3.74262e+06	6.29098e-221
3.74272e+06	1.50061e-219
3.74282e+06	3.54384e-218
3.74292e+06	8.28587e-217
3.74302e+06	1.91805e-215
3.74312e+06	4.39579e-214
3.74322e+06	9.97406e-213
3.74332e+06	2.2406e-211
3.74342e+06	4.98325e-210
3.74352e+06	1.09728e-208
3.74362e+06	2.39212e-207
3.74372e+06	5.16301e-206
3.74382e+06	1.10327e-204
3.74392e+06	2.33407e-203
3.74402e+06	4.88884e-202
3.74412e+06	1.0138e-200
3.74422e+06	2.08142e-199
3.74432e+06	4.2308e-198
3.74442e+06	8.51416e-197
3.74452e+06	1.69636e-195
3.74462e+06	3.3462e-194
3.74472e+06	6.53496e-193
3.74482e+06	1.26355e-191
3.74492e+06	2.41878e-190
3.74502e+06	4.58414e-189
3.74512e+06	8.60155e-188
3.74522e+06	1.59791e-186
3.74532e+06	2.93891e-185
3.74542e+06	5.35151e-184
3.74552e+06	9.64769e-183
3.74562e+06	1.72198e-181
3.74572e+06	3.04291e-180
3.74582e+06	5.32362e-179
3.74592e+06	9.2211e-178
3.74602e+06	1.5813e-176
3.74612e+06	2.68476e-175
3.74622e+06	4.51286e-174
3.74632e+06	7.51026e-173
3.74642e+06	1.23742e-171
3.74652e+06	2.01852e-170
3.74662e+06	3.25993e-169
3.74672e+06	5.21243e-168
3.74682e+06	8.25143e-167
3.74692e+06	1.29323e-165
3.74702e+06	2.00668e-164
3.74712e+06	3.08275e-163
3.74722e+06	4.68874e-162
3.74732e+06	7.06041e-161
3.74742e+06	1.05259e-159
3.74752e+06	1.55364e-158
3.74762e+06	2.27036e-157
3.74772e+06	3.28471e-156
3.74782e+06	4.70497e-155
3.74792e+06	6.67227e-154
3.74802e+06	9.368e-153
3.74812e+06	1.3022e-151
3.74822e+06	1.79211e-150
3.74832e+06	2.4418e-149
3.74842e+06	3.29391e-148
3.74852e+06	4.39917e-147
3.74862e+06	5.81684e-146
3.74872e+06	7.61482e-145
3.74882e+06	9.86938e-144
3.74892e+06	1.26642e-142
3.74902e+06	1.60887e-141
3.74912e+06	2.02359e-140
3.74922e+06	2.51989e-139
3.74932e+06	3.10668e-138
3.74942e+06	3.792e-137
3.74952e+06	4.58245e-136
3.74962e+06	5.48257e-135
3.74972e+06	6.49423e-134
3.74982e+06	7.61603e-133
3.74992e+06	8.84273e-132
3.75002e+06	1.01648e-130
3.75012e+06	1.15684e-129
3.75022e+06	1.30347e-128
3.75032e+06	1.45408e-127
3.75042e+06	1.60594e-126
3.75052e+06	1.75602e-125
3.75062e+06	1.90102e-124
3.75072e+06	2.03752e-123
3.75082e+06	2.16208e-122
3.75092e+06	2.27144e-121
3.75102e+06	2.36258e-120
3.75112e+06	2.43292e-119
3.75122e+06	2.48043e-118
3.75132e+06	2.50371e-117
3.75142e+06	2.50206e-116
3.75152e+06	2.47553e-115
3.75162e+06	2.42491e-114
3.75172e+06	2.35169e-113
3.75182e+06	2.25799e-112
3.75192e+06	2.14645e-111
3.75202e+06	2.02012e-110
3.75212e+06	1.8823e-109
3.75222e+06	1.73644e-108
3.75232e+06	1.58594e-107
3.75242e+06	1.43407e-106
3.75252e+06	1.28384e-105
3.75262e+06	1.13792e-104
3.75272e+06	9.98539e-104
3.75282e+06	8.67516e-103
3.75292e+06	7.46185e-102
3.75302e+06	6.35438e-101
3.75312e+06	5.35743e-100
3.75322e+06	4.47195e-99
3.75332e+06	3.69568e-98
3.75342e+06	3.02377e-97
3.75352e+06	2.44941e-96
3.75362e+06	1.9644e-95
3.75372e+06	1.55975e-94
3.75382e+06	1.22613e-93
3.75392e+06	9.54285e-93
3.75402e+06	7.35317e-92
3.75412e+06	5.60956e-91
3.75422e+06	4.23682e-90
3.75432e+06	3.16817e-89
3.75442e+06	2.34549e-88
3.75452e+06	1.71916e-87
3.75462e+06	1.24754e-86
3.75472e+06	8.96295e-86
3.75482e+06	6.37535e-85
3.75492e+06	4.48967e-84
3.75502e+06	3.13027e-83
3.75512e+06	2.16076e-82
3.75522e+06	1.47669e-81
3.75532e+06	9.99141e-81
3.75542e+06	6.69303e-80
3.75552e+06	4.4389e-79
3.75562e+06	2.91464e-78
3.75572e+06	1.89475e-77
3.75582e+06	1.21948e-76
3.75592e+06	7.77064e-76
3.75602e+06	4.90224e-75
3.75612e+06	3.06189e-74
3.75622e+06	1.8934e-73
3.75632e+06	1.15918e-72
3.75642e+06	7.02615e-72
3.75652e+06	4.21639e-71
3.75662e+06	2.50508e-70
3.75672e+06	1.47353e-69
3.75682e+06	8.5813e-69
3.75692e+06	4.94771e-68
3.75702e+06	2.82432e-67
3.75712e+06	1.59617e-66
3.75722e+06	8.93103e-66
3.75732e+06	4.94745e-65
3.75742e+06	2.71343e-64
3.75752e+06	1.47337e-63
3.75762e+06	7.92069e-63
3.75772e+06	4.21571e-62
3.75782e+06	2.22145e-61
3.75792e+06	1.15893e-60
3.75802e+06	5.986e-60
3.75812e+06	3.06107e-59
3.75822e+06	1.54977e-58
3.75832e+06	7.76813e-58
3.75842e+06	3.855e-57
3.75852e+06	1.89404e-56
3.75862e+06	9.21319e-56
3.75872e+06	4.43699e-55
3.75882e+06	2.11555e-54
3.75892e+06	9.98658e-54
3.75902e+06	4.66731e-53
3.75912e+06	2.1596e-52
3.75922e+06	9.8932e-52
3.75932e+06	4.48702e-51
3.75942e+06	2.01482e-50
3.75952e+06	8.95716e-50
3.75962e+06	3.94242e-49
3.75972e+06	1.71795e-48
3.75982e+06	7.4117e-48
3.75992e+06	3.16578e-47
3.76002e+06	1.33876e-46
3.76012e+06	5.60504e-46
3.76022e+06	2.32334e-45
3.76032e+06	9.53464e-45
3.76042e+06	3.87394e-44
3.76052e+06	1.55833e-43
3.76062e+06	6.20613e-43
3.76072e+06	2.44704e-42
3.76082e+06	9.5525e-42
3.76092e+06	3.69191e-41
3.76102e+06	1.41267e-40
3.76112e+06	5.35167e-40
3.76122e+06	2.00722e-39
3.76132e+06	7.45343e-39
3.76142e+06	2.74016e-38
3.76152e+06	9.97358e-38
3.76162e+06	3.59405e-37
3.76172e+06	1.28226e-36
3.76182e+06	4.5292e-36
3.76192e+06	1.58389e-35
3.76202e+06	5.48387e-35
3.76212e+06	1.87977e-34
3.76222e+06	6.37942e-34
3.76232e+06	2.14345e-33
3.76242e+06	7.13023e-33
3.76252e+06	2.34828e-32
3.76262e+06	7.65691e-32
3.76272e+06	2.47181e-31
3.76282e+06	7.90009e-31
3.76292e+06	2.49981e-30
3.76302e+06	7.83139e-30
3.76312e+06	2.429e-29
3.76322e+06	7.45888e-29
3.76332e+06	2.26765e-28
3.76342e+06	6.82554e-28
3.76352e+06	2.03401e-27
3.76362e+06	6.00106e-27
3.76372e+06	1.75291e-26
3.76382e+06	5.0693e-26
3.76392e+06	1.45142e-25
3.76402e+06	4.1143e-25
3.76412e+06	1.15466e-24
3.76422e+06	3.20828e-24
3.76432e+06	8.82562e-24
3.76442e+06	2.40368e-23
3.76452e+06	6.48132e-23
3.76462e+06	1.73025e-22
3.76472e+06	4.5731e-22
3.76482e+06	1.19666e-21
3.76492e+06	3.10017e-21
3.76502e+06	7.95167e-21
3.76512e+06	2.01924e-20
3.76522e+06	5.07663e-20
3.76532e+06	1.26363e-19
3.76542e+06	3.11402e-19
3.76552e+06	7.59764e-19
3.76562e+06	1.83525e-18
3.76572e+06	4.38901e-18
3.76582e+06	1.03919e-17
3.76592e+06	2.43603e-17
3.76602e+06	5.65361e-17
3.76612e+06	1.29905e-16
3.76622e+06	2.95518e-16
3.76632e+06	6.65578e-16
3.76642e+06	1.48413e-15
3.76652e+06	3.27642e-15
3.76662e+06	7.1612e-15
3.76672e+06	1.54963e-14
3.76682e+06	3.31993e-14
3.76692e+06	7.04183e-14
3.76702e+06	1.47877e-13
3.76712e+06	3.07447e-13
3.76722e+06	6.32847e-13
3.76732e+06	1.28969e-12
3.76742e+06	2.60212e-12
3.76752e+06	5.19788e-12
3.76762e+06	1.02797e-11
3.76772e+06	2.01278e-11
3.76782e+06	3.90181e-11
3.76792e+06	7.48849e-11
3.76802e+06	1.42291e-10
3.76812e+06	2.67683e-10
3.76822e+06	4.98562e-10
3.76832e+06	9.19337e-10
3.76842e+06	1.67837e-09
3.76852e+06	3.0336e-09
3.76862e+06	5.42856e-09
3.76872e+06	9.61764e-09
3.76882e+06	1.68698e-08
3.76892e+06	2.9296e-08
3.76902e+06	5.0369e-08
3.76912e+06	8.57384e-08
3.76922e+06	1.44492e-07
3.76932e+06	2.41085e-07
3.76942e+06	3.98249e-07
3.76952e+06	6.51321e-07
3.76962e+06	1.05461e-06
3.76972e+06	1.69062e-06
3.76982e+06	2.68324e-06
3.76992e+06	4.21626e-06
3.77002e+06	6.55923e-06
3.77012e+06	1.01027e-05
3.77022e+06	1.54055e-05
3.77032e+06	2.3258e-05
3.77042e+06	3.47638e-05
3.77052e+06	5.14444e-05
3.77062e+06	7.53713e-05
3.77072e+06	0.000109328
3.77082e+06	0.000157005
3.77092e+06	0.00022323
3.77102e+06	0.000314231
3.77112e+06	0.000437927
3.77122e+06	0.000604244
3.77132e+06	0.000825429
3.77142e+06	0.00111636
3.77152e+06	0.00149481
3.77162e+06	0.00198164
3.77172e+06	0.00260088
3.77182e+06	0.00337966
3.77192e+06	0.00434793
3.77202e+06	0.00553796
3.77212e+06	0.00698351
3.77222e+06	0.00871876
3.77232e+06	0.0107769
3.77242e+06	0.0131883
3.77252e+06	0.0159786
3.77262e+06	0.0191668
3.77272e+06	0.0227623
3.77282e+06	0.0267632
3.77292e+06	0.0311544
3.77302e+06	0.0359051
3.77312e+06	0.0409686
3.77322e+06	0.046281
3.77332e+06	0.051762
3.77342e+06	0.0573161
3.77352e+06	0.0628347
3.77362e+06	0.0681992
3.77372e+06	0.0732851
3.77382e+06	0.0779668
3.77392e+06	0.0821222
3.77402e+06	0.0856384
3.77412e+06	0.0884165
3.77422e+06	0.0903765
3.77432e+06	0.0914607
3.77442e+06	0.091637
3.77452e+06	0.0909001
3.77462e+06	0.0892718
3.77472e+06	0.0868004
3.77482e+06	0.0835576
3.77492e+06	0.0796357
3.77502e+06	0.0751426
3.77512e+06	0.0701975
3.77522e+06	0.0649254
3.77532e+06	0.0594517
3.77542e+06	0.0538978
3.77552e+06	0.0483765
3.77562e+06	0.0429888
3.77572e+06	0.037821
3.77582e+06	0.0329434
3.77592e+06	0.0284093
3.77602e+06	0.0242554
3.77612e+06	0.0205029
3.77622e+06	0.0171585
3.77632e+06	0.0142167
3.77642e+06	0.0116621
3.77652e+06	0.00947132
3.77662e+06	0.00761556
3.77672e+06	0.00606248
3.77682e+06	0.00477811
3.77692e+06	0.00372836
3.77702e+06	0.0028803
3.77712e+06	0.002203
3.77722e+06	0.0016682
3.77732e+06	0.00125066
3.77742e+06	0.000928297
3.77752e+06	0.000682169
3.77762e+06	0.000496311
3.77772e+06	0.000357497
3.77782e+06	0.000254946
3.77792e+06	0.000180004
3.77802e+06	0.000125826
3.77812e+06	8.70802e-05
3.77822e+06	5.96655e-05
3.77832e+06	4.04748e-05
3.77842e+06	2.71834e-05
3.77852e+06	1.8075e-05
3.77862e+06	1.1899e-05
3.77872e+06	7.75534e-06
3.77882e+06	5.00435e-06
3.77892e+06	3.19706e-06
3.77902e+06	2.02214e-06
3.77912e+06	1.26628e-06
3.77922e+06	7.85063e-07
3.77932e+06	4.81877e-07
