3.06624e+06	1.84241e-06
3.06634e+06	3.02247e-06
3.06644e+06	4.90901e-06
3.06654e+06	7.89377e-06
3.06664e+06	1.2567e-05
3.06674e+06	1.98078e-05
3.06684e+06	3.09098e-05
3.06694e+06	4.77545e-05
3.06704e+06	7.30448e-05
3.06714e+06	0.000110617
3.06724e+06	0.000165848
3.06734e+06	0.000246183
3.06744e+06	0.000361793
3.06754e+06	0.000526406
3.06764e+06	0.000758296
3.06774e+06	0.00108147
3.06784e+06	0.00152702
3.06794e+06	0.00213468
3.06804e+06	0.00295447
3.06814e+06	0.00404838
3.06824e+06	0.00549214
3.06834e+06	0.00737664
3.06844e+06	0.00980917
3.06854e+06	0.0129141
3.06864e+06	0.0168326
3.06874e+06	0.0217218
3.06884e+06	0.0277523
3.06894e+06	0.0351041
3.06904e+06	0.0439617
3.06914e+06	0.0545064
3.06924e+06	0.066908
3.06934e+06	0.081314
3.06944e+06	0.0978385
3.06954e+06	0.11655
3.06964e+06	0.137458
3.06974e+06	0.160504
3.06984e+06	0.185549
3.06994e+06	0.212367
3.07004e+06	0.240644
3.07014e+06	0.269972
3.07024e+06	0.299861
3.07034e+06	0.329744
3.07044e+06	0.358998
3.07054e+06	0.386959
3.07064e+06	0.412946
3.07074e+06	0.436295
3.07084e+06	0.456376
3.07094e+06	0.472633
3.07104e+06	0.484597
3.07114e+06	0.491921
3.07124e+06	0.494387
3.07134e+06	0.491922
3.07144e+06	0.484599
3.07154e+06	0.472635
3.07164e+06	0.45638
3.07174e+06	0.436301
3.07184e+06	0.412957
3.07194e+06	0.386975
3.07204e+06	0.359025
3.07214e+06	0.329786
3.07224e+06	0.299925
3.07234e+06	0.270072
3.07244e+06	0.240797
3.07254e+06	0.2126
3.07264e+06	0.185899
3.07274e+06	0.161025
3.07284e+06	0.138226
3.07294e+06	0.11767
3.07304e+06	0.0994567
3.07314e+06	0.0836283
3.07324e+06	0.0701849
3.07334e+06	0.0591
3.07344e+06	0.0503371
3.07354e+06	0.0438644
3.07364e+06	0.0396697
3.07374e+06	0.037773
3.07384e+06	0.0382362
3.07394e+06	0.041171
3.07404e+06	0.0467425
3.07414e+06	0.0551703
3.07424e+06	0.0667241
3.07434e+06	0.0817167
3.07444e+06	0.100491
3.07454e+06	0.123403
3.07464e+06	0.150801
3.07474e+06	0.183
3.07484e+06	0.220255
3.07494e+06	0.262728
3.07504e+06	0.31046
3.07514e+06	0.363342
3.07524e+06	0.421087
3.07534e+06	0.48321
3.07544e+06	0.549019
3.07554e+06	0.617609
3.07564e+06	0.687871
3.07574e+06	0.758513
3.07584e+06	0.828094
3.07594e+06	0.895066
3.07604e+06	0.957831
3.07614e+06	1.0148
3.07624e+06	1.06446
3.07634e+06	1.10544
3.07644e+06	1.13658
3.07654e+06	1.15696
3.07664e+06	1.166
3.07674e+06	1.16341
3.07684e+06	1.14928
3.07694e+06	1.12402
3.07704e+06	1.08838
3.07714e+06	1.04338
3.07724e+06	0.990289
3.07734e+06	0.930549
3.07744e+06	0.865712
3.07754e+06	0.797379
3.07764e+06	0.727132
3.07774e+06	0.656475
3.07784e+06	0.586788
3.07794e+06	0.519279
3.07804e+06	0.454964
3.07814e+06	0.394649
3.07824e+06	0.338923
3.07834e+06	0.28817
3.07844e+06	0.242579
3.07854e+06	0.202169
3.07864e+06	0.166815
3.07874e+06	0.136273
3.07884e+06	0.110216
3.07894e+06	0.0882537
3.07904e+06	0.0699649
3.07914e+06	0.0549142
3.07924e+06	0.0426723
3.07934e+06	0.0328295
3.07944e+06	0.0250057
3.07954e+06	0.018857
3.07964e+06	0.0140786
3.07974e+06	0.0104066
3.07984e+06	0.00761572
3.07994e+06	0.00551787
3.08004e+06	0.00395812
3.08014e+06	0.00281102
3.08024e+06	0.00197649
3.08034e+06	0.00137589
3.08044e+06	0.000948266
3.08054e+06	0.000647043
3.08064e+06	0.000437112
3.08074e+06	0.000292355
3.08084e+06	0.000193591
3.08094e+06	0.000126916
3.08104e+06	8.23765e-05
3.08114e+06	5.29357e-05
3.08124e+06	3.36784e-05
3.08134e+06	2.12134e-05
3.08144e+06	1.3229e-05
3.08154e+06	8.16771e-06
3.08164e+06	4.99265e-06
3.08174e+06	3.02147e-06
3.08184e+06	1.81035e-06
3.08194e+06	1.0739e-06
3.08204e+06	6.30701e-07
3.08214e+06	3.66724e-07
3.08224e+06	2.11112e-07
3.08234e+06	1.20321e-07
3.08244e+06	6.78936e-08
3.08254e+06	3.79291e-08
3.08264e+06	2.09785e-08
3.08274e+06	1.14877e-08
3.08284e+06	6.22798e-09
3.08294e+06	3.34287e-09
3.08304e+06	1.77643e-09
3.08314e+06	9.3462e-10
3.08324e+06	4.86831e-10
3.08334e+06	2.51061e-10
3.08344e+06	1.28185e-10
3.08354e+06	6.47964e-11
3.08364e+06	3.24282e-11
3.08374e+06	1.60676e-11
3.08384e+06	7.88201e-12
3.08394e+06	3.82807e-12
3.08404e+06	1.84069e-12
3.08414e+06	8.76268e-13
3.08424e+06	4.13001e-13
3.08434e+06	1.92718e-13
3.08444e+06	8.90327e-14
3.08454e+06	4.07225e-14
3.08464e+06	1.84407e-14
3.08474e+06	8.26754e-15
3.08484e+06	3.66972e-15
3.08494e+06	1.61267e-15
3.08504e+06	7.01643e-16
3.08514e+06	3.02234e-16
3.08524e+06	1.28893e-16
3.08534e+06	5.44214e-17
3.08544e+06	2.27493e-17
3.08554e+06	9.41508e-18
3.08564e+06	3.85777e-18
3.08574e+06	1.56497e-18
3.08584e+06	6.28541e-19
3.08594e+06	2.49929e-19
3.08604e+06	9.83917e-20
3.08614e+06	3.83492e-20
3.08624e+06	1.47983e-20
3.08634e+06	5.65358e-21
3.08644e+06	2.13842e-21
3.08654e+06	8.0079e-22
3.08664e+06	2.96894e-22
3.08674e+06	1.08979e-22
3.08684e+06	3.96041e-23
3.08694e+06	1.42493e-23
3.08704e+06	5.07581e-24
3.08714e+06	1.79009e-24
3.08724e+06	6.25029e-25
3.08734e+06	2.16064e-25
3.08744e+06	7.39473e-26
3.08754e+06	2.50564e-26
3.08764e+06	8.40568e-27
3.08774e+06	2.7918e-27
3.08784e+06	9.18019e-28
3.08794e+06	2.98866e-28
3.08804e+06	9.63294e-29
3.08814e+06	3.07396e-29
3.08824e+06	9.71167e-30
3.08834e+06	3.03772e-30
3.08844e+06	9.40714e-31
3.08854e+06	2.8842e-31
3.08864e+06	8.75486e-32
3.08874e+06	2.63106e-32
3.08884e+06	7.82833e-33
3.08894e+06	2.30603e-33
3.08904e+06	6.72539e-34
3.08914e+06	1.9419e-34
3.08924e+06	5.55129e-35
3.08934e+06	1.57115e-35
3.08944e+06	4.40249e-36
3.08954e+06	1.22134e-36
3.08964e+06	3.35453e-37
3.08974e+06	9.12185e-38
3.08984e+06	2.4558e-38
3.08994e+06	6.54573e-39
3.09004e+06	1.72735e-39
3.09014e+06	4.51296e-40
3.09024e+06	1.16734e-40
3.09034e+06	2.98946e-41
3.09044e+06	7.57957e-42
3.09054e+06	1.90262e-42
3.09064e+06	4.72845e-43
3.09074e+06	1.16343e-43
3.09084e+06	2.83414e-44
3.09094e+06	6.8353e-45
3.09104e+06	1.63212e-45
3.09114e+06	3.85835e-46
3.09124e+06	9.03045e-47
3.09134e+06	2.09254e-47
3.09144e+06	4.80061e-48
3.09154e+06	1.09037e-48
3.09164e+06	2.45195e-49
3.09174e+06	5.45889e-50
3.09184e+06	1.20325e-50
3.09194e+06	2.6258e-51
3.09204e+06	5.67317e-52
3.09214e+06	1.21352e-52
3.09224e+06	2.56996e-53
3.09234e+06	5.38842e-54
3.09244e+06	1.11855e-54
3.09254e+06	2.29881e-55
3.09264e+06	4.67746e-56
3.09274e+06	9.42266e-57
3.09284e+06	1.87929e-57
3.09294e+06	3.71084e-58
3.09304e+06	7.25449e-59
3.09314e+06	1.4041e-59
3.09324e+06	2.69059e-60
3.09334e+06	5.1045e-61
3.09344e+06	9.58775e-62
3.09354e+06	1.78294e-62
3.09364e+06	3.28257e-63
3.09374e+06	5.9834e-64
3.09384e+06	1.07979e-64
3.09394e+06	1.92925e-65
3.09404e+06	3.41266e-66
3.09414e+06	5.97661e-67
3.09424e+06	1.03627e-67
3.09434e+06	1.7789e-68
3.09444e+06	3.02332e-69
3.09454e+06	5.08716e-70
3.09464e+06	8.47468e-71
3.09474e+06	1.39774e-71
3.09484e+06	2.28239e-72
3.09494e+06	3.68985e-73
3.09504e+06	5.90588e-74
3.09514e+06	9.35874e-75
3.09524e+06	1.46828e-75
3.09534e+06	2.28063e-76
3.09544e+06	3.50719e-77
3.09554e+06	5.33974e-78
3.09564e+06	8.04893e-79
3.09574e+06	1.20119e-79
3.09584e+06	1.77479e-80
3.09594e+06	2.59618e-81
3.09604e+06	3.75995e-82
3.09614e+06	5.3912e-83
3.09624e+06	7.65325e-84
3.09634e+06	1.07563e-84
3.09644e+06	1.49671e-85
3.09654e+06	2.06191e-86
3.09664e+06	2.81228e-87
3.09674e+06	3.79756e-88
3.09684e+06	5.077e-89
3.09694e+06	6.71997e-90
3.09704e+06	8.80611e-91
3.09714e+06	1.14251e-91
3.09724e+06	1.46754e-92
3.09734e+06	1.86628e-93
3.09744e+06	2.34976e-94
3.09754e+06	2.92904e-95
3.09764e+06	3.6148e-96
3.09774e+06	4.41673e-97
3.09784e+06	5.34287e-98
3.09794e+06	6.39889e-99
3.09804e+06	7.58739e-100
3.09814e+06	8.90712e-101
3.09824e+06	1.03523e-101
3.09834e+06	1.19124e-102
3.09844e+06	1.3571e-103
3.09854e+06	1.53069e-104
3.09864e+06	1.70929e-105
3.09874e+06	1.88974e-106
3.09884e+06	2.06846e-107
3.09894e+06	2.24155e-108
3.09904e+06	2.40495e-109
3.09914e+06	2.55459e-110
3.09924e+06	2.68654e-111
3.09934e+06	2.7972e-112
3.09944e+06	2.88343e-113
3.09954e+06	2.94275e-114
3.09964e+06	2.9734e-115
3.09974e+06	2.97448e-116
3.09984e+06	2.94595e-117
3.09994e+06	2.88866e-118
3.10004e+06	2.80431e-119
3.10014e+06	2.69533e-120
3.10024e+06	2.5648e-121
3.10034e+06	2.41632e-122
3.10044e+06	2.25378e-123
3.10054e+06	2.08125e-124
3.10064e+06	1.90281e-125
3.10074e+06	1.72236e-126
3.10084e+06	1.54351e-127
3.10094e+06	1.36947e-128
3.10104e+06	1.20296e-129
3.10114e+06	1.04618e-130
3.10124e+06	9.00782e-132
3.10134e+06	7.67875e-133
3.10144e+06	6.48064e-134
3.10154e+06	5.41505e-135
3.10164e+06	4.47965e-136
3.10174e+06	3.66895e-137
3.10184e+06	2.97508e-138
3.10194e+06	2.38842e-139
3.10204e+06	1.89837e-140
3.10214e+06	1.49385e-141
3.10224e+06	1.16383e-142
3.10234e+06	8.97702e-144
3.10244e+06	6.85536e-145
3.10254e+06	5.18305e-146
3.10264e+06	3.87969e-147
3.10274e+06	2.87519e-148
3.10284e+06	2.10956e-149
3.10294e+06	1.53241e-150
3.10304e+06	1.10209e-151
3.10314e+06	7.84718e-153
3.10324e+06	5.53182e-154
3.10334e+06	3.86082e-155
3.10344e+06	2.66777e-156
3.10354e+06	1.82505e-157
3.10364e+06	1.23611e-158
3.10374e+06	8.28889e-160
3.10384e+06	5.50292e-161
3.10394e+06	3.61699e-162
3.10404e+06	2.35374e-163
3.10414e+06	1.51644e-164
3.10424e+06	9.67276e-166
3.10434e+06	6.10847e-167
3.10444e+06	3.81919e-168
3.10454e+06	2.36411e-169
3.10464e+06	1.44884e-170
3.10474e+06	8.79086e-172
3.10484e+06	5.28079e-173
3.10494e+06	3.14068e-174
3.10504e+06	1.84929e-175
3.10514e+06	1.07806e-176
3.10524e+06	6.22212e-178
3.10534e+06	3.55542e-179
3.10544e+06	2.01141e-180
3.10554e+06	1.12659e-181
3.10564e+06	6.24728e-183
3.10574e+06	3.42983e-184
3.10584e+06	1.86427e-185
3.10594e+06	1.00324e-186
3.10604e+06	5.34511e-188
3.10614e+06	2.81946e-189
3.10624e+06	1.47242e-190
3.10634e+06	7.61299e-192
3.10644e+06	3.89704e-193
3.10654e+06	1.97502e-194
3.10664e+06	9.90985e-196
3.10674e+06	4.92287e-197
3.10684e+06	2.42118e-198
3.10694e+06	1.17894e-199
3.10704e+06	5.68348e-201
3.10714e+06	2.71265e-202
3.10724e+06	1.28183e-203
3.10734e+06	5.99687e-205
3.10744e+06	2.77764e-206
3.10754e+06	1.27375e-207
3.10764e+06	5.78293e-209
3.10774e+06	2.59938e-210
3.10784e+06	1.15678e-211
3.10794e+06	5.09665e-213
3.10804e+06	2.2232e-214
3.10814e+06	9.60126e-216
3.10824e+06	4.10521e-217
3.10834e+06	1.7378e-218
3.10844e+06	7.28318e-220
3.10854e+06	3.02203e-221
3.10864e+06	1.24147e-222
3.10874e+06	5.04925e-224
3.10884e+06	2.03318e-225
3.10894e+06	8.10557e-227
3.10904e+06	3.19924e-228
3.10914e+06	1.25017e-229
3.10924e+06	4.83666e-231
3.10934e+06	1.85259e-232
3.10944e+06	7.02542e-234
3.10954e+06	2.63767e-235
3.10964e+06	9.80453e-237
3.10974e+06	3.6082e-238
3.10984e+06	1.31465e-239
3.10994e+06	4.74228e-241
3.11004e+06	1.69364e-242
3.11014e+06	5.98843e-244
3.11024e+06	2.09634e-245
3.11034e+06	7.26551e-247
3.11044e+06	2.49304e-248
3.11054e+06	8.46931e-250
3.11064e+06	2.84856e-251
3.11074e+06	9.48546e-253
3.11084e+06	3.12715e-254
3.11094e+06	1.0207e-255
3.11104e+06	3.29839e-257
3.11114e+06	1.05527e-258
3.11124e+06	3.34258e-260
3.11134e+06	1.04823e-261
3.11144e+06	3.25455e-263
3.11154e+06	1.00042e-264
3.11164e+06	3.04458e-266
3.11174e+06	9.17344e-268
3.11184e+06	2.73649e-269
3.11194e+06	8.08186e-271
3.11204e+06	2.36313e-272
3.11214e+06	6.84099e-274
3.11224e+06	1.96069e-275
3.11234e+06	5.56359e-277
3.11244e+06	1.563e-278
3.11254e+06	4.3473e-280
3.11264e+06	1.19712e-281
3.11274e+06	3.26371e-283
3.11284e+06	8.80934e-285
3.11294e+06	2.35414e-286
3.11304e+06	6.22842e-288
3.11314e+06	1.63148e-289
3.11324e+06	4.23098e-291
3.11334e+06	1.08632e-292
3.11344e+06	2.76142e-294
3.11354e+06	6.94965e-296
3.11364e+06	1.73161e-297
3.11374e+06	4.27166e-299
3.11384e+06	1.04327e-300
3.11394e+06	2.52266e-302
3.11404e+06	6.03913e-304
3.11414e+06	1.43136e-305
3.11424e+06	3.35875e-307
3.11434e+06	7.80308e-309
3.11444e+06	1.79478e-310
3.11454e+06	4.08707e-312
3.11464e+06	9.21448e-314
3.11474e+06	2.05677e-315
3.11484e+06	4.54527e-317
3.11494e+06	9.94465e-319
3.11504e+06	2.15413e-320
3.11514e+06	4.59481e-322
3.11524e+06	9.88131e-324
3.11534e+06	0
3.11544e+06	0
3.11554e+06	0
3.11564e+06	0
3.11574e+06	0
3.11584e+06	0
3.11594e+06	0
3.11604e+06	0
3.11614e+06	0
3.11624e+06	0
3.11634e+06	0
3.11644e+06	0
3.11654e+06	0
3.11664e+06	0
3.11674e+06	0
3.11684e+06	0
3.11694e+06	0
3.11704e+06	0
3.11714e+06	0
3.11724e+06	0
3.11734e+06	0
3.11744e+06	0
3.11754e+06	0
3.11764e+06	0
3.11774e+06	0
3.11784e+06	0
3.11794e+06	0
3.11804e+06	0
3.11814e+06	0
3.11824e+06	0
3.11834e+06	0
3.11844e+06	0
3.11854e+06	0
3.11864e+06	0
3.11874e+06	0
3.11884e+06	0
3.11894e+06	0
3.11904e+06	0
3.11914e+06	0
3.11924e+06	0
3.11934e+06	0
3.11944e+06	0
3.11954e+06	0
3.11964e+06	0
3.11974e+06	0
3.11984e+06	0
3.11994e+06	0
3.12004e+06	0
3.12014e+06	0
3.12024e+06	0
3.12034e+06	0
3.12044e+06	0
3.12054e+06	0
3.12064e+06	0
3.12074e+06	0
3.12084e+06	0
3.12094e+06	0
3.12104e+06	0
3.12114e+06	0
3.12124e+06	0
3.12134e+06	0
3.12144e+06	0
3.12154e+06	0
3.12164e+06	0
3.12174e+06	0
3.12184e+06	0
3.12194e+06	0
3.12204e+06	0
3.12214e+06	0
3.12224e+06	0
3.12234e+06	0
3.12244e+06	0
3.12254e+06	0
3.12264e+06	0
3.12274e+06	0
3.12284e+06	0
3.12294e+06	0
3.12304e+06	0
3.12314e+06	0
3.12324e+06	0
3.12334e+06	0
3.12344e+06	0
3.12354e+06	0
3.12364e+06	0
3.12374e+06	0
3.12384e+06	0
3.12394e+06	0
3.12404e+06	0
3.12414e+06	0
3.12424e+06	0
3.12434e+06	0
3.12444e+06	0
3.12454e+06	0
3.12464e+06	0
3.12474e+06	0
3.12484e+06	0
3.12494e+06	0
3.12504e+06	0
3.12514e+06	0
3.12524e+06	0
3.12534e+06	0
3.12544e+06	0
3.12554e+06	0
3.12564e+06	0
3.12574e+06	0
3.12584e+06	0
3.12594e+06	0
3.12604e+06	0
3.12614e+06	0
3.12624e+06	0
3.12634e+06	0
3.12644e+06	0
3.12654e+06	0
3.12664e+06	0
3.12674e+06	0
3.12684e+06	0
3.12694e+06	0
3.12704e+06	0
3.12714e+06	0
3.12724e+06	0
3.12734e+06	0
3.12744e+06	0
3.12754e+06	0
3.12764e+06	0
3.12774e+06	0
3.12784e+06	0
3.12794e+06	0
3.12804e+06	0
3.12814e+06	0
3.12824e+06	0
3.12834e+06	0
3.12844e+06	0
3.12854e+06	0
3.12864e+06	0
3.12874e+06	0
3.12884e+06	0
3.12894e+06	0
3.12904e+06	0
3.12914e+06	0
3.12924e+06	0
3.12934e+06	0
3.12944e+06	0
3.12954e+06	0
3.12964e+06	0
3.12974e+06	0
3.12984e+06	0
3.12994e+06	0
3.13004e+06	0
3.13014e+06	0
3.13024e+06	0
3.13034e+06	0
3.13044e+06	0
3.13054e+06	0
3.13064e+06	0
3.13074e+06	0
3.13084e+06	0
3.13094e+06	0
3.13104e+06	0
3.13114e+06	0
3.13124e+06	0
3.13134e+06	0
3.13144e+06	0
3.13154e+06	0
3.13164e+06	0
3.13174e+06	0
3.13184e+06	0
3.13194e+06	0
3.13204e+06	0
3.13214e+06	0
3.13224e+06	0
3.13234e+06	0
3.13244e+06	0
3.13254e+06	0
3.13264e+06	0
3.13274e+06	0
3.13284e+06	0
3.13294e+06	0
3.13304e+06	0
3.13314e+06	0
3.13324e+06	0
3.13334e+06	0
3.13344e+06	0
3.13354e+06	0
3.13364e+06	0
3.13374e+06	0
3.13384e+06	0
3.13394e+06	0
3.13404e+06	0
3.13414e+06	0
3.13424e+06	0
3.13434e+06	0
3.13444e+06	0
3.13454e+06	0
3.13464e+06	0
3.13474e+06	0
3.13484e+06	0
3.13494e+06	0
3.13504e+06	0
3.13514e+06	0
3.13524e+06	0
3.13534e+06	0
3.13544e+06	0
3.13554e+06	0
3.13564e+06	0
3.13574e+06	0
3.13584e+06	0
3.13594e+06	0
3.13604e+06	0
3.13614e+06	0
3.13624e+06	0
3.13634e+06	0
3.13644e+06	0
3.13654e+06	0
3.13664e+06	0
3.13674e+06	0
3.13684e+06	0
3.13694e+06	0
3.13704e+06	0
3.13714e+06	0
3.13724e+06	0
3.13734e+06	0
3.13744e+06	0
3.13754e+06	0
3.13764e+06	0
3.13774e+06	0
3.13784e+06	0
3.13794e+06	0
3.13804e+06	0
3.13814e+06	0
3.13824e+06	0
3.13834e+06	0
3.13844e+06	0
3.13854e+06	0
3.13864e+06	0
3.13874e+06	0
3.13884e+06	0
3.13894e+06	0
3.13904e+06	0
3.13914e+06	0
3.13924e+06	0
3.13934e+06	0
3.13944e+06	0
3.13954e+06	0
3.13964e+06	0
3.13974e+06	0
3.13984e+06	0
3.13994e+06	0
3.14004e+06	0
3.14014e+06	0
3.14024e+06	0
3.14034e+06	0
3.14044e+06	0
3.14054e+06	0
3.14064e+06	0
3.14074e+06	0
3.14084e+06	0
3.14094e+06	0
3.14104e+06	0
3.14114e+06	0
3.14124e+06	0
3.14134e+06	0
3.14144e+06	0
3.14154e+06	0
3.14164e+06	0
3.14174e+06	0
3.14184e+06	0
3.14194e+06	0
3.14204e+06	0
3.14214e+06	0
3.14224e+06	0
3.14234e+06	0
3.14244e+06	0
3.14254e+06	0
3.14264e+06	0
3.14274e+06	0
3.14284e+06	0
3.14294e+06	0
3.14304e+06	0
3.14314e+06	0
3.14324e+06	0
3.14334e+06	0
3.14344e+06	0
3.14354e+06	0
3.14364e+06	0
3.14374e+06	0
3.14384e+06	0
3.14394e+06	0
3.14404e+06	0
3.14414e+06	0
3.14424e+06	0
3.14434e+06	0
3.14444e+06	0
3.14454e+06	0
3.14464e+06	0
3.14474e+06	0
3.14484e+06	0
3.14494e+06	0
3.14504e+06	0
3.14514e+06	0
3.14524e+06	0
3.14534e+06	0
3.14544e+06	0
3.14554e+06	0
3.14564e+06	0
3.14574e+06	0
3.14584e+06	0
3.14594e+06	0
3.14604e+06	0
3.14614e+06	0
3.14624e+06	0
3.14634e+06	0
3.14644e+06	0
3.14654e+06	0
3.14664e+06	0
3.14674e+06	0
3.14684e+06	0
3.14694e+06	0
3.14704e+06	0
3.14714e+06	0
3.14724e+06	0
3.14734e+06	0
3.14744e+06	0
3.14754e+06	0
3.14764e+06	0
3.14774e+06	0
3.14784e+06	0
3.14794e+06	0
3.14804e+06	0
3.14814e+06	0
3.14824e+06	0
3.14834e+06	0
3.14844e+06	0
3.14854e+06	0
3.14864e+06	0
3.14874e+06	0
3.14884e+06	0
3.14894e+06	0
3.14904e+06	0
3.14914e+06	0
3.14924e+06	0
3.14934e+06	0
3.14944e+06	0
3.14954e+06	0
3.14964e+06	0
3.14974e+06	0
3.14984e+06	0
3.14994e+06	0
3.15004e+06	0
3.15014e+06	0
3.15024e+06	0
3.15034e+06	0
3.15044e+06	0
3.15054e+06	0
3.15064e+06	0
3.15074e+06	0
3.15084e+06	0
3.15094e+06	0
3.15104e+06	0
3.15114e+06	0
3.15124e+06	0
3.15134e+06	0
3.15144e+06	0
3.15154e+06	0
3.15164e+06	0
3.15174e+06	0
3.15184e+06	0
3.15194e+06	0
3.15204e+06	0
3.15214e+06	0
3.15224e+06	0
3.15234e+06	0
3.15244e+06	0
3.15254e+06	0
3.15264e+06	0
3.15274e+06	0
3.15284e+06	0
3.15294e+06	0
3.15304e+06	0
3.15314e+06	0
3.15324e+06	0
3.15334e+06	0
3.15344e+06	0
3.15354e+06	0
3.15364e+06	0
3.15374e+06	0
3.15384e+06	0
3.15394e+06	0
3.15404e+06	0
3.15414e+06	0
3.15424e+06	0
3.15434e+06	0
3.15444e+06	0
3.15454e+06	0
3.15464e+06	0
3.15474e+06	0
3.15484e+06	0
3.15494e+06	0
3.15504e+06	0
3.15514e+06	0
3.15524e+06	0
3.15534e+06	0
3.15544e+06	0
3.15554e+06	0
3.15564e+06	0
3.15574e+06	0
3.15584e+06	0
3.15594e+06	0
3.15604e+06	0
3.15614e+06	0
3.15624e+06	0
3.15634e+06	0
3.15644e+06	0
3.15654e+06	0
3.15664e+06	0
3.15674e+06	0
3.15684e+06	0
3.15694e+06	0
3.15704e+06	0
3.15714e+06	0
3.15724e+06	0
3.15734e+06	0
3.15744e+06	0
3.15754e+06	0
3.15764e+06	0
3.15774e+06	0
3.15784e+06	0
3.15794e+06	0
3.15804e+06	0
3.15814e+06	0
3.15824e+06	0
3.15834e+06	0
3.15844e+06	0
3.15854e+06	0
3.15864e+06	0
3.15874e+06	0
3.15884e+06	0
3.15894e+06	0
3.15904e+06	0
3.15914e+06	0
3.15924e+06	0
3.15934e+06	0
3.15944e+06	0
3.15954e+06	0
3.15964e+06	0
3.15974e+06	0
3.15984e+06	0
3.15994e+06	0
3.16004e+06	0
3.16014e+06	0
3.16024e+06	0
3.16034e+06	0
3.16044e+06	0
3.16054e+06	0
3.16064e+06	0
3.16074e+06	0
3.16084e+06	0
3.16094e+06	0
3.16104e+06	0
3.16114e+06	0
3.16124e+06	0
3.16134e+06	0
3.16144e+06	0
3.16154e+06	0
3.16164e+06	0
3.16174e+06	0
3.16184e+06	0
3.16194e+06	0
3.16204e+06	0
3.16214e+06	0
3.16224e+06	0
3.16234e+06	0
3.16244e+06	0
3.16254e+06	0
3.16264e+06	0
3.16274e+06	0
3.16284e+06	0
3.16294e+06	0
3.16304e+06	0
3.16314e+06	0
3.16324e+06	0
3.16334e+06	0
3.16344e+06	0
3.16354e+06	0
3.16364e+06	0
3.16374e+06	0
3.16384e+06	0
3.16394e+06	0
3.16404e+06	0
3.16414e+06	0
3.16424e+06	0
3.16434e+06	0
3.16444e+06	0
3.16454e+06	0
3.16464e+06	0
3.16474e+06	0
3.16484e+06	0
3.16494e+06	0
3.16504e+06	0
3.16514e+06	0
3.16524e+06	0
3.16534e+06	0
3.16544e+06	0
3.16554e+06	0
3.16564e+06	0
3.16574e+06	0
3.16584e+06	0
3.16594e+06	0
3.16604e+06	0
3.16614e+06	0
3.16624e+06	0
3.16634e+06	0
3.16644e+06	0
3.16654e+06	0
3.16664e+06	0
3.16674e+06	0
3.16684e+06	0
3.16694e+06	0
3.16704e+06	0
3.16714e+06	0
3.16724e+06	0
3.16734e+06	0
3.16744e+06	0
3.16754e+06	0
3.16764e+06	0
3.16774e+06	0
3.16784e+06	0
3.16794e+06	0
3.16804e+06	0
3.16814e+06	0
3.16824e+06	0
3.16834e+06	0
3.16844e+06	0
3.16854e+06	0
3.16864e+06	0
3.16874e+06	0
3.16884e+06	0
3.16894e+06	0
3.16904e+06	0
3.16914e+06	0
3.16924e+06	0
3.16934e+06	0
3.16944e+06	0
3.16954e+06	0
3.16964e+06	0
3.16974e+06	0
3.16984e+06	0
3.16994e+06	0
3.17004e+06	0
3.17014e+06	0
3.17024e+06	0
3.17034e+06	0
3.17044e+06	0
3.17054e+06	0
3.17064e+06	0
3.17074e+06	0
3.17084e+06	0
3.17094e+06	0
3.17104e+06	0
3.17114e+06	0
3.17124e+06	0
3.17134e+06	0
3.17144e+06	0
3.17154e+06	0
3.17164e+06	0
3.17174e+06	0
3.17184e+06	0
3.17194e+06	0
3.17204e+06	0
3.17214e+06	0
3.17224e+06	0
3.17234e+06	0
3.17244e+06	0
3.17254e+06	0
3.17264e+06	0
3.17274e+06	0
3.17284e+06	0
3.17294e+06	0
3.17304e+06	0
3.17314e+06	0
3.17324e+06	0
3.17334e+06	0
3.17344e+06	0
3.17354e+06	0
3.17364e+06	0
3.17374e+06	0
3.17384e+06	0
3.17394e+06	0
3.17404e+06	0
3.17414e+06	0
3.17424e+06	0
3.17434e+06	0
3.17444e+06	0
3.17454e+06	0
3.17464e+06	0
3.17474e+06	0
3.17484e+06	0
3.17494e+06	0
3.17504e+06	0
3.17514e+06	0
3.17524e+06	0
3.17534e+06	0
3.17544e+06	0
3.17554e+06	0
3.17564e+06	0
3.17574e+06	0
3.17584e+06	0
3.17594e+06	0
3.17604e+06	0
3.17614e+06	0
3.17624e+06	0
3.17634e+06	0
3.17644e+06	0
3.17654e+06	0
3.17664e+06	0
3.17674e+06	0
3.17684e+06	0
3.17694e+06	0
3.17704e+06	0
3.17714e+06	0
3.17724e+06	0
3.17734e+06	0
3.17744e+06	0
3.17754e+06	0
3.17764e+06	0
3.17774e+06	0
3.17784e+06	0
3.17794e+06	0
3.17804e+06	0
3.17814e+06	0
3.17824e+06	0
3.17834e+06	0
3.17844e+06	0
3.17854e+06	0
3.17864e+06	0
3.17874e+06	0
3.17884e+06	0
3.17894e+06	0
3.17904e+06	0
3.17914e+06	0
3.17924e+06	0
3.17934e+06	0
3.17944e+06	0
3.17954e+06	0
3.17964e+06	0
3.17974e+06	0
3.17984e+06	0
3.17994e+06	0
3.18004e+06	0
3.18014e+06	0
3.18024e+06	0
3.18034e+06	0
3.18044e+06	0
3.18054e+06	0
3.18064e+06	0
3.18074e+06	0
3.18084e+06	0
3.18094e+06	0
3.18104e+06	0
3.18114e+06	0
3.18124e+06	0
3.18134e+06	0
3.18144e+06	0
3.18154e+06	0
3.18164e+06	0
3.18174e+06	0
3.18184e+06	0
3.18194e+06	0
3.18204e+06	0
3.18214e+06	0
3.18224e+06	0
3.18234e+06	0
3.18244e+06	0
3.18254e+06	0
3.18264e+06	0
3.18274e+06	0
3.18284e+06	0
3.18294e+06	0
3.18304e+06	0
3.18314e+06	0
3.18324e+06	0
3.18334e+06	0
3.18344e+06	0
3.18354e+06	0
3.18364e+06	0
3.18374e+06	0
3.18384e+06	0
3.18394e+06	0
3.18404e+06	0
3.18414e+06	0
3.18424e+06	0
3.18434e+06	0
3.18444e+06	0
3.18454e+06	0
3.18464e+06	0
3.18474e+06	0
3.18484e+06	0
3.18494e+06	0
3.18504e+06	0
3.18514e+06	0
3.18524e+06	0
3.18534e+06	0
3.18544e+06	0
3.18554e+06	0
3.18564e+06	0
3.18574e+06	0
3.18584e+06	0
3.18594e+06	0
3.18604e+06	0
3.18614e+06	0
3.18624e+06	0
3.18634e+06	0
3.18644e+06	0
3.18654e+06	0
3.18664e+06	0
3.18674e+06	0
3.18684e+06	0
3.18694e+06	0
3.18704e+06	0
3.18714e+06	0
3.18724e+06	0
3.18734e+06	0
3.18744e+06	0
3.18754e+06	0
3.18764e+06	0
3.18774e+06	0
3.18784e+06	0
3.18794e+06	0
3.18804e+06	0
3.18814e+06	0
3.18824e+06	0
3.18834e+06	0
3.18844e+06	0
3.18854e+06	0
3.18864e+06	0
3.18874e+06	0
3.18884e+06	0
3.18894e+06	0
3.18904e+06	0
3.18914e+06	0
3.18924e+06	0
3.18934e+06	0
3.18944e+06	0
3.18954e+06	0
3.18964e+06	0
3.18974e+06	0
3.18984e+06	0
3.18994e+06	0
3.19004e+06	0
3.19014e+06	0
3.19024e+06	0
3.19034e+06	0
3.19044e+06	0
3.19054e+06	0
3.19064e+06	0
3.19074e+06	0
3.19084e+06	0
3.19094e+06	0
3.19104e+06	0
3.19114e+06	0
3.19124e+06	0
3.19134e+06	0
3.19144e+06	0
3.19154e+06	0
3.19164e+06	0
3.19174e+06	0
3.19184e+06	0
3.19194e+06	0
3.19204e+06	0
3.19214e+06	0
3.19224e+06	0
3.19234e+06	0
3.19244e+06	0
3.19254e+06	0
3.19264e+06	0
3.19274e+06	0
3.19284e+06	0
3.19294e+06	0
3.19304e+06	0
3.19314e+06	0
3.19324e+06	0
3.19334e+06	0
3.19344e+06	0
3.19354e+06	0
3.19364e+06	0
3.19374e+06	0
3.19384e+06	0
3.19394e+06	0
3.19404e+06	0
3.19414e+06	0
3.19424e+06	0
3.19434e+06	0
3.19444e+06	0
3.19454e+06	0
3.19464e+06	0
3.19474e+06	0
3.19484e+06	0
3.19494e+06	0
3.19504e+06	0
3.19514e+06	0
3.19524e+06	0
3.19534e+06	0
3.19544e+06	0
3.19554e+06	0
3.19564e+06	0
3.19574e+06	0
3.19584e+06	0
3.19594e+06	0
3.19604e+06	0
3.19614e+06	0
3.19624e+06	0
3.19634e+06	0
3.19644e+06	0
3.19654e+06	0
3.19664e+06	0
3.19674e+06	0
3.19684e+06	0
3.19694e+06	0
3.19704e+06	0
3.19714e+06	0
3.19724e+06	0
3.19734e+06	0
3.19744e+06	0
3.19754e+06	0
3.19764e+06	0
3.19774e+06	0
3.19784e+06	0
3.19794e+06	0
3.19804e+06	0
3.19814e+06	0
3.19824e+06	0
3.19834e+06	0
3.19844e+06	0
3.19854e+06	0
3.19864e+06	0
3.19874e+06	0
3.19884e+06	0
3.19894e+06	0
3.19904e+06	0
3.19914e+06	0
3.19924e+06	0
3.19934e+06	0
3.19944e+06	0
3.19954e+06	0
3.19964e+06	0
3.19974e+06	0
3.19984e+06	0
3.19994e+06	0
3.20004e+06	0
3.20014e+06	0
3.20024e+06	0
3.20034e+06	0
3.20044e+06	0
3.20054e+06	0
3.20064e+06	0
3.20074e+06	0
3.20084e+06	0
3.20094e+06	0
3.20104e+06	0
3.20114e+06	0
3.20124e+06	0
3.20134e+06	0
3.20144e+06	0
3.20154e+06	0
3.20164e+06	0
3.20174e+06	0
3.20184e+06	0
3.20194e+06	0
3.20204e+06	0
3.20214e+06	0
3.20224e+06	0
3.20234e+06	0
3.20244e+06	0
3.20254e+06	0
3.20264e+06	0
3.20274e+06	0
3.20284e+06	0
3.20294e+06	0
3.20304e+06	0
3.20314e+06	0
3.20324e+06	0
3.20334e+06	0
3.20344e+06	0
3.20354e+06	0
3.20364e+06	0
3.20374e+06	0
3.20384e+06	0
3.20394e+06	0
3.20404e+06	0
3.20414e+06	0
3.20424e+06	0
3.20434e+06	0
3.20444e+06	0
3.20454e+06	0
3.20464e+06	0
3.20474e+06	0
3.20484e+06	0
3.20494e+06	0
3.20504e+06	0
3.20514e+06	0
3.20524e+06	0
3.20534e+06	0
3.20544e+06	0
3.20554e+06	0
3.20564e+06	0
3.20574e+06	0
3.20584e+06	0
3.20594e+06	0
3.20604e+06	0
3.20614e+06	0
3.20624e+06	0
3.20634e+06	0
3.20644e+06	0
3.20654e+06	0
3.20664e+06	0
3.20674e+06	0
3.20684e+06	0
3.20694e+06	0
3.20704e+06	0
3.20714e+06	0
3.20724e+06	0
3.20734e+06	0
3.20744e+06	0
3.20754e+06	0
3.20764e+06	0
3.20774e+06	0
3.20784e+06	0
3.20794e+06	0
3.20804e+06	0
3.20814e+06	0
3.20824e+06	0
3.20834e+06	0
3.20844e+06	0
3.20854e+06	0
3.20864e+06	0
3.20874e+06	0
3.20884e+06	0
3.20894e+06	0
3.20904e+06	0
3.20914e+06	0
3.20924e+06	0
3.20934e+06	0
3.20944e+06	0
3.20954e+06	0
3.20964e+06	0
3.20974e+06	0
3.20984e+06	0
3.20994e+06	0
3.21004e+06	0
3.21014e+06	0
3.21024e+06	0
3.21034e+06	0
3.21044e+06	0
3.21054e+06	0
3.21064e+06	0
3.21074e+06	0
3.21084e+06	0
3.21094e+06	0
3.21104e+06	0
3.21114e+06	0
3.21124e+06	0
3.21134e+06	0
3.21144e+06	0
3.21154e+06	0
3.21164e+06	0
3.21174e+06	0
3.21184e+06	0
3.21194e+06	0
3.21204e+06	0
3.21214e+06	0
3.21224e+06	0
3.21234e+06	0
3.21244e+06	0
3.21254e+06	0
3.21264e+06	0
3.21274e+06	0
3.21284e+06	0
3.21294e+06	0
3.21304e+06	0
3.21314e+06	0
3.21324e+06	0
3.21334e+06	0
3.21344e+06	0
3.21354e+06	0
3.21364e+06	0
3.21374e+06	0
3.21384e+06	0
3.21394e+06	0
3.21404e+06	0
3.21414e+06	0
3.21424e+06	0
3.21434e+06	0
3.21444e+06	0
3.21454e+06	0
3.21464e+06	0
3.21474e+06	0
3.21484e+06	0
3.21494e+06	0
3.21504e+06	0
3.21514e+06	0
3.21524e+06	0
3.21534e+06	0
3.21544e+06	0
3.21554e+06	0
3.21564e+06	0
3.21574e+06	0
3.21584e+06	0
3.21594e+06	0
3.21604e+06	0
3.21614e+06	0
3.21624e+06	0
3.21634e+06	0
3.21644e+06	0
3.21654e+06	0
3.21664e+06	0
3.21674e+06	0
3.21684e+06	0
3.21694e+06	0
3.21704e+06	0
3.21714e+06	0
3.21724e+06	0
3.21734e+06	0
3.21744e+06	0
3.21754e+06	0
3.21764e+06	0
3.21774e+06	0
3.21784e+06	0
3.21794e+06	0
3.21804e+06	0
3.21814e+06	0
3.21824e+06	0
3.21834e+06	0
3.21844e+06	0
3.21854e+06	0
3.21864e+06	0
3.21874e+06	0
3.21884e+06	0
3.21894e+06	0
3.21904e+06	0
3.21914e+06	0
3.21924e+06	0
3.21934e+06	0
3.21944e+06	0
3.21954e+06	0
3.21964e+06	0
3.21974e+06	0
3.21984e+06	0
3.21994e+06	0
3.22004e+06	0
3.22014e+06	0
3.22024e+06	0
3.22034e+06	0
3.22044e+06	0
3.22054e+06	0
3.22064e+06	0
3.22074e+06	0
3.22084e+06	0
3.22094e+06	0
3.22104e+06	0
3.22114e+06	0
3.22124e+06	0
3.22134e+06	0
3.22144e+06	0
3.22154e+06	0
3.22164e+06	0
3.22174e+06	0
3.22184e+06	0
3.22194e+06	0
3.22204e+06	0
3.22214e+06	0
3.22224e+06	0
3.22234e+06	0
3.22244e+06	0
3.22254e+06	0
3.22264e+06	0
3.22274e+06	0
3.22284e+06	0
3.22294e+06	0
3.22304e+06	0
3.22314e+06	0
3.22324e+06	0
3.22334e+06	0
3.22344e+06	0
3.22354e+06	0
3.22364e+06	0
3.22374e+06	0
3.22384e+06	0
3.22394e+06	0
3.22404e+06	0
3.22414e+06	0
3.22424e+06	0
3.22434e+06	0
3.22444e+06	0
3.22454e+06	0
3.22464e+06	0
3.22474e+06	0
3.22484e+06	0
3.22494e+06	0
3.22504e+06	0
3.22514e+06	0
3.22524e+06	0
3.22534e+06	0
3.22544e+06	0
3.22554e+06	0
3.22564e+06	0
3.22574e+06	0
3.22584e+06	0
3.22594e+06	0
3.22604e+06	0
3.22614e+06	0
3.22624e+06	0
3.22634e+06	0
3.22644e+06	0
3.22654e+06	0
3.22664e+06	0
3.22674e+06	0
3.22684e+06	0
3.22694e+06	0
3.22704e+06	0
3.22714e+06	0
3.22724e+06	0
3.22734e+06	0
3.22744e+06	0
3.22754e+06	0
3.22764e+06	0
3.22774e+06	0
3.22784e+06	0
3.22794e+06	0
3.22804e+06	0
3.22814e+06	0
3.22824e+06	0
3.22834e+06	0
3.22844e+06	0
3.22854e+06	0
3.22864e+06	0
3.22874e+06	0
3.22884e+06	0
3.22894e+06	0
3.22904e+06	0
3.22914e+06	0
3.22924e+06	0
3.22934e+06	0
3.22944e+06	0
3.22954e+06	0
3.22964e+06	0
3.22974e+06	0
3.22984e+06	0
3.22994e+06	0
3.23004e+06	0
3.23014e+06	0
3.23024e+06	0
3.23034e+06	0
3.23044e+06	0
3.23054e+06	0
3.23064e+06	0
3.23074e+06	0
3.23084e+06	0
3.23094e+06	0
3.23104e+06	0
3.23114e+06	0
3.23124e+06	0
3.23134e+06	0
3.23144e+06	0
3.23154e+06	0
3.23164e+06	0
3.23174e+06	0
3.23184e+06	0
3.23194e+06	0
3.23204e+06	0
3.23214e+06	0
3.23224e+06	0
3.23234e+06	0
3.23244e+06	0
3.23254e+06	0
3.23264e+06	0
3.23274e+06	0
3.23284e+06	0
3.23294e+06	0
3.23304e+06	0
3.23314e+06	0
3.23324e+06	0
3.23334e+06	0
3.23344e+06	0
3.23354e+06	0
3.23364e+06	0
3.23374e+06	0
3.23384e+06	0
3.23394e+06	0
3.23404e+06	0
3.23414e+06	0
3.23424e+06	0
3.23434e+06	0
3.23444e+06	0
3.23454e+06	0
3.23464e+06	0
3.23474e+06	0
3.23484e+06	0
3.23494e+06	0
3.23504e+06	0
3.23514e+06	0
3.23524e+06	0
3.23534e+06	0
3.23544e+06	0
3.23554e+06	0
3.23564e+06	0
3.23574e+06	0
3.23584e+06	0
3.23594e+06	0
3.23604e+06	0
3.23614e+06	0
3.23624e+06	0
3.23634e+06	0
3.23644e+06	0
3.23654e+06	0
3.23664e+06	0
3.23674e+06	0
3.23684e+06	0
3.23694e+06	0
3.23704e+06	0
3.23714e+06	0
3.23724e+06	0
3.23734e+06	0
3.23744e+06	0
3.23754e+06	0
3.23764e+06	0
3.23774e+06	0
3.23784e+06	0
3.23794e+06	0
3.23804e+06	0
3.23814e+06	0
3.23824e+06	0
3.23834e+06	0
3.23844e+06	0
3.23854e+06	0
3.23864e+06	0
3.23874e+06	0
3.23884e+06	0
3.23894e+06	0
3.23904e+06	0
3.23914e+06	0
3.23924e+06	0
3.23934e+06	0
3.23944e+06	0
3.23954e+06	0
3.23964e+06	0
3.23974e+06	0
3.23984e+06	0
3.23994e+06	0
3.24004e+06	0
3.24014e+06	0
3.24024e+06	0
3.24034e+06	0
3.24044e+06	0
3.24054e+06	0
3.24064e+06	0
3.24074e+06	0
3.24084e+06	0
3.24094e+06	0
3.24104e+06	0
3.24114e+06	0
3.24124e+06	0
3.24134e+06	0
3.24144e+06	0
3.24154e+06	0
3.24164e+06	0
3.24174e+06	0
3.24184e+06	0
3.24194e+06	0
3.24204e+06	0
3.24214e+06	0
3.24224e+06	0
3.24234e+06	0
3.24244e+06	0
3.24254e+06	0
3.24264e+06	0
3.24274e+06	0
3.24284e+06	0
3.24294e+06	0
3.24304e+06	0
3.24314e+06	0
3.24324e+06	0
3.24334e+06	0
3.24344e+06	0
3.24354e+06	0
3.24364e+06	0
3.24374e+06	0
3.24384e+06	0
3.24394e+06	0
3.24404e+06	0
3.24414e+06	0
3.24424e+06	0
3.24434e+06	0
3.24444e+06	0
3.24454e+06	0
3.24464e+06	0
3.24474e+06	0
3.24484e+06	0
3.24494e+06	0
3.24504e+06	0
3.24514e+06	0
3.24524e+06	0
3.24534e+06	0
3.24544e+06	0
3.24554e+06	0
3.24564e+06	0
3.24574e+06	0
3.24584e+06	0
3.24594e+06	0
3.24604e+06	0
3.24614e+06	0
3.24624e+06	0
3.24634e+06	0
3.24644e+06	0
3.24654e+06	0
3.24664e+06	0
3.24674e+06	0
3.24684e+06	0
3.24694e+06	0
3.24704e+06	0
3.24714e+06	0
3.24724e+06	0
3.24734e+06	0
3.24744e+06	0
3.24754e+06	0
3.24764e+06	0
3.24774e+06	0
3.24784e+06	0
3.24794e+06	0
3.24804e+06	0
3.24814e+06	0
3.24824e+06	0
3.24834e+06	0
3.24844e+06	0
3.24854e+06	0
3.24864e+06	0
3.24874e+06	0
3.24884e+06	0
3.24894e+06	0
3.24904e+06	0
3.24914e+06	0
3.24924e+06	0
3.24934e+06	0
3.24944e+06	0
3.24954e+06	0
3.24964e+06	0
3.24974e+06	0
3.24984e+06	0
3.24994e+06	0
3.25004e+06	0
3.25014e+06	0
3.25024e+06	0
3.25034e+06	0
3.25044e+06	0
3.25054e+06	0
3.25064e+06	0
3.25074e+06	0
3.25084e+06	0
3.25094e+06	0
3.25104e+06	0
3.25114e+06	0
3.25124e+06	0
3.25134e+06	0
3.25144e+06	0
3.25154e+06	0
3.25164e+06	0
3.25174e+06	0
3.25184e+06	0
3.25194e+06	0
3.25204e+06	0
3.25214e+06	0
3.25224e+06	0
3.25234e+06	0
3.25244e+06	0
3.25254e+06	0
3.25264e+06	0
3.25274e+06	0
3.25284e+06	0
3.25294e+06	0
3.25304e+06	0
3.25314e+06	0
3.25324e+06	0
3.25334e+06	0
3.25344e+06	0
3.25354e+06	0
3.25364e+06	0
3.25374e+06	0
3.25384e+06	0
3.25394e+06	0
3.25404e+06	0
3.25414e+06	0
3.25424e+06	0
3.25434e+06	0
3.25444e+06	0
3.25454e+06	0
3.25464e+06	0
3.25474e+06	0
3.25484e+06	0
3.25494e+06	0
3.25504e+06	0
3.25514e+06	0
3.25524e+06	0
3.25534e+06	0
3.25544e+06	0
3.25554e+06	0
3.25564e+06	0
3.25574e+06	0
3.25584e+06	0
3.25594e+06	0
3.25604e+06	0
3.25614e+06	0
3.25624e+06	0
3.25634e+06	0
3.25644e+06	0
3.25654e+06	0
3.25664e+06	0
3.25674e+06	0
3.25684e+06	0
3.25694e+06	0
3.25704e+06	0
3.25714e+06	0
3.25724e+06	0
3.25734e+06	0
3.25744e+06	0
3.25754e+06	0
3.25764e+06	0
3.25774e+06	0
3.25784e+06	0
3.25794e+06	0
3.25804e+06	0
3.25814e+06	0
3.25824e+06	0
3.25834e+06	0
3.25844e+06	0
3.25854e+06	0
3.25864e+06	0
3.25874e+06	0
3.25884e+06	0
3.25894e+06	0
3.25904e+06	0
3.25914e+06	0
3.25924e+06	0
3.25934e+06	0
3.25944e+06	0
3.25954e+06	0
3.25964e+06	0
3.25974e+06	0
3.25984e+06	0
3.25994e+06	0
3.26004e+06	0
3.26014e+06	0
3.26024e+06	0
3.26034e+06	0
3.26044e+06	0
3.26054e+06	0
3.26064e+06	0
3.26074e+06	0
3.26084e+06	0
3.26094e+06	0
3.26104e+06	0
3.26114e+06	0
3.26124e+06	0
3.26134e+06	0
3.26144e+06	0
3.26154e+06	0
3.26164e+06	0
3.26174e+06	0
3.26184e+06	0
3.26194e+06	0
3.26204e+06	0
3.26214e+06	0
3.26224e+06	0
3.26234e+06	0
3.26244e+06	0
3.26254e+06	0
3.26264e+06	0
3.26274e+06	0
3.26284e+06	0
3.26294e+06	0
3.26304e+06	0
3.26314e+06	0
3.26324e+06	0
3.26334e+06	0
3.26344e+06	0
3.26354e+06	0
3.26364e+06	0
3.26374e+06	0
3.26384e+06	0
3.26394e+06	0
3.26404e+06	0
3.26414e+06	0
3.26424e+06	0
3.26434e+06	0
3.26444e+06	0
3.26454e+06	0
3.26464e+06	0
3.26474e+06	0
3.26484e+06	0
3.26494e+06	0
3.26504e+06	0
3.26514e+06	0
3.26524e+06	0
3.26534e+06	0
3.26544e+06	0
3.26554e+06	0
3.26564e+06	0
3.26574e+06	0
3.26584e+06	0
3.26594e+06	0
3.26604e+06	0
3.26614e+06	0
3.26624e+06	0
3.26634e+06	0
3.26644e+06	0
3.26654e+06	0
3.26664e+06	0
3.26674e+06	0
3.26684e+06	0
3.26694e+06	0
3.26704e+06	0
3.26714e+06	0
3.26724e+06	0
3.26734e+06	0
3.26744e+06	0
3.26754e+06	0
3.26764e+06	0
3.26774e+06	0
3.26784e+06	0
3.26794e+06	0
3.26804e+06	0
3.26814e+06	0
3.26824e+06	0
3.26834e+06	0
3.26844e+06	0
3.26854e+06	0
3.26864e+06	0
3.26874e+06	0
3.26884e+06	0
3.26894e+06	0
3.26904e+06	0
3.26914e+06	0
3.26924e+06	0
3.26934e+06	0
3.26944e+06	0
3.26954e+06	0
3.26964e+06	0
3.26974e+06	0
3.26984e+06	0
3.26994e+06	0
3.27004e+06	0
3.27014e+06	0
3.27024e+06	0
3.27034e+06	0
3.27044e+06	0
3.27054e+06	0
3.27064e+06	0
3.27074e+06	0
3.27084e+06	0
3.27094e+06	0
3.27104e+06	0
3.27114e+06	0
3.27124e+06	0
3.27134e+06	0
3.27144e+06	0
3.27154e+06	0
3.27164e+06	0
3.27174e+06	0
3.27184e+06	0
3.27194e+06	0
3.27204e+06	0
3.27214e+06	0
3.27224e+06	0
3.27234e+06	0
3.27244e+06	0
3.27254e+06	0
3.27264e+06	0
3.27274e+06	0
3.27284e+06	0
3.27294e+06	0
3.27304e+06	0
3.27314e+06	0
3.27324e+06	0
3.27334e+06	0
3.27344e+06	0
3.27354e+06	0
3.27364e+06	0
3.27374e+06	0
3.27384e+06	0
3.27394e+06	0
3.27404e+06	0
3.27414e+06	0
3.27424e+06	0
3.27434e+06	0
3.27444e+06	0
3.27454e+06	0
3.27464e+06	0
3.27474e+06	0
3.27484e+06	0
3.27494e+06	0
3.27504e+06	0
3.27514e+06	0
3.27524e+06	0
3.27534e+06	0
3.27544e+06	0
3.27554e+06	0
3.27564e+06	0
3.27574e+06	0
3.27584e+06	0
3.27594e+06	0
3.27604e+06	0
3.27614e+06	0
3.27624e+06	0
3.27634e+06	0
3.27644e+06	0
3.27654e+06	0
3.27664e+06	0
3.27674e+06	0
3.27684e+06	0
3.27694e+06	0
3.27704e+06	0
3.27714e+06	0
3.27724e+06	0
3.27734e+06	0
3.27744e+06	0
3.27754e+06	0
3.27764e+06	0
3.27774e+06	0
3.27784e+06	0
3.27794e+06	0
3.27804e+06	0
3.27814e+06	0
3.27824e+06	0
3.27834e+06	0
3.27844e+06	0
3.27854e+06	0
3.27864e+06	0
3.27874e+06	0
3.27884e+06	0
3.27894e+06	0
3.27904e+06	0
3.27914e+06	0
3.27924e+06	0
3.27934e+06	0
3.27944e+06	0
3.27954e+06	0
3.27964e+06	0
3.27974e+06	0
3.27984e+06	0
3.27994e+06	0
3.28004e+06	0
3.28014e+06	0
3.28024e+06	0
3.28034e+06	0
3.28044e+06	0
3.28054e+06	0
3.28064e+06	0
3.28074e+06	0
3.28084e+06	0
3.28094e+06	0
3.28104e+06	0
3.28114e+06	0
3.28124e+06	0
3.28134e+06	0
3.28144e+06	0
3.28154e+06	0
3.28164e+06	0
3.28174e+06	0
3.28184e+06	0
3.28194e+06	0
3.28204e+06	0
3.28214e+06	0
3.28224e+06	0
3.28234e+06	0
3.28244e+06	0
3.28254e+06	0
3.28264e+06	0
3.28274e+06	0
3.28284e+06	0
3.28294e+06	0
3.28304e+06	0
3.28314e+06	0
3.28324e+06	0
3.28334e+06	0
3.28344e+06	0
3.28354e+06	0
3.28364e+06	0
3.28374e+06	0
3.28384e+06	0
3.28394e+06	0
3.28404e+06	0
3.28414e+06	0
3.28424e+06	0
3.28434e+06	0
3.28444e+06	0
3.28454e+06	0
3.28464e+06	0
3.28474e+06	0
3.28484e+06	0
3.28494e+06	0
3.28504e+06	0
3.28514e+06	0
3.28524e+06	0
3.28534e+06	0
3.28544e+06	0
3.28554e+06	0
3.28564e+06	0
3.28574e+06	0
3.28584e+06	0
3.28594e+06	0
3.28604e+06	0
3.28614e+06	0
3.28624e+06	0
3.28634e+06	0
3.28644e+06	0
3.28654e+06	0
3.28664e+06	0
3.28674e+06	0
3.28684e+06	0
3.28694e+06	0
3.28704e+06	0
3.28714e+06	0
3.28724e+06	0
3.28734e+06	0
3.28744e+06	0
3.28754e+06	0
3.28764e+06	0
3.28774e+06	0
3.28784e+06	0
3.28794e+06	0
3.28804e+06	0
3.28814e+06	0
3.28824e+06	0
3.28834e+06	0
3.28844e+06	0
3.28854e+06	0
3.28864e+06	0
3.28874e+06	0
3.28884e+06	0
3.28894e+06	0
3.28904e+06	0
3.28914e+06	0
3.28924e+06	0
3.28934e+06	0
3.28944e+06	0
3.28954e+06	0
3.28964e+06	0
3.28974e+06	0
3.28984e+06	0
3.28994e+06	0
3.29004e+06	0
3.29014e+06	0
3.29024e+06	0
3.29034e+06	0
3.29044e+06	0
3.29054e+06	0
3.29064e+06	0
3.29074e+06	0
3.29084e+06	0
3.29094e+06	0
3.29104e+06	0
3.29114e+06	0
3.29124e+06	0
3.29134e+06	0
3.29144e+06	0
3.29154e+06	0
3.29164e+06	0
3.29174e+06	0
3.29184e+06	0
3.29194e+06	0
3.29204e+06	0
3.29214e+06	0
3.29224e+06	0
3.29234e+06	0
3.29244e+06	0
3.29254e+06	0
3.29264e+06	0
3.29274e+06	0
3.29284e+06	0
3.29294e+06	0
3.29304e+06	0
3.29314e+06	0
3.29324e+06	0
3.29334e+06	0
3.29344e+06	0
3.29354e+06	0
3.29364e+06	0
3.29374e+06	0
3.29384e+06	0
3.29394e+06	0
3.29404e+06	0
3.29414e+06	0
3.29424e+06	0
3.29434e+06	0
3.29444e+06	0
3.29454e+06	0
3.29464e+06	0
3.29474e+06	0
3.29484e+06	0
3.29494e+06	0
3.29504e+06	0
3.29514e+06	0
3.29524e+06	0
3.29534e+06	0
3.29544e+06	0
3.29554e+06	0
3.29564e+06	0
3.29574e+06	0
3.29584e+06	0
3.29594e+06	0
3.29604e+06	0
3.29614e+06	0
3.29624e+06	0
3.29634e+06	0
3.29644e+06	0
3.29654e+06	0
3.29664e+06	0
3.29674e+06	0
3.29684e+06	0
3.29694e+06	0
3.29704e+06	0
3.29714e+06	0
3.29724e+06	0
3.29734e+06	0
3.29744e+06	0
3.29754e+06	0
3.29764e+06	0
3.29774e+06	0
3.29784e+06	0
3.29794e+06	0
3.29804e+06	0
3.29814e+06	0
3.29824e+06	0
3.29834e+06	0
3.29844e+06	0
3.29854e+06	0
3.29864e+06	0
3.29874e+06	0
3.29884e+06	0
3.29894e+06	0
3.29904e+06	0
3.29914e+06	0
3.29924e+06	0
3.29934e+06	0
3.29944e+06	0
3.29954e+06	0
3.29964e+06	0
3.29974e+06	0
3.29984e+06	0
3.29994e+06	0
3.30004e+06	0
3.30014e+06	0
3.30024e+06	0
3.30034e+06	0
3.30044e+06	0
3.30054e+06	0
3.30064e+06	0
3.30074e+06	0
3.30084e+06	0
3.30094e+06	0
3.30104e+06	0
3.30114e+06	0
3.30124e+06	0
3.30134e+06	0
3.30144e+06	0
3.30154e+06	0
3.30164e+06	0
3.30174e+06	0
3.30184e+06	0
3.30194e+06	0
3.30204e+06	0
3.30214e+06	0
3.30224e+06	0
3.30234e+06	0
3.30244e+06	0
3.30254e+06	0
3.30264e+06	0
3.30274e+06	0
3.30284e+06	0
3.30294e+06	0
3.30304e+06	0
3.30314e+06	0
3.30324e+06	0
3.30334e+06	0
3.30344e+06	0
3.30354e+06	0
3.30364e+06	0
3.30374e+06	0
3.30384e+06	0
3.30394e+06	0
3.30404e+06	0
3.30414e+06	0
3.30424e+06	0
3.30434e+06	0
3.30444e+06	0
3.30454e+06	0
3.30464e+06	0
3.30474e+06	0
3.30484e+06	0
3.30494e+06	0
3.30504e+06	0
3.30514e+06	0
3.30524e+06	0
3.30534e+06	0
3.30544e+06	0
3.30554e+06	0
3.30564e+06	0
3.30574e+06	0
3.30584e+06	0
3.30594e+06	0
3.30604e+06	0
3.30614e+06	0
3.30624e+06	0
3.30634e+06	0
3.30644e+06	0
3.30654e+06	0
3.30664e+06	0
3.30674e+06	0
3.30684e+06	0
3.30694e+06	0
3.30704e+06	0
3.30714e+06	0
3.30724e+06	0
3.30734e+06	0
3.30744e+06	0
3.30754e+06	0
3.30764e+06	0
3.30774e+06	0
3.30784e+06	0
3.30794e+06	0
3.30804e+06	0
3.30814e+06	0
3.30824e+06	0
3.30834e+06	0
3.30844e+06	0
3.30854e+06	0
3.30864e+06	0
3.30874e+06	0
3.30884e+06	0
3.30894e+06	0
3.30904e+06	0
3.30914e+06	0
3.30924e+06	0
3.30934e+06	0
3.30944e+06	0
3.30954e+06	0
3.30964e+06	0
3.30974e+06	0
3.30984e+06	0
3.30994e+06	0
3.31004e+06	0
3.31014e+06	0
3.31024e+06	0
3.31034e+06	0
3.31044e+06	0
3.31054e+06	0
3.31064e+06	0
3.31074e+06	0
3.31084e+06	0
3.31094e+06	0
3.31104e+06	0
3.31114e+06	0
3.31124e+06	0
3.31134e+06	0
3.31144e+06	0
3.31154e+06	0
3.31164e+06	0
3.31174e+06	0
3.31184e+06	0
3.31194e+06	0
3.31204e+06	0
3.31214e+06	0
3.31224e+06	0
3.31234e+06	0
3.31244e+06	0
3.31254e+06	0
3.31264e+06	0
3.31274e+06	0
3.31284e+06	0
3.31294e+06	0
3.31304e+06	0
3.31314e+06	0
3.31324e+06	0
3.31334e+06	0
3.31344e+06	0
3.31354e+06	0
3.31364e+06	0
3.31374e+06	0
3.31384e+06	0
3.31394e+06	0
3.31404e+06	0
3.31414e+06	0
3.31424e+06	0
3.31434e+06	0
3.31444e+06	0
3.31454e+06	0
3.31464e+06	0
3.31474e+06	0
3.31484e+06	0
3.31494e+06	0
3.31504e+06	0
3.31514e+06	0
3.31524e+06	0
3.31534e+06	0
3.31544e+06	0
3.31554e+06	0
3.31564e+06	0
3.31574e+06	0
3.31584e+06	0
3.31594e+06	0
3.31604e+06	0
3.31614e+06	0
3.31624e+06	0
3.31634e+06	0
3.31644e+06	0
3.31654e+06	0
3.31664e+06	0
3.31674e+06	0
3.31684e+06	0
3.31694e+06	0
3.31704e+06	0
3.31714e+06	0
3.31724e+06	0
3.31734e+06	0
3.31744e+06	0
3.31754e+06	0
3.31764e+06	0
3.31774e+06	0
3.31784e+06	0
3.31794e+06	0
3.31804e+06	0
3.31814e+06	0
3.31824e+06	0
3.31834e+06	0
3.31844e+06	0
3.31854e+06	0
3.31864e+06	0
3.31874e+06	0
3.31884e+06	0
3.31894e+06	0
3.31904e+06	0
3.31914e+06	0
3.31924e+06	0
3.31934e+06	0
3.31944e+06	0
3.31954e+06	0
3.31964e+06	0
3.31974e+06	0
3.31984e+06	0
3.31994e+06	0
3.32004e+06	0
3.32014e+06	0
3.32024e+06	0
3.32034e+06	0
3.32044e+06	0
3.32054e+06	0
3.32064e+06	0
3.32074e+06	0
3.32084e+06	0
3.32094e+06	0
3.32104e+06	0
3.32114e+06	0
3.32124e+06	0
3.32134e+06	0
3.32144e+06	0
3.32154e+06	0
3.32164e+06	0
3.32174e+06	0
3.32184e+06	0
3.32194e+06	0
3.32204e+06	0
3.32214e+06	0
3.32224e+06	0
3.32234e+06	0
3.32244e+06	0
3.32254e+06	0
3.32264e+06	0
3.32274e+06	0
3.32284e+06	0
3.32294e+06	0
3.32304e+06	0
3.32314e+06	0
3.32324e+06	0
3.32334e+06	0
3.32344e+06	0
3.32354e+06	0
3.32364e+06	0
3.32374e+06	0
3.32384e+06	0
3.32394e+06	0
3.32404e+06	0
3.32414e+06	0
3.32424e+06	0
3.32434e+06	0
3.32444e+06	0
3.32454e+06	0
3.32464e+06	0
3.32474e+06	0
3.32484e+06	0
3.32494e+06	0
3.32504e+06	0
3.32514e+06	0
3.32524e+06	0
3.32534e+06	0
3.32544e+06	0
3.32554e+06	0
3.32564e+06	0
3.32574e+06	0
3.32584e+06	0
3.32594e+06	0
3.32604e+06	0
3.32614e+06	0
3.32624e+06	0
3.32634e+06	0
3.32644e+06	0
3.32654e+06	0
3.32664e+06	0
3.32674e+06	0
3.32684e+06	0
3.32694e+06	0
3.32704e+06	0
3.32714e+06	0
3.32724e+06	0
3.32734e+06	0
3.32744e+06	0
3.32754e+06	0
3.32764e+06	0
3.32774e+06	0
3.32784e+06	0
3.32794e+06	0
3.32804e+06	0
3.32814e+06	0
3.32824e+06	0
3.32834e+06	0
3.32844e+06	0
3.32854e+06	0
3.32864e+06	0
3.32874e+06	0
3.32884e+06	0
3.32894e+06	0
3.32904e+06	0
3.32914e+06	0
3.32924e+06	0
3.32934e+06	0
3.32944e+06	0
3.32954e+06	0
3.32964e+06	0
3.32974e+06	0
3.32984e+06	0
3.32994e+06	0
3.33004e+06	0
3.33014e+06	0
3.33024e+06	0
3.33034e+06	0
3.33044e+06	0
3.33054e+06	0
3.33064e+06	0
3.33074e+06	0
3.33084e+06	0
3.33094e+06	0
3.33104e+06	0
3.33114e+06	0
3.33124e+06	0
3.33134e+06	0
3.33144e+06	0
3.33154e+06	0
3.33164e+06	0
3.33174e+06	0
3.33184e+06	0
3.33194e+06	0
3.33204e+06	0
3.33214e+06	0
3.33224e+06	0
3.33234e+06	0
3.33244e+06	0
3.33254e+06	0
3.33264e+06	0
3.33274e+06	0
3.33284e+06	0
3.33294e+06	0
3.33304e+06	0
3.33314e+06	0
3.33324e+06	0
3.33334e+06	0
3.33344e+06	0
3.33354e+06	0
3.33364e+06	0
3.33374e+06	0
3.33384e+06	0
3.33394e+06	0
3.33404e+06	0
3.33414e+06	0
3.33424e+06	0
3.33434e+06	0
3.33444e+06	0
3.33454e+06	0
3.33464e+06	0
3.33474e+06	0
3.33484e+06	0
3.33494e+06	0
3.33504e+06	0
3.33514e+06	0
3.33524e+06	0
3.33534e+06	0
3.33544e+06	0
3.33554e+06	0
3.33564e+06	0
3.33574e+06	0
3.33584e+06	0
3.33594e+06	0
3.33604e+06	0
3.33614e+06	0
3.33624e+06	0
3.33634e+06	0
3.33644e+06	0
3.33654e+06	0
3.33664e+06	0
3.33674e+06	0
3.33684e+06	0
3.33694e+06	0
3.33704e+06	0
3.33714e+06	0
3.33724e+06	0
3.33734e+06	0
3.33744e+06	0
3.33754e+06	0
3.33764e+06	0
3.33774e+06	0
3.33784e+06	0
3.33794e+06	0
3.33804e+06	0
3.33814e+06	0
3.33824e+06	0
3.33834e+06	0
3.33844e+06	0
3.33854e+06	0
3.33864e+06	0
3.33874e+06	0
3.33884e+06	0
3.33894e+06	0
3.33904e+06	0
3.33914e+06	0
3.33924e+06	0
3.33934e+06	0
3.33944e+06	0
3.33954e+06	0
3.33964e+06	0
3.33974e+06	0
3.33984e+06	0
3.33994e+06	0
3.34004e+06	0
3.34014e+06	0
3.34024e+06	0
3.34034e+06	0
3.34044e+06	0
3.34054e+06	0
3.34064e+06	0
3.34074e+06	0
3.34084e+06	0
3.34094e+06	0
3.34104e+06	0
3.34114e+06	0
3.34124e+06	0
3.34134e+06	0
3.34144e+06	0
3.34154e+06	0
3.34164e+06	0
3.34174e+06	0
3.34184e+06	0
3.34194e+06	0
3.34204e+06	0
3.34214e+06	0
3.34224e+06	0
3.34234e+06	0
3.34244e+06	0
3.34254e+06	0
3.34264e+06	0
3.34274e+06	0
3.34284e+06	0
3.34294e+06	0
3.34304e+06	0
3.34314e+06	0
3.34324e+06	0
3.34334e+06	0
3.34344e+06	0
3.34354e+06	0
3.34364e+06	0
3.34374e+06	0
3.34384e+06	0
3.34394e+06	0
3.34404e+06	0
3.34414e+06	0
3.34424e+06	0
3.34434e+06	0
3.34444e+06	0
3.34454e+06	0
3.34464e+06	0
3.34474e+06	0
3.34484e+06	0
3.34494e+06	0
3.34504e+06	0
3.34514e+06	0
3.34524e+06	0
3.34534e+06	0
3.34544e+06	0
3.34554e+06	0
3.34564e+06	0
3.34574e+06	0
3.34584e+06	0
3.34594e+06	0
3.34604e+06	0
3.34614e+06	0
3.34624e+06	0
3.34634e+06	0
3.34644e+06	0
3.34654e+06	0
3.34664e+06	0
3.34674e+06	0
3.34684e+06	0
3.34694e+06	0
3.34704e+06	0
3.34714e+06	0
3.34724e+06	0
3.34734e+06	0
3.34744e+06	0
3.34754e+06	0
3.34764e+06	0
3.34774e+06	0
3.34784e+06	0
3.34794e+06	0
3.34804e+06	0
3.34814e+06	0
3.34824e+06	0
3.34834e+06	0
3.34844e+06	0
3.34854e+06	0
3.34864e+06	0
3.34874e+06	0
3.34884e+06	0
3.34894e+06	0
3.34904e+06	0
3.34914e+06	0
3.34924e+06	0
3.34934e+06	0
3.34944e+06	0
3.34954e+06	0
3.34964e+06	0
3.34974e+06	0
3.34984e+06	0
3.34994e+06	0
3.35004e+06	0
3.35014e+06	0
3.35024e+06	0
3.35034e+06	0
3.35044e+06	0
3.35054e+06	0
3.35064e+06	0
3.35074e+06	0
3.35084e+06	0
3.35094e+06	0
3.35104e+06	0
3.35114e+06	0
3.35124e+06	0
3.35134e+06	0
3.35144e+06	0
3.35154e+06	0
3.35164e+06	0
3.35174e+06	0
3.35184e+06	0
3.35194e+06	0
3.35204e+06	0
3.35214e+06	0
3.35224e+06	0
3.35234e+06	0
3.35244e+06	0
3.35254e+06	0
3.35264e+06	0
3.35274e+06	0
3.35284e+06	0
3.35294e+06	0
3.35304e+06	0
3.35314e+06	0
3.35324e+06	0
3.35334e+06	0
3.35344e+06	0
3.35354e+06	0
3.35364e+06	0
3.35374e+06	0
3.35384e+06	0
3.35394e+06	0
3.35404e+06	0
3.35414e+06	0
3.35424e+06	0
3.35434e+06	0
3.35444e+06	0
3.35454e+06	0
3.35464e+06	0
3.35474e+06	0
3.35484e+06	0
3.35494e+06	0
3.35504e+06	0
3.35514e+06	0
3.35524e+06	0
3.35534e+06	0
3.35544e+06	0
3.35554e+06	0
3.35564e+06	0
3.35574e+06	0
3.35584e+06	0
3.35594e+06	0
3.35604e+06	0
3.35614e+06	0
3.35624e+06	0
3.35634e+06	0
3.35644e+06	0
3.35654e+06	0
3.35664e+06	0
3.35674e+06	0
3.35684e+06	0
3.35694e+06	0
3.35704e+06	0
3.35714e+06	0
3.35724e+06	0
3.35734e+06	0
3.35744e+06	0
3.35754e+06	0
3.35764e+06	0
3.35774e+06	0
3.35784e+06	0
3.35794e+06	0
3.35804e+06	0
3.35814e+06	0
3.35824e+06	0
3.35834e+06	0
3.35844e+06	0
3.35854e+06	0
3.35864e+06	0
3.35874e+06	0
3.35884e+06	0
3.35894e+06	0
3.35904e+06	0
3.35914e+06	0
3.35924e+06	0
3.35934e+06	0
3.35944e+06	0
3.35954e+06	0
3.35964e+06	0
3.35974e+06	0
3.35984e+06	0
3.35994e+06	0
3.36004e+06	0
3.36014e+06	0
3.36024e+06	0
3.36034e+06	0
3.36044e+06	0
3.36054e+06	0
3.36064e+06	0
3.36074e+06	0
3.36084e+06	0
3.36094e+06	0
3.36104e+06	0
3.36114e+06	0
3.36124e+06	0
3.36134e+06	0
3.36144e+06	0
3.36154e+06	0
3.36164e+06	0
3.36174e+06	0
3.36184e+06	0
3.36194e+06	0
3.36204e+06	0
3.36214e+06	0
3.36224e+06	0
3.36234e+06	0
3.36244e+06	0
3.36254e+06	0
3.36264e+06	0
3.36274e+06	0
3.36284e+06	0
3.36294e+06	0
3.36304e+06	0
3.36314e+06	0
3.36324e+06	0
3.36334e+06	0
3.36344e+06	0
3.36354e+06	0
3.36364e+06	0
3.36374e+06	0
3.36384e+06	0
3.36394e+06	0
3.36404e+06	0
3.36414e+06	0
3.36424e+06	0
3.36434e+06	0
3.36444e+06	0
3.36454e+06	0
3.36464e+06	0
3.36474e+06	0
3.36484e+06	0
3.36494e+06	0
3.36504e+06	0
3.36514e+06	0
3.36524e+06	0
3.36534e+06	0
3.36544e+06	0
3.36554e+06	0
3.36564e+06	0
3.36574e+06	0
3.36584e+06	0
3.36594e+06	0
3.36604e+06	0
3.36614e+06	0
3.36624e+06	0
3.36634e+06	0
3.36644e+06	0
3.36654e+06	0
3.36664e+06	0
3.36674e+06	0
3.36684e+06	0
3.36694e+06	0
3.36704e+06	0
3.36714e+06	0
3.36724e+06	0
3.36734e+06	0
3.36744e+06	0
3.36754e+06	0
3.36764e+06	0
3.36774e+06	0
3.36784e+06	0
3.36794e+06	0
3.36804e+06	0
3.36814e+06	0
3.36824e+06	0
3.36834e+06	0
3.36844e+06	0
3.36854e+06	0
3.36864e+06	0
3.36874e+06	0
3.36884e+06	0
3.36894e+06	0
3.36904e+06	0
3.36914e+06	0
3.36924e+06	0
3.36934e+06	0
3.36944e+06	0
3.36954e+06	0
3.36964e+06	0
3.36974e+06	0
3.36984e+06	0
3.36994e+06	0
3.37004e+06	0
3.37014e+06	0
3.37024e+06	0
3.37034e+06	0
3.37044e+06	0
3.37054e+06	0
3.37064e+06	0
3.37074e+06	0
3.37084e+06	0
3.37094e+06	0
3.37104e+06	0
3.37114e+06	0
3.37124e+06	0
3.37134e+06	0
3.37144e+06	0
3.37154e+06	0
3.37164e+06	0
3.37174e+06	0
3.37184e+06	0
3.37194e+06	0
3.37204e+06	0
3.37214e+06	0
3.37224e+06	0
3.37234e+06	0
3.37244e+06	0
3.37254e+06	0
3.37264e+06	0
3.37274e+06	0
3.37284e+06	0
3.37294e+06	0
3.37304e+06	0
3.37314e+06	0
3.37324e+06	0
3.37334e+06	0
3.37344e+06	0
3.37354e+06	0
3.37364e+06	0
3.37374e+06	0
3.37384e+06	0
3.37394e+06	0
3.37404e+06	0
3.37414e+06	0
3.37424e+06	0
3.37434e+06	0
3.37444e+06	0
3.37454e+06	0
3.37464e+06	0
3.37474e+06	0
3.37484e+06	0
3.37494e+06	0
3.37504e+06	0
3.37514e+06	0
3.37524e+06	0
3.37534e+06	0
3.37544e+06	0
3.37554e+06	0
3.37564e+06	0
3.37574e+06	0
3.37584e+06	0
3.37594e+06	0
3.37604e+06	0
3.37614e+06	0
3.37624e+06	0
3.37634e+06	0
3.37644e+06	0
3.37654e+06	0
3.37664e+06	0
3.37674e+06	0
3.37684e+06	0
3.37694e+06	0
3.37704e+06	0
3.37714e+06	0
3.37724e+06	0
3.37734e+06	0
3.37744e+06	0
3.37754e+06	0
3.37764e+06	0
3.37774e+06	0
3.37784e+06	0
3.37794e+06	0
3.37804e+06	0
3.37814e+06	0
3.37824e+06	0
3.37834e+06	0
3.37844e+06	0
3.37854e+06	0
3.37864e+06	0
3.37874e+06	0
3.37884e+06	0
3.37894e+06	0
3.37904e+06	0
3.37914e+06	0
3.37924e+06	0
3.37934e+06	0
3.37944e+06	0
3.37954e+06	0
3.37964e+06	0
3.37974e+06	0
3.37984e+06	0
3.37994e+06	0
3.38004e+06	0
3.38014e+06	0
3.38024e+06	0
3.38034e+06	0
3.38044e+06	0
3.38054e+06	0
3.38064e+06	0
3.38074e+06	0
3.38084e+06	0
3.38094e+06	0
3.38104e+06	0
3.38114e+06	0
3.38124e+06	0
3.38134e+06	0
3.38144e+06	0
3.38154e+06	0
3.38164e+06	0
3.38174e+06	0
3.38184e+06	0
3.38194e+06	0
3.38204e+06	0
3.38214e+06	0
3.38224e+06	0
3.38234e+06	0
3.38244e+06	0
3.38254e+06	0
3.38264e+06	0
3.38274e+06	0
3.38284e+06	0
3.38294e+06	0
3.38304e+06	0
3.38314e+06	0
3.38324e+06	0
3.38334e+06	0
3.38344e+06	0
3.38354e+06	0
3.38364e+06	0
3.38374e+06	0
3.38384e+06	0
3.38394e+06	0
3.38404e+06	0
3.38414e+06	0
3.38424e+06	0
3.38434e+06	0
3.38444e+06	0
3.38454e+06	0
3.38464e+06	0
3.38474e+06	0
3.38484e+06	0
3.38494e+06	0
3.38504e+06	0
3.38514e+06	0
3.38524e+06	0
3.38534e+06	0
3.38544e+06	0
3.38554e+06	0
3.38564e+06	0
3.38574e+06	0
3.38584e+06	0
3.38594e+06	0
3.38604e+06	0
3.38614e+06	0
3.38624e+06	0
3.38634e+06	0
3.38644e+06	0
3.38654e+06	0
3.38664e+06	0
3.38674e+06	0
3.38684e+06	0
3.38694e+06	0
3.38704e+06	0
3.38714e+06	0
3.38724e+06	0
3.38734e+06	0
3.38744e+06	0
3.38754e+06	0
3.38764e+06	0
3.38774e+06	0
3.38784e+06	0
3.38794e+06	0
3.38804e+06	0
3.38814e+06	0
3.38824e+06	0
3.38834e+06	0
3.38844e+06	0
3.38854e+06	0
3.38864e+06	0
3.38874e+06	0
3.38884e+06	0
3.38894e+06	0
3.38904e+06	0
3.38914e+06	0
3.38924e+06	0
3.38934e+06	0
3.38944e+06	0
3.38954e+06	0
3.38964e+06	0
3.38974e+06	0
3.38984e+06	0
3.38994e+06	0
3.39004e+06	0
3.39014e+06	0
3.39024e+06	0
3.39034e+06	0
3.39044e+06	0
3.39054e+06	0
3.39064e+06	0
3.39074e+06	0
3.39084e+06	0
3.39094e+06	0
3.39104e+06	0
3.39114e+06	0
3.39124e+06	0
3.39134e+06	0
3.39144e+06	0
3.39154e+06	0
3.39164e+06	0
3.39174e+06	0
3.39184e+06	0
3.39194e+06	0
3.39204e+06	0
3.39214e+06	0
3.39224e+06	0
3.39234e+06	0
3.39244e+06	0
3.39254e+06	0
3.39264e+06	0
3.39274e+06	0
3.39284e+06	0
3.39294e+06	0
3.39304e+06	0
3.39314e+06	0
3.39324e+06	0
3.39334e+06	0
3.39344e+06	0
3.39354e+06	0
3.39364e+06	0
3.39374e+06	0
3.39384e+06	0
3.39394e+06	0
3.39404e+06	0
3.39414e+06	0
3.39424e+06	0
3.39434e+06	0
3.39444e+06	0
3.39454e+06	0
3.39464e+06	0
3.39474e+06	0
3.39484e+06	0
3.39494e+06	0
3.39504e+06	0
3.39514e+06	0
3.39524e+06	0
3.39534e+06	0
3.39544e+06	0
3.39554e+06	0
3.39564e+06	0
3.39574e+06	0
3.39584e+06	0
3.39594e+06	0
3.39604e+06	0
3.39614e+06	0
3.39624e+06	0
3.39634e+06	0
3.39644e+06	0
3.39654e+06	0
3.39664e+06	0
3.39674e+06	0
3.39684e+06	0
3.39694e+06	0
3.39704e+06	0
3.39714e+06	0
3.39724e+06	0
3.39734e+06	0
3.39744e+06	0
3.39754e+06	0
3.39764e+06	0
3.39774e+06	0
3.39784e+06	0
3.39794e+06	0
3.39804e+06	0
3.39814e+06	0
3.39824e+06	0
3.39834e+06	0
3.39844e+06	0
3.39854e+06	0
3.39864e+06	0
3.39874e+06	0
3.39884e+06	0
3.39894e+06	0
3.39904e+06	0
3.39914e+06	0
3.39924e+06	0
3.39934e+06	0
3.39944e+06	0
3.39954e+06	0
3.39964e+06	0
3.39974e+06	0
3.39984e+06	0
3.39994e+06	0
3.40004e+06	0
3.40014e+06	0
3.40024e+06	0
3.40034e+06	0
3.40044e+06	0
3.40054e+06	0
3.40064e+06	0
3.40074e+06	0
3.40084e+06	0
3.40094e+06	0
3.40104e+06	0
3.40114e+06	0
3.40124e+06	0
3.40134e+06	0
3.40144e+06	0
3.40154e+06	0
3.40164e+06	0
3.40174e+06	0
3.40184e+06	0
3.40194e+06	0
3.40204e+06	0
3.40214e+06	0
3.40224e+06	0
3.40234e+06	0
3.40244e+06	0
3.40254e+06	0
3.40264e+06	0
3.40274e+06	0
3.40284e+06	0
3.40294e+06	0
3.40304e+06	0
3.40314e+06	0
3.40324e+06	0
3.40334e+06	0
3.40344e+06	0
3.40354e+06	0
3.40364e+06	0
3.40374e+06	0
3.40384e+06	0
3.40394e+06	0
3.40404e+06	0
3.40414e+06	0
3.40424e+06	0
3.40434e+06	0
3.40444e+06	0
3.40454e+06	0
3.40464e+06	0
3.40474e+06	0
3.40484e+06	0
3.40494e+06	0
3.40504e+06	0
3.40514e+06	0
3.40524e+06	0
3.40534e+06	0
3.40544e+06	0
3.40554e+06	0
3.40564e+06	0
3.40574e+06	0
3.40584e+06	0
3.40594e+06	0
3.40604e+06	0
3.40614e+06	0
3.40624e+06	0
3.40634e+06	0
3.40644e+06	0
3.40654e+06	0
3.40664e+06	0
3.40674e+06	0
3.40684e+06	0
3.40694e+06	0
3.40704e+06	0
3.40714e+06	0
3.40724e+06	0
3.40734e+06	0
3.40744e+06	0
3.40754e+06	0
3.40764e+06	0
3.40774e+06	0
3.40784e+06	0
3.40794e+06	0
3.40804e+06	0
3.40814e+06	0
3.40824e+06	0
3.40834e+06	0
3.40844e+06	0
3.40854e+06	0
3.40864e+06	0
3.40874e+06	0
3.40884e+06	0
3.40894e+06	0
3.40904e+06	0
3.40914e+06	0
3.40924e+06	0
3.40934e+06	0
3.40944e+06	0
3.40954e+06	0
3.40964e+06	0
3.40974e+06	0
3.40984e+06	0
3.40994e+06	0
3.41004e+06	0
3.41014e+06	0
3.41024e+06	0
3.41034e+06	0
3.41044e+06	0
3.41054e+06	0
3.41064e+06	0
3.41074e+06	0
3.41084e+06	0
3.41094e+06	0
3.41104e+06	0
3.41114e+06	0
3.41124e+06	0
3.41134e+06	0
3.41144e+06	0
3.41154e+06	0
3.41164e+06	0
3.41174e+06	0
3.41184e+06	0
3.41194e+06	0
3.41204e+06	0
3.41214e+06	0
3.41224e+06	0
3.41234e+06	0
3.41244e+06	0
3.41254e+06	0
3.41264e+06	0
3.41274e+06	0
3.41284e+06	0
3.41294e+06	0
3.41304e+06	0
3.41314e+06	0
3.41324e+06	0
3.41334e+06	0
3.41344e+06	0
3.41354e+06	0
3.41364e+06	0
3.41374e+06	0
3.41384e+06	0
3.41394e+06	0
3.41404e+06	0
3.41414e+06	0
3.41424e+06	0
3.41434e+06	0
3.41444e+06	0
3.41454e+06	0
3.41464e+06	0
3.41474e+06	0
3.41484e+06	0
3.41494e+06	0
3.41504e+06	0
3.41514e+06	0
3.41524e+06	0
3.41534e+06	0
3.41544e+06	0
3.41554e+06	0
3.41564e+06	0
3.41574e+06	0
3.41584e+06	0
3.41594e+06	0
3.41604e+06	0
3.41614e+06	0
3.41624e+06	0
3.41634e+06	0
3.41644e+06	0
3.41654e+06	0
3.41664e+06	0
3.41674e+06	0
3.41684e+06	0
3.41694e+06	0
3.41704e+06	0
3.41714e+06	0
3.41724e+06	0
3.41734e+06	0
3.41744e+06	0
3.41754e+06	0
3.41764e+06	0
3.41774e+06	0
3.41784e+06	0
3.41794e+06	0
3.41804e+06	0
3.41814e+06	0
3.41824e+06	0
3.41834e+06	0
3.41844e+06	0
3.41854e+06	0
3.41864e+06	0
3.41874e+06	0
3.41884e+06	0
3.41894e+06	0
3.41904e+06	0
3.41914e+06	0
3.41924e+06	0
3.41934e+06	0
3.41944e+06	0
3.41954e+06	0
3.41964e+06	0
3.41974e+06	0
3.41984e+06	0
3.41994e+06	0
3.42004e+06	0
3.42014e+06	0
3.42024e+06	0
3.42034e+06	0
3.42044e+06	0
3.42054e+06	0
3.42064e+06	0
3.42074e+06	0
3.42084e+06	0
3.42094e+06	0
3.42104e+06	0
3.42114e+06	0
3.42124e+06	0
3.42134e+06	0
3.42144e+06	0
3.42154e+06	0
3.42164e+06	0
3.42174e+06	0
3.42184e+06	0
3.42194e+06	0
3.42204e+06	0
3.42214e+06	0
3.42224e+06	0
3.42234e+06	0
3.42244e+06	0
3.42254e+06	0
3.42264e+06	0
3.42274e+06	0
3.42284e+06	0
3.42294e+06	0
3.42304e+06	0
3.42314e+06	0
3.42324e+06	0
3.42334e+06	0
3.42344e+06	0
3.42354e+06	0
3.42364e+06	0
3.42374e+06	0
3.42384e+06	0
3.42394e+06	0
3.42404e+06	0
3.42414e+06	0
3.42424e+06	0
3.42434e+06	0
3.42444e+06	0
3.42454e+06	0
3.42464e+06	0
3.42474e+06	0
3.42484e+06	0
3.42494e+06	0
3.42504e+06	0
3.42514e+06	0
3.42524e+06	0
3.42534e+06	0
3.42544e+06	0
3.42554e+06	0
3.42564e+06	0
3.42574e+06	0
3.42584e+06	0
3.42594e+06	0
3.42604e+06	0
3.42614e+06	0
3.42624e+06	0
3.42634e+06	0
3.42644e+06	0
3.42654e+06	0
3.42664e+06	0
3.42674e+06	0
3.42684e+06	0
3.42694e+06	0
3.42704e+06	0
3.42714e+06	0
3.42724e+06	0
3.42734e+06	0
3.42744e+06	0
3.42754e+06	0
3.42764e+06	0
3.42774e+06	0
3.42784e+06	0
3.42794e+06	0
3.42804e+06	0
3.42814e+06	0
3.42824e+06	0
3.42834e+06	0
3.42844e+06	0
3.42854e+06	0
3.42864e+06	0
3.42874e+06	0
3.42884e+06	0
3.42894e+06	0
3.42904e+06	0
3.42914e+06	0
3.42924e+06	0
3.42934e+06	0
3.42944e+06	0
3.42954e+06	0
3.42964e+06	0
3.42974e+06	0
3.42984e+06	0
3.42994e+06	0
3.43004e+06	0
3.43014e+06	0
3.43024e+06	0
3.43034e+06	0
3.43044e+06	0
3.43054e+06	0
3.43064e+06	0
3.43074e+06	0
3.43084e+06	0
3.43094e+06	0
3.43104e+06	0
3.43114e+06	0
3.43124e+06	0
3.43134e+06	0
3.43144e+06	0
3.43154e+06	0
3.43164e+06	0
3.43174e+06	0
3.43184e+06	0
3.43194e+06	0
3.43204e+06	0
3.43214e+06	0
3.43224e+06	0
3.43234e+06	0
3.43244e+06	0
3.43254e+06	0
3.43264e+06	0
3.43274e+06	0
3.43284e+06	0
3.43294e+06	0
3.43304e+06	0
3.43314e+06	0
3.43324e+06	0
3.43334e+06	0
3.43344e+06	0
3.43354e+06	0
3.43364e+06	0
3.43374e+06	0
3.43384e+06	0
3.43394e+06	0
3.43404e+06	0
3.43414e+06	0
3.43424e+06	0
3.43434e+06	0
3.43444e+06	0
3.43454e+06	0
3.43464e+06	0
3.43474e+06	0
3.43484e+06	0
3.43494e+06	0
3.43504e+06	0
3.43514e+06	0
3.43524e+06	0
3.43534e+06	0
3.43544e+06	0
3.43554e+06	0
3.43564e+06	0
3.43574e+06	0
3.43584e+06	0
3.43594e+06	0
3.43604e+06	0
3.43614e+06	0
3.43624e+06	0
3.43634e+06	0
3.43644e+06	0
3.43654e+06	0
3.43664e+06	0
3.43674e+06	0
3.43684e+06	0
3.43694e+06	0
3.43704e+06	0
3.43714e+06	0
3.43724e+06	0
3.43734e+06	0
3.43744e+06	0
3.43754e+06	0
3.43764e+06	0
3.43774e+06	0
3.43784e+06	0
3.43794e+06	0
3.43804e+06	0
3.43814e+06	0
3.43824e+06	0
3.43834e+06	0
3.43844e+06	0
3.43854e+06	0
3.43864e+06	0
3.43874e+06	0
3.43884e+06	0
3.43894e+06	0
3.43904e+06	0
3.43914e+06	0
3.43924e+06	0
3.43934e+06	0
3.43944e+06	0
3.43954e+06	0
3.43964e+06	0
3.43974e+06	0
3.43984e+06	0
3.43994e+06	0
3.44004e+06	0
3.44014e+06	0
3.44024e+06	0
3.44034e+06	0
3.44044e+06	0
3.44054e+06	0
3.44064e+06	0
3.44074e+06	0
3.44084e+06	0
3.44094e+06	0
3.44104e+06	0
3.44114e+06	0
3.44124e+06	0
3.44134e+06	0
3.44144e+06	0
3.44154e+06	0
3.44164e+06	0
3.44174e+06	0
3.44184e+06	0
3.44194e+06	0
3.44204e+06	0
3.44214e+06	0
3.44224e+06	0
3.44234e+06	0
3.44244e+06	0
3.44254e+06	0
3.44264e+06	0
3.44274e+06	0
3.44284e+06	0
3.44294e+06	0
3.44304e+06	0
3.44314e+06	0
3.44324e+06	0
3.44334e+06	0
3.44344e+06	0
3.44354e+06	0
3.44364e+06	0
3.44374e+06	0
3.44384e+06	0
3.44394e+06	0
3.44404e+06	0
3.44414e+06	0
3.44424e+06	0
3.44434e+06	0
3.44444e+06	0
3.44454e+06	0
3.44464e+06	0
3.44474e+06	0
3.44484e+06	0
3.44494e+06	0
3.44504e+06	0
3.44514e+06	0
3.44524e+06	0
3.44534e+06	0
3.44544e+06	0
3.44554e+06	0
3.44564e+06	0
3.44574e+06	0
3.44584e+06	0
3.44594e+06	0
3.44604e+06	0
3.44614e+06	0
3.44624e+06	0
3.44634e+06	0
3.44644e+06	0
3.44654e+06	0
3.44664e+06	0
3.44674e+06	0
3.44684e+06	0
3.44694e+06	0
3.44704e+06	0
3.44714e+06	0
3.44724e+06	0
3.44734e+06	0
3.44744e+06	0
3.44754e+06	0
3.44764e+06	0
3.44774e+06	0
3.44784e+06	0
3.44794e+06	0
3.44804e+06	0
3.44814e+06	0
3.44824e+06	0
3.44834e+06	0
3.44844e+06	0
3.44854e+06	0
3.44864e+06	0
3.44874e+06	0
3.44884e+06	0
3.44894e+06	0
3.44904e+06	0
3.44914e+06	0
3.44924e+06	0
3.44934e+06	0
3.44944e+06	0
3.44954e+06	0
3.44964e+06	0
3.44974e+06	0
3.44984e+06	0
3.44994e+06	0
3.45004e+06	0
3.45014e+06	0
3.45024e+06	0
3.45034e+06	0
3.45044e+06	0
3.45054e+06	0
3.45064e+06	0
3.45074e+06	0
3.45084e+06	0
3.45094e+06	0
3.45104e+06	0
3.45114e+06	0
3.45124e+06	0
3.45134e+06	0
3.45144e+06	0
3.45154e+06	0
3.45164e+06	0
3.45174e+06	0
3.45184e+06	0
3.45194e+06	0
3.45204e+06	0
3.45214e+06	0
3.45224e+06	0
3.45234e+06	0
3.45244e+06	0
3.45254e+06	0
3.45264e+06	0
3.45274e+06	0
3.45284e+06	0
3.45294e+06	0
3.45304e+06	0
3.45314e+06	0
3.45324e+06	0
3.45334e+06	0
3.45344e+06	0
3.45354e+06	0
3.45364e+06	0
3.45374e+06	0
3.45384e+06	0
3.45394e+06	0
3.45404e+06	0
3.45414e+06	0
3.45424e+06	0
3.45434e+06	0
3.45444e+06	0
3.45454e+06	0
3.45464e+06	0
3.45474e+06	0
3.45484e+06	0
3.45494e+06	0
3.45504e+06	0
3.45514e+06	0
3.45524e+06	0
3.45534e+06	0
3.45544e+06	0
3.45554e+06	0
3.45564e+06	0
3.45574e+06	0
3.45584e+06	0
3.45594e+06	0
3.45604e+06	0
3.45614e+06	0
3.45624e+06	0
3.45634e+06	0
3.45644e+06	0
3.45654e+06	0
3.45664e+06	0
3.45674e+06	0
3.45684e+06	0
3.45694e+06	0
3.45704e+06	0
3.45714e+06	0
3.45724e+06	0
3.45734e+06	0
3.45744e+06	0
3.45754e+06	0
3.45764e+06	0
3.45774e+06	0
3.45784e+06	0
3.45794e+06	0
3.45804e+06	0
3.45814e+06	0
3.45824e+06	0
3.45834e+06	0
3.45844e+06	0
3.45854e+06	0
3.45864e+06	0
3.45874e+06	0
3.45884e+06	0
3.45894e+06	0
3.45904e+06	0
3.45914e+06	0
3.45924e+06	0
3.45934e+06	0
3.45944e+06	0
3.45954e+06	0
3.45964e+06	0
3.45974e+06	0
3.45984e+06	0
3.45994e+06	0
3.46004e+06	0
3.46014e+06	0
3.46024e+06	0
3.46034e+06	0
3.46044e+06	0
3.46054e+06	0
3.46064e+06	0
3.46074e+06	0
3.46084e+06	0
3.46094e+06	0
3.46104e+06	0
3.46114e+06	0
3.46124e+06	0
3.46134e+06	0
3.46144e+06	0
3.46154e+06	0
3.46164e+06	0
3.46174e+06	0
3.46184e+06	0
3.46194e+06	0
3.46204e+06	0
3.46214e+06	0
3.46224e+06	0
3.46234e+06	0
3.46244e+06	0
3.46254e+06	0
3.46264e+06	0
3.46274e+06	0
3.46284e+06	0
3.46294e+06	0
3.46304e+06	0
3.46314e+06	0
3.46324e+06	0
3.46334e+06	0
3.46344e+06	0
3.46354e+06	0
3.46364e+06	0
3.46374e+06	0
3.46384e+06	0
3.46394e+06	0
3.46404e+06	0
3.46414e+06	0
3.46424e+06	0
3.46434e+06	0
3.46444e+06	0
3.46454e+06	0
3.46464e+06	0
3.46474e+06	0
3.46484e+06	0
3.46494e+06	0
3.46504e+06	0
3.46514e+06	0
3.46524e+06	0
3.46534e+06	0
3.46544e+06	0
3.46554e+06	0
3.46564e+06	0
3.46574e+06	0
3.46584e+06	0
3.46594e+06	0
3.46604e+06	0
3.46614e+06	0
3.46624e+06	0
3.46634e+06	0
3.46644e+06	0
3.46654e+06	0
3.46664e+06	0
3.46674e+06	0
3.46684e+06	0
3.46694e+06	0
3.46704e+06	0
3.46714e+06	0
3.46724e+06	0
3.46734e+06	0
3.46744e+06	0
3.46754e+06	0
3.46764e+06	0
3.46774e+06	0
3.46784e+06	0
3.46794e+06	0
3.46804e+06	0
3.46814e+06	0
3.46824e+06	0
3.46834e+06	0
3.46844e+06	0
3.46854e+06	0
3.46864e+06	0
3.46874e+06	0
3.46884e+06	0
3.46894e+06	0
3.46904e+06	0
3.46914e+06	0
3.46924e+06	0
3.46934e+06	0
3.46944e+06	0
3.46954e+06	0
3.46964e+06	0
3.46974e+06	0
3.46984e+06	0
3.46994e+06	0
3.47004e+06	0
3.47014e+06	0
3.47024e+06	0
3.47034e+06	0
3.47044e+06	0
3.47054e+06	0
3.47064e+06	0
3.47074e+06	0
3.47084e+06	0
3.47094e+06	0
3.47104e+06	0
3.47114e+06	0
3.47124e+06	0
3.47134e+06	0
3.47144e+06	0
3.47154e+06	0
3.47164e+06	0
3.47174e+06	0
3.47184e+06	0
3.47194e+06	0
3.47204e+06	0
3.47214e+06	0
3.47224e+06	0
3.47234e+06	0
3.47244e+06	0
3.47254e+06	0
3.47264e+06	0
3.47274e+06	0
3.47284e+06	0
3.47294e+06	0
3.47304e+06	0
3.47314e+06	0
3.47324e+06	0
3.47334e+06	0
3.47344e+06	0
3.47354e+06	0
3.47364e+06	0
3.47374e+06	0
3.47384e+06	0
3.47394e+06	0
3.47404e+06	0
3.47414e+06	0
3.47424e+06	0
3.47434e+06	0
3.47444e+06	0
3.47454e+06	0
3.47464e+06	0
3.47474e+06	0
3.47484e+06	0
3.47494e+06	0
3.47504e+06	0
3.47514e+06	0
3.47524e+06	0
3.47534e+06	0
3.47544e+06	0
3.47554e+06	0
3.47564e+06	0
3.47574e+06	0
3.47584e+06	0
3.47594e+06	0
3.47604e+06	0
3.47614e+06	0
3.47624e+06	0
3.47634e+06	0
3.47644e+06	0
3.47654e+06	0
3.47664e+06	0
3.47674e+06	0
3.47684e+06	0
3.47694e+06	0
3.47704e+06	0
3.47714e+06	0
3.47724e+06	0
3.47734e+06	0
3.47744e+06	0
3.47754e+06	0
3.47764e+06	0
3.47774e+06	0
3.47784e+06	0
3.47794e+06	0
3.47804e+06	0
3.47814e+06	0
3.47824e+06	0
3.47834e+06	0
3.47844e+06	0
3.47854e+06	0
3.47864e+06	0
3.47874e+06	0
3.47884e+06	0
3.47894e+06	0
3.47904e+06	0
3.47914e+06	0
3.47924e+06	0
3.47934e+06	0
3.47944e+06	0
3.47954e+06	0
3.47964e+06	0
3.47974e+06	0
3.47984e+06	0
3.47994e+06	0
3.48004e+06	0
3.48014e+06	0
3.48024e+06	0
3.48034e+06	0
3.48044e+06	0
3.48054e+06	0
3.48064e+06	0
3.48074e+06	0
3.48084e+06	0
3.48094e+06	0
3.48104e+06	0
3.48114e+06	0
3.48124e+06	0
3.48134e+06	0
3.48144e+06	0
3.48154e+06	0
3.48164e+06	0
3.48174e+06	0
3.48184e+06	0
3.48194e+06	0
3.48204e+06	0
3.48214e+06	0
3.48224e+06	0
3.48234e+06	0
3.48244e+06	0
3.48254e+06	0
3.48264e+06	0
3.48274e+06	0
3.48284e+06	0
3.48294e+06	0
3.48304e+06	0
3.48314e+06	0
3.48324e+06	0
3.48334e+06	0
3.48344e+06	0
3.48354e+06	0
3.48364e+06	0
3.48374e+06	0
3.48384e+06	0
3.48394e+06	0
3.48404e+06	0
3.48414e+06	0
3.48424e+06	0
3.48434e+06	0
3.48444e+06	0
3.48454e+06	0
3.48464e+06	0
3.48474e+06	0
3.48484e+06	0
3.48494e+06	0
3.48504e+06	0
3.48514e+06	0
3.48524e+06	0
3.48534e+06	0
3.48544e+06	0
3.48554e+06	0
3.48564e+06	0
3.48574e+06	0
3.48584e+06	0
3.48594e+06	0
3.48604e+06	0
3.48614e+06	0
3.48624e+06	0
3.48634e+06	0
3.48644e+06	0
3.48654e+06	0
3.48664e+06	0
3.48674e+06	0
3.48684e+06	0
3.48694e+06	0
3.48704e+06	0
3.48714e+06	0
3.48724e+06	0
3.48734e+06	0
3.48744e+06	0
3.48754e+06	0
3.48764e+06	0
3.48774e+06	0
3.48784e+06	0
3.48794e+06	0
3.48804e+06	0
3.48814e+06	0
3.48824e+06	0
3.48834e+06	0
3.48844e+06	0
3.48854e+06	0
3.48864e+06	0
3.48874e+06	0
3.48884e+06	0
3.48894e+06	0
3.48904e+06	0
3.48914e+06	0
3.48924e+06	0
3.48934e+06	0
3.48944e+06	0
3.48954e+06	0
3.48964e+06	0
3.48974e+06	0
3.48984e+06	0
3.48994e+06	0
3.49004e+06	0
3.49014e+06	0
3.49024e+06	0
3.49034e+06	0
3.49044e+06	0
3.49054e+06	0
3.49064e+06	0
3.49074e+06	0
3.49084e+06	0
3.49094e+06	0
3.49104e+06	0
3.49114e+06	0
3.49124e+06	0
3.49134e+06	0
3.49144e+06	0
3.49154e+06	0
3.49164e+06	0
3.49174e+06	0
3.49184e+06	0
3.49194e+06	0
3.49204e+06	0
3.49214e+06	0
3.49224e+06	0
3.49234e+06	0
3.49244e+06	0
3.49254e+06	0
3.49264e+06	0
3.49274e+06	0
3.49284e+06	0
3.49294e+06	0
3.49304e+06	0
3.49314e+06	0
3.49324e+06	0
3.49334e+06	0
3.49344e+06	0
3.49354e+06	0
3.49364e+06	0
3.49374e+06	0
3.49384e+06	0
3.49394e+06	0
3.49404e+06	0
3.49414e+06	0
3.49424e+06	0
3.49434e+06	0
3.49444e+06	0
3.49454e+06	0
3.49464e+06	0
3.49474e+06	0
3.49484e+06	0
3.49494e+06	0
3.49504e+06	0
3.49514e+06	0
3.49524e+06	0
3.49534e+06	0
3.49544e+06	0
3.49554e+06	0
3.49564e+06	0
3.49574e+06	0
3.49584e+06	0
3.49594e+06	0
3.49604e+06	0
3.49614e+06	0
3.49624e+06	0
3.49634e+06	0
3.49644e+06	0
3.49654e+06	0
3.49664e+06	0
3.49674e+06	0
3.49684e+06	0
3.49694e+06	0
3.49704e+06	0
3.49714e+06	0
3.49724e+06	0
3.49734e+06	0
3.49744e+06	0
3.49754e+06	0
3.49764e+06	0
3.49774e+06	0
3.49784e+06	0
3.49794e+06	0
3.49804e+06	0
3.49814e+06	0
3.49824e+06	0
3.49834e+06	0
3.49844e+06	0
3.49854e+06	0
3.49864e+06	0
3.49874e+06	0
3.49884e+06	0
3.49894e+06	0
3.49904e+06	0
3.49914e+06	0
3.49924e+06	0
3.49934e+06	0
3.49944e+06	0
3.49954e+06	0
3.49964e+06	0
3.49974e+06	0
3.49984e+06	0
3.49994e+06	0
3.50004e+06	0
3.50014e+06	0
3.50024e+06	0
3.50034e+06	0
3.50044e+06	0
3.50054e+06	0
3.50064e+06	0
3.50074e+06	0
3.50084e+06	0
3.50094e+06	0
3.50104e+06	0
3.50114e+06	0
3.50124e+06	0
3.50134e+06	0
3.50144e+06	0
3.50154e+06	0
3.50164e+06	0
3.50174e+06	0
3.50184e+06	0
3.50194e+06	0
3.50204e+06	0
3.50214e+06	0
3.50224e+06	0
3.50234e+06	0
3.50244e+06	0
3.50254e+06	0
3.50264e+06	0
3.50274e+06	0
3.50284e+06	0
3.50294e+06	0
3.50304e+06	0
3.50314e+06	0
3.50324e+06	0
3.50334e+06	0
3.50344e+06	0
3.50354e+06	0
3.50364e+06	0
3.50374e+06	0
3.50384e+06	0
3.50394e+06	0
3.50404e+06	0
3.50414e+06	0
3.50424e+06	0
3.50434e+06	0
3.50444e+06	0
3.50454e+06	0
3.50464e+06	0
3.50474e+06	0
3.50484e+06	0
3.50494e+06	0
3.50504e+06	0
3.50514e+06	0
3.50524e+06	0
3.50534e+06	0
3.50544e+06	0
3.50554e+06	0
3.50564e+06	0
3.50574e+06	0
3.50584e+06	0
3.50594e+06	0
3.50604e+06	0
3.50614e+06	0
3.50624e+06	0
3.50634e+06	0
3.50644e+06	0
3.50654e+06	0
3.50664e+06	0
3.50674e+06	0
3.50684e+06	0
3.50694e+06	0
3.50704e+06	0
3.50714e+06	0
3.50724e+06	0
3.50734e+06	0
3.50744e+06	0
3.50754e+06	0
3.50764e+06	0
3.50774e+06	0
3.50784e+06	0
3.50794e+06	0
3.50804e+06	0
3.50814e+06	0
3.50824e+06	0
3.50834e+06	0
3.50844e+06	0
3.50854e+06	0
3.50864e+06	0
3.50874e+06	0
3.50884e+06	0
3.50894e+06	0
3.50904e+06	0
3.50914e+06	0
3.50924e+06	0
3.50934e+06	0
3.50944e+06	0
3.50954e+06	0
3.50964e+06	0
3.50974e+06	0
3.50984e+06	0
3.50994e+06	0
3.51004e+06	0
3.51014e+06	0
3.51024e+06	0
3.51034e+06	0
3.51044e+06	0
3.51054e+06	0
3.51064e+06	0
3.51074e+06	0
3.51084e+06	0
3.51094e+06	0
3.51104e+06	0
3.51114e+06	0
3.51124e+06	0
3.51134e+06	0
3.51144e+06	0
3.51154e+06	0
3.51164e+06	0
3.51174e+06	0
3.51184e+06	0
3.51194e+06	0
3.51204e+06	0
3.51214e+06	0
3.51224e+06	0
3.51234e+06	0
3.51244e+06	0
3.51254e+06	0
3.51264e+06	0
3.51274e+06	0
3.51284e+06	0
3.51294e+06	0
3.51304e+06	0
3.51314e+06	0
3.51324e+06	0
3.51334e+06	0
3.51344e+06	0
3.51354e+06	0
3.51364e+06	0
3.51374e+06	0
3.51384e+06	0
3.51394e+06	0
3.51404e+06	0
3.51414e+06	0
3.51424e+06	0
3.51434e+06	0
3.51444e+06	0
3.51454e+06	0
3.51464e+06	0
3.51474e+06	0
3.51484e+06	0
3.51494e+06	0
3.51504e+06	0
3.51514e+06	0
3.51524e+06	0
3.51534e+06	0
3.51544e+06	0
3.51554e+06	0
3.51564e+06	0
3.51574e+06	0
3.51584e+06	0
3.51594e+06	0
3.51604e+06	0
3.51614e+06	0
3.51624e+06	0
3.51634e+06	0
3.51644e+06	0
3.51654e+06	0
3.51664e+06	0
3.51674e+06	0
3.51684e+06	0
3.51694e+06	0
3.51704e+06	0
3.51714e+06	0
3.51724e+06	0
3.51734e+06	0
3.51744e+06	0
3.51754e+06	0
3.51764e+06	0
3.51774e+06	0
3.51784e+06	0
3.51794e+06	0
3.51804e+06	0
3.51814e+06	0
3.51824e+06	0
3.51834e+06	0
3.51844e+06	0
3.51854e+06	0
3.51864e+06	0
3.51874e+06	0
3.51884e+06	0
3.51894e+06	0
3.51904e+06	0
3.51914e+06	0
3.51924e+06	0
3.51934e+06	0
3.51944e+06	0
3.51954e+06	0
3.51964e+06	0
3.51974e+06	0
3.51984e+06	0
3.51994e+06	0
3.52004e+06	0
3.52014e+06	0
3.52024e+06	0
3.52034e+06	0
3.52044e+06	0
3.52054e+06	0
3.52064e+06	0
3.52074e+06	0
3.52084e+06	0
3.52094e+06	0
3.52104e+06	0
3.52114e+06	0
3.52124e+06	0
3.52134e+06	0
3.52144e+06	0
3.52154e+06	0
3.52164e+06	0
3.52174e+06	0
3.52184e+06	0
3.52194e+06	0
3.52204e+06	0
3.52214e+06	0
3.52224e+06	0
3.52234e+06	0
3.52244e+06	0
3.52254e+06	0
3.52264e+06	0
3.52274e+06	0
3.52284e+06	0
3.52294e+06	0
3.52304e+06	0
3.52314e+06	0
3.52324e+06	0
3.52334e+06	0
3.52344e+06	0
3.52354e+06	0
3.52364e+06	0
3.52374e+06	0
3.52384e+06	0
3.52394e+06	0
3.52404e+06	0
3.52414e+06	0
3.52424e+06	0
3.52434e+06	0
3.52444e+06	0
3.52454e+06	0
3.52464e+06	0
3.52474e+06	0
3.52484e+06	0
3.52494e+06	0
3.52504e+06	0
3.52514e+06	0
3.52524e+06	0
3.52534e+06	0
3.52544e+06	0
3.52554e+06	0
3.52564e+06	0
3.52574e+06	0
3.52584e+06	0
3.52594e+06	0
3.52604e+06	0
3.52614e+06	0
3.52624e+06	0
3.52634e+06	0
3.52644e+06	0
3.52654e+06	0
3.52664e+06	0
3.52674e+06	0
3.52684e+06	0
3.52694e+06	0
3.52704e+06	0
3.52714e+06	0
3.52724e+06	0
3.52734e+06	0
3.52744e+06	0
3.52754e+06	0
3.52764e+06	0
3.52774e+06	0
3.52784e+06	0
3.52794e+06	0
3.52804e+06	0
3.52814e+06	0
3.52824e+06	0
3.52834e+06	0
3.52844e+06	0
3.52854e+06	0
3.52864e+06	0
3.52874e+06	0
3.52884e+06	0
3.52894e+06	0
3.52904e+06	0
3.52914e+06	0
3.52924e+06	0
3.52934e+06	0
3.52944e+06	0
3.52954e+06	0
3.52964e+06	0
3.52974e+06	0
3.52984e+06	0
3.52994e+06	0
3.53004e+06	0
3.53014e+06	0
3.53024e+06	0
3.53034e+06	0
3.53044e+06	0
3.53054e+06	0
3.53064e+06	0
3.53074e+06	0
3.53084e+06	0
3.53094e+06	0
3.53104e+06	0
3.53114e+06	0
3.53124e+06	0
3.53134e+06	0
3.53144e+06	0
3.53154e+06	0
3.53164e+06	0
3.53174e+06	0
3.53184e+06	0
3.53194e+06	0
3.53204e+06	0
3.53214e+06	0
3.53224e+06	0
3.53234e+06	0
3.53244e+06	0
3.53254e+06	0
3.53264e+06	0
3.53274e+06	0
3.53284e+06	0
3.53294e+06	0
3.53304e+06	0
3.53314e+06	0
3.53324e+06	0
3.53334e+06	0
3.53344e+06	0
3.53354e+06	0
3.53364e+06	0
3.53374e+06	0
3.53384e+06	0
3.53394e+06	0
3.53404e+06	0
3.53414e+06	0
3.53424e+06	0
3.53434e+06	0
3.53444e+06	0
3.53454e+06	0
3.53464e+06	0
3.53474e+06	0
3.53484e+06	0
3.53494e+06	0
3.53504e+06	0
3.53514e+06	0
3.53524e+06	0
3.53534e+06	0
3.53544e+06	0
3.53554e+06	0
3.53564e+06	0
3.53574e+06	0
3.53584e+06	0
3.53594e+06	0
3.53604e+06	0
3.53614e+06	0
3.53624e+06	0
3.53634e+06	0
3.53644e+06	0
3.53654e+06	0
3.53664e+06	0
3.53674e+06	0
3.53684e+06	0
3.53694e+06	0
3.53704e+06	0
3.53714e+06	0
3.53724e+06	0
3.53734e+06	0
3.53744e+06	0
3.53754e+06	0
3.53764e+06	0
3.53774e+06	0
3.53784e+06	0
3.53794e+06	0
3.53804e+06	0
3.53814e+06	0
3.53824e+06	0
3.53834e+06	0
3.53844e+06	0
3.53854e+06	0
3.53864e+06	0
3.53874e+06	0
3.53884e+06	0
3.53894e+06	0
3.53904e+06	0
3.53914e+06	0
3.53924e+06	0
3.53934e+06	0
3.53944e+06	0
3.53954e+06	0
3.53964e+06	0
3.53974e+06	0
3.53984e+06	0
3.53994e+06	0
3.54004e+06	0
3.54014e+06	0
3.54024e+06	0
3.54034e+06	0
3.54044e+06	0
3.54054e+06	0
3.54064e+06	0
3.54074e+06	0
3.54084e+06	0
3.54094e+06	0
3.54104e+06	0
3.54114e+06	0
3.54124e+06	0
3.54134e+06	0
3.54144e+06	0
3.54154e+06	0
3.54164e+06	0
3.54174e+06	0
3.54184e+06	0
3.54194e+06	0
3.54204e+06	0
3.54214e+06	0
3.54224e+06	0
3.54234e+06	0
3.54244e+06	0
3.54254e+06	0
3.54264e+06	0
3.54274e+06	0
3.54284e+06	0
3.54294e+06	0
3.54304e+06	0
3.54314e+06	0
3.54324e+06	0
3.54334e+06	0
3.54344e+06	0
3.54354e+06	0
3.54364e+06	0
3.54374e+06	0
3.54384e+06	0
3.54394e+06	0
3.54404e+06	0
3.54414e+06	0
3.54424e+06	0
3.54434e+06	0
3.54444e+06	0
3.54454e+06	0
3.54464e+06	0
3.54474e+06	0
3.54484e+06	0
3.54494e+06	0
3.54504e+06	0
3.54514e+06	0
3.54524e+06	0
3.54534e+06	0
3.54544e+06	0
3.54554e+06	0
3.54564e+06	0
3.54574e+06	0
3.54584e+06	0
3.54594e+06	0
3.54604e+06	0
3.54614e+06	0
3.54624e+06	0
3.54634e+06	0
3.54644e+06	0
3.54654e+06	0
3.54664e+06	0
3.54674e+06	0
3.54684e+06	0
3.54694e+06	0
3.54704e+06	0
3.54714e+06	0
3.54724e+06	0
3.54734e+06	0
3.54744e+06	0
3.54754e+06	0
3.54764e+06	0
3.54774e+06	0
3.54784e+06	0
3.54794e+06	0
3.54804e+06	0
3.54814e+06	0
3.54824e+06	0
3.54834e+06	0
3.54844e+06	0
3.54854e+06	0
3.54864e+06	0
3.54874e+06	0
3.54884e+06	0
3.54894e+06	0
3.54904e+06	0
3.54914e+06	0
3.54924e+06	0
3.54934e+06	0
3.54944e+06	0
3.54954e+06	0
3.54964e+06	0
3.54974e+06	0
3.54984e+06	0
3.54994e+06	0
3.55004e+06	0
3.55014e+06	0
3.55024e+06	0
3.55034e+06	0
3.55044e+06	0
3.55054e+06	0
3.55064e+06	0
3.55074e+06	0
3.55084e+06	0
3.55094e+06	0
3.55104e+06	0
3.55114e+06	0
3.55124e+06	0
3.55134e+06	0
3.55144e+06	0
3.55154e+06	0
3.55164e+06	0
3.55174e+06	0
3.55184e+06	0
3.55194e+06	0
3.55204e+06	0
3.55214e+06	0
3.55224e+06	0
3.55234e+06	0
3.55244e+06	0
3.55254e+06	0
3.55264e+06	0
3.55274e+06	0
3.55284e+06	0
3.55294e+06	0
3.55304e+06	0
3.55314e+06	0
3.55324e+06	0
3.55334e+06	0
3.55344e+06	0
3.55354e+06	0
3.55364e+06	0
3.55374e+06	0
3.55384e+06	0
3.55394e+06	0
3.55404e+06	0
3.55414e+06	0
3.55424e+06	0
3.55434e+06	0
3.55444e+06	0
3.55454e+06	0
3.55464e+06	0
3.55474e+06	0
3.55484e+06	0
3.55494e+06	0
3.55504e+06	0
3.55514e+06	0
3.55524e+06	0
3.55534e+06	0
3.55544e+06	0
3.55554e+06	0
3.55564e+06	0
3.55574e+06	0
3.55584e+06	0
3.55594e+06	0
3.55604e+06	0
3.55614e+06	0
3.55624e+06	0
3.55634e+06	0
3.55644e+06	0
3.55654e+06	0
3.55664e+06	0
3.55674e+06	0
3.55684e+06	0
3.55694e+06	0
3.55704e+06	0
3.55714e+06	0
3.55724e+06	0
3.55734e+06	0
3.55744e+06	0
3.55754e+06	0
3.55764e+06	0
3.55774e+06	0
3.55784e+06	0
3.55794e+06	0
3.55804e+06	0
3.55814e+06	0
3.55824e+06	0
3.55834e+06	0
3.55844e+06	0
3.55854e+06	0
3.55864e+06	0
3.55874e+06	0
3.55884e+06	0
3.55894e+06	0
3.55904e+06	0
3.55914e+06	0
3.55924e+06	0
3.55934e+06	0
3.55944e+06	0
3.55954e+06	0
3.55964e+06	0
3.55974e+06	0
3.55984e+06	0
3.55994e+06	0
3.56004e+06	0
3.56014e+06	0
3.56024e+06	0
3.56034e+06	0
3.56044e+06	0
3.56054e+06	0
3.56064e+06	0
3.56074e+06	0
3.56084e+06	0
3.56094e+06	0
3.56104e+06	0
3.56114e+06	0
3.56124e+06	0
3.56134e+06	0
3.56144e+06	0
3.56154e+06	0
3.56164e+06	0
3.56174e+06	0
3.56184e+06	0
3.56194e+06	0
3.56204e+06	0
3.56214e+06	0
3.56224e+06	0
3.56234e+06	0
3.56244e+06	0
3.56254e+06	0
3.56264e+06	0
3.56274e+06	0
3.56284e+06	0
3.56294e+06	0
3.56304e+06	0
3.56314e+06	0
3.56324e+06	0
3.56334e+06	0
3.56344e+06	0
3.56354e+06	0
3.56364e+06	0
3.56374e+06	0
3.56384e+06	0
3.56394e+06	0
3.56404e+06	0
3.56414e+06	0
3.56424e+06	0
3.56434e+06	0
3.56444e+06	0
3.56454e+06	0
3.56464e+06	0
3.56474e+06	0
3.56484e+06	0
3.56494e+06	0
3.56504e+06	0
3.56514e+06	0
3.56524e+06	0
3.56534e+06	0
3.56544e+06	0
3.56554e+06	0
3.56564e+06	0
3.56574e+06	0
3.56584e+06	0
3.56594e+06	0
3.56604e+06	0
3.56614e+06	0
3.56624e+06	0
3.56634e+06	0
3.56644e+06	0
3.56654e+06	0
3.56664e+06	0
3.56674e+06	0
3.56684e+06	0
3.56694e+06	0
3.56704e+06	0
3.56714e+06	0
3.56724e+06	0
3.56734e+06	0
3.56744e+06	0
3.56754e+06	0
3.56764e+06	0
3.56774e+06	0
3.56784e+06	0
3.56794e+06	0
3.56804e+06	0
3.56814e+06	0
3.56824e+06	0
3.56834e+06	0
3.56844e+06	0
3.56854e+06	0
3.56864e+06	0
3.56874e+06	0
3.56884e+06	0
3.56894e+06	0
3.56904e+06	0
3.56914e+06	0
3.56924e+06	0
3.56934e+06	0
3.56944e+06	0
3.56954e+06	0
3.56964e+06	0
3.56974e+06	0
3.56984e+06	0
3.56994e+06	0
3.57004e+06	0
3.57014e+06	0
3.57024e+06	0
3.57034e+06	0
3.57044e+06	0
3.57054e+06	0
3.57064e+06	0
3.57074e+06	0
3.57084e+06	0
3.57094e+06	0
3.57104e+06	0
3.57114e+06	0
3.57124e+06	0
3.57134e+06	0
3.57144e+06	0
3.57154e+06	0
3.57164e+06	0
3.57174e+06	0
3.57184e+06	0
3.57194e+06	0
3.57204e+06	0
3.57214e+06	0
3.57224e+06	0
3.57234e+06	0
3.57244e+06	0
3.57254e+06	0
3.57264e+06	0
3.57274e+06	0
3.57284e+06	0
3.57294e+06	0
3.57304e+06	0
3.57314e+06	0
3.57324e+06	0
3.57334e+06	0
3.57344e+06	0
3.57354e+06	0
3.57364e+06	0
3.57374e+06	0
3.57384e+06	0
3.57394e+06	0
3.57404e+06	0
3.57414e+06	0
3.57424e+06	0
3.57434e+06	0
3.57444e+06	0
3.57454e+06	0
3.57464e+06	0
3.57474e+06	0
3.57484e+06	0
3.57494e+06	0
3.57504e+06	0
3.57514e+06	0
3.57524e+06	0
3.57534e+06	0
3.57544e+06	0
3.57554e+06	0
3.57564e+06	0
3.57574e+06	0
3.57584e+06	0
3.57594e+06	0
3.57604e+06	0
3.57614e+06	0
3.57624e+06	0
3.57634e+06	0
3.57644e+06	0
3.57654e+06	0
3.57664e+06	0
3.57674e+06	0
3.57684e+06	0
3.57694e+06	0
3.57704e+06	0
3.57714e+06	0
3.57724e+06	0
3.57734e+06	0
3.57744e+06	0
3.57754e+06	0
3.57764e+06	0
3.57774e+06	0
3.57784e+06	0
3.57794e+06	0
3.57804e+06	0
3.57814e+06	0
3.57824e+06	0
3.57834e+06	0
3.57844e+06	0
3.57854e+06	0
3.57864e+06	0
3.57874e+06	0
3.57884e+06	0
3.57894e+06	0
3.57904e+06	0
3.57914e+06	0
3.57924e+06	0
3.57934e+06	0
3.57944e+06	0
3.57954e+06	0
3.57964e+06	0
3.57974e+06	0
3.57984e+06	0
3.57994e+06	0
3.58004e+06	0
3.58014e+06	0
3.58024e+06	0
3.58034e+06	0
3.58044e+06	0
3.58054e+06	0
3.58064e+06	0
3.58074e+06	0
3.58084e+06	0
3.58094e+06	0
3.58104e+06	0
3.58114e+06	0
3.58124e+06	0
3.58134e+06	0
3.58144e+06	0
3.58154e+06	0
3.58164e+06	0
3.58174e+06	0
3.58184e+06	0
3.58194e+06	0
3.58204e+06	0
3.58214e+06	0
3.58224e+06	0
3.58234e+06	0
3.58244e+06	0
3.58254e+06	0
3.58264e+06	0
3.58274e+06	0
3.58284e+06	0
3.58294e+06	0
3.58304e+06	0
3.58314e+06	0
3.58324e+06	0
3.58334e+06	0
3.58344e+06	0
3.58354e+06	0
3.58364e+06	0
3.58374e+06	0
3.58384e+06	0
3.58394e+06	0
3.58404e+06	0
3.58414e+06	0
3.58424e+06	0
3.58434e+06	0
3.58444e+06	0
3.58454e+06	0
3.58464e+06	0
3.58474e+06	0
3.58484e+06	0
3.58494e+06	0
3.58504e+06	0
3.58514e+06	0
3.58524e+06	0
3.58534e+06	0
3.58544e+06	0
3.58554e+06	0
3.58564e+06	0
3.58574e+06	0
3.58584e+06	0
3.58594e+06	0
3.58604e+06	0
3.58614e+06	0
3.58624e+06	0
3.58634e+06	0
3.58644e+06	0
3.58654e+06	0
3.58664e+06	0
3.58674e+06	0
3.58684e+06	0
3.58694e+06	0
3.58704e+06	0
3.58714e+06	0
3.58724e+06	0
3.58734e+06	0
3.58744e+06	0
3.58754e+06	0
3.58764e+06	0
3.58774e+06	0
3.58784e+06	0
3.58794e+06	0
3.58804e+06	0
3.58814e+06	0
3.58824e+06	0
3.58834e+06	0
3.58844e+06	0
3.58854e+06	0
3.58864e+06	0
3.58874e+06	0
3.58884e+06	0
3.58894e+06	0
3.58904e+06	0
3.58914e+06	0
3.58924e+06	0
3.58934e+06	0
3.58944e+06	0
3.58954e+06	0
3.58964e+06	0
3.58974e+06	0
3.58984e+06	0
3.58994e+06	0
3.59004e+06	0
3.59014e+06	0
3.59024e+06	0
3.59034e+06	0
3.59044e+06	0
3.59054e+06	0
3.59064e+06	0
3.59074e+06	0
3.59084e+06	0
3.59094e+06	0
3.59104e+06	0
3.59114e+06	0
3.59124e+06	0
3.59134e+06	0
3.59144e+06	0
3.59154e+06	0
3.59164e+06	0
3.59174e+06	0
3.59184e+06	0
3.59194e+06	0
3.59204e+06	0
3.59214e+06	0
3.59224e+06	0
3.59234e+06	0
3.59244e+06	0
3.59254e+06	0
3.59264e+06	0
3.59274e+06	0
3.59284e+06	0
3.59294e+06	0
3.59304e+06	0
3.59314e+06	0
3.59324e+06	0
3.59334e+06	0
3.59344e+06	0
3.59354e+06	0
3.59364e+06	0
3.59374e+06	0
3.59384e+06	0
3.59394e+06	0
3.59404e+06	0
3.59414e+06	0
3.59424e+06	0
3.59434e+06	0
3.59444e+06	0
3.59454e+06	0
3.59464e+06	0
3.59474e+06	0
3.59484e+06	0
3.59494e+06	0
3.59504e+06	0
3.59514e+06	0
3.59524e+06	0
3.59534e+06	0
3.59544e+06	0
3.59554e+06	0
3.59564e+06	0
3.59574e+06	0
3.59584e+06	0
3.59594e+06	0
3.59604e+06	0
3.59614e+06	0
3.59624e+06	0
3.59634e+06	0
3.59644e+06	0
3.59654e+06	0
3.59664e+06	0
3.59674e+06	0
3.59684e+06	0
3.59694e+06	0
3.59704e+06	0
3.59714e+06	0
3.59724e+06	0
3.59734e+06	0
3.59744e+06	0
3.59754e+06	0
3.59764e+06	0
3.59774e+06	0
3.59784e+06	0
3.59794e+06	0
3.59804e+06	0
3.59814e+06	0
3.59824e+06	0
3.59834e+06	0
3.59844e+06	0
3.59854e+06	0
3.59864e+06	0
3.59874e+06	0
3.59884e+06	0
3.59894e+06	0
3.59904e+06	0
3.59914e+06	0
3.59924e+06	0
3.59934e+06	0
3.59944e+06	0
3.59954e+06	0
3.59964e+06	0
3.59974e+06	0
3.59984e+06	0
3.59994e+06	0
3.60004e+06	0
3.60014e+06	0
3.60024e+06	0
3.60034e+06	0
3.60044e+06	0
3.60054e+06	0
3.60064e+06	0
3.60074e+06	0
3.60084e+06	0
3.60094e+06	0
3.60104e+06	0
3.60114e+06	0
3.60124e+06	0
3.60134e+06	0
3.60144e+06	0
3.60154e+06	0
3.60164e+06	0
3.60174e+06	0
3.60184e+06	0
3.60194e+06	0
3.60204e+06	0
3.60214e+06	0
3.60224e+06	0
3.60234e+06	0
3.60244e+06	0
3.60254e+06	0
3.60264e+06	0
3.60274e+06	0
3.60284e+06	0
3.60294e+06	0
3.60304e+06	0
3.60314e+06	0
3.60324e+06	0
3.60334e+06	0
3.60344e+06	0
3.60354e+06	0
3.60364e+06	0
3.60374e+06	0
3.60384e+06	0
3.60394e+06	0
3.60404e+06	0
3.60414e+06	0
3.60424e+06	0
3.60434e+06	0
3.60444e+06	0
3.60454e+06	0
3.60464e+06	0
3.60474e+06	0
3.60484e+06	0
3.60494e+06	0
3.60504e+06	0
3.60514e+06	0
3.60524e+06	0
3.60534e+06	0
3.60544e+06	0
3.60554e+06	0
3.60564e+06	0
3.60574e+06	0
3.60584e+06	0
3.60594e+06	0
3.60604e+06	0
3.60614e+06	0
3.60624e+06	0
3.60634e+06	0
3.60644e+06	0
3.60654e+06	0
3.60664e+06	0
3.60674e+06	0
3.60684e+06	0
3.60694e+06	0
3.60704e+06	0
3.60714e+06	0
3.60724e+06	0
3.60734e+06	0
3.60744e+06	0
3.60754e+06	0
3.60764e+06	0
3.60774e+06	0
3.60784e+06	0
3.60794e+06	0
3.60804e+06	0
3.60814e+06	0
3.60824e+06	0
3.60834e+06	0
3.60844e+06	0
3.60854e+06	0
3.60864e+06	0
3.60874e+06	0
3.60884e+06	0
3.60894e+06	0
3.60904e+06	0
3.60914e+06	0
3.60924e+06	0
3.60934e+06	0
3.60944e+06	0
3.60954e+06	0
3.60964e+06	0
3.60974e+06	0
3.60984e+06	0
3.60994e+06	0
3.61004e+06	0
3.61014e+06	0
3.61024e+06	0
3.61034e+06	0
3.61044e+06	0
3.61054e+06	0
3.61064e+06	0
3.61074e+06	0
3.61084e+06	0
3.61094e+06	0
3.61104e+06	0
3.61114e+06	0
3.61124e+06	0
3.61134e+06	0
3.61144e+06	0
3.61154e+06	0
3.61164e+06	0
3.61174e+06	0
3.61184e+06	0
3.61194e+06	0
3.61204e+06	0
3.61214e+06	0
3.61224e+06	0
3.61234e+06	0
3.61244e+06	0
3.61254e+06	0
3.61264e+06	0
3.61274e+06	0
3.61284e+06	0
3.61294e+06	0
3.61304e+06	0
3.61314e+06	0
3.61324e+06	0
3.61334e+06	0
3.61344e+06	0
3.61354e+06	0
3.61364e+06	0
3.61374e+06	0
3.61384e+06	0
3.61394e+06	0
3.61404e+06	0
3.61414e+06	0
3.61424e+06	0
3.61434e+06	0
3.61444e+06	0
3.61454e+06	0
3.61464e+06	0
3.61474e+06	0
3.61484e+06	0
3.61494e+06	0
3.61504e+06	0
3.61514e+06	0
3.61524e+06	0
3.61534e+06	0
3.61544e+06	0
3.61554e+06	0
3.61564e+06	0
3.61574e+06	0
3.61584e+06	0
3.61594e+06	0
3.61604e+06	0
3.61614e+06	0
3.61624e+06	0
3.61634e+06	0
3.61644e+06	0
3.61654e+06	0
3.61664e+06	0
3.61674e+06	0
3.61684e+06	0
3.61694e+06	0
3.61704e+06	0
3.61714e+06	0
3.61724e+06	0
3.61734e+06	0
3.61744e+06	0
3.61754e+06	0
3.61764e+06	0
3.61774e+06	0
3.61784e+06	0
3.61794e+06	0
3.61804e+06	0
3.61814e+06	0
3.61824e+06	0
3.61834e+06	0
3.61844e+06	0
3.61854e+06	0
3.61864e+06	0
3.61874e+06	0
3.61884e+06	0
3.61894e+06	0
3.61904e+06	0
3.61914e+06	0
3.61924e+06	0
3.61934e+06	0
3.61944e+06	0
3.61954e+06	0
3.61964e+06	0
3.61974e+06	0
3.61984e+06	0
3.61994e+06	0
3.62004e+06	0
3.62014e+06	0
3.62024e+06	0
3.62034e+06	0
3.62044e+06	0
3.62054e+06	0
3.62064e+06	0
3.62074e+06	0
3.62084e+06	0
3.62094e+06	0
3.62104e+06	0
3.62114e+06	0
3.62124e+06	0
3.62134e+06	0
3.62144e+06	0
3.62154e+06	0
3.62164e+06	0
3.62174e+06	0
3.62184e+06	0
3.62194e+06	0
3.62204e+06	0
3.62214e+06	0
3.62224e+06	0
3.62234e+06	0
3.62244e+06	0
3.62254e+06	0
3.62264e+06	0
3.62274e+06	0
3.62284e+06	0
3.62294e+06	0
3.62304e+06	0
3.62314e+06	0
3.62324e+06	0
3.62334e+06	0
3.62344e+06	0
3.62354e+06	0
3.62364e+06	0
3.62374e+06	0
3.62384e+06	0
3.62394e+06	0
3.62404e+06	0
3.62414e+06	0
3.62424e+06	0
3.62434e+06	0
3.62444e+06	0
3.62454e+06	0
3.62464e+06	0
3.62474e+06	0
3.62484e+06	0
3.62494e+06	0
3.62504e+06	0
3.62514e+06	0
3.62524e+06	0
3.62534e+06	0
3.62544e+06	0
3.62554e+06	0
3.62564e+06	0
3.62574e+06	0
3.62584e+06	0
3.62594e+06	0
3.62604e+06	0
3.62614e+06	0
3.62624e+06	0
3.62634e+06	0
3.62644e+06	0
3.62654e+06	0
3.62664e+06	0
3.62674e+06	0
3.62684e+06	0
3.62694e+06	0
3.62704e+06	0
3.62714e+06	0
3.62724e+06	0
3.62734e+06	0
3.62744e+06	0
3.62754e+06	0
3.62764e+06	0
3.62774e+06	0
3.62784e+06	0
3.62794e+06	0
3.62804e+06	0
3.62814e+06	0
3.62824e+06	0
3.62834e+06	0
3.62844e+06	0
3.62854e+06	0
3.62864e+06	0
3.62874e+06	0
3.62884e+06	0
3.62894e+06	0
3.62904e+06	0
3.62914e+06	0
3.62924e+06	0
3.62934e+06	0
3.62944e+06	0
3.62954e+06	0
3.62964e+06	0
3.62974e+06	0
3.62984e+06	0
3.62994e+06	0
3.63004e+06	0
3.63014e+06	0
3.63024e+06	0
3.63034e+06	0
3.63044e+06	0
3.63054e+06	0
3.63064e+06	0
3.63074e+06	0
3.63084e+06	0
3.63094e+06	0
3.63104e+06	0
3.63114e+06	0
3.63124e+06	0
3.63134e+06	0
3.63144e+06	0
3.63154e+06	0
3.63164e+06	0
3.63174e+06	0
3.63184e+06	0
3.63194e+06	0
3.63204e+06	0
3.63214e+06	0
3.63224e+06	0
3.63234e+06	0
3.63244e+06	0
3.63254e+06	0
3.63264e+06	0
3.63274e+06	0
3.63284e+06	0
3.63294e+06	0
3.63304e+06	0
3.63314e+06	0
3.63324e+06	0
3.63334e+06	0
3.63344e+06	0
3.63354e+06	0
3.63364e+06	0
3.63374e+06	0
3.63384e+06	0
3.63394e+06	0
3.63404e+06	0
3.63414e+06	0
3.63424e+06	0
3.63434e+06	0
3.63444e+06	0
3.63454e+06	0
3.63464e+06	0
3.63474e+06	0
3.63484e+06	0
3.63494e+06	0
3.63504e+06	0
3.63514e+06	0
3.63524e+06	0
3.63534e+06	0
3.63544e+06	0
3.63554e+06	0
3.63564e+06	0
3.63574e+06	0
3.63584e+06	0
3.63594e+06	0
3.63604e+06	0
3.63614e+06	0
3.63624e+06	0
3.63634e+06	0
3.63644e+06	0
3.63654e+06	0
3.63664e+06	0
3.63674e+06	0
3.63684e+06	0
3.63694e+06	0
3.63704e+06	0
3.63714e+06	0
3.63724e+06	0
3.63734e+06	0
3.63744e+06	0
3.63754e+06	0
3.63764e+06	0
3.63774e+06	0
3.63784e+06	0
3.63794e+06	0
3.63804e+06	0
3.63814e+06	0
3.63824e+06	0
3.63834e+06	0
3.63844e+06	0
3.63854e+06	0
3.63864e+06	0
3.63874e+06	0
3.63884e+06	0
3.63894e+06	0
3.63904e+06	0
3.63914e+06	0
3.63924e+06	0
3.63934e+06	0
3.63944e+06	0
3.63954e+06	0
3.63964e+06	0
3.63974e+06	0
3.63984e+06	0
3.63994e+06	0
3.64004e+06	0
3.64014e+06	0
3.64024e+06	0
3.64034e+06	0
3.64044e+06	0
3.64054e+06	0
3.64064e+06	0
3.64074e+06	0
3.64084e+06	0
3.64094e+06	0
3.64104e+06	0
3.64114e+06	0
3.64124e+06	0
3.64134e+06	0
3.64144e+06	0
3.64154e+06	0
3.64164e+06	0
3.64174e+06	0
3.64184e+06	0
3.64194e+06	0
3.64204e+06	0
3.64214e+06	0
3.64224e+06	0
3.64234e+06	0
3.64244e+06	0
3.64254e+06	0
3.64264e+06	0
3.64274e+06	0
3.64284e+06	0
3.64294e+06	0
3.64304e+06	0
3.64314e+06	0
3.64324e+06	0
3.64334e+06	0
3.64344e+06	0
3.64354e+06	0
3.64364e+06	0
3.64374e+06	0
3.64384e+06	0
3.64394e+06	0
3.64404e+06	0
3.64414e+06	0
3.64424e+06	0
3.64434e+06	0
3.64444e+06	0
3.64454e+06	0
3.64464e+06	0
3.64474e+06	0
3.64484e+06	0
3.64494e+06	0
3.64504e+06	0
3.64514e+06	0
3.64524e+06	0
3.64534e+06	0
3.64544e+06	0
3.64554e+06	0
3.64564e+06	0
3.64574e+06	0
3.64584e+06	0
3.64594e+06	0
3.64604e+06	0
3.64614e+06	0
3.64624e+06	0
3.64634e+06	0
3.64644e+06	0
3.64654e+06	0
3.64664e+06	0
3.64674e+06	0
3.64684e+06	0
3.64694e+06	0
3.64704e+06	0
3.64714e+06	0
3.64724e+06	0
3.64734e+06	0
3.64744e+06	0
3.64754e+06	0
3.64764e+06	0
3.64774e+06	0
3.64784e+06	0
3.64794e+06	0
3.64804e+06	0
3.64814e+06	0
3.64824e+06	0
3.64834e+06	0
3.64844e+06	0
3.64854e+06	0
3.64864e+06	0
3.64874e+06	0
3.64884e+06	0
3.64894e+06	0
3.64904e+06	0
3.64914e+06	0
3.64924e+06	0
3.64934e+06	0
3.64944e+06	0
3.64954e+06	0
3.64964e+06	0
3.64974e+06	0
3.64984e+06	0
3.64994e+06	0
3.65004e+06	0
3.65014e+06	0
3.65024e+06	0
3.65034e+06	0
3.65044e+06	0
3.65054e+06	0
3.65064e+06	0
3.65074e+06	0
3.65084e+06	0
3.65094e+06	0
3.65104e+06	0
3.65114e+06	0
3.65124e+06	0
3.65134e+06	0
3.65144e+06	0
3.65154e+06	0
3.65164e+06	0
3.65174e+06	0
3.65184e+06	0
3.65194e+06	0
3.65204e+06	0
3.65214e+06	0
3.65224e+06	0
3.65234e+06	0
3.65244e+06	0
3.65254e+06	0
3.65264e+06	0
3.65274e+06	0
3.65284e+06	0
3.65294e+06	0
3.65304e+06	0
3.65314e+06	0
3.65324e+06	0
3.65334e+06	0
3.65344e+06	0
3.65354e+06	0
3.65364e+06	0
3.65374e+06	0
3.65384e+06	0
3.65394e+06	0
3.65404e+06	0
3.65414e+06	0
3.65424e+06	0
3.65434e+06	0
3.65444e+06	0
3.65454e+06	0
3.65464e+06	0
3.65474e+06	0
3.65484e+06	0
3.65494e+06	0
3.65504e+06	0
3.65514e+06	0
3.65524e+06	0
3.65534e+06	0
3.65544e+06	0
3.65554e+06	0
3.65564e+06	0
3.65574e+06	0
3.65584e+06	0
3.65594e+06	0
3.65604e+06	0
3.65614e+06	0
3.65624e+06	0
3.65634e+06	0
3.65644e+06	0
3.65654e+06	0
3.65664e+06	0
3.65674e+06	0
3.65684e+06	0
3.65694e+06	0
3.65704e+06	0
3.65714e+06	0
3.65724e+06	0
3.65734e+06	0
3.65744e+06	0
3.65754e+06	0
3.65764e+06	0
3.65774e+06	0
3.65784e+06	0
3.65794e+06	0
3.65804e+06	0
3.65814e+06	0
3.65824e+06	0
3.65834e+06	0
3.65844e+06	0
3.65854e+06	0
3.65864e+06	0
3.65874e+06	0
3.65884e+06	0
3.65894e+06	0
3.65904e+06	0
3.65914e+06	0
3.65924e+06	0
3.65934e+06	0
3.65944e+06	0
3.65954e+06	0
3.65964e+06	0
3.65974e+06	0
3.65984e+06	0
3.65994e+06	0
3.66004e+06	0
3.66014e+06	0
3.66024e+06	0
3.66034e+06	0
3.66044e+06	0
3.66054e+06	0
3.66064e+06	0
3.66074e+06	0
3.66084e+06	0
3.66094e+06	0
3.66104e+06	0
3.66114e+06	0
3.66124e+06	0
3.66134e+06	0
3.66144e+06	0
3.66154e+06	0
3.66164e+06	0
3.66174e+06	0
3.66184e+06	0
3.66194e+06	0
3.66204e+06	0
3.66214e+06	0
3.66224e+06	0
3.66234e+06	0
3.66244e+06	0
3.66254e+06	0
3.66264e+06	0
3.66274e+06	0
3.66284e+06	0
3.66294e+06	0
3.66304e+06	0
3.66314e+06	0
3.66324e+06	0
3.66334e+06	0
3.66344e+06	0
3.66354e+06	0
3.66364e+06	0
3.66374e+06	0
3.66384e+06	0
3.66394e+06	0
3.66404e+06	0
3.66414e+06	0
3.66424e+06	0
3.66434e+06	0
3.66444e+06	0
3.66454e+06	0
3.66464e+06	0
3.66474e+06	0
3.66484e+06	0
3.66494e+06	0
3.66504e+06	0
3.66514e+06	0
3.66524e+06	0
3.66534e+06	0
3.66544e+06	0
3.66554e+06	0
3.66564e+06	0
3.66574e+06	0
3.66584e+06	0
3.66594e+06	0
3.66604e+06	0
3.66614e+06	0
3.66624e+06	0
3.66634e+06	0
3.66644e+06	0
3.66654e+06	0
3.66664e+06	0
3.66674e+06	0
3.66684e+06	0
3.66694e+06	0
3.66704e+06	0
3.66714e+06	0
3.66724e+06	0
3.66734e+06	0
3.66744e+06	0
3.66754e+06	0
3.66764e+06	0
3.66774e+06	0
3.66784e+06	0
3.66794e+06	0
3.66804e+06	0
3.66814e+06	0
3.66824e+06	0
3.66834e+06	0
3.66844e+06	0
3.66854e+06	0
3.66864e+06	0
3.66874e+06	0
3.66884e+06	0
3.66894e+06	0
3.66904e+06	0
3.66914e+06	0
3.66924e+06	0
3.66934e+06	0
3.66944e+06	0
3.66954e+06	0
3.66964e+06	0
3.66974e+06	0
3.66984e+06	0
3.66994e+06	0
3.67004e+06	0
3.67014e+06	0
3.67024e+06	0
3.67034e+06	0
3.67044e+06	0
3.67054e+06	0
3.67064e+06	0
3.67074e+06	0
3.67084e+06	0
3.67094e+06	0
3.67104e+06	0
3.67114e+06	0
3.67124e+06	0
3.67134e+06	0
3.67144e+06	0
3.67154e+06	0
3.67164e+06	0
3.67174e+06	0
3.67184e+06	0
3.67194e+06	0
3.67204e+06	0
3.67214e+06	0
3.67224e+06	0
3.67234e+06	0
3.67244e+06	0
3.67254e+06	0
3.67264e+06	0
3.67274e+06	0
3.67284e+06	0
3.67294e+06	0
3.67304e+06	0
3.67314e+06	0
3.67324e+06	0
3.67334e+06	0
3.67344e+06	0
3.67354e+06	0
3.67364e+06	0
3.67374e+06	0
3.67384e+06	0
3.67394e+06	0
3.67404e+06	0
3.67414e+06	0
3.67424e+06	0
3.67434e+06	0
3.67444e+06	0
3.67454e+06	0
3.67464e+06	0
3.67474e+06	0
3.67484e+06	0
3.67494e+06	0
3.67504e+06	0
3.67514e+06	0
3.67524e+06	0
3.67534e+06	0
3.67544e+06	0
3.67554e+06	0
3.67564e+06	0
3.67574e+06	0
3.67584e+06	0
3.67594e+06	0
3.67604e+06	0
3.67614e+06	0
3.67624e+06	0
3.67634e+06	0
3.67644e+06	0
3.67654e+06	0
3.67664e+06	0
3.67674e+06	0
3.67684e+06	0
3.67694e+06	0
3.67704e+06	0
3.67714e+06	0
3.67724e+06	0
3.67734e+06	0
3.67744e+06	0
3.67754e+06	0
3.67764e+06	0
3.67774e+06	0
3.67784e+06	0
3.67794e+06	0
3.67804e+06	0
3.67814e+06	0
3.67824e+06	0
3.67834e+06	0
3.67844e+06	0
3.67854e+06	0
3.67864e+06	0
3.67874e+06	0
3.67884e+06	0
3.67894e+06	0
3.67904e+06	0
3.67914e+06	0
3.67924e+06	0
3.67934e+06	0
3.67944e+06	0
3.67954e+06	0
3.67964e+06	0
3.67974e+06	0
3.67984e+06	0
3.67994e+06	0
3.68004e+06	0
3.68014e+06	0
3.68024e+06	0
3.68034e+06	0
3.68044e+06	0
3.68054e+06	0
3.68064e+06	0
3.68074e+06	0
3.68084e+06	0
3.68094e+06	0
3.68104e+06	0
3.68114e+06	0
3.68124e+06	0
3.68134e+06	0
3.68144e+06	0
3.68154e+06	0
3.68164e+06	0
3.68174e+06	0
3.68184e+06	0
3.68194e+06	0
3.68204e+06	0
3.68214e+06	0
3.68224e+06	0
3.68234e+06	0
3.68244e+06	0
3.68254e+06	0
3.68264e+06	0
3.68274e+06	0
3.68284e+06	0
3.68294e+06	0
3.68304e+06	0
3.68314e+06	0
3.68324e+06	0
3.68334e+06	0
3.68344e+06	0
3.68354e+06	0
3.68364e+06	0
3.68374e+06	0
3.68384e+06	0
3.68394e+06	0
3.68404e+06	0
3.68414e+06	0
3.68424e+06	0
3.68434e+06	0
3.68444e+06	0
3.68454e+06	0
3.68464e+06	0
3.68474e+06	0
3.68484e+06	0
3.68494e+06	0
3.68504e+06	0
3.68514e+06	0
3.68524e+06	0
3.68534e+06	0
3.68544e+06	0
3.68554e+06	0
3.68564e+06	0
3.68574e+06	0
3.68584e+06	0
3.68594e+06	0
3.68604e+06	0
3.68614e+06	0
3.68624e+06	0
3.68634e+06	0
3.68644e+06	0
3.68654e+06	0
3.68664e+06	0
3.68674e+06	0
3.68684e+06	0
3.68694e+06	0
3.68704e+06	0
3.68714e+06	0
3.68724e+06	0
3.68734e+06	0
3.68744e+06	0
3.68754e+06	0
3.68764e+06	0
3.68774e+06	0
3.68784e+06	0
3.68794e+06	0
3.68804e+06	0
3.68814e+06	0
3.68824e+06	0
3.68834e+06	0
3.68844e+06	0
3.68854e+06	0
3.68864e+06	0
3.68874e+06	0
3.68884e+06	0
3.68894e+06	0
3.68904e+06	0
3.68914e+06	0
3.68924e+06	0
3.68934e+06	0
3.68944e+06	0
3.68954e+06	0
3.68964e+06	0
3.68974e+06	0
3.68984e+06	0
3.68994e+06	0
3.69004e+06	0
3.69014e+06	0
3.69024e+06	0
3.69034e+06	0
3.69044e+06	0
3.69054e+06	0
3.69064e+06	0
3.69074e+06	0
3.69084e+06	0
3.69094e+06	0
3.69104e+06	0
3.69114e+06	0
3.69124e+06	0
3.69134e+06	0
3.69144e+06	0
3.69154e+06	0
3.69164e+06	0
3.69174e+06	0
3.69184e+06	0
3.69194e+06	0
3.69204e+06	0
3.69214e+06	0
3.69224e+06	0
3.69234e+06	0
3.69244e+06	0
3.69254e+06	0
3.69264e+06	0
3.69274e+06	0
3.69284e+06	0
3.69294e+06	0
3.69304e+06	0
3.69314e+06	0
3.69324e+06	0
3.69334e+06	0
3.69344e+06	0
3.69354e+06	0
3.69364e+06	0
3.69374e+06	0
3.69384e+06	0
3.69394e+06	0
3.69404e+06	0
3.69414e+06	0
3.69424e+06	0
3.69434e+06	0
3.69444e+06	0
3.69454e+06	0
3.69464e+06	0
3.69474e+06	0
3.69484e+06	0
3.69494e+06	0
3.69504e+06	0
3.69514e+06	0
3.69524e+06	0
3.69534e+06	0
3.69544e+06	0
3.69554e+06	0
3.69564e+06	0
3.69574e+06	0
3.69584e+06	0
3.69594e+06	0
3.69604e+06	0
3.69614e+06	0
3.69624e+06	0
3.69634e+06	0
3.69644e+06	0
3.69654e+06	0
3.69664e+06	0
3.69674e+06	0
3.69684e+06	0
3.69694e+06	0
3.69704e+06	0
3.69714e+06	0
3.69724e+06	0
3.69734e+06	0
3.69744e+06	0
3.69754e+06	0
3.69764e+06	0
3.69774e+06	0
3.69784e+06	0
3.69794e+06	0
3.69804e+06	0
3.69814e+06	0
3.69824e+06	0
3.69834e+06	0
3.69844e+06	0
3.69854e+06	0
3.69864e+06	0
3.69874e+06	0
3.69884e+06	0
3.69894e+06	0
3.69904e+06	0
3.69914e+06	0
3.69924e+06	0
3.69934e+06	0
3.69944e+06	0
3.69954e+06	0
3.69964e+06	0
3.69974e+06	0
3.69984e+06	0
3.69994e+06	0
3.70004e+06	0
3.70014e+06	0
3.70024e+06	0
3.70034e+06	0
3.70044e+06	0
3.70054e+06	0
3.70064e+06	0
3.70074e+06	0
3.70084e+06	0
3.70094e+06	0
3.70104e+06	0
3.70114e+06	0
3.70124e+06	0
3.70134e+06	0
3.70144e+06	0
3.70154e+06	0
3.70164e+06	0
3.70174e+06	0
3.70184e+06	0
3.70194e+06	0
3.70204e+06	0
3.70214e+06	0
3.70224e+06	0
3.70234e+06	0
3.70244e+06	0
3.70254e+06	0
3.70264e+06	0
3.70274e+06	0
3.70284e+06	0
3.70294e+06	0
3.70304e+06	0
3.70314e+06	0
3.70324e+06	0
3.70334e+06	0
3.70344e+06	0
3.70354e+06	0
3.70364e+06	0
3.70374e+06	0
3.70384e+06	0
3.70394e+06	0
3.70404e+06	0
3.70414e+06	0
3.70424e+06	0
3.70434e+06	0
3.70444e+06	0
3.70454e+06	0
3.70464e+06	0
3.70474e+06	0
3.70484e+06	0
3.70494e+06	0
3.70504e+06	0
3.70514e+06	0
3.70524e+06	0
3.70534e+06	0
3.70544e+06	0
3.70554e+06	0
3.70564e+06	0
3.70574e+06	0
3.70584e+06	0
3.70594e+06	0
3.70604e+06	0
3.70614e+06	0
3.70624e+06	0
3.70634e+06	0
3.70644e+06	0
3.70654e+06	0
3.70664e+06	0
3.70674e+06	0
3.70684e+06	0
3.70694e+06	0
3.70704e+06	0
3.70714e+06	0
3.70724e+06	0
3.70734e+06	0
3.70744e+06	0
3.70754e+06	0
3.70764e+06	0
3.70774e+06	0
3.70784e+06	0
3.70794e+06	0
3.70804e+06	0
3.70814e+06	0
3.70824e+06	0
3.70834e+06	0
3.70844e+06	0
3.70854e+06	0
3.70864e+06	0
3.70874e+06	0
3.70884e+06	0
3.70894e+06	0
3.70904e+06	0
3.70914e+06	0
3.70924e+06	0
3.70934e+06	0
3.70944e+06	0
3.70954e+06	0
3.70964e+06	0
3.70974e+06	0
3.70984e+06	0
3.70994e+06	0
3.71004e+06	0
3.71014e+06	0
3.71024e+06	0
3.71034e+06	0
3.71044e+06	0
3.71054e+06	0
3.71064e+06	0
3.71074e+06	0
3.71084e+06	0
3.71094e+06	0
3.71104e+06	0
3.71114e+06	0
3.71124e+06	0
3.71134e+06	0
3.71144e+06	0
3.71154e+06	0
3.71164e+06	0
3.71174e+06	0
3.71184e+06	0
3.71194e+06	0
3.71204e+06	0
3.71214e+06	0
3.71224e+06	0
3.71234e+06	0
3.71244e+06	0
3.71254e+06	0
3.71264e+06	0
3.71274e+06	0
3.71284e+06	0
3.71294e+06	0
3.71304e+06	0
3.71314e+06	0
3.71324e+06	0
3.71334e+06	0
3.71344e+06	0
3.71354e+06	0
3.71364e+06	0
3.71374e+06	0
3.71384e+06	0
3.71394e+06	0
3.71404e+06	0
3.71414e+06	0
3.71424e+06	0
3.71434e+06	0
3.71444e+06	0
3.71454e+06	0
3.71464e+06	0
3.71474e+06	0
3.71484e+06	0
3.71494e+06	0
3.71504e+06	0
3.71514e+06	0
3.71524e+06	0
3.71534e+06	0
3.71544e+06	0
3.71554e+06	0
3.71564e+06	0
3.71574e+06	0
3.71584e+06	0
3.71594e+06	0
3.71604e+06	0
3.71614e+06	0
3.71624e+06	0
3.71634e+06	0
3.71644e+06	0
3.71654e+06	0
3.71664e+06	0
3.71674e+06	0
3.71684e+06	0
3.71694e+06	0
3.71704e+06	0
3.71714e+06	0
3.71724e+06	0
3.71734e+06	0
3.71744e+06	0
3.71754e+06	0
3.71764e+06	0
3.71774e+06	0
3.71784e+06	0
3.71794e+06	0
3.71804e+06	0
3.71814e+06	0
3.71824e+06	0
3.71834e+06	0
3.71844e+06	0
3.71854e+06	0
3.71864e+06	0
3.71874e+06	0
3.71884e+06	0
3.71894e+06	0
3.71904e+06	0
3.71914e+06	0
3.71924e+06	0
3.71934e+06	0
3.71944e+06	0
3.71954e+06	0
3.71964e+06	0
3.71974e+06	0
3.71984e+06	0
3.71994e+06	0
3.72004e+06	0
3.72014e+06	0
3.72024e+06	0
3.72034e+06	0
3.72044e+06	0
3.72054e+06	0
3.72064e+06	0
3.72074e+06	0
3.72084e+06	0
3.72094e+06	0
3.72104e+06	0
3.72114e+06	0
3.72124e+06	0
3.72134e+06	0
3.72144e+06	0
3.72154e+06	0
3.72164e+06	0
3.72174e+06	0
3.72184e+06	0
3.72194e+06	0
3.72204e+06	0
3.72214e+06	0
3.72224e+06	0
3.72234e+06	0
3.72244e+06	0
3.72254e+06	0
3.72264e+06	0
3.72274e+06	0
3.72284e+06	0
3.72294e+06	0
3.72304e+06	0
3.72314e+06	0
3.72324e+06	0
3.72334e+06	0
3.72344e+06	0
3.72354e+06	0
3.72364e+06	0
3.72374e+06	0
3.72384e+06	0
3.72394e+06	0
3.72404e+06	0
3.72414e+06	0
3.72424e+06	0
3.72434e+06	0
3.72444e+06	0
3.72454e+06	0
3.72464e+06	0
3.72474e+06	0
3.72484e+06	0
3.72494e+06	0
3.72504e+06	0
3.72514e+06	0
3.72524e+06	0
3.72534e+06	0
3.72544e+06	0
3.72554e+06	0
3.72564e+06	0
3.72574e+06	0
3.72584e+06	0
3.72594e+06	0
3.72604e+06	0
3.72614e+06	0
3.72624e+06	0
3.72634e+06	0
3.72644e+06	0
3.72654e+06	0
3.72664e+06	0
3.72674e+06	0
3.72684e+06	0
3.72694e+06	0
3.72704e+06	0
3.72714e+06	0
3.72724e+06	0
3.72734e+06	0
3.72744e+06	0
3.72754e+06	0
3.72764e+06	0
3.72774e+06	0
3.72784e+06	0
3.72794e+06	0
3.72804e+06	0
3.72814e+06	0
3.72824e+06	0
3.72834e+06	0
3.72844e+06	0
3.72854e+06	0
3.72864e+06	0
3.72874e+06	0
3.72884e+06	0
3.72894e+06	0
3.72904e+06	0
3.72914e+06	0
3.72924e+06	0
3.72934e+06	0
3.72944e+06	0
3.72954e+06	0
3.72964e+06	0
3.72974e+06	0
3.72984e+06	0
3.72994e+06	0
3.73004e+06	0
3.73014e+06	0
3.73024e+06	0
3.73034e+06	0
3.73044e+06	0
3.73054e+06	0
3.73064e+06	0
3.73074e+06	0
3.73084e+06	0
3.73094e+06	0
3.73104e+06	0
3.73114e+06	0
3.73124e+06	0
3.73134e+06	0
3.73144e+06	0
3.73154e+06	0
3.73164e+06	0
3.73174e+06	0
3.73184e+06	0
3.73194e+06	0
3.73204e+06	0
3.73214e+06	0
3.73224e+06	0
3.73234e+06	0
3.73244e+06	0
3.73254e+06	0
3.73264e+06	0
3.73274e+06	0
3.73284e+06	0
3.73294e+06	0
3.73304e+06	0
3.73314e+06	0
3.73324e+06	0
3.73334e+06	0
3.73344e+06	0
3.73354e+06	0
3.73364e+06	0
3.73374e+06	0
3.73384e+06	0
3.73394e+06	0
3.73404e+06	0
3.73414e+06	0
3.73424e+06	0
3.73434e+06	0
3.73444e+06	0
3.73454e+06	0
3.73464e+06	0
3.73474e+06	0
3.73484e+06	0
3.73494e+06	0
3.73504e+06	0
3.73514e+06	0
3.73524e+06	0
3.73534e+06	0
3.73544e+06	0
3.73554e+06	0
3.73564e+06	0
3.73574e+06	0
3.73584e+06	0
3.73594e+06	0
3.73604e+06	0
3.73614e+06	0
3.73624e+06	0
3.73634e+06	0
3.73644e+06	0
3.73654e+06	0
3.73664e+06	0
3.73674e+06	0
3.73684e+06	0
3.73694e+06	0
3.73704e+06	0
3.73714e+06	0
3.73724e+06	0
3.73734e+06	0
3.73744e+06	0
3.73754e+06	0
3.73764e+06	0
3.73774e+06	0
3.73784e+06	0
3.73794e+06	0
3.73804e+06	0
3.73814e+06	0
3.73824e+06	0
3.73834e+06	0
3.73844e+06	0
3.73854e+06	0
3.73864e+06	0
3.73874e+06	0
3.73884e+06	0
3.73894e+06	0
3.73904e+06	0
3.73914e+06	0
3.73924e+06	0
3.73934e+06	0
3.73944e+06	0
3.73954e+06	0
3.73964e+06	0
3.73974e+06	0
3.73984e+06	0
3.73994e+06	0
3.74004e+06	0
3.74014e+06	0
3.74024e+06	0
3.74034e+06	0
3.74044e+06	0
3.74054e+06	0
3.74064e+06	0
3.74074e+06	0
3.74084e+06	0
3.74094e+06	0
3.74104e+06	0
3.74114e+06	0
3.74124e+06	0
3.74134e+06	0
3.74144e+06	0
3.74154e+06	0
3.74164e+06	0
3.74174e+06	0
3.74184e+06	0
3.74194e+06	0
3.74204e+06	0
3.74214e+06	0
3.74224e+06	0
3.74234e+06	0
3.74244e+06	0
3.74254e+06	0
3.74264e+06	0
3.74274e+06	0
3.74284e+06	0
3.74294e+06	0
3.74304e+06	0
3.74314e+06	0
3.74324e+06	0
3.74334e+06	0
3.74344e+06	0
3.74354e+06	0
3.74364e+06	0
3.74374e+06	0
3.74384e+06	0
3.74394e+06	0
3.74404e+06	0
3.74414e+06	0
3.74424e+06	0
3.74434e+06	0
3.74444e+06	0
3.74454e+06	0
3.74464e+06	0
3.74474e+06	0
3.74484e+06	0
3.74494e+06	0
3.74504e+06	0
3.74514e+06	0
3.74524e+06	0
3.74534e+06	0
3.74544e+06	0
3.74554e+06	0
3.74564e+06	0
3.74574e+06	0
3.74584e+06	0
3.74594e+06	0
3.74604e+06	0
3.74614e+06	0
3.74624e+06	0
3.74634e+06	0
3.74644e+06	0
3.74654e+06	0
3.74664e+06	0
3.74674e+06	0
3.74684e+06	0
3.74694e+06	0
3.74704e+06	0
3.74714e+06	0
3.74724e+06	0
3.74734e+06	0
3.74744e+06	0
3.74754e+06	0
3.74764e+06	0
3.74774e+06	0
3.74784e+06	0
3.74794e+06	0
3.74804e+06	0
3.74814e+06	0
3.74824e+06	0
3.74834e+06	0
3.74844e+06	0
3.74854e+06	0
3.74864e+06	0
3.74874e+06	0
3.74884e+06	0
3.74894e+06	0
3.74904e+06	0
3.74914e+06	0
3.74924e+06	0
3.74934e+06	0
3.74944e+06	0
3.74954e+06	0
3.74964e+06	0
3.74974e+06	0
3.74984e+06	0
3.74994e+06	0
3.75004e+06	0
3.75014e+06	0
3.75024e+06	0
3.75034e+06	0
3.75044e+06	0
3.75054e+06	0
3.75064e+06	0
3.75074e+06	0
3.75084e+06	0
3.75094e+06	0
3.75104e+06	0
3.75114e+06	0
3.75124e+06	0
3.75134e+06	0
3.75144e+06	0
3.75154e+06	0
3.75164e+06	0
3.75174e+06	0
3.75184e+06	0
3.75194e+06	0
3.75204e+06	0
3.75214e+06	0
3.75224e+06	0
3.75234e+06	0
3.75244e+06	0
3.75254e+06	0
3.75264e+06	0
3.75274e+06	0
3.75284e+06	0
3.75294e+06	0
3.75304e+06	0
3.75314e+06	0
3.75324e+06	0
3.75334e+06	0
3.75344e+06	0
3.75354e+06	0
3.75364e+06	0
3.75374e+06	0
3.75384e+06	0
3.75394e+06	0
3.75404e+06	0
3.75414e+06	0
3.75424e+06	0
3.75434e+06	0
3.75444e+06	0
3.75454e+06	0
3.75464e+06	0
3.75474e+06	0
3.75484e+06	0
3.75494e+06	0
3.75504e+06	0
3.75514e+06	0
3.75524e+06	0
3.75534e+06	0
3.75544e+06	0
3.75554e+06	0
3.75564e+06	0
3.75574e+06	0
3.75584e+06	0
3.75594e+06	0
3.75604e+06	0
3.75614e+06	0
3.75624e+06	0
3.75634e+06	0
3.75644e+06	0
3.75654e+06	0
3.75664e+06	0
3.75674e+06	0
3.75684e+06	0
3.75694e+06	0
3.75704e+06	0
3.75714e+06	0
3.75724e+06	0
3.75734e+06	0
3.75744e+06	0
3.75754e+06	0
3.75764e+06	0
3.75774e+06	0
3.75784e+06	0
3.75794e+06	0
3.75804e+06	0
3.75814e+06	0
3.75824e+06	0
3.75834e+06	0
3.75844e+06	0
3.75854e+06	0
3.75864e+06	0
3.75874e+06	0
3.75884e+06	0
3.75894e+06	0
3.75904e+06	0
3.75914e+06	0
3.75924e+06	0
3.75934e+06	0
3.75944e+06	0
3.75954e+06	0
3.75964e+06	0
3.75974e+06	0
3.75984e+06	0
3.75994e+06	0
3.76004e+06	0
3.76014e+06	0
3.76024e+06	0
3.76034e+06	0
3.76044e+06	0
3.76054e+06	0
3.76064e+06	0
3.76074e+06	0
3.76084e+06	0
3.76094e+06	0
3.76104e+06	0
3.76114e+06	0
3.76124e+06	0
3.76134e+06	0
3.76144e+06	0
3.76154e+06	0
3.76164e+06	0
3.76174e+06	0
3.76184e+06	0
3.76194e+06	0
3.76204e+06	0
3.76214e+06	0
3.76224e+06	0
3.76234e+06	0
3.76244e+06	0
3.76254e+06	0
3.76264e+06	0
3.76274e+06	0
3.76284e+06	0
3.76294e+06	0
3.76304e+06	0
3.76314e+06	0
3.76324e+06	0
3.76334e+06	0
3.76344e+06	0
3.76354e+06	0
3.76364e+06	0
3.76374e+06	0
3.76384e+06	0
3.76394e+06	0
3.76404e+06	0
3.76414e+06	0
3.76424e+06	0
3.76434e+06	0
3.76444e+06	0
3.76454e+06	0
3.76464e+06	0
3.76474e+06	0
3.76484e+06	0
3.76494e+06	0
3.76504e+06	0
3.76514e+06	0
3.76524e+06	0
3.76534e+06	0
3.76544e+06	0
3.76554e+06	0
3.76564e+06	0
3.76574e+06	0
3.76584e+06	0
3.76594e+06	0
3.76604e+06	0
3.76614e+06	0
3.76624e+06	0
3.76634e+06	0
3.76644e+06	0
3.76654e+06	0
3.76664e+06	0
3.76674e+06	0
3.76684e+06	0
3.76694e+06	0
3.76704e+06	0
3.76714e+06	0
3.76724e+06	0
3.76734e+06	0
3.76744e+06	0
3.76754e+06	0
3.76764e+06	0
3.76774e+06	0
3.76784e+06	0
3.76794e+06	0
3.76804e+06	0
3.76814e+06	0
3.76824e+06	0
3.76834e+06	0
3.76844e+06	0
3.76854e+06	0
3.76864e+06	0
3.76874e+06	0
3.76884e+06	0
3.76894e+06	0
3.76904e+06	0
3.76914e+06	0
3.76924e+06	0
3.76934e+06	0
3.76944e+06	0
3.76954e+06	0
3.76964e+06	0
3.76974e+06	0
3.76984e+06	0
3.76994e+06	0
3.77004e+06	0
3.77014e+06	0
3.77024e+06	0
3.77034e+06	0
3.77044e+06	0
3.77054e+06	0
3.77064e+06	0
3.77074e+06	0
3.77084e+06	0
3.77094e+06	0
3.77104e+06	0
3.77114e+06	0
3.77124e+06	0
3.77134e+06	0
3.77144e+06	0
3.77154e+06	0
3.77164e+06	0
3.77174e+06	0
3.77184e+06	0
3.77194e+06	0
3.77204e+06	0
3.77214e+06	0
3.77224e+06	0
3.77234e+06	0
3.77244e+06	0
3.77254e+06	0
3.77264e+06	0
3.77274e+06	0
3.77284e+06	0
3.77294e+06	0
3.77304e+06	0
3.77314e+06	0
3.77324e+06	0
3.77334e+06	0
3.77344e+06	0
3.77354e+06	0
3.77364e+06	0
3.77374e+06	0
3.77384e+06	0
3.77394e+06	0
3.77404e+06	0
3.77414e+06	0
3.77424e+06	0
3.77434e+06	0
3.77444e+06	0
3.77454e+06	0
3.77464e+06	0
3.77474e+06	0
3.77484e+06	0
3.77494e+06	0
3.77504e+06	0
3.77514e+06	0
3.77524e+06	0
3.77534e+06	0
3.77544e+06	0
3.77554e+06	0
3.77564e+06	0
3.77574e+06	0
3.77584e+06	0
3.77594e+06	0
3.77604e+06	0
3.77614e+06	0
3.77624e+06	0
3.77634e+06	0
3.77644e+06	0
3.77654e+06	0
3.77664e+06	0
3.77674e+06	0
3.77684e+06	0
3.77694e+06	0
3.77704e+06	0
3.77714e+06	0
3.77724e+06	0
3.77734e+06	0
3.77744e+06	0
3.77754e+06	0
3.77764e+06	0
3.77774e+06	0
3.77784e+06	0
3.77794e+06	0
3.77804e+06	0
3.77814e+06	0
3.77824e+06	0
3.77834e+06	0
3.77844e+06	0
3.77854e+06	0
3.77864e+06	0
3.77874e+06	0
3.77884e+06	0
3.77894e+06	0
3.77904e+06	0
3.77914e+06	0
3.77924e+06	0
3.77934e+06	0
3.77944e+06	0
3.77954e+06	0
3.77964e+06	0
3.77974e+06	0
3.77984e+06	0
3.77994e+06	0
3.78004e+06	0
3.78014e+06	0
3.78024e+06	0
3.78034e+06	0
3.78044e+06	0
3.78054e+06	0
3.78064e+06	0
3.78074e+06	0
3.78084e+06	0
3.78094e+06	0
3.78104e+06	0
3.78114e+06	0
3.78124e+06	0
3.78134e+06	0
3.78144e+06	0
3.78154e+06	0
3.78164e+06	0
3.78174e+06	0
3.78184e+06	0
3.78194e+06	0
3.78204e+06	0
3.78214e+06	0
3.78224e+06	0
3.78234e+06	0
3.78244e+06	0
3.78254e+06	0
3.78264e+06	0
3.78274e+06	0
3.78284e+06	0
3.78294e+06	0
3.78304e+06	0
3.78314e+06	0
3.78324e+06	0
3.78334e+06	0
3.78344e+06	0
3.78354e+06	0
3.78364e+06	0
3.78374e+06	0
3.78384e+06	0
3.78394e+06	0
3.78404e+06	0
3.78414e+06	0
3.78424e+06	0
3.78434e+06	0
3.78444e+06	0
3.78454e+06	0
3.78464e+06	0
3.78474e+06	0
3.78484e+06	0
3.78494e+06	0
3.78504e+06	0
3.78514e+06	0
3.78524e+06	0
3.78534e+06	0
3.78544e+06	0
3.78554e+06	0
3.78564e+06	0
3.78574e+06	0
3.78584e+06	0
3.78594e+06	0
3.78604e+06	0
3.78614e+06	0
3.78624e+06	0
3.78634e+06	0
3.78644e+06	0
3.78654e+06	0
3.78664e+06	0
3.78674e+06	0
3.78684e+06	0
3.78694e+06	0
3.78704e+06	0
3.78714e+06	0
3.78724e+06	0
3.78734e+06	0
3.78744e+06	0
3.78754e+06	0
3.78764e+06	0
3.78774e+06	0
3.78784e+06	0
3.78794e+06	0
3.78804e+06	0
3.78814e+06	0
3.78824e+06	0
3.78834e+06	0
3.78844e+06	0
3.78854e+06	0
3.78864e+06	0
3.78874e+06	0
3.78884e+06	0
3.78894e+06	0
3.78904e+06	0
3.78914e+06	0
3.78924e+06	0
3.78934e+06	0
3.78944e+06	0
3.78954e+06	0
3.78964e+06	0
3.78974e+06	0
3.78984e+06	0
3.78994e+06	0
3.79004e+06	0
3.79014e+06	0
3.79024e+06	0
3.79034e+06	0
3.79044e+06	0
3.79054e+06	0
3.79064e+06	0
3.79074e+06	0
3.79084e+06	0
3.79094e+06	0
3.79104e+06	0
3.79114e+06	0
3.79124e+06	0
3.79134e+06	0
3.79144e+06	0
3.79154e+06	0
3.79164e+06	0
3.79174e+06	0
3.79184e+06	0
3.79194e+06	0
3.79204e+06	0
3.79214e+06	0
3.79224e+06	0
3.79234e+06	0
3.79244e+06	0
3.79254e+06	0
3.79264e+06	0
3.79274e+06	0
3.79284e+06	0
3.79294e+06	0
3.79304e+06	0
3.79314e+06	0
3.79324e+06	0
3.79334e+06	0
3.79344e+06	0
3.79354e+06	0
3.79364e+06	0
3.79374e+06	0
3.79384e+06	0
3.79394e+06	0
3.79404e+06	0
3.79414e+06	0
3.79424e+06	0
3.79434e+06	0
3.79444e+06	0
3.79454e+06	0
3.79464e+06	0
3.79474e+06	0
3.79484e+06	0
3.79494e+06	0
3.79504e+06	0
3.79514e+06	0
3.79524e+06	0
3.79534e+06	0
3.79544e+06	0
3.79554e+06	0
3.79564e+06	0
3.79574e+06	0
3.79584e+06	0
3.79594e+06	0
3.79604e+06	0
3.79614e+06	0
3.79624e+06	0
3.79634e+06	0
3.79644e+06	0
3.79654e+06	0
3.79664e+06	0
3.79674e+06	0
3.79684e+06	0
3.79694e+06	0
3.79704e+06	0
3.79714e+06	0
3.79724e+06	0
3.79734e+06	0
3.79744e+06	0
3.79754e+06	0
3.79764e+06	0
3.79774e+06	0
3.79784e+06	0
3.79794e+06	0
3.79804e+06	0
3.79814e+06	0
3.79824e+06	0
3.79834e+06	0
3.79844e+06	0
3.79854e+06	0
3.79864e+06	0
3.79874e+06	0
3.79884e+06	0
3.79894e+06	0
3.79904e+06	0
3.79914e+06	0
3.79924e+06	0
3.79934e+06	0
3.79944e+06	0
3.79954e+06	0
3.79964e+06	0
3.79974e+06	0
3.79984e+06	0
3.79994e+06	0
3.80004e+06	0
3.80014e+06	0
3.80024e+06	0
3.80034e+06	0
3.80044e+06	0
3.80054e+06	0
3.80064e+06	0
3.80074e+06	0
3.80084e+06	0
3.80094e+06	0
3.80104e+06	0
3.80114e+06	0
3.80124e+06	0
3.80134e+06	0
3.80144e+06	0
3.80154e+06	0
3.80164e+06	0
3.80174e+06	0
3.80184e+06	0
3.80194e+06	0
3.80204e+06	0
3.80214e+06	0
3.80224e+06	0
3.80234e+06	0
3.80244e+06	0
3.80254e+06	0
3.80264e+06	0
3.80274e+06	0
3.80284e+06	0
3.80294e+06	0
3.80304e+06	0
3.80314e+06	0
3.80324e+06	0
3.80334e+06	0
3.80344e+06	0
3.80354e+06	0
3.80364e+06	0
3.80374e+06	0
3.80384e+06	0
3.80394e+06	0
3.80404e+06	0
3.80414e+06	0
3.80424e+06	0
3.80434e+06	0
3.80444e+06	0
3.80454e+06	0
3.80464e+06	0
3.80474e+06	0
3.80484e+06	0
3.80494e+06	0
3.80504e+06	0
3.80514e+06	0
3.80524e+06	0
3.80534e+06	0
3.80544e+06	0
3.80554e+06	0
3.80564e+06	0
3.80574e+06	0
3.80584e+06	0
3.80594e+06	0
3.80604e+06	0
3.80614e+06	0
3.80624e+06	0
3.80634e+06	0
3.80644e+06	0
3.80654e+06	0
3.80664e+06	0
3.80674e+06	0
3.80684e+06	0
3.80694e+06	0
3.80704e+06	0
3.80714e+06	0
3.80724e+06	0
3.80734e+06	0
3.80744e+06	0
3.80754e+06	0
3.80764e+06	0
3.80774e+06	0
3.80784e+06	0
3.80794e+06	0
3.80804e+06	0
3.80814e+06	0
3.80824e+06	0
3.80834e+06	0
3.80844e+06	0
3.80854e+06	0
3.80864e+06	0
3.80874e+06	0
3.80884e+06	0
3.80894e+06	0
3.80904e+06	0
3.80914e+06	0
3.80924e+06	0
3.80934e+06	0
3.80944e+06	0
3.80954e+06	0
3.80964e+06	0
3.80974e+06	0
3.80984e+06	0
3.80994e+06	0
3.81004e+06	0
3.81014e+06	0
3.81024e+06	0
3.81034e+06	0
3.81044e+06	0
3.81054e+06	0
3.81064e+06	0
3.81074e+06	0
3.81084e+06	0
3.81094e+06	0
3.81104e+06	0
3.81114e+06	0
3.81124e+06	0
3.81134e+06	0
3.81144e+06	0
3.81154e+06	0
3.81164e+06	0
3.81174e+06	0
3.81184e+06	0
3.81194e+06	0
3.81204e+06	0
3.81214e+06	0
3.81224e+06	0
3.81234e+06	0
3.81244e+06	0
3.81254e+06	0
3.81264e+06	0
3.81274e+06	0
3.81284e+06	0
3.81294e+06	0
3.81304e+06	0
3.81314e+06	0
3.81324e+06	0
3.81334e+06	0
3.81344e+06	0
3.81354e+06	0
3.81364e+06	0
3.81374e+06	0
3.81384e+06	0
3.81394e+06	0
3.81404e+06	0
3.81414e+06	0
3.81424e+06	0
3.81434e+06	0
3.81444e+06	0
3.81454e+06	0
3.81464e+06	0
3.81474e+06	0
3.81484e+06	0
3.81494e+06	0
3.81504e+06	0
3.81514e+06	0
3.81524e+06	0
3.81534e+06	0
3.81544e+06	0
3.81554e+06	0
3.81564e+06	0
3.81574e+06	0
3.81584e+06	0
3.81594e+06	0
3.81604e+06	0
3.81614e+06	0
3.81624e+06	0
3.81634e+06	0
3.81644e+06	0
3.81654e+06	0
3.81664e+06	0
3.81674e+06	0
3.81684e+06	0
3.81694e+06	0
3.81704e+06	0
3.81714e+06	0
3.81724e+06	0
3.81734e+06	0
3.81744e+06	0
3.81754e+06	0
3.81764e+06	0
3.81774e+06	0
3.81784e+06	0
3.81794e+06	0
3.81804e+06	0
3.81814e+06	0
3.81824e+06	0
3.81834e+06	0
3.81844e+06	0
3.81854e+06	0
3.81864e+06	0
3.81874e+06	0
3.81884e+06	0
3.81894e+06	0
3.81904e+06	0
3.81914e+06	0
3.81924e+06	0
3.81934e+06	0
3.81944e+06	0
3.81954e+06	0
3.81964e+06	0
3.81974e+06	0
3.81984e+06	0
3.81994e+06	0
3.82004e+06	0
3.82014e+06	0
3.82024e+06	0
3.82034e+06	0
3.82044e+06	0
3.82054e+06	0
3.82064e+06	0
3.82074e+06	0
3.82084e+06	0
3.82094e+06	0
3.82104e+06	0
3.82114e+06	0
3.82124e+06	0
3.82134e+06	0
3.82144e+06	0
3.82154e+06	0
3.82164e+06	0
3.82174e+06	0
3.82184e+06	0
3.82194e+06	0
3.82204e+06	0
3.82214e+06	0
3.82224e+06	0
3.82234e+06	0
3.82244e+06	0
3.82254e+06	0
3.82264e+06	0
3.82274e+06	0
3.82284e+06	0
3.82294e+06	0
3.82304e+06	0
3.82314e+06	0
3.82324e+06	0
3.82334e+06	0
3.82344e+06	0
3.82354e+06	0
3.82364e+06	0
3.82374e+06	0
3.82384e+06	0
3.82394e+06	0
3.82404e+06	0
3.82414e+06	0
3.82424e+06	0
3.82434e+06	0
3.82444e+06	0
3.82454e+06	0
3.82464e+06	0
3.82474e+06	0
3.82484e+06	0
3.82494e+06	0
3.82504e+06	0
3.82514e+06	0
3.82524e+06	0
3.82534e+06	0
3.82544e+06	0
3.82554e+06	0
3.82564e+06	0
3.82574e+06	0
3.82584e+06	0
3.82594e+06	0
3.82604e+06	0
3.82614e+06	0
3.82624e+06	0
3.82634e+06	0
3.82644e+06	0
3.82654e+06	0
3.82664e+06	0
3.82674e+06	0
3.82684e+06	0
3.82694e+06	0
3.82704e+06	0
3.82714e+06	0
3.82724e+06	0
3.82734e+06	0
3.82744e+06	0
3.82754e+06	0
3.82764e+06	0
3.82774e+06	0
3.82784e+06	0
3.82794e+06	0
3.82804e+06	0
3.82814e+06	0
3.82824e+06	0
3.82834e+06	0
3.82844e+06	0
3.82854e+06	0
3.82864e+06	0
3.82874e+06	0
3.82884e+06	0
3.82894e+06	0
3.82904e+06	0
3.82914e+06	0
3.82924e+06	0
3.82934e+06	0
3.82944e+06	0
3.82954e+06	0
3.82964e+06	0
3.82974e+06	0
3.82984e+06	0
3.82994e+06	0
3.83004e+06	0
3.83014e+06	0
3.83024e+06	0
3.83034e+06	0
3.83044e+06	0
3.83054e+06	0
3.83064e+06	0
3.83074e+06	0
3.83084e+06	0
3.83094e+06	0
3.83104e+06	0
3.83114e+06	0
3.83124e+06	0
3.83134e+06	0
3.83144e+06	0
3.83154e+06	0
3.83164e+06	0
3.83174e+06	0
3.83184e+06	0
3.83194e+06	0
3.83204e+06	0
3.83214e+06	0
3.83224e+06	0
3.83234e+06	0
3.83244e+06	0
3.83254e+06	0
3.83264e+06	0
3.83274e+06	0
3.83284e+06	0
3.83294e+06	0
3.83304e+06	0
3.83314e+06	0
3.83324e+06	0
3.83334e+06	0
3.83344e+06	0
3.83354e+06	0
3.83364e+06	0
3.83374e+06	0
3.83384e+06	0
3.83394e+06	0
3.83404e+06	0
3.83414e+06	0
3.83424e+06	0
3.83434e+06	0
3.83444e+06	0
3.83454e+06	0
3.83464e+06	0
3.83474e+06	0
3.83484e+06	0
3.83494e+06	0
3.83504e+06	0
3.83514e+06	0
3.83524e+06	0
3.83534e+06	0
3.83544e+06	0
3.83554e+06	0
3.83564e+06	0
3.83574e+06	0
3.83584e+06	0
3.83594e+06	0
3.83604e+06	0
3.83614e+06	0
3.83624e+06	0
3.83634e+06	0
3.83644e+06	0
3.83654e+06	0
3.83664e+06	0
3.83674e+06	0
3.83684e+06	0
3.83694e+06	0
3.83704e+06	0
3.83714e+06	0
3.83724e+06	0
3.83734e+06	0
3.83744e+06	0
3.83754e+06	0
3.83764e+06	0
3.83774e+06	0
3.83784e+06	0
3.83794e+06	0
3.83804e+06	0
3.83814e+06	0
3.83824e+06	0
3.83834e+06	0
3.83844e+06	0
3.83854e+06	0
3.83864e+06	0
3.83874e+06	0
3.83884e+06	0
3.83894e+06	0
3.83904e+06	0
3.83914e+06	0
3.83924e+06	0
3.83934e+06	0
3.83944e+06	0
3.83954e+06	0
3.83964e+06	0
3.83974e+06	0
3.83984e+06	0
3.83994e+06	0
3.84004e+06	0
3.84014e+06	0
3.84024e+06	0
3.84034e+06	0
3.84044e+06	0
3.84054e+06	0
3.84064e+06	0
3.84074e+06	0
3.84084e+06	0
3.84094e+06	0
3.84104e+06	0
3.84114e+06	0
3.84124e+06	0
3.84134e+06	0
3.84144e+06	0
3.84154e+06	0
3.84164e+06	0
3.84174e+06	0
3.84184e+06	0
3.84194e+06	0
3.84204e+06	0
3.84214e+06	0
3.84224e+06	0
3.84234e+06	0
3.84244e+06	0
3.84254e+06	0
3.84264e+06	0
3.84274e+06	0
3.84284e+06	0
3.84294e+06	0
3.84304e+06	0
3.84314e+06	0
3.84324e+06	0
3.84334e+06	0
3.84344e+06	0
3.84354e+06	0
3.84364e+06	0
3.84374e+06	0
3.84384e+06	0
3.84394e+06	0
3.84404e+06	0
3.84414e+06	0
3.84424e+06	0
3.84434e+06	0
3.84444e+06	0
3.84454e+06	0
3.84464e+06	0
3.84474e+06	0
3.84484e+06	0
3.84494e+06	0
3.84504e+06	0
3.84514e+06	0
3.84524e+06	0
3.84534e+06	0
3.84544e+06	0
3.84554e+06	0
3.84564e+06	0
3.84574e+06	0
3.84584e+06	0
3.84594e+06	0
3.84604e+06	0
3.84614e+06	0
3.84624e+06	0
3.84634e+06	0
3.84644e+06	0
3.84654e+06	0
3.84664e+06	0
3.84674e+06	0
3.84684e+06	0
3.84694e+06	0
3.84704e+06	0
3.84714e+06	0
3.84724e+06	0
3.84734e+06	0
3.84744e+06	0
3.84754e+06	0
3.84764e+06	0
3.84774e+06	0
3.84784e+06	0
3.84794e+06	0
3.84804e+06	0
3.84814e+06	0
3.84824e+06	0
3.84834e+06	0
3.84844e+06	0
3.84854e+06	0
3.84864e+06	0
3.84874e+06	0
3.84884e+06	0
3.84894e+06	0
3.84904e+06	0
3.84914e+06	0
3.84924e+06	0
3.84934e+06	0
3.84944e+06	0
3.84954e+06	0
3.84964e+06	0
3.84974e+06	0
3.84984e+06	0
3.84994e+06	0
3.85004e+06	0
3.85014e+06	0
3.85024e+06	0
3.85034e+06	0
3.85044e+06	0
3.85054e+06	0
3.85064e+06	0
3.85074e+06	0
3.85084e+06	0
3.85094e+06	0
3.85104e+06	0
3.85114e+06	0
3.85124e+06	0
3.85134e+06	0
3.85144e+06	0
3.85154e+06	0
3.85164e+06	0
3.85174e+06	0
3.85184e+06	0
3.85194e+06	0
3.85204e+06	0
3.85214e+06	0
3.85224e+06	0
3.85234e+06	0
3.85244e+06	0
3.85254e+06	0
3.85264e+06	0
3.85274e+06	0
3.85284e+06	0
3.85294e+06	0
3.85304e+06	0
3.85314e+06	0
3.85324e+06	0
3.85334e+06	0
3.85344e+06	0
3.85354e+06	0
3.85364e+06	0
3.85374e+06	0
3.85384e+06	0
3.85394e+06	0
3.85404e+06	0
3.85414e+06	0
3.85424e+06	0
3.85434e+06	0
3.85444e+06	0
3.85454e+06	0
3.85464e+06	0
3.85474e+06	0
3.85484e+06	0
3.85494e+06	0
3.85504e+06	0
3.85514e+06	0
3.85524e+06	0
3.85534e+06	0
3.85544e+06	0
3.85554e+06	0
3.85564e+06	0
3.85574e+06	0
3.85584e+06	0
3.85594e+06	0
3.85604e+06	0
3.85614e+06	0
3.85624e+06	0
3.85634e+06	0
3.85644e+06	0
3.85654e+06	0
3.85664e+06	0
3.85674e+06	0
3.85684e+06	0
3.85694e+06	0
3.85704e+06	0
3.85714e+06	0
3.85724e+06	0
3.85734e+06	0
3.85744e+06	0
3.85754e+06	0
3.85764e+06	0
3.85774e+06	0
3.85784e+06	0
3.85794e+06	0
3.85804e+06	0
3.85814e+06	0
3.85824e+06	0
3.85834e+06	0
3.85844e+06	0
3.85854e+06	0
3.85864e+06	0
3.85874e+06	0
3.85884e+06	0
3.85894e+06	0
3.85904e+06	0
3.85914e+06	0
3.85924e+06	0
3.85934e+06	0
3.85944e+06	0
3.85954e+06	0
3.85964e+06	0
3.85974e+06	0
3.85984e+06	0
3.85994e+06	0
3.86004e+06	0
3.86014e+06	0
3.86024e+06	0
3.86034e+06	0
3.86044e+06	0
3.86054e+06	0
3.86064e+06	0
3.86074e+06	0
3.86084e+06	0
3.86094e+06	0
3.86104e+06	0
3.86114e+06	0
3.86124e+06	0
3.86134e+06	0
3.86144e+06	0
3.86154e+06	0
3.86164e+06	0
3.86174e+06	0
3.86184e+06	0
3.86194e+06	0
3.86204e+06	0
3.86214e+06	0
3.86224e+06	0
3.86234e+06	0
3.86244e+06	0
3.86254e+06	0
3.86264e+06	0
3.86274e+06	0
3.86284e+06	0
3.86294e+06	0
3.86304e+06	0
3.86314e+06	0
3.86324e+06	0
3.86334e+06	0
3.86344e+06	0
3.86354e+06	0
3.86364e+06	0
3.86374e+06	0
3.86384e+06	0
3.86394e+06	0
3.86404e+06	0
3.86414e+06	0
3.86424e+06	0
3.86434e+06	0
3.86444e+06	0
3.86454e+06	0
3.86464e+06	0
3.86474e+06	0
3.86484e+06	0
3.86494e+06	0
3.86504e+06	0
3.86514e+06	0
3.86524e+06	0
3.86534e+06	0
3.86544e+06	0
3.86554e+06	0
3.86564e+06	0
3.86574e+06	0
3.86584e+06	0
3.86594e+06	0
3.86604e+06	0
3.86614e+06	0
3.86624e+06	0
3.86634e+06	0
3.86644e+06	0
3.86654e+06	0
3.86664e+06	0
3.86674e+06	0
3.86684e+06	0
3.86694e+06	0
3.86704e+06	0
3.86714e+06	0
3.86724e+06	0
3.86734e+06	0
3.86744e+06	0
3.86754e+06	0
3.86764e+06	0
3.86774e+06	0
3.86784e+06	0
3.86794e+06	0
3.86804e+06	0
3.86814e+06	0
3.86824e+06	0
3.86834e+06	0
3.86844e+06	0
3.86854e+06	0
3.86864e+06	0
3.86874e+06	0
3.86884e+06	0
3.86894e+06	0
3.86904e+06	0
3.86914e+06	0
3.86924e+06	0
3.86934e+06	0
3.86944e+06	0
3.86954e+06	0
3.86964e+06	0
3.86974e+06	0
3.86984e+06	0
3.86994e+06	0
3.87004e+06	0
3.87014e+06	0
3.87024e+06	0
3.87034e+06	0
3.87044e+06	0
3.87054e+06	0
3.87064e+06	0
3.87074e+06	0
3.87084e+06	0
3.87094e+06	0
3.87104e+06	0
3.87114e+06	0
3.87124e+06	0
3.87134e+06	0
3.87144e+06	0
3.87154e+06	0
3.87164e+06	0
3.87174e+06	0
3.87184e+06	0
3.87194e+06	0
3.87204e+06	0
3.87214e+06	0
3.87224e+06	0
3.87234e+06	0
3.87244e+06	0
3.87254e+06	0
3.87264e+06	0
3.87274e+06	0
3.87284e+06	0
3.87294e+06	0
3.87304e+06	0
3.87314e+06	0
3.87324e+06	0
3.87334e+06	0
3.87344e+06	0
3.87354e+06	0
3.87364e+06	0
3.87374e+06	0
3.87384e+06	0
3.87394e+06	0
3.87404e+06	0
3.87414e+06	0
3.87424e+06	0
3.87434e+06	0
3.87444e+06	0
3.87454e+06	0
3.87464e+06	0
3.87474e+06	0
3.87484e+06	0
3.87494e+06	0
3.87504e+06	0
3.87514e+06	0
3.87524e+06	0
3.87534e+06	0
3.87544e+06	0
3.87554e+06	0
3.87564e+06	0
3.87574e+06	0
3.87584e+06	0
3.87594e+06	0
3.87604e+06	0
3.87614e+06	0
3.87624e+06	0
3.87634e+06	0
3.87644e+06	0
3.87654e+06	0
3.87664e+06	0
3.87674e+06	0
3.87684e+06	0
3.87694e+06	0
3.87704e+06	0
3.87714e+06	0
3.87724e+06	0
3.87734e+06	0
3.87744e+06	0
3.87754e+06	0
3.87764e+06	0
3.87774e+06	0
3.87784e+06	0
3.87794e+06	0
3.87804e+06	0
3.87814e+06	0
3.87824e+06	0
3.87834e+06	0
3.87844e+06	0
3.87854e+06	0
3.87864e+06	0
3.87874e+06	0
3.87884e+06	0
3.87894e+06	0
3.87904e+06	0
3.87914e+06	0
3.87924e+06	0
3.87934e+06	0
3.87944e+06	0
3.87954e+06	0
3.87964e+06	0
3.87974e+06	0
3.87984e+06	0
3.87994e+06	0
3.88004e+06	0
3.88014e+06	0
3.88024e+06	0
3.88034e+06	0
3.88044e+06	0
3.88054e+06	0
3.88064e+06	0
3.88074e+06	0
3.88084e+06	0
3.88094e+06	0
3.88104e+06	0
3.88114e+06	0
3.88124e+06	0
3.88134e+06	0
3.88144e+06	0
3.88154e+06	0
3.88164e+06	0
3.88174e+06	0
3.88184e+06	0
3.88194e+06	0
3.88204e+06	0
3.88214e+06	0
3.88224e+06	0
3.88234e+06	0
3.88244e+06	0
3.88254e+06	0
3.88264e+06	0
3.88274e+06	0
3.88284e+06	0
3.88294e+06	0
3.88304e+06	0
3.88314e+06	0
3.88324e+06	0
3.88334e+06	0
3.88344e+06	0
3.88354e+06	0
3.88364e+06	0
3.88374e+06	0
3.88384e+06	0
3.88394e+06	0
3.88404e+06	0
3.88414e+06	0
3.88424e+06	0
3.88434e+06	0
3.88444e+06	0
3.88454e+06	0
3.88464e+06	0
3.88474e+06	0
3.88484e+06	0
3.88494e+06	0
3.88504e+06	0
3.88514e+06	0
3.88524e+06	0
3.88534e+06	0
3.88544e+06	0
3.88554e+06	0
3.88564e+06	0
3.88574e+06	0
3.88584e+06	0
3.88594e+06	0
3.88604e+06	0
3.88614e+06	0
3.88624e+06	0
3.88634e+06	0
3.88644e+06	0
3.88654e+06	0
3.88664e+06	0
3.88674e+06	0
3.88684e+06	0
3.88694e+06	0
3.88704e+06	0
3.88714e+06	0
3.88724e+06	0
3.88734e+06	0
3.88744e+06	0
3.88754e+06	0
3.88764e+06	0
3.88774e+06	0
3.88784e+06	0
3.88794e+06	0
3.88804e+06	0
3.88814e+06	0
3.88824e+06	0
3.88834e+06	0
3.88844e+06	0
3.88854e+06	0
3.88864e+06	0
3.88874e+06	0
3.88884e+06	0
3.88894e+06	0
3.88904e+06	0
3.88914e+06	0
3.88924e+06	0
3.88934e+06	0
3.88944e+06	0
3.88954e+06	0
3.88964e+06	0
3.88974e+06	0
3.88984e+06	0
3.88994e+06	0
3.89004e+06	0
3.89014e+06	0
3.89024e+06	0
3.89034e+06	0
3.89044e+06	0
3.89054e+06	0
3.89064e+06	0
3.89074e+06	0
3.89084e+06	0
3.89094e+06	0
3.89104e+06	0
3.89114e+06	0
3.89124e+06	0
3.89134e+06	0
3.89144e+06	0
3.89154e+06	0
3.89164e+06	0
3.89174e+06	0
3.89184e+06	0
3.89194e+06	0
3.89204e+06	0
3.89214e+06	0
3.89224e+06	0
3.89234e+06	0
3.89244e+06	0
3.89254e+06	0
3.89264e+06	0
3.89274e+06	0
3.89284e+06	0
3.89294e+06	0
3.89304e+06	0
3.89314e+06	0
3.89324e+06	0
3.89334e+06	0
3.89344e+06	0
3.89354e+06	0
3.89364e+06	0
3.89374e+06	0
3.89384e+06	0
3.89394e+06	0
3.89404e+06	0
3.89414e+06	0
3.89424e+06	0
3.89434e+06	0
3.89444e+06	0
3.89454e+06	0
3.89464e+06	0
3.89474e+06	0
3.89484e+06	0
3.89494e+06	0
3.89504e+06	0
3.89514e+06	0
3.89524e+06	0
3.89534e+06	0
3.89544e+06	0
3.89554e+06	0
3.89564e+06	0
3.89574e+06	0
3.89584e+06	0
3.89594e+06	0
3.89604e+06	0
3.89614e+06	0
3.89624e+06	0
3.89634e+06	0
3.89644e+06	0
3.89654e+06	0
3.89664e+06	0
3.89674e+06	0
3.89684e+06	0
3.89694e+06	0
3.89704e+06	0
3.89714e+06	0
3.89724e+06	0
3.89734e+06	0
3.89744e+06	0
3.89754e+06	0
3.89764e+06	0
3.89774e+06	0
3.89784e+06	0
3.89794e+06	0
3.89804e+06	0
3.89814e+06	0
3.89824e+06	0
3.89834e+06	0
3.89844e+06	0
3.89854e+06	0
3.89864e+06	0
3.89874e+06	0
3.89884e+06	0
3.89894e+06	0
3.89904e+06	0
3.89914e+06	0
3.89924e+06	0
3.89934e+06	0
3.89944e+06	0
3.89954e+06	0
3.89964e+06	0
3.89974e+06	0
3.89984e+06	0
3.89994e+06	0
3.90004e+06	0
3.90014e+06	0
3.90024e+06	0
3.90034e+06	0
3.90044e+06	0
3.90054e+06	0
3.90064e+06	0
3.90074e+06	0
3.90084e+06	0
3.90094e+06	0
3.90104e+06	0
3.90114e+06	0
3.90124e+06	0
3.90134e+06	0
3.90144e+06	0
3.90154e+06	0
3.90164e+06	0
3.90174e+06	0
3.90184e+06	0
3.90194e+06	0
3.90204e+06	0
3.90214e+06	0
3.90224e+06	0
3.90234e+06	0
3.90244e+06	0
3.90254e+06	0
3.90264e+06	0
3.90274e+06	0
3.90284e+06	0
3.90294e+06	0
3.90304e+06	0
3.90314e+06	0
3.90324e+06	0
3.90334e+06	0
3.90344e+06	0
3.90354e+06	0
3.90364e+06	0
3.90374e+06	0
3.90384e+06	0
3.90394e+06	0
3.90404e+06	0
3.90414e+06	0
3.90424e+06	0
3.90434e+06	0
3.90444e+06	0
3.90454e+06	0
3.90464e+06	0
3.90474e+06	0
3.90484e+06	0
3.90494e+06	0
3.90504e+06	0
3.90514e+06	0
3.90524e+06	0
3.90534e+06	0
3.90544e+06	0
3.90554e+06	0
3.90564e+06	0
3.90574e+06	0
3.90584e+06	0
3.90594e+06	0
3.90604e+06	0
3.90614e+06	0
3.90624e+06	0
3.90634e+06	0
3.90644e+06	0
3.90654e+06	0
3.90664e+06	0
3.90674e+06	0
3.90684e+06	0
3.90694e+06	0
3.90704e+06	0
3.90714e+06	0
3.90724e+06	0
3.90734e+06	0
3.90744e+06	0
3.90754e+06	0
3.90764e+06	0
3.90774e+06	0
3.90784e+06	0
3.90794e+06	0
3.90804e+06	0
3.90814e+06	0
3.90824e+06	0
3.90834e+06	0
3.90844e+06	0
3.90854e+06	0
3.90864e+06	0
3.90874e+06	0
3.90884e+06	0
3.90894e+06	0
3.90904e+06	0
3.90914e+06	0
3.90924e+06	0
3.90934e+06	0
3.90944e+06	0
3.90954e+06	0
3.90964e+06	0
3.90974e+06	0
3.90984e+06	0
3.90994e+06	0
3.91004e+06	0
3.91014e+06	0
3.91024e+06	0
3.91034e+06	0
3.91044e+06	0
3.91054e+06	0
3.91064e+06	0
3.91074e+06	0
3.91084e+06	0
3.91094e+06	0
3.91104e+06	0
3.91114e+06	0
3.91124e+06	0
3.91134e+06	0
3.91144e+06	0
3.91154e+06	0
3.91164e+06	0
3.91174e+06	0
3.91184e+06	0
3.91194e+06	0
3.91204e+06	0
3.91214e+06	0
3.91224e+06	0
3.91234e+06	0
3.91244e+06	0
3.91254e+06	0
3.91264e+06	0
3.91274e+06	0
3.91284e+06	0
3.91294e+06	0
3.91304e+06	0
3.91314e+06	0
3.91324e+06	0
3.91334e+06	0
3.91344e+06	0
3.91354e+06	0
3.91364e+06	0
3.91374e+06	0
3.91384e+06	0
3.91394e+06	0
3.91404e+06	0
3.91414e+06	0
3.91424e+06	0
3.91434e+06	0
3.91444e+06	0
3.91454e+06	0
3.91464e+06	0
3.91474e+06	0
3.91484e+06	0
3.91494e+06	0
3.91504e+06	0
3.91514e+06	0
3.91524e+06	0
3.91534e+06	0
3.91544e+06	0
3.91554e+06	0
3.91564e+06	0
3.91574e+06	0
3.91584e+06	0
3.91594e+06	0
3.91604e+06	0
3.91614e+06	0
3.91624e+06	0
3.91634e+06	0
3.91644e+06	0
3.91654e+06	0
3.91664e+06	0
3.91674e+06	0
3.91684e+06	0
3.91694e+06	0
3.91704e+06	0
3.91714e+06	0
3.91724e+06	0
3.91734e+06	0
3.91744e+06	0
3.91754e+06	0
3.91764e+06	0
3.91774e+06	0
3.91784e+06	0
3.91794e+06	0
3.91804e+06	0
3.91814e+06	0
3.91824e+06	0
3.91834e+06	0
3.91844e+06	0
3.91854e+06	0
3.91864e+06	0
3.91874e+06	0
3.91884e+06	0
3.91894e+06	0
3.91904e+06	0
3.91914e+06	0
3.91924e+06	0
3.91934e+06	0
3.91944e+06	0
3.91954e+06	0
3.91964e+06	0
3.91974e+06	0
3.91984e+06	0
3.91994e+06	0
3.92004e+06	0
3.92014e+06	0
3.92024e+06	0
3.92034e+06	0
3.92044e+06	0
3.92054e+06	0
3.92064e+06	0
3.92074e+06	0
3.92084e+06	0
3.92094e+06	0
3.92104e+06	0
3.92114e+06	0
3.92124e+06	0
3.92134e+06	0
3.92144e+06	0
3.92154e+06	0
3.92164e+06	0
3.92174e+06	0
3.92184e+06	0
3.92194e+06	0
3.92204e+06	0
3.92214e+06	0
3.92224e+06	0
3.92234e+06	0
3.92244e+06	0
3.92254e+06	0
3.92264e+06	0
3.92274e+06	0
3.92284e+06	0
3.92294e+06	0
3.92304e+06	0
3.92314e+06	0
3.92324e+06	0
3.92334e+06	0
3.92344e+06	0
3.92354e+06	0
3.92364e+06	0
3.92374e+06	0
3.92384e+06	0
3.92394e+06	0
3.92404e+06	0
3.92414e+06	0
3.92424e+06	0
3.92434e+06	0
3.92444e+06	0
3.92454e+06	0
3.92464e+06	0
3.92474e+06	0
3.92484e+06	0
3.92494e+06	0
3.92504e+06	0
3.92514e+06	0
3.92524e+06	0
3.92534e+06	0
3.92544e+06	0
3.92554e+06	0
3.92564e+06	0
3.92574e+06	0
3.92584e+06	0
3.92594e+06	0
3.92604e+06	0
3.92614e+06	0
3.92624e+06	0
3.92634e+06	0
3.92644e+06	0
3.92654e+06	0
3.92664e+06	0
3.92674e+06	0
3.92684e+06	0
3.92694e+06	0
3.92704e+06	0
3.92714e+06	0
3.92724e+06	0
3.92734e+06	0
3.92744e+06	0
3.92754e+06	0
3.92764e+06	0
3.92774e+06	0
3.92784e+06	0
3.92794e+06	0
3.92804e+06	0
3.92814e+06	0
3.92824e+06	0
3.92834e+06	0
3.92844e+06	0
3.92854e+06	0
3.92864e+06	0
3.92874e+06	0
3.92884e+06	0
3.92894e+06	0
3.92904e+06	0
3.92914e+06	0
3.92924e+06	0
3.92934e+06	0
3.92944e+06	0
3.92954e+06	0
3.92964e+06	0
3.92974e+06	0
3.92984e+06	0
3.92994e+06	0
3.93004e+06	0
3.93014e+06	0
3.93024e+06	0
3.93034e+06	0
3.93044e+06	0
3.93054e+06	0
3.93064e+06	0
3.93074e+06	0
3.93084e+06	0
3.93094e+06	0
3.93104e+06	0
3.93114e+06	0
3.93124e+06	0
3.93134e+06	0
3.93144e+06	0
3.93154e+06	0
3.93164e+06	0
3.93174e+06	0
3.93184e+06	0
3.93194e+06	0
3.93204e+06	0
3.93214e+06	0
3.93224e+06	0
3.93234e+06	0
3.93244e+06	0
3.93254e+06	0
3.93264e+06	0
3.93274e+06	0
3.93284e+06	0
3.93294e+06	0
3.93304e+06	0
3.93314e+06	0
3.93324e+06	0
3.93334e+06	0
3.93344e+06	0
3.93354e+06	0
3.93364e+06	0
3.93374e+06	0
3.93384e+06	0
3.93394e+06	0
3.93404e+06	0
3.93414e+06	0
3.93424e+06	0
3.93434e+06	0
3.93444e+06	0
3.93454e+06	0
3.93464e+06	0
3.93474e+06	0
3.93484e+06	0
3.93494e+06	0
3.93504e+06	0
3.93514e+06	0
3.93524e+06	0
3.93534e+06	0
3.93544e+06	0
3.93554e+06	0
3.93564e+06	0
3.93574e+06	0
3.93584e+06	0
3.93594e+06	0
3.93604e+06	0
3.93614e+06	0
3.93624e+06	0
3.93634e+06	0
3.93644e+06	0
3.93654e+06	0
3.93664e+06	0
3.93674e+06	0
3.93684e+06	0
3.93694e+06	0
3.93704e+06	0
3.93714e+06	0
3.93724e+06	0
3.93734e+06	0
3.93744e+06	0
3.93754e+06	0
3.93764e+06	0
3.93774e+06	0
3.93784e+06	0
3.93794e+06	0
3.93804e+06	0
3.93814e+06	0
3.93824e+06	0
3.93834e+06	0
3.93844e+06	0
3.93854e+06	0
3.93864e+06	0
3.93874e+06	0
3.93884e+06	0
3.93894e+06	0
3.93904e+06	0
3.93914e+06	0
3.93924e+06	0
3.93934e+06	0
3.93944e+06	0
3.93954e+06	0
3.93964e+06	0
3.93974e+06	0
3.93984e+06	0
3.93994e+06	0
3.94004e+06	0
3.94014e+06	0
3.94024e+06	0
3.94034e+06	0
3.94044e+06	0
3.94054e+06	0
3.94064e+06	0
3.94074e+06	0
3.94084e+06	0
3.94094e+06	0
3.94104e+06	0
3.94114e+06	0
3.94124e+06	0
3.94134e+06	0
3.94144e+06	0
3.94154e+06	0
3.94164e+06	0
3.94174e+06	0
3.94184e+06	0
3.94194e+06	0
3.94204e+06	0
3.94214e+06	0
3.94224e+06	0
3.94234e+06	0
3.94244e+06	0
3.94254e+06	0
3.94264e+06	0
3.94274e+06	0
3.94284e+06	0
3.94294e+06	0
3.94304e+06	0
3.94314e+06	0
3.94324e+06	0
3.94334e+06	0
3.94344e+06	0
3.94354e+06	0
3.94364e+06	0
3.94374e+06	0
3.94384e+06	0
3.94394e+06	0
3.94404e+06	0
3.94414e+06	0
3.94424e+06	0
3.94434e+06	0
3.94444e+06	0
3.94454e+06	0
3.94464e+06	0
3.94474e+06	0
3.94484e+06	0
3.94494e+06	0
3.94504e+06	0
3.94514e+06	0
3.94524e+06	0
3.94534e+06	0
3.94544e+06	0
3.94554e+06	0
3.94564e+06	0
3.94574e+06	0
3.94584e+06	0
3.94594e+06	0
3.94604e+06	0
3.94614e+06	0
3.94624e+06	0
3.94634e+06	0
3.94644e+06	0
3.94654e+06	0
3.94664e+06	0
3.94674e+06	0
3.94684e+06	0
3.94694e+06	0
3.94704e+06	0
3.94714e+06	0
3.94724e+06	0
3.94734e+06	0
3.94744e+06	0
3.94754e+06	0
3.94764e+06	0
3.94774e+06	0
3.94784e+06	0
3.94794e+06	0
3.94804e+06	0
3.94814e+06	0
3.94824e+06	0
3.94834e+06	0
3.94844e+06	0
3.94854e+06	0
3.94864e+06	0
3.94874e+06	0
3.94884e+06	0
3.94894e+06	0
3.94904e+06	0
3.94914e+06	0
3.94924e+06	0
3.94934e+06	0
3.94944e+06	0
3.94954e+06	0
3.94964e+06	0
3.94974e+06	0
3.94984e+06	0
3.94994e+06	0
3.95004e+06	0
3.95014e+06	0
3.95024e+06	0
3.95034e+06	0
3.95044e+06	0
3.95054e+06	0
3.95064e+06	0
3.95074e+06	0
3.95084e+06	0
3.95094e+06	0
3.95104e+06	0
3.95114e+06	0
3.95124e+06	0
3.95134e+06	0
3.95144e+06	0
3.95154e+06	0
3.95164e+06	0
3.95174e+06	0
3.95184e+06	0
3.95194e+06	0
3.95204e+06	0
3.95214e+06	0
3.95224e+06	0
3.95234e+06	0
3.95244e+06	0
3.95254e+06	0
3.95264e+06	0
3.95274e+06	0
3.95284e+06	0
3.95294e+06	0
3.95304e+06	0
3.95314e+06	0
3.95324e+06	0
3.95334e+06	0
3.95344e+06	0
3.95354e+06	0
3.95364e+06	0
3.95374e+06	0
3.95384e+06	0
3.95394e+06	0
3.95404e+06	0
3.95414e+06	0
3.95424e+06	0
3.95434e+06	0
3.95444e+06	0
3.95454e+06	0
3.95464e+06	0
3.95474e+06	0
3.95484e+06	0
3.95494e+06	0
3.95504e+06	0
3.95514e+06	0
3.95524e+06	0
3.95534e+06	0
3.95544e+06	0
3.95554e+06	0
3.95564e+06	0
3.95574e+06	0
3.95584e+06	0
3.95594e+06	0
3.95604e+06	0
3.95614e+06	0
3.95624e+06	0
3.95634e+06	0
3.95644e+06	0
3.95654e+06	0
3.95664e+06	0
3.95674e+06	0
3.95684e+06	0
3.95694e+06	0
3.95704e+06	0
3.95714e+06	0
3.95724e+06	0
3.95734e+06	0
3.95744e+06	0
3.95754e+06	0
3.95764e+06	0
3.95774e+06	0
3.95784e+06	0
3.95794e+06	0
3.95804e+06	0
3.95814e+06	0
3.95824e+06	0
3.95834e+06	0
3.95844e+06	0
3.95854e+06	0
3.95864e+06	0
3.95874e+06	0
3.95884e+06	0
3.95894e+06	0
3.95904e+06	0
3.95914e+06	0
3.95924e+06	0
3.95934e+06	0
3.95944e+06	0
3.95954e+06	0
3.95964e+06	0
3.95974e+06	0
3.95984e+06	0
3.95994e+06	0
3.96004e+06	0
3.96014e+06	0
3.96024e+06	0
3.96034e+06	0
3.96044e+06	0
3.96054e+06	0
3.96064e+06	0
3.96074e+06	0
3.96084e+06	0
3.96094e+06	0
3.96104e+06	0
3.96114e+06	0
3.96124e+06	0
3.96134e+06	0
3.96144e+06	0
3.96154e+06	0
3.96164e+06	0
3.96174e+06	0
3.96184e+06	0
3.96194e+06	0
3.96204e+06	0
3.96214e+06	0
3.96224e+06	0
3.96234e+06	0
3.96244e+06	0
3.96254e+06	0
3.96264e+06	0
3.96274e+06	0
3.96284e+06	0
3.96294e+06	0
3.96304e+06	0
3.96314e+06	0
3.96324e+06	0
3.96334e+06	0
3.96344e+06	0
3.96354e+06	0
3.96364e+06	0
3.96374e+06	0
3.96384e+06	0
3.96394e+06	0
3.96404e+06	0
3.96414e+06	0
3.96424e+06	0
3.96434e+06	0
3.96444e+06	0
3.96454e+06	0
3.96464e+06	0
3.96474e+06	0
3.96484e+06	0
3.96494e+06	0
3.96504e+06	0
3.96514e+06	0
3.96524e+06	0
3.96534e+06	0
3.96544e+06	0
3.96554e+06	0
3.96564e+06	0
3.96574e+06	0
3.96584e+06	0
3.96594e+06	0
3.96604e+06	0
3.96614e+06	0
3.96624e+06	0
3.96634e+06	0
3.96644e+06	0
3.96654e+06	0
3.96664e+06	0
3.96674e+06	0
3.96684e+06	0
3.96694e+06	0
3.96704e+06	0
3.96714e+06	0
3.96724e+06	0
3.96734e+06	0
3.96744e+06	0
3.96754e+06	0
3.96764e+06	0
3.96774e+06	0
3.96784e+06	0
3.96794e+06	0
3.96804e+06	0
3.96814e+06	0
3.96824e+06	0
3.96834e+06	0
3.96844e+06	0
3.96854e+06	0
3.96864e+06	0
3.96874e+06	0
3.96884e+06	0
3.96894e+06	0
3.96904e+06	0
3.96914e+06	0
3.96924e+06	0
3.96934e+06	0
3.96944e+06	0
3.96954e+06	0
3.96964e+06	0
3.96974e+06	0
3.96984e+06	0
3.96994e+06	0
3.97004e+06	0
3.97014e+06	0
3.97024e+06	0
3.97034e+06	0
3.97044e+06	0
3.97054e+06	0
3.97064e+06	0
3.97074e+06	0
3.97084e+06	0
3.97094e+06	0
3.97104e+06	0
3.97114e+06	0
3.97124e+06	0
3.97134e+06	0
3.97144e+06	0
3.97154e+06	0
3.97164e+06	0
3.97174e+06	0
3.97184e+06	0
3.97194e+06	0
3.97204e+06	0
3.97214e+06	0
3.97224e+06	0
3.97234e+06	0
3.97244e+06	0
3.97254e+06	0
3.97264e+06	0
3.97274e+06	0
3.97284e+06	0
3.97294e+06	0
3.97304e+06	0
3.97314e+06	0
3.97324e+06	0
3.97334e+06	0
3.97344e+06	0
3.97354e+06	0
3.97364e+06	0
3.97374e+06	0
3.97384e+06	0
3.97394e+06	0
3.97404e+06	0
3.97414e+06	0
3.97424e+06	0
3.97434e+06	0
3.97444e+06	0
3.97454e+06	0
3.97464e+06	0
3.97474e+06	0
3.97484e+06	0
3.97494e+06	0
3.97504e+06	0
3.97514e+06	0
3.97524e+06	0
3.97534e+06	0
3.97544e+06	0
3.97554e+06	0
3.97564e+06	0
3.97574e+06	0
3.97584e+06	0
3.97594e+06	0
3.97604e+06	0
3.97614e+06	0
3.97624e+06	0
3.97634e+06	0
3.97644e+06	0
3.97654e+06	0
3.97664e+06	0
3.97674e+06	0
3.97684e+06	0
3.97694e+06	0
3.97704e+06	0
3.97714e+06	0
3.97724e+06	0
3.97734e+06	0
3.97744e+06	0
3.97754e+06	0
3.97764e+06	0
3.97774e+06	0
3.97784e+06	0
3.97794e+06	0
3.97804e+06	0
3.97814e+06	0
3.97824e+06	0
3.97834e+06	0
3.97844e+06	0
3.97854e+06	0
3.97864e+06	0
3.97874e+06	0
3.97884e+06	0
3.97894e+06	0
3.97904e+06	0
3.97914e+06	0
3.97924e+06	0
3.97934e+06	0
3.97944e+06	0
3.97954e+06	0
3.97964e+06	0
3.97974e+06	0
3.97984e+06	0
3.97994e+06	0
3.98004e+06	0
3.98014e+06	0
3.98024e+06	0
3.98034e+06	0
3.98044e+06	0
3.98054e+06	0
3.98064e+06	0
3.98074e+06	0
3.98084e+06	0
3.98094e+06	0
3.98104e+06	0
3.98114e+06	0
3.98124e+06	0
3.98134e+06	0
3.98144e+06	0
3.98154e+06	0
3.98164e+06	0
3.98174e+06	0
3.98184e+06	0
3.98194e+06	0
3.98204e+06	0
3.98214e+06	0
3.98224e+06	0
3.98234e+06	0
3.98244e+06	0
3.98254e+06	0
3.98264e+06	0
3.98274e+06	0
3.98284e+06	0
3.98294e+06	0
3.98304e+06	0
3.98314e+06	0
3.98324e+06	0
3.98334e+06	0
3.98344e+06	0
3.98354e+06	0
3.98364e+06	0
3.98374e+06	0
3.98384e+06	0
3.98394e+06	0
3.98404e+06	0
3.98414e+06	0
3.98424e+06	0
3.98434e+06	0
3.98444e+06	0
3.98454e+06	0
3.98464e+06	0
3.98474e+06	0
3.98484e+06	0
3.98494e+06	0
3.98504e+06	0
3.98514e+06	0
3.98524e+06	0
3.98534e+06	0
3.98544e+06	0
3.98554e+06	0
3.98564e+06	0
3.98574e+06	0
3.98584e+06	0
3.98594e+06	0
3.98604e+06	0
3.98614e+06	0
3.98624e+06	0
3.98634e+06	0
3.98644e+06	0
3.98654e+06	0
3.98664e+06	0
3.98674e+06	0
3.98684e+06	0
3.98694e+06	0
3.98704e+06	0
3.98714e+06	0
3.98724e+06	0
3.98734e+06	0
3.98744e+06	0
3.98754e+06	0
3.98764e+06	0
3.98774e+06	0
3.98784e+06	0
3.98794e+06	0
3.98804e+06	0
3.98814e+06	0
3.98824e+06	0
3.98834e+06	0
3.98844e+06	0
3.98854e+06	0
3.98864e+06	0
3.98874e+06	0
3.98884e+06	0
3.98894e+06	0
3.98904e+06	0
3.98914e+06	0
3.98924e+06	0
3.98934e+06	0
3.98944e+06	0
3.98954e+06	0
3.98964e+06	0
3.98974e+06	0
3.98984e+06	0
3.98994e+06	0
3.99004e+06	0
3.99014e+06	0
3.99024e+06	0
3.99034e+06	0
3.99044e+06	0
3.99054e+06	0
3.99064e+06	0
3.99074e+06	0
3.99084e+06	0
3.99094e+06	0
3.99104e+06	0
3.99114e+06	0
3.99124e+06	0
3.99134e+06	0
3.99144e+06	0
3.99154e+06	0
3.99164e+06	0
3.99174e+06	0
3.99184e+06	0
3.99194e+06	0
3.99204e+06	0
3.99214e+06	0
3.99224e+06	0
3.99234e+06	0
3.99244e+06	0
3.99254e+06	0
3.99264e+06	0
3.99274e+06	0
3.99284e+06	0
3.99294e+06	0
3.99304e+06	0
3.99314e+06	0
3.99324e+06	0
3.99334e+06	0
3.99344e+06	0
3.99354e+06	0
3.99364e+06	0
3.99374e+06	0
3.99384e+06	0
3.99394e+06	0
3.99404e+06	0
3.99414e+06	0
3.99424e+06	0
3.99434e+06	0
3.99444e+06	0
3.99454e+06	0
3.99464e+06	0
3.99474e+06	0
3.99484e+06	0
3.99494e+06	0
3.99504e+06	0
3.99514e+06	0
3.99524e+06	0
3.99534e+06	0
3.99544e+06	0
3.99554e+06	0
3.99564e+06	0
3.99574e+06	0
3.99584e+06	0
3.99594e+06	0
3.99604e+06	0
3.99614e+06	0
3.99624e+06	0
3.99634e+06	0
3.99644e+06	0
3.99654e+06	0
3.99664e+06	0
3.99674e+06	0
3.99684e+06	0
3.99694e+06	0
3.99704e+06	0
3.99714e+06	0
3.99724e+06	0
3.99734e+06	0
3.99744e+06	0
3.99754e+06	0
3.99764e+06	0
3.99774e+06	0
3.99784e+06	0
3.99794e+06	0
3.99804e+06	0
3.99814e+06	0
3.99824e+06	0
3.99834e+06	0
3.99844e+06	0
3.99854e+06	0
3.99864e+06	0
3.99874e+06	0
3.99884e+06	0
3.99894e+06	0
3.99904e+06	0
3.99914e+06	0
3.99924e+06	0
3.99934e+06	0
3.99944e+06	0
3.99954e+06	0
3.99964e+06	0
3.99974e+06	0
3.99984e+06	0
3.99994e+06	0
4.00004e+06	0
4.00014e+06	0
4.00024e+06	0
4.00034e+06	0
4.00044e+06	0
4.00054e+06	0
4.00064e+06	0
4.00074e+06	0
4.00084e+06	0
4.00094e+06	0
4.00104e+06	0
4.00114e+06	0
4.00124e+06	0
4.00134e+06	0
4.00144e+06	0
4.00154e+06	0
4.00164e+06	0
4.00174e+06	0
4.00184e+06	0
4.00194e+06	0
4.00204e+06	0
4.00214e+06	0
4.00224e+06	0
4.00234e+06	0
4.00244e+06	0
4.00254e+06	0
4.00264e+06	0
4.00274e+06	0
4.00284e+06	0
4.00294e+06	0
4.00304e+06	0
4.00314e+06	0
4.00324e+06	0
4.00334e+06	0
4.00344e+06	0
4.00354e+06	0
4.00364e+06	0
4.00374e+06	0
4.00384e+06	0
4.00394e+06	0
4.00404e+06	0
4.00414e+06	0
4.00424e+06	0
4.00434e+06	0
4.00444e+06	0
4.00454e+06	0
4.00464e+06	0
4.00474e+06	0
4.00484e+06	0
4.00494e+06	0
4.00504e+06	0
4.00514e+06	0
4.00524e+06	0
4.00534e+06	0
4.00544e+06	0
4.00554e+06	0
4.00564e+06	0
4.00574e+06	0
4.00584e+06	0
4.00594e+06	0
4.00604e+06	0
4.00614e+06	0
4.00624e+06	0
4.00634e+06	0
4.00644e+06	0
4.00654e+06	0
4.00664e+06	0
4.00674e+06	0
4.00684e+06	0
4.00694e+06	0
4.00704e+06	0
4.00714e+06	0
4.00724e+06	0
4.00734e+06	0
4.00744e+06	0
4.00754e+06	0
4.00764e+06	0
4.00774e+06	0
4.00784e+06	0
4.00794e+06	0
4.00804e+06	0
4.00814e+06	0
4.00824e+06	0
4.00834e+06	0
4.00844e+06	0
4.00854e+06	0
4.00864e+06	0
4.00874e+06	0
4.00884e+06	0
4.00894e+06	0
4.00904e+06	0
4.00914e+06	0
4.00924e+06	0
4.00934e+06	0
4.00944e+06	0
4.00954e+06	0
4.00964e+06	0
4.00974e+06	0
4.00984e+06	0
4.00994e+06	0
4.01004e+06	0
4.01014e+06	0
4.01024e+06	0
4.01034e+06	0
4.01044e+06	0
4.01054e+06	0
4.01064e+06	0
4.01074e+06	0
4.01084e+06	0
4.01094e+06	0
4.01104e+06	0
4.01114e+06	0
4.01124e+06	0
4.01134e+06	0
4.01144e+06	0
4.01154e+06	0
4.01164e+06	0
4.01174e+06	0
4.01184e+06	0
4.01194e+06	0
4.01204e+06	0
4.01214e+06	0
4.01224e+06	0
4.01234e+06	0
4.01244e+06	0
4.01254e+06	0
4.01264e+06	0
4.01274e+06	0
4.01284e+06	0
4.01294e+06	0
4.01304e+06	0
4.01314e+06	0
4.01324e+06	0
4.01334e+06	0
4.01344e+06	0
4.01354e+06	0
4.01364e+06	0
4.01374e+06	0
4.01384e+06	0
4.01394e+06	0
4.01404e+06	0
4.01414e+06	0
4.01424e+06	0
4.01434e+06	0
4.01444e+06	0
4.01454e+06	0
4.01464e+06	0
4.01474e+06	0
4.01484e+06	0
4.01494e+06	0
4.01504e+06	0
4.01514e+06	0
4.01524e+06	0
4.01534e+06	0
4.01544e+06	0
4.01554e+06	0
4.01564e+06	0
4.01574e+06	0
4.01584e+06	0
4.01594e+06	0
4.01604e+06	0
4.01614e+06	0
4.01624e+06	0
4.01634e+06	0
4.01644e+06	0
4.01654e+06	0
4.01664e+06	0
4.01674e+06	0
4.01684e+06	0
4.01694e+06	0
4.01704e+06	0
4.01714e+06	0
4.01724e+06	0
4.01734e+06	0
4.01744e+06	0
4.01754e+06	0
4.01764e+06	0
4.01774e+06	0
4.01784e+06	0
4.01794e+06	0
4.01804e+06	0
4.01814e+06	0
4.01824e+06	0
4.01834e+06	0
4.01844e+06	0
4.01854e+06	0
4.01864e+06	0
4.01874e+06	0
4.01884e+06	0
4.01894e+06	0
4.01904e+06	0
4.01914e+06	0
4.01924e+06	0
4.01934e+06	0
4.01944e+06	0
4.01954e+06	0
4.01964e+06	0
4.01974e+06	0
4.01984e+06	0
4.01994e+06	0
4.02004e+06	0
4.02014e+06	0
4.02024e+06	0
4.02034e+06	0
4.02044e+06	0
4.02054e+06	0
4.02064e+06	0
4.02074e+06	0
4.02084e+06	0
4.02094e+06	0
4.02104e+06	0
4.02114e+06	0
4.02124e+06	0
4.02134e+06	0
4.02144e+06	0
4.02154e+06	0
4.02164e+06	0
4.02174e+06	0
4.02184e+06	0
4.02194e+06	0
4.02204e+06	0
4.02214e+06	0
4.02224e+06	0
4.02234e+06	0
4.02244e+06	0
4.02254e+06	0
4.02264e+06	0
4.02274e+06	0
4.02284e+06	0
4.02294e+06	0
4.02304e+06	0
4.02314e+06	0
4.02324e+06	0
4.02334e+06	0
4.02344e+06	0
4.02354e+06	0
4.02364e+06	0
4.02374e+06	0
4.02384e+06	0
4.02394e+06	0
4.02404e+06	0
4.02414e+06	0
4.02424e+06	0
4.02434e+06	0
4.02444e+06	0
4.02454e+06	0
4.02464e+06	0
4.02474e+06	0
4.02484e+06	0
4.02494e+06	0
4.02504e+06	0
4.02514e+06	0
4.02524e+06	0
4.02534e+06	0
4.02544e+06	0
4.02554e+06	0
4.02564e+06	0
4.02574e+06	0
4.02584e+06	0
4.02594e+06	0
4.02604e+06	0
4.02614e+06	0
4.02624e+06	0
4.02634e+06	0
4.02644e+06	0
4.02654e+06	0
4.02664e+06	0
4.02674e+06	0
4.02684e+06	0
4.02694e+06	0
4.02704e+06	0
4.02714e+06	0
4.02724e+06	0
4.02734e+06	0
4.02744e+06	0
4.02754e+06	0
4.02764e+06	0
4.02774e+06	0
4.02784e+06	0
4.02794e+06	0
4.02804e+06	0
4.02814e+06	0
4.02824e+06	0
4.02834e+06	0
4.02844e+06	0
4.02854e+06	0
4.02864e+06	0
4.02874e+06	0
4.02884e+06	0
4.02894e+06	0
4.02904e+06	0
4.02914e+06	0
4.02924e+06	0
4.02934e+06	0
4.02944e+06	0
4.02954e+06	0
4.02964e+06	0
4.02974e+06	0
4.02984e+06	0
4.02994e+06	0
4.03004e+06	0
4.03014e+06	0
4.03024e+06	0
4.03034e+06	0
4.03044e+06	0
4.03054e+06	0
4.03064e+06	0
4.03074e+06	0
4.03084e+06	0
4.03094e+06	0
4.03104e+06	0
4.03114e+06	0
4.03124e+06	0
4.03134e+06	0
4.03144e+06	0
4.03154e+06	0
4.03164e+06	0
4.03174e+06	0
4.03184e+06	0
4.03194e+06	0
4.03204e+06	0
4.03214e+06	0
4.03224e+06	0
4.03234e+06	0
4.03244e+06	0
4.03254e+06	0
4.03264e+06	0
4.03274e+06	0
4.03284e+06	0
4.03294e+06	0
4.03304e+06	0
4.03314e+06	0
4.03324e+06	0
4.03334e+06	0
4.03344e+06	0
4.03354e+06	0
4.03364e+06	0
4.03374e+06	0
4.03384e+06	0
4.03394e+06	0
4.03404e+06	0
4.03414e+06	0
4.03424e+06	0
4.03434e+06	0
4.03444e+06	0
4.03454e+06	0
4.03464e+06	0
4.03474e+06	0
4.03484e+06	0
4.03494e+06	0
4.03504e+06	0
4.03514e+06	0
4.03524e+06	0
4.03534e+06	0
4.03544e+06	0
4.03554e+06	0
4.03564e+06	0
4.03574e+06	0
4.03584e+06	0
4.03594e+06	0
4.03604e+06	0
4.03614e+06	0
4.03624e+06	0
4.03634e+06	0
4.03644e+06	0
4.03654e+06	0
4.03664e+06	0
4.03674e+06	0
4.03684e+06	0
4.03694e+06	0
4.03704e+06	0
4.03714e+06	0
4.03724e+06	0
4.03734e+06	0
4.03744e+06	0
4.03754e+06	0
4.03764e+06	0
4.03774e+06	0
4.03784e+06	0
4.03794e+06	0
4.03804e+06	0
4.03814e+06	0
4.03824e+06	0
4.03834e+06	0
4.03844e+06	0
4.03854e+06	0
4.03864e+06	0
4.03874e+06	0
4.03884e+06	0
4.03894e+06	0
4.03904e+06	0
4.03914e+06	0
4.03924e+06	0
4.03934e+06	0
4.03944e+06	0
4.03954e+06	0
4.03964e+06	0
4.03974e+06	0
4.03984e+06	0
4.03994e+06	0
4.04004e+06	0
4.04014e+06	0
4.04024e+06	0
4.04034e+06	0
4.04044e+06	0
4.04054e+06	0
4.04064e+06	0
4.04074e+06	0
4.04084e+06	0
4.04094e+06	0
4.04104e+06	0
4.04114e+06	0
4.04124e+06	0
4.04134e+06	0
4.04144e+06	0
4.04154e+06	0
4.04164e+06	0
4.04174e+06	0
4.04184e+06	0
4.04194e+06	0
4.04204e+06	0
4.04214e+06	0
4.04224e+06	0
4.04234e+06	0
4.04244e+06	0
4.04254e+06	0
4.04264e+06	0
4.04274e+06	0
4.04284e+06	0
4.04294e+06	0
4.04304e+06	0
4.04314e+06	0
4.04324e+06	0
4.04334e+06	0
4.04344e+06	0
4.04354e+06	0
4.04364e+06	0
4.04374e+06	0
4.04384e+06	0
4.04394e+06	0
4.04404e+06	0
4.04414e+06	0
4.04424e+06	0
4.04434e+06	0
4.04444e+06	0
4.04454e+06	0
4.04464e+06	0
4.04474e+06	0
4.04484e+06	0
4.04494e+06	0
4.04504e+06	0
4.04514e+06	0
4.04524e+06	0
4.04534e+06	0
4.04544e+06	0
4.04554e+06	0
4.04564e+06	0
4.04574e+06	0
4.04584e+06	0
4.04594e+06	0
4.04604e+06	0
4.04614e+06	0
4.04624e+06	0
4.04634e+06	0
4.04644e+06	0
4.04654e+06	0
4.04664e+06	0
4.04674e+06	0
4.04684e+06	0
4.04694e+06	0
4.04704e+06	0
4.04714e+06	0
4.04724e+06	0
4.04734e+06	0
4.04744e+06	0
4.04754e+06	0
4.04764e+06	0
4.04774e+06	0
4.04784e+06	0
4.04794e+06	0
4.04804e+06	0
4.04814e+06	0
4.04824e+06	0
4.04834e+06	0
4.04844e+06	0
4.04854e+06	0
4.04864e+06	0
4.04874e+06	0
4.04884e+06	0
4.04894e+06	0
4.04904e+06	0
4.04914e+06	0
4.04924e+06	0
4.04934e+06	0
4.04944e+06	0
4.04954e+06	0
4.04964e+06	0
4.04974e+06	0
4.04984e+06	0
4.04994e+06	0
4.05004e+06	0
4.05014e+06	0
4.05024e+06	0
4.05034e+06	0
4.05044e+06	0
4.05054e+06	0
4.05064e+06	0
4.05074e+06	0
4.05084e+06	0
4.05094e+06	0
4.05104e+06	0
4.05114e+06	0
4.05124e+06	0
4.05134e+06	0
4.05144e+06	0
4.05154e+06	0
4.05164e+06	0
4.05174e+06	0
4.05184e+06	0
4.05194e+06	0
4.05204e+06	0
4.05214e+06	0
4.05224e+06	0
4.05234e+06	0
4.05244e+06	0
4.05254e+06	0
4.05264e+06	0
4.05274e+06	0
4.05284e+06	0
4.05294e+06	0
4.05304e+06	0
4.05314e+06	0
4.05324e+06	0
4.05334e+06	0
4.05344e+06	0
4.05354e+06	0
4.05364e+06	0
4.05374e+06	0
4.05384e+06	0
4.05394e+06	0
4.05404e+06	0
4.05414e+06	0
4.05424e+06	0
4.05434e+06	0
4.05444e+06	0
4.05454e+06	0
4.05464e+06	0
4.05474e+06	0
4.05484e+06	0
4.05494e+06	0
4.05504e+06	0
4.05514e+06	4.94066e-324
4.05524e+06	2.37152e-322
4.05534e+06	1.1156e-320
4.05544e+06	5.14895e-319
4.05554e+06	2.35278e-317
4.05564e+06	1.06439e-315
4.05574e+06	4.76734e-314
4.05584e+06	2.11402e-312
4.05594e+06	9.28108e-311
4.05604e+06	4.03409e-309
4.05614e+06	1.736e-307
4.05624e+06	7.39623e-306
4.05634e+06	3.11981e-304
4.05644e+06	1.30288e-302
4.05654e+06	5.38687e-301
4.05664e+06	2.20509e-299
4.05674e+06	8.93659e-298
4.05684e+06	3.58571e-296
4.05694e+06	1.42441e-294
4.05704e+06	5.60213e-293
4.05714e+06	2.18136e-291
4.05724e+06	8.4093e-290
4.05734e+06	3.20958e-288
4.05744e+06	1.21281e-286
4.05754e+06	4.53729e-285
4.05764e+06	1.68057e-283
4.05774e+06	6.16274e-282
4.05784e+06	2.23742e-280
4.05794e+06	8.04227e-279
4.05804e+06	2.86198e-277
4.05814e+06	1.00835e-275
4.05824e+06	3.51734e-274
4.05834e+06	1.21471e-272
4.05844e+06	4.15327e-271
4.05854e+06	1.40593e-269
4.05864e+06	4.71187e-268
4.05874e+06	1.56344e-266
4.05884e+06	5.13601e-265
4.05894e+06	1.67043e-263
4.05904e+06	5.37881e-262
4.05914e+06	1.71475e-260
4.05924e+06	5.41221e-259
4.05934e+06	1.69124e-257
4.05944e+06	5.23228e-256
4.05954e+06	1.60264e-254
4.05964e+06	4.86e-253
4.05974e+06	1.45913e-251
4.05984e+06	4.3372e-250
4.05994e+06	1.27638e-248
4.06004e+06	3.71886e-247
4.06014e+06	1.07275e-245
4.06024e+06	3.06366e-244
4.06034e+06	8.66244e-243
4.06044e+06	2.42492e-241
4.06054e+06	6.72066e-240
4.06064e+06	1.8441e-238
4.06074e+06	5.00971e-237
4.06084e+06	1.3474e-235
4.06094e+06	3.5879e-234
4.06104e+06	9.45889e-233
4.06114e+06	2.46886e-231
4.06124e+06	6.37986e-230
4.06134e+06	1.63223e-228
4.06144e+06	4.13438e-227
4.06154e+06	1.0368e-225
4.06164e+06	2.57417e-224
4.06174e+06	6.32756e-223
4.06184e+06	1.5399e-221
4.06194e+06	3.71027e-220
4.06204e+06	8.85066e-219
4.06214e+06	2.09027e-217
4.06224e+06	4.88751e-216
4.06234e+06	1.13143e-214
4.06244e+06	2.59315e-213
4.06254e+06	5.88414e-212
4.06264e+06	1.32189e-210
4.06274e+06	2.94012e-209
4.06284e+06	6.47429e-208
4.06294e+06	1.41148e-206
4.06304e+06	3.04661e-205
4.06314e+06	6.51051e-204
4.06324e+06	1.37743e-202
4.06334e+06	2.88524e-201
4.06344e+06	5.98344e-200
4.06354e+06	1.22851e-198
4.06364e+06	2.49724e-197
4.06374e+06	5.02574e-196
4.06384e+06	1.00138e-194
4.06394e+06	1.97539e-193
4.06404e+06	3.85801e-192
4.06414e+06	7.45988e-191
4.06424e+06	1.4281e-189
4.06434e+06	2.7067e-188
4.06444e+06	5.07902e-187
4.06454e+06	9.43575e-186
4.06464e+06	1.73552e-184
4.06474e+06	3.16039e-183
4.06484e+06	5.69782e-182
4.06494e+06	1.01703e-180
4.06504e+06	1.79728e-179
4.06514e+06	3.14452e-178
4.06524e+06	5.44692e-177
4.06534e+06	9.34122e-176
4.06544e+06	1.58604e-174
4.06554e+06	2.66613e-173
4.06564e+06	4.43716e-172
4.06574e+06	7.31117e-171
4.06584e+06	1.19268e-169
4.06594e+06	1.92629e-168
4.06604e+06	3.08016e-167
4.06614e+06	4.87621e-166
4.06624e+06	7.64274e-165
4.06634e+06	1.18597e-163
4.06644e+06	1.82202e-162
4.06654e+06	2.77135e-161
4.06664e+06	4.17336e-160
4.06674e+06	6.22212e-159
4.06684e+06	9.18432e-158
4.06694e+06	1.34219e-156
4.06704e+06	1.94194e-155
4.06714e+06	2.78174e-154
4.06724e+06	3.94506e-153
4.06734e+06	5.53921e-152
4.06744e+06	7.70015e-151
4.06754e+06	1.05976e-149
4.06764e+06	1.44402e-148
4.06774e+06	1.94803e-147
4.06784e+06	2.6018e-146
4.06794e+06	3.44042e-145
4.06804e+06	4.50407e-144
4.06814e+06	5.83789e-143
4.06824e+06	7.49141e-142
4.06834e+06	9.51761e-141
4.06844e+06	1.19715e-139
4.06854e+06	1.49083e-138
4.06864e+06	1.83808e-137
4.06874e+06	2.24366e-136
4.06884e+06	2.71149e-135
4.06894e+06	3.24425e-134
4.06904e+06	3.84308e-133
4.06914e+06	4.50713e-132
4.06924e+06	5.23334e-131
4.06934e+06	6.01608e-130
4.06944e+06	6.84709e-129
4.06954e+06	7.71535e-128
4.06964e+06	8.60721e-127
4.06974e+06	9.50661e-126
4.06984e+06	1.03955e-124
4.06994e+06	1.12544e-123
4.07004e+06	1.20631e-122
4.07014e+06	1.28012e-121
4.07024e+06	1.34493e-120
4.07034e+06	1.39896e-119
4.07044e+06	1.44068e-118
4.07054e+06	1.46889e-117
4.07064e+06	1.48274e-116
4.07074e+06	1.48183e-115
4.07084e+06	1.46619e-114
4.07094e+06	1.43628e-113
4.07104e+06	1.39298e-112
4.07114e+06	1.33754e-111
4.07124e+06	1.27153e-110
4.07134e+06	1.19675e-109
4.07144e+06	1.11516e-108
4.07154e+06	1.02879e-107
4.07164e+06	9.39666e-107
4.07174e+06	8.49725e-106
4.07184e+06	7.60747e-105
4.07194e+06	6.74309e-104
4.07204e+06	5.91745e-103
4.07214e+06	5.14124e-102
4.07224e+06	4.42239e-101
4.07234e+06	3.76621e-100
4.07244e+06	3.17547e-99
4.07254e+06	2.65075e-98
4.07264e+06	2.19072e-97
4.07274e+06	1.79252e-96
4.07284e+06	1.4521e-95
4.07294e+06	1.16462e-94
4.07304e+06	9.24764e-94
4.07314e+06	7.27e-93
4.07324e+06	5.65841e-92
4.07334e+06	4.36026e-91
4.07344e+06	3.32649e-90
4.07354e+06	2.51257e-89
4.07364e+06	1.87892e-88
4.07374e+06	1.39108e-87
4.07384e+06	1.01966e-86
4.07394e+06	7.39973e-86
4.07404e+06	5.31658e-85
4.07414e+06	3.78187e-84
4.07424e+06	2.66341e-83
4.07434e+06	1.85706e-82
4.07444e+06	1.28195e-81
4.07454e+06	8.76139e-81
4.07464e+06	5.92833e-80
4.07474e+06	3.97145e-79
4.07484e+06	2.63404e-78
4.07494e+06	1.72963e-77
4.07504e+06	1.12445e-76
4.07514e+06	7.23743e-76
4.07524e+06	4.61196e-75
4.07534e+06	2.90968e-74
4.07544e+06	1.81744e-73
4.07554e+06	1.12391e-72
4.07564e+06	6.88118e-72
4.07574e+06	4.17109e-71
4.07584e+06	2.50319e-70
4.07594e+06	1.48729e-69
4.07604e+06	8.74888e-69
4.07614e+06	5.09528e-68
4.07624e+06	2.93792e-67
4.07634e+06	1.67714e-66
4.07644e+06	9.47884e-66
4.07654e+06	5.30394e-65
4.07664e+06	2.93832e-64
4.07674e+06	1.6116e-63
4.07684e+06	8.75126e-63
4.07694e+06	4.70481e-62
4.07704e+06	2.50421e-61
4.07714e+06	1.31964e-60
4.07724e+06	6.88492e-60
4.07734e+06	3.5563e-59
4.07744e+06	1.81868e-58
4.07754e+06	9.20809e-58
4.07764e+06	4.61573e-57
4.07774e+06	2.2907e-56
4.07784e+06	1.12552e-55
4.07794e+06	5.47514e-55
4.07804e+06	2.63691e-54
4.07814e+06	1.25733e-53
4.07824e+06	5.93559e-53
4.07834e+06	2.77418e-52
4.07844e+06	1.28369e-51
4.07854e+06	5.88093e-51
4.07864e+06	2.6674e-50
4.07874e+06	1.19781e-49
4.07884e+06	5.32527e-49
4.07894e+06	2.34398e-48
4.07904e+06	1.02147e-47
4.07914e+06	4.40708e-47
4.07924e+06	1.8825e-46
4.07934e+06	7.96114e-46
4.07944e+06	3.33329e-45
4.07954e+06	1.38175e-44
4.07964e+06	5.67075e-44
4.07974e+06	2.30414e-43
4.07984e+06	9.26906e-43
4.07994e+06	3.69163e-42
4.08004e+06	1.45566e-41
4.08014e+06	5.68272e-41
4.08024e+06	2.1964e-40
4.08034e+06	8.40469e-40
4.08044e+06	3.18413e-39
4.08054e+06	1.19431e-38
4.08064e+06	4.43505e-38
4.08074e+06	1.63056e-37
4.08084e+06	5.93519e-37
4.08094e+06	2.13889e-36
4.08104e+06	7.63131e-36
4.08114e+06	2.69567e-35
4.08124e+06	9.4274e-35
4.08134e+06	3.26418e-34
4.08144e+06	1.11896e-33
4.08154e+06	3.7976e-33
4.08164e+06	1.27603e-32
4.08174e+06	4.24495e-32
4.08184e+06	1.3981e-31
4.08194e+06	4.55894e-31
4.08204e+06	1.47179e-30
4.08214e+06	4.70418e-30
4.08224e+06	1.4886e-29
4.08234e+06	4.66371e-29
4.08244e+06	1.44658e-28
4.08254e+06	4.4423e-28
4.08264e+06	1.35061e-27
4.08274e+06	4.06548e-27
4.08284e+06	1.21157e-26
4.08294e+06	3.57474e-26
4.08304e+06	1.04423e-25
4.08314e+06	3.01999e-25
4.08324e+06	8.64712e-25
4.08334e+06	2.45129e-24
4.08344e+06	6.87978e-24
4.08354e+06	1.91167e-23
4.08364e+06	5.25903e-23
4.08374e+06	1.43238e-22
4.08384e+06	3.86247e-22
4.08394e+06	1.03117e-21
4.08404e+06	2.72555e-21
4.08414e+06	7.13235e-21
4.08424e+06	1.84786e-20
4.08434e+06	4.73983e-20
4.08444e+06	1.20369e-19
4.08454e+06	3.02637e-19
4.08464e+06	7.53332e-19
4.08474e+06	1.85656e-18
4.08484e+06	4.52988e-18
4.08494e+06	1.09427e-17
4.08504e+06	2.61707e-17
4.08514e+06	6.19678e-17
4.08524e+06	1.45269e-16
4.08534e+06	3.37161e-16
4.08544e+06	7.74744e-16
4.08554e+06	1.76253e-15
4.08564e+06	3.96983e-15
4.08574e+06	8.85247e-15
4.08584e+06	1.9544e-14
4.08594e+06	4.27189e-14
4.08604e+06	9.24451e-14
4.08614e+06	1.98063e-13
4.08624e+06	4.20128e-13
4.08634e+06	8.82301e-13
4.08644e+06	1.83446e-12
4.08654e+06	3.77622e-12
4.08664e+06	7.69597e-12
4.08674e+06	1.55284e-11
4.08684e+06	3.10203e-11
4.08694e+06	6.13512e-11
4.08704e+06	1.20132e-10
4.08714e+06	2.32889e-10
4.08724e+06	4.46989e-10
4.08734e+06	8.4938e-10
4.08744e+06	1.59795e-09
4.08754e+06	2.97635e-09
4.08764e+06	5.48858e-09
4.08774e+06	1.00206e-08
4.08784e+06	1.81127e-08
4.08794e+06	3.24139e-08
4.08804e+06	5.74297e-08
4.08814e+06	1.00739e-07
4.08824e+06	1.74951e-07
4.08834e+06	3.0081e-07
4.08844e+06	5.12065e-07
4.08854e+06	8.63009e-07
4.08864e+06	1.44e-06
4.08874e+06	2.37885e-06
4.08884e+06	3.8907e-06
4.08894e+06	6.30007e-06
4.08904e+06	1.01e-05
4.08914e+06	1.60307e-05
4.08924e+06	2.51908e-05
4.08934e+06	3.91912e-05
4.08944e+06	6.0366e-05
4.08954e+06	9.20561e-05
4.08964e+06	0.000138986
4.08974e+06	0.000207752
4.08984e+06	0.000307451
4.08994e+06	0.000450469
4.09004e+06	0.000653448
4.09014e+06	0.000938455
4.09024e+06	0.00133436
4.09034e+06	0.00187841
4.09044e+06	0.00261797
4.09054e+06	0.0036124
4.09064e+06	0.00493496
4.09074e+06	0.00667465
4.09084e+06	0.0089378
4.09094e+06	0.0118492
4.09104e+06	0.0155527
4.09114e+06	0.0202106
4.09124e+06	0.0260022
4.09134e+06	0.0331206
4.09144e+06	0.0417679
4.09154e+06	0.0521487
4.09164e+06	0.0644618
4.09174e+06	0.0788893
4.09184e+06	0.0955852
4.09194e+06	0.114662
4.09204e+06	0.136178
4.09214e+06	0.160122
4.09224e+06	0.186403
4.09234e+06	0.214838
4.09244e+06	0.245146
4.09254e+06	0.276948
4.09264e+06	0.309761
4.09274e+06	0.343015
4.09284e+06	0.376059
4.09294e+06	0.408185
4.09304e+06	0.438646
4.09314e+06	0.46669
4.09324e+06	0.491587
4.09334e+06	0.51266
4.09344e+06	0.529317
4.09354e+06	0.541078
4.09364e+06	0.547598
4.09374e+06	0.548684
4.09384e+06	0.544305
4.09394e+06	0.534594
4.09404e+06	0.519839
4.09414e+06	0.500476
4.09424e+06	0.477061
4.09434e+06	0.450251
4.09444e+06	0.420772
4.09454e+06	0.389393
4.09464e+06	0.356894
4.09474e+06	0.324045
4.09484e+06	0.291579
4.09494e+06	0.260182
4.09504e+06	0.230483
4.09514e+06	0.203055
4.09524e+06	0.178417
4.09534e+06	0.157058
4.09544e+06	0.139448
4.09554e+06	0.12607
4.09564e+06	0.117452
4.09574e+06	0.114198
4.09584e+06	0.11702
4.09594e+06	0.126775
4.09604e+06	0.144488
4.09614e+06	0.171375
4.09624e+06	0.208853
4.09634e+06	0.258538
4.09644e+06	0.322222
4.09654e+06	0.401843
4.09664e+06	0.499424
4.09674e+06	0.616993
4.09684e+06	0.756488
4.09694e+06	0.919634
4.09704e+06	1.10781
4.09714e+06	1.32191
4.09724e+06	1.56217
4.09734e+06	1.82808
4.09744e+06	2.11821
4.09754e+06	2.43012
4.09764e+06	2.76033
4.09774e+06	3.10429
4.09784e+06	3.45642
4.09794e+06	3.81023
4.09804e+06	4.15848
4.09814e+06	4.49342
4.09824e+06	4.80704
4.09834e+06	5.09138
4.09844e+06	5.33889
4.09854e+06	5.54272
4.09864e+06	5.69708
4.09874e+06	5.79748
4.09884e+06	5.84094
4.09894e+06	5.82618
4.09904e+06	5.75363
4.09914e+06	5.62544
4.09924e+06	5.44539
4.09934e+06	5.21864
4.09944e+06	4.95158
4.09954e+06	4.65144
4.09964e+06	4.32601
4.09974e+06	3.98331
4.09984e+06	3.63127
4.09994e+06	3.27741
4.10004e+06	2.92859
4.10014e+06	2.59086
4.10024e+06	2.26927
4.10034e+06	1.96783
4.10044e+06	1.68944
4.10054e+06	1.43601
4.10064e+06	1.20845
4.10074e+06	1.00683
4.10084e+06	0.830502
4.10094e+06	0.678238
4.10104e+06	0.54838
4.10114e+06	0.438973
4.10124e+06	0.347897
4.10134e+06	0.272974
4.10144e+06	0.212055
4.10154e+06	0.163092
4.10164e+06	0.124186
4.10174e+06	0.0936207
4.10184e+06	0.0698759
4.10194e+06	0.0516345
4.10204e+06	0.0377754
4.10214e+06	0.0273613
4.10224e+06	0.0196209
4.10234e+06	0.0139303
4.10244e+06	0.00979171
4.10254e+06	0.00681417
4.10264e+06	0.00469489
4.10274e+06	0.00320254
4.10284e+06	0.00216282
4.10294e+06	0.00144612
4.10304e+06	0.000957289
4.10314e+06	0.000627394
4.10324e+06	0.000407094
4.10334e+06	0.000261521
4.10344e+06	0.000166331
4.10354e+06	0.000104737
4.10364e+06	6.52953e-05
4.10374e+06	4.03015e-05
4.10384e+06	2.46274e-05
4.10394e+06	1.48995e-05
4.10404e+06	8.92447e-06
4.10414e+06	5.29237e-06
4.10424e+06	3.10724e-06
4.10434e+06	1.80616e-06
4.10444e+06	1.03943e-06
4.10454e+06	5.92232e-07
4.10464e+06	3.34075e-07
4.10474e+06	1.86576e-07
4.10484e+06	1.03162e-07
4.10494e+06	5.64737e-08
4.10504e+06	3.06075e-08
4.10514e+06	1.64235e-08
4.10524e+06	8.72491e-09
4.10534e+06	4.58895e-09
4.10544e+06	2.38959e-09
4.10554e+06	1.23194e-09
4.10564e+06	6.288e-10
4.10574e+06	3.17756e-10
4.10584e+06	1.58976e-10
4.10594e+06	7.87455e-11
4.10604e+06	3.86169e-11
4.10614e+06	1.87493e-11
4.10624e+06	9.01264e-12
4.10634e+06	4.28919e-12
4.10644e+06	2.02095e-12
4.10654e+06	9.4274e-13
4.10664e+06	4.35398e-13
4.10674e+06	1.99084e-13
4.10684e+06	9.01251e-14
4.10694e+06	4.03934e-14
4.10704e+06	1.79239e-14
4.10714e+06	7.87431e-15
4.10724e+06	3.42491e-15
4.10734e+06	1.47483e-15
4.10744e+06	6.28772e-16
4.10754e+06	2.654e-16
4.10764e+06	1.10909e-16
4.10774e+06	4.58867e-17
4.10784e+06	1.8796e-17
4.10794e+06	7.62257e-18
4.10804e+06	3.06051e-18
4.10814e+06	1.21659e-18
4.10824e+06	4.78797e-19
4.10834e+06	1.86559e-19
4.10844e+06	7.19675e-20
4.10854e+06	2.74862e-20
4.10864e+06	1.03932e-20
4.10874e+06	3.89083e-21
4.10884e+06	1.44209e-21
4.10894e+06	5.29173e-22
4.10904e+06	1.92248e-22
4.10914e+06	6.91483e-23
4.10924e+06	2.4624e-23
4.10934e+06	8.68148e-24
4.10944e+06	3.0303e-24
4.10954e+06	1.04721e-24
4.10964e+06	3.58294e-25
4.10974e+06	1.21368e-25
4.10984e+06	4.07026e-26
4.10994e+06	1.35145e-26
4.11004e+06	4.44256e-27
4.11014e+06	1.44585e-27
4.11024e+06	4.65878e-28
4.11034e+06	1.4862e-28
4.11044e+06	4.69397e-29
4.11054e+06	1.46777e-29
4.11064e+06	4.54397e-30
4.11074e+06	1.39274e-30
4.11084e+06	4.22629e-31
4.11094e+06	1.26972e-31
4.11104e+06	3.77669e-32
4.11114e+06	1.11217e-32
4.11124e+06	3.24259e-33
4.11134e+06	9.35981e-34
4.11144e+06	2.67485e-34
4.11154e+06	7.56815e-35
4.11164e+06	2.12e-35
4.11174e+06	5.8795e-36
4.11184e+06	1.61436e-36
4.11194e+06	4.38853e-37
4.11204e+06	1.18112e-37
4.11214e+06	3.14722e-38
4.11224e+06	8.30263e-39
4.11234e+06	2.16851e-39
4.11244e+06	5.60745e-40
4.11254e+06	1.43557e-40
4.11264e+06	3.63867e-41
4.11274e+06	9.13099e-42
4.11284e+06	2.26855e-42
4.11294e+06	5.58005e-43
4.11304e+06	1.35889e-43
4.11314e+06	3.27632e-44
4.11324e+06	7.8207e-45
4.11334e+06	1.84826e-45
4.11344e+06	4.32451e-46
4.11354e+06	1.00177e-46
4.11364e+06	2.2975e-47
4.11374e+06	5.21675e-48
4.11384e+06	1.17274e-48
4.11394e+06	2.61013e-49
4.11404e+06	5.75146e-50
4.11414e+06	1.25473e-50
4.11424e+06	2.71008e-51
4.11434e+06	5.7952e-52
4.11444e+06	1.22691e-52
4.11454e+06	2.57167e-53
4.11464e+06	5.3367e-54
4.11474e+06	1.09645e-54
4.11484e+06	2.23029e-55
4.11494e+06	4.4915e-56
4.11504e+06	8.95525e-57
4.11514e+06	1.76775e-57
4.11524e+06	3.4548e-58
4.11534e+06	6.68467e-59
4.11544e+06	1.28055e-59
4.11554e+06	2.42866e-60
4.11564e+06	4.56033e-61
4.11574e+06	8.47779e-62
4.11584e+06	1.56036e-62
4.11594e+06	2.84332e-63
4.11604e+06	5.1296e-64
4.11614e+06	9.16215e-65
4.11624e+06	1.6202e-65
4.11634e+06	2.83659e-66
4.11644e+06	4.9168e-67
4.11654e+06	8.43773e-68
4.11664e+06	1.43359e-68
4.11674e+06	2.41147e-69
4.11684e+06	4.01602e-70
4.11694e+06	6.62165e-71
4.11704e+06	1.08092e-71
4.11714e+06	1.74694e-72
4.11724e+06	2.79525e-73
4.11734e+06	4.42813e-74
4.11744e+06	6.94506e-75
4.11754e+06	1.07842e-75
4.11764e+06	1.6579e-76
4.11774e+06	2.5234e-77
4.11784e+06	3.80251e-78
4.11794e+06	5.67299e-79
4.11804e+06	8.37935e-80
4.11814e+06	1.22537e-80
4.11824e+06	1.7741e-81
4.11834e+06	2.54301e-82
4.11844e+06	3.6089e-83
4.11854e+06	5.07059e-84
4.11864e+06	7.05341e-85
4.11874e+06	9.71397e-86
4.11884e+06	1.3245e-86
4.11894e+06	1.78798e-87
4.11904e+06	2.38964e-88
4.11914e+06	3.16198e-89
4.11924e+06	4.1423e-90
4.11934e+06	5.37256e-91
4.11944e+06	6.89888e-92
4.11954e+06	8.77067e-93
4.11964e+06	1.10394e-93
4.11974e+06	1.37566e-94
4.11984e+06	1.69722e-95
4.11994e+06	2.0731e-96
4.12004e+06	2.50703e-97
4.12014e+06	3.00163e-98
4.12024e+06	3.55803e-99
4.12034e+06	4.17562e-100
4.12044e+06	4.85164e-101
4.12054e+06	5.58102e-102
4.12064e+06	6.35616e-103
4.12074e+06	7.16694e-104
4.12084e+06	8.00073e-105
4.12094e+06	8.84266e-106
4.12104e+06	9.67593e-107
4.12114e+06	1.04824e-107
4.12124e+06	1.12431e-108
4.12134e+06	1.19389e-109
4.12144e+06	1.25517e-110
4.12154e+06	1.30647e-111
4.12164e+06	1.34633e-112
4.12174e+06	1.3736e-113
4.12184e+06	1.38748e-114
4.12194e+06	1.38756e-115
4.12204e+06	1.37383e-116
4.12214e+06	1.34669e-117
4.12224e+06	1.30696e-118
4.12234e+06	1.25579e-119
4.12244e+06	1.19461e-120
4.12254e+06	1.1251e-121
4.12264e+06	1.04909e-122
4.12274e+06	9.68486e-124
4.12284e+06	8.85177e-125
4.12294e+06	8.00985e-126
4.12304e+06	7.17588e-127
4.12314e+06	6.36479e-128
4.12324e+06	5.58938e-129
4.12334e+06	4.88148e-130
4.12344e+06	6.73249e-131
4.12354e+06	2.93443e-130
4.12364e+06	3.263e-129
4.12374e+06	3.63576e-128
4.12384e+06	4.01115e-127
4.12394e+06	4.38127e-126
4.12404e+06	4.73793e-125
4.12414e+06	5.07264e-124
4.12424e+06	5.37696e-123
4.12434e+06	5.64282e-122
4.12444e+06	5.86291e-121
4.12454e+06	6.03096e-120
4.12464e+06	6.14211e-119
4.12474e+06	6.19306e-118
4.12484e+06	6.1823e-117
4.12494e+06	6.11015e-116
4.12504e+06	5.97876e-115
4.12514e+06	5.79198e-114
4.12524e+06	5.55521e-113
4.12534e+06	5.2751e-112
4.12544e+06	4.95927e-111
4.12554e+06	4.61596e-110
4.12564e+06	4.25366e-109
4.12574e+06	3.8808e-108
4.12584e+06	3.5054e-107
4.12594e+06	3.1348e-106
4.12604e+06	2.77549e-105
4.12614e+06	2.43291e-104
4.12624e+06	2.11139e-103
4.12634e+06	1.81414e-102
4.12644e+06	1.54322e-101
4.12654e+06	1.2997e-100
4.12664e+06	1.08371e-99
4.12674e+06	8.9463e-99
4.12684e+06	7.31189e-98
4.12694e+06	5.9166e-97
4.12704e+06	4.73994e-96
4.12714e+06	3.7595e-95
4.12724e+06	2.95219e-94
4.12734e+06	2.29517e-93
4.12744e+06	1.76662e-92
4.12754e+06	1.34626e-91
4.12764e+06	1.01571e-90
4.12774e+06	7.58701e-90
4.12784e+06	5.61083e-89
4.12794e+06	4.1081e-88
4.12804e+06	2.97791e-87
4.12814e+06	2.13717e-86
4.12824e+06	1.51853e-85
4.12834e+06	1.06823e-84
4.12844e+06	7.43986e-84
4.12854e+06	5.13004e-83
4.12864e+06	3.50214e-82
4.12874e+06	2.36703e-81
4.12884e+06	1.58391e-80
4.12894e+06	1.04934e-79
4.12904e+06	6.88266e-79
4.12914e+06	4.46945e-78
4.12924e+06	2.87349e-77
4.12934e+06	1.82904e-76
4.12944e+06	1.15263e-75
4.12954e+06	7.19148e-75
4.12964e+06	4.44224e-74
4.12974e+06	2.7167e-73
4.12984e+06	1.6449e-72
4.12994e+06	9.8604e-72
4.13004e+06	5.85203e-71
4.13014e+06	3.43855e-70
4.13024e+06	2.00033e-69
4.13034e+06	1.15208e-68
4.13044e+06	6.56937e-68
4.13054e+06	3.70869e-67
4.13064e+06	2.07288e-66
4.13074e+06	1.14706e-65
4.13084e+06	6.28426e-65
4.13094e+06	3.40863e-64
4.13104e+06	1.83047e-63
4.13114e+06	9.73198e-63
4.13124e+06	5.12268e-62
4.13134e+06	2.66963e-61
4.13144e+06	1.3774e-60
4.13154e+06	7.03605e-60
4.13164e+06	3.55839e-59
4.13174e+06	1.7817e-58
4.13184e+06	8.83231e-58
4.13194e+06	4.33481e-57
4.13204e+06	2.10631e-56
4.13214e+06	1.01329e-55
4.13224e+06	4.82614e-55
4.13234e+06	2.27575e-54
4.13244e+06	1.06244e-53
4.13254e+06	4.9107e-53
4.13264e+06	2.24718e-52
4.13274e+06	1.0181e-51
4.13284e+06	4.56667e-51
4.13294e+06	2.02799e-50
4.13304e+06	8.9164e-50
4.13314e+06	3.88124e-49
4.13324e+06	1.67266e-48
4.13334e+06	7.13678e-48
4.13344e+06	3.01477e-47
4.13354e+06	1.26085e-46
4.13364e+06	5.22069e-46
4.13374e+06	2.14018e-45
4.13384e+06	8.68622e-45
4.13394e+06	3.49034e-44
4.13404e+06	1.38855e-43
4.13414e+06	5.46906e-43
4.13424e+06	2.13266e-42
4.13434e+06	8.23353e-42
4.13444e+06	3.14708e-41
4.13454e+06	1.19093e-40
4.13464e+06	4.46194e-40
4.13474e+06	1.65507e-39
4.13484e+06	6.07809e-39
4.13494e+06	2.20991e-38
4.13504e+06	7.95499e-38
4.13514e+06	2.83505e-37
4.13524e+06	1.00032e-36
4.13534e+06	3.49442e-36
4.13544e+06	1.20856e-35
4.13554e+06	4.13826e-35
4.13564e+06	1.40289e-34
4.13574e+06	4.70856e-34
4.13584e+06	1.56462e-33
4.13594e+06	5.1474e-33
4.13604e+06	1.67657e-32
4.13614e+06	5.40648e-32
4.13624e+06	1.72609e-31
4.13634e+06	5.45595e-31
4.13644e+06	1.70739e-30
4.13654e+06	5.28998e-30
4.13664e+06	1.62267e-29
4.13674e+06	4.92794e-29
4.13684e+06	1.48169e-28
4.13694e+06	4.41068e-28
4.13704e+06	1.2999e-27
4.13714e+06	3.79292e-27
4.13724e+06	1.09571e-26
4.13734e+06	3.13379e-26
4.13744e+06	8.87369e-26
4.13754e+06	2.48768e-25
4.13764e+06	6.90467e-25
4.13774e+06	1.89735e-24
4.13784e+06	5.16191e-24
4.13794e+06	1.39037e-23
4.13804e+06	3.70771e-23
4.13814e+06	9.78901e-23
4.13824e+06	2.55876e-22
4.13834e+06	6.6218e-22
4.13844e+06	1.69661e-21
4.13854e+06	4.3037e-21
4.13864e+06	1.08084e-20
4.13874e+06	2.68742e-20
4.13884e+06	6.61559e-20
4.13894e+06	1.61235e-19
4.13904e+06	3.8905e-19
4.13914e+06	9.29414e-19
4.13924e+06	2.19821e-18
4.13934e+06	5.1474e-18
4.13944e+06	1.19334e-17
4.13954e+06	2.73902e-17
4.13964e+06	6.2242e-17
4.13974e+06	1.40033e-16
4.13984e+06	3.11913e-16
4.13994e+06	6.87849e-16
4.14004e+06	1.50179e-15
4.14014e+06	3.24627e-15
4.14024e+06	6.9473e-15
4.14034e+06	1.47199e-14
4.14044e+06	3.08781e-14
4.14054e+06	6.41287e-14
4.14064e+06	1.3186e-13
4.14074e+06	2.68429e-13
4.14084e+06	5.41007e-13
4.14094e+06	1.07953e-12
4.14104e+06	2.13266e-12
4.14114e+06	4.17125e-12
4.14124e+06	8.07734e-12
4.14134e+06	1.54856e-11
4.14144e+06	2.93929e-11
4.14154e+06	5.52352e-11
4.14164e+06	1.02765e-10
4.14174e+06	1.89293e-10
4.14184e+06	3.45206e-10
4.14194e+06	6.23274e-10
4.14204e+06	1.11413e-09
4.14214e+06	1.97176e-09
4.14224e+06	3.45482e-09
4.14234e+06	5.99315e-09
4.14244e+06	1.0293e-08
4.14254e+06	1.75019e-08
4.14264e+06	2.94636e-08
4.14274e+06	4.9107e-08
4.14284e+06	8.10324e-08
4.14294e+06	1.32382e-07
4.14304e+06	2.14121e-07
4.14314e+06	3.42883e-07
4.14324e+06	5.43611e-07
4.14334e+06	8.53274e-07
4.14344e+06	1.32601e-06
4.14354e+06	2.04014e-06
4.14364e+06	3.10764e-06
4.14374e+06	4.68662e-06
4.14384e+06	6.99753e-06
4.14394e+06	1.0344e-05
4.14404e+06	1.51386e-05
4.14414e+06	2.19353e-05
4.14424e+06	3.14671e-05
4.14434e+06	4.46918e-05
4.14444e+06	6.28428e-05
4.14454e+06	8.74863e-05
4.14464e+06	0.000120582
4.14474e+06	0.000164543
4.14484e+06	0.000222299
4.14494e+06	0.000297337
4.14504e+06	0.000393749
4.14514e+06	0.000516234
4.14524e+06	0.000670086
4.14534e+06	0.000861137
4.14544e+06	0.00109565
4.14554e+06	0.00138015
4.14564e+06	0.00172123
4.14574e+06	0.00212524
4.14584e+06	0.00259797
4.14594e+06	0.00314425
4.14604e+06	0.00376754
4.14614e+06	0.00446947
4.14624e+06	0.00524941
4.14634e+06	0.00610411
4.14644e+06	0.00702734
4.14654e+06	0.00800971
4.14664e+06	0.00903857
4.14674e+06	0.0100981
4.14684e+06	0.0111696
4.14694e+06	0.0122318
4.14704e+06	0.0132618
4.14714e+06	0.0142354
4.14724e+06	0.0151285
4.14734e+06	0.0159176
4.14744e+06	0.0165812
4.14754e+06	0.0171007
4.14764e+06	0.0174609
4.14774e+06	0.0176513
4.14784e+06	0.0176663
4.14794e+06	0.0175053
4.14804e+06	0.0171732
4.14814e+06	0.0166798
4.14824e+06	0.0160393
4.14834e+06	0.01527
4.14844e+06	0.0143929
4.14854e+06	0.0134312
4.14864e+06	0.0124091
4.14874e+06	0.0113506
4.14884e+06	0.0102792
4.14894e+06	0.00921624
4.14904e+06	0.008181
4.14914e+06	0.00718978
4.14924e+06	0.00625579
4.14934e+06	0.00538896
4.14944e+06	0.00459606
4.14954e+06	0.00388082
4.14964e+06	0.00324428
4.14974e+06	0.00268516
4.14984e+06	0.00220028
4.14994e+06	0.00178502
4.15004e+06	0.00143373
4.15014e+06	0.00114011
4.15024e+06	0.000897601
4.15034e+06	0.000699644
4.15044e+06	0.000539919
4.15054e+06	0.000412512
4.15064e+06	0.000312034
4.15074e+06	0.000233681
4.15084e+06	0.000173262
4.15094e+06	0.000127186
4.15104e+06	9.24342e-05
4.15114e+06	6.65094e-05
4.15124e+06	4.73795e-05
4.15134e+06	3.3416e-05
4.15144e+06	2.33333e-05
4.15154e+06	1.61308e-05
4.15164e+06	1.10406e-05
4.15174e+06	7.48141e-06
4.15184e+06	5.01919e-06
4.15194e+06	3.3338e-06
4.15204e+06	2.19232e-06
4.15214e+06	1.42733e-06
4.15224e+06	9.20032e-07
4.15234e+06	5.87135e-07
4.15244e+06	3.70963e-07
4.15254e+06	2.32049e-07
4.15264e+06	1.4371e-07
4.15274e+06	8.81148e-08
4.15284e+06	5.34896e-08
4.15294e+06	3.21475e-08
4.15304e+06	1.91285e-08
4.15314e+06	1.12687e-08
4.15324e+06	6.57236e-09
4.15334e+06	3.79513e-09
4.15344e+06	2.16965e-09
4.15354e+06	1.22803e-09
4.15364e+06	6.88154e-10
4.15374e+06	3.81786e-10
4.15384e+06	2.09706e-10
4.15394e+06	1.1404e-10
4.15404e+06	6.13993e-11
4.15414e+06	3.27285e-11
4.15424e+06	1.72721e-11
4.15434e+06	9.02445e-12
4.15444e+06	4.66825e-12
4.15454e+06	2.39081e-12
4.15464e+06	1.21225e-12
4.15474e+06	6.0855e-13
4.15484e+06	3.02453e-13
4.15494e+06	1.48825e-13
4.15504e+06	7.25023e-14
4.15514e+06	3.49691e-14
4.15524e+06	1.66984e-14
4.15534e+06	7.89443e-15
4.15544e+06	3.69508e-15
4.15554e+06	1.71232e-15
4.15564e+06	7.85603e-16
4.15574e+06	3.56844e-16
4.15584e+06	1.60476e-16
4.15594e+06	7.14495e-17
4.15604e+06	3.14953e-17
4.15614e+06	1.37451e-17
4.15624e+06	5.93893e-18
4.15634e+06	2.54054e-18
4.15644e+06	1.07597e-18
4.15654e+06	4.51161e-19
4.15664e+06	1.87292e-19
4.15674e+06	7.69778e-20
4.15684e+06	3.13233e-20
4.15694e+06	1.26191e-20
4.15704e+06	5.0332e-21
4.15714e+06	1.98755e-21
4.15724e+06	7.7705e-22
4.15734e+06	3.00771e-22
4.15744e+06	1.15261e-22
4.15754e+06	4.37304e-23
4.15764e+06	1.64264e-23
4.15774e+06	6.10883e-24
4.15784e+06	2.24922e-24
4.15794e+06	8.19901e-25
4.15804e+06	2.95903e-25
4.15814e+06	1.05729e-25
4.15824e+06	3.7402e-26
4.15834e+06	1.30994e-26
4.15844e+06	4.54222e-27
4.15854e+06	1.55934e-27
4.15864e+06	5.29993e-28
4.15874e+06	1.78343e-28
4.15884e+06	5.94156e-29
4.15894e+06	1.95975e-29
4.15904e+06	6.39969e-30
4.15914e+06	2.06906e-30
4.15924e+06	6.62286e-31
4.15934e+06	2.09882e-31
4.15944e+06	6.58507e-32
4.15954e+06	2.04552e-32
4.15964e+06	6.29077e-33
4.15974e+06	1.91541e-33
4.15984e+06	5.77398e-34
4.15994e+06	1.72324e-34
4.16004e+06	5.09184e-35
4.16014e+06	1.48957e-35
4.16024e+06	4.31422e-36
4.16034e+06	1.23709e-36
4.16044e+06	3.51203e-37
4.16054e+06	9.87124e-38
4.16064e+06	2.7469e-38
4.16074e+06	7.56781e-39
4.16084e+06	2.06422e-39
4.16094e+06	5.57438e-40
4.16104e+06	1.49038e-40
4.16114e+06	3.94504e-41
4.16124e+06	1.03387e-41
4.16134e+06	2.68247e-42
4.16144e+06	6.89067e-43
4.16154e+06	1.75245e-43
4.16164e+06	4.41252e-44
4.16174e+06	1.09998e-44
4.16184e+06	2.71482e-45
4.16194e+06	6.63366e-46
4.16204e+06	1.60481e-46
4.16214e+06	3.84369e-47
4.16224e+06	9.11449e-48
4.16234e+06	2.1398e-48
4.16244e+06	4.9736e-49
4.16254e+06	1.14452e-49
4.16264e+06	2.60758e-50
4.16274e+06	5.88174e-51
4.16284e+06	1.3135e-51
4.16294e+06	2.90412e-52
4.16304e+06	6.35703e-53
4.16314e+06	1.37769e-53
4.16324e+06	2.95601e-54
4.16334e+06	6.27938e-55
4.16344e+06	1.32064e-55
4.16354e+06	2.74986e-56
4.16364e+06	5.66882e-57
4.16374e+06	1.157e-57
4.16384e+06	2.33791e-58
4.16394e+06	4.67715e-59
4.16404e+06	9.26386e-60
4.16414e+06	1.8166e-60
4.16424e+06	3.52683e-61
4.16434e+06	6.77901e-62
4.16444e+06	1.29004e-62
4.16454e+06	2.43053e-63
4.16464e+06	4.53371e-64
4.16474e+06	8.37266e-65
4.16484e+06	1.53084e-65
4.16494e+06	2.77111e-66
4.16504e+06	4.96633e-67
4.16514e+06	8.81198e-68
4.16524e+06	1.54799e-68
4.16534e+06	2.69228e-69
4.16544e+06	4.63586e-70
4.16554e+06	7.90308e-71
4.16564e+06	1.33389e-71
4.16574e+06	2.22895e-72
4.16584e+06	3.68755e-73
4.16594e+06	6.03994e-74
4.16604e+06	9.79454e-75
4.16614e+06	1.57251e-75
4.16624e+06	2.49953e-76
4.16634e+06	3.93352e-77
4.16644e+06	6.1286e-78
4.16654e+06	9.45362e-79
4.16664e+06	1.44375e-79
4.16674e+06	2.18295e-80
4.16684e+06	3.26777e-81
4.16694e+06	4.84302e-82
4.16704e+06	7.10622e-83
4.16714e+06	1.03233e-83
4.16724e+06	1.48475e-84
4.16734e+06	2.11421e-85
4.16744e+06	2.98056e-86
4.16754e+06	4.16011e-87
4.16764e+06	5.7487e-88
4.16774e+06	7.86486e-89
4.16784e+06	1.06529e-89
4.16794e+06	1.42858e-90
4.16804e+06	1.8967e-91
4.16814e+06	2.49315e-92
4.16824e+06	3.24455e-93
4.16834e+06	4.18041e-94
4.16844e+06	5.33261e-95
4.16854e+06	6.73469e-96
4.16864e+06	8.42079e-97
4.16874e+06	1.04242e-97
4.16884e+06	1.2776e-98
4.16894e+06	1.55024e-99
4.16904e+06	1.86236e-100
4.16914e+06	2.21505e-101
4.16924e+06	2.60832e-102
4.16934e+06	3.04085e-103
4.16944e+06	3.50984e-104
4.16954e+06	4.01084e-105
4.16964e+06	4.53776e-106
4.16974e+06	5.08281e-107
4.16984e+06	5.63668e-108
4.16994e+06	6.18871e-109
4.17004e+06	6.7272e-110
4.17014e+06	7.23978e-111
4.17024e+06	7.71388e-112
4.17034e+06	8.13726e-113
4.17044e+06	8.49846e-114
4.17054e+06	8.78738e-115
4.17064e+06	8.99571e-116
4.17074e+06	9.11735e-117
4.17084e+06	9.14869e-118
4.17094e+06	9.08879e-119
4.17104e+06	8.93945e-120
4.17114e+06	8.70506e-121
4.17124e+06	8.39248e-122
4.17134e+06	8.01062e-123
4.17144e+06	7.57005e-124
4.17154e+06	7.08253e-125
4.17164e+06	6.56047e-126
4.17174e+06	6.01643e-127
4.17184e+06	5.4626e-128
4.17194e+06	4.91041e-129
4.17204e+06	4.37011e-130
4.17214e+06	3.85056e-131
4.17224e+06	3.35903e-132
4.17234e+06	2.90108e-133
4.17244e+06	2.48063e-134
4.17254e+06	2.10002e-135
4.17264e+06	1.76011e-136
4.17274e+06	1.46054e-137
4.17284e+06	1.1999e-138
4.17294e+06	9.75965e-140
4.17304e+06	7.85923e-141
4.17314e+06	6.26588e-142
4.17324e+06	4.94586e-143
4.17334e+06	3.86508e-144
4.17344e+06	2.99042e-145
4.17354e+06	2.29067e-146
4.17364e+06	1.7372e-147
4.17374e+06	1.30435e-148
4.17384e+06	9.69611e-150
4.17394e+06	7.13603e-151
4.17404e+06	5.19963e-152
4.17414e+06	3.75099e-153
4.17424e+06	2.67902e-154
4.17434e+06	1.89436e-155
4.17444e+06	1.32619e-156
4.17454e+06	9.19197e-158
4.17464e+06	6.30764e-159
4.17474e+06	4.28531e-160
4.17484e+06	2.8824e-161
4.17494e+06	1.91948e-162
4.17504e+06	1.26553e-163
4.17514e+06	8.26066e-165
4.17524e+06	5.33845e-166
4.17534e+06	3.41565e-167
4.17544e+06	2.16365e-168
4.17554e+06	1.35694e-169
4.17564e+06	8.42537e-171
4.17574e+06	5.17934e-172
4.17584e+06	3.15223e-173
4.17594e+06	1.89941e-174
4.17604e+06	1.13312e-175
4.17614e+06	6.69251e-177
4.17624e+06	3.91346e-178
4.17634e+06	2.26563e-179
4.17644e+06	1.2986e-180
4.17654e+06	7.36913e-182
4.17664e+06	4.14015e-183
4.17674e+06	2.30289e-184
4.17684e+06	1.2682e-185
4.17694e+06	6.91443e-187
4.17704e+06	3.73237e-188
4.17714e+06	1.99466e-189
4.17724e+06	1.05539e-190
4.17734e+06	5.52853e-192
4.17744e+06	2.86725e-193
4.17754e+06	1.47224e-194
4.17764e+06	7.48426e-196
4.17774e+06	3.76683e-197
4.17784e+06	1.87698e-198
4.17794e+06	9.25979e-200
4.17804e+06	4.52272e-201
4.17814e+06	2.18703e-202
4.17824e+06	1.04705e-203
4.17834e+06	4.96291e-205
4.17844e+06	2.32896e-206
4.17854e+06	1.08205e-207
4.17864e+06	4.97722e-209
4.17874e+06	2.26665e-210
4.17884e+06	1.02197e-211
4.17894e+06	4.56196e-213
4.17904e+06	2.01614e-214
4.17914e+06	8.82157e-216
4.17924e+06	3.82145e-217
4.17934e+06	1.63896e-218
4.17944e+06	6.9593e-220
4.17954e+06	2.92563e-221
4.17964e+06	1.21767e-222
4.17974e+06	5.01763e-224
4.17984e+06	2.04703e-225
4.17994e+06	8.26811e-227
4.18004e+06	3.30633e-228
4.18014e+06	1.30901e-229
4.18024e+06	5.13092e-231
4.18034e+06	1.99116e-232
4.18044e+06	7.65022e-234
4.18054e+06	2.91004e-235
4.18064e+06	1.09592e-236
4.18074e+06	4.08619e-238
4.18084e+06	1.50839e-239
4.18094e+06	5.51274e-241
4.18104e+06	1.9947e-242
4.18114e+06	7.14569e-244
4.18124e+06	2.53436e-245
4.18134e+06	8.89917e-247
4.18144e+06	3.09377e-248
4.18154e+06	1.06484e-249
4.18164e+06	3.62856e-251
4.18174e+06	1.22418e-252
4.18184e+06	4.08894e-254
4.18194e+06	1.35218e-255
4.18204e+06	4.42705e-257
4.18214e+06	1.435e-258
4.18224e+06	4.60518e-260
4.18234e+06	1.46318e-261
4.18244e+06	4.60264e-263
4.18254e+06	1.43342e-264
4.18264e+06	4.41972e-266
4.18274e+06	1.3492e-267
4.18284e+06	4.07767e-269
4.18294e+06	1.22013e-270
4.18304e+06	3.61457e-272
4.18314e+06	1.06014e-273
4.18324e+06	3.07844e-275
4.18334e+06	8.85018e-277
4.18344e+06	2.51902e-278
4.18354e+06	7.09852e-280
4.18364e+06	1.98044e-281
4.18374e+06	5.4703e-283
4.18384e+06	1.49596e-284
4.18394e+06	4.05026e-286
4.18404e+06	1.08569e-287
4.18414e+06	2.88127e-289
4.18424e+06	7.57041e-291
4.18434e+06	1.9693e-292
4.18444e+06	5.07179e-294
4.18454e+06	1.29321e-295
4.18464e+06	3.26462e-297
4.18474e+06	8.15931e-299
4.18484e+06	2.01898e-300
4.18494e+06	4.94614e-302
4.18504e+06	1.19966e-303
4.18514e+06	2.88076e-305
4.18524e+06	6.84879e-307
4.18534e+06	1.61204e-308
4.18544e+06	3.75662e-310
4.18554e+06	8.66712e-312
4.18564e+06	1.97975e-313
4.18574e+06	4.47714e-315
4.18584e+06	1.00242e-316
4.18594e+06	2.22206e-318
4.18604e+06	4.87643e-320
4.18614e+06	1.0573e-321
4.18624e+06	2.47033e-323
4.18634e+06	0
4.18644e+06	0
4.18654e+06	0
4.18664e+06	0
4.18674e+06	0
4.18684e+06	0
4.18694e+06	0
4.18704e+06	0
4.18714e+06	0
4.18724e+06	0
4.18734e+06	0
4.18744e+06	0
4.18754e+06	0
4.18764e+06	0
4.18774e+06	0
4.18784e+06	0
4.18794e+06	0
4.18804e+06	0
4.18814e+06	0
4.18824e+06	0
4.18834e+06	0
4.18844e+06	0
4.18854e+06	0
4.18864e+06	0
4.18874e+06	0
4.18884e+06	0
4.18894e+06	0
4.18904e+06	0
4.18914e+06	0
4.18924e+06	0
4.18934e+06	0
4.18944e+06	0
4.18954e+06	0
4.18964e+06	0
4.18974e+06	0
4.18984e+06	0
4.18994e+06	0
4.19004e+06	0
4.19014e+06	0
4.19024e+06	0
4.19034e+06	0
4.19044e+06	0
4.19054e+06	0
4.19064e+06	0
4.19074e+06	0
4.19084e+06	0
4.19094e+06	0
4.19104e+06	0
4.19114e+06	0
4.19124e+06	0
4.19134e+06	0
4.19144e+06	0
4.19154e+06	0
4.19164e+06	0
4.19174e+06	0
4.19184e+06	0
4.19194e+06	0
4.19204e+06	0
4.19214e+06	0
4.19224e+06	0
4.19234e+06	0
4.19244e+06	0
4.19254e+06	0
4.19264e+06	0
4.19274e+06	0
4.19284e+06	0
4.19294e+06	0
4.19304e+06	0
4.19314e+06	0
4.19324e+06	0
4.19334e+06	0
4.19344e+06	0
4.19354e+06	0
4.19364e+06	0
4.19374e+06	0
4.19384e+06	0
4.19394e+06	0
4.19404e+06	0
4.19414e+06	0
4.19424e+06	0
4.19434e+06	0
4.19444e+06	0
4.19454e+06	0
4.19464e+06	0
4.19474e+06	0
4.19484e+06	0
4.19494e+06	0
4.19504e+06	0
4.19514e+06	0
4.19524e+06	0
4.19534e+06	0
4.19544e+06	0
4.19554e+06	0
4.19564e+06	0
4.19574e+06	0
4.19584e+06	0
4.19594e+06	0
4.19604e+06	0
4.19614e+06	0
4.19624e+06	0
4.19634e+06	0
4.19644e+06	0
4.19654e+06	0
4.19664e+06	0
4.19674e+06	0
4.19684e+06	0
4.19694e+06	0
4.19704e+06	0
4.19714e+06	0
4.19724e+06	0
4.19734e+06	0
4.19744e+06	0
4.19754e+06	0
4.19764e+06	0
4.19774e+06	0
4.19784e+06	0
4.19794e+06	0
4.19804e+06	0
4.19814e+06	0
4.19824e+06	0
4.19834e+06	0
4.19844e+06	0
4.19854e+06	0
4.19864e+06	0
4.19874e+06	0
4.19884e+06	0
4.19894e+06	0
4.19904e+06	0
4.19914e+06	0
4.19924e+06	0
4.19934e+06	0
4.19944e+06	0
4.19954e+06	0
4.19964e+06	0
4.19974e+06	0
4.19984e+06	0
4.19994e+06	0
4.20004e+06	0
4.20014e+06	0
4.20024e+06	0
4.20034e+06	0
4.20044e+06	0
4.20054e+06	0
4.20064e+06	0
4.20074e+06	0
4.20084e+06	0
4.20094e+06	0
4.20104e+06	0
4.20114e+06	0
4.20124e+06	0
4.20134e+06	0
4.20144e+06	0
4.20154e+06	0
4.20164e+06	0
4.20174e+06	0
4.20184e+06	0
4.20194e+06	0
4.20204e+06	0
4.20214e+06	0
4.20224e+06	0
4.20234e+06	0
4.20244e+06	0
4.20254e+06	0
4.20264e+06	0
4.20274e+06	0
4.20284e+06	0
4.20294e+06	0
4.20304e+06	0
4.20314e+06	0
4.20324e+06	0
4.20334e+06	0
4.20344e+06	0
4.20354e+06	0
4.20364e+06	0
4.20374e+06	0
4.20384e+06	0
4.20394e+06	0
4.20404e+06	0
4.20414e+06	0
4.20424e+06	0
4.20434e+06	0
4.20444e+06	0
4.20454e+06	0
4.20464e+06	0
4.20474e+06	0
4.20484e+06	0
4.20494e+06	0
4.20504e+06	0
4.20514e+06	0
4.20524e+06	0
4.20534e+06	0
4.20544e+06	0
4.20554e+06	0
4.20564e+06	0
4.20574e+06	0
4.20584e+06	0
4.20594e+06	0
4.20604e+06	0
4.20614e+06	0
4.20624e+06	0
4.20634e+06	0
4.20644e+06	0
4.20654e+06	0
4.20664e+06	0
4.20674e+06	0
4.20684e+06	0
4.20694e+06	0
4.20704e+06	0
4.20714e+06	0
4.20724e+06	0
4.20734e+06	0
4.20744e+06	0
4.20754e+06	0
4.20764e+06	0
4.20774e+06	0
4.20784e+06	0
4.20794e+06	0
4.20804e+06	0
4.20814e+06	0
4.20824e+06	0
4.20834e+06	0
4.20844e+06	0
4.20854e+06	0
4.20864e+06	0
4.20874e+06	0
4.20884e+06	0
4.20894e+06	0
4.20904e+06	0
4.20914e+06	0
4.20924e+06	0
4.20934e+06	0
4.20944e+06	0
4.20954e+06	0
4.20964e+06	0
4.20974e+06	0
4.20984e+06	0
4.20994e+06	0
4.21004e+06	0
4.21014e+06	0
4.21024e+06	0
4.21034e+06	0
4.21044e+06	0
4.21054e+06	0
4.21064e+06	0
4.21074e+06	0
4.21084e+06	0
4.21094e+06	0
4.21104e+06	0
4.21114e+06	0
4.21124e+06	0
4.21134e+06	0
4.21144e+06	0
4.21154e+06	0
4.21164e+06	0
4.21174e+06	0
4.21184e+06	0
4.21194e+06	0
4.21204e+06	0
4.21214e+06	0
4.21224e+06	0
4.21234e+06	0
4.21244e+06	0
4.21254e+06	0
4.21264e+06	0
4.21274e+06	0
4.21284e+06	0
4.21294e+06	0
4.21304e+06	0
4.21314e+06	0
4.21324e+06	0
4.21334e+06	0
4.21344e+06	0
4.21354e+06	0
4.21364e+06	0
4.21374e+06	0
4.21384e+06	0
4.21394e+06	0
4.21404e+06	0
4.21414e+06	0
4.21424e+06	0
4.21434e+06	0
4.21444e+06	0
4.21454e+06	0
4.21464e+06	0
4.21474e+06	0
4.21484e+06	0
4.21494e+06	0
4.21504e+06	0
4.21514e+06	0
4.21524e+06	0
4.21534e+06	0
4.21544e+06	0
4.21554e+06	0
4.21564e+06	0
4.21574e+06	0
4.21584e+06	0
4.21594e+06	0
4.21604e+06	0
4.21614e+06	0
4.21624e+06	0
4.21634e+06	0
4.21644e+06	0
4.21654e+06	0
4.21664e+06	0
4.21674e+06	0
4.21684e+06	0
4.21694e+06	0
4.21704e+06	0
4.21714e+06	0
4.21724e+06	0
4.21734e+06	0
4.21744e+06	0
4.21754e+06	0
4.21764e+06	0
4.21774e+06	0
4.21784e+06	0
4.21794e+06	0
4.21804e+06	0
4.21814e+06	0
4.21824e+06	0
4.21834e+06	0
4.21844e+06	0
4.21854e+06	0
4.21864e+06	0
4.21874e+06	0
4.21884e+06	0
4.21894e+06	0
4.21904e+06	0
4.21914e+06	0
4.21924e+06	0
4.21934e+06	0
4.21944e+06	0
4.21954e+06	0
4.21964e+06	0
4.21974e+06	0
4.21984e+06	0
4.21994e+06	0
4.22004e+06	0
4.22014e+06	0
4.22024e+06	0
4.22034e+06	0
4.22044e+06	0
4.22054e+06	0
4.22064e+06	0
4.22074e+06	0
4.22084e+06	0
4.22094e+06	0
4.22104e+06	0
4.22114e+06	0
4.22124e+06	0
4.22134e+06	0
4.22144e+06	0
4.22154e+06	0
4.22164e+06	0
4.22174e+06	0
4.22184e+06	0
4.22194e+06	0
4.22204e+06	0
4.22214e+06	0
4.22224e+06	0
4.22234e+06	0
4.22244e+06	0
4.22254e+06	0
4.22264e+06	0
4.22274e+06	0
4.22284e+06	0
4.22294e+06	0
4.22304e+06	0
4.22314e+06	0
4.22324e+06	0
4.22334e+06	0
4.22344e+06	0
4.22354e+06	0
4.22364e+06	0
4.22374e+06	0
4.22384e+06	0
4.22394e+06	0
4.22404e+06	0
4.22414e+06	0
4.22424e+06	0
4.22434e+06	0
4.22444e+06	0
4.22454e+06	0
4.22464e+06	0
4.22474e+06	0
4.22484e+06	0
4.22494e+06	0
4.22504e+06	0
4.22514e+06	0
4.22524e+06	0
4.22534e+06	0
4.22544e+06	0
4.22554e+06	0
4.22564e+06	0
4.22574e+06	0
4.22584e+06	0
4.22594e+06	0
4.22604e+06	0
4.22614e+06	0
4.22624e+06	0
4.22634e+06	0
4.22644e+06	0
4.22654e+06	0
4.22664e+06	0
4.22674e+06	0
4.22684e+06	0
4.22694e+06	0
4.22704e+06	0
4.22714e+06	0
4.22724e+06	0
4.22734e+06	0
4.22744e+06	0
4.22754e+06	0
4.22764e+06	0
4.22774e+06	0
4.22784e+06	0
4.22794e+06	0
4.22804e+06	0
4.22814e+06	0
4.22824e+06	0
4.22834e+06	0
4.22844e+06	0
4.22854e+06	0
4.22864e+06	0
4.22874e+06	0
4.22884e+06	0
4.22894e+06	0
4.22904e+06	0
4.22914e+06	0
4.22924e+06	0
4.22934e+06	0
4.22944e+06	0
4.22954e+06	0
4.22964e+06	0
4.22974e+06	0
4.22984e+06	0
4.22994e+06	0
4.23004e+06	0
4.23014e+06	0
4.23024e+06	0
4.23034e+06	0
4.23044e+06	0
4.23054e+06	0
4.23064e+06	0
4.23074e+06	0
4.23084e+06	0
4.23094e+06	0
4.23104e+06	0
4.23114e+06	0
4.23124e+06	0
4.23134e+06	0
4.23144e+06	0
4.23154e+06	0
4.23164e+06	0
4.23174e+06	0
4.23184e+06	0
4.23194e+06	0
4.23204e+06	0
4.23214e+06	0
4.23224e+06	0
4.23234e+06	0
4.23244e+06	0
4.23254e+06	0
4.23264e+06	0
4.23274e+06	0
4.23284e+06	0
4.23294e+06	0
4.23304e+06	0
4.23314e+06	0
4.23324e+06	0
4.23334e+06	0
4.23344e+06	0
4.23354e+06	0
4.23364e+06	0
4.23374e+06	0
4.23384e+06	0
4.23394e+06	0
4.23404e+06	0
4.23414e+06	0
4.23424e+06	0
4.23434e+06	0
4.23444e+06	0
4.23454e+06	0
4.23464e+06	0
4.23474e+06	0
4.23484e+06	0
4.23494e+06	0
4.23504e+06	0
4.23514e+06	0
4.23524e+06	0
4.23534e+06	0
4.23544e+06	0
4.23554e+06	0
4.23564e+06	0
4.23574e+06	0
4.23584e+06	0
4.23594e+06	0
4.23604e+06	0
4.23614e+06	0
4.23624e+06	0
4.23634e+06	0
4.23644e+06	0
4.23654e+06	0
4.23664e+06	0
4.23674e+06	0
4.23684e+06	0
4.23694e+06	0
4.23704e+06	0
4.23714e+06	0
4.23724e+06	0
4.23734e+06	0
4.23744e+06	0
4.23754e+06	0
4.23764e+06	0
4.23774e+06	0
4.23784e+06	0
4.23794e+06	0
4.23804e+06	0
4.23814e+06	0
4.23824e+06	0
4.23834e+06	0
4.23844e+06	0
4.23854e+06	0
4.23864e+06	0
4.23874e+06	0
4.23884e+06	0
4.23894e+06	0
4.23904e+06	0
4.23914e+06	0
4.23924e+06	0
4.23934e+06	0
4.23944e+06	0
4.23954e+06	0
4.23964e+06	0
4.23974e+06	0
4.23984e+06	0
4.23994e+06	0
4.24004e+06	0
4.24014e+06	0
4.24024e+06	0
4.24034e+06	0
4.24044e+06	0
4.24054e+06	0
4.24064e+06	0
4.24074e+06	0
4.24084e+06	8.39912e-323
4.24094e+06	3.83889e-321
4.24104e+06	1.78254e-319
4.24114e+06	8.20745e-318
4.24124e+06	3.74127e-316
4.24134e+06	1.68844e-314
4.24144e+06	7.54417e-313
4.24154e+06	3.33729e-311
4.24164e+06	1.46161e-309
4.24174e+06	6.33765e-308
4.24184e+06	2.72071e-306
4.24194e+06	1.15636e-304
4.24204e+06	4.86585e-303
4.24214e+06	2.02714e-301
4.24224e+06	8.36112e-300
4.24234e+06	3.41431e-298
4.24244e+06	1.38038e-296
4.24254e+06	5.52523e-295
4.24264e+06	2.18958e-293
4.24274e+06	8.59067e-292
4.24284e+06	3.33696e-290
4.24294e+06	1.28331e-288
4.24304e+06	4.88617e-287
4.24314e+06	1.84189e-285
4.24324e+06	6.8741e-284
4.24334e+06	2.53995e-282
4.24344e+06	9.2916e-281
4.24354e+06	3.36522e-279
4.24364e+06	1.20668e-277
4.24374e+06	4.28382e-276
4.24384e+06	1.50565e-274
4.24394e+06	5.23934e-273
4.24404e+06	1.80503e-271
4.24414e+06	6.15673e-270
4.24424e+06	2.07909e-268
4.24434e+06	6.95107e-267
4.24444e+06	2.30085e-265
4.24454e+06	7.54019e-264
4.24464e+06	2.44643e-262
4.24474e+06	7.85851e-261
4.24484e+06	2.49922e-259
4.24494e+06	7.86913e-258
4.24504e+06	2.45305e-256
4.24514e+06	7.5708e-255
4.24524e+06	2.31331e-253
4.24534e+06	6.99817e-252
4.24544e+06	2.096e-250
4.24554e+06	6.21521e-249
4.24564e+06	1.82464e-247
4.24574e+06	5.30341e-246
4.24584e+06	1.52613e-244
4.24594e+06	4.34794e-243
4.24604e+06	1.2264e-241
4.24614e+06	3.42483e-240
4.24624e+06	9.46896e-239
4.24634e+06	2.59193e-237
4.24644e+06	7.02426e-236
4.24654e+06	1.88467e-234
4.24664e+06	5.00642e-233
4.24674e+06	1.31667e-231
4.24684e+06	3.42832e-230
4.24694e+06	8.83781e-229
4.24704e+06	2.25561e-227
4.24714e+06	5.69956e-226
4.24724e+06	1.42586e-224
4.24734e+06	3.53156e-223
4.24744e+06	8.65994e-222
4.24754e+06	2.10242e-220
4.24764e+06	5.05339e-219
4.24774e+06	1.20255e-217
4.24784e+06	2.83321e-216
4.24794e+06	6.60864e-215
4.24804e+06	1.52617e-213
4.24814e+06	3.48939e-212
4.24824e+06	7.89868e-211
4.24834e+06	1.77018e-209
4.24844e+06	3.92767e-208
4.24854e+06	8.62801e-207
4.24864e+06	1.87648e-205
4.24874e+06	4.04049e-204
4.24884e+06	8.61352e-203
4.24894e+06	1.81796e-201
4.24904e+06	3.79879e-200
4.24914e+06	7.85894e-199
4.24924e+06	1.60968e-197
4.24934e+06	3.26416e-196
4.24944e+06	6.55331e-195
4.24954e+06	1.30259e-193
4.24964e+06	2.56336e-192
4.24974e+06	4.99425e-191
4.24984e+06	9.63359e-190
4.24994e+06	1.83977e-188
4.25004e+06	3.47852e-187
4.25014e+06	6.51153e-186
4.25024e+06	1.20678e-184
4.25034e+06	2.21428e-183
4.25044e+06	4.02246e-182
4.25054e+06	7.2345e-181
4.25064e+06	1.2882e-179
4.25074e+06	2.27098e-178
4.25084e+06	3.96371e-177
4.25094e+06	6.8493e-176
4.25104e+06	1.17179e-174
4.25114e+06	1.98476e-173
4.25124e+06	3.32831e-172
4.25134e+06	5.52583e-171
4.25144e+06	9.08297e-170
4.25154e+06	1.47814e-168
4.25164e+06	2.38155e-167
4.25174e+06	3.79893e-166
4.25184e+06	5.99957e-165
4.25194e+06	9.38071e-164
4.25204e+06	1.45214e-162
4.25214e+06	2.22555e-161
4.25224e+06	3.37695e-160
4.25234e+06	5.07305e-159
4.25244e+06	7.54519e-158
4.25254e+06	1.11104e-156
4.25264e+06	1.61973e-155
4.25274e+06	2.33784e-154
4.25284e+06	3.34075e-153
4.25294e+06	4.7264e-152
4.25304e+06	6.62024e-151
4.25314e+06	9.18066e-150
4.25324e+06	1.26047e-148
4.25334e+06	1.71335e-147
4.25344e+06	2.30578e-146
4.25354e+06	3.07218e-145
4.25364e+06	4.05258e-144
4.25374e+06	5.29266e-143
4.25384e+06	6.84343e-142
4.25394e+06	8.76054e-141
4.25404e+06	1.11031e-139
4.25414e+06	1.39321e-138
4.25424e+06	1.73079e-137
4.25434e+06	2.12877e-136
4.25444e+06	2.59221e-135
4.25454e+06	3.12514e-134
4.25464e+06	3.73015e-133
4.25474e+06	4.40797e-132
4.25484e+06	5.15714e-131
4.25494e+06	5.97361e-130
4.25504e+06	6.85048e-129
4.25514e+06	7.7779e-128
4.25524e+06	8.74301e-127
4.25534e+06	9.73008e-126
4.25544e+06	1.07208e-124
4.25554e+06	1.1695e-123
4.25564e+06	1.26306e-122
4.25574e+06	1.35055e-121
4.25584e+06	1.42972e-120
4.25594e+06	1.49847e-119
4.25604e+06	1.5549e-118
4.25614e+06	1.5974e-117
4.25624e+06	1.62474e-116
4.25634e+06	1.6361e-115
4.25644e+06	1.63115e-114
4.25654e+06	1.61003e-113
4.25664e+06	1.57337e-112
4.25674e+06	1.52225e-111
4.25684e+06	1.45813e-110
4.25694e+06	1.38282e-109
4.25704e+06	1.29835e-108
4.25714e+06	1.2069e-107
4.25724e+06	1.11074e-106
4.25734e+06	1.01207e-105
4.25744e+06	9.12983e-105
4.25754e+06	8.15405e-104
4.25764e+06	7.2101e-103
4.25774e+06	6.31199e-102
4.25784e+06	5.47077e-101
4.25794e+06	4.69448e-100
4.25804e+06	3.98826e-99
4.25814e+06	3.35456e-98
4.25824e+06	2.79349e-97
4.25834e+06	2.3031e-96
4.25844e+06	1.87991e-95
4.25854e+06	1.51921e-94
4.25864e+06	1.21551e-93
4.25874e+06	9.62837e-93
4.25884e+06	7.55102e-92
4.25894e+06	5.86293e-91
4.25904e+06	4.50694e-90
4.25914e+06	3.43009e-89
4.25924e+06	2.58456e-88
4.25934e+06	1.92807e-87
4.25944e+06	1.42403e-86
4.25954e+06	1.04129e-85
4.25964e+06	7.5384e-85
4.25974e+06	5.40313e-84
4.25984e+06	3.83414e-83
4.25994e+06	2.69369e-82
4.26004e+06	1.87364e-81
4.26014e+06	1.29027e-80
4.26024e+06	8.79693e-80
4.26034e+06	5.93799e-79
4.26044e+06	3.9683e-78
4.26054e+06	2.62559e-77
4.26064e+06	1.71991e-76
4.26074e+06	1.11543e-75
4.26084e+06	7.16204e-75
4.26094e+06	4.55289e-74
4.26104e+06	2.86546e-73
4.26114e+06	1.7855e-72
4.26124e+06	1.10149e-71
4.26134e+06	6.7276e-71
4.26144e+06	4.06814e-70
4.26154e+06	2.43551e-69
4.26164e+06	1.44357e-68
4.26174e+06	8.47123e-68
4.26184e+06	4.92165e-67
4.26194e+06	2.83095e-66
4.26204e+06	1.61217e-65
4.26214e+06	9.08961e-65
4.26224e+06	5.07385e-64
4.26234e+06	2.80406e-63
4.26244e+06	1.53424e-62
4.26254e+06	8.31107e-62
4.26264e+06	4.45736e-61
4.26274e+06	2.36677e-60
4.26284e+06	1.2442e-59
4.26294e+06	6.47562e-59
4.26304e+06	3.3368e-58
4.26314e+06	1.7023e-57
4.26324e+06	8.59803e-57
4.26334e+06	4.29951e-56
4.26344e+06	2.12861e-55
4.26354e+06	1.04335e-54
4.26364e+06	5.06316e-54
4.26374e+06	2.43259e-53
4.26384e+06	1.15711e-52
4.26394e+06	5.44925e-52
4.26404e+06	2.54072e-51
4.26414e+06	1.17282e-50
4.26424e+06	5.36002e-50
4.26434e+06	2.42525e-49
4.26444e+06	1.08644e-48
4.26454e+06	4.81847e-48
4.26464e+06	2.11578e-47
4.26474e+06	9.19792e-47
4.26484e+06	3.95881e-46
4.26494e+06	1.68693e-45
4.26504e+06	7.11685e-45
4.26514e+06	2.97259e-44
4.26524e+06	1.22925e-43
4.26534e+06	5.03269e-43
4.26544e+06	2.03994e-42
4.26554e+06	8.18641e-42
4.26564e+06	3.25256e-41
4.26574e+06	1.27942e-40
4.26584e+06	4.98266e-40
4.26594e+06	1.92116e-39
4.26604e+06	7.33373e-39
4.26614e+06	2.77168e-38
4.26624e+06	1.03709e-37
4.26634e+06	3.84192e-37
4.26644e+06	1.40909e-36
4.26654e+06	5.11662e-36
4.26664e+06	1.83944e-35
4.26674e+06	6.54705e-35
4.26684e+06	2.30708e-34
4.26694e+06	8.0489e-34
4.26704e+06	2.78015e-33
4.26714e+06	9.50727e-33
4.26724e+06	3.21885e-32
4.26734e+06	1.07895e-31
4.26744e+06	3.58065e-31
4.26754e+06	1.17646e-30
4.26764e+06	3.82694e-30
4.26774e+06	1.23249e-29
4.26784e+06	3.92979e-29
4.26794e+06	1.24055e-28
4.26804e+06	3.87718e-28
4.26814e+06	1.1997e-27
4.26824e+06	3.67528e-27
4.26834e+06	1.11471e-26
4.26844e+06	3.34728e-26
4.26854e+06	9.95129e-26
4.26864e+06	2.92903e-25
4.26874e+06	8.5354e-25
4.26884e+06	2.46253e-24
4.26894e+06	7.03392e-24
4.26904e+06	1.98916e-23
4.26914e+06	5.56927e-23
4.26924e+06	1.54378e-22
4.26934e+06	4.2367e-22
4.26944e+06	1.15114e-21
4.26954e+06	3.0966e-21
4.26964e+06	8.24708e-21
4.26974e+06	2.17456e-20
4.26984e+06	5.67675e-20
4.26994e+06	1.46719e-19
4.27004e+06	3.75429e-19
4.27014e+06	9.51104e-19
4.27024e+06	2.38553e-18
4.27034e+06	5.92378e-18
4.27044e+06	1.45636e-17
4.27054e+06	3.54485e-17
4.27064e+06	8.54245e-17
4.27074e+06	2.0381e-16
4.27084e+06	4.81419e-16
4.27094e+06	1.12585e-15
4.27104e+06	2.60671e-15
4.27114e+06	5.97535e-15
4.27124e+06	1.3561e-14
4.27134e+06	3.04702e-14
4.27144e+06	6.77823e-14
4.27154e+06	1.49285e-13
4.27164e+06	3.25515e-13
4.27174e+06	7.02721e-13
4.27184e+06	1.50194e-12
4.27194e+06	3.17819e-12
4.27204e+06	6.6583e-12
4.27214e+06	1.38103e-11
4.27224e+06	2.83597e-11
4.27234e+06	5.76576e-11
4.27244e+06	1.16056e-10
4.27254e+06	2.3128e-10
4.27264e+06	4.56314e-10
4.27274e+06	8.91347e-10
4.27284e+06	1.7238e-09
4.27294e+06	3.30054e-09
4.27304e+06	6.25661e-09
4.27314e+06	1.17422e-08
4.27324e+06	2.18182e-08
4.27334e+06	4.01369e-08
4.27344e+06	7.31016e-08
4.27354e+06	1.31815e-07
4.27364e+06	2.35322e-07
4.27374e+06	4.15926e-07
4.27384e+06	7.27826e-07
4.27394e+06	1.26094e-06
4.27404e+06	2.16282e-06
4.27414e+06	3.67284e-06
4.27424e+06	6.17506e-06
4.27434e+06	1.02787e-05
4.27444e+06	1.69391e-05
4.27454e+06	2.76376e-05
4.27464e+06	4.46444e-05
4.27474e+06	7.13989e-05
4.27484e+06	0.000113051
4.27494e+06	0.000177219
4.27504e+06	0.000275047
4.27514e+06	0.000422629
4.27524e+06	0.000642937
4.27534e+06	0.000968357
4.27544e+06	0.00144397
4.27554e+06	0.00213177
4.27564e+06	0.00311586
4.27574e+06	0.00450892
4.27584e+06	0.00645987
4.27594e+06	0.0091629
4.27604e+06	0.0128676
4.27614e+06	0.0178905
4.27624e+06	0.0246265
4.27634e+06	0.0335613
4.27644e+06	0.0452828
4.27654e+06	0.0604901
4.27664e+06	0.0800005
4.27674e+06	0.104751
4.27684e+06	0.135794
4.27694e+06	0.174285
4.27704e+06	0.221461
4.27714e+06	0.278606
4.27724e+06	0.347009
4.27734e+06	0.427906
4.27744e+06	0.522412
4.27754e+06	0.631444
4.27764e+06	0.755638
4.27774e+06	0.895262
4.27784e+06	1.05013
4.27794e+06	1.21953
4.27804e+06	1.40217
4.27814e+06	1.59611
4.27824e+06	1.79881
4.27834e+06	2.00707
4.27844e+06	2.21717
4.27854e+06	2.42489
4.27864e+06	2.62567
4.27874e+06	2.8148
4.27884e+06	2.98752
4.27894e+06	3.13929
4.27904e+06	3.26594
4.27914e+06	3.3639
4.27924e+06	3.43032
4.27934e+06	3.46325
4.27944e+06	3.4617
4.27954e+06	3.42573
4.27964e+06	3.35639
4.27974e+06	3.25574
4.27984e+06	3.12668
4.27994e+06	2.97286
4.28004e+06	2.79849
4.28014e+06	2.60812
4.28024e+06	2.40653
4.28034e+06	2.19842
4.28044e+06	1.98832
4.28054e+06	1.78041
4.28064e+06	1.57838
4.28074e+06	1.38534
4.28084e+06	1.20382
4.28094e+06	1.03568
4.28104e+06	0.882151
4.28114e+06	0.743907
4.28124e+06	0.621086
4.28134e+06	0.513383
4.28144e+06	0.420135
4.28154e+06	0.340402
4.28164e+06	0.273057
4.28174e+06	0.216856
4.28184e+06	0.170509
4.28194e+06	0.132733
4.28204e+06	0.102298
4.28214e+06	0.0780575
4.28224e+06	0.0589682
4.28234e+06	0.044104
4.28244e+06	0.0326585
4.28254e+06	0.0239426
4.28264e+06	0.0173781
4.28274e+06	0.0124879
4.28284e+06	0.00888457
4.28294e+06	0.00625805
4.28304e+06	0.00436414
4.28314e+06	0.00301312
4.28324e+06	0.00205963
4.28334e+06	0.00139387
4.28344e+06	0.000933918
4.28354e+06	0.000619518
4.28364e+06	0.000406871
4.28374e+06	0.000264555
4.28384e+06	0.000170307
4.28394e+06	0.000108544
4.28404e+06	6.84913e-05
4.28414e+06	4.27881e-05
4.28424e+06	2.64647e-05
4.28434e+06	1.62057e-05
4.28444e+06	9.82489e-06
4.28454e+06	5.89716e-06
4.28464e+06	3.50442e-06
4.28474e+06	2.0618e-06
4.28484e+06	1.20097e-06
4.28494e+06	6.9259e-07
4.28504e+06	3.95437e-07
4.28514e+06	2.2353e-07
4.28524e+06	1.25098e-07
4.28534e+06	6.93142e-08
4.28544e+06	3.80235e-08
4.28554e+06	2.06508e-08
4.28564e+06	1.1104e-08
4.28574e+06	5.91128e-09
4.28584e+06	3.11558e-09
4.28594e+06	1.62575e-09
4.28604e+06	8.39895e-10
4.28614e+06	4.29589e-10
4.28624e+06	2.1754e-10
4.28634e+06	1.09064e-10
4.28644e+06	5.41354e-11
4.28654e+06	2.66035e-11
4.28664e+06	1.29435e-11
4.28674e+06	6.2348e-12
4.28684e+06	2.97338e-12
4.28694e+06	1.4039e-12
4.28704e+06	6.56263e-13
4.28714e+06	3.03722e-13
4.28724e+06	1.39166e-13
4.28734e+06	6.31315e-14
4.28744e+06	2.83541e-14
4.28754e+06	1.26079e-14
4.28764e+06	5.55045e-15
4.28774e+06	2.41919e-15
4.28784e+06	1.04392e-15
4.28794e+06	4.45988e-16
4.28804e+06	1.88641e-16
4.28814e+06	7.89961e-17
4.28824e+06	3.27516e-17
4.28834e+06	1.34436e-17
4.28844e+06	5.46333e-18
4.28854e+06	2.19814e-18
4.28864e+06	8.75608e-19
4.28874e+06	3.4532e-19
4.28884e+06	1.34831e-19
4.28894e+06	5.21215e-20
4.28904e+06	1.9948e-20
4.28914e+06	7.55858e-21
4.28924e+06	2.83555e-21
4.28934e+06	1.05315e-21
4.28944e+06	3.87261e-22
4.28954e+06	1.40985e-22
4.28964e+06	5.08156e-23
4.28974e+06	1.81334e-23
4.28984e+06	6.40648e-24
4.28994e+06	2.24087e-24
4.29004e+06	7.76014e-25
4.29014e+06	2.6606e-25
4.29024e+06	9.03126e-26
4.29034e+06	3.0351e-26
4.29044e+06	1.00985e-26
4.29054e+06	3.32655e-27
4.29064e+06	1.0849e-27
4.29074e+06	3.50302e-28
4.29084e+06	1.11983e-28
4.29094e+06	3.54422e-29
4.29104e+06	1.11057e-29
4.29114e+06	3.44529e-30
4.29124e+06	1.05819e-30
4.29134e+06	3.2178e-31
4.29144e+06	9.68751e-32
4.29154e+06	2.8875e-32
4.29164e+06	8.52095e-33
4.29174e+06	2.4895e-33
4.29184e+06	7.201e-34
4.29194e+06	2.0622e-34
4.29204e+06	5.84689e-35
4.29214e+06	1.64126e-35
4.29224e+06	4.56127e-36
4.29234e+06	1.25502e-36
4.29244e+06	3.41881e-37
4.29254e+06	9.22051e-38
4.29264e+06	2.46202e-38
4.29274e+06	6.50858e-39
4.29284e+06	1.70348e-39
4.29294e+06	4.41414e-40
4.29304e+06	1.13243e-40
4.29314e+06	2.8763e-41
4.29324e+06	7.23291e-42
4.29334e+06	1.80073e-42
4.29344e+06	4.43857e-43
4.29354e+06	1.08316e-43
4.29364e+06	2.61699e-44
4.29374e+06	6.25988e-45
4.29384e+06	1.48248e-45
4.29394e+06	3.4759e-46
4.29404e+06	8.06868e-47
4.29414e+06	1.85437e-47
4.29424e+06	4.21935e-48
4.29434e+06	9.50501e-49
4.29444e+06	2.11991e-49
4.29454e+06	4.68099e-50
4.29464e+06	1.02333e-50
4.29474e+06	2.21489e-51
4.29484e+06	4.74618e-52
4.29494e+06	1.00692e-52
4.29504e+06	2.11495e-53
4.29514e+06	4.39808e-54
4.29524e+06	9.0549e-55
4.29534e+06	1.8457e-55
4.29544e+06	3.72474e-56
4.29554e+06	7.44197e-57
4.29564e+06	1.4721e-57
4.29574e+06	2.88299e-58
4.29584e+06	5.58992e-59
4.29594e+06	1.07306e-59
4.29604e+06	2.0394e-60
4.29614e+06	3.83739e-61
4.29624e+06	7.14871e-62
4.29634e+06	1.31849e-62
4.29644e+06	2.40758e-63
4.29654e+06	4.35254e-64
4.29664e+06	7.79045e-65
4.29674e+06	1.38051e-65
4.29684e+06	2.42199e-66
4.29694e+06	4.20691e-67
4.29704e+06	7.23453e-68
4.29714e+06	1.23173e-68
4.29724e+06	2.07624e-69
4.29734e+06	3.46494e-70
4.29744e+06	5.72494e-71
4.29754e+06	9.36492e-72
4.29764e+06	1.51668e-72
4.29774e+06	2.43187e-73
4.29784e+06	3.86051e-74
4.29794e+06	6.06745e-75
4.29804e+06	9.44113e-76
4.29814e+06	1.45445e-76
4.29824e+06	2.21836e-77
4.29834e+06	3.34981e-78
4.29844e+06	5.00803e-79
4.29854e+06	7.4126e-80
4.29864e+06	1.08625e-80
4.29874e+06	1.57597e-81
4.29884e+06	2.26372e-82
4.29894e+06	3.21925e-83
4.29904e+06	4.53256e-84
4.29914e+06	6.31814e-85
4.29924e+06	8.7195e-86
4.29934e+06	1.19138e-86
4.29944e+06	1.61164e-87
4.29954e+06	2.15845e-88
4.29964e+06	2.86202e-89
4.29974e+06	3.75717e-90
4.29984e+06	4.88322e-91
4.29994e+06	6.2836e-92
4.30004e+06	8.00512e-93
4.30014e+06	1.00968e-93
4.30024e+06	1.26083e-94
4.30034e+06	1.55879e-95
4.30044e+06	1.90799e-96
4.30054e+06	2.31217e-97
4.30064e+06	2.77409e-98
4.30074e+06	3.29519e-99
4.30084e+06	3.87521e-100
4.30094e+06	4.51199e-101
4.30104e+06	5.20113e-102
4.30114e+06	5.93588e-103
4.30124e+06	6.70701e-104
4.30134e+06	7.50291e-105
4.30144e+06	8.30974e-106
4.30154e+06	9.11177e-107
4.30164e+06	9.89179e-108
4.30174e+06	1.06317e-108
4.30184e+06	1.13133e-109
4.30194e+06	1.19188e-110
4.30204e+06	1.24318e-111
4.30214e+06	1.28378e-112
4.30224e+06	1.31252e-113
4.30234e+06	1.32855e-114
4.30244e+06	1.33139e-115
4.30254e+06	1.32096e-116
4.30264e+06	1.29758e-117
4.30274e+06	1.26192e-118
4.30284e+06	1.21504e-119
4.30294e+06	1.15825e-120
4.30304e+06	1.09314e-121
4.30314e+06	1.02142e-122
4.30324e+06	9.44904e-124
4.30334e+06	8.65426e-125
4.30344e+06	7.84746e-126
4.30354e+06	7.04507e-127
4.30364e+06	6.26179e-128
4.30374e+06	5.51022e-129
4.30384e+06	4.8006e-130
4.30394e+06	4.14076e-131
4.30404e+06	3.53608e-132
4.30414e+06	2.98965e-133
4.30424e+06	2.50251e-134
4.30434e+06	2.0739e-135
4.30444e+06	1.7016e-136
4.30454e+06	1.38224e-137
4.30464e+06	1.11165e-138
4.30474e+06	8.85134e-140
4.30484e+06	6.97762e-141
4.30494e+06	5.4458e-142
4.30504e+06	4.20798e-143
4.30514e+06	3.21916e-144
4.30524e+06	2.4382e-145
4.30534e+06	1.82832e-146
4.30544e+06	1.35735e-147
4.30554e+06	9.97676e-149
4.30564e+06	7.26012e-150
4.30574e+06	5.23065e-151
4.30584e+06	3.73099e-152
4.30594e+06	2.63481e-153
4.30604e+06	1.84218e-154
4.30614e+06	1.27518e-155
4.30624e+06	8.73913e-157
4.30634e+06	5.92989e-158
4.30644e+06	4.03465e-159
4.30654e+06	1.02923e-159
4.30664e+06	1.12594e-158
4.30674e+06	1.63709e-157
4.30684e+06	2.36021e-156
4.30694e+06	3.36892e-155
4.30704e+06	4.76089e-154
4.30714e+06	6.66104e-153
4.30724e+06	9.22685e-152
4.30734e+06	1.26538e-150
4.30744e+06	1.71809e-149
4.30754e+06	2.30956e-148
4.30764e+06	3.07375e-147
4.30774e+06	4.05009e-146
4.30784e+06	5.28346e-145
4.30794e+06	6.82384e-144
4.30804e+06	8.72562e-143
4.30814e+06	1.10464e-141
4.30824e+06	1.38453e-140
4.30834e+06	1.71807e-139
4.30844e+06	2.11075e-138
4.30854e+06	2.56738e-137
4.30864e+06	3.09172e-136
4.30874e+06	3.6861e-135
4.30884e+06	4.35102e-134
4.30894e+06	5.08478e-133
4.30904e+06	5.88315e-132
4.30914e+06	6.73915e-131
4.30924e+06	7.64289e-130
4.30934e+06	8.58157e-129
4.30944e+06	9.53966e-128
4.30954e+06	1.04992e-126
4.30964e+06	1.14403e-125
4.30974e+06	1.23417e-124
4.30984e+06	1.31816e-123
4.30994e+06	1.39386e-122
4.31004e+06	1.45925e-121
4.31014e+06	1.5125e-120
4.31024e+06	1.55209e-119
4.31034e+06	1.57688e-118
4.31044e+06	1.58611e-117
4.31054e+06	1.57953e-116
4.31064e+06	1.55733e-115
4.31074e+06	1.52015e-114
4.31084e+06	1.4691e-113
4.31094e+06	1.40564e-112
4.31104e+06	1.33154e-111
4.31114e+06	1.24879e-110
4.31124e+06	1.15953e-109
4.31134e+06	1.06594e-108
4.31144e+06	9.70155e-108
4.31154e+06	8.7419e-107
4.31164e+06	7.79879e-106
4.31174e+06	6.8882e-105
4.31184e+06	6.0234e-104
4.31194e+06	5.21476e-103
4.31204e+06	4.46976e-102
4.31214e+06	3.79307e-101
4.31224e+06	3.1868e-100
4.31234e+06	2.65079e-99
4.31244e+06	2.183e-98
4.31254e+06	1.77987e-97
4.31264e+06	1.43675e-96
4.31274e+06	1.14823e-95
4.31284e+06	9.08524e-95
4.31294e+06	7.11704e-94
4.31304e+06	5.51976e-93
4.31314e+06	4.23835e-92
4.31324e+06	3.22205e-91
4.31334e+06	2.42506e-90
4.31344e+06	1.80706e-89
4.31354e+06	1.33314e-88
4.31364e+06	9.73733e-88
4.31374e+06	7.04141e-87
4.31384e+06	5.04123e-86
4.31394e+06	3.57331e-85
4.31404e+06	2.50762e-84
4.31414e+06	1.74224e-83
4.31424e+06	1.19843e-82
4.31434e+06	8.16161e-82
4.31444e+06	5.50294e-81
4.31454e+06	3.67343e-80
4.31464e+06	2.42775e-79
4.31474e+06	1.58853e-78
4.31484e+06	1.02906e-77
4.31494e+06	6.60004e-77
4.31504e+06	4.19091e-76
4.31514e+06	2.63467e-75
4.31524e+06	1.63984e-74
4.31534e+06	1.0105e-73
4.31544e+06	6.16487e-73
4.31554e+06	3.72367e-72
4.31564e+06	2.22677e-71
4.31574e+06	1.31836e-70
4.31584e+06	7.72775e-70
4.31594e+06	4.48465e-69
4.31604e+06	2.57668e-68
4.31614e+06	1.46571e-67
4.31624e+06	8.25459e-67
4.31634e+06	4.60255e-66
4.31644e+06	2.54073e-65
4.31654e+06	1.3886e-64
4.31664e+06	7.51364e-64
4.31674e+06	4.02514e-63
4.31684e+06	2.13486e-62
4.31694e+06	1.12103e-61
4.31704e+06	5.82798e-61
4.31714e+06	2.9997e-60
4.31724e+06	1.5286e-59
4.31734e+06	7.71201e-59
4.31744e+06	3.85211e-58
4.31754e+06	1.90496e-57
4.31764e+06	9.32677e-57
4.31774e+06	4.52099e-56
4.31784e+06	2.16966e-55
4.31794e+06	1.03088e-54
4.31804e+06	4.84932e-54
4.31814e+06	2.25845e-53
4.31824e+06	1.04135e-52
4.31834e+06	4.75382e-52
4.31844e+06	2.14854e-51
4.31854e+06	9.61396e-51
4.31864e+06	4.2591e-50
4.31874e+06	1.86806e-49
4.31884e+06	8.11185e-49
4.31894e+06	3.48744e-48
4.31904e+06	1.4844e-47
4.31914e+06	6.25534e-47
4.31924e+06	2.60981e-46
4.31934e+06	1.07801e-45
4.31944e+06	4.40854e-45
4.31954e+06	1.78494e-44
4.31964e+06	7.15501e-44
4.31974e+06	2.83957e-43
4.31984e+06	1.11571e-42
4.31994e+06	4.34021e-42
4.32004e+06	1.67157e-41
4.32014e+06	6.37376e-41
4.32024e+06	2.40616e-40
4.32034e+06	8.9931e-40
4.32044e+06	3.32776e-39
4.32054e+06	1.21913e-38
4.32064e+06	4.42189e-38
4.32074e+06	1.58789e-37
4.32084e+06	5.64536e-37
4.32094e+06	1.9871e-36
4.32104e+06	6.92475e-36
4.32114e+06	2.38916e-35
4.32124e+06	8.16103e-35
4.32134e+06	2.75995e-34
4.32144e+06	9.24089e-34
4.32154e+06	3.06326e-33
4.32164e+06	1.00534e-32
4.32174e+06	3.26659e-32
4.32184e+06	1.05084e-31
4.32194e+06	3.34684e-31
4.32204e+06	1.05533e-30
4.32214e+06	3.2946e-30
4.32224e+06	1.01829e-29
4.32234e+06	3.116e-29
4.32244e+06	9.4402e-29
4.32254e+06	2.83154e-28
4.32264e+06	8.40852e-28
4.32274e+06	2.47215e-27
4.32284e+06	7.19591e-27
4.32294e+06	2.07374e-26
4.32304e+06	5.91671e-26
4.32314e+06	1.67133e-25
4.32324e+06	4.67416e-25
4.32334e+06	1.2942e-24
4.32344e+06	3.54776e-24
4.32354e+06	9.62866e-24
4.32364e+06	2.58722e-23
4.32374e+06	6.8827e-23
4.32384e+06	1.81276e-22
4.32394e+06	4.72695e-22
4.32404e+06	1.22033e-21
4.32414e+06	3.11911e-21
4.32424e+06	7.89298e-21
4.32434e+06	1.97746e-20
4.32444e+06	4.90493e-20
4.32454e+06	1.20452e-19
4.32464e+06	2.92856e-19
4.32474e+06	7.04935e-19
4.32484e+06	1.67997e-18
4.32494e+06	3.9638e-18
4.32504e+06	9.25932e-18
4.32514e+06	2.14143e-17
4.32524e+06	4.90325e-17
4.32534e+06	1.11153e-16
4.32544e+06	2.49469e-16
4.32554e+06	5.54331e-16
4.32564e+06	1.21949e-15
4.32574e+06	2.6561e-15
4.32584e+06	5.72754e-15
4.32594e+06	1.22278e-14
4.32604e+06	2.58456e-14
4.32614e+06	5.40855e-14
4.32624e+06	1.12055e-13
4.32634e+06	2.29848e-13
4.32644e+06	4.66774e-13
4.32654e+06	9.3849e-13
4.32664e+06	1.86814e-12
4.32674e+06	3.68168e-12
4.32684e+06	7.18357e-12
4.32694e+06	1.38769e-11
4.32704e+06	2.65399e-11
4.32714e+06	5.02533e-11
4.32724e+06	9.42078e-11
4.32734e+06	1.7485e-10
4.32744e+06	3.21294e-10
4.32754e+06	5.84515e-10
4.32764e+06	1.0528e-09
4.32774e+06	1.87738e-09
4.32784e+06	3.3145e-09
4.32794e+06	5.79348e-09
4.32804e+06	1.00258e-08
4.32814e+06	1.71772e-08
4.32824e+06	2.91371e-08
4.32834e+06	4.89323e-08
4.32844e+06	8.13585e-08
4.32854e+06	1.33927e-07
4.32864e+06	2.18267e-07
4.32874e+06	3.52181e-07
4.32884e+06	5.62601e-07
4.32894e+06	8.89801e-07
4.32904e+06	1.39329e-06
4.32914e+06	2.15997e-06
4.32924e+06	3.31521e-06
4.32934e+06	5.03769e-06
4.32944e+06	7.57895e-06
4.32954e+06	1.12887e-05
4.32964e+06	1.6647e-05
4.32974e+06	2.43043e-05
4.32984e+06	3.51309e-05
4.32994e+06	5.0275e-05
4.33004e+06	7.12314e-05
4.33014e+06	9.9919e-05
4.33024e+06	0.000138766
4.33034e+06	0.000190798
4.33044e+06	0.000259729
4.33054e+06	0.000350047
4.33064e+06	0.000467076
4.33074e+06	0.000617031
4.33084e+06	0.000807018
4.33094e+06	0.001045
4.33104e+06	0.0013397
4.33114e+06	0.00170041
4.33124e+06	0.00213677
4.33134e+06	0.0026584
4.33144e+06	0.00327445
4.33154e+06	0.00399313
4.33164e+06	0.0048211
4.33174e+06	0.00576283
4.33184e+06	0.00681997
4.33194e+06	0.00799073
4.33204e+06	0.0092693
4.33214e+06	0.0106455
4.33224e+06	0.0121043
4.33234e+06	0.0136261
4.33244e+06	0.0151866
4.33254e+06	0.0167574
4.33264e+06	0.0183067
4.33274e+06	0.0198002
4.33284e+06	0.0212025
4.33294e+06	0.0224782
4.33304e+06	0.0235935
4.33314e+06	0.0245178
4.33324e+06	0.0252248
4.33334e+06	0.0256939
4.33344e+06	0.0259113
4.33354e+06	0.0258706
4.33364e+06	0.0255729
4.33374e+06	0.0250271
4.33384e+06	0.0242492
4.33394e+06	0.0232618
4.33404e+06	0.0220925
4.33414e+06	0.0207732
4.33424e+06	0.0193384
4.33434e+06	0.0178235
4.33444e+06	0.0162638
4.33454e+06	0.014693
4.33464e+06	0.0131418
4.33474e+06	0.0116374
4.33484e+06	0.0102027
4.33494e+06	0.00885583
4.33504e+06	0.0076103
4.33514e+06	0.00647488
4.33524e+06	0.00545404
4.33534e+06	0.00454843
4.33544e+06	0.00375545
4.33554e+06	0.00306987
4.33564e+06	0.00248448
4.33574e+06	0.0019907
4.33584e+06	0.00157919
4.33594e+06	0.00124029
4.33604e+06	0.000964416
4.33614e+06	0.000742446
4.33624e+06	0.000565877
4.33634e+06	0.000427008
4.33644e+06	0.000319012
4.33654e+06	0.000235958
4.33664e+06	0.000172791
4.33674e+06	0.000125275
4.33684e+06	8.99213e-05
4.33694e+06	6.39027e-05
4.33704e+06	4.49607e-05
4.33714e+06	3.13187e-05
4.33724e+06	2.15989e-05
4.33734e+06	1.47474e-05
4.33744e+06	9.96914e-06
4.33754e+06	6.672e-06
4.33764e+06	4.42092e-06
4.33774e+06	2.90018e-06
4.33784e+06	1.88363e-06
4.33794e+06	1.21122e-06
4.33804e+06	7.71092e-07
4.33814e+06	4.86013e-07
4.33824e+06	3.03281e-07
4.33834e+06	1.8737e-07
4.33844e+06	1.14608e-07
