2.82903e+06	3.45635e-06
2.82913e+06	5.67013e-06
2.82923e+06	9.20929e-06
2.82933e+06	1.48087e-05
2.82943e+06	2.35756e-05
2.82953e+06	3.71592e-05
2.82963e+06	5.79866e-05
2.82973e+06	8.95872e-05
2.82983e+06	0.000137032
2.82993e+06	0.000207517
2.83003e+06	0.00031113
2.83013e+06	0.000461837
2.83023e+06	0.000678722
2.83033e+06	0.000987535
2.83043e+06	0.00142256
2.83053e+06	0.00202883
2.83063e+06	0.00286468
2.83073e+06	0.00400465
2.83083e+06	0.00554256
2.83093e+06	0.00759475
2.83103e+06	0.0103032
2.83113e+06	0.0138385
2.83123e+06	0.018402
2.83133e+06	0.0242267
2.83143e+06	0.0315779
2.83153e+06	0.04075
2.83163e+06	0.0520631
2.83173e+06	0.0658551
2.83183e+06	0.0824718
2.83193e+06	0.102254
2.83203e+06	0.125519
2.83213e+06	0.152545
2.83223e+06	0.183544
2.83233e+06	0.218647
2.83243e+06	0.25787
2.83253e+06	0.301104
2.83263e+06	0.348089
2.83273e+06	0.3984
2.83283e+06	0.451447
2.83293e+06	0.506466
2.83303e+06	0.562537
2.83313e+06	0.618599
2.83323e+06	0.673479
2.83333e+06	0.725932
2.83343e+06	0.774685
2.83353e+06	0.818487
2.83363e+06	0.85616
2.83373e+06	0.886656
2.83383e+06	0.909102
2.83393e+06	0.922841
2.83403e+06	0.927467
2.83413e+06	0.922841
2.83423e+06	0.909102
2.83433e+06	0.886656
2.83443e+06	0.85616
2.83453e+06	0.818487
2.83463e+06	0.774685
2.83473e+06	0.725932
2.83483e+06	0.673479
2.83493e+06	0.618599
2.83503e+06	0.562537
2.83513e+06	0.506466
2.83523e+06	0.451447
2.83533e+06	0.3984
2.83543e+06	0.348089
2.83553e+06	0.301104
2.83563e+06	0.25787
2.83573e+06	0.218647
2.83583e+06	0.183544
2.83593e+06	0.152545
2.83603e+06	0.125519
2.83613e+06	0.102254
2.83623e+06	0.0824718
2.83633e+06	0.0658551
2.83643e+06	0.0520631
2.83653e+06	0.04075
2.83663e+06	0.0315779
2.83673e+06	0.0242267
2.83683e+06	0.018402
2.83693e+06	0.0138385
2.83703e+06	0.0103032
2.83713e+06	0.00759475
2.83723e+06	0.00554257
2.83733e+06	0.00400466
2.83743e+06	0.0028647
2.83753e+06	0.00202886
2.83763e+06	0.00142262
2.83773e+06	0.000987641
2.83783e+06	0.000678911
2.83793e+06	0.000462169
2.83803e+06	0.000311708
2.83813e+06	0.000208513
2.83823e+06	0.000138733
2.83833e+06	9.24632e-05
2.83843e+06	6.28006e-05
2.83853e+06	4.5137e-05
2.83863e+06	3.66647e-05
2.83873e+06	3.60703e-05
2.83883e+06	4.34026e-05
2.83893e+06	6.01132e-05
2.83903e+06	8.92787e-05
2.83913e+06	0.000136028
2.83923e+06	0.000208207
2.83933e+06	0.000317342
2.83943e+06	0.000479948
2.83953e+06	0.000719279
2.83963e+06	0.00106759
2.83973e+06	0.00156901
2.83983e+06	0.00228311
2.83993e+06	0.00328922
2.84003e+06	0.00469159
2.84013e+06	0.00662529
2.84023e+06	0.0092629
2.84033e+06	0.0128217
2.84043e+06	0.0175713
2.84053e+06	0.0238406
2.84063e+06	0.0320249
2.84073e+06	0.0425908
2.84083e+06	0.0560791
2.84093e+06	0.0731043
2.84103e+06	0.09435
2.84113e+06	0.120559
2.84123e+06	0.152515
2.84133e+06	0.191021
2.84143e+06	0.236869
2.84153e+06	0.290799
2.84163e+06	0.353456
2.84173e+06	0.425337
2.84183e+06	0.506744
2.84193e+06	0.597725
2.84203e+06	0.698025
2.84213e+06	0.807045
2.84223e+06	0.923808
2.84233e+06	1.04694
2.84243e+06	1.17468
2.84253e+06	1.30489
2.84263e+06	1.43512
2.84273e+06	1.56263
2.84283e+06	1.68454
2.84293e+06	1.7979
2.84303e+06	1.89979
2.84313e+06	1.98748
2.84323e+06	2.05853
2.84333e+06	2.11091
2.84343e+06	2.14307
2.84353e+06	2.15408
2.84363e+06	2.14361
2.84373e+06	2.11196
2.84383e+06	2.06007
2.84393e+06	1.98946
2.84403e+06	1.90215
2.84413e+06	1.80059
2.84423e+06	1.68748
2.84433e+06	1.56574
2.84443e+06	1.43833
2.84453e+06	1.30814
2.84463e+06	1.1779
2.84473e+06	1.05007
2.84483e+06	0.9268
2.84493e+06	0.80986
2.84503e+06	0.700635
2.84513e+06	0.600109
2.84523e+06	0.508892
2.84533e+06	0.427246
2.84543e+06	0.35513
2.84553e+06	0.29225
2.84563e+06	0.23811
2.84573e+06	0.192069
2.84583e+06	0.15339
2.84593e+06	0.12128
2.84603e+06	0.0949386
2.84613e+06	0.0735786
2.84623e+06	0.056457
2.84633e+06	0.0428885
2.84643e+06	0.0322568
2.84653e+06	0.0240192
2.84663e+06	0.0177073
2.84673e+06	0.0129242
2.84683e+06	0.00933924
2.84693e+06	0.00668155
2.84703e+06	0.00473259
2.84713e+06	0.00331878
2.84723e+06	0.00230417
2.84733e+06	0.00158383
2.84743e+06	0.00107785
2.84753e+06	0.000726218
2.84763e+06	0.000484431
2.84773e+06	0.000319929
2.84783e+06	0.000209186
2.84793e+06	0.000135416
2.84803e+06	8.67884e-05
2.84813e+06	5.50696e-05
2.84823e+06	3.45954e-05
2.84833e+06	2.15171e-05
2.84843e+06	1.32496e-05
2.84853e+06	8.0776e-06
2.84863e+06	4.87548e-06
2.84873e+06	2.91347e-06
2.84883e+06	1.72369e-06
2.84893e+06	1.00964e-06
2.84903e+06	5.85503e-07
2.84913e+06	3.36163e-07
2.84923e+06	1.91085e-07
2.84933e+06	1.07538e-07
2.84943e+06	5.99175e-08
2.84953e+06	3.30524e-08
2.84963e+06	1.80513e-08
2.84973e+06	9.76048e-09
2.84983e+06	5.22506e-09
2.84993e+06	2.76929e-09
2.85003e+06	1.45312e-09
2.85013e+06	7.54907e-10
2.85023e+06	3.88277e-10
2.85033e+06	1.97718e-10
2.85043e+06	9.96803e-11
2.85053e+06	4.97541e-11
2.85063e+06	2.4587e-11
2.85073e+06	1.20292e-11
2.85083e+06	5.82678e-12
2.85093e+06	2.79432e-12
2.85103e+06	1.32673e-12
2.85113e+06	6.23653e-13
2.85123e+06	2.90243e-13
2.85133e+06	1.33733e-13
2.85143e+06	6.10057e-14
2.85153e+06	2.75524e-14
2.85163e+06	1.23199e-14
2.85173e+06	5.45395e-15
2.85183e+06	2.39041e-15
2.85193e+06	1.03727e-15
2.85203e+06	4.45621e-16
2.85213e+06	1.89539e-16
2.85223e+06	7.98154e-17
2.85233e+06	3.32762e-17
2.85243e+06	1.37353e-17
2.85253e+06	5.61303e-18
2.85263e+06	2.27099e-18
2.85273e+06	9.09681e-19
2.85283e+06	3.60762e-19
2.85293e+06	1.41648e-19
2.85303e+06	5.50624e-20
2.85313e+06	2.11913e-20
2.85323e+06	8.07454e-21
2.85333e+06	3.04603e-21
2.85343e+06	1.13765e-21
2.85353e+06	4.20668e-22
2.85363e+06	1.54002e-22
2.85373e+06	5.58178e-23
2.85383e+06	2.00297e-23
2.85393e+06	7.11597e-24
2.85403e+06	2.50294e-24
2.85413e+06	8.71613e-25
2.85423e+06	3.00507e-25
2.85433e+06	1.02575e-25
2.85443e+06	3.46646e-26
2.85453e+06	1.15981e-26
2.85463e+06	3.8419e-27
2.85473e+06	1.25998e-27
2.85483e+06	4.09105e-28
2.85493e+06	1.31512e-28
2.85503e+06	4.18554e-29
2.85513e+06	1.31885e-29
2.85523e+06	4.1143e-30
2.85533e+06	1.27073e-30
2.85543e+06	3.8857e-31
2.85553e+06	1.17636e-31
2.85563e+06	3.5259e-32
2.85573e+06	1.0463e-32
2.85583e+06	3.07397e-33
2.85593e+06	8.94129e-34
2.85603e+06	2.57488e-34
2.85613e+06	7.34128e-35
2.85623e+06	2.07226e-35
2.85633e+06	5.79125e-36
2.85643e+06	1.60235e-36
2.85653e+06	4.38935e-37
2.85663e+06	1.19042e-37
2.85673e+06	3.19637e-38
2.85683e+06	8.4971e-39
2.85693e+06	2.23636e-39
2.85703e+06	5.82733e-40
2.85713e+06	1.50333e-40
2.85723e+06	3.83969e-41
2.85733e+06	9.70947e-42
2.85743e+06	2.43081e-42
2.85753e+06	6.02511e-43
2.85763e+06	1.47855e-43
2.85773e+06	3.59222e-44
2.85783e+06	8.64066e-45
2.85793e+06	2.05773e-45
2.85803e+06	4.85162e-46
2.85813e+06	1.13251e-46
2.85823e+06	2.61731e-47
2.85833e+06	5.98859e-48
2.85843e+06	1.3566e-48
2.85853e+06	3.04253e-49
2.85863e+06	6.75579e-50
2.85873e+06	1.48516e-50
2.85883e+06	3.23243e-51
2.85893e+06	6.96531e-52
2.85903e+06	1.48597e-52
2.85913e+06	3.1386e-53
2.85923e+06	6.56325e-54
2.85933e+06	1.35881e-54
2.85943e+06	2.7852e-55
2.85953e+06	5.65211e-56
2.85963e+06	1.13559e-56
2.85973e+06	2.25887e-57
2.85983e+06	4.44852e-58
2.85993e+06	8.67358e-59
2.86003e+06	1.67432e-59
2.86013e+06	3.19989e-60
2.86023e+06	6.05464e-61
2.86033e+06	1.13423e-61
2.86043e+06	2.10362e-62
2.86053e+06	3.86271e-63
2.86063e+06	7.02221e-64
2.86073e+06	1.2639e-64
2.86083e+06	2.25221e-65
2.86093e+06	3.9734e-66
2.86103e+06	6.9402e-67
2.86113e+06	1.20016e-67
2.86123e+06	2.05477e-68
2.86133e+06	3.48293e-69
2.86143e+06	5.84498e-70
2.86153e+06	9.71133e-71
2.86163e+06	1.59746e-71
2.86173e+06	2.6016e-72
2.86183e+06	4.19476e-73
2.86193e+06	6.69624e-74
2.86203e+06	1.05831e-74
2.86213e+06	1.65596e-75
2.86223e+06	2.56533e-76
2.86233e+06	3.93456e-77
2.86243e+06	5.97454e-78
2.86253e+06	8.98195e-79
2.86263e+06	1.33688e-79
2.86273e+06	1.97003e-80
2.86283e+06	2.87416e-81
2.86293e+06	4.1515e-82
2.86303e+06	5.93685e-83
2.86313e+06	8.40552e-84
2.86323e+06	1.17823e-84
2.86333e+06	1.63513e-85
2.86343e+06	2.24663e-86
2.86353e+06	3.05611e-87
2.86363e+06	4.11587e-88
2.86373e+06	5.48798e-89
2.86383e+06	7.2447e-90
2.86393e+06	9.46859e-91
2.86403e+06	1.2252e-91
2.86413e+06	1.56959e-92
2.86423e+06	1.99077e-93
2.86433e+06	2.49985e-94
2.86443e+06	3.10788e-95
2.86453e+06	3.82535e-96
2.86463e+06	4.66161e-97
2.86473e+06	5.62415e-98
2.86483e+06	6.71793e-99
2.86493e+06	7.94457e-100
2.86503e+06	9.30171e-101
2.86513e+06	1.07823e-101
2.86523e+06	1.23742e-102
2.86533e+06	1.40599e-103
2.86543e+06	1.58162e-104
2.86553e+06	1.76149e-105
2.86563e+06	1.94229e-106
2.86573e+06	2.12035e-107
2.86583e+06	2.29169e-108
2.86593e+06	2.45223e-109
2.86603e+06	2.59791e-110
2.86613e+06	2.72486e-111
2.86623e+06	2.82958e-112
2.86633e+06	2.90908e-113
2.86643e+06	2.96106e-114
2.86653e+06	2.98397e-115
2.86663e+06	2.97714e-116
2.86673e+06	2.94078e-117
2.86683e+06	2.87595e-118
2.86693e+06	2.78457e-119
2.86703e+06	2.66926e-120
2.86713e+06	2.53327e-121
2.86723e+06	2.38029e-122
2.86733e+06	2.21429e-123
2.86743e+06	2.03937e-124
2.86753e+06	1.85958e-125
2.86763e+06	1.67877e-126
2.86773e+06	1.50046e-127
2.86783e+06	1.32774e-128
2.86793e+06	1.16321e-129
2.86803e+06	1.00894e-130
2.86813e+06	8.66413e-132
2.86823e+06	7.36619e-133
2.86833e+06	6.20038e-134
2.86843e+06	5.16714e-135
2.86853e+06	4.26324e-136
2.86863e+06	3.48246e-137
2.86873e+06	2.81637e-138
2.86883e+06	2.25502e-139
2.86893e+06	1.78759e-140
2.86903e+06	1.40295e-141
2.86913e+06	1.09012e-142
2.86923e+06	8.38614e-144
2.86933e+06	6.38716e-145
2.86943e+06	4.81627e-146
2.86953e+06	3.59559e-147
2.86963e+06	2.65759e-148
2.86973e+06	1.94474e-149
2.86983e+06	1.40894e-150
2.86993e+06	1.0106e-151
2.87003e+06	7.17671e-153
2.87013e+06	5.04577e-154
2.87023e+06	3.51226e-155
2.87033e+06	2.42049e-156
2.87043e+06	1.65149e-157
2.87053e+06	1.1156e-158
2.87063e+06	7.46095e-160
2.87073e+06	4.94014e-161
2.87083e+06	3.23847e-162
2.87093e+06	2.10184e-163
2.87103e+06	1.35056e-164
2.87113e+06	8.59186e-166
2.87123e+06	5.41149e-167
2.87133e+06	3.37446e-168
2.87143e+06	2.08328e-169
2.87153e+06	1.27335e-170
2.87163e+06	7.70561e-172
2.87173e+06	4.6166e-173
2.87183e+06	2.73838e-174
2.87193e+06	1.60814e-175
2.87203e+06	9.34995e-177
2.87213e+06	5.38211e-178
2.87223e+06	3.06728e-179
2.87233e+06	1.73065e-180
2.87243e+06	9.66773e-182
2.87253e+06	5.34683e-183
2.87263e+06	2.92769e-184
2.87273e+06	1.58712e-185
2.87283e+06	8.5183e-187
2.87293e+06	4.5264e-188
2.87303e+06	2.38127e-189
2.87313e+06	1.24029e-190
2.87323e+06	6.39579e-192
2.87333e+06	3.26529e-193
2.87343e+06	1.65047e-194
2.87353e+06	8.25941e-196
2.87363e+06	4.09212e-197
2.87373e+06	2.00726e-198
2.87383e+06	9.74805e-200
2.87393e+06	4.68692e-201
2.87403e+06	2.23108e-202
2.87413e+06	1.05148e-203
2.87423e+06	4.90615e-205
2.87433e+06	2.26641e-206
2.87443e+06	1.03656e-207
2.87453e+06	4.69362e-209
2.87463e+06	2.10415e-210
2.87473e+06	9.33907e-212
2.87483e+06	4.10381e-213
2.87493e+06	1.78537e-214
2.87503e+06	7.69e-216
2.87513e+06	3.2793e-217
2.87523e+06	1.3845e-218
2.87533e+06	5.78712e-220
2.87543e+06	2.39491e-221
2.87553e+06	9.81231e-223
2.87563e+06	3.98026e-224
2.87573e+06	1.59849e-225
2.87583e+06	6.3557e-227
2.87593e+06	2.50193e-228
2.87603e+06	9.75086e-230
2.87613e+06	3.76243e-231
2.87623e+06	1.43731e-232
2.87633e+06	5.43614e-234
2.87643e+06	2.03558e-235
2.87653e+06	7.54642e-237
2.87663e+06	2.76982e-238
2.87673e+06	1.00651e-239
2.87683e+06	3.62113e-241
2.87693e+06	1.28981e-242
2.87703e+06	4.54847e-244
2.87713e+06	1.58804e-245
2.87723e+06	5.48927e-247
2.87733e+06	1.87856e-248
2.87743e+06	6.3649e-250
2.87753e+06	2.13509e-251
2.87763e+06	7.09083e-253
2.87773e+06	2.3315e-254
2.87783e+06	7.58981e-256
2.87793e+06	2.44615e-257
2.87803e+06	7.80536e-259
2.87813e+06	2.46581e-260
2.87823e+06	7.71229e-262
2.87833e+06	2.38816e-263
2.87843e+06	7.32152e-265
2.87853e+06	2.22227e-266
2.87863e+06	6.67803e-268
2.87873e+06	1.98681e-269
2.87883e+06	5.85225e-271
2.87893e+06	1.70666e-272
2.87903e+06	4.92749e-274
2.87913e+06	1.40852e-275
2.87923e+06	3.98619e-277
2.87933e+06	1.11689e-278
2.87943e+06	3.09825e-280
2.87953e+06	8.50907e-282
2.87963e+06	2.31369e-283
2.87973e+06	6.22851e-285
2.87983e+06	1.66005e-286
2.87993e+06	4.38041e-288
2.88003e+06	1.14437e-289
2.88013e+06	2.95987e-291
2.88023e+06	7.57944e-293
2.88033e+06	1.92158e-294
2.88043e+06	4.82323e-296
2.88053e+06	1.1986e-297
2.88063e+06	2.94895e-299
2.88073e+06	7.18318e-301
2.88083e+06	1.7323e-302
2.88093e+06	4.13607e-304
2.88103e+06	9.77708e-306
2.88113e+06	2.28817e-307
2.88123e+06	5.30179e-309
2.88133e+06	1.21623e-310
2.88143e+06	2.76226e-312
2.88153e+06	6.21113e-314
2.88163e+06	1.38272e-315
2.88173e+06	3.04758e-317
2.88183e+06	6.65012e-319
2.88193e+06	1.43674e-320
2.88203e+06	3.06321e-322
2.88213e+06	9.88131e-324
2.88223e+06	0
2.88233e+06	0
2.88243e+06	0
2.88253e+06	0
2.88263e+06	0
2.88273e+06	0
2.88283e+06	0
2.88293e+06	0
2.88303e+06	0
2.88313e+06	0
2.88323e+06	0
2.88333e+06	0
2.88343e+06	0
2.88353e+06	0
2.88363e+06	0
2.88373e+06	0
2.88383e+06	0
2.88393e+06	0
2.88403e+06	0
2.88413e+06	0
2.88423e+06	0
2.88433e+06	0
2.88443e+06	0
2.88453e+06	0
2.88463e+06	0
2.88473e+06	0
2.88483e+06	0
2.88493e+06	0
2.88503e+06	0
2.88513e+06	0
2.88523e+06	0
2.88533e+06	0
2.88543e+06	0
2.88553e+06	0
2.88563e+06	0
2.88573e+06	0
2.88583e+06	0
2.88593e+06	0
2.88603e+06	0
2.88613e+06	0
2.88623e+06	0
2.88633e+06	0
2.88643e+06	0
2.88653e+06	0
2.88663e+06	0
2.88673e+06	0
2.88683e+06	0
2.88693e+06	0
2.88703e+06	0
2.88713e+06	0
2.88723e+06	0
2.88733e+06	0
2.88743e+06	0
2.88753e+06	0
2.88763e+06	0
2.88773e+06	0
2.88783e+06	0
2.88793e+06	0
2.88803e+06	0
2.88813e+06	0
2.88823e+06	0
2.88833e+06	0
2.88843e+06	0
2.88853e+06	0
2.88863e+06	0
2.88873e+06	0
2.88883e+06	0
2.88893e+06	0
2.88903e+06	0
2.88913e+06	0
2.88923e+06	0
2.88933e+06	0
2.88943e+06	0
2.88953e+06	0
2.88963e+06	0
2.88973e+06	0
2.88983e+06	0
2.88993e+06	0
2.89003e+06	0
2.89013e+06	0
2.89023e+06	0
2.89033e+06	0
2.89043e+06	0
2.89053e+06	0
2.89063e+06	0
2.89073e+06	0
2.89083e+06	0
2.89093e+06	0
2.89103e+06	0
2.89113e+06	0
2.89123e+06	0
2.89133e+06	0
2.89143e+06	0
2.89153e+06	0
2.89163e+06	0
2.89173e+06	0
2.89183e+06	0
2.89193e+06	0
2.89203e+06	0
2.89213e+06	0
2.89223e+06	0
2.89233e+06	0
2.89243e+06	0
2.89253e+06	0
2.89263e+06	0
2.89273e+06	0
2.89283e+06	0
2.89293e+06	0
2.89303e+06	0
2.89313e+06	0
2.89323e+06	0
2.89333e+06	0
2.89343e+06	0
2.89353e+06	0
2.89363e+06	0
2.89373e+06	0
2.89383e+06	0
2.89393e+06	0
2.89403e+06	0
2.89413e+06	0
2.89423e+06	0
2.89433e+06	0
2.89443e+06	0
2.89453e+06	0
2.89463e+06	0
2.89473e+06	0
2.89483e+06	0
2.89493e+06	0
2.89503e+06	0
2.89513e+06	0
2.89523e+06	0
2.89533e+06	0
2.89543e+06	0
2.89553e+06	0
2.89563e+06	0
2.89573e+06	0
2.89583e+06	0
2.89593e+06	0
2.89603e+06	0
2.89613e+06	0
2.89623e+06	0
2.89633e+06	0
2.89643e+06	0
2.89653e+06	0
2.89663e+06	0
2.89673e+06	0
2.89683e+06	0
2.89693e+06	0
2.89703e+06	0
2.89713e+06	0
2.89723e+06	0
2.89733e+06	0
2.89743e+06	0
2.89753e+06	0
2.89763e+06	0
2.89773e+06	0
2.89783e+06	0
2.89793e+06	0
2.89803e+06	0
2.89813e+06	0
2.89823e+06	0
2.89833e+06	0
2.89843e+06	0
2.89853e+06	0
2.89863e+06	0
2.89873e+06	0
2.89883e+06	0
2.89893e+06	0
2.89903e+06	0
2.89913e+06	0
2.89923e+06	0
2.89933e+06	0
2.89943e+06	0
2.89953e+06	0
2.89963e+06	0
2.89973e+06	0
2.89983e+06	0
2.89993e+06	0
2.90003e+06	0
2.90013e+06	0
2.90023e+06	0
2.90033e+06	0
2.90043e+06	0
2.90053e+06	0
2.90063e+06	0
2.90073e+06	0
2.90083e+06	0
2.90093e+06	0
2.90103e+06	0
2.90113e+06	0
2.90123e+06	0
2.90133e+06	0
2.90143e+06	0
2.90153e+06	0
2.90163e+06	0
2.90173e+06	0
2.90183e+06	0
2.90193e+06	0
2.90203e+06	0
2.90213e+06	0
2.90223e+06	0
2.90233e+06	0
2.90243e+06	0
2.90253e+06	0
2.90263e+06	0
2.90273e+06	0
2.90283e+06	0
2.90293e+06	0
2.90303e+06	0
2.90313e+06	0
2.90323e+06	0
2.90333e+06	0
2.90343e+06	0
2.90353e+06	0
2.90363e+06	0
2.90373e+06	0
2.90383e+06	0
2.90393e+06	0
2.90403e+06	0
2.90413e+06	0
2.90423e+06	0
2.90433e+06	0
2.90443e+06	0
2.90453e+06	0
2.90463e+06	0
2.90473e+06	0
2.90483e+06	0
2.90493e+06	0
2.90503e+06	0
2.90513e+06	0
2.90523e+06	0
2.90533e+06	0
2.90543e+06	0
2.90553e+06	0
2.90563e+06	0
2.90573e+06	0
2.90583e+06	0
2.90593e+06	0
2.90603e+06	0
2.90613e+06	0
2.90623e+06	0
2.90633e+06	0
2.90643e+06	0
2.90653e+06	0
2.90663e+06	0
2.90673e+06	0
2.90683e+06	0
2.90693e+06	0
2.90703e+06	0
2.90713e+06	0
2.90723e+06	0
2.90733e+06	0
2.90743e+06	0
2.90753e+06	0
2.90763e+06	0
2.90773e+06	0
2.90783e+06	0
2.90793e+06	0
2.90803e+06	0
2.90813e+06	0
2.90823e+06	0
2.90833e+06	0
2.90843e+06	0
2.90853e+06	0
2.90863e+06	0
2.90873e+06	0
2.90883e+06	0
2.90893e+06	0
2.90903e+06	0
2.90913e+06	0
2.90923e+06	0
2.90933e+06	0
2.90943e+06	0
2.90953e+06	0
2.90963e+06	0
2.90973e+06	0
2.90983e+06	0
2.90993e+06	0
2.91003e+06	0
2.91013e+06	0
2.91023e+06	0
2.91033e+06	0
2.91043e+06	0
2.91053e+06	0
2.91063e+06	0
2.91073e+06	0
2.91083e+06	0
2.91093e+06	0
2.91103e+06	0
2.91113e+06	0
2.91123e+06	0
2.91133e+06	0
2.91143e+06	0
2.91153e+06	0
2.91163e+06	0
2.91173e+06	0
2.91183e+06	0
2.91193e+06	0
2.91203e+06	0
2.91213e+06	0
2.91223e+06	0
2.91233e+06	0
2.91243e+06	0
2.91253e+06	0
2.91263e+06	0
2.91273e+06	0
2.91283e+06	0
2.91293e+06	0
2.91303e+06	0
2.91313e+06	0
2.91323e+06	0
2.91333e+06	0
2.91343e+06	0
2.91353e+06	0
2.91363e+06	0
2.91373e+06	0
2.91383e+06	0
2.91393e+06	0
2.91403e+06	0
2.91413e+06	0
2.91423e+06	0
2.91433e+06	0
2.91443e+06	0
2.91453e+06	0
2.91463e+06	0
2.91473e+06	0
2.91483e+06	0
2.91493e+06	0
2.91503e+06	0
2.91513e+06	0
2.91523e+06	0
2.91533e+06	0
2.91543e+06	0
2.91553e+06	0
2.91563e+06	0
2.91573e+06	0
2.91583e+06	0
2.91593e+06	0
2.91603e+06	0
2.91613e+06	0
2.91623e+06	0
2.91633e+06	0
2.91643e+06	0
2.91653e+06	0
2.91663e+06	0
2.91673e+06	0
2.91683e+06	0
2.91693e+06	0
2.91703e+06	0
2.91713e+06	0
2.91723e+06	0
2.91733e+06	0
2.91743e+06	0
2.91753e+06	0
2.91763e+06	0
2.91773e+06	0
2.91783e+06	0
2.91793e+06	0
2.91803e+06	0
2.91813e+06	0
2.91823e+06	0
2.91833e+06	0
2.91843e+06	0
2.91853e+06	0
2.91863e+06	0
2.91873e+06	0
2.91883e+06	0
2.91893e+06	0
2.91903e+06	0
2.91913e+06	0
2.91923e+06	0
2.91933e+06	0
2.91943e+06	0
2.91953e+06	0
2.91963e+06	0
2.91973e+06	0
2.91983e+06	0
2.91993e+06	0
2.92003e+06	0
2.92013e+06	0
2.92023e+06	0
2.92033e+06	0
2.92043e+06	0
2.92053e+06	0
2.92063e+06	0
2.92073e+06	0
2.92083e+06	0
2.92093e+06	0
2.92103e+06	0
2.92113e+06	0
2.92123e+06	0
2.92133e+06	0
2.92143e+06	0
2.92153e+06	0
2.92163e+06	0
2.92173e+06	0
2.92183e+06	0
2.92193e+06	0
2.92203e+06	0
2.92213e+06	0
2.92223e+06	0
2.92233e+06	0
2.92243e+06	0
2.92253e+06	0
2.92263e+06	0
2.92273e+06	0
2.92283e+06	0
2.92293e+06	0
2.92303e+06	0
2.92313e+06	0
2.92323e+06	0
2.92333e+06	0
2.92343e+06	0
2.92353e+06	0
2.92363e+06	0
2.92373e+06	0
2.92383e+06	0
2.92393e+06	0
2.92403e+06	0
2.92413e+06	0
2.92423e+06	0
2.92433e+06	0
2.92443e+06	0
2.92453e+06	0
2.92463e+06	0
2.92473e+06	0
2.92483e+06	0
2.92493e+06	0
2.92503e+06	0
2.92513e+06	0
2.92523e+06	0
2.92533e+06	0
2.92543e+06	0
2.92553e+06	0
2.92563e+06	0
2.92573e+06	0
2.92583e+06	0
2.92593e+06	0
2.92603e+06	0
2.92613e+06	0
2.92623e+06	0
2.92633e+06	0
2.92643e+06	0
2.92653e+06	0
2.92663e+06	0
2.92673e+06	0
2.92683e+06	0
2.92693e+06	0
2.92703e+06	0
2.92713e+06	0
2.92723e+06	0
2.92733e+06	0
2.92743e+06	0
2.92753e+06	0
2.92763e+06	0
2.92773e+06	0
2.92783e+06	0
2.92793e+06	0
2.92803e+06	0
2.92813e+06	0
2.92823e+06	0
2.92833e+06	0
2.92843e+06	0
2.92853e+06	0
2.92863e+06	0
2.92873e+06	0
2.92883e+06	0
2.92893e+06	0
2.92903e+06	0
2.92913e+06	0
2.92923e+06	0
2.92933e+06	0
2.92943e+06	0
2.92953e+06	0
2.92963e+06	0
2.92973e+06	0
2.92983e+06	0
2.92993e+06	0
2.93003e+06	0
2.93013e+06	0
2.93023e+06	0
2.93033e+06	0
2.93043e+06	0
2.93053e+06	0
2.93063e+06	0
2.93073e+06	0
2.93083e+06	0
2.93093e+06	0
2.93103e+06	0
2.93113e+06	0
2.93123e+06	0
2.93133e+06	0
2.93143e+06	0
2.93153e+06	0
2.93163e+06	0
2.93173e+06	0
2.93183e+06	0
2.93193e+06	0
2.93203e+06	0
2.93213e+06	0
2.93223e+06	0
2.93233e+06	0
2.93243e+06	0
2.93253e+06	0
2.93263e+06	0
2.93273e+06	0
2.93283e+06	0
2.93293e+06	0
2.93303e+06	0
2.93313e+06	0
2.93323e+06	0
2.93333e+06	0
2.93343e+06	0
2.93353e+06	0
2.93363e+06	0
2.93373e+06	0
2.93383e+06	0
2.93393e+06	0
2.93403e+06	0
2.93413e+06	0
2.93423e+06	0
2.93433e+06	0
2.93443e+06	0
2.93453e+06	0
2.93463e+06	0
2.93473e+06	0
2.93483e+06	0
2.93493e+06	0
2.93503e+06	0
2.93513e+06	0
2.93523e+06	0
2.93533e+06	0
2.93543e+06	0
2.93553e+06	0
2.93563e+06	0
2.93573e+06	0
2.93583e+06	0
2.93593e+06	0
2.93603e+06	0
2.93613e+06	0
2.93623e+06	0
2.93633e+06	0
2.93643e+06	0
2.93653e+06	0
2.93663e+06	0
2.93673e+06	0
2.93683e+06	0
2.93693e+06	0
2.93703e+06	0
2.93713e+06	0
2.93723e+06	0
2.93733e+06	0
2.93743e+06	0
2.93753e+06	0
2.93763e+06	0
2.93773e+06	0
2.93783e+06	0
2.93793e+06	0
2.93803e+06	0
2.93813e+06	0
2.93823e+06	0
2.93833e+06	0
2.93843e+06	0
2.93853e+06	0
2.93863e+06	0
2.93873e+06	0
2.93883e+06	0
2.93893e+06	0
2.93903e+06	0
2.93913e+06	0
2.93923e+06	0
2.93933e+06	0
2.93943e+06	0
2.93953e+06	0
2.93963e+06	0
2.93973e+06	0
2.93983e+06	0
2.93993e+06	0
2.94003e+06	0
2.94013e+06	0
2.94023e+06	0
2.94033e+06	0
2.94043e+06	0
2.94053e+06	0
2.94063e+06	0
2.94073e+06	0
2.94083e+06	0
2.94093e+06	0
2.94103e+06	0
2.94113e+06	0
2.94123e+06	0
2.94133e+06	0
2.94143e+06	0
2.94153e+06	0
2.94163e+06	0
2.94173e+06	0
2.94183e+06	0
2.94193e+06	0
2.94203e+06	0
2.94213e+06	0
2.94223e+06	0
2.94233e+06	0
2.94243e+06	0
2.94253e+06	0
2.94263e+06	0
2.94273e+06	0
2.94283e+06	0
2.94293e+06	0
2.94303e+06	0
2.94313e+06	0
2.94323e+06	0
2.94333e+06	0
2.94343e+06	0
2.94353e+06	0
2.94363e+06	0
2.94373e+06	0
2.94383e+06	0
2.94393e+06	0
2.94403e+06	0
2.94413e+06	0
2.94423e+06	0
2.94433e+06	0
2.94443e+06	0
2.94453e+06	0
2.94463e+06	0
2.94473e+06	0
2.94483e+06	0
2.94493e+06	0
2.94503e+06	0
2.94513e+06	0
2.94523e+06	0
2.94533e+06	0
2.94543e+06	0
2.94553e+06	0
2.94563e+06	0
2.94573e+06	0
2.94583e+06	0
2.94593e+06	0
2.94603e+06	0
2.94613e+06	0
2.94623e+06	0
2.94633e+06	0
2.94643e+06	0
2.94653e+06	0
2.94663e+06	0
2.94673e+06	0
2.94683e+06	0
2.94693e+06	0
2.94703e+06	0
2.94713e+06	0
2.94723e+06	0
2.94733e+06	0
2.94743e+06	0
2.94753e+06	0
2.94763e+06	0
2.94773e+06	0
2.94783e+06	0
2.94793e+06	0
2.94803e+06	0
2.94813e+06	0
2.94823e+06	0
2.94833e+06	0
2.94843e+06	0
2.94853e+06	0
2.94863e+06	0
2.94873e+06	0
2.94883e+06	0
2.94893e+06	0
2.94903e+06	0
2.94913e+06	0
2.94923e+06	0
2.94933e+06	0
2.94943e+06	0
2.94953e+06	0
2.94963e+06	0
2.94973e+06	0
2.94983e+06	0
2.94993e+06	0
2.95003e+06	0
2.95013e+06	0
2.95023e+06	0
2.95033e+06	0
2.95043e+06	0
2.95053e+06	0
2.95063e+06	0
2.95073e+06	0
2.95083e+06	0
2.95093e+06	0
2.95103e+06	0
2.95113e+06	0
2.95123e+06	0
2.95133e+06	0
2.95143e+06	0
2.95153e+06	0
2.95163e+06	0
2.95173e+06	0
2.95183e+06	0
2.95193e+06	0
2.95203e+06	0
2.95213e+06	0
2.95223e+06	0
2.95233e+06	0
2.95243e+06	0
2.95253e+06	0
2.95263e+06	0
2.95273e+06	0
2.95283e+06	0
2.95293e+06	0
2.95303e+06	0
2.95313e+06	0
2.95323e+06	0
2.95333e+06	0
2.95343e+06	0
2.95353e+06	0
2.95363e+06	0
2.95373e+06	0
2.95383e+06	0
2.95393e+06	0
2.95403e+06	0
2.95413e+06	0
2.95423e+06	0
2.95433e+06	0
2.95443e+06	0
2.95453e+06	0
2.95463e+06	0
2.95473e+06	0
2.95483e+06	0
2.95493e+06	0
2.95503e+06	0
2.95513e+06	0
2.95523e+06	0
2.95533e+06	0
2.95543e+06	0
2.95553e+06	0
2.95563e+06	0
2.95573e+06	0
2.95583e+06	0
2.95593e+06	0
2.95603e+06	0
2.95613e+06	0
2.95623e+06	0
2.95633e+06	0
2.95643e+06	0
2.95653e+06	0
2.95663e+06	0
2.95673e+06	0
2.95683e+06	0
2.95693e+06	0
2.95703e+06	0
2.95713e+06	0
2.95723e+06	0
2.95733e+06	0
2.95743e+06	0
2.95753e+06	0
2.95763e+06	0
2.95773e+06	0
2.95783e+06	0
2.95793e+06	0
2.95803e+06	0
2.95813e+06	0
2.95823e+06	0
2.95833e+06	0
2.95843e+06	0
2.95853e+06	0
2.95863e+06	0
2.95873e+06	0
2.95883e+06	0
2.95893e+06	0
2.95903e+06	0
2.95913e+06	0
2.95923e+06	0
2.95933e+06	0
2.95943e+06	0
2.95953e+06	0
2.95963e+06	0
2.95973e+06	0
2.95983e+06	0
2.95993e+06	0
2.96003e+06	0
2.96013e+06	0
2.96023e+06	0
2.96033e+06	0
2.96043e+06	0
2.96053e+06	0
2.96063e+06	0
2.96073e+06	0
2.96083e+06	0
2.96093e+06	0
2.96103e+06	0
2.96113e+06	0
2.96123e+06	0
2.96133e+06	0
2.96143e+06	0
2.96153e+06	0
2.96163e+06	0
2.96173e+06	0
2.96183e+06	0
2.96193e+06	0
2.96203e+06	0
2.96213e+06	0
2.96223e+06	0
2.96233e+06	0
2.96243e+06	0
2.96253e+06	0
2.96263e+06	0
2.96273e+06	0
2.96283e+06	0
2.96293e+06	0
2.96303e+06	0
2.96313e+06	0
2.96323e+06	0
2.96333e+06	0
2.96343e+06	0
2.96353e+06	0
2.96363e+06	0
2.96373e+06	0
2.96383e+06	0
2.96393e+06	0
2.96403e+06	0
2.96413e+06	0
2.96423e+06	0
2.96433e+06	0
2.96443e+06	0
2.96453e+06	0
2.96463e+06	0
2.96473e+06	0
2.96483e+06	0
2.96493e+06	0
2.96503e+06	0
2.96513e+06	0
2.96523e+06	0
2.96533e+06	0
2.96543e+06	0
2.96553e+06	0
2.96563e+06	0
2.96573e+06	0
2.96583e+06	0
2.96593e+06	0
2.96603e+06	0
2.96613e+06	0
2.96623e+06	0
2.96633e+06	0
2.96643e+06	0
2.96653e+06	0
2.96663e+06	0
2.96673e+06	0
2.96683e+06	0
2.96693e+06	0
2.96703e+06	0
2.96713e+06	0
2.96723e+06	0
2.96733e+06	0
2.96743e+06	0
2.96753e+06	0
2.96763e+06	0
2.96773e+06	0
2.96783e+06	0
2.96793e+06	0
2.96803e+06	0
2.96813e+06	0
2.96823e+06	0
2.96833e+06	0
2.96843e+06	0
2.96853e+06	0
2.96863e+06	0
2.96873e+06	0
2.96883e+06	0
2.96893e+06	0
2.96903e+06	0
2.96913e+06	0
2.96923e+06	0
2.96933e+06	0
2.96943e+06	0
2.96953e+06	0
2.96963e+06	0
2.96973e+06	0
2.96983e+06	0
2.96993e+06	0
2.97003e+06	0
2.97013e+06	0
2.97023e+06	0
2.97033e+06	0
2.97043e+06	0
2.97053e+06	0
2.97063e+06	0
2.97073e+06	0
2.97083e+06	0
2.97093e+06	0
2.97103e+06	0
2.97113e+06	0
2.97123e+06	0
2.97133e+06	0
2.97143e+06	0
2.97153e+06	0
2.97163e+06	0
2.97173e+06	0
2.97183e+06	0
2.97193e+06	0
2.97203e+06	0
2.97213e+06	0
2.97223e+06	0
2.97233e+06	0
2.97243e+06	0
2.97253e+06	0
2.97263e+06	0
2.97273e+06	0
2.97283e+06	0
2.97293e+06	0
2.97303e+06	0
2.97313e+06	0
2.97323e+06	0
2.97333e+06	0
2.97343e+06	0
2.97353e+06	0
2.97363e+06	0
2.97373e+06	0
2.97383e+06	0
2.97393e+06	0
2.97403e+06	0
2.97413e+06	0
2.97423e+06	0
2.97433e+06	0
2.97443e+06	0
2.97453e+06	0
2.97463e+06	0
2.97473e+06	0
2.97483e+06	0
2.97493e+06	0
2.97503e+06	0
2.97513e+06	0
2.97523e+06	0
2.97533e+06	0
2.97543e+06	0
2.97553e+06	0
2.97563e+06	0
2.97573e+06	0
2.97583e+06	0
2.97593e+06	0
2.97603e+06	0
2.97613e+06	0
2.97623e+06	0
2.97633e+06	0
2.97643e+06	0
2.97653e+06	0
2.97663e+06	0
2.97673e+06	0
2.97683e+06	0
2.97693e+06	0
2.97703e+06	0
2.97713e+06	0
2.97723e+06	0
2.97733e+06	0
2.97743e+06	0
2.97753e+06	0
2.97763e+06	0
2.97773e+06	0
2.97783e+06	0
2.97793e+06	0
2.97803e+06	0
2.97813e+06	0
2.97823e+06	0
2.97833e+06	0
2.97843e+06	0
2.97853e+06	0
2.97863e+06	0
2.97873e+06	0
2.97883e+06	0
2.97893e+06	0
2.97903e+06	0
2.97913e+06	0
2.97923e+06	0
2.97933e+06	0
2.97943e+06	0
2.97953e+06	0
2.97963e+06	0
2.97973e+06	0
2.97983e+06	0
2.97993e+06	0
2.98003e+06	0
2.98013e+06	0
2.98023e+06	0
2.98033e+06	0
2.98043e+06	0
2.98053e+06	0
2.98063e+06	0
2.98073e+06	0
2.98083e+06	0
2.98093e+06	0
2.98103e+06	0
2.98113e+06	0
2.98123e+06	0
2.98133e+06	0
2.98143e+06	0
2.98153e+06	0
2.98163e+06	0
2.98173e+06	0
2.98183e+06	0
2.98193e+06	0
2.98203e+06	0
2.98213e+06	0
2.98223e+06	0
2.98233e+06	0
2.98243e+06	0
2.98253e+06	0
2.98263e+06	0
2.98273e+06	0
2.98283e+06	0
2.98293e+06	0
2.98303e+06	0
2.98313e+06	0
2.98323e+06	0
2.98333e+06	0
2.98343e+06	0
2.98353e+06	0
2.98363e+06	0
2.98373e+06	0
2.98383e+06	0
2.98393e+06	0
2.98403e+06	0
2.98413e+06	0
2.98423e+06	0
2.98433e+06	0
2.98443e+06	0
2.98453e+06	0
2.98463e+06	0
2.98473e+06	0
2.98483e+06	0
2.98493e+06	0
2.98503e+06	0
2.98513e+06	0
2.98523e+06	0
2.98533e+06	0
2.98543e+06	0
2.98553e+06	0
2.98563e+06	0
2.98573e+06	0
2.98583e+06	0
2.98593e+06	0
2.98603e+06	0
2.98613e+06	0
2.98623e+06	0
2.98633e+06	0
2.98643e+06	0
2.98653e+06	0
2.98663e+06	0
2.98673e+06	0
2.98683e+06	0
2.98693e+06	0
2.98703e+06	0
2.98713e+06	0
2.98723e+06	0
2.98733e+06	0
2.98743e+06	0
2.98753e+06	0
2.98763e+06	0
2.98773e+06	0
2.98783e+06	0
2.98793e+06	0
2.98803e+06	0
2.98813e+06	0
2.98823e+06	0
2.98833e+06	0
2.98843e+06	0
2.98853e+06	0
2.98863e+06	0
2.98873e+06	0
2.98883e+06	0
2.98893e+06	0
2.98903e+06	0
2.98913e+06	0
2.98923e+06	0
2.98933e+06	0
2.98943e+06	0
2.98953e+06	0
2.98963e+06	0
2.98973e+06	0
2.98983e+06	0
2.98993e+06	0
2.99003e+06	0
2.99013e+06	0
2.99023e+06	0
2.99033e+06	0
2.99043e+06	0
2.99053e+06	0
2.99063e+06	0
2.99073e+06	0
2.99083e+06	0
2.99093e+06	0
2.99103e+06	0
2.99113e+06	0
2.99123e+06	0
2.99133e+06	0
2.99143e+06	0
2.99153e+06	0
2.99163e+06	0
2.99173e+06	0
2.99183e+06	0
2.99193e+06	0
2.99203e+06	0
2.99213e+06	0
2.99223e+06	0
2.99233e+06	0
2.99243e+06	0
2.99253e+06	0
2.99263e+06	0
2.99273e+06	0
2.99283e+06	0
2.99293e+06	0
2.99303e+06	0
2.99313e+06	0
2.99323e+06	0
2.99333e+06	0
2.99343e+06	0
2.99353e+06	0
2.99363e+06	0
2.99373e+06	0
2.99383e+06	0
2.99393e+06	0
2.99403e+06	0
2.99413e+06	0
2.99423e+06	0
2.99433e+06	0
2.99443e+06	0
2.99453e+06	0
2.99463e+06	0
2.99473e+06	0
2.99483e+06	0
2.99493e+06	0
2.99503e+06	0
2.99513e+06	0
2.99523e+06	0
2.99533e+06	0
2.99543e+06	0
2.99553e+06	0
2.99563e+06	0
2.99573e+06	0
2.99583e+06	0
2.99593e+06	0
2.99603e+06	0
2.99613e+06	0
2.99623e+06	0
2.99633e+06	0
2.99643e+06	0
2.99653e+06	0
2.99663e+06	0
2.99673e+06	0
2.99683e+06	0
2.99693e+06	0
2.99703e+06	0
2.99713e+06	0
2.99723e+06	0
2.99733e+06	0
2.99743e+06	0
2.99753e+06	0
2.99763e+06	0
2.99773e+06	0
2.99783e+06	0
2.99793e+06	0
2.99803e+06	0
2.99813e+06	0
2.99823e+06	0
2.99833e+06	0
2.99843e+06	0
2.99853e+06	0
2.99863e+06	0
2.99873e+06	0
2.99883e+06	0
2.99893e+06	0
2.99903e+06	0
2.99913e+06	0
2.99923e+06	0
2.99933e+06	0
2.99943e+06	0
2.99953e+06	0
2.99963e+06	0
2.99973e+06	0
2.99983e+06	0
2.99993e+06	0
3.00003e+06	0
3.00013e+06	0
3.00023e+06	0
3.00033e+06	0
3.00043e+06	0
3.00053e+06	0
3.00063e+06	0
3.00073e+06	0
3.00083e+06	0
3.00093e+06	0
3.00103e+06	0
3.00113e+06	0
3.00123e+06	0
3.00133e+06	0
3.00143e+06	0
3.00153e+06	0
3.00163e+06	0
3.00173e+06	0
3.00183e+06	0
3.00193e+06	0
3.00203e+06	0
3.00213e+06	0
3.00223e+06	0
3.00233e+06	0
3.00243e+06	0
3.00253e+06	0
3.00263e+06	0
3.00273e+06	0
3.00283e+06	0
3.00293e+06	0
3.00303e+06	0
3.00313e+06	0
3.00323e+06	0
3.00333e+06	0
3.00343e+06	0
3.00353e+06	0
3.00363e+06	0
3.00373e+06	0
3.00383e+06	0
3.00393e+06	0
3.00403e+06	0
3.00413e+06	0
3.00423e+06	0
3.00433e+06	0
3.00443e+06	0
3.00453e+06	0
3.00463e+06	0
3.00473e+06	0
3.00483e+06	0
3.00493e+06	0
3.00503e+06	0
3.00513e+06	0
3.00523e+06	0
3.00533e+06	0
3.00543e+06	0
3.00553e+06	0
3.00563e+06	0
3.00573e+06	0
3.00583e+06	0
3.00593e+06	0
3.00603e+06	0
3.00613e+06	0
3.00623e+06	0
3.00633e+06	0
3.00643e+06	0
3.00653e+06	0
3.00663e+06	0
3.00673e+06	0
3.00683e+06	0
3.00693e+06	0
3.00703e+06	0
3.00713e+06	0
3.00723e+06	0
3.00733e+06	0
3.00743e+06	0
3.00753e+06	0
3.00763e+06	0
3.00773e+06	0
3.00783e+06	0
3.00793e+06	0
3.00803e+06	0
3.00813e+06	0
3.00823e+06	0
3.00833e+06	0
3.00843e+06	0
3.00853e+06	0
3.00863e+06	0
3.00873e+06	0
3.00883e+06	0
3.00893e+06	0
3.00903e+06	0
3.00913e+06	0
3.00923e+06	0
3.00933e+06	0
3.00943e+06	0
3.00953e+06	0
3.00963e+06	0
3.00973e+06	0
3.00983e+06	0
3.00993e+06	0
3.01003e+06	0
3.01013e+06	0
3.01023e+06	0
3.01033e+06	0
3.01043e+06	0
3.01053e+06	0
3.01063e+06	0
3.01073e+06	0
3.01083e+06	0
3.01093e+06	0
3.01103e+06	0
3.01113e+06	0
3.01123e+06	0
3.01133e+06	0
3.01143e+06	0
3.01153e+06	0
3.01163e+06	0
3.01173e+06	0
3.01183e+06	0
3.01193e+06	0
3.01203e+06	0
3.01213e+06	0
3.01223e+06	0
3.01233e+06	0
3.01243e+06	0
3.01253e+06	0
3.01263e+06	0
3.01273e+06	0
3.01283e+06	0
3.01293e+06	0
3.01303e+06	0
3.01313e+06	0
3.01323e+06	0
3.01333e+06	0
3.01343e+06	0
3.01353e+06	0
3.01363e+06	0
3.01373e+06	0
3.01383e+06	0
3.01393e+06	0
3.01403e+06	0
3.01413e+06	0
3.01423e+06	0
3.01433e+06	0
3.01443e+06	0
3.01453e+06	0
3.01463e+06	0
3.01473e+06	0
3.01483e+06	0
3.01493e+06	0
3.01503e+06	0
3.01513e+06	0
3.01523e+06	0
3.01533e+06	0
3.01543e+06	0
3.01553e+06	0
3.01563e+06	0
3.01573e+06	0
3.01583e+06	0
3.01593e+06	0
3.01603e+06	0
3.01613e+06	0
3.01623e+06	0
3.01633e+06	0
3.01643e+06	0
3.01653e+06	0
3.01663e+06	0
3.01673e+06	0
3.01683e+06	0
3.01693e+06	0
3.01703e+06	0
3.01713e+06	0
3.01723e+06	0
3.01733e+06	0
3.01743e+06	0
3.01753e+06	0
3.01763e+06	0
3.01773e+06	0
3.01783e+06	0
3.01793e+06	0
3.01803e+06	0
3.01813e+06	0
3.01823e+06	0
3.01833e+06	0
3.01843e+06	0
3.01853e+06	0
3.01863e+06	0
3.01873e+06	0
3.01883e+06	0
3.01893e+06	0
3.01903e+06	0
3.01913e+06	0
3.01923e+06	0
3.01933e+06	0
3.01943e+06	0
3.01953e+06	0
3.01963e+06	0
3.01973e+06	0
3.01983e+06	0
3.01993e+06	0
3.02003e+06	0
3.02013e+06	0
3.02023e+06	0
3.02033e+06	0
3.02043e+06	0
3.02053e+06	0
3.02063e+06	0
3.02073e+06	0
3.02083e+06	0
3.02093e+06	0
3.02103e+06	0
3.02113e+06	0
3.02123e+06	0
3.02133e+06	0
3.02143e+06	0
3.02153e+06	0
3.02163e+06	0
3.02173e+06	0
3.02183e+06	0
3.02193e+06	0
3.02203e+06	0
3.02213e+06	0
3.02223e+06	0
3.02233e+06	0
3.02243e+06	0
3.02253e+06	0
3.02263e+06	0
3.02273e+06	0
3.02283e+06	0
3.02293e+06	0
3.02303e+06	0
3.02313e+06	0
3.02323e+06	0
3.02333e+06	0
3.02343e+06	0
3.02353e+06	0
3.02363e+06	0
3.02373e+06	0
3.02383e+06	0
3.02393e+06	0
3.02403e+06	0
3.02413e+06	0
3.02423e+06	0
3.02433e+06	0
3.02443e+06	0
3.02453e+06	0
3.02463e+06	0
3.02473e+06	0
3.02483e+06	0
3.02493e+06	0
3.02503e+06	0
3.02513e+06	0
3.02523e+06	0
3.02533e+06	0
3.02543e+06	0
3.02553e+06	0
3.02563e+06	0
3.02573e+06	0
3.02583e+06	0
3.02593e+06	0
3.02603e+06	0
3.02613e+06	0
3.02623e+06	0
3.02633e+06	0
3.02643e+06	0
3.02653e+06	0
3.02663e+06	0
3.02673e+06	0
3.02683e+06	0
3.02693e+06	0
3.02703e+06	0
3.02713e+06	0
3.02723e+06	0
3.02733e+06	0
3.02743e+06	0
3.02753e+06	0
3.02763e+06	0
3.02773e+06	0
3.02783e+06	0
3.02793e+06	0
3.02803e+06	0
3.02813e+06	0
3.02823e+06	0
3.02833e+06	0
3.02843e+06	0
3.02853e+06	0
3.02863e+06	0
3.02873e+06	0
3.02883e+06	0
3.02893e+06	0
3.02903e+06	0
3.02913e+06	0
3.02923e+06	0
3.02933e+06	0
3.02943e+06	0
3.02953e+06	0
3.02963e+06	0
3.02973e+06	0
3.02983e+06	0
3.02993e+06	0
3.03003e+06	0
3.03013e+06	0
3.03023e+06	0
3.03033e+06	0
3.03043e+06	0
3.03053e+06	0
3.03063e+06	0
3.03073e+06	0
3.03083e+06	0
3.03093e+06	0
3.03103e+06	0
3.03113e+06	0
3.03123e+06	0
3.03133e+06	0
3.03143e+06	0
3.03153e+06	0
3.03163e+06	0
3.03173e+06	0
3.03183e+06	0
3.03193e+06	0
3.03203e+06	0
3.03213e+06	0
3.03223e+06	0
3.03233e+06	0
3.03243e+06	0
3.03253e+06	0
3.03263e+06	0
3.03273e+06	0
3.03283e+06	0
3.03293e+06	0
3.03303e+06	0
3.03313e+06	0
3.03323e+06	0
3.03333e+06	0
3.03343e+06	0
3.03353e+06	0
3.03363e+06	0
3.03373e+06	0
3.03383e+06	0
3.03393e+06	0
3.03403e+06	0
3.03413e+06	0
3.03423e+06	0
3.03433e+06	0
3.03443e+06	0
3.03453e+06	0
3.03463e+06	0
3.03473e+06	0
3.03483e+06	0
3.03493e+06	0
3.03503e+06	0
3.03513e+06	0
3.03523e+06	0
3.03533e+06	0
3.03543e+06	0
3.03553e+06	0
3.03563e+06	0
3.03573e+06	0
3.03583e+06	0
3.03593e+06	0
3.03603e+06	0
3.03613e+06	0
3.03623e+06	0
3.03633e+06	0
3.03643e+06	0
3.03653e+06	0
3.03663e+06	0
3.03673e+06	0
3.03683e+06	0
3.03693e+06	0
3.03703e+06	0
3.03713e+06	0
3.03723e+06	0
3.03733e+06	0
3.03743e+06	0
3.03753e+06	0
3.03763e+06	0
3.03773e+06	0
3.03783e+06	0
3.03793e+06	0
3.03803e+06	0
3.03813e+06	0
3.03823e+06	0
3.03833e+06	0
3.03843e+06	0
3.03853e+06	0
3.03863e+06	0
3.03873e+06	0
3.03883e+06	0
3.03893e+06	0
3.03903e+06	0
3.03913e+06	0
3.03923e+06	0
3.03933e+06	0
3.03943e+06	0
3.03953e+06	0
3.03963e+06	0
3.03973e+06	0
3.03983e+06	0
3.03993e+06	0
3.04003e+06	0
3.04013e+06	0
3.04023e+06	0
3.04033e+06	0
3.04043e+06	0
3.04053e+06	0
3.04063e+06	0
3.04073e+06	0
3.04083e+06	0
3.04093e+06	0
3.04103e+06	0
3.04113e+06	0
3.04123e+06	0
3.04133e+06	0
3.04143e+06	0
3.04153e+06	0
3.04163e+06	0
3.04173e+06	0
3.04183e+06	0
3.04193e+06	0
3.04203e+06	0
3.04213e+06	0
3.04223e+06	0
3.04233e+06	0
3.04243e+06	0
3.04253e+06	0
3.04263e+06	0
3.04273e+06	0
3.04283e+06	0
3.04293e+06	0
3.04303e+06	0
3.04313e+06	0
3.04323e+06	0
3.04333e+06	0
3.04343e+06	0
3.04353e+06	0
3.04363e+06	0
3.04373e+06	0
3.04383e+06	0
3.04393e+06	0
3.04403e+06	0
3.04413e+06	0
3.04423e+06	0
3.04433e+06	0
3.04443e+06	0
3.04453e+06	0
3.04463e+06	0
3.04473e+06	0
3.04483e+06	0
3.04493e+06	0
3.04503e+06	0
3.04513e+06	0
3.04523e+06	0
3.04533e+06	0
3.04543e+06	0
3.04553e+06	0
3.04563e+06	0
3.04573e+06	0
3.04583e+06	0
3.04593e+06	0
3.04603e+06	0
3.04613e+06	0
3.04623e+06	0
3.04633e+06	0
3.04643e+06	0
3.04653e+06	0
3.04663e+06	0
3.04673e+06	0
3.04683e+06	0
3.04693e+06	0
3.04703e+06	0
3.04713e+06	0
3.04723e+06	0
3.04733e+06	0
3.04743e+06	0
3.04753e+06	0
3.04763e+06	0
3.04773e+06	0
3.04783e+06	0
3.04793e+06	0
3.04803e+06	0
3.04813e+06	0
3.04823e+06	0
3.04833e+06	0
3.04843e+06	0
3.04853e+06	0
3.04863e+06	0
3.04873e+06	0
3.04883e+06	0
3.04893e+06	0
3.04903e+06	0
3.04913e+06	0
3.04923e+06	0
3.04933e+06	0
3.04943e+06	0
3.04953e+06	0
3.04963e+06	0
3.04973e+06	0
3.04983e+06	0
3.04993e+06	0
3.05003e+06	0
3.05013e+06	0
3.05023e+06	0
3.05033e+06	0
3.05043e+06	0
3.05053e+06	0
3.05063e+06	0
3.05073e+06	0
3.05083e+06	0
3.05093e+06	0
3.05103e+06	0
3.05113e+06	0
3.05123e+06	0
3.05133e+06	0
3.05143e+06	0
3.05153e+06	0
3.05163e+06	0
3.05173e+06	0
3.05183e+06	0
3.05193e+06	0
3.05203e+06	0
3.05213e+06	0
3.05223e+06	0
3.05233e+06	0
3.05243e+06	0
3.05253e+06	0
3.05263e+06	0
3.05273e+06	0
3.05283e+06	0
3.05293e+06	0
3.05303e+06	0
3.05313e+06	0
3.05323e+06	0
3.05333e+06	0
3.05343e+06	0
3.05353e+06	0
3.05363e+06	0
3.05373e+06	0
3.05383e+06	0
3.05393e+06	0
3.05403e+06	0
3.05413e+06	0
3.05423e+06	0
3.05433e+06	0
3.05443e+06	0
3.05453e+06	0
3.05463e+06	0
3.05473e+06	0
3.05483e+06	0
3.05493e+06	0
3.05503e+06	0
3.05513e+06	0
3.05523e+06	0
3.05533e+06	0
3.05543e+06	0
3.05553e+06	0
3.05563e+06	0
3.05573e+06	0
3.05583e+06	0
3.05593e+06	0
3.05603e+06	0
3.05613e+06	0
3.05623e+06	0
3.05633e+06	0
3.05643e+06	0
3.05653e+06	0
3.05663e+06	0
3.05673e+06	0
3.05683e+06	0
3.05693e+06	0
3.05703e+06	0
3.05713e+06	0
3.05723e+06	0
3.05733e+06	0
3.05743e+06	0
3.05753e+06	0
3.05763e+06	0
3.05773e+06	0
3.05783e+06	0
3.05793e+06	0
3.05803e+06	0
3.05813e+06	0
3.05823e+06	0
3.05833e+06	0
3.05843e+06	0
3.05853e+06	0
3.05863e+06	0
3.05873e+06	0
3.05883e+06	0
3.05893e+06	0
3.05903e+06	0
3.05913e+06	0
3.05923e+06	0
3.05933e+06	0
3.05943e+06	0
3.05953e+06	0
3.05963e+06	0
3.05973e+06	0
3.05983e+06	0
3.05993e+06	0
3.06003e+06	0
3.06013e+06	0
3.06023e+06	0
3.06033e+06	0
3.06043e+06	0
3.06053e+06	0
3.06063e+06	0
3.06073e+06	0
3.06083e+06	0
3.06093e+06	0
3.06103e+06	0
3.06113e+06	0
3.06123e+06	0
3.06133e+06	0
3.06143e+06	0
3.06153e+06	0
3.06163e+06	0
3.06173e+06	0
3.06183e+06	0
3.06193e+06	0
3.06203e+06	0
3.06213e+06	0
3.06223e+06	0
3.06233e+06	0
3.06243e+06	0
3.06253e+06	0
3.06263e+06	0
3.06273e+06	0
3.06283e+06	0
3.06293e+06	0
3.06303e+06	0
3.06313e+06	0
3.06323e+06	0
3.06333e+06	0
3.06343e+06	0
3.06353e+06	0
3.06363e+06	0
3.06373e+06	0
3.06383e+06	0
3.06393e+06	0
3.06403e+06	0
3.06413e+06	0
3.06423e+06	0
3.06433e+06	0
3.06443e+06	0
3.06453e+06	0
3.06463e+06	0
3.06473e+06	0
3.06483e+06	0
3.06493e+06	0
3.06503e+06	0
3.06513e+06	0
3.06523e+06	0
3.06533e+06	0
3.06543e+06	0
3.06553e+06	0
3.06563e+06	0
3.06573e+06	0
3.06583e+06	0
3.06593e+06	0
3.06603e+06	0
3.06613e+06	0
3.06623e+06	0
3.06633e+06	0
3.06643e+06	0
3.06653e+06	0
3.06663e+06	0
3.06673e+06	0
3.06683e+06	0
3.06693e+06	0
3.06703e+06	0
3.06713e+06	0
3.06723e+06	0
3.06733e+06	0
3.06743e+06	0
3.06753e+06	0
3.06763e+06	0
3.06773e+06	0
3.06783e+06	0
3.06793e+06	0
3.06803e+06	0
3.06813e+06	0
3.06823e+06	0
3.06833e+06	0
3.06843e+06	0
3.06853e+06	0
3.06863e+06	0
3.06873e+06	0
3.06883e+06	0
3.06893e+06	0
3.06903e+06	0
3.06913e+06	0
3.06923e+06	0
3.06933e+06	0
3.06943e+06	0
3.06953e+06	0
3.06963e+06	0
3.06973e+06	0
3.06983e+06	0
3.06993e+06	0
3.07003e+06	0
3.07013e+06	0
3.07023e+06	0
3.07033e+06	0
3.07043e+06	0
3.07053e+06	0
3.07063e+06	0
3.07073e+06	0
3.07083e+06	0
3.07093e+06	0
3.07103e+06	0
3.07113e+06	0
3.07123e+06	0
3.07133e+06	0
3.07143e+06	0
3.07153e+06	0
3.07163e+06	0
3.07173e+06	0
3.07183e+06	0
3.07193e+06	0
3.07203e+06	0
3.07213e+06	0
3.07223e+06	0
3.07233e+06	0
3.07243e+06	0
3.07253e+06	0
3.07263e+06	0
3.07273e+06	0
3.07283e+06	0
3.07293e+06	0
3.07303e+06	0
3.07313e+06	0
3.07323e+06	0
3.07333e+06	0
3.07343e+06	0
3.07353e+06	0
3.07363e+06	0
3.07373e+06	0
3.07383e+06	0
3.07393e+06	0
3.07403e+06	0
3.07413e+06	0
3.07423e+06	0
3.07433e+06	0
3.07443e+06	0
3.07453e+06	0
3.07463e+06	0
3.07473e+06	0
3.07483e+06	0
3.07493e+06	0
3.07503e+06	0
3.07513e+06	0
3.07523e+06	0
3.07533e+06	0
3.07543e+06	0
3.07553e+06	0
3.07563e+06	0
3.07573e+06	0
3.07583e+06	0
3.07593e+06	0
3.07603e+06	0
3.07613e+06	0
3.07623e+06	0
3.07633e+06	0
3.07643e+06	0
3.07653e+06	0
3.07663e+06	0
3.07673e+06	0
3.07683e+06	0
3.07693e+06	0
3.07703e+06	0
3.07713e+06	0
3.07723e+06	0
3.07733e+06	0
3.07743e+06	0
3.07753e+06	0
3.07763e+06	0
3.07773e+06	0
3.07783e+06	0
3.07793e+06	0
3.07803e+06	0
3.07813e+06	0
3.07823e+06	0
3.07833e+06	0
3.07843e+06	0
3.07853e+06	0
3.07863e+06	0
3.07873e+06	0
3.07883e+06	0
3.07893e+06	0
3.07903e+06	0
3.07913e+06	0
3.07923e+06	0
3.07933e+06	0
3.07943e+06	0
3.07953e+06	0
3.07963e+06	0
3.07973e+06	0
3.07983e+06	0
3.07993e+06	0
3.08003e+06	0
3.08013e+06	0
3.08023e+06	0
3.08033e+06	0
3.08043e+06	0
3.08053e+06	0
3.08063e+06	0
3.08073e+06	0
3.08083e+06	0
3.08093e+06	0
3.08103e+06	0
3.08113e+06	0
3.08123e+06	0
3.08133e+06	0
3.08143e+06	0
3.08153e+06	0
3.08163e+06	0
3.08173e+06	0
3.08183e+06	0
3.08193e+06	0
3.08203e+06	0
3.08213e+06	0
3.08223e+06	0
3.08233e+06	0
3.08243e+06	0
3.08253e+06	0
3.08263e+06	0
3.08273e+06	0
3.08283e+06	0
3.08293e+06	0
3.08303e+06	0
3.08313e+06	0
3.08323e+06	0
3.08333e+06	0
3.08343e+06	0
3.08353e+06	0
3.08363e+06	0
3.08373e+06	0
3.08383e+06	0
3.08393e+06	0
3.08403e+06	0
3.08413e+06	0
3.08423e+06	0
3.08433e+06	0
3.08443e+06	0
3.08453e+06	0
3.08463e+06	0
3.08473e+06	0
3.08483e+06	0
3.08493e+06	0
3.08503e+06	0
3.08513e+06	0
3.08523e+06	0
3.08533e+06	0
3.08543e+06	0
3.08553e+06	0
3.08563e+06	0
3.08573e+06	0
3.08583e+06	0
3.08593e+06	0
3.08603e+06	0
3.08613e+06	0
3.08623e+06	0
3.08633e+06	0
3.08643e+06	0
3.08653e+06	0
3.08663e+06	0
3.08673e+06	0
3.08683e+06	0
3.08693e+06	0
3.08703e+06	0
3.08713e+06	0
3.08723e+06	0
3.08733e+06	0
3.08743e+06	0
3.08753e+06	0
3.08763e+06	0
3.08773e+06	0
3.08783e+06	0
3.08793e+06	0
3.08803e+06	0
3.08813e+06	0
3.08823e+06	0
3.08833e+06	0
3.08843e+06	0
3.08853e+06	0
3.08863e+06	0
3.08873e+06	0
3.08883e+06	0
3.08893e+06	0
3.08903e+06	0
3.08913e+06	0
3.08923e+06	0
3.08933e+06	0
3.08943e+06	0
3.08953e+06	0
3.08963e+06	0
3.08973e+06	0
3.08983e+06	0
3.08993e+06	0
3.09003e+06	0
3.09013e+06	0
3.09023e+06	0
3.09033e+06	0
3.09043e+06	0
3.09053e+06	0
3.09063e+06	0
3.09073e+06	0
3.09083e+06	0
3.09093e+06	0
3.09103e+06	0
3.09113e+06	0
3.09123e+06	0
3.09133e+06	0
3.09143e+06	0
3.09153e+06	0
3.09163e+06	0
3.09173e+06	0
3.09183e+06	0
3.09193e+06	0
3.09203e+06	0
3.09213e+06	0
3.09223e+06	0
3.09233e+06	0
3.09243e+06	0
3.09253e+06	0
3.09263e+06	0
3.09273e+06	0
3.09283e+06	0
3.09293e+06	0
3.09303e+06	0
3.09313e+06	0
3.09323e+06	0
3.09333e+06	0
3.09343e+06	0
3.09353e+06	0
3.09363e+06	0
3.09373e+06	0
3.09383e+06	0
3.09393e+06	0
3.09403e+06	0
3.09413e+06	0
3.09423e+06	0
3.09433e+06	0
3.09443e+06	0
3.09453e+06	0
3.09463e+06	0
3.09473e+06	0
3.09483e+06	0
3.09493e+06	0
3.09503e+06	0
3.09513e+06	0
3.09523e+06	0
3.09533e+06	0
3.09543e+06	0
3.09553e+06	0
3.09563e+06	0
3.09573e+06	0
3.09583e+06	0
3.09593e+06	0
3.09603e+06	0
3.09613e+06	0
3.09623e+06	0
3.09633e+06	0
3.09643e+06	0
3.09653e+06	0
3.09663e+06	0
3.09673e+06	0
3.09683e+06	0
3.09693e+06	0
3.09703e+06	0
3.09713e+06	0
3.09723e+06	0
3.09733e+06	0
3.09743e+06	0
3.09753e+06	0
3.09763e+06	0
3.09773e+06	0
3.09783e+06	0
3.09793e+06	0
3.09803e+06	0
3.09813e+06	0
3.09823e+06	0
3.09833e+06	0
3.09843e+06	0
3.09853e+06	0
3.09863e+06	0
3.09873e+06	0
3.09883e+06	0
3.09893e+06	0
3.09903e+06	0
3.09913e+06	0
3.09923e+06	0
3.09933e+06	0
3.09943e+06	0
3.09953e+06	0
3.09963e+06	0
3.09973e+06	0
3.09983e+06	0
3.09993e+06	0
3.10003e+06	0
3.10013e+06	0
3.10023e+06	0
3.10033e+06	0
3.10043e+06	0
3.10053e+06	0
3.10063e+06	0
3.10073e+06	0
3.10083e+06	0
3.10093e+06	0
3.10103e+06	0
3.10113e+06	0
3.10123e+06	0
3.10133e+06	0
3.10143e+06	0
3.10153e+06	0
3.10163e+06	0
3.10173e+06	0
3.10183e+06	0
3.10193e+06	0
3.10203e+06	0
3.10213e+06	0
3.10223e+06	0
3.10233e+06	0
3.10243e+06	0
3.10253e+06	0
3.10263e+06	0
3.10273e+06	0
3.10283e+06	0
3.10293e+06	0
3.10303e+06	0
3.10313e+06	0
3.10323e+06	0
3.10333e+06	0
3.10343e+06	0
3.10353e+06	0
3.10363e+06	0
3.10373e+06	0
3.10383e+06	0
3.10393e+06	0
3.10403e+06	0
3.10413e+06	0
3.10423e+06	0
3.10433e+06	0
3.10443e+06	0
3.10453e+06	0
3.10463e+06	0
3.10473e+06	0
3.10483e+06	0
3.10493e+06	0
3.10503e+06	0
3.10513e+06	0
3.10523e+06	0
3.10533e+06	0
3.10543e+06	0
3.10553e+06	0
3.10563e+06	0
3.10573e+06	0
3.10583e+06	0
3.10593e+06	0
3.10603e+06	0
3.10613e+06	0
3.10623e+06	0
3.10633e+06	0
3.10643e+06	0
3.10653e+06	0
3.10663e+06	0
3.10673e+06	0
3.10683e+06	0
3.10693e+06	0
3.10703e+06	0
3.10713e+06	0
3.10723e+06	0
3.10733e+06	0
3.10743e+06	0
3.10753e+06	0
3.10763e+06	0
3.10773e+06	0
3.10783e+06	0
3.10793e+06	0
3.10803e+06	0
3.10813e+06	0
3.10823e+06	0
3.10833e+06	0
3.10843e+06	0
3.10853e+06	0
3.10863e+06	0
3.10873e+06	0
3.10883e+06	0
3.10893e+06	0
3.10903e+06	0
3.10913e+06	0
3.10923e+06	0
3.10933e+06	0
3.10943e+06	0
3.10953e+06	0
3.10963e+06	0
3.10973e+06	0
3.10983e+06	0
3.10993e+06	0
3.11003e+06	0
3.11013e+06	0
3.11023e+06	0
3.11033e+06	0
3.11043e+06	0
3.11053e+06	0
3.11063e+06	0
3.11073e+06	0
3.11083e+06	0
3.11093e+06	0
3.11103e+06	0
3.11113e+06	0
3.11123e+06	0
3.11133e+06	0
3.11143e+06	0
3.11153e+06	0
3.11163e+06	0
3.11173e+06	0
3.11183e+06	0
3.11193e+06	0
3.11203e+06	0
3.11213e+06	0
3.11223e+06	0
3.11233e+06	0
3.11243e+06	0
3.11253e+06	0
3.11263e+06	0
3.11273e+06	0
3.11283e+06	0
3.11293e+06	0
3.11303e+06	0
3.11313e+06	0
3.11323e+06	0
3.11333e+06	0
3.11343e+06	0
3.11353e+06	0
3.11363e+06	0
3.11373e+06	0
3.11383e+06	0
3.11393e+06	0
3.11403e+06	0
3.11413e+06	0
3.11423e+06	0
3.11433e+06	0
3.11443e+06	0
3.11453e+06	0
3.11463e+06	0
3.11473e+06	0
3.11483e+06	0
3.11493e+06	0
3.11503e+06	0
3.11513e+06	0
3.11523e+06	0
3.11533e+06	0
3.11543e+06	0
3.11553e+06	0
3.11563e+06	0
3.11573e+06	0
3.11583e+06	0
3.11593e+06	0
3.11603e+06	0
3.11613e+06	0
3.11623e+06	0
3.11633e+06	0
3.11643e+06	0
3.11653e+06	0
3.11663e+06	0
3.11673e+06	0
3.11683e+06	0
3.11693e+06	0
3.11703e+06	0
3.11713e+06	0
3.11723e+06	0
3.11733e+06	0
3.11743e+06	0
3.11753e+06	0
3.11763e+06	0
3.11773e+06	0
3.11783e+06	0
3.11793e+06	0
3.11803e+06	0
3.11813e+06	0
3.11823e+06	0
3.11833e+06	0
3.11843e+06	0
3.11853e+06	0
3.11863e+06	0
3.11873e+06	0
3.11883e+06	0
3.11893e+06	0
3.11903e+06	0
3.11913e+06	0
3.11923e+06	0
3.11933e+06	0
3.11943e+06	0
3.11953e+06	0
3.11963e+06	0
3.11973e+06	0
3.11983e+06	0
3.11993e+06	0
3.12003e+06	0
3.12013e+06	0
3.12023e+06	0
3.12033e+06	0
3.12043e+06	0
3.12053e+06	0
3.12063e+06	0
3.12073e+06	0
3.12083e+06	0
3.12093e+06	0
3.12103e+06	0
3.12113e+06	0
3.12123e+06	0
3.12133e+06	0
3.12143e+06	0
3.12153e+06	0
3.12163e+06	0
3.12173e+06	0
3.12183e+06	0
3.12193e+06	0
3.12203e+06	0
3.12213e+06	0
3.12223e+06	0
3.12233e+06	0
3.12243e+06	0
3.12253e+06	0
3.12263e+06	0
3.12273e+06	0
3.12283e+06	0
3.12293e+06	0
3.12303e+06	0
3.12313e+06	0
3.12323e+06	0
3.12333e+06	0
3.12343e+06	0
3.12353e+06	0
3.12363e+06	0
3.12373e+06	0
3.12383e+06	0
3.12393e+06	0
3.12403e+06	0
3.12413e+06	0
3.12423e+06	0
3.12433e+06	0
3.12443e+06	0
3.12453e+06	0
3.12463e+06	0
3.12473e+06	0
3.12483e+06	0
3.12493e+06	0
3.12503e+06	0
3.12513e+06	0
3.12523e+06	0
3.12533e+06	0
3.12543e+06	0
3.12553e+06	0
3.12563e+06	0
3.12573e+06	0
3.12583e+06	0
3.12593e+06	0
3.12603e+06	0
3.12613e+06	0
3.12623e+06	0
3.12633e+06	0
3.12643e+06	0
3.12653e+06	0
3.12663e+06	0
3.12673e+06	0
3.12683e+06	0
3.12693e+06	0
3.12703e+06	0
3.12713e+06	0
3.12723e+06	0
3.12733e+06	0
3.12743e+06	0
3.12753e+06	0
3.12763e+06	0
3.12773e+06	0
3.12783e+06	0
3.12793e+06	0
3.12803e+06	0
3.12813e+06	0
3.12823e+06	0
3.12833e+06	0
3.12843e+06	0
3.12853e+06	0
3.12863e+06	0
3.12873e+06	0
3.12883e+06	0
3.12893e+06	0
3.12903e+06	0
3.12913e+06	0
3.12923e+06	0
3.12933e+06	0
3.12943e+06	0
3.12953e+06	0
3.12963e+06	0
3.12973e+06	0
3.12983e+06	0
3.12993e+06	0
3.13003e+06	0
3.13013e+06	0
3.13023e+06	0
3.13033e+06	0
3.13043e+06	0
3.13053e+06	0
3.13063e+06	0
3.13073e+06	0
3.13083e+06	0
3.13093e+06	0
3.13103e+06	0
3.13113e+06	0
3.13123e+06	0
3.13133e+06	0
3.13143e+06	0
3.13153e+06	0
3.13163e+06	0
3.13173e+06	0
3.13183e+06	0
3.13193e+06	0
3.13203e+06	0
3.13213e+06	0
3.13223e+06	0
3.13233e+06	0
3.13243e+06	0
3.13253e+06	0
3.13263e+06	0
3.13273e+06	0
3.13283e+06	0
3.13293e+06	0
3.13303e+06	0
3.13313e+06	0
3.13323e+06	0
3.13333e+06	0
3.13343e+06	0
3.13353e+06	0
3.13363e+06	0
3.13373e+06	0
3.13383e+06	0
3.13393e+06	0
3.13403e+06	0
3.13413e+06	0
3.13423e+06	0
3.13433e+06	0
3.13443e+06	0
3.13453e+06	0
3.13463e+06	0
3.13473e+06	0
3.13483e+06	0
3.13493e+06	0
3.13503e+06	0
3.13513e+06	0
3.13523e+06	0
3.13533e+06	0
3.13543e+06	0
3.13553e+06	0
3.13563e+06	0
3.13573e+06	0
3.13583e+06	0
3.13593e+06	0
3.13603e+06	0
3.13613e+06	0
3.13623e+06	0
3.13633e+06	0
3.13643e+06	0
3.13653e+06	0
3.13663e+06	0
3.13673e+06	0
3.13683e+06	0
3.13693e+06	0
3.13703e+06	0
3.13713e+06	0
3.13723e+06	0
3.13733e+06	0
3.13743e+06	0
3.13753e+06	0
3.13763e+06	0
3.13773e+06	0
3.13783e+06	0
3.13793e+06	0
3.13803e+06	0
3.13813e+06	0
3.13823e+06	0
3.13833e+06	0
3.13843e+06	0
3.13853e+06	0
3.13863e+06	0
3.13873e+06	0
3.13883e+06	0
3.13893e+06	0
3.13903e+06	0
3.13913e+06	0
3.13923e+06	0
3.13933e+06	0
3.13943e+06	0
3.13953e+06	0
3.13963e+06	0
3.13973e+06	0
3.13983e+06	0
3.13993e+06	0
3.14003e+06	0
3.14013e+06	0
3.14023e+06	0
3.14033e+06	0
3.14043e+06	0
3.14053e+06	0
3.14063e+06	0
3.14073e+06	0
3.14083e+06	0
3.14093e+06	0
3.14103e+06	0
3.14113e+06	0
3.14123e+06	0
3.14133e+06	0
3.14143e+06	0
3.14153e+06	0
3.14163e+06	0
3.14173e+06	0
3.14183e+06	0
3.14193e+06	0
3.14203e+06	0
3.14213e+06	0
3.14223e+06	0
3.14233e+06	0
3.14243e+06	0
3.14253e+06	0
3.14263e+06	0
3.14273e+06	0
3.14283e+06	0
3.14293e+06	0
3.14303e+06	0
3.14313e+06	0
3.14323e+06	0
3.14333e+06	0
3.14343e+06	0
3.14353e+06	0
3.14363e+06	0
3.14373e+06	0
3.14383e+06	0
3.14393e+06	0
3.14403e+06	0
3.14413e+06	0
3.14423e+06	0
3.14433e+06	0
3.14443e+06	0
3.14453e+06	0
3.14463e+06	0
3.14473e+06	0
3.14483e+06	0
3.14493e+06	0
3.14503e+06	0
3.14513e+06	0
3.14523e+06	0
3.14533e+06	0
3.14543e+06	0
3.14553e+06	0
3.14563e+06	0
3.14573e+06	0
3.14583e+06	0
3.14593e+06	0
3.14603e+06	0
3.14613e+06	0
3.14623e+06	0
3.14633e+06	0
3.14643e+06	0
3.14653e+06	0
3.14663e+06	0
3.14673e+06	0
3.14683e+06	0
3.14693e+06	0
3.14703e+06	0
3.14713e+06	0
3.14723e+06	0
3.14733e+06	0
3.14743e+06	0
3.14753e+06	0
3.14763e+06	0
3.14773e+06	0
3.14783e+06	0
3.14793e+06	0
3.14803e+06	0
3.14813e+06	0
3.14823e+06	0
3.14833e+06	0
3.14843e+06	0
3.14853e+06	0
3.14863e+06	0
3.14873e+06	0
3.14883e+06	0
3.14893e+06	0
3.14903e+06	0
3.14913e+06	0
3.14923e+06	0
3.14933e+06	0
3.14943e+06	0
3.14953e+06	0
3.14963e+06	0
3.14973e+06	0
3.14983e+06	0
3.14993e+06	0
3.15003e+06	0
3.15013e+06	0
3.15023e+06	0
3.15033e+06	0
3.15043e+06	0
3.15053e+06	0
3.15063e+06	0
3.15073e+06	0
3.15083e+06	0
3.15093e+06	0
3.15103e+06	0
3.15113e+06	0
3.15123e+06	0
3.15133e+06	0
3.15143e+06	0
3.15153e+06	0
3.15163e+06	0
3.15173e+06	0
3.15183e+06	0
3.15193e+06	0
3.15203e+06	0
3.15213e+06	0
3.15223e+06	0
3.15233e+06	0
3.15243e+06	0
3.15253e+06	0
3.15263e+06	0
3.15273e+06	0
3.15283e+06	0
3.15293e+06	0
3.15303e+06	0
3.15313e+06	0
3.15323e+06	0
3.15333e+06	0
3.15343e+06	0
3.15353e+06	0
3.15363e+06	0
3.15373e+06	0
3.15383e+06	0
3.15393e+06	0
3.15403e+06	0
3.15413e+06	0
3.15423e+06	0
3.15433e+06	0
3.15443e+06	0
3.15453e+06	0
3.15463e+06	0
3.15473e+06	0
3.15483e+06	0
3.15493e+06	0
3.15503e+06	0
3.15513e+06	0
3.15523e+06	0
3.15533e+06	0
3.15543e+06	0
3.15553e+06	0
3.15563e+06	0
3.15573e+06	0
3.15583e+06	0
3.15593e+06	0
3.15603e+06	0
3.15613e+06	0
3.15623e+06	0
3.15633e+06	0
3.15643e+06	0
3.15653e+06	0
3.15663e+06	0
3.15673e+06	0
3.15683e+06	0
3.15693e+06	0
3.15703e+06	0
3.15713e+06	0
3.15723e+06	0
3.15733e+06	0
3.15743e+06	0
3.15753e+06	0
3.15763e+06	0
3.15773e+06	0
3.15783e+06	0
3.15793e+06	0
3.15803e+06	0
3.15813e+06	0
3.15823e+06	0
3.15833e+06	0
3.15843e+06	0
3.15853e+06	0
3.15863e+06	0
3.15873e+06	0
3.15883e+06	0
3.15893e+06	0
3.15903e+06	0
3.15913e+06	0
3.15923e+06	0
3.15933e+06	0
3.15943e+06	0
3.15953e+06	0
3.15963e+06	0
3.15973e+06	0
3.15983e+06	0
3.15993e+06	0
3.16003e+06	0
3.16013e+06	0
3.16023e+06	0
3.16033e+06	0
3.16043e+06	0
3.16053e+06	0
3.16063e+06	0
3.16073e+06	0
3.16083e+06	0
3.16093e+06	0
3.16103e+06	0
3.16113e+06	0
3.16123e+06	0
3.16133e+06	0
3.16143e+06	0
3.16153e+06	0
3.16163e+06	0
3.16173e+06	0
3.16183e+06	0
3.16193e+06	0
3.16203e+06	0
3.16213e+06	0
3.16223e+06	0
3.16233e+06	0
3.16243e+06	0
3.16253e+06	0
3.16263e+06	0
3.16273e+06	0
3.16283e+06	0
3.16293e+06	0
3.16303e+06	0
3.16313e+06	0
3.16323e+06	0
3.16333e+06	0
3.16343e+06	0
3.16353e+06	0
3.16363e+06	0
3.16373e+06	0
3.16383e+06	0
3.16393e+06	0
3.16403e+06	0
3.16413e+06	0
3.16423e+06	0
3.16433e+06	0
3.16443e+06	0
3.16453e+06	0
3.16463e+06	0
3.16473e+06	0
3.16483e+06	0
3.16493e+06	0
3.16503e+06	0
3.16513e+06	0
3.16523e+06	0
3.16533e+06	0
3.16543e+06	0
3.16553e+06	0
3.16563e+06	0
3.16573e+06	0
3.16583e+06	0
3.16593e+06	0
3.16603e+06	0
3.16613e+06	0
3.16623e+06	0
3.16633e+06	0
3.16643e+06	0
3.16653e+06	0
3.16663e+06	0
3.16673e+06	0
3.16683e+06	0
3.16693e+06	0
3.16703e+06	0
3.16713e+06	0
3.16723e+06	0
3.16733e+06	0
3.16743e+06	0
3.16753e+06	0
3.16763e+06	0
3.16773e+06	0
3.16783e+06	0
3.16793e+06	0
3.16803e+06	0
3.16813e+06	0
3.16823e+06	0
3.16833e+06	0
3.16843e+06	0
3.16853e+06	0
3.16863e+06	0
3.16873e+06	0
3.16883e+06	0
3.16893e+06	0
3.16903e+06	0
3.16913e+06	0
3.16923e+06	0
3.16933e+06	0
3.16943e+06	0
3.16953e+06	0
3.16963e+06	0
3.16973e+06	0
3.16983e+06	0
3.16993e+06	0
3.17003e+06	0
3.17013e+06	0
3.17023e+06	0
3.17033e+06	0
3.17043e+06	0
3.17053e+06	0
3.17063e+06	0
3.17073e+06	0
3.17083e+06	0
3.17093e+06	0
3.17103e+06	0
3.17113e+06	0
3.17123e+06	0
3.17133e+06	0
3.17143e+06	0
3.17153e+06	0
3.17163e+06	0
3.17173e+06	0
3.17183e+06	0
3.17193e+06	0
3.17203e+06	0
3.17213e+06	0
3.17223e+06	0
3.17233e+06	0
3.17243e+06	0
3.17253e+06	0
3.17263e+06	0
3.17273e+06	0
3.17283e+06	0
3.17293e+06	0
3.17303e+06	0
3.17313e+06	0
3.17323e+06	0
3.17333e+06	0
3.17343e+06	0
3.17353e+06	0
3.17363e+06	0
3.17373e+06	0
3.17383e+06	0
3.17393e+06	0
3.17403e+06	0
3.17413e+06	0
3.17423e+06	0
3.17433e+06	0
3.17443e+06	0
3.17453e+06	0
3.17463e+06	0
3.17473e+06	0
3.17483e+06	0
3.17493e+06	0
3.17503e+06	0
3.17513e+06	0
3.17523e+06	0
3.17533e+06	0
3.17543e+06	0
3.17553e+06	0
3.17563e+06	0
3.17573e+06	0
3.17583e+06	0
3.17593e+06	0
3.17603e+06	0
3.17613e+06	0
3.17623e+06	0
3.17633e+06	0
3.17643e+06	0
3.17653e+06	0
3.17663e+06	0
3.17673e+06	0
3.17683e+06	0
3.17693e+06	0
3.17703e+06	0
3.17713e+06	0
3.17723e+06	0
3.17733e+06	0
3.17743e+06	0
3.17753e+06	0
3.17763e+06	0
3.17773e+06	0
3.17783e+06	0
3.17793e+06	0
3.17803e+06	0
3.17813e+06	0
3.17823e+06	0
3.17833e+06	0
3.17843e+06	0
3.17853e+06	0
3.17863e+06	0
3.17873e+06	0
3.17883e+06	0
3.17893e+06	0
3.17903e+06	0
3.17913e+06	0
3.17923e+06	0
3.17933e+06	0
3.17943e+06	0
3.17953e+06	0
3.17963e+06	0
3.17973e+06	0
3.17983e+06	0
3.17993e+06	0
3.18003e+06	0
3.18013e+06	0
3.18023e+06	0
3.18033e+06	0
3.18043e+06	0
3.18053e+06	0
3.18063e+06	0
3.18073e+06	0
3.18083e+06	0
3.18093e+06	0
3.18103e+06	0
3.18113e+06	0
3.18123e+06	0
3.18133e+06	0
3.18143e+06	0
3.18153e+06	0
3.18163e+06	0
3.18173e+06	0
3.18183e+06	0
3.18193e+06	0
3.18203e+06	0
3.18213e+06	0
3.18223e+06	0
3.18233e+06	0
3.18243e+06	0
3.18253e+06	0
3.18263e+06	0
3.18273e+06	0
3.18283e+06	0
3.18293e+06	0
3.18303e+06	0
3.18313e+06	0
3.18323e+06	0
3.18333e+06	0
3.18343e+06	0
3.18353e+06	0
3.18363e+06	0
3.18373e+06	0
3.18383e+06	0
3.18393e+06	0
3.18403e+06	0
3.18413e+06	0
3.18423e+06	0
3.18433e+06	0
3.18443e+06	0
3.18453e+06	0
3.18463e+06	0
3.18473e+06	0
3.18483e+06	0
3.18493e+06	0
3.18503e+06	0
3.18513e+06	0
3.18523e+06	0
3.18533e+06	0
3.18543e+06	0
3.18553e+06	0
3.18563e+06	0
3.18573e+06	0
3.18583e+06	0
3.18593e+06	0
3.18603e+06	0
3.18613e+06	0
3.18623e+06	0
3.18633e+06	0
3.18643e+06	0
3.18653e+06	0
3.18663e+06	0
3.18673e+06	0
3.18683e+06	0
3.18693e+06	0
3.18703e+06	0
3.18713e+06	0
3.18723e+06	0
3.18733e+06	0
3.18743e+06	0
3.18753e+06	0
3.18763e+06	0
3.18773e+06	0
3.18783e+06	0
3.18793e+06	0
3.18803e+06	0
3.18813e+06	0
3.18823e+06	0
3.18833e+06	0
3.18843e+06	0
3.18853e+06	0
3.18863e+06	0
3.18873e+06	0
3.18883e+06	0
3.18893e+06	0
3.18903e+06	0
3.18913e+06	0
3.18923e+06	0
3.18933e+06	0
3.18943e+06	0
3.18953e+06	0
3.18963e+06	0
3.18973e+06	0
3.18983e+06	0
3.18993e+06	0
3.19003e+06	0
3.19013e+06	0
3.19023e+06	0
3.19033e+06	0
3.19043e+06	0
3.19053e+06	0
3.19063e+06	0
3.19073e+06	0
3.19083e+06	0
3.19093e+06	0
3.19103e+06	0
3.19113e+06	0
3.19123e+06	0
3.19133e+06	0
3.19143e+06	0
3.19153e+06	0
3.19163e+06	0
3.19173e+06	0
3.19183e+06	0
3.19193e+06	0
3.19203e+06	0
3.19213e+06	0
3.19223e+06	0
3.19233e+06	0
3.19243e+06	0
3.19253e+06	0
3.19263e+06	0
3.19273e+06	0
3.19283e+06	0
3.19293e+06	0
3.19303e+06	0
3.19313e+06	0
3.19323e+06	0
3.19333e+06	0
3.19343e+06	0
3.19353e+06	0
3.19363e+06	0
3.19373e+06	0
3.19383e+06	0
3.19393e+06	0
3.19403e+06	0
3.19413e+06	0
3.19423e+06	0
3.19433e+06	0
3.19443e+06	0
3.19453e+06	0
3.19463e+06	0
3.19473e+06	0
3.19483e+06	0
3.19493e+06	0
3.19503e+06	0
3.19513e+06	0
3.19523e+06	0
3.19533e+06	0
3.19543e+06	0
3.19553e+06	0
3.19563e+06	0
3.19573e+06	0
3.19583e+06	0
3.19593e+06	0
3.19603e+06	0
3.19613e+06	0
3.19623e+06	0
3.19633e+06	0
3.19643e+06	0
3.19653e+06	0
3.19663e+06	0
3.19673e+06	0
3.19683e+06	0
3.19693e+06	0
3.19703e+06	0
3.19713e+06	0
3.19723e+06	0
3.19733e+06	0
3.19743e+06	0
3.19753e+06	0
3.19763e+06	0
3.19773e+06	0
3.19783e+06	0
3.19793e+06	0
3.19803e+06	0
3.19813e+06	0
3.19823e+06	0
3.19833e+06	0
3.19843e+06	0
3.19853e+06	0
3.19863e+06	0
3.19873e+06	0
3.19883e+06	0
3.19893e+06	0
3.19903e+06	0
3.19913e+06	0
3.19923e+06	0
3.19933e+06	0
3.19943e+06	0
3.19953e+06	0
3.19963e+06	0
3.19973e+06	0
3.19983e+06	0
3.19993e+06	0
3.20003e+06	0
3.20013e+06	0
3.20023e+06	0
3.20033e+06	0
3.20043e+06	0
3.20053e+06	0
3.20063e+06	0
3.20073e+06	0
3.20083e+06	0
3.20093e+06	0
3.20103e+06	0
3.20113e+06	0
3.20123e+06	0
3.20133e+06	0
3.20143e+06	0
3.20153e+06	0
3.20163e+06	0
3.20173e+06	0
3.20183e+06	0
3.20193e+06	0
3.20203e+06	0
3.20213e+06	0
3.20223e+06	0
3.20233e+06	0
3.20243e+06	0
3.20253e+06	0
3.20263e+06	0
3.20273e+06	0
3.20283e+06	0
3.20293e+06	0
3.20303e+06	0
3.20313e+06	0
3.20323e+06	0
3.20333e+06	0
3.20343e+06	0
3.20353e+06	0
3.20363e+06	0
3.20373e+06	0
3.20383e+06	0
3.20393e+06	0
3.20403e+06	0
3.20413e+06	0
3.20423e+06	0
3.20433e+06	0
3.20443e+06	0
3.20453e+06	0
3.20463e+06	0
3.20473e+06	0
3.20483e+06	0
3.20493e+06	0
3.20503e+06	0
3.20513e+06	0
3.20523e+06	0
3.20533e+06	0
3.20543e+06	0
3.20553e+06	0
3.20563e+06	0
3.20573e+06	0
3.20583e+06	0
3.20593e+06	0
3.20603e+06	0
3.20613e+06	0
3.20623e+06	0
3.20633e+06	0
3.20643e+06	0
3.20653e+06	0
3.20663e+06	0
3.20673e+06	0
3.20683e+06	0
3.20693e+06	0
3.20703e+06	0
3.20713e+06	0
3.20723e+06	0
3.20733e+06	0
3.20743e+06	0
3.20753e+06	0
3.20763e+06	0
3.20773e+06	0
3.20783e+06	0
3.20793e+06	0
3.20803e+06	0
3.20813e+06	0
3.20823e+06	0
3.20833e+06	0
3.20843e+06	0
3.20853e+06	0
3.20863e+06	0
3.20873e+06	0
3.20883e+06	0
3.20893e+06	0
3.20903e+06	0
3.20913e+06	0
3.20923e+06	0
3.20933e+06	0
3.20943e+06	0
3.20953e+06	0
3.20963e+06	0
3.20973e+06	0
3.20983e+06	0
3.20993e+06	0
3.21003e+06	0
3.21013e+06	0
3.21023e+06	0
3.21033e+06	0
3.21043e+06	0
3.21053e+06	0
3.21063e+06	0
3.21073e+06	0
3.21083e+06	0
3.21093e+06	0
3.21103e+06	0
3.21113e+06	0
3.21123e+06	0
3.21133e+06	0
3.21143e+06	0
3.21153e+06	0
3.21163e+06	0
3.21173e+06	0
3.21183e+06	0
3.21193e+06	0
3.21203e+06	0
3.21213e+06	0
3.21223e+06	0
3.21233e+06	0
3.21243e+06	0
3.21253e+06	0
3.21263e+06	0
3.21273e+06	0
3.21283e+06	0
3.21293e+06	0
3.21303e+06	0
3.21313e+06	0
3.21323e+06	0
3.21333e+06	0
3.21343e+06	0
3.21353e+06	0
3.21363e+06	0
3.21373e+06	0
3.21383e+06	0
3.21393e+06	0
3.21403e+06	0
3.21413e+06	0
3.21423e+06	0
3.21433e+06	0
3.21443e+06	0
3.21453e+06	0
3.21463e+06	0
3.21473e+06	0
3.21483e+06	0
3.21493e+06	0
3.21503e+06	0
3.21513e+06	0
3.21523e+06	0
3.21533e+06	0
3.21543e+06	0
3.21553e+06	0
3.21563e+06	0
3.21573e+06	0
3.21583e+06	0
3.21593e+06	0
3.21603e+06	0
3.21613e+06	0
3.21623e+06	0
3.21633e+06	0
3.21643e+06	0
3.21653e+06	0
3.21663e+06	0
3.21673e+06	0
3.21683e+06	0
3.21693e+06	0
3.21703e+06	0
3.21713e+06	0
3.21723e+06	0
3.21733e+06	0
3.21743e+06	0
3.21753e+06	0
3.21763e+06	0
3.21773e+06	0
3.21783e+06	0
3.21793e+06	0
3.21803e+06	0
3.21813e+06	0
3.21823e+06	0
3.21833e+06	0
3.21843e+06	0
3.21853e+06	0
3.21863e+06	0
3.21873e+06	0
3.21883e+06	0
3.21893e+06	0
3.21903e+06	0
3.21913e+06	0
3.21923e+06	0
3.21933e+06	0
3.21943e+06	0
3.21953e+06	0
3.21963e+06	0
3.21973e+06	0
3.21983e+06	0
3.21993e+06	0
3.22003e+06	0
3.22013e+06	0
3.22023e+06	0
3.22033e+06	0
3.22043e+06	0
3.22053e+06	0
3.22063e+06	0
3.22073e+06	0
3.22083e+06	0
3.22093e+06	0
3.22103e+06	0
3.22113e+06	0
3.22123e+06	0
3.22133e+06	0
3.22143e+06	0
3.22153e+06	0
3.22163e+06	0
3.22173e+06	0
3.22183e+06	0
3.22193e+06	0
3.22203e+06	0
3.22213e+06	0
3.22223e+06	0
3.22233e+06	0
3.22243e+06	0
3.22253e+06	0
3.22263e+06	0
3.22273e+06	0
3.22283e+06	0
3.22293e+06	0
3.22303e+06	0
3.22313e+06	0
3.22323e+06	0
3.22333e+06	0
3.22343e+06	0
3.22353e+06	0
3.22363e+06	0
3.22373e+06	0
3.22383e+06	0
3.22393e+06	0
3.22403e+06	0
3.22413e+06	0
3.22423e+06	0
3.22433e+06	0
3.22443e+06	0
3.22453e+06	0
3.22463e+06	0
3.22473e+06	0
3.22483e+06	0
3.22493e+06	0
3.22503e+06	0
3.22513e+06	0
3.22523e+06	0
3.22533e+06	0
3.22543e+06	0
3.22553e+06	0
3.22563e+06	0
3.22573e+06	0
3.22583e+06	0
3.22593e+06	0
3.22603e+06	0
3.22613e+06	0
3.22623e+06	0
3.22633e+06	0
3.22643e+06	0
3.22653e+06	0
3.22663e+06	0
3.22673e+06	0
3.22683e+06	0
3.22693e+06	0
3.22703e+06	0
3.22713e+06	0
3.22723e+06	0
3.22733e+06	0
3.22743e+06	0
3.22753e+06	0
3.22763e+06	0
3.22773e+06	0
3.22783e+06	0
3.22793e+06	0
3.22803e+06	0
3.22813e+06	0
3.22823e+06	0
3.22833e+06	0
3.22843e+06	0
3.22853e+06	0
3.22863e+06	0
3.22873e+06	0
3.22883e+06	0
3.22893e+06	0
3.22903e+06	0
3.22913e+06	0
3.22923e+06	0
3.22933e+06	0
3.22943e+06	0
3.22953e+06	0
3.22963e+06	0
3.22973e+06	0
3.22983e+06	0
3.22993e+06	0
3.23003e+06	0
3.23013e+06	0
3.23023e+06	0
3.23033e+06	0
3.23043e+06	0
3.23053e+06	0
3.23063e+06	0
3.23073e+06	0
3.23083e+06	0
3.23093e+06	0
3.23103e+06	0
3.23113e+06	0
3.23123e+06	0
3.23133e+06	0
3.23143e+06	0
3.23153e+06	0
3.23163e+06	0
3.23173e+06	0
3.23183e+06	0
3.23193e+06	0
3.23203e+06	0
3.23213e+06	0
3.23223e+06	0
3.23233e+06	0
3.23243e+06	0
3.23253e+06	0
3.23263e+06	0
3.23273e+06	0
3.23283e+06	0
3.23293e+06	0
3.23303e+06	0
3.23313e+06	0
3.23323e+06	0
3.23333e+06	0
3.23343e+06	0
3.23353e+06	0
3.23363e+06	0
3.23373e+06	0
3.23383e+06	0
3.23393e+06	0
3.23403e+06	0
3.23413e+06	0
3.23423e+06	0
3.23433e+06	0
3.23443e+06	0
3.23453e+06	0
3.23463e+06	0
3.23473e+06	0
3.23483e+06	0
3.23493e+06	0
3.23503e+06	0
3.23513e+06	0
3.23523e+06	0
3.23533e+06	0
3.23543e+06	0
3.23553e+06	0
3.23563e+06	0
3.23573e+06	0
3.23583e+06	0
3.23593e+06	0
3.23603e+06	0
3.23613e+06	0
3.23623e+06	0
3.23633e+06	0
3.23643e+06	0
3.23653e+06	0
3.23663e+06	0
3.23673e+06	0
3.23683e+06	0
3.23693e+06	0
3.23703e+06	0
3.23713e+06	0
3.23723e+06	0
3.23733e+06	0
3.23743e+06	0
3.23753e+06	0
3.23763e+06	0
3.23773e+06	0
3.23783e+06	0
3.23793e+06	0
3.23803e+06	0
3.23813e+06	0
3.23823e+06	0
3.23833e+06	0
3.23843e+06	0
3.23853e+06	0
3.23863e+06	0
3.23873e+06	0
3.23883e+06	0
3.23893e+06	0
3.23903e+06	0
3.23913e+06	0
3.23923e+06	0
3.23933e+06	0
3.23943e+06	0
3.23953e+06	0
3.23963e+06	0
3.23973e+06	0
3.23983e+06	0
3.23993e+06	0
3.24003e+06	0
3.24013e+06	0
3.24023e+06	0
3.24033e+06	0
3.24043e+06	0
3.24053e+06	0
3.24063e+06	0
3.24073e+06	0
3.24083e+06	0
3.24093e+06	0
3.24103e+06	0
3.24113e+06	0
3.24123e+06	0
3.24133e+06	0
3.24143e+06	0
3.24153e+06	0
3.24163e+06	0
3.24173e+06	0
3.24183e+06	0
3.24193e+06	0
3.24203e+06	0
3.24213e+06	0
3.24223e+06	0
3.24233e+06	0
3.24243e+06	0
3.24253e+06	0
3.24263e+06	0
3.24273e+06	0
3.24283e+06	0
3.24293e+06	0
3.24303e+06	0
3.24313e+06	0
3.24323e+06	0
3.24333e+06	0
3.24343e+06	0
3.24353e+06	0
3.24363e+06	0
3.24373e+06	0
3.24383e+06	0
3.24393e+06	0
3.24403e+06	0
3.24413e+06	0
3.24423e+06	0
3.24433e+06	0
3.24443e+06	0
3.24453e+06	0
3.24463e+06	0
3.24473e+06	0
3.24483e+06	0
3.24493e+06	0
3.24503e+06	0
3.24513e+06	0
3.24523e+06	0
3.24533e+06	0
3.24543e+06	0
3.24553e+06	0
3.24563e+06	0
3.24573e+06	0
3.24583e+06	0
3.24593e+06	0
3.24603e+06	0
3.24613e+06	0
3.24623e+06	0
3.24633e+06	0
3.24643e+06	0
3.24653e+06	0
3.24663e+06	0
3.24673e+06	0
3.24683e+06	0
3.24693e+06	0
3.24703e+06	0
3.24713e+06	0
3.24723e+06	0
3.24733e+06	0
3.24743e+06	0
3.24753e+06	0
3.24763e+06	0
3.24773e+06	0
3.24783e+06	0
3.24793e+06	0
3.24803e+06	0
3.24813e+06	0
3.24823e+06	0
3.24833e+06	0
3.24843e+06	0
3.24853e+06	0
3.24863e+06	0
3.24873e+06	0
3.24883e+06	0
3.24893e+06	0
3.24903e+06	0
3.24913e+06	0
3.24923e+06	0
3.24933e+06	0
3.24943e+06	0
3.24953e+06	0
3.24963e+06	0
3.24973e+06	0
3.24983e+06	0
3.24993e+06	0
3.25003e+06	0
3.25013e+06	0
3.25023e+06	0
3.25033e+06	0
3.25043e+06	0
3.25053e+06	0
3.25063e+06	0
3.25073e+06	0
3.25083e+06	0
3.25093e+06	0
3.25103e+06	0
3.25113e+06	0
3.25123e+06	0
3.25133e+06	0
3.25143e+06	0
3.25153e+06	0
3.25163e+06	0
3.25173e+06	0
3.25183e+06	0
3.25193e+06	0
3.25203e+06	0
3.25213e+06	0
3.25223e+06	0
3.25233e+06	0
3.25243e+06	0
3.25253e+06	0
3.25263e+06	0
3.25273e+06	0
3.25283e+06	0
3.25293e+06	0
3.25303e+06	0
3.25313e+06	0
3.25323e+06	0
3.25333e+06	0
3.25343e+06	0
3.25353e+06	0
3.25363e+06	0
3.25373e+06	0
3.25383e+06	0
3.25393e+06	0
3.25403e+06	0
3.25413e+06	0
3.25423e+06	0
3.25433e+06	0
3.25443e+06	0
3.25453e+06	0
3.25463e+06	0
3.25473e+06	0
3.25483e+06	0
3.25493e+06	0
3.25503e+06	0
3.25513e+06	0
3.25523e+06	0
3.25533e+06	0
3.25543e+06	0
3.25553e+06	0
3.25563e+06	0
3.25573e+06	0
3.25583e+06	0
3.25593e+06	0
3.25603e+06	0
3.25613e+06	0
3.25623e+06	0
3.25633e+06	0
3.25643e+06	0
3.25653e+06	0
3.25663e+06	0
3.25673e+06	0
3.25683e+06	0
3.25693e+06	0
3.25703e+06	0
3.25713e+06	0
3.25723e+06	0
3.25733e+06	0
3.25743e+06	0
3.25753e+06	0
3.25763e+06	0
3.25773e+06	0
3.25783e+06	0
3.25793e+06	0
3.25803e+06	0
3.25813e+06	0
3.25823e+06	0
3.25833e+06	0
3.25843e+06	0
3.25853e+06	0
3.25863e+06	0
3.25873e+06	0
3.25883e+06	0
3.25893e+06	0
3.25903e+06	0
3.25913e+06	0
3.25923e+06	0
3.25933e+06	0
3.25943e+06	0
3.25953e+06	0
3.25963e+06	0
3.25973e+06	0
3.25983e+06	0
3.25993e+06	0
3.26003e+06	0
3.26013e+06	0
3.26023e+06	0
3.26033e+06	0
3.26043e+06	0
3.26053e+06	0
3.26063e+06	0
3.26073e+06	0
3.26083e+06	0
3.26093e+06	0
3.26103e+06	0
3.26113e+06	0
3.26123e+06	0
3.26133e+06	0
3.26143e+06	0
3.26153e+06	0
3.26163e+06	0
3.26173e+06	0
3.26183e+06	0
3.26193e+06	0
3.26203e+06	0
3.26213e+06	0
3.26223e+06	0
3.26233e+06	0
3.26243e+06	0
3.26253e+06	0
3.26263e+06	0
3.26273e+06	0
3.26283e+06	0
3.26293e+06	0
3.26303e+06	0
3.26313e+06	0
3.26323e+06	0
3.26333e+06	0
3.26343e+06	0
3.26353e+06	0
3.26363e+06	0
3.26373e+06	0
3.26383e+06	0
3.26393e+06	0
3.26403e+06	0
3.26413e+06	0
3.26423e+06	0
3.26433e+06	0
3.26443e+06	0
3.26453e+06	0
3.26463e+06	0
3.26473e+06	0
3.26483e+06	0
3.26493e+06	0
3.26503e+06	0
3.26513e+06	0
3.26523e+06	0
3.26533e+06	0
3.26543e+06	0
3.26553e+06	0
3.26563e+06	0
3.26573e+06	0
3.26583e+06	0
3.26593e+06	0
3.26603e+06	0
3.26613e+06	0
3.26623e+06	0
3.26633e+06	0
3.26643e+06	0
3.26653e+06	0
3.26663e+06	0
3.26673e+06	0
3.26683e+06	0
3.26693e+06	0
3.26703e+06	0
3.26713e+06	0
3.26723e+06	0
3.26733e+06	0
3.26743e+06	0
3.26753e+06	0
3.26763e+06	0
3.26773e+06	0
3.26783e+06	0
3.26793e+06	0
3.26803e+06	0
3.26813e+06	0
3.26823e+06	0
3.26833e+06	0
3.26843e+06	0
3.26853e+06	0
3.26863e+06	0
3.26873e+06	0
3.26883e+06	0
3.26893e+06	0
3.26903e+06	0
3.26913e+06	0
3.26923e+06	0
3.26933e+06	0
3.26943e+06	0
3.26953e+06	0
3.26963e+06	0
3.26973e+06	0
3.26983e+06	0
3.26993e+06	0
3.27003e+06	0
3.27013e+06	0
3.27023e+06	0
3.27033e+06	0
3.27043e+06	0
3.27053e+06	0
3.27063e+06	0
3.27073e+06	0
3.27083e+06	0
3.27093e+06	0
3.27103e+06	0
3.27113e+06	0
3.27123e+06	0
3.27133e+06	0
3.27143e+06	0
3.27153e+06	0
3.27163e+06	0
3.27173e+06	0
3.27183e+06	0
3.27193e+06	0
3.27203e+06	0
3.27213e+06	0
3.27223e+06	0
3.27233e+06	0
3.27243e+06	0
3.27253e+06	0
3.27263e+06	0
3.27273e+06	0
3.27283e+06	0
3.27293e+06	0
3.27303e+06	0
3.27313e+06	0
3.27323e+06	0
3.27333e+06	0
3.27343e+06	0
3.27353e+06	0
3.27363e+06	0
3.27373e+06	0
3.27383e+06	0
3.27393e+06	0
3.27403e+06	0
3.27413e+06	0
3.27423e+06	0
3.27433e+06	0
3.27443e+06	0
3.27453e+06	0
3.27463e+06	0
3.27473e+06	0
3.27483e+06	0
3.27493e+06	0
3.27503e+06	0
3.27513e+06	0
3.27523e+06	0
3.27533e+06	0
3.27543e+06	0
3.27553e+06	0
3.27563e+06	0
3.27573e+06	0
3.27583e+06	0
3.27593e+06	0
3.27603e+06	0
3.27613e+06	0
3.27623e+06	0
3.27633e+06	0
3.27643e+06	0
3.27653e+06	0
3.27663e+06	0
3.27673e+06	0
3.27683e+06	0
3.27693e+06	0
3.27703e+06	0
3.27713e+06	0
3.27723e+06	0
3.27733e+06	0
3.27743e+06	0
3.27753e+06	0
3.27763e+06	0
3.27773e+06	0
3.27783e+06	0
3.27793e+06	0
3.27803e+06	0
3.27813e+06	0
3.27823e+06	0
3.27833e+06	0
3.27843e+06	0
3.27853e+06	0
3.27863e+06	0
3.27873e+06	0
3.27883e+06	0
3.27893e+06	0
3.27903e+06	0
3.27913e+06	0
3.27923e+06	0
3.27933e+06	0
3.27943e+06	0
3.27953e+06	0
3.27963e+06	0
3.27973e+06	0
3.27983e+06	0
3.27993e+06	0
3.28003e+06	0
3.28013e+06	0
3.28023e+06	0
3.28033e+06	0
3.28043e+06	0
3.28053e+06	0
3.28063e+06	0
3.28073e+06	0
3.28083e+06	0
3.28093e+06	0
3.28103e+06	0
3.28113e+06	0
3.28123e+06	0
3.28133e+06	0
3.28143e+06	0
3.28153e+06	0
3.28163e+06	0
3.28173e+06	0
3.28183e+06	0
3.28193e+06	0
3.28203e+06	0
3.28213e+06	0
3.28223e+06	0
3.28233e+06	0
3.28243e+06	0
3.28253e+06	0
3.28263e+06	0
3.28273e+06	0
3.28283e+06	0
3.28293e+06	0
3.28303e+06	0
3.28313e+06	0
3.28323e+06	0
3.28333e+06	0
3.28343e+06	0
3.28353e+06	0
3.28363e+06	0
3.28373e+06	0
3.28383e+06	0
3.28393e+06	0
3.28403e+06	0
3.28413e+06	0
3.28423e+06	0
3.28433e+06	0
3.28443e+06	0
3.28453e+06	0
3.28463e+06	0
3.28473e+06	0
3.28483e+06	0
3.28493e+06	0
3.28503e+06	0
3.28513e+06	0
3.28523e+06	0
3.28533e+06	0
3.28543e+06	0
3.28553e+06	0
3.28563e+06	0
3.28573e+06	0
3.28583e+06	0
3.28593e+06	0
3.28603e+06	0
3.28613e+06	0
3.28623e+06	0
3.28633e+06	0
3.28643e+06	0
3.28653e+06	0
3.28663e+06	0
3.28673e+06	0
3.28683e+06	0
3.28693e+06	0
3.28703e+06	0
3.28713e+06	0
3.28723e+06	0
3.28733e+06	0
3.28743e+06	0
3.28753e+06	0
3.28763e+06	0
3.28773e+06	0
3.28783e+06	0
3.28793e+06	0
3.28803e+06	0
3.28813e+06	0
3.28823e+06	0
3.28833e+06	0
3.28843e+06	0
3.28853e+06	0
3.28863e+06	0
3.28873e+06	0
3.28883e+06	0
3.28893e+06	0
3.28903e+06	0
3.28913e+06	0
3.28923e+06	0
3.28933e+06	0
3.28943e+06	0
3.28953e+06	0
3.28963e+06	0
3.28973e+06	0
3.28983e+06	0
3.28993e+06	0
3.29003e+06	0
3.29013e+06	0
3.29023e+06	0
3.29033e+06	0
3.29043e+06	0
3.29053e+06	0
3.29063e+06	0
3.29073e+06	0
3.29083e+06	0
3.29093e+06	0
3.29103e+06	0
3.29113e+06	0
3.29123e+06	0
3.29133e+06	0
3.29143e+06	0
3.29153e+06	0
3.29163e+06	0
3.29173e+06	0
3.29183e+06	0
3.29193e+06	0
3.29203e+06	0
3.29213e+06	0
3.29223e+06	0
3.29233e+06	0
3.29243e+06	0
3.29253e+06	0
3.29263e+06	0
3.29273e+06	0
3.29283e+06	0
3.29293e+06	0
3.29303e+06	0
3.29313e+06	0
3.29323e+06	0
3.29333e+06	0
3.29343e+06	0
3.29353e+06	0
3.29363e+06	0
3.29373e+06	0
3.29383e+06	0
3.29393e+06	0
3.29403e+06	0
3.29413e+06	0
3.29423e+06	0
3.29433e+06	0
3.29443e+06	0
3.29453e+06	0
3.29463e+06	0
3.29473e+06	0
3.29483e+06	0
3.29493e+06	0
3.29503e+06	0
3.29513e+06	0
3.29523e+06	0
3.29533e+06	0
3.29543e+06	0
3.29553e+06	0
3.29563e+06	0
3.29573e+06	0
3.29583e+06	0
3.29593e+06	0
3.29603e+06	0
3.29613e+06	0
3.29623e+06	0
3.29633e+06	0
3.29643e+06	0
3.29653e+06	0
3.29663e+06	0
3.29673e+06	0
3.29683e+06	0
3.29693e+06	0
3.29703e+06	0
3.29713e+06	0
3.29723e+06	0
3.29733e+06	0
3.29743e+06	0
3.29753e+06	0
3.29763e+06	0
3.29773e+06	0
3.29783e+06	0
3.29793e+06	0
3.29803e+06	0
3.29813e+06	0
3.29823e+06	0
3.29833e+06	0
3.29843e+06	0
3.29853e+06	0
3.29863e+06	0
3.29873e+06	0
3.29883e+06	0
3.29893e+06	0
3.29903e+06	0
3.29913e+06	0
3.29923e+06	0
3.29933e+06	0
3.29943e+06	0
3.29953e+06	0
3.29963e+06	0
3.29973e+06	0
3.29983e+06	0
3.29993e+06	0
3.30003e+06	0
3.30013e+06	0
3.30023e+06	0
3.30033e+06	0
3.30043e+06	0
3.30053e+06	0
3.30063e+06	0
3.30073e+06	0
3.30083e+06	0
3.30093e+06	0
3.30103e+06	0
3.30113e+06	0
3.30123e+06	0
3.30133e+06	0
3.30143e+06	0
3.30153e+06	0
3.30163e+06	0
3.30173e+06	0
3.30183e+06	0
3.30193e+06	0
3.30203e+06	0
3.30213e+06	0
3.30223e+06	0
3.30233e+06	0
3.30243e+06	0
3.30253e+06	0
3.30263e+06	0
3.30273e+06	0
3.30283e+06	0
3.30293e+06	0
3.30303e+06	0
3.30313e+06	0
3.30323e+06	0
3.30333e+06	0
3.30343e+06	0
3.30353e+06	0
3.30363e+06	0
3.30373e+06	0
3.30383e+06	0
3.30393e+06	0
3.30403e+06	0
3.30413e+06	0
3.30423e+06	0
3.30433e+06	0
3.30443e+06	0
3.30453e+06	0
3.30463e+06	0
3.30473e+06	0
3.30483e+06	0
3.30493e+06	0
3.30503e+06	0
3.30513e+06	0
3.30523e+06	0
3.30533e+06	0
3.30543e+06	0
3.30553e+06	0
3.30563e+06	0
3.30573e+06	0
3.30583e+06	0
3.30593e+06	0
3.30603e+06	0
3.30613e+06	0
3.30623e+06	0
3.30633e+06	0
3.30643e+06	0
3.30653e+06	0
3.30663e+06	0
3.30673e+06	0
3.30683e+06	0
3.30693e+06	0
3.30703e+06	0
3.30713e+06	0
3.30723e+06	0
3.30733e+06	0
3.30743e+06	0
3.30753e+06	0
3.30763e+06	0
3.30773e+06	0
3.30783e+06	0
3.30793e+06	0
3.30803e+06	0
3.30813e+06	0
3.30823e+06	0
3.30833e+06	0
3.30843e+06	0
3.30853e+06	0
3.30863e+06	0
3.30873e+06	0
3.30883e+06	0
3.30893e+06	0
3.30903e+06	0
3.30913e+06	0
3.30923e+06	0
3.30933e+06	0
3.30943e+06	0
3.30953e+06	0
3.30963e+06	0
3.30973e+06	0
3.30983e+06	0
3.30993e+06	0
3.31003e+06	0
3.31013e+06	0
3.31023e+06	0
3.31033e+06	0
3.31043e+06	0
3.31053e+06	0
3.31063e+06	0
3.31073e+06	0
3.31083e+06	0
3.31093e+06	0
3.31103e+06	0
3.31113e+06	0
3.31123e+06	0
3.31133e+06	0
3.31143e+06	0
3.31153e+06	0
3.31163e+06	0
3.31173e+06	0
3.31183e+06	0
3.31193e+06	0
3.31203e+06	0
3.31213e+06	0
3.31223e+06	0
3.31233e+06	0
3.31243e+06	0
3.31253e+06	0
3.31263e+06	0
3.31273e+06	0
3.31283e+06	0
3.31293e+06	0
3.31303e+06	0
3.31313e+06	0
3.31323e+06	0
3.31333e+06	0
3.31343e+06	0
3.31353e+06	0
3.31363e+06	0
3.31373e+06	0
3.31383e+06	0
3.31393e+06	0
3.31403e+06	0
3.31413e+06	0
3.31423e+06	0
3.31433e+06	0
3.31443e+06	0
3.31453e+06	0
3.31463e+06	0
3.31473e+06	0
3.31483e+06	0
3.31493e+06	0
3.31503e+06	0
3.31513e+06	0
3.31523e+06	0
3.31533e+06	0
3.31543e+06	0
3.31553e+06	0
3.31563e+06	0
3.31573e+06	0
3.31583e+06	0
3.31593e+06	0
3.31603e+06	0
3.31613e+06	0
3.31623e+06	0
3.31633e+06	0
3.31643e+06	0
3.31653e+06	0
3.31663e+06	0
3.31673e+06	0
3.31683e+06	0
3.31693e+06	0
3.31703e+06	0
3.31713e+06	0
3.31723e+06	0
3.31733e+06	0
3.31743e+06	0
3.31753e+06	0
3.31763e+06	0
3.31773e+06	0
3.31783e+06	0
3.31793e+06	0
3.31803e+06	0
3.31813e+06	0
3.31823e+06	0
3.31833e+06	0
3.31843e+06	0
3.31853e+06	0
3.31863e+06	0
3.31873e+06	0
3.31883e+06	0
3.31893e+06	0
3.31903e+06	0
3.31913e+06	0
3.31923e+06	0
3.31933e+06	0
3.31943e+06	0
3.31953e+06	0
3.31963e+06	0
3.31973e+06	0
3.31983e+06	0
3.31993e+06	0
3.32003e+06	0
3.32013e+06	0
3.32023e+06	0
3.32033e+06	0
3.32043e+06	0
3.32053e+06	0
3.32063e+06	0
3.32073e+06	0
3.32083e+06	0
3.32093e+06	0
3.32103e+06	0
3.32113e+06	0
3.32123e+06	0
3.32133e+06	0
3.32143e+06	0
3.32153e+06	0
3.32163e+06	0
3.32173e+06	0
3.32183e+06	0
3.32193e+06	0
3.32203e+06	0
3.32213e+06	0
3.32223e+06	0
3.32233e+06	0
3.32243e+06	0
3.32253e+06	0
3.32263e+06	0
3.32273e+06	0
3.32283e+06	0
3.32293e+06	0
3.32303e+06	0
3.32313e+06	0
3.32323e+06	0
3.32333e+06	0
3.32343e+06	0
3.32353e+06	0
3.32363e+06	0
3.32373e+06	0
3.32383e+06	0
3.32393e+06	0
3.32403e+06	0
3.32413e+06	0
3.32423e+06	0
3.32433e+06	0
3.32443e+06	0
3.32453e+06	0
3.32463e+06	0
3.32473e+06	0
3.32483e+06	0
3.32493e+06	0
3.32503e+06	0
3.32513e+06	0
3.32523e+06	0
3.32533e+06	0
3.32543e+06	0
3.32553e+06	0
3.32563e+06	0
3.32573e+06	0
3.32583e+06	0
3.32593e+06	0
3.32603e+06	0
3.32613e+06	0
3.32623e+06	0
3.32633e+06	0
3.32643e+06	0
3.32653e+06	0
3.32663e+06	0
3.32673e+06	0
3.32683e+06	0
3.32693e+06	0
3.32703e+06	0
3.32713e+06	0
3.32723e+06	0
3.32733e+06	0
3.32743e+06	0
3.32753e+06	0
3.32763e+06	0
3.32773e+06	0
3.32783e+06	0
3.32793e+06	0
3.32803e+06	0
3.32813e+06	0
3.32823e+06	0
3.32833e+06	0
3.32843e+06	0
3.32853e+06	0
3.32863e+06	0
3.32873e+06	0
3.32883e+06	0
3.32893e+06	0
3.32903e+06	0
3.32913e+06	0
3.32923e+06	0
3.32933e+06	0
3.32943e+06	0
3.32953e+06	0
3.32963e+06	0
3.32973e+06	0
3.32983e+06	0
3.32993e+06	0
3.33003e+06	0
3.33013e+06	0
3.33023e+06	0
3.33033e+06	0
3.33043e+06	0
3.33053e+06	0
3.33063e+06	0
3.33073e+06	0
3.33083e+06	0
3.33093e+06	0
3.33103e+06	0
3.33113e+06	0
3.33123e+06	0
3.33133e+06	0
3.33143e+06	0
3.33153e+06	0
3.33163e+06	0
3.33173e+06	0
3.33183e+06	0
3.33193e+06	0
3.33203e+06	0
3.33213e+06	0
3.33223e+06	0
3.33233e+06	0
3.33243e+06	0
3.33253e+06	0
3.33263e+06	0
3.33273e+06	0
3.33283e+06	0
3.33293e+06	0
3.33303e+06	0
3.33313e+06	0
3.33323e+06	0
3.33333e+06	0
3.33343e+06	0
3.33353e+06	0
3.33363e+06	0
3.33373e+06	0
3.33383e+06	0
3.33393e+06	0
3.33403e+06	0
3.33413e+06	0
3.33423e+06	0
3.33433e+06	0
3.33443e+06	0
3.33453e+06	0
3.33463e+06	0
3.33473e+06	0
3.33483e+06	0
3.33493e+06	0
3.33503e+06	0
3.33513e+06	0
3.33523e+06	0
3.33533e+06	0
3.33543e+06	0
3.33553e+06	0
3.33563e+06	0
3.33573e+06	0
3.33583e+06	0
3.33593e+06	0
3.33603e+06	0
3.33613e+06	0
3.33623e+06	0
3.33633e+06	0
3.33643e+06	0
3.33653e+06	0
3.33663e+06	0
3.33673e+06	0
3.33683e+06	0
3.33693e+06	0
3.33703e+06	0
3.33713e+06	0
3.33723e+06	0
3.33733e+06	0
3.33743e+06	0
3.33753e+06	0
3.33763e+06	0
3.33773e+06	0
3.33783e+06	0
3.33793e+06	0
3.33803e+06	0
3.33813e+06	0
3.33823e+06	0
3.33833e+06	0
3.33843e+06	0
3.33853e+06	0
3.33863e+06	0
3.33873e+06	0
3.33883e+06	0
3.33893e+06	0
3.33903e+06	0
3.33913e+06	0
3.33923e+06	0
3.33933e+06	0
3.33943e+06	0
3.33953e+06	0
3.33963e+06	0
3.33973e+06	0
3.33983e+06	0
3.33993e+06	0
3.34003e+06	0
3.34013e+06	0
3.34023e+06	0
3.34033e+06	0
3.34043e+06	0
3.34053e+06	0
3.34063e+06	0
3.34073e+06	0
3.34083e+06	0
3.34093e+06	0
3.34103e+06	0
3.34113e+06	0
3.34123e+06	0
3.34133e+06	0
3.34143e+06	0
3.34153e+06	0
3.34163e+06	0
3.34173e+06	0
3.34183e+06	0
3.34193e+06	0
3.34203e+06	0
3.34213e+06	0
3.34223e+06	0
3.34233e+06	0
3.34243e+06	0
3.34253e+06	0
3.34263e+06	0
3.34273e+06	0
3.34283e+06	0
3.34293e+06	0
3.34303e+06	0
3.34313e+06	0
3.34323e+06	0
3.34333e+06	0
3.34343e+06	0
3.34353e+06	0
3.34363e+06	0
3.34373e+06	0
3.34383e+06	0
3.34393e+06	0
3.34403e+06	0
3.34413e+06	0
3.34423e+06	0
3.34433e+06	0
3.34443e+06	0
3.34453e+06	0
3.34463e+06	0
3.34473e+06	0
3.34483e+06	0
3.34493e+06	0
3.34503e+06	0
3.34513e+06	0
3.34523e+06	0
3.34533e+06	0
3.34543e+06	0
3.34553e+06	0
3.34563e+06	0
3.34573e+06	0
3.34583e+06	0
3.34593e+06	0
3.34603e+06	0
3.34613e+06	0
3.34623e+06	0
3.34633e+06	0
3.34643e+06	0
3.34653e+06	0
3.34663e+06	0
3.34673e+06	0
3.34683e+06	0
3.34693e+06	0
3.34703e+06	0
3.34713e+06	0
3.34723e+06	0
3.34733e+06	0
3.34743e+06	0
3.34753e+06	0
3.34763e+06	0
3.34773e+06	0
3.34783e+06	0
3.34793e+06	0
3.34803e+06	0
3.34813e+06	0
3.34823e+06	0
3.34833e+06	0
3.34843e+06	0
3.34853e+06	0
3.34863e+06	0
3.34873e+06	0
3.34883e+06	0
3.34893e+06	0
3.34903e+06	0
3.34913e+06	0
3.34923e+06	0
3.34933e+06	0
3.34943e+06	0
3.34953e+06	0
3.34963e+06	0
3.34973e+06	0
3.34983e+06	0
3.34993e+06	0
3.35003e+06	0
3.35013e+06	0
3.35023e+06	0
3.35033e+06	0
3.35043e+06	0
3.35053e+06	0
3.35063e+06	0
3.35073e+06	0
3.35083e+06	0
3.35093e+06	0
3.35103e+06	0
3.35113e+06	0
3.35123e+06	0
3.35133e+06	0
3.35143e+06	0
3.35153e+06	0
3.35163e+06	0
3.35173e+06	0
3.35183e+06	0
3.35193e+06	0
3.35203e+06	0
3.35213e+06	0
3.35223e+06	0
3.35233e+06	0
3.35243e+06	0
3.35253e+06	0
3.35263e+06	0
3.35273e+06	0
3.35283e+06	0
3.35293e+06	0
3.35303e+06	0
3.35313e+06	0
3.35323e+06	0
3.35333e+06	0
3.35343e+06	0
3.35353e+06	0
3.35363e+06	0
3.35373e+06	0
3.35383e+06	0
3.35393e+06	0
3.35403e+06	0
3.35413e+06	0
3.35423e+06	0
3.35433e+06	0
3.35443e+06	0
3.35453e+06	0
3.35463e+06	0
3.35473e+06	0
3.35483e+06	0
3.35493e+06	0
3.35503e+06	0
3.35513e+06	0
3.35523e+06	0
3.35533e+06	0
3.35543e+06	0
3.35553e+06	0
3.35563e+06	0
3.35573e+06	0
3.35583e+06	0
3.35593e+06	0
3.35603e+06	0
3.35613e+06	0
3.35623e+06	0
3.35633e+06	0
3.35643e+06	0
3.35653e+06	0
3.35663e+06	0
3.35673e+06	0
3.35683e+06	0
3.35693e+06	0
3.35703e+06	0
3.35713e+06	0
3.35723e+06	0
3.35733e+06	0
3.35743e+06	0
3.35753e+06	0
3.35763e+06	0
3.35773e+06	0
3.35783e+06	0
3.35793e+06	0
3.35803e+06	0
3.35813e+06	0
3.35823e+06	0
3.35833e+06	0
3.35843e+06	0
3.35853e+06	0
3.35863e+06	0
3.35873e+06	0
3.35883e+06	0
3.35893e+06	0
3.35903e+06	0
3.35913e+06	0
3.35923e+06	0
3.35933e+06	0
3.35943e+06	0
3.35953e+06	0
3.35963e+06	0
3.35973e+06	0
3.35983e+06	0
3.35993e+06	0
3.36003e+06	0
3.36013e+06	0
3.36023e+06	0
3.36033e+06	0
3.36043e+06	0
3.36053e+06	0
3.36063e+06	0
3.36073e+06	0
3.36083e+06	0
3.36093e+06	0
3.36103e+06	0
3.36113e+06	0
3.36123e+06	0
3.36133e+06	0
3.36143e+06	0
3.36153e+06	0
3.36163e+06	0
3.36173e+06	0
3.36183e+06	0
3.36193e+06	0
3.36203e+06	0
3.36213e+06	0
3.36223e+06	0
3.36233e+06	0
3.36243e+06	0
3.36253e+06	0
3.36263e+06	0
3.36273e+06	0
3.36283e+06	0
3.36293e+06	0
3.36303e+06	0
3.36313e+06	0
3.36323e+06	0
3.36333e+06	0
3.36343e+06	0
3.36353e+06	0
3.36363e+06	0
3.36373e+06	0
3.36383e+06	0
3.36393e+06	0
3.36403e+06	0
3.36413e+06	0
3.36423e+06	0
3.36433e+06	0
3.36443e+06	0
3.36453e+06	0
3.36463e+06	0
3.36473e+06	0
3.36483e+06	0
3.36493e+06	0
3.36503e+06	0
3.36513e+06	0
3.36523e+06	0
3.36533e+06	0
3.36543e+06	0
3.36553e+06	0
3.36563e+06	0
3.36573e+06	0
3.36583e+06	0
3.36593e+06	0
3.36603e+06	0
3.36613e+06	0
3.36623e+06	0
3.36633e+06	0
3.36643e+06	0
3.36653e+06	0
3.36663e+06	0
3.36673e+06	0
3.36683e+06	0
3.36693e+06	0
3.36703e+06	0
3.36713e+06	0
3.36723e+06	0
3.36733e+06	0
3.36743e+06	0
3.36753e+06	0
3.36763e+06	0
3.36773e+06	0
3.36783e+06	0
3.36793e+06	0
3.36803e+06	0
3.36813e+06	0
3.36823e+06	0
3.36833e+06	0
3.36843e+06	0
3.36853e+06	0
3.36863e+06	0
3.36873e+06	0
3.36883e+06	0
3.36893e+06	0
3.36903e+06	0
3.36913e+06	0
3.36923e+06	0
3.36933e+06	0
3.36943e+06	0
3.36953e+06	0
3.36963e+06	0
3.36973e+06	0
3.36983e+06	0
3.36993e+06	0
3.37003e+06	0
3.37013e+06	0
3.37023e+06	0
3.37033e+06	0
3.37043e+06	0
3.37053e+06	0
3.37063e+06	0
3.37073e+06	0
3.37083e+06	0
3.37093e+06	0
3.37103e+06	0
3.37113e+06	0
3.37123e+06	0
3.37133e+06	0
3.37143e+06	0
3.37153e+06	0
3.37163e+06	0
3.37173e+06	0
3.37183e+06	0
3.37193e+06	0
3.37203e+06	0
3.37213e+06	0
3.37223e+06	0
3.37233e+06	0
3.37243e+06	0
3.37253e+06	0
3.37263e+06	0
3.37273e+06	0
3.37283e+06	0
3.37293e+06	0
3.37303e+06	0
3.37313e+06	0
3.37323e+06	0
3.37333e+06	0
3.37343e+06	0
3.37353e+06	0
3.37363e+06	0
3.37373e+06	0
3.37383e+06	0
3.37393e+06	0
3.37403e+06	0
3.37413e+06	0
3.37423e+06	0
3.37433e+06	0
3.37443e+06	0
3.37453e+06	0
3.37463e+06	0
3.37473e+06	0
3.37483e+06	0
3.37493e+06	0
3.37503e+06	0
3.37513e+06	0
3.37523e+06	0
3.37533e+06	0
3.37543e+06	0
3.37553e+06	0
3.37563e+06	0
3.37573e+06	0
3.37583e+06	0
3.37593e+06	0
3.37603e+06	0
3.37613e+06	0
3.37623e+06	0
3.37633e+06	0
3.37643e+06	0
3.37653e+06	0
3.37663e+06	0
3.37673e+06	0
3.37683e+06	0
3.37693e+06	0
3.37703e+06	0
3.37713e+06	0
3.37723e+06	0
3.37733e+06	0
3.37743e+06	0
3.37753e+06	0
3.37763e+06	0
3.37773e+06	0
3.37783e+06	0
3.37793e+06	0
3.37803e+06	0
3.37813e+06	0
3.37823e+06	0
3.37833e+06	0
3.37843e+06	0
3.37853e+06	0
3.37863e+06	0
3.37873e+06	0
3.37883e+06	0
3.37893e+06	0
3.37903e+06	0
3.37913e+06	0
3.37923e+06	0
3.37933e+06	0
3.37943e+06	0
3.37953e+06	0
3.37963e+06	0
3.37973e+06	0
3.37983e+06	0
3.37993e+06	0
3.38003e+06	0
3.38013e+06	0
3.38023e+06	0
3.38033e+06	0
3.38043e+06	0
3.38053e+06	0
3.38063e+06	0
3.38073e+06	0
3.38083e+06	0
3.38093e+06	0
3.38103e+06	0
3.38113e+06	0
3.38123e+06	0
3.38133e+06	0
3.38143e+06	0
3.38153e+06	0
3.38163e+06	0
3.38173e+06	0
3.38183e+06	0
3.38193e+06	0
3.38203e+06	0
3.38213e+06	0
3.38223e+06	0
3.38233e+06	0
3.38243e+06	0
3.38253e+06	0
3.38263e+06	0
3.38273e+06	0
3.38283e+06	0
3.38293e+06	0
3.38303e+06	0
3.38313e+06	0
3.38323e+06	0
3.38333e+06	0
3.38343e+06	0
3.38353e+06	0
3.38363e+06	0
3.38373e+06	0
3.38383e+06	0
3.38393e+06	0
3.38403e+06	0
3.38413e+06	0
3.38423e+06	0
3.38433e+06	0
3.38443e+06	0
3.38453e+06	0
3.38463e+06	0
3.38473e+06	0
3.38483e+06	0
3.38493e+06	0
3.38503e+06	0
3.38513e+06	0
3.38523e+06	0
3.38533e+06	0
3.38543e+06	0
3.38553e+06	0
3.38563e+06	0
3.38573e+06	0
3.38583e+06	0
3.38593e+06	0
3.38603e+06	0
3.38613e+06	0
3.38623e+06	0
3.38633e+06	0
3.38643e+06	0
3.38653e+06	0
3.38663e+06	0
3.38673e+06	0
3.38683e+06	0
3.38693e+06	0
3.38703e+06	0
3.38713e+06	0
3.38723e+06	0
3.38733e+06	0
3.38743e+06	0
3.38753e+06	0
3.38763e+06	0
3.38773e+06	0
3.38783e+06	0
3.38793e+06	0
3.38803e+06	0
3.38813e+06	0
3.38823e+06	0
3.38833e+06	0
3.38843e+06	0
3.38853e+06	0
3.38863e+06	0
3.38873e+06	0
3.38883e+06	0
3.38893e+06	0
3.38903e+06	0
3.38913e+06	0
3.38923e+06	0
3.38933e+06	0
3.38943e+06	0
3.38953e+06	0
3.38963e+06	0
3.38973e+06	0
3.38983e+06	0
3.38993e+06	0
3.39003e+06	0
3.39013e+06	0
3.39023e+06	0
3.39033e+06	0
3.39043e+06	0
3.39053e+06	0
3.39063e+06	0
3.39073e+06	0
3.39083e+06	0
3.39093e+06	0
3.39103e+06	0
3.39113e+06	0
3.39123e+06	0
3.39133e+06	0
3.39143e+06	0
3.39153e+06	0
3.39163e+06	0
3.39173e+06	0
3.39183e+06	0
3.39193e+06	0
3.39203e+06	0
3.39213e+06	0
3.39223e+06	0
3.39233e+06	0
3.39243e+06	0
3.39253e+06	0
3.39263e+06	0
3.39273e+06	0
3.39283e+06	0
3.39293e+06	0
3.39303e+06	0
3.39313e+06	0
3.39323e+06	0
3.39333e+06	0
3.39343e+06	0
3.39353e+06	0
3.39363e+06	0
3.39373e+06	0
3.39383e+06	0
3.39393e+06	0
3.39403e+06	0
3.39413e+06	0
3.39423e+06	0
3.39433e+06	0
3.39443e+06	0
3.39453e+06	0
3.39463e+06	0
3.39473e+06	0
3.39483e+06	0
3.39493e+06	0
3.39503e+06	0
3.39513e+06	0
3.39523e+06	0
3.39533e+06	0
3.39543e+06	0
3.39553e+06	0
3.39563e+06	0
3.39573e+06	0
3.39583e+06	0
3.39593e+06	0
3.39603e+06	0
3.39613e+06	0
3.39623e+06	0
3.39633e+06	0
3.39643e+06	0
3.39653e+06	0
3.39663e+06	0
3.39673e+06	0
3.39683e+06	0
3.39693e+06	0
3.39703e+06	0
3.39713e+06	0
3.39723e+06	0
3.39733e+06	0
3.39743e+06	0
3.39753e+06	0
3.39763e+06	0
3.39773e+06	0
3.39783e+06	0
3.39793e+06	0
3.39803e+06	0
3.39813e+06	0
3.39823e+06	0
3.39833e+06	0
3.39843e+06	0
3.39853e+06	0
3.39863e+06	0
3.39873e+06	0
3.39883e+06	0
3.39893e+06	0
3.39903e+06	0
3.39913e+06	0
3.39923e+06	0
3.39933e+06	0
3.39943e+06	0
3.39953e+06	0
3.39963e+06	0
3.39973e+06	0
3.39983e+06	0
3.39993e+06	0
3.40003e+06	0
3.40013e+06	0
3.40023e+06	0
3.40033e+06	0
3.40043e+06	0
3.40053e+06	0
3.40063e+06	0
3.40073e+06	0
3.40083e+06	0
3.40093e+06	0
3.40103e+06	0
3.40113e+06	0
3.40123e+06	0
3.40133e+06	0
3.40143e+06	0
3.40153e+06	0
3.40163e+06	0
3.40173e+06	0
3.40183e+06	0
3.40193e+06	0
3.40203e+06	0
3.40213e+06	0
3.40223e+06	0
3.40233e+06	0
3.40243e+06	0
3.40253e+06	0
3.40263e+06	0
3.40273e+06	0
3.40283e+06	0
3.40293e+06	0
3.40303e+06	0
3.40313e+06	0
3.40323e+06	0
3.40333e+06	0
3.40343e+06	0
3.40353e+06	0
3.40363e+06	0
3.40373e+06	0
3.40383e+06	0
3.40393e+06	0
3.40403e+06	0
3.40413e+06	0
3.40423e+06	0
3.40433e+06	0
3.40443e+06	0
3.40453e+06	0
3.40463e+06	0
3.40473e+06	0
3.40483e+06	0
3.40493e+06	0
3.40503e+06	0
3.40513e+06	0
3.40523e+06	0
3.40533e+06	0
3.40543e+06	0
3.40553e+06	0
3.40563e+06	0
3.40573e+06	0
3.40583e+06	0
3.40593e+06	0
3.40603e+06	0
3.40613e+06	0
3.40623e+06	0
3.40633e+06	0
3.40643e+06	0
3.40653e+06	0
3.40663e+06	0
3.40673e+06	0
3.40683e+06	0
3.40693e+06	0
3.40703e+06	0
3.40713e+06	0
3.40723e+06	0
3.40733e+06	0
3.40743e+06	0
3.40753e+06	0
3.40763e+06	0
3.40773e+06	0
3.40783e+06	0
3.40793e+06	0
3.40803e+06	0
3.40813e+06	0
3.40823e+06	0
3.40833e+06	0
3.40843e+06	0
3.40853e+06	0
3.40863e+06	0
3.40873e+06	0
3.40883e+06	0
3.40893e+06	0
3.40903e+06	0
3.40913e+06	0
3.40923e+06	0
3.40933e+06	0
3.40943e+06	0
3.40953e+06	0
3.40963e+06	0
3.40973e+06	0
3.40983e+06	0
3.40993e+06	0
3.41003e+06	0
3.41013e+06	0
3.41023e+06	0
3.41033e+06	0
3.41043e+06	0
3.41053e+06	0
3.41063e+06	0
3.41073e+06	0
3.41083e+06	0
3.41093e+06	0
3.41103e+06	0
3.41113e+06	0
3.41123e+06	0
3.41133e+06	0
3.41143e+06	0
3.41153e+06	0
3.41163e+06	0
3.41173e+06	0
3.41183e+06	0
3.41193e+06	0
3.41203e+06	0
3.41213e+06	0
3.41223e+06	0
3.41233e+06	0
3.41243e+06	0
3.41253e+06	0
3.41263e+06	0
3.41273e+06	0
3.41283e+06	0
3.41293e+06	0
3.41303e+06	0
3.41313e+06	0
3.41323e+06	0
3.41333e+06	0
3.41343e+06	0
3.41353e+06	0
3.41363e+06	0
3.41373e+06	0
3.41383e+06	0
3.41393e+06	0
3.41403e+06	0
3.41413e+06	0
3.41423e+06	0
3.41433e+06	0
3.41443e+06	0
3.41453e+06	0
3.41463e+06	0
3.41473e+06	0
3.41483e+06	0
3.41493e+06	0
3.41503e+06	0
3.41513e+06	0
3.41523e+06	0
3.41533e+06	0
3.41543e+06	0
3.41553e+06	0
3.41563e+06	0
3.41573e+06	0
3.41583e+06	0
3.41593e+06	0
3.41603e+06	0
3.41613e+06	0
3.41623e+06	0
3.41633e+06	0
3.41643e+06	0
3.41653e+06	0
3.41663e+06	0
3.41673e+06	0
3.41683e+06	0
3.41693e+06	0
3.41703e+06	0
3.41713e+06	0
3.41723e+06	0
3.41733e+06	0
3.41743e+06	0
3.41753e+06	0
3.41763e+06	0
3.41773e+06	0
3.41783e+06	0
3.41793e+06	0
3.41803e+06	0
3.41813e+06	0
3.41823e+06	0
3.41833e+06	0
3.41843e+06	0
3.41853e+06	0
3.41863e+06	0
3.41873e+06	0
3.41883e+06	0
3.41893e+06	0
3.41903e+06	0
3.41913e+06	0
3.41923e+06	0
3.41933e+06	0
3.41943e+06	0
3.41953e+06	0
3.41963e+06	0
3.41973e+06	0
3.41983e+06	0
3.41993e+06	0
3.42003e+06	0
3.42013e+06	0
3.42023e+06	0
3.42033e+06	0
3.42043e+06	0
3.42053e+06	0
3.42063e+06	0
3.42073e+06	0
3.42083e+06	0
3.42093e+06	0
3.42103e+06	0
3.42113e+06	0
3.42123e+06	0
3.42133e+06	0
3.42143e+06	0
3.42153e+06	0
3.42163e+06	0
3.42173e+06	0
3.42183e+06	0
3.42193e+06	0
3.42203e+06	0
3.42213e+06	0
3.42223e+06	0
3.42233e+06	0
3.42243e+06	0
3.42253e+06	0
3.42263e+06	0
3.42273e+06	0
3.42283e+06	0
3.42293e+06	0
3.42303e+06	0
3.42313e+06	0
3.42323e+06	0
3.42333e+06	0
3.42343e+06	0
3.42353e+06	0
3.42363e+06	0
3.42373e+06	0
3.42383e+06	0
3.42393e+06	0
3.42403e+06	0
3.42413e+06	0
3.42423e+06	0
3.42433e+06	0
3.42443e+06	0
3.42453e+06	0
3.42463e+06	0
3.42473e+06	0
3.42483e+06	0
3.42493e+06	0
3.42503e+06	0
3.42513e+06	0
3.42523e+06	0
3.42533e+06	0
3.42543e+06	0
3.42553e+06	0
3.42563e+06	0
3.42573e+06	0
3.42583e+06	0
3.42593e+06	0
3.42603e+06	0
3.42613e+06	0
3.42623e+06	0
3.42633e+06	0
3.42643e+06	0
3.42653e+06	0
3.42663e+06	0
3.42673e+06	0
3.42683e+06	0
3.42693e+06	0
3.42703e+06	0
3.42713e+06	0
3.42723e+06	0
3.42733e+06	0
3.42743e+06	0
3.42753e+06	0
3.42763e+06	0
3.42773e+06	0
3.42783e+06	0
3.42793e+06	0
3.42803e+06	0
3.42813e+06	0
3.42823e+06	0
3.42833e+06	0
3.42843e+06	0
3.42853e+06	0
3.42863e+06	0
3.42873e+06	0
3.42883e+06	0
3.42893e+06	0
3.42903e+06	0
3.42913e+06	0
3.42923e+06	0
3.42933e+06	0
3.42943e+06	0
3.42953e+06	0
3.42963e+06	0
3.42973e+06	0
3.42983e+06	0
3.42993e+06	0
3.43003e+06	0
3.43013e+06	0
3.43023e+06	0
3.43033e+06	0
3.43043e+06	0
3.43053e+06	0
3.43063e+06	0
3.43073e+06	0
3.43083e+06	0
3.43093e+06	0
3.43103e+06	0
3.43113e+06	0
3.43123e+06	0
3.43133e+06	0
3.43143e+06	0
3.43153e+06	0
3.43163e+06	0
3.43173e+06	0
3.43183e+06	0
3.43193e+06	0
3.43203e+06	0
3.43213e+06	0
3.43223e+06	0
3.43233e+06	0
3.43243e+06	0
3.43253e+06	0
3.43263e+06	0
3.43273e+06	0
3.43283e+06	0
3.43293e+06	0
3.43303e+06	0
3.43313e+06	0
3.43323e+06	0
3.43333e+06	0
3.43343e+06	0
3.43353e+06	0
3.43363e+06	0
3.43373e+06	0
3.43383e+06	0
3.43393e+06	0
3.43403e+06	0
3.43413e+06	0
3.43423e+06	0
3.43433e+06	0
3.43443e+06	0
3.43453e+06	0
3.43463e+06	0
3.43473e+06	0
3.43483e+06	0
3.43493e+06	0
3.43503e+06	0
3.43513e+06	0
3.43523e+06	0
3.43533e+06	0
3.43543e+06	0
3.43553e+06	0
3.43563e+06	0
3.43573e+06	0
3.43583e+06	0
3.43593e+06	0
3.43603e+06	0
3.43613e+06	0
3.43623e+06	0
3.43633e+06	0
3.43643e+06	0
3.43653e+06	0
3.43663e+06	0
3.43673e+06	0
3.43683e+06	0
3.43693e+06	0
3.43703e+06	0
3.43713e+06	0
3.43723e+06	0
3.43733e+06	0
3.43743e+06	0
3.43753e+06	0
3.43763e+06	0
3.43773e+06	0
3.43783e+06	0
3.43793e+06	0
3.43803e+06	0
3.43813e+06	0
3.43823e+06	0
3.43833e+06	0
3.43843e+06	0
3.43853e+06	0
3.43863e+06	0
3.43873e+06	0
3.43883e+06	0
3.43893e+06	0
3.43903e+06	0
3.43913e+06	0
3.43923e+06	0
3.43933e+06	0
3.43943e+06	0
3.43953e+06	0
3.43963e+06	0
3.43973e+06	0
3.43983e+06	0
3.43993e+06	0
3.44003e+06	0
3.44013e+06	0
3.44023e+06	0
3.44033e+06	0
3.44043e+06	0
3.44053e+06	0
3.44063e+06	0
3.44073e+06	0
3.44083e+06	0
3.44093e+06	0
3.44103e+06	0
3.44113e+06	0
3.44123e+06	0
3.44133e+06	0
3.44143e+06	0
3.44153e+06	0
3.44163e+06	0
3.44173e+06	0
3.44183e+06	0
3.44193e+06	0
3.44203e+06	0
3.44213e+06	0
3.44223e+06	0
3.44233e+06	0
3.44243e+06	0
3.44253e+06	0
3.44263e+06	0
3.44273e+06	0
3.44283e+06	0
3.44293e+06	0
3.44303e+06	0
3.44313e+06	0
3.44323e+06	0
3.44333e+06	0
3.44343e+06	0
3.44353e+06	0
3.44363e+06	0
3.44373e+06	0
3.44383e+06	0
3.44393e+06	0
3.44403e+06	0
3.44413e+06	0
3.44423e+06	0
3.44433e+06	0
3.44443e+06	0
3.44453e+06	0
3.44463e+06	0
3.44473e+06	0
3.44483e+06	0
3.44493e+06	0
3.44503e+06	0
3.44513e+06	0
3.44523e+06	0
3.44533e+06	0
3.44543e+06	0
3.44553e+06	0
3.44563e+06	0
3.44573e+06	0
3.44583e+06	0
3.44593e+06	0
3.44603e+06	0
3.44613e+06	0
3.44623e+06	0
3.44633e+06	0
3.44643e+06	0
3.44653e+06	0
3.44663e+06	0
3.44673e+06	0
3.44683e+06	0
3.44693e+06	0
3.44703e+06	0
3.44713e+06	0
3.44723e+06	0
3.44733e+06	0
3.44743e+06	0
3.44753e+06	0
3.44763e+06	0
3.44773e+06	0
3.44783e+06	0
3.44793e+06	0
3.44803e+06	0
3.44813e+06	0
3.44823e+06	0
3.44833e+06	0
3.44843e+06	0
3.44853e+06	0
3.44863e+06	0
3.44873e+06	0
3.44883e+06	0
3.44893e+06	0
3.44903e+06	0
3.44913e+06	0
3.44923e+06	0
3.44933e+06	0
3.44943e+06	0
3.44953e+06	0
3.44963e+06	0
3.44973e+06	0
3.44983e+06	0
3.44993e+06	0
3.45003e+06	0
3.45013e+06	0
3.45023e+06	0
3.45033e+06	0
3.45043e+06	0
3.45053e+06	0
3.45063e+06	0
3.45073e+06	0
3.45083e+06	0
3.45093e+06	0
3.45103e+06	0
3.45113e+06	0
3.45123e+06	0
3.45133e+06	0
3.45143e+06	0
3.45153e+06	0
3.45163e+06	0
3.45173e+06	0
3.45183e+06	0
3.45193e+06	0
3.45203e+06	0
3.45213e+06	0
3.45223e+06	0
3.45233e+06	0
3.45243e+06	0
3.45253e+06	0
3.45263e+06	0
3.45273e+06	0
3.45283e+06	0
3.45293e+06	0
3.45303e+06	0
3.45313e+06	0
3.45323e+06	0
3.45333e+06	0
3.45343e+06	0
3.45353e+06	0
3.45363e+06	0
3.45373e+06	0
3.45383e+06	0
3.45393e+06	0
3.45403e+06	0
3.45413e+06	0
3.45423e+06	0
3.45433e+06	0
3.45443e+06	0
3.45453e+06	0
3.45463e+06	0
3.45473e+06	0
3.45483e+06	0
3.45493e+06	0
3.45503e+06	0
3.45513e+06	0
3.45523e+06	0
3.45533e+06	0
3.45543e+06	0
3.45553e+06	0
3.45563e+06	0
3.45573e+06	0
3.45583e+06	0
3.45593e+06	0
3.45603e+06	0
3.45613e+06	0
3.45623e+06	0
3.45633e+06	0
3.45643e+06	0
3.45653e+06	0
3.45663e+06	0
3.45673e+06	0
3.45683e+06	0
3.45693e+06	0
3.45703e+06	0
3.45713e+06	0
3.45723e+06	0
3.45733e+06	0
3.45743e+06	0
3.45753e+06	0
3.45763e+06	0
3.45773e+06	0
3.45783e+06	0
3.45793e+06	0
3.45803e+06	0
3.45813e+06	0
3.45823e+06	0
3.45833e+06	0
3.45843e+06	0
3.45853e+06	0
3.45863e+06	0
3.45873e+06	0
3.45883e+06	0
3.45893e+06	0
3.45903e+06	0
3.45913e+06	0
3.45923e+06	0
3.45933e+06	0
3.45943e+06	0
3.45953e+06	0
3.45963e+06	0
3.45973e+06	0
3.45983e+06	0
3.45993e+06	0
3.46003e+06	0
3.46013e+06	0
3.46023e+06	0
3.46033e+06	0
3.46043e+06	0
3.46053e+06	0
3.46063e+06	0
3.46073e+06	0
3.46083e+06	0
3.46093e+06	0
3.46103e+06	0
3.46113e+06	0
3.46123e+06	0
3.46133e+06	0
3.46143e+06	0
3.46153e+06	0
3.46163e+06	0
3.46173e+06	0
3.46183e+06	0
3.46193e+06	0
3.46203e+06	0
3.46213e+06	0
3.46223e+06	0
3.46233e+06	0
3.46243e+06	0
3.46253e+06	0
3.46263e+06	0
3.46273e+06	0
3.46283e+06	0
3.46293e+06	0
3.46303e+06	0
3.46313e+06	0
3.46323e+06	0
3.46333e+06	0
3.46343e+06	0
3.46353e+06	0
3.46363e+06	0
3.46373e+06	0
3.46383e+06	0
3.46393e+06	0
3.46403e+06	0
3.46413e+06	0
3.46423e+06	0
3.46433e+06	0
3.46443e+06	0
3.46453e+06	0
3.46463e+06	0
3.46473e+06	0
3.46483e+06	0
3.46493e+06	0
3.46503e+06	0
3.46513e+06	0
3.46523e+06	0
3.46533e+06	0
3.46543e+06	0
3.46553e+06	0
3.46563e+06	0
3.46573e+06	0
3.46583e+06	0
3.46593e+06	0
3.46603e+06	0
3.46613e+06	0
3.46623e+06	0
3.46633e+06	0
3.46643e+06	0
3.46653e+06	0
3.46663e+06	0
3.46673e+06	0
3.46683e+06	0
3.46693e+06	0
3.46703e+06	0
3.46713e+06	0
3.46723e+06	0
3.46733e+06	0
3.46743e+06	0
3.46753e+06	0
3.46763e+06	0
3.46773e+06	0
3.46783e+06	0
3.46793e+06	0
3.46803e+06	0
3.46813e+06	0
3.46823e+06	0
3.46833e+06	0
3.46843e+06	0
3.46853e+06	0
3.46863e+06	0
3.46873e+06	0
3.46883e+06	0
3.46893e+06	0
3.46903e+06	0
3.46913e+06	0
3.46923e+06	0
3.46933e+06	0
3.46943e+06	0
3.46953e+06	0
3.46963e+06	0
3.46973e+06	0
3.46983e+06	0
3.46993e+06	0
3.47003e+06	0
3.47013e+06	0
3.47023e+06	0
3.47033e+06	0
3.47043e+06	0
3.47053e+06	0
3.47063e+06	0
3.47073e+06	0
3.47083e+06	0
3.47093e+06	0
3.47103e+06	0
3.47113e+06	0
3.47123e+06	0
3.47133e+06	0
3.47143e+06	0
3.47153e+06	0
3.47163e+06	0
3.47173e+06	0
3.47183e+06	0
3.47193e+06	0
3.47203e+06	0
3.47213e+06	0
3.47223e+06	0
3.47233e+06	0
3.47243e+06	0
3.47253e+06	0
3.47263e+06	0
3.47273e+06	0
3.47283e+06	0
3.47293e+06	0
3.47303e+06	0
3.47313e+06	0
3.47323e+06	0
3.47333e+06	0
3.47343e+06	0
3.47353e+06	0
3.47363e+06	0
3.47373e+06	0
3.47383e+06	0
3.47393e+06	0
3.47403e+06	0
3.47413e+06	0
3.47423e+06	0
3.47433e+06	0
3.47443e+06	0
3.47453e+06	0
3.47463e+06	0
3.47473e+06	0
3.47483e+06	0
3.47493e+06	0
3.47503e+06	0
3.47513e+06	0
3.47523e+06	0
3.47533e+06	0
3.47543e+06	0
3.47553e+06	0
3.47563e+06	0
3.47573e+06	0
3.47583e+06	0
3.47593e+06	0
3.47603e+06	0
3.47613e+06	0
3.47623e+06	0
3.47633e+06	0
3.47643e+06	0
3.47653e+06	0
3.47663e+06	0
3.47673e+06	0
3.47683e+06	0
3.47693e+06	0
3.47703e+06	0
3.47713e+06	0
3.47723e+06	0
3.47733e+06	0
3.47743e+06	0
3.47753e+06	0
3.47763e+06	0
3.47773e+06	0
3.47783e+06	0
3.47793e+06	0
3.47803e+06	0
3.47813e+06	0
3.47823e+06	0
3.47833e+06	0
3.47843e+06	0
3.47853e+06	0
3.47863e+06	0
3.47873e+06	0
3.47883e+06	0
3.47893e+06	0
3.47903e+06	0
3.47913e+06	0
3.47923e+06	0
3.47933e+06	0
3.47943e+06	0
3.47953e+06	0
3.47963e+06	0
3.47973e+06	0
3.47983e+06	0
3.47993e+06	0
3.48003e+06	0
3.48013e+06	0
3.48023e+06	0
3.48033e+06	0
3.48043e+06	0
3.48053e+06	0
3.48063e+06	0
3.48073e+06	0
3.48083e+06	0
3.48093e+06	0
3.48103e+06	0
3.48113e+06	0
3.48123e+06	0
3.48133e+06	0
3.48143e+06	0
3.48153e+06	0
3.48163e+06	0
3.48173e+06	0
3.48183e+06	0
3.48193e+06	0
3.48203e+06	0
3.48213e+06	0
3.48223e+06	0
3.48233e+06	0
3.48243e+06	0
3.48253e+06	0
3.48263e+06	0
3.48273e+06	0
3.48283e+06	0
3.48293e+06	0
3.48303e+06	0
3.48313e+06	0
3.48323e+06	0
3.48333e+06	0
3.48343e+06	0
3.48353e+06	0
3.48363e+06	0
3.48373e+06	0
3.48383e+06	0
3.48393e+06	0
3.48403e+06	0
3.48413e+06	0
3.48423e+06	0
3.48433e+06	0
3.48443e+06	0
3.48453e+06	0
3.48463e+06	0
3.48473e+06	0
3.48483e+06	0
3.48493e+06	0
3.48503e+06	0
3.48513e+06	0
3.48523e+06	0
3.48533e+06	0
3.48543e+06	0
3.48553e+06	0
3.48563e+06	0
3.48573e+06	0
3.48583e+06	0
3.48593e+06	0
3.48603e+06	0
3.48613e+06	0
3.48623e+06	0
3.48633e+06	0
3.48643e+06	0
3.48653e+06	0
3.48663e+06	0
3.48673e+06	0
3.48683e+06	0
3.48693e+06	0
3.48703e+06	0
3.48713e+06	0
3.48723e+06	0
3.48733e+06	0
3.48743e+06	0
3.48753e+06	0
3.48763e+06	0
3.48773e+06	0
3.48783e+06	0
3.48793e+06	0
3.48803e+06	0
3.48813e+06	0
3.48823e+06	0
3.48833e+06	0
3.48843e+06	0
3.48853e+06	0
3.48863e+06	0
3.48873e+06	0
3.48883e+06	0
3.48893e+06	0
3.48903e+06	0
3.48913e+06	0
3.48923e+06	0
3.48933e+06	0
3.48943e+06	0
3.48953e+06	0
3.48963e+06	0
3.48973e+06	0
3.48983e+06	0
3.48993e+06	0
3.49003e+06	0
3.49013e+06	0
3.49023e+06	0
3.49033e+06	0
3.49043e+06	0
3.49053e+06	0
3.49063e+06	0
3.49073e+06	0
3.49083e+06	0
3.49093e+06	0
3.49103e+06	0
3.49113e+06	0
3.49123e+06	0
3.49133e+06	0
3.49143e+06	0
3.49153e+06	0
3.49163e+06	0
3.49173e+06	0
3.49183e+06	0
3.49193e+06	0
3.49203e+06	0
3.49213e+06	0
3.49223e+06	0
3.49233e+06	0
3.49243e+06	0
3.49253e+06	0
3.49263e+06	0
3.49273e+06	0
3.49283e+06	0
3.49293e+06	0
3.49303e+06	0
3.49313e+06	0
3.49323e+06	0
3.49333e+06	0
3.49343e+06	0
3.49353e+06	0
3.49363e+06	0
3.49373e+06	0
3.49383e+06	0
3.49393e+06	0
3.49403e+06	0
3.49413e+06	0
3.49423e+06	0
3.49433e+06	0
3.49443e+06	0
3.49453e+06	0
3.49463e+06	0
3.49473e+06	0
3.49483e+06	0
3.49493e+06	0
3.49503e+06	0
3.49513e+06	0
3.49523e+06	0
3.49533e+06	0
3.49543e+06	0
3.49553e+06	0
3.49563e+06	0
3.49573e+06	0
3.49583e+06	0
3.49593e+06	0
3.49603e+06	0
3.49613e+06	0
3.49623e+06	0
3.49633e+06	0
3.49643e+06	0
3.49653e+06	0
3.49663e+06	0
3.49673e+06	0
3.49683e+06	0
3.49693e+06	0
3.49703e+06	0
3.49713e+06	0
3.49723e+06	0
3.49733e+06	0
3.49743e+06	0
3.49753e+06	0
3.49763e+06	0
3.49773e+06	0
3.49783e+06	0
3.49793e+06	0
3.49803e+06	0
3.49813e+06	0
3.49823e+06	0
3.49833e+06	0
3.49843e+06	0
3.49853e+06	0
3.49863e+06	0
3.49873e+06	0
3.49883e+06	0
3.49893e+06	0
3.49903e+06	0
3.49913e+06	0
3.49923e+06	0
3.49933e+06	0
3.49943e+06	0
3.49953e+06	0
3.49963e+06	0
3.49973e+06	0
3.49983e+06	0
3.49993e+06	0
3.50003e+06	0
3.50013e+06	0
3.50023e+06	0
3.50033e+06	0
3.50043e+06	0
3.50053e+06	0
3.50063e+06	0
3.50073e+06	0
3.50083e+06	0
3.50093e+06	0
3.50103e+06	0
3.50113e+06	0
3.50123e+06	0
3.50133e+06	0
3.50143e+06	0
3.50153e+06	0
3.50163e+06	0
3.50173e+06	0
3.50183e+06	0
3.50193e+06	0
3.50203e+06	0
3.50213e+06	0
3.50223e+06	0
3.50233e+06	0
3.50243e+06	0
3.50253e+06	0
3.50263e+06	0
3.50273e+06	0
3.50283e+06	0
3.50293e+06	0
3.50303e+06	0
3.50313e+06	0
3.50323e+06	0
3.50333e+06	0
3.50343e+06	0
3.50353e+06	0
3.50363e+06	0
3.50373e+06	0
3.50383e+06	0
3.50393e+06	0
3.50403e+06	0
3.50413e+06	0
3.50423e+06	0
3.50433e+06	0
3.50443e+06	0
3.50453e+06	0
3.50463e+06	0
3.50473e+06	0
3.50483e+06	0
3.50493e+06	0
3.50503e+06	0
3.50513e+06	0
3.50523e+06	0
3.50533e+06	0
3.50543e+06	0
3.50553e+06	0
3.50563e+06	0
3.50573e+06	0
3.50583e+06	0
3.50593e+06	0
3.50603e+06	0
3.50613e+06	0
3.50623e+06	0
3.50633e+06	0
3.50643e+06	0
3.50653e+06	0
3.50663e+06	0
3.50673e+06	0
3.50683e+06	0
3.50693e+06	0
3.50703e+06	0
3.50713e+06	0
3.50723e+06	0
3.50733e+06	0
3.50743e+06	0
3.50753e+06	0
3.50763e+06	0
3.50773e+06	0
3.50783e+06	0
3.50793e+06	0
3.50803e+06	0
3.50813e+06	0
3.50823e+06	0
3.50833e+06	0
3.50843e+06	0
3.50853e+06	0
3.50863e+06	0
3.50873e+06	0
3.50883e+06	0
3.50893e+06	0
3.50903e+06	0
3.50913e+06	0
3.50923e+06	0
3.50933e+06	0
3.50943e+06	0
3.50953e+06	0
3.50963e+06	0
3.50973e+06	0
3.50983e+06	0
3.50993e+06	0
3.51003e+06	0
3.51013e+06	0
3.51023e+06	0
3.51033e+06	0
3.51043e+06	0
3.51053e+06	0
3.51063e+06	0
3.51073e+06	0
3.51083e+06	0
3.51093e+06	0
3.51103e+06	0
3.51113e+06	0
3.51123e+06	0
3.51133e+06	0
3.51143e+06	0
3.51153e+06	0
3.51163e+06	0
3.51173e+06	0
3.51183e+06	0
3.51193e+06	0
3.51203e+06	0
3.51213e+06	0
3.51223e+06	0
3.51233e+06	0
3.51243e+06	0
3.51253e+06	0
3.51263e+06	0
3.51273e+06	0
3.51283e+06	0
3.51293e+06	0
3.51303e+06	0
3.51313e+06	0
3.51323e+06	0
3.51333e+06	0
3.51343e+06	0
3.51353e+06	0
3.51363e+06	0
3.51373e+06	0
3.51383e+06	0
3.51393e+06	0
3.51403e+06	0
3.51413e+06	0
3.51423e+06	0
3.51433e+06	0
3.51443e+06	0
3.51453e+06	0
3.51463e+06	0
3.51473e+06	0
3.51483e+06	0
3.51493e+06	0
3.51503e+06	0
3.51513e+06	0
3.51523e+06	0
3.51533e+06	0
3.51543e+06	0
3.51553e+06	0
3.51563e+06	0
3.51573e+06	0
3.51583e+06	0
3.51593e+06	0
3.51603e+06	0
3.51613e+06	0
3.51623e+06	0
3.51633e+06	0
3.51643e+06	0
3.51653e+06	0
3.51663e+06	0
3.51673e+06	0
3.51683e+06	0
3.51693e+06	0
3.51703e+06	0
3.51713e+06	0
3.51723e+06	0
3.51733e+06	0
3.51743e+06	0
3.51753e+06	0
3.51763e+06	0
3.51773e+06	0
3.51783e+06	0
3.51793e+06	0
3.51803e+06	0
3.51813e+06	0
3.51823e+06	0
3.51833e+06	0
3.51843e+06	0
3.51853e+06	0
3.51863e+06	0
3.51873e+06	0
3.51883e+06	0
3.51893e+06	0
3.51903e+06	0
3.51913e+06	0
3.51923e+06	0
3.51933e+06	0
3.51943e+06	0
3.51953e+06	0
3.51963e+06	0
3.51973e+06	0
3.51983e+06	0
3.51993e+06	0
3.52003e+06	0
3.52013e+06	0
3.52023e+06	0
3.52033e+06	0
3.52043e+06	0
3.52053e+06	0
3.52063e+06	0
3.52073e+06	0
3.52083e+06	0
3.52093e+06	0
3.52103e+06	0
3.52113e+06	0
3.52123e+06	0
3.52133e+06	0
3.52143e+06	0
3.52153e+06	0
3.52163e+06	0
3.52173e+06	0
3.52183e+06	0
3.52193e+06	0
3.52203e+06	0
3.52213e+06	0
3.52223e+06	0
3.52233e+06	0
3.52243e+06	0
3.52253e+06	0
3.52263e+06	0
3.52273e+06	0
3.52283e+06	0
3.52293e+06	0
3.52303e+06	0
3.52313e+06	0
3.52323e+06	0
3.52333e+06	0
3.52343e+06	0
3.52353e+06	0
3.52363e+06	0
3.52373e+06	0
3.52383e+06	0
3.52393e+06	0
3.52403e+06	0
3.52413e+06	0
3.52423e+06	0
3.52433e+06	0
3.52443e+06	0
3.52453e+06	0
3.52463e+06	0
3.52473e+06	0
3.52483e+06	0
3.52493e+06	0
3.52503e+06	0
3.52513e+06	0
3.52523e+06	0
3.52533e+06	0
3.52543e+06	0
3.52553e+06	0
3.52563e+06	0
3.52573e+06	0
3.52583e+06	0
3.52593e+06	0
3.52603e+06	0
3.52613e+06	0
3.52623e+06	0
3.52633e+06	0
3.52643e+06	0
3.52653e+06	0
3.52663e+06	0
3.52673e+06	0
3.52683e+06	0
3.52693e+06	0
3.52703e+06	0
3.52713e+06	0
3.52723e+06	0
3.52733e+06	0
3.52743e+06	0
3.52753e+06	0
3.52763e+06	0
3.52773e+06	0
3.52783e+06	0
3.52793e+06	0
3.52803e+06	0
3.52813e+06	0
3.52823e+06	0
3.52833e+06	0
3.52843e+06	0
3.52853e+06	0
3.52863e+06	0
3.52873e+06	0
3.52883e+06	0
3.52893e+06	0
3.52903e+06	0
3.52913e+06	0
3.52923e+06	0
3.52933e+06	0
3.52943e+06	0
3.52953e+06	0
3.52963e+06	0
3.52973e+06	0
3.52983e+06	0
3.52993e+06	0
3.53003e+06	0
3.53013e+06	0
3.53023e+06	0
3.53033e+06	0
3.53043e+06	0
3.53053e+06	0
3.53063e+06	0
3.53073e+06	0
3.53083e+06	0
3.53093e+06	0
3.53103e+06	0
3.53113e+06	0
3.53123e+06	0
3.53133e+06	0
3.53143e+06	0
3.53153e+06	0
3.53163e+06	0
3.53173e+06	0
3.53183e+06	0
3.53193e+06	0
3.53203e+06	0
3.53213e+06	0
3.53223e+06	0
3.53233e+06	0
3.53243e+06	0
3.53253e+06	0
3.53263e+06	0
3.53273e+06	0
3.53283e+06	0
3.53293e+06	0
3.53303e+06	0
3.53313e+06	0
3.53323e+06	0
3.53333e+06	0
3.53343e+06	0
3.53353e+06	0
3.53363e+06	0
3.53373e+06	0
3.53383e+06	0
3.53393e+06	0
3.53403e+06	0
3.53413e+06	0
3.53423e+06	0
3.53433e+06	0
3.53443e+06	0
3.53453e+06	0
3.53463e+06	0
3.53473e+06	0
3.53483e+06	0
3.53493e+06	0
3.53503e+06	0
3.53513e+06	0
3.53523e+06	0
3.53533e+06	0
3.53543e+06	0
3.53553e+06	0
3.53563e+06	0
3.53573e+06	0
3.53583e+06	0
3.53593e+06	0
3.53603e+06	0
3.53613e+06	0
3.53623e+06	0
3.53633e+06	0
3.53643e+06	0
3.53653e+06	0
3.53663e+06	0
3.53673e+06	0
3.53683e+06	0
3.53693e+06	0
3.53703e+06	0
3.53713e+06	0
3.53723e+06	0
3.53733e+06	0
3.53743e+06	0
3.53753e+06	0
3.53763e+06	0
3.53773e+06	0
3.53783e+06	0
3.53793e+06	0
3.53803e+06	0
3.53813e+06	0
3.53823e+06	0
3.53833e+06	0
3.53843e+06	0
3.53853e+06	0
3.53863e+06	0
3.53873e+06	0
3.53883e+06	0
3.53893e+06	0
3.53903e+06	0
3.53913e+06	0
3.53923e+06	0
3.53933e+06	0
3.53943e+06	0
3.53953e+06	0
3.53963e+06	0
3.53973e+06	0
3.53983e+06	0
3.53993e+06	0
3.54003e+06	0
3.54013e+06	0
3.54023e+06	0
3.54033e+06	0
3.54043e+06	0
3.54053e+06	0
3.54063e+06	0
3.54073e+06	0
3.54083e+06	0
3.54093e+06	0
3.54103e+06	0
3.54113e+06	0
3.54123e+06	0
3.54133e+06	0
3.54143e+06	0
3.54153e+06	0
3.54163e+06	0
3.54173e+06	0
3.54183e+06	0
3.54193e+06	0
3.54203e+06	0
3.54213e+06	0
3.54223e+06	0
3.54233e+06	0
3.54243e+06	0
3.54253e+06	0
3.54263e+06	0
3.54273e+06	0
3.54283e+06	0
3.54293e+06	0
3.54303e+06	0
3.54313e+06	0
3.54323e+06	0
3.54333e+06	0
3.54343e+06	0
3.54353e+06	0
3.54363e+06	0
3.54373e+06	0
3.54383e+06	0
3.54393e+06	0
3.54403e+06	0
3.54413e+06	0
3.54423e+06	0
3.54433e+06	0
3.54443e+06	0
3.54453e+06	0
3.54463e+06	0
3.54473e+06	0
3.54483e+06	0
3.54493e+06	0
3.54503e+06	0
3.54513e+06	0
3.54523e+06	0
3.54533e+06	0
3.54543e+06	0
3.54553e+06	0
3.54563e+06	0
3.54573e+06	0
3.54583e+06	0
3.54593e+06	0
3.54603e+06	0
3.54613e+06	0
3.54623e+06	0
3.54633e+06	0
3.54643e+06	0
3.54653e+06	0
3.54663e+06	0
3.54673e+06	0
3.54683e+06	0
3.54693e+06	0
3.54703e+06	0
3.54713e+06	0
3.54723e+06	0
3.54733e+06	0
3.54743e+06	0
3.54753e+06	0
3.54763e+06	0
3.54773e+06	0
3.54783e+06	0
3.54793e+06	0
3.54803e+06	0
3.54813e+06	0
3.54823e+06	0
3.54833e+06	0
3.54843e+06	0
3.54853e+06	0
3.54863e+06	0
3.54873e+06	0
3.54883e+06	0
3.54893e+06	0
3.54903e+06	0
3.54913e+06	0
3.54923e+06	0
3.54933e+06	0
3.54943e+06	0
3.54953e+06	0
3.54963e+06	0
3.54973e+06	0
3.54983e+06	0
3.54993e+06	0
3.55003e+06	0
3.55013e+06	0
3.55023e+06	0
3.55033e+06	0
3.55043e+06	0
3.55053e+06	0
3.55063e+06	0
3.55073e+06	0
3.55083e+06	0
3.55093e+06	0
3.55103e+06	0
3.55113e+06	0
3.55123e+06	0
3.55133e+06	0
3.55143e+06	0
3.55153e+06	0
3.55163e+06	0
3.55173e+06	0
3.55183e+06	0
3.55193e+06	0
3.55203e+06	0
3.55213e+06	0
3.55223e+06	0
3.55233e+06	0
3.55243e+06	0
3.55253e+06	0
3.55263e+06	0
3.55273e+06	0
3.55283e+06	0
3.55293e+06	0
3.55303e+06	0
3.55313e+06	0
3.55323e+06	0
3.55333e+06	0
3.55343e+06	0
3.55353e+06	0
3.55363e+06	0
3.55373e+06	0
3.55383e+06	0
3.55393e+06	0
3.55403e+06	0
3.55413e+06	0
3.55423e+06	0
3.55433e+06	0
3.55443e+06	0
3.55453e+06	0
3.55463e+06	0
3.55473e+06	0
3.55483e+06	0
3.55493e+06	0
3.55503e+06	0
3.55513e+06	0
3.55523e+06	0
3.55533e+06	0
3.55543e+06	0
3.55553e+06	0
3.55563e+06	0
3.55573e+06	0
3.55583e+06	0
3.55593e+06	0
3.55603e+06	0
3.55613e+06	0
3.55623e+06	0
3.55633e+06	0
3.55643e+06	0
3.55653e+06	0
3.55663e+06	0
3.55673e+06	0
3.55683e+06	0
3.55693e+06	0
3.55703e+06	0
3.55713e+06	0
3.55723e+06	0
3.55733e+06	0
3.55743e+06	0
3.55753e+06	0
3.55763e+06	0
3.55773e+06	0
3.55783e+06	0
3.55793e+06	0
3.55803e+06	0
3.55813e+06	0
3.55823e+06	0
3.55833e+06	0
3.55843e+06	0
3.55853e+06	0
3.55863e+06	0
3.55873e+06	0
3.55883e+06	0
3.55893e+06	0
3.55903e+06	0
3.55913e+06	0
3.55923e+06	0
3.55933e+06	0
3.55943e+06	0
3.55953e+06	0
3.55963e+06	0
3.55973e+06	0
3.55983e+06	0
3.55993e+06	0
3.56003e+06	0
3.56013e+06	0
3.56023e+06	0
3.56033e+06	0
3.56043e+06	0
3.56053e+06	0
3.56063e+06	0
3.56073e+06	0
3.56083e+06	0
3.56093e+06	0
3.56103e+06	0
3.56113e+06	0
3.56123e+06	0
3.56133e+06	0
3.56143e+06	0
3.56153e+06	0
3.56163e+06	0
3.56173e+06	0
3.56183e+06	0
3.56193e+06	0
3.56203e+06	0
3.56213e+06	0
3.56223e+06	0
3.56233e+06	0
3.56243e+06	0
3.56253e+06	0
3.56263e+06	0
3.56273e+06	0
3.56283e+06	0
3.56293e+06	0
3.56303e+06	0
3.56313e+06	0
3.56323e+06	0
3.56333e+06	0
3.56343e+06	0
3.56353e+06	0
3.56363e+06	0
3.56373e+06	0
3.56383e+06	0
3.56393e+06	0
3.56403e+06	0
3.56413e+06	0
3.56423e+06	0
3.56433e+06	0
3.56443e+06	0
3.56453e+06	0
3.56463e+06	0
3.56473e+06	0
3.56483e+06	0
3.56493e+06	0
3.56503e+06	0
3.56513e+06	0
3.56523e+06	0
3.56533e+06	0
3.56543e+06	0
3.56553e+06	0
3.56563e+06	0
3.56573e+06	0
3.56583e+06	0
3.56593e+06	0
3.56603e+06	0
3.56613e+06	0
3.56623e+06	0
3.56633e+06	0
3.56643e+06	0
3.56653e+06	0
3.56663e+06	0
3.56673e+06	0
3.56683e+06	0
3.56693e+06	0
3.56703e+06	0
3.56713e+06	0
3.56723e+06	0
3.56733e+06	0
3.56743e+06	0
3.56753e+06	0
3.56763e+06	0
3.56773e+06	0
3.56783e+06	0
3.56793e+06	0
3.56803e+06	0
3.56813e+06	0
3.56823e+06	0
3.56833e+06	0
3.56843e+06	0
3.56853e+06	0
3.56863e+06	0
3.56873e+06	0
3.56883e+06	0
3.56893e+06	0
3.56903e+06	0
3.56913e+06	0
3.56923e+06	0
3.56933e+06	0
3.56943e+06	0
3.56953e+06	0
3.56963e+06	0
3.56973e+06	0
3.56983e+06	0
3.56993e+06	0
3.57003e+06	0
3.57013e+06	0
3.57023e+06	0
3.57033e+06	0
3.57043e+06	0
3.57053e+06	0
3.57063e+06	0
3.57073e+06	0
3.57083e+06	0
3.57093e+06	0
3.57103e+06	0
3.57113e+06	0
3.57123e+06	0
3.57133e+06	0
3.57143e+06	0
3.57153e+06	0
3.57163e+06	0
3.57173e+06	0
3.57183e+06	0
3.57193e+06	0
3.57203e+06	0
3.57213e+06	0
3.57223e+06	0
3.57233e+06	0
3.57243e+06	0
3.57253e+06	0
3.57263e+06	0
3.57273e+06	0
3.57283e+06	0
3.57293e+06	0
3.57303e+06	0
3.57313e+06	0
3.57323e+06	0
3.57333e+06	0
3.57343e+06	0
3.57353e+06	0
3.57363e+06	0
3.57373e+06	0
3.57383e+06	0
3.57393e+06	0
3.57403e+06	0
3.57413e+06	0
3.57423e+06	0
3.57433e+06	0
3.57443e+06	0
3.57453e+06	0
3.57463e+06	0
3.57473e+06	0
3.57483e+06	0
3.57493e+06	0
3.57503e+06	0
3.57513e+06	0
3.57523e+06	0
3.57533e+06	0
3.57543e+06	0
3.57553e+06	0
3.57563e+06	0
3.57573e+06	0
3.57583e+06	0
3.57593e+06	0
3.57603e+06	0
3.57613e+06	0
3.57623e+06	0
3.57633e+06	0
3.57643e+06	0
3.57653e+06	0
3.57663e+06	0
3.57673e+06	0
3.57683e+06	0
3.57693e+06	0
3.57703e+06	0
3.57713e+06	0
3.57723e+06	0
3.57733e+06	0
3.57743e+06	0
3.57753e+06	0
3.57763e+06	0
3.57773e+06	0
3.57783e+06	0
3.57793e+06	0
3.57803e+06	0
3.57813e+06	0
3.57823e+06	0
3.57833e+06	0
3.57843e+06	0
3.57853e+06	0
3.57863e+06	0
3.57873e+06	0
3.57883e+06	0
3.57893e+06	0
3.57903e+06	0
3.57913e+06	0
3.57923e+06	0
3.57933e+06	0
3.57943e+06	0
3.57953e+06	0
3.57963e+06	0
3.57973e+06	0
3.57983e+06	0
3.57993e+06	0
3.58003e+06	0
3.58013e+06	0
3.58023e+06	0
3.58033e+06	0
3.58043e+06	0
3.58053e+06	0
3.58063e+06	0
3.58073e+06	0
3.58083e+06	0
3.58093e+06	0
3.58103e+06	0
3.58113e+06	0
3.58123e+06	0
3.58133e+06	0
3.58143e+06	0
3.58153e+06	0
3.58163e+06	0
3.58173e+06	0
3.58183e+06	0
3.58193e+06	0
3.58203e+06	0
3.58213e+06	0
3.58223e+06	0
3.58233e+06	0
3.58243e+06	0
3.58253e+06	0
3.58263e+06	0
3.58273e+06	0
3.58283e+06	0
3.58293e+06	0
3.58303e+06	0
3.58313e+06	0
3.58323e+06	0
3.58333e+06	0
3.58343e+06	0
3.58353e+06	0
3.58363e+06	0
3.58373e+06	0
3.58383e+06	0
3.58393e+06	0
3.58403e+06	0
3.58413e+06	0
3.58423e+06	0
3.58433e+06	0
3.58443e+06	0
3.58453e+06	0
3.58463e+06	0
3.58473e+06	0
3.58483e+06	0
3.58493e+06	0
3.58503e+06	0
3.58513e+06	0
3.58523e+06	0
3.58533e+06	0
3.58543e+06	0
3.58553e+06	0
3.58563e+06	0
3.58573e+06	0
3.58583e+06	0
3.58593e+06	0
3.58603e+06	0
3.58613e+06	0
3.58623e+06	0
3.58633e+06	0
3.58643e+06	0
3.58653e+06	0
3.58663e+06	0
3.58673e+06	0
3.58683e+06	0
3.58693e+06	0
3.58703e+06	0
3.58713e+06	0
3.58723e+06	0
3.58733e+06	0
3.58743e+06	0
3.58753e+06	0
3.58763e+06	0
3.58773e+06	0
3.58783e+06	0
3.58793e+06	0
3.58803e+06	0
3.58813e+06	0
3.58823e+06	0
3.58833e+06	0
3.58843e+06	0
3.58853e+06	0
3.58863e+06	0
3.58873e+06	0
3.58883e+06	0
3.58893e+06	0
3.58903e+06	0
3.58913e+06	0
3.58923e+06	0
3.58933e+06	0
3.58943e+06	0
3.58953e+06	0
3.58963e+06	0
3.58973e+06	0
3.58983e+06	0
3.58993e+06	0
3.59003e+06	0
3.59013e+06	0
3.59023e+06	0
3.59033e+06	0
3.59043e+06	0
3.59053e+06	0
3.59063e+06	0
3.59073e+06	0
3.59083e+06	0
3.59093e+06	0
3.59103e+06	0
3.59113e+06	0
3.59123e+06	0
3.59133e+06	0
3.59143e+06	0
3.59153e+06	0
3.59163e+06	0
3.59173e+06	0
3.59183e+06	0
3.59193e+06	0
3.59203e+06	0
3.59213e+06	0
3.59223e+06	0
3.59233e+06	0
3.59243e+06	0
3.59253e+06	0
3.59263e+06	0
3.59273e+06	0
3.59283e+06	0
3.59293e+06	0
3.59303e+06	0
3.59313e+06	0
3.59323e+06	0
3.59333e+06	0
3.59343e+06	0
3.59353e+06	0
3.59363e+06	0
3.59373e+06	0
3.59383e+06	0
3.59393e+06	0
3.59403e+06	0
3.59413e+06	0
3.59423e+06	0
3.59433e+06	0
3.59443e+06	0
3.59453e+06	0
3.59463e+06	0
3.59473e+06	0
3.59483e+06	0
3.59493e+06	0
3.59503e+06	0
3.59513e+06	0
3.59523e+06	0
3.59533e+06	0
3.59543e+06	0
3.59553e+06	0
3.59563e+06	0
3.59573e+06	0
3.59583e+06	0
3.59593e+06	0
3.59603e+06	0
3.59613e+06	0
3.59623e+06	0
3.59633e+06	0
3.59643e+06	0
3.59653e+06	0
3.59663e+06	0
3.59673e+06	0
3.59683e+06	0
3.59693e+06	0
3.59703e+06	0
3.59713e+06	0
3.59723e+06	0
3.59733e+06	0
3.59743e+06	0
3.59753e+06	0
3.59763e+06	0
3.59773e+06	0
3.59783e+06	0
3.59793e+06	0
3.59803e+06	0
3.59813e+06	0
3.59823e+06	0
3.59833e+06	0
3.59843e+06	0
3.59853e+06	0
3.59863e+06	0
3.59873e+06	0
3.59883e+06	0
3.59893e+06	0
3.59903e+06	0
3.59913e+06	0
3.59923e+06	0
3.59933e+06	0
3.59943e+06	0
3.59953e+06	0
3.59963e+06	0
3.59973e+06	0
3.59983e+06	0
3.59993e+06	0
3.60003e+06	0
3.60013e+06	0
3.60023e+06	0
3.60033e+06	0
3.60043e+06	0
3.60053e+06	0
3.60063e+06	0
3.60073e+06	0
3.60083e+06	0
3.60093e+06	0
3.60103e+06	0
3.60113e+06	0
3.60123e+06	0
3.60133e+06	0
3.60143e+06	0
3.60153e+06	0
3.60163e+06	0
3.60173e+06	0
3.60183e+06	0
3.60193e+06	0
3.60203e+06	0
3.60213e+06	0
3.60223e+06	0
3.60233e+06	0
3.60243e+06	0
3.60253e+06	0
3.60263e+06	0
3.60273e+06	0
3.60283e+06	0
3.60293e+06	0
3.60303e+06	0
3.60313e+06	0
3.60323e+06	0
3.60333e+06	0
3.60343e+06	0
3.60353e+06	0
3.60363e+06	0
3.60373e+06	0
3.60383e+06	0
3.60393e+06	0
3.60403e+06	0
3.60413e+06	0
3.60423e+06	0
3.60433e+06	0
3.60443e+06	0
3.60453e+06	0
3.60463e+06	0
3.60473e+06	0
3.60483e+06	0
3.60493e+06	0
3.60503e+06	0
3.60513e+06	0
3.60523e+06	0
3.60533e+06	0
3.60543e+06	0
3.60553e+06	0
3.60563e+06	0
3.60573e+06	0
3.60583e+06	0
3.60593e+06	0
3.60603e+06	0
3.60613e+06	0
3.60623e+06	0
3.60633e+06	0
3.60643e+06	0
3.60653e+06	0
3.60663e+06	0
3.60673e+06	0
3.60683e+06	0
3.60693e+06	0
3.60703e+06	0
3.60713e+06	0
3.60723e+06	0
3.60733e+06	0
3.60743e+06	0
3.60753e+06	0
3.60763e+06	0
3.60773e+06	0
3.60783e+06	0
3.60793e+06	0
3.60803e+06	0
3.60813e+06	0
3.60823e+06	0
3.60833e+06	0
3.60843e+06	0
3.60853e+06	0
3.60863e+06	0
3.60873e+06	0
3.60883e+06	0
3.60893e+06	0
3.60903e+06	0
3.60913e+06	0
3.60923e+06	0
3.60933e+06	0
3.60943e+06	0
3.60953e+06	0
3.60963e+06	0
3.60973e+06	0
3.60983e+06	0
3.60993e+06	0
3.61003e+06	0
3.61013e+06	0
3.61023e+06	0
3.61033e+06	0
3.61043e+06	0
3.61053e+06	0
3.61063e+06	0
3.61073e+06	0
3.61083e+06	0
3.61093e+06	0
3.61103e+06	0
3.61113e+06	0
3.61123e+06	0
3.61133e+06	0
3.61143e+06	0
3.61153e+06	0
3.61163e+06	0
3.61173e+06	0
3.61183e+06	0
3.61193e+06	0
3.61203e+06	0
3.61213e+06	0
3.61223e+06	0
3.61233e+06	0
3.61243e+06	0
3.61253e+06	0
3.61263e+06	0
3.61273e+06	0
3.61283e+06	0
3.61293e+06	0
3.61303e+06	0
3.61313e+06	0
3.61323e+06	0
3.61333e+06	0
3.61343e+06	0
3.61353e+06	0
3.61363e+06	0
3.61373e+06	0
3.61383e+06	0
3.61393e+06	0
3.61403e+06	0
3.61413e+06	0
3.61423e+06	0
3.61433e+06	0
3.61443e+06	0
3.61453e+06	0
3.61463e+06	0
3.61473e+06	0
3.61483e+06	0
3.61493e+06	0
3.61503e+06	0
3.61513e+06	0
3.61523e+06	0
3.61533e+06	0
3.61543e+06	0
3.61553e+06	0
3.61563e+06	0
3.61573e+06	0
3.61583e+06	0
3.61593e+06	0
3.61603e+06	0
3.61613e+06	0
3.61623e+06	0
3.61633e+06	0
3.61643e+06	0
3.61653e+06	0
3.61663e+06	0
3.61673e+06	0
3.61683e+06	0
3.61693e+06	0
3.61703e+06	0
3.61713e+06	0
3.61723e+06	0
3.61733e+06	0
3.61743e+06	0
3.61753e+06	0
3.61763e+06	0
3.61773e+06	0
3.61783e+06	0
3.61793e+06	0
3.61803e+06	0
3.61813e+06	0
3.61823e+06	0
3.61833e+06	0
3.61843e+06	0
3.61853e+06	0
3.61863e+06	0
3.61873e+06	0
3.61883e+06	0
3.61893e+06	0
3.61903e+06	0
3.61913e+06	0
3.61923e+06	0
3.61933e+06	0
3.61943e+06	0
3.61953e+06	0
3.61963e+06	0
3.61973e+06	0
3.61983e+06	0
3.61993e+06	0
3.62003e+06	0
3.62013e+06	0
3.62023e+06	0
3.62033e+06	0
3.62043e+06	0
3.62053e+06	0
3.62063e+06	0
3.62073e+06	0
3.62083e+06	0
3.62093e+06	0
3.62103e+06	0
3.62113e+06	0
3.62123e+06	0
3.62133e+06	0
3.62143e+06	0
3.62153e+06	0
3.62163e+06	0
3.62173e+06	0
3.62183e+06	0
3.62193e+06	0
3.62203e+06	0
3.62213e+06	0
3.62223e+06	0
3.62233e+06	0
3.62243e+06	0
3.62253e+06	0
3.62263e+06	0
3.62273e+06	0
3.62283e+06	0
3.62293e+06	0
3.62303e+06	0
3.62313e+06	0
3.62323e+06	0
3.62333e+06	0
3.62343e+06	0
3.62353e+06	0
3.62363e+06	0
3.62373e+06	0
3.62383e+06	0
3.62393e+06	0
3.62403e+06	0
3.62413e+06	0
3.62423e+06	0
3.62433e+06	0
3.62443e+06	0
3.62453e+06	0
3.62463e+06	0
3.62473e+06	0
3.62483e+06	0
3.62493e+06	0
3.62503e+06	0
3.62513e+06	0
3.62523e+06	0
3.62533e+06	0
3.62543e+06	0
3.62553e+06	0
3.62563e+06	0
3.62573e+06	0
3.62583e+06	0
3.62593e+06	0
3.62603e+06	0
3.62613e+06	0
3.62623e+06	0
3.62633e+06	0
3.62643e+06	0
3.62653e+06	0
3.62663e+06	0
3.62673e+06	0
3.62683e+06	0
3.62693e+06	0
3.62703e+06	0
3.62713e+06	0
3.62723e+06	0
3.62733e+06	0
3.62743e+06	0
3.62753e+06	0
3.62763e+06	0
3.62773e+06	0
3.62783e+06	0
3.62793e+06	0
3.62803e+06	0
3.62813e+06	0
3.62823e+06	0
3.62833e+06	0
3.62843e+06	0
3.62853e+06	0
3.62863e+06	0
3.62873e+06	0
3.62883e+06	0
3.62893e+06	0
3.62903e+06	0
3.62913e+06	0
3.62923e+06	0
3.62933e+06	0
3.62943e+06	0
3.62953e+06	0
3.62963e+06	0
3.62973e+06	0
3.62983e+06	0
3.62993e+06	0
3.63003e+06	0
3.63013e+06	0
3.63023e+06	0
3.63033e+06	0
3.63043e+06	0
3.63053e+06	0
3.63063e+06	0
3.63073e+06	0
3.63083e+06	0
3.63093e+06	0
3.63103e+06	0
3.63113e+06	0
3.63123e+06	0
3.63133e+06	0
3.63143e+06	0
3.63153e+06	0
3.63163e+06	0
3.63173e+06	0
3.63183e+06	0
3.63193e+06	0
3.63203e+06	0
3.63213e+06	0
3.63223e+06	0
3.63233e+06	0
3.63243e+06	0
3.63253e+06	0
3.63263e+06	0
3.63273e+06	0
3.63283e+06	0
3.63293e+06	0
3.63303e+06	0
3.63313e+06	0
3.63323e+06	0
3.63333e+06	0
3.63343e+06	0
3.63353e+06	0
3.63363e+06	0
3.63373e+06	0
3.63383e+06	0
3.63393e+06	0
3.63403e+06	0
3.63413e+06	0
3.63423e+06	0
3.63433e+06	0
3.63443e+06	0
3.63453e+06	0
3.63463e+06	0
3.63473e+06	0
3.63483e+06	0
3.63493e+06	0
3.63503e+06	0
3.63513e+06	0
3.63523e+06	0
3.63533e+06	0
3.63543e+06	0
3.63553e+06	0
3.63563e+06	0
3.63573e+06	0
3.63583e+06	0
3.63593e+06	0
3.63603e+06	0
3.63613e+06	0
3.63623e+06	0
3.63633e+06	0
3.63643e+06	0
3.63653e+06	0
3.63663e+06	0
3.63673e+06	0
3.63683e+06	0
3.63693e+06	0
3.63703e+06	0
3.63713e+06	0
3.63723e+06	0
3.63733e+06	0
3.63743e+06	0
3.63753e+06	0
3.63763e+06	0
3.63773e+06	0
3.63783e+06	0
3.63793e+06	0
3.63803e+06	0
3.63813e+06	0
3.63823e+06	0
3.63833e+06	0
3.63843e+06	0
3.63853e+06	0
3.63863e+06	0
3.63873e+06	0
3.63883e+06	0
3.63893e+06	0
3.63903e+06	0
3.63913e+06	0
3.63923e+06	0
3.63933e+06	0
3.63943e+06	0
3.63953e+06	0
3.63963e+06	0
3.63973e+06	0
3.63983e+06	0
3.63993e+06	0
3.64003e+06	0
3.64013e+06	0
3.64023e+06	0
3.64033e+06	0
3.64043e+06	0
3.64053e+06	0
3.64063e+06	0
3.64073e+06	0
3.64083e+06	0
3.64093e+06	0
3.64103e+06	0
3.64113e+06	0
3.64123e+06	0
3.64133e+06	0
3.64143e+06	0
3.64153e+06	0
3.64163e+06	0
3.64173e+06	0
3.64183e+06	0
3.64193e+06	0
3.64203e+06	0
3.64213e+06	0
3.64223e+06	0
3.64233e+06	0
3.64243e+06	0
3.64253e+06	0
3.64263e+06	0
3.64273e+06	0
3.64283e+06	0
3.64293e+06	0
3.64303e+06	0
3.64313e+06	0
3.64323e+06	0
3.64333e+06	0
3.64343e+06	0
3.64353e+06	0
3.64363e+06	0
3.64373e+06	0
3.64383e+06	0
3.64393e+06	0
3.64403e+06	0
3.64413e+06	0
3.64423e+06	0
3.64433e+06	0
3.64443e+06	0
3.64453e+06	0
3.64463e+06	0
3.64473e+06	0
3.64483e+06	0
3.64493e+06	0
3.64503e+06	0
3.64513e+06	0
3.64523e+06	0
3.64533e+06	0
3.64543e+06	0
3.64553e+06	0
3.64563e+06	0
3.64573e+06	0
3.64583e+06	0
3.64593e+06	0
3.64603e+06	0
3.64613e+06	0
3.64623e+06	0
3.64633e+06	0
3.64643e+06	0
3.64653e+06	0
3.64663e+06	0
3.64673e+06	0
3.64683e+06	0
3.64693e+06	0
3.64703e+06	0
3.64713e+06	0
3.64723e+06	0
3.64733e+06	0
3.64743e+06	0
3.64753e+06	0
3.64763e+06	0
3.64773e+06	0
3.64783e+06	0
3.64793e+06	0
3.64803e+06	0
3.64813e+06	0
3.64823e+06	0
3.64833e+06	0
3.64843e+06	0
3.64853e+06	0
3.64863e+06	0
3.64873e+06	0
3.64883e+06	0
3.64893e+06	0
3.64903e+06	0
3.64913e+06	0
3.64923e+06	0
3.64933e+06	0
3.64943e+06	0
3.64953e+06	0
3.64963e+06	0
3.64973e+06	0
3.64983e+06	0
3.64993e+06	0
3.65003e+06	0
3.65013e+06	0
3.65023e+06	0
3.65033e+06	0
3.65043e+06	0
3.65053e+06	0
3.65063e+06	0
3.65073e+06	0
3.65083e+06	0
3.65093e+06	0
3.65103e+06	0
3.65113e+06	0
3.65123e+06	0
3.65133e+06	0
3.65143e+06	0
3.65153e+06	0
3.65163e+06	0
3.65173e+06	0
3.65183e+06	0
3.65193e+06	0
3.65203e+06	0
3.65213e+06	0
3.65223e+06	0
3.65233e+06	0
3.65243e+06	0
3.65253e+06	0
3.65263e+06	0
3.65273e+06	0
3.65283e+06	0
3.65293e+06	0
3.65303e+06	0
3.65313e+06	0
3.65323e+06	0
3.65333e+06	0
3.65343e+06	0
3.65353e+06	0
3.65363e+06	0
3.65373e+06	0
3.65383e+06	0
3.65393e+06	0
3.65403e+06	0
3.65413e+06	0
3.65423e+06	0
3.65433e+06	0
3.65443e+06	0
3.65453e+06	0
3.65463e+06	0
3.65473e+06	0
3.65483e+06	0
3.65493e+06	0
3.65503e+06	0
3.65513e+06	0
3.65523e+06	0
3.65533e+06	0
3.65543e+06	0
3.65553e+06	0
3.65563e+06	0
3.65573e+06	0
3.65583e+06	0
3.65593e+06	0
3.65603e+06	0
3.65613e+06	0
3.65623e+06	0
3.65633e+06	0
3.65643e+06	0
3.65653e+06	0
3.65663e+06	0
3.65673e+06	0
3.65683e+06	0
3.65693e+06	0
3.65703e+06	0
3.65713e+06	0
3.65723e+06	0
3.65733e+06	0
3.65743e+06	0
3.65753e+06	0
3.65763e+06	0
3.65773e+06	0
3.65783e+06	0
3.65793e+06	0
3.65803e+06	0
3.65813e+06	0
3.65823e+06	0
3.65833e+06	0
3.65843e+06	0
3.65853e+06	0
3.65863e+06	0
3.65873e+06	0
3.65883e+06	0
3.65893e+06	0
3.65903e+06	0
3.65913e+06	0
3.65923e+06	0
3.65933e+06	0
3.65943e+06	0
3.65953e+06	0
3.65963e+06	0
3.65973e+06	0
3.65983e+06	0
3.65993e+06	0
3.66003e+06	0
3.66013e+06	0
3.66023e+06	0
3.66033e+06	0
3.66043e+06	0
3.66053e+06	0
3.66063e+06	0
3.66073e+06	0
3.66083e+06	0
3.66093e+06	0
3.66103e+06	0
3.66113e+06	0
3.66123e+06	0
3.66133e+06	0
3.66143e+06	0
3.66153e+06	0
3.66163e+06	0
3.66173e+06	0
3.66183e+06	0
3.66193e+06	0
3.66203e+06	0
3.66213e+06	0
3.66223e+06	0
3.66233e+06	0
3.66243e+06	0
3.66253e+06	0
3.66263e+06	0
3.66273e+06	0
3.66283e+06	0
3.66293e+06	0
3.66303e+06	0
3.66313e+06	0
3.66323e+06	0
3.66333e+06	0
3.66343e+06	0
3.66353e+06	0
3.66363e+06	0
3.66373e+06	0
3.66383e+06	0
3.66393e+06	0
3.66403e+06	0
3.66413e+06	0
3.66423e+06	0
3.66433e+06	0
3.66443e+06	0
3.66453e+06	0
3.66463e+06	0
3.66473e+06	0
3.66483e+06	0
3.66493e+06	0
3.66503e+06	0
3.66513e+06	0
3.66523e+06	0
3.66533e+06	0
3.66543e+06	0
3.66553e+06	0
3.66563e+06	0
3.66573e+06	0
3.66583e+06	0
3.66593e+06	0
3.66603e+06	0
3.66613e+06	0
3.66623e+06	0
3.66633e+06	0
3.66643e+06	0
3.66653e+06	0
3.66663e+06	0
3.66673e+06	0
3.66683e+06	0
3.66693e+06	0
3.66703e+06	0
3.66713e+06	0
3.66723e+06	0
3.66733e+06	0
3.66743e+06	0
3.66753e+06	0
3.66763e+06	0
3.66773e+06	0
3.66783e+06	0
3.66793e+06	0
3.66803e+06	0
3.66813e+06	0
3.66823e+06	0
3.66833e+06	0
3.66843e+06	0
3.66853e+06	0
3.66863e+06	0
3.66873e+06	0
3.66883e+06	0
3.66893e+06	0
3.66903e+06	0
3.66913e+06	0
3.66923e+06	0
3.66933e+06	0
3.66943e+06	0
3.66953e+06	0
3.66963e+06	0
3.66973e+06	0
3.66983e+06	0
3.66993e+06	0
3.67003e+06	0
3.67013e+06	0
3.67023e+06	0
3.67033e+06	0
3.67043e+06	0
3.67053e+06	0
3.67063e+06	0
3.67073e+06	0
3.67083e+06	0
3.67093e+06	0
3.67103e+06	0
3.67113e+06	0
3.67123e+06	0
3.67133e+06	0
3.67143e+06	0
3.67153e+06	0
3.67163e+06	0
3.67173e+06	0
3.67183e+06	0
3.67193e+06	0
3.67203e+06	0
3.67213e+06	0
3.67223e+06	0
3.67233e+06	0
3.67243e+06	0
3.67253e+06	0
3.67263e+06	0
3.67273e+06	0
3.67283e+06	0
3.67293e+06	0
3.67303e+06	0
3.67313e+06	0
3.67323e+06	0
3.67333e+06	0
3.67343e+06	0
3.67353e+06	0
3.67363e+06	0
3.67373e+06	0
3.67383e+06	0
3.67393e+06	0
3.67403e+06	0
3.67413e+06	0
3.67423e+06	0
3.67433e+06	0
3.67443e+06	0
3.67453e+06	0
3.67463e+06	0
3.67473e+06	0
3.67483e+06	0
3.67493e+06	0
3.67503e+06	0
3.67513e+06	0
3.67523e+06	0
3.67533e+06	0
3.67543e+06	0
3.67553e+06	0
3.67563e+06	0
3.67573e+06	0
3.67583e+06	0
3.67593e+06	0
3.67603e+06	0
3.67613e+06	0
3.67623e+06	0
3.67633e+06	0
3.67643e+06	0
3.67653e+06	0
3.67663e+06	0
3.67673e+06	0
3.67683e+06	0
3.67693e+06	0
3.67703e+06	0
3.67713e+06	0
3.67723e+06	0
3.67733e+06	0
3.67743e+06	0
3.67753e+06	0
3.67763e+06	0
3.67773e+06	0
3.67783e+06	0
3.67793e+06	0
3.67803e+06	0
3.67813e+06	0
3.67823e+06	0
3.67833e+06	0
3.67843e+06	0
3.67853e+06	0
3.67863e+06	0
3.67873e+06	0
3.67883e+06	0
3.67893e+06	0
3.67903e+06	0
3.67913e+06	0
3.67923e+06	0
3.67933e+06	0
3.67943e+06	0
3.67953e+06	0
3.67963e+06	0
3.67973e+06	0
3.67983e+06	0
3.67993e+06	0
3.68003e+06	0
3.68013e+06	0
3.68023e+06	0
3.68033e+06	0
3.68043e+06	0
3.68053e+06	0
3.68063e+06	0
3.68073e+06	0
3.68083e+06	0
3.68093e+06	0
3.68103e+06	0
3.68113e+06	0
3.68123e+06	0
3.68133e+06	0
3.68143e+06	0
3.68153e+06	0
3.68163e+06	0
3.68173e+06	0
3.68183e+06	0
3.68193e+06	0
3.68203e+06	0
3.68213e+06	0
3.68223e+06	0
3.68233e+06	0
3.68243e+06	0
3.68253e+06	0
3.68263e+06	0
3.68273e+06	0
3.68283e+06	0
3.68293e+06	0
3.68303e+06	0
3.68313e+06	0
3.68323e+06	0
3.68333e+06	0
3.68343e+06	0
3.68353e+06	0
3.68363e+06	0
3.68373e+06	0
3.68383e+06	0
3.68393e+06	0
3.68403e+06	0
3.68413e+06	0
3.68423e+06	0
3.68433e+06	0
3.68443e+06	0
3.68453e+06	0
3.68463e+06	0
3.68473e+06	0
3.68483e+06	0
3.68493e+06	0
3.68503e+06	0
3.68513e+06	0
3.68523e+06	0
3.68533e+06	0
3.68543e+06	0
3.68553e+06	0
3.68563e+06	0
3.68573e+06	0
3.68583e+06	0
3.68593e+06	0
3.68603e+06	0
3.68613e+06	0
3.68623e+06	0
3.68633e+06	0
3.68643e+06	0
3.68653e+06	0
3.68663e+06	0
3.68673e+06	0
3.68683e+06	0
3.68693e+06	0
3.68703e+06	0
3.68713e+06	0
3.68723e+06	0
3.68733e+06	0
3.68743e+06	0
3.68753e+06	0
3.68763e+06	0
3.68773e+06	0
3.68783e+06	0
3.68793e+06	0
3.68803e+06	0
3.68813e+06	0
3.68823e+06	0
3.68833e+06	0
3.68843e+06	0
3.68853e+06	0
3.68863e+06	0
3.68873e+06	0
3.68883e+06	0
3.68893e+06	0
3.68903e+06	0
3.68913e+06	0
3.68923e+06	0
3.68933e+06	0
3.68943e+06	0
3.68953e+06	0
3.68963e+06	0
3.68973e+06	0
3.68983e+06	0
3.68993e+06	0
3.69003e+06	0
3.69013e+06	0
3.69023e+06	0
3.69033e+06	0
3.69043e+06	0
3.69053e+06	0
3.69063e+06	0
3.69073e+06	0
3.69083e+06	0
3.69093e+06	0
3.69103e+06	0
3.69113e+06	0
3.69123e+06	0
3.69133e+06	0
3.69143e+06	0
3.69153e+06	0
3.69163e+06	0
3.69173e+06	0
3.69183e+06	0
3.69193e+06	0
3.69203e+06	0
3.69213e+06	0
3.69223e+06	0
3.69233e+06	0
3.69243e+06	0
3.69253e+06	0
3.69263e+06	0
3.69273e+06	0
3.69283e+06	0
3.69293e+06	0
3.69303e+06	0
3.69313e+06	0
3.69323e+06	0
3.69333e+06	0
3.69343e+06	0
3.69353e+06	0
3.69363e+06	0
3.69373e+06	0
3.69383e+06	0
3.69393e+06	0
3.69403e+06	0
3.69413e+06	0
3.69423e+06	0
3.69433e+06	0
3.69443e+06	0
3.69453e+06	0
3.69463e+06	0
3.69473e+06	0
3.69483e+06	0
3.69493e+06	0
3.69503e+06	0
3.69513e+06	0
3.69523e+06	0
3.69533e+06	0
3.69543e+06	0
3.69553e+06	0
3.69563e+06	0
3.69573e+06	0
3.69583e+06	0
3.69593e+06	0
3.69603e+06	0
3.69613e+06	0
3.69623e+06	0
3.69633e+06	0
3.69643e+06	0
3.69653e+06	0
3.69663e+06	0
3.69673e+06	0
3.69683e+06	0
3.69693e+06	0
3.69703e+06	0
3.69713e+06	0
3.69723e+06	0
3.69733e+06	0
3.69743e+06	0
3.69753e+06	0
3.69763e+06	0
3.69773e+06	0
3.69783e+06	0
3.69793e+06	0
3.69803e+06	0
3.69813e+06	0
3.69823e+06	0
3.69833e+06	0
3.69843e+06	0
3.69853e+06	0
3.69863e+06	0
3.69873e+06	0
3.69883e+06	0
3.69893e+06	0
3.69903e+06	0
3.69913e+06	0
3.69923e+06	0
3.69933e+06	0
3.69943e+06	0
3.69953e+06	0
3.69963e+06	0
3.69973e+06	0
3.69983e+06	0
3.69993e+06	0
3.70003e+06	0
3.70013e+06	0
3.70023e+06	0
3.70033e+06	0
3.70043e+06	0
3.70053e+06	0
3.70063e+06	0
3.70073e+06	0
3.70083e+06	0
3.70093e+06	0
3.70103e+06	0
3.70113e+06	0
3.70123e+06	0
3.70133e+06	0
3.70143e+06	0
3.70153e+06	0
3.70163e+06	0
3.70173e+06	0
3.70183e+06	0
3.70193e+06	0
3.70203e+06	0
3.70213e+06	0
3.70223e+06	0
3.70233e+06	0
3.70243e+06	0
3.70253e+06	0
3.70263e+06	0
3.70273e+06	0
3.70283e+06	0
3.70293e+06	0
3.70303e+06	0
3.70313e+06	0
3.70323e+06	0
3.70333e+06	0
3.70343e+06	0
3.70353e+06	0
3.70363e+06	0
3.70373e+06	0
3.70383e+06	0
3.70393e+06	0
3.70403e+06	0
3.70413e+06	0
3.70423e+06	0
3.70433e+06	0
3.70443e+06	0
3.70453e+06	0
3.70463e+06	0
3.70473e+06	0
3.70483e+06	0
3.70493e+06	0
3.70503e+06	0
3.70513e+06	0
3.70523e+06	0
3.70533e+06	0
3.70543e+06	0
3.70553e+06	0
3.70563e+06	0
3.70573e+06	0
3.70583e+06	0
3.70593e+06	0
3.70603e+06	0
3.70613e+06	0
3.70623e+06	0
3.70633e+06	0
3.70643e+06	0
3.70653e+06	0
3.70663e+06	0
3.70673e+06	0
3.70683e+06	0
3.70693e+06	0
3.70703e+06	0
3.70713e+06	0
3.70723e+06	0
3.70733e+06	0
3.70743e+06	0
3.70753e+06	0
3.70763e+06	0
3.70773e+06	0
3.70783e+06	0
3.70793e+06	0
3.70803e+06	0
3.70813e+06	0
3.70823e+06	0
3.70833e+06	0
3.70843e+06	0
3.70853e+06	0
3.70863e+06	0
3.70873e+06	0
3.70883e+06	0
3.70893e+06	0
3.70903e+06	0
3.70913e+06	0
3.70923e+06	0
3.70933e+06	0
3.70943e+06	0
3.70953e+06	0
3.70963e+06	0
3.70973e+06	0
3.70983e+06	0
3.70993e+06	0
3.71003e+06	0
3.71013e+06	0
3.71023e+06	0
3.71033e+06	0
3.71043e+06	0
3.71053e+06	0
3.71063e+06	0
3.71073e+06	0
3.71083e+06	0
3.71093e+06	0
3.71103e+06	0
3.71113e+06	0
3.71123e+06	0
3.71133e+06	0
3.71143e+06	0
3.71153e+06	0
3.71163e+06	0
3.71173e+06	0
3.71183e+06	0
3.71193e+06	0
3.71203e+06	0
3.71213e+06	0
3.71223e+06	0
3.71233e+06	0
3.71243e+06	0
3.71253e+06	0
3.71263e+06	0
3.71273e+06	0
3.71283e+06	0
3.71293e+06	0
3.71303e+06	0
3.71313e+06	0
3.71323e+06	0
3.71333e+06	0
3.71343e+06	0
3.71353e+06	0
3.71363e+06	0
3.71373e+06	0
3.71383e+06	0
3.71393e+06	0
3.71403e+06	0
3.71413e+06	0
3.71423e+06	0
3.71433e+06	0
3.71443e+06	0
3.71453e+06	0
3.71463e+06	0
3.71473e+06	0
3.71483e+06	0
3.71493e+06	0
3.71503e+06	0
3.71513e+06	0
3.71523e+06	0
3.71533e+06	0
3.71543e+06	0
3.71553e+06	0
3.71563e+06	0
3.71573e+06	0
3.71583e+06	0
3.71593e+06	0
3.71603e+06	0
3.71613e+06	0
3.71623e+06	0
3.71633e+06	0
3.71643e+06	0
3.71653e+06	0
3.71663e+06	0
3.71673e+06	0
3.71683e+06	0
3.71693e+06	0
3.71703e+06	0
3.71713e+06	0
3.71723e+06	0
3.71733e+06	0
3.71743e+06	0
3.71753e+06	0
3.71763e+06	0
3.71773e+06	0
3.71783e+06	0
3.71793e+06	0
3.71803e+06	0
3.71813e+06	0
3.71823e+06	0
3.71833e+06	0
3.71843e+06	0
3.71853e+06	0
3.71863e+06	0
3.71873e+06	0
3.71883e+06	0
3.71893e+06	0
3.71903e+06	0
3.71913e+06	0
3.71923e+06	0
3.71933e+06	0
3.71943e+06	0
3.71953e+06	0
3.71963e+06	0
3.71973e+06	0
3.71983e+06	0
3.71993e+06	0
3.72003e+06	0
3.72013e+06	0
3.72023e+06	0
3.72033e+06	0
3.72043e+06	0
3.72053e+06	0
3.72063e+06	0
3.72073e+06	0
3.72083e+06	0
3.72093e+06	0
3.72103e+06	0
3.72113e+06	0
3.72123e+06	0
3.72133e+06	0
3.72143e+06	0
3.72153e+06	0
3.72163e+06	0
3.72173e+06	0
3.72183e+06	0
3.72193e+06	0
3.72203e+06	0
3.72213e+06	0
3.72223e+06	0
3.72233e+06	0
3.72243e+06	0
3.72253e+06	0
3.72263e+06	0
3.72273e+06	0
3.72283e+06	0
3.72293e+06	0
3.72303e+06	0
3.72313e+06	0
3.72323e+06	0
3.72333e+06	0
3.72343e+06	0
3.72353e+06	0
3.72363e+06	0
3.72373e+06	0
3.72383e+06	0
3.72393e+06	0
3.72403e+06	0
3.72413e+06	0
3.72423e+06	0
3.72433e+06	0
3.72443e+06	0
3.72453e+06	0
3.72463e+06	0
3.72473e+06	0
3.72483e+06	0
3.72493e+06	0
3.72503e+06	0
3.72513e+06	0
3.72523e+06	0
3.72533e+06	0
3.72543e+06	0
3.72553e+06	0
3.72563e+06	0
3.72573e+06	0
3.72583e+06	0
3.72593e+06	0
3.72603e+06	0
3.72613e+06	0
3.72623e+06	0
3.72633e+06	0
3.72643e+06	0
3.72653e+06	0
3.72663e+06	0
3.72673e+06	0
3.72683e+06	0
3.72693e+06	0
3.72703e+06	0
3.72713e+06	0
3.72723e+06	0
3.72733e+06	0
3.72743e+06	0
3.72753e+06	0
3.72763e+06	0
3.72773e+06	0
3.72783e+06	0
3.72793e+06	0
3.72803e+06	0
3.72813e+06	0
3.72823e+06	0
3.72833e+06	0
3.72843e+06	0
3.72853e+06	0
3.72863e+06	0
3.72873e+06	0
3.72883e+06	0
3.72893e+06	0
3.72903e+06	0
3.72913e+06	0
3.72923e+06	0
3.72933e+06	0
3.72943e+06	0
3.72953e+06	0
3.72963e+06	0
3.72973e+06	0
3.72983e+06	0
3.72993e+06	0
3.73003e+06	0
3.73013e+06	0
3.73023e+06	0
3.73033e+06	0
3.73043e+06	0
3.73053e+06	0
3.73063e+06	0
3.73073e+06	0
3.73083e+06	0
3.73093e+06	0
3.73103e+06	0
3.73113e+06	0
3.73123e+06	0
3.73133e+06	0
3.73143e+06	0
3.73153e+06	0
3.73163e+06	0
3.73173e+06	0
3.73183e+06	0
3.73193e+06	0
3.73203e+06	0
3.73213e+06	0
3.73223e+06	0
3.73233e+06	0
3.73243e+06	0
3.73253e+06	0
3.73263e+06	0
3.73273e+06	0
3.73283e+06	0
3.73293e+06	0
3.73303e+06	0
3.73313e+06	0
3.73323e+06	0
3.73333e+06	0
3.73343e+06	0
3.73353e+06	0
3.73363e+06	0
3.73373e+06	0
3.73383e+06	0
3.73393e+06	0
3.73403e+06	0
3.73413e+06	0
3.73423e+06	0
3.73433e+06	0
3.73443e+06	0
3.73453e+06	0
3.73463e+06	0
3.73473e+06	0
3.73483e+06	0
3.73493e+06	0
3.73503e+06	0
3.73513e+06	0
3.73523e+06	0
3.73533e+06	0
3.73543e+06	0
3.73553e+06	0
3.73563e+06	0
3.73573e+06	0
3.73583e+06	0
3.73593e+06	0
3.73603e+06	0
3.73613e+06	0
3.73623e+06	0
3.73633e+06	0
3.73643e+06	0
3.73653e+06	0
3.73663e+06	0
3.73673e+06	0
3.73683e+06	0
3.73693e+06	0
3.73703e+06	0
3.73713e+06	0
3.73723e+06	0
3.73733e+06	0
3.73743e+06	0
3.73753e+06	0
3.73763e+06	0
3.73773e+06	0
3.73783e+06	0
3.73793e+06	0
3.73803e+06	0
3.73813e+06	0
3.73823e+06	0
3.73833e+06	0
3.73843e+06	0
3.73853e+06	0
3.73863e+06	0
3.73873e+06	0
3.73883e+06	0
3.73893e+06	0
3.73903e+06	0
3.73913e+06	0
3.73923e+06	0
3.73933e+06	0
3.73943e+06	0
3.73953e+06	0
3.73963e+06	0
3.73973e+06	0
3.73983e+06	0
3.73993e+06	0
3.74003e+06	0
3.74013e+06	0
3.74023e+06	0
3.74033e+06	0
3.74043e+06	0
3.74053e+06	0
3.74063e+06	0
3.74073e+06	0
3.74083e+06	0
3.74093e+06	0
3.74103e+06	0
3.74113e+06	0
3.74123e+06	0
3.74133e+06	0
3.74143e+06	0
3.74153e+06	0
3.74163e+06	0
3.74173e+06	0
3.74183e+06	0
3.74193e+06	0
3.74203e+06	0
3.74213e+06	0
3.74223e+06	0
3.74233e+06	0
3.74243e+06	0
3.74253e+06	0
3.74263e+06	0
3.74273e+06	0
3.74283e+06	0
3.74293e+06	0
3.74303e+06	0
3.74313e+06	0
3.74323e+06	0
3.74333e+06	0
3.74343e+06	0
3.74353e+06	0
3.74363e+06	0
3.74373e+06	0
3.74383e+06	0
3.74393e+06	0
3.74403e+06	0
3.74413e+06	0
3.74423e+06	0
3.74433e+06	0
3.74443e+06	0
3.74453e+06	0
3.74463e+06	0
3.74473e+06	0
3.74483e+06	0
3.74493e+06	0
3.74503e+06	0
3.74513e+06	0
3.74523e+06	0
3.74533e+06	0
3.74543e+06	0
3.74553e+06	0
3.74563e+06	0
3.74573e+06	0
3.74583e+06	0
3.74593e+06	0
3.74603e+06	0
3.74613e+06	0
3.74623e+06	0
3.74633e+06	0
3.74643e+06	0
3.74653e+06	0
3.74663e+06	0
3.74673e+06	0
3.74683e+06	0
3.74693e+06	0
3.74703e+06	0
3.74713e+06	0
3.74723e+06	0
3.74733e+06	0
3.74743e+06	0
3.74753e+06	0
3.74763e+06	0
3.74773e+06	0
3.74783e+06	0
3.74793e+06	0
3.74803e+06	0
3.74813e+06	0
3.74823e+06	0
3.74833e+06	0
3.74843e+06	0
3.74853e+06	0
3.74863e+06	0
3.74873e+06	0
3.74883e+06	0
3.74893e+06	0
3.74903e+06	0
3.74913e+06	0
3.74923e+06	0
3.74933e+06	0
3.74943e+06	0
3.74953e+06	0
3.74963e+06	0
3.74973e+06	0
3.74983e+06	0
3.74993e+06	0
3.75003e+06	0
3.75013e+06	0
3.75023e+06	0
3.75033e+06	0
3.75043e+06	0
3.75053e+06	0
3.75063e+06	0
3.75073e+06	0
3.75083e+06	0
3.75093e+06	0
3.75103e+06	0
3.75113e+06	0
3.75123e+06	0
3.75133e+06	0
3.75143e+06	0
3.75153e+06	0
3.75163e+06	0
3.75173e+06	0
3.75183e+06	0
3.75193e+06	0
3.75203e+06	0
3.75213e+06	0
3.75223e+06	0
3.75233e+06	0
3.75243e+06	0
3.75253e+06	0
3.75263e+06	0
3.75273e+06	0
3.75283e+06	0
3.75293e+06	0
3.75303e+06	0
3.75313e+06	0
3.75323e+06	0
3.75333e+06	0
3.75343e+06	0
3.75353e+06	0
3.75363e+06	0
3.75373e+06	0
3.75383e+06	0
3.75393e+06	0
3.75403e+06	0
3.75413e+06	0
3.75423e+06	0
3.75433e+06	0
3.75443e+06	0
3.75453e+06	0
3.75463e+06	0
3.75473e+06	0
3.75483e+06	0
3.75493e+06	0
3.75503e+06	0
3.75513e+06	0
3.75523e+06	0
3.75533e+06	0
3.75543e+06	0
3.75553e+06	0
3.75563e+06	0
3.75573e+06	0
3.75583e+06	0
3.75593e+06	0
3.75603e+06	0
3.75613e+06	0
3.75623e+06	0
3.75633e+06	0
3.75643e+06	0
3.75653e+06	0
3.75663e+06	0
3.75673e+06	0
3.75683e+06	0
3.75693e+06	0
3.75703e+06	0
3.75713e+06	0
3.75723e+06	0
3.75733e+06	0
3.75743e+06	0
3.75753e+06	0
3.75763e+06	0
3.75773e+06	0
3.75783e+06	0
3.75793e+06	0
3.75803e+06	0
3.75813e+06	0
3.75823e+06	0
3.75833e+06	0
3.75843e+06	0
3.75853e+06	0
3.75863e+06	0
3.75873e+06	0
3.75883e+06	0
3.75893e+06	0
3.75903e+06	0
3.75913e+06	0
3.75923e+06	0
3.75933e+06	0
3.75943e+06	0
3.75953e+06	0
3.75963e+06	0
3.75973e+06	0
3.75983e+06	0
3.75993e+06	0
3.76003e+06	0
3.76013e+06	0
3.76023e+06	0
3.76033e+06	0
3.76043e+06	0
3.76053e+06	0
3.76063e+06	0
3.76073e+06	0
3.76083e+06	0
3.76093e+06	0
3.76103e+06	0
3.76113e+06	0
3.76123e+06	0
3.76133e+06	0
3.76143e+06	0
3.76153e+06	0
3.76163e+06	0
3.76173e+06	0
3.76183e+06	0
3.76193e+06	0
3.76203e+06	0
3.76213e+06	0
3.76223e+06	0
3.76233e+06	0
3.76243e+06	0
3.76253e+06	0
3.76263e+06	0
3.76273e+06	0
3.76283e+06	0
3.76293e+06	0
3.76303e+06	0
3.76313e+06	0
3.76323e+06	0
3.76333e+06	0
3.76343e+06	0
3.76353e+06	0
3.76363e+06	0
3.76373e+06	0
3.76383e+06	0
3.76393e+06	0
3.76403e+06	0
3.76413e+06	0
3.76423e+06	0
3.76433e+06	0
3.76443e+06	0
3.76453e+06	0
3.76463e+06	0
3.76473e+06	0
3.76483e+06	0
3.76493e+06	0
3.76503e+06	0
3.76513e+06	0
3.76523e+06	0
3.76533e+06	0
3.76543e+06	0
3.76553e+06	0
3.76563e+06	0
3.76573e+06	0
3.76583e+06	0
3.76593e+06	0
3.76603e+06	0
3.76613e+06	0
3.76623e+06	0
3.76633e+06	0
3.76643e+06	0
3.76653e+06	0
3.76663e+06	0
3.76673e+06	0
3.76683e+06	0
3.76693e+06	0
3.76703e+06	0
3.76713e+06	0
3.76723e+06	0
3.76733e+06	0
3.76743e+06	0
3.76753e+06	0
3.76763e+06	0
3.76773e+06	0
3.76783e+06	0
3.76793e+06	0
3.76803e+06	0
3.76813e+06	0
3.76823e+06	0
3.76833e+06	0
3.76843e+06	0
3.76853e+06	0
3.76863e+06	0
3.76873e+06	0
3.76883e+06	0
3.76893e+06	0
3.76903e+06	0
3.76913e+06	0
3.76923e+06	0
3.76933e+06	0
3.76943e+06	0
3.76953e+06	0
3.76963e+06	0
3.76973e+06	0
3.76983e+06	0
3.76993e+06	0
3.77003e+06	0
3.77013e+06	0
3.77023e+06	0
3.77033e+06	0
3.77043e+06	0
3.77053e+06	0
3.77063e+06	0
3.77073e+06	0
3.77083e+06	0
3.77093e+06	0
3.77103e+06	0
3.77113e+06	0
3.77123e+06	0
3.77133e+06	0
3.77143e+06	0
3.77153e+06	0
3.77163e+06	0
3.77173e+06	0
3.77183e+06	0
3.77193e+06	0
3.77203e+06	0
3.77213e+06	0
3.77223e+06	0
3.77233e+06	0
3.77243e+06	0
3.77253e+06	0
3.77263e+06	0
3.77273e+06	0
3.77283e+06	0
3.77293e+06	0
3.77303e+06	0
3.77313e+06	0
3.77323e+06	0
3.77333e+06	0
3.77343e+06	0
3.77353e+06	0
3.77363e+06	0
3.77373e+06	0
3.77383e+06	0
3.77393e+06	0
3.77403e+06	0
3.77413e+06	0
3.77423e+06	0
3.77433e+06	0
3.77443e+06	0
3.77453e+06	0
3.77463e+06	0
3.77473e+06	0
3.77483e+06	0
3.77493e+06	0
3.77503e+06	0
3.77513e+06	0
3.77523e+06	0
3.77533e+06	0
3.77543e+06	0
3.77553e+06	0
3.77563e+06	0
3.77573e+06	0
3.77583e+06	0
3.77593e+06	0
3.77603e+06	0
3.77613e+06	0
3.77623e+06	0
3.77633e+06	0
3.77643e+06	0
3.77653e+06	0
3.77663e+06	0
3.77673e+06	0
3.77683e+06	0
3.77693e+06	0
3.77703e+06	0
3.77713e+06	0
3.77723e+06	0
3.77733e+06	0
3.77743e+06	0
3.77753e+06	0
3.77763e+06	0
3.77773e+06	0
3.77783e+06	0
3.77793e+06	0
3.77803e+06	0
3.77813e+06	0
3.77823e+06	0
3.77833e+06	0
3.77843e+06	0
3.77853e+06	0
3.77863e+06	0
3.77873e+06	0
3.77883e+06	0
3.77893e+06	0
3.77903e+06	0
3.77913e+06	0
3.77923e+06	0
3.77933e+06	0
3.77943e+06	0
3.77953e+06	0
3.77963e+06	0
3.77973e+06	0
3.77983e+06	0
3.77993e+06	0
3.78003e+06	0
3.78013e+06	0
3.78023e+06	0
3.78033e+06	0
3.78043e+06	0
3.78053e+06	0
3.78063e+06	0
3.78073e+06	0
3.78083e+06	0
3.78093e+06	0
3.78103e+06	0
3.78113e+06	0
3.78123e+06	0
3.78133e+06	0
3.78143e+06	0
3.78153e+06	0
3.78163e+06	0
3.78173e+06	0
3.78183e+06	0
3.78193e+06	0
3.78203e+06	0
3.78213e+06	0
3.78223e+06	0
3.78233e+06	0
3.78243e+06	0
3.78253e+06	0
3.78263e+06	0
3.78273e+06	0
3.78283e+06	0
3.78293e+06	0
3.78303e+06	0
3.78313e+06	0
3.78323e+06	0
3.78333e+06	0
3.78343e+06	0
3.78353e+06	0
3.78363e+06	0
3.78373e+06	0
3.78383e+06	0
3.78393e+06	0
3.78403e+06	0
3.78413e+06	0
3.78423e+06	0
3.78433e+06	0
3.78443e+06	0
3.78453e+06	0
3.78463e+06	0
3.78473e+06	0
3.78483e+06	0
3.78493e+06	0
3.78503e+06	0
3.78513e+06	0
3.78523e+06	0
3.78533e+06	0
3.78543e+06	0
3.78553e+06	0
3.78563e+06	0
3.78573e+06	0
3.78583e+06	0
3.78593e+06	0
3.78603e+06	0
3.78613e+06	0
3.78623e+06	0
3.78633e+06	0
3.78643e+06	0
3.78653e+06	0
3.78663e+06	0
3.78673e+06	0
3.78683e+06	0
3.78693e+06	0
3.78703e+06	0
3.78713e+06	0
3.78723e+06	0
3.78733e+06	0
3.78743e+06	0
3.78753e+06	0
3.78763e+06	0
3.78773e+06	0
3.78783e+06	0
3.78793e+06	0
3.78803e+06	0
3.78813e+06	0
3.78823e+06	0
3.78833e+06	0
3.78843e+06	0
3.78853e+06	0
3.78863e+06	0
3.78873e+06	0
3.78883e+06	0
3.78893e+06	0
3.78903e+06	0
3.78913e+06	0
3.78923e+06	0
3.78933e+06	0
3.78943e+06	0
3.78953e+06	0
3.78963e+06	0
3.78973e+06	0
3.78983e+06	0
3.78993e+06	0
3.79003e+06	0
3.79013e+06	0
3.79023e+06	0
3.79033e+06	0
3.79043e+06	0
3.79053e+06	0
3.79063e+06	0
3.79073e+06	0
3.79083e+06	0
3.79093e+06	0
3.79103e+06	0
3.79113e+06	0
3.79123e+06	0
3.79133e+06	0
3.79143e+06	0
3.79153e+06	0
3.79163e+06	0
3.79173e+06	0
3.79183e+06	0
3.79193e+06	0
3.79203e+06	0
3.79213e+06	0
3.79223e+06	0
3.79233e+06	0
3.79243e+06	0
3.79253e+06	0
3.79263e+06	0
3.79273e+06	0
3.79283e+06	0
3.79293e+06	0
3.79303e+06	0
3.79313e+06	0
3.79323e+06	0
3.79333e+06	0
3.79343e+06	0
3.79353e+06	0
3.79363e+06	0
3.79373e+06	0
3.79383e+06	0
3.79393e+06	0
3.79403e+06	0
3.79413e+06	0
3.79423e+06	0
3.79433e+06	0
3.79443e+06	0
3.79453e+06	0
3.79463e+06	0
3.79473e+06	0
3.79483e+06	0
3.79493e+06	0
3.79503e+06	0
3.79513e+06	0
3.79523e+06	0
3.79533e+06	0
3.79543e+06	0
3.79553e+06	0
3.79563e+06	0
3.79573e+06	0
3.79583e+06	0
3.79593e+06	0
3.79603e+06	0
3.79613e+06	0
3.79623e+06	0
3.79633e+06	0
3.79643e+06	0
3.79653e+06	0
3.79663e+06	0
3.79673e+06	0
3.79683e+06	0
3.79693e+06	0
3.79703e+06	0
3.79713e+06	0
3.79723e+06	0
3.79733e+06	0
3.79743e+06	0
3.79753e+06	0
3.79763e+06	0
3.79773e+06	0
3.79783e+06	0
3.79793e+06	0
3.79803e+06	0
3.79813e+06	0
3.79823e+06	0
3.79833e+06	0
3.79843e+06	0
3.79853e+06	0
3.79863e+06	0
3.79873e+06	0
3.79883e+06	0
3.79893e+06	0
3.79903e+06	0
3.79913e+06	0
3.79923e+06	0
3.79933e+06	0
3.79943e+06	0
3.79953e+06	0
3.79963e+06	0
3.79973e+06	0
3.79983e+06	0
3.79993e+06	0
3.80003e+06	0
3.80013e+06	0
3.80023e+06	0
3.80033e+06	0
3.80043e+06	0
3.80053e+06	0
3.80063e+06	0
3.80073e+06	0
3.80083e+06	0
3.80093e+06	0
3.80103e+06	0
3.80113e+06	0
3.80123e+06	0
3.80133e+06	0
3.80143e+06	0
3.80153e+06	0
3.80163e+06	0
3.80173e+06	0
3.80183e+06	0
3.80193e+06	0
3.80203e+06	0
3.80213e+06	0
3.80223e+06	0
3.80233e+06	0
3.80243e+06	0
3.80253e+06	0
3.80263e+06	0
3.80273e+06	0
3.80283e+06	0
3.80293e+06	0
3.80303e+06	0
3.80313e+06	0
3.80323e+06	0
3.80333e+06	0
3.80343e+06	0
3.80353e+06	0
3.80363e+06	0
3.80373e+06	0
3.80383e+06	0
3.80393e+06	0
3.80403e+06	0
3.80413e+06	0
3.80423e+06	0
3.80433e+06	0
3.80443e+06	0
3.80453e+06	0
3.80463e+06	0
3.80473e+06	0
3.80483e+06	0
3.80493e+06	0
3.80503e+06	0
3.80513e+06	0
3.80523e+06	0
3.80533e+06	0
3.80543e+06	0
3.80553e+06	0
3.80563e+06	0
3.80573e+06	0
3.80583e+06	0
3.80593e+06	0
3.80603e+06	0
3.80613e+06	0
3.80623e+06	0
3.80633e+06	0
3.80643e+06	0
3.80653e+06	0
3.80663e+06	0
3.80673e+06	0
3.80683e+06	0
3.80693e+06	0
3.80703e+06	0
3.80713e+06	0
3.80723e+06	0
3.80733e+06	0
3.80743e+06	0
3.80753e+06	0
3.80763e+06	0
3.80773e+06	0
3.80783e+06	0
3.80793e+06	0
3.80803e+06	0
3.80813e+06	0
3.80823e+06	0
3.80833e+06	0
3.80843e+06	0
3.80853e+06	0
3.80863e+06	0
3.80873e+06	0
3.80883e+06	0
3.80893e+06	0
3.80903e+06	0
3.80913e+06	0
3.80923e+06	0
3.80933e+06	0
3.80943e+06	0
3.80953e+06	0
3.80963e+06	0
3.80973e+06	0
3.80983e+06	0
3.80993e+06	0
3.81003e+06	0
3.81013e+06	0
3.81023e+06	0
3.81033e+06	0
3.81043e+06	0
3.81053e+06	0
3.81063e+06	0
3.81073e+06	0
3.81083e+06	0
3.81093e+06	0
3.81103e+06	0
3.81113e+06	0
3.81123e+06	0
3.81133e+06	0
3.81143e+06	0
3.81153e+06	0
3.81163e+06	0
3.81173e+06	0
3.81183e+06	0
3.81193e+06	0
3.81203e+06	0
3.81213e+06	0
3.81223e+06	0
3.81233e+06	0
3.81243e+06	0
3.81253e+06	0
3.81263e+06	0
3.81273e+06	0
3.81283e+06	0
3.81293e+06	0
3.81303e+06	0
3.81313e+06	0
3.81323e+06	0
3.81333e+06	0
3.81343e+06	0
3.81353e+06	0
3.81363e+06	0
3.81373e+06	0
3.81383e+06	0
3.81393e+06	0
3.81403e+06	0
3.81413e+06	0
3.81423e+06	0
3.81433e+06	0
3.81443e+06	0
3.81453e+06	0
3.81463e+06	0
3.81473e+06	0
3.81483e+06	0
3.81493e+06	0
3.81503e+06	0
3.81513e+06	0
3.81523e+06	0
3.81533e+06	7.41098e-323
3.81543e+06	3.42882e-321
3.81553e+06	1.59084e-319
3.81563e+06	7.30374e-318
3.81573e+06	3.31986e-316
3.81583e+06	1.49401e-314
3.81593e+06	6.65642e-313
3.81603e+06	2.93621e-311
3.81613e+06	1.2823e-309
3.81623e+06	5.54434e-308
3.81633e+06	2.37338e-306
3.81643e+06	1.00587e-304
3.81653e+06	4.22058e-303
3.81663e+06	1.75332e-301
3.81673e+06	7.21117e-300
3.81683e+06	2.93635e-298
3.81693e+06	1.18377e-296
3.81703e+06	4.72481e-295
3.81713e+06	1.86706e-293
3.81723e+06	7.30446e-292
3.81733e+06	2.82928e-290
3.81743e+06	1.08498e-288
3.81753e+06	4.11929e-287
3.81763e+06	1.54839e-285
3.81773e+06	5.76231e-284
3.81783e+06	2.1231e-282
3.81793e+06	7.74461e-281
3.81803e+06	2.79696e-279
3.81813e+06	1.00007e-277
3.81823e+06	3.54023e-276
3.81833e+06	1.24077e-274
3.81843e+06	4.30532e-273
3.81853e+06	1.47903e-271
3.81863e+06	5.03045e-270
3.81873e+06	1.69392e-268
3.81883e+06	5.64724e-267
3.81893e+06	1.86396e-265
3.81903e+06	6.09108e-264
3.81913e+06	1.97065e-262
3.81923e+06	6.3122e-261
3.81933e+06	2.00175e-259
3.81943e+06	6.28486e-258
3.81953e+06	1.95361e-256
3.81963e+06	6.01226e-255
3.81973e+06	1.83187e-253
3.81983e+06	5.52598e-252
3.81993e+06	1.65037e-250
3.82003e+06	4.87987e-249
3.82013e+06	1.42854e-247
3.82023e+06	4.14034e-246
3.82033e+06	1.18805e-244
3.82043e+06	3.37514e-243
3.82053e+06	9.49302e-242
3.82063e+06	2.64347e-240
3.82073e+06	7.2879e-239
3.82083e+06	1.98924e-237
3.82093e+06	5.37562e-236
3.82103e+06	1.43823e-234
3.82113e+06	3.80963e-233
3.82123e+06	9.9907e-232
3.82133e+06	2.59397e-230
3.82143e+06	6.66795e-229
3.82153e+06	1.69698e-227
3.82163e+06	4.2758e-226
3.82173e+06	1.06663e-224
3.82183e+06	2.63433e-223
3.82193e+06	6.44144e-222
3.82203e+06	1.55938e-220
3.82213e+06	3.73747e-219
3.82223e+06	8.86873e-218
3.82233e+06	2.08354e-216
3.82243e+06	4.84618e-215
3.82253e+06	1.11597e-213
3.82263e+06	2.54428e-212
3.82273e+06	5.74294e-211
3.82283e+06	1.28339e-209
3.82293e+06	2.8395e-208
3.82303e+06	6.21988e-207
3.82313e+06	1.3489e-205
3.82323e+06	2.89623e-204
3.82333e+06	6.15664e-203
3.82343e+06	1.29572e-201
3.82353e+06	2.69983e-200
3.82363e+06	5.56953e-199
3.82373e+06	1.13752e-197
3.82383e+06	2.30014e-196
3.82393e+06	4.60477e-195
3.82403e+06	9.12679e-194
3.82413e+06	1.79096e-192
3.82423e+06	3.47944e-191
3.82433e+06	6.69254e-190
3.82443e+06	1.27447e-188
3.82453e+06	2.40284e-187
3.82463e+06	4.48516e-186
3.82473e+06	8.28872e-185
3.82483e+06	1.51654e-183
3.82493e+06	2.74712e-182
3.82503e+06	4.92673e-181
3.82513e+06	8.74776e-180
3.82523e+06	1.53777e-178
3.82533e+06	2.67636e-177
3.82543e+06	4.61162e-176
3.82553e+06	7.86718e-175
3.82563e+06	1.32875e-173
3.82573e+06	2.22189e-172
3.82583e+06	3.67841e-171
3.82593e+06	6.02913e-170
3.82603e+06	9.78376e-169
3.82613e+06	1.57186e-167
3.82623e+06	2.50023e-166
3.82633e+06	3.93733e-165
3.82643e+06	6.13878e-164
3.82653e+06	9.47586e-163
3.82663e+06	1.44815e-161
3.82673e+06	2.19111e-160
3.82683e+06	3.28225e-159
3.82693e+06	4.86784e-158
3.82703e+06	7.14756e-157
3.82713e+06	1.03905e-155
3.82723e+06	1.49545e-154
3.82733e+06	2.13092e-153
3.82743e+06	3.00619e-152
3.82753e+06	4.19879e-151
3.82763e+06	5.80615e-150
3.82773e+06	7.94894e-149
3.82783e+06	1.07743e-147
3.82793e+06	1.44585e-146
3.82803e+06	1.92095e-145
3.82813e+06	2.52677e-144
3.82823e+06	3.29058e-143
3.82833e+06	4.24264e-142
3.82843e+06	5.41572e-141
3.82853e+06	6.84438e-140
3.82863e+06	8.56385e-139
3.82873e+06	1.06087e-137
3.82883e+06	1.3011e-136
3.82893e+06	1.57985e-135
3.82903e+06	1.89924e-134
3.82913e+06	2.26047e-133
3.82923e+06	2.66365e-132
3.82933e+06	3.1075e-131
3.82943e+06	3.58924e-130
3.82953e+06	4.10441e-129
3.82963e+06	4.64682e-128
3.82973e+06	5.20857e-127
3.82983e+06	5.78013e-126
3.82993e+06	6.35059e-125
3.83003e+06	6.90793e-124
3.83013e+06	7.43941e-123
3.83023e+06	7.93207e-122
3.83033e+06	8.37319e-121
3.83043e+06	8.7509e-120
3.83053e+06	9.05465e-119
3.83063e+06	9.27572e-118
3.83073e+06	9.40764e-117
3.83083e+06	9.4465e-116
3.83093e+06	9.39113e-115
3.83103e+06	9.2432e-114
3.83113e+06	9.00707e-113
3.83123e+06	8.68964e-112
3.83133e+06	8.29998e-111
3.83143e+06	7.84891e-110
3.83153e+06	7.3485e-109
3.83163e+06	6.81154e-108
3.83173e+06	6.25099e-107
3.83183e+06	5.67949e-106
3.83193e+06	5.1089e-105
3.83203e+06	4.5499e-104
3.83213e+06	4.01175e-103
3.83223e+06	3.50205e-102
3.83233e+06	3.02669e-101
3.83243e+06	2.58983e-100
3.83253e+06	2.19397e-99
3.83263e+06	1.84013e-98
3.83273e+06	1.528e-97
3.83283e+06	1.25619e-96
3.83293e+06	1.02245e-95
3.83303e+06	8.23924e-95
3.83313e+06	6.57339e-94
3.83323e+06	5.19217e-93
3.83333e+06	4.06037e-92
3.83343e+06	3.14369e-91
3.83353e+06	2.40974e-90
3.83363e+06	1.82876e-89
3.83373e+06	1.37405e-88
3.83383e+06	1.02212e-87
3.83393e+06	7.5277e-87
3.83403e+06	5.48881e-86
3.83413e+06	3.96233e-85
3.83423e+06	2.83192e-84
3.83433e+06	2.00386e-83
3.83443e+06	1.40382e-82
3.83453e+06	9.73673e-82
3.83463e+06	6.68608e-81
3.83473e+06	4.54555e-80
3.83483e+06	3.05956e-79
3.83493e+06	2.03886e-78
3.83503e+06	1.34516e-77
3.83513e+06	8.78654e-77
3.83523e+06	5.68223e-76
3.83533e+06	3.63811e-75
3.83543e+06	2.30617e-74
3.83553e+06	1.44731e-73
3.83563e+06	8.99272e-73
3.83573e+06	5.53193e-72
3.83583e+06	3.36914e-71
3.83593e+06	2.03151e-70
3.83603e+06	1.21276e-69
3.83613e+06	7.16788e-69
3.83623e+06	4.19432e-68
3.83633e+06	2.42991e-67
3.83643e+06	1.39372e-66
3.83653e+06	7.91438e-66
3.83663e+06	4.44955e-65
3.83673e+06	2.4767e-64
3.83683e+06	1.36485e-63
3.83693e+06	7.44657e-63
3.83703e+06	4.02239e-62
3.83713e+06	2.15114e-61
3.83723e+06	1.13896e-60
3.83733e+06	5.97047e-60
3.83743e+06	3.09859e-59
3.83753e+06	1.59213e-58
3.83763e+06	8.09929e-58
3.83773e+06	4.07919e-57
3.83783e+06	2.03403e-56
3.83793e+06	1.00415e-55
3.83803e+06	4.90791e-55
3.83813e+06	2.37494e-54
3.83823e+06	1.1378e-53
3.83833e+06	5.39676e-53
3.83843e+06	2.53431e-52
3.83853e+06	1.17826e-51
3.83863e+06	5.42355e-51
3.83873e+06	2.47161e-50
3.83883e+06	1.11515e-49
3.83893e+06	4.98135e-49
3.83903e+06	2.203e-48
3.83913e+06	9.64586e-48
3.83923e+06	4.18142e-47
3.83933e+06	1.79458e-46
3.83943e+06	7.62536e-46
3.83953e+06	3.20785e-45
3.83963e+06	1.33606e-44
3.83973e+06	5.50926e-44
3.83983e+06	2.24915e-43
3.83993e+06	9.09076e-43
3.84003e+06	3.6378e-42
3.84013e+06	1.44124e-41
3.84023e+06	5.65313e-41
3.84033e+06	2.19533e-40
3.84043e+06	8.44047e-40
3.84053e+06	3.21285e-39
3.84063e+06	1.2108e-38
3.84073e+06	4.51763e-38
3.84083e+06	1.66881e-37
3.84093e+06	6.10322e-37
3.84103e+06	2.20988e-36
3.84113e+06	7.92201e-36
3.84123e+06	2.81164e-35
3.84133e+06	9.87962e-35
3.84143e+06	3.43699e-34
3.84153e+06	1.18379e-33
3.84163e+06	4.03669e-33
3.84173e+06	1.36281e-32
3.84183e+06	4.55513e-32
3.84193e+06	1.50738e-31
3.84203e+06	4.9386e-31
3.84213e+06	1.60192e-30
3.84223e+06	5.14441e-30
3.84233e+06	1.63564e-29
3.84243e+06	5.14867e-29
3.84253e+06	1.60458e-28
3.84263e+06	4.95089e-28
3.84273e+06	1.51239e-27
3.84283e+06	4.57404e-27
3.84293e+06	1.3696e-26
3.84303e+06	4.06017e-26
3.84313e+06	1.19166e-25
3.84323e+06	3.46272e-25
3.84333e+06	9.96183e-25
3.84343e+06	2.83738e-24
3.84353e+06	8.00118e-24
3.84363e+06	2.23382e-23
3.84373e+06	6.17444e-23
3.84383e+06	1.68968e-22
3.84393e+06	4.57793e-22
3.84403e+06	1.22798e-21
3.84413e+06	3.26114e-21
3.84423e+06	8.57441e-21
3.84433e+06	2.23201e-20
3.84443e+06	5.75236e-20
3.84453e+06	1.46775e-19
3.84463e+06	3.7078e-19
3.84473e+06	9.27337e-19
3.84483e+06	2.29623e-18
3.84493e+06	5.62924e-18
3.84503e+06	1.36629e-17
3.84513e+06	3.28315e-17
3.84523e+06	7.81083e-17
3.84533e+06	1.83976e-16
3.84543e+06	4.29023e-16
3.84553e+06	9.90507e-16
3.84563e+06	2.26408e-15
3.84573e+06	5.12369e-15
3.84583e+06	1.14797e-14
3.84593e+06	2.54646e-14
3.84603e+06	5.59241e-14
3.84613e+06	1.21596e-13
3.84623e+06	2.61755e-13
3.84633e+06	5.57865e-13
3.84643e+06	1.17712e-12
3.84653e+06	2.45905e-12
3.84663e+06	5.08595e-12
3.84673e+06	1.04144e-11
3.84683e+06	2.11131e-11
3.84693e+06	4.23768e-11
3.84703e+06	8.42096e-11
3.84713e+06	1.65673e-10
3.84723e+06	3.227e-10
3.84733e+06	6.22305e-10
3.84743e+06	1.18813e-09
3.84753e+06	2.24586e-09
3.84763e+06	4.20299e-09
3.84773e+06	7.78736e-09
3.84783e+06	1.4285e-08
3.84793e+06	2.59434e-08
3.84803e+06	4.66477e-08
3.84813e+06	8.30406e-08
3.84823e+06	1.46355e-07
3.84833e+06	2.55378e-07
3.84843e+06	4.41179e-07
3.84853e+06	7.54577e-07
3.84863e+06	1.27776e-06
3.84873e+06	2.14216e-06
3.84883e+06	3.55559e-06
3.84893e+06	5.84291e-06
3.84903e+06	9.50612e-06
3.84913e+06	1.53121e-05
3.84923e+06	2.44187e-05
3.84933e+06	3.85539e-05
3.84943e+06	6.02657e-05
3.84953e+06	9.32674e-05
3.84963e+06	0.000142905
3.84973e+06	0.00021678
3.84983e+06	0.000325574
3.84993e+06	0.000484103
3.85003e+06	0.00071266
3.85013e+06	0.00103869
3.85023e+06	0.0014988
3.85033e+06	0.00214121
3.85043e+06	0.00302853
3.85053e+06	0.00424094
3.85063e+06	0.00587961
3.85073e+06	0.00807036
3.85083e+06	0.0109672
3.85093e+06	0.0147554
3.85103e+06	0.0196547
3.85113e+06	0.0259203
3.85123e+06	0.033843
3.85133e+06	0.0437477
3.85143e+06	0.0559885
3.85153e+06	0.0709413
3.85163e+06	0.0889932
3.85173e+06	0.110528
3.85183e+06	0.135907
3.85193e+06	0.165452
3.85203e+06	0.199415
3.85213e+06	0.237958
3.85223e+06	0.281125
3.85233e+06	0.328819
3.85243e+06	0.380777
3.85253e+06	0.436558
3.85263e+06	0.49553
3.85273e+06	0.556872
3.85283e+06	0.61958
3.85293e+06	0.682491
3.85303e+06	0.744309
3.85313e+06	0.803649
3.85323e+06	0.859087
3.85333e+06	0.909211
3.85343e+06	0.952684
3.85353e+06	0.988304
3.85363e+06	1.01505
3.85373e+06	1.03216
3.85383e+06	1.0391
3.85393e+06	1.03568
3.85403e+06	1.02201
3.85413e+06	0.998478
3.85423e+06	0.965782
3.85433e+06	0.924863
3.85443e+06	0.876864
3.85453e+06	0.823085
3.85463e+06	0.764916
3.85473e+06	0.703785
3.85483e+06	0.641096
3.85493e+06	0.578181
3.85503e+06	0.516251
3.85513e+06	0.456368
3.85523e+06	0.399418
3.85533e+06	0.346095
3.85543e+06	0.296908
3.85553e+06	0.252176
3.85563e+06	0.212053
3.85573e+06	0.176539
3.85583e+06	0.145511
3.85593e+06	0.118742
3.85603e+06	0.0959342
3.85613e+06	0.0767359
3.85623e+06	0.0607688
3.85633e+06	0.0476453
3.85643e+06	0.0369842
3.85653e+06	0.028423
3.85663e+06	0.0216262
3.85673e+06	0.0162911
3.85683e+06	0.01215
3.85693e+06	0.00897155
3.85703e+06	0.00655885
3.85713e+06	0.00474763
3.85723e+06	0.00340299
3.85733e+06	0.00241597
3.85743e+06	0.00169999
3.85753e+06	0.00118741
3.85763e+06	0.000826373
3.85773e+06	0.000578134
3.85783e+06	0.000414766
3.85793e+06	0.000317485
3.85803e+06	0.000275547
3.85813e+06	0.000285788
3.85823e+06	0.000352907
3.85833e+06	0.000490587
3.85843e+06	0.000723621
3.85853e+06	0.00109126
3.85863e+06	0.00165204
3.85873e+06	0.00249049
3.85883e+06	0.00372596
3.85893e+06	0.00552424
3.85903e+06	0.00811215
3.85913e+06	0.0117958
3.85923e+06	0.0169826
3.85933e+06	0.0242075
3.85943e+06	0.034163
3.85953e+06	0.0477334
3.85963e+06	0.0660308
3.85973e+06	0.0904333
3.85983e+06	0.122622
3.85993e+06	0.164613
3.86003e+06	0.218784
3.86013e+06	0.287889
3.86023e+06	0.375053
3.86033e+06	0.483745
3.86043e+06	0.617729
3.86053e+06	0.780973
3.86063e+06	0.977532
3.86073e+06	1.21139
3.86083e+06	1.48625
3.86093e+06	1.80534
3.86103e+06	2.17111
3.86113e+06	2.58502
3.86123e+06	3.0472
3.86133e+06	3.55627
3.86143e+06	4.1091
3.86153e+06	4.70063
3.86163e+06	5.3238
3.86173e+06	5.96959
3.86183e+06	6.62711
3.86193e+06	7.28385
3.86203e+06	7.92602
3.86213e+06	8.53898
3.86223e+06	9.10782
3.86233e+06	9.61788
3.86243e+06	10.0555
3.86253e+06	10.4083
3.86263e+06	10.6664
3.86273e+06	10.8221
3.86283e+06	10.8708
3.86293e+06	10.8111
3.86303e+06	10.6447
3.86313e+06	10.3766
3.86323e+06	10.0146
3.86333e+06	9.56905
3.86343e+06	9.05236
3.86353e+06	8.47835
3.86363e+06	7.86174
3.86373e+06	7.21743
3.86383e+06	6.55999
3.86393e+06	5.90312
3.86403e+06	5.25916
3.86413e+06	4.63883
3.86423e+06	4.05096
3.86433e+06	3.50239
3.86443e+06	2.99797
3.86453e+06	2.54067
3.86463e+06	2.1317
3.86473e+06	1.77076
3.86483e+06	1.4563
3.86493e+06	1.18577
3.86503e+06	0.955885
3.86513e+06	0.762901
3.86523e+06	0.60282
3.86533e+06	0.47159
3.86543e+06	0.365257
3.86553e+06	0.280085
3.86563e+06	0.212636
3.86573e+06	0.159824
3.86583e+06	0.118934
3.86593e+06	0.0876241
3.86603e+06	0.0639146
3.86613e+06	0.0461565
3.86623e+06	0.0330007
3.86633e+06	0.0233599
3.86643e+06	0.016371
3.86653e+06	0.0113589
3.86663e+06	0.00780289
3.86673e+06	0.00530678
3.86683e+06	0.00357325
3.86693e+06	0.00238206
3.86703e+06	0.00157217
3.86713e+06	0.00102732
3.86723e+06	0.000664607
3.86733e+06	0.000425679
3.86743e+06	0.000269934
3.86753e+06	0.000169469
3.86763e+06	0.000105336
3.86773e+06	6.48224e-05
3.86783e+06	3.94937e-05
3.86793e+06	2.38226e-05
3.86803e+06	1.42267e-05
3.86813e+06	8.41163e-06
3.86823e+06	4.92392e-06
3.86833e+06	2.85364e-06
3.86843e+06	1.63736e-06
3.86853e+06	9.30139e-07
3.86863e+06	5.23127e-07
3.86873e+06	2.91289e-07
3.86883e+06	1.60582e-07
3.86893e+06	8.76453e-08
3.86903e+06	4.73605e-08
3.86913e+06	2.53374e-08
3.86923e+06	1.34203e-08
3.86933e+06	7.03757e-09
3.86943e+06	3.65375e-09
3.86953e+06	1.87807e-09
3.86963e+06	9.55745e-10
3.86973e+06	4.81536e-10
3.86983e+06	2.402e-10
3.86993e+06	1.18625e-10
3.87003e+06	5.80007e-11
3.87013e+06	2.80769e-11
3.87023e+06	1.34562e-11
3.87033e+06	6.38485e-12
3.87043e+06	2.99942e-12
3.87053e+06	1.39502e-12
3.87063e+06	6.42365e-13
3.87073e+06	2.92846e-13
3.87083e+06	1.32177e-13
3.87093e+06	5.90645e-14
3.87103e+06	2.6131e-14
3.87113e+06	1.14457e-14
3.87123e+06	4.96346e-15
3.87133e+06	2.13101e-15
3.87143e+06	9.0582e-16
3.87153e+06	3.81203e-16
3.87163e+06	1.58828e-16
3.87173e+06	6.55172e-17
3.87183e+06	2.67572e-17
3.87193e+06	1.08189e-17
3.87203e+06	4.33095e-18
3.87213e+06	1.71648e-18
3.87223e+06	6.73524e-19
3.87233e+06	2.61652e-19
3.87243e+06	1.00636e-19
3.87253e+06	3.8321e-20
3.87263e+06	1.4447e-20
3.87273e+06	5.39234e-21
3.87283e+06	1.99266e-21
3.87293e+06	7.29031e-22
3.87303e+06	2.64068e-22
3.87313e+06	9.46985e-23
3.87323e+06	3.36223e-23
3.87333e+06	1.18187e-23
3.87343e+06	4.11308e-24
3.87353e+06	1.41717e-24
3.87363e+06	4.83431e-25
3.87373e+06	1.63269e-25
3.87383e+06	5.45922e-26
3.87393e+06	1.80723e-26
3.87403e+06	5.92318e-27
3.87413e+06	1.922e-27
3.87423e+06	6.17458e-28
3.87433e+06	1.9639e-28
3.87443e+06	6.18426e-29
3.87453e+06	1.92803e-29
3.87463e+06	5.95109e-30
3.87473e+06	1.8186e-30
3.87483e+06	5.50216e-31
3.87493e+06	1.64812e-31
3.87503e+06	4.88764e-32
3.87513e+06	1.43505e-32
3.87523e+06	4.1715e-33
3.87533e+06	1.20053e-33
3.87543e+06	3.42069e-34
3.87553e+06	9.64963e-35
3.87563e+06	2.69503e-35
3.87573e+06	7.45203e-36
3.87583e+06	2.04006e-36
3.87593e+06	5.52926e-37
3.87603e+06	1.48371e-37
3.87613e+06	3.94173e-38
3.87623e+06	1.03677e-38
3.87633e+06	2.69983e-39
3.87643e+06	6.96059e-40
3.87653e+06	1.7767e-40
3.87663e+06	4.4899e-41
3.87673e+06	1.12336e-41
3.87683e+06	2.78264e-42
3.87693e+06	6.8242e-43
3.87703e+06	1.65693e-43
3.87713e+06	3.98303e-44
3.87723e+06	9.47937e-45
3.87733e+06	2.23359e-45
3.87743e+06	5.21055e-46
3.87753e+06	1.20343e-46
3.87763e+06	2.75179e-47
3.87773e+06	6.2297e-48
3.87783e+06	1.39629e-48
3.87793e+06	3.09843e-49
3.87803e+06	6.80714e-50
3.87813e+06	1.48062e-50
3.87823e+06	3.18846e-51
3.87833e+06	6.79791e-52
3.87843e+06	1.43492e-52
3.87853e+06	2.99871e-53
3.87863e+06	6.2044e-54
3.87873e+06	1.27093e-54
3.87883e+06	2.57751e-55
3.87893e+06	5.17532e-56
3.87903e+06	1.0288e-56
3.87913e+06	2.0248e-57
3.87923e+06	3.94538e-58
3.87933e+06	7.6112e-59
3.87943e+06	1.4537e-59
3.87953e+06	2.74887e-60
3.87963e+06	5.14623e-61
3.87973e+06	9.53854e-62
3.87983e+06	1.75038e-62
3.87993e+06	3.18008e-63
3.88003e+06	5.72009e-64
3.88013e+06	1.01865e-64
3.88023e+06	1.79598e-65
3.88033e+06	3.13499e-66
3.88043e+06	5.41787e-67
3.88053e+06	9.26996e-68
3.88063e+06	1.57031e-68
3.88073e+06	2.63359e-69
3.88083e+06	4.37288e-70
3.88093e+06	7.18862e-71
3.88103e+06	1.16998e-71
3.88113e+06	1.88526e-72
3.88123e+06	3.0076e-73
3.88133e+06	4.75035e-74
3.88143e+06	7.42828e-75
3.88153e+06	1.15003e-75
3.88163e+06	1.76273e-76
3.88173e+06	2.67497e-77
3.88183e+06	4.01892e-78
3.88193e+06	5.97802e-79
3.88203e+06	8.80365e-80
3.88213e+06	1.28359e-80
3.88223e+06	1.85287e-81
3.88233e+06	2.64801e-82
3.88243e+06	3.74674e-83
3.88253e+06	5.2486e-84
3.88263e+06	7.27932e-85
3.88273e+06	9.99529e-86
3.88283e+06	1.3588e-86
3.88293e+06	1.82884e-87
3.88303e+06	2.43697e-88
3.88313e+06	3.21502e-89
3.88323e+06	4.19926e-90
3.88333e+06	5.43025e-91
3.88343e+06	6.95222e-92
3.88353e+06	8.81221e-93
3.88363e+06	1.10587e-93
3.88373e+06	1.37397e-94
3.88383e+06	1.69009e-95
3.88393e+06	2.05825e-96
3.88403e+06	2.48167e-97
3.88413e+06	2.96243e-98
3.88423e+06	3.50113e-99
3.88433e+06	4.09662e-100
3.88443e+06	4.74569e-101
3.88453e+06	5.44291e-102
3.88463e+06	6.18044e-103
3.88473e+06	6.94809e-104
3.88483e+06	7.73335e-105
3.88493e+06	8.52172e-106
3.88503e+06	9.29703e-107
3.88513e+06	1.00419e-107
3.88523e+06	1.07386e-108
3.88533e+06	1.13694e-109
3.88543e+06	1.19174e-110
3.88553e+06	1.23675e-111
3.88563e+06	1.2707e-112
3.88573e+06	1.29258e-113
3.88583e+06	1.30176e-114
3.88593e+06	1.29796e-115
3.88603e+06	1.28129e-116
3.88613e+06	1.25226e-117
3.88623e+06	1.2117e-118
3.88633e+06	1.16079e-119
3.88643e+06	1.10095e-120
3.88653e+06	1.03381e-121
3.88663e+06	9.61104e-123
3.88673e+06	8.84621e-124
3.88683e+06	8.06122e-125
3.88693e+06	7.2728e-126
3.88703e+06	6.4962e-127
3.88713e+06	5.74479e-128
3.88723e+06	5.02975e-129
3.88733e+06	4.35989e-130
3.88743e+06	3.74163e-131
3.88753e+06	3.1791e-132
3.88763e+06	2.67426e-133
3.88773e+06	2.22721e-134
3.88783e+06	1.83644e-135
3.88793e+06	1.49916e-136
3.88803e+06	1.21164e-137
3.88813e+06	9.69529e-139
3.88823e+06	7.68074e-140
3.88833e+06	6.02424e-141
3.88843e+06	4.67799e-142
3.88853e+06	3.59644e-143
3.88863e+06	2.73743e-144
3.88873e+06	2.06287e-145
3.88883e+06	1.53906e-146
3.88893e+06	1.13684e-147
3.88903e+06	8.31374e-149
3.88913e+06	6.01939e-150
3.88923e+06	4.31485e-151
3.88933e+06	3.06222e-152
3.88943e+06	2.15161e-153
3.88953e+06	1.49674e-154
3.88963e+06	1.03083e-155
3.88973e+06	7.02889e-157
3.88983e+06	4.74506e-158
3.88993e+06	3.17142e-159
3.89003e+06	2.09857e-160
3.89013e+06	1.37483e-161
3.89023e+06	8.91731e-163
3.89033e+06	5.7263e-164
3.89043e+06	3.64059e-165
3.89053e+06	2.29154e-166
3.89063e+06	1.42803e-167
3.89073e+06	8.81064e-169
3.89083e+06	5.38187e-170
3.89093e+06	3.25474e-171
3.89103e+06	1.94875e-172
3.89113e+06	1.15519e-173
3.89123e+06	6.77965e-175
3.89133e+06	3.93929e-176
3.89143e+06	2.26614e-177
3.89153e+06	1.29066e-178
3.89163e+06	7.2777e-180
3.89173e+06	4.06288e-181
3.89183e+06	2.24559e-182
3.89193e+06	1.22881e-183
3.89203e+06	6.65724e-185
3.89213e+06	3.57077e-186
3.89223e+06	1.89621e-187
3.89233e+06	9.96938e-189
3.89243e+06	5.18928e-190
3.89253e+06	2.67425e-191
3.89263e+06	1.36444e-192
3.89273e+06	6.89232e-194
3.89283e+06	3.44693e-195
3.89293e+06	1.7067e-196
3.89303e+06	8.36638e-198
3.89313e+06	4.06046e-199
3.89323e+06	1.95106e-200
3.89333e+06	9.28161e-202
3.89343e+06	4.37152e-203
3.89353e+06	2.03844e-204
3.89363e+06	9.41071e-206
3.89373e+06	4.30133e-207
3.89383e+06	1.94644e-208
3.89393e+06	8.72037e-210
3.89403e+06	3.868e-211
3.89413e+06	1.69862e-212
3.89423e+06	7.38518e-214
3.89433e+06	3.17895e-215
3.89443e+06	1.35476e-216
3.89453e+06	5.71611e-218
3.89463e+06	2.38778e-219
3.89473e+06	9.87519e-221
3.89483e+06	4.04347e-222
3.89493e+06	1.63915e-223
3.89503e+06	6.57872e-225
3.89513e+06	2.61409e-226
3.89523e+06	1.02839e-227
3.89533e+06	4.00544e-229
3.89543e+06	1.54454e-230
3.89553e+06	5.89669e-232
3.89563e+06	2.22881e-233
3.89573e+06	8.34054e-235
3.89583e+06	3.0901e-236
3.89593e+06	1.13347e-237
3.89603e+06	4.11624e-239
3.89613e+06	1.47996e-240
3.89623e+06	5.26815e-242
3.89633e+06	1.85661e-243
3.89643e+06	6.47803e-245
3.89653e+06	2.2378e-246
3.89663e+06	7.65343e-248
3.89673e+06	2.59148e-249
3.89683e+06	8.68755e-251
3.89693e+06	2.88339e-252
3.89703e+06	9.47473e-254
3.89713e+06	3.08239e-255
3.89723e+06	9.92806e-257
3.89733e+06	3.16591e-258
3.89743e+06	9.99518e-260
3.89753e+06	3.1242e-261
3.89763e+06	9.66818e-263
3.89773e+06	2.96215e-264
3.89783e+06	8.98519e-266
3.89793e+06	2.69839e-267
3.89803e+06	8.02302e-269
3.89813e+06	2.36172e-270
3.89823e+06	6.88298e-272
3.89833e+06	1.98601e-273
3.89843e+06	5.67341e-275
3.89853e+06	1.60459e-276
3.89863e+06	4.49303e-278
3.89873e+06	1.24558e-279
3.89883e+06	3.41871e-281
3.89893e+06	9.28988e-283
3.89903e+06	2.49928e-284
3.89913e+06	6.65696e-286
3.89923e+06	1.75547e-287
3.89933e+06	4.58321e-289
3.89943e+06	1.18468e-290
3.89953e+06	3.03174e-292
3.89963e+06	7.68138e-294
3.89973e+06	1.92683e-295
3.89983e+06	4.78524e-297
3.89993e+06	1.17658e-298
3.90003e+06	2.86416e-300
3.90013e+06	6.90285e-302
3.90023e+06	1.64709e-303
3.90033e+06	3.89102e-305
3.90043e+06	9.10054e-307
3.90053e+06	2.1073e-308
3.90063e+06	4.83108e-310
3.90073e+06	1.09653e-311
3.90083e+06	2.46405e-313
3.90093e+06	5.482e-315
3.90103e+06	1.20749e-316
3.90113e+06	2.63322e-318
3.90123e+06	5.68768e-320
3.90133e+06	1.23516e-321
3.90143e+06	0
3.90153e+06	0
3.90163e+06	0
3.90173e+06	0
3.90183e+06	0
3.90193e+06	0
3.90203e+06	0
3.90213e+06	0
3.90223e+06	0
3.90233e+06	0
3.90243e+06	0
3.90253e+06	0
3.90263e+06	0
3.90273e+06	0
3.90283e+06	0
3.90293e+06	0
3.90303e+06	0
3.90313e+06	0
3.90323e+06	0
3.90333e+06	0
3.90343e+06	0
3.90353e+06	0
3.90363e+06	0
3.90373e+06	0
3.90383e+06	0
3.90393e+06	0
3.90403e+06	0
3.90413e+06	0
3.90423e+06	0
3.90433e+06	0
3.90443e+06	0
3.90453e+06	0
3.90463e+06	0
3.90473e+06	0
3.90483e+06	0
3.90493e+06	0
3.90503e+06	0
3.90513e+06	0
3.90523e+06	0
3.90533e+06	0
3.90543e+06	0
3.90553e+06	0
3.90563e+06	0
3.90573e+06	0
3.90583e+06	0
3.90593e+06	0
3.90603e+06	0
3.90613e+06	0
3.90623e+06	0
3.90633e+06	0
3.90643e+06	0
3.90653e+06	0
3.90663e+06	0
3.90673e+06	0
3.90683e+06	0
3.90693e+06	0
3.90703e+06	0
3.90713e+06	0
3.90723e+06	0
3.90733e+06	0
3.90743e+06	0
3.90753e+06	0
3.90763e+06	0
3.90773e+06	0
3.90783e+06	0
3.90793e+06	0
3.90803e+06	4.94066e-324
3.90813e+06	1.92686e-322
3.90823e+06	8.91294e-321
3.90833e+06	4.08577e-319
3.90843e+06	1.85419e-317
3.90853e+06	8.33092e-316
3.90863e+06	3.70586e-314
3.90873e+06	1.63208e-312
3.90883e+06	7.11628e-311
3.90893e+06	3.07199e-309
3.90903e+06	1.31294e-307
3.90913e+06	5.55554e-306
3.90923e+06	2.32737e-304
3.90933e+06	9.65295e-303
3.90943e+06	3.96381e-301
3.90953e+06	1.61147e-299
3.90963e+06	6.48619e-298
3.90973e+06	2.58472e-296
3.90983e+06	1.01975e-294
3.90993e+06	3.9832e-293
3.91003e+06	1.54038e-291
3.91013e+06	5.89765e-290
3.91023e+06	2.23557e-288
3.91033e+06	8.38985e-287
3.91043e+06	3.11729e-285
3.91053e+06	1.14672e-283
3.91063e+06	4.17633e-282
3.91073e+06	1.50588e-280
3.91083e+06	5.37577e-279
3.91093e+06	1.89998e-277
3.91103e+06	6.64836e-276
3.91113e+06	2.30323e-274
3.91123e+06	7.89982e-273
3.91133e+06	2.68259e-271
3.91143e+06	9.01877e-270
3.91153e+06	3.00191e-268
3.91163e+06	9.8925e-267
3.91173e+06	3.22754e-265
3.91183e+06	1.04254e-263
3.91193e+06	3.33405e-262
3.91203e+06	1.05562e-260
3.91213e+06	3.30903e-259
3.91223e+06	1.02695e-257
3.91233e+06	3.15543e-256
3.91243e+06	9.59893e-255
3.91253e+06	2.89097e-253
3.91263e+06	8.62031e-252
3.91273e+06	2.54483e-250
3.91283e+06	7.43791e-249
3.91293e+06	2.15229e-247
3.91303e+06	6.16605e-246
3.91313e+06	1.74892e-244
3.91323e+06	4.91124e-243
3.91333e+06	1.36543e-241
3.91343e+06	3.75841e-240
3.91353e+06	1.02423e-238
3.91363e+06	2.76341e-237
3.91373e+06	7.38161e-236
3.91383e+06	1.95215e-234
3.91393e+06	5.11133e-233
3.91403e+06	1.32499e-231
3.91413e+06	3.40052e-230
3.91423e+06	8.64046e-229
3.91433e+06	2.17363e-227
3.91443e+06	5.41366e-226
3.91453e+06	1.33491e-224
3.91463e+06	3.25891e-223
3.91473e+06	7.87679e-222
3.91483e+06	1.88488e-220
3.91493e+06	4.46553e-219
3.91503e+06	1.04742e-217
3.91513e+06	2.43235e-216
3.91523e+06	5.59227e-215
3.91533e+06	1.27294e-213
3.91543e+06	2.86868e-212
3.91553e+06	6.40053e-211
3.91563e+06	1.41386e-209
3.91573e+06	3.0921e-208
3.91583e+06	6.6951e-207
3.91593e+06	1.43522e-205
3.91603e+06	3.04605e-204
3.91613e+06	6.40047e-203
3.91623e+06	1.33151e-201
3.91633e+06	2.74242e-200
3.91643e+06	5.59217e-199
3.91653e+06	1.12897e-197
3.91663e+06	2.25655e-196
3.91673e+06	4.46542e-195
3.91683e+06	8.74857e-194
3.91693e+06	1.69695e-192
3.91703e+06	3.2588e-191
3.91713e+06	6.19589e-190
3.91723e+06	1.16629e-188
3.91733e+06	2.17353e-187
3.91743e+06	4.01036e-186
3.91753e+06	7.32584e-185
3.91763e+06	1.32492e-183
3.91773e+06	2.37234e-182
3.91783e+06	4.20554e-181
3.91793e+06	7.38116e-180
3.91803e+06	1.28258e-178
3.91813e+06	2.20648e-177
3.91823e+06	3.75815e-176
3.91833e+06	6.3373e-175
3.91843e+06	1.05802e-173
3.91853e+06	1.74879e-172
3.91863e+06	2.86179e-171
3.91873e+06	4.63657e-170
3.91883e+06	7.43726e-169
3.91893e+06	1.1811e-167
3.91903e+06	1.85702e-166
3.91913e+06	2.8907e-165
3.91923e+06	4.45499e-164
3.91933e+06	6.79748e-163
3.91943e+06	1.02685e-161
3.91953e+06	1.53575e-160
3.91963e+06	2.27402e-159
3.91973e+06	3.33367e-158
3.91983e+06	4.83849e-157
3.91993e+06	6.95269e-156
3.92003e+06	9.8913e-155
3.92013e+06	1.39319e-153
3.92023e+06	1.94279e-152
3.92033e+06	2.68224e-151
3.92043e+06	3.66628e-150
3.92053e+06	4.96149e-149
3.92063e+06	6.64744e-148
3.92073e+06	8.81768e-147
3.92083e+06	1.15801e-145
3.92093e+06	1.50565e-144
3.92103e+06	1.93819e-143
3.92113e+06	2.47016e-142
3.92123e+06	3.11681e-141
3.92133e+06	3.89361e-140
3.92143e+06	4.81561e-139
3.92153e+06	5.89668e-138
3.92163e+06	7.1486e-137
3.92173e+06	8.58008e-136
3.92183e+06	1.01957e-134
3.92193e+06	1.19951e-133
3.92203e+06	1.39716e-132
3.92213e+06	1.61118e-131
3.92223e+06	1.8395e-130
3.92233e+06	2.07928e-129
3.92243e+06	2.32692e-128
3.92253e+06	2.57815e-127
3.92263e+06	2.82809e-126
3.92273e+06	3.07138e-125
3.92283e+06	3.30242e-124
3.92293e+06	3.5155e-123
3.92303e+06	3.70509e-122
3.92313e+06	3.86606e-121
3.92323e+06	3.99387e-120
3.92333e+06	4.08487e-119
3.92343e+06	4.13636e-118
3.92353e+06	4.14682e-117
3.92363e+06	4.11595e-116
3.92373e+06	4.04466e-115
3.92383e+06	3.93505e-114
3.92393e+06	3.79032e-113
3.92403e+06	3.61459e-112
3.92413e+06	3.4127e-111
3.92423e+06	3.19003e-110
3.92433e+06	2.95222e-109
3.92443e+06	2.70495e-108
3.92453e+06	2.45374e-107
3.92463e+06	2.2037e-106
3.92473e+06	1.95945e-105
3.92483e+06	1.72494e-104
3.92493e+06	1.50339e-103
3.92503e+06	1.29725e-102
3.92513e+06	1.10824e-101
3.92523e+06	9.37349e-101
3.92533e+06	7.84921e-100
3.92543e+06	6.5074e-99
3.92553e+06	5.34128e-98
3.92563e+06	4.34052e-97
3.92573e+06	3.49216e-96
3.92583e+06	2.78166e-95
3.92593e+06	2.19367e-94
3.92603e+06	1.71275e-93
3.92613e+06	1.32396e-92
3.92623e+06	1.01324e-91
3.92633e+06	7.67729e-91
3.92643e+06	5.75917e-90
3.92653e+06	4.27729e-89
3.92663e+06	3.14511e-88
3.92673e+06	2.28959e-87
3.92683e+06	1.65021e-86
3.92693e+06	1.17754e-85
3.92703e+06	8.31898e-85
3.92713e+06	5.81864e-84
3.92723e+06	4.02931e-83
3.92733e+06	2.76246e-82
3.92743e+06	1.87507e-81
3.92753e+06	1.26008e-80
3.92763e+06	8.38368e-80
3.92773e+06	5.52241e-79
3.92783e+06	3.60146e-78
3.92793e+06	2.32534e-77
3.92803e+06	1.48646e-76
3.92813e+06	9.40749e-76
3.92823e+06	5.89458e-75
3.92833e+06	3.6567e-74
3.92843e+06	2.24586e-73
3.92853e+06	1.36563e-72
3.92863e+06	8.22128e-72
3.92873e+06	4.90009e-71
3.92883e+06	2.89151e-70
3.92893e+06	1.68929e-69
3.92903e+06	9.771e-69
3.92913e+06	5.59541e-68
3.92923e+06	3.17235e-67
3.92933e+06	1.78069e-66
3.92943e+06	9.89581e-66
3.92953e+06	5.44468e-65
3.92963e+06	2.96586e-64
3.92973e+06	1.5995e-63
3.92983e+06	8.54037e-63
3.92993e+06	4.51467e-62
3.93003e+06	2.36283e-61
3.93013e+06	1.22432e-60
3.93023e+06	6.2808e-60
3.93033e+06	3.19001e-59
3.93043e+06	1.60408e-58
3.93053e+06	7.98579e-58
3.93063e+06	3.9361e-57
3.93073e+06	1.92075e-56
3.93083e+06	9.2797e-56
3.93093e+06	4.43868e-55
3.93103e+06	2.10199e-54
3.93113e+06	9.85516e-54
3.93123e+06	4.57461e-53
3.93133e+06	2.10234e-52
3.93143e+06	9.56548e-52
3.93153e+06	4.30892e-51
3.93163e+06	1.92171e-50
3.93173e+06	8.48523e-50
3.93183e+06	3.70934e-49
3.93193e+06	1.60541e-48
3.93203e+06	6.87913e-48
3.93213e+06	2.91835e-47
3.93223e+06	1.22574e-46
3.93233e+06	5.09703e-46
3.93243e+06	2.09842e-45
3.93253e+06	8.55313e-45
3.93263e+06	3.45155e-44
3.93273e+06	1.37899e-43
3.93283e+06	5.45462e-43
3.93293e+06	2.13612e-42
3.93303e+06	8.28215e-42
3.93313e+06	3.1792e-41
3.93323e+06	1.20823e-40
3.93333e+06	4.54609e-40
3.93343e+06	1.6935e-39
3.93353e+06	6.24579e-39
3.93363e+06	2.28059e-38
3.93373e+06	8.2445e-38
3.93383e+06	2.95079e-37
3.93393e+06	1.04561e-36
3.93403e+06	3.66824e-36
3.93413e+06	1.2741e-35
3.93423e+06	4.38132e-35
3.93433e+06	1.49164e-34
3.93443e+06	5.02784e-34
3.93453e+06	1.67786e-33
3.93463e+06	5.54351e-33
3.93473e+06	1.81331e-32
3.93483e+06	5.87242e-32
3.93493e+06	1.88286e-31
3.93503e+06	5.97693e-31
3.93513e+06	1.87842e-30
3.93523e+06	5.84476e-30
3.93533e+06	1.80051e-29
3.93543e+06	5.49141e-29
3.93553e+06	1.65816e-28
3.93563e+06	4.95711e-28
3.93573e+06	1.46719e-27
3.93583e+06	4.29934e-27
3.93593e+06	1.24731e-26
3.93603e+06	3.58264e-26
3.93613e+06	1.0188e-25
3.93623e+06	2.86836e-25
3.93633e+06	7.99528e-25
3.93643e+06	2.20644e-24
3.93653e+06	6.02846e-24
3.93663e+06	1.63071e-23
3.93673e+06	4.36723e-23
3.93683e+06	1.15796e-22
3.93693e+06	3.03973e-22
3.93703e+06	7.90014e-22
3.93713e+06	2.03279e-21
3.93723e+06	5.17852e-21
3.93733e+06	1.3061e-20
3.93743e+06	3.26141e-20
3.93753e+06	8.06288e-20
3.93763e+06	1.97348e-19
3.93773e+06	4.78224e-19
3.93783e+06	1.14733e-18
3.93793e+06	2.72522e-18
3.93803e+06	6.40873e-18
3.93813e+06	1.4921e-17
3.93823e+06	3.43941e-17
3.93833e+06	7.8492e-17
3.93843e+06	1.77347e-16
3.93853e+06	3.96716e-16
3.93863e+06	8.78603e-16
3.93873e+06	1.92647e-15
3.93883e+06	4.18205e-15
3.93893e+06	8.98821e-15
3.93903e+06	1.91256e-14
3.93913e+06	4.02914e-14
3.93923e+06	8.40363e-14
3.93933e+06	1.73532e-13
3.93943e+06	3.54771e-13
3.93953e+06	7.18083e-13
3.93963e+06	1.43899e-12
3.93973e+06	2.85495e-12
3.93983e+06	5.60784e-12
3.93993e+06	1.09056e-11
3.94003e+06	2.09972e-11
3.94013e+06	4.00249e-11
3.94023e+06	7.55364e-11
3.94033e+06	1.41136e-10
3.94043e+06	2.61083e-10
3.94053e+06	4.78162e-10
3.94063e+06	8.6702e-10
3.94073e+06	1.55647e-09
3.94083e+06	2.76636e-09
3.94093e+06	4.86781e-09
3.94103e+06	8.48038e-09
3.94113e+06	1.4627e-08
3.94123e+06	2.49776e-08
3.94133e+06	4.22283e-08
3.94143e+06	7.06829e-08
3.94153e+06	1.17134e-07
3.94163e+06	1.92179e-07
3.94173e+06	3.12167e-07
3.94183e+06	5.02026e-07
3.94193e+06	7.99322e-07
3.94203e+06	1.26001e-06
3.94213e+06	1.96645e-06
3.94223e+06	3.03844e-06
3.94233e+06	4.64809e-06
3.94243e+06	7.03972e-06
3.94253e+06	1.05558e-05
3.94263e+06	1.56707e-05
3.94273e+06	2.30325e-05
3.94283e+06	3.35158e-05
3.94293e+06	4.82853e-05
3.94303e+06	6.88713e-05
3.94313e+06	9.72565e-05
3.94323e+06	0.000135974
3.94333e+06	0.000188213
3.94343e+06	0.00025793
3.94353e+06	0.000349953
3.94363e+06	0.000470084
3.94373e+06	0.00062517
3.94383e+06	0.000823148
3.94393e+06	0.00107304
3.94403e+06	0.00138487
3.94413e+06	0.00176954
3.94423e+06	0.00223855
3.94433e+06	0.0028037
3.94443e+06	0.00347659
3.94453e+06	0.00426808
3.94463e+06	0.00518763
3.94473e+06	0.00624255
3.94483e+06	0.00743725
3.94493e+06	0.00877242
3.94503e+06	0.0102443
3.94513e+06	0.0118442
3.94523e+06	0.0135576
3.94533e+06	0.0153645
3.94543e+06	0.017239
3.94553e+06	0.0191497
3.94563e+06	0.0210605
3.94573e+06	0.0229314
3.94583e+06	0.0247202
3.94593e+06	0.0263834
3.94603e+06	0.0278782
3.94613e+06	0.0291646
3.94623e+06	0.0302069
3.94633e+06	0.030975
3.94643e+06	0.0314467
3.94653e+06	0.0316078
3.94663e+06	0.0314537
3.94673e+06	0.0309889
3.94683e+06	0.0302272
3.94693e+06	0.0291908
3.94703e+06	0.0279095
3.94713e+06	0.0264188
3.94723e+06	0.024759
3.94733e+06	0.0229726
3.94743e+06	0.021103
3.94753e+06	0.0191926
3.94763e+06	0.0172815
3.94773e+06	0.0154059
3.94783e+06	0.0135972
3.94793e+06	0.0118814
3.94803e+06	0.0102788
3.94813e+06	0.00880392
3.94823e+06	0.00746563
3.94833e+06	0.00626778
3.94843e+06	0.00520976
3.94853e+06	0.00428725
3.94863e+06	0.00349299
3.94873e+06	0.00281756
3.94883e+06	0.00225012
3.94893e+06	0.00177908
3.94903e+06	0.00139265
3.94913e+06	0.00107931
3.94923e+06	0.000828142
3.94933e+06	0.000629104
3.94943e+06	0.000473148
3.94953e+06	0.000352313
3.94963e+06	0.000259728
3.94973e+06	0.000189567
3.94983e+06	0.000136983
3.94993e+06	9.80002e-05
3.95003e+06	6.94135e-05
3.95013e+06	4.86763e-05
3.95023e+06	3.37947e-05
3.95033e+06	2.32294e-05
3.95043e+06	1.58082e-05
3.95053e+06	1.06509e-05
3.95063e+06	7.10468e-06
3.95073e+06	4.69203e-06
3.95083e+06	3.06785e-06
3.95093e+06	1.98593e-06
3.95103e+06	1.27278e-06
3.95113e+06	8.07601e-07
3.95123e+06	5.0734e-07
3.95133e+06	3.15542e-07
3.95143e+06	1.943e-07
3.95153e+06	1.18453e-07
3.95163e+06	7.14951e-08
3.95173e+06	4.27231e-08
3.95183e+06	2.52759e-08
3.95193e+06	1.4805e-08
3.95203e+06	8.58552e-09
3.95213e+06	4.92926e-09
3.95223e+06	2.80191e-09
3.95233e+06	1.57682e-09
3.95243e+06	8.78556e-10
3.95253e+06	4.84633e-10
3.95263e+06	2.64675e-10
3.95273e+06	1.4311e-10
3.95283e+06	7.661e-11
3.95293e+06	4.06029e-11
3.95303e+06	2.13052e-11
3.95313e+06	1.10681e-11
3.95323e+06	5.69265e-12
3.95333e+06	2.89877e-12
3.95343e+06	1.46141e-12
3.95353e+06	7.29433e-13
3.95363e+06	3.60459e-13
3.95373e+06	1.76354e-13
3.95383e+06	8.5422e-14
3.95393e+06	4.09649e-14
3.95403e+06	1.94496e-14
3.95413e+06	9.14255e-15
3.95423e+06	4.25482e-15
3.95433e+06	1.96043e-15
3.95443e+06	8.94291e-16
3.95453e+06	4.0389e-16
3.95463e+06	1.80595e-16
3.95473e+06	7.99472e-17
3.95483e+06	3.50396e-17
3.95493e+06	1.52045e-17
3.95503e+06	6.53193e-18
3.95513e+06	2.77823e-18
3.95523e+06	1.16991e-18
3.95533e+06	4.87746e-19
3.95543e+06	2.01322e-19
3.95553e+06	8.2271e-20
3.95563e+06	3.32858e-20
3.95573e+06	1.3333e-20
3.95583e+06	5.28755e-21
3.95593e+06	2.07605e-21
3.95603e+06	8.07008e-22
3.95613e+06	3.10581e-22
3.95623e+06	1.1834e-22
3.95633e+06	4.46418e-23
3.95643e+06	1.66729e-23
3.95653e+06	6.16503e-24
3.95663e+06	2.25693e-24
3.95673e+06	8.18009e-25
3.95683e+06	2.93532e-25
3.95693e+06	1.04282e-25
3.95703e+06	3.66792e-26
3.95713e+06	1.27728e-26
3.95723e+06	4.40365e-27
3.95733e+06	1.50312e-27
3.95743e+06	5.07965e-28
3.95753e+06	1.69953e-28
3.95763e+06	5.62967e-29
3.95773e+06	1.84626e-29
3.95783e+06	5.99461e-30
3.95793e+06	1.92702e-30
3.95803e+06	6.13291e-31
3.95813e+06	1.93244e-31
3.95823e+06	6.02838e-32
3.95833e+06	1.86189e-32
3.95843e+06	5.69329e-33
3.95853e+06	1.72357e-33
3.95863e+06	5.16599e-34
3.95873e+06	1.53297e-34
3.95883e+06	4.50373e-35
3.95893e+06	1.30999e-35
3.95903e+06	3.77241e-36
3.95913e+06	1.07554e-36
3.95923e+06	3.03595e-37
3.95933e+06	8.48433e-38
3.95943e+06	2.34746e-38
3.95953e+06	6.43036e-39
3.95963e+06	1.74393e-39
3.95973e+06	4.68254e-40
3.95983e+06	1.24477e-40
3.95993e+06	3.27608e-41
3.96003e+06	8.53646e-42
3.96013e+06	2.2022e-42
3.96023e+06	5.62463e-43
3.96033e+06	1.42229e-43
3.96043e+06	3.56072e-44
3.96053e+06	8.82564e-45
3.96063e+06	2.16576e-45
3.96073e+06	5.26179e-46
3.96083e+06	1.26565e-46
3.96093e+06	3.01403e-47
3.96103e+06	7.10626e-48
3.96113e+06	1.65879e-48
3.96123e+06	3.83353e-49
3.96133e+06	8.77128e-50
3.96143e+06	1.98694e-50
3.96153e+06	4.45618e-51
3.96163e+06	9.8946e-52
3.96173e+06	2.17516e-52
3.96183e+06	4.73413e-53
3.96193e+06	1.02011e-53
3.96203e+06	2.17626e-54
3.96213e+06	4.59654e-55
3.96223e+06	9.6119e-56
3.96233e+06	1.98996e-56
3.96243e+06	4.07883e-57
3.96253e+06	8.27722e-58
3.96263e+06	1.66299e-58
3.96273e+06	3.30791e-59
3.96283e+06	6.51439e-60
3.96293e+06	1.27014e-60
3.96303e+06	2.4518e-61
3.96313e+06	4.68572e-62
3.96323e+06	8.86594e-63
3.96333e+06	1.66085e-63
3.96343e+06	3.0803e-64
3.96353e+06	5.65604e-65
3.96363e+06	1.02823e-65
3.96373e+06	1.85064e-66
3.96383e+06	3.29771e-67
3.96393e+06	5.81783e-68
3.96403e+06	1.01617e-68
3.96413e+06	1.75723e-69
3.96423e+06	3.00847e-70
3.96433e+06	5.09944e-71
3.96443e+06	8.55766e-72
3.96453e+06	1.42182e-72
3.96463e+06	2.3388e-73
3.96473e+06	3.80887e-74
3.96483e+06	6.14126e-75
3.96493e+06	9.80339e-76
3.96503e+06	1.54936e-76
3.96513e+06	2.42429e-77
3.96523e+06	3.75555e-78
3.96533e+06	5.75996e-79
3.96543e+06	8.74628e-80
3.96553e+06	1.31487e-80
3.96563e+06	1.95705e-81
3.96573e+06	2.88387e-82
3.96583e+06	4.20734e-83
3.96593e+06	6.07711e-84
3.96603e+06	8.69046e-85
3.96613e+06	1.2304e-85
3.96623e+06	1.72467e-86
3.96633e+06	2.39344e-87
3.96643e+06	3.28849e-88
3.96653e+06	4.4733e-89
3.96663e+06	6.02443e-90
3.96673e+06	8.0327e-91
3.96683e+06	1.06039e-91
3.96693e+06	1.38587e-92
3.96703e+06	1.79324e-93
3.96713e+06	2.29728e-94
3.96723e+06	2.91369e-95
3.96733e+06	3.65874e-96
3.96743e+06	4.54858e-97
3.96753e+06	5.59858e-98
3.96763e+06	6.82239e-99
3.96773e+06	8.23099e-100
3.96783e+06	9.83162e-101
3.96793e+06	1.16267e-101
3.96803e+06	1.36126e-102
3.96813e+06	1.57792e-103
3.96823e+06	1.81087e-104
3.96833e+06	2.05753e-105
3.96843e+06	2.31452e-106
3.96853e+06	2.5777e-107
3.96863e+06	2.84225e-108
3.96873e+06	3.10276e-109
3.96883e+06	3.35345e-110
3.96893e+06	3.58833e-111
3.96903e+06	3.80145e-112
3.96913e+06	3.98717e-113
3.96923e+06	4.14034e-114
3.96933e+06	4.25662e-115
3.96943e+06	4.33262e-116
3.96953e+06	4.3661e-117
3.96963e+06	4.35605e-118
3.96973e+06	4.30279e-119
3.96983e+06	4.20789e-120
3.96993e+06	4.07413e-121
3.97003e+06	3.90538e-122
3.97013e+06	3.70637e-123
3.97023e+06	3.4825e-124
3.97033e+06	3.23959e-125
3.97043e+06	2.98364e-126
3.97053e+06	2.72057e-127
3.97063e+06	2.45601e-128
3.97073e+06	2.19512e-129
3.97083e+06	1.94241e-130
3.97093e+06	1.7017e-131
3.97103e+06	1.47599e-132
3.97113e+06	1.26747e-133
3.97123e+06	1.07758e-134
3.97133e+06	9.07027e-136
3.97143e+06	7.5587e-137
3.97153e+06	6.23636e-138
3.97163e+06	5.09415e-139
3.97173e+06	4.11974e-140
3.97183e+06	3.29857e-141
3.97193e+06	2.61479e-142
3.97203e+06	2.05214e-143
3.97213e+06	1.59453e-144
3.97223e+06	1.22664e-145
3.97233e+06	9.34236e-147
3.97243e+06	7.04456e-148
3.97253e+06	5.25906e-149
3.97263e+06	3.88705e-150
3.97273e+06	2.84438e-151
3.97283e+06	2.0607e-152
3.97293e+06	1.47808e-153
3.97303e+06	1.04963e-154
3.97313e+06	7.37961e-156
3.97323e+06	5.13673e-157
3.97333e+06	3.53996e-158
3.97343e+06	2.41527e-159
3.97353e+06	1.63151e-160
3.97363e+06	1.09112e-161
3.97373e+06	7.22457e-163
3.97383e+06	4.73596e-164
3.97393e+06	3.0737e-165
3.97403e+06	1.97502e-166
3.97413e+06	1.25643e-167
3.97423e+06	7.91341e-169
3.97433e+06	4.93452e-170
3.97443e+06	3.04638e-171
3.97453e+06	1.862e-172
3.97463e+06	1.12676e-173
3.97473e+06	6.75059e-175
3.97483e+06	4.00413e-176
3.97493e+06	2.35143e-177
3.97503e+06	1.36714e-178
3.97513e+06	7.86957e-180
3.97523e+06	4.48483e-181
3.97533e+06	2.53045e-182
3.97543e+06	1.41354e-183
3.97553e+06	7.81759e-185
3.97563e+06	4.28052e-186
3.97573e+06	2.32047e-187
3.97583e+06	1.24541e-188
3.97593e+06	6.61771e-190
3.97603e+06	3.48144e-191
3.97613e+06	1.81329e-192
3.97623e+06	9.35047e-194
3.97633e+06	4.77371e-195
3.97643e+06	2.41288e-196
3.97653e+06	1.20746e-197
3.97663e+06	5.98227e-199
3.97673e+06	2.93438e-200
3.97683e+06	1.42503e-201
3.97693e+06	6.85156e-203
3.97703e+06	3.26145e-204
3.97713e+06	1.53706e-205
3.97723e+06	7.17177e-207
3.97733e+06	3.31299e-208
3.97743e+06	1.5152e-209
3.97753e+06	6.86083e-211
3.97763e+06	3.07568e-212
3.97773e+06	1.36509e-213
3.97783e+06	5.99848e-215
3.97793e+06	2.60961e-216
3.97803e+06	1.12401e-217
3.97813e+06	4.79312e-219
3.97823e+06	2.0236e-220
3.97833e+06	8.45841e-222
3.97843e+06	3.50033e-223
3.97853e+06	1.43413e-224
3.97863e+06	5.81731e-226
3.97873e+06	2.33622e-227
3.97883e+06	9.28887e-229
3.97893e+06	3.65653e-230
3.97903e+06	1.42506e-231
3.97913e+06	5.4986e-233
3.97923e+06	2.10053e-234
3.97933e+06	7.94444e-236
3.97943e+06	2.97478e-237
3.97953e+06	1.10282e-238
3.97963e+06	4.0477e-240
3.97973e+06	1.47086e-241
3.97983e+06	5.29164e-243
3.97993e+06	1.88481e-244
3.98003e+06	6.64662e-246
3.98013e+06	2.32055e-247
3.98023e+06	8.02119e-249
3.98033e+06	2.74501e-250
3.98043e+06	9.30048e-252
3.98053e+06	3.11978e-253
3.98063e+06	1.0361e-254
3.98073e+06	3.4067e-256
3.98083e+06	1.10898e-257
3.98093e+06	3.57413e-259
3.98103e+06	1.14045e-260
3.98113e+06	3.60276e-262
3.98123e+06	1.12682e-263
3.98133e+06	3.48923e-265
3.98143e+06	1.0697e-266
3.98153e+06	3.24677e-268
3.98163e+06	9.75658e-270
3.98173e+06	2.90269e-271
3.98183e+06	8.54992e-273
3.98193e+06	2.49333e-274
3.98203e+06	7.1987e-276
3.98213e+06	2.05772e-277
3.98223e+06	5.82338e-279
3.98233e+06	1.63163e-280
3.98243e+06	4.52609e-282
3.98253e+06	1.24304e-283
3.98263e+06	3.37988e-285
3.98273e+06	9.0986e-287
3.98283e+06	2.42497e-288
3.98293e+06	6.39873e-290
3.98303e+06	1.67163e-291
3.98313e+06	4.32356e-293
3.98323e+06	1.10714e-294
3.98333e+06	2.80684e-296
3.98343e+06	7.04516e-298
3.98353e+06	1.75074e-299
3.98363e+06	4.30734e-301
3.98373e+06	1.04919e-302
3.98383e+06	2.5302e-304
3.98393e+06	6.04107e-306
3.98403e+06	1.42801e-307
3.98413e+06	3.34197e-309
3.98423e+06	7.74342e-311
3.98433e+06	1.77631e-312
3.98443e+06	4.03426e-314
3.98453e+06	9.0712e-316
3.98463e+06	2.0194e-317
3.98473e+06	4.45079e-319
3.98483e+06	9.71333e-321
3.98493e+06	2.07508e-322
3.98503e+06	4.94066e-324
3.98513e+06	0
3.98523e+06	0
3.98533e+06	0
3.98543e+06	0
3.98553e+06	0
3.98563e+06	0
3.98573e+06	0
3.98583e+06	0
3.98593e+06	0
3.98603e+06	0
3.98613e+06	0
3.98623e+06	0
3.98633e+06	0
3.98643e+06	0
3.98653e+06	0
3.98663e+06	0
3.98673e+06	0
3.98683e+06	0
3.98693e+06	0
3.98703e+06	0
3.98713e+06	0
3.98723e+06	0
3.98733e+06	0
3.98743e+06	0
3.98753e+06	0
3.98763e+06	0
3.98773e+06	0
3.98783e+06	0
3.98793e+06	0
3.98803e+06	0
3.98813e+06	0
3.98823e+06	0
3.98833e+06	0
3.98843e+06	0
3.98853e+06	0
3.98863e+06	0
3.98873e+06	0
3.98883e+06	0
3.98893e+06	0
3.98903e+06	0
3.98913e+06	0
3.98923e+06	0
3.98933e+06	0
3.98943e+06	0
3.98953e+06	0
3.98963e+06	0
3.98973e+06	0
3.98983e+06	0
3.98993e+06	0
3.99003e+06	0
3.99013e+06	0
3.99023e+06	0
3.99033e+06	0
3.99043e+06	0
3.99053e+06	0
3.99063e+06	0
3.99073e+06	0
3.99083e+06	0
3.99093e+06	0
3.99103e+06	0
3.99113e+06	0
3.99123e+06	0
3.99133e+06	0
3.99143e+06	0
3.99153e+06	0
3.99163e+06	0
3.99173e+06	0
3.99183e+06	0
3.99193e+06	0
3.99203e+06	0
3.99213e+06	0
3.99223e+06	0
3.99233e+06	0
3.99243e+06	0
3.99253e+06	0
3.99263e+06	0
3.99273e+06	0
3.99283e+06	0
3.99293e+06	0
3.99303e+06	0
3.99313e+06	0
3.99323e+06	0
3.99333e+06	0
3.99343e+06	0
3.99353e+06	0
3.99363e+06	0
3.99373e+06	0
3.99383e+06	0
3.99393e+06	0
3.99403e+06	0
3.99413e+06	0
3.99423e+06	0
3.99433e+06	0
3.99443e+06	0
3.99453e+06	0
3.99463e+06	0
3.99473e+06	0
3.99483e+06	0
3.99493e+06	0
3.99503e+06	0
3.99513e+06	0
3.99523e+06	0
3.99533e+06	0
3.99543e+06	0
3.99553e+06	0
3.99563e+06	0
3.99573e+06	0
3.99583e+06	0
3.99593e+06	0
3.99603e+06	0
3.99613e+06	0
3.99623e+06	0
3.99633e+06	0
3.99643e+06	0
3.99653e+06	0
3.99663e+06	0
3.99673e+06	0
3.99683e+06	0
3.99693e+06	0
3.99703e+06	0
3.99713e+06	0
3.99723e+06	0
3.99733e+06	0
3.99743e+06	0
3.99753e+06	0
3.99763e+06	0
3.99773e+06	0
3.99783e+06	0
3.99793e+06	0
3.99803e+06	0
3.99813e+06	0
3.99823e+06	0
3.99833e+06	0
3.99843e+06	0
3.99853e+06	0
3.99863e+06	0
3.99873e+06	0
3.99883e+06	0
3.99893e+06	0
3.99903e+06	0
3.99913e+06	0
3.99923e+06	0
3.99933e+06	0
3.99943e+06	0
3.99953e+06	0
3.99963e+06	0
3.99973e+06	0
3.99983e+06	0
3.99993e+06	0
4.00003e+06	0
4.00013e+06	0
4.00023e+06	0
4.00033e+06	0
4.00043e+06	0
4.00053e+06	1.28457e-322
4.00063e+06	5.33591e-321
4.00073e+06	2.48619e-319
4.00083e+06	1.14562e-317
4.00093e+06	5.22617e-316
4.00103e+06	2.36037e-314
4.00113e+06	1.05544e-312
4.00123e+06	4.67247e-311
4.00133e+06	2.04793e-309
4.00143e+06	8.8867e-308
4.00153e+06	3.81789e-306
4.00163e+06	1.62391e-304
4.00173e+06	6.83848e-303
4.00183e+06	2.85111e-301
4.00193e+06	1.17686e-299
4.00203e+06	4.80942e-298
4.00213e+06	1.94589e-296
4.00223e+06	7.7947e-295
4.00233e+06	3.09128e-293
4.00243e+06	1.21377e-291
4.00253e+06	4.71833e-290
4.00263e+06	1.81593e-288
4.00273e+06	6.91936e-287
4.00283e+06	2.6103e-285
4.00293e+06	9.74926e-284
4.00303e+06	3.60504e-282
4.00313e+06	1.31979e-280
4.00323e+06	4.78364e-279
4.00333e+06	1.71659e-277
4.00343e+06	6.09866e-276
4.00353e+06	2.14515e-274
4.00363e+06	7.47032e-273
4.00373e+06	2.57559e-271
4.00383e+06	8.79168e-270
4.00393e+06	2.97114e-268
4.00403e+06	9.94106e-267
4.00413e+06	3.29305e-265
4.00423e+06	1.08e-263
4.00433e+06	3.50673e-262
4.00443e+06	1.1273e-260
4.00453e+06	3.58785e-259
4.00463e+06	1.13054e-257
4.00473e+06	3.5269e-256
4.00483e+06	1.08933e-254
4.00493e+06	3.33105e-253
4.00503e+06	1.00847e-251
4.00513e+06	3.02272e-250
4.00523e+06	8.96998e-249
4.00533e+06	2.63538e-247
4.00543e+06	7.66567e-246
4.00553e+06	2.20757e-244
4.00563e+06	6.29415e-243
4.00573e+06	1.77671e-241
4.00583e+06	4.96538e-240
4.00593e+06	1.37387e-238
4.00603e+06	3.76353e-237
4.00613e+06	1.02071e-235
4.00623e+06	2.74073e-234
4.00633e+06	7.28598e-233
4.00643e+06	1.91764e-231
4.00653e+06	4.99691e-230
4.00663e+06	1.28912e-228
4.00673e+06	3.29264e-227
4.00683e+06	8.32627e-226
4.00693e+06	2.08456e-224
4.00703e+06	5.16696e-223
4.00713e+06	1.26798e-221
4.00723e+06	3.08069e-220
4.00733e+06	7.41036e-219
4.00743e+06	1.76477e-217
4.00753e+06	4.16097e-216
4.00763e+06	9.71309e-215
4.00773e+06	2.2448e-213
4.00783e+06	5.13635e-212
4.00793e+06	1.16356e-210
4.00803e+06	2.60964e-209
4.00813e+06	5.79466e-208
4.00823e+06	1.27389e-206
4.00833e+06	2.77266e-205
4.00843e+06	5.97469e-204
4.00853e+06	1.27465e-202
4.00863e+06	2.69231e-201
4.00873e+06	5.6301e-200
4.00883e+06	1.16564e-198
4.00893e+06	2.38929e-197
4.00903e+06	4.84876e-196
4.00913e+06	9.74203e-195
4.00923e+06	1.93787e-193
4.00933e+06	3.81644e-192
4.00943e+06	7.44129e-191
4.00953e+06	1.43647e-189
4.00963e+06	2.74536e-188
4.00973e+06	5.1947e-187
4.00983e+06	9.73148e-186
4.00993e+06	1.8049e-184
4.01003e+06	3.31426e-183
4.01013e+06	6.02526e-182
4.01023e+06	1.08448e-180
4.01033e+06	1.93253e-179
4.01043e+06	3.40947e-178
4.01053e+06	5.95531e-177
4.01063e+06	1.02986e-175
4.01073e+06	1.76324e-174
4.01083e+06	2.98882e-173
4.01093e+06	5.01586e-172
4.01103e+06	8.3339e-171
4.01113e+06	1.37091e-169
4.01123e+06	2.23267e-168
4.01133e+06	3.59997e-167
4.01143e+06	5.74686e-166
4.01153e+06	9.08277e-165
4.01163e+06	1.42123e-163
4.01173e+06	2.20174e-162
4.01183e+06	3.37696e-161
4.01193e+06	5.12793e-160
4.01203e+06	7.7093e-159
4.01213e+06	1.14748e-157
4.01223e+06	1.69096e-156
4.01233e+06	2.46705e-155
4.01243e+06	3.56352e-154
4.01253e+06	5.0961e-153
4.01263e+06	7.2153e-152
4.01273e+06	1.01141e-150
4.01283e+06	1.40364e-149
4.01293e+06	1.92861e-148
4.01303e+06	2.62354e-147
4.01313e+06	3.53337e-146
4.01323e+06	4.71137e-145
4.01333e+06	6.2196e-144
4.01343e+06	8.12895e-143
4.01353e+06	1.05187e-141
4.01363e+06	1.34757e-140
4.01373e+06	1.7092e-139
4.01383e+06	2.14632e-138
4.01393e+06	2.6684e-137
4.01403e+06	3.28447e-136
4.01413e+06	4.00256e-135
4.01423e+06	4.8291e-134
4.01433e+06	5.76835e-133
4.01443e+06	6.82173e-132
4.01453e+06	7.9872e-131
4.01463e+06	9.25873e-130
4.01473e+06	1.06259e-128
4.01483e+06	1.20736e-127
4.01493e+06	1.3582e-126
4.01503e+06	1.51269e-125
4.01513e+06	1.66798e-124
4.01523e+06	1.82092e-123
4.01533e+06	1.9681e-122
4.01543e+06	2.10601e-121
4.01553e+06	2.23116e-120
4.01563e+06	2.34023e-119
4.01573e+06	2.43021e-118
4.01583e+06	2.49853e-117
4.01593e+06	2.54322e-116
4.01603e+06	2.56294e-115
4.01613e+06	2.55712e-114
4.01623e+06	2.52593e-113
4.01633e+06	2.47029e-112
4.01643e+06	2.39184e-111
4.01653e+06	2.29284e-110
4.01663e+06	2.17606e-109
4.01673e+06	2.04468e-108
4.01683e+06	1.90212e-107
4.01693e+06	1.75189e-106
4.01703e+06	1.59747e-105
4.01713e+06	1.44217e-104
4.01723e+06	1.28901e-103
4.01733e+06	1.14066e-102
4.01743e+06	9.9933e-102
4.01753e+06	8.66803e-101
4.01763e+06	7.4437e-100
4.01773e+06	6.3287e-99
4.01783e+06	5.32718e-98
4.01793e+06	4.43953e-97
4.01803e+06	3.66297e-96
4.01813e+06	2.99218e-95
4.01823e+06	2.41991e-94
4.01833e+06	1.93761e-93
4.01843e+06	1.536e-92
4.01853e+06	1.20552e-91
4.01863e+06	9.36726e-91
4.01873e+06	7.20624e-90
4.01883e+06	5.4886e-89
4.01893e+06	4.13878e-88
4.01903e+06	3.08986e-87
4.01913e+06	2.28383e-86
4.01923e+06	1.67126e-85
4.01933e+06	1.21083e-84
4.01943e+06	8.68519e-84
4.01953e+06	6.16782e-83
4.01963e+06	4.33652e-82
4.01973e+06	3.01862e-81
4.01983e+06	2.08033e-80
4.01993e+06	1.41943e-79
4.02003e+06	9.5885e-79
4.02013e+06	6.41277e-78
4.02023e+06	4.24617e-77
4.02033e+06	2.7836e-76
4.02043e+06	1.80664e-75
4.02053e+06	1.1609e-74
4.02063e+06	7.38543e-74
4.02073e+06	4.65172e-73
4.02083e+06	2.90073e-72
4.02093e+06	1.79085e-71
4.02103e+06	1.09463e-70
4.02113e+06	6.62419e-70
4.02123e+06	3.96877e-69
4.02133e+06	2.35415e-68
4.02143e+06	1.38252e-67
4.02153e+06	8.03832e-67
4.02163e+06	4.62718e-66
4.02173e+06	2.63708e-65
4.02183e+06	1.48795e-64
4.02193e+06	8.3121e-64
4.02203e+06	4.59716e-63
4.02213e+06	2.51725e-62
4.02223e+06	1.36464e-61
4.02233e+06	7.32435e-61
4.02243e+06	3.89203e-60
4.02253e+06	2.04758e-59
4.02263e+06	1.0665e-58
4.02273e+06	5.49971e-58
4.02283e+06	2.80786e-57
4.02293e+06	1.41928e-56
4.02303e+06	7.1026e-56
4.02313e+06	3.51904e-55
4.02323e+06	1.72619e-54
4.02333e+06	8.38317e-54
4.02343e+06	4.03075e-53
4.02353e+06	1.91876e-52
4.02363e+06	9.04301e-52
4.02373e+06	4.21951e-51
4.02383e+06	1.94925e-50
4.02393e+06	8.91519e-50
4.02403e+06	4.03693e-49
4.02413e+06	1.80979e-48
4.02423e+06	8.03271e-48
4.02433e+06	3.52983e-47
4.02443e+06	1.53568e-46
4.02453e+06	6.61465e-46
4.02463e+06	2.82078e-45
4.02473e+06	1.19094e-44
4.02483e+06	4.97812e-44
4.02493e+06	2.06015e-43
4.02503e+06	8.44092e-43
4.02513e+06	3.42403e-42
4.02523e+06	1.37512e-41
4.02533e+06	5.46769e-41
4.02543e+06	2.1524e-40
4.02553e+06	8.38878e-40
4.02563e+06	3.23692e-39
4.02573e+06	1.23658e-38
4.02583e+06	4.67701e-38
4.02593e+06	1.75135e-37
4.02603e+06	6.49283e-37
4.02613e+06	2.38315e-36
4.02623e+06	8.66019e-36
4.02633e+06	3.11573e-35
4.02643e+06	1.10981e-34
4.02653e+06	3.91377e-34
4.02663e+06	1.36647e-33
4.02673e+06	4.72346e-33
4.02683e+06	1.61651e-32
4.02693e+06	5.47712e-32
4.02703e+06	1.83732e-31
4.02713e+06	6.10201e-31
4.02723e+06	2.0064e-30
4.02733e+06	6.53163e-30
4.02743e+06	2.10514e-29
4.02753e+06	6.71736e-29
4.02763e+06	2.12213e-28
4.02773e+06	6.63749e-28
4.02783e+06	2.05538e-27
4.02793e+06	6.3014e-27
4.02803e+06	1.91267e-26
4.02813e+06	5.74776e-26
4.02823e+06	1.71007e-25
4.02833e+06	5.03719e-25
4.02843e+06	1.46899e-24
4.02853e+06	4.24137e-24
4.02863e+06	1.21241e-23
4.02873e+06	3.43125e-23
4.02883e+06	9.61417e-23
4.02893e+06	2.66703e-22
4.02903e+06	7.32487e-22
4.02913e+06	1.99173e-21
4.02923e+06	5.36188e-21
4.02933e+06	1.42909e-20
4.02943e+06	3.77105e-20
4.02953e+06	9.85191e-20
4.02963e+06	2.54821e-19
4.02973e+06	6.52541e-19
4.02983e+06	1.65439e-18
4.02993e+06	4.15263e-18
4.03003e+06	1.03197e-17
4.03013e+06	2.53903e-17
4.03023e+06	6.18478e-17
4.03033e+06	1.49155e-16
4.03043e+06	3.56132e-16
4.03053e+06	8.41859e-16
4.03063e+06	1.97027e-15
4.03073e+06	4.56529e-15
4.03083e+06	1.04729e-14
4.03093e+06	2.37862e-14
4.03103e+06	5.34858e-14
4.03113e+06	1.19072e-13
4.03123e+06	2.62445e-13
4.03133e+06	5.72694e-13
4.03143e+06	1.23727e-12
4.03153e+06	2.64645e-12
4.03163e+06	5.60429e-12
4.03173e+06	1.17499e-11
4.03183e+06	2.43896e-11
4.03193e+06	5.01224e-11
4.03203e+06	1.0198e-10
4.03213e+06	2.05427e-10
4.03223e+06	4.09691e-10
4.03233e+06	8.08932e-10
4.03243e+06	1.58134e-09
4.03253e+06	3.06051e-09
4.03263e+06	5.86437e-09
4.03273e+06	1.11251e-08
4.03283e+06	2.08952e-08
4.03293e+06	3.88547e-08
4.03303e+06	7.15318e-08
4.03313e+06	1.3038e-07
4.03323e+06	2.35277e-07
4.03333e+06	4.20346e-07
4.03343e+06	7.43515e-07
4.03353e+06	1.30206e-06
4.03363e+06	2.2575e-06
4.03373e+06	3.87509e-06
4.03383e+06	6.58557e-06
4.03393e+06	1.10806e-05
4.03403e+06	1.84581e-05
4.03413e+06	3.04418e-05
4.03423e+06	4.97061e-05
4.03433e+06	8.03538e-05
4.03443e+06	0.000128606
4.03453e+06	0.000203785
4.03463e+06	0.000319698
4.03473e+06	0.000496551
4.03483e+06	0.000763566
4.03493e+06	0.00116248
4.03503e+06	0.00175219
4.03513e+06	0.00261478
4.03523e+06	0.00386318
4.03533e+06	0.00565083
4.03543e+06	0.00818346
4.03553e+06	0.0117332
4.03563e+06	0.0166555
4.03573e+06	0.0234073
4.03583e+06	0.032569
4.03593e+06	0.0448657
4.03603e+06	0.0611901
4.03613e+06	0.0826237
4.03623e+06	0.110455
4.03633e+06	0.146192
4.03643e+06	0.191566
4.03653e+06	0.248525
4.03663e+06	0.319212
4.03673e+06	0.405925
4.03683e+06	0.511056
4.03693e+06	0.637014
4.03703e+06	0.786115
4.03713e+06	0.960463
4.03723e+06	1.1618
4.03733e+06	1.39136
4.03743e+06	1.6497
4.03753e+06	1.93655
4.03763e+06	2.25065
4.03773e+06	2.58967
4.03783e+06	2.95011
4.03793e+06	3.32728
4.03803e+06	3.71532
4.03813e+06	4.10735
4.03823e+06	4.49556
4.03833e+06	4.8715
4.03843e+06	5.22635
4.03853e+06	5.55126
4.03863e+06	5.8377
4.03873e+06	6.07783
4.03883e+06	6.26489
4.03893e+06	6.39344
4.03903e+06	6.45971
4.03913e+06	6.46172
4.03923e+06	6.39942
4.03933e+06	6.27466
4.03943e+06	6.09111
4.03953e+06	5.8541
4.03963e+06	5.57033
4.03973e+06	5.24758
4.03983e+06	4.89433
4.03993e+06	4.51945
4.04003e+06	4.13175
4.04013e+06	3.73973
4.04023e+06	3.35122
4.04033e+06	2.9732
4.04043e+06	2.61156
4.04053e+06	2.27109
4.04063e+06	1.95536
4.04073e+06	1.66676
4.04083e+06	1.40663
4.04093e+06	1.17528
4.04103e+06	0.972213
4.04113e+06	0.796229
4.04123e+06	0.645612
4.04133e+06	0.518277
4.04143e+06	0.411917
4.04153e+06	0.324127
4.04163e+06	0.252509
4.04173e+06	0.194758
4.04183e+06	0.148721
4.04193e+06	0.112436
4.04203e+06	0.0841578
4.04213e+06	0.062365
4.04223e+06	0.0457557
4.04233e+06	0.0332358
4.04243e+06	0.0239015
4.04253e+06	0.0170177
4.04263e+06	0.0119959
4.04273e+06	0.00837186
4.04283e+06	0.00578453
4.04293e+06	0.00395705
4.04303e+06	0.00267998
4.04313e+06	0.00179701
4.04323e+06	0.00119296
4.04333e+06	0.000784073
4.04343e+06	0.000510206
4.04353e+06	0.000328693
4.04363e+06	0.00020965
4.04373e+06	0.00013239
4.04383e+06	8.27696e-05
4.04393e+06	5.12324e-05
4.04403e+06	3.13961e-05
4.04413e+06	1.90487e-05
4.04423e+06	1.14422e-05
4.04433e+06	6.80474e-06
4.04443e+06	4.00655e-06
4.04453e+06	2.33554e-06
4.04463e+06	1.34791e-06
4.04473e+06	7.70179e-07
4.04483e+06	4.35691e-07
4.04493e+06	2.44019e-07
4.04503e+06	1.35309e-07
4.04513e+06	7.42821e-08
4.04523e+06	4.03738e-08
4.04533e+06	2.17256e-08
4.04543e+06	1.15745e-08
4.04553e+06	6.10505e-09
4.04563e+06	3.18811e-09
4.04573e+06	1.64829e-09
4.04583e+06	8.43709e-10
4.04593e+06	4.27571e-10
4.04603e+06	2.14526e-10
4.04613e+06	1.06564e-10
4.04623e+06	5.24078e-11
4.04633e+06	2.55175e-11
4.04643e+06	1.2301e-11
4.04653e+06	5.87079e-12
4.04663e+06	2.77403e-12
4.04673e+06	1.29773e-12
4.04683e+06	6.01052e-13
4.04693e+06	2.75612e-13
4.04703e+06	1.25124e-13
4.04713e+06	5.62393e-14
4.04723e+06	2.50263e-14
4.04733e+06	1.10258e-14
4.04743e+06	4.8093e-15
4.04753e+06	2.07687e-15
4.04763e+06	8.87963e-16
4.04773e+06	3.7587e-16
4.04783e+06	1.5752e-16
4.04793e+06	6.53571e-17
4.04803e+06	2.68476e-17
4.04813e+06	1.09188e-17
4.04823e+06	4.39647e-18
4.04833e+06	1.75262e-18
4.04843e+06	6.91719e-19
4.04853e+06	2.70289e-19
4.04863e+06	1.04564e-19
4.04873e+06	4.00495e-20
4.04883e+06	1.51868e-20
4.04893e+06	5.70156e-21
4.04903e+06	2.11923e-21
4.04913e+06	7.79863e-22
4.04923e+06	2.84129e-22
4.04933e+06	1.02488e-22
4.04943e+06	3.66002e-23
4.04953e+06	1.29405e-23
4.04963e+06	4.5298e-24
4.04973e+06	1.56986e-24
4.04983e+06	5.38644e-25
4.04993e+06	1.82978e-25
4.05003e+06	6.15395e-26
4.05013e+06	2.04911e-26
4.05023e+06	6.75513e-27
4.05033e+06	2.20475e-27
4.05043e+06	7.1243e-28
4.05053e+06	2.2792e-28
4.05063e+06	7.21903e-29
4.05073e+06	2.26377e-29
4.05083e+06	7.02819e-30
4.05093e+06	2.16029e-30
4.05103e+06	6.5741e-31
4.05113e+06	1.9807e-31
4.05123e+06	5.90823e-32
4.05133e+06	1.74483e-32
4.05143e+06	5.1016e-33
4.05153e+06	1.47678e-33
4.05163e+06	4.23238e-34
4.05173e+06	1.20091e-34
4.05183e+06	3.37357e-35
4.05193e+06	9.38272e-36
4.05203e+06	2.58359e-36
4.05213e+06	7.04331e-37
4.05223e+06	1.90102e-37
4.05233e+06	5.07988e-38
4.05243e+06	1.34393e-38
4.05253e+06	3.52012e-39
4.05263e+06	9.12842e-40
4.05273e+06	2.34364e-40
4.05283e+06	5.9572e-41
4.05293e+06	1.49917e-41
4.05303e+06	3.73523e-42
4.05313e+06	9.21384e-43
4.05323e+06	2.2502e-43
4.05333e+06	5.44074e-44
4.05343e+06	1.30242e-44
4.05353e+06	3.08677e-45
4.05363e+06	7.24289e-46
4.05373e+06	1.68259e-46
4.05383e+06	3.8699e-47
4.05393e+06	8.81211e-48
4.05403e+06	1.98663e-48
4.05413e+06	4.43415e-49
4.05423e+06	9.79853e-50
4.05433e+06	2.14372e-50
4.05443e+06	4.64337e-51
4.05453e+06	9.95762e-52
4.05463e+06	2.11414e-52
4.05473e+06	4.44396e-53
4.05483e+06	9.24833e-54
4.05493e+06	1.90552e-54
4.05503e+06	3.88706e-55
4.05513e+06	7.85028e-56
4.05523e+06	1.56966e-56
4.05533e+06	3.10731e-57
4.05543e+06	6.09004e-58
4.05553e+06	1.18171e-58
4.05563e+06	2.27019e-59
4.05573e+06	4.31786e-60
4.05583e+06	8.13078e-61
4.05593e+06	1.51584e-61
4.05603e+06	2.79789e-62
4.05613e+06	5.11288e-63
4.05623e+06	9.25033e-64
4.05633e+06	1.65694e-64
4.05643e+06	2.93841e-65
4.05653e+06	5.15911e-66
4.05663e+06	8.96799e-67
4.05673e+06	1.54338e-67
4.05683e+06	2.6297e-68
4.05693e+06	4.43606e-69
4.05703e+06	7.40877e-70
4.05713e+06	1.22504e-70
4.05723e+06	2.00546e-71
4.05733e+06	3.25037e-72
4.05743e+06	5.21567e-73
4.05753e+06	8.28597e-74
4.05763e+06	1.30327e-74
4.05773e+06	2.02947e-75
4.05783e+06	3.12886e-76
4.05793e+06	4.77582e-77
4.05803e+06	7.21717e-78
4.05813e+06	1.0798e-78
4.05823e+06	1.59947e-79
4.05833e+06	2.34566e-80
4.05843e+06	3.40575e-81
4.05853e+06	4.89573e-82
4.05863e+06	6.96752e-83
4.05873e+06	9.8174e-84
4.05883e+06	1.36953e-84
4.05893e+06	1.89149e-85
4.05903e+06	2.58639e-86
4.05913e+06	3.50139e-87
4.05923e+06	4.69292e-88
4.05933e+06	6.22736e-89
4.05943e+06	8.18129e-90
4.05953e+06	1.06413e-90
4.05963e+06	1.37034e-91
4.05973e+06	1.7471e-92
4.05983e+06	2.20527e-93
4.05993e+06	2.75591e-94
4.06003e+06	3.40977e-95
4.06013e+06	4.17679e-96
4.06023e+06	5.06543e-97
4.06033e+06	6.08202e-98
4.06043e+06	7.22996e-99
4.06053e+06	8.50905e-100
4.06063e+06	9.91478e-101
4.06073e+06	1.14378e-101
4.06083e+06	1.30635e-102
4.06093e+06	1.47718e-103
4.06103e+06	1.65372e-104
4.06113e+06	1.83295e-105
4.06123e+06	2.01138e-106
4.06133e+06	2.18523e-107
4.06143e+06	2.35047e-108
4.06153e+06	2.50306e-109
4.06163e+06	2.63903e-110
4.06173e+06	2.7547e-111
4.06183e+06	2.84683e-112
4.06193e+06	2.91276e-113
4.06203e+06	2.95057e-114
4.06213e+06	2.95913e-115
4.06223e+06	2.93819e-116
4.06233e+06	2.88836e-117
4.06243e+06	2.81113e-118
4.06253e+06	2.70874e-119
4.06263e+06	2.58411e-120
4.06273e+06	2.44068e-121
4.06283e+06	2.28228e-122
4.06293e+06	2.11292e-123
4.06303e+06	1.93666e-124
4.06313e+06	1.75745e-125
4.06323e+06	1.57895e-126
4.06333e+06	1.40447e-127
4.06343e+06	1.23683e-128
4.06353e+06	1.07837e-129
4.06363e+06	9.30855e-131
4.06373e+06	7.95524e-132
4.06383e+06	6.73103e-133
4.06393e+06	5.63854e-134
4.06403e+06	4.67637e-135
4.06413e+06	3.83979e-136
4.06423e+06	3.1215e-137
4.06433e+06	2.51233e-138
4.06443e+06	2.00192e-139
4.06453e+06	1.57934e-140
4.06463e+06	1.23356e-141
4.06473e+06	9.53896e-143
4.06483e+06	7.30297e-144
4.06493e+06	5.53548e-145
4.06503e+06	4.15401e-146
4.06513e+06	3.0863e-147
4.06523e+06	2.2702e-148
4.06533e+06	1.65329e-149
4.06543e+06	1.19204e-150
4.06553e+06	8.50917e-152
4.06563e+06	6.01371e-153
4.06573e+06	4.20779e-154
4.06583e+06	2.9149e-155
4.06593e+06	1.99917e-156
4.06603e+06	1.35748e-157
4.06613e+06	9.12585e-159
4.06623e+06	6.07394e-160
4.06633e+06	4.00244e-161
4.06643e+06	2.61118e-162
4.06653e+06	1.68657e-163
4.06663e+06	1.07853e-164
4.06673e+06	6.82831e-166
4.06683e+06	4.28009e-167
4.06693e+06	2.65613e-168
4.06703e+06	1.63194e-169
4.06713e+06	9.92692e-171
4.06723e+06	5.97837e-172
4.06733e+06	3.56457e-173
4.06743e+06	2.10421e-174
4.06753e+06	1.22978e-175
4.06763e+06	7.11582e-177
4.06773e+06	4.07641e-178
4.06783e+06	2.312e-179
4.06793e+06	1.29824e-180
4.06803e+06	7.21738e-182
4.06813e+06	3.97248e-183
4.06823e+06	2.16471e-184
4.06833e+06	1.16787e-185
4.06843e+06	6.23804e-187
4.06853e+06	3.29881e-188
4.06863e+06	1.72713e-189
4.06873e+06	8.95257e-191
4.06883e+06	4.5944e-192
4.06893e+06	2.33435e-193
4.06903e+06	1.17425e-194
4.06913e+06	5.84808e-196
4.06923e+06	2.88352e-197
4.06933e+06	1.40763e-198
4.06943e+06	6.80318e-200
4.06953e+06	3.25531e-201
4.06963e+06	1.54216e-202
4.06973e+06	7.23308e-204
4.06983e+06	3.35873e-205
4.06993e+06	1.54413e-206
4.07003e+06	7.02827e-208
4.07013e+06	3.16717e-209
4.07023e+06	1.41303e-210
4.07033e+06	6.24148e-212
4.07043e+06	2.72949e-213
4.07053e+06	1.18177e-214
4.07063e+06	5.0657e-216
4.07073e+06	2.14983e-217
4.07083e+06	9.03288e-219
4.07093e+06	3.75755e-220
4.07103e+06	1.54754e-221
4.07113e+06	6.31007e-223
4.07123e+06	2.54733e-224
4.07133e+06	1.0181e-225
4.07143e+06	4.02862e-227
4.07153e+06	1.57826e-228
4.07163e+06	6.12147e-230
4.07173e+06	2.35067e-231
4.07183e+06	8.93683e-233
4.07193e+06	3.36382e-234
4.07203e+06	1.25354e-235
4.07213e+06	4.62491e-237
4.07223e+06	1.68937e-238
4.07233e+06	6.10944e-240
4.07243e+06	2.18744e-241
4.07253e+06	7.75404e-243
4.07263e+06	2.7213e-244
4.07273e+06	9.45547e-246
4.07283e+06	3.25271e-247
4.07293e+06	1.10781e-248
4.07303e+06	3.73545e-250
4.07313e+06	1.24703e-251
4.07323e+06	4.12163e-253
4.07333e+06	1.3487e-254
4.07343e+06	4.3694e-256
4.07353e+06	1.40147e-257
4.07363e+06	4.45045e-259
4.07373e+06	1.3992e-260
4.07383e+06	4.35526e-262
4.07393e+06	1.34216e-263
4.07403e+06	4.09499e-265
4.07413e+06	1.23696e-266
4.07423e+06	3.69929e-268
4.07433e+06	1.09531e-269
4.07443e+06	3.2108e-271
4.07453e+06	9.31851e-273
4.07463e+06	2.67754e-274
4.07473e+06	7.61699e-276
4.07483e+06	2.1453e-277
4.07493e+06	5.98203e-279
4.07503e+06	1.65146e-280
4.07513e+06	4.5138e-282
4.07523e+06	1.22145e-283
4.07533e+06	3.27238e-285
4.07543e+06	8.67982e-287
4.07553e+06	2.27937e-288
4.07563e+06	5.92618e-290
4.07573e+06	1.52543e-291
4.07583e+06	3.88747e-293
4.07593e+06	9.80841e-295
4.07603e+06	2.45012e-296
4.07613e+06	6.05945e-298
4.07623e+06	1.48367e-299
4.07633e+06	3.59663e-301
4.07643e+06	8.63203e-303
4.07653e+06	2.0511e-304
4.07663e+06	4.82523e-306
4.07673e+06	1.12384e-307
4.07683e+06	2.5915e-309
4.07693e+06	5.91635e-311
4.07703e+06	1.33725e-312
4.07713e+06	2.99247e-314
4.07723e+06	6.62984e-316
4.07733e+06	1.45423e-317
4.07743e+06	3.15797e-319
4.07753e+06	6.77364e-321
4.07763e+06	1.58101e-322
4.07773e+06	0
4.07783e+06	0
4.07793e+06	0
4.07803e+06	0
4.07813e+06	0
4.07823e+06	0
4.07833e+06	0
4.07843e+06	0
4.07853e+06	0
4.07863e+06	0
4.07873e+06	0
4.07883e+06	0
4.07893e+06	0
4.07903e+06	0
4.07913e+06	0
4.07923e+06	0
4.07933e+06	0
4.07943e+06	0
4.07953e+06	0
4.07963e+06	0
4.07973e+06	0
4.07983e+06	0
4.07993e+06	0
4.08003e+06	0
4.08013e+06	0
4.08023e+06	0
4.08033e+06	0
4.08043e+06	0
4.08053e+06	0
4.08063e+06	0
4.08073e+06	0
4.08083e+06	0
4.08093e+06	0
4.08103e+06	0
4.08113e+06	0
4.08123e+06	0
4.08133e+06	0
4.08143e+06	0
4.08153e+06	0
4.08163e+06	0
4.08173e+06	0
4.08183e+06	0
4.08193e+06	0
4.08203e+06	0
4.08213e+06	0
4.08223e+06	0
4.08233e+06	0
4.08243e+06	0
4.08253e+06	0
4.08263e+06	0
4.08273e+06	0
4.08283e+06	0
4.08293e+06	0
4.08303e+06	0
4.08313e+06	0
4.08323e+06	0
4.08333e+06	0
4.08343e+06	0
4.08353e+06	0
4.08363e+06	0
4.08373e+06	0
4.08383e+06	0
4.08393e+06	0
4.08403e+06	0
4.08413e+06	0
4.08423e+06	0
4.08433e+06	0
4.08443e+06	0
4.08453e+06	0
4.08463e+06	0
4.08473e+06	0
4.08483e+06	0
4.08493e+06	0
4.08503e+06	0
4.08513e+06	0
4.08523e+06	0
4.08533e+06	0
4.08543e+06	0
4.08553e+06	0
4.08563e+06	0
4.08573e+06	0
4.08583e+06	0
4.08593e+06	0
4.08603e+06	0
4.08613e+06	0
4.08623e+06	0
4.08633e+06	0
4.08643e+06	0
4.08653e+06	0
4.08663e+06	0
4.08673e+06	0
4.08683e+06	0
4.08693e+06	0
4.08703e+06	0
4.08713e+06	0
4.08723e+06	0
4.08733e+06	0
4.08743e+06	0
4.08753e+06	0
4.08763e+06	0
4.08773e+06	0
4.08783e+06	0
4.08793e+06	0
4.08803e+06	0
4.08813e+06	0
4.08823e+06	0
4.08833e+06	0
4.08843e+06	0
4.08853e+06	0
4.08863e+06	0
4.08873e+06	0
4.08883e+06	0
4.08893e+06	0
4.08903e+06	0
4.08913e+06	0
4.08923e+06	0
4.08933e+06	0
4.08943e+06	0
4.08953e+06	0
4.08963e+06	0
4.08973e+06	0
4.08983e+06	0
4.08993e+06	0
4.09003e+06	0
4.09013e+06	0
4.09023e+06	0
4.09033e+06	0
4.09043e+06	0
4.09053e+06	0
4.09063e+06	0
4.09073e+06	0
4.09083e+06	0
4.09093e+06	0
4.09103e+06	0
4.09113e+06	0
4.09123e+06	0
4.09133e+06	0
4.09143e+06	0
4.09153e+06	0
4.09163e+06	0
4.09173e+06	0
4.09183e+06	0
4.09193e+06	0
4.09203e+06	0
4.09213e+06	0
4.09223e+06	0
4.09233e+06	0
4.09243e+06	0
4.09253e+06	0
4.09263e+06	0
4.09273e+06	0
4.09283e+06	0
4.09293e+06	0
4.09303e+06	0
4.09313e+06	0
4.09323e+06	0
4.09333e+06	6.91692e-323
4.09343e+06	3.21637e-321
4.09353e+06	1.47938e-319
4.09363e+06	6.73796e-318
4.09373e+06	3.03832e-316
4.09383e+06	1.35642e-314
4.09393e+06	5.99534e-313
4.09403e+06	2.62355e-311
4.09413e+06	1.13664e-309
4.09423e+06	4.87543e-308
4.09433e+06	2.07043e-306
4.09443e+06	8.70491e-305
4.09453e+06	3.62348e-303
4.09463e+06	1.49329e-301
4.09473e+06	6.09283e-300
4.09483e+06	2.46123e-298
4.09493e+06	9.8433e-297
4.09503e+06	3.89751e-295
4.09513e+06	1.52789e-293
4.09523e+06	5.92995e-292
4.09533e+06	2.2786e-290
4.09543e+06	8.66849e-289
4.09553e+06	3.26494e-287
4.09563e+06	1.21749e-285
4.09573e+06	4.4948e-284
4.09583e+06	1.64291e-282
4.09593e+06	5.94529e-281
4.09603e+06	2.13005e-279
4.09613e+06	7.55551e-278
4.09623e+06	2.65335e-276
4.09633e+06	9.22536e-275
4.09643e+06	3.17562e-273
4.09653e+06	1.08226e-271
4.09663e+06	3.65166e-270
4.09673e+06	1.21985e-268
4.09683e+06	4.03441e-267
4.09693e+06	1.32102e-265
4.09703e+06	4.28251e-264
4.09713e+06	1.37449e-262
4.09723e+06	4.36762e-261
4.09733e+06	1.37405e-259
4.09743e+06	4.27975e-258
4.09753e+06	1.31975e-256
4.09763e+06	4.02923e-255
4.09773e+06	1.21789e-253
4.09783e+06	3.64462e-252
4.09793e+06	1.07983e-250
4.09803e+06	3.16746e-249
4.09813e+06	9.19871e-248
4.09823e+06	2.64484e-246
4.09833e+06	7.52885e-245
4.09843e+06	2.12185e-243
4.09853e+06	5.9205e-242
4.09863e+06	1.63553e-240
4.09873e+06	4.47318e-239
4.09883e+06	1.21124e-237
4.09893e+06	3.24715e-236
4.09903e+06	8.61849e-235
4.09913e+06	2.26473e-233
4.09923e+06	5.89196e-232
4.09933e+06	1.51761e-230
4.09943e+06	3.87005e-229
4.09953e+06	9.7708e-228
4.09963e+06	2.44231e-226
4.09973e+06	6.04407e-225
4.09983e+06	1.48086e-223
4.09993e+06	3.59217e-222
4.10003e+06	8.62692e-221
4.10013e+06	2.05122e-219
4.10023e+06	4.82865e-218
4.10033e+06	1.12537e-216
4.10043e+06	2.59671e-215
4.10053e+06	5.93209e-214
4.10063e+06	1.34168e-212
4.10073e+06	3.00433e-211
4.10083e+06	6.66045e-210
4.10093e+06	1.4619e-208
4.10103e+06	3.17677e-207
4.10113e+06	6.8346e-206
4.10123e+06	1.45578e-204
4.10133e+06	3.07e-203
4.10143e+06	6.40967e-202
4.10153e+06	1.32492e-200
4.10163e+06	2.71146e-199
4.10173e+06	5.49379e-198
4.10183e+06	1.10204e-196
4.10193e+06	2.18868e-195
4.10203e+06	4.3035e-194
4.10213e+06	8.37759e-193
4.10223e+06	1.61463e-191
4.10233e+06	3.08095e-190
4.10243e+06	5.82041e-189
4.10253e+06	1.08863e-187
4.10263e+06	2.01587e-186
4.10273e+06	3.69574e-185
4.10283e+06	6.70808e-184
4.10293e+06	1.20546e-182
4.10303e+06	2.14468e-181
4.10313e+06	3.77773e-180
4.10323e+06	6.58804e-179
4.10333e+06	1.13747e-177
4.10343e+06	1.94436e-176
4.10353e+06	3.29059e-175
4.10363e+06	5.51349e-174
4.10373e+06	9.14612e-173
4.10383e+06	1.50212e-171
4.10393e+06	2.44247e-170
4.10403e+06	3.93197e-169
4.10413e+06	6.26684e-168
4.10423e+06	9.88881e-167
4.10433e+06	1.54489e-165
4.10443e+06	2.3895e-164
4.10453e+06	3.65909e-163
4.10463e+06	5.54749e-162
4.10473e+06	8.32679e-161
4.10483e+06	1.23742e-159
4.10493e+06	1.82058e-158
4.10503e+06	2.65193e-157
4.10513e+06	3.82447e-156
4.10523e+06	5.46056e-155
4.10533e+06	7.71899e-154
4.10543e+06	1.08029e-152
4.10553e+06	1.49685e-151
4.10563e+06	2.05339e-150
4.10573e+06	2.78884e-149
4.10583e+06	3.75001e-148
4.10593e+06	4.99227e-147
4.10603e+06	6.57991e-146
4.10613e+06	8.58618e-145
4.10623e+06	1.10927e-143
4.10633e+06	1.41883e-142
4.10643e+06	1.79672e-141
4.10653e+06	2.25262e-140
4.10663e+06	2.79611e-139
4.10673e+06	3.43618e-138
4.10683e+06	4.18075e-137
4.10693e+06	5.03605e-136
4.10703e+06	6.00598e-135
4.10713e+06	7.09143e-134
4.10723e+06	8.28974e-133
4.10733e+06	9.59412e-132
4.10743e+06	1.09933e-130
4.10753e+06	1.24711e-129
4.10763e+06	1.40068e-128
4.10773e+06	1.55752e-127
4.10783e+06	1.71468e-126
4.10793e+06	1.86891e-125
4.10803e+06	2.01675e-124
4.10813e+06	2.15463e-123
4.10823e+06	2.27903e-122
4.10833e+06	2.38663e-121
4.10843e+06	2.47444e-120
4.10853e+06	2.53996e-119
4.10863e+06	2.58126e-118
4.10873e+06	2.59714e-117
4.10883e+06	2.58711e-116
4.10893e+06	2.55148e-115
4.10903e+06	2.4913e-114
4.10913e+06	2.40834e-113
4.10923e+06	2.30498e-112
4.10933e+06	2.1841e-111
4.10943e+06	2.04896e-110
4.10953e+06	1.90307e-109
4.10963e+06	1.74997e-108
4.10973e+06	1.59318e-107
4.10983e+06	1.436e-106
4.10993e+06	1.28145e-105
4.11003e+06	1.13216e-104
4.11013e+06	9.90304e-104
4.11023e+06	8.57605e-103
4.11033e+06	7.35298e-102
4.11043e+06	6.24161e-101
4.11053e+06	5.24549e-100
4.11063e+06	4.36449e-99
4.11073e+06	3.59532e-98
4.11083e+06	2.93223e-97
4.11093e+06	2.36765e-96
4.11103e+06	1.89275e-95
4.11113e+06	1.49804e-94
4.11123e+06	1.17385e-93
4.11133e+06	9.10669e-93
4.11143e+06	6.99462e-92
4.11153e+06	5.31893e-91
4.11163e+06	4.00444e-90
4.11173e+06	2.98481e-89
4.11183e+06	2.20267e-88
4.11193e+06	1.6093e-87
4.11203e+06	1.16408e-86
4.11213e+06	8.33655e-86
4.11223e+06	5.9108e-85
4.11233e+06	4.14919e-84
4.11243e+06	2.88361e-83
4.11253e+06	1.98412e-82
4.11263e+06	1.35163e-81
4.11273e+06	9.11594e-81
4.11283e+06	6.08701e-80
4.11293e+06	4.02405e-79
4.11303e+06	2.63378e-78
4.11313e+06	1.70668e-77
4.11323e+06	1.09492e-76
4.11333e+06	6.95458e-76
4.11343e+06	4.37337e-75
4.11353e+06	2.72281e-74
4.11363e+06	1.67833e-73
4.11373e+06	1.02422e-72
4.11383e+06	6.18821e-72
4.11393e+06	3.70164e-71
4.11403e+06	2.19221e-70
4.11413e+06	1.28536e-69
4.11423e+06	7.46151e-69
4.11433e+06	4.2883e-68
4.11443e+06	2.44006e-67
4.11453e+06	1.37459e-66
4.11463e+06	7.66658e-66
4.11473e+06	4.23339e-65
4.11483e+06	2.31436e-64
4.11493e+06	1.25266e-63
4.11503e+06	6.71258e-63
4.11513e+06	3.56126e-62
4.11523e+06	1.87058e-61
4.11533e+06	9.72756e-61
4.11543e+06	5.00829e-60
4.11553e+06	2.55289e-59
4.11563e+06	1.28835e-58
4.11573e+06	6.43709e-58
4.11583e+06	3.18422e-57
4.11593e+06	1.55946e-56
4.11603e+06	7.5614e-56
4.11613e+06	3.62984e-55
4.11623e+06	1.72516e-54
4.11633e+06	8.11762e-54
4.11643e+06	3.78168e-53
4.11653e+06	1.74421e-52
4.11663e+06	7.96469e-52
4.11673e+06	3.60078e-51
4.11683e+06	1.61169e-50
4.11693e+06	7.14204e-50
4.11703e+06	3.13344e-49
4.11713e+06	1.36106e-48
4.11723e+06	5.85314e-48
4.11733e+06	2.49206e-47
4.11743e+06	1.05048e-46
4.11753e+06	4.38399e-46
4.11763e+06	1.81138e-45
4.11773e+06	7.40984e-45
4.11783e+06	3.00098e-44
4.11793e+06	1.20331e-43
4.11803e+06	4.77689e-43
4.11813e+06	1.87746e-42
4.11823e+06	7.30557e-42
4.11833e+06	2.81446e-41
4.11843e+06	1.07348e-40
4.11853e+06	4.05365e-40
4.11863e+06	1.51551e-39
4.11873e+06	5.60953e-39
4.11883e+06	2.05566e-38
4.11893e+06	7.45821e-38
4.11903e+06	2.67901e-37
4.11913e+06	9.52733e-37
4.11923e+06	3.35448e-36
4.11933e+06	1.16933e-35
4.11943e+06	4.03556e-35
4.11953e+06	1.37889e-34
4.11963e+06	4.66456e-34
4.11973e+06	1.56225e-33
4.11983e+06	5.1802e-33
4.11993e+06	1.70059e-32
4.12003e+06	5.52726e-32
4.12013e+06	1.77859e-31
4.12023e+06	5.66632e-31
4.12033e+06	1.78724e-30
4.12043e+06	5.58112e-30
4.12053e+06	1.72551e-29
4.12063e+06	5.28165e-29
4.12073e+06	1.60059e-28
4.12083e+06	4.80226e-28
4.12093e+06	1.42649e-27
4.12103e+06	4.19518e-27
4.12113e+06	1.22148e-26
4.12123e+06	3.52114e-26
4.12133e+06	1.00493e-25
4.12143e+06	2.83951e-25
4.12153e+06	7.94347e-25
4.12163e+06	2.20005e-24
4.12173e+06	6.03272e-24
4.12183e+06	1.63776e-23
4.12193e+06	4.40195e-23
4.12203e+06	1.17138e-22
4.12213e+06	3.08606e-22
4.12223e+06	8.04953e-22
4.12233e+06	2.0787e-21
4.12243e+06	5.31462e-21
4.12253e+06	1.34527e-20
4.12263e+06	3.37134e-20
4.12273e+06	8.36476e-20
4.12283e+06	2.05476e-19
4.12293e+06	4.99719e-19
4.12303e+06	1.20323e-18
4.12313e+06	2.86832e-18
4.12323e+06	6.7696e-18
4.12333e+06	1.58182e-17
4.12343e+06	3.65937e-17
4.12353e+06	8.38134e-17
4.12363e+06	1.90054e-16
4.12373e+06	4.26677e-16
4.12383e+06	9.48369e-16
4.12393e+06	2.08695e-15
4.12403e+06	4.54679e-15
4.12413e+06	9.80742e-15
4.12423e+06	2.09441e-14
4.12433e+06	4.42818e-14
4.12443e+06	9.26927e-14
4.12453e+06	1.92098e-13
4.12463e+06	3.94147e-13
4.12473e+06	8.00664e-13
4.12483e+06	1.61027e-12
4.12493e+06	3.20631e-12
4.12503e+06	6.32074e-12
4.12513e+06	1.23364e-11
4.12523e+06	2.38377e-11
4.12533e+06	4.56036e-11
4.12543e+06	8.63755e-11
4.12553e+06	1.61972e-10
4.12563e+06	3.00707e-10
4.12573e+06	5.52722e-10
4.12583e+06	1.00583e-09
4.12593e+06	1.81219e-09
4.12603e+06	3.23248e-09
4.12613e+06	5.70856e-09
4.12623e+06	9.98101e-09
4.12633e+06	1.72774e-08
4.12643e+06	2.96102e-08
4.12653e+06	5.02412e-08
4.12663e+06	8.43987e-08
4.12673e+06	1.40368e-07
4.12683e+06	2.31131e-07
4.12693e+06	3.76796e-07
4.12703e+06	6.08149e-07
4.12713e+06	9.71787e-07
4.12723e+06	1.53741e-06
4.12733e+06	2.40805e-06
4.12743e+06	3.73419e-06
4.12753e+06	5.73306e-06
4.12763e+06	8.71431e-06
4.12773e+06	1.3114e-05
4.12783e+06	1.95388e-05
4.12793e+06	2.88214e-05
4.12803e+06	4.2091e-05
4.12813e+06	6.08585e-05
4.12823e+06	8.71184e-05
4.12833e+06	0.000123468
4.12843e+06	0.000173244
4.12853e+06	0.000240668
4.12863e+06	0.000331006
4.12873e+06	0.000450723
4.12883e+06	0.000607632
4.12893e+06	0.000811015
4.12903e+06	0.0010717
4.12913e+06	0.00140209
4.12923e+06	0.00181608
4.12933e+06	0.00232891
4.12943e+06	0.00295682
4.12953e+06	0.00371669
4.12963e+06	0.00462534
4.12973e+06	0.00569886
4.12983e+06	0.00695168
4.12993e+06	0.00839554
4.13003e+06	0.0100384
4.13013e+06	0.0118833
4.13023e+06	0.0139273
4.13033e+06	0.0161605
4.13043e+06	0.0185651
4.13053e+06	0.0211154
4.13063e+06	0.023777
4.13073e+06	0.0265077
4.13083e+06	0.029258
4.13093e+06	0.0319723
4.13103e+06	0.0345908
4.13113e+06	0.0370513
4.13123e+06	0.039292
4.13133e+06	0.0412536
4.13143e+06	0.0428821
4.13153e+06	0.0441314
4.13163e+06	0.0449652
4.13173e+06	0.0453588
4.13183e+06	0.0453007
4.13193e+06	0.0447924
4.13203e+06	0.0438492
4.13213e+06	0.0424987
4.13223e+06	0.0407799
4.13233e+06	0.0387413
4.13243e+06	0.0364384
4.13253e+06	0.0339314
4.13263e+06	0.0312825
4.13273e+06	0.0285534
4.13283e+06	0.025803
4.13293e+06	0.0230856
4.13303e+06	0.0204488
4.13313e+06	0.017933
4.13323e+06	0.0155702
4.13333e+06	0.0133842
4.13343e+06	0.0113907
4.13353e+06	0.00959757
4.13363e+06	0.00800628
4.13373e+06	0.00661238
4.13383e+06	0.00540682
4.13393e+06	0.00437706
4.13403e+06	0.00350817
4.13413e+06	0.00278378
4.13423e+06	0.00218699
4.13433e+06	0.00170105
4.13443e+06	0.00130991
4.13453e+06	0.00099868
4.13463e+06	0.000753818
4.13473e+06	0.000563332
4.13483e+06	0.000416791
4.13493e+06	0.000305302
4.13503e+06	0.000221411
4.13513e+06	0.000158973
4.13523e+06	0.000113007
4.13533e+06	7.95328e-05
4.13543e+06	5.5417e-05
4.13553e+06	3.82294e-05
4.13563e+06	2.61101e-05
4.13573e+06	1.76553e-05
4.13583e+06	1.18195e-05
4.13593e+06	7.83399e-06
4.13603e+06	5.1407e-06
4.13613e+06	3.33978e-06
4.13623e+06	2.14818e-06
4.13633e+06	1.36799e-06
4.13643e+06	8.6248e-07
4.13653e+06	5.3836e-07
4.13663e+06	3.32701e-07
4.13673e+06	2.0356e-07
