3.48187e+06	1.79598e-07
3.48197e+06	2.9685e-07
3.48207e+06	4.8593e-07
3.48217e+06	7.87798e-07
3.48227e+06	1.26493e-06
3.48237e+06	2.01156e-06
3.48247e+06	3.16827e-06
3.48257e+06	4.94238e-06
3.48267e+06	7.63629e-06
3.48277e+06	1.1686e-05
3.48287e+06	1.7713e-05
3.48297e+06	2.65928e-05
3.48307e+06	3.9545e-05
3.48317e+06	5.82475e-05
3.48327e+06	8.4982e-05
3.48337e+06	0.000122814
3.48347e+06	0.000175808
3.48357e+06	0.000249295
3.48367e+06	0.000350163
3.48377e+06	0.000487212
3.48387e+06	0.00067152
3.48397e+06	0.000916851
3.48407e+06	0.00124006
3.48417e+06	0.00166147
3.48427e+06	0.00220523
3.48437e+06	0.00289954
3.48447e+06	0.00377679
3.48457e+06	0.00487347
3.48467e+06	0.00622986
3.48477e+06	0.00788941
3.48487e+06	0.00989783
3.48497e+06	0.0123017
3.48507e+06	0.0151469
3.48517e+06	0.0184764
3.48527e+06	0.0223277
3.48537e+06	0.0267305
3.48547e+06	0.0317033
3.48557e+06	0.037251
3.48567e+06	0.0433616
3.48577e+06	0.0500042
3.48587e+06	0.0571269
3.48597e+06	0.0646555
3.48607e+06	0.0724935
3.48617e+06	0.0805231
3.48627e+06	0.0886065
3.48637e+06	0.0965901
3.48647e+06	0.104308
3.48657e+06	0.111588
3.48667e+06	0.118258
3.48677e+06	0.12415
3.48687e+06	0.129113
3.48697e+06	0.133012
3.48707e+06	0.13574
3.48717e+06	0.137219
3.48727e+06	0.137405
3.48737e+06	0.136293
3.48747e+06	0.133912
3.48757e+06	0.130327
3.48767e+06	0.125635
3.48777e+06	0.119964
3.48787e+06	0.11346
3.48797e+06	0.106287
3.48807e+06	0.0986199
3.48817e+06	0.0906327
3.48827e+06	0.0824969
3.48837e+06	0.0743732
3.48847e+06	0.0664074
3.48857e+06	0.0587263
3.48867e+06	0.0514351
3.48877e+06	0.0446162
3.48887e+06	0.0383288
3.48897e+06	0.0326103
3.48907e+06	0.0274772
3.48917e+06	0.0229286
3.48927e+06	0.018948
3.48937e+06	0.0155069
3.48947e+06	0.0125678
3.48957e+06	0.010087
3.48967e+06	0.00801727
3.48977e+06	0.0063103
3.48987e+06	0.00491846
3.48997e+06	0.00379628
3.49007e+06	0.00290159
3.49017e+06	0.00219612
3.49027e+06	0.00164595
3.49037e+06	0.00122156
3.49047e+06	0.000897725
3.49057e+06	0.000653286
3.49067e+06	0.00047075
3.49077e+06	0.000335893
3.49087e+06	0.000237319
3.49097e+06	0.000166028
3.49107e+06	0.000115013
3.49117e+06	7.88906e-05
3.49127e+06	5.35814e-05
3.49137e+06	3.60338e-05
3.49147e+06	2.39945e-05
3.49157e+06	1.58204e-05
3.49167e+06	1.03282e-05
3.49177e+06	6.67623e-06
3.49187e+06	4.27303e-06
3.49197e+06	2.70792e-06
3.49207e+06	1.69914e-06
3.49217e+06	1.05564e-06
3.49227e+06	6.49368e-07
3.49237e+06	3.95508e-07
3.49247e+06	2.38511e-07
3.49257e+06	1.42412e-07
3.49267e+06	8.4192e-08
3.49277e+06	4.92808e-08
3.49287e+06	2.85605e-08
3.49297e+06	1.63884e-08
3.49307e+06	9.31079e-09
3.49317e+06	5.23739e-09
3.49327e+06	2.9169e-09
3.49337e+06	1.60844e-09
3.49347e+06	8.7814e-10
3.49357e+06	4.74676e-10
3.49367e+06	2.54042e-10
3.49377e+06	1.34613e-10
3.49387e+06	7.0622e-11
3.49397e+06	3.66831e-11
3.49407e+06	1.88652e-11
3.49417e+06	9.60569e-12
3.49427e+06	4.84245e-12
3.49437e+06	2.41697e-12
3.49447e+06	1.19439e-12
3.49457e+06	5.84369e-13
3.49467e+06	2.83072e-13
3.49477e+06	1.3576e-13
3.49487e+06	6.44638e-14
3.49497e+06	3.03057e-14
3.49507e+06	1.41058e-14
3.49517e+06	6.50038e-15
3.49527e+06	2.96581e-15
3.49537e+06	1.33971e-15
3.49547e+06	5.99162e-16
3.49557e+06	2.65302e-16
3.49567e+06	1.16306e-16
3.49577e+06	5.04805e-17
3.49587e+06	2.16925e-17
3.49597e+06	9.22906e-18
3.49607e+06	3.88747e-18
3.49617e+06	1.62121e-18
3.49627e+06	6.69382e-19
3.49637e+06	2.73633e-19
3.49647e+06	1.10745e-19
3.49657e+06	4.43756e-20
3.49667e+06	1.76044e-20
3.49677e+06	6.91452e-21
3.49687e+06	2.68882e-21
3.49697e+06	1.03519e-21
3.49707e+06	3.94587e-22
3.49717e+06	1.4891e-22
3.49727e+06	5.56369e-23
3.49737e+06	2.05808e-23
3.49747e+06	7.53742e-24
3.49757e+06	2.73301e-24
3.49767e+06	9.81115e-25
3.49777e+06	3.48705e-25
3.49787e+06	1.22703e-25
3.49797e+06	4.27475e-26
3.49807e+06	1.47443e-26
3.49817e+06	5.035e-27
3.49827e+06	1.70228e-27
3.49837e+06	5.698e-28
3.49847e+06	1.88831e-28
3.49857e+06	6.19556e-29
3.49867e+06	2.01255e-29
3.49877e+06	6.4725e-30
3.49887e+06	2.06089e-30
3.49897e+06	6.49677e-31
3.49907e+06	2.02767e-31
3.49917e+06	6.26549e-32
3.49927e+06	1.91677e-32
3.49937e+06	5.80557e-33
3.49947e+06	1.74091e-33
3.49957e+06	5.16853e-34
3.49967e+06	1.5192e-34
3.49977e+06	4.421e-35
3.49987e+06	1.27375e-35
3.49997e+06	3.63334e-36
3.50007e+06	1.02609e-36
3.50017e+06	2.86894e-37
3.50027e+06	7.94174e-38
3.50037e+06	2.17655e-38
3.50047e+06	5.90579e-39
3.50057e+06	1.58652e-39
3.50067e+06	4.21959e-40
3.50077e+06	1.1111e-40
3.50087e+06	2.89662e-41
3.50097e+06	7.47635e-42
3.50107e+06	1.91049e-42
3.50117e+06	4.83344e-43
3.50127e+06	1.21067e-43
3.50137e+06	3.0023e-44
3.50147e+06	7.3712e-45
3.50157e+06	1.79176e-45
3.50167e+06	4.31201e-46
3.50177e+06	1.02739e-46
3.50187e+06	2.42354e-47
3.50197e+06	5.66006e-48
3.50207e+06	1.30873e-48
3.50217e+06	2.99596e-49
3.50227e+06	6.79014e-50
3.50237e+06	1.52363e-50
3.50247e+06	3.38483e-51
3.50257e+06	7.44478e-52
3.50267e+06	1.62115e-52
3.50277e+06	3.49505e-53
3.50287e+06	7.46002e-54
3.50297e+06	1.57646e-54
3.50307e+06	3.29826e-55
3.50317e+06	6.83193e-56
3.50327e+06	1.40107e-56
3.50337e+06	2.84467e-57
3.50347e+06	5.71822e-58
3.50357e+06	1.13802e-58
3.50367e+06	2.24229e-59
3.50377e+06	4.37415e-60
3.50387e+06	8.44796e-61
3.50397e+06	1.61535e-61
3.50407e+06	3.05802e-62
3.50417e+06	5.73153e-63
3.50427e+06	1.06355e-63
3.50437e+06	1.9539e-64
3.50447e+06	3.55388e-65
3.50457e+06	6.39972e-66
3.50467e+06	1.14098e-66
3.50477e+06	2.01395e-67
3.50487e+06	3.51949e-68
3.50497e+06	6.08928e-69
3.50507e+06	1.04306e-69
3.50517e+06	1.76893e-70
3.50527e+06	2.97009e-71
3.50537e+06	4.93724e-72
3.50547e+06	8.12563e-73
3.50557e+06	1.324e-73
3.50567e+06	2.13586e-74
3.50577e+06	3.41128e-75
3.50587e+06	5.39408e-76
3.50597e+06	8.44453e-77
3.50607e+06	1.30885e-77
3.50617e+06	2.00846e-78
3.50627e+06	3.05135e-79
3.50637e+06	4.58963e-80
3.50647e+06	6.83473e-81
3.50657e+06	1.00768e-81
3.50667e+06	1.47089e-82
3.50677e+06	2.12566e-83
3.50687e+06	3.04134e-84
3.50697e+06	4.30818e-85
3.50707e+06	6.04199e-86
3.50717e+06	8.38924e-87
3.50727e+06	1.15325e-87
3.50737e+06	1.56957e-88
3.50747e+06	2.11492e-89
3.50757e+06	2.8214e-90
3.50767e+06	3.72643e-91
3.50777e+06	4.87279e-92
3.50787e+06	6.30842e-93
3.50797e+06	8.08574e-94
3.50807e+06	1.02607e-94
3.50817e+06	1.28911e-95
3.50827e+06	1.60347e-96
3.50837e+06	1.97464e-97
3.50847e+06	2.40754e-98
3.50857e+06	2.90613e-99
3.50867e+06	3.47307e-100
3.50877e+06	4.10931e-101
3.50887e+06	4.81374e-102
3.50897e+06	5.58281e-103
3.50907e+06	6.41032e-104
3.50917e+06	7.28725e-105
3.50927e+06	8.20172e-106
3.50937e+06	9.1391e-107
3.50947e+06	1.00823e-107
3.50957e+06	1.10121e-108
3.50967e+06	1.1908e-109
3.50977e+06	1.27487e-110
3.50987e+06	1.3513e-111
3.50997e+06	1.41805e-112
3.51007e+06	1.47329e-113
3.51017e+06	1.51546e-114
3.51027e+06	1.54332e-115
3.51037e+06	1.55605e-116
3.51047e+06	1.55328e-117
3.51057e+06	1.53509e-118
3.51067e+06	1.50201e-119
3.51077e+06	1.45503e-120
3.51087e+06	1.39548e-121
3.51097e+06	1.32506e-122
3.51107e+06	1.24567e-123
3.51117e+06	1.15939e-124
3.51127e+06	1.06835e-125
3.51137e+06	9.74657e-127
3.51147e+06	8.80336e-128
3.51157e+06	7.87231e-129
3.51167e+06	6.96968e-130
3.51177e+06	6.10914e-131
3.51187e+06	5.30158e-132
3.51197e+06	4.55498e-133
3.51207e+06	3.87459e-134
3.51217e+06	3.26303e-135
3.51227e+06	2.72066e-136
3.51237e+06	2.24587e-137
3.51247e+06	1.83549e-138
3.51257e+06	1.48517e-139
3.51267e+06	1.18975e-140
3.51277e+06	9.43616e-142
3.51287e+06	7.40953e-143
3.51297e+06	5.76028e-144
3.51307e+06	4.43356e-145
3.51317e+06	3.37846e-146
3.51327e+06	2.54884e-147
3.51337e+06	1.90381e-148
3.51347e+06	1.40786e-149
3.51357e+06	1.03076e-150
3.51367e+06	7.47149e-152
3.51377e+06	5.36187e-153
3.51387e+06	3.80962e-154
3.51397e+06	2.67982e-155
3.51407e+06	1.86632e-156
3.51417e+06	1.28683e-157
3.51427e+06	8.78449e-159
3.51437e+06	5.93701e-160
3.51447e+06	3.97261e-161
3.51457e+06	2.63173e-162
3.51467e+06	1.72609e-163
3.51477e+06	1.12084e-164
3.51487e+06	7.20575e-166
3.51497e+06	4.58641e-167
3.51507e+06	2.89017e-168
3.51517e+06	1.80315e-169
3.51527e+06	1.11377e-170
3.51537e+06	6.8111e-172
3.51547e+06	4.12379e-173
3.51557e+06	2.47191e-174
3.51567e+06	1.46698e-175
3.51577e+06	8.61935e-177
3.51587e+06	5.01397e-178
3.51597e+06	2.88766e-179
3.51607e+06	1.64652e-180
3.51617e+06	9.29491e-182
3.51627e+06	5.19494e-183
3.51637e+06	2.87457e-184
3.51647e+06	1.57479e-185
3.51657e+06	8.54138e-187
3.51667e+06	4.58661e-188
3.51677e+06	2.43844e-189
3.51687e+06	1.28348e-190
3.51697e+06	6.68843e-192
3.51707e+06	3.45077e-193
3.51717e+06	1.76264e-194
3.51727e+06	8.91396e-196
3.51737e+06	4.46307e-197
3.51747e+06	2.21235e-198
3.51757e+06	1.08575e-199
3.51767e+06	5.27551e-201
3.51777e+06	2.53779e-202
3.51787e+06	1.20866e-203
3.51797e+06	5.69913e-205
3.51807e+06	2.66055e-206
3.51817e+06	1.22967e-207
3.51827e+06	5.62686e-209
3.51837e+06	2.54918e-210
3.51847e+06	1.14338e-211
3.51857e+06	5.07736e-213
3.51867e+06	2.23225e-214
3.51877e+06	9.71637e-216
3.51887e+06	4.18719e-217
3.51897e+06	1.78648e-218
3.51907e+06	7.54625e-220
3.51917e+06	3.15588e-221
3.51927e+06	1.30668e-222
3.51937e+06	5.35638e-224
3.51947e+06	2.17387e-225
3.51957e+06	8.73475e-227
3.51967e+06	3.47477e-228
3.51977e+06	1.36854e-229
3.51987e+06	5.33638e-231
3.51997e+06	2.06012e-232
3.52007e+06	7.87402e-234
3.52017e+06	2.97959e-235
3.52027e+06	1.11628e-236
3.52037e+06	4.14046e-238
3.52047e+06	1.52048e-239
3.52057e+06	5.52801e-241
3.52067e+06	1.98982e-242
3.52077e+06	7.09116e-244
3.52087e+06	2.50194e-245
3.52097e+06	8.73965e-247
3.52107e+06	3.02251e-248
3.52117e+06	1.0349e-249
3.52127e+06	3.50822e-251
3.52137e+06	1.17742e-252
3.52147e+06	3.91232e-254
3.52157e+06	1.28704e-255
3.52167e+06	4.19189e-257
3.52177e+06	1.35171e-258
3.52187e+06	4.31532e-260
3.52197e+06	1.36396e-261
3.52207e+06	4.2682e-263
3.52217e+06	1.32235e-264
3.52227e+06	4.05606e-266
3.52237e+06	1.23174e-267
3.52247e+06	3.70334e-269
3.52257e+06	1.10236e-270
3.52267e+06	3.2487e-272
3.52277e+06	9.4788e-274
3.52287e+06	2.73813e-275
3.52297e+06	7.83091e-277
3.52307e+06	2.21731e-278
3.52317e+06	6.21583e-280
3.52327e+06	1.72516e-281
3.52337e+06	4.74039e-283
3.52347e+06	1.28961e-284
3.52357e+06	3.47342e-286
3.52367e+06	9.26222e-288
3.52377e+06	2.44529e-289
3.52387e+06	6.39147e-291
3.52397e+06	1.65398e-292
3.52407e+06	4.23755e-294
3.52417e+06	1.07487e-295
3.52427e+06	2.69934e-297
3.52437e+06	6.71141e-299
3.52447e+06	1.65207e-300
3.52457e+06	4.02623e-302
3.52467e+06	9.71463e-304
3.52477e+06	2.32066e-305
3.52487e+06	5.48849e-307
3.52497e+06	1.28515e-308
3.52507e+06	2.97926e-310
3.52517e+06	6.83788e-312
3.52527e+06	1.55379e-313
3.52537e+06	3.49558e-315
3.52547e+06	7.7858e-317
3.52557e+06	1.7169e-318
3.52567e+06	3.74848e-320
3.52577e+06	8.10268e-322
3.52587e+06	1.4822e-323
3.52597e+06	0
3.52607e+06	0
3.52617e+06	0
3.52627e+06	0
3.52637e+06	0
3.52647e+06	0
3.52657e+06	0
3.52667e+06	0
3.52677e+06	0
3.52687e+06	0
3.52697e+06	0
3.52707e+06	0
3.52717e+06	0
3.52727e+06	0
3.52737e+06	0
3.52747e+06	0
3.52757e+06	0
3.52767e+06	0
3.52777e+06	0
3.52787e+06	0
3.52797e+06	0
3.52807e+06	0
3.52817e+06	0
3.52827e+06	0
3.52837e+06	0
3.52847e+06	0
3.52857e+06	0
3.52867e+06	0
3.52877e+06	0
3.52887e+06	0
3.52897e+06	0
3.52907e+06	0
3.52917e+06	0
3.52927e+06	0
3.52937e+06	0
3.52947e+06	0
3.52957e+06	0
3.52967e+06	0
3.52977e+06	0
3.52987e+06	0
3.52997e+06	0
3.53007e+06	0
3.53017e+06	0
3.53027e+06	0
3.53037e+06	0
3.53047e+06	0
3.53057e+06	0
3.53067e+06	0
3.53077e+06	0
3.53087e+06	0
3.53097e+06	0
3.53107e+06	0
3.53117e+06	0
3.53127e+06	0
3.53137e+06	0
3.53147e+06	0
3.53157e+06	0
3.53167e+06	0
3.53177e+06	0
3.53187e+06	0
3.53197e+06	0
3.53207e+06	0
3.53217e+06	0
3.53227e+06	0
3.53237e+06	0
3.53247e+06	0
3.53257e+06	0
3.53267e+06	0
3.53277e+06	0
3.53287e+06	0
3.53297e+06	0
3.53307e+06	0
3.53317e+06	0
3.53327e+06	0
3.53337e+06	0
3.53347e+06	0
3.53357e+06	0
3.53367e+06	0
3.53377e+06	0
3.53387e+06	0
3.53397e+06	0
3.53407e+06	0
3.53417e+06	0
3.53427e+06	0
3.53437e+06	0
3.53447e+06	0
3.53457e+06	0
3.53467e+06	0
3.53477e+06	0
3.53487e+06	0
3.53497e+06	0
3.53507e+06	0
3.53517e+06	0
3.53527e+06	0
3.53537e+06	0
3.53547e+06	0
3.53557e+06	0
3.53567e+06	0
3.53577e+06	0
3.53587e+06	0
3.53597e+06	0
3.53607e+06	0
3.53617e+06	0
3.53627e+06	0
3.53637e+06	0
3.53647e+06	0
3.53657e+06	0
3.53667e+06	0
3.53677e+06	0
3.53687e+06	0
3.53697e+06	0
3.53707e+06	0
3.53717e+06	0
3.53727e+06	0
3.53737e+06	0
3.53747e+06	0
3.53757e+06	0
3.53767e+06	0
3.53777e+06	0
3.53787e+06	0
3.53797e+06	0
3.53807e+06	0
3.53817e+06	0
3.53827e+06	0
3.53837e+06	0
3.53847e+06	0
3.53857e+06	0
3.53867e+06	0
3.53877e+06	0
3.53887e+06	0
3.53897e+06	0
3.53907e+06	0
3.53917e+06	0
3.53927e+06	0
3.53937e+06	0
3.53947e+06	0
3.53957e+06	0
3.53967e+06	0
3.53977e+06	0
3.53987e+06	0
3.53997e+06	0
3.54007e+06	0
3.54017e+06	0
3.54027e+06	0
3.54037e+06	0
3.54047e+06	0
3.54057e+06	0
3.54067e+06	0
3.54077e+06	0
3.54087e+06	0
3.54097e+06	0
3.54107e+06	0
3.54117e+06	0
3.54127e+06	0
3.54137e+06	0
3.54147e+06	0
3.54157e+06	0
3.54167e+06	0
3.54177e+06	0
3.54187e+06	0
3.54197e+06	0
3.54207e+06	0
3.54217e+06	0
3.54227e+06	0
3.54237e+06	0
3.54247e+06	0
3.54257e+06	0
3.54267e+06	0
3.54277e+06	0
3.54287e+06	0
3.54297e+06	0
3.54307e+06	0
3.54317e+06	0
3.54327e+06	0
3.54337e+06	0
3.54347e+06	0
3.54357e+06	0
3.54367e+06	0
3.54377e+06	0
3.54387e+06	0
3.54397e+06	0
3.54407e+06	0
3.54417e+06	0
3.54427e+06	0
3.54437e+06	0
3.54447e+06	0
3.54457e+06	0
3.54467e+06	0
3.54477e+06	0
3.54487e+06	0
3.54497e+06	0
3.54507e+06	0
3.54517e+06	0
3.54527e+06	0
3.54537e+06	0
3.54547e+06	0
3.54557e+06	0
3.54567e+06	0
3.54577e+06	0
3.54587e+06	0
3.54597e+06	0
3.54607e+06	0
3.54617e+06	0
3.54627e+06	0
3.54637e+06	0
3.54647e+06	0
3.54657e+06	0
3.54667e+06	0
3.54677e+06	0
3.54687e+06	0
3.54697e+06	0
3.54707e+06	0
3.54717e+06	0
3.54727e+06	0
3.54737e+06	0
3.54747e+06	0
3.54757e+06	0
3.54767e+06	0
3.54777e+06	0
3.54787e+06	0
3.54797e+06	0
3.54807e+06	0
3.54817e+06	0
3.54827e+06	0
3.54837e+06	0
3.54847e+06	0
3.54857e+06	0
3.54867e+06	0
3.54877e+06	0
3.54887e+06	0
3.54897e+06	0
3.54907e+06	0
3.54917e+06	0
3.54927e+06	0
3.54937e+06	0
3.54947e+06	0
3.54957e+06	0
3.54967e+06	0
3.54977e+06	0
3.54987e+06	0
3.54997e+06	0
3.55007e+06	0
3.55017e+06	0
3.55027e+06	0
3.55037e+06	0
3.55047e+06	0
3.55057e+06	0
3.55067e+06	0
3.55077e+06	0
3.55087e+06	0
3.55097e+06	0
3.55107e+06	0
3.55117e+06	0
3.55127e+06	0
3.55137e+06	0
3.55147e+06	0
3.55157e+06	0
3.55167e+06	0
3.55177e+06	0
3.55187e+06	0
3.55197e+06	0
3.55207e+06	0
3.55217e+06	0
3.55227e+06	0
3.55237e+06	0
3.55247e+06	0
3.55257e+06	0
3.55267e+06	0
3.55277e+06	0
3.55287e+06	0
3.55297e+06	0
3.55307e+06	0
3.55317e+06	0
3.55327e+06	0
3.55337e+06	0
3.55347e+06	0
3.55357e+06	0
3.55367e+06	0
3.55377e+06	0
3.55387e+06	0
3.55397e+06	0
3.55407e+06	0
3.55417e+06	0
3.55427e+06	0
3.55437e+06	0
3.55447e+06	0
3.55457e+06	0
3.55467e+06	0
3.55477e+06	0
3.55487e+06	0
3.55497e+06	0
3.55507e+06	0
3.55517e+06	0
3.55527e+06	0
3.55537e+06	0
3.55547e+06	0
3.55557e+06	0
3.55567e+06	0
3.55577e+06	0
3.55587e+06	0
3.55597e+06	0
3.55607e+06	0
3.55617e+06	0
3.55627e+06	0
3.55637e+06	0
3.55647e+06	0
3.55657e+06	0
3.55667e+06	0
3.55677e+06	0
3.55687e+06	0
3.55697e+06	0
3.55707e+06	0
3.55717e+06	0
3.55727e+06	0
3.55737e+06	0
3.55747e+06	0
3.55757e+06	0
3.55767e+06	0
3.55777e+06	0
3.55787e+06	0
3.55797e+06	0
3.55807e+06	0
3.55817e+06	0
3.55827e+06	0
3.55837e+06	0
3.55847e+06	0
3.55857e+06	0
3.55867e+06	0
3.55877e+06	0
3.55887e+06	0
3.55897e+06	0
3.55907e+06	0
3.55917e+06	0
3.55927e+06	0
3.55937e+06	0
3.55947e+06	0
3.55957e+06	0
3.55967e+06	0
3.55977e+06	0
3.55987e+06	0
3.55997e+06	0
3.56007e+06	0
3.56017e+06	0
3.56027e+06	0
3.56037e+06	0
3.56047e+06	0
3.56057e+06	0
3.56067e+06	0
3.56077e+06	0
3.56087e+06	0
3.56097e+06	0
3.56107e+06	0
3.56117e+06	0
3.56127e+06	0
3.56137e+06	0
3.56147e+06	0
3.56157e+06	0
3.56167e+06	0
3.56177e+06	0
3.56187e+06	0
3.56197e+06	0
3.56207e+06	0
3.56217e+06	0
3.56227e+06	0
3.56237e+06	0
3.56247e+06	0
3.56257e+06	0
3.56267e+06	0
3.56277e+06	0
3.56287e+06	0
3.56297e+06	0
3.56307e+06	0
3.56317e+06	0
3.56327e+06	0
3.56337e+06	0
3.56347e+06	0
3.56357e+06	0
3.56367e+06	0
3.56377e+06	0
3.56387e+06	0
3.56397e+06	0
3.56407e+06	0
3.56417e+06	0
3.56427e+06	0
3.56437e+06	0
3.56447e+06	0
3.56457e+06	0
3.56467e+06	0
3.56477e+06	0
3.56487e+06	0
3.56497e+06	0
3.56507e+06	0
3.56517e+06	0
3.56527e+06	0
3.56537e+06	0
3.56547e+06	0
3.56557e+06	0
3.56567e+06	0
3.56577e+06	0
3.56587e+06	0
3.56597e+06	0
3.56607e+06	0
3.56617e+06	0
3.56627e+06	0
3.56637e+06	0
3.56647e+06	0
3.56657e+06	0
3.56667e+06	0
3.56677e+06	0
3.56687e+06	0
3.56697e+06	0
3.56707e+06	0
3.56717e+06	0
3.56727e+06	0
3.56737e+06	0
3.56747e+06	0
3.56757e+06	0
3.56767e+06	0
3.56777e+06	0
3.56787e+06	0
3.56797e+06	0
3.56807e+06	0
3.56817e+06	0
3.56827e+06	0
3.56837e+06	0
3.56847e+06	0
3.56857e+06	0
3.56867e+06	0
3.56877e+06	0
3.56887e+06	0
3.56897e+06	0
3.56907e+06	0
3.56917e+06	0
3.56927e+06	0
3.56937e+06	0
3.56947e+06	0
3.56957e+06	0
3.56967e+06	0
3.56977e+06	0
3.56987e+06	0
3.56997e+06	0
3.57007e+06	0
3.57017e+06	0
3.57027e+06	0
3.57037e+06	0
3.57047e+06	0
3.57057e+06	0
3.57067e+06	0
3.57077e+06	0
3.57087e+06	0
3.57097e+06	0
3.57107e+06	0
3.57117e+06	0
3.57127e+06	0
3.57137e+06	0
3.57147e+06	0
3.57157e+06	0
3.57167e+06	0
3.57177e+06	0
3.57187e+06	0
3.57197e+06	0
3.57207e+06	0
3.57217e+06	0
3.57227e+06	0
3.57237e+06	0
3.57247e+06	0
3.57257e+06	0
3.57267e+06	0
3.57277e+06	0
3.57287e+06	0
3.57297e+06	0
3.57307e+06	0
3.57317e+06	0
3.57327e+06	0
3.57337e+06	0
3.57347e+06	0
3.57357e+06	0
3.57367e+06	0
3.57377e+06	0
3.57387e+06	0
3.57397e+06	0
3.57407e+06	0
3.57417e+06	0
3.57427e+06	0
3.57437e+06	0
3.57447e+06	0
3.57457e+06	0
3.57467e+06	0
3.57477e+06	0
3.57487e+06	0
3.57497e+06	0
3.57507e+06	0
3.57517e+06	0
3.57527e+06	0
3.57537e+06	0
3.57547e+06	0
3.57557e+06	0
3.57567e+06	0
3.57577e+06	0
3.57587e+06	0
3.57597e+06	0
3.57607e+06	0
3.57617e+06	0
3.57627e+06	0
3.57637e+06	0
3.57647e+06	0
3.57657e+06	0
3.57667e+06	0
3.57677e+06	0
3.57687e+06	0
3.57697e+06	0
3.57707e+06	0
3.57717e+06	0
3.57727e+06	0
3.57737e+06	0
3.57747e+06	0
3.57757e+06	0
3.57767e+06	0
3.57777e+06	0
3.57787e+06	0
3.57797e+06	0
3.57807e+06	0
3.57817e+06	0
3.57827e+06	0
3.57837e+06	0
3.57847e+06	0
3.57857e+06	0
3.57867e+06	0
3.57877e+06	0
3.57887e+06	0
3.57897e+06	0
3.57907e+06	0
3.57917e+06	0
3.57927e+06	0
3.57937e+06	0
3.57947e+06	0
3.57957e+06	0
3.57967e+06	0
3.57977e+06	0
3.57987e+06	0
3.57997e+06	0
3.58007e+06	0
3.58017e+06	0
3.58027e+06	0
3.58037e+06	0
3.58047e+06	0
3.58057e+06	0
3.58067e+06	0
3.58077e+06	0
3.58087e+06	0
3.58097e+06	0
3.58107e+06	0
3.58117e+06	0
3.58127e+06	0
3.58137e+06	0
3.58147e+06	0
3.58157e+06	0
3.58167e+06	0
3.58177e+06	0
3.58187e+06	0
3.58197e+06	0
3.58207e+06	0
3.58217e+06	0
3.58227e+06	0
3.58237e+06	0
3.58247e+06	0
3.58257e+06	0
3.58267e+06	0
3.58277e+06	0
3.58287e+06	0
3.58297e+06	0
3.58307e+06	0
3.58317e+06	0
3.58327e+06	0
3.58337e+06	0
3.58347e+06	0
3.58357e+06	0
3.58367e+06	0
3.58377e+06	0
3.58387e+06	0
3.58397e+06	0
3.58407e+06	0
3.58417e+06	0
3.58427e+06	0
3.58437e+06	0
3.58447e+06	0
3.58457e+06	0
3.58467e+06	0
3.58477e+06	0
3.58487e+06	0
3.58497e+06	0
3.58507e+06	0
3.58517e+06	0
3.58527e+06	0
3.58537e+06	0
3.58547e+06	0
3.58557e+06	0
3.58567e+06	0
3.58577e+06	0
3.58587e+06	0
3.58597e+06	0
3.58607e+06	0
3.58617e+06	0
3.58627e+06	0
3.58637e+06	0
3.58647e+06	0
3.58657e+06	0
3.58667e+06	0
3.58677e+06	0
3.58687e+06	0
3.58697e+06	0
3.58707e+06	0
3.58717e+06	0
3.58727e+06	0
3.58737e+06	0
3.58747e+06	0
3.58757e+06	0
3.58767e+06	0
3.58777e+06	0
3.58787e+06	0
3.58797e+06	0
3.58807e+06	0
3.58817e+06	0
3.58827e+06	0
3.58837e+06	0
3.58847e+06	0
3.58857e+06	0
3.58867e+06	0
3.58877e+06	0
3.58887e+06	0
3.58897e+06	0
3.58907e+06	0
3.58917e+06	0
3.58927e+06	0
3.58937e+06	0
3.58947e+06	0
3.58957e+06	0
3.58967e+06	0
3.58977e+06	0
3.58987e+06	0
3.58997e+06	0
3.59007e+06	0
3.59017e+06	0
3.59027e+06	0
3.59037e+06	0
3.59047e+06	0
3.59057e+06	0
3.59067e+06	0
3.59077e+06	0
3.59087e+06	0
3.59097e+06	0
3.59107e+06	0
3.59117e+06	0
3.59127e+06	0
3.59137e+06	0
3.59147e+06	0
3.59157e+06	0
3.59167e+06	0
3.59177e+06	0
3.59187e+06	0
3.59197e+06	0
3.59207e+06	0
3.59217e+06	0
3.59227e+06	0
3.59237e+06	0
3.59247e+06	0
3.59257e+06	0
3.59267e+06	0
3.59277e+06	0
3.59287e+06	0
3.59297e+06	0
3.59307e+06	0
3.59317e+06	0
3.59327e+06	0
3.59337e+06	0
3.59347e+06	0
3.59357e+06	0
3.59367e+06	0
3.59377e+06	0
3.59387e+06	0
3.59397e+06	0
3.59407e+06	0
3.59417e+06	0
3.59427e+06	0
3.59437e+06	0
3.59447e+06	0
3.59457e+06	0
3.59467e+06	0
3.59477e+06	0
3.59487e+06	0
3.59497e+06	0
3.59507e+06	0
3.59517e+06	0
3.59527e+06	0
3.59537e+06	0
3.59547e+06	0
3.59557e+06	0
3.59567e+06	0
3.59577e+06	0
3.59587e+06	0
3.59597e+06	0
3.59607e+06	0
3.59617e+06	0
3.59627e+06	0
3.59637e+06	0
3.59647e+06	0
3.59657e+06	0
3.59667e+06	0
3.59677e+06	0
3.59687e+06	0
3.59697e+06	0
3.59707e+06	0
3.59717e+06	0
3.59727e+06	0
3.59737e+06	0
3.59747e+06	0
3.59757e+06	0
3.59767e+06	0
3.59777e+06	0
3.59787e+06	0
3.59797e+06	0
3.59807e+06	0
3.59817e+06	0
3.59827e+06	0
3.59837e+06	0
3.59847e+06	0
3.59857e+06	0
3.59867e+06	0
3.59877e+06	0
3.59887e+06	0
3.59897e+06	0
3.59907e+06	0
3.59917e+06	0
3.59927e+06	0
3.59937e+06	0
3.59947e+06	0
3.59957e+06	0
3.59967e+06	0
3.59977e+06	0
3.59987e+06	0
3.59997e+06	0
3.60007e+06	0
3.60017e+06	0
3.60027e+06	0
3.60037e+06	0
3.60047e+06	0
3.60057e+06	0
3.60067e+06	0
3.60077e+06	0
3.60087e+06	0
3.60097e+06	0
3.60107e+06	0
3.60117e+06	0
3.60127e+06	0
3.60137e+06	0
3.60147e+06	0
3.60157e+06	0
3.60167e+06	0
3.60177e+06	0
3.60187e+06	0
3.60197e+06	0
3.60207e+06	0
3.60217e+06	0
3.60227e+06	0
3.60237e+06	0
3.60247e+06	0
3.60257e+06	0
3.60267e+06	0
3.60277e+06	0
3.60287e+06	0
3.60297e+06	0
3.60307e+06	0
3.60317e+06	0
3.60327e+06	0
3.60337e+06	0
3.60347e+06	0
3.60357e+06	0
3.60367e+06	0
3.60377e+06	0
3.60387e+06	0
3.60397e+06	0
3.60407e+06	0
3.60417e+06	0
3.60427e+06	0
3.60437e+06	0
3.60447e+06	0
3.60457e+06	0
3.60467e+06	0
3.60477e+06	0
3.60487e+06	0
3.60497e+06	0
3.60507e+06	0
3.60517e+06	0
3.60527e+06	0
3.60537e+06	0
3.60547e+06	0
3.60557e+06	0
3.60567e+06	0
3.60577e+06	0
3.60587e+06	0
3.60597e+06	0
3.60607e+06	0
3.60617e+06	0
3.60627e+06	0
3.60637e+06	0
3.60647e+06	0
3.60657e+06	0
3.60667e+06	0
3.60677e+06	0
3.60687e+06	0
3.60697e+06	0
3.60707e+06	0
3.60717e+06	0
3.60727e+06	0
3.60737e+06	0
3.60747e+06	0
3.60757e+06	0
3.60767e+06	0
3.60777e+06	0
3.60787e+06	0
3.60797e+06	0
3.60807e+06	0
3.60817e+06	0
3.60827e+06	0
3.60837e+06	0
3.60847e+06	0
3.60857e+06	0
3.60867e+06	0
3.60877e+06	0
3.60887e+06	0
3.60897e+06	0
3.60907e+06	0
3.60917e+06	0
3.60927e+06	0
3.60937e+06	0
3.60947e+06	0
3.60957e+06	0
3.60967e+06	0
3.60977e+06	0
3.60987e+06	0
3.60997e+06	0
3.61007e+06	0
3.61017e+06	0
3.61027e+06	0
3.61037e+06	0
3.61047e+06	0
3.61057e+06	0
3.61067e+06	0
3.61077e+06	0
3.61087e+06	0
3.61097e+06	0
3.61107e+06	0
3.61117e+06	0
3.61127e+06	0
3.61137e+06	0
3.61147e+06	0
3.61157e+06	0
3.61167e+06	0
3.61177e+06	0
3.61187e+06	0
3.61197e+06	0
3.61207e+06	0
3.61217e+06	0
3.61227e+06	0
3.61237e+06	0
3.61247e+06	0
3.61257e+06	0
3.61267e+06	0
3.61277e+06	0
3.61287e+06	0
3.61297e+06	0
3.61307e+06	0
3.61317e+06	0
3.61327e+06	0
3.61337e+06	0
3.61347e+06	0
3.61357e+06	0
3.61367e+06	0
3.61377e+06	0
3.61387e+06	0
3.61397e+06	0
3.61407e+06	0
3.61417e+06	0
3.61427e+06	0
3.61437e+06	0
3.61447e+06	0
3.61457e+06	0
3.61467e+06	0
3.61477e+06	0
3.61487e+06	0
3.61497e+06	0
3.61507e+06	0
3.61517e+06	0
3.61527e+06	0
3.61537e+06	0
3.61547e+06	0
3.61557e+06	0
3.61567e+06	0
3.61577e+06	0
3.61587e+06	0
3.61597e+06	0
3.61607e+06	0
3.61617e+06	0
3.61627e+06	0
3.61637e+06	0
3.61647e+06	0
3.61657e+06	0
3.61667e+06	0
3.61677e+06	0
3.61687e+06	0
3.61697e+06	0
3.61707e+06	0
3.61717e+06	0
3.61727e+06	0
3.61737e+06	0
3.61747e+06	0
3.61757e+06	0
3.61767e+06	0
3.61777e+06	0
3.61787e+06	0
3.61797e+06	0
3.61807e+06	0
3.61817e+06	0
3.61827e+06	0
3.61837e+06	0
3.61847e+06	0
3.61857e+06	0
3.61867e+06	0
3.61877e+06	0
3.61887e+06	0
3.61897e+06	0
3.61907e+06	0
3.61917e+06	0
3.61927e+06	0
3.61937e+06	0
3.61947e+06	0
3.61957e+06	0
3.61967e+06	0
3.61977e+06	0
3.61987e+06	0
3.61997e+06	0
3.62007e+06	0
3.62017e+06	0
3.62027e+06	0
3.62037e+06	0
3.62047e+06	0
3.62057e+06	0
3.62067e+06	0
3.62077e+06	0
3.62087e+06	0
3.62097e+06	0
3.62107e+06	0
3.62117e+06	0
3.62127e+06	0
3.62137e+06	0
3.62147e+06	0
3.62157e+06	0
3.62167e+06	0
3.62177e+06	0
3.62187e+06	0
3.62197e+06	0
3.62207e+06	0
3.62217e+06	0
3.62227e+06	0
3.62237e+06	0
3.62247e+06	0
3.62257e+06	0
3.62267e+06	0
3.62277e+06	0
3.62287e+06	0
3.62297e+06	0
3.62307e+06	0
3.62317e+06	0
3.62327e+06	0
3.62337e+06	0
3.62347e+06	0
3.62357e+06	0
3.62367e+06	0
3.62377e+06	0
3.62387e+06	0
3.62397e+06	0
3.62407e+06	0
3.62417e+06	0
3.62427e+06	0
3.62437e+06	0
3.62447e+06	0
3.62457e+06	0
3.62467e+06	0
3.62477e+06	0
3.62487e+06	0
3.62497e+06	0
3.62507e+06	0
3.62517e+06	0
3.62527e+06	0
3.62537e+06	0
3.62547e+06	0
3.62557e+06	0
3.62567e+06	0
3.62577e+06	0
3.62587e+06	0
3.62597e+06	0
3.62607e+06	0
3.62617e+06	0
3.62627e+06	0
3.62637e+06	0
3.62647e+06	0
3.62657e+06	0
3.62667e+06	0
3.62677e+06	0
3.62687e+06	0
3.62697e+06	0
3.62707e+06	0
3.62717e+06	0
3.62727e+06	0
3.62737e+06	0
3.62747e+06	0
3.62757e+06	0
3.62767e+06	0
3.62777e+06	0
3.62787e+06	0
3.62797e+06	0
3.62807e+06	0
3.62817e+06	0
3.62827e+06	0
3.62837e+06	0
3.62847e+06	0
3.62857e+06	0
3.62867e+06	0
3.62877e+06	0
3.62887e+06	0
3.62897e+06	0
3.62907e+06	0
3.62917e+06	0
3.62927e+06	0
3.62937e+06	0
3.62947e+06	0
3.62957e+06	0
3.62967e+06	0
3.62977e+06	0
3.62987e+06	0
3.62997e+06	0
3.63007e+06	0
3.63017e+06	0
3.63027e+06	0
3.63037e+06	0
3.63047e+06	0
3.63057e+06	0
3.63067e+06	0
3.63077e+06	0
3.63087e+06	0
3.63097e+06	0
3.63107e+06	0
3.63117e+06	0
3.63127e+06	0
3.63137e+06	0
3.63147e+06	0
3.63157e+06	0
3.63167e+06	0
3.63177e+06	0
3.63187e+06	0
3.63197e+06	0
3.63207e+06	0
3.63217e+06	0
3.63227e+06	0
3.63237e+06	0
3.63247e+06	0
3.63257e+06	0
3.63267e+06	0
3.63277e+06	0
3.63287e+06	0
3.63297e+06	0
3.63307e+06	0
3.63317e+06	0
3.63327e+06	0
3.63337e+06	0
3.63347e+06	0
3.63357e+06	0
3.63367e+06	0
3.63377e+06	0
3.63387e+06	0
3.63397e+06	0
3.63407e+06	0
3.63417e+06	0
3.63427e+06	0
3.63437e+06	0
3.63447e+06	0
3.63457e+06	0
3.63467e+06	0
3.63477e+06	0
3.63487e+06	0
3.63497e+06	0
3.63507e+06	0
3.63517e+06	0
3.63527e+06	0
3.63537e+06	0
3.63547e+06	0
3.63557e+06	0
3.63567e+06	0
3.63577e+06	0
3.63587e+06	0
3.63597e+06	0
3.63607e+06	0
3.63617e+06	0
3.63627e+06	0
3.63637e+06	0
3.63647e+06	0
3.63657e+06	0
3.63667e+06	0
3.63677e+06	0
3.63687e+06	0
3.63697e+06	0
3.63707e+06	0
3.63717e+06	0
3.63727e+06	0
3.63737e+06	0
3.63747e+06	0
3.63757e+06	0
3.63767e+06	0
3.63777e+06	0
3.63787e+06	0
3.63797e+06	0
3.63807e+06	0
3.63817e+06	0
3.63827e+06	0
3.63837e+06	0
3.63847e+06	0
3.63857e+06	0
3.63867e+06	0
3.63877e+06	0
3.63887e+06	0
3.63897e+06	0
3.63907e+06	0
3.63917e+06	0
3.63927e+06	0
3.63937e+06	0
3.63947e+06	0
3.63957e+06	0
3.63967e+06	0
3.63977e+06	0
3.63987e+06	0
3.63997e+06	0
3.64007e+06	0
3.64017e+06	0
3.64027e+06	0
3.64037e+06	0
3.64047e+06	0
3.64057e+06	0
3.64067e+06	0
3.64077e+06	0
3.64087e+06	0
3.64097e+06	0
3.64107e+06	0
3.64117e+06	0
3.64127e+06	0
3.64137e+06	0
3.64147e+06	0
3.64157e+06	0
3.64167e+06	0
3.64177e+06	0
3.64187e+06	0
3.64197e+06	0
3.64207e+06	0
3.64217e+06	0
3.64227e+06	0
3.64237e+06	0
3.64247e+06	0
3.64257e+06	0
3.64267e+06	0
3.64277e+06	0
3.64287e+06	0
3.64297e+06	0
3.64307e+06	0
3.64317e+06	0
3.64327e+06	0
3.64337e+06	0
3.64347e+06	0
3.64357e+06	0
3.64367e+06	0
3.64377e+06	0
3.64387e+06	0
3.64397e+06	0
3.64407e+06	0
3.64417e+06	0
3.64427e+06	0
3.64437e+06	0
3.64447e+06	0
3.64457e+06	0
3.64467e+06	0
3.64477e+06	0
3.64487e+06	0
3.64497e+06	0
3.64507e+06	0
3.64517e+06	0
3.64527e+06	0
3.64537e+06	0
3.64547e+06	0
3.64557e+06	0
3.64567e+06	0
3.64577e+06	0
3.64587e+06	0
3.64597e+06	0
3.64607e+06	0
3.64617e+06	0
3.64627e+06	0
3.64637e+06	0
3.64647e+06	0
3.64657e+06	0
3.64667e+06	0
3.64677e+06	0
3.64687e+06	0
3.64697e+06	0
3.64707e+06	0
3.64717e+06	0
3.64727e+06	0
3.64737e+06	0
3.64747e+06	0
3.64757e+06	0
3.64767e+06	0
3.64777e+06	0
3.64787e+06	0
3.64797e+06	0
3.64807e+06	0
3.64817e+06	0
3.64827e+06	0
3.64837e+06	0
3.64847e+06	0
3.64857e+06	0
3.64867e+06	0
3.64877e+06	0
3.64887e+06	0
3.64897e+06	0
3.64907e+06	0
3.64917e+06	0
3.64927e+06	0
3.64937e+06	0
3.64947e+06	0
3.64957e+06	0
3.64967e+06	0
3.64977e+06	0
3.64987e+06	0
3.64997e+06	0
3.65007e+06	0
3.65017e+06	0
3.65027e+06	0
3.65037e+06	0
3.65047e+06	0
3.65057e+06	0
3.65067e+06	0
3.65077e+06	0
3.65087e+06	0
3.65097e+06	0
3.65107e+06	0
3.65117e+06	0
3.65127e+06	0
3.65137e+06	0
3.65147e+06	0
3.65157e+06	0
3.65167e+06	0
3.65177e+06	0
3.65187e+06	0
3.65197e+06	0
3.65207e+06	0
3.65217e+06	0
3.65227e+06	0
3.65237e+06	0
3.65247e+06	0
3.65257e+06	0
3.65267e+06	0
3.65277e+06	0
3.65287e+06	0
3.65297e+06	0
3.65307e+06	0
3.65317e+06	0
3.65327e+06	0
3.65337e+06	0
3.65347e+06	0
3.65357e+06	0
3.65367e+06	0
3.65377e+06	0
3.65387e+06	0
3.65397e+06	0
3.65407e+06	0
3.65417e+06	0
3.65427e+06	0
3.65437e+06	0
3.65447e+06	0
3.65457e+06	0
3.65467e+06	0
3.65477e+06	0
3.65487e+06	0
3.65497e+06	0
3.65507e+06	0
3.65517e+06	0
3.65527e+06	0
3.65537e+06	0
3.65547e+06	0
3.65557e+06	0
3.65567e+06	0
3.65577e+06	0
3.65587e+06	0
3.65597e+06	0
3.65607e+06	0
3.65617e+06	0
3.65627e+06	0
3.65637e+06	0
3.65647e+06	0
3.65657e+06	0
3.65667e+06	0
3.65677e+06	0
3.65687e+06	0
3.65697e+06	0
3.65707e+06	0
3.65717e+06	0
3.65727e+06	0
3.65737e+06	0
3.65747e+06	0
3.65757e+06	0
3.65767e+06	0
3.65777e+06	0
3.65787e+06	0
3.65797e+06	0
3.65807e+06	0
3.65817e+06	0
3.65827e+06	0
3.65837e+06	0
3.65847e+06	0
3.65857e+06	0
3.65867e+06	0
3.65877e+06	0
3.65887e+06	0
3.65897e+06	0
3.65907e+06	0
3.65917e+06	0
3.65927e+06	0
3.65937e+06	0
3.65947e+06	0
3.65957e+06	0
3.65967e+06	0
3.65977e+06	0
3.65987e+06	0
3.65997e+06	0
3.66007e+06	0
3.66017e+06	0
3.66027e+06	0
3.66037e+06	0
3.66047e+06	0
3.66057e+06	0
3.66067e+06	0
3.66077e+06	0
3.66087e+06	0
3.66097e+06	0
3.66107e+06	0
3.66117e+06	0
3.66127e+06	0
3.66137e+06	0
3.66147e+06	0
3.66157e+06	0
3.66167e+06	0
3.66177e+06	0
3.66187e+06	0
3.66197e+06	0
3.66207e+06	0
3.66217e+06	0
3.66227e+06	0
3.66237e+06	0
3.66247e+06	0
3.66257e+06	0
3.66267e+06	0
3.66277e+06	0
3.66287e+06	0
3.66297e+06	0
3.66307e+06	0
3.66317e+06	0
3.66327e+06	0
3.66337e+06	0
3.66347e+06	0
3.66357e+06	0
3.66367e+06	0
3.66377e+06	0
3.66387e+06	0
3.66397e+06	0
3.66407e+06	0
3.66417e+06	0
3.66427e+06	0
3.66437e+06	0
3.66447e+06	0
3.66457e+06	0
3.66467e+06	0
3.66477e+06	0
3.66487e+06	0
3.66497e+06	0
3.66507e+06	0
3.66517e+06	0
3.66527e+06	0
3.66537e+06	0
3.66547e+06	0
3.66557e+06	0
3.66567e+06	0
3.66577e+06	0
3.66587e+06	0
3.66597e+06	0
3.66607e+06	0
3.66617e+06	0
3.66627e+06	0
3.66637e+06	0
3.66647e+06	0
3.66657e+06	0
3.66667e+06	0
3.66677e+06	0
3.66687e+06	0
3.66697e+06	0
3.66707e+06	0
3.66717e+06	0
3.66727e+06	0
3.66737e+06	0
3.66747e+06	0
3.66757e+06	0
3.66767e+06	0
3.66777e+06	0
3.66787e+06	0
3.66797e+06	0
3.66807e+06	0
3.66817e+06	0
3.66827e+06	0
3.66837e+06	0
3.66847e+06	0
3.66857e+06	0
3.66867e+06	0
3.66877e+06	0
3.66887e+06	0
3.66897e+06	0
3.66907e+06	0
3.66917e+06	0
3.66927e+06	0
3.66937e+06	0
3.66947e+06	0
3.66957e+06	0
3.66967e+06	0
3.66977e+06	0
3.66987e+06	0
3.66997e+06	0
3.67007e+06	0
3.67017e+06	0
3.67027e+06	0
3.67037e+06	0
3.67047e+06	0
3.67057e+06	0
3.67067e+06	0
3.67077e+06	0
3.67087e+06	0
3.67097e+06	0
3.67107e+06	0
3.67117e+06	0
3.67127e+06	0
3.67137e+06	0
3.67147e+06	0
3.67157e+06	0
3.67167e+06	0
3.67177e+06	0
3.67187e+06	0
3.67197e+06	0
3.67207e+06	0
3.67217e+06	0
3.67227e+06	0
3.67237e+06	0
3.67247e+06	0
3.67257e+06	0
3.67267e+06	0
3.67277e+06	0
3.67287e+06	0
3.67297e+06	0
3.67307e+06	0
3.67317e+06	0
3.67327e+06	0
3.67337e+06	0
3.67347e+06	0
3.67357e+06	0
3.67367e+06	0
3.67377e+06	0
3.67387e+06	0
3.67397e+06	0
3.67407e+06	0
3.67417e+06	0
3.67427e+06	0
3.67437e+06	0
3.67447e+06	0
3.67457e+06	0
3.67467e+06	0
3.67477e+06	0
3.67487e+06	0
3.67497e+06	0
3.67507e+06	0
3.67517e+06	0
3.67527e+06	0
3.67537e+06	0
3.67547e+06	0
3.67557e+06	0
3.67567e+06	0
3.67577e+06	0
3.67587e+06	0
3.67597e+06	0
3.67607e+06	0
3.67617e+06	0
3.67627e+06	0
3.67637e+06	0
3.67647e+06	0
3.67657e+06	0
3.67667e+06	0
3.67677e+06	0
3.67687e+06	0
3.67697e+06	0
3.67707e+06	0
3.67717e+06	0
3.67727e+06	0
3.67737e+06	0
3.67747e+06	0
3.67757e+06	0
3.67767e+06	0
3.67777e+06	0
3.67787e+06	0
3.67797e+06	0
3.67807e+06	0
3.67817e+06	0
3.67827e+06	0
3.67837e+06	0
3.67847e+06	0
3.67857e+06	0
3.67867e+06	0
3.67877e+06	0
3.67887e+06	0
3.67897e+06	0
3.67907e+06	0
3.67917e+06	0
3.67927e+06	0
3.67937e+06	0
3.67947e+06	0
3.67957e+06	0
3.67967e+06	0
3.67977e+06	0
3.67987e+06	0
3.67997e+06	0
3.68007e+06	0
3.68017e+06	0
3.68027e+06	0
3.68037e+06	0
3.68047e+06	0
3.68057e+06	0
3.68067e+06	0
3.68077e+06	0
3.68087e+06	0
3.68097e+06	0
3.68107e+06	0
3.68117e+06	0
3.68127e+06	0
3.68137e+06	0
3.68147e+06	0
3.68157e+06	0
3.68167e+06	0
3.68177e+06	0
3.68187e+06	0
3.68197e+06	0
3.68207e+06	0
3.68217e+06	0
3.68227e+06	0
3.68237e+06	0
3.68247e+06	0
3.68257e+06	0
3.68267e+06	0
3.68277e+06	0
3.68287e+06	0
3.68297e+06	0
3.68307e+06	0
3.68317e+06	0
3.68327e+06	0
3.68337e+06	0
3.68347e+06	0
3.68357e+06	0
3.68367e+06	0
3.68377e+06	0
3.68387e+06	0
3.68397e+06	0
3.68407e+06	0
3.68417e+06	0
3.68427e+06	0
3.68437e+06	0
3.68447e+06	0
3.68457e+06	0
3.68467e+06	0
3.68477e+06	0
3.68487e+06	0
3.68497e+06	0
3.68507e+06	0
3.68517e+06	0
3.68527e+06	0
3.68537e+06	0
3.68547e+06	0
3.68557e+06	0
3.68567e+06	0
3.68577e+06	0
3.68587e+06	0
3.68597e+06	0
3.68607e+06	0
3.68617e+06	0
3.68627e+06	0
3.68637e+06	0
3.68647e+06	0
3.68657e+06	0
3.68667e+06	0
3.68677e+06	0
3.68687e+06	0
3.68697e+06	0
3.68707e+06	0
3.68717e+06	0
3.68727e+06	0
3.68737e+06	0
3.68747e+06	0
3.68757e+06	0
3.68767e+06	0
3.68777e+06	0
3.68787e+06	0
3.68797e+06	0
3.68807e+06	0
3.68817e+06	0
3.68827e+06	0
3.68837e+06	0
3.68847e+06	0
3.68857e+06	0
3.68867e+06	0
3.68877e+06	0
3.68887e+06	0
3.68897e+06	0
3.68907e+06	0
3.68917e+06	0
3.68927e+06	0
3.68937e+06	0
3.68947e+06	0
3.68957e+06	0
3.68967e+06	0
3.68977e+06	0
3.68987e+06	0
3.68997e+06	0
3.69007e+06	0
3.69017e+06	0
3.69027e+06	0
3.69037e+06	0
3.69047e+06	0
3.69057e+06	0
3.69067e+06	0
3.69077e+06	0
3.69087e+06	0
3.69097e+06	0
3.69107e+06	0
3.69117e+06	0
3.69127e+06	0
3.69137e+06	0
3.69147e+06	0
3.69157e+06	0
3.69167e+06	0
3.69177e+06	0
3.69187e+06	0
3.69197e+06	0
3.69207e+06	0
3.69217e+06	0
3.69227e+06	0
3.69237e+06	0
3.69247e+06	0
3.69257e+06	0
3.69267e+06	0
3.69277e+06	0
3.69287e+06	0
3.69297e+06	0
3.69307e+06	0
3.69317e+06	0
3.69327e+06	0
3.69337e+06	0
3.69347e+06	0
3.69357e+06	0
3.69367e+06	0
3.69377e+06	0
3.69387e+06	0
3.69397e+06	0
3.69407e+06	0
3.69417e+06	0
3.69427e+06	0
3.69437e+06	0
3.69447e+06	0
3.69457e+06	0
3.69467e+06	0
3.69477e+06	0
3.69487e+06	0
3.69497e+06	0
3.69507e+06	0
3.69517e+06	0
3.69527e+06	0
3.69537e+06	0
3.69547e+06	0
3.69557e+06	0
3.69567e+06	0
3.69577e+06	0
3.69587e+06	0
3.69597e+06	0
3.69607e+06	0
3.69617e+06	0
3.69627e+06	0
3.69637e+06	0
3.69647e+06	0
3.69657e+06	0
3.69667e+06	0
3.69677e+06	0
3.69687e+06	0
3.69697e+06	0
3.69707e+06	0
3.69717e+06	0
3.69727e+06	0
3.69737e+06	0
3.69747e+06	0
3.69757e+06	0
3.69767e+06	0
3.69777e+06	0
3.69787e+06	0
3.69797e+06	0
3.69807e+06	0
3.69817e+06	0
3.69827e+06	0
3.69837e+06	0
3.69847e+06	0
3.69857e+06	0
3.69867e+06	0
3.69877e+06	0
3.69887e+06	0
3.69897e+06	0
3.69907e+06	0
3.69917e+06	0
3.69927e+06	0
3.69937e+06	0
3.69947e+06	0
3.69957e+06	0
3.69967e+06	0
3.69977e+06	0
3.69987e+06	0
3.69997e+06	0
3.70007e+06	0
3.70017e+06	0
3.70027e+06	0
3.70037e+06	0
3.70047e+06	0
3.70057e+06	0
3.70067e+06	0
3.70077e+06	0
3.70087e+06	0
3.70097e+06	0
3.70107e+06	0
3.70117e+06	0
3.70127e+06	0
3.70137e+06	0
3.70147e+06	0
3.70157e+06	0
3.70167e+06	0
3.70177e+06	0
3.70187e+06	0
3.70197e+06	0
3.70207e+06	0
3.70217e+06	0
3.70227e+06	0
3.70237e+06	0
3.70247e+06	0
3.70257e+06	0
3.70267e+06	0
3.70277e+06	0
3.70287e+06	0
3.70297e+06	0
3.70307e+06	0
3.70317e+06	0
3.70327e+06	0
3.70337e+06	0
3.70347e+06	0
3.70357e+06	0
3.70367e+06	0
3.70377e+06	0
3.70387e+06	0
3.70397e+06	0
3.70407e+06	0
3.70417e+06	0
3.70427e+06	0
3.70437e+06	0
3.70447e+06	0
3.70457e+06	0
3.70467e+06	0
3.70477e+06	0
3.70487e+06	0
3.70497e+06	0
3.70507e+06	0
3.70517e+06	0
3.70527e+06	0
3.70537e+06	0
3.70547e+06	0
3.70557e+06	0
3.70567e+06	0
3.70577e+06	0
3.70587e+06	0
3.70597e+06	0
3.70607e+06	0
3.70617e+06	0
3.70627e+06	0
3.70637e+06	0
3.70647e+06	0
3.70657e+06	0
3.70667e+06	0
3.70677e+06	0
3.70687e+06	0
3.70697e+06	0
3.70707e+06	0
3.70717e+06	0
3.70727e+06	0
3.70737e+06	0
3.70747e+06	0
3.70757e+06	0
3.70767e+06	0
3.70777e+06	0
3.70787e+06	0
3.70797e+06	0
3.70807e+06	0
3.70817e+06	0
3.70827e+06	0
3.70837e+06	0
3.70847e+06	0
3.70857e+06	0
3.70867e+06	0
3.70877e+06	0
3.70887e+06	0
3.70897e+06	0
3.70907e+06	0
3.70917e+06	0
3.70927e+06	0
3.70937e+06	0
3.70947e+06	0
3.70957e+06	0
3.70967e+06	0
3.70977e+06	0
3.70987e+06	0
3.70997e+06	0
3.71007e+06	0
3.71017e+06	0
3.71027e+06	0
3.71037e+06	0
3.71047e+06	0
3.71057e+06	0
3.71067e+06	0
3.71077e+06	0
3.71087e+06	0
3.71097e+06	0
3.71107e+06	0
3.71117e+06	0
3.71127e+06	0
3.71137e+06	0
3.71147e+06	0
3.71157e+06	0
3.71167e+06	0
3.71177e+06	0
3.71187e+06	0
3.71197e+06	0
3.71207e+06	0
3.71217e+06	0
3.71227e+06	0
3.71237e+06	0
3.71247e+06	0
3.71257e+06	0
3.71267e+06	0
3.71277e+06	0
3.71287e+06	0
3.71297e+06	0
3.71307e+06	0
3.71317e+06	0
3.71327e+06	0
3.71337e+06	0
3.71347e+06	0
3.71357e+06	0
3.71367e+06	0
3.71377e+06	0
3.71387e+06	0
3.71397e+06	0
3.71407e+06	0
3.71417e+06	0
3.71427e+06	0
3.71437e+06	0
3.71447e+06	0
3.71457e+06	0
3.71467e+06	0
3.71477e+06	0
3.71487e+06	0
3.71497e+06	0
3.71507e+06	0
3.71517e+06	0
3.71527e+06	0
3.71537e+06	0
3.71547e+06	0
3.71557e+06	0
3.71567e+06	0
3.71577e+06	0
3.71587e+06	0
3.71597e+06	0
3.71607e+06	0
3.71617e+06	0
3.71627e+06	0
3.71637e+06	0
3.71647e+06	0
3.71657e+06	0
3.71667e+06	0
3.71677e+06	0
3.71687e+06	0
3.71697e+06	0
3.71707e+06	0
3.71717e+06	0
3.71727e+06	0
3.71737e+06	0
3.71747e+06	0
3.71757e+06	0
3.71767e+06	0
3.71777e+06	0
3.71787e+06	0
3.71797e+06	0
3.71807e+06	0
3.71817e+06	0
3.71827e+06	0
3.71837e+06	0
3.71847e+06	0
3.71857e+06	0
3.71867e+06	0
3.71877e+06	0
3.71887e+06	0
3.71897e+06	0
3.71907e+06	0
3.71917e+06	0
3.71927e+06	0
3.71937e+06	0
3.71947e+06	0
3.71957e+06	0
3.71967e+06	0
3.71977e+06	0
3.71987e+06	0
3.71997e+06	0
3.72007e+06	0
3.72017e+06	0
3.72027e+06	0
3.72037e+06	0
3.72047e+06	0
3.72057e+06	0
3.72067e+06	0
3.72077e+06	0
3.72087e+06	0
3.72097e+06	0
3.72107e+06	0
3.72117e+06	0
3.72127e+06	0
3.72137e+06	0
3.72147e+06	0
3.72157e+06	0
3.72167e+06	0
3.72177e+06	0
3.72187e+06	0
3.72197e+06	0
3.72207e+06	0
3.72217e+06	0
3.72227e+06	0
3.72237e+06	0
3.72247e+06	0
3.72257e+06	0
3.72267e+06	0
3.72277e+06	0
3.72287e+06	0
3.72297e+06	0
3.72307e+06	0
3.72317e+06	0
3.72327e+06	0
3.72337e+06	0
3.72347e+06	0
3.72357e+06	0
3.72367e+06	0
3.72377e+06	0
3.72387e+06	0
3.72397e+06	0
3.72407e+06	0
3.72417e+06	0
3.72427e+06	0
3.72437e+06	0
3.72447e+06	0
3.72457e+06	0
3.72467e+06	0
3.72477e+06	0
3.72487e+06	0
3.72497e+06	0
3.72507e+06	0
3.72517e+06	0
3.72527e+06	0
3.72537e+06	0
3.72547e+06	0
3.72557e+06	0
3.72567e+06	0
3.72577e+06	0
3.72587e+06	0
3.72597e+06	0
3.72607e+06	0
3.72617e+06	0
3.72627e+06	0
3.72637e+06	0
3.72647e+06	0
3.72657e+06	0
3.72667e+06	0
3.72677e+06	0
3.72687e+06	0
3.72697e+06	0
3.72707e+06	0
3.72717e+06	0
3.72727e+06	0
3.72737e+06	0
3.72747e+06	0
3.72757e+06	0
3.72767e+06	0
3.72777e+06	0
3.72787e+06	0
3.72797e+06	0
3.72807e+06	0
3.72817e+06	0
3.72827e+06	0
3.72837e+06	0
3.72847e+06	0
3.72857e+06	0
3.72867e+06	0
3.72877e+06	0
3.72887e+06	0
3.72897e+06	0
3.72907e+06	0
3.72917e+06	0
3.72927e+06	0
3.72937e+06	0
3.72947e+06	0
3.72957e+06	0
3.72967e+06	0
3.72977e+06	0
3.72987e+06	0
3.72997e+06	0
3.73007e+06	0
3.73017e+06	0
3.73027e+06	0
3.73037e+06	0
3.73047e+06	0
3.73057e+06	0
3.73067e+06	0
3.73077e+06	0
3.73087e+06	0
3.73097e+06	0
3.73107e+06	0
3.73117e+06	0
3.73127e+06	0
3.73137e+06	0
3.73147e+06	0
3.73157e+06	0
3.73167e+06	0
3.73177e+06	0
3.73187e+06	0
3.73197e+06	0
3.73207e+06	0
3.73217e+06	0
3.73227e+06	0
3.73237e+06	0
3.73247e+06	0
3.73257e+06	0
3.73267e+06	0
3.73277e+06	0
3.73287e+06	0
3.73297e+06	0
3.73307e+06	0
3.73317e+06	0
3.73327e+06	0
3.73337e+06	0
3.73347e+06	0
3.73357e+06	0
3.73367e+06	0
3.73377e+06	0
3.73387e+06	0
3.73397e+06	0
3.73407e+06	0
3.73417e+06	0
3.73427e+06	0
3.73437e+06	0
3.73447e+06	0
3.73457e+06	0
3.73467e+06	0
3.73477e+06	0
3.73487e+06	0
3.73497e+06	0
3.73507e+06	0
3.73517e+06	0
3.73527e+06	0
3.73537e+06	0
3.73547e+06	0
3.73557e+06	0
3.73567e+06	0
3.73577e+06	0
3.73587e+06	0
3.73597e+06	0
3.73607e+06	0
3.73617e+06	0
3.73627e+06	0
3.73637e+06	0
3.73647e+06	0
3.73657e+06	0
3.73667e+06	0
3.73677e+06	0
3.73687e+06	0
3.73697e+06	0
3.73707e+06	0
3.73717e+06	0
3.73727e+06	0
3.73737e+06	0
3.73747e+06	0
3.73757e+06	0
3.73767e+06	0
3.73777e+06	0
3.73787e+06	0
3.73797e+06	0
3.73807e+06	0
3.73817e+06	0
3.73827e+06	0
3.73837e+06	0
3.73847e+06	0
3.73857e+06	0
3.73867e+06	0
3.73877e+06	0
3.73887e+06	0
3.73897e+06	0
3.73907e+06	0
3.73917e+06	0
3.73927e+06	0
3.73937e+06	0
3.73947e+06	0
3.73957e+06	0
3.73967e+06	0
3.73977e+06	0
3.73987e+06	0
3.73997e+06	0
3.74007e+06	0
3.74017e+06	0
3.74027e+06	0
3.74037e+06	0
3.74047e+06	0
3.74057e+06	0
3.74067e+06	0
3.74077e+06	0
3.74087e+06	0
3.74097e+06	0
3.74107e+06	0
3.74117e+06	0
3.74127e+06	0
3.74137e+06	0
3.74147e+06	0
3.74157e+06	0
3.74167e+06	0
3.74177e+06	0
3.74187e+06	0
3.74197e+06	0
3.74207e+06	0
3.74217e+06	0
3.74227e+06	0
3.74237e+06	0
3.74247e+06	0
3.74257e+06	0
3.74267e+06	0
3.74277e+06	0
3.74287e+06	0
3.74297e+06	0
3.74307e+06	0
3.74317e+06	0
3.74327e+06	0
3.74337e+06	0
3.74347e+06	0
3.74357e+06	0
3.74367e+06	0
3.74377e+06	0
3.74387e+06	0
3.74397e+06	0
3.74407e+06	0
3.74417e+06	0
3.74427e+06	0
3.74437e+06	0
3.74447e+06	0
3.74457e+06	0
3.74467e+06	0
3.74477e+06	0
3.74487e+06	0
3.74497e+06	0
3.74507e+06	0
3.74517e+06	0
3.74527e+06	0
3.74537e+06	0
3.74547e+06	0
3.74557e+06	0
3.74567e+06	0
3.74577e+06	0
3.74587e+06	0
3.74597e+06	0
3.74607e+06	0
3.74617e+06	0
3.74627e+06	0
3.74637e+06	0
3.74647e+06	0
3.74657e+06	0
3.74667e+06	0
3.74677e+06	0
3.74687e+06	0
3.74697e+06	0
3.74707e+06	0
3.74717e+06	0
3.74727e+06	0
3.74737e+06	0
3.74747e+06	0
3.74757e+06	0
3.74767e+06	0
3.74777e+06	0
3.74787e+06	0
3.74797e+06	0
3.74807e+06	0
3.74817e+06	0
3.74827e+06	0
3.74837e+06	0
3.74847e+06	0
3.74857e+06	0
3.74867e+06	0
3.74877e+06	0
3.74887e+06	0
3.74897e+06	0
3.74907e+06	0
3.74917e+06	0
3.74927e+06	0
3.74937e+06	0
3.74947e+06	0
3.74957e+06	0
3.74967e+06	0
3.74977e+06	0
3.74987e+06	0
3.74997e+06	0
3.75007e+06	0
3.75017e+06	0
3.75027e+06	0
3.75037e+06	0
3.75047e+06	0
3.75057e+06	0
3.75067e+06	0
3.75077e+06	0
3.75087e+06	0
3.75097e+06	0
3.75107e+06	0
3.75117e+06	0
3.75127e+06	0
3.75137e+06	0
3.75147e+06	0
3.75157e+06	0
3.75167e+06	0
3.75177e+06	0
3.75187e+06	0
3.75197e+06	0
3.75207e+06	0
3.75217e+06	0
3.75227e+06	0
3.75237e+06	0
3.75247e+06	0
3.75257e+06	0
3.75267e+06	0
3.75277e+06	0
3.75287e+06	0
3.75297e+06	0
3.75307e+06	0
3.75317e+06	0
3.75327e+06	0
3.75337e+06	0
3.75347e+06	0
3.75357e+06	0
3.75367e+06	0
3.75377e+06	0
3.75387e+06	0
3.75397e+06	0
3.75407e+06	0
3.75417e+06	0
3.75427e+06	0
3.75437e+06	0
3.75447e+06	0
3.75457e+06	0
3.75467e+06	0
3.75477e+06	0
3.75487e+06	0
3.75497e+06	0
3.75507e+06	0
3.75517e+06	0
3.75527e+06	0
3.75537e+06	0
3.75547e+06	0
3.75557e+06	0
3.75567e+06	0
3.75577e+06	0
3.75587e+06	0
3.75597e+06	0
3.75607e+06	0
3.75617e+06	0
3.75627e+06	0
3.75637e+06	0
3.75647e+06	0
3.75657e+06	0
3.75667e+06	0
3.75677e+06	0
3.75687e+06	0
3.75697e+06	0
3.75707e+06	0
3.75717e+06	0
3.75727e+06	0
3.75737e+06	0
3.75747e+06	0
3.75757e+06	0
3.75767e+06	0
3.75777e+06	0
3.75787e+06	0
3.75797e+06	0
3.75807e+06	0
3.75817e+06	0
3.75827e+06	0
3.75837e+06	0
3.75847e+06	0
3.75857e+06	0
3.75867e+06	0
3.75877e+06	0
3.75887e+06	0
3.75897e+06	0
3.75907e+06	0
3.75917e+06	0
3.75927e+06	0
3.75937e+06	0
3.75947e+06	0
3.75957e+06	0
3.75967e+06	0
3.75977e+06	0
3.75987e+06	0
3.75997e+06	0
3.76007e+06	0
3.76017e+06	0
3.76027e+06	0
3.76037e+06	0
3.76047e+06	0
3.76057e+06	0
3.76067e+06	0
3.76077e+06	0
3.76087e+06	0
3.76097e+06	0
3.76107e+06	0
3.76117e+06	0
3.76127e+06	0
3.76137e+06	0
3.76147e+06	0
3.76157e+06	0
3.76167e+06	0
3.76177e+06	0
3.76187e+06	0
3.76197e+06	0
3.76207e+06	0
3.76217e+06	0
3.76227e+06	0
3.76237e+06	0
3.76247e+06	0
3.76257e+06	0
3.76267e+06	0
3.76277e+06	0
3.76287e+06	0
3.76297e+06	0
3.76307e+06	0
3.76317e+06	0
3.76327e+06	0
3.76337e+06	0
3.76347e+06	0
3.76357e+06	0
3.76367e+06	0
3.76377e+06	0
3.76387e+06	0
3.76397e+06	0
3.76407e+06	0
3.76417e+06	0
3.76427e+06	0
3.76437e+06	0
3.76447e+06	0
3.76457e+06	0
3.76467e+06	0
3.76477e+06	0
3.76487e+06	0
3.76497e+06	0
3.76507e+06	0
3.76517e+06	0
3.76527e+06	0
3.76537e+06	0
3.76547e+06	0
3.76557e+06	0
3.76567e+06	0
3.76577e+06	0
3.76587e+06	0
3.76597e+06	0
3.76607e+06	0
3.76617e+06	0
3.76627e+06	0
3.76637e+06	0
3.76647e+06	0
3.76657e+06	0
3.76667e+06	0
3.76677e+06	0
3.76687e+06	0
3.76697e+06	0
3.76707e+06	0
3.76717e+06	0
3.76727e+06	0
3.76737e+06	0
3.76747e+06	0
3.76757e+06	0
3.76767e+06	0
3.76777e+06	0
3.76787e+06	0
3.76797e+06	0
3.76807e+06	0
3.76817e+06	0
3.76827e+06	0
3.76837e+06	0
3.76847e+06	0
3.76857e+06	0
3.76867e+06	0
3.76877e+06	0
3.76887e+06	0
3.76897e+06	0
3.76907e+06	0
3.76917e+06	0
3.76927e+06	0
3.76937e+06	0
3.76947e+06	0
3.76957e+06	0
3.76967e+06	0
3.76977e+06	0
3.76987e+06	0
3.76997e+06	0
3.77007e+06	0
3.77017e+06	0
3.77027e+06	0
3.77037e+06	0
3.77047e+06	0
3.77057e+06	0
3.77067e+06	0
3.77077e+06	0
3.77087e+06	0
3.77097e+06	0
3.77107e+06	0
3.77117e+06	0
3.77127e+06	0
3.77137e+06	0
3.77147e+06	0
3.77157e+06	0
3.77167e+06	0
3.77177e+06	0
3.77187e+06	0
3.77197e+06	0
3.77207e+06	0
3.77217e+06	0
3.77227e+06	0
3.77237e+06	0
3.77247e+06	0
3.77257e+06	0
3.77267e+06	0
3.77277e+06	0
3.77287e+06	0
3.77297e+06	0
3.77307e+06	0
3.77317e+06	0
3.77327e+06	0
3.77337e+06	0
3.77347e+06	0
3.77357e+06	0
3.77367e+06	0
3.77377e+06	0
3.77387e+06	0
3.77397e+06	0
3.77407e+06	0
3.77417e+06	0
3.77427e+06	0
3.77437e+06	0
3.77447e+06	0
3.77457e+06	0
3.77467e+06	0
3.77477e+06	0
3.77487e+06	0
3.77497e+06	0
3.77507e+06	0
3.77517e+06	0
3.77527e+06	0
3.77537e+06	0
3.77547e+06	0
3.77557e+06	0
3.77567e+06	0
3.77577e+06	0
3.77587e+06	0
3.77597e+06	0
3.77607e+06	0
3.77617e+06	0
3.77627e+06	0
3.77637e+06	0
3.77647e+06	0
3.77657e+06	0
3.77667e+06	0
3.77677e+06	0
3.77687e+06	0
3.77697e+06	0
3.77707e+06	0
3.77717e+06	0
3.77727e+06	0
3.77737e+06	0
3.77747e+06	0
3.77757e+06	0
3.77767e+06	0
3.77777e+06	0
3.77787e+06	0
3.77797e+06	0
3.77807e+06	0
3.77817e+06	0
3.77827e+06	0
3.77837e+06	0
3.77847e+06	0
3.77857e+06	0
3.77867e+06	0
3.77877e+06	0
3.77887e+06	0
3.77897e+06	0
3.77907e+06	0
3.77917e+06	0
3.77927e+06	0
3.77937e+06	0
3.77947e+06	0
3.77957e+06	0
3.77967e+06	0
3.77977e+06	0
3.77987e+06	0
3.77997e+06	0
3.78007e+06	0
3.78017e+06	0
3.78027e+06	0
3.78037e+06	0
3.78047e+06	0
3.78057e+06	0
3.78067e+06	0
3.78077e+06	0
3.78087e+06	0
3.78097e+06	0
3.78107e+06	0
3.78117e+06	0
3.78127e+06	0
3.78137e+06	0
3.78147e+06	0
3.78157e+06	0
3.78167e+06	0
3.78177e+06	0
3.78187e+06	0
3.78197e+06	0
3.78207e+06	0
3.78217e+06	0
3.78227e+06	0
3.78237e+06	0
3.78247e+06	0
3.78257e+06	0
3.78267e+06	0
3.78277e+06	0
3.78287e+06	0
3.78297e+06	0
3.78307e+06	0
3.78317e+06	0
3.78327e+06	0
3.78337e+06	0
3.78347e+06	0
3.78357e+06	0
3.78367e+06	0
3.78377e+06	0
3.78387e+06	0
3.78397e+06	0
3.78407e+06	0
3.78417e+06	0
3.78427e+06	0
3.78437e+06	0
3.78447e+06	0
3.78457e+06	0
3.78467e+06	0
3.78477e+06	0
3.78487e+06	0
3.78497e+06	0
3.78507e+06	0
3.78517e+06	0
3.78527e+06	0
3.78537e+06	0
3.78547e+06	0
3.78557e+06	0
3.78567e+06	0
3.78577e+06	0
3.78587e+06	0
3.78597e+06	0
3.78607e+06	0
3.78617e+06	0
3.78627e+06	0
3.78637e+06	0
3.78647e+06	0
3.78657e+06	0
3.78667e+06	0
3.78677e+06	0
3.78687e+06	0
3.78697e+06	0
3.78707e+06	0
3.78717e+06	0
3.78727e+06	0
3.78737e+06	0
3.78747e+06	0
3.78757e+06	0
3.78767e+06	0
3.78777e+06	0
3.78787e+06	0
3.78797e+06	0
3.78807e+06	0
3.78817e+06	0
3.78827e+06	0
3.78837e+06	0
3.78847e+06	0
3.78857e+06	0
3.78867e+06	0
3.78877e+06	0
3.78887e+06	0
3.78897e+06	0
3.78907e+06	0
3.78917e+06	0
3.78927e+06	0
3.78937e+06	0
3.78947e+06	0
3.78957e+06	0
3.78967e+06	0
3.78977e+06	0
3.78987e+06	0
3.78997e+06	0
3.79007e+06	0
3.79017e+06	0
3.79027e+06	0
3.79037e+06	0
3.79047e+06	0
3.79057e+06	0
3.79067e+06	0
3.79077e+06	0
3.79087e+06	0
3.79097e+06	0
3.79107e+06	0
3.79117e+06	0
3.79127e+06	0
3.79137e+06	0
3.79147e+06	0
3.79157e+06	0
3.79167e+06	0
3.79177e+06	0
3.79187e+06	0
3.79197e+06	0
3.79207e+06	0
3.79217e+06	0
3.79227e+06	0
3.79237e+06	0
3.79247e+06	0
3.79257e+06	0
3.79267e+06	0
3.79277e+06	0
3.79287e+06	0
3.79297e+06	0
3.79307e+06	0
3.79317e+06	0
3.79327e+06	0
3.79337e+06	0
3.79347e+06	0
3.79357e+06	0
3.79367e+06	0
3.79377e+06	0
3.79387e+06	0
3.79397e+06	0
3.79407e+06	0
3.79417e+06	0
3.79427e+06	0
3.79437e+06	0
3.79447e+06	0
3.79457e+06	0
3.79467e+06	0
3.79477e+06	0
3.79487e+06	0
3.79497e+06	0
3.79507e+06	0
3.79517e+06	0
3.79527e+06	0
3.79537e+06	0
3.79547e+06	0
3.79557e+06	0
3.79567e+06	0
3.79577e+06	0
3.79587e+06	0
3.79597e+06	0
3.79607e+06	0
3.79617e+06	0
3.79627e+06	0
3.79637e+06	0
3.79647e+06	0
3.79657e+06	0
3.79667e+06	0
3.79677e+06	0
3.79687e+06	0
3.79697e+06	0
3.79707e+06	0
3.79717e+06	0
3.79727e+06	0
3.79737e+06	0
3.79747e+06	0
3.79757e+06	0
3.79767e+06	0
3.79777e+06	0
3.79787e+06	0
3.79797e+06	0
3.79807e+06	0
3.79817e+06	0
3.79827e+06	0
3.79837e+06	0
3.79847e+06	0
3.79857e+06	0
3.79867e+06	0
3.79877e+06	0
3.79887e+06	0
3.79897e+06	0
3.79907e+06	0
3.79917e+06	0
3.79927e+06	0
3.79937e+06	0
3.79947e+06	0
3.79957e+06	0
3.79967e+06	0
3.79977e+06	0
3.79987e+06	0
3.79997e+06	0
3.80007e+06	0
3.80017e+06	0
3.80027e+06	0
3.80037e+06	0
3.80047e+06	0
3.80057e+06	0
3.80067e+06	0
3.80077e+06	0
3.80087e+06	0
3.80097e+06	0
3.80107e+06	0
3.80117e+06	0
3.80127e+06	0
3.80137e+06	0
3.80147e+06	0
3.80157e+06	0
3.80167e+06	0
3.80177e+06	0
3.80187e+06	0
3.80197e+06	0
3.80207e+06	0
3.80217e+06	0
3.80227e+06	0
3.80237e+06	0
3.80247e+06	0
3.80257e+06	0
3.80267e+06	0
3.80277e+06	0
3.80287e+06	0
3.80297e+06	0
3.80307e+06	0
3.80317e+06	0
3.80327e+06	0
3.80337e+06	0
3.80347e+06	0
3.80357e+06	0
3.80367e+06	0
3.80377e+06	0
3.80387e+06	0
3.80397e+06	0
3.80407e+06	0
3.80417e+06	0
3.80427e+06	0
3.80437e+06	0
3.80447e+06	0
3.80457e+06	0
3.80467e+06	0
3.80477e+06	0
3.80487e+06	0
3.80497e+06	0
3.80507e+06	0
3.80517e+06	0
3.80527e+06	0
3.80537e+06	0
3.80547e+06	0
3.80557e+06	0
3.80567e+06	0
3.80577e+06	0
3.80587e+06	0
3.80597e+06	0
3.80607e+06	0
3.80617e+06	0
3.80627e+06	0
3.80637e+06	0
3.80647e+06	0
3.80657e+06	0
3.80667e+06	0
3.80677e+06	0
3.80687e+06	0
3.80697e+06	0
3.80707e+06	0
3.80717e+06	0
3.80727e+06	0
3.80737e+06	0
3.80747e+06	0
3.80757e+06	0
3.80767e+06	0
3.80777e+06	0
3.80787e+06	0
3.80797e+06	0
3.80807e+06	0
3.80817e+06	0
3.80827e+06	0
3.80837e+06	0
3.80847e+06	0
3.80857e+06	0
3.80867e+06	0
3.80877e+06	0
3.80887e+06	0
3.80897e+06	0
3.80907e+06	0
3.80917e+06	0
3.80927e+06	0
3.80937e+06	0
3.80947e+06	0
3.80957e+06	0
3.80967e+06	0
3.80977e+06	0
3.80987e+06	0
3.80997e+06	0
3.81007e+06	0
3.81017e+06	0
3.81027e+06	0
3.81037e+06	0
3.81047e+06	0
3.81057e+06	0
3.81067e+06	0
3.81077e+06	0
3.81087e+06	0
3.81097e+06	0
3.81107e+06	0
3.81117e+06	0
3.81127e+06	0
3.81137e+06	0
3.81147e+06	0
3.81157e+06	0
3.81167e+06	0
3.81177e+06	0
3.81187e+06	0
3.81197e+06	0
3.81207e+06	0
3.81217e+06	0
3.81227e+06	0
3.81237e+06	0
3.81247e+06	0
3.81257e+06	0
3.81267e+06	0
3.81277e+06	0
3.81287e+06	0
3.81297e+06	0
3.81307e+06	0
3.81317e+06	0
3.81327e+06	0
3.81337e+06	0
3.81347e+06	0
3.81357e+06	0
3.81367e+06	0
3.81377e+06	0
3.81387e+06	0
3.81397e+06	0
3.81407e+06	0
3.81417e+06	0
3.81427e+06	0
3.81437e+06	0
3.81447e+06	0
3.81457e+06	0
3.81467e+06	0
3.81477e+06	0
3.81487e+06	0
3.81497e+06	0
3.81507e+06	0
3.81517e+06	0
3.81527e+06	0
3.81537e+06	0
3.81547e+06	0
3.81557e+06	0
3.81567e+06	0
3.81577e+06	0
3.81587e+06	0
3.81597e+06	0
3.81607e+06	0
3.81617e+06	0
3.81627e+06	0
3.81637e+06	0
3.81647e+06	0
3.81657e+06	0
3.81667e+06	0
3.81677e+06	0
3.81687e+06	0
3.81697e+06	0
3.81707e+06	0
3.81717e+06	0
3.81727e+06	0
3.81737e+06	0
3.81747e+06	0
3.81757e+06	0
3.81767e+06	0
3.81777e+06	0
3.81787e+06	0
3.81797e+06	0
3.81807e+06	0
3.81817e+06	0
3.81827e+06	0
3.81837e+06	0
3.81847e+06	0
3.81857e+06	0
3.81867e+06	0
3.81877e+06	0
3.81887e+06	0
3.81897e+06	0
3.81907e+06	0
3.81917e+06	0
3.81927e+06	0
3.81937e+06	0
3.81947e+06	0
3.81957e+06	0
3.81967e+06	0
3.81977e+06	0
3.81987e+06	0
3.81997e+06	0
3.82007e+06	0
3.82017e+06	0
3.82027e+06	0
3.82037e+06	0
3.82047e+06	0
3.82057e+06	0
3.82067e+06	0
3.82077e+06	0
3.82087e+06	0
3.82097e+06	0
3.82107e+06	0
3.82117e+06	0
3.82127e+06	0
3.82137e+06	0
3.82147e+06	0
3.82157e+06	0
3.82167e+06	0
3.82177e+06	0
3.82187e+06	0
3.82197e+06	0
3.82207e+06	0
3.82217e+06	0
3.82227e+06	0
3.82237e+06	0
3.82247e+06	0
3.82257e+06	0
3.82267e+06	0
3.82277e+06	0
3.82287e+06	0
3.82297e+06	0
3.82307e+06	0
3.82317e+06	0
3.82327e+06	0
3.82337e+06	0
3.82347e+06	0
3.82357e+06	0
3.82367e+06	0
3.82377e+06	0
3.82387e+06	0
3.82397e+06	0
3.82407e+06	0
3.82417e+06	0
3.82427e+06	0
3.82437e+06	0
3.82447e+06	0
3.82457e+06	0
3.82467e+06	0
3.82477e+06	0
3.82487e+06	0
3.82497e+06	0
3.82507e+06	0
3.82517e+06	0
3.82527e+06	0
3.82537e+06	0
3.82547e+06	0
3.82557e+06	0
3.82567e+06	0
3.82577e+06	0
3.82587e+06	0
3.82597e+06	0
3.82607e+06	0
3.82617e+06	0
3.82627e+06	0
3.82637e+06	0
3.82647e+06	0
3.82657e+06	0
3.82667e+06	0
3.82677e+06	0
3.82687e+06	0
3.82697e+06	0
3.82707e+06	0
3.82717e+06	0
3.82727e+06	0
3.82737e+06	0
3.82747e+06	0
3.82757e+06	0
3.82767e+06	0
3.82777e+06	0
3.82787e+06	0
3.82797e+06	0
3.82807e+06	0
3.82817e+06	0
3.82827e+06	0
3.82837e+06	0
3.82847e+06	0
3.82857e+06	0
3.82867e+06	0
3.82877e+06	0
3.82887e+06	0
3.82897e+06	0
3.82907e+06	0
3.82917e+06	0
3.82927e+06	0
3.82937e+06	0
3.82947e+06	0
3.82957e+06	0
3.82967e+06	0
3.82977e+06	0
3.82987e+06	0
3.82997e+06	0
3.83007e+06	0
3.83017e+06	0
3.83027e+06	0
3.83037e+06	0
3.83047e+06	0
3.83057e+06	0
3.83067e+06	0
3.83077e+06	0
3.83087e+06	0
3.83097e+06	0
3.83107e+06	0
3.83117e+06	0
3.83127e+06	0
3.83137e+06	0
3.83147e+06	0
3.83157e+06	0
3.83167e+06	0
3.83177e+06	0
3.83187e+06	0
3.83197e+06	0
3.83207e+06	0
3.83217e+06	0
3.83227e+06	0
3.83237e+06	0
3.83247e+06	0
3.83257e+06	0
3.83267e+06	0
3.83277e+06	0
3.83287e+06	0
3.83297e+06	0
3.83307e+06	0
3.83317e+06	0
3.83327e+06	0
3.83337e+06	0
3.83347e+06	0
3.83357e+06	0
3.83367e+06	0
3.83377e+06	0
3.83387e+06	0
3.83397e+06	0
3.83407e+06	0
3.83417e+06	0
3.83427e+06	0
3.83437e+06	0
3.83447e+06	0
3.83457e+06	0
3.83467e+06	0
3.83477e+06	0
3.83487e+06	0
3.83497e+06	0
3.83507e+06	0
3.83517e+06	0
3.83527e+06	0
3.83537e+06	0
3.83547e+06	0
3.83557e+06	0
3.83567e+06	0
3.83577e+06	0
3.83587e+06	0
3.83597e+06	0
3.83607e+06	0
3.83617e+06	0
3.83627e+06	0
3.83637e+06	0
3.83647e+06	0
3.83657e+06	0
3.83667e+06	0
3.83677e+06	0
3.83687e+06	0
3.83697e+06	0
3.83707e+06	0
3.83717e+06	0
3.83727e+06	0
3.83737e+06	0
3.83747e+06	0
3.83757e+06	0
3.83767e+06	0
3.83777e+06	0
3.83787e+06	0
3.83797e+06	0
3.83807e+06	0
3.83817e+06	0
3.83827e+06	0
3.83837e+06	0
3.83847e+06	0
3.83857e+06	0
3.83867e+06	0
3.83877e+06	0
3.83887e+06	0
3.83897e+06	0
3.83907e+06	0
3.83917e+06	0
3.83927e+06	0
3.83937e+06	0
3.83947e+06	0
3.83957e+06	0
3.83967e+06	0
3.83977e+06	0
3.83987e+06	0
3.83997e+06	0
3.84007e+06	0
3.84017e+06	0
3.84027e+06	0
3.84037e+06	0
3.84047e+06	0
3.84057e+06	0
3.84067e+06	0
3.84077e+06	0
3.84087e+06	0
3.84097e+06	0
3.84107e+06	0
3.84117e+06	0
3.84127e+06	0
3.84137e+06	0
3.84147e+06	0
3.84157e+06	0
3.84167e+06	0
3.84177e+06	0
3.84187e+06	0
3.84197e+06	0
3.84207e+06	0
3.84217e+06	0
3.84227e+06	0
3.84237e+06	0
3.84247e+06	0
3.84257e+06	0
3.84267e+06	0
3.84277e+06	0
3.84287e+06	0
3.84297e+06	0
3.84307e+06	0
3.84317e+06	0
3.84327e+06	0
3.84337e+06	0
3.84347e+06	0
3.84357e+06	0
3.84367e+06	0
3.84377e+06	0
3.84387e+06	0
3.84397e+06	0
3.84407e+06	0
3.84417e+06	0
3.84427e+06	0
3.84437e+06	0
3.84447e+06	0
3.84457e+06	0
3.84467e+06	0
3.84477e+06	0
3.84487e+06	0
3.84497e+06	0
3.84507e+06	0
3.84517e+06	0
3.84527e+06	0
3.84537e+06	0
3.84547e+06	0
3.84557e+06	0
3.84567e+06	0
3.84577e+06	0
3.84587e+06	0
3.84597e+06	0
3.84607e+06	0
3.84617e+06	0
3.84627e+06	0
3.84637e+06	0
3.84647e+06	0
3.84657e+06	0
3.84667e+06	0
3.84677e+06	0
3.84687e+06	0
3.84697e+06	0
3.84707e+06	0
3.84717e+06	0
3.84727e+06	0
3.84737e+06	0
3.84747e+06	0
3.84757e+06	0
3.84767e+06	0
3.84777e+06	0
3.84787e+06	0
3.84797e+06	0
3.84807e+06	0
3.84817e+06	0
3.84827e+06	0
3.84837e+06	0
3.84847e+06	0
3.84857e+06	0
3.84867e+06	0
3.84877e+06	0
3.84887e+06	0
3.84897e+06	0
3.84907e+06	0
3.84917e+06	0
3.84927e+06	0
3.84937e+06	0
3.84947e+06	0
3.84957e+06	0
3.84967e+06	0
3.84977e+06	0
3.84987e+06	0
3.84997e+06	0
3.85007e+06	0
3.85017e+06	0
3.85027e+06	0
3.85037e+06	0
3.85047e+06	0
3.85057e+06	0
3.85067e+06	0
3.85077e+06	0
3.85087e+06	0
3.85097e+06	0
3.85107e+06	0
3.85117e+06	0
3.85127e+06	0
3.85137e+06	0
3.85147e+06	0
3.85157e+06	0
3.85167e+06	0
3.85177e+06	0
3.85187e+06	0
3.85197e+06	0
3.85207e+06	0
3.85217e+06	0
3.85227e+06	0
3.85237e+06	0
3.85247e+06	0
3.85257e+06	0
3.85267e+06	0
3.85277e+06	0
3.85287e+06	0
3.85297e+06	0
3.85307e+06	0
3.85317e+06	0
3.85327e+06	0
3.85337e+06	0
3.85347e+06	0
3.85357e+06	0
3.85367e+06	0
3.85377e+06	0
3.85387e+06	0
3.85397e+06	0
3.85407e+06	0
3.85417e+06	0
3.85427e+06	0
3.85437e+06	0
3.85447e+06	0
3.85457e+06	0
3.85467e+06	0
3.85477e+06	0
3.85487e+06	0
3.85497e+06	0
3.85507e+06	0
3.85517e+06	0
3.85527e+06	0
3.85537e+06	0
3.85547e+06	0
3.85557e+06	0
3.85567e+06	0
3.85577e+06	0
3.85587e+06	0
3.85597e+06	0
3.85607e+06	0
3.85617e+06	0
3.85627e+06	0
3.85637e+06	0
3.85647e+06	0
3.85657e+06	0
3.85667e+06	0
3.85677e+06	0
3.85687e+06	0
3.85697e+06	0
3.85707e+06	0
3.85717e+06	0
3.85727e+06	0
3.85737e+06	0
3.85747e+06	0
3.85757e+06	0
3.85767e+06	0
3.85777e+06	0
3.85787e+06	0
3.85797e+06	0
3.85807e+06	0
3.85817e+06	0
3.85827e+06	0
3.85837e+06	0
3.85847e+06	0
3.85857e+06	0
3.85867e+06	0
3.85877e+06	0
3.85887e+06	0
3.85897e+06	0
3.85907e+06	0
3.85917e+06	0
3.85927e+06	0
3.85937e+06	0
3.85947e+06	0
3.85957e+06	0
3.85967e+06	0
3.85977e+06	0
3.85987e+06	0
3.85997e+06	0
3.86007e+06	0
3.86017e+06	0
3.86027e+06	0
3.86037e+06	0
3.86047e+06	0
3.86057e+06	0
3.86067e+06	0
3.86077e+06	0
3.86087e+06	0
3.86097e+06	0
3.86107e+06	0
3.86117e+06	0
3.86127e+06	0
3.86137e+06	0
3.86147e+06	0
3.86157e+06	0
3.86167e+06	0
3.86177e+06	0
3.86187e+06	0
3.86197e+06	0
3.86207e+06	0
3.86217e+06	0
3.86227e+06	0
3.86237e+06	0
3.86247e+06	0
3.86257e+06	0
3.86267e+06	0
3.86277e+06	0
3.86287e+06	0
3.86297e+06	0
3.86307e+06	0
3.86317e+06	0
3.86327e+06	0
3.86337e+06	0
3.86347e+06	0
3.86357e+06	0
3.86367e+06	0
3.86377e+06	0
3.86387e+06	0
3.86397e+06	0
3.86407e+06	0
3.86417e+06	0
3.86427e+06	0
3.86437e+06	0
3.86447e+06	0
3.86457e+06	0
3.86467e+06	0
3.86477e+06	0
3.86487e+06	0
3.86497e+06	0
3.86507e+06	0
3.86517e+06	0
3.86527e+06	0
3.86537e+06	0
3.86547e+06	0
3.86557e+06	0
3.86567e+06	0
3.86577e+06	0
3.86587e+06	0
3.86597e+06	0
3.86607e+06	0
3.86617e+06	0
3.86627e+06	0
3.86637e+06	0
3.86647e+06	0
3.86657e+06	0
3.86667e+06	0
3.86677e+06	0
3.86687e+06	0
3.86697e+06	0
3.86707e+06	0
3.86717e+06	0
3.86727e+06	0
3.86737e+06	0
3.86747e+06	0
3.86757e+06	0
3.86767e+06	0
3.86777e+06	0
3.86787e+06	0
3.86797e+06	0
3.86807e+06	0
3.86817e+06	0
3.86827e+06	0
3.86837e+06	0
3.86847e+06	0
3.86857e+06	0
3.86867e+06	0
3.86877e+06	0
3.86887e+06	0
3.86897e+06	0
3.86907e+06	0
3.86917e+06	0
3.86927e+06	0
3.86937e+06	0
3.86947e+06	0
3.86957e+06	0
3.86967e+06	0
3.86977e+06	0
3.86987e+06	0
3.86997e+06	0
3.87007e+06	0
3.87017e+06	0
3.87027e+06	0
3.87037e+06	0
3.87047e+06	0
3.87057e+06	0
3.87067e+06	0
3.87077e+06	0
3.87087e+06	0
3.87097e+06	0
3.87107e+06	0
3.87117e+06	0
3.87127e+06	0
3.87137e+06	0
3.87147e+06	0
3.87157e+06	0
3.87167e+06	0
3.87177e+06	0
3.87187e+06	0
3.87197e+06	0
3.87207e+06	0
3.87217e+06	0
3.87227e+06	0
3.87237e+06	0
3.87247e+06	0
3.87257e+06	0
3.87267e+06	0
3.87277e+06	0
3.87287e+06	0
3.87297e+06	0
3.87307e+06	0
3.87317e+06	0
3.87327e+06	0
3.87337e+06	0
3.87347e+06	0
3.87357e+06	0
3.87367e+06	0
3.87377e+06	0
3.87387e+06	0
3.87397e+06	0
3.87407e+06	0
3.87417e+06	0
3.87427e+06	0
3.87437e+06	0
3.87447e+06	0
3.87457e+06	0
3.87467e+06	0
3.87477e+06	0
3.87487e+06	0
3.87497e+06	0
3.87507e+06	0
3.87517e+06	0
3.87527e+06	0
3.87537e+06	0
3.87547e+06	0
3.87557e+06	0
3.87567e+06	0
3.87577e+06	0
3.87587e+06	0
3.87597e+06	0
3.87607e+06	0
3.87617e+06	0
3.87627e+06	0
3.87637e+06	0
3.87647e+06	0
3.87657e+06	0
3.87667e+06	0
3.87677e+06	0
3.87687e+06	0
3.87697e+06	0
3.87707e+06	0
3.87717e+06	0
3.87727e+06	0
3.87737e+06	0
3.87747e+06	0
3.87757e+06	0
3.87767e+06	0
3.87777e+06	0
3.87787e+06	0
3.87797e+06	0
3.87807e+06	0
3.87817e+06	0
3.87827e+06	0
3.87837e+06	0
3.87847e+06	0
3.87857e+06	0
3.87867e+06	0
3.87877e+06	0
3.87887e+06	0
3.87897e+06	0
3.87907e+06	0
3.87917e+06	0
3.87927e+06	0
3.87937e+06	0
3.87947e+06	0
3.87957e+06	0
3.87967e+06	0
3.87977e+06	0
3.87987e+06	0
3.87997e+06	0
3.88007e+06	0
3.88017e+06	0
3.88027e+06	0
3.88037e+06	0
3.88047e+06	0
3.88057e+06	0
3.88067e+06	0
3.88077e+06	0
3.88087e+06	0
3.88097e+06	0
3.88107e+06	0
3.88117e+06	0
3.88127e+06	0
3.88137e+06	0
3.88147e+06	0
3.88157e+06	0
3.88167e+06	0
3.88177e+06	0
3.88187e+06	0
3.88197e+06	0
3.88207e+06	0
3.88217e+06	0
3.88227e+06	0
3.88237e+06	0
3.88247e+06	0
3.88257e+06	0
3.88267e+06	0
3.88277e+06	0
3.88287e+06	0
3.88297e+06	0
3.88307e+06	0
3.88317e+06	0
3.88327e+06	0
3.88337e+06	0
3.88347e+06	0
3.88357e+06	0
3.88367e+06	0
3.88377e+06	0
3.88387e+06	0
3.88397e+06	0
3.88407e+06	0
3.88417e+06	0
3.88427e+06	0
3.88437e+06	0
3.88447e+06	0
3.88457e+06	0
3.88467e+06	0
3.88477e+06	0
3.88487e+06	0
3.88497e+06	0
3.88507e+06	0
3.88517e+06	0
3.88527e+06	0
3.88537e+06	0
3.88547e+06	0
3.88557e+06	0
3.88567e+06	0
3.88577e+06	0
3.88587e+06	0
3.88597e+06	0
3.88607e+06	0
3.88617e+06	0
3.88627e+06	0
3.88637e+06	0
3.88647e+06	0
3.88657e+06	0
3.88667e+06	0
3.88677e+06	0
3.88687e+06	0
3.88697e+06	0
3.88707e+06	0
3.88717e+06	0
3.88727e+06	0
3.88737e+06	0
3.88747e+06	0
3.88757e+06	0
3.88767e+06	0
3.88777e+06	0
3.88787e+06	0
3.88797e+06	0
3.88807e+06	0
3.88817e+06	0
3.88827e+06	0
3.88837e+06	0
3.88847e+06	0
3.88857e+06	0
3.88867e+06	0
3.88877e+06	0
3.88887e+06	0
3.88897e+06	0
3.88907e+06	0
3.88917e+06	0
3.88927e+06	0
3.88937e+06	0
3.88947e+06	0
3.88957e+06	0
3.88967e+06	0
3.88977e+06	0
3.88987e+06	0
3.88997e+06	0
3.89007e+06	0
3.89017e+06	0
3.89027e+06	0
3.89037e+06	0
3.89047e+06	0
3.89057e+06	0
3.89067e+06	0
3.89077e+06	0
3.89087e+06	0
3.89097e+06	0
3.89107e+06	0
3.89117e+06	0
3.89127e+06	0
3.89137e+06	0
3.89147e+06	0
3.89157e+06	0
3.89167e+06	0
3.89177e+06	0
3.89187e+06	0
3.89197e+06	0
3.89207e+06	0
3.89217e+06	0
3.89227e+06	0
3.89237e+06	0
3.89247e+06	0
3.89257e+06	0
3.89267e+06	0
3.89277e+06	0
3.89287e+06	0
3.89297e+06	0
3.89307e+06	0
3.89317e+06	0
3.89327e+06	0
3.89337e+06	0
3.89347e+06	0
3.89357e+06	0
3.89367e+06	0
3.89377e+06	0
3.89387e+06	0
3.89397e+06	0
3.89407e+06	0
3.89417e+06	0
3.89427e+06	0
3.89437e+06	0
3.89447e+06	0
3.89457e+06	0
3.89467e+06	0
3.89477e+06	0
3.89487e+06	0
3.89497e+06	0
3.89507e+06	0
3.89517e+06	0
3.89527e+06	0
3.89537e+06	0
3.89547e+06	0
3.89557e+06	0
3.89567e+06	0
3.89577e+06	0
3.89587e+06	0
3.89597e+06	0
3.89607e+06	0
3.89617e+06	0
3.89627e+06	0
3.89637e+06	0
3.89647e+06	0
3.89657e+06	0
3.89667e+06	0
3.89677e+06	0
3.89687e+06	0
3.89697e+06	0
3.89707e+06	0
3.89717e+06	0
3.89727e+06	0
3.89737e+06	0
3.89747e+06	0
3.89757e+06	0
3.89767e+06	0
3.89777e+06	0
3.89787e+06	0
3.89797e+06	0
3.89807e+06	0
3.89817e+06	0
3.89827e+06	0
3.89837e+06	0
3.89847e+06	0
3.89857e+06	0
3.89867e+06	0
3.89877e+06	0
3.89887e+06	0
3.89897e+06	0
3.89907e+06	0
3.89917e+06	0
3.89927e+06	0
3.89937e+06	0
3.89947e+06	0
3.89957e+06	0
3.89967e+06	0
3.89977e+06	0
3.89987e+06	0
3.89997e+06	0
3.90007e+06	0
3.90017e+06	0
3.90027e+06	0
3.90037e+06	0
3.90047e+06	0
3.90057e+06	0
3.90067e+06	0
3.90077e+06	0
3.90087e+06	0
3.90097e+06	0
3.90107e+06	0
3.90117e+06	0
3.90127e+06	0
3.90137e+06	0
3.90147e+06	0
3.90157e+06	0
3.90167e+06	0
3.90177e+06	0
3.90187e+06	0
3.90197e+06	0
3.90207e+06	0
3.90217e+06	0
3.90227e+06	0
3.90237e+06	0
3.90247e+06	0
3.90257e+06	0
3.90267e+06	0
3.90277e+06	0
3.90287e+06	0
3.90297e+06	0
3.90307e+06	0
3.90317e+06	0
3.90327e+06	0
3.90337e+06	0
3.90347e+06	0
3.90357e+06	0
3.90367e+06	0
3.90377e+06	0
3.90387e+06	0
3.90397e+06	0
3.90407e+06	0
3.90417e+06	0
3.90427e+06	0
3.90437e+06	0
3.90447e+06	0
3.90457e+06	0
3.90467e+06	0
3.90477e+06	0
3.90487e+06	0
3.90497e+06	0
3.90507e+06	0
3.90517e+06	0
3.90527e+06	0
3.90537e+06	0
3.90547e+06	0
3.90557e+06	0
3.90567e+06	0
3.90577e+06	0
3.90587e+06	0
3.90597e+06	0
3.90607e+06	0
3.90617e+06	0
3.90627e+06	0
3.90637e+06	0
3.90647e+06	0
3.90657e+06	0
3.90667e+06	0
3.90677e+06	0
3.90687e+06	0
3.90697e+06	0
3.90707e+06	0
3.90717e+06	0
3.90727e+06	0
3.90737e+06	0
3.90747e+06	0
3.90757e+06	0
3.90767e+06	0
3.90777e+06	0
3.90787e+06	0
3.90797e+06	0
3.90807e+06	0
3.90817e+06	0
3.90827e+06	0
3.90837e+06	0
3.90847e+06	0
3.90857e+06	0
3.90867e+06	0
3.90877e+06	0
3.90887e+06	0
3.90897e+06	0
3.90907e+06	0
3.90917e+06	0
3.90927e+06	0
3.90937e+06	0
3.90947e+06	0
3.90957e+06	0
3.90967e+06	0
3.90977e+06	0
3.90987e+06	0
3.90997e+06	0
3.91007e+06	0
3.91017e+06	0
3.91027e+06	0
3.91037e+06	0
3.91047e+06	0
3.91057e+06	0
3.91067e+06	0
3.91077e+06	0
3.91087e+06	0
3.91097e+06	0
3.91107e+06	0
3.91117e+06	0
3.91127e+06	0
3.91137e+06	0
3.91147e+06	0
3.91157e+06	0
3.91167e+06	0
3.91177e+06	0
3.91187e+06	0
3.91197e+06	0
3.91207e+06	0
3.91217e+06	0
3.91227e+06	0
3.91237e+06	0
3.91247e+06	0
3.91257e+06	0
3.91267e+06	0
3.91277e+06	0
3.91287e+06	0
3.91297e+06	0
3.91307e+06	0
3.91317e+06	0
3.91327e+06	0
3.91337e+06	0
3.91347e+06	0
3.91357e+06	0
3.91367e+06	0
3.91377e+06	0
3.91387e+06	0
3.91397e+06	0
3.91407e+06	0
3.91417e+06	0
3.91427e+06	0
3.91437e+06	0
3.91447e+06	0
3.91457e+06	0
3.91467e+06	0
3.91477e+06	0
3.91487e+06	0
3.91497e+06	0
3.91507e+06	0
3.91517e+06	0
3.91527e+06	0
3.91537e+06	0
3.91547e+06	0
3.91557e+06	0
3.91567e+06	0
3.91577e+06	0
3.91587e+06	0
3.91597e+06	0
3.91607e+06	0
3.91617e+06	0
3.91627e+06	0
3.91637e+06	0
3.91647e+06	0
3.91657e+06	0
3.91667e+06	0
3.91677e+06	0
3.91687e+06	0
3.91697e+06	0
3.91707e+06	0
3.91717e+06	0
3.91727e+06	0
3.91737e+06	0
3.91747e+06	0
3.91757e+06	0
3.91767e+06	0
3.91777e+06	0
3.91787e+06	0
3.91797e+06	0
3.91807e+06	0
3.91817e+06	0
3.91827e+06	0
3.91837e+06	0
3.91847e+06	0
3.91857e+06	0
3.91867e+06	0
3.91877e+06	0
3.91887e+06	0
3.91897e+06	0
3.91907e+06	0
3.91917e+06	0
3.91927e+06	0
3.91937e+06	0
3.91947e+06	0
3.91957e+06	0
3.91967e+06	0
3.91977e+06	0
3.91987e+06	0
3.91997e+06	0
3.92007e+06	0
3.92017e+06	0
3.92027e+06	0
3.92037e+06	0
3.92047e+06	0
3.92057e+06	0
3.92067e+06	0
3.92077e+06	0
3.92087e+06	0
3.92097e+06	0
3.92107e+06	0
3.92117e+06	0
3.92127e+06	0
3.92137e+06	0
3.92147e+06	0
3.92157e+06	0
3.92167e+06	0
3.92177e+06	0
3.92187e+06	0
3.92197e+06	0
3.92207e+06	0
3.92217e+06	0
3.92227e+06	0
3.92237e+06	0
3.92247e+06	0
3.92257e+06	0
3.92267e+06	0
3.92277e+06	0
3.92287e+06	0
3.92297e+06	0
3.92307e+06	0
3.92317e+06	0
3.92327e+06	0
3.92337e+06	0
3.92347e+06	0
3.92357e+06	0
3.92367e+06	0
3.92377e+06	0
3.92387e+06	0
3.92397e+06	0
3.92407e+06	0
3.92417e+06	0
3.92427e+06	0
3.92437e+06	0
3.92447e+06	0
3.92457e+06	0
3.92467e+06	0
3.92477e+06	0
3.92487e+06	0
3.92497e+06	0
3.92507e+06	0
3.92517e+06	0
3.92527e+06	0
3.92537e+06	0
3.92547e+06	0
3.92557e+06	0
3.92567e+06	0
3.92577e+06	0
3.92587e+06	0
3.92597e+06	0
3.92607e+06	0
3.92617e+06	0
3.92627e+06	0
3.92637e+06	0
3.92647e+06	0
3.92657e+06	0
3.92667e+06	0
3.92677e+06	0
3.92687e+06	0
3.92697e+06	0
3.92707e+06	0
3.92717e+06	0
3.92727e+06	0
3.92737e+06	0
3.92747e+06	0
3.92757e+06	0
3.92767e+06	0
3.92777e+06	0
3.92787e+06	0
3.92797e+06	0
3.92807e+06	0
3.92817e+06	0
3.92827e+06	0
3.92837e+06	0
3.92847e+06	0
3.92857e+06	0
3.92867e+06	0
3.92877e+06	0
3.92887e+06	0
3.92897e+06	0
3.92907e+06	0
3.92917e+06	0
3.92927e+06	0
3.92937e+06	0
3.92947e+06	0
3.92957e+06	0
3.92967e+06	0
3.92977e+06	0
3.92987e+06	0
3.92997e+06	0
3.93007e+06	0
3.93017e+06	0
3.93027e+06	0
3.93037e+06	0
3.93047e+06	0
3.93057e+06	0
3.93067e+06	0
3.93077e+06	0
3.93087e+06	0
3.93097e+06	0
3.93107e+06	0
3.93117e+06	0
3.93127e+06	0
3.93137e+06	0
3.93147e+06	0
3.93157e+06	0
3.93167e+06	0
3.93177e+06	0
3.93187e+06	0
3.93197e+06	0
3.93207e+06	0
3.93217e+06	0
3.93227e+06	0
3.93237e+06	0
3.93247e+06	0
3.93257e+06	0
3.93267e+06	0
3.93277e+06	0
3.93287e+06	0
3.93297e+06	0
3.93307e+06	0
3.93317e+06	0
3.93327e+06	0
3.93337e+06	0
3.93347e+06	0
3.93357e+06	0
3.93367e+06	0
3.93377e+06	0
3.93387e+06	0
3.93397e+06	0
3.93407e+06	0
3.93417e+06	0
3.93427e+06	0
3.93437e+06	0
3.93447e+06	0
3.93457e+06	0
3.93467e+06	0
3.93477e+06	0
3.93487e+06	0
3.93497e+06	0
3.93507e+06	0
3.93517e+06	0
3.93527e+06	0
3.93537e+06	0
3.93547e+06	0
3.93557e+06	0
3.93567e+06	0
3.93577e+06	0
3.93587e+06	0
3.93597e+06	0
3.93607e+06	0
3.93617e+06	0
3.93627e+06	0
3.93637e+06	0
3.93647e+06	0
3.93657e+06	0
3.93667e+06	0
3.93677e+06	0
3.93687e+06	0
3.93697e+06	0
3.93707e+06	0
3.93717e+06	0
3.93727e+06	0
3.93737e+06	0
3.93747e+06	0
3.93757e+06	0
3.93767e+06	0
3.93777e+06	0
3.93787e+06	0
3.93797e+06	0
3.93807e+06	0
3.93817e+06	0
3.93827e+06	0
3.93837e+06	0
3.93847e+06	0
3.93857e+06	0
3.93867e+06	0
3.93877e+06	0
3.93887e+06	0
3.93897e+06	0
3.93907e+06	0
3.93917e+06	0
3.93927e+06	0
3.93937e+06	0
3.93947e+06	0
3.93957e+06	0
3.93967e+06	0
3.93977e+06	0
3.93987e+06	0
3.93997e+06	0
3.94007e+06	0
3.94017e+06	0
3.94027e+06	0
3.94037e+06	0
3.94047e+06	0
3.94057e+06	0
3.94067e+06	0
3.94077e+06	0
3.94087e+06	0
3.94097e+06	0
3.94107e+06	0
3.94117e+06	0
3.94127e+06	0
3.94137e+06	0
3.94147e+06	0
3.94157e+06	0
3.94167e+06	0
3.94177e+06	0
3.94187e+06	0
3.94197e+06	0
3.94207e+06	0
3.94217e+06	0
3.94227e+06	0
3.94237e+06	0
3.94247e+06	0
3.94257e+06	0
3.94267e+06	0
3.94277e+06	0
3.94287e+06	0
3.94297e+06	0
3.94307e+06	0
3.94317e+06	0
3.94327e+06	0
3.94337e+06	0
3.94347e+06	0
3.94357e+06	0
3.94367e+06	0
3.94377e+06	0
3.94387e+06	0
3.94397e+06	0
3.94407e+06	0
3.94417e+06	0
3.94427e+06	0
3.94437e+06	0
3.94447e+06	0
3.94457e+06	0
3.94467e+06	0
3.94477e+06	0
3.94487e+06	0
3.94497e+06	0
3.94507e+06	0
3.94517e+06	0
3.94527e+06	0
3.94537e+06	0
3.94547e+06	0
3.94557e+06	0
3.94567e+06	0
3.94577e+06	0
3.94587e+06	0
3.94597e+06	0
3.94607e+06	0
3.94617e+06	0
3.94627e+06	0
3.94637e+06	0
3.94647e+06	0
3.94657e+06	0
3.94667e+06	0
3.94677e+06	0
3.94687e+06	0
3.94697e+06	0
3.94707e+06	0
3.94717e+06	0
3.94727e+06	0
3.94737e+06	0
3.94747e+06	0
3.94757e+06	0
3.94767e+06	0
3.94777e+06	0
3.94787e+06	0
3.94797e+06	0
3.94807e+06	0
3.94817e+06	0
3.94827e+06	0
3.94837e+06	0
3.94847e+06	0
3.94857e+06	0
3.94867e+06	0
3.94877e+06	0
3.94887e+06	0
3.94897e+06	0
3.94907e+06	0
3.94917e+06	0
3.94927e+06	0
3.94937e+06	0
3.94947e+06	0
3.94957e+06	0
3.94967e+06	0
3.94977e+06	0
3.94987e+06	0
3.94997e+06	0
3.95007e+06	0
3.95017e+06	0
3.95027e+06	0
3.95037e+06	0
3.95047e+06	0
3.95057e+06	0
3.95067e+06	0
3.95077e+06	0
3.95087e+06	0
3.95097e+06	0
3.95107e+06	0
3.95117e+06	0
3.95127e+06	0
3.95137e+06	0
3.95147e+06	0
3.95157e+06	0
3.95167e+06	0
3.95177e+06	0
3.95187e+06	0
3.95197e+06	0
3.95207e+06	0
3.95217e+06	0
3.95227e+06	0
3.95237e+06	0
3.95247e+06	0
3.95257e+06	0
3.95267e+06	0
3.95277e+06	0
3.95287e+06	0
3.95297e+06	0
3.95307e+06	0
3.95317e+06	0
3.95327e+06	0
3.95337e+06	0
3.95347e+06	0
3.95357e+06	0
3.95367e+06	0
3.95377e+06	0
3.95387e+06	0
3.95397e+06	0
3.95407e+06	0
3.95417e+06	0
3.95427e+06	0
3.95437e+06	0
3.95447e+06	0
3.95457e+06	0
3.95467e+06	0
3.95477e+06	0
3.95487e+06	0
3.95497e+06	0
3.95507e+06	0
3.95517e+06	0
3.95527e+06	0
3.95537e+06	0
3.95547e+06	0
3.95557e+06	0
3.95567e+06	0
3.95577e+06	0
3.95587e+06	0
3.95597e+06	0
3.95607e+06	0
3.95617e+06	0
3.95627e+06	0
3.95637e+06	0
3.95647e+06	0
3.95657e+06	0
3.95667e+06	0
3.95677e+06	0
3.95687e+06	0
3.95697e+06	0
3.95707e+06	0
3.95717e+06	0
3.95727e+06	0
3.95737e+06	0
3.95747e+06	0
3.95757e+06	0
3.95767e+06	0
3.95777e+06	0
3.95787e+06	0
3.95797e+06	0
3.95807e+06	0
3.95817e+06	0
3.95827e+06	0
3.95837e+06	0
3.95847e+06	0
3.95857e+06	0
3.95867e+06	0
3.95877e+06	0
3.95887e+06	0
3.95897e+06	0
3.95907e+06	0
3.95917e+06	0
3.95927e+06	0
3.95937e+06	0
3.95947e+06	0
3.95957e+06	0
3.95967e+06	0
3.95977e+06	0
3.95987e+06	0
3.95997e+06	0
3.96007e+06	0
3.96017e+06	0
3.96027e+06	0
3.96037e+06	0
3.96047e+06	0
3.96057e+06	0
3.96067e+06	0
3.96077e+06	0
3.96087e+06	0
3.96097e+06	0
3.96107e+06	0
3.96117e+06	0
3.96127e+06	0
3.96137e+06	0
3.96147e+06	0
3.96157e+06	0
3.96167e+06	0
3.96177e+06	0
3.96187e+06	0
3.96197e+06	0
3.96207e+06	0
3.96217e+06	0
3.96227e+06	0
3.96237e+06	0
3.96247e+06	0
3.96257e+06	0
3.96267e+06	0
3.96277e+06	0
3.96287e+06	0
3.96297e+06	0
3.96307e+06	0
3.96317e+06	0
3.96327e+06	0
3.96337e+06	0
3.96347e+06	0
3.96357e+06	0
3.96367e+06	0
3.96377e+06	0
3.96387e+06	0
3.96397e+06	0
3.96407e+06	0
3.96417e+06	0
3.96427e+06	0
3.96437e+06	0
3.96447e+06	0
3.96457e+06	0
3.96467e+06	0
3.96477e+06	0
3.96487e+06	0
3.96497e+06	0
3.96507e+06	0
3.96517e+06	0
3.96527e+06	0
3.96537e+06	0
3.96547e+06	0
3.96557e+06	0
3.96567e+06	0
3.96577e+06	0
3.96587e+06	0
3.96597e+06	0
3.96607e+06	0
3.96617e+06	0
3.96627e+06	0
3.96637e+06	0
3.96647e+06	0
3.96657e+06	0
3.96667e+06	0
3.96677e+06	0
3.96687e+06	0
3.96697e+06	0
3.96707e+06	0
3.96717e+06	0
3.96727e+06	0
3.96737e+06	0
3.96747e+06	0
3.96757e+06	0
3.96767e+06	0
3.96777e+06	0
3.96787e+06	0
3.96797e+06	0
3.96807e+06	0
3.96817e+06	0
3.96827e+06	0
3.96837e+06	0
3.96847e+06	0
3.96857e+06	0
3.96867e+06	0
3.96877e+06	0
3.96887e+06	0
3.96897e+06	0
3.96907e+06	0
3.96917e+06	0
3.96927e+06	0
3.96937e+06	0
3.96947e+06	0
3.96957e+06	0
3.96967e+06	0
3.96977e+06	0
3.96987e+06	0
3.96997e+06	0
3.97007e+06	0
3.97017e+06	0
3.97027e+06	0
3.97037e+06	0
3.97047e+06	0
3.97057e+06	0
3.97067e+06	0
3.97077e+06	0
3.97087e+06	0
3.97097e+06	0
3.97107e+06	0
3.97117e+06	0
3.97127e+06	0
3.97137e+06	0
3.97147e+06	0
3.97157e+06	0
3.97167e+06	0
3.97177e+06	0
3.97187e+06	0
3.97197e+06	0
3.97207e+06	0
3.97217e+06	0
3.97227e+06	0
3.97237e+06	0
3.97247e+06	0
3.97257e+06	0
3.97267e+06	0
3.97277e+06	0
3.97287e+06	0
3.97297e+06	0
3.97307e+06	0
3.97317e+06	0
3.97327e+06	0
3.97337e+06	0
3.97347e+06	0
3.97357e+06	0
3.97367e+06	0
3.97377e+06	0
3.97387e+06	0
3.97397e+06	0
3.97407e+06	0
3.97417e+06	0
3.97427e+06	0
3.97437e+06	0
3.97447e+06	0
3.97457e+06	0
3.97467e+06	0
3.97477e+06	0
3.97487e+06	0
3.97497e+06	0
3.97507e+06	0
3.97517e+06	0
3.97527e+06	0
3.97537e+06	0
3.97547e+06	0
3.97557e+06	0
3.97567e+06	0
3.97577e+06	0
3.97587e+06	0
3.97597e+06	0
3.97607e+06	0
3.97617e+06	0
3.97627e+06	0
3.97637e+06	0
3.97647e+06	0
3.97657e+06	0
3.97667e+06	0
3.97677e+06	0
3.97687e+06	0
3.97697e+06	0
3.97707e+06	0
3.97717e+06	0
3.97727e+06	0
3.97737e+06	0
3.97747e+06	0
3.97757e+06	0
3.97767e+06	0
3.97777e+06	0
3.97787e+06	0
3.97797e+06	0
3.97807e+06	0
3.97817e+06	0
3.97827e+06	0
3.97837e+06	0
3.97847e+06	0
3.97857e+06	0
3.97867e+06	0
3.97877e+06	0
3.97887e+06	0
3.97897e+06	0
3.97907e+06	0
3.97917e+06	0
3.97927e+06	0
3.97937e+06	0
3.97947e+06	0
3.97957e+06	0
3.97967e+06	0
3.97977e+06	0
3.97987e+06	0
3.97997e+06	0
3.98007e+06	0
3.98017e+06	0
3.98027e+06	0
3.98037e+06	0
3.98047e+06	0
3.98057e+06	0
3.98067e+06	0
3.98077e+06	0
3.98087e+06	0
3.98097e+06	0
3.98107e+06	0
3.98117e+06	0
3.98127e+06	0
3.98137e+06	0
3.98147e+06	0
3.98157e+06	0
3.98167e+06	0
3.98177e+06	0
3.98187e+06	0
3.98197e+06	0
3.98207e+06	0
3.98217e+06	0
3.98227e+06	0
3.98237e+06	0
3.98247e+06	0
3.98257e+06	0
3.98267e+06	0
3.98277e+06	0
3.98287e+06	0
3.98297e+06	0
3.98307e+06	0
3.98317e+06	0
3.98327e+06	0
3.98337e+06	0
3.98347e+06	0
3.98357e+06	0
3.98367e+06	0
3.98377e+06	0
3.98387e+06	0
3.98397e+06	0
3.98407e+06	0
3.98417e+06	0
3.98427e+06	0
3.98437e+06	0
3.98447e+06	0
3.98457e+06	0
3.98467e+06	0
3.98477e+06	0
3.98487e+06	0
3.98497e+06	0
3.98507e+06	0
3.98517e+06	0
3.98527e+06	0
3.98537e+06	0
3.98547e+06	0
3.98557e+06	0
3.98567e+06	0
3.98577e+06	0
3.98587e+06	0
3.98597e+06	0
3.98607e+06	0
3.98617e+06	0
3.98627e+06	0
3.98637e+06	0
3.98647e+06	0
3.98657e+06	0
3.98667e+06	0
3.98677e+06	0
3.98687e+06	0
3.98697e+06	0
3.98707e+06	0
3.98717e+06	0
3.98727e+06	0
3.98737e+06	0
3.98747e+06	0
3.98757e+06	0
3.98767e+06	0
3.98777e+06	0
3.98787e+06	0
3.98797e+06	0
3.98807e+06	0
3.98817e+06	0
3.98827e+06	0
3.98837e+06	0
3.98847e+06	0
3.98857e+06	0
3.98867e+06	0
3.98877e+06	0
3.98887e+06	0
3.98897e+06	0
3.98907e+06	0
3.98917e+06	0
3.98927e+06	0
3.98937e+06	0
3.98947e+06	0
3.98957e+06	0
3.98967e+06	0
3.98977e+06	0
3.98987e+06	0
3.98997e+06	0
3.99007e+06	0
3.99017e+06	0
3.99027e+06	0
3.99037e+06	0
3.99047e+06	0
3.99057e+06	0
3.99067e+06	0
3.99077e+06	0
3.99087e+06	0
3.99097e+06	0
3.99107e+06	0
3.99117e+06	0
3.99127e+06	0
3.99137e+06	0
3.99147e+06	0
3.99157e+06	0
3.99167e+06	0
3.99177e+06	0
3.99187e+06	0
3.99197e+06	0
3.99207e+06	0
3.99217e+06	0
3.99227e+06	0
3.99237e+06	0
3.99247e+06	0
3.99257e+06	0
3.99267e+06	0
3.99277e+06	0
3.99287e+06	0
3.99297e+06	0
3.99307e+06	0
3.99317e+06	0
3.99327e+06	0
3.99337e+06	0
3.99347e+06	0
3.99357e+06	0
3.99367e+06	0
3.99377e+06	0
3.99387e+06	0
3.99397e+06	0
3.99407e+06	0
3.99417e+06	0
3.99427e+06	0
3.99437e+06	0
3.99447e+06	0
3.99457e+06	0
3.99467e+06	0
3.99477e+06	0
3.99487e+06	0
3.99497e+06	0
3.99507e+06	0
3.99517e+06	0
3.99527e+06	0
3.99537e+06	0
3.99547e+06	0
3.99557e+06	0
3.99567e+06	0
3.99577e+06	0
3.99587e+06	0
3.99597e+06	0
3.99607e+06	0
3.99617e+06	0
3.99627e+06	0
3.99637e+06	0
3.99647e+06	0
3.99657e+06	0
3.99667e+06	0
3.99677e+06	0
3.99687e+06	0
3.99697e+06	0
3.99707e+06	0
3.99717e+06	0
3.99727e+06	0
3.99737e+06	0
3.99747e+06	0
3.99757e+06	0
3.99767e+06	0
3.99777e+06	0
3.99787e+06	0
3.99797e+06	0
3.99807e+06	0
3.99817e+06	0
3.99827e+06	0
3.99837e+06	0
3.99847e+06	0
3.99857e+06	0
3.99867e+06	0
3.99877e+06	0
3.99887e+06	0
3.99897e+06	0
3.99907e+06	0
3.99917e+06	0
3.99927e+06	0
3.99937e+06	0
3.99947e+06	0
3.99957e+06	0
3.99967e+06	0
3.99977e+06	0
3.99987e+06	0
3.99997e+06	0
4.00007e+06	0
4.00017e+06	0
4.00027e+06	0
4.00037e+06	0
4.00047e+06	0
4.00057e+06	0
4.00067e+06	0
4.00077e+06	0
4.00087e+06	0
4.00097e+06	0
4.00107e+06	0
4.00117e+06	0
4.00127e+06	0
4.00137e+06	0
4.00147e+06	0
4.00157e+06	0
4.00167e+06	0
4.00177e+06	0
4.00187e+06	0
4.00197e+06	0
4.00207e+06	0
4.00217e+06	0
4.00227e+06	0
4.00237e+06	0
4.00247e+06	0
4.00257e+06	0
4.00267e+06	0
4.00277e+06	0
4.00287e+06	0
4.00297e+06	0
4.00307e+06	0
4.00317e+06	0
4.00327e+06	0
4.00337e+06	0
4.00347e+06	0
4.00357e+06	0
4.00367e+06	0
4.00377e+06	0
4.00387e+06	0
4.00397e+06	0
4.00407e+06	0
4.00417e+06	0
4.00427e+06	0
4.00437e+06	0
4.00447e+06	0
4.00457e+06	0
4.00467e+06	0
4.00477e+06	0
4.00487e+06	0
4.00497e+06	0
4.00507e+06	0
4.00517e+06	0
4.00527e+06	0
4.00537e+06	0
4.00547e+06	0
4.00557e+06	0
4.00567e+06	0
4.00577e+06	0
4.00587e+06	0
4.00597e+06	0
4.00607e+06	0
4.00617e+06	0
4.00627e+06	0
4.00637e+06	0
4.00647e+06	0
4.00657e+06	0
4.00667e+06	0
4.00677e+06	0
4.00687e+06	0
4.00697e+06	0
4.00707e+06	0
4.00717e+06	0
4.00727e+06	0
4.00737e+06	0
4.00747e+06	0
4.00757e+06	0
4.00767e+06	0
4.00777e+06	0
4.00787e+06	0
4.00797e+06	0
4.00807e+06	0
4.00817e+06	0
4.00827e+06	0
4.00837e+06	0
4.00847e+06	0
4.00857e+06	0
4.00867e+06	0
4.00877e+06	0
4.00887e+06	0
4.00897e+06	0
4.00907e+06	0
4.00917e+06	0
4.00927e+06	0
4.00937e+06	0
4.00947e+06	0
4.00957e+06	0
4.00967e+06	0
4.00977e+06	0
4.00987e+06	0
4.00997e+06	0
4.01007e+06	0
4.01017e+06	0
4.01027e+06	0
4.01037e+06	0
4.01047e+06	0
4.01057e+06	0
4.01067e+06	0
4.01077e+06	0
4.01087e+06	0
4.01097e+06	0
4.01107e+06	0
4.01117e+06	0
4.01127e+06	0
4.01137e+06	0
4.01147e+06	0
4.01157e+06	0
4.01167e+06	0
4.01177e+06	0
4.01187e+06	0
4.01197e+06	0
4.01207e+06	0
4.01217e+06	0
4.01227e+06	0
4.01237e+06	0
4.01247e+06	0
4.01257e+06	0
4.01267e+06	0
4.01277e+06	0
4.01287e+06	0
4.01297e+06	0
4.01307e+06	0
4.01317e+06	0
4.01327e+06	0
4.01337e+06	0
4.01347e+06	0
4.01357e+06	0
4.01367e+06	0
4.01377e+06	0
4.01387e+06	0
4.01397e+06	0
4.01407e+06	0
4.01417e+06	0
4.01427e+06	0
4.01437e+06	0
4.01447e+06	0
4.01457e+06	0
4.01467e+06	0
4.01477e+06	0
4.01487e+06	0
4.01497e+06	0
4.01507e+06	0
4.01517e+06	0
4.01527e+06	0
4.01537e+06	0
4.01547e+06	0
4.01557e+06	0
4.01567e+06	0
4.01577e+06	0
4.01587e+06	0
4.01597e+06	0
4.01607e+06	0
4.01617e+06	0
4.01627e+06	0
4.01637e+06	0
4.01647e+06	0
4.01657e+06	0
4.01667e+06	0
4.01677e+06	0
4.01687e+06	0
4.01697e+06	0
4.01707e+06	0
4.01717e+06	0
4.01727e+06	0
4.01737e+06	0
4.01747e+06	0
4.01757e+06	0
4.01767e+06	0
4.01777e+06	0
4.01787e+06	0
4.01797e+06	0
4.01807e+06	0
4.01817e+06	0
4.01827e+06	0
4.01837e+06	0
4.01847e+06	0
4.01857e+06	0
4.01867e+06	0
4.01877e+06	0
4.01887e+06	0
4.01897e+06	0
4.01907e+06	0
4.01917e+06	0
4.01927e+06	0
4.01937e+06	0
4.01947e+06	0
4.01957e+06	0
4.01967e+06	0
4.01977e+06	0
4.01987e+06	0
4.01997e+06	0
4.02007e+06	0
4.02017e+06	0
4.02027e+06	0
4.02037e+06	0
4.02047e+06	0
4.02057e+06	0
4.02067e+06	0
4.02077e+06	0
4.02087e+06	0
4.02097e+06	0
4.02107e+06	0
4.02117e+06	0
4.02127e+06	0
4.02137e+06	0
4.02147e+06	0
4.02157e+06	0
4.02167e+06	0
4.02177e+06	0
4.02187e+06	0
4.02197e+06	0
4.02207e+06	0
4.02217e+06	0
4.02227e+06	0
4.02237e+06	0
4.02247e+06	0
4.02257e+06	0
4.02267e+06	0
4.02277e+06	0
4.02287e+06	0
4.02297e+06	0
4.02307e+06	0
4.02317e+06	0
4.02327e+06	0
4.02337e+06	0
4.02347e+06	0
4.02357e+06	0
4.02367e+06	0
4.02377e+06	0
4.02387e+06	0
4.02397e+06	0
4.02407e+06	0
4.02417e+06	0
4.02427e+06	0
4.02437e+06	0
4.02447e+06	0
4.02457e+06	0
4.02467e+06	0
4.02477e+06	0
4.02487e+06	0
4.02497e+06	0
4.02507e+06	0
4.02517e+06	0
4.02527e+06	0
4.02537e+06	0
4.02547e+06	0
4.02557e+06	0
4.02567e+06	0
4.02577e+06	0
4.02587e+06	0
4.02597e+06	0
4.02607e+06	0
4.02617e+06	0
4.02627e+06	0
4.02637e+06	0
4.02647e+06	0
4.02657e+06	0
4.02667e+06	0
4.02677e+06	0
4.02687e+06	0
4.02697e+06	0
4.02707e+06	0
4.02717e+06	0
4.02727e+06	0
4.02737e+06	0
4.02747e+06	0
4.02757e+06	0
4.02767e+06	0
4.02777e+06	0
4.02787e+06	0
4.02797e+06	0
4.02807e+06	0
4.02817e+06	0
4.02827e+06	0
4.02837e+06	0
4.02847e+06	0
4.02857e+06	0
4.02867e+06	0
4.02877e+06	0
4.02887e+06	0
4.02897e+06	0
4.02907e+06	0
4.02917e+06	0
4.02927e+06	0
4.02937e+06	0
4.02947e+06	0
4.02957e+06	0
4.02967e+06	0
4.02977e+06	0
4.02987e+06	0
4.02997e+06	0
4.03007e+06	0
4.03017e+06	0
4.03027e+06	0
4.03037e+06	0
4.03047e+06	0
4.03057e+06	0
4.03067e+06	0
4.03077e+06	0
4.03087e+06	0
4.03097e+06	0
4.03107e+06	0
4.03117e+06	0
4.03127e+06	0
4.03137e+06	0
4.03147e+06	0
4.03157e+06	0
4.03167e+06	0
4.03177e+06	0
4.03187e+06	0
4.03197e+06	0
4.03207e+06	0
4.03217e+06	0
4.03227e+06	0
4.03237e+06	0
4.03247e+06	0
4.03257e+06	0
4.03267e+06	0
4.03277e+06	0
4.03287e+06	0
4.03297e+06	0
4.03307e+06	0
4.03317e+06	0
4.03327e+06	0
4.03337e+06	0
4.03347e+06	0
4.03357e+06	0
4.03367e+06	0
4.03377e+06	0
4.03387e+06	0
4.03397e+06	0
4.03407e+06	0
4.03417e+06	0
4.03427e+06	0
4.03437e+06	0
4.03447e+06	0
4.03457e+06	0
4.03467e+06	0
4.03477e+06	0
4.03487e+06	0
4.03497e+06	0
4.03507e+06	0
4.03517e+06	0
4.03527e+06	0
4.03537e+06	0
4.03547e+06	0
4.03557e+06	0
4.03567e+06	0
4.03577e+06	0
4.03587e+06	0
4.03597e+06	0
4.03607e+06	0
4.03617e+06	0
4.03627e+06	0
4.03637e+06	0
4.03647e+06	0
4.03657e+06	0
4.03667e+06	0
4.03677e+06	0
4.03687e+06	0
4.03697e+06	0
4.03707e+06	0
4.03717e+06	0
4.03727e+06	0
4.03737e+06	0
4.03747e+06	0
4.03757e+06	0
4.03767e+06	0
4.03777e+06	0
4.03787e+06	0
4.03797e+06	0
4.03807e+06	0
4.03817e+06	0
4.03827e+06	0
4.03837e+06	0
4.03847e+06	0
4.03857e+06	0
4.03867e+06	0
4.03877e+06	0
4.03887e+06	0
4.03897e+06	0
4.03907e+06	0
4.03917e+06	0
4.03927e+06	0
4.03937e+06	0
4.03947e+06	0
4.03957e+06	0
4.03967e+06	0
4.03977e+06	0
4.03987e+06	0
4.03997e+06	0
4.04007e+06	0
4.04017e+06	0
4.04027e+06	0
4.04037e+06	0
4.04047e+06	0
4.04057e+06	0
4.04067e+06	0
4.04077e+06	0
4.04087e+06	0
4.04097e+06	0
4.04107e+06	0
4.04117e+06	0
4.04127e+06	0
4.04137e+06	0
4.04147e+06	0
4.04157e+06	0
4.04167e+06	0
4.04177e+06	0
4.04187e+06	0
4.04197e+06	0
4.04207e+06	0
4.04217e+06	0
4.04227e+06	0
4.04237e+06	0
4.04247e+06	0
4.04257e+06	0
4.04267e+06	0
4.04277e+06	0
4.04287e+06	0
4.04297e+06	0
4.04307e+06	0
4.04317e+06	0
4.04327e+06	0
4.04337e+06	0
4.04347e+06	0
4.04357e+06	0
4.04367e+06	0
4.04377e+06	0
4.04387e+06	0
4.04397e+06	0
4.04407e+06	0
4.04417e+06	0
4.04427e+06	0
4.04437e+06	0
4.04447e+06	0
4.04457e+06	0
4.04467e+06	0
4.04477e+06	0
4.04487e+06	0
4.04497e+06	0
4.04507e+06	0
4.04517e+06	0
4.04527e+06	0
4.04537e+06	0
4.04547e+06	0
4.04557e+06	0
4.04567e+06	0
4.04577e+06	0
4.04587e+06	0
4.04597e+06	0
4.04607e+06	0
4.04617e+06	0
4.04627e+06	0
4.04637e+06	0
4.04647e+06	0
4.04657e+06	0
4.04667e+06	0
4.04677e+06	0
4.04687e+06	0
4.04697e+06	0
4.04707e+06	0
4.04717e+06	0
4.04727e+06	0
4.04737e+06	0
4.04747e+06	0
4.04757e+06	0
4.04767e+06	0
4.04777e+06	0
4.04787e+06	0
4.04797e+06	0
4.04807e+06	0
4.04817e+06	0
4.04827e+06	0
4.04837e+06	0
4.04847e+06	0
4.04857e+06	0
4.04867e+06	0
4.04877e+06	0
4.04887e+06	0
4.04897e+06	0
4.04907e+06	0
4.04917e+06	0
4.04927e+06	0
4.04937e+06	0
4.04947e+06	0
4.04957e+06	0
4.04967e+06	0
4.04977e+06	0
4.04987e+06	0
4.04997e+06	0
4.05007e+06	0
4.05017e+06	0
4.05027e+06	0
4.05037e+06	0
4.05047e+06	0
4.05057e+06	0
4.05067e+06	0
4.05077e+06	0
4.05087e+06	0
4.05097e+06	0
4.05107e+06	0
4.05117e+06	0
4.05127e+06	0
4.05137e+06	0
4.05147e+06	0
4.05157e+06	0
4.05167e+06	0
4.05177e+06	0
4.05187e+06	0
4.05197e+06	0
4.05207e+06	0
4.05217e+06	0
4.05227e+06	0
4.05237e+06	0
4.05247e+06	0
4.05257e+06	0
4.05267e+06	0
4.05277e+06	0
4.05287e+06	0
4.05297e+06	0
4.05307e+06	0
4.05317e+06	0
4.05327e+06	0
4.05337e+06	0
4.05347e+06	0
4.05357e+06	0
4.05367e+06	0
4.05377e+06	0
4.05387e+06	0
4.05397e+06	0
4.05407e+06	0
4.05417e+06	0
4.05427e+06	0
4.05437e+06	0
4.05447e+06	0
4.05457e+06	0
4.05467e+06	0
4.05477e+06	0
4.05487e+06	0
4.05497e+06	0
4.05507e+06	0
4.05517e+06	0
4.05527e+06	0
4.05537e+06	0
4.05547e+06	0
4.05557e+06	0
4.05567e+06	0
4.05577e+06	0
4.05587e+06	0
4.05597e+06	0
4.05607e+06	0
4.05617e+06	0
4.05627e+06	0
4.05637e+06	0
4.05647e+06	0
4.05657e+06	0
4.05667e+06	0
4.05677e+06	0
4.05687e+06	0
4.05697e+06	0
4.05707e+06	0
4.05717e+06	0
4.05727e+06	0
4.05737e+06	0
4.05747e+06	0
4.05757e+06	0
4.05767e+06	0
4.05777e+06	0
4.05787e+06	0
4.05797e+06	0
4.05807e+06	0
4.05817e+06	0
4.05827e+06	0
4.05837e+06	0
4.05847e+06	0
4.05857e+06	0
4.05867e+06	0
4.05877e+06	0
4.05887e+06	0
4.05897e+06	0
4.05907e+06	0
4.05917e+06	0
4.05927e+06	0
4.05937e+06	0
4.05947e+06	0
4.05957e+06	0
4.05967e+06	0
4.05977e+06	0
4.05987e+06	0
4.05997e+06	0
4.06007e+06	0
4.06017e+06	0
4.06027e+06	0
4.06037e+06	0
4.06047e+06	0
4.06057e+06	0
4.06067e+06	0
4.06077e+06	0
4.06087e+06	0
4.06097e+06	0
4.06107e+06	0
4.06117e+06	0
4.06127e+06	0
4.06137e+06	0
4.06147e+06	0
4.06157e+06	0
4.06167e+06	0
4.06177e+06	0
4.06187e+06	0
4.06197e+06	0
4.06207e+06	0
4.06217e+06	0
4.06227e+06	0
4.06237e+06	0
4.06247e+06	0
4.06257e+06	0
4.06267e+06	0
4.06277e+06	0
4.06287e+06	0
4.06297e+06	0
4.06307e+06	0
4.06317e+06	0
4.06327e+06	0
4.06337e+06	0
4.06347e+06	0
4.06357e+06	0
4.06367e+06	0
4.06377e+06	0
4.06387e+06	0
4.06397e+06	0
4.06407e+06	0
4.06417e+06	0
4.06427e+06	0
4.06437e+06	0
4.06447e+06	0
4.06457e+06	0
4.06467e+06	0
4.06477e+06	0
4.06487e+06	0
4.06497e+06	0
4.06507e+06	0
4.06517e+06	0
4.06527e+06	0
4.06537e+06	0
4.06547e+06	0
4.06557e+06	0
4.06567e+06	0
4.06577e+06	0
4.06587e+06	0
4.06597e+06	0
4.06607e+06	0
4.06617e+06	0
4.06627e+06	0
4.06637e+06	0
4.06647e+06	0
4.06657e+06	0
4.06667e+06	0
4.06677e+06	0
4.06687e+06	0
4.06697e+06	0
4.06707e+06	0
4.06717e+06	0
4.06727e+06	0
4.06737e+06	0
4.06747e+06	0
4.06757e+06	0
4.06767e+06	0
4.06777e+06	0
4.06787e+06	0
4.06797e+06	0
4.06807e+06	0
4.06817e+06	0
4.06827e+06	0
4.06837e+06	0
4.06847e+06	0
4.06857e+06	0
4.06867e+06	0
4.06877e+06	0
4.06887e+06	0
4.06897e+06	0
4.06907e+06	0
4.06917e+06	0
4.06927e+06	0
4.06937e+06	0
4.06947e+06	0
4.06957e+06	0
4.06967e+06	0
4.06977e+06	0
4.06987e+06	0
4.06997e+06	0
4.07007e+06	0
4.07017e+06	0
4.07027e+06	0
4.07037e+06	0
4.07047e+06	0
4.07057e+06	0
4.07067e+06	0
4.07077e+06	0
4.07087e+06	0
4.07097e+06	0
4.07107e+06	0
4.07117e+06	0
4.07127e+06	0
4.07137e+06	0
4.07147e+06	0
4.07157e+06	0
4.07167e+06	0
4.07177e+06	0
4.07187e+06	0
4.07197e+06	0
4.07207e+06	0
4.07217e+06	0
4.07227e+06	0
4.07237e+06	0
4.07247e+06	0
4.07257e+06	0
4.07267e+06	0
4.07277e+06	0
4.07287e+06	0
4.07297e+06	0
4.07307e+06	0
4.07317e+06	0
4.07327e+06	0
4.07337e+06	0
4.07347e+06	0
4.07357e+06	0
4.07367e+06	0
4.07377e+06	0
4.07387e+06	0
4.07397e+06	0
4.07407e+06	0
4.07417e+06	0
4.07427e+06	0
4.07437e+06	0
4.07447e+06	0
4.07457e+06	0
4.07467e+06	0
4.07477e+06	0
4.07487e+06	0
4.07497e+06	0
4.07507e+06	0
4.07517e+06	0
4.07527e+06	0
4.07537e+06	0
4.07547e+06	0
4.07557e+06	0
4.07567e+06	0
4.07577e+06	0
4.07587e+06	0
4.07597e+06	0
4.07607e+06	0
4.07617e+06	0
4.07627e+06	0
4.07637e+06	0
4.07647e+06	0
4.07657e+06	0
4.07667e+06	0
4.07677e+06	0
4.07687e+06	0
4.07697e+06	0
4.07707e+06	0
4.07717e+06	0
4.07727e+06	0
4.07737e+06	0
4.07747e+06	0
4.07757e+06	0
4.07767e+06	0
4.07777e+06	0
4.07787e+06	0
4.07797e+06	0
4.07807e+06	0
4.07817e+06	0
4.07827e+06	0
4.07837e+06	0
4.07847e+06	0
4.07857e+06	0
4.07867e+06	0
4.07877e+06	0
4.07887e+06	0
4.07897e+06	0
4.07907e+06	0
4.07917e+06	0
4.07927e+06	0
4.07937e+06	0
4.07947e+06	0
4.07957e+06	0
4.07967e+06	0
4.07977e+06	0
4.07987e+06	0
4.07997e+06	0
4.08007e+06	0
4.08017e+06	0
4.08027e+06	0
4.08037e+06	0
4.08047e+06	0
4.08057e+06	0
4.08067e+06	0
4.08077e+06	0
4.08087e+06	0
4.08097e+06	0
4.08107e+06	0
4.08117e+06	0
4.08127e+06	0
4.08137e+06	0
4.08147e+06	0
4.08157e+06	0
4.08167e+06	0
4.08177e+06	0
4.08187e+06	0
4.08197e+06	0
4.08207e+06	0
4.08217e+06	0
4.08227e+06	0
4.08237e+06	0
4.08247e+06	0
4.08257e+06	0
4.08267e+06	0
4.08277e+06	0
4.08287e+06	0
4.08297e+06	0
4.08307e+06	0
4.08317e+06	0
4.08327e+06	0
4.08337e+06	0
4.08347e+06	0
4.08357e+06	0
4.08367e+06	0
4.08377e+06	0
4.08387e+06	0
4.08397e+06	0
4.08407e+06	0
4.08417e+06	0
4.08427e+06	0
4.08437e+06	0
4.08447e+06	0
4.08457e+06	0
4.08467e+06	0
4.08477e+06	0
4.08487e+06	0
4.08497e+06	0
4.08507e+06	0
4.08517e+06	0
4.08527e+06	0
4.08537e+06	0
4.08547e+06	0
4.08557e+06	0
4.08567e+06	0
4.08577e+06	0
4.08587e+06	0
4.08597e+06	0
4.08607e+06	0
4.08617e+06	0
4.08627e+06	0
4.08637e+06	0
4.08647e+06	0
4.08657e+06	0
4.08667e+06	0
4.08677e+06	0
4.08687e+06	0
4.08697e+06	0
4.08707e+06	0
4.08717e+06	0
4.08727e+06	0
4.08737e+06	0
4.08747e+06	0
4.08757e+06	0
4.08767e+06	0
4.08777e+06	0
4.08787e+06	0
4.08797e+06	0
4.08807e+06	0
4.08817e+06	0
4.08827e+06	0
4.08837e+06	0
4.08847e+06	0
4.08857e+06	0
4.08867e+06	0
4.08877e+06	0
4.08887e+06	0
4.08897e+06	0
4.08907e+06	0
4.08917e+06	0
4.08927e+06	0
4.08937e+06	0
4.08947e+06	0
4.08957e+06	0
4.08967e+06	0
4.08977e+06	0
4.08987e+06	0
4.08997e+06	0
4.09007e+06	0
4.09017e+06	0
4.09027e+06	0
4.09037e+06	0
4.09047e+06	0
4.09057e+06	0
4.09067e+06	0
4.09077e+06	0
4.09087e+06	0
4.09097e+06	0
4.09107e+06	0
4.09117e+06	0
4.09127e+06	0
4.09137e+06	0
4.09147e+06	0
4.09157e+06	0
4.09167e+06	0
4.09177e+06	0
4.09187e+06	0
4.09197e+06	0
4.09207e+06	0
4.09217e+06	0
4.09227e+06	0
4.09237e+06	0
4.09247e+06	0
4.09257e+06	0
4.09267e+06	0
4.09277e+06	0
4.09287e+06	0
4.09297e+06	0
4.09307e+06	0
4.09317e+06	0
4.09327e+06	0
4.09337e+06	0
4.09347e+06	0
4.09357e+06	0
4.09367e+06	0
4.09377e+06	0
4.09387e+06	0
4.09397e+06	0
4.09407e+06	0
4.09417e+06	0
4.09427e+06	0
4.09437e+06	0
4.09447e+06	0
4.09457e+06	0
4.09467e+06	0
4.09477e+06	0
4.09487e+06	0
4.09497e+06	0
4.09507e+06	0
4.09517e+06	0
4.09527e+06	0
4.09537e+06	0
4.09547e+06	0
4.09557e+06	0
4.09567e+06	0
4.09577e+06	0
4.09587e+06	0
4.09597e+06	0
4.09607e+06	0
4.09617e+06	0
4.09627e+06	0
4.09637e+06	0
4.09647e+06	0
4.09657e+06	0
4.09667e+06	0
4.09677e+06	0
4.09687e+06	0
4.09697e+06	0
4.09707e+06	0
4.09717e+06	0
4.09727e+06	0
4.09737e+06	0
4.09747e+06	0
4.09757e+06	0
4.09767e+06	0
4.09777e+06	0
4.09787e+06	0
4.09797e+06	0
4.09807e+06	0
4.09817e+06	0
4.09827e+06	0
4.09837e+06	0
4.09847e+06	0
4.09857e+06	0
4.09867e+06	0
4.09877e+06	0
4.09887e+06	0
4.09897e+06	0
4.09907e+06	0
4.09917e+06	0
4.09927e+06	0
4.09937e+06	0
4.09947e+06	0
4.09957e+06	0
4.09967e+06	0
4.09977e+06	0
4.09987e+06	0
4.09997e+06	0
4.10007e+06	0
4.10017e+06	0
4.10027e+06	0
4.10037e+06	0
4.10047e+06	0
4.10057e+06	0
4.10067e+06	0
4.10077e+06	0
4.10087e+06	0
4.10097e+06	0
4.10107e+06	0
4.10117e+06	0
4.10127e+06	0
4.10137e+06	0
4.10147e+06	0
4.10157e+06	0
4.10167e+06	0
4.10177e+06	0
4.10187e+06	0
4.10197e+06	0
4.10207e+06	0
4.10217e+06	0
4.10227e+06	0
4.10237e+06	0
4.10247e+06	0
4.10257e+06	0
4.10267e+06	0
4.10277e+06	0
4.10287e+06	0
4.10297e+06	0
4.10307e+06	0
4.10317e+06	0
4.10327e+06	0
4.10337e+06	0
4.10347e+06	0
4.10357e+06	0
4.10367e+06	0
4.10377e+06	0
4.10387e+06	0
4.10397e+06	0
4.10407e+06	0
4.10417e+06	0
4.10427e+06	0
4.10437e+06	0
4.10447e+06	0
4.10457e+06	0
4.10467e+06	0
4.10477e+06	0
4.10487e+06	0
4.10497e+06	0
4.10507e+06	0
4.10517e+06	0
4.10527e+06	0
4.10537e+06	0
4.10547e+06	0
4.10557e+06	0
4.10567e+06	0
4.10577e+06	0
4.10587e+06	0
4.10597e+06	0
4.10607e+06	0
4.10617e+06	0
4.10627e+06	0
4.10637e+06	0
4.10647e+06	0
4.10657e+06	0
4.10667e+06	0
4.10677e+06	0
4.10687e+06	0
4.10697e+06	0
4.10707e+06	0
4.10717e+06	0
4.10727e+06	0
4.10737e+06	0
4.10747e+06	0
4.10757e+06	0
4.10767e+06	0
4.10777e+06	0
4.10787e+06	0
4.10797e+06	0
4.10807e+06	0
4.10817e+06	0
4.10827e+06	0
4.10837e+06	0
4.10847e+06	0
4.10857e+06	0
4.10867e+06	0
4.10877e+06	0
4.10887e+06	0
4.10897e+06	0
4.10907e+06	0
4.10917e+06	0
4.10927e+06	0
4.10937e+06	0
4.10947e+06	0
4.10957e+06	0
4.10967e+06	0
4.10977e+06	0
4.10987e+06	0
4.10997e+06	0
4.11007e+06	0
4.11017e+06	0
4.11027e+06	0
4.11037e+06	0
4.11047e+06	0
4.11057e+06	0
4.11067e+06	0
4.11077e+06	0
4.11087e+06	0
4.11097e+06	0
4.11107e+06	0
4.11117e+06	0
4.11127e+06	0
4.11137e+06	0
4.11147e+06	0
4.11157e+06	0
4.11167e+06	0
4.11177e+06	0
4.11187e+06	0
4.11197e+06	0
4.11207e+06	0
4.11217e+06	0
4.11227e+06	0
4.11237e+06	0
4.11247e+06	0
4.11257e+06	0
4.11267e+06	0
4.11277e+06	0
4.11287e+06	0
4.11297e+06	0
4.11307e+06	0
4.11317e+06	0
4.11327e+06	0
4.11337e+06	0
4.11347e+06	0
4.11357e+06	0
4.11367e+06	0
4.11377e+06	0
4.11387e+06	0
4.11397e+06	0
4.11407e+06	0
4.11417e+06	0
4.11427e+06	0
4.11437e+06	0
4.11447e+06	0
4.11457e+06	0
4.11467e+06	0
4.11477e+06	0
4.11487e+06	0
4.11497e+06	0
4.11507e+06	0
4.11517e+06	0
4.11527e+06	0
4.11537e+06	0
4.11547e+06	0
4.11557e+06	0
4.11567e+06	0
4.11577e+06	0
4.11587e+06	0
4.11597e+06	0
4.11607e+06	0
4.11617e+06	0
4.11627e+06	0
4.11637e+06	0
4.11647e+06	0
4.11657e+06	0
4.11667e+06	0
4.11677e+06	0
4.11687e+06	0
4.11697e+06	0
4.11707e+06	0
4.11717e+06	0
4.11727e+06	0
4.11737e+06	0
4.11747e+06	0
4.11757e+06	0
4.11767e+06	0
4.11777e+06	0
4.11787e+06	0
4.11797e+06	0
4.11807e+06	0
4.11817e+06	0
4.11827e+06	0
4.11837e+06	0
4.11847e+06	0
4.11857e+06	0
4.11867e+06	0
4.11877e+06	0
4.11887e+06	0
4.11897e+06	0
4.11907e+06	0
4.11917e+06	0
4.11927e+06	0
4.11937e+06	0
4.11947e+06	0
4.11957e+06	0
4.11967e+06	0
4.11977e+06	0
4.11987e+06	0
4.11997e+06	0
4.12007e+06	0
4.12017e+06	0
4.12027e+06	0
4.12037e+06	0
4.12047e+06	0
4.12057e+06	0
4.12067e+06	0
4.12077e+06	0
4.12087e+06	0
4.12097e+06	0
4.12107e+06	0
4.12117e+06	0
4.12127e+06	0
4.12137e+06	0
4.12147e+06	0
4.12157e+06	0
4.12167e+06	0
4.12177e+06	0
4.12187e+06	0
4.12197e+06	0
4.12207e+06	0
4.12217e+06	0
4.12227e+06	0
4.12237e+06	0
4.12247e+06	0
4.12257e+06	0
4.12267e+06	0
4.12277e+06	0
4.12287e+06	0
4.12297e+06	0
4.12307e+06	0
4.12317e+06	0
4.12327e+06	0
4.12337e+06	0
4.12347e+06	0
4.12357e+06	0
4.12367e+06	0
4.12377e+06	0
4.12387e+06	0
4.12397e+06	0
4.12407e+06	0
4.12417e+06	0
4.12427e+06	0
4.12437e+06	0
4.12447e+06	0
4.12457e+06	0
4.12467e+06	0
4.12477e+06	0
4.12487e+06	0
4.12497e+06	0
4.12507e+06	0
4.12517e+06	0
4.12527e+06	0
4.12537e+06	0
4.12547e+06	0
4.12557e+06	0
4.12567e+06	0
4.12577e+06	0
4.12587e+06	0
4.12597e+06	0
4.12607e+06	0
4.12617e+06	0
4.12627e+06	0
4.12637e+06	0
4.12647e+06	0
4.12657e+06	0
4.12667e+06	0
4.12677e+06	0
4.12687e+06	0
4.12697e+06	0
4.12707e+06	0
4.12717e+06	0
4.12727e+06	0
4.12737e+06	0
4.12747e+06	0
4.12757e+06	0
4.12767e+06	0
4.12777e+06	0
4.12787e+06	0
4.12797e+06	0
4.12807e+06	0
4.12817e+06	0
4.12827e+06	0
4.12837e+06	0
4.12847e+06	0
4.12857e+06	0
4.12867e+06	0
4.12877e+06	0
4.12887e+06	0
4.12897e+06	0
4.12907e+06	0
4.12917e+06	0
4.12927e+06	0
4.12937e+06	0
4.12947e+06	0
4.12957e+06	0
4.12967e+06	0
4.12977e+06	0
4.12987e+06	0
4.12997e+06	0
4.13007e+06	0
4.13017e+06	0
4.13027e+06	0
4.13037e+06	0
4.13047e+06	0
4.13057e+06	0
4.13067e+06	0
4.13077e+06	0
4.13087e+06	0
4.13097e+06	0
4.13107e+06	0
4.13117e+06	0
4.13127e+06	0
4.13137e+06	0
4.13147e+06	0
4.13157e+06	0
4.13167e+06	0
4.13177e+06	0
4.13187e+06	0
4.13197e+06	0
4.13207e+06	0
4.13217e+06	0
4.13227e+06	0
4.13237e+06	0
4.13247e+06	0
4.13257e+06	0
4.13267e+06	0
4.13277e+06	0
4.13287e+06	0
4.13297e+06	0
4.13307e+06	0
4.13317e+06	0
4.13327e+06	0
4.13337e+06	0
4.13347e+06	0
4.13357e+06	0
4.13367e+06	0
4.13377e+06	0
4.13387e+06	0
4.13397e+06	0
4.13407e+06	0
4.13417e+06	0
4.13427e+06	0
4.13437e+06	0
4.13447e+06	0
4.13457e+06	0
4.13467e+06	0
4.13477e+06	0
4.13487e+06	0
4.13497e+06	0
4.13507e+06	0
4.13517e+06	0
4.13527e+06	0
4.13537e+06	0
4.13547e+06	0
4.13557e+06	0
4.13567e+06	0
4.13577e+06	0
4.13587e+06	0
4.13597e+06	0
4.13607e+06	0
4.13617e+06	0
4.13627e+06	0
4.13637e+06	0
4.13647e+06	0
4.13657e+06	0
4.13667e+06	0
4.13677e+06	0
4.13687e+06	0
4.13697e+06	0
4.13707e+06	0
4.13717e+06	0
4.13727e+06	0
4.13737e+06	0
4.13747e+06	0
4.13757e+06	0
4.13767e+06	0
4.13777e+06	0
4.13787e+06	0
4.13797e+06	0
4.13807e+06	0
4.13817e+06	0
4.13827e+06	0
4.13837e+06	0
4.13847e+06	0
4.13857e+06	0
4.13867e+06	0
4.13877e+06	0
4.13887e+06	0
4.13897e+06	0
4.13907e+06	0
4.13917e+06	0
4.13927e+06	0
4.13937e+06	0
4.13947e+06	0
4.13957e+06	0
4.13967e+06	0
4.13977e+06	0
4.13987e+06	0
4.13997e+06	0
4.14007e+06	0
4.14017e+06	0
4.14027e+06	0
4.14037e+06	0
4.14047e+06	0
4.14057e+06	0
4.14067e+06	0
4.14077e+06	0
4.14087e+06	0
4.14097e+06	0
4.14107e+06	0
4.14117e+06	0
4.14127e+06	0
4.14137e+06	0
4.14147e+06	0
4.14157e+06	0
4.14167e+06	0
4.14177e+06	0
4.14187e+06	0
4.14197e+06	0
4.14207e+06	0
4.14217e+06	0
4.14227e+06	0
4.14237e+06	0
4.14247e+06	0
4.14257e+06	0
4.14267e+06	0
4.14277e+06	0
4.14287e+06	0
4.14297e+06	0
4.14307e+06	0
4.14317e+06	0
4.14327e+06	0
4.14337e+06	0
4.14347e+06	0
4.14357e+06	0
4.14367e+06	0
4.14377e+06	0
4.14387e+06	0
4.14397e+06	0
4.14407e+06	0
4.14417e+06	0
4.14427e+06	0
4.14437e+06	0
4.14447e+06	0
4.14457e+06	0
4.14467e+06	0
4.14477e+06	0
4.14487e+06	0
4.14497e+06	0
4.14507e+06	0
4.14517e+06	0
4.14527e+06	0
4.14537e+06	0
4.14547e+06	0
4.14557e+06	0
4.14567e+06	0
4.14577e+06	0
4.14587e+06	0
4.14597e+06	0
4.14607e+06	0
4.14617e+06	0
4.14627e+06	0
4.14637e+06	0
4.14647e+06	0
4.14657e+06	0
4.14667e+06	0
4.14677e+06	0
4.14687e+06	0
4.14697e+06	0
4.14707e+06	0
4.14717e+06	0
4.14727e+06	0
4.14737e+06	0
4.14747e+06	0
4.14757e+06	0
4.14767e+06	0
4.14777e+06	0
4.14787e+06	0
4.14797e+06	0
4.14807e+06	0
4.14817e+06	0
4.14827e+06	0
4.14837e+06	0
4.14847e+06	0
4.14857e+06	0
4.14867e+06	0
4.14877e+06	0
4.14887e+06	0
4.14897e+06	0
4.14907e+06	0
4.14917e+06	0
4.14927e+06	0
4.14937e+06	0
4.14947e+06	0
4.14957e+06	0
4.14967e+06	0
4.14977e+06	0
4.14987e+06	0
4.14997e+06	0
4.15007e+06	0
4.15017e+06	0
4.15027e+06	0
4.15037e+06	0
4.15047e+06	0
4.15057e+06	0
4.15067e+06	0
4.15077e+06	0
4.15087e+06	0
4.15097e+06	0
4.15107e+06	0
4.15117e+06	0
4.15127e+06	0
4.15137e+06	0
4.15147e+06	0
4.15157e+06	0
4.15167e+06	0
4.15177e+06	0
4.15187e+06	0
4.15197e+06	0
4.15207e+06	0
4.15217e+06	0
4.15227e+06	0
4.15237e+06	0
4.15247e+06	0
4.15257e+06	0
4.15267e+06	0
4.15277e+06	0
4.15287e+06	0
4.15297e+06	0
4.15307e+06	0
4.15317e+06	0
4.15327e+06	0
4.15337e+06	0
4.15347e+06	0
4.15357e+06	0
4.15367e+06	0
4.15377e+06	0
4.15387e+06	0
4.15397e+06	0
4.15407e+06	0
4.15417e+06	0
4.15427e+06	0
4.15437e+06	0
4.15447e+06	0
4.15457e+06	0
4.15467e+06	0
4.15477e+06	0
4.15487e+06	0
4.15497e+06	0
4.15507e+06	0
4.15517e+06	0
4.15527e+06	0
4.15537e+06	0
4.15547e+06	0
4.15557e+06	0
4.15567e+06	0
4.15577e+06	0
4.15587e+06	0
4.15597e+06	0
4.15607e+06	0
4.15617e+06	0
4.15627e+06	0
4.15637e+06	0
4.15647e+06	0
4.15657e+06	0
4.15667e+06	0
4.15677e+06	0
4.15687e+06	0
4.15697e+06	0
4.15707e+06	0
4.15717e+06	0
4.15727e+06	0
4.15737e+06	0
4.15747e+06	0
4.15757e+06	0
4.15767e+06	0
4.15777e+06	0
4.15787e+06	0
4.15797e+06	0
4.15807e+06	0
4.15817e+06	0
4.15827e+06	0
4.15837e+06	0
4.15847e+06	0
4.15857e+06	0
4.15867e+06	0
4.15877e+06	0
4.15887e+06	0
4.15897e+06	0
4.15907e+06	0
4.15917e+06	0
4.15927e+06	0
4.15937e+06	0
4.15947e+06	0
4.15957e+06	0
4.15967e+06	0
4.15977e+06	0
4.15987e+06	0
4.15997e+06	0
4.16007e+06	0
4.16017e+06	0
4.16027e+06	0
4.16037e+06	0
4.16047e+06	0
4.16057e+06	0
4.16067e+06	0
4.16077e+06	0
4.16087e+06	0
4.16097e+06	0
4.16107e+06	0
4.16117e+06	0
4.16127e+06	0
4.16137e+06	0
4.16147e+06	0
4.16157e+06	0
4.16167e+06	0
4.16177e+06	0
4.16187e+06	0
4.16197e+06	0
4.16207e+06	0
4.16217e+06	0
4.16227e+06	0
4.16237e+06	0
4.16247e+06	0
4.16257e+06	0
4.16267e+06	0
4.16277e+06	0
4.16287e+06	0
4.16297e+06	0
4.16307e+06	0
4.16317e+06	0
4.16327e+06	0
4.16337e+06	0
4.16347e+06	0
4.16357e+06	0
4.16367e+06	0
4.16377e+06	0
4.16387e+06	0
4.16397e+06	0
4.16407e+06	0
4.16417e+06	0
4.16427e+06	0
4.16437e+06	0
4.16447e+06	0
4.16457e+06	0
4.16467e+06	0
4.16477e+06	0
4.16487e+06	0
4.16497e+06	0
4.16507e+06	0
4.16517e+06	0
4.16527e+06	0
4.16537e+06	0
4.16547e+06	0
4.16557e+06	0
4.16567e+06	0
4.16577e+06	0
4.16587e+06	0
4.16597e+06	0
4.16607e+06	0
4.16617e+06	0
4.16627e+06	0
4.16637e+06	0
4.16647e+06	0
4.16657e+06	0
4.16667e+06	0
4.16677e+06	0
4.16687e+06	0
4.16697e+06	0
4.16707e+06	0
4.16717e+06	0
4.16727e+06	0
4.16737e+06	0
4.16747e+06	0
4.16757e+06	0
4.16767e+06	0
4.16777e+06	0
4.16787e+06	0
4.16797e+06	0
4.16807e+06	0
4.16817e+06	0
4.16827e+06	0
4.16837e+06	0
4.16847e+06	0
4.16857e+06	0
4.16867e+06	0
4.16877e+06	0
4.16887e+06	0
4.16897e+06	0
4.16907e+06	0
4.16917e+06	0
4.16927e+06	0
4.16937e+06	0
4.16947e+06	0
4.16957e+06	0
4.16967e+06	0
4.16977e+06	0
4.16987e+06	0
4.16997e+06	0
4.17007e+06	0
4.17017e+06	0
4.17027e+06	0
4.17037e+06	0
4.17047e+06	0
4.17057e+06	0
4.17067e+06	0
4.17077e+06	0
4.17087e+06	0
4.17097e+06	0
4.17107e+06	0
4.17117e+06	0
4.17127e+06	0
4.17137e+06	0
4.17147e+06	0
4.17157e+06	0
4.17167e+06	0
4.17177e+06	0
4.17187e+06	0
4.17197e+06	0
4.17207e+06	0
4.17217e+06	0
4.17227e+06	0
4.17237e+06	0
4.17247e+06	0
4.17257e+06	0
4.17267e+06	0
4.17277e+06	0
4.17287e+06	0
4.17297e+06	0
4.17307e+06	0
4.17317e+06	0
4.17327e+06	0
4.17337e+06	0
4.17347e+06	0
4.17357e+06	0
4.17367e+06	0
4.17377e+06	0
4.17387e+06	0
4.17397e+06	0
4.17407e+06	0
4.17417e+06	0
4.17427e+06	0
4.17437e+06	0
4.17447e+06	0
4.17457e+06	0
4.17467e+06	0
4.17477e+06	0
4.17487e+06	0
4.17497e+06	0
4.17507e+06	0
4.17517e+06	0
4.17527e+06	0
4.17537e+06	0
4.17547e+06	0
4.17557e+06	0
4.17567e+06	0
4.17577e+06	0
4.17587e+06	0
4.17597e+06	0
4.17607e+06	0
4.17617e+06	0
4.17627e+06	0
4.17637e+06	0
4.17647e+06	0
4.17657e+06	0
4.17667e+06	0
4.17677e+06	0
4.17687e+06	0
4.17697e+06	0
4.17707e+06	0
4.17717e+06	0
4.17727e+06	0
4.17737e+06	0
4.17747e+06	0
4.17757e+06	0
4.17767e+06	0
4.17777e+06	0
4.17787e+06	0
4.17797e+06	0
4.17807e+06	0
4.17817e+06	0
4.17827e+06	0
4.17837e+06	0
4.17847e+06	0
4.17857e+06	0
4.17867e+06	0
4.17877e+06	0
4.17887e+06	0
4.17897e+06	0
4.17907e+06	0
4.17917e+06	0
4.17927e+06	0
4.17937e+06	0
4.17947e+06	0
4.17957e+06	0
4.17967e+06	0
4.17977e+06	0
4.17987e+06	0
4.17997e+06	0
4.18007e+06	0
4.18017e+06	0
4.18027e+06	0
4.18037e+06	0
4.18047e+06	0
4.18057e+06	0
4.18067e+06	0
4.18077e+06	0
4.18087e+06	0
4.18097e+06	0
4.18107e+06	0
4.18117e+06	0
4.18127e+06	0
4.18137e+06	0
4.18147e+06	0
4.18157e+06	0
4.18167e+06	0
4.18177e+06	0
4.18187e+06	0
4.18197e+06	0
4.18207e+06	0
4.18217e+06	0
4.18227e+06	0
4.18237e+06	0
4.18247e+06	0
4.18257e+06	0
4.18267e+06	0
4.18277e+06	0
4.18287e+06	0
4.18297e+06	0
4.18307e+06	0
4.18317e+06	0
4.18327e+06	0
4.18337e+06	0
4.18347e+06	0
4.18357e+06	0
4.18367e+06	0
4.18377e+06	0
4.18387e+06	0
4.18397e+06	0
4.18407e+06	0
4.18417e+06	0
4.18427e+06	0
4.18437e+06	0
4.18447e+06	0
4.18457e+06	0
4.18467e+06	0
4.18477e+06	0
4.18487e+06	0
4.18497e+06	0
4.18507e+06	0
4.18517e+06	0
4.18527e+06	0
4.18537e+06	0
4.18547e+06	0
4.18557e+06	0
4.18567e+06	0
4.18577e+06	0
4.18587e+06	0
4.18597e+06	0
4.18607e+06	0
4.18617e+06	0
4.18627e+06	0
4.18637e+06	0
4.18647e+06	0
4.18657e+06	0
4.18667e+06	0
4.18677e+06	0
4.18687e+06	0
4.18697e+06	0
4.18707e+06	0
4.18717e+06	0
4.18727e+06	0
4.18737e+06	0
4.18747e+06	0
4.18757e+06	0
4.18767e+06	0
4.18777e+06	0
4.18787e+06	0
4.18797e+06	0
4.18807e+06	0
4.18817e+06	0
4.18827e+06	0
4.18837e+06	0
4.18847e+06	0
4.18857e+06	0
4.18867e+06	0
4.18877e+06	0
4.18887e+06	0
4.18897e+06	0
4.18907e+06	0
4.18917e+06	0
4.18927e+06	0
4.18937e+06	0
4.18947e+06	0
4.18957e+06	0
4.18967e+06	0
4.18977e+06	0
4.18987e+06	0
4.18997e+06	0
4.19007e+06	0
4.19017e+06	0
4.19027e+06	0
4.19037e+06	0
4.19047e+06	0
4.19057e+06	0
4.19067e+06	0
4.19077e+06	0
4.19087e+06	0
4.19097e+06	0
4.19107e+06	0
4.19117e+06	0
4.19127e+06	0
4.19137e+06	0
4.19147e+06	0
4.19157e+06	0
4.19167e+06	0
4.19177e+06	0
4.19187e+06	0
4.19197e+06	0
4.19207e+06	0
4.19217e+06	0
4.19227e+06	0
4.19237e+06	0
4.19247e+06	0
4.19257e+06	0
4.19267e+06	0
4.19277e+06	0
4.19287e+06	0
4.19297e+06	0
4.19307e+06	0
4.19317e+06	0
4.19327e+06	0
4.19337e+06	0
4.19347e+06	0
4.19357e+06	0
4.19367e+06	0
4.19377e+06	0
4.19387e+06	0
4.19397e+06	0
4.19407e+06	0
4.19417e+06	0
4.19427e+06	0
4.19437e+06	0
4.19447e+06	0
4.19457e+06	0
4.19467e+06	0
4.19477e+06	0
4.19487e+06	0
4.19497e+06	0
4.19507e+06	0
4.19517e+06	0
4.19527e+06	0
4.19537e+06	0
4.19547e+06	0
4.19557e+06	0
4.19567e+06	0
4.19577e+06	0
4.19587e+06	0
4.19597e+06	0
4.19607e+06	0
4.19617e+06	0
4.19627e+06	0
4.19637e+06	0
4.19647e+06	0
4.19657e+06	0
4.19667e+06	0
4.19677e+06	0
4.19687e+06	0
4.19697e+06	0
4.19707e+06	0
4.19717e+06	0
4.19727e+06	0
4.19737e+06	0
4.19747e+06	0
4.19757e+06	0
4.19767e+06	0
4.19777e+06	0
4.19787e+06	0
4.19797e+06	0
4.19807e+06	0
4.19817e+06	0
4.19827e+06	0
4.19837e+06	0
4.19847e+06	0
4.19857e+06	0
4.19867e+06	0
4.19877e+06	0
4.19887e+06	0
4.19897e+06	0
4.19907e+06	0
4.19917e+06	0
4.19927e+06	0
4.19937e+06	0
4.19947e+06	0
4.19957e+06	0
4.19967e+06	0
4.19977e+06	0
4.19987e+06	0
4.19997e+06	0
4.20007e+06	0
4.20017e+06	0
4.20027e+06	0
4.20037e+06	0
4.20047e+06	0
4.20057e+06	0
4.20067e+06	0
4.20077e+06	0
4.20087e+06	0
4.20097e+06	0
4.20107e+06	0
4.20117e+06	0
4.20127e+06	0
4.20137e+06	0
4.20147e+06	0
4.20157e+06	0
4.20167e+06	0
4.20177e+06	0
4.20187e+06	0
4.20197e+06	0
4.20207e+06	0
4.20217e+06	0
4.20227e+06	0
4.20237e+06	0
4.20247e+06	0
4.20257e+06	0
4.20267e+06	0
4.20277e+06	0
4.20287e+06	0
4.20297e+06	0
4.20307e+06	0
4.20317e+06	0
4.20327e+06	0
4.20337e+06	0
4.20347e+06	0
4.20357e+06	0
4.20367e+06	0
4.20377e+06	0
4.20387e+06	0
4.20397e+06	0
4.20407e+06	0
4.20417e+06	0
4.20427e+06	0
4.20437e+06	0
4.20447e+06	0
4.20457e+06	0
4.20467e+06	0
4.20477e+06	0
4.20487e+06	0
4.20497e+06	0
4.20507e+06	0
4.20517e+06	0
4.20527e+06	0
4.20537e+06	0
4.20547e+06	0
4.20557e+06	0
4.20567e+06	0
4.20577e+06	0
4.20587e+06	0
4.20597e+06	0
4.20607e+06	0
4.20617e+06	0
4.20627e+06	0
4.20637e+06	0
4.20647e+06	0
4.20657e+06	0
4.20667e+06	0
4.20677e+06	0
4.20687e+06	0
4.20697e+06	0
4.20707e+06	0
4.20717e+06	0
4.20727e+06	0
4.20737e+06	0
4.20747e+06	0
4.20757e+06	0
4.20767e+06	0
4.20777e+06	0
4.20787e+06	0
4.20797e+06	0
4.20807e+06	0
4.20817e+06	0
4.20827e+06	0
4.20837e+06	0
4.20847e+06	0
4.20857e+06	0
4.20867e+06	0
4.20877e+06	0
4.20887e+06	0
4.20897e+06	0
4.20907e+06	0
4.20917e+06	0
4.20927e+06	0
4.20937e+06	0
4.20947e+06	0
4.20957e+06	0
4.20967e+06	0
4.20977e+06	0
4.20987e+06	0
4.20997e+06	0
4.21007e+06	0
4.21017e+06	0
4.21027e+06	0
4.21037e+06	0
4.21047e+06	0
4.21057e+06	0
4.21067e+06	0
4.21077e+06	0
4.21087e+06	0
4.21097e+06	0
4.21107e+06	0
4.21117e+06	0
4.21127e+06	0
4.21137e+06	0
4.21147e+06	0
4.21157e+06	0
4.21167e+06	0
4.21177e+06	0
4.21187e+06	0
4.21197e+06	0
4.21207e+06	0
4.21217e+06	0
4.21227e+06	0
4.21237e+06	0
4.21247e+06	0
4.21257e+06	0
4.21267e+06	0
4.21277e+06	0
4.21287e+06	0
4.21297e+06	0
4.21307e+06	0
4.21317e+06	0
4.21327e+06	0
4.21337e+06	0
4.21347e+06	0
4.21357e+06	0
4.21367e+06	0
4.21377e+06	0
4.21387e+06	0
4.21397e+06	0
4.21407e+06	0
4.21417e+06	0
4.21427e+06	0
4.21437e+06	0
4.21447e+06	0
4.21457e+06	0
4.21467e+06	0
4.21477e+06	0
4.21487e+06	0
4.21497e+06	0
4.21507e+06	0
4.21517e+06	0
4.21527e+06	0
4.21537e+06	0
4.21547e+06	0
4.21557e+06	0
4.21567e+06	0
4.21577e+06	0
4.21587e+06	0
4.21597e+06	0
4.21607e+06	0
4.21617e+06	0
4.21627e+06	0
4.21637e+06	0
4.21647e+06	0
4.21657e+06	0
4.21667e+06	0
4.21677e+06	0
4.21687e+06	0
4.21697e+06	0
4.21707e+06	0
4.21717e+06	0
4.21727e+06	0
4.21737e+06	0
4.21747e+06	0
4.21757e+06	0
4.21767e+06	0
4.21777e+06	0
4.21787e+06	0
4.21797e+06	0
4.21807e+06	0
4.21817e+06	0
4.21827e+06	0
4.21837e+06	0
4.21847e+06	0
4.21857e+06	0
4.21867e+06	0
4.21877e+06	0
4.21887e+06	0
4.21897e+06	0
4.21907e+06	0
4.21917e+06	0
4.21927e+06	0
4.21937e+06	0
4.21947e+06	0
4.21957e+06	0
4.21967e+06	0
4.21977e+06	0
4.21987e+06	0
4.21997e+06	0
4.22007e+06	0
4.22017e+06	0
4.22027e+06	0
4.22037e+06	0
4.22047e+06	0
4.22057e+06	0
4.22067e+06	0
4.22077e+06	0
4.22087e+06	0
4.22097e+06	0
4.22107e+06	0
4.22117e+06	0
4.22127e+06	0
4.22137e+06	0
4.22147e+06	0
4.22157e+06	0
4.22167e+06	0
4.22177e+06	0
4.22187e+06	0
4.22197e+06	0
4.22207e+06	0
4.22217e+06	0
4.22227e+06	0
4.22237e+06	0
4.22247e+06	0
4.22257e+06	0
4.22267e+06	0
4.22277e+06	0
4.22287e+06	0
4.22297e+06	0
4.22307e+06	0
4.22317e+06	0
4.22327e+06	0
4.22337e+06	0
4.22347e+06	0
4.22357e+06	0
4.22367e+06	0
4.22377e+06	0
4.22387e+06	0
4.22397e+06	0
4.22407e+06	0
4.22417e+06	0
4.22427e+06	0
4.22437e+06	0
4.22447e+06	0
4.22457e+06	0
4.22467e+06	0
4.22477e+06	0
4.22487e+06	0
4.22497e+06	0
4.22507e+06	0
4.22517e+06	0
4.22527e+06	0
4.22537e+06	0
4.22547e+06	0
4.22557e+06	0
4.22567e+06	0
4.22577e+06	0
4.22587e+06	0
4.22597e+06	0
4.22607e+06	0
4.22617e+06	0
4.22627e+06	0
4.22637e+06	0
4.22647e+06	0
4.22657e+06	0
4.22667e+06	0
4.22677e+06	0
4.22687e+06	0
4.22697e+06	0
4.22707e+06	0
4.22717e+06	0
4.22727e+06	0
4.22737e+06	0
4.22747e+06	0
4.22757e+06	0
4.22767e+06	0
4.22777e+06	0
4.22787e+06	0
4.22797e+06	0
4.22807e+06	0
4.22817e+06	0
4.22827e+06	0
4.22837e+06	0
4.22847e+06	0
4.22857e+06	0
4.22867e+06	0
4.22877e+06	0
4.22887e+06	0
4.22897e+06	0
4.22907e+06	0
4.22917e+06	0
4.22927e+06	0
4.22937e+06	0
4.22947e+06	0
4.22957e+06	0
4.22967e+06	0
4.22977e+06	0
4.22987e+06	0
4.22997e+06	0
4.23007e+06	0
4.23017e+06	0
4.23027e+06	0
4.23037e+06	0
4.23047e+06	0
4.23057e+06	0
4.23067e+06	0
4.23077e+06	0
4.23087e+06	0
4.23097e+06	0
4.23107e+06	0
4.23117e+06	0
4.23127e+06	0
4.23137e+06	0
4.23147e+06	0
4.23157e+06	0
4.23167e+06	0
4.23177e+06	0
4.23187e+06	0
4.23197e+06	0
4.23207e+06	0
4.23217e+06	0
4.23227e+06	0
4.23237e+06	0
4.23247e+06	0
4.23257e+06	0
4.23267e+06	0
4.23277e+06	0
4.23287e+06	0
4.23297e+06	0
4.23307e+06	0
4.23317e+06	0
4.23327e+06	0
4.23337e+06	0
4.23347e+06	0
4.23357e+06	0
4.23367e+06	0
4.23377e+06	0
4.23387e+06	0
4.23397e+06	0
4.23407e+06	0
4.23417e+06	0
4.23427e+06	0
4.23437e+06	0
4.23447e+06	0
4.23457e+06	0
4.23467e+06	0
4.23477e+06	0
4.23487e+06	0
4.23497e+06	0
4.23507e+06	0
4.23517e+06	0
4.23527e+06	0
4.23537e+06	0
4.23547e+06	0
4.23557e+06	0
4.23567e+06	0
4.23577e+06	0
4.23587e+06	0
4.23597e+06	0
4.23607e+06	0
4.23617e+06	0
4.23627e+06	0
4.23637e+06	0
4.23647e+06	0
4.23657e+06	0
4.23667e+06	0
4.23677e+06	0
4.23687e+06	0
4.23697e+06	0
4.23707e+06	0
4.23717e+06	0
4.23727e+06	0
4.23737e+06	0
4.23747e+06	0
4.23757e+06	0
4.23767e+06	0
4.23777e+06	0
4.23787e+06	0
4.23797e+06	0
4.23807e+06	0
4.23817e+06	0
4.23827e+06	0
4.23837e+06	0
4.23847e+06	0
4.23857e+06	0
4.23867e+06	0
4.23877e+06	0
4.23887e+06	0
4.23897e+06	0
4.23907e+06	0
4.23917e+06	0
4.23927e+06	0
4.23937e+06	0
4.23947e+06	0
4.23957e+06	0
4.23967e+06	0
4.23977e+06	0
4.23987e+06	0
4.23997e+06	0
4.24007e+06	0
4.24017e+06	0
4.24027e+06	0
4.24037e+06	0
4.24047e+06	0
4.24057e+06	0
4.24067e+06	0
4.24077e+06	0
4.24087e+06	0
4.24097e+06	0
4.24107e+06	0
4.24117e+06	0
4.24127e+06	0
4.24137e+06	0
4.24147e+06	0
4.24157e+06	0
4.24167e+06	0
4.24177e+06	0
4.24187e+06	0
4.24197e+06	0
4.24207e+06	0
4.24217e+06	0
4.24227e+06	0
4.24237e+06	0
4.24247e+06	0
4.24257e+06	0
4.24267e+06	0
4.24277e+06	0
4.24287e+06	0
4.24297e+06	0
4.24307e+06	0
4.24317e+06	0
4.24327e+06	0
4.24337e+06	0
4.24347e+06	0
4.24357e+06	0
4.24367e+06	0
4.24377e+06	0
4.24387e+06	0
4.24397e+06	0
4.24407e+06	0
4.24417e+06	0
4.24427e+06	0
4.24437e+06	0
4.24447e+06	0
4.24457e+06	0
4.24467e+06	0
4.24477e+06	0
4.24487e+06	0
4.24497e+06	0
4.24507e+06	0
4.24517e+06	0
4.24527e+06	0
4.24537e+06	0
4.24547e+06	0
4.24557e+06	0
4.24567e+06	0
4.24577e+06	0
4.24587e+06	0
4.24597e+06	0
4.24607e+06	0
4.24617e+06	0
4.24627e+06	0
4.24637e+06	0
4.24647e+06	0
4.24657e+06	0
4.24667e+06	0
4.24677e+06	0
4.24687e+06	0
4.24697e+06	0
4.24707e+06	0
4.24717e+06	0
4.24727e+06	0
4.24737e+06	0
4.24747e+06	0
4.24757e+06	0
4.24767e+06	0
4.24777e+06	0
4.24787e+06	0
4.24797e+06	0
4.24807e+06	0
4.24817e+06	0
4.24827e+06	0
4.24837e+06	0
4.24847e+06	0
4.24857e+06	0
4.24867e+06	0
4.24877e+06	0
4.24887e+06	0
4.24897e+06	0
4.24907e+06	0
4.24917e+06	0
4.24927e+06	0
4.24937e+06	0
4.24947e+06	0
4.24957e+06	0
4.24967e+06	0
4.24977e+06	0
4.24987e+06	0
4.24997e+06	0
4.25007e+06	0
4.25017e+06	0
4.25027e+06	0
4.25037e+06	0
4.25047e+06	0
4.25057e+06	0
4.25067e+06	0
4.25077e+06	0
4.25087e+06	0
4.25097e+06	0
4.25107e+06	0
4.25117e+06	0
4.25127e+06	0
4.25137e+06	0
4.25147e+06	0
4.25157e+06	0
4.25167e+06	0
4.25177e+06	0
4.25187e+06	0
4.25197e+06	0
4.25207e+06	0
4.25217e+06	0
4.25227e+06	0
4.25237e+06	0
4.25247e+06	0
4.25257e+06	0
4.25267e+06	0
4.25277e+06	0
4.25287e+06	0
4.25297e+06	0
4.25307e+06	0
4.25317e+06	0
4.25327e+06	0
4.25337e+06	0
4.25347e+06	0
4.25357e+06	0
4.25367e+06	0
4.25377e+06	0
4.25387e+06	0
4.25397e+06	0
4.25407e+06	0
4.25417e+06	0
4.25427e+06	0
4.25437e+06	0
4.25447e+06	0
4.25457e+06	0
4.25467e+06	0
4.25477e+06	0
4.25487e+06	0
4.25497e+06	0
4.25507e+06	0
4.25517e+06	0
4.25527e+06	0
4.25537e+06	0
4.25547e+06	0
4.25557e+06	0
4.25567e+06	0
4.25577e+06	0
4.25587e+06	0
4.25597e+06	0
4.25607e+06	0
4.25617e+06	0
4.25627e+06	0
4.25637e+06	0
4.25647e+06	0
4.25657e+06	0
4.25667e+06	0
4.25677e+06	0
4.25687e+06	0
4.25697e+06	0
4.25707e+06	0
4.25717e+06	0
4.25727e+06	0
4.25737e+06	0
4.25747e+06	0
4.25757e+06	0
4.25767e+06	0
4.25777e+06	0
4.25787e+06	0
4.25797e+06	0
4.25807e+06	0
4.25817e+06	0
4.25827e+06	0
4.25837e+06	0
4.25847e+06	0
4.25857e+06	0
4.25867e+06	0
4.25877e+06	0
4.25887e+06	0
4.25897e+06	0
4.25907e+06	0
4.25917e+06	0
4.25927e+06	0
4.25937e+06	0
4.25947e+06	0
4.25957e+06	0
4.25967e+06	0
4.25977e+06	0
4.25987e+06	0
4.25997e+06	0
4.26007e+06	0
4.26017e+06	0
4.26027e+06	0
4.26037e+06	0
4.26047e+06	0
4.26057e+06	0
4.26067e+06	0
4.26077e+06	0
4.26087e+06	0
4.26097e+06	0
4.26107e+06	0
4.26117e+06	0
4.26127e+06	0
4.26137e+06	0
4.26147e+06	0
4.26157e+06	0
4.26167e+06	0
4.26177e+06	0
4.26187e+06	0
4.26197e+06	0
4.26207e+06	0
4.26217e+06	0
4.26227e+06	0
4.26237e+06	0
4.26247e+06	0
4.26257e+06	0
4.26267e+06	0
4.26277e+06	0
4.26287e+06	0
4.26297e+06	0
4.26307e+06	0
4.26317e+06	0
4.26327e+06	0
4.26337e+06	0
4.26347e+06	0
4.26357e+06	0
4.26367e+06	0
4.26377e+06	0
4.26387e+06	0
4.26397e+06	0
4.26407e+06	0
4.26417e+06	0
4.26427e+06	0
4.26437e+06	0
4.26447e+06	0
4.26457e+06	0
4.26467e+06	0
4.26477e+06	0
4.26487e+06	0
4.26497e+06	0
4.26507e+06	0
4.26517e+06	0
4.26527e+06	0
4.26537e+06	0
4.26547e+06	0
4.26557e+06	0
4.26567e+06	0
4.26577e+06	0
4.26587e+06	0
4.26597e+06	0
4.26607e+06	0
4.26617e+06	0
4.26627e+06	0
4.26637e+06	0
4.26647e+06	0
4.26657e+06	0
4.26667e+06	0
4.26677e+06	0
4.26687e+06	0
4.26697e+06	0
4.26707e+06	0
4.26717e+06	0
4.26727e+06	0
4.26737e+06	0
4.26747e+06	0
4.26757e+06	0
4.26767e+06	0
4.26777e+06	0
4.26787e+06	0
4.26797e+06	0
4.26807e+06	0
4.26817e+06	0
4.26827e+06	0
4.26837e+06	0
4.26847e+06	0
4.26857e+06	0
4.26867e+06	0
4.26877e+06	0
4.26887e+06	0
4.26897e+06	0
4.26907e+06	0
4.26917e+06	0
4.26927e+06	0
4.26937e+06	0
4.26947e+06	0
4.26957e+06	0
4.26967e+06	0
4.26977e+06	0
4.26987e+06	0
4.26997e+06	0
4.27007e+06	0
4.27017e+06	0
4.27027e+06	0
4.27037e+06	0
4.27047e+06	0
4.27057e+06	0
4.27067e+06	0
4.27077e+06	0
4.27087e+06	0
4.27097e+06	0
4.27107e+06	0
4.27117e+06	0
4.27127e+06	0
4.27137e+06	0
4.27147e+06	0
4.27157e+06	0
4.27167e+06	0
4.27177e+06	0
4.27187e+06	0
4.27197e+06	0
4.27207e+06	0
4.27217e+06	0
4.27227e+06	0
4.27237e+06	0
4.27247e+06	0
4.27257e+06	0
4.27267e+06	0
4.27277e+06	0
4.27287e+06	0
4.27297e+06	0
4.27307e+06	0
4.27317e+06	0
4.27327e+06	0
4.27337e+06	0
4.27347e+06	0
4.27357e+06	0
4.27367e+06	0
4.27377e+06	0
4.27387e+06	0
4.27397e+06	0
4.27407e+06	0
4.27417e+06	0
4.27427e+06	0
4.27437e+06	0
4.27447e+06	0
4.27457e+06	0
4.27467e+06	0
4.27477e+06	0
4.27487e+06	0
4.27497e+06	0
4.27507e+06	0
4.27517e+06	0
4.27527e+06	0
4.27537e+06	0
4.27547e+06	0
4.27557e+06	0
4.27567e+06	0
4.27577e+06	0
4.27587e+06	0
4.27597e+06	0
4.27607e+06	0
4.27617e+06	0
4.27627e+06	0
4.27637e+06	0
4.27647e+06	0
4.27657e+06	0
4.27667e+06	0
4.27677e+06	0
4.27687e+06	0
4.27697e+06	0
4.27707e+06	0
4.27717e+06	0
4.27727e+06	0
4.27737e+06	0
4.27747e+06	0
4.27757e+06	0
4.27767e+06	0
4.27777e+06	0
4.27787e+06	0
4.27797e+06	0
4.27807e+06	0
4.27817e+06	0
4.27827e+06	0
4.27837e+06	0
4.27847e+06	0
4.27857e+06	0
4.27867e+06	0
4.27877e+06	0
4.27887e+06	0
4.27897e+06	0
4.27907e+06	0
4.27917e+06	0
4.27927e+06	0
4.27937e+06	0
4.27947e+06	0
4.27957e+06	0
4.27967e+06	0
4.27977e+06	0
4.27987e+06	0
4.27997e+06	0
4.28007e+06	0
4.28017e+06	0
4.28027e+06	0
4.28037e+06	0
4.28047e+06	0
4.28057e+06	0
4.28067e+06	0
4.28077e+06	0
4.28087e+06	0
4.28097e+06	0
4.28107e+06	0
4.28117e+06	0
4.28127e+06	0
4.28137e+06	0
4.28147e+06	0
4.28157e+06	0
4.28167e+06	0
4.28177e+06	0
4.28187e+06	0
4.28197e+06	0
4.28207e+06	0
4.28217e+06	0
4.28227e+06	0
4.28237e+06	0
4.28247e+06	0
4.28257e+06	0
4.28267e+06	0
4.28277e+06	0
4.28287e+06	0
4.28297e+06	0
4.28307e+06	0
4.28317e+06	0
4.28327e+06	0
4.28337e+06	0
4.28347e+06	0
4.28357e+06	0
4.28367e+06	0
4.28377e+06	0
4.28387e+06	0
4.28397e+06	0
4.28407e+06	0
4.28417e+06	0
4.28427e+06	0
4.28437e+06	0
4.28447e+06	0
4.28457e+06	0
4.28467e+06	0
4.28477e+06	0
4.28487e+06	0
4.28497e+06	0
4.28507e+06	0
4.28517e+06	0
4.28527e+06	0
4.28537e+06	0
4.28547e+06	0
4.28557e+06	0
4.28567e+06	0
4.28577e+06	0
4.28587e+06	0
4.28597e+06	0
4.28607e+06	0
4.28617e+06	0
4.28627e+06	0
4.28637e+06	0
4.28647e+06	0
4.28657e+06	0
4.28667e+06	0
4.28677e+06	0
4.28687e+06	0
4.28697e+06	0
4.28707e+06	0
4.28717e+06	0
4.28727e+06	0
4.28737e+06	0
4.28747e+06	0
4.28757e+06	0
4.28767e+06	0
4.28777e+06	0
4.28787e+06	0
4.28797e+06	0
4.28807e+06	0
4.28817e+06	0
4.28827e+06	0
4.28837e+06	0
4.28847e+06	0
4.28857e+06	0
4.28867e+06	0
4.28877e+06	0
4.28887e+06	0
4.28897e+06	0
4.28907e+06	0
4.28917e+06	0
4.28927e+06	0
4.28937e+06	0
4.28947e+06	0
4.28957e+06	0
4.28967e+06	0
4.28977e+06	0
4.28987e+06	0
4.28997e+06	0
4.29007e+06	0
4.29017e+06	0
4.29027e+06	0
4.29037e+06	0
4.29047e+06	0
4.29057e+06	0
4.29067e+06	0
4.29077e+06	0
4.29087e+06	0
4.29097e+06	0
4.29107e+06	0
4.29117e+06	0
4.29127e+06	0
4.29137e+06	0
4.29147e+06	0
4.29157e+06	0
4.29167e+06	0
4.29177e+06	0
4.29187e+06	0
4.29197e+06	0
4.29207e+06	0
4.29217e+06	0
4.29227e+06	0
4.29237e+06	0
4.29247e+06	0
4.29257e+06	0
4.29267e+06	0
4.29277e+06	0
4.29287e+06	0
4.29297e+06	0
4.29307e+06	0
4.29317e+06	0
4.29327e+06	0
4.29337e+06	0
4.29347e+06	0
4.29357e+06	0
4.29367e+06	0
4.29377e+06	0
4.29387e+06	0
4.29397e+06	0
4.29407e+06	0
4.29417e+06	0
4.29427e+06	0
4.29437e+06	0
4.29447e+06	0
4.29457e+06	0
4.29467e+06	0
4.29477e+06	0
4.29487e+06	0
4.29497e+06	0
4.29507e+06	0
4.29517e+06	0
4.29527e+06	0
4.29537e+06	0
4.29547e+06	0
4.29557e+06	0
4.29567e+06	0
4.29577e+06	0
4.29587e+06	0
4.29597e+06	0
4.29607e+06	0
4.29617e+06	0
4.29627e+06	0
4.29637e+06	0
4.29647e+06	0
4.29657e+06	0
4.29667e+06	0
4.29677e+06	0
4.29687e+06	0
4.29697e+06	0
4.29707e+06	0
4.29717e+06	0
4.29727e+06	0
4.29737e+06	0
4.29747e+06	0
4.29757e+06	0
4.29767e+06	0
4.29777e+06	0
4.29787e+06	0
4.29797e+06	0
4.29807e+06	0
4.29817e+06	0
4.29827e+06	0
4.29837e+06	0
4.29847e+06	0
4.29857e+06	0
4.29867e+06	0
4.29877e+06	0
4.29887e+06	0
4.29897e+06	0
4.29907e+06	0
4.29917e+06	0
4.29927e+06	0
4.29937e+06	0
4.29947e+06	0
4.29957e+06	0
4.29967e+06	0
4.29977e+06	0
4.29987e+06	0
4.29997e+06	0
4.30007e+06	0
4.30017e+06	0
4.30027e+06	0
4.30037e+06	0
4.30047e+06	0
4.30057e+06	0
4.30067e+06	0
4.30077e+06	0
4.30087e+06	0
4.30097e+06	0
4.30107e+06	0
4.30117e+06	0
4.30127e+06	0
4.30137e+06	0
4.30147e+06	0
4.30157e+06	0
4.30167e+06	0
4.30177e+06	0
4.30187e+06	0
4.30197e+06	0
4.30207e+06	0
4.30217e+06	0
4.30227e+06	0
4.30237e+06	0
4.30247e+06	0
4.30257e+06	0
4.30267e+06	0
4.30277e+06	0
4.30287e+06	0
4.30297e+06	0
4.30307e+06	0
4.30317e+06	0
4.30327e+06	0
4.30337e+06	0
4.30347e+06	0
4.30357e+06	0
4.30367e+06	0
4.30377e+06	0
4.30387e+06	0
4.30397e+06	0
4.30407e+06	0
4.30417e+06	0
4.30427e+06	0
4.30437e+06	0
4.30447e+06	0
4.30457e+06	0
4.30467e+06	0
4.30477e+06	0
4.30487e+06	0
4.30497e+06	0
4.30507e+06	0
4.30517e+06	0
4.30527e+06	0
4.30537e+06	0
4.30547e+06	0
4.30557e+06	0
4.30567e+06	0
4.30577e+06	0
4.30587e+06	0
4.30597e+06	0
4.30607e+06	0
4.30617e+06	0
4.30627e+06	0
4.30637e+06	0
4.30647e+06	0
4.30657e+06	0
4.30667e+06	0
4.30677e+06	0
4.30687e+06	0
4.30697e+06	0
4.30707e+06	0
4.30717e+06	0
4.30727e+06	0
4.30737e+06	0
4.30747e+06	0
4.30757e+06	0
4.30767e+06	0
4.30777e+06	0
4.30787e+06	0
4.30797e+06	0
4.30807e+06	0
4.30817e+06	0
4.30827e+06	0
4.30837e+06	0
4.30847e+06	0
4.30857e+06	0
4.30867e+06	0
4.30877e+06	0
4.30887e+06	0
4.30897e+06	0
4.30907e+06	0
4.30917e+06	0
4.30927e+06	0
4.30937e+06	0
4.30947e+06	0
4.30957e+06	0
4.30967e+06	0
4.30977e+06	0
4.30987e+06	0
4.30997e+06	0
4.31007e+06	0
4.31017e+06	0
4.31027e+06	0
4.31037e+06	0
4.31047e+06	0
4.31057e+06	0
4.31067e+06	0
4.31077e+06	0
4.31087e+06	0
4.31097e+06	0
4.31107e+06	0
4.31117e+06	0
4.31127e+06	0
4.31137e+06	0
4.31147e+06	0
4.31157e+06	0
4.31167e+06	0
4.31177e+06	0
4.31187e+06	0
4.31197e+06	0
4.31207e+06	0
4.31217e+06	0
4.31227e+06	0
4.31237e+06	0
4.31247e+06	0
4.31257e+06	0
4.31267e+06	0
4.31277e+06	0
4.31287e+06	0
4.31297e+06	0
4.31307e+06	0
4.31317e+06	0
4.31327e+06	0
4.31337e+06	0
4.31347e+06	0
4.31357e+06	0
4.31367e+06	0
4.31377e+06	0
4.31387e+06	0
4.31397e+06	0
4.31407e+06	0
4.31417e+06	0
4.31427e+06	0
4.31437e+06	0
4.31447e+06	0
4.31457e+06	0
4.31467e+06	0
4.31477e+06	0
4.31487e+06	0
4.31497e+06	0
4.31507e+06	0
4.31517e+06	0
4.31527e+06	0
4.31537e+06	0
4.31547e+06	0
4.31557e+06	0
4.31567e+06	0
4.31577e+06	0
4.31587e+06	0
4.31597e+06	0
4.31607e+06	0
4.31617e+06	0
4.31627e+06	0
4.31637e+06	0
4.31647e+06	0
4.31657e+06	0
4.31667e+06	0
4.31677e+06	0
4.31687e+06	0
4.31697e+06	0
4.31707e+06	0
4.31717e+06	0
4.31727e+06	0
4.31737e+06	0
4.31747e+06	0
4.31757e+06	0
4.31767e+06	0
4.31777e+06	0
4.31787e+06	0
4.31797e+06	0
4.31807e+06	0
4.31817e+06	0
4.31827e+06	0
4.31837e+06	0
4.31847e+06	0
4.31857e+06	0
4.31867e+06	0
4.31877e+06	0
4.31887e+06	0
4.31897e+06	0
4.31907e+06	0
4.31917e+06	0
4.31927e+06	0
4.31937e+06	0
4.31947e+06	0
4.31957e+06	0
4.31967e+06	0
4.31977e+06	0
4.31987e+06	0
4.31997e+06	0
4.32007e+06	0
4.32017e+06	0
4.32027e+06	0
4.32037e+06	0
4.32047e+06	0
4.32057e+06	0
4.32067e+06	0
4.32077e+06	0
4.32087e+06	0
4.32097e+06	0
4.32107e+06	0
4.32117e+06	0
4.32127e+06	0
4.32137e+06	0
4.32147e+06	0
4.32157e+06	0
4.32167e+06	0
4.32177e+06	0
4.32187e+06	0
4.32197e+06	0
4.32207e+06	0
4.32217e+06	0
4.32227e+06	0
4.32237e+06	0
4.32247e+06	0
4.32257e+06	0
4.32267e+06	0
4.32277e+06	0
4.32287e+06	0
4.32297e+06	0
4.32307e+06	0
4.32317e+06	0
4.32327e+06	0
4.32337e+06	0
4.32347e+06	0
4.32357e+06	0
4.32367e+06	0
4.32377e+06	0
4.32387e+06	0
4.32397e+06	0
4.32407e+06	0
4.32417e+06	0
4.32427e+06	0
4.32437e+06	0
4.32447e+06	0
4.32457e+06	0
4.32467e+06	0
4.32477e+06	0
4.32487e+06	0
4.32497e+06	0
4.32507e+06	0
4.32517e+06	0
4.32527e+06	0
4.32537e+06	0
4.32547e+06	0
4.32557e+06	0
4.32567e+06	0
4.32577e+06	0
4.32587e+06	0
4.32597e+06	0
4.32607e+06	0
4.32617e+06	0
4.32627e+06	0
4.32637e+06	0
4.32647e+06	0
4.32657e+06	0
4.32667e+06	0
4.32677e+06	0
4.32687e+06	0
4.32697e+06	0
4.32707e+06	0
4.32717e+06	0
4.32727e+06	0
4.32737e+06	0
4.32747e+06	0
4.32757e+06	0
4.32767e+06	0
4.32777e+06	0
4.32787e+06	0
4.32797e+06	0
4.32807e+06	0
4.32817e+06	0
4.32827e+06	0
4.32837e+06	0
4.32847e+06	0
4.32857e+06	0
4.32867e+06	0
4.32877e+06	0
4.32887e+06	0
4.32897e+06	0
4.32907e+06	0
4.32917e+06	0
4.32927e+06	0
4.32937e+06	0
4.32947e+06	0
4.32957e+06	0
4.32967e+06	0
4.32977e+06	0
4.32987e+06	0
4.32997e+06	0
4.33007e+06	0
4.33017e+06	0
4.33027e+06	0
4.33037e+06	0
4.33047e+06	0
4.33057e+06	0
4.33067e+06	0
4.33077e+06	0
4.33087e+06	0
4.33097e+06	0
4.33107e+06	0
4.33117e+06	0
4.33127e+06	0
4.33137e+06	0
4.33147e+06	0
4.33157e+06	0
4.33167e+06	0
4.33177e+06	0
4.33187e+06	0
4.33197e+06	0
4.33207e+06	0
4.33217e+06	0
4.33227e+06	0
4.33237e+06	0
4.33247e+06	0
4.33257e+06	0
4.33267e+06	0
4.33277e+06	0
4.33287e+06	0
4.33297e+06	0
4.33307e+06	0
4.33317e+06	0
4.33327e+06	0
4.33337e+06	0
4.33347e+06	0
4.33357e+06	0
4.33367e+06	0
4.33377e+06	0
4.33387e+06	0
4.33397e+06	0
4.33407e+06	0
4.33417e+06	0
4.33427e+06	0
4.33437e+06	0
4.33447e+06	0
4.33457e+06	0
4.33467e+06	0
4.33477e+06	0
4.33487e+06	0
4.33497e+06	0
4.33507e+06	0
4.33517e+06	0
4.33527e+06	0
4.33537e+06	0
4.33547e+06	0
4.33557e+06	0
4.33567e+06	0
4.33577e+06	0
4.33587e+06	0
4.33597e+06	0
4.33607e+06	0
4.33617e+06	0
4.33627e+06	0
4.33637e+06	0
4.33647e+06	0
4.33657e+06	0
4.33667e+06	0
4.33677e+06	0
4.33687e+06	0
4.33697e+06	0
4.33707e+06	0
4.33717e+06	0
4.33727e+06	0
4.33737e+06	0
4.33747e+06	0
4.33757e+06	0
4.33767e+06	0
4.33777e+06	0
4.33787e+06	0
4.33797e+06	0
4.33807e+06	0
4.33817e+06	0
4.33827e+06	0
4.33837e+06	0
4.33847e+06	0
4.33857e+06	0
4.33867e+06	0
4.33877e+06	0
4.33887e+06	0
4.33897e+06	0
4.33907e+06	0
4.33917e+06	0
4.33927e+06	0
4.33937e+06	0
4.33947e+06	0
4.33957e+06	0
4.33967e+06	0
4.33977e+06	0
4.33987e+06	0
4.33997e+06	0
4.34007e+06	0
4.34017e+06	0
4.34027e+06	0
4.34037e+06	0
4.34047e+06	0
4.34057e+06	0
4.34067e+06	0
4.34077e+06	0
4.34087e+06	0
4.34097e+06	0
4.34107e+06	0
4.34117e+06	0
4.34127e+06	0
4.34137e+06	0
4.34147e+06	0
4.34157e+06	0
4.34167e+06	0
4.34177e+06	0
4.34187e+06	0
4.34197e+06	0
4.34207e+06	0
4.34217e+06	0
4.34227e+06	0
4.34237e+06	0
4.34247e+06	0
4.34257e+06	0
4.34267e+06	0
4.34277e+06	0
4.34287e+06	0
4.34297e+06	0
4.34307e+06	0
4.34317e+06	0
4.34327e+06	0
4.34337e+06	0
4.34347e+06	0
4.34357e+06	0
4.34367e+06	0
4.34377e+06	0
4.34387e+06	0
4.34397e+06	0
4.34407e+06	0
4.34417e+06	0
4.34427e+06	0
4.34437e+06	0
4.34447e+06	0
4.34457e+06	0
4.34467e+06	0
4.34477e+06	0
4.34487e+06	0
4.34497e+06	0
4.34507e+06	0
4.34517e+06	0
4.34527e+06	0
4.34537e+06	0
4.34547e+06	0
4.34557e+06	0
4.34567e+06	0
4.34577e+06	0
4.34587e+06	0
4.34597e+06	0
4.34607e+06	0
4.34617e+06	0
4.34627e+06	0
4.34637e+06	0
4.34647e+06	0
4.34657e+06	0
4.34667e+06	0
4.34677e+06	0
4.34687e+06	0
4.34697e+06	0
4.34707e+06	0
4.34717e+06	0
4.34727e+06	0
4.34737e+06	0
4.34747e+06	0
4.34757e+06	0
4.34767e+06	0
4.34777e+06	0
4.34787e+06	0
4.34797e+06	0
4.34807e+06	0
4.34817e+06	0
4.34827e+06	0
4.34837e+06	0
4.34847e+06	0
4.34857e+06	0
4.34867e+06	0
4.34877e+06	0
4.34887e+06	0
4.34897e+06	0
4.34907e+06	0
4.34917e+06	0
4.34927e+06	0
4.34937e+06	0
4.34947e+06	0
4.34957e+06	0
4.34967e+06	0
4.34977e+06	0
4.34987e+06	0
4.34997e+06	0
4.35007e+06	0
4.35017e+06	0
4.35027e+06	0
4.35037e+06	0
4.35047e+06	0
4.35057e+06	0
4.35067e+06	0
4.35077e+06	0
4.35087e+06	0
4.35097e+06	0
4.35107e+06	0
4.35117e+06	0
4.35127e+06	0
4.35137e+06	0
4.35147e+06	0
4.35157e+06	0
4.35167e+06	0
4.35177e+06	0
4.35187e+06	0
4.35197e+06	0
4.35207e+06	0
4.35217e+06	0
4.35227e+06	0
4.35237e+06	0
4.35247e+06	0
4.35257e+06	0
4.35267e+06	0
4.35277e+06	0
4.35287e+06	0
4.35297e+06	0
4.35307e+06	0
4.35317e+06	0
4.35327e+06	0
4.35337e+06	0
4.35347e+06	0
4.35357e+06	0
4.35367e+06	0
4.35377e+06	0
4.35387e+06	0
4.35397e+06	0
4.35407e+06	0
4.35417e+06	0
4.35427e+06	0
4.35437e+06	0
4.35447e+06	0
4.35457e+06	0
4.35467e+06	0
4.35477e+06	0
4.35487e+06	0
4.35497e+06	0
4.35507e+06	0
4.35517e+06	0
4.35527e+06	0
4.35537e+06	0
4.35547e+06	0
4.35557e+06	0
4.35567e+06	0
4.35577e+06	0
4.35587e+06	0
4.35597e+06	0
4.35607e+06	0
4.35617e+06	0
4.35627e+06	0
4.35637e+06	0
4.35647e+06	0
4.35657e+06	0
4.35667e+06	0
4.35677e+06	0
4.35687e+06	0
4.35697e+06	0
4.35707e+06	0
4.35717e+06	0
4.35727e+06	0
4.35737e+06	0
4.35747e+06	0
4.35757e+06	0
4.35767e+06	0
4.35777e+06	0
4.35787e+06	0
4.35797e+06	0
4.35807e+06	0
4.35817e+06	0
4.35827e+06	0
4.35837e+06	0
4.35847e+06	0
4.35857e+06	0
4.35867e+06	0
4.35877e+06	0
4.35887e+06	0
4.35897e+06	0
4.35907e+06	0
4.35917e+06	0
4.35927e+06	0
4.35937e+06	0
4.35947e+06	0
4.35957e+06	0
4.35967e+06	0
4.35977e+06	0
4.35987e+06	0
4.35997e+06	0
4.36007e+06	0
4.36017e+06	0
4.36027e+06	0
4.36037e+06	0
4.36047e+06	0
4.36057e+06	0
4.36067e+06	0
4.36077e+06	0
4.36087e+06	0
4.36097e+06	0
4.36107e+06	0
4.36117e+06	0
4.36127e+06	0
4.36137e+06	0
4.36147e+06	0
4.36157e+06	0
4.36167e+06	0
4.36177e+06	0
4.36187e+06	0
4.36197e+06	0
4.36207e+06	0
4.36217e+06	0
4.36227e+06	0
4.36237e+06	0
4.36247e+06	0
4.36257e+06	0
4.36267e+06	0
4.36277e+06	0
4.36287e+06	0
4.36297e+06	0
4.36307e+06	0
4.36317e+06	0
4.36327e+06	0
4.36337e+06	0
4.36347e+06	0
4.36357e+06	0
4.36367e+06	0
4.36377e+06	0
4.36387e+06	0
4.36397e+06	0
4.36407e+06	0
4.36417e+06	0
4.36427e+06	0
4.36437e+06	0
4.36447e+06	0
4.36457e+06	0
4.36467e+06	0
4.36477e+06	0
4.36487e+06	0
4.36497e+06	0
4.36507e+06	0
4.36517e+06	0
4.36527e+06	0
4.36537e+06	0
4.36547e+06	0
4.36557e+06	0
4.36567e+06	0
4.36577e+06	0
4.36587e+06	0
4.36597e+06	0
4.36607e+06	0
4.36617e+06	0
4.36627e+06	0
4.36637e+06	0
4.36647e+06	0
4.36657e+06	0
4.36667e+06	0
4.36677e+06	0
4.36687e+06	0
4.36697e+06	0
4.36707e+06	0
4.36717e+06	0
4.36727e+06	0
4.36737e+06	0
4.36747e+06	0
4.36757e+06	0
4.36767e+06	0
4.36777e+06	0
4.36787e+06	0
4.36797e+06	0
4.36807e+06	0
4.36817e+06	0
4.36827e+06	0
4.36837e+06	0
4.36847e+06	0
4.36857e+06	0
4.36867e+06	0
4.36877e+06	0
4.36887e+06	0
4.36897e+06	0
4.36907e+06	0
4.36917e+06	0
4.36927e+06	0
4.36937e+06	0
4.36947e+06	0
4.36957e+06	0
4.36967e+06	0
4.36977e+06	0
4.36987e+06	0
4.36997e+06	0
4.37007e+06	0
4.37017e+06	0
4.37027e+06	0
4.37037e+06	0
4.37047e+06	0
4.37057e+06	0
4.37067e+06	0
4.37077e+06	0
4.37087e+06	0
4.37097e+06	0
4.37107e+06	0
4.37117e+06	0
4.37127e+06	0
4.37137e+06	0
4.37147e+06	0
4.37157e+06	0
4.37167e+06	0
4.37177e+06	0
4.37187e+06	0
4.37197e+06	0
4.37207e+06	0
4.37217e+06	0
4.37227e+06	0
4.37237e+06	0
4.37247e+06	0
4.37257e+06	0
4.37267e+06	0
4.37277e+06	0
4.37287e+06	0
4.37297e+06	0
4.37307e+06	0
4.37317e+06	0
4.37327e+06	0
4.37337e+06	0
4.37347e+06	0
4.37357e+06	0
4.37367e+06	0
4.37377e+06	0
4.37387e+06	0
4.37397e+06	0
4.37407e+06	0
4.37417e+06	0
4.37427e+06	0
4.37437e+06	0
4.37447e+06	0
4.37457e+06	0
4.37467e+06	0
4.37477e+06	0
4.37487e+06	0
4.37497e+06	0
4.37507e+06	0
4.37517e+06	0
4.37527e+06	0
4.37537e+06	0
4.37547e+06	0
4.37557e+06	0
4.37567e+06	0
4.37577e+06	0
4.37587e+06	0
4.37597e+06	0
4.37607e+06	0
4.37617e+06	0
4.37627e+06	0
4.37637e+06	0
4.37647e+06	0
4.37657e+06	0
4.37667e+06	0
4.37677e+06	0
4.37687e+06	0
4.37697e+06	0
4.37707e+06	0
4.37717e+06	0
4.37727e+06	0
4.37737e+06	0
4.37747e+06	0
4.37757e+06	0
4.37767e+06	0
4.37777e+06	0
4.37787e+06	0
4.37797e+06	0
4.37807e+06	0
4.37817e+06	0
4.37827e+06	0
4.37837e+06	0
4.37847e+06	0
4.37857e+06	0
4.37867e+06	0
4.37877e+06	0
4.37887e+06	0
4.37897e+06	0
4.37907e+06	0
4.37917e+06	0
4.37927e+06	0
4.37937e+06	0
4.37947e+06	0
4.37957e+06	0
4.37967e+06	0
4.37977e+06	0
4.37987e+06	0
4.37997e+06	0
4.38007e+06	0
4.38017e+06	0
4.38027e+06	0
4.38037e+06	0
4.38047e+06	0
4.38057e+06	0
4.38067e+06	0
4.38077e+06	0
4.38087e+06	0
4.38097e+06	0
4.38107e+06	0
4.38117e+06	0
4.38127e+06	0
4.38137e+06	0
4.38147e+06	0
4.38157e+06	0
4.38167e+06	0
4.38177e+06	0
4.38187e+06	0
4.38197e+06	0
4.38207e+06	0
4.38217e+06	0
4.38227e+06	0
4.38237e+06	0
4.38247e+06	0
4.38257e+06	0
4.38267e+06	0
4.38277e+06	0
4.38287e+06	0
4.38297e+06	0
4.38307e+06	0
4.38317e+06	0
4.38327e+06	0
4.38337e+06	0
4.38347e+06	0
4.38357e+06	0
4.38367e+06	0
4.38377e+06	0
4.38387e+06	0
4.38397e+06	0
4.38407e+06	0
4.38417e+06	0
4.38427e+06	0
4.38437e+06	0
4.38447e+06	0
4.38457e+06	0
4.38467e+06	0
4.38477e+06	0
4.38487e+06	0
4.38497e+06	0
4.38507e+06	0
4.38517e+06	0
4.38527e+06	0
4.38537e+06	0
4.38547e+06	0
4.38557e+06	0
4.38567e+06	0
4.38577e+06	0
4.38587e+06	0
4.38597e+06	0
4.38607e+06	0
4.38617e+06	0
4.38627e+06	0
4.38637e+06	0
4.38647e+06	0
4.38657e+06	0
4.38667e+06	0
4.38677e+06	0
4.38687e+06	0
4.38697e+06	0
4.38707e+06	0
4.38717e+06	0
4.38727e+06	0
4.38737e+06	0
4.38747e+06	0
4.38757e+06	0
4.38767e+06	0
4.38777e+06	0
4.38787e+06	0
4.38797e+06	0
4.38807e+06	0
4.38817e+06	0
4.38827e+06	0
4.38837e+06	0
4.38847e+06	0
4.38857e+06	0
4.38867e+06	0
4.38877e+06	0
4.38887e+06	0
4.38897e+06	0
4.38907e+06	0
4.38917e+06	0
4.38927e+06	0
4.38937e+06	0
4.38947e+06	0
4.38957e+06	0
4.38967e+06	0
4.38977e+06	0
4.38987e+06	0
4.38997e+06	0
4.39007e+06	0
4.39017e+06	0
4.39027e+06	0
4.39037e+06	0
4.39047e+06	0
4.39057e+06	0
4.39067e+06	0
4.39077e+06	0
4.39087e+06	0
4.39097e+06	0
4.39107e+06	0
4.39117e+06	0
4.39127e+06	0
4.39137e+06	0
4.39147e+06	0
4.39157e+06	0
4.39167e+06	0
4.39177e+06	0
4.39187e+06	0
4.39197e+06	0
4.39207e+06	0
4.39217e+06	0
4.39227e+06	0
4.39237e+06	0
4.39247e+06	0
4.39257e+06	0
4.39267e+06	0
4.39277e+06	0
4.39287e+06	0
4.39297e+06	0
4.39307e+06	0
4.39317e+06	0
4.39327e+06	0
4.39337e+06	0
4.39347e+06	0
4.39357e+06	0
4.39367e+06	0
4.39377e+06	0
4.39387e+06	0
4.39397e+06	0
4.39407e+06	0
4.39417e+06	0
4.39427e+06	0
4.39437e+06	0
4.39447e+06	0
4.39457e+06	0
4.39467e+06	0
4.39477e+06	0
4.39487e+06	0
4.39497e+06	0
4.39507e+06	0
4.39517e+06	0
4.39527e+06	0
4.39537e+06	0
4.39547e+06	0
4.39557e+06	0
4.39567e+06	0
4.39577e+06	0
4.39587e+06	0
4.39597e+06	0
4.39607e+06	0
4.39617e+06	0
4.39627e+06	0
4.39637e+06	0
4.39647e+06	0
4.39657e+06	0
4.39667e+06	0
4.39677e+06	0
4.39687e+06	0
4.39697e+06	0
4.39707e+06	0
4.39717e+06	0
4.39727e+06	0
4.39737e+06	0
4.39747e+06	0
4.39757e+06	0
4.39767e+06	0
4.39777e+06	0
4.39787e+06	0
4.39797e+06	0
4.39807e+06	0
4.39817e+06	0
4.39827e+06	0
4.39837e+06	0
4.39847e+06	0
4.39857e+06	0
4.39867e+06	0
4.39877e+06	0
4.39887e+06	0
4.39897e+06	0
4.39907e+06	0
4.39917e+06	0
4.39927e+06	0
4.39937e+06	0
4.39947e+06	0
4.39957e+06	0
4.39967e+06	0
4.39977e+06	0
4.39987e+06	0
4.39997e+06	0
4.40007e+06	0
4.40017e+06	0
4.40027e+06	0
4.40037e+06	0
4.40047e+06	0
4.40057e+06	0
4.40067e+06	0
4.40077e+06	0
4.40087e+06	0
4.40097e+06	0
4.40107e+06	0
4.40117e+06	0
4.40127e+06	0
4.40137e+06	0
4.40147e+06	0
4.40157e+06	0
4.40167e+06	0
4.40177e+06	0
4.40187e+06	0
4.40197e+06	0
4.40207e+06	0
4.40217e+06	0
4.40227e+06	0
4.40237e+06	0
4.40247e+06	0
4.40257e+06	0
4.40267e+06	0
4.40277e+06	0
4.40287e+06	0
4.40297e+06	0
4.40307e+06	0
4.40317e+06	0
4.40327e+06	0
4.40337e+06	0
4.40347e+06	0
4.40357e+06	0
4.40367e+06	0
4.40377e+06	0
4.40387e+06	0
4.40397e+06	0
4.40407e+06	0
4.40417e+06	0
4.40427e+06	0
4.40437e+06	0
4.40447e+06	0
4.40457e+06	0
4.40467e+06	0
4.40477e+06	0
4.40487e+06	0
4.40497e+06	0
4.40507e+06	0
4.40517e+06	0
4.40527e+06	0
4.40537e+06	0
4.40547e+06	0
4.40557e+06	0
4.40567e+06	0
4.40577e+06	0
4.40587e+06	0
4.40597e+06	0
4.40607e+06	0
4.40617e+06	0
4.40627e+06	0
4.40637e+06	0
4.40647e+06	0
4.40657e+06	0
4.40667e+06	0
4.40677e+06	0
4.40687e+06	0
4.40697e+06	0
4.40707e+06	0
4.40717e+06	0
4.40727e+06	0
4.40737e+06	0
4.40747e+06	0
4.40757e+06	0
4.40767e+06	0
4.40777e+06	0
4.40787e+06	0
4.40797e+06	0
4.40807e+06	0
4.40817e+06	0
4.40827e+06	0
4.40837e+06	0
4.40847e+06	0
4.40857e+06	0
4.40867e+06	0
4.40877e+06	0
4.40887e+06	0
4.40897e+06	0
4.40907e+06	0
4.40917e+06	0
4.40927e+06	0
4.40937e+06	0
4.40947e+06	0
4.40957e+06	0
4.40967e+06	0
4.40977e+06	0
4.40987e+06	0
4.40997e+06	0
4.41007e+06	0
4.41017e+06	0
4.41027e+06	0
4.41037e+06	0
4.41047e+06	0
4.41057e+06	0
4.41067e+06	0
4.41077e+06	0
4.41087e+06	0
4.41097e+06	0
4.41107e+06	0
4.41117e+06	0
4.41127e+06	0
4.41137e+06	0
4.41147e+06	0
4.41157e+06	0
4.41167e+06	0
4.41177e+06	0
4.41187e+06	0
4.41197e+06	0
4.41207e+06	0
4.41217e+06	0
4.41227e+06	0
4.41237e+06	0
4.41247e+06	0
4.41257e+06	0
4.41267e+06	0
4.41277e+06	0
4.41287e+06	0
4.41297e+06	0
4.41307e+06	0
4.41317e+06	0
4.41327e+06	0
4.41337e+06	0
4.41347e+06	0
4.41357e+06	0
4.41367e+06	0
4.41377e+06	0
4.41387e+06	0
4.41397e+06	0
4.41407e+06	0
4.41417e+06	0
4.41427e+06	0
4.41437e+06	0
4.41447e+06	0
4.41457e+06	0
4.41467e+06	0
4.41477e+06	0
4.41487e+06	0
4.41497e+06	0
4.41507e+06	0
4.41517e+06	0
4.41527e+06	0
4.41537e+06	0
4.41547e+06	0
4.41557e+06	0
4.41567e+06	0
4.41577e+06	0
4.41587e+06	0
4.41597e+06	0
4.41607e+06	0
4.41617e+06	0
4.41627e+06	0
4.41637e+06	0
4.41647e+06	0
4.41657e+06	0
4.41667e+06	0
4.41677e+06	0
4.41687e+06	0
4.41697e+06	0
4.41707e+06	0
4.41717e+06	0
4.41727e+06	0
4.41737e+06	0
4.41747e+06	0
4.41757e+06	0
4.41767e+06	0
4.41777e+06	0
4.41787e+06	0
4.41797e+06	0
4.41807e+06	0
4.41817e+06	0
4.41827e+06	0
4.41837e+06	0
4.41847e+06	0
4.41857e+06	0
4.41867e+06	0
4.41877e+06	0
4.41887e+06	0
4.41897e+06	0
4.41907e+06	0
4.41917e+06	0
4.41927e+06	0
4.41937e+06	0
4.41947e+06	0
4.41957e+06	0
4.41967e+06	0
4.41977e+06	0
4.41987e+06	0
4.41997e+06	0
4.42007e+06	0
4.42017e+06	0
4.42027e+06	0
4.42037e+06	0
4.42047e+06	0
4.42057e+06	0
4.42067e+06	0
4.42077e+06	0
4.42087e+06	0
4.42097e+06	0
4.42107e+06	0
4.42117e+06	0
4.42127e+06	0
4.42137e+06	0
4.42147e+06	0
4.42157e+06	0
4.42167e+06	0
4.42177e+06	0
4.42187e+06	0
4.42197e+06	0
4.42207e+06	0
4.42217e+06	0
4.42227e+06	0
4.42237e+06	0
4.42247e+06	0
4.42257e+06	0
4.42267e+06	0
4.42277e+06	0
4.42287e+06	0
4.42297e+06	0
4.42307e+06	0
4.42317e+06	0
4.42327e+06	0
4.42337e+06	0
4.42347e+06	0
4.42357e+06	0
4.42367e+06	0
4.42377e+06	0
4.42387e+06	0
4.42397e+06	0
4.42407e+06	0
4.42417e+06	0
4.42427e+06	0
4.42437e+06	0
4.42447e+06	0
4.42457e+06	0
4.42467e+06	0
4.42477e+06	0
4.42487e+06	0
4.42497e+06	0
4.42507e+06	0
4.42517e+06	0
4.42527e+06	0
4.42537e+06	0
4.42547e+06	0
4.42557e+06	0
4.42567e+06	0
4.42577e+06	0
4.42587e+06	0
4.42597e+06	0
4.42607e+06	0
4.42617e+06	0
4.42627e+06	0
4.42637e+06	0
4.42647e+06	0
4.42657e+06	0
4.42667e+06	0
4.42677e+06	0
4.42687e+06	0
4.42697e+06	0
4.42707e+06	0
4.42717e+06	0
4.42727e+06	0
4.42737e+06	0
4.42747e+06	0
4.42757e+06	0
4.42767e+06	0
4.42777e+06	0
4.42787e+06	0
4.42797e+06	0
4.42807e+06	0
4.42817e+06	0
4.42827e+06	0
4.42837e+06	0
4.42847e+06	0
4.42857e+06	0
4.42867e+06	0
4.42877e+06	0
4.42887e+06	0
4.42897e+06	0
4.42907e+06	0
4.42917e+06	0
4.42927e+06	0
4.42937e+06	0
4.42947e+06	0
4.42957e+06	0
4.42967e+06	0
4.42977e+06	0
4.42987e+06	0
4.42997e+06	0
4.43007e+06	0
4.43017e+06	0
4.43027e+06	0
4.43037e+06	0
4.43047e+06	0
4.43057e+06	0
4.43067e+06	0
4.43077e+06	0
4.43087e+06	0
4.43097e+06	0
4.43107e+06	0
4.43117e+06	0
4.43127e+06	0
4.43137e+06	0
4.43147e+06	0
4.43157e+06	0
4.43167e+06	0
4.43177e+06	0
4.43187e+06	0
4.43197e+06	0
4.43207e+06	0
4.43217e+06	0
4.43227e+06	0
4.43237e+06	0
4.43247e+06	0
4.43257e+06	0
4.43267e+06	0
4.43277e+06	0
4.43287e+06	0
4.43297e+06	0
4.43307e+06	0
4.43317e+06	0
4.43327e+06	0
4.43337e+06	0
4.43347e+06	0
4.43357e+06	0
4.43367e+06	0
4.43377e+06	0
4.43387e+06	0
4.43397e+06	0
4.43407e+06	0
4.43417e+06	0
4.43427e+06	0
4.43437e+06	0
4.43447e+06	0
4.43457e+06	0
4.43467e+06	0
4.43477e+06	0
4.43487e+06	0
4.43497e+06	0
4.43507e+06	0
4.43517e+06	0
4.43527e+06	0
4.43537e+06	0
4.43547e+06	0
4.43557e+06	0
4.43567e+06	0
4.43577e+06	0
4.43587e+06	0
4.43597e+06	0
4.43607e+06	0
4.43617e+06	0
4.43627e+06	0
4.43637e+06	0
4.43647e+06	0
4.43657e+06	0
4.43667e+06	0
4.43677e+06	0
4.43687e+06	0
4.43697e+06	0
4.43707e+06	0
4.43717e+06	0
4.43727e+06	0
4.43737e+06	0
4.43747e+06	0
4.43757e+06	0
4.43767e+06	0
4.43777e+06	0
4.43787e+06	0
4.43797e+06	0
4.43807e+06	0
4.43817e+06	0
4.43827e+06	0
4.43837e+06	0
4.43847e+06	0
4.43857e+06	0
4.43867e+06	0
4.43877e+06	0
4.43887e+06	0
4.43897e+06	0
4.43907e+06	0
4.43917e+06	0
4.43927e+06	0
4.43937e+06	0
4.43947e+06	0
4.43957e+06	0
4.43967e+06	0
4.43977e+06	0
4.43987e+06	0
4.43997e+06	0
4.44007e+06	0
4.44017e+06	0
4.44027e+06	0
4.44037e+06	0
4.44047e+06	0
4.44057e+06	0
4.44067e+06	0
4.44077e+06	0
4.44087e+06	0
4.44097e+06	0
4.44107e+06	0
4.44117e+06	0
4.44127e+06	0
4.44137e+06	0
4.44147e+06	0
4.44157e+06	0
4.44167e+06	0
4.44177e+06	0
4.44187e+06	0
4.44197e+06	0
4.44207e+06	0
4.44217e+06	0
4.44227e+06	0
4.44237e+06	0
4.44247e+06	0
4.44257e+06	0
4.44267e+06	0
4.44277e+06	0
4.44287e+06	0
4.44297e+06	0
4.44307e+06	0
4.44317e+06	0
4.44327e+06	0
4.44337e+06	0
4.44347e+06	0
4.44357e+06	0
4.44367e+06	0
4.44377e+06	0
4.44387e+06	0
4.44397e+06	0
4.44407e+06	0
4.44417e+06	0
4.44427e+06	0
4.44437e+06	0
4.44447e+06	0
4.44457e+06	0
4.44467e+06	0
4.44477e+06	0
4.44487e+06	0
4.44497e+06	0
4.44507e+06	0
4.44517e+06	0
4.44527e+06	0
4.44537e+06	0
4.44547e+06	0
4.44557e+06	0
4.44567e+06	0
4.44577e+06	0
4.44587e+06	0
4.44597e+06	0
4.44607e+06	0
4.44617e+06	0
4.44627e+06	0
4.44637e+06	0
4.44647e+06	0
4.44657e+06	0
4.44667e+06	0
4.44677e+06	0
4.44687e+06	0
4.44697e+06	0
4.44707e+06	0
4.44717e+06	0
4.44727e+06	0
4.44737e+06	0
4.44747e+06	0
4.44757e+06	0
4.44767e+06	0
4.44777e+06	0
4.44787e+06	0
4.44797e+06	0
4.44807e+06	0
4.44817e+06	0
4.44827e+06	0
4.44837e+06	0
4.44847e+06	0
4.44857e+06	0
4.44867e+06	0
4.44877e+06	0
4.44887e+06	0
4.44897e+06	0
4.44907e+06	0
4.44917e+06	0
4.44927e+06	0
4.44937e+06	0
4.44947e+06	0
4.44957e+06	0
4.44967e+06	0
4.44977e+06	0
4.44987e+06	0
4.44997e+06	0
4.45007e+06	0
4.45017e+06	0
4.45027e+06	0
4.45037e+06	0
4.45047e+06	0
4.45057e+06	0
4.45067e+06	0
4.45077e+06	0
4.45087e+06	0
4.45097e+06	0
4.45107e+06	0
4.45117e+06	0
4.45127e+06	0
4.45137e+06	0
4.45147e+06	0
4.45157e+06	0
4.45167e+06	0
4.45177e+06	0
4.45187e+06	0
4.45197e+06	0
4.45207e+06	0
4.45217e+06	0
4.45227e+06	0
4.45237e+06	0
4.45247e+06	0
4.45257e+06	0
4.45267e+06	0
4.45277e+06	0
4.45287e+06	0
4.45297e+06	0
4.45307e+06	0
4.45317e+06	0
4.45327e+06	0
4.45337e+06	0
4.45347e+06	0
4.45357e+06	0
4.45367e+06	0
4.45377e+06	0
4.45387e+06	0
4.45397e+06	0
4.45407e+06	0
4.45417e+06	0
4.45427e+06	0
4.45437e+06	0
4.45447e+06	0
4.45457e+06	0
4.45467e+06	0
4.45477e+06	0
4.45487e+06	0
4.45497e+06	0
4.45507e+06	0
4.45517e+06	0
4.45527e+06	0
4.45537e+06	0
4.45547e+06	0
4.45557e+06	0
4.45567e+06	0
4.45577e+06	0
4.45587e+06	0
4.45597e+06	0
4.45607e+06	0
4.45617e+06	0
4.45627e+06	0
4.45637e+06	0
4.45647e+06	0
4.45657e+06	0
4.45667e+06	0
4.45677e+06	0
4.45687e+06	0
4.45697e+06	0
4.45707e+06	0
4.45717e+06	0
4.45727e+06	0
4.45737e+06	0
4.45747e+06	0
4.45757e+06	0
4.45767e+06	0
4.45777e+06	0
4.45787e+06	0
4.45797e+06	0
4.45807e+06	0
4.45817e+06	0
4.45827e+06	0
4.45837e+06	0
4.45847e+06	0
4.45857e+06	0
4.45867e+06	0
4.45877e+06	0
4.45887e+06	0
4.45897e+06	0
4.45907e+06	0
4.45917e+06	0
4.45927e+06	0
4.45937e+06	0
4.45947e+06	0
4.45957e+06	0
4.45967e+06	0
4.45977e+06	0
4.45987e+06	0
4.45997e+06	0
4.46007e+06	0
4.46017e+06	0
4.46027e+06	0
4.46037e+06	0
4.46047e+06	0
4.46057e+06	0
4.46067e+06	0
4.46077e+06	0
4.46087e+06	0
4.46097e+06	0
4.46107e+06	0
4.46117e+06	0
4.46127e+06	0
4.46137e+06	0
4.46147e+06	0
4.46157e+06	0
4.46167e+06	0
4.46177e+06	0
4.46187e+06	0
4.46197e+06	0
4.46207e+06	0
4.46217e+06	0
4.46227e+06	0
4.46237e+06	0
4.46247e+06	0
4.46257e+06	0
4.46267e+06	0
4.46277e+06	0
4.46287e+06	0
4.46297e+06	0
4.46307e+06	0
4.46317e+06	0
4.46327e+06	0
4.46337e+06	0
4.46347e+06	0
4.46357e+06	0
4.46367e+06	0
4.46377e+06	0
4.46387e+06	0
4.46397e+06	0
4.46407e+06	0
4.46417e+06	0
4.46427e+06	0
4.46437e+06	0
4.46447e+06	0
4.46457e+06	0
4.46467e+06	0
4.46477e+06	0
4.46487e+06	0
4.46497e+06	0
4.46507e+06	0
4.46517e+06	0
4.46527e+06	0
4.46537e+06	0
4.46547e+06	0
4.46557e+06	0
4.46567e+06	0
4.46577e+06	0
4.46587e+06	0
4.46597e+06	0
4.46607e+06	0
4.46617e+06	0
4.46627e+06	0
4.46637e+06	0
4.46647e+06	0
4.46657e+06	0
4.46667e+06	0
4.46677e+06	0
4.46687e+06	0
4.46697e+06	0
4.46707e+06	0
4.46717e+06	0
4.46727e+06	0
4.46737e+06	0
4.46747e+06	0
4.46757e+06	0
4.46767e+06	0
4.46777e+06	0
4.46787e+06	0
4.46797e+06	0
4.46807e+06	0
4.46817e+06	0
4.46827e+06	0
4.46837e+06	0
4.46847e+06	0
4.46857e+06	0
4.46867e+06	0
4.46877e+06	0
4.46887e+06	0
4.46897e+06	0
4.46907e+06	0
4.46917e+06	0
4.46927e+06	0
4.46937e+06	0
4.46947e+06	0
4.46957e+06	0
4.46967e+06	0
4.46977e+06	0
4.46987e+06	0
4.46997e+06	0
4.47007e+06	0
4.47017e+06	0
4.47027e+06	0
4.47037e+06	0
4.47047e+06	0
4.47057e+06	0
4.47067e+06	0
4.47077e+06	0
4.47087e+06	0
4.47097e+06	0
4.47107e+06	0
4.47117e+06	0
4.47127e+06	0
4.47137e+06	0
4.47147e+06	0
4.47157e+06	0
4.47167e+06	0
4.47177e+06	0
4.47187e+06	0
4.47197e+06	0
4.47207e+06	0
4.47217e+06	0
4.47227e+06	0
4.47237e+06	0
4.47247e+06	0
4.47257e+06	0
4.47267e+06	0
4.47277e+06	0
4.47287e+06	0
4.47297e+06	0
4.47307e+06	0
4.47317e+06	0
4.47327e+06	0
4.47337e+06	0
4.47347e+06	0
4.47357e+06	0
4.47367e+06	0
4.47377e+06	0
4.47387e+06	0
4.47397e+06	0
4.47407e+06	0
4.47417e+06	0
4.47427e+06	0
4.47437e+06	0
4.47447e+06	0
4.47457e+06	0
4.47467e+06	0
4.47477e+06	0
4.47487e+06	0
4.47497e+06	0
4.47507e+06	0
4.47517e+06	0
4.47527e+06	0
4.47537e+06	0
4.47547e+06	0
4.47557e+06	0
4.47567e+06	0
4.47577e+06	0
4.47587e+06	0
4.47597e+06	0
4.47607e+06	0
4.47617e+06	0
4.47627e+06	0
4.47637e+06	0
4.47647e+06	0
4.47657e+06	4.44659e-323
4.47667e+06	2.14424e-321
4.47677e+06	9.87983e-320
4.47687e+06	4.50441e-318
4.47697e+06	2.03324e-316
4.47707e+06	9.08648e-315
4.47717e+06	4.02032e-313
4.47727e+06	1.76109e-311
4.47737e+06	7.63767e-310
4.47747e+06	3.27942e-308
4.47757e+06	1.39409e-306
4.47767e+06	5.86732e-305
4.47777e+06	2.44482e-303
4.47787e+06	1.00858e-301
4.47797e+06	4.11938e-300
4.47807e+06	1.66575e-298
4.47817e+06	6.66876e-297
4.47827e+06	2.64325e-295
4.47837e+06	1.03726e-293
4.47847e+06	4.02989e-292
4.47857e+06	1.55009e-290
4.47867e+06	5.90306e-289
4.47877e+06	2.22564e-287
4.47887e+06	8.30787e-286
4.47897e+06	3.0703e-284
4.47907e+06	1.12339e-282
4.47917e+06	4.06945e-281
4.47927e+06	1.45948e-279
4.47937e+06	5.18225e-278
4.47947e+06	1.82178e-276
4.47957e+06	6.34059e-275
4.47967e+06	2.18484e-273
4.47977e+06	7.45364e-272
4.47987e+06	2.51753e-270
4.47997e+06	8.41853e-269
4.48007e+06	2.78712e-267
4.48017e+06	9.13549e-266
4.48027e+06	2.96459e-264
4.48037e+06	9.52479e-263
4.48047e+06	3.02972e-261
4.48057e+06	9.5413e-260
4.48067e+06	2.97488e-258
4.48077e+06	9.18307e-257
4.48087e+06	2.80649e-255
4.48097e+06	8.49173e-254
4.48107e+06	2.54382e-252
4.48117e+06	7.54455e-251
4.48127e+06	2.21532e-249
4.48137e+06	6.44018e-248
4.48147e+06	1.8536e-246
4.48157e+06	5.28191e-245
4.48167e+06	1.49013e-243
4.48177e+06	4.1621e-242
4.48187e+06	1.15096e-240
4.48197e+06	3.1511e-239
4.48207e+06	8.54128e-238
4.48217e+06	2.29214e-236
4.48227e+06	6.08996e-235
4.48237e+06	1.60194e-233
4.48247e+06	4.17191e-232
4.48257e+06	1.07567e-230
4.48267e+06	2.74589e-229
4.48277e+06	6.93974e-228
4.48287e+06	1.73644e-226
4.48297e+06	4.30164e-225
4.48307e+06	1.05503e-223
4.48317e+06	2.56185e-222
4.48327e+06	6.15883e-221
4.48337e+06	1.46589e-219
4.48347e+06	3.45429e-218
4.48357e+06	8.0589e-217
4.48367e+06	1.86144e-215
4.48377e+06	4.25676e-214
4.48387e+06	9.63755e-213
4.48397e+06	2.16029e-211
4.48407e+06	4.79416e-210
4.48417e+06	1.05335e-208
4.48427e+06	2.29133e-207
4.48437e+06	4.93469e-206
4.48447e+06	1.05218e-204
4.48457e+06	2.22114e-203
4.48467e+06	4.64216e-202
4.48477e+06	9.60553e-201
4.48487e+06	1.96779e-199
4.48497e+06	3.99112e-198
4.48507e+06	8.01431e-197
4.48517e+06	1.59329e-195
4.48527e+06	3.13604e-194
4.48537e+06	6.11118e-193
4.48547e+06	1.17903e-191
4.48557e+06	2.25208e-190
4.48567e+06	4.2589e-189
4.48577e+06	7.97387e-188
4.48587e+06	1.47808e-186
4.48597e+06	2.71258e-185
4.48607e+06	4.92863e-184
4.48617e+06	8.86596e-183
4.48627e+06	1.579e-181
4.48637e+06	2.78418e-180
4.48647e+06	4.86035e-179
4.48657e+06	8.40032e-178
4.48667e+06	1.43741e-176
4.48677e+06	2.43514e-175
4.48687e+06	4.08434e-174
4.48697e+06	6.78233e-173
4.48707e+06	1.11504e-171
4.48717e+06	1.81494e-170
4.48727e+06	2.92476e-169
4.48737e+06	4.66632e-168
4.48747e+06	7.37083e-167
4.48757e+06	1.1527e-165
4.48767e+06	1.78472e-164
4.48777e+06	2.7358e-163
4.48787e+06	4.15196e-162
4.48797e+06	6.23851e-161
4.48807e+06	9.28036e-160
4.48817e+06	1.3668e-158
4.48827e+06	1.99299e-157
4.48837e+06	2.87713e-156
4.48847e+06	4.11218e-155
4.48857e+06	5.81891e-154
4.48867e+06	8.15207e-153
4.48877e+06	1.13071e-151
4.48887e+06	1.55272e-150
4.48897e+06	2.11101e-149
4.48907e+06	2.84148e-148
4.48917e+06	3.78667e-147
4.48927e+06	4.99604e-146
4.48937e+06	6.52608e-145
4.48947e+06	8.43987e-144
4.48957e+06	1.08063e-142
4.48967e+06	1.36985e-141
4.48977e+06	1.71921e-140
4.48987e+06	2.13619e-139
4.48997e+06	2.6279e-138
4.49007e+06	3.20062e-137
4.49017e+06	3.85938e-136
4.49027e+06	4.60742e-135
4.49037e+06	5.44571e-134
4.49047e+06	6.37249e-133
4.49057e+06	7.38279e-132
4.49067e+06	8.46816e-131
4.49077e+06	9.61645e-130
4.49087e+06	1.08118e-128
4.49097e+06	1.20348e-127
4.49107e+06	1.32628e-126
4.49117e+06	1.44707e-125
4.49127e+06	1.56315e-124
4.49137e+06	1.67174e-123
4.49147e+06	1.77009e-122
4.49157e+06	1.85557e-121
4.49167e+06	1.92583e-120
4.49177e+06	1.97886e-119
4.49187e+06	2.01312e-118
4.49197e+06	2.02759e-117
4.49207e+06	2.02185e-116
4.49217e+06	1.99607e-115
4.49227e+06	1.95101e-114
4.49237e+06	1.88799e-113
4.49247e+06	1.80882e-112
4.49257e+06	1.71574e-111
4.49267e+06	1.61125e-110
4.49277e+06	1.49807e-109
4.49287e+06	1.37898e-108
4.49297e+06	1.25673e-107
4.49307e+06	1.13392e-106
4.49317e+06	1.01294e-105
4.49327e+06	8.95856e-105
4.49337e+06	7.84424e-104
4.49347e+06	6.8002e-103
4.49357e+06	5.83645e-102
4.49367e+06	4.95946e-101
4.49377e+06	4.17231e-100
4.49387e+06	3.47517e-99
4.49397e+06	2.86572e-98
4.49407e+06	2.33963e-97
4.49417e+06	1.89112e-96
4.49427e+06	1.51338e-95
4.49437e+06	1.19905e-94
4.49447e+06	9.40547e-94
4.49457e+06	7.30437e-93
4.49467e+06	5.61619e-92
4.49477e+06	4.27523e-91
4.49487e+06	3.22206e-90
4.49497e+06	2.40417e-89
4.49507e+06	1.77605e-88
4.49517e+06	1.29898e-87
4.49527e+06	9.40608e-87
4.49537e+06	6.74328e-86
4.49547e+06	4.78621e-85
4.49557e+06	3.36334e-84
4.49567e+06	2.33995e-83
4.49577e+06	1.61176e-82
4.49587e+06	1.09914e-81
4.49597e+06	7.42102e-81
4.49607e+06	4.96057e-80
4.49617e+06	3.2829e-79
4.49627e+06	2.15101e-78
4.49637e+06	1.39535e-77
4.49647e+06	8.96159e-77
4.49657e+06	5.69828e-76
4.49667e+06	3.58724e-75
4.49677e+06	2.23582e-74
4.49687e+06	1.37965e-73
4.49697e+06	8.42875e-73
4.49707e+06	5.09817e-72
4.49717e+06	3.05298e-71
4.49727e+06	1.81006e-70
4.49737e+06	1.06248e-69
4.49747e+06	6.17456e-69
4.49757e+06	3.55264e-68
4.49767e+06	2.02375e-67
4.49777e+06	1.14135e-66
4.49787e+06	6.37298e-66
4.49797e+06	3.5231e-65
4.49807e+06	1.92827e-64
4.49817e+06	1.04489e-63
4.49827e+06	5.60571e-63
4.49837e+06	2.9775e-62
4.49847e+06	1.56579e-61
4.49857e+06	8.1522e-61
4.49867e+06	4.20221e-60
4.49877e+06	2.14457e-59
4.49887e+06	1.08359e-58
4.49897e+06	5.42061e-58
4.49907e+06	2.68468e-57
4.49917e+06	1.31644e-56
4.49927e+06	6.39099e-56
4.49937e+06	3.07184e-55
4.49947e+06	1.46181e-54
4.49957e+06	6.88723e-54
4.49967e+06	3.21264e-53
4.49977e+06	1.48368e-52
4.49987e+06	6.78396e-52
4.49997e+06	3.07107e-51
4.50007e+06	1.37644e-50
4.50017e+06	6.1079e-50
4.50027e+06	2.68342e-49
4.50037e+06	1.16722e-48
4.50047e+06	5.02665e-48
4.50057e+06	2.14324e-47
4.50067e+06	9.04753e-47
4.50077e+06	3.78142e-46
4.50087e+06	1.56475e-45
4.50097e+06	6.41069e-45
4.50107e+06	2.60034e-44
4.50117e+06	1.0443e-43
4.50127e+06	4.15229e-43
4.50137e+06	1.63463e-42
4.50147e+06	6.37122e-42
4.50157e+06	2.45864e-41
4.50167e+06	9.39375e-41
4.50177e+06	3.55348e-40
4.50187e+06	1.33089e-39
4.50197e+06	4.93519e-39
4.50207e+06	1.81192e-38
4.50217e+06	6.58642e-38
4.50227e+06	2.37048e-37
4.50237e+06	8.44691e-37
4.50247e+06	2.98015e-36
4.50257e+06	1.04102e-35
4.50267e+06	3.60044e-35
4.50277e+06	1.23292e-34
4.50287e+06	4.18018e-34
4.50297e+06	1.40326e-33
4.50307e+06	4.66408e-33
4.50317e+06	1.5349e-32
4.50327e+06	5.00126e-32
4.50337e+06	1.61349e-31
4.50347e+06	5.154e-31
4.50357e+06	1.6301e-30
4.50367e+06	5.10475e-30
4.50377e+06	1.58281e-29
4.50387e+06	4.85939e-29
4.50397e+06	1.47717e-28
4.50407e+06	4.4461e-28
4.50417e+06	1.32504e-27
4.50427e+06	3.91007e-27
4.50437e+06	1.14247e-26
4.50447e+06	3.3053e-26
4.50457e+06	9.46867e-26
4.50467e+06	2.68583e-25
4.50477e+06	7.5437e-25
4.50487e+06	2.098e-24
4.50497e+06	5.77762e-24
4.50507e+06	1.57548e-23
4.50517e+06	4.25407e-23
4.50527e+06	1.13743e-22
4.50537e+06	3.01144e-22
4.50547e+06	7.89511e-22
4.50557e+06	2.04966e-21
4.50567e+06	5.2692e-21
4.50577e+06	1.34138e-20
4.50587e+06	3.38149e-20
4.50597e+06	8.44142e-20
4.50607e+06	2.08679e-19
4.50617e+06	5.10857e-19
4.50627e+06	1.23847e-18
4.50637e+06	2.97328e-18
4.50647e+06	7.069e-18
4.50657e+06	1.66439e-17
4.50667e+06	3.8809e-17
4.50677e+06	8.96176e-17
4.50687e+06	2.04947e-16
4.50697e+06	4.64177e-16
4.50707e+06	1.04117e-15
4.50717e+06	2.31294e-15
4.50727e+06	5.08875e-15
4.50737e+06	1.10884e-14
4.50747e+06	2.39301e-14
4.50757e+06	5.11494e-14
4.50767e+06	1.08283e-13
4.50777e+06	2.27046e-13
4.50787e+06	4.71521e-13
4.50797e+06	9.69902e-13
4.50807e+06	1.97606e-12
4.50817e+06	3.98769e-12
4.50827e+06	7.97071e-12
4.50837e+06	1.57809e-11
4.50847e+06	3.09478e-11
4.50857e+06	6.01166e-11
4.50867e+06	1.15673e-10
4.50877e+06	2.20468e-10
4.50887e+06	4.16235e-10
4.50897e+06	7.78424e-10
4.50907e+06	1.44205e-09
4.50917e+06	2.64629e-09
4.50927e+06	4.81048e-09
4.50937e+06	8.66237e-09
4.50947e+06	1.5452e-08
4.50957e+06	2.73047e-08
4.50967e+06	4.77963e-08
4.50977e+06	8.28817e-08
4.50987e+06	1.42374e-07
4.50997e+06	2.42279e-07
4.51007e+06	4.08425e-07
4.51017e+06	6.82058e-07
4.51027e+06	1.12835e-06
4.51037e+06	1.84919e-06
4.51047e+06	3.00214e-06
4.51057e+06	4.82831e-06
4.51067e+06	7.69258e-06
4.51077e+06	1.21412e-05
4.51087e+06	1.89829e-05
4.51097e+06	2.94017e-05
4.51107e+06	4.51118e-05
4.51117e+06	6.85668e-05
4.51127e+06	0.000103238
4.51137e+06	0.000153982
4.51147e+06	0.000227508
4.51157e+06	0.00033298
4.51167e+06	0.000482762
4.51177e+06	0.000693323
4.51187e+06	0.000986332
4.51197e+06	0.00138993
4.51207e+06	0.00194016
4.51217e+06	0.0026826
4.51227e+06	0.00367405
4.51237e+06	0.00498422
4.51247e+06	0.00669744
4.51257e+06	0.00891408
4.51267e+06	0.0117515
4.51277e+06	0.0153447
4.51287e+06	0.0198456
4.51297e+06	0.0254218
4.51307e+06	0.0322538
4.51317e+06	0.0405305
4.51327e+06	0.0504434
4.51337e+06	0.0621792
4.51347e+06	0.0759098
4.51357e+06	0.0917822
4.51367e+06	0.109906
4.51377e+06	0.130342
4.51387e+06	0.153088
4.51397e+06	0.178068
4.51407e+06	0.205124
4.51417e+06	0.234006
4.51427e+06	0.264371
4.51437e+06	0.295783
4.51447e+06	0.327718
4.51457e+06	0.359577
4.51467e+06	0.3907
4.51477e+06	0.420388
4.51487e+06	0.44793
4.51497e+06	0.472628
4.51507e+06	0.493825
4.51517e+06	0.510939
4.51527e+06	0.523484
4.51537e+06	0.531097
4.51547e+06	0.533551
4.51557e+06	0.53077
4.51567e+06	0.522834
4.51577e+06	0.50997
4.51587e+06	0.492546
4.51597e+06	0.471049
4.51607e+06	0.446068
4.51617e+06	0.418263
4.51627e+06	0.388337
4.51637e+06	0.357007
4.51647e+06	0.324975
4.51657e+06	0.292906
4.51667e+06	0.261402
4.51677e+06	0.230989
4.51687e+06	0.202103
4.51697e+06	0.175086
4.51707e+06	0.150186
4.51717e+06	0.127558
4.51727e+06	0.107271
4.51737e+06	0.0893234
4.51747e+06	0.0736476
4.51757e+06	0.060128
4.51767e+06	0.048612
4.51777e+06	0.038922
4.51787e+06	0.030867
4.51797e+06	0.0242516
4.51807e+06	0.0188842
4.51817e+06	0.0145825
4.51827e+06	0.011178
4.51837e+06	0.00851866
4.51847e+06	0.00647006
4.51857e+06	0.00491575
4.51867e+06	0.00375663
4.51877e+06	0.0029097
4.51887e+06	0.0023065
4.51897e+06	0.0018913
4.51907e+06	0.00161926
4.51917e+06	0.00145469
4.51927e+06	0.00136937
4.51937e+06	0.0013411
4.51947e+06	0.00135247
4.51957e+06	0.00138985
4.51967e+06	0.0014425
4.51977e+06	0.00150197
4.51987e+06	0.00156161
4.51997e+06	0.00161619
4.52007e+06	0.00166167
4.52017e+06	0.001695
4.52027e+06	0.00171405
4.52037e+06	0.00171746
4.52047e+06	0.00170461
4.52057e+06	0.00167553
4.52067e+06	0.00163087
4.52077e+06	0.00157179
4.52087e+06	0.00149989
4.52097e+06	0.00141709
4.52107e+06	0.00132559
4.52117e+06	0.00122767
4.52127e+06	0.00112568
4.52137e+06	0.0010219
4.52147e+06	0.000918468
4.52157e+06	0.000817289
4.52167e+06	0.00072002
4.52177e+06	0.000628017
4.52187e+06	0.00054232
4.52197e+06	0.000463657
4.52207e+06	0.00039246
4.52217e+06	0.00032889
4.52227e+06	0.000272875
4.52237e+06	0.000224147
4.52247e+06	0.000182289
4.52257e+06	0.000146772
4.52267e+06	0.000117
4.52277e+06	9.23384e-05
4.52287e+06	7.21501e-05
4.52297e+06	5.58148e-05
4.52307e+06	4.27482e-05
4.52317e+06	3.24149e-05
4.52327e+06	2.43348e-05
4.52337e+06	1.80871e-05
4.52347e+06	1.33096e-05
4.52357e+06	9.6966e-06
4.52367e+06	6.99408e-06
4.52377e+06	4.99458e-06
4.52387e+06	3.53122e-06
4.52397e+06	2.47177e-06
4.52407e+06	1.71296e-06
4.52417e+06	1.17529e-06
4.52427e+06	7.98358e-07
4.52437e+06	5.36918e-07
4.52447e+06	3.575e-07
4.52457e+06	2.35668e-07
4.52467e+06	1.53809e-07
4.52477e+06	9.93853e-08
4.52487e+06	6.35796e-08
4.52497e+06	4.0269e-08
4.52507e+06	2.52512e-08
4.52517e+06	1.56765e-08
4.52527e+06	9.63547e-09
4.52537e+06	5.86346e-09
4.52547e+06	3.53259e-09
4.52557e+06	2.10711e-09
4.52567e+06	1.24434e-09
4.52577e+06	7.27529e-10
4.52587e+06	4.21131e-10
4.52597e+06	2.41346e-10
4.52607e+06	1.36937e-10
4.52617e+06	7.69235e-11
4.52627e+06	4.27813e-11
4.52637e+06	2.35562e-11
4.52647e+06	1.28415e-11
4.52657e+06	6.93076e-12
4.52667e+06	3.70343e-12
4.52677e+06	1.95922e-12
4.52687e+06	1.02617e-12
4.52697e+06	5.32127e-13
4.52707e+06	2.73191e-13
4.52717e+06	1.38859e-13
4.52727e+06	6.9878e-14
4.52737e+06	3.48147e-14
4.52747e+06	1.71728e-14
4.52757e+06	8.38646e-15
4.52767e+06	4.05483e-15
4.52777e+06	1.94099e-15
4.52787e+06	9.19879e-16
4.52797e+06	4.31614e-16
4.52807e+06	2.00501e-16
4.52817e+06	9.22139e-17
4.52827e+06	4.19887e-17
4.52837e+06	1.89289e-17
4.52847e+06	8.44842e-18
4.52857e+06	3.73321e-18
4.52867e+06	1.63323e-18
4.52877e+06	7.07405e-19
4.52887e+06	3.03351e-19
4.52897e+06	1.2879e-19
4.52907e+06	5.41345e-20
4.52917e+06	2.2528e-20
4.52927e+06	9.28175e-21
4.52937e+06	3.78611e-21
4.52947e+06	1.52902e-21
4.52957e+06	6.11352e-22
4.52967e+06	2.42006e-22
4.52977e+06	9.48458e-23
4.52987e+06	3.68016e-23
4.52997e+06	1.41375e-23
4.53007e+06	5.37695e-24
4.53017e+06	2.02468e-24
4.53027e+06	7.54802e-25
4.53037e+06	2.78591e-25
4.53047e+06	1.01802e-25
4.53057e+06	3.68304e-26
4.53067e+06	1.3192e-26
4.53077e+06	4.67815e-27
4.53087e+06	1.64245e-27
4.53097e+06	5.70913e-28
4.53107e+06	1.96473e-28
4.53117e+06	6.69412e-29
4.53127e+06	2.25809e-29
4.53137e+06	7.5413e-30
4.53147e+06	2.49349e-30
4.53157e+06	8.16256e-31
4.53167e+06	2.64547e-31
4.53177e+06	8.48858e-32
4.53187e+06	2.69665e-32
4.53197e+06	8.48149e-33
4.53207e+06	2.64105e-33
4.53217e+06	8.14211e-34
4.53227e+06	2.48517e-34
4.53237e+06	7.50984e-35
4.53247e+06	2.24679e-35
4.53257e+06	6.65506e-36
4.53267e+06	1.95163e-36
4.53277e+06	5.66633e-37
4.53287e+06	1.62878e-37
4.53297e+06	4.63532e-38
4.53307e+06	1.30603e-38
4.53317e+06	3.64323e-39
4.53327e+06	1.00618e-39
4.53337e+06	2.75119e-40
4.53347e+06	7.44772e-41
4.53357e+06	1.99611e-41
4.53367e+06	5.29664e-42
4.53377e+06	1.39147e-42
4.53387e+06	3.61914e-43
4.53397e+06	9.31952e-44
4.53407e+06	2.37596e-44
4.53417e+06	5.99709e-45
4.53427e+06	1.49865e-45
4.53437e+06	3.7078e-46
4.53447e+06	9.08217e-47
4.53457e+06	2.20252e-47
4.53467e+06	5.2882e-48
4.53477e+06	1.25705e-48
4.53487e+06	2.95838e-49
4.53497e+06	6.89307e-50
4.53507e+06	1.59011e-50
4.53517e+06	3.63162e-51
4.53527e+06	8.21165e-52
4.53537e+06	1.8383e-52
4.53547e+06	4.07438e-53
4.53557e+06	8.94051e-54
4.53567e+06	1.94232e-54
4.53577e+06	4.17768e-55
4.53587e+06	8.89626e-56
4.53597e+06	1.87559e-56
4.53607e+06	3.91492e-57
4.53617e+06	8.09033e-58
4.53627e+06	1.65526e-58
4.53637e+06	3.35293e-59
4.53647e+06	6.72417e-60
4.53657e+06	1.33509e-60
4.53667e+06	2.62445e-61
4.53677e+06	5.10769e-62
4.53687e+06	9.84163e-63
4.53697e+06	1.87744e-63
4.53707e+06	3.54588e-64
4.53717e+06	6.63037e-65
4.53727e+06	1.22746e-65
4.53737e+06	2.24976e-66
4.53747e+06	4.08246e-67
4.53757e+06	7.33438e-68
4.53767e+06	1.30456e-68
4.53777e+06	2.29731e-69
4.53787e+06	4.00527e-70
4.53797e+06	6.91357e-71
4.53807e+06	1.18149e-71
4.53817e+06	1.99901e-72
4.53827e+06	3.34854e-73
4.53837e+06	5.55334e-74
4.53847e+06	9.11821e-75
4.53857e+06	1.48225e-75
4.53867e+06	2.38557e-76
4.53877e+06	3.80118e-77
4.53887e+06	5.99656e-78
4.53897e+06	9.36577e-79
4.53907e+06	1.44824e-79
4.53917e+06	2.21716e-80
4.53927e+06	3.36053e-81
4.53937e+06	5.04286e-82
4.53947e+06	7.4921e-83
4.53957e+06	1.10201e-83
4.53967e+06	1.60482e-84
4.53977e+06	2.31379e-85
4.53987e+06	3.30277e-86
4.53997e+06	4.66756e-87
4.54007e+06	6.53068e-88
4.54017e+06	9.04657e-89
4.54027e+06	1.2407e-89
4.54037e+06	1.68464e-90
4.54047e+06	2.26466e-91
4.54057e+06	3.01409e-92
4.54067e+06	3.97162e-93
4.54077e+06	5.18126e-94
4.54087e+06	6.69206e-95
4.54097e+06	8.5574e-96
4.54107e+06	1.08338e-96
4.54117e+06	1.35793e-97
4.54127e+06	1.68512e-98
4.54137e+06	2.07033e-99
4.54147e+06	2.5183e-100
4.54157e+06	3.03272e-101
4.54167e+06	3.61587e-102
4.54177e+06	4.26827e-103
4.54187e+06	4.98824e-104
4.54197e+06	5.77164e-105
4.54207e+06	6.61164e-106
4.54217e+06	7.49852e-107
4.54227e+06	8.41975e-108
4.54237e+06	9.36009e-109
4.54247e+06	1.03019e-109
4.54257e+06	1.12257e-110
4.54267e+06	1.21106e-111
4.54277e+06	1.29352e-112
4.54287e+06	1.36785e-113
4.54297e+06	1.43206e-114
4.54307e+06	1.48437e-115
4.54317e+06	1.52328e-116
4.54327e+06	1.54766e-117
4.54337e+06	1.55677e-118
4.54347e+06	1.55036e-119
4.54357e+06	1.52862e-120
4.54367e+06	1.49218e-121
4.54377e+06	1.44212e-122
4.54387e+06	1.37987e-123
4.54397e+06	1.30717e-124
4.54407e+06	1.22598e-125
4.54417e+06	1.13839e-126
4.54427e+06	1.04654e-127
4.54437e+06	9.52525e-129
4.54447e+06	8.58332e-130
4.54457e+06	7.65757e-131
4.54467e+06	6.7637e-132
4.54477e+06	5.91472e-133
4.54487e+06	5.12084e-134
4.54497e+06	4.3894e-135
4.54507e+06	3.725e-136
4.54517e+06	3.12972e-137
4.54527e+06	2.6034e-138
4.54537e+06	2.14404e-139
4.54547e+06	1.74816e-140
4.54557e+06	1.4112e-141
4.54567e+06	1.12785e-142
4.54577e+06	8.92427e-144
4.54587e+06	6.99118e-145
4.54597e+06	5.42232e-146
4.54607e+06	4.16368e-147
4.54617e+06	3.16538e-148
4.54627e+06	2.38249e-149
4.54637e+06	1.77539e-150
4.54647e+06	1.30983e-151
4.54657e+06	9.56735e-153
4.54667e+06	6.91872e-154
4.54677e+06	4.95355e-155
4.54687e+06	3.51128e-156
4.54697e+06	2.46417e-157
4.54707e+06	1.71211e-158
4.54717e+06	1.17775e-159
4.54727e+06	8.021e-161
4.54737e+06	5.40831e-162
4.54747e+06	3.61038e-163
4.54757e+06	2.38616e-164
4.54767e+06	1.56137e-165
4.54777e+06	1.0115e-166
4.54787e+06	6.48762e-168
4.54797e+06	4.11966e-169
4.54807e+06	2.58996e-170
4.54817e+06	1.61207e-171
4.54827e+06	9.93415e-173
4.54837e+06	6.06087e-174
4.54847e+06	3.66097e-175
4.54857e+06	2.18934e-176
4.54867e+06	1.29625e-177
4.54877e+06	7.59839e-179
4.54887e+06	4.40972e-180
4.54897e+06	2.53371e-181
4.54907e+06	1.44132e-182
4.54917e+06	8.11748e-184
4.54927e+06	4.52625e-185
4.54937e+06	2.49869e-186
4.54947e+06	1.36567e-187
4.54957e+06	7.38981e-189
4.54967e+06	3.95894e-190
4.54977e+06	2.09982e-191
4.54987e+06	1.10266e-192
4.54997e+06	5.7327e-194
4.55007e+06	2.95075e-195
4.55017e+06	1.50371e-196
4.55027e+06	7.58668e-198
4.55037e+06	3.78963e-199
4.55047e+06	1.87413e-200
4.55057e+06	9.17611e-202
4.55067e+06	4.4481e-203
4.55077e+06	2.13476e-204
4.55087e+06	1.01433e-205
4.55097e+06	4.77162e-207
4.55107e+06	2.22234e-208
4.55117e+06	1.02474e-209
4.55127e+06	4.67811e-211
4.55137e+06	2.1144e-212
4.55147e+06	9.46148e-214
4.55157e+06	4.19169e-215
4.55167e+06	1.83855e-216
4.55177e+06	7.98399e-218
4.55187e+06	3.43258e-219
4.55197e+06	1.4611e-220
4.55207e+06	6.15735e-222
4.55217e+06	2.56901e-223
4.55227e+06	1.0612e-224
4.55237e+06	4.33992e-226
4.55247e+06	1.75721e-227
4.55257e+06	7.04409e-229
4.55267e+06	2.79565e-230
4.55277e+06	1.09849e-231
4.55287e+06	4.27335e-233
4.55297e+06	1.64588e-234
4.55307e+06	6.276e-236
4.55317e+06	2.36933e-237
4.55327e+06	8.85575e-239
4.55337e+06	3.27704e-240
4.55347e+06	1.20059e-241
4.55357e+06	4.35479e-243
4.55367e+06	1.56385e-244
4.55377e+06	5.56006e-246
4.55387e+06	1.95714e-247
4.55397e+06	6.82057e-249
4.55407e+06	2.3533e-250
4.55417e+06	8.03878e-252
4.55427e+06	2.7187e-253
4.55437e+06	9.10307e-255
4.55447e+06	3.01767e-256
4.55457e+06	9.90407e-258
4.55467e+06	3.2182e-259
4.55477e+06	1.0353e-260
4.55487e+06	3.29747e-262
4.55497e+06	1.0398e-263
4.55507e+06	3.24621e-265
4.55517e+06	1.00337e-266
4.55527e+06	3.07045e-268
4.55537e+06	9.3025e-270
4.55547e+06	2.79032e-271
4.55557e+06	8.28641e-273
4.55567e+06	2.43633e-274
4.55577e+06	7.09189e-276
4.55587e+06	2.04383e-277
4.55597e+06	5.83156e-279
4.55607e+06	1.64734e-280
4.55617e+06	4.6072e-282
4.55627e+06	1.2757e-283
4.55637e+06	3.49717e-285
4.55647e+06	9.49166e-287
4.55657e+06	2.5505e-288
4.55667e+06	6.78523e-290
4.55677e+06	1.78715e-291
4.55687e+06	4.66031e-293
4.55697e+06	1.20317e-294
4.55707e+06	3.07534e-296
4.55717e+06	7.78248e-298
4.55727e+06	1.94985e-299
4.55737e+06	4.83659e-301
4.55747e+06	1.18778e-302
4.55757e+06	2.88794e-304
4.55767e+06	6.95182e-306
4.55777e+06	1.65678e-307
4.55787e+06	3.90922e-309
4.55797e+06	9.13211e-311
4.55807e+06	2.11208e-312
4.55817e+06	4.83621e-314
4.55827e+06	1.09637e-315
4.55837e+06	2.46075e-317
4.55847e+06	5.46807e-319
4.55857e+06	1.20305e-320
4.55867e+06	2.61855e-322
4.55877e+06	4.94066e-324
4.55887e+06	0
4.55897e+06	0
4.55907e+06	0
4.55917e+06	0
4.55927e+06	0
4.55937e+06	0
4.55947e+06	0
4.55957e+06	0
4.55967e+06	0
4.55977e+06	0
4.55987e+06	0
4.55997e+06	0
4.56007e+06	0
4.56017e+06	0
4.56027e+06	0
4.56037e+06	0
4.56047e+06	0
4.56057e+06	0
4.56067e+06	0
4.56077e+06	0
4.56087e+06	0
4.56097e+06	0
4.56107e+06	0
4.56117e+06	0
4.56127e+06	0
4.56137e+06	0
4.56147e+06	0
4.56157e+06	0
4.56167e+06	0
4.56177e+06	0
4.56187e+06	0
4.56197e+06	0
4.56207e+06	0
4.56217e+06	0
4.56227e+06	0
4.56237e+06	0
4.56247e+06	0
4.56257e+06	0
4.56267e+06	0
4.56277e+06	0
4.56287e+06	0
4.56297e+06	0
4.56307e+06	0
4.56317e+06	0
4.56327e+06	0
4.56337e+06	0
4.56347e+06	0
4.56357e+06	0
4.56367e+06	0
4.56377e+06	0
4.56387e+06	0
4.56397e+06	0
4.56407e+06	0
4.56417e+06	0
4.56427e+06	0
4.56437e+06	0
4.56447e+06	0
4.56457e+06	0
4.56467e+06	0
4.56477e+06	0
4.56487e+06	0
4.56497e+06	0
4.56507e+06	0
4.56517e+06	0
4.56527e+06	0
4.56537e+06	0
4.56547e+06	0
4.56557e+06	0
4.56567e+06	0
4.56577e+06	0
4.56587e+06	0
4.56597e+06	0
4.56607e+06	0
4.56617e+06	0
4.56627e+06	0
4.56637e+06	0
4.56647e+06	0
4.56657e+06	0
4.56667e+06	0
4.56677e+06	0
4.56687e+06	0
4.56697e+06	0
4.56707e+06	0
4.56717e+06	0
4.56727e+06	0
4.56737e+06	0
4.56747e+06	0
4.56757e+06	0
4.56767e+06	0
4.56777e+06	0
4.56787e+06	0
4.56797e+06	0
4.56807e+06	0
4.56817e+06	0
4.56827e+06	0
4.56837e+06	0
4.56847e+06	0
4.56857e+06	0
4.56867e+06	0
4.56877e+06	0
4.56887e+06	0
4.56897e+06	0
4.56907e+06	0
4.56917e+06	0
4.56927e+06	0
4.56937e+06	0
4.56947e+06	0
4.56957e+06	0
4.56967e+06	0
4.56977e+06	0
4.56987e+06	0
4.56997e+06	0
4.57007e+06	0
4.57017e+06	0
4.57027e+06	0
4.57037e+06	0
4.57047e+06	0
4.57057e+06	0
4.57067e+06	0
4.57077e+06	0
4.57087e+06	0
4.57097e+06	0
4.57107e+06	0
4.57117e+06	0
4.57127e+06	0
4.57137e+06	0
4.57147e+06	0
4.57157e+06	0
4.57167e+06	0
4.57177e+06	0
4.57187e+06	0
4.57197e+06	0
4.57207e+06	0
4.57217e+06	0
4.57227e+06	0
4.57237e+06	0
4.57247e+06	0
4.57257e+06	0
4.57267e+06	0
4.57277e+06	0
4.57287e+06	0
4.57297e+06	0
4.57307e+06	0
4.57317e+06	0
4.57327e+06	0
4.57337e+06	0
4.57347e+06	0
4.57357e+06	0
4.57367e+06	0
4.57377e+06	0
4.57387e+06	0
4.57397e+06	0
4.57407e+06	0
4.57417e+06	0
4.57427e+06	0
4.57437e+06	0
4.57447e+06	0
4.57457e+06	0
4.57467e+06	0
4.57477e+06	0
4.57487e+06	0
4.57497e+06	0
4.57507e+06	0
4.57517e+06	0
4.57527e+06	0
4.57537e+06	0
4.57547e+06	0
4.57557e+06	0
4.57567e+06	0
4.57577e+06	0
4.57587e+06	0
4.57597e+06	0
4.57607e+06	0
4.57617e+06	0
4.57627e+06	0
4.57637e+06	0
4.57647e+06	0
4.57657e+06	0
4.57667e+06	0
4.57677e+06	0
4.57687e+06	0
4.57697e+06	0
4.57707e+06	0
4.57717e+06	0
4.57727e+06	0
4.57737e+06	0
4.57747e+06	0
4.57757e+06	0
4.57767e+06	0
4.57777e+06	0
4.57787e+06	0
4.57797e+06	0
4.57807e+06	0
4.57817e+06	0
4.57827e+06	0
4.57837e+06	0
4.57847e+06	0
4.57857e+06	0
4.57867e+06	0
4.57877e+06	0
4.57887e+06	0
4.57897e+06	0
4.57907e+06	0
4.57917e+06	0
4.57927e+06	0
4.57937e+06	0
4.57947e+06	0
4.57957e+06	0
4.57967e+06	0
4.57977e+06	0
4.57987e+06	0
4.57997e+06	0
4.58007e+06	0
4.58017e+06	0
4.58027e+06	0
4.58037e+06	0
4.58047e+06	0
4.58057e+06	0
4.58067e+06	0
4.58077e+06	0
4.58087e+06	0
4.58097e+06	0
4.58107e+06	0
4.58117e+06	0
4.58127e+06	0
4.58137e+06	0
4.58147e+06	0
4.58157e+06	0
4.58167e+06	0
4.58177e+06	0
4.58187e+06	0
4.58197e+06	0
4.58207e+06	0
4.58217e+06	0
4.58227e+06	0
4.58237e+06	0
4.58247e+06	0
4.58257e+06	0
4.58267e+06	0
4.58277e+06	0
4.58287e+06	0
4.58297e+06	0
4.58307e+06	0
4.58317e+06	0
4.58327e+06	0
4.58337e+06	0
4.58347e+06	0
4.58357e+06	0
4.58367e+06	0
4.58377e+06	0
4.58387e+06	0
4.58397e+06	0
4.58407e+06	0
4.58417e+06	0
4.58427e+06	0
4.58437e+06	0
4.58447e+06	0
4.58457e+06	0
4.58467e+06	0
4.58477e+06	0
4.58487e+06	0
4.58497e+06	0
4.58507e+06	0
4.58517e+06	0
4.58527e+06	0
4.58537e+06	0
4.58547e+06	0
4.58557e+06	0
4.58567e+06	0
4.58577e+06	0
4.58587e+06	0
4.58597e+06	0
4.58607e+06	0
4.58617e+06	0
4.58627e+06	0
4.58637e+06	0
4.58647e+06	0
4.58657e+06	0
4.58667e+06	0
4.58677e+06	0
4.58687e+06	0
4.58697e+06	0
4.58707e+06	0
4.58717e+06	0
4.58727e+06	0
4.58737e+06	0
4.58747e+06	0
4.58757e+06	0
4.58767e+06	0
4.58777e+06	0
4.58787e+06	0
4.58797e+06	0
4.58807e+06	0
4.58817e+06	0
4.58827e+06	0
4.58837e+06	0
4.58847e+06	0
4.58857e+06	0
4.58867e+06	0
4.58877e+06	0
4.58887e+06	0
4.58897e+06	0
4.58907e+06	0
4.58917e+06	0
4.58927e+06	0
4.58937e+06	0
4.58947e+06	0
4.58957e+06	0
4.58967e+06	0
4.58977e+06	0
4.58987e+06	0
4.58997e+06	0
4.59007e+06	0
4.59017e+06	0
4.59027e+06	0
4.59037e+06	0
4.59047e+06	0
4.59057e+06	0
4.59067e+06	0
4.59077e+06	0
4.59087e+06	0
4.59097e+06	0
4.59107e+06	0
4.59117e+06	0
4.59127e+06	0
4.59137e+06	0
4.59147e+06	0
4.59157e+06	0
4.59167e+06	0
4.59177e+06	0
4.59187e+06	0
4.59197e+06	0
4.59207e+06	0
4.59217e+06	0
4.59227e+06	0
4.59237e+06	0
4.59247e+06	0
4.59257e+06	0
4.59267e+06	0
4.59277e+06	0
4.59287e+06	0
4.59297e+06	0
4.59307e+06	0
4.59317e+06	0
4.59327e+06	0
4.59337e+06	0
4.59347e+06	0
4.59357e+06	0
4.59367e+06	0
4.59377e+06	0
4.59387e+06	0
4.59397e+06	0
4.59407e+06	0
4.59417e+06	0
4.59427e+06	0
4.59437e+06	0
4.59447e+06	0
4.59457e+06	0
4.59467e+06	0
4.59477e+06	0
4.59487e+06	0
4.59497e+06	0
4.59507e+06	0
4.59517e+06	0
4.59527e+06	0
4.59537e+06	0
4.59547e+06	0
4.59557e+06	0
4.59567e+06	0
4.59577e+06	0
4.59587e+06	0
4.59597e+06	0
4.59607e+06	0
4.59617e+06	0
4.59627e+06	0
4.59637e+06	0
4.59647e+06	0
4.59657e+06	0
4.59667e+06	0
4.59677e+06	0
4.59687e+06	0
4.59697e+06	0
4.59707e+06	0
4.59717e+06	0
4.59727e+06	0
4.59737e+06	0
4.59747e+06	0
4.59757e+06	0
4.59767e+06	0
4.59777e+06	0
4.59787e+06	0
4.59797e+06	0
4.59807e+06	0
4.59817e+06	0
4.59827e+06	0
4.59837e+06	0
4.59847e+06	0
4.59857e+06	0
4.59867e+06	0
4.59877e+06	0
4.59887e+06	0
4.59897e+06	0
4.59907e+06	0
4.59917e+06	0
4.59927e+06	0
4.59937e+06	0
4.59947e+06	0
4.59957e+06	0
4.59967e+06	0
4.59977e+06	0
4.59987e+06	0
4.59997e+06	0
4.60007e+06	0
4.60017e+06	0
4.60027e+06	0
4.60037e+06	0
4.60047e+06	0
4.60057e+06	0
4.60067e+06	0
4.60077e+06	0
4.60087e+06	0
4.60097e+06	0
4.60107e+06	0
4.60117e+06	0
4.60127e+06	0
4.60137e+06	0
4.60147e+06	0
4.60157e+06	0
4.60167e+06	0
4.60177e+06	0
4.60187e+06	0
4.60197e+06	0
4.60207e+06	0
4.60217e+06	0
4.60227e+06	0
4.60237e+06	0
4.60247e+06	0
4.60257e+06	0
4.60267e+06	0
4.60277e+06	0
4.60287e+06	0
4.60297e+06	0
4.60307e+06	0
4.60317e+06	0
4.60327e+06	0
4.60337e+06	0
4.60347e+06	0
4.60357e+06	0
4.60367e+06	0
4.60377e+06	0
4.60387e+06	0
4.60397e+06	0
4.60407e+06	0
4.60417e+06	0
4.60427e+06	0
4.60437e+06	0
4.60447e+06	0
4.60457e+06	0
4.60467e+06	0
4.60477e+06	0
4.60487e+06	0
4.60497e+06	0
4.60507e+06	0
4.60517e+06	0
4.60527e+06	0
4.60537e+06	0
4.60547e+06	0
4.60557e+06	0
4.60567e+06	0
4.60577e+06	0
4.60587e+06	0
4.60597e+06	0
4.60607e+06	0
4.60617e+06	0
4.60627e+06	0
4.60637e+06	0
4.60647e+06	0
4.60657e+06	0
4.60667e+06	0
4.60677e+06	0
4.60687e+06	0
4.60697e+06	0
4.60707e+06	0
4.60717e+06	0
4.60727e+06	0
4.60737e+06	0
4.60747e+06	0
4.60757e+06	0
4.60767e+06	0
4.60777e+06	0
4.60787e+06	0
4.60797e+06	0
4.60807e+06	0
4.60817e+06	0
4.60827e+06	0
4.60837e+06	0
4.60847e+06	0
4.60857e+06	0
4.60867e+06	0
4.60877e+06	0
4.60887e+06	0
4.60897e+06	0
4.60907e+06	0
4.60917e+06	0
4.60927e+06	0
4.60937e+06	0
4.60947e+06	0
4.60957e+06	0
4.60967e+06	0
4.60977e+06	0
4.60987e+06	0
4.60997e+06	0
4.61007e+06	0
4.61017e+06	0
4.61027e+06	0
4.61037e+06	0
4.61047e+06	0
4.61057e+06	0
4.61067e+06	0
4.61077e+06	0
4.61087e+06	0
4.61097e+06	0
4.61107e+06	0
4.61117e+06	0
4.61127e+06	0
4.61137e+06	0
4.61147e+06	0
4.61157e+06	0
4.61167e+06	0
4.61177e+06	0
4.61187e+06	0
4.61197e+06	0
4.61207e+06	0
4.61217e+06	0
4.61227e+06	0
4.61237e+06	0
4.61247e+06	0
4.61257e+06	0
4.61267e+06	0
4.61277e+06	0
4.61287e+06	0
4.61297e+06	0
4.61307e+06	0
4.61317e+06	0
4.61327e+06	0
4.61337e+06	0
4.61347e+06	0
4.61357e+06	0
4.61367e+06	0
4.61377e+06	0
4.61387e+06	0
4.61397e+06	0
4.61407e+06	0
4.61417e+06	0
4.61427e+06	0
4.61437e+06	0
4.61447e+06	0
4.61457e+06	0
4.61467e+06	0
4.61477e+06	0
4.61487e+06	0
4.61497e+06	0
4.61507e+06	0
4.61517e+06	0
4.61527e+06	0
4.61537e+06	0
4.61547e+06	0
4.61557e+06	0
4.61567e+06	0
4.61577e+06	0
4.61587e+06	0
4.61597e+06	0
4.61607e+06	0
4.61617e+06	0
4.61627e+06	0
4.61637e+06	0
4.61647e+06	0
4.61657e+06	0
4.61667e+06	0
4.61677e+06	0
4.61687e+06	0
4.61697e+06	0
4.61707e+06	0
4.61717e+06	0
4.61727e+06	0
4.61737e+06	0
4.61747e+06	0
4.61757e+06	0
4.61767e+06	0
4.61777e+06	0
4.61787e+06	0
4.61797e+06	0
4.61807e+06	0
4.61817e+06	0
4.61827e+06	0
4.61837e+06	0
4.61847e+06	0
4.61857e+06	0
4.61867e+06	0
4.61877e+06	0
4.61887e+06	0
4.61897e+06	0
4.61907e+06	0
4.61917e+06	0
4.61927e+06	0
4.61937e+06	0
4.61947e+06	0
4.61957e+06	0
4.61967e+06	0
4.61977e+06	0
4.61987e+06	0
4.61997e+06	0
4.62007e+06	0
4.62017e+06	0
4.62027e+06	0
4.62037e+06	0
4.62047e+06	0
4.62057e+06	0
4.62067e+06	0
4.62077e+06	0
4.62087e+06	0
4.62097e+06	0
4.62107e+06	0
4.62117e+06	0
4.62127e+06	0
4.62137e+06	0
4.62147e+06	0
4.62157e+06	0
4.62167e+06	0
4.62177e+06	0
4.62187e+06	0
4.62197e+06	0
4.62207e+06	0
4.62217e+06	0
4.62227e+06	0
4.62237e+06	0
4.62247e+06	0
4.62257e+06	0
4.62267e+06	0
4.62277e+06	0
4.62287e+06	0
4.62297e+06	0
4.62307e+06	0
4.62317e+06	0
4.62327e+06	0
4.62337e+06	0
4.62347e+06	0
4.62357e+06	0
4.62367e+06	0
4.62377e+06	0
4.62387e+06	0
4.62397e+06	0
4.62407e+06	0
4.62417e+06	0
4.62427e+06	0
4.62437e+06	0
4.62447e+06	0
4.62457e+06	0
4.62467e+06	0
4.62477e+06	0
4.62487e+06	0
4.62497e+06	0
4.62507e+06	0
4.62517e+06	0
4.62527e+06	0
4.62537e+06	0
4.62547e+06	0
4.62557e+06	0
4.62567e+06	0
4.62577e+06	0
4.62587e+06	0
4.62597e+06	0
4.62607e+06	0
4.62617e+06	0
4.62627e+06	0
4.62637e+06	0
4.62647e+06	0
4.62657e+06	0
4.62667e+06	0
4.62677e+06	0
4.62687e+06	0
4.62697e+06	0
4.62707e+06	0
4.62717e+06	0
4.62727e+06	0
4.62737e+06	0
4.62747e+06	0
4.62757e+06	0
4.62767e+06	0
4.62777e+06	0
4.62787e+06	0
4.62797e+06	0
4.62807e+06	0
4.62817e+06	0
4.62827e+06	0
4.62837e+06	0
4.62847e+06	0
4.62857e+06	0
4.62867e+06	0
4.62877e+06	0
4.62887e+06	0
4.62897e+06	0
4.62907e+06	0
4.62917e+06	0
4.62927e+06	0
4.62937e+06	0
4.62947e+06	0
4.62957e+06	0
4.62967e+06	0
4.62977e+06	0
4.62987e+06	0
4.62997e+06	0
4.63007e+06	0
4.63017e+06	0
4.63027e+06	0
4.63037e+06	0
4.63047e+06	0
4.63057e+06	0
4.63067e+06	0
4.63077e+06	0
4.63087e+06	0
4.63097e+06	0
4.63107e+06	0
4.63117e+06	0
4.63127e+06	0
4.63137e+06	0
4.63147e+06	0
4.63157e+06	0
4.63167e+06	0
4.63177e+06	0
4.63187e+06	0
4.63197e+06	0
4.63207e+06	0
4.63217e+06	0
4.63227e+06	0
4.63237e+06	0
4.63247e+06	0
4.63257e+06	0
4.63267e+06	0
4.63277e+06	0
4.63287e+06	0
4.63297e+06	0
4.63307e+06	0
4.63317e+06	0
4.63327e+06	0
4.63337e+06	0
4.63347e+06	0
4.63357e+06	0
4.63367e+06	0
4.63377e+06	0
4.63387e+06	0
4.63397e+06	0
4.63407e+06	0
4.63417e+06	0
4.63427e+06	0
4.63437e+06	0
4.63447e+06	0
4.63457e+06	0
4.63467e+06	0
4.63477e+06	0
4.63487e+06	0
4.63497e+06	0
4.63507e+06	0
4.63517e+06	0
4.63527e+06	0
4.63537e+06	0
4.63547e+06	0
4.63557e+06	0
4.63567e+06	0
4.63577e+06	0
4.63587e+06	0
4.63597e+06	0
4.63607e+06	0
4.63617e+06	0
4.63627e+06	0
4.63637e+06	0
4.63647e+06	0
4.63657e+06	0
4.63667e+06	0
4.63677e+06	0
4.63687e+06	0
4.63697e+06	0
4.63707e+06	0
4.63717e+06	0
4.63727e+06	0
4.63737e+06	0
4.63747e+06	0
4.63757e+06	0
4.63767e+06	0
4.63777e+06	0
4.63787e+06	0
4.63797e+06	0
4.63807e+06	0
4.63817e+06	0
4.63827e+06	0
4.63837e+06	0
4.63847e+06	0
4.63857e+06	0
4.63867e+06	0
4.63877e+06	0
4.63887e+06	0
4.63897e+06	0
4.63907e+06	0
4.63917e+06	0
4.63927e+06	0
4.63937e+06	0
4.63947e+06	0
4.63957e+06	0
4.63967e+06	0
4.63977e+06	0
4.63987e+06	0
4.63997e+06	0
4.64007e+06	0
4.64017e+06	0
4.64027e+06	0
4.64037e+06	0
4.64047e+06	0
4.64057e+06	0
4.64067e+06	0
4.64077e+06	0
4.64087e+06	0
4.64097e+06	0
4.64107e+06	0
4.64117e+06	0
4.64127e+06	0
4.64137e+06	0
4.64147e+06	0
4.64157e+06	0
4.64167e+06	0
4.64177e+06	0
4.64187e+06	0
4.64197e+06	0
4.64207e+06	0
4.64217e+06	0
4.64227e+06	0
4.64237e+06	0
4.64247e+06	0
4.64257e+06	0
4.64267e+06	0
4.64277e+06	0
4.64287e+06	0
4.64297e+06	0
4.64307e+06	0
4.64317e+06	0
4.64327e+06	0
4.64337e+06	0
4.64347e+06	0
4.64357e+06	0
4.64367e+06	0
4.64377e+06	0
4.64387e+06	0
4.64397e+06	0
4.64407e+06	0
4.64417e+06	0
4.64427e+06	0
4.64437e+06	0
4.64447e+06	0
4.64457e+06	0
4.64467e+06	0
4.64477e+06	0
4.64487e+06	0
4.64497e+06	0
4.64507e+06	0
4.64517e+06	0
4.64527e+06	0
4.64537e+06	0
4.64547e+06	0
4.64557e+06	0
4.64567e+06	0
4.64577e+06	0
4.64587e+06	0
4.64597e+06	0
4.64607e+06	0
4.64617e+06	0
4.64627e+06	0
4.64637e+06	0
4.64647e+06	0
4.64657e+06	0
4.64667e+06	0
4.64677e+06	0
4.64687e+06	0
4.64697e+06	0
4.64707e+06	0
4.64717e+06	0
4.64727e+06	0
4.64737e+06	0
4.64747e+06	0
4.64757e+06	0
4.64767e+06	0
4.64777e+06	0
4.64787e+06	0
4.64797e+06	0
4.64807e+06	0
4.64817e+06	0
4.64827e+06	0
4.64837e+06	0
4.64847e+06	0
4.64857e+06	0
4.64867e+06	0
4.64877e+06	0
4.64887e+06	0
4.64897e+06	0
4.64907e+06	0
4.64917e+06	0
4.64927e+06	0
4.64937e+06	0
4.64947e+06	0
4.64957e+06	0
4.64967e+06	0
4.64977e+06	0
4.64987e+06	0
4.64997e+06	0
4.65007e+06	0
4.65017e+06	0
4.65027e+06	0
4.65037e+06	0
4.65047e+06	0
4.65057e+06	0
4.65067e+06	0
4.65077e+06	0
4.65087e+06	0
4.65097e+06	0
4.65107e+06	0
4.65117e+06	0
4.65127e+06	0
4.65137e+06	0
4.65147e+06	0
4.65157e+06	0
4.65167e+06	0
4.65177e+06	0
4.65187e+06	0
4.65197e+06	0
4.65207e+06	0
4.65217e+06	0
4.65227e+06	0
4.65237e+06	0
4.65247e+06	0
4.65257e+06	0
4.65267e+06	0
4.65277e+06	0
4.65287e+06	0
4.65297e+06	0
4.65307e+06	0
4.65317e+06	0
4.65327e+06	0
4.65337e+06	0
4.65347e+06	0
4.65357e+06	0
4.65367e+06	0
4.65377e+06	0
4.65387e+06	0
4.65397e+06	0
4.65407e+06	0
4.65417e+06	0
4.65427e+06	0
4.65437e+06	0
4.65447e+06	0
4.65457e+06	0
4.65467e+06	0
4.65477e+06	0
4.65487e+06	0
4.65497e+06	0
4.65507e+06	0
4.65517e+06	0
4.65527e+06	0
4.65537e+06	0
4.65547e+06	0
4.65557e+06	0
4.65567e+06	0
4.65577e+06	0
4.65587e+06	0
4.65597e+06	0
4.65607e+06	0
4.65617e+06	0
4.65627e+06	0
4.65637e+06	0
4.65647e+06	0
4.65657e+06	0
4.65667e+06	0
4.65677e+06	0
4.65687e+06	0
4.65697e+06	0
4.65707e+06	0
4.65717e+06	0
4.65727e+06	0
4.65737e+06	0
4.65747e+06	0
4.65757e+06	0
4.65767e+06	0
4.65777e+06	0
4.65787e+06	0
4.65797e+06	0
4.65807e+06	0
4.65817e+06	0
4.65827e+06	0
4.65837e+06	0
4.65847e+06	0
4.65857e+06	0
4.65867e+06	0
4.65877e+06	0
4.65887e+06	0
4.65897e+06	0
4.65907e+06	0
4.65917e+06	0
4.65927e+06	0
4.65937e+06	0
4.65947e+06	0
4.65957e+06	0
4.65967e+06	0
4.65977e+06	0
4.65987e+06	0
4.65997e+06	0
4.66007e+06	0
4.66017e+06	0
4.66027e+06	0
4.66037e+06	0
4.66047e+06	0
4.66057e+06	0
4.66067e+06	0
4.66077e+06	0
4.66087e+06	0
4.66097e+06	0
4.66107e+06	0
4.66117e+06	0
4.66127e+06	0
4.66137e+06	0
4.66147e+06	0
4.66157e+06	0
4.66167e+06	0
4.66177e+06	7.41098e-323
4.66187e+06	3.47822e-321
4.66197e+06	1.60823e-319
4.66207e+06	7.3588e-318
4.66217e+06	3.33367e-316
4.66227e+06	1.49519e-314
4.66237e+06	6.63936e-313
4.66247e+06	2.91886e-311
4.66257e+06	1.27045e-309
4.66267e+06	5.47469e-308
4.66277e+06	2.33571e-306
4.66287e+06	9.86583e-305
4.66297e+06	4.12578e-303
4.66307e+06	1.70819e-301
4.66317e+06	7.00201e-300
4.66327e+06	2.84162e-298
4.66337e+06	1.14174e-296
4.66347e+06	4.54177e-295
4.66357e+06	1.78871e-293
4.66367e+06	6.97448e-292
4.66377e+06	2.69241e-290
4.66387e+06	1.02903e-288
4.66397e+06	3.89377e-287
4.66407e+06	1.45872e-285
4.66417e+06	5.41038e-284
4.66427e+06	1.98675e-282
4.66437e+06	7.22293e-281
4.66447e+06	2.59981e-279
4.66457e+06	9.26462e-278
4.66467e+06	3.26866e-276
4.66477e+06	1.14175e-274
4.66487e+06	3.94845e-273
4.66497e+06	1.35189e-271
4.66507e+06	4.58259e-270
4.66517e+06	1.53794e-268
4.66527e+06	5.11003e-267
4.66537e+06	1.68099e-265
4.66547e+06	5.47475e-264
4.66557e+06	1.76531e-262
4.66567e+06	5.63551e-261
4.66577e+06	1.78116e-259
4.66587e+06	5.57354e-258
4.66597e+06	1.72669e-256
4.66607e+06	5.2961e-255
4.66617e+06	1.60825e-253
4.66627e+06	4.83515e-252
4.66637e+06	1.43921e-250
4.66647e+06	4.24123e-249
4.66657e+06	1.23742e-247
4.66667e+06	3.57439e-246
4.66677e+06	1.02222e-244
4.66687e+06	2.89428e-243
4.66697e+06	8.11327e-242
4.66707e+06	2.25168e-240
4.66717e+06	6.18695e-239
4.66727e+06	1.68307e-237
4.66737e+06	4.533e-236
4.66747e+06	1.20872e-234
4.66757e+06	3.19097e-233
4.66767e+06	8.34021e-232
4.66777e+06	2.15818e-230
4.66787e+06	5.52913e-229
4.66797e+06	1.40243e-227
4.66807e+06	3.5218e-226
4.66817e+06	8.75596e-225
4.66827e+06	2.15526e-223
4.66837e+06	5.25235e-222
4.66847e+06	1.26726e-220
4.66857e+06	3.02714e-219
4.66867e+06	7.15908e-218
4.66877e+06	1.67625e-216
4.66887e+06	3.88578e-215
4.66897e+06	8.91813e-214
4.66907e+06	2.02641e-212
4.66917e+06	4.55865e-211
4.66927e+06	1.01532e-209
4.66937e+06	2.23886e-208
4.66947e+06	4.88775e-207
4.66957e+06	1.05645e-205
4.66967e+06	2.2607e-204
4.66977e+06	4.78955e-203
4.66987e+06	1.00463e-201
4.66997e+06	2.08627e-200
4.67007e+06	4.28938e-199
4.67017e+06	8.73122e-198
4.67027e+06	1.75959e-196
4.67037e+06	3.51081e-195
4.67047e+06	6.9352e-194
4.67057e+06	1.35634e-192
4.67067e+06	2.62624e-191
4.67077e+06	5.0345e-190
4.67087e+06	9.55513e-189
4.67097e+06	1.79545e-187
4.67107e+06	3.34016e-186
4.67117e+06	6.15203e-185
4.67127e+06	1.12183e-183
4.67137e+06	2.02531e-182
4.67147e+06	3.62005e-181
4.67157e+06	6.4061e-180
4.67167e+06	1.12235e-178
4.67177e+06	1.94681e-177
4.67187e+06	3.34329e-176
4.67197e+06	5.68436e-175
4.67207e+06	9.56855e-174
4.67217e+06	1.59466e-172
4.67227e+06	2.63116e-171
4.67237e+06	4.29816e-170
4.67247e+06	6.95145e-169
4.67257e+06	1.11308e-167
4.67267e+06	1.76454e-166
4.67277e+06	2.76947e-165
4.67287e+06	4.30346e-164
4.67297e+06	6.62057e-163
4.67307e+06	1.00839e-161
4.67317e+06	1.52063e-160
4.67327e+06	2.27024e-159
4.67337e+06	3.35566e-158
4.67347e+06	4.91068e-157
4.67357e+06	7.11479e-156
4.67367e+06	1.02056e-154
4.67377e+06	1.44935e-153
4.67387e+06	2.03782e-152
4.67397e+06	2.83671e-151
4.67407e+06	3.90949e-150
4.67417e+06	5.33437e-149
4.67427e+06	7.20615e-148
4.67437e+06	9.63785e-147
4.67447e+06	1.27619e-145
4.67457e+06	1.67303e-144
4.67467e+06	2.17147e-143
4.67477e+06	2.79035e-142
4.67487e+06	3.54993e-141
4.67497e+06	4.47136e-140
4.67507e+06	5.57591e-139
4.67517e+06	6.88413e-138
4.67527e+06	8.41472e-137
4.67537e+06	1.01833e-135
4.67547e+06	1.22009e-134
4.67557e+06	1.44728e-133
4.67567e+06	1.6997e-132
4.67577e+06	1.97627e-131
4.67587e+06	2.27499e-130
4.67597e+06	2.5928e-129
4.67607e+06	2.92561e-128
4.67617e+06	3.26829e-127
4.67627e+06	3.61478e-126
4.67637e+06	3.95822e-125
4.67647e+06	4.29116e-124
4.67657e+06	4.60582e-123
4.67667e+06	4.89436e-122
4.67677e+06	5.14923e-121
4.67687e+06	5.36346e-120
4.67697e+06	5.53103e-119
4.67707e+06	5.64707e-118
4.67717e+06	5.70818e-117
4.67727e+06	5.71254e-116
4.67737e+06	5.66001e-115
4.67747e+06	5.55217e-114
4.67757e+06	5.3922e-113
4.67767e+06	5.18472e-112
4.67777e+06	4.93563e-111
4.67787e+06	4.65175e-110
4.67797e+06	4.34057e-109
4.67807e+06	4.00991e-108
4.67817e+06	3.66758e-107
4.67827e+06	3.3211e-106
4.67837e+06	2.97743e-105
4.67847e+06	2.64276e-104
4.67857e+06	2.32236e-103
4.67867e+06	2.02051e-102
4.67877e+06	1.7404e-101
4.67887e+06	1.4842e-100
4.67897e+06	1.25312e-99
4.67907e+06	1.0475e-98
4.67917e+06	8.66898e-98
4.67927e+06	7.10298e-97
4.67937e+06	5.76196e-96
4.67947e+06	4.62761e-95
4.67957e+06	3.6796e-94
4.67967e+06	2.89669e-93
4.67977e+06	2.25766e-92
4.67987e+06	1.7421e-91
4.67997e+06	1.3309e-90
4.68007e+06	1.00664e-89
4.68017e+06	7.53809e-89
4.68027e+06	5.58862e-88
4.68037e+06	4.10209e-87
4.68047e+06	2.981e-86
4.68057e+06	2.14475e-85
4.68067e+06	1.52773e-84
4.68077e+06	1.0774e-83
4.68087e+06	7.52249e-83
4.68097e+06	5.20001e-82
4.68107e+06	3.5588e-81
4.68117e+06	2.41135e-80
4.68127e+06	1.61761e-79
4.68137e+06	1.07435e-78
4.68147e+06	7.06436e-78
4.68157e+06	4.59894e-77
4.68167e+06	2.96415e-76
4.68177e+06	1.89147e-75
4.68187e+06	1.19496e-74
4.68197e+06	7.47425e-74
4.68207e+06	4.62847e-73
4.68217e+06	2.83769e-72
4.68227e+06	1.72246e-71
4.68237e+06	1.03512e-70
4.68247e+06	6.1587e-70
4.68257e+06	3.62781e-69
4.68267e+06	2.11571e-68
4.68277e+06	1.22159e-67
4.68287e+06	6.98317e-67
4.68297e+06	3.95218e-66
4.68307e+06	2.21451e-65
4.68317e+06	1.2285e-64
4.68327e+06	6.7473e-64
4.68337e+06	3.66895e-63
4.68347e+06	1.9752e-62
4.68357e+06	1.05278e-61
4.68367e+06	5.55545e-61
4.68377e+06	2.90242e-60
4.68387e+06	1.50126e-59
4.68397e+06	7.68796e-59
4.68407e+06	3.89782e-58
4.68417e+06	1.95655e-57
4.68427e+06	9.72335e-57
4.68437e+06	4.78408e-56
4.68447e+06	2.33044e-55
4.68457e+06	1.12392e-54
4.68467e+06	5.36646e-54
4.68477e+06	2.53687e-53
4.68487e+06	1.18732e-52
4.68497e+06	5.50162e-52
4.68507e+06	2.5239e-51
4.68517e+06	1.14634e-50
4.68527e+06	5.15475e-50
4.68537e+06	2.29488e-49
4.68547e+06	1.01151e-48
4.68557e+06	4.41405e-48
4.68567e+06	1.90705e-47
4.68577e+06	8.15723e-47
4.68587e+06	3.45447e-46
4.68597e+06	1.44836e-45
4.68607e+06	6.01214e-45
4.68617e+06	2.4708e-44
4.68627e+06	1.00532e-43
4.68637e+06	4.04975e-43
4.68647e+06	1.61513e-42
4.68657e+06	6.37744e-42
4.68667e+06	2.49311e-41
4.68677e+06	9.64923e-41
4.68687e+06	3.69744e-40
4.68697e+06	1.40271e-39
4.68707e+06	5.26854e-39
4.68717e+06	1.95916e-38
4.68727e+06	7.21286e-38
4.68737e+06	2.62907e-37
4.68747e+06	9.48751e-37
4.68757e+06	3.3897e-36
4.68767e+06	1.19902e-35
4.68777e+06	4.19902e-35
4.68787e+06	1.45589e-34
4.68797e+06	4.99763e-34
4.68807e+06	1.69847e-33
4.68817e+06	5.71489e-33
4.68827e+06	1.90377e-32
4.68837e+06	6.27885e-32
4.68847e+06	2.05023e-31
4.68857e+06	6.62797e-31
4.68867e+06	2.12137e-30
4.68877e+06	6.72216e-30
4.68887e+06	2.10891e-29
4.68897e+06	6.55037e-29
4.68907e+06	2.01433e-28
4.68917e+06	6.13269e-28
4.68927e+06	1.84854e-27
4.68937e+06	5.51651e-27
4.68947e+06	1.62988e-26
4.68957e+06	4.76767e-26
4.68967e+06	1.38074e-25
4.68977e+06	3.95891e-25
4.68987e+06	1.12382e-24
4.68997e+06	3.15845e-24
4.69007e+06	8.78836e-24
4.69017e+06	2.42103e-23
4.69027e+06	6.60311e-23
4.69037e+06	1.78301e-22
4.69047e+06	4.76669e-22
4.69057e+06	1.26164e-21
4.69067e+06	3.30608e-21
4.69077e+06	8.57724e-21
4.69087e+06	2.20312e-20
4.69097e+06	5.60256e-20
4.69107e+06	1.41056e-19
4.69117e+06	3.51604e-19
4.69127e+06	8.67707e-19
4.69137e+06	2.12007e-18
4.69147e+06	5.12841e-18
4.69157e+06	1.22821e-17
4.69167e+06	2.9122e-17
4.69177e+06	6.83636e-17
4.69187e+06	1.58886e-16
4.69197e+06	3.65599e-16
4.69207e+06	8.32877e-16
4.69217e+06	1.87851e-15
4.69227e+06	4.19472e-15
4.69237e+06	9.27364e-15
4.69247e+06	2.0298e-14
4.69257e+06	4.39861e-14
4.69267e+06	9.43698e-14
4.69277e+06	2.00451e-13
4.69287e+06	4.21541e-13
4.69297e+06	8.77666e-13
4.69307e+06	1.80915e-12
4.69317e+06	3.69215e-12
4.69327e+06	7.46001e-12
4.69337e+06	1.4923e-11
4.69347e+06	2.9555e-11
4.69357e+06	5.79512e-11
4.69367e+06	1.125e-10
4.69377e+06	2.1622e-10
4.69387e+06	4.11433e-10
4.69397e+06	7.75102e-10
4.69407e+06	1.44569e-09
4.69417e+06	2.66962e-09
4.69427e+06	4.88068e-09
4.69437e+06	8.83422e-09
4.69447e+06	1.58312e-08
4.69457e+06	2.80876e-08
4.69467e+06	4.93372e-08
4.69477e+06	8.58007e-08
4.69487e+06	1.47728e-07
4.69497e+06	2.51822e-07
4.69507e+06	4.24993e-07
4.69517e+06	7.1011e-07
4.69527e+06	1.1747e-06
4.69537e+06	1.92391e-06
4.69547e+06	3.11962e-06
4.69557e+06	5.00811e-06
4.69567e+06	7.95982e-06
4.69577e+06	1.25254e-05
4.69587e+06	1.95134e-05
4.69597e+06	3.00978e-05
4.69607e+06	4.59613e-05
4.69617e+06	6.94876e-05
4.69627e+06	0.000104011
4.69637e+06	0.000154138
4.69647e+06	0.000226149
4.69657e+06	0.000328502
4.69667e+06	0.000472431
4.69677e+06	0.000672659
4.69687e+06	0.000948221
4.69697e+06	0.00132337
4.69707e+06	0.00182856
4.69717e+06	0.00250147
4.69727e+06	0.00338795
4.69737e+06	0.00454294
4.69747e+06	0.00603106
4.69757e+06	0.00792697
4.69767e+06	0.0103152
4.69777e+06	0.0132894
4.69787e+06	0.0169508
4.69797e+06	0.0214059
4.69807e+06	0.0267628
4.69817e+06	0.0331274
4.69827e+06	0.0405976
4.69837e+06	0.0492573
4.69847e+06	0.0591695
4.69857e+06	0.0703692
4.69867e+06	0.0828559
4.69877e+06	0.0965877
4.69887e+06	0.111475
4.69897e+06	0.127377
4.69907e+06	0.144098
4.69917e+06	0.161393
4.69927e+06	0.178966
4.69937e+06	0.196476
4.69947e+06	0.213554
4.69957e+06	0.229807
4.69967e+06	0.244836
4.69977e+06	0.258252
4.69987e+06	0.269693
4.69997e+06	0.278838
4.70007e+06	0.285425
4.70017e+06	0.289261
4.70027e+06	0.290231
4.70037e+06	0.288307
4.70047e+06	0.283546
4.70057e+06	0.276089
4.70067e+06	0.266153
4.70077e+06	0.254022
4.70087e+06	0.240031
4.70097e+06	0.224554
4.70107e+06	0.207985
4.70117e+06	0.190721
4.70127e+06	0.173151
4.70137e+06	0.155635
4.70147e+06	0.138499
4.70157e+06	0.122023
4.70167e+06	0.106438
4.70177e+06	0.0919203
4.70187e+06	0.0785931
4.70197e+06	0.0665301
4.70207e+06	0.0557592
4.70217e+06	0.0462683
4.70227e+06	0.0380126
4.70237e+06	0.0309217
4.70247e+06	0.0249066
4.70257e+06	0.0198666
4.70267e+06	0.0156949
4.70277e+06	0.012284
4.70287e+06	0.00952952
4.70297e+06	0.00733318
4.70307e+06	0.00560504
4.70317e+06	0.00426462
4.70327e+06	0.00324152
4.70337e+06	0.00247532
4.70347e+06	0.0019151
4.70357e+06	0.00151871
4.70367e+06	0.00125175
4.70377e+06	0.00108655
4.70387e+06	0.0010011
4.70397e+06	0.000977987
4.70407e+06	0.0010035
4.70417e+06	0.00106676
4.70427e+06	0.00115901
4.70437e+06	0.00127304
4.70447e+06	0.00140269
4.70457e+06	0.00154253
4.70467e+06	0.00168758
4.70477e+06	0.00183317
4.70487e+06	0.00197487
4.70497e+06	0.00210847
4.70507e+06	0.00223003
4.70517e+06	0.00233594
4.70527e+06	0.00242303
4.70537e+06	0.00248866
4.70547e+06	0.00253081
4.70557e+06	0.00254817
4.70567e+06	0.00254018
4.70577e+06	0.00250706
4.70587e+06	0.00244977
4.70597e+06	0.00236998
4.70607e+06	0.00226998
4.70617e+06	0.00215257
4.70627e+06	0.00202093
4.70637e+06	0.00187845
4.70647e+06	0.00172865
4.70657e+06	0.00157497
4.70667e+06	0.00142067
4.70677e+06	0.00126874
4.70687e+06	0.00112178
4.70697e+06	0.000981978
4.70707e+06	0.000851044
4.70717e+06	0.000730229
4.70727e+06	0.00062033
4.70737e+06	0.000521728
4.70747e+06	0.000434433
4.70757e+06	0.000358144
4.70767e+06	0.000292314
4.70777e+06	0.000236211
4.70787e+06	0.000188976
4.70797e+06	0.000149682
4.70807e+06	0.000117379
4.70817e+06	9.11313e-05
4.70827e+06	7.00491e-05
4.70837e+06	5.33082e-05
4.70847e+06	4.01645e-05
4.70857e+06	2.99605e-05
4.70867e+06	2.21264e-05
4.70877e+06	1.61782e-05
4.70887e+06	1.17114e-05
4.70897e+06	8.39349e-06
4.70907e+06	5.95571e-06
4.70917e+06	4.18391e-06
4.70927e+06	2.90996e-06
4.70937e+06	2.00378e-06
4.70947e+06	1.36606e-06
4.70957e+06	9.2203e-07
4.70967e+06	6.16139e-07
4.70977e+06	4.07633e-07
4.70987e+06	2.67003e-07
4.70997e+06	1.73149e-07
4.71007e+06	1.11169e-07
4.71017e+06	7.06646e-08
4.71027e+06	4.44711e-08
4.71037e+06	2.77083e-08
4.71047e+06	1.70923e-08
4.71057e+06	1.04387e-08
