3.20381e+06	1.09802e-06
3.20391e+06	1.8013e-06
3.20401e+06	2.92562e-06
3.20411e+06	4.70444e-06
3.20421e+06	7.48954e-06
3.20431e+06	1.18048e-05
3.20441e+06	1.84213e-05
3.20451e+06	2.84602e-05
3.20461e+06	4.35325e-05
3.20471e+06	6.59243e-05
3.20481e+06	9.88405e-05
3.20491e+06	0.000146717
3.20501e+06	0.000215618
3.20511e+06	0.000313722
3.20521e+06	0.000451921
3.20531e+06	0.000644521
3.20541e+06	0.000910057
3.20551e+06	0.00127221
3.20561e+06	0.00176077
3.20571e+06	0.00241271
3.20581e+06	0.00327315
3.20591e+06	0.00439625
3.20601e+06	0.00584597
3.20611e+06	0.0076964
3.20621e+06	0.0100317
3.20631e+06	0.0129456
3.20641e+06	0.0165396
3.20651e+06	0.0209211
3.20661e+06	0.0261999
3.20671e+06	0.0324844
3.20681e+06	0.0398755
3.20691e+06	0.0484613
3.20701e+06	0.0583099
3.20711e+06	0.069462
3.20721e+06	0.0819239
3.20731e+06	0.0956606
3.20741e+06	0.11059
3.20751e+06	0.126578
3.20761e+06	0.143438
3.20771e+06	0.160928
3.20781e+06	0.178759
3.20791e+06	0.196597
3.20801e+06	0.214073
3.20811e+06	0.230798
3.20821e+06	0.246376
3.20831e+06	0.260421
3.20841e+06	0.272577
3.20851e+06	0.28253
3.20861e+06	0.290033
3.20871e+06	0.294915
3.20881e+06	0.297094
3.20891e+06	0.296589
3.20901e+06	0.293519
3.20911e+06	0.28811
3.20921e+06	0.280685
3.20931e+06	0.271659
3.20941e+06	0.261526
3.20951e+06	0.250845
3.20961e+06	0.240223
3.20971e+06	0.230294
3.20981e+06	0.221702
3.20991e+06	0.215079
3.21001e+06	0.211022
3.21011e+06	0.210078
3.21021e+06	0.212719
3.21031e+06	0.219327
3.21041e+06	0.230177
3.21051e+06	0.245419
3.21061e+06	0.26507
3.21071e+06	0.288998
3.21081e+06	0.316922
3.21091e+06	0.348407
3.21101e+06	0.382869
3.21111e+06	0.419586
3.21121e+06	0.45771
3.21131e+06	0.496297
3.21141e+06	0.534327
3.21151e+06	0.570745
3.21161e+06	0.604496
3.21171e+06	0.634566
3.21181e+06	0.660021
3.21191e+06	0.680049
3.21201e+06	0.693994
3.21211e+06	0.70138
3.21221e+06	0.701936
3.21231e+06	0.695606
3.21241e+06	0.682546
3.21251e+06	0.663118
3.21261e+06	0.637866
3.21271e+06	0.607495
3.21281e+06	0.572828
3.21291e+06	0.534776
3.21301e+06	0.494291
3.21311e+06	0.452329
3.21321e+06	0.409814
3.21331e+06	0.367603
3.21341e+06	0.326459
3.21351e+06	0.287036
3.21361e+06	0.249864
3.21371e+06	0.215341
3.21381e+06	0.183742
3.21391e+06	0.15522
3.21401e+06	0.12982
3.21411e+06	0.107497
3.21421e+06	0.0881265
3.21431e+06	0.0715277
3.21441e+06	0.0574776
3.21451e+06	0.0457278
3.21461e+06	0.036018
3.21471e+06	0.0280876
3.21481e+06	0.0216854
3.21491e+06	0.0165759
3.21501e+06	0.0125443
3.21511e+06	0.00939873
3.21521e+06	0.00697188
3.21531e+06	0.00512022
3.21541e+06	0.00372292
3.21551e+06	0.00268001
3.21561e+06	0.00191005
3.21571e+06	0.00134776
3.21581e+06	0.000941533
3.21591e+06	0.000651202
3.21601e+06	0.000445916
3.21611e+06	0.000302307
3.21621e+06	0.000202908
3.21631e+06	0.000134837
3.21641e+06	8.87104e-05
3.21651e+06	5.77826e-05
3.21661e+06	3.7263e-05
3.21671e+06	2.37911e-05
3.21681e+06	1.50386e-05
3.21691e+06	9.41151e-06
3.21701e+06	5.83133e-06
3.21711e+06	3.57711e-06
3.21721e+06	2.17248e-06
3.21731e+06	1.30627e-06
3.21741e+06	7.77626e-07
3.21751e+06	4.58315e-07
3.21761e+06	2.67433e-07
3.21771e+06	1.54498e-07
3.21781e+06	8.83663e-08
3.21791e+06	5.0039e-08
3.21801e+06	2.80535e-08
3.21811e+06	1.55712e-08
3.21821e+06	8.55689e-09
3.21831e+06	4.65549e-09
3.21841e+06	2.50768e-09
3.21851e+06	1.33732e-09
3.21861e+06	7.06086e-10
3.21871e+06	3.69093e-10
3.21881e+06	1.91016e-10
3.21891e+06	9.7873e-11
3.21901e+06	4.96492e-11
3.21911e+06	2.49355e-11
3.21921e+06	1.23989e-11
3.21931e+06	6.10383e-12
3.21941e+06	2.97495e-12
3.21951e+06	1.43554e-12
3.21961e+06	6.85813e-13
3.21971e+06	3.2438e-13
3.21981e+06	1.51901e-13
3.21991e+06	7.04244e-14
3.22001e+06	3.23253e-14
3.22011e+06	1.46899e-14
3.22021e+06	6.60927e-15
3.22031e+06	2.94405e-15
3.22041e+06	1.29835e-15
3.22051e+06	5.66889e-16
3.22061e+06	2.45053e-16
3.22071e+06	1.04877e-16
3.22081e+06	4.44381e-17
3.22091e+06	1.86418e-17
3.22101e+06	7.74246e-18
3.22111e+06	3.18366e-18
3.22121e+06	1.29608e-18
3.22131e+06	5.22387e-19
3.22141e+06	2.08454e-19
3.22151e+06	8.23544e-20
3.22161e+06	3.22121e-20
3.22171e+06	1.24741e-20
3.22181e+06	4.78251e-21
3.22191e+06	1.81535e-21
3.22201e+06	6.82214e-22
3.22211e+06	2.53828e-22
3.22221e+06	9.35005e-23
3.22231e+06	3.40993e-23
3.22241e+06	1.23122e-23
3.22251e+06	4.4013e-24
3.22261e+06	1.5577e-24
3.22271e+06	5.45814e-25
3.22281e+06	1.89349e-25
3.22291e+06	6.50334e-26
3.22301e+06	2.2114e-26
3.22311e+06	7.44486e-27
3.22321e+06	2.48143e-27
3.22331e+06	8.18851e-28
3.22341e+06	2.67525e-28
3.22351e+06	8.65329e-29
3.22361e+06	2.77112e-29
3.22371e+06	8.78589e-30
3.22381e+06	2.75787e-30
3.22391e+06	8.57075e-31
3.22401e+06	2.63706e-31
3.22411e+06	8.03304e-32
3.22421e+06	2.42268e-32
3.22431e+06	7.23384e-33
3.22441e+06	2.13845e-33
3.22451e+06	6.25874e-34
3.22461e+06	1.81356e-34
3.22471e+06	5.20274e-35
3.22481e+06	1.47772e-35
3.22491e+06	4.15534e-36
3.22501e+06	1.15685e-36
3.22511e+06	3.18866e-37
3.22521e+06	8.70152e-38
3.22531e+06	2.35093e-38
3.22541e+06	6.28839e-39
3.22551e+06	1.66532e-39
3.22561e+06	4.36629e-40
3.22571e+06	1.1334e-40
3.22581e+06	2.91282e-41
3.22591e+06	7.41139e-42
3.22601e+06	1.86699e-42
3.22611e+06	4.65632e-43
3.22621e+06	1.14974e-43
3.22631e+06	2.8107e-44
3.22641e+06	6.80277e-45
3.22651e+06	1.6301e-45
3.22661e+06	3.86723e-46
3.22671e+06	9.08327e-47
3.22681e+06	2.11223e-47
3.22691e+06	4.86293e-48
3.22701e+06	1.10844e-48
3.22711e+06	2.5014e-49
3.22721e+06	5.58869e-50
3.22731e+06	1.23622e-50
3.22741e+06	2.7073e-51
3.22751e+06	5.86997e-52
3.22761e+06	1.26006e-52
3.22771e+06	2.67797e-53
3.22781e+06	5.63476e-54
3.22791e+06	1.17382e-54
3.22801e+06	2.42095e-55
3.22811e+06	4.94343e-56
3.22821e+06	9.9937e-57
3.22831e+06	2.00024e-57
3.22841e+06	3.96364e-58
3.22851e+06	7.77613e-59
3.22861e+06	1.51039e-59
3.22871e+06	2.90452e-60
3.22881e+06	5.52986e-61
3.22891e+06	1.04235e-61
3.22901e+06	1.94521e-62
3.22911e+06	3.59401e-63
3.22921e+06	6.57427e-64
3.22931e+06	1.19062e-64
3.22941e+06	2.1348e-65
3.22951e+06	3.78963e-66
3.22961e+06	6.6603e-67
3.22971e+06	1.15891e-67
3.22981e+06	1.99645e-68
3.22991e+06	3.40508e-69
3.23001e+06	5.7498e-70
3.23011e+06	9.61247e-71
3.23021e+06	1.59102e-71
3.23031e+06	2.60718e-72
3.23041e+06	4.22985e-73
3.23051e+06	6.79415e-74
3.23061e+06	1.08045e-74
3.23071e+06	1.70109e-75
3.23081e+06	2.65161e-76
3.23091e+06	4.09212e-77
3.23101e+06	6.25236e-78
3.23111e+06	9.45795e-79
3.23121e+06	1.41647e-79
3.23131e+06	2.10027e-80
3.23141e+06	3.08318e-81
3.23151e+06	4.48105e-82
3.23161e+06	6.44789e-83
3.23171e+06	9.18571e-84
3.23181e+06	1.29558e-84
3.23191e+06	1.80915e-85
3.23201e+06	2.50116e-86
3.23211e+06	3.42345e-87
3.23221e+06	4.63922e-88
3.23231e+06	6.22419e-89
3.23241e+06	8.26756e-90
3.23251e+06	1.08725e-90
3.23261e+06	1.41559e-91
3.23271e+06	1.82475e-92
3.23281e+06	2.32877e-93
3.23291e+06	2.94243e-94
3.23301e+06	3.68081e-95
3.23311e+06	4.55866e-96
3.23321e+06	5.5897e-97
3.23331e+06	6.78573e-98
3.23341e+06	8.15571e-99
3.23351e+06	9.70474e-100
3.23361e+06	1.14331e-100
3.23371e+06	1.33352e-101
3.23381e+06	1.5399e-102
3.23391e+06	1.76053e-103
3.23401e+06	1.99274e-104
3.23411e+06	2.23314e-105
3.23421e+06	2.47764e-106
3.23431e+06	2.72155e-107
3.23441e+06	2.95973e-108
3.23451e+06	3.18673e-109
3.23461e+06	3.39699e-110
3.23471e+06	3.5851e-111
3.23481e+06	3.74598e-112
3.23491e+06	3.87513e-113
3.23501e+06	3.96885e-114
3.23511e+06	4.02439e-115
3.23521e+06	4.0401e-116
3.23531e+06	4.01551e-117
3.23541e+06	3.95137e-118
3.23551e+06	3.84956e-119
3.23561e+06	3.71305e-120
3.23571e+06	3.54576e-121
3.23581e+06	3.3523e-122
3.23591e+06	3.13787e-123
3.23601e+06	2.90793e-124
3.23611e+06	2.66802e-125
3.23621e+06	2.42355e-126
3.23631e+06	2.17958e-127
3.23641e+06	1.94066e-128
3.23651e+06	1.71073e-129
3.23661e+06	1.49305e-130
3.23671e+06	1.29009e-131
3.23681e+06	1.10364e-132
3.23691e+06	9.34736e-134
3.23701e+06	7.83805e-135
3.23711e+06	6.50705e-136
3.23721e+06	5.34832e-137
3.23731e+06	4.35219e-138
3.23741e+06	3.50635e-139
3.23751e+06	2.79679e-140
3.23761e+06	2.20862e-141
3.23771e+06	1.72679e-142
3.23781e+06	1.33664e-143
3.23791e+06	1.02435e-144
3.23801e+06	7.77209e-146
3.23811e+06	5.83828e-147
3.23821e+06	4.34199e-148
3.23831e+06	3.19705e-149
3.23841e+06	2.3306e-150
3.23851e+06	1.68206e-151
3.23861e+06	1.20192e-152
3.23871e+06	8.50283e-154
3.23881e+06	5.95539e-155
3.23891e+06	4.12965e-156
3.23901e+06	2.83513e-157
3.23911e+06	1.92704e-158
3.23921e+06	1.29678e-159
3.23931e+06	8.63966e-161
3.23941e+06	5.69882e-162
3.23951e+06	3.72161e-163
3.23961e+06	2.40621e-164
3.23971e+06	1.54026e-165
3.23981e+06	9.76135e-167
3.23991e+06	6.12468e-168
3.24001e+06	3.80465e-169
3.24011e+06	2.33993e-170
3.24021e+06	1.42478e-171
3.24031e+06	8.58913e-173
3.24041e+06	5.12635e-174
3.24051e+06	3.02918e-175
3.24061e+06	1.77214e-176
3.24071e+06	1.02643e-177
3.24081e+06	5.88593e-179
3.24091e+06	3.34164e-180
3.24101e+06	1.87828e-181
3.24111e+06	1.04525e-182
3.24121e+06	5.75884e-184
3.24131e+06	3.14129e-185
3.24141e+06	1.69643e-186
3.24151e+06	9.07035e-188
3.24161e+06	4.8014e-189
3.24171e+06	2.51633e-190
3.24181e+06	1.30565e-191
3.24191e+06	6.7072e-193
3.24201e+06	3.41125e-194
3.24211e+06	1.71768e-195
3.24221e+06	8.56304e-197
3.24231e+06	4.22641e-198
3.24241e+06	2.06524e-199
3.24251e+06	9.99145e-201
3.24261e+06	4.78567e-202
3.24271e+06	2.26942e-203
3.24281e+06	1.06547e-204
3.24291e+06	4.95254e-206
3.24301e+06	2.27914e-207
3.24311e+06	1.03841e-208
3.24321e+06	4.68411e-210
3.24331e+06	2.0919e-211
3.24341e+06	9.24935e-213
3.24351e+06	4.04892e-214
3.24361e+06	1.75478e-215
3.24371e+06	7.52949e-217
3.24381e+06	3.19863e-218
3.24391e+06	1.3453e-219
3.24401e+06	5.60188e-221
3.24411e+06	2.30942e-222
3.24421e+06	9.42608e-224
3.24431e+06	3.80904e-225
3.24441e+06	1.5239e-226
3.24451e+06	6.03608e-228
3.24461e+06	2.36706e-229
3.24471e+06	9.19015e-231
3.24481e+06	3.53258e-232
3.24491e+06	1.34437e-233
3.24501e+06	5.06527e-235
3.24511e+06	1.88948e-236
3.24521e+06	6.97816e-238
3.24531e+06	2.5515e-239
3.24541e+06	9.2365e-241
3.24551e+06	3.31037e-242
3.24561e+06	1.17463e-243
3.24571e+06	4.12653e-245
3.24581e+06	1.43524e-246
3.24591e+06	4.94222e-248
3.24601e+06	1.68491e-249
3.24611e+06	5.68706e-251
3.24621e+06	1.90045e-252
3.24631e+06	6.28755e-254
3.24641e+06	2.05951e-255
3.24651e+06	6.67887e-257
3.24661e+06	2.14437e-258
3.24671e+06	6.81637e-260
3.24681e+06	2.14518e-261
3.24691e+06	6.68392e-263
3.24701e+06	2.06184e-264
3.24711e+06	6.29706e-266
3.24721e+06	1.90404e-267
3.24731e+06	5.69997e-269
3.24741e+06	1.68937e-270
3.24751e+06	4.95719e-272
3.24761e+06	1.44013e-273
3.24771e+06	4.14216e-275
3.24781e+06	1.17953e-276
3.24791e+06	3.32542e-278
3.24801e+06	9.28199e-280
3.24811e+06	2.56504e-281
3.24821e+06	7.01783e-283
3.24831e+06	1.90094e-284
3.24841e+06	5.09792e-286
3.24851e+06	1.35355e-287
3.24861e+06	3.55804e-289
3.24871e+06	9.25988e-291
3.24881e+06	2.38593e-292
3.24891e+06	6.08648e-294
3.24901e+06	1.5372e-295
3.24911e+06	3.84375e-297
3.24921e+06	9.51556e-299
3.24931e+06	2.33223e-300
3.24941e+06	5.65934e-302
3.24951e+06	1.35962e-303
3.24961e+06	3.23389e-305
3.24971e+06	7.61535e-307
3.24981e+06	1.77547e-308
3.24991e+06	4.09819e-310
3.25001e+06	9.36544e-312
3.25011e+06	2.11895e-313
3.25021e+06	4.74648e-315
3.25031e+06	1.05264e-316
3.25041e+06	2.31123e-318
3.25051e+06	5.02415e-320
3.25061e+06	1.082e-321
3.25071e+06	2.47033e-323
3.25081e+06	0
3.25091e+06	0
3.25101e+06	0
3.25111e+06	0
3.25121e+06	0
3.25131e+06	0
3.25141e+06	0
3.25151e+06	0
3.25161e+06	0
3.25171e+06	0
3.25181e+06	0
3.25191e+06	0
3.25201e+06	0
3.25211e+06	0
3.25221e+06	0
3.25231e+06	0
3.25241e+06	0
3.25251e+06	0
3.25261e+06	0
3.25271e+06	0
3.25281e+06	0
3.25291e+06	0
3.25301e+06	0
3.25311e+06	0
3.25321e+06	0
3.25331e+06	0
3.25341e+06	0
3.25351e+06	0
3.25361e+06	0
3.25371e+06	0
3.25381e+06	0
3.25391e+06	0
3.25401e+06	0
3.25411e+06	0
3.25421e+06	0
3.25431e+06	0
3.25441e+06	0
3.25451e+06	0
3.25461e+06	0
3.25471e+06	0
3.25481e+06	0
3.25491e+06	0
3.25501e+06	0
3.25511e+06	0
3.25521e+06	0
3.25531e+06	0
3.25541e+06	0
3.25551e+06	0
3.25561e+06	0
3.25571e+06	0
3.25581e+06	0
3.25591e+06	0
3.25601e+06	0
3.25611e+06	0
3.25621e+06	0
3.25631e+06	0
3.25641e+06	0
3.25651e+06	0
3.25661e+06	0
3.25671e+06	0
3.25681e+06	0
3.25691e+06	0
3.25701e+06	0
3.25711e+06	0
3.25721e+06	0
3.25731e+06	0
3.25741e+06	0
3.25751e+06	0
3.25761e+06	0
3.25771e+06	0
3.25781e+06	0
3.25791e+06	0
3.25801e+06	0
3.25811e+06	0
3.25821e+06	0
3.25831e+06	0
3.25841e+06	0
3.25851e+06	0
3.25861e+06	0
3.25871e+06	0
3.25881e+06	0
3.25891e+06	0
3.25901e+06	0
3.25911e+06	0
3.25921e+06	0
3.25931e+06	0
3.25941e+06	0
3.25951e+06	0
3.25961e+06	0
3.25971e+06	0
3.25981e+06	0
3.25991e+06	0
3.26001e+06	0
3.26011e+06	0
3.26021e+06	0
3.26031e+06	0
3.26041e+06	0
3.26051e+06	0
3.26061e+06	0
3.26071e+06	0
3.26081e+06	0
3.26091e+06	0
3.26101e+06	0
3.26111e+06	0
3.26121e+06	0
3.26131e+06	0
3.26141e+06	0
3.26151e+06	0
3.26161e+06	0
3.26171e+06	0
3.26181e+06	0
3.26191e+06	0
3.26201e+06	0
3.26211e+06	0
3.26221e+06	0
3.26231e+06	0
3.26241e+06	0
3.26251e+06	0
3.26261e+06	0
3.26271e+06	0
3.26281e+06	0
3.26291e+06	0
3.26301e+06	0
3.26311e+06	0
3.26321e+06	0
3.26331e+06	0
3.26341e+06	0
3.26351e+06	0
3.26361e+06	0
3.26371e+06	0
3.26381e+06	0
3.26391e+06	0
3.26401e+06	0
3.26411e+06	0
3.26421e+06	0
3.26431e+06	0
3.26441e+06	0
3.26451e+06	0
3.26461e+06	0
3.26471e+06	0
3.26481e+06	0
3.26491e+06	0
3.26501e+06	0
3.26511e+06	0
3.26521e+06	0
3.26531e+06	0
3.26541e+06	0
3.26551e+06	0
3.26561e+06	0
3.26571e+06	0
3.26581e+06	0
3.26591e+06	0
3.26601e+06	0
3.26611e+06	0
3.26621e+06	0
3.26631e+06	0
3.26641e+06	0
3.26651e+06	0
3.26661e+06	0
3.26671e+06	0
3.26681e+06	0
3.26691e+06	0
3.26701e+06	0
3.26711e+06	0
3.26721e+06	0
3.26731e+06	0
3.26741e+06	0
3.26751e+06	0
3.26761e+06	0
3.26771e+06	0
3.26781e+06	0
3.26791e+06	0
3.26801e+06	0
3.26811e+06	0
3.26821e+06	0
3.26831e+06	0
3.26841e+06	0
3.26851e+06	0
3.26861e+06	0
3.26871e+06	0
3.26881e+06	0
3.26891e+06	0
3.26901e+06	0
3.26911e+06	0
3.26921e+06	0
3.26931e+06	0
3.26941e+06	0
3.26951e+06	0
3.26961e+06	0
3.26971e+06	0
3.26981e+06	0
3.26991e+06	0
3.27001e+06	0
3.27011e+06	0
3.27021e+06	0
3.27031e+06	0
3.27041e+06	0
3.27051e+06	0
3.27061e+06	0
3.27071e+06	0
3.27081e+06	0
3.27091e+06	0
3.27101e+06	0
3.27111e+06	0
3.27121e+06	0
3.27131e+06	0
3.27141e+06	0
3.27151e+06	0
3.27161e+06	0
3.27171e+06	0
3.27181e+06	0
3.27191e+06	0
3.27201e+06	0
3.27211e+06	0
3.27221e+06	0
3.27231e+06	0
3.27241e+06	0
3.27251e+06	0
3.27261e+06	0
3.27271e+06	0
3.27281e+06	0
3.27291e+06	0
3.27301e+06	0
3.27311e+06	0
3.27321e+06	0
3.27331e+06	0
3.27341e+06	0
3.27351e+06	0
3.27361e+06	0
3.27371e+06	0
3.27381e+06	0
3.27391e+06	0
3.27401e+06	0
3.27411e+06	0
3.27421e+06	0
3.27431e+06	0
3.27441e+06	0
3.27451e+06	0
3.27461e+06	0
3.27471e+06	0
3.27481e+06	0
3.27491e+06	0
3.27501e+06	0
3.27511e+06	0
3.27521e+06	0
3.27531e+06	0
3.27541e+06	0
3.27551e+06	0
3.27561e+06	0
3.27571e+06	0
3.27581e+06	0
3.27591e+06	0
3.27601e+06	0
3.27611e+06	0
3.27621e+06	0
3.27631e+06	0
3.27641e+06	0
3.27651e+06	0
3.27661e+06	0
3.27671e+06	0
3.27681e+06	0
3.27691e+06	0
3.27701e+06	0
3.27711e+06	0
3.27721e+06	0
3.27731e+06	0
3.27741e+06	0
3.27751e+06	0
3.27761e+06	0
3.27771e+06	0
3.27781e+06	0
3.27791e+06	0
3.27801e+06	0
3.27811e+06	0
3.27821e+06	0
3.27831e+06	0
3.27841e+06	0
3.27851e+06	0
3.27861e+06	0
3.27871e+06	0
3.27881e+06	0
3.27891e+06	0
3.27901e+06	0
3.27911e+06	0
3.27921e+06	0
3.27931e+06	0
3.27941e+06	0
3.27951e+06	0
3.27961e+06	0
3.27971e+06	0
3.27981e+06	0
3.27991e+06	0
3.28001e+06	0
3.28011e+06	0
3.28021e+06	0
3.28031e+06	0
3.28041e+06	0
3.28051e+06	0
3.28061e+06	0
3.28071e+06	0
3.28081e+06	0
3.28091e+06	0
3.28101e+06	0
3.28111e+06	0
3.28121e+06	0
3.28131e+06	0
3.28141e+06	0
3.28151e+06	0
3.28161e+06	0
3.28171e+06	0
3.28181e+06	0
3.28191e+06	0
3.28201e+06	0
3.28211e+06	0
3.28221e+06	0
3.28231e+06	0
3.28241e+06	0
3.28251e+06	0
3.28261e+06	0
3.28271e+06	0
3.28281e+06	0
3.28291e+06	0
3.28301e+06	0
3.28311e+06	0
3.28321e+06	0
3.28331e+06	0
3.28341e+06	0
3.28351e+06	0
3.28361e+06	0
3.28371e+06	0
3.28381e+06	0
3.28391e+06	0
3.28401e+06	0
3.28411e+06	0
3.28421e+06	0
3.28431e+06	0
3.28441e+06	0
3.28451e+06	0
3.28461e+06	0
3.28471e+06	0
3.28481e+06	0
3.28491e+06	0
3.28501e+06	0
3.28511e+06	0
3.28521e+06	0
3.28531e+06	0
3.28541e+06	0
3.28551e+06	0
3.28561e+06	0
3.28571e+06	0
3.28581e+06	0
3.28591e+06	0
3.28601e+06	0
3.28611e+06	0
3.28621e+06	0
3.28631e+06	0
3.28641e+06	0
3.28651e+06	0
3.28661e+06	0
3.28671e+06	0
3.28681e+06	0
3.28691e+06	0
3.28701e+06	0
3.28711e+06	0
3.28721e+06	0
3.28731e+06	0
3.28741e+06	0
3.28751e+06	0
3.28761e+06	0
3.28771e+06	0
3.28781e+06	0
3.28791e+06	0
3.28801e+06	0
3.28811e+06	0
3.28821e+06	0
3.28831e+06	0
3.28841e+06	0
3.28851e+06	0
3.28861e+06	0
3.28871e+06	0
3.28881e+06	0
3.28891e+06	0
3.28901e+06	0
3.28911e+06	0
3.28921e+06	0
3.28931e+06	0
3.28941e+06	0
3.28951e+06	0
3.28961e+06	0
3.28971e+06	0
3.28981e+06	0
3.28991e+06	0
3.29001e+06	0
3.29011e+06	0
3.29021e+06	0
3.29031e+06	0
3.29041e+06	0
3.29051e+06	0
3.29061e+06	0
3.29071e+06	0
3.29081e+06	0
3.29091e+06	0
3.29101e+06	0
3.29111e+06	0
3.29121e+06	0
3.29131e+06	0
3.29141e+06	0
3.29151e+06	0
3.29161e+06	0
3.29171e+06	0
3.29181e+06	0
3.29191e+06	0
3.29201e+06	0
3.29211e+06	0
3.29221e+06	0
3.29231e+06	0
3.29241e+06	0
3.29251e+06	0
3.29261e+06	0
3.29271e+06	0
3.29281e+06	0
3.29291e+06	0
3.29301e+06	0
3.29311e+06	0
3.29321e+06	0
3.29331e+06	0
3.29341e+06	0
3.29351e+06	0
3.29361e+06	0
3.29371e+06	0
3.29381e+06	0
3.29391e+06	0
3.29401e+06	0
3.29411e+06	0
3.29421e+06	0
3.29431e+06	0
3.29441e+06	0
3.29451e+06	0
3.29461e+06	0
3.29471e+06	0
3.29481e+06	0
3.29491e+06	0
3.29501e+06	0
3.29511e+06	0
3.29521e+06	0
3.29531e+06	0
3.29541e+06	0
3.29551e+06	0
3.29561e+06	0
3.29571e+06	0
3.29581e+06	0
3.29591e+06	0
3.29601e+06	0
3.29611e+06	0
3.29621e+06	0
3.29631e+06	0
3.29641e+06	0
3.29651e+06	0
3.29661e+06	0
3.29671e+06	0
3.29681e+06	0
3.29691e+06	0
3.29701e+06	0
3.29711e+06	0
3.29721e+06	0
3.29731e+06	0
3.29741e+06	0
3.29751e+06	0
3.29761e+06	0
3.29771e+06	0
3.29781e+06	0
3.29791e+06	0
3.29801e+06	0
3.29811e+06	0
3.29821e+06	0
3.29831e+06	0
3.29841e+06	0
3.29851e+06	0
3.29861e+06	0
3.29871e+06	0
3.29881e+06	0
3.29891e+06	0
3.29901e+06	0
3.29911e+06	0
3.29921e+06	0
3.29931e+06	0
3.29941e+06	0
3.29951e+06	0
3.29961e+06	0
3.29971e+06	0
3.29981e+06	0
3.29991e+06	0
3.30001e+06	0
3.30011e+06	0
3.30021e+06	0
3.30031e+06	0
3.30041e+06	0
3.30051e+06	0
3.30061e+06	0
3.30071e+06	0
3.30081e+06	0
3.30091e+06	0
3.30101e+06	0
3.30111e+06	0
3.30121e+06	0
3.30131e+06	0
3.30141e+06	0
3.30151e+06	0
3.30161e+06	0
3.30171e+06	0
3.30181e+06	0
3.30191e+06	0
3.30201e+06	0
3.30211e+06	0
3.30221e+06	0
3.30231e+06	0
3.30241e+06	0
3.30251e+06	0
3.30261e+06	0
3.30271e+06	0
3.30281e+06	0
3.30291e+06	0
3.30301e+06	0
3.30311e+06	0
3.30321e+06	0
3.30331e+06	0
3.30341e+06	0
3.30351e+06	0
3.30361e+06	0
3.30371e+06	0
3.30381e+06	0
3.30391e+06	0
3.30401e+06	0
3.30411e+06	0
3.30421e+06	0
3.30431e+06	0
3.30441e+06	0
3.30451e+06	0
3.30461e+06	0
3.30471e+06	0
3.30481e+06	0
3.30491e+06	0
3.30501e+06	0
3.30511e+06	0
3.30521e+06	0
3.30531e+06	0
3.30541e+06	0
3.30551e+06	0
3.30561e+06	0
3.30571e+06	0
3.30581e+06	0
3.30591e+06	0
3.30601e+06	0
3.30611e+06	0
3.30621e+06	0
3.30631e+06	0
3.30641e+06	0
3.30651e+06	0
3.30661e+06	0
3.30671e+06	0
3.30681e+06	0
3.30691e+06	0
3.30701e+06	0
3.30711e+06	0
3.30721e+06	0
3.30731e+06	0
3.30741e+06	0
3.30751e+06	0
3.30761e+06	0
3.30771e+06	0
3.30781e+06	0
3.30791e+06	0
3.30801e+06	0
3.30811e+06	0
3.30821e+06	0
3.30831e+06	0
3.30841e+06	0
3.30851e+06	0
3.30861e+06	0
3.30871e+06	0
3.30881e+06	0
3.30891e+06	0
3.30901e+06	0
3.30911e+06	0
3.30921e+06	0
3.30931e+06	0
3.30941e+06	0
3.30951e+06	0
3.30961e+06	0
3.30971e+06	0
3.30981e+06	0
3.30991e+06	0
3.31001e+06	0
3.31011e+06	0
3.31021e+06	0
3.31031e+06	0
3.31041e+06	0
3.31051e+06	0
3.31061e+06	0
3.31071e+06	0
3.31081e+06	0
3.31091e+06	0
3.31101e+06	0
3.31111e+06	0
3.31121e+06	0
3.31131e+06	0
3.31141e+06	0
3.31151e+06	0
3.31161e+06	0
3.31171e+06	0
3.31181e+06	0
3.31191e+06	0
3.31201e+06	0
3.31211e+06	0
3.31221e+06	0
3.31231e+06	0
3.31241e+06	0
3.31251e+06	0
3.31261e+06	0
3.31271e+06	0
3.31281e+06	0
3.31291e+06	0
3.31301e+06	0
3.31311e+06	0
3.31321e+06	0
3.31331e+06	0
3.31341e+06	0
3.31351e+06	0
3.31361e+06	0
3.31371e+06	0
3.31381e+06	0
3.31391e+06	0
3.31401e+06	0
3.31411e+06	0
3.31421e+06	0
3.31431e+06	0
3.31441e+06	0
3.31451e+06	0
3.31461e+06	0
3.31471e+06	0
3.31481e+06	0
3.31491e+06	0
3.31501e+06	0
3.31511e+06	0
3.31521e+06	0
3.31531e+06	0
3.31541e+06	0
3.31551e+06	0
3.31561e+06	0
3.31571e+06	0
3.31581e+06	0
3.31591e+06	0
3.31601e+06	0
3.31611e+06	0
3.31621e+06	0
3.31631e+06	0
3.31641e+06	0
3.31651e+06	0
3.31661e+06	0
3.31671e+06	0
3.31681e+06	0
3.31691e+06	0
3.31701e+06	0
3.31711e+06	0
3.31721e+06	0
3.31731e+06	0
3.31741e+06	0
3.31751e+06	0
3.31761e+06	0
3.31771e+06	0
3.31781e+06	0
3.31791e+06	0
3.31801e+06	0
3.31811e+06	0
3.31821e+06	0
3.31831e+06	0
3.31841e+06	0
3.31851e+06	0
3.31861e+06	0
3.31871e+06	0
3.31881e+06	0
3.31891e+06	0
3.31901e+06	0
3.31911e+06	0
3.31921e+06	0
3.31931e+06	0
3.31941e+06	0
3.31951e+06	0
3.31961e+06	0
3.31971e+06	0
3.31981e+06	0
3.31991e+06	0
3.32001e+06	0
3.32011e+06	0
3.32021e+06	0
3.32031e+06	0
3.32041e+06	0
3.32051e+06	0
3.32061e+06	0
3.32071e+06	0
3.32081e+06	0
3.32091e+06	0
3.32101e+06	0
3.32111e+06	0
3.32121e+06	0
3.32131e+06	0
3.32141e+06	0
3.32151e+06	0
3.32161e+06	0
3.32171e+06	0
3.32181e+06	0
3.32191e+06	0
3.32201e+06	0
3.32211e+06	0
3.32221e+06	0
3.32231e+06	0
3.32241e+06	0
3.32251e+06	0
3.32261e+06	0
3.32271e+06	0
3.32281e+06	0
3.32291e+06	0
3.32301e+06	0
3.32311e+06	0
3.32321e+06	0
3.32331e+06	0
3.32341e+06	0
3.32351e+06	0
3.32361e+06	0
3.32371e+06	0
3.32381e+06	0
3.32391e+06	0
3.32401e+06	0
3.32411e+06	0
3.32421e+06	0
3.32431e+06	0
3.32441e+06	0
3.32451e+06	0
3.32461e+06	0
3.32471e+06	0
3.32481e+06	0
3.32491e+06	0
3.32501e+06	0
3.32511e+06	0
3.32521e+06	0
3.32531e+06	0
3.32541e+06	0
3.32551e+06	0
3.32561e+06	0
3.32571e+06	0
3.32581e+06	0
3.32591e+06	0
3.32601e+06	0
3.32611e+06	0
3.32621e+06	0
3.32631e+06	0
3.32641e+06	0
3.32651e+06	0
3.32661e+06	0
3.32671e+06	0
3.32681e+06	0
3.32691e+06	0
3.32701e+06	0
3.32711e+06	0
3.32721e+06	0
3.32731e+06	0
3.32741e+06	0
3.32751e+06	0
3.32761e+06	0
3.32771e+06	0
3.32781e+06	0
3.32791e+06	0
3.32801e+06	0
3.32811e+06	0
3.32821e+06	0
3.32831e+06	0
3.32841e+06	0
3.32851e+06	0
3.32861e+06	0
3.32871e+06	0
3.32881e+06	0
3.32891e+06	0
3.32901e+06	0
3.32911e+06	0
3.32921e+06	0
3.32931e+06	0
3.32941e+06	0
3.32951e+06	0
3.32961e+06	0
3.32971e+06	0
3.32981e+06	0
3.32991e+06	0
3.33001e+06	0
3.33011e+06	0
3.33021e+06	0
3.33031e+06	0
3.33041e+06	0
3.33051e+06	0
3.33061e+06	0
3.33071e+06	0
3.33081e+06	0
3.33091e+06	0
3.33101e+06	0
3.33111e+06	0
3.33121e+06	0
3.33131e+06	0
3.33141e+06	0
3.33151e+06	0
3.33161e+06	0
3.33171e+06	0
3.33181e+06	0
3.33191e+06	0
3.33201e+06	0
3.33211e+06	0
3.33221e+06	0
3.33231e+06	0
3.33241e+06	0
3.33251e+06	0
3.33261e+06	0
3.33271e+06	0
3.33281e+06	0
3.33291e+06	0
3.33301e+06	0
3.33311e+06	0
3.33321e+06	0
3.33331e+06	0
3.33341e+06	0
3.33351e+06	0
3.33361e+06	0
3.33371e+06	0
3.33381e+06	0
3.33391e+06	0
3.33401e+06	0
3.33411e+06	0
3.33421e+06	0
3.33431e+06	0
3.33441e+06	0
3.33451e+06	0
3.33461e+06	0
3.33471e+06	0
3.33481e+06	0
3.33491e+06	0
3.33501e+06	0
3.33511e+06	0
3.33521e+06	0
3.33531e+06	0
3.33541e+06	0
3.33551e+06	0
3.33561e+06	0
3.33571e+06	0
3.33581e+06	0
3.33591e+06	0
3.33601e+06	0
3.33611e+06	0
3.33621e+06	0
3.33631e+06	0
3.33641e+06	0
3.33651e+06	0
3.33661e+06	0
3.33671e+06	0
3.33681e+06	0
3.33691e+06	0
3.33701e+06	0
3.33711e+06	0
3.33721e+06	0
3.33731e+06	0
3.33741e+06	0
3.33751e+06	0
3.33761e+06	0
3.33771e+06	0
3.33781e+06	0
3.33791e+06	0
3.33801e+06	0
3.33811e+06	0
3.33821e+06	0
3.33831e+06	0
3.33841e+06	0
3.33851e+06	0
3.33861e+06	0
3.33871e+06	0
3.33881e+06	0
3.33891e+06	0
3.33901e+06	0
3.33911e+06	0
3.33921e+06	0
3.33931e+06	0
3.33941e+06	0
3.33951e+06	0
3.33961e+06	0
3.33971e+06	0
3.33981e+06	0
3.33991e+06	0
3.34001e+06	0
3.34011e+06	0
3.34021e+06	0
3.34031e+06	0
3.34041e+06	0
3.34051e+06	0
3.34061e+06	0
3.34071e+06	0
3.34081e+06	0
3.34091e+06	0
3.34101e+06	0
3.34111e+06	0
3.34121e+06	0
3.34131e+06	0
3.34141e+06	0
3.34151e+06	0
3.34161e+06	0
3.34171e+06	0
3.34181e+06	0
3.34191e+06	0
3.34201e+06	0
3.34211e+06	0
3.34221e+06	0
3.34231e+06	0
3.34241e+06	0
3.34251e+06	0
3.34261e+06	0
3.34271e+06	0
3.34281e+06	0
3.34291e+06	0
3.34301e+06	0
3.34311e+06	0
3.34321e+06	0
3.34331e+06	0
3.34341e+06	0
3.34351e+06	0
3.34361e+06	0
3.34371e+06	0
3.34381e+06	0
3.34391e+06	0
3.34401e+06	0
3.34411e+06	0
3.34421e+06	0
3.34431e+06	0
3.34441e+06	0
3.34451e+06	0
3.34461e+06	0
3.34471e+06	0
3.34481e+06	0
3.34491e+06	0
3.34501e+06	0
3.34511e+06	0
3.34521e+06	0
3.34531e+06	0
3.34541e+06	0
3.34551e+06	0
3.34561e+06	0
3.34571e+06	0
3.34581e+06	0
3.34591e+06	0
3.34601e+06	0
3.34611e+06	0
3.34621e+06	0
3.34631e+06	0
3.34641e+06	0
3.34651e+06	0
3.34661e+06	0
3.34671e+06	0
3.34681e+06	0
3.34691e+06	0
3.34701e+06	0
3.34711e+06	0
3.34721e+06	0
3.34731e+06	0
3.34741e+06	0
3.34751e+06	0
3.34761e+06	0
3.34771e+06	0
3.34781e+06	0
3.34791e+06	0
3.34801e+06	0
3.34811e+06	0
3.34821e+06	0
3.34831e+06	0
3.34841e+06	0
3.34851e+06	0
3.34861e+06	0
3.34871e+06	0
3.34881e+06	0
3.34891e+06	0
3.34901e+06	0
3.34911e+06	0
3.34921e+06	0
3.34931e+06	0
3.34941e+06	0
3.34951e+06	0
3.34961e+06	0
3.34971e+06	0
3.34981e+06	0
3.34991e+06	0
3.35001e+06	0
3.35011e+06	0
3.35021e+06	0
3.35031e+06	0
3.35041e+06	0
3.35051e+06	0
3.35061e+06	0
3.35071e+06	0
3.35081e+06	0
3.35091e+06	0
3.35101e+06	0
3.35111e+06	0
3.35121e+06	0
3.35131e+06	0
3.35141e+06	0
3.35151e+06	0
3.35161e+06	0
3.35171e+06	0
3.35181e+06	0
3.35191e+06	0
3.35201e+06	0
3.35211e+06	0
3.35221e+06	0
3.35231e+06	0
3.35241e+06	0
3.35251e+06	0
3.35261e+06	0
3.35271e+06	0
3.35281e+06	0
3.35291e+06	0
3.35301e+06	0
3.35311e+06	0
3.35321e+06	0
3.35331e+06	0
3.35341e+06	0
3.35351e+06	0
3.35361e+06	0
3.35371e+06	0
3.35381e+06	0
3.35391e+06	0
3.35401e+06	0
3.35411e+06	0
3.35421e+06	0
3.35431e+06	0
3.35441e+06	0
3.35451e+06	0
3.35461e+06	0
3.35471e+06	0
3.35481e+06	0
3.35491e+06	0
3.35501e+06	0
3.35511e+06	0
3.35521e+06	0
3.35531e+06	0
3.35541e+06	0
3.35551e+06	0
3.35561e+06	0
3.35571e+06	0
3.35581e+06	0
3.35591e+06	0
3.35601e+06	0
3.35611e+06	0
3.35621e+06	0
3.35631e+06	0
3.35641e+06	0
3.35651e+06	0
3.35661e+06	0
3.35671e+06	0
3.35681e+06	0
3.35691e+06	0
3.35701e+06	0
3.35711e+06	0
3.35721e+06	0
3.35731e+06	0
3.35741e+06	0
3.35751e+06	0
3.35761e+06	0
3.35771e+06	0
3.35781e+06	0
3.35791e+06	0
3.35801e+06	0
3.35811e+06	0
3.35821e+06	0
3.35831e+06	0
3.35841e+06	0
3.35851e+06	0
3.35861e+06	0
3.35871e+06	0
3.35881e+06	0
3.35891e+06	0
3.35901e+06	0
3.35911e+06	0
3.35921e+06	0
3.35931e+06	0
3.35941e+06	0
3.35951e+06	0
3.35961e+06	0
3.35971e+06	0
3.35981e+06	0
3.35991e+06	0
3.36001e+06	0
3.36011e+06	0
3.36021e+06	0
3.36031e+06	0
3.36041e+06	0
3.36051e+06	0
3.36061e+06	0
3.36071e+06	0
3.36081e+06	0
3.36091e+06	0
3.36101e+06	0
3.36111e+06	0
3.36121e+06	0
3.36131e+06	0
3.36141e+06	0
3.36151e+06	0
3.36161e+06	0
3.36171e+06	0
3.36181e+06	0
3.36191e+06	0
3.36201e+06	0
3.36211e+06	0
3.36221e+06	0
3.36231e+06	0
3.36241e+06	0
3.36251e+06	0
3.36261e+06	0
3.36271e+06	0
3.36281e+06	0
3.36291e+06	0
3.36301e+06	0
3.36311e+06	0
3.36321e+06	0
3.36331e+06	0
3.36341e+06	0
3.36351e+06	0
3.36361e+06	0
3.36371e+06	0
3.36381e+06	0
3.36391e+06	0
3.36401e+06	0
3.36411e+06	0
3.36421e+06	0
3.36431e+06	0
3.36441e+06	0
3.36451e+06	0
3.36461e+06	0
3.36471e+06	0
3.36481e+06	0
3.36491e+06	0
3.36501e+06	0
3.36511e+06	0
3.36521e+06	0
3.36531e+06	0
3.36541e+06	0
3.36551e+06	0
3.36561e+06	0
3.36571e+06	0
3.36581e+06	0
3.36591e+06	0
3.36601e+06	0
3.36611e+06	0
3.36621e+06	0
3.36631e+06	0
3.36641e+06	0
3.36651e+06	0
3.36661e+06	0
3.36671e+06	0
3.36681e+06	0
3.36691e+06	0
3.36701e+06	0
3.36711e+06	0
3.36721e+06	0
3.36731e+06	0
3.36741e+06	0
3.36751e+06	0
3.36761e+06	0
3.36771e+06	0
3.36781e+06	0
3.36791e+06	0
3.36801e+06	0
3.36811e+06	0
3.36821e+06	0
3.36831e+06	0
3.36841e+06	0
3.36851e+06	0
3.36861e+06	0
3.36871e+06	0
3.36881e+06	0
3.36891e+06	0
3.36901e+06	0
3.36911e+06	0
3.36921e+06	0
3.36931e+06	0
3.36941e+06	0
3.36951e+06	0
3.36961e+06	0
3.36971e+06	0
3.36981e+06	0
3.36991e+06	0
3.37001e+06	0
3.37011e+06	0
3.37021e+06	0
3.37031e+06	0
3.37041e+06	0
3.37051e+06	0
3.37061e+06	0
3.37071e+06	0
3.37081e+06	0
3.37091e+06	0
3.37101e+06	0
3.37111e+06	0
3.37121e+06	0
3.37131e+06	0
3.37141e+06	0
3.37151e+06	0
3.37161e+06	0
3.37171e+06	0
3.37181e+06	0
3.37191e+06	0
3.37201e+06	0
3.37211e+06	0
3.37221e+06	0
3.37231e+06	0
3.37241e+06	0
3.37251e+06	0
3.37261e+06	0
3.37271e+06	0
3.37281e+06	0
3.37291e+06	0
3.37301e+06	0
3.37311e+06	0
3.37321e+06	0
3.37331e+06	0
3.37341e+06	0
3.37351e+06	0
3.37361e+06	0
3.37371e+06	0
3.37381e+06	0
3.37391e+06	0
3.37401e+06	0
3.37411e+06	0
3.37421e+06	0
3.37431e+06	0
3.37441e+06	0
3.37451e+06	0
3.37461e+06	0
3.37471e+06	0
3.37481e+06	0
3.37491e+06	0
3.37501e+06	0
3.37511e+06	0
3.37521e+06	0
3.37531e+06	0
3.37541e+06	0
3.37551e+06	0
3.37561e+06	0
3.37571e+06	0
3.37581e+06	0
3.37591e+06	0
3.37601e+06	0
3.37611e+06	0
3.37621e+06	0
3.37631e+06	0
3.37641e+06	0
3.37651e+06	0
3.37661e+06	0
3.37671e+06	0
3.37681e+06	0
3.37691e+06	0
3.37701e+06	0
3.37711e+06	0
3.37721e+06	0
3.37731e+06	0
3.37741e+06	0
3.37751e+06	0
3.37761e+06	0
3.37771e+06	0
3.37781e+06	0
3.37791e+06	0
3.37801e+06	0
3.37811e+06	0
3.37821e+06	0
3.37831e+06	0
3.37841e+06	0
3.37851e+06	0
3.37861e+06	0
3.37871e+06	0
3.37881e+06	0
3.37891e+06	0
3.37901e+06	0
3.37911e+06	0
3.37921e+06	0
3.37931e+06	0
3.37941e+06	0
3.37951e+06	0
3.37961e+06	0
3.37971e+06	0
3.37981e+06	0
3.37991e+06	0
3.38001e+06	0
3.38011e+06	0
3.38021e+06	0
3.38031e+06	0
3.38041e+06	0
3.38051e+06	0
3.38061e+06	0
3.38071e+06	0
3.38081e+06	0
3.38091e+06	0
3.38101e+06	0
3.38111e+06	0
3.38121e+06	0
3.38131e+06	0
3.38141e+06	0
3.38151e+06	0
3.38161e+06	0
3.38171e+06	0
3.38181e+06	0
3.38191e+06	0
3.38201e+06	0
3.38211e+06	0
3.38221e+06	0
3.38231e+06	0
3.38241e+06	0
3.38251e+06	0
3.38261e+06	0
3.38271e+06	0
3.38281e+06	0
3.38291e+06	0
3.38301e+06	0
3.38311e+06	0
3.38321e+06	0
3.38331e+06	0
3.38341e+06	0
3.38351e+06	0
3.38361e+06	0
3.38371e+06	0
3.38381e+06	0
3.38391e+06	0
3.38401e+06	0
3.38411e+06	0
3.38421e+06	0
3.38431e+06	0
3.38441e+06	0
3.38451e+06	0
3.38461e+06	0
3.38471e+06	0
3.38481e+06	0
3.38491e+06	0
3.38501e+06	0
3.38511e+06	0
3.38521e+06	0
3.38531e+06	0
3.38541e+06	0
3.38551e+06	0
3.38561e+06	0
3.38571e+06	0
3.38581e+06	0
3.38591e+06	0
3.38601e+06	0
3.38611e+06	0
3.38621e+06	0
3.38631e+06	0
3.38641e+06	0
3.38651e+06	0
3.38661e+06	0
3.38671e+06	0
3.38681e+06	0
3.38691e+06	0
3.38701e+06	0
3.38711e+06	0
3.38721e+06	0
3.38731e+06	0
3.38741e+06	0
3.38751e+06	0
3.38761e+06	0
3.38771e+06	0
3.38781e+06	0
3.38791e+06	0
3.38801e+06	0
3.38811e+06	0
3.38821e+06	0
3.38831e+06	0
3.38841e+06	0
3.38851e+06	0
3.38861e+06	0
3.38871e+06	0
3.38881e+06	0
3.38891e+06	0
3.38901e+06	0
3.38911e+06	0
3.38921e+06	0
3.38931e+06	0
3.38941e+06	0
3.38951e+06	0
3.38961e+06	0
3.38971e+06	0
3.38981e+06	0
3.38991e+06	0
3.39001e+06	0
3.39011e+06	0
3.39021e+06	0
3.39031e+06	0
3.39041e+06	0
3.39051e+06	0
3.39061e+06	0
3.39071e+06	0
3.39081e+06	0
3.39091e+06	0
3.39101e+06	0
3.39111e+06	0
3.39121e+06	0
3.39131e+06	0
3.39141e+06	0
3.39151e+06	0
3.39161e+06	0
3.39171e+06	0
3.39181e+06	0
3.39191e+06	0
3.39201e+06	0
3.39211e+06	0
3.39221e+06	0
3.39231e+06	0
3.39241e+06	0
3.39251e+06	0
3.39261e+06	0
3.39271e+06	0
3.39281e+06	0
3.39291e+06	0
3.39301e+06	0
3.39311e+06	0
3.39321e+06	0
3.39331e+06	0
3.39341e+06	0
3.39351e+06	0
3.39361e+06	0
3.39371e+06	0
3.39381e+06	0
3.39391e+06	0
3.39401e+06	0
3.39411e+06	0
3.39421e+06	0
3.39431e+06	0
3.39441e+06	0
3.39451e+06	0
3.39461e+06	0
3.39471e+06	0
3.39481e+06	0
3.39491e+06	0
3.39501e+06	0
3.39511e+06	0
3.39521e+06	0
3.39531e+06	0
3.39541e+06	0
3.39551e+06	0
3.39561e+06	0
3.39571e+06	0
3.39581e+06	0
3.39591e+06	0
3.39601e+06	0
3.39611e+06	0
3.39621e+06	0
3.39631e+06	0
3.39641e+06	0
3.39651e+06	0
3.39661e+06	0
3.39671e+06	0
3.39681e+06	0
3.39691e+06	0
3.39701e+06	0
3.39711e+06	0
3.39721e+06	0
3.39731e+06	0
3.39741e+06	0
3.39751e+06	0
3.39761e+06	0
3.39771e+06	0
3.39781e+06	0
3.39791e+06	0
3.39801e+06	0
3.39811e+06	0
3.39821e+06	0
3.39831e+06	0
3.39841e+06	0
3.39851e+06	0
3.39861e+06	0
3.39871e+06	0
3.39881e+06	0
3.39891e+06	0
3.39901e+06	0
3.39911e+06	0
3.39921e+06	0
3.39931e+06	0
3.39941e+06	0
3.39951e+06	0
3.39961e+06	0
3.39971e+06	0
3.39981e+06	0
3.39991e+06	0
3.40001e+06	0
3.40011e+06	0
3.40021e+06	0
3.40031e+06	0
3.40041e+06	0
3.40051e+06	0
3.40061e+06	0
3.40071e+06	0
3.40081e+06	0
3.40091e+06	0
3.40101e+06	0
3.40111e+06	0
3.40121e+06	0
3.40131e+06	0
3.40141e+06	0
3.40151e+06	0
3.40161e+06	0
3.40171e+06	0
3.40181e+06	0
3.40191e+06	0
3.40201e+06	0
3.40211e+06	0
3.40221e+06	0
3.40231e+06	0
3.40241e+06	0
3.40251e+06	0
3.40261e+06	0
3.40271e+06	0
3.40281e+06	0
3.40291e+06	0
3.40301e+06	0
3.40311e+06	0
3.40321e+06	0
3.40331e+06	0
3.40341e+06	0
3.40351e+06	0
3.40361e+06	0
3.40371e+06	0
3.40381e+06	0
3.40391e+06	0
3.40401e+06	0
3.40411e+06	0
3.40421e+06	0
3.40431e+06	0
3.40441e+06	0
3.40451e+06	0
3.40461e+06	0
3.40471e+06	0
3.40481e+06	0
3.40491e+06	0
3.40501e+06	0
3.40511e+06	0
3.40521e+06	0
3.40531e+06	0
3.40541e+06	0
3.40551e+06	0
3.40561e+06	0
3.40571e+06	0
3.40581e+06	0
3.40591e+06	0
3.40601e+06	0
3.40611e+06	0
3.40621e+06	0
3.40631e+06	0
3.40641e+06	0
3.40651e+06	0
3.40661e+06	0
3.40671e+06	0
3.40681e+06	0
3.40691e+06	0
3.40701e+06	0
3.40711e+06	0
3.40721e+06	0
3.40731e+06	0
3.40741e+06	0
3.40751e+06	0
3.40761e+06	0
3.40771e+06	0
3.40781e+06	0
3.40791e+06	0
3.40801e+06	0
3.40811e+06	0
3.40821e+06	0
3.40831e+06	0
3.40841e+06	0
3.40851e+06	0
3.40861e+06	0
3.40871e+06	0
3.40881e+06	0
3.40891e+06	0
3.40901e+06	0
3.40911e+06	0
3.40921e+06	0
3.40931e+06	0
3.40941e+06	0
3.40951e+06	0
3.40961e+06	0
3.40971e+06	0
3.40981e+06	0
3.40991e+06	0
3.41001e+06	0
3.41011e+06	0
3.41021e+06	0
3.41031e+06	0
3.41041e+06	0
3.41051e+06	0
3.41061e+06	0
3.41071e+06	0
3.41081e+06	0
3.41091e+06	0
3.41101e+06	0
3.41111e+06	0
3.41121e+06	0
3.41131e+06	0
3.41141e+06	0
3.41151e+06	0
3.41161e+06	0
3.41171e+06	0
3.41181e+06	0
3.41191e+06	0
3.41201e+06	0
3.41211e+06	0
3.41221e+06	0
3.41231e+06	0
3.41241e+06	0
3.41251e+06	0
3.41261e+06	0
3.41271e+06	0
3.41281e+06	0
3.41291e+06	0
3.41301e+06	0
3.41311e+06	0
3.41321e+06	0
3.41331e+06	0
3.41341e+06	0
3.41351e+06	0
3.41361e+06	0
3.41371e+06	0
3.41381e+06	0
3.41391e+06	0
3.41401e+06	0
3.41411e+06	0
3.41421e+06	0
3.41431e+06	0
3.41441e+06	0
3.41451e+06	0
3.41461e+06	0
3.41471e+06	0
3.41481e+06	0
3.41491e+06	0
3.41501e+06	0
3.41511e+06	0
3.41521e+06	0
3.41531e+06	0
3.41541e+06	0
3.41551e+06	0
3.41561e+06	0
3.41571e+06	0
3.41581e+06	0
3.41591e+06	0
3.41601e+06	0
3.41611e+06	0
3.41621e+06	0
3.41631e+06	0
3.41641e+06	0
3.41651e+06	0
3.41661e+06	0
3.41671e+06	0
3.41681e+06	0
3.41691e+06	0
3.41701e+06	0
3.41711e+06	0
3.41721e+06	0
3.41731e+06	0
3.41741e+06	0
3.41751e+06	0
3.41761e+06	0
3.41771e+06	0
3.41781e+06	0
3.41791e+06	0
3.41801e+06	0
3.41811e+06	0
3.41821e+06	0
3.41831e+06	0
3.41841e+06	0
3.41851e+06	0
3.41861e+06	0
3.41871e+06	0
3.41881e+06	0
3.41891e+06	0
3.41901e+06	0
3.41911e+06	0
3.41921e+06	0
3.41931e+06	0
3.41941e+06	0
3.41951e+06	0
3.41961e+06	0
3.41971e+06	0
3.41981e+06	0
3.41991e+06	0
3.42001e+06	0
3.42011e+06	0
3.42021e+06	0
3.42031e+06	0
3.42041e+06	0
3.42051e+06	0
3.42061e+06	0
3.42071e+06	0
3.42081e+06	0
3.42091e+06	0
3.42101e+06	0
3.42111e+06	0
3.42121e+06	0
3.42131e+06	0
3.42141e+06	0
3.42151e+06	0
3.42161e+06	0
3.42171e+06	0
3.42181e+06	0
3.42191e+06	0
3.42201e+06	0
3.42211e+06	0
3.42221e+06	0
3.42231e+06	0
3.42241e+06	0
3.42251e+06	0
3.42261e+06	0
3.42271e+06	0
3.42281e+06	0
3.42291e+06	0
3.42301e+06	0
3.42311e+06	0
3.42321e+06	0
3.42331e+06	0
3.42341e+06	0
3.42351e+06	0
3.42361e+06	0
3.42371e+06	0
3.42381e+06	0
3.42391e+06	0
3.42401e+06	0
3.42411e+06	0
3.42421e+06	0
3.42431e+06	0
3.42441e+06	0
3.42451e+06	0
3.42461e+06	0
3.42471e+06	0
3.42481e+06	0
3.42491e+06	0
3.42501e+06	0
3.42511e+06	0
3.42521e+06	0
3.42531e+06	0
3.42541e+06	0
3.42551e+06	0
3.42561e+06	0
3.42571e+06	0
3.42581e+06	0
3.42591e+06	0
3.42601e+06	0
3.42611e+06	0
3.42621e+06	0
3.42631e+06	0
3.42641e+06	0
3.42651e+06	0
3.42661e+06	0
3.42671e+06	0
3.42681e+06	0
3.42691e+06	0
3.42701e+06	0
3.42711e+06	0
3.42721e+06	0
3.42731e+06	0
3.42741e+06	0
3.42751e+06	0
3.42761e+06	0
3.42771e+06	0
3.42781e+06	0
3.42791e+06	0
3.42801e+06	0
3.42811e+06	0
3.42821e+06	0
3.42831e+06	0
3.42841e+06	0
3.42851e+06	0
3.42861e+06	0
3.42871e+06	0
3.42881e+06	0
3.42891e+06	0
3.42901e+06	0
3.42911e+06	0
3.42921e+06	0
3.42931e+06	0
3.42941e+06	0
3.42951e+06	0
3.42961e+06	0
3.42971e+06	0
3.42981e+06	0
3.42991e+06	0
3.43001e+06	0
3.43011e+06	0
3.43021e+06	0
3.43031e+06	0
3.43041e+06	0
3.43051e+06	0
3.43061e+06	0
3.43071e+06	0
3.43081e+06	0
3.43091e+06	0
3.43101e+06	0
3.43111e+06	0
3.43121e+06	0
3.43131e+06	0
3.43141e+06	0
3.43151e+06	0
3.43161e+06	0
3.43171e+06	0
3.43181e+06	0
3.43191e+06	0
3.43201e+06	0
3.43211e+06	0
3.43221e+06	0
3.43231e+06	0
3.43241e+06	0
3.43251e+06	0
3.43261e+06	0
3.43271e+06	0
3.43281e+06	0
3.43291e+06	0
3.43301e+06	0
3.43311e+06	0
3.43321e+06	0
3.43331e+06	0
3.43341e+06	0
3.43351e+06	0
3.43361e+06	0
3.43371e+06	0
3.43381e+06	0
3.43391e+06	0
3.43401e+06	0
3.43411e+06	0
3.43421e+06	0
3.43431e+06	0
3.43441e+06	0
3.43451e+06	0
3.43461e+06	0
3.43471e+06	0
3.43481e+06	0
3.43491e+06	0
3.43501e+06	0
3.43511e+06	0
3.43521e+06	0
3.43531e+06	0
3.43541e+06	0
3.43551e+06	0
3.43561e+06	0
3.43571e+06	0
3.43581e+06	0
3.43591e+06	0
3.43601e+06	0
3.43611e+06	0
3.43621e+06	0
3.43631e+06	0
3.43641e+06	0
3.43651e+06	0
3.43661e+06	0
3.43671e+06	0
3.43681e+06	0
3.43691e+06	0
3.43701e+06	0
3.43711e+06	0
3.43721e+06	0
3.43731e+06	0
3.43741e+06	0
3.43751e+06	0
3.43761e+06	0
3.43771e+06	0
3.43781e+06	0
3.43791e+06	0
3.43801e+06	0
3.43811e+06	0
3.43821e+06	0
3.43831e+06	0
3.43841e+06	0
3.43851e+06	0
3.43861e+06	0
3.43871e+06	0
3.43881e+06	0
3.43891e+06	0
3.43901e+06	0
3.43911e+06	0
3.43921e+06	0
3.43931e+06	0
3.43941e+06	0
3.43951e+06	0
3.43961e+06	0
3.43971e+06	0
3.43981e+06	0
3.43991e+06	0
3.44001e+06	0
3.44011e+06	0
3.44021e+06	0
3.44031e+06	0
3.44041e+06	0
3.44051e+06	0
3.44061e+06	0
3.44071e+06	0
3.44081e+06	0
3.44091e+06	0
3.44101e+06	0
3.44111e+06	0
3.44121e+06	0
3.44131e+06	0
3.44141e+06	0
3.44151e+06	0
3.44161e+06	0
3.44171e+06	0
3.44181e+06	0
3.44191e+06	0
3.44201e+06	0
3.44211e+06	0
3.44221e+06	0
3.44231e+06	0
3.44241e+06	0
3.44251e+06	0
3.44261e+06	0
3.44271e+06	0
3.44281e+06	0
3.44291e+06	0
3.44301e+06	0
3.44311e+06	0
3.44321e+06	0
3.44331e+06	0
3.44341e+06	0
3.44351e+06	0
3.44361e+06	0
3.44371e+06	0
3.44381e+06	0
3.44391e+06	0
3.44401e+06	0
3.44411e+06	0
3.44421e+06	0
3.44431e+06	0
3.44441e+06	0
3.44451e+06	0
3.44461e+06	0
3.44471e+06	0
3.44481e+06	0
3.44491e+06	0
3.44501e+06	0
3.44511e+06	0
3.44521e+06	0
3.44531e+06	0
3.44541e+06	0
3.44551e+06	0
3.44561e+06	0
3.44571e+06	0
3.44581e+06	0
3.44591e+06	0
3.44601e+06	0
3.44611e+06	0
3.44621e+06	0
3.44631e+06	0
3.44641e+06	0
3.44651e+06	0
3.44661e+06	0
3.44671e+06	0
3.44681e+06	0
3.44691e+06	0
3.44701e+06	0
3.44711e+06	0
3.44721e+06	0
3.44731e+06	0
3.44741e+06	0
3.44751e+06	0
3.44761e+06	0
3.44771e+06	0
3.44781e+06	0
3.44791e+06	0
3.44801e+06	0
3.44811e+06	0
3.44821e+06	0
3.44831e+06	0
3.44841e+06	0
3.44851e+06	0
3.44861e+06	0
3.44871e+06	0
3.44881e+06	0
3.44891e+06	0
3.44901e+06	0
3.44911e+06	0
3.44921e+06	0
3.44931e+06	0
3.44941e+06	0
3.44951e+06	0
3.44961e+06	0
3.44971e+06	0
3.44981e+06	0
3.44991e+06	0
3.45001e+06	0
3.45011e+06	0
3.45021e+06	0
3.45031e+06	0
3.45041e+06	0
3.45051e+06	0
3.45061e+06	0
3.45071e+06	0
3.45081e+06	0
3.45091e+06	0
3.45101e+06	0
3.45111e+06	0
3.45121e+06	0
3.45131e+06	0
3.45141e+06	0
3.45151e+06	0
3.45161e+06	0
3.45171e+06	0
3.45181e+06	0
3.45191e+06	0
3.45201e+06	0
3.45211e+06	0
3.45221e+06	0
3.45231e+06	0
3.45241e+06	0
3.45251e+06	0
3.45261e+06	0
3.45271e+06	0
3.45281e+06	0
3.45291e+06	0
3.45301e+06	0
3.45311e+06	0
3.45321e+06	0
3.45331e+06	0
3.45341e+06	0
3.45351e+06	0
3.45361e+06	0
3.45371e+06	0
3.45381e+06	0
3.45391e+06	0
3.45401e+06	0
3.45411e+06	0
3.45421e+06	0
3.45431e+06	0
3.45441e+06	0
3.45451e+06	0
3.45461e+06	0
3.45471e+06	0
3.45481e+06	0
3.45491e+06	0
3.45501e+06	0
3.45511e+06	0
3.45521e+06	0
3.45531e+06	0
3.45541e+06	0
3.45551e+06	0
3.45561e+06	0
3.45571e+06	0
3.45581e+06	0
3.45591e+06	0
3.45601e+06	0
3.45611e+06	0
3.45621e+06	0
3.45631e+06	0
3.45641e+06	0
3.45651e+06	0
3.45661e+06	0
3.45671e+06	0
3.45681e+06	0
3.45691e+06	0
3.45701e+06	0
3.45711e+06	0
3.45721e+06	0
3.45731e+06	0
3.45741e+06	0
3.45751e+06	0
3.45761e+06	0
3.45771e+06	0
3.45781e+06	0
3.45791e+06	0
3.45801e+06	0
3.45811e+06	0
3.45821e+06	0
3.45831e+06	0
3.45841e+06	0
3.45851e+06	0
3.45861e+06	0
3.45871e+06	0
3.45881e+06	0
3.45891e+06	0
3.45901e+06	0
3.45911e+06	0
3.45921e+06	0
3.45931e+06	0
3.45941e+06	0
3.45951e+06	0
3.45961e+06	0
3.45971e+06	0
3.45981e+06	0
3.45991e+06	0
3.46001e+06	0
3.46011e+06	0
3.46021e+06	0
3.46031e+06	0
3.46041e+06	0
3.46051e+06	0
3.46061e+06	0
3.46071e+06	0
3.46081e+06	0
3.46091e+06	0
3.46101e+06	0
3.46111e+06	0
3.46121e+06	0
3.46131e+06	0
3.46141e+06	0
3.46151e+06	0
3.46161e+06	0
3.46171e+06	0
3.46181e+06	0
3.46191e+06	0
3.46201e+06	0
3.46211e+06	0
3.46221e+06	0
3.46231e+06	0
3.46241e+06	0
3.46251e+06	0
3.46261e+06	0
3.46271e+06	0
3.46281e+06	0
3.46291e+06	0
3.46301e+06	0
3.46311e+06	0
3.46321e+06	0
3.46331e+06	0
3.46341e+06	0
3.46351e+06	0
3.46361e+06	0
3.46371e+06	0
3.46381e+06	0
3.46391e+06	0
3.46401e+06	0
3.46411e+06	0
3.46421e+06	0
3.46431e+06	0
3.46441e+06	0
3.46451e+06	0
3.46461e+06	0
3.46471e+06	0
3.46481e+06	0
3.46491e+06	0
3.46501e+06	0
3.46511e+06	0
3.46521e+06	0
3.46531e+06	0
3.46541e+06	0
3.46551e+06	0
3.46561e+06	0
3.46571e+06	0
3.46581e+06	0
3.46591e+06	0
3.46601e+06	0
3.46611e+06	0
3.46621e+06	0
3.46631e+06	0
3.46641e+06	0
3.46651e+06	0
3.46661e+06	0
3.46671e+06	0
3.46681e+06	0
3.46691e+06	0
3.46701e+06	0
3.46711e+06	0
3.46721e+06	0
3.46731e+06	0
3.46741e+06	0
3.46751e+06	0
3.46761e+06	0
3.46771e+06	0
3.46781e+06	0
3.46791e+06	0
3.46801e+06	0
3.46811e+06	0
3.46821e+06	0
3.46831e+06	0
3.46841e+06	0
3.46851e+06	0
3.46861e+06	0
3.46871e+06	0
3.46881e+06	0
3.46891e+06	0
3.46901e+06	0
3.46911e+06	0
3.46921e+06	0
3.46931e+06	0
3.46941e+06	0
3.46951e+06	0
3.46961e+06	0
3.46971e+06	0
3.46981e+06	0
3.46991e+06	0
3.47001e+06	0
3.47011e+06	0
3.47021e+06	0
3.47031e+06	0
3.47041e+06	0
3.47051e+06	0
3.47061e+06	0
3.47071e+06	0
3.47081e+06	0
3.47091e+06	0
3.47101e+06	0
3.47111e+06	0
3.47121e+06	0
3.47131e+06	0
3.47141e+06	0
3.47151e+06	0
3.47161e+06	0
3.47171e+06	0
3.47181e+06	0
3.47191e+06	0
3.47201e+06	0
3.47211e+06	0
3.47221e+06	0
3.47231e+06	0
3.47241e+06	0
3.47251e+06	0
3.47261e+06	0
3.47271e+06	0
3.47281e+06	0
3.47291e+06	0
3.47301e+06	0
3.47311e+06	0
3.47321e+06	0
3.47331e+06	0
3.47341e+06	0
3.47351e+06	0
3.47361e+06	0
3.47371e+06	0
3.47381e+06	0
3.47391e+06	0
3.47401e+06	0
3.47411e+06	0
3.47421e+06	0
3.47431e+06	0
3.47441e+06	0
3.47451e+06	0
3.47461e+06	0
3.47471e+06	0
3.47481e+06	0
3.47491e+06	0
3.47501e+06	0
3.47511e+06	0
3.47521e+06	0
3.47531e+06	0
3.47541e+06	0
3.47551e+06	0
3.47561e+06	0
3.47571e+06	0
3.47581e+06	0
3.47591e+06	0
3.47601e+06	0
3.47611e+06	0
3.47621e+06	0
3.47631e+06	0
3.47641e+06	0
3.47651e+06	0
3.47661e+06	0
3.47671e+06	0
3.47681e+06	0
3.47691e+06	0
3.47701e+06	0
3.47711e+06	0
3.47721e+06	0
3.47731e+06	0
3.47741e+06	0
3.47751e+06	0
3.47761e+06	0
3.47771e+06	0
3.47781e+06	0
3.47791e+06	0
3.47801e+06	0
3.47811e+06	0
3.47821e+06	0
3.47831e+06	0
3.47841e+06	0
3.47851e+06	0
3.47861e+06	0
3.47871e+06	0
3.47881e+06	0
3.47891e+06	0
3.47901e+06	0
3.47911e+06	0
3.47921e+06	0
3.47931e+06	0
3.47941e+06	0
3.47951e+06	0
3.47961e+06	0
3.47971e+06	0
3.47981e+06	0
3.47991e+06	0
3.48001e+06	0
3.48011e+06	0
3.48021e+06	0
3.48031e+06	0
3.48041e+06	0
3.48051e+06	0
3.48061e+06	0
3.48071e+06	0
3.48081e+06	0
3.48091e+06	0
3.48101e+06	0
3.48111e+06	0
3.48121e+06	0
3.48131e+06	0
3.48141e+06	0
3.48151e+06	0
3.48161e+06	0
3.48171e+06	0
3.48181e+06	0
3.48191e+06	0
3.48201e+06	0
3.48211e+06	0
3.48221e+06	0
3.48231e+06	0
3.48241e+06	0
3.48251e+06	0
3.48261e+06	0
3.48271e+06	0
3.48281e+06	0
3.48291e+06	0
3.48301e+06	0
3.48311e+06	0
3.48321e+06	0
3.48331e+06	0
3.48341e+06	0
3.48351e+06	0
3.48361e+06	0
3.48371e+06	0
3.48381e+06	0
3.48391e+06	0
3.48401e+06	0
3.48411e+06	0
3.48421e+06	0
3.48431e+06	0
3.48441e+06	0
3.48451e+06	0
3.48461e+06	0
3.48471e+06	0
3.48481e+06	0
3.48491e+06	0
3.48501e+06	0
3.48511e+06	0
3.48521e+06	0
3.48531e+06	0
3.48541e+06	0
3.48551e+06	0
3.48561e+06	0
3.48571e+06	0
3.48581e+06	0
3.48591e+06	0
3.48601e+06	0
3.48611e+06	0
3.48621e+06	0
3.48631e+06	0
3.48641e+06	0
3.48651e+06	0
3.48661e+06	0
3.48671e+06	0
3.48681e+06	0
3.48691e+06	0
3.48701e+06	0
3.48711e+06	0
3.48721e+06	0
3.48731e+06	0
3.48741e+06	0
3.48751e+06	0
3.48761e+06	0
3.48771e+06	0
3.48781e+06	0
3.48791e+06	0
3.48801e+06	0
3.48811e+06	0
3.48821e+06	0
3.48831e+06	0
3.48841e+06	0
3.48851e+06	0
3.48861e+06	0
3.48871e+06	0
3.48881e+06	0
3.48891e+06	0
3.48901e+06	0
3.48911e+06	0
3.48921e+06	0
3.48931e+06	0
3.48941e+06	0
3.48951e+06	0
3.48961e+06	0
3.48971e+06	0
3.48981e+06	0
3.48991e+06	0
3.49001e+06	0
3.49011e+06	0
3.49021e+06	0
3.49031e+06	0
3.49041e+06	0
3.49051e+06	0
3.49061e+06	0
3.49071e+06	0
3.49081e+06	0
3.49091e+06	0
3.49101e+06	0
3.49111e+06	0
3.49121e+06	0
3.49131e+06	0
3.49141e+06	0
3.49151e+06	0
3.49161e+06	0
3.49171e+06	0
3.49181e+06	0
3.49191e+06	0
3.49201e+06	0
3.49211e+06	0
3.49221e+06	0
3.49231e+06	0
3.49241e+06	0
3.49251e+06	0
3.49261e+06	0
3.49271e+06	0
3.49281e+06	0
3.49291e+06	0
3.49301e+06	0
3.49311e+06	0
3.49321e+06	0
3.49331e+06	0
3.49341e+06	0
3.49351e+06	0
3.49361e+06	0
3.49371e+06	0
3.49381e+06	0
3.49391e+06	0
3.49401e+06	0
3.49411e+06	0
3.49421e+06	0
3.49431e+06	0
3.49441e+06	0
3.49451e+06	0
3.49461e+06	0
3.49471e+06	0
3.49481e+06	0
3.49491e+06	0
3.49501e+06	0
3.49511e+06	0
3.49521e+06	0
3.49531e+06	0
3.49541e+06	0
3.49551e+06	0
3.49561e+06	0
3.49571e+06	0
3.49581e+06	0
3.49591e+06	0
3.49601e+06	0
3.49611e+06	0
3.49621e+06	0
3.49631e+06	0
3.49641e+06	0
3.49651e+06	0
3.49661e+06	0
3.49671e+06	0
3.49681e+06	0
3.49691e+06	0
3.49701e+06	0
3.49711e+06	0
3.49721e+06	0
3.49731e+06	0
3.49741e+06	0
3.49751e+06	0
3.49761e+06	0
3.49771e+06	0
3.49781e+06	0
3.49791e+06	0
3.49801e+06	0
3.49811e+06	0
3.49821e+06	0
3.49831e+06	0
3.49841e+06	0
3.49851e+06	0
3.49861e+06	0
3.49871e+06	0
3.49881e+06	0
3.49891e+06	0
3.49901e+06	0
3.49911e+06	0
3.49921e+06	0
3.49931e+06	0
3.49941e+06	0
3.49951e+06	0
3.49961e+06	0
3.49971e+06	0
3.49981e+06	0
3.49991e+06	0
3.50001e+06	0
3.50011e+06	0
3.50021e+06	0
3.50031e+06	0
3.50041e+06	0
3.50051e+06	0
3.50061e+06	0
3.50071e+06	0
3.50081e+06	0
3.50091e+06	0
3.50101e+06	0
3.50111e+06	0
3.50121e+06	0
3.50131e+06	0
3.50141e+06	0
3.50151e+06	0
3.50161e+06	0
3.50171e+06	0
3.50181e+06	0
3.50191e+06	0
3.50201e+06	0
3.50211e+06	0
3.50221e+06	0
3.50231e+06	0
3.50241e+06	0
3.50251e+06	0
3.50261e+06	0
3.50271e+06	0
3.50281e+06	0
3.50291e+06	0
3.50301e+06	0
3.50311e+06	0
3.50321e+06	0
3.50331e+06	0
3.50341e+06	0
3.50351e+06	0
3.50361e+06	0
3.50371e+06	0
3.50381e+06	0
3.50391e+06	0
3.50401e+06	0
3.50411e+06	0
3.50421e+06	0
3.50431e+06	0
3.50441e+06	0
3.50451e+06	0
3.50461e+06	0
3.50471e+06	0
3.50481e+06	0
3.50491e+06	0
3.50501e+06	0
3.50511e+06	0
3.50521e+06	0
3.50531e+06	0
3.50541e+06	0
3.50551e+06	0
3.50561e+06	0
3.50571e+06	0
3.50581e+06	0
3.50591e+06	0
3.50601e+06	0
3.50611e+06	0
3.50621e+06	0
3.50631e+06	0
3.50641e+06	0
3.50651e+06	0
3.50661e+06	0
3.50671e+06	0
3.50681e+06	0
3.50691e+06	0
3.50701e+06	0
3.50711e+06	0
3.50721e+06	0
3.50731e+06	0
3.50741e+06	0
3.50751e+06	0
3.50761e+06	0
3.50771e+06	0
3.50781e+06	0
3.50791e+06	0
3.50801e+06	0
3.50811e+06	0
3.50821e+06	0
3.50831e+06	0
3.50841e+06	0
3.50851e+06	0
3.50861e+06	0
3.50871e+06	0
3.50881e+06	0
3.50891e+06	0
3.50901e+06	0
3.50911e+06	0
3.50921e+06	0
3.50931e+06	0
3.50941e+06	0
3.50951e+06	0
3.50961e+06	0
3.50971e+06	0
3.50981e+06	0
3.50991e+06	0
3.51001e+06	0
3.51011e+06	0
3.51021e+06	0
3.51031e+06	0
3.51041e+06	0
3.51051e+06	0
3.51061e+06	0
3.51071e+06	0
3.51081e+06	0
3.51091e+06	0
3.51101e+06	0
3.51111e+06	0
3.51121e+06	0
3.51131e+06	0
3.51141e+06	0
3.51151e+06	0
3.51161e+06	0
3.51171e+06	0
3.51181e+06	0
3.51191e+06	0
3.51201e+06	0
3.51211e+06	0
3.51221e+06	0
3.51231e+06	0
3.51241e+06	0
3.51251e+06	0
3.51261e+06	0
3.51271e+06	0
3.51281e+06	0
3.51291e+06	0
3.51301e+06	0
3.51311e+06	0
3.51321e+06	0
3.51331e+06	0
3.51341e+06	0
3.51351e+06	0
3.51361e+06	0
3.51371e+06	0
3.51381e+06	0
3.51391e+06	0
3.51401e+06	0
3.51411e+06	0
3.51421e+06	0
3.51431e+06	0
3.51441e+06	0
3.51451e+06	0
3.51461e+06	0
3.51471e+06	0
3.51481e+06	0
3.51491e+06	0
3.51501e+06	0
3.51511e+06	0
3.51521e+06	0
3.51531e+06	0
3.51541e+06	0
3.51551e+06	0
3.51561e+06	0
3.51571e+06	0
3.51581e+06	0
3.51591e+06	0
3.51601e+06	0
3.51611e+06	0
3.51621e+06	0
3.51631e+06	0
3.51641e+06	0
3.51651e+06	0
3.51661e+06	0
3.51671e+06	0
3.51681e+06	0
3.51691e+06	0
3.51701e+06	0
3.51711e+06	0
3.51721e+06	0
3.51731e+06	0
3.51741e+06	0
3.51751e+06	0
3.51761e+06	0
3.51771e+06	0
3.51781e+06	0
3.51791e+06	0
3.51801e+06	0
3.51811e+06	0
3.51821e+06	0
3.51831e+06	0
3.51841e+06	0
3.51851e+06	0
3.51861e+06	0
3.51871e+06	0
3.51881e+06	0
3.51891e+06	0
3.51901e+06	0
3.51911e+06	0
3.51921e+06	0
3.51931e+06	0
3.51941e+06	0
3.51951e+06	0
3.51961e+06	0
3.51971e+06	0
3.51981e+06	0
3.51991e+06	0
3.52001e+06	0
3.52011e+06	0
3.52021e+06	0
3.52031e+06	0
3.52041e+06	0
3.52051e+06	0
3.52061e+06	0
3.52071e+06	0
3.52081e+06	0
3.52091e+06	0
3.52101e+06	0
3.52111e+06	0
3.52121e+06	0
3.52131e+06	0
3.52141e+06	0
3.52151e+06	0
3.52161e+06	0
3.52171e+06	0
3.52181e+06	0
3.52191e+06	0
3.52201e+06	0
3.52211e+06	0
3.52221e+06	0
3.52231e+06	0
3.52241e+06	0
3.52251e+06	0
3.52261e+06	0
3.52271e+06	0
3.52281e+06	0
3.52291e+06	0
3.52301e+06	0
3.52311e+06	0
3.52321e+06	0
3.52331e+06	0
3.52341e+06	0
3.52351e+06	0
3.52361e+06	0
3.52371e+06	0
3.52381e+06	0
3.52391e+06	0
3.52401e+06	0
3.52411e+06	0
3.52421e+06	0
3.52431e+06	0
3.52441e+06	0
3.52451e+06	0
3.52461e+06	0
3.52471e+06	0
3.52481e+06	0
3.52491e+06	0
3.52501e+06	0
3.52511e+06	0
3.52521e+06	0
3.52531e+06	0
3.52541e+06	0
3.52551e+06	0
3.52561e+06	0
3.52571e+06	0
3.52581e+06	0
3.52591e+06	0
3.52601e+06	0
3.52611e+06	0
3.52621e+06	0
3.52631e+06	0
3.52641e+06	0
3.52651e+06	0
3.52661e+06	0
3.52671e+06	0
3.52681e+06	0
3.52691e+06	0
3.52701e+06	0
3.52711e+06	0
3.52721e+06	0
3.52731e+06	0
3.52741e+06	0
3.52751e+06	0
3.52761e+06	0
3.52771e+06	0
3.52781e+06	0
3.52791e+06	0
3.52801e+06	0
3.52811e+06	0
3.52821e+06	0
3.52831e+06	0
3.52841e+06	0
3.52851e+06	0
3.52861e+06	0
3.52871e+06	0
3.52881e+06	0
3.52891e+06	0
3.52901e+06	0
3.52911e+06	0
3.52921e+06	0
3.52931e+06	0
3.52941e+06	0
3.52951e+06	0
3.52961e+06	0
3.52971e+06	0
3.52981e+06	0
3.52991e+06	0
3.53001e+06	0
3.53011e+06	0
3.53021e+06	0
3.53031e+06	0
3.53041e+06	0
3.53051e+06	0
3.53061e+06	0
3.53071e+06	0
3.53081e+06	0
3.53091e+06	0
3.53101e+06	0
3.53111e+06	0
3.53121e+06	0
3.53131e+06	0
3.53141e+06	0
3.53151e+06	0
3.53161e+06	0
3.53171e+06	0
3.53181e+06	0
3.53191e+06	0
3.53201e+06	0
3.53211e+06	0
3.53221e+06	0
3.53231e+06	0
3.53241e+06	0
3.53251e+06	0
3.53261e+06	0
3.53271e+06	0
3.53281e+06	0
3.53291e+06	0
3.53301e+06	0
3.53311e+06	0
3.53321e+06	0
3.53331e+06	0
3.53341e+06	0
3.53351e+06	0
3.53361e+06	0
3.53371e+06	0
3.53381e+06	0
3.53391e+06	0
3.53401e+06	0
3.53411e+06	0
3.53421e+06	0
3.53431e+06	0
3.53441e+06	0
3.53451e+06	0
3.53461e+06	0
3.53471e+06	0
3.53481e+06	0
3.53491e+06	0
3.53501e+06	0
3.53511e+06	0
3.53521e+06	0
3.53531e+06	0
3.53541e+06	0
3.53551e+06	0
3.53561e+06	0
3.53571e+06	0
3.53581e+06	0
3.53591e+06	0
3.53601e+06	0
3.53611e+06	0
3.53621e+06	0
3.53631e+06	0
3.53641e+06	0
3.53651e+06	0
3.53661e+06	0
3.53671e+06	0
3.53681e+06	0
3.53691e+06	0
3.53701e+06	0
3.53711e+06	0
3.53721e+06	0
3.53731e+06	0
3.53741e+06	0
3.53751e+06	0
3.53761e+06	0
3.53771e+06	0
3.53781e+06	0
3.53791e+06	0
3.53801e+06	0
3.53811e+06	0
3.53821e+06	0
3.53831e+06	0
3.53841e+06	0
3.53851e+06	0
3.53861e+06	0
3.53871e+06	0
3.53881e+06	0
3.53891e+06	0
3.53901e+06	0
3.53911e+06	0
3.53921e+06	0
3.53931e+06	0
3.53941e+06	0
3.53951e+06	0
3.53961e+06	0
3.53971e+06	0
3.53981e+06	0
3.53991e+06	0
3.54001e+06	0
3.54011e+06	0
3.54021e+06	0
3.54031e+06	0
3.54041e+06	0
3.54051e+06	0
3.54061e+06	0
3.54071e+06	0
3.54081e+06	0
3.54091e+06	0
3.54101e+06	0
3.54111e+06	0
3.54121e+06	0
3.54131e+06	0
3.54141e+06	0
3.54151e+06	0
3.54161e+06	0
3.54171e+06	0
3.54181e+06	0
3.54191e+06	0
3.54201e+06	0
3.54211e+06	0
3.54221e+06	0
3.54231e+06	0
3.54241e+06	0
3.54251e+06	0
3.54261e+06	0
3.54271e+06	0
3.54281e+06	0
3.54291e+06	0
3.54301e+06	0
3.54311e+06	0
3.54321e+06	0
3.54331e+06	0
3.54341e+06	0
3.54351e+06	0
3.54361e+06	0
3.54371e+06	0
3.54381e+06	0
3.54391e+06	0
3.54401e+06	0
3.54411e+06	0
3.54421e+06	0
3.54431e+06	0
3.54441e+06	0
3.54451e+06	0
3.54461e+06	0
3.54471e+06	0
3.54481e+06	0
3.54491e+06	0
3.54501e+06	0
3.54511e+06	0
3.54521e+06	0
3.54531e+06	0
3.54541e+06	0
3.54551e+06	0
3.54561e+06	0
3.54571e+06	0
3.54581e+06	0
3.54591e+06	0
3.54601e+06	0
3.54611e+06	0
3.54621e+06	0
3.54631e+06	0
3.54641e+06	0
3.54651e+06	0
3.54661e+06	0
3.54671e+06	0
3.54681e+06	0
3.54691e+06	0
3.54701e+06	0
3.54711e+06	0
3.54721e+06	0
3.54731e+06	0
3.54741e+06	0
3.54751e+06	0
3.54761e+06	0
3.54771e+06	0
3.54781e+06	0
3.54791e+06	0
3.54801e+06	0
3.54811e+06	0
3.54821e+06	0
3.54831e+06	0
3.54841e+06	0
3.54851e+06	0
3.54861e+06	0
3.54871e+06	0
3.54881e+06	0
3.54891e+06	0
3.54901e+06	0
3.54911e+06	0
3.54921e+06	0
3.54931e+06	0
3.54941e+06	0
3.54951e+06	0
3.54961e+06	0
3.54971e+06	0
3.54981e+06	0
3.54991e+06	0
3.55001e+06	0
3.55011e+06	0
3.55021e+06	0
3.55031e+06	0
3.55041e+06	0
3.55051e+06	0
3.55061e+06	0
3.55071e+06	0
3.55081e+06	0
3.55091e+06	0
3.55101e+06	0
3.55111e+06	0
3.55121e+06	0
3.55131e+06	0
3.55141e+06	0
3.55151e+06	0
3.55161e+06	0
3.55171e+06	0
3.55181e+06	0
3.55191e+06	0
3.55201e+06	0
3.55211e+06	0
3.55221e+06	0
3.55231e+06	0
3.55241e+06	0
3.55251e+06	0
3.55261e+06	0
3.55271e+06	0
3.55281e+06	0
3.55291e+06	0
3.55301e+06	0
3.55311e+06	0
3.55321e+06	0
3.55331e+06	0
3.55341e+06	0
3.55351e+06	0
3.55361e+06	0
3.55371e+06	0
3.55381e+06	0
3.55391e+06	0
3.55401e+06	0
3.55411e+06	0
3.55421e+06	0
3.55431e+06	0
3.55441e+06	0
3.55451e+06	0
3.55461e+06	0
3.55471e+06	0
3.55481e+06	0
3.55491e+06	0
3.55501e+06	0
3.55511e+06	0
3.55521e+06	0
3.55531e+06	0
3.55541e+06	0
3.55551e+06	0
3.55561e+06	0
3.55571e+06	0
3.55581e+06	0
3.55591e+06	0
3.55601e+06	0
3.55611e+06	0
3.55621e+06	0
3.55631e+06	0
3.55641e+06	0
3.55651e+06	0
3.55661e+06	0
3.55671e+06	0
3.55681e+06	0
3.55691e+06	0
3.55701e+06	0
3.55711e+06	0
3.55721e+06	0
3.55731e+06	0
3.55741e+06	0
3.55751e+06	0
3.55761e+06	0
3.55771e+06	0
3.55781e+06	0
3.55791e+06	0
3.55801e+06	0
3.55811e+06	0
3.55821e+06	0
3.55831e+06	0
3.55841e+06	0
3.55851e+06	0
3.55861e+06	0
3.55871e+06	0
3.55881e+06	0
3.55891e+06	0
3.55901e+06	0
3.55911e+06	0
3.55921e+06	0
3.55931e+06	0
3.55941e+06	0
3.55951e+06	0
3.55961e+06	0
3.55971e+06	0
3.55981e+06	0
3.55991e+06	0
3.56001e+06	0
3.56011e+06	0
3.56021e+06	0
3.56031e+06	0
3.56041e+06	0
3.56051e+06	0
3.56061e+06	0
3.56071e+06	0
3.56081e+06	0
3.56091e+06	0
3.56101e+06	0
3.56111e+06	0
3.56121e+06	0
3.56131e+06	0
3.56141e+06	0
3.56151e+06	0
3.56161e+06	0
3.56171e+06	0
3.56181e+06	0
3.56191e+06	0
3.56201e+06	0
3.56211e+06	0
3.56221e+06	0
3.56231e+06	0
3.56241e+06	0
3.56251e+06	0
3.56261e+06	0
3.56271e+06	0
3.56281e+06	0
3.56291e+06	0
3.56301e+06	0
3.56311e+06	0
3.56321e+06	0
3.56331e+06	0
3.56341e+06	0
3.56351e+06	0
3.56361e+06	0
3.56371e+06	0
3.56381e+06	0
3.56391e+06	0
3.56401e+06	0
3.56411e+06	0
3.56421e+06	0
3.56431e+06	0
3.56441e+06	0
3.56451e+06	0
3.56461e+06	0
3.56471e+06	0
3.56481e+06	0
3.56491e+06	0
3.56501e+06	0
3.56511e+06	0
3.56521e+06	0
3.56531e+06	0
3.56541e+06	0
3.56551e+06	0
3.56561e+06	0
3.56571e+06	0
3.56581e+06	0
3.56591e+06	0
3.56601e+06	0
3.56611e+06	0
3.56621e+06	0
3.56631e+06	0
3.56641e+06	0
3.56651e+06	0
3.56661e+06	0
3.56671e+06	0
3.56681e+06	0
3.56691e+06	0
3.56701e+06	0
3.56711e+06	0
3.56721e+06	0
3.56731e+06	0
3.56741e+06	0
3.56751e+06	0
3.56761e+06	0
3.56771e+06	0
3.56781e+06	0
3.56791e+06	0
3.56801e+06	0
3.56811e+06	0
3.56821e+06	0
3.56831e+06	0
3.56841e+06	0
3.56851e+06	0
3.56861e+06	0
3.56871e+06	0
3.56881e+06	0
3.56891e+06	0
3.56901e+06	0
3.56911e+06	0
3.56921e+06	0
3.56931e+06	0
3.56941e+06	0
3.56951e+06	0
3.56961e+06	0
3.56971e+06	0
3.56981e+06	0
3.56991e+06	0
3.57001e+06	0
3.57011e+06	0
3.57021e+06	0
3.57031e+06	0
3.57041e+06	0
3.57051e+06	0
3.57061e+06	0
3.57071e+06	0
3.57081e+06	0
3.57091e+06	0
3.57101e+06	0
3.57111e+06	0
3.57121e+06	0
3.57131e+06	0
3.57141e+06	0
3.57151e+06	0
3.57161e+06	0
3.57171e+06	0
3.57181e+06	0
3.57191e+06	0
3.57201e+06	0
3.57211e+06	0
3.57221e+06	0
3.57231e+06	0
3.57241e+06	0
3.57251e+06	0
3.57261e+06	0
3.57271e+06	0
3.57281e+06	0
3.57291e+06	0
3.57301e+06	0
3.57311e+06	0
3.57321e+06	0
3.57331e+06	0
3.57341e+06	0
3.57351e+06	0
3.57361e+06	0
3.57371e+06	0
3.57381e+06	0
3.57391e+06	0
3.57401e+06	0
3.57411e+06	0
3.57421e+06	0
3.57431e+06	0
3.57441e+06	0
3.57451e+06	0
3.57461e+06	0
3.57471e+06	0
3.57481e+06	0
3.57491e+06	0
3.57501e+06	0
3.57511e+06	0
3.57521e+06	0
3.57531e+06	0
3.57541e+06	0
3.57551e+06	0
3.57561e+06	0
3.57571e+06	0
3.57581e+06	0
3.57591e+06	0
3.57601e+06	0
3.57611e+06	0
3.57621e+06	0
3.57631e+06	0
3.57641e+06	0
3.57651e+06	0
3.57661e+06	0
3.57671e+06	0
3.57681e+06	0
3.57691e+06	0
3.57701e+06	0
3.57711e+06	0
3.57721e+06	0
3.57731e+06	0
3.57741e+06	0
3.57751e+06	0
3.57761e+06	0
3.57771e+06	0
3.57781e+06	0
3.57791e+06	0
3.57801e+06	0
3.57811e+06	0
3.57821e+06	0
3.57831e+06	0
3.57841e+06	0
3.57851e+06	0
3.57861e+06	0
3.57871e+06	0
3.57881e+06	0
3.57891e+06	0
3.57901e+06	0
3.57911e+06	0
3.57921e+06	0
3.57931e+06	0
3.57941e+06	0
3.57951e+06	0
3.57961e+06	0
3.57971e+06	0
3.57981e+06	0
3.57991e+06	0
3.58001e+06	0
3.58011e+06	0
3.58021e+06	0
3.58031e+06	0
3.58041e+06	0
3.58051e+06	0
3.58061e+06	0
3.58071e+06	0
3.58081e+06	0
3.58091e+06	0
3.58101e+06	0
3.58111e+06	0
3.58121e+06	0
3.58131e+06	0
3.58141e+06	0
3.58151e+06	0
3.58161e+06	0
3.58171e+06	0
3.58181e+06	0
3.58191e+06	0
3.58201e+06	0
3.58211e+06	0
3.58221e+06	0
3.58231e+06	0
3.58241e+06	0
3.58251e+06	0
3.58261e+06	0
3.58271e+06	0
3.58281e+06	0
3.58291e+06	0
3.58301e+06	0
3.58311e+06	0
3.58321e+06	0
3.58331e+06	0
3.58341e+06	0
3.58351e+06	0
3.58361e+06	0
3.58371e+06	0
3.58381e+06	0
3.58391e+06	0
3.58401e+06	0
3.58411e+06	0
3.58421e+06	0
3.58431e+06	0
3.58441e+06	0
3.58451e+06	0
3.58461e+06	0
3.58471e+06	0
3.58481e+06	0
3.58491e+06	0
3.58501e+06	0
3.58511e+06	0
3.58521e+06	0
3.58531e+06	0
3.58541e+06	0
3.58551e+06	0
3.58561e+06	0
3.58571e+06	0
3.58581e+06	0
3.58591e+06	0
3.58601e+06	0
3.58611e+06	0
3.58621e+06	0
3.58631e+06	0
3.58641e+06	0
3.58651e+06	0
3.58661e+06	0
3.58671e+06	0
3.58681e+06	0
3.58691e+06	0
3.58701e+06	0
3.58711e+06	0
3.58721e+06	0
3.58731e+06	0
3.58741e+06	0
3.58751e+06	0
3.58761e+06	0
3.58771e+06	0
3.58781e+06	0
3.58791e+06	0
3.58801e+06	0
3.58811e+06	0
3.58821e+06	0
3.58831e+06	0
3.58841e+06	0
3.58851e+06	0
3.58861e+06	0
3.58871e+06	0
3.58881e+06	0
3.58891e+06	0
3.58901e+06	0
3.58911e+06	0
3.58921e+06	0
3.58931e+06	0
3.58941e+06	0
3.58951e+06	0
3.58961e+06	0
3.58971e+06	0
3.58981e+06	0
3.58991e+06	0
3.59001e+06	0
3.59011e+06	0
3.59021e+06	0
3.59031e+06	0
3.59041e+06	0
3.59051e+06	0
3.59061e+06	0
3.59071e+06	0
3.59081e+06	0
3.59091e+06	0
3.59101e+06	0
3.59111e+06	0
3.59121e+06	0
3.59131e+06	0
3.59141e+06	0
3.59151e+06	0
3.59161e+06	0
3.59171e+06	0
3.59181e+06	0
3.59191e+06	0
3.59201e+06	0
3.59211e+06	0
3.59221e+06	0
3.59231e+06	0
3.59241e+06	0
3.59251e+06	0
3.59261e+06	0
3.59271e+06	0
3.59281e+06	0
3.59291e+06	0
3.59301e+06	0
3.59311e+06	0
3.59321e+06	0
3.59331e+06	0
3.59341e+06	0
3.59351e+06	0
3.59361e+06	0
3.59371e+06	0
3.59381e+06	0
3.59391e+06	0
3.59401e+06	0
3.59411e+06	0
3.59421e+06	0
3.59431e+06	0
3.59441e+06	0
3.59451e+06	0
3.59461e+06	0
3.59471e+06	0
3.59481e+06	0
3.59491e+06	0
3.59501e+06	0
3.59511e+06	0
3.59521e+06	0
3.59531e+06	0
3.59541e+06	0
3.59551e+06	0
3.59561e+06	0
3.59571e+06	0
3.59581e+06	0
3.59591e+06	0
3.59601e+06	0
3.59611e+06	0
3.59621e+06	0
3.59631e+06	0
3.59641e+06	0
3.59651e+06	0
3.59661e+06	0
3.59671e+06	0
3.59681e+06	0
3.59691e+06	0
3.59701e+06	0
3.59711e+06	0
3.59721e+06	0
3.59731e+06	0
3.59741e+06	0
3.59751e+06	0
3.59761e+06	0
3.59771e+06	0
3.59781e+06	0
3.59791e+06	0
3.59801e+06	0
3.59811e+06	0
3.59821e+06	0
3.59831e+06	0
3.59841e+06	0
3.59851e+06	0
3.59861e+06	0
3.59871e+06	0
3.59881e+06	0
3.59891e+06	0
3.59901e+06	0
3.59911e+06	0
3.59921e+06	0
3.59931e+06	0
3.59941e+06	0
3.59951e+06	0
3.59961e+06	0
3.59971e+06	0
3.59981e+06	0
3.59991e+06	0
3.60001e+06	0
3.60011e+06	0
3.60021e+06	0
3.60031e+06	0
3.60041e+06	0
3.60051e+06	0
3.60061e+06	0
3.60071e+06	0
3.60081e+06	0
3.60091e+06	0
3.60101e+06	0
3.60111e+06	0
3.60121e+06	0
3.60131e+06	0
3.60141e+06	0
3.60151e+06	0
3.60161e+06	0
3.60171e+06	0
3.60181e+06	0
3.60191e+06	0
3.60201e+06	0
3.60211e+06	0
3.60221e+06	0
3.60231e+06	0
3.60241e+06	0
3.60251e+06	0
3.60261e+06	0
3.60271e+06	0
3.60281e+06	0
3.60291e+06	0
3.60301e+06	0
3.60311e+06	0
3.60321e+06	0
3.60331e+06	0
3.60341e+06	0
3.60351e+06	0
3.60361e+06	0
3.60371e+06	0
3.60381e+06	0
3.60391e+06	0
3.60401e+06	0
3.60411e+06	0
3.60421e+06	0
3.60431e+06	0
3.60441e+06	0
3.60451e+06	0
3.60461e+06	0
3.60471e+06	0
3.60481e+06	0
3.60491e+06	0
3.60501e+06	0
3.60511e+06	0
3.60521e+06	0
3.60531e+06	0
3.60541e+06	0
3.60551e+06	0
3.60561e+06	0
3.60571e+06	0
3.60581e+06	0
3.60591e+06	0
3.60601e+06	0
3.60611e+06	0
3.60621e+06	0
3.60631e+06	0
3.60641e+06	0
3.60651e+06	0
3.60661e+06	0
3.60671e+06	0
3.60681e+06	0
3.60691e+06	0
3.60701e+06	0
3.60711e+06	0
3.60721e+06	0
3.60731e+06	0
3.60741e+06	0
3.60751e+06	0
3.60761e+06	0
3.60771e+06	0
3.60781e+06	0
3.60791e+06	0
3.60801e+06	0
3.60811e+06	0
3.60821e+06	0
3.60831e+06	0
3.60841e+06	0
3.60851e+06	0
3.60861e+06	0
3.60871e+06	0
3.60881e+06	0
3.60891e+06	0
3.60901e+06	0
3.60911e+06	0
3.60921e+06	0
3.60931e+06	0
3.60941e+06	0
3.60951e+06	0
3.60961e+06	0
3.60971e+06	0
3.60981e+06	0
3.60991e+06	0
3.61001e+06	0
3.61011e+06	0
3.61021e+06	0
3.61031e+06	0
3.61041e+06	0
3.61051e+06	0
3.61061e+06	0
3.61071e+06	0
3.61081e+06	0
3.61091e+06	0
3.61101e+06	0
3.61111e+06	0
3.61121e+06	0
3.61131e+06	0
3.61141e+06	0
3.61151e+06	0
3.61161e+06	0
3.61171e+06	0
3.61181e+06	0
3.61191e+06	0
3.61201e+06	0
3.61211e+06	0
3.61221e+06	0
3.61231e+06	0
3.61241e+06	0
3.61251e+06	0
3.61261e+06	0
3.61271e+06	0
3.61281e+06	0
3.61291e+06	0
3.61301e+06	0
3.61311e+06	0
3.61321e+06	0
3.61331e+06	0
3.61341e+06	0
3.61351e+06	0
3.61361e+06	0
3.61371e+06	0
3.61381e+06	0
3.61391e+06	0
3.61401e+06	0
3.61411e+06	0
3.61421e+06	0
3.61431e+06	0
3.61441e+06	0
3.61451e+06	0
3.61461e+06	0
3.61471e+06	0
3.61481e+06	0
3.61491e+06	0
3.61501e+06	0
3.61511e+06	0
3.61521e+06	0
3.61531e+06	0
3.61541e+06	0
3.61551e+06	0
3.61561e+06	0
3.61571e+06	0
3.61581e+06	0
3.61591e+06	0
3.61601e+06	0
3.61611e+06	0
3.61621e+06	0
3.61631e+06	0
3.61641e+06	0
3.61651e+06	0
3.61661e+06	0
3.61671e+06	0
3.61681e+06	0
3.61691e+06	0
3.61701e+06	0
3.61711e+06	0
3.61721e+06	0
3.61731e+06	0
3.61741e+06	0
3.61751e+06	0
3.61761e+06	0
3.61771e+06	0
3.61781e+06	0
3.61791e+06	0
3.61801e+06	0
3.61811e+06	0
3.61821e+06	0
3.61831e+06	0
3.61841e+06	0
3.61851e+06	0
3.61861e+06	0
3.61871e+06	0
3.61881e+06	0
3.61891e+06	0
3.61901e+06	0
3.61911e+06	0
3.61921e+06	0
3.61931e+06	0
3.61941e+06	0
3.61951e+06	0
3.61961e+06	0
3.61971e+06	0
3.61981e+06	0
3.61991e+06	0
3.62001e+06	0
3.62011e+06	0
3.62021e+06	0
3.62031e+06	0
3.62041e+06	0
3.62051e+06	0
3.62061e+06	0
3.62071e+06	0
3.62081e+06	0
3.62091e+06	0
3.62101e+06	0
3.62111e+06	0
3.62121e+06	0
3.62131e+06	0
3.62141e+06	0
3.62151e+06	0
3.62161e+06	0
3.62171e+06	0
3.62181e+06	0
3.62191e+06	0
3.62201e+06	0
3.62211e+06	0
3.62221e+06	0
3.62231e+06	0
3.62241e+06	0
3.62251e+06	0
3.62261e+06	0
3.62271e+06	0
3.62281e+06	0
3.62291e+06	0
3.62301e+06	0
3.62311e+06	0
3.62321e+06	0
3.62331e+06	0
3.62341e+06	0
3.62351e+06	0
3.62361e+06	0
3.62371e+06	0
3.62381e+06	0
3.62391e+06	0
3.62401e+06	0
3.62411e+06	0
3.62421e+06	0
3.62431e+06	0
3.62441e+06	0
3.62451e+06	0
3.62461e+06	0
3.62471e+06	0
3.62481e+06	0
3.62491e+06	0
3.62501e+06	0
3.62511e+06	0
3.62521e+06	0
3.62531e+06	0
3.62541e+06	0
3.62551e+06	0
3.62561e+06	0
3.62571e+06	0
3.62581e+06	0
3.62591e+06	0
3.62601e+06	0
3.62611e+06	0
3.62621e+06	0
3.62631e+06	0
3.62641e+06	0
3.62651e+06	0
3.62661e+06	0
3.62671e+06	0
3.62681e+06	0
3.62691e+06	0
3.62701e+06	0
3.62711e+06	0
3.62721e+06	0
3.62731e+06	0
3.62741e+06	0
3.62751e+06	0
3.62761e+06	0
3.62771e+06	0
3.62781e+06	0
3.62791e+06	0
3.62801e+06	0
3.62811e+06	0
3.62821e+06	0
3.62831e+06	0
3.62841e+06	0
3.62851e+06	0
3.62861e+06	0
3.62871e+06	0
3.62881e+06	0
3.62891e+06	0
3.62901e+06	0
3.62911e+06	0
3.62921e+06	0
3.62931e+06	0
3.62941e+06	0
3.62951e+06	0
3.62961e+06	0
3.62971e+06	0
3.62981e+06	0
3.62991e+06	0
3.63001e+06	0
3.63011e+06	0
3.63021e+06	0
3.63031e+06	0
3.63041e+06	0
3.63051e+06	0
3.63061e+06	0
3.63071e+06	0
3.63081e+06	0
3.63091e+06	0
3.63101e+06	0
3.63111e+06	0
3.63121e+06	0
3.63131e+06	0
3.63141e+06	0
3.63151e+06	0
3.63161e+06	0
3.63171e+06	0
3.63181e+06	0
3.63191e+06	0
3.63201e+06	0
3.63211e+06	0
3.63221e+06	0
3.63231e+06	0
3.63241e+06	0
3.63251e+06	0
3.63261e+06	0
3.63271e+06	0
3.63281e+06	0
3.63291e+06	0
3.63301e+06	0
3.63311e+06	0
3.63321e+06	0
3.63331e+06	0
3.63341e+06	0
3.63351e+06	0
3.63361e+06	0
3.63371e+06	0
3.63381e+06	0
3.63391e+06	0
3.63401e+06	0
3.63411e+06	0
3.63421e+06	0
3.63431e+06	0
3.63441e+06	0
3.63451e+06	0
3.63461e+06	0
3.63471e+06	0
3.63481e+06	0
3.63491e+06	0
3.63501e+06	0
3.63511e+06	0
3.63521e+06	0
3.63531e+06	0
3.63541e+06	0
3.63551e+06	0
3.63561e+06	0
3.63571e+06	0
3.63581e+06	0
3.63591e+06	0
3.63601e+06	0
3.63611e+06	0
3.63621e+06	0
3.63631e+06	0
3.63641e+06	0
3.63651e+06	0
3.63661e+06	0
3.63671e+06	0
3.63681e+06	0
3.63691e+06	0
3.63701e+06	0
3.63711e+06	0
3.63721e+06	0
3.63731e+06	0
3.63741e+06	0
3.63751e+06	0
3.63761e+06	0
3.63771e+06	0
3.63781e+06	0
3.63791e+06	0
3.63801e+06	0
3.63811e+06	0
3.63821e+06	0
3.63831e+06	0
3.63841e+06	0
3.63851e+06	0
3.63861e+06	0
3.63871e+06	0
3.63881e+06	0
3.63891e+06	0
3.63901e+06	0
3.63911e+06	0
3.63921e+06	0
3.63931e+06	0
3.63941e+06	0
3.63951e+06	0
3.63961e+06	0
3.63971e+06	0
3.63981e+06	0
3.63991e+06	0
3.64001e+06	0
3.64011e+06	0
3.64021e+06	0
3.64031e+06	0
3.64041e+06	0
3.64051e+06	0
3.64061e+06	0
3.64071e+06	0
3.64081e+06	0
3.64091e+06	0
3.64101e+06	0
3.64111e+06	0
3.64121e+06	0
3.64131e+06	0
3.64141e+06	0
3.64151e+06	0
3.64161e+06	0
3.64171e+06	0
3.64181e+06	0
3.64191e+06	0
3.64201e+06	0
3.64211e+06	0
3.64221e+06	0
3.64231e+06	0
3.64241e+06	0
3.64251e+06	0
3.64261e+06	0
3.64271e+06	0
3.64281e+06	0
3.64291e+06	0
3.64301e+06	0
3.64311e+06	0
3.64321e+06	0
3.64331e+06	0
3.64341e+06	0
3.64351e+06	0
3.64361e+06	0
3.64371e+06	0
3.64381e+06	0
3.64391e+06	0
3.64401e+06	0
3.64411e+06	0
3.64421e+06	0
3.64431e+06	0
3.64441e+06	0
3.64451e+06	0
3.64461e+06	0
3.64471e+06	0
3.64481e+06	0
3.64491e+06	0
3.64501e+06	0
3.64511e+06	0
3.64521e+06	0
3.64531e+06	0
3.64541e+06	0
3.64551e+06	0
3.64561e+06	0
3.64571e+06	0
3.64581e+06	0
3.64591e+06	0
3.64601e+06	0
3.64611e+06	0
3.64621e+06	0
3.64631e+06	0
3.64641e+06	0
3.64651e+06	0
3.64661e+06	0
3.64671e+06	0
3.64681e+06	0
3.64691e+06	0
3.64701e+06	0
3.64711e+06	0
3.64721e+06	0
3.64731e+06	0
3.64741e+06	0
3.64751e+06	0
3.64761e+06	0
3.64771e+06	0
3.64781e+06	0
3.64791e+06	0
3.64801e+06	0
3.64811e+06	0
3.64821e+06	0
3.64831e+06	0
3.64841e+06	0
3.64851e+06	0
3.64861e+06	0
3.64871e+06	0
3.64881e+06	0
3.64891e+06	0
3.64901e+06	0
3.64911e+06	0
3.64921e+06	0
3.64931e+06	0
3.64941e+06	0
3.64951e+06	0
3.64961e+06	0
3.64971e+06	0
3.64981e+06	0
3.64991e+06	0
3.65001e+06	0
3.65011e+06	0
3.65021e+06	0
3.65031e+06	0
3.65041e+06	0
3.65051e+06	0
3.65061e+06	0
3.65071e+06	0
3.65081e+06	0
3.65091e+06	0
3.65101e+06	0
3.65111e+06	0
3.65121e+06	0
3.65131e+06	0
3.65141e+06	0
3.65151e+06	0
3.65161e+06	0
3.65171e+06	0
3.65181e+06	0
3.65191e+06	0
3.65201e+06	0
3.65211e+06	0
3.65221e+06	0
3.65231e+06	0
3.65241e+06	0
3.65251e+06	0
3.65261e+06	0
3.65271e+06	0
3.65281e+06	0
3.65291e+06	0
3.65301e+06	0
3.65311e+06	0
3.65321e+06	0
3.65331e+06	0
3.65341e+06	0
3.65351e+06	0
3.65361e+06	0
3.65371e+06	0
3.65381e+06	0
3.65391e+06	0
3.65401e+06	0
3.65411e+06	0
3.65421e+06	0
3.65431e+06	0
3.65441e+06	0
3.65451e+06	0
3.65461e+06	0
3.65471e+06	0
3.65481e+06	0
3.65491e+06	0
3.65501e+06	0
3.65511e+06	0
3.65521e+06	0
3.65531e+06	0
3.65541e+06	0
3.65551e+06	0
3.65561e+06	0
3.65571e+06	0
3.65581e+06	0
3.65591e+06	0
3.65601e+06	0
3.65611e+06	0
3.65621e+06	0
3.65631e+06	0
3.65641e+06	0
3.65651e+06	0
3.65661e+06	0
3.65671e+06	0
3.65681e+06	0
3.65691e+06	0
3.65701e+06	0
3.65711e+06	0
3.65721e+06	0
3.65731e+06	0
3.65741e+06	0
3.65751e+06	0
3.65761e+06	0
3.65771e+06	0
3.65781e+06	0
3.65791e+06	0
3.65801e+06	0
3.65811e+06	0
3.65821e+06	0
3.65831e+06	0
3.65841e+06	0
3.65851e+06	0
3.65861e+06	0
3.65871e+06	0
3.65881e+06	0
3.65891e+06	0
3.65901e+06	0
3.65911e+06	0
3.65921e+06	0
3.65931e+06	0
3.65941e+06	0
3.65951e+06	0
3.65961e+06	0
3.65971e+06	0
3.65981e+06	0
3.65991e+06	0
3.66001e+06	0
3.66011e+06	0
3.66021e+06	0
3.66031e+06	0
3.66041e+06	0
3.66051e+06	0
3.66061e+06	0
3.66071e+06	0
3.66081e+06	0
3.66091e+06	0
3.66101e+06	0
3.66111e+06	0
3.66121e+06	0
3.66131e+06	0
3.66141e+06	0
3.66151e+06	0
3.66161e+06	0
3.66171e+06	0
3.66181e+06	0
3.66191e+06	0
3.66201e+06	0
3.66211e+06	0
3.66221e+06	0
3.66231e+06	0
3.66241e+06	0
3.66251e+06	0
3.66261e+06	0
3.66271e+06	0
3.66281e+06	0
3.66291e+06	0
3.66301e+06	0
3.66311e+06	0
3.66321e+06	0
3.66331e+06	0
3.66341e+06	0
3.66351e+06	0
3.66361e+06	0
3.66371e+06	0
3.66381e+06	0
3.66391e+06	0
3.66401e+06	0
3.66411e+06	0
3.66421e+06	0
3.66431e+06	0
3.66441e+06	0
3.66451e+06	0
3.66461e+06	0
3.66471e+06	0
3.66481e+06	0
3.66491e+06	0
3.66501e+06	0
3.66511e+06	0
3.66521e+06	0
3.66531e+06	0
3.66541e+06	0
3.66551e+06	0
3.66561e+06	0
3.66571e+06	0
3.66581e+06	0
3.66591e+06	0
3.66601e+06	0
3.66611e+06	0
3.66621e+06	0
3.66631e+06	0
3.66641e+06	0
3.66651e+06	0
3.66661e+06	0
3.66671e+06	0
3.66681e+06	0
3.66691e+06	0
3.66701e+06	0
3.66711e+06	0
3.66721e+06	0
3.66731e+06	0
3.66741e+06	0
3.66751e+06	0
3.66761e+06	0
3.66771e+06	0
3.66781e+06	0
3.66791e+06	0
3.66801e+06	0
3.66811e+06	0
3.66821e+06	0
3.66831e+06	0
3.66841e+06	0
3.66851e+06	0
3.66861e+06	0
3.66871e+06	0
3.66881e+06	0
3.66891e+06	0
3.66901e+06	0
3.66911e+06	0
3.66921e+06	0
3.66931e+06	0
3.66941e+06	0
3.66951e+06	0
3.66961e+06	0
3.66971e+06	0
3.66981e+06	0
3.66991e+06	0
3.67001e+06	0
3.67011e+06	0
3.67021e+06	0
3.67031e+06	0
3.67041e+06	0
3.67051e+06	0
3.67061e+06	0
3.67071e+06	0
3.67081e+06	0
3.67091e+06	0
3.67101e+06	0
3.67111e+06	0
3.67121e+06	0
3.67131e+06	0
3.67141e+06	0
3.67151e+06	0
3.67161e+06	0
3.67171e+06	0
3.67181e+06	0
3.67191e+06	0
3.67201e+06	0
3.67211e+06	0
3.67221e+06	0
3.67231e+06	0
3.67241e+06	0
3.67251e+06	0
3.67261e+06	0
3.67271e+06	0
3.67281e+06	0
3.67291e+06	0
3.67301e+06	0
3.67311e+06	0
3.67321e+06	0
3.67331e+06	0
3.67341e+06	0
3.67351e+06	0
3.67361e+06	0
3.67371e+06	0
3.67381e+06	0
3.67391e+06	0
3.67401e+06	0
3.67411e+06	0
3.67421e+06	0
3.67431e+06	0
3.67441e+06	0
3.67451e+06	0
3.67461e+06	0
3.67471e+06	0
3.67481e+06	0
3.67491e+06	0
3.67501e+06	0
3.67511e+06	0
3.67521e+06	0
3.67531e+06	0
3.67541e+06	0
3.67551e+06	0
3.67561e+06	0
3.67571e+06	0
3.67581e+06	0
3.67591e+06	0
3.67601e+06	0
3.67611e+06	0
3.67621e+06	0
3.67631e+06	0
3.67641e+06	0
3.67651e+06	0
3.67661e+06	0
3.67671e+06	0
3.67681e+06	0
3.67691e+06	0
3.67701e+06	0
3.67711e+06	0
3.67721e+06	0
3.67731e+06	0
3.67741e+06	0
3.67751e+06	0
3.67761e+06	0
3.67771e+06	0
3.67781e+06	0
3.67791e+06	0
3.67801e+06	0
3.67811e+06	0
3.67821e+06	0
3.67831e+06	0
3.67841e+06	0
3.67851e+06	0
3.67861e+06	0
3.67871e+06	0
3.67881e+06	0
3.67891e+06	0
3.67901e+06	0
3.67911e+06	0
3.67921e+06	0
3.67931e+06	0
3.67941e+06	0
3.67951e+06	0
3.67961e+06	0
3.67971e+06	0
3.67981e+06	0
3.67991e+06	0
3.68001e+06	0
3.68011e+06	0
3.68021e+06	0
3.68031e+06	0
3.68041e+06	0
3.68051e+06	0
3.68061e+06	0
3.68071e+06	0
3.68081e+06	0
3.68091e+06	0
3.68101e+06	0
3.68111e+06	0
3.68121e+06	0
3.68131e+06	0
3.68141e+06	0
3.68151e+06	0
3.68161e+06	0
3.68171e+06	0
3.68181e+06	0
3.68191e+06	0
3.68201e+06	0
3.68211e+06	0
3.68221e+06	0
3.68231e+06	0
3.68241e+06	0
3.68251e+06	0
3.68261e+06	0
3.68271e+06	0
3.68281e+06	0
3.68291e+06	0
3.68301e+06	0
3.68311e+06	0
3.68321e+06	0
3.68331e+06	0
3.68341e+06	0
3.68351e+06	0
3.68361e+06	0
3.68371e+06	0
3.68381e+06	0
3.68391e+06	0
3.68401e+06	0
3.68411e+06	0
3.68421e+06	0
3.68431e+06	0
3.68441e+06	0
3.68451e+06	0
3.68461e+06	0
3.68471e+06	0
3.68481e+06	0
3.68491e+06	0
3.68501e+06	0
3.68511e+06	0
3.68521e+06	0
3.68531e+06	0
3.68541e+06	0
3.68551e+06	0
3.68561e+06	0
3.68571e+06	0
3.68581e+06	0
3.68591e+06	0
3.68601e+06	0
3.68611e+06	0
3.68621e+06	0
3.68631e+06	0
3.68641e+06	0
3.68651e+06	0
3.68661e+06	0
3.68671e+06	0
3.68681e+06	0
3.68691e+06	0
3.68701e+06	0
3.68711e+06	0
3.68721e+06	0
3.68731e+06	0
3.68741e+06	0
3.68751e+06	0
3.68761e+06	0
3.68771e+06	0
3.68781e+06	0
3.68791e+06	0
3.68801e+06	0
3.68811e+06	0
3.68821e+06	0
3.68831e+06	0
3.68841e+06	0
3.68851e+06	0
3.68861e+06	0
3.68871e+06	0
3.68881e+06	0
3.68891e+06	0
3.68901e+06	0
3.68911e+06	0
3.68921e+06	0
3.68931e+06	0
3.68941e+06	0
3.68951e+06	0
3.68961e+06	0
3.68971e+06	0
3.68981e+06	0
3.68991e+06	0
3.69001e+06	0
3.69011e+06	0
3.69021e+06	0
3.69031e+06	0
3.69041e+06	0
3.69051e+06	0
3.69061e+06	0
3.69071e+06	0
3.69081e+06	0
3.69091e+06	0
3.69101e+06	0
3.69111e+06	0
3.69121e+06	0
3.69131e+06	0
3.69141e+06	0
3.69151e+06	0
3.69161e+06	0
3.69171e+06	0
3.69181e+06	0
3.69191e+06	0
3.69201e+06	0
3.69211e+06	0
3.69221e+06	0
3.69231e+06	0
3.69241e+06	0
3.69251e+06	0
3.69261e+06	0
3.69271e+06	0
3.69281e+06	0
3.69291e+06	0
3.69301e+06	0
3.69311e+06	0
3.69321e+06	0
3.69331e+06	0
3.69341e+06	0
3.69351e+06	0
3.69361e+06	0
3.69371e+06	0
3.69381e+06	0
3.69391e+06	0
3.69401e+06	0
3.69411e+06	0
3.69421e+06	0
3.69431e+06	0
3.69441e+06	0
3.69451e+06	0
3.69461e+06	0
3.69471e+06	0
3.69481e+06	0
3.69491e+06	0
3.69501e+06	0
3.69511e+06	0
3.69521e+06	0
3.69531e+06	0
3.69541e+06	0
3.69551e+06	0
3.69561e+06	0
3.69571e+06	0
3.69581e+06	0
3.69591e+06	0
3.69601e+06	0
3.69611e+06	0
3.69621e+06	0
3.69631e+06	0
3.69641e+06	0
3.69651e+06	0
3.69661e+06	0
3.69671e+06	0
3.69681e+06	0
3.69691e+06	0
3.69701e+06	0
3.69711e+06	0
3.69721e+06	0
3.69731e+06	0
3.69741e+06	0
3.69751e+06	0
3.69761e+06	0
3.69771e+06	0
3.69781e+06	0
3.69791e+06	0
3.69801e+06	0
3.69811e+06	0
3.69821e+06	0
3.69831e+06	0
3.69841e+06	0
3.69851e+06	0
3.69861e+06	0
3.69871e+06	0
3.69881e+06	0
3.69891e+06	0
3.69901e+06	0
3.69911e+06	0
3.69921e+06	0
3.69931e+06	0
3.69941e+06	0
3.69951e+06	0
3.69961e+06	0
3.69971e+06	0
3.69981e+06	0
3.69991e+06	0
3.70001e+06	0
3.70011e+06	0
3.70021e+06	0
3.70031e+06	0
3.70041e+06	0
3.70051e+06	0
3.70061e+06	0
3.70071e+06	0
3.70081e+06	0
3.70091e+06	0
3.70101e+06	0
3.70111e+06	0
3.70121e+06	0
3.70131e+06	0
3.70141e+06	0
3.70151e+06	0
3.70161e+06	0
3.70171e+06	0
3.70181e+06	0
3.70191e+06	0
3.70201e+06	0
3.70211e+06	0
3.70221e+06	0
3.70231e+06	0
3.70241e+06	0
3.70251e+06	0
3.70261e+06	0
3.70271e+06	0
3.70281e+06	0
3.70291e+06	0
3.70301e+06	0
3.70311e+06	0
3.70321e+06	0
3.70331e+06	0
3.70341e+06	0
3.70351e+06	0
3.70361e+06	0
3.70371e+06	0
3.70381e+06	0
3.70391e+06	0
3.70401e+06	0
3.70411e+06	0
3.70421e+06	0
3.70431e+06	0
3.70441e+06	0
3.70451e+06	0
3.70461e+06	0
3.70471e+06	0
3.70481e+06	0
3.70491e+06	0
3.70501e+06	0
3.70511e+06	0
3.70521e+06	0
3.70531e+06	0
3.70541e+06	0
3.70551e+06	0
3.70561e+06	0
3.70571e+06	0
3.70581e+06	0
3.70591e+06	0
3.70601e+06	0
3.70611e+06	0
3.70621e+06	0
3.70631e+06	0
3.70641e+06	0
3.70651e+06	0
3.70661e+06	0
3.70671e+06	0
3.70681e+06	0
3.70691e+06	0
3.70701e+06	0
3.70711e+06	0
3.70721e+06	0
3.70731e+06	0
3.70741e+06	0
3.70751e+06	0
3.70761e+06	0
3.70771e+06	0
3.70781e+06	0
3.70791e+06	0
3.70801e+06	0
3.70811e+06	0
3.70821e+06	0
3.70831e+06	0
3.70841e+06	0
3.70851e+06	0
3.70861e+06	0
3.70871e+06	0
3.70881e+06	0
3.70891e+06	0
3.70901e+06	0
3.70911e+06	0
3.70921e+06	0
3.70931e+06	0
3.70941e+06	0
3.70951e+06	0
3.70961e+06	0
3.70971e+06	0
3.70981e+06	0
3.70991e+06	0
3.71001e+06	0
3.71011e+06	0
3.71021e+06	0
3.71031e+06	0
3.71041e+06	0
3.71051e+06	0
3.71061e+06	0
3.71071e+06	0
3.71081e+06	0
3.71091e+06	0
3.71101e+06	0
3.71111e+06	0
3.71121e+06	0
3.71131e+06	0
3.71141e+06	0
3.71151e+06	0
3.71161e+06	0
3.71171e+06	0
3.71181e+06	0
3.71191e+06	0
3.71201e+06	0
3.71211e+06	0
3.71221e+06	0
3.71231e+06	0
3.71241e+06	0
3.71251e+06	0
3.71261e+06	0
3.71271e+06	0
3.71281e+06	0
3.71291e+06	0
3.71301e+06	0
3.71311e+06	0
3.71321e+06	0
3.71331e+06	0
3.71341e+06	0
3.71351e+06	0
3.71361e+06	0
3.71371e+06	0
3.71381e+06	0
3.71391e+06	0
3.71401e+06	0
3.71411e+06	0
3.71421e+06	0
3.71431e+06	0
3.71441e+06	0
3.71451e+06	0
3.71461e+06	0
3.71471e+06	0
3.71481e+06	0
3.71491e+06	0
3.71501e+06	0
3.71511e+06	0
3.71521e+06	0
3.71531e+06	0
3.71541e+06	0
3.71551e+06	0
3.71561e+06	0
3.71571e+06	0
3.71581e+06	0
3.71591e+06	0
3.71601e+06	0
3.71611e+06	0
3.71621e+06	0
3.71631e+06	0
3.71641e+06	0
3.71651e+06	0
3.71661e+06	0
3.71671e+06	0
3.71681e+06	0
3.71691e+06	0
3.71701e+06	0
3.71711e+06	0
3.71721e+06	0
3.71731e+06	0
3.71741e+06	0
3.71751e+06	0
3.71761e+06	0
3.71771e+06	0
3.71781e+06	0
3.71791e+06	0
3.71801e+06	0
3.71811e+06	0
3.71821e+06	0
3.71831e+06	0
3.71841e+06	0
3.71851e+06	0
3.71861e+06	0
3.71871e+06	0
3.71881e+06	0
3.71891e+06	0
3.71901e+06	0
3.71911e+06	0
3.71921e+06	0
3.71931e+06	0
3.71941e+06	0
3.71951e+06	0
3.71961e+06	0
3.71971e+06	0
3.71981e+06	0
3.71991e+06	0
3.72001e+06	0
3.72011e+06	0
3.72021e+06	0
3.72031e+06	0
3.72041e+06	0
3.72051e+06	0
3.72061e+06	0
3.72071e+06	0
3.72081e+06	0
3.72091e+06	0
3.72101e+06	0
3.72111e+06	0
3.72121e+06	0
3.72131e+06	0
3.72141e+06	0
3.72151e+06	0
3.72161e+06	0
3.72171e+06	0
3.72181e+06	0
3.72191e+06	0
3.72201e+06	0
3.72211e+06	0
3.72221e+06	0
3.72231e+06	0
3.72241e+06	0
3.72251e+06	0
3.72261e+06	0
3.72271e+06	0
3.72281e+06	0
3.72291e+06	0
3.72301e+06	0
3.72311e+06	0
3.72321e+06	0
3.72331e+06	0
3.72341e+06	0
3.72351e+06	0
3.72361e+06	0
3.72371e+06	0
3.72381e+06	0
3.72391e+06	0
3.72401e+06	0
3.72411e+06	0
3.72421e+06	0
3.72431e+06	0
3.72441e+06	0
3.72451e+06	0
3.72461e+06	0
3.72471e+06	0
3.72481e+06	0
3.72491e+06	0
3.72501e+06	0
3.72511e+06	0
3.72521e+06	0
3.72531e+06	0
3.72541e+06	0
3.72551e+06	0
3.72561e+06	0
3.72571e+06	0
3.72581e+06	0
3.72591e+06	0
3.72601e+06	0
3.72611e+06	0
3.72621e+06	0
3.72631e+06	0
3.72641e+06	0
3.72651e+06	0
3.72661e+06	0
3.72671e+06	0
3.72681e+06	0
3.72691e+06	0
3.72701e+06	0
3.72711e+06	0
3.72721e+06	0
3.72731e+06	0
3.72741e+06	0
3.72751e+06	0
3.72761e+06	0
3.72771e+06	0
3.72781e+06	0
3.72791e+06	0
3.72801e+06	0
3.72811e+06	0
3.72821e+06	0
3.72831e+06	0
3.72841e+06	0
3.72851e+06	0
3.72861e+06	0
3.72871e+06	0
3.72881e+06	0
3.72891e+06	0
3.72901e+06	0
3.72911e+06	0
3.72921e+06	0
3.72931e+06	0
3.72941e+06	0
3.72951e+06	0
3.72961e+06	0
3.72971e+06	0
3.72981e+06	0
3.72991e+06	0
3.73001e+06	0
3.73011e+06	0
3.73021e+06	0
3.73031e+06	0
3.73041e+06	0
3.73051e+06	0
3.73061e+06	0
3.73071e+06	0
3.73081e+06	0
3.73091e+06	0
3.73101e+06	0
3.73111e+06	0
3.73121e+06	0
3.73131e+06	0
3.73141e+06	0
3.73151e+06	0
3.73161e+06	0
3.73171e+06	0
3.73181e+06	0
3.73191e+06	0
3.73201e+06	0
3.73211e+06	0
3.73221e+06	0
3.73231e+06	0
3.73241e+06	0
3.73251e+06	0
3.73261e+06	0
3.73271e+06	0
3.73281e+06	0
3.73291e+06	0
3.73301e+06	0
3.73311e+06	0
3.73321e+06	0
3.73331e+06	0
3.73341e+06	0
3.73351e+06	0
3.73361e+06	0
3.73371e+06	0
3.73381e+06	0
3.73391e+06	0
3.73401e+06	0
3.73411e+06	0
3.73421e+06	0
3.73431e+06	0
3.73441e+06	0
3.73451e+06	0
3.73461e+06	0
3.73471e+06	0
3.73481e+06	0
3.73491e+06	0
3.73501e+06	0
3.73511e+06	0
3.73521e+06	0
3.73531e+06	0
3.73541e+06	0
3.73551e+06	0
3.73561e+06	0
3.73571e+06	0
3.73581e+06	0
3.73591e+06	0
3.73601e+06	0
3.73611e+06	0
3.73621e+06	0
3.73631e+06	0
3.73641e+06	0
3.73651e+06	0
3.73661e+06	0
3.73671e+06	0
3.73681e+06	0
3.73691e+06	0
3.73701e+06	0
3.73711e+06	0
3.73721e+06	0
3.73731e+06	0
3.73741e+06	0
3.73751e+06	0
3.73761e+06	0
3.73771e+06	0
3.73781e+06	0
3.73791e+06	0
3.73801e+06	0
3.73811e+06	0
3.73821e+06	0
3.73831e+06	0
3.73841e+06	0
3.73851e+06	0
3.73861e+06	0
3.73871e+06	0
3.73881e+06	0
3.73891e+06	0
3.73901e+06	0
3.73911e+06	0
3.73921e+06	0
3.73931e+06	0
3.73941e+06	0
3.73951e+06	0
3.73961e+06	0
3.73971e+06	0
3.73981e+06	0
3.73991e+06	0
3.74001e+06	0
3.74011e+06	0
3.74021e+06	0
3.74031e+06	0
3.74041e+06	0
3.74051e+06	0
3.74061e+06	0
3.74071e+06	0
3.74081e+06	0
3.74091e+06	0
3.74101e+06	0
3.74111e+06	0
3.74121e+06	0
3.74131e+06	0
3.74141e+06	0
3.74151e+06	0
3.74161e+06	0
3.74171e+06	0
3.74181e+06	0
3.74191e+06	0
3.74201e+06	0
3.74211e+06	0
3.74221e+06	0
3.74231e+06	0
3.74241e+06	0
3.74251e+06	0
3.74261e+06	0
3.74271e+06	0
3.74281e+06	0
3.74291e+06	0
3.74301e+06	0
3.74311e+06	0
3.74321e+06	0
3.74331e+06	0
3.74341e+06	0
3.74351e+06	0
3.74361e+06	0
3.74371e+06	0
3.74381e+06	0
3.74391e+06	0
3.74401e+06	0
3.74411e+06	0
3.74421e+06	0
3.74431e+06	0
3.74441e+06	0
3.74451e+06	0
3.74461e+06	0
3.74471e+06	0
3.74481e+06	0
3.74491e+06	0
3.74501e+06	0
3.74511e+06	0
3.74521e+06	0
3.74531e+06	0
3.74541e+06	0
3.74551e+06	0
3.74561e+06	0
3.74571e+06	0
3.74581e+06	0
3.74591e+06	0
3.74601e+06	0
3.74611e+06	0
3.74621e+06	0
3.74631e+06	0
3.74641e+06	0
3.74651e+06	0
3.74661e+06	0
3.74671e+06	0
3.74681e+06	0
3.74691e+06	0
3.74701e+06	0
3.74711e+06	0
3.74721e+06	0
3.74731e+06	0
3.74741e+06	0
3.74751e+06	0
3.74761e+06	0
3.74771e+06	0
3.74781e+06	0
3.74791e+06	0
3.74801e+06	0
3.74811e+06	0
3.74821e+06	0
3.74831e+06	0
3.74841e+06	0
3.74851e+06	0
3.74861e+06	0
3.74871e+06	0
3.74881e+06	0
3.74891e+06	0
3.74901e+06	0
3.74911e+06	0
3.74921e+06	0
3.74931e+06	0
3.74941e+06	0
3.74951e+06	0
3.74961e+06	0
3.74971e+06	0
3.74981e+06	0
3.74991e+06	0
3.75001e+06	0
3.75011e+06	0
3.75021e+06	0
3.75031e+06	0
3.75041e+06	0
3.75051e+06	0
3.75061e+06	0
3.75071e+06	0
3.75081e+06	0
3.75091e+06	0
3.75101e+06	0
3.75111e+06	0
3.75121e+06	0
3.75131e+06	0
3.75141e+06	0
3.75151e+06	0
3.75161e+06	0
3.75171e+06	0
3.75181e+06	0
3.75191e+06	0
3.75201e+06	0
3.75211e+06	0
3.75221e+06	0
3.75231e+06	0
3.75241e+06	0
3.75251e+06	0
3.75261e+06	0
3.75271e+06	0
3.75281e+06	0
3.75291e+06	0
3.75301e+06	0
3.75311e+06	0
3.75321e+06	0
3.75331e+06	0
3.75341e+06	0
3.75351e+06	0
3.75361e+06	0
3.75371e+06	0
3.75381e+06	0
3.75391e+06	0
3.75401e+06	0
3.75411e+06	0
3.75421e+06	0
3.75431e+06	0
3.75441e+06	0
3.75451e+06	0
3.75461e+06	0
3.75471e+06	0
3.75481e+06	0
3.75491e+06	0
3.75501e+06	0
3.75511e+06	0
3.75521e+06	0
3.75531e+06	0
3.75541e+06	0
3.75551e+06	0
3.75561e+06	0
3.75571e+06	0
3.75581e+06	0
3.75591e+06	0
3.75601e+06	0
3.75611e+06	0
3.75621e+06	0
3.75631e+06	0
3.75641e+06	0
3.75651e+06	0
3.75661e+06	0
3.75671e+06	0
3.75681e+06	0
3.75691e+06	0
3.75701e+06	0
3.75711e+06	0
3.75721e+06	0
3.75731e+06	0
3.75741e+06	0
3.75751e+06	0
3.75761e+06	0
3.75771e+06	0
3.75781e+06	0
3.75791e+06	0
3.75801e+06	0
3.75811e+06	0
3.75821e+06	0
3.75831e+06	0
3.75841e+06	0
3.75851e+06	0
3.75861e+06	0
3.75871e+06	0
3.75881e+06	0
3.75891e+06	0
3.75901e+06	0
3.75911e+06	0
3.75921e+06	0
3.75931e+06	0
3.75941e+06	0
3.75951e+06	0
3.75961e+06	0
3.75971e+06	0
3.75981e+06	0
3.75991e+06	0
3.76001e+06	0
3.76011e+06	0
3.76021e+06	0
3.76031e+06	0
3.76041e+06	0
3.76051e+06	0
3.76061e+06	0
3.76071e+06	0
3.76081e+06	0
3.76091e+06	0
3.76101e+06	0
3.76111e+06	0
3.76121e+06	0
3.76131e+06	0
3.76141e+06	0
3.76151e+06	0
3.76161e+06	0
3.76171e+06	0
3.76181e+06	0
3.76191e+06	0
3.76201e+06	0
3.76211e+06	0
3.76221e+06	0
3.76231e+06	0
3.76241e+06	0
3.76251e+06	0
3.76261e+06	0
3.76271e+06	0
3.76281e+06	0
3.76291e+06	0
3.76301e+06	0
3.76311e+06	0
3.76321e+06	0
3.76331e+06	0
3.76341e+06	0
3.76351e+06	0
3.76361e+06	0
3.76371e+06	0
3.76381e+06	0
3.76391e+06	0
3.76401e+06	0
3.76411e+06	0
3.76421e+06	0
3.76431e+06	0
3.76441e+06	0
3.76451e+06	0
3.76461e+06	0
3.76471e+06	0
3.76481e+06	0
3.76491e+06	0
3.76501e+06	0
3.76511e+06	0
3.76521e+06	0
3.76531e+06	0
3.76541e+06	0
3.76551e+06	0
3.76561e+06	0
3.76571e+06	0
3.76581e+06	0
3.76591e+06	0
3.76601e+06	0
3.76611e+06	0
3.76621e+06	0
3.76631e+06	0
3.76641e+06	0
3.76651e+06	0
3.76661e+06	0
3.76671e+06	0
3.76681e+06	0
3.76691e+06	0
3.76701e+06	0
3.76711e+06	0
3.76721e+06	0
3.76731e+06	0
3.76741e+06	0
3.76751e+06	0
3.76761e+06	0
3.76771e+06	0
3.76781e+06	0
3.76791e+06	0
3.76801e+06	0
3.76811e+06	0
3.76821e+06	0
3.76831e+06	0
3.76841e+06	0
3.76851e+06	0
3.76861e+06	0
3.76871e+06	0
3.76881e+06	0
3.76891e+06	0
3.76901e+06	0
3.76911e+06	0
3.76921e+06	0
3.76931e+06	0
3.76941e+06	0
3.76951e+06	0
3.76961e+06	0
3.76971e+06	0
3.76981e+06	0
3.76991e+06	0
3.77001e+06	0
3.77011e+06	0
3.77021e+06	0
3.77031e+06	0
3.77041e+06	0
3.77051e+06	0
3.77061e+06	0
3.77071e+06	0
3.77081e+06	0
3.77091e+06	0
3.77101e+06	0
3.77111e+06	0
3.77121e+06	0
3.77131e+06	0
3.77141e+06	0
3.77151e+06	0
3.77161e+06	0
3.77171e+06	0
3.77181e+06	0
3.77191e+06	0
3.77201e+06	0
3.77211e+06	0
3.77221e+06	0
3.77231e+06	0
3.77241e+06	0
3.77251e+06	0
3.77261e+06	0
3.77271e+06	0
3.77281e+06	0
3.77291e+06	0
3.77301e+06	0
3.77311e+06	0
3.77321e+06	0
3.77331e+06	0
3.77341e+06	0
3.77351e+06	0
3.77361e+06	0
3.77371e+06	0
3.77381e+06	0
3.77391e+06	0
3.77401e+06	0
3.77411e+06	0
3.77421e+06	0
3.77431e+06	0
3.77441e+06	0
3.77451e+06	0
3.77461e+06	0
3.77471e+06	0
3.77481e+06	0
3.77491e+06	0
3.77501e+06	0
3.77511e+06	0
3.77521e+06	0
3.77531e+06	0
3.77541e+06	0
3.77551e+06	0
3.77561e+06	0
3.77571e+06	0
3.77581e+06	0
3.77591e+06	0
3.77601e+06	0
3.77611e+06	0
3.77621e+06	0
3.77631e+06	0
3.77641e+06	0
3.77651e+06	0
3.77661e+06	0
3.77671e+06	0
3.77681e+06	0
3.77691e+06	0
3.77701e+06	0
3.77711e+06	0
3.77721e+06	0
3.77731e+06	0
3.77741e+06	0
3.77751e+06	0
3.77761e+06	0
3.77771e+06	0
3.77781e+06	0
3.77791e+06	0
3.77801e+06	0
3.77811e+06	0
3.77821e+06	0
3.77831e+06	0
3.77841e+06	0
3.77851e+06	0
3.77861e+06	0
3.77871e+06	0
3.77881e+06	0
3.77891e+06	0
3.77901e+06	0
3.77911e+06	0
3.77921e+06	0
3.77931e+06	0
3.77941e+06	0
3.77951e+06	0
3.77961e+06	0
3.77971e+06	0
3.77981e+06	0
3.77991e+06	0
3.78001e+06	0
3.78011e+06	0
3.78021e+06	0
3.78031e+06	0
3.78041e+06	0
3.78051e+06	0
3.78061e+06	0
3.78071e+06	0
3.78081e+06	0
3.78091e+06	0
3.78101e+06	0
3.78111e+06	0
3.78121e+06	0
3.78131e+06	0
3.78141e+06	0
3.78151e+06	0
3.78161e+06	0
3.78171e+06	0
3.78181e+06	0
3.78191e+06	0
3.78201e+06	0
3.78211e+06	0
3.78221e+06	0
3.78231e+06	0
3.78241e+06	0
3.78251e+06	0
3.78261e+06	0
3.78271e+06	0
3.78281e+06	0
3.78291e+06	0
3.78301e+06	0
3.78311e+06	0
3.78321e+06	0
3.78331e+06	0
3.78341e+06	0
3.78351e+06	0
3.78361e+06	0
3.78371e+06	0
3.78381e+06	0
3.78391e+06	0
3.78401e+06	0
3.78411e+06	0
3.78421e+06	0
3.78431e+06	0
3.78441e+06	0
3.78451e+06	0
3.78461e+06	0
3.78471e+06	0
3.78481e+06	0
3.78491e+06	0
3.78501e+06	0
3.78511e+06	0
3.78521e+06	0
3.78531e+06	0
3.78541e+06	0
3.78551e+06	0
3.78561e+06	0
3.78571e+06	0
3.78581e+06	0
3.78591e+06	0
3.78601e+06	0
3.78611e+06	0
3.78621e+06	0
3.78631e+06	0
3.78641e+06	0
3.78651e+06	0
3.78661e+06	0
3.78671e+06	0
3.78681e+06	0
3.78691e+06	0
3.78701e+06	0
3.78711e+06	0
3.78721e+06	0
3.78731e+06	0
3.78741e+06	0
3.78751e+06	0
3.78761e+06	0
3.78771e+06	0
3.78781e+06	0
3.78791e+06	0
3.78801e+06	0
3.78811e+06	0
3.78821e+06	0
3.78831e+06	0
3.78841e+06	0
3.78851e+06	0
3.78861e+06	0
3.78871e+06	0
3.78881e+06	0
3.78891e+06	0
3.78901e+06	0
3.78911e+06	0
3.78921e+06	0
3.78931e+06	0
3.78941e+06	0
3.78951e+06	0
3.78961e+06	0
3.78971e+06	0
3.78981e+06	0
3.78991e+06	0
3.79001e+06	0
3.79011e+06	0
3.79021e+06	0
3.79031e+06	0
3.79041e+06	0
3.79051e+06	0
3.79061e+06	0
3.79071e+06	0
3.79081e+06	0
3.79091e+06	0
3.79101e+06	0
3.79111e+06	0
3.79121e+06	0
3.79131e+06	0
3.79141e+06	0
3.79151e+06	0
3.79161e+06	0
3.79171e+06	0
3.79181e+06	0
3.79191e+06	0
3.79201e+06	0
3.79211e+06	0
3.79221e+06	0
3.79231e+06	0
3.79241e+06	0
3.79251e+06	0
3.79261e+06	0
3.79271e+06	0
3.79281e+06	0
3.79291e+06	0
3.79301e+06	0
3.79311e+06	0
3.79321e+06	0
3.79331e+06	0
3.79341e+06	0
3.79351e+06	0
3.79361e+06	0
3.79371e+06	0
3.79381e+06	0
3.79391e+06	0
3.79401e+06	0
3.79411e+06	0
3.79421e+06	0
3.79431e+06	0
3.79441e+06	0
3.79451e+06	0
3.79461e+06	0
3.79471e+06	0
3.79481e+06	0
3.79491e+06	0
3.79501e+06	0
3.79511e+06	0
3.79521e+06	0
3.79531e+06	0
3.79541e+06	0
3.79551e+06	0
3.79561e+06	0
3.79571e+06	0
3.79581e+06	0
3.79591e+06	0
3.79601e+06	0
3.79611e+06	0
3.79621e+06	0
3.79631e+06	0
3.79641e+06	0
3.79651e+06	0
3.79661e+06	0
3.79671e+06	0
3.79681e+06	0
3.79691e+06	0
3.79701e+06	0
3.79711e+06	0
3.79721e+06	0
3.79731e+06	0
3.79741e+06	0
3.79751e+06	0
3.79761e+06	0
3.79771e+06	0
3.79781e+06	0
3.79791e+06	0
3.79801e+06	0
3.79811e+06	0
3.79821e+06	0
3.79831e+06	0
3.79841e+06	0
3.79851e+06	0
3.79861e+06	0
3.79871e+06	0
3.79881e+06	0
3.79891e+06	0
3.79901e+06	0
3.79911e+06	0
3.79921e+06	0
3.79931e+06	0
3.79941e+06	0
3.79951e+06	0
3.79961e+06	0
3.79971e+06	0
3.79981e+06	0
3.79991e+06	0
3.80001e+06	0
3.80011e+06	0
3.80021e+06	0
3.80031e+06	0
3.80041e+06	0
3.80051e+06	0
3.80061e+06	0
3.80071e+06	0
3.80081e+06	0
3.80091e+06	0
3.80101e+06	0
3.80111e+06	0
3.80121e+06	0
3.80131e+06	0
3.80141e+06	0
3.80151e+06	0
3.80161e+06	0
3.80171e+06	0
3.80181e+06	0
3.80191e+06	0
3.80201e+06	0
3.80211e+06	0
3.80221e+06	0
3.80231e+06	0
3.80241e+06	0
3.80251e+06	0
3.80261e+06	0
3.80271e+06	0
3.80281e+06	0
3.80291e+06	0
3.80301e+06	0
3.80311e+06	0
3.80321e+06	0
3.80331e+06	0
3.80341e+06	0
3.80351e+06	0
3.80361e+06	0
3.80371e+06	0
3.80381e+06	0
3.80391e+06	0
3.80401e+06	0
3.80411e+06	0
3.80421e+06	0
3.80431e+06	0
3.80441e+06	0
3.80451e+06	0
3.80461e+06	0
3.80471e+06	0
3.80481e+06	0
3.80491e+06	0
3.80501e+06	0
3.80511e+06	0
3.80521e+06	0
3.80531e+06	0
3.80541e+06	0
3.80551e+06	0
3.80561e+06	0
3.80571e+06	0
3.80581e+06	0
3.80591e+06	0
3.80601e+06	0
3.80611e+06	0
3.80621e+06	0
3.80631e+06	0
3.80641e+06	0
3.80651e+06	0
3.80661e+06	0
3.80671e+06	0
3.80681e+06	0
3.80691e+06	0
3.80701e+06	0
3.80711e+06	0
3.80721e+06	0
3.80731e+06	0
3.80741e+06	0
3.80751e+06	0
3.80761e+06	0
3.80771e+06	0
3.80781e+06	0
3.80791e+06	0
3.80801e+06	0
3.80811e+06	0
3.80821e+06	0
3.80831e+06	0
3.80841e+06	0
3.80851e+06	0
3.80861e+06	0
3.80871e+06	0
3.80881e+06	0
3.80891e+06	0
3.80901e+06	0
3.80911e+06	0
3.80921e+06	0
3.80931e+06	0
3.80941e+06	0
3.80951e+06	0
3.80961e+06	0
3.80971e+06	0
3.80981e+06	0
3.80991e+06	0
3.81001e+06	0
3.81011e+06	0
3.81021e+06	0
3.81031e+06	0
3.81041e+06	0
3.81051e+06	0
3.81061e+06	0
3.81071e+06	0
3.81081e+06	0
3.81091e+06	0
3.81101e+06	0
3.81111e+06	0
3.81121e+06	0
3.81131e+06	0
3.81141e+06	0
3.81151e+06	0
3.81161e+06	0
3.81171e+06	0
3.81181e+06	0
3.81191e+06	0
3.81201e+06	0
3.81211e+06	0
3.81221e+06	0
3.81231e+06	0
3.81241e+06	0
3.81251e+06	0
3.81261e+06	0
3.81271e+06	0
3.81281e+06	0
3.81291e+06	0
3.81301e+06	0
3.81311e+06	0
3.81321e+06	0
3.81331e+06	0
3.81341e+06	0
3.81351e+06	0
3.81361e+06	0
3.81371e+06	0
3.81381e+06	0
3.81391e+06	0
3.81401e+06	0
3.81411e+06	0
3.81421e+06	0
3.81431e+06	0
3.81441e+06	0
3.81451e+06	0
3.81461e+06	0
3.81471e+06	0
3.81481e+06	0
3.81491e+06	0
3.81501e+06	0
3.81511e+06	0
3.81521e+06	0
3.81531e+06	0
3.81541e+06	0
3.81551e+06	0
3.81561e+06	0
3.81571e+06	0
3.81581e+06	0
3.81591e+06	0
3.81601e+06	0
3.81611e+06	0
3.81621e+06	0
3.81631e+06	0
3.81641e+06	0
3.81651e+06	0
3.81661e+06	0
3.81671e+06	0
3.81681e+06	0
3.81691e+06	0
3.81701e+06	0
3.81711e+06	0
3.81721e+06	0
3.81731e+06	0
3.81741e+06	0
3.81751e+06	0
3.81761e+06	0
3.81771e+06	0
3.81781e+06	0
3.81791e+06	0
3.81801e+06	0
3.81811e+06	0
3.81821e+06	0
3.81831e+06	0
3.81841e+06	0
3.81851e+06	0
3.81861e+06	0
3.81871e+06	0
3.81881e+06	0
3.81891e+06	0
3.81901e+06	0
3.81911e+06	0
3.81921e+06	0
3.81931e+06	0
3.81941e+06	0
3.81951e+06	0
3.81961e+06	0
3.81971e+06	0
3.81981e+06	0
3.81991e+06	0
3.82001e+06	0
3.82011e+06	0
3.82021e+06	0
3.82031e+06	0
3.82041e+06	0
3.82051e+06	0
3.82061e+06	0
3.82071e+06	0
3.82081e+06	0
3.82091e+06	0
3.82101e+06	0
3.82111e+06	0
3.82121e+06	0
3.82131e+06	0
3.82141e+06	0
3.82151e+06	0
3.82161e+06	0
3.82171e+06	0
3.82181e+06	0
3.82191e+06	0
3.82201e+06	0
3.82211e+06	0
3.82221e+06	0
3.82231e+06	0
3.82241e+06	0
3.82251e+06	0
3.82261e+06	0
3.82271e+06	0
3.82281e+06	0
3.82291e+06	0
3.82301e+06	0
3.82311e+06	0
3.82321e+06	0
3.82331e+06	0
3.82341e+06	0
3.82351e+06	0
3.82361e+06	0
3.82371e+06	0
3.82381e+06	0
3.82391e+06	0
3.82401e+06	0
3.82411e+06	0
3.82421e+06	0
3.82431e+06	0
3.82441e+06	0
3.82451e+06	0
3.82461e+06	0
3.82471e+06	0
3.82481e+06	0
3.82491e+06	0
3.82501e+06	0
3.82511e+06	0
3.82521e+06	0
3.82531e+06	0
3.82541e+06	0
3.82551e+06	0
3.82561e+06	0
3.82571e+06	0
3.82581e+06	0
3.82591e+06	0
3.82601e+06	0
3.82611e+06	0
3.82621e+06	0
3.82631e+06	0
3.82641e+06	0
3.82651e+06	0
3.82661e+06	0
3.82671e+06	0
3.82681e+06	0
3.82691e+06	0
3.82701e+06	0
3.82711e+06	0
3.82721e+06	0
3.82731e+06	0
3.82741e+06	0
3.82751e+06	0
3.82761e+06	0
3.82771e+06	0
3.82781e+06	0
3.82791e+06	0
3.82801e+06	0
3.82811e+06	0
3.82821e+06	0
3.82831e+06	0
3.82841e+06	0
3.82851e+06	0
3.82861e+06	0
3.82871e+06	0
3.82881e+06	0
3.82891e+06	0
3.82901e+06	0
3.82911e+06	0
3.82921e+06	0
3.82931e+06	0
3.82941e+06	0
3.82951e+06	0
3.82961e+06	0
3.82971e+06	0
3.82981e+06	0
3.82991e+06	0
3.83001e+06	0
3.83011e+06	0
3.83021e+06	0
3.83031e+06	0
3.83041e+06	0
3.83051e+06	0
3.83061e+06	0
3.83071e+06	0
3.83081e+06	0
3.83091e+06	0
3.83101e+06	0
3.83111e+06	0
3.83121e+06	0
3.83131e+06	0
3.83141e+06	0
3.83151e+06	0
3.83161e+06	0
3.83171e+06	0
3.83181e+06	0
3.83191e+06	0
3.83201e+06	0
3.83211e+06	0
3.83221e+06	0
3.83231e+06	0
3.83241e+06	0
3.83251e+06	0
3.83261e+06	0
3.83271e+06	0
3.83281e+06	0
3.83291e+06	0
3.83301e+06	0
3.83311e+06	0
3.83321e+06	0
3.83331e+06	0
3.83341e+06	0
3.83351e+06	0
3.83361e+06	0
3.83371e+06	0
3.83381e+06	0
3.83391e+06	0
3.83401e+06	0
3.83411e+06	0
3.83421e+06	0
3.83431e+06	0
3.83441e+06	0
3.83451e+06	0
3.83461e+06	0
3.83471e+06	0
3.83481e+06	0
3.83491e+06	0
3.83501e+06	0
3.83511e+06	0
3.83521e+06	0
3.83531e+06	0
3.83541e+06	0
3.83551e+06	0
3.83561e+06	0
3.83571e+06	0
3.83581e+06	0
3.83591e+06	0
3.83601e+06	0
3.83611e+06	0
3.83621e+06	0
3.83631e+06	0
3.83641e+06	0
3.83651e+06	0
3.83661e+06	0
3.83671e+06	0
3.83681e+06	0
3.83691e+06	0
3.83701e+06	0
3.83711e+06	0
3.83721e+06	0
3.83731e+06	0
3.83741e+06	0
3.83751e+06	0
3.83761e+06	0
3.83771e+06	0
3.83781e+06	0
3.83791e+06	0
3.83801e+06	0
3.83811e+06	0
3.83821e+06	0
3.83831e+06	0
3.83841e+06	0
3.83851e+06	0
3.83861e+06	0
3.83871e+06	0
3.83881e+06	0
3.83891e+06	0
3.83901e+06	0
3.83911e+06	0
3.83921e+06	0
3.83931e+06	0
3.83941e+06	0
3.83951e+06	0
3.83961e+06	0
3.83971e+06	0
3.83981e+06	0
3.83991e+06	0
3.84001e+06	0
3.84011e+06	0
3.84021e+06	0
3.84031e+06	0
3.84041e+06	0
3.84051e+06	0
3.84061e+06	0
3.84071e+06	0
3.84081e+06	0
3.84091e+06	0
3.84101e+06	0
3.84111e+06	0
3.84121e+06	0
3.84131e+06	0
3.84141e+06	0
3.84151e+06	0
3.84161e+06	0
3.84171e+06	0
3.84181e+06	0
3.84191e+06	0
3.84201e+06	0
3.84211e+06	0
3.84221e+06	0
3.84231e+06	0
3.84241e+06	0
3.84251e+06	0
3.84261e+06	0
3.84271e+06	0
3.84281e+06	0
3.84291e+06	0
3.84301e+06	0
3.84311e+06	0
3.84321e+06	0
3.84331e+06	0
3.84341e+06	0
3.84351e+06	0
3.84361e+06	0
3.84371e+06	0
3.84381e+06	0
3.84391e+06	0
3.84401e+06	0
3.84411e+06	0
3.84421e+06	0
3.84431e+06	0
3.84441e+06	0
3.84451e+06	0
3.84461e+06	0
3.84471e+06	0
3.84481e+06	0
3.84491e+06	0
3.84501e+06	0
3.84511e+06	0
3.84521e+06	0
3.84531e+06	0
3.84541e+06	0
3.84551e+06	0
3.84561e+06	0
3.84571e+06	0
3.84581e+06	0
3.84591e+06	0
3.84601e+06	0
3.84611e+06	0
3.84621e+06	0
3.84631e+06	0
3.84641e+06	0
3.84651e+06	0
3.84661e+06	0
3.84671e+06	0
3.84681e+06	0
3.84691e+06	0
3.84701e+06	0
3.84711e+06	0
3.84721e+06	0
3.84731e+06	0
3.84741e+06	0
3.84751e+06	0
3.84761e+06	0
3.84771e+06	0
3.84781e+06	0
3.84791e+06	0
3.84801e+06	0
3.84811e+06	0
3.84821e+06	0
3.84831e+06	0
3.84841e+06	0
3.84851e+06	0
3.84861e+06	0
3.84871e+06	0
3.84881e+06	0
3.84891e+06	0
3.84901e+06	0
3.84911e+06	0
3.84921e+06	0
3.84931e+06	0
3.84941e+06	0
3.84951e+06	0
3.84961e+06	0
3.84971e+06	0
3.84981e+06	0
3.84991e+06	0
3.85001e+06	0
3.85011e+06	0
3.85021e+06	0
3.85031e+06	0
3.85041e+06	0
3.85051e+06	0
3.85061e+06	0
3.85071e+06	0
3.85081e+06	0
3.85091e+06	0
3.85101e+06	0
3.85111e+06	0
3.85121e+06	0
3.85131e+06	0
3.85141e+06	0
3.85151e+06	0
3.85161e+06	0
3.85171e+06	0
3.85181e+06	0
3.85191e+06	0
3.85201e+06	0
3.85211e+06	0
3.85221e+06	0
3.85231e+06	0
3.85241e+06	0
3.85251e+06	0
3.85261e+06	0
3.85271e+06	0
3.85281e+06	0
3.85291e+06	0
3.85301e+06	0
3.85311e+06	0
3.85321e+06	0
3.85331e+06	0
3.85341e+06	0
3.85351e+06	0
3.85361e+06	0
3.85371e+06	0
3.85381e+06	0
3.85391e+06	0
3.85401e+06	0
3.85411e+06	0
3.85421e+06	0
3.85431e+06	0
3.85441e+06	0
3.85451e+06	0
3.85461e+06	0
3.85471e+06	0
3.85481e+06	0
3.85491e+06	0
3.85501e+06	0
3.85511e+06	0
3.85521e+06	0
3.85531e+06	0
3.85541e+06	0
3.85551e+06	0
3.85561e+06	0
3.85571e+06	0
3.85581e+06	0
3.85591e+06	0
3.85601e+06	0
3.85611e+06	0
3.85621e+06	0
3.85631e+06	0
3.85641e+06	0
3.85651e+06	0
3.85661e+06	0
3.85671e+06	0
3.85681e+06	0
3.85691e+06	0
3.85701e+06	0
3.85711e+06	0
3.85721e+06	0
3.85731e+06	0
3.85741e+06	0
3.85751e+06	0
3.85761e+06	0
3.85771e+06	0
3.85781e+06	0
3.85791e+06	0
3.85801e+06	0
3.85811e+06	0
3.85821e+06	0
3.85831e+06	0
3.85841e+06	0
3.85851e+06	0
3.85861e+06	0
3.85871e+06	0
3.85881e+06	0
3.85891e+06	0
3.85901e+06	0
3.85911e+06	0
3.85921e+06	0
3.85931e+06	0
3.85941e+06	0
3.85951e+06	0
3.85961e+06	0
3.85971e+06	0
3.85981e+06	0
3.85991e+06	0
3.86001e+06	0
3.86011e+06	0
3.86021e+06	0
3.86031e+06	0
3.86041e+06	0
3.86051e+06	0
3.86061e+06	0
3.86071e+06	0
3.86081e+06	0
3.86091e+06	0
3.86101e+06	0
3.86111e+06	0
3.86121e+06	0
3.86131e+06	0
3.86141e+06	0
3.86151e+06	0
3.86161e+06	0
3.86171e+06	0
3.86181e+06	0
3.86191e+06	0
3.86201e+06	0
3.86211e+06	0
3.86221e+06	0
3.86231e+06	0
3.86241e+06	0
3.86251e+06	0
3.86261e+06	0
3.86271e+06	0
3.86281e+06	0
3.86291e+06	0
3.86301e+06	0
3.86311e+06	0
3.86321e+06	0
3.86331e+06	0
3.86341e+06	0
3.86351e+06	0
3.86361e+06	0
3.86371e+06	0
3.86381e+06	0
3.86391e+06	0
3.86401e+06	0
3.86411e+06	0
3.86421e+06	0
3.86431e+06	0
3.86441e+06	0
3.86451e+06	0
3.86461e+06	0
3.86471e+06	0
3.86481e+06	0
3.86491e+06	0
3.86501e+06	0
3.86511e+06	0
3.86521e+06	0
3.86531e+06	0
3.86541e+06	0
3.86551e+06	0
3.86561e+06	0
3.86571e+06	0
3.86581e+06	0
3.86591e+06	0
3.86601e+06	0
3.86611e+06	0
3.86621e+06	0
3.86631e+06	0
3.86641e+06	0
3.86651e+06	0
3.86661e+06	0
3.86671e+06	0
3.86681e+06	0
3.86691e+06	0
3.86701e+06	0
3.86711e+06	0
3.86721e+06	0
3.86731e+06	0
3.86741e+06	0
3.86751e+06	0
3.86761e+06	0
3.86771e+06	0
3.86781e+06	0
3.86791e+06	0
3.86801e+06	0
3.86811e+06	0
3.86821e+06	0
3.86831e+06	0
3.86841e+06	0
3.86851e+06	0
3.86861e+06	0
3.86871e+06	0
3.86881e+06	0
3.86891e+06	0
3.86901e+06	0
3.86911e+06	0
3.86921e+06	0
3.86931e+06	0
3.86941e+06	0
3.86951e+06	0
3.86961e+06	0
3.86971e+06	0
3.86981e+06	0
3.86991e+06	0
3.87001e+06	0
3.87011e+06	0
3.87021e+06	0
3.87031e+06	0
3.87041e+06	0
3.87051e+06	0
3.87061e+06	0
3.87071e+06	0
3.87081e+06	0
3.87091e+06	0
3.87101e+06	0
3.87111e+06	0
3.87121e+06	0
3.87131e+06	0
3.87141e+06	0
3.87151e+06	0
3.87161e+06	0
3.87171e+06	0
3.87181e+06	0
3.87191e+06	0
3.87201e+06	0
3.87211e+06	0
3.87221e+06	0
3.87231e+06	0
3.87241e+06	0
3.87251e+06	0
3.87261e+06	0
3.87271e+06	0
3.87281e+06	0
3.87291e+06	0
3.87301e+06	0
3.87311e+06	0
3.87321e+06	0
3.87331e+06	0
3.87341e+06	0
3.87351e+06	0
3.87361e+06	0
3.87371e+06	0
3.87381e+06	0
3.87391e+06	0
3.87401e+06	0
3.87411e+06	0
3.87421e+06	0
3.87431e+06	0
3.87441e+06	0
3.87451e+06	0
3.87461e+06	0
3.87471e+06	0
3.87481e+06	0
3.87491e+06	0
3.87501e+06	0
3.87511e+06	0
3.87521e+06	0
3.87531e+06	0
3.87541e+06	0
3.87551e+06	0
3.87561e+06	0
3.87571e+06	0
3.87581e+06	0
3.87591e+06	0
3.87601e+06	0
3.87611e+06	0
3.87621e+06	0
3.87631e+06	0
3.87641e+06	0
3.87651e+06	0
3.87661e+06	0
3.87671e+06	0
3.87681e+06	0
3.87691e+06	0
3.87701e+06	0
3.87711e+06	0
3.87721e+06	0
3.87731e+06	0
3.87741e+06	0
3.87751e+06	0
3.87761e+06	0
3.87771e+06	0
3.87781e+06	0
3.87791e+06	0
3.87801e+06	0
3.87811e+06	0
3.87821e+06	0
3.87831e+06	0
3.87841e+06	0
3.87851e+06	0
3.87861e+06	0
3.87871e+06	0
3.87881e+06	0
3.87891e+06	0
3.87901e+06	0
3.87911e+06	0
3.87921e+06	0
3.87931e+06	0
3.87941e+06	0
3.87951e+06	0
3.87961e+06	0
3.87971e+06	0
3.87981e+06	0
3.87991e+06	0
3.88001e+06	0
3.88011e+06	0
3.88021e+06	0
3.88031e+06	0
3.88041e+06	0
3.88051e+06	0
3.88061e+06	0
3.88071e+06	0
3.88081e+06	0
3.88091e+06	0
3.88101e+06	0
3.88111e+06	0
3.88121e+06	0
3.88131e+06	0
3.88141e+06	0
3.88151e+06	0
3.88161e+06	0
3.88171e+06	0
3.88181e+06	0
3.88191e+06	0
3.88201e+06	0
3.88211e+06	0
3.88221e+06	0
3.88231e+06	0
3.88241e+06	0
3.88251e+06	0
3.88261e+06	0
3.88271e+06	0
3.88281e+06	0
3.88291e+06	0
3.88301e+06	0
3.88311e+06	0
3.88321e+06	0
3.88331e+06	0
3.88341e+06	0
3.88351e+06	0
3.88361e+06	0
3.88371e+06	0
3.88381e+06	0
3.88391e+06	0
3.88401e+06	0
3.88411e+06	0
3.88421e+06	0
3.88431e+06	0
3.88441e+06	0
3.88451e+06	0
3.88461e+06	0
3.88471e+06	0
3.88481e+06	0
3.88491e+06	0
3.88501e+06	0
3.88511e+06	0
3.88521e+06	0
3.88531e+06	0
3.88541e+06	0
3.88551e+06	0
3.88561e+06	0
3.88571e+06	0
3.88581e+06	0
3.88591e+06	0
3.88601e+06	0
3.88611e+06	0
3.88621e+06	0
3.88631e+06	0
3.88641e+06	0
3.88651e+06	0
3.88661e+06	0
3.88671e+06	0
3.88681e+06	0
3.88691e+06	0
3.88701e+06	0
3.88711e+06	0
3.88721e+06	0
3.88731e+06	0
3.88741e+06	0
3.88751e+06	0
3.88761e+06	0
3.88771e+06	0
3.88781e+06	0
3.88791e+06	0
3.88801e+06	0
3.88811e+06	0
3.88821e+06	0
3.88831e+06	0
3.88841e+06	0
3.88851e+06	0
3.88861e+06	0
3.88871e+06	0
3.88881e+06	0
3.88891e+06	0
3.88901e+06	0
3.88911e+06	0
3.88921e+06	0
3.88931e+06	0
3.88941e+06	0
3.88951e+06	0
3.88961e+06	0
3.88971e+06	0
3.88981e+06	0
3.88991e+06	0
3.89001e+06	0
3.89011e+06	0
3.89021e+06	0
3.89031e+06	0
3.89041e+06	0
3.89051e+06	0
3.89061e+06	0
3.89071e+06	0
3.89081e+06	0
3.89091e+06	0
3.89101e+06	0
3.89111e+06	0
3.89121e+06	0
3.89131e+06	0
3.89141e+06	0
3.89151e+06	0
3.89161e+06	0
3.89171e+06	0
3.89181e+06	0
3.89191e+06	0
3.89201e+06	0
3.89211e+06	0
3.89221e+06	0
3.89231e+06	0
3.89241e+06	0
3.89251e+06	0
3.89261e+06	0
3.89271e+06	0
3.89281e+06	0
3.89291e+06	0
3.89301e+06	0
3.89311e+06	0
3.89321e+06	0
3.89331e+06	0
3.89341e+06	0
3.89351e+06	0
3.89361e+06	0
3.89371e+06	0
3.89381e+06	0
3.89391e+06	0
3.89401e+06	0
3.89411e+06	0
3.89421e+06	0
3.89431e+06	0
3.89441e+06	0
3.89451e+06	0
3.89461e+06	0
3.89471e+06	0
3.89481e+06	0
3.89491e+06	0
3.89501e+06	0
3.89511e+06	0
3.89521e+06	0
3.89531e+06	0
3.89541e+06	0
3.89551e+06	0
3.89561e+06	0
3.89571e+06	0
3.89581e+06	0
3.89591e+06	0
3.89601e+06	0
3.89611e+06	0
3.89621e+06	0
3.89631e+06	0
3.89641e+06	0
3.89651e+06	0
3.89661e+06	0
3.89671e+06	0
3.89681e+06	0
3.89691e+06	0
3.89701e+06	0
3.89711e+06	0
3.89721e+06	0
3.89731e+06	0
3.89741e+06	0
3.89751e+06	0
3.89761e+06	0
3.89771e+06	0
3.89781e+06	0
3.89791e+06	0
3.89801e+06	0
3.89811e+06	0
3.89821e+06	0
3.89831e+06	0
3.89841e+06	0
3.89851e+06	0
3.89861e+06	0
3.89871e+06	0
3.89881e+06	0
3.89891e+06	0
3.89901e+06	0
3.89911e+06	0
3.89921e+06	0
3.89931e+06	0
3.89941e+06	0
3.89951e+06	0
3.89961e+06	0
3.89971e+06	0
3.89981e+06	0
3.89991e+06	0
3.90001e+06	0
3.90011e+06	0
3.90021e+06	0
3.90031e+06	0
3.90041e+06	0
3.90051e+06	0
3.90061e+06	0
3.90071e+06	0
3.90081e+06	0
3.90091e+06	0
3.90101e+06	0
3.90111e+06	0
3.90121e+06	0
3.90131e+06	0
3.90141e+06	0
3.90151e+06	0
3.90161e+06	0
3.90171e+06	0
3.90181e+06	0
3.90191e+06	0
3.90201e+06	0
3.90211e+06	0
3.90221e+06	0
3.90231e+06	0
3.90241e+06	0
3.90251e+06	0
3.90261e+06	0
3.90271e+06	0
3.90281e+06	0
3.90291e+06	0
3.90301e+06	0
3.90311e+06	0
3.90321e+06	0
3.90331e+06	0
3.90341e+06	0
3.90351e+06	0
3.90361e+06	0
3.90371e+06	0
3.90381e+06	0
3.90391e+06	0
3.90401e+06	0
3.90411e+06	0
3.90421e+06	0
3.90431e+06	0
3.90441e+06	0
3.90451e+06	0
3.90461e+06	0
3.90471e+06	0
3.90481e+06	0
3.90491e+06	0
3.90501e+06	0
3.90511e+06	0
3.90521e+06	0
3.90531e+06	0
3.90541e+06	0
3.90551e+06	0
3.90561e+06	0
3.90571e+06	0
3.90581e+06	0
3.90591e+06	0
3.90601e+06	0
3.90611e+06	0
3.90621e+06	0
3.90631e+06	0
3.90641e+06	0
3.90651e+06	0
3.90661e+06	0
3.90671e+06	0
3.90681e+06	0
3.90691e+06	0
3.90701e+06	0
3.90711e+06	0
3.90721e+06	0
3.90731e+06	0
3.90741e+06	0
3.90751e+06	0
3.90761e+06	0
3.90771e+06	0
3.90781e+06	0
3.90791e+06	0
3.90801e+06	0
3.90811e+06	0
3.90821e+06	0
3.90831e+06	0
3.90841e+06	0
3.90851e+06	0
3.90861e+06	0
3.90871e+06	0
3.90881e+06	0
3.90891e+06	0
3.90901e+06	0
3.90911e+06	0
3.90921e+06	0
3.90931e+06	0
3.90941e+06	0
3.90951e+06	0
3.90961e+06	0
3.90971e+06	0
3.90981e+06	0
3.90991e+06	0
3.91001e+06	0
3.91011e+06	0
3.91021e+06	0
3.91031e+06	0
3.91041e+06	0
3.91051e+06	0
3.91061e+06	0
3.91071e+06	0
3.91081e+06	0
3.91091e+06	0
3.91101e+06	0
3.91111e+06	0
3.91121e+06	0
3.91131e+06	0
3.91141e+06	0
3.91151e+06	0
3.91161e+06	0
3.91171e+06	0
3.91181e+06	0
3.91191e+06	0
3.91201e+06	0
3.91211e+06	0
3.91221e+06	0
3.91231e+06	0
3.91241e+06	0
3.91251e+06	0
3.91261e+06	0
3.91271e+06	0
3.91281e+06	0
3.91291e+06	0
3.91301e+06	0
3.91311e+06	0
3.91321e+06	0
3.91331e+06	0
3.91341e+06	0
3.91351e+06	0
3.91361e+06	0
3.91371e+06	0
3.91381e+06	0
3.91391e+06	0
3.91401e+06	0
3.91411e+06	0
3.91421e+06	0
3.91431e+06	0
3.91441e+06	0
3.91451e+06	0
3.91461e+06	0
3.91471e+06	0
3.91481e+06	0
3.91491e+06	0
3.91501e+06	0
3.91511e+06	0
3.91521e+06	0
3.91531e+06	0
3.91541e+06	0
3.91551e+06	0
3.91561e+06	0
3.91571e+06	0
3.91581e+06	0
3.91591e+06	0
3.91601e+06	0
3.91611e+06	0
3.91621e+06	0
3.91631e+06	0
3.91641e+06	0
3.91651e+06	0
3.91661e+06	0
3.91671e+06	0
3.91681e+06	0
3.91691e+06	0
3.91701e+06	0
3.91711e+06	0
3.91721e+06	0
3.91731e+06	0
3.91741e+06	0
3.91751e+06	0
3.91761e+06	0
3.91771e+06	0
3.91781e+06	0
3.91791e+06	0
3.91801e+06	0
3.91811e+06	0
3.91821e+06	0
3.91831e+06	0
3.91841e+06	0
3.91851e+06	0
3.91861e+06	0
3.91871e+06	0
3.91881e+06	0
3.91891e+06	0
3.91901e+06	0
3.91911e+06	0
3.91921e+06	0
3.91931e+06	0
3.91941e+06	0
3.91951e+06	0
3.91961e+06	0
3.91971e+06	0
3.91981e+06	0
3.91991e+06	0
3.92001e+06	0
3.92011e+06	0
3.92021e+06	0
3.92031e+06	0
3.92041e+06	0
3.92051e+06	0
3.92061e+06	0
3.92071e+06	0
3.92081e+06	0
3.92091e+06	0
3.92101e+06	0
3.92111e+06	0
3.92121e+06	0
3.92131e+06	0
3.92141e+06	0
3.92151e+06	0
3.92161e+06	0
3.92171e+06	0
3.92181e+06	0
3.92191e+06	0
3.92201e+06	0
3.92211e+06	0
3.92221e+06	0
3.92231e+06	0
3.92241e+06	0
3.92251e+06	0
3.92261e+06	0
3.92271e+06	0
3.92281e+06	0
3.92291e+06	0
3.92301e+06	0
3.92311e+06	0
3.92321e+06	0
3.92331e+06	0
3.92341e+06	0
3.92351e+06	0
3.92361e+06	0
3.92371e+06	0
3.92381e+06	0
3.92391e+06	0
3.92401e+06	0
3.92411e+06	0
3.92421e+06	0
3.92431e+06	0
3.92441e+06	0
3.92451e+06	0
3.92461e+06	0
3.92471e+06	0
3.92481e+06	0
3.92491e+06	0
3.92501e+06	0
3.92511e+06	0
3.92521e+06	0
3.92531e+06	0
3.92541e+06	0
3.92551e+06	0
3.92561e+06	0
3.92571e+06	0
3.92581e+06	0
3.92591e+06	0
3.92601e+06	0
3.92611e+06	0
3.92621e+06	0
3.92631e+06	0
3.92641e+06	0
3.92651e+06	0
3.92661e+06	0
3.92671e+06	0
3.92681e+06	0
3.92691e+06	0
3.92701e+06	0
3.92711e+06	0
3.92721e+06	0
3.92731e+06	0
3.92741e+06	0
3.92751e+06	0
3.92761e+06	0
3.92771e+06	0
3.92781e+06	0
3.92791e+06	0
3.92801e+06	0
3.92811e+06	0
3.92821e+06	0
3.92831e+06	0
3.92841e+06	0
3.92851e+06	0
3.92861e+06	0
3.92871e+06	0
3.92881e+06	0
3.92891e+06	0
3.92901e+06	0
3.92911e+06	0
3.92921e+06	0
3.92931e+06	0
3.92941e+06	0
3.92951e+06	0
3.92961e+06	0
3.92971e+06	0
3.92981e+06	0
3.92991e+06	0
3.93001e+06	0
3.93011e+06	0
3.93021e+06	0
3.93031e+06	0
3.93041e+06	0
3.93051e+06	0
3.93061e+06	0
3.93071e+06	0
3.93081e+06	0
3.93091e+06	0
3.93101e+06	0
3.93111e+06	0
3.93121e+06	0
3.93131e+06	0
3.93141e+06	0
3.93151e+06	0
3.93161e+06	0
3.93171e+06	0
3.93181e+06	0
3.93191e+06	0
3.93201e+06	0
3.93211e+06	0
3.93221e+06	0
3.93231e+06	0
3.93241e+06	0
3.93251e+06	0
3.93261e+06	0
3.93271e+06	0
3.93281e+06	0
3.93291e+06	0
3.93301e+06	0
3.93311e+06	0
3.93321e+06	0
3.93331e+06	0
3.93341e+06	0
3.93351e+06	0
3.93361e+06	0
3.93371e+06	0
3.93381e+06	0
3.93391e+06	0
3.93401e+06	0
3.93411e+06	0
3.93421e+06	0
3.93431e+06	0
3.93441e+06	0
3.93451e+06	0
3.93461e+06	0
3.93471e+06	0
3.93481e+06	0
3.93491e+06	0
3.93501e+06	0
3.93511e+06	0
3.93521e+06	0
3.93531e+06	0
3.93541e+06	0
3.93551e+06	0
3.93561e+06	0
3.93571e+06	0
3.93581e+06	0
3.93591e+06	0
3.93601e+06	0
3.93611e+06	0
3.93621e+06	0
3.93631e+06	0
3.93641e+06	0
3.93651e+06	0
3.93661e+06	0
3.93671e+06	0
3.93681e+06	0
3.93691e+06	0
3.93701e+06	0
3.93711e+06	0
3.93721e+06	0
3.93731e+06	0
3.93741e+06	0
3.93751e+06	0
3.93761e+06	0
3.93771e+06	0
3.93781e+06	0
3.93791e+06	0
3.93801e+06	0
3.93811e+06	0
3.93821e+06	0
3.93831e+06	0
3.93841e+06	0
3.93851e+06	0
3.93861e+06	0
3.93871e+06	0
3.93881e+06	0
3.93891e+06	0
3.93901e+06	0
3.93911e+06	0
3.93921e+06	0
3.93931e+06	0
3.93941e+06	0
3.93951e+06	0
3.93961e+06	0
3.93971e+06	0
3.93981e+06	0
3.93991e+06	0
3.94001e+06	0
3.94011e+06	0
3.94021e+06	0
3.94031e+06	0
3.94041e+06	0
3.94051e+06	0
3.94061e+06	0
3.94071e+06	0
3.94081e+06	0
3.94091e+06	0
3.94101e+06	0
3.94111e+06	0
3.94121e+06	0
3.94131e+06	0
3.94141e+06	0
3.94151e+06	0
3.94161e+06	0
3.94171e+06	0
3.94181e+06	0
3.94191e+06	0
3.94201e+06	0
3.94211e+06	0
3.94221e+06	0
3.94231e+06	0
3.94241e+06	0
3.94251e+06	0
3.94261e+06	0
3.94271e+06	0
3.94281e+06	0
3.94291e+06	0
3.94301e+06	0
3.94311e+06	0
3.94321e+06	0
3.94331e+06	0
3.94341e+06	0
3.94351e+06	0
3.94361e+06	0
3.94371e+06	0
3.94381e+06	0
3.94391e+06	0
3.94401e+06	0
3.94411e+06	0
3.94421e+06	0
3.94431e+06	0
3.94441e+06	0
3.94451e+06	0
3.94461e+06	0
3.94471e+06	0
3.94481e+06	0
3.94491e+06	0
3.94501e+06	0
3.94511e+06	0
3.94521e+06	0
3.94531e+06	0
3.94541e+06	0
3.94551e+06	0
3.94561e+06	0
3.94571e+06	0
3.94581e+06	0
3.94591e+06	0
3.94601e+06	0
3.94611e+06	0
3.94621e+06	0
3.94631e+06	0
3.94641e+06	0
3.94651e+06	0
3.94661e+06	0
3.94671e+06	0
3.94681e+06	0
3.94691e+06	0
3.94701e+06	0
3.94711e+06	0
3.94721e+06	0
3.94731e+06	0
3.94741e+06	0
3.94751e+06	0
3.94761e+06	0
3.94771e+06	0
3.94781e+06	0
3.94791e+06	0
3.94801e+06	0
3.94811e+06	0
3.94821e+06	0
3.94831e+06	0
3.94841e+06	0
3.94851e+06	0
3.94861e+06	0
3.94871e+06	0
3.94881e+06	0
3.94891e+06	0
3.94901e+06	0
3.94911e+06	0
3.94921e+06	0
3.94931e+06	0
3.94941e+06	0
3.94951e+06	0
3.94961e+06	0
3.94971e+06	0
3.94981e+06	0
3.94991e+06	0
3.95001e+06	0
3.95011e+06	0
3.95021e+06	0
3.95031e+06	0
3.95041e+06	0
3.95051e+06	0
3.95061e+06	0
3.95071e+06	0
3.95081e+06	0
3.95091e+06	0
3.95101e+06	0
3.95111e+06	0
3.95121e+06	0
3.95131e+06	0
3.95141e+06	0
3.95151e+06	0
3.95161e+06	0
3.95171e+06	0
3.95181e+06	0
3.95191e+06	0
3.95201e+06	0
3.95211e+06	0
3.95221e+06	0
3.95231e+06	0
3.95241e+06	0
3.95251e+06	0
3.95261e+06	0
3.95271e+06	0
3.95281e+06	0
3.95291e+06	0
3.95301e+06	0
3.95311e+06	0
3.95321e+06	0
3.95331e+06	0
3.95341e+06	0
3.95351e+06	0
3.95361e+06	0
3.95371e+06	0
3.95381e+06	0
3.95391e+06	0
3.95401e+06	0
3.95411e+06	0
3.95421e+06	0
3.95431e+06	0
3.95441e+06	0
3.95451e+06	0
3.95461e+06	0
3.95471e+06	0
3.95481e+06	0
3.95491e+06	0
3.95501e+06	0
3.95511e+06	0
3.95521e+06	0
3.95531e+06	0
3.95541e+06	0
3.95551e+06	0
3.95561e+06	0
3.95571e+06	0
3.95581e+06	0
3.95591e+06	0
3.95601e+06	0
3.95611e+06	0
3.95621e+06	0
3.95631e+06	0
3.95641e+06	0
3.95651e+06	0
3.95661e+06	0
3.95671e+06	0
3.95681e+06	0
3.95691e+06	0
3.95701e+06	0
3.95711e+06	0
3.95721e+06	0
3.95731e+06	0
3.95741e+06	0
3.95751e+06	0
3.95761e+06	0
3.95771e+06	0
3.95781e+06	0
3.95791e+06	0
3.95801e+06	0
3.95811e+06	0
3.95821e+06	0
3.95831e+06	0
3.95841e+06	0
3.95851e+06	0
3.95861e+06	0
3.95871e+06	0
3.95881e+06	0
3.95891e+06	0
3.95901e+06	0
3.95911e+06	0
3.95921e+06	0
3.95931e+06	0
3.95941e+06	0
3.95951e+06	0
3.95961e+06	0
3.95971e+06	0
3.95981e+06	0
3.95991e+06	0
3.96001e+06	0
3.96011e+06	0
3.96021e+06	0
3.96031e+06	0
3.96041e+06	0
3.96051e+06	0
3.96061e+06	0
3.96071e+06	0
3.96081e+06	0
3.96091e+06	0
3.96101e+06	0
3.96111e+06	0
3.96121e+06	0
3.96131e+06	0
3.96141e+06	0
3.96151e+06	0
3.96161e+06	0
3.96171e+06	0
3.96181e+06	0
3.96191e+06	0
3.96201e+06	0
3.96211e+06	0
3.96221e+06	0
3.96231e+06	0
3.96241e+06	0
3.96251e+06	0
3.96261e+06	0
3.96271e+06	0
3.96281e+06	0
3.96291e+06	0
3.96301e+06	0
3.96311e+06	0
3.96321e+06	0
3.96331e+06	0
3.96341e+06	0
3.96351e+06	0
3.96361e+06	0
3.96371e+06	0
3.96381e+06	0
3.96391e+06	0
3.96401e+06	0
3.96411e+06	0
3.96421e+06	0
3.96431e+06	0
3.96441e+06	0
3.96451e+06	0
3.96461e+06	0
3.96471e+06	0
3.96481e+06	0
3.96491e+06	0
3.96501e+06	0
3.96511e+06	0
3.96521e+06	0
3.96531e+06	0
3.96541e+06	0
3.96551e+06	0
3.96561e+06	0
3.96571e+06	0
3.96581e+06	0
3.96591e+06	0
3.96601e+06	0
3.96611e+06	0
3.96621e+06	0
3.96631e+06	0
3.96641e+06	0
3.96651e+06	0
3.96661e+06	0
3.96671e+06	0
3.96681e+06	0
3.96691e+06	0
3.96701e+06	0
3.96711e+06	0
3.96721e+06	0
3.96731e+06	0
3.96741e+06	0
3.96751e+06	0
3.96761e+06	0
3.96771e+06	0
3.96781e+06	0
3.96791e+06	0
3.96801e+06	0
3.96811e+06	0
3.96821e+06	0
3.96831e+06	0
3.96841e+06	0
3.96851e+06	0
3.96861e+06	0
3.96871e+06	0
3.96881e+06	0
3.96891e+06	0
3.96901e+06	0
3.96911e+06	0
3.96921e+06	0
3.96931e+06	0
3.96941e+06	0
3.96951e+06	0
3.96961e+06	0
3.96971e+06	0
3.96981e+06	0
3.96991e+06	0
3.97001e+06	0
3.97011e+06	0
3.97021e+06	0
3.97031e+06	0
3.97041e+06	0
3.97051e+06	0
3.97061e+06	0
3.97071e+06	0
3.97081e+06	0
3.97091e+06	0
3.97101e+06	0
3.97111e+06	0
3.97121e+06	0
3.97131e+06	0
3.97141e+06	0
3.97151e+06	0
3.97161e+06	0
3.97171e+06	0
3.97181e+06	0
3.97191e+06	0
3.97201e+06	0
3.97211e+06	0
3.97221e+06	0
3.97231e+06	0
3.97241e+06	0
3.97251e+06	0
3.97261e+06	0
3.97271e+06	0
3.97281e+06	0
3.97291e+06	0
3.97301e+06	0
3.97311e+06	0
3.97321e+06	0
3.97331e+06	0
3.97341e+06	0
3.97351e+06	0
3.97361e+06	0
3.97371e+06	0
3.97381e+06	0
3.97391e+06	0
3.97401e+06	0
3.97411e+06	0
3.97421e+06	0
3.97431e+06	0
3.97441e+06	0
3.97451e+06	0
3.97461e+06	0
3.97471e+06	0
3.97481e+06	0
3.97491e+06	0
3.97501e+06	0
3.97511e+06	0
3.97521e+06	0
3.97531e+06	0
3.97541e+06	0
3.97551e+06	0
3.97561e+06	0
3.97571e+06	0
3.97581e+06	0
3.97591e+06	0
3.97601e+06	0
3.97611e+06	0
3.97621e+06	0
3.97631e+06	0
3.97641e+06	0
3.97651e+06	0
3.97661e+06	0
3.97671e+06	0
3.97681e+06	0
3.97691e+06	0
3.97701e+06	0
3.97711e+06	0
3.97721e+06	0
3.97731e+06	0
3.97741e+06	0
3.97751e+06	0
3.97761e+06	0
3.97771e+06	0
3.97781e+06	0
3.97791e+06	0
3.97801e+06	0
3.97811e+06	0
3.97821e+06	0
3.97831e+06	0
3.97841e+06	0
3.97851e+06	0
3.97861e+06	0
3.97871e+06	0
3.97881e+06	0
3.97891e+06	0
3.97901e+06	0
3.97911e+06	0
3.97921e+06	0
3.97931e+06	0
3.97941e+06	0
3.97951e+06	0
3.97961e+06	0
3.97971e+06	0
3.97981e+06	0
3.97991e+06	0
3.98001e+06	0
3.98011e+06	0
3.98021e+06	0
3.98031e+06	0
3.98041e+06	0
3.98051e+06	0
3.98061e+06	0
3.98071e+06	0
3.98081e+06	0
3.98091e+06	0
3.98101e+06	0
3.98111e+06	0
3.98121e+06	0
3.98131e+06	0
3.98141e+06	0
3.98151e+06	0
3.98161e+06	0
3.98171e+06	0
3.98181e+06	0
3.98191e+06	0
3.98201e+06	0
3.98211e+06	0
3.98221e+06	0
3.98231e+06	0
3.98241e+06	0
3.98251e+06	0
3.98261e+06	0
3.98271e+06	0
3.98281e+06	0
3.98291e+06	0
3.98301e+06	0
3.98311e+06	0
3.98321e+06	0
3.98331e+06	0
3.98341e+06	0
3.98351e+06	0
3.98361e+06	0
3.98371e+06	0
3.98381e+06	0
3.98391e+06	0
3.98401e+06	0
3.98411e+06	0
3.98421e+06	0
3.98431e+06	0
3.98441e+06	0
3.98451e+06	0
3.98461e+06	0
3.98471e+06	0
3.98481e+06	0
3.98491e+06	0
3.98501e+06	0
3.98511e+06	0
3.98521e+06	0
3.98531e+06	0
3.98541e+06	0
3.98551e+06	0
3.98561e+06	0
3.98571e+06	0
3.98581e+06	0
3.98591e+06	0
3.98601e+06	0
3.98611e+06	0
3.98621e+06	0
3.98631e+06	0
3.98641e+06	0
3.98651e+06	0
3.98661e+06	0
3.98671e+06	0
3.98681e+06	0
3.98691e+06	0
3.98701e+06	0
3.98711e+06	0
3.98721e+06	0
3.98731e+06	0
3.98741e+06	0
3.98751e+06	0
3.98761e+06	0
3.98771e+06	0
3.98781e+06	0
3.98791e+06	0
3.98801e+06	0
3.98811e+06	0
3.98821e+06	0
3.98831e+06	0
3.98841e+06	0
3.98851e+06	0
3.98861e+06	0
3.98871e+06	0
3.98881e+06	0
3.98891e+06	0
3.98901e+06	0
3.98911e+06	0
3.98921e+06	0
3.98931e+06	0
3.98941e+06	0
3.98951e+06	0
3.98961e+06	0
3.98971e+06	0
3.98981e+06	0
3.98991e+06	0
3.99001e+06	0
3.99011e+06	0
3.99021e+06	0
3.99031e+06	0
3.99041e+06	0
3.99051e+06	0
3.99061e+06	0
3.99071e+06	0
3.99081e+06	0
3.99091e+06	0
3.99101e+06	0
3.99111e+06	0
3.99121e+06	0
3.99131e+06	0
3.99141e+06	0
3.99151e+06	0
3.99161e+06	0
3.99171e+06	0
3.99181e+06	0
3.99191e+06	0
3.99201e+06	0
3.99211e+06	0
3.99221e+06	0
3.99231e+06	0
3.99241e+06	0
3.99251e+06	0
3.99261e+06	0
3.99271e+06	0
3.99281e+06	0
3.99291e+06	0
3.99301e+06	0
3.99311e+06	0
3.99321e+06	0
3.99331e+06	0
3.99341e+06	0
3.99351e+06	0
3.99361e+06	0
3.99371e+06	0
3.99381e+06	0
3.99391e+06	0
3.99401e+06	0
3.99411e+06	0
3.99421e+06	0
3.99431e+06	0
3.99441e+06	0
3.99451e+06	0
3.99461e+06	0
3.99471e+06	0
3.99481e+06	0
3.99491e+06	0
3.99501e+06	0
3.99511e+06	0
3.99521e+06	0
3.99531e+06	0
3.99541e+06	0
3.99551e+06	0
3.99561e+06	0
3.99571e+06	0
3.99581e+06	0
3.99591e+06	0
3.99601e+06	0
3.99611e+06	0
3.99621e+06	0
3.99631e+06	0
3.99641e+06	0
3.99651e+06	0
3.99661e+06	0
3.99671e+06	0
3.99681e+06	0
3.99691e+06	0
3.99701e+06	0
3.99711e+06	0
3.99721e+06	0
3.99731e+06	0
3.99741e+06	0
3.99751e+06	0
3.99761e+06	0
3.99771e+06	0
3.99781e+06	0
3.99791e+06	0
3.99801e+06	0
3.99811e+06	0
3.99821e+06	0
3.99831e+06	0
3.99841e+06	0
3.99851e+06	0
3.99861e+06	0
3.99871e+06	0
3.99881e+06	0
3.99891e+06	0
3.99901e+06	0
3.99911e+06	0
3.99921e+06	0
3.99931e+06	0
3.99941e+06	0
3.99951e+06	0
3.99961e+06	0
3.99971e+06	0
3.99981e+06	0
3.99991e+06	0
4.00001e+06	0
4.00011e+06	0
4.00021e+06	0
4.00031e+06	0
4.00041e+06	0
4.00051e+06	0
4.00061e+06	0
4.00071e+06	0
4.00081e+06	0
4.00091e+06	0
4.00101e+06	0
4.00111e+06	0
4.00121e+06	0
4.00131e+06	0
4.00141e+06	0
4.00151e+06	0
4.00161e+06	0
4.00171e+06	0
4.00181e+06	0
4.00191e+06	0
4.00201e+06	0
4.00211e+06	0
4.00221e+06	0
4.00231e+06	0
4.00241e+06	0
4.00251e+06	0
4.00261e+06	0
4.00271e+06	0
4.00281e+06	0
4.00291e+06	0
4.00301e+06	0
4.00311e+06	0
4.00321e+06	0
4.00331e+06	0
4.00341e+06	0
4.00351e+06	0
4.00361e+06	0
4.00371e+06	0
4.00381e+06	0
4.00391e+06	0
4.00401e+06	0
4.00411e+06	0
4.00421e+06	0
4.00431e+06	0
4.00441e+06	0
4.00451e+06	0
4.00461e+06	0
4.00471e+06	0
4.00481e+06	0
4.00491e+06	0
4.00501e+06	0
4.00511e+06	0
4.00521e+06	0
4.00531e+06	0
4.00541e+06	0
4.00551e+06	0
4.00561e+06	0
4.00571e+06	0
4.00581e+06	0
4.00591e+06	0
4.00601e+06	0
4.00611e+06	0
4.00621e+06	0
4.00631e+06	0
4.00641e+06	0
4.00651e+06	0
4.00661e+06	0
4.00671e+06	0
4.00681e+06	0
4.00691e+06	0
4.00701e+06	0
4.00711e+06	0
4.00721e+06	0
4.00731e+06	0
4.00741e+06	0
4.00751e+06	0
4.00761e+06	0
4.00771e+06	0
4.00781e+06	0
4.00791e+06	0
4.00801e+06	0
4.00811e+06	0
4.00821e+06	0
4.00831e+06	0
4.00841e+06	0
4.00851e+06	0
4.00861e+06	0
4.00871e+06	0
4.00881e+06	0
4.00891e+06	0
4.00901e+06	0
4.00911e+06	0
4.00921e+06	0
4.00931e+06	0
4.00941e+06	0
4.00951e+06	0
4.00961e+06	0
4.00971e+06	0
4.00981e+06	0
4.00991e+06	0
4.01001e+06	0
4.01011e+06	0
4.01021e+06	0
4.01031e+06	0
4.01041e+06	0
4.01051e+06	0
4.01061e+06	0
4.01071e+06	0
4.01081e+06	0
4.01091e+06	0
4.01101e+06	0
4.01111e+06	0
4.01121e+06	0
4.01131e+06	0
4.01141e+06	0
4.01151e+06	0
4.01161e+06	0
4.01171e+06	0
4.01181e+06	0
4.01191e+06	0
4.01201e+06	0
4.01211e+06	0
4.01221e+06	0
4.01231e+06	0
4.01241e+06	0
4.01251e+06	0
4.01261e+06	0
4.01271e+06	0
4.01281e+06	0
4.01291e+06	0
4.01301e+06	0
4.01311e+06	0
4.01321e+06	0
4.01331e+06	0
4.01341e+06	0
4.01351e+06	0
4.01361e+06	0
4.01371e+06	0
4.01381e+06	0
4.01391e+06	0
4.01401e+06	0
4.01411e+06	0
4.01421e+06	0
4.01431e+06	0
4.01441e+06	0
4.01451e+06	0
4.01461e+06	0
4.01471e+06	0
4.01481e+06	0
4.01491e+06	0
4.01501e+06	0
4.01511e+06	0
4.01521e+06	0
4.01531e+06	0
4.01541e+06	0
4.01551e+06	0
4.01561e+06	0
4.01571e+06	0
4.01581e+06	0
4.01591e+06	0
4.01601e+06	0
4.01611e+06	0
4.01621e+06	0
4.01631e+06	0
4.01641e+06	0
4.01651e+06	0
4.01661e+06	0
4.01671e+06	0
4.01681e+06	0
4.01691e+06	0
4.01701e+06	0
4.01711e+06	0
4.01721e+06	0
4.01731e+06	0
4.01741e+06	0
4.01751e+06	0
4.01761e+06	0
4.01771e+06	0
4.01781e+06	0
4.01791e+06	0
4.01801e+06	0
4.01811e+06	0
4.01821e+06	0
4.01831e+06	0
4.01841e+06	0
4.01851e+06	0
4.01861e+06	0
4.01871e+06	0
4.01881e+06	0
4.01891e+06	0
4.01901e+06	0
4.01911e+06	0
4.01921e+06	0
4.01931e+06	0
4.01941e+06	0
4.01951e+06	0
4.01961e+06	0
4.01971e+06	0
4.01981e+06	0
4.01991e+06	0
4.02001e+06	0
4.02011e+06	0
4.02021e+06	0
4.02031e+06	0
4.02041e+06	0
4.02051e+06	0
4.02061e+06	0
4.02071e+06	0
4.02081e+06	0
4.02091e+06	0
4.02101e+06	0
4.02111e+06	0
4.02121e+06	0
4.02131e+06	0
4.02141e+06	0
4.02151e+06	0
4.02161e+06	0
4.02171e+06	0
4.02181e+06	0
4.02191e+06	0
4.02201e+06	0
4.02211e+06	0
4.02221e+06	0
4.02231e+06	0
4.02241e+06	0
4.02251e+06	0
4.02261e+06	0
4.02271e+06	0
4.02281e+06	0
4.02291e+06	0
4.02301e+06	0
4.02311e+06	0
4.02321e+06	0
4.02331e+06	0
4.02341e+06	0
4.02351e+06	0
4.02361e+06	0
4.02371e+06	0
4.02381e+06	0
4.02391e+06	0
4.02401e+06	0
4.02411e+06	0
4.02421e+06	0
4.02431e+06	0
4.02441e+06	0
4.02451e+06	0
4.02461e+06	0
4.02471e+06	0
4.02481e+06	0
4.02491e+06	0
4.02501e+06	0
4.02511e+06	0
4.02521e+06	0
4.02531e+06	0
4.02541e+06	0
4.02551e+06	0
4.02561e+06	0
4.02571e+06	0
4.02581e+06	0
4.02591e+06	0
4.02601e+06	0
4.02611e+06	0
4.02621e+06	0
4.02631e+06	0
4.02641e+06	0
4.02651e+06	0
4.02661e+06	0
4.02671e+06	0
4.02681e+06	0
4.02691e+06	0
4.02701e+06	0
4.02711e+06	0
4.02721e+06	0
4.02731e+06	0
4.02741e+06	0
4.02751e+06	0
4.02761e+06	0
4.02771e+06	0
4.02781e+06	0
4.02791e+06	0
4.02801e+06	0
4.02811e+06	0
4.02821e+06	0
4.02831e+06	0
4.02841e+06	0
4.02851e+06	0
4.02861e+06	0
4.02871e+06	0
4.02881e+06	0
4.02891e+06	0
4.02901e+06	0
4.02911e+06	0
4.02921e+06	0
4.02931e+06	0
4.02941e+06	0
4.02951e+06	0
4.02961e+06	0
4.02971e+06	0
4.02981e+06	0
4.02991e+06	0
4.03001e+06	0
4.03011e+06	0
4.03021e+06	0
4.03031e+06	0
4.03041e+06	0
4.03051e+06	0
4.03061e+06	0
4.03071e+06	0
4.03081e+06	0
4.03091e+06	0
4.03101e+06	0
4.03111e+06	0
4.03121e+06	0
4.03131e+06	0
4.03141e+06	0
4.03151e+06	0
4.03161e+06	0
4.03171e+06	0
4.03181e+06	0
4.03191e+06	0
4.03201e+06	0
4.03211e+06	0
4.03221e+06	0
4.03231e+06	0
4.03241e+06	0
4.03251e+06	0
4.03261e+06	0
4.03271e+06	0
4.03281e+06	0
4.03291e+06	0
4.03301e+06	0
4.03311e+06	0
4.03321e+06	0
4.03331e+06	0
4.03341e+06	0
4.03351e+06	0
4.03361e+06	0
4.03371e+06	0
4.03381e+06	0
4.03391e+06	0
4.03401e+06	0
4.03411e+06	0
4.03421e+06	0
4.03431e+06	0
4.03441e+06	0
4.03451e+06	0
4.03461e+06	0
4.03471e+06	0
4.03481e+06	0
4.03491e+06	0
4.03501e+06	0
4.03511e+06	0
4.03521e+06	0
4.03531e+06	0
4.03541e+06	0
4.03551e+06	0
4.03561e+06	0
4.03571e+06	0
4.03581e+06	0
4.03591e+06	0
4.03601e+06	0
4.03611e+06	0
4.03621e+06	0
4.03631e+06	0
4.03641e+06	0
4.03651e+06	0
4.03661e+06	0
4.03671e+06	0
4.03681e+06	0
4.03691e+06	0
4.03701e+06	0
4.03711e+06	0
4.03721e+06	0
4.03731e+06	0
4.03741e+06	0
4.03751e+06	0
4.03761e+06	0
4.03771e+06	0
4.03781e+06	0
4.03791e+06	0
4.03801e+06	0
4.03811e+06	0
4.03821e+06	0
4.03831e+06	0
4.03841e+06	0
4.03851e+06	0
4.03861e+06	0
4.03871e+06	0
4.03881e+06	0
4.03891e+06	0
4.03901e+06	0
4.03911e+06	0
4.03921e+06	0
4.03931e+06	0
4.03941e+06	0
4.03951e+06	0
4.03961e+06	0
4.03971e+06	0
4.03981e+06	0
4.03991e+06	0
4.04001e+06	0
4.04011e+06	0
4.04021e+06	0
4.04031e+06	0
4.04041e+06	0
4.04051e+06	0
4.04061e+06	0
4.04071e+06	0
4.04081e+06	0
4.04091e+06	0
4.04101e+06	0
4.04111e+06	0
4.04121e+06	0
4.04131e+06	0
4.04141e+06	0
4.04151e+06	0
4.04161e+06	0
4.04171e+06	0
4.04181e+06	0
4.04191e+06	0
4.04201e+06	0
4.04211e+06	0
4.04221e+06	0
4.04231e+06	0
4.04241e+06	0
4.04251e+06	0
4.04261e+06	0
4.04271e+06	0
4.04281e+06	0
4.04291e+06	0
4.04301e+06	0
4.04311e+06	0
4.04321e+06	0
4.04331e+06	0
4.04341e+06	0
4.04351e+06	0
4.04361e+06	0
4.04371e+06	0
4.04381e+06	0
4.04391e+06	0
4.04401e+06	0
4.04411e+06	0
4.04421e+06	0
4.04431e+06	0
4.04441e+06	0
4.04451e+06	0
4.04461e+06	0
4.04471e+06	0
4.04481e+06	0
4.04491e+06	0
4.04501e+06	0
4.04511e+06	0
4.04521e+06	0
4.04531e+06	0
4.04541e+06	0
4.04551e+06	0
4.04561e+06	0
4.04571e+06	0
4.04581e+06	0
4.04591e+06	0
4.04601e+06	0
4.04611e+06	0
4.04621e+06	0
4.04631e+06	0
4.04641e+06	0
4.04651e+06	0
4.04661e+06	0
4.04671e+06	0
4.04681e+06	0
4.04691e+06	0
4.04701e+06	0
4.04711e+06	0
4.04721e+06	0
4.04731e+06	0
4.04741e+06	0
4.04751e+06	0
4.04761e+06	0
4.04771e+06	0
4.04781e+06	0
4.04791e+06	0
4.04801e+06	0
4.04811e+06	0
4.04821e+06	0
4.04831e+06	0
4.04841e+06	0
4.04851e+06	0
4.04861e+06	0
4.04871e+06	0
4.04881e+06	0
4.04891e+06	0
4.04901e+06	0
4.04911e+06	0
4.04921e+06	0
4.04931e+06	0
4.04941e+06	0
4.04951e+06	0
4.04961e+06	0
4.04971e+06	0
4.04981e+06	0
4.04991e+06	0
4.05001e+06	0
4.05011e+06	0
4.05021e+06	0
4.05031e+06	0
4.05041e+06	0
4.05051e+06	0
4.05061e+06	0
4.05071e+06	0
4.05081e+06	0
4.05091e+06	0
4.05101e+06	0
4.05111e+06	0
4.05121e+06	0
4.05131e+06	0
4.05141e+06	0
4.05151e+06	0
4.05161e+06	0
4.05171e+06	0
4.05181e+06	0
4.05191e+06	0
4.05201e+06	0
4.05211e+06	0
4.05221e+06	0
4.05231e+06	0
4.05241e+06	0
4.05251e+06	0
4.05261e+06	0
4.05271e+06	0
4.05281e+06	0
4.05291e+06	0
4.05301e+06	0
4.05311e+06	0
4.05321e+06	0
4.05331e+06	0
4.05341e+06	0
4.05351e+06	0
4.05361e+06	0
4.05371e+06	0
4.05381e+06	0
4.05391e+06	0
4.05401e+06	0
4.05411e+06	0
4.05421e+06	0
4.05431e+06	0
4.05441e+06	0
4.05451e+06	0
4.05461e+06	0
4.05471e+06	0
4.05481e+06	0
4.05491e+06	0
4.05501e+06	0
4.05511e+06	0
4.05521e+06	0
4.05531e+06	0
4.05541e+06	0
4.05551e+06	0
4.05561e+06	0
4.05571e+06	0
4.05581e+06	0
4.05591e+06	0
4.05601e+06	0
4.05611e+06	0
4.05621e+06	0
4.05631e+06	0
4.05641e+06	0
4.05651e+06	0
4.05661e+06	0
4.05671e+06	0
4.05681e+06	0
4.05691e+06	0
4.05701e+06	0
4.05711e+06	0
4.05721e+06	0
4.05731e+06	0
4.05741e+06	0
4.05751e+06	0
4.05761e+06	0
4.05771e+06	0
4.05781e+06	0
4.05791e+06	0
4.05801e+06	0
4.05811e+06	0
4.05821e+06	0
4.05831e+06	0
4.05841e+06	0
4.05851e+06	0
4.05861e+06	0
4.05871e+06	0
4.05881e+06	0
4.05891e+06	0
4.05901e+06	0
4.05911e+06	0
4.05921e+06	0
4.05931e+06	0
4.05941e+06	0
4.05951e+06	0
4.05961e+06	0
4.05971e+06	0
4.05981e+06	0
4.05991e+06	0
4.06001e+06	0
4.06011e+06	0
4.06021e+06	0
4.06031e+06	0
4.06041e+06	0
4.06051e+06	0
4.06061e+06	0
4.06071e+06	0
4.06081e+06	0
4.06091e+06	0
4.06101e+06	0
4.06111e+06	0
4.06121e+06	0
4.06131e+06	0
4.06141e+06	0
4.06151e+06	0
4.06161e+06	0
4.06171e+06	0
4.06181e+06	0
4.06191e+06	0
4.06201e+06	0
4.06211e+06	0
4.06221e+06	0
4.06231e+06	0
4.06241e+06	0
4.06251e+06	0
4.06261e+06	0
4.06271e+06	0
4.06281e+06	0
4.06291e+06	0
4.06301e+06	0
4.06311e+06	0
4.06321e+06	0
4.06331e+06	0
4.06341e+06	0
4.06351e+06	0
4.06361e+06	0
4.06371e+06	0
4.06381e+06	0
4.06391e+06	0
4.06401e+06	0
4.06411e+06	0
4.06421e+06	0
4.06431e+06	0
4.06441e+06	0
4.06451e+06	0
4.06461e+06	0
4.06471e+06	0
4.06481e+06	0
4.06491e+06	0
4.06501e+06	0
4.06511e+06	0
4.06521e+06	0
4.06531e+06	0
4.06541e+06	0
4.06551e+06	0
4.06561e+06	0
4.06571e+06	0
4.06581e+06	0
4.06591e+06	0
4.06601e+06	0
4.06611e+06	0
4.06621e+06	0
4.06631e+06	0
4.06641e+06	0
4.06651e+06	0
4.06661e+06	0
4.06671e+06	0
4.06681e+06	0
4.06691e+06	0
4.06701e+06	0
4.06711e+06	0
4.06721e+06	0
4.06731e+06	0
4.06741e+06	0
4.06751e+06	0
4.06761e+06	0
4.06771e+06	0
4.06781e+06	0
4.06791e+06	0
4.06801e+06	0
4.06811e+06	0
4.06821e+06	0
4.06831e+06	0
4.06841e+06	0
4.06851e+06	0
4.06861e+06	0
4.06871e+06	0
4.06881e+06	0
4.06891e+06	0
4.06901e+06	0
4.06911e+06	0
4.06921e+06	0
4.06931e+06	0
4.06941e+06	0
4.06951e+06	0
4.06961e+06	0
4.06971e+06	0
4.06981e+06	0
4.06991e+06	0
4.07001e+06	0
4.07011e+06	0
4.07021e+06	0
4.07031e+06	0
4.07041e+06	0
4.07051e+06	0
4.07061e+06	0
4.07071e+06	0
4.07081e+06	0
4.07091e+06	0
4.07101e+06	0
4.07111e+06	0
4.07121e+06	0
4.07131e+06	0
4.07141e+06	0
4.07151e+06	0
4.07161e+06	0
4.07171e+06	0
4.07181e+06	0
4.07191e+06	0
4.07201e+06	0
4.07211e+06	0
4.07221e+06	0
4.07231e+06	0
4.07241e+06	0
4.07251e+06	0
4.07261e+06	0
4.07271e+06	0
4.07281e+06	0
4.07291e+06	0
4.07301e+06	0
4.07311e+06	0
4.07321e+06	0
4.07331e+06	0
4.07341e+06	0
4.07351e+06	0
4.07361e+06	0
4.07371e+06	0
4.07381e+06	0
4.07391e+06	0
4.07401e+06	0
4.07411e+06	0
4.07421e+06	0
4.07431e+06	0
4.07441e+06	0
4.07451e+06	0
4.07461e+06	0
4.07471e+06	0
4.07481e+06	0
4.07491e+06	0
4.07501e+06	0
4.07511e+06	0
4.07521e+06	0
4.07531e+06	0
4.07541e+06	0
4.07551e+06	0
4.07561e+06	0
4.07571e+06	0
4.07581e+06	0
4.07591e+06	0
4.07601e+06	0
4.07611e+06	0
4.07621e+06	0
4.07631e+06	0
4.07641e+06	0
4.07651e+06	0
4.07661e+06	0
4.07671e+06	0
4.07681e+06	0
4.07691e+06	0
4.07701e+06	0
4.07711e+06	0
4.07721e+06	0
4.07731e+06	0
4.07741e+06	0
4.07751e+06	0
4.07761e+06	0
4.07771e+06	0
4.07781e+06	0
4.07791e+06	0
4.07801e+06	0
4.07811e+06	0
4.07821e+06	0
4.07831e+06	0
4.07841e+06	0
4.07851e+06	0
4.07861e+06	0
4.07871e+06	0
4.07881e+06	0
4.07891e+06	0
4.07901e+06	0
4.07911e+06	0
4.07921e+06	0
4.07931e+06	0
4.07941e+06	0
4.07951e+06	0
4.07961e+06	0
4.07971e+06	0
4.07981e+06	0
4.07991e+06	0
4.08001e+06	0
4.08011e+06	0
4.08021e+06	0
4.08031e+06	0
4.08041e+06	0
4.08051e+06	0
4.08061e+06	0
4.08071e+06	0
4.08081e+06	0
4.08091e+06	0
4.08101e+06	0
4.08111e+06	0
4.08121e+06	0
4.08131e+06	0
4.08141e+06	0
4.08151e+06	0
4.08161e+06	0
4.08171e+06	0
4.08181e+06	0
4.08191e+06	0
4.08201e+06	0
4.08211e+06	0
4.08221e+06	0
4.08231e+06	0
4.08241e+06	0
4.08251e+06	0
4.08261e+06	0
4.08271e+06	0
4.08281e+06	0
4.08291e+06	0
4.08301e+06	0
4.08311e+06	0
4.08321e+06	0
4.08331e+06	0
4.08341e+06	0
4.08351e+06	0
4.08361e+06	0
4.08371e+06	0
4.08381e+06	0
4.08391e+06	0
4.08401e+06	0
4.08411e+06	0
4.08421e+06	0
4.08431e+06	0
4.08441e+06	0
4.08451e+06	0
4.08461e+06	0
4.08471e+06	0
4.08481e+06	0
4.08491e+06	0
4.08501e+06	0
4.08511e+06	0
4.08521e+06	0
4.08531e+06	0
4.08541e+06	0
4.08551e+06	0
4.08561e+06	0
4.08571e+06	0
4.08581e+06	0
4.08591e+06	0
4.08601e+06	0
4.08611e+06	0
4.08621e+06	0
4.08631e+06	0
4.08641e+06	0
4.08651e+06	0
4.08661e+06	0
4.08671e+06	0
4.08681e+06	0
4.08691e+06	0
4.08701e+06	0
4.08711e+06	0
4.08721e+06	0
4.08731e+06	0
4.08741e+06	0
4.08751e+06	0
4.08761e+06	0
4.08771e+06	0
4.08781e+06	0
4.08791e+06	0
4.08801e+06	0
4.08811e+06	0
4.08821e+06	0
4.08831e+06	0
4.08841e+06	0
4.08851e+06	0
4.08861e+06	0
4.08871e+06	0
4.08881e+06	0
4.08891e+06	0
4.08901e+06	0
4.08911e+06	0
4.08921e+06	0
4.08931e+06	0
4.08941e+06	0
4.08951e+06	0
4.08961e+06	0
4.08971e+06	0
4.08981e+06	0
4.08991e+06	0
4.09001e+06	0
4.09011e+06	0
4.09021e+06	0
4.09031e+06	0
4.09041e+06	0
4.09051e+06	0
4.09061e+06	0
4.09071e+06	0
4.09081e+06	0
4.09091e+06	0
4.09101e+06	0
4.09111e+06	0
4.09121e+06	0
4.09131e+06	0
4.09141e+06	0
4.09151e+06	0
4.09161e+06	0
4.09171e+06	0
4.09181e+06	0
4.09191e+06	0
4.09201e+06	0
4.09211e+06	0
4.09221e+06	0
4.09231e+06	0
4.09241e+06	0
4.09251e+06	0
4.09261e+06	0
4.09271e+06	0
4.09281e+06	0
4.09291e+06	0
4.09301e+06	0
4.09311e+06	0
4.09321e+06	0
4.09331e+06	0
4.09341e+06	0
4.09351e+06	0
4.09361e+06	0
4.09371e+06	0
4.09381e+06	0
4.09391e+06	0
4.09401e+06	0
4.09411e+06	0
4.09421e+06	0
4.09431e+06	0
4.09441e+06	0
4.09451e+06	0
4.09461e+06	0
4.09471e+06	0
4.09481e+06	0
4.09491e+06	0
4.09501e+06	0
4.09511e+06	0
4.09521e+06	0
4.09531e+06	0
4.09541e+06	0
4.09551e+06	0
4.09561e+06	0
4.09571e+06	0
4.09581e+06	0
4.09591e+06	0
4.09601e+06	0
4.09611e+06	0
4.09621e+06	0
4.09631e+06	0
4.09641e+06	0
4.09651e+06	0
4.09661e+06	0
4.09671e+06	0
4.09681e+06	0
4.09691e+06	0
4.09701e+06	0
4.09711e+06	0
4.09721e+06	0
4.09731e+06	0
4.09741e+06	0
4.09751e+06	0
4.09761e+06	0
4.09771e+06	0
4.09781e+06	0
4.09791e+06	0
4.09801e+06	0
4.09811e+06	0
4.09821e+06	0
4.09831e+06	0
4.09841e+06	0
4.09851e+06	0
4.09861e+06	0
4.09871e+06	0
4.09881e+06	0
4.09891e+06	0
4.09901e+06	0
4.09911e+06	0
4.09921e+06	0
4.09931e+06	0
4.09941e+06	0
4.09951e+06	0
4.09961e+06	0
4.09971e+06	0
4.09981e+06	0
4.09991e+06	0
4.10001e+06	0
4.10011e+06	0
4.10021e+06	0
4.10031e+06	0
4.10041e+06	0
4.10051e+06	0
4.10061e+06	0
4.10071e+06	0
4.10081e+06	0
4.10091e+06	0
4.10101e+06	0
4.10111e+06	0
4.10121e+06	0
4.10131e+06	0
4.10141e+06	0
4.10151e+06	0
4.10161e+06	0
4.10171e+06	0
4.10181e+06	0
4.10191e+06	0
4.10201e+06	0
4.10211e+06	0
4.10221e+06	0
4.10231e+06	0
4.10241e+06	0
4.10251e+06	0
4.10261e+06	0
4.10271e+06	0
4.10281e+06	0
4.10291e+06	0
4.10301e+06	0
4.10311e+06	0
4.10321e+06	0
4.10331e+06	0
4.10341e+06	0
4.10351e+06	0
4.10361e+06	0
4.10371e+06	0
4.10381e+06	0
4.10391e+06	0
4.10401e+06	0
4.10411e+06	0
4.10421e+06	0
4.10431e+06	0
4.10441e+06	0
4.10451e+06	0
4.10461e+06	0
4.10471e+06	0
4.10481e+06	0
4.10491e+06	0
4.10501e+06	0
4.10511e+06	0
4.10521e+06	0
4.10531e+06	0
4.10541e+06	0
4.10551e+06	0
4.10561e+06	0
4.10571e+06	0
4.10581e+06	0
4.10591e+06	0
4.10601e+06	0
4.10611e+06	0
4.10621e+06	0
4.10631e+06	0
4.10641e+06	0
4.10651e+06	0
4.10661e+06	0
4.10671e+06	0
4.10681e+06	0
4.10691e+06	0
4.10701e+06	0
4.10711e+06	0
4.10721e+06	0
4.10731e+06	0
4.10741e+06	0
4.10751e+06	0
4.10761e+06	0
4.10771e+06	0
4.10781e+06	0
4.10791e+06	0
4.10801e+06	0
4.10811e+06	0
4.10821e+06	0
4.10831e+06	0
4.10841e+06	0
4.10851e+06	0
4.10861e+06	0
4.10871e+06	0
4.10881e+06	0
4.10891e+06	0
4.10901e+06	0
4.10911e+06	0
4.10921e+06	0
4.10931e+06	0
4.10941e+06	0
4.10951e+06	0
4.10961e+06	0
4.10971e+06	0
4.10981e+06	0
4.10991e+06	0
4.11001e+06	0
4.11011e+06	0
4.11021e+06	0
4.11031e+06	0
4.11041e+06	0
4.11051e+06	0
4.11061e+06	0
4.11071e+06	0
4.11081e+06	0
4.11091e+06	0
4.11101e+06	0
4.11111e+06	0
4.11121e+06	0
4.11131e+06	0
4.11141e+06	0
4.11151e+06	0
4.11161e+06	0
4.11171e+06	0
4.11181e+06	0
4.11191e+06	0
4.11201e+06	0
4.11211e+06	0
4.11221e+06	0
4.11231e+06	0
4.11241e+06	0
4.11251e+06	0
4.11261e+06	0
4.11271e+06	0
4.11281e+06	0
4.11291e+06	0
4.11301e+06	0
4.11311e+06	0
4.11321e+06	0
4.11331e+06	0
4.11341e+06	0
4.11351e+06	0
4.11361e+06	0
4.11371e+06	0
4.11381e+06	0
4.11391e+06	0
4.11401e+06	0
4.11411e+06	0
4.11421e+06	0
4.11431e+06	0
4.11441e+06	0
4.11451e+06	0
4.11461e+06	0
4.11471e+06	0
4.11481e+06	0
4.11491e+06	0
4.11501e+06	0
4.11511e+06	0
4.11521e+06	0
4.11531e+06	0
4.11541e+06	0
4.11551e+06	0
4.11561e+06	0
4.11571e+06	0
4.11581e+06	0
4.11591e+06	0
4.11601e+06	0
4.11611e+06	0
4.11621e+06	0
4.11631e+06	0
4.11641e+06	0
4.11651e+06	0
4.11661e+06	0
4.11671e+06	0
4.11681e+06	0
4.11691e+06	0
4.11701e+06	0
4.11711e+06	0
4.11721e+06	0
4.11731e+06	0
4.11741e+06	0
4.11751e+06	0
4.11761e+06	0
4.11771e+06	0
4.11781e+06	0
4.11791e+06	0
4.11801e+06	0
4.11811e+06	0
4.11821e+06	0
4.11831e+06	0
4.11841e+06	0
4.11851e+06	0
4.11861e+06	0
4.11871e+06	0
4.11881e+06	0
4.11891e+06	0
4.11901e+06	0
4.11911e+06	0
4.11921e+06	0
4.11931e+06	0
4.11941e+06	0
4.11951e+06	0
4.11961e+06	0
4.11971e+06	0
4.11981e+06	0
4.11991e+06	0
4.12001e+06	0
4.12011e+06	0
4.12021e+06	0
4.12031e+06	0
4.12041e+06	0
4.12051e+06	0
4.12061e+06	0
4.12071e+06	0
4.12081e+06	0
4.12091e+06	0
4.12101e+06	0
4.12111e+06	0
4.12121e+06	0
4.12131e+06	0
4.12141e+06	0
4.12151e+06	0
4.12161e+06	0
4.12171e+06	0
4.12181e+06	0
4.12191e+06	0
4.12201e+06	0
4.12211e+06	0
4.12221e+06	0
4.12231e+06	0
4.12241e+06	0
4.12251e+06	0
4.12261e+06	0
4.12271e+06	0
4.12281e+06	0
4.12291e+06	0
4.12301e+06	0
4.12311e+06	0
4.12321e+06	0
4.12331e+06	0
4.12341e+06	0
4.12351e+06	0
4.12361e+06	0
4.12371e+06	0
4.12381e+06	0
4.12391e+06	0
4.12401e+06	0
4.12411e+06	0
4.12421e+06	0
4.12431e+06	0
4.12441e+06	0
4.12451e+06	0
4.12461e+06	0
4.12471e+06	0
4.12481e+06	0
4.12491e+06	0
4.12501e+06	0
4.12511e+06	0
4.12521e+06	0
4.12531e+06	0
4.12541e+06	0
4.12551e+06	0
4.12561e+06	0
4.12571e+06	0
4.12581e+06	0
4.12591e+06	0
4.12601e+06	0
4.12611e+06	0
4.12621e+06	0
4.12631e+06	0
4.12641e+06	0
4.12651e+06	0
4.12661e+06	0
4.12671e+06	0
4.12681e+06	0
4.12691e+06	0
4.12701e+06	0
4.12711e+06	0
4.12721e+06	0
4.12731e+06	0
4.12741e+06	0
4.12751e+06	0
4.12761e+06	0
4.12771e+06	0
4.12781e+06	0
4.12791e+06	0
4.12801e+06	0
4.12811e+06	0
4.12821e+06	0
4.12831e+06	0
4.12841e+06	0
4.12851e+06	0
4.12861e+06	0
4.12871e+06	0
4.12881e+06	0
4.12891e+06	0
4.12901e+06	0
4.12911e+06	0
4.12921e+06	0
4.12931e+06	0
4.12941e+06	0
4.12951e+06	0
4.12961e+06	0
4.12971e+06	0
4.12981e+06	0
4.12991e+06	0
4.13001e+06	0
4.13011e+06	0
4.13021e+06	0
4.13031e+06	0
4.13041e+06	0
4.13051e+06	0
4.13061e+06	0
4.13071e+06	0
4.13081e+06	0
4.13091e+06	0
4.13101e+06	0
4.13111e+06	0
4.13121e+06	0
4.13131e+06	0
4.13141e+06	0
4.13151e+06	0
4.13161e+06	0
4.13171e+06	0
4.13181e+06	0
4.13191e+06	0
4.13201e+06	0
4.13211e+06	0
4.13221e+06	0
4.13231e+06	0
4.13241e+06	0
4.13251e+06	0
4.13261e+06	0
4.13271e+06	0
4.13281e+06	0
4.13291e+06	0
4.13301e+06	0
4.13311e+06	0
4.13321e+06	0
4.13331e+06	0
4.13341e+06	0
4.13351e+06	0
4.13361e+06	0
4.13371e+06	0
4.13381e+06	0
4.13391e+06	0
4.13401e+06	0
4.13411e+06	0
4.13421e+06	0
4.13431e+06	0
4.13441e+06	0
4.13451e+06	0
4.13461e+06	0
4.13471e+06	0
4.13481e+06	0
4.13491e+06	0
4.13501e+06	0
4.13511e+06	0
4.13521e+06	0
4.13531e+06	0
4.13541e+06	0
4.13551e+06	0
4.13561e+06	0
4.13571e+06	0
4.13581e+06	0
4.13591e+06	0
4.13601e+06	0
4.13611e+06	0
4.13621e+06	0
4.13631e+06	0
4.13641e+06	0
4.13651e+06	0
4.13661e+06	0
4.13671e+06	0
4.13681e+06	0
4.13691e+06	0
4.13701e+06	0
4.13711e+06	0
4.13721e+06	0
4.13731e+06	0
4.13741e+06	0
4.13751e+06	0
4.13761e+06	0
4.13771e+06	0
4.13781e+06	0
4.13791e+06	0
4.13801e+06	0
4.13811e+06	0
4.13821e+06	0
4.13831e+06	0
4.13841e+06	0
4.13851e+06	0
4.13861e+06	0
4.13871e+06	0
4.13881e+06	0
4.13891e+06	0
4.13901e+06	0
4.13911e+06	0
4.13921e+06	0
4.13931e+06	0
4.13941e+06	0
4.13951e+06	0
4.13961e+06	0
4.13971e+06	0
4.13981e+06	0
4.13991e+06	0
4.14001e+06	0
4.14011e+06	0
4.14021e+06	0
4.14031e+06	0
4.14041e+06	0
4.14051e+06	0
4.14061e+06	0
4.14071e+06	0
4.14081e+06	0
4.14091e+06	0
4.14101e+06	0
4.14111e+06	0
4.14121e+06	0
4.14131e+06	0
4.14141e+06	0
4.14151e+06	0
4.14161e+06	0
4.14171e+06	0
4.14181e+06	0
4.14191e+06	0
4.14201e+06	0
4.14211e+06	0
4.14221e+06	0
4.14231e+06	0
4.14241e+06	0
4.14251e+06	0
4.14261e+06	0
4.14271e+06	0
4.14281e+06	0
4.14291e+06	0
4.14301e+06	0
4.14311e+06	0
4.14321e+06	0
4.14331e+06	0
4.14341e+06	0
4.14351e+06	0
4.14361e+06	0
4.14371e+06	0
4.14381e+06	0
4.14391e+06	0
4.14401e+06	0
4.14411e+06	0
4.14421e+06	0
4.14431e+06	0
4.14441e+06	0
4.14451e+06	0
4.14461e+06	0
4.14471e+06	0
4.14481e+06	0
4.14491e+06	0
4.14501e+06	0
4.14511e+06	0
4.14521e+06	0
4.14531e+06	0
4.14541e+06	0
4.14551e+06	0
4.14561e+06	0
4.14571e+06	0
4.14581e+06	0
4.14591e+06	0
4.14601e+06	0
4.14611e+06	0
4.14621e+06	0
4.14631e+06	0
4.14641e+06	0
4.14651e+06	0
4.14661e+06	0
4.14671e+06	0
4.14681e+06	0
4.14691e+06	0
4.14701e+06	0
4.14711e+06	0
4.14721e+06	0
4.14731e+06	0
4.14741e+06	0
4.14751e+06	0
4.14761e+06	0
4.14771e+06	0
4.14781e+06	0
4.14791e+06	0
4.14801e+06	0
4.14811e+06	0
4.14821e+06	0
4.14831e+06	0
4.14841e+06	0
4.14851e+06	0
4.14861e+06	0
4.14871e+06	0
4.14881e+06	0
4.14891e+06	0
4.14901e+06	0
4.14911e+06	0
4.14921e+06	0
4.14931e+06	0
4.14941e+06	0
4.14951e+06	0
4.14961e+06	0
4.14971e+06	0
4.14981e+06	0
4.14991e+06	0
4.15001e+06	0
4.15011e+06	0
4.15021e+06	0
4.15031e+06	0
4.15041e+06	0
4.15051e+06	0
4.15061e+06	0
4.15071e+06	0
4.15081e+06	0
4.15091e+06	0
4.15101e+06	0
4.15111e+06	0
4.15121e+06	0
4.15131e+06	0
4.15141e+06	0
4.15151e+06	0
4.15161e+06	0
4.15171e+06	0
4.15181e+06	0
4.15191e+06	0
4.15201e+06	0
4.15211e+06	0
4.15221e+06	0
4.15231e+06	0
4.15241e+06	0
4.15251e+06	0
4.15261e+06	0
4.15271e+06	0
4.15281e+06	0
4.15291e+06	0
4.15301e+06	0
4.15311e+06	0
4.15321e+06	0
4.15331e+06	0
4.15341e+06	0
4.15351e+06	0
4.15361e+06	0
4.15371e+06	0
4.15381e+06	0
4.15391e+06	0
4.15401e+06	0
4.15411e+06	0
4.15421e+06	0
4.15431e+06	0
4.15441e+06	0
4.15451e+06	0
4.15461e+06	0
4.15471e+06	0
4.15481e+06	0
4.15491e+06	0
4.15501e+06	0
4.15511e+06	0
4.15521e+06	0
4.15531e+06	0
4.15541e+06	0
4.15551e+06	0
4.15561e+06	0
4.15571e+06	0
4.15581e+06	0
4.15591e+06	0
4.15601e+06	0
4.15611e+06	0
4.15621e+06	0
4.15631e+06	0
4.15641e+06	0
4.15651e+06	0
4.15661e+06	0
4.15671e+06	0
4.15681e+06	0
4.15691e+06	0
4.15701e+06	0
4.15711e+06	0
4.15721e+06	0
4.15731e+06	0
4.15741e+06	0
4.15751e+06	0
4.15761e+06	0
4.15771e+06	0
4.15781e+06	0
4.15791e+06	0
4.15801e+06	0
4.15811e+06	0
4.15821e+06	0
4.15831e+06	0
4.15841e+06	0
4.15851e+06	0
4.15861e+06	0
4.15871e+06	0
4.15881e+06	0
4.15891e+06	0
4.15901e+06	0
4.15911e+06	0
4.15921e+06	0
4.15931e+06	0
4.15941e+06	0
4.15951e+06	0
4.15961e+06	0
4.15971e+06	0
4.15981e+06	0
4.15991e+06	0
4.16001e+06	0
4.16011e+06	0
4.16021e+06	0
4.16031e+06	0
4.16041e+06	0
4.16051e+06	0
4.16061e+06	0
4.16071e+06	0
4.16081e+06	0
4.16091e+06	0
4.16101e+06	0
4.16111e+06	0
4.16121e+06	0
4.16131e+06	0
4.16141e+06	0
4.16151e+06	0
4.16161e+06	0
4.16171e+06	0
4.16181e+06	0
4.16191e+06	0
4.16201e+06	0
4.16211e+06	0
4.16221e+06	0
4.16231e+06	0
4.16241e+06	0
4.16251e+06	0
4.16261e+06	0
4.16271e+06	0
4.16281e+06	0
4.16291e+06	0
4.16301e+06	0
4.16311e+06	0
4.16321e+06	0
4.16331e+06	0
4.16341e+06	0
4.16351e+06	0
4.16361e+06	0
4.16371e+06	0
4.16381e+06	0
4.16391e+06	0
4.16401e+06	0
4.16411e+06	0
4.16421e+06	0
4.16431e+06	0
4.16441e+06	0
4.16451e+06	0
4.16461e+06	0
4.16471e+06	0
4.16481e+06	0
4.16491e+06	0
4.16501e+06	0
4.16511e+06	0
4.16521e+06	0
4.16531e+06	0
4.16541e+06	0
4.16551e+06	0
4.16561e+06	0
4.16571e+06	0
4.16581e+06	0
4.16591e+06	0
4.16601e+06	0
4.16611e+06	0
4.16621e+06	0
4.16631e+06	0
4.16641e+06	0
4.16651e+06	0
4.16661e+06	0
4.16671e+06	0
4.16681e+06	0
4.16691e+06	0
4.16701e+06	0
4.16711e+06	0
4.16721e+06	0
4.16731e+06	0
4.16741e+06	0
4.16751e+06	0
4.16761e+06	0
4.16771e+06	0
4.16781e+06	0
4.16791e+06	0
4.16801e+06	0
4.16811e+06	0
4.16821e+06	0
4.16831e+06	0
4.16841e+06	0
4.16851e+06	0
4.16861e+06	0
4.16871e+06	0
4.16881e+06	0
4.16891e+06	0
4.16901e+06	0
4.16911e+06	0
4.16921e+06	0
4.16931e+06	0
4.16941e+06	0
4.16951e+06	0
4.16961e+06	0
4.16971e+06	0
4.16981e+06	0
4.16991e+06	0
4.17001e+06	0
4.17011e+06	0
4.17021e+06	0
4.17031e+06	0
4.17041e+06	0
4.17051e+06	0
4.17061e+06	0
4.17071e+06	0
4.17081e+06	0
4.17091e+06	0
4.17101e+06	0
4.17111e+06	0
4.17121e+06	0
4.17131e+06	0
4.17141e+06	0
4.17151e+06	0
4.17161e+06	0
4.17171e+06	0
4.17181e+06	0
4.17191e+06	0
4.17201e+06	0
4.17211e+06	0
4.17221e+06	0
4.17231e+06	0
4.17241e+06	0
4.17251e+06	0
4.17261e+06	0
4.17271e+06	0
4.17281e+06	0
4.17291e+06	0
4.17301e+06	0
4.17311e+06	0
4.17321e+06	0
4.17331e+06	0
4.17341e+06	0
4.17351e+06	0
4.17361e+06	0
4.17371e+06	0
4.17381e+06	0
4.17391e+06	0
4.17401e+06	0
4.17411e+06	0
4.17421e+06	0
4.17431e+06	0
4.17441e+06	0
4.17451e+06	0
4.17461e+06	0
4.17471e+06	0
4.17481e+06	0
4.17491e+06	0
4.17501e+06	0
4.17511e+06	0
4.17521e+06	0
4.17531e+06	0
4.17541e+06	0
4.17551e+06	0
4.17561e+06	0
4.17571e+06	0
4.17581e+06	0
4.17591e+06	0
4.17601e+06	0
4.17611e+06	0
4.17621e+06	0
4.17631e+06	0
4.17641e+06	0
4.17651e+06	0
4.17661e+06	0
4.17671e+06	0
4.17681e+06	0
4.17691e+06	0
4.17701e+06	0
4.17711e+06	0
4.17721e+06	0
4.17731e+06	0
4.17741e+06	0
4.17751e+06	0
4.17761e+06	0
4.17771e+06	0
4.17781e+06	0
4.17791e+06	0
4.17801e+06	0
4.17811e+06	0
4.17821e+06	0
4.17831e+06	0
4.17841e+06	0
4.17851e+06	0
4.17861e+06	0
4.17871e+06	0
4.17881e+06	0
4.17891e+06	0
4.17901e+06	0
4.17911e+06	0
4.17921e+06	0
4.17931e+06	0
4.17941e+06	0
4.17951e+06	0
4.17961e+06	0
4.17971e+06	0
4.17981e+06	0
4.17991e+06	0
4.18001e+06	0
4.18011e+06	0
4.18021e+06	0
4.18031e+06	0
4.18041e+06	0
4.18051e+06	0
4.18061e+06	0
4.18071e+06	0
4.18081e+06	0
4.18091e+06	0
4.18101e+06	0
4.18111e+06	0
4.18121e+06	0
4.18131e+06	0
4.18141e+06	0
4.18151e+06	0
4.18161e+06	0
4.18171e+06	0
4.18181e+06	0
4.18191e+06	0
4.18201e+06	0
4.18211e+06	0
4.18221e+06	0
4.18231e+06	0
4.18241e+06	0
4.18251e+06	0
4.18261e+06	0
4.18271e+06	0
4.18281e+06	0
4.18291e+06	0
4.18301e+06	0
4.18311e+06	0
4.18321e+06	0
4.18331e+06	0
4.18341e+06	0
4.18351e+06	0
4.18361e+06	0
4.18371e+06	0
4.18381e+06	0
4.18391e+06	0
4.18401e+06	0
4.18411e+06	0
4.18421e+06	0
4.18431e+06	0
4.18441e+06	0
4.18451e+06	0
4.18461e+06	0
4.18471e+06	0
4.18481e+06	0
4.18491e+06	0
4.18501e+06	0
4.18511e+06	0
4.18521e+06	0
4.18531e+06	0
4.18541e+06	0
4.18551e+06	0
4.18561e+06	0
4.18571e+06	0
4.18581e+06	0
4.18591e+06	0
4.18601e+06	0
4.18611e+06	0
4.18621e+06	0
4.18631e+06	0
4.18641e+06	0
4.18651e+06	0
4.18661e+06	0
4.18671e+06	0
4.18681e+06	0
4.18691e+06	0
4.18701e+06	0
4.18711e+06	0
4.18721e+06	0
4.18731e+06	0
4.18741e+06	0
4.18751e+06	0
4.18761e+06	0
4.18771e+06	0
4.18781e+06	0
4.18791e+06	0
4.18801e+06	0
4.18811e+06	0
4.18821e+06	0
4.18831e+06	0
4.18841e+06	0
4.18851e+06	0
4.18861e+06	0
4.18871e+06	0
4.18881e+06	0
4.18891e+06	0
4.18901e+06	0
4.18911e+06	0
4.18921e+06	0
4.18931e+06	0
4.18941e+06	0
4.18951e+06	0
4.18961e+06	0
4.18971e+06	0
4.18981e+06	0
4.18991e+06	0
4.19001e+06	0
4.19011e+06	0
4.19021e+06	0
4.19031e+06	0
4.19041e+06	0
4.19051e+06	0
4.19061e+06	0
4.19071e+06	0
4.19081e+06	0
4.19091e+06	0
4.19101e+06	0
4.19111e+06	0
4.19121e+06	0
4.19131e+06	0
4.19141e+06	0
4.19151e+06	0
4.19161e+06	0
4.19171e+06	0
4.19181e+06	0
4.19191e+06	0
4.19201e+06	0
4.19211e+06	0
4.19221e+06	0
4.19231e+06	0
4.19241e+06	0
4.19251e+06	0
4.19261e+06	0
4.19271e+06	0
4.19281e+06	0
4.19291e+06	0
4.19301e+06	0
4.19311e+06	0
4.19321e+06	0
4.19331e+06	0
4.19341e+06	0
4.19351e+06	0
4.19361e+06	0
4.19371e+06	0
4.19381e+06	0
4.19391e+06	0
4.19401e+06	0
4.19411e+06	0
4.19421e+06	0
4.19431e+06	0
4.19441e+06	0
4.19451e+06	0
4.19461e+06	0
4.19471e+06	0
4.19481e+06	0
4.19491e+06	0
4.19501e+06	0
4.19511e+06	0
4.19521e+06	0
4.19531e+06	0
4.19541e+06	0
4.19551e+06	0
4.19561e+06	0
4.19571e+06	0
4.19581e+06	0
4.19591e+06	0
4.19601e+06	0
4.19611e+06	0
4.19621e+06	0
4.19631e+06	0
4.19641e+06	0
4.19651e+06	0
4.19661e+06	4.94066e-324
4.19671e+06	1.13635e-322
4.19681e+06	5.34085e-321
4.19691e+06	2.46524e-319
4.19701e+06	1.12711e-317
4.19711e+06	5.10189e-316
4.19721e+06	2.2864e-314
4.19731e+06	1.01445e-312
4.19741e+06	4.4562e-311
4.19751e+06	1.93801e-309
4.19761e+06	8.3446e-308
4.19771e+06	3.55723e-306
4.19781e+06	1.50132e-304
4.19791e+06	6.27328e-303
4.19801e+06	2.59521e-301
4.19811e+06	1.06293e-299
4.19821e+06	4.3102e-298
4.19831e+06	1.7304e-296
4.19841e+06	6.87784e-295
4.19851e+06	2.70654e-293
4.19861e+06	1.05447e-291
4.19871e+06	4.06734e-290
4.19881e+06	1.55326e-288
4.19891e+06	5.87266e-287
4.19901e+06	2.19828e-285
4.19911e+06	8.14681e-284
4.19921e+06	2.98916e-282
4.19931e+06	1.08585e-280
4.19941e+06	3.90521e-279
4.19951e+06	1.39052e-277
4.19961e+06	4.90194e-276
4.19971e+06	1.71086e-274
4.19981e+06	5.9118e-273
4.19991e+06	2.02246e-271
4.20001e+06	6.85014e-270
4.20011e+06	2.29707e-268
4.20021e+06	7.62618e-267
4.20031e+06	2.50667e-265
4.20041e+06	8.15724e-264
4.20051e+06	2.62813e-262
4.20061e+06	8.38316e-261
4.20071e+06	2.64744e-259
4.20081e+06	8.27752e-258
4.20091e+06	2.56231e-256
4.20101e+06	7.85274e-255
4.20111e+06	2.38269e-253
4.20121e+06	7.15764e-252
4.20131e+06	2.12878e-250
4.20141e+06	6.26826e-249
4.20151e+06	1.82735e-247
4.20161e+06	5.27415e-246
4.20171e+06	1.5071e-244
4.20181e+06	4.2637e-243
4.20191e+06	1.19423e-241
4.20201e+06	3.31168e-240
4.20211e+06	9.09211e-239
4.20221e+06	2.47137e-237
4.20231e+06	6.65073e-236
4.20241e+06	1.77197e-234
4.20251e+06	4.67414e-233
4.20261e+06	1.22068e-231
4.20271e+06	3.15618e-230
4.20281e+06	8.07938e-229
4.20291e+06	2.04763e-227
4.20301e+06	5.13785e-226
4.20311e+06	1.27635e-224
4.20321e+06	3.13915e-223
4.20331e+06	7.64387e-222
4.20341e+06	1.84277e-220
4.20351e+06	4.39832e-219
4.20361e+06	1.03934e-217
4.20371e+06	2.43158e-216
4.20381e+06	5.63216e-215
4.20391e+06	1.29157e-213
4.20401e+06	2.93237e-212
4.20411e+06	6.59139e-211
4.20421e+06	1.46687e-209
4.20431e+06	3.23194e-208
4.20441e+06	7.05005e-207
4.20451e+06	1.52257e-205
4.20461e+06	3.25553e-204
4.20471e+06	6.89162e-203
4.20481e+06	1.44437e-201
4.20491e+06	2.99704e-200
4.20501e+06	6.15692e-199
4.20511e+06	1.25225e-197
4.20521e+06	2.5216e-196
4.20531e+06	5.02712e-195
4.20541e+06	9.92244e-194
4.20551e+06	1.93899e-192
4.20561e+06	3.75136e-191
4.20571e+06	7.18553e-190
4.20581e+06	1.36266e-188
4.20591e+06	2.55841e-187
4.20601e+06	4.75568e-186
4.20611e+06	8.75208e-185
4.20621e+06	1.59466e-183
4.20631e+06	2.8766e-182
4.20641e+06	5.13748e-181
4.20651e+06	9.08399e-180
4.20661e+06	1.59023e-178
4.20671e+06	2.75614e-177
4.20681e+06	4.72934e-176
4.20691e+06	8.03443e-175
4.20701e+06	1.35135e-173
4.20711e+06	2.25028e-172
4.20721e+06	3.70991e-171
4.20731e+06	6.05545e-170
4.20741e+06	9.78559e-169
4.20751e+06	1.56561e-167
4.20761e+06	2.47993e-166
4.20771e+06	3.88911e-165
4.20781e+06	6.03837e-164
4.20791e+06	9.28208e-163
4.20801e+06	1.41263e-161
4.20811e+06	2.12847e-160
4.20821e+06	3.17515e-159
4.20831e+06	4.68941e-158
4.20841e+06	6.85693e-157
4.20851e+06	9.92654e-156
4.20861e+06	1.42273e-154
4.20871e+06	2.01885e-153
4.20881e+06	2.83625e-152
4.20891e+06	3.94494e-151
4.20901e+06	5.43243e-150
4.20911e+06	7.40635e-149
4.20921e+06	9.99705e-148
4.20931e+06	1.33597e-146
4.20941e+06	1.76757e-145
4.20951e+06	2.31535e-144
4.20961e+06	3.0027e-143
4.20971e+06	3.85536e-142
4.20981e+06	4.90089e-141
4.20991e+06	6.16796e-140
4.21001e+06	7.68538e-139
4.21011e+06	9.48083e-138
4.21021e+06	1.15794e-136
4.21031e+06	1.40017e-135
4.21041e+06	1.67622e-134
4.21051e+06	1.98674e-133
4.21061e+06	2.33135e-132
4.21071e+06	2.70851e-131
4.21081e+06	3.11538e-130
4.21091e+06	3.54771e-129
4.21101e+06	3.99984e-128
4.21111e+06	4.46472e-127
4.21121e+06	4.93404e-126
4.21131e+06	5.39844e-125
4.21141e+06	5.84777e-124
4.21151e+06	6.27148e-123
4.21161e+06	6.65897e-122
4.21171e+06	7.00005e-121
4.21181e+06	7.28537e-120
4.21191e+06	7.50688e-119
4.21201e+06	7.65817e-118
4.21211e+06	7.73476e-117
4.21221e+06	7.73439e-116
4.21231e+06	7.65706e-115
4.21241e+06	7.50508e-114
4.21251e+06	7.28292e-113
4.21261e+06	6.99702e-112
4.21271e+06	6.65545e-111
4.21281e+06	6.26756e-110
4.21291e+06	5.84356e-109
4.21301e+06	5.39402e-108
4.21311e+06	4.92953e-107
4.21321e+06	4.46021e-106
4.21331e+06	3.99541e-105
4.21341e+06	3.54344e-104
4.21351e+06	3.11133e-103
4.21361e+06	2.70473e-102
4.21371e+06	2.32787e-101
4.21381e+06	1.98359e-100
4.21391e+06	1.6734e-99
4.21401e+06	1.39768e-98
4.21411e+06	1.15576e-97
4.21421e+06	9.46215e-97
4.21431e+06	7.6695e-96
4.21441e+06	6.15462e-95
4.21451e+06	4.88982e-94
4.21461e+06	3.84628e-93
4.21471e+06	2.99534e-92
4.21481e+06	2.30945e-91
4.21491e+06	1.7629e-90
4.21501e+06	1.33231e-89
4.21511e+06	9.96871e-89
4.21521e+06	7.38465e-88
4.21531e+06	5.41599e-87
4.21541e+06	3.93262e-86
4.21551e+06	2.82712e-85
4.21561e+06	2.01216e-84
4.21571e+06	1.41788e-83
4.21581e+06	9.89174e-83
4.21591e+06	6.83223e-82
4.21601e+06	4.67208e-81
4.21611e+06	3.16311e-80
4.21621e+06	2.12019e-79
4.21631e+06	1.407e-78
4.21641e+06	9.2442e-78
4.21651e+06	6.01315e-77
4.21661e+06	3.8725e-76
4.21671e+06	2.4691e-75
4.21681e+06	1.55862e-74
4.21691e+06	9.74097e-74
4.21701e+06	6.02726e-73
4.21711e+06	3.69228e-72
4.21721e+06	2.23937e-71
4.21731e+06	1.34467e-70
4.21741e+06	7.99395e-70
4.21751e+06	4.70505e-69
4.21761e+06	2.74173e-68
4.21771e+06	1.58176e-67
4.21781e+06	9.03475e-67
4.21791e+06	5.10913e-66
4.21801e+06	2.86046e-65
4.21811e+06	1.58555e-64
4.21821e+06	8.70128e-64
4.21831e+06	4.72762e-63
4.21841e+06	2.54308e-62
4.21851e+06	1.35436e-61
4.21861e+06	7.14107e-61
4.21871e+06	3.72779e-60
4.21881e+06	1.92662e-59
4.21891e+06	9.8582e-59
4.21901e+06	4.99409e-58
4.21911e+06	2.5048e-57
4.21921e+06	1.24379e-56
4.21931e+06	6.11471e-56
4.21941e+06	2.9762e-55
4.21951e+06	1.43419e-54
4.21961e+06	6.84239e-54
4.21971e+06	3.23196e-53
4.21981e+06	1.51141e-52
4.21991e+06	6.99768e-52
4.22001e+06	3.20762e-51
4.22011e+06	1.45569e-50
4.22021e+06	6.54053e-50
4.22031e+06	2.90947e-49
4.22041e+06	1.28136e-48
4.22051e+06	5.5871e-48
4.22061e+06	2.41189e-47
4.22071e+06	1.03083e-46
4.22081e+06	4.36187e-46
4.22091e+06	1.82732e-45
4.22101e+06	7.57906e-45
4.22111e+06	3.11224e-44
4.22121e+06	1.26528e-43
4.22131e+06	5.09281e-43
4.22141e+06	2.02948e-42
4.22151e+06	8.00702e-42
4.22161e+06	3.12762e-41
4.22171e+06	1.20952e-40
4.22181e+06	4.63094e-40
4.22191e+06	1.75543e-39
4.22201e+06	6.58799e-39
4.22211e+06	2.44783e-38
4.22221e+06	9.00462e-38
4.22231e+06	3.27949e-37
4.22241e+06	1.18251e-36
4.22251e+06	4.22145e-36
4.22261e+06	1.49202e-35
4.22271e+06	5.22089e-35
4.22281e+06	1.80872e-34
4.22291e+06	6.20376e-34
4.22301e+06	2.10667e-33
4.22311e+06	7.08263e-33
4.22321e+06	2.35749e-32
4.22331e+06	7.76894e-32
4.22341e+06	2.53473e-31
4.22351e+06	8.18761e-31
4.22361e+06	2.61843e-30
4.22371e+06	8.29051e-30
4.22381e+06	2.59884e-29
4.22391e+06	8.06554e-29
4.22401e+06	2.47825e-28
4.22411e+06	7.539e-28
4.22421e+06	2.27059e-27
4.22431e+06	6.77052e-27
4.22441e+06	1.99877e-26
4.22451e+06	5.84196e-26
4.22461e+06	1.69049e-25
4.22471e+06	4.8431e-25
4.22481e+06	1.3737e-24
4.22491e+06	3.8576e-24
4.22501e+06	1.0725e-23
4.22511e+06	2.95215e-23
4.22521e+06	8.04516e-23
4.22531e+06	2.17064e-22
4.22541e+06	5.79827e-22
4.22551e+06	1.53344e-21
4.22561e+06	4.01504e-21
4.22571e+06	1.04081e-20
4.22581e+06	2.67123e-20
4.22591e+06	6.78744e-20
4.22601e+06	1.70749e-19
4.22611e+06	4.25274e-19
4.22621e+06	1.04866e-18
4.22631e+06	2.56011e-18
4.22641e+06	6.18786e-18
4.22651e+06	1.48074e-17
4.22661e+06	3.50811e-17
4.22671e+06	8.22859e-17
4.22681e+06	1.91089e-16
4.22691e+06	4.3934e-16
4.22701e+06	1.00006e-15
4.22711e+06	2.25374e-15
4.22721e+06	5.02854e-15
4.22731e+06	1.1108e-14
4.22741e+06	2.42934e-14
4.22751e+06	5.26013e-14
4.22761e+06	1.12762e-13
4.22771e+06	2.39323e-13
4.22781e+06	5.0288e-13
4.22791e+06	1.04617e-12
4.22801e+06	2.15474e-12
4.22811e+06	4.39386e-12
4.22821e+06	8.87061e-12
4.22831e+06	1.77304e-11
4.22841e+06	3.50866e-11
4.22851e+06	6.87416e-11
4.22861e+06	1.33339e-10
4.22871e+06	2.56064e-10
4.22881e+06	4.86855e-10
4.22891e+06	9.16446e-10
4.22901e+06	1.70793e-09
4.22911e+06	3.15132e-09
4.22921e+06	5.75667e-09
4.22931e+06	1.04113e-08
4.22941e+06	1.86423e-08
4.22951e+06	3.30483e-08
4.22961e+06	5.80037e-08
4.22971e+06	1.0079e-07
4.22981e+06	1.73396e-07
4.22991e+06	2.95337e-07
4.23001e+06	4.98027e-07
4.23011e+06	8.31467e-07
4.23021e+06	1.37434e-06
4.23031e+06	2.24906e-06
4.23041e+06	3.64387e-06
4.23051e+06	5.84499e-06
4.23061e+06	9.28241e-06
4.23071e+06	1.45947e-05
4.23081e+06	2.27189e-05
4.23091e+06	3.50134e-05
4.23101e+06	5.34245e-05
4.23111e+06	8.07055e-05
4.23121e+06	0.000120704
4.23131e+06	0.000178731
4.23141e+06	0.000262019
4.23151e+06	0.000380298
4.23161e+06	0.000546477
4.23171e+06	0.000777457
4.23181e+06	0.00109506
4.23191e+06	0.00152707
4.23201e+06	0.00210831
4.23211e+06	0.00288182
4.23221e+06	0.00389994
4.23231e+06	0.00522524
4.23241e+06	0.00693125
4.23251e+06	0.00910278
4.23261e+06	0.0118357
4.23271e+06	0.015236
4.23281e+06	0.0194181
4.23291e+06	0.024502
4.23301e+06	0.0306094
4.23311e+06	0.0378589
4.23321e+06	0.0463597
4.23331e+06	0.0562051
4.23341e+06	0.0674643
4.23351e+06	0.0801749
4.23361e+06	0.0943349
4.23371e+06	0.109896
4.23381e+06	0.126756
4.23391e+06	0.14476
4.23401e+06	0.163692
4.23411e+06	0.183285
4.23421e+06	0.20322
4.23431e+06	0.223143
4.23441e+06	0.242671
4.23451e+06	0.261415
4.23461e+06	0.279002
4.23471e+06	0.295095
4.23481e+06	0.309419
4.23491e+06	0.321793
4.23501e+06	0.332149
4.23511e+06	0.340561
4.23521e+06	0.347268
4.23531e+06	0.352687
4.23541e+06	0.357432
4.23551e+06	0.362318
4.23561e+06	0.368362
4.23571e+06	0.376773
4.23581e+06	0.388941
4.23591e+06	0.406405
4.23601e+06	0.430823
4.23611e+06	0.463922
4.23621e+06	0.507443
4.23631e+06	0.563077
4.23641e+06	0.632384
4.23651e+06	0.716716
4.23661e+06	0.817125
4.23671e+06	0.934276
4.23681e+06	1.06836
4.23691e+06	1.21901
4.23701e+06	1.38526
4.23711e+06	1.56545
4.23721e+06	1.75729
4.23731e+06	1.95777
4.23741e+06	2.16329
4.23751e+06	2.3697
4.23761e+06	2.57244
4.23771e+06	2.76667
4.23781e+06	2.94745
4.23791e+06	3.10994
4.23801e+06	3.24961
4.23811e+06	3.36242
4.23821e+06	3.44501
4.23831e+06	3.49486
4.23841e+06	3.51042
4.23851e+06	3.49116
4.23861e+06	3.43758
4.23871e+06	3.35124
4.23881e+06	3.23463
4.23891e+06	3.09106
4.23901e+06	2.92449
4.23911e+06	2.7394
4.23921e+06	2.5405
4.23931e+06	2.33261
4.23941e+06	2.12043
4.23951e+06	1.90837
4.23961e+06	1.70043
4.23971e+06	1.50008
4.23981e+06	1.31016
4.23991e+06	1.13291
4.24001e+06	0.969885
4.24011e+06	0.822061
4.24021e+06	0.689834
4.24031e+06	0.573116
4.24041e+06	0.471408
4.24051e+06	0.383892
4.24061e+06	0.309513
4.24071e+06	0.247061
4.24081e+06	0.195249
4.24091e+06	0.152766
4.24101e+06	0.118338
4.24111e+06	0.0907569
4.24121e+06	0.0689114
4.24131e+06	0.0518036
4.24141e+06	0.0385554
4.24151e+06	0.0284098
4.24161e+06	0.0207256
4.24171e+06	0.0149694
4.24181e+06	0.0107043
4.24191e+06	0.00757825
4.24201e+06	0.00531174
4.24211e+06	0.00368606
4.24221e+06	0.00253247
4.24231e+06	0.00172259
4.24241e+06	0.00116006
4.24251e+06	0.00077345
4.24261e+06	0.000510555
4.24271e+06	0.000333665
4.24281e+06	0.000215891
4.24291e+06	0.000138298
4.24301e+06	8.7711e-05
4.24311e+06	5.50744e-05
4.24321e+06	3.42375e-05
4.24331e+06	2.10723e-05
4.24341e+06	1.28404e-05
4.24351e+06	7.74644e-06
4.24361e+06	4.62683e-06
4.24371e+06	2.73603e-06
4.24381e+06	1.60183e-06
4.24391e+06	9.2847e-07
4.24401e+06	5.32816e-07
4.24411e+06	3.02721e-07
4.24421e+06	1.70281e-07
4.24431e+06	9.48301e-08
4.24441e+06	5.22858e-08
4.24451e+06	2.85416e-08
4.24461e+06	1.54251e-08
4.24471e+06	8.25349e-09
4.24481e+06	4.37223e-09
4.24491e+06	2.29311e-09
4.24501e+06	1.19071e-09
4.24511e+06	6.12127e-10
4.24521e+06	3.11556e-10
4.24531e+06	1.56995e-10
4.24541e+06	7.83239e-11
4.24551e+06	3.86865e-11
4.24561e+06	1.89182e-11
4.24571e+06	9.15925e-12
4.24581e+06	4.39032e-12
4.24591e+06	2.08348e-12
4.24601e+06	9.78902e-13
4.24611e+06	4.55351e-13
4.24621e+06	2.09706e-13
4.24631e+06	9.56163e-14
4.24641e+06	4.31628e-14
4.24651e+06	1.92906e-14
4.24661e+06	8.53568e-15
4.24671e+06	3.73928e-15
4.24681e+06	1.62179e-15
4.24691e+06	6.96398e-16
4.24701e+06	2.96059e-16
4.24711e+06	1.24611e-16
4.24721e+06	5.19267e-17
4.24731e+06	2.14231e-17
4.24741e+06	8.75047e-18
4.24751e+06	3.53865e-18
4.24761e+06	1.41677e-18
4.24771e+06	5.61592e-19
4.24781e+06	2.20393e-19
4.24791e+06	8.56312e-20
4.24801e+06	3.294e-20
4.24811e+06	1.2545e-20
4.24821e+06	4.73017e-21
4.24831e+06	1.76579e-21
4.24841e+06	6.52617e-22
4.24851e+06	2.388e-22
4.24861e+06	8.65105e-23
4.24871e+06	3.10284e-23
4.24881e+06	1.10181e-23
4.24891e+06	3.87357e-24
4.24901e+06	1.34826e-24
4.24911e+06	4.64614e-25
4.24921e+06	1.58514e-25
4.24931e+06	5.35428e-26
4.24941e+06	1.79057e-26
4.24951e+06	5.92841e-27
4.24961e+06	1.94331e-27
4.24971e+06	6.30672e-28
4.24981e+06	2.02638e-28
4.24991e+06	6.4461e-29
4.25001e+06	2.03016e-29
4.25011e+06	6.33022e-30
4.25021e+06	1.95418e-30
4.25031e+06	5.97267e-31
4.25041e+06	1.8073e-31
4.25051e+06	5.41436e-32
4.25061e+06	1.60591e-32
4.25071e+06	4.71578e-33
4.25081e+06	1.37101e-33
4.25091e+06	3.94628e-34
4.25101e+06	1.12458e-34
4.25111e+06	3.17286e-35
4.25121e+06	8.86273e-36
4.25131e+06	2.45099e-36
4.25141e+06	6.71078e-37
4.25151e+06	1.81912e-37
4.25161e+06	4.88209e-38
4.25171e+06	1.2972e-38
4.25181e+06	3.41246e-39
4.25191e+06	8.88759e-40
4.25201e+06	2.2917e-40
4.25211e+06	5.85043e-41
4.25221e+06	1.47868e-41
4.25231e+06	3.70016e-42
4.25241e+06	9.16689e-43
4.25251e+06	2.24844e-43
4.25261e+06	5.46005e-44
4.25271e+06	1.31271e-44
4.25281e+06	3.12463e-45
4.25291e+06	7.36353e-46
4.25301e+06	1.71803e-46
4.25311e+06	3.96854e-47
4.25321e+06	9.07589e-48
4.25331e+06	2.05496e-48
4.25341e+06	4.60656e-49
4.25351e+06	1.02236e-49
4.25361e+06	2.24643e-50
4.25371e+06	4.88693e-51
4.25381e+06	1.05255e-51
4.25391e+06	2.24505e-52
4.25401e+06	4.77099e-53
4.25411e+06	1.14518e-53
4.25421e+06	9.27591e-54
4.25431e+06	3.38087e-53
4.25441e+06	1.52816e-52
4.25451e+06	6.91701e-52
4.25461e+06	3.10132e-51
4.25471e+06	1.37671e-50
4.25481e+06	6.05055e-50
4.25491e+06	2.63272e-49
4.25501e+06	1.13415e-48
4.25511e+06	4.83722e-48
4.25521e+06	2.04257e-47
4.25531e+06	8.53916e-47
4.25541e+06	3.53436e-46
4.25551e+06	1.44831e-45
4.25561e+06	5.87587e-45
4.25571e+06	2.36014e-44
4.25581e+06	9.38559e-44
4.25591e+06	3.69524e-43
4.25601e+06	1.44039e-42
4.25611e+06	5.55871e-42
4.25621e+06	2.12386e-41
4.25631e+06	8.03405e-41
4.25641e+06	3.00885e-40
4.25651e+06	1.11564e-39
4.25661e+06	4.09546e-39
4.25671e+06	1.48847e-38
4.25681e+06	5.35591e-38
4.25691e+06	1.90803e-37
4.25701e+06	6.72965e-37
4.25711e+06	2.34995e-36
4.25721e+06	8.12419e-36
4.25731e+06	2.78073e-35
4.25741e+06	9.42314e-35
4.25751e+06	3.16147e-34
4.25761e+06	1.05012e-33
4.25771e+06	3.4534e-33
4.25781e+06	1.12438e-32
4.25791e+06	3.62437e-32
4.25801e+06	1.15668e-31
4.25811e+06	3.65466e-31
4.25821e+06	1.14325e-30
4.25831e+06	3.5407e-30
4.25841e+06	1.08567e-29
4.25851e+06	3.2958e-29
4.25861e+06	9.90561e-29
4.25871e+06	2.94754e-28
4.25881e+06	8.68349e-28
4.25891e+06	2.53272e-27
4.25901e+06	7.31367e-27
4.25911e+06	2.09094e-26
4.25921e+06	5.91841e-26
4.25931e+06	1.65854e-25
4.25941e+06	4.60153e-25
4.25951e+06	1.26397e-24
4.25961e+06	3.43739e-24
4.25971e+06	9.25502e-24
4.25981e+06	2.46708e-23
4.25991e+06	6.51097e-23
4.26001e+06	1.70124e-22
4.26011e+06	4.4009e-22
4.26021e+06	1.12713e-21
4.26031e+06	2.85803e-21
4.26041e+06	7.17488e-21
4.26051e+06	1.78328e-20
4.26061e+06	4.38815e-20
4.26071e+06	1.06906e-19
4.26081e+06	2.57856e-19
4.26091e+06	6.15758e-19
4.26101e+06	1.4558e-18
4.26111e+06	3.40759e-18
4.26121e+06	7.89682e-18
4.26131e+06	1.81181e-17
4.26141e+06	4.11559e-17
4.26151e+06	9.25566e-17
4.26161e+06	2.06082e-16
4.26171e+06	4.54286e-16
4.26181e+06	9.91463e-16
4.26191e+06	2.1423e-15
4.26201e+06	4.58291e-15
4.26211e+06	9.70642e-15
4.26221e+06	2.03533e-14
4.26231e+06	4.22538e-14
4.26241e+06	8.6847e-14
4.26251e+06	1.76726e-13
4.26261e+06	3.56044e-13
4.26271e+06	7.10173e-13
4.26281e+06	1.40243e-12
4.26291e+06	2.74193e-12
4.26301e+06	5.30747e-12
4.26311e+06	1.01713e-11
4.26321e+06	1.92984e-11
4.26331e+06	3.62513e-11
4.26341e+06	6.74192e-11
4.26351e+06	1.24137e-10
4.26361e+06	2.26294e-10
4.26371e+06	4.08418e-10
4.26381e+06	7.29781e-10
4.26391e+06	1.29103e-09
4.26401e+06	2.2612e-09
4.26411e+06	3.92101e-09
4.26421e+06	6.73153e-09
4.26431e+06	1.14416e-08
4.26441e+06	1.92538e-08
4.26451e+06	3.20778e-08
4.26461e+06	5.29113e-08
4.26471e+06	8.64072e-08
4.26481e+06	1.39704e-07
4.26491e+06	2.23627e-07
4.26501e+06	3.54402e-07
4.26511e+06	5.56065e-07
4.26521e+06	8.63799e-07
4.26531e+06	1.32848e-06
4.26541e+06	2.02282e-06
4.26551e+06	3.0494e-06
4.26561e+06	4.55124e-06
4.26571e+06	6.72514e-06
4.26581e+06	9.83853e-06
4.26591e+06	1.425e-05
4.26601e+06	2.04343e-05
4.26611e+06	2.90108e-05
4.26621e+06	4.07771e-05
4.26631e+06	5.67454e-05
4.26641e+06	7.81811e-05
4.26651e+06	0.000106642
4.26661e+06	0.000144018
4.26671e+06	0.000192556
4.26681e+06	0.000254893
4.26691e+06	0.000334052
4.26701e+06	0.000433438
4.26711e+06	0.000556798
4.26721e+06	0.000708151
4.26731e+06	0.000891683
4.26741e+06	0.00111161
4.26751e+06	0.00137199
4.26761e+06	0.00167651
4.26771e+06	0.00202824
4.26781e+06	0.00242935
4.26791e+06	0.00288083
4.26801e+06	0.00338222
4.26811e+06	0.00393136
4.26821e+06	0.00452419
4.26831e+06	0.00515461
4.26841e+06	0.00581445
4.26851e+06	0.00649348
4.26861e+06	0.00717966
4.26871e+06	0.00785937
4.26881e+06	0.00851782
4.26891e+06	0.00913957
4.26901e+06	0.00970914
4.26911e+06	0.0102116
4.26921e+06	0.0106331
4.26931e+06	0.0109619
4.26941e+06	0.0111884
4.26951e+06	0.011306
4.26961e+06	0.0113112
4.26971e+06	0.0112037
4.26981e+06	0.0109868
4.26991e+06	0.0106669
4.27001e+06	0.0102533
4.27011e+06	0.00975771
4.27021e+06	0.00919363
4.27031e+06	0.00857597
4.27041e+06	0.00792021
4.27051e+06	0.00724181
4.27061e+06	0.00655564
4.27071e+06	0.00587543
4.27081e+06	0.0052134
4.27091e+06	0.00457994
4.27101e+06	0.00398342
4.27111e+06	0.00343011
4.27121e+06	0.00292428
4.27131e+06	0.00246823
4.27141e+06	0.00206257
4.27151e+06	0.00170644
4.27161e+06	0.00139775
4.27171e+06	0.00113351
4.27181e+06	0.000910073
4.27191e+06	0.000723411
4.27201e+06	0.000569314
4.27211e+06	0.000443583
4.27221e+06	0.000342181
4.27231e+06	0.000261332
4.27241e+06	0.0001976
4.27251e+06	0.000147924
4.27261e+06	0.000109635
4.27271e+06	8.04477e-05
4.27281e+06	5.84435e-05
4.27291e+06	4.20355e-05
4.27301e+06	2.99332e-05
4.27311e+06	2.11031e-05
4.27321e+06	1.47298e-05
4.27331e+06	1.0179e-05
4.27341e+06	6.9642e-06
4.27351e+06	4.7173e-06
4.27361e+06	3.16353e-06
4.27371e+06	2.10043e-06
4.27381e+06	1.38071e-06
4.27391e+06	8.98571e-07
4.27401e+06	5.78975e-07
4.27411e+06	3.69338e-07
4.27421e+06	2.33263e-07
4.27431e+06	1.45856e-07
4.27441e+06	9.02943e-08
4.27451e+06	5.53418e-08
4.27461e+06	3.35817e-08
4.27471e+06	2.01748e-08
4.27481e+06	1.19998e-08
4.27491e+06	7.06634e-09
4.27501e+06	4.11977e-09
4.27511e+06	2.37798e-09
4.27521e+06	1.35894e-09
4.27531e+06	7.68863e-10
4.27541e+06	4.3068e-10
4.27551e+06	2.38846e-10
4.27561e+06	1.31141e-10
4.27571e+06	7.12879e-11
4.27581e+06	3.83663e-11
4.27591e+06	2.04429e-11
4.27601e+06	1.07843e-11
4.27611e+06	5.63243e-12
4.27621e+06	2.91245e-12
4.27631e+06	1.491e-12
4.27641e+06	7.5571e-13
4.27651e+06	3.79218e-13
4.27661e+06	1.884e-13
4.27671e+06	9.26676e-14
4.27681e+06	4.51266e-14
4.27691e+06	2.17568e-14
4.27701e+06	1.03852e-14
4.27711e+06	4.90784e-15
4.27721e+06	2.29627e-15
4.27731e+06	1.06369e-15
4.27741e+06	4.87821e-16
4.27751e+06	2.21496e-16
4.27761e+06	9.95696e-17
4.27771e+06	4.43144e-17
4.27781e+06	1.95263e-17
4.27791e+06	8.51831e-18
4.27801e+06	3.67911e-18
4.27811e+06	1.57322e-18
4.27821e+06	6.66029e-19
4.27831e+06	2.79161e-19
4.27841e+06	1.15844e-19
4.27851e+06	4.75934e-20
4.27861e+06	1.93588e-20
4.27871e+06	7.79593e-21
4.27881e+06	3.10824e-21
4.27891e+06	1.22692e-21
4.27901e+06	4.79488e-22
4.27911e+06	1.85522e-22
4.27921e+06	7.10672e-23
4.27931e+06	2.69526e-23
4.27941e+06	1.01202e-23
4.27951e+06	3.76213e-24
4.27961e+06	1.38464e-24
4.27971e+06	5.04541e-25
4.27981e+06	1.82017e-25
4.27991e+06	6.5011e-26
4.28001e+06	2.29889e-26
4.28011e+06	8.04832e-27
4.28021e+06	2.78965e-27
4.28031e+06	9.57309e-28
4.28041e+06	3.25245e-28
4.28051e+06	1.09402e-28
4.28061e+06	3.64334e-29
4.28071e+06	1.20124e-29
4.28081e+06	3.92119e-30
4.28091e+06	1.26725e-30
4.28101e+06	4.05474e-31
4.28111e+06	1.28446e-31
4.28121e+06	4.02844e-32
4.28131e+06	1.25086e-32
4.28141e+06	3.84538e-33
4.28151e+06	1.17038e-33
4.28161e+06	3.5267e-34
4.28171e+06	1.05213e-34
4.28181e+06	3.10762e-35
4.28191e+06	9.08745e-36
4.28201e+06	2.63096e-36
4.28211e+06	7.54124e-37
4.28221e+06	2.14007e-37
4.28231e+06	6.01273e-38
4.28241e+06	1.67252e-38
4.28251e+06	4.60606e-39
4.28261e+06	1.25587e-39
4.28271e+06	3.39012e-40
4.28281e+06	9.06031e-41
4.28291e+06	2.39733e-41
4.28301e+06	6.28016e-42
4.28311e+06	1.62881e-42
4.28321e+06	4.18241e-43
4.28331e+06	1.06326e-43
4.28341e+06	2.67615e-44
4.28351e+06	6.66866e-45
4.28361e+06	1.64522e-45
4.28371e+06	4.01851e-46
4.28381e+06	9.71771e-47
4.28391e+06	2.32659e-47
4.28401e+06	5.51484e-48
4.28411e+06	1.2942e-48
4.28421e+06	3.00698e-49
4.28431e+06	6.91694e-50
4.28441e+06	1.57527e-50
4.28451e+06	3.55184e-51
4.28461e+06	7.92882e-52
4.28471e+06	1.75235e-52
4.28481e+06	3.83434e-53
4.28491e+06	8.30648e-54
4.28501e+06	1.78156e-54
4.28511e+06	3.78304e-55
4.28521e+06	7.95314e-56
4.28531e+06	1.65536e-56
4.28541e+06	3.41118e-57
4.28551e+06	6.95943e-58
4.28561e+06	1.40572e-58
4.28571e+06	2.81114e-59
4.28581e+06	5.56573e-60
4.28591e+06	1.09099e-60
4.28601e+06	2.11726e-61
4.28611e+06	4.06804e-62
4.28621e+06	7.73843e-63
4.28631e+06	1.4574e-63
4.28641e+06	2.71744e-64
4.28651e+06	5.01649e-65
4.28661e+06	9.16845e-66
4.28671e+06	1.65901e-66
4.28681e+06	2.97208e-67
4.28691e+06	5.27142e-68
4.28701e+06	9.25662e-69
4.28711e+06	1.60929e-69
4.28721e+06	2.76995e-70
4.28731e+06	4.72029e-71
4.28741e+06	7.96382e-72
4.28751e+06	1.33024e-72
4.28761e+06	2.19988e-73
4.28771e+06	3.60182e-74
4.28781e+06	5.83852e-75
4.28791e+06	9.37004e-76
4.28801e+06	1.4888e-76
4.28811e+06	2.34201e-77
4.28821e+06	3.64752e-78
4.28831e+06	5.62425e-79
4.28841e+06	8.58594e-80
4.28851e+06	1.29768e-80
4.28861e+06	1.9418e-81
4.28871e+06	2.87674e-82
4.28881e+06	4.21941e-83
4.28891e+06	6.12718e-84
4.28901e+06	8.80899e-85
4.28911e+06	1.25386e-85
4.28921e+06	1.76697e-86
4.28931e+06	2.46528e-87
4.28941e+06	3.40533e-88
4.28951e+06	4.65705e-89
4.28961e+06	6.30549e-90
4.28971e+06	8.45247e-91
4.28981e+06	1.12178e-91
4.28991e+06	1.47396e-92
4.29001e+06	1.91744e-93
4.29011e+06	2.46953e-94
4.29021e+06	3.14894e-95
4.29031e+06	3.97532e-96
4.29041e+06	4.96863e-97
4.29051e+06	6.14835e-98
4.29061e+06	7.53246e-99
4.29071e+06	9.13635e-100
4.29081e+06	1.09715e-100
4.29091e+06	1.30441e-101
4.29101e+06	1.5354e-102
4.29111e+06	1.78931e-103
4.29121e+06	2.06446e-104
4.29131e+06	2.35822e-105
4.29141e+06	2.66698e-106
4.29151e+06	2.98615e-107
4.29161e+06	3.31025e-108
4.29171e+06	3.63302e-109
4.29181e+06	3.94758e-110
4.29191e+06	4.24669e-111
4.29201e+06	4.52302e-112
4.29211e+06	4.76939e-113
4.29221e+06	4.97914e-114
4.29231e+06	5.14639e-115
4.29241e+06	5.26633e-116
4.29251e+06	5.33545e-117
4.29261e+06	5.35169e-118
4.29271e+06	5.31456e-119
4.29281e+06	5.22518e-120
4.29291e+06	5.08619e-121
4.29301e+06	4.90163e-122
4.29311e+06	4.67676e-123
4.29321e+06	4.41781e-124
4.29331e+06	4.13168e-125
4.29341e+06	3.82562e-126
4.29351e+06	3.507e-127
4.29361e+06	3.18292e-128
4.29371e+06	2.86005e-129
4.29381e+06	2.54435e-130
4.29391e+06	2.24098e-131
4.29401e+06	1.95415e-132
4.29411e+06	1.68707e-133
4.29421e+06	1.442e-134
4.29431e+06	1.22027e-135
4.29441e+06	1.02236e-136
4.29451e+06	8.48019e-138
4.29461e+06	6.96412e-139
4.29471e+06	5.66219e-140
4.29481e+06	4.55784e-141
4.29491e+06	3.63238e-142
4.29501e+06	2.86603e-143
4.29511e+06	2.23886e-144
4.29521e+06	1.73153e-145
4.29531e+06	1.32584e-146
4.29541e+06	1.00509e-147
4.29551e+06	7.54364e-149
4.29561e+06	5.60548e-150
4.29571e+06	4.12383e-151
4.29581e+06	3.00363e-152
4.29591e+06	2.16595e-153
4.29601e+06	1.54635e-154
4.29611e+06	1.09301e-155
4.29621e+06	7.6489e-157
4.29631e+06	5.29944e-158
4.29641e+06	3.63511e-159
4.29651e+06	2.46867e-160
4.29661e+06	1.65983e-161
4.29671e+06	1.1049e-162
4.29681e+06	7.28181e-164
4.29691e+06	4.7513e-165
4.29701e+06	3.06932e-166
4.29711e+06	1.96304e-167
4.29721e+06	1.24301e-168
4.29731e+06	7.79247e-170
4.29741e+06	4.83652e-171
4.29751e+06	2.972e-172
4.29761e+06	1.8081e-173
4.29771e+06	1.08906e-174
4.29781e+06	6.49438e-176
4.29791e+06	3.83426e-177
4.29801e+06	2.24121e-178
4.29811e+06	1.297e-179
4.29821e+06	7.43112e-181
4.29831e+06	4.21528e-182
4.29841e+06	2.36731e-183
4.29851e+06	1.31626e-184
4.29861e+06	7.24576e-186
4.29871e+06	3.94897e-187
4.29881e+06	2.13079e-188
4.29891e+06	1.1383e-189
4.29901e+06	6.02042e-191
4.29911e+06	3.1525e-192
4.29921e+06	1.63433e-193
4.29931e+06	8.38847e-195
4.29941e+06	4.26267e-196
4.29951e+06	2.14456e-197
4.29961e+06	1.0682e-198
4.29971e+06	5.26772e-200
4.29981e+06	2.57188e-201
4.29991e+06	1.24318e-202
4.30001e+06	5.94945e-204
4.30011e+06	2.81888e-205
4.30021e+06	1.32231e-206
4.30031e+06	6.14108e-208
4.30041e+06	2.82367e-209
4.30051e+06	1.28541e-210
4.30061e+06	5.7933e-212
4.30071e+06	2.58504e-213
4.30081e+06	1.142e-214
4.30091e+06	4.99483e-216
4.30101e+06	2.16288e-217
4.30111e+06	9.27262e-219
4.30121e+06	3.93576e-220
4.30131e+06	1.65391e-221
4.30141e+06	6.88102e-223
4.30151e+06	2.83433e-224
4.30161e+06	1.15586e-225
4.30171e+06	4.66677e-227
4.30181e+06	1.86546e-228
4.30191e+06	7.38264e-230
4.30201e+06	2.89264e-231
4.30211e+06	1.12211e-232
4.30221e+06	4.30954e-234
4.30231e+06	1.63865e-235
4.30241e+06	6.16874e-237
4.30251e+06	2.29914e-238
4.30261e+06	8.48379e-240
4.30271e+06	3.09936e-241
4.30281e+06	1.12102e-242
4.30291e+06	4.01428e-244
4.30301e+06	1.42318e-245
4.30311e+06	4.99542e-247
4.30321e+06	1.73596e-248
4.30331e+06	5.97261e-250
4.30341e+06	2.03444e-251
4.30351e+06	6.86095e-253
4.30361e+06	2.29076e-254
4.30371e+06	7.57239e-256
4.30381e+06	2.47824e-257
4.30391e+06	8.02989e-259
4.30401e+06	2.57593e-260
4.30411e+06	8.18116e-262
4.30421e+06	2.57249e-263
4.30431e+06	8.00844e-265
4.30441e+06	2.46831e-266
4.30451e+06	7.53199e-268
4.30461e+06	2.2755e-269
4.30471e+06	6.80611e-271
4.30481e+06	2.01549e-272
4.30491e+06	5.90904e-274
4.30501e+06	1.71519e-275
4.30511e+06	4.92905e-277
4.30521e+06	1.4024e-278
4.30531e+06	3.95037e-280
4.30541e+06	1.10169e-281
4.30551e+06	3.04187e-283
4.30561e+06	8.31529e-285
4.30571e+06	2.25046e-286
4.30581e+06	6.03007e-288
4.30591e+06	1.59967e-289
4.30601e+06	4.20141e-291
4.30611e+06	1.09249e-292
4.30621e+06	2.81253e-294
4.30631e+06	7.16858e-296
4.30641e+06	1.80895e-297
4.30651e+06	4.51936e-299
4.30661e+06	1.11785e-300
4.30671e+06	2.73746e-302
4.30681e+06	6.63697e-304
4.30691e+06	1.59312e-305
4.30701e+06	3.78603e-307
4.30711e+06	8.90793e-309
4.30721e+06	2.07504e-310
4.30731e+06	4.78557e-312
4.30741e+06	1.09269e-313
4.30751e+06	2.47012e-315
4.30761e+06	5.52836e-317
4.30771e+06	1.22499e-318
4.30781e+06	2.68722e-320
4.30791e+06	5.82997e-322
4.30801e+06	1.4822e-323
4.30811e+06	0
4.30821e+06	0
4.30831e+06	0
4.30841e+06	0
4.30851e+06	0
4.30861e+06	0
4.30871e+06	0
4.30881e+06	0
4.30891e+06	0
4.30901e+06	0
4.30911e+06	0
4.30921e+06	0
4.30931e+06	0
4.30941e+06	0
4.30951e+06	0
4.30961e+06	0
4.30971e+06	0
4.30981e+06	0
4.30991e+06	0
4.31001e+06	0
4.31011e+06	0
4.31021e+06	0
4.31031e+06	0
4.31041e+06	0
4.31051e+06	0
4.31061e+06	0
4.31071e+06	0
4.31081e+06	0
4.31091e+06	0
4.31101e+06	0
4.31111e+06	0
4.31121e+06	0
4.31131e+06	0
4.31141e+06	0
4.31151e+06	0
4.31161e+06	0
4.31171e+06	0
4.31181e+06	0
4.31191e+06	0
4.31201e+06	0
4.31211e+06	0
4.31221e+06	0
4.31231e+06	0
4.31241e+06	0
4.31251e+06	0
4.31261e+06	0
4.31271e+06	0
4.31281e+06	0
4.31291e+06	0
4.31301e+06	0
4.31311e+06	0
4.31321e+06	0
4.31331e+06	0
4.31341e+06	0
4.31351e+06	0
4.31361e+06	0
4.31371e+06	0
4.31381e+06	0
4.31391e+06	0
4.31401e+06	0
4.31411e+06	0
4.31421e+06	0
4.31431e+06	0
4.31441e+06	0
4.31451e+06	0
4.31461e+06	0
4.31471e+06	0
4.31481e+06	0
4.31491e+06	0
4.31501e+06	0
4.31511e+06	0
4.31521e+06	0
4.31531e+06	0
4.31541e+06	0
4.31551e+06	0
4.31561e+06	0
4.31571e+06	0
4.31581e+06	0
4.31591e+06	0
4.31601e+06	0
4.31611e+06	0
4.31621e+06	0
4.31631e+06	0
4.31641e+06	0
4.31651e+06	0
4.31661e+06	0
4.31671e+06	0
4.31681e+06	0
4.31691e+06	0
4.31701e+06	0
4.31711e+06	0
4.31721e+06	0
4.31731e+06	0
4.31741e+06	0
4.31751e+06	0
4.31761e+06	0
4.31771e+06	0
4.31781e+06	0
4.31791e+06	0
4.31801e+06	0
4.31811e+06	0
4.31821e+06	0
4.31831e+06	0
4.31841e+06	0
4.31851e+06	0
4.31861e+06	0
4.31871e+06	0
4.31881e+06	0
4.31891e+06	0
4.31901e+06	0
4.31911e+06	0
4.31921e+06	0
4.31931e+06	0
4.31941e+06	0
4.31951e+06	0
4.31961e+06	0
4.31971e+06	0
4.31981e+06	0
4.31991e+06	0
4.32001e+06	0
4.32011e+06	0
4.32021e+06	0
4.32031e+06	0
4.32041e+06	0
4.32051e+06	0
4.32061e+06	0
4.32071e+06	0
4.32081e+06	0
4.32091e+06	0
4.32101e+06	0
4.32111e+06	0
4.32121e+06	0
4.32131e+06	0
4.32141e+06	0
4.32151e+06	0
4.32161e+06	0
4.32171e+06	0
4.32181e+06	0
4.32191e+06	0
4.32201e+06	0
4.32211e+06	0
4.32221e+06	0
4.32231e+06	0
4.32241e+06	0
4.32251e+06	0
4.32261e+06	0
4.32271e+06	0
4.32281e+06	0
4.32291e+06	0
4.32301e+06	0
4.32311e+06	0
4.32321e+06	0
4.32331e+06	0
4.32341e+06	0
4.32351e+06	0
4.32361e+06	0
4.32371e+06	0
4.32381e+06	0
4.32391e+06	0
4.32401e+06	0
4.32411e+06	0
4.32421e+06	0
4.32431e+06	0
4.32441e+06	0
4.32451e+06	0
4.32461e+06	0
4.32471e+06	0
4.32481e+06	0
4.32491e+06	0
4.32501e+06	0
4.32511e+06	0
4.32521e+06	0
4.32531e+06	0
4.32541e+06	0
4.32551e+06	0
4.32561e+06	0
4.32571e+06	0
4.32581e+06	0
4.32591e+06	0
4.32601e+06	0
4.32611e+06	0
4.32621e+06	0
4.32631e+06	0
4.32641e+06	0
4.32651e+06	0
4.32661e+06	0
4.32671e+06	0
4.32681e+06	0
4.32691e+06	0
4.32701e+06	0
4.32711e+06	0
4.32721e+06	0
4.32731e+06	0
4.32741e+06	0
4.32751e+06	0
4.32761e+06	0
4.32771e+06	0
4.32781e+06	0
4.32791e+06	0
4.32801e+06	0
4.32811e+06	0
4.32821e+06	0
4.32831e+06	0
4.32841e+06	0
4.32851e+06	0
4.32861e+06	0
4.32871e+06	0
4.32881e+06	0
4.32891e+06	0
4.32901e+06	0
4.32911e+06	0
4.32921e+06	0
4.32931e+06	0
4.32941e+06	0
4.32951e+06	0
4.32961e+06	0
4.32971e+06	0
4.32981e+06	0
4.32991e+06	0
4.33001e+06	0
4.33011e+06	0
4.33021e+06	0
4.33031e+06	0
4.33041e+06	0
4.33051e+06	0
4.33061e+06	0
4.33071e+06	0
4.33081e+06	0
4.33091e+06	0
4.33101e+06	0
4.33111e+06	0
4.33121e+06	0
4.33131e+06	0
4.33141e+06	0
4.33151e+06	0
4.33161e+06	0
4.33171e+06	0
4.33181e+06	0
4.33191e+06	0
4.33201e+06	0
4.33211e+06	0
4.33221e+06	0
4.33231e+06	0
4.33241e+06	0
4.33251e+06	0
4.33261e+06	0
4.33271e+06	0
4.33281e+06	0
4.33291e+06	0
4.33301e+06	0
4.33311e+06	0
4.33321e+06	0
4.33331e+06	0
4.33341e+06	0
4.33351e+06	0
4.33361e+06	0
4.33371e+06	0
4.33381e+06	0
4.33391e+06	0
4.33401e+06	0
4.33411e+06	0
4.33421e+06	0
4.33431e+06	0
4.33441e+06	0
4.33451e+06	0
4.33461e+06	0
4.33471e+06	0
4.33481e+06	0
4.33491e+06	0
4.33501e+06	0
4.33511e+06	0
4.33521e+06	0
4.33531e+06	0
4.33541e+06	0
4.33551e+06	0
4.33561e+06	0
4.33571e+06	0
4.33581e+06	0
4.33591e+06	0
4.33601e+06	0
4.33611e+06	0
4.33621e+06	0
4.33631e+06	0
4.33641e+06	0
4.33651e+06	0
4.33661e+06	0
4.33671e+06	0
4.33681e+06	0
4.33691e+06	0
4.33701e+06	0
4.33711e+06	0
4.33721e+06	0
4.33731e+06	0
4.33741e+06	0
4.33751e+06	0
4.33761e+06	0
4.33771e+06	0
4.33781e+06	0
4.33791e+06	0
4.33801e+06	0
4.33811e+06	0
4.33821e+06	0
4.33831e+06	0
4.33841e+06	0
4.33851e+06	0
4.33861e+06	0
4.33871e+06	0
4.33881e+06	0
4.33891e+06	0
4.33901e+06	0
4.33911e+06	0
4.33921e+06	0
4.33931e+06	0
4.33941e+06	0
4.33951e+06	0
4.33961e+06	0
4.33971e+06	0
4.33981e+06	0
4.33991e+06	0
4.34001e+06	0
4.34011e+06	0
4.34021e+06	0
4.34031e+06	0
4.34041e+06	0
4.34051e+06	0
4.34061e+06	0
4.34071e+06	0
4.34081e+06	0
4.34091e+06	0
4.34101e+06	0
4.34111e+06	0
4.34121e+06	0
4.34131e+06	0
4.34141e+06	0
4.34151e+06	0
4.34161e+06	0
4.34171e+06	0
4.34181e+06	0
4.34191e+06	0
4.34201e+06	0
4.34211e+06	0
4.34221e+06	0
4.34231e+06	0
4.34241e+06	0
4.34251e+06	0
4.34261e+06	0
4.34271e+06	0
4.34281e+06	0
4.34291e+06	0
4.34301e+06	0
4.34311e+06	0
4.34321e+06	0
4.34331e+06	0
4.34341e+06	0
4.34351e+06	0
4.34361e+06	0
4.34371e+06	0
4.34381e+06	0
4.34391e+06	0
4.34401e+06	0
4.34411e+06	0
4.34421e+06	0
4.34431e+06	0
4.34441e+06	0
4.34451e+06	0
4.34461e+06	0
4.34471e+06	0
4.34481e+06	0
4.34491e+06	0
4.34501e+06	0
4.34511e+06	0
4.34521e+06	0
4.34531e+06	0
4.34541e+06	0
4.34551e+06	0
4.34561e+06	0
4.34571e+06	0
4.34581e+06	0
4.34591e+06	0
4.34601e+06	0
4.34611e+06	0
4.34621e+06	0
4.34631e+06	0
4.34641e+06	0
4.34651e+06	0
4.34661e+06	0
4.34671e+06	0
4.34681e+06	0
4.34691e+06	0
4.34701e+06	0
4.34711e+06	0
4.34721e+06	0
4.34731e+06	0
4.34741e+06	0
4.34751e+06	0
4.34761e+06	0
4.34771e+06	0
4.34781e+06	0
4.34791e+06	0
4.34801e+06	0
4.34811e+06	0
4.34821e+06	0
4.34831e+06	0
4.34841e+06	0
4.34851e+06	0
4.34861e+06	0
4.34871e+06	0
4.34881e+06	0
4.34891e+06	0
4.34901e+06	0
4.34911e+06	0
4.34921e+06	0
4.34931e+06	0
4.34941e+06	0
4.34951e+06	0
4.34961e+06	0
4.34971e+06	0
4.34981e+06	0
4.34991e+06	0
4.35001e+06	0
4.35011e+06	0
4.35021e+06	0
4.35031e+06	0
4.35041e+06	0
4.35051e+06	0
4.35061e+06	0
4.35071e+06	0
4.35081e+06	0
4.35091e+06	0
4.35101e+06	0
4.35111e+06	0
4.35121e+06	0
4.35131e+06	0
4.35141e+06	0
4.35151e+06	0
4.35161e+06	0
4.35171e+06	0
4.35181e+06	0
4.35191e+06	0
4.35201e+06	0
4.35211e+06	0
4.35221e+06	0
4.35231e+06	0
4.35241e+06	0
4.35251e+06	0
4.35261e+06	0
4.35271e+06	0
4.35281e+06	0
4.35291e+06	0
4.35301e+06	0
4.35311e+06	0
4.35321e+06	0
4.35331e+06	0
4.35341e+06	0
4.35351e+06	0
4.35361e+06	0
4.35371e+06	0
4.35381e+06	0
4.35391e+06	0
4.35401e+06	0
4.35411e+06	0
4.35421e+06	0
4.35431e+06	0
4.35441e+06	0
4.35451e+06	0
4.35461e+06	0
4.35471e+06	0
4.35481e+06	0
4.35491e+06	0
4.35501e+06	0
4.35511e+06	0
4.35521e+06	0
4.35531e+06	0
4.35541e+06	0
4.35551e+06	0
4.35561e+06	0
4.35571e+06	0
4.35581e+06	0
4.35591e+06	0
4.35601e+06	0
4.35611e+06	0
4.35621e+06	0
4.35631e+06	0
4.35641e+06	0
4.35651e+06	0
4.35661e+06	0
4.35671e+06	0
4.35681e+06	0
4.35691e+06	0
4.35701e+06	0
4.35711e+06	0
4.35721e+06	0
4.35731e+06	0
4.35741e+06	0
4.35751e+06	0
4.35761e+06	0
4.35771e+06	0
4.35781e+06	0
4.35791e+06	0
4.35801e+06	0
4.35811e+06	0
4.35821e+06	0
4.35831e+06	0
4.35841e+06	0
4.35851e+06	0
4.35861e+06	0
4.35871e+06	0
4.35881e+06	0
4.35891e+06	0
4.35901e+06	0
4.35911e+06	0
4.35921e+06	0
4.35931e+06	0
4.35941e+06	0
4.35951e+06	0
4.35961e+06	0
4.35971e+06	0
4.35981e+06	0
4.35991e+06	0
4.36001e+06	0
4.36011e+06	0
4.36021e+06	0
4.36031e+06	0
4.36041e+06	0
4.36051e+06	0
4.36061e+06	0
4.36071e+06	0
4.36081e+06	0
4.36091e+06	0
4.36101e+06	0
4.36111e+06	0
4.36121e+06	0
4.36131e+06	0
4.36141e+06	0
4.36151e+06	0
4.36161e+06	0
4.36171e+06	0
4.36181e+06	0
4.36191e+06	0
4.36201e+06	0
4.36211e+06	0
4.36221e+06	0
4.36231e+06	0
4.36241e+06	0
4.36251e+06	0
4.36261e+06	0
4.36271e+06	0
4.36281e+06	0
4.36291e+06	0
4.36301e+06	0
4.36311e+06	0
4.36321e+06	0
4.36331e+06	0
4.36341e+06	0
4.36351e+06	0
4.36361e+06	0
4.36371e+06	0
4.36381e+06	0
4.36391e+06	0
4.36401e+06	0
4.36411e+06	0
4.36421e+06	0
4.36431e+06	0
4.36441e+06	0
4.36451e+06	0
4.36461e+06	0
4.36471e+06	0
4.36481e+06	0
4.36491e+06	0
4.36501e+06	0
4.36511e+06	0
4.36521e+06	0
4.36531e+06	0
4.36541e+06	0
4.36551e+06	0
4.36561e+06	0
4.36571e+06	0
4.36581e+06	0
4.36591e+06	0
4.36601e+06	0
4.36611e+06	0
4.36621e+06	0
4.36631e+06	0
4.36641e+06	0
4.36651e+06	0
4.36661e+06	0
4.36671e+06	0
4.36681e+06	0
4.36691e+06	0
4.36701e+06	0
4.36711e+06	0
4.36721e+06	0
4.36731e+06	0
4.36741e+06	0
4.36751e+06	0
4.36761e+06	0
4.36771e+06	0
4.36781e+06	0
4.36791e+06	0
4.36801e+06	0
4.36811e+06	0
4.36821e+06	0
4.36831e+06	0
4.36841e+06	0
4.36851e+06	0
4.36861e+06	0
4.36871e+06	0
4.36881e+06	0
4.36891e+06	0
4.36901e+06	0
4.36911e+06	0
4.36921e+06	0
4.36931e+06	0
4.36941e+06	0
4.36951e+06	0
4.36961e+06	0
4.36971e+06	0
4.36981e+06	0
4.36991e+06	0
4.37001e+06	0
4.37011e+06	0
4.37021e+06	0
4.37031e+06	0
4.37041e+06	0
4.37051e+06	0
4.37061e+06	0
4.37071e+06	0
4.37081e+06	0
4.37091e+06	0
4.37101e+06	0
4.37111e+06	0
4.37121e+06	0
4.37131e+06	0
4.37141e+06	0
4.37151e+06	0
4.37161e+06	0
4.37171e+06	0
4.37181e+06	0
4.37191e+06	0
4.37201e+06	0
4.37211e+06	0
4.37221e+06	0
4.37231e+06	0
4.37241e+06	0
4.37251e+06	0
4.37261e+06	0
4.37271e+06	0
4.37281e+06	0
4.37291e+06	0
4.37301e+06	0
4.37311e+06	0
4.37321e+06	0
4.37331e+06	0
4.37341e+06	0
4.37351e+06	0
4.37361e+06	0
4.37371e+06	0
4.37381e+06	0
4.37391e+06	0
4.37401e+06	0
4.37411e+06	0
4.37421e+06	0
4.37431e+06	0
4.37441e+06	0
4.37451e+06	0
4.37461e+06	0
4.37471e+06	0
4.37481e+06	0
4.37491e+06	0
4.37501e+06	0
4.37511e+06	0
4.37521e+06	0
4.37531e+06	0
4.37541e+06	0
4.37551e+06	0
4.37561e+06	0
4.37571e+06	0
4.37581e+06	0
4.37591e+06	0
4.37601e+06	0
4.37611e+06	0
4.37621e+06	0
4.37631e+06	0
4.37641e+06	0
4.37651e+06	0
4.37661e+06	0
4.37671e+06	0
4.37681e+06	0
4.37691e+06	0
4.37701e+06	0
4.37711e+06	0
4.37721e+06	0
4.37731e+06	0
4.37741e+06	0
4.37751e+06	0
4.37761e+06	0
4.37771e+06	0
4.37781e+06	0
4.37791e+06	0
4.37801e+06	0
4.37811e+06	0
4.37821e+06	0
4.37831e+06	0
4.37841e+06	0
4.37851e+06	0
4.37861e+06	0
4.37871e+06	0
4.37881e+06	0
4.37891e+06	0
4.37901e+06	0
4.37911e+06	0
4.37921e+06	0
4.37931e+06	0
4.37941e+06	0
4.37951e+06	0
4.37961e+06	0
4.37971e+06	0
4.37981e+06	0
4.37991e+06	0
4.38001e+06	0
4.38011e+06	0
4.38021e+06	0
4.38031e+06	0
4.38041e+06	0
4.38051e+06	0
4.38061e+06	0
4.38071e+06	0
4.38081e+06	0
4.38091e+06	0
4.38101e+06	0
4.38111e+06	0
4.38121e+06	0
4.38131e+06	0
4.38141e+06	1.13635e-322
4.38151e+06	5.22227e-321
4.38161e+06	2.42033e-319
4.38171e+06	1.11197e-317
4.38181e+06	5.05799e-316
4.38191e+06	2.27781e-314
4.38201e+06	1.01558e-312
4.38211e+06	4.48301e-311
4.38221e+06	1.95921e-309
4.38231e+06	8.47715e-308
4.38241e+06	3.63141e-306
4.38251e+06	1.54013e-304
4.38261e+06	6.46693e-303
4.38271e+06	2.6884e-301
4.38281e+06	1.10649e-299
4.38291e+06	4.50878e-298
4.38301e+06	1.81898e-296
4.38311e+06	7.26528e-295
4.38321e+06	2.87299e-293
4.38331e+06	1.1248e-291
4.38341e+06	4.35983e-290
4.38351e+06	1.6731e-288
4.38361e+06	6.35672e-287
4.38371e+06	2.39111e-285
4.38381e+06	8.90481e-284
4.38391e+06	3.28327e-282
4.38401e+06	1.19852e-280
4.38411e+06	4.33152e-279
4.38421e+06	1.54986e-277
4.38431e+06	5.49038e-276
4.38441e+06	1.92561e-274
4.38451e+06	6.68641e-273
4.38461e+06	2.29865e-271
4.38471e+06	7.82369e-270
4.38481e+06	2.63637e-268
4.38491e+06	8.79546e-267
4.38501e+06	2.90514e-265
4.38511e+06	9.50022e-264
4.38521e+06	3.07579e-262
4.38531e+06	9.85909e-261
4.38541e+06	3.12877e-259
4.38551e+06	9.83034e-258
4.38561e+06	3.05788e-256
4.38571e+06	9.41734e-255
4.38581e+06	2.8714e-253
4.38591e+06	8.66795e-252
4.38601e+06	2.59057e-250
4.38611e+06	7.66536e-249
4.38621e+06	2.24557e-247
4.38631e+06	6.51294e-246
4.38641e+06	1.87019e-244
4.38651e+06	5.31679e-243
4.38661e+06	1.49648e-241
4.38671e+06	4.17014e-240
4.38681e+06	1.1505e-238
4.38691e+06	3.14253e-237
4.38701e+06	8.49826e-236
4.38711e+06	2.27529e-234
4.38721e+06	6.03117e-233
4.38731e+06	1.58279e-231
4.38741e+06	4.11245e-230
4.38751e+06	1.05788e-228
4.38761e+06	2.69419e-227
4.38771e+06	6.79326e-226
4.38781e+06	1.69584e-224
4.38791e+06	4.1913e-223
4.38801e+06	1.02558e-221
4.38811e+06	2.48455e-220
4.38821e+06	5.95912e-219
4.38831e+06	1.41506e-217
4.38841e+06	3.32677e-216
4.38851e+06	7.74335e-215
4.38861e+06	1.7844e-213
4.38871e+06	4.0711e-212
4.38881e+06	9.19579e-211
4.38891e+06	2.05647e-209
4.38901e+06	4.55317e-208
4.38911e+06	9.98074e-207
4.38921e+06	2.16605e-205
4.38931e+06	4.65404e-204
4.38941e+06	9.90033e-203
4.38951e+06	2.0851e-201
4.38961e+06	4.3477e-200
4.38971e+06	8.97533e-199
4.38981e+06	1.83442e-197
4.38991e+06	3.71196e-196
4.39001e+06	7.43644e-195
4.39011e+06	1.47497e-193
4.39021e+06	2.89641e-192
4.39031e+06	5.63109e-191
4.39041e+06	1.08388e-189
4.39051e+06	2.06552e-188
4.39061e+06	3.89703e-187
4.39071e+06	7.27939e-186
4.39081e+06	1.34621e-184
4.39091e+06	2.46484e-183
4.39101e+06	4.46808e-182
4.39111e+06	8.01882e-181
4.39121e+06	1.42481e-179
4.39131e+06	2.50646e-178
4.39141e+06	4.36537e-177
4.39151e+06	7.52729e-176
4.39161e+06	1.28503e-174
4.39171e+06	2.17193e-173
4.39181e+06	3.63441e-172
4.39191e+06	6.02115e-171
4.39201e+06	9.87603e-170
4.39211e+06	1.60377e-168
4.39221e+06	2.57845e-167
4.39231e+06	4.10425e-166
4.39241e+06	6.46792e-165
4.39251e+06	1.00914e-163
4.39261e+06	1.55883e-162
4.39271e+06	2.38397e-161
4.39281e+06	3.6096e-160
4.39291e+06	5.41098e-159
4.39301e+06	8.03063e-158
4.39311e+06	1.17999e-156
4.39321e+06	1.71659e-155
4.39331e+06	2.47236e-154
4.39341e+06	3.52544e-153
4.39351e+06	4.97706e-152
4.39361e+06	6.95646e-151
4.39371e+06	9.62634e-150
4.39381e+06	1.31884e-148
4.39391e+06	1.78887e-147
4.39401e+06	2.40227e-146
4.39411e+06	3.19391e-145
4.39421e+06	4.20418e-144
4.39431e+06	5.47894e-143
4.39441e+06	7.06917e-142
4.39451e+06	9.03021e-141
4.39461e+06	1.14205e-139
4.39471e+06	1.42997e-138
4.39481e+06	1.77267e-137
4.39491e+06	2.17563e-136
4.39501e+06	2.64363e-135
4.39511e+06	3.18033e-134
4.39521e+06	3.78792e-133
4.39531e+06	4.46669e-132
4.39541e+06	5.21469e-131
4.39551e+06	6.02738e-130
4.39561e+06	6.8974e-129
4.39571e+06	7.81447e-128
4.39581e+06	8.76537e-127
4.39591e+06	9.73416e-126
4.39601e+06	1.07025e-124
4.39611e+06	1.165e-123
4.39621e+06	1.25552e-122
4.39631e+06	1.33962e-121
4.39641e+06	1.41512e-120
4.39651e+06	1.48001e-119
4.39661e+06	1.53247e-118
4.39671e+06	1.571e-117
4.39681e+06	1.59448e-116
4.39691e+06	1.6022e-115
4.39701e+06	1.59394e-114
4.39711e+06	1.56995e-113
4.39721e+06	1.53093e-112
4.39731e+06	1.47803e-111
4.39741e+06	1.41275e-110
4.39751e+06	1.33692e-109
4.39761e+06	1.25258e-108
4.39771e+06	1.16188e-107
4.39781e+06	1.06702e-106
4.39791e+06	9.70155e-106
4.39801e+06	8.73308e-105
4.39811e+06	7.78307e-104
4.39821e+06	6.86738e-103
4.39831e+06	5.99913e-102
4.39841e+06	5.18851e-101
4.39851e+06	4.44277e-100
4.39861e+06	3.76637e-99
4.39871e+06	3.16117e-98
4.39881e+06	2.62682e-97
4.39891e+06	2.16108e-96
4.39901e+06	1.76022e-95
4.39911e+06	1.41945e-94
4.39921e+06	1.13327e-93
4.39931e+06	8.95778e-93
4.39941e+06	7.01012e-92
4.39951e+06	5.43134e-91
4.39961e+06	4.16626e-90
4.39971e+06	3.16404e-89
4.39981e+06	2.37901e-88
4.39991e+06	1.77095e-87
4.40001e+06	1.30519e-86
4.40011e+06	9.52352e-86
4.40021e+06	6.87985e-85
4.40031e+06	4.92059e-84
4.40041e+06	3.48428e-83
4.40051e+06	2.44267e-82
4.40061e+06	1.69541e-81
4.40071e+06	1.16504e-80
4.40081e+06	7.92621e-80
4.40091e+06	5.33884e-79
4.40101e+06	3.56028e-78
4.40111e+06	2.3506e-77
4.40121e+06	1.5365e-76
4.40131e+06	9.94352e-76
4.40141e+06	6.37098e-75
4.40151e+06	4.04138e-74
4.40161e+06	2.53811e-73
4.40171e+06	1.57815e-72
4.40181e+06	9.71497e-72
4.40191e+06	5.92097e-71
4.40201e+06	3.57274e-70
4.40211e+06	2.13435e-69
4.40221e+06	1.26238e-68
4.40231e+06	7.39212e-68
4.40241e+06	4.28554e-67
4.40251e+06	2.4598e-66
4.40261e+06	1.39782e-65
4.40271e+06	7.86426e-65
4.40281e+06	4.38049e-64
4.40291e+06	2.41571e-63
4.40301e+06	1.31893e-62
4.40311e+06	7.12951e-62
4.40321e+06	3.81551e-61
4.40331e+06	2.02163e-60
4.40341e+06	1.0605e-59
4.40351e+06	5.50775e-59
4.40361e+06	2.83201e-58
4.40371e+06	1.4417e-57
4.40381e+06	7.26623e-57
4.40391e+06	3.62578e-56
4.40401e+06	1.79123e-55
4.40411e+06	8.76108e-55
4.40421e+06	4.24249e-54
4.40431e+06	2.03396e-53
4.40441e+06	9.65428e-53
4.40451e+06	4.53685e-52
4.40461e+06	2.1108e-51
4.40471e+06	9.72289e-51
4.40481e+06	4.43406e-50
4.40491e+06	2.002e-49
4.40501e+06	8.9492e-49
4.40511e+06	3.9606e-48
4.40521e+06	1.73538e-47
4.40531e+06	7.52813e-47
4.40541e+06	3.23322e-46
4.40551e+06	1.3748e-45
4.40561e+06	5.78766e-45
4.40571e+06	2.41225e-44
4.40581e+06	9.95403e-44
4.40591e+06	4.06661e-43
4.40601e+06	1.64484e-42
4.40611e+06	6.58674e-42
4.40621e+06	2.61141e-41
4.40631e+06	1.02503e-40
4.40641e+06	3.98342e-40
4.40651e+06	1.53261e-39
4.40661e+06	5.83801e-39
4.40671e+06	2.20168e-38
4.40681e+06	8.22057e-38
4.40691e+06	3.03883e-37
4.40701e+06	1.11216e-36
4.40711e+06	4.02982e-36
4.40721e+06	1.44564e-35
4.40731e+06	5.13444e-35
4.40741e+06	1.80544e-34
4.40751e+06	6.28535e-34
4.40761e+06	2.16637e-33
4.40771e+06	7.39253e-33
4.40781e+06	2.49753e-32
4.40791e+06	8.35383e-32
4.40801e+06	2.76641e-31
4.40811e+06	9.06997e-31
4.40821e+06	2.9441e-30
4.40831e+06	9.46139e-30
4.40841e+06	3.01033e-29
4.40851e+06	9.48269e-29
4.40861e+06	2.95737e-28
4.40871e+06	9.13139e-28
4.40881e+06	2.79142e-27
4.40891e+06	8.44832e-27
4.40901e+06	2.53147e-26
4.40911e+06	7.50986e-26
4.40921e+06	2.20571e-25
4.40931e+06	6.41389e-25
4.40941e+06	1.84651e-24
4.40951e+06	5.26308e-24
4.40961e+06	1.4852e-23
4.40971e+06	4.14941e-23
4.40981e+06	1.14774e-22
4.40991e+06	3.14312e-22
4.41001e+06	8.52184e-22
4.41011e+06	2.28751e-21
4.41021e+06	6.07925e-21
4.41031e+06	1.59954e-20
4.41041e+06	4.16673e-20
4.41051e+06	1.07462e-19
4.41061e+06	2.7439e-19
4.41071e+06	6.93651e-19
4.41081e+06	1.73608e-18
4.41091e+06	4.30186e-18
4.41101e+06	1.05536e-17
4.41111e+06	2.5633e-17
4.41121e+06	6.16393e-17
4.41131e+06	1.46748e-16
4.41141e+06	3.45895e-16
4.41151e+06	8.07184e-16
4.41161e+06	1.86491e-15
4.41171e+06	4.26581e-15
4.41181e+06	9.66053e-15
4.41191e+06	2.166e-14
4.41201e+06	4.80808e-14
4.41211e+06	1.05668e-13
4.41221e+06	2.29917e-13
4.41231e+06	4.95286e-13
4.41241e+06	1.05633e-12
4.41251e+06	2.23047e-12
4.41261e+06	4.66287e-12
4.41271e+06	9.65088e-12
4.41281e+06	1.97759e-11
4.41291e+06	4.01203e-11
4.41301e+06	8.05841e-11
4.41311e+06	1.60247e-10
4.41321e+06	3.15493e-10
4.41331e+06	6.14957e-10
4.41341e+06	1.18675e-09
4.41351e+06	2.2674e-09
4.41361e+06	4.28898e-09
4.41371e+06	8.03227e-09
4.41381e+06	1.48929e-08
4.41391e+06	2.73386e-08
4.41401e+06	4.96858e-08
4.41411e+06	8.94014e-08
4.41421e+06	1.59262e-07
4.41431e+06	2.80892e-07
4.41441e+06	4.90482e-07
4.41451e+06	8.47936e-07
4.41461e+06	1.45131e-06
4.41471e+06	2.45932e-06
4.41481e+06	4.12597e-06
4.41491e+06	6.85322e-06
4.41501e+06	1.12699e-05
4.41511e+06	1.83486e-05
4.41521e+06	2.95762e-05
4.41531e+06	4.71997e-05
4.41541e+06	7.4575e-05
4.41551e+06	0.000116655
4.41561e+06	0.000180664
4.41571e+06	0.000277011
4.41581e+06	0.000420513
4.41591e+06	0.000632002
4.41601e+06	0.000940404
4.41611e+06	0.00138538
4.41621e+06	0.00202059
4.41631e+06	0.00291773
4.41641e+06	0.00417128
4.41651e+06	0.00590406
4.41661e+06	0.0082735
4.41671e+06	0.0114785
4.41681e+06	0.0157666
4.41691e+06	0.0214411
4.41701e+06	0.0288678
4.41711e+06	0.0384802
4.41721e+06	0.050783
4.41731e+06	0.0663524
4.41741e+06	0.0858324
4.41751e+06	0.109927
4.41761e+06	0.139384
4.41771e+06	0.174976
4.41781e+06	0.217471
4.41791e+06	0.267597
4.41801e+06	0.326001
4.41811e+06	0.3932
4.41821e+06	0.469531
4.41831e+06	0.555102
4.41841e+06	0.649738
4.41851e+06	0.752941
4.41861e+06	0.863854
4.41871e+06	0.981244
4.41881e+06	1.1035
4.41891e+06	1.22863
4.41901e+06	1.35435
4.41911e+06	1.47807
4.41921e+06	1.59704
4.41931e+06	1.70842
4.41941e+06	1.80939
4.41951e+06	1.89725
4.41961e+06	1.96958
4.41971e+06	2.02433
4.41981e+06	2.0599
4.41991e+06	2.07523
4.42001e+06	2.06988
4.42011e+06	2.044
4.42021e+06	1.99836
4.42031e+06	1.9343
4.42041e+06	1.85366
4.42051e+06	1.75871
4.42061e+06	1.65201
4.42071e+06	1.53635
4.42081e+06	1.41458
4.42091e+06	1.28949
4.42101e+06	1.16377
4.42111e+06	1.03986
4.42121e+06	0.91989
4.42131e+06	0.805668
4.42141e+06	0.698607
4.42151e+06	0.599746
4.42161e+06	0.509752
4.42171e+06	0.42895
4.42181e+06	0.357365
4.42191e+06	0.294764
4.42201e+06	0.24071
4.42211e+06	0.194612
4.42221e+06	0.155777
4.42231e+06	0.123451
4.42241e+06	0.0968596
4.42251e+06	0.0752397
4.42261e+06	0.0578641
4.42271e+06	0.0440583
4.42281e+06	0.0332127
4.42291e+06	0.0247877
4.42301e+06	0.0183158
4.42311e+06	0.013399
4.42321e+06	0.00970461
4.42331e+06	0.00695888
4.42341e+06	0.00494034
4.42351e+06	0.00347242
4.42361e+06	0.00241638
4.42371e+06	0.00166477
4.42381e+06	0.00113554
4.42391e+06	0.000766839
4.42401e+06	0.000512702
4.42411e+06	0.000339377
4.42421e+06	0.000222411
4.42431e+06	0.000144307
4.42441e+06	9.26995e-05
4.42451e+06	5.89554e-05
4.42461e+06	3.71216e-05
4.42471e+06	2.31412e-05
4.42481e+06	1.42825e-05
4.42491e+06	8.72725e-06
4.42501e+06	5.27969e-06
4.42511e+06	3.16225e-06
4.42521e+06	1.87518e-06
4.42531e+06	1.10089e-06
4.42541e+06	6.39887e-07
4.42551e+06	3.68231e-07
4.42561e+06	2.09794e-07
4.42571e+06	1.18338e-07
4.42581e+06	6.60863e-08
4.42591e+06	3.65389e-08
4.42601e+06	2.00013e-08
4.42611e+06	1.08397e-08
4.42621e+06	5.8161e-09
4.42631e+06	3.08962e-09
4.42641e+06	1.62493e-09
4.42651e+06	8.461e-10
4.42661e+06	4.3618e-10
4.42671e+06	2.22621e-10
4.42681e+06	1.12493e-10
4.42691e+06	5.62782e-11
4.42701e+06	2.78748e-11
4.42711e+06	1.36691e-11
4.42721e+06	6.63633e-12
4.42731e+06	3.18986e-12
4.42741e+06	1.518e-12
4.42751e+06	7.15203e-13
4.42761e+06	3.33614e-13
4.42771e+06	1.54069e-13
4.42781e+06	7.0444e-14
4.42791e+06	3.18882e-14
4.42801e+06	1.42913e-14
4.42811e+06	6.34121e-15
4.42821e+06	2.78567e-15
4.42831e+06	1.21155e-15
4.42841e+06	5.21692e-16
4.42851e+06	2.22404e-16
4.42861e+06	9.38701e-17
4.42871e+06	3.92256e-17
4.42881e+06	1.62281e-17
4.42891e+06	6.64699e-18
4.42901e+06	2.69549e-18
4.42911e+06	1.0822e-18
4.42921e+06	4.30166e-19
4.42931e+06	1.69286e-19
4.42941e+06	6.59572e-20
4.42951e+06	2.54425e-20
4.42961e+06	9.71664e-21
4.42971e+06	3.67391e-21
4.42981e+06	1.3753e-21
4.42991e+06	5.09713e-22
4.43001e+06	1.87029e-22
4.43011e+06	6.79439e-23
4.43021e+06	2.4437e-23
4.43031e+06	8.70168e-24
4.43041e+06	3.06772e-24
4.43051e+06	1.07074e-24
4.43061e+06	3.70008e-25
4.43071e+06	1.26588e-25
4.43081e+06	4.2878e-26
4.43091e+06	1.43791e-26
4.43101e+06	4.77404e-27
4.43111e+06	1.56927e-27
4.43121e+06	5.107e-28
4.43131e+06	1.64548e-28
4.43141e+06	5.24897e-29
4.43151e+06	1.65773e-29
4.43161e+06	5.18335e-30
4.43171e+06	1.60459e-30
4.43181e+06	4.91785e-31
4.43191e+06	1.49226e-31
4.43201e+06	4.483e-32
4.43211e+06	1.33337e-32
4.43221e+06	3.92635e-33
4.43231e+06	1.14468e-33
4.43241e+06	3.30399e-34
4.43251e+06	9.44167e-35
4.43261e+06	2.67126e-35
4.43271e+06	7.4824e-36
4.43281e+06	2.07502e-36
4.43291e+06	5.69719e-37
4.43301e+06	1.54866e-37
4.43311e+06	4.16782e-38
4.43321e+06	1.1105e-38
4.43331e+06	2.92944e-39
4.43341e+06	7.65083e-40
4.43351e+06	1.97829e-40
4.43361e+06	5.06439e-41
4.43371e+06	1.28358e-41
4.43381e+06	3.22088e-42
4.43391e+06	8.00172e-43
4.43401e+06	1.96811e-43
4.43411e+06	4.79261e-44
4.43421e+06	1.15545e-44
4.43431e+06	2.75797e-45
4.43441e+06	6.51755e-46
4.43451e+06	1.52488e-46
4.43461e+06	3.53219e-47
4.43471e+06	8.10046e-48
4.43481e+06	1.83921e-48
4.43491e+06	4.13439e-49
4.43501e+06	9.20128e-50
4.43511e+06	2.02741e-50
4.43521e+06	4.42275e-51
4.43531e+06	9.55213e-52
4.43541e+06	2.04251e-52
4.43551e+06	4.32401e-53
4.43561e+06	9.06288e-54
4.43571e+06	1.88062e-54
4.43581e+06	3.86363e-55
4.43591e+06	7.8586e-56
4.43601e+06	1.58253e-56
4.43611e+06	3.15513e-57
4.43621e+06	6.22785e-58
4.43631e+06	1.21707e-58
4.43641e+06	2.35479e-59
4.43651e+06	4.5107e-60
4.43661e+06	8.55448e-61
4.43671e+06	1.6062e-61
4.43681e+06	2.98582e-62
4.43691e+06	5.49524e-63
4.43701e+06	1.00145e-63
4.43711e+06	1.81527e-64
4.43721e+06	3.72321e-65
4.43731e+06	3.30571e-65
4.43741e+06	1.50027e-64
4.43751e+06	8.04068e-64
4.43761e+06	4.2933e-63
4.43771e+06	2.27004e-62
4.43781e+06	1.18833e-61
4.43791e+06	6.15878e-61
4.43801e+06	3.16018e-60
4.43811e+06	1.60541e-59
4.43821e+06	8.0745e-59
4.43831e+06	4.02072e-58
4.43841e+06	1.9822e-57
4.43851e+06	9.67498e-57
4.43861e+06	4.67529e-56
4.43871e+06	2.23679e-55
4.43881e+06	1.05949e-54
4.43891e+06	4.96853e-54
4.43901e+06	2.30683e-53
4.43911e+06	1.06037e-52
4.43921e+06	4.8257e-52
4.43931e+06	2.17429e-51
4.43941e+06	9.69915e-51
4.43951e+06	4.28357e-50
4.43961e+06	1.87299e-49
4.43971e+06	8.10815e-49
4.43981e+06	3.47508e-48
4.43991e+06	1.47457e-47
4.44001e+06	6.19475e-47
4.44011e+06	2.57655e-46
4.44021e+06	1.06099e-45
4.44031e+06	4.32552e-45
4.44041e+06	1.74592e-44
4.44051e+06	6.97698e-44
4.44061e+06	2.76037e-43
4.44071e+06	1.08125e-42
4.44081e+06	4.19313e-42
4.44091e+06	1.60994e-41
4.44101e+06	6.11981e-41
4.44111e+06	2.30315e-40
4.44121e+06	8.58154e-40
4.44131e+06	3.16566e-39
4.44141e+06	1.15617e-38
4.44151e+06	4.18056e-38
4.44161e+06	1.4966e-37
4.44171e+06	5.30435e-37
4.44181e+06	1.8613e-36
4.44191e+06	6.46634e-36
4.44201e+06	2.22412e-35
4.44211e+06	7.57379e-35
4.44221e+06	2.55344e-34
4.44231e+06	8.52307e-34
4.44241e+06	2.81659e-33
4.44251e+06	9.21525e-33
4.44261e+06	2.98502e-32
4.44271e+06	9.57296e-32
4.44281e+06	3.03949e-31
4.44291e+06	9.55462e-31
4.44301e+06	2.9736e-30
4.44311e+06	9.1624e-30
4.44321e+06	2.79507e-29
4.44331e+06	8.44176e-29
4.44341e+06	2.52424e-28
4.44351e+06	7.47283e-28
4.44361e+06	2.19026e-27
4.44371e+06	6.35573e-27
4.44381e+06	1.82596e-26
4.44391e+06	5.19366e-26
4.44401e+06	1.46256e-25
4.44411e+06	4.07765e-25
4.44421e+06	1.12555e-24
4.44431e+06	3.07592e-24
4.44441e+06	8.3223e-24
4.44451e+06	2.2293e-23
4.44461e+06	5.91222e-23
4.44471e+06	1.55235e-22
4.44481e+06	4.0354e-22
4.44491e+06	1.03858e-21
4.44501e+06	2.64637e-21
4.44511e+06	6.67601e-21
4.44521e+06	1.66741e-20
4.44531e+06	4.12309e-20
4.44541e+06	1.0094e-19
4.44551e+06	2.44657e-19
4.44561e+06	5.87098e-19
4.44571e+06	1.39483e-18
4.44581e+06	3.28085e-18
4.44591e+06	7.64031e-18
4.44601e+06	1.76154e-17
4.44611e+06	4.02096e-17
4.44621e+06	9.08709e-17
4.44631e+06	2.03318e-16
4.44641e+06	4.50387e-16
4.44651e+06	9.87762e-16
4.44661e+06	2.14474e-15
4.44671e+06	4.61058e-15
4.44681e+06	9.8128e-15
4.44691e+06	2.0677e-14
4.44701e+06	4.31359e-14
4.44711e+06	8.90938e-14
4.44721e+06	1.82185e-13
4.44731e+06	3.68838e-13
4.44741e+06	7.39291e-13
4.44751e+06	1.46707e-12
4.44761e+06	2.88235e-12
4.44771e+06	5.60657e-12
4.44781e+06	1.0797e-11
4.44791e+06	2.05859e-11
4.44801e+06	3.8859e-11
4.44811e+06	7.26225e-11
4.44821e+06	1.34371e-10
4.44831e+06	2.4615e-10
4.44841e+06	4.46427e-10
4.44851e+06	8.016e-10
4.44861e+06	1.42502e-09
4.44871e+06	2.50809e-09
4.44881e+06	4.37041e-09
4.44891e+06	7.53976e-09
4.44901e+06	1.28781e-08
4.44911e+06	2.17771e-08
4.44921e+06	3.64592e-08
4.44931e+06	6.04325e-08
4.44941e+06	9.91725e-08
4.44951e+06	1.61127e-07
4.44961e+06	2.59181e-07
4.44971e+06	4.12758e-07
4.44981e+06	6.50796e-07
4.44991e+06	1.0159e-06
4.45001e+06	1.57005e-06
4.45011e+06	2.40234e-06
4.45021e+06	3.63925e-06
4.45031e+06	5.45816e-06
4.45041e+06	8.10471e-06
4.45051e+06	1.19148e-05
4.45061e+06	1.73417e-05
4.45071e+06	2.49893e-05
4.45081e+06	3.56511e-05
4.45091e+06	5.03558e-05
4.45101e+06	7.0418e-05
4.45111e+06	9.74932e-05
4.45121e+06	0.000133636
4.45131e+06	0.000181354
4.45141e+06	0.000243663
4.45151e+06	0.000324122
4.45161e+06	0.000426858
4.45171e+06	0.000556566
4.45181e+06	0.000718467
4.45191e+06	0.000918236
4.45201e+06	0.00116187
4.45211e+06	0.00145553
4.45221e+06	0.00180525
4.45231e+06	0.00221673
4.45241e+06	0.00269492
4.45251e+06	0.00324366
4.45261e+06	0.00386529
4.45271e+06	0.00456022
4.45281e+06	0.00532656
4.45291e+06	0.00615977
4.45301e+06	0.00705243
4.45311e+06	0.00799412
4.45321e+06	0.00897139
4.45331e+06	0.00996795
4.45341e+06	0.010965
4.45351e+06	0.0119418
4.45361e+06	0.0128761
4.45371e+06	0.0137455
4.45381e+06	0.0145275
4.45391e+06	0.0152013
4.45401e+06	0.015748
4.45411e+06	0.016152
4.45421e+06	0.0164016
4.45431e+06	0.0164893
4.45441e+06	0.0164126
4.45451e+06	0.0161736
4.45461e+06	0.0157796
4.45471e+06	0.0152419
4.45481e+06	0.0145761
4.45491e+06	0.0138007
4.45501e+06	0.0129365
4.45511e+06	0.0120058
4.45521e+06	0.0110311
4.45531e+06	0.0100347
4.45541e+06	0.00903755
4.45551e+06	0.00805845
4.45561e+06	0.00711394
4.45571e+06	0.00621764
4.45581e+06	0.00538019
4.45591e+06	0.00460922
4.45601e+06	0.00390943
4.45611e+06	0.00328289
4.45621e+06	0.00272934
4.45631e+06	0.00224655
4.45641e+06	0.00183075
4.45651e+06	0.00147707
4.45661e+06	0.00117986
4.45671e+06	0.000933074
4.45681e+06	0.000730565
4.45691e+06	0.000566316
4.45701e+06	0.000434626
4.45711e+06	0.00033024
4.45721e+06	0.000248428
4.45731e+06	0.000185025
4.45741e+06	0.000136431
4.45751e+06	9.95994e-05
4.45761e+06	7.19873e-05
4.45771e+06	5.15125e-05
4.45781e+06	3.64944e-05
4.45791e+06	2.55974e-05
4.45801e+06	1.77756e-05
4.45811e+06	1.22211e-05
4.45821e+06	8.3186e-06
4.45831e+06	5.60595e-06
4.45841e+06	3.74029e-06
4.45851e+06	2.47069e-06
4.45861e+06	1.6158e-06
4.45871e+06	1.0462e-06
4.45881e+06	6.70654e-07
4.45891e+06	4.25637e-07
4.45901e+06	2.67447e-07
4.45911e+06	1.66377e-07
4.45921e+06	1.02472e-07
4.45931e+06	6.24848e-08
