1.45692e+06	3.01785e-05
1.45702e+06	4.95077e-05
1.45712e+06	8.04092e-05
1.45722e+06	0.000129299
1.45732e+06	0.000205846
1.45742e+06	0.000324449
1.45752e+06	0.0005063
1.45762e+06	0.000782214
1.45772e+06	0.00119647
1.45782e+06	0.0018119
1.45792e+06	0.00271658
1.45802e+06	0.00403245
1.45812e+06	0.00592614
1.45822e+06	0.00862249
1.45832e+06	0.0124208
1.45842e+06	0.0177143
1.45852e+06	0.0250124
1.45862e+06	0.0349659
1.45872e+06	0.0483939
1.45882e+06	0.0663122
1.45892e+06	0.0899608
1.45902e+06	0.120829
1.45912e+06	0.160673
1.45922e+06	0.211531
1.45932e+06	0.275717
1.45942e+06	0.355802
1.45952e+06	0.45458
1.45962e+06	0.575002
1.45972e+06	0.720088
1.45982e+06	0.89281
1.45992e+06	1.09595
1.46002e+06	1.33192
1.46012e+06	1.60259
1.46022e+06	1.90907
1.46032e+06	2.25155
1.46042e+06	2.62904
1.46052e+06	3.03927
1.46062e+06	3.47856
1.46072e+06	3.94172
1.46082e+06	4.42212
1.46092e+06	4.91169
1.46102e+06	5.40118
1.46112e+06	5.88036
1.46122e+06	6.33835
1.46132e+06	6.76403
1.46142e+06	7.14647
1.46152e+06	7.47541
1.46162e+06	7.74168
1.46172e+06	7.93766
1.46182e+06	8.05762
1.46192e+06	8.09801
1.46202e+06	8.05762
1.46212e+06	7.93766
1.46222e+06	7.74168
1.46232e+06	7.47541
1.46242e+06	7.14647
1.46252e+06	6.76403
1.46262e+06	6.33835
1.46272e+06	5.88036
1.46282e+06	5.40118
1.46292e+06	4.91169
1.46302e+06	4.42212
1.46312e+06	3.94172
1.46322e+06	3.47856
1.46332e+06	3.03927
1.46342e+06	2.62904
1.46352e+06	2.25155
1.46362e+06	1.90907
1.46372e+06	1.60259
1.46382e+06	1.33192
1.46392e+06	1.09595
1.46402e+06	0.89281
1.46412e+06	0.720088
1.46422e+06	0.575002
1.46432e+06	0.45458
1.46442e+06	0.355802
1.46452e+06	0.275717
1.46462e+06	0.211531
1.46472e+06	0.160673
1.46482e+06	0.120829
1.46492e+06	0.0899608
1.46502e+06	0.0663122
1.46512e+06	0.0483939
1.46522e+06	0.0349659
1.46532e+06	0.0250124
1.46542e+06	0.0177143
1.46552e+06	0.0124208
1.46562e+06	0.00862249
1.46572e+06	0.00592614
1.46582e+06	0.00403245
1.46592e+06	0.00271658
1.46602e+06	0.0018119
1.46612e+06	0.00119647
1.46622e+06	0.000782214
1.46632e+06	0.0005063
1.46642e+06	0.000324449
1.46652e+06	0.000205846
1.46662e+06	0.000129299
1.46672e+06	8.04092e-05
1.46682e+06	4.95077e-05
1.46692e+06	3.01785e-05
1.46702e+06	1.82129e-05
1.46712e+06	1.08822e-05
1.46722e+06	6.43743e-06
1.46732e+06	3.7702e-06
1.46742e+06	2.18612e-06
1.46752e+06	1.25499e-06
1.46762e+06	7.13287e-07
1.46772e+06	4.0137e-07
1.46782e+06	2.23606e-07
1.46792e+06	1.23333e-07
1.46802e+06	6.73487e-08
1.46812e+06	3.64115e-08
1.46822e+06	1.94897e-08
1.46832e+06	1.03283e-08
1.46842e+06	5.41885e-09
1.46852e+06	2.81478e-09
1.46862e+06	1.44757e-09
1.46872e+06	7.37038e-10
1.46882e+06	3.71534e-10
1.46892e+06	1.85423e-10
1.46902e+06	9.16191e-11
1.46912e+06	4.48193e-11
1.46922e+06	2.17071e-11
1.46932e+06	1.04087e-11
1.46942e+06	4.94135e-12
1.46952e+06	2.32249e-12
1.46962e+06	1.08073e-12
1.46972e+06	4.97898e-13
1.46982e+06	2.27101e-13
1.46992e+06	1.02555e-13
1.47002e+06	4.58509e-14
1.47012e+06	2.02954e-14
1.47022e+06	8.89416e-15
1.47032e+06	3.85895e-15
1.47042e+06	1.65764e-15
1.47052e+06	7.04966e-16
1.47062e+06	2.96827e-16
1.47072e+06	1.23736e-16
1.47082e+06	5.10676e-17
1.47092e+06	2.08666e-17
1.47102e+06	8.44142e-18
1.47112e+06	3.38093e-18
1.47122e+06	1.34064e-18
1.47132e+06	5.26318e-19
1.47142e+06	2.04569e-19
1.47152e+06	7.87206e-20
1.47162e+06	2.99912e-20
1.47172e+06	1.13125e-20
1.47182e+06	4.22452e-21
1.47192e+06	1.5619e-21
1.47202e+06	5.71726e-22
1.47212e+06	2.07195e-22
1.47222e+06	7.43408e-23
1.47232e+06	2.64078e-23
1.47242e+06	9.28742e-24
1.47252e+06	3.23381e-24
1.47262e+06	1.11478e-24
1.47272e+06	3.80473e-25
1.47282e+06	1.28563e-25
1.47292e+06	4.30093e-26
1.47302e+06	1.42451e-26
1.47312e+06	4.6712e-27
1.47322e+06	1.51652e-27
1.47332e+06	4.87442e-28
1.47342e+06	1.55116e-28
1.47352e+06	4.88704e-29
1.47362e+06	1.52438e-29
1.47372e+06	4.70757e-30
1.47382e+06	1.43932e-30
1.47392e+06	4.35688e-31
1.47402e+06	1.30572e-31
1.47412e+06	3.87421e-32
1.47422e+06	1.13808e-32
1.47432e+06	3.30993e-33
1.47442e+06	9.53064e-34
1.47452e+06	2.71695e-34
1.47462e+06	7.66831e-35
1.47472e+06	2.14276e-35
1.47482e+06	5.92797e-36
1.47492e+06	1.62366e-36
1.47502e+06	4.40291e-37
1.47512e+06	1.18207e-37
1.47522e+06	3.14198e-38
1.47532e+06	8.26837e-39
1.47542e+06	2.15424e-39
1.47552e+06	5.5568e-40
1.47562e+06	1.4191e-40
1.47572e+06	3.58804e-41
1.47582e+06	8.98173e-42
1.47592e+06	2.22597e-42
1.47602e+06	5.46179e-43
1.47612e+06	1.32681e-43
1.47622e+06	3.19109e-44
1.47632e+06	7.59847e-45
1.47642e+06	1.79131e-45
1.47652e+06	4.18093e-46
1.47662e+06	9.6612e-47
1.47672e+06	2.21028e-47
1.47682e+06	5.00633e-48
1.47692e+06	1.12266e-48
1.47702e+06	2.4925e-49
1.47712e+06	5.47873e-50
1.47722e+06	1.19229e-50
1.47732e+06	2.56885e-51
1.47742e+06	5.47966e-52
1.47752e+06	1.15725e-52
1.47762e+06	2.41966e-53
1.47772e+06	5.00889e-54
1.47782e+06	1.02656e-54
1.47792e+06	2.08298e-55
1.47802e+06	4.18448e-56
1.47812e+06	8.32255e-57
1.47822e+06	1.63881e-57
1.47832e+06	3.19489e-58
1.47842e+06	6.16655e-59
1.47852e+06	1.17838e-59
1.47862e+06	2.22938e-60
1.47872e+06	4.17581e-61
1.47882e+06	7.74381e-62
1.47892e+06	1.42176e-62
1.47902e+06	2.58436e-63
1.47912e+06	4.65092e-64
1.47922e+06	8.28668e-65
1.47932e+06	1.46177e-65
1.47942e+06	2.55291e-66
1.47952e+06	4.41417e-67
1.47962e+06	7.55647e-68
1.47972e+06	1.2807e-68
1.47982e+06	2.14897e-69
1.47992e+06	3.57003e-70
1.48002e+06	5.87179e-71
1.48012e+06	9.5615e-72
1.48022e+06	1.54148e-72
1.48032e+06	2.46042e-73
1.48042e+06	3.88808e-74
1.48052e+06	6.08301e-75
1.48062e+06	9.42236e-76
1.48072e+06	1.44497e-76
1.48082e+06	2.19388e-77
1.48092e+06	3.2978e-78
1.48102e+06	4.90787e-79
1.48112e+06	7.23135e-80
1.48122e+06	1.05488e-80
1.48132e+06	1.5235e-81
1.48142e+06	2.17841e-82
1.48152e+06	3.08386e-83
1.48162e+06	4.32221e-84
1.48172e+06	5.99755e-85
1.48182e+06	8.23947e-86
1.48192e+06	1.12068e-86
1.48202e+06	1.50911e-87
1.48212e+06	2.01195e-88
1.48222e+06	2.65566e-89
1.48232e+06	3.47042e-90
1.48242e+06	4.49004e-91
1.48252e+06	5.75142e-92
1.48262e+06	7.29385e-93
1.48272e+06	9.1579e-94
1.48282e+06	1.13839e-94
1.48292e+06	1.40102e-95
1.48302e+06	1.70709e-96
1.48312e+06	2.05931e-97
1.48322e+06	2.4595e-98
1.48332e+06	2.90822e-99
1.48342e+06	3.4046e-100
1.48352e+06	3.94604e-101
1.48362e+06	4.52808e-102
1.48372e+06	5.14427e-103
1.48382e+06	5.78616e-104
1.48392e+06	6.44338e-105
1.48402e+06	7.10386e-106
1.48412e+06	7.75411e-107
1.48422e+06	8.37967e-108
1.48432e+06	8.96559e-109
1.48442e+06	9.49702e-110
1.48452e+06	9.95987e-111
1.48462e+06	1.03413e-111
1.48472e+06	1.06306e-112
1.48482e+06	1.08192e-113
1.48492e+06	1.09015e-114
1.48502e+06	1.08752e-115
1.48512e+06	1.07411e-116
1.48522e+06	1.0503e-117
1.48532e+06	1.0168e-118
1.48542e+06	9.74577e-120
1.48552e+06	9.25275e-121
1.48562e+06	9.1999e-122
1.48572e+06	6.33358e-122
1.48582e+06	5.91786e-121
1.48592e+06	6.25941e-120
1.48602e+06	6.56291e-119
1.48612e+06	6.81272e-118
1.48622e+06	7.00168e-117
1.48632e+06	7.12427e-116
1.48642e+06	7.17689e-115
1.48652e+06	7.15795e-114
1.48662e+06	7.06803e-113
1.48672e+06	6.9098e-112
1.48682e+06	6.68789e-111
1.48692e+06	6.4087e-110
1.48702e+06	6.08006e-109
1.48712e+06	5.71088e-108
1.48722e+06	5.31074e-107
1.48732e+06	4.88949e-106
1.48742e+06	4.45687e-105
1.48752e+06	4.0221e-104
1.48762e+06	3.59363e-103
1.48772e+06	3.17886e-102
1.48782e+06	2.78397e-101
1.48792e+06	2.41388e-100
1.48802e+06	2.07217e-99
1.48812e+06	1.76113e-98
1.48822e+06	1.48188e-97
1.48832e+06	1.2345e-96
1.48842e+06	1.01819e-95
1.48852e+06	8.31425e-95
1.48862e+06	6.72162e-94
1.48872e+06	5.37999e-93
1.48882e+06	4.26331e-92
1.48892e+06	3.34479e-91
1.48902e+06	2.59805e-90
1.48912e+06	1.99795e-89
1.48922e+06	1.52117e-88
1.48932e+06	1.14664e-87
1.48942e+06	8.55725e-87
1.48952e+06	6.32264e-86
1.48962e+06	4.62509e-85
1.48972e+06	3.34964e-84
1.48982e+06	2.40178e-83
1.48992e+06	1.70501e-82
1.49002e+06	1.19833e-81
1.49012e+06	8.33839e-81
1.49022e+06	5.74442e-80
1.49032e+06	3.91802e-79
1.49042e+06	2.64572e-78
1.49052e+06	1.7688e-77
1.49062e+06	1.17077e-76
1.49072e+06	7.67221e-76
1.49082e+06	4.97767e-75
1.49092e+06	3.19734e-74
1.49102e+06	2.03334e-73
1.49112e+06	1.28023e-72
1.49122e+06	7.98033e-72
1.49132e+06	4.92507e-71
1.49142e+06	3.00927e-70
1.49152e+06	1.8204e-69
1.49162e+06	1.09026e-68
1.49172e+06	6.46469e-68
1.49182e+06	3.79511e-67
1.49192e+06	2.20576e-66
1.49202e+06	1.26925e-65
1.49212e+06	7.23097e-65
1.49222e+06	4.07851e-64
1.49232e+06	2.27752e-63
1.49242e+06	1.25916e-62
1.49252e+06	6.8922e-62
1.49262e+06	3.735e-61
1.49272e+06	2.00392e-60
1.49282e+06	1.06446e-59
1.49292e+06	5.59799e-59
1.49302e+06	2.9147e-58
1.49312e+06	1.50249e-57
1.49322e+06	7.66809e-57
1.49332e+06	3.87453e-56
1.49342e+06	1.93825e-55
1.49352e+06	9.59965e-55
1.49362e+06	4.70716e-54
1.49372e+06	2.28518e-53
1.49382e+06	1.09834e-52
1.49392e+06	5.22651e-52
1.49402e+06	2.46232e-51
1.49412e+06	1.1485e-50
1.49422e+06	5.30369e-50
1.49432e+06	2.42483e-49
1.49442e+06	1.09759e-48
1.49452e+06	4.91879e-48
1.49462e+06	2.18239e-47
1.49472e+06	9.58658e-47
1.49482e+06	4.16919e-46
1.49492e+06	1.79513e-45
1.49502e+06	7.65243e-45
1.49512e+06	3.22967e-44
1.49522e+06	1.34951e-43
1.49532e+06	5.58276e-43
1.49542e+06	2.28654e-42
1.49552e+06	9.27186e-42
1.49562e+06	3.7223e-41
1.49572e+06	1.47949e-40
1.49582e+06	5.822e-40
1.49592e+06	2.26823e-39
1.49602e+06	8.74905e-39
1.49612e+06	3.34111e-38
1.49622e+06	1.26322e-37
1.49632e+06	4.72848e-37
1.49642e+06	1.75236e-36
1.49652e+06	6.42955e-36
1.49662e+06	2.33559e-35
1.49672e+06	8.39979e-35
1.49682e+06	2.99087e-34
1.49692e+06	1.05435e-33
1.49702e+06	3.67983e-33
1.49712e+06	1.27153e-32
1.49722e+06	4.34996e-32
1.49732e+06	1.47333e-31
1.49742e+06	4.94051e-31
1.49752e+06	1.64021e-30
1.49762e+06	5.39121e-30
1.49772e+06	1.7544e-29
1.49782e+06	5.65235e-29
1.49792e+06	1.80296e-28
1.49802e+06	5.69377e-28
1.49812e+06	1.78021e-27
1.49822e+06	5.5106e-27
1.49832e+06	1.68882e-26
1.49842e+06	5.1242e-26
1.49852e+06	1.53931e-25
1.49862e+06	4.57806e-25
1.49872e+06	1.34802e-24
1.49882e+06	3.92976e-24
1.49892e+06	1.13421e-23
1.49902e+06	3.24099e-23
1.49912e+06	9.16894e-23
1.49922e+06	2.56813e-22
1.49932e+06	7.12153e-22
1.49942e+06	1.95518e-21
1.49952e+06	5.31442e-21
1.49962e+06	1.43015e-20
1.49972e+06	3.81037e-20
1.49982e+06	1.0051e-19
1.49992e+06	2.62486e-19
1.50002e+06	6.78674e-19
1.50012e+06	1.73729e-18
1.50022e+06	4.40294e-18
1.50032e+06	1.10476e-17
1.50042e+06	2.74443e-17
1.50052e+06	6.74982e-17
1.50062e+06	1.64358e-16
1.50072e+06	3.96227e-16
1.50082e+06	9.45705e-16
1.50092e+06	2.23473e-15
1.50102e+06	5.22817e-15
1.50112e+06	1.21097e-14
1.50122e+06	2.77698e-14
1.50132e+06	6.30477e-14
1.50142e+06	1.41717e-13
1.50152e+06	3.1538e-13
1.50162e+06	6.94867e-13
1.50172e+06	1.51575e-12
1.50182e+06	3.27347e-12
1.50192e+06	6.99919e-12
1.50202e+06	1.48165e-11
1.50212e+06	3.10526e-11
1.50222e+06	6.44329e-11
1.50232e+06	1.32366e-10
1.50242e+06	2.69215e-10
1.50252e+06	5.42102e-10
1.50262e+06	1.08074e-09
1.50272e+06	2.13312e-09
1.50282e+06	4.16838e-09
1.50292e+06	8.0645e-09
1.50302e+06	1.5447e-08
1.50312e+06	2.92933e-08
1.50322e+06	5.49982e-08
1.50332e+06	1.02232e-07
1.50342e+06	1.8814e-07
1.50352e+06	3.42794e-07
1.50362e+06	6.18362e-07
1.50372e+06	1.10436e-06
1.50382e+06	1.95268e-06
1.50392e+06	3.41832e-06
1.50402e+06	5.92447e-06
1.50412e+06	1.01659e-05
1.50422e+06	1.72701e-05
1.50432e+06	2.90472e-05
1.50442e+06	4.83692e-05
1.50452e+06	7.97429e-05
1.50462e+06	0.000130158
1.50472e+06	0.000210333
1.50482e+06	0.000336513
1.50492e+06	0.000533031
1.50502e+06	0.000835912
1.50512e+06	0.00129785
1.50522e+06	0.00199502
1.50532e+06	0.00303617
1.50542e+06	0.0045747
1.50552e+06	0.00682426
1.50562e+06	0.0100787
1.50572e+06	0.0147371
1.50582e+06	0.0213342
1.50592e+06	0.0305773
1.50602e+06	0.0433887
1.50612e+06	0.0609554
1.50622e+06	0.0847822
1.50632e+06	0.116749
1.50642e+06	0.15917
1.50652e+06	0.214845
1.50662e+06	0.287108
1.50672e+06	0.37986
1.50682e+06	0.497574
1.50692e+06	0.645283
1.50702e+06	0.828512
1.50712e+06	1.05319
1.50722e+06	1.32546
1.50732e+06	1.65154
1.50742e+06	2.03735
1.50752e+06	2.48828
1.50762e+06	3.00878
1.50772e+06	3.60196
1.50782e+06	4.26918
1.50792e+06	5.00964
1.50802e+06	5.82005
1.50812e+06	6.69427
1.50822e+06	7.62319
1.50832e+06	8.59463
1.50842e+06	9.59345
1.50852e+06	10.6018
1.50862e+06	11.5996
1.50872e+06	12.5649
1.50882e+06	13.4752
1.50892e+06	14.3077
1.50902e+06	15.0404
1.50912e+06	15.6533
1.50922e+06	16.1291
1.50932e+06	16.454
1.50942e+06	16.6184
1.50952e+06	16.6175
1.50962e+06	16.4512
1.50972e+06	16.1245
1.50982e+06	15.6471
1.50992e+06	15.0327
1.51002e+06	14.2987
1.51012e+06	13.4653
1.51022e+06	12.5542
1.51032e+06	11.5884
1.51042e+06	10.5904
1.51052e+06	9.58201
1.51062e+06	8.58341
1.51072e+06	7.61237
1.51082e+06	6.684
1.51092e+06	5.81046
1.51102e+06	5.00083
1.51112e+06	4.26118
1.51122e+06	3.59481
1.51132e+06	3.00246
1.51142e+06	2.48277
1.51152e+06	2.03261
1.51162e+06	1.64751
1.51172e+06	1.32208
1.51182e+06	1.05038
1.51192e+06	0.826209
1.51202e+06	0.643416
1.51212e+06	0.496078
1.51222e+06	0.378675
1.51232e+06	0.28618
1.51242e+06	0.214126
1.51252e+06	0.158619
1.51262e+06	0.116332
1.51272e+06	0.0844697
1.51282e+06	0.0607238
1.51292e+06	0.043219
1.51302e+06	0.0304542
1.51312e+06	0.0212459
1.51322e+06	0.0146745
1.51332e+06	0.0100347
1.51342e+06	0.0067937
1.51352e+06	0.00455369
1.51362e+06	0.00302189
1.51372e+06	0.00198541
1.51382e+06	0.00129145
1.51392e+06	0.000831696
1.51402e+06	0.000530282
1.51412e+06	0.00033474
1.51422e+06	0.000209201
1.51432e+06	0.000129443
1.51442e+06	7.92956e-05
1.51452e+06	4.80925e-05
1.51462e+06	2.88777e-05
1.51472e+06	1.71674e-05
1.51482e+06	1.01042e-05
1.51492e+06	5.88789e-06
1.51502e+06	3.39683e-06
1.51512e+06	1.94019e-06
1.51522e+06	1.09716e-06
1.51532e+06	6.14265e-07
1.51542e+06	3.40485e-07
1.51552e+06	1.86851e-07
1.51562e+06	1.0152e-07
1.51572e+06	5.4609e-08
1.51582e+06	2.90827e-08
1.51592e+06	1.53342e-08
1.51602e+06	8.0047e-09
1.51612e+06	4.137e-09
1.51622e+06	2.11682e-09
1.51632e+06	1.07236e-09
1.51642e+06	5.37838e-10
1.51652e+06	2.67067e-10
1.51662e+06	1.31295e-10
1.51672e+06	6.39043e-11
1.51682e+06	3.07943e-11
1.51692e+06	1.46916e-11
1.51702e+06	6.9394e-12
1.51712e+06	3.24514e-12
1.51722e+06	1.50246e-12
1.51732e+06	6.88697e-13
1.51742e+06	3.12544e-13
1.51752e+06	1.40427e-13
1.51762e+06	6.24665e-14
1.51772e+06	2.75107e-14
1.51782e+06	1.19953e-14
1.51792e+06	5.17821e-15
1.51802e+06	2.21312e-15
1.51812e+06	9.36455e-16
1.51822e+06	3.92307e-16
1.51832e+06	1.62713e-16
1.51842e+06	6.68152e-17
1.51852e+06	2.71635e-17
1.51862e+06	1.09333e-17
1.51872e+06	4.3569e-18
1.51882e+06	1.71893e-18
1.51892e+06	6.71425e-19
1.51902e+06	2.59653e-19
1.51912e+06	9.94136e-20
1.51922e+06	3.76839e-20
1.51932e+06	1.41424e-20
1.51942e+06	5.25468e-21
1.51952e+06	1.93298e-21
1.51962e+06	7.03987e-22
1.51972e+06	2.5384e-22
1.51982e+06	9.06174e-23
1.51992e+06	3.20273e-23
1.52002e+06	1.12069e-23
1.52012e+06	3.88249e-24
1.52022e+06	1.33165e-24
1.52032e+06	4.52197e-25
1.52042e+06	1.52027e-25
1.52052e+06	5.06026e-26
1.52062e+06	1.66756e-26
1.52072e+06	5.4406e-27
1.52082e+06	1.7574e-27
1.52092e+06	5.62017e-28
1.52102e+06	1.77945e-28
1.52112e+06	5.57802e-29
1.52122e+06	1.73113e-29
1.52132e+06	5.3191e-30
1.52142e+06	1.61809e-30
1.52152e+06	4.87332e-31
1.52162e+06	1.45313e-31
1.52172e+06	4.28983e-32
1.52182e+06	1.25381e-32
1.52192e+06	3.62814e-33
1.52202e+06	1.03942e-33
1.52212e+06	2.94819e-34
1.52222e+06	8.27897e-35
1.52232e+06	2.30173e-35
1.52242e+06	6.33564e-36
1.52252e+06	1.72656e-36
1.52262e+06	4.65835e-37
1.52272e+06	1.24434e-37
1.52282e+06	3.29081e-38
1.52292e+06	8.61635e-39
1.52302e+06	2.23358e-39
1.52312e+06	5.73239e-40
1.52322e+06	1.45656e-40
1.52332e+06	3.66418e-41
1.52342e+06	9.12605e-42
1.52352e+06	2.25033e-42
1.52362e+06	5.49371e-43
1.52372e+06	1.32783e-43
1.52382e+06	3.17744e-44
1.52392e+06	7.52781e-45
1.52402e+06	1.7657e-45
1.52412e+06	4.10036e-46
1.52422e+06	9.42724e-47
1.52432e+06	2.14587e-47
1.52442e+06	4.83594e-48
1.52452e+06	1.07898e-48
1.52462e+06	2.38344e-49
1.52472e+06	5.21258e-50
1.52482e+06	1.12865e-50
1.52492e+06	2.41946e-51
1.52502e+06	5.13497e-52
1.52512e+06	1.07898e-52
1.52522e+06	2.24464e-53
1.52532e+06	4.62314e-54
1.52542e+06	9.42723e-55
1.52552e+06	1.90322e-55
1.52562e+06	3.80408e-56
1.52572e+06	7.52779e-57
1.52582e+06	1.47483e-57
1.52592e+06	2.86072e-58
1.52602e+06	5.4937e-59
1.52612e+06	1.04451e-59
1.52622e+06	1.96614e-60
1.52632e+06	3.66417e-61
1.52642e+06	6.76072e-62
1.52652e+06	1.235e-62
1.52662e+06	2.23357e-63
1.52672e+06	3.99934e-64
1.52682e+06	7.08981e-65
1.52692e+06	1.24433e-65
1.52702e+06	2.16221e-66
1.52712e+06	3.71975e-67
1.52722e+06	6.33561e-68
1.52732e+06	1.06836e-68
1.52742e+06	1.78364e-69
1.52752e+06	2.94817e-70
1.52762e+06	4.82453e-71
1.52772e+06	7.81654e-72
1.52782e+06	1.25381e-72
1.52792e+06	1.99115e-73
1.52802e+06	3.13065e-74
1.52812e+06	4.87329e-75
1.52822e+06	7.51047e-76
1.52832e+06	1.14596e-76
1.52842e+06	1.73112e-77
1.52852e+06	2.58907e-78
1.52862e+06	3.83369e-79
1.52872e+06	5.62013e-80
1.52882e+06	8.15705e-81
1.52892e+06	1.17213e-81
1.52902e+06	1.66755e-82
1.52912e+06	2.34875e-83
1.52922e+06	3.27531e-84
1.52932e+06	4.52193e-85
1.52942e+06	6.18092e-86
1.52952e+06	8.3645e-87
1.52962e+06	1.12068e-87
1.52972e+06	1.48656e-88
1.52982e+06	1.95228e-89
1.52992e+06	2.53837e-90
1.53002e+06	3.26759e-91
1.53012e+06	4.16443e-92
1.53022e+06	5.25463e-93
1.53032e+06	6.56424e-94
1.53042e+06	8.11866e-95
1.53052e+06	9.94126e-96
1.53062e+06	1.20519e-96
1.53072e+06	1.44653e-97
1.53082e+06	1.71892e-98
1.53092e+06	2.02227e-99
1.53102e+06	2.35549e-100
1.53112e+06	2.71632e-101
1.53122e+06	3.10125e-102
1.53132e+06	3.50551e-103
1.53142e+06	3.92303e-104
1.53152e+06	4.34659e-105
1.53162e+06	4.76797e-106
1.53172e+06	5.17815e-107
1.53182e+06	5.56767e-108
1.53192e+06	5.92692e-109
1.53202e+06	6.24657e-110
1.53212e+06	6.51796e-111
1.53222e+06	6.73346e-112
1.53232e+06	6.88688e-113
1.53242e+06	6.9737e-114
1.53252e+06	6.99135e-115
1.53262e+06	6.93931e-116
1.53272e+06	6.81912e-117
1.53282e+06	6.63434e-118
1.53292e+06	6.39034e-119
1.53302e+06	6.09407e-120
1.53312e+06	5.7537e-121
1.53322e+06	5.3783e-122
1.53332e+06	4.97736e-123
1.53342e+06	4.56048e-124
1.53352e+06	4.13694e-125
1.53362e+06	3.7154e-126
1.53372e+06	3.3036e-127
1.53382e+06	2.90822e-128
1.53392e+06	2.53469e-129
1.53402e+06	2.18715e-130
1.53412e+06	1.86848e-131
1.53422e+06	1.58036e-132
1.53432e+06	1.32337e-133
1.53442e+06	1.09715e-134
1.53452e+06	9.0054e-136
1.53462e+06	7.31812e-137
1.53472e+06	5.88779e-138
1.53482e+06	4.68989e-139
1.53492e+06	3.69854e-140
1.53502e+06	2.88772e-141
1.53512e+06	2.23222e-142
1.53522e+06	1.70834e-143
1.53532e+06	1.2944e-144
1.53542e+06	9.71008e-146
1.53552e+06	7.21161e-147
1.53562e+06	5.30273e-148
1.53572e+06	3.86032e-149
1.53582e+06	2.7823e-150
1.53592e+06	1.98537e-151
1.53602e+06	1.40261e-152
1.53612e+06	9.81044e-154
1.53622e+06	6.79356e-155
1.53632e+06	4.65762e-156
1.53642e+06	3.16145e-157
1.53652e+06	2.12455e-158
1.53662e+06	1.41353e-159
1.53672e+06	9.31105e-161
1.53682e+06	6.07226e-162
1.53692e+06	3.92065e-163
1.53702e+06	2.50625e-164
1.53712e+06	1.58616e-165
1.53722e+06	9.93862e-167
1.53732e+06	6.16542e-168
1.53742e+06	3.78666e-169
1.53752e+06	2.30254e-170
1.53762e+06	1.38617e-171
1.53772e+06	8.2619e-173
1.53782e+06	4.87531e-174
1.53792e+06	2.84827e-175
1.53802e+06	1.64747e-176
1.53812e+06	9.43431e-178
1.53822e+06	5.34885e-179
1.53832e+06	3.00239e-180
1.53842e+06	1.66852e-181
1.53852e+06	9.18022e-183
1.53862e+06	5.00071e-184
1.53872e+06	2.69691e-185
1.53882e+06	1.43999e-186
1.53892e+06	7.61218e-188
1.53902e+06	3.98397e-189
1.53912e+06	2.06433e-190
1.53922e+06	1.05901e-191
1.53932e+06	5.37871e-193
1.53942e+06	2.70466e-194
1.53952e+06	1.34649e-195
1.53962e+06	6.63672e-197
1.53972e+06	3.23862e-198
1.53982e+06	1.56467e-199
1.53992e+06	7.48415e-201
1.54002e+06	3.54421e-202
1.54012e+06	1.66171e-203
1.54022e+06	7.71339e-205
1.54032e+06	3.54482e-206
1.54042e+06	1.61287e-207
1.54052e+06	7.26543e-209
1.54062e+06	3.24027e-210
1.54072e+06	1.43073e-211
1.54082e+06	6.25448e-213
1.54092e+06	2.70696e-214
1.54102e+06	1.15992e-215
1.54112e+06	4.92078e-217
1.54122e+06	2.06679e-218
1.54132e+06	8.59439e-220
1.54142e+06	3.53827e-221
1.54152e+06	1.44219e-222
1.54162e+06	5.81988e-224
1.54172e+06	2.3252e-225
1.54182e+06	9.1974e-227
1.54192e+06	3.60186e-228
1.54202e+06	1.39651e-229
1.54212e+06	5.36068e-231
1.54222e+06	2.03729e-232
1.54232e+06	7.66552e-234
1.54242e+06	2.85554e-235
1.54252e+06	1.05315e-236
1.54262e+06	3.84549e-238
1.54272e+06	1.39018e-239
1.54282e+06	4.97559e-241
1.54292e+06	1.7631e-242
1.54302e+06	6.18536e-244
1.54312e+06	2.14838e-245
1.54322e+06	7.38778e-247
1.54332e+06	2.51521e-248
1.54342e+06	8.47795e-250
1.54352e+06	2.82921e-251
1.54362e+06	9.34751e-253
1.54372e+06	3.05763e-254
1.54382e+06	9.90215e-256
1.54392e+06	3.17491e-257
1.54402e+06	1.00784e-258
1.54412e+06	3.16743e-260
1.54422e+06	9.85556e-262
1.54432e+06	3.03607e-263
1.54442e+06	9.25975e-265
1.54452e+06	2.79604e-266
1.54462e+06	8.35883e-268
1.54472e+06	2.47403e-269
1.54482e+06	7.2497e-271
1.54492e+06	2.10326e-272
1.54502e+06	6.0412e-274
1.54512e+06	1.71795e-275
1.54522e+06	4.83675e-277
1.54532e+06	1.3482e-278
1.54542e+06	3.7206e-280
1.54552e+06	1.01655e-281
1.54562e+06	2.7498e-283
1.54572e+06	7.36427e-285
1.54582e+06	1.95261e-286
1.54592e+06	5.12578e-288
1.54602e+06	1.33217e-289
1.54612e+06	3.42782e-291
1.54622e+06	8.73237e-293
1.54632e+06	2.20244e-294
1.54642e+06	5.49962e-296
1.54652e+06	1.35962e-297
1.54662e+06	3.32783e-299
1.54672e+06	8.06419e-301
1.54682e+06	1.93472e-302
1.54692e+06	4.59549e-304
1.54702e+06	1.08069e-305
1.54712e+06	2.51612e-307
1.54722e+06	5.79984e-309
1.54732e+06	1.3236e-310
1.54742e+06	2.99059e-312
1.54752e+06	6.68981e-314
1.54762e+06	1.48159e-315
1.54772e+06	3.24861e-317
1.54782e+06	7.05249e-319
1.54792e+06	1.51283e-320
1.54802e+06	3.31024e-322
1.54812e+06	0
1.54822e+06	0
1.54832e+06	0
1.54842e+06	0
1.54852e+06	0
1.54862e+06	0
1.54872e+06	0
1.54882e+06	0
1.54892e+06	0
1.54902e+06	0
1.54912e+06	0
1.54922e+06	0
1.54932e+06	0
1.54942e+06	0
1.54952e+06	0
1.54962e+06	0
1.54972e+06	0
1.54982e+06	0
1.54992e+06	0
1.55002e+06	0
1.55012e+06	0
1.55022e+06	0
1.55032e+06	0
1.55042e+06	0
1.55052e+06	0
1.55062e+06	0
1.55072e+06	0
1.55082e+06	0
1.55092e+06	0
1.55102e+06	0
1.55112e+06	0
1.55122e+06	0
1.55132e+06	0
1.55142e+06	0
1.55152e+06	0
1.55162e+06	0
1.55172e+06	0
1.55182e+06	0
1.55192e+06	0
1.55202e+06	0
1.55212e+06	0
1.55222e+06	0
1.55232e+06	0
1.55242e+06	0
1.55252e+06	0
1.55262e+06	0
1.55272e+06	0
1.55282e+06	0
1.55292e+06	0
1.55302e+06	0
1.55312e+06	0
1.55322e+06	0
1.55332e+06	0
1.55342e+06	0
1.55352e+06	0
1.55362e+06	0
1.55372e+06	0
1.55382e+06	0
1.55392e+06	0
1.55402e+06	0
1.55412e+06	0
1.55422e+06	0
1.55432e+06	0
1.55442e+06	0
1.55452e+06	0
1.55462e+06	0
1.55472e+06	0
1.55482e+06	0
1.55492e+06	0
1.55502e+06	0
1.55512e+06	0
1.55522e+06	0
1.55532e+06	0
1.55542e+06	0
1.55552e+06	0
1.55562e+06	0
1.55572e+06	0
1.55582e+06	0
1.55592e+06	0
1.55602e+06	0
1.55612e+06	0
1.55622e+06	0
1.55632e+06	0
1.55642e+06	0
1.55652e+06	0
1.55662e+06	0
1.55672e+06	0
1.55682e+06	0
1.55692e+06	0
1.55702e+06	0
1.55712e+06	0
1.55722e+06	0
1.55732e+06	0
1.55742e+06	0
1.55752e+06	0
1.55762e+06	0
1.55772e+06	0
1.55782e+06	0
1.55792e+06	0
1.55802e+06	0
1.55812e+06	0
1.55822e+06	0
1.55832e+06	0
1.55842e+06	0
1.55852e+06	0
1.55862e+06	0
1.55872e+06	0
1.55882e+06	0
1.55892e+06	0
1.55902e+06	0
1.55912e+06	0
1.55922e+06	0
1.55932e+06	0
1.55942e+06	0
1.55952e+06	0
1.55962e+06	0
1.55972e+06	0
1.55982e+06	0
1.55992e+06	0
1.56002e+06	0
1.56012e+06	0
1.56022e+06	0
1.56032e+06	0
1.56042e+06	0
1.56052e+06	0
1.56062e+06	0
1.56072e+06	0
1.56082e+06	0
1.56092e+06	0
1.56102e+06	0
1.56112e+06	0
1.56122e+06	0
1.56132e+06	0
1.56142e+06	0
1.56152e+06	0
1.56162e+06	0
1.56172e+06	0
1.56182e+06	0
1.56192e+06	0
1.56202e+06	0
1.56212e+06	0
1.56222e+06	0
1.56232e+06	0
1.56242e+06	0
1.56252e+06	0
1.56262e+06	0
1.56272e+06	0
1.56282e+06	0
1.56292e+06	0
1.56302e+06	0
1.56312e+06	0
1.56322e+06	0
1.56332e+06	0
1.56342e+06	0
1.56352e+06	0
1.56362e+06	0
1.56372e+06	0
1.56382e+06	0
1.56392e+06	0
1.56402e+06	0
1.56412e+06	0
1.56422e+06	0
1.56432e+06	0
1.56442e+06	0
1.56452e+06	0
1.56462e+06	0
1.56472e+06	0
1.56482e+06	0
1.56492e+06	0
1.56502e+06	0
1.56512e+06	0
1.56522e+06	0
1.56532e+06	0
1.56542e+06	0
1.56552e+06	0
1.56562e+06	0
1.56572e+06	0
1.56582e+06	0
1.56592e+06	0
1.56602e+06	0
1.56612e+06	0
1.56622e+06	0
1.56632e+06	0
1.56642e+06	0
1.56652e+06	0
1.56662e+06	0
1.56672e+06	0
1.56682e+06	0
1.56692e+06	0
1.56702e+06	0
1.56712e+06	0
1.56722e+06	0
1.56732e+06	0
1.56742e+06	0
1.56752e+06	0
1.56762e+06	0
1.56772e+06	0
1.56782e+06	0
1.56792e+06	0
1.56802e+06	0
1.56812e+06	0
1.56822e+06	0
1.56832e+06	0
1.56842e+06	0
1.56852e+06	0
1.56862e+06	0
1.56872e+06	0
1.56882e+06	0
1.56892e+06	0
1.56902e+06	0
1.56912e+06	0
1.56922e+06	0
1.56932e+06	0
1.56942e+06	0
1.56952e+06	0
1.56962e+06	0
1.56972e+06	0
1.56982e+06	0
1.56992e+06	0
1.57002e+06	0
1.57012e+06	0
1.57022e+06	0
1.57032e+06	0
1.57042e+06	0
1.57052e+06	0
1.57062e+06	0
1.57072e+06	0
1.57082e+06	0
1.57092e+06	0
1.57102e+06	0
1.57112e+06	0
1.57122e+06	0
1.57132e+06	0
1.57142e+06	0
1.57152e+06	0
1.57162e+06	0
1.57172e+06	0
1.57182e+06	0
1.57192e+06	0
1.57202e+06	0
1.57212e+06	0
1.57222e+06	0
1.57232e+06	0
1.57242e+06	0
1.57252e+06	0
1.57262e+06	0
1.57272e+06	0
1.57282e+06	0
1.57292e+06	0
1.57302e+06	0
1.57312e+06	0
1.57322e+06	0
1.57332e+06	0
1.57342e+06	0
1.57352e+06	0
1.57362e+06	0
1.57372e+06	0
1.57382e+06	0
1.57392e+06	0
1.57402e+06	0
1.57412e+06	0
1.57422e+06	0
1.57432e+06	0
1.57442e+06	0
1.57452e+06	0
1.57462e+06	0
1.57472e+06	0
1.57482e+06	0
1.57492e+06	0
1.57502e+06	0
1.57512e+06	0
1.57522e+06	0
1.57532e+06	0
1.57542e+06	0
1.57552e+06	0
1.57562e+06	0
1.57572e+06	0
1.57582e+06	0
1.57592e+06	0
1.57602e+06	0
1.57612e+06	0
1.57622e+06	0
1.57632e+06	0
1.57642e+06	0
1.57652e+06	0
1.57662e+06	0
1.57672e+06	0
1.57682e+06	0
1.57692e+06	0
1.57702e+06	0
1.57712e+06	0
1.57722e+06	0
1.57732e+06	0
1.57742e+06	0
1.57752e+06	0
1.57762e+06	0
1.57772e+06	0
1.57782e+06	0
1.57792e+06	0
1.57802e+06	0
1.57812e+06	0
1.57822e+06	0
1.57832e+06	0
1.57842e+06	0
1.57852e+06	0
1.57862e+06	0
1.57872e+06	0
1.57882e+06	0
1.57892e+06	0
1.57902e+06	0
1.57912e+06	0
1.57922e+06	0
1.57932e+06	0
1.57942e+06	0
1.57952e+06	0
1.57962e+06	0
1.57972e+06	0
1.57982e+06	0
1.57992e+06	0
1.58002e+06	0
1.58012e+06	0
1.58022e+06	0
1.58032e+06	0
1.58042e+06	0
1.58052e+06	0
1.58062e+06	0
1.58072e+06	0
1.58082e+06	0
1.58092e+06	0
1.58102e+06	0
1.58112e+06	0
1.58122e+06	0
1.58132e+06	0
1.58142e+06	0
1.58152e+06	0
1.58162e+06	0
1.58172e+06	0
1.58182e+06	0
1.58192e+06	0
1.58202e+06	0
1.58212e+06	0
1.58222e+06	0
1.58232e+06	0
1.58242e+06	0
1.58252e+06	0
1.58262e+06	0
1.58272e+06	0
1.58282e+06	0
1.58292e+06	0
1.58302e+06	0
1.58312e+06	0
1.58322e+06	0
1.58332e+06	0
1.58342e+06	0
1.58352e+06	0
1.58362e+06	0
1.58372e+06	0
1.58382e+06	0
1.58392e+06	0
1.58402e+06	0
1.58412e+06	0
1.58422e+06	0
1.58432e+06	0
1.58442e+06	0
1.58452e+06	0
1.58462e+06	0
1.58472e+06	0
1.58482e+06	0
1.58492e+06	0
1.58502e+06	0
1.58512e+06	0
1.58522e+06	0
1.58532e+06	0
1.58542e+06	0
1.58552e+06	0
1.58562e+06	0
1.58572e+06	0
1.58582e+06	0
1.58592e+06	0
1.58602e+06	0
1.58612e+06	0
1.58622e+06	0
1.58632e+06	0
1.58642e+06	0
1.58652e+06	0
1.58662e+06	0
1.58672e+06	0
1.58682e+06	0
1.58692e+06	0
1.58702e+06	0
1.58712e+06	0
1.58722e+06	0
1.58732e+06	0
1.58742e+06	0
1.58752e+06	0
1.58762e+06	0
1.58772e+06	0
1.58782e+06	0
1.58792e+06	0
1.58802e+06	0
1.58812e+06	0
1.58822e+06	0
1.58832e+06	0
1.58842e+06	0
1.58852e+06	0
1.58862e+06	0
1.58872e+06	0
1.58882e+06	0
1.58892e+06	0
1.58902e+06	0
1.58912e+06	0
1.58922e+06	0
1.58932e+06	0
1.58942e+06	0
1.58952e+06	0
1.58962e+06	0
1.58972e+06	0
1.58982e+06	0
1.58992e+06	0
1.59002e+06	0
1.59012e+06	0
1.59022e+06	0
1.59032e+06	0
1.59042e+06	0
1.59052e+06	0
1.59062e+06	0
1.59072e+06	0
1.59082e+06	0
1.59092e+06	0
1.59102e+06	0
1.59112e+06	0
1.59122e+06	0
1.59132e+06	0
1.59142e+06	0
1.59152e+06	0
1.59162e+06	0
1.59172e+06	0
1.59182e+06	0
1.59192e+06	0
1.59202e+06	0
1.59212e+06	0
1.59222e+06	0
1.59232e+06	0
1.59242e+06	0
1.59252e+06	0
1.59262e+06	0
1.59272e+06	0
1.59282e+06	0
1.59292e+06	0
1.59302e+06	0
1.59312e+06	0
1.59322e+06	0
1.59332e+06	0
1.59342e+06	0
1.59352e+06	0
1.59362e+06	0
1.59372e+06	0
1.59382e+06	0
1.59392e+06	0
1.59402e+06	0
1.59412e+06	0
1.59422e+06	0
1.59432e+06	0
1.59442e+06	0
1.59452e+06	0
1.59462e+06	0
1.59472e+06	0
1.59482e+06	0
1.59492e+06	0
1.59502e+06	0
1.59512e+06	0
1.59522e+06	0
1.59532e+06	0
1.59542e+06	0
1.59552e+06	0
1.59562e+06	0
1.59572e+06	0
1.59582e+06	0
1.59592e+06	0
1.59602e+06	0
1.59612e+06	0
1.59622e+06	0
1.59632e+06	0
1.59642e+06	0
1.59652e+06	0
1.59662e+06	0
1.59672e+06	0
1.59682e+06	0
1.59692e+06	0
1.59702e+06	0
1.59712e+06	0
1.59722e+06	0
1.59732e+06	0
1.59742e+06	0
1.59752e+06	0
1.59762e+06	0
1.59772e+06	0
1.59782e+06	0
1.59792e+06	0
1.59802e+06	0
1.59812e+06	0
1.59822e+06	0
1.59832e+06	0
1.59842e+06	0
1.59852e+06	0
1.59862e+06	0
1.59872e+06	0
1.59882e+06	0
1.59892e+06	0
1.59902e+06	0
1.59912e+06	0
1.59922e+06	0
1.59932e+06	0
1.59942e+06	0
1.59952e+06	0
1.59962e+06	0
1.59972e+06	0
1.59982e+06	0
1.59992e+06	0
1.60002e+06	0
1.60012e+06	0
1.60022e+06	0
1.60032e+06	0
1.60042e+06	0
1.60052e+06	0
1.60062e+06	0
1.60072e+06	0
1.60082e+06	0
1.60092e+06	0
1.60102e+06	0
1.60112e+06	0
1.60122e+06	0
1.60132e+06	0
1.60142e+06	0
1.60152e+06	0
1.60162e+06	0
1.60172e+06	0
1.60182e+06	0
1.60192e+06	0
1.60202e+06	0
1.60212e+06	0
1.60222e+06	0
1.60232e+06	0
1.60242e+06	0
1.60252e+06	0
1.60262e+06	0
1.60272e+06	0
1.60282e+06	0
1.60292e+06	0
1.60302e+06	0
1.60312e+06	0
1.60322e+06	0
1.60332e+06	0
1.60342e+06	0
1.60352e+06	0
1.60362e+06	0
1.60372e+06	0
1.60382e+06	0
1.60392e+06	0
1.60402e+06	0
1.60412e+06	0
1.60422e+06	0
1.60432e+06	0
1.60442e+06	0
1.60452e+06	0
1.60462e+06	0
1.60472e+06	0
1.60482e+06	0
1.60492e+06	0
1.60502e+06	0
1.60512e+06	0
1.60522e+06	0
1.60532e+06	0
1.60542e+06	0
1.60552e+06	0
1.60562e+06	0
1.60572e+06	0
1.60582e+06	0
1.60592e+06	0
1.60602e+06	0
1.60612e+06	0
1.60622e+06	0
1.60632e+06	0
1.60642e+06	0
1.60652e+06	0
1.60662e+06	0
1.60672e+06	0
1.60682e+06	0
1.60692e+06	0
1.60702e+06	0
1.60712e+06	0
1.60722e+06	0
1.60732e+06	0
1.60742e+06	0
1.60752e+06	0
1.60762e+06	0
1.60772e+06	0
1.60782e+06	0
1.60792e+06	0
1.60802e+06	0
1.60812e+06	0
1.60822e+06	0
1.60832e+06	0
1.60842e+06	0
1.60852e+06	0
1.60862e+06	0
1.60872e+06	0
1.60882e+06	0
1.60892e+06	0
1.60902e+06	0
1.60912e+06	0
1.60922e+06	0
1.60932e+06	0
1.60942e+06	0
1.60952e+06	0
1.60962e+06	0
1.60972e+06	0
1.60982e+06	0
1.60992e+06	0
1.61002e+06	0
1.61012e+06	0
1.61022e+06	0
1.61032e+06	0
1.61042e+06	0
1.61052e+06	0
1.61062e+06	0
1.61072e+06	0
1.61082e+06	0
1.61092e+06	0
1.61102e+06	0
1.61112e+06	0
1.61122e+06	0
1.61132e+06	0
1.61142e+06	0
1.61152e+06	0
1.61162e+06	0
1.61172e+06	0
1.61182e+06	0
1.61192e+06	0
1.61202e+06	0
1.61212e+06	0
1.61222e+06	0
1.61232e+06	0
1.61242e+06	0
1.61252e+06	0
1.61262e+06	0
1.61272e+06	0
1.61282e+06	0
1.61292e+06	0
1.61302e+06	0
1.61312e+06	0
1.61322e+06	0
1.61332e+06	0
1.61342e+06	0
1.61352e+06	0
1.61362e+06	0
1.61372e+06	0
1.61382e+06	0
1.61392e+06	0
1.61402e+06	0
1.61412e+06	0
1.61422e+06	0
1.61432e+06	0
1.61442e+06	0
1.61452e+06	0
1.61462e+06	0
1.61472e+06	0
1.61482e+06	0
1.61492e+06	0
1.61502e+06	0
1.61512e+06	0
1.61522e+06	0
1.61532e+06	0
1.61542e+06	0
1.61552e+06	0
1.61562e+06	0
1.61572e+06	0
1.61582e+06	0
1.61592e+06	0
1.61602e+06	0
1.61612e+06	0
1.61622e+06	0
1.61632e+06	0
1.61642e+06	0
1.61652e+06	0
1.61662e+06	0
1.61672e+06	0
1.61682e+06	0
1.61692e+06	0
1.61702e+06	0
1.61712e+06	0
1.61722e+06	0
1.61732e+06	0
1.61742e+06	0
1.61752e+06	0
1.61762e+06	0
1.61772e+06	0
1.61782e+06	0
1.61792e+06	0
1.61802e+06	0
1.61812e+06	0
1.61822e+06	0
1.61832e+06	0
1.61842e+06	0
1.61852e+06	0
1.61862e+06	0
1.61872e+06	0
1.61882e+06	0
1.61892e+06	0
1.61902e+06	0
1.61912e+06	0
1.61922e+06	0
1.61932e+06	0
1.61942e+06	0
1.61952e+06	0
1.61962e+06	0
1.61972e+06	0
1.61982e+06	0
1.61992e+06	0
1.62002e+06	0
1.62012e+06	0
1.62022e+06	0
1.62032e+06	0
1.62042e+06	0
1.62052e+06	0
1.62062e+06	0
1.62072e+06	0
1.62082e+06	0
1.62092e+06	0
1.62102e+06	0
1.62112e+06	0
1.62122e+06	0
1.62132e+06	0
1.62142e+06	0
1.62152e+06	0
1.62162e+06	0
1.62172e+06	0
1.62182e+06	0
1.62192e+06	0
1.62202e+06	0
1.62212e+06	0
1.62222e+06	0
1.62232e+06	0
1.62242e+06	0
1.62252e+06	0
1.62262e+06	0
1.62272e+06	0
1.62282e+06	0
1.62292e+06	0
1.62302e+06	0
1.62312e+06	0
1.62322e+06	0
1.62332e+06	0
1.62342e+06	0
1.62352e+06	0
1.62362e+06	0
1.62372e+06	0
1.62382e+06	0
1.62392e+06	0
1.62402e+06	0
1.62412e+06	0
1.62422e+06	0
1.62432e+06	0
1.62442e+06	0
1.62452e+06	0
1.62462e+06	0
1.62472e+06	0
1.62482e+06	0
1.62492e+06	0
1.62502e+06	0
1.62512e+06	0
1.62522e+06	0
1.62532e+06	0
1.62542e+06	0
1.62552e+06	0
1.62562e+06	0
1.62572e+06	0
1.62582e+06	0
1.62592e+06	0
1.62602e+06	0
1.62612e+06	0
1.62622e+06	0
1.62632e+06	0
1.62642e+06	0
1.62652e+06	0
1.62662e+06	0
1.62672e+06	0
1.62682e+06	0
1.62692e+06	0
1.62702e+06	0
1.62712e+06	0
1.62722e+06	0
1.62732e+06	0
1.62742e+06	0
1.62752e+06	0
1.62762e+06	0
1.62772e+06	0
1.62782e+06	0
1.62792e+06	0
1.62802e+06	0
1.62812e+06	0
1.62822e+06	0
1.62832e+06	0
1.62842e+06	0
1.62852e+06	0
1.62862e+06	0
1.62872e+06	0
1.62882e+06	0
1.62892e+06	0
1.62902e+06	0
1.62912e+06	0
1.62922e+06	0
1.62932e+06	0
1.62942e+06	0
1.62952e+06	0
1.62962e+06	0
1.62972e+06	0
1.62982e+06	0
1.62992e+06	0
1.63002e+06	0
1.63012e+06	0
1.63022e+06	0
1.63032e+06	0
1.63042e+06	0
1.63052e+06	0
1.63062e+06	0
1.63072e+06	0
1.63082e+06	0
1.63092e+06	0
1.63102e+06	0
1.63112e+06	0
1.63122e+06	0
1.63132e+06	0
1.63142e+06	0
1.63152e+06	0
1.63162e+06	0
1.63172e+06	0
1.63182e+06	0
1.63192e+06	0
1.63202e+06	0
1.63212e+06	0
1.63222e+06	0
1.63232e+06	0
1.63242e+06	0
1.63252e+06	0
1.63262e+06	0
1.63272e+06	0
1.63282e+06	0
1.63292e+06	0
1.63302e+06	0
1.63312e+06	0
1.63322e+06	0
1.63332e+06	0
1.63342e+06	0
1.63352e+06	0
1.63362e+06	0
1.63372e+06	0
1.63382e+06	0
1.63392e+06	0
1.63402e+06	0
1.63412e+06	0
1.63422e+06	0
1.63432e+06	0
1.63442e+06	0
1.63452e+06	0
1.63462e+06	0
1.63472e+06	0
1.63482e+06	0
1.63492e+06	0
1.63502e+06	0
1.63512e+06	0
1.63522e+06	0
1.63532e+06	0
1.63542e+06	0
1.63552e+06	0
1.63562e+06	0
1.63572e+06	0
1.63582e+06	0
1.63592e+06	0
1.63602e+06	0
1.63612e+06	0
1.63622e+06	0
1.63632e+06	0
1.63642e+06	0
1.63652e+06	0
1.63662e+06	0
1.63672e+06	0
1.63682e+06	0
1.63692e+06	0
1.63702e+06	0
1.63712e+06	0
1.63722e+06	0
1.63732e+06	0
1.63742e+06	0
1.63752e+06	0
1.63762e+06	0
1.63772e+06	0
1.63782e+06	0
1.63792e+06	0
1.63802e+06	0
1.63812e+06	0
1.63822e+06	0
1.63832e+06	0
1.63842e+06	0
1.63852e+06	0
1.63862e+06	0
1.63872e+06	0
1.63882e+06	0
1.63892e+06	0
1.63902e+06	0
1.63912e+06	0
1.63922e+06	0
1.63932e+06	0
1.63942e+06	0
1.63952e+06	0
1.63962e+06	0
1.63972e+06	0
1.63982e+06	0
1.63992e+06	0
1.64002e+06	0
1.64012e+06	0
1.64022e+06	0
1.64032e+06	0
1.64042e+06	0
1.64052e+06	0
1.64062e+06	0
1.64072e+06	0
1.64082e+06	0
1.64092e+06	0
1.64102e+06	0
1.64112e+06	0
1.64122e+06	0
1.64132e+06	0
1.64142e+06	0
1.64152e+06	0
1.64162e+06	0
1.64172e+06	0
1.64182e+06	0
1.64192e+06	0
1.64202e+06	0
1.64212e+06	0
1.64222e+06	0
1.64232e+06	0
1.64242e+06	0
1.64252e+06	0
1.64262e+06	0
1.64272e+06	0
1.64282e+06	0
1.64292e+06	0
1.64302e+06	0
1.64312e+06	0
1.64322e+06	0
1.64332e+06	0
1.64342e+06	0
1.64352e+06	0
1.64362e+06	0
1.64372e+06	0
1.64382e+06	0
1.64392e+06	0
1.64402e+06	0
1.64412e+06	0
1.64422e+06	0
1.64432e+06	0
1.64442e+06	0
1.64452e+06	0
1.64462e+06	0
1.64472e+06	0
1.64482e+06	0
1.64492e+06	0
1.64502e+06	0
1.64512e+06	0
1.64522e+06	0
1.64532e+06	0
1.64542e+06	0
1.64552e+06	0
1.64562e+06	0
1.64572e+06	0
1.64582e+06	0
1.64592e+06	0
1.64602e+06	0
1.64612e+06	0
1.64622e+06	0
1.64632e+06	0
1.64642e+06	0
1.64652e+06	0
1.64662e+06	0
1.64672e+06	0
1.64682e+06	0
1.64692e+06	0
1.64702e+06	0
1.64712e+06	0
1.64722e+06	0
1.64732e+06	0
1.64742e+06	0
1.64752e+06	0
1.64762e+06	0
1.64772e+06	0
1.64782e+06	0
1.64792e+06	0
1.64802e+06	0
1.64812e+06	0
1.64822e+06	0
1.64832e+06	0
1.64842e+06	0
1.64852e+06	0
1.64862e+06	0
1.64872e+06	0
1.64882e+06	0
1.64892e+06	0
1.64902e+06	0
1.64912e+06	0
1.64922e+06	0
1.64932e+06	0
1.64942e+06	0
1.64952e+06	0
1.64962e+06	0
1.64972e+06	0
1.64982e+06	0
1.64992e+06	0
1.65002e+06	0
1.65012e+06	0
1.65022e+06	0
1.65032e+06	0
1.65042e+06	0
1.65052e+06	0
1.65062e+06	0
1.65072e+06	0
1.65082e+06	0
1.65092e+06	0
1.65102e+06	0
1.65112e+06	0
1.65122e+06	0
1.65132e+06	0
1.65142e+06	0
1.65152e+06	0
1.65162e+06	0
1.65172e+06	0
1.65182e+06	0
1.65192e+06	0
1.65202e+06	0
1.65212e+06	0
1.65222e+06	0
1.65232e+06	0
1.65242e+06	0
1.65252e+06	0
1.65262e+06	0
1.65272e+06	0
1.65282e+06	0
1.65292e+06	0
1.65302e+06	0
1.65312e+06	0
1.65322e+06	0
1.65332e+06	0
1.65342e+06	0
1.65352e+06	0
1.65362e+06	0
1.65372e+06	0
1.65382e+06	0
1.65392e+06	0
1.65402e+06	0
1.65412e+06	0
1.65422e+06	0
1.65432e+06	0
1.65442e+06	0
1.65452e+06	0
1.65462e+06	0
1.65472e+06	0
1.65482e+06	0
1.65492e+06	0
1.65502e+06	0
1.65512e+06	0
1.65522e+06	0
1.65532e+06	0
1.65542e+06	0
1.65552e+06	0
1.65562e+06	0
1.65572e+06	0
1.65582e+06	0
1.65592e+06	0
1.65602e+06	0
1.65612e+06	0
1.65622e+06	0
1.65632e+06	0
1.65642e+06	0
1.65652e+06	0
1.65662e+06	0
1.65672e+06	0
1.65682e+06	0
1.65692e+06	0
1.65702e+06	0
1.65712e+06	0
1.65722e+06	0
1.65732e+06	0
1.65742e+06	0
1.65752e+06	0
1.65762e+06	0
1.65772e+06	0
1.65782e+06	0
1.65792e+06	0
1.65802e+06	0
1.65812e+06	0
1.65822e+06	0
1.65832e+06	0
1.65842e+06	0
1.65852e+06	0
1.65862e+06	0
1.65872e+06	0
1.65882e+06	0
1.65892e+06	0
1.65902e+06	0
1.65912e+06	0
1.65922e+06	0
1.65932e+06	0
1.65942e+06	0
1.65952e+06	0
1.65962e+06	0
1.65972e+06	0
1.65982e+06	0
1.65992e+06	0
1.66002e+06	0
1.66012e+06	0
1.66022e+06	0
1.66032e+06	0
1.66042e+06	0
1.66052e+06	0
1.66062e+06	0
1.66072e+06	0
1.66082e+06	0
1.66092e+06	0
1.66102e+06	0
1.66112e+06	0
1.66122e+06	0
1.66132e+06	0
1.66142e+06	0
1.66152e+06	0
1.66162e+06	0
1.66172e+06	0
1.66182e+06	0
1.66192e+06	0
1.66202e+06	0
1.66212e+06	0
1.66222e+06	0
1.66232e+06	0
1.66242e+06	0
1.66252e+06	0
1.66262e+06	0
1.66272e+06	0
1.66282e+06	0
1.66292e+06	0
1.66302e+06	0
1.66312e+06	0
1.66322e+06	0
1.66332e+06	0
1.66342e+06	0
1.66352e+06	0
1.66362e+06	0
1.66372e+06	0
1.66382e+06	0
1.66392e+06	0
1.66402e+06	0
1.66412e+06	0
1.66422e+06	0
1.66432e+06	0
1.66442e+06	0
1.66452e+06	0
1.66462e+06	0
1.66472e+06	0
1.66482e+06	0
1.66492e+06	0
1.66502e+06	0
1.66512e+06	0
1.66522e+06	0
1.66532e+06	0
1.66542e+06	0
1.66552e+06	0
1.66562e+06	0
1.66572e+06	0
1.66582e+06	0
1.66592e+06	0
1.66602e+06	0
1.66612e+06	0
1.66622e+06	0
1.66632e+06	0
1.66642e+06	0
1.66652e+06	0
1.66662e+06	0
1.66672e+06	0
1.66682e+06	0
1.66692e+06	0
1.66702e+06	0
1.66712e+06	0
1.66722e+06	0
1.66732e+06	0
1.66742e+06	0
1.66752e+06	0
1.66762e+06	0
1.66772e+06	0
1.66782e+06	0
1.66792e+06	0
1.66802e+06	0
1.66812e+06	0
1.66822e+06	0
1.66832e+06	0
1.66842e+06	0
1.66852e+06	0
1.66862e+06	0
1.66872e+06	0
1.66882e+06	0
1.66892e+06	0
1.66902e+06	0
1.66912e+06	0
1.66922e+06	0
1.66932e+06	0
1.66942e+06	0
1.66952e+06	0
1.66962e+06	0
1.66972e+06	0
1.66982e+06	0
1.66992e+06	0
1.67002e+06	0
1.67012e+06	0
1.67022e+06	0
1.67032e+06	0
1.67042e+06	0
1.67052e+06	0
1.67062e+06	0
1.67072e+06	0
1.67082e+06	0
1.67092e+06	0
1.67102e+06	0
1.67112e+06	0
1.67122e+06	0
1.67132e+06	0
1.67142e+06	0
1.67152e+06	0
1.67162e+06	0
1.67172e+06	0
1.67182e+06	0
1.67192e+06	0
1.67202e+06	0
1.67212e+06	0
1.67222e+06	0
1.67232e+06	0
1.67242e+06	0
1.67252e+06	0
1.67262e+06	0
1.67272e+06	0
1.67282e+06	0
1.67292e+06	0
1.67302e+06	0
1.67312e+06	0
1.67322e+06	0
1.67332e+06	0
1.67342e+06	0
1.67352e+06	0
1.67362e+06	0
1.67372e+06	0
1.67382e+06	0
1.67392e+06	0
1.67402e+06	0
1.67412e+06	0
1.67422e+06	0
1.67432e+06	0
1.67442e+06	0
1.67452e+06	0
1.67462e+06	0
1.67472e+06	0
1.67482e+06	0
1.67492e+06	0
1.67502e+06	0
1.67512e+06	0
1.67522e+06	0
1.67532e+06	0
1.67542e+06	0
1.67552e+06	0
1.67562e+06	0
1.67572e+06	0
1.67582e+06	0
1.67592e+06	0
1.67602e+06	0
1.67612e+06	0
1.67622e+06	0
1.67632e+06	0
1.67642e+06	0
1.67652e+06	0
1.67662e+06	0
1.67672e+06	0
1.67682e+06	0
1.67692e+06	0
1.67702e+06	0
1.67712e+06	0
1.67722e+06	0
1.67732e+06	0
1.67742e+06	0
1.67752e+06	0
1.67762e+06	0
1.67772e+06	0
1.67782e+06	0
1.67792e+06	0
1.67802e+06	0
1.67812e+06	0
1.67822e+06	0
1.67832e+06	0
1.67842e+06	0
1.67852e+06	0
1.67862e+06	0
1.67872e+06	0
1.67882e+06	0
1.67892e+06	0
1.67902e+06	0
1.67912e+06	0
1.67922e+06	0
1.67932e+06	0
1.67942e+06	0
1.67952e+06	0
1.67962e+06	0
1.67972e+06	0
1.67982e+06	0
1.67992e+06	0
1.68002e+06	0
1.68012e+06	0
1.68022e+06	0
1.68032e+06	0
1.68042e+06	0
1.68052e+06	0
1.68062e+06	0
1.68072e+06	0
1.68082e+06	0
1.68092e+06	0
1.68102e+06	0
1.68112e+06	0
1.68122e+06	0
1.68132e+06	0
1.68142e+06	0
1.68152e+06	0
1.68162e+06	0
1.68172e+06	0
1.68182e+06	0
1.68192e+06	0
1.68202e+06	0
1.68212e+06	0
1.68222e+06	0
1.68232e+06	0
1.68242e+06	0
1.68252e+06	0
1.68262e+06	0
1.68272e+06	0
1.68282e+06	0
1.68292e+06	0
1.68302e+06	0
1.68312e+06	0
1.68322e+06	0
1.68332e+06	0
1.68342e+06	0
1.68352e+06	0
1.68362e+06	0
1.68372e+06	0
1.68382e+06	0
1.68392e+06	0
1.68402e+06	0
1.68412e+06	0
1.68422e+06	0
1.68432e+06	0
1.68442e+06	0
1.68452e+06	0
1.68462e+06	0
1.68472e+06	0
1.68482e+06	0
1.68492e+06	0
1.68502e+06	0
1.68512e+06	0
1.68522e+06	0
1.68532e+06	0
1.68542e+06	0
1.68552e+06	0
1.68562e+06	0
1.68572e+06	0
1.68582e+06	0
1.68592e+06	0
1.68602e+06	0
1.68612e+06	0
1.68622e+06	0
1.68632e+06	0
1.68642e+06	0
1.68652e+06	0
1.68662e+06	0
1.68672e+06	0
1.68682e+06	0
1.68692e+06	0
1.68702e+06	0
1.68712e+06	0
1.68722e+06	0
1.68732e+06	0
1.68742e+06	0
1.68752e+06	0
1.68762e+06	0
1.68772e+06	0
1.68782e+06	0
1.68792e+06	0
1.68802e+06	0
1.68812e+06	0
1.68822e+06	0
1.68832e+06	0
1.68842e+06	0
1.68852e+06	0
1.68862e+06	0
1.68872e+06	0
1.68882e+06	0
1.68892e+06	0
1.68902e+06	0
1.68912e+06	0
1.68922e+06	0
1.68932e+06	0
1.68942e+06	0
1.68952e+06	0
1.68962e+06	0
1.68972e+06	0
1.68982e+06	0
1.68992e+06	0
1.69002e+06	0
1.69012e+06	0
1.69022e+06	0
1.69032e+06	0
1.69042e+06	0
1.69052e+06	0
1.69062e+06	0
1.69072e+06	0
1.69082e+06	0
1.69092e+06	0
1.69102e+06	0
1.69112e+06	0
1.69122e+06	0
1.69132e+06	0
1.69142e+06	0
1.69152e+06	0
1.69162e+06	0
1.69172e+06	0
1.69182e+06	0
1.69192e+06	0
1.69202e+06	0
1.69212e+06	0
1.69222e+06	0
1.69232e+06	0
1.69242e+06	0
1.69252e+06	0
1.69262e+06	0
1.69272e+06	0
1.69282e+06	0
1.69292e+06	0
1.69302e+06	0
1.69312e+06	0
1.69322e+06	0
1.69332e+06	0
1.69342e+06	0
1.69352e+06	0
1.69362e+06	0
1.69372e+06	0
1.69382e+06	0
1.69392e+06	0
1.69402e+06	0
1.69412e+06	0
1.69422e+06	0
1.69432e+06	0
1.69442e+06	0
1.69452e+06	0
1.69462e+06	0
1.69472e+06	0
1.69482e+06	0
1.69492e+06	0
1.69502e+06	0
1.69512e+06	0
1.69522e+06	0
1.69532e+06	0
1.69542e+06	0
1.69552e+06	0
1.69562e+06	0
1.69572e+06	0
1.69582e+06	0
1.69592e+06	0
1.69602e+06	0
1.69612e+06	0
1.69622e+06	0
1.69632e+06	0
1.69642e+06	0
1.69652e+06	0
1.69662e+06	0
1.69672e+06	0
1.69682e+06	0
1.69692e+06	0
1.69702e+06	0
1.69712e+06	0
1.69722e+06	0
1.69732e+06	0
1.69742e+06	0
1.69752e+06	0
1.69762e+06	0
1.69772e+06	0
1.69782e+06	0
1.69792e+06	0
1.69802e+06	0
1.69812e+06	0
1.69822e+06	0
1.69832e+06	0
1.69842e+06	0
1.69852e+06	0
1.69862e+06	0
1.69872e+06	0
1.69882e+06	0
1.69892e+06	0
1.69902e+06	0
1.69912e+06	0
1.69922e+06	0
1.69932e+06	0
1.69942e+06	0
1.69952e+06	0
1.69962e+06	0
1.69972e+06	0
1.69982e+06	0
1.69992e+06	0
1.70002e+06	0
1.70012e+06	0
1.70022e+06	0
1.70032e+06	0
1.70042e+06	0
1.70052e+06	0
1.70062e+06	0
1.70072e+06	0
1.70082e+06	0
1.70092e+06	0
1.70102e+06	0
1.70112e+06	0
1.70122e+06	0
1.70132e+06	0
1.70142e+06	0
1.70152e+06	0
1.70162e+06	0
1.70172e+06	0
1.70182e+06	0
1.70192e+06	0
1.70202e+06	0
1.70212e+06	0
1.70222e+06	0
1.70232e+06	0
1.70242e+06	0
1.70252e+06	0
1.70262e+06	0
1.70272e+06	0
1.70282e+06	0
1.70292e+06	0
1.70302e+06	0
1.70312e+06	0
1.70322e+06	0
1.70332e+06	0
1.70342e+06	0
1.70352e+06	0
1.70362e+06	0
1.70372e+06	0
1.70382e+06	0
1.70392e+06	0
1.70402e+06	0
1.70412e+06	0
1.70422e+06	0
1.70432e+06	0
1.70442e+06	0
1.70452e+06	0
1.70462e+06	0
1.70472e+06	0
1.70482e+06	0
1.70492e+06	0
1.70502e+06	0
1.70512e+06	0
1.70522e+06	0
1.70532e+06	0
1.70542e+06	0
1.70552e+06	0
1.70562e+06	0
1.70572e+06	0
1.70582e+06	0
1.70592e+06	0
1.70602e+06	0
1.70612e+06	0
1.70622e+06	0
1.70632e+06	0
1.70642e+06	0
1.70652e+06	0
1.70662e+06	0
1.70672e+06	0
1.70682e+06	0
1.70692e+06	0
1.70702e+06	0
1.70712e+06	0
1.70722e+06	0
1.70732e+06	0
1.70742e+06	0
1.70752e+06	0
1.70762e+06	0
1.70772e+06	0
1.70782e+06	0
1.70792e+06	0
1.70802e+06	0
1.70812e+06	0
1.70822e+06	0
1.70832e+06	0
1.70842e+06	0
1.70852e+06	0
1.70862e+06	0
1.70872e+06	0
1.70882e+06	0
1.70892e+06	0
1.70902e+06	0
1.70912e+06	0
1.70922e+06	0
1.70932e+06	0
1.70942e+06	0
1.70952e+06	0
1.70962e+06	0
1.70972e+06	0
1.70982e+06	0
1.70992e+06	0
1.71002e+06	0
1.71012e+06	0
1.71022e+06	0
1.71032e+06	0
1.71042e+06	0
1.71052e+06	0
1.71062e+06	0
1.71072e+06	0
1.71082e+06	0
1.71092e+06	0
1.71102e+06	0
1.71112e+06	0
1.71122e+06	0
1.71132e+06	0
1.71142e+06	0
1.71152e+06	0
1.71162e+06	0
1.71172e+06	0
1.71182e+06	0
1.71192e+06	0
1.71202e+06	0
1.71212e+06	0
1.71222e+06	0
1.71232e+06	0
1.71242e+06	0
1.71252e+06	0
1.71262e+06	0
1.71272e+06	0
1.71282e+06	0
1.71292e+06	0
1.71302e+06	0
1.71312e+06	0
1.71322e+06	0
1.71332e+06	0
1.71342e+06	0
1.71352e+06	0
1.71362e+06	0
1.71372e+06	0
1.71382e+06	0
1.71392e+06	0
1.71402e+06	0
1.71412e+06	0
1.71422e+06	0
1.71432e+06	0
1.71442e+06	0
1.71452e+06	0
1.71462e+06	0
1.71472e+06	0
1.71482e+06	0
1.71492e+06	0
1.71502e+06	0
1.71512e+06	0
1.71522e+06	0
1.71532e+06	0
1.71542e+06	0
1.71552e+06	0
1.71562e+06	0
1.71572e+06	0
1.71582e+06	0
1.71592e+06	0
1.71602e+06	0
1.71612e+06	0
1.71622e+06	0
1.71632e+06	0
1.71642e+06	0
1.71652e+06	0
1.71662e+06	0
1.71672e+06	0
1.71682e+06	0
1.71692e+06	0
1.71702e+06	0
1.71712e+06	0
1.71722e+06	0
1.71732e+06	0
1.71742e+06	0
1.71752e+06	0
1.71762e+06	0
1.71772e+06	0
1.71782e+06	0
1.71792e+06	0
1.71802e+06	0
1.71812e+06	0
1.71822e+06	0
1.71832e+06	0
1.71842e+06	0
1.71852e+06	0
1.71862e+06	0
1.71872e+06	0
1.71882e+06	0
1.71892e+06	0
1.71902e+06	0
1.71912e+06	0
1.71922e+06	0
1.71932e+06	0
1.71942e+06	0
1.71952e+06	0
1.71962e+06	0
1.71972e+06	0
1.71982e+06	0
1.71992e+06	0
1.72002e+06	0
1.72012e+06	0
1.72022e+06	0
1.72032e+06	0
1.72042e+06	0
1.72052e+06	0
1.72062e+06	0
1.72072e+06	0
1.72082e+06	0
1.72092e+06	0
1.72102e+06	0
1.72112e+06	0
1.72122e+06	0
1.72132e+06	0
1.72142e+06	0
1.72152e+06	0
1.72162e+06	0
1.72172e+06	0
1.72182e+06	0
1.72192e+06	0
1.72202e+06	0
1.72212e+06	0
1.72222e+06	0
1.72232e+06	0
1.72242e+06	0
1.72252e+06	0
1.72262e+06	0
1.72272e+06	0
1.72282e+06	0
1.72292e+06	0
1.72302e+06	0
1.72312e+06	0
1.72322e+06	0
1.72332e+06	0
1.72342e+06	0
1.72352e+06	0
1.72362e+06	0
1.72372e+06	0
1.72382e+06	0
1.72392e+06	0
1.72402e+06	0
1.72412e+06	0
1.72422e+06	0
1.72432e+06	0
1.72442e+06	0
1.72452e+06	0
1.72462e+06	0
1.72472e+06	0
1.72482e+06	0
1.72492e+06	0
1.72502e+06	0
1.72512e+06	0
1.72522e+06	0
1.72532e+06	0
1.72542e+06	0
1.72552e+06	0
1.72562e+06	0
1.72572e+06	0
1.72582e+06	0
1.72592e+06	0
1.72602e+06	0
1.72612e+06	0
1.72622e+06	0
1.72632e+06	0
1.72642e+06	0
1.72652e+06	0
1.72662e+06	0
1.72672e+06	0
1.72682e+06	0
1.72692e+06	0
1.72702e+06	0
1.72712e+06	0
1.72722e+06	0
1.72732e+06	0
1.72742e+06	0
1.72752e+06	0
1.72762e+06	0
1.72772e+06	0
1.72782e+06	0
1.72792e+06	0
1.72802e+06	0
1.72812e+06	0
1.72822e+06	0
1.72832e+06	0
1.72842e+06	0
1.72852e+06	0
1.72862e+06	0
1.72872e+06	0
1.72882e+06	0
1.72892e+06	0
1.72902e+06	0
1.72912e+06	0
1.72922e+06	0
1.72932e+06	0
1.72942e+06	0
1.72952e+06	0
1.72962e+06	0
1.72972e+06	0
1.72982e+06	0
1.72992e+06	0
1.73002e+06	0
1.73012e+06	0
1.73022e+06	0
1.73032e+06	0
1.73042e+06	0
1.73052e+06	0
1.73062e+06	0
1.73072e+06	0
1.73082e+06	0
1.73092e+06	0
1.73102e+06	0
1.73112e+06	0
1.73122e+06	0
1.73132e+06	0
1.73142e+06	0
1.73152e+06	0
1.73162e+06	0
1.73172e+06	0
1.73182e+06	0
1.73192e+06	0
1.73202e+06	0
1.73212e+06	0
1.73222e+06	0
1.73232e+06	0
1.73242e+06	0
1.73252e+06	0
1.73262e+06	0
1.73272e+06	0
1.73282e+06	0
1.73292e+06	0
1.73302e+06	0
1.73312e+06	0
1.73322e+06	0
1.73332e+06	0
1.73342e+06	0
1.73352e+06	0
1.73362e+06	0
1.73372e+06	0
1.73382e+06	0
1.73392e+06	0
1.73402e+06	0
1.73412e+06	0
1.73422e+06	0
1.73432e+06	0
1.73442e+06	0
1.73452e+06	0
1.73462e+06	0
1.73472e+06	0
1.73482e+06	0
1.73492e+06	0
1.73502e+06	0
1.73512e+06	0
1.73522e+06	0
1.73532e+06	0
1.73542e+06	0
1.73552e+06	0
1.73562e+06	0
1.73572e+06	0
1.73582e+06	0
1.73592e+06	0
1.73602e+06	0
1.73612e+06	0
1.73622e+06	0
1.73632e+06	0
1.73642e+06	0
1.73652e+06	0
1.73662e+06	0
1.73672e+06	0
1.73682e+06	0
1.73692e+06	0
1.73702e+06	0
1.73712e+06	0
1.73722e+06	0
1.73732e+06	0
1.73742e+06	0
1.73752e+06	0
1.73762e+06	0
1.73772e+06	0
1.73782e+06	0
1.73792e+06	0
1.73802e+06	0
1.73812e+06	0
1.73822e+06	0
1.73832e+06	0
1.73842e+06	0
1.73852e+06	0
1.73862e+06	0
1.73872e+06	0
1.73882e+06	0
1.73892e+06	0
1.73902e+06	0
1.73912e+06	0
1.73922e+06	0
1.73932e+06	0
1.73942e+06	0
1.73952e+06	0
1.73962e+06	0
1.73972e+06	0
1.73982e+06	0
1.73992e+06	0
1.74002e+06	0
1.74012e+06	0
1.74022e+06	0
1.74032e+06	0
1.74042e+06	0
1.74052e+06	0
1.74062e+06	0
1.74072e+06	0
1.74082e+06	0
1.74092e+06	0
1.74102e+06	0
1.74112e+06	0
1.74122e+06	0
1.74132e+06	0
1.74142e+06	0
1.74152e+06	0
1.74162e+06	0
1.74172e+06	0
1.74182e+06	0
1.74192e+06	0
1.74202e+06	0
1.74212e+06	0
1.74222e+06	0
1.74232e+06	0
1.74242e+06	0
1.74252e+06	0
1.74262e+06	0
1.74272e+06	0
1.74282e+06	0
1.74292e+06	0
1.74302e+06	0
1.74312e+06	0
1.74322e+06	0
1.74332e+06	0
1.74342e+06	0
1.74352e+06	0
1.74362e+06	0
1.74372e+06	0
1.74382e+06	0
1.74392e+06	0
1.74402e+06	0
1.74412e+06	0
1.74422e+06	0
1.74432e+06	0
1.74442e+06	0
1.74452e+06	0
1.74462e+06	0
1.74472e+06	0
1.74482e+06	0
1.74492e+06	0
1.74502e+06	0
1.74512e+06	0
1.74522e+06	0
1.74532e+06	0
1.74542e+06	0
1.74552e+06	0
1.74562e+06	0
1.74572e+06	0
1.74582e+06	0
1.74592e+06	0
1.74602e+06	0
1.74612e+06	0
1.74622e+06	0
1.74632e+06	0
1.74642e+06	0
1.74652e+06	0
1.74662e+06	0
1.74672e+06	0
1.74682e+06	0
1.74692e+06	0
1.74702e+06	0
1.74712e+06	0
1.74722e+06	0
1.74732e+06	0
1.74742e+06	0
1.74752e+06	0
1.74762e+06	0
1.74772e+06	0
1.74782e+06	0
1.74792e+06	0
1.74802e+06	0
1.74812e+06	0
1.74822e+06	0
1.74832e+06	0
1.74842e+06	0
1.74852e+06	0
1.74862e+06	0
1.74872e+06	0
1.74882e+06	0
1.74892e+06	0
1.74902e+06	0
1.74912e+06	0
1.74922e+06	0
1.74932e+06	0
1.74942e+06	0
1.74952e+06	0
1.74962e+06	0
1.74972e+06	0
1.74982e+06	0
1.74992e+06	0
1.75002e+06	0
1.75012e+06	0
1.75022e+06	0
1.75032e+06	0
1.75042e+06	0
1.75052e+06	0
1.75062e+06	0
1.75072e+06	0
1.75082e+06	0
1.75092e+06	0
1.75102e+06	0
1.75112e+06	0
1.75122e+06	0
1.75132e+06	0
1.75142e+06	0
1.75152e+06	0
1.75162e+06	0
1.75172e+06	0
1.75182e+06	0
1.75192e+06	0
1.75202e+06	0
1.75212e+06	0
1.75222e+06	0
1.75232e+06	0
1.75242e+06	0
1.75252e+06	0
1.75262e+06	0
1.75272e+06	0
1.75282e+06	0
1.75292e+06	0
1.75302e+06	0
1.75312e+06	0
1.75322e+06	0
1.75332e+06	0
1.75342e+06	0
1.75352e+06	0
1.75362e+06	0
1.75372e+06	0
1.75382e+06	0
1.75392e+06	0
1.75402e+06	0
1.75412e+06	0
1.75422e+06	0
1.75432e+06	0
1.75442e+06	0
1.75452e+06	0
1.75462e+06	0
1.75472e+06	0
1.75482e+06	0
1.75492e+06	0
1.75502e+06	0
1.75512e+06	0
1.75522e+06	0
1.75532e+06	0
1.75542e+06	0
1.75552e+06	0
1.75562e+06	0
1.75572e+06	0
1.75582e+06	0
1.75592e+06	0
1.75602e+06	0
1.75612e+06	0
1.75622e+06	0
1.75632e+06	0
1.75642e+06	0
1.75652e+06	0
1.75662e+06	0
1.75672e+06	0
1.75682e+06	0
1.75692e+06	0
1.75702e+06	0
1.75712e+06	0
1.75722e+06	0
1.75732e+06	0
1.75742e+06	0
1.75752e+06	0
1.75762e+06	0
1.75772e+06	0
1.75782e+06	0
1.75792e+06	0
1.75802e+06	0
1.75812e+06	0
1.75822e+06	0
1.75832e+06	0
1.75842e+06	0
1.75852e+06	0
1.75862e+06	0
1.75872e+06	0
1.75882e+06	0
1.75892e+06	0
1.75902e+06	0
1.75912e+06	0
1.75922e+06	0
1.75932e+06	0
1.75942e+06	0
1.75952e+06	0
1.75962e+06	0
1.75972e+06	0
1.75982e+06	0
1.75992e+06	0
1.76002e+06	0
1.76012e+06	0
1.76022e+06	0
1.76032e+06	0
1.76042e+06	0
1.76052e+06	0
1.76062e+06	0
1.76072e+06	0
1.76082e+06	0
1.76092e+06	0
1.76102e+06	0
1.76112e+06	0
1.76122e+06	0
1.76132e+06	0
1.76142e+06	0
1.76152e+06	0
1.76162e+06	0
1.76172e+06	0
1.76182e+06	0
1.76192e+06	0
1.76202e+06	0
1.76212e+06	0
1.76222e+06	0
1.76232e+06	0
1.76242e+06	0
1.76252e+06	0
1.76262e+06	0
1.76272e+06	0
1.76282e+06	0
1.76292e+06	0
1.76302e+06	0
1.76312e+06	0
1.76322e+06	0
1.76332e+06	0
1.76342e+06	0
1.76352e+06	0
1.76362e+06	0
1.76372e+06	0
1.76382e+06	0
1.76392e+06	0
1.76402e+06	0
1.76412e+06	0
1.76422e+06	0
1.76432e+06	0
1.76442e+06	0
1.76452e+06	0
1.76462e+06	0
1.76472e+06	0
1.76482e+06	0
1.76492e+06	0
1.76502e+06	0
1.76512e+06	0
1.76522e+06	0
1.76532e+06	0
1.76542e+06	0
1.76552e+06	0
1.76562e+06	0
1.76572e+06	0
1.76582e+06	0
1.76592e+06	0
1.76602e+06	0
1.76612e+06	0
1.76622e+06	0
1.76632e+06	0
1.76642e+06	0
1.76652e+06	0
1.76662e+06	0
1.76672e+06	0
1.76682e+06	0
1.76692e+06	0
1.76702e+06	0
1.76712e+06	0
1.76722e+06	0
1.76732e+06	0
1.76742e+06	0
1.76752e+06	0
1.76762e+06	0
1.76772e+06	0
1.76782e+06	0
1.76792e+06	0
1.76802e+06	0
1.76812e+06	0
1.76822e+06	0
1.76832e+06	0
1.76842e+06	0
1.76852e+06	0
1.76862e+06	0
1.76872e+06	0
1.76882e+06	0
1.76892e+06	0
1.76902e+06	0
1.76912e+06	0
1.76922e+06	0
1.76932e+06	0
1.76942e+06	0
1.76952e+06	0
1.76962e+06	0
1.76972e+06	0
1.76982e+06	0
1.76992e+06	0
1.77002e+06	0
1.77012e+06	0
1.77022e+06	0
1.77032e+06	0
1.77042e+06	0
1.77052e+06	0
1.77062e+06	0
1.77072e+06	0
1.77082e+06	0
1.77092e+06	0
1.77102e+06	0
1.77112e+06	0
1.77122e+06	0
1.77132e+06	0
1.77142e+06	0
1.77152e+06	0
1.77162e+06	0
1.77172e+06	0
1.77182e+06	0
1.77192e+06	0
1.77202e+06	0
1.77212e+06	0
1.77222e+06	0
1.77232e+06	0
1.77242e+06	0
1.77252e+06	0
1.77262e+06	0
1.77272e+06	0
1.77282e+06	0
1.77292e+06	0
1.77302e+06	0
1.77312e+06	0
1.77322e+06	0
1.77332e+06	0
1.77342e+06	0
1.77352e+06	0
1.77362e+06	0
1.77372e+06	0
1.77382e+06	0
1.77392e+06	0
1.77402e+06	0
1.77412e+06	0
1.77422e+06	0
1.77432e+06	0
1.77442e+06	0
1.77452e+06	0
1.77462e+06	0
1.77472e+06	0
1.77482e+06	0
1.77492e+06	0
1.77502e+06	0
1.77512e+06	0
1.77522e+06	0
1.77532e+06	0
1.77542e+06	0
1.77552e+06	0
1.77562e+06	0
1.77572e+06	0
1.77582e+06	0
1.77592e+06	0
1.77602e+06	0
1.77612e+06	0
1.77622e+06	0
1.77632e+06	0
1.77642e+06	0
1.77652e+06	0
1.77662e+06	0
1.77672e+06	0
1.77682e+06	0
1.77692e+06	0
1.77702e+06	0
1.77712e+06	0
1.77722e+06	0
1.77732e+06	0
1.77742e+06	0
1.77752e+06	0
1.77762e+06	0
1.77772e+06	0
1.77782e+06	0
1.77792e+06	0
1.77802e+06	0
1.77812e+06	0
1.77822e+06	0
1.77832e+06	0
1.77842e+06	0
1.77852e+06	0
1.77862e+06	0
1.77872e+06	0
1.77882e+06	0
1.77892e+06	0
1.77902e+06	0
1.77912e+06	0
1.77922e+06	0
1.77932e+06	0
1.77942e+06	0
1.77952e+06	0
1.77962e+06	0
1.77972e+06	0
1.77982e+06	0
1.77992e+06	0
1.78002e+06	0
1.78012e+06	0
1.78022e+06	0
1.78032e+06	0
1.78042e+06	0
1.78052e+06	0
1.78062e+06	0
1.78072e+06	0
1.78082e+06	0
1.78092e+06	0
1.78102e+06	0
1.78112e+06	0
1.78122e+06	0
1.78132e+06	0
1.78142e+06	0
1.78152e+06	0
1.78162e+06	0
1.78172e+06	0
1.78182e+06	0
1.78192e+06	0
1.78202e+06	0
1.78212e+06	0
1.78222e+06	0
1.78232e+06	0
1.78242e+06	0
1.78252e+06	0
1.78262e+06	0
1.78272e+06	0
1.78282e+06	0
1.78292e+06	0
1.78302e+06	0
1.78312e+06	0
1.78322e+06	0
1.78332e+06	0
1.78342e+06	0
1.78352e+06	0
1.78362e+06	0
1.78372e+06	0
1.78382e+06	0
1.78392e+06	0
1.78402e+06	0
1.78412e+06	0
1.78422e+06	0
1.78432e+06	0
1.78442e+06	0
1.78452e+06	0
1.78462e+06	0
1.78472e+06	0
1.78482e+06	0
1.78492e+06	0
1.78502e+06	0
1.78512e+06	0
1.78522e+06	0
1.78532e+06	0
1.78542e+06	0
1.78552e+06	0
1.78562e+06	0
1.78572e+06	0
1.78582e+06	0
1.78592e+06	0
1.78602e+06	0
1.78612e+06	0
1.78622e+06	0
1.78632e+06	0
1.78642e+06	0
1.78652e+06	0
1.78662e+06	0
1.78672e+06	0
1.78682e+06	0
1.78692e+06	0
1.78702e+06	0
1.78712e+06	0
1.78722e+06	0
1.78732e+06	0
1.78742e+06	0
1.78752e+06	0
1.78762e+06	0
1.78772e+06	0
1.78782e+06	0
1.78792e+06	0
1.78802e+06	0
1.78812e+06	0
1.78822e+06	0
1.78832e+06	0
1.78842e+06	0
1.78852e+06	0
1.78862e+06	0
1.78872e+06	0
1.78882e+06	0
1.78892e+06	0
1.78902e+06	0
1.78912e+06	0
1.78922e+06	0
1.78932e+06	0
1.78942e+06	0
1.78952e+06	0
1.78962e+06	0
1.78972e+06	0
1.78982e+06	0
1.78992e+06	0
1.79002e+06	0
1.79012e+06	0
1.79022e+06	0
1.79032e+06	0
1.79042e+06	0
1.79052e+06	0
1.79062e+06	0
1.79072e+06	0
1.79082e+06	0
1.79092e+06	0
1.79102e+06	0
1.79112e+06	0
1.79122e+06	0
1.79132e+06	0
1.79142e+06	0
1.79152e+06	0
1.79162e+06	0
1.79172e+06	0
1.79182e+06	0
1.79192e+06	0
1.79202e+06	0
1.79212e+06	0
1.79222e+06	0
1.79232e+06	0
1.79242e+06	0
1.79252e+06	0
1.79262e+06	0
1.79272e+06	0
1.79282e+06	0
1.79292e+06	0
1.79302e+06	0
1.79312e+06	0
1.79322e+06	0
1.79332e+06	0
1.79342e+06	0
1.79352e+06	0
1.79362e+06	0
1.79372e+06	0
1.79382e+06	0
1.79392e+06	0
1.79402e+06	0
1.79412e+06	0
1.79422e+06	0
1.79432e+06	0
1.79442e+06	0
1.79452e+06	0
1.79462e+06	0
1.79472e+06	0
1.79482e+06	0
1.79492e+06	0
1.79502e+06	0
1.79512e+06	0
1.79522e+06	0
1.79532e+06	0
1.79542e+06	0
1.79552e+06	0
1.79562e+06	0
1.79572e+06	0
1.79582e+06	0
1.79592e+06	0
1.79602e+06	0
1.79612e+06	0
1.79622e+06	0
1.79632e+06	0
1.79642e+06	0
1.79652e+06	0
1.79662e+06	0
1.79672e+06	0
1.79682e+06	0
1.79692e+06	0
1.79702e+06	0
1.79712e+06	0
1.79722e+06	0
1.79732e+06	0
1.79742e+06	0
1.79752e+06	0
1.79762e+06	0
1.79772e+06	0
1.79782e+06	0
1.79792e+06	0
1.79802e+06	0
1.79812e+06	0
1.79822e+06	0
1.79832e+06	0
1.79842e+06	0
1.79852e+06	0
1.79862e+06	0
1.79872e+06	0
1.79882e+06	0
1.79892e+06	0
1.79902e+06	0
1.79912e+06	0
1.79922e+06	0
1.79932e+06	0
1.79942e+06	0
1.79952e+06	0
1.79962e+06	0
1.79972e+06	0
1.79982e+06	0
1.79992e+06	0
1.80002e+06	0
1.80012e+06	0
1.80022e+06	0
1.80032e+06	0
1.80042e+06	0
1.80052e+06	0
1.80062e+06	0
1.80072e+06	0
1.80082e+06	0
1.80092e+06	0
1.80102e+06	0
1.80112e+06	0
1.80122e+06	0
1.80132e+06	0
1.80142e+06	0
1.80152e+06	0
1.80162e+06	0
1.80172e+06	0
1.80182e+06	0
1.80192e+06	0
1.80202e+06	0
1.80212e+06	0
1.80222e+06	0
1.80232e+06	0
1.80242e+06	0
1.80252e+06	0
1.80262e+06	0
1.80272e+06	0
1.80282e+06	0
1.80292e+06	0
1.80302e+06	0
1.80312e+06	0
1.80322e+06	0
1.80332e+06	0
1.80342e+06	0
1.80352e+06	0
1.80362e+06	0
1.80372e+06	0
1.80382e+06	0
1.80392e+06	0
1.80402e+06	0
1.80412e+06	0
1.80422e+06	0
1.80432e+06	0
1.80442e+06	0
1.80452e+06	0
1.80462e+06	0
1.80472e+06	0
1.80482e+06	0
1.80492e+06	0
1.80502e+06	0
1.80512e+06	0
1.80522e+06	0
1.80532e+06	0
1.80542e+06	0
1.80552e+06	0
1.80562e+06	0
1.80572e+06	0
1.80582e+06	0
1.80592e+06	0
1.80602e+06	0
1.80612e+06	0
1.80622e+06	0
1.80632e+06	0
1.80642e+06	0
1.80652e+06	0
1.80662e+06	0
1.80672e+06	0
1.80682e+06	0
1.80692e+06	0
1.80702e+06	0
1.80712e+06	0
1.80722e+06	0
1.80732e+06	0
1.80742e+06	0
1.80752e+06	0
1.80762e+06	0
1.80772e+06	0
1.80782e+06	0
1.80792e+06	0
1.80802e+06	0
1.80812e+06	0
1.80822e+06	0
1.80832e+06	0
1.80842e+06	0
1.80852e+06	0
1.80862e+06	0
1.80872e+06	0
1.80882e+06	0
1.80892e+06	0
1.80902e+06	0
1.80912e+06	0
1.80922e+06	0
1.80932e+06	0
1.80942e+06	0
1.80952e+06	0
1.80962e+06	0
1.80972e+06	0
1.80982e+06	0
1.80992e+06	0
1.81002e+06	0
1.81012e+06	0
1.81022e+06	0
1.81032e+06	0
1.81042e+06	0
1.81052e+06	0
1.81062e+06	0
1.81072e+06	0
1.81082e+06	0
1.81092e+06	0
1.81102e+06	0
1.81112e+06	0
1.81122e+06	0
1.81132e+06	0
1.81142e+06	0
1.81152e+06	0
1.81162e+06	0
1.81172e+06	0
1.81182e+06	0
1.81192e+06	0
1.81202e+06	0
1.81212e+06	0
1.81222e+06	0
1.81232e+06	0
1.81242e+06	0
1.81252e+06	0
1.81262e+06	0
1.81272e+06	0
1.81282e+06	0
1.81292e+06	0
1.81302e+06	0
1.81312e+06	0
1.81322e+06	0
1.81332e+06	0
1.81342e+06	0
1.81352e+06	0
1.81362e+06	0
1.81372e+06	0
1.81382e+06	0
1.81392e+06	0
1.81402e+06	0
1.81412e+06	0
1.81422e+06	0
1.81432e+06	0
1.81442e+06	0
1.81452e+06	0
1.81462e+06	0
1.81472e+06	0
1.81482e+06	0
1.81492e+06	0
1.81502e+06	0
1.81512e+06	0
1.81522e+06	0
1.81532e+06	0
1.81542e+06	0
1.81552e+06	0
1.81562e+06	0
1.81572e+06	0
1.81582e+06	0
1.81592e+06	0
1.81602e+06	0
1.81612e+06	0
1.81622e+06	0
1.81632e+06	0
1.81642e+06	0
1.81652e+06	0
1.81662e+06	0
1.81672e+06	0
1.81682e+06	0
1.81692e+06	0
1.81702e+06	0
1.81712e+06	0
1.81722e+06	0
1.81732e+06	0
1.81742e+06	0
1.81752e+06	0
1.81762e+06	0
1.81772e+06	0
1.81782e+06	0
1.81792e+06	0
1.81802e+06	0
1.81812e+06	0
1.81822e+06	0
1.81832e+06	0
1.81842e+06	0
1.81852e+06	0
1.81862e+06	0
1.81872e+06	0
1.81882e+06	0
1.81892e+06	0
1.81902e+06	0
1.81912e+06	0
1.81922e+06	0
1.81932e+06	0
1.81942e+06	0
1.81952e+06	0
1.81962e+06	0
1.81972e+06	0
1.81982e+06	0
1.81992e+06	0
1.82002e+06	0
1.82012e+06	0
1.82022e+06	0
1.82032e+06	0
1.82042e+06	0
1.82052e+06	0
1.82062e+06	0
1.82072e+06	0
1.82082e+06	0
1.82092e+06	0
1.82102e+06	0
1.82112e+06	0
1.82122e+06	0
1.82132e+06	0
1.82142e+06	0
1.82152e+06	0
1.82162e+06	0
1.82172e+06	0
1.82182e+06	0
1.82192e+06	0
1.82202e+06	0
1.82212e+06	0
1.82222e+06	0
1.82232e+06	0
1.82242e+06	0
1.82252e+06	0
1.82262e+06	0
1.82272e+06	0
1.82282e+06	0
1.82292e+06	0
1.82302e+06	0
1.82312e+06	0
1.82322e+06	0
1.82332e+06	0
1.82342e+06	0
1.82352e+06	0
1.82362e+06	0
1.82372e+06	0
1.82382e+06	0
1.82392e+06	0
1.82402e+06	0
1.82412e+06	0
1.82422e+06	0
1.82432e+06	0
1.82442e+06	0
1.82452e+06	0
1.82462e+06	0
1.82472e+06	0
1.82482e+06	0
1.82492e+06	0
1.82502e+06	0
1.82512e+06	0
1.82522e+06	0
1.82532e+06	0
1.82542e+06	0
1.82552e+06	0
1.82562e+06	0
1.82572e+06	0
1.82582e+06	0
1.82592e+06	0
1.82602e+06	0
1.82612e+06	0
1.82622e+06	0
1.82632e+06	0
1.82642e+06	0
1.82652e+06	0
1.82662e+06	0
1.82672e+06	0
1.82682e+06	0
1.82692e+06	0
1.82702e+06	0
1.82712e+06	0
1.82722e+06	0
1.82732e+06	0
1.82742e+06	0
1.82752e+06	0
1.82762e+06	0
1.82772e+06	0
1.82782e+06	0
1.82792e+06	0
1.82802e+06	0
1.82812e+06	0
1.82822e+06	0
1.82832e+06	0
1.82842e+06	0
1.82852e+06	0
1.82862e+06	0
1.82872e+06	0
1.82882e+06	0
1.82892e+06	0
1.82902e+06	0
1.82912e+06	0
1.82922e+06	0
1.82932e+06	0
1.82942e+06	0
1.82952e+06	0
1.82962e+06	0
1.82972e+06	0
1.82982e+06	0
1.82992e+06	0
1.83002e+06	0
1.83012e+06	0
1.83022e+06	0
1.83032e+06	0
1.83042e+06	0
1.83052e+06	0
1.83062e+06	0
1.83072e+06	0
1.83082e+06	0
1.83092e+06	0
1.83102e+06	0
1.83112e+06	0
1.83122e+06	0
1.83132e+06	0
1.83142e+06	0
1.83152e+06	0
1.83162e+06	0
1.83172e+06	0
1.83182e+06	0
1.83192e+06	0
1.83202e+06	0
1.83212e+06	0
1.83222e+06	0
1.83232e+06	0
1.83242e+06	0
1.83252e+06	0
1.83262e+06	0
1.83272e+06	0
1.83282e+06	0
1.83292e+06	0
1.83302e+06	0
1.83312e+06	0
1.83322e+06	0
1.83332e+06	0
1.83342e+06	0
1.83352e+06	0
1.83362e+06	0
1.83372e+06	0
1.83382e+06	0
1.83392e+06	0
1.83402e+06	0
1.83412e+06	0
1.83422e+06	0
1.83432e+06	0
1.83442e+06	0
1.83452e+06	0
1.83462e+06	0
1.83472e+06	0
1.83482e+06	0
1.83492e+06	0
1.83502e+06	0
1.83512e+06	0
1.83522e+06	0
1.83532e+06	0
1.83542e+06	0
1.83552e+06	0
1.83562e+06	0
1.83572e+06	0
1.83582e+06	0
1.83592e+06	0
1.83602e+06	0
1.83612e+06	0
1.83622e+06	0
1.83632e+06	0
1.83642e+06	0
1.83652e+06	0
1.83662e+06	0
1.83672e+06	0
1.83682e+06	0
1.83692e+06	0
1.83702e+06	0
1.83712e+06	0
1.83722e+06	0
1.83732e+06	0
1.83742e+06	0
1.83752e+06	0
1.83762e+06	0
1.83772e+06	0
1.83782e+06	0
1.83792e+06	0
1.83802e+06	0
1.83812e+06	0
1.83822e+06	0
1.83832e+06	0
1.83842e+06	0
1.83852e+06	0
1.83862e+06	0
1.83872e+06	0
1.83882e+06	0
1.83892e+06	0
1.83902e+06	0
1.83912e+06	0
1.83922e+06	0
1.83932e+06	0
1.83942e+06	0
1.83952e+06	0
1.83962e+06	0
1.83972e+06	0
1.83982e+06	0
1.83992e+06	0
1.84002e+06	0
1.84012e+06	0
1.84022e+06	0
1.84032e+06	0
1.84042e+06	0
1.84052e+06	0
1.84062e+06	0
1.84072e+06	0
1.84082e+06	0
1.84092e+06	0
1.84102e+06	0
1.84112e+06	0
1.84122e+06	0
1.84132e+06	0
1.84142e+06	0
1.84152e+06	0
1.84162e+06	0
1.84172e+06	0
1.84182e+06	0
1.84192e+06	0
1.84202e+06	0
1.84212e+06	0
1.84222e+06	0
1.84232e+06	0
1.84242e+06	0
1.84252e+06	0
1.84262e+06	0
1.84272e+06	0
1.84282e+06	0
1.84292e+06	0
1.84302e+06	0
1.84312e+06	0
1.84322e+06	0
1.84332e+06	0
1.84342e+06	0
1.84352e+06	0
1.84362e+06	0
1.84372e+06	0
1.84382e+06	0
1.84392e+06	0
1.84402e+06	0
1.84412e+06	0
1.84422e+06	0
1.84432e+06	0
1.84442e+06	0
1.84452e+06	0
1.84462e+06	0
1.84472e+06	0
1.84482e+06	0
1.84492e+06	0
1.84502e+06	0
1.84512e+06	0
1.84522e+06	0
1.84532e+06	0
1.84542e+06	0
1.84552e+06	0
1.84562e+06	0
1.84572e+06	0
1.84582e+06	0
1.84592e+06	0
1.84602e+06	0
1.84612e+06	0
1.84622e+06	0
1.84632e+06	0
1.84642e+06	0
1.84652e+06	0
1.84662e+06	0
1.84672e+06	0
1.84682e+06	0
1.84692e+06	0
1.84702e+06	0
1.84712e+06	0
1.84722e+06	0
1.84732e+06	0
1.84742e+06	0
1.84752e+06	0
1.84762e+06	0
1.84772e+06	0
1.84782e+06	0
1.84792e+06	0
1.84802e+06	0
1.84812e+06	0
1.84822e+06	0
1.84832e+06	0
1.84842e+06	0
1.84852e+06	0
1.84862e+06	0
1.84872e+06	0
1.84882e+06	0
1.84892e+06	0
1.84902e+06	0
1.84912e+06	0
1.84922e+06	0
1.84932e+06	0
1.84942e+06	0
1.84952e+06	0
1.84962e+06	0
1.84972e+06	0
1.84982e+06	0
1.84992e+06	0
1.85002e+06	0
1.85012e+06	0
1.85022e+06	0
1.85032e+06	0
1.85042e+06	0
1.85052e+06	0
1.85062e+06	0
1.85072e+06	0
1.85082e+06	0
1.85092e+06	0
1.85102e+06	0
1.85112e+06	0
1.85122e+06	0
1.85132e+06	0
1.85142e+06	0
1.85152e+06	0
1.85162e+06	0
1.85172e+06	0
1.85182e+06	0
1.85192e+06	0
1.85202e+06	0
1.85212e+06	0
1.85222e+06	0
1.85232e+06	0
1.85242e+06	0
1.85252e+06	0
1.85262e+06	0
1.85272e+06	0
1.85282e+06	0
1.85292e+06	0
1.85302e+06	0
1.85312e+06	0
1.85322e+06	0
1.85332e+06	0
1.85342e+06	0
1.85352e+06	0
1.85362e+06	0
1.85372e+06	0
1.85382e+06	0
1.85392e+06	0
1.85402e+06	0
1.85412e+06	0
1.85422e+06	0
1.85432e+06	0
1.85442e+06	0
1.85452e+06	0
1.85462e+06	0
1.85472e+06	0
1.85482e+06	0
1.85492e+06	0
1.85502e+06	0
1.85512e+06	0
1.85522e+06	0
1.85532e+06	0
1.85542e+06	0
1.85552e+06	0
1.85562e+06	0
1.85572e+06	0
1.85582e+06	0
1.85592e+06	0
1.85602e+06	0
1.85612e+06	0
1.85622e+06	0
1.85632e+06	0
1.85642e+06	0
1.85652e+06	0
1.85662e+06	0
1.85672e+06	0
1.85682e+06	0
1.85692e+06	0
1.85702e+06	0
1.85712e+06	0
1.85722e+06	0
1.85732e+06	0
1.85742e+06	0
1.85752e+06	0
1.85762e+06	0
1.85772e+06	0
1.85782e+06	0
1.85792e+06	0
1.85802e+06	0
1.85812e+06	0
1.85822e+06	0
1.85832e+06	0
1.85842e+06	0
1.85852e+06	0
1.85862e+06	0
1.85872e+06	0
1.85882e+06	0
1.85892e+06	0
1.85902e+06	0
1.85912e+06	0
1.85922e+06	0
1.85932e+06	0
1.85942e+06	0
1.85952e+06	0
1.85962e+06	0
1.85972e+06	0
1.85982e+06	0
1.85992e+06	0
1.86002e+06	0
1.86012e+06	0
1.86022e+06	0
1.86032e+06	0
1.86042e+06	0
1.86052e+06	0
1.86062e+06	0
1.86072e+06	0
1.86082e+06	0
1.86092e+06	0
1.86102e+06	0
1.86112e+06	0
1.86122e+06	0
1.86132e+06	0
1.86142e+06	0
1.86152e+06	0
1.86162e+06	0
1.86172e+06	0
1.86182e+06	0
1.86192e+06	0
1.86202e+06	0
1.86212e+06	0
1.86222e+06	0
1.86232e+06	0
1.86242e+06	0
1.86252e+06	0
1.86262e+06	0
1.86272e+06	0
1.86282e+06	0
1.86292e+06	0
1.86302e+06	0
1.86312e+06	0
1.86322e+06	0
1.86332e+06	0
1.86342e+06	0
1.86352e+06	0
1.86362e+06	0
1.86372e+06	0
1.86382e+06	0
1.86392e+06	0
1.86402e+06	0
1.86412e+06	0
1.86422e+06	0
1.86432e+06	0
1.86442e+06	0
1.86452e+06	0
1.86462e+06	0
1.86472e+06	0
1.86482e+06	0
1.86492e+06	0
1.86502e+06	0
1.86512e+06	0
1.86522e+06	0
1.86532e+06	0
1.86542e+06	0
1.86552e+06	0
1.86562e+06	0
1.86572e+06	0
1.86582e+06	0
1.86592e+06	0
1.86602e+06	0
1.86612e+06	0
1.86622e+06	0
1.86632e+06	0
1.86642e+06	0
1.86652e+06	0
1.86662e+06	0
1.86672e+06	0
1.86682e+06	0
1.86692e+06	0
1.86702e+06	0
1.86712e+06	0
1.86722e+06	0
1.86732e+06	0
1.86742e+06	0
1.86752e+06	0
1.86762e+06	0
1.86772e+06	0
1.86782e+06	0
1.86792e+06	0
1.86802e+06	0
1.86812e+06	0
1.86822e+06	0
1.86832e+06	0
1.86842e+06	0
1.86852e+06	0
1.86862e+06	0
1.86872e+06	0
1.86882e+06	0
1.86892e+06	0
1.86902e+06	0
1.86912e+06	0
1.86922e+06	0
1.86932e+06	0
1.86942e+06	0
1.86952e+06	0
1.86962e+06	0
1.86972e+06	0
1.86982e+06	0
1.86992e+06	0
1.87002e+06	0
1.87012e+06	0
1.87022e+06	0
1.87032e+06	0
1.87042e+06	0
1.87052e+06	0
1.87062e+06	0
1.87072e+06	0
1.87082e+06	0
1.87092e+06	0
1.87102e+06	0
1.87112e+06	0
1.87122e+06	0
1.87132e+06	0
1.87142e+06	0
1.87152e+06	0
1.87162e+06	0
1.87172e+06	0
1.87182e+06	0
1.87192e+06	0
1.87202e+06	0
1.87212e+06	0
1.87222e+06	0
1.87232e+06	0
1.87242e+06	0
1.87252e+06	0
1.87262e+06	0
1.87272e+06	0
1.87282e+06	0
1.87292e+06	0
1.87302e+06	0
1.87312e+06	0
1.87322e+06	0
1.87332e+06	0
1.87342e+06	0
1.87352e+06	0
1.87362e+06	0
1.87372e+06	0
1.87382e+06	0
1.87392e+06	0
1.87402e+06	0
1.87412e+06	0
1.87422e+06	0
1.87432e+06	0
1.87442e+06	0
1.87452e+06	0
1.87462e+06	0
1.87472e+06	0
1.87482e+06	0
1.87492e+06	0
1.87502e+06	0
1.87512e+06	0
1.87522e+06	0
1.87532e+06	0
1.87542e+06	0
1.87552e+06	0
1.87562e+06	0
1.87572e+06	0
1.87582e+06	0
1.87592e+06	0
1.87602e+06	0
1.87612e+06	0
1.87622e+06	0
1.87632e+06	0
1.87642e+06	0
1.87652e+06	0
1.87662e+06	0
1.87672e+06	0
1.87682e+06	0
1.87692e+06	0
1.87702e+06	0
1.87712e+06	0
1.87722e+06	0
1.87732e+06	0
1.87742e+06	0
1.87752e+06	0
1.87762e+06	0
1.87772e+06	0
1.87782e+06	0
1.87792e+06	0
1.87802e+06	0
1.87812e+06	0
1.87822e+06	0
1.87832e+06	0
1.87842e+06	0
1.87852e+06	0
1.87862e+06	0
1.87872e+06	0
1.87882e+06	0
1.87892e+06	0
1.87902e+06	0
1.87912e+06	0
1.87922e+06	0
1.87932e+06	0
1.87942e+06	0
1.87952e+06	0
1.87962e+06	0
1.87972e+06	0
1.87982e+06	0
1.87992e+06	0
1.88002e+06	0
1.88012e+06	0
1.88022e+06	0
1.88032e+06	0
1.88042e+06	0
1.88052e+06	0
1.88062e+06	0
1.88072e+06	0
1.88082e+06	0
1.88092e+06	0
1.88102e+06	0
1.88112e+06	0
1.88122e+06	0
1.88132e+06	0
1.88142e+06	0
1.88152e+06	0
1.88162e+06	0
1.88172e+06	0
1.88182e+06	0
1.88192e+06	0
1.88202e+06	0
1.88212e+06	0
1.88222e+06	0
1.88232e+06	0
1.88242e+06	0
1.88252e+06	0
1.88262e+06	0
1.88272e+06	0
1.88282e+06	0
1.88292e+06	0
1.88302e+06	0
1.88312e+06	0
1.88322e+06	0
1.88332e+06	0
1.88342e+06	0
1.88352e+06	0
1.88362e+06	0
1.88372e+06	0
1.88382e+06	0
1.88392e+06	0
1.88402e+06	0
1.88412e+06	0
1.88422e+06	0
1.88432e+06	0
1.88442e+06	0
1.88452e+06	0
1.88462e+06	0
1.88472e+06	0
1.88482e+06	0
1.88492e+06	0
1.88502e+06	0
1.88512e+06	0
1.88522e+06	0
1.88532e+06	0
1.88542e+06	0
1.88552e+06	0
1.88562e+06	0
1.88572e+06	0
1.88582e+06	0
1.88592e+06	0
1.88602e+06	0
1.88612e+06	0
1.88622e+06	0
1.88632e+06	0
1.88642e+06	0
1.88652e+06	0
1.88662e+06	0
1.88672e+06	0
1.88682e+06	0
1.88692e+06	0
1.88702e+06	0
1.88712e+06	0
1.88722e+06	0
1.88732e+06	0
1.88742e+06	0
1.88752e+06	0
1.88762e+06	0
1.88772e+06	0
1.88782e+06	0
1.88792e+06	0
1.88802e+06	0
1.88812e+06	0
1.88822e+06	0
1.88832e+06	0
1.88842e+06	0
1.88852e+06	0
1.88862e+06	0
1.88872e+06	0
1.88882e+06	0
1.88892e+06	0
1.88902e+06	0
1.88912e+06	0
1.88922e+06	0
1.88932e+06	0
1.88942e+06	0
1.88952e+06	0
1.88962e+06	0
1.88972e+06	0
1.88982e+06	0
1.88992e+06	0
1.89002e+06	0
1.89012e+06	0
1.89022e+06	0
1.89032e+06	0
1.89042e+06	0
1.89052e+06	0
1.89062e+06	0
1.89072e+06	0
1.89082e+06	0
1.89092e+06	0
1.89102e+06	0
1.89112e+06	0
1.89122e+06	0
1.89132e+06	0
1.89142e+06	0
1.89152e+06	0
1.89162e+06	0
1.89172e+06	0
1.89182e+06	0
1.89192e+06	0
1.89202e+06	0
1.89212e+06	0
1.89222e+06	0
1.89232e+06	0
1.89242e+06	0
1.89252e+06	0
1.89262e+06	0
1.89272e+06	0
1.89282e+06	0
1.89292e+06	0
1.89302e+06	0
1.89312e+06	0
1.89322e+06	0
1.89332e+06	0
1.89342e+06	0
1.89352e+06	0
1.89362e+06	0
1.89372e+06	0
1.89382e+06	0
1.89392e+06	0
1.89402e+06	0
1.89412e+06	0
1.89422e+06	0
1.89432e+06	0
1.89442e+06	0
1.89452e+06	0
1.89462e+06	0
1.89472e+06	0
1.89482e+06	0
1.89492e+06	0
1.89502e+06	0
1.89512e+06	0
1.89522e+06	0
1.89532e+06	0
1.89542e+06	0
1.89552e+06	0
1.89562e+06	0
1.89572e+06	0
1.89582e+06	0
1.89592e+06	0
1.89602e+06	0
1.89612e+06	0
1.89622e+06	0
1.89632e+06	0
1.89642e+06	0
1.89652e+06	0
1.89662e+06	0
1.89672e+06	0
1.89682e+06	0
1.89692e+06	0
1.89702e+06	0
1.89712e+06	0
1.89722e+06	0
1.89732e+06	0
1.89742e+06	0
1.89752e+06	0
1.89762e+06	0
1.89772e+06	0
1.89782e+06	0
1.89792e+06	0
1.89802e+06	0
1.89812e+06	0
1.89822e+06	0
1.89832e+06	0
1.89842e+06	0
1.89852e+06	0
1.89862e+06	0
1.89872e+06	0
1.89882e+06	0
1.89892e+06	0
1.89902e+06	0
1.89912e+06	0
1.89922e+06	0
1.89932e+06	0
1.89942e+06	0
1.89952e+06	0
1.89962e+06	0
1.89972e+06	0
1.89982e+06	0
1.89992e+06	0
1.90002e+06	0
1.90012e+06	0
1.90022e+06	0
1.90032e+06	0
1.90042e+06	0
1.90052e+06	0
1.90062e+06	0
1.90072e+06	0
1.90082e+06	0
1.90092e+06	0
1.90102e+06	0
1.90112e+06	0
1.90122e+06	0
1.90132e+06	0
1.90142e+06	0
1.90152e+06	0
1.90162e+06	0
1.90172e+06	0
1.90182e+06	0
1.90192e+06	0
1.90202e+06	0
1.90212e+06	0
1.90222e+06	0
1.90232e+06	0
1.90242e+06	0
1.90252e+06	0
1.90262e+06	0
1.90272e+06	0
1.90282e+06	0
1.90292e+06	0
1.90302e+06	0
1.90312e+06	0
1.90322e+06	0
1.90332e+06	0
1.90342e+06	0
1.90352e+06	0
1.90362e+06	0
1.90372e+06	0
1.90382e+06	0
1.90392e+06	0
1.90402e+06	0
1.90412e+06	0
1.90422e+06	0
1.90432e+06	0
1.90442e+06	0
1.90452e+06	0
1.90462e+06	0
1.90472e+06	0
1.90482e+06	0
1.90492e+06	0
1.90502e+06	0
1.90512e+06	0
1.90522e+06	0
1.90532e+06	0
1.90542e+06	0
1.90552e+06	0
1.90562e+06	0
1.90572e+06	0
1.90582e+06	0
1.90592e+06	0
1.90602e+06	0
1.90612e+06	0
1.90622e+06	0
1.90632e+06	0
1.90642e+06	0
1.90652e+06	0
1.90662e+06	0
1.90672e+06	0
1.90682e+06	0
1.90692e+06	0
1.90702e+06	0
1.90712e+06	0
1.90722e+06	0
1.90732e+06	0
1.90742e+06	0
1.90752e+06	0
1.90762e+06	0
1.90772e+06	0
1.90782e+06	0
1.90792e+06	0
1.90802e+06	0
1.90812e+06	0
1.90822e+06	0
1.90832e+06	0
1.90842e+06	0
1.90852e+06	0
1.90862e+06	0
1.90872e+06	0
1.90882e+06	0
1.90892e+06	0
1.90902e+06	0
1.90912e+06	0
1.90922e+06	0
1.90932e+06	0
1.90942e+06	0
1.90952e+06	0
1.90962e+06	0
1.90972e+06	0
1.90982e+06	0
1.90992e+06	0
1.91002e+06	0
1.91012e+06	0
1.91022e+06	0
1.91032e+06	0
1.91042e+06	0
1.91052e+06	0
1.91062e+06	0
1.91072e+06	0
1.91082e+06	0
1.91092e+06	0
1.91102e+06	0
1.91112e+06	0
1.91122e+06	0
1.91132e+06	0
1.91142e+06	0
1.91152e+06	0
1.91162e+06	0
1.91172e+06	0
1.91182e+06	0
1.91192e+06	0
1.91202e+06	0
1.91212e+06	0
1.91222e+06	0
1.91232e+06	0
1.91242e+06	0
1.91252e+06	0
1.91262e+06	0
1.91272e+06	0
1.91282e+06	0
1.91292e+06	0
1.91302e+06	0
1.91312e+06	0
1.91322e+06	0
1.91332e+06	0
1.91342e+06	0
1.91352e+06	0
1.91362e+06	0
1.91372e+06	0
1.91382e+06	0
1.91392e+06	0
1.91402e+06	0
1.91412e+06	0
1.91422e+06	0
1.91432e+06	0
1.91442e+06	0
1.91452e+06	0
1.91462e+06	0
1.91472e+06	0
1.91482e+06	0
1.91492e+06	0
1.91502e+06	0
1.91512e+06	0
1.91522e+06	0
1.91532e+06	0
1.91542e+06	0
1.91552e+06	0
1.91562e+06	0
1.91572e+06	0
1.91582e+06	0
1.91592e+06	0
1.91602e+06	0
1.91612e+06	0
1.91622e+06	0
1.91632e+06	0
1.91642e+06	0
1.91652e+06	0
1.91662e+06	0
1.91672e+06	0
1.91682e+06	0
1.91692e+06	0
1.91702e+06	0
1.91712e+06	0
1.91722e+06	0
1.91732e+06	0
1.91742e+06	0
1.91752e+06	0
1.91762e+06	0
1.91772e+06	0
1.91782e+06	0
1.91792e+06	0
1.91802e+06	0
1.91812e+06	0
1.91822e+06	0
1.91832e+06	0
1.91842e+06	0
1.91852e+06	0
1.91862e+06	0
1.91872e+06	0
1.91882e+06	0
1.91892e+06	0
1.91902e+06	0
1.91912e+06	0
1.91922e+06	0
1.91932e+06	0
1.91942e+06	0
1.91952e+06	0
1.91962e+06	0
1.91972e+06	0
1.91982e+06	0
1.91992e+06	0
1.92002e+06	0
1.92012e+06	0
1.92022e+06	0
1.92032e+06	0
1.92042e+06	0
1.92052e+06	0
1.92062e+06	0
1.92072e+06	0
1.92082e+06	0
1.92092e+06	0
1.92102e+06	0
1.92112e+06	0
1.92122e+06	0
1.92132e+06	0
1.92142e+06	0
1.92152e+06	0
1.92162e+06	0
1.92172e+06	0
1.92182e+06	0
1.92192e+06	0
1.92202e+06	0
1.92212e+06	0
1.92222e+06	0
1.92232e+06	0
1.92242e+06	0
1.92252e+06	0
1.92262e+06	0
1.92272e+06	0
1.92282e+06	0
1.92292e+06	0
1.92302e+06	0
1.92312e+06	0
1.92322e+06	0
1.92332e+06	0
1.92342e+06	0
1.92352e+06	0
1.92362e+06	0
1.92372e+06	0
1.92382e+06	0
1.92392e+06	0
1.92402e+06	0
1.92412e+06	0
1.92422e+06	0
1.92432e+06	0
1.92442e+06	0
1.92452e+06	0
1.92462e+06	0
1.92472e+06	0
1.92482e+06	0
1.92492e+06	0
1.92502e+06	0
1.92512e+06	0
1.92522e+06	0
1.92532e+06	0
1.92542e+06	0
1.92552e+06	0
1.92562e+06	0
1.92572e+06	0
1.92582e+06	0
1.92592e+06	0
1.92602e+06	0
1.92612e+06	0
1.92622e+06	0
1.92632e+06	0
1.92642e+06	0
1.92652e+06	0
1.92662e+06	0
1.92672e+06	0
1.92682e+06	0
1.92692e+06	0
1.92702e+06	0
1.92712e+06	0
1.92722e+06	0
1.92732e+06	0
1.92742e+06	0
1.92752e+06	0
1.92762e+06	0
1.92772e+06	0
1.92782e+06	0
1.92792e+06	0
1.92802e+06	0
1.92812e+06	0
1.92822e+06	0
1.92832e+06	0
1.92842e+06	0
1.92852e+06	0
1.92862e+06	0
1.92872e+06	0
1.92882e+06	0
1.92892e+06	0
1.92902e+06	0
1.92912e+06	0
1.92922e+06	0
1.92932e+06	0
1.92942e+06	0
1.92952e+06	0
1.92962e+06	0
1.92972e+06	0
1.92982e+06	0
1.92992e+06	0
1.93002e+06	0
1.93012e+06	0
1.93022e+06	0
1.93032e+06	0
1.93042e+06	0
1.93052e+06	0
1.93062e+06	0
1.93072e+06	0
1.93082e+06	0
1.93092e+06	0
1.93102e+06	0
1.93112e+06	0
1.93122e+06	0
1.93132e+06	0
1.93142e+06	0
1.93152e+06	0
1.93162e+06	0
1.93172e+06	0
1.93182e+06	0
1.93192e+06	0
1.93202e+06	0
1.93212e+06	0
1.93222e+06	0
1.93232e+06	0
1.93242e+06	0
1.93252e+06	0
1.93262e+06	0
1.93272e+06	0
1.93282e+06	0
1.93292e+06	0
1.93302e+06	0
1.93312e+06	0
1.93322e+06	0
1.93332e+06	0
1.93342e+06	0
1.93352e+06	0
1.93362e+06	0
1.93372e+06	0
1.93382e+06	0
1.93392e+06	0
1.93402e+06	0
1.93412e+06	0
1.93422e+06	0
1.93432e+06	0
1.93442e+06	0
1.93452e+06	0
1.93462e+06	0
1.93472e+06	0
1.93482e+06	0
1.93492e+06	0
1.93502e+06	0
1.93512e+06	0
1.93522e+06	0
1.93532e+06	0
1.93542e+06	0
1.93552e+06	0
1.93562e+06	0
1.93572e+06	0
1.93582e+06	0
1.93592e+06	0
1.93602e+06	0
1.93612e+06	0
1.93622e+06	0
1.93632e+06	0
1.93642e+06	0
1.93652e+06	0
1.93662e+06	0
1.93672e+06	0
1.93682e+06	0
1.93692e+06	0
1.93702e+06	0
1.93712e+06	0
1.93722e+06	0
1.93732e+06	0
1.93742e+06	0
1.93752e+06	0
1.93762e+06	0
1.93772e+06	0
1.93782e+06	0
1.93792e+06	0
1.93802e+06	0
1.93812e+06	0
1.93822e+06	0
1.93832e+06	0
1.93842e+06	0
1.93852e+06	0
1.93862e+06	0
1.93872e+06	0
1.93882e+06	0
1.93892e+06	0
1.93902e+06	0
1.93912e+06	0
1.93922e+06	0
1.93932e+06	0
1.93942e+06	0
1.93952e+06	0
1.93962e+06	0
1.93972e+06	0
1.93982e+06	0
1.93992e+06	0
1.94002e+06	0
1.94012e+06	0
1.94022e+06	0
1.94032e+06	0
1.94042e+06	0
1.94052e+06	0
1.94062e+06	0
1.94072e+06	0
1.94082e+06	0
1.94092e+06	0
1.94102e+06	0
1.94112e+06	0
1.94122e+06	0
1.94132e+06	0
1.94142e+06	0
1.94152e+06	0
1.94162e+06	0
1.94172e+06	0
1.94182e+06	0
1.94192e+06	0
1.94202e+06	0
1.94212e+06	0
1.94222e+06	0
1.94232e+06	0
1.94242e+06	0
1.94252e+06	0
1.94262e+06	0
1.94272e+06	0
1.94282e+06	0
1.94292e+06	0
1.94302e+06	0
1.94312e+06	0
1.94322e+06	0
1.94332e+06	0
1.94342e+06	0
1.94352e+06	0
1.94362e+06	0
1.94372e+06	0
1.94382e+06	0
1.94392e+06	0
1.94402e+06	0
1.94412e+06	0
1.94422e+06	0
1.94432e+06	0
1.94442e+06	0
1.94452e+06	0
1.94462e+06	0
1.94472e+06	0
1.94482e+06	0
1.94492e+06	0
1.94502e+06	0
1.94512e+06	0
1.94522e+06	0
1.94532e+06	0
1.94542e+06	0
1.94552e+06	0
1.94562e+06	0
1.94572e+06	0
1.94582e+06	0
1.94592e+06	0
1.94602e+06	0
1.94612e+06	0
1.94622e+06	0
1.94632e+06	0
1.94642e+06	0
1.94652e+06	0
1.94662e+06	0
1.94672e+06	0
1.94682e+06	0
1.94692e+06	0
1.94702e+06	0
1.94712e+06	0
1.94722e+06	0
1.94732e+06	0
1.94742e+06	0
1.94752e+06	0
1.94762e+06	0
1.94772e+06	0
1.94782e+06	0
1.94792e+06	0
1.94802e+06	0
1.94812e+06	0
1.94822e+06	0
1.94832e+06	0
1.94842e+06	0
1.94852e+06	0
1.94862e+06	0
1.94872e+06	0
1.94882e+06	0
1.94892e+06	0
1.94902e+06	0
1.94912e+06	0
1.94922e+06	0
1.94932e+06	0
1.94942e+06	0
1.94952e+06	0
1.94962e+06	0
1.94972e+06	0
1.94982e+06	0
1.94992e+06	0
1.95002e+06	0
1.95012e+06	0
1.95022e+06	0
1.95032e+06	0
1.95042e+06	0
1.95052e+06	0
1.95062e+06	0
1.95072e+06	0
1.95082e+06	0
1.95092e+06	0
1.95102e+06	0
1.95112e+06	0
1.95122e+06	0
1.95132e+06	0
1.95142e+06	0
1.95152e+06	0
1.95162e+06	0
1.95172e+06	0
1.95182e+06	0
1.95192e+06	0
1.95202e+06	0
1.95212e+06	0
1.95222e+06	0
1.95232e+06	0
1.95242e+06	0
1.95252e+06	0
1.95262e+06	0
1.95272e+06	0
1.95282e+06	0
1.95292e+06	0
1.95302e+06	0
1.95312e+06	0
1.95322e+06	0
1.95332e+06	0
1.95342e+06	0
1.95352e+06	0
1.95362e+06	0
1.95372e+06	0
1.95382e+06	0
1.95392e+06	0
1.95402e+06	0
1.95412e+06	0
1.95422e+06	0
1.95432e+06	0
1.95442e+06	0
1.95452e+06	0
1.95462e+06	0
1.95472e+06	0
1.95482e+06	0
1.95492e+06	0
1.95502e+06	0
1.95512e+06	0
1.95522e+06	0
1.95532e+06	0
1.95542e+06	0
1.95552e+06	0
1.95562e+06	0
1.95572e+06	0
1.95582e+06	0
1.95592e+06	0
1.95602e+06	0
1.95612e+06	0
1.95622e+06	0
1.95632e+06	0
1.95642e+06	0
1.95652e+06	0
1.95662e+06	0
1.95672e+06	0
1.95682e+06	0
1.95692e+06	0
1.95702e+06	0
1.95712e+06	0
1.95722e+06	0
1.95732e+06	0
1.95742e+06	0
1.95752e+06	0
1.95762e+06	0
1.95772e+06	0
1.95782e+06	0
1.95792e+06	0
1.95802e+06	0
1.95812e+06	0
1.95822e+06	0
1.95832e+06	0
1.95842e+06	0
1.95852e+06	0
1.95862e+06	0
1.95872e+06	0
1.95882e+06	0
1.95892e+06	0
1.95902e+06	0
1.95912e+06	0
1.95922e+06	0
1.95932e+06	0
1.95942e+06	0
1.95952e+06	0
1.95962e+06	0
1.95972e+06	0
1.95982e+06	0
1.95992e+06	0
1.96002e+06	0
1.96012e+06	0
1.96022e+06	0
1.96032e+06	0
1.96042e+06	0
1.96052e+06	0
1.96062e+06	0
1.96072e+06	0
1.96082e+06	0
1.96092e+06	0
1.96102e+06	0
1.96112e+06	0
1.96122e+06	0
1.96132e+06	0
1.96142e+06	0
1.96152e+06	0
1.96162e+06	0
1.96172e+06	0
1.96182e+06	0
1.96192e+06	0
1.96202e+06	0
1.96212e+06	0
1.96222e+06	0
1.96232e+06	0
1.96242e+06	0
1.96252e+06	0
1.96262e+06	0
1.96272e+06	0
1.96282e+06	0
1.96292e+06	0
1.96302e+06	0
1.96312e+06	0
1.96322e+06	0
1.96332e+06	0
1.96342e+06	0
1.96352e+06	0
1.96362e+06	0
1.96372e+06	0
1.96382e+06	0
1.96392e+06	0
1.96402e+06	0
1.96412e+06	0
1.96422e+06	0
1.96432e+06	0
1.96442e+06	0
1.96452e+06	0
1.96462e+06	0
1.96472e+06	0
1.96482e+06	0
1.96492e+06	0
1.96502e+06	0
1.96512e+06	0
1.96522e+06	0
1.96532e+06	0
1.96542e+06	0
1.96552e+06	0
1.96562e+06	0
1.96572e+06	0
1.96582e+06	0
1.96592e+06	0
1.96602e+06	0
1.96612e+06	0
1.96622e+06	0
1.96632e+06	0
1.96642e+06	0
1.96652e+06	0
1.96662e+06	0
1.96672e+06	0
1.96682e+06	0
1.96692e+06	0
1.96702e+06	0
1.96712e+06	0
1.96722e+06	0
1.96732e+06	0
1.96742e+06	0
1.96752e+06	0
1.96762e+06	0
1.96772e+06	0
1.96782e+06	0
1.96792e+06	0
1.96802e+06	0
1.96812e+06	0
1.96822e+06	0
1.96832e+06	0
1.96842e+06	0
1.96852e+06	0
1.96862e+06	0
1.96872e+06	0
1.96882e+06	0
1.96892e+06	0
1.96902e+06	0
1.96912e+06	0
1.96922e+06	0
1.96932e+06	0
1.96942e+06	0
1.96952e+06	0
1.96962e+06	0
1.96972e+06	0
1.96982e+06	0
1.96992e+06	0
1.97002e+06	0
1.97012e+06	0
1.97022e+06	0
1.97032e+06	0
1.97042e+06	0
1.97052e+06	0
1.97062e+06	0
1.97072e+06	0
1.97082e+06	0
1.97092e+06	0
1.97102e+06	0
1.97112e+06	0
1.97122e+06	0
1.97132e+06	0
1.97142e+06	0
1.97152e+06	0
1.97162e+06	0
1.97172e+06	0
1.97182e+06	0
1.97192e+06	0
1.97202e+06	0
1.97212e+06	0
1.97222e+06	0
1.97232e+06	0
1.97242e+06	0
1.97252e+06	0
1.97262e+06	0
1.97272e+06	0
1.97282e+06	0
1.97292e+06	0
1.97302e+06	0
1.97312e+06	0
1.97322e+06	0
1.97332e+06	0
1.97342e+06	0
1.97352e+06	0
1.97362e+06	0
1.97372e+06	0
1.97382e+06	0
1.97392e+06	0
1.97402e+06	0
1.97412e+06	0
1.97422e+06	0
1.97432e+06	0
1.97442e+06	0
1.97452e+06	0
1.97462e+06	0
1.97472e+06	0
1.97482e+06	0
1.97492e+06	0
1.97502e+06	0
1.97512e+06	0
1.97522e+06	0
1.97532e+06	0
1.97542e+06	0
1.97552e+06	0
1.97562e+06	0
1.97572e+06	0
1.97582e+06	0
1.97592e+06	0
1.97602e+06	0
1.97612e+06	0
1.97622e+06	0
1.97632e+06	0
1.97642e+06	0
1.97652e+06	0
1.97662e+06	0
1.97672e+06	0
1.97682e+06	0
1.97692e+06	0
1.97702e+06	0
1.97712e+06	0
1.97722e+06	0
1.97732e+06	0
1.97742e+06	0
1.97752e+06	0
1.97762e+06	0
1.97772e+06	0
1.97782e+06	0
1.97792e+06	0
1.97802e+06	0
1.97812e+06	0
1.97822e+06	0
1.97832e+06	0
1.97842e+06	0
1.97852e+06	0
1.97862e+06	0
1.97872e+06	0
1.97882e+06	0
1.97892e+06	0
1.97902e+06	0
1.97912e+06	0
1.97922e+06	0
1.97932e+06	0
1.97942e+06	0
1.97952e+06	0
1.97962e+06	0
1.97972e+06	0
1.97982e+06	0
1.97992e+06	0
1.98002e+06	0
1.98012e+06	0
1.98022e+06	0
1.98032e+06	0
1.98042e+06	0
1.98052e+06	0
1.98062e+06	0
1.98072e+06	0
1.98082e+06	0
1.98092e+06	0
1.98102e+06	0
1.98112e+06	0
1.98122e+06	0
1.98132e+06	0
1.98142e+06	0
1.98152e+06	0
1.98162e+06	0
1.98172e+06	0
1.98182e+06	0
1.98192e+06	0
1.98202e+06	0
1.98212e+06	0
1.98222e+06	0
1.98232e+06	0
1.98242e+06	0
1.98252e+06	0
1.98262e+06	0
1.98272e+06	0
1.98282e+06	0
1.98292e+06	0
1.98302e+06	0
1.98312e+06	0
1.98322e+06	0
1.98332e+06	0
1.98342e+06	0
1.98352e+06	0
1.98362e+06	0
1.98372e+06	0
1.98382e+06	0
1.98392e+06	0
1.98402e+06	0
1.98412e+06	0
1.98422e+06	0
1.98432e+06	0
1.98442e+06	0
1.98452e+06	0
1.98462e+06	0
1.98472e+06	0
1.98482e+06	0
1.98492e+06	0
1.98502e+06	0
1.98512e+06	0
1.98522e+06	0
1.98532e+06	0
1.98542e+06	0
1.98552e+06	0
1.98562e+06	0
1.98572e+06	0
1.98582e+06	0
1.98592e+06	0
1.98602e+06	0
1.98612e+06	0
1.98622e+06	0
1.98632e+06	0
1.98642e+06	0
1.98652e+06	0
1.98662e+06	0
1.98672e+06	0
1.98682e+06	0
1.98692e+06	0
1.98702e+06	0
1.98712e+06	0
1.98722e+06	0
1.98732e+06	0
1.98742e+06	0
1.98752e+06	0
1.98762e+06	0
1.98772e+06	0
1.98782e+06	0
1.98792e+06	0
1.98802e+06	0
1.98812e+06	0
1.98822e+06	0
1.98832e+06	0
1.98842e+06	0
1.98852e+06	0
1.98862e+06	0
1.98872e+06	0
1.98882e+06	0
1.98892e+06	0
1.98902e+06	0
1.98912e+06	0
1.98922e+06	0
1.98932e+06	0
1.98942e+06	0
1.98952e+06	0
1.98962e+06	0
1.98972e+06	0
1.98982e+06	0
1.98992e+06	0
1.99002e+06	0
1.99012e+06	0
1.99022e+06	0
1.99032e+06	0
1.99042e+06	0
1.99052e+06	0
1.99062e+06	0
1.99072e+06	0
1.99082e+06	0
1.99092e+06	0
1.99102e+06	0
1.99112e+06	0
1.99122e+06	0
1.99132e+06	0
1.99142e+06	0
1.99152e+06	0
1.99162e+06	0
1.99172e+06	0
1.99182e+06	0
1.99192e+06	0
1.99202e+06	0
1.99212e+06	0
1.99222e+06	0
1.99232e+06	0
1.99242e+06	0
1.99252e+06	0
1.99262e+06	0
1.99272e+06	0
1.99282e+06	0
1.99292e+06	0
1.99302e+06	0
1.99312e+06	0
1.99322e+06	0
1.99332e+06	0
1.99342e+06	0
1.99352e+06	0
1.99362e+06	0
1.99372e+06	0
1.99382e+06	0
1.99392e+06	0
1.99402e+06	0
1.99412e+06	0
1.99422e+06	0
1.99432e+06	0
1.99442e+06	0
1.99452e+06	0
1.99462e+06	0
1.99472e+06	0
1.99482e+06	0
1.99492e+06	0
1.99502e+06	0
1.99512e+06	0
1.99522e+06	0
1.99532e+06	0
1.99542e+06	0
1.99552e+06	0
1.99562e+06	0
1.99572e+06	0
1.99582e+06	0
1.99592e+06	0
1.99602e+06	0
1.99612e+06	0
1.99622e+06	0
1.99632e+06	0
1.99642e+06	0
1.99652e+06	0
1.99662e+06	0
1.99672e+06	0
1.99682e+06	0
1.99692e+06	0
1.99702e+06	0
1.99712e+06	0
1.99722e+06	0
1.99732e+06	0
1.99742e+06	0
1.99752e+06	0
1.99762e+06	0
1.99772e+06	0
1.99782e+06	0
1.99792e+06	0
1.99802e+06	0
1.99812e+06	0
1.99822e+06	0
1.99832e+06	0
1.99842e+06	0
1.99852e+06	0
1.99862e+06	0
1.99872e+06	0
1.99882e+06	0
1.99892e+06	0
1.99902e+06	0
1.99912e+06	0
1.99922e+06	0
1.99932e+06	0
1.99942e+06	0
1.99952e+06	0
1.99962e+06	0
1.99972e+06	0
1.99982e+06	0
1.99992e+06	0
2.00002e+06	0
2.00012e+06	0
2.00022e+06	0
2.00032e+06	0
2.00042e+06	0
2.00052e+06	0
2.00062e+06	0
2.00072e+06	0
2.00082e+06	0
2.00092e+06	0
2.00102e+06	0
2.00112e+06	0
2.00122e+06	0
2.00132e+06	0
2.00142e+06	0
2.00152e+06	0
2.00162e+06	0
2.00172e+06	0
2.00182e+06	0
2.00192e+06	0
2.00202e+06	0
2.00212e+06	0
2.00222e+06	0
2.00232e+06	0
2.00242e+06	0
2.00252e+06	0
2.00262e+06	0
2.00272e+06	0
2.00282e+06	0
2.00292e+06	0
2.00302e+06	0
2.00312e+06	0
2.00322e+06	0
2.00332e+06	0
2.00342e+06	0
2.00352e+06	0
2.00362e+06	0
2.00372e+06	0
2.00382e+06	0
2.00392e+06	0
2.00402e+06	0
2.00412e+06	0
2.00422e+06	0
2.00432e+06	0
2.00442e+06	0
2.00452e+06	0
2.00462e+06	0
2.00472e+06	0
2.00482e+06	0
2.00492e+06	0
2.00502e+06	0
2.00512e+06	0
2.00522e+06	0
2.00532e+06	0
2.00542e+06	0
2.00552e+06	0
2.00562e+06	0
2.00572e+06	0
2.00582e+06	0
2.00592e+06	0
2.00602e+06	0
2.00612e+06	0
2.00622e+06	0
2.00632e+06	0
2.00642e+06	0
2.00652e+06	0
2.00662e+06	0
2.00672e+06	0
2.00682e+06	0
2.00692e+06	0
2.00702e+06	0
2.00712e+06	0
2.00722e+06	0
2.00732e+06	0
2.00742e+06	0
2.00752e+06	0
2.00762e+06	0
2.00772e+06	0
2.00782e+06	0
2.00792e+06	0
2.00802e+06	0
2.00812e+06	0
2.00822e+06	0
2.00832e+06	0
2.00842e+06	0
2.00852e+06	0
2.00862e+06	0
2.00872e+06	0
2.00882e+06	0
2.00892e+06	0
2.00902e+06	0
2.00912e+06	0
2.00922e+06	0
2.00932e+06	0
2.00942e+06	0
2.00952e+06	0
2.00962e+06	0
2.00972e+06	0
2.00982e+06	0
2.00992e+06	0
2.01002e+06	0
2.01012e+06	0
2.01022e+06	0
2.01032e+06	0
2.01042e+06	0
2.01052e+06	0
2.01062e+06	0
2.01072e+06	0
2.01082e+06	0
2.01092e+06	0
2.01102e+06	0
2.01112e+06	0
2.01122e+06	0
2.01132e+06	0
2.01142e+06	0
2.01152e+06	0
2.01162e+06	0
2.01172e+06	0
2.01182e+06	0
2.01192e+06	0
2.01202e+06	0
2.01212e+06	0
2.01222e+06	0
2.01232e+06	0
2.01242e+06	0
2.01252e+06	0
2.01262e+06	0
2.01272e+06	0
2.01282e+06	0
2.01292e+06	0
2.01302e+06	0
2.01312e+06	0
2.01322e+06	0
2.01332e+06	0
2.01342e+06	0
2.01352e+06	0
2.01362e+06	0
2.01372e+06	0
2.01382e+06	0
2.01392e+06	0
2.01402e+06	0
2.01412e+06	0
2.01422e+06	0
2.01432e+06	0
2.01442e+06	0
2.01452e+06	0
2.01462e+06	0
2.01472e+06	0
2.01482e+06	0
2.01492e+06	0
2.01502e+06	0
2.01512e+06	0
2.01522e+06	0
2.01532e+06	0
2.01542e+06	0
2.01552e+06	0
2.01562e+06	0
2.01572e+06	0
2.01582e+06	0
2.01592e+06	0
2.01602e+06	0
2.01612e+06	0
2.01622e+06	0
2.01632e+06	0
2.01642e+06	0
2.01652e+06	0
2.01662e+06	0
2.01672e+06	0
2.01682e+06	0
2.01692e+06	0
2.01702e+06	0
2.01712e+06	0
2.01722e+06	0
2.01732e+06	0
2.01742e+06	0
2.01752e+06	0
2.01762e+06	0
2.01772e+06	0
2.01782e+06	0
2.01792e+06	0
2.01802e+06	0
2.01812e+06	0
2.01822e+06	0
2.01832e+06	0
2.01842e+06	0
2.01852e+06	0
2.01862e+06	0
2.01872e+06	0
2.01882e+06	0
2.01892e+06	0
2.01902e+06	0
2.01912e+06	0
2.01922e+06	0
2.01932e+06	0
2.01942e+06	0
2.01952e+06	0
2.01962e+06	0
2.01972e+06	0
2.01982e+06	0
2.01992e+06	0
2.02002e+06	0
2.02012e+06	0
2.02022e+06	0
2.02032e+06	0
2.02042e+06	0
2.02052e+06	0
2.02062e+06	0
2.02072e+06	0
2.02082e+06	0
2.02092e+06	0
2.02102e+06	0
2.02112e+06	0
2.02122e+06	0
2.02132e+06	0
2.02142e+06	0
2.02152e+06	0
2.02162e+06	0
2.02172e+06	0
2.02182e+06	0
2.02192e+06	0
2.02202e+06	0
2.02212e+06	0
2.02222e+06	0
2.02232e+06	0
2.02242e+06	0
2.02252e+06	0
2.02262e+06	0
2.02272e+06	0
2.02282e+06	0
2.02292e+06	0
2.02302e+06	0
2.02312e+06	0
2.02322e+06	0
2.02332e+06	0
2.02342e+06	0
2.02352e+06	0
2.02362e+06	0
2.02372e+06	0
2.02382e+06	0
2.02392e+06	0
2.02402e+06	0
2.02412e+06	0
2.02422e+06	0
2.02432e+06	0
2.02442e+06	0
2.02452e+06	0
2.02462e+06	0
2.02472e+06	0
2.02482e+06	0
2.02492e+06	0
2.02502e+06	0
2.02512e+06	0
2.02522e+06	0
2.02532e+06	0
2.02542e+06	0
2.02552e+06	0
2.02562e+06	0
2.02572e+06	0
2.02582e+06	0
2.02592e+06	0
2.02602e+06	0
2.02612e+06	0
2.02622e+06	0
2.02632e+06	0
2.02642e+06	0
2.02652e+06	0
2.02662e+06	0
2.02672e+06	0
2.02682e+06	0
2.02692e+06	0
2.02702e+06	0
2.02712e+06	0
2.02722e+06	0
2.02732e+06	0
2.02742e+06	0
2.02752e+06	0
2.02762e+06	0
2.02772e+06	0
2.02782e+06	0
2.02792e+06	0
2.02802e+06	0
2.02812e+06	0
2.02822e+06	0
2.02832e+06	0
2.02842e+06	0
2.02852e+06	0
2.02862e+06	0
2.02872e+06	0
2.02882e+06	0
2.02892e+06	0
2.02902e+06	0
2.02912e+06	0
2.02922e+06	0
2.02932e+06	0
2.02942e+06	0
2.02952e+06	0
2.02962e+06	0
2.02972e+06	0
2.02982e+06	0
2.02992e+06	0
2.03002e+06	0
2.03012e+06	0
2.03022e+06	0
2.03032e+06	0
2.03042e+06	0
2.03052e+06	0
2.03062e+06	0
2.03072e+06	0
2.03082e+06	0
2.03092e+06	0
2.03102e+06	0
2.03112e+06	0
2.03122e+06	0
2.03132e+06	0
2.03142e+06	0
2.03152e+06	0
2.03162e+06	0
2.03172e+06	0
2.03182e+06	0
2.03192e+06	0
2.03202e+06	0
2.03212e+06	0
2.03222e+06	0
2.03232e+06	0
2.03242e+06	0
2.03252e+06	0
2.03262e+06	0
2.03272e+06	0
2.03282e+06	0
2.03292e+06	0
2.03302e+06	0
2.03312e+06	0
2.03322e+06	0
2.03332e+06	0
2.03342e+06	0
2.03352e+06	0
2.03362e+06	0
2.03372e+06	0
2.03382e+06	0
2.03392e+06	0
2.03402e+06	0
2.03412e+06	0
2.03422e+06	0
2.03432e+06	0
2.03442e+06	0
2.03452e+06	0
2.03462e+06	0
2.03472e+06	0
2.03482e+06	0
2.03492e+06	0
2.03502e+06	0
2.03512e+06	0
2.03522e+06	0
2.03532e+06	0
2.03542e+06	0
2.03552e+06	0
2.03562e+06	0
2.03572e+06	0
2.03582e+06	0
2.03592e+06	0
2.03602e+06	0
2.03612e+06	0
2.03622e+06	0
2.03632e+06	0
2.03642e+06	0
2.03652e+06	0
2.03662e+06	0
2.03672e+06	0
2.03682e+06	0
2.03692e+06	0
2.03702e+06	0
2.03712e+06	0
2.03722e+06	0
2.03732e+06	0
2.03742e+06	0
2.03752e+06	0
2.03762e+06	0
2.03772e+06	0
2.03782e+06	0
2.03792e+06	0
2.03802e+06	0
2.03812e+06	0
2.03822e+06	0
2.03832e+06	0
2.03842e+06	0
2.03852e+06	0
2.03862e+06	0
2.03872e+06	0
2.03882e+06	0
2.03892e+06	0
2.03902e+06	0
2.03912e+06	0
2.03922e+06	0
2.03932e+06	0
2.03942e+06	0
2.03952e+06	0
2.03962e+06	0
2.03972e+06	0
2.03982e+06	0
2.03992e+06	0
2.04002e+06	0
2.04012e+06	0
2.04022e+06	0
2.04032e+06	0
2.04042e+06	0
2.04052e+06	0
2.04062e+06	0
2.04072e+06	0
2.04082e+06	0
2.04092e+06	0
2.04102e+06	0
2.04112e+06	0
2.04122e+06	0
2.04132e+06	0
2.04142e+06	0
2.04152e+06	0
2.04162e+06	0
2.04172e+06	0
2.04182e+06	0
2.04192e+06	0
2.04202e+06	0
2.04212e+06	0
2.04222e+06	0
2.04232e+06	0
2.04242e+06	0
2.04252e+06	0
2.04262e+06	0
2.04272e+06	0
2.04282e+06	0
2.04292e+06	0
2.04302e+06	0
2.04312e+06	0
2.04322e+06	0
2.04332e+06	0
2.04342e+06	0
2.04352e+06	0
2.04362e+06	0
2.04372e+06	0
2.04382e+06	0
2.04392e+06	0
2.04402e+06	0
2.04412e+06	0
2.04422e+06	0
2.04432e+06	0
2.04442e+06	0
2.04452e+06	0
2.04462e+06	0
2.04472e+06	0
2.04482e+06	0
2.04492e+06	0
2.04502e+06	0
2.04512e+06	0
2.04522e+06	0
2.04532e+06	0
2.04542e+06	0
2.04552e+06	0
2.04562e+06	0
2.04572e+06	0
2.04582e+06	0
2.04592e+06	0
2.04602e+06	0
2.04612e+06	0
2.04622e+06	0
2.04632e+06	0
2.04642e+06	0
2.04652e+06	0
2.04662e+06	0
2.04672e+06	0
2.04682e+06	0
2.04692e+06	0
2.04702e+06	0
2.04712e+06	0
2.04722e+06	0
2.04732e+06	0
2.04742e+06	0
2.04752e+06	0
2.04762e+06	0
2.04772e+06	0
2.04782e+06	0
2.04792e+06	0
2.04802e+06	0
2.04812e+06	0
2.04822e+06	0
2.04832e+06	0
2.04842e+06	0
2.04852e+06	0
2.04862e+06	0
2.04872e+06	0
2.04882e+06	0
2.04892e+06	0
2.04902e+06	0
2.04912e+06	0
2.04922e+06	0
2.04932e+06	0
2.04942e+06	0
2.04952e+06	0
2.04962e+06	0
2.04972e+06	0
2.04982e+06	0
2.04992e+06	0
2.05002e+06	0
2.05012e+06	0
2.05022e+06	0
2.05032e+06	0
2.05042e+06	0
2.05052e+06	0
2.05062e+06	0
2.05072e+06	0
2.05082e+06	0
2.05092e+06	0
2.05102e+06	0
2.05112e+06	0
2.05122e+06	0
2.05132e+06	0
2.05142e+06	0
2.05152e+06	0
2.05162e+06	0
2.05172e+06	0
2.05182e+06	0
2.05192e+06	0
2.05202e+06	0
2.05212e+06	0
2.05222e+06	0
2.05232e+06	0
2.05242e+06	0
2.05252e+06	0
2.05262e+06	0
2.05272e+06	0
2.05282e+06	0
2.05292e+06	0
2.05302e+06	0
2.05312e+06	0
2.05322e+06	0
2.05332e+06	0
2.05342e+06	0
2.05352e+06	0
2.05362e+06	0
2.05372e+06	0
2.05382e+06	0
2.05392e+06	0
2.05402e+06	0
2.05412e+06	0
2.05422e+06	0
2.05432e+06	0
2.05442e+06	0
2.05452e+06	0
2.05462e+06	0
2.05472e+06	0
2.05482e+06	0
2.05492e+06	0
2.05502e+06	0
2.05512e+06	0
2.05522e+06	0
2.05532e+06	0
2.05542e+06	0
2.05552e+06	0
2.05562e+06	0
2.05572e+06	0
2.05582e+06	0
2.05592e+06	0
2.05602e+06	0
2.05612e+06	0
2.05622e+06	0
2.05632e+06	0
2.05642e+06	0
2.05652e+06	0
2.05662e+06	0
2.05672e+06	0
2.05682e+06	0
2.05692e+06	0
2.05702e+06	0
2.05712e+06	0
2.05722e+06	0
2.05732e+06	0
2.05742e+06	0
2.05752e+06	0
2.05762e+06	0
2.05772e+06	0
2.05782e+06	0
2.05792e+06	0
2.05802e+06	0
2.05812e+06	0
2.05822e+06	0
2.05832e+06	0
2.05842e+06	0
2.05852e+06	0
2.05862e+06	0
2.05872e+06	0
2.05882e+06	0
2.05892e+06	0
2.05902e+06	0
2.05912e+06	0
2.05922e+06	0
2.05932e+06	0
2.05942e+06	0
2.05952e+06	0
2.05962e+06	0
2.05972e+06	0
2.05982e+06	0
2.05992e+06	0
2.06002e+06	0
2.06012e+06	0
2.06022e+06	0
2.06032e+06	0
2.06042e+06	0
2.06052e+06	0
2.06062e+06	0
2.06072e+06	0
2.06082e+06	0
2.06092e+06	0
2.06102e+06	0
2.06112e+06	0
2.06122e+06	0
2.06132e+06	0
2.06142e+06	0
2.06152e+06	0
2.06162e+06	0
2.06172e+06	0
2.06182e+06	0
2.06192e+06	0
2.06202e+06	0
2.06212e+06	0
2.06222e+06	0
2.06232e+06	0
2.06242e+06	0
2.06252e+06	0
2.06262e+06	0
2.06272e+06	0
2.06282e+06	0
2.06292e+06	0
2.06302e+06	0
2.06312e+06	0
2.06322e+06	0
2.06332e+06	0
2.06342e+06	0
2.06352e+06	0
2.06362e+06	0
2.06372e+06	0
2.06382e+06	0
2.06392e+06	0
2.06402e+06	0
2.06412e+06	0
2.06422e+06	0
2.06432e+06	0
2.06442e+06	0
2.06452e+06	0
2.06462e+06	0
2.06472e+06	0
2.06482e+06	0
2.06492e+06	0
2.06502e+06	0
2.06512e+06	0
2.06522e+06	0
2.06532e+06	0
2.06542e+06	0
2.06552e+06	0
2.06562e+06	0
2.06572e+06	0
2.06582e+06	0
2.06592e+06	0
2.06602e+06	0
2.06612e+06	0
2.06622e+06	0
2.06632e+06	0
2.06642e+06	0
2.06652e+06	0
2.06662e+06	0
2.06672e+06	0
2.06682e+06	0
2.06692e+06	0
2.06702e+06	0
2.06712e+06	0
2.06722e+06	0
2.06732e+06	0
2.06742e+06	0
2.06752e+06	0
2.06762e+06	0
2.06772e+06	0
2.06782e+06	0
2.06792e+06	0
2.06802e+06	0
2.06812e+06	0
2.06822e+06	0
2.06832e+06	0
2.06842e+06	0
2.06852e+06	0
2.06862e+06	0
2.06872e+06	0
2.06882e+06	0
2.06892e+06	0
2.06902e+06	0
2.06912e+06	0
2.06922e+06	0
2.06932e+06	0
2.06942e+06	0
2.06952e+06	0
2.06962e+06	0
2.06972e+06	0
2.06982e+06	0
2.06992e+06	0
2.07002e+06	0
2.07012e+06	0
2.07022e+06	0
2.07032e+06	0
2.07042e+06	0
2.07052e+06	0
2.07062e+06	0
2.07072e+06	0
2.07082e+06	0
2.07092e+06	0
2.07102e+06	0
2.07112e+06	0
2.07122e+06	0
2.07132e+06	0
2.07142e+06	0
2.07152e+06	0
2.07162e+06	0
2.07172e+06	0
2.07182e+06	0
2.07192e+06	0
2.07202e+06	0
2.07212e+06	0
2.07222e+06	0
2.07232e+06	0
2.07242e+06	0
2.07252e+06	0
2.07262e+06	0
2.07272e+06	0
2.07282e+06	0
2.07292e+06	0
2.07302e+06	0
2.07312e+06	0
2.07322e+06	0
2.07332e+06	0
2.07342e+06	0
2.07352e+06	0
2.07362e+06	0
2.07372e+06	0
2.07382e+06	0
2.07392e+06	0
2.07402e+06	0
2.07412e+06	0
2.07422e+06	0
2.07432e+06	0
2.07442e+06	0
2.07452e+06	0
2.07462e+06	0
2.07472e+06	0
2.07482e+06	0
2.07492e+06	0
2.07502e+06	0
2.07512e+06	0
2.07522e+06	0
2.07532e+06	0
2.07542e+06	0
2.07552e+06	0
2.07562e+06	0
2.07572e+06	0
2.07582e+06	0
2.07592e+06	0
2.07602e+06	0
2.07612e+06	0
2.07622e+06	0
2.07632e+06	0
2.07642e+06	0
2.07652e+06	0
2.07662e+06	0
2.07672e+06	0
2.07682e+06	0
2.07692e+06	0
2.07702e+06	0
2.07712e+06	0
2.07722e+06	0
2.07732e+06	0
2.07742e+06	0
2.07752e+06	0
2.07762e+06	0
2.07772e+06	0
2.07782e+06	0
2.07792e+06	0
2.07802e+06	0
2.07812e+06	0
2.07822e+06	0
2.07832e+06	0
2.07842e+06	0
2.07852e+06	0
2.07862e+06	0
2.07872e+06	0
2.07882e+06	0
2.07892e+06	0
2.07902e+06	0
2.07912e+06	0
2.07922e+06	0
2.07932e+06	0
2.07942e+06	0
2.07952e+06	0
2.07962e+06	0
2.07972e+06	0
2.07982e+06	0
2.07992e+06	0
2.08002e+06	0
2.08012e+06	0
2.08022e+06	0
2.08032e+06	0
2.08042e+06	0
2.08052e+06	0
2.08062e+06	0
2.08072e+06	0
2.08082e+06	0
2.08092e+06	0
2.08102e+06	0
2.08112e+06	0
2.08122e+06	0
2.08132e+06	0
2.08142e+06	0
2.08152e+06	0
2.08162e+06	0
2.08172e+06	0
2.08182e+06	0
2.08192e+06	0
2.08202e+06	0
2.08212e+06	0
2.08222e+06	0
2.08232e+06	0
2.08242e+06	0
2.08252e+06	0
2.08262e+06	0
2.08272e+06	0
2.08282e+06	0
2.08292e+06	0
2.08302e+06	0
2.08312e+06	0
2.08322e+06	0
2.08332e+06	0
2.08342e+06	0
2.08352e+06	0
2.08362e+06	0
2.08372e+06	0
2.08382e+06	0
2.08392e+06	0
2.08402e+06	0
2.08412e+06	0
2.08422e+06	0
2.08432e+06	0
2.08442e+06	0
2.08452e+06	0
2.08462e+06	0
2.08472e+06	0
2.08482e+06	0
2.08492e+06	0
2.08502e+06	0
2.08512e+06	0
2.08522e+06	0
2.08532e+06	0
2.08542e+06	0
2.08552e+06	0
2.08562e+06	0
2.08572e+06	0
2.08582e+06	0
2.08592e+06	0
2.08602e+06	0
2.08612e+06	0
2.08622e+06	0
2.08632e+06	0
2.08642e+06	0
2.08652e+06	0
2.08662e+06	0
2.08672e+06	0
2.08682e+06	0
2.08692e+06	0
2.08702e+06	0
2.08712e+06	0
2.08722e+06	0
2.08732e+06	0
2.08742e+06	0
2.08752e+06	0
2.08762e+06	0
2.08772e+06	0
2.08782e+06	0
2.08792e+06	0
2.08802e+06	0
2.08812e+06	0
2.08822e+06	0
2.08832e+06	0
2.08842e+06	0
2.08852e+06	0
2.08862e+06	0
2.08872e+06	0
2.08882e+06	0
2.08892e+06	0
2.08902e+06	0
2.08912e+06	0
2.08922e+06	0
2.08932e+06	0
2.08942e+06	0
2.08952e+06	0
2.08962e+06	0
2.08972e+06	0
2.08982e+06	0
2.08992e+06	0
2.09002e+06	0
2.09012e+06	0
2.09022e+06	0
2.09032e+06	0
2.09042e+06	0
2.09052e+06	0
2.09062e+06	0
2.09072e+06	0
2.09082e+06	0
2.09092e+06	0
2.09102e+06	0
2.09112e+06	0
2.09122e+06	0
2.09132e+06	0
2.09142e+06	0
2.09152e+06	0
2.09162e+06	0
2.09172e+06	0
2.09182e+06	0
2.09192e+06	0
2.09202e+06	0
2.09212e+06	0
2.09222e+06	0
2.09232e+06	0
2.09242e+06	0
2.09252e+06	0
2.09262e+06	0
2.09272e+06	0
2.09282e+06	0
2.09292e+06	0
2.09302e+06	0
2.09312e+06	0
2.09322e+06	0
2.09332e+06	0
2.09342e+06	0
2.09352e+06	0
2.09362e+06	0
2.09372e+06	0
2.09382e+06	0
2.09392e+06	0
2.09402e+06	0
2.09412e+06	0
2.09422e+06	0
2.09432e+06	0
2.09442e+06	0
2.09452e+06	0
2.09462e+06	0
2.09472e+06	0
2.09482e+06	0
2.09492e+06	0
2.09502e+06	0
2.09512e+06	0
2.09522e+06	0
2.09532e+06	0
2.09542e+06	0
2.09552e+06	0
2.09562e+06	0
2.09572e+06	0
2.09582e+06	0
2.09592e+06	0
2.09602e+06	0
2.09612e+06	0
2.09622e+06	0
2.09632e+06	0
2.09642e+06	0
2.09652e+06	0
2.09662e+06	0
2.09672e+06	0
2.09682e+06	0
2.09692e+06	0
2.09702e+06	0
2.09712e+06	0
2.09722e+06	0
2.09732e+06	0
2.09742e+06	0
2.09752e+06	0
2.09762e+06	0
2.09772e+06	0
2.09782e+06	0
2.09792e+06	0
2.09802e+06	0
2.09812e+06	0
2.09822e+06	0
2.09832e+06	0
2.09842e+06	0
2.09852e+06	0
2.09862e+06	0
2.09872e+06	0
2.09882e+06	0
2.09892e+06	0
2.09902e+06	0
2.09912e+06	0
2.09922e+06	0
2.09932e+06	0
2.09942e+06	0
2.09952e+06	0
2.09962e+06	0
2.09972e+06	0
2.09982e+06	0
2.09992e+06	0
2.10002e+06	0
2.10012e+06	0
2.10022e+06	0
2.10032e+06	0
2.10042e+06	0
2.10052e+06	0
2.10062e+06	0
2.10072e+06	0
2.10082e+06	0
2.10092e+06	0
2.10102e+06	0
2.10112e+06	0
2.10122e+06	0
2.10132e+06	0
2.10142e+06	0
2.10152e+06	0
2.10162e+06	0
2.10172e+06	0
2.10182e+06	0
2.10192e+06	0
2.10202e+06	0
2.10212e+06	0
2.10222e+06	0
2.10232e+06	0
2.10242e+06	0
2.10252e+06	0
2.10262e+06	0
2.10272e+06	0
2.10282e+06	0
2.10292e+06	0
2.10302e+06	0
2.10312e+06	0
2.10322e+06	0
2.10332e+06	0
2.10342e+06	0
2.10352e+06	0
2.10362e+06	0
2.10372e+06	0
2.10382e+06	0
2.10392e+06	0
2.10402e+06	0
2.10412e+06	0
2.10422e+06	0
2.10432e+06	0
2.10442e+06	0
2.10452e+06	0
2.10462e+06	0
2.10472e+06	0
2.10482e+06	0
2.10492e+06	0
2.10502e+06	0
2.10512e+06	0
2.10522e+06	0
2.10532e+06	0
2.10542e+06	0
2.10552e+06	0
2.10562e+06	0
2.10572e+06	0
2.10582e+06	0
2.10592e+06	0
2.10602e+06	0
2.10612e+06	0
2.10622e+06	0
2.10632e+06	0
2.10642e+06	0
2.10652e+06	0
2.10662e+06	0
2.10672e+06	0
2.10682e+06	0
2.10692e+06	0
2.10702e+06	0
2.10712e+06	0
2.10722e+06	0
2.10732e+06	0
2.10742e+06	0
2.10752e+06	0
2.10762e+06	0
2.10772e+06	0
2.10782e+06	0
2.10792e+06	0
2.10802e+06	0
2.10812e+06	0
2.10822e+06	0
2.10832e+06	0
2.10842e+06	0
2.10852e+06	0
2.10862e+06	0
2.10872e+06	0
2.10882e+06	0
2.10892e+06	0
2.10902e+06	0
2.10912e+06	0
2.10922e+06	0
2.10932e+06	0
2.10942e+06	0
2.10952e+06	0
2.10962e+06	0
2.10972e+06	0
2.10982e+06	0
2.10992e+06	0
2.11002e+06	0
2.11012e+06	0
2.11022e+06	0
2.11032e+06	0
2.11042e+06	0
2.11052e+06	0
2.11062e+06	0
2.11072e+06	0
2.11082e+06	0
2.11092e+06	0
2.11102e+06	0
2.11112e+06	0
2.11122e+06	0
2.11132e+06	0
2.11142e+06	0
2.11152e+06	0
2.11162e+06	0
2.11172e+06	0
2.11182e+06	0
2.11192e+06	0
2.11202e+06	0
2.11212e+06	0
2.11222e+06	0
2.11232e+06	0
2.11242e+06	0
2.11252e+06	0
2.11262e+06	0
2.11272e+06	0
2.11282e+06	0
2.11292e+06	0
2.11302e+06	0
2.11312e+06	0
2.11322e+06	0
2.11332e+06	0
2.11342e+06	0
2.11352e+06	0
2.11362e+06	0
2.11372e+06	0
2.11382e+06	0
2.11392e+06	0
2.11402e+06	0
2.11412e+06	0
2.11422e+06	0
2.11432e+06	0
2.11442e+06	0
2.11452e+06	0
2.11462e+06	0
2.11472e+06	0
2.11482e+06	0
2.11492e+06	0
2.11502e+06	0
2.11512e+06	0
2.11522e+06	0
2.11532e+06	0
2.11542e+06	0
2.11552e+06	0
2.11562e+06	0
2.11572e+06	0
2.11582e+06	0
2.11592e+06	0
2.11602e+06	0
2.11612e+06	0
2.11622e+06	0
2.11632e+06	0
2.11642e+06	0
2.11652e+06	0
2.11662e+06	0
2.11672e+06	0
2.11682e+06	0
2.11692e+06	0
2.11702e+06	0
2.11712e+06	0
2.11722e+06	0
2.11732e+06	0
2.11742e+06	0
2.11752e+06	0
2.11762e+06	0
2.11772e+06	0
2.11782e+06	0
2.11792e+06	0
2.11802e+06	0
2.11812e+06	0
2.11822e+06	0
2.11832e+06	0
2.11842e+06	0
2.11852e+06	0
2.11862e+06	0
2.11872e+06	0
2.11882e+06	0
2.11892e+06	0
2.11902e+06	0
2.11912e+06	0
2.11922e+06	0
2.11932e+06	0
2.11942e+06	0
2.11952e+06	0
2.11962e+06	0
2.11972e+06	0
2.11982e+06	0
2.11992e+06	0
2.12002e+06	0
2.12012e+06	0
2.12022e+06	0
2.12032e+06	0
2.12042e+06	0
2.12052e+06	0
2.12062e+06	0
2.12072e+06	0
2.12082e+06	0
2.12092e+06	0
2.12102e+06	0
2.12112e+06	0
2.12122e+06	0
2.12132e+06	0
2.12142e+06	0
2.12152e+06	0
2.12162e+06	0
2.12172e+06	0
2.12182e+06	0
2.12192e+06	0
2.12202e+06	0
2.12212e+06	0
2.12222e+06	0
2.12232e+06	0
2.12242e+06	0
2.12252e+06	0
2.12262e+06	0
2.12272e+06	0
2.12282e+06	0
2.12292e+06	0
2.12302e+06	0
2.12312e+06	0
2.12322e+06	0
2.12332e+06	0
2.12342e+06	0
2.12352e+06	0
2.12362e+06	0
2.12372e+06	0
2.12382e+06	0
2.12392e+06	0
2.12402e+06	0
2.12412e+06	0
2.12422e+06	0
2.12432e+06	0
2.12442e+06	0
2.12452e+06	0
2.12462e+06	0
2.12472e+06	0
2.12482e+06	0
2.12492e+06	0
2.12502e+06	0
2.12512e+06	0
2.12522e+06	0
2.12532e+06	0
2.12542e+06	0
2.12552e+06	0
2.12562e+06	0
2.12572e+06	0
2.12582e+06	0
2.12592e+06	0
2.12602e+06	0
2.12612e+06	0
2.12622e+06	0
2.12632e+06	0
2.12642e+06	0
2.12652e+06	0
2.12662e+06	0
2.12672e+06	0
2.12682e+06	0
2.12692e+06	0
2.12702e+06	0
2.12712e+06	0
2.12722e+06	0
2.12732e+06	0
2.12742e+06	0
2.12752e+06	0
2.12762e+06	0
2.12772e+06	0
2.12782e+06	0
2.12792e+06	0
2.12802e+06	0
2.12812e+06	0
2.12822e+06	0
2.12832e+06	0
2.12842e+06	0
2.12852e+06	0
2.12862e+06	0
2.12872e+06	0
2.12882e+06	0
2.12892e+06	0
2.12902e+06	0
2.12912e+06	0
2.12922e+06	0
2.12932e+06	0
2.12942e+06	0
2.12952e+06	0
2.12962e+06	0
2.12972e+06	0
2.12982e+06	0
2.12992e+06	0
2.13002e+06	0
2.13012e+06	0
2.13022e+06	0
2.13032e+06	0
2.13042e+06	0
2.13052e+06	0
2.13062e+06	0
2.13072e+06	0
2.13082e+06	0
2.13092e+06	0
2.13102e+06	0
2.13112e+06	0
2.13122e+06	0
2.13132e+06	0
2.13142e+06	0
2.13152e+06	0
2.13162e+06	0
2.13172e+06	0
2.13182e+06	0
2.13192e+06	0
2.13202e+06	0
2.13212e+06	0
2.13222e+06	0
2.13232e+06	0
2.13242e+06	0
2.13252e+06	0
2.13262e+06	0
2.13272e+06	0
2.13282e+06	0
2.13292e+06	0
2.13302e+06	0
2.13312e+06	0
2.13322e+06	0
2.13332e+06	0
2.13342e+06	0
2.13352e+06	0
2.13362e+06	0
2.13372e+06	0
2.13382e+06	0
2.13392e+06	0
2.13402e+06	0
2.13412e+06	0
2.13422e+06	0
2.13432e+06	0
2.13442e+06	0
2.13452e+06	0
2.13462e+06	0
2.13472e+06	0
2.13482e+06	0
2.13492e+06	0
2.13502e+06	0
2.13512e+06	0
2.13522e+06	0
2.13532e+06	0
2.13542e+06	0
2.13552e+06	0
2.13562e+06	0
2.13572e+06	0
2.13582e+06	0
2.13592e+06	0
2.13602e+06	0
2.13612e+06	0
2.13622e+06	0
2.13632e+06	0
2.13642e+06	0
2.13652e+06	0
2.13662e+06	0
2.13672e+06	0
2.13682e+06	0
2.13692e+06	0
2.13702e+06	0
2.13712e+06	0
2.13722e+06	0
2.13732e+06	0
2.13742e+06	0
2.13752e+06	0
2.13762e+06	0
2.13772e+06	0
2.13782e+06	0
2.13792e+06	0
2.13802e+06	0
2.13812e+06	0
2.13822e+06	0
2.13832e+06	0
2.13842e+06	0
2.13852e+06	0
2.13862e+06	0
2.13872e+06	0
2.13882e+06	0
2.13892e+06	0
2.13902e+06	0
2.13912e+06	0
2.13922e+06	0
2.13932e+06	0
2.13942e+06	0
2.13952e+06	0
2.13962e+06	0
2.13972e+06	0
2.13982e+06	0
2.13992e+06	0
2.14002e+06	0
2.14012e+06	0
2.14022e+06	0
2.14032e+06	0
2.14042e+06	0
2.14052e+06	0
2.14062e+06	0
2.14072e+06	0
2.14082e+06	0
2.14092e+06	0
2.14102e+06	0
2.14112e+06	0
2.14122e+06	0
2.14132e+06	0
2.14142e+06	0
2.14152e+06	0
2.14162e+06	0
2.14172e+06	0
2.14182e+06	0
2.14192e+06	0
2.14202e+06	0
2.14212e+06	0
2.14222e+06	0
2.14232e+06	0
2.14242e+06	0
2.14252e+06	0
2.14262e+06	0
2.14272e+06	0
2.14282e+06	0
2.14292e+06	0
2.14302e+06	0
2.14312e+06	0
2.14322e+06	0
2.14332e+06	0
2.14342e+06	0
2.14352e+06	0
2.14362e+06	0
2.14372e+06	0
2.14382e+06	0
2.14392e+06	0
2.14402e+06	0
2.14412e+06	0
2.14422e+06	0
2.14432e+06	0
2.14442e+06	0
2.14452e+06	0
2.14462e+06	0
2.14472e+06	0
2.14482e+06	0
2.14492e+06	0
2.14502e+06	0
2.14512e+06	0
2.14522e+06	0
2.14532e+06	0
2.14542e+06	0
2.14552e+06	0
2.14562e+06	0
2.14572e+06	0
2.14582e+06	0
2.14592e+06	0
2.14602e+06	0
2.14612e+06	0
2.14622e+06	0
2.14632e+06	0
2.14642e+06	0
2.14652e+06	0
2.14662e+06	0
2.14672e+06	0
2.14682e+06	0
2.14692e+06	0
2.14702e+06	0
2.14712e+06	0
2.14722e+06	0
2.14732e+06	0
2.14742e+06	0
2.14752e+06	0
2.14762e+06	0
2.14772e+06	0
2.14782e+06	0
2.14792e+06	0
2.14802e+06	0
2.14812e+06	0
2.14822e+06	0
2.14832e+06	0
2.14842e+06	0
2.14852e+06	0
2.14862e+06	0
2.14872e+06	0
2.14882e+06	0
2.14892e+06	0
2.14902e+06	0
2.14912e+06	0
2.14922e+06	0
2.14932e+06	0
2.14942e+06	0
2.14952e+06	0
2.14962e+06	0
2.14972e+06	0
2.14982e+06	0
2.14992e+06	0
2.15002e+06	0
2.15012e+06	0
2.15022e+06	0
2.15032e+06	0
2.15042e+06	0
2.15052e+06	0
2.15062e+06	0
2.15072e+06	0
2.15082e+06	0
2.15092e+06	0
2.15102e+06	0
2.15112e+06	0
2.15122e+06	0
2.15132e+06	0
2.15142e+06	0
2.15152e+06	0
2.15162e+06	0
2.15172e+06	0
2.15182e+06	0
2.15192e+06	0
2.15202e+06	0
2.15212e+06	0
2.15222e+06	0
2.15232e+06	0
2.15242e+06	0
2.15252e+06	0
2.15262e+06	0
2.15272e+06	0
2.15282e+06	0
2.15292e+06	0
2.15302e+06	0
2.15312e+06	0
2.15322e+06	0
2.15332e+06	0
2.15342e+06	0
2.15352e+06	0
2.15362e+06	0
2.15372e+06	0
2.15382e+06	0
2.15392e+06	0
2.15402e+06	0
2.15412e+06	0
2.15422e+06	0
2.15432e+06	0
2.15442e+06	0
2.15452e+06	0
2.15462e+06	0
2.15472e+06	0
2.15482e+06	0
2.15492e+06	0
2.15502e+06	0
2.15512e+06	0
2.15522e+06	0
2.15532e+06	0
2.15542e+06	0
2.15552e+06	0
2.15562e+06	0
2.15572e+06	0
2.15582e+06	0
2.15592e+06	0
2.15602e+06	0
2.15612e+06	0
2.15622e+06	0
2.15632e+06	0
2.15642e+06	0
2.15652e+06	0
2.15662e+06	0
2.15672e+06	0
2.15682e+06	0
2.15692e+06	0
2.15702e+06	0
2.15712e+06	0
2.15722e+06	0
2.15732e+06	0
2.15742e+06	0
2.15752e+06	0
2.15762e+06	0
2.15772e+06	0
2.15782e+06	0
2.15792e+06	0
2.15802e+06	0
2.15812e+06	0
2.15822e+06	0
2.15832e+06	0
2.15842e+06	0
2.15852e+06	0
2.15862e+06	0
2.15872e+06	0
2.15882e+06	0
2.15892e+06	0
2.15902e+06	0
2.15912e+06	0
2.15922e+06	0
2.15932e+06	0
2.15942e+06	0
2.15952e+06	0
2.15962e+06	0
2.15972e+06	0
2.15982e+06	0
2.15992e+06	0
2.16002e+06	0
2.16012e+06	0
2.16022e+06	0
2.16032e+06	0
2.16042e+06	0
2.16052e+06	0
2.16062e+06	0
2.16072e+06	0
2.16082e+06	0
2.16092e+06	0
2.16102e+06	0
2.16112e+06	0
2.16122e+06	0
2.16132e+06	0
2.16142e+06	0
2.16152e+06	0
2.16162e+06	0
2.16172e+06	0
2.16182e+06	0
2.16192e+06	0
2.16202e+06	0
2.16212e+06	0
2.16222e+06	0
2.16232e+06	0
2.16242e+06	0
2.16252e+06	0
2.16262e+06	0
2.16272e+06	0
2.16282e+06	0
2.16292e+06	0
2.16302e+06	0
2.16312e+06	0
2.16322e+06	0
2.16332e+06	0
2.16342e+06	0
2.16352e+06	0
2.16362e+06	0
2.16372e+06	0
2.16382e+06	0
2.16392e+06	0
2.16402e+06	0
2.16412e+06	0
2.16422e+06	0
2.16432e+06	0
2.16442e+06	0
2.16452e+06	0
2.16462e+06	0
2.16472e+06	0
2.16482e+06	0
2.16492e+06	0
2.16502e+06	0
2.16512e+06	0
2.16522e+06	0
2.16532e+06	0
2.16542e+06	0
2.16552e+06	0
2.16562e+06	0
2.16572e+06	0
2.16582e+06	0
2.16592e+06	0
2.16602e+06	0
2.16612e+06	0
2.16622e+06	0
2.16632e+06	0
2.16642e+06	0
2.16652e+06	0
2.16662e+06	0
2.16672e+06	0
2.16682e+06	0
2.16692e+06	0
2.16702e+06	0
2.16712e+06	0
2.16722e+06	0
2.16732e+06	0
2.16742e+06	0
2.16752e+06	0
2.16762e+06	0
2.16772e+06	0
2.16782e+06	0
2.16792e+06	0
2.16802e+06	0
2.16812e+06	0
2.16822e+06	0
2.16832e+06	0
2.16842e+06	0
2.16852e+06	0
2.16862e+06	0
2.16872e+06	0
2.16882e+06	0
2.16892e+06	0
2.16902e+06	0
2.16912e+06	0
2.16922e+06	0
2.16932e+06	0
2.16942e+06	0
2.16952e+06	0
2.16962e+06	0
2.16972e+06	0
2.16982e+06	0
2.16992e+06	0
2.17002e+06	0
2.17012e+06	0
2.17022e+06	0
2.17032e+06	0
2.17042e+06	0
2.17052e+06	0
2.17062e+06	0
2.17072e+06	0
2.17082e+06	0
2.17092e+06	0
2.17102e+06	0
2.17112e+06	0
2.17122e+06	0
2.17132e+06	0
2.17142e+06	0
2.17152e+06	0
2.17162e+06	0
2.17172e+06	0
2.17182e+06	0
2.17192e+06	0
2.17202e+06	0
2.17212e+06	0
2.17222e+06	0
2.17232e+06	0
2.17242e+06	0
2.17252e+06	0
2.17262e+06	0
2.17272e+06	0
2.17282e+06	0
2.17292e+06	0
2.17302e+06	0
2.17312e+06	0
2.17322e+06	0
2.17332e+06	0
2.17342e+06	0
2.17352e+06	0
2.17362e+06	0
2.17372e+06	0
2.17382e+06	0
2.17392e+06	0
2.17402e+06	0
2.17412e+06	0
2.17422e+06	0
2.17432e+06	0
2.17442e+06	0
2.17452e+06	0
2.17462e+06	0
2.17472e+06	0
2.17482e+06	0
2.17492e+06	0
2.17502e+06	0
2.17512e+06	0
2.17522e+06	0
2.17532e+06	0
2.17542e+06	0
2.17552e+06	0
2.17562e+06	0
2.17572e+06	0
2.17582e+06	0
2.17592e+06	0
2.17602e+06	0
2.17612e+06	0
2.17622e+06	0
2.17632e+06	0
2.17642e+06	0
2.17652e+06	0
2.17662e+06	0
2.17672e+06	0
2.17682e+06	0
2.17692e+06	0
2.17702e+06	0
2.17712e+06	0
2.17722e+06	0
2.17732e+06	0
2.17742e+06	0
2.17752e+06	0
2.17762e+06	0
2.17772e+06	0
2.17782e+06	0
2.17792e+06	0
2.17802e+06	0
2.17812e+06	0
2.17822e+06	0
2.17832e+06	0
2.17842e+06	0
2.17852e+06	0
2.17862e+06	0
2.17872e+06	0
2.17882e+06	0
2.17892e+06	0
2.17902e+06	0
2.17912e+06	0
2.17922e+06	0
2.17932e+06	0
2.17942e+06	0
2.17952e+06	0
2.17962e+06	0
2.17972e+06	0
2.17982e+06	0
2.17992e+06	0
2.18002e+06	0
2.18012e+06	0
2.18022e+06	0
2.18032e+06	0
2.18042e+06	0
2.18052e+06	0
2.18062e+06	0
2.18072e+06	0
2.18082e+06	0
2.18092e+06	0
2.18102e+06	0
2.18112e+06	0
2.18122e+06	0
2.18132e+06	0
2.18142e+06	0
2.18152e+06	0
2.18162e+06	0
2.18172e+06	0
2.18182e+06	0
2.18192e+06	0
2.18202e+06	0
2.18212e+06	0
2.18222e+06	0
2.18232e+06	0
2.18242e+06	0
2.18252e+06	0
2.18262e+06	0
2.18272e+06	0
2.18282e+06	0
2.18292e+06	0
2.18302e+06	0
2.18312e+06	0
2.18322e+06	0
2.18332e+06	0
2.18342e+06	0
2.18352e+06	0
2.18362e+06	0
2.18372e+06	0
2.18382e+06	0
2.18392e+06	0
2.18402e+06	0
2.18412e+06	0
2.18422e+06	0
2.18432e+06	0
2.18442e+06	0
2.18452e+06	0
2.18462e+06	0
2.18472e+06	0
2.18482e+06	0
2.18492e+06	0
2.18502e+06	0
2.18512e+06	0
2.18522e+06	0
2.18532e+06	0
2.18542e+06	0
2.18552e+06	0
2.18562e+06	0
2.18572e+06	0
2.18582e+06	0
2.18592e+06	0
2.18602e+06	0
2.18612e+06	0
2.18622e+06	0
2.18632e+06	0
2.18642e+06	0
2.18652e+06	0
2.18662e+06	0
2.18672e+06	0
2.18682e+06	0
2.18692e+06	0
2.18702e+06	0
2.18712e+06	0
2.18722e+06	0
2.18732e+06	0
2.18742e+06	0
2.18752e+06	0
2.18762e+06	0
2.18772e+06	0
2.18782e+06	0
2.18792e+06	0
2.18802e+06	0
2.18812e+06	0
2.18822e+06	0
2.18832e+06	0
2.18842e+06	0
2.18852e+06	0
2.18862e+06	0
2.18872e+06	0
2.18882e+06	0
2.18892e+06	0
2.18902e+06	0
2.18912e+06	0
2.18922e+06	0
2.18932e+06	0
2.18942e+06	0
2.18952e+06	0
2.18962e+06	0
2.18972e+06	0
2.18982e+06	0
2.18992e+06	0
2.19002e+06	0
2.19012e+06	0
2.19022e+06	0
2.19032e+06	0
2.19042e+06	0
2.19052e+06	0
2.19062e+06	0
2.19072e+06	0
2.19082e+06	0
2.19092e+06	0
2.19102e+06	0
2.19112e+06	0
2.19122e+06	0
2.19132e+06	0
2.19142e+06	0
2.19152e+06	0
2.19162e+06	0
2.19172e+06	0
2.19182e+06	0
2.19192e+06	0
2.19202e+06	0
2.19212e+06	0
2.19222e+06	0
2.19232e+06	0
2.19242e+06	0
2.19252e+06	0
2.19262e+06	0
2.19272e+06	0
2.19282e+06	0
2.19292e+06	0
2.19302e+06	0
2.19312e+06	0
2.19322e+06	0
2.19332e+06	0
2.19342e+06	0
2.19352e+06	0
2.19362e+06	0
2.19372e+06	0
2.19382e+06	0
2.19392e+06	0
2.19402e+06	0
2.19412e+06	0
2.19422e+06	0
2.19432e+06	0
2.19442e+06	0
2.19452e+06	0
2.19462e+06	0
2.19472e+06	0
2.19482e+06	0
2.19492e+06	0
2.19502e+06	0
2.19512e+06	0
2.19522e+06	0
2.19532e+06	0
2.19542e+06	0
2.19552e+06	0
2.19562e+06	0
2.19572e+06	0
2.19582e+06	0
2.19592e+06	0
2.19602e+06	0
2.19612e+06	0
2.19622e+06	0
2.19632e+06	0
2.19642e+06	0
2.19652e+06	0
2.19662e+06	0
2.19672e+06	0
2.19682e+06	0
2.19692e+06	0
2.19702e+06	0
2.19712e+06	0
2.19722e+06	0
2.19732e+06	0
2.19742e+06	0
2.19752e+06	0
2.19762e+06	0
2.19772e+06	0
2.19782e+06	0
2.19792e+06	0
2.19802e+06	0
2.19812e+06	0
2.19822e+06	0
2.19832e+06	0
2.19842e+06	0
2.19852e+06	0
2.19862e+06	0
2.19872e+06	0
2.19882e+06	0
2.19892e+06	0
2.19902e+06	0
2.19912e+06	0
2.19922e+06	0
2.19932e+06	0
2.19942e+06	0
2.19952e+06	0
2.19962e+06	0
2.19972e+06	0
2.19982e+06	0
2.19992e+06	0
2.20002e+06	0
2.20012e+06	0
2.20022e+06	0
2.20032e+06	0
2.20042e+06	0
2.20052e+06	0
2.20062e+06	0
2.20072e+06	0
2.20082e+06	0
2.20092e+06	0
2.20102e+06	0
2.20112e+06	0
2.20122e+06	0
2.20132e+06	0
2.20142e+06	0
2.20152e+06	0
2.20162e+06	0
2.20172e+06	0
2.20182e+06	0
2.20192e+06	0
2.20202e+06	0
2.20212e+06	0
2.20222e+06	0
2.20232e+06	0
2.20242e+06	0
2.20252e+06	0
2.20262e+06	0
2.20272e+06	0
2.20282e+06	0
2.20292e+06	0
2.20302e+06	0
2.20312e+06	0
2.20322e+06	0
2.20332e+06	0
2.20342e+06	0
2.20352e+06	0
2.20362e+06	0
2.20372e+06	0
2.20382e+06	0
2.20392e+06	0
2.20402e+06	0
2.20412e+06	0
2.20422e+06	0
2.20432e+06	0
2.20442e+06	0
2.20452e+06	0
2.20462e+06	0
2.20472e+06	0
2.20482e+06	0
2.20492e+06	0
2.20502e+06	0
2.20512e+06	0
2.20522e+06	0
2.20532e+06	0
2.20542e+06	0
2.20552e+06	0
2.20562e+06	0
2.20572e+06	0
2.20582e+06	0
2.20592e+06	0
2.20602e+06	0
2.20612e+06	0
2.20622e+06	0
2.20632e+06	0
2.20642e+06	0
2.20652e+06	0
2.20662e+06	0
2.20672e+06	0
2.20682e+06	0
2.20692e+06	0
2.20702e+06	0
2.20712e+06	0
2.20722e+06	0
2.20732e+06	0
2.20742e+06	0
2.20752e+06	0
2.20762e+06	0
2.20772e+06	0
2.20782e+06	0
2.20792e+06	0
2.20802e+06	0
2.20812e+06	0
2.20822e+06	0
2.20832e+06	0
2.20842e+06	0
2.20852e+06	0
2.20862e+06	0
2.20872e+06	0
2.20882e+06	0
2.20892e+06	0
2.20902e+06	0
2.20912e+06	0
2.20922e+06	0
2.20932e+06	0
2.20942e+06	0
2.20952e+06	0
2.20962e+06	0
2.20972e+06	0
2.20982e+06	0
2.20992e+06	0
2.21002e+06	0
2.21012e+06	0
2.21022e+06	0
2.21032e+06	0
2.21042e+06	0
2.21052e+06	0
2.21062e+06	0
2.21072e+06	0
2.21082e+06	0
2.21092e+06	0
2.21102e+06	0
2.21112e+06	0
2.21122e+06	0
2.21132e+06	0
2.21142e+06	0
2.21152e+06	0
2.21162e+06	0
2.21172e+06	0
2.21182e+06	0
2.21192e+06	0
2.21202e+06	0
2.21212e+06	0
2.21222e+06	0
2.21232e+06	0
2.21242e+06	0
2.21252e+06	0
2.21262e+06	0
2.21272e+06	0
2.21282e+06	0
2.21292e+06	0
2.21302e+06	0
2.21312e+06	0
2.21322e+06	0
2.21332e+06	0
2.21342e+06	0
2.21352e+06	0
2.21362e+06	0
2.21372e+06	0
2.21382e+06	0
2.21392e+06	0
2.21402e+06	0
2.21412e+06	0
2.21422e+06	0
2.21432e+06	0
2.21442e+06	0
2.21452e+06	0
2.21462e+06	0
2.21472e+06	0
2.21482e+06	0
2.21492e+06	0
2.21502e+06	0
2.21512e+06	0
2.21522e+06	0
2.21532e+06	0
2.21542e+06	0
2.21552e+06	0
2.21562e+06	0
2.21572e+06	0
2.21582e+06	0
2.21592e+06	0
2.21602e+06	0
2.21612e+06	0
2.21622e+06	0
2.21632e+06	0
2.21642e+06	0
2.21652e+06	0
2.21662e+06	0
2.21672e+06	0
2.21682e+06	0
2.21692e+06	0
2.21702e+06	0
2.21712e+06	0
2.21722e+06	0
2.21732e+06	0
2.21742e+06	0
2.21752e+06	0
2.21762e+06	0
2.21772e+06	0
2.21782e+06	0
2.21792e+06	0
2.21802e+06	0
2.21812e+06	0
2.21822e+06	0
2.21832e+06	0
2.21842e+06	0
2.21852e+06	0
2.21862e+06	0
2.21872e+06	0
2.21882e+06	0
2.21892e+06	0
2.21902e+06	0
2.21912e+06	0
2.21922e+06	0
2.21932e+06	0
2.21942e+06	0
2.21952e+06	0
2.21962e+06	0
2.21972e+06	0
2.21982e+06	0
2.21992e+06	0
2.22002e+06	0
2.22012e+06	0
2.22022e+06	0
2.22032e+06	0
2.22042e+06	0
2.22052e+06	0
2.22062e+06	0
2.22072e+06	0
2.22082e+06	0
2.22092e+06	0
2.22102e+06	0
2.22112e+06	0
2.22122e+06	0
2.22132e+06	0
2.22142e+06	0
2.22152e+06	0
2.22162e+06	0
2.22172e+06	0
2.22182e+06	0
2.22192e+06	0
2.22202e+06	0
2.22212e+06	0
2.22222e+06	0
2.22232e+06	0
2.22242e+06	0
2.22252e+06	0
2.22262e+06	0
2.22272e+06	0
2.22282e+06	0
2.22292e+06	0
2.22302e+06	0
2.22312e+06	0
2.22322e+06	0
2.22332e+06	0
2.22342e+06	0
2.22352e+06	0
2.22362e+06	0
2.22372e+06	0
2.22382e+06	0
2.22392e+06	0
2.22402e+06	0
2.22412e+06	0
2.22422e+06	0
2.22432e+06	0
2.22442e+06	0
2.22452e+06	0
2.22462e+06	0
2.22472e+06	0
2.22482e+06	0
2.22492e+06	0
2.22502e+06	0
2.22512e+06	0
2.22522e+06	0
2.22532e+06	0
2.22542e+06	0
2.22552e+06	0
2.22562e+06	0
2.22572e+06	0
2.22582e+06	0
2.22592e+06	0
2.22602e+06	0
2.22612e+06	0
2.22622e+06	0
2.22632e+06	0
2.22642e+06	0
2.22652e+06	0
2.22662e+06	0
2.22672e+06	0
2.22682e+06	0
2.22692e+06	0
2.22702e+06	0
2.22712e+06	0
2.22722e+06	0
2.22732e+06	0
2.22742e+06	0
2.22752e+06	0
2.22762e+06	0
2.22772e+06	0
2.22782e+06	0
2.22792e+06	0
2.22802e+06	0
2.22812e+06	0
2.22822e+06	0
2.22832e+06	0
2.22842e+06	0
2.22852e+06	0
2.22862e+06	0
2.22872e+06	0
2.22882e+06	0
2.22892e+06	0
2.22902e+06	0
2.22912e+06	0
2.22922e+06	0
2.22932e+06	0
2.22942e+06	0
2.22952e+06	0
2.22962e+06	0
2.22972e+06	0
2.22982e+06	0
2.22992e+06	0
2.23002e+06	0
2.23012e+06	0
2.23022e+06	0
2.23032e+06	0
2.23042e+06	0
2.23052e+06	0
2.23062e+06	0
2.23072e+06	0
2.23082e+06	0
2.23092e+06	0
2.23102e+06	0
2.23112e+06	0
2.23122e+06	0
2.23132e+06	0
2.23142e+06	0
2.23152e+06	0
2.23162e+06	0
2.23172e+06	0
2.23182e+06	0
2.23192e+06	0
2.23202e+06	0
2.23212e+06	0
2.23222e+06	0
2.23232e+06	0
2.23242e+06	0
2.23252e+06	0
2.23262e+06	0
2.23272e+06	0
2.23282e+06	0
2.23292e+06	0
2.23302e+06	0
2.23312e+06	0
2.23322e+06	0
2.23332e+06	0
2.23342e+06	0
2.23352e+06	0
2.23362e+06	0
2.23372e+06	0
2.23382e+06	0
2.23392e+06	0
2.23402e+06	0
2.23412e+06	0
2.23422e+06	0
2.23432e+06	0
2.23442e+06	0
2.23452e+06	0
2.23462e+06	0
2.23472e+06	0
2.23482e+06	0
2.23492e+06	0
2.23502e+06	0
2.23512e+06	0
2.23522e+06	0
2.23532e+06	0
2.23542e+06	0
2.23552e+06	0
2.23562e+06	0
2.23572e+06	0
2.23582e+06	0
2.23592e+06	0
2.23602e+06	0
2.23612e+06	0
2.23622e+06	0
2.23632e+06	0
2.23642e+06	0
2.23652e+06	0
2.23662e+06	0
2.23672e+06	0
2.23682e+06	0
2.23692e+06	0
2.23702e+06	0
2.23712e+06	0
2.23722e+06	0
2.23732e+06	0
2.23742e+06	0
2.23752e+06	0
2.23762e+06	0
2.23772e+06	0
2.23782e+06	0
2.23792e+06	0
2.23802e+06	0
2.23812e+06	0
2.23822e+06	0
2.23832e+06	0
2.23842e+06	0
2.23852e+06	0
2.23862e+06	0
2.23872e+06	0
2.23882e+06	0
2.23892e+06	0
2.23902e+06	0
2.23912e+06	0
2.23922e+06	0
2.23932e+06	0
2.23942e+06	0
2.23952e+06	0
2.23962e+06	0
2.23972e+06	0
2.23982e+06	0
2.23992e+06	0
2.24002e+06	0
2.24012e+06	0
2.24022e+06	0
2.24032e+06	0
2.24042e+06	0
2.24052e+06	0
2.24062e+06	0
2.24072e+06	0
2.24082e+06	0
2.24092e+06	0
2.24102e+06	0
2.24112e+06	0
2.24122e+06	0
2.24132e+06	0
2.24142e+06	0
2.24152e+06	0
2.24162e+06	0
2.24172e+06	0
2.24182e+06	0
2.24192e+06	0
2.24202e+06	0
2.24212e+06	0
2.24222e+06	0
2.24232e+06	0
2.24242e+06	0
2.24252e+06	0
2.24262e+06	0
2.24272e+06	0
2.24282e+06	0
2.24292e+06	0
2.24302e+06	0
2.24312e+06	0
2.24322e+06	0
2.24332e+06	0
2.24342e+06	0
2.24352e+06	0
2.24362e+06	0
2.24372e+06	0
2.24382e+06	0
2.24392e+06	0
2.24402e+06	0
2.24412e+06	0
2.24422e+06	0
2.24432e+06	0
2.24442e+06	0
2.24452e+06	0
2.24462e+06	0
2.24472e+06	0
2.24482e+06	0
2.24492e+06	0
2.24502e+06	0
2.24512e+06	0
2.24522e+06	0
2.24532e+06	0
2.24542e+06	0
2.24552e+06	0
2.24562e+06	0
2.24572e+06	0
2.24582e+06	0
2.24592e+06	0
2.24602e+06	0
2.24612e+06	0
2.24622e+06	0
2.24632e+06	0
2.24642e+06	0
2.24652e+06	0
2.24662e+06	0
2.24672e+06	0
2.24682e+06	0
2.24692e+06	0
2.24702e+06	0
2.24712e+06	0
2.24722e+06	0
2.24732e+06	0
2.24742e+06	0
2.24752e+06	0
2.24762e+06	0
2.24772e+06	0
2.24782e+06	0
2.24792e+06	0
2.24802e+06	0
2.24812e+06	0
2.24822e+06	0
2.24832e+06	0
2.24842e+06	0
2.24852e+06	0
2.24862e+06	0
2.24872e+06	0
2.24882e+06	0
2.24892e+06	0
2.24902e+06	0
2.24912e+06	0
2.24922e+06	0
2.24932e+06	0
2.24942e+06	0
2.24952e+06	0
2.24962e+06	0
2.24972e+06	0
2.24982e+06	0
2.24992e+06	0
2.25002e+06	0
2.25012e+06	0
2.25022e+06	0
2.25032e+06	0
2.25042e+06	0
2.25052e+06	0
2.25062e+06	0
2.25072e+06	0
2.25082e+06	0
2.25092e+06	0
2.25102e+06	0
2.25112e+06	0
2.25122e+06	0
2.25132e+06	0
2.25142e+06	0
2.25152e+06	0
2.25162e+06	0
2.25172e+06	0
2.25182e+06	0
2.25192e+06	0
2.25202e+06	0
2.25212e+06	0
2.25222e+06	0
2.25232e+06	0
2.25242e+06	0
2.25252e+06	0
2.25262e+06	0
2.25272e+06	0
2.25282e+06	0
2.25292e+06	0
2.25302e+06	0
2.25312e+06	0
2.25322e+06	0
2.25332e+06	0
2.25342e+06	0
2.25352e+06	0
2.25362e+06	0
2.25372e+06	0
2.25382e+06	0
2.25392e+06	0
2.25402e+06	0
2.25412e+06	0
2.25422e+06	0
2.25432e+06	0
2.25442e+06	0
2.25452e+06	0
2.25462e+06	0
2.25472e+06	0
2.25482e+06	0
2.25492e+06	0
2.25502e+06	0
2.25512e+06	0
2.25522e+06	0
2.25532e+06	0
2.25542e+06	0
2.25552e+06	0
2.25562e+06	0
2.25572e+06	0
2.25582e+06	0
2.25592e+06	0
2.25602e+06	0
2.25612e+06	0
2.25622e+06	0
2.25632e+06	0
2.25642e+06	0
2.25652e+06	0
2.25662e+06	0
2.25672e+06	0
2.25682e+06	0
2.25692e+06	0
2.25702e+06	0
2.25712e+06	0
2.25722e+06	0
2.25732e+06	0
2.25742e+06	0
2.25752e+06	0
2.25762e+06	0
2.25772e+06	0
2.25782e+06	0
2.25792e+06	0
2.25802e+06	0
2.25812e+06	0
2.25822e+06	0
2.25832e+06	0
2.25842e+06	0
2.25852e+06	0
2.25862e+06	0
2.25872e+06	0
2.25882e+06	0
2.25892e+06	0
2.25902e+06	0
2.25912e+06	0
2.25922e+06	0
2.25932e+06	0
2.25942e+06	0
2.25952e+06	0
2.25962e+06	0
2.25972e+06	0
2.25982e+06	0
2.25992e+06	0
2.26002e+06	0
2.26012e+06	0
2.26022e+06	0
2.26032e+06	0
2.26042e+06	0
2.26052e+06	0
2.26062e+06	0
2.26072e+06	0
2.26082e+06	0
2.26092e+06	0
2.26102e+06	0
2.26112e+06	0
2.26122e+06	0
2.26132e+06	0
2.26142e+06	0
2.26152e+06	0
2.26162e+06	0
2.26172e+06	0
2.26182e+06	0
2.26192e+06	0
2.26202e+06	0
2.26212e+06	0
2.26222e+06	0
2.26232e+06	0
2.26242e+06	0
2.26252e+06	0
2.26262e+06	0
2.26272e+06	0
2.26282e+06	0
2.26292e+06	0
2.26302e+06	0
2.26312e+06	0
2.26322e+06	0
2.26332e+06	0
2.26342e+06	0
2.26352e+06	0
2.26362e+06	0
2.26372e+06	0
2.26382e+06	0
2.26392e+06	0
2.26402e+06	0
2.26412e+06	0
2.26422e+06	0
2.26432e+06	0
2.26442e+06	0
2.26452e+06	0
2.26462e+06	0
2.26472e+06	0
2.26482e+06	0
2.26492e+06	0
2.26502e+06	0
2.26512e+06	0
2.26522e+06	0
2.26532e+06	0
2.26542e+06	0
2.26552e+06	0
2.26562e+06	0
2.26572e+06	0
2.26582e+06	0
2.26592e+06	0
2.26602e+06	0
2.26612e+06	0
2.26622e+06	0
2.26632e+06	0
2.26642e+06	0
2.26652e+06	0
2.26662e+06	0
2.26672e+06	0
2.26682e+06	0
2.26692e+06	0
2.26702e+06	0
2.26712e+06	0
2.26722e+06	0
2.26732e+06	0
2.26742e+06	0
2.26752e+06	0
2.26762e+06	0
2.26772e+06	0
2.26782e+06	0
2.26792e+06	0
2.26802e+06	0
2.26812e+06	0
2.26822e+06	0
2.26832e+06	0
2.26842e+06	0
2.26852e+06	0
2.26862e+06	0
2.26872e+06	0
2.26882e+06	0
2.26892e+06	0
2.26902e+06	0
2.26912e+06	0
2.26922e+06	0
2.26932e+06	0
2.26942e+06	0
2.26952e+06	0
2.26962e+06	0
2.26972e+06	0
2.26982e+06	0
2.26992e+06	0
2.27002e+06	0
2.27012e+06	0
2.27022e+06	0
2.27032e+06	0
2.27042e+06	0
2.27052e+06	0
2.27062e+06	0
2.27072e+06	0
2.27082e+06	0
2.27092e+06	0
2.27102e+06	0
2.27112e+06	0
2.27122e+06	0
2.27132e+06	0
2.27142e+06	0
2.27152e+06	0
2.27162e+06	0
2.27172e+06	0
2.27182e+06	0
2.27192e+06	0
2.27202e+06	0
2.27212e+06	0
2.27222e+06	0
2.27232e+06	0
2.27242e+06	0
2.27252e+06	0
2.27262e+06	0
2.27272e+06	0
2.27282e+06	0
2.27292e+06	0
2.27302e+06	0
2.27312e+06	0
2.27322e+06	0
2.27332e+06	0
2.27342e+06	0
2.27352e+06	0
2.27362e+06	0
2.27372e+06	0
2.27382e+06	0
2.27392e+06	0
2.27402e+06	0
2.27412e+06	0
2.27422e+06	0
2.27432e+06	0
2.27442e+06	0
2.27452e+06	0
2.27462e+06	0
2.27472e+06	0
2.27482e+06	0
2.27492e+06	0
2.27502e+06	0
2.27512e+06	0
2.27522e+06	0
2.27532e+06	0
2.27542e+06	0
2.27552e+06	0
2.27562e+06	0
2.27572e+06	0
2.27582e+06	0
2.27592e+06	0
2.27602e+06	0
2.27612e+06	0
2.27622e+06	0
2.27632e+06	0
2.27642e+06	0
2.27652e+06	0
2.27662e+06	0
2.27672e+06	0
2.27682e+06	0
2.27692e+06	0
2.27702e+06	0
2.27712e+06	0
2.27722e+06	0
2.27732e+06	0
2.27742e+06	0
2.27752e+06	0
2.27762e+06	0
2.27772e+06	0
2.27782e+06	0
2.27792e+06	0
2.27802e+06	0
2.27812e+06	0
2.27822e+06	0
2.27832e+06	0
2.27842e+06	0
2.27852e+06	0
2.27862e+06	0
2.27872e+06	0
2.27882e+06	0
2.27892e+06	0
2.27902e+06	0
2.27912e+06	0
2.27922e+06	0
2.27932e+06	0
2.27942e+06	0
2.27952e+06	0
2.27962e+06	0
2.27972e+06	0
2.27982e+06	0
2.27992e+06	0
2.28002e+06	0
2.28012e+06	0
2.28022e+06	0
2.28032e+06	0
2.28042e+06	0
2.28052e+06	0
2.28062e+06	0
2.28072e+06	0
2.28082e+06	0
2.28092e+06	0
2.28102e+06	0
2.28112e+06	0
2.28122e+06	0
2.28132e+06	0
2.28142e+06	0
2.28152e+06	0
2.28162e+06	0
2.28172e+06	0
2.28182e+06	0
2.28192e+06	0
2.28202e+06	0
2.28212e+06	0
2.28222e+06	0
2.28232e+06	0
2.28242e+06	0
2.28252e+06	0
2.28262e+06	0
2.28272e+06	0
2.28282e+06	0
2.28292e+06	0
2.28302e+06	0
2.28312e+06	0
2.28322e+06	0
2.28332e+06	0
2.28342e+06	0
2.28352e+06	0
2.28362e+06	0
2.28372e+06	0
2.28382e+06	0
2.28392e+06	0
2.28402e+06	0
2.28412e+06	0
2.28422e+06	0
2.28432e+06	0
2.28442e+06	0
2.28452e+06	0
2.28462e+06	0
2.28472e+06	0
2.28482e+06	0
2.28492e+06	0
2.28502e+06	0
2.28512e+06	0
2.28522e+06	0
2.28532e+06	0
2.28542e+06	0
2.28552e+06	0
2.28562e+06	0
2.28572e+06	0
2.28582e+06	0
2.28592e+06	0
2.28602e+06	0
2.28612e+06	0
2.28622e+06	0
2.28632e+06	0
2.28642e+06	0
2.28652e+06	0
2.28662e+06	0
2.28672e+06	0
2.28682e+06	0
2.28692e+06	0
2.28702e+06	0
2.28712e+06	0
2.28722e+06	0
2.28732e+06	0
2.28742e+06	0
2.28752e+06	0
2.28762e+06	0
2.28772e+06	0
2.28782e+06	0
2.28792e+06	0
2.28802e+06	0
2.28812e+06	0
2.28822e+06	0
2.28832e+06	0
2.28842e+06	0
2.28852e+06	0
2.28862e+06	0
2.28872e+06	0
2.28882e+06	0
2.28892e+06	0
2.28902e+06	0
2.28912e+06	0
2.28922e+06	0
2.28932e+06	0
2.28942e+06	0
2.28952e+06	0
2.28962e+06	0
2.28972e+06	0
2.28982e+06	0
2.28992e+06	0
2.29002e+06	0
2.29012e+06	0
2.29022e+06	0
2.29032e+06	0
2.29042e+06	0
2.29052e+06	0
2.29062e+06	0
2.29072e+06	0
2.29082e+06	0
2.29092e+06	0
2.29102e+06	0
2.29112e+06	0
2.29122e+06	0
2.29132e+06	0
2.29142e+06	0
2.29152e+06	0
2.29162e+06	0
2.29172e+06	0
2.29182e+06	0
2.29192e+06	0
2.29202e+06	0
2.29212e+06	0
2.29222e+06	0
2.29232e+06	0
2.29242e+06	0
2.29252e+06	0
2.29262e+06	0
2.29272e+06	0
2.29282e+06	0
2.29292e+06	0
2.29302e+06	0
2.29312e+06	0
2.29322e+06	0
2.29332e+06	0
2.29342e+06	0
2.29352e+06	0
2.29362e+06	0
2.29372e+06	0
2.29382e+06	0
2.29392e+06	0
2.29402e+06	0
2.29412e+06	0
2.29422e+06	0
2.29432e+06	0
2.29442e+06	0
2.29452e+06	0
2.29462e+06	0
2.29472e+06	0
2.29482e+06	0
2.29492e+06	0
2.29502e+06	0
2.29512e+06	0
2.29522e+06	0
2.29532e+06	0
2.29542e+06	0
2.29552e+06	0
2.29562e+06	0
2.29572e+06	0
2.29582e+06	0
2.29592e+06	0
2.29602e+06	0
2.29612e+06	0
2.29622e+06	0
2.29632e+06	0
2.29642e+06	0
2.29652e+06	0
2.29662e+06	0
2.29672e+06	0
2.29682e+06	0
2.29692e+06	0
2.29702e+06	0
2.29712e+06	0
2.29722e+06	0
2.29732e+06	0
2.29742e+06	0
2.29752e+06	0
2.29762e+06	0
2.29772e+06	0
2.29782e+06	0
2.29792e+06	0
2.29802e+06	0
2.29812e+06	0
2.29822e+06	0
2.29832e+06	0
2.29842e+06	0
2.29852e+06	0
2.29862e+06	0
2.29872e+06	0
2.29882e+06	0
2.29892e+06	0
2.29902e+06	0
2.29912e+06	0
2.29922e+06	0
2.29932e+06	0
2.29942e+06	0
2.29952e+06	0
2.29962e+06	0
2.29972e+06	0
2.29982e+06	0
2.29992e+06	0
2.30002e+06	0
2.30012e+06	0
2.30022e+06	0
2.30032e+06	0
2.30042e+06	0
2.30052e+06	0
2.30062e+06	0
2.30072e+06	0
2.30082e+06	0
2.30092e+06	0
2.30102e+06	0
2.30112e+06	0
2.30122e+06	0
2.30132e+06	0
2.30142e+06	0
2.30152e+06	0
2.30162e+06	0
2.30172e+06	0
2.30182e+06	0
2.30192e+06	0
2.30202e+06	0
2.30212e+06	0
2.30222e+06	0
2.30232e+06	0
2.30242e+06	0
2.30252e+06	0
2.30262e+06	0
2.30272e+06	0
2.30282e+06	0
2.30292e+06	0
2.30302e+06	0
2.30312e+06	0
2.30322e+06	0
2.30332e+06	0
2.30342e+06	0
2.30352e+06	0
2.30362e+06	0
2.30372e+06	0
2.30382e+06	0
2.30392e+06	0
2.30402e+06	0
2.30412e+06	0
2.30422e+06	0
2.30432e+06	0
2.30442e+06	0
2.30452e+06	0
2.30462e+06	0
2.30472e+06	0
2.30482e+06	0
2.30492e+06	0
2.30502e+06	0
2.30512e+06	0
2.30522e+06	0
2.30532e+06	0
2.30542e+06	0
2.30552e+06	0
2.30562e+06	0
2.30572e+06	0
2.30582e+06	0
2.30592e+06	0
2.30602e+06	0
2.30612e+06	0
2.30622e+06	0
2.30632e+06	0
2.30642e+06	0
2.30652e+06	0
2.30662e+06	0
2.30672e+06	0
2.30682e+06	0
2.30692e+06	0
2.30702e+06	0
2.30712e+06	0
2.30722e+06	0
2.30732e+06	0
2.30742e+06	0
2.30752e+06	0
2.30762e+06	0
2.30772e+06	0
2.30782e+06	0
2.30792e+06	0
2.30802e+06	0
2.30812e+06	0
2.30822e+06	0
2.30832e+06	0
2.30842e+06	0
2.30852e+06	0
2.30862e+06	0
2.30872e+06	0
2.30882e+06	0
2.30892e+06	0
2.30902e+06	0
2.30912e+06	0
2.30922e+06	0
2.30932e+06	0
2.30942e+06	0
2.30952e+06	0
2.30962e+06	0
2.30972e+06	0
2.30982e+06	0
2.30992e+06	0
2.31002e+06	0
2.31012e+06	0
2.31022e+06	0
2.31032e+06	0
2.31042e+06	0
2.31052e+06	0
2.31062e+06	0
2.31072e+06	0
2.31082e+06	0
2.31092e+06	0
2.31102e+06	0
2.31112e+06	0
2.31122e+06	0
2.31132e+06	0
2.31142e+06	0
2.31152e+06	0
2.31162e+06	0
2.31172e+06	0
2.31182e+06	0
2.31192e+06	0
2.31202e+06	0
2.31212e+06	0
2.31222e+06	0
2.31232e+06	0
2.31242e+06	0
2.31252e+06	0
2.31262e+06	0
2.31272e+06	0
2.31282e+06	0
2.31292e+06	0
2.31302e+06	0
2.31312e+06	0
2.31322e+06	0
2.31332e+06	0
2.31342e+06	0
2.31352e+06	0
2.31362e+06	0
2.31372e+06	0
2.31382e+06	0
2.31392e+06	0
2.31402e+06	0
2.31412e+06	0
2.31422e+06	0
2.31432e+06	0
2.31442e+06	0
2.31452e+06	0
2.31462e+06	0
2.31472e+06	0
2.31482e+06	0
2.31492e+06	0
2.31502e+06	0
2.31512e+06	0
2.31522e+06	0
2.31532e+06	0
2.31542e+06	0
2.31552e+06	0
2.31562e+06	0
2.31572e+06	0
2.31582e+06	0
2.31592e+06	0
2.31602e+06	0
2.31612e+06	0
2.31622e+06	0
2.31632e+06	0
2.31642e+06	0
2.31652e+06	0
2.31662e+06	0
2.31672e+06	0
2.31682e+06	0
2.31692e+06	0
2.31702e+06	0
2.31712e+06	0
2.31722e+06	0
2.31732e+06	0
2.31742e+06	0
2.31752e+06	0
2.31762e+06	0
2.31772e+06	0
2.31782e+06	0
2.31792e+06	0
2.31802e+06	0
2.31812e+06	0
2.31822e+06	0
2.31832e+06	0
2.31842e+06	0
2.31852e+06	0
2.31862e+06	0
2.31872e+06	0
2.31882e+06	0
2.31892e+06	0
2.31902e+06	0
2.31912e+06	0
2.31922e+06	0
2.31932e+06	0
2.31942e+06	0
2.31952e+06	0
2.31962e+06	0
2.31972e+06	0
2.31982e+06	0
2.31992e+06	0
2.32002e+06	0
2.32012e+06	0
2.32022e+06	0
2.32032e+06	0
2.32042e+06	0
2.32052e+06	0
2.32062e+06	0
2.32072e+06	0
2.32082e+06	0
2.32092e+06	0
2.32102e+06	0
2.32112e+06	0
2.32122e+06	0
2.32132e+06	0
2.32142e+06	0
2.32152e+06	0
2.32162e+06	0
2.32172e+06	0
2.32182e+06	0
2.32192e+06	0
2.32202e+06	0
2.32212e+06	0
2.32222e+06	0
2.32232e+06	0
2.32242e+06	0
2.32252e+06	0
2.32262e+06	0
2.32272e+06	0
2.32282e+06	0
2.32292e+06	0
2.32302e+06	0
2.32312e+06	0
2.32322e+06	0
2.32332e+06	0
2.32342e+06	0
2.32352e+06	0
2.32362e+06	0
2.32372e+06	0
2.32382e+06	0
2.32392e+06	0
2.32402e+06	0
2.32412e+06	0
2.32422e+06	0
2.32432e+06	0
2.32442e+06	0
2.32452e+06	0
2.32462e+06	0
2.32472e+06	0
2.32482e+06	0
2.32492e+06	0
2.32502e+06	0
2.32512e+06	0
2.32522e+06	0
2.32532e+06	0
2.32542e+06	0
2.32552e+06	0
2.32562e+06	0
2.32572e+06	0
2.32582e+06	0
2.32592e+06	0
2.32602e+06	0
2.32612e+06	0
2.32622e+06	0
2.32632e+06	0
2.32642e+06	0
2.32652e+06	0
2.32662e+06	0
2.32672e+06	0
2.32682e+06	0
2.32692e+06	0
2.32702e+06	0
2.32712e+06	0
2.32722e+06	0
2.32732e+06	0
2.32742e+06	0
2.32752e+06	0
2.32762e+06	0
2.32772e+06	0
2.32782e+06	0
2.32792e+06	0
2.32802e+06	0
2.32812e+06	0
2.32822e+06	0
2.32832e+06	0
2.32842e+06	0
2.32852e+06	0
2.32862e+06	0
2.32872e+06	0
2.32882e+06	0
2.32892e+06	0
2.32902e+06	0
2.32912e+06	0
2.32922e+06	0
2.32932e+06	0
2.32942e+06	0
2.32952e+06	0
2.32962e+06	0
2.32972e+06	0
2.32982e+06	0
2.32992e+06	0
2.33002e+06	0
2.33012e+06	0
2.33022e+06	0
2.33032e+06	0
2.33042e+06	0
2.33052e+06	0
2.33062e+06	0
2.33072e+06	0
2.33082e+06	0
2.33092e+06	0
2.33102e+06	0
2.33112e+06	0
2.33122e+06	0
2.33132e+06	0
2.33142e+06	0
2.33152e+06	0
2.33162e+06	0
2.33172e+06	0
2.33182e+06	0
2.33192e+06	0
2.33202e+06	0
2.33212e+06	0
2.33222e+06	0
2.33232e+06	0
2.33242e+06	0
2.33252e+06	0
2.33262e+06	0
2.33272e+06	0
2.33282e+06	0
2.33292e+06	0
2.33302e+06	0
2.33312e+06	0
2.33322e+06	0
2.33332e+06	0
2.33342e+06	0
2.33352e+06	0
2.33362e+06	0
2.33372e+06	0
2.33382e+06	0
2.33392e+06	0
2.33402e+06	0
2.33412e+06	0
2.33422e+06	0
2.33432e+06	0
2.33442e+06	0
2.33452e+06	0
2.33462e+06	0
2.33472e+06	0
2.33482e+06	0
2.33492e+06	0
2.33502e+06	0
2.33512e+06	0
2.33522e+06	0
2.33532e+06	0
2.33542e+06	0
2.33552e+06	0
2.33562e+06	0
2.33572e+06	0
2.33582e+06	0
2.33592e+06	0
2.33602e+06	0
2.33612e+06	0
2.33622e+06	0
2.33632e+06	0
2.33642e+06	0
2.33652e+06	0
2.33662e+06	0
2.33672e+06	0
2.33682e+06	0
2.33692e+06	0
2.33702e+06	0
2.33712e+06	0
2.33722e+06	0
2.33732e+06	0
2.33742e+06	0
2.33752e+06	0
2.33762e+06	0
2.33772e+06	0
2.33782e+06	0
2.33792e+06	0
2.33802e+06	0
2.33812e+06	0
2.33822e+06	0
2.33832e+06	0
2.33842e+06	0
2.33852e+06	0
2.33862e+06	0
2.33872e+06	0
2.33882e+06	0
2.33892e+06	0
2.33902e+06	0
2.33912e+06	0
2.33922e+06	0
2.33932e+06	0
2.33942e+06	0
2.33952e+06	0
2.33962e+06	0
2.33972e+06	0
2.33982e+06	0
2.33992e+06	0
2.34002e+06	0
2.34012e+06	0
2.34022e+06	0
2.34032e+06	0
2.34042e+06	0
2.34052e+06	0
2.34062e+06	0
2.34072e+06	0
2.34082e+06	0
2.34092e+06	0
2.34102e+06	0
2.34112e+06	0
2.34122e+06	0
2.34132e+06	0
2.34142e+06	0
2.34152e+06	0
2.34162e+06	0
2.34172e+06	0
2.34182e+06	0
2.34192e+06	0
2.34202e+06	0
2.34212e+06	0
2.34222e+06	0
2.34232e+06	0
2.34242e+06	0
2.34252e+06	0
2.34262e+06	0
2.34272e+06	0
2.34282e+06	0
2.34292e+06	0
2.34302e+06	0
2.34312e+06	0
2.34322e+06	0
2.34332e+06	0
2.34342e+06	0
2.34352e+06	0
2.34362e+06	0
2.34372e+06	0
2.34382e+06	0
2.34392e+06	0
2.34402e+06	0
2.34412e+06	0
2.34422e+06	0
2.34432e+06	0
2.34442e+06	0
2.34452e+06	0
2.34462e+06	0
2.34472e+06	0
2.34482e+06	0
2.34492e+06	0
2.34502e+06	0
2.34512e+06	0
2.34522e+06	0
2.34532e+06	0
2.34542e+06	0
2.34552e+06	0
2.34562e+06	0
2.34572e+06	0
2.34582e+06	0
2.34592e+06	0
2.34602e+06	0
2.34612e+06	0
2.34622e+06	0
2.34632e+06	0
2.34642e+06	0
2.34652e+06	0
2.34662e+06	0
2.34672e+06	0
2.34682e+06	0
2.34692e+06	0
2.34702e+06	0
2.34712e+06	0
2.34722e+06	0
2.34732e+06	0
2.34742e+06	0
2.34752e+06	0
2.34762e+06	0
2.34772e+06	0
2.34782e+06	0
2.34792e+06	0
2.34802e+06	0
2.34812e+06	0
2.34822e+06	0
2.34832e+06	0
2.34842e+06	0
2.34852e+06	0
2.34862e+06	0
2.34872e+06	0
2.34882e+06	0
2.34892e+06	0
2.34902e+06	0
2.34912e+06	0
2.34922e+06	0
2.34932e+06	0
2.34942e+06	0
2.34952e+06	0
2.34962e+06	0
2.34972e+06	0
2.34982e+06	0
2.34992e+06	0
2.35002e+06	0
2.35012e+06	0
2.35022e+06	0
2.35032e+06	0
2.35042e+06	0
2.35052e+06	0
2.35062e+06	0
2.35072e+06	0
2.35082e+06	0
2.35092e+06	0
2.35102e+06	0
2.35112e+06	0
2.35122e+06	0
2.35132e+06	0
2.35142e+06	0
2.35152e+06	0
2.35162e+06	0
2.35172e+06	0
2.35182e+06	0
2.35192e+06	0
2.35202e+06	0
2.35212e+06	0
2.35222e+06	0
2.35232e+06	0
2.35242e+06	0
2.35252e+06	0
2.35262e+06	0
2.35272e+06	0
2.35282e+06	0
2.35292e+06	0
2.35302e+06	0
2.35312e+06	0
2.35322e+06	0
2.35332e+06	0
2.35342e+06	0
2.35352e+06	0
2.35362e+06	0
2.35372e+06	0
2.35382e+06	0
2.35392e+06	0
2.35402e+06	0
2.35412e+06	0
2.35422e+06	0
2.35432e+06	0
2.35442e+06	0
2.35452e+06	0
2.35462e+06	0
2.35472e+06	0
2.35482e+06	0
2.35492e+06	0
2.35502e+06	0
2.35512e+06	0
2.35522e+06	0
2.35532e+06	0
2.35542e+06	0
2.35552e+06	0
2.35562e+06	0
2.35572e+06	0
2.35582e+06	0
2.35592e+06	0
2.35602e+06	0
2.35612e+06	0
2.35622e+06	0
2.35632e+06	0
2.35642e+06	0
2.35652e+06	0
2.35662e+06	0
2.35672e+06	0
2.35682e+06	0
2.35692e+06	0
2.35702e+06	0
2.35712e+06	0
2.35722e+06	0
2.35732e+06	0
2.35742e+06	0
2.35752e+06	0
2.35762e+06	0
2.35772e+06	0
2.35782e+06	0
2.35792e+06	0
2.35802e+06	0
2.35812e+06	0
2.35822e+06	0
2.35832e+06	0
2.35842e+06	0
2.35852e+06	0
2.35862e+06	0
2.35872e+06	0
2.35882e+06	0
2.35892e+06	0
2.35902e+06	0
2.35912e+06	0
2.35922e+06	0
2.35932e+06	0
2.35942e+06	0
2.35952e+06	0
2.35962e+06	0
2.35972e+06	0
2.35982e+06	0
2.35992e+06	0
2.36002e+06	0
2.36012e+06	0
2.36022e+06	0
2.36032e+06	0
2.36042e+06	0
2.36052e+06	0
2.36062e+06	0
2.36072e+06	0
2.36082e+06	0
2.36092e+06	0
2.36102e+06	0
2.36112e+06	0
2.36122e+06	0
2.36132e+06	0
2.36142e+06	0
2.36152e+06	0
2.36162e+06	0
2.36172e+06	0
2.36182e+06	0
2.36192e+06	0
2.36202e+06	0
2.36212e+06	0
2.36222e+06	0
2.36232e+06	0
2.36242e+06	0
2.36252e+06	0
2.36262e+06	0
2.36272e+06	0
2.36282e+06	0
2.36292e+06	0
2.36302e+06	0
2.36312e+06	0
2.36322e+06	0
2.36332e+06	0
2.36342e+06	0
2.36352e+06	0
2.36362e+06	0
2.36372e+06	0
2.36382e+06	0
2.36392e+06	0
2.36402e+06	0
2.36412e+06	0
2.36422e+06	0
2.36432e+06	0
2.36442e+06	0
2.36452e+06	0
2.36462e+06	0
2.36472e+06	0
2.36482e+06	0
2.36492e+06	0
2.36502e+06	0
2.36512e+06	0
2.36522e+06	0
2.36532e+06	0
2.36542e+06	0
2.36552e+06	0
2.36562e+06	0
2.36572e+06	0
2.36582e+06	0
2.36592e+06	0
2.36602e+06	0
2.36612e+06	0
2.36622e+06	0
2.36632e+06	0
2.36642e+06	0
2.36652e+06	0
2.36662e+06	0
2.36672e+06	0
2.36682e+06	0
2.36692e+06	0
2.36702e+06	0
2.36712e+06	0
2.36722e+06	0
2.36732e+06	0
2.36742e+06	0
2.36752e+06	0
2.36762e+06	0
2.36772e+06	0
2.36782e+06	0
2.36792e+06	0
2.36802e+06	0
2.36812e+06	0
2.36822e+06	0
2.36832e+06	0
2.36842e+06	0
2.36852e+06	0
2.36862e+06	0
2.36872e+06	0
2.36882e+06	0
2.36892e+06	0
2.36902e+06	0
2.36912e+06	0
2.36922e+06	0
2.36932e+06	0
2.36942e+06	0
2.36952e+06	0
2.36962e+06	0
2.36972e+06	0
2.36982e+06	0
2.36992e+06	0
2.37002e+06	0
2.37012e+06	0
2.37022e+06	0
2.37032e+06	0
2.37042e+06	0
2.37052e+06	0
2.37062e+06	0
2.37072e+06	0
2.37082e+06	0
2.37092e+06	0
2.37102e+06	0
2.37112e+06	0
2.37122e+06	0
2.37132e+06	0
2.37142e+06	0
2.37152e+06	0
2.37162e+06	0
2.37172e+06	0
2.37182e+06	0
2.37192e+06	0
2.37202e+06	0
2.37212e+06	0
2.37222e+06	0
2.37232e+06	0
2.37242e+06	0
2.37252e+06	0
2.37262e+06	0
2.37272e+06	0
2.37282e+06	0
2.37292e+06	0
2.37302e+06	0
2.37312e+06	0
2.37322e+06	0
2.37332e+06	0
2.37342e+06	0
2.37352e+06	0
2.37362e+06	0
2.37372e+06	0
2.37382e+06	0
2.37392e+06	0
2.37402e+06	0
2.37412e+06	0
2.37422e+06	0
2.37432e+06	0
2.37442e+06	0
2.37452e+06	0
2.37462e+06	0
2.37472e+06	0
2.37482e+06	0
2.37492e+06	0
2.37502e+06	0
2.37512e+06	0
2.37522e+06	0
2.37532e+06	0
2.37542e+06	0
2.37552e+06	0
2.37562e+06	0
2.37572e+06	0
2.37582e+06	0
2.37592e+06	0
2.37602e+06	0
2.37612e+06	0
2.37622e+06	0
2.37632e+06	0
2.37642e+06	0
2.37652e+06	0
2.37662e+06	0
2.37672e+06	0
2.37682e+06	0
2.37692e+06	0
2.37702e+06	0
2.37712e+06	0
2.37722e+06	0
2.37732e+06	0
2.37742e+06	0
2.37752e+06	0
2.37762e+06	0
2.37772e+06	0
2.37782e+06	0
2.37792e+06	0
2.37802e+06	0
2.37812e+06	0
2.37822e+06	0
2.37832e+06	0
2.37842e+06	0
2.37852e+06	0
2.37862e+06	0
2.37872e+06	0
2.37882e+06	0
2.37892e+06	0
2.37902e+06	0
2.37912e+06	0
2.37922e+06	0
2.37932e+06	0
2.37942e+06	0
2.37952e+06	0
2.37962e+06	0
2.37972e+06	0
2.37982e+06	0
2.37992e+06	0
2.38002e+06	0
2.38012e+06	0
2.38022e+06	0
2.38032e+06	0
2.38042e+06	0
2.38052e+06	0
2.38062e+06	0
2.38072e+06	0
2.38082e+06	0
2.38092e+06	0
2.38102e+06	0
2.38112e+06	0
2.38122e+06	0
2.38132e+06	0
2.38142e+06	0
2.38152e+06	0
2.38162e+06	0
2.38172e+06	0
2.38182e+06	0
2.38192e+06	0
2.38202e+06	0
2.38212e+06	0
2.38222e+06	0
2.38232e+06	0
2.38242e+06	0
2.38252e+06	0
2.38262e+06	0
2.38272e+06	0
2.38282e+06	0
2.38292e+06	0
2.38302e+06	0
2.38312e+06	0
2.38322e+06	0
2.38332e+06	0
2.38342e+06	0
2.38352e+06	0
2.38362e+06	0
2.38372e+06	0
2.38382e+06	0
2.38392e+06	0
2.38402e+06	0
2.38412e+06	0
2.38422e+06	0
2.38432e+06	0
2.38442e+06	0
2.38452e+06	0
2.38462e+06	0
2.38472e+06	0
2.38482e+06	0
2.38492e+06	0
2.38502e+06	0
2.38512e+06	0
2.38522e+06	0
2.38532e+06	0
2.38542e+06	0
2.38552e+06	0
2.38562e+06	0
2.38572e+06	0
2.38582e+06	0
2.38592e+06	0
2.38602e+06	0
2.38612e+06	0
2.38622e+06	0
2.38632e+06	0
2.38642e+06	0
2.38652e+06	0
2.38662e+06	0
2.38672e+06	0
2.38682e+06	0
2.38692e+06	0
2.38702e+06	0
2.38712e+06	0
2.38722e+06	0
2.38732e+06	0
2.38742e+06	0
2.38752e+06	0
2.38762e+06	0
2.38772e+06	0
2.38782e+06	0
2.38792e+06	0
2.38802e+06	0
2.38812e+06	0
2.38822e+06	0
2.38832e+06	0
2.38842e+06	0
2.38852e+06	0
2.38862e+06	0
2.38872e+06	0
2.38882e+06	0
2.38892e+06	0
2.38902e+06	0
2.38912e+06	0
2.38922e+06	0
2.38932e+06	0
2.38942e+06	0
2.38952e+06	0
2.38962e+06	0
2.38972e+06	0
2.38982e+06	0
2.38992e+06	0
2.39002e+06	0
2.39012e+06	0
2.39022e+06	0
2.39032e+06	0
2.39042e+06	0
2.39052e+06	0
2.39062e+06	0
2.39072e+06	0
2.39082e+06	0
2.39092e+06	0
2.39102e+06	0
2.39112e+06	0
2.39122e+06	0
2.39132e+06	0
2.39142e+06	0
2.39152e+06	0
2.39162e+06	0
2.39172e+06	0
2.39182e+06	0
2.39192e+06	0
2.39202e+06	0
2.39212e+06	0
2.39222e+06	0
2.39232e+06	0
2.39242e+06	0
2.39252e+06	0
2.39262e+06	0
2.39272e+06	0
2.39282e+06	0
2.39292e+06	0
2.39302e+06	0
2.39312e+06	0
2.39322e+06	0
2.39332e+06	0
2.39342e+06	0
2.39352e+06	0
2.39362e+06	0
2.39372e+06	0
2.39382e+06	0
2.39392e+06	0
2.39402e+06	0
2.39412e+06	0
2.39422e+06	0
2.39432e+06	0
2.39442e+06	0
2.39452e+06	0
2.39462e+06	0
2.39472e+06	0
2.39482e+06	0
2.39492e+06	0
2.39502e+06	0
2.39512e+06	0
2.39522e+06	0
2.39532e+06	0
2.39542e+06	0
2.39552e+06	0
2.39562e+06	0
2.39572e+06	0
2.39582e+06	0
2.39592e+06	0
2.39602e+06	0
2.39612e+06	0
2.39622e+06	0
2.39632e+06	0
2.39642e+06	0
2.39652e+06	0
2.39662e+06	0
2.39672e+06	0
2.39682e+06	0
2.39692e+06	0
2.39702e+06	0
2.39712e+06	0
2.39722e+06	0
2.39732e+06	0
2.39742e+06	0
2.39752e+06	0
2.39762e+06	0
2.39772e+06	0
2.39782e+06	0
2.39792e+06	0
2.39802e+06	0
2.39812e+06	0
2.39822e+06	0
2.39832e+06	0
2.39842e+06	0
2.39852e+06	0
2.39862e+06	0
2.39872e+06	0
2.39882e+06	0
2.39892e+06	0
2.39902e+06	0
2.39912e+06	0
2.39922e+06	0
2.39932e+06	0
2.39942e+06	0
2.39952e+06	0
2.39962e+06	0
2.39972e+06	0
2.39982e+06	0
2.39992e+06	0
2.40002e+06	0
2.40012e+06	0
2.40022e+06	0
2.40032e+06	0
2.40042e+06	0
2.40052e+06	0
2.40062e+06	0
2.40072e+06	0
2.40082e+06	0
2.40092e+06	0
2.40102e+06	0
2.40112e+06	0
2.40122e+06	0
2.40132e+06	0
2.40142e+06	0
2.40152e+06	0
2.40162e+06	0
2.40172e+06	0
2.40182e+06	0
2.40192e+06	0
2.40202e+06	0
2.40212e+06	0
2.40222e+06	0
2.40232e+06	0
2.40242e+06	0
2.40252e+06	0
2.40262e+06	0
2.40272e+06	0
2.40282e+06	0
2.40292e+06	0
2.40302e+06	0
2.40312e+06	0
2.40322e+06	0
2.40332e+06	0
2.40342e+06	0
2.40352e+06	0
2.40362e+06	0
2.40372e+06	0
2.40382e+06	0
2.40392e+06	0
2.40402e+06	0
2.40412e+06	0
2.40422e+06	0
2.40432e+06	0
2.40442e+06	0
2.40452e+06	0
2.40462e+06	0
2.40472e+06	0
2.40482e+06	0
2.40492e+06	0
2.40502e+06	0
2.40512e+06	0
2.40522e+06	0
2.40532e+06	0
2.40542e+06	0
2.40552e+06	0
2.40562e+06	0
2.40572e+06	0
2.40582e+06	0
2.40592e+06	0
2.40602e+06	0
2.40612e+06	0
2.40622e+06	0
2.40632e+06	0
2.40642e+06	0
2.40652e+06	0
2.40662e+06	0
2.40672e+06	0
2.40682e+06	0
2.40692e+06	0
2.40702e+06	0
2.40712e+06	0
2.40722e+06	0
2.40732e+06	0
2.40742e+06	0
2.40752e+06	0
2.40762e+06	0
2.40772e+06	0
2.40782e+06	0
2.40792e+06	0
2.40802e+06	0
2.40812e+06	0
2.40822e+06	0
2.40832e+06	0
2.40842e+06	0
2.40852e+06	0
2.40862e+06	0
2.40872e+06	0
2.40882e+06	0
2.40892e+06	0
2.40902e+06	0
2.40912e+06	0
2.40922e+06	0
2.40932e+06	0
2.40942e+06	0
2.40952e+06	0
2.40962e+06	0
2.40972e+06	0
2.40982e+06	0
2.40992e+06	0
2.41002e+06	0
2.41012e+06	0
2.41022e+06	0
2.41032e+06	0
2.41042e+06	0
2.41052e+06	0
2.41062e+06	0
2.41072e+06	0
2.41082e+06	0
2.41092e+06	0
2.41102e+06	0
2.41112e+06	0
2.41122e+06	0
2.41132e+06	0
2.41142e+06	0
2.41152e+06	0
2.41162e+06	0
2.41172e+06	0
2.41182e+06	0
2.41192e+06	0
2.41202e+06	0
2.41212e+06	0
2.41222e+06	0
2.41232e+06	0
2.41242e+06	0
2.41252e+06	0
2.41262e+06	0
2.41272e+06	0
2.41282e+06	0
2.41292e+06	0
2.41302e+06	0
2.41312e+06	0
2.41322e+06	0
2.41332e+06	0
2.41342e+06	0
2.41352e+06	0
2.41362e+06	0
2.41372e+06	0
2.41382e+06	0
2.41392e+06	0
2.41402e+06	0
2.41412e+06	0
2.41422e+06	0
2.41432e+06	0
2.41442e+06	0
2.41452e+06	0
2.41462e+06	0
2.41472e+06	0
2.41482e+06	0
2.41492e+06	0
2.41502e+06	0
2.41512e+06	0
2.41522e+06	0
2.41532e+06	0
2.41542e+06	0
2.41552e+06	0
2.41562e+06	0
2.41572e+06	0
2.41582e+06	0
2.41592e+06	0
2.41602e+06	0
2.41612e+06	0
2.41622e+06	0
2.41632e+06	0
2.41642e+06	0
2.41652e+06	0
2.41662e+06	0
2.41672e+06	0
2.41682e+06	0
2.41692e+06	0
2.41702e+06	0
2.41712e+06	0
2.41722e+06	0
2.41732e+06	0
2.41742e+06	0
2.41752e+06	0
2.41762e+06	0
2.41772e+06	0
2.41782e+06	0
2.41792e+06	0
2.41802e+06	0
2.41812e+06	0
2.41822e+06	0
2.41832e+06	0
2.41842e+06	0
2.41852e+06	0
2.41862e+06	0
2.41872e+06	0
2.41882e+06	0
2.41892e+06	0
2.41902e+06	0
2.41912e+06	2.17389e-322
2.41922e+06	1.09534e-320
2.41932e+06	5.0911e-319
2.41942e+06	2.34324e-317
2.41952e+06	1.06779e-315
2.41962e+06	4.81738e-314
2.41972e+06	2.15175e-312
2.41982e+06	9.5155e-311
2.41992e+06	4.16608e-309
2.42002e+06	1.80585e-307
2.42012e+06	7.74982e-306
2.42022e+06	3.29275e-304
2.42032e+06	1.38511e-302
2.42042e+06	5.76852e-301
2.42052e+06	2.3785e-299
2.42062e+06	9.70954e-298
2.42072e+06	3.9242e-296
2.42082e+06	1.57022e-294
2.42092e+06	6.22053e-293
2.42102e+06	2.43978e-291
2.42112e+06	9.47397e-290
2.42122e+06	3.64225e-288
2.42132e+06	1.38632e-286
2.42142e+06	5.22417e-285
2.42152e+06	1.94906e-283
2.42162e+06	7.19933e-282
2.42172e+06	2.63278e-280
2.42182e+06	9.53225e-279
2.42192e+06	3.4169e-277
2.42202e+06	1.21263e-275
2.42212e+06	4.26068e-274
2.42222e+06	1.48213e-272
2.42232e+06	5.10449e-271
2.42242e+06	1.7405e-269
2.42252e+06	5.87563e-268
2.42262e+06	1.96377e-266
2.42272e+06	6.49808e-265
2.42282e+06	2.1288e-263
2.42292e+06	6.90468e-262
2.42302e+06	2.21722e-260
2.42312e+06	7.04905e-259
2.42322e+06	2.21876e-257
2.42332e+06	6.91426e-256
2.42342e+06	2.13323e-254
2.42352e+06	6.51611e-253
2.42362e+06	1.97059e-251
2.42372e+06	5.90011e-250
2.42382e+06	1.74897e-248
2.42392e+06	5.13287e-247
2.42402e+06	1.4914e-245
2.42412e+06	4.2903e-244
2.42422e+06	1.2219e-242
2.42432e+06	3.44543e-241
2.42442e+06	9.61851e-240
2.42452e+06	2.65845e-238
2.42462e+06	7.27455e-237
2.42472e+06	1.97079e-235
2.42482e+06	5.28607e-234
2.42492e+06	1.40372e-232
2.42502e+06	3.69052e-231
2.42512e+06	9.60618e-230
2.42522e+06	2.47555e-228
2.42532e+06	6.31609e-227
2.42542e+06	1.59545e-225
2.42552e+06	3.99001e-224
2.42562e+06	9.8792e-223
2.42572e+06	2.42174e-221
2.42582e+06	5.87746e-220
2.42592e+06	1.41224e-218
2.42602e+06	3.35958e-217
2.42612e+06	7.9126e-216
2.42622e+06	1.84506e-214
2.42632e+06	4.25949e-213
2.42642e+06	9.73559e-212
2.42652e+06	2.20305e-210
2.42662e+06	4.93563e-209
2.42672e+06	1.09476e-207
2.42682e+06	2.4041e-206
2.42692e+06	5.22687e-205
2.42702e+06	1.12509e-203
2.42712e+06	2.39769e-202
2.42722e+06	5.05888e-201
2.42732e+06	1.05675e-199
2.42742e+06	2.18549e-198
2.42752e+06	4.47487e-197
2.42762e+06	9.0713e-196
2.42772e+06	1.82061e-194
2.42782e+06	3.61759e-193
2.42792e+06	7.11673e-192
2.42802e+06	1.38611e-190
2.42812e+06	2.67284e-189
2.42822e+06	5.10275e-188
2.42832e+06	9.6448e-187
2.42842e+06	1.80484e-185
2.42852e+06	3.34381e-184
2.42862e+06	6.13341e-183
2.42872e+06	1.11383e-181
2.42882e+06	2.00259e-180
2.42892e+06	3.56471e-179
2.42902e+06	6.28221e-178
2.42912e+06	1.09612e-176
2.42922e+06	1.89348e-175
2.42932e+06	3.23832e-174
2.42942e+06	5.48322e-173
2.42952e+06	9.19198e-172
2.42962e+06	1.5256e-170
2.42972e+06	2.50684e-169
2.42982e+06	4.07823e-168
2.42992e+06	6.56861e-167
2.43002e+06	1.04745e-165
2.43012e+06	1.65367e-164
2.43022e+06	2.58476e-163
2.43032e+06	3.99992e-162
2.43042e+06	6.12827e-161
2.43052e+06	9.29569e-160
2.43062e+06	1.39599e-158
2.43072e+06	2.07559e-157
2.43082e+06	3.05532e-156
2.43092e+06	4.45275e-155
2.43102e+06	6.42477e-154
2.43112e+06	9.17792e-153
2.43122e+06	1.29804e-151
2.43132e+06	1.81756e-150
2.43142e+06	2.51968e-149
2.43152e+06	3.45828e-148
2.43162e+06	4.69928e-147
2.43172e+06	6.32209e-146
2.43182e+06	8.42066e-145
2.43192e+06	1.11042e-143
2.43202e+06	1.44974e-142
2.43212e+06	1.8739e-141
2.43222e+06	2.39806e-140
2.43232e+06	3.0383e-139
2.43242e+06	3.81117e-138
2.43252e+06	4.73308e-137
2.43262e+06	5.8195e-136
2.43272e+06	7.08411e-135
2.43282e+06	8.53771e-134
2.43292e+06	1.01872e-132
2.43302e+06	1.20344e-131
2.43312e+06	1.40751e-130
2.43322e+06	1.62981e-129
2.43332e+06	1.86844e-128
2.43342e+06	2.12069e-127
2.43352e+06	2.38305e-126
2.43362e+06	2.65122e-125
2.43372e+06	2.92022e-124
2.43382e+06	3.18451e-123
2.43392e+06	3.43816e-122
2.43402e+06	3.67508e-121
2.43412e+06	3.88924e-120
2.43422e+06	4.07493e-119
2.43432e+06	4.227e-118
2.43442e+06	4.34112e-117
2.43452e+06	4.41395e-116
2.43462e+06	4.44336e-115
2.43472e+06	4.42845e-114
2.43482e+06	4.36967e-113
2.43492e+06	4.26878e-112
2.43502e+06	4.12871e-111
2.43512e+06	3.95351e-110
2.43522e+06	3.74808e-109
2.43532e+06	3.51797e-108
2.43542e+06	3.26912e-107
2.43552e+06	3.00766e-106
2.43562e+06	2.73957e-105
2.43572e+06	2.47055e-104
2.43582e+06	2.20577e-103
2.43592e+06	1.94978e-102
2.43602e+06	1.70635e-101
2.43612e+06	1.47845e-100
2.43622e+06	1.26824e-99
2.43632e+06	1.0771e-98
2.43642e+06	9.05663e-98
2.43652e+06	7.53935e-97
2.43662e+06	6.21381e-96
2.43672e+06	5.07037e-95
2.43682e+06	4.09617e-94
2.43692e+06	3.27623e-93
2.43702e+06	2.59434e-92
2.43712e+06	2.03393e-91
2.43722e+06	1.57871e-90
2.43732e+06	1.21318e-89
2.43742e+06	9.23012e-89
2.43752e+06	6.95257e-88
2.43762e+06	5.1849e-87
2.43772e+06	3.82818e-86
2.43782e+06	2.79834e-85
2.43792e+06	2.0252e-84
2.43802e+06	1.45108e-83
2.43812e+06	1.02937e-82
2.43822e+06	7.2295e-82
2.43832e+06	5.02692e-81
2.43842e+06	3.46062e-80
2.43852e+06	2.35864e-79
2.43862e+06	1.59158e-78
2.43872e+06	1.06329e-77
2.43882e+06	7.03282e-77
2.43892e+06	4.60539e-76
2.43902e+06	2.9858e-75
2.43912e+06	1.91651e-74
2.43922e+06	1.21792e-73
2.43932e+06	7.66273e-73
2.43942e+06	4.77315e-72
2.43952e+06	2.94364e-71
2.43962e+06	1.7973e-70
2.43972e+06	1.08646e-69
2.43982e+06	6.50225e-69
2.43992e+06	3.85275e-68
2.44002e+06	2.26014e-67
2.44012e+06	1.31267e-66
2.44022e+06	7.54805e-66
2.44032e+06	4.29705e-65
2.44042e+06	2.42194e-64
2.44052e+06	1.35149e-63
2.44062e+06	7.46653e-63
2.44072e+06	4.08397e-62
2.44082e+06	2.21158e-61
2.44092e+06	1.18572e-60
2.44102e+06	6.29384e-60
2.44112e+06	3.30756e-59
2.44122e+06	1.7209e-58
2.44132e+06	8.86467e-58
2.44142e+06	4.52091e-57
2.44152e+06	2.28268e-56
2.44162e+06	1.1411e-55
2.44172e+06	5.64751e-55
2.44182e+06	2.76725e-54
2.44192e+06	1.34245e-53
2.44202e+06	6.44766e-53
2.44212e+06	3.06595e-52
2.44222e+06	1.44339e-51
2.44232e+06	6.7276e-51
2.44242e+06	3.10452e-50
2.44252e+06	1.41835e-49
2.44262e+06	6.41553e-49
2.44272e+06	2.87301e-48
2.44282e+06	1.27379e-47
2.44292e+06	5.59136e-47
2.44302e+06	2.42993e-46
2.44312e+06	1.04551e-45
2.44322e+06	4.45366e-45
2.44332e+06	1.8783e-44
2.44342e+06	7.84274e-44
2.44352e+06	3.24212e-43
2.44362e+06	1.32693e-42
2.44372e+06	5.37679e-42
2.44382e+06	2.15702e-41
2.44392e+06	8.56731e-41
2.44402e+06	3.36892e-40
2.44412e+06	1.31158e-39
2.44422e+06	5.05539e-39
2.44432e+06	1.92918e-38
2.44442e+06	7.28865e-38
2.44452e+06	2.72633e-37
2.44462e+06	1.00964e-36
2.44472e+06	3.70181e-36
2.44482e+06	1.34374e-35
2.44492e+06	4.82922e-35
2.44502e+06	1.71828e-34
2.44512e+06	6.05296e-34
2.44522e+06	2.11105e-33
2.44532e+06	7.28932e-33
2.44542e+06	2.49191e-32
2.44552e+06	8.43402e-32
2.44562e+06	2.82614e-31
2.44572e+06	9.37584e-31
2.44582e+06	3.07953e-30
2.44592e+06	1.00142e-29
2.44602e+06	3.22405e-29
2.44612e+06	1.02765e-28
2.44622e+06	3.24301e-28
2.44632e+06	1.01323e-27
2.44642e+06	3.13417e-27
2.44652e+06	9.59833e-27
2.44662e+06	2.91022e-26
2.44672e+06	8.736e-26
2.44682e+06	2.59631e-25
2.44692e+06	7.63937e-25
2.44702e+06	2.22544e-24
2.44712e+06	6.41846e-24
2.44722e+06	1.83275e-23
2.44732e+06	5.18122e-23
2.44742e+06	1.45017e-22
2.44752e+06	4.01848e-22
2.44762e+06	1.10246e-21
2.44772e+06	2.99447e-21
2.44782e+06	8.05257e-21
2.44792e+06	2.14391e-20
2.44802e+06	5.65113e-20
2.44812e+06	1.47476e-19
2.44822e+06	3.81034e-19
2.44832e+06	9.74683e-19
2.44842e+06	2.46843e-18
2.44852e+06	6.18919e-18
2.44862e+06	1.5364e-17
2.44872e+06	3.77601e-17
2.44882e+06	9.18794e-17
2.44892e+06	2.2134e-16
2.44902e+06	5.2791e-16
2.44912e+06	1.24657e-15
2.44922e+06	2.91427e-15
2.44932e+06	6.74528e-15
2.44942e+06	1.54571e-14
2.44952e+06	3.50681e-14
2.44962e+06	7.87686e-14
2.44972e+06	1.75167e-13
2.44982e+06	3.85663e-13
2.44992e+06	8.4066e-13
2.45002e+06	1.81422e-12
2.45012e+06	3.8763e-12
2.45022e+06	8.19975e-12
2.45032e+06	1.71728e-11
2.45042e+06	3.56074e-11
2.45052e+06	7.30962e-11
2.45062e+06	1.48562e-10
2.45072e+06	2.98934e-10
2.45082e+06	5.95528e-10
2.45092e+06	1.17459e-09
2.45102e+06	2.29364e-09
2.45112e+06	4.43428e-09
2.45122e+06	8.48746e-09
2.45132e+06	1.60838e-08
2.45142e+06	3.01757e-08
2.45152e+06	5.6051e-08
2.45162e+06	1.03078e-07
2.45172e+06	1.87675e-07
2.45182e+06	3.383e-07
2.45192e+06	6.03749e-07
2.45202e+06	1.06676e-06
2.45212e+06	1.8661e-06
2.45222e+06	3.23192e-06
2.45232e+06	5.54169e-06
2.45242e+06	9.40765e-06
2.45252e+06	1.58117e-05
2.45262e+06	2.63106e-05
2.45272e+06	4.33452e-05
2.45282e+06	7.06982e-05
2.45292e+06	0.000114165
2.45302e+06	0.000182522
2.45312e+06	0.000288903
2.45322e+06	0.000452739
2.45332e+06	0.000702426
2.45342e+06	0.00107897
2.45352e+06	0.00164088
2.45362e+06	0.00247059
2.45372e+06	0.00368283
2.45382e+06	0.00543525
2.45392e+06	0.00794172
2.45402e+06	0.0114886
2.45412e+06	0.0164542
2.45422e+06	0.0233314
2.45432e+06	0.032754
2.45442e+06	0.0455245
2.45452e+06	0.0626444
2.45462e+06	0.0853447
2.45472e+06	0.115114
2.45482e+06	0.153722
2.45492e+06	0.203237
2.45502e+06	0.266026
2.45512e+06	0.34475
2.45522e+06	0.442324
2.45532e+06	0.561868
2.45542e+06	0.706619
2.45552e+06	0.879818
2.45562e+06	1.08457
2.45572e+06	1.32367
2.45582e+06	1.59941
2.45592e+06	1.91335
2.45602e+06	2.26615
2.45612e+06	2.65728
2.45622e+06	3.08493
2.45632e+06	3.54576
2.45642e+06	4.03488
2.45652e+06	4.54579
2.45662e+06	5.07043
2.45672e+06	5.59934
2.45682e+06	6.1219
2.45692e+06	6.62664
2.45702e+06	7.10161
2.45712e+06	7.5349
2.45722e+06	7.91508
2.45732e+06	8.23171
2.45742e+06	8.47582
2.45752e+06	8.64034
2.45762e+06	8.72041
2.45772e+06	8.71364
2.45782e+06	8.62025
2.45792e+06	8.443
2.45802e+06	8.18712
2.45812e+06	7.86
2.45822e+06	7.47086
2.45832e+06	7.03034
2.45842e+06	6.54996
2.45852e+06	6.04168
2.45862e+06	5.5174
2.45872e+06	4.98848
2.45882e+06	4.46538
2.45892e+06	3.95737
2.45902e+06	3.47225
2.45912e+06	3.01629
2.45922e+06	2.59413
2.45932e+06	2.20886
2.45942e+06	1.86209
2.45952e+06	1.55414
2.45962e+06	1.28422
2.45972e+06	1.05061
2.45982e+06	0.850948
2.45992e+06	0.682372
2.46002e+06	0.541747
2.46012e+06	0.425823
2.46022e+06	0.331374
2.46032e+06	0.255308
2.46042e+06	0.194746
2.46052e+06	0.147072
2.46062e+06	0.109963
2.46072e+06	0.0813994
2.46082e+06	0.0596558
2.46092e+06	0.0432854
2.46102e+06	0.0310948
2.46112e+06	0.0221152
2.46122e+06	0.0155722
2.46132e+06	0.0108559
2.46142e+06	0.00749276
2.46152e+06	0.00512003
2.46162e+06	0.00346386
2.46172e+06	0.0023201
2.46182e+06	0.00153854
2.46192e+06	0.00101011
2.46202e+06	0.000656575
2.46212e+06	0.00042253
2.46222e+06	0.000269208
2.46232e+06	0.000169815
2.46242e+06	0.000106052
2.46252e+06	6.55725e-05
2.46262e+06	4.01403e-05
2.46272e+06	2.43274e-05
2.46282e+06	1.45972e-05
2.46292e+06	8.6716e-06
2.46302e+06	5.10019e-06
2.46312e+06	2.96982e-06
2.46322e+06	1.71211e-06
2.46332e+06	9.77213e-07
2.46342e+06	5.5221e-07
2.46352e+06	3.08942e-07
2.46362e+06	1.71122e-07
2.46372e+06	9.3841e-08
2.46382e+06	5.0949e-08
2.46392e+06	2.73865e-08
2.46402e+06	1.45745e-08
2.46412e+06	7.67906e-09
2.46422e+06	4.00571e-09
2.46432e+06	2.06875e-09
2.46442e+06	1.05778e-09
2.46452e+06	5.35472e-10
2.46462e+06	2.68372e-10
2.46472e+06	1.33166e-10
2.46482e+06	6.54196e-11
2.46492e+06	3.18184e-11
2.46502e+06	1.53217e-11
2.46512e+06	7.30452e-12
2.46522e+06	3.44774e-12
2.46532e+06	1.61114e-12
2.46542e+06	7.454e-13
2.46552e+06	3.41431e-13
2.46562e+06	1.54837e-13
2.46572e+06	6.95186e-14
2.46582e+06	3.09019e-14
2.46592e+06	1.35996e-14
2.46602e+06	5.92551e-15
2.46612e+06	2.55612e-15
2.46622e+06	1.09168e-15
2.46632e+06	4.61598e-16
2.46642e+06	1.93237e-16
2.46652e+06	8.00893e-17
2.46662e+06	3.28636e-17
2.46672e+06	1.3351e-17
2.46682e+06	5.36993e-18
2.46692e+06	2.13836e-18
2.46702e+06	8.43043e-19
2.46712e+06	3.29061e-19
2.46722e+06	1.27163e-19
2.46732e+06	4.86519e-20
2.46742e+06	1.84288e-20
2.46752e+06	6.91116e-21
2.46762e+06	2.56604e-21
2.46772e+06	9.4326e-22
2.46782e+06	3.43287e-22
2.46792e+06	1.23691e-22
2.46802e+06	4.41244e-23
2.46812e+06	1.55839e-23
2.46822e+06	5.44916e-24
2.46832e+06	1.88643e-24
2.46842e+06	6.4656e-25
2.46852e+06	2.19398e-25
2.46862e+06	7.37082e-26
2.46872e+06	2.45163e-26
2.46882e+06	8.0733e-27
2.46892e+06	2.63211e-27
2.46902e+06	8.496e-28
2.46912e+06	2.71507e-28
2.46922e+06	8.59026e-29
2.46932e+06	2.69084e-29
2.46942e+06	8.34499e-30
2.46952e+06	2.56225e-30
2.46962e+06	7.78886e-31
2.46972e+06	2.34414e-31
2.46982e+06	6.98474e-32
2.46992e+06	2.06051e-32
2.47002e+06	6.01804e-33
2.47012e+06	1.74017e-33
2.47022e+06	4.98182e-34
2.47032e+06	1.41202e-34
2.47042e+06	3.96231e-35
2.47052e+06	1.10082e-35
2.47062e+06	3.02788e-36
2.47072e+06	8.24552e-37
2.47082e+06	2.22308e-37
2.47092e+06	5.93403e-38
2.47102e+06	1.5682e-38
2.47112e+06	4.10308e-39
2.47122e+06	1.06286e-39
2.47132e+06	2.72582e-40
2.47142e+06	6.92113e-41
2.47152e+06	1.73986e-41
2.47162e+06	4.3302e-42
2.47172e+06	1.06699e-42
2.47182e+06	2.60295e-43
2.47192e+06	6.28682e-44
2.47202e+06	1.50333e-44
2.47212e+06	3.55903e-45
2.47222e+06	8.34196e-46
2.47232e+06	1.9358e-46
2.47242e+06	4.44745e-47
2.47252e+06	1.01162e-47
2.47262e+06	2.27815e-48
2.47272e+06	5.0793e-49
2.47282e+06	1.1212e-49
2.47292e+06	2.45029e-50
2.47302e+06	5.30164e-51
2.47312e+06	1.13569e-51
2.47322e+06	2.40861e-52
2.47332e+06	5.05743e-53
2.47342e+06	1.05136e-53
2.47352e+06	2.16386e-54
2.47362e+06	4.40923e-55
2.47372e+06	8.89519e-56
2.47382e+06	1.77666e-56
2.47392e+06	3.51326e-57
2.47402e+06	6.87817e-58
2.47412e+06	1.33319e-58
2.47422e+06	2.55841e-59
2.47432e+06	4.86076e-60
2.47442e+06	9.14314e-61
2.47452e+06	1.70272e-61
2.47462e+06	3.13942e-62
2.47472e+06	5.73075e-63
2.47482e+06	1.03569e-63
2.47492e+06	1.85314e-64
2.47502e+06	3.28278e-65
2.47512e+06	5.75747e-66
2.47522e+06	9.99723e-67
2.47532e+06	1.71864e-67
2.47542e+06	2.92514e-68
2.47552e+06	4.92907e-69
2.47562e+06	8.2232e-70
2.47572e+06	1.35823e-70
2.47582e+06	2.22108e-71
2.47592e+06	3.59593e-72
2.47602e+06	5.76388e-73
2.47612e+06	9.14695e-74
2.47622e+06	1.43712e-74
2.47632e+06	2.23547e-75
2.47642e+06	3.44272e-76
2.47652e+06	5.24918e-77
2.47662e+06	7.92388e-78
2.47672e+06	1.18424e-78
2.47682e+06	1.75227e-79
2.47692e+06	2.56696e-80
2.47702e+06	3.72301e-81
2.47712e+06	5.34596e-82
2.47722e+06	7.60002e-83
2.47732e+06	1.0697e-83
2.47742e+06	1.49061e-84
2.47752e+06	2.05648e-85
2.47762e+06	2.80893e-86
2.47772e+06	3.79852e-87
2.47782e+06	5.08564e-88
2.47792e+06	6.74115e-89
2.47802e+06	8.84665e-90
2.47812e+06	1.14943e-90
2.47822e+06	1.47857e-91
2.47832e+06	1.88303e-92
2.47842e+06	2.37427e-93
2.47852e+06	2.96388e-94
2.47862e+06	3.6631e-95
2.47872e+06	4.48228e-96
2.47882e+06	5.43532e-97
2.47892e+06	6.97629e-98
2.47902e+06	4.72873e-98
2.47912e+06	3.3495e-97
2.47922e+06	2.79307e-96
2.47932e+06	2.31201e-95
2.47942e+06	1.89483e-94
2.47952e+06	1.53748e-93
2.47962e+06	1.23511e-92
2.47972e+06	9.82327e-92
2.47982e+06	7.73509e-91
2.47992e+06	6.0302e-90
2.48002e+06	4.6543e-89
2.48012e+06	3.5566e-88
2.48022e+06	2.69074e-87
2.48032e+06	2.01543e-86
2.48042e+06	1.49458e-85
2.48052e+06	1.0973e-84
2.48062e+06	7.97614e-84
2.48072e+06	5.74004e-83
2.48082e+06	4.08973e-82
2.48092e+06	2.88491e-81
2.48102e+06	2.01477e-80
2.48112e+06	1.39308e-79
2.48122e+06	9.5364e-79
2.48132e+06	6.46322e-78
2.48142e+06	4.33682e-77
2.48152e+06	2.88105e-76
2.48162e+06	1.8949e-75
2.48172e+06	1.2339e-74
2.48182e+06	7.95481e-74
2.48192e+06	5.07735e-73
2.48202e+06	3.2085e-72
2.48212e+06	2.00735e-71
2.48222e+06	1.24337e-70
2.48232e+06	7.62495e-70
2.48242e+06	4.62945e-69
2.48252e+06	2.78278e-68
2.48262e+06	1.6561e-67
2.48272e+06	9.75775e-67
2.48282e+06	5.69208e-66
2.48292e+06	3.28737e-65
2.48302e+06	1.87968e-64
2.48312e+06	1.06408e-63
2.48322e+06	5.96382e-63
2.48332e+06	3.30926e-62
2.48342e+06	1.818e-61
2.48352e+06	9.88812e-61
2.48362e+06	5.32465e-60
2.48372e+06	2.83874e-59
2.48382e+06	1.49836e-58
2.48392e+06	7.83006e-58
2.48402e+06	4.05108e-57
2.48412e+06	2.07507e-56
2.48422e+06	1.05233e-55
2.48432e+06	5.28359e-55
2.48442e+06	2.62641e-54
2.48452e+06	1.29257e-53
2.48462e+06	6.29799e-53
2.48472e+06	3.03813e-52
2.48482e+06	1.451e-51
2.48492e+06	6.861e-51
2.48502e+06	3.21191e-50
2.48512e+06	1.48866e-49
2.48522e+06	6.83104e-49
2.48532e+06	3.10337e-48
2.48542e+06	1.39585e-47
2.48552e+06	6.21584e-47
2.48562e+06	2.74042e-46
2.48572e+06	1.19617e-45
2.48582e+06	5.16923e-45
2.48592e+06	2.21164e-44
2.48602e+06	9.36832e-44
2.48612e+06	3.92885e-43
2.48622e+06	1.63127e-42
2.48632e+06	6.7057e-42
2.48642e+06	2.7291e-41
2.48652e+06	1.09964e-40
2.48662e+06	4.38672e-40
2.48672e+06	1.73255e-39
2.48682e+06	6.77468e-39
2.48692e+06	2.6227e-38
2.48702e+06	1.00523e-37
2.48712e+06	3.81452e-37
2.48722e+06	1.43308e-36
2.48732e+06	5.3304e-36
2.48742e+06	1.96293e-35
2.48752e+06	7.15661e-35
2.48762e+06	2.58325e-34
2.48772e+06	9.23173e-34
2.48782e+06	3.26631e-33
2.48792e+06	1.14416e-32
2.48802e+06	3.96803e-32
2.48812e+06	1.36245e-31
2.48822e+06	4.6315e-31
2.48832e+06	1.55876e-30
2.48842e+06	5.19393e-30
2.48852e+06	1.71344e-29
2.48862e+06	5.59628e-29
2.48872e+06	1.80962e-28
2.48882e+06	5.79336e-28
2.48892e+06	1.83625e-27
2.48902e+06	5.76222e-27
2.48912e+06	1.79022e-26
2.48922e+06	5.50652e-26
2.48932e+06	1.6769e-25
2.48942e+06	5.05584e-25
2.48952e+06	1.50917e-24
2.48962e+06	4.46003e-24
2.48972e+06	1.30495e-23
2.48982e+06	3.78016e-23
2.48992e+06	1.08413e-22
2.49002e+06	3.0783e-22
2.49012e+06	8.65359e-22
2.49022e+06	2.40846e-21
2.49032e+06	6.6365e-21
2.49042e+06	1.81049e-20
2.49052e+06	4.89001e-20
2.49062e+06	1.30762e-19
2.49072e+06	3.46186e-19
2.49082e+06	9.07391e-19
2.49092e+06	2.35471e-18
2.49102e+06	6.04973e-18
2.49112e+06	1.53884e-17
2.49122e+06	3.87531e-17
2.49132e+06	9.66221e-17
2.49142e+06	2.38509e-16
2.49152e+06	5.82893e-16
2.49162e+06	1.41036e-15
2.49172e+06	3.37854e-15
2.49182e+06	8.01281e-15
2.49192e+06	1.88147e-14
2.49202e+06	4.37389e-14
2.49212e+06	1.00669e-13
2.49222e+06	2.29392e-13
2.49232e+06	5.17511e-13
2.49242e+06	1.15589e-12
2.49252e+06	2.55607e-12
2.49262e+06	5.5961e-12
2.49272e+06	1.21298e-11
2.49282e+06	2.60304e-11
2.49292e+06	5.5305e-11
2.49302e+06	1.16333e-10
2.49312e+06	2.42271e-10
2.49322e+06	4.99524e-10
2.49332e+06	1.01969e-09
2.49342e+06	2.06081e-09
2.49352e+06	4.12347e-09
2.49362e+06	8.16856e-09
2.49372e+06	1.60208e-08
2.49382e+06	3.11087e-08
2.49392e+06	5.98048e-08
2.49402e+06	1.13827e-07
2.49412e+06	2.14494e-07
2.49422e+06	4.00166e-07
2.49432e+06	7.39133e-07
2.49442e+06	1.35164e-06
2.49452e+06	2.44713e-06
2.49462e+06	4.38643e-06
2.49472e+06	7.78434e-06
2.49482e+06	1.36769e-05
2.49492e+06	2.3791e-05
2.49502e+06	4.09727e-05
2.49512e+06	6.98608e-05
2.49522e+06	0.000117931
2.49532e+06	0.000197098
2.49542e+06	0.000326131
2.49552e+06	0.000534267
2.49562e+06	0.000866528
2.49572e+06	0.00139144
2.49582e+06	0.00221208
2.49592e+06	0.00348174
2.49602e+06	0.00542561
2.49612e+06	0.00837062
2.49622e+06	0.0127857
2.49632e+06	0.0193351
2.49642e+06	0.0289486
2.49652e+06	0.0429106
2.49662e+06	0.0629737
2.49672e+06	0.0914978
2.49682e+06	0.131619
2.49692e+06	0.18745
2.49702e+06	0.264306
2.49712e+06	0.368967
2.49722e+06	0.509946
2.49732e+06	0.697779
2.49742e+06	0.945298
2.49752e+06	1.26788
2.49762e+06	1.68361
2.49772e+06	2.21342
2.49782e+06	2.881
2.49792e+06	3.71261
2.49802e+06	4.73666
2.49812e+06	5.98305
2.49822e+06	7.48221
2.49832e+06	9.2639
2.49842e+06	11.3557
2.49852e+06	13.7814
2.49862e+06	16.5588
2.49872e+06	19.698
2.49882e+06	23.1991
2.49892e+06	27.0507
2.49902e+06	31.2279
2.49912e+06	35.6913
2.49922e+06	40.3869
2.49932e+06	45.2455
2.49942e+06	50.1843
2.49952e+06	55.1083
2.49962e+06	59.9132
2.49972e+06	64.489
2.49982e+06	68.7236
2.49992e+06	72.5076
2.50002e+06	75.7387
2.50012e+06	78.3266
2.50022e+06	80.1969
2.50032e+06	81.2948
2.50042e+06	81.5878
2.50052e+06	81.0672
2.50062e+06	79.7483
2.50072e+06	77.6704
2.50082e+06	74.8938
2.50092e+06	71.498
2.50102e+06	67.577
2.50112e+06	63.2355
2.50122e+06	58.5841
2.50132e+06	53.7348
2.50142e+06	48.7965
2.50152e+06	43.8711
2.50162e+06	39.0505
2.50172e+06	34.4136
2.50182e+06	30.0256
2.50192e+06	25.9364
2.50202e+06	22.1812
2.50212e+06	18.781
2.50222e+06	15.7437
2.50232e+06	13.0663
2.50242e+06	10.7364
2.50252e+06	8.7341
2.50262e+06	7.03455
2.50272e+06	5.60933
2.50282e+06	4.42836
2.50292e+06	3.46124
2.50302e+06	2.67841
2.50312e+06	2.05202
2.50322e+06	1.55647
2.50332e+06	1.16885
2.50342e+06	0.869024
2.50352e+06	0.639681
2.50362e+06	0.466178
2.50372e+06	0.336354
2.50382e+06	0.24027
2.50392e+06	0.169926
2.50402e+06	0.11898
2.50412e+06	0.08248
2.50422e+06	0.0566082
2.50432e+06	0.0384651
2.50442e+06	0.0258769
2.50452e+06	0.0172351
2.50462e+06	0.0113651
2.50472e+06	0.00741973
2.50482e+06	0.0047958
2.50492e+06	0.00306896
2.50502e+06	0.00194437
2.50512e+06	0.00121961
2.50522e+06	0.000757397
2.50532e+06	0.000465674
2.50542e+06	0.000283463
2.50552e+06	0.000170832
2.50562e+06	0.000101929
2.50572e+06	6.02123e-05
2.50582e+06	3.52151e-05
2.50592e+06	2.03906e-05
2.50602e+06	1.16893e-05
2.50612e+06	6.6344e-06
2.50622e+06	3.72798e-06
2.50632e+06	2.07397e-06
2.50642e+06	1.14232e-06
2.50652e+06	6.22918e-07
2.50662e+06	3.36303e-07
2.50672e+06	1.79758e-07
2.50682e+06	9.51266e-08
2.50692e+06	4.98394e-08
2.50702e+06	2.58524e-08
2.50712e+06	1.32766e-08
2.50722e+06	6.75039e-09
2.50732e+06	3.39804e-09
2.50742e+06	1.6935e-09
2.50752e+06	8.35599e-10
2.50762e+06	4.08196e-10
2.50772e+06	1.97422e-10
2.50782e+06	9.45324e-11
2.50792e+06	4.48149e-11
2.50802e+06	2.1034e-11
2.50812e+06	9.7741e-12
2.50822e+06	4.49665e-12
2.50832e+06	2.04814e-12
2.50842e+06	9.23605e-13
2.50852e+06	4.12354e-13
2.50862e+06	1.82268e-13
2.50872e+06	7.97645e-14
2.50882e+06	3.45593e-14
2.50892e+06	1.48244e-14
2.50902e+06	6.29573e-15
2.50912e+06	2.64711e-15
2.50922e+06	1.10193e-15
2.50932e+06	4.54147e-16
2.50942e+06	1.85308e-16
2.50952e+06	7.48597e-17
2.50962e+06	2.99406e-17
2.50972e+06	1.18557e-17
2.50982e+06	4.64787e-18
2.50992e+06	1.804e-18
2.51002e+06	6.93229e-19
2.51012e+06	2.63739e-19
2.51022e+06	9.93408e-20
2.51032e+06	3.70458e-20
2.51042e+06	1.36775e-20
2.51052e+06	4.99956e-21
2.51062e+06	1.80931e-21
2.51072e+06	6.48266e-22
2.51082e+06	2.29959e-22
2.51092e+06	8.07612e-23
2.51102e+06	2.8081e-23
2.51112e+06	9.66675e-24
2.51122e+06	3.29462e-24
2.51132e+06	1.1117e-24
2.51142e+06	3.71386e-25
2.51152e+06	1.22835e-25
2.51162e+06	4.02229e-26
2.51172e+06	1.30402e-26
2.51182e+06	4.18553e-27
2.51192e+06	1.33007e-27
2.51202e+06	4.18461e-28
2.51212e+06	1.30345e-28
2.51222e+06	4.01965e-29
2.51232e+06	1.22727e-29
2.51242e+06	3.70979e-30
2.51252e+06	1.11024e-30
2.51262e+06	3.28957e-31
2.51272e+06	9.64982e-32
2.51282e+06	2.80257e-32
2.51292e+06	8.05844e-33
2.51302e+06	2.29405e-33
2.51312e+06	6.46563e-34
2.51322e+06	1.80417e-34
2.51332e+06	4.98424e-35
2.51342e+06	1.36326e-35
2.51352e+06	3.69161e-36
2.51362e+06	9.89713e-37
2.51372e+06	2.627e-37
2.51382e+06	6.90348e-38
2.51392e+06	1.79611e-38
2.51402e+06	4.62653e-39
2.51412e+06	1.17987e-39
2.51422e+06	2.979e-40
2.51432e+06	7.44669e-41
2.51442e+06	1.84295e-41
2.51452e+06	4.51566e-42
2.51462e+06	1.09543e-42
2.51472e+06	2.63092e-43
2.51482e+06	6.25584e-44
2.51492e+06	1.47272e-44
2.51502e+06	3.43252e-45
2.51512e+06	7.92069e-46
2.51522e+06	1.80955e-46
2.51532e+06	4.09292e-47
2.51542e+06	9.16546e-48
2.51552e+06	2.03204e-48
2.51562e+06	4.46033e-49
2.51572e+06	9.69302e-50
2.51582e+06	2.08549e-50
2.51592e+06	4.44236e-51
2.51602e+06	9.36866e-52
2.51612e+06	1.95613e-52
2.51622e+06	4.04366e-53
2.51632e+06	8.27578e-54
2.51642e+06	1.67687e-54
2.51652e+06	3.36394e-55
2.51662e+06	6.6812e-56
2.51672e+06	1.31376e-56
2.51682e+06	2.55762e-57
2.51692e+06	4.92961e-58
2.51702e+06	9.4069e-59
2.51712e+06	1.7772e-59
2.51722e+06	3.32419e-60
2.51732e+06	6.15588e-61
2.51742e+06	1.12863e-61
2.51752e+06	2.04866e-62
2.51762e+06	3.68169e-63
2.51772e+06	6.55058e-64
2.51782e+06	1.15391e-64
2.51792e+06	2.01241e-65
2.51802e+06	3.47473e-66
2.51812e+06	5.93995e-67
2.51822e+06	1.00531e-67
2.51832e+06	1.68452e-68
2.51842e+06	2.79453e-69
2.51852e+06	4.58985e-70
2.51862e+06	7.46354e-71
2.51872e+06	1.20157e-71
2.51882e+06	1.91518e-72
2.51892e+06	3.02223e-73
2.51902e+06	4.72174e-74
2.51912e+06	7.30355e-75
2.51922e+06	1.11847e-75
2.51932e+06	1.69578e-76
2.51942e+06	2.54549e-77
2.51952e+06	3.78296e-78
2.51962e+06	5.56607e-79
2.51972e+06	8.10817e-80
2.51982e+06	1.16938e-80
2.51992e+06	1.66972e-81
2.52002e+06	2.36041e-82
2.52012e+06	3.30362e-83
2.52022e+06	4.57773e-84
2.52032e+06	6.2801e-85
2.52042e+06	8.52982e-86
2.52052e+06	1.14702e-86
2.52062e+06	1.52707e-87
2.52072e+06	2.01281e-88
2.52082e+06	2.62666e-89
2.52092e+06	3.39362e-90
2.52102e+06	4.3409e-91
2.52112e+06	5.49734e-92
2.52122e+06	6.89259e-93
2.52132e+06	8.55597e-94
2.52142e+06	1.05151e-94
2.52152e+06	1.27942e-95
2.52162e+06	1.54125e-96
2.52172e+06	1.83818e-97
2.52182e+06	2.1705e-98
2.52192e+06	2.53741e-99
2.52202e+06	2.93681e-100
2.52212e+06	3.36527e-101
2.52222e+06	3.81786e-102
2.52232e+06	4.28823e-103
2.52242e+06	4.76862e-104
2.52252e+06	5.25006e-105
2.52262e+06	5.7226e-106
2.52272e+06	6.1756e-107
2.52282e+06	6.59815e-108
2.52292e+06	6.97946e-109
2.52302e+06	7.30935e-110
2.52312e+06	7.57867e-111
2.52322e+06	7.77972e-112
2.52332e+06	7.90664e-113
2.52342e+06	7.95568e-114
2.52352e+06	7.92537e-115
2.52362e+06	7.81662e-116
2.52372e+06	7.63265e-117
2.52382e+06	7.37885e-118
2.52392e+06	7.06251e-119
2.52402e+06	6.69248e-120
2.52412e+06	6.27872e-121
2.52422e+06	5.83194e-122
2.52432e+06	5.36305e-123
2.52442e+06	4.88278e-124
2.52452e+06	4.40129e-125
2.52462e+06	3.92781e-126
2.52472e+06	3.47038e-127
2.52482e+06	3.03572e-128
2.52492e+06	2.62907e-129
2.52502e+06	2.25424e-130
2.52512e+06	1.91362e-131
2.52522e+06	1.6083e-132
2.52532e+06	1.33825e-133
2.52542e+06	1.10246e-134
2.52552e+06	8.9918e-136
2.52562e+06	7.26084e-137
2.52572e+06	5.80476e-138
2.52582e+06	4.59451e-139
2.52592e+06	3.6004e-140
2.52602e+06	2.79331e-141
2.52612e+06	2.14558e-142
2.52622e+06	1.63165e-143
2.52632e+06	1.22848e-144
2.52642e+06	9.15724e-146
2.52652e+06	6.758e-147
2.52662e+06	4.93775e-148
2.52672e+06	3.57189e-149
2.52682e+06	2.55813e-150
2.52692e+06	1.81386e-151
2.52702e+06	1.27334e-152
2.52712e+06	8.84994e-154
2.52722e+06	6.08967e-155
2.52732e+06	4.14862e-156
2.52742e+06	2.79815e-157
2.52752e+06	1.86851e-158
2.52762e+06	1.23531e-159
2.52772e+06	8.08567e-161
2.52782e+06	5.23976e-162
2.52792e+06	3.36174e-163
2.52802e+06	2.13537e-164
2.52812e+06	1.34289e-165
2.52822e+06	8.36112e-167
2.52832e+06	5.15401e-168
2.52842e+06	3.14546e-169
2.52852e+06	1.90055e-170
2.52862e+06	1.13692e-171
2.52872e+06	6.73348e-173
2.52882e+06	3.94826e-174
2.52892e+06	2.29208e-175
2.52902e+06	1.31738e-176
2.52912e+06	7.4963e-178
2.52922e+06	4.2232e-179
2.52932e+06	2.35555e-180
2.52942e+06	1.30077e-181
2.52952e+06	7.11159e-183
2.52962e+06	3.84937e-184
2.52972e+06	2.06286e-185
2.52982e+06	1.09448e-186
2.52992e+06	5.7491e-188
2.53002e+06	2.98986e-189
2.53012e+06	1.53943e-190
2.53022e+06	7.84736e-192
2.53032e+06	3.96046e-193
2.53042e+06	1.9789e-194
2.53052e+06	9.78951e-196
2.53062e+06	4.79462e-197
2.53072e+06	2.3249e-198
2.53082e+06	1.11612e-199
2.53092e+06	5.30488e-201
2.53102e+06	2.4963e-202
2.53112e+06	1.16299e-203
2.53122e+06	5.36428e-205
2.53132e+06	2.44965e-206
2.53142e+06	1.10753e-207
2.53152e+06	4.95747e-209
2.53162e+06	2.19697e-210
2.53172e+06	9.63928e-212
2.53182e+06	4.18719e-213
2.53192e+06	1.80077e-214
2.53202e+06	7.66742e-216
2.53212e+06	3.2322e-217
2.53222e+06	1.34898e-218
2.53232e+06	5.57401e-220
2.53242e+06	2.28028e-221
2.53252e+06	9.2356e-223
2.53262e+06	3.70339e-224
2.53272e+06	1.47025e-225
2.53282e+06	5.77882e-227
2.53292e+06	2.24877e-228
2.53302e+06	8.66378e-230
2.53312e+06	3.30466e-231
2.53322e+06	1.24797e-232
2.53332e+06	4.66592e-234
2.53342e+06	1.72714e-235
2.53352e+06	6.32959e-237
2.53362e+06	2.29657e-238
2.53372e+06	8.24978e-240
2.53382e+06	2.93401e-241
2.53392e+06	1.03309e-242
2.53402e+06	3.60139e-244
2.53412e+06	1.24297e-245
2.53422e+06	4.24725e-247
2.53432e+06	1.43685e-248
2.53442e+06	4.81253e-250
2.53452e+06	1.59585e-251
2.53462e+06	5.23922e-253
2.53472e+06	1.70294e-254
2.53482e+06	5.48011e-256
2.53492e+06	1.74596e-257
2.53502e+06	5.5073e-259
2.53512e+06	1.71989e-260
2.53522e+06	5.31762e-262
2.53532e+06	1.62777e-263
2.53542e+06	4.93315e-265
2.53552e+06	1.48017e-266
2.53562e+06	4.39703e-268
2.53572e+06	1.29319e-269
2.53582e+06	3.76549e-271
2.53592e+06	1.08552e-272
2.53602e+06	3.09823e-274
2.53612e+06	8.75477e-276
2.53622e+06	2.44925e-277
2.53632e+06	6.78388e-279
2.53642e+06	1.86029e-280
2.53652e+06	5.05057e-282
2.53662e+06	1.35755e-283
2.53672e+06	3.61268e-285
2.53682e+06	9.51833e-287
2.53692e+06	2.48284e-288
2.53702e+06	6.41199e-290
2.53712e+06	1.63944e-291
2.53722e+06	4.15005e-293
2.53732e+06	1.04009e-294
2.53742e+06	2.58073e-296
2.53752e+06	6.33975e-298
2.53762e+06	1.54191e-299
2.53772e+06	3.71282e-301
2.53782e+06	8.85125e-303
2.53792e+06	2.08912e-304
2.53802e+06	4.88178e-306
2.53812e+06	1.12941e-307
2.53822e+06	2.5869e-309
2.53832e+06	5.86633e-311
2.53842e+06	1.31707e-312
2.53852e+06	2.92759e-314
2.53862e+06	6.4427e-316
2.53872e+06	1.40372e-317
2.53882e+06	3.02754e-319
2.53892e+06	6.4525e-321
2.53902e+06	0
2.53912e+06	0
2.53922e+06	0
2.53932e+06	0
2.53942e+06	0
2.53952e+06	0
2.53962e+06	0
2.53972e+06	0
2.53982e+06	0
2.53992e+06	0
2.54002e+06	0
2.54012e+06	0
2.54022e+06	0
2.54032e+06	0
2.54042e+06	0
2.54052e+06	0
2.54062e+06	0
2.54072e+06	0
2.54082e+06	0
2.54092e+06	0
2.54102e+06	0
2.54112e+06	0
2.54122e+06	0
2.54132e+06	0
2.54142e+06	0
2.54152e+06	0
2.54162e+06	0
2.54172e+06	0
2.54182e+06	0
2.54192e+06	0
2.54202e+06	0
2.54212e+06	0
2.54222e+06	0
2.54232e+06	0
2.54242e+06	0
2.54252e+06	0
2.54262e+06	0
2.54272e+06	0
2.54282e+06	0
2.54292e+06	0
2.54302e+06	0
2.54312e+06	0
2.54322e+06	0
2.54332e+06	0
2.54342e+06	0
2.54352e+06	0
2.54362e+06	0
2.54372e+06	0
2.54382e+06	0
2.54392e+06	0
2.54402e+06	0
2.54412e+06	0
2.54422e+06	0
2.54432e+06	0
2.54442e+06	0
2.54452e+06	0
2.54462e+06	0
2.54472e+06	0
2.54482e+06	0
2.54492e+06	0
2.54502e+06	0
2.54512e+06	0
2.54522e+06	0
2.54532e+06	0
2.54542e+06	0
2.54552e+06	0
2.54562e+06	0
2.54572e+06	0
2.54582e+06	0
2.54592e+06	0
2.54602e+06	0
2.54612e+06	0
2.54622e+06	0
2.54632e+06	0
2.54642e+06	0
2.54652e+06	0
2.54662e+06	0
2.54672e+06	0
2.54682e+06	0
2.54692e+06	0
2.54702e+06	0
2.54712e+06	0
2.54722e+06	0
2.54732e+06	0
2.54742e+06	0
2.54752e+06	0
2.54762e+06	0
2.54772e+06	0
2.54782e+06	0
2.54792e+06	0
2.54802e+06	0
2.54812e+06	0
2.54822e+06	0
2.54832e+06	0
2.54842e+06	0
2.54852e+06	0
2.54862e+06	0
2.54872e+06	0
2.54882e+06	0
2.54892e+06	0
2.54902e+06	0
2.54912e+06	0
2.54922e+06	0
2.54932e+06	0
2.54942e+06	0
2.54952e+06	0
2.54962e+06	0
2.54972e+06	0
2.54982e+06	0
2.54992e+06	0
2.55002e+06	0
2.55012e+06	0
2.55022e+06	0
2.55032e+06	0
2.55042e+06	0
2.55052e+06	0
2.55062e+06	0
2.55072e+06	0
2.55082e+06	0
2.55092e+06	0
2.55102e+06	0
2.55112e+06	0
2.55122e+06	0
2.55132e+06	0
2.55142e+06	0
2.55152e+06	0
2.55162e+06	0
2.55172e+06	0
2.55182e+06	0
2.55192e+06	0
2.55202e+06	0
2.55212e+06	0
2.55222e+06	0
2.55232e+06	0
2.55242e+06	0
2.55252e+06	0
2.55262e+06	0
2.55272e+06	0
2.55282e+06	0
2.55292e+06	0
2.55302e+06	0
2.55312e+06	0
2.55322e+06	0
2.55332e+06	0
2.55342e+06	0
2.55352e+06	0
2.55362e+06	0
2.55372e+06	0
2.55382e+06	0
2.55392e+06	0
2.55402e+06	0
2.55412e+06	0
2.55422e+06	0
2.55432e+06	0
2.55442e+06	0
2.55452e+06	0
2.55462e+06	0
2.55472e+06	0
2.55482e+06	0
2.55492e+06	0
2.55502e+06	0
2.55512e+06	0
2.55522e+06	0
2.55532e+06	0
2.55542e+06	0
2.55552e+06	0
2.55562e+06	0
2.55572e+06	0
2.55582e+06	0
2.55592e+06	0
2.55602e+06	0
2.55612e+06	0
2.55622e+06	0
2.55632e+06	0
2.55642e+06	0
2.55652e+06	0
2.55662e+06	0
2.55672e+06	0
2.55682e+06	0
2.55692e+06	0
2.55702e+06	0
2.55712e+06	0
2.55722e+06	0
2.55732e+06	0
2.55742e+06	0
2.55752e+06	0
2.55762e+06	0
2.55772e+06	0
2.55782e+06	0
2.55792e+06	0
2.55802e+06	0
2.55812e+06	0
2.55822e+06	0
2.55832e+06	0
2.55842e+06	0
2.55852e+06	0
2.55862e+06	0
2.55872e+06	0
2.55882e+06	0
2.55892e+06	0
2.55902e+06	0
2.55912e+06	0
2.55922e+06	0
2.55932e+06	0
2.55942e+06	0
2.55952e+06	0
2.55962e+06	0
2.55972e+06	0
2.55982e+06	0
2.55992e+06	0
2.56002e+06	0
2.56012e+06	0
2.56022e+06	0
2.56032e+06	0
2.56042e+06	0
2.56052e+06	0
2.56062e+06	0
2.56072e+06	0
2.56082e+06	0
2.56092e+06	0
2.56102e+06	0
2.56112e+06	0
2.56122e+06	0
2.56132e+06	0
2.56142e+06	0
2.56152e+06	0
2.56162e+06	0
2.56172e+06	0
2.56182e+06	0
2.56192e+06	0
2.56202e+06	0
2.56212e+06	0
2.56222e+06	0
2.56232e+06	0
2.56242e+06	0
2.56252e+06	0
2.56262e+06	0
2.56272e+06	0
2.56282e+06	0
2.56292e+06	0
2.56302e+06	0
2.56312e+06	0
2.56322e+06	0
2.56332e+06	0
2.56342e+06	0
2.56352e+06	0
2.56362e+06	0
2.56372e+06	0
2.56382e+06	0
2.56392e+06	0
2.56402e+06	0
2.56412e+06	0
2.56422e+06	0
2.56432e+06	0
2.56442e+06	0
2.56452e+06	0
2.56462e+06	0
2.56472e+06	0
2.56482e+06	0
2.56492e+06	0
2.56502e+06	0
2.56512e+06	0
2.56522e+06	0
2.56532e+06	0
2.56542e+06	0
2.56552e+06	0
2.56562e+06	0
2.56572e+06	0
2.56582e+06	0
2.56592e+06	0
2.56602e+06	0
2.56612e+06	0
2.56622e+06	0
2.56632e+06	0
2.56642e+06	0
2.56652e+06	0
2.56662e+06	0
2.56672e+06	0
2.56682e+06	0
2.56692e+06	0
2.56702e+06	0
2.56712e+06	0
2.56722e+06	0
2.56732e+06	0
2.56742e+06	0
2.56752e+06	0
2.56762e+06	0
2.56772e+06	0
2.56782e+06	0
2.56792e+06	0
2.56802e+06	0
2.56812e+06	0
2.56822e+06	0
2.56832e+06	0
2.56842e+06	0
2.56852e+06	0
2.56862e+06	0
2.56872e+06	0
2.56882e+06	0
2.56892e+06	0
2.56902e+06	0
2.56912e+06	0
2.56922e+06	0
2.56932e+06	0
2.56942e+06	0
2.56952e+06	0
2.56962e+06	0
2.56972e+06	0
2.56982e+06	0
2.56992e+06	0
2.57002e+06	0
2.57012e+06	0
2.57022e+06	0
2.57032e+06	0
2.57042e+06	0
2.57052e+06	0
2.57062e+06	0
2.57072e+06	0
2.57082e+06	0
2.57092e+06	0
2.57102e+06	0
2.57112e+06	0
2.57122e+06	0
2.57132e+06	0
2.57142e+06	0
2.57152e+06	0
2.57162e+06	0
2.57172e+06	0
2.57182e+06	0
2.57192e+06	0
2.57202e+06	0
2.57212e+06	0
2.57222e+06	0
2.57232e+06	0
2.57242e+06	0
2.57252e+06	0
2.57262e+06	0
2.57272e+06	0
2.57282e+06	0
2.57292e+06	0
2.57302e+06	0
2.57312e+06	0
2.57322e+06	0
2.57332e+06	0
2.57342e+06	0
2.57352e+06	0
2.57362e+06	0
2.57372e+06	0
2.57382e+06	0
2.57392e+06	0
2.57402e+06	0
2.57412e+06	0
2.57422e+06	0
2.57432e+06	0
2.57442e+06	0
2.57452e+06	0
2.57462e+06	0
2.57472e+06	0
2.57482e+06	0
2.57492e+06	0
2.57502e+06	0
2.57512e+06	0
2.57522e+06	0
2.57532e+06	0
2.57542e+06	0
2.57552e+06	0
2.57562e+06	0
2.57572e+06	0
2.57582e+06	0
2.57592e+06	0
2.57602e+06	0
2.57612e+06	0
2.57622e+06	0
2.57632e+06	0
2.57642e+06	0
2.57652e+06	0
2.57662e+06	0
2.57672e+06	0
2.57682e+06	0
2.57692e+06	0
2.57702e+06	0
2.57712e+06	0
2.57722e+06	0
2.57732e+06	0
2.57742e+06	0
2.57752e+06	0
2.57762e+06	0
2.57772e+06	0
2.57782e+06	0
2.57792e+06	0
2.57802e+06	0
2.57812e+06	0
2.57822e+06	0
2.57832e+06	0
2.57842e+06	0
2.57852e+06	0
2.57862e+06	0
2.57872e+06	0
2.57882e+06	0
2.57892e+06	0
2.57902e+06	0
2.57912e+06	0
2.57922e+06	0
2.57932e+06	0
2.57942e+06	0
2.57952e+06	0
2.57962e+06	0
2.57972e+06	0
2.57982e+06	0
2.57992e+06	0
2.58002e+06	0
2.58012e+06	0
2.58022e+06	0
2.58032e+06	0
2.58042e+06	0
2.58052e+06	0
2.58062e+06	0
2.58072e+06	0
2.58082e+06	0
2.58092e+06	0
2.58102e+06	0
2.58112e+06	0
2.58122e+06	0
2.58132e+06	0
2.58142e+06	0
2.58152e+06	0
2.58162e+06	0
2.58172e+06	0
2.58182e+06	0
2.58192e+06	0
2.58202e+06	0
2.58212e+06	0
2.58222e+06	0
2.58232e+06	0
2.58242e+06	0
2.58252e+06	0
2.58262e+06	0
2.58272e+06	0
2.58282e+06	0
2.58292e+06	0
2.58302e+06	0
2.58312e+06	0
2.58322e+06	0
2.58332e+06	0
2.58342e+06	0
2.58352e+06	0
2.58362e+06	0
2.58372e+06	0
2.58382e+06	0
2.58392e+06	0
2.58402e+06	0
2.58412e+06	0
2.58422e+06	0
2.58432e+06	0
2.58442e+06	0
2.58452e+06	0
2.58462e+06	0
2.58472e+06	0
2.58482e+06	0
2.58492e+06	0
2.58502e+06	0
2.58512e+06	0
2.58522e+06	0
2.58532e+06	0
2.58542e+06	0
2.58552e+06	0
2.58562e+06	0
2.58572e+06	0
2.58582e+06	0
2.58592e+06	0
2.58602e+06	0
2.58612e+06	0
2.58622e+06	0
2.58632e+06	0
2.58642e+06	0
2.58652e+06	0
2.58662e+06	0
2.58672e+06	0
2.58682e+06	0
2.58692e+06	0
2.58702e+06	0
2.58712e+06	0
2.58722e+06	0
2.58732e+06	0
2.58742e+06	0
2.58752e+06	0
2.58762e+06	0
2.58772e+06	0
2.58782e+06	0
2.58792e+06	0
2.58802e+06	0
2.58812e+06	0
2.58822e+06	0
2.58832e+06	0
2.58842e+06	0
2.58852e+06	0
2.58862e+06	0
2.58872e+06	0
2.58882e+06	0
2.58892e+06	0
2.58902e+06	0
2.58912e+06	0
2.58922e+06	0
2.58932e+06	0
2.58942e+06	0
2.58952e+06	0
2.58962e+06	0
2.58972e+06	0
2.58982e+06	0
2.58992e+06	0
2.59002e+06	0
2.59012e+06	0
2.59022e+06	0
2.59032e+06	0
2.59042e+06	0
2.59052e+06	0
2.59062e+06	0
2.59072e+06	0
2.59082e+06	0
2.59092e+06	0
2.59102e+06	0
2.59112e+06	0
2.59122e+06	0
2.59132e+06	0
2.59142e+06	0
2.59152e+06	0
2.59162e+06	0
2.59172e+06	0
2.59182e+06	0
2.59192e+06	0
2.59202e+06	0
2.59212e+06	0
2.59222e+06	0
2.59232e+06	0
2.59242e+06	0
2.59252e+06	0
2.59262e+06	0
2.59272e+06	0
2.59282e+06	0
2.59292e+06	0
2.59302e+06	0
2.59312e+06	0
2.59322e+06	0
2.59332e+06	0
2.59342e+06	0
2.59352e+06	0
2.59362e+06	0
2.59372e+06	0
2.59382e+06	0
2.59392e+06	0
2.59402e+06	0
2.59412e+06	0
2.59422e+06	0
2.59432e+06	0
2.59442e+06	0
2.59452e+06	0
2.59462e+06	0
2.59472e+06	0
2.59482e+06	0
2.59492e+06	0
2.59502e+06	0
2.59512e+06	0
2.59522e+06	0
2.59532e+06	0
2.59542e+06	0
2.59552e+06	0
2.59562e+06	0
2.59572e+06	0
2.59582e+06	0
2.59592e+06	0
2.59602e+06	0
2.59612e+06	0
2.59622e+06	0
2.59632e+06	0
2.59642e+06	0
2.59652e+06	0
2.59662e+06	0
2.59672e+06	0
2.59682e+06	0
2.59692e+06	0
2.59702e+06	0
2.59712e+06	0
2.59722e+06	0
2.59732e+06	0
2.59742e+06	0
2.59752e+06	0
2.59762e+06	0
2.59772e+06	0
2.59782e+06	0
2.59792e+06	0
2.59802e+06	0
2.59812e+06	0
2.59822e+06	0
2.59832e+06	0
2.59842e+06	0
2.59852e+06	0
2.59862e+06	0
2.59872e+06	0
2.59882e+06	0
2.59892e+06	0
2.59902e+06	0
2.59912e+06	0
2.59922e+06	0
2.59932e+06	0
2.59942e+06	0
2.59952e+06	0
2.59962e+06	0
2.59972e+06	0
2.59982e+06	0
2.59992e+06	0
2.60002e+06	0
2.60012e+06	0
2.60022e+06	0
2.60032e+06	0
2.60042e+06	0
2.60052e+06	0
2.60062e+06	0
2.60072e+06	0
2.60082e+06	0
2.60092e+06	0
2.60102e+06	0
2.60112e+06	0
2.60122e+06	0
2.60132e+06	0
2.60142e+06	0
2.60152e+06	0
2.60162e+06	0
2.60172e+06	0
2.60182e+06	0
2.60192e+06	0
2.60202e+06	0
2.60212e+06	0
2.60222e+06	0
2.60232e+06	0
2.60242e+06	0
2.60252e+06	0
2.60262e+06	0
2.60272e+06	0
2.60282e+06	0
2.60292e+06	0
2.60302e+06	0
2.60312e+06	0
2.60322e+06	0
2.60332e+06	0
2.60342e+06	0
2.60352e+06	0
2.60362e+06	0
2.60372e+06	0
2.60382e+06	0
2.60392e+06	0
2.60402e+06	0
2.60412e+06	2.42092e-322
2.60422e+06	7.76177e-321
2.60432e+06	3.57293e-319
2.60442e+06	1.65376e-317
2.60452e+06	7.57701e-316
2.60462e+06	3.43699e-314
2.60472e+06	1.54353e-312
2.60482e+06	6.86295e-311
2.60492e+06	3.02108e-309
2.60502e+06	1.31665e-307
2.60512e+06	5.68116e-306
2.60522e+06	2.42694e-304
2.60532e+06	1.02645e-302
2.60542e+06	4.2981e-301
2.60552e+06	1.78185e-299
2.60562e+06	7.31344e-298
2.60572e+06	2.97187e-296
2.60582e+06	1.19563e-294
2.60592e+06	4.76231e-293
2.60602e+06	1.87801e-291
2.60612e+06	7.33218e-290
2.60622e+06	2.83418e-288
2.60632e+06	1.08462e-286
2.60642e+06	4.10946e-285
2.60652e+06	1.54152e-283
2.60662e+06	5.72494e-282
2.60672e+06	2.10499e-280
2.60682e+06	7.66277e-279
2.60692e+06	2.76171e-277
2.60702e+06	9.85436e-276
2.60712e+06	3.48125e-274
2.60722e+06	1.21758e-272
2.60732e+06	4.21619e-271
2.60742e+06	1.44543e-269
2.60752e+06	4.90607e-268
2.60762e+06	1.64864e-266
2.60772e+06	5.48498e-265
2.60782e+06	1.80668e-263
2.60792e+06	5.89176e-262
2.60802e+06	1.90224e-260
2.60812e+06	6.08055e-259
2.60822e+06	1.92432e-257
2.60832e+06	6.02933e-256
2.60842e+06	1.87033e-254
2.60852e+06	5.74412e-253
2.60862e+06	1.74657e-251
2.60872e+06	5.25782e-250
2.60882e+06	1.56705e-248
2.60892e+06	4.62399e-247
2.60902e+06	1.35085e-245
2.60912e+06	3.90711e-244
2.60922e+06	1.11882e-242
2.60932e+06	3.17192e-241
2.60942e+06	8.90312e-240
2.60952e+06	2.47411e-238
2.60962e+06	6.80693e-237
2.60972e+06	1.85414e-235
2.60982e+06	5.00022e-234
2.60992e+06	1.33504e-232
2.61002e+06	3.52903e-231
2.61012e+06	9.23579e-230
2.61022e+06	2.39304e-228
2.61032e+06	6.13878e-227
2.61042e+06	1.55909e-225
2.61052e+06	3.9203e-224
2.61062e+06	9.75939e-223
2.61072e+06	2.40538e-221
2.61082e+06	5.86951e-220
2.61092e+06	1.418e-218
2.61102e+06	3.39163e-217
2.61112e+06	8.03152e-216
2.61122e+06	1.88297e-214
2.61132e+06	4.37066e-213
2.61142e+06	1.0044e-211
2.61152e+06	2.2852e-210
2.61162e+06	5.14754e-209
2.61172e+06	1.14797e-207
2.61182e+06	2.53466e-206
2.61192e+06	5.54071e-205
2.61202e+06	1.19913e-203
2.61212e+06	2.56937e-202
2.61222e+06	5.4506e-201
2.61232e+06	1.14477e-199
2.61242e+06	2.38039e-198
2.61252e+06	4.90046e-197
2.61262e+06	9.98807e-196
2.61272e+06	2.0155e-194
2.61282e+06	4.02664e-193
2.61292e+06	7.96451e-192
2.61302e+06	1.55967e-190
2.61312e+06	3.02387e-189
2.61322e+06	5.8043e-188
2.61332e+06	1.10305e-186
2.61342e+06	2.07537e-185
2.61352e+06	3.86593e-184
2.61362e+06	7.12967e-183
2.61372e+06	1.30179e-181
2.61382e+06	2.35327e-180
2.61392e+06	4.21171e-179
2.61402e+06	7.46281e-178
2.61412e+06	1.30919e-176
2.61422e+06	2.27384e-175
2.61432e+06	3.90999e-174
2.61442e+06	6.65653e-173
2.61452e+06	1.12196e-171
2.61462e+06	1.87225e-170
2.61472e+06	3.09318e-169
2.61482e+06	5.05948e-168
2.61492e+06	8.19338e-167
2.61502e+06	1.31364e-165
2.61512e+06	2.08521e-164
2.61522e+06	3.27701e-163
2.61532e+06	5.09874e-162
2.61542e+06	7.85426e-161
2.61552e+06	1.19786e-159
2.61562e+06	1.80868e-158
2.61572e+06	2.7038e-157
2.61582e+06	4.00171e-156
2.61592e+06	5.86373e-155
2.61602e+06	8.50665e-154
2.61612e+06	1.2218e-152
2.61622e+06	1.7374e-151
2.61632e+06	2.44599e-150
2.61642e+06	3.40933e-149
2.61652e+06	4.70477e-148
2.61662e+06	6.42785e-147
2.61672e+06	8.69461e-146
2.61682e+06	1.16437e-144
2.61692e+06	1.5438e-143
2.61702e+06	2.02649e-142
2.61712e+06	2.63365e-141
2.61722e+06	3.38865e-140
2.61732e+06	4.31672e-139
2.61742e+06	5.44424e-138
2.61752e+06	6.79795e-137
2.61762e+06	8.4038e-136
2.61772e+06	1.02856e-134
2.61782e+06	1.24636e-133
2.61792e+06	1.49524e-132
2.61802e+06	1.77598e-131
2.61812e+06	2.08843e-130
2.61822e+06	2.43142e-129
2.61832e+06	2.80258e-128
2.61842e+06	3.19824e-127
2.61852e+06	3.61346e-126
2.61862e+06	4.04195e-125
2.61872e+06	4.47627e-124
2.61882e+06	4.90793e-123
2.61892e+06	5.32768e-122
2.61902e+06	5.72578e-121
2.61912e+06	6.0924e-120
2.61922e+06	6.41799e-119
2.61932e+06	6.6937e-118
2.61942e+06	6.9118e-117
2.61952e+06	7.06599e-116
2.61962e+06	7.15174e-115
2.61972e+06	7.16651e-114
2.61982e+06	7.10985e-113
2.61992e+06	6.98346e-112
2.62002e+06	6.79106e-111
2.62012e+06	6.53826e-110
2.62022e+06	6.23222e-109
2.62032e+06	5.88141e-108
2.62042e+06	5.49511e-107
2.62052e+06	5.0831e-106
2.62062e+06	4.6552e-105
2.62072e+06	4.2209e-104
2.62082e+06	3.78903e-103
2.62092e+06	3.36751e-102
2.62102e+06	2.9631e-101
2.62112e+06	2.58132e-100
2.62122e+06	2.22635e-99
2.62132e+06	1.90108e-98
2.62142e+06	1.60719e-97
2.62152e+06	1.34521e-96
2.62162e+06	1.11473e-95
2.62172e+06	9.14549e-95
2.62182e+06	7.4285e-94
2.62192e+06	5.97382e-93
2.62202e+06	4.7562e-92
2.62212e+06	3.74909e-91
2.62222e+06	2.92582e-90
2.62232e+06	2.26062e-89
2.62242e+06	1.72927e-88
2.62252e+06	1.30966e-87
2.62262e+06	9.81991e-87
2.62272e+06	7.28979e-86
2.62282e+06	5.35772e-85
2.62292e+06	3.89853e-84
2.62302e+06	2.80854e-83
2.62312e+06	2.00316e-82
2.62322e+06	1.41452e-81
2.62332e+06	9.88914e-81
2.62342e+06	6.84487e-80
2.62352e+06	4.69061e-79
2.62362e+06	3.18237e-78
2.62372e+06	2.13761e-77
2.62382e+06	1.42156e-76
2.62392e+06	9.35957e-76
2.62402e+06	6.10106e-75
2.62412e+06	3.93742e-74
2.62422e+06	2.51579e-73
2.62432e+06	1.59146e-72
2.62442e+06	9.96719e-72
2.62452e+06	6.18027e-71
2.62462e+06	3.79401e-70
2.62472e+06	2.30594e-69
2.62482e+06	1.38756e-68
2.62492e+06	8.26639e-68
2.62502e+06	4.87569e-67
2.62512e+06	2.84717e-66
2.62522e+06	1.64606e-65
2.62532e+06	9.42188e-65
2.62542e+06	5.33932e-64
2.62552e+06	2.99565e-63
2.62562e+06	1.664e-62
2.62572e+06	9.15107e-62
2.62582e+06	4.98251e-61
2.62592e+06	2.68585e-60
2.62602e+06	1.43342e-59
2.62612e+06	7.5739e-59
2.62622e+06	3.96209e-58
2.62632e+06	2.05204e-57
2.62642e+06	1.05221e-56
2.62652e+06	5.3417e-56
2.62662e+06	2.6848e-55
2.62672e+06	1.33599e-54
2.62682e+06	6.58186e-54
2.62692e+06	3.21035e-53
2.62702e+06	1.55029e-52
2.62712e+06	7.41194e-52
2.62722e+06	3.50838e-51
2.62732e+06	1.64414e-50
2.62742e+06	7.6283e-50
2.62752e+06	3.50408e-49
2.62762e+06	1.59359e-48
2.62772e+06	7.17526e-48
2.62782e+06	3.19856e-47
2.62792e+06	1.41166e-46
2.62802e+06	6.16824e-46
2.62812e+06	2.66839e-45
2.62822e+06	1.14287e-44
2.62832e+06	4.84616e-44
2.62842e+06	2.0345e-43
2.62852e+06	8.45618e-43
2.62862e+06	3.47975e-42
2.62872e+06	1.41768e-41
2.62882e+06	5.7183e-41
2.62892e+06	2.28356e-40
2.62902e+06	9.02846e-40
2.62912e+06	3.53405e-39
2.62922e+06	1.36958e-38
2.62932e+06	5.25487e-38
2.62942e+06	1.99615e-37
2.62952e+06	7.50723e-37
2.62962e+06	2.79527e-36
2.62972e+06	1.03045e-35
2.62982e+06	3.76083e-35
2.62992e+06	1.35894e-34
2.63002e+06	4.86152e-34
2.63012e+06	1.72187e-33
2.63022e+06	6.03793e-33
2.63032e+06	2.0962e-32
2.63042e+06	7.20498e-32
2.63052e+06	2.45183e-31
2.63062e+06	8.26048e-31
2.63072e+06	2.75535e-30
2.63082e+06	9.09927e-30
2.63092e+06	2.97504e-29
2.63102e+06	9.63021e-29
2.63112e+06	3.08628e-28
2.63122e+06	9.79249e-28
2.63132e+06	3.07615e-27
2.63142e+06	9.56707e-27
2.63152e+06	2.94583e-26
2.63162e+06	8.98034e-26
2.63172e+06	2.71041e-25
2.63182e+06	8.09906e-25
2.63192e+06	2.39602e-24
2.63202e+06	7.01786e-24
2.63212e+06	2.03505e-23
2.63222e+06	5.84256e-23
2.63232e+06	1.66069e-22
2.63242e+06	4.67337e-22
2.63252e+06	1.30205e-21
2.63262e+06	3.59158e-21
2.63272e+06	9.8084e-21
2.63282e+06	2.65197e-20
2.63292e+06	7.09897e-20
2.63302e+06	1.88139e-19
2.63312e+06	4.93652e-19
2.63322e+06	1.28239e-18
2.63332e+06	3.29818e-18
2.63342e+06	8.39822e-18
2.63352e+06	2.11717e-17
2.63362e+06	5.28425e-17
2.63372e+06	1.30577e-16
2.63382e+06	3.19453e-16
2.63392e+06	7.73758e-16
2.63402e+06	1.8555e-15
2.63412e+06	4.40526e-15
2.63422e+06	1.03548e-14
2.63432e+06	2.40972e-14
2.63442e+06	5.552e-14
2.63452e+06	1.26646e-13
2.63462e+06	2.86014e-13
2.63472e+06	6.39501e-13
2.63482e+06	1.41564e-12
2.63492e+06	3.10256e-12
2.63502e+06	6.73203e-12
2.63512e+06	1.4462e-11
2.63522e+06	3.07587e-11
2.63532e+06	6.47686e-11
2.63542e+06	1.35026e-10
2.63552e+06	2.78695e-10
2.63562e+06	5.69503e-10
2.63572e+06	1.15218e-09
2.63582e+06	2.30782e-09
2.63592e+06	4.57658e-09
2.63602e+06	8.9854e-09
2.63612e+06	1.74659e-08
2.63622e+06	3.36125e-08
2.63632e+06	6.40424e-08
2.63642e+06	1.20807e-07
2.63652e+06	2.25617e-07
2.63662e+06	4.17168e-07
2.63672e+06	7.63671e-07
2.63682e+06	1.38407e-06
2.63692e+06	2.48352e-06
2.63702e+06	4.41199e-06
2.63712e+06	7.75993e-06
2.63722e+06	1.35126e-05
2.63732e+06	2.32957e-05
2.63742e+06	3.97622e-05
2.63752e+06	6.71927e-05
2.63762e+06	0.000112417
2.63772e+06	0.000186207
2.63782e+06	0.000305365
2.63792e+06	0.000495792
2.63802e+06	0.00079696
2.63812e+06	0.00126833
2.63822e+06	0.0019984
2.63832e+06	0.00311738
2.63842e+06	0.00481454
2.63852e+06	0.00736169
2.63862e+06	0.0111444
2.63872e+06	0.0167029
2.63882e+06	0.0247849
2.63892e+06	0.0364114
2.63902e+06	0.0529596
2.63912e+06	0.0762622
2.63922e+06	0.108725
2.63932e+06	0.153465
2.63942e+06	0.214459
2.63952e+06	0.296714
2.63962e+06	0.406432
2.63972e+06	0.551182
2.63982e+06	0.740046
2.63992e+06	0.983739
2.64002e+06	1.29467
2.64012e+06	1.68691
2.64022e+06	2.17613
2.64032e+06	2.77929
2.64042e+06	3.51432
2.64052e+06	4.39951
2.64062e+06	5.45286
2.64072e+06	6.69117
2.64082e+06	8.12899
2.64092e+06	9.77751
2.64102e+06	11.6433
2.64112e+06	13.7272
2.64122e+06	16.0231
2.64132e+06	18.5168
2.64142e+06	21.1857
2.64152e+06	23.998
2.64162e+06	26.9133
2.64172e+06	29.8824
2.64182e+06	32.8488
2.64192e+06	35.7505
2.64202e+06	38.5213
2.64212e+06	41.0939
2.64222e+06	43.4021
2.64232e+06	45.3838
2.64242e+06	46.9839
2.64252e+06	48.1563
2.64262e+06	48.8669
2.64272e+06	49.0945
2.64282e+06	48.8325
2.64292e+06	48.0885
2.64302e+06	46.8847
2.64312e+06	45.2562
2.64322e+06	43.2496
2.64332e+06	40.9207
2.64342e+06	38.3319
2.64352e+06	35.5497
2.64362e+06	32.6413
2.64372e+06	29.6727
2.64382e+06	26.7057
2.64392e+06	23.7961
2.64402e+06	20.9926
2.64412e+06	18.3351
2.64422e+06	15.8547
2.64432e+06	13.5734
2.64442e+06	11.5048
2.64452e+06	9.65437
2.64462e+06	8.02097
2.64472e+06	6.59761
2.64482e+06	5.37283
2.64492e+06	4.33189
2.64502e+06	3.45786
2.64512e+06	2.73272
2.64522e+06	2.13816
2.64532e+06	1.65631
2.64542e+06	1.27029
2.64552e+06	0.964535
2.64562e+06	0.725089
2.64572e+06	0.539661
2.64582e+06	0.397657
2.64592e+06	0.290103
2.64602e+06	0.209534
2.64612e+06	0.149835
2.64622e+06	0.106079
2.64632e+06	0.0743534
2.64642e+06	0.0515977
2.64652e+06	0.0354501
2.64662e+06	0.0241135
2.64672e+06	0.0162391
2.64682e+06	0.0108273
2.64692e+06	0.00714718
2.64702e+06	0.00467096
2.64712e+06	0.00302228
2.64722e+06	0.00193607
2.64732e+06	0.0012279
2.64742e+06	0.000771018
2.64752e+06	0.000479316
2.64762e+06	0.00029501
2.64772e+06	0.000179766
2.64782e+06	0.000108452
2.64792e+06	6.47771e-05
2.64802e+06	3.83058e-05
2.64812e+06	2.24266e-05
2.64822e+06	1.29993e-05
2.64832e+06	7.45991e-06
2.64842e+06	4.23843e-06
2.64852e+06	2.38414e-06
2.64862e+06	1.32775e-06
2.64872e+06	7.32081e-07
2.64882e+06	3.9963e-07
2.64892e+06	2.1598e-07
2.64902e+06	1.15565e-07
2.64912e+06	6.12205e-08
2.64922e+06	3.21088e-08
2.64932e+06	1.66728e-08
2.64942e+06	8.57136e-09
2.64952e+06	4.36263e-09
2.64962e+06	2.19838e-09
2.64972e+06	1.09677e-09
2.64982e+06	5.41733e-10
2.64992e+06	2.64918e-10
2.65002e+06	1.28261e-10
2.65012e+06	6.14804e-11
2.65022e+06	2.91766e-11
2.65032e+06	1.37085e-11
2.65042e+06	6.37677e-12
2.65052e+06	2.93677e-12
2.65062e+06	1.33905e-12
2.65072e+06	6.04475e-13
2.65082e+06	2.70158e-13
2.65092e+06	1.19541e-13
2.65102e+06	5.23685e-14
2.65112e+06	2.27133e-14
2.65122e+06	9.75325e-15
2.65132e+06	4.14643e-15
2.65142e+06	1.74525e-15
2.65152e+06	7.27271e-16
2.65162e+06	3.0005e-16
2.65172e+06	1.22559e-16
2.65182e+06	4.95629e-17
2.65192e+06	1.98438e-17
2.65202e+06	7.86592e-18
2.65212e+06	3.08696e-18
2.65222e+06	1.19942e-18
2.65232e+06	4.61388e-19
2.65242e+06	1.75719e-19
2.65252e+06	6.62566e-20
2.65262e+06	2.47341e-20
2.65272e+06	9.14155e-21
2.65282e+06	3.34504e-21
2.65292e+06	1.21182e-21
2.65302e+06	4.34645e-22
2.65312e+06	1.54343e-22
2.65322e+06	5.42621e-23
2.65332e+06	1.8887e-23
2.65342e+06	6.50858e-24
2.65352e+06	2.22058e-24
2.65362e+06	7.50074e-25
2.65372e+06	2.50841e-25
2.65382e+06	8.30521e-26
2.65392e+06	2.72245e-26
2.65402e+06	8.83538e-27
2.65412e+06	2.83889e-27
2.65422e+06	9.03084e-28
2.65432e+06	2.84423e-28
2.65442e+06	8.86868e-29
2.65452e+06	2.73785e-29
2.65462e+06	8.36794e-30
2.65472e+06	2.53212e-30
2.65482e+06	7.58588e-31
2.65492e+06	2.25001e-31
2.65502e+06	6.60726e-32
2.65512e+06	1.92094e-32
2.65522e+06	5.52924e-33
2.65532e+06	1.5757e-33
2.65542e+06	4.44567e-34
2.65552e+06	1.24182e-34
2.65562e+06	3.4343e-35
2.65572e+06	9.40316e-36
2.65582e+06	2.54898e-36
2.65592e+06	6.84095e-37
2.65602e+06	1.8177e-37
2.65612e+06	4.78175e-38
2.65622e+06	1.2454e-38
2.65632e+06	3.21134e-39
2.65642e+06	8.19826e-40
2.65652e+06	2.07211e-40
2.65662e+06	5.18517e-41
2.65672e+06	1.2846e-41
2.65682e+06	3.15089e-42
2.65692e+06	7.65161e-43
2.65702e+06	1.83963e-43
2.65712e+06	4.3789e-44
2.65722e+06	1.03195e-44
2.65732e+06	2.40772e-45
2.65742e+06	5.56174e-46
2.65752e+06	1.27196e-46
2.65762e+06	2.88001e-47
2.65772e+06	6.4561e-48
2.65782e+06	1.43286e-48
2.65792e+06	3.14844e-49
2.65802e+06	6.84925e-50
2.65812e+06	1.47519e-50
2.65822e+06	3.14565e-51
2.65832e+06	6.64094e-52
2.65842e+06	1.38805e-52
2.65852e+06	2.87236e-53
2.65862e+06	5.88477e-54
2.65872e+06	1.19365e-54
2.65882e+06	2.39707e-55
2.65892e+06	4.76588e-56
2.65902e+06	9.38127e-57
2.65912e+06	1.82826e-57
2.65922e+06	3.52752e-58
2.65932e+06	6.73844e-59
2.65942e+06	1.2744e-59
2.65952e+06	2.38622e-60
2.65962e+06	4.42355e-61
2.65972e+06	8.11875e-62
2.65982e+06	1.47524e-62
2.65992e+06	2.65397e-63
2.66002e+06	4.727e-64
2.66012e+06	8.3355e-65
2.66022e+06	1.45524e-65
2.66032e+06	2.51533e-66
2.66042e+06	4.3044e-67
2.66052e+06	7.29267e-68
2.66062e+06	1.22326e-68
2.66072e+06	2.03145e-69
2.66082e+06	3.34004e-70
2.66092e+06	5.43694e-71
2.66102e+06	8.76223e-72
2.66112e+06	1.39808e-72
2.66122e+06	2.20854e-73
2.66132e+06	3.45411e-74
2.66142e+06	5.3484e-75
2.66152e+06	8.19915e-76
2.66162e+06	1.24443e-76
2.66172e+06	1.86995e-77
2.66182e+06	2.78193e-78
2.66192e+06	4.0975e-79
2.66202e+06	5.97516e-80
2.66212e+06	8.62654e-81
2.66222e+06	1.23305e-81
2.66232e+06	1.74495e-82
2.66242e+06	2.44479e-83
2.66252e+06	3.39122e-84
2.66262e+06	4.65724e-85
2.66272e+06	6.33226e-86
2.66282e+06	8.52404e-87
2.66292e+06	1.13603e-87
2.66302e+06	1.49896e-88
2.66312e+06	1.95816e-89
2.66322e+06	2.53258e-90
2.66332e+06	3.24291e-91
2.66342e+06	4.11115e-92
2.66352e+06	5.16e-93
2.66362e+06	6.41199e-94
2.66372e+06	7.88847e-95
2.66382e+06	9.60838e-96
2.66392e+06	1.15868e-96
2.66402e+06	1.38336e-97
2.66412e+06	1.63517e-98
2.66422e+06	1.91359e-99
2.66432e+06	2.21713e-100
2.66442e+06	2.54326e-101
2.66452e+06	2.88834e-102
2.66462e+06	3.24759e-103
2.66472e+06	3.6152e-104
2.66482e+06	3.98438e-105
2.66492e+06	4.34756e-106
2.66502e+06	4.69664e-107
2.66512e+06	5.02326e-108
2.66522e+06	5.31915e-109
2.66532e+06	5.57641e-110
2.66542e+06	5.78795e-111
2.66552e+06	5.94774e-112
2.66562e+06	6.05113e-113
2.66572e+06	6.09506e-114
2.66582e+06	6.07822e-115
2.66592e+06	6.00111e-116
2.66602e+06	5.86602e-117
2.66612e+06	5.67693e-118
2.66622e+06	5.43926e-119
2.66632e+06	5.15969e-120
2.66642e+06	4.84579e-121
2.66652e+06	4.5057e-122
2.66662e+06	4.14779e-123
2.66672e+06	3.78032e-124
2.66682e+06	3.41112e-125
2.66692e+06	3.04736e-126
2.66702e+06	2.6953e-127
2.66712e+06	2.36019e-128
2.66722e+06	2.04618e-129
2.66732e+06	1.7563e-130
2.66742e+06	1.49248e-131
2.66752e+06	1.25567e-132
2.66762e+06	1.04593e-133
2.66772e+06	8.62551e-135
2.66782e+06	7.04246e-136
2.66792e+06	5.69273e-137
2.66802e+06	4.5559e-138
2.66812e+06	3.60981e-139
2.66822e+06	2.83173e-140
2.66832e+06	2.19926e-141
2.66842e+06	1.69106e-142
2.66852e+06	1.28735e-143
2.66862e+06	9.70272e-145
2.66872e+06	7.24013e-146
2.66882e+06	5.3488e-147
2.66892e+06	3.91222e-148
2.66902e+06	2.83301e-149
2.66912e+06	2.03109e-150
2.66922e+06	1.44167e-151
2.66932e+06	1.01312e-152
2.66942e+06	7.04879e-154
2.66952e+06	4.85539e-155
2.66962e+06	3.31124e-156
2.66972e+06	2.2357e-157
2.66982e+06	1.49449e-158
2.66992e+06	9.89081e-160
2.67002e+06	6.48077e-161
2.67012e+06	4.20415e-162
2.67022e+06	2.70015e-163
2.67032e+06	1.71693e-164
2.67042e+06	1.08088e-165
2.67052e+06	6.73683e-167
2.67062e+06	4.15712e-168
2.67072e+06	2.53973e-169
2.67082e+06	1.53616e-170
2.67092e+06	9.19911e-172
2.67102e+06	5.45395e-173
2.67112e+06	3.20135e-174
2.67122e+06	1.86043e-175
2.67132e+06	1.07041e-176
2.67142e+06	6.09737e-178
2.67152e+06	3.43869e-179
2.67162e+06	1.92e-180
2.67172e+06	1.06137e-181
2.67182e+06	5.8088e-183
2.67192e+06	3.1475e-184
2.67202e+06	1.6885e-185
2.67212e+06	8.96797e-187
2.67222e+06	4.71567e-188
2.67232e+06	2.455e-189
2.67242e+06	1.26536e-190
2.67252e+06	6.45707e-192
2.67262e+06	3.26222e-193
2.67272e+06	1.63173e-194
2.67282e+06	8.08055e-196
2.67292e+06	3.96178e-197
2.67302e+06	1.92308e-198
2.67312e+06	9.24187e-200
2.67322e+06	4.39724e-201
2.67332e+06	2.07137e-202
2.67342e+06	9.66034e-204
2.67352e+06	4.4605e-205
2.67362e+06	2.03907e-206
2.67372e+06	9.22865e-208
2.67382e+06	4.13524e-209
2.67392e+06	1.83451e-210
2.67402e+06	8.05745e-212
2.67412e+06	3.50374e-213
2.67422e+06	1.50842e-214
2.67432e+06	6.4294e-216
2.67442e+06	2.71316e-217
2.67452e+06	1.13354e-218
2.67462e+06	4.68875e-220
2.67472e+06	1.92014e-221
2.67482e+06	7.78514e-223
2.67492e+06	3.12505e-224
2.67502e+06	1.24195e-225
2.67512e+06	4.88662e-227
2.67522e+06	1.90358e-228
2.67532e+06	7.34157e-230
2.67542e+06	2.80327e-231
2.67552e+06	1.05973e-232
2.67562e+06	3.96631e-234
2.67572e+06	1.46972e-235
2.67582e+06	5.39185e-237
2.67592e+06	1.95839e-238
2.67602e+06	7.04233e-240
2.67612e+06	2.50721e-241
2.67622e+06	8.83738e-243
2.67632e+06	3.08399e-244
2.67642e+06	1.06551e-245
2.67652e+06	3.6447e-247
2.67662e+06	1.2343e-248
2.67672e+06	4.13847e-250
2.67682e+06	1.37377e-251
2.67692e+06	4.51487e-253
2.67702e+06	1.46904e-254
2.67712e+06	4.73238e-256
2.67722e+06	1.50932e-257
2.67732e+06	4.76587e-259
2.67742e+06	1.4899e-260
2.67752e+06	4.6114e-262
2.67762e+06	1.41307e-263
2.67772e+06	4.28698e-265
2.67782e+06	1.28764e-266
2.67792e+06	3.82911e-268
2.67802e+06	1.12735e-269
2.67812e+06	3.28604e-271
2.67822e+06	9.48301e-273
2.67832e+06	2.70942e-274
2.67842e+06	7.66415e-276
2.67852e+06	2.14639e-277
2.67862e+06	5.95127e-279
2.67872e+06	1.63368e-280
2.67882e+06	4.44001e-282
2.67892e+06	1.19469e-283
2.67902e+06	3.18263e-285
2.67912e+06	8.39407e-287
2.67922e+06	2.19188e-288
2.67932e+06	5.66653e-290
2.67942e+06	1.45036e-291
2.67952e+06	3.67527e-293
2.67962e+06	9.22065e-295
2.67972e+06	2.29029e-296
2.67982e+06	5.63218e-298
2.67992e+06	1.37126e-299
2.68002e+06	3.30537e-301
2.68012e+06	7.88819e-303
2.68022e+06	1.86377e-304
2.68032e+06	4.35976e-306
2.68042e+06	1.0097e-307
2.68052e+06	2.31514e-309
2.68062e+06	5.25556e-311
2.68072e+06	1.18119e-312
2.68082e+06	2.6283e-314
2.68092e+06	5.79014e-316
2.68102e+06	1.26287e-317
2.68112e+06	2.7264e-319
2.68122e+06	5.82009e-321
2.68132e+06	2.42092e-322
2.68142e+06	0
2.68152e+06	0
2.68162e+06	0
2.68172e+06	0
2.68182e+06	0
2.68192e+06	0
2.68202e+06	0
2.68212e+06	0
2.68222e+06	0
2.68232e+06	0
2.68242e+06	0
2.68252e+06	0
2.68262e+06	0
2.68272e+06	0
2.68282e+06	0
2.68292e+06	0
2.68302e+06	0
2.68312e+06	0
2.68322e+06	0
2.68332e+06	0
2.68342e+06	0
2.68352e+06	0
2.68362e+06	0
2.68372e+06	0
2.68382e+06	0
2.68392e+06	0
2.68402e+06	0
2.68412e+06	0
2.68422e+06	0
2.68432e+06	0
2.68442e+06	0
2.68452e+06	0
2.68462e+06	0
2.68472e+06	0
2.68482e+06	0
2.68492e+06	0
2.68502e+06	0
2.68512e+06	0
2.68522e+06	0
2.68532e+06	0
2.68542e+06	0
2.68552e+06	0
2.68562e+06	0
2.68572e+06	0
2.68582e+06	0
2.68592e+06	0
2.68602e+06	0
2.68612e+06	0
2.68622e+06	0
2.68632e+06	0
2.68642e+06	0
2.68652e+06	0
2.68662e+06	0
2.68672e+06	0
2.68682e+06	0
2.68692e+06	0
2.68702e+06	0
2.68712e+06	0
2.68722e+06	0
2.68732e+06	0
2.68742e+06	0
2.68752e+06	0
2.68762e+06	0
2.68772e+06	0
2.68782e+06	0
2.68792e+06	0
2.68802e+06	0
2.68812e+06	0
2.68822e+06	0
2.68832e+06	0
2.68842e+06	0
2.68852e+06	0
2.68862e+06	0
2.68872e+06	0
2.68882e+06	0
2.68892e+06	0
2.68902e+06	0
2.68912e+06	0
2.68922e+06	0
2.68932e+06	0
2.68942e+06	0
2.68952e+06	0
2.68962e+06	0
2.68972e+06	0
2.68982e+06	0
2.68992e+06	0
2.69002e+06	0
2.69012e+06	0
2.69022e+06	0
2.69032e+06	0
2.69042e+06	0
2.69052e+06	0
2.69062e+06	0
2.69072e+06	0
2.69082e+06	0
2.69092e+06	0
2.69102e+06	0
2.69112e+06	0
2.69122e+06	0
2.69132e+06	0
2.69142e+06	0
2.69152e+06	0
2.69162e+06	0
2.69172e+06	0
2.69182e+06	0
2.69192e+06	0
2.69202e+06	0
2.69212e+06	0
2.69222e+06	0
2.69232e+06	0
2.69242e+06	0
2.69252e+06	0
2.69262e+06	0
2.69272e+06	0
2.69282e+06	0
2.69292e+06	0
2.69302e+06	0
2.69312e+06	0
2.69322e+06	0
2.69332e+06	0
2.69342e+06	0
2.69352e+06	0
2.69362e+06	0
2.69372e+06	0
2.69382e+06	0
2.69392e+06	0
2.69402e+06	0
2.69412e+06	0
2.69422e+06	0
2.69432e+06	0
2.69442e+06	0
2.69452e+06	0
2.69462e+06	0
2.69472e+06	0
2.69482e+06	0
2.69492e+06	0
2.69502e+06	0
2.69512e+06	0
2.69522e+06	0
2.69532e+06	0
2.69542e+06	0
2.69552e+06	0
2.69562e+06	0
2.69572e+06	0
2.69582e+06	0
2.69592e+06	0
2.69602e+06	0
2.69612e+06	0
2.69622e+06	0
2.69632e+06	0
2.69642e+06	0
2.69652e+06	0
2.69662e+06	0
2.69672e+06	0
2.69682e+06	0
2.69692e+06	0
2.69702e+06	0
2.69712e+06	0
2.69722e+06	0
2.69732e+06	0
2.69742e+06	0
2.69752e+06	0
2.69762e+06	0
2.69772e+06	0
2.69782e+06	0
2.69792e+06	0
2.69802e+06	0
2.69812e+06	0
2.69822e+06	0
2.69832e+06	0
2.69842e+06	0
2.69852e+06	0
2.69862e+06	0
2.69872e+06	0
2.69882e+06	0
2.69892e+06	0
2.69902e+06	0
2.69912e+06	0
2.69922e+06	0
2.69932e+06	0
2.69942e+06	0
2.69952e+06	0
2.69962e+06	0
2.69972e+06	0
2.69982e+06	0
2.69992e+06	0
2.70002e+06	0
2.70012e+06	0
2.70022e+06	0
2.70032e+06	0
2.70042e+06	0
2.70052e+06	0
2.70062e+06	0
2.70072e+06	0
2.70082e+06	0
2.70092e+06	0
2.70102e+06	0
2.70112e+06	0
2.70122e+06	0
2.70132e+06	0
2.70142e+06	0
2.70152e+06	0
2.70162e+06	0
2.70172e+06	0
2.70182e+06	0
2.70192e+06	0
2.70202e+06	0
2.70212e+06	0
2.70222e+06	0
2.70232e+06	0
2.70242e+06	0
2.70252e+06	0
2.70262e+06	0
2.70272e+06	0
2.70282e+06	0
2.70292e+06	0
2.70302e+06	0
2.70312e+06	0
2.70322e+06	0
2.70332e+06	0
2.70342e+06	0
2.70352e+06	0
2.70362e+06	0
2.70372e+06	0
2.70382e+06	0
2.70392e+06	0
2.70402e+06	0
2.70412e+06	0
2.70422e+06	0
2.70432e+06	0
2.70442e+06	0
2.70452e+06	0
2.70462e+06	0
2.70472e+06	0
2.70482e+06	0
2.70492e+06	0
2.70502e+06	0
2.70512e+06	0
2.70522e+06	0
2.70532e+06	0
2.70542e+06	0
2.70552e+06	0
2.70562e+06	0
2.70572e+06	0
2.70582e+06	0
2.70592e+06	0
2.70602e+06	0
2.70612e+06	0
2.70622e+06	0
2.70632e+06	0
2.70642e+06	0
2.70652e+06	0
2.70662e+06	0
2.70672e+06	0
2.70682e+06	0
2.70692e+06	0
2.70702e+06	0
2.70712e+06	0
2.70722e+06	0
2.70732e+06	0
2.70742e+06	0
2.70752e+06	0
2.70762e+06	0
2.70772e+06	0
2.70782e+06	0
2.70792e+06	0
2.70802e+06	0
2.70812e+06	0
2.70822e+06	0
2.70832e+06	0
2.70842e+06	0
2.70852e+06	0
2.70862e+06	0
2.70872e+06	0
2.70882e+06	0
2.70892e+06	0
2.70902e+06	0
2.70912e+06	0
2.70922e+06	0
2.70932e+06	0
2.70942e+06	0
2.70952e+06	0
2.70962e+06	0
2.70972e+06	0
2.70982e+06	0
2.70992e+06	0
2.71002e+06	0
2.71012e+06	0
2.71022e+06	0
2.71032e+06	0
2.71042e+06	0
2.71052e+06	0
2.71062e+06	0
2.71072e+06	0
2.71082e+06	0
2.71092e+06	0
2.71102e+06	0
2.71112e+06	0
2.71122e+06	0
2.71132e+06	0
2.71142e+06	0
2.71152e+06	0
2.71162e+06	0
2.71172e+06	0
2.71182e+06	0
2.71192e+06	0
2.71202e+06	0
2.71212e+06	0
2.71222e+06	0
2.71232e+06	0
2.71242e+06	0
2.71252e+06	0
2.71262e+06	0
2.71272e+06	0
2.71282e+06	0
2.71292e+06	0
2.71302e+06	0
2.71312e+06	0
2.71322e+06	0
2.71332e+06	0
2.71342e+06	0
2.71352e+06	0
2.71362e+06	0
2.71372e+06	0
2.71382e+06	0
2.71392e+06	0
2.71402e+06	0
2.71412e+06	0
2.71422e+06	0
2.71432e+06	0
2.71442e+06	0
2.71452e+06	0
2.71462e+06	0
2.71472e+06	0
2.71482e+06	0
2.71492e+06	0
2.71502e+06	0
2.71512e+06	0
2.71522e+06	0
2.71532e+06	0
2.71542e+06	0
2.71552e+06	0
2.71562e+06	0
2.71572e+06	0
2.71582e+06	0
2.71592e+06	0
2.71602e+06	0
2.71612e+06	0
2.71622e+06	0
2.71632e+06	0
2.71642e+06	0
2.71652e+06	0
2.71662e+06	0
2.71672e+06	0
2.71682e+06	0
2.71692e+06	0
2.71702e+06	0
2.71712e+06	0
2.71722e+06	0
2.71732e+06	0
2.71742e+06	0
2.71752e+06	0
2.71762e+06	0
2.71772e+06	0
2.71782e+06	0
2.71792e+06	0
2.71802e+06	0
2.71812e+06	0
2.71822e+06	0
2.71832e+06	0
2.71842e+06	0
2.71852e+06	0
2.71862e+06	0
2.71872e+06	0
2.71882e+06	0
2.71892e+06	0
2.71902e+06	0
2.71912e+06	0
2.71922e+06	0
2.71932e+06	0
2.71942e+06	0
2.71952e+06	0
2.71962e+06	0
2.71972e+06	0
2.71982e+06	0
2.71992e+06	0
2.72002e+06	0
2.72012e+06	0
2.72022e+06	0
2.72032e+06	0
2.72042e+06	0
2.72052e+06	0
2.72062e+06	0
2.72072e+06	0
2.72082e+06	0
2.72092e+06	0
2.72102e+06	0
2.72112e+06	0
2.72122e+06	0
2.72132e+06	0
2.72142e+06	0
2.72152e+06	0
2.72162e+06	0
2.72172e+06	0
2.72182e+06	0
2.72192e+06	0
2.72202e+06	0
2.72212e+06	0
2.72222e+06	0
2.72232e+06	0
2.72242e+06	0
2.72252e+06	0
2.72262e+06	0
2.72272e+06	0
2.72282e+06	0
2.72292e+06	0
2.72302e+06	0
2.72312e+06	0
2.72322e+06	0
2.72332e+06	0
2.72342e+06	0
2.72352e+06	0
2.72362e+06	0
2.72372e+06	0
2.72382e+06	0
2.72392e+06	0
2.72402e+06	0
2.72412e+06	0
2.72422e+06	0
2.72432e+06	0
2.72442e+06	0
2.72452e+06	0
2.72462e+06	0
2.72472e+06	0
2.72482e+06	0
2.72492e+06	0
2.72502e+06	0
2.72512e+06	0
2.72522e+06	0
2.72532e+06	0
2.72542e+06	0
2.72552e+06	0
2.72562e+06	0
2.72572e+06	0
2.72582e+06	0
2.72592e+06	0
2.72602e+06	0
2.72612e+06	0
2.72622e+06	0
2.72632e+06	0
2.72642e+06	0
2.72652e+06	0
2.72662e+06	0
2.72672e+06	0
2.72682e+06	0
2.72692e+06	0
2.72702e+06	0
2.72712e+06	0
2.72722e+06	0
2.72732e+06	0
2.72742e+06	0
2.72752e+06	0
2.72762e+06	0
2.72772e+06	0
2.72782e+06	0
2.72792e+06	0
2.72802e+06	0
2.72812e+06	0
2.72822e+06	0
2.72832e+06	0
2.72842e+06	0
2.72852e+06	0
2.72862e+06	0
2.72872e+06	0
2.72882e+06	0
2.72892e+06	0
2.72902e+06	0
2.72912e+06	0
2.72922e+06	0
2.72932e+06	0
2.72942e+06	0
2.72952e+06	0
2.72962e+06	0
2.72972e+06	0
2.72982e+06	0
2.72992e+06	0
2.73002e+06	0
2.73012e+06	0
2.73022e+06	0
2.73032e+06	0
2.73042e+06	0
2.73052e+06	0
2.73062e+06	0
2.73072e+06	0
2.73082e+06	0
2.73092e+06	0
2.73102e+06	0
2.73112e+06	0
2.73122e+06	0
2.73132e+06	0
2.73142e+06	0
2.73152e+06	0
2.73162e+06	0
2.73172e+06	0
2.73182e+06	0
2.73192e+06	0
2.73202e+06	0
2.73212e+06	0
2.73222e+06	0
2.73232e+06	0
2.73242e+06	0
2.73252e+06	0
2.73262e+06	0
2.73272e+06	0
2.73282e+06	0
2.73292e+06	0
2.73302e+06	0
2.73312e+06	0
2.73322e+06	0
2.73332e+06	0
2.73342e+06	0
2.73352e+06	0
2.73362e+06	0
2.73372e+06	0
2.73382e+06	0
2.73392e+06	0
2.73402e+06	0
2.73412e+06	0
2.73422e+06	0
2.73432e+06	0
2.73442e+06	0
2.73452e+06	0
2.73462e+06	0
2.73472e+06	0
2.73482e+06	0
2.73492e+06	0
2.73502e+06	0
2.73512e+06	0
2.73522e+06	0
2.73532e+06	0
2.73542e+06	0
2.73552e+06	0
2.73562e+06	0
2.73572e+06	0
2.73582e+06	0
2.73592e+06	0
2.73602e+06	0
2.73612e+06	0
2.73622e+06	0
2.73632e+06	0
2.73642e+06	0
2.73652e+06	0
2.73662e+06	0
2.73672e+06	0
2.73682e+06	0
2.73692e+06	0
2.73702e+06	0
2.73712e+06	0
2.73722e+06	0
2.73732e+06	0
2.73742e+06	0
2.73752e+06	0
2.73762e+06	0
2.73772e+06	0
2.73782e+06	0
2.73792e+06	0
2.73802e+06	0
2.73812e+06	0
2.73822e+06	0
2.73832e+06	0
2.73842e+06	0
2.73852e+06	0
2.73862e+06	0
2.73872e+06	0
2.73882e+06	0
2.73892e+06	0
2.73902e+06	0
2.73912e+06	0
2.73922e+06	0
2.73932e+06	0
2.73942e+06	0
2.73952e+06	0
2.73962e+06	0
2.73972e+06	0
2.73982e+06	0
2.73992e+06	0
2.74002e+06	0
2.74012e+06	0
2.74022e+06	0
2.74032e+06	0
2.74042e+06	0
2.74052e+06	0
2.74062e+06	0
2.74072e+06	0
2.74082e+06	0
2.74092e+06	0
2.74102e+06	0
2.74112e+06	0
2.74122e+06	0
2.74132e+06	0
2.74142e+06	0
2.74152e+06	0
2.74162e+06	0
2.74172e+06	0
2.74182e+06	0
2.74192e+06	0
2.74202e+06	0
2.74212e+06	0
2.74222e+06	0
2.74232e+06	0
2.74242e+06	0
2.74252e+06	0
2.74262e+06	0
2.74272e+06	0
2.74282e+06	0
2.74292e+06	0
2.74302e+06	0
2.74312e+06	0
2.74322e+06	0
2.74332e+06	0
2.74342e+06	0
2.74352e+06	0
2.74362e+06	0
2.74372e+06	0
2.74382e+06	0
2.74392e+06	0
2.74402e+06	0
2.74412e+06	0
2.74422e+06	0
2.74432e+06	0
2.74442e+06	0
2.74452e+06	0
2.74462e+06	0
2.74472e+06	0
2.74482e+06	0
2.74492e+06	0
2.74502e+06	0
2.74512e+06	0
2.74522e+06	0
2.74532e+06	0
2.74542e+06	0
2.74552e+06	0
2.74562e+06	0
2.74572e+06	0
2.74582e+06	0
2.74592e+06	0
2.74602e+06	0
2.74612e+06	0
2.74622e+06	0
2.74632e+06	0
2.74642e+06	0
2.74652e+06	0
2.74662e+06	0
2.74672e+06	0
2.74682e+06	0
2.74692e+06	0
2.74702e+06	0
2.74712e+06	0
2.74722e+06	0
2.74732e+06	0
2.74742e+06	0
2.74752e+06	0
2.74762e+06	0
2.74772e+06	0
2.74782e+06	0
2.74792e+06	0
2.74802e+06	0
2.74812e+06	0
2.74822e+06	0
2.74832e+06	0
2.74842e+06	0
2.74852e+06	0
2.74862e+06	0
2.74872e+06	0
2.74882e+06	0
2.74892e+06	0
2.74902e+06	0
2.74912e+06	0
2.74922e+06	0
2.74932e+06	0
2.74942e+06	0
2.74952e+06	0
2.74962e+06	0
2.74972e+06	0
2.74982e+06	0
2.74992e+06	0
2.75002e+06	0
2.75012e+06	0
2.75022e+06	0
2.75032e+06	0
2.75042e+06	0
2.75052e+06	0
2.75062e+06	0
2.75072e+06	0
2.75082e+06	0
2.75092e+06	0
2.75102e+06	0
2.75112e+06	0
2.75122e+06	0
2.75132e+06	0
2.75142e+06	0
2.75152e+06	0
2.75162e+06	0
2.75172e+06	0
2.75182e+06	0
2.75192e+06	0
2.75202e+06	0
2.75212e+06	0
2.75222e+06	0
2.75232e+06	0
2.75242e+06	0
2.75252e+06	0
2.75262e+06	0
2.75272e+06	0
2.75282e+06	0
2.75292e+06	0
2.75302e+06	0
2.75312e+06	0
2.75322e+06	0
2.75332e+06	0
2.75342e+06	0
2.75352e+06	0
2.75362e+06	0
2.75372e+06	0
2.75382e+06	0
2.75392e+06	0
2.75402e+06	0
2.75412e+06	0
2.75422e+06	0
2.75432e+06	0
2.75442e+06	0
2.75452e+06	0
2.75462e+06	0
2.75472e+06	0
2.75482e+06	0
2.75492e+06	0
2.75502e+06	0
2.75512e+06	0
2.75522e+06	0
2.75532e+06	0
2.75542e+06	0
2.75552e+06	0
2.75562e+06	0
2.75572e+06	0
2.75582e+06	0
2.75592e+06	0
2.75602e+06	0
2.75612e+06	0
2.75622e+06	0
2.75632e+06	0
2.75642e+06	0
2.75652e+06	0
2.75662e+06	0
2.75672e+06	0
2.75682e+06	0
2.75692e+06	0
2.75702e+06	0
2.75712e+06	0
2.75722e+06	0
2.75732e+06	0
2.75742e+06	0
2.75752e+06	0
2.75762e+06	0
2.75772e+06	0
2.75782e+06	0
2.75792e+06	0
2.75802e+06	0
2.75812e+06	0
2.75822e+06	0
2.75832e+06	0
2.75842e+06	0
2.75852e+06	0
2.75862e+06	0
2.75872e+06	0
2.75882e+06	0
2.75892e+06	0
2.75902e+06	0
2.75912e+06	0
2.75922e+06	0
2.75932e+06	0
2.75942e+06	0
2.75952e+06	0
2.75962e+06	0
2.75972e+06	0
2.75982e+06	0
2.75992e+06	0
2.76002e+06	0
2.76012e+06	0
2.76022e+06	0
2.76032e+06	0
2.76042e+06	0
2.76052e+06	0
2.76062e+06	0
2.76072e+06	0
2.76082e+06	0
2.76092e+06	0
2.76102e+06	0
2.76112e+06	0
2.76122e+06	0
2.76132e+06	0
2.76142e+06	0
2.76152e+06	0
2.76162e+06	0
2.76172e+06	0
2.76182e+06	0
2.76192e+06	0
2.76202e+06	0
2.76212e+06	0
2.76222e+06	0
2.76232e+06	0
2.76242e+06	0
2.76252e+06	0
2.76262e+06	0
2.76272e+06	0
2.76282e+06	0
2.76292e+06	0
2.76302e+06	0
2.76312e+06	0
2.76322e+06	0
2.76332e+06	0
2.76342e+06	0
2.76352e+06	0
2.76362e+06	0
2.76372e+06	0
2.76382e+06	0
2.76392e+06	0
2.76402e+06	0
2.76412e+06	0
2.76422e+06	0
2.76432e+06	0
2.76442e+06	0
2.76452e+06	0
2.76462e+06	0
2.76472e+06	0
2.76482e+06	0
2.76492e+06	0
2.76502e+06	0
2.76512e+06	0
2.76522e+06	0
2.76532e+06	0
2.76542e+06	0
2.76552e+06	0
2.76562e+06	0
2.76572e+06	0
2.76582e+06	0
2.76592e+06	0
2.76602e+06	0
2.76612e+06	0
2.76622e+06	0
2.76632e+06	0
2.76642e+06	0
2.76652e+06	0
2.76662e+06	0
2.76672e+06	0
2.76682e+06	0
2.76692e+06	0
2.76702e+06	0
2.76712e+06	0
2.76722e+06	0
2.76732e+06	0
2.76742e+06	0
2.76752e+06	0
2.76762e+06	0
2.76772e+06	0
2.76782e+06	0
2.76792e+06	0
2.76802e+06	0
2.76812e+06	0
2.76822e+06	0
2.76832e+06	0
2.76842e+06	0
2.76852e+06	0
2.76862e+06	0
2.76872e+06	0
2.76882e+06	0
2.76892e+06	0
2.76902e+06	0
2.76912e+06	0
2.76922e+06	0
2.76932e+06	0
2.76942e+06	0
2.76952e+06	0
2.76962e+06	0
2.76972e+06	0
2.76982e+06	0
2.76992e+06	0
2.77002e+06	0
2.77012e+06	0
2.77022e+06	0
2.77032e+06	0
2.77042e+06	0
2.77052e+06	0
2.77062e+06	0
2.77072e+06	0
2.77082e+06	0
2.77092e+06	0
2.77102e+06	0
2.77112e+06	0
2.77122e+06	0
2.77132e+06	0
2.77142e+06	0
2.77152e+06	0
2.77162e+06	0
2.77172e+06	0
2.77182e+06	0
2.77192e+06	0
2.77202e+06	0
2.77212e+06	0
2.77222e+06	0
2.77232e+06	0
2.77242e+06	0
2.77252e+06	0
2.77262e+06	0
2.77272e+06	0
2.77282e+06	0
2.77292e+06	0
2.77302e+06	0
2.77312e+06	0
2.77322e+06	0
2.77332e+06	0
2.77342e+06	0
2.77352e+06	0
2.77362e+06	0
2.77372e+06	0
2.77382e+06	0
2.77392e+06	0
2.77402e+06	0
2.77412e+06	0
2.77422e+06	0
2.77432e+06	0
2.77442e+06	0
2.77452e+06	0
2.77462e+06	0
2.77472e+06	0
2.77482e+06	0
2.77492e+06	0
2.77502e+06	0
2.77512e+06	0
2.77522e+06	0
2.77532e+06	0
2.77542e+06	0
2.77552e+06	0
2.77562e+06	0
2.77572e+06	0
2.77582e+06	0
2.77592e+06	0
2.77602e+06	0
2.77612e+06	0
2.77622e+06	0
2.77632e+06	0
2.77642e+06	0
2.77652e+06	0
2.77662e+06	0
2.77672e+06	0
2.77682e+06	0
2.77692e+06	0
2.77702e+06	0
2.77712e+06	0
2.77722e+06	0
2.77732e+06	0
2.77742e+06	0
2.77752e+06	0
2.77762e+06	0
2.77772e+06	0
2.77782e+06	0
2.77792e+06	0
2.77802e+06	0
2.77812e+06	0
2.77822e+06	0
2.77832e+06	0
2.77842e+06	0
2.77852e+06	0
2.77862e+06	0
2.77872e+06	0
2.77882e+06	0
2.77892e+06	0
2.77902e+06	0
2.77912e+06	0
2.77922e+06	0
2.77932e+06	0
2.77942e+06	0
2.77952e+06	0
2.77962e+06	0
2.77972e+06	0
2.77982e+06	0
2.77992e+06	0
2.78002e+06	0
2.78012e+06	0
2.78022e+06	0
2.78032e+06	0
2.78042e+06	0
2.78052e+06	0
2.78062e+06	0
2.78072e+06	0
2.78082e+06	0
2.78092e+06	0
2.78102e+06	0
2.78112e+06	0
2.78122e+06	0
2.78132e+06	0
2.78142e+06	0
2.78152e+06	0
2.78162e+06	0
2.78172e+06	0
2.78182e+06	0
2.78192e+06	0
2.78202e+06	0
2.78212e+06	0
2.78222e+06	0
2.78232e+06	0
2.78242e+06	0
2.78252e+06	0
2.78262e+06	0
2.78272e+06	0
2.78282e+06	0
2.78292e+06	0
2.78302e+06	0
2.78312e+06	0
2.78322e+06	0
2.78332e+06	0
2.78342e+06	0
2.78352e+06	0
2.78362e+06	0
2.78372e+06	0
2.78382e+06	0
2.78392e+06	0
2.78402e+06	0
2.78412e+06	0
2.78422e+06	0
2.78432e+06	0
2.78442e+06	0
2.78452e+06	0
2.78462e+06	0
2.78472e+06	0
2.78482e+06	0
2.78492e+06	0
2.78502e+06	0
2.78512e+06	0
2.78522e+06	0
2.78532e+06	0
2.78542e+06	0
2.78552e+06	0
2.78562e+06	0
2.78572e+06	0
2.78582e+06	0
2.78592e+06	0
2.78602e+06	0
2.78612e+06	0
2.78622e+06	0
2.78632e+06	0
2.78642e+06	0
2.78652e+06	0
2.78662e+06	0
2.78672e+06	0
2.78682e+06	0
2.78692e+06	0
2.78702e+06	0
2.78712e+06	0
2.78722e+06	0
2.78732e+06	0
2.78742e+06	0
2.78752e+06	0
2.78762e+06	0
2.78772e+06	0
2.78782e+06	0
2.78792e+06	0
2.78802e+06	0
2.78812e+06	0
2.78822e+06	0
2.78832e+06	0
2.78842e+06	0
2.78852e+06	0
2.78862e+06	0
2.78872e+06	0
2.78882e+06	0
2.78892e+06	0
2.78902e+06	0
2.78912e+06	0
2.78922e+06	0
2.78932e+06	0
2.78942e+06	0
2.78952e+06	0
2.78962e+06	0
2.78972e+06	0
2.78982e+06	0
2.78992e+06	0
2.79002e+06	0
2.79012e+06	0
2.79022e+06	0
2.79032e+06	0
2.79042e+06	0
2.79052e+06	0
2.79062e+06	0
2.79072e+06	0
2.79082e+06	0
2.79092e+06	0
2.79102e+06	0
2.79112e+06	0
2.79122e+06	0
2.79132e+06	0
2.79142e+06	0
2.79152e+06	0
2.79162e+06	0
2.79172e+06	0
2.79182e+06	0
2.79192e+06	0
2.79202e+06	0
2.79212e+06	0
2.79222e+06	0
2.79232e+06	0
2.79242e+06	0
2.79252e+06	0
2.79262e+06	0
2.79272e+06	0
2.79282e+06	0
2.79292e+06	0
2.79302e+06	0
2.79312e+06	0
2.79322e+06	0
2.79332e+06	0
2.79342e+06	0
2.79352e+06	0
2.79362e+06	0
2.79372e+06	0
2.79382e+06	0
2.79392e+06	0
2.79402e+06	0
2.79412e+06	0
2.79422e+06	0
2.79432e+06	0
2.79442e+06	0
2.79452e+06	0
2.79462e+06	0
2.79472e+06	0
2.79482e+06	0
2.79492e+06	0
2.79502e+06	0
2.79512e+06	0
2.79522e+06	0
2.79532e+06	0
2.79542e+06	0
2.79552e+06	0
2.79562e+06	0
2.79572e+06	0
2.79582e+06	0
2.79592e+06	0
2.79602e+06	0
2.79612e+06	0
2.79622e+06	0
2.79632e+06	0
2.79642e+06	0
2.79652e+06	0
2.79662e+06	0
2.79672e+06	0
2.79682e+06	0
2.79692e+06	0
2.79702e+06	0
2.79712e+06	0
2.79722e+06	0
2.79732e+06	0
2.79742e+06	0
2.79752e+06	0
2.79762e+06	0
2.79772e+06	0
2.79782e+06	0
2.79792e+06	0
2.79802e+06	0
2.79812e+06	0
2.79822e+06	0
2.79832e+06	0
2.79842e+06	0
2.79852e+06	0
2.79862e+06	0
2.79872e+06	0
2.79882e+06	0
2.79892e+06	0
2.79902e+06	0
2.79912e+06	0
2.79922e+06	0
2.79932e+06	0
2.79942e+06	0
2.79952e+06	0
2.79962e+06	0
2.79972e+06	0
2.79982e+06	0
2.79992e+06	0
2.80002e+06	0
2.80012e+06	0
2.80022e+06	0
2.80032e+06	0
2.80042e+06	0
2.80052e+06	0
2.80062e+06	0
2.80072e+06	0
2.80082e+06	0
2.80092e+06	0
2.80102e+06	0
2.80112e+06	0
2.80122e+06	0
2.80132e+06	0
2.80142e+06	0
2.80152e+06	0
2.80162e+06	0
2.80172e+06	0
2.80182e+06	0
2.80192e+06	0
2.80202e+06	0
2.80212e+06	0
2.80222e+06	0
2.80232e+06	0
2.80242e+06	0
2.80252e+06	0
2.80262e+06	0
2.80272e+06	0
2.80282e+06	0
2.80292e+06	0
2.80302e+06	0
2.80312e+06	0
2.80322e+06	0
2.80332e+06	0
2.80342e+06	0
2.80352e+06	0
2.80362e+06	0
2.80372e+06	0
2.80382e+06	0
2.80392e+06	0
2.80402e+06	0
2.80412e+06	0
2.80422e+06	0
2.80432e+06	0
2.80442e+06	0
2.80452e+06	0
2.80462e+06	0
2.80472e+06	0
2.80482e+06	0
2.80492e+06	0
2.80502e+06	0
2.80512e+06	0
2.80522e+06	0
2.80532e+06	0
2.80542e+06	0
2.80552e+06	0
2.80562e+06	0
2.80572e+06	0
2.80582e+06	0
2.80592e+06	0
2.80602e+06	0
2.80612e+06	0
2.80622e+06	0
2.80632e+06	0
2.80642e+06	0
2.80652e+06	0
2.80662e+06	0
2.80672e+06	0
2.80682e+06	0
2.80692e+06	0
2.80702e+06	0
2.80712e+06	0
2.80722e+06	0
2.80732e+06	0
2.80742e+06	0
2.80752e+06	0
2.80762e+06	0
2.80772e+06	0
2.80782e+06	0
2.80792e+06	0
2.80802e+06	0
2.80812e+06	0
2.80822e+06	0
2.80832e+06	0
2.80842e+06	0
2.80852e+06	0
2.80862e+06	0
2.80872e+06	0
2.80882e+06	0
2.80892e+06	0
2.80902e+06	0
2.80912e+06	0
2.80922e+06	0
2.80932e+06	0
2.80942e+06	0
2.80952e+06	0
2.80962e+06	0
2.80972e+06	0
2.80982e+06	0
2.80992e+06	0
2.81002e+06	0
2.81012e+06	0
2.81022e+06	0
2.81032e+06	0
2.81042e+06	0
2.81052e+06	0
2.81062e+06	0
2.81072e+06	0
2.81082e+06	0
2.81092e+06	0
2.81102e+06	0
2.81112e+06	0
2.81122e+06	0
2.81132e+06	0
2.81142e+06	0
2.81152e+06	0
2.81162e+06	0
2.81172e+06	0
2.81182e+06	0
2.81192e+06	0
2.81202e+06	0
2.81212e+06	0
2.81222e+06	0
2.81232e+06	0
2.81242e+06	0
2.81252e+06	0
2.81262e+06	0
2.81272e+06	0
2.81282e+06	0
2.81292e+06	0
2.81302e+06	0
2.81312e+06	0
2.81322e+06	0
2.81332e+06	0
2.81342e+06	0
2.81352e+06	0
2.81362e+06	0
2.81372e+06	0
2.81382e+06	0
2.81392e+06	0
2.81402e+06	0
2.81412e+06	0
2.81422e+06	0
2.81432e+06	0
2.81442e+06	0
2.81452e+06	0
2.81462e+06	0
2.81472e+06	0
2.81482e+06	0
2.81492e+06	0
2.81502e+06	0
2.81512e+06	0
2.81522e+06	0
2.81532e+06	0
2.81542e+06	0
2.81552e+06	0
2.81562e+06	0
2.81572e+06	0
2.81582e+06	0
2.81592e+06	0
2.81602e+06	0
2.81612e+06	0
2.81622e+06	0
2.81632e+06	0
2.81642e+06	0
2.81652e+06	0
2.81662e+06	0
2.81672e+06	0
2.81682e+06	0
2.81692e+06	0
2.81702e+06	0
2.81712e+06	0
2.81722e+06	0
2.81732e+06	0
2.81742e+06	0
2.81752e+06	0
2.81762e+06	0
2.81772e+06	0
2.81782e+06	0
2.81792e+06	0
2.81802e+06	0
2.81812e+06	0
2.81822e+06	0
2.81832e+06	0
2.81842e+06	0
2.81852e+06	0
2.81862e+06	0
2.81872e+06	0
2.81882e+06	0
2.81892e+06	0
2.81902e+06	0
2.81912e+06	0
2.81922e+06	0
2.81932e+06	0
2.81942e+06	0
2.81952e+06	0
2.81962e+06	0
2.81972e+06	0
2.81982e+06	0
2.81992e+06	0
2.82002e+06	0
2.82012e+06	0
2.82022e+06	0
2.82032e+06	0
2.82042e+06	0
2.82052e+06	0
2.82062e+06	0
2.82072e+06	0
2.82082e+06	0
2.82092e+06	0
2.82102e+06	0
2.82112e+06	0
2.82122e+06	0
2.82132e+06	0
2.82142e+06	0
2.82152e+06	0
2.82162e+06	0
2.82172e+06	0
2.82182e+06	0
2.82192e+06	0
2.82202e+06	0
2.82212e+06	0
2.82222e+06	0
2.82232e+06	0
2.82242e+06	0
2.82252e+06	0
2.82262e+06	0
2.82272e+06	0
2.82282e+06	0
2.82292e+06	0
2.82302e+06	0
2.82312e+06	0
2.82322e+06	0
2.82332e+06	0
2.82342e+06	0
2.82352e+06	0
2.82362e+06	0
2.82372e+06	0
2.82382e+06	0
2.82392e+06	0
2.82402e+06	0
2.82412e+06	0
2.82422e+06	0
2.82432e+06	0
2.82442e+06	0
2.82452e+06	0
2.82462e+06	0
2.82472e+06	0
2.82482e+06	0
2.82492e+06	0
2.82502e+06	0
2.82512e+06	0
2.82522e+06	0
2.82532e+06	0
2.82542e+06	0
2.82552e+06	0
2.82562e+06	0
2.82572e+06	0
2.82582e+06	0
2.82592e+06	0
2.82602e+06	0
2.82612e+06	0
2.82622e+06	0
2.82632e+06	0
2.82642e+06	0
2.82652e+06	0
2.82662e+06	0
2.82672e+06	0
2.82682e+06	4.94066e-324
2.82692e+06	1.18576e-322
2.82702e+06	5.62247e-321
2.82712e+06	2.59142e-319
2.82722e+06	1.183e-317
2.82732e+06	5.34679e-316
2.82742e+06	2.39253e-314
2.82752e+06	1.05993e-312
2.82762e+06	4.64897e-311
2.82772e+06	2.0188e-309
2.82782e+06	8.6793e-308
2.82792e+06	3.69432e-306
2.82802e+06	1.55683e-304
2.82812e+06	6.49538e-303
2.82822e+06	2.68303e-301
2.82832e+06	1.09724e-299
2.82842e+06	4.44261e-298
2.82852e+06	1.78086e-296
2.82862e+06	7.06772e-295
2.82872e+06	2.77706e-293
2.82882e+06	1.08031e-291
2.82892e+06	4.16072e-290
2.82902e+06	1.58652e-288
2.82912e+06	5.98935e-287
2.82922e+06	2.23857e-285
2.82932e+06	8.28361e-284
2.82942e+06	3.03476e-282
2.82952e+06	1.10075e-280
2.82962e+06	3.95282e-279
2.82972e+06	1.40535e-277
2.82982e+06	4.94672e-276
2.82992e+06	1.72388e-274
2.83002e+06	5.94779e-273
2.83012e+06	2.0317e-271
2.83022e+06	6.87104e-270
2.83032e+06	2.3006e-268
2.83042e+06	7.62636e-267
2.83052e+06	2.50294e-265
2.83062e+06	8.1328e-264
2.83072e+06	2.6163e-262
2.83082e+06	8.33281e-261
2.83092e+06	2.62756e-259
2.83102e+06	8.20297e-258
2.83112e+06	2.5354e-256
2.83122e+06	7.75852e-255
2.83132e+06	2.35054e-253
2.83142e+06	7.05042e-252
2.83152e+06	2.09372e-250
2.83162e+06	6.15572e-249
2.83172e+06	1.79183e-247
2.83182e+06	5.16383e-246
2.83192e+06	1.47334e-244
2.83202e+06	4.16191e-243
2.83212e+06	1.16396e-241
2.83222e+06	3.22286e-240
2.83232e+06	8.83489e-239
2.83242e+06	2.39783e-237
2.83252e+06	6.44306e-236
2.83262e+06	1.71405e-234
2.83272e+06	4.51452e-233
2.83282e+06	1.17722e-231
2.83292e+06	3.0392e-230
2.83302e+06	7.76817e-229
2.83312e+06	1.96578e-227
2.83322e+06	4.92503e-226
2.83332e+06	1.22163e-224
2.83342e+06	3.00004e-223
2.83352e+06	7.2941e-222
2.83362e+06	1.75579e-220
2.83372e+06	4.18439e-219
2.83382e+06	9.87298e-218
2.83392e+06	2.30633e-216
2.83402e+06	5.33397e-215
2.83412e+06	1.22134e-213
2.83422e+06	2.76874e-212
2.83432e+06	6.21417e-211
2.83442e+06	1.38083e-209
2.83452e+06	3.03778e-208
2.83462e+06	6.61651e-207
2.83472e+06	1.42678e-205
2.83482e+06	3.0461e-204
2.83492e+06	6.43855e-203
2.83502e+06	1.34738e-201
2.83512e+06	2.79155e-200
2.83522e+06	5.72612e-199
2.83532e+06	1.16287e-197
2.83542e+06	2.33809e-196
2.83552e+06	4.65422e-195
2.83562e+06	9.17254e-194
2.83572e+06	1.78974e-192
2.83582e+06	3.45738e-191
2.83592e+06	6.61242e-190
2.83602e+06	1.25208e-188
2.83612e+06	2.34725e-187
2.83622e+06	4.35657e-186
2.83632e+06	8.00548e-185
2.83642e+06	1.45642e-183
2.83652e+06	2.62327e-182
2.83662e+06	4.67796e-181
2.83672e+06	8.25899e-180
2.83682e+06	1.44362e-178
2.83692e+06	2.49827e-177
2.83702e+06	4.28036e-176
2.83712e+06	7.26071e-175
2.83722e+06	1.21937e-173
2.83732e+06	2.02744e-172
2.83742e+06	3.33747e-171
2.83752e+06	5.43932e-170
2.83762e+06	8.77664e-169
2.83772e+06	1.40207e-167
2.83782e+06	2.21752e-166
2.83792e+06	3.47234e-165
2.83802e+06	5.38313e-164
2.83812e+06	8.26235e-163
2.83822e+06	1.25554e-161
2.83832e+06	1.88892e-160
2.83842e+06	2.81354e-159
2.83852e+06	4.14907e-158
2.83862e+06	6.05767e-157
2.83872e+06	8.75623e-156
2.83882e+06	1.2531e-154
2.83892e+06	1.77546e-153
2.83902e+06	2.49054e-152
2.83912e+06	3.45887e-151
2.83922e+06	4.75588e-150
2.83932e+06	6.47418e-149
2.83942e+06	8.72561e-148
2.83952e+06	1.1643e-146
2.83962e+06	1.53811e-145
2.83972e+06	2.01174e-144
2.83982e+06	2.60501e-143
2.83992e+06	3.33969e-142
2.84002e+06	4.23896e-141
2.84012e+06	5.32684e-140
2.84022e+06	6.62731e-139
2.84032e+06	8.16322e-138
2.84042e+06	9.95504e-137
2.84052e+06	1.20194e-135
2.84062e+06	1.43674e-134
2.84072e+06	1.70032e-133
2.84082e+06	1.99223e-132
2.84092e+06	2.31103e-131
2.84102e+06	2.65418e-130
2.84112e+06	3.01794e-129
2.84122e+06	3.39742e-128
2.84132e+06	3.78655e-127
2.84142e+06	4.17826e-126
2.84152e+06	4.56462e-125
2.84162e+06	4.93709e-124
2.84172e+06	5.28682e-123
2.84182e+06	5.60499e-122
2.84192e+06	5.88318e-121
2.84202e+06	6.11373e-120
2.84212e+06	6.2901e-119
2.84222e+06	6.40717e-118
2.84232e+06	6.46148e-117
2.84242e+06	6.45141e-116
2.84252e+06	6.37726e-115
2.84262e+06	6.24124e-114
2.84272e+06	6.04734e-113
2.84282e+06	5.80117e-112
2.84292e+06	5.50964e-111
2.84302e+06	5.1807e-110
2.84312e+06	4.82292e-109
2.84322e+06	4.44518e-108
2.84332e+06	4.05625e-107
2.84342e+06	3.66453e-106
2.84352e+06	3.2777e-105
2.84362e+06	2.90252e-104
2.84372e+06	2.54472e-103
2.84382e+06	2.20883e-102
2.84392e+06	1.89819e-101
2.84402e+06	1.61501e-100
2.84412e+06	1.3604e-99
2.84422e+06	1.13453e-98
2.84432e+06	9.36751e-98
2.84442e+06	7.65752e-97
2.84452e+06	6.19739e-96
2.84462e+06	4.96577e-95
2.84472e+06	3.93932e-94
2.84482e+06	3.09395e-93
2.84492e+06	2.40581e-92
2.84502e+06	1.85212e-91
2.84512e+06	1.41166e-90
2.84522e+06	1.06525e-89
2.84532e+06	7.95845e-89
2.84542e+06	5.88658e-88
2.84552e+06	4.31076e-87
2.84562e+06	3.12538e-86
2.84572e+06	2.24341e-85
2.84582e+06	1.5943e-84
2.84592e+06	1.12173e-83
2.84602e+06	7.81388e-83
2.84612e+06	5.3889e-82
2.84622e+06	3.67952e-81
2.84632e+06	2.48736e-80
2.84642e+06	1.66473e-79
2.84652e+06	1.10308e-78
2.84662e+06	7.23643e-78
2.84672e+06	4.70002e-77
2.84682e+06	3.02227e-76
2.84692e+06	1.92408e-75
2.84702e+06	1.21275e-74
2.84712e+06	7.56789e-74
2.84722e+06	4.67558e-73
2.84732e+06	2.85992e-72
2.84742e+06	1.73193e-71
2.84752e+06	1.03839e-70
2.84762e+06	6.16384e-70
2.84772e+06	3.62241e-69
2.84782e+06	2.10766e-68
2.84792e+06	1.21412e-67
2.84802e+06	6.92436e-67
2.84812e+06	3.9098e-66
2.84822e+06	2.18568e-65
2.84832e+06	1.20969e-64
2.84842e+06	6.62859e-64
2.84852e+06	3.59604e-63
2.84862e+06	1.93145e-62
2.84872e+06	1.02707e-61
2.84882e+06	5.40723e-61
2.84892e+06	2.81842e-60
2.84902e+06	1.45444e-59
2.84912e+06	7.43087e-59
2.84922e+06	3.75874e-58
2.84932e+06	1.88236e-57
2.84942e+06	9.33293e-57
2.84952e+06	4.58133e-56
2.84962e+06	2.2265e-55
2.84972e+06	1.0713e-54
2.84982e+06	5.10334e-54
2.84992e+06	2.40689e-53
2.85002e+06	1.12387e-52
2.85012e+06	5.19554e-52
2.85022e+06	2.37796e-51
2.85032e+06	1.07754e-50
2.85042e+06	4.83416e-50
2.85052e+06	2.14716e-49
2.85062e+06	9.44204e-49
2.85072e+06	4.11078e-48
2.85082e+06	1.7719e-47
2.85092e+06	7.56156e-47
2.85102e+06	3.19478e-46
2.85112e+06	1.33637e-45
2.85122e+06	5.5344e-45
2.85132e+06	2.26919e-44
2.85142e+06	9.21147e-44
2.85152e+06	3.70206e-43
2.85162e+06	1.47304e-42
2.85172e+06	5.80288e-42
2.85182e+06	2.26323e-41
2.85192e+06	8.73921e-41
2.85202e+06	3.34097e-40
2.85212e+06	1.26453e-39
2.85222e+06	4.73853e-39
2.85232e+06	1.75798e-38
2.85242e+06	6.45717e-38
2.85252e+06	2.34816e-37
2.85262e+06	8.45415e-37
2.85272e+06	3.01349e-36
2.85282e+06	1.06347e-35
2.85292e+06	3.71568e-35
2.85302e+06	1.28531e-34
2.85312e+06	4.40187e-34
2.85322e+06	1.49252e-33
2.85332e+06	5.01029e-33
2.85342e+06	1.66518e-32
2.85352e+06	5.4792e-32
2.85362e+06	1.78497e-31
2.85372e+06	5.75705e-31
2.85382e+06	1.83834e-30
2.85392e+06	5.8118e-30
2.85402e+06	1.81908e-29
2.85412e+06	5.63702e-29
2.85422e+06	1.72944e-28
2.85432e+06	5.25312e-28
2.85442e+06	1.57974e-27
2.85452e+06	4.70341e-27
2.85462e+06	1.38642e-26
2.85472e+06	4.0461e-26
2.85482e+06	1.16905e-25
2.85492e+06	3.34417e-25
2.85502e+06	9.47108e-25
2.85512e+06	2.65563e-24
2.85522e+06	7.37215e-24
2.85532e+06	2.02617e-23
2.85542e+06	5.51336e-23
2.85552e+06	1.4853e-22
2.85562e+06	3.96157e-22
2.85572e+06	1.04611e-21
2.85582e+06	2.73493e-21
2.85592e+06	7.07899e-21
2.85602e+06	1.81407e-20
2.85612e+06	4.60248e-20
2.85622e+06	1.15608e-19
2.85632e+06	2.87503e-19
2.85642e+06	7.07868e-19
2.85652e+06	1.72552e-18
2.85662e+06	4.16432e-18
2.85672e+06	9.95005e-18
2.85682e+06	2.35377e-17
2.85692e+06	5.51264e-17
2.85702e+06	1.27824e-16
2.85712e+06	2.93442e-16
2.85722e+06	6.66943e-16
2.85732e+06	1.50076e-15
2.85742e+06	3.34344e-15
2.85752e+06	7.37448e-15
2.85762e+06	1.61037e-14
2.85772e+06	3.4816e-14
2.85782e+06	7.45225e-14
2.85792e+06	1.57926e-13
2.85802e+06	3.31342e-13
2.85812e+06	6.88267e-13
2.85822e+06	1.41545e-12
2.85832e+06	2.88196e-12
2.85842e+06	5.80952e-12
2.85852e+06	1.15944e-11
2.85862e+06	2.29094e-11
2.85872e+06	4.48164e-11
2.85882e+06	8.67993e-11
2.85892e+06	1.66438e-10
2.85902e+06	3.15971e-10
2.85912e+06	5.93878e-10
2.85922e+06	1.10511e-09
2.85932e+06	2.03597e-09
2.85942e+06	3.71358e-09
2.85952e+06	6.70612e-09
2.85962e+06	1.19897e-08
2.85972e+06	2.12227e-08
2.85982e+06	3.71921e-08
2.85992e+06	6.45295e-08
2.86002e+06	1.10847e-07
2.86012e+06	1.88514e-07
2.86022e+06	3.17411e-07
2.86032e+06	5.29124e-07
2.86042e+06	8.73273e-07
2.86052e+06	1.42692e-06
2.86062e+06	2.30837e-06
2.86072e+06	3.69717e-06
2.86082e+06	5.86261e-06
2.86092e+06	9.20383e-06
2.86102e+06	1.43055e-05
2.86112e+06	2.20138e-05
2.86122e+06	3.35385e-05
2.86132e+06	5.05883e-05
2.86142e+06	7.55463e-05
2.86152e+06	0.000111695
2.86162e+06	0.000163497
2.86172e+06	0.000236944
2.86182e+06	0.000339967
2.86192e+06	0.00048293
2.86202e+06	0.000679188
2.86212e+06	0.000945698
2.86222e+06	0.00130368
2.86232e+06	0.0017793
2.86242e+06	0.00240426
2.86252e+06	0.00321642
2.86262e+06	0.00426011
2.86272e+06	0.00558631
2.86282e+06	0.00725249
2.86292e+06	0.00932194
2.86302e+06	0.0118627
2.86312e+06	0.0149457
2.86322e+06	0.0186425
2.86332e+06	0.0230225
2.86342e+06	0.0281486
2.86352e+06	0.0340736
2.86362e+06	0.0408353
2.86372e+06	0.048452
2.86382e+06	0.0569172
2.86392e+06	0.0661962
2.86402e+06	0.0762219
2.86412e+06	0.0868927
2.86422e+06	0.0980718
2.86432e+06	0.109588
2.86442e+06	0.121237
2.86452e+06	0.132791
2.86462e+06	0.143998
2.86472e+06	0.154598
2.86482e+06	0.164326
2.86492e+06	0.172928
2.86502e+06	0.18017
2.86512e+06	0.185848
2.86522e+06	0.189797
2.86532e+06	0.191901
2.86542e+06	0.192098
2.86552e+06	0.190381
2.86562e+06	0.186803
2.86572e+06	0.181468
2.86582e+06	0.174531
2.86592e+06	0.16619
2.86602e+06	0.156672
2.86612e+06	0.14623
2.86622e+06	0.135126
2.86632e+06	0.123622
2.86642e+06	0.111973
2.86652e+06	0.100412
2.86662e+06	0.0891488
2.86672e+06	0.0783614
2.86682e+06	0.0681941
2.86692e+06	0.0587554
2.86702e+06	0.0501194
2.86712e+06	0.0423273
2.86722e+06	0.035391
2.86732e+06	0.029297
2.86742e+06	0.0240109
2.86752e+06	0.0194828
2.86762e+06	0.0156514
2.86772e+06	0.0124483
2.86782e+06	0.00980224
2.86792e+06	0.00764182
2.86802e+06	0.00589828
2.86812e+06	0.00450725
2.86822e+06	0.00341
2.86832e+06	0.00255419
2.86842e+06	0.00189413
2.86852e+06	0.00139067
2.86862e+06	0.00101087
2.86872e+06	0.000727485
2.86882e+06	0.000518333
2.86892e+06	0.000365638
2.86902e+06	0.000255359
2.86912e+06	0.000176566
2.86922e+06	0.000120871
2.86932e+06	8.19202e-05
2.86942e+06	5.49691e-05
2.86952e+06	3.65177e-05
2.86962e+06	2.40184e-05
2.86972e+06	1.56402e-05
2.86982e+06	1.00832e-05
2.86992e+06	6.43594e-06
2.87002e+06	4.06707e-06
2.87012e+06	2.54453e-06
2.87022e+06	1.57613e-06
2.87032e+06	9.6657e-07
2.87042e+06	5.86856e-07
2.87052e+06	3.52766e-07
2.87062e+06	2.09942e-07
2.87072e+06	1.23699e-07
2.87082e+06	7.21596e-08
2.87092e+06	4.16752e-08
2.87102e+06	2.38297e-08
2.87112e+06	1.34901e-08
2.87122e+06	7.56083e-09
2.87132e+06	4.19548e-09
2.87142e+06	2.30489e-09
2.87152e+06	1.25365e-09
2.87162e+06	6.75085e-10
2.87172e+06	3.59913e-10
2.87182e+06	1.89974e-10
2.87192e+06	9.9277e-11
2.87202e+06	5.13641e-11
2.87212e+06	2.63104e-11
2.87222e+06	1.3343e-11
2.87232e+06	6.69938e-12
2.87242e+06	3.33023e-12
2.87252e+06	1.63897e-12
2.87262e+06	7.98589e-13
2.87272e+06	3.85242e-13
2.87282e+06	1.83993e-13
2.87292e+06	8.70012e-14
2.87302e+06	4.07293e-14
2.87312e+06	1.88775e-14
2.87322e+06	8.66245e-15
2.87332e+06	3.93544e-15
2.87342e+06	1.77012e-15
2.87352e+06	7.88261e-16
2.87362e+06	3.47531e-16
2.87372e+06	1.51696e-16
2.87382e+06	6.5556e-17
2.87392e+06	2.80484e-17
2.87402e+06	1.18812e-17
2.87412e+06	4.98275e-18
2.87422e+06	2.06888e-18
2.87432e+06	8.50468e-19
2.87442e+06	3.46129e-19
2.87452e+06	1.39468e-19
2.87462e+06	5.56378e-20
2.87472e+06	2.19746e-20
2.87482e+06	8.5927e-21
2.87492e+06	3.32656e-21
2.87502e+06	1.27502e-21
2.87512e+06	4.83835e-22
2.87522e+06	1.81775e-22
2.87532e+06	6.76127e-23
2.87542e+06	2.48988e-23
2.87552e+06	9.07793e-24
2.87562e+06	3.27681e-24
2.87572e+06	1.17105e-24
2.87582e+06	4.14336e-25
2.87592e+06	1.45141e-25
2.87602e+06	5.03364e-26
2.87612e+06	1.72835e-26
2.87622e+06	5.87542e-27
2.87632e+06	1.97744e-27
2.87642e+06	6.58908e-28
2.87652e+06	2.17372e-28
2.87662e+06	7.09968e-29
2.87672e+06	2.29579e-29
2.87682e+06	7.34989e-30
2.87692e+06	2.32963e-30
2.87702e+06	7.31057e-31
2.87712e+06	2.27129e-31
2.87722e+06	6.98634e-32
2.87732e+06	2.12757e-32
2.87742e+06	6.4147e-33
2.87752e+06	1.91481e-33
2.87762e+06	5.65889e-34
2.87772e+06	1.65575e-34
2.87782e+06	4.79639e-35
2.87792e+06	1.3756e-35
2.87802e+06	3.90594e-36
2.87812e+06	1.09804e-36
2.87822e+06	3.05609e-37
2.87832e+06	8.42115e-38
2.87842e+06	2.29738e-38
2.87852e+06	6.20516e-39
2.87862e+06	1.65932e-39
2.87872e+06	4.39302e-40
2.87882e+06	1.15147e-40
2.87892e+06	2.98815e-41
2.87902e+06	7.67726e-42
2.87912e+06	1.95285e-42
2.87922e+06	4.91799e-43
2.87932e+06	1.22621e-43
2.87942e+06	3.02689e-44
2.87952e+06	7.39752e-45
2.87962e+06	1.78992e-45
2.87972e+06	4.28783e-46
2.87982e+06	1.01695e-46
2.87992e+06	2.38791e-47
2.88002e+06	5.55127e-48
2.88012e+06	1.27769e-48
2.88022e+06	2.91148e-49
2.88032e+06	6.56842e-50
2.88042e+06	1.46712e-50
2.88052e+06	3.24433e-51
2.88062e+06	7.10301e-52
2.88072e+06	1.53963e-52
2.88082e+06	3.30407e-53
2.88092e+06	7.02001e-54
2.88102e+06	1.47667e-54
2.88112e+06	3.0753e-55
2.88122e+06	6.34084e-56
2.88132e+06	1.29439e-56
2.88142e+06	2.616e-57
2.88152e+06	5.23443e-58
2.88162e+06	1.03695e-58
2.88172e+06	2.03377e-59
2.88182e+06	3.94916e-60
2.88192e+06	7.59214e-61
2.88202e+06	1.44504e-61
2.88212e+06	2.72304e-62
2.88222e+06	5.08025e-63
2.88232e+06	9.38367e-64
2.88242e+06	1.716e-64
2.88252e+06	3.10684e-65
2.88262e+06	5.56901e-66
2.88272e+06	9.88311e-67
2.88282e+06	1.73647e-67
2.88292e+06	3.02062e-68
2.88302e+06	5.20216e-69
2.88312e+06	8.87008e-70
2.88322e+06	1.49737e-70
2.88332e+06	2.50257e-71
2.88342e+06	4.14097e-72
2.88352e+06	6.78382e-73
2.88362e+06	1.10028e-73
2.88372e+06	1.76681e-74
2.88382e+06	2.80888e-75
2.88392e+06	4.42114e-76
2.88402e+06	6.88956e-77
2.88412e+06	1.06293e-77
2.88422e+06	1.62359e-78
2.88432e+06	2.45531e-79
2.88442e+06	3.67614e-80
2.88452e+06	5.44923e-81
2.88462e+06	7.99714e-82
2.88472e+06	1.16196e-82
2.88482e+06	1.6715e-83
2.88492e+06	2.38055e-84
2.88502e+06	3.35664e-85
2.88512e+06	4.68587e-86
2.88522e+06	6.47638e-87
2.88532e+06	8.86199e-88
2.88542e+06	1.20057e-88
2.88552e+06	1.61028e-89
2.88562e+06	2.13831e-90
2.88572e+06	2.81125e-91
2.88582e+06	3.65918e-92
2.88592e+06	4.71547e-93
2.88602e+06	6.01622e-94
2.88612e+06	7.59941e-95
2.88622e+06	9.50369e-96
2.88632e+06	1.17669e-96
2.88642e+06	1.44241e-97
2.88652e+06	1.75054e-98
2.88662e+06	2.10336e-99
2.88672e+06	2.50214e-100
2.88682e+06	2.94691e-101
2.88692e+06	3.43621e-102
2.88702e+06	3.96687e-103
2.88712e+06	4.53393e-104
2.88722e+06	5.13048e-105
2.88732e+06	5.74776e-106
2.88742e+06	6.37523e-107
2.88752e+06	7.00084e-108
2.88762e+06	7.61135e-109
2.88772e+06	8.19276e-110
2.88782e+06	8.73084e-111
2.88792e+06	9.21168e-112
2.88802e+06	9.62229e-113
2.88812e+06	9.9512e-114
2.88822e+06	1.01889e-114
2.88832e+06	1.03286e-115
2.88842e+06	1.03659e-116
2.88852e+06	1.02999e-117
2.88862e+06	1.01325e-118
2.88872e+06	9.86857e-120
2.88882e+06	9.51591e-121
2.88892e+06	9.08456e-122
2.88902e+06	8.58646e-123
2.88912e+06	8.03492e-124
2.88922e+06	7.44399e-125
2.88932e+06	6.8279e-126
2.88942e+06	6.20049e-127
2.88952e+06	5.5747e-128
2.88962e+06	4.9622e-129
2.88972e+06	4.37304e-130
2.88982e+06	3.81549e-131
2.88992e+06	3.2959e-132
2.89002e+06	2.81874e-133
2.89012e+06	2.38667e-134
2.89022e+06	2.00073e-135
2.89032e+06	1.6605e-136
2.89042e+06	1.36442e-137
2.89052e+06	1.10998e-138
2.89062e+06	8.94002e-140
2.89072e+06	7.12884e-141
2.89082e+06	5.62803e-142
2.89092e+06	4.39896e-143
2.89102e+06	3.4041e-144
2.89112e+06	2.60802e-145
2.89122e+06	1.97823e-146
2.89132e+06	1.48559e-147
2.89142e+06	1.10453e-148
2.89152e+06	8.13045e-150
2.89162e+06	5.92527e-151
2.89172e+06	4.27523e-152
2.89182e+06	3.05399e-153
2.89192e+06	2.15989e-154
2.89202e+06	1.51236e-155
2.89212e+06	1.04841e-156
2.89222e+06	7.19563e-158
2.89232e+06	4.88947e-159
2.89242e+06	3.28937e-160
2.89252e+06	2.19089e-161
2.89262e+06	1.44472e-162
2.89272e+06	9.43203e-164
2.89282e+06	6.09654e-165
2.89292e+06	3.90139e-166
2.89302e+06	2.47179e-167
2.89312e+06	1.55046e-168
2.89322e+06	9.6287e-170
2.89332e+06	5.92013e-171
2.89342e+06	3.60373e-172
2.89352e+06	2.17185e-173
2.89362e+06	1.29588e-174
2.89372e+06	7.6552e-176
2.89382e+06	4.47719e-177
2.89392e+06	2.59246e-178
2.89402e+06	1.48619e-179
2.89412e+06	8.43519e-181
2.89422e+06	4.73993e-182
2.89432e+06	2.63698e-183
2.89442e+06	1.45244e-184
2.89452e+06	7.92038e-186
2.89462e+06	4.27613e-187
2.89472e+06	2.28567e-188
2.89482e+06	1.20958e-189
2.89492e+06	6.33738e-191
2.89502e+06	3.28733e-192
2.89512e+06	1.68824e-193
2.89522e+06	8.58385e-195
2.89532e+06	4.32102e-196
2.89542e+06	2.15352e-197
2.89552e+06	1.06259e-198
2.89562e+06	5.19091e-200
2.89572e+06	2.51059e-201
2.89582e+06	1.20217e-202
2.89592e+06	5.6992e-204
2.89602e+06	2.67496e-205
2.89612e+06	1.24302e-206
2.89622e+06	5.7187e-208
2.89632e+06	2.60479e-209
2.89642e+06	1.17464e-210
2.89652e+06	5.24438e-212
2.89662e+06	2.31815e-213
2.89672e+06	1.01448e-214
2.89682e+06	4.39547e-216
2.89692e+06	1.88548e-217
2.89702e+06	8.00751e-219
2.89712e+06	3.36689e-220
2.89722e+06	1.40158e-221
2.89732e+06	5.77649e-223
2.89742e+06	2.35704e-224
2.89752e+06	9.52197e-226
2.89762e+06	3.80841e-227
2.89772e+06	1.50806e-228
2.89782e+06	5.9122e-230
2.89792e+06	2.29476e-231
2.89802e+06	8.81826e-233
2.89812e+06	3.35494e-234
2.89822e+06	1.2637e-235
2.89832e+06	4.7126e-237
2.89842e+06	1.73994e-238
2.89852e+06	6.36011e-240
2.89862e+06	2.30172e-241
2.89872e+06	8.24702e-243
2.89882e+06	2.92549e-244
2.89892e+06	1.02744e-245
2.89902e+06	3.57251e-247
2.89912e+06	1.22983e-248
2.89922e+06	4.19157e-250
2.89932e+06	1.41437e-251
2.89942e+06	4.72506e-253
2.89952e+06	1.56282e-254
2.89962e+06	5.1176e-256
2.89972e+06	1.65914e-257
2.89982e+06	5.32542e-259
2.89992e+06	1.69232e-260
2.90002e+06	5.32439e-262
2.90012e+06	1.65849e-263
2.90022e+06	5.11462e-265
2.90032e+06	1.56161e-266
2.90042e+06	4.72048e-268
2.90052e+06	1.41272e-269
2.90062e+06	4.18587e-271
2.90072e+06	1.22793e-272
2.90082e+06	3.56627e-274
2.90092e+06	1.02545e-275
2.90102e+06	2.91925e-277
2.90112e+06	8.22784e-279
2.90122e+06	2.29592e-280
2.90132e+06	6.34285e-282
2.90142e+06	1.73488e-283
2.90152e+06	4.69799e-285
2.90162e+06	1.25954e-286
2.90172e+06	3.34324e-288
2.90182e+06	8.78579e-290
2.90192e+06	2.28587e-291
2.90202e+06	5.88815e-293
2.90212e+06	1.50163e-294
2.90222e+06	3.79145e-296
2.90232e+06	9.47772e-298
2.90242e+06	2.34563e-299
2.90252e+06	5.74741e-301
2.90262e+06	1.39425e-302
2.90272e+06	3.34864e-304
2.90282e+06	7.96256e-306
2.90292e+06	1.87454e-307
2.90302e+06	4.3691e-309
2.90312e+06	1.0082e-310
2.90322e+06	2.30335e-312
2.90332e+06	5.20989e-314
2.90342e+06	1.16669e-315
2.90352e+06	2.58665e-317
2.90362e+06	5.6778e-319
2.90372e+06	1.23418e-320
2.90382e+06	2.66795e-322
2.90392e+06	4.94066e-324
2.90402e+06	0
2.90412e+06	0
2.90422e+06	0
2.90432e+06	0
2.90442e+06	0
2.90452e+06	0
2.90462e+06	0
2.90472e+06	0
2.90482e+06	0
2.90492e+06	0
2.90502e+06	0
2.90512e+06	0
2.90522e+06	0
2.90532e+06	0
2.90542e+06	0
2.90552e+06	0
2.90562e+06	0
2.90572e+06	0
2.90582e+06	0
2.90592e+06	0
2.90602e+06	0
2.90612e+06	0
2.90622e+06	0
2.90632e+06	0
2.90642e+06	0
2.90652e+06	0
2.90662e+06	0
2.90672e+06	0
2.90682e+06	0
2.90692e+06	0
2.90702e+06	0
2.90712e+06	0
2.90722e+06	0
2.90732e+06	0
2.90742e+06	0
2.90752e+06	0
2.90762e+06	0
2.90772e+06	0
2.90782e+06	0
2.90792e+06	0
2.90802e+06	0
2.90812e+06	0
2.90822e+06	0
2.90832e+06	0
2.90842e+06	0
2.90852e+06	0
2.90862e+06	0
2.90872e+06	0
2.90882e+06	0
2.90892e+06	0
2.90902e+06	0
2.90912e+06	0
2.90922e+06	0
2.90932e+06	0
2.90942e+06	0
2.90952e+06	0
2.90962e+06	0
2.90972e+06	0
2.90982e+06	0
2.90992e+06	0
2.91002e+06	0
2.91012e+06	0
2.91022e+06	0
2.91032e+06	0
2.91042e+06	0
2.91052e+06	0
2.91062e+06	0
2.91072e+06	0
2.91082e+06	0
2.91092e+06	0
2.91102e+06	0
2.91112e+06	0
2.91122e+06	0
2.91132e+06	0
2.91142e+06	0
2.91152e+06	0
2.91162e+06	0
2.91172e+06	0
2.91182e+06	0
2.91192e+06	0
2.91202e+06	0
2.91212e+06	0
2.91222e+06	0
2.91232e+06	0
2.91242e+06	0
2.91252e+06	0
2.91262e+06	0
2.91272e+06	0
2.91282e+06	0
2.91292e+06	0
2.91302e+06	0
2.91312e+06	0
2.91322e+06	0
2.91332e+06	0
2.91342e+06	0
2.91352e+06	0
2.91362e+06	0
2.91372e+06	0
2.91382e+06	0
2.91392e+06	0
2.91402e+06	0
2.91412e+06	0
2.91422e+06	0
2.91432e+06	0
2.91442e+06	0
2.91452e+06	0
2.91462e+06	0
2.91472e+06	0
2.91482e+06	0
2.91492e+06	0
2.91502e+06	0
2.91512e+06	0
2.91522e+06	0
2.91532e+06	0
2.91542e+06	0
2.91552e+06	0
2.91562e+06	0
2.91572e+06	0
2.91582e+06	0
2.91592e+06	0
2.91602e+06	0
2.91612e+06	0
2.91622e+06	0
2.91632e+06	0
2.91642e+06	0
2.91652e+06	0
2.91662e+06	0
2.91672e+06	0
2.91682e+06	0
2.91692e+06	0
2.91702e+06	0
2.91712e+06	0
2.91722e+06	0
2.91732e+06	0
2.91742e+06	0
2.91752e+06	0
2.91762e+06	0
2.91772e+06	0
2.91782e+06	0
2.91792e+06	0
2.91802e+06	0
2.91812e+06	0
2.91822e+06	0
2.91832e+06	0
2.91842e+06	0
2.91852e+06	0
2.91862e+06	0
2.91872e+06	0
2.91882e+06	0
2.91892e+06	0
2.91902e+06	0
2.91912e+06	0
2.91922e+06	0
2.91932e+06	0
2.91942e+06	0
2.91952e+06	0
2.91962e+06	0
2.91972e+06	0
2.91982e+06	0
2.91992e+06	0
2.92002e+06	0
2.92012e+06	0
2.92022e+06	0
2.92032e+06	0
2.92042e+06	0
2.92052e+06	0
2.92062e+06	0
2.92072e+06	0
2.92082e+06	0
2.92092e+06	0
2.92102e+06	0
2.92112e+06	0
2.92122e+06	0
2.92132e+06	0
2.92142e+06	0
2.92152e+06	0
2.92162e+06	0
2.92172e+06	0
2.92182e+06	0
2.92192e+06	0
2.92202e+06	0
2.92212e+06	0
2.92222e+06	0
2.92232e+06	0
2.92242e+06	0
2.92252e+06	0
2.92262e+06	0
2.92272e+06	0
2.92282e+06	0
2.92292e+06	0
2.92302e+06	0
2.92312e+06	0
2.92322e+06	0
2.92332e+06	0
2.92342e+06	0
2.92352e+06	0
2.92362e+06	0
2.92372e+06	0
2.92382e+06	0
2.92392e+06	0
2.92402e+06	0
2.92412e+06	0
2.92422e+06	0
2.92432e+06	0
2.92442e+06	0
2.92452e+06	0
2.92462e+06	0
2.92472e+06	0
2.92482e+06	0
2.92492e+06	0
2.92502e+06	0
2.92512e+06	0
2.92522e+06	0
2.92532e+06	0
2.92542e+06	0
2.92552e+06	0
2.92562e+06	0
2.92572e+06	0
2.92582e+06	0
2.92592e+06	0
2.92602e+06	0
2.92612e+06	0
2.92622e+06	0
2.92632e+06	0
2.92642e+06	0
2.92652e+06	0
2.92662e+06	0
2.92672e+06	0
2.92682e+06	0
2.92692e+06	0
2.92702e+06	0
2.92712e+06	0
2.92722e+06	0
2.92732e+06	0
2.92742e+06	0
2.92752e+06	0
2.92762e+06	0
2.92772e+06	0
2.92782e+06	0
2.92792e+06	0
2.92802e+06	0
2.92812e+06	0
2.92822e+06	0
2.92832e+06	0
2.92842e+06	0
2.92852e+06	0
2.92862e+06	0
2.92872e+06	0
2.92882e+06	0
2.92892e+06	0
2.92902e+06	0
2.92912e+06	0
2.92922e+06	0
2.92932e+06	0
2.92942e+06	0
2.92952e+06	0
2.92962e+06	0
2.92972e+06	0
2.92982e+06	0
2.92992e+06	0
2.93002e+06	0
2.93012e+06	0
2.93022e+06	0
2.93032e+06	0
2.93042e+06	0
2.93052e+06	0
2.93062e+06	0
2.93072e+06	0
2.93082e+06	0
2.93092e+06	0
2.93102e+06	0
2.93112e+06	0
2.93122e+06	0
2.93132e+06	0
2.93142e+06	0
2.93152e+06	0
2.93162e+06	0
2.93172e+06	0
2.93182e+06	0
2.93192e+06	0
2.93202e+06	0
2.93212e+06	0
2.93222e+06	0
2.93232e+06	0
2.93242e+06	0
2.93252e+06	0
2.93262e+06	0
2.93272e+06	0
2.93282e+06	0
2.93292e+06	0
2.93302e+06	0
2.93312e+06	0
2.93322e+06	0
2.93332e+06	0
2.93342e+06	0
2.93352e+06	0
2.93362e+06	0
2.93372e+06	0
2.93382e+06	0
2.93392e+06	0
2.93402e+06	0
2.93412e+06	0
2.93422e+06	0
2.93432e+06	0
2.93442e+06	0
2.93452e+06	0
2.93462e+06	0
2.93472e+06	0
2.93482e+06	0
2.93492e+06	0
2.93502e+06	0
2.93512e+06	0
2.93522e+06	0
2.93532e+06	0
2.93542e+06	0
2.93552e+06	0
2.93562e+06	0
2.93572e+06	0
2.93582e+06	0
2.93592e+06	0
2.93602e+06	0
2.93612e+06	0
2.93622e+06	0
2.93632e+06	0
2.93642e+06	0
2.93652e+06	0
2.93662e+06	0
2.93672e+06	0
2.93682e+06	0
2.93692e+06	0
2.93702e+06	0
2.93712e+06	0
2.93722e+06	0
2.93732e+06	0
2.93742e+06	0
2.93752e+06	0
2.93762e+06	0
2.93772e+06	0
2.93782e+06	0
2.93792e+06	0
2.93802e+06	0
2.93812e+06	0
2.93822e+06	0
2.93832e+06	0
2.93842e+06	0
2.93852e+06	0
2.93862e+06	0
2.93872e+06	0
2.93882e+06	0
2.93892e+06	0
2.93902e+06	0
2.93912e+06	0
2.93922e+06	0
2.93932e+06	0
2.93942e+06	0
2.93952e+06	0
2.93962e+06	0
2.93972e+06	0
2.93982e+06	0
2.93992e+06	0
2.94002e+06	0
2.94012e+06	0
2.94022e+06	0
2.94032e+06	0
2.94042e+06	0
2.94052e+06	0
2.94062e+06	0
2.94072e+06	0
2.94082e+06	0
2.94092e+06	0
2.94102e+06	0
2.94112e+06	0
2.94122e+06	0
2.94132e+06	0
2.94142e+06	0
2.94152e+06	0
2.94162e+06	0
2.94172e+06	0
2.94182e+06	0
2.94192e+06	0
2.94202e+06	0
2.94212e+06	0
2.94222e+06	0
2.94232e+06	0
2.94242e+06	0
2.94252e+06	0
2.94262e+06	0
2.94272e+06	0
2.94282e+06	0
2.94292e+06	0
2.94302e+06	0
2.94312e+06	0
2.94322e+06	0
2.94332e+06	0
2.94342e+06	0
2.94352e+06	0
2.94362e+06	0
2.94372e+06	0
2.94382e+06	0
2.94392e+06	0
2.94402e+06	0
2.94412e+06	0
2.94422e+06	0
2.94432e+06	0
2.94442e+06	0
2.94452e+06	0
2.94462e+06	0
2.94472e+06	0
2.94482e+06	0
2.94492e+06	0
2.94502e+06	0
2.94512e+06	0
2.94522e+06	0
2.94532e+06	0
2.94542e+06	0
2.94552e+06	0
2.94562e+06	0
2.94572e+06	0
2.94582e+06	0
2.94592e+06	0
2.94602e+06	0
2.94612e+06	0
2.94622e+06	0
2.94632e+06	0
2.94642e+06	0
2.94652e+06	0
2.94662e+06	0
2.94672e+06	0
2.94682e+06	0
2.94692e+06	0
2.94702e+06	0
2.94712e+06	0
2.94722e+06	0
2.94732e+06	0
2.94742e+06	0
2.94752e+06	0
2.94762e+06	0
2.94772e+06	0
2.94782e+06	0
2.94792e+06	0
2.94802e+06	0
2.94812e+06	0
2.94822e+06	0
2.94832e+06	0
2.94842e+06	0
2.94852e+06	0
2.94862e+06	0
2.94872e+06	0
2.94882e+06	0
2.94892e+06	0
2.94902e+06	0
2.94912e+06	0
2.94922e+06	0
2.94932e+06	0
2.94942e+06	0
2.94952e+06	0
2.94962e+06	0
2.94972e+06	0
2.94982e+06	0
2.94992e+06	0
2.95002e+06	0
2.95012e+06	0
2.95022e+06	0
2.95032e+06	0
2.95042e+06	0
2.95052e+06	0
2.95062e+06	0
2.95072e+06	0
2.95082e+06	0
2.95092e+06	0
2.95102e+06	0
2.95112e+06	0
2.95122e+06	0
2.95132e+06	0
2.95142e+06	0
2.95152e+06	0
2.95162e+06	0
2.95172e+06	0
2.95182e+06	0
2.95192e+06	0
2.95202e+06	0
2.95212e+06	0
2.95222e+06	0
2.95232e+06	0
2.95242e+06	0
2.95252e+06	0
2.95262e+06	0
2.95272e+06	0
2.95282e+06	0
2.95292e+06	0
2.95302e+06	0
2.95312e+06	0
2.95322e+06	0
2.95332e+06	0
2.95342e+06	0
2.95352e+06	0
2.95362e+06	0
2.95372e+06	0
2.95382e+06	0
2.95392e+06	0
2.95402e+06	0
2.95412e+06	0
2.95422e+06	0
2.95432e+06	0
2.95442e+06	0
2.95452e+06	0
2.95462e+06	0
2.95472e+06	0
2.95482e+06	0
2.95492e+06	0
2.95502e+06	0
2.95512e+06	0
2.95522e+06	0
2.95532e+06	0
2.95542e+06	0
2.95552e+06	0
2.95562e+06	0
2.95572e+06	0
2.95582e+06	0
2.95592e+06	0
2.95602e+06	0
2.95612e+06	0
2.95622e+06	0
2.95632e+06	0
2.95642e+06	0
2.95652e+06	0
2.95662e+06	0
2.95672e+06	0
2.95682e+06	0
2.95692e+06	0
2.95702e+06	0
2.95712e+06	0
2.95722e+06	0
2.95732e+06	0
2.95742e+06	0
2.95752e+06	0
2.95762e+06	0
2.95772e+06	0
2.95782e+06	0
2.95792e+06	0
2.95802e+06	0
2.95812e+06	0
2.95822e+06	0
2.95832e+06	0
2.95842e+06	0
2.95852e+06	0
2.95862e+06	0
2.95872e+06	0
2.95882e+06	0
2.95892e+06	0
2.95902e+06	0
2.95912e+06	0
2.95922e+06	0
2.95932e+06	0
2.95942e+06	0
2.95952e+06	0
2.95962e+06	0
2.95972e+06	0
2.95982e+06	0
2.95992e+06	0
2.96002e+06	0
2.96012e+06	0
2.96022e+06	0
2.96032e+06	0
2.96042e+06	0
2.96052e+06	0
2.96062e+06	0
2.96072e+06	0
2.96082e+06	0
2.96092e+06	0
2.96102e+06	0
2.96112e+06	0
2.96122e+06	0
2.96132e+06	0
2.96142e+06	0
2.96152e+06	0
2.96162e+06	0
2.96172e+06	0
2.96182e+06	0
2.96192e+06	0
2.96202e+06	0
2.96212e+06	0
2.96222e+06	0
2.96232e+06	0
2.96242e+06	0
2.96252e+06	0
2.96262e+06	0
2.96272e+06	0
2.96282e+06	0
2.96292e+06	0
2.96302e+06	0
2.96312e+06	0
2.96322e+06	0
2.96332e+06	0
2.96342e+06	0
2.96352e+06	0
2.96362e+06	0
2.96372e+06	0
2.96382e+06	0
2.96392e+06	0
2.96402e+06	0
2.96412e+06	0
2.96422e+06	0
2.96432e+06	0
2.96442e+06	0
2.96452e+06	0
2.96462e+06	0
2.96472e+06	0
2.96482e+06	0
2.96492e+06	0
2.96502e+06	0
2.96512e+06	0
2.96522e+06	0
2.96532e+06	0
2.96542e+06	0
2.96552e+06	0
2.96562e+06	0
2.96572e+06	0
2.96582e+06	0
2.96592e+06	0
2.96602e+06	0
2.96612e+06	0
2.96622e+06	0
2.96632e+06	0
2.96642e+06	0
2.96652e+06	0
2.96662e+06	0
2.96672e+06	0
2.96682e+06	0
2.96692e+06	0
2.96702e+06	0
2.96712e+06	0
2.96722e+06	0
2.96732e+06	0
2.96742e+06	0
2.96752e+06	0
2.96762e+06	0
2.96772e+06	0
2.96782e+06	0
2.96792e+06	0
2.96802e+06	0
2.96812e+06	0
2.96822e+06	0
2.96832e+06	0
2.96842e+06	0
2.96852e+06	0
2.96862e+06	0
2.96872e+06	0
2.96882e+06	0
2.96892e+06	0
2.96902e+06	0
2.96912e+06	0
2.96922e+06	0
2.96932e+06	0
2.96942e+06	0
2.96952e+06	0
2.96962e+06	0
2.96972e+06	0
2.96982e+06	0
2.96992e+06	0
2.97002e+06	0
2.97012e+06	0
2.97022e+06	0
2.97032e+06	0
2.97042e+06	0
2.97052e+06	0
2.97062e+06	0
2.97072e+06	0
2.97082e+06	0
2.97092e+06	0
2.97102e+06	0
2.97112e+06	0
2.97122e+06	0
2.97132e+06	0
2.97142e+06	0
2.97152e+06	0
2.97162e+06	0
2.97172e+06	0
2.97182e+06	0
2.97192e+06	0
2.97202e+06	0
2.97212e+06	0
2.97222e+06	0
2.97232e+06	0
2.97242e+06	0
2.97252e+06	0
2.97262e+06	0
2.97272e+06	0
2.97282e+06	0
2.97292e+06	0
2.97302e+06	0
2.97312e+06	0
2.97322e+06	0
2.97332e+06	0
2.97342e+06	0
2.97352e+06	0
2.97362e+06	0
2.97372e+06	0
2.97382e+06	0
2.97392e+06	0
2.97402e+06	0
2.97412e+06	0
2.97422e+06	0
2.97432e+06	0
2.97442e+06	0
2.97452e+06	0
2.97462e+06	0
2.97472e+06	0
2.97482e+06	0
2.97492e+06	0
2.97502e+06	0
2.97512e+06	0
2.97522e+06	0
2.97532e+06	0
2.97542e+06	0
2.97552e+06	0
2.97562e+06	0
2.97572e+06	0
2.97582e+06	0
2.97592e+06	0
2.97602e+06	0
2.97612e+06	0
2.97622e+06	0
2.97632e+06	0
2.97642e+06	0
2.97652e+06	0
2.97662e+06	0
2.97672e+06	0
2.97682e+06	0
2.97692e+06	0
2.97702e+06	0
2.97712e+06	0
2.97722e+06	0
2.97732e+06	0
2.97742e+06	0
2.97752e+06	0
2.97762e+06	0
2.97772e+06	0
2.97782e+06	0
2.97792e+06	0
2.97802e+06	0
2.97812e+06	0
2.97822e+06	0
2.97832e+06	0
2.97842e+06	0
2.97852e+06	0
2.97862e+06	0
2.97872e+06	0
2.97882e+06	0
2.97892e+06	0
2.97902e+06	0
2.97912e+06	0
2.97922e+06	0
2.97932e+06	0
2.97942e+06	0
2.97952e+06	0
2.97962e+06	0
2.97972e+06	0
2.97982e+06	0
2.97992e+06	0
2.98002e+06	0
2.98012e+06	0
2.98022e+06	0
2.98032e+06	0
2.98042e+06	0
2.98052e+06	0
2.98062e+06	0
2.98072e+06	0
2.98082e+06	0
2.98092e+06	0
2.98102e+06	0
2.98112e+06	0
2.98122e+06	0
2.98132e+06	0
2.98142e+06	0
2.98152e+06	0
2.98162e+06	0
2.98172e+06	0
2.98182e+06	0
2.98192e+06	0
2.98202e+06	0
2.98212e+06	0
2.98222e+06	0
2.98232e+06	0
2.98242e+06	0
2.98252e+06	0
2.98262e+06	0
2.98272e+06	0
2.98282e+06	0
2.98292e+06	0
2.98302e+06	0
2.98312e+06	0
2.98322e+06	0
2.98332e+06	0
2.98342e+06	0
2.98352e+06	0
2.98362e+06	0
2.98372e+06	0
2.98382e+06	0
2.98392e+06	0
2.98402e+06	0
2.98412e+06	0
2.98422e+06	0
2.98432e+06	0
2.98442e+06	0
2.98452e+06	0
2.98462e+06	0
2.98472e+06	0
2.98482e+06	0
2.98492e+06	0
2.98502e+06	0
2.98512e+06	0
2.98522e+06	0
2.98532e+06	0
2.98542e+06	0
2.98552e+06	0
2.98562e+06	0
2.98572e+06	0
2.98582e+06	0
2.98592e+06	0
2.98602e+06	0
2.98612e+06	0
2.98622e+06	0
2.98632e+06	0
2.98642e+06	0
2.98652e+06	0
2.98662e+06	0
2.98672e+06	0
2.98682e+06	0
2.98692e+06	0
2.98702e+06	0
2.98712e+06	0
2.98722e+06	0
2.98732e+06	0
2.98742e+06	0
2.98752e+06	0
2.98762e+06	0
2.98772e+06	0
2.98782e+06	0
2.98792e+06	0
2.98802e+06	0
2.98812e+06	0
2.98822e+06	0
2.98832e+06	0
2.98842e+06	0
2.98852e+06	0
2.98862e+06	0
2.98872e+06	0
2.98882e+06	0
2.98892e+06	0
2.98902e+06	0
2.98912e+06	0
2.98922e+06	0
2.98932e+06	0
2.98942e+06	0
2.98952e+06	0
2.98962e+06	0
2.98972e+06	0
2.98982e+06	0
2.98992e+06	0
2.99002e+06	0
2.99012e+06	0
2.99022e+06	0
2.99032e+06	0
2.99042e+06	0
2.99052e+06	0
2.99062e+06	0
2.99072e+06	0
2.99082e+06	0
2.99092e+06	0
2.99102e+06	0
2.99112e+06	0
2.99122e+06	0
2.99132e+06	0
2.99142e+06	0
2.99152e+06	0
2.99162e+06	0
2.99172e+06	0
2.99182e+06	0
2.99192e+06	0
2.99202e+06	0
2.99212e+06	0
2.99222e+06	0
2.99232e+06	0
2.99242e+06	0
2.99252e+06	0
2.99262e+06	0
2.99272e+06	0
2.99282e+06	0
2.99292e+06	0
2.99302e+06	0
2.99312e+06	0
2.99322e+06	0
2.99332e+06	0
2.99342e+06	0
2.99352e+06	0
2.99362e+06	0
2.99372e+06	0
2.99382e+06	0
2.99392e+06	0
2.99402e+06	0
2.99412e+06	0
2.99422e+06	0
2.99432e+06	0
2.99442e+06	0
2.99452e+06	0
2.99462e+06	0
2.99472e+06	0
2.99482e+06	0
2.99492e+06	0
2.99502e+06	0
2.99512e+06	0
2.99522e+06	0
2.99532e+06	0
2.99542e+06	0
2.99552e+06	0
2.99562e+06	0
2.99572e+06	0
2.99582e+06	0
2.99592e+06	0
2.99602e+06	0
2.99612e+06	0
2.99622e+06	0
2.99632e+06	0
2.99642e+06	0
2.99652e+06	0
2.99662e+06	0
2.99672e+06	0
2.99682e+06	0
2.99692e+06	0
2.99702e+06	0
2.99712e+06	0
2.99722e+06	0
2.99732e+06	0
2.99742e+06	0
2.99752e+06	0
2.99762e+06	0
2.99772e+06	0
2.99782e+06	0
2.99792e+06	0
2.99802e+06	0
2.99812e+06	0
2.99822e+06	0
2.99832e+06	0
2.99842e+06	0
2.99852e+06	0
2.99862e+06	0
2.99872e+06	0
2.99882e+06	0
2.99892e+06	0
2.99902e+06	0
2.99912e+06	0
2.99922e+06	0
2.99932e+06	0
2.99942e+06	0
2.99952e+06	0
2.99962e+06	0
2.99972e+06	0
2.99982e+06	0
2.99992e+06	0
3.00002e+06	0
3.00012e+06	0
3.00022e+06	0
3.00032e+06	0
3.00042e+06	0
3.00052e+06	0
3.00062e+06	0
3.00072e+06	0
3.00082e+06	0
3.00092e+06	0
3.00102e+06	0
3.00112e+06	0
3.00122e+06	0
3.00132e+06	0
3.00142e+06	0
3.00152e+06	0
3.00162e+06	0
3.00172e+06	0
3.00182e+06	0
3.00192e+06	0
3.00202e+06	0
3.00212e+06	0
3.00222e+06	0
3.00232e+06	0
3.00242e+06	0
3.00252e+06	0
3.00262e+06	0
3.00272e+06	0
3.00282e+06	0
3.00292e+06	0
3.00302e+06	0
3.00312e+06	0
3.00322e+06	0
3.00332e+06	0
3.00342e+06	0
3.00352e+06	0
3.00362e+06	0
3.00372e+06	0
3.00382e+06	0
3.00392e+06	0
3.00402e+06	0
3.00412e+06	0
3.00422e+06	0
3.00432e+06	0
3.00442e+06	0
3.00452e+06	0
3.00462e+06	0
3.00472e+06	0
3.00482e+06	0
3.00492e+06	0
3.00502e+06	0
3.00512e+06	0
3.00522e+06	0
3.00532e+06	0
3.00542e+06	0
3.00552e+06	0
3.00562e+06	0
3.00572e+06	0
3.00582e+06	0
3.00592e+06	0
3.00602e+06	0
3.00612e+06	0
3.00622e+06	0
3.00632e+06	0
3.00642e+06	0
3.00652e+06	0
3.00662e+06	0
3.00672e+06	0
3.00682e+06	0
3.00692e+06	0
3.00702e+06	0
3.00712e+06	0
3.00722e+06	0
3.00732e+06	0
3.00742e+06	0
3.00752e+06	0
3.00762e+06	0
3.00772e+06	0
3.00782e+06	0
3.00792e+06	0
3.00802e+06	0
3.00812e+06	0
3.00822e+06	0
3.00832e+06	0
3.00842e+06	0
3.00852e+06	0
3.00862e+06	0
3.00872e+06	0
3.00882e+06	0
3.00892e+06	0
3.00902e+06	0
3.00912e+06	0
3.00922e+06	0
3.00932e+06	0
3.00942e+06	0
3.00952e+06	0
3.00962e+06	0
3.00972e+06	0
3.00982e+06	0
3.00992e+06	0
3.01002e+06	0
3.01012e+06	0
3.01022e+06	0
3.01032e+06	0
3.01042e+06	0
3.01052e+06	0
3.01062e+06	0
3.01072e+06	0
3.01082e+06	0
3.01092e+06	0
3.01102e+06	0
3.01112e+06	0
3.01122e+06	0
3.01132e+06	0
3.01142e+06	0
3.01152e+06	0
3.01162e+06	0
3.01172e+06	0
3.01182e+06	0
3.01192e+06	1.97626e-323
3.01202e+06	8.89318e-322
3.01212e+06	4.12446e-320
3.01222e+06	1.89315e-318
3.01232e+06	8.60294e-317
3.01242e+06	3.8705e-315
3.01252e+06	1.72402e-313
3.01262e+06	7.60287e-312
3.01272e+06	3.31947e-310
3.01282e+06	1.43488e-308
3.01292e+06	6.14075e-307
3.01302e+06	2.60186e-305
3.01312e+06	1.09145e-303
3.01322e+06	4.53294e-302
3.01332e+06	1.86386e-300
3.01342e+06	7.58758e-299
3.01352e+06	3.05809e-297
3.01362e+06	1.22027e-295
3.01372e+06	4.82078e-294
3.01382e+06	1.88554e-292
3.01392e+06	7.30149e-291
3.01402e+06	2.79926e-289
3.01412e+06	1.06251e-287
3.01422e+06	3.99283e-286
3.01432e+06	1.48554e-284
3.01442e+06	5.47199e-283
3.01452e+06	1.99555e-281
3.01462e+06	7.20508e-280
3.01472e+06	2.57555e-278
3.01482e+06	9.11507e-277
3.01492e+06	3.19379e-275
3.01502e+06	1.10792e-273
3.01512e+06	3.80513e-272
3.01522e+06	1.29386e-270
3.01532e+06	4.35574e-269
3.01542e+06	1.45175e-267
3.01552e+06	4.79051e-266
3.01562e+06	1.56505e-264
3.01572e+06	5.06209e-263
3.01582e+06	1.62103e-261
3.01592e+06	5.13933e-260
3.01602e+06	1.61317e-258
3.01612e+06	5.01316e-257
3.01622e+06	1.54241e-255
3.01632e+06	4.69834e-254
3.01642e+06	1.41692e-252
3.01652e+06	4.23064e-251
3.01662e+06	1.25061e-249
3.01672e+06	3.66012e-248
3.01682e+06	1.06054e-246
3.01692e+06	3.04238e-245
3.01702e+06	8.64086e-244
3.01712e+06	2.42973e-242
3.01722e+06	6.76421e-241
3.01732e+06	1.86437e-239
3.01742e+06	5.08751e-238
3.01752e+06	1.37447e-236
3.01762e+06	3.67639e-235
3.01772e+06	9.73566e-234
3.01782e+06	2.5525e-232
3.01792e+06	6.62559e-231
3.01802e+06	1.7027e-229
3.01812e+06	4.33223e-228
3.01822e+06	1.09129e-226
3.01832e+06	2.72161e-225
3.01842e+06	6.72001e-224
3.01852e+06	1.64274e-222
3.01862e+06	3.97582e-221
3.01872e+06	9.52668e-220
3.01882e+06	2.26002e-218
3.01892e+06	5.30813e-217
3.01902e+06	1.23432e-215
3.01912e+06	2.84164e-214
3.01922e+06	6.47693e-213
3.01932e+06	1.46159e-211
3.01942e+06	3.26542e-210
3.01952e+06	7.22288e-209
3.01962e+06	1.58175e-207
3.01972e+06	3.42944e-206
3.01982e+06	7.36148e-205
3.01992e+06	1.56446e-203
3.02002e+06	3.2917e-202
3.02012e+06	6.85698e-201
3.02022e+06	1.41418e-199
3.02032e+06	2.88756e-198
3.02042e+06	5.83734e-197
3.02052e+06	1.1683e-195
3.02062e+06	2.31502e-194
3.02072e+06	4.54161e-193
3.02082e+06	8.8211e-192
3.02092e+06	1.69626e-190
3.02102e+06	3.22938e-189
3.02112e+06	6.08699e-188
3.02122e+06	1.13591e-186
3.02132e+06	2.09865e-185
3.02142e+06	3.8388e-184
3.02152e+06	6.95197e-183
3.02162e+06	1.24645e-181
3.02172e+06	2.2126e-180
3.02182e+06	3.88853e-179
3.02192e+06	6.7659e-178
3.02202e+06	1.16553e-176
3.02212e+06	1.98782e-175
3.02222e+06	3.35651e-174
3.02232e+06	5.61121e-173
3.02242e+06	9.28714e-172
3.02252e+06	1.52182e-170
3.02262e+06	2.4689e-169
3.02272e+06	3.96552e-168
3.02282e+06	6.306e-167
3.02292e+06	9.92807e-166
3.02302e+06	1.54751e-164
3.02312e+06	2.38813e-163
3.02322e+06	3.64871e-162
3.02332e+06	5.51922e-161
3.02342e+06	8.26559e-160
3.02352e+06	1.22554e-158
3.02362e+06	1.79902e-157
3.02372e+06	2.61459e-156
3.02382e+06	3.76208e-155
3.02392e+06	5.35932e-154
3.02402e+06	7.55871e-153
3.02412e+06	1.05546e-151
3.02422e+06	1.45914e-150
3.02432e+06	1.99712e-149
3.02442e+06	2.70627e-148
3.02452e+06	3.63074e-147
3.02462e+06	4.82254e-146
3.02472e+06	6.34181e-145
3.02482e+06	8.25673e-144
3.02492e+06	1.06429e-142
3.02502e+06	1.35822e-141
3.02512e+06	1.71607e-140
3.02522e+06	2.14663e-139
3.02532e+06	2.6585e-138
3.02542e+06	3.25968e-137
3.02552e+06	3.95702e-136
3.02562e+06	4.75576e-135
3.02572e+06	5.65885e-134
3.02582e+06	6.66643e-133
3.02592e+06	7.77527e-132
3.02602e+06	8.97831e-131
3.02612e+06	1.02643e-129
3.02622e+06	1.16178e-128
3.02632e+06	1.30189e-127
3.02642e+06	1.44438e-126
3.02652e+06	1.58653e-125
3.02662e+06	1.72532e-124
3.02672e+06	1.85758e-123
3.02682e+06	1.98008e-122
3.02692e+06	2.08966e-121
3.02702e+06	2.18337e-120
3.02712e+06	2.25857e-119
3.02722e+06	2.31312e-118
3.02732e+06	2.34541e-117
3.02742e+06	2.35449e-116
3.02752e+06	2.34009e-115
3.02762e+06	2.30263e-114
3.02772e+06	2.24323e-113
3.02782e+06	2.16361e-112
3.02792e+06	2.06606e-111
3.02802e+06	1.95328e-110
3.02812e+06	1.82827e-109
3.02822e+06	1.69424e-108
3.02832e+06	1.55442e-107
3.02842e+06	1.41194e-106
3.02852e+06	1.26976e-105
3.02862e+06	1.13054e-104
3.02872e+06	9.96563e-104
3.02882e+06	8.69724e-103
3.02892e+06	7.51477e-102
3.02902e+06	6.42846e-101
3.02912e+06	5.44446e-100
3.02922e+06	4.5652e-99
3.02932e+06	3.78985e-98
3.02942e+06	3.11488e-97
3.02952e+06	2.53465e-96
3.02962e+06	2.04198e-95
3.02972e+06	1.6287e-94
3.02982e+06	1.28614e-93
3.02992e+06	1.00553e-92
3.03002e+06	7.78314e-92
3.03012e+06	5.96449e-91
3.03022e+06	4.52532e-90
3.03032e+06	3.39924e-89
3.03042e+06	2.52797e-88
3.03052e+06	1.86131e-87
3.03062e+06	1.35682e-86
3.03072e+06	9.79227e-86
3.03082e+06	6.99683e-85
3.03092e+06	4.94967e-84
3.03102e+06	3.46664e-83
3.03112e+06	2.4038e-82
3.03122e+06	1.65023e-81
3.03132e+06	1.12162e-80
3.03142e+06	7.54758e-80
3.03152e+06	5.02835e-79
3.03162e+06	3.31665e-78
3.03172e+06	2.16586e-77
3.03182e+06	1.4003e-76
3.03192e+06	8.96325e-76
3.03202e+06	5.68026e-75
3.03212e+06	3.56392e-74
3.03222e+06	2.21383e-73
3.03232e+06	1.3615e-72
3.03242e+06	8.2899e-72
3.03252e+06	4.99732e-71
3.03262e+06	2.98251e-70
3.03272e+06	1.76232e-69
3.03282e+06	1.03096e-68
3.03292e+06	5.97117e-68
3.03302e+06	3.42399e-67
3.03312e+06	1.94385e-66
3.03322e+06	1.09257e-65
3.03332e+06	6.07988e-65
3.03342e+06	3.34963e-64
3.03352e+06	1.82707e-63
3.03362e+06	9.86667e-63
3.03372e+06	5.27525e-62
3.03382e+06	2.79237e-61
3.03392e+06	1.46339e-60
3.03402e+06	7.59283e-60
3.03412e+06	3.90036e-59
3.03422e+06	1.98364e-58
3.03432e+06	9.98797e-58
3.03442e+06	4.97908e-57
3.03452e+06	2.45741e-56
3.03462e+06	1.20078e-55
3.03472e+06	5.80908e-55
3.03482e+06	2.78232e-54
3.03492e+06	1.31937e-53
3.03502e+06	6.19412e-53
3.03512e+06	2.87906e-52
3.03522e+06	1.32489e-51
3.03532e+06	6.03621e-51
3.03542e+06	2.72275e-50
3.03552e+06	1.21593e-49
3.03562e+06	5.37605e-49
3.03572e+06	2.3533e-48
3.03582e+06	1.01988e-47
3.03592e+06	4.37599e-47
3.03602e+06	1.85892e-46
3.03612e+06	7.81813e-46
3.03622e+06	3.25538e-45
3.03632e+06	1.34202e-44
3.03642e+06	5.47736e-44
3.03652e+06	2.2133e-43
3.03662e+06	8.85459e-43
3.03672e+06	3.50714e-42
3.03682e+06	1.37529e-41
3.03692e+06	5.3394e-41
3.03702e+06	2.05233e-40
3.03712e+06	7.81017e-40
3.03722e+06	2.94259e-39
3.03732e+06	1.09763e-38
3.03742e+06	4.05359e-38
3.03752e+06	1.48211e-37
3.03762e+06	5.36511e-37
3.03772e+06	1.9228e-36
3.03782e+06	6.82253e-36
3.03792e+06	2.3967e-35
3.03802e+06	8.33566e-35
3.03812e+06	2.87027e-34
3.03822e+06	9.78506e-34
3.03832e+06	3.30263e-33
3.03842e+06	1.10361e-32
3.03852e+06	3.65112e-32
3.03862e+06	1.1959e-31
3.03872e+06	3.87811e-31
3.03882e+06	1.24509e-30
3.03892e+06	3.95769e-30
3.03902e+06	1.24548e-29
3.03912e+06	3.88054e-29
3.03922e+06	1.19702e-28
3.03932e+06	3.6557e-28
3.03942e+06	1.10534e-27
3.03952e+06	3.30885e-27
3.03962e+06	9.80654e-27
3.03972e+06	2.87747e-26
3.03982e+06	8.3592e-26
3.03992e+06	2.40422e-25
3.04002e+06	6.84608e-25
3.04012e+06	1.93004e-24
3.04022e+06	5.387e-24
3.04032e+06	1.48862e-23
3.04042e+06	4.07268e-23
3.04052e+06	1.10315e-22
3.04062e+06	2.9583e-22
3.04072e+06	7.85433e-22
3.04082e+06	2.06458e-21
3.04092e+06	5.37295e-21
3.04102e+06	1.38437e-20
3.04112e+06	3.53139e-20
3.04122e+06	8.91861e-20
3.04132e+06	2.23001e-19
3.04142e+06	5.52042e-19
3.04152e+06	1.35299e-18
3.04162e+06	3.28303e-18
3.04172e+06	7.887e-18
3.04182e+06	1.87588e-17
3.04192e+06	4.4173e-17
3.04202e+06	1.02983e-16
3.04212e+06	2.37701e-16
3.04222e+06	5.43191e-16
3.04232e+06	1.22894e-15
3.04242e+06	2.75276e-15
3.04252e+06	6.10467e-15
3.04262e+06	1.34033e-14
3.04272e+06	2.91353e-14
3.04282e+06	6.27025e-14
3.04292e+06	1.336e-13
3.04302e+06	2.81829e-13
3.04312e+06	5.88601e-13
3.04322e+06	1.21707e-12
3.04332e+06	2.49152e-12
3.04342e+06	5.04976e-12
3.04352e+06	1.01329e-11
3.04362e+06	2.01306e-11
3.04372e+06	3.95944e-11
3.04382e+06	7.71027e-11
3.04392e+06	1.48649e-10
3.04402e+06	2.83734e-10
3.04412e+06	5.36188e-10
3.04422e+06	1.00318e-09
3.04432e+06	1.85824e-09
3.04442e+06	3.40784e-09
3.04452e+06	6.18747e-09
3.04462e+06	1.11226e-08
3.04472e+06	1.97949e-08
3.04482e+06	3.48786e-08
3.04492e+06	6.08446e-08
3.04502e+06	1.05085e-07
3.04512e+06	1.79688e-07
3.04522e+06	3.04196e-07
3.04532e+06	5.09852e-07
3.04542e+06	8.46042e-07
3.04552e+06	1.38994e-06
3.04562e+06	2.26079e-06
3.04572e+06	3.64065e-06
3.04582e+06	5.80437e-06
3.04592e+06	9.16196e-06
3.04602e+06	1.43179e-05
3.04612e+06	2.21527e-05
3.04622e+06	3.39336e-05
3.04632e+06	5.14626e-05
3.04642e+06	7.727e-05
3.04652e+06	0.000114865
3.04662e+06	0.000169052
3.04672e+06	0.000246325
3.04682e+06	0.00035535
3.04692e+06	0.000507528
3.04702e+06	0.000717663
3.04712e+06	0.00100471
3.04722e+06	0.00139256
3.04732e+06	0.00191094
3.04742e+06	0.00259618
3.04752e+06	0.00349206
3.04762e+06	0.00465034
3.04772e+06	0.00613119
3.04782e+06	0.00800318
3.04792e+06	0.0103428
3.04802e+06	0.0132333
3.04812e+06	0.0167632
3.04822e+06	0.0210234
3.04832e+06	0.0261039
3.04842e+06	0.0320896
3.04852e+06	0.0390555
3.04862e+06	0.0470604
3.04872e+06	0.0561418
3.04882e+06	0.0663093
3.04892e+06	0.0775389
3.04902e+06	0.089768
3.04912e+06	0.102892
3.04922e+06	0.116761
3.04932e+06	0.131181
3.04942e+06	0.145915
3.04952e+06	0.16069
3.04962e+06	0.175199
3.04972e+06	0.189118
3.04982e+06	0.202112
3.04992e+06	0.213849
3.05002e+06	0.224017
3.05012e+06	0.232332
3.05022e+06	0.238559
3.05032e+06	0.242516
3.05042e+06	0.244085
3.05052e+06	0.24322
3.05062e+06	0.239946
3.05072e+06	0.234361
3.05082e+06	0.226629
3.05092e+06	0.216971
3.05102e+06	0.205657
3.05112e+06	0.192994
3.05122e+06	0.179309
3.05132e+06	0.164936
3.05142e+06	0.150206
3.05152e+06	0.13543
3.05162e+06	0.120893
3.05172e+06	0.106843
3.05182e+06	0.0934854
3.05192e+06	0.0809842
3.05202e+06	0.0694567
3.05212e+06	0.0589773
3.05222e+06	0.0495807
3.05232e+06	0.0412665
3.05242e+06	0.0340047
3.05252e+06	0.0277421
3.05262e+06	0.0224076
3.05272e+06	0.0179188
3.05282e+06	0.0141866
3.05292e+06	0.01112
3.05302e+06	0.00862957
3.05312e+06	0.00663026
3.05322e+06	0.00504347
3.05332e+06	0.00379826
3.05342e+06	0.00283202
3.05352e+06	0.00209058
3.05362e+06	0.00152789
3.05372e+06	0.00110555
3.05382e+06	0.000791986
3.05392e+06	0.000561714
3.05402e+06	0.00039443
3.05412e+06	0.000274209
3.05422e+06	0.000188734
3.05432e+06	0.000128611
3.05442e+06	8.67681e-05
3.05452e+06	5.79562e-05
3.05462e+06	3.83263e-05
3.05472e+06	2.50929e-05
3.05482e+06	1.62653e-05
3.05492e+06	1.04383e-05
3.05502e+06	6.63218e-06
3.05512e+06	4.17195e-06
3.05522e+06	2.59823e-06
3.05532e+06	1.60205e-06
3.05542e+06	9.77977e-07
