1.90798e+06	1.26057e-07
1.90808e+06	2.07442e-07
1.90818e+06	3.38052e-07
1.90828e+06	5.45553e-07
1.90838e+06	8.7189e-07
1.90848e+06	1.37996e-06
1.90858e+06	2.16303e-06
1.90868e+06	3.35781e-06
1.90878e+06	5.16246e-06
1.90888e+06	7.86096e-06
1.90898e+06	1.18556e-05
1.90908e+06	1.77096e-05
1.90918e+06	2.62028e-05
1.90928e+06	3.84016e-05
1.90938e+06	5.57479e-05
1.90948e+06	8.01673e-05
1.90958e+06	0.000114201
1.90968e+06	0.000161161
1.90978e+06	0.000225313
1.90988e+06	0.000312077
1.90998e+06	0.000428254
1.91008e+06	0.000582269
1.91018e+06	0.000784412
1.91028e+06	0.00104708
1.91038e+06	0.00138501
1.91048e+06	0.0018154
1.91058e+06	0.0023581
1.91068e+06	0.00303556
1.91078e+06	0.00387275
1.91088e+06	0.00489689
1.91098e+06	0.00613704
1.91108e+06	0.00762346
1.91118e+06	0.00938676
1.91128e+06	0.0114568
1.91138e+06	0.0138615
1.91148e+06	0.0166254
1.91158e+06	0.0197677
1.91168e+06	0.023301
1.91178e+06	0.0272295
1.91188e+06	0.0315469
1.91198e+06	0.0362353
1.91208e+06	0.041264
1.91218e+06	0.0465884
1.91228e+06	0.0521497
1.91238e+06	0.0578754
1.91248e+06	0.0636799
1.91258e+06	0.0694662
1.91268e+06	0.0751278
1.91278e+06	0.0805523
1.91288e+06	0.0856243
1.91298e+06	0.0902292
1.91308e+06	0.094258
1.91318e+06	0.0976105
1.91328e+06	0.1002
1.91338e+06	0.101958
1.91348e+06	0.102835
1.91358e+06	0.102803
1.91368e+06	0.10186
1.91378e+06	0.100027
1.91388e+06	0.0973485
1.91398e+06	0.0938902
1.91408e+06	0.0897374
1.91418e+06	0.0849908
1.91428e+06	0.0797623
1.91438e+06	0.0741708
1.91448e+06	0.0683379
1.91458e+06	0.062383
1.91468e+06	0.0564197
1.91478e+06	0.0505521
1.91488e+06	0.044872
1.91498e+06	0.0394572
1.91508e+06	0.0343697
1.91518e+06	0.0296559
1.91528e+06	0.0253465
1.91538e+06	0.0214577
1.91548e+06	0.0179927
1.91558e+06	0.0149433
1.91568e+06	0.0122919
1.91578e+06	0.010014
1.91588e+06	0.00807978
1.91598e+06	0.00645635
1.91608e+06	0.00510928
1.91618e+06	0.00400416
1.91628e+06	0.00310765
1.91638e+06	0.00238845
1.91648e+06	0.00181783
1.91658e+06	0.00137007
1.91668e+06	0.00102252
1.91678e+06	0.000755683
1.91688e+06	0.000553017
1.91698e+06	0.000400742
1.91708e+06	0.000287549
1.91718e+06	0.000204304
1.91728e+06	0.000143732
1.91738e+06	0.000100125
1.91748e+06	6.90611e-05
1.91758e+06	4.7166e-05
1.91768e+06	3.1895e-05
1.91778e+06	2.13557e-05
1.91788e+06	1.41578e-05
1.91798e+06	9.29333e-06
1.91808e+06	6.03997e-06
1.91818e+06	3.88673e-06
1.91828e+06	2.47638e-06
1.91838e+06	1.56219e-06
1.91848e+06	9.7573e-07
1.91858e+06	6.034e-07
1.91868e+06	3.69452e-07
1.91878e+06	2.23968e-07
1.91888e+06	1.34428e-07
1.91898e+06	7.98849e-08
1.91908e+06	4.70017e-08
1.91918e+06	2.73799e-08
1.91928e+06	1.57914e-08
1.91938e+06	9.01738e-09
1.91948e+06	5.09808e-09
1.91958e+06	2.85365e-09
1.91968e+06	1.58147e-09
1.91978e+06	8.67738e-10
1.91988e+06	4.7139e-10
1.91998e+06	2.53535e-10
1.92008e+06	1.35008e-10
1.92018e+06	7.11776e-11
1.92028e+06	3.71528e-11
1.92038e+06	1.92001e-11
1.92048e+06	9.82371e-12
1.92058e+06	4.97635e-12
1.92068e+06	2.49579e-12
1.92078e+06	1.23927e-12
1.92088e+06	6.09235e-13
1.92098e+06	2.96527e-13
1.92108e+06	1.42891e-13
1.92118e+06	6.81719e-14
1.92128e+06	3.22007e-14
1.92138e+06	1.50586e-14
1.92148e+06	6.97213e-15
1.92158e+06	3.19598e-15
1.92168e+06	1.45045e-15
1.92178e+06	6.51719e-16
1.92188e+06	2.89919e-16
1.92198e+06	1.27688e-16
1.92208e+06	5.56782e-17
1.92218e+06	2.40369e-17
1.92228e+06	1.02737e-17
1.92238e+06	4.34748e-18
1.92248e+06	1.8214e-18
1.92258e+06	7.55493e-19
1.92268e+06	3.10251e-19
1.92278e+06	1.26141e-19
1.92288e+06	5.07756e-20
1.92298e+06	2.02354e-20
1.92308e+06	7.98413e-21
1.92318e+06	3.11889e-21
1.92328e+06	1.20623e-21
1.92338e+06	4.61869e-22
1.92348e+06	1.75091e-22
1.92358e+06	6.57156e-23
1.92368e+06	2.44191e-23
1.92378e+06	8.98355e-24
1.92388e+06	3.27208e-24
1.92398e+06	1.17993e-24
1.92408e+06	4.21258e-25
1.92418e+06	1.48901e-25
1.92428e+06	5.21077e-26
1.92438e+06	1.80536e-26
1.92448e+06	6.19277e-27
1.92458e+06	2.10311e-27
1.92468e+06	7.07127e-28
1.92478e+06	2.35391e-28
1.92488e+06	7.75781e-29
1.92498e+06	2.53131e-29
1.92508e+06	8.17729e-30
1.92518e+06	2.61535e-30
1.92528e+06	8.28149e-31
1.92538e+06	2.59624e-31
1.92548e+06	8.05818e-32
1.92558e+06	2.4762e-32
1.92568e+06	7.53344e-33
1.92578e+06	2.26912e-33
1.92588e+06	6.76673e-34
1.92598e+06	1.99782e-34
1.92608e+06	5.83973e-35
1.92618e+06	1.68999e-35
1.92628e+06	4.84211e-36
1.92638e+06	1.37354e-36
1.92648e+06	3.8575e-37
1.92658e+06	1.07257e-37
1.92668e+06	2.9526e-38
1.92678e+06	8.04712e-39
1.92688e+06	2.17137e-39
1.92698e+06	5.80073e-40
1.92708e+06	1.53422e-40
1.92718e+06	4.01747e-41
1.92728e+06	1.04153e-41
1.92738e+06	2.67332e-42
1.92748e+06	6.79339e-43
1.92758e+06	1.70914e-43
1.92768e+06	4.25723e-44
1.92778e+06	1.04987e-44
1.92788e+06	2.56328e-45
1.92798e+06	6.19608e-46
1.92808e+06	1.48284e-46
1.92818e+06	3.51341e-47
1.92828e+06	8.24177e-48
1.92838e+06	1.91412e-48
1.92848e+06	4.40124e-49
1.92858e+06	1.00193e-49
1.92868e+06	2.25817e-50
1.92878e+06	5.03888e-51
1.92888e+06	1.11319e-51
1.92898e+06	2.43478e-52
1.92908e+06	5.27239e-53
1.92918e+06	1.13035e-53
1.92928e+06	2.39925e-54
1.92938e+06	5.0419e-55
1.92948e+06	1.04899e-55
1.92958e+06	2.16075e-56
1.92968e+06	4.4065e-57
1.92978e+06	8.89696e-58
1.92988e+06	1.77847e-58
1.92998e+06	3.51972e-59
1.93008e+06	6.89646e-60
1.93018e+06	1.33783e-60
1.93028e+06	2.56942e-61
1.93038e+06	4.88568e-62
1.93048e+06	9.19754e-63
1.93058e+06	1.71426e-63
1.93068e+06	3.16327e-64
1.93078e+06	5.77903e-65
1.93088e+06	1.04527e-65
1.93098e+06	1.87181e-66
1.93108e+06	3.31857e-67
1.93118e+06	5.82503e-68
1.93128e+06	1.01228e-68
1.93138e+06	1.74165e-69
1.93148e+06	2.96674e-70
1.93158e+06	5.00327e-71
1.93168e+06	8.35382e-72
1.93178e+06	1.38094e-72
1.93188e+06	2.26006e-73
1.93198e+06	3.66203e-74
1.93208e+06	5.87465e-75
1.93218e+06	9.33038e-76
1.93228e+06	1.46715e-76
1.93238e+06	2.28404e-77
1.93248e+06	3.5204e-78
1.93258e+06	5.37202e-79
1.93268e+06	8.11595e-80
1.93278e+06	1.21394e-80
1.93288e+06	1.79769e-81
1.93298e+06	2.63565e-82
1.93308e+06	3.82577e-83
1.93318e+06	5.49802e-84
1.93328e+06	7.82259e-85
1.93338e+06	1.10193e-85
1.93348e+06	1.53678e-86
1.93358e+06	2.12191e-87
1.93368e+06	2.90068e-88
1.93378e+06	3.92581e-89
1.93388e+06	5.26036e-90
1.93398e+06	6.97846e-91
1.93408e+06	9.16559e-92
1.93418e+06	1.19184e-92
1.93428e+06	1.53438e-93
1.93438e+06	1.95572e-94
1.93448e+06	2.46794e-95
1.93458e+06	3.08334e-96
1.93468e+06	3.81386e-97
1.93478e+06	4.67051e-98
1.93488e+06	5.66268e-99
1.93498e+06	6.7973e-100
1.93508e+06	8.07808e-101
1.93518e+06	9.50466e-102
1.93528e+06	1.10719e-102
1.93538e+06	1.27692e-103
1.93548e+06	1.45802e-104
1.93558e+06	1.64824e-105
1.93568e+06	1.84474e-106
1.93578e+06	2.04412e-107
1.93588e+06	2.24251e-108
1.93598e+06	2.43567e-109
1.93608e+06	2.61915e-110
1.93618e+06	2.78843e-111
1.93628e+06	2.93911e-112
1.93638e+06	3.06711e-113
1.93648e+06	3.16884e-114
1.93658e+06	3.24136e-115
1.93668e+06	3.28255e-116
1.93678e+06	3.29119e-117
1.93688e+06	3.26702e-118
1.93698e+06	3.21075e-119
1.93708e+06	3.12406e-120
1.93718e+06	3.00946e-121
1.93728e+06	2.87022e-122
1.93738e+06	2.71019e-123
1.93748e+06	2.53361e-124
1.93758e+06	2.34498e-125
1.93768e+06	2.14879e-126
1.93778e+06	1.94942e-127
1.93788e+06	1.75095e-128
1.93798e+06	1.55704e-129
1.93808e+06	1.37083e-130
1.93818e+06	1.19488e-131
1.93828e+06	1.03115e-132
1.93838e+06	8.80999e-134
1.93848e+06	7.45224e-135
1.93858e+06	6.24101e-136
1.93868e+06	5.17464e-137
1.93878e+06	4.24779e-138
1.93888e+06	3.45225e-139
1.93898e+06	2.77779e-140
1.93908e+06	2.21286e-141
1.93918e+06	1.74527e-142
1.93928e+06	1.3628e-143
1.93938e+06	1.05355e-144
1.93948e+06	8.06377e-146
1.93958e+06	6.11051e-147
1.93968e+06	4.5843e-148
1.93978e+06	3.40507e-149
1.93988e+06	2.50401e-150
1.93998e+06	1.82307e-151
1.94008e+06	1.3141e-152
1.94018e+06	9.37798e-154
1.94028e+06	6.62594e-155
1.94038e+06	4.63493e-156
1.94048e+06	3.20993e-157
1.94058e+06	2.20092e-158
1.94068e+06	1.49407e-159
1.94078e+06	1.00414e-160
1.94088e+06	6.68153e-162
1.94098e+06	4.40163e-163
1.94108e+06	2.87084e-164
1.94118e+06	1.85379e-165
1.94128e+06	1.18514e-166
1.94138e+06	7.50128e-168
1.94148e+06	4.70065e-169
1.94158e+06	2.91634e-170
1.94168e+06	1.79133e-171
1.94178e+06	1.08936e-172
1.94188e+06	6.55875e-174
1.94198e+06	3.90957e-175
1.94208e+06	2.30725e-176
1.94218e+06	1.34808e-177
1.94228e+06	7.79824e-179
1.94238e+06	4.46615e-180
1.94248e+06	2.53237e-181
1.94258e+06	1.4216e-182
1.94268e+06	7.90105e-184
1.94278e+06	4.3476e-185
1.94288e+06	2.36849e-186
1.94298e+06	1.27747e-187
1.94308e+06	6.8216e-189
1.94318e+06	3.60644e-190
1.94328e+06	1.88768e-191
1.94338e+06	9.7822e-193
1.94348e+06	5.01881e-194
1.94358e+06	2.5493e-195
1.94368e+06	1.28203e-196
1.94378e+06	6.38315e-198
1.94388e+06	3.1465e-199
1.94398e+06	1.5356e-200
1.94408e+06	7.41965e-202
1.94418e+06	3.54933e-203
1.94428e+06	1.681e-204
1.94438e+06	7.88216e-206
1.94448e+06	3.65915e-207
1.94458e+06	1.68179e-208
1.94468e+06	7.6528e-210
1.94478e+06	3.44767e-211
1.94488e+06	1.53776e-212
1.94498e+06	6.79061e-214
1.94508e+06	2.96883e-215
1.94518e+06	1.28505e-216
1.94528e+06	5.50695e-218
1.94538e+06	2.33647e-219
1.94548e+06	9.81442e-221
1.94558e+06	4.08157e-222
1.94568e+06	1.68053e-223
1.94578e+06	6.85051e-225
1.94588e+06	2.76475e-226
1.94598e+06	1.10471e-227
1.94608e+06	4.37013e-229
1.94618e+06	1.71159e-230
1.94628e+06	6.63683e-232
1.94638e+06	2.54788e-233
1.94648e+06	9.684e-235
1.94658e+06	3.64408e-236
1.94668e+06	1.35762e-237
1.94678e+06	5.00754e-239
1.94688e+06	1.82864e-240
1.94698e+06	6.61134e-242
1.94708e+06	2.36651e-243
1.94718e+06	8.38654e-245
1.94728e+06	2.94249e-246
1.94738e+06	1.02213e-247
1.94748e+06	3.51521e-249
1.94758e+06	1.19689e-250
1.94768e+06	4.03473e-252
1.94778e+06	1.34658e-253
1.94788e+06	4.44945e-255
1.94798e+06	1.45559e-256
1.94808e+06	4.71441e-258
1.94818e+06	1.51172e-259
1.94828e+06	4.79927e-261
1.94838e+06	1.50847e-262
1.94848e+06	4.6941e-264
1.94858e+06	1.44619e-265
1.94868e+06	4.4112e-267
1.94878e+06	1.33213e-268
1.94888e+06	3.98282e-270
1.94898e+06	1.17894e-271
1.94908e+06	3.45503e-273
1.94918e+06	1.00246e-274
1.94928e+06	2.87966e-276
1.94938e+06	8.18977e-278
1.94948e+06	2.306e-279
1.94958e+06	6.42841e-281
1.94968e+06	1.77421e-282
1.94978e+06	4.84801e-284
1.94988e+06	1.31153e-285
1.94998e+06	3.51279e-287
1.95008e+06	9.31498e-289
1.95018e+06	2.44551e-290
1.95028e+06	6.35642e-292
1.95038e+06	1.63574e-293
1.95048e+06	4.16746e-295
1.95058e+06	1.0512e-296
1.95068e+06	2.62518e-298
1.95078e+06	6.49065e-300
1.95088e+06	1.58882e-301
1.95098e+06	3.8505e-303
1.95108e+06	9.23885e-305
1.95118e+06	2.1947e-306
1.95128e+06	5.16166e-308
1.95138e+06	1.20188e-309
1.95148e+06	2.7707e-311
1.95158e+06	6.32376e-313
1.95168e+06	1.42895e-314
1.95178e+06	3.19682e-316
1.95188e+06	7.08067e-318
1.95198e+06	1.5527e-319
1.95208e+06	3.36953e-321
1.95218e+06	7.41098e-323
1.95228e+06	0
1.95238e+06	0
1.95248e+06	0
1.95258e+06	0
1.95268e+06	0
1.95278e+06	0
1.95288e+06	0
1.95298e+06	0
1.95308e+06	0
1.95318e+06	0
1.95328e+06	0
1.95338e+06	0
1.95348e+06	0
1.95358e+06	0
1.95368e+06	0
1.95378e+06	0
1.95388e+06	0
1.95398e+06	0
1.95408e+06	0
1.95418e+06	0
1.95428e+06	0
1.95438e+06	0
1.95448e+06	0
1.95458e+06	0
1.95468e+06	0
1.95478e+06	0
1.95488e+06	0
1.95498e+06	0
1.95508e+06	0
1.95518e+06	0
1.95528e+06	0
1.95538e+06	0
1.95548e+06	0
1.95558e+06	0
1.95568e+06	0
1.95578e+06	0
1.95588e+06	0
1.95598e+06	0
1.95608e+06	0
1.95618e+06	0
1.95628e+06	0
1.95638e+06	0
1.95648e+06	0
1.95658e+06	0
1.95668e+06	0
1.95678e+06	0
1.95688e+06	0
1.95698e+06	0
1.95708e+06	0
1.95718e+06	0
1.95728e+06	0
1.95738e+06	0
1.95748e+06	0
1.95758e+06	0
1.95768e+06	0
1.95778e+06	0
1.95788e+06	0
1.95798e+06	0
1.95808e+06	0
1.95818e+06	0
1.95828e+06	0
1.95838e+06	0
1.95848e+06	0
1.95858e+06	0
1.95868e+06	0
1.95878e+06	0
1.95888e+06	0
1.95898e+06	0
1.95908e+06	0
1.95918e+06	0
1.95928e+06	0
1.95938e+06	0
1.95948e+06	0
1.95958e+06	0
1.95968e+06	0
1.95978e+06	0
1.95988e+06	0
1.95998e+06	0
1.96008e+06	0
1.96018e+06	0
1.96028e+06	0
1.96038e+06	0
1.96048e+06	0
1.96058e+06	0
1.96068e+06	0
1.96078e+06	0
1.96088e+06	0
1.96098e+06	0
1.96108e+06	0
1.96118e+06	0
1.96128e+06	0
1.96138e+06	0
1.96148e+06	0
1.96158e+06	0
1.96168e+06	0
1.96178e+06	0
1.96188e+06	0
1.96198e+06	0
1.96208e+06	0
1.96218e+06	0
1.96228e+06	0
1.96238e+06	0
1.96248e+06	0
1.96258e+06	0
1.96268e+06	0
1.96278e+06	0
1.96288e+06	0
1.96298e+06	0
1.96308e+06	0
1.96318e+06	0
1.96328e+06	0
1.96338e+06	0
1.96348e+06	0
1.96358e+06	0
1.96368e+06	0
1.96378e+06	0
1.96388e+06	0
1.96398e+06	0
1.96408e+06	0
1.96418e+06	0
1.96428e+06	0
1.96438e+06	0
1.96448e+06	0
1.96458e+06	0
1.96468e+06	0
1.96478e+06	0
1.96488e+06	0
1.96498e+06	0
1.96508e+06	0
1.96518e+06	0
1.96528e+06	0
1.96538e+06	0
1.96548e+06	0
1.96558e+06	0
1.96568e+06	0
1.96578e+06	0
1.96588e+06	0
1.96598e+06	0
1.96608e+06	0
1.96618e+06	0
1.96628e+06	0
1.96638e+06	0
1.96648e+06	0
1.96658e+06	0
1.96668e+06	0
1.96678e+06	0
1.96688e+06	0
1.96698e+06	0
1.96708e+06	0
1.96718e+06	0
1.96728e+06	0
1.96738e+06	0
1.96748e+06	0
1.96758e+06	0
1.96768e+06	0
1.96778e+06	0
1.96788e+06	0
1.96798e+06	0
1.96808e+06	0
1.96818e+06	0
1.96828e+06	0
1.96838e+06	0
1.96848e+06	0
1.96858e+06	0
1.96868e+06	0
1.96878e+06	0
1.96888e+06	0
1.96898e+06	0
1.96908e+06	0
1.96918e+06	0
1.96928e+06	0
1.96938e+06	0
1.96948e+06	0
1.96958e+06	0
1.96968e+06	0
1.96978e+06	0
1.96988e+06	0
1.96998e+06	0
1.97008e+06	0
1.97018e+06	0
1.97028e+06	0
1.97038e+06	0
1.97048e+06	0
1.97058e+06	0
1.97068e+06	0
1.97078e+06	0
1.97088e+06	0
1.97098e+06	0
1.97108e+06	0
1.97118e+06	0
1.97128e+06	0
1.97138e+06	0
1.97148e+06	0
1.97158e+06	0
1.97168e+06	0
1.97178e+06	0
1.97188e+06	0
1.97198e+06	0
1.97208e+06	0
1.97218e+06	0
1.97228e+06	0
1.97238e+06	0
1.97248e+06	0
1.97258e+06	0
1.97268e+06	0
1.97278e+06	0
1.97288e+06	0
1.97298e+06	0
1.97308e+06	0
1.97318e+06	0
1.97328e+06	0
1.97338e+06	0
1.97348e+06	0
1.97358e+06	0
1.97368e+06	0
1.97378e+06	0
1.97388e+06	0
1.97398e+06	0
1.97408e+06	0
1.97418e+06	0
1.97428e+06	0
1.97438e+06	0
1.97448e+06	0
1.97458e+06	0
1.97468e+06	0
1.97478e+06	0
1.97488e+06	0
1.97498e+06	0
1.97508e+06	0
1.97518e+06	0
1.97528e+06	0
1.97538e+06	0
1.97548e+06	0
1.97558e+06	0
1.97568e+06	0
1.97578e+06	0
1.97588e+06	0
1.97598e+06	0
1.97608e+06	0
1.97618e+06	0
1.97628e+06	0
1.97638e+06	0
1.97648e+06	0
1.97658e+06	0
1.97668e+06	0
1.97678e+06	0
1.97688e+06	0
1.97698e+06	0
1.97708e+06	0
1.97718e+06	0
1.97728e+06	0
1.97738e+06	0
1.97748e+06	0
1.97758e+06	0
1.97768e+06	0
1.97778e+06	0
1.97788e+06	0
1.97798e+06	0
1.97808e+06	0
1.97818e+06	0
1.97828e+06	0
1.97838e+06	0
1.97848e+06	0
1.97858e+06	0
1.97868e+06	0
1.97878e+06	0
1.97888e+06	0
1.97898e+06	0
1.97908e+06	0
1.97918e+06	0
1.97928e+06	0
1.97938e+06	0
1.97948e+06	0
1.97958e+06	0
1.97968e+06	0
1.97978e+06	0
1.97988e+06	0
1.97998e+06	0
1.98008e+06	0
1.98018e+06	0
1.98028e+06	0
1.98038e+06	0
1.98048e+06	0
1.98058e+06	0
1.98068e+06	0
1.98078e+06	0
1.98088e+06	0
1.98098e+06	0
1.98108e+06	0
1.98118e+06	0
1.98128e+06	0
1.98138e+06	0
1.98148e+06	0
1.98158e+06	0
1.98168e+06	0
1.98178e+06	0
1.98188e+06	0
1.98198e+06	0
1.98208e+06	0
1.98218e+06	0
1.98228e+06	0
1.98238e+06	0
1.98248e+06	0
1.98258e+06	0
1.98268e+06	0
1.98278e+06	0
1.98288e+06	0
1.98298e+06	0
1.98308e+06	0
1.98318e+06	0
1.98328e+06	0
1.98338e+06	0
1.98348e+06	0
1.98358e+06	0
1.98368e+06	0
1.98378e+06	0
1.98388e+06	0
1.98398e+06	0
1.98408e+06	0
1.98418e+06	0
1.98428e+06	0
1.98438e+06	0
1.98448e+06	0
1.98458e+06	0
1.98468e+06	0
1.98478e+06	0
1.98488e+06	0
1.98498e+06	0
1.98508e+06	0
1.98518e+06	0
1.98528e+06	0
1.98538e+06	0
1.98548e+06	0
1.98558e+06	0
1.98568e+06	0
1.98578e+06	0
1.98588e+06	0
1.98598e+06	0
1.98608e+06	0
1.98618e+06	0
1.98628e+06	0
1.98638e+06	0
1.98648e+06	0
1.98658e+06	0
1.98668e+06	0
1.98678e+06	0
1.98688e+06	0
1.98698e+06	0
1.98708e+06	0
1.98718e+06	0
1.98728e+06	0
1.98738e+06	0
1.98748e+06	0
1.98758e+06	0
1.98768e+06	0
1.98778e+06	0
1.98788e+06	0
1.98798e+06	0
1.98808e+06	0
1.98818e+06	0
1.98828e+06	0
1.98838e+06	0
1.98848e+06	0
1.98858e+06	0
1.98868e+06	0
1.98878e+06	0
1.98888e+06	0
1.98898e+06	0
1.98908e+06	0
1.98918e+06	0
1.98928e+06	0
1.98938e+06	0
1.98948e+06	0
1.98958e+06	0
1.98968e+06	0
1.98978e+06	0
1.98988e+06	0
1.98998e+06	0
1.99008e+06	0
1.99018e+06	0
1.99028e+06	0
1.99038e+06	0
1.99048e+06	0
1.99058e+06	0
1.99068e+06	0
1.99078e+06	0
1.99088e+06	0
1.99098e+06	0
1.99108e+06	0
1.99118e+06	0
1.99128e+06	0
1.99138e+06	0
1.99148e+06	0
1.99158e+06	0
1.99168e+06	0
1.99178e+06	0
1.99188e+06	0
1.99198e+06	0
1.99208e+06	0
1.99218e+06	0
1.99228e+06	0
1.99238e+06	0
1.99248e+06	0
1.99258e+06	0
1.99268e+06	0
1.99278e+06	0
1.99288e+06	0
1.99298e+06	0
1.99308e+06	0
1.99318e+06	0
1.99328e+06	0
1.99338e+06	0
1.99348e+06	0
1.99358e+06	0
1.99368e+06	0
1.99378e+06	0
1.99388e+06	0
1.99398e+06	0
1.99408e+06	0
1.99418e+06	0
1.99428e+06	0
1.99438e+06	0
1.99448e+06	0
1.99458e+06	0
1.99468e+06	0
1.99478e+06	0
1.99488e+06	0
1.99498e+06	0
1.99508e+06	0
1.99518e+06	0
1.99528e+06	0
1.99538e+06	0
1.99548e+06	0
1.99558e+06	0
1.99568e+06	0
1.99578e+06	0
1.99588e+06	0
1.99598e+06	0
1.99608e+06	0
1.99618e+06	0
1.99628e+06	0
1.99638e+06	0
1.99648e+06	0
1.99658e+06	0
1.99668e+06	0
1.99678e+06	0
1.99688e+06	0
1.99698e+06	0
1.99708e+06	0
1.99718e+06	0
1.99728e+06	0
1.99738e+06	0
1.99748e+06	0
1.99758e+06	0
1.99768e+06	0
1.99778e+06	0
1.99788e+06	0
1.99798e+06	0
1.99808e+06	0
1.99818e+06	0
1.99828e+06	0
1.99838e+06	0
1.99848e+06	0
1.99858e+06	0
1.99868e+06	0
1.99878e+06	0
1.99888e+06	0
1.99898e+06	0
1.99908e+06	0
1.99918e+06	0
1.99928e+06	0
1.99938e+06	0
1.99948e+06	0
1.99958e+06	0
1.99968e+06	0
1.99978e+06	0
1.99988e+06	0
1.99998e+06	0
2.00008e+06	0
2.00018e+06	0
2.00028e+06	0
2.00038e+06	0
2.00048e+06	0
2.00058e+06	0
2.00068e+06	0
2.00078e+06	0
2.00088e+06	0
2.00098e+06	0
2.00108e+06	0
2.00118e+06	0
2.00128e+06	0
2.00138e+06	0
2.00148e+06	0
2.00158e+06	0
2.00168e+06	0
2.00178e+06	0
2.00188e+06	0
2.00198e+06	0
2.00208e+06	0
2.00218e+06	0
2.00228e+06	0
2.00238e+06	0
2.00248e+06	0
2.00258e+06	0
2.00268e+06	0
2.00278e+06	0
2.00288e+06	0
2.00298e+06	0
2.00308e+06	0
2.00318e+06	0
2.00328e+06	0
2.00338e+06	0
2.00348e+06	0
2.00358e+06	0
2.00368e+06	0
2.00378e+06	0
2.00388e+06	0
2.00398e+06	0
2.00408e+06	0
2.00418e+06	0
2.00428e+06	0
2.00438e+06	0
2.00448e+06	0
2.00458e+06	0
2.00468e+06	0
2.00478e+06	0
2.00488e+06	0
2.00498e+06	0
2.00508e+06	0
2.00518e+06	0
2.00528e+06	0
2.00538e+06	0
2.00548e+06	0
2.00558e+06	0
2.00568e+06	0
2.00578e+06	0
2.00588e+06	0
2.00598e+06	0
2.00608e+06	0
2.00618e+06	0
2.00628e+06	0
2.00638e+06	0
2.00648e+06	0
2.00658e+06	0
2.00668e+06	0
2.00678e+06	0
2.00688e+06	0
2.00698e+06	0
2.00708e+06	0
2.00718e+06	0
2.00728e+06	0
2.00738e+06	0
2.00748e+06	0
2.00758e+06	0
2.00768e+06	0
2.00778e+06	0
2.00788e+06	0
2.00798e+06	0
2.00808e+06	0
2.00818e+06	0
2.00828e+06	0
2.00838e+06	0
2.00848e+06	0
2.00858e+06	0
2.00868e+06	0
2.00878e+06	0
2.00888e+06	0
2.00898e+06	0
2.00908e+06	0
2.00918e+06	0
2.00928e+06	0
2.00938e+06	0
2.00948e+06	0
2.00958e+06	0
2.00968e+06	0
2.00978e+06	0
2.00988e+06	0
2.00998e+06	0
2.01008e+06	0
2.01018e+06	0
2.01028e+06	0
2.01038e+06	0
2.01048e+06	0
2.01058e+06	0
2.01068e+06	0
2.01078e+06	0
2.01088e+06	0
2.01098e+06	0
2.01108e+06	0
2.01118e+06	0
2.01128e+06	0
2.01138e+06	0
2.01148e+06	0
2.01158e+06	0
2.01168e+06	0
2.01178e+06	0
2.01188e+06	0
2.01198e+06	0
2.01208e+06	0
2.01218e+06	0
2.01228e+06	0
2.01238e+06	0
2.01248e+06	0
2.01258e+06	0
2.01268e+06	0
2.01278e+06	0
2.01288e+06	0
2.01298e+06	0
2.01308e+06	0
2.01318e+06	0
2.01328e+06	0
2.01338e+06	0
2.01348e+06	0
2.01358e+06	0
2.01368e+06	0
2.01378e+06	0
2.01388e+06	0
2.01398e+06	0
2.01408e+06	0
2.01418e+06	0
2.01428e+06	0
2.01438e+06	0
2.01448e+06	0
2.01458e+06	0
2.01468e+06	0
2.01478e+06	0
2.01488e+06	0
2.01498e+06	0
2.01508e+06	0
2.01518e+06	0
2.01528e+06	0
2.01538e+06	0
2.01548e+06	0
2.01558e+06	0
2.01568e+06	0
2.01578e+06	0
2.01588e+06	0
2.01598e+06	0
2.01608e+06	0
2.01618e+06	0
2.01628e+06	0
2.01638e+06	0
2.01648e+06	0
2.01658e+06	0
2.01668e+06	0
2.01678e+06	0
2.01688e+06	0
2.01698e+06	0
2.01708e+06	0
2.01718e+06	0
2.01728e+06	0
2.01738e+06	0
2.01748e+06	0
2.01758e+06	0
2.01768e+06	0
2.01778e+06	0
2.01788e+06	0
2.01798e+06	0
2.01808e+06	0
2.01818e+06	0
2.01828e+06	0
2.01838e+06	0
2.01848e+06	0
2.01858e+06	0
2.01868e+06	0
2.01878e+06	0
2.01888e+06	0
2.01898e+06	0
2.01908e+06	0
2.01918e+06	0
2.01928e+06	0
2.01938e+06	0
2.01948e+06	0
2.01958e+06	0
2.01968e+06	0
2.01978e+06	0
2.01988e+06	0
2.01998e+06	0
2.02008e+06	0
2.02018e+06	0
2.02028e+06	0
2.02038e+06	0
2.02048e+06	0
2.02058e+06	0
2.02068e+06	0
2.02078e+06	0
2.02088e+06	0
2.02098e+06	0
2.02108e+06	0
2.02118e+06	0
2.02128e+06	0
2.02138e+06	0
2.02148e+06	0
2.02158e+06	0
2.02168e+06	0
2.02178e+06	0
2.02188e+06	0
2.02198e+06	0
2.02208e+06	0
2.02218e+06	0
2.02228e+06	0
2.02238e+06	0
2.02248e+06	0
2.02258e+06	0
2.02268e+06	0
2.02278e+06	0
2.02288e+06	0
2.02298e+06	0
2.02308e+06	0
2.02318e+06	0
2.02328e+06	0
2.02338e+06	0
2.02348e+06	0
2.02358e+06	0
2.02368e+06	0
2.02378e+06	0
2.02388e+06	0
2.02398e+06	0
2.02408e+06	0
2.02418e+06	0
2.02428e+06	0
2.02438e+06	0
2.02448e+06	0
2.02458e+06	0
2.02468e+06	0
2.02478e+06	0
2.02488e+06	0
2.02498e+06	0
2.02508e+06	0
2.02518e+06	0
2.02528e+06	0
2.02538e+06	0
2.02548e+06	0
2.02558e+06	0
2.02568e+06	0
2.02578e+06	0
2.02588e+06	0
2.02598e+06	0
2.02608e+06	0
2.02618e+06	0
2.02628e+06	0
2.02638e+06	0
2.02648e+06	0
2.02658e+06	0
2.02668e+06	0
2.02678e+06	0
2.02688e+06	0
2.02698e+06	0
2.02708e+06	0
2.02718e+06	0
2.02728e+06	0
2.02738e+06	0
2.02748e+06	0
2.02758e+06	0
2.02768e+06	0
2.02778e+06	0
2.02788e+06	0
2.02798e+06	0
2.02808e+06	0
2.02818e+06	0
2.02828e+06	0
2.02838e+06	0
2.02848e+06	0
2.02858e+06	0
2.02868e+06	0
2.02878e+06	0
2.02888e+06	0
2.02898e+06	0
2.02908e+06	0
2.02918e+06	0
2.02928e+06	0
2.02938e+06	0
2.02948e+06	0
2.02958e+06	0
2.02968e+06	0
2.02978e+06	0
2.02988e+06	0
2.02998e+06	0
2.03008e+06	0
2.03018e+06	0
2.03028e+06	0
2.03038e+06	0
2.03048e+06	0
2.03058e+06	0
2.03068e+06	0
2.03078e+06	0
2.03088e+06	0
2.03098e+06	0
2.03108e+06	0
2.03118e+06	0
2.03128e+06	0
2.03138e+06	0
2.03148e+06	0
2.03158e+06	0
2.03168e+06	0
2.03178e+06	0
2.03188e+06	0
2.03198e+06	0
2.03208e+06	0
2.03218e+06	0
2.03228e+06	0
2.03238e+06	0
2.03248e+06	0
2.03258e+06	0
2.03268e+06	0
2.03278e+06	0
2.03288e+06	0
2.03298e+06	0
2.03308e+06	0
2.03318e+06	0
2.03328e+06	0
2.03338e+06	0
2.03348e+06	0
2.03358e+06	0
2.03368e+06	0
2.03378e+06	0
2.03388e+06	0
2.03398e+06	0
2.03408e+06	0
2.03418e+06	0
2.03428e+06	0
2.03438e+06	0
2.03448e+06	0
2.03458e+06	0
2.03468e+06	0
2.03478e+06	0
2.03488e+06	0
2.03498e+06	0
2.03508e+06	0
2.03518e+06	0
2.03528e+06	0
2.03538e+06	0
2.03548e+06	0
2.03558e+06	0
2.03568e+06	0
2.03578e+06	0
2.03588e+06	0
2.03598e+06	0
2.03608e+06	0
2.03618e+06	0
2.03628e+06	0
2.03638e+06	0
2.03648e+06	0
2.03658e+06	0
2.03668e+06	0
2.03678e+06	0
2.03688e+06	0
2.03698e+06	0
2.03708e+06	0
2.03718e+06	0
2.03728e+06	0
2.03738e+06	0
2.03748e+06	0
2.03758e+06	0
2.03768e+06	0
2.03778e+06	0
2.03788e+06	0
2.03798e+06	0
2.03808e+06	0
2.03818e+06	0
2.03828e+06	0
2.03838e+06	0
2.03848e+06	0
2.03858e+06	0
2.03868e+06	0
2.03878e+06	0
2.03888e+06	0
2.03898e+06	0
2.03908e+06	0
2.03918e+06	0
2.03928e+06	0
2.03938e+06	0
2.03948e+06	0
2.03958e+06	0
2.03968e+06	0
2.03978e+06	0
2.03988e+06	0
2.03998e+06	0
2.04008e+06	0
2.04018e+06	0
2.04028e+06	0
2.04038e+06	0
2.04048e+06	0
2.04058e+06	0
2.04068e+06	0
2.04078e+06	0
2.04088e+06	0
2.04098e+06	0
2.04108e+06	0
2.04118e+06	0
2.04128e+06	0
2.04138e+06	0
2.04148e+06	0
2.04158e+06	0
2.04168e+06	0
2.04178e+06	0
2.04188e+06	0
2.04198e+06	0
2.04208e+06	0
2.04218e+06	0
2.04228e+06	0
2.04238e+06	0
2.04248e+06	0
2.04258e+06	0
2.04268e+06	0
2.04278e+06	0
2.04288e+06	0
2.04298e+06	0
2.04308e+06	0
2.04318e+06	0
2.04328e+06	0
2.04338e+06	0
2.04348e+06	0
2.04358e+06	0
2.04368e+06	0
2.04378e+06	0
2.04388e+06	0
2.04398e+06	0
2.04408e+06	0
2.04418e+06	0
2.04428e+06	0
2.04438e+06	0
2.04448e+06	0
2.04458e+06	0
2.04468e+06	0
2.04478e+06	0
2.04488e+06	0
2.04498e+06	0
2.04508e+06	0
2.04518e+06	0
2.04528e+06	0
2.04538e+06	0
2.04548e+06	0
2.04558e+06	0
2.04568e+06	0
2.04578e+06	0
2.04588e+06	0
2.04598e+06	0
2.04608e+06	0
2.04618e+06	0
2.04628e+06	0
2.04638e+06	0
2.04648e+06	0
2.04658e+06	0
2.04668e+06	0
2.04678e+06	0
2.04688e+06	0
2.04698e+06	0
2.04708e+06	0
2.04718e+06	0
2.04728e+06	0
2.04738e+06	0
2.04748e+06	0
2.04758e+06	0
2.04768e+06	0
2.04778e+06	0
2.04788e+06	0
2.04798e+06	0
2.04808e+06	0
2.04818e+06	0
2.04828e+06	0
2.04838e+06	0
2.04848e+06	0
2.04858e+06	0
2.04868e+06	0
2.04878e+06	0
2.04888e+06	0
2.04898e+06	0
2.04908e+06	0
2.04918e+06	0
2.04928e+06	0
2.04938e+06	0
2.04948e+06	0
2.04958e+06	0
2.04968e+06	0
2.04978e+06	0
2.04988e+06	0
2.04998e+06	0
2.05008e+06	0
2.05018e+06	0
2.05028e+06	0
2.05038e+06	0
2.05048e+06	0
2.05058e+06	0
2.05068e+06	0
2.05078e+06	0
2.05088e+06	0
2.05098e+06	0
2.05108e+06	0
2.05118e+06	0
2.05128e+06	0
2.05138e+06	0
2.05148e+06	0
2.05158e+06	0
2.05168e+06	0
2.05178e+06	0
2.05188e+06	0
2.05198e+06	0
2.05208e+06	0
2.05218e+06	0
2.05228e+06	0
2.05238e+06	0
2.05248e+06	0
2.05258e+06	0
2.05268e+06	0
2.05278e+06	0
2.05288e+06	0
2.05298e+06	0
2.05308e+06	0
2.05318e+06	0
2.05328e+06	0
2.05338e+06	0
2.05348e+06	0
2.05358e+06	0
2.05368e+06	0
2.05378e+06	0
2.05388e+06	0
2.05398e+06	0
2.05408e+06	0
2.05418e+06	0
2.05428e+06	0
2.05438e+06	0
2.05448e+06	0
2.05458e+06	0
2.05468e+06	0
2.05478e+06	0
2.05488e+06	0
2.05498e+06	0
2.05508e+06	0
2.05518e+06	0
2.05528e+06	0
2.05538e+06	0
2.05548e+06	0
2.05558e+06	0
2.05568e+06	0
2.05578e+06	0
2.05588e+06	0
2.05598e+06	0
2.05608e+06	0
2.05618e+06	0
2.05628e+06	0
2.05638e+06	0
2.05648e+06	0
2.05658e+06	0
2.05668e+06	0
2.05678e+06	0
2.05688e+06	0
2.05698e+06	0
2.05708e+06	0
2.05718e+06	0
2.05728e+06	0
2.05738e+06	0
2.05748e+06	0
2.05758e+06	0
2.05768e+06	0
2.05778e+06	0
2.05788e+06	0
2.05798e+06	0
2.05808e+06	0
2.05818e+06	0
2.05828e+06	0
2.05838e+06	0
2.05848e+06	0
2.05858e+06	0
2.05868e+06	0
2.05878e+06	0
2.05888e+06	0
2.05898e+06	0
2.05908e+06	0
2.05918e+06	0
2.05928e+06	0
2.05938e+06	0
2.05948e+06	0
2.05958e+06	0
2.05968e+06	0
2.05978e+06	0
2.05988e+06	0
2.05998e+06	0
2.06008e+06	0
2.06018e+06	0
2.06028e+06	0
2.06038e+06	0
2.06048e+06	0
2.06058e+06	0
2.06068e+06	0
2.06078e+06	0
2.06088e+06	0
2.06098e+06	0
2.06108e+06	0
2.06118e+06	0
2.06128e+06	0
2.06138e+06	0
2.06148e+06	0
2.06158e+06	0
2.06168e+06	0
2.06178e+06	0
2.06188e+06	0
2.06198e+06	0
2.06208e+06	0
2.06218e+06	0
2.06228e+06	0
2.06238e+06	0
2.06248e+06	0
2.06258e+06	0
2.06268e+06	0
2.06278e+06	0
2.06288e+06	0
2.06298e+06	0
2.06308e+06	0
2.06318e+06	0
2.06328e+06	0
2.06338e+06	0
2.06348e+06	0
2.06358e+06	0
2.06368e+06	0
2.06378e+06	0
2.06388e+06	0
2.06398e+06	0
2.06408e+06	0
2.06418e+06	0
2.06428e+06	0
2.06438e+06	0
2.06448e+06	0
2.06458e+06	0
2.06468e+06	0
2.06478e+06	0
2.06488e+06	0
2.06498e+06	0
2.06508e+06	0
2.06518e+06	0
2.06528e+06	0
2.06538e+06	0
2.06548e+06	0
2.06558e+06	0
2.06568e+06	0
2.06578e+06	0
2.06588e+06	0
2.06598e+06	0
2.06608e+06	0
2.06618e+06	0
2.06628e+06	0
2.06638e+06	0
2.06648e+06	0
2.06658e+06	0
2.06668e+06	0
2.06678e+06	0
2.06688e+06	0
2.06698e+06	0
2.06708e+06	0
2.06718e+06	0
2.06728e+06	0
2.06738e+06	0
2.06748e+06	0
2.06758e+06	0
2.06768e+06	0
2.06778e+06	0
2.06788e+06	0
2.06798e+06	0
2.06808e+06	0
2.06818e+06	0
2.06828e+06	0
2.06838e+06	0
2.06848e+06	0
2.06858e+06	0
2.06868e+06	0
2.06878e+06	0
2.06888e+06	0
2.06898e+06	0
2.06908e+06	0
2.06918e+06	0
2.06928e+06	0
2.06938e+06	0
2.06948e+06	0
2.06958e+06	0
2.06968e+06	0
2.06978e+06	0
2.06988e+06	0
2.06998e+06	0
2.07008e+06	0
2.07018e+06	0
2.07028e+06	0
2.07038e+06	0
2.07048e+06	0
2.07058e+06	0
2.07068e+06	0
2.07078e+06	0
2.07088e+06	0
2.07098e+06	0
2.07108e+06	0
2.07118e+06	0
2.07128e+06	0
2.07138e+06	0
2.07148e+06	0
2.07158e+06	0
2.07168e+06	0
2.07178e+06	0
2.07188e+06	0
2.07198e+06	0
2.07208e+06	0
2.07218e+06	0
2.07228e+06	0
2.07238e+06	0
2.07248e+06	0
2.07258e+06	0
2.07268e+06	0
2.07278e+06	0
2.07288e+06	0
2.07298e+06	0
2.07308e+06	0
2.07318e+06	0
2.07328e+06	0
2.07338e+06	0
2.07348e+06	0
2.07358e+06	0
2.07368e+06	0
2.07378e+06	0
2.07388e+06	0
2.07398e+06	0
2.07408e+06	0
2.07418e+06	0
2.07428e+06	0
2.07438e+06	0
2.07448e+06	0
2.07458e+06	0
2.07468e+06	0
2.07478e+06	0
2.07488e+06	0
2.07498e+06	0
2.07508e+06	0
2.07518e+06	0
2.07528e+06	0
2.07538e+06	0
2.07548e+06	0
2.07558e+06	0
2.07568e+06	0
2.07578e+06	0
2.07588e+06	0
2.07598e+06	0
2.07608e+06	0
2.07618e+06	0
2.07628e+06	0
2.07638e+06	0
2.07648e+06	0
2.07658e+06	0
2.07668e+06	0
2.07678e+06	0
2.07688e+06	0
2.07698e+06	0
2.07708e+06	0
2.07718e+06	0
2.07728e+06	0
2.07738e+06	0
2.07748e+06	0
2.07758e+06	0
2.07768e+06	0
2.07778e+06	0
2.07788e+06	0
2.07798e+06	0
2.07808e+06	0
2.07818e+06	0
2.07828e+06	0
2.07838e+06	0
2.07848e+06	0
2.07858e+06	0
2.07868e+06	0
2.07878e+06	0
2.07888e+06	0
2.07898e+06	0
2.07908e+06	0
2.07918e+06	0
2.07928e+06	0
2.07938e+06	0
2.07948e+06	0
2.07958e+06	0
2.07968e+06	0
2.07978e+06	0
2.07988e+06	0
2.07998e+06	0
2.08008e+06	0
2.08018e+06	0
2.08028e+06	0
2.08038e+06	0
2.08048e+06	0
2.08058e+06	0
2.08068e+06	0
2.08078e+06	0
2.08088e+06	0
2.08098e+06	0
2.08108e+06	0
2.08118e+06	0
2.08128e+06	0
2.08138e+06	0
2.08148e+06	0
2.08158e+06	0
2.08168e+06	0
2.08178e+06	0
2.08188e+06	0
2.08198e+06	0
2.08208e+06	0
2.08218e+06	0
2.08228e+06	0
2.08238e+06	0
2.08248e+06	0
2.08258e+06	0
2.08268e+06	0
2.08278e+06	0
2.08288e+06	0
2.08298e+06	0
2.08308e+06	0
2.08318e+06	0
2.08328e+06	0
2.08338e+06	0
2.08348e+06	0
2.08358e+06	0
2.08368e+06	0
2.08378e+06	0
2.08388e+06	0
2.08398e+06	0
2.08408e+06	0
2.08418e+06	0
2.08428e+06	0
2.08438e+06	0
2.08448e+06	0
2.08458e+06	0
2.08468e+06	0
2.08478e+06	0
2.08488e+06	0
2.08498e+06	0
2.08508e+06	0
2.08518e+06	0
2.08528e+06	0
2.08538e+06	0
2.08548e+06	0
2.08558e+06	0
2.08568e+06	0
2.08578e+06	0
2.08588e+06	0
2.08598e+06	0
2.08608e+06	0
2.08618e+06	0
2.08628e+06	0
2.08638e+06	0
2.08648e+06	0
2.08658e+06	0
2.08668e+06	0
2.08678e+06	0
2.08688e+06	0
2.08698e+06	0
2.08708e+06	0
2.08718e+06	0
2.08728e+06	0
2.08738e+06	0
2.08748e+06	0
2.08758e+06	0
2.08768e+06	0
2.08778e+06	0
2.08788e+06	0
2.08798e+06	0
2.08808e+06	0
2.08818e+06	0
2.08828e+06	0
2.08838e+06	0
2.08848e+06	0
2.08858e+06	0
2.08868e+06	0
2.08878e+06	0
2.08888e+06	0
2.08898e+06	0
2.08908e+06	0
2.08918e+06	0
2.08928e+06	0
2.08938e+06	0
2.08948e+06	0
2.08958e+06	0
2.08968e+06	0
2.08978e+06	0
2.08988e+06	0
2.08998e+06	0
2.09008e+06	0
2.09018e+06	0
2.09028e+06	0
2.09038e+06	0
2.09048e+06	0
2.09058e+06	0
2.09068e+06	0
2.09078e+06	0
2.09088e+06	0
2.09098e+06	0
2.09108e+06	0
2.09118e+06	0
2.09128e+06	0
2.09138e+06	0
2.09148e+06	0
2.09158e+06	0
2.09168e+06	0
2.09178e+06	0
2.09188e+06	0
2.09198e+06	0
2.09208e+06	0
2.09218e+06	0
2.09228e+06	0
2.09238e+06	0
2.09248e+06	0
2.09258e+06	0
2.09268e+06	0
2.09278e+06	0
2.09288e+06	0
2.09298e+06	0
2.09308e+06	0
2.09318e+06	0
2.09328e+06	0
2.09338e+06	0
2.09348e+06	0
2.09358e+06	0
2.09368e+06	0
2.09378e+06	0
2.09388e+06	0
2.09398e+06	0
2.09408e+06	0
2.09418e+06	0
2.09428e+06	0
2.09438e+06	0
2.09448e+06	0
2.09458e+06	0
2.09468e+06	0
2.09478e+06	0
2.09488e+06	0
2.09498e+06	0
2.09508e+06	0
2.09518e+06	0
2.09528e+06	0
2.09538e+06	0
2.09548e+06	0
2.09558e+06	0
2.09568e+06	0
2.09578e+06	0
2.09588e+06	0
2.09598e+06	0
2.09608e+06	0
2.09618e+06	0
2.09628e+06	0
2.09638e+06	0
2.09648e+06	0
2.09658e+06	0
2.09668e+06	0
2.09678e+06	0
2.09688e+06	0
2.09698e+06	0
2.09708e+06	0
2.09718e+06	0
2.09728e+06	0
2.09738e+06	0
2.09748e+06	0
2.09758e+06	0
2.09768e+06	0
2.09778e+06	0
2.09788e+06	0
2.09798e+06	0
2.09808e+06	0
2.09818e+06	0
2.09828e+06	0
2.09838e+06	0
2.09848e+06	0
2.09858e+06	0
2.09868e+06	0
2.09878e+06	0
2.09888e+06	0
2.09898e+06	0
2.09908e+06	0
2.09918e+06	0
2.09928e+06	0
2.09938e+06	0
2.09948e+06	0
2.09958e+06	0
2.09968e+06	0
2.09978e+06	0
2.09988e+06	0
2.09998e+06	0
2.10008e+06	0
2.10018e+06	0
2.10028e+06	0
2.10038e+06	0
2.10048e+06	0
2.10058e+06	0
2.10068e+06	0
2.10078e+06	0
2.10088e+06	0
2.10098e+06	0
2.10108e+06	0
2.10118e+06	0
2.10128e+06	0
2.10138e+06	0
2.10148e+06	0
2.10158e+06	0
2.10168e+06	0
2.10178e+06	0
2.10188e+06	0
2.10198e+06	0
2.10208e+06	0
2.10218e+06	0
2.10228e+06	0
2.10238e+06	0
2.10248e+06	0
2.10258e+06	0
2.10268e+06	0
2.10278e+06	0
2.10288e+06	0
2.10298e+06	0
2.10308e+06	0
2.10318e+06	0
2.10328e+06	0
2.10338e+06	0
2.10348e+06	0
2.10358e+06	0
2.10368e+06	0
2.10378e+06	0
2.10388e+06	0
2.10398e+06	0
2.10408e+06	0
2.10418e+06	0
2.10428e+06	0
2.10438e+06	0
2.10448e+06	0
2.10458e+06	0
2.10468e+06	0
2.10478e+06	0
2.10488e+06	0
2.10498e+06	0
2.10508e+06	0
2.10518e+06	0
2.10528e+06	0
2.10538e+06	0
2.10548e+06	0
2.10558e+06	0
2.10568e+06	0
2.10578e+06	0
2.10588e+06	0
2.10598e+06	0
2.10608e+06	0
2.10618e+06	0
2.10628e+06	0
2.10638e+06	0
2.10648e+06	0
2.10658e+06	0
2.10668e+06	0
2.10678e+06	0
2.10688e+06	0
2.10698e+06	0
2.10708e+06	0
2.10718e+06	0
2.10728e+06	0
2.10738e+06	0
2.10748e+06	0
2.10758e+06	0
2.10768e+06	0
2.10778e+06	0
2.10788e+06	0
2.10798e+06	0
2.10808e+06	0
2.10818e+06	0
2.10828e+06	0
2.10838e+06	0
2.10848e+06	0
2.10858e+06	0
2.10868e+06	0
2.10878e+06	0
2.10888e+06	0
2.10898e+06	0
2.10908e+06	0
2.10918e+06	0
2.10928e+06	0
2.10938e+06	0
2.10948e+06	0
2.10958e+06	0
2.10968e+06	0
2.10978e+06	0
2.10988e+06	0
2.10998e+06	0
2.11008e+06	0
2.11018e+06	0
2.11028e+06	0
2.11038e+06	0
2.11048e+06	0
2.11058e+06	0
2.11068e+06	0
2.11078e+06	0
2.11088e+06	0
2.11098e+06	0
2.11108e+06	0
2.11118e+06	0
2.11128e+06	0
2.11138e+06	0
2.11148e+06	0
2.11158e+06	0
2.11168e+06	0
2.11178e+06	0
2.11188e+06	0
2.11198e+06	0
2.11208e+06	0
2.11218e+06	0
2.11228e+06	0
2.11238e+06	0
2.11248e+06	0
2.11258e+06	0
2.11268e+06	0
2.11278e+06	0
2.11288e+06	0
2.11298e+06	0
2.11308e+06	0
2.11318e+06	0
2.11328e+06	0
2.11338e+06	0
2.11348e+06	0
2.11358e+06	0
2.11368e+06	0
2.11378e+06	0
2.11388e+06	0
2.11398e+06	0
2.11408e+06	0
2.11418e+06	0
2.11428e+06	0
2.11438e+06	0
2.11448e+06	0
2.11458e+06	0
2.11468e+06	0
2.11478e+06	0
2.11488e+06	0
2.11498e+06	0
2.11508e+06	0
2.11518e+06	0
2.11528e+06	0
2.11538e+06	0
2.11548e+06	0
2.11558e+06	0
2.11568e+06	0
2.11578e+06	0
2.11588e+06	0
2.11598e+06	0
2.11608e+06	0
2.11618e+06	0
2.11628e+06	0
2.11638e+06	0
2.11648e+06	0
2.11658e+06	0
2.11668e+06	0
2.11678e+06	0
2.11688e+06	0
2.11698e+06	0
2.11708e+06	0
2.11718e+06	0
2.11728e+06	0
2.11738e+06	0
2.11748e+06	0
2.11758e+06	0
2.11768e+06	0
2.11778e+06	0
2.11788e+06	0
2.11798e+06	0
2.11808e+06	0
2.11818e+06	0
2.11828e+06	0
2.11838e+06	0
2.11848e+06	0
2.11858e+06	0
2.11868e+06	0
2.11878e+06	0
2.11888e+06	0
2.11898e+06	0
2.11908e+06	0
2.11918e+06	0
2.11928e+06	0
2.11938e+06	0
2.11948e+06	0
2.11958e+06	0
2.11968e+06	0
2.11978e+06	0
2.11988e+06	0
2.11998e+06	0
2.12008e+06	0
2.12018e+06	0
2.12028e+06	0
2.12038e+06	0
2.12048e+06	0
2.12058e+06	0
2.12068e+06	0
2.12078e+06	0
2.12088e+06	0
2.12098e+06	0
2.12108e+06	0
2.12118e+06	0
2.12128e+06	0
2.12138e+06	0
2.12148e+06	0
2.12158e+06	0
2.12168e+06	0
2.12178e+06	0
2.12188e+06	0
2.12198e+06	0
2.12208e+06	0
2.12218e+06	0
2.12228e+06	0
2.12238e+06	0
2.12248e+06	0
2.12258e+06	0
2.12268e+06	0
2.12278e+06	0
2.12288e+06	0
2.12298e+06	0
2.12308e+06	0
2.12318e+06	0
2.12328e+06	0
2.12338e+06	0
2.12348e+06	0
2.12358e+06	0
2.12368e+06	0
2.12378e+06	0
2.12388e+06	0
2.12398e+06	0
2.12408e+06	0
2.12418e+06	0
2.12428e+06	0
2.12438e+06	0
2.12448e+06	0
2.12458e+06	0
2.12468e+06	0
2.12478e+06	0
2.12488e+06	0
2.12498e+06	0
2.12508e+06	0
2.12518e+06	0
2.12528e+06	0
2.12538e+06	0
2.12548e+06	0
2.12558e+06	0
2.12568e+06	0
2.12578e+06	0
2.12588e+06	0
2.12598e+06	0
2.12608e+06	0
2.12618e+06	0
2.12628e+06	0
2.12638e+06	0
2.12648e+06	0
2.12658e+06	0
2.12668e+06	0
2.12678e+06	0
2.12688e+06	0
2.12698e+06	0
2.12708e+06	0
2.12718e+06	0
2.12728e+06	0
2.12738e+06	0
2.12748e+06	0
2.12758e+06	0
2.12768e+06	0
2.12778e+06	0
2.12788e+06	0
2.12798e+06	0
2.12808e+06	0
2.12818e+06	0
2.12828e+06	0
2.12838e+06	0
2.12848e+06	0
2.12858e+06	0
2.12868e+06	0
2.12878e+06	0
2.12888e+06	0
2.12898e+06	0
2.12908e+06	0
2.12918e+06	0
2.12928e+06	0
2.12938e+06	0
2.12948e+06	0
2.12958e+06	0
2.12968e+06	0
2.12978e+06	0
2.12988e+06	0
2.12998e+06	0
2.13008e+06	0
2.13018e+06	0
2.13028e+06	0
2.13038e+06	0
2.13048e+06	0
2.13058e+06	0
2.13068e+06	0
2.13078e+06	0
2.13088e+06	0
2.13098e+06	0
2.13108e+06	0
2.13118e+06	0
2.13128e+06	0
2.13138e+06	0
2.13148e+06	0
2.13158e+06	0
2.13168e+06	0
2.13178e+06	0
2.13188e+06	0
2.13198e+06	0
2.13208e+06	0
2.13218e+06	0
2.13228e+06	0
2.13238e+06	0
2.13248e+06	0
2.13258e+06	0
2.13268e+06	0
2.13278e+06	0
2.13288e+06	0
2.13298e+06	0
2.13308e+06	0
2.13318e+06	0
2.13328e+06	0
2.13338e+06	0
2.13348e+06	0
2.13358e+06	0
2.13368e+06	0
2.13378e+06	0
2.13388e+06	0
2.13398e+06	0
2.13408e+06	0
2.13418e+06	0
2.13428e+06	0
2.13438e+06	0
2.13448e+06	0
2.13458e+06	0
2.13468e+06	0
2.13478e+06	0
2.13488e+06	0
2.13498e+06	0
2.13508e+06	0
2.13518e+06	0
2.13528e+06	0
2.13538e+06	0
2.13548e+06	0
2.13558e+06	0
2.13568e+06	0
2.13578e+06	0
2.13588e+06	0
2.13598e+06	0
2.13608e+06	0
2.13618e+06	0
2.13628e+06	0
2.13638e+06	0
2.13648e+06	0
2.13658e+06	0
2.13668e+06	0
2.13678e+06	0
2.13688e+06	0
2.13698e+06	0
2.13708e+06	0
2.13718e+06	0
2.13728e+06	0
2.13738e+06	0
2.13748e+06	0
2.13758e+06	0
2.13768e+06	0
2.13778e+06	0
2.13788e+06	0
2.13798e+06	0
2.13808e+06	0
2.13818e+06	0
2.13828e+06	0
2.13838e+06	0
2.13848e+06	0
2.13858e+06	0
2.13868e+06	0
2.13878e+06	0
2.13888e+06	0
2.13898e+06	0
2.13908e+06	0
2.13918e+06	0
2.13928e+06	0
2.13938e+06	0
2.13948e+06	0
2.13958e+06	0
2.13968e+06	0
2.13978e+06	0
2.13988e+06	0
2.13998e+06	0
2.14008e+06	0
2.14018e+06	0
2.14028e+06	0
2.14038e+06	0
2.14048e+06	0
2.14058e+06	0
2.14068e+06	0
2.14078e+06	0
2.14088e+06	0
2.14098e+06	0
2.14108e+06	0
2.14118e+06	0
2.14128e+06	0
2.14138e+06	0
2.14148e+06	0
2.14158e+06	0
2.14168e+06	0
2.14178e+06	0
2.14188e+06	0
2.14198e+06	0
2.14208e+06	0
2.14218e+06	0
2.14228e+06	0
2.14238e+06	0
2.14248e+06	0
2.14258e+06	0
2.14268e+06	0
2.14278e+06	0
2.14288e+06	0
2.14298e+06	0
2.14308e+06	0
2.14318e+06	0
2.14328e+06	0
2.14338e+06	0
2.14348e+06	0
2.14358e+06	0
2.14368e+06	0
2.14378e+06	0
2.14388e+06	0
2.14398e+06	0
2.14408e+06	0
2.14418e+06	0
2.14428e+06	0
2.14438e+06	0
2.14448e+06	0
2.14458e+06	0
2.14468e+06	0
2.14478e+06	0
2.14488e+06	0
2.14498e+06	0
2.14508e+06	0
2.14518e+06	0
2.14528e+06	0
2.14538e+06	0
2.14548e+06	0
2.14558e+06	0
2.14568e+06	0
2.14578e+06	0
2.14588e+06	0
2.14598e+06	0
2.14608e+06	0
2.14618e+06	0
2.14628e+06	0
2.14638e+06	0
2.14648e+06	0
2.14658e+06	0
2.14668e+06	0
2.14678e+06	0
2.14688e+06	0
2.14698e+06	0
2.14708e+06	0
2.14718e+06	0
2.14728e+06	0
2.14738e+06	0
2.14748e+06	0
2.14758e+06	0
2.14768e+06	0
2.14778e+06	0
2.14788e+06	0
2.14798e+06	0
2.14808e+06	0
2.14818e+06	0
2.14828e+06	0
2.14838e+06	0
2.14848e+06	0
2.14858e+06	0
2.14868e+06	0
2.14878e+06	0
2.14888e+06	0
2.14898e+06	0
2.14908e+06	0
2.14918e+06	0
2.14928e+06	0
2.14938e+06	0
2.14948e+06	0
2.14958e+06	0
2.14968e+06	0
2.14978e+06	0
2.14988e+06	0
2.14998e+06	0
2.15008e+06	0
2.15018e+06	0
2.15028e+06	0
2.15038e+06	0
2.15048e+06	0
2.15058e+06	0
2.15068e+06	0
2.15078e+06	0
2.15088e+06	0
2.15098e+06	0
2.15108e+06	0
2.15118e+06	0
2.15128e+06	0
2.15138e+06	0
2.15148e+06	0
2.15158e+06	0
2.15168e+06	0
2.15178e+06	0
2.15188e+06	0
2.15198e+06	0
2.15208e+06	0
2.15218e+06	0
2.15228e+06	0
2.15238e+06	0
2.15248e+06	0
2.15258e+06	0
2.15268e+06	0
2.15278e+06	0
2.15288e+06	0
2.15298e+06	0
2.15308e+06	0
2.15318e+06	0
2.15328e+06	0
2.15338e+06	0
2.15348e+06	0
2.15358e+06	0
2.15368e+06	0
2.15378e+06	0
2.15388e+06	0
2.15398e+06	0
2.15408e+06	0
2.15418e+06	0
2.15428e+06	0
2.15438e+06	0
2.15448e+06	0
2.15458e+06	0
2.15468e+06	0
2.15478e+06	0
2.15488e+06	0
2.15498e+06	0
2.15508e+06	0
2.15518e+06	0
2.15528e+06	0
2.15538e+06	0
2.15548e+06	0
2.15558e+06	0
2.15568e+06	0
2.15578e+06	0
2.15588e+06	0
2.15598e+06	0
2.15608e+06	0
2.15618e+06	0
2.15628e+06	0
2.15638e+06	0
2.15648e+06	0
2.15658e+06	0
2.15668e+06	0
2.15678e+06	0
2.15688e+06	0
2.15698e+06	0
2.15708e+06	0
2.15718e+06	0
2.15728e+06	0
2.15738e+06	0
2.15748e+06	0
2.15758e+06	0
2.15768e+06	0
2.15778e+06	0
2.15788e+06	0
2.15798e+06	0
2.15808e+06	0
2.15818e+06	0
2.15828e+06	0
2.15838e+06	0
2.15848e+06	0
2.15858e+06	0
2.15868e+06	0
2.15878e+06	0
2.15888e+06	0
2.15898e+06	0
2.15908e+06	0
2.15918e+06	0
2.15928e+06	0
2.15938e+06	0
2.15948e+06	0
2.15958e+06	0
2.15968e+06	0
2.15978e+06	0
2.15988e+06	0
2.15998e+06	0
2.16008e+06	0
2.16018e+06	0
2.16028e+06	0
2.16038e+06	0
2.16048e+06	0
2.16058e+06	0
2.16068e+06	0
2.16078e+06	0
2.16088e+06	0
2.16098e+06	0
2.16108e+06	0
2.16118e+06	0
2.16128e+06	0
2.16138e+06	0
2.16148e+06	0
2.16158e+06	0
2.16168e+06	0
2.16178e+06	0
2.16188e+06	0
2.16198e+06	0
2.16208e+06	0
2.16218e+06	0
2.16228e+06	0
2.16238e+06	0
2.16248e+06	0
2.16258e+06	0
2.16268e+06	0
2.16278e+06	0
2.16288e+06	0
2.16298e+06	0
2.16308e+06	0
2.16318e+06	0
2.16328e+06	0
2.16338e+06	0
2.16348e+06	0
2.16358e+06	0
2.16368e+06	0
2.16378e+06	0
2.16388e+06	0
2.16398e+06	0
2.16408e+06	0
2.16418e+06	0
2.16428e+06	0
2.16438e+06	0
2.16448e+06	0
2.16458e+06	0
2.16468e+06	0
2.16478e+06	0
2.16488e+06	0
2.16498e+06	0
2.16508e+06	0
2.16518e+06	0
2.16528e+06	0
2.16538e+06	0
2.16548e+06	0
2.16558e+06	0
2.16568e+06	0
2.16578e+06	0
2.16588e+06	0
2.16598e+06	0
2.16608e+06	0
2.16618e+06	0
2.16628e+06	0
2.16638e+06	0
2.16648e+06	0
2.16658e+06	0
2.16668e+06	0
2.16678e+06	0
2.16688e+06	0
2.16698e+06	0
2.16708e+06	0
2.16718e+06	0
2.16728e+06	0
2.16738e+06	0
2.16748e+06	0
2.16758e+06	0
2.16768e+06	0
2.16778e+06	0
2.16788e+06	0
2.16798e+06	0
2.16808e+06	0
2.16818e+06	0
2.16828e+06	0
2.16838e+06	0
2.16848e+06	0
2.16858e+06	0
2.16868e+06	0
2.16878e+06	0
2.16888e+06	0
2.16898e+06	0
2.16908e+06	0
2.16918e+06	0
2.16928e+06	0
2.16938e+06	0
2.16948e+06	0
2.16958e+06	0
2.16968e+06	0
2.16978e+06	0
2.16988e+06	0
2.16998e+06	0
2.17008e+06	0
2.17018e+06	0
2.17028e+06	0
2.17038e+06	0
2.17048e+06	0
2.17058e+06	0
2.17068e+06	0
2.17078e+06	0
2.17088e+06	0
2.17098e+06	0
2.17108e+06	0
2.17118e+06	0
2.17128e+06	0
2.17138e+06	0
2.17148e+06	0
2.17158e+06	0
2.17168e+06	0
2.17178e+06	0
2.17188e+06	0
2.17198e+06	0
2.17208e+06	0
2.17218e+06	0
2.17228e+06	0
2.17238e+06	0
2.17248e+06	0
2.17258e+06	0
2.17268e+06	0
2.17278e+06	0
2.17288e+06	0
2.17298e+06	0
2.17308e+06	0
2.17318e+06	0
2.17328e+06	0
2.17338e+06	0
2.17348e+06	0
2.17358e+06	0
2.17368e+06	0
2.17378e+06	0
2.17388e+06	0
2.17398e+06	0
2.17408e+06	0
2.17418e+06	0
2.17428e+06	0
2.17438e+06	0
2.17448e+06	0
2.17458e+06	0
2.17468e+06	0
2.17478e+06	0
2.17488e+06	0
2.17498e+06	0
2.17508e+06	0
2.17518e+06	0
2.17528e+06	0
2.17538e+06	0
2.17548e+06	0
2.17558e+06	0
2.17568e+06	0
2.17578e+06	0
2.17588e+06	0
2.17598e+06	0
2.17608e+06	0
2.17618e+06	0
2.17628e+06	0
2.17638e+06	0
2.17648e+06	0
2.17658e+06	0
2.17668e+06	0
2.17678e+06	0
2.17688e+06	0
2.17698e+06	0
2.17708e+06	0
2.17718e+06	0
2.17728e+06	0
2.17738e+06	0
2.17748e+06	0
2.17758e+06	0
2.17768e+06	0
2.17778e+06	0
2.17788e+06	0
2.17798e+06	0
2.17808e+06	0
2.17818e+06	0
2.17828e+06	0
2.17838e+06	0
2.17848e+06	0
2.17858e+06	0
2.17868e+06	0
2.17878e+06	0
2.17888e+06	0
2.17898e+06	0
2.17908e+06	0
2.17918e+06	0
2.17928e+06	0
2.17938e+06	0
2.17948e+06	0
2.17958e+06	0
2.17968e+06	0
2.17978e+06	0
2.17988e+06	0
2.17998e+06	0
2.18008e+06	0
2.18018e+06	0
2.18028e+06	0
2.18038e+06	0
2.18048e+06	0
2.18058e+06	0
2.18068e+06	0
2.18078e+06	0
2.18088e+06	0
2.18098e+06	0
2.18108e+06	0
2.18118e+06	0
2.18128e+06	0
2.18138e+06	0
2.18148e+06	0
2.18158e+06	0
2.18168e+06	0
2.18178e+06	0
2.18188e+06	0
2.18198e+06	0
2.18208e+06	0
2.18218e+06	0
2.18228e+06	0
2.18238e+06	0
2.18248e+06	0
2.18258e+06	0
2.18268e+06	0
2.18278e+06	0
2.18288e+06	0
2.18298e+06	0
2.18308e+06	0
2.18318e+06	0
2.18328e+06	0
2.18338e+06	0
2.18348e+06	0
2.18358e+06	0
2.18368e+06	0
2.18378e+06	0
2.18388e+06	0
2.18398e+06	0
2.18408e+06	0
2.18418e+06	0
2.18428e+06	0
2.18438e+06	0
2.18448e+06	0
2.18458e+06	0
2.18468e+06	0
2.18478e+06	0
2.18488e+06	0
2.18498e+06	0
2.18508e+06	0
2.18518e+06	0
2.18528e+06	0
2.18538e+06	0
2.18548e+06	0
2.18558e+06	0
2.18568e+06	0
2.18578e+06	0
2.18588e+06	0
2.18598e+06	0
2.18608e+06	0
2.18618e+06	0
2.18628e+06	0
2.18638e+06	0
2.18648e+06	0
2.18658e+06	0
2.18668e+06	0
2.18678e+06	0
2.18688e+06	0
2.18698e+06	0
2.18708e+06	0
2.18718e+06	0
2.18728e+06	0
2.18738e+06	0
2.18748e+06	0
2.18758e+06	0
2.18768e+06	0
2.18778e+06	0
2.18788e+06	0
2.18798e+06	0
2.18808e+06	0
2.18818e+06	0
2.18828e+06	0
2.18838e+06	0
2.18848e+06	0
2.18858e+06	0
2.18868e+06	0
2.18878e+06	0
2.18888e+06	0
2.18898e+06	0
2.18908e+06	0
2.18918e+06	0
2.18928e+06	0
2.18938e+06	0
2.18948e+06	0
2.18958e+06	0
2.18968e+06	0
2.18978e+06	0
2.18988e+06	0
2.18998e+06	0
2.19008e+06	0
2.19018e+06	0
2.19028e+06	0
2.19038e+06	0
2.19048e+06	0
2.19058e+06	0
2.19068e+06	0
2.19078e+06	0
2.19088e+06	0
2.19098e+06	0
2.19108e+06	0
2.19118e+06	0
2.19128e+06	0
2.19138e+06	0
2.19148e+06	0
2.19158e+06	0
2.19168e+06	0
2.19178e+06	0
2.19188e+06	0
2.19198e+06	0
2.19208e+06	0
2.19218e+06	0
2.19228e+06	0
2.19238e+06	0
2.19248e+06	0
2.19258e+06	0
2.19268e+06	0
2.19278e+06	0
2.19288e+06	0
2.19298e+06	0
2.19308e+06	0
2.19318e+06	0
2.19328e+06	0
2.19338e+06	0
2.19348e+06	0
2.19358e+06	0
2.19368e+06	0
2.19378e+06	0
2.19388e+06	0
2.19398e+06	0
2.19408e+06	0
2.19418e+06	0
2.19428e+06	0
2.19438e+06	0
2.19448e+06	0
2.19458e+06	0
2.19468e+06	0
2.19478e+06	0
2.19488e+06	0
2.19498e+06	0
2.19508e+06	0
2.19518e+06	0
2.19528e+06	0
2.19538e+06	0
2.19548e+06	0
2.19558e+06	0
2.19568e+06	0
2.19578e+06	0
2.19588e+06	0
2.19598e+06	0
2.19608e+06	0
2.19618e+06	0
2.19628e+06	0
2.19638e+06	0
2.19648e+06	0
2.19658e+06	0
2.19668e+06	0
2.19678e+06	0
2.19688e+06	0
2.19698e+06	0
2.19708e+06	0
2.19718e+06	0
2.19728e+06	0
2.19738e+06	0
2.19748e+06	0
2.19758e+06	0
2.19768e+06	0
2.19778e+06	0
2.19788e+06	0
2.19798e+06	0
2.19808e+06	0
2.19818e+06	0
2.19828e+06	0
2.19838e+06	0
2.19848e+06	0
2.19858e+06	0
2.19868e+06	0
2.19878e+06	0
2.19888e+06	0
2.19898e+06	0
2.19908e+06	0
2.19918e+06	0
2.19928e+06	0
2.19938e+06	0
2.19948e+06	0
2.19958e+06	0
2.19968e+06	0
2.19978e+06	0
2.19988e+06	0
2.19998e+06	0
2.20008e+06	0
2.20018e+06	0
2.20028e+06	0
2.20038e+06	0
2.20048e+06	0
2.20058e+06	0
2.20068e+06	0
2.20078e+06	0
2.20088e+06	0
2.20098e+06	0
2.20108e+06	0
2.20118e+06	0
2.20128e+06	0
2.20138e+06	0
2.20148e+06	0
2.20158e+06	0
2.20168e+06	0
2.20178e+06	0
2.20188e+06	0
2.20198e+06	0
2.20208e+06	0
2.20218e+06	0
2.20228e+06	0
2.20238e+06	0
2.20248e+06	0
2.20258e+06	0
2.20268e+06	0
2.20278e+06	0
2.20288e+06	0
2.20298e+06	0
2.20308e+06	0
2.20318e+06	0
2.20328e+06	0
2.20338e+06	0
2.20348e+06	0
2.20358e+06	0
2.20368e+06	0
2.20378e+06	0
2.20388e+06	0
2.20398e+06	0
2.20408e+06	0
2.20418e+06	0
2.20428e+06	0
2.20438e+06	0
2.20448e+06	0
2.20458e+06	0
2.20468e+06	0
2.20478e+06	0
2.20488e+06	0
2.20498e+06	0
2.20508e+06	0
2.20518e+06	0
2.20528e+06	0
2.20538e+06	0
2.20548e+06	0
2.20558e+06	0
2.20568e+06	0
2.20578e+06	0
2.20588e+06	0
2.20598e+06	0
2.20608e+06	0
2.20618e+06	0
2.20628e+06	0
2.20638e+06	0
2.20648e+06	0
2.20658e+06	0
2.20668e+06	0
2.20678e+06	0
2.20688e+06	0
2.20698e+06	0
2.20708e+06	0
2.20718e+06	0
2.20728e+06	0
2.20738e+06	0
2.20748e+06	0
2.20758e+06	0
2.20768e+06	0
2.20778e+06	0
2.20788e+06	0
2.20798e+06	0
2.20808e+06	0
2.20818e+06	0
2.20828e+06	0
2.20838e+06	0
2.20848e+06	0
2.20858e+06	0
2.20868e+06	0
2.20878e+06	0
2.20888e+06	0
2.20898e+06	0
2.20908e+06	0
2.20918e+06	0
2.20928e+06	0
2.20938e+06	0
2.20948e+06	0
2.20958e+06	0
2.20968e+06	0
2.20978e+06	0
2.20988e+06	0
2.20998e+06	0
2.21008e+06	0
2.21018e+06	0
2.21028e+06	0
2.21038e+06	0
2.21048e+06	0
2.21058e+06	0
2.21068e+06	0
2.21078e+06	0
2.21088e+06	0
2.21098e+06	0
2.21108e+06	0
2.21118e+06	0
2.21128e+06	0
2.21138e+06	0
2.21148e+06	0
2.21158e+06	0
2.21168e+06	0
2.21178e+06	0
2.21188e+06	0
2.21198e+06	0
2.21208e+06	0
2.21218e+06	0
2.21228e+06	0
2.21238e+06	0
2.21248e+06	0
2.21258e+06	0
2.21268e+06	0
2.21278e+06	0
2.21288e+06	0
2.21298e+06	0
2.21308e+06	0
2.21318e+06	0
2.21328e+06	0
2.21338e+06	0
2.21348e+06	0
2.21358e+06	0
2.21368e+06	0
2.21378e+06	0
2.21388e+06	0
2.21398e+06	0
2.21408e+06	0
2.21418e+06	0
2.21428e+06	0
2.21438e+06	0
2.21448e+06	0
2.21458e+06	0
2.21468e+06	0
2.21478e+06	0
2.21488e+06	0
2.21498e+06	0
2.21508e+06	0
2.21518e+06	0
2.21528e+06	0
2.21538e+06	0
2.21548e+06	0
2.21558e+06	0
2.21568e+06	0
2.21578e+06	0
2.21588e+06	0
2.21598e+06	0
2.21608e+06	0
2.21618e+06	0
2.21628e+06	0
2.21638e+06	0
2.21648e+06	0
2.21658e+06	0
2.21668e+06	0
2.21678e+06	0
2.21688e+06	0
2.21698e+06	0
2.21708e+06	0
2.21718e+06	0
2.21728e+06	0
2.21738e+06	0
2.21748e+06	0
2.21758e+06	0
2.21768e+06	0
2.21778e+06	0
2.21788e+06	0
2.21798e+06	0
2.21808e+06	0
2.21818e+06	0
2.21828e+06	0
2.21838e+06	0
2.21848e+06	0
2.21858e+06	0
2.21868e+06	0
2.21878e+06	0
2.21888e+06	0
2.21898e+06	0
2.21908e+06	0
2.21918e+06	0
2.21928e+06	0
2.21938e+06	0
2.21948e+06	0
2.21958e+06	0
2.21968e+06	0
2.21978e+06	0
2.21988e+06	0
2.21998e+06	0
2.22008e+06	0
2.22018e+06	0
2.22028e+06	0
2.22038e+06	0
2.22048e+06	0
2.22058e+06	0
2.22068e+06	0
2.22078e+06	0
2.22088e+06	0
2.22098e+06	0
2.22108e+06	0
2.22118e+06	0
2.22128e+06	0
2.22138e+06	0
2.22148e+06	0
2.22158e+06	0
2.22168e+06	0
2.22178e+06	0
2.22188e+06	0
2.22198e+06	0
2.22208e+06	0
2.22218e+06	0
2.22228e+06	0
2.22238e+06	0
2.22248e+06	0
2.22258e+06	0
2.22268e+06	0
2.22278e+06	0
2.22288e+06	0
2.22298e+06	0
2.22308e+06	0
2.22318e+06	0
2.22328e+06	0
2.22338e+06	0
2.22348e+06	0
2.22358e+06	0
2.22368e+06	0
2.22378e+06	0
2.22388e+06	0
2.22398e+06	0
2.22408e+06	0
2.22418e+06	0
2.22428e+06	0
2.22438e+06	0
2.22448e+06	0
2.22458e+06	0
2.22468e+06	0
2.22478e+06	0
2.22488e+06	0
2.22498e+06	0
2.22508e+06	0
2.22518e+06	0
2.22528e+06	0
2.22538e+06	0
2.22548e+06	0
2.22558e+06	0
2.22568e+06	0
2.22578e+06	0
2.22588e+06	0
2.22598e+06	0
2.22608e+06	0
2.22618e+06	0
2.22628e+06	0
2.22638e+06	0
2.22648e+06	0
2.22658e+06	0
2.22668e+06	0
2.22678e+06	0
2.22688e+06	0
2.22698e+06	0
2.22708e+06	0
2.22718e+06	0
2.22728e+06	0
2.22738e+06	0
2.22748e+06	0
2.22758e+06	0
2.22768e+06	0
2.22778e+06	0
2.22788e+06	0
2.22798e+06	0
2.22808e+06	0
2.22818e+06	0
2.22828e+06	0
2.22838e+06	0
2.22848e+06	0
2.22858e+06	0
2.22868e+06	0
2.22878e+06	0
2.22888e+06	0
2.22898e+06	0
2.22908e+06	0
2.22918e+06	0
2.22928e+06	0
2.22938e+06	0
2.22948e+06	0
2.22958e+06	0
2.22968e+06	0
2.22978e+06	0
2.22988e+06	0
2.22998e+06	0
2.23008e+06	0
2.23018e+06	0
2.23028e+06	0
2.23038e+06	0
2.23048e+06	0
2.23058e+06	0
2.23068e+06	0
2.23078e+06	0
2.23088e+06	0
2.23098e+06	0
2.23108e+06	0
2.23118e+06	0
2.23128e+06	0
2.23138e+06	0
2.23148e+06	0
2.23158e+06	0
2.23168e+06	0
2.23178e+06	0
2.23188e+06	0
2.23198e+06	0
2.23208e+06	0
2.23218e+06	0
2.23228e+06	0
2.23238e+06	0
2.23248e+06	0
2.23258e+06	0
2.23268e+06	0
2.23278e+06	0
2.23288e+06	0
2.23298e+06	0
2.23308e+06	0
2.23318e+06	0
2.23328e+06	0
2.23338e+06	0
2.23348e+06	0
2.23358e+06	0
2.23368e+06	0
2.23378e+06	0
2.23388e+06	0
2.23398e+06	0
2.23408e+06	0
2.23418e+06	0
2.23428e+06	0
2.23438e+06	0
2.23448e+06	0
2.23458e+06	0
2.23468e+06	0
2.23478e+06	0
2.23488e+06	0
2.23498e+06	0
2.23508e+06	0
2.23518e+06	0
2.23528e+06	0
2.23538e+06	0
2.23548e+06	0
2.23558e+06	0
2.23568e+06	0
2.23578e+06	0
2.23588e+06	0
2.23598e+06	0
2.23608e+06	0
2.23618e+06	0
2.23628e+06	0
2.23638e+06	0
2.23648e+06	0
2.23658e+06	0
2.23668e+06	0
2.23678e+06	0
2.23688e+06	0
2.23698e+06	0
2.23708e+06	0
2.23718e+06	0
2.23728e+06	0
2.23738e+06	0
2.23748e+06	0
2.23758e+06	0
2.23768e+06	0
2.23778e+06	0
2.23788e+06	0
2.23798e+06	0
2.23808e+06	0
2.23818e+06	0
2.23828e+06	0
2.23838e+06	0
2.23848e+06	0
2.23858e+06	0
2.23868e+06	0
2.23878e+06	0
2.23888e+06	0
2.23898e+06	0
2.23908e+06	0
2.23918e+06	0
2.23928e+06	0
2.23938e+06	0
2.23948e+06	0
2.23958e+06	0
2.23968e+06	0
2.23978e+06	0
2.23988e+06	0
2.23998e+06	0
2.24008e+06	0
2.24018e+06	0
2.24028e+06	0
2.24038e+06	0
2.24048e+06	0
2.24058e+06	0
2.24068e+06	0
2.24078e+06	0
2.24088e+06	0
2.24098e+06	0
2.24108e+06	0
2.24118e+06	0
2.24128e+06	0
2.24138e+06	0
2.24148e+06	0
2.24158e+06	0
2.24168e+06	0
2.24178e+06	0
2.24188e+06	0
2.24198e+06	0
2.24208e+06	0
2.24218e+06	0
2.24228e+06	0
2.24238e+06	0
2.24248e+06	0
2.24258e+06	0
2.24268e+06	0
2.24278e+06	0
2.24288e+06	0
2.24298e+06	0
2.24308e+06	0
2.24318e+06	0
2.24328e+06	0
2.24338e+06	0
2.24348e+06	0
2.24358e+06	0
2.24368e+06	0
2.24378e+06	0
2.24388e+06	0
2.24398e+06	0
2.24408e+06	0
2.24418e+06	0
2.24428e+06	0
2.24438e+06	0
2.24448e+06	0
2.24458e+06	0
2.24468e+06	0
2.24478e+06	0
2.24488e+06	0
2.24498e+06	0
2.24508e+06	0
2.24518e+06	0
2.24528e+06	0
2.24538e+06	0
2.24548e+06	0
2.24558e+06	0
2.24568e+06	0
2.24578e+06	0
2.24588e+06	0
2.24598e+06	0
2.24608e+06	0
2.24618e+06	0
2.24628e+06	0
2.24638e+06	0
2.24648e+06	0
2.24658e+06	0
2.24668e+06	0
2.24678e+06	0
2.24688e+06	0
2.24698e+06	0
2.24708e+06	0
2.24718e+06	0
2.24728e+06	0
2.24738e+06	0
2.24748e+06	0
2.24758e+06	0
2.24768e+06	0
2.24778e+06	0
2.24788e+06	0
2.24798e+06	0
2.24808e+06	0
2.24818e+06	0
2.24828e+06	0
2.24838e+06	0
2.24848e+06	0
2.24858e+06	0
2.24868e+06	0
2.24878e+06	0
2.24888e+06	0
2.24898e+06	0
2.24908e+06	0
2.24918e+06	0
2.24928e+06	0
2.24938e+06	0
2.24948e+06	0
2.24958e+06	0
2.24968e+06	0
2.24978e+06	0
2.24988e+06	0
2.24998e+06	0
2.25008e+06	0
2.25018e+06	0
2.25028e+06	0
2.25038e+06	0
2.25048e+06	0
2.25058e+06	0
2.25068e+06	0
2.25078e+06	0
2.25088e+06	0
2.25098e+06	0
2.25108e+06	0
2.25118e+06	0
2.25128e+06	0
2.25138e+06	0
2.25148e+06	0
2.25158e+06	0
2.25168e+06	0
2.25178e+06	0
2.25188e+06	0
2.25198e+06	0
2.25208e+06	0
2.25218e+06	0
2.25228e+06	0
2.25238e+06	0
2.25248e+06	0
2.25258e+06	0
2.25268e+06	0
2.25278e+06	0
2.25288e+06	0
2.25298e+06	0
2.25308e+06	0
2.25318e+06	0
2.25328e+06	0
2.25338e+06	0
2.25348e+06	0
2.25358e+06	0
2.25368e+06	0
2.25378e+06	0
2.25388e+06	0
2.25398e+06	0
2.25408e+06	0
2.25418e+06	0
2.25428e+06	0
2.25438e+06	0
2.25448e+06	0
2.25458e+06	0
2.25468e+06	0
2.25478e+06	0
2.25488e+06	0
2.25498e+06	0
2.25508e+06	0
2.25518e+06	0
2.25528e+06	0
2.25538e+06	0
2.25548e+06	0
2.25558e+06	0
2.25568e+06	0
2.25578e+06	0
2.25588e+06	0
2.25598e+06	0
2.25608e+06	0
2.25618e+06	0
2.25628e+06	0
2.25638e+06	0
2.25648e+06	0
2.25658e+06	0
2.25668e+06	0
2.25678e+06	0
2.25688e+06	0
2.25698e+06	0
2.25708e+06	0
2.25718e+06	0
2.25728e+06	0
2.25738e+06	0
2.25748e+06	0
2.25758e+06	0
2.25768e+06	0
2.25778e+06	0
2.25788e+06	0
2.25798e+06	0
2.25808e+06	0
2.25818e+06	0
2.25828e+06	0
2.25838e+06	0
2.25848e+06	0
2.25858e+06	0
2.25868e+06	0
2.25878e+06	0
2.25888e+06	0
2.25898e+06	0
2.25908e+06	0
2.25918e+06	0
2.25928e+06	0
2.25938e+06	0
2.25948e+06	0
2.25958e+06	0
2.25968e+06	0
2.25978e+06	0
2.25988e+06	0
2.25998e+06	0
2.26008e+06	0
2.26018e+06	0
2.26028e+06	0
2.26038e+06	0
2.26048e+06	0
2.26058e+06	0
2.26068e+06	0
2.26078e+06	0
2.26088e+06	0
2.26098e+06	0
2.26108e+06	0
2.26118e+06	0
2.26128e+06	0
2.26138e+06	0
2.26148e+06	0
2.26158e+06	0
2.26168e+06	0
2.26178e+06	0
2.26188e+06	0
2.26198e+06	0
2.26208e+06	0
2.26218e+06	0
2.26228e+06	0
2.26238e+06	0
2.26248e+06	0
2.26258e+06	0
2.26268e+06	0
2.26278e+06	0
2.26288e+06	0
2.26298e+06	0
2.26308e+06	0
2.26318e+06	0
2.26328e+06	0
2.26338e+06	0
2.26348e+06	0
2.26358e+06	0
2.26368e+06	0
2.26378e+06	0
2.26388e+06	0
2.26398e+06	0
2.26408e+06	0
2.26418e+06	0
2.26428e+06	0
2.26438e+06	0
2.26448e+06	0
2.26458e+06	0
2.26468e+06	0
2.26478e+06	0
2.26488e+06	0
2.26498e+06	0
2.26508e+06	0
2.26518e+06	0
2.26528e+06	0
2.26538e+06	0
2.26548e+06	0
2.26558e+06	0
2.26568e+06	0
2.26578e+06	0
2.26588e+06	0
2.26598e+06	0
2.26608e+06	0
2.26618e+06	0
2.26628e+06	0
2.26638e+06	0
2.26648e+06	0
2.26658e+06	0
2.26668e+06	0
2.26678e+06	0
2.26688e+06	0
2.26698e+06	0
2.26708e+06	0
2.26718e+06	0
2.26728e+06	0
2.26738e+06	0
2.26748e+06	0
2.26758e+06	0
2.26768e+06	0
2.26778e+06	0
2.26788e+06	0
2.26798e+06	0
2.26808e+06	0
2.26818e+06	0
2.26828e+06	0
2.26838e+06	0
2.26848e+06	0
2.26858e+06	0
2.26868e+06	0
2.26878e+06	0
2.26888e+06	0
2.26898e+06	0
2.26908e+06	0
2.26918e+06	0
2.26928e+06	0
2.26938e+06	0
2.26948e+06	0
2.26958e+06	0
2.26968e+06	0
2.26978e+06	0
2.26988e+06	0
2.26998e+06	0
2.27008e+06	0
2.27018e+06	0
2.27028e+06	0
2.27038e+06	0
2.27048e+06	0
2.27058e+06	0
2.27068e+06	0
2.27078e+06	0
2.27088e+06	0
2.27098e+06	0
2.27108e+06	0
2.27118e+06	0
2.27128e+06	0
2.27138e+06	0
2.27148e+06	0
2.27158e+06	0
2.27168e+06	0
2.27178e+06	0
2.27188e+06	0
2.27198e+06	0
2.27208e+06	0
2.27218e+06	0
2.27228e+06	0
2.27238e+06	0
2.27248e+06	0
2.27258e+06	0
2.27268e+06	0
2.27278e+06	0
2.27288e+06	0
2.27298e+06	0
2.27308e+06	0
2.27318e+06	0
2.27328e+06	0
2.27338e+06	0
2.27348e+06	0
2.27358e+06	0
2.27368e+06	0
2.27378e+06	0
2.27388e+06	0
2.27398e+06	0
2.27408e+06	0
2.27418e+06	0
2.27428e+06	0
2.27438e+06	0
2.27448e+06	0
2.27458e+06	0
2.27468e+06	0
2.27478e+06	0
2.27488e+06	0
2.27498e+06	0
2.27508e+06	0
2.27518e+06	0
2.27528e+06	0
2.27538e+06	0
2.27548e+06	0
2.27558e+06	0
2.27568e+06	0
2.27578e+06	0
2.27588e+06	0
2.27598e+06	0
2.27608e+06	0
2.27618e+06	0
2.27628e+06	0
2.27638e+06	0
2.27648e+06	0
2.27658e+06	0
2.27668e+06	0
2.27678e+06	0
2.27688e+06	0
2.27698e+06	0
2.27708e+06	0
2.27718e+06	0
2.27728e+06	0
2.27738e+06	0
2.27748e+06	0
2.27758e+06	0
2.27768e+06	0
2.27778e+06	0
2.27788e+06	0
2.27798e+06	0
2.27808e+06	0
2.27818e+06	0
2.27828e+06	0
2.27838e+06	0
2.27848e+06	0
2.27858e+06	0
2.27868e+06	0
2.27878e+06	0
2.27888e+06	0
2.27898e+06	0
2.27908e+06	0
2.27918e+06	0
2.27928e+06	0
2.27938e+06	0
2.27948e+06	0
2.27958e+06	0
2.27968e+06	0
2.27978e+06	0
2.27988e+06	0
2.27998e+06	0
2.28008e+06	0
2.28018e+06	0
2.28028e+06	0
2.28038e+06	0
2.28048e+06	0
2.28058e+06	0
2.28068e+06	0
2.28078e+06	0
2.28088e+06	0
2.28098e+06	0
2.28108e+06	0
2.28118e+06	0
2.28128e+06	0
2.28138e+06	0
2.28148e+06	0
2.28158e+06	0
2.28168e+06	0
2.28178e+06	0
2.28188e+06	0
2.28198e+06	0
2.28208e+06	0
2.28218e+06	0
2.28228e+06	0
2.28238e+06	0
2.28248e+06	0
2.28258e+06	0
2.28268e+06	0
2.28278e+06	0
2.28288e+06	0
2.28298e+06	0
2.28308e+06	0
2.28318e+06	0
2.28328e+06	0
2.28338e+06	0
2.28348e+06	0
2.28358e+06	0
2.28368e+06	0
2.28378e+06	0
2.28388e+06	0
2.28398e+06	0
2.28408e+06	0
2.28418e+06	0
2.28428e+06	0
2.28438e+06	0
2.28448e+06	0
2.28458e+06	0
2.28468e+06	0
2.28478e+06	0
2.28488e+06	0
2.28498e+06	0
2.28508e+06	0
2.28518e+06	0
2.28528e+06	0
2.28538e+06	0
2.28548e+06	0
2.28558e+06	0
2.28568e+06	0
2.28578e+06	0
2.28588e+06	0
2.28598e+06	0
2.28608e+06	0
2.28618e+06	0
2.28628e+06	0
2.28638e+06	0
2.28648e+06	0
2.28658e+06	0
2.28668e+06	0
2.28678e+06	0
2.28688e+06	0
2.28698e+06	0
2.28708e+06	0
2.28718e+06	0
2.28728e+06	0
2.28738e+06	0
2.28748e+06	0
2.28758e+06	0
2.28768e+06	0
2.28778e+06	0
2.28788e+06	0
2.28798e+06	0
2.28808e+06	0
2.28818e+06	0
2.28828e+06	0
2.28838e+06	0
2.28848e+06	0
2.28858e+06	0
2.28868e+06	0
2.28878e+06	0
2.28888e+06	0
2.28898e+06	0
2.28908e+06	0
2.28918e+06	0
2.28928e+06	0
2.28938e+06	0
2.28948e+06	0
2.28958e+06	0
2.28968e+06	0
2.28978e+06	0
2.28988e+06	0
2.28998e+06	0
2.29008e+06	0
2.29018e+06	0
2.29028e+06	0
2.29038e+06	0
2.29048e+06	0
2.29058e+06	0
2.29068e+06	0
2.29078e+06	0
2.29088e+06	0
2.29098e+06	0
2.29108e+06	0
2.29118e+06	0
2.29128e+06	0
2.29138e+06	0
2.29148e+06	0
2.29158e+06	0
2.29168e+06	0
2.29178e+06	0
2.29188e+06	0
2.29198e+06	0
2.29208e+06	0
2.29218e+06	0
2.29228e+06	0
2.29238e+06	0
2.29248e+06	0
2.29258e+06	0
2.29268e+06	0
2.29278e+06	0
2.29288e+06	0
2.29298e+06	0
2.29308e+06	0
2.29318e+06	0
2.29328e+06	0
2.29338e+06	0
2.29348e+06	0
2.29358e+06	0
2.29368e+06	2.96439e-323
2.29378e+06	1.45255e-321
2.29388e+06	6.70249e-320
2.29398e+06	3.057e-318
2.29408e+06	1.38046e-316
2.29418e+06	6.1718e-315
2.29428e+06	2.73184e-313
2.29438e+06	1.19717e-311
2.29448e+06	5.19415e-310
2.29458e+06	2.23115e-308
2.29468e+06	9.48859e-307
2.29478e+06	3.99513e-305
2.29488e+06	1.66539e-303
2.29498e+06	6.87321e-302
2.29508e+06	2.80841e-300
2.29518e+06	1.1361e-298
2.29528e+06	4.55021e-297
2.29538e+06	1.80428e-295
2.29548e+06	7.08324e-294
2.29558e+06	2.75307e-292
2.29568e+06	1.0594e-290
2.29578e+06	4.03608e-289
2.29588e+06	1.52236e-287
2.29598e+06	5.68499e-286
2.29608e+06	2.10184e-284
2.29618e+06	7.69358e-283
2.29628e+06	2.78813e-281
2.29638e+06	1.00036e-279
2.29648e+06	3.55348e-278
2.29658e+06	1.24971e-276
2.29668e+06	4.35135e-275
2.29678e+06	1.50001e-273
2.29688e+06	5.11942e-272
2.29698e+06	1.72984e-270
2.29708e+06	5.78691e-269
2.29718e+06	1.91666e-267
2.29728e+06	6.28493e-266
2.29738e+06	2.04039e-264
2.29748e+06	6.55817e-263
2.29758e+06	2.08694e-261
2.29768e+06	6.57496e-260
2.29778e+06	2.05085e-258
2.29788e+06	6.33332e-257
2.29798e+06	1.93636e-255
2.29808e+06	5.86136e-254
2.29818e+06	1.75658e-252
2.29828e+06	5.21187e-251
2.29838e+06	1.531e-249
2.29848e+06	4.45263e-248
2.29858e+06	1.28208e-246
2.29868e+06	3.65483e-245
2.29878e+06	1.03152e-243
2.29888e+06	2.88235e-242
2.29898e+06	7.97394e-241
2.29908e+06	2.18401e-239
2.29918e+06	5.92236e-238
2.29928e+06	1.58998e-236
2.29938e+06	4.22615e-235
2.29948e+06	1.11213e-233
2.29958e+06	2.8975e-232
2.29968e+06	7.47391e-231
2.29978e+06	1.90867e-229
2.29988e+06	4.82579e-228
2.29998e+06	1.20799e-226
2.30008e+06	2.99377e-225
2.30018e+06	7.34561e-224
2.30028e+06	1.78441e-222
2.30038e+06	4.2916e-221
2.30048e+06	1.02188e-219
2.30058e+06	2.40901e-218
2.30068e+06	5.62256e-217
2.30078e+06	1.29923e-215
2.30088e+06	2.97232e-214
2.30098e+06	6.73228e-213
2.30108e+06	1.50968e-211
2.30118e+06	3.35171e-210
2.30128e+06	7.36723e-209
2.30138e+06	1.60324e-207
2.30148e+06	3.45423e-206
2.30158e+06	7.36817e-205
2.30168e+06	1.55606e-203
2.30178e+06	3.25348e-202
2.30188e+06	6.73486e-201
2.30198e+06	1.38027e-199
2.30208e+06	2.80065e-198
2.30218e+06	5.62614e-197
2.30228e+06	1.11897e-195
2.30238e+06	2.20335e-194
2.30248e+06	4.29543e-193
2.30258e+06	8.2906e-192
2.30268e+06	1.58424e-190
2.30278e+06	2.9972e-189
2.30288e+06	5.61392e-188
2.30298e+06	1.04106e-186
2.30308e+06	1.91134e-185
2.30318e+06	3.47424e-184
2.30328e+06	6.25229e-183
2.30338e+06	1.11397e-181
2.30348e+06	1.96502e-180
2.30358e+06	3.43177e-179
2.30368e+06	5.93369e-178
2.30378e+06	1.01575e-176
2.30388e+06	1.72151e-175
2.30398e+06	2.8886e-174
2.30408e+06	4.7987e-173
2.30418e+06	7.89252e-172
2.30428e+06	1.28518e-170
2.30438e+06	2.07191e-169
2.30448e+06	3.307e-168
2.30458e+06	5.22583e-167
2.30468e+06	8.17585e-166
2.30478e+06	1.26639e-164
2.30488e+06	1.94204e-163
2.30498e+06	2.94854e-162
2.30508e+06	4.43214e-161
2.30518e+06	6.59593e-160
2.30528e+06	9.71843e-159
2.30538e+06	1.41766e-157
2.30548e+06	2.04742e-156
2.30558e+06	2.92751e-155
2.30568e+06	4.14425e-154
2.30578e+06	5.80833e-153
2.30588e+06	8.0596e-152
2.30598e+06	1.10722e-150
2.30608e+06	1.50594e-149
2.30618e+06	2.02788e-148
2.30628e+06	2.70354e-147
2.30638e+06	3.56846e-146
2.30648e+06	4.66321e-145
2.30658e+06	6.03318e-144
2.30668e+06	7.72796e-143
2.30678e+06	9.80033e-142
2.30688e+06	1.23048e-140
2.30698e+06	1.52955e-139
2.30708e+06	1.88239e-138
2.30718e+06	2.29358e-137
2.30728e+06	2.76678e-136
2.30738e+06	3.3044e-135
2.30748e+06	3.90722e-134
2.30758e+06	4.57405e-133
2.30768e+06	5.30139e-132
2.30778e+06	6.08325e-131
2.30788e+06	6.91097e-130
2.30798e+06	7.7732e-129
2.30808e+06	8.65599e-128
2.30818e+06	9.54314e-127
2.30828e+06	1.04165e-125
2.30838e+06	1.12567e-124
2.30848e+06	1.20436e-123
2.30858e+06	1.27573e-122
2.30868e+06	1.33789e-121
2.30878e+06	1.38911e-120
2.30888e+06	1.42794e-119
2.30898e+06	1.45325e-118
2.30908e+06	1.4643e-117
2.30918e+06	1.46074e-116
2.30928e+06	1.4427e-115
2.30938e+06	1.4107e-114
2.30948e+06	1.36569e-113
2.30958e+06	1.30896e-112
2.30968e+06	1.2421e-111
2.30978e+06	1.16692e-110
2.30988e+06	1.08539e-109
2.30998e+06	9.99513e-109
2.31008e+06	9.1127e-108
2.31018e+06	8.2255e-107
2.31028e+06	7.35081e-106
2.31038e+06	6.50377e-105
2.31048e+06	5.69707e-104
2.31058e+06	4.94078e-103
2.31068e+06	4.24225e-102
2.31078e+06	3.60624e-101
2.31088e+06	3.03507e-100
2.31098e+06	2.52896e-99
2.31108e+06	2.08627e-98
2.31118e+06	1.70395e-97
2.31128e+06	1.37784e-96
2.31138e+06	1.10306e-95
2.31148e+06	8.74293e-95
2.31158e+06	6.86075e-94
2.31168e+06	5.33019e-93
2.31178e+06	4.09988e-92
2.31188e+06	3.12217e-91
2.31198e+06	2.35396e-90
2.31208e+06	1.75711e-89
2.31218e+06	1.29854e-88
2.31228e+06	9.501e-88
2.31238e+06	6.88241e-87
2.31248e+06	4.93592e-86
2.31258e+06	3.50472e-85
2.31268e+06	2.46374e-84
2.31278e+06	1.71472e-83
2.31288e+06	1.18154e-82
2.31298e+06	8.06053e-82
2.31308e+06	5.44419e-81
2.31318e+06	3.6405e-80
2.31328e+06	2.41016e-79
2.31338e+06	1.57974e-78
2.31348e+06	1.02514e-77
2.31358e+06	6.58628e-77
2.31368e+06	4.18941e-76
2.31378e+06	2.63829e-75
2.31388e+06	1.64494e-74
2.31398e+06	1.01539e-73
2.31408e+06	6.20546e-73
2.31418e+06	3.75467e-72
2.31428e+06	2.24919e-71
2.31438e+06	1.33395e-70
2.31448e+06	7.83263e-70
2.31458e+06	4.55338e-69
2.31468e+06	2.6207e-68
2.31478e+06	1.49333e-67
2.31488e+06	8.42469e-67
2.31498e+06	4.70553e-66
2.31508e+06	2.60207e-65
2.31518e+06	1.42458e-64
2.31528e+06	7.72171e-64
2.31538e+06	4.14378e-63
2.31548e+06	2.20159e-62
2.31558e+06	1.15806e-61
2.31568e+06	6.03096e-61
2.31578e+06	3.10955e-60
2.31588e+06	1.58732e-59
2.31598e+06	8.02214e-59
2.31608e+06	4.01395e-58
2.31618e+06	1.98844e-57
2.31628e+06	9.75231e-57
2.31638e+06	4.73545e-56
2.31648e+06	2.27652e-55
2.31658e+06	1.08352e-54
2.31668e+06	5.1058e-54
2.31678e+06	2.38202e-53
2.31688e+06	1.10023e-52
2.31698e+06	5.0313e-52
2.31708e+06	2.27789e-51
2.31718e+06	1.02104e-50
2.31728e+06	4.53117e-50
2.31738e+06	1.99083e-49
2.31748e+06	8.65996e-49
2.31758e+06	3.72953e-48
2.31768e+06	1.59019e-47
2.31778e+06	6.71279e-47
2.31788e+06	2.80552e-46
2.31798e+06	1.16086e-45
2.31808e+06	4.75559e-45
2.31818e+06	1.92879e-44
2.31828e+06	7.74506e-44
2.31838e+06	3.07908e-43
2.31848e+06	1.21192e-42
2.31858e+06	4.72263e-42
2.31868e+06	1.82201e-41
2.31878e+06	6.95947e-41
2.31888e+06	2.63183e-40
2.31898e+06	9.85367e-40
2.31908e+06	3.65254e-39
2.31918e+06	1.34044e-38
2.31928e+06	4.87035e-38
2.31938e+06	1.75198e-37
2.31948e+06	6.23958e-37
2.31958e+06	2.20008e-36
2.31968e+06	7.68034e-36
2.31978e+06	2.65448e-35
2.31988e+06	9.08314e-35
2.31998e+06	3.07716e-34
2.32008e+06	1.0321e-33
2.32018e+06	3.4273e-33
2.32028e+06	1.12678e-32
2.32038e+06	3.66762e-32
2.32048e+06	1.18192e-31
2.32058e+06	3.77093e-31
2.32068e+06	1.19115e-30
2.32078e+06	3.72517e-30
2.32088e+06	1.1534e-29
2.32098e+06	3.5357e-29
2.32108e+06	1.07307e-28
2.32118e+06	3.22434e-28
2.32128e+06	9.59204e-28
2.32138e+06	2.82514e-27
2.32148e+06	8.23814e-27
2.32158e+06	2.37836e-26
2.32168e+06	6.79806e-26
2.32178e+06	1.92377e-25
2.32188e+06	5.3899e-25
2.32198e+06	1.49509e-24
2.32208e+06	4.10598e-24
2.32218e+06	1.11642e-23
2.32228e+06	3.00537e-23
2.32238e+06	8.00995e-23
2.32248e+06	2.11361e-22
2.32258e+06	5.52181e-22
2.32268e+06	1.42824e-21
2.32278e+06	3.65751e-21
2.32288e+06	9.27329e-21
2.32298e+06	2.32781e-20
2.32308e+06	5.78529e-20
2.32318e+06	1.42354e-19
2.32328e+06	3.46802e-19
2.32338e+06	8.36491e-19
2.32348e+06	1.99761e-18
2.32358e+06	4.72312e-18
2.32368e+06	1.10565e-17
2.32378e+06	2.5626e-17
2.32388e+06	5.88054e-17
2.32398e+06	1.33607e-16
2.32408e+06	3.00551e-16
2.32418e+06	6.69398e-16
2.32428e+06	1.47616e-15
2.32438e+06	3.22302e-15
2.32448e+06	6.96752e-15
2.32458e+06	1.49136e-14
2.32468e+06	3.16063e-14
2.32478e+06	6.63224e-14
2.32488e+06	1.37798e-13
2.32498e+06	2.83481e-13
2.32508e+06	5.77443e-13
2.32518e+06	1.16467e-12
2.32528e+06	2.32598e-12
2.32538e+06	4.59967e-12
2.32548e+06	9.00677e-12
2.32558e+06	1.74638e-11
2.32568e+06	3.35306e-11
2.32578e+06	6.37504e-11
2.32588e+06	1.20025e-10
2.32598e+06	2.23777e-10
2.32608e+06	4.13162e-10
2.32618e+06	7.55434e-10
2.32628e+06	1.3679e-09
2.32638e+06	2.45302e-09
2.32648e+06	4.35663e-09
2.32658e+06	7.66325e-09
2.32668e+06	1.33506e-08
2.32678e+06	2.30372e-08
2.32688e+06	3.93741e-08
2.32698e+06	6.66592e-08
2.32708e+06	1.11788e-07
2.32718e+06	1.85708e-07
2.32728e+06	3.05624e-07
2.32738e+06	4.9829e-07
2.32748e+06	8.04891e-07
2.32758e+06	1.28816e-06
2.32768e+06	2.04272e-06
2.32778e+06	3.20974e-06
2.32788e+06	4.99783e-06
2.32798e+06	7.71198e-06
2.32808e+06	1.17937e-05
2.32818e+06	1.78754e-05
2.32828e+06	2.68544e-05
2.32838e+06	3.99901e-05
2.32848e+06	5.90327e-05
2.32858e+06	8.63902e-05
2.32868e+06	0.000125341
2.32878e+06	0.000180304
2.32888e+06	0.000257173
2.32898e+06	0.000363728
2.32908e+06	0.000510134
2.32918e+06	0.000709525
2.32928e+06	0.000978693
2.32938e+06	0.00133887
2.32948e+06	0.00181659
2.32958e+06	0.00244465
2.32968e+06	0.00326308
2.32978e+06	0.00432012
2.32988e+06	0.00567316
2.32998e+06	0.00738955
2.33008e+06	0.00954712
2.33018e+06	0.0122344
2.33028e+06	0.0155504
2.33038e+06	0.0196038
2.33048e+06	0.0245112
2.33058e+06	0.0303948
2.33068e+06	0.0373788
2.33078e+06	0.0455853
2.33088e+06	0.0551285
2.33098e+06	0.0661082
2.33108e+06	0.0786029
2.33118e+06	0.0926618
2.33128e+06	0.108297
2.33138e+06	0.125475
2.33148e+06	0.144112
2.33158e+06	0.164064
2.33168e+06	0.18513
2.33178e+06	0.207042
2.33188e+06	0.229475
2.33198e+06	0.252047
2.33208e+06	0.274329
2.33218e+06	0.295859
2.33228e+06	0.316152
2.33238e+06	0.334722
2.33248e+06	0.351098
2.33258e+06	0.364844
2.33268e+06	0.375582
2.33278e+06	0.383001
2.33288e+06	0.386881
2.33298e+06	0.387099
2.33308e+06	0.383633
2.33318e+06	0.376572
2.33328e+06	0.366103
2.33338e+06	0.352509
2.33348e+06	0.336153
2.33358e+06	0.317463
2.33368e+06	0.296912
2.33378e+06	0.275
2.33388e+06	0.252231
2.33398e+06	0.229095
2.33408e+06	0.206054
2.33418e+06	0.18352
2.33428e+06	0.161852
2.33438e+06	0.141344
2.33448e+06	0.122225
2.33458e+06	0.104654
2.33468e+06	0.0887287
2.33478e+06	0.0744867
2.33488e+06	0.0619151
2.33498e+06	0.050958
2.33508e+06	0.0415265
2.33518e+06	0.0335065
2.33528e+06	0.0267685
2.33538e+06	0.0211741
2.33548e+06	0.0165833
2.33558e+06	0.0128594
2.33568e+06	0.00987298
2.33578e+06	0.00750508
2.33588e+06	0.00564857
2.33598e+06	0.00420918
2.33608e+06	0.00310549
2.33618e+06	0.00226848
2.33628e+06	0.00164063
2.33638e+06	0.00117478
2.33648e+06	0.000832861
2.33658e+06	0.0005846
2.33668e+06	0.000406273
2.33678e+06	0.000279547
2.33688e+06	0.000190454
2.33698e+06	0.000128487
2.33708e+06	8.58544e-05
2.33718e+06	5.68489e-05
2.33728e+06	3.73475e-05
2.33738e+06	2.44115e-05
2.33748e+06	1.59765e-05
2.33758e+06	1.06161e-05
2.33768e+06	7.36538e-06
2.33778e+06	5.59097e-06
2.33788e+06	4.89789e-06
2.33798e+06	5.06442e-06
2.33808e+06	5.99773e-06
2.33818e+06	7.70511e-06
2.33828e+06	1.02763e-05
2.33838e+06	1.38739e-05
2.33848e+06	1.87286e-05
2.33858e+06	2.51381e-05
2.33868e+06	3.34671e-05
2.33878e+06	4.41474e-05
2.33888e+06	5.7676e-05
2.33898e+06	7.46114e-05
2.33908e+06	9.5565e-05
2.33918e+06	0.000121188
2.33928e+06	0.000152155
2.33938e+06	0.000189134
2.33948e+06	0.000232761
2.33958e+06	0.000283602
2.33968e+06	0.000342109
2.33978e+06	0.000408581
2.33988e+06	0.000483112
2.33998e+06	0.000565556
2.34008e+06	0.00065548
2.34018e+06	0.000752144
2.34028e+06	0.000854475
2.34038e+06	0.00096107
2.34048e+06	0.00107021
2.34058e+06	0.00117988
2.34068e+06	0.00128785
2.34078e+06	0.00139171
2.34088e+06	0.00148898
2.34098e+06	0.0015772
2.34108e+06	0.00165402
2.34118e+06	0.00171733
2.34128e+06	0.00176531
2.34138e+06	0.00179659
2.34148e+06	0.00181022
2.34158e+06	0.00180581
2.34168e+06	0.00178348
2.34178e+06	0.0017439
2.34188e+06	0.00168824
2.34198e+06	0.00161809
2.34208e+06	0.00153542
2.34218e+06	0.00144248
2.34228e+06	0.00134168
2.34238e+06	0.00123551
2.34248e+06	0.00112642
2.34258e+06	0.00101674
2.34268e+06	0.000908611
2.34278e+06	0.000803902
2.34288e+06	0.000704182
2.34298e+06	0.000610694
2.34308e+06	0.000524348
2.34318e+06	0.000445731
2.34328e+06	0.000375131
2.34338e+06	0.000312572
2.34348e+06	0.000257854
2.34358e+06	0.000210599
2.34368e+06	0.000170292
2.34378e+06	0.000136329
2.34388e+06	0.000108054
2.34398e+06	8.47912e-05
2.34408e+06	6.58745e-05
2.34418e+06	5.06689e-05
2.34428e+06	3.85853e-05
2.34438e+06	2.9091e-05
2.34448e+06	2.17147e-05
2.34458e+06	1.60474e-05
2.34468e+06	1.17413e-05
2.34478e+06	8.50512e-06
2.34488e+06	6.09963e-06
2.34498e+06	4.33095e-06
2.34508e+06	3.04453e-06
2.34518e+06	2.11892e-06
2.34528e+06	1.46004e-06
2.34538e+06	9.96034e-07
2.34548e+06	6.72728e-07
2.34558e+06	4.49844e-07
2.34568e+06	2.97811e-07
2.34578e+06	1.95199e-07
2.34588e+06	1.26669e-07
2.34598e+06	8.13808e-08
2.34608e+06	5.17642e-08
2.34618e+06	3.25982e-08
2.34628e+06	2.03243e-08
2.34638e+06	1.25457e-08
2.34648e+06	7.66709e-09
2.34658e+06	4.63899e-09
2.34668e+06	2.7789e-09
2.34678e+06	1.64809e-09
2.34688e+06	9.67708e-10
2.34698e+06	5.62556e-10
2.34708e+06	3.23775e-10
2.34718e+06	1.84493e-10
2.34728e+06	1.04081e-10
2.34738e+06	5.81327e-11
2.34748e+06	3.2146e-11
2.34758e+06	1.75991e-11
2.34768e+06	9.53918e-12
2.34778e+06	5.11904e-12
2.34788e+06	2.71971e-12
2.34798e+06	1.43059e-12
2.34808e+06	7.45013e-13
2.34818e+06	3.84122e-13
2.34828e+06	1.9608e-13
2.34838e+06	9.90951e-14
2.34848e+06	4.95826e-14
2.34858e+06	2.4562e-14
2.34868e+06	1.20463e-14
2.34878e+06	5.84928e-15
2.34888e+06	2.81195e-15
2.34898e+06	1.33835e-15
2.34908e+06	6.30651e-16
2.34918e+06	2.94215e-16
2.34928e+06	1.35893e-16
2.34938e+06	6.21426e-17
2.34948e+06	2.81343e-17
2.34958e+06	1.26108e-17
2.34968e+06	5.59632e-18
2.34978e+06	2.45879e-18
2.34988e+06	1.06954e-18
2.34998e+06	4.60606e-19
2.35008e+06	1.9639e-19
2.35018e+06	8.29023e-20
2.35028e+06	3.46474e-20
2.35038e+06	1.43361e-20
2.35048e+06	5.87286e-21
2.35058e+06	2.38191e-21
2.35068e+06	9.56438e-22
2.35078e+06	3.8023e-22
2.35088e+06	1.49655e-22
2.35098e+06	5.83171e-23
2.35108e+06	2.24986e-23
2.35118e+06	8.59357e-24
2.35128e+06	3.24974e-24
2.35138e+06	1.21669e-24
2.35148e+06	4.50991e-25
2.35158e+06	1.65506e-25
2.35168e+06	6.01335e-26
2.35178e+06	2.1631e-26
2.35188e+06	7.70359e-27
2.35198e+06	2.71623e-27
2.35208e+06	9.48196e-28
2.35218e+06	3.27707e-28
2.35228e+06	1.12132e-28
2.35238e+06	3.79868e-29
2.35248e+06	1.27407e-29
2.35258e+06	4.23066e-30
2.35268e+06	1.39085e-30
2.35278e+06	4.52702e-31
2.35288e+06	1.45881e-31
2.35298e+06	4.65419e-32
2.35308e+06	1.47009e-32
2.35318e+06	4.59731e-33
2.35328e+06	1.42338e-33
2.35338e+06	4.36307e-34
2.35348e+06	1.3241e-34
2.35358e+06	3.9784e-35
2.35368e+06	1.18346e-35
2.35378e+06	3.48541e-36
2.35388e+06	1.01628e-36
2.35398e+06	2.93377e-37
2.35408e+06	8.38491e-38
2.35418e+06	2.37262e-38
2.35428e+06	6.64681e-39
2.35438e+06	1.84356e-39
2.35448e+06	5.06241e-40
2.35458e+06	1.3763e-40
2.35468e+06	3.70449e-41
2.35478e+06	9.87189e-42
2.35488e+06	2.60453e-42
2.35498e+06	6.80321e-43
2.35508e+06	1.75937e-43
2.35518e+06	4.5046e-44
2.35528e+06	1.14186e-44
2.35538e+06	2.86567e-45
2.35548e+06	7.12029e-46
2.35558e+06	1.75156e-46
2.35568e+06	4.2659e-47
2.35578e+06	1.02861e-47
2.35588e+06	2.45556e-48
2.35598e+06	5.80373e-49
2.35608e+06	1.35807e-49
2.35618e+06	3.14623e-50
2.35628e+06	7.21636e-51
2.35638e+06	1.63871e-51
2.35648e+06	3.6842e-52
2.35658e+06	8.20054e-53
2.35668e+06	1.80716e-53
2.35678e+06	3.94285e-54
2.35688e+06	8.51687e-55
2.35698e+06	1.8214e-55
2.35708e+06	3.85647e-56
2.35718e+06	8.08409e-57
2.35728e+06	1.67776e-57
2.35738e+06	3.44734e-58
2.35748e+06	7.01286e-59
2.35758e+06	1.41242e-59
2.35768e+06	2.81637e-60
2.35778e+06	5.55998e-61
2.35788e+06	1.08671e-61
2.35798e+06	2.10286e-62
2.35808e+06	4.0287e-63
2.35818e+06	7.64146e-64
2.35828e+06	1.43498e-64
2.35838e+06	2.6679e-65
2.35848e+06	4.9108e-66
2.35858e+06	8.94936e-67
2.35868e+06	1.61469e-67
2.35878e+06	2.88431e-68
2.35888e+06	5.10097e-69
2.35898e+06	8.93143e-70
2.35908e+06	1.54827e-70
2.35918e+06	2.65722e-71
2.35928e+06	4.51509e-72
2.35938e+06	7.5956e-73
2.35948e+06	1.26507e-73
2.35958e+06	2.08605e-74
2.35968e+06	3.40559e-75
2.35978e+06	5.50449e-76
2.35988e+06	8.80842e-77
2.35998e+06	1.39552e-77
2.36008e+06	2.18893e-78
2.36018e+06	3.39926e-79
2.36028e+06	5.22629e-80
2.36038e+06	7.95536e-81
2.36048e+06	1.1989e-81
2.36058e+06	1.78881e-82
2.36068e+06	2.64242e-83
2.36078e+06	3.86453e-84
2.36088e+06	5.59562e-85
2.36098e+06	8.02153e-86
2.36108e+06	1.13847e-86
2.36118e+06	1.59973e-87
2.36128e+06	2.22549e-88
2.36138e+06	3.06523e-89
2.36148e+06	4.17982e-90
2.36158e+06	5.64298e-91
2.36168e+06	7.54252e-92
2.36178e+06	9.98118e-93
2.36188e+06	1.30769e-93
2.36198e+06	1.69623e-94
2.36208e+06	2.17831e-95
2.36218e+06	2.76958e-96
2.36228e+06	3.4863e-97
2.36238e+06	4.34482e-98
2.36248e+06	5.36089e-99
2.36258e+06	6.54875e-100
2.36268e+06	7.92022e-101
2.36278e+06	9.48359e-102
2.36288e+06	1.12426e-102
2.36298e+06	1.31952e-103
2.36308e+06	1.53328e-104
2.36318e+06	1.76395e-105
2.36328e+06	2.00913e-106
2.36338e+06	2.26562e-107
2.36348e+06	2.52942e-108
2.36358e+06	2.79585e-109
2.36368e+06	3.05959e-110
2.36378e+06	3.31489e-111
2.36388e+06	3.55576e-112
2.36398e+06	3.77619e-113
2.36408e+06	3.97037e-114
2.36418e+06	4.133e-115
2.36428e+06	4.25949e-116
2.36438e+06	4.34674e-117
2.36448e+06	4.45053e-118
2.36458e+06	1.0572e-118
2.36468e+06	6.34169e-118
2.36478e+06	6.35429e-117
2.36488e+06	6.34624e-116
2.36498e+06	6.27554e-115
2.36508e+06	6.14388e-114
2.36518e+06	5.95514e-113
2.36528e+06	5.71476e-112
2.36538e+06	5.42951e-111
2.36548e+06	5.10718e-110
2.36558e+06	4.75618e-109
2.36568e+06	4.38523e-108
2.36578e+06	4.00298e-107
2.36588e+06	3.6177e-106
2.36598e+06	3.23696e-105
2.36608e+06	2.86748e-104
2.36618e+06	2.51489e-103
2.36628e+06	2.18372e-102
2.36638e+06	1.87728e-101
2.36648e+06	1.59779e-100
2.36658e+06	1.34638e-99
2.36668e+06	1.12324e-98
2.36678e+06	9.27759e-98
2.36688e+06	7.58672e-97
2.36698e+06	6.14229e-96
2.36708e+06	4.92338e-95
2.36718e+06	3.90709e-94
2.36728e+06	3.06973e-93
2.36738e+06	2.38784e-92
2.36748e+06	1.83893e-91
2.36758e+06	1.40212e-90
2.36768e+06	1.05842e-89
2.36778e+06	7.91028e-89
2.36788e+06	5.85304e-88
2.36798e+06	4.28773e-87
2.36808e+06	3.10979e-86
2.36818e+06	2.23302e-85
2.36828e+06	1.58749e-84
2.36838e+06	1.11734e-83
2.36848e+06	7.78603e-83
2.36858e+06	5.37162e-82
2.36868e+06	3.66903e-81
2.36878e+06	2.48116e-80
2.36888e+06	1.66117e-79
2.36898e+06	1.10111e-78
2.36908e+06	7.22612e-78
2.36918e+06	4.69501e-77
2.36928e+06	3.02012e-76
2.36938e+06	1.9234e-75
2.36948e+06	1.21275e-74
2.36958e+06	7.57063e-74
2.36968e+06	4.67895e-73
2.36978e+06	2.863e-72
2.36988e+06	1.73441e-71
2.36998e+06	1.04026e-70
2.37008e+06	6.1771e-70
2.37018e+06	3.6315e-69
2.37028e+06	2.11371e-68
2.37038e+06	1.21804e-67
2.37048e+06	6.94919e-67
2.37058e+06	3.92522e-66
2.37068e+06	2.19508e-65
2.37078e+06	1.21533e-64
2.37088e+06	6.66187e-64
2.37098e+06	3.61538e-63
2.37108e+06	1.94254e-62
2.37118e+06	1.03334e-61
2.37128e+06	5.44216e-61
2.37138e+06	2.83764e-60
2.37148e+06	1.46488e-59
2.37158e+06	7.48689e-59
2.37168e+06	3.78843e-58
2.37178e+06	1.8979e-57
2.37188e+06	9.41338e-57
2.37198e+06	4.62247e-56
2.37208e+06	2.24729e-55
2.37218e+06	1.08169e-54
2.37228e+06	5.15469e-54
2.37238e+06	2.43198e-53
2.37248e+06	1.13599e-52
2.37258e+06	5.25345e-52
2.37268e+06	2.40532e-51
2.37278e+06	1.09033e-50
2.37288e+06	4.89328e-50
2.37298e+06	2.1742e-49
2.37308e+06	9.56436e-49
2.37318e+06	4.16552e-48
2.37328e+06	1.79614e-47
2.37338e+06	7.66774e-47
2.37348e+06	3.2408e-46
2.37358e+06	1.35611e-45
2.37368e+06	5.61814e-45
2.37378e+06	2.30435e-44
2.37388e+06	9.35752e-44
2.37398e+06	3.7621e-43
2.37408e+06	1.49747e-42
2.37418e+06	5.90121e-42
2.37428e+06	2.30241e-41
2.37438e+06	8.89366e-41
2.37448e+06	3.40123e-40
2.37458e+06	1.2878e-39
2.37468e+06	4.82744e-39
2.37478e+06	1.79161e-38
2.37488e+06	6.58304e-38
2.37498e+06	2.39479e-37
2.37508e+06	8.62511e-37
2.37518e+06	3.07552e-36
2.37528e+06	1.08575e-35
2.37538e+06	3.79489e-35
2.37548e+06	1.31318e-34
2.37558e+06	4.49891e-34
2.37568e+06	1.52597e-33
2.37578e+06	5.12441e-33
2.37588e+06	1.70372e-32
2.37598e+06	5.60801e-32
2.37608e+06	1.82758e-31
2.37618e+06	5.8966e-31
2.37628e+06	1.88358e-30
2.37638e+06	5.95694e-30
2.37648e+06	1.86517e-29
2.37658e+06	5.78193e-29
2.37668e+06	1.77453e-28
2.37678e+06	5.39201e-28
2.37688e+06	1.62209e-27
2.37698e+06	4.83122e-27
2.37708e+06	1.42461e-26
2.37718e+06	4.15902e-26
2.37728e+06	1.20211e-25
2.37738e+06	3.43996e-25
2.37748e+06	9.74585e-25
2.37758e+06	2.73365e-24
2.37768e+06	7.59144e-24
2.37778e+06	2.08719e-23
2.37788e+06	5.68143e-23
2.37798e+06	1.53112e-22
2.37808e+06	4.08525e-22
2.37818e+06	1.07916e-21
2.37828e+06	2.82233e-21
2.37838e+06	7.30783e-21
2.37848e+06	1.87338e-20
2.37858e+06	4.75466e-20
2.37868e+06	1.19473e-19
2.37878e+06	2.97221e-19
2.37888e+06	7.32058e-19
2.37898e+06	1.78512e-18
2.37908e+06	4.30971e-18
2.37918e+06	1.03011e-17
2.37928e+06	2.43769e-17
2.37938e+06	5.71122e-17
2.37948e+06	1.32476e-16
2.37958e+06	3.0423e-16
2.37968e+06	6.91709e-16
2.37978e+06	1.55705e-15
2.37988e+06	3.47007e-15
2.37998e+06	7.65653e-15
2.38008e+06	1.67256e-14
2.38018e+06	3.61734e-14
2.38028e+06	7.74558e-14
2.38038e+06	1.64201e-13
2.38048e+06	3.4463e-13
2.38058e+06	7.16125e-13
2.38068e+06	1.47327e-12
2.38078e+06	3.00076e-12
2.38088e+06	6.05115e-12
2.38098e+06	1.2081e-11
2.38108e+06	2.38793e-11
2.38118e+06	4.67305e-11
2.38128e+06	9.05388e-11
2.38138e+06	1.73671e-10
2.38148e+06	3.29819e-10
2.38158e+06	6.20129e-10
2.38168e+06	1.15437e-09
2.38178e+06	2.12748e-09
2.38188e+06	3.88188e-09
2.38198e+06	7.01256e-09
2.38208e+06	1.2542e-08
2.38218e+06	2.22083e-08
2.38228e+06	3.89333e-08
2.38238e+06	6.75747e-08
2.38248e+06	1.16119e-07
2.38258e+06	1.97551e-07
2.38268e+06	3.32747e-07
2.38278e+06	5.54887e-07
2.38288e+06	9.1612e-07
2.38298e+06	1.49747e-06
2.38308e+06	2.42337e-06
2.38318e+06	3.88274e-06
2.38328e+06	6.15905e-06
2.38338e+06	9.67268e-06
2.38348e+06	1.50396e-05
2.38358e+06	2.31518e-05
2.38368e+06	3.52849e-05
2.38378e+06	5.32414e-05
2.38388e+06	7.95368e-05
2.38398e+06	0.000117637
2.38408e+06	0.000172257
2.38418e+06	0.000249727
2.38428e+06	0.000358436
2.38438e+06	0.000509349
2.38448e+06	0.000716598
2.38458e+06	0.000998145
2.38468e+06	0.00137647
2.38478e+06	0.00187932
2.38488e+06	0.00254032
2.38498e+06	0.00339966
2.38508e+06	0.00450441
2.38518e+06	0.00590878
2.38528e+06	0.00767388
2.38538e+06	0.00986709
2.38548e+06	0.0125609
2.38558e+06	0.015831
2.38568e+06	0.0197539
2.38578e+06	0.0244037
2.38588e+06	0.029848
2.38598e+06	0.0361436
2.38608e+06	0.0433317
2.38618e+06	0.0514323
2.38628e+06	0.0604399
2.38638e+06	0.0703183
2.38648e+06	0.0809972
2.38658e+06	0.0923696
2.38668e+06	0.104291
2.38678e+06	0.116578
2.38688e+06	0.129017
2.38698e+06	0.141363
2.38708e+06	0.153348
2.38718e+06	0.164695
2.38728e+06	0.175121
2.38738e+06	0.184354
2.38748e+06	0.192143
2.38758e+06	0.198269
2.38768e+06	0.202554
2.38778e+06	0.204873
2.38788e+06	0.205156
2.38798e+06	0.203396
2.38808e+06	0.199645
2.38818e+06	0.194012
2.38828e+06	0.186663
2.38838e+06	0.177805
2.38848e+06	0.167682
2.38858e+06	0.156562
2.38868e+06	0.144725
2.38878e+06	0.132452
2.38888e+06	0.120013
2.38898e+06	0.107661
2.38908e+06	0.0956184
2.38918e+06	0.0840783
2.38928e+06	0.0731953
2.38938e+06	0.063087
2.38948e+06	0.0538335
2.38958e+06	0.0454803
2.38968e+06	0.0380409
2.38978e+06	0.0315018
2.38988e+06	0.0258272
2.38998e+06	0.0209641
2.39008e+06	0.0168473
2.39018e+06	0.0134043
2.39028e+06	0.0105588
2.39038e+06	0.00823457
2.39048e+06	0.00635806
2.39058e+06	0.00486033
2.39068e+06	0.00367844
2.39078e+06	0.00275625
2.39088e+06	0.00204471
2.39098e+06	0.00150176
2.39108e+06	0.00109201
2.39118e+06	0.000786158
2.39128e+06	0.000560339
2.39138e+06	0.00039541
2.39148e+06	0.00027625
2.39158e+06	0.00019108
2.39168e+06	0.000130853
2.39178e+06	8.87181e-05
2.39188e+06	5.95527e-05
2.39198e+06	3.95784e-05
2.39208e+06	2.60434e-05
2.39218e+06	1.69692e-05
2.39228e+06	1.09509e-05
2.39238e+06	7.00374e-06
2.39248e+06	4.44596e-06
2.39258e+06	2.81214e-06
2.39268e+06	1.78928e-06
2.39278e+06	1.17093e-06
2.39288e+06	8.24792e-07
2.39298e+06	6.70396e-07
2.39308e+06	6.64265e-07
2.39318e+06	7.90578e-07
2.39328e+06	1.05593e-06
2.39338e+06	1.48719e-06
2.39348e+06	2.13173e-06
2.39358e+06	3.05959e-06
2.39368e+06	4.36728e-06
2.39378e+06	6.18284e-06
2.39388e+06	8.67212e-06
2.39398e+06	1.20459e-05
2.39408e+06	1.65675e-05
2.39418e+06	2.25605e-05
2.39428e+06	3.04162e-05
2.39438e+06	4.05996e-05
2.39448e+06	5.36533e-05
2.39458e+06	7.01986e-05
2.39468e+06	9.09323e-05
2.39478e+06	0.000116618
2.39488e+06	0.00014807
2.39498e+06	0.000186135
2.39508e+06	0.000231658
2.39518e+06	0.000285444
2.39528e+06	0.00034822
2.39538e+06	0.000420574
2.39548e+06	0.000502907
2.39558e+06	0.000595376
2.39568e+06	0.000697832
2.39578e+06	0.000809782
2.39588e+06	0.000930341
2.39598e+06	0.00105821
2.39608e+06	0.00119169
2.39618e+06	0.00132864
2.39628e+06	0.00146659
2.39638e+06	0.00160276
2.39648e+06	0.00173415
2.39658e+06	0.00185763
2.39668e+06	0.00197011
2.39678e+06	0.0020686
2.39688e+06	0.00215041
2.39698e+06	0.00221322
2.39708e+06	0.00225519
2.39718e+06	0.00227509
2.39728e+06	0.00227233
2.39738e+06	0.00224699
2.39748e+06	0.00219983
2.39758e+06	0.00213222
2.39768e+06	0.00204613
2.39778e+06	0.00194398
2.39788e+06	0.00182855
2.39798e+06	0.00170286
2.39808e+06	0.00157003
2.39818e+06	0.00143316
2.39828e+06	0.00129521
2.39838e+06	0.00115888
2.39848e+06	0.00102659
2.39858e+06	0.00090035
2.39868e+06	0.000781778
2.39878e+06	0.000672066
2.39888e+06	0.000572002
2.39898e+06	0.000481993
2.39908e+06	0.000402106
2.39918e+06	0.000332122
2.39928e+06	0.000271589
2.39938e+06	0.000219878
2.39948e+06	0.000176243
2.39958e+06	0.000139861
2.39968e+06	0.000109885
2.39978e+06	8.54747e-05
2.39988e+06	6.58255e-05
2.39998e+06	5.01889e-05
2.40008e+06	3.78859e-05
2.40018e+06	2.83143e-05
2.40028e+06	2.09503e-05
2.40038e+06	1.53473e-05
2.40048e+06	1.11309e-05
2.40058e+06	7.99256e-06
2.40068e+06	5.68197e-06
2.40078e+06	3.99916e-06
2.40088e+06	2.78674e-06
2.40098e+06	1.92257e-06
2.40108e+06	1.31319e-06
2.40118e+06	8.88044e-07
2.40128e+06	5.94592e-07
2.40138e+06	3.94201e-07
2.40148e+06	2.58844e-07
2.40158e+06	1.68459e-07
2.40168e+06	1.08893e-07
2.40178e+06	7.03356e-08
2.40188e+06	4.61634e-08
2.40198e+06	3.21273e-08
2.40208e+06	2.5834e-08
2.40218e+06	2.65035e-08
2.40228e+06	3.50131e-08
2.40238e+06	5.42837e-08
2.40248e+06	9.01223e-08
2.40258e+06	1.52717e-07
2.40268e+06	2.59103e-07
2.40278e+06	4.37074e-07
2.40288e+06	7.3127e-07
2.40298e+06	1.21248e-06
2.40308e+06	1.99167e-06
2.40318e+06	3.24086e-06
2.40328e+06	5.22378e-06
2.40338e+06	8.3403e-06
2.40348e+06	1.319e-05
2.40358e+06	2.06618e-05
2.40368e+06	3.2059e-05
2.40378e+06	4.927e-05
2.40388e+06	7.50002e-05
2.40398e+06	0.00011308
2.40408e+06	0.000168867
2.40418e+06	0.000249768
2.40428e+06	0.000365896
2.40438e+06	0.000530886
2.40448e+06	0.000762893
2.40458e+06	0.00108578
2.40468e+06	0.00153047
2.40478e+06	0.00213657
2.40488e+06	0.00295397
2.40498e+06	0.00404475
2.40508e+06	0.0054849
2.40518e+06	0.00736602
2.40528e+06	0.00979668
2.40538e+06	0.0129034
2.40548e+06	0.0168307
2.40558e+06	0.0217406
2.40568e+06	0.0278104
2.40578e+06	0.0352294
2.40588e+06	0.044194
2.40598e+06	0.0549005
2.40608e+06	0.067537
2.40618e+06	0.0822728
2.40628e+06	0.099247
2.40638e+06	0.118555
2.40648e+06	0.140238
2.40658e+06	0.164265
2.40668e+06	0.190529
2.40678e+06	0.218832
2.40688e+06	0.248879
2.40698e+06	0.280282
2.40708e+06	0.312556
2.40718e+06	0.345131
2.40728e+06	0.377367
2.40738e+06	0.408567
2.40748e+06	0.438009
2.40758e+06	0.464966
2.40768e+06	0.488739
2.40778e+06	0.508685
2.40788e+06	0.524248
2.40798e+06	0.534984
2.40808e+06	0.540579
2.40818e+06	0.54087
2.40828e+06	0.535849
2.40838e+06	0.525662
2.40848e+06	0.510609
2.40858e+06	0.491119
2.40868e+06	0.467739
2.40878e+06	0.441103
2.40888e+06	0.411907
2.40898e+06	0.380874
2.40908e+06	0.34873
2.40918e+06	0.316175
2.40928e+06	0.283855
2.40938e+06	0.252349
2.40948e+06	0.22215
2.40958e+06	0.193658
2.40968e+06	0.167176
2.40978e+06	0.142911
2.40988e+06	0.120981
2.40998e+06	0.101423
2.41008e+06	0.0842039
2.41018e+06	0.0692323
2.41028e+06	0.0563737
2.41038e+06	0.0454615
2.41048e+06	0.0363097
2.41058e+06	0.0287225
2.41068e+06	0.0225037
2.41078e+06	0.0174636
2.41088e+06	0.0134237
2.41098e+06	0.0102208
2.41108e+06	0.00770877
2.41118e+06	0.00575962
2.41128e+06	0.0042631
2.41138e+06	0.00312609
2.41148e+06	0.00227112
2.41158e+06	0.00163479
2.41168e+06	0.00116597
2.41178e+06	0.000824032
2.41188e+06	0.000577101
2.41198e+06	0.000400531
2.41208e+06	0.000275501
2.41218e+06	0.000187819
2.41228e+06	0.000126914
2.41238e+06	8.5009e-05
2.41248e+06	5.64454e-05
2.41258e+06	3.71561e-05
2.41268e+06	2.42491e-05
2.41278e+06	1.5691e-05
2.41288e+06	1.00676e-05
2.41298e+06	6.40533e-06
2.41308e+06	4.04133e-06
2.41318e+06	2.52869e-06
2.41328e+06	1.56919e-06
2.41338e+06	9.65788e-07
2.41348e+06	5.89567e-07
2.41358e+06	3.56978e-07
2.41368e+06	2.14397e-07
2.41378e+06	1.27724e-07
2.41388e+06	7.54755e-08
2.41398e+06	4.42409e-08
2.41408e+06	2.57232e-08
2.41418e+06	1.48355e-08
2.41428e+06	8.48696e-09
2.41438e+06	4.81573e-09
2.41448e+06	2.71031e-09
2.41458e+06	1.51289e-09
2.41468e+06	8.37551e-10
2.41478e+06	4.59841e-10
2.41488e+06	2.50367e-10
2.41498e+06	1.35174e-10
2.41508e+06	7.23658e-11
2.41518e+06	3.84123e-11
2.41528e+06	2.02152e-11
2.41538e+06	1.0547e-11
2.41548e+06	5.455e-12
2.41558e+06	2.79672e-12
2.41568e+06	1.42123e-12
2.41578e+06	7.1583e-13
2.41588e+06	3.57325e-13
2.41598e+06	1.76765e-13
2.41608e+06	8.66534e-14
2.41618e+06	4.20925e-14
2.41628e+06	2.02596e-14
2.41638e+06	9.6614e-15
2.41648e+06	4.5647e-15
2.41658e+06	2.13662e-15
2.41668e+06	9.90747e-16
2.41678e+06	4.55096e-16
2.41688e+06	2.07076e-16
2.41698e+06	9.33311e-17
2.41708e+06	4.16655e-17
2.41718e+06	1.84233e-17
2.41728e+06	8.06835e-18
2.41738e+06	3.49957e-18
2.41748e+06	1.50331e-18
2.41758e+06	6.39544e-19
2.41768e+06	2.69447e-19
2.41778e+06	1.12421e-19
2.41788e+06	4.64498e-20
2.41798e+06	1.90052e-20
2.41808e+06	7.70033e-21
2.41818e+06	3.08947e-21
2.41828e+06	1.22742e-21
2.41838e+06	4.82865e-22
2.41848e+06	1.88096e-22
2.41858e+06	7.25524e-23
2.41868e+06	2.77098e-23
2.41878e+06	1.04791e-23
2.41888e+06	3.92386e-24
2.41898e+06	1.4548e-24
2.41908e+06	5.34059e-25
2.41918e+06	1.94119e-25
2.41928e+06	6.98611e-26
2.41938e+06	2.48938e-26
2.41948e+06	8.78273e-27
2.41958e+06	3.06797e-27
2.41968e+06	1.06109e-27
2.41978e+06	3.63356e-28
2.41988e+06	1.23194e-28
2.41998e+06	4.13541e-29
2.42008e+06	1.37443e-29
2.42018e+06	4.52272e-30
2.42028e+06	1.47349e-30
2.42038e+06	4.75296e-31
2.42048e+06	1.51792e-31
2.42058e+06	4.79957e-32
2.42068e+06	1.50253e-32
2.42078e+06	4.65702e-33
2.42088e+06	1.42909e-33
2.42098e+06	4.34185e-34
2.42108e+06	1.30604e-34
2.42118e+06	3.88954e-35
2.42128e+06	1.14684e-35
2.42138e+06	3.3479e-36
2.42148e+06	9.67614e-37
2.42158e+06	2.76881e-37
2.42168e+06	7.84416e-38
2.42178e+06	2.20019e-38
2.42188e+06	6.1099e-39
2.42198e+06	1.67984e-39
2.42208e+06	4.5726e-40
2.42218e+06	1.2323e-40
2.42228e+06	3.28799e-41
2.42238e+06	8.68566e-42
2.42248e+06	2.27162e-42
2.42258e+06	5.88201e-43
2.42268e+06	1.50791e-43
2.42278e+06	3.82722e-44
2.42288e+06	9.61722e-45
2.42298e+06	2.39263e-45
2.42308e+06	5.89329e-46
2.42318e+06	1.43714e-46
2.42328e+06	3.46976e-47
2.42338e+06	8.29385e-48
2.42348e+06	1.96278e-48
2.42358e+06	4.5988e-49
2.42368e+06	1.06678e-49
2.42378e+06	2.44999e-50
2.42388e+06	5.57072e-51
2.42398e+06	1.25405e-51
2.42408e+06	2.79497e-52
2.42418e+06	6.16731e-53
2.42428e+06	1.34732e-53
2.42438e+06	2.91411e-54
2.42448e+06	6.24019e-55
2.42458e+06	1.32296e-55
2.42468e+06	2.77685e-56
2.42478e+06	5.77053e-57
2.42488e+06	1.18723e-57
2.42498e+06	2.41833e-58
2.42508e+06	4.87697e-59
2.42518e+06	9.73739e-60
2.42528e+06	1.92483e-60
2.42538e+06	3.76703e-61
2.42548e+06	7.29901e-62
2.42558e+06	1.40018e-62
2.42568e+06	2.65928e-63
2.42578e+06	5.00034e-64
2.42588e+06	9.30877e-65
2.42598e+06	1.7157e-65
2.42608e+06	3.13076e-66
2.42618e+06	5.65606e-67
2.42628e+06	1.01166e-67
2.42638e+06	1.79149e-68
2.42648e+06	3.14087e-69
2.42658e+06	5.45184e-70
2.42668e+06	9.36899e-71
2.42678e+06	1.59404e-71
2.42688e+06	2.68512e-72
2.42698e+06	4.47801e-73
2.42708e+06	7.39373e-74
2.42718e+06	1.20865e-74
2.42728e+06	1.9561e-75
2.42738e+06	3.13431e-76
2.42748e+06	4.97219e-77
2.42758e+06	7.80929e-78
2.42768e+06	1.21432e-78
2.42778e+06	1.86944e-79
2.42788e+06	2.84935e-80
2.42798e+06	4.29969e-81
2.42808e+06	6.42372e-82
2.42818e+06	9.50152e-83
2.42828e+06	1.39141e-83
2.42838e+06	2.01733e-84
2.42848e+06	2.8957e-85
2.42858e+06	4.11518e-86
2.42868e+06	5.79002e-87
2.42878e+06	8.06545e-88
2.42888e+06	1.11233e-88
2.42898e+06	1.51879e-89
2.42908e+06	2.05313e-90
2.42918e+06	2.74785e-91
2.42928e+06	3.64106e-92
2.42938e+06	4.7766e-93
2.42948e+06	6.20393e-94
2.42958e+06	7.97759e-95
2.42968e+06	1.01563e-95
2.42978e+06	1.28013e-96
2.42988e+06	1.59746e-97
2.42998e+06	1.97362e-98
2.43008e+06	2.41409e-99
2.43018e+06	2.92348e-100
2.43028e+06	3.50514e-101
2.43038e+06	4.1607e-102
2.43048e+06	4.88973e-103
2.43058e+06	5.68933e-104
2.43068e+06	6.55381e-105
2.43078e+06	7.47452e-106
2.43088e+06	8.43976e-107
2.43098e+06	9.43483e-108
2.43108e+06	1.04423e-108
2.43118e+06	1.14423e-109
2.43128e+06	1.24133e-110
2.43138e+06	1.33328e-111
2.43148e+06	1.41778e-112
2.43158e+06	1.49264e-113
2.43168e+06	1.55582e-114
2.43178e+06	1.60553e-115
2.43188e+06	1.64035e-116
2.43198e+06	1.65925e-117
2.43208e+06	1.66166e-118
2.43218e+06	1.64752e-119
2.43228e+06	1.61725e-120
2.43238e+06	1.57174e-121
2.43248e+06	1.5123e-122
2.43258e+06	1.44064e-123
2.43268e+06	1.35872e-124
2.43278e+06	1.26871e-125
2.43288e+06	1.17287e-126
2.43298e+06	1.07348e-127
2.43308e+06	9.72738e-129
2.43318e+06	8.7268e-130
2.43328e+06	7.75124e-131
2.43338e+06	6.81623e-132
2.43348e+06	5.93437e-133
2.43358e+06	5.11519e-134
2.43368e+06	4.36522e-135
2.43378e+06	3.68815e-136
2.43388e+06	3.08508e-137
2.43398e+06	2.55495e-138
2.43408e+06	2.09486e-139
2.43418e+06	1.70053e-140
2.43428e+06	1.36669e-141
2.43438e+06	1.08746e-142
2.43448e+06	8.56674e-144
2.43458e+06	6.6815e-145
2.43468e+06	5.15927e-146
2.43478e+06	3.94422e-147
2.43488e+06	2.98531e-148
2.43498e+06	2.23705e-149
2.43508e+06	1.65966e-150
2.43518e+06	1.21904e-151
2.43528e+06	8.86495e-153
2.43538e+06	6.3825e-154
2.43548e+06	4.54949e-155
2.43558e+06	3.21063e-156
2.43568e+06	2.24324e-157
2.43578e+06	1.55174e-158
2.43588e+06	1.06272e-159
2.43598e+06	7.20568e-161
2.43608e+06	4.83714e-162
2.43618e+06	3.21484e-163
2.43628e+06	2.11538e-164
2.43638e+06	1.37807e-165
2.43648e+06	8.88821e-167
2.43658e+06	5.67562e-168
2.43668e+06	3.58814e-169
2.43678e+06	2.24586e-170
2.43688e+06	1.39172e-171
2.43698e+06	8.53847e-173
2.43708e+06	5.18638e-174
2.43718e+06	3.11893e-175
2.43728e+06	1.85697e-176
2.43738e+06	1.09461e-177
2.43748e+06	6.3881e-179
2.43758e+06	3.69098e-180
2.43768e+06	2.11139e-181
2.43778e+06	1.19578e-182
2.43788e+06	6.7049e-184
2.43798e+06	3.72212e-185
2.43808e+06	2.04571e-186
2.43818e+06	1.11316e-187
2.43828e+06	5.99689e-189
2.43838e+06	3.19854e-190
2.43848e+06	1.68903e-191
2.43858e+06	8.8551e-193
2.43868e+06	9.4816e-194
2.43878e+06	9.64923e-193
2.43888e+06	1.86794e-191
2.43898e+06	3.58874e-190
2.43908e+06	6.8262e-189
2.43918e+06	1.28551e-187
2.43928e+06	2.39677e-186
2.43938e+06	4.4242e-185
2.43948e+06	8.08539e-184
2.43958e+06	1.46293e-182
2.43968e+06	2.62062e-181
2.43978e+06	4.64773e-180
2.43988e+06	8.16084e-179
2.43998e+06	1.41869e-177
2.44008e+06	2.44171e-176
2.44018e+06	4.16064e-175
2.44028e+06	7.01911e-174
2.44038e+06	1.17236e-172
2.44048e+06	1.93864e-171
2.44058e+06	3.17389e-170
2.44068e+06	5.14449e-169
2.44078e+06	8.25563e-168
2.44088e+06	1.31164e-166
2.44098e+06	2.06318e-165
2.44108e+06	3.21303e-164
2.44118e+06	4.95394e-163
2.44128e+06	7.56213e-162
2.44138e+06	1.14286e-160
2.44148e+06	1.71002e-159
2.44158e+06	2.53318e-158
2.44168e+06	3.71524e-157
2.44178e+06	5.39467e-156
2.44188e+06	7.75532e-155
2.44198e+06	1.1038e-153
2.44208e+06	1.5554e-152
2.44218e+06	2.16994e-151
2.44228e+06	2.99717e-150
2.44238e+06	4.09857e-149
2.44248e+06	5.54893e-148
2.44258e+06	7.4378e-147
2.44268e+06	9.87043e-146
2.44278e+06	1.29684e-144
2.44288e+06	1.6869e-143
2.44298e+06	2.17247e-142
2.44308e+06	2.76996e-141
2.44318e+06	3.49664e-140
2.44328e+06	4.37003e-139
2.44338e+06	5.40724e-138
2.44348e+06	6.62405e-137
2.44358e+06	8.03394e-136
2.44368e+06	9.64697e-135
2.44378e+06	1.14686e-133
2.44388e+06	1.34985e-132
2.44398e+06	1.57297e-131
2.44408e+06	1.81472e-130
2.44418e+06	2.0728e-129
2.44428e+06	2.34403e-128
2.44438e+06	2.62437e-127
2.44448e+06	2.909e-126
2.44458e+06	3.19241e-125
2.44468e+06	3.46858e-124
2.44478e+06	3.73114e-123
2.44488e+06	3.97364e-122
2.44498e+06	4.18979e-121
2.44508e+06	4.37375e-120
2.44518e+06	4.52034e-119
2.44528e+06	4.62537e-118
2.44538e+06	4.68575e-117
2.44548e+06	4.69968e-116
2.44558e+06	4.66675e-115
2.44568e+06	4.58794e-114
2.44578e+06	4.46558e-113
2.44588e+06	4.30324e-112
2.44598e+06	4.10554e-111
2.44608e+06	3.87795e-110
2.44618e+06	3.62652e-109
2.44628e+06	3.35766e-108
2.44638e+06	3.07779e-107
2.44648e+06	2.79318e-106
2.44658e+06	2.50966e-105
2.44668e+06	2.23249e-104
2.44678e+06	1.96617e-103
2.44688e+06	1.71439e-102
2.44698e+06	1.47997e-101
2.44708e+06	1.2649e-100
2.44718e+06	1.07032e-99
2.44728e+06	8.96667e-99
2.44738e+06	7.43711e-98
2.44748e+06	6.1071e-97
2.44758e+06	4.96503e-96
2.44768e+06	3.99638e-95
2.44778e+06	3.1847e-94
2.44788e+06	2.51262e-93
2.44798e+06	1.96265e-92
2.44808e+06	1.5178e-91
2.44818e+06	1.1621e-90
2.44828e+06	8.8091e-90
2.44838e+06	6.61113e-89
2.44848e+06	4.9122e-88
2.44858e+06	3.61355e-87
2.44868e+06	2.63178e-86
2.44878e+06	1.89767e-85
2.44888e+06	1.35472e-84
2.44898e+06	9.57496e-84
2.44908e+06	6.70008e-83
2.44918e+06	4.64173e-82
2.44928e+06	3.18374e-81
2.44938e+06	2.16198e-80
2.44948e+06	1.45353e-79
2.44958e+06	9.67502e-79
2.44968e+06	6.37584e-78
2.44978e+06	4.15987e-77
2.44988e+06	2.68708e-76
2.44998e+06	1.71845e-75
2.45008e+06	1.08805e-74
2.45018e+06	6.82058e-74
2.45028e+06	4.23301e-73
2.45038e+06	2.60096e-72
2.45048e+06	1.58225e-71
2.45058e+06	9.52961e-71
2.45068e+06	5.68239e-70
2.45078e+06	3.35463e-69
2.45088e+06	1.96072e-68
2.45098e+06	1.1346e-67
2.45108e+06	6.5002e-67
2.45118e+06	3.68695e-66
2.45128e+06	2.07046e-65
2.45138e+06	1.15112e-64
2.45148e+06	6.33628e-64
2.45158e+06	3.45306e-63
2.45168e+06	1.86308e-62
2.45178e+06	9.95209e-62
2.45188e+06	5.26326e-61
2.45198e+06	2.75583e-60
2.45208e+06	1.42859e-59
2.45218e+06	7.33196e-59
2.45228e+06	3.72554e-58
2.45238e+06	1.8742e-57
2.45248e+06	9.33465e-57
2.45258e+06	4.60297e-56
2.45268e+06	2.24717e-55
2.45278e+06	1.08615e-54
2.45288e+06	5.19758e-54
2.45298e+06	2.46246e-53
2.45308e+06	1.15503e-52
2.45318e+06	5.36386e-52
2.45328e+06	2.46614e-51
2.45338e+06	1.12257e-50
2.45348e+06	5.05903e-50
2.45358e+06	2.25724e-49
2.45368e+06	9.97116e-49
2.45378e+06	4.36085e-48
2.45388e+06	1.88822e-47
2.45398e+06	8.09453e-47
2.45408e+06	3.43548e-46
2.45418e+06	1.44358e-45
2.45428e+06	6.00552e-45
2.45438e+06	2.47353e-44
2.45448e+06	1.00865e-43
2.45458e+06	4.07215e-43
2.45468e+06	1.62765e-42
2.45478e+06	6.44106e-42
2.45488e+06	2.52354e-41
2.45498e+06	9.78857e-41
2.45508e+06	3.75912e-40
2.45518e+06	1.42925e-39
2.45528e+06	5.3801e-39
2.45538e+06	2.00506e-38
2.45548e+06	7.39815e-38
2.45558e+06	2.70256e-37
2.45568e+06	9.77426e-37
2.45578e+06	3.49985e-36
2.45588e+06	1.24072e-35
2.45598e+06	4.35465e-35
2.45608e+06	1.51318e-34
2.45618e+06	5.20576e-34
2.45628e+06	1.77311e-33
2.45638e+06	5.97921e-33
2.45648e+06	1.99622e-32
2.45658e+06	6.5983e-32
2.45668e+06	2.15929e-31
2.45678e+06	6.99597e-31
2.45688e+06	2.2441e-30
2.45698e+06	7.12676e-30
2.45708e+06	2.24079e-29
2.45718e+06	6.97533e-29
2.45728e+06	2.14975e-28
2.45738e+06	6.55943e-28
2.45748e+06	1.98154e-27
2.45758e+06	5.92646e-27
2.45768e+06	1.75487e-26
2.45778e+06	5.14461e-26
2.45788e+06	1.4932e-25
2.45798e+06	4.2908e-25
2.45808e+06	1.22072e-24
2.45818e+06	3.43837e-24
2.45828e+06	9.58837e-24
2.45838e+06	2.64725e-23
2.45848e+06	7.23605e-23
2.45858e+06	1.95824e-22
2.45868e+06	5.2467e-22
2.45878e+06	1.39176e-21
2.45888e+06	3.6551e-21
2.45898e+06	9.50367e-21
2.45908e+06	2.44647e-20
2.45918e+06	6.23515e-20
2.45928e+06	1.57329e-19
2.45938e+06	3.93034e-19
2.45948e+06	9.72094e-19
2.45958e+06	2.38036e-18
2.45968e+06	5.77078e-18
2.45978e+06	1.38511e-17
2.45988e+06	3.29147e-17
2.45998e+06	7.74377e-17
2.46008e+06	1.80373e-16
2.46018e+06	4.15958e-16
2.46028e+06	9.49696e-16
2.46038e+06	2.14672e-15
2.46048e+06	4.80424e-15
2.46058e+06	1.06446e-14
2.46068e+06	2.33503e-14
2.46078e+06	5.07123e-14
2.46088e+06	1.09041e-13
2.46098e+06	2.32126e-13
2.46108e+06	4.89233e-13
2.46118e+06	1.02086e-12
2.46128e+06	2.10897e-12
2.46138e+06	4.31354e-12
2.46148e+06	8.73481e-12
2.46158e+06	1.75118e-11
2.46168e+06	3.47588e-11
2.46178e+06	6.83057e-11
2.46188e+06	1.32894e-10
2.46198e+06	2.55983e-10
2.46208e+06	4.88175e-10
2.46218e+06	9.21713e-10
2.46228e+06	1.72295e-09
2.46238e+06	3.18866e-09
2.46248e+06	5.84253e-09
2.46258e+06	1.05987e-08
2.46268e+06	1.90352e-08
2.46278e+06	3.38471e-08
2.46288e+06	5.95859e-08
2.46298e+06	1.03854e-07
2.46308e+06	1.79208e-07
2.46318e+06	3.06163e-07
2.46328e+06	5.17849e-07
2.46338e+06	8.67185e-07
2.46348e+06	1.43773e-06
2.46358e+06	2.35994e-06
2.46368e+06	3.83515e-06
2.46378e+06	6.17051e-06
2.46388e+06	9.82917e-06
2.46398e+06	1.55014e-05
2.46408e+06	2.42037e-05
2.46418e+06	3.74155e-05
2.46428e+06	5.72635e-05
2.46438e+06	8.67685e-05
2.46448e+06	0.000130168
2.46458e+06	0.000193332
2.46468e+06	0.000284291
2.46478e+06	0.000413884
2.46488e+06	0.000596558
2.46498e+06	0.000851304
2.46508e+06	0.00120275
2.46518e+06	0.00168238
2.46528e+06	0.00232986
2.46538e+06	0.00319444
2.46548e+06	0.00433629
2.46558e+06	0.00582775
2.46568e+06	0.00775428
2.46578e+06	0.0102151
2.46588e+06	0.0133229
2.46598e+06	0.0172035
2.46608e+06	0.0219934
2.46618e+06	0.0278373
2.46628e+06	0.0348837
2.46638e+06	0.0432789
2.46648e+06	0.0531607
2.46658e+06	0.0646494
2.46668e+06	0.0778392
2.46678e+06	0.0927881
2.46688e+06	0.109508
2.46698e+06	0.127956
2.46708e+06	0.148026
2.46718e+06	0.169541
2.46728e+06	0.192253
2.46738e+06	0.215841
2.46748e+06	0.239915
2.46758e+06	0.264023
2.46768e+06	0.287667
2.46778e+06	0.310314
2.46788e+06	0.331419
2.46798e+06	0.350442
2.46808e+06	0.366877
2.46818e+06	0.380268
2.46828e+06	0.390234
2.46838e+06	0.396486
2.46848e+06	0.398839
2.46858e+06	0.397224
2.46868e+06	0.39169
2.46878e+06	0.382402
2.46888e+06	0.369631
2.46898e+06	0.353744
2.46908e+06	0.335184
2.46918e+06	0.314451
2.46928e+06	0.292078
2.46938e+06	0.26861
2.46948e+06	0.244584
2.46958e+06	0.220503
2.46968e+06	0.196828
2.46978e+06	0.173958
2.46988e+06	0.152228
2.46998e+06	0.131897
2.47008e+06	0.113155
2.47018e+06	0.0961199
2.47028e+06	0.0808458
2.47038e+06	0.0673304
2.47048e+06	0.0555239
2.47058e+06	0.0453388
2.47068e+06	0.0366596
2.47078e+06	0.0293523
2.47088e+06	0.0232723
2.47098e+06	0.0182721
2.47108e+06	0.014207
2.47118e+06	0.0109394
2.47128e+06	0.00834198
2.47138e+06	0.00630014
2.47148e+06	0.00471249
2.47158e+06	0.00349131
2.47168e+06	0.00256203
2.47178e+06	0.00186235
2.47188e+06	0.00134105
2.47198e+06	0.000956675
2.47208e+06	0.00067616
2.47218e+06	0.000473517
2.47228e+06	0.000328595
2.47238e+06	0.000225979
2.47248e+06	0.00015403
2.47258e+06	0.000104068
2.47268e+06	6.97059e-05
2.47278e+06	4.62929e-05
2.47288e+06	3.04874e-05
2.47298e+06	1.99139e-05
2.47308e+06	1.29032e-05
2.47318e+06	8.29503e-06
2.47328e+06	5.29181e-06
2.47338e+06	3.35072e-06
2.47348e+06	2.10624e-06
2.47358e+06	1.31462e-06
2.47368e+06	8.14888e-07
2.47378e+06	5.01752e-07
2.47388e+06	3.0694e-07
2.47398e+06	1.86579e-07
2.47408e+06	1.12715e-07
2.47418e+06	6.76821e-08
2.47428e+06	4.03997e-08
2.47438e+06	2.39734e-08
2.47448e+06	1.41433e-08
2.47458e+06	8.29546e-09
2.47468e+06	4.8372e-09
2.47478e+06	2.80407e-09
