774588	7.23804e-09
774688	1.1874e-08
774788	1.92854e-08
774888	3.10113e-08
774988	4.93704e-08
775088	7.78163e-08
775188	1.21432e-07
775288	1.87607e-07
775388	2.86962e-07
775488	4.34567e-07
775588	6.51548e-07
775688	9.67147e-07
775788	1.42133e-06
775888	2.06803e-06
775988	2.97902e-06
776088	4.24863e-06
776188	5.99902e-06
776288	8.38627e-06
776388	1.16069e-05
776488	1.59044e-05
776588	2.15763e-05
776688	2.89797e-05
776788	3.85361e-05
776888	5.0734e-05
776988	6.61283e-05
777088	8.5336e-05
777188	0.000109027
777288	0.00013791
777388	0.000172707
777488	0.000214134
777588	0.000262855
777688	0.000319452
777788	0.000384373
777888	0.000457886
777988	0.000540034
778088	0.000630586
778188	0.000729002
778288	0.000834401
778388	0.000945553
778488	0.00106088
778588	0.00117848
778688	0.00129616
778788	0.00141153
778888	0.00152207
778988	0.00162525
779088	0.00171864
779188	0.00180007
779288	0.00186776
779388	0.00192047
779488	0.00195766
779588	0.00197966
779688	0.00198776
779788	0.00198446
779888	0.00197353
779988	0.00196023
780088	0.00195148
780188	0.00195601
780288	0.00198464
780388	0.00205043
780488	0.00216895
780588	0.00235851
780688	0.00264034
780788	0.00303875
780888	0.00358115
780988	0.00429799
781088	0.00522249
781188	0.00639009
781288	0.00783769
781388	0.00960256
781488	0.0117209
781588	0.0142261
781688	0.0171466
781788	0.0205038
781888	0.0243095
781988	0.0285636
782088	0.0332518
782188	0.0383438
782288	0.0437917
782388	0.0495294
782488	0.0554732
782588	0.0615221
782688	0.0675606
782788	0.0734618
782888	0.0790912
782988	0.0843118
783088	0.0889895
783188	0.0929985
783288	0.0962274
783388	0.0985835
783488	0.0999981
783588	0.100429
783688	0.0998634
783788	0.0983177
783888	0.0958372
783988	0.0924939
784088	0.0883829
784188	0.0836176
784288	0.0783253
784388	0.0726406
784488	0.0667007
784588	0.0606393
784688	0.054582
784788	0.0486427
784888	0.0429198
784988	0.0374949
785088	0.032431
785188	0.0277734
785288	0.0235496
785388	0.0197714
785488	0.0164366
785588	0.0135317
785688	0.0110341
785788	0.00891452
785888	0.0071398
785988	0.00567471
786088	0.00448401
786188	0.00353393
786288	0.00279349
786388	0.00223548
786488	0.00183714
786588	0.00158073
786688	0.00145388
786788	0.00144983
786888	0.00156762
786988	0.00181221
787088	0.0021946
787188	0.00273183
787288	0.00344707
787388	0.00436945
787488	0.00553385
787588	0.00698051
787688	0.00875427
787788	0.0109036
787888	0.0134792
787988	0.0165322
788088	0.0201116
788188	0.0242621
788288	0.0290204
788388	0.0344125
788488	0.0404495
788588	0.0471247
788688	0.0544102
788788	0.0622544
788888	0.07058
788988	0.0792835
789088	0.0882357
789188	0.0972834
789288	0.106253
789388	0.114955
789488	0.123192
789588	0.130761
789688	0.137469
789788	0.143135
789888	0.147599
789988	0.150734
790088	0.152444
790188	0.152678
790288	0.151425
790388	0.148719
790488	0.144635
790588	0.139287
790688	0.132824
790788	0.125418
790888	0.117263
790988	0.10856
791088	0.0995147
791188	0.0903246
791288	0.0811753
791388	0.0722333
791488	0.063642
791588	0.0555189
791688	0.047954
791788	0.0410106
791888	0.0347256
791988	0.029113
792088	0.0241659
792188	0.0198609
792288	0.0161612
792388	0.0130204
792488	0.010386
792588	0.00820251
792688	0.00641386
792788	0.00496552
792888	0.00380611
792988	0.00288849
793088	0.00217038
793188	0.00161465
793288	0.00118936
793388	0.000867502
793488	0.000626634
793588	0.00044843
793688	0.000318168
793788	0.000224217
793888	0.000157561
793988	0.000111359
794088	8.05712e-05
794188	6.16488e-05
794288	5.22936e-05
794388	5.12878e-05
794488	5.83912e-05
794588	7.43053e-05
794688	0.000100699
794788	0.000140294
794888	0.000197006
794988	0.000276139
795088	0.000384614
795188	0.00053124
795288	0.000726999
795388	0.000985326
795488	0.00132237
795588	0.00175719
795688	0.00231186
795788	0.00301144
795888	0.0038838
795988	0.00495914
796088	0.00626935
796188	0.00784703
796288	0.00972422
796388	0.0119309
796488	0.014493
796588	0.0174306
796688	0.0207556
796788	0.0244698
796888	0.0285627
796988	0.0330098
797088	0.0377716
797188	0.0427927
797288	0.0480019
797388	0.0533138
797488	0.0586297
797588	0.0638413
797688	0.0688337
797788	0.0734902
797888	0.0776966
797988	0.0813464
798088	0.0843457
798188	0.0866178
798288	0.0881069
798388	0.0887813
798488	0.0886349
798588	0.0876882
798688	0.0859875
798788	0.0836031
798888	0.0806266
798988	0.077167
799088	0.0733467
799188	0.0692968
799288	0.0651527
799388	0.0610501
799488	0.0571208
799588	0.0534902
799688	0.0502745
799788	0.047579
799888	0.0454973
799988	0.0441105
800088	0.0434868
800188	0.0436814
800288	0.0447361
800388	0.0466789
800488	0.0495234
800588	0.0532674
800688	0.0578922
800788	0.0633609
800888	0.0696178
800988	0.0765871
801088	0.0841733
801188	0.0922617
801288	0.100721
801388	0.109404
801488	0.118155
801588	0.126813
801688	0.135216
801788	0.143213
801888	0.150662
801988	0.157444
802088	0.163461
802188	0.168646
802288	0.172959
802388	0.176393
802488	0.178966
802588	0.180722
802688	0.181723
802788	0.182047
802888	0.181773
802988	0.180983
803088	0.179747
803188	0.178126
803288	0.176162
803388	0.173876
803488	0.171273
803588	0.168339
803688	0.165046
803788	0.161357
803888	0.157231
803988	0.152632
804088	0.147529
804188	0.141908
804288	0.135768
804388	0.129133
804488	0.122044
804588	0.114565
804688	0.106775
804788	0.0987723
804888	0.0906617
804988	0.0825558
805088	0.0745678
805188	0.0668071
805288	0.0593756
805388	0.0523642
805488	0.0458507
805588	0.0398985
805688	0.0345565
805788	0.0298599
805888	0.0258315
805988	0.0224838
806088	0.0198215
806188	0.0178438
806288	0.0165467
806388	0.0159252
806488	0.0159743
806588	0.0166904
806688	0.0180711
806788	0.0201148
806888	0.0228193
806988	0.0261803
807088	0.0301884
807188	0.0348271
807288	0.0400693
807388	0.0458751
807488	0.0521888
807588	0.0589375
807688	0.0660295
807788	0.0733545
807888	0.0807845
807988	0.0881762
808088	0.0953739
808188	0.102215
808288	0.108533
808388	0.114168
808488	0.11897
808588	0.122804
808688	0.12556
808788	0.127156
808888	0.127541
808988	0.126701
809088	0.124656
809188	0.12146
809288	0.1172
809388	0.111994
809488	0.105978
809588	0.0993088
809688	0.092151
809788	0.0846732
809888	0.0770405
809988	0.0694086
810088	0.0619188
810188	0.0546943
810288	0.0478373
810388	0.0414279
810488	0.0355235
810588	0.0301601
810688	0.0253536
810788	0.0211026
810888	0.0173906
810988	0.0141898
811088	0.0114635
811188	0.00916934
811288	0.00726162
811388	0.00569382
811488	0.00442025
811588	0.00339752
811688	0.00258551
811788	0.00194805
811888	0.00145319
811988	0.00107327
812088	0.00078481
812188	0.000568178
812288	0.000407257
812388	0.000289013
812488	0.000203062
812588	0.000141255
812688	9.72834e-05
812788	6.63341e-05
812888	4.47812e-05
812988	2.99307e-05
813088	1.9806e-05
813188	1.29759e-05
813288	8.41666e-06
813388	5.40507e-06
813488	3.43655e-06
813588	2.16324e-06
813688	1.3482e-06
813788	8.3192e-07
813888	5.08309e-07
813988	3.0762e-07
814088	1.84545e-07
814188	1.10023e-07
814288	6.56702e-08
814388	4.00767e-08
814488	2.6379e-08
814588	2.07286e-08
814688	2.13831e-08
814788	2.82504e-08
814888	4.27911e-08
814988	6.82413e-08
815088	1.10171e-07
815188	1.77439e-07
815288	2.8366e-07
815388	4.49337e-07
815488	7.04898e-07
815588	1.09491e-06
815688	1.68384e-06
815788	2.56379e-06
815888	3.86479e-06
815988	5.768e-06
816088	8.5228e-06
816188	1.2468e-05
816288	1.80579e-05
816388	2.58938e-05
816488	3.67605e-05
816588	5.16683e-05
816688	7.18992e-05
816788	9.90561e-05
816888	0.000135113
816988	0.00018246
817088	0.000243948
817188	0.000322912
817288	0.000423184
817388	0.000549075
817488	0.000705331
817588	0.000897043
817688	0.00112952
817788	0.0014081
817888	0.00173794
817988	0.00212373
818088	0.00256938
818188	0.0030777
818288	0.00365001
818388	0.00428586
818488	0.00498269
818588	0.00573563
818688	0.00653732
818788	0.00737794
818888	0.00824533
818988	0.00912527
819088	0.0100019
819188	0.0108585
819288	0.0116781
819388	0.0124443
819488	0.0131427
819588	0.0137613
819688	0.0142922
819788	0.0147318
819888	0.0150823
819988	0.0153519
820088	0.0155554
820188	0.0157141
820288	0.015856
820388	0.0160145
820488	0.0162285
820588	0.0165403
820688	0.0169947
820788	0.0176369
820888	0.0185106
820988	0.0196558
821088	0.0211064
821188	0.0228882
821288	0.0250169
821388	0.0274956
821488	0.0303143
821588	0.0334478
821688	0.0368561
821788	0.0404842
821888	0.0442629
821988	0.0481112
822088	0.0519379
822188	0.0556452
822288	0.0591322
822388	0.0622989
822488	0.0650505
822588	0.0673013
822688	0.0689788
822788	0.0700267
822888	0.0704078
822988	0.0701053
823088	0.0691237
823188	0.0674885
823288	0.0652444
823388	0.0624534
823488	0.0591916
823588	0.0555455
823688	0.0516079
823788	0.0474744
823888	0.0432389
823988	0.0389906
824088	0.0348108
824188	0.0307705
824288	0.026929
824388	0.0233331
824488	0.0200164
824588	0.0170006
824688	0.0142957
824788	0.0119017
824888	0.00981008
824988	0.00800568
825088	0.00646823
825188	0.00517408
825288	0.00409772
825388	0.003213
825488	0.00249425
825588	0.00191703
825688	0.00145873
825788	0.00109897
825888	0.000819693
825988	0.00060531
826088	0.000442551
826188	0.000320338
826288	0.000229568
826388	0.000162882
826488	0.000114418
826588	7.95743e-05
826688	5.47912e-05
826788	3.73514e-05
826888	2.52093e-05
826988	1.68451e-05
827088	1.11441e-05
827188	7.29915e-06
827288	4.73324e-06
827388	3.03881e-06
827488	1.93155e-06
827588	1.21553e-06
827688	7.57328e-07
827788	4.67153e-07
827888	2.85294e-07
827988	1.72498e-07
828088	1.0326e-07
828188	6.11982e-08
828288	3.59089e-08
828388	2.08605e-08
828488	1.19978e-08
828588	6.83186e-09
828688	3.85152e-09
828788	2.14973e-09
828888	1.18793e-09
828988	6.49917e-10
829088	3.52031e-10
829188	1.88782e-10
829288	1.0023e-10
829388	5.26859e-11
829488	2.74187e-11
829588	1.41272e-11
829688	7.20648e-12
829788	3.63955e-12
829888	1.81982e-12
829988	9.00881e-13
830088	4.41533e-13
830188	2.14248e-13
830288	1.02926e-13
830388	4.89546e-14
830488	2.30525e-14
830588	1.07473e-14
830688	4.96065e-15
830788	2.26691e-15
830888	1.02562e-15
830988	4.59408e-16
831088	2.03735e-16
831188	8.94521e-17
831288	3.88841e-17
831388	1.67344e-17
831488	7.13028e-18
831588	3.00788e-18
831688	1.25623e-18
831788	5.19442e-19
831888	2.12648e-19
831988	8.61873e-20
832088	3.45845e-20
832188	1.37397e-20
832288	5.40419e-21
832388	2.10446e-21
832488	8.11348e-22
832588	3.09693e-22
832688	1.17034e-22
832788	4.37875e-23
832888	1.62198e-23
832988	5.94837e-24
833088	2.15977e-24
833188	7.76379e-25
833288	2.76311e-25
833388	9.73595e-26
833488	3.39638e-26
833588	1.17303e-26
833688	4.01109e-27
833788	1.35791e-27
833888	4.55132e-28
833988	1.51029e-28
834088	4.96182e-29
834188	1.61391e-29
834288	5.19724e-30
834388	1.657e-30
834488	5.23037e-31
834588	1.63455e-31
834688	5.05732e-32
834788	1.54917e-32
834888	4.69825e-33
834988	1.41069e-33
835088	4.19354e-34
835188	1.23421e-34
835288	3.59628e-35
835388	1.03747e-35
835488	2.96316e-36
835588	8.37897e-37
835688	2.34576e-37
835788	6.50181e-38
835888	1.78419e-38
835988	4.84736e-39
836088	1.30385e-39
836188	3.47221e-40
836288	9.15463e-41
836388	2.38965e-41
836488	6.17566e-42
836588	1.58012e-42
836688	4.00271e-43
836788	1.00386e-43
836888	2.4926e-44
836988	6.12755e-45
837088	1.49135e-45
837188	3.59359e-46
837288	8.57303e-47
837388	2.02487e-47
837488	4.73497e-48
837588	1.09621e-48
837688	2.51263e-49
837788	5.70191e-50
837888	1.28106e-50
837988	2.84955e-51
838088	6.27596e-52
838188	1.37121e-52
838288	3.0951e-53
838388	1.29469e-53
838488	3.21093e-53
838588	1.41594e-52
838688	6.42518e-52
838788	2.89179e-51
838888	1.28866e-50
838988	5.68554e-50
839088	2.48348e-49
839188	1.07401e-48
839288	4.59844e-48
839388	1.94927e-47
839488	8.18067e-47
839588	3.39909e-46
839688	1.39828e-45
839788	5.69487e-45
839888	2.2963e-44
839988	9.1671e-44
840088	3.6232e-43
840188	1.41778e-42
840288	5.49266e-42
840388	2.10675e-41
840488	8.00022e-41
840588	3.00779e-40
840688	1.11956e-39
840788	4.1258e-39
840888	1.50531e-38
840988	5.43748e-38
841088	1.94459e-37
841188	6.88519e-37
841288	2.41357e-36
841388	8.37649e-36
841488	2.8782e-35
841588	9.79121e-35
841688	3.29768e-34
841788	1.09961e-33
841888	3.63016e-33
841988	1.1865e-32
842088	3.83946e-32
842188	1.23007e-31
842288	3.90161e-31
842388	1.22522e-30
842488	3.8093e-30
842588	1.17255e-29
842688	3.57334e-29
842788	1.07814e-28
842888	3.22056e-28
842988	9.52459e-28
843088	2.7888e-27
843188	8.08438e-27
843288	2.32024e-26
843388	6.59287e-26
843488	1.8547e-25
843588	5.16572e-25
843688	1.42444e-24
843788	3.8888e-24
843888	1.0511e-23
843988	2.81274e-23
844088	7.45197e-23
844188	1.95465e-22
844288	5.07605e-22
844388	1.30509e-21
844488	3.32208e-21
844588	8.37215e-21
844688	2.08892e-20
844788	5.16016e-20
844888	1.26201e-19
844988	3.05574e-19
845088	7.32537e-19
845188	1.7386e-18
845288	4.08532e-18
845388	9.50407e-18
845488	2.18902e-17
845588	4.9917e-17
845688	1.12695e-16
845788	2.51893e-16
845888	5.57422e-16
845988	1.22127e-15
846088	2.64907e-15
846188	5.68897e-15
846288	1.20957e-14
846388	2.54616e-14
846488	5.30636e-14
846588	1.09488e-13
846688	2.23661e-13
846788	4.52349e-13
846888	9.05759e-13
846988	1.7956e-12
847088	3.52422e-12
847188	6.84816e-12
847288	1.31747e-11
847388	2.50938e-11
847488	4.73204e-11
847588	8.83461e-11
847688	1.63299e-10
847788	2.98839e-10
847888	5.41436e-10
847988	9.71212e-10
848088	1.7248e-09
848188	3.03263e-09
848288	5.27908e-09
848388	9.09816e-09
848488	1.55241e-08
848588	2.6225e-08
848688	4.38614e-08
848788	7.26283e-08
848888	1.19066e-07
848988	1.93252e-07
849088	3.10541e-07
849188	4.9405e-07
849288	7.78179e-07
849388	1.21352e-06
849488	1.87356e-06
849588	2.86384e-06
849688	4.33397e-06
849788	6.49352e-06
849888	9.63233e-06
849988	1.41462e-05
850088	2.05686e-05
850188	2.96093e-05
850288	4.21995e-05
850388	5.95448e-05
850488	8.31835e-05
850588	0.00011505
850688	0.000157542
850788	0.00021358
850888	0.00028667
850988	0.000380944
851088	0.000501183
851188	0.000652814
851288	0.00084186
851388	0.00107485
851488	0.00135866
851588	0.00170033
851688	0.00210674
851788	0.00258432
851888	0.00313862
851988	0.00377387
852088	0.00449256
852188	0.0052949
852288	0.00617843
852388	0.00713766
852488	0.00816376
852588	0.00924447
852688	0.0103641
852788	0.0115037
852888	0.0126415
852988	0.0137537
853088	0.0148148
853188	0.015799
853288	0.016681
853388	0.0174369
853488	0.0180458
853588	0.01849
853688	0.0187567
853788	0.0188379
853888	0.0187313
853988	0.0184398
854088	0.0179723
854188	0.0173424
854288	0.016568
854388	0.0156708
854488	0.0146746
854588	0.013605
854688	0.0124879
854788	0.0113484
854888	0.0102103
854988	0.00909495
855088	0.00802082
855188	0.00700316
855288	0.00605377
855388	0.00518102
855488	0.00438997
855588	0.00368269
855688	0.00305862
855788	0.00251503
855888	0.00204747
855988	0.00165025
856088	0.00131685
856188	0.00104036
856288	0.000813741
856388	0.000630153
856488	0.000483129
856588	0.000366722
856688	0.000275593
856788	0.000205048
856888	0.000151043
856988	0.000110155
857088	7.95358e-05
857188	5.68563e-05
857288	4.02395e-05
857388	2.81957e-05
857488	1.95601e-05
857588	1.34343e-05
857688	9.13516e-06
857788	6.15e-06
857888	4.09912e-06
857988	2.70497e-06
858088	1.76723e-06
858188	1.14309e-06
858288	7.32021e-07
858388	4.64114e-07
858488	2.91328e-07
858588	1.8105e-07
858688	1.11396e-07
858788	6.78577e-08
858888	4.09247e-08
858988	2.44359e-08
859088	1.44454e-08
859188	8.45446e-09
859288	4.89892e-09
859388	2.81043e-09
859488	1.59625e-09
859588	8.97607e-10
859688	4.99722e-10
859788	2.75441e-10
859888	1.50309e-10
859988	8.12081e-11
860088	4.3438e-11
860188	2.30037e-11
860288	1.2061e-11
860388	6.26073e-12
860488	3.21754e-12
860588	1.63712e-12
860688	8.24695e-13
860788	4.11305e-13
860888	2.03091e-13
860988	9.92831e-14
861088	4.80526e-14
861188	2.30258e-14
861288	1.09237e-14
861388	5.13078e-15
861488	2.38591e-15
861588	1.09845e-15
861688	5.00684e-16
861788	2.25946e-16
861888	1.00949e-16
861988	4.46537e-17
862088	1.95555e-17
862188	8.47888e-18
862288	3.63969e-18
862388	1.54685e-18
862488	6.5086e-19
862588	2.71135e-19
862688	1.11825e-19
862788	4.56616e-20
862888	1.84595e-20
862988	7.3883e-21
863088	2.9277e-21
863188	1.14859e-21
863288	4.46132e-22
863388	1.7156e-22
863488	6.53172e-23
863588	2.46204e-23
863688	9.18799e-24
863788	3.39471e-24
863888	1.24177e-24
863988	4.49715e-25
864088	1.61247e-25
864188	5.72407e-26
864288	2.01189e-26
864388	7.00501e-27
864488	2.4271e-27
864588	8.70069e-28
864688	4.20927e-28
864788	5.19275e-28
864888	1.28789e-27
864988	3.6794e-27
865088	1.06066e-26
865188	3.03368e-26
865288	8.59263e-26
865388	2.40963e-25
865488	6.69013e-25
865588	1.83897e-24
865688	5.00464e-24
865788	1.34843e-23
865888	3.59699e-23
865988	9.49966e-23
866088	2.4839e-22
866188	6.43009e-22
866288	1.648e-21
866388	4.18171e-21
866488	1.05053e-20
866588	2.61288e-20
866688	6.4341e-20
866788	1.5686e-19
866888	3.78613e-19
866988	9.04763e-19
867088	2.14058e-18
867188	5.014e-18
867288	1.16277e-17
867388	2.6697e-17
867488	6.06859e-17
867588	1.36574e-16
867688	3.04304e-16
867788	6.7128e-16
867888	1.46608e-15
867988	3.17005e-15
868088	6.78631e-15
868188	1.43833e-14
868288	3.01814e-14
868388	6.27014e-14
868488	1.28965e-13
868588	2.62618e-13
868688	5.29461e-13
868788	1.05682e-12
868888	2.08845e-12
868988	4.08606e-12
869088	7.91484e-12
869188	1.51788e-11
869288	2.88196e-11
869388	5.41748e-11
869488	1.00824e-10
869588	1.85774e-10
869688	3.38895e-10
869788	6.12072e-10
869888	1.09445e-09
869988	1.93753e-09
870088	3.39591e-09
870188	5.89279e-09
870288	1.01238e-08
870388	1.72196e-08
870488	2.89974e-08
870588	4.83451e-08
870688	7.97999e-08
870788	1.3041e-07
870888	2.10996e-07
870988	3.37984e-07
871088	5.36012e-07
871188	8.41609e-07
871288	1.30829e-06
871388	2.01351e-06
871488	3.06803e-06
871588	4.62833e-06
871688	6.91266e-06
871788	1.02217e-05
871888	1.49644e-05
871988	2.16895e-05
872088	3.11243e-05
872188	4.42187e-05
872288	6.2197e-05
872388	8.66143e-05
872488	0.000119417
872588	0.000163005
872688	0.000220289
872788	0.000294742
872888	0.000390434
872988	0.000512047
873088	0.000664859
873188	0.000854686
873288	0.00108778
873388	0.00137067
873488	0.00170993
873588	0.00211195
873688	0.00258254
873788	0.00312655
873888	0.0037475
873988	0.00444708
874088	0.00522475
874188	0.00607733
874288	0.0069987
874388	0.00797956
874488	0.00900736
874588	0.0100664
874688	0.011138
874788	0.012201
874888	0.0132325
874988	0.0142084
875088	0.0151045
875188	0.0158974
875288	0.0165653
875388	0.0170896
875488	0.017455
875588	0.0176509
875688	0.0176714
875788	0.0175158
875888	0.0171889
875988	0.0167002
876088	0.016064
876188	0.0152983
876288	0.0144241
876388	0.0134645
876488	0.0124437
876588	0.0113859
876688	0.0103143
876788	0.00925063
876888	0.00821408
876988	0.00722111
877088	0.00628501
877188	0.00541583
877288	0.00462042
877388	0.0039026
877488	0.00326351
877588	0.00270192
877688	0.00221471
877788	0.00179729
877888	0.00144403
877988	0.00114866
878088	0.000904615
878188	0.000705332
878288	0.000544478
878388	0.000416125
878488	0.000314865
878588	0.000235875
878688	0.000174943
878788	0.00012846
878888	9.33895e-05
878988	6.72178e-05
879088	4.78991e-05
879188	3.3793e-05
879288	2.36039e-05
879388	1.6323e-05
879488	1.11756e-05
879588	7.57528e-06
879688	5.08375e-06
879788	3.37774e-06
879888	2.22191e-06
879988	1.44705e-06
880088	9.33031e-07
880188	5.95617e-07
880288	3.76439e-07
880388	2.35548e-07
880488	1.45922e-07
880588	8.94994e-08
880688	5.43471e-08
880788	3.2673e-08
880888	1.94473e-08
880988	1.146e-08
881088	6.68606e-09
881188	3.862e-09
881288	2.20856e-09
881388	1.25045e-09
881488	7.00935e-10
881588	3.88998e-10
881688	2.13734e-10
881788	1.16267e-10
881888	6.26178e-11
881988	3.33884e-11
882088	1.76259e-11
882188	9.21217e-12
882288	4.76684e-12
882388	2.44206e-12
882488	1.23863e-12
882588	6.21985e-13
882688	3.09227e-13
882788	1.52206e-13
882888	7.41724e-14
882988	3.57858e-14
883088	1.70937e-14
883188	8.08385e-15
883288	3.78493e-15
883388	1.7545e-15
883488	8.05207e-16
883588	3.65863e-16
883688	1.64583e-16
883788	7.33011e-17
883888	3.23215e-17
883988	1.41101e-17
884088	6.09855e-18
884188	2.60963e-18
884288	1.10558e-18
884388	4.63721e-19
884488	1.92566e-19
884588	7.91702e-20
884688	3.22255e-20
884788	1.29866e-20
884888	5.1814e-21
884988	2.04671e-21
885088	8.0043e-22
885188	3.09918e-22
885288	1.18803e-22
885388	4.50884e-23
885488	1.69418e-23
885588	6.30247e-24
885688	2.32124e-24
885788	8.46419e-25
885888	3.05568e-25
885988	1.09216e-25
886088	3.86478e-26
886188	1.354e-26
886288	4.69646e-27
886388	1.61279e-27
886488	5.48332e-28
886588	1.84572e-28
886688	6.15099e-29
886788	2.02946e-29
886888	6.62941e-30
886988	2.144e-30
887088	6.86488e-31
887188	2.17619e-31
887288	6.82997e-32
887388	2.12225e-32
887488	6.5288e-33
887588	1.9885e-33
887688	5.9962e-34
887788	1.79012e-34
887888	5.29111e-35
887988	1.54834e-35
888088	4.48586e-36
888188	1.28671e-36
888288	3.65404e-37
888388	1.02736e-37
888488	2.85975e-38
888588	7.88119e-39
888688	2.15036e-39
888788	5.80884e-40
888888	1.55355e-40
888988	4.11354e-41
889088	1.07836e-41
889188	2.79879e-42
889288	7.19172e-43
889388	1.82958e-43
889488	4.60818e-44
889588	1.14911e-44
889688	2.83697e-45
889788	6.93429e-46
889888	1.67806e-46
889988	4.0204e-47
890088	9.53648e-48
890188	2.23957e-48
890288	5.20712e-49
890388	1.19864e-49
890488	2.73172e-50
890588	6.16368e-51
890688	1.3769e-51
890788	3.04523e-52
890888	6.668e-53
890988	1.44553e-53
891088	3.10254e-54
891188	6.59272e-55
891288	1.38697e-55
891388	2.88888e-56
891488	5.95727e-57
891588	1.21625e-57
891688	2.45841e-58
891788	4.91975e-59
891888	9.74742e-60
891988	1.91202e-60
892088	3.71324e-61
892188	7.13954e-62
892288	1.35908e-62
892388	2.56139e-63
892488	4.7793e-64
892588	8.82897e-65
892688	1.61478e-65
892788	2.92397e-66
892888	5.2419e-67
892988	9.30385e-68
893088	1.63491e-68
893188	2.84434e-69
893288	4.89921e-70
893388	8.35465e-71
893488	1.41055e-71
893588	2.35778e-72
893688	3.9019e-73
893788	6.39303e-74
893888	1.03704e-74
893988	1.66548e-75
894088	2.64813e-76
894188	4.16868e-77
894288	6.49701e-78
894388	1.0025e-78
894488	1.5315e-79
894588	2.31634e-80
894688	3.46853e-81
894788	5.14217e-82
894888	7.54753e-83
894988	1.09678e-83
895088	1.57794e-84
895188	2.24761e-85
895288	3.16961e-86
895388	4.42537e-87
895488	6.11716e-88
895588	8.37157e-89
895688	1.13428e-89
895788	1.52157e-90
895888	2.02079e-91
895988	2.65709e-92
896088	3.45898e-93
896188	4.45808e-94
896288	5.68859e-95
896388	7.18651e-96
896488	8.98853e-97
896588	1.11306e-97
896688	1.36459e-98
896788	1.65632e-99
896888	1.99041e-100
896988	2.36809e-101
897088	2.7894e-102
897188	3.25298e-103
897288	3.75585e-104
897388	4.29331e-105
897488	4.85885e-106
897588	5.44418e-107
897688	6.03931e-108
897788	6.63284e-109
897888	7.21223e-110
897988	7.76418e-111
898088	8.27522e-112
898188	8.73213e-113
898288	9.12258e-114
898388	9.43566e-115
898488	9.66238e-116
898588	9.7961e-117
898688	9.83284e-118
898788	9.77151e-119
898888	9.61395e-120
898988	9.36481e-121
899088	9.03136e-122
899188	8.62312e-123
899288	8.15141e-124
899388	7.62883e-125
899488	7.06871e-126
899588	6.48455e-127
899688	5.88947e-128
899788	5.29577e-129
899888	4.71455e-130
899988	4.15535e-131
900088	3.62604e-132
900188	3.13267e-133
900288	2.67949e-134
900388	2.26907e-135
900488	1.9024e-136
900588	1.57911e-137
900688	1.29771e-138
900788	1.05585e-139
900888	8.50518e-141
900988	6.783e-142
901088	5.35571e-143
901188	4.18668e-144
901288	3.24025e-145
901388	2.48282e-146
901488	1.88351e-147
901588	1.41465e-148
901688	1.05193e-149
901788	7.74428e-151
901888	5.6446e-152
901988	4.07325e-153
902088	2.9101e-154
902188	2.0584e-155
902288	1.44148e-156
902388	9.99418e-158
902488	6.86027e-159
902588	4.66221e-160
902688	3.1369e-161
902788	2.08961e-162
902888	1.37812e-163
902988	8.99843e-165
903088	5.81705e-166
903188	3.72303e-167
903288	2.3591e-168
903388	1.47998e-169
903488	9.19219e-171
903588	5.6525e-172
903688	3.44127e-173
903788	2.07422e-174
903888	1.23779e-175
903988	7.31303e-177
904088	4.27764e-178
904188	2.47724e-179
904288	1.42033e-180
904388	8.06246e-182
904488	4.53109e-183
904588	2.52113e-184
904688	1.38881e-185
904788	7.57443e-187
904888	4.08991e-188
904988	2.18642e-189
905088	1.15721e-190
905188	6.06381e-192
905288	3.14584e-193
905388	1.61579e-194
905488	8.21659e-196
905588	4.1367e-197
905688	2.06193e-198
905788	1.01754e-199
905888	4.97147e-201
905988	2.40478e-202
906088	1.15166e-203
906188	5.46045e-205
906288	2.56325e-206
906388	1.19127e-207
906488	5.48133e-209
906588	2.497e-210
906688	1.12618e-211
906788	5.02872e-213
906888	2.22311e-214
906988	9.73023e-216
907088	4.2164e-217
907188	1.80891e-218
907288	7.68333e-220
907388	3.23102e-221
907488	1.3452e-222
907588	5.54485e-224
907688	2.26282e-225
907788	9.14258e-227
907888	3.65716e-228
907988	1.44836e-229
908088	5.67891e-231
908188	2.2045e-232
908288	8.47255e-234
908388	3.22385e-235
908488	1.21448e-236
908588	4.52967e-238
908688	1.67262e-239
908788	6.11485e-241
908888	2.21326e-242
908988	7.93111e-244
909088	2.8138e-245
909188	9.88349e-247
909288	3.43704e-248
909388	1.18335e-249
909488	4.03369e-251
909588	1.36128e-252
909688	4.54831e-254
909788	1.50456e-255
909888	4.92748e-257
909988	1.59771e-258
910088	5.12895e-260
910188	1.6301e-261
910288	5.12932e-263
910388	1.59794e-264
910488	4.92855e-266
910588	1.50499e-267
910688	4.54996e-269
910788	1.36187e-270
910888	4.03574e-272
910988	1.18404e-273
911088	3.43928e-275
911188	9.89067e-277
911288	2.81605e-278
911388	7.93803e-280
911488	2.21535e-281
911588	6.12107e-283
911688	1.67444e-284
911788	4.53493e-286
911888	1.21598e-287
911988	3.22806e-289
912088	8.48425e-291
912188	2.20771e-292
912288	5.68758e-294
912388	1.45067e-295
912488	3.66327e-297
912588	9.15853e-299
912688	2.26694e-300
912788	5.55533e-302
912888	1.34784e-303
912988	3.2376e-305
913088	7.69954e-307
913188	1.81286e-308
913288	4.2259e-310
913388	9.75287e-312
913488	2.22845e-313
913588	5.04115e-315
913688	1.12905e-316
913788	2.50354e-318
913888	5.49599e-320
913988	1.19564e-321
914088	2.47033e-323
914188	0
914288	0
914388	0
914488	0
914588	0
914688	0
914788	0
914888	0
914988	0
915088	0
915188	0
915288	0
915388	0
915488	0
915588	0
915688	0
915788	0
915888	0
915988	0
916088	0
916188	0
916288	0
916388	0
916488	0
916588	0
916688	0
916788	0
916888	0
916988	0
917088	0
917188	0
917288	0
917388	0
917488	0
917588	0
917688	0
917788	0
917888	0
917988	0
918088	0
918188	0
918288	0
918388	0
918488	0
918588	0
918688	0
918788	0
918888	0
918988	0
919088	0
919188	0
919288	0
919388	0
919488	0
919588	0
919688	0
919788	0
919888	0
919988	0
920088	0
920188	0
920288	0
920388	0
920488	0
920588	0
920688	0
920788	0
920888	0
920988	0
921088	0
921188	0
921288	0
921388	0
921488	0
921588	0
921688	0
921788	0
921888	0
921988	0
922088	0
922188	0
922288	0
922388	0
922488	0
922588	0
922688	0
922788	0
922888	0
922988	0
923088	0
923188	0
923288	0
923388	0
923488	0
923588	0
923688	0
923788	0
923888	0
923988	0
924088	0
924188	0
924288	0
924388	0
924488	0
924588	0
924688	0
924788	0
924888	0
924988	0
925088	0
925188	0
925288	0
925388	0
925488	0
925588	0
925688	0
925788	0
925888	0
925988	0
926088	0
926188	0
926288	0
926388	0
926488	0
926588	0
926688	0
926788	0
926888	0
926988	0
927088	0
927188	0
927288	0
927388	0
927488	0
927588	0
927688	0
927788	0
927888	0
927988	0
928088	0
928188	0
928288	0
928388	0
928488	0
928588	0
928688	0
928788	0
928888	0
928988	0
929088	0
929188	0
929288	0
929388	0
929488	0
929588	0
929688	0
929788	0
929888	0
929988	0
930088	0
930188	0
930288	0
930388	0
930488	0
930588	0
930688	0
930788	0
930888	0
930988	0
931088	0
931188	0
931288	0
931388	0
931488	0
931588	0
931688	0
931788	0
931888	0
931988	0
932088	0
932188	0
932288	0
932388	0
932488	0
932588	0
932688	0
932788	0
932888	0
932988	0
933088	0
933188	0
933288	0
933388	0
933488	0
933588	0
933688	0
933788	0
933888	0
933988	0
934088	0
934188	0
934288	0
934388	0
934488	0
934588	0
934688	0
934788	0
934888	0
934988	0
935088	0
935188	0
935288	0
935388	0
935488	0
935588	0
935688	0
935788	0
935888	0
935988	0
936088	0
936188	0
936288	0
936388	0
936488	0
936588	0
936688	0
936788	0
936888	0
936988	0
937088	0
937188	0
937288	0
937388	0
937488	0
937588	0
937688	0
937788	0
937888	0
937988	0
938088	0
938188	0
938288	0
938388	0
938488	0
938588	0
938688	0
938788	0
938888	0
938988	0
939088	0
939188	0
939288	0
939388	0
939488	0
939588	0
939688	0
939788	0
939888	0
939988	0
940088	0
940188	0
940288	0
940388	0
940488	0
940588	0
940688	0
940788	0
940888	0
940988	0
941088	0
941188	0
941288	0
941388	0
941488	0
941588	0
941688	0
941788	0
941888	0
941988	0
942088	0
942188	0
942288	0
942388	0
942488	0
942588	0
942688	0
942788	0
942888	0
942988	0
943088	0
943188	0
943288	0
943388	0
943488	0
943588	0
943688	0
943788	0
943888	0
943988	0
944088	0
944188	0
944288	0
944388	0
944488	0
944588	0
944688	0
944788	0
944888	0
944988	0
945088	0
945188	0
945288	0
945388	0
945488	0
945588	0
945688	0
945788	0
945888	0
945988	0
946088	0
946188	0
946288	0
946388	0
946488	0
946588	0
946688	0
946788	0
946888	0
946988	0
947088	0
947188	0
947288	0
947388	0
947488	0
947588	0
947688	0
947788	0
947888	0
947988	0
948088	0
948188	0
948288	0
948388	0
948488	0
948588	0
948688	0
948788	0
948888	0
948988	0
949088	0
949188	0
949288	0
949388	0
949488	0
949588	0
949688	0
949788	0
949888	0
949988	0
950088	0
950188	0
950288	0
950388	0
950488	0
950588	0
950688	0
950788	0
950888	0
950988	0
951088	0
951188	0
951288	0
951388	0
951488	0
951588	0
951688	0
951788	0
951888	0
951988	0
952088	0
952188	0
952288	0
952388	0
952488	0
952588	0
952688	0
952788	0
952888	0
952988	0
953088	0
953188	0
953288	0
953388	0
953488	0
953588	0
953688	0
953788	0
953888	0
953988	0
954088	0
954188	0
954288	0
954388	0
954488	0
954588	0
954688	0
954788	0
954888	0
954988	0
955088	0
955188	0
955288	0
955388	0
955488	0
955588	0
955688	0
955788	0
955888	0
955988	0
956088	0
956188	0
956288	0
956388	0
956488	0
956588	0
956688	0
956788	0
956888	0
956988	0
957088	0
957188	0
957288	0
957388	0
957488	0
957588	0
957688	0
957788	0
957888	0
957988	0
958088	0
958188	0
958288	0
958388	0
958488	0
958588	0
958688	0
958788	0
958888	0
958988	0
959088	0
959188	0
959288	0
959388	0
959488	0
959588	0
959688	0
959788	0
959888	0
959988	0
960088	0
960188	0
960288	0
960388	0
960488	0
960588	0
960688	0
960788	0
960888	0
960988	0
961088	0
961188	0
961288	0
961388	0
961488	0
961588	0
961688	0
961788	0
961888	0
961988	0
962088	0
962188	0
962288	0
962388	0
962488	0
962588	0
962688	0
962788	0
962888	0
962988	0
963088	0
963188	0
963288	0
963388	0
963488	0
963588	0
963688	0
963788	0
963888	0
963988	0
964088	0
964188	0
964288	0
964388	0
964488	0
964588	0
964688	0
964788	0
964888	0
964988	0
965088	0
965188	0
965288	0
965388	0
965488	0
965588	0
965688	0
965788	0
965888	0
965988	0
966088	0
966188	0
966288	0
966388	0
966488	0
966588	0
966688	0
966788	0
966888	0
966988	0
967088	0
967188	0
967288	0
967388	0
967488	0
967588	0
967688	0
967788	0
967888	0
967988	0
968088	0
968188	0
968288	0
968388	0
968488	0
968588	0
968688	0
968788	0
968888	0
968988	0
969088	0
969188	0
969288	0
969388	0
969488	0
969588	0
969688	0
969788	0
969888	0
969988	0
970088	0
970188	0
970288	0
970388	0
970488	0
970588	0
970688	0
970788	0
970888	0
970988	0
971088	0
971188	0
971288	0
971388	0
971488	0
971588	0
971688	0
971788	0
971888	0
971988	0
972088	0
972188	0
972288	0
972388	0
972488	0
972588	0
972688	0
972788	0
972888	0
972988	0
973088	0
973188	0
973288	0
973388	0
973488	0
973588	0
973688	0
973788	0
973888	0
973988	0
974088	0
974188	0
974288	0
974388	0
974488	0
974588	0
974688	0
974788	0
974888	0
974988	0
975088	0
975188	0
975288	0
975388	0
975488	0
975588	0
975688	0
975788	0
975888	0
975988	0
976088	0
976188	0
976288	0
976388	0
976488	0
976588	0
976688	0
976788	0
976888	0
976988	0
977088	0
977188	0
977288	0
977388	0
977488	0
977588	0
977688	0
977788	0
977888	0
977988	0
978088	0
978188	0
978288	0
978388	0
978488	0
978588	0
978688	0
978788	0
978888	0
978988	0
979088	0
979188	0
979288	0
979388	0
979488	0
979588	0
979688	0
979788	0
979888	0
979988	0
980088	0
980188	0
980288	0
980388	0
980488	0
980588	0
980688	0
980788	0
980888	0
980988	0
981088	0
981188	0
981288	0
981388	0
981488	0
981588	0
981688	0
981788	0
981888	0
981988	0
982088	0
982188	0
982288	0
982388	0
982488	0
982588	0
982688	0
982788	0
982888	0
982988	0
983088	0
983188	0
983288	0
983388	0
983488	0
983588	0
983688	0
983788	0
983888	0
983988	0
984088	0
984188	0
984288	0
984388	0
984488	0
984588	0
984688	0
984788	0
984888	0
984988	0
985088	0
985188	0
985288	0
985388	0
985488	0
985588	0
985688	0
985788	0
985888	0
985988	0
986088	0
986188	0
986288	0
986388	0
986488	0
986588	0
986688	0
986788	0
986888	0
986988	0
987088	0
987188	0
987288	0
987388	0
987488	0
987588	0
987688	0
987788	0
987888	0
987988	0
988088	0
988188	0
988288	0
988388	0
988488	0
988588	0
988688	0
988788	0
988888	0
988988	0
989088	0
989188	0
989288	0
989388	0
989488	0
989588	0
989688	0
989788	0
989888	0
989988	0
990088	0
990188	0
990288	0
990388	0
990488	0
990588	0
990688	0
990788	0
990888	0
990988	0
991088	0
991188	0
991288	0
991388	0
991488	0
991588	0
991688	0
991788	0
991888	0
991988	0
992088	0
992188	0
992288	0
992388	0
992488	0
992588	0
992688	0
992788	0
992888	0
992988	0
993088	0
993188	0
993288	0
993388	0
993488	0
993588	0
993688	0
993788	0
993888	0
993988	0
994088	0
994188	0
994288	0
994388	0
994488	0
994588	0
994688	0
994788	0
994888	0
994988	0
995088	0
995188	0
995288	0
995388	0
995488	0
995588	0
995688	0
995788	0
995888	0
995988	0
996088	0
996188	0
996288	0
996388	0
996488	0
996588	0
996688	0
996788	0
996888	0
996988	0
997088	0
997188	0
997288	0
997388	0
997488	0
997588	0
997688	0
997788	0
997888	0
997988	0
998088	0
998188	0
998288	0
998388	0
998488	0
998588	0
998688	0
998788	0
998888	0
998988	0
999088	0
999188	0
999288	0
999388	0
999488	0
999588	0
999688	0
999788	0
999888	0
999988	0
1.00009e+06	0
1.00019e+06	0
1.00029e+06	0
1.00039e+06	0
1.00049e+06	0
1.00059e+06	0
1.00069e+06	0
1.00079e+06	0
1.00089e+06	0
1.00099e+06	0
1.00109e+06	0
1.00119e+06	0
1.00129e+06	0
1.00139e+06	0
1.00149e+06	0
1.00159e+06	0
1.00169e+06	0
1.00179e+06	0
1.00189e+06	0
1.00199e+06	0
1.00209e+06	0
1.00219e+06	0
1.00229e+06	0
1.00239e+06	0
1.00249e+06	0
1.00259e+06	0
1.00269e+06	0
1.00279e+06	0
1.00289e+06	0
1.00299e+06	0
1.00309e+06	0
1.00319e+06	0
1.00329e+06	0
1.00339e+06	0
1.00349e+06	0
1.00359e+06	0
1.00369e+06	0
1.00379e+06	0
1.00389e+06	0
1.00399e+06	0
1.00409e+06	0
1.00419e+06	0
1.00429e+06	0
1.00439e+06	0
1.00449e+06	0
1.00459e+06	0
1.00469e+06	0
1.00479e+06	0
1.00489e+06	0
1.00499e+06	0
1.00509e+06	0
1.00519e+06	0
1.00529e+06	0
1.00539e+06	0
1.00549e+06	0
1.00559e+06	0
1.00569e+06	0
1.00579e+06	0
1.00589e+06	0
1.00599e+06	0
1.00609e+06	0
1.00619e+06	0
1.00629e+06	0
1.00639e+06	0
1.00649e+06	0
1.00659e+06	0
1.00669e+06	0
1.00679e+06	0
1.00689e+06	0
1.00699e+06	0
1.00709e+06	0
1.00719e+06	0
1.00729e+06	0
1.00739e+06	0
1.00749e+06	0
1.00759e+06	0
1.00769e+06	0
1.00779e+06	0
1.00789e+06	0
1.00799e+06	0
1.00809e+06	0
1.00819e+06	0
1.00829e+06	0
1.00839e+06	0
1.00849e+06	0
1.00859e+06	0
1.00869e+06	0
1.00879e+06	0
1.00889e+06	0
1.00899e+06	0
1.00909e+06	0
1.00919e+06	0
1.00929e+06	0
1.00939e+06	0
1.00949e+06	0
1.00959e+06	0
1.00969e+06	0
1.00979e+06	0
1.00989e+06	0
1.00999e+06	0
1.01009e+06	0
1.01019e+06	0
1.01029e+06	0
1.01039e+06	0
1.01049e+06	0
1.01059e+06	0
1.01069e+06	0
1.01079e+06	0
1.01089e+06	0
1.01099e+06	0
1.01109e+06	0
1.01119e+06	0
1.01129e+06	0
1.01139e+06	0
1.01149e+06	0
1.01159e+06	0
1.01169e+06	0
1.01179e+06	0
1.01189e+06	0
1.01199e+06	0
1.01209e+06	0
1.01219e+06	0
1.01229e+06	0
1.01239e+06	0
1.01249e+06	0
1.01259e+06	0
1.01269e+06	0
1.01279e+06	0
1.01289e+06	0
1.01299e+06	0
1.01309e+06	0
1.01319e+06	0
1.01329e+06	0
1.01339e+06	0
1.01349e+06	0
1.01359e+06	0
1.01369e+06	0
1.01379e+06	0
1.01389e+06	0
1.01399e+06	0
1.01409e+06	0
1.01419e+06	0
1.01429e+06	0
1.01439e+06	0
1.01449e+06	0
1.01459e+06	0
1.01469e+06	0
1.01479e+06	0
1.01489e+06	0
1.01499e+06	0
1.01509e+06	0
1.01519e+06	0
1.01529e+06	0
1.01539e+06	0
1.01549e+06	0
1.01559e+06	0
1.01569e+06	0
1.01579e+06	0
1.01589e+06	0
1.01599e+06	0
1.01609e+06	0
1.01619e+06	0
1.01629e+06	0
1.01639e+06	0
1.01649e+06	0
1.01659e+06	0
1.01669e+06	0
1.01679e+06	0
1.01689e+06	0
1.01699e+06	0
1.01709e+06	0
1.01719e+06	0
1.01729e+06	0
1.01739e+06	0
1.01749e+06	0
1.01759e+06	0
1.01769e+06	0
1.01779e+06	0
1.01789e+06	0
1.01799e+06	0
1.01809e+06	0
1.01819e+06	0
1.01829e+06	0
1.01839e+06	0
1.01849e+06	0
1.01859e+06	0
1.01869e+06	0
1.01879e+06	0
1.01889e+06	0
1.01899e+06	0
1.01909e+06	0
1.01919e+06	0
1.01929e+06	0
1.01939e+06	0
1.01949e+06	0
1.01959e+06	0
1.01969e+06	0
1.01979e+06	0
1.01989e+06	0
1.01999e+06	0
1.02009e+06	0
1.02019e+06	0
1.02029e+06	0
1.02039e+06	0
1.02049e+06	0
1.02059e+06	0
1.02069e+06	0
1.02079e+06	0
1.02089e+06	0
1.02099e+06	0
1.02109e+06	0
1.02119e+06	0
1.02129e+06	0
1.02139e+06	0
1.02149e+06	0
1.02159e+06	0
1.02169e+06	0
1.02179e+06	0
1.02189e+06	0
1.02199e+06	0
1.02209e+06	0
1.02219e+06	0
1.02229e+06	0
1.02239e+06	0
1.02249e+06	0
1.02259e+06	0
1.02269e+06	0
1.02279e+06	0
1.02289e+06	0
1.02299e+06	0
1.02309e+06	0
1.02319e+06	0
1.02329e+06	0
1.02339e+06	0
1.02349e+06	0
1.02359e+06	0
1.02369e+06	0
1.02379e+06	0
1.02389e+06	0
1.02399e+06	0
1.02409e+06	0
1.02419e+06	0
1.02429e+06	0
1.02439e+06	0
1.02449e+06	0
1.02459e+06	0
1.02469e+06	0
1.02479e+06	0
1.02489e+06	0
1.02499e+06	0
1.02509e+06	0
1.02519e+06	0
1.02529e+06	0
1.02539e+06	0
1.02549e+06	0
1.02559e+06	0
1.02569e+06	0
1.02579e+06	0
1.02589e+06	0
1.02599e+06	0
1.02609e+06	0
1.02619e+06	0
1.02629e+06	0
1.02639e+06	0
1.02649e+06	0
1.02659e+06	0
1.02669e+06	0
1.02679e+06	0
1.02689e+06	0
1.02699e+06	0
1.02709e+06	0
1.02719e+06	0
1.02729e+06	0
1.02739e+06	0
1.02749e+06	0
1.02759e+06	0
1.02769e+06	0
1.02779e+06	0
1.02789e+06	0
1.02799e+06	0
1.02809e+06	0
1.02819e+06	0
1.02829e+06	0
1.02839e+06	0
1.02849e+06	0
1.02859e+06	0
1.02869e+06	0
1.02879e+06	0
1.02889e+06	0
1.02899e+06	0
1.02909e+06	0
1.02919e+06	0
1.02929e+06	0
1.02939e+06	0
1.02949e+06	0
1.02959e+06	0
1.02969e+06	0
1.02979e+06	0
1.02989e+06	0
1.02999e+06	0
1.03009e+06	0
1.03019e+06	0
1.03029e+06	0
1.03039e+06	0
1.03049e+06	0
1.03059e+06	0
1.03069e+06	0
1.03079e+06	0
1.03089e+06	0
1.03099e+06	0
1.03109e+06	0
1.03119e+06	0
1.03129e+06	0
1.03139e+06	0
1.03149e+06	0
1.03159e+06	0
1.03169e+06	0
1.03179e+06	0
1.03189e+06	0
1.03199e+06	0
1.03209e+06	0
1.03219e+06	0
1.03229e+06	0
1.03239e+06	0
1.03249e+06	0
1.03259e+06	0
1.03269e+06	0
1.03279e+06	0
1.03289e+06	0
1.03299e+06	0
1.03309e+06	0
1.03319e+06	0
1.03329e+06	0
1.03339e+06	0
1.03349e+06	0
1.03359e+06	0
1.03369e+06	0
1.03379e+06	0
1.03389e+06	0
1.03399e+06	0
1.03409e+06	0
1.03419e+06	0
1.03429e+06	0
1.03439e+06	0
1.03449e+06	0
1.03459e+06	0
1.03469e+06	0
1.03479e+06	0
1.03489e+06	0
1.03499e+06	0
1.03509e+06	0
1.03519e+06	0
1.03529e+06	0
1.03539e+06	0
1.03549e+06	0
1.03559e+06	0
1.03569e+06	0
1.03579e+06	0
1.03589e+06	0
1.03599e+06	0
1.03609e+06	0
1.03619e+06	0
1.03629e+06	0
1.03639e+06	0
1.03649e+06	0
1.03659e+06	0
1.03669e+06	0
1.03679e+06	0
1.03689e+06	0
1.03699e+06	0
1.03709e+06	0
1.03719e+06	0
1.03729e+06	0
1.03739e+06	0
1.03749e+06	0
1.03759e+06	0
1.03769e+06	0
1.03779e+06	0
1.03789e+06	0
1.03799e+06	0
1.03809e+06	0
1.03819e+06	0
1.03829e+06	0
1.03839e+06	0
1.03849e+06	0
1.03859e+06	0
1.03869e+06	0
1.03879e+06	0
1.03889e+06	0
1.03899e+06	0
1.03909e+06	0
1.03919e+06	0
1.03929e+06	0
1.03939e+06	0
1.03949e+06	0
1.03959e+06	0
1.03969e+06	0
1.03979e+06	0
1.03989e+06	0
1.03999e+06	0
1.04009e+06	0
1.04019e+06	0
1.04029e+06	0
1.04039e+06	0
1.04049e+06	0
1.04059e+06	0
1.04069e+06	0
1.04079e+06	0
1.04089e+06	0
1.04099e+06	0
1.04109e+06	0
1.04119e+06	0
1.04129e+06	0
1.04139e+06	0
1.04149e+06	0
1.04159e+06	0
1.04169e+06	0
1.04179e+06	0
1.04189e+06	0
1.04199e+06	0
1.04209e+06	0
1.04219e+06	0
1.04229e+06	0
1.04239e+06	0
1.04249e+06	0
1.04259e+06	0
1.04269e+06	0
1.04279e+06	0
1.04289e+06	0
1.04299e+06	0
1.04309e+06	0
1.04319e+06	0
1.04329e+06	0
1.04339e+06	0
1.04349e+06	0
1.04359e+06	0
1.04369e+06	0
1.04379e+06	0
1.04389e+06	0
1.04399e+06	0
1.04409e+06	0
1.04419e+06	0
1.04429e+06	0
1.04439e+06	0
1.04449e+06	0
1.04459e+06	0
1.04469e+06	0
1.04479e+06	0
1.04489e+06	0
1.04499e+06	0
1.04509e+06	0
1.04519e+06	0
1.04529e+06	0
1.04539e+06	0
1.04549e+06	0
1.04559e+06	0
1.04569e+06	0
1.04579e+06	0
1.04589e+06	0
1.04599e+06	0
1.04609e+06	0
1.04619e+06	0
1.04629e+06	0
1.04639e+06	0
1.04649e+06	0
1.04659e+06	0
1.04669e+06	0
1.04679e+06	0
1.04689e+06	0
1.04699e+06	0
1.04709e+06	0
1.04719e+06	0
1.04729e+06	0
1.04739e+06	0
1.04749e+06	0
1.04759e+06	0
1.04769e+06	0
1.04779e+06	0
1.04789e+06	0
1.04799e+06	0
1.04809e+06	0
1.04819e+06	0
1.04829e+06	0
1.04839e+06	0
1.04849e+06	0
1.04859e+06	0
1.04869e+06	0
1.04879e+06	0
1.04889e+06	0
1.04899e+06	0
1.04909e+06	0
1.04919e+06	0
1.04929e+06	0
1.04939e+06	0
1.04949e+06	0
1.04959e+06	0
1.04969e+06	0
1.04979e+06	0
1.04989e+06	0
1.04999e+06	0
1.05009e+06	0
1.05019e+06	0
1.05029e+06	0
1.05039e+06	0
1.05049e+06	0
1.05059e+06	0
1.05069e+06	0
1.05079e+06	0
1.05089e+06	0
1.05099e+06	0
1.05109e+06	0
1.05119e+06	0
1.05129e+06	0
1.05139e+06	0
1.05149e+06	0
1.05159e+06	0
1.05169e+06	0
1.05179e+06	0
1.05189e+06	0
1.05199e+06	0
1.05209e+06	0
1.05219e+06	0
1.05229e+06	0
1.05239e+06	0
1.05249e+06	0
1.05259e+06	0
1.05269e+06	0
1.05279e+06	0
1.05289e+06	0
1.05299e+06	0
1.05309e+06	0
1.05319e+06	0
1.05329e+06	0
1.05339e+06	0
1.05349e+06	0
1.05359e+06	0
1.05369e+06	0
1.05379e+06	0
1.05389e+06	0
1.05399e+06	0
1.05409e+06	0
1.05419e+06	0
1.05429e+06	0
1.05439e+06	0
1.05449e+06	0
1.05459e+06	0
1.05469e+06	0
1.05479e+06	0
1.05489e+06	0
1.05499e+06	0
1.05509e+06	0
1.05519e+06	0
1.05529e+06	0
1.05539e+06	0
1.05549e+06	0
1.05559e+06	0
1.05569e+06	0
1.05579e+06	0
1.05589e+06	0
1.05599e+06	0
1.05609e+06	0
1.05619e+06	0
1.05629e+06	0
1.05639e+06	0
1.05649e+06	0
1.05659e+06	0
1.05669e+06	0
1.05679e+06	0
1.05689e+06	0
1.05699e+06	0
1.05709e+06	0
1.05719e+06	0
1.05729e+06	0
1.05739e+06	0
1.05749e+06	0
1.05759e+06	0
1.05769e+06	0
1.05779e+06	0
1.05789e+06	0
1.05799e+06	0
1.05809e+06	0
1.05819e+06	0
1.05829e+06	0
1.05839e+06	0
1.05849e+06	0
1.05859e+06	0
1.05869e+06	0
1.05879e+06	0
1.05889e+06	0
1.05899e+06	0
1.05909e+06	0
1.05919e+06	0
1.05929e+06	0
1.05939e+06	0
1.05949e+06	0
1.05959e+06	0
1.05969e+06	0
1.05979e+06	0
1.05989e+06	0
1.05999e+06	0
1.06009e+06	0
1.06019e+06	0
1.06029e+06	0
1.06039e+06	0
1.06049e+06	0
1.06059e+06	0
1.06069e+06	0
1.06079e+06	0
1.06089e+06	0
1.06099e+06	0
1.06109e+06	0
1.06119e+06	0
1.06129e+06	0
1.06139e+06	0
1.06149e+06	0
1.06159e+06	0
1.06169e+06	0
1.06179e+06	0
1.06189e+06	0
1.06199e+06	0
1.06209e+06	0
1.06219e+06	0
1.06229e+06	0
1.06239e+06	0
1.06249e+06	0
1.06259e+06	0
1.06269e+06	0
1.06279e+06	0
1.06289e+06	0
1.06299e+06	0
1.06309e+06	0
1.06319e+06	0
1.06329e+06	0
1.06339e+06	0
1.06349e+06	0
1.06359e+06	0
1.06369e+06	0
1.06379e+06	0
1.06389e+06	0
1.06399e+06	0
1.06409e+06	0
1.06419e+06	0
1.06429e+06	0
1.06439e+06	0
1.06449e+06	0
1.06459e+06	0
1.06469e+06	0
1.06479e+06	0
1.06489e+06	0
1.06499e+06	0
1.06509e+06	0
1.06519e+06	0
1.06529e+06	0
1.06539e+06	0
1.06549e+06	0
1.06559e+06	0
1.06569e+06	0
1.06579e+06	0
1.06589e+06	0
1.06599e+06	0
1.06609e+06	0
1.06619e+06	0
1.06629e+06	0
1.06639e+06	0
1.06649e+06	0
1.06659e+06	0
1.06669e+06	0
1.06679e+06	0
1.06689e+06	0
1.06699e+06	0
1.06709e+06	0
1.06719e+06	0
1.06729e+06	0
1.06739e+06	0
1.06749e+06	0
1.06759e+06	0
1.06769e+06	0
1.06779e+06	0
1.06789e+06	0
1.06799e+06	0
1.06809e+06	0
1.06819e+06	0
1.06829e+06	0
1.06839e+06	0
1.06849e+06	0
1.06859e+06	0
1.06869e+06	0
1.06879e+06	0
1.06889e+06	0
1.06899e+06	0
1.06909e+06	0
1.06919e+06	0
1.06929e+06	0
1.06939e+06	0
1.06949e+06	0
1.06959e+06	0
1.06969e+06	0
1.06979e+06	0
1.06989e+06	0
1.06999e+06	0
1.07009e+06	0
1.07019e+06	0
1.07029e+06	0
1.07039e+06	0
1.07049e+06	0
1.07059e+06	0
1.07069e+06	0
1.07079e+06	0
1.07089e+06	0
1.07099e+06	0
1.07109e+06	0
1.07119e+06	0
1.07129e+06	0
1.07139e+06	0
1.07149e+06	0
1.07159e+06	0
1.07169e+06	0
1.07179e+06	0
1.07189e+06	0
1.07199e+06	0
1.07209e+06	0
1.07219e+06	0
1.07229e+06	0
1.07239e+06	0
1.07249e+06	0
1.07259e+06	0
1.07269e+06	0
1.07279e+06	0
1.07289e+06	0
1.07299e+06	0
1.07309e+06	0
1.07319e+06	0
1.07329e+06	0
1.07339e+06	0
1.07349e+06	0
1.07359e+06	0
1.07369e+06	0
1.07379e+06	0
1.07389e+06	0
1.07399e+06	0
1.07409e+06	0
1.07419e+06	0
1.07429e+06	0
1.07439e+06	0
1.07449e+06	0
1.07459e+06	0
1.07469e+06	0
1.07479e+06	0
1.07489e+06	0
1.07499e+06	0
1.07509e+06	0
1.07519e+06	0
1.07529e+06	0
1.07539e+06	0
1.07549e+06	0
1.07559e+06	0
1.07569e+06	0
1.07579e+06	0
1.07589e+06	0
1.07599e+06	0
1.07609e+06	0
1.07619e+06	0
1.07629e+06	0
1.07639e+06	0
1.07649e+06	0
1.07659e+06	0
1.07669e+06	0
1.07679e+06	0
1.07689e+06	0
1.07699e+06	0
1.07709e+06	0
1.07719e+06	0
1.07729e+06	0
1.07739e+06	0
1.07749e+06	0
1.07759e+06	0
1.07769e+06	0
1.07779e+06	0
1.07789e+06	0
1.07799e+06	0
1.07809e+06	0
1.07819e+06	0
1.07829e+06	0
1.07839e+06	0
1.07849e+06	0
1.07859e+06	0
1.07869e+06	0
1.07879e+06	0
1.07889e+06	0
1.07899e+06	0
1.07909e+06	0
1.07919e+06	0
1.07929e+06	0
1.07939e+06	0
1.07949e+06	0
1.07959e+06	0
1.07969e+06	0
1.07979e+06	0
1.07989e+06	0
1.07999e+06	0
1.08009e+06	0
1.08019e+06	0
1.08029e+06	0
1.08039e+06	0
1.08049e+06	0
1.08059e+06	0
1.08069e+06	0
1.08079e+06	0
1.08089e+06	0
1.08099e+06	0
1.08109e+06	0
1.08119e+06	0
1.08129e+06	0
1.08139e+06	0
1.08149e+06	0
1.08159e+06	0
1.08169e+06	0
1.08179e+06	0
1.08189e+06	0
1.08199e+06	0
1.08209e+06	0
1.08219e+06	0
1.08229e+06	0
1.08239e+06	0
1.08249e+06	0
1.08259e+06	0
1.08269e+06	0
1.08279e+06	0
1.08289e+06	0
1.08299e+06	0
1.08309e+06	0
1.08319e+06	0
1.08329e+06	0
1.08339e+06	0
1.08349e+06	0
1.08359e+06	0
1.08369e+06	0
1.08379e+06	0
1.08389e+06	0
1.08399e+06	0
1.08409e+06	0
1.08419e+06	0
1.08429e+06	0
1.08439e+06	0
1.08449e+06	0
1.08459e+06	0
1.08469e+06	0
1.08479e+06	0
1.08489e+06	0
1.08499e+06	0
1.08509e+06	0
1.08519e+06	0
1.08529e+06	0
1.08539e+06	0
1.08549e+06	0
1.08559e+06	0
1.08569e+06	0
1.08579e+06	0
1.08589e+06	0
1.08599e+06	0
1.08609e+06	0
1.08619e+06	0
1.08629e+06	0
1.08639e+06	0
1.08649e+06	0
1.08659e+06	0
1.08669e+06	0
1.08679e+06	0
1.08689e+06	0
1.08699e+06	0
1.08709e+06	0
1.08719e+06	0
1.08729e+06	0
1.08739e+06	0
1.08749e+06	0
1.08759e+06	0
1.08769e+06	0
1.08779e+06	0
1.08789e+06	0
1.08799e+06	0
1.08809e+06	0
1.08819e+06	0
1.08829e+06	0
1.08839e+06	0
1.08849e+06	0
1.08859e+06	0
1.08869e+06	0
1.08879e+06	0
1.08889e+06	0
1.08899e+06	0
1.08909e+06	0
1.08919e+06	0
1.08929e+06	0
1.08939e+06	0
1.08949e+06	0
1.08959e+06	0
1.08969e+06	0
1.08979e+06	0
1.08989e+06	0
1.08999e+06	0
1.09009e+06	0
1.09019e+06	0
1.09029e+06	0
1.09039e+06	0
1.09049e+06	0
1.09059e+06	0
1.09069e+06	0
1.09079e+06	0
1.09089e+06	0
1.09099e+06	0
1.09109e+06	0
1.09119e+06	0
1.09129e+06	0
1.09139e+06	0
1.09149e+06	0
1.09159e+06	0
1.09169e+06	0
1.09179e+06	0
1.09189e+06	0
1.09199e+06	0
1.09209e+06	0
1.09219e+06	0
1.09229e+06	0
1.09239e+06	0
1.09249e+06	0
1.09259e+06	0
1.09269e+06	0
1.09279e+06	0
1.09289e+06	0
1.09299e+06	0
1.09309e+06	0
1.09319e+06	0
1.09329e+06	0
1.09339e+06	0
1.09349e+06	0
1.09359e+06	0
1.09369e+06	0
1.09379e+06	0
1.09389e+06	0
1.09399e+06	0
1.09409e+06	0
1.09419e+06	0
1.09429e+06	0
1.09439e+06	0
1.09449e+06	0
1.09459e+06	0
1.09469e+06	0
1.09479e+06	0
1.09489e+06	0
1.09499e+06	0
1.09509e+06	0
1.09519e+06	0
1.09529e+06	0
1.09539e+06	0
1.09549e+06	0
1.09559e+06	0
1.09569e+06	0
1.09579e+06	0
1.09589e+06	0
1.09599e+06	0
1.09609e+06	0
1.09619e+06	0
1.09629e+06	0
1.09639e+06	0
1.09649e+06	0
1.09659e+06	0
1.09669e+06	0
1.09679e+06	0
1.09689e+06	0
1.09699e+06	0
1.09709e+06	0
1.09719e+06	0
1.09729e+06	0
1.09739e+06	0
1.09749e+06	0
1.09759e+06	0
1.09769e+06	0
1.09779e+06	0
1.09789e+06	0
1.09799e+06	0
1.09809e+06	0
1.09819e+06	0
1.09829e+06	0
1.09839e+06	0
1.09849e+06	0
1.09859e+06	0
1.09869e+06	0
1.09879e+06	0
1.09889e+06	0
1.09899e+06	0
1.09909e+06	0
1.09919e+06	0
1.09929e+06	0
1.09939e+06	0
1.09949e+06	0
1.09959e+06	0
1.09969e+06	0
1.09979e+06	0
1.09989e+06	0
1.09999e+06	0
1.10009e+06	0
1.10019e+06	0
1.10029e+06	0
1.10039e+06	0
1.10049e+06	0
1.10059e+06	0
1.10069e+06	0
1.10079e+06	0
1.10089e+06	0
1.10099e+06	0
1.10109e+06	0
1.10119e+06	0
1.10129e+06	0
1.10139e+06	0
1.10149e+06	0
1.10159e+06	0
1.10169e+06	0
1.10179e+06	0
1.10189e+06	0
1.10199e+06	0
1.10209e+06	0
1.10219e+06	0
1.10229e+06	0
1.10239e+06	0
1.10249e+06	0
1.10259e+06	0
1.10269e+06	0
1.10279e+06	0
1.10289e+06	0
1.10299e+06	0
1.10309e+06	0
1.10319e+06	0
1.10329e+06	0
1.10339e+06	0
1.10349e+06	0
1.10359e+06	0
1.10369e+06	0
1.10379e+06	0
1.10389e+06	0
1.10399e+06	0
1.10409e+06	0
1.10419e+06	0
1.10429e+06	0
1.10439e+06	0
1.10449e+06	0
1.10459e+06	0
1.10469e+06	0
1.10479e+06	0
1.10489e+06	0
1.10499e+06	0
1.10509e+06	0
1.10519e+06	0
1.10529e+06	0
1.10539e+06	0
1.10549e+06	0
1.10559e+06	0
1.10569e+06	0
1.10579e+06	0
1.10589e+06	0
1.10599e+06	0
1.10609e+06	0
1.10619e+06	0
1.10629e+06	0
1.10639e+06	0
1.10649e+06	0
1.10659e+06	0
1.10669e+06	0
1.10679e+06	0
1.10689e+06	0
1.10699e+06	0
1.10709e+06	0
1.10719e+06	0
1.10729e+06	0
1.10739e+06	0
1.10749e+06	0
1.10759e+06	0
1.10769e+06	0
1.10779e+06	0
1.10789e+06	0
1.10799e+06	0
1.10809e+06	0
1.10819e+06	0
1.10829e+06	0
1.10839e+06	0
1.10849e+06	0
1.10859e+06	0
1.10869e+06	0
1.10879e+06	0
1.10889e+06	0
1.10899e+06	0
1.10909e+06	0
1.10919e+06	0
1.10929e+06	0
1.10939e+06	0
1.10949e+06	0
1.10959e+06	0
1.10969e+06	0
1.10979e+06	0
1.10989e+06	0
1.10999e+06	0
1.11009e+06	0
1.11019e+06	0
1.11029e+06	0
1.11039e+06	0
1.11049e+06	0
1.11059e+06	0
1.11069e+06	0
1.11079e+06	0
1.11089e+06	0
1.11099e+06	0
1.11109e+06	0
1.11119e+06	0
1.11129e+06	0
1.11139e+06	0
1.11149e+06	0
1.11159e+06	0
1.11169e+06	0
1.11179e+06	0
1.11189e+06	0
1.11199e+06	0
1.11209e+06	0
1.11219e+06	0
1.11229e+06	0
1.11239e+06	0
1.11249e+06	0
1.11259e+06	0
1.11269e+06	0
1.11279e+06	0
1.11289e+06	0
1.11299e+06	0
1.11309e+06	0
1.11319e+06	0
1.11329e+06	0
1.11339e+06	0
1.11349e+06	0
1.11359e+06	0
1.11369e+06	0
1.11379e+06	0
1.11389e+06	0
1.11399e+06	0
1.11409e+06	0
1.11419e+06	0
1.11429e+06	0
1.11439e+06	0
1.11449e+06	0
1.11459e+06	0
1.11469e+06	0
1.11479e+06	0
1.11489e+06	0
1.11499e+06	0
1.11509e+06	0
1.11519e+06	0
1.11529e+06	0
1.11539e+06	0
1.11549e+06	0
1.11559e+06	0
1.11569e+06	0
1.11579e+06	0
1.11589e+06	0
1.11599e+06	0
1.11609e+06	0
1.11619e+06	0
1.11629e+06	0
1.11639e+06	0
1.11649e+06	0
1.11659e+06	0
1.11669e+06	0
1.11679e+06	0
1.11689e+06	0
1.11699e+06	0
1.11709e+06	0
1.11719e+06	0
1.11729e+06	0
1.11739e+06	0
1.11749e+06	0
1.11759e+06	0
1.11769e+06	0
1.11779e+06	0
1.11789e+06	0
1.11799e+06	0
1.11809e+06	0
1.11819e+06	0
1.11829e+06	0
1.11839e+06	0
1.11849e+06	0
1.11859e+06	0
1.11869e+06	0
1.11879e+06	0
1.11889e+06	0
1.11899e+06	0
1.11909e+06	0
1.11919e+06	0
1.11929e+06	0
1.11939e+06	0
1.11949e+06	0
1.11959e+06	0
1.11969e+06	0
1.11979e+06	0
1.11989e+06	0
1.11999e+06	0
1.12009e+06	0
1.12019e+06	0
1.12029e+06	0
1.12039e+06	0
1.12049e+06	0
1.12059e+06	0
1.12069e+06	0
1.12079e+06	0
1.12089e+06	0
1.12099e+06	0
1.12109e+06	0
1.12119e+06	0
1.12129e+06	0
1.12139e+06	0
1.12149e+06	0
1.12159e+06	0
1.12169e+06	0
1.12179e+06	0
1.12189e+06	0
1.12199e+06	0
1.12209e+06	0
1.12219e+06	0
1.12229e+06	0
1.12239e+06	0
1.12249e+06	0
1.12259e+06	0
1.12269e+06	0
1.12279e+06	0
1.12289e+06	0
1.12299e+06	0
1.12309e+06	0
1.12319e+06	0
1.12329e+06	0
1.12339e+06	0
1.12349e+06	0
1.12359e+06	0
1.12369e+06	0
1.12379e+06	0
1.12389e+06	0
1.12399e+06	0
1.12409e+06	0
1.12419e+06	0
1.12429e+06	0
1.12439e+06	0
1.12449e+06	0
1.12459e+06	0
1.12469e+06	0
1.12479e+06	0
1.12489e+06	0
1.12499e+06	0
1.12509e+06	0
1.12519e+06	0
1.12529e+06	0
1.12539e+06	0
1.12549e+06	0
1.12559e+06	0
1.12569e+06	0
1.12579e+06	0
1.12589e+06	0
1.12599e+06	0
1.12609e+06	0
1.12619e+06	0
1.12629e+06	0
1.12639e+06	0
1.12649e+06	0
1.12659e+06	0
1.12669e+06	0
1.12679e+06	0
1.12689e+06	0
1.12699e+06	0
1.12709e+06	0
1.12719e+06	0
1.12729e+06	0
1.12739e+06	0
1.12749e+06	0
1.12759e+06	0
1.12769e+06	0
1.12779e+06	0
1.12789e+06	0
1.12799e+06	0
1.12809e+06	0
1.12819e+06	0
1.12829e+06	0
1.12839e+06	0
1.12849e+06	0
1.12859e+06	0
1.12869e+06	0
1.12879e+06	0
1.12889e+06	0
1.12899e+06	0
1.12909e+06	0
1.12919e+06	0
1.12929e+06	0
1.12939e+06	0
1.12949e+06	0
1.12959e+06	0
1.12969e+06	0
1.12979e+06	0
1.12989e+06	0
1.12999e+06	0
1.13009e+06	0
1.13019e+06	0
1.13029e+06	0
1.13039e+06	0
1.13049e+06	0
1.13059e+06	0
1.13069e+06	0
1.13079e+06	0
1.13089e+06	0
1.13099e+06	0
1.13109e+06	0
1.13119e+06	0
1.13129e+06	0
1.13139e+06	0
1.13149e+06	0
1.13159e+06	0
1.13169e+06	0
1.13179e+06	0
1.13189e+06	0
1.13199e+06	0
1.13209e+06	0
1.13219e+06	0
1.13229e+06	0
1.13239e+06	0
1.13249e+06	0
1.13259e+06	0
1.13269e+06	0
1.13279e+06	0
1.13289e+06	0
1.13299e+06	0
1.13309e+06	0
1.13319e+06	0
1.13329e+06	0
1.13339e+06	0
1.13349e+06	0
1.13359e+06	0
1.13369e+06	0
1.13379e+06	0
1.13389e+06	0
1.13399e+06	0
1.13409e+06	0
1.13419e+06	0
1.13429e+06	0
1.13439e+06	0
1.13449e+06	0
1.13459e+06	0
1.13469e+06	0
1.13479e+06	0
1.13489e+06	0
1.13499e+06	0
1.13509e+06	0
1.13519e+06	0
1.13529e+06	0
1.13539e+06	0
1.13549e+06	0
1.13559e+06	0
1.13569e+06	0
1.13579e+06	0
1.13589e+06	0
1.13599e+06	0
1.13609e+06	0
1.13619e+06	0
1.13629e+06	0
1.13639e+06	0
1.13649e+06	0
1.13659e+06	0
1.13669e+06	0
1.13679e+06	0
1.13689e+06	0
1.13699e+06	0
1.13709e+06	0
1.13719e+06	0
1.13729e+06	0
1.13739e+06	0
1.13749e+06	0
1.13759e+06	0
1.13769e+06	0
1.13779e+06	0
1.13789e+06	0
1.13799e+06	0
1.13809e+06	0
1.13819e+06	0
1.13829e+06	0
1.13839e+06	0
1.13849e+06	0
1.13859e+06	0
1.13869e+06	0
1.13879e+06	0
1.13889e+06	0
1.13899e+06	0
1.13909e+06	0
1.13919e+06	0
1.13929e+06	0
1.13939e+06	0
1.13949e+06	0
1.13959e+06	0
1.13969e+06	0
1.13979e+06	0
1.13989e+06	0
1.13999e+06	0
1.14009e+06	0
1.14019e+06	0
1.14029e+06	0
1.14039e+06	0
1.14049e+06	0
1.14059e+06	0
1.14069e+06	0
1.14079e+06	0
1.14089e+06	0
1.14099e+06	0
1.14109e+06	0
1.14119e+06	0
1.14129e+06	0
1.14139e+06	0
1.14149e+06	0
1.14159e+06	0
1.14169e+06	0
1.14179e+06	0
1.14189e+06	0
1.14199e+06	0
1.14209e+06	0
1.14219e+06	0
1.14229e+06	0
1.14239e+06	0
1.14249e+06	0
1.14259e+06	0
1.14269e+06	0
1.14279e+06	0
1.14289e+06	0
1.14299e+06	0
1.14309e+06	0
1.14319e+06	0
1.14329e+06	0
1.14339e+06	0
1.14349e+06	0
1.14359e+06	0
1.14369e+06	0
1.14379e+06	0
1.14389e+06	0
1.14399e+06	0
1.14409e+06	0
1.14419e+06	0
1.14429e+06	0
1.14439e+06	0
1.14449e+06	0
1.14459e+06	0
1.14469e+06	0
1.14479e+06	0
1.14489e+06	0
1.14499e+06	0
1.14509e+06	0
1.14519e+06	0
1.14529e+06	0
1.14539e+06	0
1.14549e+06	0
1.14559e+06	0
1.14569e+06	0
1.14579e+06	0
1.14589e+06	0
1.14599e+06	0
1.14609e+06	0
1.14619e+06	0
1.14629e+06	0
1.14639e+06	0
1.14649e+06	0
1.14659e+06	0
1.14669e+06	0
1.14679e+06	0
1.14689e+06	0
1.14699e+06	0
1.14709e+06	0
1.14719e+06	0
1.14729e+06	0
1.14739e+06	0
1.14749e+06	0
1.14759e+06	0
1.14769e+06	0
1.14779e+06	0
1.14789e+06	0
1.14799e+06	0
1.14809e+06	0
1.14819e+06	0
1.14829e+06	0
1.14839e+06	0
1.14849e+06	0
1.14859e+06	0
1.14869e+06	0
1.14879e+06	0
1.14889e+06	0
1.14899e+06	0
1.14909e+06	0
1.14919e+06	0
1.14929e+06	0
1.14939e+06	0
1.14949e+06	0
1.14959e+06	0
1.14969e+06	0
1.14979e+06	0
1.14989e+06	0
1.14999e+06	0
1.15009e+06	0
1.15019e+06	0
1.15029e+06	0
1.15039e+06	0
1.15049e+06	0
1.15059e+06	0
1.15069e+06	0
1.15079e+06	0
1.15089e+06	0
1.15099e+06	0
1.15109e+06	0
1.15119e+06	0
1.15129e+06	0
1.15139e+06	0
1.15149e+06	0
1.15159e+06	0
1.15169e+06	0
1.15179e+06	0
1.15189e+06	0
1.15199e+06	0
1.15209e+06	0
1.15219e+06	0
1.15229e+06	0
1.15239e+06	0
1.15249e+06	0
1.15259e+06	0
1.15269e+06	0
1.15279e+06	0
1.15289e+06	0
1.15299e+06	0
1.15309e+06	0
1.15319e+06	0
1.15329e+06	0
1.15339e+06	0
1.15349e+06	0
1.15359e+06	0
1.15369e+06	0
1.15379e+06	0
1.15389e+06	0
1.15399e+06	0
1.15409e+06	0
1.15419e+06	0
1.15429e+06	0
1.15439e+06	0
1.15449e+06	0
1.15459e+06	0
1.15469e+06	0
1.15479e+06	0
1.15489e+06	0
1.15499e+06	0
1.15509e+06	0
1.15519e+06	0
1.15529e+06	0
1.15539e+06	0
1.15549e+06	0
1.15559e+06	0
1.15569e+06	0
1.15579e+06	0
1.15589e+06	0
1.15599e+06	0
1.15609e+06	0
1.15619e+06	0
1.15629e+06	0
1.15639e+06	0
1.15649e+06	0
1.15659e+06	0
1.15669e+06	0
1.15679e+06	0
1.15689e+06	0
1.15699e+06	0
1.15709e+06	0
1.15719e+06	0
1.15729e+06	0
1.15739e+06	0
1.15749e+06	0
1.15759e+06	0
1.15769e+06	0
1.15779e+06	0
1.15789e+06	0
1.15799e+06	0
1.15809e+06	0
1.15819e+06	0
1.15829e+06	0
1.15839e+06	0
1.15849e+06	0
1.15859e+06	0
1.15869e+06	0
1.15879e+06	0
1.15889e+06	0
1.15899e+06	0
1.15909e+06	0
1.15919e+06	0
1.15929e+06	0
1.15939e+06	0
1.15949e+06	0
1.15959e+06	0
1.15969e+06	0
1.15979e+06	0
1.15989e+06	0
1.15999e+06	0
1.16009e+06	0
1.16019e+06	0
1.16029e+06	0
1.16039e+06	0
1.16049e+06	0
1.16059e+06	0
1.16069e+06	0
1.16079e+06	0
1.16089e+06	0
1.16099e+06	0
1.16109e+06	0
1.16119e+06	0
1.16129e+06	0
1.16139e+06	0
1.16149e+06	0
1.16159e+06	0
1.16169e+06	0
1.16179e+06	0
1.16189e+06	0
1.16199e+06	0
1.16209e+06	0
1.16219e+06	0
1.16229e+06	0
1.16239e+06	0
1.16249e+06	0
1.16259e+06	0
1.16269e+06	0
1.16279e+06	0
1.16289e+06	0
1.16299e+06	0
1.16309e+06	0
1.16319e+06	0
1.16329e+06	0
1.16339e+06	0
1.16349e+06	0
1.16359e+06	0
1.16369e+06	0
1.16379e+06	0
1.16389e+06	0
1.16399e+06	0
1.16409e+06	0
1.16419e+06	0
1.16429e+06	0
1.16439e+06	0
1.16449e+06	0
1.16459e+06	0
1.16469e+06	0
1.16479e+06	0
1.16489e+06	0
1.16499e+06	0
1.16509e+06	0
1.16519e+06	0
1.16529e+06	0
1.16539e+06	0
1.16549e+06	0
1.16559e+06	0
1.16569e+06	0
1.16579e+06	0
1.16589e+06	0
1.16599e+06	0
1.16609e+06	0
1.16619e+06	0
1.16629e+06	0
1.16639e+06	0
1.16649e+06	0
1.16659e+06	0
1.16669e+06	0
1.16679e+06	0
1.16689e+06	0
1.16699e+06	0
1.16709e+06	0
1.16719e+06	0
1.16729e+06	0
1.16739e+06	0
1.16749e+06	0
1.16759e+06	0
1.16769e+06	0
1.16779e+06	0
1.16789e+06	0
1.16799e+06	0
1.16809e+06	0
1.16819e+06	0
1.16829e+06	0
1.16839e+06	0
1.16849e+06	0
1.16859e+06	0
1.16869e+06	0
1.16879e+06	0
1.16889e+06	0
1.16899e+06	0
1.16909e+06	0
1.16919e+06	0
1.16929e+06	0
1.16939e+06	0
1.16949e+06	0
1.16959e+06	0
1.16969e+06	0
1.16979e+06	0
1.16989e+06	0
1.16999e+06	0
1.17009e+06	0
1.17019e+06	0
1.17029e+06	0
1.17039e+06	0
1.17049e+06	0
1.17059e+06	0
1.17069e+06	0
1.17079e+06	0
1.17089e+06	0
1.17099e+06	0
1.17109e+06	0
1.17119e+06	0
1.17129e+06	0
1.17139e+06	0
1.17149e+06	0
1.17159e+06	0
1.17169e+06	0
1.17179e+06	0
1.17189e+06	0
1.17199e+06	0
1.17209e+06	0
1.17219e+06	0
1.17229e+06	0
1.17239e+06	0
1.17249e+06	0
1.17259e+06	0
1.17269e+06	0
1.17279e+06	0
1.17289e+06	0
1.17299e+06	0
1.17309e+06	0
1.17319e+06	0
1.17329e+06	0
1.17339e+06	0
1.17349e+06	0
1.17359e+06	0
1.17369e+06	0
1.17379e+06	0
1.17389e+06	0
1.17399e+06	0
1.17409e+06	0
1.17419e+06	0
1.17429e+06	0
1.17439e+06	0
1.17449e+06	0
1.17459e+06	0
1.17469e+06	0
1.17479e+06	0
1.17489e+06	0
1.17499e+06	0
1.17509e+06	0
1.17519e+06	0
1.17529e+06	0
1.17539e+06	0
1.17549e+06	0
1.17559e+06	0
1.17569e+06	0
1.17579e+06	0
1.17589e+06	0
1.17599e+06	0
1.17609e+06	0
1.17619e+06	0
1.17629e+06	0
1.17639e+06	0
1.17649e+06	0
1.17659e+06	0
1.17669e+06	0
1.17679e+06	0
1.17689e+06	0
1.17699e+06	0
1.17709e+06	0
1.17719e+06	0
1.17729e+06	0
1.17739e+06	0
1.17749e+06	0
1.17759e+06	0
1.17769e+06	0
1.17779e+06	0
1.17789e+06	0
1.17799e+06	0
1.17809e+06	0
1.17819e+06	0
1.17829e+06	0
1.17839e+06	0
1.17849e+06	0
1.17859e+06	0
1.17869e+06	0
1.17879e+06	0
1.17889e+06	0
1.17899e+06	0
1.17909e+06	0
1.17919e+06	0
1.17929e+06	0
1.17939e+06	0
1.17949e+06	0
1.17959e+06	0
1.17969e+06	0
1.17979e+06	0
1.17989e+06	0
1.17999e+06	0
1.18009e+06	0
1.18019e+06	0
1.18029e+06	0
1.18039e+06	0
1.18049e+06	0
1.18059e+06	0
1.18069e+06	0
1.18079e+06	0
1.18089e+06	0
1.18099e+06	0
1.18109e+06	0
1.18119e+06	0
1.18129e+06	0
1.18139e+06	0
1.18149e+06	0
1.18159e+06	0
1.18169e+06	0
1.18179e+06	0
1.18189e+06	0
1.18199e+06	0
1.18209e+06	0
1.18219e+06	0
1.18229e+06	0
1.18239e+06	0
1.18249e+06	0
1.18259e+06	0
1.18269e+06	0
1.18279e+06	0
1.18289e+06	0
1.18299e+06	0
1.18309e+06	0
1.18319e+06	0
1.18329e+06	0
1.18339e+06	0
1.18349e+06	0
1.18359e+06	0
1.18369e+06	0
1.18379e+06	0
1.18389e+06	0
1.18399e+06	0
1.18409e+06	0
1.18419e+06	0
1.18429e+06	0
1.18439e+06	0
1.18449e+06	0
1.18459e+06	0
1.18469e+06	0
1.18479e+06	0
1.18489e+06	0
1.18499e+06	0
1.18509e+06	0
1.18519e+06	0
1.18529e+06	0
1.18539e+06	0
1.18549e+06	0
1.18559e+06	0
1.18569e+06	0
1.18579e+06	0
1.18589e+06	0
1.18599e+06	0
1.18609e+06	0
1.18619e+06	0
1.18629e+06	0
1.18639e+06	0
1.18649e+06	0
1.18659e+06	0
1.18669e+06	0
1.18679e+06	0
1.18689e+06	0
1.18699e+06	0
1.18709e+06	0
1.18719e+06	0
1.18729e+06	0
1.18739e+06	0
1.18749e+06	0
1.18759e+06	0
1.18769e+06	0
1.18779e+06	0
1.18789e+06	0
1.18799e+06	0
1.18809e+06	0
1.18819e+06	0
1.18829e+06	0
1.18839e+06	0
1.18849e+06	0
1.18859e+06	0
1.18869e+06	0
1.18879e+06	0
1.18889e+06	0
1.18899e+06	0
1.18909e+06	0
1.18919e+06	0
1.18929e+06	0
1.18939e+06	0
1.18949e+06	0
1.18959e+06	0
1.18969e+06	0
1.18979e+06	0
1.18989e+06	0
1.18999e+06	0
1.19009e+06	0
1.19019e+06	0
1.19029e+06	0
1.19039e+06	0
1.19049e+06	0
1.19059e+06	0
1.19069e+06	0
1.19079e+06	0
1.19089e+06	0
1.19099e+06	0
1.19109e+06	0
1.19119e+06	0
1.19129e+06	0
1.19139e+06	0
1.19149e+06	0
1.19159e+06	0
1.19169e+06	0
1.19179e+06	0
1.19189e+06	0
1.19199e+06	0
1.19209e+06	0
1.19219e+06	0
1.19229e+06	0
1.19239e+06	0
1.19249e+06	0
1.19259e+06	0
1.19269e+06	0
1.19279e+06	0
1.19289e+06	0
1.19299e+06	0
1.19309e+06	0
1.19319e+06	0
1.19329e+06	0
1.19339e+06	0
1.19349e+06	0
1.19359e+06	0
1.19369e+06	0
1.19379e+06	0
1.19389e+06	0
1.19399e+06	0
1.19409e+06	0
1.19419e+06	0
1.19429e+06	0
1.19439e+06	0
1.19449e+06	0
1.19459e+06	0
1.19469e+06	0
1.19479e+06	0
1.19489e+06	0
1.19499e+06	0
1.19509e+06	0
1.19519e+06	0
1.19529e+06	0
1.19539e+06	0
1.19549e+06	0
1.19559e+06	0
1.19569e+06	0
1.19579e+06	0
1.19589e+06	0
1.19599e+06	0
1.19609e+06	0
1.19619e+06	0
1.19629e+06	0
1.19639e+06	0
1.19649e+06	0
1.19659e+06	0
1.19669e+06	0
1.19679e+06	0
1.19689e+06	0
1.19699e+06	0
1.19709e+06	0
1.19719e+06	0
1.19729e+06	0
1.19739e+06	0
1.19749e+06	0
1.19759e+06	0
1.19769e+06	0
1.19779e+06	0
1.19789e+06	0
1.19799e+06	0
1.19809e+06	0
1.19819e+06	0
1.19829e+06	0
1.19839e+06	0
1.19849e+06	0
1.19859e+06	0
1.19869e+06	0
1.19879e+06	0
1.19889e+06	0
1.19899e+06	0
1.19909e+06	0
1.19919e+06	0
1.19929e+06	0
1.19939e+06	0
1.19949e+06	0
1.19959e+06	0
1.19969e+06	0
1.19979e+06	0
1.19989e+06	0
1.19999e+06	0
1.20009e+06	0
1.20019e+06	0
1.20029e+06	0
1.20039e+06	0
1.20049e+06	0
1.20059e+06	0
1.20069e+06	0
1.20079e+06	0
1.20089e+06	0
1.20099e+06	0
1.20109e+06	0
1.20119e+06	0
1.20129e+06	0
1.20139e+06	0
1.20149e+06	0
1.20159e+06	0
1.20169e+06	0
1.20179e+06	0
1.20189e+06	0
1.20199e+06	0
1.20209e+06	0
1.20219e+06	0
1.20229e+06	0
1.20239e+06	0
1.20249e+06	0
1.20259e+06	0
1.20269e+06	0
1.20279e+06	0
1.20289e+06	0
1.20299e+06	0
1.20309e+06	0
1.20319e+06	0
1.20329e+06	0
1.20339e+06	0
1.20349e+06	0
1.20359e+06	0
1.20369e+06	0
1.20379e+06	0
1.20389e+06	0
1.20399e+06	0
1.20409e+06	0
1.20419e+06	0
1.20429e+06	0
1.20439e+06	0
1.20449e+06	0
1.20459e+06	0
1.20469e+06	0
1.20479e+06	0
1.20489e+06	0
1.20499e+06	0
1.20509e+06	0
1.20519e+06	0
1.20529e+06	0
1.20539e+06	0
1.20549e+06	0
1.20559e+06	0
1.20569e+06	0
1.20579e+06	0
1.20589e+06	0
1.20599e+06	0
1.20609e+06	0
1.20619e+06	0
1.20629e+06	0
1.20639e+06	0
1.20649e+06	0
1.20659e+06	0
1.20669e+06	0
1.20679e+06	0
1.20689e+06	0
1.20699e+06	0
1.20709e+06	0
1.20719e+06	0
1.20729e+06	0
1.20739e+06	0
1.20749e+06	0
1.20759e+06	0
1.20769e+06	0
1.20779e+06	0
1.20789e+06	0
1.20799e+06	0
1.20809e+06	0
1.20819e+06	0
1.20829e+06	0
1.20839e+06	0
1.20849e+06	0
1.20859e+06	0
1.20869e+06	0
1.20879e+06	0
1.20889e+06	0
1.20899e+06	0
1.20909e+06	0
1.20919e+06	0
1.20929e+06	0
1.20939e+06	0
1.20949e+06	0
1.20959e+06	0
1.20969e+06	0
1.20979e+06	0
1.20989e+06	0
1.20999e+06	0
1.21009e+06	0
1.21019e+06	0
1.21029e+06	0
1.21039e+06	0
1.21049e+06	0
1.21059e+06	0
1.21069e+06	0
1.21079e+06	0
1.21089e+06	0
1.21099e+06	0
1.21109e+06	0
1.21119e+06	0
1.21129e+06	0
1.21139e+06	0
1.21149e+06	0
1.21159e+06	0
1.21169e+06	0
1.21179e+06	0
1.21189e+06	0
1.21199e+06	0
1.21209e+06	0
1.21219e+06	0
1.21229e+06	0
1.21239e+06	0
1.21249e+06	0
1.21259e+06	0
1.21269e+06	0
1.21279e+06	0
1.21289e+06	0
1.21299e+06	0
1.21309e+06	0
1.21319e+06	0
1.21329e+06	0
1.21339e+06	0
1.21349e+06	0
1.21359e+06	0
1.21369e+06	0
1.21379e+06	0
1.21389e+06	0
1.21399e+06	0
1.21409e+06	0
1.21419e+06	0
1.21429e+06	0
1.21439e+06	0
1.21449e+06	0
1.21459e+06	0
1.21469e+06	0
1.21479e+06	0
1.21489e+06	0
1.21499e+06	0
1.21509e+06	0
1.21519e+06	0
1.21529e+06	0
1.21539e+06	0
1.21549e+06	0
1.21559e+06	0
1.21569e+06	0
1.21579e+06	0
1.21589e+06	0
1.21599e+06	0
1.21609e+06	0
1.21619e+06	0
1.21629e+06	0
1.21639e+06	0
1.21649e+06	0
1.21659e+06	0
1.21669e+06	0
1.21679e+06	0
1.21689e+06	0
1.21699e+06	0
1.21709e+06	0
1.21719e+06	0
1.21729e+06	0
1.21739e+06	0
1.21749e+06	0
1.21759e+06	0
1.21769e+06	0
1.21779e+06	0
1.21789e+06	0
1.21799e+06	0
1.21809e+06	0
1.21819e+06	0
1.21829e+06	0
1.21839e+06	0
1.21849e+06	0
1.21859e+06	0
1.21869e+06	0
1.21879e+06	0
1.21889e+06	0
1.21899e+06	0
1.21909e+06	0
1.21919e+06	0
1.21929e+06	0
1.21939e+06	0
1.21949e+06	0
1.21959e+06	0
1.21969e+06	0
1.21979e+06	0
1.21989e+06	0
1.21999e+06	0
1.22009e+06	0
1.22019e+06	0
1.22029e+06	0
1.22039e+06	0
1.22049e+06	0
1.22059e+06	0
1.22069e+06	0
1.22079e+06	0
1.22089e+06	0
1.22099e+06	0
1.22109e+06	0
1.22119e+06	0
1.22129e+06	0
1.22139e+06	0
1.22149e+06	0
1.22159e+06	0
1.22169e+06	0
1.22179e+06	0
1.22189e+06	0
1.22199e+06	0
1.22209e+06	0
1.22219e+06	0
1.22229e+06	0
1.22239e+06	0
1.22249e+06	0
1.22259e+06	0
1.22269e+06	0
1.22279e+06	0
1.22289e+06	0
1.22299e+06	0
1.22309e+06	0
1.22319e+06	0
1.22329e+06	0
1.22339e+06	0
1.22349e+06	0
1.22359e+06	0
1.22369e+06	0
1.22379e+06	0
1.22389e+06	0
1.22399e+06	0
1.22409e+06	0
1.22419e+06	0
1.22429e+06	0
1.22439e+06	0
1.22449e+06	0
1.22459e+06	0
1.22469e+06	0
1.22479e+06	0
1.22489e+06	0
1.22499e+06	0
1.22509e+06	0
1.22519e+06	0
1.22529e+06	0
1.22539e+06	0
1.22549e+06	0
1.22559e+06	0
1.22569e+06	0
1.22579e+06	0
1.22589e+06	0
1.22599e+06	0
1.22609e+06	0
1.22619e+06	0
1.22629e+06	0
1.22639e+06	0
1.22649e+06	0
1.22659e+06	0
1.22669e+06	0
1.22679e+06	0
1.22689e+06	0
1.22699e+06	0
1.22709e+06	0
1.22719e+06	0
1.22729e+06	0
1.22739e+06	0
1.22749e+06	0
1.22759e+06	0
1.22769e+06	0
1.22779e+06	0
1.22789e+06	0
1.22799e+06	0
1.22809e+06	0
1.22819e+06	0
1.22829e+06	0
1.22839e+06	0
1.22849e+06	0
1.22859e+06	0
1.22869e+06	0
1.22879e+06	0
1.22889e+06	0
1.22899e+06	0
1.22909e+06	0
1.22919e+06	0
1.22929e+06	0
1.22939e+06	0
1.22949e+06	0
1.22959e+06	0
1.22969e+06	0
1.22979e+06	0
1.22989e+06	0
1.22999e+06	0
1.23009e+06	0
1.23019e+06	0
1.23029e+06	0
1.23039e+06	0
1.23049e+06	0
1.23059e+06	0
1.23069e+06	0
1.23079e+06	0
1.23089e+06	0
1.23099e+06	0
1.23109e+06	0
1.23119e+06	0
1.23129e+06	0
1.23139e+06	0
1.23149e+06	0
1.23159e+06	0
1.23169e+06	0
1.23179e+06	0
1.23189e+06	0
1.23199e+06	0
1.23209e+06	0
1.23219e+06	0
1.23229e+06	0
1.23239e+06	0
1.23249e+06	0
1.23259e+06	0
1.23269e+06	0
1.23279e+06	0
1.23289e+06	0
1.23299e+06	0
1.23309e+06	0
1.23319e+06	0
1.23329e+06	0
1.23339e+06	0
1.23349e+06	0
1.23359e+06	0
1.23369e+06	0
1.23379e+06	0
1.23389e+06	0
1.23399e+06	0
1.23409e+06	0
1.23419e+06	0
1.23429e+06	0
1.23439e+06	0
1.23449e+06	0
1.23459e+06	0
1.23469e+06	0
1.23479e+06	0
1.23489e+06	0
1.23499e+06	0
1.23509e+06	0
1.23519e+06	0
1.23529e+06	0
1.23539e+06	0
1.23549e+06	0
1.23559e+06	0
1.23569e+06	0
1.23579e+06	0
1.23589e+06	0
1.23599e+06	0
1.23609e+06	0
1.23619e+06	0
1.23629e+06	0
1.23639e+06	0
1.23649e+06	0
1.23659e+06	0
1.23669e+06	0
1.23679e+06	0
1.23689e+06	0
1.23699e+06	0
1.23709e+06	0
1.23719e+06	0
1.23729e+06	0
1.23739e+06	0
1.23749e+06	0
1.23759e+06	0
1.23769e+06	0
1.23779e+06	0
1.23789e+06	0
1.23799e+06	0
1.23809e+06	0
1.23819e+06	0
1.23829e+06	0
1.23839e+06	0
1.23849e+06	0
1.23859e+06	0
1.23869e+06	0
1.23879e+06	0
1.23889e+06	0
1.23899e+06	0
1.23909e+06	0
1.23919e+06	0
1.23929e+06	0
1.23939e+06	0
1.23949e+06	0
1.23959e+06	0
1.23969e+06	0
1.23979e+06	0
1.23989e+06	0
1.23999e+06	0
1.24009e+06	0
1.24019e+06	0
1.24029e+06	0
1.24039e+06	0
1.24049e+06	0
1.24059e+06	0
1.24069e+06	0
1.24079e+06	0
1.24089e+06	0
1.24099e+06	0
1.24109e+06	0
1.24119e+06	0
1.24129e+06	0
1.24139e+06	0
1.24149e+06	0
1.24159e+06	0
1.24169e+06	0
1.24179e+06	0
1.24189e+06	0
1.24199e+06	0
1.24209e+06	0
1.24219e+06	0
1.24229e+06	0
1.24239e+06	0
1.24249e+06	0
1.24259e+06	0
1.24269e+06	0
1.24279e+06	0
1.24289e+06	0
1.24299e+06	0
1.24309e+06	0
1.24319e+06	0
1.24329e+06	0
1.24339e+06	0
1.24349e+06	0
1.24359e+06	0
1.24369e+06	0
1.24379e+06	0
1.24389e+06	0
1.24399e+06	0
1.24409e+06	0
1.24419e+06	0
1.24429e+06	0
1.24439e+06	0
1.24449e+06	0
1.24459e+06	0
1.24469e+06	0
1.24479e+06	0
1.24489e+06	0
1.24499e+06	0
1.24509e+06	0
1.24519e+06	0
1.24529e+06	0
1.24539e+06	0
1.24549e+06	0
1.24559e+06	0
1.24569e+06	0
1.24579e+06	0
1.24589e+06	0
1.24599e+06	0
1.24609e+06	0
1.24619e+06	0
1.24629e+06	0
1.24639e+06	0
1.24649e+06	0
1.24659e+06	0
1.24669e+06	0
1.24679e+06	0
1.24689e+06	0
1.24699e+06	0
1.24709e+06	0
1.24719e+06	0
1.24729e+06	0
1.24739e+06	0
1.24749e+06	0
1.24759e+06	0
1.24769e+06	0
1.24779e+06	0
1.24789e+06	0
1.24799e+06	0
1.24809e+06	0
1.24819e+06	0
1.24829e+06	0
1.24839e+06	0
1.24849e+06	0
1.24859e+06	0
1.24869e+06	0
1.24879e+06	0
1.24889e+06	0
1.24899e+06	0
1.24909e+06	0
1.24919e+06	0
1.24929e+06	0
1.24939e+06	0
1.24949e+06	0
1.24959e+06	0
1.24969e+06	0
1.24979e+06	0
1.24989e+06	0
1.24999e+06	0
1.25009e+06	0
1.25019e+06	0
1.25029e+06	0
1.25039e+06	0
1.25049e+06	0
1.25059e+06	0
1.25069e+06	0
1.25079e+06	0
1.25089e+06	0
1.25099e+06	0
1.25109e+06	0
1.25119e+06	0
1.25129e+06	0
1.25139e+06	0
1.25149e+06	0
1.25159e+06	0
1.25169e+06	0
1.25179e+06	0
1.25189e+06	0
1.25199e+06	0
1.25209e+06	0
1.25219e+06	0
1.25229e+06	0
1.25239e+06	0
1.25249e+06	0
1.25259e+06	0
1.25269e+06	0
1.25279e+06	0
1.25289e+06	0
1.25299e+06	0
1.25309e+06	0
1.25319e+06	0
1.25329e+06	0
1.25339e+06	0
1.25349e+06	0
1.25359e+06	0
1.25369e+06	0
1.25379e+06	0
1.25389e+06	0
1.25399e+06	0
1.25409e+06	0
1.25419e+06	0
1.25429e+06	0
1.25439e+06	0
1.25449e+06	0
1.25459e+06	0
1.25469e+06	0
1.25479e+06	0
1.25489e+06	0
1.25499e+06	0
1.25509e+06	0
1.25519e+06	0
1.25529e+06	0
1.25539e+06	0
1.25549e+06	0
1.25559e+06	0
1.25569e+06	0
1.25579e+06	0
1.25589e+06	0
1.25599e+06	0
1.25609e+06	0
1.25619e+06	0
1.25629e+06	0
1.25639e+06	0
1.25649e+06	0
1.25659e+06	0
1.25669e+06	0
1.25679e+06	0
1.25689e+06	0
1.25699e+06	0
1.25709e+06	0
1.25719e+06	0
1.25729e+06	0
1.25739e+06	0
1.25749e+06	0
1.25759e+06	0
1.25769e+06	0
1.25779e+06	0
1.25789e+06	0
1.25799e+06	0
1.25809e+06	0
1.25819e+06	0
1.25829e+06	0
1.25839e+06	0
1.25849e+06	0
1.25859e+06	0
1.25869e+06	0
1.25879e+06	0
1.25889e+06	0
1.25899e+06	0
1.25909e+06	0
1.25919e+06	0
1.25929e+06	0
1.25939e+06	0
1.25949e+06	0
1.25959e+06	0
1.25969e+06	0
1.25979e+06	0
1.25989e+06	0
1.25999e+06	0
1.26009e+06	0
1.26019e+06	0
1.26029e+06	0
1.26039e+06	0
1.26049e+06	0
1.26059e+06	0
1.26069e+06	0
1.26079e+06	0
1.26089e+06	0
1.26099e+06	0
1.26109e+06	0
1.26119e+06	0
1.26129e+06	0
1.26139e+06	0
1.26149e+06	0
1.26159e+06	0
1.26169e+06	0
1.26179e+06	0
1.26189e+06	0
1.26199e+06	0
1.26209e+06	0
1.26219e+06	0
1.26229e+06	0
1.26239e+06	0
1.26249e+06	0
1.26259e+06	0
1.26269e+06	0
1.26279e+06	0
1.26289e+06	0
1.26299e+06	0
1.26309e+06	0
1.26319e+06	0
1.26329e+06	0
1.26339e+06	0
1.26349e+06	0
1.26359e+06	0
1.26369e+06	0
1.26379e+06	0
1.26389e+06	0
1.26399e+06	0
1.26409e+06	0
1.26419e+06	0
1.26429e+06	0
1.26439e+06	0
1.26449e+06	0
1.26459e+06	0
1.26469e+06	0
1.26479e+06	0
1.26489e+06	0
1.26499e+06	0
1.26509e+06	0
1.26519e+06	0
1.26529e+06	0
1.26539e+06	0
1.26549e+06	0
1.26559e+06	0
1.26569e+06	0
1.26579e+06	0
1.26589e+06	0
1.26599e+06	0
1.26609e+06	0
1.26619e+06	0
1.26629e+06	0
1.26639e+06	0
1.26649e+06	0
1.26659e+06	0
1.26669e+06	0
1.26679e+06	0
1.26689e+06	0
1.26699e+06	0
1.26709e+06	0
1.26719e+06	0
1.26729e+06	0
1.26739e+06	0
1.26749e+06	0
1.26759e+06	0
1.26769e+06	0
1.26779e+06	0
1.26789e+06	0
1.26799e+06	0
1.26809e+06	0
1.26819e+06	0
1.26829e+06	0
1.26839e+06	0
1.26849e+06	0
1.26859e+06	0
1.26869e+06	0
1.26879e+06	0
1.26889e+06	0
1.26899e+06	0
1.26909e+06	0
1.26919e+06	0
1.26929e+06	0
1.26939e+06	0
1.26949e+06	0
1.26959e+06	0
1.26969e+06	0
1.26979e+06	0
1.26989e+06	0
1.26999e+06	0
1.27009e+06	0
1.27019e+06	0
1.27029e+06	0
1.27039e+06	0
1.27049e+06	0
1.27059e+06	0
1.27069e+06	0
1.27079e+06	0
1.27089e+06	0
1.27099e+06	0
1.27109e+06	0
1.27119e+06	0
1.27129e+06	0
1.27139e+06	0
1.27149e+06	0
1.27159e+06	0
1.27169e+06	0
1.27179e+06	0
1.27189e+06	0
1.27199e+06	0
1.27209e+06	0
1.27219e+06	0
1.27229e+06	0
1.27239e+06	0
1.27249e+06	0
1.27259e+06	0
1.27269e+06	0
1.27279e+06	0
1.27289e+06	0
1.27299e+06	0
1.27309e+06	0
1.27319e+06	0
1.27329e+06	0
1.27339e+06	0
1.27349e+06	0
1.27359e+06	0
1.27369e+06	0
1.27379e+06	0
1.27389e+06	0
1.27399e+06	0
1.27409e+06	0
1.27419e+06	0
1.27429e+06	0
1.27439e+06	0
1.27449e+06	0
1.27459e+06	0
1.27469e+06	0
1.27479e+06	0
1.27489e+06	0
1.27499e+06	0
1.27509e+06	0
1.27519e+06	0
1.27529e+06	0
1.27539e+06	0
1.27549e+06	0
1.27559e+06	0
1.27569e+06	0
1.27579e+06	0
1.27589e+06	0
1.27599e+06	0
1.27609e+06	0
1.27619e+06	0
1.27629e+06	0
1.27639e+06	0
1.27649e+06	0
1.27659e+06	0
1.27669e+06	0
1.27679e+06	0
1.27689e+06	0
1.27699e+06	0
1.27709e+06	0
1.27719e+06	0
1.27729e+06	0
1.27739e+06	0
1.27749e+06	0
1.27759e+06	0
1.27769e+06	0
1.27779e+06	0
1.27789e+06	0
1.27799e+06	0
1.27809e+06	0
1.27819e+06	0
1.27829e+06	0
1.27839e+06	0
1.27849e+06	0
1.27859e+06	0
1.27869e+06	0
1.27879e+06	0
1.27889e+06	0
1.27899e+06	0
1.27909e+06	0
1.27919e+06	0
1.27929e+06	0
1.27939e+06	0
1.27949e+06	0
1.27959e+06	0
1.27969e+06	0
1.27979e+06	0
1.27989e+06	0
1.27999e+06	0
1.28009e+06	0
1.28019e+06	0
1.28029e+06	0
1.28039e+06	0
1.28049e+06	0
1.28059e+06	0
1.28069e+06	0
1.28079e+06	0
1.28089e+06	0
1.28099e+06	0
1.28109e+06	0
1.28119e+06	0
1.28129e+06	0
1.28139e+06	0
1.28149e+06	0
1.28159e+06	0
1.28169e+06	0
1.28179e+06	0
1.28189e+06	0
1.28199e+06	0
1.28209e+06	0
1.28219e+06	0
1.28229e+06	0
1.28239e+06	0
1.28249e+06	0
1.28259e+06	0
1.28269e+06	0
1.28279e+06	0
1.28289e+06	0
1.28299e+06	0
1.28309e+06	0
1.28319e+06	0
1.28329e+06	0
1.28339e+06	0
1.28349e+06	0
1.28359e+06	0
1.28369e+06	0
1.28379e+06	0
1.28389e+06	0
1.28399e+06	0
1.28409e+06	0
1.28419e+06	0
1.28429e+06	0
1.28439e+06	0
1.28449e+06	0
1.28459e+06	0
1.28469e+06	0
1.28479e+06	0
1.28489e+06	0
1.28499e+06	0
1.28509e+06	0
1.28519e+06	0
1.28529e+06	0
1.28539e+06	0
1.28549e+06	0
1.28559e+06	0
1.28569e+06	0
1.28579e+06	0
1.28589e+06	0
1.28599e+06	0
1.28609e+06	0
1.28619e+06	0
1.28629e+06	0
1.28639e+06	0
1.28649e+06	0
1.28659e+06	0
1.28669e+06	0
1.28679e+06	0
1.28689e+06	0
1.28699e+06	0
1.28709e+06	0
1.28719e+06	0
1.28729e+06	0
1.28739e+06	0
1.28749e+06	0
1.28759e+06	0
1.28769e+06	0
1.28779e+06	0
1.28789e+06	0
1.28799e+06	0
1.28809e+06	0
1.28819e+06	0
1.28829e+06	0
1.28839e+06	0
1.28849e+06	0
1.28859e+06	0
1.28869e+06	0
1.28879e+06	0
1.28889e+06	0
1.28899e+06	0
1.28909e+06	0
1.28919e+06	0
1.28929e+06	0
1.28939e+06	0
1.28949e+06	0
1.28959e+06	0
1.28969e+06	0
1.28979e+06	0
1.28989e+06	0
1.28999e+06	0
1.29009e+06	0
1.29019e+06	0
1.29029e+06	0
1.29039e+06	0
1.29049e+06	0
1.29059e+06	0
1.29069e+06	0
1.29079e+06	0
1.29089e+06	0
1.29099e+06	0
1.29109e+06	0
1.29119e+06	0
1.29129e+06	0
1.29139e+06	0
1.29149e+06	0
1.29159e+06	0
1.29169e+06	0
1.29179e+06	0
1.29189e+06	0
1.29199e+06	0
1.29209e+06	0
1.29219e+06	0
1.29229e+06	0
1.29239e+06	0
1.29249e+06	0
1.29259e+06	0
1.29269e+06	0
1.29279e+06	0
1.29289e+06	0
1.29299e+06	0
1.29309e+06	0
1.29319e+06	0
1.29329e+06	0
1.29339e+06	0
1.29349e+06	0
1.29359e+06	0
1.29369e+06	0
1.29379e+06	0
1.29389e+06	0
1.29399e+06	0
1.29409e+06	0
1.29419e+06	0
1.29429e+06	0
1.29439e+06	0
1.29449e+06	0
1.29459e+06	0
1.29469e+06	0
1.29479e+06	0
1.29489e+06	0
1.29499e+06	0
1.29509e+06	0
1.29519e+06	0
1.29529e+06	0
1.29539e+06	0
1.29549e+06	0
1.29559e+06	0
1.29569e+06	0
1.29579e+06	0
1.29589e+06	0
1.29599e+06	0
1.29609e+06	0
1.29619e+06	0
1.29629e+06	0
1.29639e+06	0
1.29649e+06	0
1.29659e+06	0
1.29669e+06	0
1.29679e+06	0
1.29689e+06	0
1.29699e+06	0
1.29709e+06	0
1.29719e+06	0
1.29729e+06	0
1.29739e+06	0
1.29749e+06	0
1.29759e+06	0
1.29769e+06	0
1.29779e+06	0
1.29789e+06	0
1.29799e+06	0
1.29809e+06	0
1.29819e+06	0
1.29829e+06	0
1.29839e+06	0
1.29849e+06	0
1.29859e+06	0
1.29869e+06	0
1.29879e+06	0
1.29889e+06	0
1.29899e+06	0
1.29909e+06	0
1.29919e+06	0
1.29929e+06	0
1.29939e+06	0
1.29949e+06	0
1.29959e+06	0
1.29969e+06	0
1.29979e+06	0
1.29989e+06	0
1.29999e+06	0
1.30009e+06	0
1.30019e+06	0
1.30029e+06	0
1.30039e+06	0
1.30049e+06	0
1.30059e+06	0
1.30069e+06	0
1.30079e+06	0
1.30089e+06	0
1.30099e+06	0
1.30109e+06	0
1.30119e+06	0
1.30129e+06	0
1.30139e+06	0
1.30149e+06	0
1.30159e+06	0
1.30169e+06	0
1.30179e+06	0
1.30189e+06	0
1.30199e+06	0
1.30209e+06	0
1.30219e+06	0
1.30229e+06	0
1.30239e+06	0
1.30249e+06	0
1.30259e+06	0
1.30269e+06	0
1.30279e+06	0
1.30289e+06	0
1.30299e+06	0
1.30309e+06	0
1.30319e+06	0
1.30329e+06	0
1.30339e+06	0
1.30349e+06	0
1.30359e+06	0
1.30369e+06	0
1.30379e+06	0
1.30389e+06	0
1.30399e+06	0
1.30409e+06	0
1.30419e+06	0
1.30429e+06	0
1.30439e+06	0
1.30449e+06	0
1.30459e+06	0
1.30469e+06	0
1.30479e+06	0
1.30489e+06	0
1.30499e+06	0
1.30509e+06	0
1.30519e+06	0
1.30529e+06	0
1.30539e+06	0
1.30549e+06	0
1.30559e+06	0
1.30569e+06	0
1.30579e+06	0
1.30589e+06	0
1.30599e+06	0
1.30609e+06	0
1.30619e+06	0
1.30629e+06	0
1.30639e+06	0
1.30649e+06	0
1.30659e+06	0
1.30669e+06	0
1.30679e+06	0
1.30689e+06	0
1.30699e+06	0
1.30709e+06	0
1.30719e+06	0
1.30729e+06	0
1.30739e+06	0
1.30749e+06	0
1.30759e+06	0
1.30769e+06	0
1.30779e+06	0
1.30789e+06	0
1.30799e+06	0
1.30809e+06	0
1.30819e+06	0
1.30829e+06	0
1.30839e+06	0
1.30849e+06	0
1.30859e+06	0
1.30869e+06	0
1.30879e+06	0
1.30889e+06	0
1.30899e+06	0
1.30909e+06	0
1.30919e+06	0
1.30929e+06	0
1.30939e+06	0
1.30949e+06	0
1.30959e+06	0
1.30969e+06	0
1.30979e+06	0
1.30989e+06	0
1.30999e+06	0
1.31009e+06	0
1.31019e+06	0
1.31029e+06	0
1.31039e+06	0
1.31049e+06	0
1.31059e+06	0
1.31069e+06	0
1.31079e+06	0
1.31089e+06	0
1.31099e+06	0
1.31109e+06	0
1.31119e+06	0
1.31129e+06	0
1.31139e+06	0
1.31149e+06	0
1.31159e+06	0
1.31169e+06	0
1.31179e+06	0
1.31189e+06	0
1.31199e+06	0
1.31209e+06	0
1.31219e+06	0
1.31229e+06	0
1.31239e+06	0
1.31249e+06	0
1.31259e+06	0
1.31269e+06	0
1.31279e+06	0
1.31289e+06	0
1.31299e+06	0
1.31309e+06	0
1.31319e+06	0
1.31329e+06	0
1.31339e+06	0
1.31349e+06	0
1.31359e+06	0
1.31369e+06	0
1.31379e+06	0
1.31389e+06	0
1.31399e+06	0
1.31409e+06	0
1.31419e+06	0
1.31429e+06	0
1.31439e+06	0
1.31449e+06	0
1.31459e+06	0
1.31469e+06	0
1.31479e+06	0
1.31489e+06	0
1.31499e+06	0
1.31509e+06	0
1.31519e+06	0
1.31529e+06	0
1.31539e+06	0
1.31549e+06	0
1.31559e+06	0
1.31569e+06	0
1.31579e+06	0
1.31589e+06	0
1.31599e+06	0
1.31609e+06	0
1.31619e+06	0
1.31629e+06	0
1.31639e+06	0
1.31649e+06	0
1.31659e+06	0
1.31669e+06	0
1.31679e+06	0
1.31689e+06	0
1.31699e+06	0
1.31709e+06	0
1.31719e+06	0
1.31729e+06	0
1.31739e+06	0
1.31749e+06	0
1.31759e+06	0
1.31769e+06	0
1.31779e+06	0
1.31789e+06	0
1.31799e+06	0
1.31809e+06	0
1.31819e+06	0
1.31829e+06	0
1.31839e+06	0
1.31849e+06	0
1.31859e+06	0
1.31869e+06	0
1.31879e+06	0
1.31889e+06	0
1.31899e+06	0
1.31909e+06	0
1.31919e+06	0
1.31929e+06	0
1.31939e+06	0
1.31949e+06	0
1.31959e+06	0
1.31969e+06	0
1.31979e+06	0
1.31989e+06	0
1.31999e+06	0
1.32009e+06	0
1.32019e+06	0
1.32029e+06	0
1.32039e+06	0
1.32049e+06	0
1.32059e+06	0
1.32069e+06	0
1.32079e+06	0
1.32089e+06	0
1.32099e+06	0
1.32109e+06	0
1.32119e+06	0
1.32129e+06	0
1.32139e+06	0
1.32149e+06	0
1.32159e+06	0
1.32169e+06	0
1.32179e+06	0
1.32189e+06	0
1.32199e+06	0
1.32209e+06	0
1.32219e+06	0
1.32229e+06	0
1.32239e+06	0
1.32249e+06	0
1.32259e+06	0
1.32269e+06	0
1.32279e+06	0
1.32289e+06	0
1.32299e+06	0
1.32309e+06	0
1.32319e+06	0
1.32329e+06	0
1.32339e+06	0
1.32349e+06	0
1.32359e+06	0
1.32369e+06	0
1.32379e+06	0
1.32389e+06	0
1.32399e+06	0
1.32409e+06	0
1.32419e+06	0
1.32429e+06	0
1.32439e+06	0
1.32449e+06	0
1.32459e+06	0
1.32469e+06	0
1.32479e+06	0
1.32489e+06	0
1.32499e+06	0
1.32509e+06	0
1.32519e+06	0
1.32529e+06	0
1.32539e+06	0
1.32549e+06	0
1.32559e+06	0
1.32569e+06	0
1.32579e+06	0
1.32589e+06	0
1.32599e+06	0
1.32609e+06	0
1.32619e+06	0
1.32629e+06	0
1.32639e+06	0
1.32649e+06	0
1.32659e+06	0
1.32669e+06	0
1.32679e+06	0
1.32689e+06	0
1.32699e+06	0
1.32709e+06	0
1.32719e+06	0
1.32729e+06	0
1.32739e+06	0
1.32749e+06	0
1.32759e+06	0
1.32769e+06	0
1.32779e+06	0
1.32789e+06	0
1.32799e+06	0
1.32809e+06	0
1.32819e+06	0
1.32829e+06	0
1.32839e+06	0
1.32849e+06	0
1.32859e+06	0
1.32869e+06	0
1.32879e+06	0
1.32889e+06	0
1.32899e+06	0
1.32909e+06	0
1.32919e+06	0
1.32929e+06	0
1.32939e+06	0
1.32949e+06	0
1.32959e+06	0
1.32969e+06	0
1.32979e+06	0
1.32989e+06	0
1.32999e+06	0
1.33009e+06	0
1.33019e+06	0
1.33029e+06	0
1.33039e+06	0
1.33049e+06	0
1.33059e+06	0
1.33069e+06	0
1.33079e+06	0
1.33089e+06	0
1.33099e+06	0
1.33109e+06	0
1.33119e+06	0
1.33129e+06	0
1.33139e+06	0
1.33149e+06	0
1.33159e+06	0
1.33169e+06	0
1.33179e+06	0
1.33189e+06	0
1.33199e+06	0
1.33209e+06	0
1.33219e+06	0
1.33229e+06	0
1.33239e+06	0
1.33249e+06	0
1.33259e+06	0
1.33269e+06	0
1.33279e+06	0
1.33289e+06	0
1.33299e+06	0
1.33309e+06	0
1.33319e+06	0
1.33329e+06	0
1.33339e+06	0
1.33349e+06	0
1.33359e+06	0
1.33369e+06	0
1.33379e+06	0
1.33389e+06	0
1.33399e+06	0
1.33409e+06	0
1.33419e+06	0
1.33429e+06	0
1.33439e+06	0
1.33449e+06	0
1.33459e+06	0
1.33469e+06	0
1.33479e+06	0
1.33489e+06	0
1.33499e+06	0
1.33509e+06	0
1.33519e+06	0
1.33529e+06	0
1.33539e+06	0
1.33549e+06	0
1.33559e+06	0
1.33569e+06	0
1.33579e+06	0
1.33589e+06	0
1.33599e+06	0
1.33609e+06	0
1.33619e+06	0
1.33629e+06	0
1.33639e+06	0
1.33649e+06	0
1.33659e+06	0
1.33669e+06	0
1.33679e+06	0
1.33689e+06	0
1.33699e+06	0
1.33709e+06	0
1.33719e+06	0
1.33729e+06	0
1.33739e+06	0
1.33749e+06	0
1.33759e+06	0
1.33769e+06	0
1.33779e+06	0
1.33789e+06	0
1.33799e+06	0
1.33809e+06	0
1.33819e+06	0
1.33829e+06	0
1.33839e+06	0
1.33849e+06	0
1.33859e+06	0
1.33869e+06	0
1.33879e+06	0
1.33889e+06	0
1.33899e+06	0
1.33909e+06	0
1.33919e+06	0
1.33929e+06	0
1.33939e+06	0
1.33949e+06	0
1.33959e+06	0
1.33969e+06	0
1.33979e+06	0
1.33989e+06	0
1.33999e+06	0
1.34009e+06	0
1.34019e+06	0
1.34029e+06	0
1.34039e+06	0
1.34049e+06	0
1.34059e+06	0
1.34069e+06	0
1.34079e+06	0
1.34089e+06	0
1.34099e+06	0
1.34109e+06	0
1.34119e+06	0
1.34129e+06	0
1.34139e+06	0
1.34149e+06	0
1.34159e+06	0
1.34169e+06	0
1.34179e+06	0
1.34189e+06	0
1.34199e+06	0
1.34209e+06	0
1.34219e+06	0
1.34229e+06	0
1.34239e+06	0
1.34249e+06	0
1.34259e+06	0
1.34269e+06	0
1.34279e+06	0
1.34289e+06	0
1.34299e+06	0
1.34309e+06	0
1.34319e+06	0
1.34329e+06	0
1.34339e+06	0
1.34349e+06	0
1.34359e+06	0
1.34369e+06	0
1.34379e+06	0
1.34389e+06	0
1.34399e+06	0
1.34409e+06	0
1.34419e+06	0
1.34429e+06	0
1.34439e+06	0
1.34449e+06	0
1.34459e+06	0
1.34469e+06	0
1.34479e+06	0
1.34489e+06	0
1.34499e+06	0
1.34509e+06	0
1.34519e+06	0
1.34529e+06	0
1.34539e+06	0
1.34549e+06	0
1.34559e+06	0
1.34569e+06	0
1.34579e+06	0
1.34589e+06	0
1.34599e+06	0
1.34609e+06	0
1.34619e+06	0
1.34629e+06	0
1.34639e+06	0
1.34649e+06	0
1.34659e+06	0
1.34669e+06	0
1.34679e+06	0
1.34689e+06	0
1.34699e+06	0
1.34709e+06	0
1.34719e+06	0
1.34729e+06	0
1.34739e+06	0
1.34749e+06	0
1.34759e+06	0
1.34769e+06	0
1.34779e+06	0
1.34789e+06	0
1.34799e+06	0
1.34809e+06	0
1.34819e+06	0
1.34829e+06	0
1.34839e+06	0
1.34849e+06	0
1.34859e+06	0
1.34869e+06	0
1.34879e+06	0
1.34889e+06	0
1.34899e+06	0
1.34909e+06	0
1.34919e+06	0
1.34929e+06	0
1.34939e+06	0
1.34949e+06	0
1.34959e+06	0
1.34969e+06	0
1.34979e+06	0
1.34989e+06	0
1.34999e+06	0
1.35009e+06	0
1.35019e+06	0
1.35029e+06	0
1.35039e+06	0
1.35049e+06	0
1.35059e+06	0
1.35069e+06	0
1.35079e+06	0
1.35089e+06	0
1.35099e+06	0
1.35109e+06	0
1.35119e+06	0
1.35129e+06	0
1.35139e+06	0
1.35149e+06	0
1.35159e+06	0
1.35169e+06	0
1.35179e+06	0
1.35189e+06	0
1.35199e+06	0
1.35209e+06	0
1.35219e+06	0
1.35229e+06	0
1.35239e+06	0
1.35249e+06	0
1.35259e+06	0
1.35269e+06	0
1.35279e+06	0
1.35289e+06	0
1.35299e+06	0
1.35309e+06	0
1.35319e+06	0
1.35329e+06	0
1.35339e+06	0
1.35349e+06	0
1.35359e+06	0
1.35369e+06	0
1.35379e+06	0
1.35389e+06	0
1.35399e+06	0
1.35409e+06	0
1.35419e+06	0
1.35429e+06	0
1.35439e+06	0
1.35449e+06	0
1.35459e+06	0
1.35469e+06	0
1.35479e+06	0
1.35489e+06	0
1.35499e+06	0
1.35509e+06	0
1.35519e+06	0
1.35529e+06	0
1.35539e+06	0
1.35549e+06	0
1.35559e+06	0
1.35569e+06	0
1.35579e+06	0
1.35589e+06	0
1.35599e+06	0
1.35609e+06	0
1.35619e+06	0
1.35629e+06	0
1.35639e+06	0
1.35649e+06	0
1.35659e+06	0
1.35669e+06	0
1.35679e+06	0
1.35689e+06	0
1.35699e+06	0
1.35709e+06	0
1.35719e+06	0
1.35729e+06	0
1.35739e+06	0
1.35749e+06	0
1.35759e+06	0
1.35769e+06	0
1.35779e+06	0
1.35789e+06	0
1.35799e+06	0
1.35809e+06	0
1.35819e+06	0
1.35829e+06	0
1.35839e+06	0
1.35849e+06	0
1.35859e+06	0
1.35869e+06	0
1.35879e+06	0
1.35889e+06	0
1.35899e+06	0
1.35909e+06	0
1.35919e+06	0
1.35929e+06	0
1.35939e+06	0
1.35949e+06	0
1.35959e+06	0
1.35969e+06	0
1.35979e+06	0
1.35989e+06	0
1.35999e+06	0
1.36009e+06	0
1.36019e+06	0
1.36029e+06	0
1.36039e+06	0
1.36049e+06	0
1.36059e+06	0
1.36069e+06	0
1.36079e+06	0
1.36089e+06	0
1.36099e+06	0
1.36109e+06	0
1.36119e+06	0
1.36129e+06	0
1.36139e+06	0
1.36149e+06	0
1.36159e+06	0
1.36169e+06	0
1.36179e+06	0
1.36189e+06	0
1.36199e+06	0
1.36209e+06	0
1.36219e+06	0
1.36229e+06	0
1.36239e+06	0
1.36249e+06	0
1.36259e+06	0
1.36269e+06	0
1.36279e+06	0
1.36289e+06	0
1.36299e+06	0
1.36309e+06	0
1.36319e+06	0
1.36329e+06	0
1.36339e+06	0
1.36349e+06	0
1.36359e+06	0
1.36369e+06	0
1.36379e+06	0
1.36389e+06	0
1.36399e+06	0
1.36409e+06	0
1.36419e+06	0
1.36429e+06	0
1.36439e+06	0
1.36449e+06	0
1.36459e+06	0
1.36469e+06	0
1.36479e+06	0
1.36489e+06	0
1.36499e+06	0
1.36509e+06	0
1.36519e+06	0
1.36529e+06	0
1.36539e+06	0
1.36549e+06	0
1.36559e+06	0
1.36569e+06	0
1.36579e+06	0
1.36589e+06	0
1.36599e+06	0
1.36609e+06	0
1.36619e+06	0
1.36629e+06	0
1.36639e+06	0
1.36649e+06	0
1.36659e+06	0
1.36669e+06	0
1.36679e+06	0
1.36689e+06	0
1.36699e+06	0
1.36709e+06	0
1.36719e+06	0
1.36729e+06	0
1.36739e+06	0
1.36749e+06	0
1.36759e+06	0
1.36769e+06	0
1.36779e+06	0
1.36789e+06	0
1.36799e+06	0
1.36809e+06	0
1.36819e+06	0
1.36829e+06	0
1.36839e+06	0
1.36849e+06	0
1.36859e+06	0
1.36869e+06	0
1.36879e+06	0
1.36889e+06	0
1.36899e+06	0
1.36909e+06	0
1.36919e+06	0
1.36929e+06	0
1.36939e+06	0
1.36949e+06	0
1.36959e+06	0
1.36969e+06	0
1.36979e+06	0
1.36989e+06	0
1.36999e+06	0
1.37009e+06	0
1.37019e+06	0
1.37029e+06	0
1.37039e+06	0
1.37049e+06	0
1.37059e+06	0
1.37069e+06	0
1.37079e+06	0
1.37089e+06	0
1.37099e+06	0
1.37109e+06	0
1.37119e+06	0
1.37129e+06	0
1.37139e+06	0
1.37149e+06	0
1.37159e+06	0
1.37169e+06	0
1.37179e+06	0
1.37189e+06	0
1.37199e+06	0
1.37209e+06	0
1.37219e+06	0
1.37229e+06	0
1.37239e+06	0
1.37249e+06	0
1.37259e+06	0
1.37269e+06	0
1.37279e+06	0
1.37289e+06	0
1.37299e+06	0
1.37309e+06	0
1.37319e+06	0
1.37329e+06	0
1.37339e+06	0
1.37349e+06	0
1.37359e+06	0
1.37369e+06	0
1.37379e+06	0
1.37389e+06	0
1.37399e+06	0
1.37409e+06	0
1.37419e+06	0
1.37429e+06	0
1.37439e+06	0
1.37449e+06	0
1.37459e+06	0
1.37469e+06	0
1.37479e+06	0
1.37489e+06	0
1.37499e+06	0
1.37509e+06	0
1.37519e+06	0
1.37529e+06	0
1.37539e+06	0
1.37549e+06	0
1.37559e+06	0
1.37569e+06	0
1.37579e+06	0
1.37589e+06	0
1.37599e+06	0
1.37609e+06	0
1.37619e+06	0
1.37629e+06	0
1.37639e+06	0
1.37649e+06	0
1.37659e+06	0
1.37669e+06	0
1.37679e+06	0
1.37689e+06	0
1.37699e+06	0
1.37709e+06	0
1.37719e+06	0
1.37729e+06	0
1.37739e+06	0
1.37749e+06	0
1.37759e+06	0
1.37769e+06	0
1.37779e+06	0
1.37789e+06	0
1.37799e+06	0
1.37809e+06	0
1.37819e+06	0
1.37829e+06	0
1.37839e+06	0
1.37849e+06	0
1.37859e+06	0
1.37869e+06	0
1.37879e+06	0
1.37889e+06	0
1.37899e+06	0
1.37909e+06	0
1.37919e+06	0
1.37929e+06	0
1.37939e+06	0
1.37949e+06	0
1.37959e+06	0
1.37969e+06	0
1.37979e+06	0
1.37989e+06	0
1.37999e+06	0
1.38009e+06	0
1.38019e+06	0
1.38029e+06	0
1.38039e+06	0
1.38049e+06	0
1.38059e+06	0
1.38069e+06	0
1.38079e+06	0
1.38089e+06	0
1.38099e+06	0
1.38109e+06	0
1.38119e+06	0
1.38129e+06	0
1.38139e+06	0
1.38149e+06	0
1.38159e+06	0
1.38169e+06	0
1.38179e+06	0
1.38189e+06	0
1.38199e+06	0
1.38209e+06	0
1.38219e+06	0
1.38229e+06	0
1.38239e+06	0
1.38249e+06	0
1.38259e+06	0
1.38269e+06	0
1.38279e+06	0
1.38289e+06	0
1.38299e+06	0
1.38309e+06	0
1.38319e+06	0
1.38329e+06	0
1.38339e+06	0
1.38349e+06	0
1.38359e+06	0
1.38369e+06	0
1.38379e+06	0
1.38389e+06	0
1.38399e+06	0
1.38409e+06	0
1.38419e+06	0
1.38429e+06	0
1.38439e+06	0
1.38449e+06	0
1.38459e+06	0
1.38469e+06	0
1.38479e+06	0
1.38489e+06	0
1.38499e+06	0
1.38509e+06	0
1.38519e+06	0
1.38529e+06	0
1.38539e+06	0
1.38549e+06	0
1.38559e+06	0
1.38569e+06	0
1.38579e+06	0
1.38589e+06	0
1.38599e+06	0
1.38609e+06	0
1.38619e+06	0
1.38629e+06	0
1.38639e+06	0
1.38649e+06	0
1.38659e+06	0
1.38669e+06	0
1.38679e+06	0
1.38689e+06	0
1.38699e+06	0
1.38709e+06	0
1.38719e+06	0
1.38729e+06	0
1.38739e+06	0
1.38749e+06	0
1.38759e+06	0
1.38769e+06	0
1.38779e+06	0
1.38789e+06	0
1.38799e+06	0
1.38809e+06	0
1.38819e+06	0
1.38829e+06	0
1.38839e+06	0
1.38849e+06	0
1.38859e+06	0
1.38869e+06	0
1.38879e+06	0
1.38889e+06	0
1.38899e+06	0
1.38909e+06	0
1.38919e+06	0
1.38929e+06	0
1.38939e+06	0
1.38949e+06	0
1.38959e+06	0
1.38969e+06	0
1.38979e+06	0
1.38989e+06	0
1.38999e+06	0
1.39009e+06	0
1.39019e+06	0
1.39029e+06	0
1.39039e+06	0
1.39049e+06	0
1.39059e+06	0
1.39069e+06	0
1.39079e+06	0
1.39089e+06	0
1.39099e+06	0
1.39109e+06	0
1.39119e+06	0
1.39129e+06	0
1.39139e+06	0
1.39149e+06	0
1.39159e+06	0
1.39169e+06	0
1.39179e+06	0
1.39189e+06	0
1.39199e+06	0
1.39209e+06	0
1.39219e+06	0
1.39229e+06	0
1.39239e+06	0
1.39249e+06	0
1.39259e+06	0
1.39269e+06	0
1.39279e+06	0
1.39289e+06	0
1.39299e+06	0
1.39309e+06	0
1.39319e+06	0
1.39329e+06	0
1.39339e+06	0
1.39349e+06	0
1.39359e+06	0
1.39369e+06	0
1.39379e+06	0
1.39389e+06	0
1.39399e+06	0
1.39409e+06	0
1.39419e+06	0
1.39429e+06	0
1.39439e+06	0
1.39449e+06	0
1.39459e+06	0
1.39469e+06	0
1.39479e+06	0
1.39489e+06	0
1.39499e+06	0
1.39509e+06	0
1.39519e+06	0
1.39529e+06	0
1.39539e+06	0
1.39549e+06	0
1.39559e+06	0
1.39569e+06	0
1.39579e+06	0
1.39589e+06	0
1.39599e+06	0
1.39609e+06	0
1.39619e+06	0
1.39629e+06	0
1.39639e+06	0
1.39649e+06	0
1.39659e+06	0
1.39669e+06	0
1.39679e+06	0
1.39689e+06	0
1.39699e+06	0
1.39709e+06	0
1.39719e+06	0
1.39729e+06	0
1.39739e+06	0
1.39749e+06	0
1.39759e+06	0
1.39769e+06	0
1.39779e+06	0
1.39789e+06	0
1.39799e+06	0
1.39809e+06	0
1.39819e+06	0
1.39829e+06	0
1.39839e+06	0
1.39849e+06	0
1.39859e+06	0
1.39869e+06	0
1.39879e+06	0
1.39889e+06	0
1.39899e+06	0
1.39909e+06	0
1.39919e+06	0
1.39929e+06	0
1.39939e+06	0
1.39949e+06	0
1.39959e+06	0
1.39969e+06	0
1.39979e+06	0
1.39989e+06	0
1.39999e+06	0
1.40009e+06	0
1.40019e+06	0
1.40029e+06	0
1.40039e+06	0
1.40049e+06	0
1.40059e+06	0
1.40069e+06	0
1.40079e+06	0
1.40089e+06	0
1.40099e+06	0
1.40109e+06	0
1.40119e+06	0
1.40129e+06	0
1.40139e+06	0
1.40149e+06	0
1.40159e+06	0
1.40169e+06	0
1.40179e+06	0
1.40189e+06	0
1.40199e+06	0
1.40209e+06	0
1.40219e+06	0
1.40229e+06	0
1.40239e+06	0
1.40249e+06	0
1.40259e+06	0
1.40269e+06	0
1.40279e+06	0
1.40289e+06	0
1.40299e+06	0
1.40309e+06	0
1.40319e+06	0
1.40329e+06	0
1.40339e+06	0
1.40349e+06	0
1.40359e+06	0
1.40369e+06	0
1.40379e+06	0
1.40389e+06	0
1.40399e+06	0
1.40409e+06	0
1.40419e+06	0
1.40429e+06	0
1.40439e+06	0
1.40449e+06	0
1.40459e+06	1.97626e-323
1.40469e+06	8.89318e-322
1.40479e+06	4.11853e-320
1.40489e+06	1.88535e-318
1.40499e+06	8.54497e-317
1.40509e+06	3.8343e-315
1.40519e+06	1.70341e-313
1.40529e+06	7.49219e-312
1.40539e+06	3.26254e-310
1.40549e+06	1.40656e-308
1.40559e+06	6.00372e-307
1.40569e+06	2.5371e-305
1.40579e+06	1.06148e-303
1.40589e+06	4.39689e-302
1.40599e+06	1.80316e-300
1.40609e+06	7.32117e-299
1.40619e+06	2.94296e-297
1.40629e+06	1.17123e-295
1.40639e+06	4.61489e-294
1.40649e+06	1.80026e-292
1.40659e+06	6.95292e-291
1.40669e+06	2.65862e-289
1.40679e+06	1.00647e-287
1.40689e+06	3.77228e-286
1.40699e+06	1.39979e-284
1.40709e+06	5.14257e-283
1.40719e+06	1.87048e-281
1.40729e+06	6.73573e-280
1.40739e+06	2.40145e-278
1.40749e+06	8.47652e-277
1.40759e+06	2.96224e-275
1.40769e+06	1.02489e-273
1.40779e+06	3.51071e-272
1.40789e+06	1.19061e-270
1.40799e+06	3.99759e-269
1.40809e+06	1.32888e-267
1.40819e+06	4.37351e-266
1.40829e+06	1.42505e-264
1.40839e+06	4.59716e-263
1.40849e+06	1.46827e-261
1.40859e+06	4.64278e-260
1.40869e+06	1.45347e-258
1.40879e+06	4.50499e-257
1.40889e+06	1.38241e-255
1.40899e+06	4.1999e-254
1.40909e+06	1.26327e-252
1.40919e+06	3.76194e-251
1.40929e+06	1.10913e-249
1.40939e+06	3.23752e-248
1.40949e+06	9.35617e-247
1.40959e+06	2.67696e-245
1.40969e+06	7.58301e-244
1.40979e+06	2.12666e-242
1.40989e+06	5.90491e-241
1.40999e+06	1.62325e-239
1.41009e+06	4.41787e-238
1.41019e+06	1.19041e-236
1.41029e+06	3.17571e-235
1.41039e+06	8.38765e-234
1.41049e+06	2.19329e-232
1.41059e+06	5.6782e-231
1.41069e+06	1.4554e-229
1.41079e+06	3.69325e-228
1.41089e+06	9.27884e-227
1.41099e+06	2.308e-225
1.41109e+06	5.68375e-224
1.41119e+06	1.38577e-222
1.41129e+06	3.34506e-221
1.41139e+06	7.99418e-220
1.41149e+06	1.89148e-218
1.41159e+06	4.43083e-217
1.41169e+06	1.02761e-215
1.41179e+06	2.35953e-214
1.41189e+06	5.36389e-213
1.41199e+06	1.20724e-211
1.41209e+06	2.69006e-210
1.41219e+06	5.93456e-209
1.41229e+06	1.2962e-207
1.41239e+06	2.80293e-206
1.41249e+06	6.00082e-205
1.41259e+06	1.27194e-203
1.41269e+06	2.66918e-202
1.41279e+06	5.54557e-201
1.41289e+06	1.1407e-199
1.41299e+06	2.32303e-198
1.41309e+06	4.68376e-197
1.41319e+06	9.34958e-196
1.41329e+06	1.84776e-194
1.41339e+06	3.61541e-193
1.41349e+06	7.00367e-192
1.41359e+06	1.34323e-190
1.41369e+06	2.55055e-189
1.41379e+06	4.79482e-188
1.41389e+06	8.9242e-187
1.41399e+06	1.64446e-185
1.41409e+06	3.00008e-184
1.41419e+06	5.41877e-183
1.41429e+06	9.69004e-182
1.41439e+06	1.71557e-180
1.41449e+06	3.00709e-179
1.41459e+06	5.21846e-178
1.41469e+06	8.96592e-177
1.41479e+06	1.52512e-175
1.41489e+06	2.56846e-174
1.41499e+06	4.28249e-173
1.41509e+06	7.06931e-172
1.41519e+06	1.15536e-170
1.41529e+06	1.86944e-169
1.41539e+06	2.99477e-168
1.41549e+06	4.74977e-167
1.41559e+06	7.45828e-166
1.41569e+06	1.15948e-164
1.41579e+06	1.78461e-163
1.41589e+06	2.71945e-162
1.41599e+06	4.10275e-161
1.41609e+06	6.12811e-160
1.41619e+06	9.06224e-159
1.41629e+06	1.32679e-157
1.41639e+06	1.9232e-156
1.41649e+06	2.75997e-155
1.41659e+06	3.9214e-154
1.41669e+06	5.51614e-153
1.41679e+06	7.68221e-152
1.41689e+06	1.05924e-150
1.41699e+06	1.44597e-149
1.41709e+06	1.95426e-148
1.41719e+06	2.61494e-147
1.41729e+06	3.46416e-146
1.41739e+06	4.5435e-145
1.41749e+06	5.89985e-144
1.41759e+06	7.58488e-143
1.41769e+06	9.65413e-142
1.41779e+06	1.21656e-140
1.41789e+06	1.5178e-139
1.41799e+06	1.87478e-138
1.41809e+06	2.29267e-137
1.41819e+06	2.77582e-136
1.41829e+06	3.32735e-135
1.41839e+06	3.94878e-134
1.41849e+06	4.63964e-133
1.41859e+06	5.39712e-132
1.41869e+06	6.2158e-131
1.41879e+06	7.08744e-130
1.41889e+06	8.00089e-129
1.41899e+06	8.94221e-128
1.41909e+06	9.89483e-127
1.41919e+06	1.084e-125
1.41929e+06	1.17573e-124
1.41939e+06	1.26253e-123
1.41949e+06	1.34225e-122
1.41959e+06	1.4128e-121
1.41969e+06	1.47227e-120
1.41979e+06	1.51897e-119
1.41989e+06	1.55156e-118
1.41999e+06	1.56908e-117
1.42009e+06	1.57101e-116
1.42019e+06	1.55729e-115
1.42029e+06	1.52834e-114
1.42039e+06	1.48499e-113
1.42049e+06	1.42852e-112
1.42059e+06	1.36052e-111
1.42069e+06	1.28287e-110
1.42079e+06	1.19761e-109
1.42089e+06	1.10689e-108
1.42099e+06	1.01287e-107
1.42109e+06	9.17607e-107
1.42119e+06	8.23035e-106
1.42129e+06	7.30864e-105
1.42139e+06	6.42558e-104
1.42149e+06	5.593e-103
1.42159e+06	4.81986e-102
1.42169e+06	4.11227e-101
1.42179e+06	3.47365e-100
1.42189e+06	2.905e-99
1.42199e+06	2.40527e-98
1.42209e+06	1.97169e-97
1.42219e+06	1.60019e-96
1.42229e+06	1.28576e-95
1.42239e+06	1.02284e-94
1.42249e+06	8.05582e-94
1.42259e+06	6.2816e-93
1.42269e+06	4.84939e-92
1.42279e+06	3.70648e-91
1.42289e+06	2.80474e-90
1.42299e+06	2.10127e-89
1.42309e+06	1.55857e-88
1.42319e+06	1.14454e-87
1.42329e+06	8.32127e-87
1.42339e+06	5.98972e-86
1.42349e+06	4.26855e-85
1.42359e+06	3.0117e-84
1.42369e+06	2.10377e-83
1.42379e+06	1.45494e-82
1.42389e+06	9.96198e-82
1.42399e+06	6.75313e-81
1.42409e+06	4.53232e-80
1.42419e+06	3.01158e-79
1.42429e+06	1.98118e-78
1.42439e+06	1.29036e-77
1.42449e+06	8.32063e-77
1.42459e+06	5.31199e-76
1.42469e+06	3.3575e-75
1.42479e+06	2.10103e-74
1.42489e+06	1.30168e-73
1.42499e+06	7.98424e-73
1.42509e+06	4.84864e-72
1.42519e+06	2.91517e-71
1.42529e+06	1.73526e-70
1.42539e+06	1.02264e-69
1.42549e+06	5.96674e-69
1.42559e+06	3.44675e-68
1.42569e+06	1.97123e-67
1.42579e+06	1.11615e-66
1.42589e+06	6.25702e-66
1.42599e+06	3.4727e-65
1.42609e+06	1.9082e-64
1.42619e+06	1.0381e-63
1.42629e+06	5.59127e-63
1.42639e+06	2.98153e-62
1.42649e+06	1.57407e-61
1.42659e+06	8.22748e-61
1.42669e+06	4.25761e-60
1.42679e+06	2.18134e-59
1.42689e+06	1.10646e-58
1.42699e+06	5.55657e-58
1.42709e+06	2.76271e-57
1.42719e+06	1.35994e-56
1.42729e+06	6.62768e-56
1.42739e+06	3.19787e-55
1.42749e+06	1.52762e-54
1.42759e+06	7.22486e-54
1.42769e+06	3.38298e-53
1.42779e+06	1.56829e-52
1.42789e+06	7.19799e-52
1.42799e+06	3.27079e-51
1.42809e+06	1.47147e-50
1.42819e+06	6.55399e-50
1.42829e+06	2.89014e-49
1.42839e+06	1.26179e-48
1.42849e+06	5.45399e-48
1.42859e+06	2.33398e-47
1.42869e+06	9.88869e-47
1.42879e+06	4.14798e-46
1.42889e+06	1.72263e-45
1.42899e+06	7.08277e-45
1.42909e+06	2.88318e-44
1.42919e+06	1.16198e-43
1.42929e+06	4.6364e-43
1.42939e+06	1.83156e-42
1.42949e+06	7.16338e-42
1.42959e+06	2.77378e-41
1.42969e+06	1.06337e-40
1.42979e+06	4.036e-40
1.42989e+06	1.51662e-39
1.42999e+06	5.64234e-39
1.43009e+06	2.07825e-38
1.43019e+06	7.5787e-38
1.43029e+06	2.7362e-37
1.43039e+06	9.78046e-37
1.43049e+06	3.4612e-36
1.43059e+06	1.21269e-35
1.43069e+06	4.20662e-35
1.43079e+06	1.44468e-34
1.43089e+06	4.91211e-34
1.43099e+06	1.65356e-33
1.43109e+06	5.511e-33
1.43119e+06	1.81843e-32
1.43129e+06	5.94048e-32
1.43139e+06	1.92133e-31
1.43149e+06	6.15235e-31
1.43159e+06	1.95046e-30
1.43169e+06	6.12194e-30
1.43179e+06	1.90238e-29
1.43189e+06	5.85281e-29
1.43199e+06	1.78274e-28
1.43209e+06	5.37611e-28
1.43219e+06	1.60511e-27
1.43229e+06	4.74461e-27
1.43239e+06	1.38852e-26
1.43249e+06	4.0231e-26
1.43259e+06	1.15406e-25
1.43269e+06	3.27755e-25
1.43279e+06	9.21573e-25
1.43289e+06	2.56547e-24
1.43299e+06	7.07067e-24
1.43309e+06	1.92935e-23
1.43319e+06	5.21219e-23
1.43329e+06	1.39407e-22
1.43339e+06	3.69154e-22
1.43349e+06	9.67802e-22
1.43359e+06	2.51202e-21
1.43369e+06	6.4553e-21
1.43379e+06	1.64235e-20
1.43389e+06	4.13689e-20
1.43399e+06	1.03167e-19
1.43409e+06	2.54719e-19
1.43419e+06	6.22643e-19
1.43429e+06	1.50687e-18
1.43439e+06	3.6105e-18
1.43449e+06	8.56481e-18
1.43459e+06	2.01152e-17
1.43469e+06	4.67723e-17
1.43479e+06	1.07674e-16
1.43489e+06	2.45407e-16
1.43499e+06	5.53761e-16
1.43509e+06	1.23713e-15
1.43519e+06	2.7363e-15
1.43529e+06	5.99198e-15
1.43539e+06	1.29907e-14
1.43549e+06	2.78839e-14
1.43559e+06	5.92559e-14
1.43569e+06	1.24671e-13
1.43579e+06	2.59691e-13
1.43589e+06	5.35558e-13
1.43599e+06	1.09348e-12
1.43609e+06	2.21042e-12
1.43619e+06	4.42379e-12
1.43629e+06	8.76539e-12
1.43639e+06	1.71951e-11
1.43649e+06	3.33961e-11
1.43659e+06	6.42161e-11
1.43669e+06	1.2225e-10
1.43679e+06	2.30415e-10
1.43689e+06	4.29962e-10
1.43699e+06	7.94341e-10
1.43709e+06	1.45291e-09
1.43719e+06	2.63106e-09
1.43729e+06	4.71713e-09
1.43739e+06	8.37302e-09
1.43749e+06	1.47144e-08
1.43759e+06	2.56013e-08
1.43769e+06	4.40999e-08
1.43779e+06	7.52091e-08
1.43789e+06	1.26987e-07
1.43799e+06	2.12279e-07
1.43809e+06	3.51326e-07
1.43819e+06	5.75668e-07
1.43829e+06	9.33877e-07
1.43839e+06	1.49991e-06
1.43849e+06	2.38505e-06
1.43859e+06	3.75479e-06
1.43869e+06	5.85237e-06
1.43879e+06	9.03099e-06
1.43889e+06	1.37973e-05
1.43899e+06	2.08695e-05
1.43909e+06	3.12527e-05
1.43919e+06	4.6336e-05
1.43929e+06	6.80154e-05
1.43939e+06	9.88445e-05
1.43949e+06	0.000142218
1.43959e+06	0.000202589
1.43969e+06	0.000285714
1.43979e+06	0.000398938
1.43989e+06	0.000551488
1.43999e+06	0.000754787
1.44009e+06	0.00102275
1.44019e+06	0.00137205
1.44029e+06	0.00182234
1.44039e+06	0.00239633
1.44049e+06	0.00311975
1.44059e+06	0.00402114
1.44069e+06	0.00513141
1.44079e+06	0.00648308
1.44089e+06	0.00810929
1.44099e+06	0.0100425
1.44109e+06	0.0123128
1.44119e+06	0.0149461
1.44129e+06	0.0179622
1.44139e+06	0.021372
1.44149e+06	0.0251761
1.44159e+06	0.0293623
1.44169e+06	0.0339037
1.44179e+06	0.0387581
1.44189e+06	0.0438666
1.44199e+06	0.0491545
1.44209e+06	0.0545318
1.44219e+06	0.0598953
1.44229e+06	0.0651317
1.44239e+06	0.0701213
1.44249e+06	0.0747419
1.44259e+06	0.0788743
1.44269e+06	0.082407
1.44279e+06	0.0852411
1.44289e+06	0.0872955
1.44299e+06	0.0885098
1.44309e+06	0.088848
1.44319e+06	0.0883002
1.44329e+06	0.0868825
1.44339e+06	0.084637
1.44349e+06	0.0816291
1.44359e+06	0.0779447
1.44369e+06	0.0736861
1.44379e+06	0.068967
1.44389e+06	0.0639079
1.44399e+06	0.0586307
1.44409e+06	0.053254
1.44419e+06	0.047889
1.44429e+06	0.0426361
1.44439e+06	0.0375816
1.44449e+06	0.0327968
1.44459e+06	0.0283363
1.44469e+06	0.0242389
1.44479e+06	0.0205277
1.44489e+06	0.0172117
1.44499e+06	0.0142877
1.44509e+06	0.0117425
1.44519e+06	0.00955468
1.44529e+06	0.00769711
1.44539e+06	0.00613899
1.44549e+06	0.00484755
1.44559e+06	0.00378971
1.44569e+06	0.00293323
1.44579e+06	0.00224772
1.44589e+06	0.00170528
1.44599e+06	0.00128088
1.44609e+06	0.000952525
1.44619e+06	0.000701296
1.44629e+06	0.000511192
1.44639e+06	0.000368913
1.44649e+06	0.000263585
1.44659e+06	0.000186455
1.44669e+06	0.000130582
1.44679e+06	9.05423e-05
1.44689e+06	6.2155e-05
1.44699e+06	4.22433e-05
1.44709e+06	2.84248e-05
1.44719e+06	1.89362e-05
1.44729e+06	1.24895e-05
1.44739e+06	8.15559e-06
1.44749e+06	5.27257e-06
1.44759e+06	3.37479e-06
1.44769e+06	2.13859e-06
1.44779e+06	1.34173e-06
1.44789e+06	8.33415e-07
1.44799e+06	5.12523e-07
1.44809e+06	3.12049e-07
1.44819e+06	1.881e-07
1.44829e+06	1.12257e-07
1.44839e+06	6.63274e-08
1.44849e+06	3.87999e-08
1.44859e+06	2.24712e-08
1.44869e+06	1.28848e-08
1.44879e+06	7.31452e-09
1.44889e+06	4.11104e-09
1.44899e+06	2.28757e-09
1.44909e+06	1.26024e-09
1.44919e+06	6.87371e-10
1.44929e+06	3.71181e-10
1.44939e+06	1.98443e-10
1.44949e+06	1.05038e-10
1.44959e+06	5.5044e-11
1.44969e+06	2.85583e-11
1.44979e+06	1.46694e-11
1.44989e+06	7.46015e-12
1.44999e+06	3.75613e-12
1.45009e+06	1.87237e-12
1.45019e+06	9.24058e-13
1.45029e+06	4.51506e-13
1.45039e+06	2.18416e-13
1.45049e+06	1.04608e-13
1.45059e+06	4.96021e-14
1.45069e+06	2.32859e-14
1.45079e+06	1.08229e-14
1.45089e+06	4.9803e-15
1.45099e+06	2.26907e-15
1.45109e+06	1.0238e-15
1.45119e+06	4.58013e-16
1.45129e+06	2.04419e-16
1.45139e+06	9.39266e-17
1.45149e+06	5.08866e-17
1.45159e+06	4.49047e-17
1.45169e+06	7.08312e-17
1.45179e+06	1.44738e-16
1.45189e+06	3.13022e-16
1.45199e+06	6.79284e-16
1.45209e+06	1.46319e-15
1.45219e+06	3.12191e-15
1.45229e+06	6.59534e-15
1.45239e+06	1.37949e-14
1.45249e+06	2.85666e-14
1.45259e+06	5.85673e-14
1.45269e+06	1.1888e-13
1.45279e+06	2.38902e-13
1.45289e+06	4.75322e-13
1.45299e+06	9.36297e-13
1.45309e+06	1.82598e-12
1.45319e+06	3.52562e-12
1.45329e+06	6.73956e-12
1.45339e+06	1.27551e-11
1.45349e+06	2.38999e-11
1.45359e+06	4.43367e-11
1.45369e+06	8.14306e-11
1.45379e+06	1.48071e-10
1.45389e+06	2.66568e-10
1.45399e+06	4.75121e-10
1.45409e+06	8.3841e-10
1.45419e+06	1.46476e-09
1.45429e+06	2.53357e-09
1.45439e+06	4.33868e-09
1.45449e+06	7.35595e-09
1.45459e+06	1.23474e-08
1.45469e+06	2.05197e-08
1.45479e+06	3.37617e-08
1.45489e+06	5.49963e-08
1.45499e+06	8.86951e-08
1.45509e+06	1.41619e-07
1.45519e+06	2.23874e-07
1.45529e+06	3.50381e-07
1.45539e+06	5.4292e-07
1.45549e+06	8.32889e-07
1.45559e+06	1.26502e-06
1.45569e+06	1.90222e-06
1.45579e+06	2.83194e-06
1.45589e+06	4.17411e-06
1.45599e+06	6.09117e-06
1.45609e+06	8.80025e-06
1.45619e+06	1.25877e-05
1.45629e+06	1.7826e-05
1.45639e+06	2.4993e-05
1.45649e+06	3.4693e-05
1.45659e+06	4.76783e-05
1.45669e+06	6.48719e-05
1.45679e+06	8.73877e-05
1.45689e+06	0.000116547
1.45699e+06	0.000153889
1.45709e+06	0.000201174
1.45719e+06	0.000260372
1.45729e+06	0.000333636
1.45739e+06	0.000423261
1.45749e+06	0.00053162
1.45759e+06	0.000661075
1.45769e+06	0.000813875
1.45779e+06	0.000992022
1.45789e+06	0.00119713
1.45799e+06	0.00143028
1.45809e+06	0.00169182
1.45819e+06	0.00198129
1.45829e+06	0.00229719
1.45839e+06	0.00263696
1.45849e+06	0.00299686
1.45859e+06	0.00337199
1.45869e+06	0.00375633
1.45879e+06	0.00414284
1.45889e+06	0.00452366
1.45899e+06	0.00489033
1.45909e+06	0.00523412
1.45919e+06	0.00554634
1.45929e+06	0.0058187
1.45939e+06	0.0060437
1.45949e+06	0.00621494
1.45959e+06	0.00632743
1.45969e+06	0.00637787
1.45979e+06	0.00636474
1.45989e+06	0.00628844
1.45999e+06	0.00615123
1.46009e+06	0.00595714
1.46019e+06	0.00571177
1.46029e+06	0.00542202
1.46039e+06	0.00509576
1.46049e+06	0.00474147
1.46059e+06	0.00436792
1.46069e+06	0.00398376
1.46079e+06	0.00359723
1.46089e+06	0.00321589
1.46099e+06	0.00284637
1.46109e+06	0.00249423
1.46119e+06	0.00216392
1.46129e+06	0.00185867
1.46139e+06	0.00158059
1.46149e+06	0.00133074
1.46159e+06	0.00110924
1.46169e+06	0.00091541
1.46179e+06	0.000747931
1.46189e+06	0.000605013
1.46199e+06	0.000484535
1.46209e+06	0.000384187
1.46219e+06	0.00030159
1.46229e+06	0.000234395
1.46239e+06	0.000180358
1.46249e+06	0.000137398
1.46259e+06	0.00010363
1.46269e+06	7.73827e-05
1.46279e+06	5.72085e-05
1.46289e+06	4.1873e-05
1.46299e+06	3.03435e-05
1.46309e+06	2.17697e-05
1.46319e+06	1.54631e-05
1.46329e+06	1.08743e-05
1.46339e+06	7.57109e-06
1.46349e+06	5.21885e-06
1.46359e+06	3.56162e-06
1.46369e+06	2.40646e-06
1.46379e+06	1.60977e-06
1.46389e+06	1.06613e-06
1.46399e+06	6.99054e-07
1.46409e+06	4.53805e-07
1.46419e+06	2.91665e-07
1.46429e+06	1.85591e-07
1.46439e+06	1.16919e-07
1.46449e+06	7.29244e-08
1.46459e+06	4.50315e-08
1.46469e+06	2.75307e-08
