5.61921e+06	6.88949e-07
5.61931e+06	1.13022e-06
5.61941e+06	1.83567e-06
5.61951e+06	2.95179e-06
5.61961e+06	4.69929e-06
5.61971e+06	7.4069e-06
5.61981e+06	1.15584e-05
5.61991e+06	1.78573e-05
5.62001e+06	2.73143e-05
5.62011e+06	4.1364e-05
5.62021e+06	6.20172e-05
5.62031e+06	9.20573e-05
5.62041e+06	0.000135289
5.62051e+06	0.000196844
5.62061e+06	0.000283556
5.62071e+06	0.000404403
5.62081e+06	0.000571013
5.62091e+06	0.000798242
5.62101e+06	0.00110479
5.62111e+06	0.00151385
5.62121e+06	0.00205373
5.62131e+06	0.00275841
5.62141e+06	0.00366803
5.62151e+06	0.00482908
5.62161e+06	0.00629437
5.62171e+06	0.00812265
5.62181e+06	0.0103777
5.62191e+06	0.0131268
5.62201e+06	0.016439
5.62211e+06	0.0203821
5.62221e+06	0.0250195
5.62231e+06	0.0304065
5.62241e+06	0.0365856
5.62251e+06	0.0435825
5.62261e+06	0.0514009
5.62271e+06	0.0600187
5.62281e+06	0.069384
5.62291e+06	0.0794125
5.62301e+06	0.0899862
5.62311e+06	0.100953
5.62321e+06	0.11213
5.62331e+06	0.123304
5.62341e+06	0.134244
5.62351e+06	0.144699
5.62361e+06	0.154417
5.62371e+06	0.163148
5.62381e+06	0.170657
5.62391e+06	0.176736
5.62401e+06	0.18121
5.62411e+06	0.183949
5.62421e+06	0.184871
5.62431e+06	0.183949
5.62441e+06	0.18121
5.62451e+06	0.176736
5.62461e+06	0.170657
5.62471e+06	0.163148
5.62481e+06	0.154417
5.62491e+06	0.144699
5.62501e+06	0.134244
5.62511e+06	0.123304
5.62521e+06	0.11213
5.62531e+06	0.100953
5.62541e+06	0.0899862
5.62551e+06	0.0794125
5.62561e+06	0.069384
5.62571e+06	0.0600187
5.62581e+06	0.0514009
5.62591e+06	0.0435825
5.62601e+06	0.0365856
5.62611e+06	0.0304065
5.62621e+06	0.0250195
5.62631e+06	0.0203821
5.62641e+06	0.016439
5.62651e+06	0.0131268
5.62661e+06	0.0103777
5.62671e+06	0.00812265
5.62681e+06	0.00629437
5.62691e+06	0.00482908
5.62701e+06	0.00366803
5.62711e+06	0.00275841
5.62721e+06	0.00205373
5.62731e+06	0.00151385
5.62741e+06	0.00110479
5.62751e+06	0.000798242
5.62761e+06	0.000571013
5.62771e+06	0.000404403
5.62781e+06	0.000283556
5.62791e+06	0.000196844
5.62801e+06	0.000135289
5.62811e+06	9.20573e-05
5.62821e+06	6.20172e-05
5.62831e+06	4.1364e-05
5.62841e+06	2.73143e-05
5.62851e+06	1.78573e-05
5.62861e+06	1.15584e-05
5.62871e+06	7.4069e-06
5.62881e+06	4.69929e-06
5.62891e+06	2.95179e-06
5.62901e+06	1.83567e-06
5.62911e+06	1.13022e-06
5.62921e+06	6.88949e-07
5.62931e+06	4.15784e-07
5.62941e+06	2.48431e-07
5.62951e+06	1.46961e-07
5.62961e+06	8.60705e-08
5.62971e+06	4.99073e-08
5.62981e+06	2.86504e-08
5.62991e+06	1.62837e-08
5.63001e+06	9.16294e-09
5.63011e+06	5.10473e-09
5.63021e+06	2.81558e-09
5.63031e+06	1.53751e-09
5.63041e+06	8.31243e-10
5.63051e+06	4.44932e-10
5.63061e+06	2.35785e-10
5.63071e+06	1.23708e-10
5.63081e+06	6.4259e-11
5.63091e+06	3.30467e-11
5.63101e+06	1.68259e-11
5.63111e+06	8.48179e-12
5.63121e+06	4.23305e-12
5.63131e+06	2.09158e-12
5.63141e+06	1.02319e-12
5.63151e+06	4.95554e-13
5.63161e+06	2.37621e-13
5.63171e+06	1.12807e-13
5.63181e+06	5.30204e-14
5.63191e+06	2.46722e-14
5.63201e+06	1.13666e-14
5.63211e+06	5.18452e-15
5.63221e+06	2.34123e-15
5.63231e+06	1.04674e-15
5.63241e+06	4.63327e-16
5.63251e+06	2.03046e-16
5.63261e+06	8.80965e-17
5.63271e+06	3.78425e-17
5.63281e+06	1.60938e-17
5.63291e+06	6.77631e-18
5.63301e+06	2.82479e-18
5.63311e+06	1.16583e-18
5.63321e+06	4.76367e-19
5.63331e+06	1.9271e-19
5.63341e+06	7.71837e-20
5.63351e+06	3.06057e-20
5.63361e+06	1.20154e-20
5.63371e+06	4.67013e-21
5.63381e+06	1.79712e-21
5.63391e+06	6.84674e-22
5.63401e+06	2.58254e-22
5.63411e+06	9.64421e-23
5.63421e+06	3.56569e-23
5.63431e+06	1.3052e-23
5.63441e+06	4.73008e-24
5.63451e+06	1.69714e-24
5.63461e+06	6.02868e-25
5.63471e+06	2.12024e-25
5.63481e+06	7.38251e-26
5.63491e+06	2.54496e-26
5.63501e+06	8.68588e-27
5.63511e+06	2.93497e-27
5.63521e+06	9.81865e-28
5.63531e+06	3.25204e-28
5.63541e+06	1.06639e-28
5.63551e+06	3.46208e-29
5.63561e+06	1.11279e-29
5.63571e+06	3.54116e-30
5.63581e+06	1.11567e-30
5.63591e+06	3.48002e-31
5.63601e+06	1.0747e-31
5.63611e+06	3.28584e-32
5.63621e+06	9.94638e-33
5.63631e+06	2.98085e-33
5.63641e+06	8.84448e-34
5.63651e+06	2.59814e-34
5.63661e+06	7.55628e-35
5.63671e+06	2.17576e-35
5.63681e+06	6.20257e-36
5.63691e+06	1.75061e-36
5.63701e+06	4.89175e-37
5.63711e+06	1.3533e-37
5.63721e+06	3.70667e-38
5.63731e+06	1.00515e-38
5.63741e+06	2.69856e-39
5.63751e+06	7.17286e-40
5.63761e+06	1.8876e-40
5.63771e+06	4.91794e-41
5.63781e+06	1.26857e-41
5.63791e+06	3.23968e-42
5.63801e+06	8.19119e-43
5.63811e+06	2.05045e-43
5.63821e+06	5.08169e-44
5.63831e+06	1.24688e-44
5.63841e+06	3.02899e-45
5.63851e+06	7.28498e-46
5.63861e+06	1.73467e-46
5.63871e+06	4.08941e-47
5.63881e+06	9.54469e-48
5.63891e+06	2.20557e-48
5.63901e+06	5.04587e-49
5.63911e+06	1.1429e-49
5.63921e+06	2.56294e-50
5.63931e+06	5.69017e-51
5.63941e+06	1.25075e-51
5.63951e+06	2.72189e-52
5.63961e+06	5.86446e-53
5.63971e+06	1.25096e-53
5.63981e+06	2.64189e-54
5.63991e+06	5.52388e-55
5.64001e+06	1.14349e-55
5.64011e+06	2.34355e-56
5.64021e+06	4.75526e-57
5.64031e+06	9.55282e-58
5.64041e+06	1.89997e-58
5.64051e+06	3.74126e-59
5.64061e+06	7.29367e-60
5.64071e+06	1.40777e-60
5.64081e+06	2.69014e-61
5.64091e+06	5.08948e-62
5.64101e+06	9.53302e-63
5.64111e+06	1.76785e-63
5.64121e+06	3.24575e-64
5.64131e+06	5.89988e-65
5.64141e+06	1.06176e-65
5.64151e+06	1.89178e-66
5.64161e+06	3.3371e-67
5.64171e+06	5.82808e-68
5.64181e+06	1.00775e-68
5.64191e+06	1.72737e-69
5.64201e+06	3.0622e-70
5.64211e+06	1.31926e-70
5.64221e+06	4.99086e-70
5.64231e+06	2.88091e-69
5.64241e+06	1.67222e-68
5.64251e+06	9.61404e-68
5.64261e+06	5.47243e-67
5.64271e+06	3.08398e-66
5.64281e+06	1.72068e-65
5.64291e+06	9.50486e-65
5.64301e+06	5.19815e-64
5.64311e+06	2.81454e-63
5.64321e+06	1.50878e-62
5.64331e+06	8.00753e-62
5.64341e+06	4.20755e-61
5.64351e+06	2.18886e-60
5.64361e+06	1.12736e-59
5.64371e+06	5.74863e-59
5.64381e+06	2.90217e-58
5.64391e+06	1.45057e-57
5.64401e+06	7.17815e-57
5.64411e+06	3.51676e-56
5.64421e+06	1.70581e-55
5.64431e+06	8.19171e-55
5.64441e+06	3.89472e-54
5.64451e+06	1.8333e-53
5.64461e+06	8.54378e-53
5.64471e+06	3.94205e-52
5.64481e+06	1.80074e-51
5.64491e+06	8.14402e-51
5.64501e+06	3.64655e-50
5.64511e+06	1.61653e-49
5.64521e+06	7.09482e-49
5.64531e+06	3.08288e-48
5.64541e+06	1.32626e-47
5.64551e+06	5.64881e-47
5.64561e+06	2.38201e-46
5.64571e+06	9.94458e-46
5.64581e+06	4.11042e-45
5.64591e+06	1.68207e-44
5.64601e+06	6.81488e-44
5.64611e+06	2.73356e-43
5.64621e+06	1.08557e-42
5.64631e+06	4.26818e-42
5.64641e+06	1.66144e-41
5.64651e+06	6.40302e-41
5.64661e+06	2.4431e-40
5.64671e+06	9.22902e-40
5.64681e+06	3.45165e-39
5.64691e+06	1.27807e-38
5.64701e+06	4.68532e-38
5.64711e+06	1.70052e-37
5.64721e+06	6.11054e-37
5.64731e+06	2.17388e-36
5.64741e+06	7.65682e-36
5.64751e+06	2.67005e-35
5.64761e+06	9.2182e-35
5.64771e+06	3.15087e-34
5.64781e+06	1.06628e-33
5.64791e+06	3.57248e-33
5.64801e+06	1.18502e-32
5.64811e+06	3.89168e-32
5.64821e+06	1.26534e-31
5.64831e+06	4.07318e-31
5.64841e+06	1.29813e-30
5.64851e+06	4.09598e-30
5.64861e+06	1.27955e-29
5.64871e+06	3.9574e-29
5.64881e+06	1.21178e-28
5.64891e+06	3.67359e-28
5.64901e+06	1.1026e-27
5.64911e+06	3.27642e-27
5.64921e+06	9.63918e-27
5.64931e+06	2.80761e-26
5.64941e+06	8.09639e-26
5.64951e+06	2.31155e-25
5.64961e+06	6.53388e-25
5.64971e+06	1.82851e-24
5.64981e+06	5.06616e-24
5.64991e+06	1.38969e-23
5.65001e+06	3.77411e-23
5.65011e+06	1.01477e-22
5.65021e+06	2.70134e-22
5.65031e+06	7.11945e-22
5.65041e+06	1.85768e-21
5.65051e+06	4.79902e-21
5.65061e+06	1.22742e-20
5.65071e+06	3.10805e-20
5.65081e+06	7.79185e-20
5.65091e+06	1.93397e-19
5.65101e+06	4.75245e-19
5.65111e+06	1.15622e-18
5.65121e+06	2.78498e-18
5.65131e+06	6.64142e-18
5.65141e+06	1.56804e-17
5.65151e+06	3.66529e-17
5.65161e+06	8.48238e-17
5.65171e+06	1.9435e-16
5.65181e+06	4.40867e-16
5.65191e+06	9.90121e-16
5.65201e+06	2.20154e-15
5.65211e+06	4.84642e-15
5.65221e+06	1.05626e-14
5.65231e+06	2.27919e-14
5.65241e+06	4.86908e-14
5.65251e+06	1.02984e-13
5.65261e+06	2.1565e-13
5.65271e+06	4.47082e-13
5.65281e+06	9.17658e-13
5.65291e+06	1.8648e-12
5.65301e+06	3.7518e-12
5.65311e+06	7.47318e-12
5.65321e+06	1.47376e-11
5.65331e+06	2.87744e-11
5.65341e+06	5.56216e-11
5.65351e+06	1.06448e-10
5.65361e+06	2.01691e-10
5.65371e+06	3.78351e-10
5.65381e+06	7.02683e-10
5.65391e+06	1.29205e-09
5.65401e+06	2.35212e-09
5.65411e+06	4.23931e-09
5.65421e+06	7.56464e-09
5.65431e+06	1.3364e-08
5.65441e+06	2.33746e-08
5.65451e+06	4.0477e-08
5.65461e+06	6.93953e-08
5.65471e+06	1.1779e-07
5.65481e+06	1.97944e-07
5.65491e+06	3.29333e-07
5.65501e+06	5.42481e-07
5.65511e+06	8.84689e-07
5.65521e+06	1.42841e-06
5.65531e+06	2.28336e-06
5.65541e+06	3.6137e-06
5.65551e+06	5.66222e-06
5.65561e+06	8.78371e-06
5.65571e+06	1.34905e-05
5.65581e+06	2.05132e-05
5.65591e+06	3.08813e-05
5.65601e+06	4.60273e-05
5.65611e+06	6.79191e-05
5.65621e+06	9.92261e-05
5.65631e+06	0.000143521
5.65641e+06	0.000205525
5.65651e+06	0.000291387
5.65661e+06	0.000409008
5.65671e+06	0.000568396
5.65681e+06	0.000782037
5.65691e+06	0.00106527
5.65701e+06	0.00143665
5.65711e+06	0.00191822
5.65721e+06	0.00253573
5.65731e+06	0.00331867
5.65741e+06	0.00430015
5.65751e+06	0.00551644
5.65761e+06	0.00700634
5.65771e+06	0.00881011
5.65781e+06	0.010968
5.65791e+06	0.0135186
5.65801e+06	0.0164965
5.65811e+06	0.0199302
5.65821e+06	0.0238389
5.65831e+06	0.0282304
5.65841e+06	0.0330984
5.65851e+06	0.0384196
5.65861e+06	0.0441526
5.65871e+06	0.0502362
5.65881e+06	0.0565893
5.65891e+06	0.0631115
5.65901e+06	0.0696851
5.65911e+06	0.0761778
5.65921e+06	0.0824468
5.65931e+06	0.0883439
5.65941e+06	0.0937208
5.65951e+06	0.0984358
5.65961e+06	0.102359
5.65971e+06	0.10538
5.65981e+06	0.10741
5.65991e+06	0.10839
5.66001e+06	0.108291
5.66011e+06	0.107115
5.66021e+06	0.104898
5.66031e+06	0.101705
5.66041e+06	0.0976274
5.66051e+06	0.0927811
5.66061e+06	0.0872981
5.66071e+06	0.081322
5.66081e+06	0.0750015
5.66091e+06	0.0684843
5.66101e+06	0.061912
5.66111e+06	0.0554148
5.66121e+06	0.0491079
5.66131e+06	0.043089
5.66141e+06	0.0374369
5.66151e+06	0.0322108
5.66161e+06	0.0274517
5.66171e+06	0.0231835
5.66181e+06	0.0194157
5.66191e+06	0.0161468
5.66201e+06	0.0133674
5.66211e+06	0.0110649
5.66221e+06	0.00922685
5.66231e+06	0.00784627
5.66241e+06	0.00692571
5.66251e+06	0.00648231
5.66261e+06	0.00655283
5.66271e+06	0.00719884
5.66281e+06	0.0085122
5.66291e+06	0.0106205
5.66301e+06	0.0136926
5.66311e+06	0.0179437
5.66321e+06	0.02364
5.66331e+06	0.0311017
5.66341e+06	0.0407051
5.66351e+06	0.0528815
5.66361e+06	0.0681131
5.66371e+06	0.0869259
5.66381e+06	0.109877
5.66391e+06	0.137536
5.66401e+06	0.170466
5.66411e+06	0.209192
5.66421e+06	0.25417
5.66431e+06	0.305752
5.66441e+06	0.364146
5.66451e+06	0.429379
5.66461e+06	0.501263
5.66471e+06	0.579358
5.66481e+06	0.662959
5.66491e+06	0.751075
5.66501e+06	0.842436
5.66511e+06	0.935509
5.66521e+06	1.02853
5.66531e+06	1.11954
5.66541e+06	1.20649
5.66551e+06	1.28725
5.66561e+06	1.35975
5.66571e+06	1.42204
5.66581e+06	1.47239
5.66591e+06	1.50935
5.66601e+06	1.53184
5.66611e+06	1.5392
5.66621e+06	1.53121
5.66631e+06	1.5081
5.66641e+06	1.47056
5.66651e+06	1.41969
5.66661e+06	1.35693
5.66671e+06	1.28405
5.66681e+06	1.20299
5.66691e+06	1.11584
5.66701e+06	1.0247
5.66711e+06	0.931641
5.66721e+06	0.838606
5.66731e+06	0.74735
5.66741e+06	0.659398
5.66751e+06	0.576007
5.66761e+06	0.498156
5.66771e+06	0.42654
5.66781e+06	0.361585
5.66791e+06	0.303473
5.66801e+06	0.252165
5.66811e+06	0.207447
5.66821e+06	0.168961
5.66831e+06	0.136246
5.66841e+06	0.108772
5.66851e+06	0.0859743
5.66861e+06	0.0672785
5.66871e+06	0.0521245
5.66881e+06	0.0399819
5.66891e+06	0.0303629
5.66901e+06	0.0228286
5.66911e+06	0.0169931
5.66921e+06	0.0125234
5.66931e+06	0.00913754
5.66941e+06	0.00660076
5.66951e+06	0.00472079
5.66961e+06	0.00334267
5.66971e+06	0.00234331
5.66981e+06	0.00162638
5.66991e+06	0.00111756
5.67001e+06	0.000760288
5.67011e+06	0.000512085
5.67021e+06	0.000341478
5.67031e+06	0.000225445
5.67041e+06	0.000147359
5.67051e+06	9.53602e-05
5.67061e+06	6.10965e-05
5.67071e+06	3.87545e-05
5.67081e+06	2.4338e-05
5.67091e+06	1.51323e-05
5.67101e+06	9.315e-06
5.67111e+06	5.67698e-06
5.67121e+06	3.42538e-06
5.67131e+06	2.04624e-06
5.67141e+06	1.21021e-06
5.67151e+06	7.08638e-07
5.67161e+06	4.10813e-07
5.67171e+06	2.35788e-07
5.67181e+06	1.33984e-07
5.67191e+06	7.53781e-08
5.67201e+06	4.19849e-08
5.67211e+06	2.31525e-08
5.67221e+06	1.26404e-08
5.67231e+06	6.83248e-09
5.67241e+06	3.65641e-09
5.67251e+06	1.93726e-09
5.67261e+06	1.0162e-09
5.67271e+06	5.27746e-10
5.67281e+06	2.7135e-10
5.67291e+06	1.38131e-10
5.67301e+06	6.9616e-11
5.67311e+06	3.47364e-11
5.67321e+06	1.716e-11
5.67331e+06	8.39279e-12
5.67341e+06	4.06399e-12
5.67351e+06	1.9483e-12
5.67361e+06	9.24734e-13
5.67371e+06	4.34545e-13
5.67381e+06	2.02167e-13
5.67391e+06	9.31196e-14
5.67401e+06	4.24649e-14
5.67411e+06	1.91724e-14
5.67421e+06	8.56997e-15
5.67431e+06	3.79262e-15
5.67441e+06	1.66171e-15
5.67451e+06	7.20826e-16
5.67461e+06	3.09572e-16
5.67471e+06	1.31628e-16
5.67481e+06	5.54109e-17
5.67491e+06	2.30939e-17
5.67501e+06	9.52921e-18
5.67511e+06	3.8929e-18
5.67521e+06	1.57452e-18
5.67531e+06	6.30489e-19
5.67541e+06	2.49957e-19
5.67551e+06	9.81093e-20
5.67561e+06	3.81252e-20
5.67571e+06	1.4668e-20
5.67581e+06	5.5871e-21
5.67591e+06	2.10697e-21
5.67601e+06	7.86664e-22
5.67611e+06	2.90788e-22
5.67621e+06	1.06419e-22
5.67631e+06	3.85586e-23
5.67641e+06	1.38318e-23
5.67651e+06	4.91242e-24
5.67661e+06	1.7273e-24
5.67671e+06	6.01308e-25
5.67681e+06	2.07245e-25
5.67691e+06	7.07175e-26
5.67701e+06	2.38906e-26
5.67711e+06	7.9907e-27
5.67721e+06	2.64606e-27
5.67731e+06	8.67503e-28
5.67741e+06	2.81579e-28
5.67751e+06	9.04869e-29
5.67761e+06	2.87891e-29
5.67771e+06	9.06836e-30
5.67781e+06	2.82804e-30
5.67791e+06	8.73171e-31
5.67801e+06	2.66914e-31
5.67811e+06	8.07791e-32
5.67821e+06	2.42038e-32
5.67831e+06	7.18003e-33
5.67841e+06	2.10875e-33
5.67851e+06	6.13171e-34
5.67861e+06	1.76521e-34
5.67871e+06	5.03113e-35
5.67881e+06	1.41969e-35
5.67891e+06	3.96623e-36
5.67901e+06	1.09703e-36
5.67911e+06	3.00413e-37
5.67921e+06	8.14468e-38
5.67931e+06	2.18618e-38
5.67941e+06	5.80974e-39
5.67951e+06	1.52856e-39
5.67961e+06	3.98169e-40
5.67971e+06	1.02685e-40
5.67981e+06	2.62184e-41
5.67991e+06	6.62768e-42
5.68001e+06	1.65872e-42
5.68011e+06	4.11001e-43
5.68021e+06	1.00825e-43
5.68031e+06	2.4488e-44
5.68041e+06	5.88835e-45
5.68051e+06	1.40182e-45
5.68061e+06	3.30404e-46
5.68071e+06	7.71004e-47
5.68081e+06	1.78125e-47
5.68091e+06	4.07428e-48
5.68101e+06	9.22644e-49
5.68111e+06	2.06859e-49
5.68121e+06	4.59167e-50
5.68131e+06	1.00908e-50
5.68141e+06	2.19551e-51
5.68151e+06	4.72937e-52
5.68161e+06	1.00862e-52
5.68171e+06	2.12966e-53
5.68181e+06	4.45195e-54
5.68191e+06	9.21396e-55
5.68201e+06	1.88799e-55
5.68211e+06	3.8301e-56
5.68221e+06	7.69267e-57
5.68231e+06	1.52968e-57
5.68241e+06	3.0115e-58
5.68251e+06	5.86978e-59
5.68261e+06	1.13271e-59
5.68271e+06	2.16406e-60
5.68281e+06	4.09336e-61
5.68291e+06	7.66561e-62
5.68301e+06	1.42125e-62
5.68311e+06	2.60886e-63
5.68321e+06	4.74121e-64
5.68331e+06	8.53069e-65
5.68341e+06	1.51962e-65
5.68351e+06	2.68007e-66
5.68361e+06	4.67963e-67
5.68371e+06	8.08975e-68
5.68381e+06	1.38457e-68
5.68391e+06	2.34613e-69
5.68401e+06	3.93593e-70
5.68411e+06	6.5373e-71
5.68421e+06	1.075e-71
5.68431e+06	1.75014e-72
5.68441e+06	2.82095e-73
5.68451e+06	4.50168e-74
5.68461e+06	7.11232e-75
5.68471e+06	1.11251e-75
5.68481e+06	1.72288e-76
5.68491e+06	2.64158e-77
5.68501e+06	4.00986e-78
5.68511e+06	6.0263e-79
5.68521e+06	8.96665e-80
5.68531e+06	1.32089e-80
5.68541e+06	1.92646e-81
5.68551e+06	2.78169e-82
5.68561e+06	3.97664e-83
5.68571e+06	5.62835e-84
5.68581e+06	7.88683e-85
5.68591e+06	1.09416e-85
5.68601e+06	1.50285e-86
5.68611e+06	2.04366e-87
5.68621e+06	2.75143e-88
5.68631e+06	3.66746e-89
5.68641e+06	4.83982e-90
5.68651e+06	6.32339e-91
5.68661e+06	8.17952e-92
5.68671e+06	1.04752e-92
5.68681e+06	1.32817e-93
5.68691e+06	1.66726e-94
5.68701e+06	2.07209e-95
5.68711e+06	2.5496e-96
5.68721e+06	3.10594e-97
5.68731e+06	3.74602e-98
5.68741e+06	4.47306e-99
5.68751e+06	5.28805e-100
5.68761e+06	6.18934e-101
5.68771e+06	7.17215e-102
5.68781e+06	8.22833e-103
5.68791e+06	9.34612e-104
5.68801e+06	1.05101e-104
5.68811e+06	1.17015e-105
5.68821e+06	1.28983e-106
5.68831e+06	1.4076e-107
5.68841e+06	1.52085e-108
5.68851e+06	1.62685e-109
5.68861e+06	1.72292e-110
5.68871e+06	1.80652e-111
5.68881e+06	1.87532e-112
5.68891e+06	1.92737e-113
5.68901e+06	1.96116e-114
5.68911e+06	1.97568e-115
5.68921e+06	1.97051e-116
5.68931e+06	1.94579e-117
5.68941e+06	1.90227e-118
5.68951e+06	1.84121e-119
5.68961e+06	1.76438e-120
5.68971e+06	1.67394e-121
5.68981e+06	1.57233e-122
5.68991e+06	1.46219e-123
5.69001e+06	1.34624e-124
5.69011e+06	1.22715e-125
5.69021e+06	1.10746e-126
5.69031e+06	9.89503e-128
5.69041e+06	8.75313e-129
5.69051e+06	7.66595e-130
5.69061e+06	6.64701e-131
5.69071e+06	5.70615e-132
5.69081e+06	4.84973e-133
5.69091e+06	4.08083e-134
5.69101e+06	3.39967e-135
5.69111e+06	2.80403e-136
5.69121e+06	2.28973e-137
5.69131e+06	1.85116e-138
5.69141e+06	1.4817e-139
5.69151e+06	1.17418e-140
5.69161e+06	9.21223e-142
5.69171e+06	7.1557e-143
5.69181e+06	5.50297e-144
5.69191e+06	4.18985e-145
5.69201e+06	3.15833e-146
5.69211e+06	2.35708e-147
5.69221e+06	1.74159e-148
5.69231e+06	1.27402e-149
5.69241e+06	9.22706e-151
5.69251e+06	6.61618e-152
5.69261e+06	4.69687e-153
5.69271e+06	3.30116e-154
5.69281e+06	2.29711e-155
5.69291e+06	1.58254e-156
5.69301e+06	1.0794e-157
5.69311e+06	7.28904e-159
5.69321e+06	4.87319e-160
5.69331e+06	3.22563e-161
5.69341e+06	2.11384e-162
5.69351e+06	1.37147e-163
5.69361e+06	8.80964e-165
5.69371e+06	5.60256e-166
5.69381e+06	3.52755e-167
5.69391e+06	2.19895e-168
5.69401e+06	1.35711e-169
5.69411e+06	8.29225e-171
5.69421e+06	5.01633e-172
5.69431e+06	3.0044e-173
5.69441e+06	1.7815e-174
5.69451e+06	1.04585e-175
5.69461e+06	6.07873e-177
5.69471e+06	3.49794e-178
5.69481e+06	1.99282e-179
5.69491e+06	1.12404e-180
5.69501e+06	6.27701e-182
5.69511e+06	3.47041e-183
5.69521e+06	1.89961e-184
5.69531e+06	1.02945e-185
5.69541e+06	5.52338e-187
5.69551e+06	2.934e-188
5.69561e+06	1.54303e-189
5.69571e+06	8.03422e-191
5.69581e+06	4.14162e-192
5.69591e+06	2.11375e-193
5.69601e+06	1.06806e-194
5.69611e+06	5.3431e-196
5.69621e+06	2.64636e-197
5.69631e+06	1.29766e-198
5.69641e+06	6.29985e-200
5.69651e+06	3.028e-201
5.69661e+06	1.44092e-202
5.69671e+06	6.7886e-204
5.69681e+06	3.16649e-205
5.69691e+06	1.46229e-206
5.69701e+06	6.68565e-208
5.69711e+06	3.0263e-209
5.69721e+06	1.35624e-210
5.69731e+06	6.01756e-212
5.69741e+06	2.64339e-213
5.69751e+06	1.14963e-214
5.69761e+06	4.95007e-216
5.69771e+06	2.11019e-217
5.69781e+06	8.90615e-219
5.69791e+06	3.72148e-220
5.69801e+06	1.53956e-221
5.69811e+06	6.30575e-223
5.69821e+06	2.55701e-224
5.69831e+06	1.02656e-225
5.69841e+06	4.08034e-227
5.69851e+06	1.6057e-228
5.69861e+06	6.25588e-230
5.69871e+06	2.41307e-231
5.69881e+06	9.21528e-233
5.69891e+06	3.48421e-234
5.69901e+06	1.30424e-235
5.69911e+06	4.83355e-237
5.69921e+06	1.77351e-238
5.69931e+06	6.44254e-240
5.69941e+06	2.31706e-241
5.69951e+06	8.25042e-243
5.69961e+06	2.90851e-244
5.69971e+06	1.01513e-245
5.69981e+06	3.50778e-247
5.69991e+06	1.20005e-248
5.70001e+06	4.06463e-250
5.70011e+06	1.36302e-251
5.70021e+06	4.52521e-253
5.70031e+06	1.48742e-254
5.70041e+06	4.84044e-256
5.70051e+06	1.55953e-257
5.70061e+06	4.97461e-259
5.70071e+06	1.57102e-260
5.70081e+06	4.91203e-262
5.70091e+06	1.52054e-263
5.70101e+06	4.66006e-265
5.70111e+06	1.41398e-266
5.70121e+06	4.24767e-268
5.70131e+06	1.26333e-269
5.70141e+06	3.71995e-271
5.70151e+06	1.08447e-272
5.70161e+06	3.13006e-274
5.70171e+06	8.94429e-276
5.70181e+06	2.53044e-277
5.70191e+06	7.08767e-279
5.70201e+06	1.96548e-280
5.70211e+06	5.39621e-282
5.70221e+06	1.46679e-283
5.70231e+06	3.94733e-285
5.70241e+06	1.05171e-286
5.70251e+06	2.77425e-288
5.70261e+06	7.24522e-290
5.70271e+06	1.87334e-291
5.70281e+06	4.79553e-293
5.70291e+06	1.21539e-294
5.70301e+06	3.04964e-296
5.70311e+06	7.57602e-298
5.70321e+06	1.86333e-299
5.70331e+06	4.53728e-301
5.70341e+06	1.09385e-302
5.70351e+06	2.61083e-304
5.70361e+06	6.16959e-306
5.70371e+06	1.44341e-307
5.70381e+06	3.34335e-309
5.70391e+06	7.66709e-311
5.70401e+06	1.74075e-312
5.70411e+06	3.9129e-314
5.70421e+06	8.70799e-316
5.70431e+06	1.91864e-317
5.70441e+06	4.18533e-319
5.70451e+06	9.0414e-321
5.70461e+06	1.87745e-322
5.70471e+06	9.88131e-324
5.70481e+06	0
5.70491e+06	0
5.70501e+06	0
5.70511e+06	0
5.70521e+06	0
5.70531e+06	0
5.70541e+06	0
5.70551e+06	0
5.70561e+06	0
5.70571e+06	0
5.70581e+06	0
5.70591e+06	0
5.70601e+06	0
5.70611e+06	0
5.70621e+06	0
5.70631e+06	0
5.70641e+06	0
5.70651e+06	0
5.70661e+06	0
5.70671e+06	0
5.70681e+06	0
5.70691e+06	0
5.70701e+06	0
5.70711e+06	0
5.70721e+06	0
5.70731e+06	0
5.70741e+06	0
5.70751e+06	0
5.70761e+06	0
5.70771e+06	0
5.70781e+06	0
5.70791e+06	0
5.70801e+06	0
5.70811e+06	0
5.70821e+06	0
5.70831e+06	0
5.70841e+06	0
5.70851e+06	0
5.70861e+06	0
5.70871e+06	0
5.70881e+06	0
5.70891e+06	0
5.70901e+06	0
5.70911e+06	0
5.70921e+06	0
5.70931e+06	0
5.70941e+06	0
5.70951e+06	0
5.70961e+06	0
5.70971e+06	0
5.70981e+06	0
5.70991e+06	0
5.71001e+06	0
5.71011e+06	0
5.71021e+06	0
5.71031e+06	0
5.71041e+06	0
5.71051e+06	0
5.71061e+06	0
5.71071e+06	0
5.71081e+06	0
5.71091e+06	0
5.71101e+06	0
5.71111e+06	0
5.71121e+06	0
5.71131e+06	0
5.71141e+06	0
5.71151e+06	0
5.71161e+06	0
5.71171e+06	0
5.71181e+06	0
5.71191e+06	0
5.71201e+06	0
5.71211e+06	0
5.71221e+06	0
5.71231e+06	0
5.71241e+06	0
5.71251e+06	0
5.71261e+06	0
5.71271e+06	0
5.71281e+06	0
5.71291e+06	0
5.71301e+06	0
5.71311e+06	0
5.71321e+06	0
5.71331e+06	0
5.71341e+06	0
5.71351e+06	0
5.71361e+06	0
5.71371e+06	0
5.71381e+06	0
5.71391e+06	0
5.71401e+06	0
5.71411e+06	0
5.71421e+06	0
5.71431e+06	0
5.71441e+06	0
5.71451e+06	0
5.71461e+06	0
5.71471e+06	0
5.71481e+06	0
5.71491e+06	0
5.71501e+06	0
5.71511e+06	0
5.71521e+06	0
5.71531e+06	0
5.71541e+06	0
5.71551e+06	0
5.71561e+06	0
5.71571e+06	0
5.71581e+06	0
5.71591e+06	0
5.71601e+06	0
5.71611e+06	0
5.71621e+06	0
5.71631e+06	0
5.71641e+06	0
5.71651e+06	0
5.71661e+06	0
5.71671e+06	0
5.71681e+06	0
5.71691e+06	0
5.71701e+06	0
5.71711e+06	0
5.71721e+06	0
5.71731e+06	0
5.71741e+06	0
5.71751e+06	0
5.71761e+06	0
5.71771e+06	0
5.71781e+06	0
5.71791e+06	0
5.71801e+06	0
5.71811e+06	0
5.71821e+06	0
5.71831e+06	0
5.71841e+06	0
5.71851e+06	0
5.71861e+06	0
5.71871e+06	0
5.71881e+06	0
5.71891e+06	0
5.71901e+06	0
5.71911e+06	0
5.71921e+06	0
5.71931e+06	0
5.71941e+06	0
5.71951e+06	0
5.71961e+06	0
5.71971e+06	0
5.71981e+06	0
5.71991e+06	0
5.72001e+06	0
5.72011e+06	0
5.72021e+06	0
5.72031e+06	0
5.72041e+06	0
5.72051e+06	0
5.72061e+06	0
5.72071e+06	0
5.72081e+06	0
5.72091e+06	0
5.72101e+06	0
5.72111e+06	0
5.72121e+06	0
5.72131e+06	0
5.72141e+06	0
5.72151e+06	0
5.72161e+06	0
5.72171e+06	0
5.72181e+06	0
5.72191e+06	0
5.72201e+06	0
5.72211e+06	0
5.72221e+06	0
5.72231e+06	0
5.72241e+06	0
5.72251e+06	0
5.72261e+06	0
5.72271e+06	0
5.72281e+06	0
5.72291e+06	0
5.72301e+06	0
5.72311e+06	0
5.72321e+06	0
5.72331e+06	0
5.72341e+06	0
5.72351e+06	0
5.72361e+06	0
5.72371e+06	0
5.72381e+06	0
5.72391e+06	0
5.72401e+06	0
5.72411e+06	0
5.72421e+06	0
5.72431e+06	0
5.72441e+06	0
5.72451e+06	0
5.72461e+06	0
5.72471e+06	0
5.72481e+06	0
5.72491e+06	0
5.72501e+06	0
5.72511e+06	0
5.72521e+06	0
5.72531e+06	0
5.72541e+06	0
5.72551e+06	0
5.72561e+06	0
5.72571e+06	0
5.72581e+06	0
5.72591e+06	0
5.72601e+06	0
5.72611e+06	0
5.72621e+06	0
5.72631e+06	0
5.72641e+06	0
5.72651e+06	0
5.72661e+06	0
5.72671e+06	0
5.72681e+06	0
5.72691e+06	0
5.72701e+06	0
5.72711e+06	0
5.72721e+06	0
5.72731e+06	0
5.72741e+06	0
5.72751e+06	0
5.72761e+06	0
5.72771e+06	0
5.72781e+06	0
5.72791e+06	0
5.72801e+06	0
5.72811e+06	0
5.72821e+06	0
5.72831e+06	0
5.72841e+06	0
5.72851e+06	0
5.72861e+06	0
5.72871e+06	0
5.72881e+06	0
5.72891e+06	0
5.72901e+06	0
5.72911e+06	0
5.72921e+06	0
5.72931e+06	0
5.72941e+06	0
5.72951e+06	0
5.72961e+06	0
5.72971e+06	0
5.72981e+06	0
5.72991e+06	0
5.73001e+06	0
5.73011e+06	0
5.73021e+06	0
5.73031e+06	0
5.73041e+06	0
5.73051e+06	0
5.73061e+06	0
5.73071e+06	0
5.73081e+06	0
5.73091e+06	0
5.73101e+06	0
5.73111e+06	0
5.73121e+06	0
5.73131e+06	0
5.73141e+06	0
5.73151e+06	0
5.73161e+06	0
5.73171e+06	0
5.73181e+06	0
5.73191e+06	0
5.73201e+06	0
5.73211e+06	0
5.73221e+06	0
5.73231e+06	0
5.73241e+06	0
5.73251e+06	0
5.73261e+06	0
5.73271e+06	0
5.73281e+06	0
5.73291e+06	0
5.73301e+06	0
5.73311e+06	0
5.73321e+06	0
5.73331e+06	0
5.73341e+06	0
5.73351e+06	0
5.73361e+06	0
5.73371e+06	0
5.73381e+06	0
5.73391e+06	0
5.73401e+06	0
5.73411e+06	0
5.73421e+06	0
5.73431e+06	0
5.73441e+06	0
5.73451e+06	0
5.73461e+06	0
5.73471e+06	0
5.73481e+06	0
5.73491e+06	0
5.73501e+06	0
5.73511e+06	0
5.73521e+06	0
5.73531e+06	0
5.73541e+06	0
5.73551e+06	0
5.73561e+06	0
5.73571e+06	0
5.73581e+06	0
5.73591e+06	0
5.73601e+06	0
5.73611e+06	0
5.73621e+06	0
5.73631e+06	0
5.73641e+06	0
5.73651e+06	0
5.73661e+06	0
5.73671e+06	0
5.73681e+06	0
5.73691e+06	0
5.73701e+06	0
5.73711e+06	0
5.73721e+06	0
5.73731e+06	0
5.73741e+06	0
5.73751e+06	0
5.73761e+06	0
5.73771e+06	0
5.73781e+06	0
5.73791e+06	0
5.73801e+06	0
5.73811e+06	0
5.73821e+06	0
5.73831e+06	0
5.73841e+06	0
5.73851e+06	0
5.73861e+06	0
5.73871e+06	0
5.73881e+06	0
5.73891e+06	0
5.73901e+06	0
5.73911e+06	0
5.73921e+06	0
5.73931e+06	0
5.73941e+06	0
5.73951e+06	0
5.73961e+06	0
5.73971e+06	0
5.73981e+06	0
5.73991e+06	0
5.74001e+06	0
5.74011e+06	0
5.74021e+06	0
5.74031e+06	0
5.74041e+06	0
5.74051e+06	0
5.74061e+06	0
5.74071e+06	0
5.74081e+06	0
5.74091e+06	0
5.74101e+06	0
5.74111e+06	0
5.74121e+06	0
5.74131e+06	0
5.74141e+06	0
5.74151e+06	0
5.74161e+06	0
5.74171e+06	0
5.74181e+06	0
5.74191e+06	0
5.74201e+06	0
5.74211e+06	0
5.74221e+06	0
5.74231e+06	0
5.74241e+06	0
5.74251e+06	0
5.74261e+06	0
5.74271e+06	0
5.74281e+06	0
5.74291e+06	0
5.74301e+06	0
5.74311e+06	0
5.74321e+06	0
5.74331e+06	0
5.74341e+06	0
5.74351e+06	0
5.74361e+06	0
5.74371e+06	0
5.74381e+06	0
5.74391e+06	0
5.74401e+06	0
5.74411e+06	0
5.74421e+06	0
5.74431e+06	0
5.74441e+06	0
5.74451e+06	0
5.74461e+06	0
5.74471e+06	0
5.74481e+06	0
5.74491e+06	0
5.74501e+06	0
5.74511e+06	0
5.74521e+06	0
5.74531e+06	0
5.74541e+06	0
5.74551e+06	0
5.74561e+06	0
5.74571e+06	0
5.74581e+06	0
5.74591e+06	0
5.74601e+06	0
5.74611e+06	0
5.74621e+06	0
5.74631e+06	0
5.74641e+06	0
5.74651e+06	0
5.74661e+06	0
5.74671e+06	0
5.74681e+06	0
5.74691e+06	0
5.74701e+06	0
5.74711e+06	0
5.74721e+06	0
5.74731e+06	0
5.74741e+06	0
5.74751e+06	0
5.74761e+06	0
5.74771e+06	0
5.74781e+06	0
5.74791e+06	0
5.74801e+06	0
5.74811e+06	0
5.74821e+06	0
5.74831e+06	0
5.74841e+06	0
5.74851e+06	0
5.74861e+06	0
5.74871e+06	0
5.74881e+06	0
5.74891e+06	0
5.74901e+06	0
5.74911e+06	0
5.74921e+06	0
5.74931e+06	0
5.74941e+06	0
5.74951e+06	0
5.74961e+06	0
5.74971e+06	0
5.74981e+06	0
5.74991e+06	0
5.75001e+06	0
5.75011e+06	0
5.75021e+06	0
5.75031e+06	0
5.75041e+06	0
5.75051e+06	0
5.75061e+06	0
5.75071e+06	0
5.75081e+06	0
5.75091e+06	0
5.75101e+06	0
5.75111e+06	0
5.75121e+06	0
5.75131e+06	0
5.75141e+06	0
5.75151e+06	0
5.75161e+06	0
5.75171e+06	0
5.75181e+06	0
5.75191e+06	0
5.75201e+06	0
5.75211e+06	0
5.75221e+06	0
5.75231e+06	0
5.75241e+06	0
5.75251e+06	0
5.75261e+06	0
5.75271e+06	0
5.75281e+06	0
5.75291e+06	0
5.75301e+06	0
5.75311e+06	0
5.75321e+06	0
5.75331e+06	0
5.75341e+06	0
5.75351e+06	0
5.75361e+06	0
5.75371e+06	0
5.75381e+06	0
5.75391e+06	0
5.75401e+06	0
5.75411e+06	0
5.75421e+06	0
5.75431e+06	0
5.75441e+06	0
5.75451e+06	0
5.75461e+06	0
5.75471e+06	0
5.75481e+06	0
5.75491e+06	0
5.75501e+06	0
5.75511e+06	0
5.75521e+06	0
5.75531e+06	0
5.75541e+06	0
5.75551e+06	0
5.75561e+06	0
5.75571e+06	0
5.75581e+06	0
5.75591e+06	0
5.75601e+06	0
5.75611e+06	0
5.75621e+06	0
5.75631e+06	0
5.75641e+06	0
5.75651e+06	0
5.75661e+06	0
5.75671e+06	0
5.75681e+06	0
5.75691e+06	0
5.75701e+06	0
5.75711e+06	0
5.75721e+06	0
5.75731e+06	0
5.75741e+06	0
5.75751e+06	0
5.75761e+06	0
5.75771e+06	0
5.75781e+06	0
5.75791e+06	0
5.75801e+06	0
5.75811e+06	0
5.75821e+06	0
5.75831e+06	0
5.75841e+06	0
5.75851e+06	0
5.75861e+06	0
5.75871e+06	0
5.75881e+06	0
5.75891e+06	0
5.75901e+06	0
5.75911e+06	0
5.75921e+06	0
5.75931e+06	0
5.75941e+06	0
5.75951e+06	0
5.75961e+06	0
5.75971e+06	0
5.75981e+06	0
5.75991e+06	0
5.76001e+06	0
5.76011e+06	0
5.76021e+06	0
5.76031e+06	0
5.76041e+06	0
5.76051e+06	0
5.76061e+06	0
5.76071e+06	0
5.76081e+06	0
5.76091e+06	0
5.76101e+06	0
5.76111e+06	0
5.76121e+06	0
5.76131e+06	0
5.76141e+06	0
5.76151e+06	0
5.76161e+06	0
5.76171e+06	0
5.76181e+06	0
5.76191e+06	0
5.76201e+06	0
5.76211e+06	0
5.76221e+06	0
5.76231e+06	0
5.76241e+06	0
5.76251e+06	0
5.76261e+06	0
5.76271e+06	0
5.76281e+06	0
5.76291e+06	0
5.76301e+06	0
5.76311e+06	0
5.76321e+06	0
5.76331e+06	0
5.76341e+06	0
5.76351e+06	0
5.76361e+06	0
5.76371e+06	0
5.76381e+06	0
5.76391e+06	0
5.76401e+06	0
5.76411e+06	0
5.76421e+06	0
5.76431e+06	0
5.76441e+06	0
5.76451e+06	0
5.76461e+06	0
5.76471e+06	0
5.76481e+06	0
5.76491e+06	0
5.76501e+06	0
5.76511e+06	0
5.76521e+06	0
5.76531e+06	0
5.76541e+06	0
5.76551e+06	0
5.76561e+06	0
5.76571e+06	0
5.76581e+06	0
5.76591e+06	0
5.76601e+06	0
5.76611e+06	0
5.76621e+06	0
5.76631e+06	0
5.76641e+06	0
5.76651e+06	0
5.76661e+06	0
5.76671e+06	0
5.76681e+06	0
5.76691e+06	0
5.76701e+06	0
5.76711e+06	0
5.76721e+06	0
5.76731e+06	0
5.76741e+06	0
5.76751e+06	0
5.76761e+06	0
5.76771e+06	0
5.76781e+06	0
5.76791e+06	0
5.76801e+06	0
5.76811e+06	0
5.76821e+06	0
5.76831e+06	0
5.76841e+06	0
5.76851e+06	0
5.76861e+06	0
5.76871e+06	0
5.76881e+06	0
5.76891e+06	0
5.76901e+06	0
5.76911e+06	0
5.76921e+06	0
5.76931e+06	0
5.76941e+06	0
5.76951e+06	0
5.76961e+06	0
5.76971e+06	0
5.76981e+06	0
5.76991e+06	0
5.77001e+06	0
5.77011e+06	0
5.77021e+06	0
5.77031e+06	0
5.77041e+06	0
5.77051e+06	0
5.77061e+06	0
5.77071e+06	0
5.77081e+06	0
5.77091e+06	0
5.77101e+06	0
5.77111e+06	0
5.77121e+06	0
5.77131e+06	0
5.77141e+06	0
5.77151e+06	0
5.77161e+06	0
5.77171e+06	0
5.77181e+06	0
5.77191e+06	0
5.77201e+06	0
5.77211e+06	0
5.77221e+06	0
5.77231e+06	0
5.77241e+06	0
5.77251e+06	0
5.77261e+06	0
5.77271e+06	0
5.77281e+06	0
5.77291e+06	0
5.77301e+06	0
5.77311e+06	0
5.77321e+06	0
5.77331e+06	0
5.77341e+06	0
5.77351e+06	0
5.77361e+06	0
5.77371e+06	0
5.77381e+06	0
5.77391e+06	0
5.77401e+06	0
5.77411e+06	0
5.77421e+06	0
5.77431e+06	0
5.77441e+06	0
5.77451e+06	0
5.77461e+06	0
5.77471e+06	0
5.77481e+06	0
5.77491e+06	0
5.77501e+06	0
5.77511e+06	0
5.77521e+06	0
5.77531e+06	0
5.77541e+06	0
5.77551e+06	0
5.77561e+06	0
5.77571e+06	0
5.77581e+06	0
5.77591e+06	0
5.77601e+06	0
5.77611e+06	0
5.77621e+06	0
5.77631e+06	0
5.77641e+06	0
5.77651e+06	0
5.77661e+06	0
5.77671e+06	0
5.77681e+06	0
5.77691e+06	0
5.77701e+06	0
5.77711e+06	0
5.77721e+06	0
5.77731e+06	0
5.77741e+06	0
5.77751e+06	0
5.77761e+06	0
5.77771e+06	0
5.77781e+06	0
5.77791e+06	0
5.77801e+06	0
5.77811e+06	0
5.77821e+06	0
5.77831e+06	0
5.77841e+06	0
5.77851e+06	0
5.77861e+06	0
5.77871e+06	0
5.77881e+06	0
5.77891e+06	0
5.77901e+06	0
5.77911e+06	0
5.77921e+06	0
5.77931e+06	0
5.77941e+06	0
5.77951e+06	0
5.77961e+06	0
5.77971e+06	0
5.77981e+06	0
5.77991e+06	0
5.78001e+06	0
5.78011e+06	0
5.78021e+06	0
5.78031e+06	0
5.78041e+06	0
5.78051e+06	0
5.78061e+06	0
5.78071e+06	0
5.78081e+06	0
5.78091e+06	0
5.78101e+06	0
5.78111e+06	0
5.78121e+06	0
5.78131e+06	0
5.78141e+06	0
5.78151e+06	0
5.78161e+06	0
5.78171e+06	0
5.78181e+06	0
5.78191e+06	0
5.78201e+06	0
5.78211e+06	0
5.78221e+06	0
5.78231e+06	0
5.78241e+06	0
5.78251e+06	0
5.78261e+06	0
5.78271e+06	0
5.78281e+06	0
5.78291e+06	0
5.78301e+06	0
5.78311e+06	0
5.78321e+06	0
5.78331e+06	0
5.78341e+06	0
5.78351e+06	0
5.78361e+06	0
5.78371e+06	0
5.78381e+06	0
5.78391e+06	0
5.78401e+06	0
5.78411e+06	0
5.78421e+06	0
5.78431e+06	0
5.78441e+06	0
5.78451e+06	0
5.78461e+06	0
5.78471e+06	0
5.78481e+06	0
5.78491e+06	0
5.78501e+06	0
5.78511e+06	0
5.78521e+06	0
5.78531e+06	0
5.78541e+06	0
5.78551e+06	0
5.78561e+06	0
5.78571e+06	0
5.78581e+06	0
5.78591e+06	0
5.78601e+06	0
5.78611e+06	0
5.78621e+06	0
5.78631e+06	0
5.78641e+06	0
5.78651e+06	0
5.78661e+06	0
5.78671e+06	0
5.78681e+06	0
5.78691e+06	0
5.78701e+06	0
5.78711e+06	0
5.78721e+06	0
5.78731e+06	0
5.78741e+06	0
5.78751e+06	0
5.78761e+06	0
5.78771e+06	0
5.78781e+06	0
5.78791e+06	0
5.78801e+06	0
5.78811e+06	0
5.78821e+06	0
5.78831e+06	0
5.78841e+06	0
5.78851e+06	0
5.78861e+06	0
5.78871e+06	0
5.78881e+06	0
5.78891e+06	0
5.78901e+06	0
5.78911e+06	0
5.78921e+06	0
5.78931e+06	0
5.78941e+06	0
5.78951e+06	0
5.78961e+06	0
5.78971e+06	0
5.78981e+06	0
5.78991e+06	0
5.79001e+06	0
5.79011e+06	0
5.79021e+06	0
5.79031e+06	0
5.79041e+06	0
5.79051e+06	0
5.79061e+06	0
5.79071e+06	0
5.79081e+06	0
5.79091e+06	0
5.79101e+06	0
5.79111e+06	0
5.79121e+06	0
5.79131e+06	0
5.79141e+06	0
5.79151e+06	0
5.79161e+06	0
5.79171e+06	0
5.79181e+06	0
5.79191e+06	0
5.79201e+06	0
5.79211e+06	0
5.79221e+06	0
5.79231e+06	0
5.79241e+06	0
5.79251e+06	0
5.79261e+06	0
5.79271e+06	0
5.79281e+06	0
5.79291e+06	0
5.79301e+06	0
5.79311e+06	0
5.79321e+06	0
5.79331e+06	0
5.79341e+06	0
5.79351e+06	0
5.79361e+06	0
5.79371e+06	0
5.79381e+06	0
5.79391e+06	0
5.79401e+06	0
5.79411e+06	0
5.79421e+06	0
5.79431e+06	0
5.79441e+06	0
5.79451e+06	0
5.79461e+06	0
5.79471e+06	0
5.79481e+06	0
5.79491e+06	0
5.79501e+06	0
5.79511e+06	0
5.79521e+06	0
5.79531e+06	0
5.79541e+06	0
5.79551e+06	0
5.79561e+06	0
5.79571e+06	0
5.79581e+06	0
5.79591e+06	0
5.79601e+06	0
5.79611e+06	0
5.79621e+06	0
5.79631e+06	0
5.79641e+06	0
5.79651e+06	0
5.79661e+06	0
5.79671e+06	0
5.79681e+06	0
5.79691e+06	0
5.79701e+06	0
5.79711e+06	0
5.79721e+06	0
5.79731e+06	0
5.79741e+06	0
5.79751e+06	0
5.79761e+06	0
5.79771e+06	0
5.79781e+06	0
5.79791e+06	0
5.79801e+06	0
5.79811e+06	0
5.79821e+06	0
5.79831e+06	0
5.79841e+06	0
5.79851e+06	0
5.79861e+06	0
5.79871e+06	0
5.79881e+06	0
5.79891e+06	0
5.79901e+06	0
5.79911e+06	0
5.79921e+06	0
5.79931e+06	0
5.79941e+06	0
5.79951e+06	0
5.79961e+06	0
5.79971e+06	0
5.79981e+06	0
5.79991e+06	0
5.80001e+06	0
5.80011e+06	0
5.80021e+06	0
5.80031e+06	0
5.80041e+06	0
5.80051e+06	0
5.80061e+06	0
5.80071e+06	0
5.80081e+06	0
5.80091e+06	0
5.80101e+06	0
5.80111e+06	0
5.80121e+06	0
5.80131e+06	0
5.80141e+06	0
5.80151e+06	0
5.80161e+06	0
5.80171e+06	0
5.80181e+06	0
5.80191e+06	0
5.80201e+06	0
5.80211e+06	0
5.80221e+06	0
5.80231e+06	0
5.80241e+06	0
5.80251e+06	0
5.80261e+06	0
5.80271e+06	0
5.80281e+06	0
5.80291e+06	0
5.80301e+06	0
5.80311e+06	0
5.80321e+06	0
5.80331e+06	0
5.80341e+06	0
5.80351e+06	0
5.80361e+06	0
5.80371e+06	0
5.80381e+06	0
5.80391e+06	0
5.80401e+06	0
5.80411e+06	0
5.80421e+06	0
5.80431e+06	0
5.80441e+06	0
5.80451e+06	0
5.80461e+06	0
5.80471e+06	0
5.80481e+06	0
5.80491e+06	0
5.80501e+06	0
5.80511e+06	0
5.80521e+06	0
5.80531e+06	0
5.80541e+06	0
5.80551e+06	0
5.80561e+06	0
5.80571e+06	0
5.80581e+06	0
5.80591e+06	0
5.80601e+06	0
5.80611e+06	0
5.80621e+06	0
5.80631e+06	0
5.80641e+06	0
5.80651e+06	0
5.80661e+06	0
5.80671e+06	0
5.80681e+06	0
5.80691e+06	0
5.80701e+06	0
5.80711e+06	0
5.80721e+06	0
5.80731e+06	0
5.80741e+06	0
5.80751e+06	0
5.80761e+06	0
5.80771e+06	0
5.80781e+06	0
5.80791e+06	0
5.80801e+06	0
5.80811e+06	0
5.80821e+06	0
5.80831e+06	0
5.80841e+06	0
5.80851e+06	0
5.80861e+06	0
5.80871e+06	0
5.80881e+06	0
5.80891e+06	0
5.80901e+06	0
5.80911e+06	0
5.80921e+06	0
5.80931e+06	0
5.80941e+06	0
5.80951e+06	0
5.80961e+06	0
5.80971e+06	0
5.80981e+06	0
5.80991e+06	0
5.81001e+06	0
5.81011e+06	0
5.81021e+06	0
5.81031e+06	0
5.81041e+06	0
5.81051e+06	0
5.81061e+06	0
5.81071e+06	0
5.81081e+06	0
5.81091e+06	0
5.81101e+06	0
5.81111e+06	0
5.81121e+06	0
5.81131e+06	0
5.81141e+06	0
5.81151e+06	0
5.81161e+06	0
5.81171e+06	0
5.81181e+06	0
5.81191e+06	0
5.81201e+06	0
5.81211e+06	0
5.81221e+06	0
5.81231e+06	0
5.81241e+06	0
5.81251e+06	0
5.81261e+06	0
5.81271e+06	0
5.81281e+06	0
5.81291e+06	0
5.81301e+06	0
5.81311e+06	0
5.81321e+06	0
5.81331e+06	0
5.81341e+06	0
5.81351e+06	0
5.81361e+06	0
5.81371e+06	0
5.81381e+06	0
5.81391e+06	0
5.81401e+06	0
5.81411e+06	0
5.81421e+06	0
5.81431e+06	0
5.81441e+06	0
5.81451e+06	0
5.81461e+06	0
5.81471e+06	0
5.81481e+06	0
5.81491e+06	0
5.81501e+06	0
5.81511e+06	0
5.81521e+06	0
5.81531e+06	0
5.81541e+06	0
5.81551e+06	0
5.81561e+06	0
5.81571e+06	0
5.81581e+06	0
5.81591e+06	0
5.81601e+06	0
5.81611e+06	0
5.81621e+06	0
5.81631e+06	0
5.81641e+06	0
5.81651e+06	0
5.81661e+06	0
5.81671e+06	0
5.81681e+06	0
5.81691e+06	0
5.81701e+06	0
5.81711e+06	0
5.81721e+06	0
5.81731e+06	0
5.81741e+06	0
5.81751e+06	0
5.81761e+06	0
5.81771e+06	0
5.81781e+06	0
5.81791e+06	0
5.81801e+06	0
5.81811e+06	0
5.81821e+06	0
5.81831e+06	0
5.81841e+06	0
5.81851e+06	0
5.81861e+06	0
5.81871e+06	0
5.81881e+06	0
5.81891e+06	0
5.81901e+06	0
5.81911e+06	0
5.81921e+06	0
5.81931e+06	0
5.81941e+06	0
5.81951e+06	0
5.81961e+06	0
5.81971e+06	0
5.81981e+06	0
5.81991e+06	0
5.82001e+06	0
5.82011e+06	0
5.82021e+06	0
5.82031e+06	0
5.82041e+06	0
5.82051e+06	0
5.82061e+06	0
5.82071e+06	0
5.82081e+06	0
5.82091e+06	0
5.82101e+06	0
5.82111e+06	0
5.82121e+06	0
5.82131e+06	0
5.82141e+06	0
5.82151e+06	0
5.82161e+06	0
5.82171e+06	0
5.82181e+06	0
5.82191e+06	0
5.82201e+06	0
5.82211e+06	0
5.82221e+06	0
5.82231e+06	0
5.82241e+06	0
5.82251e+06	0
5.82261e+06	0
5.82271e+06	0
5.82281e+06	0
5.82291e+06	0
5.82301e+06	0
5.82311e+06	0
5.82321e+06	0
5.82331e+06	0
5.82341e+06	0
5.82351e+06	0
5.82361e+06	0
5.82371e+06	0
5.82381e+06	0
5.82391e+06	0
5.82401e+06	0
5.82411e+06	0
5.82421e+06	0
5.82431e+06	0
5.82441e+06	0
5.82451e+06	0
5.82461e+06	0
5.82471e+06	0
5.82481e+06	0
5.82491e+06	0
5.82501e+06	0
5.82511e+06	0
5.82521e+06	0
5.82531e+06	0
5.82541e+06	0
5.82551e+06	0
5.82561e+06	0
5.82571e+06	0
5.82581e+06	0
5.82591e+06	0
5.82601e+06	0
5.82611e+06	0
5.82621e+06	0
5.82631e+06	0
5.82641e+06	0
5.82651e+06	0
5.82661e+06	0
5.82671e+06	0
5.82681e+06	0
5.82691e+06	0
5.82701e+06	0
5.82711e+06	0
5.82721e+06	0
5.82731e+06	0
5.82741e+06	0
5.82751e+06	0
5.82761e+06	0
5.82771e+06	0
5.82781e+06	0
5.82791e+06	0
5.82801e+06	0
5.82811e+06	0
5.82821e+06	0
5.82831e+06	0
5.82841e+06	0
5.82851e+06	0
5.82861e+06	0
5.82871e+06	0
5.82881e+06	0
5.82891e+06	0
5.82901e+06	0
5.82911e+06	0
5.82921e+06	0
5.82931e+06	0
5.82941e+06	0
5.82951e+06	0
5.82961e+06	0
5.82971e+06	0
5.82981e+06	0
5.82991e+06	0
5.83001e+06	0
5.83011e+06	0
5.83021e+06	0
5.83031e+06	0
5.83041e+06	0
5.83051e+06	0
5.83061e+06	0
5.83071e+06	0
5.83081e+06	0
5.83091e+06	0
5.83101e+06	0
5.83111e+06	0
5.83121e+06	0
5.83131e+06	0
5.83141e+06	0
5.83151e+06	0
5.83161e+06	0
5.83171e+06	0
5.83181e+06	0
5.83191e+06	0
5.83201e+06	0
5.83211e+06	0
5.83221e+06	0
5.83231e+06	0
5.83241e+06	0
5.83251e+06	0
5.83261e+06	0
5.83271e+06	0
5.83281e+06	0
5.83291e+06	0
5.83301e+06	0
5.83311e+06	0
5.83321e+06	0
5.83331e+06	0
5.83341e+06	0
5.83351e+06	0
5.83361e+06	0
5.83371e+06	0
5.83381e+06	0
5.83391e+06	0
5.83401e+06	0
5.83411e+06	0
5.83421e+06	0
5.83431e+06	0
5.83441e+06	0
5.83451e+06	0
5.83461e+06	0
5.83471e+06	0
5.83481e+06	0
5.83491e+06	0
5.83501e+06	0
5.83511e+06	0
5.83521e+06	0
5.83531e+06	0
5.83541e+06	0
5.83551e+06	0
5.83561e+06	0
5.83571e+06	0
5.83581e+06	0
5.83591e+06	0
5.83601e+06	0
5.83611e+06	0
5.83621e+06	0
5.83631e+06	0
5.83641e+06	0
5.83651e+06	0
5.83661e+06	0
5.83671e+06	0
5.83681e+06	0
5.83691e+06	0
5.83701e+06	0
5.83711e+06	0
5.83721e+06	0
5.83731e+06	0
5.83741e+06	0
5.83751e+06	0
5.83761e+06	0
5.83771e+06	0
5.83781e+06	0
5.83791e+06	0
5.83801e+06	0
5.83811e+06	0
5.83821e+06	0
5.83831e+06	0
5.83841e+06	0
5.83851e+06	0
5.83861e+06	0
5.83871e+06	0
5.83881e+06	0
5.83891e+06	0
5.83901e+06	0
5.83911e+06	0
5.83921e+06	0
5.83931e+06	0
5.83941e+06	0
5.83951e+06	0
5.83961e+06	0
5.83971e+06	0
5.83981e+06	0
5.83991e+06	0
5.84001e+06	0
5.84011e+06	0
5.84021e+06	0
5.84031e+06	0
5.84041e+06	0
5.84051e+06	0
5.84061e+06	0
5.84071e+06	0
5.84081e+06	0
5.84091e+06	0
5.84101e+06	0
5.84111e+06	0
5.84121e+06	0
5.84131e+06	0
5.84141e+06	0
5.84151e+06	0
5.84161e+06	0
5.84171e+06	0
5.84181e+06	0
5.84191e+06	0
5.84201e+06	0
5.84211e+06	0
5.84221e+06	0
5.84231e+06	0
5.84241e+06	0
5.84251e+06	0
5.84261e+06	0
5.84271e+06	0
5.84281e+06	0
5.84291e+06	0
5.84301e+06	0
5.84311e+06	0
5.84321e+06	0
5.84331e+06	0
5.84341e+06	0
5.84351e+06	0
5.84361e+06	0
5.84371e+06	0
5.84381e+06	0
5.84391e+06	0
5.84401e+06	0
5.84411e+06	0
5.84421e+06	0
5.84431e+06	0
5.84441e+06	0
5.84451e+06	0
5.84461e+06	0
5.84471e+06	0
5.84481e+06	0
5.84491e+06	0
5.84501e+06	0
5.84511e+06	0
5.84521e+06	0
5.84531e+06	0
5.84541e+06	0
5.84551e+06	0
5.84561e+06	0
5.84571e+06	0
5.84581e+06	0
5.84591e+06	0
5.84601e+06	0
5.84611e+06	0
5.84621e+06	0
5.84631e+06	0
5.84641e+06	0
5.84651e+06	0
5.84661e+06	0
5.84671e+06	0
5.84681e+06	0
5.84691e+06	0
5.84701e+06	0
5.84711e+06	0
5.84721e+06	0
5.84731e+06	0
5.84741e+06	0
5.84751e+06	0
5.84761e+06	0
5.84771e+06	0
5.84781e+06	0
5.84791e+06	0
5.84801e+06	0
5.84811e+06	0
5.84821e+06	0
5.84831e+06	0
5.84841e+06	0
5.84851e+06	0
5.84861e+06	0
5.84871e+06	0
5.84881e+06	0
5.84891e+06	0
5.84901e+06	0
5.84911e+06	0
5.84921e+06	0
5.84931e+06	0
5.84941e+06	0
5.84951e+06	0
5.84961e+06	0
5.84971e+06	0
5.84981e+06	0
5.84991e+06	0
5.85001e+06	0
5.85011e+06	0
5.85021e+06	0
5.85031e+06	0
5.85041e+06	0
5.85051e+06	0
5.85061e+06	0
5.85071e+06	0
5.85081e+06	0
5.85091e+06	0
5.85101e+06	0
5.85111e+06	0
5.85121e+06	0
5.85131e+06	0
5.85141e+06	0
5.85151e+06	0
5.85161e+06	0
5.85171e+06	0
5.85181e+06	0
5.85191e+06	0
5.85201e+06	0
5.85211e+06	0
5.85221e+06	0
5.85231e+06	0
5.85241e+06	0
5.85251e+06	0
5.85261e+06	0
5.85271e+06	0
5.85281e+06	0
5.85291e+06	0
5.85301e+06	0
5.85311e+06	0
5.85321e+06	0
5.85331e+06	0
5.85341e+06	0
5.85351e+06	0
5.85361e+06	0
5.85371e+06	0
5.85381e+06	0
5.85391e+06	0
5.85401e+06	0
5.85411e+06	0
5.85421e+06	0
5.85431e+06	0
5.85441e+06	0
5.85451e+06	0
5.85461e+06	0
5.85471e+06	0
5.85481e+06	0
5.85491e+06	0
5.85501e+06	0
5.85511e+06	0
5.85521e+06	0
5.85531e+06	0
5.85541e+06	0
5.85551e+06	0
5.85561e+06	0
5.85571e+06	0
5.85581e+06	0
5.85591e+06	0
5.85601e+06	0
5.85611e+06	0
5.85621e+06	0
5.85631e+06	0
5.85641e+06	0
5.85651e+06	0
5.85661e+06	0
5.85671e+06	0
5.85681e+06	0
5.85691e+06	0
5.85701e+06	0
5.85711e+06	0
5.85721e+06	0
5.85731e+06	0
5.85741e+06	0
5.85751e+06	0
5.85761e+06	0
5.85771e+06	0
5.85781e+06	0
5.85791e+06	0
5.85801e+06	0
5.85811e+06	0
5.85821e+06	0
5.85831e+06	0
5.85841e+06	0
5.85851e+06	0
5.85861e+06	0
5.85871e+06	0
5.85881e+06	0
5.85891e+06	0
5.85901e+06	0
5.85911e+06	0
5.85921e+06	0
5.85931e+06	0
5.85941e+06	0
5.85951e+06	0
5.85961e+06	0
5.85971e+06	0
5.85981e+06	0
5.85991e+06	0
5.86001e+06	0
5.86011e+06	0
5.86021e+06	0
5.86031e+06	0
5.86041e+06	0
5.86051e+06	0
5.86061e+06	0
5.86071e+06	0
5.86081e+06	0
5.86091e+06	0
5.86101e+06	0
5.86111e+06	0
5.86121e+06	0
5.86131e+06	0
5.86141e+06	0
5.86151e+06	0
5.86161e+06	0
5.86171e+06	0
5.86181e+06	0
5.86191e+06	0
5.86201e+06	0
5.86211e+06	0
5.86221e+06	0
5.86231e+06	0
5.86241e+06	0
5.86251e+06	0
5.86261e+06	0
5.86271e+06	0
5.86281e+06	0
5.86291e+06	0
5.86301e+06	0
5.86311e+06	0
5.86321e+06	0
5.86331e+06	0
5.86341e+06	0
5.86351e+06	0
5.86361e+06	0
5.86371e+06	0
5.86381e+06	0
5.86391e+06	0
5.86401e+06	0
5.86411e+06	0
5.86421e+06	0
5.86431e+06	0
5.86441e+06	0
5.86451e+06	0
5.86461e+06	0
5.86471e+06	0
5.86481e+06	0
5.86491e+06	0
5.86501e+06	0
5.86511e+06	0
5.86521e+06	0
5.86531e+06	0
5.86541e+06	0
5.86551e+06	0
5.86561e+06	0
5.86571e+06	0
5.86581e+06	0
5.86591e+06	0
5.86601e+06	0
5.86611e+06	0
5.86621e+06	0
5.86631e+06	0
5.86641e+06	0
5.86651e+06	0
5.86661e+06	0
5.86671e+06	0
5.86681e+06	0
5.86691e+06	0
5.86701e+06	0
5.86711e+06	0
5.86721e+06	0
5.86731e+06	0
5.86741e+06	0
5.86751e+06	0
5.86761e+06	0
5.86771e+06	0
5.86781e+06	0
5.86791e+06	0
5.86801e+06	0
5.86811e+06	0
5.86821e+06	0
5.86831e+06	0
5.86841e+06	0
5.86851e+06	0
5.86861e+06	0
5.86871e+06	0
5.86881e+06	0
5.86891e+06	0
5.86901e+06	0
5.86911e+06	0
5.86921e+06	0
5.86931e+06	0
5.86941e+06	0
5.86951e+06	0
5.86961e+06	0
5.86971e+06	0
5.86981e+06	0
5.86991e+06	0
5.87001e+06	0
5.87011e+06	0
5.87021e+06	0
5.87031e+06	0
5.87041e+06	0
5.87051e+06	0
5.87061e+06	0
5.87071e+06	0
5.87081e+06	0
5.87091e+06	0
5.87101e+06	0
5.87111e+06	0
5.87121e+06	0
5.87131e+06	0
5.87141e+06	0
5.87151e+06	0
5.87161e+06	0
5.87171e+06	0
5.87181e+06	0
5.87191e+06	0
5.87201e+06	0
5.87211e+06	0
5.87221e+06	0
5.87231e+06	0
5.87241e+06	0
5.87251e+06	0
5.87261e+06	0
5.87271e+06	0
5.87281e+06	0
5.87291e+06	0
5.87301e+06	0
5.87311e+06	0
5.87321e+06	0
5.87331e+06	0
5.87341e+06	0
5.87351e+06	0
5.87361e+06	0
5.87371e+06	0
5.87381e+06	0
5.87391e+06	0
5.87401e+06	0
5.87411e+06	0
5.87421e+06	0
5.87431e+06	0
5.87441e+06	0
5.87451e+06	0
5.87461e+06	0
5.87471e+06	0
5.87481e+06	0
5.87491e+06	0
5.87501e+06	0
5.87511e+06	0
5.87521e+06	0
5.87531e+06	0
5.87541e+06	0
5.87551e+06	0
5.87561e+06	0
5.87571e+06	0
5.87581e+06	0
5.87591e+06	0
5.87601e+06	0
5.87611e+06	0
5.87621e+06	0
5.87631e+06	0
5.87641e+06	0
5.87651e+06	0
5.87661e+06	0
5.87671e+06	0
5.87681e+06	0
5.87691e+06	0
5.87701e+06	0
5.87711e+06	0
5.87721e+06	0
5.87731e+06	0
5.87741e+06	0
5.87751e+06	0
5.87761e+06	0
5.87771e+06	0
5.87781e+06	0
5.87791e+06	0
5.87801e+06	0
5.87811e+06	0
5.87821e+06	0
5.87831e+06	0
5.87841e+06	0
5.87851e+06	0
5.87861e+06	0
5.87871e+06	0
5.87881e+06	0
5.87891e+06	0
5.87901e+06	0
5.87911e+06	0
5.87921e+06	0
5.87931e+06	0
5.87941e+06	0
5.87951e+06	0
5.87961e+06	0
5.87971e+06	0
5.87981e+06	0
5.87991e+06	0
5.88001e+06	0
5.88011e+06	0
5.88021e+06	0
5.88031e+06	0
5.88041e+06	0
5.88051e+06	0
5.88061e+06	0
5.88071e+06	0
5.88081e+06	0
5.88091e+06	0
5.88101e+06	0
5.88111e+06	0
5.88121e+06	0
5.88131e+06	0
5.88141e+06	0
5.88151e+06	0
5.88161e+06	0
5.88171e+06	0
5.88181e+06	0
5.88191e+06	0
5.88201e+06	0
5.88211e+06	0
5.88221e+06	0
5.88231e+06	0
5.88241e+06	0
5.88251e+06	0
5.88261e+06	0
5.88271e+06	0
5.88281e+06	0
5.88291e+06	0
5.88301e+06	0
5.88311e+06	0
5.88321e+06	0
5.88331e+06	0
5.88341e+06	0
5.88351e+06	0
5.88361e+06	0
5.88371e+06	0
5.88381e+06	0
5.88391e+06	0
5.88401e+06	0
5.88411e+06	0
5.88421e+06	0
5.88431e+06	0
5.88441e+06	0
5.88451e+06	0
5.88461e+06	0
5.88471e+06	0
5.88481e+06	0
5.88491e+06	0
5.88501e+06	0
5.88511e+06	0
5.88521e+06	0
5.88531e+06	0
5.88541e+06	0
5.88551e+06	0
5.88561e+06	0
5.88571e+06	0
5.88581e+06	0
5.88591e+06	0
5.88601e+06	0
5.88611e+06	0
5.88621e+06	0
5.88631e+06	0
5.88641e+06	0
5.88651e+06	0
5.88661e+06	0
5.88671e+06	0
5.88681e+06	0
5.88691e+06	0
5.88701e+06	0
5.88711e+06	0
5.88721e+06	0
5.88731e+06	0
5.88741e+06	0
5.88751e+06	0
5.88761e+06	0
5.88771e+06	0
5.88781e+06	0
5.88791e+06	0
5.88801e+06	0
5.88811e+06	0
5.88821e+06	0
5.88831e+06	0
5.88841e+06	0
5.88851e+06	0
5.88861e+06	0
5.88871e+06	0
5.88881e+06	0
5.88891e+06	0
5.88901e+06	0
5.88911e+06	0
5.88921e+06	0
5.88931e+06	0
5.88941e+06	0
5.88951e+06	0
5.88961e+06	0
5.88971e+06	0
5.88981e+06	0
5.88991e+06	0
5.89001e+06	0
5.89011e+06	0
5.89021e+06	0
5.89031e+06	0
5.89041e+06	0
5.89051e+06	0
5.89061e+06	0
5.89071e+06	0
5.89081e+06	0
5.89091e+06	0
5.89101e+06	0
5.89111e+06	0
5.89121e+06	0
5.89131e+06	0
5.89141e+06	0
5.89151e+06	0
5.89161e+06	0
5.89171e+06	0
5.89181e+06	0
5.89191e+06	0
5.89201e+06	0
5.89211e+06	0
5.89221e+06	0
5.89231e+06	0
5.89241e+06	0
5.89251e+06	0
5.89261e+06	0
5.89271e+06	0
5.89281e+06	0
5.89291e+06	0
5.89301e+06	0
5.89311e+06	0
5.89321e+06	0
5.89331e+06	0
5.89341e+06	0
5.89351e+06	0
5.89361e+06	0
5.89371e+06	0
5.89381e+06	0
5.89391e+06	0
5.89401e+06	0
5.89411e+06	0
5.89421e+06	0
5.89431e+06	0
5.89441e+06	0
5.89451e+06	0
5.89461e+06	0
5.89471e+06	0
5.89481e+06	0
5.89491e+06	0
5.89501e+06	0
5.89511e+06	0
5.89521e+06	0
5.89531e+06	0
5.89541e+06	0
5.89551e+06	0
5.89561e+06	0
5.89571e+06	0
5.89581e+06	0
5.89591e+06	0
5.89601e+06	0
5.89611e+06	0
5.89621e+06	0
5.89631e+06	0
5.89641e+06	0
5.89651e+06	0
5.89661e+06	0
5.89671e+06	0
5.89681e+06	0
5.89691e+06	0
5.89701e+06	0
5.89711e+06	0
5.89721e+06	0
5.89731e+06	0
5.89741e+06	0
5.89751e+06	0
5.89761e+06	0
5.89771e+06	0
5.89781e+06	0
5.89791e+06	0
5.89801e+06	0
5.89811e+06	0
5.89821e+06	0
5.89831e+06	0
5.89841e+06	0
5.89851e+06	0
5.89861e+06	0
5.89871e+06	0
5.89881e+06	0
5.89891e+06	0
5.89901e+06	0
5.89911e+06	0
5.89921e+06	0
5.89931e+06	0
5.89941e+06	0
5.89951e+06	0
5.89961e+06	0
5.89971e+06	0
5.89981e+06	0
5.89991e+06	0
5.90001e+06	0
5.90011e+06	0
5.90021e+06	0
5.90031e+06	0
5.90041e+06	0
5.90051e+06	0
5.90061e+06	0
5.90071e+06	0
5.90081e+06	0
5.90091e+06	0
5.90101e+06	0
5.90111e+06	0
5.90121e+06	0
5.90131e+06	0
5.90141e+06	0
5.90151e+06	0
5.90161e+06	0
5.90171e+06	0
5.90181e+06	0
5.90191e+06	0
5.90201e+06	0
5.90211e+06	0
5.90221e+06	0
5.90231e+06	0
5.90241e+06	0
5.90251e+06	0
5.90261e+06	0
5.90271e+06	0
5.90281e+06	0
5.90291e+06	0
5.90301e+06	0
5.90311e+06	0
5.90321e+06	0
5.90331e+06	0
5.90341e+06	0
5.90351e+06	0
5.90361e+06	0
5.90371e+06	0
5.90381e+06	0
5.90391e+06	0
5.90401e+06	0
5.90411e+06	0
5.90421e+06	0
5.90431e+06	0
5.90441e+06	0
5.90451e+06	0
5.90461e+06	0
5.90471e+06	0
5.90481e+06	0
5.90491e+06	0
5.90501e+06	0
5.90511e+06	0
5.90521e+06	0
5.90531e+06	0
5.90541e+06	0
5.90551e+06	0
5.90561e+06	0
5.90571e+06	0
5.90581e+06	0
5.90591e+06	0
5.90601e+06	0
5.90611e+06	0
5.90621e+06	0
5.90631e+06	0
5.90641e+06	0
5.90651e+06	0
5.90661e+06	0
5.90671e+06	0
5.90681e+06	0
5.90691e+06	0
5.90701e+06	0
5.90711e+06	0
5.90721e+06	0
5.90731e+06	0
5.90741e+06	0
5.90751e+06	0
5.90761e+06	0
5.90771e+06	0
5.90781e+06	0
5.90791e+06	0
5.90801e+06	0
5.90811e+06	0
5.90821e+06	0
5.90831e+06	0
5.90841e+06	0
5.90851e+06	0
5.90861e+06	0
5.90871e+06	0
5.90881e+06	0
5.90891e+06	0
5.90901e+06	0
5.90911e+06	0
5.90921e+06	0
5.90931e+06	0
5.90941e+06	0
5.90951e+06	0
5.90961e+06	0
5.90971e+06	0
5.90981e+06	0
5.90991e+06	0
5.91001e+06	0
5.91011e+06	0
5.91021e+06	0
5.91031e+06	0
5.91041e+06	0
5.91051e+06	0
5.91061e+06	0
5.91071e+06	0
5.91081e+06	0
5.91091e+06	0
5.91101e+06	0
5.91111e+06	0
5.91121e+06	0
5.91131e+06	0
5.91141e+06	0
5.91151e+06	0
5.91161e+06	0
5.91171e+06	0
5.91181e+06	0
5.91191e+06	0
5.91201e+06	0
5.91211e+06	0
5.91221e+06	0
5.91231e+06	0
5.91241e+06	0
5.91251e+06	0
5.91261e+06	0
5.91271e+06	0
5.91281e+06	0
5.91291e+06	0
5.91301e+06	0
5.91311e+06	0
5.91321e+06	0
5.91331e+06	0
5.91341e+06	0
5.91351e+06	0
5.91361e+06	0
5.91371e+06	0
5.91381e+06	0
5.91391e+06	0
5.91401e+06	0
5.91411e+06	0
5.91421e+06	0
5.91431e+06	0
5.91441e+06	0
5.91451e+06	0
5.91461e+06	0
5.91471e+06	0
5.91481e+06	0
5.91491e+06	0
5.91501e+06	0
5.91511e+06	0
5.91521e+06	0
5.91531e+06	0
5.91541e+06	0
5.91551e+06	0
5.91561e+06	0
5.91571e+06	0
5.91581e+06	0
5.91591e+06	0
5.91601e+06	0
5.91611e+06	0
5.91621e+06	0
5.91631e+06	0
5.91641e+06	0
5.91651e+06	0
5.91661e+06	0
5.91671e+06	0
5.91681e+06	0
5.91691e+06	0
5.91701e+06	0
5.91711e+06	0
5.91721e+06	0
5.91731e+06	0
5.91741e+06	0
5.91751e+06	0
5.91761e+06	0
5.91771e+06	0
5.91781e+06	0
5.91791e+06	0
5.91801e+06	0
5.91811e+06	0
5.91821e+06	0
5.91831e+06	0
5.91841e+06	0
5.91851e+06	0
5.91861e+06	0
5.91871e+06	0
5.91881e+06	0
5.91891e+06	0
5.91901e+06	0
5.91911e+06	0
5.91921e+06	0
5.91931e+06	0
5.91941e+06	0
5.91951e+06	0
5.91961e+06	0
5.91971e+06	0
5.91981e+06	0
5.91991e+06	0
5.92001e+06	0
5.92011e+06	0
5.92021e+06	0
5.92031e+06	0
5.92041e+06	0
5.92051e+06	0
5.92061e+06	0
5.92071e+06	0
5.92081e+06	0
5.92091e+06	0
5.92101e+06	0
5.92111e+06	0
5.92121e+06	0
5.92131e+06	0
5.92141e+06	0
5.92151e+06	0
5.92161e+06	0
5.92171e+06	0
5.92181e+06	0
5.92191e+06	0
5.92201e+06	0
5.92211e+06	0
5.92221e+06	0
5.92231e+06	0
5.92241e+06	0
5.92251e+06	0
5.92261e+06	0
5.92271e+06	0
5.92281e+06	0
5.92291e+06	0
5.92301e+06	0
5.92311e+06	0
5.92321e+06	0
5.92331e+06	0
5.92341e+06	0
5.92351e+06	0
5.92361e+06	0
5.92371e+06	0
5.92381e+06	0
5.92391e+06	0
5.92401e+06	0
5.92411e+06	0
5.92421e+06	0
5.92431e+06	0
5.92441e+06	0
5.92451e+06	0
5.92461e+06	0
5.92471e+06	0
5.92481e+06	0
5.92491e+06	0
5.92501e+06	0
5.92511e+06	0
5.92521e+06	0
5.92531e+06	0
5.92541e+06	0
5.92551e+06	0
5.92561e+06	0
5.92571e+06	0
5.92581e+06	0
5.92591e+06	0
5.92601e+06	0
5.92611e+06	0
5.92621e+06	0
5.92631e+06	0
5.92641e+06	0
5.92651e+06	0
5.92661e+06	0
5.92671e+06	0
5.92681e+06	0
5.92691e+06	0
5.92701e+06	0
5.92711e+06	0
5.92721e+06	0
5.92731e+06	0
5.92741e+06	0
5.92751e+06	0
5.92761e+06	0
5.92771e+06	0
5.92781e+06	0
5.92791e+06	0
5.92801e+06	0
5.92811e+06	0
5.92821e+06	0
5.92831e+06	0
5.92841e+06	0
5.92851e+06	0
5.92861e+06	0
5.92871e+06	0
5.92881e+06	0
5.92891e+06	0
5.92901e+06	0
5.92911e+06	0
5.92921e+06	0
5.92931e+06	0
5.92941e+06	0
5.92951e+06	0
5.92961e+06	0
5.92971e+06	0
5.92981e+06	0
5.92991e+06	0
5.93001e+06	0
5.93011e+06	0
5.93021e+06	0
5.93031e+06	0
5.93041e+06	0
5.93051e+06	0
5.93061e+06	0
5.93071e+06	0
5.93081e+06	0
5.93091e+06	0
5.93101e+06	0
5.93111e+06	0
5.93121e+06	0
5.93131e+06	0
5.93141e+06	0
5.93151e+06	0
5.93161e+06	0
5.93171e+06	0
5.93181e+06	0
5.93191e+06	0
5.93201e+06	0
5.93211e+06	0
5.93221e+06	0
5.93231e+06	0
5.93241e+06	0
5.93251e+06	0
5.93261e+06	0
5.93271e+06	0
5.93281e+06	0
5.93291e+06	0
5.93301e+06	0
5.93311e+06	0
5.93321e+06	0
5.93331e+06	0
5.93341e+06	0
5.93351e+06	0
5.93361e+06	0
5.93371e+06	0
5.93381e+06	0
5.93391e+06	0
5.93401e+06	0
5.93411e+06	0
5.93421e+06	0
5.93431e+06	0
5.93441e+06	0
5.93451e+06	0
5.93461e+06	0
5.93471e+06	0
5.93481e+06	0
5.93491e+06	0
5.93501e+06	0
5.93511e+06	0
5.93521e+06	0
5.93531e+06	0
5.93541e+06	0
5.93551e+06	0
5.93561e+06	0
5.93571e+06	0
5.93581e+06	0
5.93591e+06	0
5.93601e+06	0
5.93611e+06	0
5.93621e+06	0
5.93631e+06	0
5.93641e+06	0
5.93651e+06	0
5.93661e+06	0
5.93671e+06	0
5.93681e+06	0
5.93691e+06	0
5.93701e+06	0
5.93711e+06	0
5.93721e+06	0
5.93731e+06	0
5.93741e+06	0
5.93751e+06	0
5.93761e+06	0
5.93771e+06	0
5.93781e+06	0
5.93791e+06	0
5.93801e+06	0
5.93811e+06	0
5.93821e+06	0
5.93831e+06	0
5.93841e+06	0
5.93851e+06	0
5.93861e+06	0
5.93871e+06	0
5.93881e+06	0
5.93891e+06	0
5.93901e+06	0
5.93911e+06	0
5.93921e+06	0
5.93931e+06	0
5.93941e+06	0
5.93951e+06	0
5.93961e+06	0
5.93971e+06	0
5.93981e+06	0
5.93991e+06	0
5.94001e+06	0
5.94011e+06	0
5.94021e+06	0
5.94031e+06	0
5.94041e+06	0
5.94051e+06	0
5.94061e+06	0
5.94071e+06	0
5.94081e+06	0
5.94091e+06	0
5.94101e+06	0
5.94111e+06	0
5.94121e+06	0
5.94131e+06	0
5.94141e+06	0
5.94151e+06	0
5.94161e+06	0
5.94171e+06	0
5.94181e+06	0
5.94191e+06	0
5.94201e+06	0
5.94211e+06	0
5.94221e+06	0
5.94231e+06	0
5.94241e+06	0
5.94251e+06	0
5.94261e+06	0
5.94271e+06	0
5.94281e+06	0
5.94291e+06	0
5.94301e+06	0
5.94311e+06	0
5.94321e+06	0
5.94331e+06	0
5.94341e+06	0
5.94351e+06	0
5.94361e+06	0
5.94371e+06	0
5.94381e+06	0
5.94391e+06	0
5.94401e+06	0
5.94411e+06	0
5.94421e+06	0
5.94431e+06	0
5.94441e+06	0
5.94451e+06	0
5.94461e+06	0
5.94471e+06	0
5.94481e+06	0
5.94491e+06	0
5.94501e+06	0
5.94511e+06	0
5.94521e+06	0
5.94531e+06	0
5.94541e+06	0
5.94551e+06	0
5.94561e+06	0
5.94571e+06	0
5.94581e+06	0
5.94591e+06	0
5.94601e+06	0
5.94611e+06	0
5.94621e+06	0
5.94631e+06	0
5.94641e+06	0
5.94651e+06	0
5.94661e+06	0
5.94671e+06	0
5.94681e+06	0
5.94691e+06	0
5.94701e+06	0
5.94711e+06	0
5.94721e+06	0
5.94731e+06	0
5.94741e+06	0
5.94751e+06	0
5.94761e+06	0
5.94771e+06	0
5.94781e+06	0
5.94791e+06	0
5.94801e+06	0
5.94811e+06	0
5.94821e+06	0
5.94831e+06	0
5.94841e+06	0
5.94851e+06	0
5.94861e+06	0
5.94871e+06	0
5.94881e+06	0
5.94891e+06	0
5.94901e+06	0
5.94911e+06	0
5.94921e+06	0
5.94931e+06	0
5.94941e+06	0
5.94951e+06	0
5.94961e+06	0
5.94971e+06	0
5.94981e+06	0
5.94991e+06	0
5.95001e+06	0
5.95011e+06	0
5.95021e+06	0
5.95031e+06	0
5.95041e+06	0
5.95051e+06	0
5.95061e+06	0
5.95071e+06	0
5.95081e+06	0
5.95091e+06	0
5.95101e+06	0
5.95111e+06	0
5.95121e+06	0
5.95131e+06	0
5.95141e+06	0
5.95151e+06	0
5.95161e+06	0
5.95171e+06	0
5.95181e+06	0
5.95191e+06	0
5.95201e+06	0
5.95211e+06	0
5.95221e+06	0
5.95231e+06	0
5.95241e+06	0
5.95251e+06	0
5.95261e+06	0
5.95271e+06	0
5.95281e+06	0
5.95291e+06	0
5.95301e+06	0
5.95311e+06	0
5.95321e+06	0
5.95331e+06	0
5.95341e+06	0
5.95351e+06	0
5.95361e+06	0
5.95371e+06	0
5.95381e+06	0
5.95391e+06	0
5.95401e+06	0
5.95411e+06	0
5.95421e+06	0
5.95431e+06	0
5.95441e+06	0
5.95451e+06	0
5.95461e+06	0
5.95471e+06	0
5.95481e+06	0
5.95491e+06	0
5.95501e+06	0
5.95511e+06	0
5.95521e+06	0
5.95531e+06	0
5.95541e+06	0
5.95551e+06	0
5.95561e+06	0
5.95571e+06	0
5.95581e+06	0
5.95591e+06	0
5.95601e+06	0
5.95611e+06	0
5.95621e+06	0
5.95631e+06	0
5.95641e+06	0
5.95651e+06	0
5.95661e+06	0
5.95671e+06	0
5.95681e+06	0
5.95691e+06	0
5.95701e+06	0
5.95711e+06	0
5.95721e+06	0
5.95731e+06	0
5.95741e+06	0
5.95751e+06	0
5.95761e+06	0
5.95771e+06	0
5.95781e+06	0
5.95791e+06	0
5.95801e+06	0
5.95811e+06	0
5.95821e+06	0
5.95831e+06	0
5.95841e+06	0
5.95851e+06	0
5.95861e+06	0
5.95871e+06	0
5.95881e+06	0
5.95891e+06	0
5.95901e+06	0
5.95911e+06	0
5.95921e+06	0
5.95931e+06	0
5.95941e+06	0
5.95951e+06	0
5.95961e+06	0
5.95971e+06	0
5.95981e+06	0
5.95991e+06	0
5.96001e+06	0
5.96011e+06	0
5.96021e+06	0
5.96031e+06	0
5.96041e+06	0
5.96051e+06	0
5.96061e+06	0
5.96071e+06	0
5.96081e+06	0
5.96091e+06	0
5.96101e+06	0
5.96111e+06	0
5.96121e+06	0
5.96131e+06	0
5.96141e+06	0
5.96151e+06	0
5.96161e+06	0
5.96171e+06	0
5.96181e+06	0
5.96191e+06	0
5.96201e+06	0
5.96211e+06	0
5.96221e+06	0
5.96231e+06	0
5.96241e+06	0
5.96251e+06	0
5.96261e+06	0
5.96271e+06	0
5.96281e+06	0
5.96291e+06	0
5.96301e+06	0
5.96311e+06	0
5.96321e+06	0
5.96331e+06	0
5.96341e+06	0
5.96351e+06	0
5.96361e+06	0
5.96371e+06	0
5.96381e+06	0
5.96391e+06	0
5.96401e+06	0
5.96411e+06	0
5.96421e+06	0
5.96431e+06	0
5.96441e+06	0
5.96451e+06	0
5.96461e+06	0
5.96471e+06	0
5.96481e+06	0
5.96491e+06	0
5.96501e+06	0
5.96511e+06	0
5.96521e+06	0
5.96531e+06	0
5.96541e+06	0
5.96551e+06	0
5.96561e+06	0
5.96571e+06	0
5.96581e+06	0
5.96591e+06	0
5.96601e+06	0
5.96611e+06	0
5.96621e+06	0
5.96631e+06	0
5.96641e+06	0
5.96651e+06	0
5.96661e+06	0
5.96671e+06	0
5.96681e+06	0
5.96691e+06	0
5.96701e+06	0
5.96711e+06	0
5.96721e+06	0
5.96731e+06	0
5.96741e+06	0
5.96751e+06	0
5.96761e+06	0
5.96771e+06	0
5.96781e+06	0
5.96791e+06	0
5.96801e+06	0
5.96811e+06	0
5.96821e+06	0
5.96831e+06	0
5.96841e+06	0
5.96851e+06	0
5.96861e+06	0
5.96871e+06	0
5.96881e+06	0
5.96891e+06	0
5.96901e+06	0
5.96911e+06	0
5.96921e+06	0
5.96931e+06	0
5.96941e+06	0
5.96951e+06	0
5.96961e+06	0
5.96971e+06	0
5.96981e+06	0
5.96991e+06	0
5.97001e+06	0
5.97011e+06	0
5.97021e+06	0
5.97031e+06	0
5.97041e+06	0
5.97051e+06	0
5.97061e+06	0
5.97071e+06	0
5.97081e+06	0
5.97091e+06	0
5.97101e+06	0
5.97111e+06	0
5.97121e+06	0
5.97131e+06	0
5.97141e+06	0
5.97151e+06	0
5.97161e+06	0
5.97171e+06	0
5.97181e+06	0
5.97191e+06	0
5.97201e+06	0
5.97211e+06	0
5.97221e+06	0
5.97231e+06	0
5.97241e+06	0
5.97251e+06	0
5.97261e+06	0
5.97271e+06	0
5.97281e+06	0
5.97291e+06	0
5.97301e+06	0
5.97311e+06	0
5.97321e+06	0
5.97331e+06	0
5.97341e+06	0
5.97351e+06	0
5.97361e+06	0
5.97371e+06	0
5.97381e+06	0
5.97391e+06	0
5.97401e+06	0
5.97411e+06	0
5.97421e+06	0
5.97431e+06	0
5.97441e+06	0
5.97451e+06	0
5.97461e+06	0
5.97471e+06	0
5.97481e+06	0
5.97491e+06	0
5.97501e+06	0
5.97511e+06	0
5.97521e+06	0
5.97531e+06	0
5.97541e+06	0
5.97551e+06	0
5.97561e+06	0
5.97571e+06	0
5.97581e+06	0
5.97591e+06	0
5.97601e+06	0
5.97611e+06	0
5.97621e+06	0
5.97631e+06	0
5.97641e+06	0
5.97651e+06	0
5.97661e+06	0
5.97671e+06	0
5.97681e+06	0
5.97691e+06	0
5.97701e+06	0
5.97711e+06	0
5.97721e+06	0
5.97731e+06	0
5.97741e+06	0
5.97751e+06	0
5.97761e+06	0
5.97771e+06	0
5.97781e+06	0
5.97791e+06	0
5.97801e+06	0
5.97811e+06	0
5.97821e+06	0
5.97831e+06	0
5.97841e+06	0
5.97851e+06	0
5.97861e+06	0
5.97871e+06	0
5.97881e+06	0
5.97891e+06	0
5.97901e+06	0
5.97911e+06	0
5.97921e+06	0
5.97931e+06	0
5.97941e+06	0
5.97951e+06	0
5.97961e+06	0
5.97971e+06	0
5.97981e+06	0
5.97991e+06	0
5.98001e+06	0
5.98011e+06	0
5.98021e+06	0
5.98031e+06	0
5.98041e+06	0
5.98051e+06	0
5.98061e+06	0
5.98071e+06	0
5.98081e+06	0
5.98091e+06	0
5.98101e+06	0
5.98111e+06	0
5.98121e+06	0
5.98131e+06	0
5.98141e+06	0
5.98151e+06	0
5.98161e+06	0
5.98171e+06	0
5.98181e+06	0
5.98191e+06	0
5.98201e+06	0
5.98211e+06	0
5.98221e+06	0
5.98231e+06	0
5.98241e+06	0
5.98251e+06	0
5.98261e+06	0
5.98271e+06	0
5.98281e+06	0
5.98291e+06	0
5.98301e+06	0
5.98311e+06	0
5.98321e+06	0
5.98331e+06	0
5.98341e+06	0
5.98351e+06	0
5.98361e+06	0
5.98371e+06	0
5.98381e+06	0
5.98391e+06	0
5.98401e+06	0
5.98411e+06	0
5.98421e+06	0
5.98431e+06	0
5.98441e+06	0
5.98451e+06	0
5.98461e+06	0
5.98471e+06	0
5.98481e+06	0
5.98491e+06	0
5.98501e+06	0
5.98511e+06	0
5.98521e+06	0
5.98531e+06	0
5.98541e+06	0
5.98551e+06	0
5.98561e+06	0
5.98571e+06	0
5.98581e+06	0
5.98591e+06	0
5.98601e+06	0
5.98611e+06	0
5.98621e+06	0
5.98631e+06	0
5.98641e+06	0
5.98651e+06	0
5.98661e+06	0
5.98671e+06	0
5.98681e+06	0
5.98691e+06	0
5.98701e+06	0
5.98711e+06	0
5.98721e+06	0
5.98731e+06	0
5.98741e+06	0
5.98751e+06	0
5.98761e+06	0
5.98771e+06	0
5.98781e+06	0
5.98791e+06	0
5.98801e+06	0
5.98811e+06	0
5.98821e+06	0
5.98831e+06	0
5.98841e+06	0
5.98851e+06	0
5.98861e+06	0
5.98871e+06	0
5.98881e+06	0
5.98891e+06	0
5.98901e+06	0
5.98911e+06	0
5.98921e+06	0
5.98931e+06	0
5.98941e+06	0
5.98951e+06	0
5.98961e+06	0
5.98971e+06	0
5.98981e+06	0
5.98991e+06	0
5.99001e+06	0
5.99011e+06	0
5.99021e+06	0
5.99031e+06	0
5.99041e+06	0
5.99051e+06	0
5.99061e+06	0
5.99071e+06	0
5.99081e+06	0
5.99091e+06	0
5.99101e+06	0
5.99111e+06	0
5.99121e+06	0
5.99131e+06	0
5.99141e+06	0
5.99151e+06	0
5.99161e+06	0
5.99171e+06	0
5.99181e+06	0
5.99191e+06	0
5.99201e+06	0
5.99211e+06	0
5.99221e+06	0
5.99231e+06	0
5.99241e+06	0
5.99251e+06	0
5.99261e+06	0
5.99271e+06	0
5.99281e+06	0
5.99291e+06	0
5.99301e+06	0
5.99311e+06	0
5.99321e+06	0
5.99331e+06	0
5.99341e+06	0
5.99351e+06	0
5.99361e+06	0
5.99371e+06	0
5.99381e+06	0
5.99391e+06	0
5.99401e+06	0
5.99411e+06	0
5.99421e+06	0
5.99431e+06	0
5.99441e+06	0
5.99451e+06	0
5.99461e+06	0
5.99471e+06	0
5.99481e+06	0
5.99491e+06	0
5.99501e+06	0
5.99511e+06	0
5.99521e+06	0
5.99531e+06	0
5.99541e+06	0
5.99551e+06	0
5.99561e+06	0
5.99571e+06	0
5.99581e+06	0
5.99591e+06	0
5.99601e+06	0
5.99611e+06	0
5.99621e+06	0
5.99631e+06	0
5.99641e+06	0
5.99651e+06	0
5.99661e+06	0
5.99671e+06	0
5.99681e+06	0
5.99691e+06	0
5.99701e+06	0
5.99711e+06	0
5.99721e+06	0
5.99731e+06	0
5.99741e+06	0
5.99751e+06	0
5.99761e+06	0
5.99771e+06	0
5.99781e+06	0
5.99791e+06	0
5.99801e+06	0
5.99811e+06	0
5.99821e+06	0
5.99831e+06	0
5.99841e+06	0
5.99851e+06	0
5.99861e+06	0
5.99871e+06	0
5.99881e+06	0
5.99891e+06	0
5.99901e+06	0
5.99911e+06	0
5.99921e+06	0
5.99931e+06	0
5.99941e+06	0
5.99951e+06	0
5.99961e+06	0
5.99971e+06	0
5.99981e+06	0
5.99991e+06	0
6.00001e+06	0
6.00011e+06	0
6.00021e+06	0
6.00031e+06	0
6.00041e+06	0
6.00051e+06	0
6.00061e+06	0
6.00071e+06	0
6.00081e+06	0
6.00091e+06	0
6.00101e+06	0
6.00111e+06	0
6.00121e+06	0
6.00131e+06	0
6.00141e+06	0
6.00151e+06	0
6.00161e+06	0
6.00171e+06	0
6.00181e+06	0
6.00191e+06	0
6.00201e+06	0
6.00211e+06	0
6.00221e+06	0
6.00231e+06	0
6.00241e+06	0
6.00251e+06	0
6.00261e+06	0
6.00271e+06	0
6.00281e+06	0
6.00291e+06	0
6.00301e+06	0
6.00311e+06	0
6.00321e+06	0
6.00331e+06	0
6.00341e+06	0
6.00351e+06	0
6.00361e+06	0
6.00371e+06	0
6.00381e+06	0
6.00391e+06	0
6.00401e+06	0
6.00411e+06	0
6.00421e+06	0
6.00431e+06	0
6.00441e+06	0
6.00451e+06	0
6.00461e+06	0
6.00471e+06	0
6.00481e+06	0
6.00491e+06	0
6.00501e+06	0
6.00511e+06	0
6.00521e+06	0
6.00531e+06	0
6.00541e+06	0
6.00551e+06	0
6.00561e+06	0
6.00571e+06	0
6.00581e+06	0
6.00591e+06	0
6.00601e+06	0
6.00611e+06	0
6.00621e+06	0
6.00631e+06	0
6.00641e+06	0
6.00651e+06	0
6.00661e+06	0
6.00671e+06	0
6.00681e+06	0
6.00691e+06	0
6.00701e+06	0
6.00711e+06	0
6.00721e+06	0
6.00731e+06	0
6.00741e+06	0
6.00751e+06	0
6.00761e+06	0
6.00771e+06	0
6.00781e+06	0
6.00791e+06	0
6.00801e+06	0
6.00811e+06	0
6.00821e+06	0
6.00831e+06	0
6.00841e+06	0
6.00851e+06	0
6.00861e+06	0
6.00871e+06	0
6.00881e+06	0
6.00891e+06	0
6.00901e+06	0
6.00911e+06	0
6.00921e+06	0
6.00931e+06	0
6.00941e+06	0
6.00951e+06	0
6.00961e+06	0
6.00971e+06	0
6.00981e+06	0
6.00991e+06	0
6.01001e+06	0
6.01011e+06	0
6.01021e+06	0
6.01031e+06	0
6.01041e+06	0
6.01051e+06	0
6.01061e+06	0
6.01071e+06	0
6.01081e+06	0
6.01091e+06	0
6.01101e+06	0
6.01111e+06	0
6.01121e+06	0
6.01131e+06	0
6.01141e+06	0
6.01151e+06	0
6.01161e+06	0
6.01171e+06	0
6.01181e+06	0
6.01191e+06	0
6.01201e+06	0
6.01211e+06	0
6.01221e+06	0
6.01231e+06	0
6.01241e+06	0
6.01251e+06	0
6.01261e+06	0
6.01271e+06	0
6.01281e+06	0
6.01291e+06	0
6.01301e+06	0
6.01311e+06	0
6.01321e+06	0
6.01331e+06	0
6.01341e+06	0
6.01351e+06	0
6.01361e+06	0
6.01371e+06	0
6.01381e+06	0
6.01391e+06	0
6.01401e+06	0
6.01411e+06	0
6.01421e+06	0
6.01431e+06	0
6.01441e+06	0
6.01451e+06	0
6.01461e+06	0
6.01471e+06	0
6.01481e+06	0
6.01491e+06	0
6.01501e+06	0
6.01511e+06	0
6.01521e+06	0
6.01531e+06	0
6.01541e+06	0
6.01551e+06	0
6.01561e+06	0
6.01571e+06	0
6.01581e+06	0
6.01591e+06	0
6.01601e+06	0
6.01611e+06	0
6.01621e+06	0
6.01631e+06	0
6.01641e+06	0
6.01651e+06	0
6.01661e+06	0
6.01671e+06	0
6.01681e+06	0
6.01691e+06	0
6.01701e+06	0
6.01711e+06	0
6.01721e+06	0
6.01731e+06	0
6.01741e+06	0
6.01751e+06	0
6.01761e+06	0
6.01771e+06	0
6.01781e+06	0
6.01791e+06	0
6.01801e+06	0
6.01811e+06	0
6.01821e+06	0
6.01831e+06	0
6.01841e+06	0
6.01851e+06	0
6.01861e+06	0
6.01871e+06	0
6.01881e+06	0
6.01891e+06	0
6.01901e+06	0
6.01911e+06	0
6.01921e+06	0
6.01931e+06	0
6.01941e+06	0
6.01951e+06	0
6.01961e+06	0
6.01971e+06	0
6.01981e+06	0
6.01991e+06	0
6.02001e+06	0
6.02011e+06	0
6.02021e+06	0
6.02031e+06	0
6.02041e+06	0
6.02051e+06	0
6.02061e+06	0
6.02071e+06	0
6.02081e+06	0
6.02091e+06	0
6.02101e+06	0
6.02111e+06	0
6.02121e+06	0
6.02131e+06	0
6.02141e+06	0
6.02151e+06	0
6.02161e+06	0
6.02171e+06	0
6.02181e+06	0
6.02191e+06	0
6.02201e+06	0
6.02211e+06	0
6.02221e+06	0
6.02231e+06	0
6.02241e+06	0
6.02251e+06	0
6.02261e+06	0
6.02271e+06	0
6.02281e+06	0
6.02291e+06	0
6.02301e+06	0
6.02311e+06	0
6.02321e+06	0
6.02331e+06	0
6.02341e+06	0
6.02351e+06	0
6.02361e+06	0
6.02371e+06	0
6.02381e+06	0
6.02391e+06	0
6.02401e+06	0
6.02411e+06	0
6.02421e+06	0
6.02431e+06	0
6.02441e+06	0
6.02451e+06	0
6.02461e+06	0
6.02471e+06	0
6.02481e+06	0
6.02491e+06	0
6.02501e+06	0
6.02511e+06	0
6.02521e+06	0
6.02531e+06	0
6.02541e+06	0
6.02551e+06	0
6.02561e+06	0
6.02571e+06	0
6.02581e+06	0
6.02591e+06	0
6.02601e+06	0
6.02611e+06	0
6.02621e+06	0
6.02631e+06	0
6.02641e+06	0
6.02651e+06	0
6.02661e+06	0
6.02671e+06	0
6.02681e+06	0
6.02691e+06	0
6.02701e+06	0
6.02711e+06	0
6.02721e+06	0
6.02731e+06	0
6.02741e+06	0
6.02751e+06	0
6.02761e+06	0
6.02771e+06	0
6.02781e+06	0
6.02791e+06	0
6.02801e+06	0
6.02811e+06	0
6.02821e+06	0
6.02831e+06	0
6.02841e+06	0
6.02851e+06	0
6.02861e+06	0
6.02871e+06	0
6.02881e+06	0
6.02891e+06	0
6.02901e+06	0
6.02911e+06	0
6.02921e+06	0
6.02931e+06	0
6.02941e+06	0
6.02951e+06	0
6.02961e+06	0
6.02971e+06	0
6.02981e+06	0
6.02991e+06	0
6.03001e+06	0
6.03011e+06	0
6.03021e+06	0
6.03031e+06	0
6.03041e+06	0
6.03051e+06	0
6.03061e+06	0
6.03071e+06	0
6.03081e+06	0
6.03091e+06	0
6.03101e+06	0
6.03111e+06	0
6.03121e+06	0
6.03131e+06	0
6.03141e+06	0
6.03151e+06	0
6.03161e+06	0
6.03171e+06	0
6.03181e+06	0
6.03191e+06	0
6.03201e+06	0
6.03211e+06	0
6.03221e+06	0
6.03231e+06	0
6.03241e+06	0
6.03251e+06	0
6.03261e+06	0
6.03271e+06	0
6.03281e+06	0
6.03291e+06	0
6.03301e+06	0
6.03311e+06	0
6.03321e+06	0
6.03331e+06	0
6.03341e+06	0
6.03351e+06	0
6.03361e+06	0
6.03371e+06	0
6.03381e+06	0
6.03391e+06	0
6.03401e+06	0
6.03411e+06	0
6.03421e+06	0
6.03431e+06	0
6.03441e+06	0
6.03451e+06	0
6.03461e+06	0
6.03471e+06	0
6.03481e+06	0
6.03491e+06	0
6.03501e+06	0
6.03511e+06	0
6.03521e+06	0
6.03531e+06	0
6.03541e+06	0
6.03551e+06	0
6.03561e+06	0
6.03571e+06	0
6.03581e+06	0
6.03591e+06	0
6.03601e+06	0
6.03611e+06	0
6.03621e+06	0
6.03631e+06	0
6.03641e+06	0
6.03651e+06	0
6.03661e+06	0
6.03671e+06	0
6.03681e+06	0
6.03691e+06	0
6.03701e+06	0
6.03711e+06	0
6.03721e+06	0
6.03731e+06	0
6.03741e+06	0
6.03751e+06	0
6.03761e+06	0
6.03771e+06	0
6.03781e+06	0
6.03791e+06	0
6.03801e+06	0
6.03811e+06	0
6.03821e+06	0
6.03831e+06	0
6.03841e+06	0
6.03851e+06	0
6.03861e+06	0
6.03871e+06	0
6.03881e+06	0
6.03891e+06	0
6.03901e+06	0
6.03911e+06	0
6.03921e+06	0
6.03931e+06	0
6.03941e+06	0
6.03951e+06	0
6.03961e+06	0
6.03971e+06	0
6.03981e+06	0
6.03991e+06	0
6.04001e+06	0
6.04011e+06	0
6.04021e+06	0
6.04031e+06	0
6.04041e+06	0
6.04051e+06	0
6.04061e+06	0
6.04071e+06	0
6.04081e+06	0
6.04091e+06	0
6.04101e+06	0
6.04111e+06	0
6.04121e+06	0
6.04131e+06	0
6.04141e+06	0
6.04151e+06	0
6.04161e+06	0
6.04171e+06	0
6.04181e+06	0
6.04191e+06	0
6.04201e+06	0
6.04211e+06	0
6.04221e+06	0
6.04231e+06	0
6.04241e+06	0
6.04251e+06	0
6.04261e+06	0
6.04271e+06	0
6.04281e+06	0
6.04291e+06	0
6.04301e+06	0
6.04311e+06	0
6.04321e+06	0
6.04331e+06	0
6.04341e+06	0
6.04351e+06	0
6.04361e+06	0
6.04371e+06	0
6.04381e+06	0
6.04391e+06	0
6.04401e+06	0
6.04411e+06	0
6.04421e+06	0
6.04431e+06	0
6.04441e+06	0
6.04451e+06	0
6.04461e+06	0
6.04471e+06	0
6.04481e+06	0
6.04491e+06	0
6.04501e+06	0
6.04511e+06	0
6.04521e+06	0
6.04531e+06	0
6.04541e+06	0
6.04551e+06	0
6.04561e+06	0
6.04571e+06	0
6.04581e+06	0
6.04591e+06	0
6.04601e+06	0
6.04611e+06	0
6.04621e+06	0
6.04631e+06	0
6.04641e+06	0
6.04651e+06	0
6.04661e+06	0
6.04671e+06	0
6.04681e+06	0
6.04691e+06	0
6.04701e+06	0
6.04711e+06	0
6.04721e+06	0
6.04731e+06	0
6.04741e+06	0
6.04751e+06	0
6.04761e+06	0
6.04771e+06	0
6.04781e+06	0
6.04791e+06	0
6.04801e+06	0
6.04811e+06	0
6.04821e+06	0
6.04831e+06	0
6.04841e+06	0
6.04851e+06	0
6.04861e+06	0
6.04871e+06	0
6.04881e+06	0
6.04891e+06	0
6.04901e+06	0
6.04911e+06	0
6.04921e+06	0
6.04931e+06	0
6.04941e+06	0
6.04951e+06	0
6.04961e+06	0
6.04971e+06	0
6.04981e+06	0
6.04991e+06	0
6.05001e+06	0
6.05011e+06	0
6.05021e+06	0
6.05031e+06	0
6.05041e+06	0
6.05051e+06	0
6.05061e+06	0
6.05071e+06	0
6.05081e+06	0
6.05091e+06	0
6.05101e+06	0
6.05111e+06	0
6.05121e+06	0
6.05131e+06	0
6.05141e+06	0
6.05151e+06	0
6.05161e+06	0
6.05171e+06	0
6.05181e+06	0
6.05191e+06	0
6.05201e+06	0
6.05211e+06	0
6.05221e+06	0
6.05231e+06	0
6.05241e+06	0
6.05251e+06	0
6.05261e+06	0
6.05271e+06	0
6.05281e+06	0
6.05291e+06	0
6.05301e+06	0
6.05311e+06	0
6.05321e+06	0
6.05331e+06	0
6.05341e+06	0
6.05351e+06	0
6.05361e+06	0
6.05371e+06	0
6.05381e+06	0
6.05391e+06	0
6.05401e+06	0
6.05411e+06	0
6.05421e+06	0
6.05431e+06	0
6.05441e+06	0
6.05451e+06	0
6.05461e+06	0
6.05471e+06	0
6.05481e+06	0
6.05491e+06	0
6.05501e+06	0
6.05511e+06	0
6.05521e+06	0
6.05531e+06	0
6.05541e+06	0
6.05551e+06	0
6.05561e+06	0
6.05571e+06	0
6.05581e+06	0
6.05591e+06	0
6.05601e+06	0
6.05611e+06	0
6.05621e+06	0
6.05631e+06	0
6.05641e+06	0
6.05651e+06	0
6.05661e+06	0
6.05671e+06	0
6.05681e+06	0
6.05691e+06	0
6.05701e+06	0
6.05711e+06	0
6.05721e+06	0
6.05731e+06	0
6.05741e+06	0
6.05751e+06	0
6.05761e+06	0
6.05771e+06	0
6.05781e+06	0
6.05791e+06	0
6.05801e+06	0
6.05811e+06	0
6.05821e+06	0
6.05831e+06	0
6.05841e+06	0
6.05851e+06	0
6.05861e+06	0
6.05871e+06	0
6.05881e+06	0
6.05891e+06	0
6.05901e+06	0
6.05911e+06	0
6.05921e+06	0
6.05931e+06	0
6.05941e+06	0
6.05951e+06	0
6.05961e+06	0
6.05971e+06	0
6.05981e+06	0
6.05991e+06	0
6.06001e+06	0
6.06011e+06	0
6.06021e+06	0
6.06031e+06	0
6.06041e+06	0
6.06051e+06	0
6.06061e+06	0
6.06071e+06	0
6.06081e+06	0
6.06091e+06	0
6.06101e+06	0
6.06111e+06	0
6.06121e+06	0
6.06131e+06	0
6.06141e+06	0
6.06151e+06	0
6.06161e+06	0
6.06171e+06	0
6.06181e+06	0
6.06191e+06	0
6.06201e+06	0
6.06211e+06	0
6.06221e+06	0
6.06231e+06	0
6.06241e+06	0
6.06251e+06	0
6.06261e+06	0
6.06271e+06	0
6.06281e+06	0
6.06291e+06	0
6.06301e+06	0
6.06311e+06	0
6.06321e+06	0
6.06331e+06	0
6.06341e+06	0
6.06351e+06	0
6.06361e+06	0
6.06371e+06	0
6.06381e+06	0
6.06391e+06	0
6.06401e+06	0
6.06411e+06	0
6.06421e+06	0
6.06431e+06	0
6.06441e+06	0
6.06451e+06	0
6.06461e+06	0
6.06471e+06	0
6.06481e+06	0
6.06491e+06	0
6.06501e+06	0
6.06511e+06	0
6.06521e+06	0
6.06531e+06	0
6.06541e+06	0
6.06551e+06	0
6.06561e+06	0
6.06571e+06	0
6.06581e+06	0
6.06591e+06	0
6.06601e+06	0
6.06611e+06	0
6.06621e+06	0
6.06631e+06	0
6.06641e+06	0
6.06651e+06	0
6.06661e+06	0
6.06671e+06	0
6.06681e+06	0
6.06691e+06	0
6.06701e+06	0
6.06711e+06	0
6.06721e+06	0
6.06731e+06	0
6.06741e+06	0
6.06751e+06	0
6.06761e+06	0
6.06771e+06	0
6.06781e+06	0
6.06791e+06	0
6.06801e+06	0
6.06811e+06	0
6.06821e+06	0
6.06831e+06	0
6.06841e+06	0
6.06851e+06	0
6.06861e+06	0
6.06871e+06	0
6.06881e+06	0
6.06891e+06	0
6.06901e+06	0
6.06911e+06	0
6.06921e+06	0
6.06931e+06	0
6.06941e+06	0
6.06951e+06	0
6.06961e+06	0
6.06971e+06	0
6.06981e+06	0
6.06991e+06	0
6.07001e+06	0
6.07011e+06	0
6.07021e+06	0
6.07031e+06	0
6.07041e+06	0
6.07051e+06	0
6.07061e+06	0
6.07071e+06	0
6.07081e+06	0
6.07091e+06	0
6.07101e+06	0
6.07111e+06	0
6.07121e+06	0
6.07131e+06	0
6.07141e+06	0
6.07151e+06	0
6.07161e+06	0
6.07171e+06	0
6.07181e+06	0
6.07191e+06	0
6.07201e+06	0
6.07211e+06	0
6.07221e+06	0
6.07231e+06	0
6.07241e+06	0
6.07251e+06	0
6.07261e+06	0
6.07271e+06	0
6.07281e+06	0
6.07291e+06	0
6.07301e+06	0
6.07311e+06	0
6.07321e+06	0
6.07331e+06	0
6.07341e+06	0
6.07351e+06	0
6.07361e+06	0
6.07371e+06	0
6.07381e+06	0
6.07391e+06	0
6.07401e+06	0
6.07411e+06	0
6.07421e+06	0
6.07431e+06	0
6.07441e+06	0
6.07451e+06	0
6.07461e+06	0
6.07471e+06	0
6.07481e+06	0
6.07491e+06	0
6.07501e+06	0
6.07511e+06	0
6.07521e+06	0
6.07531e+06	0
6.07541e+06	0
6.07551e+06	0
6.07561e+06	0
6.07571e+06	0
6.07581e+06	0
6.07591e+06	0
6.07601e+06	0
6.07611e+06	0
6.07621e+06	0
6.07631e+06	0
6.07641e+06	0
6.07651e+06	0
6.07661e+06	0
6.07671e+06	0
6.07681e+06	0
6.07691e+06	0
6.07701e+06	0
6.07711e+06	0
6.07721e+06	0
6.07731e+06	0
6.07741e+06	0
6.07751e+06	0
6.07761e+06	0
6.07771e+06	0
6.07781e+06	0
6.07791e+06	0
6.07801e+06	0
6.07811e+06	0
6.07821e+06	0
6.07831e+06	0
6.07841e+06	0
6.07851e+06	0
6.07861e+06	0
6.07871e+06	0
6.07881e+06	0
6.07891e+06	0
6.07901e+06	0
6.07911e+06	0
6.07921e+06	0
6.07931e+06	0
6.07941e+06	0
6.07951e+06	0
6.07961e+06	0
6.07971e+06	0
6.07981e+06	0
6.07991e+06	0
6.08001e+06	0
6.08011e+06	0
6.08021e+06	0
6.08031e+06	0
6.08041e+06	0
6.08051e+06	0
6.08061e+06	0
6.08071e+06	0
6.08081e+06	0
6.08091e+06	0
6.08101e+06	0
6.08111e+06	0
6.08121e+06	0
6.08131e+06	0
6.08141e+06	0
6.08151e+06	0
6.08161e+06	0
6.08171e+06	0
6.08181e+06	0
6.08191e+06	0
6.08201e+06	0
6.08211e+06	0
6.08221e+06	0
6.08231e+06	0
6.08241e+06	0
6.08251e+06	0
6.08261e+06	0
6.08271e+06	0
6.08281e+06	0
6.08291e+06	0
6.08301e+06	0
6.08311e+06	0
6.08321e+06	0
6.08331e+06	0
6.08341e+06	0
6.08351e+06	0
6.08361e+06	0
6.08371e+06	0
6.08381e+06	0
6.08391e+06	0
6.08401e+06	0
6.08411e+06	0
6.08421e+06	0
6.08431e+06	0
6.08441e+06	0
6.08451e+06	0
6.08461e+06	0
6.08471e+06	0
6.08481e+06	0
6.08491e+06	0
6.08501e+06	0
6.08511e+06	0
6.08521e+06	0
6.08531e+06	0
6.08541e+06	0
6.08551e+06	0
6.08561e+06	0
6.08571e+06	0
6.08581e+06	0
6.08591e+06	0
6.08601e+06	0
6.08611e+06	0
6.08621e+06	0
6.08631e+06	0
6.08641e+06	0
6.08651e+06	0
6.08661e+06	0
6.08671e+06	0
6.08681e+06	0
6.08691e+06	0
6.08701e+06	0
6.08711e+06	0
6.08721e+06	0
6.08731e+06	0
6.08741e+06	0
6.08751e+06	0
6.08761e+06	0
6.08771e+06	0
6.08781e+06	0
6.08791e+06	0
6.08801e+06	0
6.08811e+06	0
6.08821e+06	0
6.08831e+06	0
6.08841e+06	0
6.08851e+06	0
6.08861e+06	0
6.08871e+06	0
6.08881e+06	0
6.08891e+06	0
6.08901e+06	0
6.08911e+06	0
6.08921e+06	0
6.08931e+06	0
6.08941e+06	0
6.08951e+06	0
6.08961e+06	0
6.08971e+06	0
6.08981e+06	0
6.08991e+06	0
6.09001e+06	0
6.09011e+06	0
6.09021e+06	0
6.09031e+06	0
6.09041e+06	0
6.09051e+06	0
6.09061e+06	0
6.09071e+06	0
6.09081e+06	0
6.09091e+06	0
6.09101e+06	0
6.09111e+06	0
6.09121e+06	0
6.09131e+06	0
6.09141e+06	0
6.09151e+06	0
6.09161e+06	0
6.09171e+06	0
6.09181e+06	0
6.09191e+06	0
6.09201e+06	0
6.09211e+06	0
6.09221e+06	0
6.09231e+06	0
6.09241e+06	0
6.09251e+06	0
6.09261e+06	0
6.09271e+06	0
6.09281e+06	0
6.09291e+06	0
6.09301e+06	0
6.09311e+06	0
6.09321e+06	0
6.09331e+06	0
6.09341e+06	0
6.09351e+06	0
6.09361e+06	0
6.09371e+06	0
6.09381e+06	0
6.09391e+06	0
6.09401e+06	0
6.09411e+06	0
6.09421e+06	0
6.09431e+06	0
6.09441e+06	0
6.09451e+06	0
6.09461e+06	0
6.09471e+06	0
6.09481e+06	0
6.09491e+06	0
6.09501e+06	0
6.09511e+06	0
6.09521e+06	0
6.09531e+06	0
6.09541e+06	0
6.09551e+06	0
6.09561e+06	0
6.09571e+06	0
6.09581e+06	0
6.09591e+06	0
6.09601e+06	0
6.09611e+06	0
6.09621e+06	0
6.09631e+06	0
6.09641e+06	0
6.09651e+06	0
6.09661e+06	0
6.09671e+06	0
6.09681e+06	0
6.09691e+06	0
6.09701e+06	0
6.09711e+06	0
6.09721e+06	0
6.09731e+06	0
6.09741e+06	0
6.09751e+06	0
6.09761e+06	0
6.09771e+06	0
6.09781e+06	0
6.09791e+06	0
6.09801e+06	0
6.09811e+06	0
6.09821e+06	0
6.09831e+06	0
6.09841e+06	0
6.09851e+06	0
6.09861e+06	0
6.09871e+06	0
6.09881e+06	0
6.09891e+06	0
6.09901e+06	0
6.09911e+06	0
6.09921e+06	0
6.09931e+06	0
6.09941e+06	0
6.09951e+06	0
6.09961e+06	0
6.09971e+06	0
6.09981e+06	0
6.09991e+06	0
6.10001e+06	0
6.10011e+06	0
6.10021e+06	0
6.10031e+06	0
6.10041e+06	0
6.10051e+06	0
6.10061e+06	0
6.10071e+06	0
6.10081e+06	0
6.10091e+06	0
6.10101e+06	0
6.10111e+06	0
6.10121e+06	0
6.10131e+06	0
6.10141e+06	0
6.10151e+06	0
6.10161e+06	0
6.10171e+06	0
6.10181e+06	0
6.10191e+06	0
6.10201e+06	0
6.10211e+06	0
6.10221e+06	0
6.10231e+06	0
6.10241e+06	0
6.10251e+06	0
6.10261e+06	0
6.10271e+06	0
6.10281e+06	0
6.10291e+06	0
6.10301e+06	0
6.10311e+06	0
6.10321e+06	0
6.10331e+06	0
6.10341e+06	0
6.10351e+06	0
6.10361e+06	0
6.10371e+06	0
6.10381e+06	0
6.10391e+06	0
6.10401e+06	0
6.10411e+06	0
6.10421e+06	0
6.10431e+06	0
6.10441e+06	0
6.10451e+06	0
6.10461e+06	0
6.10471e+06	0
6.10481e+06	0
6.10491e+06	0
6.10501e+06	0
6.10511e+06	0
6.10521e+06	0
6.10531e+06	0
6.10541e+06	0
6.10551e+06	0
6.10561e+06	0
6.10571e+06	0
6.10581e+06	0
6.10591e+06	0
6.10601e+06	0
6.10611e+06	0
6.10621e+06	0
6.10631e+06	0
6.10641e+06	0
6.10651e+06	0
6.10661e+06	0
6.10671e+06	0
6.10681e+06	0
6.10691e+06	0
6.10701e+06	0
6.10711e+06	0
6.10721e+06	0
6.10731e+06	0
6.10741e+06	0
6.10751e+06	0
6.10761e+06	0
6.10771e+06	0
6.10781e+06	0
6.10791e+06	0
6.10801e+06	0
6.10811e+06	0
6.10821e+06	0
6.10831e+06	0
6.10841e+06	0
6.10851e+06	0
6.10861e+06	0
6.10871e+06	0
6.10881e+06	0
6.10891e+06	0
6.10901e+06	0
6.10911e+06	0
6.10921e+06	0
6.10931e+06	0
6.10941e+06	0
6.10951e+06	0
6.10961e+06	0
6.10971e+06	0
6.10981e+06	0
6.10991e+06	0
6.11001e+06	0
6.11011e+06	0
6.11021e+06	0
6.11031e+06	0
6.11041e+06	0
6.11051e+06	0
6.11061e+06	0
6.11071e+06	0
6.11081e+06	0
6.11091e+06	0
6.11101e+06	0
6.11111e+06	0
6.11121e+06	0
6.11131e+06	0
6.11141e+06	0
6.11151e+06	0
6.11161e+06	0
6.11171e+06	0
6.11181e+06	0
6.11191e+06	0
6.11201e+06	0
6.11211e+06	0
6.11221e+06	0
6.11231e+06	0
6.11241e+06	0
6.11251e+06	0
6.11261e+06	0
6.11271e+06	0
6.11281e+06	0
6.11291e+06	0
6.11301e+06	0
6.11311e+06	0
6.11321e+06	0
6.11331e+06	0
6.11341e+06	0
6.11351e+06	0
6.11361e+06	0
6.11371e+06	0
6.11381e+06	0
6.11391e+06	0
6.11401e+06	0
6.11411e+06	0
6.11421e+06	0
6.11431e+06	0
6.11441e+06	0
6.11451e+06	0
6.11461e+06	0
6.11471e+06	0
6.11481e+06	0
6.11491e+06	0
6.11501e+06	0
6.11511e+06	0
6.11521e+06	0
6.11531e+06	0
6.11541e+06	0
6.11551e+06	0
6.11561e+06	0
6.11571e+06	0
6.11581e+06	0
6.11591e+06	0
6.11601e+06	0
6.11611e+06	0
6.11621e+06	0
6.11631e+06	0
6.11641e+06	0
6.11651e+06	0
6.11661e+06	0
6.11671e+06	0
6.11681e+06	0
6.11691e+06	0
6.11701e+06	0
6.11711e+06	0
6.11721e+06	0
6.11731e+06	0
6.11741e+06	0
6.11751e+06	0
6.11761e+06	0
6.11771e+06	0
6.11781e+06	0
6.11791e+06	0
6.11801e+06	0
6.11811e+06	0
6.11821e+06	0
6.11831e+06	0
6.11841e+06	0
6.11851e+06	0
6.11861e+06	0
6.11871e+06	0
6.11881e+06	0
6.11891e+06	0
6.11901e+06	0
6.11911e+06	0
6.11921e+06	0
6.11931e+06	0
6.11941e+06	0
6.11951e+06	0
6.11961e+06	0
6.11971e+06	0
6.11981e+06	0
6.11991e+06	0
6.12001e+06	0
6.12011e+06	0
6.12021e+06	0
6.12031e+06	0
6.12041e+06	0
6.12051e+06	0
6.12061e+06	0
6.12071e+06	0
6.12081e+06	0
6.12091e+06	0
6.12101e+06	0
6.12111e+06	0
6.12121e+06	0
6.12131e+06	0
6.12141e+06	0
6.12151e+06	0
6.12161e+06	0
6.12171e+06	0
6.12181e+06	0
6.12191e+06	0
6.12201e+06	0
6.12211e+06	0
6.12221e+06	0
6.12231e+06	0
6.12241e+06	0
6.12251e+06	0
6.12261e+06	0
6.12271e+06	0
6.12281e+06	0
6.12291e+06	0
6.12301e+06	0
6.12311e+06	0
6.12321e+06	0
6.12331e+06	0
6.12341e+06	0
6.12351e+06	0
6.12361e+06	0
6.12371e+06	0
6.12381e+06	0
6.12391e+06	0
6.12401e+06	0
6.12411e+06	0
6.12421e+06	0
6.12431e+06	0
6.12441e+06	0
6.12451e+06	0
6.12461e+06	0
6.12471e+06	0
6.12481e+06	0
6.12491e+06	0
6.12501e+06	0
6.12511e+06	0
6.12521e+06	0
6.12531e+06	0
6.12541e+06	0
6.12551e+06	0
6.12561e+06	0
6.12571e+06	0
6.12581e+06	0
6.12591e+06	0
6.12601e+06	0
6.12611e+06	0
6.12621e+06	0
6.12631e+06	0
6.12641e+06	0
6.12651e+06	0
6.12661e+06	0
6.12671e+06	0
6.12681e+06	0
6.12691e+06	0
6.12701e+06	0
6.12711e+06	0
6.12721e+06	0
6.12731e+06	0
6.12741e+06	0
6.12751e+06	0
6.12761e+06	0
6.12771e+06	0
6.12781e+06	0
6.12791e+06	0
6.12801e+06	0
6.12811e+06	0
6.12821e+06	0
6.12831e+06	0
6.12841e+06	0
6.12851e+06	0
6.12861e+06	0
6.12871e+06	0
6.12881e+06	0
6.12891e+06	0
6.12901e+06	0
6.12911e+06	0
6.12921e+06	0
6.12931e+06	0
6.12941e+06	0
6.12951e+06	0
6.12961e+06	0
6.12971e+06	0
6.12981e+06	0
6.12991e+06	0
6.13001e+06	0
6.13011e+06	0
6.13021e+06	0
6.13031e+06	0
6.13041e+06	0
6.13051e+06	0
6.13061e+06	0
6.13071e+06	0
6.13081e+06	0
6.13091e+06	0
6.13101e+06	0
6.13111e+06	0
6.13121e+06	0
6.13131e+06	0
6.13141e+06	0
6.13151e+06	0
6.13161e+06	0
6.13171e+06	0
6.13181e+06	0
6.13191e+06	0
6.13201e+06	0
6.13211e+06	0
6.13221e+06	0
6.13231e+06	0
6.13241e+06	0
6.13251e+06	0
6.13261e+06	0
6.13271e+06	0
6.13281e+06	0
6.13291e+06	0
6.13301e+06	0
6.13311e+06	0
6.13321e+06	0
6.13331e+06	0
6.13341e+06	0
6.13351e+06	0
6.13361e+06	0
6.13371e+06	0
6.13381e+06	0
6.13391e+06	0
6.13401e+06	0
6.13411e+06	0
6.13421e+06	0
6.13431e+06	0
6.13441e+06	0
6.13451e+06	0
6.13461e+06	0
6.13471e+06	0
6.13481e+06	0
6.13491e+06	0
6.13501e+06	0
6.13511e+06	0
6.13521e+06	0
6.13531e+06	0
6.13541e+06	0
6.13551e+06	0
6.13561e+06	0
6.13571e+06	0
6.13581e+06	0
6.13591e+06	0
6.13601e+06	0
6.13611e+06	0
6.13621e+06	0
6.13631e+06	0
6.13641e+06	0
6.13651e+06	0
6.13661e+06	0
6.13671e+06	0
6.13681e+06	0
6.13691e+06	0
6.13701e+06	0
6.13711e+06	0
6.13721e+06	0
6.13731e+06	0
6.13741e+06	0
6.13751e+06	0
6.13761e+06	0
6.13771e+06	0
6.13781e+06	0
6.13791e+06	0
6.13801e+06	0
6.13811e+06	0
6.13821e+06	0
6.13831e+06	0
6.13841e+06	0
6.13851e+06	0
6.13861e+06	0
6.13871e+06	0
6.13881e+06	0
6.13891e+06	0
6.13901e+06	0
6.13911e+06	0
6.13921e+06	0
6.13931e+06	0
6.13941e+06	0
6.13951e+06	0
6.13961e+06	0
6.13971e+06	0
6.13981e+06	0
6.13991e+06	0
6.14001e+06	0
6.14011e+06	0
6.14021e+06	0
6.14031e+06	0
6.14041e+06	0
6.14051e+06	0
6.14061e+06	0
6.14071e+06	0
6.14081e+06	0
6.14091e+06	0
6.14101e+06	0
6.14111e+06	0
6.14121e+06	0
6.14131e+06	0
6.14141e+06	0
6.14151e+06	0
6.14161e+06	0
6.14171e+06	0
6.14181e+06	0
6.14191e+06	0
6.14201e+06	0
6.14211e+06	0
6.14221e+06	0
6.14231e+06	0
6.14241e+06	0
6.14251e+06	0
6.14261e+06	0
6.14271e+06	0
6.14281e+06	0
6.14291e+06	0
6.14301e+06	0
6.14311e+06	0
6.14321e+06	0
6.14331e+06	0
6.14341e+06	0
6.14351e+06	0
6.14361e+06	0
6.14371e+06	0
6.14381e+06	0
6.14391e+06	0
6.14401e+06	0
6.14411e+06	0
6.14421e+06	0
6.14431e+06	0
6.14441e+06	0
6.14451e+06	0
6.14461e+06	0
6.14471e+06	0
6.14481e+06	0
6.14491e+06	0
6.14501e+06	0
6.14511e+06	0
6.14521e+06	0
6.14531e+06	0
6.14541e+06	0
6.14551e+06	0
6.14561e+06	0
6.14571e+06	0
6.14581e+06	0
6.14591e+06	0
6.14601e+06	0
6.14611e+06	0
6.14621e+06	0
6.14631e+06	0
6.14641e+06	0
6.14651e+06	0
6.14661e+06	0
6.14671e+06	0
6.14681e+06	0
6.14691e+06	0
6.14701e+06	0
6.14711e+06	0
6.14721e+06	0
6.14731e+06	0
6.14741e+06	0
6.14751e+06	0
6.14761e+06	0
6.14771e+06	0
6.14781e+06	0
6.14791e+06	0
6.14801e+06	0
6.14811e+06	0
6.14821e+06	0
6.14831e+06	0
6.14841e+06	0
6.14851e+06	0
6.14861e+06	0
6.14871e+06	0
6.14881e+06	0
6.14891e+06	0
6.14901e+06	0
6.14911e+06	0
6.14921e+06	0
6.14931e+06	0
6.14941e+06	0
6.14951e+06	0
6.14961e+06	0
6.14971e+06	0
6.14981e+06	0
6.14991e+06	0
6.15001e+06	0
6.15011e+06	0
6.15021e+06	0
6.15031e+06	0
6.15041e+06	0
6.15051e+06	0
6.15061e+06	0
6.15071e+06	0
6.15081e+06	0
6.15091e+06	0
6.15101e+06	0
6.15111e+06	0
6.15121e+06	0
6.15131e+06	0
6.15141e+06	0
6.15151e+06	0
6.15161e+06	0
6.15171e+06	0
6.15181e+06	0
6.15191e+06	0
6.15201e+06	0
6.15211e+06	0
6.15221e+06	0
6.15231e+06	0
6.15241e+06	0
6.15251e+06	0
6.15261e+06	0
6.15271e+06	0
6.15281e+06	0
6.15291e+06	0
6.15301e+06	0
6.15311e+06	0
6.15321e+06	0
6.15331e+06	0
6.15341e+06	0
6.15351e+06	0
6.15361e+06	0
6.15371e+06	0
6.15381e+06	0
6.15391e+06	0
6.15401e+06	0
6.15411e+06	0
6.15421e+06	0
6.15431e+06	0
6.15441e+06	0
6.15451e+06	0
6.15461e+06	0
6.15471e+06	0
6.15481e+06	0
6.15491e+06	0
6.15501e+06	0
6.15511e+06	0
6.15521e+06	0
6.15531e+06	0
6.15541e+06	0
6.15551e+06	0
6.15561e+06	0
6.15571e+06	0
6.15581e+06	0
6.15591e+06	0
6.15601e+06	0
6.15611e+06	0
6.15621e+06	0
6.15631e+06	0
6.15641e+06	0
6.15651e+06	0
6.15661e+06	0
6.15671e+06	0
6.15681e+06	0
6.15691e+06	0
6.15701e+06	0
6.15711e+06	0
6.15721e+06	0
6.15731e+06	0
6.15741e+06	0
6.15751e+06	0
6.15761e+06	0
6.15771e+06	0
6.15781e+06	0
6.15791e+06	0
6.15801e+06	0
6.15811e+06	0
6.15821e+06	0
6.15831e+06	0
6.15841e+06	0
6.15851e+06	0
6.15861e+06	0
6.15871e+06	0
6.15881e+06	0
6.15891e+06	0
6.15901e+06	0
6.15911e+06	0
6.15921e+06	0
6.15931e+06	0
6.15941e+06	0
6.15951e+06	0
6.15961e+06	0
6.15971e+06	0
6.15981e+06	0
6.15991e+06	0
6.16001e+06	0
6.16011e+06	0
6.16021e+06	0
6.16031e+06	0
6.16041e+06	0
6.16051e+06	0
6.16061e+06	0
6.16071e+06	0
6.16081e+06	0
6.16091e+06	0
6.16101e+06	0
6.16111e+06	0
6.16121e+06	0
6.16131e+06	0
6.16141e+06	0
6.16151e+06	0
6.16161e+06	0
6.16171e+06	0
6.16181e+06	0
6.16191e+06	0
6.16201e+06	0
6.16211e+06	0
6.16221e+06	0
6.16231e+06	0
6.16241e+06	0
6.16251e+06	0
6.16261e+06	0
6.16271e+06	0
6.16281e+06	0
6.16291e+06	0
6.16301e+06	0
6.16311e+06	0
6.16321e+06	0
6.16331e+06	0
6.16341e+06	0
6.16351e+06	0
6.16361e+06	0
6.16371e+06	0
6.16381e+06	0
6.16391e+06	0
6.16401e+06	0
6.16411e+06	0
6.16421e+06	0
6.16431e+06	0
6.16441e+06	0
6.16451e+06	0
6.16461e+06	0
6.16471e+06	0
6.16481e+06	0
6.16491e+06	0
6.16501e+06	0
6.16511e+06	0
6.16521e+06	0
6.16531e+06	0
6.16541e+06	0
6.16551e+06	0
6.16561e+06	0
6.16571e+06	0
6.16581e+06	0
6.16591e+06	0
6.16601e+06	0
6.16611e+06	0
6.16621e+06	0
6.16631e+06	0
6.16641e+06	0
6.16651e+06	0
6.16661e+06	0
6.16671e+06	0
6.16681e+06	0
6.16691e+06	0
6.16701e+06	0
6.16711e+06	0
6.16721e+06	0
6.16731e+06	0
6.16741e+06	0
6.16751e+06	0
6.16761e+06	0
6.16771e+06	0
6.16781e+06	0
6.16791e+06	0
6.16801e+06	0
6.16811e+06	0
6.16821e+06	0
6.16831e+06	0
6.16841e+06	0
6.16851e+06	0
6.16861e+06	0
6.16871e+06	0
6.16881e+06	0
6.16891e+06	0
6.16901e+06	0
6.16911e+06	0
6.16921e+06	0
6.16931e+06	0
6.16941e+06	0
6.16951e+06	0
6.16961e+06	0
6.16971e+06	0
6.16981e+06	0
6.16991e+06	0
6.17001e+06	0
6.17011e+06	0
6.17021e+06	0
6.17031e+06	0
6.17041e+06	0
6.17051e+06	0
6.17061e+06	0
6.17071e+06	0
6.17081e+06	0
6.17091e+06	0
6.17101e+06	0
6.17111e+06	0
6.17121e+06	0
6.17131e+06	0
6.17141e+06	0
6.17151e+06	0
6.17161e+06	0
6.17171e+06	0
6.17181e+06	0
6.17191e+06	0
6.17201e+06	0
6.17211e+06	0
6.17221e+06	0
6.17231e+06	0
6.17241e+06	0
6.17251e+06	0
6.17261e+06	0
6.17271e+06	0
6.17281e+06	0
6.17291e+06	0
6.17301e+06	0
6.17311e+06	0
6.17321e+06	0
6.17331e+06	0
6.17341e+06	0
6.17351e+06	0
6.17361e+06	0
6.17371e+06	0
6.17381e+06	0
6.17391e+06	0
6.17401e+06	0
6.17411e+06	0
6.17421e+06	0
6.17431e+06	0
6.17441e+06	0
6.17451e+06	0
6.17461e+06	0
6.17471e+06	0
6.17481e+06	0
6.17491e+06	0
6.17501e+06	0
6.17511e+06	0
6.17521e+06	0
6.17531e+06	0
6.17541e+06	0
6.17551e+06	0
6.17561e+06	0
6.17571e+06	0
6.17581e+06	0
6.17591e+06	0
6.17601e+06	0
6.17611e+06	0
6.17621e+06	0
6.17631e+06	0
6.17641e+06	0
6.17651e+06	0
6.17661e+06	0
6.17671e+06	0
6.17681e+06	0
6.17691e+06	0
6.17701e+06	0
6.17711e+06	0
6.17721e+06	0
6.17731e+06	0
6.17741e+06	0
6.17751e+06	0
6.17761e+06	0
6.17771e+06	0
6.17781e+06	0
6.17791e+06	0
6.17801e+06	0
6.17811e+06	0
6.17821e+06	0
6.17831e+06	0
6.17841e+06	0
6.17851e+06	0
6.17861e+06	0
6.17871e+06	0
6.17881e+06	0
6.17891e+06	0
6.17901e+06	0
6.17911e+06	0
6.17921e+06	0
6.17931e+06	0
6.17941e+06	0
6.17951e+06	0
6.17961e+06	0
6.17971e+06	0
6.17981e+06	0
6.17991e+06	0
6.18001e+06	0
6.18011e+06	0
6.18021e+06	0
6.18031e+06	0
6.18041e+06	0
6.18051e+06	0
6.18061e+06	0
6.18071e+06	0
6.18081e+06	0
6.18091e+06	0
6.18101e+06	0
6.18111e+06	0
6.18121e+06	0
6.18131e+06	0
6.18141e+06	0
6.18151e+06	0
6.18161e+06	0
6.18171e+06	0
6.18181e+06	0
6.18191e+06	0
6.18201e+06	0
6.18211e+06	0
6.18221e+06	0
6.18231e+06	0
6.18241e+06	0
6.18251e+06	0
6.18261e+06	0
6.18271e+06	0
6.18281e+06	0
6.18291e+06	0
6.18301e+06	0
6.18311e+06	0
6.18321e+06	0
6.18331e+06	0
6.18341e+06	0
6.18351e+06	0
6.18361e+06	0
6.18371e+06	0
6.18381e+06	0
6.18391e+06	0
6.18401e+06	0
6.18411e+06	0
6.18421e+06	0
6.18431e+06	0
6.18441e+06	0
6.18451e+06	0
6.18461e+06	0
6.18471e+06	0
6.18481e+06	0
6.18491e+06	0
6.18501e+06	0
6.18511e+06	0
6.18521e+06	0
6.18531e+06	0
6.18541e+06	0
6.18551e+06	0
6.18561e+06	0
6.18571e+06	0
6.18581e+06	0
6.18591e+06	0
6.18601e+06	0
6.18611e+06	0
6.18621e+06	0
6.18631e+06	0
6.18641e+06	0
6.18651e+06	0
6.18661e+06	0
6.18671e+06	0
6.18681e+06	0
6.18691e+06	0
6.18701e+06	0
6.18711e+06	0
6.18721e+06	0
6.18731e+06	0
6.18741e+06	0
6.18751e+06	0
6.18761e+06	0
6.18771e+06	0
6.18781e+06	0
6.18791e+06	0
6.18801e+06	0
6.18811e+06	0
6.18821e+06	0
6.18831e+06	0
6.18841e+06	0
6.18851e+06	0
6.18861e+06	0
6.18871e+06	0
6.18881e+06	0
6.18891e+06	0
6.18901e+06	0
6.18911e+06	0
6.18921e+06	0
6.18931e+06	0
6.18941e+06	0
6.18951e+06	0
6.18961e+06	0
6.18971e+06	0
6.18981e+06	0
6.18991e+06	0
6.19001e+06	0
6.19011e+06	0
6.19021e+06	0
6.19031e+06	0
6.19041e+06	0
6.19051e+06	0
6.19061e+06	0
6.19071e+06	0
6.19081e+06	0
6.19091e+06	0
6.19101e+06	0
6.19111e+06	0
6.19121e+06	0
6.19131e+06	0
6.19141e+06	0
6.19151e+06	0
6.19161e+06	0
6.19171e+06	0
6.19181e+06	0
6.19191e+06	0
6.19201e+06	0
6.19211e+06	0
6.19221e+06	0
6.19231e+06	0
6.19241e+06	0
6.19251e+06	0
6.19261e+06	0
6.19271e+06	0
6.19281e+06	0
6.19291e+06	0
6.19301e+06	0
6.19311e+06	0
6.19321e+06	0
6.19331e+06	0
6.19341e+06	0
6.19351e+06	0
6.19361e+06	0
6.19371e+06	0
6.19381e+06	0
6.19391e+06	0
6.19401e+06	0
6.19411e+06	0
6.19421e+06	0
6.19431e+06	0
6.19441e+06	0
6.19451e+06	0
6.19461e+06	0
6.19471e+06	0
6.19481e+06	0
6.19491e+06	0
6.19501e+06	0
6.19511e+06	0
6.19521e+06	0
6.19531e+06	0
6.19541e+06	0
6.19551e+06	0
6.19561e+06	0
6.19571e+06	0
6.19581e+06	0
6.19591e+06	0
6.19601e+06	0
6.19611e+06	0
6.19621e+06	0
6.19631e+06	0
6.19641e+06	0
6.19651e+06	0
6.19661e+06	0
6.19671e+06	0
6.19681e+06	0
6.19691e+06	0
6.19701e+06	0
6.19711e+06	0
6.19721e+06	0
6.19731e+06	0
6.19741e+06	0
6.19751e+06	0
6.19761e+06	0
6.19771e+06	0
6.19781e+06	0
6.19791e+06	0
6.19801e+06	0
6.19811e+06	0
6.19821e+06	0
6.19831e+06	0
6.19841e+06	0
6.19851e+06	0
6.19861e+06	0
6.19871e+06	0
6.19881e+06	0
6.19891e+06	0
6.19901e+06	0
6.19911e+06	0
6.19921e+06	0
6.19931e+06	0
6.19941e+06	0
6.19951e+06	0
6.19961e+06	0
6.19971e+06	0
6.19981e+06	0
6.19991e+06	0
6.20001e+06	0
6.20011e+06	0
6.20021e+06	0
6.20031e+06	0
6.20041e+06	0
6.20051e+06	0
6.20061e+06	0
6.20071e+06	0
6.20081e+06	0
6.20091e+06	0
6.20101e+06	0
6.20111e+06	0
6.20121e+06	0
6.20131e+06	0
6.20141e+06	0
6.20151e+06	0
6.20161e+06	0
6.20171e+06	0
6.20181e+06	0
6.20191e+06	0
6.20201e+06	0
6.20211e+06	0
6.20221e+06	0
6.20231e+06	0
6.20241e+06	0
6.20251e+06	0
6.20261e+06	0
6.20271e+06	0
6.20281e+06	0
6.20291e+06	0
6.20301e+06	0
6.20311e+06	0
6.20321e+06	0
6.20331e+06	0
6.20341e+06	0
6.20351e+06	0
6.20361e+06	0
6.20371e+06	0
6.20381e+06	0
6.20391e+06	0
6.20401e+06	0
6.20411e+06	0
6.20421e+06	0
6.20431e+06	0
6.20441e+06	0
6.20451e+06	0
6.20461e+06	0
6.20471e+06	0
6.20481e+06	0
6.20491e+06	0
6.20501e+06	0
6.20511e+06	0
6.20521e+06	0
6.20531e+06	0
6.20541e+06	0
6.20551e+06	0
6.20561e+06	0
6.20571e+06	0
6.20581e+06	0
6.20591e+06	0
6.20601e+06	0
6.20611e+06	0
6.20621e+06	0
6.20631e+06	0
6.20641e+06	0
6.20651e+06	0
6.20661e+06	0
6.20671e+06	0
6.20681e+06	0
6.20691e+06	0
6.20701e+06	0
6.20711e+06	0
6.20721e+06	0
6.20731e+06	0
6.20741e+06	0
6.20751e+06	0
6.20761e+06	0
6.20771e+06	0
6.20781e+06	0
6.20791e+06	0
6.20801e+06	0
6.20811e+06	0
6.20821e+06	0
6.20831e+06	0
6.20841e+06	0
6.20851e+06	0
6.20861e+06	0
6.20871e+06	0
6.20881e+06	0
6.20891e+06	0
6.20901e+06	0
6.20911e+06	0
6.20921e+06	0
6.20931e+06	0
6.20941e+06	0
6.20951e+06	0
6.20961e+06	0
6.20971e+06	0
6.20981e+06	0
6.20991e+06	0
6.21001e+06	0
6.21011e+06	0
6.21021e+06	0
6.21031e+06	0
6.21041e+06	0
6.21051e+06	0
6.21061e+06	0
6.21071e+06	0
6.21081e+06	0
6.21091e+06	0
6.21101e+06	0
6.21111e+06	0
6.21121e+06	0
6.21131e+06	0
6.21141e+06	0
6.21151e+06	0
6.21161e+06	0
6.21171e+06	0
6.21181e+06	0
6.21191e+06	0
6.21201e+06	0
6.21211e+06	0
6.21221e+06	0
6.21231e+06	0
6.21241e+06	0
6.21251e+06	0
6.21261e+06	0
6.21271e+06	0
6.21281e+06	0
6.21291e+06	0
6.21301e+06	0
6.21311e+06	0
6.21321e+06	0
6.21331e+06	0
6.21341e+06	0
6.21351e+06	0
6.21361e+06	0
6.21371e+06	0
6.21381e+06	0
6.21391e+06	0
6.21401e+06	0
6.21411e+06	0
6.21421e+06	0
6.21431e+06	0
6.21441e+06	0
6.21451e+06	0
6.21461e+06	0
6.21471e+06	0
6.21481e+06	0
6.21491e+06	0
6.21501e+06	0
6.21511e+06	0
6.21521e+06	0
6.21531e+06	0
6.21541e+06	0
6.21551e+06	0
6.21561e+06	0
6.21571e+06	0
6.21581e+06	0
6.21591e+06	0
6.21601e+06	0
6.21611e+06	0
6.21621e+06	0
6.21631e+06	0
6.21641e+06	0
6.21651e+06	0
6.21661e+06	0
6.21671e+06	0
6.21681e+06	0
6.21691e+06	0
6.21701e+06	0
6.21711e+06	0
6.21721e+06	0
6.21731e+06	0
6.21741e+06	0
6.21751e+06	0
6.21761e+06	0
6.21771e+06	0
6.21781e+06	0
6.21791e+06	0
6.21801e+06	0
6.21811e+06	0
6.21821e+06	0
6.21831e+06	0
6.21841e+06	0
6.21851e+06	0
6.21861e+06	0
6.21871e+06	0
6.21881e+06	0
6.21891e+06	0
6.21901e+06	0
6.21911e+06	0
6.21921e+06	0
6.21931e+06	0
6.21941e+06	0
6.21951e+06	0
6.21961e+06	0
6.21971e+06	0
6.21981e+06	0
6.21991e+06	0
6.22001e+06	0
6.22011e+06	0
6.22021e+06	0
6.22031e+06	0
6.22041e+06	0
6.22051e+06	0
6.22061e+06	0
6.22071e+06	0
6.22081e+06	0
6.22091e+06	0
6.22101e+06	0
6.22111e+06	0
6.22121e+06	0
6.22131e+06	0
6.22141e+06	0
6.22151e+06	0
6.22161e+06	0
6.22171e+06	0
6.22181e+06	0
6.22191e+06	0
6.22201e+06	0
6.22211e+06	0
6.22221e+06	0
6.22231e+06	0
6.22241e+06	0
6.22251e+06	0
6.22261e+06	0
6.22271e+06	0
6.22281e+06	0
6.22291e+06	0
6.22301e+06	0
6.22311e+06	0
6.22321e+06	0
6.22331e+06	0
6.22341e+06	0
6.22351e+06	0
6.22361e+06	0
6.22371e+06	0
6.22381e+06	0
6.22391e+06	0
6.22401e+06	0
6.22411e+06	0
6.22421e+06	0
6.22431e+06	0
6.22441e+06	0
6.22451e+06	0
6.22461e+06	0
6.22471e+06	0
6.22481e+06	0
6.22491e+06	0
6.22501e+06	0
6.22511e+06	0
6.22521e+06	0
6.22531e+06	0
6.22541e+06	0
6.22551e+06	0
6.22561e+06	0
6.22571e+06	0
6.22581e+06	0
6.22591e+06	0
6.22601e+06	0
6.22611e+06	0
6.22621e+06	0
6.22631e+06	0
6.22641e+06	0
6.22651e+06	0
6.22661e+06	0
6.22671e+06	0
6.22681e+06	0
6.22691e+06	0
6.22701e+06	0
6.22711e+06	0
6.22721e+06	0
6.22731e+06	0
6.22741e+06	0
6.22751e+06	0
6.22761e+06	0
6.22771e+06	0
6.22781e+06	0
6.22791e+06	0
6.22801e+06	0
6.22811e+06	0
6.22821e+06	0
6.22831e+06	0
6.22841e+06	0
6.22851e+06	0
6.22861e+06	0
6.22871e+06	0
6.22881e+06	0
6.22891e+06	0
6.22901e+06	0
6.22911e+06	0
6.22921e+06	0
6.22931e+06	0
6.22941e+06	0
6.22951e+06	0
6.22961e+06	0
6.22971e+06	0
6.22981e+06	0
6.22991e+06	0
6.23001e+06	0
6.23011e+06	0
6.23021e+06	0
6.23031e+06	0
6.23041e+06	0
6.23051e+06	0
6.23061e+06	0
6.23071e+06	0
6.23081e+06	0
6.23091e+06	0
6.23101e+06	0
6.23111e+06	0
6.23121e+06	0
6.23131e+06	0
6.23141e+06	0
6.23151e+06	0
6.23161e+06	0
6.23171e+06	0
6.23181e+06	0
6.23191e+06	0
6.23201e+06	0
6.23211e+06	0
6.23221e+06	0
6.23231e+06	0
6.23241e+06	0
6.23251e+06	0
6.23261e+06	0
6.23271e+06	0
6.23281e+06	0
6.23291e+06	0
6.23301e+06	0
6.23311e+06	0
6.23321e+06	0
6.23331e+06	0
6.23341e+06	0
6.23351e+06	0
6.23361e+06	0
6.23371e+06	0
6.23381e+06	0
6.23391e+06	0
6.23401e+06	0
6.23411e+06	0
6.23421e+06	0
6.23431e+06	0
6.23441e+06	0
6.23451e+06	0
6.23461e+06	0
6.23471e+06	0
6.23481e+06	0
6.23491e+06	0
6.23501e+06	0
6.23511e+06	0
6.23521e+06	0
6.23531e+06	0
6.23541e+06	0
6.23551e+06	0
6.23561e+06	0
6.23571e+06	0
6.23581e+06	0
6.23591e+06	0
6.23601e+06	0
6.23611e+06	0
6.23621e+06	0
6.23631e+06	0
6.23641e+06	0
6.23651e+06	0
6.23661e+06	0
6.23671e+06	0
6.23681e+06	0
6.23691e+06	0
6.23701e+06	0
6.23711e+06	0
6.23721e+06	0
6.23731e+06	0
6.23741e+06	0
6.23751e+06	0
6.23761e+06	0
6.23771e+06	0
6.23781e+06	0
6.23791e+06	0
6.23801e+06	0
6.23811e+06	0
6.23821e+06	0
6.23831e+06	0
6.23841e+06	0
6.23851e+06	0
6.23861e+06	0
6.23871e+06	0
6.23881e+06	0
6.23891e+06	0
6.23901e+06	0
6.23911e+06	0
6.23921e+06	0
6.23931e+06	0
6.23941e+06	0
6.23951e+06	0
6.23961e+06	0
6.23971e+06	0
6.23981e+06	0
6.23991e+06	0
6.24001e+06	0
6.24011e+06	0
6.24021e+06	0
6.24031e+06	0
6.24041e+06	0
6.24051e+06	0
6.24061e+06	0
6.24071e+06	0
6.24081e+06	0
6.24091e+06	0
6.24101e+06	0
6.24111e+06	0
6.24121e+06	0
6.24131e+06	0
6.24141e+06	0
6.24151e+06	0
6.24161e+06	0
6.24171e+06	0
6.24181e+06	0
6.24191e+06	0
6.24201e+06	0
6.24211e+06	0
6.24221e+06	0
6.24231e+06	0
6.24241e+06	0
6.24251e+06	0
6.24261e+06	0
6.24271e+06	0
6.24281e+06	0
6.24291e+06	0
6.24301e+06	0
6.24311e+06	0
6.24321e+06	0
6.24331e+06	0
6.24341e+06	0
6.24351e+06	0
6.24361e+06	0
6.24371e+06	0
6.24381e+06	0
6.24391e+06	0
6.24401e+06	0
6.24411e+06	0
6.24421e+06	0
6.24431e+06	0
6.24441e+06	0
6.24451e+06	0
6.24461e+06	0
6.24471e+06	0
6.24481e+06	0
6.24491e+06	0
6.24501e+06	0
6.24511e+06	0
6.24521e+06	0
6.24531e+06	0
6.24541e+06	0
6.24551e+06	0
6.24561e+06	0
6.24571e+06	0
6.24581e+06	0
6.24591e+06	0
6.24601e+06	0
6.24611e+06	0
6.24621e+06	0
6.24631e+06	0
6.24641e+06	0
6.24651e+06	0
6.24661e+06	0
6.24671e+06	0
6.24681e+06	0
6.24691e+06	0
6.24701e+06	0
6.24711e+06	0
6.24721e+06	0
6.24731e+06	0
6.24741e+06	0
6.24751e+06	0
6.24761e+06	0
6.24771e+06	0
6.24781e+06	0
6.24791e+06	0
6.24801e+06	0
6.24811e+06	0
6.24821e+06	0
6.24831e+06	0
6.24841e+06	0
6.24851e+06	0
6.24861e+06	0
6.24871e+06	0
6.24881e+06	0
6.24891e+06	0
6.24901e+06	0
6.24911e+06	0
6.24921e+06	0
6.24931e+06	0
6.24941e+06	0
6.24951e+06	0
6.24961e+06	0
6.24971e+06	0
6.24981e+06	0
6.24991e+06	0
6.25001e+06	0
6.25011e+06	0
6.25021e+06	0
6.25031e+06	0
6.25041e+06	0
6.25051e+06	0
6.25061e+06	0
6.25071e+06	0
6.25081e+06	0
6.25091e+06	0
6.25101e+06	0
6.25111e+06	0
6.25121e+06	0
6.25131e+06	0
6.25141e+06	0
6.25151e+06	0
6.25161e+06	0
6.25171e+06	0
6.25181e+06	0
6.25191e+06	0
6.25201e+06	0
6.25211e+06	0
6.25221e+06	0
6.25231e+06	0
6.25241e+06	0
6.25251e+06	0
6.25261e+06	0
6.25271e+06	0
6.25281e+06	0
6.25291e+06	0
6.25301e+06	0
6.25311e+06	0
6.25321e+06	0
6.25331e+06	0
6.25341e+06	0
6.25351e+06	0
6.25361e+06	0
6.25371e+06	0
6.25381e+06	0
6.25391e+06	0
6.25401e+06	0
6.25411e+06	0
6.25421e+06	0
6.25431e+06	0
6.25441e+06	0
6.25451e+06	0
6.25461e+06	0
6.25471e+06	0
6.25481e+06	0
6.25491e+06	0
6.25501e+06	0
6.25511e+06	0
6.25521e+06	0
6.25531e+06	0
6.25541e+06	0
6.25551e+06	0
6.25561e+06	0
6.25571e+06	0
6.25581e+06	0
6.25591e+06	0
6.25601e+06	0
6.25611e+06	0
6.25621e+06	0
6.25631e+06	0
6.25641e+06	0
6.25651e+06	0
6.25661e+06	0
6.25671e+06	0
6.25681e+06	0
6.25691e+06	0
6.25701e+06	0
6.25711e+06	0
6.25721e+06	0
6.25731e+06	0
6.25741e+06	0
6.25751e+06	0
6.25761e+06	0
6.25771e+06	0
6.25781e+06	0
6.25791e+06	0
6.25801e+06	0
6.25811e+06	0
6.25821e+06	0
6.25831e+06	0
6.25841e+06	0
6.25851e+06	0
6.25861e+06	0
6.25871e+06	0
6.25881e+06	0
6.25891e+06	0
6.25901e+06	0
6.25911e+06	0
6.25921e+06	0
6.25931e+06	0
6.25941e+06	0
6.25951e+06	0
6.25961e+06	0
6.25971e+06	0
6.25981e+06	0
6.25991e+06	0
6.26001e+06	0
6.26011e+06	0
6.26021e+06	0
6.26031e+06	0
6.26041e+06	0
6.26051e+06	0
6.26061e+06	0
6.26071e+06	0
6.26081e+06	0
6.26091e+06	0
6.26101e+06	0
6.26111e+06	0
6.26121e+06	0
6.26131e+06	0
6.26141e+06	0
6.26151e+06	0
6.26161e+06	0
6.26171e+06	0
6.26181e+06	0
6.26191e+06	0
6.26201e+06	0
6.26211e+06	0
6.26221e+06	0
6.26231e+06	0
6.26241e+06	0
6.26251e+06	0
6.26261e+06	0
6.26271e+06	0
6.26281e+06	0
6.26291e+06	0
6.26301e+06	0
6.26311e+06	0
6.26321e+06	0
6.26331e+06	0
6.26341e+06	0
6.26351e+06	0
6.26361e+06	0
6.26371e+06	0
6.26381e+06	0
6.26391e+06	0
6.26401e+06	0
6.26411e+06	0
6.26421e+06	0
6.26431e+06	0
6.26441e+06	0
6.26451e+06	0
6.26461e+06	0
6.26471e+06	0
6.26481e+06	0
6.26491e+06	0
6.26501e+06	0
6.26511e+06	0
6.26521e+06	0
6.26531e+06	0
6.26541e+06	0
6.26551e+06	0
6.26561e+06	0
6.26571e+06	0
6.26581e+06	0
6.26591e+06	0
6.26601e+06	0
6.26611e+06	0
6.26621e+06	0
6.26631e+06	0
6.26641e+06	0
6.26651e+06	0
6.26661e+06	0
6.26671e+06	0
6.26681e+06	0
6.26691e+06	0
6.26701e+06	0
6.26711e+06	0
6.26721e+06	0
6.26731e+06	0
6.26741e+06	0
6.26751e+06	0
6.26761e+06	0
6.26771e+06	0
6.26781e+06	0
6.26791e+06	0
6.26801e+06	0
6.26811e+06	0
6.26821e+06	0
6.26831e+06	0
6.26841e+06	0
6.26851e+06	0
6.26861e+06	0
6.26871e+06	0
6.26881e+06	0
6.26891e+06	0
6.26901e+06	0
6.26911e+06	0
6.26921e+06	0
6.26931e+06	0
6.26941e+06	0
6.26951e+06	0
6.26961e+06	0
6.26971e+06	0
6.26981e+06	0
6.26991e+06	0
6.27001e+06	0
6.27011e+06	0
6.27021e+06	0
6.27031e+06	0
6.27041e+06	0
6.27051e+06	0
6.27061e+06	0
6.27071e+06	0
6.27081e+06	0
6.27091e+06	0
6.27101e+06	0
6.27111e+06	0
6.27121e+06	0
6.27131e+06	0
6.27141e+06	0
6.27151e+06	0
6.27161e+06	0
6.27171e+06	0
6.27181e+06	0
6.27191e+06	0
6.27201e+06	0
6.27211e+06	0
6.27221e+06	0
6.27231e+06	0
6.27241e+06	0
6.27251e+06	0
6.27261e+06	0
6.27271e+06	0
6.27281e+06	0
6.27291e+06	0
6.27301e+06	0
6.27311e+06	0
6.27321e+06	0
6.27331e+06	0
6.27341e+06	0
6.27351e+06	0
6.27361e+06	0
6.27371e+06	0
6.27381e+06	0
6.27391e+06	0
6.27401e+06	0
6.27411e+06	0
6.27421e+06	0
6.27431e+06	0
6.27441e+06	0
6.27451e+06	0
6.27461e+06	0
6.27471e+06	0
6.27481e+06	0
6.27491e+06	0
6.27501e+06	0
6.27511e+06	0
6.27521e+06	0
6.27531e+06	0
6.27541e+06	0
6.27551e+06	0
6.27561e+06	0
6.27571e+06	0
6.27581e+06	0
6.27591e+06	0
6.27601e+06	0
6.27611e+06	0
6.27621e+06	0
6.27631e+06	0
6.27641e+06	0
6.27651e+06	0
6.27661e+06	0
6.27671e+06	0
6.27681e+06	0
6.27691e+06	0
6.27701e+06	0
6.27711e+06	0
6.27721e+06	0
6.27731e+06	0
6.27741e+06	0
6.27751e+06	0
6.27761e+06	0
6.27771e+06	0
6.27781e+06	0
6.27791e+06	0
6.27801e+06	0
6.27811e+06	0
6.27821e+06	0
6.27831e+06	0
6.27841e+06	0
6.27851e+06	0
6.27861e+06	0
6.27871e+06	0
6.27881e+06	0
6.27891e+06	0
6.27901e+06	0
6.27911e+06	0
6.27921e+06	0
6.27931e+06	0
6.27941e+06	0
6.27951e+06	0
6.27961e+06	0
6.27971e+06	0
6.27981e+06	0
6.27991e+06	0
6.28001e+06	0
6.28011e+06	0
6.28021e+06	0
6.28031e+06	0
6.28041e+06	0
6.28051e+06	0
6.28061e+06	0
6.28071e+06	0
6.28081e+06	0
6.28091e+06	0
6.28101e+06	0
6.28111e+06	0
6.28121e+06	0
6.28131e+06	0
6.28141e+06	0
6.28151e+06	0
6.28161e+06	0
6.28171e+06	0
6.28181e+06	0
6.28191e+06	0
6.28201e+06	0
6.28211e+06	0
6.28221e+06	0
6.28231e+06	0
6.28241e+06	0
6.28251e+06	0
6.28261e+06	0
6.28271e+06	0
6.28281e+06	0
6.28291e+06	0
6.28301e+06	0
6.28311e+06	0
6.28321e+06	0
6.28331e+06	0
6.28341e+06	0
6.28351e+06	0
6.28361e+06	0
6.28371e+06	0
6.28381e+06	0
6.28391e+06	0
6.28401e+06	0
6.28411e+06	0
6.28421e+06	0
6.28431e+06	0
6.28441e+06	0
6.28451e+06	0
6.28461e+06	0
6.28471e+06	0
6.28481e+06	0
6.28491e+06	0
6.28501e+06	0
6.28511e+06	0
6.28521e+06	0
6.28531e+06	0
6.28541e+06	0
6.28551e+06	0
6.28561e+06	0
6.28571e+06	0
6.28581e+06	0
6.28591e+06	0
6.28601e+06	0
6.28611e+06	0
6.28621e+06	0
6.28631e+06	0
6.28641e+06	0
6.28651e+06	0
6.28661e+06	0
6.28671e+06	0
6.28681e+06	0
6.28691e+06	0
6.28701e+06	0
6.28711e+06	0
6.28721e+06	0
6.28731e+06	0
6.28741e+06	0
6.28751e+06	0
6.28761e+06	0
6.28771e+06	0
6.28781e+06	0
6.28791e+06	0
6.28801e+06	0
6.28811e+06	0
6.28821e+06	0
6.28831e+06	0
6.28841e+06	0
6.28851e+06	0
6.28861e+06	0
6.28871e+06	0
6.28881e+06	0
6.28891e+06	0
6.28901e+06	0
6.28911e+06	0
6.28921e+06	0
6.28931e+06	0
6.28941e+06	0
6.28951e+06	0
6.28961e+06	0
6.28971e+06	0
6.28981e+06	0
6.28991e+06	0
6.29001e+06	0
6.29011e+06	0
6.29021e+06	0
6.29031e+06	0
6.29041e+06	0
6.29051e+06	0
6.29061e+06	0
6.29071e+06	0
6.29081e+06	0
6.29091e+06	0
6.29101e+06	0
6.29111e+06	0
6.29121e+06	0
6.29131e+06	0
6.29141e+06	0
6.29151e+06	0
6.29161e+06	0
6.29171e+06	0
6.29181e+06	0
6.29191e+06	0
6.29201e+06	0
6.29211e+06	0
6.29221e+06	0
6.29231e+06	0
6.29241e+06	0
6.29251e+06	0
6.29261e+06	0
6.29271e+06	0
6.29281e+06	0
6.29291e+06	0
6.29301e+06	0
6.29311e+06	0
6.29321e+06	0
6.29331e+06	0
6.29341e+06	0
6.29351e+06	0
6.29361e+06	0
6.29371e+06	0
6.29381e+06	0
6.29391e+06	0
6.29401e+06	0
6.29411e+06	0
6.29421e+06	0
6.29431e+06	0
6.29441e+06	0
6.29451e+06	0
6.29461e+06	0
6.29471e+06	0
6.29481e+06	0
6.29491e+06	0
6.29501e+06	0
6.29511e+06	0
6.29521e+06	0
6.29531e+06	0
6.29541e+06	0
6.29551e+06	0
6.29561e+06	0
6.29571e+06	0
6.29581e+06	0
6.29591e+06	0
6.29601e+06	0
6.29611e+06	0
6.29621e+06	0
6.29631e+06	0
6.29641e+06	0
6.29651e+06	0
6.29661e+06	0
6.29671e+06	0
6.29681e+06	0
6.29691e+06	0
6.29701e+06	0
6.29711e+06	0
6.29721e+06	0
6.29731e+06	0
6.29741e+06	0
6.29751e+06	0
6.29761e+06	0
6.29771e+06	0
6.29781e+06	0
6.29791e+06	0
6.29801e+06	0
6.29811e+06	0
6.29821e+06	0
6.29831e+06	0
6.29841e+06	0
6.29851e+06	0
6.29861e+06	0
6.29871e+06	0
6.29881e+06	0
6.29891e+06	0
6.29901e+06	0
6.29911e+06	0
6.29921e+06	0
6.29931e+06	0
6.29941e+06	0
6.29951e+06	0
6.29961e+06	0
6.29971e+06	0
6.29981e+06	0
6.29991e+06	0
6.30001e+06	0
6.30011e+06	0
6.30021e+06	0
6.30031e+06	0
6.30041e+06	0
6.30051e+06	0
6.30061e+06	0
6.30071e+06	0
6.30081e+06	0
6.30091e+06	0
6.30101e+06	0
6.30111e+06	0
6.30121e+06	0
6.30131e+06	0
6.30141e+06	0
6.30151e+06	0
6.30161e+06	0
6.30171e+06	0
6.30181e+06	0
6.30191e+06	0
6.30201e+06	0
6.30211e+06	0
6.30221e+06	0
6.30231e+06	0
6.30241e+06	0
6.30251e+06	0
6.30261e+06	0
6.30271e+06	0
6.30281e+06	0
6.30291e+06	0
6.30301e+06	0
6.30311e+06	0
6.30321e+06	0
6.30331e+06	0
6.30341e+06	0
6.30351e+06	0
6.30361e+06	0
6.30371e+06	0
6.30381e+06	0
6.30391e+06	0
6.30401e+06	0
6.30411e+06	0
6.30421e+06	0
6.30431e+06	0
6.30441e+06	0
6.30451e+06	0
6.30461e+06	0
6.30471e+06	0
6.30481e+06	0
6.30491e+06	0
6.30501e+06	0
6.30511e+06	0
6.30521e+06	0
6.30531e+06	0
6.30541e+06	0
6.30551e+06	0
6.30561e+06	0
6.30571e+06	0
6.30581e+06	0
6.30591e+06	0
6.30601e+06	0
6.30611e+06	0
6.30621e+06	0
6.30631e+06	0
6.30641e+06	0
6.30651e+06	0
6.30661e+06	0
6.30671e+06	0
6.30681e+06	0
6.30691e+06	0
6.30701e+06	0
6.30711e+06	0
6.30721e+06	0
6.30731e+06	0
6.30741e+06	0
6.30751e+06	0
6.30761e+06	0
6.30771e+06	0
6.30781e+06	0
6.30791e+06	0
6.30801e+06	0
6.30811e+06	0
6.30821e+06	0
6.30831e+06	0
6.30841e+06	0
6.30851e+06	0
6.30861e+06	0
6.30871e+06	0
6.30881e+06	0
6.30891e+06	0
6.30901e+06	0
6.30911e+06	0
6.30921e+06	0
6.30931e+06	0
6.30941e+06	0
6.30951e+06	0
6.30961e+06	0
6.30971e+06	0
6.30981e+06	0
6.30991e+06	0
6.31001e+06	0
6.31011e+06	0
6.31021e+06	0
6.31031e+06	0
6.31041e+06	0
6.31051e+06	0
6.31061e+06	0
6.31071e+06	0
6.31081e+06	0
6.31091e+06	0
6.31101e+06	0
6.31111e+06	0
6.31121e+06	0
6.31131e+06	0
6.31141e+06	0
6.31151e+06	0
6.31161e+06	0
6.31171e+06	0
6.31181e+06	0
6.31191e+06	0
6.31201e+06	0
6.31211e+06	0
6.31221e+06	0
6.31231e+06	0
6.31241e+06	0
6.31251e+06	0
6.31261e+06	0
6.31271e+06	0
6.31281e+06	0
6.31291e+06	0
6.31301e+06	0
6.31311e+06	0
6.31321e+06	0
6.31331e+06	0
6.31341e+06	0
6.31351e+06	0
6.31361e+06	0
6.31371e+06	0
6.31381e+06	0
6.31391e+06	0
6.31401e+06	0
6.31411e+06	0
6.31421e+06	0
6.31431e+06	0
6.31441e+06	0
6.31451e+06	0
6.31461e+06	0
6.31471e+06	0
6.31481e+06	0
6.31491e+06	0
6.31501e+06	0
6.31511e+06	0
6.31521e+06	0
6.31531e+06	0
6.31541e+06	0
6.31551e+06	0
6.31561e+06	0
6.31571e+06	0
6.31581e+06	0
6.31591e+06	0
6.31601e+06	0
6.31611e+06	0
6.31621e+06	0
6.31631e+06	0
6.31641e+06	0
6.31651e+06	0
6.31661e+06	0
6.31671e+06	0
6.31681e+06	0
6.31691e+06	0
6.31701e+06	0
6.31711e+06	0
6.31721e+06	0
6.31731e+06	0
6.31741e+06	0
6.31751e+06	0
6.31761e+06	0
6.31771e+06	0
6.31781e+06	0
6.31791e+06	0
6.31801e+06	0
6.31811e+06	0
6.31821e+06	0
6.31831e+06	0
6.31841e+06	0
6.31851e+06	0
6.31861e+06	0
6.31871e+06	0
6.31881e+06	0
6.31891e+06	0
6.31901e+06	0
6.31911e+06	0
6.31921e+06	0
6.31931e+06	0
6.31941e+06	0
6.31951e+06	0
6.31961e+06	0
6.31971e+06	0
6.31981e+06	0
6.31991e+06	0
6.32001e+06	0
6.32011e+06	0
6.32021e+06	0
6.32031e+06	0
6.32041e+06	0
6.32051e+06	0
6.32061e+06	0
6.32071e+06	0
6.32081e+06	0
6.32091e+06	0
6.32101e+06	0
6.32111e+06	0
6.32121e+06	0
6.32131e+06	0
6.32141e+06	0
6.32151e+06	0
6.32161e+06	0
6.32171e+06	0
6.32181e+06	0
6.32191e+06	0
6.32201e+06	0
6.32211e+06	0
6.32221e+06	0
6.32231e+06	0
6.32241e+06	0
6.32251e+06	0
6.32261e+06	0
6.32271e+06	0
6.32281e+06	0
6.32291e+06	0
6.32301e+06	0
6.32311e+06	0
6.32321e+06	0
6.32331e+06	0
6.32341e+06	0
6.32351e+06	0
6.32361e+06	0
6.32371e+06	0
6.32381e+06	0
6.32391e+06	0
6.32401e+06	0
6.32411e+06	0
6.32421e+06	0
6.32431e+06	0
6.32441e+06	0
6.32451e+06	0
6.32461e+06	0
6.32471e+06	0
6.32481e+06	0
6.32491e+06	0
6.32501e+06	0
6.32511e+06	0
6.32521e+06	0
6.32531e+06	0
6.32541e+06	0
6.32551e+06	0
6.32561e+06	0
6.32571e+06	0
6.32581e+06	0
6.32591e+06	0
6.32601e+06	0
6.32611e+06	0
6.32621e+06	0
6.32631e+06	0
6.32641e+06	0
6.32651e+06	0
6.32661e+06	0
6.32671e+06	0
6.32681e+06	0
6.32691e+06	0
6.32701e+06	0
6.32711e+06	0
6.32721e+06	0
6.32731e+06	0
6.32741e+06	0
6.32751e+06	0
6.32761e+06	0
6.32771e+06	0
6.32781e+06	0
6.32791e+06	0
6.32801e+06	0
6.32811e+06	0
6.32821e+06	0
6.32831e+06	0
6.32841e+06	0
6.32851e+06	0
6.32861e+06	0
6.32871e+06	0
6.32881e+06	0
6.32891e+06	0
6.32901e+06	0
6.32911e+06	0
6.32921e+06	0
6.32931e+06	0
6.32941e+06	0
6.32951e+06	0
6.32961e+06	0
6.32971e+06	0
6.32981e+06	0
6.32991e+06	0
6.33001e+06	0
6.33011e+06	0
6.33021e+06	0
6.33031e+06	0
6.33041e+06	0
6.33051e+06	0
6.33061e+06	0
6.33071e+06	0
6.33081e+06	0
6.33091e+06	0
6.33101e+06	0
6.33111e+06	0
6.33121e+06	0
6.33131e+06	0
6.33141e+06	0
6.33151e+06	0
6.33161e+06	0
6.33171e+06	0
6.33181e+06	0
6.33191e+06	0
6.33201e+06	0
6.33211e+06	0
6.33221e+06	0
6.33231e+06	0
6.33241e+06	0
6.33251e+06	0
6.33261e+06	0
6.33271e+06	0
6.33281e+06	0
6.33291e+06	0
6.33301e+06	0
6.33311e+06	0
6.33321e+06	0
6.33331e+06	0
6.33341e+06	0
6.33351e+06	0
6.33361e+06	0
6.33371e+06	0
6.33381e+06	0
6.33391e+06	0
6.33401e+06	0
6.33411e+06	0
6.33421e+06	0
6.33431e+06	0
6.33441e+06	0
6.33451e+06	0
6.33461e+06	0
6.33471e+06	0
6.33481e+06	0
6.33491e+06	0
6.33501e+06	0
6.33511e+06	0
6.33521e+06	0
6.33531e+06	0
6.33541e+06	0
6.33551e+06	0
6.33561e+06	0
6.33571e+06	0
6.33581e+06	0
6.33591e+06	0
6.33601e+06	0
6.33611e+06	0
6.33621e+06	0
6.33631e+06	0
6.33641e+06	0
6.33651e+06	0
6.33661e+06	0
6.33671e+06	0
6.33681e+06	0
6.33691e+06	0
6.33701e+06	0
6.33711e+06	0
6.33721e+06	0
6.33731e+06	0
6.33741e+06	0
6.33751e+06	0
6.33761e+06	0
6.33771e+06	0
6.33781e+06	0
6.33791e+06	0
6.33801e+06	0
6.33811e+06	0
6.33821e+06	0
6.33831e+06	0
6.33841e+06	0
6.33851e+06	0
6.33861e+06	0
6.33871e+06	0
6.33881e+06	0
6.33891e+06	0
6.33901e+06	0
6.33911e+06	0
6.33921e+06	0
6.33931e+06	0
6.33941e+06	0
6.33951e+06	0
6.33961e+06	0
6.33971e+06	0
6.33981e+06	0
6.33991e+06	0
6.34001e+06	0
6.34011e+06	0
6.34021e+06	0
6.34031e+06	0
6.34041e+06	0
6.34051e+06	0
6.34061e+06	0
6.34071e+06	0
6.34081e+06	0
6.34091e+06	0
6.34101e+06	0
6.34111e+06	0
6.34121e+06	0
6.34131e+06	0
6.34141e+06	0
6.34151e+06	0
6.34161e+06	0
6.34171e+06	0
6.34181e+06	0
6.34191e+06	0
6.34201e+06	0
6.34211e+06	0
6.34221e+06	0
6.34231e+06	0
6.34241e+06	0
6.34251e+06	0
6.34261e+06	0
6.34271e+06	0
6.34281e+06	0
6.34291e+06	0
6.34301e+06	0
6.34311e+06	0
6.34321e+06	0
6.34331e+06	0
6.34341e+06	0
6.34351e+06	0
6.34361e+06	0
6.34371e+06	0
6.34381e+06	0
6.34391e+06	0
6.34401e+06	0
6.34411e+06	0
6.34421e+06	0
6.34431e+06	0
6.34441e+06	0
6.34451e+06	0
6.34461e+06	0
6.34471e+06	0
6.34481e+06	0
6.34491e+06	0
6.34501e+06	0
6.34511e+06	0
6.34521e+06	0
6.34531e+06	0
6.34541e+06	0
6.34551e+06	0
6.34561e+06	0
6.34571e+06	0
6.34581e+06	0
6.34591e+06	0
6.34601e+06	0
6.34611e+06	0
6.34621e+06	0
6.34631e+06	0
6.34641e+06	0
6.34651e+06	0
6.34661e+06	0
6.34671e+06	0
6.34681e+06	0
6.34691e+06	0
6.34701e+06	0
6.34711e+06	0
6.34721e+06	0
6.34731e+06	0
6.34741e+06	0
6.34751e+06	0
6.34761e+06	0
6.34771e+06	0
6.34781e+06	0
6.34791e+06	0
6.34801e+06	0
6.34811e+06	0
6.34821e+06	0
6.34831e+06	0
6.34841e+06	0
6.34851e+06	0
6.34861e+06	0
6.34871e+06	0
6.34881e+06	0
6.34891e+06	0
6.34901e+06	0
6.34911e+06	0
6.34921e+06	0
6.34931e+06	0
6.34941e+06	0
6.34951e+06	0
6.34961e+06	0
6.34971e+06	0
6.34981e+06	0
6.34991e+06	0
6.35001e+06	0
6.35011e+06	0
6.35021e+06	0
6.35031e+06	0
6.35041e+06	0
6.35051e+06	0
6.35061e+06	0
6.35071e+06	0
6.35081e+06	0
6.35091e+06	0
6.35101e+06	0
6.35111e+06	0
6.35121e+06	0
6.35131e+06	0
6.35141e+06	0
6.35151e+06	0
6.35161e+06	0
6.35171e+06	0
6.35181e+06	0
6.35191e+06	0
6.35201e+06	0
6.35211e+06	0
6.35221e+06	0
6.35231e+06	0
6.35241e+06	0
6.35251e+06	0
6.35261e+06	0
6.35271e+06	0
6.35281e+06	0
6.35291e+06	0
6.35301e+06	0
6.35311e+06	0
6.35321e+06	0
6.35331e+06	0
6.35341e+06	0
6.35351e+06	0
6.35361e+06	0
6.35371e+06	0
6.35381e+06	0
6.35391e+06	0
6.35401e+06	0
6.35411e+06	0
6.35421e+06	0
6.35431e+06	0
6.35441e+06	0
6.35451e+06	0
6.35461e+06	0
6.35471e+06	0
6.35481e+06	0
6.35491e+06	0
6.35501e+06	0
6.35511e+06	0
6.35521e+06	0
6.35531e+06	0
6.35541e+06	0
6.35551e+06	0
6.35561e+06	0
6.35571e+06	0
6.35581e+06	0
6.35591e+06	0
6.35601e+06	0
6.35611e+06	0
6.35621e+06	0
6.35631e+06	0
6.35641e+06	0
6.35651e+06	0
6.35661e+06	0
6.35671e+06	0
6.35681e+06	0
6.35691e+06	0
6.35701e+06	0
6.35711e+06	0
6.35721e+06	0
6.35731e+06	0
6.35741e+06	0
6.35751e+06	0
6.35761e+06	0
6.35771e+06	0
6.35781e+06	0
6.35791e+06	0
6.35801e+06	0
6.35811e+06	0
6.35821e+06	0
6.35831e+06	0
6.35841e+06	0
6.35851e+06	0
6.35861e+06	0
6.35871e+06	0
6.35881e+06	0
6.35891e+06	0
6.35901e+06	0
6.35911e+06	0
6.35921e+06	0
6.35931e+06	0
6.35941e+06	0
6.35951e+06	0
6.35961e+06	0
6.35971e+06	0
6.35981e+06	0
6.35991e+06	0
6.36001e+06	0
6.36011e+06	0
6.36021e+06	0
6.36031e+06	0
6.36041e+06	0
6.36051e+06	0
6.36061e+06	0
6.36071e+06	0
6.36081e+06	0
6.36091e+06	0
6.36101e+06	0
6.36111e+06	0
6.36121e+06	0
6.36131e+06	0
6.36141e+06	0
6.36151e+06	0
6.36161e+06	0
6.36171e+06	0
6.36181e+06	0
6.36191e+06	0
6.36201e+06	0
6.36211e+06	0
6.36221e+06	0
6.36231e+06	0
6.36241e+06	0
6.36251e+06	0
6.36261e+06	0
6.36271e+06	0
6.36281e+06	0
6.36291e+06	0
6.36301e+06	0
6.36311e+06	0
6.36321e+06	0
6.36331e+06	0
6.36341e+06	0
6.36351e+06	0
6.36361e+06	0
6.36371e+06	0
6.36381e+06	0
6.36391e+06	0
6.36401e+06	0
6.36411e+06	0
6.36421e+06	0
6.36431e+06	0
6.36441e+06	0
6.36451e+06	0
6.36461e+06	0
6.36471e+06	0
6.36481e+06	0
6.36491e+06	0
6.36501e+06	0
6.36511e+06	0
6.36521e+06	0
6.36531e+06	0
6.36541e+06	0
6.36551e+06	0
6.36561e+06	0
6.36571e+06	0
6.36581e+06	0
6.36591e+06	0
6.36601e+06	0
6.36611e+06	0
6.36621e+06	0
6.36631e+06	0
6.36641e+06	0
6.36651e+06	0
6.36661e+06	0
6.36671e+06	0
6.36681e+06	0
6.36691e+06	0
6.36701e+06	0
6.36711e+06	0
6.36721e+06	0
6.36731e+06	0
6.36741e+06	0
6.36751e+06	0
6.36761e+06	0
6.36771e+06	0
6.36781e+06	0
6.36791e+06	0
6.36801e+06	0
6.36811e+06	0
6.36821e+06	0
6.36831e+06	0
6.36841e+06	0
6.36851e+06	0
6.36861e+06	0
6.36871e+06	0
6.36881e+06	0
6.36891e+06	0
6.36901e+06	0
6.36911e+06	0
6.36921e+06	0
6.36931e+06	0
6.36941e+06	0
6.36951e+06	0
6.36961e+06	0
6.36971e+06	0
6.36981e+06	0
6.36991e+06	0
6.37001e+06	0
6.37011e+06	0
6.37021e+06	0
6.37031e+06	0
6.37041e+06	0
6.37051e+06	0
6.37061e+06	0
6.37071e+06	0
6.37081e+06	0
6.37091e+06	0
6.37101e+06	0
6.37111e+06	0
6.37121e+06	0
6.37131e+06	0
6.37141e+06	0
6.37151e+06	0
6.37161e+06	0
6.37171e+06	0
6.37181e+06	0
6.37191e+06	0
6.37201e+06	0
6.37211e+06	0
6.37221e+06	0
6.37231e+06	0
6.37241e+06	0
6.37251e+06	0
6.37261e+06	0
6.37271e+06	0
6.37281e+06	0
6.37291e+06	0
6.37301e+06	0
6.37311e+06	0
6.37321e+06	0
6.37331e+06	0
6.37341e+06	0
6.37351e+06	0
6.37361e+06	0
6.37371e+06	0
6.37381e+06	0
6.37391e+06	0
6.37401e+06	0
6.37411e+06	0
6.37421e+06	0
6.37431e+06	0
6.37441e+06	0
6.37451e+06	0
6.37461e+06	0
6.37471e+06	0
6.37481e+06	0
6.37491e+06	0
6.37501e+06	0
6.37511e+06	0
6.37521e+06	0
6.37531e+06	0
6.37541e+06	0
6.37551e+06	0
6.37561e+06	0
6.37571e+06	0
6.37581e+06	0
6.37591e+06	0
6.37601e+06	0
6.37611e+06	0
6.37621e+06	0
6.37631e+06	0
6.37641e+06	0
6.37651e+06	0
6.37661e+06	0
6.37671e+06	0
6.37681e+06	0
6.37691e+06	0
6.37701e+06	0
6.37711e+06	0
6.37721e+06	0
6.37731e+06	0
6.37741e+06	0
6.37751e+06	0
6.37761e+06	0
6.37771e+06	0
6.37781e+06	0
6.37791e+06	0
6.37801e+06	0
6.37811e+06	0
6.37821e+06	0
6.37831e+06	0
6.37841e+06	0
6.37851e+06	0
6.37861e+06	0
6.37871e+06	0
6.37881e+06	0
6.37891e+06	0
6.37901e+06	0
6.37911e+06	0
6.37921e+06	0
6.37931e+06	0
6.37941e+06	0
6.37951e+06	0
6.37961e+06	0
6.37971e+06	0
6.37981e+06	0
6.37991e+06	0
6.38001e+06	0
6.38011e+06	0
6.38021e+06	0
6.38031e+06	0
6.38041e+06	0
6.38051e+06	0
6.38061e+06	0
6.38071e+06	0
6.38081e+06	0
6.38091e+06	0
6.38101e+06	0
6.38111e+06	0
6.38121e+06	0
6.38131e+06	0
6.38141e+06	0
6.38151e+06	0
6.38161e+06	0
6.38171e+06	0
6.38181e+06	0
6.38191e+06	0
6.38201e+06	0
6.38211e+06	0
6.38221e+06	0
6.38231e+06	0
6.38241e+06	0
6.38251e+06	0
6.38261e+06	0
6.38271e+06	0
6.38281e+06	0
6.38291e+06	0
6.38301e+06	0
6.38311e+06	0
6.38321e+06	0
6.38331e+06	0
6.38341e+06	0
6.38351e+06	0
6.38361e+06	0
6.38371e+06	0
6.38381e+06	0
6.38391e+06	0
6.38401e+06	0
6.38411e+06	0
6.38421e+06	0
6.38431e+06	0
6.38441e+06	0
6.38451e+06	0
6.38461e+06	0
6.38471e+06	0
6.38481e+06	0
6.38491e+06	0
6.38501e+06	0
6.38511e+06	0
6.38521e+06	0
6.38531e+06	0
6.38541e+06	0
6.38551e+06	0
6.38561e+06	0
6.38571e+06	0
6.38581e+06	0
6.38591e+06	0
6.38601e+06	0
6.38611e+06	0
6.38621e+06	0
6.38631e+06	0
6.38641e+06	0
6.38651e+06	0
6.38661e+06	0
6.38671e+06	0
6.38681e+06	0
6.38691e+06	0
6.38701e+06	0
6.38711e+06	0
6.38721e+06	0
6.38731e+06	0
6.38741e+06	0
6.38751e+06	0
6.38761e+06	0
6.38771e+06	0
6.38781e+06	0
6.38791e+06	0
6.38801e+06	0
6.38811e+06	0
6.38821e+06	0
6.38831e+06	0
6.38841e+06	0
6.38851e+06	0
6.38861e+06	0
6.38871e+06	0
6.38881e+06	0
6.38891e+06	0
6.38901e+06	0
6.38911e+06	0
6.38921e+06	0
6.38931e+06	0
6.38941e+06	0
6.38951e+06	0
6.38961e+06	0
6.38971e+06	0
6.38981e+06	0
6.38991e+06	0
6.39001e+06	0
6.39011e+06	0
6.39021e+06	0
6.39031e+06	0
6.39041e+06	0
6.39051e+06	0
6.39061e+06	0
6.39071e+06	0
6.39081e+06	0
6.39091e+06	0
6.39101e+06	0
6.39111e+06	0
6.39121e+06	0
6.39131e+06	0
6.39141e+06	0
6.39151e+06	0
6.39161e+06	0
6.39171e+06	0
6.39181e+06	0
6.39191e+06	0
6.39201e+06	0
6.39211e+06	0
6.39221e+06	0
6.39231e+06	0
6.39241e+06	0
6.39251e+06	0
6.39261e+06	0
6.39271e+06	0
6.39281e+06	0
6.39291e+06	0
6.39301e+06	0
6.39311e+06	0
6.39321e+06	0
6.39331e+06	0
6.39341e+06	0
6.39351e+06	0
6.39361e+06	0
6.39371e+06	0
6.39381e+06	0
6.39391e+06	0
6.39401e+06	0
6.39411e+06	0
6.39421e+06	0
6.39431e+06	0
6.39441e+06	0
6.39451e+06	0
6.39461e+06	0
6.39471e+06	0
6.39481e+06	0
6.39491e+06	0
6.39501e+06	0
6.39511e+06	0
6.39521e+06	0
6.39531e+06	0
6.39541e+06	0
6.39551e+06	0
6.39561e+06	0
6.39571e+06	0
6.39581e+06	0
6.39591e+06	0
6.39601e+06	0
6.39611e+06	0
6.39621e+06	0
6.39631e+06	0
6.39641e+06	0
6.39651e+06	0
6.39661e+06	0
6.39671e+06	0
6.39681e+06	0
6.39691e+06	0
6.39701e+06	0
6.39711e+06	0
6.39721e+06	0
6.39731e+06	0
6.39741e+06	0
6.39751e+06	0
6.39761e+06	0
6.39771e+06	0
6.39781e+06	0
6.39791e+06	0
6.39801e+06	0
6.39811e+06	0
6.39821e+06	0
6.39831e+06	0
6.39841e+06	0
6.39851e+06	0
6.39861e+06	0
6.39871e+06	0
6.39881e+06	0
6.39891e+06	0
6.39901e+06	0
6.39911e+06	0
6.39921e+06	0
6.39931e+06	0
6.39941e+06	0
6.39951e+06	0
6.39961e+06	0
6.39971e+06	0
6.39981e+06	0
6.39991e+06	0
6.40001e+06	0
6.40011e+06	0
6.40021e+06	0
6.40031e+06	0
6.40041e+06	0
6.40051e+06	0
6.40061e+06	0
6.40071e+06	0
6.40081e+06	0
6.40091e+06	0
6.40101e+06	0
6.40111e+06	0
6.40121e+06	0
6.40131e+06	0
6.40141e+06	0
6.40151e+06	0
6.40161e+06	0
6.40171e+06	0
6.40181e+06	0
6.40191e+06	0
6.40201e+06	0
6.40211e+06	0
6.40221e+06	0
6.40231e+06	0
6.40241e+06	0
6.40251e+06	0
6.40261e+06	0
6.40271e+06	0
6.40281e+06	0
6.40291e+06	0
6.40301e+06	0
6.40311e+06	0
6.40321e+06	0
6.40331e+06	0
6.40341e+06	0
6.40351e+06	0
6.40361e+06	0
6.40371e+06	0
6.40381e+06	0
6.40391e+06	0
6.40401e+06	0
6.40411e+06	0
6.40421e+06	0
6.40431e+06	0
6.40441e+06	0
6.40451e+06	0
6.40461e+06	0
6.40471e+06	0
6.40481e+06	0
6.40491e+06	0
6.40501e+06	0
6.40511e+06	0
6.40521e+06	0
6.40531e+06	0
6.40541e+06	0
6.40551e+06	0
6.40561e+06	0
6.40571e+06	0
6.40581e+06	0
6.40591e+06	0
6.40601e+06	0
6.40611e+06	0
6.40621e+06	0
6.40631e+06	0
6.40641e+06	0
6.40651e+06	0
6.40661e+06	0
6.40671e+06	0
6.40681e+06	0
6.40691e+06	0
6.40701e+06	0
6.40711e+06	0
6.40721e+06	0
6.40731e+06	0
6.40741e+06	0
6.40751e+06	0
6.40761e+06	0
6.40771e+06	0
6.40781e+06	0
6.40791e+06	0
6.40801e+06	0
6.40811e+06	0
6.40821e+06	0
6.40831e+06	0
6.40841e+06	0
6.40851e+06	0
6.40861e+06	0
6.40871e+06	0
6.40881e+06	0
6.40891e+06	0
6.40901e+06	0
6.40911e+06	0
6.40921e+06	0
6.40931e+06	0
6.40941e+06	0
6.40951e+06	0
6.40961e+06	0
6.40971e+06	0
6.40981e+06	0
6.40991e+06	0
6.41001e+06	0
6.41011e+06	0
6.41021e+06	0
6.41031e+06	0
6.41041e+06	0
6.41051e+06	0
6.41061e+06	0
6.41071e+06	0
6.41081e+06	0
6.41091e+06	0
6.41101e+06	0
6.41111e+06	0
6.41121e+06	0
6.41131e+06	0
6.41141e+06	0
6.41151e+06	0
6.41161e+06	0
6.41171e+06	0
6.41181e+06	0
6.41191e+06	0
6.41201e+06	0
6.41211e+06	0
6.41221e+06	0
6.41231e+06	0
6.41241e+06	0
6.41251e+06	0
6.41261e+06	0
6.41271e+06	0
6.41281e+06	0
6.41291e+06	0
6.41301e+06	0
6.41311e+06	0
6.41321e+06	0
6.41331e+06	0
6.41341e+06	0
6.41351e+06	0
6.41361e+06	0
6.41371e+06	0
6.41381e+06	0
6.41391e+06	0
6.41401e+06	0
6.41411e+06	0
6.41421e+06	0
6.41431e+06	0
6.41441e+06	0
6.41451e+06	0
6.41461e+06	0
6.41471e+06	0
6.41481e+06	0
6.41491e+06	0
6.41501e+06	0
6.41511e+06	0
6.41521e+06	0
6.41531e+06	0
6.41541e+06	0
6.41551e+06	0
6.41561e+06	0
6.41571e+06	0
6.41581e+06	0
6.41591e+06	0
6.41601e+06	0
6.41611e+06	0
6.41621e+06	0
6.41631e+06	0
6.41641e+06	0
6.41651e+06	0
6.41661e+06	0
6.41671e+06	0
6.41681e+06	0
6.41691e+06	0
6.41701e+06	0
6.41711e+06	0
6.41721e+06	0
6.41731e+06	0
6.41741e+06	0
6.41751e+06	0
6.41761e+06	0
6.41771e+06	0
6.41781e+06	0
6.41791e+06	0
6.41801e+06	0
6.41811e+06	0
6.41821e+06	0
6.41831e+06	0
6.41841e+06	0
6.41851e+06	0
6.41861e+06	0
6.41871e+06	0
6.41881e+06	0
6.41891e+06	0
6.41901e+06	0
6.41911e+06	0
6.41921e+06	0
6.41931e+06	0
6.41941e+06	0
6.41951e+06	0
6.41961e+06	0
6.41971e+06	0
6.41981e+06	0
6.41991e+06	0
6.42001e+06	0
6.42011e+06	0
6.42021e+06	0
6.42031e+06	0
6.42041e+06	0
6.42051e+06	0
6.42061e+06	0
6.42071e+06	0
6.42081e+06	0
6.42091e+06	0
6.42101e+06	0
6.42111e+06	0
6.42121e+06	0
6.42131e+06	0
6.42141e+06	0
6.42151e+06	0
6.42161e+06	0
6.42171e+06	0
6.42181e+06	0
6.42191e+06	0
6.42201e+06	0
6.42211e+06	0
6.42221e+06	0
6.42231e+06	0
6.42241e+06	0
6.42251e+06	0
6.42261e+06	0
6.42271e+06	0
6.42281e+06	0
6.42291e+06	0
6.42301e+06	0
6.42311e+06	0
6.42321e+06	0
6.42331e+06	0
6.42341e+06	0
6.42351e+06	0
6.42361e+06	0
6.42371e+06	0
6.42381e+06	0
6.42391e+06	0
6.42401e+06	0
6.42411e+06	0
6.42421e+06	0
6.42431e+06	0
6.42441e+06	0
6.42451e+06	0
6.42461e+06	0
6.42471e+06	0
6.42481e+06	0
6.42491e+06	0
6.42501e+06	0
6.42511e+06	0
6.42521e+06	0
6.42531e+06	0
6.42541e+06	0
6.42551e+06	0
6.42561e+06	0
6.42571e+06	0
6.42581e+06	0
6.42591e+06	0
6.42601e+06	0
6.42611e+06	0
6.42621e+06	0
6.42631e+06	0
6.42641e+06	0
6.42651e+06	0
6.42661e+06	0
6.42671e+06	0
6.42681e+06	0
6.42691e+06	0
6.42701e+06	0
6.42711e+06	0
6.42721e+06	0
6.42731e+06	0
6.42741e+06	0
6.42751e+06	0
6.42761e+06	0
6.42771e+06	0
6.42781e+06	0
6.42791e+06	9.88131e-324
6.42801e+06	5.03947e-322
6.42811e+06	2.33693e-320
6.42821e+06	1.07606e-318
6.42831e+06	4.90543e-317
6.42841e+06	2.214e-315
6.42851e+06	9.89316e-314
6.42861e+06	4.37673e-312
6.42871e+06	1.917e-310
6.42881e+06	8.31285e-309
6.42891e+06	3.56891e-307
6.42901e+06	1.51697e-305
6.42911e+06	6.38378e-304
6.42921e+06	2.65971e-302
6.42931e+06	1.09711e-300
6.42941e+06	4.48043e-299
6.42951e+06	1.81154e-297
6.42961e+06	7.25158e-296
6.42971e+06	2.87392e-294
6.42981e+06	1.12765e-292
6.42991e+06	4.38056e-291
6.43001e+06	1.68478e-289
6.43011e+06	6.41525e-288
6.43021e+06	2.41847e-286
6.43031e+06	9.02663e-285
6.43041e+06	3.33555e-283
6.43051e+06	1.2203e-281
6.43061e+06	4.41999e-280
6.43071e+06	1.58502e-278
6.43081e+06	5.62734e-277
6.43091e+06	1.97802e-275
6.43101e+06	6.88357e-274
6.43111e+06	2.37167e-272
6.43121e+06	8.09008e-271
6.43131e+06	2.73217e-269
6.43141e+06	9.13524e-268
6.43151e+06	3.02405e-266
6.43161e+06	9.91094e-265
6.43171e+06	3.21587e-263
6.43181e+06	1.03309e-261
6.43191e+06	3.28576e-260
6.43201e+06	1.03464e-258
6.43211e+06	3.22553e-257
6.43221e+06	9.95566e-256
6.43231e+06	3.04225e-254
6.43241e+06	9.20403e-253
6.43251e+06	2.75688e-251
6.43261e+06	8.1755e-250
6.43271e+06	2.40031e-248
6.43281e+06	6.97717e-247
6.43291e+06	2.00792e-245
6.43301e+06	5.721e-244
6.43311e+06	1.61382e-242
6.43321e+06	4.50705e-241
6.43331e+06	1.2462e-239
6.43341e+06	3.41147e-238
6.43351e+06	9.24596e-237
6.43361e+06	2.48096e-235
6.43371e+06	6.59089e-234
6.43381e+06	1.7335e-232
6.43391e+06	4.51402e-231
6.43401e+06	1.16375e-229
6.43411e+06	2.97038e-228
6.43421e+06	7.50622e-227
6.43431e+06	1.87797e-225
6.43441e+06	4.6517e-224
6.43451e+06	1.14075e-222
6.43461e+06	2.76968e-221
6.43471e+06	6.65771e-220
6.43481e+06	1.58444e-218
6.43491e+06	3.73324e-217
6.43501e+06	8.70867e-216
6.43511e+06	2.01129e-214
6.43521e+06	4.59891e-213
6.43531e+06	1.0411e-211
6.43541e+06	2.33338e-210
6.43551e+06	5.17771e-209
6.43561e+06	1.13749e-207
6.43571e+06	2.47407e-206
6.43581e+06	5.32763e-205
6.43591e+06	1.13583e-203
6.43601e+06	2.39745e-202
6.43611e+06	5.01007e-201
6.43621e+06	1.03656e-199
6.43631e+06	2.12325e-198
6.43641e+06	4.30593e-197
6.43651e+06	8.64547e-196
6.43661e+06	1.71857e-194
6.43671e+06	3.38223e-193
6.43681e+06	6.59017e-192
6.43691e+06	1.2713e-190
6.43701e+06	2.42803e-189
6.43711e+06	4.59111e-188
6.43721e+06	8.59487e-187
6.43731e+06	1.59301e-185
6.43741e+06	2.92316e-184
6.43751e+06	5.31062e-183
6.43761e+06	9.55201e-182
6.43771e+06	1.70099e-180
6.43781e+06	2.99892e-179
6.43791e+06	5.23462e-178
6.43801e+06	9.04613e-177
6.43811e+06	1.54774e-175
6.43821e+06	2.62174e-174
6.43831e+06	4.39682e-173
6.43841e+06	7.30036e-172
6.43851e+06	1.20007e-170
6.43861e+06	1.95311e-169
6.43871e+06	3.14705e-168
6.43881e+06	5.0204e-167
6.43891e+06	7.9292e-166
6.43901e+06	1.23987e-164
6.43911e+06	1.91948e-163
6.43921e+06	2.94202e-162
6.43931e+06	4.46442e-161
6.43941e+06	6.7072e-160
6.43951e+06	9.97642e-159
6.43961e+06	1.46915e-157
6.43971e+06	2.14197e-156
6.43981e+06	3.09184e-155
6.43991e+06	4.41854e-154
6.44001e+06	6.2517e-153
6.44011e+06	8.75737e-152
6.44021e+06	1.21453e-150
6.44031e+06	1.66762e-149
6.44041e+06	2.26696e-148
6.44051e+06	3.05104e-147
6.44061e+06	4.06545e-146
6.44071e+06	5.36324e-145
6.44081e+06	7.00491e-144
6.44091e+06	9.05805e-143
6.44101e+06	1.15964e-141
6.44111e+06	1.46984e-140
6.44121e+06	1.84448e-139
6.44131e+06	2.29158e-138
6.44141e+06	2.81872e-137
6.44151e+06	3.43262e-136
6.44161e+06	4.13864e-135
6.44171e+06	4.94023e-134
6.44181e+06	5.83838e-133
6.44191e+06	6.83117e-132
6.44201e+06	7.91326e-131
6.44211e+06	9.07553e-130
6.44221e+06	1.0305e-128
6.44231e+06	1.15845e-127
6.44241e+06	1.28933e-126
6.44251e+06	1.42073e-125
6.44261e+06	1.54993e-124
6.44271e+06	1.67406e-123
6.44281e+06	1.79015e-122
6.44291e+06	1.89523e-121
6.44301e+06	1.98652e-120
6.44311e+06	2.06148e-119
6.44321e+06	2.11799e-118
6.44331e+06	2.1544e-117
6.44341e+06	2.16962e-116
6.44351e+06	2.16322e-115
6.44361e+06	2.13537e-114
6.44371e+06	2.0869e-113
6.44381e+06	2.01925e-112
6.44391e+06	1.93434e-111
6.44401e+06	1.83457e-110
6.44411e+06	1.72263e-109
6.44421e+06	1.60143e-108
6.44431e+06	1.47394e-107
6.44441e+06	1.3431e-106
6.44451e+06	1.2117e-105
6.44461e+06	1.08228e-104
6.44471e+06	9.57059e-104
6.44481e+06	8.37908e-103
6.44491e+06	7.26291e-102
6.44501e+06	6.23279e-101
6.44511e+06	5.29555e-100
6.44521e+06	4.45448e-99
6.44531e+06	3.7097e-98
6.44541e+06	3.05872e-97
6.44551e+06	2.49687e-96
6.44561e+06	2.01795e-95
6.44571e+06	1.61466e-94
6.44581e+06	1.27911e-93
6.44591e+06	1.00321e-92
6.44601e+06	7.78997e-92
6.44611e+06	5.98873e-91
6.44621e+06	4.55818e-90
6.44631e+06	3.43482e-89
6.44641e+06	2.56256e-88
6.44651e+06	1.89279e-87
6.44661e+06	1.38416e-86
6.44671e+06	1.00214e-85
6.44681e+06	7.18334e-85
6.44691e+06	5.09779e-84
6.44701e+06	3.58175e-83
6.44711e+06	2.49152e-82
6.44721e+06	1.7159e-81
6.44731e+06	1.16997e-80
6.44741e+06	7.89798e-80
6.44751e+06	5.27854e-79
6.44761e+06	3.49276e-78
6.44771e+06	2.28813e-77
6.44781e+06	1.48405e-76
6.44791e+06	9.52963e-76
6.44801e+06	6.05842e-75
6.44811e+06	3.81329e-74
6.44821e+06	2.37628e-73
6.44831e+06	1.46606e-72
6.44841e+06	8.95494e-72
6.44851e+06	5.41541e-71
6.44861e+06	3.24232e-70
6.44871e+06	1.92194e-69
6.44881e+06	1.12792e-68
6.44891e+06	6.55353e-68
6.44901e+06	3.76989e-67
6.44911e+06	2.14704e-66
6.44921e+06	1.21062e-65
6.44931e+06	6.75823e-65
6.44941e+06	3.73521e-64
6.44951e+06	2.04387e-63
6.44961e+06	1.10726e-62
6.44971e+06	5.93886e-62
6.44981e+06	3.15365e-61
6.44991e+06	1.65798e-60
6.45001e+06	8.62988e-60
6.45011e+06	4.44719e-59
6.45021e+06	2.26895e-58
6.45031e+06	1.14609e-57
6.45041e+06	5.73155e-57
6.45051e+06	2.8378e-56
6.45061e+06	1.39107e-55
6.45071e+06	6.75106e-55
6.45081e+06	3.24379e-54
6.45091e+06	1.54309e-53
6.45101e+06	7.26751e-53
6.45111e+06	3.38873e-52
6.45121e+06	1.5644e-51
6.45131e+06	7.15011e-51
6.45141e+06	3.23546e-50
6.45151e+06	1.44949e-49
6.45161e+06	6.42914e-49
6.45171e+06	2.82324e-48
6.45181e+06	1.22743e-47
6.45191e+06	5.28332e-47
6.45201e+06	2.2515e-46
6.45211e+06	9.49937e-46
6.45221e+06	3.96802e-45
6.45231e+06	1.64101e-44
6.45241e+06	6.71899e-44
6.45251e+06	2.72367e-43
6.45261e+06	1.09311e-42
6.45271e+06	4.34338e-42
6.45281e+06	1.70864e-41
6.45291e+06	6.6547e-41
6.45301e+06	2.56604e-40
6.45311e+06	9.79619e-40
6.45321e+06	3.7026e-39
6.45331e+06	1.38553e-38
6.45341e+06	5.13309e-38
6.45351e+06	1.88278e-37
6.45361e+06	6.8372e-37
6.45371e+06	2.45818e-36
6.45381e+06	8.74995e-36
6.45391e+06	3.08358e-35
6.45401e+06	1.07587e-34
6.45411e+06	3.71642e-34
6.45421e+06	1.271e-33
6.45431e+06	4.30352e-33
6.45441e+06	1.44264e-32
6.45451e+06	4.78796e-32
6.45461e+06	1.57325e-31
6.45471e+06	5.11805e-31
6.45481e+06	1.64842e-30
6.45491e+06	5.25639e-30
6.45501e+06	1.65945e-29
6.45511e+06	5.18679e-29
6.45521e+06	1.60506e-28
6.45531e+06	4.91743e-28
6.45541e+06	1.49157e-27
6.45551e+06	4.47926e-27
6.45561e+06	1.33176e-26
6.45571e+06	3.92014e-26
6.45581e+06	1.14244e-25
6.45591e+06	3.29629e-25
6.45601e+06	9.41615e-25
6.45611e+06	2.66304e-24
6.45621e+06	7.45658e-24
6.45631e+06	2.06709e-23
6.45641e+06	5.67328e-23
6.45651e+06	1.54158e-22
6.45661e+06	4.14722e-22
6.45671e+06	1.1046e-21
6.45681e+06	2.91278e-21
6.45691e+06	7.60448e-21
6.45701e+06	1.96557e-20
6.45711e+06	5.02994e-20
6.45721e+06	1.27437e-19
6.45731e+06	3.19657e-19
6.45741e+06	7.93836e-19
6.45751e+06	1.95179e-18
6.45761e+06	4.75111e-18
6.45771e+06	1.14502e-17
6.45781e+06	2.73204e-17
6.45791e+06	6.45384e-17
6.45801e+06	1.50941e-16
6.45811e+06	3.49505e-16
6.45821e+06	8.01227e-16
6.45831e+06	1.81851e-15
6.45841e+06	4.08632e-15
6.45851e+06	9.09089e-15
6.45861e+06	2.00234e-14
6.45871e+06	4.36642e-14
6.45881e+06	9.42694e-14
6.45891e+06	2.01499e-13
6.45901e+06	4.26415e-13
6.45911e+06	8.93406e-13
6.45921e+06	1.8532e-12
6.45931e+06	3.80586e-12
6.45941e+06	7.7382e-12
6.45951e+06	1.5577e-11
6.45961e+06	3.10446e-11
6.45971e+06	6.12554e-11
6.45981e+06	1.19663e-10
6.45991e+06	2.31437e-10
6.46001e+06	4.43162e-10
6.46011e+06	8.40136e-10
6.46021e+06	1.57686e-09
6.46031e+06	2.93018e-09
6.46041e+06	5.39079e-09
6.46051e+06	9.81901e-09
6.46061e+06	1.77068e-08
6.46071e+06	3.16133e-08
6.46081e+06	5.58799e-08
6.46091e+06	9.7791e-08
6.46101e+06	1.69433e-07
6.46111e+06	2.90641e-07
6.46121e+06	4.93595e-07
6.46131e+06	8.29932e-07
6.46141e+06	1.38156e-06
6.46151e+06	2.27697e-06
6.46161e+06	3.71535e-06
6.46171e+06	6.00205e-06
6.46181e+06	9.59967e-06
6.46191e+06	1.52009e-05
6.46201e+06	2.38309e-05
6.46211e+06	3.69887e-05
6.46221e+06	5.684e-05
6.46231e+06	8.64761e-05
6.46241e+06	0.000130255
6.46251e+06	0.000194246
6.46261e+06	0.00028679
6.46271e+06	0.000419213
6.46281e+06	0.000606684
6.46291e+06	0.000869254
6.46301e+06	0.00123307
6.46311e+06	0.00173176
6.46321e+06	0.00240792
6.46331e+06	0.00331478
6.46341e+06	0.00451777
6.46351e+06	0.00609609
6.46361e+06	0.00814395
6.46371e+06	0.0107715
6.46381e+06	0.014105
6.46391e+06	0.0182864
6.46401e+06	0.0234715
6.46411e+06	0.029827
6.46421e+06	0.0375263
6.46431e+06	0.0467433
6.46441e+06	0.0576447
6.46451e+06	0.0703812
6.46461e+06	0.0850768
6.46471e+06	0.101818
6.46481e+06	0.12064
6.46491e+06	0.14152
6.46501e+06	0.164361
6.46511e+06	0.18899
6.46521e+06	0.215147
6.46531e+06	0.242487
6.46541e+06	0.270583
6.46551e+06	0.298929
6.46561e+06	0.326959
6.46571e+06	0.354058
6.46581e+06	0.379589
6.46591e+06	0.402912
6.46601e+06	0.423412
6.46611e+06	0.440528
6.46621e+06	0.453775
6.46631e+06	0.462769
6.46641e+06	0.467246
6.46651e+06	0.467073
6.46661e+06	0.462253
6.46671e+06	0.452931
6.46681e+06	0.439382
6.46691e+06	0.421996
6.46701e+06	0.401266
6.46711e+06	0.377757
6.46721e+06	0.352088
6.46731e+06	0.324897
6.46741e+06	0.296823
6.46751e+06	0.268477
6.46761e+06	0.240421
6.46771e+06	0.213155
6.46781e+06	0.187101
6.46791e+06	0.162597
6.46801e+06	0.139897
6.46811e+06	0.119168
6.46821e+06	0.1005
6.46831e+06	0.0839135
6.46841e+06	0.0693672
6.46851e+06	0.056772
6.46861e+06	0.0460013
6.46871e+06	0.0369032
6.46881e+06	0.0293099
6.46891e+06	0.0230474
6.46901e+06	0.0179427
6.46911e+06	0.0138296
6.46921e+06	0.0105533
6.46931e+06	0.00797304
6.46941e+06	0.00596372
6.46951e+06	0.00441639
6.46961e+06	0.00323798
6.46971e+06	0.00235038
6.46981e+06	0.00168912
6.46991e+06	0.00120182
6.47001e+06	0.00084659
6.47011e+06	0.000590426
6.47021e+06	0.000407676
6.47031e+06	0.00027869
6.47041e+06	0.000188619
6.47051e+06	0.000126388
6.47061e+06	8.38462e-05
6.47071e+06	5.50704e-05
6.47081e+06	3.58105e-05
6.47091e+06	2.30547e-05
6.47101e+06	1.46948e-05
6.47111e+06	9.27315e-06
6.47121e+06	5.79359e-06
6.47131e+06	3.58364e-06
6.47141e+06	2.19462e-06
6.47151e+06	1.33061e-06
6.47161e+06	7.98726e-07
6.47171e+06	4.74683e-07
6.47181e+06	2.79297e-07
6.47191e+06	1.62699e-07
6.47201e+06	9.38343e-08
6.47211e+06	5.3579e-08
6.47221e+06	3.0289e-08
6.47231e+06	1.69525e-08
6.47241e+06	9.39372e-09
6.47251e+06	5.15347e-09
6.47261e+06	2.7991e-09
6.47271e+06	1.5052e-09
6.47281e+06	8.01359e-10
6.47291e+06	4.22393e-10
6.47301e+06	2.20427e-10
6.47311e+06	1.13885e-10
6.47321e+06	5.82544e-11
6.47331e+06	2.95017e-11
6.47341e+06	1.47918e-11
6.47351e+06	7.34268e-12
6.47361e+06	3.60864e-12
6.47371e+06	1.75586e-12
6.47381e+06	8.45851e-13
6.47391e+06	4.03417e-13
6.47401e+06	1.9049e-13
6.47411e+06	8.90525e-14
6.47421e+06	4.12172e-14
6.47431e+06	1.88872e-14
6.47441e+06	8.56865e-15
6.47451e+06	3.84871e-15
6.47461e+06	1.71149e-15
6.47471e+06	7.53515e-16
6.47481e+06	3.28448e-16
6.47491e+06	1.41742e-16
6.47501e+06	6.05599e-17
6.47511e+06	2.56171e-17
6.47521e+06	1.07283e-17
6.47531e+06	4.44828e-18
6.47541e+06	1.82603e-18
6.47551e+06	7.42133e-19
6.47561e+06	2.98615e-19
6.47571e+06	1.1896e-19
6.47581e+06	4.69185e-20
6.47591e+06	1.83208e-20
6.47601e+06	7.08279e-21
6.47611e+06	2.71094e-21
6.47621e+06	1.02729e-21
6.47631e+06	3.85409e-22
6.47641e+06	1.43156e-22
6.47651e+06	5.26445e-23
6.47661e+06	1.9167e-23
6.47671e+06	6.90895e-24
6.47681e+06	2.46563e-24
6.47691e+06	8.71163e-25
6.47701e+06	3.04739e-25
6.47711e+06	1.05539e-25
6.47721e+06	3.61875e-26
6.47731e+06	1.22845e-26
6.47741e+06	4.12872e-27
6.47751e+06	1.37382e-27
6.47761e+06	4.52587e-28
6.47771e+06	1.47615e-28
6.47781e+06	4.76668e-29
6.47791e+06	1.52391e-29
6.47801e+06	4.82346e-30
6.47811e+06	1.51153e-30
6.47821e+06	4.68953e-31
6.47831e+06	1.44046e-31
6.47841e+06	4.38055e-32
6.47851e+06	1.3189e-32
6.47861e+06	3.93147e-33
6.47871e+06	1.16026e-33
6.47881e+06	3.39008e-34
6.47891e+06	9.80672e-35
6.47901e+06	2.80863e-35
6.47911e+06	7.96382e-36
6.47921e+06	2.23566e-36
6.47931e+06	6.21366e-37
6.47941e+06	1.7098e-37
6.47951e+06	4.65802e-38
6.47961e+06	1.25636e-38
6.47971e+06	3.35493e-39
6.47981e+06	8.86973e-40
6.47991e+06	2.32164e-40
6.48001e+06	6.01638e-41
6.48011e+06	1.54359e-41
6.48021e+06	3.92092e-42
6.48031e+06	9.86053e-43
6.48041e+06	2.4551e-43
6.48051e+06	6.05195e-44
6.48061e+06	1.47699e-44
6.48071e+06	3.56877e-45
6.48081e+06	8.53721e-46
6.48091e+06	2.02195e-46
6.48101e+06	4.74113e-47
6.48111e+06	1.10065e-47
6.48121e+06	2.52974e-48
6.48131e+06	5.7565e-49
6.48141e+06	1.29687e-49
6.48151e+06	2.89264e-50
6.48161e+06	6.38776e-51
6.48171e+06	1.39656e-51
6.48181e+06	3.02292e-52
6.48191e+06	6.47816e-53
6.48201e+06	1.37447e-53
6.48211e+06	2.88717e-54
6.48221e+06	6.00439e-55
6.48231e+06	1.23629e-55
6.48241e+06	2.52018e-56
6.48251e+06	5.08627e-57
6.48261e+06	1.0163e-57
6.48271e+06	2.0105e-58
6.48281e+06	3.93771e-59
6.48291e+06	7.63552e-60
6.48301e+06	1.46586e-60
6.48311e+06	2.78613e-61
6.48321e+06	5.24285e-62
6.48331e+06	9.76768e-63
6.48341e+06	1.80166e-63
6.48351e+06	3.2901e-64
6.48361e+06	5.94846e-65
6.48371e+06	1.06477e-65
6.48381e+06	1.88697e-66
6.48391e+06	3.31079e-67
6.48401e+06	5.75115e-68
6.48411e+06	9.89087e-69
6.48421e+06	1.68411e-69
6.48431e+06	2.839e-70
6.48441e+06	4.73824e-71
6.48451e+06	7.82935e-72
6.48461e+06	1.28083e-72
6.48471e+06	2.0745e-73
6.48481e+06	3.32654e-74
6.48491e+06	5.28116e-75
6.48501e+06	8.30086e-76
6.48511e+06	1.29174e-76
6.48521e+06	1.99013e-77
6.48531e+06	3.03561e-78
6.48541e+06	4.58425e-79
6.48551e+06	6.85405e-80
6.48561e+06	1.01457e-80
6.48571e+06	1.48688e-81
6.48581e+06	2.15738e-82
6.48591e+06	3.09908e-83
6.48601e+06	4.40755e-84
6.48611e+06	6.2061e-85
6.48621e+06	8.65161e-86
6.48631e+06	1.19408e-86
6.48641e+06	1.63164e-87
6.48651e+06	2.20736e-88
6.48661e+06	2.95652e-89
6.48671e+06	3.92052e-90
6.48681e+06	5.14712e-91
6.48691e+06	6.69025e-92
6.48701e+06	8.60948e-93
6.48711e+06	1.0969e-93
6.48721e+06	1.38362e-94
6.48731e+06	1.72792e-95
6.48741e+06	2.13642e-96
6.48751e+06	2.61521e-97
6.48761e+06	3.16945e-98
6.48771e+06	3.80292e-99
6.48781e+06	4.51761e-100
6.48791e+06	5.31321e-101
6.48801e+06	6.18674e-102
6.48811e+06	7.13221e-103
6.48821e+06	8.14036e-104
6.48831e+06	9.19857e-105
6.48841e+06	1.02909e-105
6.48851e+06	1.13984e-106
6.48861e+06	1.24995e-107
6.48871e+06	1.35705e-108
6.48881e+06	1.45867e-109
6.48891e+06	1.5523e-110
6.48901e+06	1.63551e-111
6.48911e+06	1.70603e-112
6.48921e+06	1.76188e-113
6.48931e+06	1.80145e-114
6.48941e+06	1.82359e-115
6.48951e+06	1.82763e-116
6.48961e+06	1.81345e-117
6.48971e+06	1.78149e-118
6.48981e+06	1.73421e-119
6.48991e+06	1.83279e-120
6.49001e+06	1.88456e-120
6.49011e+06	1.7947e-119
6.49021e+06	1.84503e-118
6.49031e+06	1.87943e-117
6.49041e+06	1.89544e-116
6.49051e+06	1.89256e-115
6.49061e+06	1.87089e-114
6.49071e+06	1.83106e-113
6.49081e+06	1.77425e-112
6.49091e+06	1.7021e-111
6.49101e+06	1.61663e-110
6.49111e+06	1.52017e-109
6.49121e+06	1.41525e-108
6.49131e+06	1.30446e-107
6.49141e+06	1.19038e-106
6.49151e+06	1.07547e-105
6.49161e+06	9.61978e-105
6.49171e+06	8.51904e-104
6.49181e+06	7.46918e-103
6.49191e+06	6.48355e-102
6.49201e+06	5.57198e-101
6.49211e+06	4.74092e-100
6.49221e+06	3.99368e-99
6.49231e+06	3.33075e-98
6.49241e+06	2.75021e-97
6.49251e+06	2.24827e-96
6.49261e+06	1.81965e-95
6.49271e+06	1.45809e-94
6.49281e+06	1.15674e-93
6.49291e+06	9.08545e-93
6.49301e+06	7.06503e-92
6.49311e+06	5.43924e-91
6.49321e+06	4.14591e-90
6.49331e+06	3.12866e-89
6.49341e+06	2.33751e-88
6.49351e+06	1.72904e-87
6.49361e+06	1.26624e-86
6.49371e+06	9.18083e-86
6.49381e+06	6.5903e-85
6.49391e+06	4.68367e-84
6.49401e+06	3.29552e-83
6.49411e+06	2.29572e-82
6.49421e+06	1.58333e-81
6.49431e+06	1.08113e-80
6.49441e+06	7.30879e-80
6.49451e+06	4.8918e-79
6.49461e+06	3.24152e-78
6.49471e+06	2.1266e-77
6.49481e+06	1.38127e-76
6.49491e+06	8.88242e-76
6.49501e+06	5.65509e-75
6.49511e+06	3.56455e-74
6.49521e+06	2.22447e-73
6.49531e+06	1.37438e-72
6.49541e+06	8.40704e-72
6.49551e+06	5.0914e-71
6.49561e+06	3.05272e-70
6.49571e+06	1.81215e-69
6.49581e+06	1.06503e-68
6.49591e+06	6.197e-68
6.49601e+06	3.56994e-67
6.49611e+06	2.03609e-66
6.49621e+06	1.14971e-65
6.49631e+06	6.42746e-65
6.49641e+06	3.55751e-64
6.49651e+06	1.94944e-63
6.49661e+06	1.05763e-62
6.49671e+06	5.68081e-62
6.49681e+06	3.02096e-61
6.49691e+06	1.59052e-60
6.49701e+06	8.29063e-60
6.49711e+06	4.27852e-59
6.49721e+06	2.18604e-58
6.49731e+06	1.1058e-57
6.49741e+06	5.53803e-57
6.49751e+06	2.74593e-56
6.49761e+06	1.34798e-55
6.49771e+06	6.55135e-55
6.49781e+06	3.15237e-54
6.49791e+06	1.50176e-53
6.49801e+06	7.08304e-53
6.49811e+06	3.30747e-52
6.49821e+06	1.52908e-51
6.49831e+06	6.99877e-51
6.49841e+06	3.17154e-50
6.49851e+06	1.4229e-49
6.49861e+06	6.3203e-49
6.49871e+06	2.77944e-48
6.49881e+06	1.21013e-47
6.49891e+06	5.21635e-47
6.49901e+06	2.22616e-46
6.49911e+06	9.40599e-46
6.49921e+06	3.93468e-45
6.49931e+06	1.62956e-44
6.49941e+06	6.68174e-44
6.49951e+06	2.71247e-43
6.49961e+06	1.09018e-42
6.49971e+06	4.33799e-42
6.49981e+06	1.70897e-41
6.49991e+06	6.6656e-41
6.50001e+06	2.57395e-40
6.50011e+06	9.84053e-40
6.50021e+06	3.72472e-39
6.50031e+06	1.39581e-38
6.50041e+06	5.17863e-38
6.50051e+06	1.90222e-37
6.50061e+06	6.91775e-37
6.50071e+06	2.49072e-36
6.50081e+06	8.87856e-36
6.50091e+06	3.13341e-35
6.50101e+06	1.09484e-34
6.50111e+06	3.78737e-34
6.50121e+06	1.29713e-33
6.50131e+06	4.39831e-33
6.50141e+06	1.47654e-32
6.50151e+06	4.90753e-32
6.50161e+06	1.61487e-31
6.50171e+06	5.26099e-31
6.50181e+06	1.6969e-30
6.50191e+06	5.41877e-30
6.50201e+06	1.71318e-29
6.50211e+06	5.36244e-29
6.50221e+06	1.6618e-28
6.50231e+06	5.09861e-28
6.50241e+06	1.54875e-27
6.50251e+06	4.65768e-27
6.50261e+06	1.3868e-26
6.50271e+06	4.08805e-26
6.50281e+06	1.19309e-25
6.50291e+06	3.44739e-25
6.50301e+06	9.86195e-25
6.50311e+06	2.79314e-24
6.50321e+06	7.83212e-24
6.50331e+06	2.17432e-23
6.50341e+06	5.97619e-23
6.50351e+06	1.62623e-22
6.50361e+06	4.38124e-22
6.50371e+06	1.16861e-21
6.50381e+06	3.08602e-21
6.50391e+06	8.06835e-21
6.50401e+06	2.08847e-20
6.50411e+06	5.35215e-20
6.50421e+06	1.35796e-19
6.50431e+06	3.41115e-19
6.50441e+06	8.48344e-19
6.50451e+06	2.08882e-18
6.50461e+06	5.09197e-18
6.50471e+06	1.22893e-17
6.50481e+06	2.93649e-17
6.50491e+06	6.9468e-17
6.50501e+06	1.62704e-16
6.50511e+06	3.77285e-16
6.50521e+06	8.66159e-16
6.50531e+06	1.96871e-15
6.50541e+06	4.43021e-15
6.50551e+06	9.87015e-15
6.50561e+06	2.17711e-14
6.50571e+06	4.75437e-14
6.50581e+06	1.02793e-13
6.50591e+06	2.20035e-13
6.50601e+06	4.66311e-13
6.50611e+06	9.784e-13
6.50621e+06	2.03243e-12
6.50631e+06	4.17995e-12
6.50641e+06	8.51105e-12
6.50651e+06	1.71575e-11
6.50661e+06	3.42436e-11
6.50671e+06	6.76649e-11
6.50681e+06	1.32374e-10
6.50691e+06	2.56391e-10
6.50701e+06	4.91651e-10
6.50711e+06	9.33403e-10
6.50721e+06	1.75444e-09
6.50731e+06	3.26486e-09
6.50741e+06	6.01516e-09
6.50751e+06	1.0972e-08
6.50761e+06	1.98146e-08
6.50771e+06	3.54274e-08
6.50781e+06	6.2712e-08
6.50791e+06	1.09905e-07
6.50801e+06	1.90697e-07
6.50811e+06	3.27587e-07
6.50821e+06	5.57143e-07
6.50831e+06	9.3813e-07
6.50841e+06	1.56393e-06
6.50851e+06	2.58124e-06
6.50861e+06	4.21789e-06
6.50871e+06	6.82371e-06
6.50881e+06	1.09295e-05
6.50891e+06	1.73317e-05
6.50901e+06	2.72105e-05
6.50911e+06	4.22951e-05
6.50921e+06	6.50879e-05
6.50931e+06	9.91671e-05
6.50941e+06	0.000149586
6.50951e+06	0.000223395
6.50961e+06	0.000330302
6.50971e+06	0.000483512
6.50981e+06	0.000700744
6.50991e+06	0.00100547
6.51001e+06	0.00142835
6.51011e+06	0.0020089
6.51021e+06	0.00279731
6.51031e+06	0.00385636
6.51041e+06	0.00526347
6.51051e+06	0.00711253
6.51061e+06	0.00951554
6.51071e+06	0.0126037
6.51081e+06	0.0165281
6.51091e+06	0.0214586
6.51101e+06	0.0275829
6.51111e+06	0.0351021
6.51121e+06	0.0442267
6.51131e+06	0.0551688
6.51141e+06	0.0681332
6.51151e+06	0.0833069
6.51161e+06	0.100846
6.51171e+06	0.120864
6.51181e+06	0.143414
6.51191e+06	0.168477
6.51201e+06	0.195952
6.51211e+06	0.225639
6.51221e+06	0.257238
6.51231e+06	0.290345
6.51241e+06	0.324452
6.51251e+06	0.358958
6.51261e+06	0.393182
6.51271e+06	0.426383
6.51281e+06	0.457788
6.51291e+06	0.486615
6.51301e+06	0.512111
6.51311e+06	0.533579
6.51321e+06	0.550416
6.51331e+06	0.562135
6.51341e+06	0.568391
6.51351e+06	0.568998
6.51361e+06	0.563938
6.51371e+06	0.553362
6.51381e+06	0.537581
6.51391e+06	0.517053
6.51401e+06	0.492362
6.51411e+06	0.464184
6.51421e+06	0.433264
6.51431e+06	0.40038
6.51441e+06	0.366311
6.51451e+06	0.331806
6.51461e+06	0.29756
6.51471e+06	0.264194
6.51481e+06	0.232235
6.51491e+06	0.202111
6.51501e+06	0.174145
6.51511e+06	0.148555
6.51521e+06	0.125464
6.51531e+06	0.104908
6.51541e+06	0.0868476
6.51551e+06	0.0711808
6.51561e+06	0.0577596
6.51571e+06	0.0464027
6.51581e+06	0.0369079
6.51591e+06	0.0290638
6.51601e+06	0.022659
6.51611e+06	0.0174899
6.51621e+06	0.0133657
6.51631e+06	0.0101124
6.51641e+06	0.00757481
6.51651e+06	0.00561755
6.51661e+06	0.00412457
6.51671e+06	0.00299825
6.51681e+06	0.00215782
6.51691e+06	0.00153751
6.51701e+06	0.00108462
6.51711e+06	0.000757523
6.51721e+06	0.000523806
6.51731e+06	0.000358593
6.51741e+06	0.000243047
6.51751e+06	0.000163093
6.51761e+06	0.000108353
6.51771e+06	7.12688e-05
6.51781e+06	4.64105e-05
6.51791e+06	2.9922e-05
6.51801e+06	1.90995e-05
6.51811e+06	1.20701e-05
6.51821e+06	7.55187e-06
6.51831e+06	4.67796e-06
6.51841e+06	2.8689e-06
