5.37469e+06	2.14811e-06
5.37479e+06	3.52398e-06
5.37489e+06	5.72356e-06
5.37499e+06	9.20356e-06
5.37509e+06	1.46522e-05
5.37519e+06	2.30944e-05
5.37529e+06	3.60386e-05
5.37539e+06	5.56783e-05
5.37549e+06	8.5165e-05
5.37559e+06	0.000128971
5.37569e+06	0.000193367
5.37579e+06	0.000287031
5.37589e+06	0.000421825
5.37599e+06	0.000613752
5.37609e+06	0.000884118
5.37619e+06	0.00126091
5.37629e+06	0.0017804
5.37639e+06	0.00248889
5.37649e+06	0.00344469
5.37659e+06	0.00472013
5.37669e+06	0.00640344
5.37679e+06	0.00860063
5.37689e+06	0.0114368
5.37699e+06	0.0150569
5.37709e+06	0.0196256
5.37719e+06	0.0253261
5.37729e+06	0.0323572
5.37739e+06	0.0409289
5.37749e+06	0.0512561
5.37759e+06	0.0635505
5.37769e+06	0.0780099
5.37779e+06	0.0948063
5.37789e+06	0.114073
5.37799e+06	0.135889
5.37809e+06	0.160266
5.37819e+06	0.187136
5.37829e+06	0.216337
5.37839e+06	0.247605
5.37849e+06	0.280573
5.37859e+06	0.314768
5.37869e+06	0.349616
5.37879e+06	0.384458
5.37889e+06	0.418566
5.37899e+06	0.451166
5.37909e+06	0.481466
5.37919e+06	0.508688
5.37929e+06	0.532102
5.37939e+06	0.551055
5.37949e+06	0.565005
5.37959e+06	0.573544
5.37969e+06	0.576419
5.37979e+06	0.573544
5.37989e+06	0.565005
5.37999e+06	0.551055
5.38009e+06	0.532102
5.38019e+06	0.508688
5.38029e+06	0.481466
5.38039e+06	0.451166
5.38049e+06	0.418566
5.38059e+06	0.384458
5.38069e+06	0.349616
5.38079e+06	0.314768
5.38089e+06	0.280573
5.38099e+06	0.247605
5.38109e+06	0.216337
5.38119e+06	0.187136
5.38129e+06	0.160266
5.38139e+06	0.135889
5.38149e+06	0.114073
5.38159e+06	0.0948063
5.38169e+06	0.0780099
5.38179e+06	0.0635505
5.38189e+06	0.0512561
5.38199e+06	0.0409289
5.38209e+06	0.0323572
5.38219e+06	0.0253261
5.38229e+06	0.0196256
5.38239e+06	0.0150569
5.38249e+06	0.0114368
5.38259e+06	0.00860063
5.38269e+06	0.00640344
5.38279e+06	0.00472013
5.38289e+06	0.00344469
5.38299e+06	0.00248889
5.38309e+06	0.0017804
5.38319e+06	0.00126091
5.38329e+06	0.000884118
5.38339e+06	0.000613752
5.38349e+06	0.000421825
5.38359e+06	0.000287031
5.38369e+06	0.000193367
5.38379e+06	0.000128971
5.38389e+06	8.5165e-05
5.38399e+06	5.56783e-05
5.38409e+06	3.60386e-05
5.38419e+06	2.30944e-05
5.38429e+06	1.46522e-05
5.38439e+06	9.20356e-06
5.38449e+06	5.72356e-06
5.38459e+06	3.52398e-06
5.38469e+06	2.14811e-06
5.38479e+06	1.2964e-06
5.38489e+06	7.74599e-07
5.38499e+06	4.58218e-07
5.38509e+06	2.68364e-07
5.38519e+06	1.55609e-07
5.38529e+06	8.93308e-08
5.38539e+06	5.0772e-08
5.38549e+06	2.85697e-08
5.38559e+06	1.59163e-08
5.38569e+06	8.77885e-09
5.38579e+06	4.79391e-09
5.38589e+06	2.59178e-09
5.38599e+06	1.38728e-09
5.38609e+06	7.3517e-10
5.38619e+06	3.85716e-10
5.38629e+06	2.00357e-10
5.38639e+06	1.03038e-10
5.38649e+06	5.24626e-11
5.38659e+06	2.64459e-11
5.38669e+06	1.31985e-11
5.38679e+06	6.52148e-12
5.38689e+06	3.19026e-12
5.38699e+06	1.54512e-12
5.38709e+06	7.40893e-13
5.38719e+06	3.51727e-13
5.38729e+06	1.65316e-13
5.38739e+06	7.6927e-14
5.38749e+06	3.54405e-14
5.38759e+06	1.61651e-14
5.38769e+06	7.29987e-15
5.38779e+06	3.26368e-15
5.38789e+06	1.44463e-15
5.38799e+06	6.33089e-16
5.38809e+06	2.74681e-16
5.38819e+06	1.17991e-16
5.38829e+06	5.01798e-17
5.38839e+06	2.11283e-17
5.38849e+06	8.80757e-18
5.38859e+06	3.63501e-18
5.38869e+06	1.48529e-18
5.38879e+06	6.00863e-19
5.38889e+06	2.40656e-19
5.38899e+06	9.54275e-20
5.38909e+06	3.74635e-20
5.38919e+06	1.45613e-20
5.38929e+06	5.60336e-21
5.38939e+06	2.13479e-21
5.38949e+06	8.05225e-22
5.38959e+06	3.00703e-22
5.38969e+06	1.11177e-22
5.38979e+06	4.06957e-23
5.38989e+06	1.47482e-23
5.38999e+06	5.29161e-24
5.39009e+06	1.87972e-24
5.39019e+06	6.61082e-25
5.39029e+06	2.30184e-25
5.39039e+06	7.93507e-26
5.39049e+06	2.70822e-26
5.39059e+06	9.15113e-27
5.39069e+06	3.06142e-27
5.39079e+06	1.01397e-27
5.39089e+06	3.32498e-28
5.39099e+06	1.07946e-28
5.39109e+06	3.46963e-29
5.39119e+06	1.10412e-29
5.39129e+06	3.47861e-30
5.39139e+06	1.08506e-30
5.39149e+06	3.35086e-31
5.39159e+06	1.02451e-31
5.39169e+06	3.10124e-32
5.39179e+06	9.29418e-33
5.39189e+06	2.75768e-33
5.39199e+06	8.10088e-34
5.39209e+06	2.35602e-34
5.39219e+06	6.78394e-35
5.39229e+06	1.93394e-35
5.39239e+06	5.45833e-36
5.39249e+06	1.52523e-36
5.39259e+06	4.21955e-37
5.39269e+06	1.15573e-37
5.39279e+06	3.13401e-38
5.39289e+06	8.41401e-39
5.39299e+06	2.23647e-39
5.39309e+06	5.88545e-40
5.39319e+06	1.53339e-40
5.39329e+06	3.95535e-41
5.39339e+06	1.01012e-41
5.39349e+06	2.55398e-42
5.39359e+06	6.39323e-43
5.39369e+06	1.58445e-43
5.39379e+06	3.88773e-44
5.39389e+06	9.44428e-45
5.39399e+06	2.27143e-45
5.39409e+06	5.40862e-46
5.39419e+06	1.27506e-46
5.39429e+06	2.976e-47
5.39439e+06	6.87688e-48
5.39449e+06	1.57328e-48
5.39459e+06	3.56352e-49
5.39469e+06	7.99115e-50
5.39479e+06	1.77417e-50
5.39489e+06	3.89978e-51
5.39499e+06	8.48674e-52
5.39509e+06	1.82852e-52
5.39519e+06	3.90044e-53
5.39529e+06	8.23732e-54
5.39539e+06	1.72232e-54
5.39549e+06	3.56534e-55
5.39559e+06	7.30709e-56
5.39569e+06	1.48267e-56
5.39579e+06	2.97853e-57
5.39589e+06	5.92402e-58
5.39599e+06	1.16651e-58
5.39609e+06	2.27414e-59
5.39619e+06	4.38937e-60
5.39629e+06	8.38774e-61
5.39639e+06	1.58688e-61
5.39649e+06	2.97236e-62
5.39659e+06	5.51207e-63
5.39669e+06	1.01201e-63
5.39679e+06	1.83956e-64
5.39689e+06	3.31054e-65
5.39699e+06	5.89849e-66
5.39709e+06	1.04049e-66
5.39719e+06	1.81717e-67
5.39729e+06	3.14202e-68
5.39739e+06	5.37873e-69
5.39749e+06	9.11605e-70
5.39759e+06	1.52965e-70
5.39769e+06	2.54116e-71
5.39779e+06	4.17956e-72
5.39789e+06	6.80591e-73
5.39799e+06	1.09723e-73
5.39809e+06	1.75133e-74
5.39819e+06	2.76755e-75
5.39829e+06	4.32991e-76
5.39839e+06	6.70687e-77
5.39849e+06	1.02853e-77
5.39859e+06	1.56161e-78
5.39869e+06	2.34739e-79
5.39879e+06	3.49344e-80
5.39889e+06	5.1473e-81
5.39899e+06	7.50867e-82
5.39909e+06	1.08443e-82
5.39919e+06	1.5506e-83
5.39929e+06	2.1951e-84
5.39939e+06	3.07656e-85
5.39949e+06	4.26908e-86
5.39959e+06	5.86489e-87
5.39969e+06	7.97705e-88
5.39979e+06	1.07419e-88
5.39989e+06	1.43212e-89
5.39999e+06	1.89031e-90
5.40009e+06	2.47026e-91
5.40019e+06	3.19603e-92
5.40029e+06	4.09388e-93
5.40039e+06	5.19179e-94
5.40049e+06	6.51863e-95
5.40059e+06	8.10312e-96
5.40069e+06	9.97253e-97
5.40079e+06	1.21511e-97
5.40089e+06	1.46583e-98
5.40099e+06	1.75068e-99
5.40109e+06	2.07008e-100
5.40119e+06	2.42341e-101
5.40129e+06	2.80881e-102
5.40139e+06	3.2231e-103
5.40149e+06	3.66171e-104
5.40159e+06	4.11861e-105
5.40169e+06	4.58642e-106
5.40179e+06	5.05655e-107
5.40189e+06	5.51941e-108
5.40199e+06	5.96468e-109
5.40209e+06	6.38174e-110
5.40219e+06	6.76002e-111
5.40229e+06	7.08947e-112
5.40239e+06	7.361e-113
5.40249e+06	7.56688e-114
5.40259e+06	7.70112e-115
5.40269e+06	7.75976e-116
5.40279e+06	7.74104e-117
5.40289e+06	7.64553e-118
5.40299e+06	7.47606e-119
5.40309e+06	7.23761e-120
5.40319e+06	6.93705e-121
5.40329e+06	6.58281e-122
5.40339e+06	6.1845e-123
5.40349e+06	5.75248e-124
5.40359e+06	5.2974e-125
5.40369e+06	4.82978e-126
5.40379e+06	4.35963e-127
5.40389e+06	3.89608e-128
5.40399e+06	3.44718e-129
5.40409e+06	3.01965e-130
5.40419e+06	2.61883e-131
5.40429e+06	2.24861e-132
5.40439e+06	1.91152e-133
5.40449e+06	1.60879e-134
5.40459e+06	1.34053e-135
5.40469e+06	1.10589e-136
5.40479e+06	9.03244e-138
5.40489e+06	7.3039e-139
5.40499e+06	5.84738e-140
5.40509e+06	4.63473e-141
5.40519e+06	3.63701e-142
5.40529e+06	2.82568e-143
5.40539e+06	2.17349e-144
5.40549e+06	1.65519e-145
5.40559e+06	1.24795e-146
5.40569e+06	9.31545e-148
5.40579e+06	6.88441e-149
5.40589e+06	5.03717e-150
5.40599e+06	3.64891e-151
5.40609e+06	2.61696e-152
5.40619e+06	1.85818e-153
5.40629e+06	1.30628e-154
5.40639e+06	9.09163e-156
5.40649e+06	6.26476e-157
5.40659e+06	4.27389e-158
5.40669e+06	2.88669e-159
5.40679e+06	1.93034e-160
5.40689e+06	1.27798e-161
5.40699e+06	8.37667e-163
5.40709e+06	5.43596e-164
5.40719e+06	3.49251e-165
5.40729e+06	2.22155e-166
5.40739e+06	1.39905e-167
5.40749e+06	8.72298e-169
5.40759e+06	5.38462e-170
5.40769e+06	3.2908e-171
5.40779e+06	1.99116e-172
5.40789e+06	1.1928e-173
5.40799e+06	7.07432e-175
5.40809e+06	4.15394e-176
5.40819e+06	2.41486e-177
5.40829e+06	1.38989e-178
5.40839e+06	7.92004e-180
5.40849e+06	4.46818e-181
5.40859e+06	2.49569e-182
5.40869e+06	1.38009e-183
5.40879e+06	7.55585e-185
5.40889e+06	4.09558e-186
5.40899e+06	2.19788e-187
5.40909e+06	1.16775e-188
5.40919e+06	6.1426e-190
5.40929e+06	3.19898e-191
5.40939e+06	1.64941e-192
5.40949e+06	8.41982e-194
5.40959e+06	4.25533e-195
5.40969e+06	2.12923e-196
5.40979e+06	1.05479e-197
5.40989e+06	5.17331e-199
5.40999e+06	2.51205e-200
5.41009e+06	1.20766e-201
5.41019e+06	5.74801e-203
5.41029e+06	2.70862e-204
5.41039e+06	1.26367e-205
5.41049e+06	5.83687e-207
5.41059e+06	2.6692e-208
5.41069e+06	1.20848e-209
5.41079e+06	5.41696e-211
5.41089e+06	2.40397e-212
5.41099e+06	1.05623e-213
5.41109e+06	4.59457e-215
5.41119e+06	1.97874e-216
5.41129e+06	8.43703e-218
5.41139e+06	3.56162e-219
5.41149e+06	1.48855e-220
5.41159e+06	6.15935e-222
5.41169e+06	2.52327e-223
5.41179e+06	1.02341e-224
5.41189e+06	4.10954e-226
5.41199e+06	1.63378e-227
5.41209e+06	6.43059e-229
5.41219e+06	2.50591e-230
5.41229e+06	9.668e-232
5.41239e+06	3.69288e-233
5.41249e+06	1.39653e-234
5.41259e+06	5.2287e-236
5.41269e+06	1.93818e-237
5.41279e+06	7.11295e-239
5.41289e+06	2.58442e-240
5.41299e+06	9.29682e-242
5.41309e+06	3.31102e-243
5.41319e+06	1.16747e-244
5.41329e+06	4.07558e-246
5.41339e+06	1.4086e-247
5.41349e+06	4.81997e-249
5.41359e+06	1.63289e-250
5.41369e+06	5.47681e-252
5.41379e+06	1.81868e-253
5.41389e+06	5.97915e-255
5.41399e+06	1.94617e-256
5.41409e+06	6.27162e-258
5.41419e+06	2.00094e-259
5.41429e+06	6.32044e-261
5.41439e+06	1.97659e-262
5.41449e+06	6.11989e-264
5.41459e+06	1.87598e-265
5.41469e+06	5.69336e-267
5.41479e+06	1.71067e-268
5.41489e+06	5.08887e-270
5.41499e+06	1.49876e-271
5.41509e+06	4.37021e-273
5.41519e+06	1.26162e-274
5.41529e+06	3.60588e-276
5.41539e+06	1.02036e-277
5.41549e+06	2.85857e-279
5.41559e+06	7.92872e-281
5.41569e+06	2.17728e-282
5.41579e+06	5.91947e-284
5.41589e+06	1.59334e-285
5.41599e+06	4.2461e-287
5.41609e+06	1.12029e-288
5.41619e+06	2.92635e-290
5.41629e+06	7.56799e-292
5.41639e+06	1.93772e-293
5.41649e+06	4.91201e-295
5.41659e+06	1.23277e-296
5.41669e+06	3.06313e-298
5.41679e+06	7.53537e-300
5.41689e+06	1.83527e-301
5.41699e+06	4.42541e-303
5.41709e+06	1.05649e-304
5.41719e+06	2.49707e-306
5.41729e+06	5.84326e-308
5.41739e+06	1.35374e-309
5.41749e+06	3.10509e-311
5.41759e+06	7.05132e-313
5.41769e+06	1.58534e-314
5.41779e+06	3.52884e-316
5.41789e+06	7.77676e-318
5.41799e+06	1.69677e-319
5.41809e+06	3.66597e-321
5.41819e+06	7.90505e-323
5.41829e+06	4.94066e-324
5.41839e+06	0
5.41849e+06	0
5.41859e+06	0
5.41869e+06	0
5.41879e+06	0
5.41889e+06	0
5.41899e+06	0
5.41909e+06	0
5.41919e+06	0
5.41929e+06	0
5.41939e+06	0
5.41949e+06	0
5.41959e+06	0
5.41969e+06	0
5.41979e+06	0
5.41989e+06	0
5.41999e+06	0
5.42009e+06	0
5.42019e+06	0
5.42029e+06	0
5.42039e+06	0
5.42049e+06	0
5.42059e+06	0
5.42069e+06	0
5.42079e+06	0
5.42089e+06	0
5.42099e+06	0
5.42109e+06	0
5.42119e+06	0
5.42129e+06	0
5.42139e+06	0
5.42149e+06	0
5.42159e+06	0
5.42169e+06	0
5.42179e+06	0
5.42189e+06	0
5.42199e+06	0
5.42209e+06	0
5.42219e+06	0
5.42229e+06	0
5.42239e+06	0
5.42249e+06	0
5.42259e+06	0
5.42269e+06	0
5.42279e+06	0
5.42289e+06	0
5.42299e+06	0
5.42309e+06	0
5.42319e+06	0
5.42329e+06	0
5.42339e+06	0
5.42349e+06	0
5.42359e+06	0
5.42369e+06	0
5.42379e+06	0
5.42389e+06	0
5.42399e+06	0
5.42409e+06	0
5.42419e+06	0
5.42429e+06	0
5.42439e+06	0
5.42449e+06	0
5.42459e+06	0
5.42469e+06	0
5.42479e+06	0
5.42489e+06	0
5.42499e+06	0
5.42509e+06	0
5.42519e+06	0
5.42529e+06	0
5.42539e+06	0
5.42549e+06	0
5.42559e+06	0
5.42569e+06	0
5.42579e+06	0
5.42589e+06	0
5.42599e+06	0
5.42609e+06	0
5.42619e+06	0
5.42629e+06	0
5.42639e+06	0
5.42649e+06	0
5.42659e+06	0
5.42669e+06	0
5.42679e+06	0
5.42689e+06	0
5.42699e+06	0
5.42709e+06	0
5.42719e+06	0
5.42729e+06	0
5.42739e+06	0
5.42749e+06	0
5.42759e+06	0
5.42769e+06	0
5.42779e+06	0
5.42789e+06	0
5.42799e+06	0
5.42809e+06	0
5.42819e+06	0
5.42829e+06	0
5.42839e+06	0
5.42849e+06	0
5.42859e+06	0
5.42869e+06	0
5.42879e+06	0
5.42889e+06	0
5.42899e+06	0
5.42909e+06	0
5.42919e+06	0
5.42929e+06	0
5.42939e+06	0
5.42949e+06	0
5.42959e+06	0
5.42969e+06	0
5.42979e+06	0
5.42989e+06	0
5.42999e+06	0
5.43009e+06	0
5.43019e+06	0
5.43029e+06	0
5.43039e+06	0
5.43049e+06	0
5.43059e+06	0
5.43069e+06	0
5.43079e+06	0
5.43089e+06	0
5.43099e+06	0
5.43109e+06	0
5.43119e+06	0
5.43129e+06	0
5.43139e+06	0
5.43149e+06	0
5.43159e+06	0
5.43169e+06	0
5.43179e+06	0
5.43189e+06	0
5.43199e+06	0
5.43209e+06	0
5.43219e+06	0
5.43229e+06	0
5.43239e+06	0
5.43249e+06	0
5.43259e+06	0
5.43269e+06	0
5.43279e+06	0
5.43289e+06	0
5.43299e+06	0
5.43309e+06	0
5.43319e+06	0
5.43329e+06	0
5.43339e+06	0
5.43349e+06	0
5.43359e+06	0
5.43369e+06	0
5.43379e+06	0
5.43389e+06	0
5.43399e+06	0
5.43409e+06	0
5.43419e+06	0
5.43429e+06	0
5.43439e+06	0
5.43449e+06	0
5.43459e+06	0
5.43469e+06	0
5.43479e+06	0
5.43489e+06	0
5.43499e+06	0
5.43509e+06	0
5.43519e+06	0
5.43529e+06	0
5.43539e+06	0
5.43549e+06	0
5.43559e+06	0
5.43569e+06	0
5.43579e+06	0
5.43589e+06	0
5.43599e+06	0
5.43609e+06	0
5.43619e+06	0
5.43629e+06	0
5.43639e+06	0
5.43649e+06	0
5.43659e+06	0
5.43669e+06	0
5.43679e+06	0
5.43689e+06	0
5.43699e+06	0
5.43709e+06	0
5.43719e+06	0
5.43729e+06	0
5.43739e+06	0
5.43749e+06	0
5.43759e+06	0
5.43769e+06	0
5.43779e+06	0
5.43789e+06	0
5.43799e+06	0
5.43809e+06	0
5.43819e+06	0
5.43829e+06	0
5.43839e+06	0
5.43849e+06	0
5.43859e+06	0
5.43869e+06	0
5.43879e+06	0
5.43889e+06	0
5.43899e+06	0
5.43909e+06	0
5.43919e+06	0
5.43929e+06	0
5.43939e+06	0
5.43949e+06	0
5.43959e+06	0
5.43969e+06	0
5.43979e+06	0
5.43989e+06	0
5.43999e+06	0
5.44009e+06	0
5.44019e+06	0
5.44029e+06	0
5.44039e+06	0
5.44049e+06	0
5.44059e+06	0
5.44069e+06	0
5.44079e+06	0
5.44089e+06	0
5.44099e+06	0
5.44109e+06	9.38725e-323
5.44119e+06	4.3626e-321
5.44129e+06	2.01559e-319
5.44139e+06	9.21748e-318
5.44149e+06	4.17326e-316
5.44159e+06	1.87067e-314
5.44169e+06	8.30183e-313
5.44179e+06	3.64761e-311
5.44189e+06	1.58672e-309
5.44199e+06	6.8336e-308
5.44209e+06	2.91377e-306
5.44219e+06	1.23004e-304
5.44229e+06	5.14089e-303
5.44239e+06	2.12724e-301
5.44249e+06	8.71464e-300
5.44259e+06	3.5346e-298
5.44269e+06	1.41935e-296
5.44279e+06	5.6428e-295
5.44289e+06	2.22104e-293
5.44299e+06	8.65518e-292
5.44309e+06	3.33928e-290
5.44319e+06	1.27552e-288
5.44329e+06	4.82366e-287
5.44339e+06	1.80603e-285
5.44349e+06	6.69467e-284
5.44359e+06	2.45692e-282
5.44369e+06	8.92709e-281
5.44379e+06	3.21133e-279
5.44389e+06	1.14372e-277
5.44399e+06	4.03282e-276
5.44409e+06	1.40785e-274
5.44419e+06	4.86586e-273
5.44429e+06	1.66503e-271
5.44439e+06	5.64078e-270
5.44449e+06	1.89197e-268
5.44459e+06	6.2827e-267
5.44469e+06	2.06555e-265
5.44479e+06	6.7233e-264
5.44489e+06	2.16664e-262
5.44499e+06	6.91268e-261
5.44509e+06	2.18355e-259
5.44519e+06	6.82871e-258
5.44529e+06	2.11432e-256
5.44539e+06	6.48125e-255
5.44549e+06	1.967e-253
5.44559e+06	5.91027e-252
5.44569e+06	1.7582e-250
5.44579e+06	5.17827e-249
5.44589e+06	1.50994e-247
5.44599e+06	4.35903e-246
5.44609e+06	1.24588e-244
5.44619e+06	3.52552e-243
5.44629e+06	9.877e-242
5.44639e+06	2.73958e-240
5.44649e+06	7.52317e-239
5.44659e+06	2.04538e-237
5.44669e+06	5.5056e-236
5.44679e+06	1.46721e-234
5.44689e+06	3.87112e-233
5.44699e+06	1.0112e-231
5.44709e+06	2.61515e-230
5.44719e+06	6.69596e-229
5.44729e+06	1.69741e-227
5.44739e+06	4.26006e-226
5.44749e+06	1.05853e-224
5.44759e+06	2.60403e-223
5.44769e+06	6.34231e-222
5.44779e+06	1.52935e-220
5.44789e+06	3.65107e-219
5.44799e+06	8.62964e-218
5.44809e+06	2.0194e-216
5.44819e+06	4.67852e-215
5.44829e+06	1.07313e-213
5.44839e+06	2.43698e-212
5.44849e+06	5.4791e-211
5.44859e+06	1.21962e-209
5.44869e+06	2.68779e-208
5.44879e+06	5.86441e-207
5.44889e+06	1.26681e-205
5.44899e+06	2.70927e-204
5.44909e+06	5.73657e-203
5.44919e+06	1.20257e-201
5.44929e+06	2.49588e-200
5.44939e+06	5.12854e-199
5.44949e+06	1.04333e-197
5.44959e+06	2.10139e-196
5.44969e+06	4.19034e-195
5.44979e+06	8.27272e-194
5.44989e+06	1.61698e-192
5.44999e+06	3.12909e-191
5.45009e+06	5.99499e-190
5.45019e+06	1.13714e-188
5.45029e+06	2.1355e-187
5.45039e+06	3.97047e-186
5.45049e+06	7.3087e-185
5.45059e+06	1.33197e-183
5.45069e+06	2.4033e-182
5.45079e+06	4.29317e-181
5.45089e+06	7.59286e-180
5.45099e+06	1.3295e-178
5.45109e+06	2.30478e-177
5.45119e+06	3.95574e-176
5.45129e+06	6.72176e-175
5.45139e+06	1.13082e-173
5.45149e+06	1.88349e-172
5.45159e+06	3.10592e-171
5.45169e+06	5.07076e-170
5.45179e+06	8.19622e-169
5.45189e+06	1.31163e-167
5.45199e+06	2.07809e-166
5.45209e+06	3.25969e-165
5.45219e+06	5.06227e-164
5.45229e+06	7.78343e-163
5.45239e+06	1.18482e-161
5.45249e+06	1.78564e-160
5.45259e+06	2.66434e-159
5.45269e+06	3.9359e-158
5.45279e+06	5.75645e-157
5.45289e+06	8.33532e-156
5.45299e+06	1.19494e-154
5.45309e+06	1.69601e-153
5.45319e+06	2.38324e-152
5.45329e+06	3.31562e-151
5.45339e+06	4.56686e-150
5.45349e+06	6.2277e-149
5.45359e+06	8.40805e-148
5.45369e+06	1.12388e-146
5.45379e+06	1.48731e-145
5.45389e+06	1.94867e-144
5.45399e+06	2.52775e-143
5.45409e+06	3.24629e-142
5.45419e+06	4.12759e-141
5.45429e+06	5.19593e-140
5.45439e+06	6.47571e-139
5.45449e+06	7.99039e-138
5.45459e+06	9.76126e-137
5.45469e+06	1.18059e-135
5.45479e+06	1.41369e-134
5.45489e+06	1.67595e-133
5.45499e+06	1.96711e-132
5.45509e+06	2.28587e-131
5.45519e+06	2.62985e-130
5.45529e+06	2.99549e-129
5.45539e+06	3.37802e-128
5.45549e+06	3.7715e-127
5.45559e+06	4.16891e-126
5.45569e+06	4.56234e-125
5.45579e+06	4.94322e-124
5.45589e+06	5.30261e-123
5.45599e+06	5.63153e-122
5.45609e+06	5.92134e-121
5.45619e+06	6.16411e-120
5.45629e+06	6.35299e-119
5.45639e+06	6.48251e-118
5.45649e+06	6.54885e-117
5.45659e+06	6.55004e-116
5.45669e+06	6.48605e-115
5.45679e+06	6.35877e-114
5.45689e+06	6.17196e-113
5.45699e+06	5.93103e-112
5.45709e+06	5.6428e-111
5.45719e+06	5.31515e-110
5.45729e+06	4.95672e-109
5.45739e+06	4.57646e-108
5.45749e+06	4.18333e-107
5.45759e+06	3.78592e-106
5.45769e+06	3.39217e-105
5.45779e+06	3.00913e-104
5.45789e+06	2.64279e-103
5.45799e+06	2.29795e-102
5.45809e+06	1.97822e-101
5.45819e+06	1.68603e-100
5.45829e+06	1.42271e-99
5.45839e+06	1.18856e-98
5.45849e+06	9.83069e-98
5.45859e+06	8.05015e-97
5.45869e+06	6.52651e-96
5.45879e+06	5.2386e-95
5.45889e+06	4.163e-94
5.45899e+06	3.27533e-93
5.45909e+06	2.55129e-92
5.45919e+06	1.96754e-91
5.45929e+06	1.50225e-90
5.45939e+06	1.13558e-89
5.45949e+06	8.49869e-89
5.45959e+06	6.29713e-88
5.45969e+06	4.61945e-87
5.45979e+06	3.35502e-86
5.45989e+06	2.41244e-85
5.45999e+06	1.71742e-84
5.46009e+06	1.21046e-83
5.46019e+06	8.44664e-83
5.46029e+06	5.83545e-82
5.46039e+06	3.99136e-81
5.46049e+06	2.70287e-80
5.46059e+06	1.81212e-79
5.46069e+06	1.20283e-78
5.46079e+06	7.9046e-78
5.46089e+06	5.14295e-77
5.46099e+06	3.31285e-76
5.46109e+06	2.11275e-75
5.46119e+06	1.33399e-74
5.46129e+06	8.33896e-74
5.46139e+06	5.16095e-73
5.46149e+06	3.16231e-72
5.46159e+06	1.91839e-71
5.46169e+06	1.15219e-70
5.46179e+06	6.85126e-70
5.46189e+06	4.03342e-69
5.46199e+06	2.35089e-68
5.46209e+06	1.35659e-67
5.46219e+06	7.7504e-67
5.46229e+06	4.38384e-66
5.46239e+06	2.45495e-65
5.46249e+06	1.3611e-64
5.46259e+06	7.47121e-64
5.46269e+06	4.06022e-63
5.46279e+06	2.18457e-62
5.46289e+06	1.1637e-61
5.46299e+06	6.1372e-61
5.46309e+06	3.20448e-60
5.46319e+06	1.65654e-59
5.46329e+06	8.4782e-59
5.46339e+06	4.29598e-58
5.46349e+06	2.15515e-57
5.46359e+06	1.07041e-56
5.46369e+06	5.26358e-56
5.46379e+06	2.56252e-55
5.46389e+06	1.23513e-54
5.46399e+06	5.89404e-54
5.46409e+06	2.78465e-53
5.46419e+06	1.30252e-52
5.46429e+06	6.03196e-52
5.46439e+06	2.76559e-51
5.46449e+06	1.25538e-50
5.46459e+06	5.64179e-50
5.46469e+06	2.51025e-49
5.46479e+06	1.1058e-48
5.46489e+06	4.82269e-48
5.46499e+06	2.08238e-47
5.46509e+06	8.90204e-47
5.46519e+06	3.76769e-46
5.46529e+06	1.57877e-45
5.46539e+06	6.54965e-45
5.46549e+06	2.69014e-44
5.46559e+06	1.09393e-43
5.46569e+06	4.40412e-43
5.46579e+06	1.75545e-42
5.46589e+06	6.92744e-42
5.46599e+06	2.70654e-41
5.46609e+06	1.04692e-40
5.46619e+06	4.00931e-40
5.46629e+06	1.52014e-39
5.46639e+06	5.70629e-39
5.46649e+06	2.12071e-38
5.46659e+06	7.80307e-38
5.46669e+06	2.84254e-37
5.46679e+06	1.02519e-36
5.46689e+06	3.66068e-36
5.46699e+06	1.29412e-35
5.46709e+06	4.52943e-35
5.46719e+06	1.56953e-34
5.46729e+06	5.38461e-34
5.46739e+06	1.82892e-33
5.46749e+06	6.15025e-33
5.46759e+06	2.04761e-32
5.46769e+06	6.74932e-32
5.46779e+06	2.20257e-31
5.46789e+06	7.11632e-31
5.46799e+06	2.27635e-30
5.46809e+06	7.20906e-30
5.46819e+06	2.26035e-29
5.46829e+06	7.01666e-29
5.46839e+06	2.15646e-28
5.46849e+06	6.56161e-28
5.46859e+06	1.97668e-27
5.46869e+06	5.89547e-27
5.46879e+06	1.74084e-26
5.46889e+06	5.08926e-26
5.46899e+06	1.47302e-25
5.46909e+06	4.22104e-25
5.46919e+06	1.19753e-24
5.46929e+06	3.36366e-24
5.46939e+06	9.35394e-24
5.46949e+06	2.57533e-23
5.46959e+06	7.01988e-23
5.46969e+06	1.89445e-22
5.46979e+06	5.06166e-22
5.46989e+06	1.33894e-21
5.46999e+06	3.50659e-21
5.47009e+06	9.09214e-21
5.47019e+06	2.33402e-20
5.47029e+06	5.93198e-20
5.47039e+06	1.49263e-19
5.47049e+06	3.71845e-19
5.47059e+06	9.17125e-19
5.47069e+06	2.23951e-18
5.47079e+06	5.41419e-18
5.47089e+06	1.2959e-17
5.47099e+06	3.0709e-17
5.47109e+06	7.20473e-17
5.47119e+06	1.6735e-16
5.47129e+06	3.84851e-16
5.47139e+06	8.76225e-16
5.47149e+06	1.97513e-15
5.47159e+06	4.40792e-15
5.47169e+06	9.73929e-15
5.47179e+06	2.13049e-14
5.47189e+06	4.6141e-14
5.47199e+06	9.89356e-14
5.47209e+06	2.10027e-13
5.47219e+06	4.41423e-13
5.47229e+06	9.18525e-13
5.47239e+06	1.89228e-12
5.47249e+06	3.85954e-12
5.47259e+06	7.79369e-12
5.47269e+06	1.55815e-11
5.47279e+06	3.08411e-11
5.47289e+06	6.04378e-11
5.47299e+06	1.17259e-10
5.47309e+06	2.25236e-10
5.47319e+06	4.28339e-10
5.47329e+06	8.06483e-10
5.47339e+06	1.50335e-09
5.47349e+06	2.77447e-09
5.47359e+06	5.06943e-09
5.47369e+06	9.17053e-09
5.47379e+06	1.64243e-08
5.47389e+06	2.9123e-08
5.47399e+06	5.11261e-08
5.47409e+06	8.886e-08
5.47419e+06	1.52907e-07
5.47429e+06	2.60498e-07
5.47439e+06	4.39379e-07
5.47449e+06	7.33721e-07
5.47459e+06	1.21305e-06
5.47469e+06	1.98557e-06
5.47479e+06	3.21773e-06
5.47489e+06	5.16261e-06
5.47499e+06	8.20061e-06
5.47509e+06	1.28967e-05
5.47519e+06	2.00804e-05
5.47529e+06	3.09542e-05
5.47539e+06	4.72416e-05
5.47549e+06	7.13818e-05
5.47559e+06	0.000106784
5.47569e+06	0.000158155
5.47579e+06	0.000231909
5.47589e+06	0.000336672
5.47599e+06	0.000483899
5.47609e+06	0.000688588
5.47619e+06	0.000970111
5.47629e+06	0.00135313
5.47639e+06	0.0018686
5.47649e+06	0.00255475
5.47659e+06	0.00345811
5.47669e+06	0.00463432
5.47679e+06	0.00614879
5.47689e+06	0.00807702
5.47699e+06	0.0105044
5.47709e+06	0.0135252
5.47719e+06	0.0172416
5.47729e+06	0.0217604
5.47739e+06	0.0271902
5.47749e+06	0.0336369
5.47759e+06	0.041198
5.47769e+06	0.0499567
5.47779e+06	0.0599748
5.47789e+06	0.0712854
5.47799e+06	0.0838859
5.47809e+06	0.0977316
5.47819e+06	0.11273
5.47829e+06	0.128735
5.47839e+06	0.145551
5.47849e+06	0.162925
5.47859e+06	0.180559
5.47869e+06	0.198111
5.47879e+06	0.215205
5.47889e+06	0.231449
5.47899e+06	0.246442
5.47909e+06	0.259795
5.47919e+06	0.271147
5.47929e+06	0.280178
5.47939e+06	0.28663
5.47949e+06	0.290313
5.47959e+06	0.291118
5.47969e+06	0.28902
5.47979e+06	0.284081
5.47989e+06	0.276449
5.47999e+06	0.266346
5.48009e+06	0.254058
5.48019e+06	0.239925
5.48029e+06	0.224325
5.48039e+06	0.207652
5.48049e+06	0.190305
5.48059e+06	0.172672
5.48069e+06	0.155114
5.48079e+06	0.137955
5.48089e+06	0.121474
5.48099e+06	0.105897
5.48109e+06	0.0913986
5.48119e+06	0.0781005
5.48129e+06	0.0660732
5.48139e+06	0.0553419
5.48149e+06	0.0458923
5.48159e+06	0.0376775
5.48169e+06	0.0306254
5.48179e+06	0.0246456
5.48189e+06	0.019636
5.48199e+06	0.015489
5.48209e+06	0.0120963
5.48219e+06	0.0093527
5.48229e+06	0.00715944
5.48239e+06	0.00542598
5.48249e+06	0.00407131
5.48259e+06	0.00302446
5.48269e+06	0.00222443
5.48279e+06	0.00161974
5.48289e+06	0.0011677
5.48299e+06	0.000833434
5.48309e+06	0.000588939
5.48319e+06	0.000412027
5.48329e+06	0.00028539
5.48339e+06	0.000195708
5.48349e+06	0.000132872
5.48359e+06	8.93138e-05
5.48369e+06	5.94373e-05
5.48379e+06	3.91613e-05
5.48389e+06	2.55454e-05
5.48399e+06	1.64977e-05
5.48409e+06	1.05486e-05
5.48419e+06	6.67759e-06
5.48429e+06	4.18507e-06
5.48439e+06	2.59683e-06
5.48449e+06	1.59529e-06
5.48459e+06	9.70275e-07
5.48469e+06	5.8426e-07
5.48479e+06	3.48317e-07
5.48489e+06	2.05589e-07
5.48499e+06	1.20139e-07
5.48509e+06	6.9506e-08
5.48519e+06	3.98125e-08
5.48529e+06	2.25774e-08
5.48539e+06	1.2676e-08
5.48549e+06	7.04615e-09
5.48559e+06	3.87772e-09
5.48569e+06	2.1128e-09
5.48579e+06	1.13972e-09
5.48589e+06	6.08687e-10
5.48599e+06	3.21845e-10
5.48609e+06	1.68483e-10
5.48619e+06	8.73221e-11
5.48629e+06	4.48073e-11
5.48639e+06	2.2763e-11
5.48649e+06	1.1449e-11
5.48659e+06	5.70117e-12
5.48669e+06	2.81072e-12
5.48679e+06	1.37193e-12
5.48689e+06	6.63002e-13
5.48699e+06	3.17269e-13
5.48709e+06	1.50437e-13
5.48719e+06	7.09169e-14
5.48729e+06	3.3788e-14
5.48739e+06	1.75318e-14
5.48749e+06	1.2576e-14
5.48759e+06	1.61277e-14
5.48769e+06	3.07626e-14
5.48779e+06	6.61546e-14
5.48789e+06	1.45012e-13
5.48799e+06	3.16576e-13
5.48809e+06	6.85047e-13
5.48819e+06	1.46798e-12
5.48829e+06	3.11458e-12
5.48839e+06	6.54242e-12
5.48849e+06	1.36062e-11
5.48859e+06	2.80149e-11
5.48869e+06	5.71085e-11
5.48879e+06	1.15257e-10
5.48889e+06	2.303e-10
5.48899e+06	4.55593e-10
5.48909e+06	8.92311e-10
5.48919e+06	1.73027e-09
5.48929e+06	3.32175e-09
5.48939e+06	6.3136e-09
5.48949e+06	1.18808e-08
5.48959e+06	2.21345e-08
5.48969e+06	4.08273e-08
5.48979e+06	7.45573e-08
5.48989e+06	1.34799e-07
5.48999e+06	2.4129e-07
5.49009e+06	4.27611e-07
5.49019e+06	7.50267e-07
5.49029e+06	1.30329e-06
5.49039e+06	2.24141e-06
5.49049e+06	3.81645e-06
5.49059e+06	6.43361e-06
5.49069e+06	1.07376e-05
5.49079e+06	1.77426e-05
5.49089e+06	2.90257e-05
5.49099e+06	4.70118e-05
5.49109e+06	7.53854e-05
5.49119e+06	0.000119681
5.49129e+06	0.000188113
5.49139e+06	0.000292733
5.49149e+06	0.000451003
5.49159e+06	0.000687932
5.49169e+06	0.00103889
5.49179e+06	0.00155328
5.49189e+06	0.00229925
5.49199e+06	0.00336961
5.49209e+06	0.00488912
5.49219e+06	0.00702326
5.49229e+06	0.00998859
5.49239e+06	0.0140646
5.49249e+06	0.0196068
5.49259e+06	0.0270609
5.49269e+06	0.0369773
5.49279e+06	0.0500249
5.49289e+06	0.0670029
5.49299e+06	0.0888501
5.49309e+06	0.116649
5.49319e+06	0.151621
5.49329e+06	0.195117
5.49339e+06	0.248592
5.49349e+06	0.313572
5.49359e+06	0.391601
5.49369e+06	0.484181
5.49379e+06	0.592692
5.49389e+06	0.718302
5.49399e+06	0.861871
5.49409e+06	1.02385
5.49419e+06	1.20416
5.49429e+06	1.40214
5.49439e+06	1.61642
5.49449e+06	1.8449
5.49459e+06	2.08474
5.49469e+06	2.33231
5.49479e+06	2.58332
5.49489e+06	2.83287
5.49499e+06	3.07561
5.49509e+06	3.30594
5.49519e+06	3.51815
5.49529e+06	3.70673
5.49539e+06	3.86657
5.49549e+06	3.99316
5.49559e+06	4.08286
5.49569e+06	4.13304
5.49579e+06	4.14221
5.49589e+06	4.11009
5.49599e+06	4.03764
5.49609e+06	3.927
5.49619e+06	3.78138
5.49629e+06	3.60494
5.49639e+06	3.40254
5.49649e+06	3.17954
5.49659e+06	2.94159
5.49669e+06	2.69438
5.49679e+06	2.44338
5.49689e+06	2.19372
5.49699e+06	1.94997
5.49709e+06	1.71606
5.49719e+06	1.49518
5.49729e+06	1.28976
5.49739e+06	1.1015
5.49749e+06	0.93136
5.49759e+06	0.779663
5.49769e+06	0.646179
5.49779e+06	0.53022
5.49789e+06	0.430741
5.49799e+06	0.346445
5.49809e+06	0.275873
5.49819e+06	0.21749
5.49829e+06	0.169757
5.49839e+06	0.131182
5.49849e+06	0.100364
5.49859e+06	0.0760215
5.49869e+06	0.0570103
5.49879e+06	0.0423279
5.49889e+06	0.0311141
5.49899e+06	0.0226436
5.49909e+06	0.0163151
5.49919e+06	0.0116384
5.49929e+06	0.00821962
5.49939e+06	0.00574735
5.49949e+06	0.0039787
5.49959e+06	0.00272691
5.49969e+06	0.00185037
5.49979e+06	0.00124309
5.49989e+06	0.000826808
5.49999e+06	0.000544456
5.50009e+06	0.000354959
5.50019e+06	0.000229114
5.50029e+06	0.000146413
5.50039e+06	9.26334e-05
5.50049e+06	5.80245e-05
5.50059e+06	3.59842e-05
5.50069e+06	2.20938e-05
5.50079e+06	1.34303e-05
5.50089e+06	8.0827e-06
5.50099e+06	4.81599e-06
5.50109e+06	2.841e-06
5.50119e+06	1.65926e-06
5.50129e+06	9.59434e-07
5.50139e+06	5.49253e-07
5.50149e+06	3.11305e-07
5.50159e+06	1.74686e-07
5.50169e+06	9.7048e-08
5.50179e+06	5.33792e-08
5.50189e+06	2.9068e-08
5.50199e+06	1.56716e-08
5.50209e+06	8.36509e-09
5.50219e+06	4.42063e-09
5.50229e+06	2.31289e-09
5.50239e+06	1.19807e-09
5.50249e+06	6.14423e-10
5.50259e+06	3.11968e-10
5.50269e+06	1.56823e-10
5.50279e+06	7.80485e-11
5.50289e+06	3.84572e-11
5.50299e+06	1.87606e-11
5.50309e+06	9.06098e-12
5.50319e+06	4.33271e-12
5.50329e+06	2.05116e-12
5.50339e+06	9.61388e-13
5.50349e+06	4.46123e-13
5.50359e+06	2.04959e-13
5.50369e+06	9.32258e-14
5.50379e+06	4.1982e-14
5.50389e+06	1.87174e-14
5.50399e+06	8.26204e-15
5.50409e+06	3.61065e-15
5.50419e+06	1.56221e-15
5.50429e+06	6.69193e-16
5.50439e+06	2.83805e-16
5.50449e+06	1.19164e-16
5.50459e+06	4.9537e-17
5.50469e+06	2.03878e-17
5.50479e+06	8.30743e-18
5.50489e+06	3.35136e-18
5.50499e+06	1.33854e-18
5.50509e+06	5.29298e-19
5.50519e+06	2.07217e-19
5.50529e+06	8.03171e-20
5.50539e+06	3.0821e-20
5.50549e+06	1.17096e-20
5.50559e+06	4.40451e-21
5.50569e+06	1.64024e-21
5.50579e+06	6.0475e-22
5.50589e+06	2.2075e-22
5.50599e+06	7.97778e-23
5.50609e+06	2.85444e-23
5.50619e+06	1.01115e-23
5.50629e+06	3.54625e-24
5.50639e+06	1.23135e-24
5.50649e+06	4.23299e-25
5.50659e+06	1.44069e-25
5.50669e+06	4.85459e-26
5.50679e+06	1.61954e-26
5.50689e+06	5.34916e-27
5.50699e+06	1.74919e-27
5.50709e+06	5.66301e-28
5.50719e+06	1.81516e-28
5.50729e+06	5.7602e-29
5.50739e+06	1.80975e-29
5.50749e+06	5.62932e-30
5.50759e+06	1.73361e-30
5.50769e+06	5.28569e-31
5.50779e+06	1.59555e-31
5.50789e+06	4.76844e-32
5.50799e+06	1.41091e-32
5.50809e+06	4.13313e-33
5.50819e+06	1.19872e-33
5.50829e+06	3.442e-34
5.50839e+06	9.78502e-35
5.50849e+06	2.75404e-35
5.50859e+06	7.67423e-36
5.50869e+06	2.11718e-36
5.50879e+06	5.78278e-37
5.50889e+06	1.56377e-37
5.50899e+06	4.18665e-38
5.50909e+06	1.10973e-38
5.50919e+06	2.91222e-39
5.50929e+06	7.5664e-40
5.50939e+06	1.9463e-40
5.50949e+06	4.95666e-41
5.50959e+06	1.24976e-41
5.50969e+06	3.11974e-42
5.50979e+06	7.71024e-43
5.50989e+06	1.88658e-43
5.50999e+06	4.57024e-44
5.51009e+06	1.09612e-44
5.51019e+06	2.60278e-45
5.51029e+06	6.1189e-46
5.51039e+06	1.42418e-46
5.51049e+06	3.28182e-47
5.51059e+06	7.48723e-48
5.51069e+06	1.69116e-48
5.51079e+06	3.78185e-49
5.51089e+06	8.37302e-50
5.51099e+06	1.83534e-50
5.51109e+06	3.98298e-51
5.51119e+06	8.5577e-52
5.51129e+06	1.82038e-52
5.51139e+06	3.83377e-53
5.51149e+06	7.99365e-54
5.51159e+06	1.65015e-54
5.51169e+06	3.37253e-55
5.51179e+06	6.82413e-56
5.51189e+06	1.36708e-56
5.51199e+06	2.71144e-57
5.51209e+06	5.3243e-58
5.51219e+06	1.0351e-58
5.51229e+06	1.99231e-59
5.51239e+06	3.79657e-60
5.51249e+06	7.16278e-61
5.51259e+06	1.33792e-61
5.51269e+06	2.47419e-62
5.51279e+06	4.52997e-63
5.51289e+06	8.21133e-64
5.51299e+06	1.47363e-64
5.51309e+06	2.61832e-65
5.51319e+06	4.60587e-66
5.51329e+06	8.02155e-67
5.51339e+06	1.38313e-67
5.51349e+06	2.36115e-68
5.51359e+06	3.99063e-69
5.51369e+06	6.67754e-70
5.51379e+06	1.10624e-70
5.51389e+06	1.81442e-71
5.51399e+06	2.94635e-72
5.51409e+06	4.73682e-73
5.51419e+06	7.53958e-74
5.51429e+06	1.18813e-74
5.51439e+06	1.8537e-75
5.51449e+06	2.86332e-76
5.51459e+06	4.37884e-77
5.51469e+06	6.62986e-78
5.51479e+06	9.93819e-79
5.51489e+06	1.47491e-79
5.51499e+06	2.16712e-80
5.51509e+06	3.15252e-81
5.51519e+06	4.54034e-82
5.51529e+06	6.47405e-83
5.51539e+06	9.13948e-84
5.51549e+06	1.27739e-84
5.51559e+06	1.76759e-85
5.51569e+06	2.42158e-86
5.51579e+06	3.28452e-87
5.51589e+06	4.41064e-88
5.51599e+06	5.86394e-89
5.51609e+06	7.71851e-90
5.51619e+06	1.00585e-90
5.51629e+06	1.29776e-91
5.51639e+06	1.65771e-92
5.51649e+06	2.09644e-93
5.51659e+06	2.62489e-94
5.51669e+06	3.25385e-95
5.51679e+06	3.99339e-96
5.51689e+06	4.85224e-97
5.51699e+06	5.83714e-98
5.51709e+06	6.95209e-99
5.51719e+06	8.19761e-100
5.51729e+06	9.57009e-101
5.51739e+06	1.10612e-101
5.51749e+06	1.26574e-102
5.51759e+06	1.43399e-103
5.51769e+06	1.60843e-104
5.51779e+06	1.78615e-105
5.51789e+06	1.96376e-106
5.51799e+06	2.13755e-107
5.51809e+06	2.30357e-108
5.51819e+06	2.45779e-109
5.51829e+06	2.59624e-110
5.51839e+06	2.71519e-111
5.51849e+06	2.81135e-112
5.51859e+06	2.88194e-113
5.51869e+06	2.92491e-114
5.51879e+06	2.93899e-115
5.51889e+06	2.92375e-116
5.51899e+06	2.87964e-117
5.51909e+06	2.80799e-118
5.51919e+06	2.71087e-119
5.51929e+06	2.59106e-120
5.51939e+06	2.45191e-121
5.51949e+06	2.29715e-122
5.51959e+06	2.13074e-123
5.51969e+06	1.95672e-124
5.51979e+06	1.77904e-125
5.51989e+06	1.60139e-126
5.51999e+06	1.42714e-127
5.52009e+06	1.2592e-128
5.52019e+06	1.09996e-129
5.52029e+06	9.513e-131
5.52039e+06	8.14545e-132
5.52049e+06	6.9051e-133
5.52059e+06	5.79538e-134
5.52069e+06	4.8156e-135
5.52079e+06	3.96165e-136
5.52089e+06	3.22671e-137
5.52099e+06	2.60195e-138
5.52109e+06	2.07729e-139
5.52119e+06	1.64192e-140
5.52129e+06	1.28488e-141
5.52139e+06	9.95475e-143
5.52149e+06	7.63582e-144
5.52159e+06	5.7988e-145
5.52169e+06	4.35991e-146
5.52179e+06	3.24544e-147
5.52189e+06	2.39182e-148
5.52199e+06	1.74517e-149
5.52209e+06	1.26068e-150
5.52219e+06	9.01635e-152
5.52229e+06	6.38429e-153
5.52239e+06	4.4756e-154
5.52249e+06	3.10633e-155
5.52259e+06	2.13452e-156
5.52269e+06	1.45215e-157
5.52279e+06	9.78086e-159
5.52289e+06	6.52231e-160
5.52299e+06	4.30608e-161
5.52309e+06	2.81463e-162
5.52319e+06	1.82144e-163
5.52329e+06	1.16699e-164
5.52339e+06	7.40249e-166
5.52349e+06	4.64883e-167
5.52359e+06	2.89046e-168
5.52369e+06	1.7793e-169
5.52379e+06	1.08439e-170
5.52389e+06	6.54305e-172
5.52399e+06	3.9087e-173
5.52409e+06	2.31175e-174
5.52419e+06	1.35365e-175
5.52429e+06	7.84747e-177
5.52439e+06	4.50412e-178
5.52449e+06	2.55945e-179
5.52459e+06	1.43993e-180
5.52469e+06	8.02032e-182
5.52479e+06	4.42283e-183
5.52489e+06	2.41471e-184
5.52499e+06	1.30523e-185
5.52509e+06	6.985e-187
5.52519e+06	3.70086e-188
5.52529e+06	1.94132e-189
5.52539e+06	1.0082e-190
5.52549e+06	5.18387e-192
5.52559e+06	2.63888e-193
5.52569e+06	1.32997e-194
5.52579e+06	6.6362e-196
5.52589e+06	3.27835e-197
5.52599e+06	1.60342e-198
5.52609e+06	7.76422e-200
5.52619e+06	3.72224e-201
5.52629e+06	1.76672e-202
5.52639e+06	8.30214e-204
5.52649e+06	3.8625e-205
5.52659e+06	1.77911e-206
5.52669e+06	8.11326e-208
5.52679e+06	3.66306e-209
5.52689e+06	1.63739e-210
5.52699e+06	7.24627e-212
5.52709e+06	3.17493e-213
5.52719e+06	1.37725e-214
5.52729e+06	5.91489e-216
5.52739e+06	2.515e-217
5.52749e+06	1.05873e-218
5.52759e+06	4.41258e-220
5.52769e+06	1.82077e-221
5.52779e+06	7.43833e-223
5.52789e+06	3.00851e-224
5.52799e+06	1.20472e-225
5.52809e+06	4.77614e-227
5.52819e+06	1.87467e-228
5.52829e+06	7.28501e-230
5.52839e+06	2.8028e-231
5.52849e+06	1.06761e-232
5.52859e+06	4.02613e-234
5.52869e+06	1.50321e-235
5.52879e+06	5.55663e-237
5.52889e+06	2.03357e-238
5.52899e+06	7.36823e-240
5.52909e+06	2.64317e-241
5.52919e+06	9.38736e-243
5.52929e+06	3.3008e-244
5.52939e+06	1.14908e-245
5.52949e+06	3.96042e-247
5.52959e+06	1.35141e-248
5.52969e+06	4.56554e-250
5.52979e+06	1.52705e-251
5.52989e+06	5.05674e-253
5.52999e+06	1.65785e-254
5.53009e+06	5.38119e-256
5.53019e+06	1.72929e-257
5.53029e+06	5.50191e-259
5.53039e+06	1.73307e-260
5.53049e+06	5.40477e-262
5.53059e+06	1.66876e-263
5.53069e+06	5.10116e-265
5.53079e+06	1.54383e-266
5.53089e+06	4.62582e-268
5.53099e+06	1.37225e-269
5.53109e+06	4.0303e-271
5.53119e+06	1.17192e-272
5.53129e+06	3.37375e-274
5.53139e+06	9.61584e-276
5.53149e+06	2.71343e-277
5.53159e+06	7.58064e-279
5.53169e+06	2.09677e-280
5.53179e+06	5.74186e-282
5.53189e+06	1.55673e-283
5.53199e+06	4.17857e-285
5.53209e+06	1.11046e-286
5.53219e+06	2.92167e-288
5.53229e+06	7.6106e-290
5.53239e+06	1.96274e-291
5.53249e+06	5.01146e-293
5.53259e+06	1.26684e-294
5.53269e+06	3.17058e-296
5.53279e+06	7.85618e-298
5.53289e+06	1.92726e-299
5.53299e+06	4.68088e-301
5.53309e+06	1.12557e-302
5.53319e+06	2.67961e-304
5.53329e+06	6.31582e-306
5.53339e+06	1.47382e-307
5.53349e+06	3.405e-309
5.53359e+06	7.78835e-311
5.53369e+06	1.76373e-312
5.53379e+06	3.95435e-314
5.53389e+06	8.77759e-316
5.53399e+06	1.929e-317
5.53409e+06	4.19699e-319
5.53419e+06	9.05128e-321
5.53429e+06	1.82804e-322
5.53439e+06	0
5.53449e+06	0
5.53459e+06	0
5.53469e+06	0
5.53479e+06	0
5.53489e+06	0
5.53499e+06	0
5.53509e+06	0
5.53519e+06	0
5.53529e+06	0
5.53539e+06	0
5.53549e+06	0
5.53559e+06	0
5.53569e+06	0
5.53579e+06	0
5.53589e+06	0
5.53599e+06	0
5.53609e+06	0
5.53619e+06	0
5.53629e+06	0
5.53639e+06	0
5.53649e+06	0
5.53659e+06	0
5.53669e+06	0
5.53679e+06	0
5.53689e+06	0
5.53699e+06	0
5.53709e+06	0
5.53719e+06	0
5.53729e+06	0
5.53739e+06	0
5.53749e+06	0
5.53759e+06	0
5.53769e+06	0
5.53779e+06	0
5.53789e+06	0
5.53799e+06	0
5.53809e+06	0
5.53819e+06	0
5.53829e+06	0
5.53839e+06	0
5.53849e+06	0
5.53859e+06	0
5.53869e+06	0
5.53879e+06	0
5.53889e+06	0
5.53899e+06	0
5.53909e+06	0
5.53919e+06	0
5.53929e+06	0
5.53939e+06	0
5.53949e+06	0
5.53959e+06	0
5.53969e+06	0
5.53979e+06	0
5.53989e+06	0
5.53999e+06	0
5.54009e+06	0
5.54019e+06	0
5.54029e+06	0
5.54039e+06	0
5.54049e+06	0
5.54059e+06	0
5.54069e+06	0
5.54079e+06	0
5.54089e+06	0
5.54099e+06	0
5.54109e+06	0
5.54119e+06	0
5.54129e+06	0
5.54139e+06	0
5.54149e+06	0
5.54159e+06	0
5.54169e+06	0
5.54179e+06	0
5.54189e+06	0
5.54199e+06	0
5.54209e+06	0
5.54219e+06	0
5.54229e+06	0
5.54239e+06	0
5.54249e+06	0
5.54259e+06	0
5.54269e+06	0
5.54279e+06	0
5.54289e+06	0
5.54299e+06	0
5.54309e+06	0
5.54319e+06	0
5.54329e+06	0
5.54339e+06	0
5.54349e+06	0
5.54359e+06	0
5.54369e+06	0
5.54379e+06	0
5.54389e+06	0
5.54399e+06	0
5.54409e+06	0
5.54419e+06	0
5.54429e+06	0
5.54439e+06	0
5.54449e+06	0
5.54459e+06	0
5.54469e+06	0
5.54479e+06	0
5.54489e+06	0
5.54499e+06	0
5.54509e+06	0
5.54519e+06	0
5.54529e+06	0
5.54539e+06	0
5.54549e+06	0
5.54559e+06	0
5.54569e+06	0
5.54579e+06	0
5.54589e+06	0
5.54599e+06	0
5.54609e+06	0
5.54619e+06	0
5.54629e+06	0
5.54639e+06	0
5.54649e+06	0
5.54659e+06	0
5.54669e+06	0
5.54679e+06	0
5.54689e+06	0
5.54699e+06	0
5.54709e+06	0
5.54719e+06	0
5.54729e+06	0
5.54739e+06	0
5.54749e+06	0
5.54759e+06	0
5.54769e+06	0
5.54779e+06	0
5.54789e+06	0
5.54799e+06	0
5.54809e+06	0
5.54819e+06	0
5.54829e+06	0
5.54839e+06	0
5.54849e+06	0
5.54859e+06	0
5.54869e+06	0
5.54879e+06	0
5.54889e+06	0
5.54899e+06	0
5.54909e+06	0
5.54919e+06	0
5.54929e+06	0
5.54939e+06	0
5.54949e+06	0
5.54959e+06	0
5.54969e+06	0
5.54979e+06	0
5.54989e+06	0
5.54999e+06	0
5.55009e+06	0
5.55019e+06	0
5.55029e+06	0
5.55039e+06	0
5.55049e+06	0
5.55059e+06	0
5.55069e+06	0
5.55079e+06	0
5.55089e+06	0
5.55099e+06	0
5.55109e+06	0
5.55119e+06	0
5.55129e+06	0
5.55139e+06	0
5.55149e+06	0
5.55159e+06	0
5.55169e+06	0
5.55179e+06	0
5.55189e+06	0
5.55199e+06	0
5.55209e+06	0
5.55219e+06	0
5.55229e+06	0
5.55239e+06	0
5.55249e+06	0
5.55259e+06	0
5.55269e+06	0
5.55279e+06	0
5.55289e+06	0
5.55299e+06	0
5.55309e+06	0
5.55319e+06	0
5.55329e+06	0
5.55339e+06	0
5.55349e+06	0
5.55359e+06	0
5.55369e+06	0
5.55379e+06	0
5.55389e+06	0
5.55399e+06	0
5.55409e+06	0
5.55419e+06	0
5.55429e+06	0
5.55439e+06	0
5.55449e+06	0
5.55459e+06	0
5.55469e+06	0
5.55479e+06	0
5.55489e+06	0
5.55499e+06	0
5.55509e+06	0
5.55519e+06	0
5.55529e+06	0
5.55539e+06	0
5.55549e+06	0
5.55559e+06	0
5.55569e+06	0
5.55579e+06	0
5.55589e+06	0
5.55599e+06	0
5.55609e+06	0
5.55619e+06	0
5.55629e+06	0
5.55639e+06	0
5.55649e+06	0
5.55659e+06	0
5.55669e+06	0
5.55679e+06	0
5.55689e+06	0
5.55699e+06	0
5.55709e+06	0
5.55719e+06	0
5.55729e+06	0
5.55739e+06	0
5.55749e+06	0
5.55759e+06	0
5.55769e+06	0
5.55779e+06	0
5.55789e+06	0
5.55799e+06	0
5.55809e+06	0
5.55819e+06	0
5.55829e+06	0
5.55839e+06	0
5.55849e+06	0
5.55859e+06	0
5.55869e+06	0
5.55879e+06	0
5.55889e+06	0
5.55899e+06	0
5.55909e+06	0
5.55919e+06	0
5.55929e+06	0
5.55939e+06	0
5.55949e+06	0
5.55959e+06	0
5.55969e+06	0
5.55979e+06	0
5.55989e+06	0
5.55999e+06	0
5.56009e+06	0
5.56019e+06	0
5.56029e+06	0
5.56039e+06	0
5.56049e+06	0
5.56059e+06	0
5.56069e+06	0
5.56079e+06	0
5.56089e+06	0
5.56099e+06	0
5.56109e+06	0
5.56119e+06	0
5.56129e+06	0
5.56139e+06	0
5.56149e+06	0
5.56159e+06	0
5.56169e+06	0
5.56179e+06	0
5.56189e+06	0
5.56199e+06	0
5.56209e+06	0
5.56219e+06	0
5.56229e+06	0
5.56239e+06	0
5.56249e+06	0
5.56259e+06	0
5.56269e+06	0
5.56279e+06	0
5.56289e+06	0
5.56299e+06	0
5.56309e+06	0
5.56319e+06	0
5.56329e+06	0
5.56339e+06	0
5.56349e+06	0
5.56359e+06	0
5.56369e+06	0
5.56379e+06	0
5.56389e+06	0
5.56399e+06	0
5.56409e+06	0
5.56419e+06	0
5.56429e+06	0
5.56439e+06	0
5.56449e+06	0
5.56459e+06	0
5.56469e+06	0
5.56479e+06	0
5.56489e+06	0
5.56499e+06	0
5.56509e+06	0
5.56519e+06	0
5.56529e+06	0
5.56539e+06	0
5.56549e+06	0
5.56559e+06	0
5.56569e+06	0
5.56579e+06	0
5.56589e+06	0
5.56599e+06	0
5.56609e+06	0
5.56619e+06	0
5.56629e+06	0
5.56639e+06	0
5.56649e+06	0
5.56659e+06	0
5.56669e+06	0
5.56679e+06	0
5.56689e+06	0
5.56699e+06	0
5.56709e+06	0
5.56719e+06	0
5.56729e+06	0
5.56739e+06	0
5.56749e+06	0
5.56759e+06	0
5.56769e+06	0
5.56779e+06	0
5.56789e+06	0
5.56799e+06	0
5.56809e+06	0
5.56819e+06	0
5.56829e+06	0
5.56839e+06	0
5.56849e+06	0
5.56859e+06	0
5.56869e+06	0
5.56879e+06	0
5.56889e+06	0
5.56899e+06	0
5.56909e+06	0
5.56919e+06	0
5.56929e+06	0
5.56939e+06	0
5.56949e+06	0
5.56959e+06	0
5.56969e+06	0
5.56979e+06	0
5.56989e+06	0
5.56999e+06	0
5.57009e+06	0
5.57019e+06	0
5.57029e+06	0
5.57039e+06	0
5.57049e+06	0
5.57059e+06	0
5.57069e+06	0
5.57079e+06	0
5.57089e+06	0
5.57099e+06	0
5.57109e+06	0
5.57119e+06	0
5.57129e+06	0
5.57139e+06	0
5.57149e+06	0
5.57159e+06	0
5.57169e+06	0
5.57179e+06	0
5.57189e+06	0
5.57199e+06	0
5.57209e+06	0
5.57219e+06	0
5.57229e+06	0
5.57239e+06	0
5.57249e+06	0
5.57259e+06	0
5.57269e+06	0
5.57279e+06	0
5.57289e+06	0
5.57299e+06	0
5.57309e+06	0
5.57319e+06	0
5.57329e+06	0
5.57339e+06	0
5.57349e+06	0
5.57359e+06	0
5.57369e+06	0
5.57379e+06	0
5.57389e+06	0
5.57399e+06	0
5.57409e+06	0
5.57419e+06	0
5.57429e+06	0
5.57439e+06	0
5.57449e+06	0
5.57459e+06	0
5.57469e+06	0
5.57479e+06	0
5.57489e+06	0
5.57499e+06	0
5.57509e+06	0
5.57519e+06	0
5.57529e+06	0
5.57539e+06	0
5.57549e+06	0
5.57559e+06	0
5.57569e+06	0
5.57579e+06	0
5.57589e+06	0
5.57599e+06	0
5.57609e+06	0
5.57619e+06	0
5.57629e+06	0
5.57639e+06	0
5.57649e+06	0
5.57659e+06	0
5.57669e+06	0
5.57679e+06	0
5.57689e+06	0
5.57699e+06	0
5.57709e+06	0
5.57719e+06	0
5.57729e+06	0
5.57739e+06	0
5.57749e+06	0
5.57759e+06	0
5.57769e+06	0
5.57779e+06	0
5.57789e+06	0
5.57799e+06	0
5.57809e+06	0
5.57819e+06	0
5.57829e+06	0
5.57839e+06	0
5.57849e+06	0
5.57859e+06	0
5.57869e+06	0
5.57879e+06	0
5.57889e+06	0
5.57899e+06	0
5.57909e+06	0
5.57919e+06	0
5.57929e+06	0
5.57939e+06	0
5.57949e+06	0
5.57959e+06	0
5.57969e+06	0
5.57979e+06	0
5.57989e+06	0
5.57999e+06	0
5.58009e+06	0
5.58019e+06	0
5.58029e+06	0
5.58039e+06	0
5.58049e+06	0
5.58059e+06	0
5.58069e+06	0
5.58079e+06	0
5.58089e+06	0
5.58099e+06	0
5.58109e+06	0
5.58119e+06	0
5.58129e+06	0
5.58139e+06	0
5.58149e+06	0
5.58159e+06	0
5.58169e+06	0
5.58179e+06	0
5.58189e+06	0
5.58199e+06	0
5.58209e+06	0
5.58219e+06	0
5.58229e+06	0
5.58239e+06	0
5.58249e+06	0
5.58259e+06	0
5.58269e+06	0
5.58279e+06	0
5.58289e+06	0
5.58299e+06	0
5.58309e+06	0
5.58319e+06	0
5.58329e+06	0
5.58339e+06	0
5.58349e+06	0
5.58359e+06	0
5.58369e+06	0
5.58379e+06	0
5.58389e+06	0
5.58399e+06	0
5.58409e+06	0
5.58419e+06	0
5.58429e+06	0
5.58439e+06	0
5.58449e+06	0
5.58459e+06	0
5.58469e+06	0
5.58479e+06	0
5.58489e+06	0
5.58499e+06	0
5.58509e+06	0
5.58519e+06	0
5.58529e+06	0
5.58539e+06	0
5.58549e+06	0
5.58559e+06	0
5.58569e+06	0
5.58579e+06	0
5.58589e+06	0
5.58599e+06	0
5.58609e+06	0
5.58619e+06	0
5.58629e+06	0
5.58639e+06	0
5.58649e+06	0
5.58659e+06	0
5.58669e+06	0
5.58679e+06	0
5.58689e+06	0
5.58699e+06	0
5.58709e+06	0
5.58719e+06	0
5.58729e+06	0
5.58739e+06	0
5.58749e+06	0
5.58759e+06	0
5.58769e+06	0
5.58779e+06	0
5.58789e+06	0
5.58799e+06	0
5.58809e+06	0
5.58819e+06	0
5.58829e+06	0
5.58839e+06	0
5.58849e+06	0
5.58859e+06	0
5.58869e+06	0
5.58879e+06	0
5.58889e+06	0
5.58899e+06	0
5.58909e+06	0
5.58919e+06	0
5.58929e+06	0
5.58939e+06	0
5.58949e+06	0
5.58959e+06	0
5.58969e+06	0
5.58979e+06	0
5.58989e+06	0
5.58999e+06	0
5.59009e+06	0
5.59019e+06	0
5.59029e+06	0
5.59039e+06	0
5.59049e+06	0
5.59059e+06	0
5.59069e+06	0
5.59079e+06	0
5.59089e+06	0
5.59099e+06	0
5.59109e+06	0
5.59119e+06	0
5.59129e+06	0
5.59139e+06	0
5.59149e+06	0
5.59159e+06	0
5.59169e+06	0
5.59179e+06	0
5.59189e+06	0
5.59199e+06	0
5.59209e+06	0
5.59219e+06	0
5.59229e+06	0
5.59239e+06	0
5.59249e+06	0
5.59259e+06	0
5.59269e+06	0
5.59279e+06	0
5.59289e+06	0
5.59299e+06	0
5.59309e+06	0
5.59319e+06	0
5.59329e+06	0
5.59339e+06	0
5.59349e+06	0
5.59359e+06	0
5.59369e+06	0
5.59379e+06	0
5.59389e+06	0
5.59399e+06	0
5.59409e+06	0
5.59419e+06	0
5.59429e+06	0
5.59439e+06	0
5.59449e+06	0
5.59459e+06	0
5.59469e+06	0
5.59479e+06	0
5.59489e+06	0
5.59499e+06	0
5.59509e+06	0
5.59519e+06	0
5.59529e+06	0
5.59539e+06	0
5.59549e+06	0
5.59559e+06	0
5.59569e+06	0
5.59579e+06	0
5.59589e+06	0
5.59599e+06	0
5.59609e+06	0
5.59619e+06	0
5.59629e+06	0
5.59639e+06	0
5.59649e+06	0
5.59659e+06	0
5.59669e+06	0
5.59679e+06	0
5.59689e+06	0
5.59699e+06	0
5.59709e+06	0
5.59719e+06	0
5.59729e+06	0
5.59739e+06	0
5.59749e+06	0
5.59759e+06	0
5.59769e+06	0
5.59779e+06	0
5.59789e+06	0
5.59799e+06	0
5.59809e+06	0
5.59819e+06	0
5.59829e+06	0
5.59839e+06	0
5.59849e+06	0
5.59859e+06	0
5.59869e+06	0
5.59879e+06	0
5.59889e+06	0
5.59899e+06	0
5.59909e+06	0
5.59919e+06	0
5.59929e+06	0
5.59939e+06	0
5.59949e+06	0
5.59959e+06	0
5.59969e+06	0
5.59979e+06	0
5.59989e+06	0
5.59999e+06	0
5.60009e+06	0
5.60019e+06	0
5.60029e+06	0
5.60039e+06	0
5.60049e+06	0
5.60059e+06	0
5.60069e+06	0
5.60079e+06	0
5.60089e+06	0
5.60099e+06	0
5.60109e+06	0
5.60119e+06	0
5.60129e+06	0
5.60139e+06	0
5.60149e+06	0
5.60159e+06	0
5.60169e+06	0
5.60179e+06	0
5.60189e+06	0
5.60199e+06	0
5.60209e+06	0
5.60219e+06	0
5.60229e+06	0
5.60239e+06	0
5.60249e+06	0
5.60259e+06	0
5.60269e+06	0
5.60279e+06	0
5.60289e+06	0
5.60299e+06	0
5.60309e+06	0
5.60319e+06	0
5.60329e+06	0
5.60339e+06	0
5.60349e+06	0
5.60359e+06	0
5.60369e+06	0
5.60379e+06	0
5.60389e+06	0
5.60399e+06	0
5.60409e+06	0
5.60419e+06	0
5.60429e+06	0
5.60439e+06	0
5.60449e+06	0
5.60459e+06	0
5.60469e+06	0
5.60479e+06	0
5.60489e+06	0
5.60499e+06	0
5.60509e+06	0
5.60519e+06	0
5.60529e+06	0
5.60539e+06	0
5.60549e+06	0
5.60559e+06	0
5.60569e+06	0
5.60579e+06	0
5.60589e+06	0
5.60599e+06	0
5.60609e+06	0
5.60619e+06	0
5.60629e+06	0
5.60639e+06	0
5.60649e+06	0
5.60659e+06	0
5.60669e+06	0
5.60679e+06	0
5.60689e+06	0
5.60699e+06	0
5.60709e+06	0
5.60719e+06	0
5.60729e+06	0
5.60739e+06	0
5.60749e+06	0
5.60759e+06	0
5.60769e+06	0
5.60779e+06	0
5.60789e+06	0
5.60799e+06	0
5.60809e+06	0
5.60819e+06	0
5.60829e+06	0
5.60839e+06	0
5.60849e+06	0
5.60859e+06	0
5.60869e+06	0
5.60879e+06	0
5.60889e+06	0
5.60899e+06	0
5.60909e+06	0
5.60919e+06	0
5.60929e+06	0
5.60939e+06	0
5.60949e+06	0
5.60959e+06	0
5.60969e+06	0
5.60979e+06	0
5.60989e+06	0
5.60999e+06	0
5.61009e+06	0
5.61019e+06	0
5.61029e+06	0
5.61039e+06	0
5.61049e+06	0
5.61059e+06	0
5.61069e+06	0
5.61079e+06	0
5.61089e+06	0
5.61099e+06	0
5.61109e+06	0
5.61119e+06	0
5.61129e+06	0
5.61139e+06	0
5.61149e+06	0
5.61159e+06	0
5.61169e+06	0
5.61179e+06	0
5.61189e+06	0
5.61199e+06	0
5.61209e+06	0
5.61219e+06	0
5.61229e+06	0
5.61239e+06	0
5.61249e+06	0
5.61259e+06	0
5.61269e+06	0
5.61279e+06	0
5.61289e+06	0
5.61299e+06	0
5.61309e+06	0
5.61319e+06	0
5.61329e+06	0
5.61339e+06	0
5.61349e+06	0
5.61359e+06	0
5.61369e+06	0
5.61379e+06	0
5.61389e+06	0
5.61399e+06	0
5.61409e+06	0
5.61419e+06	0
5.61429e+06	0
5.61439e+06	0
5.61449e+06	0
5.61459e+06	0
5.61469e+06	0
5.61479e+06	0
5.61489e+06	0
5.61499e+06	0
5.61509e+06	0
5.61519e+06	0
5.61529e+06	0
5.61539e+06	0
5.61549e+06	0
5.61559e+06	0
5.61569e+06	0
5.61579e+06	0
5.61589e+06	0
5.61599e+06	0
5.61609e+06	0
5.61619e+06	0
5.61629e+06	0
5.61639e+06	0
5.61649e+06	0
5.61659e+06	0
5.61669e+06	0
5.61679e+06	0
5.61689e+06	0
5.61699e+06	0
5.61709e+06	0
5.61719e+06	0
5.61729e+06	0
5.61739e+06	0
5.61749e+06	0
5.61759e+06	0
5.61769e+06	0
5.61779e+06	0
5.61789e+06	0
5.61799e+06	0
5.61809e+06	0
5.61819e+06	0
5.61829e+06	0
5.61839e+06	0
5.61849e+06	0
5.61859e+06	0
5.61869e+06	0
5.61879e+06	0
5.61889e+06	0
5.61899e+06	0
5.61909e+06	0
5.61919e+06	0
5.61929e+06	0
5.61939e+06	0
5.61949e+06	0
5.61959e+06	0
5.61969e+06	0
5.61979e+06	0
5.61989e+06	0
5.61999e+06	0
5.62009e+06	0
5.62019e+06	0
5.62029e+06	0
5.62039e+06	0
5.62049e+06	0
5.62059e+06	0
5.62069e+06	0
5.62079e+06	0
5.62089e+06	0
5.62099e+06	0
5.62109e+06	0
5.62119e+06	0
5.62129e+06	0
5.62139e+06	0
5.62149e+06	0
5.62159e+06	0
5.62169e+06	0
5.62179e+06	0
5.62189e+06	0
5.62199e+06	0
5.62209e+06	0
5.62219e+06	0
5.62229e+06	0
5.62239e+06	0
5.62249e+06	0
5.62259e+06	0
5.62269e+06	0
5.62279e+06	0
5.62289e+06	0
5.62299e+06	0
5.62309e+06	0
5.62319e+06	0
5.62329e+06	0
5.62339e+06	0
5.62349e+06	0
5.62359e+06	0
5.62369e+06	0
5.62379e+06	0
5.62389e+06	0
5.62399e+06	0
5.62409e+06	0
5.62419e+06	0
5.62429e+06	0
5.62439e+06	0
5.62449e+06	0
5.62459e+06	0
5.62469e+06	0
5.62479e+06	0
5.62489e+06	0
5.62499e+06	0
5.62509e+06	0
5.62519e+06	0
5.62529e+06	0
5.62539e+06	0
5.62549e+06	0
5.62559e+06	0
5.62569e+06	0
5.62579e+06	0
5.62589e+06	0
5.62599e+06	0
5.62609e+06	0
5.62619e+06	0
5.62629e+06	0
5.62639e+06	0
5.62649e+06	0
5.62659e+06	0
5.62669e+06	0
5.62679e+06	0
5.62689e+06	0
5.62699e+06	0
5.62709e+06	0
5.62719e+06	0
5.62729e+06	0
5.62739e+06	0
5.62749e+06	0
5.62759e+06	0
5.62769e+06	0
5.62779e+06	0
5.62789e+06	0
5.62799e+06	0
5.62809e+06	0
5.62819e+06	0
5.62829e+06	0
5.62839e+06	0
5.62849e+06	0
5.62859e+06	0
5.62869e+06	0
5.62879e+06	0
5.62889e+06	0
5.62899e+06	0
5.62909e+06	0
5.62919e+06	0
5.62929e+06	0
5.62939e+06	0
5.62949e+06	0
5.62959e+06	0
5.62969e+06	0
5.62979e+06	0
5.62989e+06	0
5.62999e+06	0
5.63009e+06	0
5.63019e+06	0
5.63029e+06	0
5.63039e+06	0
5.63049e+06	0
5.63059e+06	0
5.63069e+06	0
5.63079e+06	0
5.63089e+06	0
5.63099e+06	0
5.63109e+06	0
5.63119e+06	0
5.63129e+06	0
5.63139e+06	0
5.63149e+06	0
5.63159e+06	0
5.63169e+06	0
5.63179e+06	0
5.63189e+06	0
5.63199e+06	0
5.63209e+06	0
5.63219e+06	0
5.63229e+06	0
5.63239e+06	0
5.63249e+06	0
5.63259e+06	0
5.63269e+06	0
5.63279e+06	0
5.63289e+06	0
5.63299e+06	0
5.63309e+06	0
5.63319e+06	0
5.63329e+06	0
5.63339e+06	0
5.63349e+06	0
5.63359e+06	0
5.63369e+06	0
5.63379e+06	0
5.63389e+06	0
5.63399e+06	0
5.63409e+06	0
5.63419e+06	0
5.63429e+06	0
5.63439e+06	0
5.63449e+06	0
5.63459e+06	0
5.63469e+06	0
5.63479e+06	0
5.63489e+06	0
5.63499e+06	0
5.63509e+06	0
5.63519e+06	0
5.63529e+06	0
5.63539e+06	0
5.63549e+06	0
5.63559e+06	0
5.63569e+06	0
5.63579e+06	0
5.63589e+06	0
5.63599e+06	0
5.63609e+06	0
5.63619e+06	0
5.63629e+06	0
5.63639e+06	0
5.63649e+06	0
5.63659e+06	0
5.63669e+06	0
5.63679e+06	0
5.63689e+06	0
5.63699e+06	0
5.63709e+06	0
5.63719e+06	0
5.63729e+06	0
5.63739e+06	0
5.63749e+06	0
5.63759e+06	0
5.63769e+06	0
5.63779e+06	0
5.63789e+06	0
5.63799e+06	0
5.63809e+06	0
5.63819e+06	0
5.63829e+06	0
5.63839e+06	0
5.63849e+06	0
5.63859e+06	0
5.63869e+06	0
5.63879e+06	0
5.63889e+06	0
5.63899e+06	0
5.63909e+06	0
5.63919e+06	0
5.63929e+06	0
5.63939e+06	0
5.63949e+06	0
5.63959e+06	0
5.63969e+06	0
5.63979e+06	0
5.63989e+06	0
5.63999e+06	0
5.64009e+06	0
5.64019e+06	0
5.64029e+06	0
5.64039e+06	0
5.64049e+06	0
5.64059e+06	0
5.64069e+06	0
5.64079e+06	0
5.64089e+06	0
5.64099e+06	0
5.64109e+06	0
5.64119e+06	0
5.64129e+06	0
5.64139e+06	0
5.64149e+06	0
5.64159e+06	0
5.64169e+06	0
5.64179e+06	0
5.64189e+06	0
5.64199e+06	0
5.64209e+06	0
5.64219e+06	0
5.64229e+06	0
5.64239e+06	0
5.64249e+06	0
5.64259e+06	0
5.64269e+06	0
5.64279e+06	0
5.64289e+06	0
5.64299e+06	0
5.64309e+06	0
5.64319e+06	0
5.64329e+06	0
5.64339e+06	0
5.64349e+06	0
5.64359e+06	0
5.64369e+06	0
5.64379e+06	0
5.64389e+06	0
5.64399e+06	0
5.64409e+06	0
5.64419e+06	0
5.64429e+06	0
5.64439e+06	0
5.64449e+06	0
5.64459e+06	0
5.64469e+06	0
5.64479e+06	0
5.64489e+06	0
5.64499e+06	0
5.64509e+06	0
5.64519e+06	0
5.64529e+06	0
5.64539e+06	0
5.64549e+06	0
5.64559e+06	0
5.64569e+06	0
5.64579e+06	0
5.64589e+06	0
5.64599e+06	0
5.64609e+06	0
5.64619e+06	0
5.64629e+06	0
5.64639e+06	0
5.64649e+06	0
5.64659e+06	0
5.64669e+06	0
5.64679e+06	0
5.64689e+06	0
5.64699e+06	0
5.64709e+06	0
5.64719e+06	0
5.64729e+06	0
5.64739e+06	0
5.64749e+06	0
5.64759e+06	0
5.64769e+06	0
5.64779e+06	0
5.64789e+06	0
5.64799e+06	0
5.64809e+06	0
5.64819e+06	0
5.64829e+06	0
5.64839e+06	0
5.64849e+06	0
5.64859e+06	0
5.64869e+06	0
5.64879e+06	0
5.64889e+06	0
5.64899e+06	0
5.64909e+06	0
5.64919e+06	0
5.64929e+06	0
5.64939e+06	0
5.64949e+06	0
5.64959e+06	0
5.64969e+06	0
5.64979e+06	0
5.64989e+06	0
5.64999e+06	0
5.65009e+06	0
5.65019e+06	0
5.65029e+06	0
5.65039e+06	0
5.65049e+06	0
5.65059e+06	0
5.65069e+06	0
5.65079e+06	0
5.65089e+06	0
5.65099e+06	0
5.65109e+06	0
5.65119e+06	0
5.65129e+06	0
5.65139e+06	0
5.65149e+06	0
5.65159e+06	0
5.65169e+06	0
5.65179e+06	0
5.65189e+06	0
5.65199e+06	0
5.65209e+06	0
5.65219e+06	0
5.65229e+06	0
5.65239e+06	0
5.65249e+06	0
5.65259e+06	0
5.65269e+06	0
5.65279e+06	0
5.65289e+06	0
5.65299e+06	0
5.65309e+06	0
5.65319e+06	0
5.65329e+06	0
5.65339e+06	0
5.65349e+06	0
5.65359e+06	0
5.65369e+06	0
5.65379e+06	0
5.65389e+06	0
5.65399e+06	0
5.65409e+06	0
5.65419e+06	0
5.65429e+06	0
5.65439e+06	0
5.65449e+06	0
5.65459e+06	0
5.65469e+06	0
5.65479e+06	0
5.65489e+06	0
5.65499e+06	0
5.65509e+06	0
5.65519e+06	0
5.65529e+06	0
5.65539e+06	0
5.65549e+06	0
5.65559e+06	0
5.65569e+06	0
5.65579e+06	0
5.65589e+06	0
5.65599e+06	0
5.65609e+06	0
5.65619e+06	0
5.65629e+06	0
5.65639e+06	0
5.65649e+06	0
5.65659e+06	0
5.65669e+06	0
5.65679e+06	0
5.65689e+06	0
5.65699e+06	0
5.65709e+06	0
5.65719e+06	0
5.65729e+06	0
5.65739e+06	0
5.65749e+06	0
5.65759e+06	0
5.65769e+06	0
5.65779e+06	0
5.65789e+06	0
5.65799e+06	0
5.65809e+06	0
5.65819e+06	0
5.65829e+06	0
5.65839e+06	0
5.65849e+06	0
5.65859e+06	0
5.65869e+06	0
5.65879e+06	0
5.65889e+06	0
5.65899e+06	0
5.65909e+06	0
5.65919e+06	0
5.65929e+06	0
5.65939e+06	0
5.65949e+06	0
5.65959e+06	0
5.65969e+06	0
5.65979e+06	0
5.65989e+06	0
5.65999e+06	0
5.66009e+06	0
5.66019e+06	0
5.66029e+06	0
5.66039e+06	0
5.66049e+06	0
5.66059e+06	0
5.66069e+06	0
5.66079e+06	0
5.66089e+06	0
5.66099e+06	0
5.66109e+06	0
5.66119e+06	0
5.66129e+06	0
5.66139e+06	0
5.66149e+06	0
5.66159e+06	0
5.66169e+06	0
5.66179e+06	0
5.66189e+06	0
5.66199e+06	0
5.66209e+06	0
5.66219e+06	0
5.66229e+06	0
5.66239e+06	0
5.66249e+06	0
5.66259e+06	0
5.66269e+06	0
5.66279e+06	0
5.66289e+06	0
5.66299e+06	0
5.66309e+06	0
5.66319e+06	0
5.66329e+06	0
5.66339e+06	0
5.66349e+06	0
5.66359e+06	0
5.66369e+06	0
5.66379e+06	0
5.66389e+06	0
5.66399e+06	0
5.66409e+06	0
5.66419e+06	0
5.66429e+06	0
5.66439e+06	0
5.66449e+06	0
5.66459e+06	0
5.66469e+06	0
5.66479e+06	0
5.66489e+06	0
5.66499e+06	0
5.66509e+06	0
5.66519e+06	0
5.66529e+06	0
5.66539e+06	0
5.66549e+06	0
5.66559e+06	0
5.66569e+06	0
5.66579e+06	0
5.66589e+06	0
5.66599e+06	0
5.66609e+06	0
5.66619e+06	0
5.66629e+06	0
5.66639e+06	0
5.66649e+06	0
5.66659e+06	0
5.66669e+06	0
5.66679e+06	0
5.66689e+06	0
5.66699e+06	0
5.66709e+06	0
5.66719e+06	0
5.66729e+06	0
5.66739e+06	0
5.66749e+06	0
5.66759e+06	0
5.66769e+06	0
5.66779e+06	0
5.66789e+06	0
5.66799e+06	0
5.66809e+06	0
5.66819e+06	0
5.66829e+06	0
5.66839e+06	0
5.66849e+06	0
5.66859e+06	0
5.66869e+06	0
5.66879e+06	0
5.66889e+06	0
5.66899e+06	0
5.66909e+06	0
5.66919e+06	0
5.66929e+06	0
5.66939e+06	0
5.66949e+06	0
5.66959e+06	0
5.66969e+06	0
5.66979e+06	0
5.66989e+06	0
5.66999e+06	0
5.67009e+06	0
5.67019e+06	0
5.67029e+06	0
5.67039e+06	0
5.67049e+06	0
5.67059e+06	0
5.67069e+06	0
5.67079e+06	0
5.67089e+06	0
5.67099e+06	0
5.67109e+06	0
5.67119e+06	0
5.67129e+06	0
5.67139e+06	0
5.67149e+06	0
5.67159e+06	0
5.67169e+06	0
5.67179e+06	0
5.67189e+06	0
5.67199e+06	0
5.67209e+06	0
5.67219e+06	0
5.67229e+06	0
5.67239e+06	0
5.67249e+06	0
5.67259e+06	0
5.67269e+06	0
5.67279e+06	0
5.67289e+06	0
5.67299e+06	0
5.67309e+06	0
5.67319e+06	0
5.67329e+06	0
5.67339e+06	0
5.67349e+06	0
5.67359e+06	0
5.67369e+06	0
5.67379e+06	0
5.67389e+06	0
5.67399e+06	0
5.67409e+06	0
5.67419e+06	0
5.67429e+06	0
5.67439e+06	0
5.67449e+06	0
5.67459e+06	0
5.67469e+06	0
5.67479e+06	0
5.67489e+06	0
5.67499e+06	0
5.67509e+06	0
5.67519e+06	0
5.67529e+06	0
5.67539e+06	0
5.67549e+06	0
5.67559e+06	0
5.67569e+06	0
5.67579e+06	0
5.67589e+06	0
5.67599e+06	0
5.67609e+06	0
5.67619e+06	0
5.67629e+06	0
5.67639e+06	0
5.67649e+06	0
5.67659e+06	0
5.67669e+06	0
5.67679e+06	0
5.67689e+06	0
5.67699e+06	0
5.67709e+06	0
5.67719e+06	0
5.67729e+06	0
5.67739e+06	0
5.67749e+06	0
5.67759e+06	0
5.67769e+06	0
5.67779e+06	0
5.67789e+06	0
5.67799e+06	0
5.67809e+06	0
5.67819e+06	0
5.67829e+06	0
5.67839e+06	0
5.67849e+06	0
5.67859e+06	0
5.67869e+06	0
5.67879e+06	0
5.67889e+06	0
5.67899e+06	0
5.67909e+06	0
5.67919e+06	0
5.67929e+06	0
5.67939e+06	0
5.67949e+06	0
5.67959e+06	0
5.67969e+06	0
5.67979e+06	0
5.67989e+06	0
5.67999e+06	0
5.68009e+06	0
5.68019e+06	0
5.68029e+06	0
5.68039e+06	0
5.68049e+06	0
5.68059e+06	0
5.68069e+06	0
5.68079e+06	0
5.68089e+06	0
5.68099e+06	0
5.68109e+06	0
5.68119e+06	0
5.68129e+06	0
5.68139e+06	0
5.68149e+06	0
5.68159e+06	0
5.68169e+06	0
5.68179e+06	0
5.68189e+06	0
5.68199e+06	0
5.68209e+06	0
5.68219e+06	0
5.68229e+06	0
5.68239e+06	0
5.68249e+06	0
5.68259e+06	0
5.68269e+06	0
5.68279e+06	0
5.68289e+06	0
5.68299e+06	0
5.68309e+06	0
5.68319e+06	0
5.68329e+06	0
5.68339e+06	0
5.68349e+06	0
5.68359e+06	0
5.68369e+06	0
5.68379e+06	0
5.68389e+06	0
5.68399e+06	0
5.68409e+06	0
5.68419e+06	0
5.68429e+06	0
5.68439e+06	0
5.68449e+06	0
5.68459e+06	0
5.68469e+06	0
5.68479e+06	0
5.68489e+06	0
5.68499e+06	0
5.68509e+06	0
5.68519e+06	0
5.68529e+06	0
5.68539e+06	0
5.68549e+06	0
5.68559e+06	0
5.68569e+06	0
5.68579e+06	0
5.68589e+06	0
5.68599e+06	0
5.68609e+06	0
5.68619e+06	0
5.68629e+06	0
5.68639e+06	0
5.68649e+06	0
5.68659e+06	0
5.68669e+06	0
5.68679e+06	0
5.68689e+06	0
5.68699e+06	0
5.68709e+06	0
5.68719e+06	0
5.68729e+06	0
5.68739e+06	0
5.68749e+06	0
5.68759e+06	0
5.68769e+06	0
5.68779e+06	0
5.68789e+06	0
5.68799e+06	0
5.68809e+06	0
5.68819e+06	0
5.68829e+06	0
5.68839e+06	0
5.68849e+06	0
5.68859e+06	0
5.68869e+06	0
5.68879e+06	0
5.68889e+06	0
5.68899e+06	0
5.68909e+06	0
5.68919e+06	0
5.68929e+06	0
5.68939e+06	0
5.68949e+06	0
5.68959e+06	0
5.68969e+06	0
5.68979e+06	0
5.68989e+06	0
5.68999e+06	0
5.69009e+06	0
5.69019e+06	0
5.69029e+06	0
5.69039e+06	0
5.69049e+06	0
5.69059e+06	0
5.69069e+06	0
5.69079e+06	0
5.69089e+06	0
5.69099e+06	0
5.69109e+06	0
5.69119e+06	0
5.69129e+06	0
5.69139e+06	0
5.69149e+06	0
5.69159e+06	0
5.69169e+06	0
5.69179e+06	0
5.69189e+06	0
5.69199e+06	0
5.69209e+06	0
5.69219e+06	0
5.69229e+06	0
5.69239e+06	0
5.69249e+06	0
5.69259e+06	0
5.69269e+06	0
5.69279e+06	0
5.69289e+06	0
5.69299e+06	0
5.69309e+06	0
5.69319e+06	0
5.69329e+06	0
5.69339e+06	0
5.69349e+06	0
5.69359e+06	0
5.69369e+06	0
5.69379e+06	0
5.69389e+06	0
5.69399e+06	0
5.69409e+06	0
5.69419e+06	0
5.69429e+06	0
5.69439e+06	0
5.69449e+06	0
5.69459e+06	0
5.69469e+06	0
5.69479e+06	0
5.69489e+06	0
5.69499e+06	0
5.69509e+06	0
5.69519e+06	0
5.69529e+06	0
5.69539e+06	0
5.69549e+06	0
5.69559e+06	0
5.69569e+06	0
5.69579e+06	0
5.69589e+06	0
5.69599e+06	0
5.69609e+06	0
5.69619e+06	0
5.69629e+06	0
5.69639e+06	0
5.69649e+06	0
5.69659e+06	0
5.69669e+06	0
5.69679e+06	0
5.69689e+06	0
5.69699e+06	0
5.69709e+06	0
5.69719e+06	0
5.69729e+06	0
5.69739e+06	0
5.69749e+06	0
5.69759e+06	0
5.69769e+06	0
5.69779e+06	0
5.69789e+06	0
5.69799e+06	0
5.69809e+06	0
5.69819e+06	0
5.69829e+06	0
5.69839e+06	0
5.69849e+06	0
5.69859e+06	0
5.69869e+06	0
5.69879e+06	0
5.69889e+06	0
5.69899e+06	0
5.69909e+06	0
5.69919e+06	0
5.69929e+06	0
5.69939e+06	0
5.69949e+06	0
5.69959e+06	0
5.69969e+06	0
5.69979e+06	0
5.69989e+06	0
5.69999e+06	0
5.70009e+06	0
5.70019e+06	0
5.70029e+06	0
5.70039e+06	0
5.70049e+06	0
5.70059e+06	0
5.70069e+06	0
5.70079e+06	0
5.70089e+06	0
5.70099e+06	0
5.70109e+06	0
5.70119e+06	0
5.70129e+06	0
5.70139e+06	0
5.70149e+06	0
5.70159e+06	0
5.70169e+06	0
5.70179e+06	0
5.70189e+06	0
5.70199e+06	0
5.70209e+06	0
5.70219e+06	0
5.70229e+06	0
5.70239e+06	0
5.70249e+06	0
5.70259e+06	0
5.70269e+06	0
5.70279e+06	0
5.70289e+06	0
5.70299e+06	0
5.70309e+06	0
5.70319e+06	0
5.70329e+06	0
5.70339e+06	0
5.70349e+06	0
5.70359e+06	0
5.70369e+06	0
5.70379e+06	0
5.70389e+06	0
5.70399e+06	0
5.70409e+06	0
5.70419e+06	0
5.70429e+06	0
5.70439e+06	0
5.70449e+06	0
5.70459e+06	0
5.70469e+06	0
5.70479e+06	0
5.70489e+06	0
5.70499e+06	0
5.70509e+06	0
5.70519e+06	0
5.70529e+06	0
5.70539e+06	0
5.70549e+06	0
5.70559e+06	0
5.70569e+06	0
5.70579e+06	0
5.70589e+06	0
5.70599e+06	0
5.70609e+06	0
5.70619e+06	0
5.70629e+06	0
5.70639e+06	0
5.70649e+06	0
5.70659e+06	0
5.70669e+06	0
5.70679e+06	0
5.70689e+06	0
5.70699e+06	0
5.70709e+06	0
5.70719e+06	0
5.70729e+06	0
5.70739e+06	0
5.70749e+06	0
5.70759e+06	0
5.70769e+06	0
5.70779e+06	0
5.70789e+06	0
5.70799e+06	0
5.70809e+06	0
5.70819e+06	0
5.70829e+06	0
5.70839e+06	0
5.70849e+06	0
5.70859e+06	0
5.70869e+06	0
5.70879e+06	0
5.70889e+06	0
5.70899e+06	0
5.70909e+06	0
5.70919e+06	0
5.70929e+06	0
5.70939e+06	0
5.70949e+06	0
5.70959e+06	0
5.70969e+06	0
5.70979e+06	0
5.70989e+06	0
5.70999e+06	0
5.71009e+06	0
5.71019e+06	0
5.71029e+06	0
5.71039e+06	0
5.71049e+06	0
5.71059e+06	0
5.71069e+06	0
5.71079e+06	0
5.71089e+06	0
5.71099e+06	0
5.71109e+06	0
5.71119e+06	0
5.71129e+06	0
5.71139e+06	0
5.71149e+06	0
5.71159e+06	0
5.71169e+06	0
5.71179e+06	0
5.71189e+06	0
5.71199e+06	0
5.71209e+06	0
5.71219e+06	0
5.71229e+06	0
5.71239e+06	0
5.71249e+06	0
5.71259e+06	0
5.71269e+06	0
5.71279e+06	0
5.71289e+06	0
5.71299e+06	0
5.71309e+06	0
5.71319e+06	0
5.71329e+06	0
5.71339e+06	0
5.71349e+06	0
5.71359e+06	0
5.71369e+06	0
5.71379e+06	0
5.71389e+06	0
5.71399e+06	0
5.71409e+06	0
5.71419e+06	0
5.71429e+06	0
5.71439e+06	0
5.71449e+06	0
5.71459e+06	0
5.71469e+06	0
5.71479e+06	0
5.71489e+06	0
5.71499e+06	0
5.71509e+06	0
5.71519e+06	0
5.71529e+06	0
5.71539e+06	0
5.71549e+06	0
5.71559e+06	0
5.71569e+06	0
5.71579e+06	0
5.71589e+06	0
5.71599e+06	0
5.71609e+06	0
5.71619e+06	0
5.71629e+06	0
5.71639e+06	0
5.71649e+06	0
5.71659e+06	0
5.71669e+06	0
5.71679e+06	0
5.71689e+06	0
5.71699e+06	0
5.71709e+06	0
5.71719e+06	0
5.71729e+06	0
5.71739e+06	0
5.71749e+06	0
5.71759e+06	0
5.71769e+06	0
5.71779e+06	0
5.71789e+06	0
5.71799e+06	0
5.71809e+06	0
5.71819e+06	0
5.71829e+06	0
5.71839e+06	0
5.71849e+06	0
5.71859e+06	0
5.71869e+06	0
5.71879e+06	0
5.71889e+06	0
5.71899e+06	0
5.71909e+06	0
5.71919e+06	0
5.71929e+06	0
5.71939e+06	0
5.71949e+06	0
5.71959e+06	0
5.71969e+06	0
5.71979e+06	0
5.71989e+06	0
5.71999e+06	0
5.72009e+06	0
5.72019e+06	0
5.72029e+06	0
5.72039e+06	0
5.72049e+06	0
5.72059e+06	0
5.72069e+06	0
5.72079e+06	0
5.72089e+06	0
5.72099e+06	0
5.72109e+06	0
5.72119e+06	0
5.72129e+06	0
5.72139e+06	0
5.72149e+06	0
5.72159e+06	0
5.72169e+06	0
5.72179e+06	0
5.72189e+06	0
5.72199e+06	0
5.72209e+06	0
5.72219e+06	0
5.72229e+06	0
5.72239e+06	0
5.72249e+06	0
5.72259e+06	0
5.72269e+06	0
5.72279e+06	0
5.72289e+06	0
5.72299e+06	0
5.72309e+06	0
5.72319e+06	0
5.72329e+06	0
5.72339e+06	0
5.72349e+06	0
5.72359e+06	0
5.72369e+06	0
5.72379e+06	0
5.72389e+06	0
5.72399e+06	0
5.72409e+06	0
5.72419e+06	0
5.72429e+06	0
5.72439e+06	0
5.72449e+06	0
5.72459e+06	0
5.72469e+06	0
5.72479e+06	0
5.72489e+06	0
5.72499e+06	0
5.72509e+06	0
5.72519e+06	0
5.72529e+06	0
5.72539e+06	0
5.72549e+06	0
5.72559e+06	0
5.72569e+06	0
5.72579e+06	0
5.72589e+06	0
5.72599e+06	0
5.72609e+06	0
5.72619e+06	0
5.72629e+06	0
5.72639e+06	0
5.72649e+06	0
5.72659e+06	0
5.72669e+06	0
5.72679e+06	0
5.72689e+06	0
5.72699e+06	0
5.72709e+06	0
5.72719e+06	0
5.72729e+06	0
5.72739e+06	0
5.72749e+06	0
5.72759e+06	0
5.72769e+06	0
5.72779e+06	0
5.72789e+06	0
5.72799e+06	0
5.72809e+06	0
5.72819e+06	0
5.72829e+06	0
5.72839e+06	0
5.72849e+06	0
5.72859e+06	0
5.72869e+06	0
5.72879e+06	0
5.72889e+06	0
5.72899e+06	0
5.72909e+06	0
5.72919e+06	0
5.72929e+06	0
5.72939e+06	0
5.72949e+06	0
5.72959e+06	0
5.72969e+06	0
5.72979e+06	0
5.72989e+06	0
5.72999e+06	0
5.73009e+06	0
5.73019e+06	0
5.73029e+06	0
5.73039e+06	0
5.73049e+06	0
5.73059e+06	0
5.73069e+06	0
5.73079e+06	0
5.73089e+06	0
5.73099e+06	0
5.73109e+06	0
5.73119e+06	0
5.73129e+06	0
5.73139e+06	0
5.73149e+06	0
5.73159e+06	0
5.73169e+06	0
5.73179e+06	0
5.73189e+06	0
5.73199e+06	0
5.73209e+06	0
5.73219e+06	0
5.73229e+06	0
5.73239e+06	0
5.73249e+06	0
5.73259e+06	0
5.73269e+06	0
5.73279e+06	0
5.73289e+06	0
5.73299e+06	0
5.73309e+06	0
5.73319e+06	0
5.73329e+06	0
5.73339e+06	0
5.73349e+06	0
5.73359e+06	0
5.73369e+06	0
5.73379e+06	0
5.73389e+06	0
5.73399e+06	0
5.73409e+06	0
5.73419e+06	0
5.73429e+06	0
5.73439e+06	0
5.73449e+06	0
5.73459e+06	0
5.73469e+06	0
5.73479e+06	0
5.73489e+06	0
5.73499e+06	0
5.73509e+06	0
5.73519e+06	0
5.73529e+06	0
5.73539e+06	0
5.73549e+06	0
5.73559e+06	0
5.73569e+06	0
5.73579e+06	0
5.73589e+06	0
5.73599e+06	0
5.73609e+06	0
5.73619e+06	0
5.73629e+06	0
5.73639e+06	0
5.73649e+06	0
5.73659e+06	0
5.73669e+06	0
5.73679e+06	0
5.73689e+06	0
5.73699e+06	0
5.73709e+06	0
5.73719e+06	0
5.73729e+06	0
5.73739e+06	0
5.73749e+06	0
5.73759e+06	0
5.73769e+06	0
5.73779e+06	0
5.73789e+06	0
5.73799e+06	0
5.73809e+06	0
5.73819e+06	0
5.73829e+06	0
5.73839e+06	0
5.73849e+06	0
5.73859e+06	0
5.73869e+06	0
5.73879e+06	0
5.73889e+06	0
5.73899e+06	0
5.73909e+06	0
5.73919e+06	0
5.73929e+06	0
5.73939e+06	0
5.73949e+06	0
5.73959e+06	0
5.73969e+06	0
5.73979e+06	0
5.73989e+06	0
5.73999e+06	0
5.74009e+06	0
5.74019e+06	0
5.74029e+06	0
5.74039e+06	0
5.74049e+06	0
5.74059e+06	0
5.74069e+06	0
5.74079e+06	0
5.74089e+06	0
5.74099e+06	0
5.74109e+06	0
5.74119e+06	0
5.74129e+06	0
5.74139e+06	0
5.74149e+06	0
5.74159e+06	0
5.74169e+06	0
5.74179e+06	0
5.74189e+06	0
5.74199e+06	0
5.74209e+06	0
5.74219e+06	0
5.74229e+06	0
5.74239e+06	0
5.74249e+06	0
5.74259e+06	0
5.74269e+06	0
5.74279e+06	0
5.74289e+06	0
5.74299e+06	0
5.74309e+06	0
5.74319e+06	0
5.74329e+06	0
5.74339e+06	0
5.74349e+06	0
5.74359e+06	0
5.74369e+06	0
5.74379e+06	0
5.74389e+06	0
5.74399e+06	0
5.74409e+06	0
5.74419e+06	0
5.74429e+06	0
5.74439e+06	0
5.74449e+06	0
5.74459e+06	0
5.74469e+06	0
5.74479e+06	0
5.74489e+06	0
5.74499e+06	0
5.74509e+06	0
5.74519e+06	0
5.74529e+06	0
5.74539e+06	0
5.74549e+06	0
5.74559e+06	0
5.74569e+06	0
5.74579e+06	0
5.74589e+06	0
5.74599e+06	0
5.74609e+06	0
5.74619e+06	0
5.74629e+06	0
5.74639e+06	0
5.74649e+06	0
5.74659e+06	0
5.74669e+06	0
5.74679e+06	0
5.74689e+06	0
5.74699e+06	0
5.74709e+06	0
5.74719e+06	0
5.74729e+06	0
5.74739e+06	0
5.74749e+06	0
5.74759e+06	0
5.74769e+06	0
5.74779e+06	0
5.74789e+06	0
5.74799e+06	0
5.74809e+06	0
5.74819e+06	0
5.74829e+06	0
5.74839e+06	0
5.74849e+06	0
5.74859e+06	0
5.74869e+06	0
5.74879e+06	0
5.74889e+06	0
5.74899e+06	0
5.74909e+06	0
5.74919e+06	0
5.74929e+06	0
5.74939e+06	0
5.74949e+06	0
5.74959e+06	0
5.74969e+06	0
5.74979e+06	0
5.74989e+06	0
5.74999e+06	0
5.75009e+06	0
5.75019e+06	0
5.75029e+06	0
5.75039e+06	0
5.75049e+06	0
5.75059e+06	0
5.75069e+06	0
5.75079e+06	0
5.75089e+06	0
5.75099e+06	0
5.75109e+06	0
5.75119e+06	0
5.75129e+06	0
5.75139e+06	0
5.75149e+06	0
5.75159e+06	0
5.75169e+06	0
5.75179e+06	0
5.75189e+06	0
5.75199e+06	0
5.75209e+06	0
5.75219e+06	0
5.75229e+06	0
5.75239e+06	0
5.75249e+06	0
5.75259e+06	0
5.75269e+06	0
5.75279e+06	0
5.75289e+06	0
5.75299e+06	0
5.75309e+06	0
5.75319e+06	0
5.75329e+06	0
5.75339e+06	0
5.75349e+06	0
5.75359e+06	0
5.75369e+06	0
5.75379e+06	0
5.75389e+06	0
5.75399e+06	0
5.75409e+06	0
5.75419e+06	0
5.75429e+06	0
5.75439e+06	0
5.75449e+06	0
5.75459e+06	0
5.75469e+06	0
5.75479e+06	0
5.75489e+06	0
5.75499e+06	0
5.75509e+06	0
5.75519e+06	0
5.75529e+06	0
5.75539e+06	0
5.75549e+06	0
5.75559e+06	0
5.75569e+06	0
5.75579e+06	0
5.75589e+06	0
5.75599e+06	0
5.75609e+06	0
5.75619e+06	0
5.75629e+06	0
5.75639e+06	0
5.75649e+06	0
5.75659e+06	0
5.75669e+06	0
5.75679e+06	0
5.75689e+06	0
5.75699e+06	0
5.75709e+06	0
5.75719e+06	0
5.75729e+06	0
5.75739e+06	0
5.75749e+06	0
5.75759e+06	0
5.75769e+06	0
5.75779e+06	0
5.75789e+06	0
5.75799e+06	0
5.75809e+06	0
5.75819e+06	0
5.75829e+06	0
5.75839e+06	0
5.75849e+06	0
5.75859e+06	0
5.75869e+06	0
5.75879e+06	0
5.75889e+06	0
5.75899e+06	0
5.75909e+06	0
5.75919e+06	0
5.75929e+06	0
5.75939e+06	0
5.75949e+06	0
5.75959e+06	0
5.75969e+06	0
5.75979e+06	0
5.75989e+06	0
5.75999e+06	0
5.76009e+06	0
5.76019e+06	0
5.76029e+06	0
5.76039e+06	0
5.76049e+06	0
5.76059e+06	0
5.76069e+06	0
5.76079e+06	0
5.76089e+06	0
5.76099e+06	0
5.76109e+06	0
5.76119e+06	0
5.76129e+06	0
5.76139e+06	0
5.76149e+06	0
5.76159e+06	0
5.76169e+06	0
5.76179e+06	0
5.76189e+06	0
5.76199e+06	0
5.76209e+06	0
5.76219e+06	0
5.76229e+06	0
5.76239e+06	0
5.76249e+06	0
5.76259e+06	0
5.76269e+06	0
5.76279e+06	0
5.76289e+06	0
5.76299e+06	0
5.76309e+06	0
5.76319e+06	0
5.76329e+06	0
5.76339e+06	0
5.76349e+06	0
5.76359e+06	0
5.76369e+06	0
5.76379e+06	0
5.76389e+06	0
5.76399e+06	0
5.76409e+06	0
5.76419e+06	0
5.76429e+06	0
5.76439e+06	0
5.76449e+06	0
5.76459e+06	0
5.76469e+06	0
5.76479e+06	0
5.76489e+06	0
5.76499e+06	0
5.76509e+06	0
5.76519e+06	0
5.76529e+06	0
5.76539e+06	0
5.76549e+06	0
5.76559e+06	0
5.76569e+06	0
5.76579e+06	0
5.76589e+06	0
5.76599e+06	0
5.76609e+06	0
5.76619e+06	0
5.76629e+06	0
5.76639e+06	0
5.76649e+06	0
5.76659e+06	0
5.76669e+06	0
5.76679e+06	0
5.76689e+06	0
5.76699e+06	0
5.76709e+06	0
5.76719e+06	0
5.76729e+06	0
5.76739e+06	0
5.76749e+06	0
5.76759e+06	0
5.76769e+06	0
5.76779e+06	0
5.76789e+06	0
5.76799e+06	0
5.76809e+06	0
5.76819e+06	0
5.76829e+06	0
5.76839e+06	0
5.76849e+06	0
5.76859e+06	0
5.76869e+06	0
5.76879e+06	0
5.76889e+06	0
5.76899e+06	0
5.76909e+06	0
5.76919e+06	0
5.76929e+06	0
5.76939e+06	0
5.76949e+06	0
5.76959e+06	0
5.76969e+06	0
5.76979e+06	0
5.76989e+06	0
5.76999e+06	0
5.77009e+06	0
5.77019e+06	0
5.77029e+06	0
5.77039e+06	0
5.77049e+06	0
5.77059e+06	0
5.77069e+06	0
5.77079e+06	0
5.77089e+06	0
5.77099e+06	0
5.77109e+06	0
5.77119e+06	0
5.77129e+06	0
5.77139e+06	0
5.77149e+06	0
5.77159e+06	0
5.77169e+06	0
5.77179e+06	0
5.77189e+06	0
5.77199e+06	0
5.77209e+06	0
5.77219e+06	0
5.77229e+06	0
5.77239e+06	0
5.77249e+06	0
5.77259e+06	0
5.77269e+06	0
5.77279e+06	0
5.77289e+06	0
5.77299e+06	0
5.77309e+06	0
5.77319e+06	0
5.77329e+06	0
5.77339e+06	0
5.77349e+06	0
5.77359e+06	0
5.77369e+06	0
5.77379e+06	0
5.77389e+06	0
5.77399e+06	0
5.77409e+06	0
5.77419e+06	0
5.77429e+06	0
5.77439e+06	0
5.77449e+06	0
5.77459e+06	0
5.77469e+06	0
5.77479e+06	0
5.77489e+06	0
5.77499e+06	0
5.77509e+06	0
5.77519e+06	0
5.77529e+06	0
5.77539e+06	0
5.77549e+06	0
5.77559e+06	0
5.77569e+06	0
5.77579e+06	0
5.77589e+06	0
5.77599e+06	0
5.77609e+06	0
5.77619e+06	0
5.77629e+06	0
5.77639e+06	0
5.77649e+06	0
5.77659e+06	0
5.77669e+06	0
5.77679e+06	0
5.77689e+06	0
5.77699e+06	0
5.77709e+06	0
5.77719e+06	0
5.77729e+06	0
5.77739e+06	0
5.77749e+06	0
5.77759e+06	0
5.77769e+06	0
5.77779e+06	0
5.77789e+06	0
5.77799e+06	0
5.77809e+06	0
5.77819e+06	0
5.77829e+06	0
5.77839e+06	0
5.77849e+06	0
5.77859e+06	0
5.77869e+06	0
5.77879e+06	0
5.77889e+06	0
5.77899e+06	0
5.77909e+06	0
5.77919e+06	0
5.77929e+06	0
5.77939e+06	0
5.77949e+06	0
5.77959e+06	0
5.77969e+06	0
5.77979e+06	0
5.77989e+06	0
5.77999e+06	0
5.78009e+06	0
5.78019e+06	0
5.78029e+06	0
5.78039e+06	0
5.78049e+06	0
5.78059e+06	0
5.78069e+06	0
5.78079e+06	0
5.78089e+06	0
5.78099e+06	0
5.78109e+06	0
5.78119e+06	0
5.78129e+06	0
5.78139e+06	0
5.78149e+06	0
5.78159e+06	0
5.78169e+06	0
5.78179e+06	0
5.78189e+06	0
5.78199e+06	0
5.78209e+06	0
5.78219e+06	0
5.78229e+06	0
5.78239e+06	0
5.78249e+06	0
5.78259e+06	0
5.78269e+06	0
5.78279e+06	0
5.78289e+06	0
5.78299e+06	0
5.78309e+06	0
5.78319e+06	0
5.78329e+06	0
5.78339e+06	0
5.78349e+06	0
5.78359e+06	0
5.78369e+06	0
5.78379e+06	0
5.78389e+06	0
5.78399e+06	0
5.78409e+06	0
5.78419e+06	0
5.78429e+06	0
5.78439e+06	0
5.78449e+06	0
5.78459e+06	0
5.78469e+06	0
5.78479e+06	0
5.78489e+06	0
5.78499e+06	0
5.78509e+06	0
5.78519e+06	0
5.78529e+06	0
5.78539e+06	0
5.78549e+06	0
5.78559e+06	0
5.78569e+06	0
5.78579e+06	0
5.78589e+06	0
5.78599e+06	0
5.78609e+06	0
5.78619e+06	0
5.78629e+06	0
5.78639e+06	0
5.78649e+06	0
5.78659e+06	0
5.78669e+06	0
5.78679e+06	0
5.78689e+06	0
5.78699e+06	0
5.78709e+06	0
5.78719e+06	0
5.78729e+06	0
5.78739e+06	0
5.78749e+06	0
5.78759e+06	0
5.78769e+06	0
5.78779e+06	0
5.78789e+06	0
5.78799e+06	0
5.78809e+06	0
5.78819e+06	0
5.78829e+06	0
5.78839e+06	0
5.78849e+06	0
5.78859e+06	0
5.78869e+06	0
5.78879e+06	0
5.78889e+06	0
5.78899e+06	0
5.78909e+06	0
5.78919e+06	0
5.78929e+06	0
5.78939e+06	0
5.78949e+06	0
5.78959e+06	0
5.78969e+06	0
5.78979e+06	0
5.78989e+06	0
5.78999e+06	0
5.79009e+06	0
5.79019e+06	0
5.79029e+06	0
5.79039e+06	0
5.79049e+06	0
5.79059e+06	0
5.79069e+06	0
5.79079e+06	0
5.79089e+06	0
5.79099e+06	0
5.79109e+06	0
5.79119e+06	0
5.79129e+06	0
5.79139e+06	0
5.79149e+06	0
5.79159e+06	0
5.79169e+06	0
5.79179e+06	0
5.79189e+06	0
5.79199e+06	0
5.79209e+06	0
5.79219e+06	0
5.79229e+06	0
5.79239e+06	0
5.79249e+06	0
5.79259e+06	0
5.79269e+06	0
5.79279e+06	0
5.79289e+06	0
5.79299e+06	0
5.79309e+06	0
5.79319e+06	0
5.79329e+06	0
5.79339e+06	0
5.79349e+06	0
5.79359e+06	0
5.79369e+06	0
5.79379e+06	0
5.79389e+06	0
5.79399e+06	0
5.79409e+06	0
5.79419e+06	0
5.79429e+06	0
5.79439e+06	0
5.79449e+06	0
5.79459e+06	0
5.79469e+06	0
5.79479e+06	0
5.79489e+06	0
5.79499e+06	0
5.79509e+06	0
5.79519e+06	0
5.79529e+06	0
5.79539e+06	0
5.79549e+06	0
5.79559e+06	0
5.79569e+06	0
5.79579e+06	0
5.79589e+06	0
5.79599e+06	0
5.79609e+06	0
5.79619e+06	0
5.79629e+06	0
5.79639e+06	0
5.79649e+06	0
5.79659e+06	0
5.79669e+06	0
5.79679e+06	0
5.79689e+06	0
5.79699e+06	0
5.79709e+06	0
5.79719e+06	0
5.79729e+06	0
5.79739e+06	0
5.79749e+06	0
5.79759e+06	0
5.79769e+06	0
5.79779e+06	0
5.79789e+06	0
5.79799e+06	0
5.79809e+06	0
5.79819e+06	0
5.79829e+06	0
5.79839e+06	0
5.79849e+06	0
5.79859e+06	0
5.79869e+06	0
5.79879e+06	0
5.79889e+06	0
5.79899e+06	0
5.79909e+06	0
5.79919e+06	0
5.79929e+06	0
5.79939e+06	0
5.79949e+06	0
5.79959e+06	0
5.79969e+06	0
5.79979e+06	0
5.79989e+06	0
5.79999e+06	0
5.80009e+06	0
5.80019e+06	0
5.80029e+06	0
5.80039e+06	0
5.80049e+06	0
5.80059e+06	0
5.80069e+06	0
5.80079e+06	0
5.80089e+06	0
5.80099e+06	0
5.80109e+06	0
5.80119e+06	0
5.80129e+06	0
5.80139e+06	0
5.80149e+06	0
5.80159e+06	0
5.80169e+06	0
5.80179e+06	0
5.80189e+06	0
5.80199e+06	0
5.80209e+06	0
5.80219e+06	0
5.80229e+06	0
5.80239e+06	0
5.80249e+06	0
5.80259e+06	0
5.80269e+06	0
5.80279e+06	0
5.80289e+06	0
5.80299e+06	0
5.80309e+06	0
5.80319e+06	0
5.80329e+06	0
5.80339e+06	0
5.80349e+06	0
5.80359e+06	0
5.80369e+06	0
5.80379e+06	0
5.80389e+06	0
5.80399e+06	0
5.80409e+06	0
5.80419e+06	0
5.80429e+06	0
5.80439e+06	0
5.80449e+06	0
5.80459e+06	0
5.80469e+06	0
5.80479e+06	0
5.80489e+06	0
5.80499e+06	0
5.80509e+06	0
5.80519e+06	0
5.80529e+06	0
5.80539e+06	0
5.80549e+06	0
5.80559e+06	0
5.80569e+06	0
5.80579e+06	0
5.80589e+06	0
5.80599e+06	0
5.80609e+06	0
5.80619e+06	0
5.80629e+06	0
5.80639e+06	0
5.80649e+06	0
5.80659e+06	0
5.80669e+06	0
5.80679e+06	0
5.80689e+06	0
5.80699e+06	0
5.80709e+06	0
5.80719e+06	0
5.80729e+06	0
5.80739e+06	0
5.80749e+06	0
5.80759e+06	0
5.80769e+06	0
5.80779e+06	0
5.80789e+06	0
5.80799e+06	0
5.80809e+06	0
5.80819e+06	0
5.80829e+06	0
5.80839e+06	0
5.80849e+06	0
5.80859e+06	0
5.80869e+06	0
5.80879e+06	0
5.80889e+06	0
5.80899e+06	0
5.80909e+06	0
5.80919e+06	0
5.80929e+06	0
5.80939e+06	0
5.80949e+06	0
5.80959e+06	0
5.80969e+06	0
5.80979e+06	0
5.80989e+06	0
5.80999e+06	0
5.81009e+06	0
5.81019e+06	0
5.81029e+06	0
5.81039e+06	0
5.81049e+06	0
5.81059e+06	0
5.81069e+06	0
5.81079e+06	0
5.81089e+06	0
5.81099e+06	0
5.81109e+06	0
5.81119e+06	0
5.81129e+06	0
5.81139e+06	0
5.81149e+06	0
5.81159e+06	0
5.81169e+06	0
5.81179e+06	0
5.81189e+06	0
5.81199e+06	0
5.81209e+06	0
5.81219e+06	0
5.81229e+06	0
5.81239e+06	0
5.81249e+06	0
5.81259e+06	0
5.81269e+06	0
5.81279e+06	0
5.81289e+06	0
5.81299e+06	0
5.81309e+06	0
5.81319e+06	0
5.81329e+06	0
5.81339e+06	0
5.81349e+06	0
5.81359e+06	0
5.81369e+06	0
5.81379e+06	0
5.81389e+06	0
5.81399e+06	0
5.81409e+06	0
5.81419e+06	0
5.81429e+06	0
5.81439e+06	0
5.81449e+06	0
5.81459e+06	0
5.81469e+06	0
5.81479e+06	0
5.81489e+06	0
5.81499e+06	0
5.81509e+06	0
5.81519e+06	0
5.81529e+06	0
5.81539e+06	0
5.81549e+06	0
5.81559e+06	0
5.81569e+06	0
5.81579e+06	0
5.81589e+06	0
5.81599e+06	0
5.81609e+06	0
5.81619e+06	0
5.81629e+06	0
5.81639e+06	0
5.81649e+06	0
5.81659e+06	0
5.81669e+06	0
5.81679e+06	0
5.81689e+06	0
5.81699e+06	0
5.81709e+06	0
5.81719e+06	0
5.81729e+06	0
5.81739e+06	0
5.81749e+06	0
5.81759e+06	0
5.81769e+06	0
5.81779e+06	0
5.81789e+06	0
5.81799e+06	0
5.81809e+06	0
5.81819e+06	0
5.81829e+06	0
5.81839e+06	0
5.81849e+06	0
5.81859e+06	0
5.81869e+06	0
5.81879e+06	0
5.81889e+06	0
5.81899e+06	0
5.81909e+06	0
5.81919e+06	0
5.81929e+06	0
5.81939e+06	0
5.81949e+06	0
5.81959e+06	0
5.81969e+06	0
5.81979e+06	0
5.81989e+06	0
5.81999e+06	0
5.82009e+06	0
5.82019e+06	0
5.82029e+06	0
5.82039e+06	0
5.82049e+06	0
5.82059e+06	0
5.82069e+06	0
5.82079e+06	0
5.82089e+06	0
5.82099e+06	0
5.82109e+06	0
5.82119e+06	0
5.82129e+06	0
5.82139e+06	0
5.82149e+06	0
5.82159e+06	0
5.82169e+06	0
5.82179e+06	0
5.82189e+06	0
5.82199e+06	0
5.82209e+06	0
5.82219e+06	0
5.82229e+06	0
5.82239e+06	0
5.82249e+06	0
5.82259e+06	0
5.82269e+06	0
5.82279e+06	0
5.82289e+06	0
5.82299e+06	0
5.82309e+06	0
5.82319e+06	0
5.82329e+06	0
5.82339e+06	0
5.82349e+06	0
5.82359e+06	0
5.82369e+06	0
5.82379e+06	0
5.82389e+06	0
5.82399e+06	0
5.82409e+06	0
5.82419e+06	0
5.82429e+06	0
5.82439e+06	0
5.82449e+06	0
5.82459e+06	0
5.82469e+06	0
5.82479e+06	0
5.82489e+06	0
5.82499e+06	0
5.82509e+06	0
5.82519e+06	0
5.82529e+06	0
5.82539e+06	0
5.82549e+06	0
5.82559e+06	0
5.82569e+06	0
5.82579e+06	0
5.82589e+06	0
5.82599e+06	0
5.82609e+06	0
5.82619e+06	0
5.82629e+06	0
5.82639e+06	0
5.82649e+06	0
5.82659e+06	0
5.82669e+06	0
5.82679e+06	0
5.82689e+06	0
5.82699e+06	0
5.82709e+06	0
5.82719e+06	0
5.82729e+06	0
5.82739e+06	0
5.82749e+06	0
5.82759e+06	0
5.82769e+06	0
5.82779e+06	0
5.82789e+06	0
5.82799e+06	0
5.82809e+06	0
5.82819e+06	0
5.82829e+06	0
5.82839e+06	0
5.82849e+06	0
5.82859e+06	0
5.82869e+06	0
5.82879e+06	0
5.82889e+06	0
5.82899e+06	0
5.82909e+06	0
5.82919e+06	0
5.82929e+06	0
5.82939e+06	0
5.82949e+06	0
5.82959e+06	0
5.82969e+06	0
5.82979e+06	0
5.82989e+06	0
5.82999e+06	0
5.83009e+06	0
5.83019e+06	0
5.83029e+06	0
5.83039e+06	0
5.83049e+06	0
5.83059e+06	0
5.83069e+06	0
5.83079e+06	0
5.83089e+06	0
5.83099e+06	0
5.83109e+06	0
5.83119e+06	0
5.83129e+06	0
5.83139e+06	0
5.83149e+06	0
5.83159e+06	0
5.83169e+06	0
5.83179e+06	0
5.83189e+06	0
5.83199e+06	0
5.83209e+06	0
5.83219e+06	0
5.83229e+06	0
5.83239e+06	0
5.83249e+06	0
5.83259e+06	0
5.83269e+06	0
5.83279e+06	0
5.83289e+06	0
5.83299e+06	0
5.83309e+06	0
5.83319e+06	0
5.83329e+06	0
5.83339e+06	0
5.83349e+06	0
5.83359e+06	0
5.83369e+06	0
5.83379e+06	0
5.83389e+06	0
5.83399e+06	0
5.83409e+06	0
5.83419e+06	0
5.83429e+06	0
5.83439e+06	0
5.83449e+06	0
5.83459e+06	0
5.83469e+06	0
5.83479e+06	0
5.83489e+06	0
5.83499e+06	0
5.83509e+06	0
5.83519e+06	0
5.83529e+06	0
5.83539e+06	0
5.83549e+06	0
5.83559e+06	0
5.83569e+06	0
5.83579e+06	0
5.83589e+06	0
5.83599e+06	0
5.83609e+06	0
5.83619e+06	0
5.83629e+06	0
5.83639e+06	0
5.83649e+06	0
5.83659e+06	0
5.83669e+06	0
5.83679e+06	0
5.83689e+06	0
5.83699e+06	0
5.83709e+06	0
5.83719e+06	0
5.83729e+06	0
5.83739e+06	0
5.83749e+06	0
5.83759e+06	0
5.83769e+06	0
5.83779e+06	0
5.83789e+06	0
5.83799e+06	0
5.83809e+06	0
5.83819e+06	0
5.83829e+06	0
5.83839e+06	0
5.83849e+06	0
5.83859e+06	0
5.83869e+06	0
5.83879e+06	0
5.83889e+06	0
5.83899e+06	0
5.83909e+06	0
5.83919e+06	0
5.83929e+06	0
5.83939e+06	0
5.83949e+06	0
5.83959e+06	0
5.83969e+06	0
5.83979e+06	0
5.83989e+06	0
5.83999e+06	0
5.84009e+06	0
5.84019e+06	0
5.84029e+06	0
5.84039e+06	0
5.84049e+06	0
5.84059e+06	0
5.84069e+06	0
5.84079e+06	0
5.84089e+06	0
5.84099e+06	0
5.84109e+06	0
5.84119e+06	0
5.84129e+06	0
5.84139e+06	0
5.84149e+06	0
5.84159e+06	0
5.84169e+06	0
5.84179e+06	0
5.84189e+06	0
5.84199e+06	0
5.84209e+06	0
5.84219e+06	0
5.84229e+06	0
5.84239e+06	0
5.84249e+06	0
5.84259e+06	0
5.84269e+06	0
5.84279e+06	0
5.84289e+06	0
5.84299e+06	0
5.84309e+06	0
5.84319e+06	0
5.84329e+06	0
5.84339e+06	0
5.84349e+06	0
5.84359e+06	0
5.84369e+06	0
5.84379e+06	0
5.84389e+06	0
5.84399e+06	0
5.84409e+06	0
5.84419e+06	0
5.84429e+06	0
5.84439e+06	0
5.84449e+06	0
5.84459e+06	0
5.84469e+06	0
5.84479e+06	0
5.84489e+06	0
5.84499e+06	0
5.84509e+06	0
5.84519e+06	0
5.84529e+06	0
5.84539e+06	0
5.84549e+06	0
5.84559e+06	0
5.84569e+06	0
5.84579e+06	0
5.84589e+06	0
5.84599e+06	0
5.84609e+06	0
5.84619e+06	0
5.84629e+06	0
5.84639e+06	0
5.84649e+06	0
5.84659e+06	0
5.84669e+06	0
5.84679e+06	0
5.84689e+06	0
5.84699e+06	0
5.84709e+06	0
5.84719e+06	0
5.84729e+06	0
5.84739e+06	0
5.84749e+06	0
5.84759e+06	0
5.84769e+06	0
5.84779e+06	0
5.84789e+06	0
5.84799e+06	0
5.84809e+06	0
5.84819e+06	0
5.84829e+06	0
5.84839e+06	0
5.84849e+06	0
5.84859e+06	0
5.84869e+06	0
5.84879e+06	0
5.84889e+06	0
5.84899e+06	0
5.84909e+06	0
5.84919e+06	0
5.84929e+06	0
5.84939e+06	0
5.84949e+06	0
5.84959e+06	0
5.84969e+06	0
5.84979e+06	0
5.84989e+06	0
5.84999e+06	0
5.85009e+06	0
5.85019e+06	0
5.85029e+06	0
5.85039e+06	0
5.85049e+06	0
5.85059e+06	0
5.85069e+06	0
5.85079e+06	0
5.85089e+06	0
5.85099e+06	0
5.85109e+06	0
5.85119e+06	0
5.85129e+06	0
5.85139e+06	0
5.85149e+06	0
5.85159e+06	0
5.85169e+06	0
5.85179e+06	0
5.85189e+06	0
5.85199e+06	0
5.85209e+06	0
5.85219e+06	0
5.85229e+06	0
5.85239e+06	0
5.85249e+06	0
5.85259e+06	0
5.85269e+06	0
5.85279e+06	0
5.85289e+06	0
5.85299e+06	0
5.85309e+06	0
5.85319e+06	0
5.85329e+06	0
5.85339e+06	0
5.85349e+06	0
5.85359e+06	0
5.85369e+06	0
5.85379e+06	0
5.85389e+06	0
5.85399e+06	0
5.85409e+06	0
5.85419e+06	0
5.85429e+06	0
5.85439e+06	0
5.85449e+06	0
5.85459e+06	0
5.85469e+06	0
5.85479e+06	0
5.85489e+06	0
5.85499e+06	0
5.85509e+06	0
5.85519e+06	0
5.85529e+06	0
5.85539e+06	0
5.85549e+06	0
5.85559e+06	0
5.85569e+06	0
5.85579e+06	0
5.85589e+06	0
5.85599e+06	0
5.85609e+06	0
5.85619e+06	0
5.85629e+06	0
5.85639e+06	0
5.85649e+06	0
5.85659e+06	0
5.85669e+06	0
5.85679e+06	0
5.85689e+06	0
5.85699e+06	0
5.85709e+06	0
5.85719e+06	0
5.85729e+06	0
5.85739e+06	0
5.85749e+06	0
5.85759e+06	0
5.85769e+06	0
5.85779e+06	0
5.85789e+06	0
5.85799e+06	0
5.85809e+06	0
5.85819e+06	0
5.85829e+06	0
5.85839e+06	0
5.85849e+06	0
5.85859e+06	0
5.85869e+06	0
5.85879e+06	0
5.85889e+06	0
5.85899e+06	0
5.85909e+06	0
5.85919e+06	0
5.85929e+06	0
5.85939e+06	0
5.85949e+06	0
5.85959e+06	0
5.85969e+06	0
5.85979e+06	0
5.85989e+06	0
5.85999e+06	0
5.86009e+06	0
5.86019e+06	0
5.86029e+06	0
5.86039e+06	0
5.86049e+06	0
5.86059e+06	0
5.86069e+06	0
5.86079e+06	0
5.86089e+06	0
5.86099e+06	0
5.86109e+06	0
5.86119e+06	0
5.86129e+06	0
5.86139e+06	0
5.86149e+06	0
5.86159e+06	0
5.86169e+06	0
5.86179e+06	0
5.86189e+06	0
5.86199e+06	0
5.86209e+06	0
5.86219e+06	0
5.86229e+06	0
5.86239e+06	0
5.86249e+06	0
5.86259e+06	0
5.86269e+06	0
5.86279e+06	0
5.86289e+06	0
5.86299e+06	0
5.86309e+06	0
5.86319e+06	0
5.86329e+06	0
5.86339e+06	0
5.86349e+06	0
5.86359e+06	0
5.86369e+06	0
5.86379e+06	0
5.86389e+06	0
5.86399e+06	0
5.86409e+06	0
5.86419e+06	0
5.86429e+06	0
5.86439e+06	0
5.86449e+06	0
5.86459e+06	0
5.86469e+06	0
5.86479e+06	0
5.86489e+06	0
5.86499e+06	0
5.86509e+06	0
5.86519e+06	0
5.86529e+06	0
5.86539e+06	0
5.86549e+06	0
5.86559e+06	0
5.86569e+06	0
5.86579e+06	0
5.86589e+06	0
5.86599e+06	0
5.86609e+06	0
5.86619e+06	0
5.86629e+06	0
5.86639e+06	0
5.86649e+06	0
5.86659e+06	0
5.86669e+06	0
5.86679e+06	0
5.86689e+06	0
5.86699e+06	0
5.86709e+06	0
5.86719e+06	0
5.86729e+06	0
5.86739e+06	0
5.86749e+06	0
5.86759e+06	0
5.86769e+06	0
5.86779e+06	0
5.86789e+06	0
5.86799e+06	0
5.86809e+06	0
5.86819e+06	0
5.86829e+06	0
5.86839e+06	0
5.86849e+06	0
5.86859e+06	0
5.86869e+06	0
5.86879e+06	0
5.86889e+06	0
5.86899e+06	0
5.86909e+06	0
5.86919e+06	0
5.86929e+06	0
5.86939e+06	0
5.86949e+06	0
5.86959e+06	0
5.86969e+06	0
5.86979e+06	0
5.86989e+06	0
5.86999e+06	0
5.87009e+06	0
5.87019e+06	0
5.87029e+06	0
5.87039e+06	0
5.87049e+06	0
5.87059e+06	0
5.87069e+06	0
5.87079e+06	0
5.87089e+06	0
5.87099e+06	0
5.87109e+06	0
5.87119e+06	0
5.87129e+06	0
5.87139e+06	0
5.87149e+06	0
5.87159e+06	0
5.87169e+06	0
5.87179e+06	0
5.87189e+06	0
5.87199e+06	0
5.87209e+06	0
5.87219e+06	0
5.87229e+06	0
5.87239e+06	0
5.87249e+06	0
5.87259e+06	0
5.87269e+06	0
5.87279e+06	0
5.87289e+06	0
5.87299e+06	0
5.87309e+06	0
5.87319e+06	0
5.87329e+06	0
5.87339e+06	0
5.87349e+06	0
5.87359e+06	0
5.87369e+06	0
5.87379e+06	0
5.87389e+06	0
5.87399e+06	0
5.87409e+06	0
5.87419e+06	0
5.87429e+06	0
5.87439e+06	0
5.87449e+06	0
5.87459e+06	0
5.87469e+06	0
5.87479e+06	0
5.87489e+06	0
5.87499e+06	0
5.87509e+06	0
5.87519e+06	0
5.87529e+06	0
5.87539e+06	0
5.87549e+06	0
5.87559e+06	0
5.87569e+06	0
5.87579e+06	0
5.87589e+06	0
5.87599e+06	0
5.87609e+06	0
5.87619e+06	0
5.87629e+06	0
5.87639e+06	0
5.87649e+06	0
5.87659e+06	0
5.87669e+06	0
5.87679e+06	0
5.87689e+06	0
5.87699e+06	0
5.87709e+06	0
5.87719e+06	0
5.87729e+06	0
5.87739e+06	0
5.87749e+06	0
5.87759e+06	0
5.87769e+06	0
5.87779e+06	0
5.87789e+06	0
5.87799e+06	0
5.87809e+06	0
5.87819e+06	0
5.87829e+06	0
5.87839e+06	0
5.87849e+06	0
5.87859e+06	0
5.87869e+06	0
5.87879e+06	0
5.87889e+06	0
5.87899e+06	0
5.87909e+06	0
5.87919e+06	0
5.87929e+06	0
5.87939e+06	0
5.87949e+06	0
5.87959e+06	0
5.87969e+06	0
5.87979e+06	0
5.87989e+06	0
5.87999e+06	0
5.88009e+06	0
5.88019e+06	0
5.88029e+06	0
5.88039e+06	0
5.88049e+06	0
5.88059e+06	0
5.88069e+06	0
5.88079e+06	0
5.88089e+06	0
5.88099e+06	0
5.88109e+06	0
5.88119e+06	0
5.88129e+06	0
5.88139e+06	0
5.88149e+06	0
5.88159e+06	0
5.88169e+06	0
5.88179e+06	0
5.88189e+06	0
5.88199e+06	0
5.88209e+06	0
5.88219e+06	0
5.88229e+06	0
5.88239e+06	0
5.88249e+06	0
5.88259e+06	0
5.88269e+06	0
5.88279e+06	0
5.88289e+06	0
5.88299e+06	0
5.88309e+06	0
5.88319e+06	0
5.88329e+06	0
5.88339e+06	0
5.88349e+06	0
5.88359e+06	0
5.88369e+06	0
5.88379e+06	0
5.88389e+06	0
5.88399e+06	0
5.88409e+06	0
5.88419e+06	0
5.88429e+06	0
5.88439e+06	0
5.88449e+06	0
5.88459e+06	0
5.88469e+06	0
5.88479e+06	0
5.88489e+06	0
5.88499e+06	0
5.88509e+06	0
5.88519e+06	0
5.88529e+06	0
5.88539e+06	0
5.88549e+06	0
5.88559e+06	0
5.88569e+06	0
5.88579e+06	0
5.88589e+06	0
5.88599e+06	0
5.88609e+06	0
5.88619e+06	0
5.88629e+06	0
5.88639e+06	0
5.88649e+06	0
5.88659e+06	0
5.88669e+06	0
5.88679e+06	0
5.88689e+06	0
5.88699e+06	0
5.88709e+06	0
5.88719e+06	0
5.88729e+06	0
5.88739e+06	0
5.88749e+06	0
5.88759e+06	0
5.88769e+06	0
5.88779e+06	0
5.88789e+06	0
5.88799e+06	0
5.88809e+06	0
5.88819e+06	0
5.88829e+06	0
5.88839e+06	0
5.88849e+06	0
5.88859e+06	0
5.88869e+06	0
5.88879e+06	0
5.88889e+06	0
5.88899e+06	0
5.88909e+06	0
5.88919e+06	0
5.88929e+06	0
5.88939e+06	0
5.88949e+06	0
5.88959e+06	0
5.88969e+06	0
5.88979e+06	0
5.88989e+06	0
5.88999e+06	0
5.89009e+06	0
5.89019e+06	0
5.89029e+06	0
5.89039e+06	0
5.89049e+06	0
5.89059e+06	0
5.89069e+06	0
5.89079e+06	0
5.89089e+06	0
5.89099e+06	0
5.89109e+06	0
5.89119e+06	0
5.89129e+06	0
5.89139e+06	0
5.89149e+06	0
5.89159e+06	0
5.89169e+06	0
5.89179e+06	0
5.89189e+06	0
5.89199e+06	0
5.89209e+06	0
5.89219e+06	0
5.89229e+06	0
5.89239e+06	0
5.89249e+06	0
5.89259e+06	0
5.89269e+06	0
5.89279e+06	0
5.89289e+06	0
5.89299e+06	0
5.89309e+06	0
5.89319e+06	0
5.89329e+06	0
5.89339e+06	0
5.89349e+06	0
5.89359e+06	0
5.89369e+06	0
5.89379e+06	0
5.89389e+06	0
5.89399e+06	0
5.89409e+06	0
5.89419e+06	0
5.89429e+06	0
5.89439e+06	0
5.89449e+06	0
5.89459e+06	0
5.89469e+06	0
5.89479e+06	0
5.89489e+06	0
5.89499e+06	0
5.89509e+06	0
5.89519e+06	0
5.89529e+06	0
5.89539e+06	0
5.89549e+06	0
5.89559e+06	0
5.89569e+06	0
5.89579e+06	0
5.89589e+06	0
5.89599e+06	0
5.89609e+06	0
5.89619e+06	0
5.89629e+06	0
5.89639e+06	0
5.89649e+06	0
5.89659e+06	0
5.89669e+06	0
5.89679e+06	0
5.89689e+06	0
5.89699e+06	0
5.89709e+06	0
5.89719e+06	0
5.89729e+06	0
5.89739e+06	0
5.89749e+06	0
5.89759e+06	0
5.89769e+06	0
5.89779e+06	0
5.89789e+06	0
5.89799e+06	0
5.89809e+06	0
5.89819e+06	0
5.89829e+06	0
5.89839e+06	0
5.89849e+06	0
5.89859e+06	0
5.89869e+06	0
5.89879e+06	0
5.89889e+06	0
5.89899e+06	0
5.89909e+06	0
5.89919e+06	0
5.89929e+06	0
5.89939e+06	0
5.89949e+06	0
5.89959e+06	0
5.89969e+06	0
5.89979e+06	0
5.89989e+06	0
5.89999e+06	0
5.90009e+06	0
5.90019e+06	0
5.90029e+06	0
5.90039e+06	0
5.90049e+06	0
5.90059e+06	0
5.90069e+06	0
5.90079e+06	0
5.90089e+06	0
5.90099e+06	0
5.90109e+06	0
5.90119e+06	0
5.90129e+06	0
5.90139e+06	0
5.90149e+06	0
5.90159e+06	0
5.90169e+06	0
5.90179e+06	0
5.90189e+06	0
5.90199e+06	0
5.90209e+06	0
5.90219e+06	0
5.90229e+06	0
5.90239e+06	0
5.90249e+06	0
5.90259e+06	0
5.90269e+06	0
5.90279e+06	0
5.90289e+06	0
5.90299e+06	0
5.90309e+06	0
5.90319e+06	0
5.90329e+06	0
5.90339e+06	0
5.90349e+06	0
5.90359e+06	0
5.90369e+06	0
5.90379e+06	0
5.90389e+06	0
5.90399e+06	0
5.90409e+06	0
5.90419e+06	0
5.90429e+06	0
5.90439e+06	0
5.90449e+06	0
5.90459e+06	0
5.90469e+06	0
5.90479e+06	0
5.90489e+06	0
5.90499e+06	0
5.90509e+06	0
5.90519e+06	0
5.90529e+06	0
5.90539e+06	0
5.90549e+06	0
5.90559e+06	0
5.90569e+06	0
5.90579e+06	0
5.90589e+06	0
5.90599e+06	0
5.90609e+06	0
5.90619e+06	0
5.90629e+06	0
5.90639e+06	0
5.90649e+06	0
5.90659e+06	0
5.90669e+06	0
5.90679e+06	0
5.90689e+06	0
5.90699e+06	0
5.90709e+06	0
5.90719e+06	0
5.90729e+06	0
5.90739e+06	0
5.90749e+06	0
5.90759e+06	0
5.90769e+06	0
5.90779e+06	0
5.90789e+06	0
5.90799e+06	0
5.90809e+06	0
5.90819e+06	0
5.90829e+06	0
5.90839e+06	0
5.90849e+06	0
5.90859e+06	0
5.90869e+06	0
5.90879e+06	0
5.90889e+06	0
5.90899e+06	0
5.90909e+06	0
5.90919e+06	0
5.90929e+06	0
5.90939e+06	0
5.90949e+06	0
5.90959e+06	0
5.90969e+06	0
5.90979e+06	0
5.90989e+06	0
5.90999e+06	0
5.91009e+06	0
5.91019e+06	0
5.91029e+06	0
5.91039e+06	0
5.91049e+06	0
5.91059e+06	0
5.91069e+06	0
5.91079e+06	0
5.91089e+06	0
5.91099e+06	0
5.91109e+06	0
5.91119e+06	0
5.91129e+06	0
5.91139e+06	0
5.91149e+06	0
5.91159e+06	0
5.91169e+06	0
5.91179e+06	0
5.91189e+06	0
5.91199e+06	0
5.91209e+06	0
5.91219e+06	0
5.91229e+06	0
5.91239e+06	0
5.91249e+06	0
5.91259e+06	0
5.91269e+06	0
5.91279e+06	0
5.91289e+06	0
5.91299e+06	0
5.91309e+06	0
5.91319e+06	0
5.91329e+06	0
5.91339e+06	0
5.91349e+06	0
5.91359e+06	0
5.91369e+06	0
5.91379e+06	0
5.91389e+06	0
5.91399e+06	0
5.91409e+06	0
5.91419e+06	0
5.91429e+06	0
5.91439e+06	0
5.91449e+06	0
5.91459e+06	0
5.91469e+06	0
5.91479e+06	0
5.91489e+06	0
5.91499e+06	0
5.91509e+06	0
5.91519e+06	0
5.91529e+06	0
5.91539e+06	0
5.91549e+06	0
5.91559e+06	0
5.91569e+06	0
5.91579e+06	0
5.91589e+06	0
5.91599e+06	0
5.91609e+06	0
5.91619e+06	0
5.91629e+06	0
5.91639e+06	0
5.91649e+06	0
5.91659e+06	0
5.91669e+06	0
5.91679e+06	0
5.91689e+06	0
5.91699e+06	0
5.91709e+06	0
5.91719e+06	0
5.91729e+06	0
5.91739e+06	0
5.91749e+06	0
5.91759e+06	0
5.91769e+06	0
5.91779e+06	0
5.91789e+06	0
5.91799e+06	0
5.91809e+06	0
5.91819e+06	0
5.91829e+06	0
5.91839e+06	0
5.91849e+06	0
5.91859e+06	0
5.91869e+06	0
5.91879e+06	0
5.91889e+06	0
5.91899e+06	0
5.91909e+06	0
5.91919e+06	0
5.91929e+06	0
5.91939e+06	0
5.91949e+06	0
5.91959e+06	0
5.91969e+06	0
5.91979e+06	0
5.91989e+06	0
5.91999e+06	0
5.92009e+06	0
5.92019e+06	0
5.92029e+06	0
5.92039e+06	0
5.92049e+06	0
5.92059e+06	0
5.92069e+06	0
5.92079e+06	0
5.92089e+06	0
5.92099e+06	0
5.92109e+06	0
5.92119e+06	0
5.92129e+06	0
5.92139e+06	0
5.92149e+06	0
5.92159e+06	0
5.92169e+06	0
5.92179e+06	0
5.92189e+06	0
5.92199e+06	0
5.92209e+06	0
5.92219e+06	0
5.92229e+06	0
5.92239e+06	0
5.92249e+06	0
5.92259e+06	0
5.92269e+06	0
5.92279e+06	0
5.92289e+06	0
5.92299e+06	0
5.92309e+06	0
5.92319e+06	0
5.92329e+06	0
5.92339e+06	0
5.92349e+06	0
5.92359e+06	0
5.92369e+06	0
5.92379e+06	0
5.92389e+06	0
5.92399e+06	0
5.92409e+06	0
5.92419e+06	0
5.92429e+06	0
5.92439e+06	0
5.92449e+06	0
5.92459e+06	0
5.92469e+06	0
5.92479e+06	0
5.92489e+06	0
5.92499e+06	0
5.92509e+06	0
5.92519e+06	0
5.92529e+06	0
5.92539e+06	0
5.92549e+06	0
5.92559e+06	0
5.92569e+06	0
5.92579e+06	0
5.92589e+06	0
5.92599e+06	0
5.92609e+06	0
5.92619e+06	0
5.92629e+06	0
5.92639e+06	0
5.92649e+06	0
5.92659e+06	0
5.92669e+06	0
5.92679e+06	0
5.92689e+06	0
5.92699e+06	0
5.92709e+06	0
5.92719e+06	0
5.92729e+06	0
5.92739e+06	0
5.92749e+06	0
5.92759e+06	0
5.92769e+06	0
5.92779e+06	0
5.92789e+06	0
5.92799e+06	0
5.92809e+06	0
5.92819e+06	0
5.92829e+06	0
5.92839e+06	0
5.92849e+06	0
5.92859e+06	0
5.92869e+06	0
5.92879e+06	0
5.92889e+06	0
5.92899e+06	0
5.92909e+06	0
5.92919e+06	0
5.92929e+06	0
5.92939e+06	0
5.92949e+06	0
5.92959e+06	0
5.92969e+06	0
5.92979e+06	0
5.92989e+06	0
5.92999e+06	0
5.93009e+06	0
5.93019e+06	0
5.93029e+06	0
5.93039e+06	0
5.93049e+06	0
5.93059e+06	0
5.93069e+06	0
5.93079e+06	0
5.93089e+06	0
5.93099e+06	0
5.93109e+06	0
5.93119e+06	0
5.93129e+06	0
5.93139e+06	0
5.93149e+06	0
5.93159e+06	0
5.93169e+06	0
5.93179e+06	0
5.93189e+06	0
5.93199e+06	0
5.93209e+06	0
5.93219e+06	0
5.93229e+06	0
5.93239e+06	0
5.93249e+06	0
5.93259e+06	0
5.93269e+06	0
5.93279e+06	0
5.93289e+06	0
5.93299e+06	0
5.93309e+06	0
5.93319e+06	0
5.93329e+06	0
5.93339e+06	0
5.93349e+06	0
5.93359e+06	0
5.93369e+06	0
5.93379e+06	0
5.93389e+06	0
5.93399e+06	0
5.93409e+06	0
5.93419e+06	0
5.93429e+06	0
5.93439e+06	0
5.93449e+06	0
5.93459e+06	0
5.93469e+06	0
5.93479e+06	0
5.93489e+06	0
5.93499e+06	0
5.93509e+06	0
5.93519e+06	0
5.93529e+06	0
5.93539e+06	0
5.93549e+06	0
5.93559e+06	0
5.93569e+06	0
5.93579e+06	0
5.93589e+06	0
5.93599e+06	0
5.93609e+06	0
5.93619e+06	0
5.93629e+06	0
5.93639e+06	0
5.93649e+06	0
5.93659e+06	0
5.93669e+06	0
5.93679e+06	0
5.93689e+06	0
5.93699e+06	0
5.93709e+06	0
5.93719e+06	0
5.93729e+06	0
5.93739e+06	0
5.93749e+06	0
5.93759e+06	0
5.93769e+06	0
5.93779e+06	0
5.93789e+06	0
5.93799e+06	0
5.93809e+06	0
5.93819e+06	0
5.93829e+06	0
5.93839e+06	0
5.93849e+06	0
5.93859e+06	0
5.93869e+06	0
5.93879e+06	0
5.93889e+06	0
5.93899e+06	0
5.93909e+06	0
5.93919e+06	0
5.93929e+06	0
5.93939e+06	0
5.93949e+06	0
5.93959e+06	0
5.93969e+06	0
5.93979e+06	0
5.93989e+06	0
5.93999e+06	0
5.94009e+06	0
5.94019e+06	0
5.94029e+06	0
5.94039e+06	0
5.94049e+06	0
5.94059e+06	0
5.94069e+06	0
5.94079e+06	0
5.94089e+06	0
5.94099e+06	0
5.94109e+06	0
5.94119e+06	0
5.94129e+06	0
5.94139e+06	0
5.94149e+06	0
5.94159e+06	0
5.94169e+06	0
5.94179e+06	0
5.94189e+06	0
5.94199e+06	0
5.94209e+06	0
5.94219e+06	0
5.94229e+06	0
5.94239e+06	0
5.94249e+06	0
5.94259e+06	0
5.94269e+06	0
5.94279e+06	0
5.94289e+06	0
5.94299e+06	0
5.94309e+06	0
5.94319e+06	0
5.94329e+06	0
5.94339e+06	0
5.94349e+06	0
5.94359e+06	0
5.94369e+06	0
5.94379e+06	0
5.94389e+06	0
5.94399e+06	0
5.94409e+06	0
5.94419e+06	0
5.94429e+06	0
5.94439e+06	0
5.94449e+06	0
5.94459e+06	0
5.94469e+06	0
5.94479e+06	0
5.94489e+06	0
5.94499e+06	0
5.94509e+06	0
5.94519e+06	0
5.94529e+06	0
5.94539e+06	0
5.94549e+06	0
5.94559e+06	0
5.94569e+06	0
5.94579e+06	0
5.94589e+06	0
5.94599e+06	0
5.94609e+06	0
5.94619e+06	0
5.94629e+06	0
5.94639e+06	0
5.94649e+06	0
5.94659e+06	0
5.94669e+06	0
5.94679e+06	0
5.94689e+06	0
5.94699e+06	0
5.94709e+06	0
5.94719e+06	0
5.94729e+06	0
5.94739e+06	0
5.94749e+06	0
5.94759e+06	0
5.94769e+06	0
5.94779e+06	0
5.94789e+06	0
5.94799e+06	0
5.94809e+06	0
5.94819e+06	0
5.94829e+06	0
5.94839e+06	0
5.94849e+06	0
5.94859e+06	0
5.94869e+06	0
5.94879e+06	0
5.94889e+06	0
5.94899e+06	0
5.94909e+06	0
5.94919e+06	0
5.94929e+06	0
5.94939e+06	0
5.94949e+06	0
5.94959e+06	0
5.94969e+06	0
5.94979e+06	0
5.94989e+06	0
5.94999e+06	0
5.95009e+06	0
5.95019e+06	0
5.95029e+06	0
5.95039e+06	0
5.95049e+06	0
5.95059e+06	0
5.95069e+06	0
5.95079e+06	0
5.95089e+06	0
5.95099e+06	0
5.95109e+06	0
5.95119e+06	0
5.95129e+06	0
5.95139e+06	0
5.95149e+06	0
5.95159e+06	0
5.95169e+06	0
5.95179e+06	0
5.95189e+06	0
5.95199e+06	0
5.95209e+06	0
5.95219e+06	0
5.95229e+06	0
5.95239e+06	0
5.95249e+06	0
5.95259e+06	0
5.95269e+06	0
5.95279e+06	0
5.95289e+06	0
5.95299e+06	0
5.95309e+06	0
5.95319e+06	0
5.95329e+06	0
5.95339e+06	0
5.95349e+06	0
5.95359e+06	0
5.95369e+06	0
5.95379e+06	0
5.95389e+06	0
5.95399e+06	0
5.95409e+06	0
5.95419e+06	0
5.95429e+06	0
5.95439e+06	0
5.95449e+06	0
5.95459e+06	0
5.95469e+06	0
5.95479e+06	0
5.95489e+06	0
5.95499e+06	0
5.95509e+06	0
5.95519e+06	0
5.95529e+06	0
5.95539e+06	0
5.95549e+06	0
5.95559e+06	0
5.95569e+06	0
5.95579e+06	0
5.95589e+06	0
5.95599e+06	0
5.95609e+06	0
5.95619e+06	0
5.95629e+06	0
5.95639e+06	0
5.95649e+06	0
5.95659e+06	0
5.95669e+06	0
5.95679e+06	0
5.95689e+06	0
5.95699e+06	0
5.95709e+06	0
5.95719e+06	0
5.95729e+06	0
5.95739e+06	0
5.95749e+06	0
5.95759e+06	0
5.95769e+06	0
5.95779e+06	0
5.95789e+06	0
5.95799e+06	0
5.95809e+06	0
5.95819e+06	0
5.95829e+06	0
5.95839e+06	0
5.95849e+06	0
5.95859e+06	0
5.95869e+06	0
5.95879e+06	0
5.95889e+06	0
5.95899e+06	0
5.95909e+06	0
5.95919e+06	0
5.95929e+06	0
5.95939e+06	0
5.95949e+06	0
5.95959e+06	0
5.95969e+06	0
5.95979e+06	0
5.95989e+06	0
5.95999e+06	0
5.96009e+06	0
5.96019e+06	0
5.96029e+06	0
5.96039e+06	0
5.96049e+06	0
5.96059e+06	0
5.96069e+06	0
5.96079e+06	0
5.96089e+06	0
5.96099e+06	0
5.96109e+06	0
5.96119e+06	0
5.96129e+06	0
5.96139e+06	0
5.96149e+06	0
5.96159e+06	0
5.96169e+06	0
5.96179e+06	0
5.96189e+06	0
5.96199e+06	0
5.96209e+06	0
5.96219e+06	0
5.96229e+06	0
5.96239e+06	0
5.96249e+06	0
5.96259e+06	0
5.96269e+06	0
5.96279e+06	0
5.96289e+06	0
5.96299e+06	0
5.96309e+06	0
5.96319e+06	0
5.96329e+06	0
5.96339e+06	0
5.96349e+06	0
5.96359e+06	0
5.96369e+06	0
5.96379e+06	0
5.96389e+06	0
5.96399e+06	0
5.96409e+06	0
5.96419e+06	0
5.96429e+06	0
5.96439e+06	0
5.96449e+06	0
5.96459e+06	0
5.96469e+06	0
5.96479e+06	0
5.96489e+06	0
5.96499e+06	0
5.96509e+06	0
5.96519e+06	0
5.96529e+06	0
5.96539e+06	0
5.96549e+06	0
5.96559e+06	0
5.96569e+06	0
5.96579e+06	0
5.96589e+06	0
5.96599e+06	0
5.96609e+06	0
5.96619e+06	0
5.96629e+06	0
5.96639e+06	0
5.96649e+06	0
5.96659e+06	0
5.96669e+06	0
5.96679e+06	0
5.96689e+06	0
5.96699e+06	0
5.96709e+06	0
5.96719e+06	0
5.96729e+06	0
5.96739e+06	0
5.96749e+06	0
5.96759e+06	0
5.96769e+06	0
5.96779e+06	0
5.96789e+06	0
5.96799e+06	0
5.96809e+06	0
5.96819e+06	0
5.96829e+06	0
5.96839e+06	0
5.96849e+06	0
5.96859e+06	0
5.96869e+06	0
5.96879e+06	0
5.96889e+06	0
5.96899e+06	0
5.96909e+06	0
5.96919e+06	0
5.96929e+06	0
5.96939e+06	0
5.96949e+06	0
5.96959e+06	0
5.96969e+06	0
5.96979e+06	0
5.96989e+06	0
5.96999e+06	0
5.97009e+06	0
5.97019e+06	0
5.97029e+06	0
5.97039e+06	0
5.97049e+06	0
5.97059e+06	0
5.97069e+06	0
5.97079e+06	0
5.97089e+06	0
5.97099e+06	0
5.97109e+06	0
5.97119e+06	0
5.97129e+06	0
5.97139e+06	0
5.97149e+06	0
5.97159e+06	0
5.97169e+06	0
5.97179e+06	0
5.97189e+06	0
5.97199e+06	0
5.97209e+06	0
5.97219e+06	0
5.97229e+06	0
5.97239e+06	0
5.97249e+06	0
5.97259e+06	0
5.97269e+06	0
5.97279e+06	0
5.97289e+06	0
5.97299e+06	0
5.97309e+06	0
5.97319e+06	0
5.97329e+06	0
5.97339e+06	0
5.97349e+06	0
5.97359e+06	0
5.97369e+06	0
5.97379e+06	0
5.97389e+06	0
5.97399e+06	0
5.97409e+06	0
5.97419e+06	0
5.97429e+06	0
5.97439e+06	0
5.97449e+06	0
5.97459e+06	0
5.97469e+06	0
5.97479e+06	0
5.97489e+06	0
5.97499e+06	0
5.97509e+06	0
5.97519e+06	0
5.97529e+06	0
5.97539e+06	0
5.97549e+06	0
5.97559e+06	0
5.97569e+06	0
5.97579e+06	0
5.97589e+06	0
5.97599e+06	0
5.97609e+06	0
5.97619e+06	0
5.97629e+06	0
5.97639e+06	0
5.97649e+06	0
5.97659e+06	0
5.97669e+06	0
5.97679e+06	0
5.97689e+06	0
5.97699e+06	0
5.97709e+06	0
5.97719e+06	0
5.97729e+06	0
5.97739e+06	0
5.97749e+06	0
5.97759e+06	0
5.97769e+06	0
5.97779e+06	0
5.97789e+06	0
5.97799e+06	0
5.97809e+06	0
5.97819e+06	0
5.97829e+06	0
5.97839e+06	0
5.97849e+06	0
5.97859e+06	0
5.97869e+06	0
5.97879e+06	0
5.97889e+06	0
5.97899e+06	0
5.97909e+06	0
5.97919e+06	0
5.97929e+06	0
5.97939e+06	0
5.97949e+06	0
5.97959e+06	0
5.97969e+06	0
5.97979e+06	0
5.97989e+06	0
5.97999e+06	0
5.98009e+06	0
5.98019e+06	0
5.98029e+06	0
5.98039e+06	0
5.98049e+06	0
5.98059e+06	0
5.98069e+06	0
5.98079e+06	0
5.98089e+06	0
5.98099e+06	0
5.98109e+06	0
5.98119e+06	0
5.98129e+06	0
5.98139e+06	0
5.98149e+06	0
5.98159e+06	0
5.98169e+06	0
5.98179e+06	0
5.98189e+06	0
5.98199e+06	0
5.98209e+06	0
5.98219e+06	0
5.98229e+06	0
5.98239e+06	0
5.98249e+06	0
5.98259e+06	0
5.98269e+06	0
5.98279e+06	0
5.98289e+06	0
5.98299e+06	0
5.98309e+06	0
5.98319e+06	0
5.98329e+06	0
5.98339e+06	0
5.98349e+06	0
5.98359e+06	0
5.98369e+06	0
5.98379e+06	0
5.98389e+06	0
5.98399e+06	0
5.98409e+06	0
5.98419e+06	0
5.98429e+06	0
5.98439e+06	0
5.98449e+06	0
5.98459e+06	0
5.98469e+06	0
5.98479e+06	0
5.98489e+06	0
5.98499e+06	0
5.98509e+06	0
5.98519e+06	0
5.98529e+06	0
5.98539e+06	0
5.98549e+06	0
5.98559e+06	0
5.98569e+06	0
5.98579e+06	0
5.98589e+06	0
5.98599e+06	0
5.98609e+06	0
5.98619e+06	0
5.98629e+06	0
5.98639e+06	0
5.98649e+06	0
5.98659e+06	0
5.98669e+06	0
5.98679e+06	0
5.98689e+06	0
5.98699e+06	0
5.98709e+06	0
5.98719e+06	0
5.98729e+06	0
5.98739e+06	0
5.98749e+06	0
5.98759e+06	0
5.98769e+06	0
5.98779e+06	0
5.98789e+06	0
5.98799e+06	0
5.98809e+06	0
5.98819e+06	0
5.98829e+06	0
5.98839e+06	0
5.98849e+06	0
5.98859e+06	0
5.98869e+06	0
5.98879e+06	0
5.98889e+06	0
5.98899e+06	0
5.98909e+06	0
5.98919e+06	0
5.98929e+06	0
5.98939e+06	0
5.98949e+06	0
5.98959e+06	0
5.98969e+06	0
5.98979e+06	0
5.98989e+06	0
5.98999e+06	0
5.99009e+06	0
5.99019e+06	0
5.99029e+06	0
5.99039e+06	0
5.99049e+06	0
5.99059e+06	0
5.99069e+06	0
5.99079e+06	0
5.99089e+06	0
5.99099e+06	0
5.99109e+06	0
5.99119e+06	0
5.99129e+06	0
5.99139e+06	0
5.99149e+06	0
5.99159e+06	0
5.99169e+06	0
5.99179e+06	0
5.99189e+06	0
5.99199e+06	0
5.99209e+06	0
5.99219e+06	0
5.99229e+06	0
5.99239e+06	0
5.99249e+06	0
5.99259e+06	0
5.99269e+06	0
5.99279e+06	0
5.99289e+06	0
5.99299e+06	0
5.99309e+06	0
5.99319e+06	0
5.99329e+06	0
5.99339e+06	0
5.99349e+06	0
5.99359e+06	0
5.99369e+06	0
5.99379e+06	0
5.99389e+06	0
5.99399e+06	0
5.99409e+06	0
5.99419e+06	0
5.99429e+06	0
5.99439e+06	0
5.99449e+06	0
5.99459e+06	0
5.99469e+06	0
5.99479e+06	0
5.99489e+06	0
5.99499e+06	0
5.99509e+06	0
5.99519e+06	0
5.99529e+06	0
5.99539e+06	0
5.99549e+06	0
5.99559e+06	0
5.99569e+06	0
5.99579e+06	0
5.99589e+06	0
5.99599e+06	0
5.99609e+06	0
5.99619e+06	0
5.99629e+06	0
5.99639e+06	0
5.99649e+06	0
5.99659e+06	0
5.99669e+06	0
5.99679e+06	0
5.99689e+06	0
5.99699e+06	0
5.99709e+06	0
5.99719e+06	0
5.99729e+06	0
5.99739e+06	0
5.99749e+06	0
5.99759e+06	0
5.99769e+06	0
5.99779e+06	0
5.99789e+06	0
5.99799e+06	0
5.99809e+06	0
5.99819e+06	0
5.99829e+06	0
5.99839e+06	0
5.99849e+06	0
5.99859e+06	0
5.99869e+06	0
5.99879e+06	0
5.99889e+06	0
5.99899e+06	0
5.99909e+06	0
5.99919e+06	0
5.99929e+06	0
5.99939e+06	0
5.99949e+06	0
5.99959e+06	0
5.99969e+06	0
5.99979e+06	0
5.99989e+06	0
5.99999e+06	0
6.00009e+06	0
6.00019e+06	0
6.00029e+06	0
6.00039e+06	0
6.00049e+06	0
6.00059e+06	0
6.00069e+06	0
6.00079e+06	0
6.00089e+06	0
6.00099e+06	0
6.00109e+06	0
6.00119e+06	0
6.00129e+06	0
6.00139e+06	0
6.00149e+06	0
6.00159e+06	0
6.00169e+06	0
6.00179e+06	0
6.00189e+06	0
6.00199e+06	0
6.00209e+06	0
6.00219e+06	0
6.00229e+06	0
6.00239e+06	0
6.00249e+06	0
6.00259e+06	0
6.00269e+06	0
6.00279e+06	0
6.00289e+06	0
6.00299e+06	0
6.00309e+06	0
6.00319e+06	0
6.00329e+06	0
6.00339e+06	0
6.00349e+06	0
6.00359e+06	0
6.00369e+06	0
6.00379e+06	0
6.00389e+06	0
6.00399e+06	0
6.00409e+06	0
6.00419e+06	0
6.00429e+06	0
6.00439e+06	0
6.00449e+06	0
6.00459e+06	0
6.00469e+06	0
6.00479e+06	0
6.00489e+06	0
6.00499e+06	0
6.00509e+06	0
6.00519e+06	0
6.00529e+06	0
6.00539e+06	0
6.00549e+06	0
6.00559e+06	0
6.00569e+06	0
6.00579e+06	0
6.00589e+06	0
6.00599e+06	0
6.00609e+06	0
6.00619e+06	0
6.00629e+06	0
6.00639e+06	0
6.00649e+06	0
6.00659e+06	0
6.00669e+06	0
6.00679e+06	0
6.00689e+06	0
6.00699e+06	0
6.00709e+06	0
6.00719e+06	0
6.00729e+06	0
6.00739e+06	0
6.00749e+06	0
6.00759e+06	0
6.00769e+06	0
6.00779e+06	0
6.00789e+06	0
6.00799e+06	0
6.00809e+06	0
6.00819e+06	0
6.00829e+06	0
6.00839e+06	0
6.00849e+06	0
6.00859e+06	0
6.00869e+06	0
6.00879e+06	0
6.00889e+06	0
6.00899e+06	0
6.00909e+06	0
6.00919e+06	0
6.00929e+06	0
6.00939e+06	0
6.00949e+06	0
6.00959e+06	0
6.00969e+06	0
6.00979e+06	0
6.00989e+06	0
6.00999e+06	0
6.01009e+06	0
6.01019e+06	0
6.01029e+06	0
6.01039e+06	0
6.01049e+06	0
6.01059e+06	0
6.01069e+06	0
6.01079e+06	0
6.01089e+06	0
6.01099e+06	0
6.01109e+06	0
6.01119e+06	0
6.01129e+06	0
6.01139e+06	0
6.01149e+06	0
6.01159e+06	0
6.01169e+06	0
6.01179e+06	0
6.01189e+06	0
6.01199e+06	0
6.01209e+06	0
6.01219e+06	0
6.01229e+06	0
6.01239e+06	0
6.01249e+06	0
6.01259e+06	0
6.01269e+06	0
6.01279e+06	0
6.01289e+06	0
6.01299e+06	0
6.01309e+06	0
6.01319e+06	0
6.01329e+06	0
6.01339e+06	0
6.01349e+06	0
6.01359e+06	0
6.01369e+06	0
6.01379e+06	0
6.01389e+06	0
6.01399e+06	0
6.01409e+06	0
6.01419e+06	0
6.01429e+06	0
6.01439e+06	0
6.01449e+06	0
6.01459e+06	0
6.01469e+06	0
6.01479e+06	0
6.01489e+06	0
6.01499e+06	0
6.01509e+06	0
6.01519e+06	0
6.01529e+06	0
6.01539e+06	0
6.01549e+06	0
6.01559e+06	0
6.01569e+06	0
6.01579e+06	0
6.01589e+06	0
6.01599e+06	0
6.01609e+06	0
6.01619e+06	0
6.01629e+06	0
6.01639e+06	0
6.01649e+06	0
6.01659e+06	0
6.01669e+06	0
6.01679e+06	0
6.01689e+06	0
6.01699e+06	0
6.01709e+06	0
6.01719e+06	0
6.01729e+06	0
6.01739e+06	0
6.01749e+06	0
6.01759e+06	0
6.01769e+06	0
6.01779e+06	0
6.01789e+06	0
6.01799e+06	0
6.01809e+06	0
6.01819e+06	0
6.01829e+06	0
6.01839e+06	0
6.01849e+06	0
6.01859e+06	0
6.01869e+06	0
6.01879e+06	0
6.01889e+06	0
6.01899e+06	0
6.01909e+06	0
6.01919e+06	0
6.01929e+06	0
6.01939e+06	0
6.01949e+06	0
6.01959e+06	0
6.01969e+06	0
6.01979e+06	0
6.01989e+06	0
6.01999e+06	0
6.02009e+06	0
6.02019e+06	0
6.02029e+06	0
6.02039e+06	0
6.02049e+06	0
6.02059e+06	0
6.02069e+06	0
6.02079e+06	0
6.02089e+06	0
6.02099e+06	0
6.02109e+06	0
6.02119e+06	0
6.02129e+06	0
6.02139e+06	0
6.02149e+06	0
6.02159e+06	0
6.02169e+06	0
6.02179e+06	0
6.02189e+06	0
6.02199e+06	0
6.02209e+06	0
6.02219e+06	0
6.02229e+06	0
6.02239e+06	0
6.02249e+06	0
6.02259e+06	0
6.02269e+06	0
6.02279e+06	0
6.02289e+06	0
6.02299e+06	0
6.02309e+06	0
6.02319e+06	0
6.02329e+06	0
6.02339e+06	0
6.02349e+06	0
6.02359e+06	0
6.02369e+06	0
6.02379e+06	0
6.02389e+06	0
6.02399e+06	0
6.02409e+06	0
6.02419e+06	0
6.02429e+06	0
6.02439e+06	0
6.02449e+06	0
6.02459e+06	0
6.02469e+06	0
6.02479e+06	0
6.02489e+06	0
6.02499e+06	0
6.02509e+06	0
6.02519e+06	0
6.02529e+06	0
6.02539e+06	0
6.02549e+06	0
6.02559e+06	0
6.02569e+06	0
6.02579e+06	0
6.02589e+06	0
6.02599e+06	0
6.02609e+06	0
6.02619e+06	0
6.02629e+06	0
6.02639e+06	0
6.02649e+06	0
6.02659e+06	0
6.02669e+06	0
6.02679e+06	0
6.02689e+06	0
6.02699e+06	0
6.02709e+06	0
6.02719e+06	0
6.02729e+06	0
6.02739e+06	0
6.02749e+06	0
6.02759e+06	0
6.02769e+06	0
6.02779e+06	0
6.02789e+06	0
6.02799e+06	0
6.02809e+06	0
6.02819e+06	0
6.02829e+06	0
6.02839e+06	0
6.02849e+06	0
6.02859e+06	0
6.02869e+06	0
6.02879e+06	0
6.02889e+06	0
6.02899e+06	0
6.02909e+06	0
6.02919e+06	0
6.02929e+06	0
6.02939e+06	0
6.02949e+06	0
6.02959e+06	0
6.02969e+06	0
6.02979e+06	0
6.02989e+06	0
6.02999e+06	0
6.03009e+06	0
6.03019e+06	0
6.03029e+06	0
6.03039e+06	0
6.03049e+06	0
6.03059e+06	0
6.03069e+06	0
6.03079e+06	0
6.03089e+06	0
6.03099e+06	0
6.03109e+06	0
6.03119e+06	0
6.03129e+06	0
6.03139e+06	0
6.03149e+06	0
6.03159e+06	0
6.03169e+06	0
6.03179e+06	0
6.03189e+06	0
6.03199e+06	0
6.03209e+06	0
6.03219e+06	0
6.03229e+06	0
6.03239e+06	0
6.03249e+06	0
6.03259e+06	0
6.03269e+06	0
6.03279e+06	0
6.03289e+06	0
6.03299e+06	0
6.03309e+06	0
6.03319e+06	0
6.03329e+06	0
6.03339e+06	0
6.03349e+06	0
6.03359e+06	0
6.03369e+06	0
6.03379e+06	0
6.03389e+06	0
6.03399e+06	0
6.03409e+06	0
6.03419e+06	0
6.03429e+06	0
6.03439e+06	0
6.03449e+06	0
6.03459e+06	0
6.03469e+06	0
6.03479e+06	0
6.03489e+06	0
6.03499e+06	0
6.03509e+06	0
6.03519e+06	0
6.03529e+06	0
6.03539e+06	0
6.03549e+06	0
6.03559e+06	0
6.03569e+06	0
6.03579e+06	0
6.03589e+06	0
6.03599e+06	0
6.03609e+06	0
6.03619e+06	0
6.03629e+06	0
6.03639e+06	0
6.03649e+06	0
6.03659e+06	0
6.03669e+06	0
6.03679e+06	0
6.03689e+06	0
6.03699e+06	0
6.03709e+06	0
6.03719e+06	0
6.03729e+06	0
6.03739e+06	0
6.03749e+06	0
6.03759e+06	0
6.03769e+06	0
6.03779e+06	0
6.03789e+06	0
6.03799e+06	0
6.03809e+06	0
6.03819e+06	0
6.03829e+06	0
6.03839e+06	0
6.03849e+06	0
6.03859e+06	0
6.03869e+06	0
6.03879e+06	0
6.03889e+06	0
6.03899e+06	0
6.03909e+06	0
6.03919e+06	0
6.03929e+06	0
6.03939e+06	0
6.03949e+06	0
6.03959e+06	0
6.03969e+06	0
6.03979e+06	0
6.03989e+06	0
6.03999e+06	0
6.04009e+06	0
6.04019e+06	0
6.04029e+06	0
6.04039e+06	0
6.04049e+06	0
6.04059e+06	0
6.04069e+06	0
6.04079e+06	0
6.04089e+06	0
6.04099e+06	0
6.04109e+06	0
6.04119e+06	0
6.04129e+06	0
6.04139e+06	0
6.04149e+06	0
6.04159e+06	0
6.04169e+06	0
6.04179e+06	0
6.04189e+06	0
6.04199e+06	0
6.04209e+06	0
6.04219e+06	0
6.04229e+06	0
6.04239e+06	0
6.04249e+06	0
6.04259e+06	0
6.04269e+06	0
6.04279e+06	0
6.04289e+06	0
6.04299e+06	0
6.04309e+06	0
6.04319e+06	0
6.04329e+06	0
6.04339e+06	0
6.04349e+06	0
6.04359e+06	0
6.04369e+06	0
6.04379e+06	0
6.04389e+06	0
6.04399e+06	0
6.04409e+06	0
6.04419e+06	0
6.04429e+06	0
6.04439e+06	0
6.04449e+06	0
6.04459e+06	0
6.04469e+06	0
6.04479e+06	0
6.04489e+06	0
6.04499e+06	0
6.04509e+06	0
6.04519e+06	0
6.04529e+06	0
6.04539e+06	0
6.04549e+06	0
6.04559e+06	0
6.04569e+06	0
6.04579e+06	0
6.04589e+06	0
6.04599e+06	0
6.04609e+06	0
6.04619e+06	0
6.04629e+06	0
6.04639e+06	0
6.04649e+06	0
6.04659e+06	0
6.04669e+06	0
6.04679e+06	0
6.04689e+06	0
6.04699e+06	0
6.04709e+06	0
6.04719e+06	0
6.04729e+06	0
6.04739e+06	0
6.04749e+06	0
6.04759e+06	0
6.04769e+06	0
6.04779e+06	0
6.04789e+06	0
6.04799e+06	0
6.04809e+06	0
6.04819e+06	0
6.04829e+06	0
6.04839e+06	0
6.04849e+06	0
6.04859e+06	0
6.04869e+06	0
6.04879e+06	0
6.04889e+06	0
6.04899e+06	0
6.04909e+06	0
6.04919e+06	0
6.04929e+06	0
6.04939e+06	0
6.04949e+06	0
6.04959e+06	0
6.04969e+06	0
6.04979e+06	0
6.04989e+06	0
6.04999e+06	0
6.05009e+06	0
6.05019e+06	0
6.05029e+06	0
6.05039e+06	0
6.05049e+06	0
6.05059e+06	0
6.05069e+06	0
6.05079e+06	0
6.05089e+06	0
6.05099e+06	0
6.05109e+06	0
6.05119e+06	0
6.05129e+06	0
6.05139e+06	0
6.05149e+06	0
6.05159e+06	0
6.05169e+06	0
6.05179e+06	0
6.05189e+06	0
6.05199e+06	0
6.05209e+06	0
6.05219e+06	0
6.05229e+06	0
6.05239e+06	0
6.05249e+06	0
6.05259e+06	0
6.05269e+06	0
6.05279e+06	0
6.05289e+06	0
6.05299e+06	0
6.05309e+06	0
6.05319e+06	0
6.05329e+06	0
6.05339e+06	0
6.05349e+06	0
6.05359e+06	0
6.05369e+06	0
6.05379e+06	0
6.05389e+06	0
6.05399e+06	0
6.05409e+06	0
6.05419e+06	0
6.05429e+06	0
6.05439e+06	0
6.05449e+06	0
6.05459e+06	0
6.05469e+06	0
6.05479e+06	0
6.05489e+06	0
6.05499e+06	0
6.05509e+06	0
6.05519e+06	0
6.05529e+06	0
6.05539e+06	0
6.05549e+06	0
6.05559e+06	0
6.05569e+06	0
6.05579e+06	0
6.05589e+06	0
6.05599e+06	0
6.05609e+06	0
6.05619e+06	0
6.05629e+06	0
6.05639e+06	0
6.05649e+06	0
6.05659e+06	0
6.05669e+06	0
6.05679e+06	0
6.05689e+06	0
6.05699e+06	0
6.05709e+06	0
6.05719e+06	0
6.05729e+06	0
6.05739e+06	0
6.05749e+06	0
6.05759e+06	0
6.05769e+06	0
6.05779e+06	0
6.05789e+06	0
6.05799e+06	0
6.05809e+06	0
6.05819e+06	0
6.05829e+06	0
6.05839e+06	0
6.05849e+06	0
6.05859e+06	0
6.05869e+06	0
6.05879e+06	0
6.05889e+06	0
6.05899e+06	0
6.05909e+06	0
6.05919e+06	0
6.05929e+06	0
6.05939e+06	0
6.05949e+06	0
6.05959e+06	0
6.05969e+06	0
6.05979e+06	0
6.05989e+06	0
6.05999e+06	0
6.06009e+06	0
6.06019e+06	0
6.06029e+06	0
6.06039e+06	0
6.06049e+06	0
6.06059e+06	0
6.06069e+06	0
6.06079e+06	0
6.06089e+06	0
6.06099e+06	0
6.06109e+06	0
6.06119e+06	0
6.06129e+06	0
6.06139e+06	0
6.06149e+06	0
6.06159e+06	0
6.06169e+06	0
6.06179e+06	0
6.06189e+06	0
6.06199e+06	0
6.06209e+06	0
6.06219e+06	0
6.06229e+06	0
6.06239e+06	0
6.06249e+06	0
6.06259e+06	0
6.06269e+06	0
6.06279e+06	0
6.06289e+06	0
6.06299e+06	0
6.06309e+06	0
6.06319e+06	0
6.06329e+06	0
6.06339e+06	0
6.06349e+06	0
6.06359e+06	0
6.06369e+06	0
6.06379e+06	0
6.06389e+06	0
6.06399e+06	0
6.06409e+06	0
6.06419e+06	0
6.06429e+06	0
6.06439e+06	0
6.06449e+06	0
6.06459e+06	0
6.06469e+06	0
6.06479e+06	0
6.06489e+06	0
6.06499e+06	0
6.06509e+06	0
6.06519e+06	0
6.06529e+06	0
6.06539e+06	0
6.06549e+06	0
6.06559e+06	0
6.06569e+06	0
6.06579e+06	0
6.06589e+06	0
6.06599e+06	0
6.06609e+06	0
6.06619e+06	0
6.06629e+06	0
6.06639e+06	0
6.06649e+06	0
6.06659e+06	0
6.06669e+06	0
6.06679e+06	0
6.06689e+06	0
6.06699e+06	0
6.06709e+06	0
6.06719e+06	0
6.06729e+06	0
6.06739e+06	0
6.06749e+06	0
6.06759e+06	0
6.06769e+06	0
6.06779e+06	0
6.06789e+06	0
6.06799e+06	0
6.06809e+06	0
6.06819e+06	0
6.06829e+06	0
6.06839e+06	0
6.06849e+06	0
6.06859e+06	0
6.06869e+06	0
6.06879e+06	0
6.06889e+06	0
6.06899e+06	0
6.06909e+06	0
6.06919e+06	0
6.06929e+06	0
6.06939e+06	0
6.06949e+06	0
6.06959e+06	0
6.06969e+06	0
6.06979e+06	0
6.06989e+06	0
6.06999e+06	0
6.07009e+06	0
6.07019e+06	0
6.07029e+06	0
6.07039e+06	0
6.07049e+06	0
6.07059e+06	0
6.07069e+06	0
6.07079e+06	0
6.07089e+06	0
6.07099e+06	0
6.07109e+06	0
6.07119e+06	0
6.07129e+06	0
6.07139e+06	0
6.07149e+06	0
6.07159e+06	0
6.07169e+06	0
6.07179e+06	0
6.07189e+06	0
6.07199e+06	0
6.07209e+06	0
6.07219e+06	0
6.07229e+06	0
6.07239e+06	0
6.07249e+06	0
6.07259e+06	0
6.07269e+06	0
6.07279e+06	0
6.07289e+06	0
6.07299e+06	0
6.07309e+06	0
6.07319e+06	0
6.07329e+06	0
6.07339e+06	0
6.07349e+06	0
6.07359e+06	0
6.07369e+06	0
6.07379e+06	0
6.07389e+06	0
6.07399e+06	0
6.07409e+06	0
6.07419e+06	0
6.07429e+06	0
6.07439e+06	0
6.07449e+06	0
6.07459e+06	0
6.07469e+06	0
6.07479e+06	0
6.07489e+06	0
6.07499e+06	0
6.07509e+06	0
6.07519e+06	0
6.07529e+06	0
6.07539e+06	0
6.07549e+06	0
6.07559e+06	0
6.07569e+06	0
6.07579e+06	0
6.07589e+06	0
6.07599e+06	0
6.07609e+06	0
6.07619e+06	0
6.07629e+06	0
6.07639e+06	0
6.07649e+06	0
6.07659e+06	0
6.07669e+06	0
6.07679e+06	0
6.07689e+06	0
6.07699e+06	0
6.07709e+06	0
6.07719e+06	0
6.07729e+06	0
6.07739e+06	0
6.07749e+06	0
6.07759e+06	0
6.07769e+06	0
6.07779e+06	0
6.07789e+06	0
6.07799e+06	0
6.07809e+06	0
6.07819e+06	0
6.07829e+06	0
6.07839e+06	0
6.07849e+06	0
6.07859e+06	0
6.07869e+06	0
6.07879e+06	0
6.07889e+06	0
6.07899e+06	0
6.07909e+06	0
6.07919e+06	0
6.07929e+06	0
6.07939e+06	0
6.07949e+06	0
6.07959e+06	0
6.07969e+06	0
6.07979e+06	0
6.07989e+06	0
6.07999e+06	0
6.08009e+06	0
6.08019e+06	0
6.08029e+06	0
6.08039e+06	0
6.08049e+06	0
6.08059e+06	0
6.08069e+06	0
6.08079e+06	0
6.08089e+06	0
6.08099e+06	0
6.08109e+06	0
6.08119e+06	0
6.08129e+06	0
6.08139e+06	0
6.08149e+06	0
6.08159e+06	0
6.08169e+06	0
6.08179e+06	0
6.08189e+06	0
6.08199e+06	0
6.08209e+06	0
6.08219e+06	0
6.08229e+06	0
6.08239e+06	0
6.08249e+06	0
6.08259e+06	0
6.08269e+06	0
6.08279e+06	0
6.08289e+06	0
6.08299e+06	0
6.08309e+06	0
6.08319e+06	0
6.08329e+06	0
6.08339e+06	0
6.08349e+06	0
6.08359e+06	0
6.08369e+06	0
6.08379e+06	0
6.08389e+06	0
6.08399e+06	0
6.08409e+06	0
6.08419e+06	0
6.08429e+06	0
6.08439e+06	0
6.08449e+06	0
6.08459e+06	0
6.08469e+06	0
6.08479e+06	0
6.08489e+06	0
6.08499e+06	0
6.08509e+06	0
6.08519e+06	0
6.08529e+06	0
6.08539e+06	0
6.08549e+06	0
6.08559e+06	0
6.08569e+06	0
6.08579e+06	0
6.08589e+06	0
6.08599e+06	0
6.08609e+06	0
6.08619e+06	0
6.08629e+06	0
6.08639e+06	0
6.08649e+06	0
6.08659e+06	0
6.08669e+06	0
6.08679e+06	0
6.08689e+06	0
6.08699e+06	0
6.08709e+06	0
6.08719e+06	0
6.08729e+06	0
6.08739e+06	0
6.08749e+06	0
6.08759e+06	0
6.08769e+06	0
6.08779e+06	0
6.08789e+06	0
6.08799e+06	0
6.08809e+06	0
6.08819e+06	0
6.08829e+06	0
6.08839e+06	0
6.08849e+06	0
6.08859e+06	0
6.08869e+06	0
6.08879e+06	0
6.08889e+06	0
6.08899e+06	0
6.08909e+06	0
6.08919e+06	0
6.08929e+06	0
6.08939e+06	0
6.08949e+06	0
6.08959e+06	0
6.08969e+06	0
6.08979e+06	0
6.08989e+06	0
6.08999e+06	0
6.09009e+06	0
6.09019e+06	0
6.09029e+06	0
6.09039e+06	0
6.09049e+06	0
6.09059e+06	0
6.09069e+06	0
6.09079e+06	0
6.09089e+06	0
6.09099e+06	0
6.09109e+06	0
6.09119e+06	0
6.09129e+06	0
6.09139e+06	0
6.09149e+06	0
6.09159e+06	0
6.09169e+06	0
6.09179e+06	0
6.09189e+06	0
6.09199e+06	0
6.09209e+06	0
6.09219e+06	0
6.09229e+06	0
6.09239e+06	0
6.09249e+06	0
6.09259e+06	0
6.09269e+06	0
6.09279e+06	0
6.09289e+06	0
6.09299e+06	0
6.09309e+06	0
6.09319e+06	0
6.09329e+06	0
6.09339e+06	0
6.09349e+06	0
6.09359e+06	0
6.09369e+06	0
6.09379e+06	0
6.09389e+06	0
6.09399e+06	0
6.09409e+06	0
6.09419e+06	0
6.09429e+06	0
6.09439e+06	0
6.09449e+06	0
6.09459e+06	0
6.09469e+06	0
6.09479e+06	0
6.09489e+06	0
6.09499e+06	0
6.09509e+06	0
6.09519e+06	0
6.09529e+06	0
6.09539e+06	0
6.09549e+06	0
6.09559e+06	0
6.09569e+06	0
6.09579e+06	0
6.09589e+06	0
6.09599e+06	0
6.09609e+06	0
6.09619e+06	0
6.09629e+06	0
6.09639e+06	0
6.09649e+06	0
6.09659e+06	0
6.09669e+06	0
6.09679e+06	0
6.09689e+06	0
6.09699e+06	0
6.09709e+06	0
6.09719e+06	0
6.09729e+06	0
6.09739e+06	0
6.09749e+06	0
6.09759e+06	0
6.09769e+06	0
6.09779e+06	0
6.09789e+06	0
6.09799e+06	0
6.09809e+06	0
6.09819e+06	0
6.09829e+06	0
6.09839e+06	0
6.09849e+06	0
6.09859e+06	0
6.09869e+06	0
6.09879e+06	0
6.09889e+06	0
6.09899e+06	0
6.09909e+06	0
6.09919e+06	0
6.09929e+06	0
6.09939e+06	0
6.09949e+06	0
6.09959e+06	0
6.09969e+06	0
6.09979e+06	0
6.09989e+06	0
6.09999e+06	0
6.10009e+06	0
6.10019e+06	0
6.10029e+06	0
6.10039e+06	0
6.10049e+06	0
6.10059e+06	0
6.10069e+06	0
6.10079e+06	0
6.10089e+06	0
6.10099e+06	0
6.10109e+06	0
6.10119e+06	0
6.10129e+06	0
6.10139e+06	0
6.10149e+06	0
6.10159e+06	0
6.10169e+06	0
6.10179e+06	0
6.10189e+06	0
6.10199e+06	0
6.10209e+06	0
6.10219e+06	0
6.10229e+06	0
6.10239e+06	0
6.10249e+06	0
6.10259e+06	0
6.10269e+06	0
6.10279e+06	0
6.10289e+06	0
6.10299e+06	0
6.10309e+06	0
6.10319e+06	0
6.10329e+06	0
6.10339e+06	0
6.10349e+06	0
6.10359e+06	0
6.10369e+06	0
6.10379e+06	0
6.10389e+06	0
6.10399e+06	0
6.10409e+06	0
6.10419e+06	0
6.10429e+06	0
6.10439e+06	0
6.10449e+06	0
6.10459e+06	0
6.10469e+06	0
6.10479e+06	0
6.10489e+06	0
6.10499e+06	0
6.10509e+06	0
6.10519e+06	0
6.10529e+06	0
6.10539e+06	0
6.10549e+06	0
6.10559e+06	0
6.10569e+06	0
6.10579e+06	0
6.10589e+06	0
6.10599e+06	0
6.10609e+06	0
6.10619e+06	0
6.10629e+06	0
6.10639e+06	0
6.10649e+06	0
6.10659e+06	0
6.10669e+06	0
6.10679e+06	0
6.10689e+06	0
6.10699e+06	0
6.10709e+06	0
6.10719e+06	0
6.10729e+06	0
6.10739e+06	0
6.10749e+06	0
6.10759e+06	0
6.10769e+06	0
6.10779e+06	0
6.10789e+06	0
6.10799e+06	0
6.10809e+06	0
6.10819e+06	0
6.10829e+06	0
6.10839e+06	0
6.10849e+06	0
6.10859e+06	0
6.10869e+06	0
6.10879e+06	0
6.10889e+06	0
6.10899e+06	0
6.10909e+06	0
6.10919e+06	0
6.10929e+06	0
6.10939e+06	0
6.10949e+06	0
6.10959e+06	0
6.10969e+06	0
6.10979e+06	0
6.10989e+06	0
6.10999e+06	0
6.11009e+06	0
6.11019e+06	0
6.11029e+06	0
6.11039e+06	0
6.11049e+06	0
6.11059e+06	0
6.11069e+06	0
6.11079e+06	0
6.11089e+06	0
6.11099e+06	0
6.11109e+06	0
6.11119e+06	0
6.11129e+06	0
6.11139e+06	0
6.11149e+06	0
6.11159e+06	0
6.11169e+06	0
6.11179e+06	0
6.11189e+06	0
6.11199e+06	0
6.11209e+06	0
6.11219e+06	0
6.11229e+06	0
6.11239e+06	0
6.11249e+06	0
6.11259e+06	0
6.11269e+06	0
6.11279e+06	0
6.11289e+06	0
6.11299e+06	0
6.11309e+06	0
6.11319e+06	0
6.11329e+06	0
6.11339e+06	0
6.11349e+06	0
6.11359e+06	0
6.11369e+06	0
6.11379e+06	0
6.11389e+06	0
6.11399e+06	0
6.11409e+06	0
6.11419e+06	0
6.11429e+06	0
6.11439e+06	0
6.11449e+06	0
6.11459e+06	0
6.11469e+06	0
6.11479e+06	0
6.11489e+06	0
6.11499e+06	0
6.11509e+06	0
6.11519e+06	0
6.11529e+06	0
6.11539e+06	0
6.11549e+06	0
6.11559e+06	0
6.11569e+06	0
6.11579e+06	0
6.11589e+06	0
6.11599e+06	0
6.11609e+06	0
6.11619e+06	0
6.11629e+06	0
6.11639e+06	0
6.11649e+06	0
6.11659e+06	0
6.11669e+06	0
6.11679e+06	0
6.11689e+06	0
6.11699e+06	0
6.11709e+06	0
6.11719e+06	0
6.11729e+06	0
6.11739e+06	0
6.11749e+06	0
6.11759e+06	0
6.11769e+06	0
6.11779e+06	0
6.11789e+06	0
6.11799e+06	0
6.11809e+06	0
6.11819e+06	0
6.11829e+06	0
6.11839e+06	0
6.11849e+06	0
6.11859e+06	0
6.11869e+06	0
6.11879e+06	0
6.11889e+06	0
6.11899e+06	0
6.11909e+06	0
6.11919e+06	0
6.11929e+06	0
6.11939e+06	0
6.11949e+06	0
6.11959e+06	0
6.11969e+06	0
6.11979e+06	0
6.11989e+06	0
6.11999e+06	0
6.12009e+06	0
6.12019e+06	0
6.12029e+06	0
6.12039e+06	0
6.12049e+06	0
6.12059e+06	0
6.12069e+06	0
6.12079e+06	0
6.12089e+06	0
6.12099e+06	0
6.12109e+06	0
6.12119e+06	0
6.12129e+06	0
6.12139e+06	0
6.12149e+06	0
6.12159e+06	0
6.12169e+06	0
6.12179e+06	0
6.12189e+06	0
6.12199e+06	0
6.12209e+06	0
6.12219e+06	0
6.12229e+06	0
6.12239e+06	0
6.12249e+06	0
6.12259e+06	0
6.12269e+06	0
6.12279e+06	0
6.12289e+06	0
6.12299e+06	0
6.12309e+06	0
6.12319e+06	0
6.12329e+06	0
6.12339e+06	0
6.12349e+06	0
6.12359e+06	0
6.12369e+06	0
6.12379e+06	0
6.12389e+06	0
6.12399e+06	0
6.12409e+06	0
6.12419e+06	0
6.12429e+06	0
6.12439e+06	0
6.12449e+06	0
6.12459e+06	0
6.12469e+06	0
6.12479e+06	0
6.12489e+06	0
6.12499e+06	0
6.12509e+06	0
6.12519e+06	0
6.12529e+06	0
6.12539e+06	0
6.12549e+06	0
6.12559e+06	0
6.12569e+06	0
6.12579e+06	0
6.12589e+06	0
6.12599e+06	0
6.12609e+06	0
6.12619e+06	0
6.12629e+06	0
6.12639e+06	0
6.12649e+06	0
6.12659e+06	0
6.12669e+06	0
6.12679e+06	0
6.12689e+06	0
6.12699e+06	0
6.12709e+06	0
6.12719e+06	0
6.12729e+06	0
6.12739e+06	0
6.12749e+06	0
6.12759e+06	0
6.12769e+06	0
6.12779e+06	0
6.12789e+06	0
6.12799e+06	0
6.12809e+06	0
6.12819e+06	0
6.12829e+06	0
6.12839e+06	0
6.12849e+06	0
6.12859e+06	0
6.12869e+06	0
6.12879e+06	0
6.12889e+06	0
6.12899e+06	0
6.12909e+06	0
6.12919e+06	0
6.12929e+06	0
6.12939e+06	0
6.12949e+06	0
6.12959e+06	0
6.12969e+06	0
6.12979e+06	0
6.12989e+06	0
6.12999e+06	0
6.13009e+06	0
6.13019e+06	0
6.13029e+06	0
6.13039e+06	0
6.13049e+06	0
6.13059e+06	0
6.13069e+06	0
6.13079e+06	0
6.13089e+06	0
6.13099e+06	0
6.13109e+06	0
6.13119e+06	0
6.13129e+06	0
6.13139e+06	0
6.13149e+06	0
6.13159e+06	0
6.13169e+06	0
6.13179e+06	0
6.13189e+06	0
6.13199e+06	0
6.13209e+06	0
6.13219e+06	0
6.13229e+06	0
6.13239e+06	0
6.13249e+06	0
6.13259e+06	0
6.13269e+06	0
6.13279e+06	0
6.13289e+06	0
6.13299e+06	0
6.13309e+06	0
6.13319e+06	0
6.13329e+06	0
6.13339e+06	0
6.13349e+06	0
6.13359e+06	0
6.13369e+06	0
6.13379e+06	0
6.13389e+06	0
6.13399e+06	0
6.13409e+06	0
6.13419e+06	0
6.13429e+06	0
6.13439e+06	0
6.13449e+06	0
6.13459e+06	0
6.13469e+06	0
6.13479e+06	0
6.13489e+06	0
6.13499e+06	0
6.13509e+06	0
6.13519e+06	0
6.13529e+06	0
6.13539e+06	0
6.13549e+06	0
6.13559e+06	0
6.13569e+06	0
6.13579e+06	0
6.13589e+06	0
6.13599e+06	0
6.13609e+06	0
6.13619e+06	0
6.13629e+06	0
6.13639e+06	0
6.13649e+06	0
6.13659e+06	0
6.13669e+06	0
6.13679e+06	0
6.13689e+06	0
6.13699e+06	0
6.13709e+06	0
6.13719e+06	0
6.13729e+06	0
6.13739e+06	0
6.13749e+06	0
6.13759e+06	0
6.13769e+06	0
6.13779e+06	0
6.13789e+06	0
6.13799e+06	0
6.13809e+06	0
6.13819e+06	0
6.13829e+06	0
6.13839e+06	0
6.13849e+06	0
6.13859e+06	0
6.13869e+06	0
6.13879e+06	0
6.13889e+06	0
6.13899e+06	0
6.13909e+06	0
6.13919e+06	0
6.13929e+06	0
6.13939e+06	0
6.13949e+06	0
6.13959e+06	0
6.13969e+06	0
6.13979e+06	0
6.13989e+06	0
6.13999e+06	0
6.14009e+06	0
6.14019e+06	0
6.14029e+06	0
6.14039e+06	0
6.14049e+06	0
6.14059e+06	0
6.14069e+06	0
6.14079e+06	0
6.14089e+06	0
6.14099e+06	0
6.14109e+06	0
6.14119e+06	0
6.14129e+06	0
6.14139e+06	0
6.14149e+06	0
6.14159e+06	0
6.14169e+06	0
6.14179e+06	0
6.14189e+06	0
6.14199e+06	0
6.14209e+06	0
6.14219e+06	0
6.14229e+06	0
6.14239e+06	0
6.14249e+06	0
6.14259e+06	0
6.14269e+06	0
6.14279e+06	0
6.14289e+06	0
6.14299e+06	0
6.14309e+06	0
6.14319e+06	0
6.14329e+06	0
6.14339e+06	0
6.14349e+06	0
6.14359e+06	0
6.14369e+06	0
6.14379e+06	0
6.14389e+06	0
6.14399e+06	0
6.14409e+06	0
6.14419e+06	0
6.14429e+06	0
6.14439e+06	0
6.14449e+06	0
6.14459e+06	0
6.14469e+06	0
6.14479e+06	0
6.14489e+06	0
6.14499e+06	0
6.14509e+06	0
6.14519e+06	0
6.14529e+06	0
6.14539e+06	0
6.14549e+06	0
6.14559e+06	0
6.14569e+06	0
6.14579e+06	0
6.14589e+06	0
6.14599e+06	0
6.14609e+06	0
6.14619e+06	0
6.14629e+06	0
6.14639e+06	0
6.14649e+06	0
6.14659e+06	0
6.14669e+06	0
6.14679e+06	0
6.14689e+06	0
6.14699e+06	0
6.14709e+06	0
6.14719e+06	0
6.14729e+06	0
6.14739e+06	0
6.14749e+06	0
6.14759e+06	0
6.14769e+06	0
6.14779e+06	0
6.14789e+06	0
6.14799e+06	0
6.14809e+06	0
6.14819e+06	0
6.14829e+06	0
6.14839e+06	0
6.14849e+06	0
6.14859e+06	0
6.14869e+06	0
6.14879e+06	0
6.14889e+06	0
6.14899e+06	0
6.14909e+06	0
6.14919e+06	0
6.14929e+06	0
6.14939e+06	0
6.14949e+06	0
6.14959e+06	0
6.14969e+06	0
6.14979e+06	0
6.14989e+06	0
6.14999e+06	0
6.15009e+06	0
6.15019e+06	0
6.15029e+06	0
6.15039e+06	0
6.15049e+06	0
6.15059e+06	0
6.15069e+06	0
6.15079e+06	0
6.15089e+06	0
6.15099e+06	0
6.15109e+06	0
6.15119e+06	0
6.15129e+06	0
6.15139e+06	0
6.15149e+06	0
6.15159e+06	0
6.15169e+06	0
6.15179e+06	0
6.15189e+06	0
6.15199e+06	0
6.15209e+06	0
6.15219e+06	0
6.15229e+06	0
6.15239e+06	0
6.15249e+06	0
6.15259e+06	0
6.15269e+06	0
6.15279e+06	0
6.15289e+06	0
6.15299e+06	0
6.15309e+06	0
6.15319e+06	0
6.15329e+06	0
6.15339e+06	0
6.15349e+06	0
6.15359e+06	0
6.15369e+06	0
6.15379e+06	0
6.15389e+06	0
6.15399e+06	0
6.15409e+06	0
6.15419e+06	0
6.15429e+06	0
6.15439e+06	0
6.15449e+06	0
6.15459e+06	0
6.15469e+06	0
6.15479e+06	0
6.15489e+06	0
6.15499e+06	0
6.15509e+06	0
6.15519e+06	0
6.15529e+06	0
6.15539e+06	0
6.15549e+06	0
6.15559e+06	0
6.15569e+06	0
6.15579e+06	0
6.15589e+06	0
6.15599e+06	0
6.15609e+06	0
6.15619e+06	0
6.15629e+06	0
6.15639e+06	0
6.15649e+06	0
6.15659e+06	0
6.15669e+06	0
6.15679e+06	0
6.15689e+06	0
6.15699e+06	0
6.15709e+06	0
6.15719e+06	0
6.15729e+06	0
6.15739e+06	0
6.15749e+06	0
6.15759e+06	0
6.15769e+06	0
6.15779e+06	0
6.15789e+06	0
6.15799e+06	0
6.15809e+06	0
6.15819e+06	0
6.15829e+06	0
6.15839e+06	0
6.15849e+06	0
6.15859e+06	0
6.15869e+06	0
6.15879e+06	0
6.15889e+06	0
6.15899e+06	0
6.15909e+06	0
6.15919e+06	0
6.15929e+06	0
6.15939e+06	0
6.15949e+06	0
6.15959e+06	0
6.15969e+06	0
6.15979e+06	0
6.15989e+06	0
6.15999e+06	0
6.16009e+06	0
6.16019e+06	0
6.16029e+06	0
6.16039e+06	0
6.16049e+06	0
6.16059e+06	0
6.16069e+06	0
6.16079e+06	0
6.16089e+06	0
6.16099e+06	0
6.16109e+06	0
6.16119e+06	0
6.16129e+06	0
6.16139e+06	0
6.16149e+06	0
6.16159e+06	0
6.16169e+06	0
6.16179e+06	0
6.16189e+06	0
6.16199e+06	0
6.16209e+06	0
6.16219e+06	0
6.16229e+06	0
6.16239e+06	0
6.16249e+06	0
6.16259e+06	0
6.16269e+06	0
6.16279e+06	0
6.16289e+06	0
6.16299e+06	0
6.16309e+06	0
6.16319e+06	0
6.16329e+06	0
6.16339e+06	0
6.16349e+06	0
6.16359e+06	0
6.16369e+06	0
6.16379e+06	0
6.16389e+06	0
6.16399e+06	0
6.16409e+06	0
6.16419e+06	0
6.16429e+06	0
6.16439e+06	0
6.16449e+06	0
6.16459e+06	0
6.16469e+06	0
6.16479e+06	0
6.16489e+06	0
6.16499e+06	0
6.16509e+06	0
6.16519e+06	0
6.16529e+06	0
6.16539e+06	0
6.16549e+06	0
6.16559e+06	0
6.16569e+06	0
6.16579e+06	0
6.16589e+06	0
6.16599e+06	0
6.16609e+06	0
6.16619e+06	0
6.16629e+06	0
6.16639e+06	0
6.16649e+06	0
6.16659e+06	0
6.16669e+06	0
6.16679e+06	0
6.16689e+06	0
6.16699e+06	0
6.16709e+06	0
6.16719e+06	0
6.16729e+06	0
6.16739e+06	0
6.16749e+06	0
6.16759e+06	0
6.16769e+06	0
6.16779e+06	0
6.16789e+06	0
6.16799e+06	0
6.16809e+06	0
6.16819e+06	0
6.16829e+06	0
6.16839e+06	0
6.16849e+06	0
6.16859e+06	0
6.16869e+06	0
6.16879e+06	0
6.16889e+06	0
6.16899e+06	0
6.16909e+06	0
6.16919e+06	0
6.16929e+06	0
6.16939e+06	0
6.16949e+06	0
6.16959e+06	0
6.16969e+06	0
6.16979e+06	0
6.16989e+06	0
6.16999e+06	0
6.17009e+06	0
6.17019e+06	0
6.17029e+06	0
6.17039e+06	0
6.17049e+06	0
6.17059e+06	0
6.17069e+06	4.94066e-324
6.17079e+06	3.35965e-322
6.17089e+06	1.57805e-320
6.17099e+06	7.29271e-319
6.17109e+06	3.33754e-317
6.17119e+06	1.51224e-315
6.17129e+06	6.78382e-314
6.17139e+06	3.0129e-312
6.17149e+06	1.3248e-310
6.17159e+06	5.76734e-309
6.17169e+06	2.48574e-307
6.17179e+06	1.0607e-305
6.17189e+06	4.48115e-304
6.17199e+06	1.87431e-302
6.17209e+06	7.7616e-301
6.17219e+06	3.18213e-299
6.17229e+06	1.29164e-297
6.17239e+06	5.19064e-296
6.17249e+06	2.06518e-294
6.17259e+06	8.13492e-293
6.17269e+06	3.17252e-291
6.17279e+06	1.22494e-289
6.17289e+06	4.68251e-288
6.17299e+06	1.77216e-286
6.17309e+06	6.64021e-285
6.17319e+06	2.46331e-283
6.17329e+06	9.04716e-282
6.17339e+06	3.28975e-280
6.17349e+06	1.18433e-278
6.17359e+06	4.22121e-277
6.17369e+06	1.48956e-275
6.17379e+06	5.20401e-274
6.17389e+06	1.80001e-272
6.17399e+06	6.16407e-271
6.17409e+06	2.08986e-269
6.17419e+06	7.01496e-268
6.17429e+06	2.33125e-266
6.17439e+06	7.67028e-265
6.17449e+06	2.49856e-263
6.17459e+06	8.05796e-262
6.17469e+06	2.57287e-260
6.17479e+06	8.13332e-259
6.17489e+06	2.54551e-257
6.17499e+06	7.88748e-256
6.17509e+06	2.41969e-254
6.17519e+06	7.34915e-253
6.17529e+06	2.2099e-251
6.17539e+06	6.57907e-250
6.17549e+06	1.93916e-248
6.17559e+06	5.65874e-247
6.17569e+06	1.63487e-245
6.17579e+06	4.67631e-244
6.17589e+06	1.32428e-242
6.17599e+06	3.71291e-241
6.17609e+06	1.03064e-239
6.17619e+06	2.8324e-238
6.17629e+06	7.70656e-237
6.17639e+06	2.07598e-235
6.17649e+06	5.5366e-234
6.17659e+06	1.46191e-232
6.17669e+06	3.82167e-231
6.17679e+06	9.89109e-230
6.17689e+06	2.5345e-228
6.17699e+06	6.42979e-227
6.17709e+06	1.61495e-225
6.17719e+06	4.01586e-224
6.17729e+06	9.88676e-223
6.17739e+06	2.40984e-221
6.17749e+06	5.81537e-220
6.17759e+06	1.38939e-218
6.17769e+06	3.28647e-217
6.17779e+06	7.69645e-216
6.17789e+06	1.78447e-214
6.17799e+06	4.09623e-213
6.17809e+06	9.3093e-212
6.17819e+06	2.09463e-210
6.17829e+06	4.66609e-209
6.17839e+06	1.0291e-207
6.17849e+06	2.24708e-206
6.17859e+06	4.85776e-205
6.17869e+06	1.03971e-203
6.17879e+06	2.20314e-202
6.17889e+06	4.62202e-201
6.17899e+06	9.60014e-200
6.17909e+06	1.97415e-198
6.17919e+06	4.01921e-197
6.17929e+06	8.10137e-196
6.17939e+06	1.61671e-194
6.17949e+06	3.19421e-193
6.17959e+06	6.24816e-192
6.17969e+06	1.21003e-190
6.17979e+06	2.32007e-189
6.17989e+06	4.40413e-188
6.17999e+06	8.27706e-187
6.18009e+06	1.5401e-185
6.18019e+06	2.83714e-184
6.18029e+06	5.1745e-183
6.18039e+06	9.34358e-182
6.18049e+06	1.67038e-180
6.18059e+06	2.95647e-179
6.18069e+06	5.18072e-178
6.18079e+06	8.988e-177
6.18089e+06	1.54381e-175
6.18099e+06	2.62531e-174
6.18109e+06	4.42002e-173
6.18119e+06	7.3676e-172
6.18129e+06	1.21586e-170
6.18139e+06	1.98655e-169
6.18149e+06	3.21345e-168
6.18159e+06	5.14638e-167
6.18169e+06	8.15996e-166
6.18179e+06	1.28095e-164
6.18189e+06	1.99082e-163
6.18199e+06	3.0633e-162
6.18209e+06	4.66665e-161
6.18219e+06	7.03845e-160
6.18229e+06	1.05101e-158
6.18239e+06	1.55379e-157
6.18249e+06	2.27423e-156
6.18259e+06	3.2956e-155
6.18269e+06	4.72815e-154
6.18279e+06	6.71592e-153
6.18289e+06	9.44446e-152
6.18299e+06	1.31494e-150
6.18309e+06	1.81255e-149
6.18319e+06	2.47362e-148
6.18329e+06	3.3422e-147
6.18339e+06	4.47084e-146
6.18349e+06	5.9211e-145
6.18359e+06	7.76378e-144
6.18369e+06	1.00786e-142
6.18379e+06	1.29534e-141
6.18389e+06	1.64827e-140
6.18399e+06	2.07647e-139
6.18409e+06	2.58989e-138
6.18419e+06	3.19812e-137
6.18429e+06	3.90989e-136
6.18439e+06	4.73251e-135
6.18449e+06	5.67121e-134
6.18459e+06	6.72848e-133
6.18469e+06	7.90342e-132
6.18479e+06	9.19116e-131
6.18489e+06	1.05824e-129
6.18499e+06	1.20629e-128
6.18509e+06	1.36138e-127
6.18519e+06	1.52112e-126
6.18529e+06	1.68268e-125
6.18539e+06	1.84289e-124
6.18549e+06	1.99827e-123
6.18559e+06	2.14519e-122
6.18569e+06	2.28e-121
6.18579e+06	2.39917e-120
6.18589e+06	2.49945e-119
6.18599e+06	2.57801e-118
6.18609e+06	2.63258e-117
6.18619e+06	2.66155e-116
6.18629e+06	2.66407e-115
6.18639e+06	2.64006e-114
6.18649e+06	2.59024e-113
6.18659e+06	2.51606e-112
6.18669e+06	2.4197e-111
6.18679e+06	2.30387e-110
6.18689e+06	2.17175e-109
6.18699e+06	2.02685e-108
6.18709e+06	1.87279e-107
6.18719e+06	1.71322e-106
6.18729e+06	1.55165e-105
6.18739e+06	1.39134e-104
6.18749e+06	1.23518e-103
6.18759e+06	1.08563e-102
6.18769e+06	9.44696e-102
6.18779e+06	8.13877e-101
6.18789e+06	6.94197e-100
6.18799e+06	5.86225e-99
6.18809e+06	4.9012e-98
6.18819e+06	4.05693e-97
6.18829e+06	3.32468e-96
6.18839e+06	2.69748e-95
6.18849e+06	2.16683e-94
6.18859e+06	1.72325e-93
6.18869e+06	1.35684e-92
6.18879e+06	1.05771e-91
6.18889e+06	8.1632e-91
6.18899e+06	6.23752e-90
6.18909e+06	4.71868e-89
6.18919e+06	3.53416e-88
6.18929e+06	2.62065e-87
6.18939e+06	1.92393e-86
6.18949e+06	1.39838e-85
6.18959e+06	1.00628e-84
6.18969e+06	7.1692e-84
6.18979e+06	5.05684e-83
6.18989e+06	3.53138e-82
6.18999e+06	2.44155e-81
6.19009e+06	1.67126e-80
6.19019e+06	1.13261e-79
6.19029e+06	7.59932e-79
6.19039e+06	5.04807e-78
6.19049e+06	3.31996e-77
6.19059e+06	2.16171e-76
6.19069e+06	1.39354e-75
6.19079e+06	8.894e-75
6.19089e+06	5.61995e-74
6.19099e+06	3.51581e-73
6.19109e+06	2.17759e-72
6.19119e+06	1.33531e-71
6.19129e+06	8.10673e-71
6.19139e+06	4.87267e-70
6.19149e+06	2.89964e-69
6.19159e+06	1.70836e-68
6.19169e+06	9.96487e-68
6.19179e+06	5.75468e-67
6.19189e+06	3.29024e-66
6.19199e+06	1.86247e-65
6.19209e+06	1.04378e-64
6.19219e+06	5.79146e-64
6.19229e+06	3.18143e-63
6.19239e+06	1.73027e-62
6.19249e+06	9.3167e-62
6.19259e+06	4.9667e-61
6.19269e+06	2.62138e-60
6.19279e+06	1.36978e-59
6.19289e+06	7.08642e-59
6.19299e+06	3.62962e-58
6.19309e+06	1.84057e-57
6.19319e+06	9.24058e-57
6.19329e+06	4.59308e-56
6.19339e+06	2.2603e-55
6.19349e+06	1.10125e-54
6.19359e+06	5.31204e-54
6.19369e+06	2.53685e-53
6.19379e+06	1.19946e-52
6.19389e+06	5.61477e-52
6.19399e+06	2.60217e-51
6.19409e+06	1.19398e-50
6.19419e+06	5.42396e-50
6.19429e+06	2.43945e-49
6.19439e+06	1.08624e-48
6.19449e+06	4.78866e-48
6.19459e+06	2.09007e-47
6.19469e+06	9.03159e-47
6.19479e+06	3.86389e-46
6.19489e+06	1.6366e-45
6.19499e+06	6.86306e-45
6.19509e+06	2.84938e-44
6.19519e+06	1.17122e-43
6.19529e+06	4.76634e-43
6.19539e+06	1.92038e-42
6.19549e+06	7.66034e-42
6.19559e+06	3.02528e-41
6.19569e+06	1.18288e-40
6.19579e+06	4.579e-40
6.19589e+06	1.75493e-39
6.19599e+06	6.65894e-39
6.19609e+06	2.50154e-38
6.19619e+06	9.30394e-38
6.19629e+06	3.42597e-37
6.19639e+06	1.24898e-36
6.19649e+06	4.50804e-36
6.19659e+06	1.61093e-35
6.19669e+06	5.69929e-35
6.19679e+06	1.99628e-34
6.19689e+06	6.92279e-34
6.19699e+06	2.37683e-33
6.19709e+06	8.07924e-33
6.19719e+06	2.71894e-32
6.19729e+06	9.05915e-32
6.19739e+06	2.98835e-31
6.19749e+06	9.75962e-31
6.19759e+06	3.15567e-30
6.19769e+06	1.0102e-29
6.19779e+06	3.20169e-29
6.19789e+06	1.00464e-28
6.19799e+06	3.12101e-28
6.19809e+06	9.59928e-28
6.19819e+06	2.92307e-27
6.19829e+06	8.81246e-27
6.19839e+06	2.63034e-26
6.19849e+06	7.77291e-26
6.19859e+06	2.27412e-25
6.19869e+06	6.58716e-25
6.19879e+06	1.88904e-24
6.19889e+06	5.36342e-24
6.19899e+06	1.50764e-23
6.19909e+06	4.19578e-23
6.19919e+06	1.15607e-22
6.19929e+06	3.15364e-22
6.19939e+06	8.51721e-22
6.19949e+06	2.2774e-21
6.19959e+06	6.02892e-21
6.19969e+06	1.58014e-20
6.19979e+06	4.10024e-20
6.19989e+06	1.05337e-19
6.19999e+06	2.67922e-19
6.20009e+06	6.74671e-19
6.20019e+06	1.68203e-18
6.20029e+06	4.15177e-18
6.20039e+06	1.01459e-17
6.20049e+06	2.45472e-17
6.20059e+06	5.87992e-17
6.20069e+06	1.39444e-16
6.20079e+06	3.27403e-16
6.20089e+06	7.61069e-16
6.20099e+06	1.75155e-15
6.20109e+06	3.99096e-15
6.20119e+06	9.00305e-15
6.20129e+06	2.01075e-14
6.20139e+06	4.44616e-14
6.20149e+06	9.7335e-14
6.20159e+06	2.10965e-13
6.20169e+06	4.52696e-13
6.20179e+06	9.61749e-13
6.20189e+06	2.0229e-12
6.20199e+06	4.21252e-12
6.20209e+06	8.68496e-12
6.20219e+06	1.77276e-11
6.20229e+06	3.58254e-11
6.20239e+06	7.16783e-11
6.20249e+06	1.41985e-10
6.20259e+06	2.78454e-10
6.20269e+06	5.40656e-10
6.20279e+06	1.03931e-09
6.20289e+06	1.97801e-09
6.20299e+06	3.72707e-09
6.20309e+06	6.95287e-09
6.20319e+06	1.28416e-08
6.20329e+06	2.34816e-08
6.20339e+06	4.25104e-08
6.20349e+06	7.61939e-08
6.20359e+06	1.35208e-07
6.20369e+06	2.37542e-07
6.20379e+06	4.13177e-07
6.20389e+06	7.11523e-07
6.20399e+06	1.21311e-06
6.20409e+06	2.0477e-06
6.20419e+06	3.42208e-06
6.20429e+06	5.66201e-06
6.20439e+06	9.27489e-06
6.20449e+06	1.50419e-05
6.20459e+06	2.41522e-05
6.20469e+06	3.83942e-05
6.20479e+06	6.04271e-05
6.20489e+06	9.41575e-05
6.20499e+06	0.000145256
6.20509e+06	0.000221857
6.20519e+06	0.000335481
6.20529e+06	0.000502249
6.20539e+06	0.000744436
6.20549e+06	0.00109243
6.20559e+06	0.00158714
6.20569e+06	0.00228295
6.20579e+06	0.00325112
6.20589e+06	0.00458381
6.20599e+06	0.00639849
6.20609e+06	0.00884271
6.20619e+06	0.012099
6.20629e+06	0.0163898
6.20639e+06	0.0219812
6.20649e+06	0.0291869
6.20659e+06	0.0383691
6.20669e+06	0.0499381
6.20679e+06	0.0643486
6.20689e+06	0.0820925
6.20699e+06	0.103687
6.20709e+06	0.129659
6.20719e+06	0.160524
6.20729e+06	0.196758
6.20739e+06	0.238771
6.20749e+06	0.286872
6.20759e+06	0.341234
6.20769e+06	0.401858
6.20779e+06	0.468545
6.20789e+06	0.540862
6.20799e+06	0.618128
6.20809e+06	0.699403
6.20819e+06	0.78349
6.20829e+06	0.868954
6.20839e+06	0.954151
6.20849e+06	1.03728
6.20859e+06	1.11642
6.20869e+06	1.18965
6.20879e+06	1.25507
6.20889e+06	1.31091
6.20899e+06	1.35562
6.20909e+06	1.38789
6.20919e+06	1.4068
6.20929e+06	1.41178
6.20939e+06	1.40268
6.20949e+06	1.37977
6.20959e+06	1.34373
6.20969e+06	1.29561
6.20979e+06	1.23678
6.20989e+06	1.16887
6.20999e+06	1.09371
6.21009e+06	1.01319
6.21019e+06	0.929263
6.21029e+06	0.843806
6.21039e+06	0.758585
6.21049e+06	0.675185
6.21059e+06	0.594974
6.21069e+06	0.519076
6.21079e+06	0.448353
6.21089e+06	0.383413
6.21099e+06	0.324617
6.21109e+06	0.272102
6.21119e+06	0.225813
6.21129e+06	0.185534
6.21139e+06	0.150923
6.21149e+06	0.121547
6.21159e+06	0.096915
6.21169e+06	0.0765058
6.21179e+06	0.0597936
6.21189e+06	0.046267
6.21199e+06	0.0354443
6.21209e+06	0.026883
6.21219e+06	0.0201867
6.21229e+06	0.0150076
6.21239e+06	0.0110462
6.21249e+06	0.00804958
6.21259e+06	0.00580751
6.21269e+06	0.00414823
6.21279e+06	0.00293355
6.21289e+06	0.00205391
6.21299e+06	0.00142373
6.21309e+06	0.000977076
6.21319e+06	0.000663877
6.21329e+06	0.000446584
6.21339e+06	0.000297424
6.21349e+06	0.000196113
6.21359e+06	0.000128025
6.21369e+06	8.27443e-05
6.21379e+06	5.29467e-05
6.21389e+06	3.35427e-05
6.21399e+06	2.10384e-05
6.21409e+06	1.30643e-05
6.21419e+06	8.03183e-06
6.21429e+06	4.88879e-06
6.21439e+06	2.94608e-06
6.21449e+06	1.7577e-06
6.21459e+06	1.03825e-06
6.21469e+06	6.07181e-07
6.21479e+06	3.51552e-07
6.21489e+06	2.0152e-07
6.21499e+06	1.14368e-07
6.21509e+06	6.4261e-08
6.21519e+06	3.57477e-08
6.21529e+06	1.96881e-08
6.21539e+06	1.07354e-08
6.21549e+06	5.79549e-09
6.21559e+06	3.09755e-09
6.21569e+06	1.63909e-09
6.21579e+06	8.58709e-10
6.21589e+06	4.45395e-10
6.21599e+06	2.28719e-10
6.21609e+06	1.16283e-10
6.21619e+06	5.8531e-11
6.21629e+06	2.91685e-11
6.21639e+06	1.43912e-11
6.21649e+06	7.02975e-12
6.21659e+06	3.39969e-12
6.21669e+06	1.62778e-12
6.21679e+06	7.71627e-13
6.21689e+06	3.62141e-13
6.21699e+06	1.68269e-13
6.21709e+06	7.74085e-14
6.21719e+06	3.52557e-14
6.21729e+06	1.58975e-14
6.21739e+06	7.09714e-15
6.21749e+06	3.13686e-15
6.21759e+06	1.37267e-15
6.21769e+06	5.94691e-16
6.21779e+06	2.55079e-16
6.21789e+06	1.08322e-16
6.21799e+06	4.55421e-17
6.21809e+06	1.89569e-17
6.21819e+06	7.81231e-18
6.21829e+06	3.18748e-18
6.21839e+06	1.28758e-18
6.21849e+06	5.1494e-19
6.21859e+06	2.0389e-19
6.21869e+06	7.9927e-20
6.21879e+06	3.10204e-20
6.21889e+06	1.19195e-20
6.21899e+06	4.53447e-21
6.21909e+06	1.70786e-21
6.21919e+06	6.36846e-22
6.21929e+06	2.35111e-22
6.21939e+06	8.5935e-23
6.21949e+06	3.10973e-23
6.21959e+06	1.11412e-23
6.21969e+06	3.95186e-24
6.21979e+06	1.3878e-24
6.21989e+06	4.82511e-25
6.21999e+06	1.66091e-25
6.22009e+06	5.66033e-26
6.22019e+06	1.90983e-26
6.22029e+06	6.37976e-27
6.22039e+06	2.10995e-27
6.22049e+06	6.90869e-28
6.22059e+06	2.23963e-28
6.22069e+06	7.18811e-29
6.22079e+06	2.28407e-29
6.22089e+06	7.18558e-30
6.22099e+06	2.23806e-30
6.22109e+06	6.9014e-31
6.22119e+06	2.10698e-31
6.22129e+06	6.36856e-32
6.22139e+06	1.90581e-32
6.22149e+06	5.64642e-33
6.22159e+06	1.65625e-33
6.22169e+06	4.80987e-34
6.22179e+06	1.38293e-34
6.22189e+06	3.9366e-35
6.22199e+06	1.10943e-35
6.22209e+06	3.09555e-36
6.22219e+06	8.5513e-37
6.22229e+06	2.33875e-37
6.22239e+06	6.33273e-38
6.22249e+06	1.69768e-38
6.22259e+06	4.50587e-39
6.22269e+06	1.18402e-39
6.22279e+06	3.0803e-40
6.22289e+06	7.9339e-41
6.22299e+06	2.02319e-41
6.22309e+06	5.10793e-42
6.22319e+06	1.27676e-42
6.22329e+06	3.15959e-43
6.22339e+06	7.74122e-44
6.22349e+06	1.87778e-44
6.22359e+06	4.50959e-45
6.22369e+06	1.07223e-45
6.22379e+06	2.52403e-46
6.22389e+06	5.88244e-47
6.22399e+06	1.35731e-47
6.22409e+06	3.10068e-48
6.22419e+06	7.0128e-49
6.22429e+06	1.5703e-49
6.22439e+06	3.48123e-50
6.22449e+06	7.6408e-51
6.22459e+06	1.66036e-51
6.22469e+06	3.57209e-52
6.22479e+06	7.60851e-53
6.22489e+06	1.60448e-53
6.22499e+06	3.34985e-54
6.22509e+06	6.92427e-55
6.22519e+06	1.41703e-55
6.22529e+06	2.87106e-56
6.22539e+06	5.7592e-57
6.22549e+06	1.14377e-57
6.22559e+06	2.24891e-58
6.22569e+06	4.37787e-59
6.22579e+06	8.43745e-60
6.22589e+06	1.60996e-60
6.22599e+06	3.04143e-61
6.22609e+06	5.68849e-62
6.22619e+06	1.05335e-62
6.22629e+06	1.93111e-63
6.22639e+06	3.50507e-64
6.22649e+06	6.2986e-65
6.22659e+06	1.12059e-65
6.22669e+06	1.97383e-66
6.22679e+06	3.44214e-67
6.22689e+06	5.94297e-68
6.22699e+06	1.01587e-68
6.22709e+06	1.7192e-69
6.22719e+06	2.88053e-70
6.22729e+06	4.77833e-71
6.22739e+06	7.8476e-72
6.22749e+06	1.27601e-72
6.22759e+06	2.05414e-73
6.22769e+06	3.27387e-74
6.22779e+06	5.16595e-75
6.22789e+06	8.07043e-76
6.22799e+06	1.24824e-76
6.22809e+06	1.91144e-77
6.22819e+06	2.89786e-78
6.22829e+06	4.34962e-79
6.22839e+06	6.46372e-80
6.22849e+06	9.50979e-81
6.22859e+06	1.38521e-81
6.22869e+06	1.99765e-82
6.22879e+06	2.85219e-83
6.22889e+06	4.03176e-84
6.22899e+06	5.64246e-85
6.22909e+06	7.81807e-86
6.22919e+06	1.07247e-86
6.22929e+06	1.45657e-87
6.22939e+06	1.95855e-88
6.22949e+06	2.60731e-89
6.22959e+06	3.43644e-90
6.22969e+06	4.48417e-91
6.22979e+06	5.79311e-92
6.22989e+06	7.40967e-93
6.22999e+06	9.38303e-94
6.23009e+06	1.17637e-94
6.23019e+06	1.46017e-95
6.23029e+06	1.7944e-96
6.23039e+06	2.18318e-97
6.23049e+06	2.62978e-98
6.23059e+06	3.13622e-99
6.23069e+06	3.70297e-100
6.23079e+06	4.32863e-101
6.23089e+06	5.00966e-102
6.23099e+06	5.74015e-103
6.23109e+06	6.51171e-104
6.23119e+06	7.31348e-105
6.23129e+06	8.13223e-106
6.23139e+06	8.95267e-107
6.23149e+06	9.75782e-108
6.23159e+06	1.05296e-108
6.23169e+06	1.12493e-109
6.23179e+06	1.18986e-110
6.23189e+06	1.24602e-111
6.23199e+06	1.29184e-112
6.23209e+06	1.32602e-113
6.23219e+06	1.34757e-114
6.23229e+06	1.35584e-115
6.23239e+06	1.35058e-116
6.23249e+06	1.33196e-117
6.23259e+06	1.30053e-118
6.23269e+06	1.2572e-119
6.23279e+06	1.20322e-120
6.23289e+06	1.1401e-121
6.23299e+06	1.06955e-122
6.23309e+06	9.93374e-124
6.23319e+06	9.13446e-125
6.23329e+06	8.31591e-126
6.23339e+06	7.49538e-127
6.23349e+06	6.6886e-128
6.23359e+06	5.90926e-129
6.23369e+06	5.16878e-130
6.23379e+06	4.47611e-131
6.23389e+06	3.83769e-132
6.23399e+06	3.25759e-133
6.23409e+06	2.73766e-134
6.23419e+06	2.27783e-135
6.23429e+06	1.87637e-136
6.23439e+06	1.53029e-137
6.23449e+06	1.23562e-138
6.23459e+06	9.87764e-140
6.23469e+06	7.8177e-141
6.23479e+06	6.12578e-142
6.23489e+06	4.75228e-143
6.23499e+06	3.65005e-144
6.23509e+06	2.77557e-145
6.23519e+06	2.0896e-146
6.23529e+06	1.55751e-147
6.23539e+06	1.14936e-148
6.23549e+06	8.39729e-150
6.23559e+06	6.07405e-151
6.23569e+06	4.34986e-152
6.23579e+06	3.0841e-153
6.23589e+06	2.1649e-154
6.23599e+06	1.50455e-155
6.23609e+06	1.03522e-156
6.23619e+06	7.052e-158
6.23629e+06	4.7561e-159
6.23639e+06	3.17575e-160
6.23649e+06	2.09942e-161
6.23659e+06	1.37407e-162
6.23669e+06	8.90382e-164
6.23679e+06	5.71216e-165
6.23689e+06	3.62812e-166
6.23699e+06	2.28149e-167
6.23709e+06	1.42041e-168
6.23719e+06	8.75521e-170
6.23729e+06	5.34289e-171
6.23739e+06	3.22806e-172
6.23749e+06	1.93093e-173
6.23759e+06	1.14353e-174
6.23769e+06	6.70476e-176
6.23779e+06	3.89204e-177
6.23789e+06	2.23681e-178
6.23799e+06	1.27274e-179
6.23809e+06	7.16974e-181
6.23819e+06	3.99877e-182
6.23829e+06	2.20804e-183
6.23839e+06	1.2071e-184
6.23849e+06	6.53337e-186
6.23859e+06	3.50097e-187
6.23869e+06	1.85736e-188
6.23879e+06	9.75576e-190
6.23889e+06	5.07321e-191
6.23899e+06	2.61193e-192
6.23909e+06	1.33137e-193
6.23919e+06	6.7188e-195
6.23929e+06	3.35693e-196
6.23939e+06	1.66054e-197
6.23949e+06	8.13231e-199
6.23959e+06	3.94308e-200
6.23969e+06	1.89284e-201
6.23979e+06	8.996e-203
6.23989e+06	4.23294e-204
6.23999e+06	1.97193e-205
6.24009e+06	9.09492e-207
6.24019e+06	4.15301e-208
6.24029e+06	1.87751e-209
6.24039e+06	8.40352e-211
6.24049e+06	3.72389e-212
6.24059e+06	1.63376e-213
6.24069e+06	7.09639e-215
6.24079e+06	3.05171e-216
6.24089e+06	1.29929e-217
6.24099e+06	5.4768e-219
6.24109e+06	2.28562e-220
6.24119e+06	9.44363e-222
6.24129e+06	3.86305e-223
6.24139e+06	1.56451e-224
6.24149e+06	6.27313e-226
6.24159e+06	2.49027e-227
6.24169e+06	9.78738e-229
6.24179e+06	3.80841e-230
6.24189e+06	1.46716e-231
6.24199e+06	5.59587e-233
6.24209e+06	2.11308e-234
6.24219e+06	7.89988e-236
6.24229e+06	2.92404e-237
6.24239e+06	1.07152e-238
6.24249e+06	3.88757e-240
6.24259e+06	1.3964e-241
6.24269e+06	4.96594e-243
6.24279e+06	1.74843e-244
6.24289e+06	6.09471e-246
6.24299e+06	2.10336e-247
6.24309e+06	7.18675e-249
6.24319e+06	2.43113e-250
6.24329e+06	8.14218e-252
6.24339e+06	2.69979e-253
6.24349e+06	8.86292e-255
6.24359e+06	2.88058e-256
6.24369e+06	9.26918e-258
6.24379e+06	2.95297e-259
6.24389e+06	9.31395e-261
6.24399e+06	2.90848e-262
6.24409e+06	8.99197e-264
6.24419e+06	2.75233e-265
6.24429e+06	8.34073e-267
6.24439e+06	2.50244e-268
6.24449e+06	7.4333e-270
6.24459e+06	2.18603e-271
6.24469e+06	6.36483e-273
6.24479e+06	1.83474e-274
6.24489e+06	5.23625e-276
6.24499e+06	1.47953e-277
6.24509e+06	4.13888e-279
6.24519e+06	1.1463e-280
6.24529e+06	3.14321e-282
6.24539e+06	8.53304e-284
6.24549e+06	2.29346e-285
6.24559e+06	6.1029e-287
6.24569e+06	1.60782e-288
6.24579e+06	4.1937e-290
6.24589e+06	1.08296e-291
6.24599e+06	2.76876e-293
6.24609e+06	7.00836e-295
6.24619e+06	1.75632e-296
6.24629e+06	4.3576e-298
6.24639e+06	1.07041e-299
6.24649e+06	2.6032e-301
6.24659e+06	6.2679e-303
6.24669e+06	1.49415e-304
6.24679e+06	3.52634e-306
6.24689e+06	8.23969e-308
6.24699e+06	1.90614e-309
6.24709e+06	4.36571e-311
6.24719e+06	9.89949e-313
6.24729e+06	2.22243e-314
6.24739e+06	4.93969e-316
6.24749e+06	1.087e-317
6.24759e+06	2.36816e-319
6.24769e+06	5.10864e-321
6.24779e+06	1.13635e-322
6.24789e+06	0
6.24799e+06	0
6.24809e+06	0
6.24819e+06	0
6.24829e+06	0
6.24839e+06	0
6.24849e+06	0
6.24859e+06	0
6.24869e+06	0
6.24879e+06	0
6.24889e+06	0
6.24899e+06	0
6.24909e+06	0
6.24919e+06	0
6.24929e+06	0
6.24939e+06	0
6.24949e+06	0
6.24959e+06	0
6.24969e+06	0
6.24979e+06	0
6.24989e+06	0
6.24999e+06	0
6.25009e+06	0
6.25019e+06	0
6.25029e+06	0
6.25039e+06	0
6.25049e+06	0
6.25059e+06	0
6.25069e+06	0
6.25079e+06	0
6.25089e+06	0
6.25099e+06	0
6.25109e+06	0
6.25119e+06	0
6.25129e+06	0
6.25139e+06	0
6.25149e+06	0
6.25159e+06	0
6.25169e+06	0
6.25179e+06	0
6.25189e+06	0
6.25199e+06	0
6.25209e+06	0
6.25219e+06	0
6.25229e+06	0
6.25239e+06	0
6.25249e+06	0
6.25259e+06	0
6.25269e+06	0
6.25279e+06	0
6.25289e+06	0
6.25299e+06	0
6.25309e+06	0
6.25319e+06	0
6.25329e+06	0
6.25339e+06	0
6.25349e+06	0
6.25359e+06	0
6.25369e+06	0
6.25379e+06	0
6.25389e+06	0
6.25399e+06	0
6.25409e+06	0
6.25419e+06	0
6.25429e+06	0
6.25439e+06	0
6.25449e+06	0
6.25459e+06	0
6.25469e+06	0
6.25479e+06	0
6.25489e+06	0
6.25499e+06	0
6.25509e+06	0
6.25519e+06	0
6.25529e+06	0
6.25539e+06	0
6.25549e+06	0
6.25559e+06	0
6.25569e+06	0
6.25579e+06	0
6.25589e+06	0
6.25599e+06	0
6.25609e+06	0
6.25619e+06	0
6.25629e+06	0
6.25639e+06	0
6.25649e+06	0
6.25659e+06	0
6.25669e+06	0
6.25679e+06	0
6.25689e+06	0
6.25699e+06	0
6.25709e+06	0
6.25719e+06	0
6.25729e+06	0
6.25739e+06	0
6.25749e+06	0
6.25759e+06	0
6.25769e+06	0
6.25779e+06	0
6.25789e+06	0
6.25799e+06	0
6.25809e+06	0
6.25819e+06	0
6.25829e+06	0
6.25839e+06	0
6.25849e+06	0
6.25859e+06	0
6.25869e+06	0
6.25879e+06	0
6.25889e+06	0
6.25899e+06	0
6.25909e+06	0
6.25919e+06	0
6.25929e+06	0
6.25939e+06	0
6.25949e+06	0
6.25959e+06	0
6.25969e+06	0
6.25979e+06	0
6.25989e+06	0
6.25999e+06	0
6.26009e+06	0
6.26019e+06	0
6.26029e+06	0
6.26039e+06	0
6.26049e+06	0
6.26059e+06	0
6.26069e+06	0
6.26079e+06	0
6.26089e+06	0
6.26099e+06	0
6.26109e+06	0
6.26119e+06	0
6.26129e+06	0
6.26139e+06	0
6.26149e+06	0
6.26159e+06	0
6.26169e+06	0
6.26179e+06	0
6.26189e+06	0
6.26199e+06	0
6.26209e+06	0
6.26219e+06	0
6.26229e+06	0
6.26239e+06	0
6.26249e+06	0
6.26259e+06	0
6.26269e+06	0
6.26279e+06	0
6.26289e+06	0
6.26299e+06	0
6.26309e+06	0
6.26319e+06	0
6.26329e+06	0
6.26339e+06	0
6.26349e+06	0
6.26359e+06	0
6.26369e+06	0
6.26379e+06	0
6.26389e+06	0
6.26399e+06	0
6.26409e+06	0
6.26419e+06	0
6.26429e+06	0
6.26439e+06	0
6.26449e+06	0
6.26459e+06	0
6.26469e+06	0
6.26479e+06	0
6.26489e+06	0
6.26499e+06	0
6.26509e+06	0
6.26519e+06	0
6.26529e+06	0
6.26539e+06	0
6.26549e+06	0
6.26559e+06	0
6.26569e+06	0
6.26579e+06	0
6.26589e+06	0
6.26599e+06	0
6.26609e+06	0
6.26619e+06	0
6.26629e+06	0
6.26639e+06	0
6.26649e+06	0
6.26659e+06	0
6.26669e+06	0
6.26679e+06	0
6.26689e+06	0
6.26699e+06	0
6.26709e+06	0
6.26719e+06	0
6.26729e+06	0
6.26739e+06	0
6.26749e+06	0
6.26759e+06	0
6.26769e+06	0
6.26779e+06	0
6.26789e+06	0
6.26799e+06	0
6.26809e+06	0
6.26819e+06	0
6.26829e+06	0
6.26839e+06	0
6.26849e+06	0
6.26859e+06	0
6.26869e+06	0
6.26879e+06	0
6.26889e+06	0
6.26899e+06	0
6.26909e+06	0
6.26919e+06	0
6.26929e+06	0
6.26939e+06	0
6.26949e+06	0
6.26959e+06	0
6.26969e+06	0
6.26979e+06	0
6.26989e+06	0
6.26999e+06	0
6.27009e+06	0
6.27019e+06	0
6.27029e+06	0
6.27039e+06	0
6.27049e+06	0
6.27059e+06	0
6.27069e+06	0
6.27079e+06	0
6.27089e+06	0
6.27099e+06	0
6.27109e+06	0
6.27119e+06	0
6.27129e+06	0
6.27139e+06	0
6.27149e+06	0
6.27159e+06	0
6.27169e+06	0
6.27179e+06	0
6.27189e+06	0
6.27199e+06	0
6.27209e+06	0
6.27219e+06	0
6.27229e+06	0
6.27239e+06	0
6.27249e+06	0
6.27259e+06	0
6.27269e+06	0
6.27279e+06	0
6.27289e+06	0
6.27299e+06	0
6.27309e+06	0
6.27319e+06	0
6.27329e+06	0
6.27339e+06	0
6.27349e+06	0
6.27359e+06	0
6.27369e+06	0
6.27379e+06	0
6.27389e+06	0
6.27399e+06	0
6.27409e+06	0
6.27419e+06	0
6.27429e+06	0
6.27439e+06	0
6.27449e+06	0
6.27459e+06	0
6.27469e+06	0
6.27479e+06	0
6.27489e+06	0
6.27499e+06	0
6.27509e+06	0
6.27519e+06	0
6.27529e+06	0
6.27539e+06	0
6.27549e+06	0
6.27559e+06	0
6.27569e+06	0
6.27579e+06	0
6.27589e+06	0
6.27599e+06	0
6.27609e+06	0
6.27619e+06	0
6.27629e+06	0
6.27639e+06	0
6.27649e+06	0
6.27659e+06	0
6.27669e+06	0
6.27679e+06	0
6.27689e+06	0
6.27699e+06	0
6.27709e+06	0
6.27719e+06	0
6.27729e+06	0
6.27739e+06	0
6.27749e+06	0
6.27759e+06	0
6.27769e+06	0
6.27779e+06	0
6.27789e+06	0
6.27799e+06	0
6.27809e+06	0
6.27819e+06	0
6.27829e+06	0
6.27839e+06	0
6.27849e+06	0
6.27859e+06	0
6.27869e+06	0
6.27879e+06	0
6.27889e+06	0
6.27899e+06	0
6.27909e+06	0
6.27919e+06	0
6.27929e+06	0
6.27939e+06	0
6.27949e+06	0
6.27959e+06	0
6.27969e+06	0
6.27979e+06	0
6.27989e+06	0
6.27999e+06	0
6.28009e+06	0
6.28019e+06	0
6.28029e+06	0
6.28039e+06	0
6.28049e+06	0
6.28059e+06	0
6.28069e+06	0
6.28079e+06	0
6.28089e+06	0
6.28099e+06	0
6.28109e+06	0
6.28119e+06	0
6.28129e+06	0
6.28139e+06	0
6.28149e+06	0
6.28159e+06	0
6.28169e+06	0
6.28179e+06	0
6.28189e+06	0
6.28199e+06	0
6.28209e+06	0
6.28219e+06	0
6.28229e+06	0
6.28239e+06	0
6.28249e+06	0
6.28259e+06	0
6.28269e+06	0
6.28279e+06	0
6.28289e+06	0
6.28299e+06	0
6.28309e+06	0
6.28319e+06	0
6.28329e+06	0
6.28339e+06	0
6.28349e+06	0
6.28359e+06	0
6.28369e+06	0
6.28379e+06	0
6.28389e+06	0
6.28399e+06	0
6.28409e+06	0
6.28419e+06	0
6.28429e+06	0
6.28439e+06	0
6.28449e+06	0
6.28459e+06	0
6.28469e+06	0
6.28479e+06	0
6.28489e+06	0
6.28499e+06	0
6.28509e+06	0
6.28519e+06	0
6.28529e+06	0
6.28539e+06	0
6.28549e+06	0
6.28559e+06	0
6.28569e+06	0
6.28579e+06	0
6.28589e+06	0
6.28599e+06	0
6.28609e+06	0
6.28619e+06	0
6.28629e+06	0
6.28639e+06	0
6.28649e+06	0
6.28659e+06	0
6.28669e+06	0
6.28679e+06	0
6.28689e+06	0
6.28699e+06	0
6.28709e+06	0
6.28719e+06	0
6.28729e+06	0
6.28739e+06	0
6.28749e+06	0
6.28759e+06	0
6.28769e+06	0
6.28779e+06	0
6.28789e+06	0
6.28799e+06	0
6.28809e+06	0
6.28819e+06	0
6.28829e+06	0
6.28839e+06	0
6.28849e+06	0
6.28859e+06	0
6.28869e+06	0
6.28879e+06	0
6.28889e+06	0
6.28899e+06	0
6.28909e+06	0
6.28919e+06	0
6.28929e+06	0
6.28939e+06	0
6.28949e+06	0
6.28959e+06	0
6.28969e+06	0
6.28979e+06	0
6.28989e+06	0
6.28999e+06	0
6.29009e+06	0
6.29019e+06	0
6.29029e+06	0
6.29039e+06	0
6.29049e+06	0
6.29059e+06	0
6.29069e+06	0
6.29079e+06	0
6.29089e+06	0
6.29099e+06	0
6.29109e+06	0
6.29119e+06	0
6.29129e+06	0
6.29139e+06	0
6.29149e+06	0
6.29159e+06	0
6.29169e+06	0
6.29179e+06	0
6.29189e+06	0
6.29199e+06	0
6.29209e+06	0
6.29219e+06	0
6.29229e+06	0
6.29239e+06	0
6.29249e+06	0
6.29259e+06	0
6.29269e+06	0
6.29279e+06	0
6.29289e+06	0
6.29299e+06	0
6.29309e+06	0
6.29319e+06	0
6.29329e+06	0
6.29339e+06	0
6.29349e+06	0
6.29359e+06	0
6.29369e+06	0
6.29379e+06	0
6.29389e+06	0
6.29399e+06	0
6.29409e+06	0
6.29419e+06	0
6.29429e+06	0
6.29439e+06	0
6.29449e+06	0
6.29459e+06	0
6.29469e+06	0
6.29479e+06	0
6.29489e+06	0
6.29499e+06	0
6.29509e+06	0
6.29519e+06	0
6.29529e+06	0
6.29539e+06	0
6.29549e+06	0
6.29559e+06	0
6.29569e+06	0
6.29579e+06	0
6.29589e+06	0
6.29599e+06	0
6.29609e+06	0
6.29619e+06	0
6.29629e+06	0
6.29639e+06	0
6.29649e+06	0
6.29659e+06	0
6.29669e+06	0
6.29679e+06	0
6.29689e+06	0
6.29699e+06	0
6.29709e+06	0
6.29719e+06	0
6.29729e+06	0
6.29739e+06	0
6.29749e+06	0
6.29759e+06	0
6.29769e+06	0
6.29779e+06	0
6.29789e+06	0
6.29799e+06	0
6.29809e+06	0
6.29819e+06	0
6.29829e+06	0
6.29839e+06	0
6.29849e+06	0
6.29859e+06	0
6.29869e+06	0
6.29879e+06	0
6.29889e+06	0
6.29899e+06	0
6.29909e+06	0
6.29919e+06	0
6.29929e+06	0
6.29939e+06	0
6.29949e+06	0
6.29959e+06	0
6.29969e+06	0
6.29979e+06	0
6.29989e+06	0
6.29999e+06	0
6.30009e+06	0
6.30019e+06	0
6.30029e+06	0
6.30039e+06	0
6.30049e+06	0
6.30059e+06	0
6.30069e+06	0
6.30079e+06	0
6.30089e+06	0
6.30099e+06	0
6.30109e+06	0
6.30119e+06	0
6.30129e+06	0
6.30139e+06	0
6.30149e+06	0
6.30159e+06	0
6.30169e+06	0
6.30179e+06	0
6.30189e+06	0
6.30199e+06	0
6.30209e+06	0
6.30219e+06	0
6.30229e+06	0
6.30239e+06	4.94066e-324
6.30249e+06	3.0138e-322
6.30259e+06	1.40512e-320
6.30269e+06	6.49726e-319
6.30279e+06	2.97476e-317
6.30289e+06	1.34843e-315
6.30299e+06	6.05152e-314
6.30309e+06	2.68879e-312
6.30319e+06	1.18278e-310
6.30329e+06	5.15123e-309
6.30339e+06	2.22113e-307
6.30349e+06	9.48186e-306
6.30359e+06	4.00747e-304
6.30369e+06	1.67689e-302
6.30379e+06	6.94698e-301
6.30389e+06	2.84934e-299
6.30399e+06	1.15704e-297
6.30409e+06	4.6517e-296
6.30419e+06	1.85153e-294
6.30429e+06	7.29638e-293
6.30439e+06	2.84669e-291
6.30449e+06	1.09959e-289
6.30459e+06	4.20512e-288
6.30469e+06	1.59215e-286
6.30479e+06	5.96822e-285
6.30489e+06	2.21495e-283
6.30499e+06	8.13841e-282
6.30509e+06	2.96055e-280
6.30519e+06	1.06626e-278
6.30529e+06	3.80197e-277
6.30539e+06	1.34219e-275
6.30549e+06	4.69109e-274
6.30559e+06	1.62328e-272
6.30569e+06	5.56119e-271
6.30579e+06	1.88625e-269
6.30589e+06	6.33416e-268
6.30599e+06	2.10589e-266
6.30609e+06	6.93168e-265
6.30619e+06	2.25891e-263
6.30629e+06	7.28814e-262
6.30639e+06	2.32804e-260
6.30649e+06	7.36245e-259
6.30659e+06	2.30521e-257
6.30669e+06	7.1459e-256
6.30679e+06	2.19311e-254
6.30689e+06	6.66376e-253
6.30699e+06	2.00464e-251
6.30709e+06	5.9705e-250
6.30719e+06	1.76052e-248
6.30729e+06	5.1396e-247
6.30739e+06	1.48551e-245
6.30749e+06	4.25086e-244
6.30759e+06	1.2043e-242
6.30769e+06	3.37794e-241
6.30779e+06	9.38049e-240
6.30789e+06	2.57903e-238
6.30799e+06	7.0201e-237
6.30809e+06	1.89185e-235
6.30819e+06	5.04765e-234
6.30829e+06	1.33336e-232
6.30839e+06	3.48709e-231
6.30849e+06	9.02893e-230
6.30859e+06	2.31455e-228
6.30869e+06	5.87425e-227
6.30879e+06	1.47603e-225
6.30889e+06	3.67196e-224
6.30899e+06	9.0439e-223
6.30909e+06	2.20531e-221
6.30919e+06	5.32406e-220
6.30929e+06	1.27254e-218
6.30939e+06	3.01133e-217
6.30949e+06	7.05507e-216
6.30959e+06	1.63645e-214
6.30969e+06	3.75802e-213
6.30979e+06	8.54424e-212
6.30989e+06	1.92329e-210
6.30999e+06	4.28621e-209
6.31009e+06	9.45712e-208
6.31019e+06	2.06586e-206
6.31029e+06	4.46788e-205
6.31039e+06	9.56661e-204
6.31049e+06	2.02802e-202
6.31059e+06	4.2564e-201
6.31069e+06	8.84444e-200
6.31079e+06	1.81951e-198
6.31089e+06	3.70593e-197
6.31099e+06	7.47303e-196
6.31109e+06	1.49194e-194
6.31119e+06	2.94894e-193
6.31129e+06	5.7708e-192
6.31139e+06	1.11806e-190
6.31149e+06	2.14461e-189
6.31159e+06	4.07276e-188
6.31169e+06	7.65751e-187
6.31179e+06	1.42542e-185
6.31189e+06	2.62697e-184
6.31199e+06	4.7932e-183
6.31209e+06	8.65869e-182
6.31219e+06	1.54859e-180
6.31229e+06	2.74206e-179
6.31239e+06	4.80701e-178
6.31249e+06	8.34314e-177
6.31259e+06	1.43364e-175
6.31269e+06	2.43899e-174
6.31279e+06	4.10806e-173
6.31289e+06	6.85046e-172
6.31299e+06	1.13099e-170
6.31309e+06	1.84866e-169
6.31319e+06	2.99165e-168
6.31329e+06	4.79317e-167
6.31339e+06	7.60311e-166
6.31349e+06	1.19403e-164
6.31359e+06	1.85652e-163
6.31369e+06	2.85785e-162
6.31379e+06	4.35547e-161
6.31389e+06	6.57187e-160
6.31399e+06	9.81747e-159
6.31409e+06	1.452e-157
6.31419e+06	2.12614e-156
6.31429e+06	3.0823e-155
6.31439e+06	4.42398e-154
6.31449e+06	6.2865e-153
6.31459e+06	8.84428e-152
6.31469e+06	1.23189e-150
6.31479e+06	1.69879e-149
6.31489e+06	2.31934e-148
6.31499e+06	3.13505e-147
6.31509e+06	4.1955e-146
6.31519e+06	5.55877e-145
6.31529e+06	7.29174e-144
6.31539e+06	9.4698e-143
6.31549e+06	1.21761e-141
6.31559e+06	1.55e-140
6.31569e+06	1.95349e-139
6.31579e+06	2.43753e-138
6.31589e+06	3.01123e-137
6.31599e+06	3.68295e-136
6.31609e+06	4.45969e-135
6.31619e+06	5.34652e-134
6.31629e+06	6.34591e-133
6.31639e+06	7.45717e-132
6.31649e+06	8.67583e-131
6.31659e+06	9.99322e-130
6.31669e+06	1.13961e-128
6.31679e+06	1.28666e-127
6.31689e+06	1.43824e-126
6.31699e+06	1.59167e-125
6.31709e+06	1.74394e-124
6.31719e+06	1.89177e-123
6.31729e+06	2.03171e-122
6.31739e+06	2.16029e-121
6.31749e+06	2.27416e-120
6.31759e+06	2.3702e-119
6.31769e+06	2.44572e-118
6.31779e+06	2.49854e-117
6.31789e+06	2.52709e-116
6.31799e+06	2.53055e-115
6.31809e+06	2.50879e-114
6.31819e+06	2.46247e-113
6.31829e+06	2.39296e-112
6.31839e+06	2.30227e-111
6.31849e+06	2.19298e-110
6.31859e+06	2.06809e-109
6.31869e+06	1.93091e-108
6.31879e+06	1.78489e-107
6.31889e+06	1.6335e-106
6.31899e+06	1.48007e-105
6.31909e+06	1.32771e-104
6.31919e+06	1.17918e-103
6.31929e+06	1.03685e-102
6.31939e+06	9.02623e-102
6.31949e+06	7.77956e-101
6.31959e+06	6.63836e-100
6.31969e+06	5.60821e-99
6.31979e+06	4.69077e-98
6.31989e+06	3.88437e-97
6.31999e+06	3.1846e-96
6.32009e+06	2.58491e-95
6.32019e+06	2.07728e-94
6.32029e+06	1.65272e-93
6.32039e+06	1.30185e-92
6.32049e+06	1.01527e-91
6.32059e+06	7.83894e-91
6.32069e+06	5.99226e-90
6.32079e+06	4.53504e-89
6.32089e+06	3.39804e-88
6.32099e+06	2.52077e-87
6.32109e+06	1.85138e-86
6.32119e+06	1.34621e-85
6.32129e+06	9.69147e-85
6.32139e+06	6.90752e-84
6.32149e+06	4.8743e-83
6.32159e+06	3.40533e-82
6.32169e+06	2.35539e-81
6.32179e+06	1.61296e-80
6.32189e+06	1.09356e-79
6.32199e+06	7.34036e-79
6.32209e+06	4.87809e-78
6.32219e+06	3.20951e-77
6.32229e+06	2.09067e-76
6.32239e+06	1.34831e-75
6.32249e+06	8.60893e-75
6.32259e+06	5.4421e-74
6.32269e+06	3.40597e-73
6.32279e+06	2.11044e-72
6.32289e+06	1.29468e-71
6.32299e+06	7.86334e-71
6.32309e+06	4.72835e-70
6.32319e+06	2.81494e-69
6.32329e+06	1.65915e-68
6.32339e+06	9.68189e-68
6.32349e+06	5.5936e-67
6.32359e+06	3.19948e-66
6.32369e+06	1.81186e-65
6.32379e+06	1.01584e-64
6.32389e+06	5.63879e-64
6.32399e+06	3.09886e-63
6.32409e+06	1.68607e-62
6.32419e+06	9.08251e-62
6.32429e+06	4.84388e-61
6.32439e+06	2.55763e-60
6.32449e+06	1.33702e-59
6.32459e+06	6.91987e-59
6.32469e+06	3.54579e-58
6.32479e+06	1.79881e-57
6.32489e+06	9.03474e-57
6.32499e+06	4.49265e-56
6.32509e+06	2.2118e-55
6.32519e+06	1.07807e-54
6.32529e+06	5.20242e-54
6.32539e+06	2.48554e-53
6.32549e+06	1.17569e-52
6.32559e+06	5.50582e-52
6.32569e+06	2.55275e-51
6.32579e+06	1.17179e-50
6.32589e+06	5.32539e-50
6.32599e+06	2.39612e-49
6.32609e+06	1.06739e-48
6.32619e+06	4.70755e-48
6.32629e+06	2.05553e-47
6.32639e+06	8.88605e-47
6.32649e+06	3.80322e-46
6.32659e+06	1.61158e-45
6.32669e+06	6.76095e-45
6.32679e+06	2.80816e-44
6.32689e+06	1.15476e-43
6.32699e+06	4.70133e-43
6.32709e+06	1.89498e-42
6.32719e+06	7.56219e-42
6.32729e+06	2.98776e-41
6.32739e+06	1.1687e-40
6.32749e+06	4.52601e-40
6.32759e+06	1.73535e-39
6.32769e+06	6.58739e-39
6.32779e+06	2.4757e-38
6.32789e+06	9.21168e-38
6.32799e+06	3.39342e-37
6.32809e+06	1.23764e-36
6.32819e+06	4.46895e-36
6.32829e+06	1.59763e-35
6.32839e+06	5.6546e-35
6.32849e+06	1.98146e-34
6.32859e+06	6.87427e-34
6.32869e+06	2.36115e-33
6.32879e+06	8.02933e-33
6.32889e+06	2.70328e-32
6.32899e+06	9.01073e-32
6.32909e+06	2.97363e-31
6.32919e+06	9.71559e-31
6.32929e+06	3.14275e-30
6.32939e+06	1.00648e-29
6.32949e+06	3.19125e-29
6.32959e+06	1.00178e-28
6.32969e+06	3.11344e-28
6.32979e+06	9.58002e-28
6.32989e+06	2.91843e-27
6.32999e+06	8.80214e-27
6.33009e+06	2.62836e-26
6.33019e+06	7.77031e-26
6.33029e+06	2.27431e-25
6.33039e+06	6.59048e-25
6.33049e+06	1.89078e-24
6.33059e+06	5.37061e-24
6.33069e+06	1.5103e-23
6.33079e+06	4.20493e-23
6.33089e+06	1.15908e-22
6.33099e+06	3.16317e-22
6.33109e+06	8.54652e-22
6.33119e+06	2.2862e-21
6.33129e+06	6.05473e-21
6.33139e+06	1.58757e-20
6.33149e+06	4.12124e-20
6.33159e+06	1.05921e-19
6.33169e+06	2.6952e-19
6.33179e+06	6.7898e-19
6.33189e+06	1.69348e-18
6.33199e+06	4.18178e-18
6.33209e+06	1.02235e-17
6.33219e+06	2.47454e-17
6.33229e+06	5.92988e-17
6.33239e+06	1.40687e-16
6.33249e+06	3.30461e-16
6.33259e+06	7.68499e-16
6.33269e+06	1.76939e-15
6.33279e+06	4.0333e-15
6.33289e+06	9.10237e-15
6.33299e+06	2.03379e-14
6.33309e+06	4.49898e-14
6.33319e+06	9.85325e-14
6.33329e+06	2.1365e-13
6.33339e+06	4.5865e-13
6.33349e+06	9.74805e-13
6.33359e+06	2.05122e-12
6.33369e+06	4.27329e-12
6.33379e+06	8.81393e-12
6.33389e+06	1.79984e-11
6.33399e+06	3.63878e-11
6.33409e+06	7.28341e-11
6.33419e+06	1.44335e-10
6.33429e+06	2.83181e-10
6.33439e+06	5.50065e-10
6.33449e+06	1.05784e-09
6.33459e+06	2.01412e-09
6.33469e+06	3.7967e-09
6.33479e+06	7.08573e-09
6.33489e+06	1.30924e-08
6.33499e+06	2.39504e-08
6.33509e+06	4.33772e-08
6.33519e+06	7.778e-08
6.33529e+06	1.3808e-07
6.33539e+06	2.4269e-07
6.33549e+06	4.22308e-07
6.33559e+06	7.27552e-07
6.33569e+06	1.24095e-06
6.33579e+06	2.09558e-06
6.33589e+06	3.50357e-06
6.33599e+06	5.79927e-06
6.33609e+06	9.50371e-06
6.33619e+06	1.54195e-05
6.33629e+06	2.47688e-05
6.33639e+06	3.93908e-05
6.33649e+06	6.20217e-05
6.33659e+06	9.66827e-05
6.33669e+06	0.000149214
6.33679e+06	0.000227998
6.33689e+06	0.000344911
6.33699e+06	0.000516583
6.33709e+06	0.000766003
6.33719e+06	0.00112455
6.33729e+06	0.00163449
6.33739e+06	0.00235204
6.33749e+06	0.00335091
6.33759e+06	0.00472649
6.33769e+06	0.00660042
6.33779e+06	0.0091256
6.33789e+06	0.0124913
6.33799e+06	0.0169283
6.33809e+06	0.0227129
6.33819e+06	0.0301711
6.33829e+06	0.0396795
6.33839e+06	0.0516653
6.33849e+06	0.0666021
6.33859e+06	0.085003
6.33869e+06	0.107408
6.33879e+06	0.134369
6.33889e+06	0.166424
6.33899e+06	0.204075
6.33909e+06	0.247755
6.33919e+06	0.29779
6.33929e+06	0.354369
6.33939e+06	0.417502
6.33949e+06	0.486988
6.33959e+06	0.562387
6.33969e+06	0.642998
6.33979e+06	0.727848
6.33989e+06	0.815696
6.33999e+06	0.905052
6.34009e+06	0.994204
6.34019e+06	1.08127
6.34029e+06	1.16426
6.34039e+06	1.24115
6.34049e+06	1.30995
6.34059e+06	1.36881
6.34069e+06	1.41608
6.34079e+06	1.4504
6.34089e+06	1.47078
6.34099e+06	1.4766
6.34109e+06	1.46769
6.34119e+06	1.44432
6.34129e+06	1.40719
6.34139e+06	1.35736
6.34149e+06	1.29627
6.34159e+06	1.22562
6.34169e+06	1.14728
6.34179e+06	1.06326
6.34189e+06	0.975597
6.34199e+06	0.886251
6.34209e+06	0.797077
6.34219e+06	0.709742
6.34229e+06	0.625688
6.34239e+06	0.5461
6.34249e+06	0.471893
6.34259e+06	0.403712
6.34269e+06	0.341946
6.34279e+06	0.286748
6.34289e+06	0.238067
6.34299e+06	0.195685
6.34309e+06	0.159247
6.34319e+06	0.128304
6.34329e+06	0.102346
6.34339e+06	0.0808266
6.34349e+06	0.063197
6.34359e+06	0.048921
6.34369e+06	0.0374931
6.34379e+06	0.0284488
6.34389e+06	0.0213715
6.34399e+06	0.0158951
6.34409e+06	0.0117043
6.34419e+06	0.00853273
6.34429e+06	0.00615866
6.34439e+06	0.0044009
6.34449e+06	0.00311354
6.34459e+06	0.00218084
6.34469e+06	0.00151234
6.34479e+06	0.00103833
6.34489e+06	0.00070579
6.34499e+06	0.000474978
6.34509e+06	0.000316467
6.34519e+06	0.000208756
6.34529e+06	0.000136335
6.34539e+06	8.81526e-05
6.34549e+06	5.6431e-05
6.34559e+06	3.5765e-05
6.34569e+06	2.24417e-05
6.34579e+06	1.39415e-05
6.34589e+06	8.57474e-06
