631361	7.67479e-06
631461	1.25905e-05
631561	2.04491e-05
631661	3.28825e-05
631761	5.23494e-05
631861	8.25118e-05
631961	0.000128759
632061	0.000198928
632161	0.000304278
632261	0.000460789
632361	0.000690863
632461	0.00102551
632561	0.0015071
632661	0.00219281
632761	0.00315878
632861	0.00450499
632961	0.006361
633061	0.0088923
633161	0.0123072
633261	0.0168641
633361	0.0228782
633461	0.0307284
633561	0.0408614
633661	0.0537953
633761	0.0701184
633861	0.0904851
633961	0.115606
634061	0.146231
634161	0.183128
634261	0.227054
634361	0.278714
634461	0.338724
634561	0.407559
634661	0.485503
634761	0.572599
634861	0.6686
634961	0.772928
635061	0.884644
635161	1.00243
635261	1.1246
635361	1.24911
635461	1.37359
635561	1.49545
635661	1.61193
635761	1.72018
635861	1.81744
635961	1.9011
636061	1.96881
636161	2.01865
636261	2.04916
636361	2.05943
636461	2.04916
636561	2.01865
636661	1.96881
636761	1.9011
636861	1.81744
636961	1.72018
637061	1.61193
637161	1.49545
637261	1.37359
637361	1.24911
637461	1.1246
637561	1.00243
637661	0.884644
637761	0.772928
637861	0.6686
637961	0.572599
638061	0.485503
638161	0.407559
638261	0.338724
638361	0.278714
638461	0.227054
638561	0.183128
638661	0.146231
638761	0.115606
638861	0.0904851
638961	0.0701184
639061	0.0537953
639161	0.0408614
639261	0.0307284
639361	0.0228782
639461	0.0168641
639561	0.0123072
639661	0.0088923
639761	0.006361
639861	0.00450499
639961	0.00315878
640061	0.00219281
640161	0.0015071
640261	0.00102551
640361	0.000690863
640461	0.000460789
640561	0.000304278
640661	0.000198928
640761	0.000128759
640861	8.25118e-05
640961	5.23494e-05
641061	3.28825e-05
641161	2.04491e-05
641261	1.25905e-05
641361	7.67479e-06
641461	4.63178e-06
641561	2.76749e-06
641661	1.63712e-06
641761	9.58813e-07
641861	5.5596e-07
641961	3.19161e-07
642061	1.81398e-07
642161	1.02074e-07
642261	5.68659e-08
642361	3.13651e-08
642461	1.71277e-08
642561	9.25993e-09
642661	4.95648e-09
642761	2.62662e-09
642861	1.37809e-09
642961	7.15836e-10
643061	3.68136e-10
643161	1.87439e-10
643261	9.4486e-11
643361	4.71555e-11
643461	2.33e-11
643561	1.13982e-11
643661	5.52041e-12
643761	2.64707e-12
643861	1.25665e-12
643961	5.9064e-13
644061	2.74845e-13
644161	1.26622e-13
644261	5.77548e-14
644361	2.6081e-14
644461	1.16605e-14
644561	5.16139e-15
644661	2.2619e-15
644761	9.81382e-16
644861	4.2156e-16
644961	1.79282e-16
645061	7.54871e-17
645161	3.14677e-17
645261	1.29872e-17
645361	5.30666e-18
645461	2.14677e-18
645561	8.59815e-19
645661	3.40944e-19
645761	1.3385e-19
645861	5.20246e-20
645961	2.00197e-20
646061	7.62717e-21
646161	2.87691e-21
646261	1.07435e-21
646361	3.97213e-22
646461	1.45398e-22
646561	5.26925e-23
646661	1.89059e-23
646761	6.71588e-24
646861	2.36195e-24
646961	8.2252e-25
647061	2.83878e-25
647161	9.7918e-26
647261	3.62517e-26
647361	2.17468e-26
647461	3.61466e-26
647561	9.80775e-26
647661	2.8615e-25
647761	8.34569e-25
647861	2.41241e-24
647961	6.90474e-24
648061	1.95662e-23
648161	5.48939e-23
648261	1.52475e-22
648361	4.19304e-22
648461	1.14161e-21
648561	3.07725e-21
648661	8.21231e-21
648761	2.16983e-20
648861	5.67599e-20
648961	1.46999e-19
649061	3.76917e-19
649161	9.56827e-19
649261	2.4048e-18
649361	5.98384e-18
649461	1.47414e-17
649561	3.59546e-17
649661	8.68216e-17
649761	2.07567e-16
649861	4.91298e-16
649961	1.1513e-15
650061	2.6711e-15
650161	6.13548e-15
650261	1.39529e-14
650361	3.14149e-14
650461	7.0027e-14
650561	1.54544e-13
650661	3.37673e-13
650761	7.3046e-13
650861	1.56442e-12
650961	3.31718e-12
651061	6.96371e-12
651161	1.44734e-11
651261	2.97821e-11
651361	6.06734e-11
651461	1.22376e-10
651561	2.44374e-10
651661	4.83136e-10
651761	9.45671e-10
651861	1.8326e-09
651961	3.51604e-09
652061	6.67876e-09
652161	1.25602e-08
652261	2.33858e-08
652361	4.31087e-08
652461	7.86748e-08
652561	1.42155e-07
652661	2.54301e-07
652761	4.50391e-07
652861	7.89748e-07
652961	1.37102e-06
653061	2.35644e-06
653161	4.00984e-06
653261	6.75545e-06
653361	1.12678e-05
653461	1.86071e-05
653561	3.04213e-05
653661	4.92416e-05
653761	7.89123e-05
653861	0.000125203
653961	0.000196671
654061	0.000305861
654161	0.000470938
654261	0.000717896
654361	0.00108347
654461	0.00161893
654561	0.00239495
654661	0.0035077
654761	0.00508634
654861	0.00730205
654961	0.0103787
655061	0.0146048
655161	0.0203473
655261	0.0280656
655361	0.0383266
655461	0.0518182
655561	0.069362
655661	0.0919216
655761	0.120607
655861	0.156668
655961	0.201488
656061	0.256551
656161	0.323411
656261	0.40364
656361	0.498757
656461	0.610158
656561	0.739013
656661	0.886173
656761	1.05207
656861	1.23658
656961	1.439
657061	1.65789
657161	1.89108
657261	2.13559
657361	2.38772
657461	2.64306
657561	2.8966
657661	3.14286
657761	3.37613
657861	3.59063
657961	3.78077
658061	3.94135
658161	4.06788
658261	4.15669
658361	4.20518
658461	4.2119
658561	4.17666
658661	4.1005
658761	3.98568
658861	3.83552
658961	3.65429
659061	3.44699
659161	3.21909
659261	2.97634
659361	2.72452
659461	2.46919
659561	2.21552
659661	1.96813
659761	1.73097
659861	1.50724
659961	1.29937
660061	1.10902
660161	0.937137
660261	0.784014
660361	0.649384
660461	0.532521
660561	0.432343
660661	0.347518
660761	0.276557
660861	0.217895
660961	0.169968
661061	0.131264
661161	0.100364
661261	0.0759749
661361	0.0569402
661461	0.0422498
661561	0.0310375
661661	0.0225739
661761	0.0162549
661861	0.0115882
661961	0.00817914
662061	0.00571551
662161	0.00395421
662261	0.00270846
662361	0.00183671
662461	0.00123315
662561	0.000819691
662661	0.000539437
662761	0.000351469
662861	0.000226721
662961	0.000144795
663061	9.15528e-05
663161	5.73122e-05
663261	3.55205e-05
663361	2.17956e-05
663461	1.32408e-05
663561	7.96378e-06
663661	4.7422e-06
663761	2.79575e-06
663861	1.63182e-06
663961	9.42984e-07
664061	5.39502e-07
664161	3.0559e-07
664261	1.71373e-07
664361	9.51486e-08
664461	5.23022e-08
664561	2.84639e-08
664661	1.53365e-08
664761	8.18113e-09
664861	4.32075e-09
664961	2.25923e-09
665061	1.16956e-09
665161	5.99428e-10
665261	3.04166e-10
665361	1.52806e-10
665461	7.60027e-11
665561	3.7426e-11
665661	1.82463e-11
665761	8.80713e-12
665861	4.20873e-12
665961	1.99124e-12
666061	9.32725e-13
666161	4.32554e-13
666261	1.98603e-13
666361	9.02788e-14
666461	4.06298e-14
666561	1.81034e-14
666661	7.98605e-15
666761	3.48788e-15
666861	1.50816e-15
666961	6.45641e-16
667061	2.73648e-16
667161	1.14828e-16
667261	4.7705e-17
667361	1.96217e-17
667461	7.99033e-18
667561	3.22144e-18
667661	1.28586e-18
667761	5.08152e-19
667861	1.98816e-19
667961	7.70131e-20
668061	2.95349e-20
668161	1.12141e-20
668261	4.2155e-21
668361	1.56889e-21
668461	5.78084e-22
668561	2.10886e-22
668661	7.61659e-23
668761	2.72352e-23
668861	9.64182e-24
668961	3.37943e-24
669061	1.1727e-24
669161	4.02888e-25
669261	1.37038e-25
669361	4.6148e-26
669461	1.53859e-26
669561	5.07866e-27
669661	1.65971e-27
669761	5.37e-28
669861	1.72018e-28
669961	5.45542e-29
670061	1.71293e-29
670161	5.32487e-30
670261	1.63884e-30
670361	4.99366e-31
670461	1.50647e-31
670561	4.49943e-32
670661	1.33049e-32
670761	3.89514e-33
670861	1.12899e-33
670961	3.2398e-34
671061	9.20451e-35
671161	2.58905e-35
671261	7.21003e-36
671361	1.98788e-36
671461	5.42628e-37
671561	1.46646e-37
671661	3.9237e-38
671761	1.03939e-38
671861	2.72594e-39
671961	7.07804e-40
672061	1.81956e-40
672161	4.63102e-41
672261	1.16693e-41
672361	2.91118e-42
672461	7.19036e-43
672561	1.75828e-43
672661	4.25681e-44
672761	1.02032e-44
672861	2.42129e-45
672961	5.68871e-46
673061	1.32324e-46
673161	3.04733e-47
673261	6.94795e-48
673361	1.56838e-48
673461	3.50513e-49
673561	7.75556e-50
673661	1.69895e-50
673761	3.68471e-51
673861	7.91194e-52
673961	1.68198e-52
674061	3.5401e-53
674161	7.37677e-54
674261	1.52186e-54
674361	3.10843e-55
674461	6.28584e-56
674561	1.25847e-56
674661	2.49448e-57
674761	4.89524e-58
674861	9.51096e-59
674961	1.8295e-59
675061	3.48415e-60
675161	6.56931e-61
675261	1.22631e-61
675361	2.26639e-62
675461	4.14694e-63
675561	7.51239e-64
675661	1.34737e-64
675761	2.39249e-65
675861	4.20602e-66
675961	7.32065e-67
676061	1.26149e-67
676161	2.15218e-68
676261	3.63519e-69
676361	6.07903e-70
676461	1.00646e-70
676561	1.64975e-71
676661	2.6773e-72
676761	4.30162e-73
676861	6.84264e-74
676961	1.07764e-74
677061	1.68027e-75
677161	2.59383e-76
677261	3.96426e-77
677361	5.99846e-78
677461	8.98616e-79
677561	1.3328e-79
677661	1.9571e-80
677761	2.84524e-81
677861	4.09526e-82
677961	5.83581e-83
678061	8.23338e-84
678161	1.15004e-84
678261	1.59039e-85
678361	2.17746e-86
678461	2.95158e-87
678561	3.96111e-88
678661	5.26303e-89
678761	6.92328e-90
678861	9.01665e-91
678961	1.16261e-91
679061	1.48417e-92
679161	1.8758e-93
679261	2.34719e-94
679361	2.90781e-95
679461	3.5665e-96
679561	4.33086e-97
679661	5.20672e-98
679761	6.19742e-99
679861	7.30322e-100
679961	8.52069e-101
680061	9.84221e-102
680161	1.12556e-102
680261	1.27438e-103
680361	1.42853e-104
680461	1.58538e-105
680561	1.74196e-106
680661	1.89495e-107
680761	2.04087e-108
680861	2.17615e-109
680961	2.29731e-110
681061	2.40109e-111
681161	2.48458e-112
681261	2.5454e-113
681361	2.58176e-114
681461	2.59258e-115
681561	2.57754e-116
681661	2.53709e-117
681761	2.47243e-118
681861	2.38544e-119
681961	2.27861e-120
682061	2.15491e-121
682161	2.01765e-122
682261	1.87033e-123
682361	1.71652e-124
682461	1.55968e-125
682561	1.40307e-126
682661	1.24963e-127
682761	1.10189e-128
682861	9.61954e-130
682961	8.31432e-131
683061	7.11469e-132
683161	6.02757e-133
683261	5.05576e-134
683361	4.19843e-135
683461	3.45179e-136
683561	2.80969e-137
683661	2.26428e-138
683761	1.80659e-139
683861	1.42707e-140
683961	1.11606e-141
684061	8.64148e-143
684161	6.62438e-144
684261	5.02758e-145
684361	3.77773e-146
684461	2.81034e-147
684561	2.06987e-148
684661	1.50934e-149
684761	1.08965e-150
684861	7.78829e-152
684961	5.51132e-153
685061	3.86123e-154
685161	2.67826e-155
685261	1.83924e-156
685361	1.25049e-157
685461	8.41741e-159
685561	5.60963e-160
685661	3.70124e-161
685761	2.41778e-162
685861	1.56367e-163
685961	1.00122e-164
686061	6.34701e-166
686161	3.98352e-167
686261	2.47527e-168
686361	1.52277e-169
686461	9.27479e-171
686561	5.59281e-172
686661	3.33898e-173
686761	1.97358e-174
686861	1.15492e-175
686961	6.69123e-177
687061	3.83811e-178
687161	2.17965e-179
687261	1.2255e-180
687361	6.82174e-182
687461	3.75954e-183
687561	2.05131e-184
687661	1.10812e-185
687761	5.92648e-187
687861	3.13809e-188
687961	1.64509e-189
688061	8.53831e-191
688161	4.38744e-192
688261	2.23207e-193
688361	1.12424e-194
688461	5.60624e-196
688561	2.76783e-197
688661	1.35289e-198
688761	6.54704e-200
688861	3.13678e-201
688961	1.48792e-202
689061	6.98766e-204
689161	3.24894e-205
689261	1.49558e-206
689361	6.81604e-208
689461	3.07548e-209
689561	1.37389e-210
689661	6.0764e-212
689761	2.66072e-213
689861	1.15347e-214
689961	4.95078e-216
690061	2.10376e-217
690161	8.8507e-219
690261	3.6865e-220
690361	1.52023e-221
690461	6.2067e-223
690561	2.50882e-224
690661	1.004e-225
690761	3.97793e-227
690861	1.5604e-228
690961	6.06002e-230
691061	2.33006e-231
691161	8.8699e-233
691261	3.34293e-234
691361	1.24736e-235
691461	4.60801e-237
691561	1.68536e-238
691661	6.1028e-240
691761	2.18787e-241
691861	7.76555e-243
691961	2.72885e-244
692061	9.49389e-246
692161	3.27013e-247
692261	1.11518e-248
692361	3.76513e-250
692461	1.25856e-251
692561	4.16507e-253
692661	1.36467e-254
692761	4.42683e-256
692861	1.42172e-257
692961	4.52055e-259
693061	1.42307e-260
693161	4.43525e-262
693261	1.36857e-263
693361	4.18093e-265
693461	1.26455e-266
693561	3.78666e-268
693661	1.12262e-269
693761	3.2951e-271
693861	9.57546e-273
693961	2.75491e-274
694061	7.84718e-276
694161	2.21297e-277
694261	6.17868e-279
694361	1.70794e-280
694461	4.67418e-282
694561	1.26647e-283
694661	3.39738e-285
694761	9.02297e-287
694861	2.37253e-288
694961	6.17633e-290
695061	1.59186e-291
695161	4.06199e-293
695261	1.02619e-294
695361	2.56671e-296
695461	6.35596e-298
695561	1.55827e-299
695661	3.78234e-301
695761	9.08942e-303
695861	2.16256e-304
695961	5.09399e-306
696061	1.18797e-307
696161	2.74289e-309
696261	6.27002e-311
696361	1.41901e-312
696461	3.17952e-314
696561	7.05332e-316
696661	1.54911e-317
696761	3.36854e-319
696861	7.24794e-321
696961	1.4822e-322
697061	0
697161	0
697261	0
697361	0
697461	0
697561	0
697661	0
697761	0
697861	0
697961	0
698061	0
698161	0
698261	0
698361	0
698461	0
698561	0
698661	0
698761	0
698861	0
698961	0
699061	0
699161	0
699261	0
699361	0
699461	0
699561	0
699661	0
699761	0
699861	0
699961	0
700061	0
700161	0
700261	0
700361	0
700461	0
700561	0
700661	0
700761	0
700861	0
700961	0
701061	0
701161	0
701261	0
701361	0
701461	0
701561	0
701661	0
701761	0
701861	0
701961	0
702061	0
702161	0
702261	0
702361	0
702461	0
702561	0
702661	0
702761	0
702861	0
702961	0
703061	0
703161	0
703261	0
703361	0
703461	0
703561	0
703661	0
703761	0
703861	0
703961	0
704061	0
704161	0
704261	0
704361	0
704461	0
704561	0
704661	0
704761	0
704861	0
704961	0
705061	0
705161	0
705261	0
705361	0
705461	0
705561	0
705661	0
705761	0
705861	0
705961	0
706061	0
706161	0
706261	0
706361	0
706461	0
706561	0
706661	0
706761	0
706861	0
706961	0
707061	0
707161	0
707261	0
707361	0
707461	0
707561	0
707661	0
707761	0
707861	0
707961	0
708061	0
708161	0
708261	0
708361	0
708461	0
708561	0
708661	0
708761	0
708861	0
708961	0
709061	0
709161	0
709261	0
709361	0
709461	0
709561	0
709661	0
709761	0
709861	0
709961	0
710061	0
710161	0
710261	0
710361	0
710461	0
710561	0
710661	0
710761	0
710861	0
710961	0
711061	0
711161	0
711261	0
711361	0
711461	0
711561	0
711661	0
711761	0
711861	0
711961	0
712061	0
712161	0
712261	0
712361	0
712461	0
712561	0
712661	0
712761	0
712861	0
712961	0
713061	0
713161	0
713261	0
713361	0
713461	0
713561	0
713661	0
713761	0
713861	0
713961	0
714061	0
714161	0
714261	0
714361	0
714461	0
714561	0
714661	0
714761	0
714861	0
714961	0
715061	0
715161	0
715261	0
715361	0
715461	0
715561	0
715661	0
715761	0
715861	0
715961	0
716061	0
716161	0
716261	0
716361	0
716461	0
716561	0
716661	0
716761	0
716861	0
716961	0
717061	0
717161	0
717261	0
717361	0
717461	0
717561	0
717661	0
717761	0
717861	0
717961	0
718061	0
718161	0
718261	0
718361	0
718461	0
718561	0
718661	0
718761	0
718861	0
718961	0
719061	0
719161	0
719261	0
719361	0
719461	0
719561	0
719661	0
719761	0
719861	0
719961	0
720061	0
720161	0
720261	0
720361	0
720461	0
720561	0
720661	0
720761	0
720861	0
720961	0
721061	0
721161	0
721261	0
721361	0
721461	0
721561	0
721661	0
721761	0
721861	0
721961	0
722061	0
722161	0
722261	0
722361	0
722461	0
722561	0
722661	0
722761	0
722861	0
722961	0
723061	0
723161	0
723261	0
723361	0
723461	0
723561	0
723661	0
723761	0
723861	0
723961	0
724061	0
724161	0
724261	0
724361	0
724461	0
724561	0
724661	0
724761	0
724861	0
724961	0
725061	0
725161	0
725261	0
725361	0
725461	0
725561	0
725661	0
725761	0
725861	0
725961	0
726061	0
726161	0
726261	0
726361	0
726461	0
726561	0
726661	0
726761	0
726861	0
726961	0
727061	0
727161	0
727261	0
727361	0
727461	0
727561	0
727661	0
727761	0
727861	0
727961	0
728061	0
728161	0
728261	0
728361	0
728461	0
728561	0
728661	0
728761	0
728861	0
728961	0
729061	0
729161	0
729261	0
729361	0
729461	0
729561	0
729661	0
729761	0
729861	0
729961	0
730061	0
730161	0
730261	0
730361	0
730461	0
730561	0
730661	0
730761	0
730861	0
730961	0
731061	0
731161	0
731261	0
731361	0
731461	0
731561	0
731661	0
731761	0
731861	0
731961	0
732061	0
732161	0
732261	0
732361	0
732461	0
732561	0
732661	0
732761	0
732861	0
732961	0
733061	0
733161	0
733261	0
733361	0
733461	0
733561	0
733661	0
733761	0
733861	0
733961	0
734061	0
734161	0
734261	0
734361	0
734461	0
734561	0
734661	0
734761	0
734861	0
734961	0
735061	0
735161	0
735261	0
735361	0
735461	0
735561	0
735661	0
735761	0
735861	0
735961	0
736061	0
736161	0
736261	0
736361	0
736461	0
736561	0
736661	0
736761	0
736861	0
736961	0
737061	0
737161	0
737261	0
737361	0
737461	0
737561	0
737661	0
737761	0
737861	0
737961	0
738061	0
738161	0
738261	0
738361	0
738461	0
738561	0
738661	0
738761	0
738861	0
738961	0
739061	0
739161	0
739261	0
739361	0
739461	0
739561	0
739661	0
739761	0
739861	0
739961	0
740061	0
740161	0
740261	0
740361	0
740461	0
740561	0
740661	0
740761	0
740861	0
740961	0
741061	0
741161	0
741261	0
741361	0
741461	0
741561	0
741661	0
741761	0
741861	0
741961	0
742061	0
742161	0
742261	0
742361	0
742461	0
742561	0
742661	0
742761	0
742861	0
742961	0
743061	0
743161	0
743261	0
743361	0
743461	0
743561	0
743661	0
743761	0
743861	0
743961	0
744061	0
744161	0
744261	0
744361	0
744461	0
744561	0
744661	0
744761	0
744861	0
744961	0
745061	0
745161	0
745261	0
745361	0
745461	0
745561	0
745661	0
745761	0
745861	0
745961	0
746061	0
746161	0
746261	0
746361	0
746461	0
746561	0
746661	0
746761	0
746861	0
746961	0
747061	0
747161	0
747261	0
747361	0
747461	0
747561	0
747661	0
747761	0
747861	0
747961	0
748061	0
748161	0
748261	0
748361	0
748461	0
748561	0
748661	0
748761	0
748861	0
748961	0
749061	0
749161	0
749261	0
749361	0
749461	0
749561	0
749661	0
749761	0
749861	0
749961	0
750061	0
750161	0
750261	0
750361	0
750461	0
750561	0
750661	0
750761	0
750861	0
750961	0
751061	0
751161	0
751261	0
751361	0
751461	0
751561	0
751661	0
751761	0
751861	0
751961	0
752061	0
752161	0
752261	0
752361	0
752461	0
752561	0
752661	0
752761	0
752861	0
752961	0
753061	0
753161	0
753261	0
753361	0
753461	0
753561	0
753661	0
753761	0
753861	0
753961	0
754061	0
754161	0
754261	0
754361	0
754461	0
754561	0
754661	0
754761	0
754861	0
754961	0
755061	0
755161	0
755261	0
755361	0
755461	0
755561	0
755661	0
755761	0
755861	0
755961	0
756061	0
756161	0
756261	0
756361	0
756461	0
756561	0
756661	0
756761	0
756861	0
756961	0
757061	0
757161	0
757261	0
757361	0
757461	0
757561	0
757661	0
757761	0
757861	0
757961	0
758061	0
758161	0
758261	0
758361	0
758461	0
758561	0
758661	0
758761	0
758861	0
758961	0
759061	0
759161	0
759261	0
759361	0
759461	0
759561	0
759661	0
759761	0
759861	0
759961	0
760061	0
760161	0
760261	0
760361	0
760461	0
760561	0
760661	0
760761	0
760861	0
760961	0
761061	0
761161	0
761261	0
761361	0
761461	0
761561	0
761661	0
761761	0
761861	0
761961	0
762061	0
762161	0
762261	0
762361	0
762461	0
762561	0
762661	0
762761	0
762861	0
762961	0
763061	0
763161	0
763261	0
763361	0
763461	0
763561	0
763661	0
763761	0
763861	0
763961	0
764061	0
764161	0
764261	0
764361	0
764461	0
764561	0
764661	0
764761	0
764861	0
764961	0
765061	0
765161	0
765261	0
765361	0
765461	0
765561	0
765661	0
765761	0
765861	0
765961	0
766061	0
766161	0
766261	0
766361	0
766461	0
766561	0
766661	0
766761	0
766861	0
766961	0
767061	0
767161	0
767261	0
767361	0
767461	0
767561	0
767661	0
767761	0
767861	0
767961	0
768061	0
768161	0
768261	0
768361	0
768461	0
768561	0
768661	0
768761	0
768861	0
768961	0
769061	0
769161	0
769261	0
769361	0
769461	0
769561	0
769661	0
769761	0
769861	0
769961	0
770061	0
770161	0
770261	0
770361	0
770461	0
770561	0
770661	0
770761	0
770861	0
770961	0
771061	0
771161	0
771261	0
771361	0
771461	0
771561	0
771661	0
771761	0
771861	0
771961	0
772061	0
772161	0
772261	0
772361	0
772461	0
772561	0
772661	0
772761	0
772861	0
772961	0
773061	0
773161	0
773261	0
773361	0
773461	0
773561	0
773661	0
773761	0
773861	0
773961	0
774061	0
774161	0
774261	0
774361	0
774461	0
774561	0
774661	0
774761	0
774861	0
774961	0
775061	0
775161	0
775261	0
775361	0
775461	0
775561	0
775661	0
775761	0
775861	0
775961	0
776061	0
776161	0
776261	0
776361	0
776461	0
776561	0
776661	0
776761	0
776861	0
776961	0
777061	0
777161	0
777261	0
777361	0
777461	0
777561	0
777661	0
777761	0
777861	0
777961	0
778061	0
778161	0
778261	0
778361	0
778461	0
778561	0
778661	0
778761	0
778861	0
778961	0
779061	0
779161	0
779261	0
779361	0
779461	0
779561	0
779661	0
779761	0
779861	0
779961	0
780061	0
780161	0
780261	0
780361	0
780461	0
780561	0
780661	0
780761	0
780861	0
780961	0
781061	0
781161	0
781261	0
781361	0
781461	0
781561	0
781661	0
781761	0
781861	0
781961	0
782061	0
782161	0
782261	0
782361	0
782461	0
782561	0
782661	0
782761	0
782861	0
782961	0
783061	0
783161	0
783261	0
783361	0
783461	0
783561	0
783661	0
783761	0
783861	0
783961	0
784061	0
784161	0
784261	0
784361	0
784461	0
784561	0
784661	0
784761	0
784861	0
784961	0
785061	0
785161	0
785261	0
785361	0
785461	0
785561	0
785661	0
785761	0
785861	0
785961	0
786061	0
786161	0
786261	0
786361	0
786461	0
786561	0
786661	0
786761	0
786861	0
786961	0
787061	0
787161	0
787261	0
787361	0
787461	0
787561	0
787661	0
787761	0
787861	0
787961	0
788061	0
788161	0
788261	0
788361	0
788461	0
788561	0
788661	0
788761	0
788861	0
788961	0
789061	0
789161	0
789261	0
789361	0
789461	0
789561	0
789661	0
789761	0
789861	0
789961	0
790061	0
790161	0
790261	0
790361	0
790461	0
790561	0
790661	0
790761	0
790861	0
790961	0
791061	0
791161	0
791261	0
791361	0
791461	0
791561	0
791661	0
791761	0
791861	0
791961	0
792061	0
792161	0
792261	0
792361	0
792461	0
792561	0
792661	0
792761	0
792861	0
792961	0
793061	0
793161	0
793261	0
793361	0
793461	0
793561	0
793661	0
793761	0
793861	0
793961	0
794061	0
794161	0
794261	0
794361	0
794461	0
794561	0
794661	0
794761	0
794861	0
794961	0
795061	0
795161	0
795261	0
795361	0
795461	0
795561	0
795661	0
795761	0
795861	0
795961	0
796061	0
796161	0
796261	0
796361	0
796461	0
796561	0
796661	0
796761	0
796861	0
796961	0
797061	0
797161	0
797261	0
797361	0
797461	0
797561	0
797661	0
797761	0
797861	0
797961	0
798061	0
798161	0
798261	0
798361	0
798461	0
798561	0
798661	0
798761	0
798861	0
798961	0
799061	0
799161	0
799261	0
799361	0
799461	0
799561	0
799661	0
799761	0
799861	0
799961	0
800061	0
800161	0
800261	0
800361	0
800461	0
800561	0
800661	0
800761	0
800861	0
800961	0
801061	0
801161	0
801261	0
801361	0
801461	0
801561	0
801661	0
801761	0
801861	0
801961	0
802061	0
802161	0
802261	0
802361	0
802461	0
802561	0
802661	0
802761	0
802861	0
802961	0
803061	0
803161	0
803261	0
803361	0
803461	0
803561	0
803661	0
803761	0
803861	0
803961	0
804061	0
804161	0
804261	0
804361	0
804461	0
804561	0
804661	0
804761	0
804861	0
804961	0
805061	0
805161	0
805261	0
805361	0
805461	0
805561	0
805661	0
805761	0
805861	0
805961	0
806061	0
806161	0
806261	0
806361	0
806461	0
806561	0
806661	0
806761	0
806861	0
806961	0
807061	0
807161	0
807261	0
807361	0
807461	0
807561	0
807661	0
807761	0
807861	0
807961	0
808061	0
808161	0
808261	0
808361	0
808461	0
808561	0
808661	0
808761	0
808861	0
808961	0
809061	0
809161	0
809261	0
809361	0
809461	0
809561	0
809661	0
809761	0
809861	0
809961	0
810061	0
810161	0
810261	0
810361	0
810461	0
810561	0
810661	0
810761	0
810861	0
810961	0
811061	0
811161	0
811261	0
811361	0
811461	0
811561	0
811661	0
811761	0
811861	0
811961	0
812061	0
812161	0
812261	0
812361	0
812461	0
812561	0
812661	0
812761	0
812861	0
812961	0
813061	0
813161	0
813261	0
813361	0
813461	0
813561	0
813661	0
813761	0
813861	0
813961	0
814061	0
814161	0
814261	0
814361	0
814461	0
814561	0
814661	0
814761	0
814861	0
814961	0
815061	0
815161	0
815261	0
815361	0
815461	0
815561	0
815661	0
815761	0
815861	0
815961	0
816061	0
816161	0
816261	0
816361	0
816461	0
816561	0
816661	0
816761	0
816861	0
816961	0
817061	0
817161	0
817261	0
817361	0
817461	0
817561	0
817661	0
817761	0
817861	0
817961	0
818061	0
818161	0
818261	0
818361	0
818461	0
818561	0
818661	0
818761	0
818861	0
818961	0
819061	0
819161	0
819261	0
819361	0
819461	0
819561	0
819661	0
819761	0
819861	0
819961	0
820061	0
820161	0
820261	0
820361	0
820461	0
820561	0
820661	0
820761	0
820861	0
820961	0
821061	0
821161	0
821261	0
821361	0
821461	0
821561	0
821661	0
821761	0
821861	0
821961	0
822061	0
822161	0
822261	0
822361	0
822461	0
822561	0
822661	0
822761	0
822861	0
822961	0
823061	0
823161	0
823261	0
823361	0
823461	0
823561	0
823661	0
823761	0
823861	0
823961	0
824061	0
824161	0
824261	0
824361	0
824461	0
824561	0
824661	0
824761	0
824861	0
824961	0
825061	0
825161	0
825261	0
825361	0
825461	0
825561	0
825661	0
825761	0
825861	0
825961	0
826061	0
826161	0
826261	0
826361	0
826461	0
826561	0
826661	0
826761	0
826861	0
826961	0
827061	0
827161	0
827261	0
827361	0
827461	0
827561	0
827661	0
827761	0
827861	0
827961	0
828061	0
828161	0
828261	0
828361	0
828461	0
828561	0
828661	0
828761	0
828861	0
828961	0
829061	0
829161	0
829261	0
829361	0
829461	0
829561	0
829661	0
829761	0
829861	0
829961	0
830061	0
830161	0
830261	0
830361	0
830461	0
830561	0
830661	0
830761	0
830861	0
830961	0
831061	0
831161	0
831261	0
831361	0
831461	0
831561	0
831661	0
831761	0
831861	0
831961	0
832061	0
832161	0
832261	0
832361	0
832461	0
832561	0
832661	0
832761	0
832861	0
832961	0
833061	0
833161	0
833261	0
833361	0
833461	0
833561	0
833661	0
833761	0
833861	0
833961	0
834061	0
834161	0
834261	0
834361	0
834461	0
834561	0
834661	0
834761	0
834861	0
834961	0
835061	0
835161	0
835261	0
835361	0
835461	0
835561	0
835661	0
835761	0
835861	0
835961	0
836061	0
836161	0
836261	0
836361	0
836461	0
836561	0
836661	0
836761	0
836861	0
836961	0
837061	0
837161	0
837261	0
837361	0
837461	0
837561	0
837661	0
837761	0
837861	0
837961	0
838061	0
838161	0
838261	0
838361	0
838461	0
838561	0
838661	0
838761	0
838861	0
838961	0
839061	0
839161	0
839261	0
839361	0
839461	0
839561	0
839661	0
839761	0
839861	0
839961	0
840061	0
840161	0
840261	0
840361	0
840461	0
840561	0
840661	0
840761	0
840861	0
840961	0
841061	0
841161	0
841261	0
841361	0
841461	0
841561	0
841661	0
841761	0
841861	0
841961	0
842061	0
842161	0
842261	0
842361	0
842461	0
842561	0
842661	0
842761	0
842861	0
842961	0
843061	0
843161	0
843261	0
843361	0
843461	0
843561	0
843661	0
843761	0
843861	0
843961	0
844061	0
844161	0
844261	0
844361	0
844461	0
844561	0
844661	0
844761	0
844861	0
844961	0
845061	0
845161	0
845261	0
845361	0
845461	0
845561	0
845661	0
845761	0
845861	0
845961	0
846061	0
846161	0
846261	0
846361	0
846461	0
846561	0
846661	0
846761	0
846861	0
846961	0
847061	0
847161	0
847261	0
847361	0
847461	0
847561	0
847661	0
847761	0
847861	0
847961	0
848061	0
848161	0
848261	0
848361	0
848461	0
848561	0
848661	0
848761	0
848861	0
848961	0
849061	0
849161	0
849261	0
849361	0
849461	0
849561	0
849661	0
849761	0
849861	0
849961	0
850061	0
850161	0
850261	0
850361	0
850461	0
850561	0
850661	0
850761	0
850861	0
850961	0
851061	0
851161	0
851261	0
851361	0
851461	0
851561	0
851661	0
851761	0
851861	0
851961	0
852061	0
852161	0
852261	0
852361	0
852461	0
852561	0
852661	0
852761	0
852861	0
852961	0
853061	0
853161	0
853261	0
853361	0
853461	0
853561	0
853661	0
853761	0
853861	0
853961	0
854061	0
854161	0
854261	0
854361	0
854461	0
854561	0
854661	0
854761	0
854861	0
854961	0
855061	0
855161	0
855261	0
855361	0
855461	0
855561	0
855661	0
855761	0
855861	0
855961	0
856061	0
856161	0
856261	0
856361	0
856461	0
856561	0
856661	0
856761	0
856861	0
856961	0
857061	0
857161	0
857261	0
857361	0
857461	0
857561	0
857661	0
857761	0
857861	0
857961	0
858061	0
858161	0
858261	0
858361	0
858461	0
858561	0
858661	0
858761	0
858861	0
858961	0
859061	0
859161	0
859261	0
859361	0
859461	0
859561	0
859661	0
859761	0
859861	0
859961	0
860061	0
860161	0
860261	0
860361	0
860461	0
860561	0
860661	0
860761	0
860861	0
860961	0
861061	0
861161	0
861261	0
861361	0
861461	0
861561	0
861661	0
861761	0
861861	0
861961	0
862061	0
862161	0
862261	0
862361	0
862461	0
862561	0
862661	0
862761	0
862861	0
862961	0
863061	0
863161	0
863261	0
863361	0
863461	0
863561	0
863661	0
863761	0
863861	0
863961	0
864061	0
864161	0
864261	0
864361	0
864461	0
864561	0
864661	0
864761	0
864861	0
864961	0
865061	0
865161	0
865261	0
865361	0
865461	0
865561	0
865661	0
865761	0
865861	0
865961	0
866061	0
866161	0
866261	0
866361	0
866461	0
866561	0
866661	0
866761	0
866861	0
866961	0
867061	0
867161	0
867261	0
867361	0
867461	0
867561	0
867661	0
867761	0
867861	0
867961	0
868061	0
868161	0
868261	0
868361	0
868461	0
868561	0
868661	0
868761	0
868861	0
868961	0
869061	0
869161	0
869261	0
869361	0
869461	0
869561	0
869661	0
869761	0
869861	0
869961	0
870061	0
870161	0
870261	0
870361	0
870461	0
870561	0
870661	0
870761	0
870861	0
870961	0
871061	0
871161	0
871261	0
871361	0
871461	0
871561	0
871661	0
871761	0
871861	0
871961	0
872061	0
872161	0
872261	0
872361	0
872461	0
872561	0
872661	0
872761	0
872861	0
872961	0
873061	0
873161	0
873261	0
873361	0
873461	0
873561	0
873661	0
873761	0
873861	0
873961	0
874061	0
874161	0
874261	0
874361	0
874461	0
874561	0
874661	0
874761	0
874861	0
874961	0
875061	0
875161	0
875261	0
875361	0
875461	0
875561	0
875661	0
875761	0
875861	0
875961	0
876061	0
876161	0
876261	0
876361	0
876461	0
876561	0
876661	0
876761	0
876861	0
876961	0
877061	0
877161	0
877261	0
877361	0
877461	0
877561	0
877661	0
877761	0
877861	0
877961	0
878061	0
878161	0
878261	0
878361	0
878461	0
878561	0
878661	0
878761	0
878861	0
878961	0
879061	0
879161	0
879261	0
879361	0
879461	0
879561	0
879661	0
879761	0
879861	0
879961	0
880061	0
880161	0
880261	0
880361	0
880461	0
880561	0
880661	0
880761	0
880861	0
880961	0
881061	0
881161	0
881261	0
881361	0
881461	0
881561	0
881661	0
881761	0
881861	0
881961	0
882061	0
882161	0
882261	0
882361	0
882461	0
882561	0
882661	0
882761	0
882861	0
882961	0
883061	0
883161	0
883261	0
883361	0
883461	0
883561	0
883661	0
883761	0
883861	0
883961	0
884061	0
884161	0
884261	0
884361	0
884461	0
884561	0
884661	0
884761	0
884861	0
884961	0
885061	0
885161	0
885261	0
885361	0
885461	0
885561	0
885661	0
885761	0
885861	0
885961	0
886061	0
886161	0
886261	0
886361	0
886461	0
886561	0
886661	0
886761	0
886861	0
886961	0
887061	0
887161	0
887261	0
887361	0
887461	0
887561	0
887661	0
887761	0
887861	0
887961	0
888061	0
888161	0
888261	0
888361	0
888461	0
888561	0
888661	0
888761	0
888861	0
888961	0
889061	0
889161	0
889261	0
889361	0
889461	0
889561	0
889661	0
889761	0
889861	0
889961	0
890061	0
890161	0
890261	0
890361	0
890461	0
890561	0
890661	0
890761	0
890861	0
890961	0
891061	0
891161	0
891261	0
891361	0
891461	0
891561	0
891661	0
891761	0
891861	0
891961	0
892061	0
892161	0
892261	0
892361	0
892461	0
892561	0
892661	0
892761	0
892861	0
892961	0
893061	0
893161	0
893261	0
893361	0
893461	0
893561	0
893661	0
893761	0
893861	0
893961	0
894061	0
894161	0
894261	0
894361	0
894461	0
894561	0
894661	0
894761	0
894861	0
894961	0
895061	0
895161	0
895261	0
895361	0
895461	0
895561	0
895661	0
895761	0
895861	0
895961	0
896061	0
896161	0
896261	0
896361	0
896461	0
896561	0
896661	0
896761	0
896861	0
896961	0
897061	0
897161	0
897261	0
897361	0
897461	0
897561	0
897661	0
897761	0
897861	0
897961	0
898061	0
898161	0
898261	0
898361	0
898461	0
898561	0
898661	0
898761	0
898861	0
898961	0
899061	0
899161	0
899261	0
899361	0
899461	0
899561	0
899661	0
899761	0
899861	0
899961	0
900061	0
900161	0
900261	0
900361	0
900461	0
900561	0
900661	0
900761	0
900861	0
900961	0
901061	0
901161	0
901261	0
901361	0
901461	0
901561	0
901661	0
901761	0
901861	0
901961	0
902061	0
902161	0
902261	0
902361	0
902461	0
902561	0
902661	0
902761	0
902861	0
902961	0
903061	0
903161	0
903261	0
903361	0
903461	0
903561	0
903661	0
903761	0
903861	0
903961	0
904061	0
904161	0
904261	0
904361	0
904461	0
904561	0
904661	0
904761	0
904861	0
904961	0
905061	0
905161	0
905261	0
905361	0
905461	0
905561	0
905661	0
905761	0
905861	0
905961	0
906061	0
906161	0
906261	0
906361	0
906461	0
906561	0
906661	0
906761	0
906861	0
906961	0
907061	0
907161	0
907261	0
907361	0
907461	0
907561	0
907661	0
907761	0
907861	0
907961	0
908061	0
908161	0
908261	0
908361	0
908461	0
908561	0
908661	0
908761	0
908861	0
908961	0
909061	0
909161	0
909261	0
909361	0
909461	0
909561	0
909661	0
909761	0
909861	0
909961	0
910061	0
910161	0
910261	0
910361	0
910461	0
910561	0
910661	0
910761	0
910861	0
910961	0
911061	0
911161	0
911261	0
911361	0
911461	0
911561	0
911661	0
911761	0
911861	0
911961	0
912061	0
912161	0
912261	0
912361	0
912461	0
912561	0
912661	0
912761	0
912861	0
912961	0
913061	0
913161	0
913261	0
913361	0
913461	0
913561	0
913661	0
913761	0
913861	0
913961	0
914061	0
914161	0
914261	0
914361	0
914461	0
914561	0
914661	0
914761	0
914861	0
914961	0
915061	0
915161	0
915261	0
915361	0
915461	0
915561	0
915661	0
915761	0
915861	0
915961	0
916061	0
916161	0
916261	0
916361	0
916461	0
916561	0
916661	0
916761	0
916861	0
916961	0
917061	0
917161	0
917261	0
917361	0
917461	0
917561	0
917661	0
917761	0
917861	0
917961	0
918061	0
918161	0
918261	0
918361	0
918461	0
918561	0
918661	0
918761	0
918861	0
918961	0
919061	0
919161	0
919261	0
919361	0
919461	0
919561	0
919661	0
919761	0
919861	0
919961	0
920061	0
920161	0
920261	0
920361	0
920461	0
920561	0
920661	0
920761	0
920861	0
920961	0
921061	0
921161	0
921261	0
921361	0
921461	0
921561	0
921661	0
921761	0
921861	0
921961	0
922061	0
922161	0
922261	0
922361	0
922461	0
922561	0
922661	0
922761	0
922861	0
922961	0
923061	0
923161	0
923261	0
923361	0
923461	0
923561	0
923661	0
923761	0
923861	0
923961	0
924061	0
924161	0
924261	0
924361	0
924461	0
924561	0
924661	0
924761	0
924861	0
924961	0
925061	0
925161	0
925261	0
925361	0
925461	0
925561	0
925661	0
925761	0
925861	0
925961	0
926061	0
926161	0
926261	0
926361	0
926461	0
926561	0
926661	0
926761	0
926861	0
926961	0
927061	0
927161	0
927261	0
927361	0
927461	0
927561	0
927661	0
927761	0
927861	0
927961	0
928061	0
928161	0
928261	0
928361	0
928461	0
928561	0
928661	0
928761	0
928861	0
928961	0
929061	0
929161	0
929261	0
929361	0
929461	0
929561	0
929661	0
929761	0
929861	0
929961	0
930061	0
930161	0
930261	0
930361	0
930461	0
930561	0
930661	0
930761	0
930861	0
930961	0
931061	0
931161	0
931261	0
931361	0
931461	0
931561	0
931661	0
931761	0
931861	0
931961	0
932061	0
932161	0
932261	0
932361	0
932461	0
932561	0
932661	0
932761	0
932861	0
932961	0
933061	0
933161	0
933261	0
933361	0
933461	0
933561	0
933661	0
933761	0
933861	0
933961	0
934061	0
934161	0
934261	0
934361	0
934461	0
934561	0
934661	0
934761	0
934861	0
934961	0
935061	0
935161	0
935261	0
935361	0
935461	0
935561	0
935661	0
935761	0
935861	0
935961	0
936061	0
936161	0
936261	0
936361	0
936461	0
936561	0
936661	0
936761	0
936861	0
936961	0
937061	0
937161	0
937261	0
937361	0
937461	0
937561	0
937661	0
937761	0
937861	0
937961	0
938061	0
938161	0
938261	0
938361	0
938461	0
938561	0
938661	0
938761	0
938861	0
938961	0
939061	0
939161	0
939261	0
939361	0
939461	0
939561	0
939661	0
939761	0
939861	0
939961	0
940061	0
940161	0
940261	0
940361	0
940461	0
940561	0
940661	0
940761	0
940861	0
940961	0
941061	0
941161	0
941261	0
941361	0
941461	0
941561	0
941661	0
941761	0
941861	0
941961	0
942061	0
942161	0
942261	0
942361	0
942461	0
942561	0
942661	0
942761	0
942861	0
942961	0
943061	0
943161	0
943261	0
943361	0
943461	0
943561	0
943661	0
943761	0
943861	0
943961	0
944061	0
944161	0
944261	0
944361	0
944461	0
944561	0
944661	0
944761	0
944861	0
944961	0
945061	0
945161	0
945261	0
945361	0
945461	0
945561	0
945661	0
945761	0
945861	0
945961	0
946061	0
946161	0
946261	0
946361	0
946461	0
946561	0
946661	0
946761	0
946861	0
946961	0
947061	0
947161	0
947261	0
947361	0
947461	0
947561	0
947661	0
947761	0
947861	0
947961	0
948061	0
948161	0
948261	0
948361	0
948461	0
948561	0
948661	0
948761	0
948861	0
948961	0
949061	0
949161	0
949261	0
949361	0
949461	0
949561	0
949661	0
949761	0
949861	0
949961	0
950061	0
950161	0
950261	0
950361	0
950461	0
950561	0
950661	0
950761	0
950861	0
950961	0
951061	0
951161	0
951261	0
951361	0
951461	0
951561	0
951661	0
951761	0
951861	0
951961	0
952061	0
952161	0
952261	0
952361	0
952461	0
952561	0
952661	0
952761	0
952861	0
952961	0
953061	0
953161	0
953261	0
953361	0
953461	0
953561	0
953661	0
953761	0
953861	0
953961	0
954061	0
954161	0
954261	0
954361	0
954461	0
954561	0
954661	0
954761	0
954861	0
954961	0
955061	0
955161	0
955261	0
955361	0
955461	0
955561	0
955661	0
955761	0
955861	0
955961	0
956061	0
956161	0
956261	0
956361	0
956461	0
956561	0
956661	0
956761	0
956861	0
956961	0
957061	0
957161	0
957261	0
957361	0
957461	0
957561	0
957661	0
957761	0
957861	0
957961	0
958061	0
958161	0
958261	0
958361	0
958461	0
958561	0
958661	0
958761	0
958861	0
958961	0
959061	0
959161	0
959261	0
959361	0
959461	0
959561	0
959661	0
959761	0
959861	0
959961	0
960061	0
960161	0
960261	0
960361	0
960461	0
960561	0
960661	0
960761	0
960861	0
960961	0
961061	0
961161	0
961261	0
961361	0
961461	0
961561	0
961661	0
961761	0
961861	0
961961	0
962061	0
962161	0
962261	0
962361	0
962461	0
962561	0
962661	0
962761	0
962861	0
962961	0
963061	0
963161	0
963261	0
963361	0
963461	0
963561	0
963661	0
963761	0
963861	0
963961	0
964061	0
964161	0
964261	0
964361	0
964461	0
964561	0
964661	0
964761	0
964861	0
964961	0
965061	0
965161	0
965261	0
965361	0
965461	0
965561	0
965661	0
965761	0
965861	0
965961	0
966061	0
966161	0
966261	0
966361	0
966461	0
966561	0
966661	0
966761	0
966861	0
966961	0
967061	0
967161	0
967261	0
967361	0
967461	0
967561	0
967661	0
967761	0
967861	0
967961	0
968061	0
968161	0
968261	0
968361	0
968461	0
968561	0
968661	0
968761	0
968861	0
968961	0
969061	0
969161	0
969261	0
969361	0
969461	0
969561	0
969661	0
969761	0
969861	0
969961	0
970061	0
970161	0
970261	0
970361	0
970461	0
970561	0
970661	0
970761	0
970861	0
970961	0
971061	0
971161	0
971261	0
971361	0
971461	0
971561	0
971661	0
971761	0
971861	0
971961	0
972061	0
972161	0
972261	0
972361	0
972461	0
972561	0
972661	0
972761	0
972861	0
972961	0
973061	0
973161	0
973261	0
973361	0
973461	0
973561	0
973661	0
973761	0
973861	0
973961	0
974061	0
974161	0
974261	0
974361	0
974461	0
974561	0
974661	0
974761	0
974861	0
974961	0
975061	0
975161	0
975261	0
975361	0
975461	0
975561	0
975661	0
975761	0
975861	0
975961	0
976061	0
976161	0
976261	0
976361	0
976461	0
976561	0
976661	0
976761	0
976861	0
976961	0
977061	0
977161	0
977261	0
977361	0
977461	0
977561	0
977661	0
977761	0
977861	0
977961	0
978061	0
978161	0
978261	0
978361	0
978461	0
978561	0
978661	0
978761	0
978861	0
978961	0
979061	0
979161	0
979261	0
979361	0
979461	0
979561	0
979661	0
979761	0
979861	0
979961	0
980061	0
980161	0
980261	0
980361	0
980461	0
980561	0
980661	0
980761	0
980861	0
980961	0
981061	0
981161	0
981261	0
981361	0
981461	0
981561	0
981661	9.88131e-323
981761	4.39224e-321
981861	2.03748e-319
981961	9.35928e-318
982061	4.25652e-316
982161	1.91656e-314
982261	8.54377e-313
982361	3.77079e-311
982461	1.64768e-309
982561	7.12804e-308
982661	3.05298e-306
982761	1.2946e-304
982861	5.43506e-303
982961	2.25907e-301
983061	9.29634e-300
983161	3.78749e-298
983261	1.52774e-296
983361	6.10101e-295
983461	2.4122e-293
983561	9.44236e-292
983661	3.65936e-290
983761	1.40406e-288
983861	5.33367e-287
983961	2.00596e-285
984061	7.46922e-284
984161	2.7535e-282
984261	1.00497e-280
984361	3.63142e-279
984461	1.29915e-277
984561	4.60147e-276
984661	1.61358e-274
984761	5.60201e-273
984861	1.92554e-271
984961	6.5527e-270
985061	2.20772e-268
985161	7.36418e-267
985261	2.43199e-265
985361	7.95164e-264
985461	2.574e-262
985561	8.24931e-261
985661	2.61748e-259
985761	8.22255e-258
985861	2.55733e-256
985961	7.87451e-255
986061	2.40059e-253
986161	7.24551e-252
986261	2.1651e-250
986361	6.40535e-249
986461	1.87614e-247
986561	5.44057e-246
986661	1.562e-244
986761	4.43991e-243
986861	1.24947e-241
986961	3.48123e-240
987061	9.60279e-239
987161	2.62252e-237
987261	7.09085e-236
987361	1.89816e-234
987461	5.03068e-233
987561	1.32001e-231
987661	3.42913e-230
987761	8.81958e-229
987861	2.24579e-227
987961	5.66171e-226
988061	1.41313e-224
988161	3.49201e-223
988261	8.54327e-222
988361	2.06933e-220
988461	4.96243e-219
988561	1.17819e-217
988661	2.76944e-216
988761	6.44506e-215
988861	1.48497e-213
988961	3.38741e-212
989061	7.65021e-211
989161	1.71055e-209
989261	3.78666e-208
989361	8.29914e-207
989461	1.80081e-205
989561	3.86864e-204
989661	8.22823e-203
989761	1.73265e-201
989861	3.61222e-200
989961	7.45578e-199
990061	1.52359e-197
990161	3.0825e-196
990261	6.17438e-195
990361	1.22445e-193
990461	2.40406e-192
990561	4.67312e-191
990661	8.99344e-190
990761	1.71357e-188
990861	3.23247e-187
990961	6.03704e-186
991061	1.11627e-184
991161	2.0435e-183
991261	3.7037e-182
991361	6.64591e-181
991461	1.18067e-179
991561	2.07664e-178
991661	3.61619e-177
991761	6.23443e-176
991861	1.06414e-174
991961	1.79829e-173
992061	3.0087e-172
992161	4.98371e-171
992261	8.17306e-170
992361	1.32701e-168
992461	2.13314e-167
992561	3.39486e-166
992661	5.34911e-165
992761	8.34446e-164
992861	1.28876e-162
992961	1.97062e-161
993061	2.98326e-160
993161	4.47132e-159
993261	6.63496e-158
993361	9.7476e-157
993461	1.4178e-155
993561	2.04168e-154
993661	2.91083e-153
993761	4.1087e-152
993861	5.74182e-151
993961	7.94421e-150
994061	1.0882e-148
994161	1.47579e-147
994261	1.98152e-146
994361	2.63407e-145
994461	3.46668e-144
994561	4.51708e-143
994661	5.82719e-142
994761	7.44247e-141
994861	9.41092e-140
994961	1.17816e-138
995061	1.46027e-137
995161	1.79192e-136
995261	2.17702e-135
995361	2.61856e-134
995461	3.11832e-133
995561	3.6765e-132
995661	4.29147e-131
995761	4.95946e-130
995861	5.6744e-129
995961	6.42781e-128
996061	7.20879e-127
996161	8.00422e-126
996261	8.79899e-125
996361	9.57643e-124
996461	1.03189e-122
996561	1.10082e-121
996661	1.16268e-120
996761	1.21579e-119
996861	1.25868e-118
996961	1.29011e-117
997061	1.30917e-116
997161	1.3153e-115
997261	1.3083e-114
997361	1.2884e-113
997461	1.25617e-112
997561	1.21256e-111
997661	1.15882e-110
997761	1.09644e-109
997861	1.0271e-108
997961	9.5257e-108
998061	8.74657e-107
998161	7.95125e-106
998261	7.15633e-105
998361	6.37679e-104
998461	5.62563e-103
998561	4.91357e-102
998661	4.24894e-101
998761	3.63765e-100
998861	3.08331e-99
998961	2.58745e-98
999061	2.14973e-97
999161	1.76828e-96
999261	1.44005e-95
999361	1.16107e-94
999461	9.26828e-94
999561	7.3248e-93
999661	5.73125e-92
999761	4.43977e-91
999861	3.40509e-90
999961	2.58555e-89
1.00006e+06	1.94372e-88
1.00016e+06	1.44668e-87
1.00026e+06	1.06603e-86
1.00036e+06	7.77719e-86
1.00046e+06	5.61737e-85
1.00056e+06	4.01698e-84
1.00066e+06	2.84396e-83
1.00076e+06	1.99345e-82
1.00086e+06	1.38339e-81
1.00096e+06	9.50472e-81
1.00106e+06	6.46534e-80
1.00116e+06	4.35413e-79
1.00126e+06	2.90314e-78
1.00136e+06	1.91642e-77
1.00146e+06	1.25248e-76
1.00156e+06	8.10419e-76
1.00166e+06	5.19164e-75
1.00176e+06	3.29273e-74
1.00186e+06	2.06759e-73
1.00196e+06	1.28538e-72
1.00206e+06	7.91141e-72
1.00216e+06	4.82097e-71
1.00226e+06	2.90851e-70
1.00236e+06	1.73726e-69
1.00246e+06	1.02735e-68
1.00256e+06	6.01485e-68
1.00266e+06	3.4865e-67
1.00276e+06	2.00084e-66
1.00286e+06	1.13682e-65
1.00296e+06	6.39482e-65
1.00306e+06	3.56141e-64
1.00316e+06	1.96369e-63
1.00326e+06	1.07196e-62
1.00336e+06	5.79355e-62
1.00346e+06	3.10004e-61
1.00356e+06	1.64227e-60
1.00366e+06	8.61353e-60
1.00376e+06	4.47275e-59
1.00386e+06	2.29945e-58
1.00396e+06	1.17039e-57
1.00406e+06	5.89787e-57
1.00416e+06	2.9425e-56
1.00426e+06	1.45343e-55
1.00436e+06	7.10772e-55
1.00446e+06	3.4413e-54
1.00456e+06	1.64957e-53
1.00466e+06	7.82849e-53
1.00476e+06	3.67825e-52
1.00486e+06	1.71105e-51
1.00496e+06	7.88025e-51
1.00506e+06	3.59314e-50
1.00516e+06	1.62206e-49
1.00526e+06	7.24961e-49
1.00536e+06	3.2079e-48
1.00546e+06	1.40535e-47
1.00556e+06	6.09542e-47
1.00566e+06	2.61746e-46
1.00576e+06	1.11279e-45
1.00586e+06	4.68388e-45
1.00596e+06	1.95188e-44
1.00606e+06	8.05302e-44
1.00616e+06	3.28943e-43
1.00626e+06	1.33027e-42
1.00636e+06	5.32619e-42
1.00646e+06	2.1113e-41
1.00656e+06	8.28592e-41
1.00666e+06	3.2195e-40
1.00676e+06	1.23849e-39
1.00686e+06	4.71688e-39
1.00696e+06	1.77858e-38
1.00706e+06	6.63971e-38
1.00716e+06	2.45404e-37
1.00726e+06	8.9799e-37
1.00736e+06	3.25326e-36
1.00746e+06	1.16687e-35
1.00756e+06	4.14365e-35
1.00766e+06	1.45681e-34
1.00776e+06	5.0708e-34
1.00786e+06	1.74747e-33
1.00796e+06	5.96208e-33
1.00806e+06	2.01393e-32
1.00816e+06	6.73516e-32
1.00826e+06	2.23002e-31
1.00836e+06	7.31014e-31
1.00846e+06	2.37247e-30
1.00856e+06	7.6231e-30
1.00866e+06	2.42505e-29
1.00876e+06	7.63776e-29
1.00886e+06	2.3816e-28
1.00896e+06	7.35239e-28
1.00906e+06	2.24722e-27
1.00916e+06	6.80016e-27
1.00926e+06	2.03728e-26
1.00936e+06	6.0428e-26
1.00946e+06	1.77453e-25
1.00956e+06	5.15924e-25
1.00966e+06	1.48506e-24
1.00976e+06	4.23215e-24
1.00986e+06	1.19408e-23
1.00996e+06	3.33553e-23
1.01006e+06	9.22469e-23
1.01016e+06	2.52579e-22
1.01026e+06	6.84696e-22
1.01036e+06	1.83762e-21
1.01046e+06	4.88284e-21
1.01056e+06	1.28453e-20
1.01066e+06	3.3456e-20
1.01076e+06	8.62703e-20
1.01086e+06	2.20245e-19
1.01096e+06	5.56681e-19
1.01106e+06	1.39304e-18
1.01116e+06	3.45127e-18
1.01126e+06	8.46547e-18
1.01136e+06	2.0558e-17
1.01146e+06	4.94272e-17
1.01156e+06	1.17655e-16
1.01166e+06	2.77274e-16
1.01176e+06	6.46945e-16
1.01186e+06	1.49445e-15
1.01196e+06	3.41785e-15
1.01206e+06	7.73894e-15
1.01216e+06	1.73487e-14
1.01226e+06	3.85043e-14
1.01236e+06	8.46076e-14
1.01246e+06	1.84063e-13
1.01256e+06	3.96442e-13
1.01266e+06	8.45378e-13
1.01276e+06	1.78476e-12
1.01286e+06	3.73047e-12
1.01296e+06	7.71979e-12
1.01306e+06	1.58163e-11
1.01316e+06	3.2082e-11
1.01326e+06	6.44279e-11
1.01336e+06	1.28099e-10
1.01346e+06	2.52157e-10
1.01356e+06	4.91423e-10
1.01366e+06	9.48194e-10
1.01376e+06	1.81132e-09
1.01386e+06	3.42571e-09
1.01396e+06	6.41451e-09
1.01406e+06	1.18914e-08
1.01416e+06	2.18253e-08
1.01426e+06	3.96592e-08
1.01436e+06	7.13484e-08
1.01446e+06	1.27081e-07
1.01456e+06	2.24098e-07
1.01466e+06	3.91245e-07
1.01476e+06	6.76267e-07
1.01486e+06	1.1573e-06
1.01496e+06	1.96077e-06
1.01506e+06	3.28903e-06
1.01516e+06	5.46216e-06
1.01526e+06	8.98088e-06
1.01536e+06	1.46194e-05
1.01546e+06	2.35613e-05
1.01556e+06	3.75945e-05
1.01566e+06	5.93891e-05
1.01576e+06	9.28851e-05
1.01586e+06	0.000143828
1.01596e+06	0.000220494
1.01606e+06	0.000334663
1.01616e+06	0.000502892
1.01626e+06	0.000748169
1.01636e+06	0.001102
1.01646e+06	0.00160702
1.01656e+06	0.00232015
1.01666e+06	0.00331642
1.01676e+06	0.00469331
1.01686e+06	0.00657577
1.01696e+06	0.0091216
1.01706e+06	0.0125272
1.01716e+06	0.017033
1.01726e+06	0.022929
1.01736e+06	0.0305589
1.01746e+06	0.0403225
1.01756e+06	0.0526762
1.01766e+06	0.0681299
1.01776e+06	0.0872406
1.01786e+06	0.1106
1.01796e+06	0.13882
1.01806e+06	0.172506
1.01816e+06	0.212232
1.01826e+06	0.25851
1.01836e+06	0.311746
1.01846e+06	0.372204
1.01856e+06	0.439965
1.01866e+06	0.514887
1.01876e+06	0.596573
1.01886e+06	0.684339
1.01896e+06	0.777207
1.01906e+06	0.873895
1.01916e+06	0.972834
1.01926e+06	1.0722
1.01936e+06	1.16995
1.01946e+06	1.26392
1.01956e+06	1.35184
1.01966e+06	1.4315
1.01976e+06	1.50077
1.01986e+06	1.55773
1.01996e+06	1.60077
1.02006e+06	1.62862
1.02016e+06	1.64048
1.02026e+06	1.63598
1.02036e+06	1.61526
1.02046e+06	1.57893
1.02056e+06	1.52806
1.02066e+06	1.46412
1.02076e+06	1.38889
1.02086e+06	1.30442
1.02096e+06	1.2129
1.02106e+06	1.11658
1.02116e+06	1.01767
1.02126e+06	0.918304
1.02136e+06	0.820391
1.02146e+06	0.725626
1.02156e+06	0.635421
1.02166e+06	0.550893
1.02176e+06	0.472857
1.02186e+06	0.401837
1.02196e+06	0.338086
1.02206e+06	0.281618
1.02216e+06	0.232248
1.02226e+06	0.189627
1.02236e+06	0.153287
1.02246e+06	0.122678
1.02256e+06	0.0972046
1.02266e+06	0.0762541
1.02276e+06	0.0592239
1.02286e+06	0.0455394
1.02296e+06	0.0346685
1.02306e+06	0.02613
1.02316e+06	0.0194985
1.02326e+06	0.0144052
1.02336e+06	0.0105365
1.02346e+06	0.00763006
1.02356e+06	0.00547039
1.02366e+06	0.00388298
1.02376e+06	0.00272878
1.02386e+06	0.00189858
1.02396e+06	0.00130782
1.02406e+06	0.000891914
1.02416e+06	0.00060222
1.02426e+06	0.000402573
1.02436e+06	0.000266435
1.02446e+06	0.00017458
1.02456e+06	0.000113254
1.02466e+06	7.27398e-05
1.02476e+06	4.62537e-05
1.02486e+06	2.91191e-05
1.02496e+06	1.81496e-05
1.02506e+06	1.11999e-05
1.02516e+06	6.8425e-06
1.02526e+06	4.1388e-06
1.02536e+06	2.47852e-06
1.02546e+06	1.46949e-06
1.02556e+06	8.62574e-07
1.02566e+06	5.01285e-07
1.02576e+06	2.88423e-07
1.02586e+06	1.64298e-07
1.02596e+06	9.26597e-08
1.02606e+06	5.17377e-08
1.02616e+06	2.8601e-08
1.02626e+06	1.56535e-08
1.02636e+06	8.482e-09
1.02646e+06	4.55033e-09
1.02656e+06	2.41682e-09
1.02666e+06	1.27087e-09
1.02676e+06	6.61635e-10
1.02686e+06	3.41029e-10
1.02696e+06	1.74029e-10
1.02706e+06	8.7924e-11
1.02716e+06	4.39796e-11
1.02726e+06	2.17797e-11
1.02736e+06	1.06785e-11
1.02746e+06	5.18353e-12
1.02756e+06	2.49114e-12
1.02766e+06	1.18529e-12
1.02776e+06	5.58358e-13
1.02786e+06	2.60409e-13
1.02796e+06	1.20242e-13
1.02806e+06	5.49684e-14
1.02816e+06	2.48787e-14
1.02826e+06	1.11481e-14
1.02836e+06	4.9457e-15
1.02846e+06	2.17227e-15
1.02856e+06	9.44617e-16
1.02866e+06	4.06683e-16
1.02876e+06	1.73345e-16
1.02886e+06	7.3152e-17
1.02896e+06	3.05631e-17
1.02906e+06	1.26423e-17
1.02916e+06	5.17738e-18
1.02926e+06	2.09919e-18
1.02936e+06	8.42657e-19
1.02946e+06	3.34894e-19
1.02956e+06	1.31771e-19
1.02966e+06	5.13322e-20
1.02976e+06	1.97978e-20
1.02986e+06	7.55965e-21
1.02996e+06	2.85788e-21
1.03006e+06	1.06965e-21
1.03016e+06	3.96367e-22
1.03026e+06	1.45415e-22
1.03036e+06	5.28177e-23
1.03046e+06	1.89935e-23
1.03056e+06	6.76223e-24
1.03066e+06	2.38358e-24
1.03076e+06	8.31818e-25
1.03086e+06	2.87398e-25
1.03096e+06	9.83094e-26
1.03106e+06	3.32939e-26
1.03116e+06	1.11632e-26
1.03126e+06	3.70573e-27
1.03136e+06	1.21791e-27
1.03146e+06	3.96288e-28
1.03156e+06	1.27663e-28
1.03166e+06	4.0717e-29
1.03176e+06	1.28571e-29
1.03186e+06	4.01948e-30
1.03196e+06	1.24409e-30
1.03206e+06	3.81236e-31
1.03216e+06	1.15667e-31
1.03226e+06	3.47615e-32
1.03236e+06	1.0405e-32
1.03246e+06	3.30445e-33
1.03256e+06	1.81266e-33
1.03266e+06	3.4874e-33
1.03276e+06	1.12378e-32
1.03286e+06	3.82104e-32
1.03296e+06	1.29336e-31
1.03306e+06	4.33625e-31
1.03316e+06	1.4394e-30
1.03326e+06	4.73051e-30
1.03336e+06	1.53918e-29
1.03346e+06	4.95828e-29
1.03356e+06	1.58135e-28
1.03366e+06	4.99324e-28
1.03376e+06	1.56097e-27
1.03386e+06	4.83127e-27
1.03396e+06	1.48043e-26
1.03406e+06	4.49127e-26
1.03416e+06	1.34899e-25
1.03426e+06	4.01149e-25
1.03436e+06	1.18102e-24
1.03446e+06	3.44247e-24
1.03456e+06	9.9343e-24
1.03466e+06	2.83832e-23
1.03476e+06	8.02868e-23
1.03486e+06	2.24845e-22
1.03496e+06	6.23417e-22
1.03506e+06	1.71132e-21
1.03516e+06	4.65095e-21
1.03526e+06	1.25144e-20
1.03536e+06	3.33375e-20
1.03546e+06	8.79253e-20
1.03556e+06	2.2959e-19
1.03566e+06	5.93537e-19
1.03576e+06	1.51915e-18
1.03586e+06	3.84954e-18
1.03596e+06	9.65774e-18
1.03606e+06	2.39883e-17
1.03616e+06	5.89902e-17
1.03626e+06	1.43621e-16
1.03636e+06	3.46188e-16
1.03646e+06	8.26159e-16
1.03656e+06	1.95197e-15
1.03666e+06	4.56603e-15
1.03676e+06	1.05745e-14
1.03686e+06	2.42461e-14
1.03696e+06	5.504e-14
1.03706e+06	1.23701e-13
1.03716e+06	2.75248e-13
1.03726e+06	6.06362e-13
1.03736e+06	1.3225e-12
1.03746e+06	2.85574e-12
1.03756e+06	6.10518e-12
1.03766e+06	1.29222e-11
1.03776e+06	2.70787e-11
1.03786e+06	5.61796e-11
1.03796e+06	1.15395e-10
1.03806e+06	2.34666e-10
1.03816e+06	4.72468e-10
1.03826e+06	9.41784e-10
1.03836e+06	1.85861e-09
1.03846e+06	3.63145e-09
1.03856e+06	7.02473e-09
1.03866e+06	1.34535e-08
1.03876e+06	2.55094e-08
1.03886e+06	4.78875e-08
1.03896e+06	8.9002e-08
1.03906e+06	1.6377e-07
1.03916e+06	2.98351e-07
1.03926e+06	5.38117e-07
1.03936e+06	9.60911e-07
1.03946e+06	1.69882e-06
1.03956e+06	2.97349e-06
1.03966e+06	5.15281e-06
1.03976e+06	8.84054e-06
1.03986e+06	1.50166e-05
1.03996e+06	2.52534e-05
1.04006e+06	4.2046e-05
1.04016e+06	6.93087e-05
1.04026e+06	0.000113112
1.04036e+06	0.000182761
1.04046e+06	0.00029236
1.04056e+06	0.00046303
1.04066e+06	0.000726035
1.04076e+06	0.0011271
1.04086e+06	0.00173231
1.04096e+06	0.00263599
1.04106e+06	0.00397118
1.04116e+06	0.00592316
1.04126e+06	0.00874669
1.04136e+06	0.0127877
1.04146e+06	0.0185095
1.04156e+06	0.0265251
1.04166e+06	0.0376336
1.04176e+06	0.052863
1.04186e+06	0.0735164
1.04196e+06	0.101222
1.04206e+06	0.137981
1.04216e+06	0.186219
1.04226e+06	0.24882
1.04236e+06	0.329157
1.04246e+06	0.431101
1.04256e+06	0.558999
1.04266e+06	0.717629
1.04276e+06	0.912108
1.04286e+06	1.14776
1.04296e+06	1.42991
1.04306e+06	1.76371
1.04316e+06	2.15378
1.04326e+06	2.60395
1.04336e+06	3.11689
1.04346e+06	3.69375
1.04356e+06	4.33381
1.04366e+06	5.03419
1.04376e+06	5.78957
1.04386e+06	6.59204
1.04396e+06	7.43106
1.04406e+06	8.29352
1.04416e+06	9.16397
1.04426e+06	10.025
1.04436e+06	10.8579
1.04446e+06	11.6429
1.04456e+06	12.3604
1.04466e+06	12.9917
1.04476e+06	13.5192
1.04486e+06	13.9282
1.04496e+06	14.2068
1.04506e+06	14.3468
1.04516e+06	14.344
1.04526e+06	14.1986
1.04536e+06	13.9147
1.04546e+06	13.5008
1.04556e+06	12.9689
1.04566e+06	12.334
1.04576e+06	11.6135
1.04586e+06	10.8262
1.04596e+06	9.99194
1.04606e+06	9.13017
1.04616e+06	8.25971
1.04626e+06	7.39789
1.04636e+06	6.56007
1.04646e+06	5.75924
1.04656e+06	5.00587
1.04666e+06	4.30776
1.04676e+06	3.67011
1.04686e+06	3.09574
1.04696e+06	2.58528
1.04706e+06	2.13751
1.04716e+06	1.7497
1.04726e+06	1.418
1.04736e+06	1.13775
1.04746e+06	0.903808
1.04756e+06	0.710822
1.04766e+06	0.553481
1.04776e+06	0.426679
1.04786e+06	0.325655
1.04796e+06	0.246077
1.04806e+06	0.184095
1.04816e+06	0.136354
1.04826e+06	0.099989
1.04836e+06	0.0725928
1.04846e+06	0.0521786
1.04856e+06	0.0371319
1.04866e+06	0.0261613
1.04876e+06	0.0182486
1.04886e+06	0.0126025
1.04896e+06	0.00861667
1.04906e+06	0.00583284
1.04916e+06	0.00390911
1.04926e+06	0.00259378
1.04936e+06	0.0017039
1.04946e+06	0.00110819
1.04956e+06	0.000713575
1.04966e+06	0.000454907
1.04976e+06	0.000287119
1.04986e+06	0.000179415
1.04996e+06	0.000110998
1.05006e+06	6.79869e-05
1.05016e+06	4.12281e-05
1.05026e+06	2.47525e-05
1.05036e+06	1.4713e-05
1.05046e+06	8.65846e-06
1.05056e+06	5.04472e-06
1.05066e+06	2.90999e-06
1.05076e+06	1.66189e-06
1.05086e+06	9.39656e-07
1.05096e+06	5.2601e-07
1.05106e+06	2.91525e-07
1.05116e+06	1.59961e-07
1.05126e+06	8.68981e-08
1.05136e+06	4.67373e-08
1.05146e+06	2.4887e-08
1.05156e+06	1.31202e-08
1.05166e+06	6.84801e-09
1.05176e+06	3.53872e-09
1.05186e+06	1.81044e-09
1.05196e+06	9.17021e-10
1.05206e+06	4.59866e-10
1.05216e+06	2.28318e-10
1.05226e+06	1.1223e-10
1.05236e+06	5.46174e-11
1.05246e+06	2.63155e-11
1.05256e+06	1.2553e-11
1.05266e+06	5.92848e-12
1.05276e+06	2.77201e-12
1.05286e+06	1.28323e-12
1.05296e+06	5.88126e-13
1.05306e+06	2.66866e-13
1.05316e+06	1.19887e-13
1.05326e+06	5.33224e-14
1.05336e+06	2.34803e-14
1.05346e+06	1.02366e-14
1.05356e+06	4.41838e-15
1.05366e+06	1.88811e-15
1.05376e+06	7.98823e-16
1.05386e+06	3.34603e-16
1.05396e+06	1.38761e-16
1.05406e+06	5.69718e-17
1.05416e+06	2.31585e-17
1.05426e+06	9.32004e-18
1.05436e+06	3.71349e-18
1.05446e+06	1.46489e-18
1.05456e+06	5.72114e-19
1.05466e+06	2.21217e-19
1.05476e+06	8.4686e-20
1.05486e+06	3.20968e-20
1.05496e+06	1.20439e-20
1.05506e+06	4.47437e-21
1.05516e+06	1.64571e-21
1.05526e+06	5.99282e-22
1.05536e+06	2.16056e-22
1.05546e+06	7.71186e-23
1.05556e+06	2.72526e-23
1.05566e+06	9.53486e-24
1.05576e+06	3.30277e-24
1.05586e+06	1.13266e-24
1.05596e+06	3.8457e-25
1.05606e+06	1.29274e-25
1.05616e+06	4.30231e-26
1.05626e+06	1.41759e-26
1.05636e+06	4.62441e-27
1.05646e+06	1.49355e-27
1.05656e+06	4.77572e-28
1.05666e+06	1.51187e-28
1.05676e+06	4.7386e-29
1.05686e+06	1.47042e-29
1.05696e+06	4.5174e-30
1.05706e+06	1.37402e-30
1.05716e+06	4.13767e-31
1.05726e+06	1.2336e-31
1.05736e+06	3.64126e-32
1.05746e+06	1.06411e-32
1.05756e+06	3.07875e-33
1.05766e+06	8.81907e-34
1.05776e+06	2.50108e-34
1.05786e+06	7.02245e-35
1.05796e+06	1.95212e-35
1.05806e+06	5.37258e-36
1.05816e+06	1.46391e-36
1.05826e+06	3.94917e-37
1.05836e+06	1.05476e-37
1.05846e+06	2.78905e-38
1.05856e+06	7.30158e-39
1.05866e+06	1.8925e-39
1.05876e+06	4.85635e-40
1.05886e+06	1.23379e-40
1.05896e+06	3.10335e-41
1.05906e+06	7.72818e-42
1.05916e+06	1.90538e-42
1.05926e+06	4.65094e-43
1.05936e+06	1.12398e-43
1.05946e+06	2.68926e-44
1.05956e+06	6.37036e-45
1.05966e+06	1.49401e-45
1.05976e+06	3.46895e-46
1.05986e+06	7.97445e-47
1.05996e+06	1.81494e-47
1.06006e+06	4.08978e-48
1.06016e+06	9.13318e-49
1.06026e+06	2.06124e-49
1.06036e+06	6.54302e-50
1.06046e+06	1.07377e-49
1.06056e+06	4.45564e-49
1.06066e+06	1.991e-48
1.06076e+06	8.84505e-48
1.06086e+06	3.89111e-47
1.06096e+06	1.69476e-46
1.06106e+06	7.30802e-46
1.06116e+06	3.11995e-45
1.06126e+06	1.31872e-44
1.06136e+06	5.51844e-44
1.06146e+06	2.28632e-43
1.06156e+06	9.37806e-43
1.06166e+06	3.80844e-42
1.06176e+06	1.53122e-41
1.06186e+06	6.09517e-41
1.06196e+06	2.4021e-40
1.06206e+06	9.37244e-40
1.06216e+06	3.62053e-39
1.06226e+06	1.38468e-38
1.06236e+06	5.24302e-38
1.06246e+06	1.96549e-37
1.06256e+06	7.2949e-37
1.06266e+06	2.68055e-36
1.06276e+06	9.7518e-36
1.06286e+06	3.5124e-35
1.06296e+06	1.2525e-34
1.06306e+06	4.42193e-34
1.06316e+06	1.54562e-33
1.06326e+06	5.3487e-33
1.06336e+06	1.83253e-32
1.06346e+06	6.21603e-32
1.06356e+06	2.08752e-31
1.06366e+06	6.94074e-31
1.06376e+06	2.28475e-30
1.06386e+06	7.44606e-30
1.06396e+06	2.40255e-29
1.06406e+06	7.67496e-29
1.06416e+06	2.42737e-28
1.06426e+06	7.6007e-28
1.06436e+06	2.35629e-27
1.06446e+06	7.23202e-27
1.06456e+06	2.1976e-26
1.06466e+06	6.6114e-26
1.06476e+06	1.96923e-25
1.06486e+06	5.80705e-25
1.06496e+06	1.6954e-24
1.06506e+06	4.90056e-24
1.06516e+06	1.40242e-23
1.06526e+06	3.97342e-23
1.06536e+06	1.11458e-22
1.06546e+06	3.09536e-22
1.06556e+06	8.5108e-22
1.06566e+06	2.31679e-21
1.06576e+06	6.24396e-21
1.06586e+06	1.66606e-20
1.06596e+06	4.40126e-20
1.06606e+06	1.15112e-19
1.06616e+06	2.98073e-19
1.06626e+06	7.64155e-19
1.06636e+06	1.93953e-18
1.06646e+06	4.87382e-18
1.06656e+06	1.21255e-17
1.06666e+06	2.98666e-17
1.06676e+06	7.28331e-17
1.06686e+06	1.75845e-16
1.06696e+06	4.20327e-16
1.06706e+06	9.94724e-16
1.06716e+06	2.33064e-15
1.06726e+06	5.40634e-15
1.06736e+06	1.24162e-14
1.06746e+06	2.82314e-14
1.06756e+06	6.35525e-14
1.06766e+06	1.41641e-13
1.06776e+06	3.12539e-13
1.06786e+06	6.82771e-13
1.06796e+06	1.47674e-12
1.06806e+06	3.1622e-12
1.06816e+06	6.70396e-12
1.06826e+06	1.40712e-11
1.06836e+06	2.92407e-11
1.06846e+06	6.01591e-11
1.06856e+06	1.22538e-10
1.06866e+06	2.47115e-10
1.06876e+06	4.93383e-10
1.06886e+06	9.75273e-10
1.06896e+06	1.90864e-09
1.06906e+06	3.69812e-09
1.06916e+06	7.09404e-09
1.06926e+06	1.3473e-08
1.06936e+06	2.53333e-08
1.06946e+06	4.71602e-08
1.06956e+06	8.69194e-08
1.06966e+06	1.58604e-07
1.06976e+06	2.8653e-07
1.06986e+06	5.12487e-07
1.06996e+06	9.07511e-07
1.07006e+06	1.59103e-06
1.07016e+06	2.76161e-06
1.07026e+06	4.74573e-06
1.07036e+06	8.07421e-06
1.07046e+06	1.36005e-05
1.07056e+06	2.26812e-05
1.07066e+06	3.74486e-05
1.07076e+06	6.12155e-05
1.07086e+06	9.90705e-05
1.07096e+06	0.000158739
1.07106e+06	0.000251815
1.07116e+06	0.00039549
1.07126e+06	0.00061496
1.07136e+06	0.000946706
1.07146e+06	0.00144291
1.07156e+06	0.00217732
1.07166e+06	0.00325283
1.07176e+06	0.00481125
1.07186e+06	0.0070455
1.07196e+06	0.0102146
1.07206e+06	0.0146619
1.07216e+06	0.020836
1.07226e+06	0.0293154
1.07236e+06	0.0408352
1.07246e+06	0.0563159
1.07256e+06	0.0768925
1.07266e+06	0.103943
1.07276e+06	0.139111
1.07286e+06	0.184325
1.07296e+06	0.241805
1.07306e+06	0.314054
1.07316e+06	0.403831
1.07326e+06	0.514105
1.07336e+06	0.647979
1.07346e+06	0.808588
1.07356e+06	0.998966
1.07366e+06	1.22189
1.07376e+06	1.47968
1.07386e+06	1.77404
1.07396e+06	2.10579
1.07406e+06	2.47471
1.07416e+06	2.87932
1.07426e+06	3.31675
1.07436e+06	3.78261
1.07446e+06	4.27099
1.07456e+06	4.77445
1.07466e+06	5.28414
1.07476e+06	5.79005
1.07486e+06	6.28127
1.07496e+06	6.74636
1.07506e+06	7.17379
1.07516e+06	7.5524
1.07526e+06	7.87188
1.07536e+06	8.12323
1.07546e+06	8.2992
1.07556e+06	8.39462
1.07566e+06	8.40664
1.07576e+06	8.33491
1.07586e+06	8.18157
1.07596e+06	7.95114
1.07606e+06	7.65032
1.07616e+06	7.28763
1.07626e+06	6.87306
1.07636e+06	6.41758
1.07646e+06	5.93266
1.07656e+06	5.42981
1.07666e+06	4.92013
1.07676e+06	4.41393
1.07686e+06	3.92041
1.07696e+06	3.44743
1.07706e+06	3.00134
1.07716e+06	2.58698
1.07726e+06	2.20764
1.07736e+06	1.86517
1.07746e+06	1.56015
1.07756e+06	1.29203
1.07766e+06	1.05934
1.07776e+06	0.859915
1.07786e+06	0.691086
1.07796e+06	0.549878
1.07806e+06	0.433169
1.07816e+06	0.337835
1.07826e+06	0.260862
1.07836e+06	0.199422
1.07846e+06	0.150935
1.07856e+06	0.113101
1.07866e+06	0.0839075
1.07876e+06	0.0616298
1.07886e+06	0.0448166
1.07896e+06	0.0322658
1.07906e+06	0.0229988
1.07916e+06	0.0162302
1.07926e+06	0.0113396
1.07936e+06	0.00784388
1.07946e+06	0.00537181
1.07956e+06	0.00364223
1.07966e+06	0.00244496
1.07976e+06	0.00162492
1.07986e+06	0.00106918
1.07996e+06	0.000696506
1.08006e+06	0.000449218
1.08016e+06	0.000286844
1.08026e+06	0.000181339
1.08036e+06	0.0001135
1.08046e+06	7.03324e-05
1.08056e+06	4.31492e-05
1.08066e+06	2.62088e-05
1.08076e+06	1.57608e-05
1.08086e+06	9.38355e-06
1.08096e+06	5.53111e-06
1.08106e+06	3.22786e-06
1.08116e+06	1.86498e-06
1.08126e+06	1.06682e-06
1.08136e+06	6.04178e-07
1.08146e+06	3.38763e-07
1.08156e+06	1.88055e-07
1.08166e+06	1.03354e-07
1.08176e+06	5.62381e-08
1.08186e+06	3.02963e-08
1.08196e+06	1.61587e-08
1.08206e+06	8.53255e-09
1.08216e+06	4.46076e-09
1.08226e+06	2.30885e-09
1.08236e+06	1.18315e-09
1.08246e+06	6.00264e-10
1.08256e+06	3.01509e-10
1.08266e+06	1.49939e-10
1.08276e+06	7.38224e-11
1.08286e+06	3.59847e-11
1.08296e+06	1.73662e-11
1.08306e+06	8.29752e-12
1.08316e+06	3.92508e-12
1.08326e+06	1.83826e-12
1.08336e+06	8.52357e-13
1.08346e+06	3.91285e-13
1.08356e+06	1.77837e-13
1.08366e+06	8.00218e-14
1.08376e+06	3.56493e-14
1.08386e+06	1.57236e-14
1.08396e+06	6.86608e-15
1.08406e+06	2.9684e-15
1.08416e+06	1.27056e-15
1.08426e+06	5.38422e-16
1.08436e+06	2.25896e-16
1.08446e+06	9.38319e-17
1.08456e+06	3.85878e-17
1.08466e+06	1.57111e-17
1.08476e+06	6.33315e-18
1.08486e+06	2.5275e-18
1.08496e+06	9.98662e-19
1.08506e+06	3.90664e-19
1.08516e+06	1.51302e-19
1.08526e+06	5.80155e-20
1.08536e+06	2.20242e-20
1.08546e+06	8.27776e-21
1.08556e+06	3.08023e-21
1.08566e+06	1.13478e-21
1.08576e+06	4.13899e-22
1.08586e+06	1.49464e-22
1.08596e+06	5.3436e-23
1.08606e+06	1.89142e-23
1.08616e+06	6.62829e-24
1.08626e+06	2.2997e-24
1.08636e+06	7.89946e-25
1.08646e+06	2.68646e-25
1.08656e+06	9.04527e-26
1.08666e+06	3.01522e-26
1.08676e+06	9.95116e-27
1.08686e+06	3.25151e-27
1.08696e+06	1.05185e-27
1.08706e+06	3.36884e-28
1.08716e+06	1.06823e-28
1.08726e+06	3.35354e-29
1.08736e+06	1.04232e-29
1.08746e+06	3.20741e-30
1.08756e+06	9.7716e-31
1.08766e+06	2.94736e-31
1.08776e+06	8.80155e-32
1.08786e+06	2.6022e-32
1.08796e+06	7.61694e-33
1.08806e+06	2.20738e-33
1.08816e+06	6.33331e-34
1.08826e+06	1.79904e-34
1.08836e+06	5.05951e-35
1.08846e+06	1.40875e-35
1.08856e+06	3.88343e-36
1.08866e+06	1.05987e-36
1.08876e+06	2.86385e-37
1.08886e+06	7.6613e-38
1.08896e+06	2.02914e-38
1.08906e+06	5.32083e-39
1.08916e+06	1.38135e-39
1.08926e+06	3.55046e-40
1.08936e+06	9.03489e-41
1.08946e+06	2.27624e-41
1.08956e+06	5.67767e-42
1.08966e+06	1.4021e-42
1.08976e+06	3.42804e-43
1.08986e+06	8.29792e-44
1.08996e+06	1.98861e-44
1.09006e+06	4.71832e-45
1.09016e+06	1.10836e-45
1.09026e+06	2.57771e-46
1.09036e+06	5.9353e-47
1.09046e+06	1.35303e-47
1.09056e+06	3.05373e-48
1.09066e+06	6.82356e-49
1.09076e+06	1.50955e-49
1.09086e+06	3.3063e-50
1.09096e+06	7.16956e-51
1.09106e+06	1.53922e-51
1.09116e+06	3.27164e-52
1.09126e+06	6.88475e-53
1.09136e+06	1.43439e-53
1.09146e+06	2.95872e-54
1.09156e+06	6.04223e-55
1.09166e+06	1.22165e-55
1.09176e+06	2.44543e-56
1.09186e+06	4.8464e-57
1.09196e+06	9.50914e-58
1.09206e+06	1.84722e-58
1.09216e+06	3.55267e-59
1.09226e+06	6.76469e-60
1.09236e+06	1.27526e-60
1.09246e+06	2.38015e-61
1.09256e+06	4.39814e-62
1.09266e+06	8.04618e-63
1.09276e+06	1.45736e-63
1.09286e+06	2.61338e-64
1.09296e+06	4.63975e-65
1.09306e+06	8.15538e-66
1.09316e+06	1.41922e-66
1.09326e+06	2.4452e-67
1.09336e+06	4.17094e-68
1.09346e+06	7.04387e-69
1.09356e+06	1.17773e-69
1.09366e+06	1.94956e-70
1.09376e+06	3.19511e-71
1.09386e+06	5.18432e-72
1.09396e+06	8.32826e-73
1.09406e+06	1.32457e-73
1.09416e+06	2.0857e-74
1.09426e+06	3.25151e-75
1.09436e+06	5.01852e-76
1.09446e+06	7.66873e-77
1.09456e+06	1.16019e-77
1.09466e+06	1.73776e-78
1.09476e+06	2.57697e-79
1.09486e+06	3.78343e-80
1.09496e+06	5.49945e-81
1.09506e+06	7.91425e-82
1.09516e+06	1.1276e-82
1.09526e+06	1.5906e-83
1.09536e+06	2.22138e-84
1.09546e+06	3.07143e-85
1.09556e+06	4.20452e-86
1.09566e+06	5.69835e-87
1.09576e+06	7.64609e-88
1.09586e+06	1.01575e-88
1.09596e+06	1.33595e-89
1.09606e+06	1.7396e-90
1.09616e+06	2.24269e-91
1.09626e+06	2.86249e-92
1.09636e+06	3.61722e-93
1.09646e+06	4.52548e-94
1.09656e+06	5.60545e-95
1.09666e+06	6.87407e-96
1.09676e+06	8.34592e-97
1.09686e+06	1.00321e-97
1.09696e+06	1.19389e-98
1.09706e+06	1.4067e-99
1.09716e+06	1.64183e-100
1.09726e+06	1.97578e-101
1.09736e+06	9.20496e-102
1.09746e+06	6.10254e-101
1.09756e+06	5.19694e-100
1.09766e+06	4.39892e-99
1.09776e+06	3.68658e-98
1.09786e+06	3.05885e-97
1.09796e+06	2.51276e-96
1.09806e+06	2.04362e-95
1.09816e+06	1.64553e-94
1.09826e+06	1.3118e-93
1.09836e+06	1.03535e-92
1.09846e+06	8.09034e-92
1.09856e+06	6.25894e-91
1.09866e+06	4.79394e-90
1.09876e+06	3.6353e-89
1.09886e+06	2.72927e-88
1.09896e+06	2.02866e-87
1.09906e+06	1.49289e-86
1.09916e+06	1.08769e-85
1.09926e+06	7.84583e-85
1.09936e+06	5.60311e-84
1.09946e+06	3.96166e-83
1.09956e+06	2.77321e-82
1.09966e+06	1.92196e-81
1.09976e+06	1.31875e-80
1.09986e+06	8.95858e-80
1.09996e+06	6.02521e-79
1.10006e+06	4.01201e-78
1.10016e+06	2.6449e-77
1.10026e+06	1.72629e-76
1.10036e+06	1.11551e-75
1.10046e+06	7.13664e-75
1.10056e+06	4.52032e-74
1.10066e+06	2.83466e-73
1.10076e+06	1.75991e-72
1.10086e+06	1.08178e-71
1.10096e+06	6.58326e-71
1.10106e+06	3.96645e-70
1.10116e+06	2.36603e-69
1.10126e+06	1.39732e-68
1.10136e+06	8.17008e-68
1.10146e+06	4.7295e-67
1.10156e+06	2.71057e-66
1.10166e+06	1.53803e-65
1.10176e+06	8.64021e-65
1.10186e+06	4.80553e-64
1.10196e+06	2.64616e-63
1.10206e+06	1.4426e-62
1.10216e+06	7.78637e-62
1.10226e+06	4.16084e-61
1.10236e+06	2.20132e-60
1.10246e+06	1.15304e-59
1.10256e+06	5.97942e-59
1.10266e+06	3.06996e-58
1.10276e+06	1.5605e-57
1.10286e+06	7.85328e-57
1.10296e+06	3.91287e-56
1.10306e+06	1.93018e-55
1.10316e+06	9.42663e-55
1.10326e+06	4.55798e-54
1.10336e+06	2.18195e-53
1.10346e+06	1.03413e-52
1.10356e+06	4.85246e-52
1.10366e+06	2.25427e-51
1.10376e+06	1.03683e-50
1.10386e+06	4.72135e-50
1.10396e+06	2.12854e-49
1.10406e+06	9.50066e-49
1.10416e+06	4.19839e-48
1.10426e+06	1.83683e-47
1.10436e+06	7.95633e-47
1.10446e+06	3.41204e-46
1.10456e+06	1.44868e-45
1.10466e+06	6.08956e-45
1.10476e+06	2.5343e-44
1.10486e+06	1.04421e-43
1.10496e+06	4.25963e-43
1.10506e+06	1.72034e-42
1.10516e+06	6.87884e-42
1.10526e+06	2.72315e-41
1.10536e+06	1.0673e-40
1.10546e+06	4.1415e-40
1.10556e+06	1.59106e-39
1.10566e+06	6.05161e-39
1.10576e+06	2.27884e-38
1.10586e+06	8.49596e-38
1.10596e+06	3.13595e-37
1.10606e+06	1.14599e-36
1.10616e+06	4.14623e-36
1.10626e+06	1.48518e-35
1.10636e+06	5.26702e-35
1.10646e+06	1.8493e-34
1.10656e+06	6.42844e-34
1.10666e+06	2.21239e-33
1.10676e+06	7.53831e-33
1.10686e+06	2.54299e-32
1.10696e+06	8.49319e-32
1.10706e+06	2.80837e-31
1.10716e+06	9.19382e-31
1.10726e+06	2.97985e-30
1.10736e+06	9.56201e-30
1.10746e+06	3.03782e-29
1.10756e+06	9.55501e-29
1.10766e+06	2.97548e-28
1.10776e+06	9.17362e-28
1.10786e+06	2.80015e-27
1.10796e+06	8.46211e-27
1.10806e+06	2.53182e-26
1.10816e+06	7.49972e-26
1.10826e+06	2.19945e-25
1.10836e+06	6.38615e-25
1.10846e+06	1.83579e-24
1.10856e+06	5.22471e-24
1.10866e+06	1.47217e-23
1.10876e+06	4.10689e-23
1.10886e+06	1.13429e-22
1.10896e+06	3.10164e-22
1.10906e+06	8.39686e-22
1.10916e+06	2.2506e-21
1.10926e+06	5.97225e-21
1.10936e+06	1.56904e-20
1.10946e+06	4.0812e-20
1.10956e+06	1.05099e-19
1.10966e+06	2.67957e-19
1.10976e+06	6.76379e-19
1.10986e+06	1.69033e-18
1.10996e+06	4.18225e-18
1.11006e+06	1.02449e-17
1.11016e+06	2.48461e-17
1.11026e+06	5.9658e-17
1.11036e+06	1.41819e-16
1.11046e+06	3.33779e-16
1.11056e+06	7.7775e-16
1.11066e+06	1.79423e-15
1.11076e+06	4.09801e-15
1.11086e+06	9.26671e-15
1.11096e+06	2.0746e-14
1.11106e+06	4.59834e-14
1.11116e+06	1.00908e-13
1.11126e+06	2.19232e-13
1.11136e+06	4.71565e-13
1.11146e+06	1.00424e-12
1.11156e+06	2.11733e-12
1.11166e+06	4.41974e-12
1.11176e+06	9.13402e-12
1.11186e+06	1.86889e-11
1.11196e+06	3.78586e-11
1.11206e+06	7.59278e-11
1.11216e+06	1.50763e-10
1.11226e+06	2.96378e-10
1.11236e+06	5.76838e-10
1.11246e+06	1.11152e-09
1.11256e+06	2.12051e-09
1.11266e+06	4.00516e-09
1.11276e+06	7.48956e-09
1.11286e+06	1.38659e-08
1.11296e+06	2.54156e-08
1.11306e+06	4.61219e-08
1.11316e+06	8.2865e-08
1.11326e+06	1.47398e-07
1.11336e+06	2.5958e-07
1.11346e+06	4.52592e-07
1.11356e+06	7.81267e-07
1.11366e+06	1.33521e-06
1.11376e+06	2.25921e-06
1.11386e+06	3.7846e-06
1.11396e+06	6.27683e-06
1.11406e+06	1.03067e-05
1.11416e+06	1.67553e-05
1.11426e+06	2.69678e-05
1.11436e+06	4.29728e-05
1.11446e+06	6.77954e-05
1.11456e+06	0.000105892
1.11466e+06	0.000163751
1.11476e+06	0.000250704
1.11486e+06	0.00038001
1.11496e+06	0.000570278
1.11506e+06	0.000847296
1.11516e+06	0.00124635
1.11526e+06	0.00181511
1.11536e+06	0.00261711
1.11546e+06	0.00373593
1.11556e+06	0.00527999
1.11566e+06	0.00738794
1.11576e+06	0.0102346
1.11586e+06	0.0140371
1.11596e+06	0.0190607
1.11606e+06	0.0256246
1.11616e+06	0.0341062
1.11626e+06	0.0449434
1.11636e+06	0.0586349
1.11646e+06	0.0757362
1.11656e+06	0.0968519
1.11666e+06	0.122622
1.11676e+06	0.153705
1.11686e+06	0.190749
1.11696e+06	0.234367
1.11706e+06	0.285092
1.11716e+06	0.343346
1.11726e+06	0.409388
1.11736e+06	0.483277
1.11746e+06	0.564825
1.11756e+06	0.653565
1.11766e+06	0.748722
1.11776e+06	0.849199
1.11786e+06	0.953576
1.11796e+06	1.06013
1.11806e+06	1.16686
1.11816e+06	1.27156
1.11826e+06	1.37186
1.11836e+06	1.46535
1.11846e+06	1.54963
1.11856e+06	1.62246
1.11866e+06	1.68181
1.11876e+06	1.72598
1.11886e+06	1.75369
1.11896e+06	1.76411
1.11906e+06	1.75694
1.11916e+06	1.73239
1.11926e+06	1.69118
1.11936e+06	1.63452
1.11946e+06	1.56405
1.11956e+06	1.48172
1.11966e+06	1.38976
1.11976e+06	1.29053
1.11986e+06	1.18647
1.11996e+06	1.07994
1.12006e+06	0.973199
1.12016e+06	0.86828
1.12026e+06	0.766964
1.12036e+06	0.67073
1.12046e+06	0.580734
1.12056e+06	0.49781
1.12066e+06	0.422481
1.12076e+06	0.354983
1.12086e+06	0.295301
1.12096e+06	0.243209
1.12106e+06	0.198313
1.12116e+06	0.160096
1.12126e+06	0.127958
1.12136e+06	0.101253
1.12146e+06	0.0793248
1.12156e+06	0.0615271
1.12166e+06	0.0472476
1.12176e+06	0.0359212
1.12186e+06	0.0270383
1.12196e+06	0.0201495
1.12206e+06	0.0148664
1.12216e+06	0.0108594
1.12226e+06	0.00785349
1.12236e+06	0.00562311
1.12246e+06	0.00398609
1.12256e+06	0.00279753
1.12266e+06	0.00194383
1.12276e+06	0.00133721
1.12286e+06	0.00091075
1.12296e+06	0.000614123
1.12306e+06	0.000409985
1.12316e+06	0.00027098
1.12326e+06	0.000177323
1.12336e+06	0.000114881
1.12346e+06	7.36868e-05
1.12356e+06	4.67938e-05
1.12366e+06	2.942e-05
1.12376e+06	1.83128e-05
1.12386e+06	1.12856e-05
1.12396e+06	6.88575e-06
1.12406e+06	4.15944e-06
1.12416e+06	2.48757e-06
1.12426e+06	1.4729e-06
1.12436e+06	8.6343e-07
1.12446e+06	5.01117e-07
1.12456e+06	2.87946e-07
1.12466e+06	1.63812e-07
1.12476e+06	9.22709e-08
1.12486e+06	5.14687e-08
1.12496e+06	2.8449e-08
1.12506e+06	1.56216e-08
1.12516e+06	8.60212e-09
1.12526e+06	4.91243e-09
1.12536e+06	3.22049e-09
1.12546e+06	2.92314e-09
1.12556e+06	3.96364e-09
1.12566e+06	6.84008e-09
1.12576e+06	1.28191e-08
1.12586e+06	2.4436e-08
1.12596e+06	4.64536e-08
1.12606e+06	8.75997e-08
1.12616e+06	1.6363e-07
1.12626e+06	3.02647e-07
1.12636e+06	5.5422e-07
1.12646e+06	1.00482e-06
1.12656e+06	1.80366e-06
1.12666e+06	3.20537e-06
1.12676e+06	5.63972e-06
1.12686e+06	9.82413e-06
1.12696e+06	1.69429e-05
1.12706e+06	2.89294e-05
1.12716e+06	4.89043e-05
1.12726e+06	8.18488e-05
1.12736e+06	0.000135623
1.12746e+06	0.000222492
1.12756e+06	0.000361368
1.12766e+06	0.00058109
1.12776e+06	0.00092511
1.12786e+06	0.00145815
1.12796e+06	0.00227544
1.12806e+06	0.0035155
1.12816e+06	0.00537731
1.12826e+06	0.00814331
1.12836e+06	0.0122094
1.12846e+06	0.0181236
1.12856e+06	0.0266349
1.12866e+06	0.0387538
1.12876e+06	0.0558258
1.12886e+06	0.0796183
1.12896e+06	0.112421
1.12906e+06	0.157159
1.12916e+06	0.217515
1.12926e+06	0.298054
1.12936e+06	0.404351
1.12946e+06	0.543099
1.12956e+06	0.722198
1.12966e+06	0.950803
1.12976e+06	1.23932
1.12986e+06	1.5993
1.12996e+06	2.04332
1.13006e+06	2.58463
1.13016e+06	3.23682
1.13026e+06	4.01324
1.13036e+06	4.92639
1.13046e+06	5.98715
1.13056e+06	7.2039
1.13066e+06	8.58169
1.13076e+06	10.1213
1.13086e+06	11.8183
1.13096e+06	13.6625
1.13106e+06	15.6373
1.13116e+06	17.7196
1.13126e+06	19.8793
1.13136e+06	22.0803
1.13146e+06	24.281
1.13156e+06	26.4353
1.13166e+06	28.4945
1.13176e+06	30.4083
1.13186e+06	32.1279
1.13196e+06	33.607
1.13206e+06	34.8043
1.13216e+06	35.6857
1.13226e+06	36.2253
1.13236e+06	36.4071
1.13246e+06	36.2258
1.13256e+06	35.6868
1.13266e+06	34.8059
1.13276e+06	33.6091
1.13286e+06	32.1304
1.13296e+06	30.4112
1.13306e+06	28.4976
1.13316e+06	26.4387
1.13326e+06	24.2844
1.13336e+06	22.0838
1.13346e+06	19.8827
1.13356e+06	17.7229
1.13366e+06	15.6405
1.13376e+06	13.6655
1.13386e+06	11.8211
1.13396e+06	10.1238
1.13406e+06	8.58399
1.13416e+06	7.20594
1.13426e+06	5.98894
1.13436e+06	4.92794
1.13446e+06	4.01457
1.13456e+06	3.23794
1.13466e+06	2.58557
1.13476e+06	2.04409
1.13486e+06	1.59993
1.13496e+06	1.23982
1.13506e+06	0.951208
1.13516e+06	0.722516
1.13526e+06	0.543347
1.13536e+06	0.404542
1.13546e+06	0.2982
1.13556e+06	0.217625
1.13566e+06	0.157241
1.13576e+06	0.112481
1.13586e+06	0.0796622
1.13596e+06	0.0558575
1.13606e+06	0.0387764
1.13616e+06	0.0266508
1.13626e+06	0.0181347
1.13636e+06	0.0122171
1.13646e+06	0.00814857
1.13656e+06	0.00538087
1.13666e+06	0.00351788
1.13676e+06	0.00227702
1.13686e+06	0.00145918
1.13696e+06	0.000925781
1.13706e+06	0.00058152
1.13716e+06	0.000361641
1.13726e+06	0.000222663
1.13736e+06	0.00013573
1.13746e+06	8.19145e-05
1.13756e+06	4.89444e-05
1.13766e+06	2.89535e-05
1.13776e+06	1.69573e-05
1.13786e+06	9.83265e-06
1.13796e+06	5.64469e-06
1.13806e+06	3.20824e-06
1.13816e+06	1.80531e-06
1.13826e+06	1.00576e-06
1.13836e+06	5.54742e-07
1.13846e+06	3.02933e-07
1.13856e+06	1.63779e-07
1.13866e+06	8.76653e-08
1.13876e+06	4.64573e-08
1.13886e+06	2.43746e-08
1.13896e+06	1.26613e-08
1.13906e+06	6.51142e-09
1.13916e+06	3.31536e-09
1.13926e+06	1.67125e-09
1.13936e+06	8.34086e-10
1.13946e+06	4.12132e-10
1.13956e+06	2.01613e-10
1.13966e+06	9.76471e-11
1.13976e+06	4.68227e-11
1.13986e+06	2.22285e-11
1.13996e+06	1.04477e-11
1.14006e+06	4.86172e-12
1.14016e+06	2.23983e-12
1.14026e+06	1.02164e-12
1.14036e+06	4.61356e-13
1.14046e+06	2.06268e-13
1.14056e+06	9.13033e-14
1.14066e+06	4.00126e-14
1.14076e+06	1.73606e-14
1.14086e+06	7.45742e-15
1.14096e+06	3.17154e-15
1.14106e+06	1.33539e-15
1.14116e+06	5.56679e-16
1.14126e+06	2.29751e-16
1.14136e+06	9.38788e-17
1.14146e+06	3.79782e-17
1.14156e+06	1.5211e-17
1.14166e+06	6.0317e-18
1.14176e+06	2.36798e-18
1.14186e+06	9.20392e-19
1.14196e+06	3.54181e-19
1.14206e+06	1.34938e-19
1.14216e+06	5.0898e-20
1.14226e+06	1.90074e-20
1.14236e+06	7.02755e-21
1.14246e+06	2.57242e-21
1.14256e+06	9.32258e-22
1.14266e+06	3.34494e-22
1.14276e+06	1.18822e-22
1.14286e+06	4.1789e-23
1.14296e+06	1.45507e-23
1.14306e+06	5.01608e-24
1.14316e+06	1.71199e-24
1.14326e+06	5.78489e-25
1.14336e+06	1.93529e-25
1.14346e+06	6.41002e-26
1.14356e+06	2.10218e-26
1.14366e+06	6.83174e-27
1.14376e+06	2.21747e-27
1.14386e+06	7.72462e-28
1.14396e+06	4.48073e-28
1.14406e+06	7.60772e-28
1.14416e+06	2.10016e-27
1.14426e+06	6.18864e-27
1.14436e+06	1.82027e-26
1.14446e+06	5.30515e-26
1.14456e+06	1.53093e-25
1.14466e+06	4.37394e-25
1.14476e+06	1.23723e-24
1.14486e+06	3.46483e-24
1.14496e+06	9.60664e-24
1.14506e+06	2.63705e-23
1.14516e+06	7.16676e-23
1.14526e+06	1.92834e-22
1.14536e+06	5.13691e-22
1.14546e+06	1.35481e-21
1.14556e+06	3.5376e-21
1.14566e+06	9.14531e-21
1.14576e+06	2.34069e-20
1.14586e+06	5.93128e-20
1.14596e+06	1.48802e-19
1.14606e+06	3.69595e-19
1.14616e+06	9.08868e-19
1.14626e+06	2.21275e-18
1.14636e+06	5.33361e-18
1.14646e+06	1.27282e-17
1.14656e+06	3.00725e-17
1.14666e+06	7.03444e-17
1.14676e+06	1.62909e-16
1.14686e+06	3.73525e-16
1.14696e+06	8.47913e-16
1.14706e+06	1.90563e-15
1.14716e+06	4.24018e-15
1.14726e+06	9.34085e-15
1.14736e+06	2.03726e-14
1.14746e+06	4.39908e-14
1.14756e+06	9.40449e-14
1.14766e+06	1.99052e-13
1.14776e+06	4.17112e-13
1.14786e+06	8.65362e-13
1.14796e+06	1.77746e-12
1.14806e+06	3.61458e-12
1.14816e+06	7.27735e-12
1.14826e+06	1.45059e-11
1.14836e+06	2.8627e-11
1.14846e+06	5.59323e-11
1.14856e+06	1.08195e-10
1.14866e+06	2.07208e-10
1.14876e+06	3.92885e-10
1.14886e+06	7.37531e-10
1.14896e+06	1.37073e-09
1.14906e+06	2.52221e-09
1.14916e+06	4.59482e-09
1.14926e+06	8.28727e-09
1.14936e+06	1.47983e-08
1.14946e+06	2.61619e-08
1.14956e+06	4.57913e-08
1.14966e+06	7.93515e-08
1.14976e+06	1.36139e-07
1.14986e+06	2.31243e-07
1.14996e+06	3.88877e-07
1.15006e+06	6.47458e-07
1.15016e+06	1.06725e-06
1.15026e+06	1.74173e-06
1.15036e+06	2.81419e-06
1.15046e+06	4.50174e-06
1.15056e+06	7.12961e-06
1.15066e+06	1.11791e-05
1.15076e+06	1.73543e-05
1.15086e+06	2.66725e-05
1.15096e+06	4.0586e-05
1.15106e+06	6.1143e-05
1.15116e+06	9.11956e-05
1.15126e+06	0.000134666
1.15136e+06	0.000196879
1.15146e+06	0.000284969
1.15156e+06	0.00040837
1.15166e+06	0.000579384
1.15176e+06	0.000813834
1.15186e+06	0.00113178
1.15196e+06	0.00155828
1.15206e+06	0.00212416
1.15216e+06	0.00286672
1.15226e+06	0.00383036
1.15236e+06	0.00506701
1.15246e+06	0.00663622
1.15256e+06	0.00860493
1.15266e+06	0.0110466
1.15276e+06	0.0140401
1.15286e+06	0.0176672
1.15296e+06	0.0220101
1.15306e+06	0.0271477
1.15316e+06	0.0331514
1.15326e+06	0.04008
1.15336e+06	0.0479744
1.15346e+06	0.0568525
1.15356e+06	0.0667031
1.15366e+06	0.0774818
1.15376e+06	0.0891067
1.15386e+06	0.101456
1.15396e+06	0.114368
1.15406e+06	0.127639
1.15416e+06	0.141034
1.15426e+06	0.154284
1.15436e+06	0.167099
1.15446e+06	0.179177
1.15456e+06	0.190217
1.15466e+06	0.199929
1.15476e+06	0.208044
1.15486e+06	0.214336
1.15496e+06	0.21862
1.15506e+06	0.220771
1.15516e+06	0.220725
1.15526e+06	0.218483
1.15536e+06	0.214112
1.15546e+06	0.207741
1.15556e+06	0.199554
1.15566e+06	0.189782
1.15576e+06	0.178693
1.15586e+06	0.166577
1.15596e+06	0.153738
1.15606e+06	0.140477
1.15616e+06	0.127082
1.15626e+06	0.113821
1.15636e+06	0.100929
1.15646e+06	0.0886069
1.15656e+06	0.0770151
1.15666e+06	0.0662737
1.15676e+06	0.056463
1.15686e+06	0.0476259
1.15696e+06	0.0397722
1.15706e+06	0.0328831
1.15716e+06	0.0269168
1.15726e+06	0.0218138
1.15736e+06	0.0175023
1.15746e+06	0.0139033
1.15756e+06	0.0109344
1.15766e+06	0.00851398
1.15776e+06	0.00656335
1.15786e+06	0.00500929
1.15796e+06	0.00378515
1.15806e+06	0.0028317
1.15816e+06	0.00209734
1.15826e+06	0.00153796
1.15836e+06	0.00111656
1.15846e+06	0.000802554
1.15856e+06	0.000571115
1.15866e+06	0.000402374
1.15876e+06	0.000280668
1.15886e+06	0.000193827
1.15896e+06	0.000132523
1.15906e+06	8.9707e-05
1.15916e+06	6.01199e-05
1.15926e+06	3.98903e-05
1.15936e+06	2.62043e-05
1.15946e+06	1.70426e-05
1.15956e+06	1.09738e-05
1.15966e+06	6.99572e-06
1.15976e+06	4.41536e-06
1.15986e+06	2.75904e-06
1.15996e+06	1.70689e-06
1.16006e+06	1.04547e-06
1.16016e+06	6.33977e-07
1.16026e+06	3.80621e-07
1.16036e+06	2.2624e-07
1.16046e+06	1.33138e-07
1.16056e+06	7.75699e-08
1.16066e+06	4.47446e-08
1.16076e+06	2.55532e-08
1.16086e+06	1.4448e-08
1.16096e+06	8.08771e-09
1.16106e+06	4.4823e-09
1.16116e+06	2.45943e-09
1.16126e+06	1.33605e-09
1.16136e+06	7.18573e-10
1.16146e+06	3.82626e-10
1.16156e+06	2.01714e-10
1.16166e+06	1.05282e-10
1.16176e+06	5.44038e-11
1.16186e+06	2.78331e-11
1.16196e+06	1.40978e-11
1.16206e+06	7.06964e-12
1.16216e+06	3.50995e-12
1.16226e+06	1.72529e-12
1.16236e+06	8.39612e-13
1.16246e+06	4.04532e-13
1.16256e+06	1.92968e-13
1.16266e+06	9.11325e-14
1.16276e+06	4.26107e-14
1.16286e+06	1.97252e-14
1.16296e+06	9.04027e-15
1.16306e+06	4.10203e-15
1.16316e+06	1.84278e-15
1.16326e+06	8.19603e-16
1.16336e+06	3.60904e-16
1.16346e+06	1.57339e-16
1.16356e+06	6.79108e-17
1.16366e+06	2.902e-17
1.16376e+06	1.22776e-17
1.16386e+06	5.14266e-18
1.16396e+06	2.13264e-18
1.16406e+06	8.75599e-19
1.16416e+06	3.55918e-19
1.16426e+06	1.43236e-19
1.16436e+06	5.70703e-20
1.16446e+06	2.25126e-20
1.16456e+06	8.79222e-21
1.16466e+06	3.3996e-21
1.16476e+06	1.30141e-21
1.16486e+06	4.93241e-22
1.16496e+06	1.8508e-22
1.16506e+06	6.87571e-23
1.16516e+06	2.52891e-23
1.16526e+06	9.20884e-24
1.16536e+06	3.31997e-24
1.16546e+06	1.18501e-24
1.16556e+06	4.18758e-25
1.16566e+06	1.46509e-25
1.16576e+06	5.07483e-26
1.16586e+06	1.74035e-26
1.16596e+06	5.90891e-27
1.16606e+06	1.98626e-27
1.16616e+06	6.6103e-28
1.16626e+06	2.17803e-28
1.16636e+06	7.10499e-29
1.16646e+06	2.29467e-29
1.16656e+06	7.33727e-30
1.16666e+06	2.32277e-30
1.16676e+06	7.28009e-31
1.16686e+06	2.25924e-31
1.16696e+06	6.94851e-32
1.16706e+06	2.14123e-32
1.16716e+06	7.43121e-33
1.16726e+06	5.65981e-33
1.16736e+06	1.36156e-32
1.16746e+06	4.49924e-32
1.16756e+06	1.52438e-31
1.16766e+06	5.1289e-31
1.16776e+06	1.70894e-30
1.16786e+06	5.6376e-30
1.16796e+06	1.84128e-29
1.16806e+06	5.95394e-29
1.16816e+06	1.9061e-28
1.16826e+06	6.04147e-28
1.16836e+06	1.89582e-27
1.16846e+06	5.88992e-27
1.16856e+06	1.81167e-26
1.16866e+06	5.51701e-26
1.16876e+06	1.66336e-25
1.16886e+06	4.96509e-25
1.16896e+06	1.46732e-24
1.16906e+06	4.29317e-24
1.16916e+06	1.24362e-23
1.16926e+06	3.56662e-23
1.16936e+06	1.0127e-22
1.16946e+06	2.84685e-22
1.16956e+06	7.92327e-22
1.16966e+06	2.18324e-21
1.16976e+06	5.95599e-21
1.16986e+06	1.60866e-20
1.16996e+06	4.30162e-20
1.17006e+06	1.13882e-19
1.17016e+06	2.98496e-19
1.17026e+06	7.746e-19
1.17036e+06	1.99009e-18
1.17046e+06	5.06205e-18
1.17056e+06	1.27478e-17
1.17066e+06	3.17836e-17
1.17076e+06	7.84562e-17
1.17086e+06	1.91738e-16
1.17096e+06	4.63923e-16
1.17106e+06	1.11133e-15
1.17116e+06	2.63569e-15
1.17126e+06	6.18875e-15
1.17136e+06	1.4387e-14
1.17146e+06	3.31126e-14
1.17156e+06	7.54525e-14
1.17166e+06	1.7022e-13
1.17176e+06	3.80194e-13
1.17186e+06	8.40731e-13
1.17196e+06	1.84063e-12
1.17206e+06	3.98962e-12
1.17216e+06	8.56159e-12
1.17226e+06	1.81901e-11
1.17236e+06	3.82623e-11
1.17246e+06	7.96829e-11
1.17256e+06	1.64292e-10
1.17266e+06	3.3537e-10
1.17276e+06	6.77781e-10
1.17286e+06	1.35616e-09
1.17296e+06	2.68653e-09
1.17306e+06	5.26899e-09
1.17316e+06	1.02311e-08
1.17326e+06	1.96685e-08
1.17336e+06	3.74351e-08
1.17346e+06	7.05412e-08
1.17356e+06	1.31603e-07
1.17366e+06	2.43077e-07
1.17376e+06	4.44507e-07
1.17386e+06	8.0477e-07
1.17396e+06	1.44252e-06
1.17406e+06	2.55993e-06
1.17416e+06	4.49772e-06
1.17426e+06	7.82372e-06
1.17436e+06	1.34738e-05
1.17446e+06	2.29735e-05
1.17456e+06	3.8781e-05
1.17466e+06	6.48138e-05
1.17476e+06	0.000107244
1.17486e+06	0.000175686
1.17496e+06	0.000284943
1.17506e+06	0.000457546
1.17516e+06	0.000727394
1.17526e+06	0.00114488
1.17536e+06	0.00178406
1.17546e+06	0.00275242
1.17556e+06	0.00420415
1.17566e+06	0.00635767
1.17576e+06	0.00951863
1.17586e+06	0.0141094
1.17596e+06	0.0207062
1.17606e+06	0.0300848
1.17616e+06	0.0432765
1.17626e+06	0.0616332
1.17636e+06	0.0869028
1.17646e+06	0.121314
1.17656e+06	0.167665
1.17666e+06	0.229421
1.17676e+06	0.3108
1.17686e+06	0.416855
1.17696e+06	0.553537
1.17706e+06	0.727721
1.17716e+06	0.947198
1.17726e+06	1.2206
1.17736e+06	1.55727
1.17746e+06	1.96702
1.17756e+06	2.45988
1.17766e+06	3.04561
1.17776e+06	3.73329
1.17786e+06	4.53072
1.17796e+06	5.44376
1.17806e+06	6.47572
1.17816e+06	7.62666
1.17826e+06	8.89278
1.17836e+06	10.2659
1.17846e+06	11.7332
1.17856e+06	13.2767
1.17866e+06	14.8738
1.17876e+06	16.4972
1.17886e+06	18.1157
1.17896e+06	19.6951
1.17906e+06	21.1991
1.17916e+06	22.5909
1.17926e+06	23.8346
1.17936e+06	24.8965
1.17946e+06	25.747
1.17956e+06	26.3616
1.17966e+06	26.7222
1.17976e+06	26.8183
1.17986e+06	26.647
1.17996e+06	26.2133
1.18006e+06	25.53
1.18016e+06	24.6172
1.18026e+06	23.5008
1.18036e+06	22.2118
1.18046e+06	20.7846
1.18056e+06	19.2556
1.18066e+06	17.6616
1.18076e+06	16.0384
1.18086e+06	14.4194
1.18096e+06	12.8348
1.18106e+06	11.3107
1.18116e+06	9.86845
1.18126e+06	8.5244
1.18136e+06	7.29013
1.18146e+06	6.17255
1.18156e+06	5.17429
1.18166e+06	4.29431
1.18176e+06	3.52853
1.18186e+06	2.87046
1.18196e+06	2.31188
1.18206e+06	1.84347
1.18216e+06	1.45534
1.18226e+06	1.1375
1.18236e+06	0.880223
1.18246e+06	0.67436
1.18256e+06	0.511503
1.18266e+06	0.384116
1.18276e+06	0.285583
1.18286e+06	0.210213
1.18296e+06	0.153195
1.18306e+06	0.110532
1.18316e+06	0.0789562
1.18326e+06	0.0558396
1.18336e+06	0.039098
1.18346e+06	0.0271035
1.18356e+06	0.0186017
1.18366e+06	0.0126397
1.18376e+06	0.0085031
1.18386e+06	0.00566338
1.18396e+06	0.00373449
1.18406e+06	0.00243805
1.18416e+06	0.00157584
1.18426e+06	0.00100842
1.18436e+06	0.000638885
1.18446e+06	0.000400741
1.18456e+06	0.000248864
1.18466e+06	0.000153009
1.18476e+06	9.31382e-05
1.18486e+06	5.61302e-05
1.18496e+06	3.34906e-05
1.18506e+06	1.97836e-05
1.18516e+06	1.15703e-05
1.18526e+06	6.6995e-06
1.18536e+06	3.84058e-06
1.18546e+06	2.17975e-06
1.18556e+06	1.22483e-06
1.18566e+06	6.81398e-07
1.18576e+06	3.75304e-07
1.18586e+06	2.04655e-07
1.18596e+06	1.10489e-07
1.18606e+06	5.90572e-08
1.18616e+06	3.12524e-08
1.18626e+06	1.63739e-08
1.18636e+06	8.49338e-09
1.18646e+06	4.36192e-09
1.18656e+06	2.2181e-09
1.18666e+06	1.11723e-09
1.18676e+06	5.58177e-10
1.18686e+06	2.78199e-10
1.18696e+06	1.41463e-10
1.18706e+06	7.94061e-11
1.18716e+06	5.95147e-11
1.18726e+06	6.98334e-11
1.18736e+06	1.12569e-10
1.18746e+06	2.03763e-10
1.18756e+06	3.78359e-10
1.18766e+06	7.01871e-10
1.18776e+06	1.29192e-09
1.18786e+06	2.35563e-09
1.18796e+06	4.25299e-09
1.18806e+06	7.60245e-09
1.18816e+06	1.34547e-08
1.18826e+06	2.35749e-08
1.18836e+06	4.08963e-08
1.18846e+06	7.02386e-08
1.18856e+06	1.19433e-07
1.18866e+06	2.01062e-07
1.18876e+06	3.35114e-07
1.18886e+06	5.52984e-07
1.18896e+06	9.0342e-07
1.18906e+06	1.46125e-06
1.18916e+06	2.33999e-06
1.18926e+06	3.7099e-06
1.18936e+06	5.82328e-06
1.18946e+06	9.04961e-06
1.18956e+06	1.39235e-05
1.18966e+06	2.12093e-05
1.18976e+06	3.19859e-05
1.18986e+06	4.77583e-05
1.18996e+06	7.05987e-05
1.19006e+06	0.000103324
1.19016e+06	0.000149714
1.19026e+06	0.000214774
1.19036e+06	0.00030504
1.19046e+06	0.000428933
1.19056e+06	0.000597144
1.19066e+06	0.00082305
1.19076e+06	0.00112313
1.19086e+06	0.00151737
1.19096e+06	0.00202959
1.19106e+06	0.00268772
1.19116e+06	0.00352384
1.19126e+06	0.0045741
1.19136e+06	0.0058783
1.19146e+06	0.00747919
1.19156e+06	0.00942139
1.19166e+06	0.0117499
1.19176e+06	0.014508
1.19186e+06	0.0177353
1.19196e+06	0.0214648
1.19206e+06	0.0257201
1.19216e+06	0.0305123
1.19226e+06	0.0358373
1.19236e+06	0.0416727
1.19246e+06	0.0479762
1.19256e+06	0.0546835
1.19266e+06	0.0617084
1.19276e+06	0.0689428
1.19286e+06	0.076259
1.19296e+06	0.0835123
1.19306e+06	0.0905454
1.19316e+06	0.0971941
1.19326e+06	0.103293
1.19336e+06	0.108682
1.19346e+06	0.113214
1.19356e+06	0.116762
1.19366e+06	0.119223
1.19376e+06	0.120525
1.19386e+06	0.120628
1.19396e+06	0.119531
1.19406e+06	0.117264
1.19416e+06	0.113896
1.19426e+06	0.109524
1.19436e+06	0.104272
1.19446e+06	0.0982841
1.19456e+06	0.0917181
1.19466e+06	0.0847392
1.19476e+06	0.0775123
1.19486e+06	0.0701962
1.19496e+06	0.0629381
1.19506e+06	0.055869
1.19516e+06	0.0491004
1.19526e+06	0.0427225
1.19536e+06	0.0368032
1.19546e+06	0.0313885
1.19556e+06	0.0265041
1.19566e+06	0.0221571
1.19576e+06	0.0183387
1.19586e+06	0.0150274
1.19596e+06	0.0121914
1.19606e+06	0.00979223
1.19616e+06	0.00778693
1.19626e+06	0.00613067
1.19636e+06	0.00477867
1.19646e+06	0.00368777
1.19656e+06	0.00281758
1.19666e+06	0.00213131
1.19676e+06	0.00159615
1.19686e+06	0.00118347
1.19696e+06	0.000868759
1.19706e+06	0.00063139
1.19716e+06	0.000454311
1.19726e+06	0.000323642
1.19736e+06	0.000228263
1.19746e+06	0.00015939
1.19756e+06	0.000110191
1.19766e+06	7.54199e-05
1.19776e+06	5.11074e-05
1.19786e+06	3.42877e-05
1.19796e+06	2.27746e-05
1.19806e+06	1.49768e-05
1.19816e+06	9.75091e-06
1.19826e+06	6.28533e-06
1.19836e+06	4.01114e-06
1.19846e+06	2.53434e-06
1.19856e+06	1.58533e-06
1.19866e+06	9.81817e-07
1.19876e+06	6.02003e-07
1.19886e+06	3.65447e-07
1.19896e+06	2.19638e-07
1.19906e+06	1.30691e-07
1.19916e+06	7.69915e-08
1.19926e+06	4.49052e-08
1.19936e+06	2.59303e-08
1.19946e+06	1.48243e-08
1.19956e+06	8.39072e-09
1.19966e+06	4.70198e-09
1.19976e+06	2.60867e-09
1.19986e+06	1.4329e-09
1.19996e+06	7.79236e-10
1.20006e+06	4.19545e-10
1.20016e+06	2.23638e-10
1.20026e+06	1.18024e-10
1.20036e+06	6.16668e-11
1.20046e+06	3.18999e-11
1.20056e+06	1.63375e-11
1.20066e+06	8.28394e-12
1.20076e+06	4.15859e-12
1.20086e+06	2.06687e-12
1.20096e+06	1.01704e-12
1.20106e+06	4.95469e-13
1.20116e+06	2.38976e-13
1.20126e+06	1.14117e-13
1.20136e+06	5.39512e-14
1.20146e+06	2.52528e-14
1.20156e+06	1.17024e-14
1.20166e+06	5.36906e-15
1.20176e+06	2.43881e-15
1.20186e+06	1.09677e-15
1.20196e+06	4.88325e-16
1.20206e+06	2.15259e-16
1.20216e+06	9.39439e-17
1.20226e+06	4.05914e-17
1.20236e+06	1.73643e-17
1.20246e+06	7.3542e-18
1.20256e+06	3.0837e-18
1.20266e+06	1.28016e-18
1.20276e+06	5.26158e-19
1.20286e+06	2.14103e-19
1.20296e+06	8.62557e-20
1.20306e+06	3.44041e-20
1.20316e+06	1.35859e-20
1.20326e+06	5.31158e-21
1.20336e+06	2.05597e-21
1.20346e+06	7.87892e-22
1.20356e+06	2.98933e-22
1.20366e+06	1.12289e-22
1.20376e+06	4.17598e-23
1.20386e+06	1.53758e-23
1.20396e+06	5.60495e-24
1.20406e+06	2.02285e-24
1.20416e+06	7.22792e-25
1.20426e+06	2.55694e-25
1.20436e+06	8.95538e-26
1.20446e+06	3.10536e-26
1.20456e+06	1.06625e-26
1.20466e+06	3.62937e-27
1.20476e+06	1.23755e-27
1.20486e+06	4.61467e-28
1.20496e+06	2.99551e-28
1.20506e+06	5.34937e-28
1.20516e+06	1.45684e-27
1.20526e+06	4.19985e-27
1.20536e+06	1.20799e-26
1.20546e+06	3.44288e-26
1.20556e+06	9.7158e-26
1.20566e+06	2.71454e-25
1.20576e+06	7.50882e-25
1.20586e+06	2.05638e-24
1.20596e+06	5.57562e-24
1.20606e+06	1.49672e-23
1.20616e+06	3.9778e-23
1.20626e+06	1.04666e-22
1.20636e+06	2.7266e-22
1.20646e+06	7.03228e-22
1.20656e+06	1.79568e-21
1.20666e+06	4.53959e-21
1.20676e+06	1.13622e-20
1.20686e+06	2.81557e-20
1.20696e+06	6.90758e-20
1.20706e+06	1.67781e-19
1.20716e+06	4.03475e-19
1.20726e+06	9.60612e-19
1.20736e+06	2.26431e-18
1.20746e+06	5.28423e-18
1.20756e+06	1.22091e-17
1.20766e+06	2.79282e-17
1.20776e+06	6.32499e-17
1.20786e+06	1.41819e-16
1.20796e+06	3.14821e-16
1.20806e+06	6.91913e-16
1.20816e+06	1.50555e-15
1.20826e+06	3.24338e-15
1.20836e+06	6.91761e-15
1.20846e+06	1.46074e-14
1.20856e+06	3.05383e-14
1.20866e+06	6.32084e-14
1.20876e+06	1.29527e-13
1.20886e+06	2.62788e-13
1.20896e+06	5.27846e-13
1.20906e+06	1.0497e-12
1.20916e+06	2.06671e-12
1.20926e+06	4.02859e-12
1.20936e+06	7.77467e-12
1.20946e+06	1.48549e-11
1.20956e+06	2.81003e-11
1.20966e+06	5.26274e-11
1.20976e+06	9.7582e-11
1.20986e+06	1.79137e-10
1.20996e+06	3.25579e-10
1.21006e+06	5.85848e-10
1.21016e+06	1.04369e-09
1.21026e+06	1.84083e-09
1.21036e+06	3.2145e-09
1.21046e+06	5.55738e-09
1.21056e+06	9.51226e-09
1.21066e+06	1.61196e-08
1.21076e+06	2.70448e-08
1.21086e+06	4.49229e-08
1.21096e+06	7.38772e-08
1.21106e+06	1.20284e-07
1.21116e+06	1.93895e-07
1.21126e+06	3.09442e-07
1.21136e+06	4.88933e-07
1.21146e+06	7.64852e-07
1.21156e+06	1.18457e-06
1.21166e+06	1.81637e-06
1.21176e+06	2.75741e-06
1.21186e+06	4.14436e-06
1.21196e+06	6.16695e-06
1.21206e+06	9.08532e-06
1.21216e+06	1.32516e-05
1.21226e+06	1.9136e-05
1.21236e+06	2.73585e-05
1.21246e+06	3.87249e-05
1.21256e+06	5.42681e-05
1.21266e+06	7.52934e-05
1.21276e+06	0.000103425
1.21286e+06	0.000140654
1.21296e+06	0.000189381
1.21306e+06	0.00025245
1.21316e+06	0.000333176
1.21326e+06	0.000435339
1.21336e+06	0.00056317
1.21346e+06	0.000721287
1.21356e+06	0.000914605
1.21366e+06	0.0011482
1.21376e+06	0.00142711
1.21386e+06	0.00175612
1.21396e+06	0.00213947
1.21406e+06	0.00258058
1.21416e+06	0.00308167
1.21426e+06	0.00364343
1.21436e+06	0.00426474
1.21446e+06	0.00494233
1.21456e+06	0.00567059
1.21466e+06	0.00644142
1.21476e+06	0.00724422
1.21486e+06	0.00806601
1.21496e+06	0.00889167
1.21506e+06	0.00970431
1.21516e+06	0.0104858
1.21526e+06	0.0112176
1.21536e+06	0.011881
1.21546e+06	0.0124584
1.21556e+06	0.0129339
1.21566e+06	0.0132939
1.21576e+06	0.013528
1.21586e+06	0.0136292
1.21596e+06	0.0135946
1.21606e+06	0.0134251
1.21616e+06	0.0131258
1.21626e+06	0.0127055
1.21636e+06	0.0121763
1.21646e+06	0.011553
1.21656e+06	0.0108526
1.21666e+06	0.0100932
1.21676e+06	0.00929349
1.21686e+06	0.00847203
1.21696e+06	0.00764633
1.21706e+06	0.00683244
1.21716e+06	0.00604443
1.21726e+06	0.0052941
1.21736e+06	0.00459077
1.21746e+06	0.00394127
1.21756e+06	0.00334999
1.21766e+06	0.00281909
1.21776e+06	0.00234872
1.21786e+06	0.00193736
1.21796e+06	0.00158214
1.21806e+06	0.0012792
1.21816e+06	0.00102397
1.21826e+06	0.000811515
1.21836e+06	0.000636738
1.21846e+06	0.000494632
1.21856e+06	0.000380418
1.21866e+06	0.000289665
1.21876e+06	0.000218368
1.21886e+06	0.000162981
1.21896e+06	0.000120433
1.21906e+06	8.81066e-05
1.21916e+06	6.38159e-05
1.21926e+06	4.57622e-05
1.21936e+06	3.24894e-05
1.21946e+06	2.28367e-05
1.21956e+06	1.58921e-05
1.21966e+06	1.09494e-05
1.21976e+06	7.46881e-06
1.21986e+06	5.04396e-06
1.21996e+06	3.37248e-06
1.22006e+06	2.23246e-06
1.22016e+06	1.4631e-06
1.22026e+06	9.49342e-07
1.22036e+06	6.09857e-07
1.22046e+06	3.87874e-07
1.22056e+06	2.44236e-07
1.22066e+06	1.5226e-07
1.22076e+06	9.39767e-08
1.22086e+06	5.74263e-08
1.22096e+06	3.47423e-08
1.22106e+06	2.08096e-08
1.22116e+06	1.23403e-08
1.22126e+06	7.24509e-09
1.22136e+06	4.21133e-09
1.22146e+06	2.42355e-09
1.22156e+06	1.38084e-09
1.22166e+06	7.78915e-10
1.22176e+06	4.35005e-10
1.22186e+06	2.40522e-10
1.22196e+06	1.31666e-10
1.22206e+06	7.1359e-11
1.22216e+06	3.82896e-11
1.22226e+06	2.03409e-11
1.22236e+06	1.06984e-11
1.22246e+06	5.57084e-12
1.22256e+06	2.87198e-12
1.22266e+06	1.46588e-12
1.22276e+06	7.40753e-13
1.22286e+06	3.706e-13
1.22296e+06	1.83567e-13
1.22306e+06	9.00202e-14
1.22316e+06	4.37062e-14
1.22326e+06	2.10089e-14
1.22336e+06	9.99816e-15
1.22346e+06	4.71079e-15
1.22356e+06	2.19748e-15
1.22366e+06	1.01488e-15
1.22376e+06	4.64044e-16
1.22386e+06	2.10069e-16
1.22396e+06	9.415e-17
1.22406e+06	4.1777e-17
1.22416e+06	1.83531e-17
1.22426e+06	7.98253e-18
1.22436e+06	3.43739e-18
1.22446e+06	1.46546e-18
1.22456e+06	6.1855e-19
1.22466e+06	2.58484e-19
1.22476e+06	1.06942e-19
1.22486e+06	4.38048e-20
1.22496e+06	1.77645e-20
1.22506e+06	7.13246e-21
1.22516e+06	2.8352e-21
1.22526e+06	1.11579e-21
1.22536e+06	4.34753e-22
1.22546e+06	1.67709e-22
1.22556e+06	6.40516e-23
1.22566e+06	2.42192e-23
1.22576e+06	9.06662e-24
1.22586e+06	3.36038e-24
1.22596e+06	1.23307e-24
1.22606e+06	4.47968e-25
1.22616e+06	1.61124e-25
1.22626e+06	5.73764e-26
1.22636e+06	2.02284e-26
1.22646e+06	7.0607e-27
1.22656e+06	2.44e-27
1.22666e+06	8.34815e-28
1.22676e+06	2.82779e-28
1.22686e+06	9.48333e-29
1.22696e+06	3.14871e-29
1.22706e+06	1.03505e-29
1.22716e+06	3.36857e-30
1.22726e+06	1.08539e-30
1.22736e+06	3.46248e-31
1.22746e+06	1.09356e-31
1.22756e+06	3.41945e-32
1.22766e+06	1.05859e-32
1.22776e+06	3.24455e-33
1.22786e+06	9.84552e-34
1.22796e+06	2.95788e-34
1.22806e+06	8.7979e-35
1.22816e+06	2.5908e-35
1.22826e+06	7.55348e-36
1.22836e+06	2.1803e-36
1.22846e+06	6.2308e-37
1.22856e+06	1.7629e-37
1.22866e+06	4.9382e-38
1.22876e+06	1.36952e-38
1.22886e+06	3.7603e-39
1.22896e+06	1.0222e-39
1.22906e+06	2.75108e-40
1.22916e+06	7.33043e-41
1.22926e+06	1.93381e-41
1.22936e+06	5.05072e-42
1.22946e+06	1.30602e-42
1.22956e+06	3.34353e-43
1.22966e+06	8.47455e-44
1.22976e+06	2.1266e-44
1.22986e+06	5.28337e-45
1.22996e+06	1.29955e-45
1.23006e+06	3.1647e-46
1.23016e+06	7.63009e-47
1.23026e+06	1.82131e-47
1.23036e+06	4.30422e-48
1.23046e+06	1.00708e-48
1.23056e+06	2.33285e-49
1.23066e+06	5.3502e-50
1.23076e+06	1.21481e-50
1.23086e+06	2.73089e-51
1.23096e+06	6.07796e-52
1.23106e+06	1.33927e-52
1.23116e+06	2.9217e-53
1.23126e+06	6.31045e-54
1.23136e+06	1.3494e-54
1.23146e+06	2.8568e-55
1.23156e+06	5.98792e-56
1.23166e+06	1.24259e-56
1.23176e+06	2.55292e-57
1.23186e+06	5.19284e-58
1.23196e+06	1.04575e-58
1.23206e+06	2.08502e-59
1.23216e+06	4.11573e-60
1.23226e+06	8.04345e-61
1.23236e+06	1.5563e-61
1.23246e+06	2.98128e-62
1.23256e+06	5.65418e-63
1.23266e+06	1.06168e-63
1.23276e+06	1.97366e-64
1.23286e+06	3.63254e-65
1.23296e+06	6.61918e-66
1.23306e+06	1.19414e-66
1.23316e+06	2.13287e-67
1.23326e+06	3.77164e-68
1.23336e+06	6.60317e-69
1.23346e+06	1.14454e-69
1.23356e+06	1.96412e-70
1.23366e+06	3.33705e-71
1.23376e+06	5.61323e-72
1.23386e+06	9.34805e-73
1.23396e+06	1.54129e-73
1.23406e+06	2.51598e-74
1.23416e+06	4.06618e-75
1.23426e+06	6.50613e-76
1.23436e+06	1.03066e-76
1.23446e+06	1.61646e-77
1.23456e+06	2.51e-78
1.23466e+06	3.85867e-79
1.23476e+06	5.87298e-80
1.23486e+06	8.84988e-81
1.23496e+06	1.3203e-81
1.23506e+06	1.95014e-82
1.23516e+06	2.85177e-83
1.23526e+06	4.12878e-84
1.23536e+06	5.91814e-85
1.23546e+06	8.39858e-86
1.23556e+06	1.18e-86
1.23566e+06	1.64141e-87
1.23576e+06	2.26053e-88
1.23586e+06	3.08219e-89
1.23596e+06	4.16069e-90
1.23606e+06	5.56068e-91
1.23616e+06	7.3578e-92
1.23626e+06	9.63885e-93
1.23636e+06	1.25014e-93
1.23646e+06	1.60528e-94
1.23656e+06	2.04079e-95
1.23666e+06	2.56865e-96
1.23676e+06	3.20086e-97
1.23686e+06	3.94899e-98
1.23696e+06	4.82351e-99
1.23706e+06	5.83306e-100
1.23716e+06	6.98373e-101
1.23726e+06	8.27818e-102
1.23736e+06	9.71493e-103
1.23746e+06	1.12876e-103
1.23756e+06	1.29844e-104
1.23766e+06	1.47876e-105
1.23776e+06	1.66736e-106
1.23786e+06	1.86131e-107
1.23796e+06	2.05715e-108
1.23806e+06	2.25097e-109
1.23816e+06	2.43855e-110
1.23826e+06	2.61547e-111
1.23836e+06	2.77732e-112
1.23846e+06	2.91983e-113
1.23856e+06	3.03911e-114
1.23866e+06	3.1318e-115
1.23876e+06	3.19519e-116
1.23886e+06	3.22744e-117
1.23896e+06	3.22757e-118
1.23906e+06	3.19558e-119
1.23916e+06	3.13243e-120
1.23926e+06	3.03998e-121
1.23936e+06	2.9209e-122
1.23946e+06	2.77856e-123
1.23956e+06	2.61685e-124
1.23966e+06	2.44004e-125
1.23976e+06	2.25254e-126
1.23986e+06	2.06014e-127
1.23996e+06	2.02221e-128
1.24006e+06	1.9587e-128
1.24016e+06	1.99673e-127
1.24026e+06	2.19969e-126
1.24036e+06	2.40093e-125
1.24046e+06	2.59451e-124
1.24056e+06	2.77581e-123
1.24066e+06	2.94022e-122
1.24076e+06	3.08338e-121
1.24086e+06	3.20134e-120
1.24096e+06	3.29074e-119
1.24106e+06	3.34898e-118
1.24116e+06	3.37434e-117
1.24126e+06	3.36606e-116
1.24136e+06	3.32439e-115
1.24146e+06	3.25056e-114
1.24156e+06	3.14675e-113
1.24166e+06	3.01595e-112
1.24176e+06	2.86182e-111
1.24186e+06	2.68854e-110
1.24196e+06	2.50063e-109
1.24206e+06	2.30271e-108
1.24216e+06	2.09935e-107
1.24226e+06	1.89491e-106
1.24236e+06	1.69336e-105
1.24246e+06	1.49819e-104
1.24256e+06	1.31232e-103
1.24266e+06	1.13808e-102
1.24276e+06	9.77151e-102
1.24286e+06	8.3063e-101
1.24296e+06	6.99054e-100
1.24306e+06	5.82466e-99
1.24316e+06	4.80493e-98
1.24326e+06	3.92429e-97
1.24336e+06	3.17316e-96
1.24346e+06	2.54027e-95
1.24356e+06	2.01338e-94
1.24366e+06	1.57989e-93
1.24376e+06	1.2274e-92
1.24386e+06	9.44069e-92
1.24396e+06	7.18914e-91
1.24406e+06	5.4201e-90
1.24416e+06	4.04571e-89
1.24426e+06	2.98978e-88
1.24436e+06	2.18747e-87
1.24446e+06	1.58453e-86
1.24456e+06	1.13636e-85
1.24466e+06	8.06842e-85
1.24476e+06	5.67177e-84
1.24486e+06	3.94735e-83
1.24496e+06	2.71988e-82
1.24506e+06	1.85545e-81
1.24516e+06	1.25317e-80
1.24526e+06	8.3796e-80
1.24536e+06	5.54748e-79
1.24546e+06	3.63601e-78
1.24556e+06	2.35945e-77
1.24566e+06	1.51584e-76
1.24576e+06	9.64173e-76
1.24586e+06	6.07173e-75
1.24596e+06	3.78553e-74
1.24606e+06	2.33668e-73
1.24616e+06	1.428e-72
1.24626e+06	8.63998e-72
1.24636e+06	5.17554e-71
1.24646e+06	3.06941e-70
1.24656e+06	1.80224e-69
1.24666e+06	1.04767e-68
1.24676e+06	6.02972e-68
1.24686e+06	3.43578e-67
1.24696e+06	1.93825e-66
1.24706e+06	1.08256e-65
1.24716e+06	5.9862e-65
1.24726e+06	3.27723e-64
1.24736e+06	1.77632e-63
1.24746e+06	9.53215e-63
1.24756e+06	5.06429e-62
1.24766e+06	2.66381e-61
1.24776e+06	1.38722e-60
1.24786e+06	7.15226e-60
1.24796e+06	3.65089e-59
1.24806e+06	1.84506e-58
1.24816e+06	9.23169e-58
1.24826e+06	4.57307e-57
1.24836e+06	2.24281e-56
1.24846e+06	1.08901e-55
1.24856e+06	5.23517e-55
1.24866e+06	2.49164e-54
1.24876e+06	1.17408e-53
1.24886e+06	5.4773e-53
1.24896e+06	2.52984e-52
1.24906e+06	1.15685e-51
1.24916e+06	5.23741e-51
1.24926e+06	2.34754e-50
1.24936e+06	1.04176e-49
1.24946e+06	4.57698e-49
1.24956e+06	1.99089e-48
1.24966e+06	8.5738e-48
1.24976e+06	3.65558e-47
1.24986e+06	1.54311e-46
1.24996e+06	6.449e-46
1.25006e+06	2.66837e-45
1.25016e+06	1.09309e-44
1.25026e+06	4.43328e-44
1.25036e+06	1.78012e-43
1.25046e+06	7.07672e-43
1.25056e+06	2.78529e-42
1.25066e+06	1.08534e-41
1.25076e+06	4.18717e-41
1.25086e+06	1.5993e-40
1.25096e+06	6.0478e-40
1.25106e+06	2.26424e-39
1.25116e+06	8.39273e-39
1.25126e+06	3.07994e-38
1.25136e+06	1.11902e-37
1.25146e+06	4.02522e-37
1.25156e+06	1.43351e-36
1.25166e+06	5.05436e-36
1.25176e+06	1.76437e-35
1.25186e+06	6.09776e-35
1.25196e+06	2.08645e-34
1.25206e+06	7.06811e-34
1.25216e+06	2.37058e-33
1.25226e+06	7.87162e-33
1.25236e+06	2.5878e-32
1.25246e+06	8.42274e-32
1.25256e+06	2.71415e-31
1.25266e+06	8.65906e-31
1.25276e+06	2.73505e-30
1.25286e+06	8.55296e-30
1.25296e+06	2.64804e-29
1.25306e+06	8.1169e-29
1.25316e+06	2.46327e-28
1.25326e+06	7.40103e-28
1.25336e+06	2.20155e-27
1.25346e+06	6.48369e-27
1.25356e+06	1.89048e-26
1.25366e+06	5.45734e-26
1.25376e+06	1.55972e-25
1.25386e+06	4.41334e-25
1.25396e+06	1.23636e-24
1.25406e+06	3.42912e-24
1.25416e+06	9.4162e-24
1.25426e+06	2.55992e-23
1.25436e+06	6.89021e-23
1.25446e+06	1.8361e-22
1.25456e+06	4.84416e-22
1.25466e+06	1.26531e-21
1.25476e+06	3.27214e-21
1.25486e+06	8.37769e-21
1.25496e+06	2.12361e-20
1.25506e+06	5.32942e-20
1.25516e+06	1.32417e-19
1.25526e+06	3.25735e-19
1.25536e+06	7.93309e-19
1.25546e+06	1.91283e-18
1.25556e+06	4.56635e-18
1.25566e+06	1.07924e-17
1.25576e+06	2.52536e-17
1.25586e+06	5.85041e-17
1.25596e+06	1.34186e-16
1.25606e+06	3.04708e-16
1.25616e+06	6.85043e-16
1.25626e+06	1.52479e-15
1.25636e+06	3.36014e-15
1.25646e+06	7.33099e-15
1.25656e+06	1.58353e-14
1.25666e+06	3.38645e-14
1.25676e+06	7.17003e-14
1.25686e+06	1.50298e-13
1.25696e+06	3.11921e-13
1.25706e+06	6.40903e-13
1.25716e+06	1.30376e-12
1.25726e+06	2.62578e-12
1.25736e+06	5.23574e-12
1.25746e+06	1.0336e-11
1.25756e+06	2.02016e-11
1.25766e+06	3.9091e-11
1.25776e+06	7.489e-11
1.25786e+06	1.42046e-10
1.25796e+06	2.6674e-10
1.25806e+06	4.95915e-10
1.25816e+06	9.12814e-10
1.25826e+06	1.66347e-09
1.25836e+06	3.00126e-09
1.25846e+06	5.36106e-09
1.25856e+06	9.48099e-09
1.25866e+06	1.66002e-08
1.25876e+06	2.87761e-08
1.25886e+06	4.93863e-08
1.25896e+06	8.39147e-08
1.25906e+06	1.41165e-07
1.25916e+06	2.35111e-07
1.25926e+06	3.87682e-07
1.25936e+06	6.329e-07
1.25946e+06	1.02295e-06
1.25956e+06	1.63692e-06
1.25966e+06	2.59333e-06
1.25976e+06	4.06767e-06
1.25986e+06	6.31671e-06
1.25996e+06	9.71165e-06
1.26006e+06	1.47827e-05
1.26016e+06	2.22776e-05
1.26026e+06	3.32385e-05
1.26036e+06	4.9099e-05
1.26046e+06	7.18059e-05
1.26056e+06	0.000103969
1.26066e+06	0.000149041
1.26076e+06	0.000211527
1.26086e+06	0.000297222
1.26096e+06	0.000413479
1.26106e+06	0.000569486
1.26116e+06	0.000776551
1.26126e+06	0.00104837
1.26136e+06	0.00140125
1.26146e+06	0.00185427
1.26156e+06	0.00242934
1.26166e+06	0.00315109
1.26176e+06	0.00404659
1.26186e+06	0.00514489
1.26196e+06	0.00647619
1.26206e+06	0.00807086
1.26216e+06	0.00995812
1.26226e+06	0.0121644
1.26236e+06	0.0147117
1.26246e+06	0.0176154
1.26256e+06	0.0208823
1.26266e+06	0.0245087
1.26276e+06	0.0284787
1.26286e+06	0.0327625
1.26296e+06	0.0373156
1.26306e+06	0.0420786
1.26316e+06	0.0469775
1.26326e+06	0.0519248
1.26336e+06	0.0568221
1.26346e+06	0.0615625
1.26356e+06	0.0660347
1.26366e+06	0.070127
1.26376e+06	0.073732
1.26386e+06	0.0767509
1.26396e+06	0.0790984
1.26406e+06	0.0807066
1.26416e+06	0.0815282
1.26426e+06	0.0815386
1.26436e+06	0.0807376
1.26446e+06	0.0791491
1.26456e+06	0.0768197
1.26466e+06	0.073817
1.26476e+06	0.0702259
1.26486e+06	0.0661447
1.26496e+06	0.0616808
1.26506e+06	0.0569459
1.26516e+06	0.0520513
1.26526e+06	0.047104
1.26536e+06	0.0422027
1.26546e+06	0.0374353
1.26556e+06	0.032876
1.26566e+06	0.0285846
1.26576e+06	0.0246062
1.26586e+06	0.0209707
1.26596e+06	0.0176945
1.26606e+06	0.0147816
1.26616e+06	0.0122253
1.26626e+06	0.0100105
1.26636e+06	0.00811542
1.26646e+06	0.00651361
1.26656e+06	0.00517594
1.26666e+06	0.00407206
1.26676e+06	0.00317173
1.26686e+06	0.00244588
1.26696e+06	0.00186738
1.26706e+06	0.00141151
1.26716e+06	0.00105632
1.26726e+06	0.000782641
1.26736e+06	0.000574099
1.26746e+06	0.000416935
1.26756e+06	0.000299783
1.26766e+06	0.000213404
1.26776e+06	0.000150402
1.26786e+06	0.000104946
1.26796e+06	7.24988e-05
1.26806e+06	4.95855e-05
1.26816e+06	3.35765e-05
1.26826e+06	2.25099e-05
1.26836e+06	1.49406e-05
1.26846e+06	9.81793e-06
1.26856e+06	6.38747e-06
1.26866e+06	4.11429e-06
1.26876e+06	2.62372e-06
1.26886e+06	1.65653e-06
1.26896e+06	1.03546e-06
1.26906e+06	6.4081e-07
1.26916e+06	3.92628e-07
1.26926e+06	2.38171e-07
1.26936e+06	1.43039e-07
1.26946e+06	8.50506e-08
1.26956e+06	5.00676e-08
1.26966e+06	2.91805e-08
1.26976e+06	1.68379e-08
1.26986e+06	9.61917e-09
1.26996e+06	5.44058e-09
1.27006e+06	3.04656e-09
1.27016e+06	1.68901e-09
1.27026e+06	9.27067e-10
1.27036e+06	5.03787e-10
1.27046e+06	2.71044e-10
1.27056e+06	1.44374e-10
1.27066e+06	7.61372e-11
1.27076e+06	3.97522e-11
1.27086e+06	2.05486e-11
1.27096e+06	1.05163e-11
1.27106e+06	5.32839e-12
1.27116e+06	2.67294e-12
1.27126e+06	1.32751e-12
1.27136e+06	6.52747e-13
1.27146e+06	3.17767e-13
1.27156e+06	1.53154e-13
1.27166e+06	7.30814e-14
1.27176e+06	3.45256e-14
1.27186e+06	1.61485e-14
1.27196e+06	7.47794e-15
1.27206e+06	3.42837e-15
1.27216e+06	1.55615e-15
1.27226e+06	6.99312e-16
1.27236e+06	3.11134e-16
1.27246e+06	1.37051e-16
1.27256e+06	5.97686e-17
1.27266e+06	2.58061e-17
1.27276e+06	1.10313e-17
1.27286e+06	4.66863e-18
1.27296e+06	1.95618e-18
1.27306e+06	8.11494e-19
1.27316e+06	3.33287e-19
1.27326e+06	1.35522e-19
1.27336e+06	5.45578e-20
1.27346e+06	2.17451e-20
1.27356e+06	8.58071e-21
1.27366e+06	3.35229e-21
1.27376e+06	1.29664e-21
1.27386e+06	4.96536e-22
1.27396e+06	1.88253e-22
1.27406e+06	7.06623e-23
1.27416e+06	2.62598e-23
1.27426e+06	9.66169e-24
1.27436e+06	3.51942e-24
1.27446e+06	1.26925e-24
1.27456e+06	4.53188e-25
1.27466e+06	1.60202e-25
1.27476e+06	5.60679e-26
1.27486e+06	1.94275e-26
1.27496e+06	6.66467e-27
1.27506e+06	2.26358e-27
1.27516e+06	7.61151e-28
1.27526e+06	2.53397e-28
1.27536e+06	8.35201e-29
1.27546e+06	2.72544e-29
1.27556e+06	8.80521e-30
1.27566e+06	2.81643e-30
1.27576e+06	8.91901e-31
1.27586e+06	2.79634e-31
1.27596e+06	8.68004e-32
1.27606e+06	2.66753e-32
1.27616e+06	8.11624e-33
1.27626e+06	2.44488e-33
1.27636e+06	7.29149e-34
1.27646e+06	2.15294e-34
1.27656e+06	6.2937e-35
1.27666e+06	1.82153e-35
1.27676e+06	5.21944e-36
1.27686e+06	1.48071e-36
1.27696e+06	4.15882e-37
1.27706e+06	1.15646e-37
1.27716e+06	3.18379e-38
1.27726e+06	8.67796e-39
1.27736e+06	2.34179e-39
1.27746e+06	6.25654e-40
1.27756e+06	1.65492e-40
1.27766e+06	4.3339e-41
1.27776e+06	1.12367e-41
1.27786e+06	2.88438e-42
1.27796e+06	7.33035e-43
1.27806e+06	1.84439e-43
1.27816e+06	4.59452e-44
1.27826e+06	1.13314e-44
1.27836e+06	2.76684e-45
1.27846e+06	6.68869e-46
1.27856e+06	1.60087e-46
1.27866e+06	3.79339e-47
1.27876e+06	8.8993e-48
1.27886e+06	2.067e-48
1.27896e+06	4.75318e-49
1.27906e+06	1.08214e-49
1.27916e+06	2.43916e-50
1.27926e+06	5.44321e-51
1.27936e+06	1.20261e-51
1.27946e+06	2.63059e-52
1.27956e+06	5.6969e-53
1.27966e+06	1.22146e-53
1.27976e+06	2.59287e-54
1.27986e+06	5.44924e-55
1.27996e+06	1.13383e-55
1.28006e+06	2.33571e-56
1.28016e+06	4.76373e-57
1.28026e+06	9.61904e-58
1.28036e+06	1.92297e-58
1.28046e+06	3.80603e-59
1.28056e+06	7.45808e-60
1.28066e+06	1.4469e-60
1.28076e+06	2.77914e-61
1.28086e+06	5.2849e-62
1.28096e+06	9.94994e-63
1.28106e+06	1.85465e-63
1.28116e+06	3.42262e-64
1.28126e+06	6.25337e-65
1.28136e+06	1.13117e-65
1.28146e+06	2.02579e-66
1.28156e+06	3.59188e-67
1.28166e+06	6.30528e-68
1.28176e+06	1.09583e-68
1.28186e+06	1.88557e-69
1.28196e+06	3.21216e-70
1.28206e+06	5.41761e-71
1.28216e+06	9.04641e-72
1.28226e+06	1.49555e-72
1.28236e+06	2.44785e-73
1.28246e+06	3.96665e-74
1.28256e+06	6.36386e-75
1.28266e+06	1.01082e-75
1.28276e+06	1.58959e-76
1.28286e+06	2.47488e-77
1.28296e+06	3.81486e-78
1.28306e+06	5.82184e-79
1.28316e+06	8.79629e-80
1.28326e+06	1.31582e-80
1.28336e+06	1.94872e-81
1.28346e+06	2.85732e-82
1.28356e+06	4.14788e-83
1.28366e+06	5.96143e-84
1.28376e+06	8.48265e-85
1.28386e+06	1.19501e-85
1.28396e+06	1.66673e-86
1.28406e+06	2.30154e-87
1.28416e+06	3.1465e-88
1.28426e+06	4.25887e-89
1.28436e+06	5.70713e-90
1.28446e+06	7.5718e-91
1.28456e+06	9.94573e-92
1.28466e+06	1.2934e-92
1.28476e+06	1.66527e-93
1.28486e+06	2.12272e-94
1.28496e+06	2.67891e-95
1.28506e+06	3.3472e-96
1.28516e+06	4.14059e-97
1.28526e+06	5.07106e-98
1.28536e+06	6.14884e-99
1.28546e+06	7.3815e-100
1.28556e+06	8.7731e-101
1.28566e+06	1.03233e-101
1.28576e+06	1.20265e-102
1.28586e+06	1.38714e-103
1.28596e+06	1.58401e-104
1.28606e+06	1.79081e-105
1.28616e+06	2.00448e-106
1.28626e+06	2.22131e-107
1.28636e+06	2.4371e-108
1.28646e+06	2.64725e-109
1.28656e+06	2.84691e-110
1.28666e+06	3.03117e-111
1.28676e+06	3.19524e-112
1.28686e+06	3.33468e-113
1.28696e+06	3.44557e-114
1.28706e+06	3.52472e-115
1.28716e+06	3.56982e-116
1.28726e+06	3.57952e-117
1.28736e+06	3.55353e-118
1.28746e+06	3.49263e-119
1.28756e+06	3.39861e-120
1.28766e+06	3.27422e-121
1.28776e+06	3.123e-122
1.28786e+06	2.94912e-123
1.28796e+06	2.75721e-124
1.28806e+06	2.55214e-125
1.28816e+06	2.33882e-126
1.28826e+06	2.122e-127
1.28836e+06	1.90613e-128
1.28846e+06	1.69517e-129
1.28856e+06	1.49257e-130
1.28866e+06	1.3011e-131
1.28876e+06	1.12291e-132
1.28886e+06	9.59482e-134
1.28896e+06	8.1168e-135
1.28906e+06	6.79814e-136
1.28916e+06	5.63706e-137
1.28926e+06	4.62777e-138
1.28936e+06	3.76139e-139
1.28946e+06	3.02679e-140
1.28956e+06	2.41142e-141
1.28966e+06	1.90204e-142
1.28976e+06	1.48534e-143
1.28986e+06	1.14838e-144
1.28996e+06	8.79034e-146
1.29006e+06	6.66164e-147
1.29016e+06	4.99821e-148
1.29026e+06	3.71282e-149
1.29036e+06	2.73056e-150
1.29046e+06	1.98818e-151
1.29056e+06	1.43323e-152
1.29066e+06	1.0229e-153
1.29076e+06	7.22786e-155
1.29086e+06	5.05641e-156
1.29096e+06	3.50212e-157
1.29106e+06	2.40147e-158
1.29116e+06	1.63035e-159
1.29126e+06	1.09583e-160
1.29136e+06	7.29221e-162
1.29146e+06	4.80434e-163
1.29156e+06	3.13376e-164
1.29166e+06	2.02374e-165
1.29176e+06	1.294e-166
1.29186e+06	8.34831e-168
1.29196e+06	3.04486e-168
1.29206e+06	4.02028e-167
1.29216e+06	6.31093e-166
1.29226e+06	9.81588e-165
1.29236e+06	1.51155e-163
1.29246e+06	2.30449e-162
1.29256e+06	3.47843e-161
1.29266e+06	5.19814e-160
1.29276e+06	7.69078e-159
1.29286e+06	1.12655e-157
1.29296e+06	1.63375e-156
1.29306e+06	2.34574e-155
1.29316e+06	3.3345e-154
1.29326e+06	4.69286e-153
1.29336e+06	6.53887e-152
1.29346e+06	9.02037e-151
1.29356e+06	1.23198e-149
1.29366e+06	1.66586e-148
1.29376e+06	2.23014e-147
1.29386e+06	2.95584e-146
1.29396e+06	3.87872e-145
1.29406e+06	5.03909e-144
1.29416e+06	6.48147e-143
1.29426e+06	8.25376e-142
1.29436e+06	1.04061e-140
1.29446e+06	1.29891e-139
1.29456e+06	1.6052e-138
1.29466e+06	1.96397e-137
1.29476e+06	2.37902e-136
1.29486e+06	2.85311e-135
1.29496e+06	3.38763e-134
1.29506e+06	3.98227e-133
1.29516e+06	4.63471e-132
1.29526e+06	5.34037e-131
1.29536e+06	6.09224e-130
1.29546e+06	6.88082e-129
1.29556e+06	7.69413e-128
1.29566e+06	8.51798e-127
1.29576e+06	9.33621e-126
1.29586e+06	1.01312e-124
1.29596e+06	1.08845e-123
1.29606e+06	1.15775e-122
1.29616e+06	1.21921e-121
1.29626e+06	1.27115e-120
1.29636e+06	1.31212e-119
1.29646e+06	1.34093e-118
1.29656e+06	1.35674e-117
1.29666e+06	1.35908e-116
1.29676e+06	1.34787e-115
1.29686e+06	1.32346e-114
1.29696e+06	1.28656e-113
1.29706e+06	1.23824e-112
1.29716e+06	1.17988e-111
1.29726e+06	1.11308e-110
1.29736e+06	1.03962e-109
1.29746e+06	9.61342e-109
1.29756e+06	8.80114e-108
1.29766e+06	7.97732e-107
1.29776e+06	7.15866e-106
1.29786e+06	6.3601e-105
1.29796e+06	5.5944e-104
1.29806e+06	4.87191e-103
1.29816e+06	4.20052e-102
1.29826e+06	3.58561e-101
1.29836e+06	3.03026e-100
1.29846e+06	2.53545e-99
1.29856e+06	2.10032e-98
1.29866e+06	1.72256e-97
1.29876e+06	1.39869e-96
1.29886e+06	1.12441e-95
1.29896e+06	8.94918e-95
1.29906e+06	7.0518e-94
1.29916e+06	5.50141e-93
1.29926e+06	4.24918e-92
1.29936e+06	3.24932e-91
1.29946e+06	2.46001e-90
1.29956e+06	1.84391e-89
1.29966e+06	1.36836e-88
1.29976e+06	1.00534e-87
1.29986e+06	7.31288e-87
1.29996e+06	5.26646e-86
1.30006e+06	3.75497e-85
1.30016e+06	2.65064e-84
1.30026e+06	1.85247e-83
1.30036e+06	1.28177e-82
1.30046e+06	8.78064e-82
1.30056e+06	5.95523e-81
1.30066e+06	3.99879e-80
1.30076e+06	2.65837e-79
1.30086e+06	1.74968e-78
1.30096e+06	1.14014e-77
1.30106e+06	7.35559e-77
1.30116e+06	4.69821e-76
1.30126e+06	2.97101e-75
1.30136e+06	1.86009e-74
1.30146e+06	1.15297e-73
1.30156e+06	7.07559e-73
1.30166e+06	4.29896e-72
1.30176e+06	2.58595e-71
1.30186e+06	1.54005e-70
1.30196e+06	9.08042e-70
1.30206e+06	5.30072e-69
1.30216e+06	3.06352e-68
1.30226e+06	1.75292e-67
1.30236e+06	9.9303e-67
1.30246e+06	5.56954e-66
1.30256e+06	3.09266e-65
1.30266e+06	1.70021e-64
1.30276e+06	9.25404e-64
1.30286e+06	4.98673e-63
1.30296e+06	2.66047e-62
1.30306e+06	1.40526e-61
1.30316e+06	7.34875e-61
1.30326e+06	3.80475e-60
1.30336e+06	1.95028e-59
1.30346e+06	9.89746e-59
1.30356e+06	4.97288e-58
1.30366e+06	2.47371e-57
1.30376e+06	1.21828e-56
1.30386e+06	5.94023e-56
1.30396e+06	2.86758e-55
1.30406e+06	1.37052e-54
1.30416e+06	6.48503e-54
1.30426e+06	3.03805e-53
1.30436e+06	1.40908e-52
1.30446e+06	6.47044e-52
1.30456e+06	2.94164e-51
1.30466e+06	1.32404e-50
1.30476e+06	5.90024e-50
1.30486e+06	2.60313e-49
1.30496e+06	1.13705e-48
1.30506e+06	4.91721e-48
1.30516e+06	2.10531e-47
1.30526e+06	8.92422e-47
1.30536e+06	3.74526e-46
1.30546e+06	1.55614e-45
1.30556e+06	6.4014e-45
1.30566e+06	2.6071e-44
1.30576e+06	1.05123e-43
1.30586e+06	4.19656e-43
1.30596e+06	1.65862e-42
1.30606e+06	6.4902e-42
1.30616e+06	2.51435e-41
1.30626e+06	9.64385e-41
1.30636e+06	3.66212e-40
1.30646e+06	1.3768e-39
1.30656e+06	5.12469e-39
1.30666e+06	1.88851e-38
1.30676e+06	6.89017e-38
1.30686e+06	2.48884e-37
1.30696e+06	8.90065e-37
1.30706e+06	3.15139e-36
1.30716e+06	1.10469e-35
1.30726e+06	3.83386e-35
1.30736e+06	1.31731e-34
1.30746e+06	4.48124e-34
1.30756e+06	1.50926e-33
1.30766e+06	5.03255e-33
1.30776e+06	1.66138e-32
1.30786e+06	5.43008e-32
1.30796e+06	1.75712e-31
1.30806e+06	5.62928e-31
1.30816e+06	1.78551e-30
1.30826e+06	5.60696e-30
1.30836e+06	1.74321e-29
1.30846e+06	5.36575e-29
1.30856e+06	1.63519e-28
1.30866e+06	4.93357e-28
1.30876e+06	1.47371e-27
1.30886e+06	4.35834e-27
1.30896e+06	1.2761e-26
1.30906e+06	3.69921e-26
1.30916e+06	1.06167e-25
1.30926e+06	3.01665e-25
1.30936e+06	8.48629e-25
1.30946e+06	2.36357e-24
1.30956e+06	6.51742e-24
1.30966e+06	1.77927e-23
1.30976e+06	4.80908e-23
1.30986e+06	1.28689e-22
1.30996e+06	3.40939e-22
1.31006e+06	8.94272e-22
1.31016e+06	2.32231e-21
1.31026e+06	5.97072e-21
1.31036e+06	1.51982e-20
1.31046e+06	3.83012e-20
1.31056e+06	9.5563e-20
1.31066e+06	2.36062e-19
1.31076e+06	5.77321e-19
1.31086e+06	1.39787e-18
1.31096e+06	3.35099e-18
1.31106e+06	7.9531e-18
1.31116e+06	1.86878e-17
1.31126e+06	4.34745e-17
1.31136e+06	1.00131e-16
1.31146e+06	2.28329e-16
1.31156e+06	5.15477e-16
1.31166e+06	1.15217e-15
1.31176e+06	2.54964e-15
1.31186e+06	5.58596e-15
1.31196e+06	1.21164e-14
1.31206e+06	2.60201e-14
1.31216e+06	5.53222e-14
1.31226e+06	1.16452e-13
1.31236e+06	2.42691e-13
1.31246e+06	5.00743e-13
1.31256e+06	1.0229e-12
1.31266e+06	2.06876e-12
1.31276e+06	4.14232e-12
1.31286e+06	8.21173e-12
1.31296e+06	1.61169e-11
1.31306e+06	3.13175e-11
1.31316e+06	6.02488e-11
1.31326e+06	1.14754e-10
1.31336e+06	2.16393e-10
1.31346e+06	4.03994e-10
1.31356e+06	7.46732e-10
1.31366e+06	1.36651e-09
1.31376e+06	2.4758e-09
1.31386e+06	4.44096e-09
1.31396e+06	7.88669e-09
1.31406e+06	1.38666e-08
1.31416e+06	2.4138e-08
1.31426e+06	4.15998e-08
1.31436e+06	7.09802e-08
1.31446e+06	1.19906e-07
1.31456e+06	2.0054e-07
1.31466e+06	3.32061e-07
1.31476e+06	5.44368e-07
1.31486e+06	8.83536e-07
1.31496e+06	1.41975e-06
1.31506e+06	2.2587e-06
1.31516e+06	3.55763e-06
1.31526e+06	5.5478e-06
1.31536e+06	8.56521e-06
1.31546e+06	1.30922e-05
1.31556e+06	1.98127e-05
1.31566e+06	2.96846e-05
1.31576e+06	4.40327e-05
1.31586e+06	6.46662e-05
1.31596e+06	9.40236e-05
1.31606e+06	0.000135348
1.31616e+06	0.000192897
1.31626e+06	0.00027218
1.31636e+06	0.000380228
1.31646e+06	0.000525882
1.31656e+06	0.000720095
1.31666e+06	0.000976221
1.31676e+06	0.00131028
1.31686e+06	0.00174115
1.31696e+06	0.00229069
1.31706e+06	0.00298368
1.31716e+06	0.00384766
1.31726e+06	0.00491244
1.31736e+06	0.00620948
1.31746e+06	0.00777088
1.31756e+06	0.00962814
1.31766e+06	0.0118106
1.31776e+06	0.0143436
1.31786e+06	0.0172465
1.31796e+06	0.0205306
1.31806e+06	0.0241968
1.31816e+06	0.028234
1.31826e+06	0.032617
1.31836e+06	0.0373055
1.31846e+06	0.0422433
1.31856e+06	0.0473588
1.31866e+06	0.0525654
1.31876e+06	0.0577639
1.31886e+06	0.062845
1.31896e+06	0.0676926
1.31906e+06	0.0721887
1.31916e+06	0.0762174
1.31926e+06	0.0796702
1.31936e+06	0.0824508
1.31946e+06	0.0844794
1.31956e+06	0.0856967
1.31966e+06	0.0860665
1.31976e+06	0.0855779
1.31986e+06	0.0842453
1.31996e+06	0.0821083
1.32006e+06	0.0792292
1.32016e+06	0.0756904
1.32026e+06	0.0715902
1.32036e+06	0.0670383
1.32046e+06	0.0621512
1.32056e+06	0.0570471
1.32066e+06	0.0518411
1.32076e+06	0.0466414
1.32086e+06	0.0415457
1.32096e+06	0.0366386
1.32106e+06	0.0319895
1.32116e+06	0.0276524
1.32126e+06	0.0236655
1.32136e+06	0.0200519
1.32146e+06	0.0168211
1.32156e+06	0.0139704
1.32166e+06	0.0114873
1.32176e+06	0.00935163
1.32186e+06	0.00753725
1.32196e+06	0.00601444
1.32206e+06	0.00475154
1.32216e+06	0.00371648
1.32226e+06	0.00287796
1.32236e+06	0.00220646
1.32246e+06	0.0016748
1.32256e+06	0.0012586
1.32266e+06	0.000936418
1.32276e+06	0.000689777
1.32286e+06	0.000503043
1.32296e+06	0.00036321
1.32306e+06	0.000259638
1.32316e+06	0.000183753
1.32326e+06	0.000128753
1.32336e+06	8.93183e-05
1.32346e+06	6.13449e-05
1.32356e+06	4.17132e-05
1.32366e+06	2.80819e-05
1.32376e+06	1.8717e-05
1.32386e+06	1.2351e-05
1.32396e+06	8.06911e-06
1.32406e+06	5.21923e-06
1.32416e+06	3.34229e-06
1.32426e+06	2.11904e-06
1.32436e+06	1.33012e-06
1.32446e+06	8.26607e-07
1.32456e+06	5.08587e-07
