1.14839e+06	2.52172e-06
1.14849e+06	4.13688e-06
1.14859e+06	6.71901e-06
1.14869e+06	1.08043e-05
1.14879e+06	1.72005e-05
1.14889e+06	2.7111e-05
1.14899e+06	4.23065e-05
1.14909e+06	6.5362e-05
1.14919e+06	9.99771e-05
1.14929e+06	0.000151402
1.14939e+06	0.000226998
1.14949e+06	0.000336952
1.14959e+06	0.00049519
1.14969e+06	0.000720497
1.14979e+06	0.00103789
1.14989e+06	0.00148021
1.14999e+06	0.00209005
1.15009e+06	0.00292176
1.15019e+06	0.0040438
1.15029e+06	0.00554106
1.15039e+06	0.00751714
1.15049e+06	0.0100965
1.15059e+06	0.0134259
1.15069e+06	0.0176756
1.15079e+06	0.0230389
1.15089e+06	0.0297309
1.15099e+06	0.0379848
1.15109e+06	0.0480473
1.15119e+06	0.0601707
1.15129e+06	0.0746034
1.15139e+06	0.0915775
1.15149e+06	0.111295
1.15159e+06	0.133912
1.15169e+06	0.159523
1.15179e+06	0.18814
1.15189e+06	0.219683
1.15199e+06	0.253962
1.15209e+06	0.290669
1.15219e+06	0.329371
1.15229e+06	0.369513
1.15239e+06	0.410422
1.15249e+06	0.451324
1.15259e+06	0.491364
1.15269e+06	0.529634
1.15279e+06	0.565204
1.15289e+06	0.59716
1.15299e+06	0.624646
1.15309e+06	0.646896
1.15319e+06	0.663272
1.15329e+06	0.673297
1.15339e+06	0.676671
1.15349e+06	0.673297
1.15359e+06	0.663272
1.15369e+06	0.646896
1.15379e+06	0.624646
1.15389e+06	0.59716
1.15399e+06	0.565204
1.15409e+06	0.529634
1.15419e+06	0.491364
1.15429e+06	0.451324
1.15439e+06	0.410422
1.15449e+06	0.369513
1.15459e+06	0.329371
1.15469e+06	0.290669
1.15479e+06	0.253962
1.15489e+06	0.219683
1.15499e+06	0.18814
1.15509e+06	0.159523
1.15519e+06	0.133912
1.15529e+06	0.111295
1.15539e+06	0.0915775
1.15549e+06	0.0746034
1.15559e+06	0.0601707
1.15569e+06	0.0480473
1.15579e+06	0.0379848
1.15589e+06	0.0297309
1.15599e+06	0.0230389
1.15609e+06	0.0176756
1.15619e+06	0.0134259
1.15629e+06	0.0100965
1.15639e+06	0.00751714
1.15649e+06	0.00554106
1.15659e+06	0.0040438
1.15669e+06	0.00292176
1.15679e+06	0.00209005
1.15689e+06	0.00148021
1.15699e+06	0.00103789
1.15709e+06	0.000720497
1.15719e+06	0.00049519
1.15729e+06	0.000336952
1.15739e+06	0.000226998
1.15749e+06	0.000151402
1.15759e+06	9.99773e-05
1.15769e+06	6.53623e-05
1.15779e+06	4.23071e-05
1.15789e+06	2.71122e-05
1.15799e+06	1.72027e-05
1.15809e+06	1.08083e-05
1.15819e+06	6.72662e-06
1.15829e+06	4.15091e-06
1.15839e+06	2.54737e-06
1.15849e+06	1.56828e-06
1.15859e+06	9.92462e-07
1.15869e+06	6.85373e-07
1.15879e+06	5.73969e-07
1.15889e+06	6.32813e-07
1.15899e+06	8.79634e-07
1.15909e+06	1.37984e-06
1.15919e+06	2.26088e-06
1.15929e+06	3.73901e-06
1.15939e+06	6.16253e-06
1.15949e+06	1.00782e-05
1.15959e+06	1.633e-05
1.15969e+06	2.62032e-05
1.15979e+06	4.16309e-05
1.15989e+06	6.54856e-05
1.15999e+06	0.000101985
1.16009e+06	0.000157249
1.16019e+06	0.000240046
1.16029e+06	0.000362792
1.16039e+06	0.00054285
1.16049e+06	0.000804189
1.16059e+06	0.00117949
1.16069e+06	0.00171272
1.16079e+06	0.00246227
1.16089e+06	0.00350464
1.16099e+06	0.00493863
1.16109e+06	0.00689013
1.16119e+06	0.00951712
1.16129e+06	0.0130149
1.16139e+06	0.0176211
1.16149e+06	0.0236201
1.16159e+06	0.0313464
1.16169e+06	0.0411861
1.16179e+06	0.0535761
1.16189e+06	0.0689999
1.16199e+06	0.0879798
1.16209e+06	0.111064
1.16219e+06	0.138811
1.16229e+06	0.171763
1.16239e+06	0.210422
1.16249e+06	0.255218
1.16259e+06	0.30647
1.16269e+06	0.364352
1.16279e+06	0.428856
1.16289e+06	0.499758
1.16299e+06	0.576587
1.16309e+06	0.658607
1.16319e+06	0.74481
1.16329e+06	0.833915
1.16339e+06	0.924389
1.16349e+06	1.01448
1.16359e+06	1.10228
1.16369e+06	1.18576
1.16379e+06	1.26287
1.16389e+06	1.33161
1.16399e+06	1.39012
1.16409e+06	1.43676
1.16419e+06	1.47019
1.16429e+06	1.48943
1.16439e+06	1.49391
1.16449e+06	1.48349
1.16459e+06	1.45849
1.16469e+06	1.41964
1.16479e+06	1.36807
1.16489e+06	1.30526
1.16499e+06	1.23295
1.16509e+06	1.15305
1.16519e+06	1.0676
1.16529e+06	0.978645
1.16539e+06	0.888177
1.16549e+06	0.798051
1.16559e+06	0.709936
1.16569e+06	0.625265
1.16579e+06	0.545214
1.16589e+06	0.470681
1.16599e+06	0.402293
1.16609e+06	0.340421
1.16619e+06	0.285199
1.16629e+06	0.236557
1.16639e+06	0.194258
1.16649e+06	0.157936
1.16659e+06	0.127128
1.16669e+06	0.101311
1.16679e+06	0.0799336
1.16689e+06	0.0624395
1.16699e+06	0.0482888
1.16709e+06	0.0369735
1.16719e+06	0.028028
1.16729e+06	0.0210354
1.16739e+06	0.0156302
1.16749e+06	0.0114984
1.16759e+06	0.00837467
1.16769e+06	0.00603885
1.16779e+06	0.0043112
1.16789e+06	0.00304718
1.16799e+06	0.00213234
1.16809e+06	0.00147731
1.16819e+06	0.00101331
1.16829e+06	0.000688131
1.16839e+06	0.000462655
1.16849e+06	0.000307964
1.16859e+06	0.000202955
1.16869e+06	0.000132421
1.16879e+06	8.55404e-05
1.16889e+06	5.4707e-05
1.16899e+06	3.46394e-05
1.16909e+06	2.17148e-05
1.16919e+06	1.34772e-05
1.16929e+06	8.28129e-06
1.16939e+06	5.03796e-06
1.16949e+06	3.03437e-06
1.16959e+06	1.80942e-06
1.16969e+06	1.06823e-06
1.16979e+06	6.24383e-07
1.16989e+06	3.6132e-07
1.16999e+06	2.0701e-07
1.17009e+06	1.17421e-07
1.17019e+06	6.59417e-08
1.17029e+06	3.66632e-08
1.17039e+06	2.01817e-08
1.17049e+06	1.09987e-08
1.17059e+06	5.93447e-09
1.17069e+06	3.17015e-09
1.17079e+06	1.67662e-09
1.17089e+06	8.77905e-10
1.17099e+06	4.55111e-10
1.17109e+06	2.33584e-10
1.17119e+06	1.18694e-10
1.17129e+06	5.97128e-11
1.17139e+06	2.97416e-11
1.17149e+06	1.46663e-11
1.17159e+06	7.1603e-12
1.17169e+06	3.46099e-12
1.17179e+06	1.65625e-12
1.17189e+06	7.84709e-13
1.17199e+06	3.68085e-13
1.17209e+06	1.70941e-13
1.17219e+06	7.85958e-14
1.17229e+06	3.57775e-14
1.17239e+06	1.61242e-14
1.17249e+06	7.19455e-15
1.17259e+06	3.17823e-15
1.17269e+06	1.39003e-15
1.17279e+06	6.01896e-16
1.17289e+06	2.58033e-16
1.17299e+06	1.09518e-16
1.17309e+06	4.60207e-17
1.17319e+06	1.9146e-17
1.17329e+06	7.88604e-18
1.17339e+06	3.21586e-18
1.17349e+06	1.29835e-18
1.17359e+06	5.18975e-19
1.17369e+06	2.05379e-19
1.17379e+06	8.04679e-20
1.17389e+06	3.12138e-20
1.17399e+06	1.19875e-20
1.17409e+06	4.55791e-21
1.17419e+06	1.71578e-21
1.17429e+06	6.3946e-22
1.17439e+06	2.35951e-22
1.17449e+06	8.61963e-23
1.17459e+06	3.11754e-23
1.17469e+06	1.11633e-23
1.17479e+06	3.95758e-24
1.17489e+06	1.38907e-24
1.17499e+06	4.82698e-25
1.17509e+06	1.66067e-25
1.17519e+06	5.65653e-26
1.17529e+06	1.90754e-26
1.17539e+06	6.36872e-27
1.17549e+06	2.10518e-27
1.17559e+06	6.88943e-28
1.17569e+06	2.23221e-28
1.17579e+06	7.16048e-29
1.17589e+06	2.27409e-29
1.17599e+06	7.15038e-30
1.17609e+06	2.22591e-30
1.17619e+06	6.86032e-31
1.17629e+06	2.09333e-31
1.17639e+06	6.32395e-32
1.17649e+06	1.89145e-32
1.17659e+06	5.60093e-33
1.17669e+06	1.64203e-33
1.17679e+06	4.76607e-34
1.17689e+06	1.36961e-34
1.17699e+06	3.89662e-35
1.17709e+06	1.09758e-35
1.17719e+06	3.06087e-36
1.17729e+06	8.45101e-37
1.17739e+06	2.31009e-37
1.17749e+06	6.25183e-38
1.17759e+06	1.67511e-38
1.17769e+06	4.44359e-39
1.17779e+06	1.16703e-39
1.17789e+06	3.03452e-40
1.17799e+06	7.81183e-41
1.17809e+06	1.99101e-41
1.17819e+06	5.02401e-42
1.17829e+06	1.25512e-42
1.17839e+06	3.10439e-43
1.17849e+06	7.60194e-44
1.17859e+06	1.84302e-44
1.17869e+06	4.42377e-45
1.17879e+06	1.05127e-45
1.17889e+06	2.47337e-46
1.17899e+06	5.76133e-47
1.17909e+06	1.32866e-47
1.17919e+06	3.03362e-48
1.17929e+06	6.85751e-49
1.17939e+06	1.53472e-49
1.17949e+06	3.40054e-50
1.17959e+06	7.45973e-51
1.17969e+06	1.62015e-51
1.17979e+06	3.48375e-52
1.17989e+06	7.41641e-53
1.17999e+06	1.56314e-53
1.18009e+06	3.26182e-54
1.18019e+06	6.73873e-55
1.18029e+06	1.37833e-55
1.18039e+06	2.79117e-56
1.18049e+06	5.59597e-57
1.18059e+06	1.11077e-57
1.18069e+06	2.18286e-58
1.18079e+06	4.24704e-59
1.18089e+06	8.18096e-60
1.18099e+06	1.5602e-60
1.18109e+06	2.94585e-61
1.18119e+06	5.50681e-62
1.18129e+06	1.01917e-62
1.18139e+06	1.86745e-63
1.18149e+06	3.38773e-64
1.18159e+06	6.08452e-65
1.18169e+06	1.08193e-65
1.18179e+06	1.90472e-66
1.18189e+06	3.31987e-67
1.18199e+06	5.72883e-68
1.18209e+06	9.78742e-69
1.18219e+06	1.65549e-69
1.18229e+06	2.77233e-70
1.18239e+06	4.5964e-71
1.18249e+06	7.54482e-72
1.18259e+06	1.22613e-72
1.18269e+06	1.97279e-73
1.18279e+06	3.14256e-74
1.18289e+06	4.95612e-75
1.18299e+06	7.73852e-76
1.18309e+06	1.19627e-76
1.18319e+06	1.83088e-77
1.18329e+06	2.77427e-78
1.18339e+06	4.16191e-79
1.18349e+06	6.1815e-80
1.18359e+06	9.08975e-81
1.18369e+06	1.32333e-81
1.18379e+06	1.90739e-82
1.18389e+06	2.72188e-83
1.18399e+06	3.84552e-84
1.18409e+06	5.37897e-85
1.18419e+06	7.44903e-86
1.18429e+06	1.02131e-86
1.18439e+06	1.38635e-87
1.18449e+06	1.86313e-88
1.18459e+06	2.47898e-89
1.18469e+06	3.26557e-90
1.18479e+06	4.25894e-91
1.18489e+06	5.49923e-92
1.18499e+06	7.03005e-93
1.18509e+06	8.8976e-94
1.18519e+06	1.11492e-94
1.18529e+06	1.38316e-95
1.18539e+06	1.69886e-96
1.18549e+06	2.06585e-97
1.18559e+06	2.48713e-98
1.18569e+06	2.96453e-99
1.18579e+06	3.4984e-100
1.18589e+06	4.08733e-101
1.18599e+06	4.72789e-102
1.18609e+06	5.41442e-103
1.18619e+06	6.13894e-104
1.18629e+06	6.89116e-105
1.18639e+06	7.65858e-106
1.18649e+06	8.42677e-107
1.18659e+06	9.17976e-108
1.18669e+06	9.90052e-109
1.18679e+06	1.05716e-109
1.18689e+06	1.11759e-110
1.18699e+06	1.16972e-111
1.18709e+06	1.2121e-112
1.18719e+06	1.24351e-113
1.18729e+06	1.26304e-114
1.18739e+06	1.27012e-115
1.18749e+06	1.26453e-116
1.18759e+06	1.24643e-117
1.18769e+06	1.21637e-118
1.18779e+06	1.17522e-119
1.18789e+06	1.12417e-120
1.18799e+06	1.06464e-121
1.18809e+06	9.98222e-123
1.18819e+06	9.26637e-124
1.18829e+06	8.51627e-125
1.18839e+06	7.74902e-126
1.18849e+06	6.98073e-127
1.18859e+06	6.22604e-128
1.18869e+06	5.49768e-129
1.18879e+06	4.80623e-130
1.18889e+06	4.15994e-131
1.18899e+06	3.56473e-132
1.18909e+06	3.02428e-133
1.18919e+06	2.54025e-134
1.18929e+06	2.11245e-135
1.18939e+06	1.73922e-136
1.18949e+06	1.41768e-137
1.18959e+06	1.14409e-138
1.18969e+06	9.14111e-140
1.18979e+06	7.23094e-141
1.18989e+06	5.66301e-142
1.18999e+06	4.39094e-143
1.19009e+06	3.37073e-144
1.19019e+06	2.56182e-145
1.19029e+06	1.92765e-146
1.19039e+06	1.43604e-147
1.19049e+06	1.05916e-148
1.19059e+06	7.73418e-150
1.19069e+06	5.59144e-151
1.19079e+06	4.00212e-152
1.19089e+06	2.83604e-153
1.19099e+06	1.98973e-154
1.19109e+06	1.38207e-155
1.19119e+06	9.50441e-157
1.19129e+06	6.47108e-158
1.19139e+06	4.362e-159
1.19149e+06	2.91106e-160
1.19159e+06	1.92342e-161
1.19169e+06	1.25821e-162
1.19179e+06	8.14874e-164
1.19189e+06	5.22497e-165
1.19199e+06	3.31692e-166
1.19209e+06	2.0847e-167
1.19219e+06	1.2972e-168
1.19229e+06	7.99153e-170
1.19239e+06	4.87427e-171
1.19249e+06	2.94337e-172
1.19259e+06	1.7597e-173
1.19269e+06	1.04157e-174
1.19279e+06	6.10375e-176
1.19289e+06	3.54128e-177
1.19299e+06	2.03415e-178
1.19309e+06	1.15681e-179
1.19319e+06	6.51323e-181
1.19329e+06	3.63069e-182
1.19339e+06	2.00373e-183
1.19349e+06	1.09483e-184
1.19359e+06	5.92256e-186
1.19369e+06	3.17198e-187
1.19379e+06	1.68193e-188
1.19389e+06	8.82964e-190
1.19399e+06	4.58918e-191
1.19409e+06	2.36148e-192
1.19419e+06	1.20307e-193
1.19429e+06	6.06811e-195
1.19439e+06	3.03022e-196
1.19449e+06	1.49814e-197
1.19459e+06	7.33306e-199
1.19469e+06	3.55367e-200
1.19479e+06	1.705e-201
1.19489e+06	8.09899e-203
1.19499e+06	3.80885e-204
1.19509e+06	1.77343e-205
1.19519e+06	8.17504e-207
1.19529e+06	3.73098e-208
1.19539e+06	1.68583e-209
1.19549e+06	7.54158e-211
1.19559e+06	3.34016e-212
1.19569e+06	1.46463e-213
1.19579e+06	6.3584e-215
1.19589e+06	2.7329e-216
1.19599e+06	1.16294e-217
1.19609e+06	4.89945e-219
1.19619e+06	2.04359e-220
1.19629e+06	8.43915e-222
1.19639e+06	3.45033e-223
1.19649e+06	1.39662e-224
1.19659e+06	5.59699e-226
1.19669e+06	2.22068e-227
1.19679e+06	8.72321e-229
1.19689e+06	3.39252e-230
1.19699e+06	1.30625e-231
1.19709e+06	4.97952e-233
1.19719e+06	1.87934e-234
1.19729e+06	7.02231e-236
1.19739e+06	2.59784e-237
1.19749e+06	9.51482e-239
1.19759e+06	3.45022e-240
1.19769e+06	1.23865e-241
1.19779e+06	4.40261e-243
1.19789e+06	1.54927e-244
1.19799e+06	5.39761e-246
1.19809e+06	1.8618e-247
1.19819e+06	6.35801e-249
1.19829e+06	2.14964e-250
1.19839e+06	7.19563e-252
1.19849e+06	2.38467e-253
1.19859e+06	7.82429e-255
1.19869e+06	2.54167e-256
1.19879e+06	8.17428e-258
1.19889e+06	2.60278e-259
1.19899e+06	8.20506e-261
1.19909e+06	2.56085e-262
1.19919e+06	7.91302e-264
1.19929e+06	2.4208e-265
1.19939e+06	7.33215e-267
1.19949e+06	2.19868e-268
1.19959e+06	6.52753e-270
1.19969e+06	1.91864e-271
1.19979e+06	5.58334e-273
1.19989e+06	1.60862e-274
1.19999e+06	4.58847e-276
1.20009e+06	1.29581e-277
1.20019e+06	3.62301e-279
1.20029e+06	1.0029e-280
1.20039e+06	2.74852e-282
1.20049e+06	7.45762e-284
1.20059e+06	2.00335e-285
1.20069e+06	5.3281e-287
1.20079e+06	1.40296e-288
1.20089e+06	3.65741e-290
1.20099e+06	9.43972e-292
1.20109e+06	2.41214e-293
1.20119e+06	6.10242e-295
1.20129e+06	1.52848e-296
1.20139e+06	3.7903e-298
1.20149e+06	9.3056e-300
1.20159e+06	2.2619e-301
1.20169e+06	5.44324e-303
1.20179e+06	1.29688e-304
1.20189e+06	3.05914e-306
1.20199e+06	7.14424e-308
1.20209e+06	1.65185e-309
1.20219e+06	3.78129e-311
1.20229e+06	8.56974e-313
1.20239e+06	1.92288e-314
1.20249e+06	4.27163e-316
1.20259e+06	9.39491e-318
1.20269e+06	2.04573e-319
1.20279e+06	4.40707e-321
1.20289e+06	9.38725e-323
1.20299e+06	0
1.20309e+06	0
1.20319e+06	0
1.20329e+06	0
1.20339e+06	0
1.20349e+06	0
1.20359e+06	0
1.20369e+06	0
1.20379e+06	0
1.20389e+06	0
1.20399e+06	0
1.20409e+06	0
1.20419e+06	0
1.20429e+06	0
1.20439e+06	0
1.20449e+06	0
1.20459e+06	0
1.20469e+06	0
1.20479e+06	0
1.20489e+06	0
1.20499e+06	0
1.20509e+06	0
1.20519e+06	0
1.20529e+06	0
1.20539e+06	0
1.20549e+06	0
1.20559e+06	0
1.20569e+06	0
1.20579e+06	0
1.20589e+06	0
1.20599e+06	0
1.20609e+06	0
1.20619e+06	0
1.20629e+06	0
1.20639e+06	0
1.20649e+06	0
1.20659e+06	0
1.20669e+06	0
1.20679e+06	0
1.20689e+06	0
1.20699e+06	0
1.20709e+06	0
1.20719e+06	0
1.20729e+06	0
1.20739e+06	0
1.20749e+06	0
1.20759e+06	0
1.20769e+06	0
1.20779e+06	0
1.20789e+06	0
1.20799e+06	0
1.20809e+06	0
1.20819e+06	0
1.20829e+06	0
1.20839e+06	0
1.20849e+06	0
1.20859e+06	0
1.20869e+06	0
1.20879e+06	0
1.20889e+06	0
1.20899e+06	0
1.20909e+06	0
1.20919e+06	0
1.20929e+06	0
1.20939e+06	0
1.20949e+06	0
1.20959e+06	0
1.20969e+06	0
1.20979e+06	0
1.20989e+06	0
1.20999e+06	0
1.21009e+06	0
1.21019e+06	0
1.21029e+06	0
1.21039e+06	0
1.21049e+06	0
1.21059e+06	0
1.21069e+06	0
1.21079e+06	0
1.21089e+06	0
1.21099e+06	0
1.21109e+06	0
1.21119e+06	0
1.21129e+06	0
1.21139e+06	0
1.21149e+06	0
1.21159e+06	0
1.21169e+06	0
1.21179e+06	0
1.21189e+06	0
1.21199e+06	0
1.21209e+06	0
1.21219e+06	0
1.21229e+06	0
1.21239e+06	0
1.21249e+06	0
1.21259e+06	0
1.21269e+06	0
1.21279e+06	0
1.21289e+06	0
1.21299e+06	0
1.21309e+06	0
1.21319e+06	0
1.21329e+06	0
1.21339e+06	0
1.21349e+06	0
1.21359e+06	0
1.21369e+06	0
1.21379e+06	0
1.21389e+06	0
1.21399e+06	0
1.21409e+06	0
1.21419e+06	0
1.21429e+06	0
1.21439e+06	0
1.21449e+06	0
1.21459e+06	0
1.21469e+06	0
1.21479e+06	0
1.21489e+06	0
1.21499e+06	0
1.21509e+06	0
1.21519e+06	0
1.21529e+06	0
1.21539e+06	0
1.21549e+06	0
1.21559e+06	0
1.21569e+06	0
1.21579e+06	0
1.21589e+06	0
1.21599e+06	0
1.21609e+06	0
1.21619e+06	0
1.21629e+06	0
1.21639e+06	0
1.21649e+06	0
1.21659e+06	0
1.21669e+06	0
1.21679e+06	0
1.21689e+06	0
1.21699e+06	0
1.21709e+06	0
1.21719e+06	0
1.21729e+06	0
1.21739e+06	0
1.21749e+06	0
1.21759e+06	0
1.21769e+06	0
1.21779e+06	0
1.21789e+06	0
1.21799e+06	0
1.21809e+06	0
1.21819e+06	0
1.21829e+06	0
1.21839e+06	0
1.21849e+06	0
1.21859e+06	0
1.21869e+06	0
1.21879e+06	0
1.21889e+06	0
1.21899e+06	0
1.21909e+06	0
1.21919e+06	0
1.21929e+06	0
1.21939e+06	0
1.21949e+06	0
1.21959e+06	0
1.21969e+06	0
1.21979e+06	0
1.21989e+06	0
1.21999e+06	0
1.22009e+06	0
1.22019e+06	0
1.22029e+06	0
1.22039e+06	0
1.22049e+06	0
1.22059e+06	0
1.22069e+06	0
1.22079e+06	0
1.22089e+06	0
1.22099e+06	0
1.22109e+06	0
1.22119e+06	0
1.22129e+06	0
1.22139e+06	0
1.22149e+06	0
1.22159e+06	0
1.22169e+06	0
1.22179e+06	0
1.22189e+06	0
1.22199e+06	0
1.22209e+06	0
1.22219e+06	0
1.22229e+06	0
1.22239e+06	0
1.22249e+06	0
1.22259e+06	0
1.22269e+06	0
1.22279e+06	0
1.22289e+06	0
1.22299e+06	0
1.22309e+06	0
1.22319e+06	0
1.22329e+06	0
1.22339e+06	0
1.22349e+06	0
1.22359e+06	0
1.22369e+06	0
1.22379e+06	0
1.22389e+06	0
1.22399e+06	0
1.22409e+06	0
1.22419e+06	0
1.22429e+06	0
1.22439e+06	0
1.22449e+06	0
1.22459e+06	0
1.22469e+06	0
1.22479e+06	0
1.22489e+06	0
1.22499e+06	0
1.22509e+06	0
1.22519e+06	0
1.22529e+06	0
1.22539e+06	0
1.22549e+06	0
1.22559e+06	0
1.22569e+06	0
1.22579e+06	0
1.22589e+06	0
1.22599e+06	0
1.22609e+06	0
1.22619e+06	0
1.22629e+06	0
1.22639e+06	0
1.22649e+06	0
1.22659e+06	0
1.22669e+06	0
1.22679e+06	0
1.22689e+06	0
1.22699e+06	0
1.22709e+06	0
1.22719e+06	0
1.22729e+06	0
1.22739e+06	0
1.22749e+06	0
1.22759e+06	0
1.22769e+06	0
1.22779e+06	0
1.22789e+06	0
1.22799e+06	0
1.22809e+06	0
1.22819e+06	0
1.22829e+06	0
1.22839e+06	0
1.22849e+06	0
1.22859e+06	0
1.22869e+06	0
1.22879e+06	0
1.22889e+06	0
1.22899e+06	0
1.22909e+06	0
1.22919e+06	0
1.22929e+06	0
1.22939e+06	0
1.22949e+06	0
1.22959e+06	0
1.22969e+06	0
1.22979e+06	0
1.22989e+06	0
1.22999e+06	0
1.23009e+06	0
1.23019e+06	0
1.23029e+06	0
1.23039e+06	0
1.23049e+06	0
1.23059e+06	0
1.23069e+06	0
1.23079e+06	0
1.23089e+06	0
1.23099e+06	0
1.23109e+06	0
1.23119e+06	0
1.23129e+06	0
1.23139e+06	0
1.23149e+06	0
1.23159e+06	0
1.23169e+06	0
1.23179e+06	0
1.23189e+06	0
1.23199e+06	0
1.23209e+06	0
1.23219e+06	0
1.23229e+06	0
1.23239e+06	0
1.23249e+06	0
1.23259e+06	0
1.23269e+06	0
1.23279e+06	0
1.23289e+06	0
1.23299e+06	0
1.23309e+06	0
1.23319e+06	0
1.23329e+06	0
1.23339e+06	0
1.23349e+06	0
1.23359e+06	0
1.23369e+06	0
1.23379e+06	0
1.23389e+06	0
1.23399e+06	0
1.23409e+06	0
1.23419e+06	0
1.23429e+06	0
1.23439e+06	0
1.23449e+06	0
1.23459e+06	0
1.23469e+06	0
1.23479e+06	0
1.23489e+06	0
1.23499e+06	0
1.23509e+06	0
1.23519e+06	0
1.23529e+06	0
1.23539e+06	0
1.23549e+06	0
1.23559e+06	0
1.23569e+06	0
1.23579e+06	0
1.23589e+06	0
1.23599e+06	0
1.23609e+06	0
1.23619e+06	0
1.23629e+06	0
1.23639e+06	0
1.23649e+06	0
1.23659e+06	0
1.23669e+06	0
1.23679e+06	0
1.23689e+06	0
1.23699e+06	0
1.23709e+06	0
1.23719e+06	0
1.23729e+06	0
1.23739e+06	0
1.23749e+06	0
1.23759e+06	0
1.23769e+06	0
1.23779e+06	0
1.23789e+06	0
1.23799e+06	0
1.23809e+06	0
1.23819e+06	0
1.23829e+06	0
1.23839e+06	0
1.23849e+06	0
1.23859e+06	0
1.23869e+06	0
1.23879e+06	0
1.23889e+06	0
1.23899e+06	0
1.23909e+06	0
1.23919e+06	0
1.23929e+06	0
1.23939e+06	0
1.23949e+06	0
1.23959e+06	0
1.23969e+06	0
1.23979e+06	0
1.23989e+06	0
1.23999e+06	0
1.24009e+06	0
1.24019e+06	0
1.24029e+06	0
1.24039e+06	0
1.24049e+06	0
1.24059e+06	0
1.24069e+06	0
1.24079e+06	0
1.24089e+06	0
1.24099e+06	0
1.24109e+06	0
1.24119e+06	0
1.24129e+06	0
1.24139e+06	0
1.24149e+06	0
1.24159e+06	0
1.24169e+06	0
1.24179e+06	0
1.24189e+06	0
1.24199e+06	0
1.24209e+06	0
1.24219e+06	0
1.24229e+06	0
1.24239e+06	0
1.24249e+06	0
1.24259e+06	0
1.24269e+06	0
1.24279e+06	0
1.24289e+06	0
1.24299e+06	0
1.24309e+06	0
1.24319e+06	0
1.24329e+06	0
1.24339e+06	0
1.24349e+06	0
1.24359e+06	0
1.24369e+06	0
1.24379e+06	0
1.24389e+06	0
1.24399e+06	0
1.24409e+06	0
1.24419e+06	0
1.24429e+06	0
1.24439e+06	0
1.24449e+06	0
1.24459e+06	0
1.24469e+06	0
1.24479e+06	0
1.24489e+06	0
1.24499e+06	0
1.24509e+06	0
1.24519e+06	0
1.24529e+06	0
1.24539e+06	0
1.24549e+06	0
1.24559e+06	0
1.24569e+06	0
1.24579e+06	0
1.24589e+06	0
1.24599e+06	0
1.24609e+06	0
1.24619e+06	0
1.24629e+06	0
1.24639e+06	0
1.24649e+06	0
1.24659e+06	0
1.24669e+06	0
1.24679e+06	0
1.24689e+06	0
1.24699e+06	0
1.24709e+06	0
1.24719e+06	0
1.24729e+06	0
1.24739e+06	0
1.24749e+06	0
1.24759e+06	0
1.24769e+06	0
1.24779e+06	0
1.24789e+06	0
1.24799e+06	0
1.24809e+06	0
1.24819e+06	0
1.24829e+06	0
1.24839e+06	0
1.24849e+06	0
1.24859e+06	0
1.24869e+06	0
1.24879e+06	0
1.24889e+06	0
1.24899e+06	0
1.24909e+06	0
1.24919e+06	0
1.24929e+06	0
1.24939e+06	0
1.24949e+06	0
1.24959e+06	0
1.24969e+06	0
1.24979e+06	0
1.24989e+06	0
1.24999e+06	0
1.25009e+06	0
1.25019e+06	0
1.25029e+06	0
1.25039e+06	0
1.25049e+06	0
1.25059e+06	0
1.25069e+06	0
1.25079e+06	0
1.25089e+06	0
1.25099e+06	0
1.25109e+06	0
1.25119e+06	0
1.25129e+06	0
1.25139e+06	0
1.25149e+06	0
1.25159e+06	0
1.25169e+06	0
1.25179e+06	0
1.25189e+06	0
1.25199e+06	0
1.25209e+06	0
1.25219e+06	0
1.25229e+06	0
1.25239e+06	0
1.25249e+06	0
1.25259e+06	0
1.25269e+06	0
1.25279e+06	0
1.25289e+06	0
1.25299e+06	0
1.25309e+06	0
1.25319e+06	0
1.25329e+06	0
1.25339e+06	0
1.25349e+06	0
1.25359e+06	0
1.25369e+06	0
1.25379e+06	0
1.25389e+06	0
1.25399e+06	0
1.25409e+06	0
1.25419e+06	0
1.25429e+06	0
1.25439e+06	0
1.25449e+06	0
1.25459e+06	0
1.25469e+06	0
1.25479e+06	0
1.25489e+06	0
1.25499e+06	0
1.25509e+06	0
1.25519e+06	0
1.25529e+06	0
1.25539e+06	0
1.25549e+06	0
1.25559e+06	0
1.25569e+06	0
1.25579e+06	0
1.25589e+06	0
1.25599e+06	0
1.25609e+06	0
1.25619e+06	0
1.25629e+06	0
1.25639e+06	0
1.25649e+06	0
1.25659e+06	0
1.25669e+06	0
1.25679e+06	0
1.25689e+06	0
1.25699e+06	0
1.25709e+06	0
1.25719e+06	0
1.25729e+06	0
1.25739e+06	0
1.25749e+06	0
1.25759e+06	0
1.25769e+06	0
1.25779e+06	0
1.25789e+06	0
1.25799e+06	0
1.25809e+06	0
1.25819e+06	0
1.25829e+06	0
1.25839e+06	0
1.25849e+06	0
1.25859e+06	0
1.25869e+06	0
1.25879e+06	0
1.25889e+06	0
1.25899e+06	0
1.25909e+06	0
1.25919e+06	0
1.25929e+06	0
1.25939e+06	0
1.25949e+06	0
1.25959e+06	0
1.25969e+06	0
1.25979e+06	0
1.25989e+06	0
1.25999e+06	0
1.26009e+06	0
1.26019e+06	0
1.26029e+06	0
1.26039e+06	0
1.26049e+06	0
1.26059e+06	0
1.26069e+06	0
1.26079e+06	0
1.26089e+06	0
1.26099e+06	0
1.26109e+06	0
1.26119e+06	0
1.26129e+06	0
1.26139e+06	0
1.26149e+06	0
1.26159e+06	0
1.26169e+06	0
1.26179e+06	0
1.26189e+06	0
1.26199e+06	0
1.26209e+06	0
1.26219e+06	0
1.26229e+06	0
1.26239e+06	0
1.26249e+06	0
1.26259e+06	0
1.26269e+06	0
1.26279e+06	0
1.26289e+06	0
1.26299e+06	0
1.26309e+06	0
1.26319e+06	0
1.26329e+06	0
1.26339e+06	0
1.26349e+06	0
1.26359e+06	0
1.26369e+06	0
1.26379e+06	0
1.26389e+06	0
1.26399e+06	0
1.26409e+06	0
1.26419e+06	0
1.26429e+06	0
1.26439e+06	0
1.26449e+06	0
1.26459e+06	0
1.26469e+06	0
1.26479e+06	0
1.26489e+06	0
1.26499e+06	0
1.26509e+06	0
1.26519e+06	0
1.26529e+06	0
1.26539e+06	0
1.26549e+06	0
1.26559e+06	0
1.26569e+06	0
1.26579e+06	0
1.26589e+06	0
1.26599e+06	0
1.26609e+06	0
1.26619e+06	0
1.26629e+06	0
1.26639e+06	0
1.26649e+06	0
1.26659e+06	0
1.26669e+06	0
1.26679e+06	0
1.26689e+06	0
1.26699e+06	0
1.26709e+06	0
1.26719e+06	0
1.26729e+06	0
1.26739e+06	0
1.26749e+06	0
1.26759e+06	0
1.26769e+06	0
1.26779e+06	0
1.26789e+06	0
1.26799e+06	0
1.26809e+06	0
1.26819e+06	0
1.26829e+06	0
1.26839e+06	0
1.26849e+06	0
1.26859e+06	0
1.26869e+06	0
1.26879e+06	0
1.26889e+06	0
1.26899e+06	0
1.26909e+06	0
1.26919e+06	0
1.26929e+06	0
1.26939e+06	0
1.26949e+06	0
1.26959e+06	0
1.26969e+06	0
1.26979e+06	0
1.26989e+06	0
1.26999e+06	0
1.27009e+06	0
1.27019e+06	0
1.27029e+06	0
1.27039e+06	0
1.27049e+06	0
1.27059e+06	0
1.27069e+06	0
1.27079e+06	0
1.27089e+06	0
1.27099e+06	0
1.27109e+06	0
1.27119e+06	0
1.27129e+06	0
1.27139e+06	0
1.27149e+06	0
1.27159e+06	0
1.27169e+06	0
1.27179e+06	0
1.27189e+06	0
1.27199e+06	0
1.27209e+06	0
1.27219e+06	0
1.27229e+06	0
1.27239e+06	0
1.27249e+06	0
1.27259e+06	0
1.27269e+06	0
1.27279e+06	0
1.27289e+06	0
1.27299e+06	0
1.27309e+06	0
1.27319e+06	0
1.27329e+06	0
1.27339e+06	0
1.27349e+06	0
1.27359e+06	0
1.27369e+06	0
1.27379e+06	0
1.27389e+06	0
1.27399e+06	0
1.27409e+06	0
1.27419e+06	0
1.27429e+06	0
1.27439e+06	0
1.27449e+06	0
1.27459e+06	0
1.27469e+06	0
1.27479e+06	0
1.27489e+06	0
1.27499e+06	0
1.27509e+06	0
1.27519e+06	0
1.27529e+06	0
1.27539e+06	0
1.27549e+06	0
1.27559e+06	0
1.27569e+06	0
1.27579e+06	0
1.27589e+06	0
1.27599e+06	0
1.27609e+06	0
1.27619e+06	0
1.27629e+06	0
1.27639e+06	0
1.27649e+06	0
1.27659e+06	0
1.27669e+06	0
1.27679e+06	0
1.27689e+06	0
1.27699e+06	0
1.27709e+06	0
1.27719e+06	0
1.27729e+06	0
1.27739e+06	0
1.27749e+06	0
1.27759e+06	0
1.27769e+06	0
1.27779e+06	0
1.27789e+06	0
1.27799e+06	0
1.27809e+06	0
1.27819e+06	0
1.27829e+06	0
1.27839e+06	0
1.27849e+06	0
1.27859e+06	0
1.27869e+06	0
1.27879e+06	0
1.27889e+06	0
1.27899e+06	0
1.27909e+06	0
1.27919e+06	0
1.27929e+06	0
1.27939e+06	0
1.27949e+06	0
1.27959e+06	0
1.27969e+06	0
1.27979e+06	0
1.27989e+06	0
1.27999e+06	0
1.28009e+06	0
1.28019e+06	0
1.28029e+06	0
1.28039e+06	0
1.28049e+06	0
1.28059e+06	0
1.28069e+06	0
1.28079e+06	0
1.28089e+06	0
1.28099e+06	0
1.28109e+06	0
1.28119e+06	0
1.28129e+06	0
1.28139e+06	0
1.28149e+06	0
1.28159e+06	0
1.28169e+06	0
1.28179e+06	0
1.28189e+06	0
1.28199e+06	0
1.28209e+06	0
1.28219e+06	0
1.28229e+06	0
1.28239e+06	0
1.28249e+06	0
1.28259e+06	0
1.28269e+06	0
1.28279e+06	0
1.28289e+06	0
1.28299e+06	0
1.28309e+06	0
1.28319e+06	0
1.28329e+06	0
1.28339e+06	0
1.28349e+06	0
1.28359e+06	0
1.28369e+06	0
1.28379e+06	0
1.28389e+06	0
1.28399e+06	0
1.28409e+06	0
1.28419e+06	0
1.28429e+06	0
1.28439e+06	0
1.28449e+06	0
1.28459e+06	0
1.28469e+06	0
1.28479e+06	0
1.28489e+06	0
1.28499e+06	0
1.28509e+06	0
1.28519e+06	0
1.28529e+06	0
1.28539e+06	0
1.28549e+06	0
1.28559e+06	0
1.28569e+06	0
1.28579e+06	0
1.28589e+06	0
1.28599e+06	0
1.28609e+06	0
1.28619e+06	0
1.28629e+06	0
1.28639e+06	0
1.28649e+06	0
1.28659e+06	0
1.28669e+06	0
1.28679e+06	0
1.28689e+06	0
1.28699e+06	0
1.28709e+06	0
1.28719e+06	0
1.28729e+06	0
1.28739e+06	0
1.28749e+06	0
1.28759e+06	0
1.28769e+06	0
1.28779e+06	0
1.28789e+06	0
1.28799e+06	0
1.28809e+06	0
1.28819e+06	0
1.28829e+06	0
1.28839e+06	0
1.28849e+06	0
1.28859e+06	0
1.28869e+06	0
1.28879e+06	0
1.28889e+06	0
1.28899e+06	0
1.28909e+06	0
1.28919e+06	0
1.28929e+06	0
1.28939e+06	0
1.28949e+06	0
1.28959e+06	0
1.28969e+06	0
1.28979e+06	0
1.28989e+06	0
1.28999e+06	0
1.29009e+06	0
1.29019e+06	0
1.29029e+06	0
1.29039e+06	0
1.29049e+06	0
1.29059e+06	0
1.29069e+06	0
1.29079e+06	0
1.29089e+06	0
1.29099e+06	0
1.29109e+06	0
1.29119e+06	0
1.29129e+06	0
1.29139e+06	0
1.29149e+06	0
1.29159e+06	0
1.29169e+06	0
1.29179e+06	0
1.29189e+06	0
1.29199e+06	0
1.29209e+06	0
1.29219e+06	0
1.29229e+06	0
1.29239e+06	0
1.29249e+06	0
1.29259e+06	0
1.29269e+06	0
1.29279e+06	0
1.29289e+06	0
1.29299e+06	0
1.29309e+06	0
1.29319e+06	0
1.29329e+06	0
1.29339e+06	0
1.29349e+06	0
1.29359e+06	0
1.29369e+06	0
1.29379e+06	0
1.29389e+06	0
1.29399e+06	0
1.29409e+06	0
1.29419e+06	0
1.29429e+06	0
1.29439e+06	0
1.29449e+06	0
1.29459e+06	0
1.29469e+06	0
1.29479e+06	0
1.29489e+06	0
1.29499e+06	0
1.29509e+06	0
1.29519e+06	0
1.29529e+06	0
1.29539e+06	0
1.29549e+06	0
1.29559e+06	0
1.29569e+06	0
1.29579e+06	0
1.29589e+06	0
1.29599e+06	0
1.29609e+06	0
1.29619e+06	0
1.29629e+06	0
1.29639e+06	0
1.29649e+06	0
1.29659e+06	0
1.29669e+06	0
1.29679e+06	0
1.29689e+06	0
1.29699e+06	0
1.29709e+06	0
1.29719e+06	0
1.29729e+06	0
1.29739e+06	0
1.29749e+06	0
1.29759e+06	0
1.29769e+06	0
1.29779e+06	0
1.29789e+06	0
1.29799e+06	0
1.29809e+06	0
1.29819e+06	0
1.29829e+06	0
1.29839e+06	0
1.29849e+06	0
1.29859e+06	0
1.29869e+06	0
1.29879e+06	0
1.29889e+06	0
1.29899e+06	0
1.29909e+06	0
1.29919e+06	0
1.29929e+06	0
1.29939e+06	0
1.29949e+06	0
1.29959e+06	0
1.29969e+06	0
1.29979e+06	0
1.29989e+06	0
1.29999e+06	0
1.30009e+06	0
1.30019e+06	0
1.30029e+06	0
1.30039e+06	0
1.30049e+06	0
1.30059e+06	0
1.30069e+06	0
1.30079e+06	0
1.30089e+06	0
1.30099e+06	0
1.30109e+06	0
1.30119e+06	0
1.30129e+06	0
1.30139e+06	0
1.30149e+06	0
1.30159e+06	0
1.30169e+06	0
1.30179e+06	0
1.30189e+06	0
1.30199e+06	0
1.30209e+06	0
1.30219e+06	0
1.30229e+06	0
1.30239e+06	0
1.30249e+06	0
1.30259e+06	0
1.30269e+06	0
1.30279e+06	0
1.30289e+06	0
1.30299e+06	0
1.30309e+06	0
1.30319e+06	0
1.30329e+06	0
1.30339e+06	0
1.30349e+06	0
1.30359e+06	0
1.30369e+06	0
1.30379e+06	0
1.30389e+06	0
1.30399e+06	0
1.30409e+06	0
1.30419e+06	0
1.30429e+06	0
1.30439e+06	0
1.30449e+06	0
1.30459e+06	0
1.30469e+06	0
1.30479e+06	0
1.30489e+06	0
1.30499e+06	0
1.30509e+06	0
1.30519e+06	0
1.30529e+06	0
1.30539e+06	0
1.30549e+06	0
1.30559e+06	0
1.30569e+06	0
1.30579e+06	0
1.30589e+06	0
1.30599e+06	0
1.30609e+06	0
1.30619e+06	0
1.30629e+06	0
1.30639e+06	0
1.30649e+06	0
1.30659e+06	0
1.30669e+06	0
1.30679e+06	0
1.30689e+06	0
1.30699e+06	0
1.30709e+06	0
1.30719e+06	0
1.30729e+06	0
1.30739e+06	0
1.30749e+06	0
1.30759e+06	0
1.30769e+06	0
1.30779e+06	0
1.30789e+06	0
1.30799e+06	0
1.30809e+06	0
1.30819e+06	0
1.30829e+06	0
1.30839e+06	0
1.30849e+06	0
1.30859e+06	0
1.30869e+06	0
1.30879e+06	0
1.30889e+06	0
1.30899e+06	0
1.30909e+06	0
1.30919e+06	0
1.30929e+06	0
1.30939e+06	0
1.30949e+06	0
1.30959e+06	0
1.30969e+06	0
1.30979e+06	0
1.30989e+06	0
1.30999e+06	0
1.31009e+06	0
1.31019e+06	0
1.31029e+06	0
1.31039e+06	0
1.31049e+06	0
1.31059e+06	0
1.31069e+06	0
1.31079e+06	0
1.31089e+06	0
1.31099e+06	0
1.31109e+06	0
1.31119e+06	0
1.31129e+06	0
1.31139e+06	0
1.31149e+06	0
1.31159e+06	0
1.31169e+06	0
1.31179e+06	0
1.31189e+06	0
1.31199e+06	0
1.31209e+06	0
1.31219e+06	0
1.31229e+06	0
1.31239e+06	0
1.31249e+06	0
1.31259e+06	0
1.31269e+06	0
1.31279e+06	0
1.31289e+06	0
1.31299e+06	0
1.31309e+06	0
1.31319e+06	0
1.31329e+06	0
1.31339e+06	0
1.31349e+06	0
1.31359e+06	0
1.31369e+06	0
1.31379e+06	0
1.31389e+06	0
1.31399e+06	0
1.31409e+06	0
1.31419e+06	0
1.31429e+06	0
1.31439e+06	0
1.31449e+06	0
1.31459e+06	0
1.31469e+06	0
1.31479e+06	0
1.31489e+06	0
1.31499e+06	0
1.31509e+06	0
1.31519e+06	0
1.31529e+06	0
1.31539e+06	0
1.31549e+06	0
1.31559e+06	0
1.31569e+06	0
1.31579e+06	0
1.31589e+06	0
1.31599e+06	0
1.31609e+06	0
1.31619e+06	0
1.31629e+06	0
1.31639e+06	0
1.31649e+06	0
1.31659e+06	0
1.31669e+06	0
1.31679e+06	0
1.31689e+06	0
1.31699e+06	0
1.31709e+06	0
1.31719e+06	0
1.31729e+06	0
1.31739e+06	0
1.31749e+06	0
1.31759e+06	0
1.31769e+06	0
1.31779e+06	0
1.31789e+06	0
1.31799e+06	0
1.31809e+06	0
1.31819e+06	0
1.31829e+06	0
1.31839e+06	0
1.31849e+06	0
1.31859e+06	0
1.31869e+06	0
1.31879e+06	0
1.31889e+06	0
1.31899e+06	0
1.31909e+06	0
1.31919e+06	0
1.31929e+06	0
1.31939e+06	0
1.31949e+06	0
1.31959e+06	0
1.31969e+06	0
1.31979e+06	0
1.31989e+06	0
1.31999e+06	0
1.32009e+06	0
1.32019e+06	0
1.32029e+06	0
1.32039e+06	0
1.32049e+06	0
1.32059e+06	0
1.32069e+06	0
1.32079e+06	0
1.32089e+06	0
1.32099e+06	0
1.32109e+06	0
1.32119e+06	0
1.32129e+06	0
1.32139e+06	0
1.32149e+06	0
1.32159e+06	0
1.32169e+06	0
1.32179e+06	0
1.32189e+06	0
1.32199e+06	0
1.32209e+06	0
1.32219e+06	0
1.32229e+06	0
1.32239e+06	0
1.32249e+06	0
1.32259e+06	0
1.32269e+06	0
1.32279e+06	0
1.32289e+06	0
1.32299e+06	0
1.32309e+06	0
1.32319e+06	0
1.32329e+06	0
1.32339e+06	0
1.32349e+06	0
1.32359e+06	0
1.32369e+06	0
1.32379e+06	0
1.32389e+06	0
1.32399e+06	0
1.32409e+06	0
1.32419e+06	0
1.32429e+06	0
1.32439e+06	0
1.32449e+06	0
1.32459e+06	0
1.32469e+06	0
1.32479e+06	0
1.32489e+06	0
1.32499e+06	0
1.32509e+06	0
1.32519e+06	0
1.32529e+06	0
1.32539e+06	0
1.32549e+06	0
1.32559e+06	0
1.32569e+06	0
1.32579e+06	0
1.32589e+06	0
1.32599e+06	0
1.32609e+06	0
1.32619e+06	0
1.32629e+06	0
1.32639e+06	0
1.32649e+06	0
1.32659e+06	0
1.32669e+06	0
1.32679e+06	0
1.32689e+06	0
1.32699e+06	0
1.32709e+06	0
1.32719e+06	0
1.32729e+06	0
1.32739e+06	0
1.32749e+06	0
1.32759e+06	0
1.32769e+06	0
1.32779e+06	0
1.32789e+06	0
1.32799e+06	0
1.32809e+06	0
1.32819e+06	0
1.32829e+06	0
1.32839e+06	0
1.32849e+06	0
1.32859e+06	0
1.32869e+06	0
1.32879e+06	0
1.32889e+06	0
1.32899e+06	0
1.32909e+06	0
1.32919e+06	0
1.32929e+06	0
1.32939e+06	0
1.32949e+06	0
1.32959e+06	0
1.32969e+06	0
1.32979e+06	0
1.32989e+06	0
1.32999e+06	0
1.33009e+06	0
1.33019e+06	0
1.33029e+06	0
1.33039e+06	0
1.33049e+06	0
1.33059e+06	0
1.33069e+06	0
1.33079e+06	0
1.33089e+06	0
1.33099e+06	0
1.33109e+06	0
1.33119e+06	0
1.33129e+06	0
1.33139e+06	0
1.33149e+06	0
1.33159e+06	0
1.33169e+06	0
1.33179e+06	0
1.33189e+06	0
1.33199e+06	0
1.33209e+06	0
1.33219e+06	0
1.33229e+06	0
1.33239e+06	0
1.33249e+06	0
1.33259e+06	0
1.33269e+06	0
1.33279e+06	0
1.33289e+06	0
1.33299e+06	0
1.33309e+06	0
1.33319e+06	0
1.33329e+06	0
1.33339e+06	0
1.33349e+06	0
1.33359e+06	0
1.33369e+06	0
1.33379e+06	0
1.33389e+06	0
1.33399e+06	0
1.33409e+06	0
1.33419e+06	0
1.33429e+06	0
1.33439e+06	0
1.33449e+06	0
1.33459e+06	0
1.33469e+06	0
1.33479e+06	0
1.33489e+06	0
1.33499e+06	0
1.33509e+06	0
1.33519e+06	0
1.33529e+06	0
1.33539e+06	0
1.33549e+06	0
1.33559e+06	0
1.33569e+06	0
1.33579e+06	0
1.33589e+06	0
1.33599e+06	0
1.33609e+06	0
1.33619e+06	0
1.33629e+06	0
1.33639e+06	0
1.33649e+06	0
1.33659e+06	0
1.33669e+06	0
1.33679e+06	0
1.33689e+06	0
1.33699e+06	0
1.33709e+06	0
1.33719e+06	0
1.33729e+06	0
1.33739e+06	0
1.33749e+06	0
1.33759e+06	0
1.33769e+06	0
1.33779e+06	0
1.33789e+06	0
1.33799e+06	0
1.33809e+06	0
1.33819e+06	0
1.33829e+06	0
1.33839e+06	0
1.33849e+06	0
1.33859e+06	0
1.33869e+06	0
1.33879e+06	0
1.33889e+06	0
1.33899e+06	0
1.33909e+06	0
1.33919e+06	0
1.33929e+06	0
1.33939e+06	0
1.33949e+06	0
1.33959e+06	0
1.33969e+06	0
1.33979e+06	0
1.33989e+06	0
1.33999e+06	0
1.34009e+06	0
1.34019e+06	0
1.34029e+06	0
1.34039e+06	0
1.34049e+06	0
1.34059e+06	0
1.34069e+06	0
1.34079e+06	0
1.34089e+06	0
1.34099e+06	0
1.34109e+06	0
1.34119e+06	0
1.34129e+06	0
1.34139e+06	0
1.34149e+06	0
1.34159e+06	0
1.34169e+06	0
1.34179e+06	0
1.34189e+06	0
1.34199e+06	0
1.34209e+06	0
1.34219e+06	0
1.34229e+06	0
1.34239e+06	0
1.34249e+06	0
1.34259e+06	0
1.34269e+06	0
1.34279e+06	0
1.34289e+06	0
1.34299e+06	0
1.34309e+06	0
1.34319e+06	0
1.34329e+06	0
1.34339e+06	0
1.34349e+06	0
1.34359e+06	0
1.34369e+06	0
1.34379e+06	0
1.34389e+06	0
1.34399e+06	0
1.34409e+06	0
1.34419e+06	0
1.34429e+06	0
1.34439e+06	0
1.34449e+06	0
1.34459e+06	0
1.34469e+06	0
1.34479e+06	0
1.34489e+06	0
1.34499e+06	0
1.34509e+06	0
1.34519e+06	0
1.34529e+06	0
1.34539e+06	0
1.34549e+06	0
1.34559e+06	0
1.34569e+06	0
1.34579e+06	0
1.34589e+06	0
1.34599e+06	0
1.34609e+06	0
1.34619e+06	0
1.34629e+06	0
1.34639e+06	0
1.34649e+06	0
1.34659e+06	0
1.34669e+06	0
1.34679e+06	0
1.34689e+06	0
1.34699e+06	0
1.34709e+06	0
1.34719e+06	0
1.34729e+06	0
1.34739e+06	0
1.34749e+06	0
1.34759e+06	0
1.34769e+06	0
1.34779e+06	0
1.34789e+06	0
1.34799e+06	0
1.34809e+06	0
1.34819e+06	0
1.34829e+06	0
1.34839e+06	0
1.34849e+06	0
1.34859e+06	0
1.34869e+06	0
1.34879e+06	0
1.34889e+06	0
1.34899e+06	0
1.34909e+06	0
1.34919e+06	0
1.34929e+06	0
1.34939e+06	0
1.34949e+06	0
1.34959e+06	0
1.34969e+06	0
1.34979e+06	0
1.34989e+06	0
1.34999e+06	0
1.35009e+06	0
1.35019e+06	0
1.35029e+06	0
1.35039e+06	0
1.35049e+06	0
1.35059e+06	0
1.35069e+06	0
1.35079e+06	0
1.35089e+06	0
1.35099e+06	0
1.35109e+06	0
1.35119e+06	0
1.35129e+06	0
1.35139e+06	0
1.35149e+06	0
1.35159e+06	0
1.35169e+06	0
1.35179e+06	0
1.35189e+06	0
1.35199e+06	0
1.35209e+06	0
1.35219e+06	0
1.35229e+06	0
1.35239e+06	0
1.35249e+06	0
1.35259e+06	0
1.35269e+06	0
1.35279e+06	0
1.35289e+06	0
1.35299e+06	0
1.35309e+06	0
1.35319e+06	0
1.35329e+06	0
1.35339e+06	0
1.35349e+06	0
1.35359e+06	0
1.35369e+06	0
1.35379e+06	0
1.35389e+06	0
1.35399e+06	0
1.35409e+06	0
1.35419e+06	0
1.35429e+06	0
1.35439e+06	0
1.35449e+06	0
1.35459e+06	0
1.35469e+06	0
1.35479e+06	0
1.35489e+06	0
1.35499e+06	0
1.35509e+06	0
1.35519e+06	0
1.35529e+06	0
1.35539e+06	0
1.35549e+06	0
1.35559e+06	0
1.35569e+06	0
1.35579e+06	0
1.35589e+06	0
1.35599e+06	0
1.35609e+06	0
1.35619e+06	0
1.35629e+06	0
1.35639e+06	0
1.35649e+06	0
1.35659e+06	0
1.35669e+06	0
1.35679e+06	0
1.35689e+06	0
1.35699e+06	0
1.35709e+06	0
1.35719e+06	0
1.35729e+06	0
1.35739e+06	0
1.35749e+06	0
1.35759e+06	0
1.35769e+06	0
1.35779e+06	0
1.35789e+06	0
1.35799e+06	0
1.35809e+06	0
1.35819e+06	0
1.35829e+06	0
1.35839e+06	0
1.35849e+06	0
1.35859e+06	0
1.35869e+06	0
1.35879e+06	0
1.35889e+06	0
1.35899e+06	0
1.35909e+06	0
1.35919e+06	0
1.35929e+06	0
1.35939e+06	0
1.35949e+06	0
1.35959e+06	0
1.35969e+06	0
1.35979e+06	0
1.35989e+06	0
1.35999e+06	0
1.36009e+06	0
1.36019e+06	0
1.36029e+06	0
1.36039e+06	0
1.36049e+06	0
1.36059e+06	0
1.36069e+06	0
1.36079e+06	0
1.36089e+06	0
1.36099e+06	0
1.36109e+06	0
1.36119e+06	0
1.36129e+06	0
1.36139e+06	0
1.36149e+06	0
1.36159e+06	0
1.36169e+06	0
1.36179e+06	0
1.36189e+06	0
1.36199e+06	0
1.36209e+06	0
1.36219e+06	0
1.36229e+06	0
1.36239e+06	0
1.36249e+06	0
1.36259e+06	0
1.36269e+06	0
1.36279e+06	0
1.36289e+06	0
1.36299e+06	0
1.36309e+06	0
1.36319e+06	0
1.36329e+06	0
1.36339e+06	0
1.36349e+06	0
1.36359e+06	0
1.36369e+06	0
1.36379e+06	0
1.36389e+06	0
1.36399e+06	0
1.36409e+06	0
1.36419e+06	0
1.36429e+06	0
1.36439e+06	0
1.36449e+06	0
1.36459e+06	0
1.36469e+06	0
1.36479e+06	0
1.36489e+06	0
1.36499e+06	0
1.36509e+06	0
1.36519e+06	0
1.36529e+06	0
1.36539e+06	0
1.36549e+06	0
1.36559e+06	0
1.36569e+06	0
1.36579e+06	0
1.36589e+06	0
1.36599e+06	0
1.36609e+06	0
1.36619e+06	0
1.36629e+06	0
1.36639e+06	0
1.36649e+06	0
1.36659e+06	0
1.36669e+06	0
1.36679e+06	0
1.36689e+06	0
1.36699e+06	0
1.36709e+06	0
1.36719e+06	0
1.36729e+06	0
1.36739e+06	0
1.36749e+06	0
1.36759e+06	0
1.36769e+06	0
1.36779e+06	0
1.36789e+06	0
1.36799e+06	0
1.36809e+06	0
1.36819e+06	0
1.36829e+06	0
1.36839e+06	0
1.36849e+06	0
1.36859e+06	0
1.36869e+06	0
1.36879e+06	0
1.36889e+06	0
1.36899e+06	0
1.36909e+06	0
1.36919e+06	0
1.36929e+06	0
1.36939e+06	0
1.36949e+06	0
1.36959e+06	0
1.36969e+06	0
1.36979e+06	0
1.36989e+06	0
1.36999e+06	0
1.37009e+06	0
1.37019e+06	0
1.37029e+06	0
1.37039e+06	0
1.37049e+06	0
1.37059e+06	0
1.37069e+06	0
1.37079e+06	0
1.37089e+06	0
1.37099e+06	0
1.37109e+06	0
1.37119e+06	0
1.37129e+06	0
1.37139e+06	0
1.37149e+06	0
1.37159e+06	0
1.37169e+06	0
1.37179e+06	0
1.37189e+06	0
1.37199e+06	0
1.37209e+06	0
1.37219e+06	0
1.37229e+06	0
1.37239e+06	0
1.37249e+06	0
1.37259e+06	0
1.37269e+06	0
1.37279e+06	0
1.37289e+06	0
1.37299e+06	0
1.37309e+06	0
1.37319e+06	0
1.37329e+06	0
1.37339e+06	0
1.37349e+06	0
1.37359e+06	0
1.37369e+06	0
1.37379e+06	0
1.37389e+06	0
1.37399e+06	0
1.37409e+06	0
1.37419e+06	0
1.37429e+06	0
1.37439e+06	0
1.37449e+06	0
1.37459e+06	0
1.37469e+06	0
1.37479e+06	0
1.37489e+06	0
1.37499e+06	0
1.37509e+06	0
1.37519e+06	0
1.37529e+06	0
1.37539e+06	0
1.37549e+06	0
1.37559e+06	0
1.37569e+06	0
1.37579e+06	0
1.37589e+06	0
1.37599e+06	0
1.37609e+06	0
1.37619e+06	0
1.37629e+06	0
1.37639e+06	0
1.37649e+06	0
1.37659e+06	0
1.37669e+06	0
1.37679e+06	0
1.37689e+06	0
1.37699e+06	0
1.37709e+06	0
1.37719e+06	0
1.37729e+06	0
1.37739e+06	0
1.37749e+06	0
1.37759e+06	0
1.37769e+06	0
1.37779e+06	0
1.37789e+06	0
1.37799e+06	0
1.37809e+06	0
1.37819e+06	0
1.37829e+06	0
1.37839e+06	0
1.37849e+06	0
1.37859e+06	0
1.37869e+06	0
1.37879e+06	0
1.37889e+06	0
1.37899e+06	0
1.37909e+06	0
1.37919e+06	0
1.37929e+06	0
1.37939e+06	0
1.37949e+06	0
1.37959e+06	0
1.37969e+06	0
1.37979e+06	0
1.37989e+06	0
1.37999e+06	0
1.38009e+06	0
1.38019e+06	0
1.38029e+06	0
1.38039e+06	0
1.38049e+06	0
1.38059e+06	0
1.38069e+06	0
1.38079e+06	0
1.38089e+06	0
1.38099e+06	0
1.38109e+06	0
1.38119e+06	0
1.38129e+06	0
1.38139e+06	0
1.38149e+06	0
1.38159e+06	0
1.38169e+06	0
1.38179e+06	0
1.38189e+06	0
1.38199e+06	0
1.38209e+06	0
1.38219e+06	0
1.38229e+06	0
1.38239e+06	0
1.38249e+06	0
1.38259e+06	0
1.38269e+06	0
1.38279e+06	0
1.38289e+06	0
1.38299e+06	0
1.38309e+06	0
1.38319e+06	0
1.38329e+06	0
1.38339e+06	0
1.38349e+06	0
1.38359e+06	0
1.38369e+06	0
1.38379e+06	0
1.38389e+06	0
1.38399e+06	0
1.38409e+06	0
1.38419e+06	0
1.38429e+06	0
1.38439e+06	0
1.38449e+06	0
1.38459e+06	0
1.38469e+06	0
1.38479e+06	0
1.38489e+06	0
1.38499e+06	0
1.38509e+06	0
1.38519e+06	0
1.38529e+06	0
1.38539e+06	0
1.38549e+06	0
1.38559e+06	0
1.38569e+06	0
1.38579e+06	0
1.38589e+06	0
1.38599e+06	0
1.38609e+06	0
1.38619e+06	0
1.38629e+06	0
1.38639e+06	0
1.38649e+06	0
1.38659e+06	0
1.38669e+06	0
1.38679e+06	0
1.38689e+06	0
1.38699e+06	0
1.38709e+06	0
1.38719e+06	0
1.38729e+06	0
1.38739e+06	0
1.38749e+06	0
1.38759e+06	0
1.38769e+06	0
1.38779e+06	0
1.38789e+06	0
1.38799e+06	0
1.38809e+06	0
1.38819e+06	0
1.38829e+06	0
1.38839e+06	0
1.38849e+06	0
1.38859e+06	0
1.38869e+06	0
1.38879e+06	0
1.38889e+06	0
1.38899e+06	0
1.38909e+06	0
1.38919e+06	0
1.38929e+06	0
1.38939e+06	0
1.38949e+06	0
1.38959e+06	0
1.38969e+06	0
1.38979e+06	0
1.38989e+06	0
1.38999e+06	0
1.39009e+06	0
1.39019e+06	0
1.39029e+06	0
1.39039e+06	0
1.39049e+06	0
1.39059e+06	0
1.39069e+06	0
1.39079e+06	0
1.39089e+06	0
1.39099e+06	0
1.39109e+06	0
1.39119e+06	0
1.39129e+06	0
1.39139e+06	0
1.39149e+06	0
1.39159e+06	0
1.39169e+06	0
1.39179e+06	0
1.39189e+06	0
1.39199e+06	0
1.39209e+06	0
1.39219e+06	0
1.39229e+06	0
1.39239e+06	0
1.39249e+06	0
1.39259e+06	0
1.39269e+06	0
1.39279e+06	0
1.39289e+06	0
1.39299e+06	0
1.39309e+06	0
1.39319e+06	0
1.39329e+06	0
1.39339e+06	0
1.39349e+06	0
1.39359e+06	0
1.39369e+06	0
1.39379e+06	0
1.39389e+06	0
1.39399e+06	0
1.39409e+06	0
1.39419e+06	0
1.39429e+06	0
1.39439e+06	0
1.39449e+06	0
1.39459e+06	0
1.39469e+06	0
1.39479e+06	0
1.39489e+06	0
1.39499e+06	0
1.39509e+06	0
1.39519e+06	0
1.39529e+06	0
1.39539e+06	0
1.39549e+06	0
1.39559e+06	0
1.39569e+06	0
1.39579e+06	0
1.39589e+06	0
1.39599e+06	0
1.39609e+06	0
1.39619e+06	0
1.39629e+06	0
1.39639e+06	0
1.39649e+06	0
1.39659e+06	0
1.39669e+06	0
1.39679e+06	0
1.39689e+06	0
1.39699e+06	0
1.39709e+06	0
1.39719e+06	0
1.39729e+06	0
1.39739e+06	0
1.39749e+06	0
1.39759e+06	0
1.39769e+06	0
1.39779e+06	0
1.39789e+06	0
1.39799e+06	0
1.39809e+06	0
1.39819e+06	0
1.39829e+06	0
1.39839e+06	0
1.39849e+06	0
1.39859e+06	0
1.39869e+06	0
1.39879e+06	0
1.39889e+06	0
1.39899e+06	0
1.39909e+06	0
1.39919e+06	0
1.39929e+06	0
1.39939e+06	0
1.39949e+06	0
1.39959e+06	0
1.39969e+06	0
1.39979e+06	0
1.39989e+06	0
1.39999e+06	0
1.40009e+06	0
1.40019e+06	0
1.40029e+06	0
1.40039e+06	0
1.40049e+06	0
1.40059e+06	0
1.40069e+06	0
1.40079e+06	0
1.40089e+06	0
1.40099e+06	0
1.40109e+06	0
1.40119e+06	0
1.40129e+06	0
1.40139e+06	0
1.40149e+06	0
1.40159e+06	0
1.40169e+06	0
1.40179e+06	0
1.40189e+06	0
1.40199e+06	0
1.40209e+06	0
1.40219e+06	0
1.40229e+06	0
1.40239e+06	0
1.40249e+06	0
1.40259e+06	0
1.40269e+06	0
1.40279e+06	0
1.40289e+06	0
1.40299e+06	0
1.40309e+06	0
1.40319e+06	0
1.40329e+06	0
1.40339e+06	0
1.40349e+06	0
1.40359e+06	0
1.40369e+06	0
1.40379e+06	0
1.40389e+06	0
1.40399e+06	0
1.40409e+06	0
1.40419e+06	0
1.40429e+06	0
1.40439e+06	0
1.40449e+06	0
1.40459e+06	0
1.40469e+06	0
1.40479e+06	0
1.40489e+06	0
1.40499e+06	0
1.40509e+06	0
1.40519e+06	0
1.40529e+06	0
1.40539e+06	0
1.40549e+06	0
1.40559e+06	0
1.40569e+06	0
1.40579e+06	0
1.40589e+06	0
1.40599e+06	0
1.40609e+06	0
1.40619e+06	0
1.40629e+06	0
1.40639e+06	0
1.40649e+06	0
1.40659e+06	0
1.40669e+06	0
1.40679e+06	0
1.40689e+06	0
1.40699e+06	0
1.40709e+06	0
1.40719e+06	0
1.40729e+06	0
1.40739e+06	0
1.40749e+06	0
1.40759e+06	0
1.40769e+06	0
1.40779e+06	0
1.40789e+06	0
1.40799e+06	0
1.40809e+06	0
1.40819e+06	0
1.40829e+06	0
1.40839e+06	0
1.40849e+06	0
1.40859e+06	0
1.40869e+06	0
1.40879e+06	0
1.40889e+06	0
1.40899e+06	0
1.40909e+06	0
1.40919e+06	0
1.40929e+06	0
1.40939e+06	0
1.40949e+06	0
1.40959e+06	0
1.40969e+06	0
1.40979e+06	0
1.40989e+06	0
1.40999e+06	0
1.41009e+06	0
1.41019e+06	0
1.41029e+06	0
1.41039e+06	0
1.41049e+06	0
1.41059e+06	0
1.41069e+06	0
1.41079e+06	0
1.41089e+06	0
1.41099e+06	0
1.41109e+06	0
1.41119e+06	0
1.41129e+06	0
1.41139e+06	0
1.41149e+06	0
1.41159e+06	0
1.41169e+06	0
1.41179e+06	0
1.41189e+06	0
1.41199e+06	0
1.41209e+06	0
1.41219e+06	0
1.41229e+06	0
1.41239e+06	0
1.41249e+06	0
1.41259e+06	0
1.41269e+06	0
1.41279e+06	0
1.41289e+06	0
1.41299e+06	0
1.41309e+06	0
1.41319e+06	0
1.41329e+06	0
1.41339e+06	0
1.41349e+06	0
1.41359e+06	0
1.41369e+06	0
1.41379e+06	0
1.41389e+06	0
1.41399e+06	0
1.41409e+06	0
1.41419e+06	0
1.41429e+06	0
1.41439e+06	0
1.41449e+06	0
1.41459e+06	0
1.41469e+06	0
1.41479e+06	0
1.41489e+06	0
1.41499e+06	0
1.41509e+06	0
1.41519e+06	0
1.41529e+06	0
1.41539e+06	0
1.41549e+06	0
1.41559e+06	0
1.41569e+06	0
1.41579e+06	0
1.41589e+06	0
1.41599e+06	0
1.41609e+06	0
1.41619e+06	0
1.41629e+06	0
1.41639e+06	0
1.41649e+06	0
1.41659e+06	0
1.41669e+06	0
1.41679e+06	0
1.41689e+06	0
1.41699e+06	0
1.41709e+06	0
1.41719e+06	0
1.41729e+06	0
1.41739e+06	0
1.41749e+06	0
1.41759e+06	0
1.41769e+06	0
1.41779e+06	0
1.41789e+06	0
1.41799e+06	0
1.41809e+06	0
1.41819e+06	0
1.41829e+06	0
1.41839e+06	0
1.41849e+06	0
1.41859e+06	0
1.41869e+06	0
1.41879e+06	0
1.41889e+06	0
1.41899e+06	0
1.41909e+06	0
1.41919e+06	0
1.41929e+06	0
1.41939e+06	0
1.41949e+06	0
1.41959e+06	0
1.41969e+06	0
1.41979e+06	0
1.41989e+06	0
1.41999e+06	0
1.42009e+06	0
1.42019e+06	0
1.42029e+06	0
1.42039e+06	0
1.42049e+06	0
1.42059e+06	0
1.42069e+06	0
1.42079e+06	0
1.42089e+06	0
1.42099e+06	0
1.42109e+06	0
1.42119e+06	0
1.42129e+06	0
1.42139e+06	0
1.42149e+06	0
1.42159e+06	0
1.42169e+06	0
1.42179e+06	0
1.42189e+06	0
1.42199e+06	0
1.42209e+06	0
1.42219e+06	0
1.42229e+06	0
1.42239e+06	0
1.42249e+06	0
1.42259e+06	0
1.42269e+06	0
1.42279e+06	0
1.42289e+06	0
1.42299e+06	0
1.42309e+06	0
1.42319e+06	0
1.42329e+06	0
1.42339e+06	0
1.42349e+06	0
1.42359e+06	0
1.42369e+06	0
1.42379e+06	0
1.42389e+06	0
1.42399e+06	0
1.42409e+06	0
1.42419e+06	0
1.42429e+06	0
1.42439e+06	0
1.42449e+06	0
1.42459e+06	0
1.42469e+06	0
1.42479e+06	0
1.42489e+06	0
1.42499e+06	0
1.42509e+06	0
1.42519e+06	0
1.42529e+06	0
1.42539e+06	0
1.42549e+06	0
1.42559e+06	0
1.42569e+06	0
1.42579e+06	0
1.42589e+06	0
1.42599e+06	0
1.42609e+06	0
1.42619e+06	0
1.42629e+06	0
1.42639e+06	0
1.42649e+06	0
1.42659e+06	0
1.42669e+06	0
1.42679e+06	0
1.42689e+06	0
1.42699e+06	0
1.42709e+06	0
1.42719e+06	0
1.42729e+06	0
1.42739e+06	0
1.42749e+06	0
1.42759e+06	0
1.42769e+06	0
1.42779e+06	0
1.42789e+06	0
1.42799e+06	0
1.42809e+06	0
1.42819e+06	0
1.42829e+06	0
1.42839e+06	0
1.42849e+06	0
1.42859e+06	0
1.42869e+06	0
1.42879e+06	0
1.42889e+06	0
1.42899e+06	0
1.42909e+06	0
1.42919e+06	0
1.42929e+06	0
1.42939e+06	0
1.42949e+06	0
1.42959e+06	0
1.42969e+06	0
1.42979e+06	0
1.42989e+06	0
1.42999e+06	0
1.43009e+06	0
1.43019e+06	0
1.43029e+06	0
1.43039e+06	0
1.43049e+06	0
1.43059e+06	0
1.43069e+06	0
1.43079e+06	0
1.43089e+06	0
1.43099e+06	0
1.43109e+06	0
1.43119e+06	0
1.43129e+06	0
1.43139e+06	0
1.43149e+06	0
1.43159e+06	0
1.43169e+06	0
1.43179e+06	0
1.43189e+06	0
1.43199e+06	0
1.43209e+06	0
1.43219e+06	0
1.43229e+06	0
1.43239e+06	0
1.43249e+06	0
1.43259e+06	0
1.43269e+06	0
1.43279e+06	0
1.43289e+06	0
1.43299e+06	0
1.43309e+06	0
1.43319e+06	0
1.43329e+06	0
1.43339e+06	0
1.43349e+06	0
1.43359e+06	0
1.43369e+06	0
1.43379e+06	0
1.43389e+06	0
1.43399e+06	0
1.43409e+06	0
1.43419e+06	0
1.43429e+06	0
1.43439e+06	0
1.43449e+06	0
1.43459e+06	0
1.43469e+06	0
1.43479e+06	0
1.43489e+06	0
1.43499e+06	0
1.43509e+06	0
1.43519e+06	0
1.43529e+06	0
1.43539e+06	0
1.43549e+06	0
1.43559e+06	0
1.43569e+06	0
1.43579e+06	0
1.43589e+06	0
1.43599e+06	0
1.43609e+06	0
1.43619e+06	0
1.43629e+06	0
1.43639e+06	0
1.43649e+06	0
1.43659e+06	0
1.43669e+06	0
1.43679e+06	0
1.43689e+06	0
1.43699e+06	0
1.43709e+06	0
1.43719e+06	0
1.43729e+06	0
1.43739e+06	0
1.43749e+06	0
1.43759e+06	0
1.43769e+06	0
1.43779e+06	0
1.43789e+06	0
1.43799e+06	0
1.43809e+06	0
1.43819e+06	0
1.43829e+06	0
1.43839e+06	0
1.43849e+06	0
1.43859e+06	0
1.43869e+06	0
1.43879e+06	0
1.43889e+06	0
1.43899e+06	0
1.43909e+06	0
1.43919e+06	0
1.43929e+06	0
1.43939e+06	0
1.43949e+06	0
1.43959e+06	0
1.43969e+06	0
1.43979e+06	0
1.43989e+06	0
1.43999e+06	0
1.44009e+06	0
1.44019e+06	0
1.44029e+06	0
1.44039e+06	0
1.44049e+06	0
1.44059e+06	0
1.44069e+06	0
1.44079e+06	0
1.44089e+06	0
1.44099e+06	0
1.44109e+06	0
1.44119e+06	0
1.44129e+06	0
1.44139e+06	0
1.44149e+06	0
1.44159e+06	0
1.44169e+06	0
1.44179e+06	0
1.44189e+06	0
1.44199e+06	0
1.44209e+06	0
1.44219e+06	0
1.44229e+06	0
1.44239e+06	0
1.44249e+06	0
1.44259e+06	0
1.44269e+06	0
1.44279e+06	0
1.44289e+06	0
1.44299e+06	0
1.44309e+06	0
1.44319e+06	0
1.44329e+06	0
1.44339e+06	0
1.44349e+06	0
1.44359e+06	0
1.44369e+06	0
1.44379e+06	0
1.44389e+06	0
1.44399e+06	0
1.44409e+06	0
1.44419e+06	0
1.44429e+06	0
1.44439e+06	0
1.44449e+06	0
1.44459e+06	0
1.44469e+06	0
1.44479e+06	0
1.44489e+06	0
1.44499e+06	0
1.44509e+06	0
1.44519e+06	0
1.44529e+06	0
1.44539e+06	0
1.44549e+06	0
1.44559e+06	0
1.44569e+06	0
1.44579e+06	0
1.44589e+06	0
1.44599e+06	0
1.44609e+06	0
1.44619e+06	0
1.44629e+06	0
1.44639e+06	0
1.44649e+06	0
1.44659e+06	0
1.44669e+06	0
1.44679e+06	0
1.44689e+06	0
1.44699e+06	0
1.44709e+06	0
1.44719e+06	0
1.44729e+06	0
1.44739e+06	0
1.44749e+06	0
1.44759e+06	0
1.44769e+06	0
1.44779e+06	0
1.44789e+06	0
1.44799e+06	0
1.44809e+06	0
1.44819e+06	0
1.44829e+06	0
1.44839e+06	0
1.44849e+06	0
1.44859e+06	0
1.44869e+06	0
1.44879e+06	0
1.44889e+06	0
1.44899e+06	0
1.44909e+06	0
1.44919e+06	0
1.44929e+06	0
1.44939e+06	0
1.44949e+06	0
1.44959e+06	0
1.44969e+06	0
1.44979e+06	0
1.44989e+06	0
1.44999e+06	0
1.45009e+06	0
1.45019e+06	0
1.45029e+06	0
1.45039e+06	0
1.45049e+06	0
1.45059e+06	0
1.45069e+06	0
1.45079e+06	0
1.45089e+06	0
1.45099e+06	0
1.45109e+06	0
1.45119e+06	0
1.45129e+06	0
1.45139e+06	0
1.45149e+06	0
1.45159e+06	0
1.45169e+06	0
1.45179e+06	0
1.45189e+06	0
1.45199e+06	0
1.45209e+06	0
1.45219e+06	0
1.45229e+06	0
1.45239e+06	0
1.45249e+06	0
1.45259e+06	0
1.45269e+06	0
1.45279e+06	0
1.45289e+06	0
1.45299e+06	0
1.45309e+06	0
1.45319e+06	0
1.45329e+06	0
1.45339e+06	0
1.45349e+06	0
1.45359e+06	0
1.45369e+06	0
1.45379e+06	0
1.45389e+06	0
1.45399e+06	0
1.45409e+06	0
1.45419e+06	0
1.45429e+06	0
1.45439e+06	0
1.45449e+06	0
1.45459e+06	0
1.45469e+06	0
1.45479e+06	0
1.45489e+06	0
1.45499e+06	0
1.45509e+06	0
1.45519e+06	0
1.45529e+06	0
1.45539e+06	0
1.45549e+06	0
1.45559e+06	0
1.45569e+06	0
1.45579e+06	0
1.45589e+06	0
1.45599e+06	0
1.45609e+06	0
1.45619e+06	0
1.45629e+06	0
1.45639e+06	0
1.45649e+06	0
1.45659e+06	0
1.45669e+06	0
1.45679e+06	0
1.45689e+06	0
1.45699e+06	0
1.45709e+06	0
1.45719e+06	0
1.45729e+06	0
1.45739e+06	0
1.45749e+06	0
1.45759e+06	0
1.45769e+06	0
1.45779e+06	0
1.45789e+06	0
1.45799e+06	0
1.45809e+06	0
1.45819e+06	0
1.45829e+06	0
1.45839e+06	0
1.45849e+06	0
1.45859e+06	0
1.45869e+06	0
1.45879e+06	0
1.45889e+06	0
1.45899e+06	0
1.45909e+06	0
1.45919e+06	0
1.45929e+06	0
1.45939e+06	0
1.45949e+06	0
1.45959e+06	0
1.45969e+06	0
1.45979e+06	0
1.45989e+06	0
1.45999e+06	0
1.46009e+06	0
1.46019e+06	0
1.46029e+06	0
1.46039e+06	0
1.46049e+06	0
1.46059e+06	0
1.46069e+06	0
1.46079e+06	0
1.46089e+06	0
1.46099e+06	0
1.46109e+06	0
1.46119e+06	0
1.46129e+06	0
1.46139e+06	0
1.46149e+06	0
1.46159e+06	0
1.46169e+06	0
1.46179e+06	0
1.46189e+06	0
1.46199e+06	0
1.46209e+06	0
1.46219e+06	0
1.46229e+06	0
1.46239e+06	0
1.46249e+06	0
1.46259e+06	0
1.46269e+06	0
1.46279e+06	0
1.46289e+06	0
1.46299e+06	0
1.46309e+06	0
1.46319e+06	0
1.46329e+06	0
1.46339e+06	0
1.46349e+06	0
1.46359e+06	0
1.46369e+06	0
1.46379e+06	0
1.46389e+06	0
1.46399e+06	0
1.46409e+06	0
1.46419e+06	0
1.46429e+06	0
1.46439e+06	0
1.46449e+06	0
1.46459e+06	0
1.46469e+06	0
1.46479e+06	0
1.46489e+06	0
1.46499e+06	0
1.46509e+06	0
1.46519e+06	0
1.46529e+06	0
1.46539e+06	0
1.46549e+06	0
1.46559e+06	0
1.46569e+06	0
1.46579e+06	0
1.46589e+06	0
1.46599e+06	0
1.46609e+06	0
1.46619e+06	0
1.46629e+06	0
1.46639e+06	0
1.46649e+06	0
1.46659e+06	0
1.46669e+06	0
1.46679e+06	0
1.46689e+06	0
1.46699e+06	0
1.46709e+06	0
1.46719e+06	0
1.46729e+06	0
1.46739e+06	0
1.46749e+06	0
1.46759e+06	0
1.46769e+06	0
1.46779e+06	0
1.46789e+06	0
1.46799e+06	0
1.46809e+06	0
1.46819e+06	0
1.46829e+06	0
1.46839e+06	0
1.46849e+06	0
1.46859e+06	0
1.46869e+06	0
1.46879e+06	0
1.46889e+06	0
1.46899e+06	0
1.46909e+06	0
1.46919e+06	0
1.46929e+06	0
1.46939e+06	0
1.46949e+06	0
1.46959e+06	0
1.46969e+06	0
1.46979e+06	0
1.46989e+06	0
1.46999e+06	0
1.47009e+06	0
1.47019e+06	0
1.47029e+06	0
1.47039e+06	0
1.47049e+06	0
1.47059e+06	0
1.47069e+06	0
1.47079e+06	0
1.47089e+06	0
1.47099e+06	0
1.47109e+06	0
1.47119e+06	0
1.47129e+06	0
1.47139e+06	0
1.47149e+06	0
1.47159e+06	0
1.47169e+06	0
1.47179e+06	0
1.47189e+06	0
1.47199e+06	0
1.47209e+06	0
1.47219e+06	0
1.47229e+06	0
1.47239e+06	0
1.47249e+06	0
1.47259e+06	0
1.47269e+06	0
1.47279e+06	0
1.47289e+06	0
1.47299e+06	0
1.47309e+06	0
1.47319e+06	0
1.47329e+06	0
1.47339e+06	0
1.47349e+06	0
1.47359e+06	0
1.47369e+06	0
1.47379e+06	0
1.47389e+06	0
1.47399e+06	0
1.47409e+06	0
1.47419e+06	0
1.47429e+06	0
1.47439e+06	0
1.47449e+06	0
1.47459e+06	0
1.47469e+06	0
1.47479e+06	0
1.47489e+06	0
1.47499e+06	0
1.47509e+06	0
1.47519e+06	0
1.47529e+06	0
1.47539e+06	0
1.47549e+06	0
1.47559e+06	0
1.47569e+06	0
1.47579e+06	0
1.47589e+06	0
1.47599e+06	0
1.47609e+06	0
1.47619e+06	0
1.47629e+06	0
1.47639e+06	0
1.47649e+06	0
1.47659e+06	0
1.47669e+06	0
1.47679e+06	0
1.47689e+06	0
1.47699e+06	0
1.47709e+06	0
1.47719e+06	0
1.47729e+06	0
1.47739e+06	0
1.47749e+06	0
1.47759e+06	0
1.47769e+06	0
1.47779e+06	0
1.47789e+06	0
1.47799e+06	0
1.47809e+06	0
1.47819e+06	0
1.47829e+06	0
1.47839e+06	0
1.47849e+06	0
1.47859e+06	0
1.47869e+06	0
1.47879e+06	0
1.47889e+06	0
1.47899e+06	0
1.47909e+06	0
1.47919e+06	0
1.47929e+06	0
1.47939e+06	0
1.47949e+06	0
1.47959e+06	0
1.47969e+06	0
1.47979e+06	0
1.47989e+06	0
1.47999e+06	0
1.48009e+06	0
1.48019e+06	0
1.48029e+06	0
1.48039e+06	0
1.48049e+06	0
1.48059e+06	0
1.48069e+06	0
1.48079e+06	0
1.48089e+06	0
1.48099e+06	0
1.48109e+06	0
1.48119e+06	0
1.48129e+06	0
1.48139e+06	0
1.48149e+06	0
1.48159e+06	0
1.48169e+06	0
1.48179e+06	0
1.48189e+06	0
1.48199e+06	0
1.48209e+06	0
1.48219e+06	0
1.48229e+06	0
1.48239e+06	0
1.48249e+06	0
1.48259e+06	0
1.48269e+06	0
1.48279e+06	0
1.48289e+06	0
1.48299e+06	0
1.48309e+06	0
1.48319e+06	0
1.48329e+06	0
1.48339e+06	0
1.48349e+06	0
1.48359e+06	0
1.48369e+06	0
1.48379e+06	0
1.48389e+06	0
1.48399e+06	0
1.48409e+06	0
1.48419e+06	0
1.48429e+06	0
1.48439e+06	0
1.48449e+06	0
1.48459e+06	0
1.48469e+06	0
1.48479e+06	0
1.48489e+06	0
1.48499e+06	0
1.48509e+06	0
1.48519e+06	0
1.48529e+06	0
1.48539e+06	0
1.48549e+06	0
1.48559e+06	0
1.48569e+06	0
1.48579e+06	0
1.48589e+06	0
1.48599e+06	0
1.48609e+06	0
1.48619e+06	0
1.48629e+06	0
1.48639e+06	0
1.48649e+06	0
1.48659e+06	0
1.48669e+06	0
1.48679e+06	0
1.48689e+06	0
1.48699e+06	0
1.48709e+06	0
1.48719e+06	0
1.48729e+06	0
1.48739e+06	0
1.48749e+06	0
1.48759e+06	0
1.48769e+06	0
1.48779e+06	0
1.48789e+06	0
1.48799e+06	0
1.48809e+06	0
1.48819e+06	0
1.48829e+06	0
1.48839e+06	0
1.48849e+06	0
1.48859e+06	0
1.48869e+06	0
1.48879e+06	0
1.48889e+06	0
1.48899e+06	0
1.48909e+06	0
1.48919e+06	0
1.48929e+06	0
1.48939e+06	0
1.48949e+06	0
1.48959e+06	0
1.48969e+06	0
1.48979e+06	0
1.48989e+06	0
1.48999e+06	0
1.49009e+06	0
1.49019e+06	0
1.49029e+06	0
1.49039e+06	0
1.49049e+06	0
1.49059e+06	0
1.49069e+06	0
1.49079e+06	0
1.49089e+06	0
1.49099e+06	0
1.49109e+06	0
1.49119e+06	0
1.49129e+06	0
1.49139e+06	0
1.49149e+06	0
1.49159e+06	0
1.49169e+06	0
1.49179e+06	0
1.49189e+06	0
1.49199e+06	0
1.49209e+06	0
1.49219e+06	0
1.49229e+06	0
1.49239e+06	0
1.49249e+06	0
1.49259e+06	0
1.49269e+06	0
1.49279e+06	0
1.49289e+06	0
1.49299e+06	0
1.49309e+06	0
1.49319e+06	0
1.49329e+06	0
1.49339e+06	0
1.49349e+06	0
1.49359e+06	0
1.49369e+06	0
1.49379e+06	0
1.49389e+06	0
1.49399e+06	0
1.49409e+06	0
1.49419e+06	0
1.49429e+06	0
1.49439e+06	0
1.49449e+06	0
1.49459e+06	0
1.49469e+06	0
1.49479e+06	0
1.49489e+06	0
1.49499e+06	0
1.49509e+06	0
1.49519e+06	0
1.49529e+06	0
1.49539e+06	0
1.49549e+06	0
1.49559e+06	0
1.49569e+06	0
1.49579e+06	0
1.49589e+06	0
1.49599e+06	0
1.49609e+06	0
1.49619e+06	0
1.49629e+06	0
1.49639e+06	0
1.49649e+06	0
1.49659e+06	0
1.49669e+06	0
1.49679e+06	0
1.49689e+06	0
1.49699e+06	0
1.49709e+06	0
1.49719e+06	0
1.49729e+06	0
1.49739e+06	0
1.49749e+06	0
1.49759e+06	0
1.49769e+06	0
1.49779e+06	0
1.49789e+06	0
1.49799e+06	0
1.49809e+06	0
1.49819e+06	0
1.49829e+06	0
1.49839e+06	0
1.49849e+06	0
1.49859e+06	0
1.49869e+06	0
1.49879e+06	0
1.49889e+06	0
1.49899e+06	0
1.49909e+06	0
1.49919e+06	0
1.49929e+06	0
1.49939e+06	0
1.49949e+06	0
1.49959e+06	0
1.49969e+06	0
1.49979e+06	0
1.49989e+06	0
1.49999e+06	0
1.50009e+06	0
1.50019e+06	0
1.50029e+06	0
1.50039e+06	0
1.50049e+06	0
1.50059e+06	0
1.50069e+06	0
1.50079e+06	0
1.50089e+06	0
1.50099e+06	0
1.50109e+06	0
1.50119e+06	0
1.50129e+06	0
1.50139e+06	0
1.50149e+06	0
1.50159e+06	0
1.50169e+06	0
1.50179e+06	0
1.50189e+06	0
1.50199e+06	0
1.50209e+06	0
1.50219e+06	0
1.50229e+06	0
1.50239e+06	0
1.50249e+06	0
1.50259e+06	0
1.50269e+06	0
1.50279e+06	0
1.50289e+06	0
1.50299e+06	0
1.50309e+06	0
1.50319e+06	0
1.50329e+06	0
1.50339e+06	0
1.50349e+06	0
1.50359e+06	0
1.50369e+06	0
1.50379e+06	0
1.50389e+06	0
1.50399e+06	0
1.50409e+06	0
1.50419e+06	0
1.50429e+06	0
1.50439e+06	0
1.50449e+06	0
1.50459e+06	0
1.50469e+06	0
1.50479e+06	0
1.50489e+06	0
1.50499e+06	0
1.50509e+06	0
1.50519e+06	0
1.50529e+06	0
1.50539e+06	0
1.50549e+06	0
1.50559e+06	0
1.50569e+06	0
1.50579e+06	0
1.50589e+06	0
1.50599e+06	0
1.50609e+06	0
1.50619e+06	0
1.50629e+06	0
1.50639e+06	0
1.50649e+06	0
1.50659e+06	0
1.50669e+06	0
1.50679e+06	0
1.50689e+06	0
1.50699e+06	0
1.50709e+06	0
1.50719e+06	0
1.50729e+06	0
1.50739e+06	0
1.50749e+06	0
1.50759e+06	0
1.50769e+06	0
1.50779e+06	0
1.50789e+06	0
1.50799e+06	0
1.50809e+06	0
1.50819e+06	0
1.50829e+06	0
1.50839e+06	0
1.50849e+06	0
1.50859e+06	0
1.50869e+06	0
1.50879e+06	0
1.50889e+06	0
1.50899e+06	0
1.50909e+06	0
1.50919e+06	0
1.50929e+06	0
1.50939e+06	0
1.50949e+06	0
1.50959e+06	0
1.50969e+06	0
1.50979e+06	0
1.50989e+06	0
1.50999e+06	0
1.51009e+06	0
1.51019e+06	0
1.51029e+06	0
1.51039e+06	0
1.51049e+06	0
1.51059e+06	0
1.51069e+06	0
1.51079e+06	0
1.51089e+06	0
1.51099e+06	0
1.51109e+06	0
1.51119e+06	0
1.51129e+06	0
1.51139e+06	0
1.51149e+06	0
1.51159e+06	0
1.51169e+06	0
1.51179e+06	0
1.51189e+06	0
1.51199e+06	0
1.51209e+06	0
1.51219e+06	0
1.51229e+06	0
1.51239e+06	0
1.51249e+06	0
1.51259e+06	0
1.51269e+06	0
1.51279e+06	0
1.51289e+06	0
1.51299e+06	0
1.51309e+06	0
1.51319e+06	0
1.51329e+06	0
1.51339e+06	0
1.51349e+06	0
1.51359e+06	0
1.51369e+06	0
1.51379e+06	0
1.51389e+06	0
1.51399e+06	0
1.51409e+06	0
1.51419e+06	0
1.51429e+06	0
1.51439e+06	0
1.51449e+06	0
1.51459e+06	0
1.51469e+06	0
1.51479e+06	0
1.51489e+06	0
1.51499e+06	0
1.51509e+06	0
1.51519e+06	0
1.51529e+06	0
1.51539e+06	0
1.51549e+06	0
1.51559e+06	0
1.51569e+06	0
1.51579e+06	0
1.51589e+06	0
1.51599e+06	0
1.51609e+06	0
1.51619e+06	4.94066e-324
1.51629e+06	2.76677e-322
1.51639e+06	1.28852e-320
1.51649e+06	5.94697e-319
1.51659e+06	2.71789e-317
1.51669e+06	1.22977e-315
1.51679e+06	5.509e-314
1.51689e+06	2.44331e-312
1.51699e+06	1.07286e-310
1.51709e+06	4.66405e-309
1.51719e+06	2.00743e-307
1.51729e+06	8.55411e-306
1.51739e+06	3.60883e-304
1.51749e+06	1.50735e-302
1.51759e+06	6.23334e-301
1.51769e+06	2.55202e-299
1.51779e+06	1.03444e-297
1.51789e+06	4.15127e-296
1.51799e+06	1.64936e-294
1.51809e+06	6.48792e-293
1.51819e+06	2.5267e-291
1.51829e+06	9.74224e-290
1.51839e+06	3.71896e-288
1.51849e+06	1.40553e-286
1.51859e+06	5.25916e-285
1.51869e+06	1.94827e-283
1.51879e+06	7.14563e-282
1.51889e+06	2.5947e-280
1.51899e+06	9.32808e-279
1.51909e+06	3.32012e-277
1.51919e+06	1.16996e-275
1.51929e+06	4.08177e-274
1.51939e+06	1.40988e-272
1.51949e+06	4.82138e-271
1.51959e+06	1.63237e-269
1.51969e+06	5.47169e-268
1.51979e+06	1.81586e-266
1.51989e+06	5.96624e-265
1.51999e+06	1.94078e-263
1.52009e+06	6.2504e-262
1.52019e+06	1.99295e-260
1.52029e+06	6.29134e-259
1.52039e+06	1.96629e-257
1.52049e+06	6.08425e-256
1.52059e+06	1.86391e-254
1.52069e+06	5.65326e-253
1.52079e+06	1.69758e-251
1.52089e+06	5.04683e-250
1.52099e+06	1.48547e-248
1.52109e+06	4.3288e-247
1.52119e+06	1.2489e-245
1.52129e+06	3.56733e-244
1.52139e+06	1.00883e-242
1.52149e+06	2.82455e-241
1.52159e+06	7.82955e-240
1.52169e+06	2.14873e-238
1.52179e+06	5.83826e-237
1.52189e+06	1.57052e-235
1.52199e+06	4.18272e-234
1.52209e+06	1.10289e-232
1.52219e+06	2.87914e-231
1.52229e+06	7.44132e-230
1.52239e+06	1.90412e-228
1.52249e+06	4.82387e-227
1.52259e+06	1.20991e-225
1.52269e+06	3.00448e-224
1.52279e+06	7.38656e-223
1.52289e+06	1.79793e-221
1.52299e+06	4.3327e-220
1.52309e+06	1.03372e-218
1.52319e+06	2.44176e-217
1.52329e+06	5.71033e-216
1.52339e+06	1.32214e-214
1.52349e+06	3.03074e-213
1.52359e+06	6.87824e-212
1.52369e+06	1.54548e-210
1.52379e+06	3.43801e-209
1.52389e+06	7.57194e-208
1.52399e+06	1.65107e-206
1.52409e+06	3.56434e-205
1.52419e+06	7.61816e-204
1.52429e+06	1.61205e-202
1.52439e+06	3.37726e-201
1.52449e+06	7.00497e-200
1.52459e+06	1.43849e-198
1.52469e+06	2.92457e-197
1.52479e+06	5.88676e-196
1.52489e+06	1.17313e-194
1.52499e+06	2.3146e-193
1.52509e+06	4.52127e-192
1.52519e+06	8.74383e-191
1.52529e+06	1.67418e-189
1.52539e+06	3.17364e-188
1.52549e+06	5.95621e-187
1.52559e+06	1.10673e-185
1.52569e+06	2.03595e-184
1.52579e+06	3.7081e-183
1.52589e+06	6.68641e-182
1.52599e+06	1.19369e-180
1.52609e+06	2.10983e-179
1.52619e+06	3.69198e-178
1.52629e+06	6.3963e-177
1.52639e+06	1.09712e-175
1.52649e+06	1.86311e-174
1.52659e+06	3.13242e-173
1.52669e+06	5.21408e-172
1.52679e+06	8.59276e-171
1.52689e+06	1.40199e-169
1.52699e+06	2.26471e-168
1.52709e+06	3.62192e-167
1.52719e+06	5.73486e-166
1.52729e+06	8.99006e-165
1.52739e+06	1.39527e-163
1.52749e+06	2.14395e-162
1.52759e+06	3.26156e-161
1.52769e+06	4.9124e-160
1.52779e+06	7.32519e-159
1.52789e+06	1.08144e-157
1.52799e+06	1.58067e-156
1.52809e+06	2.28738e-155
1.52819e+06	3.27711e-154
1.52829e+06	4.64838e-153
1.52839e+06	6.52784e-152
1.52849e+06	9.07599e-151
1.52859e+06	1.24933e-149
1.52869e+06	1.70261e-148
1.52879e+06	2.29726e-147
1.52889e+06	3.06877e-146
1.52899e+06	4.05858e-145
1.52909e+06	5.31424e-144
1.52919e+06	6.88914e-143
1.52929e+06	8.84192e-142
1.52939e+06	1.12353e-140
1.52949e+06	1.41345e-139
1.52959e+06	1.76048e-138
1.52969e+06	2.17091e-137
1.52979e+06	2.65038e-136
1.52989e+06	3.20355e-135
1.52999e+06	3.83365e-134
1.53009e+06	4.54203e-133
1.53019e+06	5.32776e-132
1.53029e+06	6.18723e-131
1.53039e+06	7.11386e-130
1.53049e+06	8.09788e-129
1.53059e+06	9.12629e-128
1.53069e+06	1.0183e-126
1.53079e+06	1.12489e-125
1.53089e+06	1.23028e-124
1.53099e+06	1.33216e-123
1.53109e+06	1.42812e-122
1.53119e+06	1.51576e-121
1.53129e+06	1.59277e-120
1.53139e+06	1.65703e-119
1.53149e+06	1.70674e-118
1.53159e+06	1.74045e-117
1.53169e+06	1.75716e-116
1.53179e+06	1.75638e-115
1.53189e+06	1.73814e-114
1.53199e+06	1.70297e-113
1.53209e+06	1.6519e-112
1.53219e+06	1.58643e-111
1.53229e+06	1.50839e-110
1.53239e+06	1.41992e-109
1.53249e+06	1.32334e-108
1.53259e+06	1.22105e-107
1.53269e+06	1.11546e-106
1.53279e+06	1.00887e-105
1.53289e+06	9.03376e-105
1.53299e+06	8.00868e-104
1.53309e+06	7.02927e-103
1.53319e+06	6.10825e-102
1.53329e+06	5.25509e-101
1.53339e+06	4.47611e-100
1.53349e+06	3.77466e-99
1.53359e+06	3.15147e-98
1.53369e+06	2.60498e-97
1.53379e+06	2.13183e-96
1.53389e+06	1.72726e-95
1.53399e+06	1.38555e-94
1.53409e+06	1.10038e-93
1.53419e+06	8.65204e-93
1.53429e+06	6.73523e-92
1.53439e+06	5.19091e-91
1.53449e+06	3.96088e-90
1.53459e+06	2.99224e-89
1.53469e+06	2.23799e-88
1.53479e+06	1.65721e-87
1.53489e+06	1.21494e-86
1.53499e+06	8.81836e-86
1.53509e+06	6.33692e-85
1.53519e+06	4.50843e-84
1.53529e+06	3.17563e-83
1.53539e+06	2.21458e-82
1.53549e+06	1.52901e-81
1.53559e+06	1.04517e-80
1.53569e+06	7.07324e-80
1.53579e+06	4.73924e-79
1.53589e+06	3.1438e-78
1.53599e+06	2.06471e-77
1.53609e+06	1.34252e-76
1.53619e+06	8.64248e-76
1.53629e+06	5.50824e-75
1.53639e+06	3.47572e-74
1.53649e+06	2.17137e-73
1.53659e+06	1.34301e-72
1.53669e+06	8.22402e-72
1.53679e+06	4.98591e-71
1.53689e+06	2.99269e-70
1.53699e+06	1.77843e-69
1.53709e+06	1.04633e-68
1.53719e+06	6.09476e-68
1.53729e+06	3.51481e-67
1.53739e+06	2.0068e-66
1.53749e+06	1.1344e-65
1.53759e+06	6.34865e-65
1.53769e+06	3.51767e-64
1.53779e+06	1.92968e-63
1.53789e+06	1.04803e-62
1.53799e+06	5.63532e-62
1.53809e+06	3e-61
1.53819e+06	1.58118e-60
1.53829e+06	8.2508e-60
1.53839e+06	4.26255e-59
1.53849e+06	2.18022e-58
1.53859e+06	1.10405e-57
1.53869e+06	5.53518e-57
1.53879e+06	2.74747e-56
1.53889e+06	1.35018e-55
1.53899e+06	6.56912e-55
1.53909e+06	3.16431e-54
1.53919e+06	1.50907e-53
1.53929e+06	7.12518e-53
1.53939e+06	3.33073e-52
1.53949e+06	1.54149e-51
1.53959e+06	7.06315e-51
1.53969e+06	3.20416e-50
1.53979e+06	1.43908e-49
1.53989e+06	6.39904e-49
1.53999e+06	2.81709e-48
1.54009e+06	1.22785e-47
1.54019e+06	5.29839e-47
1.54029e+06	2.26361e-46
1.54039e+06	9.57449e-46
1.54049e+06	4.00947e-45
1.54059e+06	1.66232e-44
1.54069e+06	6.8234e-44
1.54079e+06	2.77296e-43
1.54089e+06	1.11569e-42
1.54099e+06	4.44426e-42
1.54109e+06	1.75272e-41
1.54119e+06	6.8436e-41
1.54129e+06	2.64553e-40
1.54139e+06	1.0125e-39
1.54149e+06	3.83653e-39
1.54159e+06	1.43926e-38
1.54169e+06	5.34557e-38
1.54179e+06	1.96565e-37
1.54189e+06	7.15612e-37
1.54199e+06	2.57932e-36
1.54209e+06	9.20426e-36
1.54219e+06	3.25185e-35
1.54229e+06	1.13744e-34
1.54239e+06	3.93898e-34
1.54249e+06	1.35051e-33
1.54259e+06	4.58423e-33
1.54269e+06	1.54061e-32
1.54279e+06	5.12597e-32
1.54289e+06	1.68856e-31
1.54299e+06	5.507e-31
1.54309e+06	1.77816e-30
1.54319e+06	5.68436e-30
1.54329e+06	1.79908e-29
1.54339e+06	5.63737e-29
1.54349e+06	1.74888e-28
1.54359e+06	5.37155e-28
1.54369e+06	1.63342e-27
1.54379e+06	4.91758e-27
1.54389e+06	1.46576e-26
1.54399e+06	4.32544e-26
1.54409e+06	1.26373e-25
1.54419e+06	3.65543e-25
1.54429e+06	1.04683e-24
1.54439e+06	2.96807e-24
1.54449e+06	8.33159e-24
1.54459e+06	2.31547e-23
1.54469e+06	6.37098e-23
1.54479e+06	1.73553e-22
1.54489e+06	4.68072e-22
1.54499e+06	1.24983e-21
1.54509e+06	3.30406e-21
1.54519e+06	8.6477e-21
1.54529e+06	2.24084e-20
1.54539e+06	5.74881e-20
1.54549e+06	1.46017e-19
1.54559e+06	3.67184e-19
1.54569e+06	9.14159e-19
1.54579e+06	2.25329e-18
1.54589e+06	5.49882e-18
1.54599e+06	1.32855e-17
1.54609e+06	3.17794e-17
1.54619e+06	7.52608e-17
1.54629e+06	1.76461e-16
1.54639e+06	4.09625e-16
1.54649e+06	9.41416e-16
1.54659e+06	2.14207e-15
1.54669e+06	4.8255e-15
1.54679e+06	1.07624e-14
1.54689e+06	2.37646e-14
1.54699e+06	5.1953e-14
1.54709e+06	1.12447e-13
1.54719e+06	2.40958e-13
1.54729e+06	5.11203e-13
1.54739e+06	1.07375e-12
1.54749e+06	2.23289e-12
1.54759e+06	4.59715e-12
1.54769e+06	9.37062e-12
1.54779e+06	1.89106e-11
1.54789e+06	3.77832e-11
1.54799e+06	7.47393e-11
1.54809e+06	1.46371e-10
1.54819e+06	2.83806e-10
1.54829e+06	5.44807e-10
1.54839e+06	1.03543e-09
1.54849e+06	1.94831e-09
1.54859e+06	3.62953e-09
1.54869e+06	6.69422e-09
1.54879e+06	1.22238e-08
1.54889e+06	2.20989e-08
1.54899e+06	3.95542e-08
1.54909e+06	7.00923e-08
1.54919e+06	1.22972e-07
1.54929e+06	2.13598e-07
1.54939e+06	3.67322e-07
1.54949e+06	6.25393e-07
1.54959e+06	1.05418e-06
1.54969e+06	1.75929e-06
1.54979e+06	2.9068e-06
1.54989e+06	4.75499e-06
1.54999e+06	7.70089e-06
1.55009e+06	1.23478e-05
1.55019e+06	1.96018e-05
1.55029e+06	3.08076e-05
1.55039e+06	4.79378e-05
1.55049e+06	7.38508e-05
1.55059e+06	0.000112639
1.55069e+06	0.00017009
1.55079e+06	0.000254289
1.55089e+06	0.000376386
1.55099e+06	0.000551563
1.55109e+06	0.000800229
1.55119e+06	0.00114945
1.55129e+06	0.00163465
1.55139e+06	0.00230152
1.55149e+06	0.0032082
1.55159e+06	0.00442758
1.55169e+06	0.00604962
1.55179e+06	0.00818364
1.55189e+06	0.0109603
1.55199e+06	0.014533
1.55209e+06	0.0190785
1.55219e+06	0.0247966
1.55229e+06	0.0319077
1.55239e+06	0.0406496
1.55249e+06	0.0512713
1.55259e+06	0.064025
1.55269e+06	0.0791556
1.55279e+06	0.0968882
1.55289e+06	0.117413
1.55299e+06	0.140871
1.55309e+06	0.167333
1.55319e+06	0.196788
1.55329e+06	0.229125
1.55339e+06	0.264122
1.55349e+06	0.301434
1.55359e+06	0.340595
1.55369e+06	0.381014
1.55379e+06	0.421989
1.55389e+06	0.462719
1.55399e+06	0.502333
1.55409e+06	0.539911
1.55419e+06	0.574527
1.55429e+06	0.605279
1.55439e+06	0.631331
1.55449e+06	0.651953
1.55459e+06	0.66655
1.55469e+06	0.674693
1.55479e+06	0.676139
1.55489e+06	0.670847
1.55499e+06	0.658974
1.55509e+06	0.640869
1.55519e+06	0.617061
1.55529e+06	0.588225
1.55539e+06	0.555157
1.55549e+06	0.518735
1.55559e+06	0.47988
1.55569e+06	0.439518
1.55579e+06	0.398545
1.55589e+06	0.357796
1.55599e+06	0.318017
1.55609e+06	0.279848
1.55619e+06	0.24381
1.55629e+06	0.210299
1.55639e+06	0.179589
1.55649e+06	0.151838
1.55659e+06	0.127098
1.55669e+06	0.10533
1.55679e+06	0.0864218
1.55689e+06	0.0702024
1.55699e+06	0.0564595
1.55709e+06	0.0449552
1.55719e+06	0.0354388
1.55729e+06	0.027659
1.55739e+06	0.0213722
1.55749e+06	0.0163501
1.55759e+06	0.0123836
1.55769e+06	0.0092861
1.55779e+06	0.00689406
1.55789e+06	0.00506727
1.55799e+06	0.00368749
1.55809e+06	0.00265671
1.55819e+06	0.00189502
1.55829e+06	0.00133826
1.55839e+06	0.000935675
1.55849e+06	0.000647689
1.55859e+06	0.000443879
1.55869e+06	0.000301176
1.55879e+06	0.000202317
1.55889e+06	0.000134556
1.55899e+06	8.8599e-05
1.55909e+06	5.77581e-05
1.55919e+06	3.72781e-05
1.55929e+06	2.38205e-05
1.55939e+06	1.50697e-05
1.55949e+06	9.43882e-06
1.55959e+06	5.85311e-06
1.55969e+06	3.59346e-06
1.55979e+06	2.18422e-06
1.55989e+06	1.31443e-06
1.55999e+06	7.83144e-07
1.56009e+06	4.61973e-07
1.56019e+06	2.69837e-07
1.56029e+06	1.5611e-07
1.56039e+06	8.95496e-08
1.56049e+06	5.11229e-08
1.56059e+06	2.94163e-08
1.56069e+06	1.77654e-08
1.56079e+06	1.25169e-08
1.56089e+06	1.20578e-08
1.56099e+06	1.6408e-08
1.56109e+06	2.72964e-08
1.56119e+06	4.87682e-08
1.56129e+06	8.85052e-08
1.56139e+06	1.60226e-07
1.56149e+06	2.87805e-07
1.56159e+06	5.1214e-07
1.56169e+06	9.0243e-07
1.56179e+06	1.57441e-06
1.56189e+06	2.71947e-06
1.56199e+06	4.65062e-06
1.56209e+06	7.87399e-06
1.56219e+06	1.31988e-05
1.56229e+06	2.19045e-05
1.56239e+06	3.59906e-05
1.56249e+06	5.85465e-05
1.56259e+06	9.4291e-05
1.56269e+06	0.000150348
1.56279e+06	0.000237345
1.56289e+06	0.000370954
1.56299e+06	0.000574007
1.56309e+06	0.00087937
1.56319e+06	0.00133378
1.56329e+06	0.00200287
1.56339e+06	0.00297768
1.56349e+06	0.00438289
1.56359e+06	0.00638704
1.56369e+06	0.00921503
1.56379e+06	0.0131629
1.56389e+06	0.0186149
1.56399e+06	0.0260633
1.56409e+06	0.0361289
1.56419e+06	0.0495834
1.56429e+06	0.0673714
1.56439e+06	0.0906299
1.56449e+06	0.120705
1.56459e+06	0.15916
1.56469e+06	0.207779
1.56479e+06	0.268551
1.56489e+06	0.343644
1.56499e+06	0.435358
1.56509e+06	0.546063
1.56519e+06	0.678102
1.56529e+06	0.83369
1.56539e+06	1.01478
1.56549e+06	1.22291
1.56559e+06	1.45907
1.56569e+06	1.72351
1.56579e+06	2.01562
1.56589e+06	2.33379
1.56599e+06	2.67528
1.56609e+06	3.03624
1.56619e+06	3.41161
1.56629e+06	3.79524
1.56639e+06	4.18
1.56649e+06	4.55797
1.56659e+06	4.92065
1.56669e+06	5.25933
1.56679e+06	5.5654
1.56689e+06	5.83068
1.56699e+06	6.04781
1.56709e+06	6.21062
1.56719e+06	6.31435
1.56729e+06	6.35594
1.56739e+06	6.33414
1.56749e+06	6.2496
1.56759e+06	6.10484
1.56769e+06	5.90409
1.56779e+06	5.65313
1.56789e+06	5.35898
1.56799e+06	5.02959
1.56809e+06	4.67347
1.56819e+06	4.29936
1.56829e+06	3.91584
1.56839e+06	3.53105
1.56849e+06	3.15238
1.56859e+06	2.78632
1.56869e+06	2.43827
1.56879e+06	2.11246
1.56889e+06	1.81197
1.56899e+06	1.53876
1.56909e+06	1.29375
1.56919e+06	1.07692
1.56929e+06	0.887517
1.56939e+06	0.724145
1.56949e+06	0.584967
1.56959e+06	0.467837
1.56969e+06	0.370437
1.56979e+06	0.290397
1.56989e+06	0.225386
1.56999e+06	0.173188
1.57009e+06	0.131755
1.57019e+06	0.0992364
1.57029e+06	0.0740003
1.57039e+06	0.0546327
1.57049e+06	0.0399328
1.57059e+06	0.0288977
1.57069e+06	0.020704
1.57079e+06	0.0146859
1.57089e+06	0.0103135
1.57099e+06	0.00717081
1.57109e+06	0.00493613
1.57119e+06	0.00336405
1.57129e+06	0.00226984
1.57139e+06	0.0015163
1.57149e+06	0.00100284
1.57159e+06	0.000656655
1.57169e+06	0.000425695
1.57179e+06	0.000273223
1.57189e+06	0.000173617
1.57199e+06	0.000109226
1.57209e+06	6.80321e-05
1.57219e+06	4.19527e-05
1.57229e+06	2.56132e-05
1.57239e+06	1.54819e-05
1.57249e+06	9.26492e-06
1.57259e+06	5.48929e-06
1.57269e+06	3.21994e-06
1.57279e+06	1.86998e-06
1.57289e+06	1.07518e-06
1.57299e+06	6.12048e-07
1.57309e+06	3.44942e-07
1.57319e+06	1.9247e-07
1.57329e+06	1.06325e-07
1.57339e+06	5.81525e-08
1.57349e+06	3.14888e-08
1.57359e+06	1.68811e-08
1.57369e+06	8.95991e-09
1.57379e+06	4.70829e-09
1.57389e+06	2.44951e-09
1.57399e+06	1.26169e-09
1.57409e+06	6.43404e-10
1.57419e+06	3.24841e-10
1.57429e+06	1.62374e-10
1.57439e+06	8.03558e-11
1.57449e+06	3.9371e-11
1.57459e+06	1.90982e-11
1.57469e+06	9.17202e-12
1.57479e+06	4.36109e-12
1.57489e+06	2.05297e-12
1.57499e+06	9.5681e-13
1.57509e+06	4.41496e-13
1.57519e+06	2.0169e-13
1.57529e+06	9.12221e-14
1.57539e+06	4.08482e-14
1.57549e+06	1.81093e-14
1.57559e+06	7.94855e-15
1.57569e+06	3.45407e-15
1.57579e+06	1.48604e-15
1.57589e+06	6.32979e-16
1.57599e+06	2.66934e-16
1.57609e+06	1.11449e-16
1.57619e+06	4.60685e-17
1.57629e+06	1.88534e-17
1.57639e+06	7.63894e-18
1.57649e+06	3.06431e-18
1.57659e+06	1.217e-18
1.57669e+06	4.78524e-19
1.57679e+06	1.86284e-19
1.57689e+06	7.17964e-20
1.57699e+06	2.7396e-20
1.57709e+06	1.03498e-20
1.57719e+06	3.87105e-21
1.57729e+06	1.43346e-21
1.57739e+06	5.25532e-22
1.57749e+06	1.90752e-22
1.57759e+06	6.85483e-23
1.57769e+06	2.43883e-23
1.57779e+06	8.59059e-24
1.57789e+06	2.99586e-24
1.57799e+06	1.03437e-24
1.57809e+06	3.53582e-25
1.57819e+06	1.19663e-25
1.57829e+06	4.00946e-26
1.57839e+06	1.33006e-26
1.57849e+06	4.36829e-27
1.57859e+06	1.4204e-27
1.57869e+06	4.57261e-28
1.57879e+06	1.45739e-28
1.57889e+06	4.59881e-29
1.57899e+06	1.43672e-29
1.57909e+06	4.44381e-30
1.57919e+06	1.3608e-30
1.57929e+06	4.12565e-31
1.57939e+06	1.23836e-31
1.57949e+06	3.68009e-32
1.57959e+06	1.08275e-32
1.57969e+06	3.15394e-33
1.57979e+06	9.09569e-34
1.57989e+06	2.59702e-34
1.57999e+06	7.34129e-35
1.58009e+06	2.05459e-35
1.58019e+06	5.69294e-36
1.58029e+06	1.56173e-36
1.58039e+06	4.2416e-37
1.58049e+06	1.14054e-37
1.58059e+06	3.03634e-38
1.58069e+06	8.0029e-39
1.58079e+06	2.08834e-39
1.58089e+06	5.39524e-40
1.58099e+06	1.38e-40
1.58109e+06	3.49464e-41
1.58119e+06	8.76161e-42
1.58129e+06	2.17481e-42
1.58139e+06	5.34463e-43
1.58149e+06	1.30038e-43
1.58159e+06	3.13242e-44
1.58169e+06	7.47045e-45
1.58179e+06	1.76389e-45
1.58189e+06	4.12336e-46
1.58199e+06	9.5431e-47
1.58209e+06	2.18668e-47
1.58219e+06	4.96062e-48
1.58229e+06	1.11415e-48
1.58239e+06	2.47749e-49
1.58249e+06	5.45424e-50
1.58259e+06	1.18882e-50
1.58269e+06	2.56538e-51
1.58279e+06	5.48083e-52
1.58289e+06	1.15931e-52
1.58299e+06	2.42776e-53
1.58309e+06	5.03352e-54
1.58319e+06	1.03322e-54
1.58329e+06	2.09978e-55
1.58339e+06	4.22484e-56
1.58349e+06	8.41597e-57
1.58359e+06	1.6598e-57
1.58369e+06	3.24088e-58
1.58379e+06	6.2651e-59
1.58389e+06	1.19908e-59
1.58399e+06	2.27211e-60
1.58409e+06	4.2625e-61
1.58419e+06	7.91695e-62
1.58429e+06	1.45582e-62
1.58439e+06	2.65042e-63
1.58449e+06	4.77727e-64
1.58459e+06	8.52512e-65
1.58469e+06	1.50619e-65
1.58479e+06	2.6346e-66
1.58489e+06	4.56254e-67
1.58499e+06	7.8227e-68
1.58509e+06	1.32789e-68
1.58519e+06	2.23165e-69
1.58529e+06	3.71319e-70
1.58539e+06	6.11681e-71
1.58549e+06	9.97608e-72
1.58559e+06	1.61084e-72
1.58569e+06	2.57514e-73
1.58579e+06	4.07574e-74
1.58589e+06	6.3866e-75
1.58599e+06	9.90809e-76
1.58609e+06	1.52183e-76
1.58619e+06	2.3142e-77
1.58629e+06	3.48412e-78
1.58639e+06	5.19327e-79
1.58649e+06	7.66384e-80
1.58659e+06	1.11972e-80
1.58669e+06	1.61968e-81
1.58679e+06	2.31955e-82
1.58689e+06	3.28881e-83
1.58699e+06	4.61667e-84
1.58709e+06	6.41618e-85
1.58719e+06	8.82839e-86
1.58729e+06	1.20266e-86
1.58739e+06	1.62204e-87
1.58749e+06	2.1659e-88
1.58759e+06	2.86333e-89
1.58769e+06	3.74767e-90
1.58779e+06	4.85633e-91
1.58789e+06	6.23035e-92
1.58799e+06	7.91359e-93
1.58809e+06	9.95157e-94
1.58819e+06	1.23899e-94
1.58829e+06	1.52721e-95
1.58839e+06	1.86375e-96
1.58849e+06	2.25184e-97
1.58859e+06	2.69498e-98
1.58869e+06	3.30637e-99
1.58879e+06	1.36888e-99
1.58889e+06	8.46792e-99
1.58899e+06	7.06356e-98
1.58909e+06	5.86273e-97
1.58919e+06	4.81795e-96
1.58929e+06	3.91997e-95
1.58939e+06	3.15762e-94
1.58949e+06	2.51823e-93
1.58959e+06	1.98832e-92
1.58969e+06	1.5543e-91
1.58979e+06	1.20293e-90
1.58989e+06	9.21728e-90
1.58999e+06	6.99234e-89
1.59009e+06	5.25169e-88
1.59019e+06	3.90511e-87
1.59029e+06	2.87491e-86
1.59039e+06	2.09542e-85
1.59049e+06	1.51209e-84
1.59059e+06	1.08029e-83
1.59069e+06	7.64114e-83
1.59079e+06	5.35099e-82
1.59089e+06	3.70994e-81
1.59099e+06	2.54658e-80
1.59109e+06	1.73063e-79
1.59119e+06	1.16442e-78
1.59129e+06	7.75659e-78
1.59139e+06	5.11551e-77
1.59149e+06	3.34014e-76
1.59159e+06	2.15922e-75
1.59169e+06	1.38193e-74
1.59179e+06	8.75656e-74
1.59189e+06	5.49335e-73
1.59199e+06	3.41191e-72
1.59209e+06	2.09805e-71
1.59219e+06	1.27729e-70
1.59229e+06	7.6988e-70
1.59239e+06	4.59422e-69
1.59249e+06	2.7143e-68
1.59259e+06	1.58767e-67
1.59269e+06	9.19435e-67
1.59279e+06	5.27155e-66
1.59289e+06	2.99235e-65
1.59299e+06	1.68168e-64
1.59309e+06	9.35691e-64
1.59319e+06	5.1544e-63
1.59329e+06	2.81113e-62
1.59339e+06	1.51789e-61
1.59349e+06	8.11441e-61
1.59359e+06	4.29468e-60
1.59369e+06	2.25041e-59
1.59379e+06	1.16748e-58
1.59389e+06	5.99644e-58
1.59399e+06	3.04927e-57
1.59409e+06	1.53516e-56
1.59419e+06	7.65192e-56
1.59429e+06	3.7761e-55
1.59439e+06	1.8449e-54
1.59449e+06	8.92403e-54
1.59459e+06	4.27371e-53
1.59469e+06	2.02631e-52
1.59479e+06	9.51185e-52
1.59489e+06	4.42059e-51
1.59499e+06	2.03401e-50
1.59509e+06	9.26578e-50
1.59519e+06	4.17897e-49
1.59529e+06	1.866e-48
1.59539e+06	8.24922e-48
1.59549e+06	3.61053e-47
1.59559e+06	1.56454e-46
1.59569e+06	6.71208e-46
1.59579e+06	2.85093e-45
1.59589e+06	1.19887e-44
1.59599e+06	4.99132e-44
1.59609e+06	2.05738e-43
1.59619e+06	8.396e-43
1.59629e+06	3.39224e-42
1.59639e+06	1.35693e-41
1.59649e+06	5.37386e-41
1.59659e+06	2.10703e-40
1.59669e+06	8.17926e-40
1.59679e+06	3.1435e-39
1.59689e+06	1.19611e-38
1.59699e+06	4.50592e-38
1.59709e+06	1.68056e-37
1.59719e+06	6.20557e-37
1.59729e+06	2.26864e-36
1.59739e+06	8.21123e-36
1.59749e+06	2.94244e-35
1.59759e+06	1.04391e-34
1.59769e+06	3.6667e-34
1.59779e+06	1.2751e-33
1.59789e+06	4.39008e-33
1.59799e+06	1.49643e-32
1.59809e+06	5.05008e-32
1.59819e+06	1.68732e-31
1.59829e+06	5.58151e-31
1.59839e+06	1.82795e-30
1.59849e+06	5.92698e-30
1.59859e+06	1.90265e-29
1.59869e+06	6.04705e-29
1.59879e+06	1.90276e-28
1.59889e+06	5.92763e-28
1.59899e+06	1.82825e-27
1.59909e+06	5.58274e-27
1.59919e+06	1.68778e-26
1.59929e+06	5.05176e-26
1.59939e+06	1.49701e-25
1.59949e+06	4.39203e-25
1.59959e+06	1.27574e-24
1.59969e+06	3.66873e-24
1.59979e+06	1.04455e-23
1.59989e+06	2.94439e-23
1.59999e+06	8.21714e-23
1.60009e+06	2.2704e-22
1.60019e+06	6.21072e-22
1.60029e+06	1.68205e-21
1.60039e+06	4.51016e-21
1.60049e+06	1.1973e-20
1.60059e+06	3.14681e-20
1.60069e+06	8.18832e-20
1.60079e+06	2.10948e-19
1.60089e+06	5.38041e-19
1.60099e+06	1.35866e-18
1.60109e+06	3.39675e-18
1.60119e+06	8.40763e-18
1.60129e+06	2.06035e-17
1.60139e+06	4.99878e-17
1.60149e+06	1.20073e-16
1.60159e+06	2.85551e-16
1.60169e+06	6.72324e-16
1.60179e+06	1.56722e-15
1.60189e+06	3.61693e-15
1.60199e+06	8.26431e-15
1.60209e+06	1.86952e-14
1.60219e+06	4.18707e-14
1.60229e+06	9.28427e-14
1.60239e+06	2.03818e-13
1.60249e+06	4.4299e-13
1.60259e+06	9.53241e-13
1.60269e+06	2.0308e-12
1.60279e+06	4.28342e-12
1.60289e+06	8.9448e-12
1.60299e+06	1.8493e-11
1.60309e+06	3.78531e-11
1.60319e+06	7.67101e-11
1.60329e+06	1.53908e-10
1.60339e+06	3.05721e-10
1.60349e+06	6.0124e-10
1.60359e+06	1.17065e-09
1.60369e+06	2.25665e-09
1.60379e+06	4.30682e-09
1.60389e+06	8.1378e-09
1.60399e+06	1.52235e-08
1.60409e+06	2.81954e-08
1.60419e+06	5.17012e-08
1.60429e+06	9.38597e-08
1.60439e+06	1.687e-07
1.60449e+06	3.00198e-07
1.60459e+06	5.2888e-07
1.60469e+06	9.22495e-07
1.60479e+06	1.59304e-06
1.60489e+06	2.72363e-06
1.60499e+06	4.61027e-06
1.60509e+06	7.72612e-06
1.60519e+06	1.2819e-05
1.60529e+06	2.10573e-05
1.60539e+06	3.42459e-05
1.60549e+06	5.51407e-05
1.60559e+06	8.79007e-05
1.60569e+06	0.00013873
1.60579e+06	0.000216773
1.60589e+06	0.000335348
1.60599e+06	0.000513623
1.60609e+06	0.000778843
1.60619e+06	0.00116926
1.60629e+06	0.00173793
1.60639e+06	0.00255746
1.60649e+06	0.003726
1.60659e+06	0.00537444
1.60669e+06	0.00767506
1.60679e+06	0.0108514
1.60689e+06	0.0151897
1.60699e+06	0.0210507
1.60709e+06	0.0288831
1.60719e+06	0.0392353
1.60729e+06	0.0527676
1.60739e+06	0.070261
1.60749e+06	0.092623
1.60759e+06	0.120887
1.60769e+06	0.156206
1.60779e+06	0.199836
1.60789e+06	0.253108
1.60799e+06	0.317392
1.60809e+06	0.394042
1.60819e+06	0.484336
1.60829e+06	0.589396
1.60839e+06	0.71011
1.60849e+06	0.847033
1.60859e+06	1.0003
1.60869e+06	1.16956
1.60879e+06	1.35384
1.60889e+06	1.55157
1.60899e+06	1.76048
1.60909e+06	1.97764
1.60919e+06	2.19949
1.60929e+06	2.42188
1.60939e+06	2.64023
1.60949e+06	2.84962
1.60959e+06	3.04502
1.60969e+06	3.22144
1.60979e+06	3.37416
1.60989e+06	3.49897
1.60999e+06	3.59228
1.61009e+06	3.65139
1.61019e+06	3.67454
1.61029e+06	3.66104
1.61039e+06	3.6113
1.61049e+06	3.52679
1.61059e+06	3.40999
1.61069e+06	3.26425
1.61079e+06	3.09364
1.61089e+06	2.90278
1.61099e+06	2.6966
1.61109e+06	2.48013
1.61119e+06	2.25834
1.61129e+06	2.03593
1.61139e+06	1.81715
1.61149e+06	1.60575
1.61159e+06	1.40482
1.61169e+06	1.21681
1.61179e+06	1.04347
1.61189e+06	0.885921
1.61199e+06	0.744675
1.61209e+06	0.61972
1.61219e+06	0.510601
1.61229e+06	0.416509
1.61239e+06	0.336376
1.61249e+06	0.268956
1.61259e+06	0.21291
1.61269e+06	0.166866
1.61279e+06	0.129478
1.61289e+06	0.0994674
1.61299e+06	0.0756524
1.61309e+06	0.0569669
1.61319e+06	0.0424697
1.61329e+06	0.0313467
1.61339e+06	0.0229067
1.61349e+06	0.0165726
1.61359e+06	0.0118707
1.61369e+06	0.00841816
1.61379e+06	0.00591039
1.61389e+06	0.00410839
1.61399e+06	0.00282738
1.61409e+06	0.00192644
1.61419e+06	0.00129952
1.61429e+06	0.000867893
1.61439e+06	0.000573862
1.61449e+06	0.000375669
1.61459e+06	0.000243479
1.61469e+06	0.000156233
1.61479e+06	9.92527e-05
1.61489e+06	6.24265e-05
1.61499e+06	3.88734e-05
1.61509e+06	2.39658e-05
1.61519e+06	1.46282e-05
1.61529e+06	8.83985e-06
1.61539e+06	5.2888e-06
1.61549e+06	3.13275e-06
1.61559e+06	1.83718e-06
1.61569e+06	1.06668e-06
1.61579e+06	6.1316e-07
1.61589e+06	3.48956e-07
1.61599e+06	1.96619e-07
1.61609e+06	1.09682e-07
1.61619e+06	6.05765e-08
1.61629e+06	3.3123e-08
1.61639e+06	1.79313e-08
1.61649e+06	9.61062e-09
1.61659e+06	5.09973e-09
1.61669e+06	2.67917e-09
1.61679e+06	1.39351e-09
1.61689e+06	7.17594e-10
1.61699e+06	3.6585e-10
1.61709e+06	1.84665e-10
1.61719e+06	9.22835e-11
1.61729e+06	4.56583e-11
1.61739e+06	2.23652e-11
1.61749e+06	1.08463e-11
1.61759e+06	5.20774e-12
1.61769e+06	2.47556e-12
1.61779e+06	1.16508e-12
1.61789e+06	5.42866e-13
1.61799e+06	2.50431e-13
1.61809e+06	1.14377e-13
1.61819e+06	5.17189e-14
1.61829e+06	2.31534e-14
1.61839e+06	1.02622e-14
1.61849e+06	4.50318e-15
1.61859e+06	1.9564e-15
1.61869e+06	8.41494e-16
1.61879e+06	3.58346e-16
1.61889e+06	1.51082e-16
1.61899e+06	6.30634e-17
1.61909e+06	2.60615e-17
1.61919e+06	1.0663e-17
1.61929e+06	4.31933e-18
1.61939e+06	1.73225e-18
1.61949e+06	6.87799e-19
1.61959e+06	2.70377e-19
1.61969e+06	1.05229e-19
1.61979e+06	4.05468e-20
1.61989e+06	1.54681e-20
1.61999e+06	5.84214e-21
1.62009e+06	2.18457e-21
1.62019e+06	8.08753e-22
1.62029e+06	2.96431e-22
1.62039e+06	1.07569e-22
1.62049e+06	3.86464e-23
1.62059e+06	1.37464e-23
1.62069e+06	4.84087e-24
1.62079e+06	1.68778e-24
1.62089e+06	5.82594e-25
1.62099e+06	1.99101e-25
1.62109e+06	6.73653e-26
1.62119e+06	2.25661e-26
1.62129e+06	7.48403e-27
1.62139e+06	2.45737e-27
1.62149e+06	7.98845e-28
1.62159e+06	2.57106e-28
1.62169e+06	8.19252e-29
1.62179e+06	2.58453e-29
1.62189e+06	8.07237e-30
1.62199e+06	2.4962e-30
1.62209e+06	7.6421e-31
1.62219e+06	2.31635e-31
1.62229e+06	6.95109e-32
1.62239e+06	2.06518e-32
1.62249e+06	6.07465e-33
1.62259e+06	1.76905e-33
1.62269e+06	5.10056e-34
1.62279e+06	1.45597e-34
1.62289e+06	4.11474e-35
1.62299e+06	1.1513e-35
1.62309e+06	3.1893e-36
1.62319e+06	8.74696e-37
1.62329e+06	2.37507e-37
1.62339e+06	6.38487e-38
1.62349e+06	1.69936e-38
1.62359e+06	4.47791e-39
1.62369e+06	1.16822e-39
1.62379e+06	3.01736e-40
1.62389e+06	7.71594e-41
1.62399e+06	1.95347e-41
1.62409e+06	4.89647e-42
1.62419e+06	1.21511e-42
1.62429e+06	2.98542e-43
1.62439e+06	7.26192e-44
1.62449e+06	1.74886e-44
1.62459e+06	4.16981e-45
1.62469e+06	9.84315e-46
1.62479e+06	2.30043e-46
1.62489e+06	5.32281e-47
1.62499e+06	1.21935e-47
1.62509e+06	2.76551e-48
1.62519e+06	6.20982e-49
1.62529e+06	1.38051e-49
1.62539e+06	3.03848e-50
1.62549e+06	6.62111e-51
1.62559e+06	1.42844e-51
1.62569e+06	3.05107e-52
1.62579e+06	6.45242e-53
1.62589e+06	1.35281e-53
1.62599e+06	2.89761e-54
1.62609e+06	1.0499e-54
1.62619e+06	2.40808e-54
1.62629e+06	1.09599e-53
1.62639e+06	5.1684e-53
1.62649e+06	2.41779e-52
1.62659e+06	1.11989e-51
1.62669e+06	5.13557e-51
1.62679e+06	2.33163e-50
1.62689e+06	1.04807e-49
1.62699e+06	4.66417e-49
1.62709e+06	2.05502e-48
1.62719e+06	8.9643e-48
1.62729e+06	3.87145e-47
1.62739e+06	1.65534e-46
1.62749e+06	7.00741e-46
1.62759e+06	2.93688e-45
1.62769e+06	1.21863e-44
1.62779e+06	5.00625e-44
1.62789e+06	2.03616e-43
1.62799e+06	8.19913e-43
1.62809e+06	3.26874e-42
1.62819e+06	1.29018e-41
1.62829e+06	5.04171e-41
1.62839e+06	1.95057e-40
1.62849e+06	7.47143e-40
1.62859e+06	2.83336e-39
1.62869e+06	1.06379e-38
1.62879e+06	3.95431e-38
1.62889e+06	1.45526e-37
1.62899e+06	5.30233e-37
1.62909e+06	1.91271e-36
1.62919e+06	6.8311e-36
1.62929e+06	2.4154e-35
1.62939e+06	8.45558e-35
1.62949e+06	2.93059e-34
1.62959e+06	1.0056e-33
1.62969e+06	3.41626e-33
1.62979e+06	1.14904e-32
1.62989e+06	3.82625e-32
1.62999e+06	1.26145e-31
1.63009e+06	4.11742e-31
1.63019e+06	1.33057e-30
1.63029e+06	4.25701e-30
1.63039e+06	1.34844e-29
1.63049e+06	4.22876e-29
1.63059e+06	1.31296e-28
1.63069e+06	4.03598e-28
1.63079e+06	1.22829e-27
1.63089e+06	3.70095e-27
1.63099e+06	1.10403e-26
1.63109e+06	3.26066e-26
1.63119e+06	9.53427e-26
1.63129e+06	2.76011e-25
1.63139e+06	7.91084e-25
1.63149e+06	2.24479e-24
1.63159e+06	6.30646e-24
1.63169e+06	1.75409e-23
1.63179e+06	4.83033e-23
1.63189e+06	1.31692e-22
1.63199e+06	3.55465e-22
1.63209e+06	9.4993e-22
1.63219e+06	2.5133e-21
1.63229e+06	6.58345e-21
1.63239e+06	1.70734e-20
1.63249e+06	4.38373e-20
1.63259e+06	1.11436e-19
1.63269e+06	2.80454e-19
1.63279e+06	6.98806e-19
1.63289e+06	1.72389e-18
1.63299e+06	4.21034e-18
1.63309e+06	1.01808e-17
1.63319e+06	2.43728e-17
1.63329e+06	5.77678e-17
1.63339e+06	1.35557e-16
1.63349e+06	3.14932e-16
1.63359e+06	7.24383e-16
1.63369e+06	1.64959e-15
1.63379e+06	3.71914e-15
1.63389e+06	8.30165e-15
1.63399e+06	1.83461e-14
1.63409e+06	4.01403e-14
1.63419e+06	8.69508e-14
1.63429e+06	1.86477e-13
1.63439e+06	3.95942e-13
1.63449e+06	8.32332e-13
1.63459e+06	1.73228e-12
1.63469e+06	3.56942e-12
1.63479e+06	7.2817e-12
1.63489e+06	1.47071e-11
1.63499e+06	2.94087e-11
1.63509e+06	5.82214e-11
1.63519e+06	1.14116e-10
1.63529e+06	2.21446e-10
1.63539e+06	4.25448e-10
1.63549e+06	8.09247e-10
1.63559e+06	1.52396e-09
1.63569e+06	2.84134e-09
1.63579e+06	5.2448e-09
1.63589e+06	9.58501e-09
1.63599e+06	1.73426e-08
1.63609e+06	3.10664e-08
1.63619e+06	5.50967e-08
1.63629e+06	9.67424e-08
1.63639e+06	1.68177e-07
1.63649e+06	2.89449e-07
1.63659e+06	4.93213e-07
1.63669e+06	8.32059e-07
1.63679e+06	1.38973e-06
1.63689e+06	2.29808e-06
1.63699e+06	3.76232e-06
1.63709e+06	6.09824e-06
1.63719e+06	9.7861e-06
1.63729e+06	1.55479e-05
1.63739e+06	2.44563e-05
1.63749e+06	3.80862e-05
1.63759e+06	5.8722e-05
1.63769e+06	8.96378e-05
1.63779e+06	0.000135469
1.63789e+06	0.000202695
1.63799e+06	0.000300265
1.63809e+06	0.000440376
1.63819e+06	0.000639439
1.63829e+06	0.000919247
1.63839e+06	0.00130834
1.63849e+06	0.00184361
1.63859e+06	0.00257201
1.63869e+06	0.0035525
1.63879e+06	0.00485793
1.63889e+06	0.00657698
1.63899e+06	0.00881574
1.63909e+06	0.011699
1.63919e+06	0.0153707
1.63929e+06	0.0199939
1.63939e+06	0.0257489
1.63949e+06	0.0328304
1.63959e+06	0.0414429
1.63969e+06	0.0517943
1.63979e+06	0.064087
1.63989e+06	0.0785083
1.63999e+06	0.0952179
1.64009e+06	0.114335
1.64019e+06	0.135924
1.64029e+06	0.159981
1.64039e+06	0.186423
1.64049e+06	0.215074
1.64059e+06	0.245659
1.64069e+06	0.277802
1.64079e+06	0.311024
1.64089e+06	0.344755
1.64099e+06	0.378341
1.64109e+06	0.411068
1.64119e+06	0.442182
1.64129e+06	0.470918
1.64139e+06	0.496532
1.64149e+06	0.518329
1.64159e+06	0.5357
1.64169e+06	0.548143
1.64179e+06	0.555295
1.64189e+06	0.556943
1.64199e+06	0.553037
1.64209e+06	0.543695
1.64219e+06	0.529192
1.64229e+06	0.509951
1.64239e+06	0.486519
1.64249e+06	0.459546
1.64259e+06	0.429749
1.64269e+06	0.397886
1.64279e+06	0.36472
1.64289e+06	0.330991
1.64299e+06	0.297394
1.64309e+06	0.264548
1.64319e+06	0.232989
1.64329e+06	0.203154
1.64339e+06	0.175378
1.64349e+06	0.149897
1.64359e+06	0.126848
1.64369e+06	0.106284
1.64379e+06	0.0881813
1.64389e+06	0.0724566
1.64399e+06	0.0589803
1.64409e+06	0.0475914
1.64419e+06	0.0381125
1.64429e+06	0.0303634
1.64439e+06	0.0241739
1.64449e+06	0.0193973
1.64459e+06	0.0159214
1.64469e+06	0.013682
1.64479e+06	0.0126761
1.64489e+06	0.0129772
1.64499e+06	0.0147532
1.64509e+06	0.0182875
1.64519e+06	0.0240038
1.64529e+06	0.0324957
1.64539e+06	0.0445598
1.64549e+06	0.0612329
1.64559e+06	0.0838316
1.64569e+06	0.113993
1.64579e+06	0.153712
1.64589e+06	0.205376
1.64599e+06	0.271787
1.64609e+06	0.356168
1.64619e+06	0.46215
1.64629e+06	0.593732
1.64639e+06	0.755209
1.64649e+06	0.951056
1.64659e+06	1.18578
1.64669e+06	1.46374
1.64679e+06	1.78887
1.64689e+06	2.16447
1.64699e+06	2.59287
1.64709e+06	3.07516
1.64719e+06	3.61088
1.64729e+06	4.19773
1.64739e+06	4.83139
1.64749e+06	5.50539
1.64759e+06	6.21099
1.64769e+06	6.9373
1.64779e+06	7.67144
1.64789e+06	8.39887
1.64799e+06	9.10377
1.64809e+06	9.76966
1.64819e+06	10.3799
1.64829e+06	10.9186
1.64839e+06	11.3709
1.64849e+06	11.7241
1.64859e+06	11.9681
1.64869e+06	12.0955
1.64879e+06	12.1027
1.64889e+06	11.9894
1.64899e+06	11.7589
1.64909e+06	11.4182
1.64919e+06	10.9769
1.64929e+06	10.4478
1.64939e+06	9.84517
1.64949e+06	9.18502
1.64959e+06	8.48386
1.64969e+06	7.75826
1.64979e+06	7.02413
1.64989e+06	6.29618
1.64999e+06	5.58752
1.65009e+06	4.90928
1.65019e+06	4.27045
1.65029e+06	3.67779
1.65039e+06	3.13586
1.65049e+06	2.64719
1.65059e+06	2.21243
1.65069e+06	1.83067
1.65079e+06	1.49971
1.65089e+06	1.21636
1.65099e+06	0.976734
1.65109e+06	0.776507
1.65119e+06	0.611184
1.65129e+06	0.476273
1.65139e+06	0.367448
1.65149e+06	0.280669
1.65159e+06	0.212251
1.65169e+06	0.158914
1.65179e+06	0.117796
1.65189e+06	0.0864481
1.65199e+06	0.0628114
1.65209e+06	0.0451834
1.65219e+06	0.0321792
1.65229e+06	0.0226898
1.65239e+06	0.0158395
1.65249e+06	0.0109474
1.65259e+06	0.00749092
1.65269e+06	0.00507478
1.65279e+06	0.00340374
1.65289e+06	0.00226023
1.65299e+06	0.00148596
1.65309e+06	0.000967203
1.65319e+06	0.000623283
1.65329e+06	0.000397658
1.65339e+06	0.000251184
1.65349e+06	0.000157083
1.65359e+06	9.72582e-05
1.65369e+06	5.96183e-05
1.65379e+06	3.61817e-05
1.65389e+06	2.17398e-05
1.65399e+06	1.29324e-05
1.65409e+06	7.61661e-06
1.65419e+06	4.4412e-06
1.65429e+06	2.56388e-06
1.65439e+06	1.46539e-06
1.65449e+06	8.29238e-07
1.65459e+06	4.64622e-07
1.65469e+06	2.57815e-07
1.65479e+06	1.41782e-07
1.65489e+06	7.74666e-08
1.65499e+06	4.24045e-08
1.65509e+06	2.38876e-08
1.65519e+06	1.49329e-08
1.65529e+06	1.19663e-08
1.65539e+06	1.35639e-08
1.65549e+06	1.98722e-08
1.65559e+06	3.25068e-08
1.65569e+06	5.48559e-08
1.65579e+06	9.28147e-08
1.65589e+06	1.56061e-07
1.65599e+06	2.6008e-07
1.65609e+06	4.29255e-07
1.65619e+06	7.01492e-07
1.65629e+06	1.13501e-06
1.65639e+06	1.81817e-06
1.65649e+06	2.88356e-06
1.65659e+06	4.52774e-06
1.65669e+06	7.03866e-06
1.65679e+06	1.08332e-05
1.65689e+06	1.65074e-05
1.65699e+06	2.49034e-05
1.65709e+06	3.7196e-05
1.65719e+06	5.50035e-05
1.65729e+06	8.0527e-05
1.65739e+06	0.000116721
1.65749e+06	0.0001675
1.65759e+06	0.000237979
1.65769e+06	0.000334748
1.65779e+06	0.00046618
1.65789e+06	0.000642758
1.65799e+06	0.000877401
1.65809e+06	0.00118579
1.65819e+06	0.00158661
1.65829e+06	0.00210181
1.65839e+06	0.00275659
1.65849e+06	0.00357938
1.65859e+06	0.00460151
1.65869e+06	0.00585667
1.65879e+06	0.00738002
1.65889e+06	0.00920708
1.65899e+06	0.0113722
1.65909e+06	0.0139066
1.65919e+06	0.0168367
1.65929e+06	0.0201813
1.65939e+06	0.0239496
1.65949e+06	0.0281388
1.65959e+06	0.0327317
1.65969e+06	0.0376955
1.65979e+06	0.04298
1.65989e+06	0.0485178
1.65999e+06	0.0542242
1.66009e+06	0.0599987
1.66019e+06	0.0657276
1.66029e+06	0.0712871
1.66039e+06	0.0765475
1.66049e+06	0.0813782
1.66059e+06	0.0856529
1.66069e+06	0.0892551
1.66079e+06	0.0920834
1.66089e+06	0.094056
1.66099e+06	0.095115
1.66109e+06	0.0952288
1.66119e+06	0.0943941
1.66129e+06	0.0926357
1.66139e+06	0.0900055
1.66149e+06	0.0865798
1.66159e+06	0.0824558
1.66169e+06	0.0777469
1.66179e+06	0.0725774
1.66189e+06	0.0670776
1.66199e+06	0.0613777
1.66209e+06	0.0556033
1.66219e+06	0.0498709
1.66229e+06	0.0442844
1.66239e+06	0.0389325
1.66249e+06	0.0338868
1.66259e+06	0.0292015
1.66269e+06	0.0249137
1.66279e+06	0.0210439
1.66289e+06	0.0175984
1.66299e+06	0.0145706
1.66309e+06	0.0119437
1.66319e+06	0.00969293
1.66329e+06	0.00778807
1.66339e+06	0.00619529
1.66349e+06	0.00487922
1.66359e+06	0.00380448
1.66369e+06	0.00293696
1.66379e+06	0.0022447
1.66389e+06	0.00169854
1.66399e+06	0.00127248
1.66409e+06	0.000943801
1.66419e+06	0.000693056
1.66429e+06	0.000503864
1.66439e+06	0.000362673
1.66449e+06	0.000258449
1.66459e+06	0.000182344
1.66469e+06	0.000127369
1.66479e+06	8.80836e-05
1.66489e+06	6.03091e-05
1.66499e+06	4.08815e-05
1.66509e+06	2.74365e-05
1.66519e+06	1.823e-05
1.66529e+06	1.19923e-05
1.66539e+06	7.81045e-06
1.66549e+06	5.03623e-06
1.66559e+06	3.21509e-06
1.66569e+06	2.03206e-06
1.66579e+06	1.27156e-06
1.66589e+06	7.87763e-07
1.66599e+06	4.83182e-07
1.66609e+06	2.93415e-07
1.66619e+06	1.76405e-07
1.66629e+06	1.05002e-07
1.66639e+06	6.18787e-08
1.66649e+06	3.61029e-08
1.66659e+06	2.08545e-08
1.66669e+06	1.19265e-08
1.66679e+06	6.75282e-09
1.66689e+06	3.78542e-09
1.66699e+06	2.10087e-09
1.66709e+06	1.15436e-09
1.66719e+06	6.27974e-10
1.66729e+06	3.38219e-10
1.66739e+06	1.80348e-10
1.66749e+06	9.52102e-11
1.66759e+06	4.97635e-11
1.66769e+06	2.57511e-11
1.66779e+06	1.31928e-11
1.66789e+06	6.69172e-12
1.66799e+06	3.36042e-12
1.66809e+06	1.67073e-12
1.66819e+06	8.22389e-13
1.66829e+06	4.00779e-13
1.66839e+06	1.9337e-13
1.66849e+06	9.23699e-14
1.66859e+06	4.36847e-14
1.66869e+06	2.04543e-14
1.66879e+06	9.48194e-15
1.66889e+06	4.35178e-15
1.66899e+06	1.9774e-15
1.66909e+06	8.89565e-16
1.66919e+06	3.96203e-16
1.66929e+06	1.74709e-16
1.66939e+06	7.62731e-17
1.66949e+06	3.29673e-17
1.66959e+06	1.41076e-17
1.66969e+06	5.97693e-18
1.66979e+06	2.50704e-18
1.66989e+06	1.04112e-18
1.66999e+06	4.28054e-19
1.67009e+06	1.74242e-19
1.67019e+06	7.02206e-20
1.67029e+06	2.80178e-20
1.67039e+06	1.10677e-20
1.67049e+06	4.32854e-21
1.67059e+06	1.67603e-21
1.67069e+06	6.42507e-22
1.67079e+06	2.43855e-22
1.67089e+06	9.1631e-23
1.67099e+06	3.40887e-23
1.67109e+06	1.25556e-23
1.67119e+06	4.57869e-24
1.67129e+06	1.65371e-24
1.67139e+06	5.93097e-25
1.67149e+06	2.15735e-25
1.67159e+06	9.24881e-26
1.67169e+06	8.0431e-26
1.67179e+06	1.64538e-25
1.67189e+06	4.39807e-25
1.67199e+06	1.21355e-24
1.67209e+06	3.33256e-24
1.67219e+06	9.06634e-24
1.67229e+06	2.44217e-23
1.67239e+06	6.51301e-23
1.67249e+06	1.71967e-22
1.67259e+06	4.49536e-22
1.67269e+06	1.16343e-21
1.67279e+06	2.98109e-21
1.67289e+06	7.56252e-21
1.67299e+06	1.89939e-20
1.67309e+06	4.72302e-20
1.67319e+06	1.16274e-19
1.67329e+06	2.83401e-19
1.67339e+06	6.83877e-19
1.67349e+06	1.63385e-18
1.67359e+06	3.86458e-18
1.67369e+06	9.05002e-18
1.67379e+06	2.09823e-17
1.67389e+06	4.81632e-17
1.67399e+06	1.09455e-16
1.67409e+06	2.46269e-16
1.67419e+06	5.48584e-16
1.67429e+06	1.20985e-15
1.67439e+06	2.64168e-15
1.67449e+06	5.71062e-15
1.67459e+06	1.22221e-14
1.67469e+06	2.58978e-14
1.67479e+06	5.43298e-14
1.67489e+06	1.12842e-13
1.67499e+06	2.32038e-13
1.67509e+06	4.72395e-13
1.67519e+06	9.52158e-13
1.67529e+06	1.90007e-12
1.67539e+06	3.75394e-12
1.67549e+06	7.3428e-12
1.67559e+06	1.42198e-11
1.67569e+06	2.72635e-11
1.67579e+06	5.1752e-11
1.67589e+06	9.72591e-11
1.67599e+06	1.80963e-10
1.67609e+06	3.33355e-10
1.67619e+06	6.07968e-10
1.67629e+06	1.09777e-09
1.67639e+06	1.96246e-09
1.67649e+06	3.47332e-09
1.67659e+06	6.08621e-09
1.67669e+06	1.05586e-08
1.67679e+06	1.81352e-08
1.67689e+06	3.08387e-08
1.67699e+06	5.1919e-08
1.67709e+06	8.65393e-08
1.67719e+06	1.4281e-07
1.67729e+06	2.33324e-07
1.67739e+06	3.77414e-07
1.67749e+06	6.04413e-07
1.67759e+06	9.58311e-07
1.67769e+06	1.50431e-06
1.67779e+06	2.33788e-06
1.67789e+06	3.59722e-06
1.67799e+06	5.47984e-06
1.67809e+06	8.26468e-06
1.67819e+06	1.23407e-05
1.67829e+06	1.82437e-05
1.67839e+06	2.67019e-05
1.67849e+06	3.86926e-05
1.67859e+06	5.551e-05
1.67869e+06	7.88446e-05
1.67879e+06	0.000110874
1.67889e+06	0.000154363
1.67899e+06	0.000212772
1.67909e+06	0.000290365
1.67919e+06	0.00039231
1.67929e+06	0.000524773
1.67939e+06	0.000694979
1.67949e+06	0.00091123
1.67959e+06	0.00118288
1.67969e+06	0.00152024
1.67979e+06	0.00193438
1.67989e+06	0.00243683
1.67999e+06	0.00303926
1.68009e+06	0.0037529
1.68019e+06	0.004588
1.68029e+06	0.00555311
1.68039e+06	0.00665436
1.68049e+06	0.00789466
1.68059e+06	0.00927295
1.68069e+06	0.0107835
1.68079e+06	0.0124153
1.68089e+06	0.0141519
1.68099e+06	0.0159708
1.68109e+06	0.0178441
1.68119e+06	0.0197389
1.68129e+06	0.0216175
1.68139e+06	0.0234394
1.68149e+06	0.025162
1.68159e+06	0.0267424
1.68169e+06	0.0281392
1.68179e+06	0.0293144
1.68189e+06	0.0302348
1.68199e+06	0.0308738
1.68209e+06	0.0312126
1.68219e+06	0.0312412
1.68229e+06	0.0309586
1.68239e+06	0.0303734
1.68249e+06	0.0295027
1.68259e+06	0.0283718
1.68269e+06	0.0270128
1.68279e+06	0.025463
1.68289e+06	0.0237632
1.68299e+06	0.0219563
1.68309e+06	0.0200849
1.68319e+06	0.0181902
1.68329e+06	0.0163103
1.68339e+06	0.0144792
1.68349e+06	0.0127257
1.68359e+06	0.0110734
1.68369e+06	0.00953965
1.68379e+06	0.00813659
1.68389e+06	0.00687084
1.68399e+06	0.00574426
1.68409e+06	0.00475461
1.68419e+06	0.00389631
1.68429e+06	0.00316118
1.68439e+06	0.00253923
1.68449e+06	0.00201935
1.68459e+06	0.00158993
1.68469e+06	0.00123937
1.68479e+06	0.000956493
1.68489e+06	0.000730835
1.68499e+06	0.000552859
1.68509e+06	0.000414063
1.68519e+06	0.000307026
1.68529e+06	0.000225393
1.68539e+06	0.000163819
1.68549e+06	0.000117881
1.68559e+06	8.3981e-05
1.68569e+06	5.92346e-05
1.68579e+06	4.13644e-05
1.68589e+06	2.85979e-05
1.68599e+06	1.95749e-05
1.68609e+06	1.32655e-05
1.68619e+06	8.90024e-06
1.68629e+06	5.91205e-06
1.68639e+06	3.88805e-06
1.68649e+06	2.53153e-06
1.68659e+06	1.63189e-06
1.68669e+06	1.04149e-06
1.68679e+06	6.58077e-07
1.68689e+06	4.11676e-07
1.68699e+06	2.54971e-07
1.68709e+06	1.56345e-07
1.68719e+06	9.49149e-08
1.68729e+06	5.70481e-08
1.68739e+06	3.39473e-08
1.68749e+06	1.99998e-08
1.68759e+06	1.16655e-08
1.68769e+06	6.73659e-09
1.68779e+06	3.85152e-09
1.68789e+06	2.18013e-09
1.68799e+06	1.22177e-09
1.68809e+06	6.77878e-10
1.68819e+06	3.72368e-10
1.68829e+06	2.02512e-10
1.68839e+06	1.0904e-10
1.68849e+06	5.81268e-11
1.68859e+06	3.06778e-11
1.68869e+06	1.60299e-11
1.68879e+06	8.29265e-12
1.68889e+06	4.24731e-12
1.68899e+06	2.15373e-12
1.68909e+06	1.08125e-12
1.68919e+06	5.37422e-13
1.68929e+06	2.64462e-13
1.68939e+06	1.28845e-13
1.68949e+06	6.21486e-14
1.68959e+06	2.96791e-14
1.68969e+06	1.40322e-14
1.68979e+06	6.56841e-15
1.68989e+06	3.04404e-15
1.68999e+06	1.39668e-15
1.69009e+06	6.34458e-16
1.69019e+06	2.85341e-16
1.69029e+06	1.27053e-16
1.69039e+06	5.60092e-17
1.69049e+06	2.44451e-17
1.69059e+06	1.05629e-17
1.69069e+06	4.51886e-18
1.69079e+06	1.91396e-18
1.69089e+06	8.0259e-19
1.69099e+06	3.33205e-19
1.69109e+06	1.36958e-19
1.69119e+06	5.57339e-20
1.69129e+06	2.24548e-20
1.69139e+06	8.95684e-21
1.69149e+06	3.5372e-21
1.69159e+06	1.38301e-21
1.69169e+06	5.35426e-22
1.69179e+06	2.05401e-22
1.69189e+06	7.85332e-23
1.69199e+06	3.12453e-23
1.69209e+06	1.66576e-23
1.69219e+06	2.05364e-23
1.69229e+06	4.82608e-23
1.69239e+06	1.31701e-22
1.69249e+06	3.64188e-22
1.69259e+06	1.00009e-21
1.69269e+06	2.72008e-21
1.69279e+06	7.3249e-21
1.69289e+06	1.95291e-20
1.69299e+06	5.1549e-20
1.69309e+06	1.34715e-19
1.69319e+06	3.48551e-19
1.69329e+06	8.92844e-19
1.69339e+06	2.26434e-18
1.69349e+06	5.68545e-18
1.69359e+06	1.41333e-17
1.69369e+06	3.47842e-17
1.69379e+06	8.47572e-17
1.69389e+06	2.04469e-16
1.69399e+06	4.88356e-16
1.69409e+06	1.15479e-15
1.69419e+06	2.70349e-15
1.69429e+06	6.26619e-15
1.69439e+06	1.43794e-14
1.69449e+06	3.26689e-14
1.69459e+06	7.34826e-14
1.69469e+06	1.63641e-13
1.69479e+06	3.60792e-13
1.69489e+06	7.87552e-13
1.69499e+06	1.70199e-12
1.69509e+06	3.64162e-12
1.69519e+06	7.71413e-12
1.69529e+06	1.61785e-11
1.69539e+06	3.35927e-11
1.69549e+06	6.90572e-11
1.69559e+06	1.4055e-10
1.69569e+06	2.8321e-10
1.69579e+06	5.64994e-10
1.69589e+06	1.11593e-09
1.69599e+06	2.18215e-09
1.69609e+06	4.22466e-09
1.69619e+06	8.09759e-09
1.69629e+06	1.53665e-08
1.69639e+06	2.88705e-08
1.69649e+06	5.37018e-08
1.69659e+06	9.88964e-08
1.69669e+06	1.80314e-07
1.69679e+06	3.25488e-07
1.69689e+06	5.81699e-07
1.69699e+06	1.02924e-06
1.69709e+06	1.803e-06
1.69719e+06	3.12701e-06
1.69729e+06	5.36934e-06
1.69739e+06	9.12786e-06
1.69749e+06	1.53629e-05
1.69759e+06	2.55998e-05
1.69769e+06	4.22334e-05
1.69779e+06	6.89815e-05
1.69789e+06	0.000111549
1.69799e+06	0.00017859
1.69809e+06	0.000283077
1.69819e+06	0.000444231
1.69829e+06	0.000690194
1.69839e+06	0.00106167
1.69849e+06	0.00161683
1.69859e+06	0.0024378
1.69869e+06	0.00363905
1.69879e+06	0.00537818
1.69889e+06	0.00786937
1.69899e+06	0.0113999
1.69909e+06	0.01635
1.69919e+06	0.0232164
1.69929e+06	0.0326382
1.69939e+06	0.0454272
1.69949e+06	0.0625983
1.69959e+06	0.0854016
1.69969e+06	0.115352
1.69979e+06	0.154257
1.69989e+06	0.20423
1.69999e+06	0.267701
1.70009e+06	0.347407
1.70019e+06	0.44636
1.70029e+06	0.56779
1.70039e+06	0.715069
1.70049e+06	0.891589
1.70059e+06	1.10062
1.70069e+06	1.34515
1.70079e+06	1.62764
1.70089e+06	1.94986
1.70099e+06	2.31263
1.70109e+06	2.71559
1.70119e+06	3.15705
1.70129e+06	3.63374
1.70139e+06	4.14081
1.70149e+06	4.67167
1.70159e+06	5.21815
1.70169e+06	5.77057
1.70179e+06	6.31797
1.70189e+06	6.84846
1.70199e+06	7.34964
1.70209e+06	7.809
1.70219e+06	8.21453
1.70229e+06	8.55513
1.70239e+06	8.8212
1.70249e+06	9.00504
1.70259e+06	9.10124
1.70269e+06	9.10695
1.70279e+06	9.02199
1.70289e+06	8.84888
1.70299e+06	8.59274
1.70309e+06	8.26099
1.70319e+06	7.86303
1.70329e+06	7.40976
1.70339e+06	6.91315
1.70349e+06	6.38564
1.70359e+06	5.83969
1.70369e+06	5.28729
1.70379e+06	4.7395
1.70389e+06	4.2062
1.70399e+06	3.69576
1.70409e+06	3.21495
1.70419e+06	2.76887
1.70429e+06	2.36095
1.70439e+06	1.9931
1.70449e+06	1.66582
1.70459e+06	1.37843
1.70469e+06	1.12927
1.70479e+06	0.915943
1.70489e+06	0.735523
1.70499e+06	0.584764
1.70509e+06	0.46028
1.70519e+06	0.358691
1.70529e+06	0.276743
1.70539e+06	0.211392
1.70549e+06	0.159867
1.70559e+06	0.119698
1.70569e+06	0.0887298
1.70579e+06	0.0651195
1.70589e+06	0.0473162
1.70599e+06	0.0340383
1.70609e+06	0.024243
1.70619e+06	0.017095
1.70629e+06	0.0119351
1.70639e+06	0.00825056
1.70649e+06	0.00564793
1.70659e+06	0.00382967
1.70669e+06	0.00257375
1.70679e+06	0.00171674
1.70689e+06	0.00114003
1.70699e+06	0.000758829
1.70709e+06	0.000513558
1.70719e+06	0.000363219
1.70729e+06	0.000280444
1.70739e+06	0.000247831
1.70749e+06	0.000255315
1.70759e+06	0.000298324
1.70769e+06	0.000376519
1.70779e+06	0.000492968
1.70789e+06	0.000653617
1.70799e+06	0.000866963
1.70809e+06	0.00114383
1.70819e+06	0.00149721
1.70829e+06	0.00194204
1.70839e+06	0.00249498
1.70849e+06	0.00317401
1.70859e+06	0.00399799
1.70869e+06	0.00498595
1.70879e+06	0.00615626
1.70889e+06	0.00752569
1.70899e+06	0.00910822
1.70909e+06	0.0109139
1.70919e+06	0.0129474
1.70929e+06	0.0152069
1.70939e+06	0.0176831
1.70949e+06	0.0203578
1.70959e+06	0.023204
1.70969e+06	0.0261849
1.70979e+06	0.0292547
1.70989e+06	0.0323592
1.70999e+06	0.0354369
1.71009e+06	0.0384213
1.71019e+06	0.0412426
1.71029e+06	0.0438304
1.71039e+06	0.0461172
1.71049e+06	0.0480405
1.71059e+06	0.049546
1.71069e+06	0.0505903
1.71079e+06	0.0511426
1.71089e+06	0.0511865
1.71099e+06	0.0507207
1.71109e+06	0.049759
1.71119e+06	0.0483299
1.71129e+06	0.0464747
1.71139e+06	0.044246
1.71149e+06	0.0417051
1.71159e+06	0.038919
1.71169e+06	0.0359576
1.71179e+06	0.0328909
1.71189e+06	0.0297865
1.71199e+06	0.0267067
1.71209e+06	0.023707
1.71219e+06	0.0208349
1.71229e+06	0.0181285
1.71239e+06	0.0156168
1.71249e+06	0.0133191
1.71259e+06	0.0112465
1.71269e+06	0.00940196
1.71279e+06	0.00778171
1.71289e+06	0.00637659
1.71299e+06	0.0051732
1.71309e+06	0.00415516
1.71319e+06	0.00330424
1.71329e+06	0.00260144
1.71339e+06	0.00202774
1.71349e+06	0.00156484
1.71359e+06	0.00119559
1.71369e+06	0.000904383
1.71379e+06	0.000677298
1.71389e+06	0.000502185
1.71399e+06	0.000368642
1.71409e+06	0.000267919
1.71419e+06	0.000192779
1.71429e+06	0.000137332
1.71439e+06	9.68592e-05
1.71449e+06	6.76344e-05
1.71459e+06	4.67575e-05
1.71469e+06	3.20031e-05
1.71479e+06	2.16865e-05
1.71489e+06	1.45494e-05
1.71499e+06	9.66398e-06
1.71509e+06	6.35514e-06
1.71519e+06	4.13762e-06
1.71529e+06	2.66707e-06
1.71539e+06	1.70206e-06
1.71549e+06	1.07541e-06
1.71559e+06	6.72727e-07
1.71569e+06	4.16655e-07
1.71579e+06	2.55521e-07
1.71589e+06	1.55201e-07
1.71599e+06	9.34338e-08
1.71609e+06	5.58749e-08
1.71619e+06	3.3409e-08
1.71629e+06	2.03471e-08
1.71639e+06	1.32405e-08
1.71649e+06	1.01256e-08
1.71659e+06	1.00687e-08
1.71669e+06	1.29298e-08
1.71679e+06	1.92955e-08
1.71689e+06	3.05617e-08
1.71699e+06	4.91688e-08
1.71709e+06	7.90142e-08
1.71719e+06	1.26089e-07
1.71729e+06	1.99406e-07
1.71739e+06	3.12322e-07
1.71749e+06	4.84365e-07
1.71759e+06	7.43732e-07
1.71769e+06	1.13063e-06
1.71779e+06	1.70171e-06
1.71789e+06	2.53576e-06
1.71799e+06	3.74101e-06
1.71809e+06	5.46418e-06
1.71819e+06	7.90167e-06
1.71829e+06	1.13128e-05
1.71839e+06	1.60353e-05
1.71849e+06	2.25031e-05
1.71859e+06	3.12654e-05
1.71869e+06	4.30074e-05
1.71879e+06	5.85706e-05
1.71889e+06	7.89719e-05
1.71899e+06	0.00010542
1.71909e+06	0.000139325
1.71919e+06	0.000182303
1.71929e+06	0.000236165
1.71939e+06	0.000302897
1.71949e+06	0.000384618
1.71959e+06	0.000483529
1.71969e+06	0.000601827
1.71979e+06	0.000741615
1.71989e+06	0.000904779
1.71999e+06	0.00109286
1.72009e+06	0.0013069
1.72019e+06	0.0015473
1.72029e+06	0.00181371
1.72039e+06	0.00210483
1.72049e+06	0.00241837
1.72059e+06	0.00275097
1.72069e+06	0.00309818
1.72079e+06	0.00345448
1.72089e+06	0.00381344
1.72099e+06	0.00416782
1.72109e+06	0.0045098
1.72119e+06	0.00483128
1.72129e+06	0.00512419
1.72139e+06	0.00538077
1.72149e+06	0.00559398
1.72159e+06	0.00575778
1.72169e+06	0.0058674
1.72179e+06	0.00591961
1.72189e+06	0.00591287
1.72199e+06	0.00584736
1.72209e+06	0.00572504
1.72219e+06	0.00554951
1.72229e+06	0.00532584
1.72239e+06	0.00506032
1.72249e+06	0.0047602
1.72259e+06	0.00443332
1.72269e+06	0.00408781
1.72279e+06	0.00373172
1.72289e+06	0.00337275
1.72299e+06	0.00301798
1.72309e+06	0.00267366
1.72319e+06	0.00234505
1.72329e+06	0.00203637
1.72339e+06	0.00175072
1.72349e+06	0.00149017
1.72359e+06	0.00125577
1.72369e+06	0.00104771
1.72379e+06	0.000865426
1.72389e+06	0.000707743
1.72399e+06	0.000573032
1.72409e+06	0.000459345
1.72419e+06	0.000364549
1.72429e+06	0.000286438
1.72439e+06	0.000222824
1.72449e+06	0.000171613
1.72459e+06	0.000130856
1.72469e+06	9.87864e-05
1.72479e+06	7.3834e-05
1.72489e+06	5.46352e-05
1.72499e+06	4.00264e-05
1.72509e+06	2.9032e-05
1.72519e+06	2.0848e-05
1.72529e+06	1.48221e-05
1.72539e+06	1.0433e-05
1.72549e+06	7.27059e-06
1.72559e+06	5.01633e-06
1.72569e+06	3.42656e-06
1.72579e+06	2.31733e-06
1.72589e+06	1.55158e-06
1.72599e+06	1.02854e-06
1.72609e+06	6.75026e-07
1.72619e+06	4.3861e-07
1.72629e+06	2.82159e-07
1.72639e+06	1.79708e-07
1.72649e+06	1.13317e-07
1.72659e+06	7.07428e-08
1.72669e+06	4.37246e-08
1.72679e+06	2.67563e-08
1.72689e+06	1.621e-08
1.72699e+06	9.72296e-09
1.72709e+06	5.77391e-09
1.72719e+06	3.39468e-09
1.72729e+06	1.97599e-09
1.72739e+06	1.13875e-09
1.72749e+06	6.49722e-10
1.72759e+06	3.67015e-10
1.72769e+06	2.05257e-10
1.72779e+06	1.1365e-10
1.72789e+06	6.23013e-11
1.72799e+06	3.38129e-11
1.72809e+06	1.81687e-11
1.72819e+06	9.6655e-12
1.72829e+06	5.09073e-12
1.72839e+06	2.65457e-12
1.72849e+06	1.37045e-12
1.72859e+06	7.00474e-13
1.72869e+06	3.54468e-13
1.72879e+06	1.7759e-13
1.72889e+06	8.80893e-14
1.72899e+06	4.32617e-14
1.72909e+06	2.10396e-14
1.72919e+06	1.01412e-14
1.72929e+06	4.86422e-15
1.72939e+06	2.36638e-15
1.72949e+06	1.26651e-15
1.72959e+06	9.46104e-16
1.72969e+06	1.23128e-15
1.72979e+06	2.30803e-15
1.72989e+06	4.83447e-15
1.72999e+06	1.03121e-14
1.73009e+06	2.19078e-14
1.73019e+06	4.61369e-14
1.73029e+06	9.62201e-14
1.73039e+06	1.98684e-13
1.73049e+06	4.06185e-13
1.73059e+06	8.22131e-13
1.73069e+06	1.64746e-12
1.73079e+06	3.2685e-12
1.73089e+06	6.42003e-12
1.73099e+06	1.24848e-11
1.73109e+06	2.40373e-11
1.73119e+06	4.58191e-11
1.73129e+06	8.64697e-11
1.73139e+06	1.61562e-10
1.73149e+06	2.98861e-10
1.73159e+06	5.47341e-10
1.73169e+06	9.92439e-10
1.73179e+06	1.78158e-09
1.73189e+06	3.1664e-09
1.73199e+06	5.57164e-09
1.73209e+06	9.70636e-09
1.73219e+06	1.67412e-08
1.73229e+06	2.85874e-08
1.73239e+06	4.83304e-08
1.73249e+06	8.08951e-08
1.73259e+06	1.34054e-07
1.73269e+06	2.19936e-07
1.73279e+06	3.57248e-07
1.73289e+06	5.74514e-07
1.73299e+06	9.14719e-07
1.73309e+06	1.44189e-06
1.73319e+06	2.25026e-06
1.73329e+06	3.4769e-06
1.73339e+06	5.31872e-06
1.73349e+06	8.05527e-06
1.73359e+06	1.20784e-05
1.73369e+06	1.79307e-05
1.73379e+06	2.63536e-05
1.73389e+06	3.83478e-05
1.73399e+06	5.52457e-05
1.73409e+06	7.87976e-05
1.73419e+06	0.000111272
1.73429e+06	0.000155566
1.73439e+06	0.000215328
1.73449e+06	0.000295082
1.73459e+06	0.000400353
1.73469e+06	0.000537775
1.73479e+06	0.000715179
1.73489e+06	0.000941643
1.73499e+06	0.00122748
1.73509e+06	0.00158416
1.73519e+06	0.00202415
1.73529e+06	0.0025606
1.73539e+06	0.003207
1.73549e+06	0.0039766
1.73559e+06	0.00488183
1.73569e+06	0.00593349
1.73579e+06	0.00713995
1.73589e+06	0.00850623
1.73599e+06	0.0100331
1.73609e+06	0.0117163
1.73619e+06	0.0135458
1.73629e+06	0.0155051
1.73639e+06	0.0175712
1.73649e+06	0.0197145
1.73659e+06	0.0218992
1.73669e+06	0.0240839
1.73679e+06	0.0262229
1.73689e+06	0.0282679
1.73699e+06	0.0301692
1.73709e+06	0.0318779
1.73719e+06	0.0333483
1.73729e+06	0.0345393
1.73739e+06	0.035417
1.73749e+06	0.0359556
1.73759e+06	0.0361392
1.73769e+06	0.0359623
1.73779e+06	0.0354301
1.73789e+06	0.0345586
1.73799e+06	0.033373
1.73809e+06	0.0319075
1.73819e+06	0.0302028
1.73829e+06	0.0283047
1.73839e+06	0.0262619
1.73849e+06	0.0241241
1.73859e+06	0.0219399
1.73869e+06	0.0197548
1.73879e+06	0.0176104
1.73889e+06	0.0155426
1.73899e+06	0.0135811
1.73909e+06	0.011749
1.73919e+06	0.010063
1.73929e+06	0.00853312
1.73939e+06	0.00716386
1.73949e+06	0.00595446
1.73959e+06	0.00489999
1.73969e+06	0.00399214
1.73979e+06	0.00322012
1.73989e+06	0.00257156
1.73999e+06	0.00203319
1.74009e+06	0.00159153
1.74019e+06	0.00123342
1.74029e+06	0.000946375
1.74039e+06	0.000718907
1.74049e+06	0.000540678
1.74059e+06	0.00040259
1.74069e+06	0.000296786
1.74079e+06	0.000216611
1.74089e+06	0.000156522
1.74099e+06	0.000111976
1.74109e+06	7.93114e-05
1.74119e+06	5.56162e-05
1.74129e+06	3.86122e-05
1.74139e+06	2.65402e-05
1.74149e+06	1.8061e-05
1.74159e+06	1.21684e-05
1.74169e+06	8.11682e-06
1.74179e+06	5.36036e-06
1.74189e+06	3.50477e-06
1.74199e+06	2.26872e-06
1.74209e+06	1.45399e-06
1.74219e+06	9.22565e-07
1.74229e+06	5.7955e-07
1.74239e+06	3.60447e-07
1.74249e+06	2.21947e-07
1.74259e+06	1.35305e-07
