5.4517e+06	4.2497e-07
5.4518e+06	6.97206e-07
5.4519e+06	1.13247e-06
5.452e+06	1.82118e-06
5.4521e+06	2.89962e-06
5.4522e+06	4.57083e-06
5.4523e+06	7.13369e-06
5.4524e+06	1.1023e-05
5.4525e+06	1.68637e-05
5.4526e+06	2.55433e-05
5.4527e+06	3.83064e-05
5.4528e+06	5.68776e-05
5.4529e+06	8.36158e-05
5.453e+06	0.000121707
5.4531e+06	0.000175399
5.4532e+06	0.000250281
5.4533e+06	0.000353607
5.4534e+06	0.000494669
5.4535e+06	0.000685197
5.4536e+06	0.00093979
5.4537e+06	0.00127635
5.4538e+06	0.0017165
5.4539e+06	0.00228594
5.454e+06	0.00301473
5.4541e+06	0.0039374
5.4542e+06	0.00509295
5.4543e+06	0.00652452
5.4544e+06	0.00827891
5.4545e+06	0.0104057
5.4546e+06	0.0129563
5.4547e+06	0.0159823
5.4548e+06	0.0195338
5.4549e+06	0.0236579
5.455e+06	0.0283966
5.4551e+06	0.0337846
5.4552e+06	0.0398482
5.4553e+06	0.0466033
5.4554e+06	0.0540545
5.4555e+06	0.0621949
5.4556e+06	0.071006
5.4557e+06	0.0804584
5.4558e+06	0.0905127
5.4559e+06	0.101122
5.456e+06	0.112233
5.4561e+06	0.123787
5.4562e+06	0.135724
5.4563e+06	0.147981
5.4564e+06	0.160494
5.4565e+06	0.173197
5.4566e+06	0.18602
5.4567e+06	0.198887
5.4568e+06	0.211713
5.4569e+06	0.224399
5.457e+06	0.236832
5.4571e+06	0.248881
5.4572e+06	0.260393
5.4573e+06	0.271197
5.4574e+06	0.281105
5.4575e+06	0.289912
5.4576e+06	0.297408
5.4577e+06	0.303385
5.4578e+06	0.307642
5.4579e+06	0.31
5.458e+06	0.310314
5.4581e+06	0.308477
5.4582e+06	0.304433
5.4583e+06	0.298184
5.4584e+06	0.289788
5.4585e+06	0.279366
5.4586e+06	0.267094
5.4587e+06	0.2532
5.4588e+06	0.237953
5.4589e+06	0.221653
5.459e+06	0.204621
5.4591e+06	0.187181
5.4592e+06	0.169653
5.4593e+06	0.152336
5.4594e+06	0.135503
5.4595e+06	0.11939
5.4596e+06	0.104191
5.4597e+06	0.0900552
5.4598e+06	0.0770873
5.4599e+06	0.0653482
5.46e+06	0.0548585
5.4601e+06	0.0456037
5.4602e+06	0.0375397
5.4603e+06	0.0305987
5.4604e+06	0.0246962
5.4605e+06	0.0197362
5.4606e+06	0.0156169
5.4607e+06	0.0122354
5.4608e+06	0.00949146
5.4609e+06	0.00729004
5.461e+06	0.00554379
5.4611e+06	0.00417408
5.4612e+06	0.00311164
5.4613e+06	0.00229662
5.4614e+06	0.00167825
5.4615e+06	0.00121421
5.4616e+06	0.000869758
5.4617e+06	0.000616832
5.4618e+06	0.000433111
5.4619e+06	0.000301089
5.462e+06	0.00020723
5.4621e+06	0.000141212
5.4622e+06	9.5269e-05
5.4623e+06	6.36344e-05
5.4624e+06	4.20815e-05
5.4625e+06	2.75519e-05
5.4626e+06	1.78595e-05
5.4627e+06	1.14616e-05
5.4628e+06	7.28253e-06
5.4629e+06	4.58117e-06
5.463e+06	2.85318e-06
5.4631e+06	1.7593e-06
5.4632e+06	1.07401e-06
5.4633e+06	6.49133e-07
5.4634e+06	3.88434e-07
5.4635e+06	2.30122e-07
5.4636e+06	1.34976e-07
5.4637e+06	7.83816e-08
5.4638e+06	4.50638e-08
5.4639e+06	2.56507e-08
5.464e+06	1.44553e-08
5.4641e+06	8.06515e-09
5.4642e+06	4.45508e-09
5.4643e+06	2.43644e-09
5.4644e+06	1.3192e-09
5.4645e+06	7.07174e-10
5.4646e+06	3.75317e-10
5.4647e+06	1.97209e-10
5.4648e+06	1.02592e-10
5.4649e+06	5.28391e-11
5.465e+06	2.69436e-11
5.4651e+06	1.36023e-11
5.4652e+06	6.79871e-12
5.4653e+06	3.36432e-12
5.4654e+06	1.64826e-12
5.4655e+06	7.99488e-13
5.4656e+06	3.83932e-13
5.4657e+06	1.82538e-13
5.4658e+06	8.59232e-14
5.4659e+06	4.00428e-14
5.466e+06	1.84754e-14
5.4661e+06	8.43962e-15
5.4662e+06	3.81687e-15
5.4663e+06	1.70903e-15
5.4664e+06	7.57616e-16
5.4665e+06	3.3251e-16
5.4666e+06	1.44483e-16
5.4667e+06	6.21568e-17
5.4668e+06	2.64738e-17
5.4669e+06	1.11635e-17
5.467e+06	4.6606e-18
5.4671e+06	1.92637e-18
5.4672e+06	7.88307e-19
5.4673e+06	3.1938e-19
5.4674e+06	1.28108e-19
5.4675e+06	5.0875e-20
5.4676e+06	2.00027e-20
5.4677e+06	7.78626e-21
5.4678e+06	3.00073e-21
5.4679e+06	1.14494e-21
5.468e+06	4.32507e-22
5.4681e+06	1.61757e-22
5.4682e+06	5.98947e-23
5.4683e+06	2.19569e-23
5.4684e+06	7.96915e-24
5.4685e+06	2.86358e-24
5.4686e+06	1.01874e-24
5.4687e+06	3.58819e-25
5.4688e+06	1.25125e-25
5.4689e+06	4.31985e-26
5.469e+06	1.47656e-26
5.4691e+06	4.99679e-27
5.4692e+06	1.67412e-27
5.4693e+06	5.55317e-28
5.4694e+06	1.82369e-28
5.4695e+06	5.92952e-29
5.4696e+06	1.90873e-29
5.4697e+06	6.08312e-30
5.4698e+06	1.9194e-30
5.4699e+06	5.996e-31
5.47e+06	1.85445e-31
5.4701e+06	5.67839e-32
5.4702e+06	1.72144e-32
5.4703e+06	5.16674e-33
5.4704e+06	1.53532e-33
5.4705e+06	4.51685e-34
5.4706e+06	1.31562e-34
5.4707e+06	3.79388e-35
5.4708e+06	1.08316e-35
5.4709e+06	3.06168e-36
5.471e+06	8.56808e-37
5.4711e+06	2.37391e-37
5.4712e+06	6.51181e-38
5.4713e+06	1.76847e-38
5.4714e+06	4.75498e-39
5.4715e+06	1.26578e-39
5.4716e+06	3.33598e-40
5.4717e+06	8.70455e-41
5.4718e+06	2.24867e-41
5.4719e+06	5.75127e-42
5.472e+06	1.45632e-42
5.4721e+06	3.65098e-43
5.4722e+06	9.06186e-44
5.4723e+06	2.22681e-44
5.4724e+06	5.41758e-45
5.4725e+06	1.30492e-45
5.4726e+06	3.11187e-46
5.4727e+06	7.34708e-47
5.4728e+06	1.71738e-47
5.4729e+06	3.97441e-48
5.473e+06	9.10621e-49
5.4731e+06	2.06566e-49
5.4732e+06	4.63915e-50
5.4733e+06	1.03151e-50
5.4734e+06	2.27074e-51
5.4735e+06	4.949e-52
5.4736e+06	1.06788e-52
5.4737e+06	2.28133e-53
5.4738e+06	4.82514e-54
5.4739e+06	1.01039e-54
5.474e+06	2.09471e-55
5.4741e+06	4.29948e-56
5.4742e+06	8.73705e-57
5.4743e+06	1.75781e-57
5.4744e+06	3.50134e-58
5.4745e+06	6.90487e-59
5.4746e+06	1.34813e-59
5.4747e+06	2.60596e-60
5.4748e+06	4.98723e-61
5.4749e+06	9.44949e-62
5.475e+06	1.77261e-62
5.4751e+06	3.29213e-63
5.4752e+06	6.05337e-64
5.4753e+06	1.10198e-64
5.4754e+06	1.98613e-65
5.4755e+06	3.54404e-66
5.4756e+06	6.26105e-67
5.4757e+06	1.0951e-67
5.4758e+06	1.89633e-68
5.4759e+06	3.25113e-69
5.476e+06	5.51837e-70
5.4761e+06	9.27351e-71
5.4762e+06	1.54289e-71
5.4763e+06	2.54145e-72
5.4764e+06	4.14464e-73
5.4765e+06	6.69188e-74
5.4766e+06	1.06971e-74
5.4767e+06	1.69294e-75
5.4768e+06	2.65262e-76
5.4769e+06	4.11496e-77
5.477e+06	6.31993e-78
5.4771e+06	9.60985e-79
5.4772e+06	1.4467e-79
5.4773e+06	2.15623e-80
5.4774e+06	3.18178e-81
5.4775e+06	4.64839e-82
5.4776e+06	6.72345e-83
5.4777e+06	9.62806e-84
5.4778e+06	1.36503e-84
5.4779e+06	1.91603e-85
5.478e+06	2.66269e-86
5.4781e+06	3.66349e-87
5.4782e+06	4.99029e-88
5.4783e+06	6.72999e-89
5.4784e+06	8.98588e-90
5.4785e+06	1.18785e-90
5.4786e+06	1.55462e-91
5.4787e+06	2.01437e-92
5.4788e+06	2.58413e-93
5.4789e+06	3.28205e-94
5.479e+06	4.12698e-95
5.4791e+06	5.13781e-96
5.4792e+06	6.33257e-97
5.4793e+06	7.72751e-98
5.4794e+06	9.33589e-99
5.4795e+06	1.11668e-99
5.4796e+06	1.32239e-100
5.4797e+06	1.55041e-101
5.4798e+06	1.79966e-102
5.4799e+06	2.0682e-103
5.48e+06	2.35316e-104
5.4801e+06	2.65074e-105
5.4802e+06	2.95624e-106
5.4803e+06	3.26415e-107
5.4804e+06	3.56826e-108
5.4805e+06	3.86189e-109
5.4806e+06	4.1381e-110
5.4807e+06	4.38995e-111
5.4808e+06	4.61078e-112
5.4809e+06	4.79453e-113
5.481e+06	4.936e-114
5.4811e+06	5.03108e-115
5.4812e+06	5.07697e-116
5.4813e+06	5.0723e-117
5.4814e+06	5.01721e-118
5.4815e+06	4.91334e-119
5.4816e+06	4.76374e-120
5.4817e+06	4.57275e-121
5.4818e+06	4.34573e-122
5.4819e+06	4.08889e-123
5.482e+06	3.80895e-124
5.4821e+06	3.51287e-125
5.4822e+06	3.20757e-126
5.4823e+06	2.89966e-127
5.4824e+06	2.59522e-128
5.4825e+06	2.29964e-129
5.4826e+06	2.01744e-130
5.4827e+06	1.75227e-131
5.4828e+06	1.5068e-132
5.4829e+06	1.28283e-133
5.483e+06	1.08128e-134
5.4831e+06	9.02334e-136
5.4832e+06	7.45507e-137
5.4833e+06	6.09808e-138
5.4834e+06	4.93846e-139
5.4835e+06	3.95956e-140
5.4836e+06	3.14311e-141
5.4837e+06	2.47018e-142
5.4838e+06	1.92201e-143
5.4839e+06	1.48061e-144
5.484e+06	1.12923e-145
5.4841e+06	8.52665e-147
5.4842e+06	6.37431e-148
5.4843e+06	4.71786e-149
5.4844e+06	3.45712e-150
5.4845e+06	2.50807e-151
5.4846e+06	1.80146e-152
5.4847e+06	1.28104e-153
5.4848e+06	9.01905e-155
5.4849e+06	6.28659e-156
5.485e+06	4.33837e-157
5.4851e+06	2.96411e-158
5.4852e+06	2.00503e-159
5.4853e+06	1.34277e-160
5.4854e+06	8.90313e-162
5.4855e+06	5.84439e-163
5.4856e+06	3.79833e-164
5.4857e+06	2.44401e-165
5.4858e+06	1.55694e-166
5.4859e+06	9.81966e-168
5.486e+06	6.13166e-169
5.4861e+06	3.79068e-170
5.4862e+06	2.32013e-171
5.4863e+06	1.40594e-172
5.4864e+06	8.43483e-174
5.4865e+06	5.01007e-175
5.4866e+06	2.94624e-176
5.4867e+06	1.71534e-177
5.4868e+06	9.88752e-179
5.4869e+06	5.64265e-180
5.487e+06	3.18813e-181
5.4871e+06	1.78338e-182
5.4872e+06	9.87669e-184
5.4873e+06	5.41546e-185
5.4874e+06	2.93979e-186
5.4875e+06	1.57999e-187
5.4876e+06	8.40714e-189
5.4877e+06	4.42894e-190
5.4878e+06	2.30998e-191
5.4879e+06	1.19282e-192
5.488e+06	6.09815e-194
5.4881e+06	3.08658e-195
5.4882e+06	1.54673e-196
5.4883e+06	7.67378e-198
5.4884e+06	3.7693e-199
5.4885e+06	1.83303e-200
5.4886e+06	8.8254e-202
5.4887e+06	4.20685e-203
5.4888e+06	1.98535e-204
5.4889e+06	9.27625e-206
5.489e+06	4.29108e-207
5.4891e+06	1.96525e-208
5.4892e+06	8.91096e-210
5.4893e+06	4.00027e-211
5.4894e+06	1.77791e-212
5.4895e+06	7.8233e-214
5.4896e+06	3.4082e-215
5.4897e+06	1.47e-216
5.4898e+06	6.27724e-218
5.4899e+06	2.65385e-219
5.49e+06	1.11081e-220
5.4901e+06	4.60321e-222
5.4902e+06	1.8886e-223
5.4903e+06	7.6714e-225
5.4904e+06	3.08508e-226
5.4905e+06	1.22833e-227
5.4906e+06	4.84198e-229
5.4907e+06	1.88967e-230
5.4908e+06	7.30141e-232
5.4909e+06	2.79309e-233
5.491e+06	1.05784e-234
5.4911e+06	3.96653e-236
5.4912e+06	1.47251e-237
5.4913e+06	5.41209e-239
5.4914e+06	1.96937e-240
5.4915e+06	7.09493e-242
5.4916e+06	2.53061e-243
5.4917e+06	8.93633e-245
5.4918e+06	3.12428e-246
5.4919e+06	1.08143e-247
5.492e+06	3.70599e-249
5.4921e+06	1.25738e-250
5.4922e+06	4.22363e-252
5.4923e+06	1.40463e-253
5.4924e+06	4.62482e-255
5.4925e+06	1.5076e-256
5.4926e+06	4.86556e-258
5.4927e+06	1.55467e-259
5.4928e+06	4.91812e-261
5.4929e+06	1.54035e-262
5.493e+06	4.77633e-264
5.4931e+06	1.46631e-265
5.4932e+06	4.45673e-267
5.4933e+06	1.34111e-268
5.4934e+06	3.99547e-270
5.4935e+06	1.1785e-271
5.4936e+06	3.44149e-273
5.4937e+06	9.94997e-275
5.4938e+06	2.84809e-276
5.4939e+06	8.0713e-278
5.494e+06	2.26459e-279
5.4941e+06	6.29062e-281
5.4942e+06	1.73003e-282
5.4943e+06	4.71054e-284
5.4944e+06	1.26983e-285
5.4945e+06	3.38904e-287
5.4946e+06	8.955e-289
5.4947e+06	2.34267e-290
5.4948e+06	6.06756e-292
5.4949e+06	1.55587e-293
5.495e+06	3.94994e-295
5.4951e+06	9.92807e-297
5.4952e+06	2.47056e-298
5.4953e+06	6.08673e-300
5.4954e+06	1.48467e-301
5.4955e+06	3.58535e-303
5.4956e+06	8.57216e-305
5.4957e+06	2.02912e-306
5.4958e+06	4.75532e-308
5.4959e+06	1.10334e-309
5.496e+06	2.53453e-311
5.4961e+06	5.76424e-313
5.4962e+06	1.29791e-314
5.4963e+06	2.89336e-316
5.4964e+06	6.38584e-318
5.4965e+06	1.39539e-319
5.4966e+06	3.01874e-321
5.4967e+06	6.42285e-323
5.4968e+06	0
5.4969e+06	0
5.497e+06	0
5.4971e+06	0
5.4972e+06	0
5.4973e+06	0
5.4974e+06	0
5.4975e+06	0
5.4976e+06	0
5.4977e+06	0
5.4978e+06	0
5.4979e+06	0
5.498e+06	0
5.4981e+06	0
5.4982e+06	0
5.4983e+06	0
5.4984e+06	0
5.4985e+06	0
5.4986e+06	0
5.4987e+06	0
5.4988e+06	0
5.4989e+06	0
5.499e+06	0
5.4991e+06	0
5.4992e+06	0
5.4993e+06	0
5.4994e+06	0
5.4995e+06	0
5.4996e+06	0
5.4997e+06	0
5.4998e+06	0
5.4999e+06	0
5.5e+06	0
5.5001e+06	0
5.5002e+06	0
5.5003e+06	0
5.5004e+06	0
5.5005e+06	0
5.5006e+06	0
5.5007e+06	0
5.5008e+06	0
5.5009e+06	0
5.501e+06	0
5.5011e+06	0
5.5012e+06	0
5.5013e+06	0
5.5014e+06	0
5.5015e+06	0
5.5016e+06	0
5.5017e+06	0
5.5018e+06	0
5.5019e+06	0
5.502e+06	0
5.5021e+06	0
5.5022e+06	0
5.5023e+06	0
5.5024e+06	0
5.5025e+06	0
5.5026e+06	0
5.5027e+06	0
5.5028e+06	0
5.5029e+06	0
5.503e+06	0
5.5031e+06	0
5.5032e+06	0
5.5033e+06	0
5.5034e+06	0
5.5035e+06	0
5.5036e+06	0
5.5037e+06	0
5.5038e+06	0
5.5039e+06	0
5.504e+06	0
5.5041e+06	0
5.5042e+06	0
5.5043e+06	0
5.5044e+06	0
5.5045e+06	0
5.5046e+06	0
5.5047e+06	0
5.5048e+06	0
5.5049e+06	0
5.505e+06	0
5.5051e+06	0
5.5052e+06	0
5.5053e+06	0
5.5054e+06	0
5.5055e+06	0
5.5056e+06	0
5.5057e+06	0
5.5058e+06	0
5.5059e+06	0
5.506e+06	0
5.5061e+06	0
5.5062e+06	0
5.5063e+06	0
5.5064e+06	0
5.5065e+06	0
5.5066e+06	0
5.5067e+06	0
5.5068e+06	0
5.5069e+06	0
5.507e+06	0
5.5071e+06	0
5.5072e+06	0
5.5073e+06	0
5.5074e+06	0
5.5075e+06	0
5.5076e+06	0
5.5077e+06	0
5.5078e+06	0
5.5079e+06	0
5.508e+06	0
5.5081e+06	0
5.5082e+06	0
5.5083e+06	0
5.5084e+06	0
5.5085e+06	0
5.5086e+06	0
5.5087e+06	0
5.5088e+06	0
5.5089e+06	0
5.509e+06	0
5.5091e+06	0
5.5092e+06	0
5.5093e+06	0
5.5094e+06	0
5.5095e+06	0
5.5096e+06	0
5.5097e+06	0
5.5098e+06	0
5.5099e+06	0
5.51e+06	0
5.5101e+06	0
5.5102e+06	0
5.5103e+06	0
5.5104e+06	0
5.5105e+06	0
5.5106e+06	0
5.5107e+06	0
5.5108e+06	0
5.5109e+06	0
5.511e+06	0
5.5111e+06	0
5.5112e+06	0
5.5113e+06	0
5.5114e+06	0
5.5115e+06	0
5.5116e+06	0
5.5117e+06	0
5.5118e+06	0
5.5119e+06	0
5.512e+06	0
5.5121e+06	0
5.5122e+06	0
5.5123e+06	0
5.5124e+06	0
5.5125e+06	0
5.5126e+06	0
5.5127e+06	0
5.5128e+06	0
5.5129e+06	0
5.513e+06	0
5.5131e+06	0
5.5132e+06	0
5.5133e+06	0
5.5134e+06	0
5.5135e+06	0
5.5136e+06	0
5.5137e+06	0
5.5138e+06	0
5.5139e+06	0
5.514e+06	0
5.5141e+06	0
5.5142e+06	0
5.5143e+06	0
5.5144e+06	0
5.5145e+06	0
5.5146e+06	0
5.5147e+06	0
5.5148e+06	0
5.5149e+06	0
5.515e+06	0
5.5151e+06	0
5.5152e+06	0
5.5153e+06	0
5.5154e+06	0
5.5155e+06	0
5.5156e+06	0
5.5157e+06	0
5.5158e+06	0
5.5159e+06	0
5.516e+06	0
5.5161e+06	0
5.5162e+06	0
5.5163e+06	0
5.5164e+06	0
5.5165e+06	0
5.5166e+06	0
5.5167e+06	0
5.5168e+06	0
5.5169e+06	0
5.517e+06	0
5.5171e+06	0
5.5172e+06	0
5.5173e+06	0
5.5174e+06	0
5.5175e+06	0
5.5176e+06	0
5.5177e+06	0
5.5178e+06	0
5.5179e+06	0
5.518e+06	0
5.5181e+06	0
5.5182e+06	0
5.5183e+06	0
5.5184e+06	0
5.5185e+06	0
5.5186e+06	0
5.5187e+06	0
5.5188e+06	0
5.5189e+06	0
5.519e+06	0
5.5191e+06	0
5.5192e+06	0
5.5193e+06	0
5.5194e+06	0
5.5195e+06	0
5.5196e+06	0
5.5197e+06	0
5.5198e+06	0
5.5199e+06	0
5.52e+06	0
5.5201e+06	0
5.5202e+06	0
5.5203e+06	0
5.5204e+06	0
5.5205e+06	0
5.5206e+06	0
5.5207e+06	0
5.5208e+06	0
5.5209e+06	0
5.521e+06	0
5.5211e+06	0
5.5212e+06	0
5.5213e+06	0
5.5214e+06	0
5.5215e+06	0
5.5216e+06	0
5.5217e+06	0
5.5218e+06	0
5.5219e+06	0
5.522e+06	0
5.5221e+06	0
5.5222e+06	0
5.5223e+06	0
5.5224e+06	0
5.5225e+06	0
5.5226e+06	0
5.5227e+06	0
5.5228e+06	0
5.5229e+06	0
5.523e+06	0
5.5231e+06	0
5.5232e+06	0
5.5233e+06	0
5.5234e+06	0
5.5235e+06	0
5.5236e+06	0
5.5237e+06	0
5.5238e+06	0
5.5239e+06	0
5.524e+06	0
5.5241e+06	0
5.5242e+06	0
5.5243e+06	0
5.5244e+06	0
5.5245e+06	0
5.5246e+06	0
5.5247e+06	0
5.5248e+06	0
5.5249e+06	0
5.525e+06	0
5.5251e+06	0
5.5252e+06	0
5.5253e+06	0
5.5254e+06	0
5.5255e+06	0
5.5256e+06	0
5.5257e+06	0
5.5258e+06	0
5.5259e+06	0
5.526e+06	0
5.5261e+06	0
5.5262e+06	0
5.5263e+06	0
5.5264e+06	0
5.5265e+06	0
5.5266e+06	0
5.5267e+06	0
5.5268e+06	0
5.5269e+06	0
5.527e+06	0
5.5271e+06	0
5.5272e+06	0
5.5273e+06	0
5.5274e+06	0
5.5275e+06	0
5.5276e+06	0
5.5277e+06	0
5.5278e+06	0
5.5279e+06	0
5.528e+06	0
5.5281e+06	0
5.5282e+06	0
5.5283e+06	0
5.5284e+06	0
5.5285e+06	0
5.5286e+06	0
5.5287e+06	0
5.5288e+06	0
5.5289e+06	0
5.529e+06	0
5.5291e+06	0
5.5292e+06	0
5.5293e+06	0
5.5294e+06	0
5.5295e+06	0
5.5296e+06	0
5.5297e+06	0
5.5298e+06	0
5.5299e+06	0
5.53e+06	0
5.5301e+06	0
5.5302e+06	0
5.5303e+06	0
5.5304e+06	0
5.5305e+06	0
5.5306e+06	0
5.5307e+06	0
5.5308e+06	0
5.5309e+06	0
5.531e+06	0
5.5311e+06	0
5.5312e+06	0
5.5313e+06	0
5.5314e+06	0
5.5315e+06	0
5.5316e+06	0
5.5317e+06	0
5.5318e+06	0
5.5319e+06	0
5.532e+06	0
5.5321e+06	0
5.5322e+06	0
5.5323e+06	0
5.5324e+06	0
5.5325e+06	0
5.5326e+06	0
5.5327e+06	0
5.5328e+06	0
5.5329e+06	0
5.533e+06	0
5.5331e+06	0
5.5332e+06	0
5.5333e+06	0
5.5334e+06	0
5.5335e+06	0
5.5336e+06	0
5.5337e+06	0
5.5338e+06	0
5.5339e+06	0
5.534e+06	0
5.5341e+06	0
5.5342e+06	0
5.5343e+06	0
5.5344e+06	0
5.5345e+06	0
5.5346e+06	0
5.5347e+06	0
5.5348e+06	0
5.5349e+06	0
5.535e+06	0
5.5351e+06	0
5.5352e+06	0
5.5353e+06	0
5.5354e+06	0
5.5355e+06	0
5.5356e+06	0
5.5357e+06	0
5.5358e+06	0
5.5359e+06	0
5.536e+06	0
5.5361e+06	0
5.5362e+06	0
5.5363e+06	0
5.5364e+06	0
5.5365e+06	0
5.5366e+06	0
5.5367e+06	0
5.5368e+06	0
5.5369e+06	0
5.537e+06	0
5.5371e+06	0
5.5372e+06	0
5.5373e+06	0
5.5374e+06	0
5.5375e+06	0
5.5376e+06	0
5.5377e+06	0
5.5378e+06	0
5.5379e+06	0
5.538e+06	0
5.5381e+06	0
5.5382e+06	0
5.5383e+06	0
5.5384e+06	0
5.5385e+06	0
5.5386e+06	0
5.5387e+06	0
5.5388e+06	0
5.5389e+06	0
5.539e+06	0
5.5391e+06	0
5.5392e+06	0
5.5393e+06	0
5.5394e+06	0
5.5395e+06	0
5.5396e+06	0
5.5397e+06	0
5.5398e+06	0
5.5399e+06	0
5.54e+06	0
5.5401e+06	0
5.5402e+06	0
5.5403e+06	0
5.5404e+06	0
5.5405e+06	0
5.5406e+06	0
5.5407e+06	0
5.5408e+06	0
5.5409e+06	0
5.541e+06	0
5.5411e+06	0
5.5412e+06	0
5.5413e+06	0
5.5414e+06	0
5.5415e+06	0
5.5416e+06	0
5.5417e+06	0
5.5418e+06	0
5.5419e+06	0
5.542e+06	0
5.5421e+06	0
5.5422e+06	0
5.5423e+06	0
5.5424e+06	0
5.5425e+06	0
5.5426e+06	0
5.5427e+06	0
5.5428e+06	0
5.5429e+06	0
5.543e+06	0
5.5431e+06	0
5.5432e+06	0
5.5433e+06	0
5.5434e+06	0
5.5435e+06	0
5.5436e+06	0
5.5437e+06	0
5.5438e+06	0
5.5439e+06	0
5.544e+06	0
5.5441e+06	0
5.5442e+06	0
5.5443e+06	0
5.5444e+06	0
5.5445e+06	0
5.5446e+06	0
5.5447e+06	0
5.5448e+06	0
5.5449e+06	0
5.545e+06	0
5.5451e+06	0
5.5452e+06	0
5.5453e+06	0
5.5454e+06	0
5.5455e+06	0
5.5456e+06	0
5.5457e+06	0
5.5458e+06	0
5.5459e+06	0
5.546e+06	0
5.5461e+06	0
5.5462e+06	0
5.5463e+06	0
5.5464e+06	0
5.5465e+06	0
5.5466e+06	0
5.5467e+06	0
5.5468e+06	0
5.5469e+06	0
5.547e+06	0
5.5471e+06	0
5.5472e+06	0
5.5473e+06	0
5.5474e+06	0
5.5475e+06	0
5.5476e+06	0
5.5477e+06	0
5.5478e+06	0
5.5479e+06	0
5.548e+06	0
5.5481e+06	0
5.5482e+06	0
5.5483e+06	0
5.5484e+06	0
5.5485e+06	0
5.5486e+06	0
5.5487e+06	0
5.5488e+06	0
5.5489e+06	0
5.549e+06	0
5.5491e+06	0
5.5492e+06	0
5.5493e+06	0
5.5494e+06	0
5.5495e+06	0
5.5496e+06	0
5.5497e+06	0
5.5498e+06	0
5.5499e+06	0
5.55e+06	0
5.5501e+06	0
5.5502e+06	0
5.5503e+06	0
5.5504e+06	0
5.5505e+06	0
5.5506e+06	0
5.5507e+06	0
5.5508e+06	0
5.5509e+06	0
5.551e+06	0
5.5511e+06	0
5.5512e+06	0
5.5513e+06	0
5.5514e+06	0
5.5515e+06	0
5.5516e+06	0
5.5517e+06	0
5.5518e+06	0
5.5519e+06	0
5.552e+06	0
5.5521e+06	0
5.5522e+06	0
5.5523e+06	0
5.5524e+06	0
5.5525e+06	0
5.5526e+06	0
5.5527e+06	0
5.5528e+06	0
5.5529e+06	0
5.553e+06	0
5.5531e+06	0
5.5532e+06	0
5.5533e+06	0
5.5534e+06	0
5.5535e+06	0
5.5536e+06	0
5.5537e+06	0
5.5538e+06	0
5.5539e+06	0
5.554e+06	0
5.5541e+06	0
5.5542e+06	0
5.5543e+06	0
5.5544e+06	0
5.5545e+06	0
5.5546e+06	0
5.5547e+06	0
5.5548e+06	0
5.5549e+06	0
5.555e+06	0
5.5551e+06	0
5.5552e+06	0
5.5553e+06	0
5.5554e+06	0
5.5555e+06	0
5.5556e+06	0
5.5557e+06	0
5.5558e+06	0
5.5559e+06	0
5.556e+06	0
5.5561e+06	0
5.5562e+06	0
5.5563e+06	0
5.5564e+06	0
5.5565e+06	0
5.5566e+06	0
5.5567e+06	0
5.5568e+06	0
5.5569e+06	0
5.557e+06	0
5.5571e+06	0
5.5572e+06	0
5.5573e+06	0
5.5574e+06	0
5.5575e+06	0
5.5576e+06	0
5.5577e+06	0
5.5578e+06	0
5.5579e+06	0
5.558e+06	0
5.5581e+06	0
5.5582e+06	0
5.5583e+06	0
5.5584e+06	0
5.5585e+06	0
5.5586e+06	0
5.5587e+06	0
5.5588e+06	0
5.5589e+06	0
5.559e+06	0
5.5591e+06	0
5.5592e+06	0
5.5593e+06	0
5.5594e+06	0
5.5595e+06	0
5.5596e+06	0
5.5597e+06	0
5.5598e+06	0
5.5599e+06	0
5.56e+06	0
5.5601e+06	0
5.5602e+06	0
5.5603e+06	0
5.5604e+06	0
5.5605e+06	0
5.5606e+06	0
5.5607e+06	0
5.5608e+06	0
5.5609e+06	0
5.561e+06	0
5.5611e+06	0
5.5612e+06	0
5.5613e+06	0
5.5614e+06	0
5.5615e+06	0
5.5616e+06	0
5.5617e+06	0
5.5618e+06	0
5.5619e+06	0
5.562e+06	0
5.5621e+06	0
5.5622e+06	0
5.5623e+06	0
5.5624e+06	0
5.5625e+06	0
5.5626e+06	0
5.5627e+06	0
5.5628e+06	0
5.5629e+06	0
5.563e+06	0
5.5631e+06	0
5.5632e+06	0
5.5633e+06	0
5.5634e+06	0
5.5635e+06	0
5.5636e+06	0
5.5637e+06	0
5.5638e+06	0
5.5639e+06	0
5.564e+06	0
5.5641e+06	0
5.5642e+06	0
5.5643e+06	0
5.5644e+06	0
5.5645e+06	0
5.5646e+06	0
5.5647e+06	0
5.5648e+06	0
5.5649e+06	0
5.565e+06	0
5.5651e+06	0
5.5652e+06	0
5.5653e+06	0
5.5654e+06	0
5.5655e+06	0
5.5656e+06	0
5.5657e+06	0
5.5658e+06	0
5.5659e+06	0
5.566e+06	0
5.5661e+06	0
5.5662e+06	0
5.5663e+06	0
5.5664e+06	0
5.5665e+06	0
5.5666e+06	0
5.5667e+06	0
5.5668e+06	0
5.5669e+06	0
5.567e+06	0
5.5671e+06	0
5.5672e+06	0
5.5673e+06	0
5.5674e+06	0
5.5675e+06	0
5.5676e+06	0
5.5677e+06	0
5.5678e+06	0
5.5679e+06	0
5.568e+06	0
5.5681e+06	0
5.5682e+06	0
5.5683e+06	0
5.5684e+06	0
5.5685e+06	0
5.5686e+06	0
5.5687e+06	0
5.5688e+06	0
5.5689e+06	0
5.569e+06	0
5.5691e+06	0
5.5692e+06	0
5.5693e+06	0
5.5694e+06	0
5.5695e+06	0
5.5696e+06	0
5.5697e+06	0
5.5698e+06	0
5.5699e+06	0
5.57e+06	0
5.5701e+06	0
5.5702e+06	0
5.5703e+06	0
5.5704e+06	0
5.5705e+06	0
5.5706e+06	0
5.5707e+06	0
5.5708e+06	0
5.5709e+06	0
5.571e+06	0
5.5711e+06	0
5.5712e+06	0
5.5713e+06	0
5.5714e+06	0
5.5715e+06	0
5.5716e+06	0
5.5717e+06	0
5.5718e+06	0
5.5719e+06	0
5.572e+06	0
5.5721e+06	0
5.5722e+06	0
5.5723e+06	0
5.5724e+06	0
5.5725e+06	0
5.5726e+06	0
5.5727e+06	0
5.5728e+06	0
5.5729e+06	0
5.573e+06	0
5.5731e+06	0
5.5732e+06	0
5.5733e+06	0
5.5734e+06	0
5.5735e+06	0
5.5736e+06	0
5.5737e+06	0
5.5738e+06	0
5.5739e+06	0
5.574e+06	0
5.5741e+06	0
5.5742e+06	0
5.5743e+06	0
5.5744e+06	0
5.5745e+06	0
5.5746e+06	0
5.5747e+06	0
5.5748e+06	0
5.5749e+06	0
5.575e+06	0
5.5751e+06	0
5.5752e+06	0
5.5753e+06	0
5.5754e+06	0
5.5755e+06	0
5.5756e+06	0
5.5757e+06	0
5.5758e+06	0
5.5759e+06	0
5.576e+06	0
5.5761e+06	0
5.5762e+06	0
5.5763e+06	0
5.5764e+06	0
5.5765e+06	0
5.5766e+06	0
5.5767e+06	0
5.5768e+06	0
5.5769e+06	0
5.577e+06	0
5.5771e+06	0
5.5772e+06	0
5.5773e+06	0
5.5774e+06	0
5.5775e+06	0
5.5776e+06	0
5.5777e+06	0
5.5778e+06	0
5.5779e+06	0
5.578e+06	0
5.5781e+06	0
5.5782e+06	0
5.5783e+06	0
5.5784e+06	0
5.5785e+06	0
5.5786e+06	0
5.5787e+06	0
5.5788e+06	0
5.5789e+06	0
5.579e+06	0
5.5791e+06	0
5.5792e+06	0
5.5793e+06	0
5.5794e+06	0
5.5795e+06	0
5.5796e+06	0
5.5797e+06	0
5.5798e+06	0
5.5799e+06	0
5.58e+06	0
5.5801e+06	0
5.5802e+06	0
5.5803e+06	0
5.5804e+06	0
5.5805e+06	0
5.5806e+06	0
5.5807e+06	0
5.5808e+06	0
5.5809e+06	0
5.581e+06	0
5.5811e+06	0
5.5812e+06	0
5.5813e+06	0
5.5814e+06	0
5.5815e+06	0
5.5816e+06	0
5.5817e+06	0
5.5818e+06	0
5.5819e+06	0
5.582e+06	0
5.5821e+06	0
5.5822e+06	0
5.5823e+06	0
5.5824e+06	0
5.5825e+06	0
5.5826e+06	0
5.5827e+06	0
5.5828e+06	0
5.5829e+06	0
5.583e+06	0
5.5831e+06	0
5.5832e+06	0
5.5833e+06	0
5.5834e+06	0
5.5835e+06	0
5.5836e+06	0
5.5837e+06	0
5.5838e+06	0
5.5839e+06	0
5.584e+06	0
5.5841e+06	0
5.5842e+06	0
5.5843e+06	0
5.5844e+06	0
5.5845e+06	0
5.5846e+06	0
5.5847e+06	0
5.5848e+06	0
5.5849e+06	0
5.585e+06	0
5.5851e+06	0
5.5852e+06	0
5.5853e+06	0
5.5854e+06	0
5.5855e+06	0
5.5856e+06	0
5.5857e+06	0
5.5858e+06	0
5.5859e+06	0
5.586e+06	0
5.5861e+06	0
5.5862e+06	0
5.5863e+06	0
5.5864e+06	0
5.5865e+06	0
5.5866e+06	0
5.5867e+06	0
5.5868e+06	0
5.5869e+06	0
5.587e+06	0
5.5871e+06	0
5.5872e+06	0
5.5873e+06	0
5.5874e+06	0
5.5875e+06	0
5.5876e+06	0
5.5877e+06	0
5.5878e+06	0
5.5879e+06	0
5.588e+06	0
5.5881e+06	0
5.5882e+06	0
5.5883e+06	0
5.5884e+06	0
5.5885e+06	0
5.5886e+06	0
5.5887e+06	0
5.5888e+06	0
5.5889e+06	0
5.589e+06	0
5.5891e+06	0
5.5892e+06	0
5.5893e+06	0
5.5894e+06	0
5.5895e+06	0
5.5896e+06	0
5.5897e+06	0
5.5898e+06	0
5.5899e+06	0
5.59e+06	0
5.5901e+06	0
5.5902e+06	0
5.5903e+06	0
5.5904e+06	0
5.5905e+06	0
5.5906e+06	0
5.5907e+06	0
5.5908e+06	0
5.5909e+06	0
5.591e+06	0
5.5911e+06	0
5.5912e+06	0
5.5913e+06	0
5.5914e+06	0
5.5915e+06	0
5.5916e+06	0
5.5917e+06	0
5.5918e+06	0
5.5919e+06	0
5.592e+06	0
5.5921e+06	0
5.5922e+06	0
5.5923e+06	0
5.5924e+06	0
5.5925e+06	0
5.5926e+06	0
5.5927e+06	0
5.5928e+06	0
5.5929e+06	0
5.593e+06	0
5.5931e+06	0
5.5932e+06	0
5.5933e+06	0
5.5934e+06	0
5.5935e+06	0
5.5936e+06	0
5.5937e+06	0
5.5938e+06	0
5.5939e+06	0
5.594e+06	0
5.5941e+06	0
5.5942e+06	0
5.5943e+06	0
5.5944e+06	0
5.5945e+06	0
5.5946e+06	0
5.5947e+06	0
5.5948e+06	0
5.5949e+06	0
5.595e+06	0
5.5951e+06	0
5.5952e+06	0
5.5953e+06	0
5.5954e+06	0
5.5955e+06	0
5.5956e+06	0
5.5957e+06	0
5.5958e+06	0
5.5959e+06	0
5.596e+06	0
5.5961e+06	0
5.5962e+06	0
5.5963e+06	0
5.5964e+06	0
5.5965e+06	0
5.5966e+06	0
5.5967e+06	0
5.5968e+06	0
5.5969e+06	0
5.597e+06	0
5.5971e+06	0
5.5972e+06	0
5.5973e+06	0
5.5974e+06	0
5.5975e+06	0
5.5976e+06	0
5.5977e+06	0
5.5978e+06	0
5.5979e+06	0
5.598e+06	0
5.5981e+06	0
5.5982e+06	0
5.5983e+06	0
5.5984e+06	0
5.5985e+06	0
5.5986e+06	0
5.5987e+06	0
5.5988e+06	0
5.5989e+06	0
5.599e+06	0
5.5991e+06	0
5.5992e+06	0
5.5993e+06	0
5.5994e+06	0
5.5995e+06	0
5.5996e+06	0
5.5997e+06	0
5.5998e+06	0
5.5999e+06	0
5.6e+06	0
5.6001e+06	0
5.6002e+06	0
5.6003e+06	0
5.6004e+06	0
5.6005e+06	0
5.6006e+06	0
5.6007e+06	0
5.6008e+06	0
5.6009e+06	0
5.601e+06	0
5.6011e+06	0
5.6012e+06	0
5.6013e+06	0
5.6014e+06	0
5.6015e+06	0
5.6016e+06	0
5.6017e+06	0
5.6018e+06	0
5.6019e+06	0
5.602e+06	0
5.6021e+06	0
5.6022e+06	0
5.6023e+06	0
5.6024e+06	0
5.6025e+06	0
5.6026e+06	0
5.6027e+06	0
5.6028e+06	0
5.6029e+06	0
5.603e+06	0
5.6031e+06	0
5.6032e+06	0
5.6033e+06	0
5.6034e+06	0
5.6035e+06	0
5.6036e+06	0
5.6037e+06	0
5.6038e+06	0
5.6039e+06	0
5.604e+06	0
5.6041e+06	0
5.6042e+06	0
5.6043e+06	0
5.6044e+06	0
5.6045e+06	0
5.6046e+06	0
5.6047e+06	0
5.6048e+06	0
5.6049e+06	0
5.605e+06	0
5.6051e+06	0
5.6052e+06	0
5.6053e+06	0
5.6054e+06	0
5.6055e+06	0
5.6056e+06	0
5.6057e+06	0
5.6058e+06	0
5.6059e+06	0
5.606e+06	0
5.6061e+06	0
5.6062e+06	0
5.6063e+06	0
5.6064e+06	0
5.6065e+06	0
5.6066e+06	0
5.6067e+06	0
5.6068e+06	0
5.6069e+06	0
5.607e+06	0
5.6071e+06	0
5.6072e+06	0
5.6073e+06	0
5.6074e+06	0
5.6075e+06	0
5.6076e+06	0
5.6077e+06	0
5.6078e+06	0
5.6079e+06	0
5.608e+06	0
5.6081e+06	0
5.6082e+06	0
5.6083e+06	0
5.6084e+06	0
5.6085e+06	0
5.6086e+06	0
5.6087e+06	0
5.6088e+06	0
5.6089e+06	0
5.609e+06	0
5.6091e+06	0
5.6092e+06	0
5.6093e+06	0
5.6094e+06	0
5.6095e+06	0
5.6096e+06	0
5.6097e+06	0
5.6098e+06	0
5.6099e+06	0
5.61e+06	0
5.6101e+06	0
5.6102e+06	0
5.6103e+06	0
5.6104e+06	0
5.6105e+06	0
5.6106e+06	0
5.6107e+06	0
5.6108e+06	0
5.6109e+06	0
5.611e+06	0
5.6111e+06	0
5.6112e+06	0
5.6113e+06	0
5.6114e+06	0
5.6115e+06	0
5.6116e+06	0
5.6117e+06	0
5.6118e+06	0
5.6119e+06	0
5.612e+06	0
5.6121e+06	0
5.6122e+06	0
5.6123e+06	0
5.6124e+06	0
5.6125e+06	0
5.6126e+06	0
5.6127e+06	0
5.6128e+06	0
5.6129e+06	0
5.613e+06	0
5.6131e+06	0
5.6132e+06	0
5.6133e+06	0
5.6134e+06	0
5.6135e+06	0
5.6136e+06	0
5.6137e+06	0
5.6138e+06	0
5.6139e+06	0
5.614e+06	0
5.6141e+06	0
5.6142e+06	0
5.6143e+06	0
5.6144e+06	0
5.6145e+06	0
5.6146e+06	0
5.6147e+06	0
5.6148e+06	0
5.6149e+06	0
5.615e+06	0
5.6151e+06	0
5.6152e+06	0
5.6153e+06	0
5.6154e+06	0
5.6155e+06	0
5.6156e+06	0
5.6157e+06	0
5.6158e+06	0
5.6159e+06	0
5.616e+06	0
5.6161e+06	0
5.6162e+06	0
5.6163e+06	0
5.6164e+06	0
5.6165e+06	0
5.6166e+06	0
5.6167e+06	0
5.6168e+06	0
5.6169e+06	0
5.617e+06	0
5.6171e+06	0
5.6172e+06	0
5.6173e+06	0
5.6174e+06	0
5.6175e+06	0
5.6176e+06	0
5.6177e+06	0
5.6178e+06	0
5.6179e+06	0
5.618e+06	0
5.6181e+06	0
5.6182e+06	0
5.6183e+06	0
5.6184e+06	0
5.6185e+06	0
5.6186e+06	0
5.6187e+06	0
5.6188e+06	0
5.6189e+06	0
5.619e+06	0
5.6191e+06	0
5.6192e+06	0
5.6193e+06	0
5.6194e+06	0
5.6195e+06	0
5.6196e+06	0
5.6197e+06	0
5.6198e+06	0
5.6199e+06	0
5.62e+06	0
5.6201e+06	0
5.6202e+06	0
5.6203e+06	0
5.6204e+06	0
5.6205e+06	0
5.6206e+06	0
5.6207e+06	0
5.6208e+06	0
5.6209e+06	0
5.621e+06	0
5.6211e+06	0
5.6212e+06	0
5.6213e+06	0
5.6214e+06	0
5.6215e+06	0
5.6216e+06	0
5.6217e+06	0
5.6218e+06	0
5.6219e+06	0
5.622e+06	0
5.6221e+06	0
5.6222e+06	0
5.6223e+06	0
5.6224e+06	0
5.6225e+06	0
5.6226e+06	0
5.6227e+06	0
5.6228e+06	0
5.6229e+06	0
5.623e+06	0
5.6231e+06	0
5.6232e+06	0
5.6233e+06	0
5.6234e+06	0
5.6235e+06	0
5.6236e+06	0
5.6237e+06	0
5.6238e+06	0
5.6239e+06	0
5.624e+06	0
5.6241e+06	0
5.6242e+06	0
5.6243e+06	0
5.6244e+06	0
5.6245e+06	0
5.6246e+06	0
5.6247e+06	0
5.6248e+06	0
5.6249e+06	0
5.625e+06	0
5.6251e+06	0
5.6252e+06	0
5.6253e+06	0
5.6254e+06	0
5.6255e+06	0
5.6256e+06	0
5.6257e+06	0
5.6258e+06	0
5.6259e+06	0
5.626e+06	0
5.6261e+06	0
5.6262e+06	0
5.6263e+06	0
5.6264e+06	0
5.6265e+06	0
5.6266e+06	0
5.6267e+06	0
5.6268e+06	0
5.6269e+06	0
5.627e+06	0
5.6271e+06	0
5.6272e+06	0
5.6273e+06	0
5.6274e+06	0
5.6275e+06	0
5.6276e+06	0
5.6277e+06	0
5.6278e+06	0
5.6279e+06	0
5.628e+06	0
5.6281e+06	0
5.6282e+06	0
5.6283e+06	0
5.6284e+06	0
5.6285e+06	0
5.6286e+06	0
5.6287e+06	0
5.6288e+06	0
5.6289e+06	0
5.629e+06	0
5.6291e+06	0
5.6292e+06	0
5.6293e+06	0
5.6294e+06	0
5.6295e+06	0
5.6296e+06	0
5.6297e+06	0
5.6298e+06	0
5.6299e+06	0
5.63e+06	0
5.6301e+06	0
5.6302e+06	0
5.6303e+06	0
5.6304e+06	0
5.6305e+06	0
5.6306e+06	0
5.6307e+06	0
5.6308e+06	0
5.6309e+06	0
5.631e+06	0
5.6311e+06	0
5.6312e+06	0
5.6313e+06	0
5.6314e+06	0
5.6315e+06	0
5.6316e+06	0
5.6317e+06	0
5.6318e+06	0
5.6319e+06	0
5.632e+06	0
5.6321e+06	0
5.6322e+06	0
5.6323e+06	0
5.6324e+06	0
5.6325e+06	0
5.6326e+06	0
5.6327e+06	0
5.6328e+06	0
5.6329e+06	0
5.633e+06	0
5.6331e+06	0
5.6332e+06	0
5.6333e+06	0
5.6334e+06	0
5.6335e+06	0
5.6336e+06	0
5.6337e+06	0
5.6338e+06	0
5.6339e+06	0
5.634e+06	0
5.6341e+06	0
5.6342e+06	0
5.6343e+06	0
5.6344e+06	0
5.6345e+06	0
5.6346e+06	0
5.6347e+06	0
5.6348e+06	0
5.6349e+06	0
5.635e+06	0
5.6351e+06	0
5.6352e+06	0
5.6353e+06	0
5.6354e+06	0
5.6355e+06	0
5.6356e+06	0
5.6357e+06	0
5.6358e+06	0
5.6359e+06	0
5.636e+06	0
5.6361e+06	0
5.6362e+06	0
5.6363e+06	0
5.6364e+06	0
5.6365e+06	0
5.6366e+06	0
5.6367e+06	0
5.6368e+06	0
5.6369e+06	0
5.637e+06	0
5.6371e+06	0
5.6372e+06	0
5.6373e+06	0
5.6374e+06	0
5.6375e+06	0
5.6376e+06	0
5.6377e+06	0
5.6378e+06	0
5.6379e+06	0
5.638e+06	0
5.6381e+06	0
5.6382e+06	0
5.6383e+06	0
5.6384e+06	0
5.6385e+06	0
5.6386e+06	0
5.6387e+06	0
5.6388e+06	0
5.6389e+06	0
5.639e+06	0
5.6391e+06	0
5.6392e+06	0
5.6393e+06	0
5.6394e+06	0
5.6395e+06	0
5.6396e+06	0
5.6397e+06	0
5.6398e+06	0
5.6399e+06	0
5.64e+06	0
5.6401e+06	0
5.6402e+06	0
5.6403e+06	0
5.6404e+06	0
5.6405e+06	0
5.6406e+06	0
5.6407e+06	0
5.6408e+06	0
5.6409e+06	0
5.641e+06	0
5.6411e+06	0
5.6412e+06	0
5.6413e+06	0
5.6414e+06	0
5.6415e+06	0
5.6416e+06	0
5.6417e+06	0
5.6418e+06	0
5.6419e+06	0
5.642e+06	0
5.6421e+06	0
5.6422e+06	0
5.6423e+06	0
5.6424e+06	0
5.6425e+06	0
5.6426e+06	0
5.6427e+06	0
5.6428e+06	0
5.6429e+06	0
5.643e+06	0
5.6431e+06	0
5.6432e+06	0
5.6433e+06	0
5.6434e+06	0
5.6435e+06	0
5.6436e+06	0
5.6437e+06	0
5.6438e+06	0
5.6439e+06	0
5.644e+06	0
5.6441e+06	0
5.6442e+06	0
5.6443e+06	0
5.6444e+06	0
5.6445e+06	0
5.6446e+06	0
5.6447e+06	0
5.6448e+06	0
5.6449e+06	0
5.645e+06	0
5.6451e+06	0
5.6452e+06	0
5.6453e+06	0
5.6454e+06	0
5.6455e+06	0
5.6456e+06	0
5.6457e+06	0
5.6458e+06	0
5.6459e+06	0
5.646e+06	0
5.6461e+06	0
5.6462e+06	0
5.6463e+06	0
5.6464e+06	0
5.6465e+06	0
5.6466e+06	0
5.6467e+06	0
5.6468e+06	0
5.6469e+06	0
5.647e+06	0
5.6471e+06	0
5.6472e+06	0
5.6473e+06	0
5.6474e+06	0
5.6475e+06	0
5.6476e+06	0
5.6477e+06	0
5.6478e+06	0
5.6479e+06	0
5.648e+06	0
5.6481e+06	0
5.6482e+06	0
5.6483e+06	0
5.6484e+06	0
5.6485e+06	0
5.6486e+06	0
5.6487e+06	0
5.6488e+06	0
5.6489e+06	0
5.649e+06	0
5.6491e+06	0
5.6492e+06	0
5.6493e+06	0
5.6494e+06	0
5.6495e+06	0
5.6496e+06	0
5.6497e+06	0
5.6498e+06	0
5.6499e+06	0
5.65e+06	0
5.6501e+06	0
5.6502e+06	0
5.6503e+06	0
5.6504e+06	0
5.6505e+06	0
5.6506e+06	0
5.6507e+06	0
5.6508e+06	0
5.6509e+06	0
5.651e+06	0
5.6511e+06	0
5.6512e+06	0
5.6513e+06	0
5.6514e+06	0
5.6515e+06	0
5.6516e+06	0
5.6517e+06	0
5.6518e+06	0
5.6519e+06	0
5.652e+06	0
5.6521e+06	0
5.6522e+06	0
5.6523e+06	0
5.6524e+06	0
5.6525e+06	0
5.6526e+06	0
5.6527e+06	0
5.6528e+06	0
5.6529e+06	0
5.653e+06	0
5.6531e+06	0
5.6532e+06	0
5.6533e+06	0
5.6534e+06	0
5.6535e+06	0
5.6536e+06	0
5.6537e+06	0
5.6538e+06	0
5.6539e+06	0
5.654e+06	0
5.6541e+06	0
5.6542e+06	0
5.6543e+06	0
5.6544e+06	0
5.6545e+06	0
5.6546e+06	0
5.6547e+06	0
5.6548e+06	0
5.6549e+06	0
5.655e+06	0
5.6551e+06	0
5.6552e+06	0
5.6553e+06	0
5.6554e+06	0
5.6555e+06	0
5.6556e+06	0
5.6557e+06	0
5.6558e+06	0
5.6559e+06	0
5.656e+06	0
5.6561e+06	0
5.6562e+06	0
5.6563e+06	0
5.6564e+06	0
5.6565e+06	0
5.6566e+06	0
5.6567e+06	0
5.6568e+06	0
5.6569e+06	0
5.657e+06	0
5.6571e+06	0
5.6572e+06	0
5.6573e+06	0
5.6574e+06	0
5.6575e+06	0
5.6576e+06	0
5.6577e+06	0
5.6578e+06	0
5.6579e+06	0
5.658e+06	0
5.6581e+06	0
5.6582e+06	0
5.6583e+06	0
5.6584e+06	0
5.6585e+06	0
5.6586e+06	0
5.6587e+06	0
5.6588e+06	0
5.6589e+06	0
5.659e+06	0
5.6591e+06	0
5.6592e+06	0
5.6593e+06	0
5.6594e+06	0
5.6595e+06	0
5.6596e+06	0
5.6597e+06	0
5.6598e+06	0
5.6599e+06	0
5.66e+06	0
5.6601e+06	0
5.6602e+06	0
5.6603e+06	0
5.6604e+06	0
5.6605e+06	0
5.6606e+06	0
5.6607e+06	0
5.6608e+06	0
5.6609e+06	0
5.661e+06	0
5.6611e+06	0
5.6612e+06	0
5.6613e+06	0
5.6614e+06	0
5.6615e+06	0
5.6616e+06	0
5.6617e+06	0
5.6618e+06	0
5.6619e+06	0
5.662e+06	0
5.6621e+06	0
5.6622e+06	0
5.6623e+06	0
5.6624e+06	0
5.6625e+06	0
5.6626e+06	0
5.6627e+06	0
5.6628e+06	0
5.6629e+06	0
5.663e+06	0
5.6631e+06	0
5.6632e+06	0
5.6633e+06	0
5.6634e+06	0
5.6635e+06	0
5.6636e+06	0
5.6637e+06	0
5.6638e+06	0
5.6639e+06	0
5.664e+06	0
5.6641e+06	0
5.6642e+06	0
5.6643e+06	0
5.6644e+06	0
5.6645e+06	0
5.6646e+06	0
5.6647e+06	0
5.6648e+06	0
5.6649e+06	0
5.665e+06	0
5.6651e+06	0
5.6652e+06	0
5.6653e+06	0
5.6654e+06	0
5.6655e+06	0
5.6656e+06	0
5.6657e+06	0
5.6658e+06	0
5.6659e+06	0
5.666e+06	0
5.6661e+06	0
5.6662e+06	0
5.6663e+06	0
5.6664e+06	0
5.6665e+06	0
5.6666e+06	0
5.6667e+06	0
5.6668e+06	0
5.6669e+06	0
5.667e+06	0
5.6671e+06	0
5.6672e+06	0
5.6673e+06	0
5.6674e+06	0
5.6675e+06	0
5.6676e+06	0
5.6677e+06	0
5.6678e+06	0
5.6679e+06	0
5.668e+06	0
5.6681e+06	0
5.6682e+06	0
5.6683e+06	0
5.6684e+06	0
5.6685e+06	0
5.6686e+06	0
5.6687e+06	0
5.6688e+06	0
5.6689e+06	0
5.669e+06	0
5.6691e+06	0
5.6692e+06	0
5.6693e+06	0
5.6694e+06	0
5.6695e+06	0
5.6696e+06	0
5.6697e+06	0
5.6698e+06	0
5.6699e+06	0
5.67e+06	0
5.6701e+06	0
5.6702e+06	0
5.6703e+06	0
5.6704e+06	0
5.6705e+06	0
5.6706e+06	0
5.6707e+06	0
5.6708e+06	0
5.6709e+06	0
5.671e+06	0
5.6711e+06	0
5.6712e+06	0
5.6713e+06	0
5.6714e+06	0
5.6715e+06	0
5.6716e+06	0
5.6717e+06	0
5.6718e+06	0
5.6719e+06	0
5.672e+06	0
5.6721e+06	0
5.6722e+06	0
5.6723e+06	0
5.6724e+06	0
5.6725e+06	0
5.6726e+06	0
5.6727e+06	0
5.6728e+06	0
5.6729e+06	0
5.673e+06	0
5.6731e+06	0
5.6732e+06	0
5.6733e+06	0
5.6734e+06	0
5.6735e+06	0
5.6736e+06	0
5.6737e+06	0
5.6738e+06	0
5.6739e+06	0
5.674e+06	0
5.6741e+06	0
5.6742e+06	0
5.6743e+06	0
5.6744e+06	0
5.6745e+06	0
5.6746e+06	0
5.6747e+06	0
5.6748e+06	0
5.6749e+06	0
5.675e+06	0
5.6751e+06	0
5.6752e+06	0
5.6753e+06	0
5.6754e+06	0
5.6755e+06	0
5.6756e+06	0
5.6757e+06	0
5.6758e+06	0
5.6759e+06	0
5.676e+06	0
5.6761e+06	0
5.6762e+06	0
5.6763e+06	0
5.6764e+06	0
5.6765e+06	0
5.6766e+06	0
5.6767e+06	0
5.6768e+06	0
5.6769e+06	0
5.677e+06	0
5.6771e+06	0
5.6772e+06	0
5.6773e+06	0
5.6774e+06	0
5.6775e+06	0
5.6776e+06	0
5.6777e+06	0
5.6778e+06	0
5.6779e+06	0
5.678e+06	0
5.6781e+06	0
5.6782e+06	0
5.6783e+06	0
5.6784e+06	0
5.6785e+06	0
5.6786e+06	0
5.6787e+06	0
5.6788e+06	0
5.6789e+06	0
5.679e+06	0
5.6791e+06	0
5.6792e+06	0
5.6793e+06	0
5.6794e+06	0
5.6795e+06	0
5.6796e+06	0
5.6797e+06	0
5.6798e+06	0
5.6799e+06	0
5.68e+06	0
5.6801e+06	0
5.6802e+06	0
5.6803e+06	0
5.6804e+06	0
5.6805e+06	0
5.6806e+06	0
5.6807e+06	0
5.6808e+06	0
5.6809e+06	0
5.681e+06	0
5.6811e+06	0
5.6812e+06	0
5.6813e+06	0
5.6814e+06	0
5.6815e+06	0
5.6816e+06	0
5.6817e+06	0
5.6818e+06	0
5.6819e+06	0
5.682e+06	0
5.6821e+06	0
5.6822e+06	0
5.6823e+06	0
5.6824e+06	0
5.6825e+06	0
5.6826e+06	0
5.6827e+06	0
5.6828e+06	0
5.6829e+06	0
5.683e+06	0
5.6831e+06	0
5.6832e+06	0
5.6833e+06	0
5.6834e+06	0
5.6835e+06	0
5.6836e+06	0
5.6837e+06	0
5.6838e+06	0
5.6839e+06	0
5.684e+06	0
5.6841e+06	0
5.6842e+06	0
5.6843e+06	0
5.6844e+06	0
5.6845e+06	0
5.6846e+06	0
5.6847e+06	0
5.6848e+06	0
5.6849e+06	0
5.685e+06	0
5.6851e+06	0
5.6852e+06	0
5.6853e+06	0
5.6854e+06	0
5.6855e+06	0
5.6856e+06	0
5.6857e+06	0
5.6858e+06	0
5.6859e+06	0
5.686e+06	0
5.6861e+06	0
5.6862e+06	0
5.6863e+06	0
5.6864e+06	0
5.6865e+06	0
5.6866e+06	0
5.6867e+06	0
5.6868e+06	0
5.6869e+06	0
5.687e+06	0
5.6871e+06	0
5.6872e+06	0
5.6873e+06	0
5.6874e+06	0
5.6875e+06	0
5.6876e+06	0
5.6877e+06	0
5.6878e+06	0
5.6879e+06	0
5.688e+06	0
5.6881e+06	0
5.6882e+06	0
5.6883e+06	0
5.6884e+06	0
5.6885e+06	0
5.6886e+06	0
5.6887e+06	0
5.6888e+06	0
5.6889e+06	0
5.689e+06	0
5.6891e+06	0
5.6892e+06	0
5.6893e+06	0
5.6894e+06	0
5.6895e+06	0
5.6896e+06	0
5.6897e+06	0
5.6898e+06	0
5.6899e+06	0
5.69e+06	0
5.6901e+06	0
5.6902e+06	0
5.6903e+06	0
5.6904e+06	0
5.6905e+06	0
5.6906e+06	0
5.6907e+06	0
5.6908e+06	0
5.6909e+06	0
5.691e+06	0
5.6911e+06	0
5.6912e+06	0
5.6913e+06	0
5.6914e+06	0
5.6915e+06	0
5.6916e+06	0
5.6917e+06	0
5.6918e+06	0
5.6919e+06	0
5.692e+06	0
5.6921e+06	0
5.6922e+06	0
5.6923e+06	0
5.6924e+06	0
5.6925e+06	0
5.6926e+06	0
5.6927e+06	0
5.6928e+06	0
5.6929e+06	0
5.693e+06	0
5.6931e+06	0
5.6932e+06	0
5.6933e+06	0
5.6934e+06	0
5.6935e+06	0
5.6936e+06	0
5.6937e+06	0
5.6938e+06	0
5.6939e+06	0
5.694e+06	0
5.6941e+06	0
5.6942e+06	0
5.6943e+06	0
5.6944e+06	0
5.6945e+06	0
5.6946e+06	0
5.6947e+06	0
5.6948e+06	0
5.6949e+06	0
5.695e+06	0
5.6951e+06	0
5.6952e+06	0
5.6953e+06	0
5.6954e+06	0
5.6955e+06	0
5.6956e+06	0
5.6957e+06	0
5.6958e+06	0
5.6959e+06	0
5.696e+06	0
5.6961e+06	0
5.6962e+06	0
5.6963e+06	0
5.6964e+06	0
5.6965e+06	0
5.6966e+06	0
5.6967e+06	0
5.6968e+06	0
5.6969e+06	0
5.697e+06	0
5.6971e+06	0
5.6972e+06	0
5.6973e+06	0
5.6974e+06	0
5.6975e+06	0
5.6976e+06	0
5.6977e+06	0
5.6978e+06	0
5.6979e+06	0
5.698e+06	0
5.6981e+06	0
5.6982e+06	0
5.6983e+06	0
5.6984e+06	0
5.6985e+06	0
5.6986e+06	0
5.6987e+06	0
5.6988e+06	0
5.6989e+06	0
5.699e+06	0
5.6991e+06	0
5.6992e+06	0
5.6993e+06	0
5.6994e+06	0
5.6995e+06	0
5.6996e+06	0
5.6997e+06	0
5.6998e+06	0
5.6999e+06	0
5.7e+06	0
5.7001e+06	0
5.7002e+06	0
5.7003e+06	0
5.7004e+06	0
5.7005e+06	0
5.7006e+06	0
5.7007e+06	0
5.7008e+06	0
5.7009e+06	0
5.701e+06	0
5.7011e+06	0
5.7012e+06	0
5.7013e+06	0
5.7014e+06	0
5.7015e+06	0
5.7016e+06	0
5.7017e+06	0
5.7018e+06	0
5.7019e+06	0
5.702e+06	0
5.7021e+06	0
5.7022e+06	0
5.7023e+06	0
5.7024e+06	0
5.7025e+06	0
5.7026e+06	0
5.7027e+06	0
5.7028e+06	0
5.7029e+06	0
5.703e+06	0
5.7031e+06	0
5.7032e+06	0
5.7033e+06	0
5.7034e+06	0
5.7035e+06	0
5.7036e+06	0
5.7037e+06	0
5.7038e+06	0
5.7039e+06	0
5.704e+06	0
5.7041e+06	0
5.7042e+06	0
5.7043e+06	0
5.7044e+06	0
5.7045e+06	0
5.7046e+06	0
5.7047e+06	0
5.7048e+06	0
5.7049e+06	0
5.705e+06	0
5.7051e+06	0
5.7052e+06	0
5.7053e+06	0
5.7054e+06	0
5.7055e+06	0
5.7056e+06	0
5.7057e+06	0
5.7058e+06	0
5.7059e+06	0
5.706e+06	0
5.7061e+06	0
5.7062e+06	0
5.7063e+06	0
5.7064e+06	0
5.7065e+06	0
5.7066e+06	0
5.7067e+06	0
5.7068e+06	0
5.7069e+06	0
5.707e+06	0
5.7071e+06	0
5.7072e+06	0
5.7073e+06	0
5.7074e+06	0
5.7075e+06	0
5.7076e+06	0
5.7077e+06	0
5.7078e+06	0
5.7079e+06	0
5.708e+06	0
5.7081e+06	0
5.7082e+06	0
5.7083e+06	0
5.7084e+06	0
5.7085e+06	0
5.7086e+06	0
5.7087e+06	0
5.7088e+06	0
5.7089e+06	0
5.709e+06	0
5.7091e+06	0
5.7092e+06	0
5.7093e+06	0
5.7094e+06	0
5.7095e+06	0
5.7096e+06	0
5.7097e+06	0
5.7098e+06	0
5.7099e+06	0
5.71e+06	4.94066e-324
5.7101e+06	1.87745e-322
5.7102e+06	8.65603e-321
5.7103e+06	3.97426e-319
5.7104e+06	1.80697e-317
5.7105e+06	8.134e-316
5.7106e+06	3.62505e-314
5.7107e+06	1.59949e-312
5.7108e+06	6.98723e-311
5.7109e+06	3.02194e-309
5.711e+06	1.29397e-307
5.7111e+06	5.48553e-306
5.7112e+06	2.30235e-304
5.7113e+06	9.56709e-303
5.7114e+06	3.93592e-301
5.7115e+06	1.60313e-299
5.7116e+06	6.46472e-298
5.7117e+06	2.581e-296
5.7118e+06	1.02019e-294
5.7119e+06	3.99239e-293
5.712e+06	1.54683e-291
5.7121e+06	5.93345e-290
5.7122e+06	2.25336e-288
5.7123e+06	8.47246e-287
5.7124e+06	3.15389e-285
5.7125e+06	1.16236e-283
5.7126e+06	4.24122e-282
5.7127e+06	1.53214e-280
5.7128e+06	5.47979e-279
5.7129e+06	1.94038e-277
5.713e+06	6.80245e-276
5.7131e+06	2.36103e-274
5.7132e+06	8.11325e-273
5.7133e+06	2.76023e-271
5.7134e+06	9.2972e-270
5.7135e+06	3.10039e-268
5.7136e+06	1.02362e-266
5.7137e+06	3.34593e-265
5.7138e+06	1.08281e-263
5.7139e+06	3.46932e-262
5.714e+06	1.10051e-260
5.7141e+06	3.45622e-259
5.7142e+06	1.07464e-257
5.7143e+06	3.30815e-256
5.7144e+06	1.00824e-254
5.7145e+06	3.04228e-253
5.7146e+06	9.08847e-252
5.7147e+06	2.68806e-250
5.7148e+06	7.87129e-249
5.7149e+06	2.28196e-247
5.715e+06	6.54982e-246
5.7151e+06	1.86126e-244
5.7152e+06	5.2365e-243
5.7153e+06	1.45859e-241
5.7154e+06	4.02236e-240
5.7155e+06	1.09821e-238
5.7156e+06	2.96858e-237
5.7157e+06	7.94453e-236
5.7158e+06	2.10496e-234
5.7159e+06	5.52177e-233
5.716e+06	1.43407e-231
5.7161e+06	3.68737e-230
5.7162e+06	9.3869e-229
5.7163e+06	2.36583e-227
5.7164e+06	5.90341e-226
5.7165e+06	1.45841e-224
5.7166e+06	3.56707e-223
5.7167e+06	8.63778e-222
5.7168e+06	2.07085e-220
5.7169e+06	4.91534e-219
5.717e+06	1.15509e-217
5.7171e+06	2.68741e-216
5.7172e+06	6.19026e-215
5.7173e+06	1.4117e-213
5.7174e+06	3.18736e-212
5.7175e+06	7.12488e-211
5.7176e+06	1.57682e-209
5.7177e+06	3.45495e-208
5.7178e+06	7.49479e-207
5.7179e+06	1.60966e-205
5.718e+06	3.42268e-204
5.7181e+06	7.20535e-203
5.7182e+06	1.50176e-201
5.7183e+06	3.09888e-200
5.7184e+06	6.33088e-199
5.7185e+06	1.28051e-197
5.7186e+06	2.56422e-196
5.7187e+06	5.08378e-195
5.7188e+06	9.97873e-194
5.7189e+06	1.93919e-192
5.719e+06	3.73098e-191
5.7191e+06	7.10694e-190
5.7192e+06	1.34029e-188
5.7193e+06	2.50249e-187
5.7194e+06	4.62597e-186
5.7195e+06	8.46624e-185
5.7196e+06	1.53404e-183
5.7197e+06	2.75193e-182
5.7198e+06	4.88761e-181
5.7199e+06	8.59433e-180
5.72e+06	1.49618e-178
5.7201e+06	2.57879e-177
5.7202e+06	4.4005e-176
5.7203e+06	7.43441e-175
5.7204e+06	1.24351e-173
5.7205e+06	2.05923e-172
5.7206e+06	3.37615e-171
5.7207e+06	5.48016e-170
5.7208e+06	8.8069e-169
5.7209e+06	1.40123e-167
5.721e+06	2.20726e-166
5.7211e+06	3.44234e-165
5.7212e+06	5.3151e-164
5.7213e+06	8.12505e-163
5.7214e+06	1.2297e-161
5.7215e+06	1.84258e-160
5.7216e+06	2.73346e-159
5.7217e+06	4.01472e-158
5.7218e+06	5.83788e-157
5.7219e+06	8.40451e-156
5.722e+06	1.19792e-154
5.7221e+06	1.69043e-153
5.7222e+06	2.36171e-152
5.7223e+06	3.26671e-151
5.7224e+06	4.47356e-150
5.7225e+06	6.0653e-149
5.7226e+06	8.14159e-148
5.7227e+06	1.08199e-146
5.7228e+06	1.42362e-145
5.7229e+06	1.85447e-144
5.723e+06	2.39169e-143
5.7231e+06	3.05385e-142
5.7232e+06	3.86052e-141
5.7233e+06	4.83172e-140
5.7234e+06	5.98707e-139
5.7235e+06	7.34487e-138
5.7236e+06	8.92096e-137
5.7237e+06	1.07274e-135
5.7238e+06	1.27713e-134
5.7239e+06	1.50534e-133
5.724e+06	1.75667e-132
5.7241e+06	2.02956e-131
5.7242e+06	2.32152e-130
5.7243e+06	2.62904e-129
5.7244e+06	2.94769e-128
5.7245e+06	3.27207e-127
5.7246e+06	3.596e-126
5.7247e+06	3.91268e-125
5.7248e+06	4.21489e-124
5.7249e+06	4.49526e-123
5.725e+06	4.74658e-122
5.7251e+06	4.96208e-121
5.7252e+06	5.13574e-120
5.7253e+06	5.2626e-119
5.7254e+06	5.33893e-118
5.7255e+06	5.36248e-117
5.7256e+06	5.33253e-116
5.7257e+06	5.25e-115
5.7258e+06	5.1173e-114
5.7259e+06	4.93834e-113
5.726e+06	4.71821e-112
5.7261e+06	4.46304e-111
5.7262e+06	4.17966e-110
5.7263e+06	3.87533e-109
5.7264e+06	3.55741e-108
5.7265e+06	3.23307e-107
5.7266e+06	2.90907e-106
5.7267e+06	2.59149e-105
5.7268e+06	2.28562e-104
5.7269e+06	1.99578e-103
5.727e+06	1.72536e-102
5.7271e+06	1.47674e-101
5.7272e+06	1.25137e-100
5.7273e+06	1.04984e-99
5.7274e+06	8.72007e-99
5.7275e+06	7.17088e-98
5.7276e+06	5.83824e-97
5.7277e+06	4.70596e-96
5.7278e+06	3.75554e-95
5.7279e+06	2.96724e-94
5.728e+06	2.32109e-93
5.7281e+06	1.79757e-92
5.7282e+06	1.37828e-91
5.7283e+06	1.04628e-90
5.7284e+06	7.86347e-90
5.7285e+06	5.8511e-89
5.7286e+06	4.31041e-88
5.7287e+06	3.14381e-87
5.7288e+06	2.27013e-86
5.7289e+06	1.62294e-85
5.729e+06	1.14871e-84
5.7291e+06	8.04967e-84
5.7292e+06	5.58472e-83
5.7293e+06	3.83603e-82
5.7294e+06	2.60867e-81
5.7295e+06	1.75636e-80
5.7296e+06	1.17075e-79
5.7297e+06	7.72636e-79
5.7298e+06	5.04825e-78
5.7299e+06	3.26561e-77
5.73e+06	2.09144e-76
5.7301e+06	1.32612e-75
5.7302e+06	8.32488e-75
5.7303e+06	5.17404e-74
5.7304e+06	3.18375e-73
5.7305e+06	1.93957e-72
5.7306e+06	1.16985e-71
5.7307e+06	6.98572e-71
5.7308e+06	4.13e-70
5.7309e+06	2.41738e-69
5.731e+06	1.40087e-68
5.7311e+06	8.03727e-68
5.7312e+06	4.56537e-67
5.7313e+06	2.56744e-66
5.7314e+06	1.4295e-65
5.7315e+06	7.87994e-65
5.7316e+06	4.30051e-64
5.7317e+06	2.32367e-63
5.7318e+06	1.24304e-62
5.7319e+06	6.58349e-62
5.732e+06	3.4521e-61
5.7321e+06	1.79212e-60
5.7322e+06	9.21107e-60
5.7323e+06	4.68716e-59
5.7324e+06	2.36139e-58
5.7325e+06	1.17783e-57
5.7326e+06	5.81641e-57
5.7327e+06	2.84371e-56
5.7328e+06	1.37649e-55
5.7329e+06	6.59659e-55
5.733e+06	3.12985e-54
5.7331e+06	1.47023e-53
5.7332e+06	6.83763e-53
5.7333e+06	3.14835e-52
5.7334e+06	1.43522e-51
5.7335e+06	6.4776e-51
5.7336e+06	2.89446e-50
5.7337e+06	1.2805e-49
5.7338e+06	5.60851e-49
5.7339e+06	2.43207e-48
5.734e+06	1.04415e-47
5.7341e+06	4.43821e-47
5.7342e+06	1.86772e-46
5.7343e+06	7.78173e-46
5.7344e+06	3.20995e-45
5.7345e+06	1.31093e-44
5.7346e+06	5.30055e-44
5.7347e+06	2.12188e-43
5.7348e+06	8.40973e-43
5.7349e+06	3.29991e-42
5.735e+06	1.28198e-41
5.7351e+06	4.93086e-41
5.7352e+06	1.87769e-40
5.7353e+06	7.07922e-40
5.7354e+06	2.64246e-39
5.7355e+06	9.76543e-39
5.7356e+06	3.57303e-38
5.7357e+06	1.29432e-37
5.7358e+06	4.64207e-37
5.7359e+06	1.64832e-36
5.736e+06	5.79477e-36
5.7361e+06	2.01694e-35
5.7362e+06	6.95044e-35
5.7363e+06	2.37135e-34
5.7364e+06	8.01022e-34
5.7365e+06	2.6789e-33
5.7366e+06	8.87023e-33
5.7367e+06	2.90789e-32
5.7368e+06	9.43818e-32
5.7369e+06	3.03295e-31
5.737e+06	9.6496e-31
5.7371e+06	3.03964e-30
5.7372e+06	9.47989e-30
5.7373e+06	2.92721e-29
5.7374e+06	8.94902e-29
5.7375e+06	2.70875e-28
5.7376e+06	8.1177e-28
5.7377e+06	2.40864e-27
5.7378e+06	7.07593e-27
5.7379e+06	2.05812e-26
5.738e+06	5.927e-26
5.7381e+06	1.68996e-25
5.7382e+06	4.77087e-25
5.7383e+06	1.33352e-24
5.7384e+06	3.69047e-24
5.7385e+06	1.01123e-23
5.7386e+06	2.74347e-23
5.7387e+06	7.36951e-23
5.7388e+06	1.96004e-22
5.7389e+06	5.16159e-22
5.739e+06	1.34584e-21
5.7391e+06	3.47456e-21
5.7392e+06	8.88184e-21
5.7393e+06	2.24805e-20
5.7394e+06	5.63393e-20
5.7395e+06	1.39805e-19
5.7396e+06	3.43512e-19
5.7397e+06	8.35741e-19
5.7398e+06	2.01334e-18
5.7399e+06	4.80264e-18
5.74e+06	1.1344e-17
5.7401e+06	2.65324e-17
5.7402e+06	6.14493e-17
5.7403e+06	1.40926e-16
5.7404e+06	3.2004e-16
5.7405e+06	7.19715e-16
5.7406e+06	1.60275e-15
5.7407e+06	3.53447e-15
5.7408e+06	7.71865e-15
5.7409e+06	1.66926e-14
5.741e+06	3.57501e-14
5.7411e+06	7.5824e-14
5.7412e+06	1.59265e-13
5.7413e+06	3.31303e-13
5.7414e+06	6.82539e-13
5.7415e+06	1.39263e-12
5.7416e+06	2.8142e-12
5.7417e+06	5.63245e-12
5.7418e+06	1.11652e-11
5.7419e+06	2.19218e-11
5.742e+06	4.26315e-11
5.7421e+06	8.21187e-11
5.7422e+06	1.56682e-10
5.7423e+06	2.96121e-10
5.7424e+06	5.54375e-10
5.7425e+06	1.0281e-09
5.7426e+06	1.88872e-09
5.7427e+06	3.4373e-09
5.7428e+06	6.19715e-09
5.7429e+06	1.10688e-08
5.743e+06	1.95866e-08
5.7431e+06	3.43379e-08
5.7432e+06	5.96423e-08
5.7433e+06	1.02639e-07
5.7434e+06	1.75009e-07
5.7435e+06	2.9567e-07
5.7436e+06	4.9495e-07
5.7437e+06	8.2098e-07
5.7438e+06	1.34937e-06
5.7439e+06	2.19768e-06
5.744e+06	3.54684e-06
5.7441e+06	5.67246e-06
5.7442e+06	8.99001e-06
5.7443e+06	1.41193e-05
5.7444e+06	2.19755e-05
5.7445e+06	3.38955e-05
5.7446e+06	5.18115e-05
5.7447e+06	7.84865e-05
5.7448e+06	0.000117829
5.7449e+06	0.000175307
5.745e+06	0.000258486
5.7451e+06	0.000377718
5.7452e+06	0.000547001
5.7453e+06	0.000785054
5.7454e+06	0.0011166
5.7455e+06	0.00157392
5.7456e+06	0.00219861
5.7457e+06	0.00304361
5.7458e+06	0.00417542
5.7459e+06	0.00567647
5.746e+06	0.0076474
5.7461e+06	0.0102094
5.7462e+06	0.0135062
5.7463e+06	0.0177051
5.7464e+06	0.022998
5.7465e+06	0.0296005
5.7466e+06	0.03775
5.7467e+06	0.0477015
5.7468e+06	0.0597221
5.7469e+06	0.0740827
5.747e+06	0.0910471
5.7471e+06	0.11086
5.7472e+06	0.133729
5.7473e+06	0.159815
5.7474e+06	0.189206
5.7475e+06	0.221906
5.7476e+06	0.257815
5.7477e+06	0.296718
5.7478e+06	0.338273
5.7479e+06	0.382003
5.748e+06	0.427302
5.7481e+06	0.473436
5.7482e+06	0.519562
5.7483e+06	0.564749
5.7484e+06	0.608005
5.7485e+06	0.648311
5.7486e+06	0.684665
5.7487e+06	0.716114
5.7488e+06	0.741806
5.7489e+06	0.761017
5.749e+06	0.773194
5.7491e+06	0.777976
5.7492e+06	0.775214
5.7493e+06	0.764979
5.7494e+06	0.747557
5.7495e+06	0.723437
5.7496e+06	0.693289
5.7497e+06	0.657931
5.7498e+06	0.618293
5.7499e+06	0.575377
5.75e+06	0.530214
5.7501e+06	0.483823
5.7502e+06	0.437174
5.7503e+06	0.391159
5.7504e+06	0.34656
5.7505e+06	0.304038
5.7506e+06	0.264119
5.7507e+06	0.227191
5.7508e+06	0.193508
5.7509e+06	0.1632
5.751e+06	0.136288
5.7511e+06	0.112695
5.7512e+06	0.0922702
5.7513e+06	0.0748043
5.7514e+06	0.060048
5.7515e+06	0.0477283
5.7516e+06	0.0375628
5.7517e+06	0.0292714
5.7518e+06	0.0225857
5.7519e+06	0.0172553
5.752e+06	0.0130531
5.7521e+06	0.00977703
5.7522e+06	0.00725103
5.7523e+06	0.00532466
5.7524e+06	0.00387154
5.7525e+06	0.00278725
5.7526e+06	0.00198685
5.7527e+06	0.00140235
5.7528e+06	0.000980042
5.7529e+06	0.000678162
5.753e+06	0.000464645
5.7531e+06	0.000315216
5.7532e+06	0.000211737
5.7533e+06	0.000140826
5.7534e+06	9.27413e-05
5.7535e+06	6.04733e-05
5.7536e+06	3.90441e-05
5.7537e+06	2.49603e-05
5.7538e+06	1.57997e-05
5.7539e+06	9.90259e-06
5.754e+06	6.14547e-06
5.7541e+06	3.7763e-06
5.7542e+06	2.29765e-06
5.7543e+06	1.38423e-06
5.7544e+06	8.25735e-07
5.7545e+06	4.87733e-07
5.7546e+06	2.85256e-07
5.7547e+06	1.65195e-07
5.7548e+06	9.47266e-08
5.7549e+06	5.37849e-08
5.755e+06	3.02387e-08
5.7551e+06	1.68338e-08
5.7552e+06	9.27936e-09
5.7553e+06	5.06491e-09
5.7554e+06	2.73744e-09
5.7555e+06	1.46501e-09
5.7556e+06	7.76349e-10
5.7557e+06	4.07378e-10
5.7558e+06	2.11672e-10
5.7559e+06	1.08907e-10
5.756e+06	5.54851e-11
5.7561e+06	2.79915e-11
5.7562e+06	1.39832e-11
5.7563e+06	6.91706e-12
5.7564e+06	3.3882e-12
5.7565e+06	1.64344e-12
5.7566e+06	7.89358e-13
5.7567e+06	3.75435e-13
5.7568e+06	1.76821e-13
5.7569e+06	8.24666e-14
5.757e+06	3.80859e-14
5.7571e+06	1.74179e-14
5.7572e+06	7.88815e-15
5.7573e+06	3.53755e-15
5.7574e+06	1.57102e-15
5.7575e+06	6.90892e-16
5.7576e+06	3.0088e-16
5.7577e+06	1.29757e-16
5.7578e+06	5.54148e-17
5.7579e+06	2.34357e-17
5.758e+06	9.815e-18
5.7581e+06	4.07065e-18
5.7582e+06	1.67186e-18
5.7583e+06	6.79985e-19
5.7584e+06	2.73883e-19
5.7585e+06	1.09244e-19
5.7586e+06	4.31517e-20
5.7587e+06	1.68798e-20
5.7588e+06	6.53896e-21
5.7589e+06	2.50854e-21
5.759e+06	9.53031e-22
5.7591e+06	3.58565e-22
5.7592e+06	1.33599e-22
5.7593e+06	4.92964e-23
5.7594e+06	1.80138e-23
5.7595e+06	6.51888e-24
5.7596e+06	2.33625e-24
5.7597e+06	8.29176e-25
5.7598e+06	2.91444e-25
5.7599e+06	1.01448e-25
5.76e+06	3.49715e-26
5.7601e+06	1.1939e-26
5.7602e+06	4.03649e-27
5.7603e+06	1.35152e-27
5.7604e+06	4.48153e-28
5.7605e+06	1.47168e-28
5.7606e+06	4.78613e-29
5.7607e+06	1.54149e-29
5.7608e+06	4.91676e-30
5.7609e+06	1.55311e-30
5.761e+06	4.85858e-31
5.7611e+06	1.50522e-31
5.7612e+06	4.61822e-32
5.7613e+06	1.40324e-32
5.7614e+06	4.22253e-33
5.7615e+06	1.25833e-33
5.7616e+06	3.71363e-34
5.7617e+06	1.08539e-34
5.7618e+06	3.14159e-35
5.7619e+06	9.00522e-36
5.762e+06	2.55634e-36
5.7621e+06	7.18653e-37
5.7622e+06	2.00077e-37
5.7623e+06	5.51635e-38
5.7624e+06	1.50619e-38
5.7625e+06	4.07271e-39
5.7626e+06	1.09058e-39
5.7627e+06	2.89205e-40
5.7628e+06	7.59491e-41
5.7629e+06	1.97519e-41
5.763e+06	5.08699e-42
5.7631e+06	1.29742e-42
5.7632e+06	3.2769e-43
5.7633e+06	8.19615e-44
5.7634e+06	2.0301e-44
5.7635e+06	4.97951e-45
5.7636e+06	1.20952e-45
5.7637e+06	2.90936e-46
5.7638e+06	6.93006e-47
5.7639e+06	1.63467e-47
5.764e+06	3.81835e-48
5.7641e+06	8.83227e-49
5.7642e+06	2.0231e-49
5.7643e+06	4.58891e-50
5.7644e+06	1.03074e-50
5.7645e+06	2.29261e-51
5.7646e+06	5.04956e-52
5.7647e+06	1.10133e-52
5.7648e+06	2.3786e-53
5.7649e+06	5.08702e-54
5.765e+06	1.07731e-54
5.7651e+06	2.25918e-55
5.7652e+06	4.6913e-56
5.7653e+06	9.64642e-57
5.7654e+06	1.96412e-57
5.7655e+06	3.96003e-58
5.7656e+06	7.90595e-59
5.7657e+06	1.56291e-59
5.7658e+06	3.0594e-60
5.7659e+06	5.93008e-61
5.766e+06	1.13816e-61
5.7661e+06	2.16304e-62
5.7662e+06	4.07045e-63
5.7663e+06	7.58465e-64
5.7664e+06	1.3994e-64
5.7665e+06	2.55659e-65
5.7666e+06	4.62478e-66
5.7667e+06	8.2838e-67
5.7668e+06	1.46919e-67
5.7669e+06	2.58007e-68
5.767e+06	4.48632e-69
5.7671e+06	7.7242e-70
5.7672e+06	1.3168e-70
5.7673e+06	2.22273e-71
5.7674e+06	3.71497e-72
5.7675e+06	6.14785e-73
5.7676e+06	1.00737e-73
5.7677e+06	1.63437e-74
5.7678e+06	2.62548e-75
5.7679e+06	4.17601e-76
5.768e+06	6.5767e-77
5.7681e+06	1.02553e-77
5.7682e+06	1.58335e-78
5.7683e+06	2.42047e-79
5.7684e+06	3.66362e-80
5.7685e+06	5.49047e-81
5.7686e+06	8.14698e-82
5.7687e+06	1.19693e-82
5.7688e+06	1.74113e-83
5.7689e+06	2.5077e-84
5.769e+06	3.57606e-85
5.7691e+06	5.04914e-86
5.7692e+06	7.0585e-87
5.7693e+06	9.76989e-88
5.7694e+06	1.3389e-88
5.7695e+06	1.81671e-89
5.7696e+06	2.44065e-90
5.7697e+06	3.2464e-91
5.7698e+06	4.27541e-92
5.7699e+06	5.57483e-93
5.77e+06	7.19717e-94
5.7701e+06	9.19959e-95
5.7702e+06	1.16426e-95
5.7703e+06	1.45884e-96
5.7704e+06	1.80985e-97
5.7705e+06	2.22304e-98
5.7706e+06	2.70351e-99
5.7707e+06	3.25523e-100
5.7708e+06	3.88067e-101
5.7709e+06	4.58041e-102
5.771e+06	5.35271e-103
5.7711e+06	6.19319e-104
5.7712e+06	7.09456e-105
5.7713e+06	8.0465e-106
5.7714e+06	9.03562e-107
5.7715e+06	1.00457e-107
5.7716e+06	1.10578e-108
5.7717e+06	1.20511e-109
5.7718e+06	1.30033e-110
5.7719e+06	1.38914e-111
5.772e+06	1.4693e-112
5.7721e+06	1.53865e-113
5.7722e+06	1.59527e-114
5.7723e+06	1.63756e-115
5.7724e+06	1.66428e-116
5.7725e+06	1.67464e-117
5.7726e+06	1.66833e-118
5.7727e+06	1.64554e-119
5.7728e+06	1.60694e-120
5.7729e+06	1.55365e-121
5.773e+06	1.48722e-122
5.7731e+06	1.40948e-123
5.7732e+06	1.32254e-124
5.7733e+06	1.22863e-125
5.7734e+06	1.13005e-126
5.7735e+06	1.02905e-127
5.7736e+06	9.27772e-129
5.7737e+06	8.28147e-130
5.7738e+06	7.31875e-131
5.7739e+06	6.40366e-132
5.774e+06	5.54731e-133
5.7741e+06	4.75772e-134
5.7742e+06	4.03997e-135
5.7743e+06	3.3964e-136
5.7744e+06	2.82697e-137
5.7745e+06	2.32962e-138
5.7746e+06	1.90068e-139
5.7747e+06	1.53531e-140
5.7748e+06	1.22785e-141
5.7749e+06	9.72196e-143
5.775e+06	7.62121e-144
5.7751e+06	5.915e-145
5.7752e+06	4.54513e-146
5.7753e+06	3.45778e-147
5.7754e+06	2.60442e-148
5.7755e+06	1.94215e-149
5.7756e+06	1.43389e-150
5.7757e+06	1.04811e-151
5.7758e+06	7.58511e-153
5.7759e+06	5.43469e-154
5.776e+06	3.85521e-155
5.7761e+06	2.70757e-156
5.7762e+06	1.88266e-157
5.7763e+06	1.29606e-158
5.7764e+06	8.83355e-160
5.7765e+06	5.96081e-161
5.7766e+06	3.98231e-162
5.7767e+06	2.63405e-163
5.7768e+06	1.72493e-164
5.7769e+06	1.11836e-165
5.777e+06	7.17871e-167
5.7771e+06	4.56217e-168
5.7772e+06	2.87049e-169
5.7773e+06	1.78813e-170
5.7774e+06	1.10281e-171
5.7775e+06	6.73381e-173
5.7776e+06	4.0708e-174
5.7777e+06	2.43645e-175
5.7778e+06	1.44376e-176
5.7779e+06	8.47011e-178
5.778e+06	4.91974e-179
5.7781e+06	2.82914e-180
5.7782e+06	1.61073e-181
5.7783e+06	9.0793e-183
5.7784e+06	5.06686e-184
5.7785e+06	2.79952e-185
5.7786e+06	1.53139e-186
5.7787e+06	8.29369e-188
5.7788e+06	4.447e-189
5.7789e+06	2.36072e-190
5.779e+06	1.24074e-191
5.7791e+06	6.45615e-193
5.7792e+06	3.32602e-194
5.7793e+06	1.69642e-195
5.7794e+06	8.56647e-197
5.7795e+06	4.28279e-198
5.7796e+06	2.11988e-199
5.7797e+06	1.03885e-200
5.7798e+06	5.04023e-202
5.7799e+06	2.42107e-203
5.78e+06	1.15139e-204
5.7801e+06	5.42117e-206
5.7802e+06	2.5271e-207
5.7803e+06	1.1663e-208
5.7804e+06	5.32912e-210
5.7805e+06	2.41078e-211
5.7806e+06	1.07974e-212
5.7807e+06	4.78781e-214
5.7808e+06	2.1019e-215
5.7809e+06	9.13578e-217
5.781e+06	3.9313e-218
5.7811e+06	1.67488e-219
5.7812e+06	7.06464e-221
5.7813e+06	2.95021e-222
5.7814e+06	1.21976e-223
5.7815e+06	4.9929e-225
5.7816e+06	2.02343e-226
5.7817e+06	8.11861e-228
5.7818e+06	3.22502e-229
5.7819e+06	1.26835e-230
5.782e+06	4.93863e-232
5.7821e+06	1.90383e-233
5.7822e+06	7.26623e-235
5.7823e+06	2.74566e-236
5.7824e+06	1.02717e-237
5.7825e+06	3.80447e-239
5.7826e+06	1.3951e-240
5.7827e+06	5.0649e-242
5.7828e+06	1.82052e-243
5.7829e+06	6.47854e-245
5.783e+06	2.28253e-246
5.7831e+06	7.96183e-248
5.7832e+06	2.74958e-249
5.7833e+06	9.40107e-251
5.7834e+06	3.18233e-252
5.7835e+06	1.06653e-253
5.7836e+06	3.53878e-255
5.7837e+06	1.1625e-256
5.7838e+06	3.78086e-258
5.7839e+06	1.21743e-259
5.784e+06	3.88112e-261
5.7841e+06	1.22497e-262
5.7842e+06	3.82783e-264
5.7843e+06	1.18423e-265
5.7844e+06	3.62724e-267
5.7845e+06	1.09995e-268
5.7846e+06	3.3024e-270
5.7847e+06	9.81615e-272
5.7848e+06	2.88875e-273
5.7849e+06	8.41661e-275
5.785e+06	2.42785e-276
5.7851e+06	6.93365e-278
5.7852e+06	1.96047e-279
5.7853e+06	5.48802e-281
5.7854e+06	1.521e-282
5.7855e+06	4.17347e-284
5.7856e+06	1.13377e-285
5.7857e+06	3.04936e-287
5.7858e+06	8.11987e-289
5.7859e+06	2.14066e-290
5.786e+06	5.58731e-292
5.7861e+06	1.44383e-293
5.7862e+06	3.6939e-295
5.7863e+06	9.35647e-297
5.7864e+06	2.34637e-298
5.7865e+06	5.82555e-300
5.7866e+06	1.43197e-301
5.7867e+06	3.4849e-303
5.7868e+06	8.39659e-305
5.7869e+06	2.00296e-306
5.787e+06	4.73041e-308
5.7871e+06	1.10607e-309
5.7872e+06	2.5605e-311
5.7873e+06	5.86843e-313
5.7874e+06	1.33161e-314
5.7875e+06	2.9915e-316
5.7876e+06	6.65363e-318
5.7877e+06	1.46515e-319
5.7878e+06	3.19166e-321
5.7879e+06	6.91692e-323
5.788e+06	0
5.7881e+06	0
5.7882e+06	0
5.7883e+06	0
5.7884e+06	0
5.7885e+06	0
5.7886e+06	0
5.7887e+06	0
5.7888e+06	0
5.7889e+06	0
5.789e+06	0
5.7891e+06	0
5.7892e+06	0
5.7893e+06	0
5.7894e+06	0
5.7895e+06	0
5.7896e+06	0
5.7897e+06	0
5.7898e+06	0
5.7899e+06	0
5.79e+06	0
5.7901e+06	0
5.7902e+06	0
5.7903e+06	0
5.7904e+06	0
5.7905e+06	0
5.7906e+06	0
5.7907e+06	0
5.7908e+06	0
5.7909e+06	0
5.791e+06	0
5.7911e+06	0
5.7912e+06	0
5.7913e+06	0
5.7914e+06	0
5.7915e+06	0
5.7916e+06	0
5.7917e+06	0
5.7918e+06	0
5.7919e+06	0
5.792e+06	0
5.7921e+06	0
5.7922e+06	0
5.7923e+06	0
5.7924e+06	0
5.7925e+06	0
5.7926e+06	0
5.7927e+06	0
5.7928e+06	0
5.7929e+06	0
5.793e+06	0
5.7931e+06	0
5.7932e+06	0
5.7933e+06	0
5.7934e+06	0
5.7935e+06	0
5.7936e+06	0
5.7937e+06	0
5.7938e+06	0
5.7939e+06	0
5.794e+06	0
5.7941e+06	0
5.7942e+06	0
5.7943e+06	0
5.7944e+06	0
5.7945e+06	0
5.7946e+06	0
5.7947e+06	0
5.7948e+06	0
5.7949e+06	0
5.795e+06	0
5.7951e+06	0
5.7952e+06	0
5.7953e+06	0
5.7954e+06	0
5.7955e+06	0
5.7956e+06	0
5.7957e+06	0
5.7958e+06	0
5.7959e+06	0
5.796e+06	0
5.7961e+06	0
5.7962e+06	0
5.7963e+06	0
5.7964e+06	0
5.7965e+06	0
5.7966e+06	0
5.7967e+06	0
5.7968e+06	0
5.7969e+06	0
5.797e+06	0
5.7971e+06	0
5.7972e+06	0
5.7973e+06	0
5.7974e+06	0
5.7975e+06	0
5.7976e+06	0
5.7977e+06	0
5.7978e+06	0
5.7979e+06	0
5.798e+06	0
5.7981e+06	0
5.7982e+06	0
5.7983e+06	0
5.7984e+06	0
5.7985e+06	0
5.7986e+06	0
5.7987e+06	0
5.7988e+06	0
5.7989e+06	0
5.799e+06	0
5.7991e+06	0
5.7992e+06	0
5.7993e+06	0
5.7994e+06	0
5.7995e+06	0
5.7996e+06	0
5.7997e+06	0
5.7998e+06	0
5.7999e+06	0
5.8e+06	0
5.8001e+06	0
5.8002e+06	0
5.8003e+06	0
5.8004e+06	0
5.8005e+06	0
5.8006e+06	0
5.8007e+06	0
5.8008e+06	0
5.8009e+06	0
5.801e+06	0
5.8011e+06	0
5.8012e+06	0
5.8013e+06	0
5.8014e+06	0
5.8015e+06	0
5.8016e+06	0
5.8017e+06	0
5.8018e+06	0
5.8019e+06	0
5.802e+06	0
5.8021e+06	0
5.8022e+06	0
5.8023e+06	0
5.8024e+06	0
5.8025e+06	0
5.8026e+06	0
5.8027e+06	0
5.8028e+06	0
5.8029e+06	0
5.803e+06	0
5.8031e+06	0
5.8032e+06	0
5.8033e+06	0
5.8034e+06	0
5.8035e+06	0
5.8036e+06	0
5.8037e+06	0
5.8038e+06	0
5.8039e+06	0
5.804e+06	0
5.8041e+06	0
5.8042e+06	0
5.8043e+06	0
5.8044e+06	0
5.8045e+06	0
5.8046e+06	0
5.8047e+06	0
5.8048e+06	0
5.8049e+06	0
5.805e+06	0
5.8051e+06	0
5.8052e+06	0
5.8053e+06	0
5.8054e+06	0
5.8055e+06	0
5.8056e+06	0
5.8057e+06	0
5.8058e+06	0
5.8059e+06	0
5.806e+06	0
5.8061e+06	0
5.8062e+06	0
5.8063e+06	0
5.8064e+06	0
5.8065e+06	0
5.8066e+06	0
5.8067e+06	0
5.8068e+06	0
5.8069e+06	0
5.807e+06	0
5.8071e+06	0
5.8072e+06	0
5.8073e+06	0
5.8074e+06	0
5.8075e+06	0
5.8076e+06	0
5.8077e+06	0
5.8078e+06	0
5.8079e+06	0
5.808e+06	0
5.8081e+06	0
5.8082e+06	0
5.8083e+06	0
5.8084e+06	0
5.8085e+06	0
5.8086e+06	0
5.8087e+06	0
5.8088e+06	0
5.8089e+06	0
5.809e+06	0
5.8091e+06	0
5.8092e+06	0
5.8093e+06	0
5.8094e+06	0
5.8095e+06	0
5.8096e+06	0
5.8097e+06	0
5.8098e+06	0
5.8099e+06	0
5.81e+06	0
5.8101e+06	0
5.8102e+06	0
5.8103e+06	0
5.8104e+06	0
5.8105e+06	0
5.8106e+06	0
5.8107e+06	0
5.8108e+06	0
5.8109e+06	0
5.811e+06	0
5.8111e+06	0
5.8112e+06	0
5.8113e+06	0
5.8114e+06	0
5.8115e+06	0
5.8116e+06	0
5.8117e+06	0
5.8118e+06	0
5.8119e+06	0
5.812e+06	0
5.8121e+06	0
5.8122e+06	0
5.8123e+06	0
5.8124e+06	0
5.8125e+06	0
5.8126e+06	0
5.8127e+06	0
5.8128e+06	0
5.8129e+06	0
5.813e+06	0
5.8131e+06	0
5.8132e+06	0
5.8133e+06	0
5.8134e+06	0
5.8135e+06	0
5.8136e+06	0
5.8137e+06	0
5.8138e+06	0
5.8139e+06	0
5.814e+06	0
5.8141e+06	0
5.8142e+06	0
5.8143e+06	0
5.8144e+06	0
5.8145e+06	0
5.8146e+06	0
5.8147e+06	0
5.8148e+06	0
5.8149e+06	0
5.815e+06	0
5.8151e+06	0
5.8152e+06	0
5.8153e+06	0
5.8154e+06	0
5.8155e+06	0
5.8156e+06	0
5.8157e+06	0
5.8158e+06	0
5.8159e+06	0
5.816e+06	0
5.8161e+06	0
5.8162e+06	0
5.8163e+06	0
5.8164e+06	0
5.8165e+06	0
5.8166e+06	0
5.8167e+06	0
5.8168e+06	0
5.8169e+06	0
5.817e+06	0
5.8171e+06	0
5.8172e+06	0
5.8173e+06	0
5.8174e+06	0
5.8175e+06	0
5.8176e+06	0
5.8177e+06	0
5.8178e+06	0
5.8179e+06	0
5.818e+06	0
5.8181e+06	0
5.8182e+06	0
5.8183e+06	0
5.8184e+06	0
5.8185e+06	0
5.8186e+06	0
5.8187e+06	0
5.8188e+06	0
5.8189e+06	0
5.819e+06	0
5.8191e+06	0
5.8192e+06	0
5.8193e+06	0
5.8194e+06	0
5.8195e+06	0
5.8196e+06	0
5.8197e+06	0
5.8198e+06	0
5.8199e+06	0
5.82e+06	0
5.8201e+06	0
5.8202e+06	0
5.8203e+06	0
5.8204e+06	0
5.8205e+06	0
5.8206e+06	0
5.8207e+06	0
5.8208e+06	0
5.8209e+06	0
5.821e+06	0
5.8211e+06	0
5.8212e+06	0
5.8213e+06	0
5.8214e+06	0
5.8215e+06	0
5.8216e+06	0
5.8217e+06	0
5.8218e+06	0
5.8219e+06	0
5.822e+06	0
5.8221e+06	0
5.8222e+06	0
5.8223e+06	0
5.8224e+06	0
5.8225e+06	0
5.8226e+06	0
5.8227e+06	0
5.8228e+06	0
5.8229e+06	0
5.823e+06	0
5.8231e+06	0
5.8232e+06	0
5.8233e+06	0
5.8234e+06	0
5.8235e+06	0
5.8236e+06	0
5.8237e+06	0
5.8238e+06	0
5.8239e+06	0
5.824e+06	0
5.8241e+06	0
5.8242e+06	0
5.8243e+06	0
5.8244e+06	0
5.8245e+06	0
5.8246e+06	0
5.8247e+06	0
5.8248e+06	0
5.8249e+06	0
5.825e+06	0
5.8251e+06	0
5.8252e+06	0
5.8253e+06	0
5.8254e+06	0
5.8255e+06	0
5.8256e+06	0
5.8257e+06	0
5.8258e+06	0
5.8259e+06	0
5.826e+06	0
5.8261e+06	0
5.8262e+06	0
5.8263e+06	0
5.8264e+06	0
5.8265e+06	0
5.8266e+06	0
5.8267e+06	0
5.8268e+06	0
5.8269e+06	0
5.827e+06	0
5.8271e+06	0
5.8272e+06	0
5.8273e+06	0
5.8274e+06	0
5.8275e+06	0
5.8276e+06	0
5.8277e+06	0
5.8278e+06	0
5.8279e+06	0
5.828e+06	0
5.8281e+06	0
5.8282e+06	0
5.8283e+06	0
5.8284e+06	0
5.8285e+06	0
5.8286e+06	0
5.8287e+06	0
5.8288e+06	0
5.8289e+06	0
5.829e+06	0
5.8291e+06	0
5.8292e+06	0
5.8293e+06	0
5.8294e+06	0
5.8295e+06	0
5.8296e+06	0
5.8297e+06	0
5.8298e+06	0
5.8299e+06	0
5.83e+06	0
5.8301e+06	0
5.8302e+06	0
5.8303e+06	0
5.8304e+06	0
5.8305e+06	0
5.8306e+06	0
5.8307e+06	0
5.8308e+06	0
5.8309e+06	0
5.831e+06	0
5.8311e+06	0
5.8312e+06	0
5.8313e+06	0
5.8314e+06	0
5.8315e+06	0
5.8316e+06	0
5.8317e+06	0
5.8318e+06	0
5.8319e+06	0
5.832e+06	0
5.8321e+06	0
5.8322e+06	0
5.8323e+06	0
5.8324e+06	0
5.8325e+06	0
5.8326e+06	0
5.8327e+06	0
5.8328e+06	0
5.8329e+06	0
5.833e+06	0
5.8331e+06	0
5.8332e+06	0
5.8333e+06	0
5.8334e+06	0
5.8335e+06	0
5.8336e+06	0
5.8337e+06	0
5.8338e+06	0
5.8339e+06	0
5.834e+06	0
5.8341e+06	0
5.8342e+06	0
5.8343e+06	0
5.8344e+06	0
5.8345e+06	0
5.8346e+06	0
5.8347e+06	0
5.8348e+06	0
5.8349e+06	0
5.835e+06	0
5.8351e+06	0
5.8352e+06	0
5.8353e+06	0
5.8354e+06	0
5.8355e+06	0
5.8356e+06	0
5.8357e+06	0
5.8358e+06	0
5.8359e+06	0
5.836e+06	0
5.8361e+06	0
5.8362e+06	0
5.8363e+06	0
5.8364e+06	0
5.8365e+06	0
5.8366e+06	0
5.8367e+06	0
5.8368e+06	0
5.8369e+06	0
5.837e+06	0
5.8371e+06	0
5.8372e+06	0
5.8373e+06	0
5.8374e+06	0
5.8375e+06	0
5.8376e+06	0
5.8377e+06	0
5.8378e+06	0
5.8379e+06	0
5.838e+06	0
5.8381e+06	0
5.8382e+06	0
5.8383e+06	0
5.8384e+06	0
5.8385e+06	0
5.8386e+06	0
5.8387e+06	0
5.8388e+06	0
5.8389e+06	0
5.839e+06	0
5.8391e+06	0
5.8392e+06	0
5.8393e+06	0
5.8394e+06	0
5.8395e+06	0
5.8396e+06	0
5.8397e+06	0
5.8398e+06	0
5.8399e+06	0
5.84e+06	0
5.8401e+06	0
5.8402e+06	0
5.8403e+06	0
5.8404e+06	0
5.8405e+06	0
5.8406e+06	0
5.8407e+06	0
5.8408e+06	0
5.8409e+06	0
5.841e+06	0
5.8411e+06	0
5.8412e+06	0
5.8413e+06	0
5.8414e+06	0
5.8415e+06	0
5.8416e+06	0
5.8417e+06	0
5.8418e+06	0
5.8419e+06	0
5.842e+06	0
5.8421e+06	0
5.8422e+06	0
5.8423e+06	0
5.8424e+06	0
5.8425e+06	0
5.8426e+06	0
5.8427e+06	0
5.8428e+06	0
5.8429e+06	0
5.843e+06	0
5.8431e+06	0
5.8432e+06	0
5.8433e+06	0
5.8434e+06	0
5.8435e+06	0
5.8436e+06	0
5.8437e+06	0
5.8438e+06	0
5.8439e+06	0
5.844e+06	0
5.8441e+06	0
5.8442e+06	0
5.8443e+06	0
5.8444e+06	0
5.8445e+06	0
5.8446e+06	0
5.8447e+06	0
5.8448e+06	0
5.8449e+06	0
5.845e+06	0
5.8451e+06	0
5.8452e+06	0
5.8453e+06	0
5.8454e+06	0
5.8455e+06	0
5.8456e+06	0
5.8457e+06	0
5.8458e+06	0
5.8459e+06	0
5.846e+06	0
5.8461e+06	0
5.8462e+06	0
5.8463e+06	0
5.8464e+06	0
5.8465e+06	0
5.8466e+06	0
5.8467e+06	0
5.8468e+06	0
5.8469e+06	0
5.847e+06	0
5.8471e+06	0
5.8472e+06	0
5.8473e+06	0
5.8474e+06	0
5.8475e+06	0
5.8476e+06	0
5.8477e+06	0
5.8478e+06	0
5.8479e+06	0
5.848e+06	0
5.8481e+06	0
5.8482e+06	0
5.8483e+06	0
5.8484e+06	0
5.8485e+06	0
5.8486e+06	0
5.8487e+06	0
5.8488e+06	0
5.8489e+06	0
5.849e+06	0
5.8491e+06	0
5.8492e+06	0
5.8493e+06	0
5.8494e+06	0
5.8495e+06	0
5.8496e+06	0
5.8497e+06	0
5.8498e+06	0
5.8499e+06	0
5.85e+06	0
5.8501e+06	0
5.8502e+06	0
5.8503e+06	0
5.8504e+06	0
5.8505e+06	0
5.8506e+06	0
5.8507e+06	0
5.8508e+06	0
5.8509e+06	0
5.851e+06	0
5.8511e+06	0
5.8512e+06	0
5.8513e+06	0
5.8514e+06	0
5.8515e+06	0
5.8516e+06	0
5.8517e+06	0
5.8518e+06	0
5.8519e+06	0
5.852e+06	0
5.8521e+06	0
5.8522e+06	0
5.8523e+06	0
5.8524e+06	0
5.8525e+06	0
5.8526e+06	0
5.8527e+06	0
5.8528e+06	0
5.8529e+06	0
5.853e+06	0
5.8531e+06	0
5.8532e+06	0
5.8533e+06	0
5.8534e+06	0
5.8535e+06	0
5.8536e+06	0
5.8537e+06	0
5.8538e+06	0
5.8539e+06	0
5.854e+06	0
5.8541e+06	0
5.8542e+06	0
5.8543e+06	0
5.8544e+06	0
5.8545e+06	0
5.8546e+06	0
5.8547e+06	0
5.8548e+06	0
5.8549e+06	0
5.855e+06	0
5.8551e+06	0
5.8552e+06	0
5.8553e+06	0
5.8554e+06	0
5.8555e+06	0
5.8556e+06	0
5.8557e+06	0
5.8558e+06	0
5.8559e+06	0
5.856e+06	0
5.8561e+06	0
5.8562e+06	0
5.8563e+06	0
5.8564e+06	0
5.8565e+06	0
5.8566e+06	0
5.8567e+06	0
5.8568e+06	0
5.8569e+06	0
5.857e+06	0
5.8571e+06	0
5.8572e+06	0
5.8573e+06	0
5.8574e+06	0
5.8575e+06	0
5.8576e+06	0
5.8577e+06	0
5.8578e+06	0
5.8579e+06	0
5.858e+06	0
5.8581e+06	0
5.8582e+06	0
5.8583e+06	0
5.8584e+06	0
5.8585e+06	0
5.8586e+06	0
5.8587e+06	0
5.8588e+06	0
5.8589e+06	0
5.859e+06	0
5.8591e+06	0
5.8592e+06	0
5.8593e+06	0
5.8594e+06	0
5.8595e+06	0
5.8596e+06	0
5.8597e+06	0
5.8598e+06	0
5.8599e+06	0
5.86e+06	0
5.8601e+06	0
5.8602e+06	0
5.8603e+06	0
5.8604e+06	0
5.8605e+06	0
5.8606e+06	0
5.8607e+06	0
5.8608e+06	0
5.8609e+06	0
5.861e+06	0
5.8611e+06	0
5.8612e+06	0
5.8613e+06	0
5.8614e+06	0
5.8615e+06	0
5.8616e+06	0
5.8617e+06	0
5.8618e+06	0
5.8619e+06	0
5.862e+06	0
5.8621e+06	0
5.8622e+06	0
5.8623e+06	0
5.8624e+06	0
5.8625e+06	0
5.8626e+06	0
5.8627e+06	0
5.8628e+06	0
5.8629e+06	0
5.863e+06	0
5.8631e+06	0
5.8632e+06	0
5.8633e+06	0
5.8634e+06	0
5.8635e+06	0
5.8636e+06	0
5.8637e+06	0
5.8638e+06	0
5.8639e+06	0
5.864e+06	0
5.8641e+06	0
5.8642e+06	0
5.8643e+06	0
5.8644e+06	0
5.8645e+06	0
5.8646e+06	0
5.8647e+06	0
5.8648e+06	0
5.8649e+06	0
5.865e+06	0
5.8651e+06	0
5.8652e+06	0
5.8653e+06	0
5.8654e+06	0
5.8655e+06	0
5.8656e+06	0
5.8657e+06	0
5.8658e+06	0
5.8659e+06	0
5.866e+06	0
5.8661e+06	0
5.8662e+06	0
5.8663e+06	0
5.8664e+06	0
5.8665e+06	0
5.8666e+06	0
5.8667e+06	0
5.8668e+06	0
5.8669e+06	0
5.867e+06	0
5.8671e+06	0
5.8672e+06	0
5.8673e+06	0
5.8674e+06	0
5.8675e+06	0
5.8676e+06	0
5.8677e+06	0
5.8678e+06	0
5.8679e+06	0
5.868e+06	0
5.8681e+06	0
5.8682e+06	0
5.8683e+06	0
5.8684e+06	0
5.8685e+06	0
5.8686e+06	0
5.8687e+06	0
5.8688e+06	0
5.8689e+06	0
5.869e+06	0
5.8691e+06	0
5.8692e+06	0
5.8693e+06	0
5.8694e+06	0
5.8695e+06	0
5.8696e+06	0
5.8697e+06	0
5.8698e+06	0
5.8699e+06	0
5.87e+06	0
5.8701e+06	0
5.8702e+06	0
5.8703e+06	0
5.8704e+06	0
5.8705e+06	0
5.8706e+06	0
5.8707e+06	0
5.8708e+06	0
5.8709e+06	0
5.871e+06	0
5.8711e+06	0
5.8712e+06	0
5.8713e+06	0
5.8714e+06	0
5.8715e+06	0
5.8716e+06	0
5.8717e+06	0
5.8718e+06	0
5.8719e+06	0
5.872e+06	0
5.8721e+06	0
5.8722e+06	0
5.8723e+06	0
5.8724e+06	0
5.8725e+06	0
5.8726e+06	0
5.8727e+06	0
5.8728e+06	0
5.8729e+06	0
5.873e+06	0
5.8731e+06	0
5.8732e+06	0
5.8733e+06	0
5.8734e+06	0
5.8735e+06	0
5.8736e+06	0
5.8737e+06	0
5.8738e+06	0
5.8739e+06	0
5.874e+06	0
5.8741e+06	0
5.8742e+06	0
5.8743e+06	0
5.8744e+06	0
5.8745e+06	0
5.8746e+06	0
5.8747e+06	0
5.8748e+06	0
5.8749e+06	0
5.875e+06	0
5.8751e+06	0
5.8752e+06	0
5.8753e+06	0
5.8754e+06	0
5.8755e+06	0
5.8756e+06	0
5.8757e+06	0
5.8758e+06	0
5.8759e+06	0
5.876e+06	0
5.8761e+06	0
5.8762e+06	0
5.8763e+06	0
5.8764e+06	0
5.8765e+06	0
5.8766e+06	0
5.8767e+06	0
5.8768e+06	0
5.8769e+06	0
5.877e+06	0
5.8771e+06	0
5.8772e+06	0
5.8773e+06	0
5.8774e+06	0
5.8775e+06	0
5.8776e+06	0
5.8777e+06	0
5.8778e+06	0
5.8779e+06	0
5.878e+06	0
5.8781e+06	0
5.8782e+06	0
5.8783e+06	0
5.8784e+06	0
5.8785e+06	0
5.8786e+06	0
5.8787e+06	0
5.8788e+06	0
5.8789e+06	0
5.879e+06	0
5.8791e+06	0
5.8792e+06	0
5.8793e+06	0
5.8794e+06	0
5.8795e+06	0
5.8796e+06	0
5.8797e+06	0
5.8798e+06	0
5.8799e+06	0
5.88e+06	0
5.8801e+06	0
5.8802e+06	0
5.8803e+06	0
5.8804e+06	0
5.8805e+06	0
5.8806e+06	0
5.8807e+06	0
5.8808e+06	0
5.8809e+06	0
5.881e+06	0
5.8811e+06	0
5.8812e+06	0
5.8813e+06	0
5.8814e+06	0
5.8815e+06	0
5.8816e+06	0
5.8817e+06	0
5.8818e+06	0
5.8819e+06	0
5.882e+06	0
5.8821e+06	0
5.8822e+06	0
5.8823e+06	0
5.8824e+06	0
5.8825e+06	0
5.8826e+06	0
5.8827e+06	0
5.8828e+06	0
5.8829e+06	0
5.883e+06	0
5.8831e+06	0
5.8832e+06	0
5.8833e+06	0
5.8834e+06	0
5.8835e+06	0
5.8836e+06	0
5.8837e+06	0
5.8838e+06	0
5.8839e+06	0
5.884e+06	0
5.8841e+06	0
5.8842e+06	0
5.8843e+06	0
5.8844e+06	0
5.8845e+06	0
5.8846e+06	0
5.8847e+06	0
5.8848e+06	0
5.8849e+06	0
5.885e+06	0
5.8851e+06	0
5.8852e+06	0
5.8853e+06	0
5.8854e+06	0
5.8855e+06	0
5.8856e+06	0
5.8857e+06	0
5.8858e+06	0
5.8859e+06	0
5.886e+06	0
5.8861e+06	0
5.8862e+06	0
5.8863e+06	0
5.8864e+06	0
5.8865e+06	0
5.8866e+06	0
5.8867e+06	0
5.8868e+06	0
5.8869e+06	0
5.887e+06	0
5.8871e+06	0
5.8872e+06	0
5.8873e+06	0
5.8874e+06	0
5.8875e+06	0
5.8876e+06	0
5.8877e+06	0
5.8878e+06	0
5.8879e+06	0
5.888e+06	0
5.8881e+06	0
5.8882e+06	0
5.8883e+06	0
5.8884e+06	0
5.8885e+06	0
5.8886e+06	0
5.8887e+06	0
5.8888e+06	0
5.8889e+06	0
5.889e+06	0
5.8891e+06	0
5.8892e+06	0
5.8893e+06	0
5.8894e+06	0
5.8895e+06	0
5.8896e+06	0
5.8897e+06	0
5.8898e+06	0
5.8899e+06	0
5.89e+06	0
5.8901e+06	0
5.8902e+06	0
5.8903e+06	0
5.8904e+06	0
5.8905e+06	0
5.8906e+06	0
5.8907e+06	0
5.8908e+06	0
5.8909e+06	0
5.891e+06	0
5.8911e+06	0
5.8912e+06	0
5.8913e+06	0
5.8914e+06	0
5.8915e+06	0
5.8916e+06	0
5.8917e+06	0
5.8918e+06	0
5.8919e+06	0
5.892e+06	0
5.8921e+06	0
5.8922e+06	0
5.8923e+06	0
5.8924e+06	0
5.8925e+06	0
5.8926e+06	0
5.8927e+06	0
5.8928e+06	0
5.8929e+06	0
5.893e+06	0
5.8931e+06	0
5.8932e+06	0
5.8933e+06	0
5.8934e+06	0
5.8935e+06	0
5.8936e+06	0
5.8937e+06	0
5.8938e+06	0
5.8939e+06	0
5.894e+06	0
5.8941e+06	0
5.8942e+06	0
5.8943e+06	0
5.8944e+06	0
5.8945e+06	0
5.8946e+06	0
5.8947e+06	0
5.8948e+06	0
5.8949e+06	0
5.895e+06	0
5.8951e+06	0
5.8952e+06	0
5.8953e+06	0
5.8954e+06	0
5.8955e+06	0
5.8956e+06	0
5.8957e+06	0
5.8958e+06	0
5.8959e+06	0
5.896e+06	0
5.8961e+06	0
5.8962e+06	0
5.8963e+06	0
5.8964e+06	0
5.8965e+06	0
5.8966e+06	0
5.8967e+06	0
5.8968e+06	0
5.8969e+06	0
5.897e+06	0
5.8971e+06	0
5.8972e+06	0
5.8973e+06	0
5.8974e+06	0
5.8975e+06	0
5.8976e+06	0
5.8977e+06	0
5.8978e+06	0
5.8979e+06	0
5.898e+06	0
5.8981e+06	0
5.8982e+06	0
5.8983e+06	0
5.8984e+06	0
5.8985e+06	0
5.8986e+06	0
5.8987e+06	0
5.8988e+06	0
5.8989e+06	0
5.899e+06	0
5.8991e+06	0
5.8992e+06	0
5.8993e+06	0
5.8994e+06	0
5.8995e+06	0
5.8996e+06	0
5.8997e+06	0
5.8998e+06	0
5.8999e+06	0
5.9e+06	0
5.9001e+06	0
5.9002e+06	0
5.9003e+06	0
5.9004e+06	0
5.9005e+06	0
5.9006e+06	0
5.9007e+06	0
5.9008e+06	0
5.9009e+06	0
5.901e+06	0
5.9011e+06	0
5.9012e+06	0
5.9013e+06	0
5.9014e+06	0
5.9015e+06	0
5.9016e+06	0
5.9017e+06	0
5.9018e+06	0
5.9019e+06	0
5.902e+06	0
5.9021e+06	0
5.9022e+06	0
5.9023e+06	0
5.9024e+06	0
5.9025e+06	0
5.9026e+06	0
5.9027e+06	0
5.9028e+06	0
5.9029e+06	0
5.903e+06	0
5.9031e+06	0
5.9032e+06	0
5.9033e+06	0
5.9034e+06	0
5.9035e+06	0
5.9036e+06	0
5.9037e+06	0
5.9038e+06	0
5.9039e+06	0
5.904e+06	0
5.9041e+06	0
5.9042e+06	0
5.9043e+06	0
5.9044e+06	0
5.9045e+06	0
5.9046e+06	0
5.9047e+06	0
5.9048e+06	0
5.9049e+06	0
5.905e+06	0
5.9051e+06	0
5.9052e+06	0
5.9053e+06	0
5.9054e+06	0
5.9055e+06	0
5.9056e+06	0
5.9057e+06	0
5.9058e+06	0
5.9059e+06	0
5.906e+06	0
5.9061e+06	0
5.9062e+06	0
5.9063e+06	0
5.9064e+06	0
5.9065e+06	0
5.9066e+06	0
5.9067e+06	0
5.9068e+06	0
5.9069e+06	0
5.907e+06	0
5.9071e+06	0
5.9072e+06	0
5.9073e+06	0
5.9074e+06	0
5.9075e+06	0
5.9076e+06	0
5.9077e+06	0
5.9078e+06	0
5.9079e+06	0
5.908e+06	0
5.9081e+06	0
5.9082e+06	0
5.9083e+06	0
5.9084e+06	0
5.9085e+06	0
5.9086e+06	0
5.9087e+06	0
5.9088e+06	0
5.9089e+06	0
5.909e+06	0
5.9091e+06	0
5.9092e+06	0
5.9093e+06	0
5.9094e+06	0
5.9095e+06	0
5.9096e+06	0
5.9097e+06	0
5.9098e+06	0
5.9099e+06	0
5.91e+06	0
5.9101e+06	0
5.9102e+06	0
5.9103e+06	0
5.9104e+06	0
5.9105e+06	0
5.9106e+06	0
5.9107e+06	0
5.9108e+06	0
5.9109e+06	0
5.911e+06	0
5.9111e+06	0
5.9112e+06	0
5.9113e+06	0
5.9114e+06	0
5.9115e+06	0
5.9116e+06	0
5.9117e+06	0
5.9118e+06	0
5.9119e+06	0
5.912e+06	0
5.9121e+06	0
5.9122e+06	0
5.9123e+06	0
5.9124e+06	0
5.9125e+06	0
5.9126e+06	0
5.9127e+06	0
5.9128e+06	0
5.9129e+06	0
5.913e+06	0
5.9131e+06	0
5.9132e+06	0
5.9133e+06	0
5.9134e+06	0
5.9135e+06	0
5.9136e+06	0
5.9137e+06	0
5.9138e+06	0
5.9139e+06	0
5.914e+06	0
5.9141e+06	0
5.9142e+06	0
5.9143e+06	0
5.9144e+06	0
5.9145e+06	0
5.9146e+06	0
5.9147e+06	0
5.9148e+06	0
5.9149e+06	0
5.915e+06	0
5.9151e+06	0
5.9152e+06	0
5.9153e+06	0
5.9154e+06	0
5.9155e+06	0
5.9156e+06	0
5.9157e+06	0
5.9158e+06	0
5.9159e+06	0
5.916e+06	0
5.9161e+06	0
5.9162e+06	0
5.9163e+06	0
5.9164e+06	0
5.9165e+06	0
5.9166e+06	0
5.9167e+06	0
5.9168e+06	0
5.9169e+06	0
5.917e+06	0
5.9171e+06	0
5.9172e+06	0
5.9173e+06	0
5.9174e+06	0
5.9175e+06	0
5.9176e+06	0
5.9177e+06	0
5.9178e+06	0
5.9179e+06	0
5.918e+06	0
5.9181e+06	0
5.9182e+06	0
5.9183e+06	0
5.9184e+06	0
5.9185e+06	0
5.9186e+06	0
5.9187e+06	0
5.9188e+06	0
5.9189e+06	0
5.919e+06	0
5.9191e+06	0
5.9192e+06	0
5.9193e+06	0
5.9194e+06	0
5.9195e+06	0
5.9196e+06	0
5.9197e+06	0
5.9198e+06	0
5.9199e+06	0
5.92e+06	0
5.9201e+06	0
5.9202e+06	0
5.9203e+06	0
5.9204e+06	0
5.9205e+06	0
5.9206e+06	0
5.9207e+06	0
5.9208e+06	0
5.9209e+06	0
5.921e+06	0
5.9211e+06	0
5.9212e+06	0
5.9213e+06	0
5.9214e+06	0
5.9215e+06	0
5.9216e+06	0
5.9217e+06	0
5.9218e+06	0
5.9219e+06	0
5.922e+06	0
5.9221e+06	0
5.9222e+06	0
5.9223e+06	0
5.9224e+06	0
5.9225e+06	0
5.9226e+06	0
5.9227e+06	0
5.9228e+06	0
5.9229e+06	0
5.923e+06	0
5.9231e+06	0
5.9232e+06	0
5.9233e+06	0
5.9234e+06	0
5.9235e+06	0
5.9236e+06	0
5.9237e+06	0
5.9238e+06	0
5.9239e+06	0
5.924e+06	0
5.9241e+06	0
5.9242e+06	0
5.9243e+06	0
5.9244e+06	0
5.9245e+06	0
5.9246e+06	0
5.9247e+06	0
5.9248e+06	0
5.9249e+06	0
5.925e+06	0
5.9251e+06	0
5.9252e+06	0
5.9253e+06	0
5.9254e+06	0
5.9255e+06	0
5.9256e+06	0
5.9257e+06	0
5.9258e+06	0
5.9259e+06	0
5.926e+06	0
5.9261e+06	0
5.9262e+06	0
5.9263e+06	0
5.9264e+06	0
5.9265e+06	0
5.9266e+06	0
5.9267e+06	0
5.9268e+06	0
5.9269e+06	0
5.927e+06	0
5.9271e+06	0
5.9272e+06	0
5.9273e+06	0
5.9274e+06	0
5.9275e+06	0
5.9276e+06	0
5.9277e+06	0
5.9278e+06	0
5.9279e+06	0
5.928e+06	0
5.9281e+06	0
5.9282e+06	0
5.9283e+06	0
5.9284e+06	0
5.9285e+06	0
5.9286e+06	0
5.9287e+06	0
5.9288e+06	0
5.9289e+06	0
5.929e+06	0
5.9291e+06	0
5.9292e+06	0
5.9293e+06	0
5.9294e+06	0
5.9295e+06	0
5.9296e+06	0
5.9297e+06	0
5.9298e+06	0
5.9299e+06	0
5.93e+06	0
5.9301e+06	0
5.9302e+06	0
5.9303e+06	0
5.9304e+06	0
5.9305e+06	0
5.9306e+06	0
5.9307e+06	0
5.9308e+06	0
5.9309e+06	0
5.931e+06	0
5.9311e+06	0
5.9312e+06	0
5.9313e+06	0
5.9314e+06	0
5.9315e+06	0
5.9316e+06	0
5.9317e+06	0
5.9318e+06	0
5.9319e+06	0
5.932e+06	0
5.9321e+06	0
5.9322e+06	0
5.9323e+06	0
5.9324e+06	0
5.9325e+06	0
5.9326e+06	0
5.9327e+06	0
5.9328e+06	0
5.9329e+06	0
5.933e+06	0
5.9331e+06	0
5.9332e+06	0
5.9333e+06	0
5.9334e+06	0
5.9335e+06	0
5.9336e+06	0
5.9337e+06	0
5.9338e+06	0
5.9339e+06	0
5.934e+06	0
5.9341e+06	0
5.9342e+06	0
5.9343e+06	0
5.9344e+06	0
5.9345e+06	0
5.9346e+06	0
5.9347e+06	0
5.9348e+06	0
5.9349e+06	0
5.935e+06	0
5.9351e+06	0
5.9352e+06	0
5.9353e+06	0
5.9354e+06	0
5.9355e+06	0
5.9356e+06	0
5.9357e+06	0
5.9358e+06	0
5.9359e+06	0
5.936e+06	0
5.9361e+06	0
5.9362e+06	0
5.9363e+06	0
5.9364e+06	0
5.9365e+06	0
5.9366e+06	0
5.9367e+06	0
5.9368e+06	0
5.9369e+06	0
5.937e+06	0
5.9371e+06	0
5.9372e+06	0
5.9373e+06	0
5.9374e+06	0
5.9375e+06	0
5.9376e+06	0
5.9377e+06	0
5.9378e+06	0
5.9379e+06	0
5.938e+06	0
5.9381e+06	0
5.9382e+06	0
5.9383e+06	0
5.9384e+06	0
5.9385e+06	0
5.9386e+06	0
5.9387e+06	0
5.9388e+06	0
5.9389e+06	0
5.939e+06	0
5.9391e+06	0
5.9392e+06	0
5.9393e+06	0
5.9394e+06	0
5.9395e+06	0
5.9396e+06	0
5.9397e+06	0
5.9398e+06	0
5.9399e+06	0
5.94e+06	0
5.9401e+06	0
5.9402e+06	0
5.9403e+06	0
5.9404e+06	0
5.9405e+06	0
5.9406e+06	0
5.9407e+06	0
5.9408e+06	0
5.9409e+06	0
5.941e+06	0
5.9411e+06	0
5.9412e+06	0
5.9413e+06	0
5.9414e+06	0
5.9415e+06	0
5.9416e+06	0
5.9417e+06	0
5.9418e+06	0
5.9419e+06	0
5.942e+06	0
5.9421e+06	0
5.9422e+06	0
5.9423e+06	0
5.9424e+06	0
5.9425e+06	0
5.9426e+06	0
5.9427e+06	0
5.9428e+06	0
5.9429e+06	0
5.943e+06	0
5.9431e+06	0
5.9432e+06	0
5.9433e+06	0
5.9434e+06	0
5.9435e+06	0
5.9436e+06	0
5.9437e+06	0
5.9438e+06	0
5.9439e+06	0
5.944e+06	0
5.9441e+06	0
5.9442e+06	0
5.9443e+06	0
5.9444e+06	0
5.9445e+06	0
5.9446e+06	0
5.9447e+06	0
5.9448e+06	0
5.9449e+06	0
5.945e+06	0
5.9451e+06	0
5.9452e+06	0
5.9453e+06	0
5.9454e+06	0
5.9455e+06	0
5.9456e+06	0
5.9457e+06	0
5.9458e+06	0
5.9459e+06	0
5.946e+06	0
5.9461e+06	0
5.9462e+06	0
5.9463e+06	0
5.9464e+06	0
5.9465e+06	0
5.9466e+06	0
5.9467e+06	0
5.9468e+06	0
5.9469e+06	0
5.947e+06	0
5.9471e+06	0
5.9472e+06	0
5.9473e+06	0
5.9474e+06	0
5.9475e+06	0
5.9476e+06	0
5.9477e+06	0
5.9478e+06	0
5.9479e+06	0
5.948e+06	0
5.9481e+06	0
5.9482e+06	0
5.9483e+06	0
5.9484e+06	0
5.9485e+06	0
5.9486e+06	0
5.9487e+06	0
5.9488e+06	0
5.9489e+06	0
5.949e+06	0
5.9491e+06	0
5.9492e+06	0
5.9493e+06	0
5.9494e+06	0
5.9495e+06	0
5.9496e+06	0
5.9497e+06	0
5.9498e+06	0
5.9499e+06	0
5.95e+06	0
5.9501e+06	0
5.9502e+06	0
5.9503e+06	0
5.9504e+06	0
5.9505e+06	0
5.9506e+06	0
5.9507e+06	0
5.9508e+06	0
5.9509e+06	0
5.951e+06	0
5.9511e+06	0
5.9512e+06	0
5.9513e+06	0
5.9514e+06	0
5.9515e+06	0
5.9516e+06	0
5.9517e+06	0
5.9518e+06	0
5.9519e+06	0
5.952e+06	0
5.9521e+06	0
5.9522e+06	0
5.9523e+06	0
5.9524e+06	0
5.9525e+06	0
5.9526e+06	0
5.9527e+06	0
5.9528e+06	0
5.9529e+06	0
5.953e+06	0
5.9531e+06	0
5.9532e+06	0
5.9533e+06	0
5.9534e+06	0
5.9535e+06	0
5.9536e+06	0
5.9537e+06	0
5.9538e+06	0
5.9539e+06	0
5.954e+06	0
5.9541e+06	0
5.9542e+06	0
5.9543e+06	0
5.9544e+06	0
5.9545e+06	0
5.9546e+06	0
5.9547e+06	0
5.9548e+06	0
5.9549e+06	0
5.955e+06	0
5.9551e+06	0
5.9552e+06	0
5.9553e+06	0
5.9554e+06	0
5.9555e+06	0
5.9556e+06	0
5.9557e+06	0
5.9558e+06	0
5.9559e+06	0
5.956e+06	0
5.9561e+06	0
5.9562e+06	0
5.9563e+06	0
5.9564e+06	0
5.9565e+06	0
5.9566e+06	0
5.9567e+06	0
5.9568e+06	0
5.9569e+06	0
5.957e+06	0
5.9571e+06	0
5.9572e+06	0
5.9573e+06	0
5.9574e+06	0
5.9575e+06	0
5.9576e+06	0
5.9577e+06	0
5.9578e+06	0
5.9579e+06	0
5.958e+06	0
5.9581e+06	0
5.9582e+06	0
5.9583e+06	0
5.9584e+06	0
5.9585e+06	0
5.9586e+06	0
5.9587e+06	0
5.9588e+06	0
5.9589e+06	0
5.959e+06	0
5.9591e+06	0
5.9592e+06	0
5.9593e+06	0
5.9594e+06	0
5.9595e+06	0
5.9596e+06	0
5.9597e+06	0
5.9598e+06	0
5.9599e+06	0
5.96e+06	0
5.9601e+06	0
5.9602e+06	0
5.9603e+06	0
5.9604e+06	0
5.9605e+06	0
5.9606e+06	0
5.9607e+06	0
5.9608e+06	0
5.9609e+06	0
5.961e+06	0
5.9611e+06	0
5.9612e+06	0
5.9613e+06	0
5.9614e+06	0
5.9615e+06	0
5.9616e+06	0
5.9617e+06	0
5.9618e+06	0
5.9619e+06	0
5.962e+06	0
5.9621e+06	0
5.9622e+06	0
5.9623e+06	0
5.9624e+06	0
5.9625e+06	0
5.9626e+06	0
5.9627e+06	0
5.9628e+06	0
5.9629e+06	0
5.963e+06	0
5.9631e+06	0
5.9632e+06	0
5.9633e+06	0
5.9634e+06	0
5.9635e+06	0
5.9636e+06	0
5.9637e+06	0
5.9638e+06	0
5.9639e+06	0
5.964e+06	0
5.9641e+06	0
5.9642e+06	0
5.9643e+06	0
5.9644e+06	0
5.9645e+06	0
5.9646e+06	0
5.9647e+06	0
5.9648e+06	0
5.9649e+06	0
5.965e+06	0
5.9651e+06	0
5.9652e+06	0
5.9653e+06	0
5.9654e+06	0
5.9655e+06	0
5.9656e+06	0
5.9657e+06	0
5.9658e+06	0
5.9659e+06	0
5.966e+06	0
5.9661e+06	0
5.9662e+06	0
5.9663e+06	0
5.9664e+06	0
5.9665e+06	0
5.9666e+06	0
5.9667e+06	0
5.9668e+06	0
5.9669e+06	0
5.967e+06	0
5.9671e+06	0
5.9672e+06	0
5.9673e+06	0
5.9674e+06	0
5.9675e+06	0
5.9676e+06	0
5.9677e+06	0
5.9678e+06	0
5.9679e+06	0
5.968e+06	0
5.9681e+06	0
5.9682e+06	0
5.9683e+06	0
5.9684e+06	0
5.9685e+06	0
5.9686e+06	0
5.9687e+06	0
5.9688e+06	0
5.9689e+06	0
5.969e+06	0
5.9691e+06	0
5.9692e+06	0
5.9693e+06	0
5.9694e+06	0
5.9695e+06	0
5.9696e+06	0
5.9697e+06	0
5.9698e+06	0
5.9699e+06	0
5.97e+06	0
5.9701e+06	0
5.9702e+06	0
5.9703e+06	0
5.9704e+06	0
5.9705e+06	0
5.9706e+06	0
5.9707e+06	0
5.9708e+06	0
5.9709e+06	0
5.971e+06	0
5.9711e+06	0
5.9712e+06	0
5.9713e+06	0
5.9714e+06	0
5.9715e+06	0
5.9716e+06	0
5.9717e+06	0
5.9718e+06	0
5.9719e+06	0
5.972e+06	0
5.9721e+06	0
5.9722e+06	0
5.9723e+06	0
5.9724e+06	0
5.9725e+06	0
5.9726e+06	0
5.9727e+06	0
5.9728e+06	0
5.9729e+06	0
5.973e+06	0
5.9731e+06	0
5.9732e+06	0
5.9733e+06	0
5.9734e+06	0
5.9735e+06	0
5.9736e+06	0
5.9737e+06	0
5.9738e+06	0
5.9739e+06	0
5.974e+06	0
5.9741e+06	0
5.9742e+06	0
5.9743e+06	0
5.9744e+06	0
5.9745e+06	0
5.9746e+06	0
5.9747e+06	0
5.9748e+06	0
5.9749e+06	0
5.975e+06	0
5.9751e+06	0
5.9752e+06	0
5.9753e+06	0
5.9754e+06	0
5.9755e+06	0
5.9756e+06	0
5.9757e+06	0
5.9758e+06	0
5.9759e+06	0
5.976e+06	0
5.9761e+06	0
5.9762e+06	0
5.9763e+06	0
5.9764e+06	0
5.9765e+06	0
5.9766e+06	0
5.9767e+06	0
5.9768e+06	0
5.9769e+06	0
5.977e+06	0
5.9771e+06	0
5.9772e+06	0
5.9773e+06	0
5.9774e+06	0
5.9775e+06	0
5.9776e+06	0
5.9777e+06	0
5.9778e+06	0
5.9779e+06	0
5.978e+06	0
5.9781e+06	0
5.9782e+06	0
5.9783e+06	0
5.9784e+06	0
5.9785e+06	0
5.9786e+06	0
5.9787e+06	0
5.9788e+06	0
5.9789e+06	0
5.979e+06	0
5.9791e+06	0
5.9792e+06	0
5.9793e+06	0
5.9794e+06	0
5.9795e+06	0
5.9796e+06	0
5.9797e+06	0
5.9798e+06	0
5.9799e+06	0
5.98e+06	0
5.9801e+06	0
5.9802e+06	0
5.9803e+06	0
5.9804e+06	0
5.9805e+06	0
5.9806e+06	0
5.9807e+06	0
5.9808e+06	0
5.9809e+06	0
5.981e+06	0
5.9811e+06	0
5.9812e+06	0
5.9813e+06	0
5.9814e+06	0
5.9815e+06	0
5.9816e+06	0
5.9817e+06	0
5.9818e+06	0
5.9819e+06	0
5.982e+06	0
5.9821e+06	0
5.9822e+06	0
5.9823e+06	0
5.9824e+06	0
5.9825e+06	0
5.9826e+06	0
5.9827e+06	0
5.9828e+06	0
5.9829e+06	0
5.983e+06	0
5.9831e+06	0
5.9832e+06	0
5.9833e+06	0
5.9834e+06	0
5.9835e+06	0
5.9836e+06	0
5.9837e+06	0
5.9838e+06	0
5.9839e+06	0
5.984e+06	0
5.9841e+06	0
5.9842e+06	0
5.9843e+06	0
5.9844e+06	0
5.9845e+06	0
5.9846e+06	0
5.9847e+06	0
5.9848e+06	0
5.9849e+06	0
5.985e+06	0
5.9851e+06	0
5.9852e+06	0
5.9853e+06	0
5.9854e+06	0
5.9855e+06	0
5.9856e+06	0
5.9857e+06	0
5.9858e+06	0
5.9859e+06	0
5.986e+06	0
5.9861e+06	0
5.9862e+06	0
5.9863e+06	0
5.9864e+06	0
5.9865e+06	0
5.9866e+06	0
5.9867e+06	0
5.9868e+06	0
5.9869e+06	0
5.987e+06	0
5.9871e+06	0
5.9872e+06	0
5.9873e+06	0
5.9874e+06	0
5.9875e+06	0
5.9876e+06	0
5.9877e+06	0
5.9878e+06	0
5.9879e+06	0
5.988e+06	0
5.9881e+06	0
5.9882e+06	0
5.9883e+06	0
5.9884e+06	0
5.9885e+06	0
5.9886e+06	0
5.9887e+06	0
5.9888e+06	0
5.9889e+06	0
5.989e+06	0
5.9891e+06	0
5.9892e+06	0
5.9893e+06	0
5.9894e+06	0
5.9895e+06	0
5.9896e+06	0
5.9897e+06	0
5.9898e+06	0
5.9899e+06	0
5.99e+06	0
5.9901e+06	0
5.9902e+06	0
5.9903e+06	0
5.9904e+06	0
5.9905e+06	0
5.9906e+06	0
5.9907e+06	0
5.9908e+06	0
5.9909e+06	0
5.991e+06	0
5.9911e+06	0
5.9912e+06	0
5.9913e+06	0
5.9914e+06	0
5.9915e+06	0
5.9916e+06	0
5.9917e+06	0
5.9918e+06	0
5.9919e+06	0
5.992e+06	0
5.9921e+06	0
5.9922e+06	0
5.9923e+06	0
5.9924e+06	0
5.9925e+06	0
5.9926e+06	0
5.9927e+06	0
5.9928e+06	0
5.9929e+06	0
5.993e+06	0
5.9931e+06	0
5.9932e+06	0
5.9933e+06	0
5.9934e+06	0
5.9935e+06	0
5.9936e+06	0
5.9937e+06	0
5.9938e+06	0
5.9939e+06	0
5.994e+06	0
5.9941e+06	0
5.9942e+06	0
5.9943e+06	0
5.9944e+06	0
5.9945e+06	0
5.9946e+06	0
5.9947e+06	0
5.9948e+06	0
5.9949e+06	0
5.995e+06	0
5.9951e+06	0
5.9952e+06	0
5.9953e+06	0
5.9954e+06	0
5.9955e+06	0
5.9956e+06	0
5.9957e+06	0
5.9958e+06	0
5.9959e+06	0
5.996e+06	0
5.9961e+06	0
5.9962e+06	0
5.9963e+06	0
5.9964e+06	0
5.9965e+06	0
5.9966e+06	0
5.9967e+06	0
5.9968e+06	0
5.9969e+06	0
5.997e+06	0
5.9971e+06	0
5.9972e+06	0
5.9973e+06	0
5.9974e+06	0
5.9975e+06	0
5.9976e+06	0
5.9977e+06	0
5.9978e+06	0
5.9979e+06	0
5.998e+06	0
5.9981e+06	0
5.9982e+06	0
5.9983e+06	0
5.9984e+06	0
5.9985e+06	0
5.9986e+06	0
5.9987e+06	0
5.9988e+06	0
5.9989e+06	0
5.999e+06	0
5.9991e+06	0
5.9992e+06	0
5.9993e+06	0
5.9994e+06	0
5.9995e+06	0
5.9996e+06	0
5.9997e+06	0
5.9998e+06	0
5.9999e+06	0
6e+06	0
6.0001e+06	0
6.0002e+06	0
6.0003e+06	0
6.0004e+06	0
6.0005e+06	0
6.0006e+06	0
6.0007e+06	0
6.0008e+06	0
6.0009e+06	0
6.001e+06	0
6.0011e+06	0
6.0012e+06	0
6.0013e+06	0
6.0014e+06	0
6.0015e+06	0
6.0016e+06	0
6.0017e+06	0
6.0018e+06	0
6.0019e+06	0
6.002e+06	0
6.0021e+06	0
6.0022e+06	0
6.0023e+06	0
6.0024e+06	0
6.0025e+06	0
6.0026e+06	0
6.0027e+06	0
6.0028e+06	0
6.0029e+06	0
6.003e+06	0
6.0031e+06	0
6.0032e+06	0
6.0033e+06	0
6.0034e+06	0
6.0035e+06	0
6.0036e+06	0
6.0037e+06	0
6.0038e+06	0
6.0039e+06	0
6.004e+06	0
6.0041e+06	0
6.0042e+06	0
6.0043e+06	0
6.0044e+06	0
6.0045e+06	0
6.0046e+06	0
6.0047e+06	0
6.0048e+06	0
6.0049e+06	0
6.005e+06	0
6.0051e+06	0
6.0052e+06	0
6.0053e+06	0
6.0054e+06	0
6.0055e+06	0
6.0056e+06	0
6.0057e+06	0
6.0058e+06	0
6.0059e+06	0
6.006e+06	0
6.0061e+06	0
6.0062e+06	0
6.0063e+06	0
6.0064e+06	0
6.0065e+06	0
6.0066e+06	0
6.0067e+06	0
6.0068e+06	0
6.0069e+06	0
6.007e+06	0
6.0071e+06	0
6.0072e+06	0
6.0073e+06	0
6.0074e+06	0
6.0075e+06	0
6.0076e+06	0
6.0077e+06	0
6.0078e+06	0
6.0079e+06	0
6.008e+06	0
6.0081e+06	0
6.0082e+06	0
6.0083e+06	0
6.0084e+06	0
6.0085e+06	0
6.0086e+06	0
6.0087e+06	0
6.0088e+06	0
6.0089e+06	0
6.009e+06	0
6.0091e+06	0
6.0092e+06	0
6.0093e+06	0
6.0094e+06	0
6.0095e+06	0
6.0096e+06	0
6.0097e+06	0
6.0098e+06	0
6.0099e+06	0
6.01e+06	0
6.0101e+06	0
6.0102e+06	0
6.0103e+06	0
6.0104e+06	0
6.0105e+06	0
6.0106e+06	0
6.0107e+06	0
6.0108e+06	0
6.0109e+06	0
6.011e+06	0
6.0111e+06	0
6.0112e+06	0
6.0113e+06	0
6.0114e+06	0
6.0115e+06	0
6.0116e+06	0
6.0117e+06	0
6.0118e+06	0
6.0119e+06	0
6.012e+06	0
6.0121e+06	0
6.0122e+06	0
6.0123e+06	0
6.0124e+06	0
6.0125e+06	0
6.0126e+06	0
6.0127e+06	0
6.0128e+06	0
6.0129e+06	0
6.013e+06	0
6.0131e+06	0
6.0132e+06	0
6.0133e+06	0
6.0134e+06	0
6.0135e+06	0
6.0136e+06	0
6.0137e+06	0
6.0138e+06	0
6.0139e+06	0
6.014e+06	0
6.0141e+06	0
6.0142e+06	0
6.0143e+06	0
6.0144e+06	0
6.0145e+06	0
6.0146e+06	0
6.0147e+06	0
6.0148e+06	0
6.0149e+06	0
6.015e+06	0
6.0151e+06	0
6.0152e+06	0
6.0153e+06	0
6.0154e+06	0
6.0155e+06	0
6.0156e+06	0
6.0157e+06	0
6.0158e+06	0
6.0159e+06	0
6.016e+06	0
6.0161e+06	0
6.0162e+06	0
6.0163e+06	0
6.0164e+06	0
6.0165e+06	0
6.0166e+06	0
6.0167e+06	0
6.0168e+06	0
6.0169e+06	0
6.017e+06	0
6.0171e+06	0
6.0172e+06	0
6.0173e+06	0
6.0174e+06	0
6.0175e+06	0
6.0176e+06	0
6.0177e+06	0
6.0178e+06	0
6.0179e+06	0
6.018e+06	0
6.0181e+06	0
6.0182e+06	0
6.0183e+06	0
6.0184e+06	0
6.0185e+06	0
6.0186e+06	0
6.0187e+06	0
6.0188e+06	0
6.0189e+06	0
6.019e+06	0
6.0191e+06	0
6.0192e+06	0
6.0193e+06	0
6.0194e+06	0
6.0195e+06	0
6.0196e+06	0
6.0197e+06	0
6.0198e+06	0
6.0199e+06	0
6.02e+06	0
6.0201e+06	0
6.0202e+06	0
6.0203e+06	0
6.0204e+06	0
6.0205e+06	0
6.0206e+06	0
6.0207e+06	0
6.0208e+06	0
6.0209e+06	0
6.021e+06	0
6.0211e+06	0
6.0212e+06	0
6.0213e+06	0
6.0214e+06	0
6.0215e+06	0
6.0216e+06	0
6.0217e+06	0
6.0218e+06	0
6.0219e+06	0
6.022e+06	0
6.0221e+06	0
6.0222e+06	0
6.0223e+06	0
6.0224e+06	0
6.0225e+06	0
6.0226e+06	0
6.0227e+06	0
6.0228e+06	0
6.0229e+06	0
6.023e+06	0
6.0231e+06	0
6.0232e+06	0
6.0233e+06	0
6.0234e+06	0
6.0235e+06	0
6.0236e+06	0
6.0237e+06	0
6.0238e+06	0
6.0239e+06	0
6.024e+06	0
6.0241e+06	0
6.0242e+06	0
6.0243e+06	0
6.0244e+06	0
6.0245e+06	0
6.0246e+06	0
6.0247e+06	0
6.0248e+06	0
6.0249e+06	0
6.025e+06	0
6.0251e+06	0
6.0252e+06	0
6.0253e+06	0
6.0254e+06	0
6.0255e+06	0
6.0256e+06	0
6.0257e+06	0
6.0258e+06	0
6.0259e+06	0
6.026e+06	0
6.0261e+06	0
6.0262e+06	0
6.0263e+06	0
6.0264e+06	0
6.0265e+06	0
6.0266e+06	0
6.0267e+06	0
6.0268e+06	0
6.0269e+06	0
6.027e+06	0
6.0271e+06	0
6.0272e+06	0
6.0273e+06	0
6.0274e+06	0
6.0275e+06	0
6.0276e+06	0
6.0277e+06	0
6.0278e+06	0
6.0279e+06	0
6.028e+06	0
6.0281e+06	0
6.0282e+06	0
6.0283e+06	0
6.0284e+06	0
6.0285e+06	0
6.0286e+06	0
6.0287e+06	0
6.0288e+06	0
6.0289e+06	0
6.029e+06	0
6.0291e+06	0
6.0292e+06	0
6.0293e+06	0
6.0294e+06	0
6.0295e+06	0
6.0296e+06	0
6.0297e+06	0
6.0298e+06	0
6.0299e+06	0
6.03e+06	0
6.0301e+06	0
6.0302e+06	0
6.0303e+06	0
6.0304e+06	0
6.0305e+06	0
6.0306e+06	0
6.0307e+06	0
6.0308e+06	0
6.0309e+06	0
6.031e+06	0
6.0311e+06	0
6.0312e+06	0
6.0313e+06	0
6.0314e+06	0
6.0315e+06	0
6.0316e+06	0
6.0317e+06	0
6.0318e+06	0
6.0319e+06	0
6.032e+06	0
6.0321e+06	0
6.0322e+06	0
6.0323e+06	0
6.0324e+06	0
6.0325e+06	0
6.0326e+06	0
6.0327e+06	0
6.0328e+06	0
6.0329e+06	0
6.033e+06	0
6.0331e+06	0
6.0332e+06	0
6.0333e+06	0
6.0334e+06	0
6.0335e+06	0
6.0336e+06	0
6.0337e+06	0
6.0338e+06	0
6.0339e+06	0
6.034e+06	0
6.0341e+06	0
6.0342e+06	0
6.0343e+06	0
6.0344e+06	0
6.0345e+06	0
6.0346e+06	0
6.0347e+06	0
6.0348e+06	0
6.0349e+06	0
6.035e+06	0
6.0351e+06	0
6.0352e+06	0
6.0353e+06	0
6.0354e+06	0
6.0355e+06	0
6.0356e+06	0
6.0357e+06	0
6.0358e+06	0
6.0359e+06	0
6.036e+06	0
6.0361e+06	0
6.0362e+06	0
6.0363e+06	0
6.0364e+06	0
6.0365e+06	0
6.0366e+06	0
6.0367e+06	0
6.0368e+06	0
6.0369e+06	0
6.037e+06	0
6.0371e+06	0
6.0372e+06	0
6.0373e+06	0
6.0374e+06	0
6.0375e+06	0
6.0376e+06	0
6.0377e+06	0
6.0378e+06	0
6.0379e+06	0
6.038e+06	0
6.0381e+06	0
6.0382e+06	0
6.0383e+06	0
6.0384e+06	0
6.0385e+06	0
6.0386e+06	0
6.0387e+06	0
6.0388e+06	0
6.0389e+06	0
6.039e+06	0
6.0391e+06	0
6.0392e+06	0
6.0393e+06	0
6.0394e+06	0
6.0395e+06	0
6.0396e+06	0
6.0397e+06	0
6.0398e+06	0
6.0399e+06	0
6.04e+06	0
6.0401e+06	0
6.0402e+06	0
6.0403e+06	0
6.0404e+06	0
6.0405e+06	0
6.0406e+06	0
6.0407e+06	0
6.0408e+06	0
6.0409e+06	0
6.041e+06	0
6.0411e+06	0
6.0412e+06	0
6.0413e+06	0
6.0414e+06	0
6.0415e+06	0
6.0416e+06	0
6.0417e+06	0
6.0418e+06	0
6.0419e+06	0
6.042e+06	0
6.0421e+06	0
6.0422e+06	0
6.0423e+06	0
6.0424e+06	0
6.0425e+06	0
6.0426e+06	0
6.0427e+06	0
6.0428e+06	0
6.0429e+06	0
6.043e+06	0
6.0431e+06	0
6.0432e+06	0
6.0433e+06	0
6.0434e+06	0
6.0435e+06	0
6.0436e+06	0
6.0437e+06	0
6.0438e+06	0
6.0439e+06	0
6.044e+06	0
6.0441e+06	0
6.0442e+06	0
6.0443e+06	0
6.0444e+06	0
6.0445e+06	0
6.0446e+06	0
6.0447e+06	0
6.0448e+06	0
6.0449e+06	0
6.045e+06	0
6.0451e+06	0
6.0452e+06	0
6.0453e+06	0
6.0454e+06	0
6.0455e+06	0
6.0456e+06	0
6.0457e+06	0
6.0458e+06	0
6.0459e+06	0
6.046e+06	0
6.0461e+06	0
6.0462e+06	0
6.0463e+06	0
6.0464e+06	0
6.0465e+06	0
6.0466e+06	0
6.0467e+06	0
6.0468e+06	0
6.0469e+06	0
6.047e+06	0
6.0471e+06	0
6.0472e+06	0
6.0473e+06	0
6.0474e+06	0
6.0475e+06	0
6.0476e+06	0
6.0477e+06	0
6.0478e+06	0
6.0479e+06	0
6.048e+06	0
6.0481e+06	0
6.0482e+06	0
6.0483e+06	0
6.0484e+06	0
6.0485e+06	0
6.0486e+06	0
6.0487e+06	0
6.0488e+06	0
6.0489e+06	0
6.049e+06	0
6.0491e+06	0
6.0492e+06	0
6.0493e+06	0
6.0494e+06	0
6.0495e+06	0
6.0496e+06	0
6.0497e+06	0
6.0498e+06	0
6.0499e+06	0
6.05e+06	0
6.0501e+06	0
6.0502e+06	0
6.0503e+06	0
6.0504e+06	0
6.0505e+06	0
6.0506e+06	0
6.0507e+06	0
6.0508e+06	0
6.0509e+06	0
6.051e+06	0
6.0511e+06	0
6.0512e+06	0
6.0513e+06	0
6.0514e+06	0
6.0515e+06	0
6.0516e+06	0
6.0517e+06	0
6.0518e+06	0
6.0519e+06	0
6.052e+06	0
6.0521e+06	0
6.0522e+06	0
6.0523e+06	0
6.0524e+06	0
6.0525e+06	0
6.0526e+06	0
6.0527e+06	0
6.0528e+06	0
6.0529e+06	0
6.053e+06	0
6.0531e+06	0
6.0532e+06	0
6.0533e+06	0
6.0534e+06	0
6.0535e+06	0
6.0536e+06	0
6.0537e+06	0
6.0538e+06	0
6.0539e+06	0
6.054e+06	0
6.0541e+06	0
6.0542e+06	0
6.0543e+06	0
6.0544e+06	0
6.0545e+06	0
6.0546e+06	0
6.0547e+06	0
6.0548e+06	0
6.0549e+06	0
6.055e+06	0
6.0551e+06	0
6.0552e+06	0
6.0553e+06	0
6.0554e+06	0
6.0555e+06	0
6.0556e+06	0
6.0557e+06	0
6.0558e+06	0
6.0559e+06	0
6.056e+06	0
6.0561e+06	0
6.0562e+06	0
6.0563e+06	0
6.0564e+06	0
6.0565e+06	0
6.0566e+06	0
6.0567e+06	0
6.0568e+06	0
6.0569e+06	0
6.057e+06	0
6.0571e+06	0
6.0572e+06	0
6.0573e+06	0
6.0574e+06	0
6.0575e+06	0
6.0576e+06	0
6.0577e+06	0
6.0578e+06	0
6.0579e+06	0
6.058e+06	0
6.0581e+06	0
6.0582e+06	0
6.0583e+06	0
6.0584e+06	0
6.0585e+06	0
6.0586e+06	0
6.0587e+06	0
6.0588e+06	0
6.0589e+06	0
6.059e+06	0
6.0591e+06	0
6.0592e+06	0
6.0593e+06	0
6.0594e+06	0
6.0595e+06	0
6.0596e+06	0
6.0597e+06	0
6.0598e+06	0
6.0599e+06	0
6.06e+06	0
6.0601e+06	0
6.0602e+06	0
6.0603e+06	0
6.0604e+06	0
6.0605e+06	0
6.0606e+06	0
6.0607e+06	0
6.0608e+06	0
6.0609e+06	0
6.061e+06	0
6.0611e+06	0
6.0612e+06	0
6.0613e+06	0
6.0614e+06	0
6.0615e+06	0
6.0616e+06	0
6.0617e+06	0
6.0618e+06	0
6.0619e+06	0
6.062e+06	0
6.0621e+06	0
6.0622e+06	0
6.0623e+06	0
6.0624e+06	0
6.0625e+06	0
6.0626e+06	0
6.0627e+06	0
6.0628e+06	0
6.0629e+06	0
6.063e+06	0
6.0631e+06	0
6.0632e+06	0
6.0633e+06	0
6.0634e+06	0
6.0635e+06	0
6.0636e+06	0
6.0637e+06	0
6.0638e+06	0
6.0639e+06	0
6.064e+06	0
6.0641e+06	0
6.0642e+06	0
6.0643e+06	0
6.0644e+06	0
6.0645e+06	0
6.0646e+06	0
6.0647e+06	0
6.0648e+06	0
6.0649e+06	0
6.065e+06	0
6.0651e+06	0
6.0652e+06	0
6.0653e+06	0
6.0654e+06	0
6.0655e+06	0
6.0656e+06	0
6.0657e+06	0
6.0658e+06	0
6.0659e+06	0
6.066e+06	0
6.0661e+06	0
6.0662e+06	0
6.0663e+06	0
6.0664e+06	0
6.0665e+06	0
6.0666e+06	0
6.0667e+06	0
6.0668e+06	0
6.0669e+06	0
6.067e+06	0
6.0671e+06	0
6.0672e+06	0
6.0673e+06	0
6.0674e+06	0
6.0675e+06	0
6.0676e+06	0
6.0677e+06	0
6.0678e+06	0
6.0679e+06	0
6.068e+06	0
6.0681e+06	0
6.0682e+06	0
6.0683e+06	0
6.0684e+06	0
6.0685e+06	0
6.0686e+06	0
6.0687e+06	0
6.0688e+06	0
6.0689e+06	0
6.069e+06	0
6.0691e+06	0
6.0692e+06	0
6.0693e+06	0
6.0694e+06	0
6.0695e+06	0
6.0696e+06	0
6.0697e+06	0
6.0698e+06	0
6.0699e+06	0
6.07e+06	0
6.0701e+06	0
6.0702e+06	0
6.0703e+06	0
6.0704e+06	0
6.0705e+06	0
6.0706e+06	0
6.0707e+06	0
6.0708e+06	0
6.0709e+06	0
6.071e+06	0
6.0711e+06	0
6.0712e+06	0
6.0713e+06	0
6.0714e+06	0
6.0715e+06	0
6.0716e+06	0
6.0717e+06	0
6.0718e+06	0
6.0719e+06	0
6.072e+06	0
6.0721e+06	0
6.0722e+06	0
6.0723e+06	0
6.0724e+06	0
6.0725e+06	0
6.0726e+06	0
6.0727e+06	0
6.0728e+06	0
6.0729e+06	0
6.073e+06	0
6.0731e+06	0
6.0732e+06	0
6.0733e+06	0
6.0734e+06	0
6.0735e+06	0
6.0736e+06	0
6.0737e+06	0
6.0738e+06	0
6.0739e+06	0
6.074e+06	0
6.0741e+06	0
6.0742e+06	0
6.0743e+06	0
6.0744e+06	0
6.0745e+06	0
6.0746e+06	0
6.0747e+06	0
6.0748e+06	0
6.0749e+06	0
6.075e+06	0
6.0751e+06	0
6.0752e+06	0
6.0753e+06	0
6.0754e+06	0
6.0755e+06	0
6.0756e+06	0
6.0757e+06	0
6.0758e+06	0
6.0759e+06	0
6.076e+06	0
6.0761e+06	0
6.0762e+06	0
6.0763e+06	0
6.0764e+06	0
6.0765e+06	0
6.0766e+06	0
6.0767e+06	0
6.0768e+06	0
6.0769e+06	0
6.077e+06	0
6.0771e+06	0
6.0772e+06	0
6.0773e+06	0
6.0774e+06	0
6.0775e+06	0
6.0776e+06	0
6.0777e+06	0
6.0778e+06	0
6.0779e+06	0
6.078e+06	0
6.0781e+06	0
6.0782e+06	0
6.0783e+06	0
6.0784e+06	0
6.0785e+06	0
6.0786e+06	0
6.0787e+06	0
6.0788e+06	0
6.0789e+06	0
6.079e+06	0
6.0791e+06	0
6.0792e+06	0
6.0793e+06	0
6.0794e+06	0
6.0795e+06	0
6.0796e+06	0
6.0797e+06	0
6.0798e+06	0
6.0799e+06	0
6.08e+06	0
6.0801e+06	0
6.0802e+06	0
6.0803e+06	0
6.0804e+06	0
6.0805e+06	0
6.0806e+06	0
6.0807e+06	0
6.0808e+06	0
6.0809e+06	0
6.081e+06	0
6.0811e+06	0
6.0812e+06	0
6.0813e+06	0
6.0814e+06	0
6.0815e+06	0
6.0816e+06	0
6.0817e+06	0
6.0818e+06	0
6.0819e+06	0
6.082e+06	0
6.0821e+06	0
6.0822e+06	0
6.0823e+06	0
6.0824e+06	0
6.0825e+06	0
6.0826e+06	0
6.0827e+06	0
6.0828e+06	0
6.0829e+06	0
6.083e+06	0
6.0831e+06	0
6.0832e+06	0
6.0833e+06	0
6.0834e+06	0
6.0835e+06	0
6.0836e+06	0
6.0837e+06	0
6.0838e+06	0
6.0839e+06	0
6.084e+06	0
6.0841e+06	0
6.0842e+06	0
6.0843e+06	0
6.0844e+06	0
6.0845e+06	0
6.0846e+06	0
6.0847e+06	0
6.0848e+06	0
6.0849e+06	0
6.085e+06	0
6.0851e+06	0
6.0852e+06	0
6.0853e+06	0
6.0854e+06	0
6.0855e+06	0
6.0856e+06	0
6.0857e+06	0
6.0858e+06	0
6.0859e+06	0
6.086e+06	0
6.0861e+06	0
6.0862e+06	0
6.0863e+06	0
6.0864e+06	0
6.0865e+06	0
6.0866e+06	0
6.0867e+06	0
6.0868e+06	0
6.0869e+06	0
6.087e+06	0
6.0871e+06	0
6.0872e+06	0
6.0873e+06	0
6.0874e+06	0
6.0875e+06	0
6.0876e+06	0
6.0877e+06	0
6.0878e+06	0
6.0879e+06	0
6.088e+06	0
6.0881e+06	0
6.0882e+06	0
6.0883e+06	0
6.0884e+06	0
6.0885e+06	0
6.0886e+06	0
6.0887e+06	0
6.0888e+06	0
6.0889e+06	0
6.089e+06	0
6.0891e+06	0
6.0892e+06	0
6.0893e+06	0
6.0894e+06	0
6.0895e+06	0
6.0896e+06	0
6.0897e+06	0
6.0898e+06	0
6.0899e+06	0
6.09e+06	0
6.0901e+06	0
6.0902e+06	0
6.0903e+06	0
6.0904e+06	0
6.0905e+06	0
6.0906e+06	0
6.0907e+06	0
6.0908e+06	0
6.0909e+06	0
6.091e+06	0
6.0911e+06	0
6.0912e+06	0
6.0913e+06	0
6.0914e+06	0
6.0915e+06	0
6.0916e+06	0
6.0917e+06	0
6.0918e+06	0
6.0919e+06	0
6.092e+06	0
6.0921e+06	0
6.0922e+06	0
6.0923e+06	0
6.0924e+06	0
6.0925e+06	0
6.0926e+06	0
6.0927e+06	0
6.0928e+06	0
6.0929e+06	0
6.093e+06	0
6.0931e+06	0
6.0932e+06	0
6.0933e+06	0
6.0934e+06	0
6.0935e+06	0
6.0936e+06	0
6.0937e+06	0
6.0938e+06	0
6.0939e+06	0
6.094e+06	0
6.0941e+06	0
6.0942e+06	0
6.0943e+06	0
6.0944e+06	0
6.0945e+06	0
6.0946e+06	0
6.0947e+06	0
6.0948e+06	0
6.0949e+06	0
6.095e+06	0
6.0951e+06	0
6.0952e+06	0
6.0953e+06	0
6.0954e+06	0
6.0955e+06	0
6.0956e+06	0
6.0957e+06	0
6.0958e+06	0
6.0959e+06	0
6.096e+06	0
6.0961e+06	0
6.0962e+06	0
6.0963e+06	0
6.0964e+06	0
6.0965e+06	0
6.0966e+06	0
6.0967e+06	0
6.0968e+06	0
6.0969e+06	0
6.097e+06	0
6.0971e+06	0
6.0972e+06	0
6.0973e+06	0
6.0974e+06	0
6.0975e+06	0
6.0976e+06	0
6.0977e+06	0
6.0978e+06	0
6.0979e+06	0
6.098e+06	0
6.0981e+06	0
6.0982e+06	0
6.0983e+06	0
6.0984e+06	0
6.0985e+06	0
6.0986e+06	0
6.0987e+06	0
6.0988e+06	0
6.0989e+06	0
6.099e+06	0
6.0991e+06	0
6.0992e+06	0
6.0993e+06	0
6.0994e+06	0
6.0995e+06	0
6.0996e+06	0
6.0997e+06	0
6.0998e+06	0
6.0999e+06	0
6.1e+06	0
6.1001e+06	0
6.1002e+06	0
6.1003e+06	0
6.1004e+06	0
6.1005e+06	0
6.1006e+06	0
6.1007e+06	0
6.1008e+06	0
6.1009e+06	0
6.101e+06	0
6.1011e+06	0
6.1012e+06	0
6.1013e+06	0
6.1014e+06	0
6.1015e+06	0
6.1016e+06	0
6.1017e+06	0
6.1018e+06	0
6.1019e+06	0
6.102e+06	0
6.1021e+06	0
6.1022e+06	0
6.1023e+06	0
6.1024e+06	0
6.1025e+06	0
6.1026e+06	0
6.1027e+06	0
6.1028e+06	0
6.1029e+06	0
6.103e+06	0
6.1031e+06	0
6.1032e+06	0
6.1033e+06	0
6.1034e+06	0
6.1035e+06	0
6.1036e+06	0
6.1037e+06	0
6.1038e+06	0
6.1039e+06	0
6.104e+06	0
6.1041e+06	0
6.1042e+06	0
6.1043e+06	0
6.1044e+06	0
6.1045e+06	0
6.1046e+06	0
6.1047e+06	0
6.1048e+06	0
6.1049e+06	0
6.105e+06	0
6.1051e+06	0
6.1052e+06	0
6.1053e+06	0
6.1054e+06	0
6.1055e+06	0
6.1056e+06	0
6.1057e+06	0
6.1058e+06	0
6.1059e+06	0
6.106e+06	0
6.1061e+06	0
6.1062e+06	0
6.1063e+06	0
6.1064e+06	0
6.1065e+06	0
6.1066e+06	0
6.1067e+06	0
6.1068e+06	0
6.1069e+06	0
6.107e+06	0
6.1071e+06	0
6.1072e+06	0
6.1073e+06	0
6.1074e+06	0
6.1075e+06	0
6.1076e+06	0
6.1077e+06	0
6.1078e+06	0
6.1079e+06	0
6.108e+06	0
6.1081e+06	0
6.1082e+06	0
6.1083e+06	0
6.1084e+06	0
6.1085e+06	0
6.1086e+06	0
6.1087e+06	0
6.1088e+06	0
6.1089e+06	0
6.109e+06	0
6.1091e+06	0
6.1092e+06	0
6.1093e+06	0
6.1094e+06	0
6.1095e+06	0
6.1096e+06	0
6.1097e+06	0
6.1098e+06	0
6.1099e+06	0
6.11e+06	0
6.1101e+06	0
6.1102e+06	0
6.1103e+06	0
6.1104e+06	0
6.1105e+06	0
6.1106e+06	0
6.1107e+06	0
6.1108e+06	0
6.1109e+06	0
6.111e+06	0
6.1111e+06	0
6.1112e+06	0
6.1113e+06	0
6.1114e+06	0
6.1115e+06	0
6.1116e+06	0
6.1117e+06	0
6.1118e+06	0
6.1119e+06	0
6.112e+06	0
6.1121e+06	0
6.1122e+06	0
6.1123e+06	0
6.1124e+06	0
6.1125e+06	0
6.1126e+06	0
6.1127e+06	0
6.1128e+06	0
6.1129e+06	0
6.113e+06	0
6.1131e+06	0
6.1132e+06	0
6.1133e+06	0
6.1134e+06	0
6.1135e+06	0
6.1136e+06	0
6.1137e+06	0
6.1138e+06	0
6.1139e+06	0
6.114e+06	0
6.1141e+06	0
6.1142e+06	0
6.1143e+06	0
6.1144e+06	0
6.1145e+06	0
6.1146e+06	0
6.1147e+06	0
6.1148e+06	0
6.1149e+06	0
6.115e+06	0
6.1151e+06	0
6.1152e+06	0
6.1153e+06	0
6.1154e+06	0
6.1155e+06	0
6.1156e+06	0
6.1157e+06	0
6.1158e+06	0
6.1159e+06	0
6.116e+06	0
6.1161e+06	0
6.1162e+06	0
6.1163e+06	0
6.1164e+06	0
6.1165e+06	0
6.1166e+06	0
6.1167e+06	0
6.1168e+06	0
6.1169e+06	0
6.117e+06	0
6.1171e+06	0
6.1172e+06	0
6.1173e+06	0
6.1174e+06	0
6.1175e+06	0
6.1176e+06	0
6.1177e+06	0
6.1178e+06	0
6.1179e+06	0
6.118e+06	0
6.1181e+06	0
6.1182e+06	0
6.1183e+06	0
6.1184e+06	0
6.1185e+06	0
6.1186e+06	0
6.1187e+06	0
6.1188e+06	0
6.1189e+06	0
6.119e+06	0
6.1191e+06	0
6.1192e+06	0
6.1193e+06	0
6.1194e+06	0
6.1195e+06	0
6.1196e+06	0
6.1197e+06	0
6.1198e+06	0
6.1199e+06	0
6.12e+06	0
6.1201e+06	0
6.1202e+06	0
6.1203e+06	0
6.1204e+06	0
6.1205e+06	0
6.1206e+06	0
6.1207e+06	0
6.1208e+06	0
6.1209e+06	0
6.121e+06	0
6.1211e+06	0
6.1212e+06	0
6.1213e+06	0
6.1214e+06	0
6.1215e+06	0
6.1216e+06	0
6.1217e+06	0
6.1218e+06	0
6.1219e+06	0
6.122e+06	0
6.1221e+06	0
6.1222e+06	0
6.1223e+06	0
6.1224e+06	0
6.1225e+06	0
6.1226e+06	0
6.1227e+06	0
6.1228e+06	0
6.1229e+06	0
6.123e+06	0
6.1231e+06	0
6.1232e+06	0
6.1233e+06	0
6.1234e+06	0
6.1235e+06	0
6.1236e+06	0
6.1237e+06	0
6.1238e+06	0
6.1239e+06	0
6.124e+06	0
6.1241e+06	0
6.1242e+06	0
6.1243e+06	0
6.1244e+06	0
6.1245e+06	0
6.1246e+06	0
6.1247e+06	0
6.1248e+06	0
6.1249e+06	0
6.125e+06	0
6.1251e+06	0
6.1252e+06	0
6.1253e+06	0
6.1254e+06	0
6.1255e+06	0
6.1256e+06	0
6.1257e+06	0
6.1258e+06	0
6.1259e+06	0
6.126e+06	0
6.1261e+06	0
6.1262e+06	0
6.1263e+06	0
6.1264e+06	0
6.1265e+06	0
6.1266e+06	0
6.1267e+06	0
6.1268e+06	0
6.1269e+06	0
6.127e+06	0
6.1271e+06	0
6.1272e+06	0
6.1273e+06	0
6.1274e+06	0
6.1275e+06	0
6.1276e+06	0
6.1277e+06	0
6.1278e+06	0
6.1279e+06	0
6.128e+06	0
6.1281e+06	0
6.1282e+06	0
6.1283e+06	0
6.1284e+06	0
6.1285e+06	0
6.1286e+06	0
6.1287e+06	0
6.1288e+06	0
6.1289e+06	0
6.129e+06	0
6.1291e+06	0
6.1292e+06	0
6.1293e+06	0
6.1294e+06	0
6.1295e+06	0
6.1296e+06	0
6.1297e+06	0
6.1298e+06	0
6.1299e+06	0
6.13e+06	0
6.1301e+06	0
6.1302e+06	0
6.1303e+06	0
6.1304e+06	0
6.1305e+06	0
6.1306e+06	0
6.1307e+06	0
6.1308e+06	0
6.1309e+06	0
6.131e+06	0
6.1311e+06	0
6.1312e+06	0
6.1313e+06	0
6.1314e+06	0
6.1315e+06	0
6.1316e+06	0
6.1317e+06	0
6.1318e+06	0
6.1319e+06	0
6.132e+06	0
6.1321e+06	0
6.1322e+06	0
6.1323e+06	0
6.1324e+06	0
6.1325e+06	0
6.1326e+06	0
6.1327e+06	0
6.1328e+06	0
6.1329e+06	0
6.133e+06	0
6.1331e+06	0
6.1332e+06	0
6.1333e+06	0
6.1334e+06	0
6.1335e+06	0
6.1336e+06	0
6.1337e+06	0
6.1338e+06	0
6.1339e+06	0
6.134e+06	0
6.1341e+06	0
6.1342e+06	0
6.1343e+06	0
6.1344e+06	0
6.1345e+06	0
6.1346e+06	0
6.1347e+06	0
6.1348e+06	0
6.1349e+06	0
6.135e+06	0
6.1351e+06	0
6.1352e+06	0
6.1353e+06	0
6.1354e+06	0
6.1355e+06	0
6.1356e+06	0
6.1357e+06	0
6.1358e+06	0
6.1359e+06	0
6.136e+06	0
6.1361e+06	0
6.1362e+06	0
6.1363e+06	0
6.1364e+06	0
6.1365e+06	0
6.1366e+06	0
6.1367e+06	0
6.1368e+06	0
6.1369e+06	0
6.137e+06	0
6.1371e+06	0
6.1372e+06	0
6.1373e+06	0
6.1374e+06	0
6.1375e+06	0
6.1376e+06	0
6.1377e+06	0
6.1378e+06	0
6.1379e+06	0
6.138e+06	0
6.1381e+06	0
6.1382e+06	0
6.1383e+06	0
6.1384e+06	0
6.1385e+06	0
6.1386e+06	0
6.1387e+06	0
6.1388e+06	0
6.1389e+06	0
6.139e+06	0
6.1391e+06	0
6.1392e+06	0
6.1393e+06	0
6.1394e+06	0
6.1395e+06	0
6.1396e+06	0
6.1397e+06	0
6.1398e+06	0
6.1399e+06	0
6.14e+06	0
6.1401e+06	0
6.1402e+06	0
6.1403e+06	0
6.1404e+06	0
6.1405e+06	0
6.1406e+06	0
6.1407e+06	0
6.1408e+06	0
6.1409e+06	0
6.141e+06	0
6.1411e+06	0
6.1412e+06	0
6.1413e+06	0
6.1414e+06	0
6.1415e+06	0
6.1416e+06	0
6.1417e+06	0
6.1418e+06	0
6.1419e+06	0
6.142e+06	0
6.1421e+06	0
6.1422e+06	0
6.1423e+06	0
6.1424e+06	0
6.1425e+06	0
6.1426e+06	0
6.1427e+06	0
6.1428e+06	0
6.1429e+06	0
6.143e+06	0
6.1431e+06	0
6.1432e+06	0
6.1433e+06	0
6.1434e+06	0
6.1435e+06	0
6.1436e+06	0
6.1437e+06	0
6.1438e+06	0
6.1439e+06	0
6.144e+06	0
6.1441e+06	0
6.1442e+06	0
6.1443e+06	0
6.1444e+06	0
6.1445e+06	0
6.1446e+06	0
6.1447e+06	0
6.1448e+06	0
6.1449e+06	0
6.145e+06	0
6.1451e+06	0
6.1452e+06	0
6.1453e+06	0
6.1454e+06	0
6.1455e+06	0
6.1456e+06	0
6.1457e+06	0
6.1458e+06	0
6.1459e+06	0
6.146e+06	0
6.1461e+06	0
6.1462e+06	0
6.1463e+06	0
6.1464e+06	0
6.1465e+06	0
6.1466e+06	0
6.1467e+06	0
6.1468e+06	0
6.1469e+06	0
6.147e+06	0
6.1471e+06	0
6.1472e+06	0
6.1473e+06	0
6.1474e+06	0
6.1475e+06	0
6.1476e+06	0
6.1477e+06	0
6.1478e+06	0
6.1479e+06	0
6.148e+06	0
6.1481e+06	0
6.1482e+06	0
6.1483e+06	0
6.1484e+06	0
6.1485e+06	0
6.1486e+06	0
6.1487e+06	0
6.1488e+06	0
6.1489e+06	0
6.149e+06	0
6.1491e+06	0
6.1492e+06	0
6.1493e+06	0
6.1494e+06	0
6.1495e+06	0
6.1496e+06	0
6.1497e+06	0
6.1498e+06	0
6.1499e+06	0
6.15e+06	0
6.1501e+06	0
6.1502e+06	0
6.1503e+06	0
6.1504e+06	0
6.1505e+06	0
6.1506e+06	0
6.1507e+06	0
6.1508e+06	0
6.1509e+06	0
6.151e+06	0
6.1511e+06	0
6.1512e+06	0
6.1513e+06	0
6.1514e+06	0
6.1515e+06	0
6.1516e+06	0
6.1517e+06	0
6.1518e+06	0
6.1519e+06	0
6.152e+06	0
6.1521e+06	0
6.1522e+06	0
6.1523e+06	0
6.1524e+06	0
6.1525e+06	0
6.1526e+06	0
6.1527e+06	0
6.1528e+06	0
6.1529e+06	0
6.153e+06	0
6.1531e+06	0
6.1532e+06	0
6.1533e+06	0
6.1534e+06	0
6.1535e+06	0
6.1536e+06	0
6.1537e+06	0
6.1538e+06	0
6.1539e+06	0
6.154e+06	0
6.1541e+06	0
6.1542e+06	0
6.1543e+06	0
6.1544e+06	0
6.1545e+06	0
6.1546e+06	0
6.1547e+06	0
6.1548e+06	0
6.1549e+06	0
6.155e+06	0
6.1551e+06	0
6.1552e+06	0
6.1553e+06	0
6.1554e+06	0
6.1555e+06	0
6.1556e+06	0
6.1557e+06	0
6.1558e+06	0
6.1559e+06	0
6.156e+06	0
6.1561e+06	0
6.1562e+06	0
6.1563e+06	0
6.1564e+06	0
6.1565e+06	0
6.1566e+06	0
6.1567e+06	0
6.1568e+06	0
6.1569e+06	0
6.157e+06	0
6.1571e+06	0
6.1572e+06	0
6.1573e+06	0
6.1574e+06	0
6.1575e+06	0
6.1576e+06	0
6.1577e+06	0
6.1578e+06	0
6.1579e+06	0
6.158e+06	0
6.1581e+06	0
6.1582e+06	0
6.1583e+06	0
6.1584e+06	0
6.1585e+06	0
6.1586e+06	0
6.1587e+06	0
6.1588e+06	0
6.1589e+06	0
6.159e+06	0
6.1591e+06	0
6.1592e+06	0
6.1593e+06	0
6.1594e+06	0
6.1595e+06	0
6.1596e+06	0
6.1597e+06	0
6.1598e+06	0
6.1599e+06	0
6.16e+06	0
6.1601e+06	0
6.1602e+06	0
6.1603e+06	0
6.1604e+06	0
6.1605e+06	0
6.1606e+06	0
6.1607e+06	0
6.1608e+06	0
6.1609e+06	0
6.161e+06	0
6.1611e+06	0
6.1612e+06	0
6.1613e+06	0
6.1614e+06	0
6.1615e+06	0
6.1616e+06	0
6.1617e+06	0
6.1618e+06	0
6.1619e+06	0
6.162e+06	0
6.1621e+06	0
6.1622e+06	0
6.1623e+06	0
6.1624e+06	0
6.1625e+06	0
6.1626e+06	0
6.1627e+06	0
6.1628e+06	0
6.1629e+06	0
6.163e+06	0
6.1631e+06	0
6.1632e+06	0
6.1633e+06	0
6.1634e+06	0
6.1635e+06	0
6.1636e+06	0
6.1637e+06	0
6.1638e+06	0
6.1639e+06	0
6.164e+06	0
6.1641e+06	0
6.1642e+06	0
6.1643e+06	0
6.1644e+06	0
6.1645e+06	0
6.1646e+06	0
6.1647e+06	0
6.1648e+06	0
6.1649e+06	0
6.165e+06	0
6.1651e+06	0
6.1652e+06	0
6.1653e+06	0
6.1654e+06	0
6.1655e+06	0
6.1656e+06	0
6.1657e+06	0
6.1658e+06	0
6.1659e+06	0
6.166e+06	0
6.1661e+06	0
6.1662e+06	0
6.1663e+06	0
6.1664e+06	0
6.1665e+06	0
6.1666e+06	0
6.1667e+06	0
6.1668e+06	0
6.1669e+06	0
6.167e+06	0
6.1671e+06	0
6.1672e+06	0
6.1673e+06	0
6.1674e+06	0
6.1675e+06	0
6.1676e+06	0
6.1677e+06	0
6.1678e+06	0
6.1679e+06	0
6.168e+06	0
6.1681e+06	0
6.1682e+06	0
6.1683e+06	0
6.1684e+06	0
6.1685e+06	0
6.1686e+06	0
6.1687e+06	0
6.1688e+06	0
6.1689e+06	0
6.169e+06	0
6.1691e+06	0
6.1692e+06	0
6.1693e+06	0
6.1694e+06	0
6.1695e+06	0
6.1696e+06	0
6.1697e+06	0
6.1698e+06	0
6.1699e+06	0
6.17e+06	0
6.1701e+06	0
6.1702e+06	0
6.1703e+06	0
6.1704e+06	0
6.1705e+06	0
6.1706e+06	0
6.1707e+06	0
6.1708e+06	0
6.1709e+06	0
6.171e+06	0
6.1711e+06	0
6.1712e+06	0
6.1713e+06	0
6.1714e+06	0
6.1715e+06	0
6.1716e+06	0
6.1717e+06	0
6.1718e+06	0
6.1719e+06	0
6.172e+06	0
6.1721e+06	0
6.1722e+06	0
6.1723e+06	0
6.1724e+06	0
6.1725e+06	0
6.1726e+06	0
6.1727e+06	0
6.1728e+06	0
6.1729e+06	0
6.173e+06	0
6.1731e+06	0
6.1732e+06	0
6.1733e+06	0
6.1734e+06	0
6.1735e+06	0
6.1736e+06	0
6.1737e+06	0
6.1738e+06	0
6.1739e+06	0
6.174e+06	0
6.1741e+06	0
6.1742e+06	0
6.1743e+06	0
6.1744e+06	0
6.1745e+06	0
6.1746e+06	0
6.1747e+06	0
6.1748e+06	0
6.1749e+06	0
6.175e+06	0
6.1751e+06	0
6.1752e+06	0
6.1753e+06	0
6.1754e+06	0
6.1755e+06	0
6.1756e+06	0
6.1757e+06	0
6.1758e+06	0
6.1759e+06	0
6.176e+06	0
6.1761e+06	0
6.1762e+06	0
6.1763e+06	0
6.1764e+06	0
6.1765e+06	0
6.1766e+06	0
6.1767e+06	0
6.1768e+06	0
6.1769e+06	0
6.177e+06	0
6.1771e+06	0
6.1772e+06	0
6.1773e+06	0
6.1774e+06	0
6.1775e+06	0
6.1776e+06	0
6.1777e+06	0
6.1778e+06	0
6.1779e+06	0
6.178e+06	0
6.1781e+06	0
6.1782e+06	0
6.1783e+06	0
6.1784e+06	0
6.1785e+06	0
6.1786e+06	0
6.1787e+06	0
6.1788e+06	0
6.1789e+06	0
6.179e+06	0
6.1791e+06	0
6.1792e+06	0
6.1793e+06	0
6.1794e+06	0
6.1795e+06	0
6.1796e+06	0
6.1797e+06	0
6.1798e+06	0
6.1799e+06	0
6.18e+06	0
6.1801e+06	0
6.1802e+06	0
6.1803e+06	0
6.1804e+06	0
6.1805e+06	0
6.1806e+06	0
6.1807e+06	0
6.1808e+06	0
6.1809e+06	0
6.181e+06	0
6.1811e+06	0
6.1812e+06	0
6.1813e+06	0
6.1814e+06	0
6.1815e+06	0
6.1816e+06	0
6.1817e+06	0
6.1818e+06	0
6.1819e+06	0
6.182e+06	0
6.1821e+06	0
6.1822e+06	0
6.1823e+06	0
6.1824e+06	0
6.1825e+06	0
6.1826e+06	0
6.1827e+06	0
6.1828e+06	0
6.1829e+06	0
6.183e+06	0
6.1831e+06	0
6.1832e+06	0
6.1833e+06	0
6.1834e+06	0
6.1835e+06	0
6.1836e+06	0
6.1837e+06	0
6.1838e+06	0
6.1839e+06	0
6.184e+06	0
6.1841e+06	0
6.1842e+06	0
6.1843e+06	0
6.1844e+06	0
6.1845e+06	0
6.1846e+06	0
6.1847e+06	0
6.1848e+06	0
6.1849e+06	0
6.185e+06	0
6.1851e+06	0
6.1852e+06	0
6.1853e+06	0
6.1854e+06	0
6.1855e+06	0
6.1856e+06	0
6.1857e+06	0
6.1858e+06	0
6.1859e+06	0
6.186e+06	0
6.1861e+06	0
6.1862e+06	0
6.1863e+06	0
6.1864e+06	0
6.1865e+06	0
6.1866e+06	0
6.1867e+06	0
6.1868e+06	0
6.1869e+06	0
6.187e+06	0
6.1871e+06	0
6.1872e+06	0
6.1873e+06	0
6.1874e+06	0
6.1875e+06	0
6.1876e+06	0
6.1877e+06	0
6.1878e+06	0
6.1879e+06	0
6.188e+06	0
6.1881e+06	0
6.1882e+06	0
6.1883e+06	0
6.1884e+06	0
6.1885e+06	0
6.1886e+06	0
6.1887e+06	0
6.1888e+06	0
6.1889e+06	0
6.189e+06	0
6.1891e+06	0
6.1892e+06	0
6.1893e+06	0
6.1894e+06	0
6.1895e+06	0
6.1896e+06	0
6.1897e+06	0
6.1898e+06	0
6.1899e+06	0
6.19e+06	0
6.1901e+06	0
6.1902e+06	0
6.1903e+06	0
6.1904e+06	0
6.1905e+06	0
6.1906e+06	0
6.1907e+06	0
6.1908e+06	0
6.1909e+06	0
6.191e+06	0
6.1911e+06	0
6.1912e+06	0
6.1913e+06	0
6.1914e+06	0
6.1915e+06	0
6.1916e+06	0
6.1917e+06	0
6.1918e+06	0
6.1919e+06	0
6.192e+06	0
6.1921e+06	0
6.1922e+06	0
6.1923e+06	0
6.1924e+06	0
6.1925e+06	0
6.1926e+06	0
6.1927e+06	0
6.1928e+06	0
6.1929e+06	0
6.193e+06	0
6.1931e+06	0
6.1932e+06	0
6.1933e+06	0
6.1934e+06	0
6.1935e+06	0
6.1936e+06	0
6.1937e+06	0
6.1938e+06	0
6.1939e+06	0
6.194e+06	0
6.1941e+06	0
6.1942e+06	0
6.1943e+06	0
6.1944e+06	0
6.1945e+06	0
6.1946e+06	0
6.1947e+06	0
6.1948e+06	0
6.1949e+06	0
6.195e+06	0
6.1951e+06	0
6.1952e+06	0
6.1953e+06	0
6.1954e+06	0
6.1955e+06	0
6.1956e+06	0
6.1957e+06	0
6.1958e+06	0
6.1959e+06	0
6.196e+06	0
6.1961e+06	0
6.1962e+06	0
6.1963e+06	0
6.1964e+06	0
6.1965e+06	0
6.1966e+06	0
6.1967e+06	0
6.1968e+06	0
6.1969e+06	0
6.197e+06	0
6.1971e+06	0
6.1972e+06	0
6.1973e+06	0
6.1974e+06	0
6.1975e+06	0
6.1976e+06	0
6.1977e+06	0
6.1978e+06	0
6.1979e+06	0
6.198e+06	0
6.1981e+06	0
6.1982e+06	0
6.1983e+06	0
6.1984e+06	0
6.1985e+06	0
6.1986e+06	0
6.1987e+06	0
6.1988e+06	0
6.1989e+06	0
6.199e+06	0
6.1991e+06	0
6.1992e+06	0
6.1993e+06	0
6.1994e+06	0
6.1995e+06	0
6.1996e+06	0
6.1997e+06	0
6.1998e+06	0
6.1999e+06	0
6.2e+06	0
6.2001e+06	0
6.2002e+06	0
6.2003e+06	0
6.2004e+06	0
6.2005e+06	0
6.2006e+06	0
6.2007e+06	0
6.2008e+06	0
6.2009e+06	0
6.201e+06	0
6.2011e+06	0
6.2012e+06	0
6.2013e+06	0
6.2014e+06	0
6.2015e+06	0
6.2016e+06	0
6.2017e+06	0
6.2018e+06	0
6.2019e+06	0
6.202e+06	0
6.2021e+06	0
6.2022e+06	0
6.2023e+06	0
6.2024e+06	0
6.2025e+06	0
6.2026e+06	0
6.2027e+06	0
6.2028e+06	0
6.2029e+06	0
6.203e+06	0
6.2031e+06	0
6.2032e+06	0
6.2033e+06	0
6.2034e+06	0
6.2035e+06	0
6.2036e+06	0
6.2037e+06	0
6.2038e+06	0
6.2039e+06	0
6.204e+06	0
6.2041e+06	0
6.2042e+06	0
6.2043e+06	0
6.2044e+06	0
6.2045e+06	0
6.2046e+06	0
6.2047e+06	0
6.2048e+06	0
6.2049e+06	0
6.205e+06	0
6.2051e+06	0
6.2052e+06	0
6.2053e+06	0
6.2054e+06	0
6.2055e+06	0
6.2056e+06	0
6.2057e+06	0
6.2058e+06	0
6.2059e+06	0
6.206e+06	0
6.2061e+06	0
6.2062e+06	0
6.2063e+06	0
6.2064e+06	0
6.2065e+06	0
6.2066e+06	0
6.2067e+06	0
6.2068e+06	0
6.2069e+06	0
6.207e+06	0
6.2071e+06	0
6.2072e+06	0
6.2073e+06	0
6.2074e+06	0
6.2075e+06	0
6.2076e+06	0
6.2077e+06	0
6.2078e+06	0
6.2079e+06	0
6.208e+06	0
6.2081e+06	0
6.2082e+06	0
6.2083e+06	0
6.2084e+06	0
6.2085e+06	0
6.2086e+06	0
6.2087e+06	0
6.2088e+06	0
6.2089e+06	0
6.209e+06	0
6.2091e+06	0
6.2092e+06	0
6.2093e+06	0
6.2094e+06	0
6.2095e+06	0
6.2096e+06	0
6.2097e+06	0
6.2098e+06	0
6.2099e+06	0
6.21e+06	0
6.2101e+06	0
6.2102e+06	0
6.2103e+06	0
6.2104e+06	0
6.2105e+06	0
6.2106e+06	0
6.2107e+06	0
6.2108e+06	0
6.2109e+06	0
6.211e+06	0
6.2111e+06	0
6.2112e+06	0
6.2113e+06	0
6.2114e+06	0
6.2115e+06	0
6.2116e+06	0
6.2117e+06	0
6.2118e+06	0
6.2119e+06	0
6.212e+06	0
6.2121e+06	0
6.2122e+06	0
6.2123e+06	0
6.2124e+06	0
6.2125e+06	0
6.2126e+06	0
6.2127e+06	0
6.2128e+06	0
6.2129e+06	0
6.213e+06	0
6.2131e+06	0
6.2132e+06	0
6.2133e+06	0
6.2134e+06	0
6.2135e+06	0
6.2136e+06	0
6.2137e+06	0
6.2138e+06	0
6.2139e+06	0
6.214e+06	0
6.2141e+06	0
6.2142e+06	0
6.2143e+06	0
6.2144e+06	0
6.2145e+06	0
6.2146e+06	0
6.2147e+06	0
6.2148e+06	0
6.2149e+06	0
6.215e+06	0
6.2151e+06	0
6.2152e+06	0
6.2153e+06	0
6.2154e+06	0
6.2155e+06	0
6.2156e+06	0
6.2157e+06	0
6.2158e+06	0
6.2159e+06	0
6.216e+06	0
6.2161e+06	0
6.2162e+06	0
6.2163e+06	0
6.2164e+06	0
6.2165e+06	0
6.2166e+06	0
6.2167e+06	0
6.2168e+06	0
6.2169e+06	0
6.217e+06	0
6.2171e+06	0
6.2172e+06	0
6.2173e+06	0
6.2174e+06	0
6.2175e+06	0
6.2176e+06	0
6.2177e+06	0
6.2178e+06	0
6.2179e+06	0
6.218e+06	0
6.2181e+06	0
6.2182e+06	0
6.2183e+06	0
6.2184e+06	0
6.2185e+06	0
6.2186e+06	0
6.2187e+06	0
6.2188e+06	0
6.2189e+06	0
6.219e+06	0
6.2191e+06	0
6.2192e+06	0
6.2193e+06	0
6.2194e+06	0
6.2195e+06	0
6.2196e+06	0
6.2197e+06	0
6.2198e+06	0
6.2199e+06	0
6.22e+06	0
6.2201e+06	0
6.2202e+06	0
6.2203e+06	0
6.2204e+06	0
6.2205e+06	0
6.2206e+06	0
6.2207e+06	0
6.2208e+06	0
6.2209e+06	0
6.221e+06	0
6.2211e+06	0
6.2212e+06	0
6.2213e+06	0
6.2214e+06	0
6.2215e+06	0
6.2216e+06	0
6.2217e+06	0
6.2218e+06	0
6.2219e+06	0
6.222e+06	0
6.2221e+06	0
6.2222e+06	0
6.2223e+06	0
6.2224e+06	0
6.2225e+06	0
6.2226e+06	0
6.2227e+06	0
6.2228e+06	0
6.2229e+06	0
6.223e+06	0
6.2231e+06	0
6.2232e+06	0
6.2233e+06	0
6.2234e+06	0
6.2235e+06	0
6.2236e+06	0
6.2237e+06	0
6.2238e+06	0
6.2239e+06	0
6.224e+06	0
6.2241e+06	0
6.2242e+06	0
6.2243e+06	0
6.2244e+06	0
6.2245e+06	0
6.2246e+06	0
6.2247e+06	0
6.2248e+06	0
6.2249e+06	0
6.225e+06	0
6.2251e+06	0
6.2252e+06	0
6.2253e+06	0
6.2254e+06	0
6.2255e+06	0
6.2256e+06	0
6.2257e+06	0
6.2258e+06	0
6.2259e+06	0
6.226e+06	0
6.2261e+06	0
6.2262e+06	0
6.2263e+06	0
6.2264e+06	0
6.2265e+06	0
6.2266e+06	0
6.2267e+06	0
6.2268e+06	0
6.2269e+06	0
6.227e+06	0
6.2271e+06	0
6.2272e+06	0
6.2273e+06	0
6.2274e+06	0
6.2275e+06	0
6.2276e+06	0
6.2277e+06	0
6.2278e+06	0
6.2279e+06	0
6.228e+06	0
6.2281e+06	0
6.2282e+06	0
6.2283e+06	0
6.2284e+06	0
6.2285e+06	0
6.2286e+06	0
6.2287e+06	0
6.2288e+06	0
6.2289e+06	0
6.229e+06	0
6.2291e+06	0
6.2292e+06	0
6.2293e+06	0
6.2294e+06	0
6.2295e+06	0
6.2296e+06	0
6.2297e+06	0
6.2298e+06	0
6.2299e+06	0
6.23e+06	0
6.2301e+06	0
6.2302e+06	0
6.2303e+06	0
6.2304e+06	0
6.2305e+06	0
6.2306e+06	0
6.2307e+06	0
6.2308e+06	0
6.2309e+06	0
6.231e+06	0
6.2311e+06	0
6.2312e+06	0
6.2313e+06	0
6.2314e+06	0
6.2315e+06	0
6.2316e+06	0
6.2317e+06	0
6.2318e+06	0
6.2319e+06	0
6.232e+06	0
6.2321e+06	0
6.2322e+06	0
6.2323e+06	0
6.2324e+06	0
6.2325e+06	0
6.2326e+06	0
6.2327e+06	0
6.2328e+06	0
6.2329e+06	0
6.233e+06	0
6.2331e+06	0
6.2332e+06	0
6.2333e+06	0
6.2334e+06	0
6.2335e+06	0
6.2336e+06	0
6.2337e+06	0
6.2338e+06	0
6.2339e+06	0
6.234e+06	0
6.2341e+06	0
6.2342e+06	0
6.2343e+06	0
6.2344e+06	0
6.2345e+06	0
6.2346e+06	0
6.2347e+06	0
6.2348e+06	0
6.2349e+06	0
6.235e+06	0
6.2351e+06	0
6.2352e+06	0
6.2353e+06	0
6.2354e+06	0
6.2355e+06	0
6.2356e+06	0
6.2357e+06	0
6.2358e+06	0
6.2359e+06	0
6.236e+06	0
6.2361e+06	0
6.2362e+06	0
6.2363e+06	0
6.2364e+06	0
6.2365e+06	0
6.2366e+06	0
6.2367e+06	0
6.2368e+06	0
6.2369e+06	0
6.237e+06	0
6.2371e+06	0
6.2372e+06	0
6.2373e+06	0
6.2374e+06	0
6.2375e+06	0
6.2376e+06	0
6.2377e+06	0
6.2378e+06	0
6.2379e+06	0
6.238e+06	0
6.2381e+06	0
6.2382e+06	0
6.2383e+06	0
6.2384e+06	0
6.2385e+06	0
6.2386e+06	0
6.2387e+06	0
6.2388e+06	0
6.2389e+06	0
6.239e+06	0
6.2391e+06	0
6.2392e+06	0
6.2393e+06	0
6.2394e+06	0
6.2395e+06	0
6.2396e+06	0
6.2397e+06	0
6.2398e+06	0
6.2399e+06	0
6.24e+06	0
6.2401e+06	0
6.2402e+06	0
6.2403e+06	0
6.2404e+06	0
6.2405e+06	0
6.2406e+06	0
6.2407e+06	0
6.2408e+06	0
6.2409e+06	0
6.241e+06	0
6.2411e+06	0
6.2412e+06	0
6.2413e+06	0
6.2414e+06	0
6.2415e+06	0
6.2416e+06	0
6.2417e+06	0
6.2418e+06	0
6.2419e+06	0
6.242e+06	0
6.2421e+06	0
6.2422e+06	0
6.2423e+06	0
6.2424e+06	0
6.2425e+06	0
6.2426e+06	0
6.2427e+06	0
6.2428e+06	0
6.2429e+06	0
6.243e+06	0
6.2431e+06	0
6.2432e+06	0
6.2433e+06	0
6.2434e+06	0
6.2435e+06	0
6.2436e+06	0
6.2437e+06	0
6.2438e+06	0
6.2439e+06	0
6.244e+06	0
6.2441e+06	0
6.2442e+06	0
6.2443e+06	0
6.2444e+06	0
6.2445e+06	0
6.2446e+06	0
6.2447e+06	0
6.2448e+06	0
6.2449e+06	0
6.245e+06	0
6.2451e+06	0
6.2452e+06	0
6.2453e+06	0
6.2454e+06	0
6.2455e+06	0
6.2456e+06	0
6.2457e+06	0
6.2458e+06	0
6.2459e+06	0
6.246e+06	0
6.2461e+06	0
6.2462e+06	0
6.2463e+06	0
6.2464e+06	0
6.2465e+06	0
6.2466e+06	0
6.2467e+06	0
6.2468e+06	0
6.2469e+06	0
6.247e+06	0
6.2471e+06	0
6.2472e+06	0
6.2473e+06	0
6.2474e+06	0
6.2475e+06	0
6.2476e+06	0
6.2477e+06	0
6.2478e+06	0
6.2479e+06	0
6.248e+06	0
6.2481e+06	0
6.2482e+06	0
6.2483e+06	0
6.2484e+06	0
6.2485e+06	0
6.2486e+06	0
6.2487e+06	0
6.2488e+06	0
6.2489e+06	0
6.249e+06	0
6.2491e+06	0
6.2492e+06	0
6.2493e+06	0
6.2494e+06	0
6.2495e+06	0
6.2496e+06	0
6.2497e+06	0
6.2498e+06	0
6.2499e+06	0
6.25e+06	0
6.2501e+06	0
6.2502e+06	0
6.2503e+06	0
6.2504e+06	0
6.2505e+06	0
6.2506e+06	0
6.2507e+06	0
6.2508e+06	0
6.2509e+06	0
6.251e+06	0
6.2511e+06	0
6.2512e+06	0
6.2513e+06	0
6.2514e+06	0
6.2515e+06	0
6.2516e+06	0
6.2517e+06	0
6.2518e+06	0
6.2519e+06	0
6.252e+06	0
6.2521e+06	0
6.2522e+06	0
6.2523e+06	0
6.2524e+06	0
6.2525e+06	0
6.2526e+06	0
6.2527e+06	0
6.2528e+06	0
6.2529e+06	0
6.253e+06	0
6.2531e+06	0
6.2532e+06	0
6.2533e+06	0
6.2534e+06	0
6.2535e+06	0
6.2536e+06	0
6.2537e+06	0
6.2538e+06	0
6.2539e+06	0
6.254e+06	0
6.2541e+06	0
6.2542e+06	0
6.2543e+06	0
6.2544e+06	0
6.2545e+06	0
6.2546e+06	0
6.2547e+06	0
6.2548e+06	0
6.2549e+06	0
6.255e+06	0
6.2551e+06	0
6.2552e+06	0
6.2553e+06	0
6.2554e+06	0
6.2555e+06	0
6.2556e+06	0
6.2557e+06	0
6.2558e+06	0
6.2559e+06	0
6.256e+06	0
6.2561e+06	0
6.2562e+06	0
6.2563e+06	0
6.2564e+06	0
6.2565e+06	0
6.2566e+06	0
6.2567e+06	0
6.2568e+06	0
6.2569e+06	0
6.257e+06	0
6.2571e+06	0
6.2572e+06	0
6.2573e+06	0
6.2574e+06	0
6.2575e+06	0
6.2576e+06	0
6.2577e+06	0
6.2578e+06	0
6.2579e+06	0
6.258e+06	0
6.2581e+06	0
6.2582e+06	0
6.2583e+06	0
6.2584e+06	0
6.2585e+06	0
6.2586e+06	0
6.2587e+06	0
6.2588e+06	0
6.2589e+06	0
6.259e+06	0
6.2591e+06	0
6.2592e+06	0
6.2593e+06	0
6.2594e+06	0
6.2595e+06	0
6.2596e+06	0
6.2597e+06	0
6.2598e+06	0
6.2599e+06	0
6.26e+06	0
6.2601e+06	0
6.2602e+06	0
6.2603e+06	0
6.2604e+06	0
6.2605e+06	0
6.2606e+06	0
6.2607e+06	0
6.2608e+06	0
6.2609e+06	0
6.261e+06	0
6.2611e+06	0
6.2612e+06	0
6.2613e+06	0
6.2614e+06	0
6.2615e+06	0
6.2616e+06	0
6.2617e+06	0
6.2618e+06	0
6.2619e+06	0
6.262e+06	0
6.2621e+06	0
6.2622e+06	0
6.2623e+06	0
6.2624e+06	0
6.2625e+06	0
6.2626e+06	0
6.2627e+06	0
6.2628e+06	0
6.2629e+06	0
6.263e+06	0
6.2631e+06	0
6.2632e+06	0
6.2633e+06	0
6.2634e+06	0
6.2635e+06	0
6.2636e+06	0
6.2637e+06	0
6.2638e+06	0
6.2639e+06	0
6.264e+06	0
6.2641e+06	0
6.2642e+06	0
6.2643e+06	0
6.2644e+06	0
6.2645e+06	0
6.2646e+06	0
6.2647e+06	0
6.2648e+06	0
6.2649e+06	0
6.265e+06	0
6.2651e+06	0
6.2652e+06	0
6.2653e+06	0
6.2654e+06	0
6.2655e+06	0
6.2656e+06	0
6.2657e+06	0
6.2658e+06	0
6.2659e+06	0
6.266e+06	0
6.2661e+06	0
6.2662e+06	0
6.2663e+06	0
6.2664e+06	0
6.2665e+06	0
6.2666e+06	0
6.2667e+06	0
6.2668e+06	0
6.2669e+06	0
6.267e+06	0
6.2671e+06	0
6.2672e+06	0
6.2673e+06	0
6.2674e+06	0
6.2675e+06	0
6.2676e+06	0
6.2677e+06	0
6.2678e+06	0
6.2679e+06	0
6.268e+06	0
6.2681e+06	0
6.2682e+06	0
6.2683e+06	0
6.2684e+06	0
6.2685e+06	0
6.2686e+06	0
6.2687e+06	0
6.2688e+06	0
6.2689e+06	0
6.269e+06	0
6.2691e+06	0
6.2692e+06	0
6.2693e+06	0
6.2694e+06	0
6.2695e+06	0
6.2696e+06	0
6.2697e+06	0
6.2698e+06	0
6.2699e+06	0
6.27e+06	0
6.2701e+06	0
6.2702e+06	0
6.2703e+06	0
6.2704e+06	0
6.2705e+06	0
6.2706e+06	0
6.2707e+06	0
6.2708e+06	0
6.2709e+06	0
6.271e+06	0
6.2711e+06	0
6.2712e+06	0
6.2713e+06	0
6.2714e+06	0
6.2715e+06	0
6.2716e+06	0
6.2717e+06	0
6.2718e+06	0
6.2719e+06	0
6.272e+06	0
6.2721e+06	0
6.2722e+06	0
6.2723e+06	0
6.2724e+06	0
6.2725e+06	0
6.2726e+06	0
6.2727e+06	0
6.2728e+06	0
6.2729e+06	0
6.273e+06	0
6.2731e+06	0
6.2732e+06	0
6.2733e+06	0
6.2734e+06	0
6.2735e+06	0
6.2736e+06	0
6.2737e+06	0
6.2738e+06	0
6.2739e+06	0
6.274e+06	0
6.2741e+06	0
6.2742e+06	0
6.2743e+06	0
6.2744e+06	0
6.2745e+06	0
6.2746e+06	0
6.2747e+06	0
6.2748e+06	0
6.2749e+06	0
6.275e+06	0
6.2751e+06	0
6.2752e+06	0
6.2753e+06	0
6.2754e+06	0
6.2755e+06	0
6.2756e+06	0
6.2757e+06	0
6.2758e+06	0
6.2759e+06	0
6.276e+06	0
6.2761e+06	0
6.2762e+06	0
6.2763e+06	0
6.2764e+06	0
6.2765e+06	0
6.2766e+06	0
6.2767e+06	0
6.2768e+06	0
6.2769e+06	0
6.277e+06	0
6.2771e+06	0
6.2772e+06	0
6.2773e+06	0
6.2774e+06	0
6.2775e+06	0
6.2776e+06	0
6.2777e+06	0
6.2778e+06	0
6.2779e+06	0
6.278e+06	0
6.2781e+06	0
6.2782e+06	0
6.2783e+06	0
6.2784e+06	0
6.2785e+06	0
6.2786e+06	0
6.2787e+06	0
6.2788e+06	0
6.2789e+06	0
6.279e+06	0
6.2791e+06	0
6.2792e+06	0
6.2793e+06	0
6.2794e+06	0
6.2795e+06	0
6.2796e+06	0
6.2797e+06	0
6.2798e+06	0
6.2799e+06	0
6.28e+06	0
6.2801e+06	0
6.2802e+06	0
6.2803e+06	0
6.2804e+06	0
6.2805e+06	0
6.2806e+06	0
6.2807e+06	0
6.2808e+06	0
6.2809e+06	0
6.281e+06	0
6.2811e+06	0
6.2812e+06	0
6.2813e+06	0
6.2814e+06	0
6.2815e+06	0
6.2816e+06	0
6.2817e+06	0
6.2818e+06	0
6.2819e+06	0
6.282e+06	0
6.2821e+06	0
6.2822e+06	0
6.2823e+06	0
6.2824e+06	0
6.2825e+06	0
6.2826e+06	0
6.2827e+06	0
6.2828e+06	0
6.2829e+06	0
6.283e+06	0
6.2831e+06	0
6.2832e+06	0
6.2833e+06	0
6.2834e+06	0
6.2835e+06	0
6.2836e+06	0
6.2837e+06	0
6.2838e+06	0
6.2839e+06	0
6.284e+06	0
6.2841e+06	0
6.2842e+06	0
6.2843e+06	0
6.2844e+06	0
6.2845e+06	0
6.2846e+06	0
6.2847e+06	0
6.2848e+06	0
6.2849e+06	0
6.285e+06	0
6.2851e+06	0
6.2852e+06	0
6.2853e+06	0
6.2854e+06	0
6.2855e+06	0
6.2856e+06	0
6.2857e+06	0
6.2858e+06	0
6.2859e+06	0
6.286e+06	0
6.2861e+06	0
6.2862e+06	0
6.2863e+06	0
6.2864e+06	0
6.2865e+06	0
6.2866e+06	0
6.2867e+06	0
6.2868e+06	0
6.2869e+06	0
6.287e+06	0
6.2871e+06	0
6.2872e+06	0
6.2873e+06	0
6.2874e+06	0
6.2875e+06	0
6.2876e+06	0
6.2877e+06	0
6.2878e+06	0
6.2879e+06	0
6.288e+06	0
6.2881e+06	0
6.2882e+06	0
6.2883e+06	0
6.2884e+06	0
6.2885e+06	0
6.2886e+06	0
6.2887e+06	0
6.2888e+06	0
6.2889e+06	0
6.289e+06	0
6.2891e+06	0
6.2892e+06	0
6.2893e+06	0
6.2894e+06	0
6.2895e+06	0
6.2896e+06	0
6.2897e+06	0
6.2898e+06	0
6.2899e+06	0
6.29e+06	0
6.2901e+06	0
6.2902e+06	0
6.2903e+06	0
6.2904e+06	0
6.2905e+06	0
6.2906e+06	0
6.2907e+06	0
6.2908e+06	0
6.2909e+06	0
6.291e+06	0
6.2911e+06	0
6.2912e+06	0
6.2913e+06	0
6.2914e+06	0
6.2915e+06	0
6.2916e+06	0
6.2917e+06	0
6.2918e+06	0
6.2919e+06	0
6.292e+06	0
6.2921e+06	0
6.2922e+06	0
6.2923e+06	0
6.2924e+06	0
6.2925e+06	0
6.2926e+06	0
6.2927e+06	0
6.2928e+06	0
6.2929e+06	0
6.293e+06	0
6.2931e+06	0
6.2932e+06	0
6.2933e+06	0
6.2934e+06	0
6.2935e+06	0
6.2936e+06	0
6.2937e+06	0
6.2938e+06	0
6.2939e+06	0
6.294e+06	0
6.2941e+06	0
6.2942e+06	0
6.2943e+06	0
6.2944e+06	0
6.2945e+06	0
6.2946e+06	0
6.2947e+06	0
6.2948e+06	0
6.2949e+06	0
6.295e+06	0
6.2951e+06	0
6.2952e+06	0
6.2953e+06	0
6.2954e+06	0
6.2955e+06	0
6.2956e+06	0
6.2957e+06	0
6.2958e+06	0
6.2959e+06	0
6.296e+06	0
6.2961e+06	0
6.2962e+06	0
6.2963e+06	0
6.2964e+06	0
6.2965e+06	0
6.2966e+06	0
6.2967e+06	0
6.2968e+06	0
6.2969e+06	0
6.297e+06	0
6.2971e+06	0
6.2972e+06	0
6.2973e+06	0
6.2974e+06	0
6.2975e+06	0
6.2976e+06	0
6.2977e+06	0
6.2978e+06	0
6.2979e+06	0
6.298e+06	0
6.2981e+06	0
6.2982e+06	0
6.2983e+06	0
6.2984e+06	0
6.2985e+06	0
6.2986e+06	0
6.2987e+06	0
6.2988e+06	0
6.2989e+06	0
6.299e+06	0
6.2991e+06	0
6.2992e+06	0
6.2993e+06	0
6.2994e+06	0
6.2995e+06	0
6.2996e+06	0
6.2997e+06	0
6.2998e+06	0
6.2999e+06	0
6.3e+06	0
6.3001e+06	0
6.3002e+06	0
6.3003e+06	0
6.3004e+06	0
6.3005e+06	0
6.3006e+06	0
6.3007e+06	0
6.3008e+06	0
6.3009e+06	0
6.301e+06	0
6.3011e+06	0
6.3012e+06	0
6.3013e+06	0
6.3014e+06	0
6.3015e+06	0
6.3016e+06	0
6.3017e+06	0
6.3018e+06	0
6.3019e+06	0
6.302e+06	0
6.3021e+06	0
6.3022e+06	0
6.3023e+06	0
6.3024e+06	0
6.3025e+06	0
6.3026e+06	0
6.3027e+06	0
6.3028e+06	0
6.3029e+06	0
6.303e+06	0
6.3031e+06	0
6.3032e+06	0
6.3033e+06	0
6.3034e+06	0
6.3035e+06	0
6.3036e+06	0
6.3037e+06	0
6.3038e+06	0
6.3039e+06	0
6.304e+06	0
6.3041e+06	0
6.3042e+06	0
6.3043e+06	0
6.3044e+06	0
6.3045e+06	0
6.3046e+06	0
6.3047e+06	0
6.3048e+06	0
6.3049e+06	0
6.305e+06	0
6.3051e+06	0
6.3052e+06	0
6.3053e+06	0
6.3054e+06	0
6.3055e+06	0
6.3056e+06	0
6.3057e+06	0
6.3058e+06	0
6.3059e+06	0
6.306e+06	0
6.3061e+06	0
6.3062e+06	0
6.3063e+06	0
6.3064e+06	0
6.3065e+06	0
6.3066e+06	0
6.3067e+06	0
6.3068e+06	0
6.3069e+06	0
6.307e+06	0
6.3071e+06	0
6.3072e+06	0
6.3073e+06	0
6.3074e+06	0
6.3075e+06	0
6.3076e+06	0
6.3077e+06	0
6.3078e+06	0
6.3079e+06	0
6.308e+06	0
6.3081e+06	0
6.3082e+06	0
6.3083e+06	0
6.3084e+06	0
6.3085e+06	0
6.3086e+06	0
6.3087e+06	0
6.3088e+06	0
6.3089e+06	0
6.309e+06	0
6.3091e+06	0
6.3092e+06	0
6.3093e+06	0
6.3094e+06	0
6.3095e+06	0
6.3096e+06	0
6.3097e+06	0
6.3098e+06	0
6.3099e+06	0
6.31e+06	0
6.3101e+06	0
6.3102e+06	0
6.3103e+06	0
6.3104e+06	0
6.3105e+06	0
6.3106e+06	0
6.3107e+06	0
6.3108e+06	0
6.3109e+06	0
6.311e+06	0
6.3111e+06	0
6.3112e+06	0
6.3113e+06	0
6.3114e+06	0
6.3115e+06	0
6.3116e+06	0
6.3117e+06	0
6.3118e+06	0
6.3119e+06	0
6.312e+06	0
6.3121e+06	0
6.3122e+06	0
6.3123e+06	0
6.3124e+06	0
6.3125e+06	0
6.3126e+06	0
6.3127e+06	0
6.3128e+06	0
6.3129e+06	0
6.313e+06	0
6.3131e+06	0
6.3132e+06	0
6.3133e+06	0
6.3134e+06	0
6.3135e+06	0
6.3136e+06	0
6.3137e+06	0
6.3138e+06	0
6.3139e+06	0
6.314e+06	0
6.3141e+06	0
6.3142e+06	0
6.3143e+06	0
6.3144e+06	0
6.3145e+06	0
6.3146e+06	0
6.3147e+06	0
6.3148e+06	0
6.3149e+06	0
6.315e+06	0
6.3151e+06	0
6.3152e+06	0
6.3153e+06	0
6.3154e+06	0
6.3155e+06	0
6.3156e+06	0
6.3157e+06	0
6.3158e+06	0
6.3159e+06	0
6.316e+06	0
6.3161e+06	0
6.3162e+06	0
6.3163e+06	0
6.3164e+06	0
6.3165e+06	0
6.3166e+06	0
6.3167e+06	0
6.3168e+06	0
6.3169e+06	0
6.317e+06	0
6.3171e+06	0
6.3172e+06	0
6.3173e+06	0
6.3174e+06	0
6.3175e+06	0
6.3176e+06	0
6.3177e+06	0
6.3178e+06	0
6.3179e+06	0
6.318e+06	0
6.3181e+06	0
6.3182e+06	0
6.3183e+06	0
6.3184e+06	0
6.3185e+06	0
6.3186e+06	0
6.3187e+06	0
6.3188e+06	0
6.3189e+06	0
6.319e+06	0
6.3191e+06	0
6.3192e+06	0
6.3193e+06	0
6.3194e+06	0
6.3195e+06	0
6.3196e+06	0
6.3197e+06	0
6.3198e+06	0
6.3199e+06	0
6.32e+06	0
6.3201e+06	0
6.3202e+06	0
6.3203e+06	0
6.3204e+06	0
6.3205e+06	0
6.3206e+06	0
6.3207e+06	0
6.3208e+06	0
6.3209e+06	0
6.321e+06	0
6.3211e+06	0
6.3212e+06	0
6.3213e+06	0
6.3214e+06	0
6.3215e+06	0
6.3216e+06	0
6.3217e+06	0
6.3218e+06	0
6.3219e+06	0
6.322e+06	0
6.3221e+06	0
6.3222e+06	0
6.3223e+06	0
6.3224e+06	0
6.3225e+06	0
6.3226e+06	0
6.3227e+06	0
6.3228e+06	0
6.3229e+06	0
6.323e+06	0
6.3231e+06	0
6.3232e+06	0
6.3233e+06	0
6.3234e+06	0
6.3235e+06	0
6.3236e+06	0
6.3237e+06	0
6.3238e+06	0
6.3239e+06	0
6.324e+06	0
6.3241e+06	0
6.3242e+06	0
6.3243e+06	0
6.3244e+06	0
6.3245e+06	0
6.3246e+06	0
6.3247e+06	0
6.3248e+06	0
6.3249e+06	0
6.325e+06	0
6.3251e+06	0
6.3252e+06	0
6.3253e+06	0
6.3254e+06	0
6.3255e+06	0
6.3256e+06	0
6.3257e+06	4.94066e-324
6.3258e+06	1.23516e-322
6.3259e+06	5.78057e-321
6.326e+06	2.67122e-319
6.3261e+06	1.22246e-317
6.3262e+06	5.53882e-316
6.3263e+06	2.4846e-314
6.3264e+06	1.10345e-312
6.3265e+06	4.85183e-311
6.3266e+06	2.11211e-309
6.3267e+06	9.10298e-308
6.3268e+06	3.88426e-306
6.3269e+06	1.64093e-304
6.327e+06	6.86322e-303
6.3271e+06	2.842e-301
6.3272e+06	1.16513e-299
6.3273e+06	4.72918e-298
6.3274e+06	1.90043e-296
6.3275e+06	7.56095e-295
6.3276e+06	2.97822e-293
6.3277e+06	1.16144e-291
6.3278e+06	4.48425e-290
6.3279e+06	1.71412e-288
6.328e+06	6.48711e-287
6.3281e+06	2.43062e-285
6.3282e+06	9.01656e-284
6.3283e+06	3.31147e-282
6.3284e+06	1.20409e-280
6.3285e+06	4.33464e-279
6.3286e+06	1.54491e-277
6.3287e+06	5.45146e-276
6.3288e+06	1.90449e-274
6.3289e+06	6.5872e-273
6.329e+06	2.2557e-271
6.3291e+06	7.64746e-270
6.3292e+06	2.56691e-268
6.3293e+06	8.53025e-267
6.3294e+06	2.80653e-265
6.3295e+06	9.14186e-264
6.3296e+06	2.9482e-262
6.3297e+06	9.41316e-261
6.3298e+06	2.97558e-259
6.3299e+06	9.31247e-258
6.33e+06	2.88546e-256
6.3301e+06	8.85161e-255
6.3302e+06	2.68836e-253
6.3303e+06	8.08366e-252
6.3304e+06	2.4065e-250
6.3305e+06	7.09287e-249
6.3306e+06	2.06973e-247
6.3307e+06	5.97949e-246
6.3308e+06	1.71029e-244
6.3309e+06	4.84322e-243
6.331e+06	1.35786e-241
6.3311e+06	3.76906e-240
6.3312e+06	1.03578e-238
6.3313e+06	2.81812e-237
6.3314e+06	7.59117e-236
6.3315e+06	2.02449e-234
6.3316e+06	5.34537e-233
6.3317e+06	1.39733e-231
6.3318e+06	3.61639e-230
6.3319e+06	9.26637e-229
6.332e+06	2.35072e-227
6.3321e+06	5.90404e-226
6.3322e+06	1.4681e-224
6.3323e+06	3.61424e-223
6.3324e+06	8.8092e-222
6.3325e+06	2.12576e-220
6.3326e+06	5.07863e-219
6.3327e+06	1.20126e-217
6.3328e+06	2.8131e-216
6.3329e+06	6.52214e-215
6.333e+06	1.4971e-213
6.3331e+06	3.40229e-212
6.3332e+06	7.65503e-211
6.3333e+06	1.70522e-209
6.3334e+06	3.76071e-208
6.3335e+06	8.2114e-207
6.3336e+06	1.77509e-205
6.3337e+06	3.79912e-204
6.3338e+06	8.05009e-203
6.3339e+06	1.68879e-201
6.334e+06	3.50759e-200
6.3341e+06	7.2127e-199
6.3342e+06	1.4684e-197
6.3343e+06	2.9597e-196
6.3344e+06	5.90621e-195
6.3345e+06	1.16688e-193
6.3346e+06	2.28245e-192
6.3347e+06	4.42011e-191
6.3348e+06	8.47465e-190
6.3349e+06	1.60867e-188
6.335e+06	3.02323e-187
6.3351e+06	5.62511e-186
6.3352e+06	1.03621e-184
6.3353e+06	1.88983e-183
6.3354e+06	3.41235e-182
6.3355e+06	6.10016e-181
6.3356e+06	1.07966e-179
6.3357e+06	1.89186e-178
6.3358e+06	3.28208e-177
6.3359e+06	5.63722e-176
6.336e+06	9.58602e-175
6.3361e+06	1.61387e-173
6.3362e+06	2.69003e-172
6.3363e+06	4.43917e-171
6.3364e+06	7.25276e-170
6.3365e+06	1.17317e-168
6.3366e+06	1.87879e-167
6.3367e+06	2.97886e-166
6.3368e+06	4.67607e-165
6.3369e+06	7.26721e-164
6.337e+06	1.11818e-162
6.3371e+06	1.70339e-161
6.3372e+06	2.56904e-160
6.3373e+06	3.83607e-159
6.3374e+06	5.67099e-158
6.3375e+06	8.30019e-157
6.3376e+06	1.20275e-155
6.3377e+06	1.72551e-154
6.3378e+06	2.45086e-153
6.3379e+06	3.44648e-152
6.338e+06	4.79833e-151
6.3381e+06	6.61397e-150
6.3382e+06	9.02591e-149
6.3383e+06	1.21949e-147
6.3384e+06	1.63125e-146
6.3385e+06	2.16033e-145
6.3386e+06	2.83254e-144
6.3387e+06	3.67697e-143
6.3388e+06	4.72565e-142
6.3389e+06	6.01298e-141
6.339e+06	7.57486e-140
6.3391e+06	9.4475e-139
6.3392e+06	1.16658e-137
6.3393e+06	1.42617e-136
6.3394e+06	1.72618e-135
6.3395e+06	2.0685e-134
6.3396e+06	2.45405e-133
6.3397e+06	2.88249e-132
6.3398e+06	3.35205e-131
6.3399e+06	3.8593e-130
6.34e+06	4.39911e-129
6.3401e+06	4.96452e-128
6.3402e+06	5.54686e-127
6.3403e+06	6.13584e-126
6.3404e+06	6.71983e-125
6.3405e+06	7.28617e-124
6.3406e+06	7.82163e-123
6.3407e+06	8.31289e-122
6.3408e+06	8.74711e-121
6.3409e+06	9.11242e-120
6.341e+06	9.39853e-119
6.3411e+06	9.59717e-118
6.3412e+06	9.7025e-117
6.3413e+06	9.71138e-116
6.3414e+06	9.62355e-115
6.3415e+06	9.44163e-114
6.3416e+06	9.17098e-113
6.3417e+06	8.81945e-112
6.3418e+06	8.397e-111
6.3419e+06	7.91524e-110
6.342e+06	7.38687e-109
6.3421e+06	6.82519e-108
6.3422e+06	6.24346e-107
6.3423e+06	5.65449e-106
6.3424e+06	5.07012e-105
6.3425e+06	4.50091e-104
6.3426e+06	3.95585e-103
6.3427e+06	3.4422e-102
6.3428e+06	2.96544e-101
6.3429e+06	2.5293e-100
6.343e+06	2.13583e-99
6.3431e+06	1.78563e-98
6.3432e+06	1.47799e-97
6.3433e+06	1.21119e-96
6.3434e+06	9.82669e-96
6.3435e+06	7.89332e-95
6.3436e+06	6.27725e-94
6.3437e+06	4.94238e-93
6.3438e+06	3.85265e-92
6.3439e+06	2.97331e-91
6.344e+06	2.27185e-90
6.3441e+06	1.7186e-89
6.3442e+06	1.28714e-88
6.3443e+06	9.5441e-88
6.3444e+06	7.0065e-87
6.3445e+06	5.09242e-86
6.3446e+06	3.66441e-85
6.3447e+06	2.61061e-84
6.3448e+06	1.84135e-83
6.3449e+06	1.28584e-82
6.345e+06	8.88989e-82
6.3451e+06	6.08502e-81
6.3452e+06	4.12367e-80
6.3453e+06	2.76671e-79
6.3454e+06	1.83781e-78
6.3455e+06	1.20863e-77
6.3456e+06	7.86947e-77
6.3457e+06	5.07286e-76
6.3458e+06	3.23756e-75
6.3459e+06	2.04569e-74
6.346e+06	1.27973e-73
6.3461e+06	7.92602e-73
6.3462e+06	4.86013e-72
6.3463e+06	2.95052e-71
6.3464e+06	1.7734e-70
6.3465e+06	1.05529e-69
6.3466e+06	6.21715e-69
6.3467e+06	3.62635e-68
6.3468e+06	2.09414e-67
6.3469e+06	1.19729e-66
6.347e+06	6.77716e-66
6.3471e+06	3.79799e-65
6.3472e+06	2.10726e-64
6.3473e+06	1.15755e-63
6.3474e+06	6.2953e-63
6.3475e+06	3.38962e-62
6.3476e+06	1.80694e-61
6.3477e+06	9.53657e-61
6.3478e+06	4.98308e-60
6.3479e+06	2.57787e-59
6.348e+06	1.32033e-58
6.3481e+06	6.69512e-58
6.3482e+06	3.36119e-57
6.3483e+06	1.67064e-56
6.3484e+06	8.22115e-56
6.3485e+06	4.00533e-55
6.3486e+06	1.93197e-54
6.3487e+06	9.22614e-54
6.3488e+06	4.36211e-53
6.3489e+06	2.04188e-52
6.349e+06	9.46283e-52
6.3491e+06	4.34179e-51
6.3492e+06	1.9723e-50
6.3493e+06	8.87024e-50
6.3494e+06	3.94961e-49
6.3495e+06	1.74113e-48
6.3496e+06	7.59912e-48
6.3497e+06	3.28362e-47
6.3498e+06	1.40475e-46
6.3499e+06	5.94983e-46
6.35e+06	2.49497e-45
6.3501e+06	1.03582e-44
6.3502e+06	4.25755e-44
6.3503e+06	1.73257e-43
6.3504e+06	6.98042e-43
6.3505e+06	2.78438e-42
6.3506e+06	1.09959e-41
6.3507e+06	4.29924e-41
6.3508e+06	1.66422e-40
6.3509e+06	6.378e-40
6.351e+06	2.42001e-39
6.3511e+06	9.09086e-39
6.3512e+06	3.38105e-38
6.3513e+06	1.24496e-37
6.3514e+06	4.53852e-37
6.3515e+06	1.63806e-36
6.3516e+06	5.85336e-36
6.3517e+06	2.07079e-35
6.3518e+06	7.25312e-35
6.3519e+06	2.51519e-34
6.352e+06	8.6352e-34
6.3521e+06	2.93516e-33
6.3522e+06	9.87753e-33
6.3523e+06	3.29095e-32
6.3524e+06	1.08556e-31
6.3525e+06	3.54519e-31
6.3526e+06	1.14626e-30
6.3527e+06	3.66933e-30
6.3528e+06	1.16291e-29
6.3529e+06	3.64889e-29
6.353e+06	1.13353e-28
6.3531e+06	3.48629e-28
6.3532e+06	1.06158e-27
6.3533e+06	3.20033e-27
6.3534e+06	9.55204e-27
6.3535e+06	2.82263e-26
6.3536e+06	8.2579e-26
6.3537e+06	2.39189e-25
6.3538e+06	6.85916e-25
6.3539e+06	1.94741e-24
6.354e+06	5.47395e-24
6.3541e+06	1.52336e-23
6.3542e+06	4.19719e-23
6.3543e+06	1.14492e-22
6.3544e+06	3.09204e-22
6.3545e+06	8.2675e-22
6.3546e+06	2.18857e-21
6.3547e+06	5.73591e-21
6.3548e+06	1.48834e-20
6.3549e+06	3.82349e-20
6.355e+06	9.72464e-20
6.3551e+06	2.44875e-19
6.3552e+06	6.10482e-19
6.3553e+06	1.50681e-18
6.3554e+06	3.68214e-18
6.3555e+06	8.90839e-18
6.3556e+06	2.13381e-17
6.3557e+06	5.06022e-17
6.3558e+06	1.18806e-16
6.3559e+06	2.76164e-16
6.356e+06	6.35553e-16
6.3561e+06	1.44808e-15
6.3562e+06	3.26657e-15
6.3563e+06	7.29538e-15
6.3564e+06	1.6131e-14
6.3565e+06	3.53127e-14
6.3566e+06	7.65345e-14
6.3567e+06	1.64226e-13
6.3568e+06	3.48885e-13
6.3569e+06	7.33805e-13
6.357e+06	1.52804e-12
6.3571e+06	3.15027e-12
6.3572e+06	6.43009e-12
6.3573e+06	1.2994e-11
6.3574e+06	2.59972e-11
6.3575e+06	5.14953e-11
6.3576e+06	1.00987e-10
6.3577e+06	1.96074e-10
6.3578e+06	3.76904e-10
6.3579e+06	7.17299e-10
6.358e+06	1.35153e-09
6.3581e+06	2.52121e-09
6.3582e+06	4.65638e-09
6.3583e+06	8.51424e-09
6.3584e+06	1.54134e-08
6.3585e+06	2.76256e-08
6.3586e+06	4.90207e-08
6.3587e+06	8.61201e-08
6.3588e+06	1.49791e-07
6.3589e+06	2.57945e-07
6.359e+06	4.39768e-07
6.3591e+06	7.42296e-07
6.3592e+06	1.24047e-06
6.3593e+06	2.05237e-06
6.3594e+06	3.36187e-06
6.3595e+06	5.45209e-06
6.3596e+06	8.75391e-06
6.3597e+06	1.39155e-05
6.3598e+06	2.19004e-05
6.3599e+06	3.41242e-05
6.36e+06	5.26418e-05
6.3601e+06	8.03999e-05
6.3602e+06	0.000121573
6.3603e+06	0.000182002
6.3604e+06	0.000269758
6.3605e+06	0.000395847
6.3606e+06	0.000575094
6.3607e+06	0.000827193
6.3608e+06	0.00117796
6.3609e+06	0.00166079
6.361e+06	0.00231822
6.3611e+06	0.00320371
6.3612e+06	0.00438337
6.3613e+06	0.00593772
6.3614e+06	0.00796324
6.3615e+06	0.0105735
6.3616e+06	0.0138996
6.3617e+06	0.0180902
6.3618e+06	0.0233101
6.3619e+06	0.0297373
6.362e+06	0.0375593
6.3621e+06	0.0469667
6.3622e+06	0.0581462
6.3623e+06	0.0712706
6.3624e+06	0.0864884
6.3625e+06	0.103911
6.3626e+06	0.123602
6.3627e+06	0.145562
6.3628e+06	0.169719
6.3629e+06	0.195916
6.363e+06	0.223907
6.3631e+06	0.253353
6.3632e+06	0.283819
6.3633e+06	0.314788
6.3634e+06	0.345664
6.3635e+06	0.375795
6.3636e+06	0.404489
6.3637e+06	0.431047
6.3638e+06	0.454781
6.3639e+06	0.475053
6.364e+06	0.491297
6.3641e+06	0.503046
6.3642e+06	0.509959
6.3643e+06	0.51183
6.3644e+06	0.508605
6.3645e+06	0.500381
6.3646e+06	0.487401
6.3647e+06	0.470044
6.3648e+06	0.448806
6.3649e+06	0.424275
6.365e+06	0.397105
6.3651e+06	0.36799
6.3652e+06	0.337628
6.3653e+06	0.306701
6.3654e+06	0.275846
6.3655e+06	0.245639
6.3656e+06	0.216575
6.3657e+06	0.189061
6.3658e+06	0.16341
6.3659e+06	0.139844
6.366e+06	0.118495
6.3661e+06	0.0994145
6.3662e+06	0.0825843
6.3663e+06	0.0679277
6.3664e+06	0.0553226
6.3665e+06	0.0446138
6.3666e+06	0.0356248
6.3667e+06	0.0281682
6.3668e+06	0.0220543
6.3669e+06	0.0170987
6.367e+06	0.0131274
6.3671e+06	0.00998032
6.3672e+06	0.00751401
6.3673e+06	0.00560236
6.3674e+06	0.00413668
6.3675e+06	0.00302501
6.3676e+06	0.00219083
6.3677e+06	0.00157149
6.3678e+06	0.00111648
6.3679e+06	0.000785673
6.368e+06	0.000547652
6.3681e+06	0.000378143
6.3682e+06	0.000258654
6.3683e+06	0.000175272
6.3684e+06	0.000117669
6.3685e+06	7.82701e-05
6.3686e+06	5.15865e-05
6.3687e+06	3.36909e-05
6.3688e+06	2.1805e-05
6.3689e+06	1.39862e-05
6.369e+06	8.89146e-06
6.3691e+06	5.6029e-06
6.3692e+06	3.49989e-06
6.3693e+06	2.16738e-06
6.3694e+06	1.33073e-06
6.3695e+06	8.10142e-07
6.3696e+06	4.89084e-07
6.3697e+06	2.92818e-07
6.3698e+06	1.73876e-07
6.3699e+06	1.02411e-07
6.37e+06	5.98351e-08
6.3701e+06	3.46816e-08
6.3702e+06	1.99438e-08
