4.59784e+06	1.12794e-05
4.59794e+06	1.85038e-05
4.59804e+06	3.00535e-05
4.59814e+06	4.83264e-05
4.59824e+06	7.69363e-05
4.59834e+06	0.000121265
4.59844e+06	0.000189233
4.59854e+06	0.000292358
4.59864e+06	0.000447188
4.59874e+06	0.000677208
4.59884e+06	0.00101534
4.59894e+06	0.00150715
4.59904e+06	0.00221493
4.59914e+06	0.00322271
4.59924e+06	0.00464236
4.59934e+06	0.00662084
4.59944e+06	0.00934856
4.59954e+06	0.0130687
4.59964e+06	0.0180875
4.59974e+06	0.0247846
4.59984e+06	0.0336234
4.59994e+06	0.0451605
4.60004e+06	0.0600527
4.60014e+06	0.0790612
4.60024e+06	0.103051
4.60034e+06	0.132983
4.60044e+06	0.169902
4.60054e+06	0.214911
4.60064e+06	0.269138
4.60074e+06	0.333693
4.60084e+06	0.409617
4.60094e+06	0.497812
4.60104e+06	0.598977
4.60114e+06	0.713529
4.60124e+06	0.841531
4.60134e+06	0.98262
4.60144e+06	1.13595
4.60154e+06	1.30013
4.60164e+06	1.47325
4.60174e+06	1.65279
4.60184e+06	1.83578
4.60194e+06	2.01873
4.60204e+06	2.19782
4.60214e+06	2.369
4.60224e+06	2.5281
4.60234e+06	2.67104
4.60244e+06	2.79398
4.60254e+06	2.8935
4.60264e+06	2.96675
4.60274e+06	3.01159
4.60284e+06	3.02668
4.60294e+06	3.01159
4.60304e+06	2.96675
4.60314e+06	2.8935
4.60324e+06	2.79398
4.60334e+06	2.67104
4.60344e+06	2.5281
4.60354e+06	2.369
4.60364e+06	2.19782
4.60374e+06	2.01873
4.60384e+06	1.83578
4.60394e+06	1.65279
4.60404e+06	1.47325
4.60414e+06	1.30013
4.60424e+06	1.13595
4.60434e+06	0.98262
4.60444e+06	0.841531
4.60454e+06	0.713529
4.60464e+06	0.598977
4.60474e+06	0.497812
4.60484e+06	0.409617
4.60494e+06	0.333693
4.60504e+06	0.269138
4.60514e+06	0.214911
4.60524e+06	0.169902
4.60534e+06	0.132983
4.60544e+06	0.103051
4.60554e+06	0.0790612
4.60564e+06	0.0600527
4.60574e+06	0.0451605
4.60584e+06	0.0336234
4.60594e+06	0.0247846
4.60604e+06	0.0180875
4.60614e+06	0.0130687
4.60624e+06	0.00934856
4.60634e+06	0.00662084
4.60644e+06	0.00464236
4.60654e+06	0.00322271
4.60664e+06	0.00221493
4.60674e+06	0.00150715
4.60684e+06	0.00101534
4.60694e+06	0.000677208
4.60704e+06	0.000447188
4.60714e+06	0.000292358
4.60724e+06	0.000189233
4.60734e+06	0.000121265
4.60744e+06	7.69363e-05
4.60754e+06	4.83264e-05
4.60764e+06	3.00535e-05
4.60774e+06	1.85038e-05
4.60784e+06	1.12794e-05
4.60794e+06	6.80718e-06
4.60804e+06	4.06729e-06
4.60814e+06	2.40603e-06
4.60824e+06	1.40914e-06
4.60834e+06	8.17077e-07
4.60844e+06	4.69061e-07
4.60854e+06	2.66596e-07
4.60864e+06	1.50015e-07
4.60874e+06	8.35741e-08
4.60884e+06	4.60963e-08
4.60894e+06	2.5172e-08
4.60904e+06	1.3609e-08
4.60914e+06	7.28439e-09
4.60924e+06	3.86026e-09
4.60934e+06	2.02533e-09
4.60944e+06	1.05204e-09
4.60954e+06	5.41038e-10
4.60964e+06	2.75473e-10
4.60974e+06	1.38863e-10
4.60984e+06	6.9303e-11
4.60994e+06	3.42432e-11
4.61004e+06	1.67515e-11
4.61014e+06	8.11317e-12
4.61024e+06	3.89031e-12
4.61034e+06	1.84686e-12
4.61044e+06	8.68045e-13
4.61054e+06	4.03931e-13
4.61064e+06	1.86093e-13
4.61074e+06	8.48805e-14
4.61084e+06	3.83304e-14
4.61094e+06	1.71371e-14
4.61104e+06	7.58554e-15
4.61114e+06	3.32425e-15
4.61124e+06	1.44231e-15
4.61134e+06	6.19554e-16
4.61144e+06	2.63486e-16
4.61154e+06	1.10941e-16
4.61164e+06	4.62471e-17
4.61174e+06	1.90868e-17
4.61184e+06	7.79903e-18
4.61194e+06	3.15503e-18
4.61204e+06	1.26364e-18
4.61214e+06	5.01074e-19
4.61224e+06	1.96715e-19
4.61234e+06	7.6459e-20
4.61244e+06	2.94223e-20
4.61254e+06	1.12094e-20
4.61264e+06	4.22811e-21
4.61274e+06	1.57894e-21
4.61284e+06	5.83772e-22
4.61294e+06	2.13686e-22
4.61304e+06	7.74405e-23
4.61314e+06	2.77854e-23
4.61324e+06	9.8701e-24
4.61334e+06	3.47123e-24
4.61344e+06	1.20866e-24
4.61354e+06	4.16658e-25
4.61364e+06	1.42204e-25
4.61374e+06	4.80511e-26
4.61384e+06	1.6075e-26
4.61394e+06	5.32421e-27
4.61404e+06	1.74589e-27
4.61414e+06	5.66808e-28
4.61424e+06	1.82185e-28
4.61434e+06	5.79755e-29
4.61444e+06	1.82656e-29
4.61454e+06	5.69746e-30
4.61464e+06	1.75948e-30
4.61474e+06	5.37955e-31
4.61484e+06	1.62841e-31
4.61494e+06	4.88022e-32
4.61504e+06	1.44801e-32
4.61514e+06	4.25364e-33
4.61524e+06	1.23711e-33
4.61534e+06	3.56214e-34
4.61544e+06	1.01548e-34
4.61554e+06	2.86608e-35
4.61564e+06	8.00872e-36
4.61574e+06	2.21562e-36
4.61584e+06	6.06853e-37
4.61594e+06	1.64562e-37
4.61604e+06	4.41806e-38
4.61614e+06	1.17433e-38
4.61624e+06	3.09036e-39
4.61634e+06	8.0516e-40
4.61644e+06	2.07689e-40
4.61654e+06	5.30397e-41
4.61664e+06	1.34105e-41
4.61674e+06	3.35698e-42
4.61684e+06	8.3197e-43
4.61694e+06	2.04138e-43
4.61704e+06	4.95904e-44
4.61714e+06	1.19269e-44
4.61724e+06	2.83998e-45
4.61734e+06	6.69514e-46
4.61744e+06	1.56265e-46
4.61754e+06	3.61094e-47
4.61764e+06	8.26105e-48
4.61774e+06	1.87115e-48
4.61784e+06	4.19602e-49
4.61794e+06	9.3159e-50
4.61804e+06	2.04771e-50
4.61814e+06	4.45625e-51
4.61824e+06	9.60124e-52
4.61834e+06	2.04806e-52
4.61844e+06	4.32528e-53
4.61854e+06	9.04365e-54
4.61864e+06	1.8721e-54
4.61874e+06	3.83683e-55
4.61884e+06	7.78526e-56
4.61894e+06	1.56398e-56
4.61904e+06	3.11061e-57
4.61914e+06	6.12515e-58
4.61924e+06	1.19411e-58
4.61934e+06	2.30479e-59
4.61944e+06	4.40426e-60
4.61954e+06	8.33246e-61
4.61964e+06	1.56074e-61
4.61974e+06	2.8943e-62
4.61984e+06	5.31391e-63
4.61994e+06	9.65923e-64
4.62004e+06	1.73831e-64
4.62014e+06	3.0972e-65
4.62024e+06	5.46347e-66
4.62034e+06	9.54168e-67
4.62044e+06	1.64984e-67
4.62054e+06	2.82536e-68
4.62064e+06	4.85282e-69
4.62074e+06	1.20447e-69
4.62084e+06	2.54427e-69
4.62094e+06	1.4362e-68
4.62104e+06	8.4452e-68
4.62114e+06	4.92368e-67
4.62124e+06	2.84213e-66
4.62134e+06	1.62426e-65
4.62144e+06	9.19017e-65
4.62154e+06	5.14812e-64
4.62164e+06	2.85517e-63
4.62174e+06	1.56773e-62
4.62184e+06	8.52252e-62
4.62194e+06	4.58693e-61
4.62204e+06	2.44418e-60
4.62214e+06	1.28944e-59
4.62224e+06	6.73481e-59
4.62234e+06	3.48263e-58
4.62244e+06	1.78298e-57
4.62254e+06	9.03738e-57
4.62264e+06	4.53519e-56
4.62274e+06	2.25323e-55
4.62284e+06	1.10834e-54
4.62294e+06	5.39756e-54
4.62304e+06	2.60243e-53
4.62314e+06	1.24227e-52
4.62324e+06	5.87101e-52
4.62334e+06	2.74704e-51
4.62344e+06	1.27255e-50
4.62354e+06	5.83636e-50
4.62364e+06	2.65012e-49
4.62374e+06	1.19137e-48
4.62384e+06	5.30254e-48
4.62394e+06	2.33657e-47
4.62404e+06	1.01937e-46
4.62414e+06	4.40291e-46
4.62424e+06	1.88281e-45
4.62434e+06	7.9713e-45
4.62444e+06	3.34125e-44
4.62454e+06	1.38659e-43
4.62464e+06	5.69693e-43
4.62474e+06	2.31735e-42
4.62484e+06	9.33256e-42
4.62494e+06	3.72106e-41
4.62504e+06	1.46889e-40
4.62514e+06	5.74075e-40
4.62524e+06	2.22129e-39
4.62534e+06	8.50939e-39
4.62544e+06	3.22737e-38
4.62554e+06	1.21187e-37
4.62564e+06	4.50528e-37
4.62574e+06	1.65823e-36
4.62584e+06	6.04258e-36
4.62594e+06	2.18001e-35
4.62604e+06	7.78667e-35
4.62614e+06	2.75361e-34
4.62624e+06	9.64071e-34
4.62634e+06	3.34174e-33
4.62644e+06	1.14682e-32
4.62654e+06	3.89648e-32
4.62664e+06	1.31071e-31
4.62674e+06	4.36517e-31
4.62684e+06	1.4393e-30
4.62694e+06	4.69847e-30
4.62704e+06	1.51852e-29
4.62714e+06	4.85893e-29
4.62724e+06	1.53928e-28
4.62734e+06	4.82785e-28
4.62744e+06	1.49915e-27
4.62754e+06	4.60887e-27
4.62764e+06	1.40281e-26
4.62774e+06	4.2273e-26
4.62784e+06	1.2612e-25
4.62794e+06	3.72529e-25
4.62804e+06	1.08942e-24
4.62814e+06	3.15417e-24
4.62824e+06	9.04136e-24
4.62834e+06	2.5659e-23
4.62844e+06	7.20944e-23
4.62854e+06	2.00549e-22
4.62864e+06	5.52329e-22
4.62874e+06	1.50602e-21
4.62884e+06	4.06557e-21
4.62894e+06	1.0866e-20
4.62904e+06	2.87524e-20
4.62914e+06	7.53244e-20
4.62924e+06	1.95369e-19
4.62934e+06	5.01684e-19
4.62944e+06	1.27545e-18
4.62954e+06	3.21036e-18
4.62964e+06	8.00019e-18
4.62974e+06	1.97381e-17
4.62984e+06	4.82132e-17
4.62994e+06	1.16596e-16
4.63004e+06	2.79164e-16
4.63014e+06	6.61746e-16
4.63024e+06	1.55303e-15
4.63034e+06	3.6085e-15
4.63044e+06	8.30101e-15
4.63054e+06	1.89056e-14
4.63064e+06	4.26294e-14
4.63074e+06	9.51664e-14
4.63084e+06	2.10337e-13
4.63094e+06	4.60261e-13
4.63104e+06	9.97126e-13
4.63114e+06	2.13871e-12
4.63124e+06	4.54164e-12
4.63134e+06	9.54838e-12
4.63144e+06	1.98748e-11
4.63154e+06	4.09576e-11
4.63164e+06	8.35647e-11
4.63174e+06	1.68798e-10
4.63184e+06	3.37575e-10
4.63194e+06	6.6839e-10
4.63204e+06	1.31023e-09
4.63214e+06	2.54284e-09
4.63224e+06	4.88596e-09
4.63234e+06	9.29474e-09
4.63244e+06	1.75058e-08
4.63254e+06	3.26425e-08
4.63264e+06	6.02618e-08
4.63274e+06	1.10143e-07
4.63284e+06	1.99311e-07
4.63294e+06	3.57076e-07
4.63304e+06	6.33356e-07
4.63314e+06	1.11222e-06
4.63324e+06	1.93372e-06
4.63334e+06	3.32852e-06
4.63344e+06	5.67239e-06
4.63354e+06	9.57058e-06
4.63364e+06	1.5987e-05
4.63374e+06	2.64395e-05
4.63384e+06	4.32909e-05
4.63394e+06	7.01774e-05
4.63404e+06	0.00011263
4.63414e+06	0.000178966
4.63424e+06	0.000281541
4.63434e+06	0.0004385
4.63444e+06	0.000676169
4.63454e+06	0.00103228
4.63464e+06	0.00156026
4.63474e+06	0.00233483
4.63484e+06	0.00345914
4.63494e+06	0.00507387
4.63504e+06	0.0073683
4.63514e+06	0.0105938
4.63524e+06	0.0150798
4.63534e+06	0.0212517
4.63544e+06	0.0296517
4.63554e+06	0.0409603
4.63564e+06	0.0560188
4.63574e+06	0.075851
4.63584e+06	0.101682
4.63594e+06	0.134954
4.63604e+06	0.177331
4.63614e+06	0.230697
4.63624e+06	0.297135
4.63634e+06	0.378899
4.63644e+06	0.478355
4.63654e+06	0.597908
4.63664e+06	0.739904
4.63674e+06	0.906512
4.63684e+06	1.09958
4.63694e+06	1.32051
4.63704e+06	1.57004
4.63714e+06	1.84814
4.63724e+06	2.15387
4.63734e+06	2.48519
4.63744e+06	2.83894
4.63754e+06	3.21078
4.63764e+06	3.5952
4.63774e+06	3.98558
4.63784e+06	4.37438
4.63794e+06	4.75334
4.63804e+06	5.11374
4.63814e+06	5.44673
4.63824e+06	5.74367
4.63834e+06	5.99653
4.63844e+06	6.19824
4.63854e+06	6.34298
4.63864e+06	6.42651
4.63874e+06	6.44635
4.63884e+06	6.40192
4.63894e+06	6.29453
4.63904e+06	6.12736
4.63914e+06	5.90529
4.63924e+06	5.63463
4.63934e+06	5.32288
4.63944e+06	4.97835
4.63954e+06	4.60978
4.63964e+06	4.22604
4.63974e+06	3.83568
4.63984e+06	3.44675
4.63994e+06	3.06643
4.64004e+06	2.70093
4.64014e+06	2.35533
4.64024e+06	2.03351
4.64034e+06	1.7382
4.64044e+06	1.47098
4.64054e+06	1.23246
4.64064e+06	1.02234
4.64074e+06	0.839609
4.64084e+06	0.682675
4.64094e+06	0.549552
4.64104e+06	0.437986
4.64114e+06	0.345596
4.64124e+06	0.269981
4.64134e+06	0.208812
4.64144e+06	0.159895
4.64154e+06	0.121219
4.64164e+06	0.0909842
4.64174e+06	0.0676109
4.64184e+06	0.0497421
4.64194e+06	0.0362317
4.64204e+06	0.0261283
4.64214e+06	0.0186548
4.64224e+06	0.0131864
4.64234e+06	0.00922824
4.64244e+06	0.00639395
4.64254e+06	0.00438608
4.64264e+06	0.00297879
4.64274e+06	0.00200291
4.64284e+06	0.00133334
4.64294e+06	0.000878771
4.64304e+06	0.000573414
4.64314e+06	0.00037044
4.64324e+06	0.000236932
4.64334e+06	0.000150033
4.64344e+06	9.40607e-05
4.64354e+06	5.83829e-05
4.64364e+06	3.58774e-05
4.64374e+06	2.18279e-05
4.64384e+06	1.31481e-05
4.64394e+06	7.84093e-06
4.64404e+06	4.62946e-06
4.64414e+06	2.70614e-06
4.64424e+06	1.56613e-06
4.64434e+06	8.9735e-07
4.64444e+06	5.09041e-07
4.64454e+06	2.85891e-07
4.64464e+06	1.58967e-07
4.64474e+06	8.75122e-08
4.64484e+06	4.76967e-08
4.64494e+06	2.57374e-08
4.64504e+06	1.37499e-08
4.64514e+06	7.27259e-09
4.64524e+06	3.80835e-09
4.64534e+06	1.97443e-09
4.64544e+06	1.01345e-09
4.64554e+06	5.15017e-10
4.64564e+06	2.59118e-10
4.64574e+06	1.29072e-10
4.64584e+06	6.36532e-11
4.64594e+06	3.1079e-11
4.64604e+06	1.50235e-11
4.64614e+06	7.19007e-12
4.64624e+06	3.40683e-12
4.64634e+06	1.59818e-12
4.64644e+06	7.42264e-13
4.64654e+06	3.41309e-13
4.64664e+06	1.5538e-13
4.64674e+06	7.00322e-14
4.64684e+06	3.12506e-14
4.64694e+06	1.38063e-14
4.64704e+06	6.0388e-15
4.64714e+06	2.61506e-15
4.64724e+06	1.12117e-15
4.64734e+06	4.75901e-16
4.64744e+06	1.99995e-16
4.64754e+06	8.32108e-17
4.64764e+06	3.42765e-17
4.64774e+06	1.39788e-17
4.64784e+06	5.64419e-18
4.64794e+06	2.25626e-18
4.64804e+06	8.92966e-19
4.64814e+06	3.49895e-19
4.64824e+06	1.35736e-19
4.64834e+06	5.2133e-20
4.64844e+06	1.98238e-20
4.64854e+06	7.46306e-21
4.64864e+06	2.78166e-21
4.64874e+06	1.02648e-21
4.64884e+06	3.75017e-22
4.64894e+06	1.35647e-22
4.64904e+06	4.85764e-23
4.64914e+06	1.72226e-23
4.64924e+06	6.04544e-24
4.64934e+06	2.10094e-24
4.64944e+06	7.22867e-25
4.64954e+06	2.46241e-25
4.64964e+06	8.30458e-26
4.64974e+06	2.77289e-26
4.64984e+06	9.16653e-27
4.64994e+06	3.00009e-27
4.65004e+06	9.72121e-28
4.65014e+06	3.11863e-28
4.65024e+06	9.90522e-29
4.65034e+06	3.11474e-29
4.65044e+06	9.69697e-30
4.65054e+06	2.98888e-30
4.65064e+06	9.12087e-31
4.65074e+06	2.75564e-31
4.65084e+06	8.24261e-32
4.65094e+06	2.44098e-32
4.65104e+06	7.15684e-33
4.65114e+06	2.07747e-33
4.65124e+06	5.97044e-34
4.65134e+06	1.69877e-34
4.65144e+06	4.78541e-35
4.65154e+06	1.33463e-35
4.65164e+06	3.6852e-36
4.65174e+06	1.00743e-36
4.65184e+06	2.72666e-37
4.65194e+06	7.30635e-38
4.65204e+06	1.93833e-38
4.65214e+06	5.09111e-39
4.65224e+06	1.3239e-39
4.65234e+06	3.40842e-40
4.65244e+06	8.68777e-41
4.65254e+06	2.19241e-41
4.65264e+06	5.4776e-42
4.65274e+06	1.35493e-42
4.65284e+06	3.31819e-43
4.65294e+06	8.0453e-44
4.65304e+06	1.93126e-44
4.65314e+06	4.58981e-45
4.65324e+06	1.07996e-45
4.65334e+06	2.5158e-46
4.65344e+06	5.80233e-47
4.65354e+06	1.32491e-47
4.65364e+06	2.9952e-48
4.65374e+06	6.70383e-49
4.65384e+06	1.48552e-49
4.65394e+06	3.25904e-50
4.65404e+06	7.07877e-51
4.65414e+06	1.52224e-51
4.65424e+06	3.2409e-52
4.65434e+06	6.83133e-53
4.65444e+06	1.42561e-53
4.65454e+06	2.94548e-54
4.65464e+06	6.02514e-55
4.65474e+06	1.22021e-55
4.65484e+06	2.44658e-56
4.65494e+06	4.8567e-57
4.65504e+06	9.54511e-58
4.65514e+06	1.85728e-58
4.65524e+06	3.57792e-59
4.65534e+06	6.82402e-60
4.65544e+06	1.28857e-60
4.65554e+06	2.40897e-61
4.65564e+06	4.45875e-62
4.65574e+06	8.17056e-63
4.65584e+06	1.48234e-63
4.65594e+06	2.66256e-64
4.65604e+06	4.73488e-65
4.65614e+06	8.33635e-66
4.65624e+06	1.45311e-66
4.65634e+06	2.50773e-67
4.65644e+06	4.28468e-68
4.65654e+06	7.24792e-69
4.65664e+06	1.21385e-69
4.65674e+06	2.01268e-70
4.65684e+06	3.304e-71
4.65694e+06	5.36986e-72
4.65704e+06	8.64059e-73
4.65714e+06	1.37651e-73
4.65724e+06	2.17108e-74
4.65734e+06	3.39021e-75
4.65744e+06	5.24125e-76
4.65754e+06	8.02232e-77
4.65764e+06	1.21569e-77
4.65774e+06	1.8239e-78
4.65784e+06	2.70919e-79
4.65794e+06	3.98412e-80
4.65804e+06	5.80074e-81
4.65814e+06	8.36163e-82
4.65824e+06	1.19332e-82
4.65834e+06	1.68608e-83
4.65844e+06	2.35861e-84
4.65854e+06	3.26657e-85
4.65864e+06	4.47905e-86
4.65874e+06	6.08045e-87
4.65884e+06	8.17227e-88
4.65894e+06	1.08744e-88
4.65904e+06	1.43261e-89
4.65914e+06	1.86856e-90
4.65924e+06	2.41291e-91
4.65934e+06	3.08485e-92
4.65944e+06	3.90467e-93
4.65954e+06	4.89317e-94
4.65964e+06	6.07091e-95
4.65974e+06	7.45718e-96
4.65984e+06	9.06885e-97
4.65994e+06	1.09191e-97
4.66004e+06	1.3016e-98
4.66014e+06	1.53613e-99
4.66024e+06	1.79487e-100
4.66034e+06	2.07633e-101
4.66044e+06	2.37803e-102
4.66054e+06	2.69646e-103
4.66064e+06	3.02711e-104
4.66074e+06	3.36449e-105
4.66084e+06	3.70226e-106
4.66094e+06	4.03341e-107
4.66104e+06	4.35046e-108
4.66114e+06	4.64574e-109
4.66124e+06	4.91169e-110
4.66134e+06	5.1412e-111
4.66144e+06	5.32789e-112
4.66154e+06	5.46642e-113
4.66164e+06	5.55274e-114
4.66174e+06	5.58431e-115
4.66184e+06	5.56017e-116
4.66194e+06	5.48105e-117
4.66204e+06	5.3493e-118
4.66214e+06	5.16876e-119
4.66224e+06	4.94463e-120
4.66234e+06	4.68315e-121
4.66244e+06	4.39136e-122
4.66254e+06	4.07678e-123
4.66264e+06	3.74708e-124
4.66274e+06	3.40977e-125
4.66284e+06	3.07195e-126
4.66294e+06	2.74006e-127
4.66304e+06	2.41971e-128
4.66314e+06	2.11556e-129
4.66324e+06	1.83123e-130
4.66334e+06	1.56934e-131
4.66344e+06	1.33152e-132
4.66354e+06	1.1185e-133
4.66364e+06	9.30214e-135
4.66374e+06	7.65924e-136
4.66384e+06	6.24375e-137
4.66394e+06	5.03921e-138
4.66404e+06	4.02658e-139
4.66414e+06	3.18543e-140
4.66424e+06	2.49492e-141
4.66434e+06	1.93464e-142
4.66444e+06	1.48526e-143
4.66454e+06	1.12892e-144
4.66464e+06	8.49531e-146
4.66474e+06	6.32925e-147
4.66484e+06	4.66856e-148
4.66494e+06	3.40934e-149
4.66504e+06	2.46499e-150
4.66514e+06	1.76448e-151
4.66524e+06	1.25048e-152
4.66534e+06	8.77387e-154
4.66544e+06	6.09486e-155
4.66554e+06	4.19173e-156
4.66564e+06	2.85418e-157
4.66574e+06	1.92409e-158
4.66584e+06	1.28418e-159
4.66594e+06	8.48562e-161
4.66604e+06	5.55135e-162
4.66614e+06	3.5956e-163
4.66624e+06	2.30569e-164
4.66634e+06	1.46382e-165
4.66644e+06	9.20089e-167
4.66654e+06	5.72572e-168
4.66664e+06	3.52767e-169
4.66674e+06	2.1518e-170
4.66684e+06	1.29949e-171
4.66694e+06	7.76967e-173
4.66704e+06	4.59926e-174
4.66714e+06	2.69545e-175
4.66724e+06	1.56398e-176
4.66734e+06	8.98437e-178
4.66744e+06	5.10977e-179
4.66754e+06	2.87722e-180
4.66764e+06	1.60399e-181
4.66774e+06	8.8529e-183
4.66784e+06	4.83757e-184
4.66794e+06	2.61714e-185
4.66804e+06	1.40179e-186
4.66814e+06	7.43355e-188
4.66824e+06	3.90271e-189
4.66834e+06	2.02859e-190
4.66844e+06	1.04395e-191
4.66854e+06	5.31888e-193
4.66864e+06	2.68299e-194
4.66874e+06	1.33991e-195
4.66884e+06	6.62501e-197
4.66894e+06	3.24307e-198
4.66904e+06	1.57175e-199
4.66914e+06	7.54166e-201
4.66924e+06	3.58268e-202
4.66934e+06	1.68502e-203
4.66944e+06	7.84623e-205
4.66954e+06	3.6172e-206
4.66964e+06	1.65098e-207
4.66974e+06	7.46051e-209
4.66984e+06	3.33773e-210
4.66994e+06	1.4784e-211
4.67004e+06	6.4832e-213
4.67014e+06	2.81477e-214
4.67024e+06	1.20992e-215
4.67034e+06	5.14901e-217
4.67044e+06	2.16945e-218
4.67054e+06	9.04965e-220
4.67064e+06	3.73741e-221
4.67074e+06	1.52816e-222
4.67084e+06	6.18617e-224
4.67094e+06	2.47932e-225
4.67104e+06	9.83786e-227
4.67114e+06	3.86479e-228
4.67124e+06	1.50317e-229
4.67134e+06	5.78824e-231
4.67144e+06	2.2067e-232
4.67154e+06	8.32906e-234
4.67164e+06	3.11248e-235
4.67174e+06	1.15152e-236
4.67184e+06	4.21791e-238
4.67194e+06	1.5296e-239
4.67204e+06	5.49183e-241
4.67214e+06	1.95215e-242
4.67224e+06	6.87014e-244
4.67234e+06	2.39373e-245
4.67244e+06	8.25737e-247
4.67254e+06	2.82011e-248
4.67264e+06	9.53556e-250
4.67274e+06	3.19215e-251
4.67284e+06	1.05798e-252
4.67294e+06	3.47161e-254
4.67304e+06	1.12782e-255
4.67314e+06	3.62749e-257
4.67324e+06	1.15512e-258
4.67334e+06	3.64174e-260
4.67344e+06	1.1367e-261
4.67354e+06	3.5127e-263
4.67364e+06	1.07471e-264
4.67374e+06	3.25537e-266
4.67384e+06	9.7626e-268
4.67394e+06	2.8986e-269
4.67404e+06	8.52055e-271
4.67414e+06	2.47973e-272
4.67424e+06	7.14493e-274
4.67434e+06	2.03821e-275
4.67444e+06	5.75647e-277
4.67454e+06	1.60961e-278
4.67464e+06	4.45598e-280
4.67474e+06	1.2213e-281
4.67484e+06	3.31404e-283
4.67494e+06	8.9033e-285
4.67504e+06	2.36811e-286
4.67514e+06	6.23603e-288
4.67524e+06	1.62582e-289
4.67534e+06	4.19656e-291
4.67544e+06	1.07244e-292
4.67554e+06	2.71336e-294
4.67564e+06	6.79673e-296
4.67574e+06	1.68558e-297
4.67584e+06	4.13862e-299
4.67594e+06	1.00605e-300
4.67604e+06	2.42125e-302
4.67614e+06	5.76923e-304
4.67624e+06	1.36098e-305
4.67634e+06	3.17866e-307
4.67644e+06	7.3501e-309
4.67654e+06	1.68267e-310
4.67664e+06	3.81384e-312
4.67674e+06	8.55819e-314
4.67684e+06	1.90134e-315
4.67694e+06	4.18209e-317
4.67704e+06	9.10706e-319
4.67714e+06	1.96243e-320
4.67724e+06	4.15015e-322
4.67734e+06	0
4.67744e+06	0
4.67754e+06	0
4.67764e+06	0
4.67774e+06	0
4.67784e+06	0
4.67794e+06	0
4.67804e+06	0
4.67814e+06	0
4.67824e+06	0
4.67834e+06	0
4.67844e+06	0
4.67854e+06	0
4.67864e+06	0
4.67874e+06	0
4.67884e+06	0
4.67894e+06	0
4.67904e+06	0
4.67914e+06	0
4.67924e+06	0
4.67934e+06	0
4.67944e+06	0
4.67954e+06	0
4.67964e+06	0
4.67974e+06	0
4.67984e+06	0
4.67994e+06	0
4.68004e+06	0
4.68014e+06	0
4.68024e+06	0
4.68034e+06	0
4.68044e+06	0
4.68054e+06	0
4.68064e+06	0
4.68074e+06	0
4.68084e+06	0
4.68094e+06	0
4.68104e+06	0
4.68114e+06	0
4.68124e+06	0
4.68134e+06	0
4.68144e+06	0
4.68154e+06	0
4.68164e+06	0
4.68174e+06	0
4.68184e+06	0
4.68194e+06	0
4.68204e+06	0
4.68214e+06	0
4.68224e+06	0
4.68234e+06	0
4.68244e+06	0
4.68254e+06	0
4.68264e+06	0
4.68274e+06	0
4.68284e+06	0
4.68294e+06	0
4.68304e+06	0
4.68314e+06	0
4.68324e+06	0
4.68334e+06	0
4.68344e+06	0
4.68354e+06	0
4.68364e+06	0
4.68374e+06	0
4.68384e+06	0
4.68394e+06	0
4.68404e+06	0
4.68414e+06	0
4.68424e+06	0
4.68434e+06	0
4.68444e+06	0
4.68454e+06	0
4.68464e+06	0
4.68474e+06	0
4.68484e+06	0
4.68494e+06	0
4.68504e+06	0
4.68514e+06	0
4.68524e+06	0
4.68534e+06	0
4.68544e+06	0
4.68554e+06	0
4.68564e+06	0
4.68574e+06	0
4.68584e+06	0
4.68594e+06	0
4.68604e+06	0
4.68614e+06	0
4.68624e+06	0
4.68634e+06	0
4.68644e+06	0
4.68654e+06	0
4.68664e+06	0
4.68674e+06	0
4.68684e+06	0
4.68694e+06	0
4.68704e+06	0
4.68714e+06	0
4.68724e+06	0
4.68734e+06	0
4.68744e+06	0
4.68754e+06	0
4.68764e+06	0
4.68774e+06	0
4.68784e+06	0
4.68794e+06	0
4.68804e+06	0
4.68814e+06	0
4.68824e+06	0
4.68834e+06	0
4.68844e+06	0
4.68854e+06	0
4.68864e+06	0
4.68874e+06	0
4.68884e+06	0
4.68894e+06	0
4.68904e+06	0
4.68914e+06	0
4.68924e+06	0
4.68934e+06	0
4.68944e+06	0
4.68954e+06	0
4.68964e+06	0
4.68974e+06	0
4.68984e+06	0
4.68994e+06	0
4.69004e+06	0
4.69014e+06	0
4.69024e+06	0
4.69034e+06	0
4.69044e+06	0
4.69054e+06	0
4.69064e+06	0
4.69074e+06	0
4.69084e+06	0
4.69094e+06	0
4.69104e+06	0
4.69114e+06	0
4.69124e+06	0
4.69134e+06	0
4.69144e+06	0
4.69154e+06	0
4.69164e+06	0
4.69174e+06	0
4.69184e+06	0
4.69194e+06	0
4.69204e+06	0
4.69214e+06	0
4.69224e+06	0
4.69234e+06	0
4.69244e+06	0
4.69254e+06	0
4.69264e+06	0
4.69274e+06	0
4.69284e+06	0
4.69294e+06	0
4.69304e+06	0
4.69314e+06	0
4.69324e+06	0
4.69334e+06	0
4.69344e+06	0
4.69354e+06	0
4.69364e+06	0
4.69374e+06	0
4.69384e+06	0
4.69394e+06	0
4.69404e+06	0
4.69414e+06	0
4.69424e+06	0
4.69434e+06	0
4.69444e+06	0
4.69454e+06	0
4.69464e+06	0
4.69474e+06	0
4.69484e+06	0
4.69494e+06	0
4.69504e+06	0
4.69514e+06	0
4.69524e+06	0
4.69534e+06	0
4.69544e+06	0
4.69554e+06	0
4.69564e+06	0
4.69574e+06	0
4.69584e+06	0
4.69594e+06	0
4.69604e+06	0
4.69614e+06	0
4.69624e+06	0
4.69634e+06	0
4.69644e+06	0
4.69654e+06	0
4.69664e+06	0
4.69674e+06	0
4.69684e+06	0
4.69694e+06	0
4.69704e+06	0
4.69714e+06	0
4.69724e+06	0
4.69734e+06	0
4.69744e+06	0
4.69754e+06	0
4.69764e+06	0
4.69774e+06	0
4.69784e+06	0
4.69794e+06	0
4.69804e+06	0
4.69814e+06	0
4.69824e+06	0
4.69834e+06	0
4.69844e+06	0
4.69854e+06	0
4.69864e+06	0
4.69874e+06	0
4.69884e+06	0
4.69894e+06	0
4.69904e+06	0
4.69914e+06	0
4.69924e+06	0
4.69934e+06	0
4.69944e+06	0
4.69954e+06	0
4.69964e+06	0
4.69974e+06	0
4.69984e+06	0
4.69994e+06	0
4.70004e+06	0
4.70014e+06	0
4.70024e+06	0
4.70034e+06	0
4.70044e+06	0
4.70054e+06	0
4.70064e+06	0
4.70074e+06	0
4.70084e+06	0
4.70094e+06	0
4.70104e+06	0
4.70114e+06	0
4.70124e+06	0
4.70134e+06	0
4.70144e+06	0
4.70154e+06	0
4.70164e+06	0
4.70174e+06	0
4.70184e+06	0
4.70194e+06	0
4.70204e+06	0
4.70214e+06	0
4.70224e+06	0
4.70234e+06	0
4.70244e+06	0
4.70254e+06	0
4.70264e+06	0
4.70274e+06	0
4.70284e+06	0
4.70294e+06	0
4.70304e+06	0
4.70314e+06	0
4.70324e+06	0
4.70334e+06	0
4.70344e+06	0
4.70354e+06	0
4.70364e+06	0
4.70374e+06	0
4.70384e+06	0
4.70394e+06	0
4.70404e+06	0
4.70414e+06	0
4.70424e+06	0
4.70434e+06	0
4.70444e+06	0
4.70454e+06	0
4.70464e+06	0
4.70474e+06	0
4.70484e+06	0
4.70494e+06	0
4.70504e+06	0
4.70514e+06	0
4.70524e+06	0
4.70534e+06	0
4.70544e+06	0
4.70554e+06	0
4.70564e+06	0
4.70574e+06	0
4.70584e+06	0
4.70594e+06	0
4.70604e+06	0
4.70614e+06	0
4.70624e+06	0
4.70634e+06	0
4.70644e+06	0
4.70654e+06	0
4.70664e+06	0
4.70674e+06	0
4.70684e+06	0
4.70694e+06	0
4.70704e+06	0
4.70714e+06	0
4.70724e+06	0
4.70734e+06	0
4.70744e+06	0
4.70754e+06	0
4.70764e+06	0
4.70774e+06	0
4.70784e+06	0
4.70794e+06	0
4.70804e+06	0
4.70814e+06	0
4.70824e+06	0
4.70834e+06	0
4.70844e+06	0
4.70854e+06	0
4.70864e+06	0
4.70874e+06	0
4.70884e+06	0
4.70894e+06	0
4.70904e+06	0
4.70914e+06	0
4.70924e+06	0
4.70934e+06	0
4.70944e+06	0
4.70954e+06	0
4.70964e+06	0
4.70974e+06	0
4.70984e+06	0
4.70994e+06	0
4.71004e+06	0
4.71014e+06	0
4.71024e+06	0
4.71034e+06	0
4.71044e+06	0
4.71054e+06	0
4.71064e+06	0
4.71074e+06	0
4.71084e+06	0
4.71094e+06	0
4.71104e+06	0
4.71114e+06	0
4.71124e+06	0
4.71134e+06	0
4.71144e+06	0
4.71154e+06	0
4.71164e+06	0
4.71174e+06	0
4.71184e+06	0
4.71194e+06	0
4.71204e+06	0
4.71214e+06	0
4.71224e+06	0
4.71234e+06	0
4.71244e+06	0
4.71254e+06	0
4.71264e+06	0
4.71274e+06	0
4.71284e+06	0
4.71294e+06	0
4.71304e+06	0
4.71314e+06	0
4.71324e+06	0
4.71334e+06	0
4.71344e+06	0
4.71354e+06	0
4.71364e+06	0
4.71374e+06	0
4.71384e+06	0
4.71394e+06	0
4.71404e+06	0
4.71414e+06	0
4.71424e+06	0
4.71434e+06	0
4.71444e+06	0
4.71454e+06	0
4.71464e+06	0
4.71474e+06	0
4.71484e+06	0
4.71494e+06	0
4.71504e+06	0
4.71514e+06	0
4.71524e+06	0
4.71534e+06	0
4.71544e+06	0
4.71554e+06	0
4.71564e+06	0
4.71574e+06	0
4.71584e+06	0
4.71594e+06	0
4.71604e+06	0
4.71614e+06	0
4.71624e+06	0
4.71634e+06	0
4.71644e+06	0
4.71654e+06	0
4.71664e+06	0
4.71674e+06	0
4.71684e+06	0
4.71694e+06	0
4.71704e+06	0
4.71714e+06	0
4.71724e+06	0
4.71734e+06	0
4.71744e+06	0
4.71754e+06	0
4.71764e+06	0
4.71774e+06	0
4.71784e+06	0
4.71794e+06	0
4.71804e+06	0
4.71814e+06	0
4.71824e+06	0
4.71834e+06	0
4.71844e+06	0
4.71854e+06	0
4.71864e+06	0
4.71874e+06	0
4.71884e+06	0
4.71894e+06	0
4.71904e+06	0
4.71914e+06	0
4.71924e+06	0
4.71934e+06	0
4.71944e+06	0
4.71954e+06	0
4.71964e+06	0
4.71974e+06	0
4.71984e+06	0
4.71994e+06	0
4.72004e+06	0
4.72014e+06	0
4.72024e+06	0
4.72034e+06	0
4.72044e+06	0
4.72054e+06	0
4.72064e+06	0
4.72074e+06	0
4.72084e+06	0
4.72094e+06	0
4.72104e+06	0
4.72114e+06	0
4.72124e+06	0
4.72134e+06	0
4.72144e+06	0
4.72154e+06	0
4.72164e+06	0
4.72174e+06	0
4.72184e+06	0
4.72194e+06	0
4.72204e+06	0
4.72214e+06	0
4.72224e+06	0
4.72234e+06	0
4.72244e+06	0
4.72254e+06	0
4.72264e+06	0
4.72274e+06	0
4.72284e+06	0
4.72294e+06	0
4.72304e+06	0
4.72314e+06	0
4.72324e+06	0
4.72334e+06	0
4.72344e+06	0
4.72354e+06	0
4.72364e+06	0
4.72374e+06	0
4.72384e+06	0
4.72394e+06	0
4.72404e+06	0
4.72414e+06	0
4.72424e+06	0
4.72434e+06	0
4.72444e+06	0
4.72454e+06	0
4.72464e+06	0
4.72474e+06	0
4.72484e+06	0
4.72494e+06	0
4.72504e+06	0
4.72514e+06	0
4.72524e+06	0
4.72534e+06	0
4.72544e+06	0
4.72554e+06	0
4.72564e+06	0
4.72574e+06	0
4.72584e+06	0
4.72594e+06	0
4.72604e+06	0
4.72614e+06	0
4.72624e+06	0
4.72634e+06	0
4.72644e+06	0
4.72654e+06	0
4.72664e+06	0
4.72674e+06	0
4.72684e+06	0
4.72694e+06	0
4.72704e+06	0
4.72714e+06	0
4.72724e+06	0
4.72734e+06	0
4.72744e+06	0
4.72754e+06	0
4.72764e+06	0
4.72774e+06	0
4.72784e+06	0
4.72794e+06	0
4.72804e+06	0
4.72814e+06	0
4.72824e+06	0
4.72834e+06	0
4.72844e+06	0
4.72854e+06	0
4.72864e+06	0
4.72874e+06	0
4.72884e+06	0
4.72894e+06	0
4.72904e+06	0
4.72914e+06	0
4.72924e+06	0
4.72934e+06	0
4.72944e+06	0
4.72954e+06	0
4.72964e+06	0
4.72974e+06	0
4.72984e+06	0
4.72994e+06	0
4.73004e+06	0
4.73014e+06	0
4.73024e+06	0
4.73034e+06	0
4.73044e+06	0
4.73054e+06	0
4.73064e+06	0
4.73074e+06	0
4.73084e+06	0
4.73094e+06	0
4.73104e+06	0
4.73114e+06	0
4.73124e+06	0
4.73134e+06	0
4.73144e+06	0
4.73154e+06	0
4.73164e+06	0
4.73174e+06	0
4.73184e+06	0
4.73194e+06	0
4.73204e+06	0
4.73214e+06	0
4.73224e+06	0
4.73234e+06	0
4.73244e+06	0
4.73254e+06	0
4.73264e+06	0
4.73274e+06	0
4.73284e+06	0
4.73294e+06	0
4.73304e+06	0
4.73314e+06	0
4.73324e+06	0
4.73334e+06	0
4.73344e+06	0
4.73354e+06	0
4.73364e+06	0
4.73374e+06	0
4.73384e+06	0
4.73394e+06	0
4.73404e+06	0
4.73414e+06	0
4.73424e+06	0
4.73434e+06	0
4.73444e+06	0
4.73454e+06	0
4.73464e+06	0
4.73474e+06	0
4.73484e+06	0
4.73494e+06	0
4.73504e+06	0
4.73514e+06	0
4.73524e+06	0
4.73534e+06	0
4.73544e+06	0
4.73554e+06	0
4.73564e+06	0
4.73574e+06	0
4.73584e+06	0
4.73594e+06	0
4.73604e+06	0
4.73614e+06	0
4.73624e+06	0
4.73634e+06	0
4.73644e+06	0
4.73654e+06	0
4.73664e+06	0
4.73674e+06	0
4.73684e+06	0
4.73694e+06	0
4.73704e+06	0
4.73714e+06	0
4.73724e+06	0
4.73734e+06	0
4.73744e+06	0
4.73754e+06	0
4.73764e+06	0
4.73774e+06	0
4.73784e+06	0
4.73794e+06	0
4.73804e+06	0
4.73814e+06	0
4.73824e+06	0
4.73834e+06	0
4.73844e+06	0
4.73854e+06	0
4.73864e+06	0
4.73874e+06	0
4.73884e+06	0
4.73894e+06	0
4.73904e+06	0
4.73914e+06	0
4.73924e+06	0
4.73934e+06	0
4.73944e+06	0
4.73954e+06	0
4.73964e+06	0
4.73974e+06	0
4.73984e+06	0
4.73994e+06	0
4.74004e+06	0
4.74014e+06	0
4.74024e+06	0
4.74034e+06	0
4.74044e+06	0
4.74054e+06	0
4.74064e+06	0
4.74074e+06	0
4.74084e+06	0
4.74094e+06	0
4.74104e+06	0
4.74114e+06	0
4.74124e+06	0
4.74134e+06	0
4.74144e+06	0
4.74154e+06	0
4.74164e+06	0
4.74174e+06	0
4.74184e+06	0
4.74194e+06	0
4.74204e+06	0
4.74214e+06	0
4.74224e+06	0
4.74234e+06	0
4.74244e+06	0
4.74254e+06	0
4.74264e+06	0
4.74274e+06	0
4.74284e+06	0
4.74294e+06	0
4.74304e+06	0
4.74314e+06	0
4.74324e+06	0
4.74334e+06	0
4.74344e+06	0
4.74354e+06	0
4.74364e+06	0
4.74374e+06	0
4.74384e+06	0
4.74394e+06	0
4.74404e+06	0
4.74414e+06	0
4.74424e+06	0
4.74434e+06	0
4.74444e+06	0
4.74454e+06	0
4.74464e+06	0
4.74474e+06	0
4.74484e+06	0
4.74494e+06	0
4.74504e+06	0
4.74514e+06	0
4.74524e+06	0
4.74534e+06	0
4.74544e+06	0
4.74554e+06	0
4.74564e+06	0
4.74574e+06	0
4.74584e+06	0
4.74594e+06	0
4.74604e+06	0
4.74614e+06	0
4.74624e+06	0
4.74634e+06	0
4.74644e+06	0
4.74654e+06	0
4.74664e+06	0
4.74674e+06	0
4.74684e+06	0
4.74694e+06	0
4.74704e+06	0
4.74714e+06	0
4.74724e+06	0
4.74734e+06	0
4.74744e+06	0
4.74754e+06	0
4.74764e+06	0
4.74774e+06	0
4.74784e+06	0
4.74794e+06	0
4.74804e+06	0
4.74814e+06	0
4.74824e+06	0
4.74834e+06	0
4.74844e+06	0
4.74854e+06	0
4.74864e+06	0
4.74874e+06	0
4.74884e+06	0
4.74894e+06	0
4.74904e+06	0
4.74914e+06	0
4.74924e+06	0
4.74934e+06	0
4.74944e+06	0
4.74954e+06	0
4.74964e+06	0
4.74974e+06	0
4.74984e+06	0
4.74994e+06	0
4.75004e+06	0
4.75014e+06	0
4.75024e+06	0
4.75034e+06	0
4.75044e+06	0
4.75054e+06	0
4.75064e+06	0
4.75074e+06	0
4.75084e+06	0
4.75094e+06	0
4.75104e+06	0
4.75114e+06	0
4.75124e+06	0
4.75134e+06	0
4.75144e+06	0
4.75154e+06	0
4.75164e+06	0
4.75174e+06	0
4.75184e+06	0
4.75194e+06	0
4.75204e+06	0
4.75214e+06	0
4.75224e+06	0
4.75234e+06	0
4.75244e+06	0
4.75254e+06	0
4.75264e+06	0
4.75274e+06	0
4.75284e+06	0
4.75294e+06	0
4.75304e+06	0
4.75314e+06	0
4.75324e+06	0
4.75334e+06	0
4.75344e+06	0
4.75354e+06	0
4.75364e+06	0
4.75374e+06	0
4.75384e+06	0
4.75394e+06	0
4.75404e+06	0
4.75414e+06	0
4.75424e+06	0
4.75434e+06	0
4.75444e+06	0
4.75454e+06	0
4.75464e+06	0
4.75474e+06	0
4.75484e+06	0
4.75494e+06	0
4.75504e+06	0
4.75514e+06	0
4.75524e+06	0
4.75534e+06	0
4.75544e+06	0
4.75554e+06	0
4.75564e+06	0
4.75574e+06	0
4.75584e+06	0
4.75594e+06	0
4.75604e+06	0
4.75614e+06	0
4.75624e+06	0
4.75634e+06	0
4.75644e+06	0
4.75654e+06	0
4.75664e+06	0
4.75674e+06	0
4.75684e+06	0
4.75694e+06	0
4.75704e+06	0
4.75714e+06	0
4.75724e+06	0
4.75734e+06	0
4.75744e+06	0
4.75754e+06	0
4.75764e+06	0
4.75774e+06	0
4.75784e+06	0
4.75794e+06	0
4.75804e+06	0
4.75814e+06	0
4.75824e+06	0
4.75834e+06	0
4.75844e+06	0
4.75854e+06	0
4.75864e+06	0
4.75874e+06	0
4.75884e+06	0
4.75894e+06	0
4.75904e+06	0
4.75914e+06	0
4.75924e+06	0
4.75934e+06	0
4.75944e+06	0
4.75954e+06	0
4.75964e+06	0
4.75974e+06	0
4.75984e+06	0
4.75994e+06	0
4.76004e+06	0
4.76014e+06	0
4.76024e+06	0
4.76034e+06	0
4.76044e+06	0
4.76054e+06	0
4.76064e+06	0
4.76074e+06	0
4.76084e+06	0
4.76094e+06	0
4.76104e+06	0
4.76114e+06	0
4.76124e+06	0
4.76134e+06	0
4.76144e+06	0
4.76154e+06	0
4.76164e+06	0
4.76174e+06	0
4.76184e+06	0
4.76194e+06	0
4.76204e+06	0
4.76214e+06	0
4.76224e+06	0
4.76234e+06	0
4.76244e+06	0
4.76254e+06	0
4.76264e+06	0
4.76274e+06	0
4.76284e+06	0
4.76294e+06	0
4.76304e+06	0
4.76314e+06	0
4.76324e+06	0
4.76334e+06	0
4.76344e+06	0
4.76354e+06	0
4.76364e+06	0
4.76374e+06	0
4.76384e+06	0
4.76394e+06	0
4.76404e+06	0
4.76414e+06	0
4.76424e+06	0
4.76434e+06	0
4.76444e+06	0
4.76454e+06	0
4.76464e+06	0
4.76474e+06	0
4.76484e+06	0
4.76494e+06	0
4.76504e+06	0
4.76514e+06	0
4.76524e+06	0
4.76534e+06	0
4.76544e+06	0
4.76554e+06	0
4.76564e+06	0
4.76574e+06	0
4.76584e+06	0
4.76594e+06	0
4.76604e+06	0
4.76614e+06	0
4.76624e+06	0
4.76634e+06	0
4.76644e+06	0
4.76654e+06	0
4.76664e+06	0
4.76674e+06	0
4.76684e+06	0
4.76694e+06	0
4.76704e+06	0
4.76714e+06	0
4.76724e+06	0
4.76734e+06	0
4.76744e+06	0
4.76754e+06	0
4.76764e+06	0
4.76774e+06	0
4.76784e+06	0
4.76794e+06	0
4.76804e+06	0
4.76814e+06	0
4.76824e+06	0
4.76834e+06	0
4.76844e+06	0
4.76854e+06	0
4.76864e+06	0
4.76874e+06	0
4.76884e+06	0
4.76894e+06	0
4.76904e+06	0
4.76914e+06	0
4.76924e+06	0
4.76934e+06	0
4.76944e+06	0
4.76954e+06	0
4.76964e+06	0
4.76974e+06	0
4.76984e+06	0
4.76994e+06	0
4.77004e+06	0
4.77014e+06	0
4.77024e+06	0
4.77034e+06	0
4.77044e+06	0
4.77054e+06	0
4.77064e+06	0
4.77074e+06	0
4.77084e+06	0
4.77094e+06	0
4.77104e+06	0
4.77114e+06	0
4.77124e+06	0
4.77134e+06	0
4.77144e+06	0
4.77154e+06	0
4.77164e+06	0
4.77174e+06	0
4.77184e+06	0
4.77194e+06	0
4.77204e+06	0
4.77214e+06	0
4.77224e+06	0
4.77234e+06	0
4.77244e+06	0
4.77254e+06	0
4.77264e+06	0
4.77274e+06	0
4.77284e+06	0
4.77294e+06	0
4.77304e+06	0
4.77314e+06	0
4.77324e+06	0
4.77334e+06	0
4.77344e+06	0
4.77354e+06	0
4.77364e+06	0
4.77374e+06	0
4.77384e+06	0
4.77394e+06	0
4.77404e+06	0
4.77414e+06	0
4.77424e+06	0
4.77434e+06	0
4.77444e+06	0
4.77454e+06	0
4.77464e+06	0
4.77474e+06	0
4.77484e+06	0
4.77494e+06	0
4.77504e+06	0
4.77514e+06	0
4.77524e+06	0
4.77534e+06	0
4.77544e+06	0
4.77554e+06	0
4.77564e+06	0
4.77574e+06	0
4.77584e+06	0
4.77594e+06	0
4.77604e+06	0
4.77614e+06	0
4.77624e+06	0
4.77634e+06	0
4.77644e+06	0
4.77654e+06	0
4.77664e+06	0
4.77674e+06	0
4.77684e+06	0
4.77694e+06	0
4.77704e+06	0
4.77714e+06	0
4.77724e+06	0
4.77734e+06	0
4.77744e+06	0
4.77754e+06	0
4.77764e+06	0
4.77774e+06	0
4.77784e+06	0
4.77794e+06	0
4.77804e+06	0
4.77814e+06	0
4.77824e+06	0
4.77834e+06	0
4.77844e+06	0
4.77854e+06	0
4.77864e+06	0
4.77874e+06	0
4.77884e+06	0
4.77894e+06	0
4.77904e+06	0
4.77914e+06	0
4.77924e+06	0
4.77934e+06	0
4.77944e+06	0
4.77954e+06	0
4.77964e+06	0
4.77974e+06	0
4.77984e+06	0
4.77994e+06	0
4.78004e+06	0
4.78014e+06	0
4.78024e+06	0
4.78034e+06	0
4.78044e+06	0
4.78054e+06	0
4.78064e+06	0
4.78074e+06	0
4.78084e+06	0
4.78094e+06	0
4.78104e+06	0
4.78114e+06	0
4.78124e+06	0
4.78134e+06	0
4.78144e+06	0
4.78154e+06	0
4.78164e+06	0
4.78174e+06	0
4.78184e+06	0
4.78194e+06	0
4.78204e+06	0
4.78214e+06	0
4.78224e+06	0
4.78234e+06	0
4.78244e+06	0
4.78254e+06	0
4.78264e+06	0
4.78274e+06	0
4.78284e+06	0
4.78294e+06	0
4.78304e+06	0
4.78314e+06	0
4.78324e+06	0
4.78334e+06	0
4.78344e+06	0
4.78354e+06	0
4.78364e+06	0
4.78374e+06	0
4.78384e+06	0
4.78394e+06	0
4.78404e+06	0
4.78414e+06	0
4.78424e+06	0
4.78434e+06	0
4.78444e+06	0
4.78454e+06	0
4.78464e+06	0
4.78474e+06	0
4.78484e+06	0
4.78494e+06	0
4.78504e+06	0
4.78514e+06	0
4.78524e+06	0
4.78534e+06	0
4.78544e+06	0
4.78554e+06	0
4.78564e+06	0
4.78574e+06	0
4.78584e+06	0
4.78594e+06	0
4.78604e+06	0
4.78614e+06	0
4.78624e+06	0
4.78634e+06	0
4.78644e+06	0
4.78654e+06	0
4.78664e+06	0
4.78674e+06	0
4.78684e+06	0
4.78694e+06	0
4.78704e+06	0
4.78714e+06	0
4.78724e+06	0
4.78734e+06	0
4.78744e+06	0
4.78754e+06	0
4.78764e+06	0
4.78774e+06	0
4.78784e+06	0
4.78794e+06	0
4.78804e+06	0
4.78814e+06	0
4.78824e+06	0
4.78834e+06	0
4.78844e+06	0
4.78854e+06	0
4.78864e+06	0
4.78874e+06	0
4.78884e+06	0
4.78894e+06	0
4.78904e+06	0
4.78914e+06	0
4.78924e+06	0
4.78934e+06	0
4.78944e+06	0
4.78954e+06	0
4.78964e+06	0
4.78974e+06	0
4.78984e+06	0
4.78994e+06	0
4.79004e+06	0
4.79014e+06	0
4.79024e+06	0
4.79034e+06	0
4.79044e+06	0
4.79054e+06	0
4.79064e+06	0
4.79074e+06	0
4.79084e+06	0
4.79094e+06	0
4.79104e+06	0
4.79114e+06	0
4.79124e+06	0
4.79134e+06	0
4.79144e+06	0
4.79154e+06	0
4.79164e+06	0
4.79174e+06	0
4.79184e+06	0
4.79194e+06	0
4.79204e+06	0
4.79214e+06	0
4.79224e+06	0
4.79234e+06	0
4.79244e+06	0
4.79254e+06	0
4.79264e+06	0
4.79274e+06	0
4.79284e+06	0
4.79294e+06	0
4.79304e+06	0
4.79314e+06	0
4.79324e+06	0
4.79334e+06	0
4.79344e+06	0
4.79354e+06	0
4.79364e+06	0
4.79374e+06	0
4.79384e+06	0
4.79394e+06	0
4.79404e+06	0
4.79414e+06	0
4.79424e+06	0
4.79434e+06	0
4.79444e+06	0
4.79454e+06	0
4.79464e+06	0
4.79474e+06	0
4.79484e+06	0
4.79494e+06	0
4.79504e+06	0
4.79514e+06	0
4.79524e+06	0
4.79534e+06	0
4.79544e+06	0
4.79554e+06	0
4.79564e+06	0
4.79574e+06	0
4.79584e+06	0
4.79594e+06	0
4.79604e+06	0
4.79614e+06	0
4.79624e+06	0
4.79634e+06	0
4.79644e+06	0
4.79654e+06	0
4.79664e+06	0
4.79674e+06	0
4.79684e+06	0
4.79694e+06	0
4.79704e+06	0
4.79714e+06	0
4.79724e+06	0
4.79734e+06	0
4.79744e+06	0
4.79754e+06	0
4.79764e+06	0
4.79774e+06	0
4.79784e+06	0
4.79794e+06	0
4.79804e+06	0
4.79814e+06	0
4.79824e+06	0
4.79834e+06	0
4.79844e+06	0
4.79854e+06	0
4.79864e+06	0
4.79874e+06	0
4.79884e+06	0
4.79894e+06	0
4.79904e+06	0
4.79914e+06	0
4.79924e+06	0
4.79934e+06	0
4.79944e+06	0
4.79954e+06	0
4.79964e+06	0
4.79974e+06	0
4.79984e+06	0
4.79994e+06	0
4.80004e+06	0
4.80014e+06	0
4.80024e+06	0
4.80034e+06	0
4.80044e+06	0
4.80054e+06	0
4.80064e+06	0
4.80074e+06	0
4.80084e+06	0
4.80094e+06	0
4.80104e+06	0
4.80114e+06	0
4.80124e+06	0
4.80134e+06	0
4.80144e+06	0
4.80154e+06	0
4.80164e+06	0
4.80174e+06	0
4.80184e+06	0
4.80194e+06	0
4.80204e+06	0
4.80214e+06	0
4.80224e+06	0
4.80234e+06	0
4.80244e+06	0
4.80254e+06	0
4.80264e+06	0
4.80274e+06	0
4.80284e+06	0
4.80294e+06	0
4.80304e+06	0
4.80314e+06	0
4.80324e+06	0
4.80334e+06	0
4.80344e+06	0
4.80354e+06	0
4.80364e+06	0
4.80374e+06	0
4.80384e+06	0
4.80394e+06	0
4.80404e+06	0
4.80414e+06	0
4.80424e+06	0
4.80434e+06	0
4.80444e+06	0
4.80454e+06	0
4.80464e+06	0
4.80474e+06	0
4.80484e+06	0
4.80494e+06	0
4.80504e+06	0
4.80514e+06	0
4.80524e+06	0
4.80534e+06	0
4.80544e+06	0
4.80554e+06	0
4.80564e+06	0
4.80574e+06	0
4.80584e+06	0
4.80594e+06	0
4.80604e+06	0
4.80614e+06	0
4.80624e+06	0
4.80634e+06	0
4.80644e+06	0
4.80654e+06	0
4.80664e+06	0
4.80674e+06	0
4.80684e+06	0
4.80694e+06	0
4.80704e+06	0
4.80714e+06	0
4.80724e+06	0
4.80734e+06	0
4.80744e+06	0
4.80754e+06	0
4.80764e+06	0
4.80774e+06	0
4.80784e+06	0
4.80794e+06	0
4.80804e+06	0
4.80814e+06	0
4.80824e+06	0
4.80834e+06	0
4.80844e+06	0
4.80854e+06	0
4.80864e+06	0
4.80874e+06	0
4.80884e+06	0
4.80894e+06	0
4.80904e+06	0
4.80914e+06	0
4.80924e+06	0
4.80934e+06	0
4.80944e+06	0
4.80954e+06	0
4.80964e+06	0
4.80974e+06	0
4.80984e+06	0
4.80994e+06	0
4.81004e+06	0
4.81014e+06	0
4.81024e+06	0
4.81034e+06	0
4.81044e+06	0
4.81054e+06	0
4.81064e+06	0
4.81074e+06	0
4.81084e+06	0
4.81094e+06	0
4.81104e+06	0
4.81114e+06	0
4.81124e+06	0
4.81134e+06	0
4.81144e+06	0
4.81154e+06	0
4.81164e+06	0
4.81174e+06	0
4.81184e+06	0
4.81194e+06	0
4.81204e+06	0
4.81214e+06	0
4.81224e+06	0
4.81234e+06	0
4.81244e+06	0
4.81254e+06	0
4.81264e+06	0
4.81274e+06	0
4.81284e+06	0
4.81294e+06	0
4.81304e+06	0
4.81314e+06	0
4.81324e+06	0
4.81334e+06	0
4.81344e+06	0
4.81354e+06	0
4.81364e+06	0
4.81374e+06	0
4.81384e+06	0
4.81394e+06	0
4.81404e+06	0
4.81414e+06	0
4.81424e+06	0
4.81434e+06	0
4.81444e+06	0
4.81454e+06	0
4.81464e+06	0
4.81474e+06	0
4.81484e+06	0
4.81494e+06	0
4.81504e+06	0
4.81514e+06	0
4.81524e+06	0
4.81534e+06	0
4.81544e+06	0
4.81554e+06	0
4.81564e+06	0
4.81574e+06	0
4.81584e+06	0
4.81594e+06	0
4.81604e+06	0
4.81614e+06	0
4.81624e+06	0
4.81634e+06	0
4.81644e+06	0
4.81654e+06	0
4.81664e+06	0
4.81674e+06	0
4.81684e+06	0
4.81694e+06	0
4.81704e+06	0
4.81714e+06	0
4.81724e+06	0
4.81734e+06	0
4.81744e+06	0
4.81754e+06	0
4.81764e+06	0
4.81774e+06	0
4.81784e+06	0
4.81794e+06	0
4.81804e+06	0
4.81814e+06	0
4.81824e+06	0
4.81834e+06	0
4.81844e+06	0
4.81854e+06	0
4.81864e+06	0
4.81874e+06	0
4.81884e+06	0
4.81894e+06	0
4.81904e+06	0
4.81914e+06	0
4.81924e+06	0
4.81934e+06	0
4.81944e+06	0
4.81954e+06	0
4.81964e+06	0
4.81974e+06	0
4.81984e+06	0
4.81994e+06	0
4.82004e+06	0
4.82014e+06	0
4.82024e+06	0
4.82034e+06	0
4.82044e+06	0
4.82054e+06	0
4.82064e+06	0
4.82074e+06	0
4.82084e+06	0
4.82094e+06	0
4.82104e+06	0
4.82114e+06	0
4.82124e+06	0
4.82134e+06	0
4.82144e+06	0
4.82154e+06	0
4.82164e+06	0
4.82174e+06	0
4.82184e+06	0
4.82194e+06	0
4.82204e+06	0
4.82214e+06	0
4.82224e+06	0
4.82234e+06	0
4.82244e+06	0
4.82254e+06	0
4.82264e+06	0
4.82274e+06	0
4.82284e+06	0
4.82294e+06	0
4.82304e+06	0
4.82314e+06	0
4.82324e+06	0
4.82334e+06	0
4.82344e+06	0
4.82354e+06	0
4.82364e+06	0
4.82374e+06	0
4.82384e+06	0
4.82394e+06	0
4.82404e+06	0
4.82414e+06	0
4.82424e+06	0
4.82434e+06	0
4.82444e+06	0
4.82454e+06	0
4.82464e+06	0
4.82474e+06	0
4.82484e+06	0
4.82494e+06	0
4.82504e+06	0
4.82514e+06	0
4.82524e+06	0
4.82534e+06	0
4.82544e+06	0
4.82554e+06	0
4.82564e+06	0
4.82574e+06	0
4.82584e+06	0
4.82594e+06	0
4.82604e+06	0
4.82614e+06	0
4.82624e+06	0
4.82634e+06	0
4.82644e+06	0
4.82654e+06	0
4.82664e+06	0
4.82674e+06	0
4.82684e+06	0
4.82694e+06	0
4.82704e+06	0
4.82714e+06	0
4.82724e+06	0
4.82734e+06	0
4.82744e+06	0
4.82754e+06	0
4.82764e+06	0
4.82774e+06	0
4.82784e+06	0
4.82794e+06	0
4.82804e+06	0
4.82814e+06	0
4.82824e+06	0
4.82834e+06	0
4.82844e+06	0
4.82854e+06	0
4.82864e+06	0
4.82874e+06	0
4.82884e+06	0
4.82894e+06	0
4.82904e+06	0
4.82914e+06	0
4.82924e+06	0
4.82934e+06	0
4.82944e+06	0
4.82954e+06	0
4.82964e+06	0
4.82974e+06	0
4.82984e+06	0
4.82994e+06	0
4.83004e+06	0
4.83014e+06	0
4.83024e+06	0
4.83034e+06	0
4.83044e+06	0
4.83054e+06	0
4.83064e+06	0
4.83074e+06	0
4.83084e+06	0
4.83094e+06	0
4.83104e+06	0
4.83114e+06	0
4.83124e+06	0
4.83134e+06	0
4.83144e+06	0
4.83154e+06	0
4.83164e+06	0
4.83174e+06	0
4.83184e+06	0
4.83194e+06	0
4.83204e+06	0
4.83214e+06	0
4.83224e+06	0
4.83234e+06	0
4.83244e+06	0
4.83254e+06	0
4.83264e+06	0
4.83274e+06	0
4.83284e+06	0
4.83294e+06	0
4.83304e+06	0
4.83314e+06	0
4.83324e+06	0
4.83334e+06	0
4.83344e+06	0
4.83354e+06	0
4.83364e+06	0
4.83374e+06	0
4.83384e+06	0
4.83394e+06	0
4.83404e+06	0
4.83414e+06	0
4.83424e+06	0
4.83434e+06	0
4.83444e+06	0
4.83454e+06	0
4.83464e+06	0
4.83474e+06	0
4.83484e+06	0
4.83494e+06	0
4.83504e+06	0
4.83514e+06	0
4.83524e+06	0
4.83534e+06	0
4.83544e+06	0
4.83554e+06	0
4.83564e+06	0
4.83574e+06	0
4.83584e+06	0
4.83594e+06	0
4.83604e+06	0
4.83614e+06	0
4.83624e+06	0
4.83634e+06	0
4.83644e+06	0
4.83654e+06	0
4.83664e+06	0
4.83674e+06	0
4.83684e+06	0
4.83694e+06	0
4.83704e+06	0
4.83714e+06	0
4.83724e+06	0
4.83734e+06	0
4.83744e+06	0
4.83754e+06	0
4.83764e+06	0
4.83774e+06	0
4.83784e+06	0
4.83794e+06	0
4.83804e+06	0
4.83814e+06	0
4.83824e+06	0
4.83834e+06	0
4.83844e+06	0
4.83854e+06	0
4.83864e+06	0
4.83874e+06	0
4.83884e+06	0
4.83894e+06	0
4.83904e+06	0
4.83914e+06	0
4.83924e+06	0
4.83934e+06	0
4.83944e+06	0
4.83954e+06	0
4.83964e+06	0
4.83974e+06	0
4.83984e+06	0
4.83994e+06	0
4.84004e+06	0
4.84014e+06	0
4.84024e+06	0
4.84034e+06	0
4.84044e+06	0
4.84054e+06	0
4.84064e+06	0
4.84074e+06	0
4.84084e+06	0
4.84094e+06	0
4.84104e+06	0
4.84114e+06	0
4.84124e+06	0
4.84134e+06	0
4.84144e+06	0
4.84154e+06	0
4.84164e+06	0
4.84174e+06	0
4.84184e+06	0
4.84194e+06	0
4.84204e+06	0
4.84214e+06	0
4.84224e+06	0
4.84234e+06	0
4.84244e+06	0
4.84254e+06	0
4.84264e+06	0
4.84274e+06	0
4.84284e+06	0
4.84294e+06	0
4.84304e+06	0
4.84314e+06	0
4.84324e+06	0
4.84334e+06	0
4.84344e+06	0
4.84354e+06	0
4.84364e+06	0
4.84374e+06	0
4.84384e+06	0
4.84394e+06	0
4.84404e+06	0
4.84414e+06	0
4.84424e+06	0
4.84434e+06	0
4.84444e+06	0
4.84454e+06	0
4.84464e+06	0
4.84474e+06	0
4.84484e+06	0
4.84494e+06	0
4.84504e+06	0
4.84514e+06	0
4.84524e+06	0
4.84534e+06	0
4.84544e+06	0
4.84554e+06	0
4.84564e+06	0
4.84574e+06	0
4.84584e+06	0
4.84594e+06	0
4.84604e+06	0
4.84614e+06	0
4.84624e+06	0
4.84634e+06	0
4.84644e+06	0
4.84654e+06	0
4.84664e+06	0
4.84674e+06	0
4.84684e+06	0
4.84694e+06	0
4.84704e+06	0
4.84714e+06	0
4.84724e+06	0
4.84734e+06	0
4.84744e+06	0
4.84754e+06	0
4.84764e+06	0
4.84774e+06	0
4.84784e+06	0
4.84794e+06	0
4.84804e+06	0
4.84814e+06	0
4.84824e+06	0
4.84834e+06	0
4.84844e+06	0
4.84854e+06	0
4.84864e+06	0
4.84874e+06	0
4.84884e+06	0
4.84894e+06	0
4.84904e+06	0
4.84914e+06	0
4.84924e+06	0
4.84934e+06	0
4.84944e+06	0
4.84954e+06	0
4.84964e+06	0
4.84974e+06	0
4.84984e+06	0
4.84994e+06	0
4.85004e+06	0
4.85014e+06	0
4.85024e+06	0
4.85034e+06	0
4.85044e+06	0
4.85054e+06	0
4.85064e+06	0
4.85074e+06	0
4.85084e+06	0
4.85094e+06	0
4.85104e+06	0
4.85114e+06	0
4.85124e+06	0
4.85134e+06	0
4.85144e+06	0
4.85154e+06	0
4.85164e+06	0
4.85174e+06	0
4.85184e+06	0
4.85194e+06	0
4.85204e+06	0
4.85214e+06	0
4.85224e+06	0
4.85234e+06	0
4.85244e+06	0
4.85254e+06	0
4.85264e+06	0
4.85274e+06	0
4.85284e+06	0
4.85294e+06	0
4.85304e+06	0
4.85314e+06	0
4.85324e+06	0
4.85334e+06	0
4.85344e+06	0
4.85354e+06	0
4.85364e+06	0
4.85374e+06	0
4.85384e+06	0
4.85394e+06	0
4.85404e+06	0
4.85414e+06	0
4.85424e+06	0
4.85434e+06	0
4.85444e+06	0
4.85454e+06	0
4.85464e+06	0
4.85474e+06	0
4.85484e+06	0
4.85494e+06	0
4.85504e+06	0
4.85514e+06	0
4.85524e+06	0
4.85534e+06	0
4.85544e+06	0
4.85554e+06	0
4.85564e+06	0
4.85574e+06	0
4.85584e+06	0
4.85594e+06	0
4.85604e+06	0
4.85614e+06	0
4.85624e+06	0
4.85634e+06	0
4.85644e+06	0
4.85654e+06	0
4.85664e+06	0
4.85674e+06	0
4.85684e+06	0
4.85694e+06	0
4.85704e+06	0
4.85714e+06	0
4.85724e+06	0
4.85734e+06	0
4.85744e+06	0
4.85754e+06	0
4.85764e+06	0
4.85774e+06	0
4.85784e+06	0
4.85794e+06	0
4.85804e+06	0
4.85814e+06	0
4.85824e+06	0
4.85834e+06	0
4.85844e+06	0
4.85854e+06	0
4.85864e+06	0
4.85874e+06	0
4.85884e+06	0
4.85894e+06	0
4.85904e+06	0
4.85914e+06	0
4.85924e+06	0
4.85934e+06	0
4.85944e+06	0
4.85954e+06	0
4.85964e+06	0
4.85974e+06	0
4.85984e+06	0
4.85994e+06	0
4.86004e+06	0
4.86014e+06	0
4.86024e+06	0
4.86034e+06	0
4.86044e+06	0
4.86054e+06	0
4.86064e+06	0
4.86074e+06	0
4.86084e+06	0
4.86094e+06	0
4.86104e+06	0
4.86114e+06	0
4.86124e+06	0
4.86134e+06	0
4.86144e+06	0
4.86154e+06	0
4.86164e+06	0
4.86174e+06	0
4.86184e+06	0
4.86194e+06	0
4.86204e+06	0
4.86214e+06	0
4.86224e+06	0
4.86234e+06	0
4.86244e+06	0
4.86254e+06	0
4.86264e+06	0
4.86274e+06	0
4.86284e+06	0
4.86294e+06	0
4.86304e+06	0
4.86314e+06	0
4.86324e+06	0
4.86334e+06	0
4.86344e+06	0
4.86354e+06	0
4.86364e+06	0
4.86374e+06	0
4.86384e+06	0
4.86394e+06	0
4.86404e+06	0
4.86414e+06	0
4.86424e+06	0
4.86434e+06	0
4.86444e+06	0
4.86454e+06	0
4.86464e+06	0
4.86474e+06	0
4.86484e+06	0
4.86494e+06	0
4.86504e+06	0
4.86514e+06	0
4.86524e+06	0
4.86534e+06	0
4.86544e+06	0
4.86554e+06	0
4.86564e+06	0
4.86574e+06	0
4.86584e+06	0
4.86594e+06	0
4.86604e+06	0
4.86614e+06	0
4.86624e+06	0
4.86634e+06	0
4.86644e+06	0
4.86654e+06	0
4.86664e+06	0
4.86674e+06	0
4.86684e+06	0
4.86694e+06	0
4.86704e+06	0
4.86714e+06	0
4.86724e+06	0
4.86734e+06	0
4.86744e+06	0
4.86754e+06	0
4.86764e+06	0
4.86774e+06	0
4.86784e+06	0
4.86794e+06	0
4.86804e+06	0
4.86814e+06	0
4.86824e+06	0
4.86834e+06	0
4.86844e+06	0
4.86854e+06	0
4.86864e+06	0
4.86874e+06	0
4.86884e+06	0
4.86894e+06	0
4.86904e+06	0
4.86914e+06	0
4.86924e+06	0
4.86934e+06	0
4.86944e+06	0
4.86954e+06	0
4.86964e+06	0
4.86974e+06	0
4.86984e+06	0
4.86994e+06	0
4.87004e+06	0
4.87014e+06	0
4.87024e+06	0
4.87034e+06	0
4.87044e+06	0
4.87054e+06	0
4.87064e+06	0
4.87074e+06	0
4.87084e+06	0
4.87094e+06	0
4.87104e+06	0
4.87114e+06	0
4.87124e+06	0
4.87134e+06	0
4.87144e+06	0
4.87154e+06	0
4.87164e+06	0
4.87174e+06	0
4.87184e+06	0
4.87194e+06	0
4.87204e+06	0
4.87214e+06	0
4.87224e+06	0
4.87234e+06	0
4.87244e+06	0
4.87254e+06	0
4.87264e+06	0
4.87274e+06	0
4.87284e+06	0
4.87294e+06	0
4.87304e+06	0
4.87314e+06	0
4.87324e+06	0
4.87334e+06	0
4.87344e+06	0
4.87354e+06	0
4.87364e+06	0
4.87374e+06	0
4.87384e+06	0
4.87394e+06	0
4.87404e+06	0
4.87414e+06	0
4.87424e+06	0
4.87434e+06	0
4.87444e+06	0
4.87454e+06	0
4.87464e+06	0
4.87474e+06	0
4.87484e+06	0
4.87494e+06	0
4.87504e+06	0
4.87514e+06	0
4.87524e+06	0
4.87534e+06	0
4.87544e+06	0
4.87554e+06	0
4.87564e+06	0
4.87574e+06	0
4.87584e+06	0
4.87594e+06	0
4.87604e+06	0
4.87614e+06	0
4.87624e+06	0
4.87634e+06	0
4.87644e+06	0
4.87654e+06	0
4.87664e+06	0
4.87674e+06	0
4.87684e+06	0
4.87694e+06	0
4.87704e+06	0
4.87714e+06	0
4.87724e+06	0
4.87734e+06	0
4.87744e+06	0
4.87754e+06	0
4.87764e+06	0
4.87774e+06	0
4.87784e+06	0
4.87794e+06	0
4.87804e+06	0
4.87814e+06	0
4.87824e+06	0
4.87834e+06	0
4.87844e+06	0
4.87854e+06	0
4.87864e+06	0
4.87874e+06	0
4.87884e+06	0
4.87894e+06	0
4.87904e+06	0
4.87914e+06	0
4.87924e+06	0
4.87934e+06	0
4.87944e+06	0
4.87954e+06	0
4.87964e+06	0
4.87974e+06	0
4.87984e+06	0
4.87994e+06	0
4.88004e+06	0
4.88014e+06	0
4.88024e+06	0
4.88034e+06	0
4.88044e+06	0
4.88054e+06	0
4.88064e+06	0
4.88074e+06	0
4.88084e+06	0
4.88094e+06	0
4.88104e+06	0
4.88114e+06	0
4.88124e+06	0
4.88134e+06	0
4.88144e+06	0
4.88154e+06	0
4.88164e+06	0
4.88174e+06	0
4.88184e+06	0
4.88194e+06	0
4.88204e+06	0
4.88214e+06	0
4.88224e+06	0
4.88234e+06	0
4.88244e+06	0
4.88254e+06	0
4.88264e+06	0
4.88274e+06	0
4.88284e+06	0
4.88294e+06	0
4.88304e+06	0
4.88314e+06	0
4.88324e+06	0
4.88334e+06	0
4.88344e+06	0
4.88354e+06	0
4.88364e+06	0
4.88374e+06	0
4.88384e+06	0
4.88394e+06	0
4.88404e+06	0
4.88414e+06	0
4.88424e+06	0
4.88434e+06	0
4.88444e+06	0
4.88454e+06	0
4.88464e+06	0
4.88474e+06	0
4.88484e+06	0
4.88494e+06	0
4.88504e+06	0
4.88514e+06	0
4.88524e+06	0
4.88534e+06	0
4.88544e+06	0
4.88554e+06	0
4.88564e+06	0
4.88574e+06	0
4.88584e+06	0
4.88594e+06	0
4.88604e+06	0
4.88614e+06	0
4.88624e+06	0
4.88634e+06	0
4.88644e+06	0
4.88654e+06	0
4.88664e+06	0
4.88674e+06	0
4.88684e+06	0
4.88694e+06	0
4.88704e+06	0
4.88714e+06	0
4.88724e+06	0
4.88734e+06	0
4.88744e+06	0
4.88754e+06	0
4.88764e+06	0
4.88774e+06	0
4.88784e+06	0
4.88794e+06	0
4.88804e+06	0
4.88814e+06	0
4.88824e+06	0
4.88834e+06	2.47033e-323
4.88844e+06	1.18082e-321
4.88854e+06	5.50142e-320
4.88864e+06	2.53621e-318
4.88874e+06	1.15764e-316
4.88884e+06	5.23139e-315
4.88894e+06	2.34055e-313
4.88904e+06	1.03676e-311
4.88914e+06	4.54667e-310
4.88924e+06	1.97409e-308
4.88934e+06	8.48587e-307
4.88944e+06	3.61147e-305
4.88954e+06	1.52169e-303
4.88964e+06	6.34788e-302
4.88974e+06	2.62172e-300
4.88984e+06	1.07202e-298
4.88994e+06	4.33985e-297
4.89004e+06	1.73942e-295
4.89014e+06	6.90224e-294
4.89024e+06	2.71165e-292
4.89034e+06	1.05471e-290
4.89044e+06	4.06155e-289
4.89054e+06	1.54848e-287
4.89064e+06	5.84492e-286
4.89074e+06	2.18427e-284
4.89084e+06	8.08152e-283
4.89094e+06	2.9603e-281
4.89104e+06	1.07358e-279
4.89114e+06	3.85472e-278
4.89124e+06	1.37027e-276
4.89134e+06	4.82256e-275
4.89144e+06	1.68037e-273
4.89154e+06	5.79684e-272
4.89164e+06	1.97986e-270
4.89174e+06	6.69472e-269
4.89184e+06	2.24124e-267
4.89194e+06	7.42852e-266
4.89204e+06	2.43766e-264
4.89214e+06	7.91955e-263
4.89224e+06	2.54733e-261
4.89234e+06	8.11198e-260
4.89244e+06	2.55756e-258
4.89254e+06	7.98328e-257
4.89264e+06	2.46714e-255
4.89274e+06	7.54856e-254
4.89284e+06	2.2866e-252
4.89294e+06	6.85764e-251
4.89304e+06	2.03618e-249
4.89314e+06	5.98569e-248
4.89324e+06	1.74208e-246
4.89334e+06	5.01974e-245
4.89344e+06	1.43202e-243
4.89354e+06	4.04461e-242
4.89364e+06	1.13099e-240
4.89374e+06	3.13113e-239
4.89384e+06	8.58219e-238
4.89394e+06	2.32891e-236
4.89404e+06	6.25697e-235
4.89414e+06	1.6643e-233
4.89424e+06	4.38287e-232
4.89434e+06	1.14272e-230
4.89444e+06	2.94972e-229
4.89454e+06	7.53838e-228
4.89464e+06	1.90736e-226
4.89474e+06	4.77796e-225
4.89484e+06	1.18498e-223
4.89494e+06	2.90962e-222
4.89504e+06	7.07323e-221
4.89514e+06	1.70238e-219
4.89524e+06	4.05652e-218
4.89534e+06	9.56989e-217
4.89544e+06	2.2352e-215
4.89554e+06	5.16874e-214
4.89564e+06	1.18334e-212
4.89574e+06	2.6822e-211
4.89584e+06	6.01907e-210
4.89594e+06	1.33729e-208
4.89604e+06	2.94156e-207
4.89614e+06	6.406e-206
4.89624e+06	1.38119e-204
4.89634e+06	2.94834e-203
4.89644e+06	6.23101e-202
4.89654e+06	1.30376e-200
4.89664e+06	2.7008e-199
4.89674e+06	5.53916e-198
4.89684e+06	1.12474e-196
4.89694e+06	2.2611e-195
4.89704e+06	4.50031e-194
4.89714e+06	8.86794e-193
4.89724e+06	1.73006e-191
4.89734e+06	3.3416e-190
4.89744e+06	6.39007e-189
4.89754e+06	1.2098e-187
4.89764e+06	2.26767e-186
4.89774e+06	4.20826e-185
4.89784e+06	7.73183e-184
4.89794e+06	1.40643e-182
4.89804e+06	2.53287e-181
4.89814e+06	4.5161e-180
4.89824e+06	7.97208e-179
4.89834e+06	1.39327e-177
4.89844e+06	2.41078e-176
4.89854e+06	4.12988e-175
4.89864e+06	7.00444e-174
4.89874e+06	1.17616e-172
4.89884e+06	1.95532e-171
4.89894e+06	3.21828e-170
4.89904e+06	5.24431e-169
4.89914e+06	8.46077e-168
4.89924e+06	1.35141e-166
4.89934e+06	2.1371e-165
4.89944e+06	3.34593e-164
4.89954e+06	5.1864e-163
4.89964e+06	7.95926e-162
4.89974e+06	1.20931e-160
4.89984e+06	1.8191e-159
4.89994e+06	2.70916e-158
4.90004e+06	3.99457e-157
4.90014e+06	5.83126e-156
4.90024e+06	8.42774e-155
4.90034e+06	1.20592e-153
4.90044e+06	1.70836e-152
4.90054e+06	2.39608e-151
4.90064e+06	3.32719e-150
4.90074e+06	4.57417e-149
4.90084e+06	6.22592e-148
4.90094e+06	8.3898e-147
4.90104e+06	1.11933e-145
4.90114e+06	1.47849e-144
4.90124e+06	1.93348e-143
4.90134e+06	2.50332e-142
4.90144e+06	3.20885e-141
4.90154e+06	4.0723e-140
4.90164e+06	5.11668e-139
4.90174e+06	6.36492e-138
4.90184e+06	7.83889e-137
4.90194e+06	9.55815e-136
4.90204e+06	1.15385e-134
4.90214e+06	1.37906e-133
4.90224e+06	1.63182e-132
4.90234e+06	1.9117e-131
4.90244e+06	2.2173e-130
4.90254e+06	2.54616e-129
4.90264e+06	2.8947e-128
4.90274e+06	3.25821e-127
4.90284e+06	3.63088e-126
4.90294e+06	4.00591e-125
4.90304e+06	4.3757e-124
4.90314e+06	4.73207e-123
4.90324e+06	5.06654e-122
4.90334e+06	5.37068e-121
4.90344e+06	5.63643e-120
4.90354e+06	5.85647e-119
4.90364e+06	6.02456e-118
4.90374e+06	6.1358e-117
4.90384e+06	6.18691e-116
4.90394e+06	6.17638e-115
4.90404e+06	6.10451e-114
4.90414e+06	5.97345e-113
4.90424e+06	5.78704e-112
4.90434e+06	5.55066e-111
4.90444e+06	5.27096e-110
4.90454e+06	4.95556e-109
4.90464e+06	4.61267e-108
4.90474e+06	4.25078e-107
4.90484e+06	3.87831e-106
4.90494e+06	3.50326e-105
4.90504e+06	3.133e-104
4.90514e+06	2.77399e-103
4.90524e+06	2.43168e-102
4.90534e+06	2.1104e-101
4.90544e+06	1.81335e-100
4.90554e+06	1.5426e-99
4.90564e+06	1.29922e-98
4.90574e+06	1.08336e-97
4.90584e+06	8.94366e-97
4.90594e+06	7.30999e-96
4.90604e+06	5.91527e-95
4.90614e+06	4.73904e-94
4.90624e+06	3.75891e-93
4.90634e+06	2.95183e-92
4.90644e+06	2.29498e-91
4.90654e+06	1.76653e-90
4.90664e+06	1.34624e-89
4.90674e+06	1.01573e-88
4.90684e+06	7.58742e-88
4.90694e+06	5.61133e-87
4.90704e+06	4.10861e-86
4.90714e+06	2.97838e-85
4.90724e+06	2.13759e-84
4.90734e+06	1.51888e-83
4.90744e+06	1.06851e-82
4.90754e+06	7.44208e-82
4.90764e+06	5.13175e-81
4.90774e+06	3.50343e-80
4.90784e+06	2.36798e-79
4.90794e+06	1.58461e-78
4.90804e+06	1.04983e-77
4.90814e+06	6.88616e-77
4.90824e+06	4.47188e-76
4.90834e+06	2.87515e-75
4.90844e+06	1.83016e-74
4.90854e+06	1.15338e-73
4.90864e+06	7.19639e-73
4.90874e+06	4.44542e-72
4.90884e+06	2.71875e-71
4.90894e+06	1.6462e-70
4.90904e+06	9.86851e-70
4.90914e+06	5.85704e-69
4.90924e+06	3.44162e-68
4.90934e+06	2.00218e-67
4.90944e+06	1.15319e-66
4.90954e+06	6.57592e-66
4.90964e+06	3.71252e-65
4.90974e+06	2.0751e-64
4.90984e+06	1.14832e-63
4.90994e+06	6.29141e-63
4.91004e+06	3.41262e-62
4.91014e+06	1.83268e-61
4.91024e+06	9.74407e-61
4.91034e+06	5.12923e-60
4.91044e+06	2.67313e-59
4.91054e+06	1.37926e-58
4.91064e+06	7.04578e-58
4.91074e+06	3.56343e-57
4.91084e+06	1.78429e-56
4.91094e+06	8.84544e-56
4.91104e+06	4.34141e-55
4.91114e+06	2.10959e-54
4.91124e+06	1.0149e-53
4.91134e+06	4.83399e-53
4.91144e+06	2.27953e-52
4.91154e+06	1.06424e-51
4.91164e+06	4.9192e-51
4.91174e+06	2.25115e-50
4.91184e+06	1.01993e-49
4.91194e+06	4.57506e-49
4.91204e+06	2.03179e-48
4.91214e+06	8.9334e-48
4.91224e+06	3.88877e-47
4.91234e+06	1.67597e-46
4.91244e+06	7.15113e-46
4.91254e+06	3.02094e-45
4.91264e+06	1.26347e-44
4.91274e+06	5.23174e-44
4.91284e+06	2.14479e-43
4.91294e+06	8.70521e-43
4.91304e+06	3.49809e-42
4.91314e+06	1.39168e-41
4.91324e+06	5.48159e-41
4.91334e+06	2.13762e-40
4.91344e+06	8.25297e-40
4.91354e+06	3.15462e-39
4.91364e+06	1.19383e-38
4.91374e+06	4.47294e-38
4.91384e+06	1.65921e-37
4.91394e+06	6.09351e-37
4.91404e+06	2.21559e-36
4.91414e+06	7.97572e-36
4.91424e+06	2.84254e-35
4.91434e+06	1.003e-34
4.91444e+06	3.50389e-34
4.91454e+06	1.21188e-33
4.91464e+06	4.14977e-33
4.91474e+06	1.40684e-32
4.91484e+06	4.72199e-32
4.91494e+06	1.56914e-31
4.91504e+06	5.16243e-31
4.91514e+06	1.68153e-30
4.91524e+06	5.42265e-30
4.91534e+06	1.73131e-29
4.91544e+06	5.47265e-29
4.91554e+06	1.71268e-28
4.91564e+06	5.30654e-28
4.91574e+06	1.62781e-27
4.91584e+06	4.94372e-27
4.91594e+06	1.48648e-26
4.91604e+06	4.42511e-26
4.91614e+06	1.3042e-25
4.91624e+06	3.80559e-25
4.91634e+06	1.0994e-24
4.91644e+06	3.14448e-24
4.91654e+06	8.90427e-24
4.91664e+06	2.49634e-23
4.91674e+06	6.92895e-23
4.91684e+06	1.90409e-22
4.91694e+06	5.18042e-22
4.91704e+06	1.3954e-21
4.91714e+06	3.72126e-21
4.91724e+06	9.82514e-21
4.91734e+06	2.56829e-20
4.91744e+06	6.64671e-20
4.91754e+06	1.70305e-19
4.91764e+06	4.32019e-19
4.91774e+06	1.08502e-18
4.91784e+06	2.69791e-18
4.91794e+06	6.64164e-18
4.91804e+06	1.61875e-17
4.91814e+06	3.90609e-17
4.91824e+06	9.3317e-17
4.91834e+06	2.20718e-16
4.91844e+06	5.16856e-16
4.91854e+06	1.19828e-15
4.91864e+06	2.75047e-15
4.91874e+06	6.25045e-15
4.91884e+06	1.40628e-14
4.91894e+06	3.1325e-14
4.91904e+06	6.90822e-14
4.91914e+06	1.50834e-13
4.91924e+06	3.26053e-13
4.91934e+06	6.97806e-13
4.91944e+06	1.47856e-12
4.91954e+06	3.10169e-12
4.91964e+06	6.44194e-12
4.91974e+06	1.32462e-11
4.91984e+06	2.69664e-11
4.91994e+06	5.43516e-11
4.92004e+06	1.08457e-10
4.92014e+06	2.1427e-10
4.92024e+06	4.19103e-10
4.92034e+06	8.11593e-10
4.92044e+06	1.55601e-09
4.92054e+06	2.95355e-09
4.92064e+06	5.5505e-09
4.92074e+06	1.03271e-08
4.92084e+06	1.9023e-08
4.92094e+06	3.46928e-08
4.92104e+06	6.26405e-08
4.92114e+06	1.11977e-07
4.92124e+06	1.9818e-07
4.92134e+06	3.47254e-07
4.92144e+06	6.0241e-07
4.92154e+06	1.03465e-06
4.92164e+06	1.75935e-06
4.92174e+06	2.96189e-06
4.92184e+06	4.93675e-06
4.92194e+06	8.1465e-06
4.92204e+06	1.33094e-05
4.92214e+06	2.15279e-05
4.92224e+06	3.44749e-05
4.92234e+06	5.4659e-05
4.92244e+06	8.5798e-05
4.92254e+06	0.000133337
4.92264e+06	0.000205153
4.92274e+06	0.000312511
4.92284e+06	0.000471312
4.92294e+06	0.000703735
4.92304e+06	0.00104032
4.92314e+06	0.00152258
4.92324e+06	0.00220624
4.92334e+06	0.00316506
4.92344e+06	0.00449539
4.92354e+06	0.00632136
4.92364e+06	0.00880056
4.92374e+06	0.0121302
4.92384e+06	0.0165532
4.92394e+06	0.0223642
4.92404e+06	0.0299144
4.92414e+06	0.0396156
4.92424e+06	0.0519407
4.92434e+06	0.0674229
4.92444e+06	0.086649
4.92454e+06	0.11025
4.92464e+06	0.138883
4.92474e+06	0.173211
4.92484e+06	0.213875
4.92494e+06	0.261458
4.92504e+06	0.316446
4.92514e+06	0.379189
4.92524e+06	0.449851
4.92534e+06	0.52837
4.92544e+06	0.61442
4.92554e+06	0.707374
4.92564e+06	0.806288
4.92574e+06	0.909889
4.92584e+06	1.01658
4.92594e+06	1.12449
4.92604e+06	1.23147
4.92614e+06	1.33522
4.92624e+06	1.43329
4.92634e+06	1.52326
4.92644e+06	1.60277
4.92654e+06	1.66966
4.92664e+06	1.72202
4.92674e+06	1.75836
4.92684e+06	1.7776
4.92694e+06	1.77916
4.92704e+06	1.76301
4.92714e+06	1.72963
4.92724e+06	1.67999
4.92734e+06	1.61554
4.92744e+06	1.5381
4.92754e+06	1.44981
4.92764e+06	1.35298
4.92774e+06	1.25006
4.92784e+06	1.14348
4.92794e+06	1.03557
4.92804e+06	0.92852
4.92814e+06	0.82425
4.92824e+06	0.724408
4.92834e+06	0.630325
4.92844e+06	0.543004
4.92854e+06	0.463126
4.92864e+06	0.391067
4.92874e+06	0.326935
4.92884e+06	0.2706
4.92894e+06	0.221744
4.92904e+06	0.179901
4.92914e+06	0.144501
4.92924e+06	0.114912
4.92934e+06	0.0904728
4.92944e+06	0.0705224
4.92954e+06	0.0544243
4.92964e+06	0.0415831
4.92974e+06	0.0314555
4.92984e+06	0.0235578
4.92994e+06	0.0174674
4.93004e+06	0.0128227
4.93014e+06	0.00931941
4.93024e+06	0.00670585
4.93034e+06	0.00477723
4.93044e+06	0.00336943
4.93054e+06	0.00235284
4.93064e+06	0.00162662
4.93074e+06	0.00111336
4.93084e+06	0.000754476
4.93094e+06	0.000506186
4.93104e+06	0.000336227
4.93114e+06	0.000221112
4.93124e+06	0.000143962
4.93134e+06	9.27984e-05
4.93144e+06	5.92231e-05
4.93154e+06	3.74195e-05
4.93164e+06	2.34079e-05
4.93174e+06	1.44972e-05
4.93184e+06	8.88919e-06
4.93194e+06	5.39632e-06
4.93204e+06	3.24332e-06
4.93214e+06	1.92992e-06
4.93224e+06	1.13696e-06
4.93234e+06	6.63148e-07
4.93244e+06	3.8294e-07
4.93254e+06	2.18932e-07
4.93264e+06	1.23921e-07
4.93274e+06	6.94442e-08
4.93284e+06	3.85287e-08
4.93294e+06	2.11637e-08
4.93304e+06	1.15095e-08
4.93314e+06	6.19695e-09
4.93324e+06	3.30346e-09
4.93334e+06	1.74365e-09
4.93344e+06	9.11566e-10
4.93354e+06	4.7265e-10
4.93364e+06	2.44432e-10
4.93374e+06	1.29001e-10
4.93384e+06	7.54943e-11
4.93394e+06	6.00733e-11
4.93404e+06	7.64679e-11
4.93414e+06	1.33853e-10
4.93424e+06	2.61514e-10
4.93434e+06	5.22446e-10
4.93444e+06	1.04153e-09
4.93454e+06	2.05959e-09
4.93464e+06	4.03401e-09
4.93474e+06	7.82344e-09
4.93484e+06	1.50219e-08
4.93494e+06	2.85571e-08
4.93504e+06	5.37476e-08
4.93514e+06	1.00153e-07
4.93524e+06	1.84766e-07
4.93534e+06	3.37473e-07
4.93544e+06	6.10257e-07
4.93554e+06	1.09256e-06
4.93564e+06	1.93656e-06
4.93574e+06	3.39842e-06
4.93584e+06	5.90444e-06
4.93594e+06	1.01564e-05
4.93604e+06	1.72963e-05
4.93614e+06	2.91627e-05
4.93624e+06	4.86808e-05
4.93634e+06	8.04536e-05
4.93644e+06	0.000131641
4.93654e+06	0.000213251
4.93664e+06	0.000342019
4.93674e+06	0.000543082
4.93684e+06	0.000853765
4.93694e+06	0.00132883
4.93704e+06	0.00204765
4.93714e+06	0.00312391
4.93724e+06	0.00471845
4.93734e+06	0.00705598
4.93744e+06	0.0104465
4.93754e+06	0.0153124
4.93764e+06	0.0222215
4.93774e+06	0.0319271
4.93784e+06	0.0454154
4.93794e+06	0.0639592
4.93804e+06	0.0891786
4.93814e+06	0.123105
4.93824e+06	0.168247
4.93834e+06	0.227654
4.93844e+06	0.304972
4.93854e+06	0.404486
4.93864e+06	0.531133
4.93874e+06	0.690494
4.93884e+06	0.888737
4.93894e+06	1.13252
4.93904e+06	1.4288
4.93914e+06	1.78467
4.93924e+06	2.20698
4.93934e+06	2.70208
4.93944e+06	3.27532
4.93954e+06	3.93068
4.93964e+06	4.67022
4.93974e+06	5.4937
4.93984e+06	6.39808
4.93994e+06	7.37719
4.94004e+06	8.4215
4.94014e+06	9.51798
4.94024e+06	10.6502
4.94034e+06	11.7985
4.94044e+06	12.9406
4.94054e+06	14.052
4.94064e+06	15.107
4.94074e+06	16.0796
4.94084e+06	16.9446
4.94094e+06	17.6784
4.94104e+06	18.2605
4.94114e+06	18.674
4.94124e+06	18.9069
4.94134e+06	18.9523
4.94144e+06	18.8087
4.94154e+06	18.4805
4.94164e+06	17.9773
4.94174e+06	17.3138
4.94184e+06	16.5089
4.94194e+06	15.5848
4.94204e+06	14.566
4.94214e+06	13.4783
4.94224e+06	12.3478
4.94234e+06	11.1996
4.94244e+06	10.057
4.94254e+06	8.94115
4.94264e+06	7.87001
4.94274e+06	6.85827
4.94284e+06	5.91712
4.94294e+06	5.05433
4.94304e+06	4.27438
4.94314e+06	3.57883
4.94324e+06	2.96664
4.94334e+06	2.4347
4.94344e+06	1.97826
4.94354e+06	1.5914
4.94364e+06	1.26745
4.94374e+06	0.999406
4.94384e+06	0.780204
4.94394e+06	0.60302
4.94404e+06	0.461437
4.94414e+06	0.349583
4.94424e+06	0.262208
4.94434e+06	0.194714
4.94444e+06	0.143156
4.94454e+06	0.104202
4.94464e+06	0.0750944
4.94474e+06	0.0535802
4.94484e+06	0.0378512
4.94494e+06	0.0264765
4.94504e+06	0.0183403
4.94514e+06	0.0125852
4.94524e+06	0.0085612
4.94534e+06	0.00578284
4.94544e+06	0.00389285
4.94554e+06	0.00263255
4.94564e+06	0.00181831
4.94574e+06	0.00132308
4.94584e+06	0.00106237
4.94594e+06	0.000983905
4.94604e+06	0.00106009
4.94614e+06	0.0012829
4.94624e+06	0.00166052
4.94634e+06	0.00221528
4.94644e+06	0.00298271
4.94654e+06	0.00401102
4.94664e+06	0.00536117
4.94674e+06	0.00710684
4.94684e+06	0.00933433
4.94694e+06	0.0121421
4.94704e+06	0.0156396
4.94714e+06	0.0199455
4.94724e+06	0.0251845
4.94734e+06	0.0314835
4.94744e+06	0.0389666
4.94754e+06	0.0477486
4.94764e+06	0.0579277
4.94774e+06	0.0695775
4.94784e+06	0.0827387
4.94794e+06	0.0974105
4.94804e+06	0.113543
4.94814e+06	0.13103
4.94824e+06	0.149706
4.94834e+06	0.169342
4.94844e+06	0.189647
4.94854e+06	0.210274
4.94864e+06	0.230825
4.94874e+06	0.250863
4.94884e+06	0.269927
4.94894e+06	0.28755
4.94904e+06	0.303276
4.94914e+06	0.31668
4.94924e+06	0.327385
4.94934e+06	0.335085
4.94944e+06	0.339553
4.94954e+06	0.340657
4.94964e+06	0.338364
4.94974e+06	0.332742
4.94984e+06	0.323958
4.94994e+06	0.312268
4.95004e+06	0.298004
4.95014e+06	0.281562
4.95024e+06	0.263381
4.95034e+06	0.243922
4.95044e+06	0.223652
4.95054e+06	0.203027
4.95064e+06	0.18247
4.95074e+06	0.162363
4.95084e+06	0.143033
4.95094e+06	0.124752
4.95104e+06	0.107724
4.95114e+06	0.0920947
4.95124e+06	0.0779497
4.95134e+06	0.0653208
4.95144e+06	0.0541933
4.95154e+06	0.044514
4.95164e+06	0.0361996
4.95174e+06	0.0291454
4.95184e+06	0.0232323
4.95194e+06	0.0183346
4.95204e+06	0.0143254
4.95214e+06	0.0110815
4.95224e+06	0.00848693
4.95234e+06	0.00643514
4.95244e+06	0.00483084
4.95254e+06	0.00359041
4.95264e+06	0.00264194
4.95274e+06	0.00192468
4.95284e+06	0.0013882
4.95294e+06	0.00099129
4.95304e+06	0.000700822
4.95314e+06	0.000490537
4.95324e+06	0.000339932
4.95334e+06	0.000233222
4.95344e+06	0.000158418
4.95354e+06	0.000106536
4.95364e+06	7.09327e-05
4.95374e+06	4.67577e-05
4.95384e+06	3.05152e-05
4.95394e+06	1.97168e-05
4.95404e+06	1.26129e-05
4.95414e+06	7.98818e-06
4.95424e+06	5.00887e-06
4.95434e+06	3.10948e-06
4.95444e+06	1.91114e-06
4.95454e+06	1.16294e-06
4.95464e+06	7.00609e-07
4.95474e+06	4.17881e-07
4.95484e+06	2.46767e-07
4.95494e+06	1.4427e-07
4.95504e+06	8.35074e-08
4.95514e+06	4.78553e-08
4.95524e+06	2.71514e-08
4.95534e+06	1.52515e-08
4.95544e+06	8.48179e-09
4.95554e+06	4.67004e-09
4.95564e+06	2.54572e-09
4.95574e+06	1.37391e-09
4.95584e+06	7.34112e-10
4.95594e+06	3.88351e-10
4.95604e+06	2.03396e-10
4.95614e+06	1.05467e-10
4.95624e+06	5.4144e-11
4.95634e+06	2.75195e-11
4.95644e+06	1.3848e-11
4.95654e+06	6.89907e-12
4.95664e+06	3.40292e-12
4.95674e+06	1.66176e-12
4.95684e+06	8.03423e-13
4.95694e+06	3.8457e-13
4.95704e+06	1.82249e-13
4.95714e+06	8.55088e-14
4.95724e+06	3.97205e-14
4.95734e+06	1.82673e-14
4.95744e+06	8.31748e-15
4.95754e+06	3.74944e-15
4.95764e+06	1.67339e-15
4.95774e+06	7.3941e-16
4.95784e+06	3.23468e-16
4.95794e+06	1.40099e-16
4.95804e+06	6.00749e-17
4.95814e+06	2.55041e-17
4.95824e+06	1.07197e-17
4.95834e+06	4.46081e-18
4.95844e+06	1.83782e-18
4.95854e+06	7.4963e-19
4.95864e+06	3.02725e-19
4.95874e+06	1.21034e-19
4.95884e+06	4.79097e-20
4.95894e+06	1.87757e-20
4.95904e+06	7.28495e-21
4.95914e+06	2.79843e-21
4.95924e+06	1.06429e-21
4.95934e+06	4.00737e-22
4.95944e+06	1.49389e-22
4.95954e+06	5.51357e-23
4.95964e+06	2.01468e-23
4.95974e+06	7.28845e-24
4.95984e+06	2.61049e-24
4.95994e+06	9.25689e-25
4.96004e+06	3.24987e-25
4.96014e+06	1.1296e-25
4.96024e+06	3.88721e-26
4.96034e+06	1.32437e-26
4.96044e+06	4.46724e-27
4.96054e+06	1.49185e-27
4.96064e+06	4.93251e-28
4.96074e+06	1.61461e-28
4.96084e+06	5.23269e-29
4.96094e+06	1.67896e-29
4.96104e+06	5.33348e-30
4.96114e+06	1.67741e-30
4.96124e+06	5.22305e-31
4.96134e+06	1.61015e-31
4.96144e+06	4.91435e-32
4.96154e+06	1.48499e-32
4.96164e+06	4.44259e-33
4.96174e+06	1.31585e-33
4.96184e+06	3.85864e-34
4.96194e+06	1.12026e-34
4.96204e+06	3.22004e-35
4.96214e+06	9.16347e-36
4.96224e+06	2.58176e-36
4.96234e+06	7.20159e-37
4.96244e+06	1.98883e-37
4.96254e+06	5.43783e-38
4.96264e+06	1.47201e-38
4.96274e+06	3.94503e-39
4.96284e+06	1.04676e-39
4.96294e+06	2.74982e-40
4.96304e+06	7.15182e-41
4.96314e+06	1.84156e-41
4.96324e+06	4.69475e-42
4.96334e+06	1.18494e-42
4.96344e+06	2.96099e-43
4.96354e+06	7.32545e-44
4.96364e+06	1.79427e-44
4.96374e+06	4.35111e-45
4.96384e+06	1.04465e-45
4.96394e+06	2.4831e-46
4.96404e+06	5.84357e-47
4.96414e+06	1.3615e-47
4.96424e+06	3.14062e-48
4.96434e+06	7.17247e-49
4.96444e+06	1.62174e-49
4.96454e+06	3.63035e-50
4.96464e+06	8.04588e-51
4.96474e+06	1.76545e-51
4.96484e+06	3.83526e-52
4.96494e+06	8.24881e-53
4.96504e+06	1.75649e-53
4.96514e+06	3.70301e-54
4.96524e+06	7.72899e-55
4.96534e+06	1.59716e-55
4.96544e+06	3.2676e-56
4.96554e+06	6.61862e-57
4.96564e+06	1.32728e-57
4.96574e+06	2.63522e-58
4.96584e+06	5.17996e-59
4.96594e+06	1.00808e-59
4.96604e+06	1.9423e-60
4.96614e+06	3.70508e-61
4.96624e+06	6.99739e-62
4.96634e+06	1.30837e-62
4.96644e+06	2.42205e-63
4.96654e+06	4.43908e-64
4.96664e+06	8.05488e-65
4.96674e+06	1.44705e-65
4.96684e+06	2.57373e-66
4.96694e+06	4.53211e-67
4.96704e+06	7.90123e-68
4.96714e+06	1.36379e-68
4.96724e+06	2.33053e-69
4.96734e+06	3.94295e-70
4.96744e+06	6.60455e-71
4.96754e+06	1.09528e-71
4.96764e+06	1.79829e-72
4.96774e+06	2.92317e-73
4.96784e+06	4.70441e-74
4.96794e+06	7.49571e-75
4.96804e+06	1.18244e-75
4.96814e+06	1.84672e-76
4.96824e+06	2.85548e-77
4.96834e+06	4.37135e-78
4.96844e+06	6.62535e-79
4.96854e+06	9.94167e-80
4.96864e+06	1.47695e-80
4.96874e+06	2.17236e-81
4.96884e+06	3.16339e-82
4.96894e+06	4.5607e-83
4.96904e+06	6.50979e-84
4.96914e+06	9.1994e-85
4.96924e+06	1.28709e-85
4.96934e+06	1.78286e-86
4.96944e+06	2.44501e-87
4.96954e+06	3.31972e-88
4.96964e+06	4.46251e-89
4.96974e+06	5.93901e-90
4.96984e+06	7.82539e-91
4.96994e+06	1.02083e-91
4.97004e+06	1.31844e-92
4.97014e+06	1.68587e-93
4.97024e+06	2.13425e-94
4.97034e+06	2.67499e-95
4.97044e+06	3.31938e-96
4.97054e+06	4.07801e-97
4.97064e+06	4.96017e-98
4.97074e+06	5.97313e-99
4.97084e+06	7.12139e-100
4.97094e+06	8.40591e-101
4.97104e+06	9.82339e-102
4.97114e+06	1.13657e-102
4.97124e+06	1.30192e-103
4.97134e+06	1.4765e-104
4.97144e+06	1.65783e-105
4.97154e+06	1.8429e-106
4.97164e+06	2.02824e-107
4.97174e+06	2.21002e-108
4.97184e+06	2.38413e-109
4.97194e+06	2.54636e-110
4.97204e+06	2.69257e-111
4.97214e+06	2.81884e-112
4.97224e+06	2.92168e-113
4.97234e+06	2.99813e-114
4.97244e+06	3.04598e-115
4.97254e+06	3.06379e-116
4.97264e+06	3.05104e-117
4.97274e+06	3.00812e-118
4.97284e+06	2.93629e-119
4.97294e+06	2.83766e-120
4.97304e+06	2.71505e-121
4.97314e+06	2.57189e-122
4.97324e+06	2.41204e-123
4.97334e+06	2.23962e-124
4.97344e+06	2.05883e-125
4.97354e+06	1.8738e-126
4.97364e+06	1.68843e-127
4.97374e+06	1.50626e-128
4.97384e+06	1.33038e-129
4.97394e+06	1.16334e-130
4.97404e+06	1.00715e-131
4.97414e+06	8.63256e-133
4.97424e+06	7.32558e-134
4.97434e+06	6.15462e-135
4.97444e+06	5.11939e-136
4.97454e+06	4.21591e-137
4.97464e+06	3.43734e-138
4.97474e+06	2.77466e-139
4.97484e+06	2.21746e-140
4.97494e+06	1.75451e-141
4.97504e+06	1.37441e-142
4.97514e+06	1.06594e-143
4.97524e+06	8.18474e-145
4.97534e+06	6.22207e-146
4.97544e+06	4.68298e-147
4.97554e+06	3.48953e-148
4.97564e+06	2.57435e-149
4.97574e+06	1.8803e-150
4.97584e+06	1.3597e-151
4.97594e+06	9.73451e-153
4.97604e+06	6.89991e-154
4.97614e+06	4.84206e-155
4.97624e+06	3.36414e-156
4.97634e+06	2.31406e-157
4.97644e+06	1.57591e-158
4.97654e+06	1.06254e-159
4.97664e+06	7.09281e-161
4.97674e+06	4.68757e-162
4.97684e+06	3.06714e-163
4.97694e+06	1.9869e-164
4.97704e+06	1.27431e-165
4.97714e+06	8.09158e-167
4.97724e+06	5.08684e-168
4.97734e+06	3.16606e-169
4.97744e+06	1.95095e-170
4.97754e+06	1.19023e-171
4.97764e+06	7.18911e-173
4.97774e+06	4.29907e-174
4.97784e+06	2.54525e-175
4.97794e+06	1.49192e-176
4.97804e+06	8.65795e-178
4.97814e+06	4.97442e-179
4.97824e+06	2.82961e-180
4.97834e+06	1.59356e-181
4.97844e+06	8.88521e-183
4.97854e+06	4.90483e-184
4.97864e+06	2.68063e-185
4.97874e+06	1.45046e-186
4.97884e+06	7.77023e-188
4.97894e+06	4.12114e-189
4.97904e+06	2.16401e-190
4.97914e+06	1.12501e-191
4.97924e+06	5.79045e-193
4.97934e+06	2.9507e-194
4.97944e+06	1.48866e-195
4.97954e+06	7.43568e-197
4.97964e+06	3.67709e-198
4.97974e+06	1.8003e-199
4.97984e+06	8.72654e-201
4.97994e+06	4.18791e-202
4.98004e+06	1.9898e-203
4.98014e+06	9.36003e-205
4.98024e+06	4.35916e-206
4.98034e+06	2.00995e-207
4.98044e+06	9.17542e-209
4.98054e+06	4.14689e-210
4.98064e+06	1.85557e-211
4.98074e+06	8.22031e-213
4.98084e+06	3.60542e-214
4.98094e+06	1.5656e-215
4.98104e+06	6.73075e-217
4.98114e+06	2.86486e-218
4.98124e+06	1.20726e-219
4.98134e+06	5.03678e-221
4.98144e+06	2.08048e-222
4.98154e+06	8.50806e-224
4.98164e+06	3.44473e-225
4.98174e+06	1.38082e-226
4.98184e+06	5.47994e-228
4.98194e+06	2.15314e-229
4.98204e+06	8.37576e-231
4.98214e+06	3.22577e-232
4.98224e+06	1.22999e-233
4.98234e+06	4.64328e-235
4.98244e+06	1.73543e-236
4.98254e+06	6.42161e-238
4.98264e+06	2.35255e-239
4.98274e+06	8.5328e-241
4.98284e+06	3.06408e-242
4.98294e+06	1.08935e-243
4.98304e+06	3.83434e-245
4.98314e+06	1.3362e-246
4.98324e+06	4.61008e-248
4.98334e+06	1.57472e-249
4.98344e+06	5.32543e-251
4.98354e+06	1.78305e-252
4.98364e+06	5.91056e-254
4.98374e+06	1.93978e-255
4.98384e+06	6.30277e-257
4.98394e+06	2.02753e-258
4.98404e+06	6.45746e-260
4.98414e+06	2.03616e-261
4.98424e+06	6.35654e-263
4.98434e+06	1.96465e-264
4.98444e+06	6.01185e-266
4.98454e+06	1.82132e-267
4.98464e+06	5.4629e-269
4.98474e+06	1.62225e-270
4.98484e+06	4.76944e-272
4.98494e+06	1.38827e-273
4.98504e+06	4.00073e-275
4.98514e+06	1.14146e-276
4.98524e+06	3.22433e-278
4.98534e+06	9.01726e-280
4.98544e+06	2.49671e-281
4.98554e+06	6.84411e-283
4.98564e+06	1.85748e-284
4.98574e+06	4.991e-286
4.98584e+06	1.32773e-287
4.98594e+06	3.49693e-289
4.98604e+06	9.11847e-291
4.98614e+06	2.35404e-292
4.98624e+06	6.01676e-294
4.98634e+06	1.52254e-295
4.98644e+06	3.81445e-297
4.98654e+06	9.46134e-299
4.98664e+06	2.32343e-300
4.98674e+06	5.64891e-302
4.98684e+06	1.35974e-303
4.98694e+06	3.24044e-305
4.98704e+06	7.64557e-307
4.98714e+06	1.78596e-308
4.98724e+06	4.1304e-310
4.98734e+06	9.45734e-312
4.98744e+06	2.14389e-313
4.98754e+06	4.81164e-315
4.98764e+06	1.06916e-316
4.98774e+06	2.35205e-318
4.98784e+06	5.12297e-320
4.98794e+06	1.10671e-321
4.98804e+06	2.47033e-323
4.98814e+06	0
4.98824e+06	0
4.98834e+06	0
4.98844e+06	0
4.98854e+06	0
4.98864e+06	0
4.98874e+06	0
4.98884e+06	0
4.98894e+06	0
4.98904e+06	0
4.98914e+06	0
4.98924e+06	0
4.98934e+06	0
4.98944e+06	0
4.98954e+06	0
4.98964e+06	0
4.98974e+06	0
4.98984e+06	0
4.98994e+06	0
4.99004e+06	0
4.99014e+06	0
4.99024e+06	0
4.99034e+06	0
4.99044e+06	0
4.99054e+06	0
4.99064e+06	0
4.99074e+06	0
4.99084e+06	0
4.99094e+06	0
4.99104e+06	0
4.99114e+06	0
4.99124e+06	0
4.99134e+06	0
4.99144e+06	0
4.99154e+06	0
4.99164e+06	0
4.99174e+06	0
4.99184e+06	0
4.99194e+06	0
4.99204e+06	0
4.99214e+06	0
4.99224e+06	0
4.99234e+06	0
4.99244e+06	0
4.99254e+06	0
4.99264e+06	0
4.99274e+06	0
4.99284e+06	0
4.99294e+06	0
4.99304e+06	0
4.99314e+06	0
4.99324e+06	0
4.99334e+06	0
4.99344e+06	0
4.99354e+06	0
4.99364e+06	0
4.99374e+06	0
4.99384e+06	0
4.99394e+06	0
4.99404e+06	0
4.99414e+06	0
4.99424e+06	0
4.99434e+06	0
4.99444e+06	0
4.99454e+06	0
4.99464e+06	0
4.99474e+06	0
4.99484e+06	0
4.99494e+06	0
4.99504e+06	0
4.99514e+06	0
4.99524e+06	0
4.99534e+06	0
4.99544e+06	0
4.99554e+06	0
4.99564e+06	0
4.99574e+06	0
4.99584e+06	0
4.99594e+06	0
4.99604e+06	0
4.99614e+06	0
4.99624e+06	0
4.99634e+06	0
4.99644e+06	0
4.99654e+06	0
4.99664e+06	0
4.99674e+06	0
4.99684e+06	0
4.99694e+06	0
4.99704e+06	0
4.99714e+06	0
4.99724e+06	0
4.99734e+06	0
4.99744e+06	0
4.99754e+06	0
4.99764e+06	0
4.99774e+06	0
4.99784e+06	0
4.99794e+06	0
4.99804e+06	0
4.99814e+06	0
4.99824e+06	0
4.99834e+06	0
4.99844e+06	0
4.99854e+06	0
4.99864e+06	0
4.99874e+06	0
4.99884e+06	0
4.99894e+06	0
4.99904e+06	0
4.99914e+06	0
4.99924e+06	0
4.99934e+06	0
4.99944e+06	0
4.99954e+06	0
4.99964e+06	0
4.99974e+06	0
4.99984e+06	0
4.99994e+06	0
5.00004e+06	0
5.00014e+06	0
5.00024e+06	0
5.00034e+06	0
5.00044e+06	0
5.00054e+06	0
5.00064e+06	0
5.00074e+06	0
5.00084e+06	0
5.00094e+06	0
5.00104e+06	0
5.00114e+06	0
5.00124e+06	0
5.00134e+06	0
5.00144e+06	0
5.00154e+06	0
5.00164e+06	0
5.00174e+06	0
5.00184e+06	0
5.00194e+06	0
5.00204e+06	0
5.00214e+06	0
5.00224e+06	0
5.00234e+06	0
5.00244e+06	0
5.00254e+06	0
5.00264e+06	0
5.00274e+06	0
5.00284e+06	0
5.00294e+06	0
5.00304e+06	0
5.00314e+06	0
5.00324e+06	0
5.00334e+06	0
5.00344e+06	0
5.00354e+06	0
5.00364e+06	0
5.00374e+06	0
5.00384e+06	0
5.00394e+06	0
5.00404e+06	0
5.00414e+06	0
5.00424e+06	0
5.00434e+06	0
5.00444e+06	0
5.00454e+06	0
5.00464e+06	0
5.00474e+06	0
5.00484e+06	0
5.00494e+06	0
5.00504e+06	0
5.00514e+06	0
5.00524e+06	0
5.00534e+06	0
5.00544e+06	0
5.00554e+06	0
5.00564e+06	0
5.00574e+06	0
5.00584e+06	0
5.00594e+06	0
5.00604e+06	0
5.00614e+06	0
5.00624e+06	0
5.00634e+06	0
5.00644e+06	0
5.00654e+06	0
5.00664e+06	0
5.00674e+06	0
5.00684e+06	0
5.00694e+06	0
5.00704e+06	0
5.00714e+06	0
5.00724e+06	0
5.00734e+06	0
5.00744e+06	0
5.00754e+06	0
5.00764e+06	0
5.00774e+06	0
5.00784e+06	0
5.00794e+06	0
5.00804e+06	0
5.00814e+06	0
5.00824e+06	0
5.00834e+06	0
5.00844e+06	0
5.00854e+06	0
5.00864e+06	0
5.00874e+06	0
5.00884e+06	0
5.00894e+06	0
5.00904e+06	0
5.00914e+06	0
5.00924e+06	0
5.00934e+06	0
5.00944e+06	0
5.00954e+06	0
5.00964e+06	0
5.00974e+06	0
5.00984e+06	0
5.00994e+06	0
5.01004e+06	0
5.01014e+06	0
5.01024e+06	0
5.01034e+06	0
5.01044e+06	0
5.01054e+06	0
5.01064e+06	0
5.01074e+06	0
5.01084e+06	0
5.01094e+06	0
5.01104e+06	0
5.01114e+06	0
5.01124e+06	0
5.01134e+06	0
5.01144e+06	0
5.01154e+06	0
5.01164e+06	0
5.01174e+06	0
5.01184e+06	0
5.01194e+06	0
5.01204e+06	0
5.01214e+06	0
5.01224e+06	0
5.01234e+06	0
5.01244e+06	0
5.01254e+06	0
5.01264e+06	0
5.01274e+06	0
5.01284e+06	0
5.01294e+06	0
5.01304e+06	0
5.01314e+06	0
5.01324e+06	0
5.01334e+06	0
5.01344e+06	0
5.01354e+06	0
5.01364e+06	0
5.01374e+06	0
5.01384e+06	0
5.01394e+06	0
5.01404e+06	0
5.01414e+06	0
5.01424e+06	0
5.01434e+06	0
5.01444e+06	0
5.01454e+06	0
5.01464e+06	0
5.01474e+06	0
5.01484e+06	0
5.01494e+06	0
5.01504e+06	0
5.01514e+06	0
5.01524e+06	0
5.01534e+06	0
5.01544e+06	0
5.01554e+06	0
5.01564e+06	0
5.01574e+06	0
5.01584e+06	0
5.01594e+06	0
5.01604e+06	0
5.01614e+06	0
5.01624e+06	0
5.01634e+06	0
5.01644e+06	0
5.01654e+06	0
5.01664e+06	0
5.01674e+06	0
5.01684e+06	0
5.01694e+06	0
5.01704e+06	0
5.01714e+06	0
5.01724e+06	0
5.01734e+06	0
5.01744e+06	0
5.01754e+06	0
5.01764e+06	0
5.01774e+06	0
5.01784e+06	0
5.01794e+06	0
5.01804e+06	0
5.01814e+06	0
5.01824e+06	0
5.01834e+06	0
5.01844e+06	0
5.01854e+06	0
5.01864e+06	0
5.01874e+06	0
5.01884e+06	0
5.01894e+06	0
5.01904e+06	0
5.01914e+06	0
5.01924e+06	0
5.01934e+06	0
5.01944e+06	0
5.01954e+06	0
5.01964e+06	0
5.01974e+06	0
5.01984e+06	0
5.01994e+06	0
5.02004e+06	0
5.02014e+06	0
5.02024e+06	0
5.02034e+06	0
5.02044e+06	0
5.02054e+06	0
5.02064e+06	0
5.02074e+06	0
5.02084e+06	0
5.02094e+06	0
5.02104e+06	0
5.02114e+06	0
5.02124e+06	0
5.02134e+06	0
5.02144e+06	0
5.02154e+06	0
5.02164e+06	0
5.02174e+06	0
5.02184e+06	0
5.02194e+06	0
5.02204e+06	0
5.02214e+06	0
5.02224e+06	0
5.02234e+06	0
5.02244e+06	0
5.02254e+06	0
5.02264e+06	0
5.02274e+06	0
5.02284e+06	0
5.02294e+06	0
5.02304e+06	0
5.02314e+06	0
5.02324e+06	0
5.02334e+06	0
5.02344e+06	0
5.02354e+06	0
5.02364e+06	0
5.02374e+06	0
5.02384e+06	0
5.02394e+06	0
5.02404e+06	0
5.02414e+06	0
5.02424e+06	0
5.02434e+06	0
5.02444e+06	0
5.02454e+06	0
5.02464e+06	0
5.02474e+06	0
5.02484e+06	0
5.02494e+06	0
5.02504e+06	0
5.02514e+06	0
5.02524e+06	0
5.02534e+06	0
5.02544e+06	0
5.02554e+06	0
5.02564e+06	0
5.02574e+06	0
5.02584e+06	0
5.02594e+06	0
5.02604e+06	0
5.02614e+06	0
5.02624e+06	0
5.02634e+06	0
5.02644e+06	0
5.02654e+06	0
5.02664e+06	0
5.02674e+06	0
5.02684e+06	0
5.02694e+06	0
5.02704e+06	0
5.02714e+06	0
5.02724e+06	0
5.02734e+06	0
5.02744e+06	0
5.02754e+06	0
5.02764e+06	0
5.02774e+06	0
5.02784e+06	0
5.02794e+06	0
5.02804e+06	0
5.02814e+06	0
5.02824e+06	0
5.02834e+06	0
5.02844e+06	0
5.02854e+06	0
5.02864e+06	0
5.02874e+06	0
5.02884e+06	0
5.02894e+06	0
5.02904e+06	0
5.02914e+06	0
5.02924e+06	0
5.02934e+06	0
5.02944e+06	0
5.02954e+06	0
5.02964e+06	0
5.02974e+06	0
5.02984e+06	0
5.02994e+06	0
5.03004e+06	0
5.03014e+06	0
5.03024e+06	0
5.03034e+06	0
5.03044e+06	0
5.03054e+06	0
5.03064e+06	0
5.03074e+06	0
5.03084e+06	0
5.03094e+06	0
5.03104e+06	0
5.03114e+06	0
5.03124e+06	0
5.03134e+06	0
5.03144e+06	0
5.03154e+06	0
5.03164e+06	0
5.03174e+06	0
5.03184e+06	0
5.03194e+06	0
5.03204e+06	0
5.03214e+06	0
5.03224e+06	0
5.03234e+06	0
5.03244e+06	0
5.03254e+06	0
5.03264e+06	0
5.03274e+06	0
5.03284e+06	0
5.03294e+06	0
5.03304e+06	0
5.03314e+06	0
5.03324e+06	0
5.03334e+06	0
5.03344e+06	0
5.03354e+06	0
5.03364e+06	0
5.03374e+06	0
5.03384e+06	0
5.03394e+06	0
5.03404e+06	0
5.03414e+06	0
5.03424e+06	0
5.03434e+06	0
5.03444e+06	0
5.03454e+06	0
5.03464e+06	0
5.03474e+06	0
5.03484e+06	0
5.03494e+06	0
5.03504e+06	0
5.03514e+06	0
5.03524e+06	0
5.03534e+06	0
5.03544e+06	0
5.03554e+06	0
5.03564e+06	0
5.03574e+06	0
5.03584e+06	0
5.03594e+06	0
5.03604e+06	0
5.03614e+06	0
5.03624e+06	0
5.03634e+06	0
5.03644e+06	0
5.03654e+06	0
5.03664e+06	0
5.03674e+06	0
5.03684e+06	0
5.03694e+06	0
5.03704e+06	0
5.03714e+06	0
5.03724e+06	0
5.03734e+06	0
5.03744e+06	0
5.03754e+06	0
5.03764e+06	0
5.03774e+06	0
5.03784e+06	0
5.03794e+06	0
5.03804e+06	0
5.03814e+06	0
5.03824e+06	0
5.03834e+06	0
5.03844e+06	0
5.03854e+06	0
5.03864e+06	0
5.03874e+06	0
5.03884e+06	0
5.03894e+06	0
5.03904e+06	0
5.03914e+06	0
5.03924e+06	0
5.03934e+06	0
5.03944e+06	0
5.03954e+06	0
5.03964e+06	0
5.03974e+06	0
5.03984e+06	0
5.03994e+06	0
5.04004e+06	0
5.04014e+06	0
5.04024e+06	0
5.04034e+06	0
5.04044e+06	0
5.04054e+06	0
5.04064e+06	0
5.04074e+06	0
5.04084e+06	0
5.04094e+06	0
5.04104e+06	0
5.04114e+06	0
5.04124e+06	0
5.04134e+06	0
5.04144e+06	0
5.04154e+06	0
5.04164e+06	0
5.04174e+06	0
5.04184e+06	0
5.04194e+06	0
5.04204e+06	0
5.04214e+06	0
5.04224e+06	0
5.04234e+06	0
5.04244e+06	0
5.04254e+06	0
5.04264e+06	0
5.04274e+06	0
5.04284e+06	0
5.04294e+06	0
5.04304e+06	0
5.04314e+06	0
5.04324e+06	0
5.04334e+06	0
5.04344e+06	0
5.04354e+06	0
5.04364e+06	0
5.04374e+06	0
5.04384e+06	0
5.04394e+06	0
5.04404e+06	0
5.04414e+06	0
5.04424e+06	0
5.04434e+06	0
5.04444e+06	0
5.04454e+06	0
5.04464e+06	0
5.04474e+06	0
5.04484e+06	0
5.04494e+06	0
5.04504e+06	0
5.04514e+06	0
5.04524e+06	0
5.04534e+06	0
5.04544e+06	0
5.04554e+06	0
5.04564e+06	0
5.04574e+06	0
5.04584e+06	0
5.04594e+06	0
5.04604e+06	0
5.04614e+06	0
5.04624e+06	0
5.04634e+06	0
5.04644e+06	0
5.04654e+06	0
5.04664e+06	0
5.04674e+06	0
5.04684e+06	0
5.04694e+06	0
5.04704e+06	0
5.04714e+06	0
5.04724e+06	0
5.04734e+06	0
5.04744e+06	0
5.04754e+06	0
5.04764e+06	0
5.04774e+06	0
5.04784e+06	0
5.04794e+06	0
5.04804e+06	0
5.04814e+06	0
5.04824e+06	0
5.04834e+06	0
5.04844e+06	0
5.04854e+06	0
5.04864e+06	0
5.04874e+06	0
5.04884e+06	0
5.04894e+06	0
5.04904e+06	0
5.04914e+06	0
5.04924e+06	0
5.04934e+06	0
5.04944e+06	0
5.04954e+06	0
5.04964e+06	0
5.04974e+06	0
5.04984e+06	0
5.04994e+06	0
5.05004e+06	0
5.05014e+06	0
5.05024e+06	0
5.05034e+06	0
5.05044e+06	0
5.05054e+06	0
5.05064e+06	0
5.05074e+06	0
5.05084e+06	0
5.05094e+06	0
5.05104e+06	0
5.05114e+06	0
5.05124e+06	0
5.05134e+06	0
5.05144e+06	0
5.05154e+06	0
5.05164e+06	0
5.05174e+06	0
5.05184e+06	0
5.05194e+06	0
5.05204e+06	0
5.05214e+06	0
5.05224e+06	0
5.05234e+06	0
5.05244e+06	0
5.05254e+06	0
5.05264e+06	0
5.05274e+06	0
5.05284e+06	0
5.05294e+06	0
5.05304e+06	0
5.05314e+06	0
5.05324e+06	0
5.05334e+06	0
5.05344e+06	0
5.05354e+06	0
5.05364e+06	0
5.05374e+06	0
5.05384e+06	0
5.05394e+06	0
5.05404e+06	0
5.05414e+06	0
5.05424e+06	0
5.05434e+06	0
5.05444e+06	0
5.05454e+06	0
5.05464e+06	0
5.05474e+06	0
5.05484e+06	0
5.05494e+06	0
5.05504e+06	0
5.05514e+06	0
5.05524e+06	0
5.05534e+06	0
5.05544e+06	0
5.05554e+06	0
5.05564e+06	0
5.05574e+06	0
5.05584e+06	0
5.05594e+06	0
5.05604e+06	0
5.05614e+06	0
5.05624e+06	0
5.05634e+06	0
5.05644e+06	0
5.05654e+06	0
5.05664e+06	0
5.05674e+06	0
5.05684e+06	0
5.05694e+06	0
5.05704e+06	0
5.05714e+06	0
5.05724e+06	0
5.05734e+06	0
5.05744e+06	0
5.05754e+06	0
5.05764e+06	0
5.05774e+06	0
5.05784e+06	0
5.05794e+06	0
5.05804e+06	0
5.05814e+06	0
5.05824e+06	0
5.05834e+06	0
5.05844e+06	0
5.05854e+06	0
5.05864e+06	0
5.05874e+06	0
5.05884e+06	0
5.05894e+06	0
5.05904e+06	0
5.05914e+06	0
5.05924e+06	0
5.05934e+06	0
5.05944e+06	0
5.05954e+06	0
5.05964e+06	0
5.05974e+06	0
5.05984e+06	0
5.05994e+06	0
5.06004e+06	0
5.06014e+06	0
5.06024e+06	0
5.06034e+06	0
5.06044e+06	0
5.06054e+06	0
5.06064e+06	0
5.06074e+06	0
5.06084e+06	0
5.06094e+06	0
5.06104e+06	0
5.06114e+06	0
5.06124e+06	0
5.06134e+06	0
5.06144e+06	0
5.06154e+06	0
5.06164e+06	0
5.06174e+06	0
5.06184e+06	0
5.06194e+06	0
5.06204e+06	0
5.06214e+06	0
5.06224e+06	0
5.06234e+06	0
5.06244e+06	0
5.06254e+06	0
5.06264e+06	0
5.06274e+06	0
5.06284e+06	0
5.06294e+06	0
5.06304e+06	0
5.06314e+06	0
5.06324e+06	0
5.06334e+06	0
5.06344e+06	0
5.06354e+06	0
5.06364e+06	0
5.06374e+06	0
5.06384e+06	0
5.06394e+06	0
5.06404e+06	0
5.06414e+06	0
5.06424e+06	0
5.06434e+06	0
5.06444e+06	0
5.06454e+06	0
5.06464e+06	0
5.06474e+06	0
5.06484e+06	0
5.06494e+06	0
5.06504e+06	0
5.06514e+06	0
5.06524e+06	0
5.06534e+06	0
5.06544e+06	0
5.06554e+06	0
5.06564e+06	0
5.06574e+06	0
5.06584e+06	0
5.06594e+06	0
5.06604e+06	0
5.06614e+06	0
5.06624e+06	0
5.06634e+06	0
5.06644e+06	0
5.06654e+06	0
5.06664e+06	0
5.06674e+06	0
5.06684e+06	0
5.06694e+06	0
5.06704e+06	0
5.06714e+06	0
5.06724e+06	0
5.06734e+06	0
5.06744e+06	0
5.06754e+06	0
5.06764e+06	0
5.06774e+06	0
5.06784e+06	0
5.06794e+06	0
5.06804e+06	0
5.06814e+06	0
5.06824e+06	0
5.06834e+06	0
5.06844e+06	0
5.06854e+06	0
5.06864e+06	0
5.06874e+06	0
5.06884e+06	0
5.06894e+06	0
5.06904e+06	0
5.06914e+06	0
5.06924e+06	0
5.06934e+06	0
5.06944e+06	0
5.06954e+06	0
5.06964e+06	0
5.06974e+06	0
5.06984e+06	0
5.06994e+06	0
5.07004e+06	0
5.07014e+06	0
5.07024e+06	0
5.07034e+06	0
5.07044e+06	0
5.07054e+06	0
5.07064e+06	0
5.07074e+06	0
5.07084e+06	0
5.07094e+06	0
5.07104e+06	0
5.07114e+06	0
5.07124e+06	0
5.07134e+06	0
5.07144e+06	0
5.07154e+06	0
5.07164e+06	0
5.07174e+06	0
5.07184e+06	0
5.07194e+06	0
5.07204e+06	0
5.07214e+06	0
5.07224e+06	0
5.07234e+06	0
5.07244e+06	0
5.07254e+06	0
5.07264e+06	0
5.07274e+06	0
5.07284e+06	0
5.07294e+06	0
5.07304e+06	0
5.07314e+06	0
5.07324e+06	0
5.07334e+06	0
5.07344e+06	0
5.07354e+06	0
5.07364e+06	0
5.07374e+06	0
5.07384e+06	0
5.07394e+06	0
5.07404e+06	0
5.07414e+06	0
5.07424e+06	0
5.07434e+06	0
5.07444e+06	0
5.07454e+06	0
5.07464e+06	0
5.07474e+06	0
5.07484e+06	0
5.07494e+06	0
5.07504e+06	0
5.07514e+06	0
5.07524e+06	0
5.07534e+06	0
5.07544e+06	0
5.07554e+06	0
5.07564e+06	0
5.07574e+06	0
5.07584e+06	0
5.07594e+06	0
5.07604e+06	0
5.07614e+06	0
5.07624e+06	0
5.07634e+06	0
5.07644e+06	0
5.07654e+06	0
5.07664e+06	0
5.07674e+06	0
5.07684e+06	0
5.07694e+06	0
5.07704e+06	0
5.07714e+06	0
5.07724e+06	0
5.07734e+06	0
5.07744e+06	0
5.07754e+06	0
5.07764e+06	0
5.07774e+06	0
5.07784e+06	0
5.07794e+06	0
5.07804e+06	0
5.07814e+06	0
5.07824e+06	0
5.07834e+06	0
5.07844e+06	0
5.07854e+06	0
5.07864e+06	0
5.07874e+06	0
5.07884e+06	0
5.07894e+06	0
5.07904e+06	0
5.07914e+06	0
5.07924e+06	0
5.07934e+06	0
5.07944e+06	0
5.07954e+06	0
5.07964e+06	0
5.07974e+06	0
5.07984e+06	0
5.07994e+06	0
5.08004e+06	0
5.08014e+06	0
5.08024e+06	0
5.08034e+06	0
5.08044e+06	0
5.08054e+06	0
5.08064e+06	0
5.08074e+06	0
5.08084e+06	0
5.08094e+06	0
5.08104e+06	0
5.08114e+06	0
5.08124e+06	0
5.08134e+06	0
5.08144e+06	0
5.08154e+06	0
5.08164e+06	0
5.08174e+06	0
5.08184e+06	0
5.08194e+06	0
5.08204e+06	0
5.08214e+06	0
5.08224e+06	0
5.08234e+06	0
5.08244e+06	0
5.08254e+06	0
5.08264e+06	0
5.08274e+06	0
5.08284e+06	0
5.08294e+06	0
5.08304e+06	0
5.08314e+06	0
5.08324e+06	0
5.08334e+06	0
5.08344e+06	0
5.08354e+06	0
5.08364e+06	0
5.08374e+06	0
5.08384e+06	0
5.08394e+06	0
5.08404e+06	0
5.08414e+06	0
5.08424e+06	0
5.08434e+06	0
5.08444e+06	0
5.08454e+06	0
5.08464e+06	0
5.08474e+06	0
5.08484e+06	0
5.08494e+06	0
5.08504e+06	0
5.08514e+06	0
5.08524e+06	0
5.08534e+06	0
5.08544e+06	0
5.08554e+06	0
5.08564e+06	0
5.08574e+06	0
5.08584e+06	0
5.08594e+06	0
5.08604e+06	0
5.08614e+06	0
5.08624e+06	0
5.08634e+06	0
5.08644e+06	0
5.08654e+06	0
5.08664e+06	0
5.08674e+06	0
5.08684e+06	0
5.08694e+06	0
5.08704e+06	0
5.08714e+06	0
5.08724e+06	0
5.08734e+06	0
5.08744e+06	0
5.08754e+06	0
5.08764e+06	0
5.08774e+06	0
5.08784e+06	0
5.08794e+06	0
5.08804e+06	0
5.08814e+06	0
5.08824e+06	0
5.08834e+06	0
5.08844e+06	0
5.08854e+06	0
5.08864e+06	0
5.08874e+06	0
5.08884e+06	0
5.08894e+06	0
5.08904e+06	0
5.08914e+06	0
5.08924e+06	0
5.08934e+06	0
5.08944e+06	0
5.08954e+06	0
5.08964e+06	0
5.08974e+06	0
5.08984e+06	0
5.08994e+06	0
5.09004e+06	0
5.09014e+06	0
5.09024e+06	0
5.09034e+06	0
5.09044e+06	0
5.09054e+06	0
5.09064e+06	0
5.09074e+06	0
5.09084e+06	0
5.09094e+06	0
5.09104e+06	0
5.09114e+06	0
5.09124e+06	0
5.09134e+06	0
5.09144e+06	0
5.09154e+06	0
5.09164e+06	0
5.09174e+06	0
5.09184e+06	0
5.09194e+06	0
5.09204e+06	0
5.09214e+06	0
5.09224e+06	0
5.09234e+06	0
5.09244e+06	0
5.09254e+06	0
5.09264e+06	0
5.09274e+06	0
5.09284e+06	0
5.09294e+06	0
5.09304e+06	0
5.09314e+06	0
5.09324e+06	0
5.09334e+06	0
5.09344e+06	0
5.09354e+06	0
5.09364e+06	0
5.09374e+06	0
5.09384e+06	0
5.09394e+06	0
5.09404e+06	0
5.09414e+06	0
5.09424e+06	0
5.09434e+06	0
5.09444e+06	0
5.09454e+06	0
5.09464e+06	0
5.09474e+06	0
5.09484e+06	0
5.09494e+06	0
5.09504e+06	0
5.09514e+06	0
5.09524e+06	0
5.09534e+06	0
5.09544e+06	0
5.09554e+06	0
5.09564e+06	0
5.09574e+06	0
5.09584e+06	0
5.09594e+06	0
5.09604e+06	0
5.09614e+06	0
5.09624e+06	0
5.09634e+06	0
5.09644e+06	0
5.09654e+06	0
5.09664e+06	0
5.09674e+06	0
5.09684e+06	0
5.09694e+06	0
5.09704e+06	0
5.09714e+06	0
5.09724e+06	0
5.09734e+06	0
5.09744e+06	0
5.09754e+06	0
5.09764e+06	0
5.09774e+06	0
5.09784e+06	0
5.09794e+06	0
5.09804e+06	0
5.09814e+06	0
5.09824e+06	0
5.09834e+06	0
5.09844e+06	0
5.09854e+06	0
5.09864e+06	0
5.09874e+06	0
5.09884e+06	0
5.09894e+06	0
5.09904e+06	0
5.09914e+06	0
5.09924e+06	0
5.09934e+06	0
5.09944e+06	0
5.09954e+06	0
5.09964e+06	0
5.09974e+06	0
5.09984e+06	0
5.09994e+06	0
5.10004e+06	0
5.10014e+06	0
5.10024e+06	0
5.10034e+06	0
5.10044e+06	0
5.10054e+06	0
5.10064e+06	0
5.10074e+06	0
5.10084e+06	0
5.10094e+06	0
5.10104e+06	0
5.10114e+06	0
5.10124e+06	0
5.10134e+06	0
5.10144e+06	0
5.10154e+06	0
5.10164e+06	0
5.10174e+06	0
5.10184e+06	0
5.10194e+06	0
5.10204e+06	0
5.10214e+06	0
5.10224e+06	0
5.10234e+06	0
5.10244e+06	0
5.10254e+06	0
5.10264e+06	0
5.10274e+06	0
5.10284e+06	0
5.10294e+06	0
5.10304e+06	0
5.10314e+06	0
5.10324e+06	0
5.10334e+06	0
5.10344e+06	0
5.10354e+06	0
5.10364e+06	0
5.10374e+06	0
5.10384e+06	0
5.10394e+06	0
5.10404e+06	0
5.10414e+06	0
5.10424e+06	0
5.10434e+06	0
5.10444e+06	0
5.10454e+06	0
5.10464e+06	0
5.10474e+06	0
5.10484e+06	0
5.10494e+06	0
5.10504e+06	0
5.10514e+06	0
5.10524e+06	0
5.10534e+06	0
5.10544e+06	0
5.10554e+06	0
5.10564e+06	0
5.10574e+06	0
5.10584e+06	0
5.10594e+06	0
5.10604e+06	0
5.10614e+06	0
5.10624e+06	0
5.10634e+06	0
5.10644e+06	0
5.10654e+06	0
5.10664e+06	0
5.10674e+06	0
5.10684e+06	0
5.10694e+06	0
5.10704e+06	0
5.10714e+06	0
5.10724e+06	0
5.10734e+06	0
5.10744e+06	0
5.10754e+06	0
5.10764e+06	0
5.10774e+06	0
5.10784e+06	0
5.10794e+06	0
5.10804e+06	0
5.10814e+06	0
5.10824e+06	0
5.10834e+06	0
5.10844e+06	0
5.10854e+06	0
5.10864e+06	0
5.10874e+06	0
5.10884e+06	0
5.10894e+06	0
5.10904e+06	0
5.10914e+06	0
5.10924e+06	0
5.10934e+06	0
5.10944e+06	0
5.10954e+06	0
5.10964e+06	0
5.10974e+06	0
5.10984e+06	0
5.10994e+06	0
5.11004e+06	0
5.11014e+06	0
5.11024e+06	0
5.11034e+06	0
5.11044e+06	0
5.11054e+06	0
5.11064e+06	0
5.11074e+06	0
5.11084e+06	0
5.11094e+06	0
5.11104e+06	0
5.11114e+06	0
5.11124e+06	0
5.11134e+06	0
5.11144e+06	0
5.11154e+06	0
5.11164e+06	0
5.11174e+06	0
5.11184e+06	0
5.11194e+06	0
5.11204e+06	0
5.11214e+06	0
5.11224e+06	0
5.11234e+06	0
5.11244e+06	0
5.11254e+06	0
5.11264e+06	0
5.11274e+06	0
5.11284e+06	0
5.11294e+06	0
5.11304e+06	0
5.11314e+06	0
5.11324e+06	0
5.11334e+06	0
5.11344e+06	0
5.11354e+06	0
5.11364e+06	0
5.11374e+06	0
5.11384e+06	0
5.11394e+06	0
5.11404e+06	0
5.11414e+06	0
5.11424e+06	0
5.11434e+06	0
5.11444e+06	0
5.11454e+06	0
5.11464e+06	0
5.11474e+06	0
5.11484e+06	0
5.11494e+06	0
5.11504e+06	0
5.11514e+06	0
5.11524e+06	0
5.11534e+06	0
5.11544e+06	0
5.11554e+06	0
5.11564e+06	0
5.11574e+06	0
5.11584e+06	0
5.11594e+06	0
5.11604e+06	0
5.11614e+06	0
5.11624e+06	0
5.11634e+06	0
5.11644e+06	0
5.11654e+06	0
5.11664e+06	0
5.11674e+06	0
5.11684e+06	0
5.11694e+06	0
5.11704e+06	0
5.11714e+06	0
5.11724e+06	0
5.11734e+06	0
5.11744e+06	0
5.11754e+06	0
5.11764e+06	0
5.11774e+06	0
5.11784e+06	0
5.11794e+06	0
5.11804e+06	0
5.11814e+06	0
5.11824e+06	0
5.11834e+06	0
5.11844e+06	0
5.11854e+06	0
5.11864e+06	0
5.11874e+06	0
5.11884e+06	0
5.11894e+06	0
5.11904e+06	0
5.11914e+06	0
5.11924e+06	0
5.11934e+06	0
5.11944e+06	0
5.11954e+06	0
5.11964e+06	0
5.11974e+06	0
5.11984e+06	0
5.11994e+06	0
5.12004e+06	0
5.12014e+06	0
5.12024e+06	0
5.12034e+06	0
5.12044e+06	0
5.12054e+06	0
5.12064e+06	0
5.12074e+06	0
5.12084e+06	0
5.12094e+06	0
5.12104e+06	0
5.12114e+06	0
5.12124e+06	0
5.12134e+06	0
5.12144e+06	0
5.12154e+06	0
5.12164e+06	0
5.12174e+06	0
5.12184e+06	0
5.12194e+06	0
5.12204e+06	0
5.12214e+06	0
5.12224e+06	0
5.12234e+06	0
5.12244e+06	0
5.12254e+06	0
5.12264e+06	0
5.12274e+06	0
5.12284e+06	0
5.12294e+06	0
5.12304e+06	0
5.12314e+06	0
5.12324e+06	0
5.12334e+06	0
5.12344e+06	0
5.12354e+06	0
5.12364e+06	0
5.12374e+06	0
5.12384e+06	0
5.12394e+06	0
5.12404e+06	0
5.12414e+06	0
5.12424e+06	0
5.12434e+06	0
5.12444e+06	0
5.12454e+06	0
5.12464e+06	0
5.12474e+06	0
5.12484e+06	0
5.12494e+06	0
5.12504e+06	0
5.12514e+06	0
5.12524e+06	0
5.12534e+06	0
5.12544e+06	0
5.12554e+06	0
5.12564e+06	0
5.12574e+06	0
5.12584e+06	0
5.12594e+06	0
5.12604e+06	0
5.12614e+06	0
5.12624e+06	0
5.12634e+06	0
5.12644e+06	0
5.12654e+06	0
5.12664e+06	0
5.12674e+06	0
5.12684e+06	0
5.12694e+06	0
5.12704e+06	0
5.12714e+06	0
5.12724e+06	0
5.12734e+06	0
5.12744e+06	0
5.12754e+06	0
5.12764e+06	0
5.12774e+06	0
5.12784e+06	0
5.12794e+06	0
5.12804e+06	0
5.12814e+06	0
5.12824e+06	0
5.12834e+06	0
5.12844e+06	0
5.12854e+06	0
5.12864e+06	0
5.12874e+06	0
5.12884e+06	0
5.12894e+06	0
5.12904e+06	0
5.12914e+06	0
5.12924e+06	0
5.12934e+06	0
5.12944e+06	0
5.12954e+06	0
5.12964e+06	0
5.12974e+06	0
5.12984e+06	0
5.12994e+06	0
5.13004e+06	0
5.13014e+06	0
5.13024e+06	0
5.13034e+06	0
5.13044e+06	0
5.13054e+06	0
5.13064e+06	0
5.13074e+06	0
5.13084e+06	0
5.13094e+06	0
5.13104e+06	0
5.13114e+06	0
5.13124e+06	0
5.13134e+06	0
5.13144e+06	0
5.13154e+06	0
5.13164e+06	0
5.13174e+06	0
5.13184e+06	0
5.13194e+06	0
5.13204e+06	0
5.13214e+06	0
5.13224e+06	0
5.13234e+06	0
5.13244e+06	0
5.13254e+06	0
5.13264e+06	0
5.13274e+06	0
5.13284e+06	0
5.13294e+06	0
5.13304e+06	0
5.13314e+06	0
5.13324e+06	0
5.13334e+06	0
5.13344e+06	0
5.13354e+06	0
5.13364e+06	0
5.13374e+06	0
5.13384e+06	0
5.13394e+06	0
5.13404e+06	0
5.13414e+06	0
5.13424e+06	0
5.13434e+06	0
5.13444e+06	0
5.13454e+06	0
5.13464e+06	0
5.13474e+06	0
5.13484e+06	0
5.13494e+06	0
5.13504e+06	0
5.13514e+06	0
5.13524e+06	0
5.13534e+06	0
5.13544e+06	0
5.13554e+06	0
5.13564e+06	0
5.13574e+06	0
5.13584e+06	0
5.13594e+06	0
5.13604e+06	0
5.13614e+06	0
5.13624e+06	0
5.13634e+06	0
5.13644e+06	0
5.13654e+06	0
5.13664e+06	0
5.13674e+06	0
5.13684e+06	0
5.13694e+06	0
5.13704e+06	0
5.13714e+06	0
5.13724e+06	0
5.13734e+06	0
5.13744e+06	0
5.13754e+06	0
5.13764e+06	0
5.13774e+06	0
5.13784e+06	0
5.13794e+06	0
5.13804e+06	0
5.13814e+06	0
5.13824e+06	0
5.13834e+06	0
5.13844e+06	0
5.13854e+06	0
5.13864e+06	0
5.13874e+06	0
5.13884e+06	0
5.13894e+06	0
5.13904e+06	0
5.13914e+06	0
5.13924e+06	0
5.13934e+06	0
5.13944e+06	0
5.13954e+06	0
5.13964e+06	0
5.13974e+06	0
5.13984e+06	0
5.13994e+06	0
5.14004e+06	0
5.14014e+06	0
5.14024e+06	0
5.14034e+06	0
5.14044e+06	0
5.14054e+06	0
5.14064e+06	0
5.14074e+06	0
5.14084e+06	0
5.14094e+06	0
5.14104e+06	0
5.14114e+06	0
5.14124e+06	0
5.14134e+06	0
5.14144e+06	0
5.14154e+06	0
5.14164e+06	0
5.14174e+06	0
5.14184e+06	0
5.14194e+06	0
5.14204e+06	0
5.14214e+06	0
5.14224e+06	0
5.14234e+06	0
5.14244e+06	0
5.14254e+06	0
5.14264e+06	0
5.14274e+06	0
5.14284e+06	0
5.14294e+06	0
5.14304e+06	0
5.14314e+06	0
5.14324e+06	0
5.14334e+06	0
5.14344e+06	0
5.14354e+06	0
5.14364e+06	0
5.14374e+06	0
5.14384e+06	0
5.14394e+06	0
5.14404e+06	0
5.14414e+06	0
5.14424e+06	0
5.14434e+06	0
5.14444e+06	0
5.14454e+06	0
5.14464e+06	0
5.14474e+06	0
5.14484e+06	0
5.14494e+06	0
5.14504e+06	0
5.14514e+06	0
5.14524e+06	0
5.14534e+06	0
5.14544e+06	0
5.14554e+06	0
5.14564e+06	0
5.14574e+06	0
5.14584e+06	0
5.14594e+06	0
5.14604e+06	0
5.14614e+06	0
5.14624e+06	0
5.14634e+06	0
5.14644e+06	0
5.14654e+06	0
5.14664e+06	0
5.14674e+06	0
5.14684e+06	0
5.14694e+06	0
5.14704e+06	0
5.14714e+06	0
5.14724e+06	0
5.14734e+06	0
5.14744e+06	0
5.14754e+06	0
5.14764e+06	0
5.14774e+06	0
5.14784e+06	0
5.14794e+06	0
5.14804e+06	0
5.14814e+06	0
5.14824e+06	0
5.14834e+06	0
5.14844e+06	0
5.14854e+06	0
5.14864e+06	0
5.14874e+06	0
5.14884e+06	0
5.14894e+06	0
5.14904e+06	0
5.14914e+06	0
5.14924e+06	0
5.14934e+06	0
5.14944e+06	0
5.14954e+06	0
5.14964e+06	0
5.14974e+06	0
5.14984e+06	0
5.14994e+06	0
5.15004e+06	0
5.15014e+06	0
5.15024e+06	0
5.15034e+06	0
5.15044e+06	0
5.15054e+06	0
5.15064e+06	0
5.15074e+06	0
5.15084e+06	0
5.15094e+06	0
5.15104e+06	0
5.15114e+06	0
5.15124e+06	0
5.15134e+06	0
5.15144e+06	0
5.15154e+06	0
5.15164e+06	0
5.15174e+06	0
5.15184e+06	0
5.15194e+06	0
5.15204e+06	0
5.15214e+06	0
5.15224e+06	0
5.15234e+06	0
5.15244e+06	0
5.15254e+06	0
5.15264e+06	0
5.15274e+06	0
5.15284e+06	0
5.15294e+06	0
5.15304e+06	0
5.15314e+06	0
5.15324e+06	0
5.15334e+06	0
5.15344e+06	0
5.15354e+06	0
5.15364e+06	0
5.15374e+06	0
5.15384e+06	0
5.15394e+06	0
5.15404e+06	0
5.15414e+06	0
5.15424e+06	0
5.15434e+06	0
5.15444e+06	0
5.15454e+06	0
5.15464e+06	0
5.15474e+06	0
5.15484e+06	0
5.15494e+06	0
5.15504e+06	0
5.15514e+06	0
5.15524e+06	0
5.15534e+06	0
5.15544e+06	0
5.15554e+06	0
5.15564e+06	0
5.15574e+06	0
5.15584e+06	0
5.15594e+06	0
5.15604e+06	0
5.15614e+06	0
5.15624e+06	0
5.15634e+06	0
5.15644e+06	0
5.15654e+06	0
5.15664e+06	0
5.15674e+06	0
5.15684e+06	0
5.15694e+06	0
5.15704e+06	0
5.15714e+06	0
5.15724e+06	0
5.15734e+06	0
5.15744e+06	0
5.15754e+06	0
5.15764e+06	0
5.15774e+06	0
5.15784e+06	0
5.15794e+06	0
5.15804e+06	0
5.15814e+06	0
5.15824e+06	0
5.15834e+06	0
5.15844e+06	0
5.15854e+06	0
5.15864e+06	0
5.15874e+06	0
5.15884e+06	0
5.15894e+06	0
5.15904e+06	0
5.15914e+06	0
5.15924e+06	0
5.15934e+06	0
5.15944e+06	0
5.15954e+06	0
5.15964e+06	0
5.15974e+06	0
5.15984e+06	0
5.15994e+06	0
5.16004e+06	0
5.16014e+06	0
5.16024e+06	0
5.16034e+06	0
5.16044e+06	0
5.16054e+06	0
5.16064e+06	0
5.16074e+06	0
5.16084e+06	0
5.16094e+06	0
5.16104e+06	0
5.16114e+06	0
5.16124e+06	0
5.16134e+06	0
5.16144e+06	0
5.16154e+06	0
5.16164e+06	0
5.16174e+06	0
5.16184e+06	0
5.16194e+06	0
5.16204e+06	0
5.16214e+06	0
5.16224e+06	0
5.16234e+06	0
5.16244e+06	0
5.16254e+06	0
5.16264e+06	0
5.16274e+06	0
5.16284e+06	0
5.16294e+06	0
5.16304e+06	0
5.16314e+06	0
5.16324e+06	0
5.16334e+06	0
5.16344e+06	0
5.16354e+06	0
5.16364e+06	0
5.16374e+06	0
5.16384e+06	0
5.16394e+06	0
5.16404e+06	0
5.16414e+06	0
5.16424e+06	0
5.16434e+06	0
5.16444e+06	0
5.16454e+06	0
5.16464e+06	0
5.16474e+06	0
5.16484e+06	0
5.16494e+06	0
5.16504e+06	0
5.16514e+06	0
5.16524e+06	0
5.16534e+06	0
5.16544e+06	0
5.16554e+06	0
5.16564e+06	0
5.16574e+06	0
5.16584e+06	0
5.16594e+06	0
5.16604e+06	0
5.16614e+06	0
5.16624e+06	0
5.16634e+06	0
5.16644e+06	0
5.16654e+06	0
5.16664e+06	0
5.16674e+06	0
5.16684e+06	0
5.16694e+06	0
5.16704e+06	0
5.16714e+06	0
5.16724e+06	0
5.16734e+06	0
5.16744e+06	0
5.16754e+06	0
5.16764e+06	0
5.16774e+06	0
5.16784e+06	0
5.16794e+06	0
5.16804e+06	0
5.16814e+06	0
5.16824e+06	0
5.16834e+06	0
5.16844e+06	0
5.16854e+06	0
5.16864e+06	0
5.16874e+06	0
5.16884e+06	0
5.16894e+06	0
5.16904e+06	0
5.16914e+06	0
5.16924e+06	0
5.16934e+06	0
5.16944e+06	0
5.16954e+06	0
5.16964e+06	0
5.16974e+06	0
5.16984e+06	0
5.16994e+06	0
5.17004e+06	0
5.17014e+06	0
5.17024e+06	0
5.17034e+06	0
5.17044e+06	0
5.17054e+06	0
5.17064e+06	0
5.17074e+06	0
5.17084e+06	0
5.17094e+06	0
5.17104e+06	0
5.17114e+06	0
5.17124e+06	0
5.17134e+06	0
5.17144e+06	0
5.17154e+06	0
5.17164e+06	0
5.17174e+06	0
5.17184e+06	0
5.17194e+06	0
5.17204e+06	0
5.17214e+06	0
5.17224e+06	0
5.17234e+06	0
5.17244e+06	0
5.17254e+06	0
5.17264e+06	0
5.17274e+06	0
5.17284e+06	0
5.17294e+06	0
5.17304e+06	0
5.17314e+06	0
5.17324e+06	0
5.17334e+06	0
5.17344e+06	0
5.17354e+06	0
5.17364e+06	0
5.17374e+06	0
5.17384e+06	0
5.17394e+06	0
5.17404e+06	0
5.17414e+06	0
5.17424e+06	0
5.17434e+06	0
5.17444e+06	0
5.17454e+06	0
5.17464e+06	0
5.17474e+06	0
5.17484e+06	0
5.17494e+06	0
5.17504e+06	0
5.17514e+06	0
5.17524e+06	0
5.17534e+06	0
5.17544e+06	0
5.17554e+06	0
5.17564e+06	0
5.17574e+06	0
5.17584e+06	0
5.17594e+06	0
5.17604e+06	0
5.17614e+06	0
5.17624e+06	0
5.17634e+06	0
5.17644e+06	0
5.17654e+06	0
5.17664e+06	0
5.17674e+06	0
5.17684e+06	0
5.17694e+06	0
5.17704e+06	0
5.17714e+06	0
5.17724e+06	0
5.17734e+06	0
5.17744e+06	0
5.17754e+06	0
5.17764e+06	0
5.17774e+06	0
5.17784e+06	0
5.17794e+06	0
5.17804e+06	0
5.17814e+06	0
5.17824e+06	0
5.17834e+06	0
5.17844e+06	0
5.17854e+06	0
5.17864e+06	0
5.17874e+06	0
5.17884e+06	0
5.17894e+06	0
5.17904e+06	0
5.17914e+06	0
5.17924e+06	0
5.17934e+06	0
5.17944e+06	0
5.17954e+06	0
5.17964e+06	0
5.17974e+06	0
5.17984e+06	0
5.17994e+06	0
5.18004e+06	0
5.18014e+06	0
5.18024e+06	0
5.18034e+06	0
5.18044e+06	0
5.18054e+06	0
5.18064e+06	0
5.18074e+06	0
5.18084e+06	0
5.18094e+06	0
5.18104e+06	0
5.18114e+06	0
5.18124e+06	0
5.18134e+06	0
5.18144e+06	0
5.18154e+06	0
5.18164e+06	0
5.18174e+06	0
5.18184e+06	0
5.18194e+06	0
5.18204e+06	0
5.18214e+06	0
5.18224e+06	0
5.18234e+06	0
5.18244e+06	0
5.18254e+06	0
5.18264e+06	0
5.18274e+06	0
5.18284e+06	0
5.18294e+06	0
5.18304e+06	0
5.18314e+06	0
5.18324e+06	0
5.18334e+06	0
5.18344e+06	0
5.18354e+06	0
5.18364e+06	0
5.18374e+06	0
5.18384e+06	0
5.18394e+06	0
5.18404e+06	0
5.18414e+06	0
5.18424e+06	0
5.18434e+06	0
5.18444e+06	0
5.18454e+06	0
5.18464e+06	0
5.18474e+06	0
5.18484e+06	0
5.18494e+06	0
5.18504e+06	0
5.18514e+06	0
5.18524e+06	0
5.18534e+06	0
5.18544e+06	0
5.18554e+06	0
5.18564e+06	0
5.18574e+06	0
5.18584e+06	0
5.18594e+06	0
5.18604e+06	0
5.18614e+06	0
5.18624e+06	0
5.18634e+06	0
5.18644e+06	0
5.18654e+06	0
5.18664e+06	0
5.18674e+06	0
5.18684e+06	0
5.18694e+06	0
5.18704e+06	0
5.18714e+06	0
5.18724e+06	0
5.18734e+06	0
5.18744e+06	0
5.18754e+06	0
5.18764e+06	0
5.18774e+06	0
5.18784e+06	0
5.18794e+06	0
5.18804e+06	0
5.18814e+06	0
5.18824e+06	0
5.18834e+06	0
5.18844e+06	0
5.18854e+06	0
5.18864e+06	0
5.18874e+06	0
5.18884e+06	0
5.18894e+06	0
5.18904e+06	0
5.18914e+06	0
5.18924e+06	0
5.18934e+06	0
5.18944e+06	0
5.18954e+06	0
5.18964e+06	0
5.18974e+06	0
5.18984e+06	0
5.18994e+06	0
5.19004e+06	0
5.19014e+06	0
5.19024e+06	0
5.19034e+06	0
5.19044e+06	0
5.19054e+06	0
5.19064e+06	0
5.19074e+06	0
5.19084e+06	0
5.19094e+06	0
5.19104e+06	0
5.19114e+06	0
5.19124e+06	0
5.19134e+06	0
5.19144e+06	0
5.19154e+06	0
5.19164e+06	0
5.19174e+06	0
5.19184e+06	0
5.19194e+06	0
5.19204e+06	0
5.19214e+06	0
5.19224e+06	0
5.19234e+06	0
5.19244e+06	0
5.19254e+06	0
5.19264e+06	0
5.19274e+06	0
5.19284e+06	0
5.19294e+06	0
5.19304e+06	0
5.19314e+06	0
5.19324e+06	0
5.19334e+06	0
5.19344e+06	0
5.19354e+06	0
5.19364e+06	0
5.19374e+06	0
5.19384e+06	0
5.19394e+06	0
5.19404e+06	0
5.19414e+06	0
5.19424e+06	0
5.19434e+06	0
5.19444e+06	0
5.19454e+06	0
5.19464e+06	0
5.19474e+06	0
5.19484e+06	0
5.19494e+06	0
5.19504e+06	0
5.19514e+06	0
5.19524e+06	0
5.19534e+06	0
5.19544e+06	0
5.19554e+06	0
5.19564e+06	0
5.19574e+06	0
5.19584e+06	0
5.19594e+06	0
5.19604e+06	0
5.19614e+06	0
5.19624e+06	0
5.19634e+06	0
5.19644e+06	0
5.19654e+06	0
5.19664e+06	0
5.19674e+06	0
5.19684e+06	0
5.19694e+06	0
5.19704e+06	0
5.19714e+06	0
5.19724e+06	0
5.19734e+06	0
5.19744e+06	0
5.19754e+06	0
5.19764e+06	0
5.19774e+06	0
5.19784e+06	0
5.19794e+06	0
5.19804e+06	0
5.19814e+06	0
5.19824e+06	0
5.19834e+06	0
5.19844e+06	0
5.19854e+06	0
5.19864e+06	0
5.19874e+06	0
5.19884e+06	0
5.19894e+06	0
5.19904e+06	0
5.19914e+06	0
5.19924e+06	0
5.19934e+06	0
5.19944e+06	0
5.19954e+06	0
5.19964e+06	0
5.19974e+06	0
5.19984e+06	0
5.19994e+06	0
5.20004e+06	0
5.20014e+06	0
5.20024e+06	0
5.20034e+06	0
5.20044e+06	0
5.20054e+06	0
5.20064e+06	0
5.20074e+06	0
5.20084e+06	0
5.20094e+06	0
5.20104e+06	0
5.20114e+06	0
5.20124e+06	0
5.20134e+06	0
5.20144e+06	0
5.20154e+06	0
5.20164e+06	0
5.20174e+06	0
5.20184e+06	0
5.20194e+06	0
5.20204e+06	0
5.20214e+06	0
5.20224e+06	0
5.20234e+06	0
5.20244e+06	0
5.20254e+06	0
5.20264e+06	0
5.20274e+06	0
5.20284e+06	0
5.20294e+06	0
5.20304e+06	0
5.20314e+06	0
5.20324e+06	0
5.20334e+06	0
5.20344e+06	0
5.20354e+06	0
5.20364e+06	0
5.20374e+06	0
5.20384e+06	0
5.20394e+06	0
5.20404e+06	0
5.20414e+06	0
5.20424e+06	0
5.20434e+06	0
5.20444e+06	0
5.20454e+06	0
5.20464e+06	0
5.20474e+06	0
5.20484e+06	0
5.20494e+06	0
5.20504e+06	0
5.20514e+06	0
5.20524e+06	0
5.20534e+06	0
5.20544e+06	0
5.20554e+06	0
5.20564e+06	0
5.20574e+06	0
5.20584e+06	0
5.20594e+06	0
5.20604e+06	0
5.20614e+06	0
5.20624e+06	0
5.20634e+06	0
5.20644e+06	0
5.20654e+06	0
5.20664e+06	0
5.20674e+06	0
5.20684e+06	0
5.20694e+06	0
5.20704e+06	0
5.20714e+06	0
5.20724e+06	0
5.20734e+06	0
5.20744e+06	0
5.20754e+06	0
5.20764e+06	0
5.20774e+06	0
5.20784e+06	0
5.20794e+06	0
5.20804e+06	0
5.20814e+06	0
5.20824e+06	0
5.20834e+06	0
5.20844e+06	0
5.20854e+06	0
5.20864e+06	0
5.20874e+06	0
5.20884e+06	0
5.20894e+06	0
5.20904e+06	0
5.20914e+06	0
5.20924e+06	0
5.20934e+06	0
5.20944e+06	0
5.20954e+06	0
5.20964e+06	0
5.20974e+06	0
5.20984e+06	0
5.20994e+06	0
5.21004e+06	0
5.21014e+06	0
5.21024e+06	0
5.21034e+06	0
5.21044e+06	0
5.21054e+06	0
5.21064e+06	0
5.21074e+06	0
5.21084e+06	0
5.21094e+06	0
5.21104e+06	0
5.21114e+06	0
5.21124e+06	0
5.21134e+06	0
5.21144e+06	0
5.21154e+06	0
5.21164e+06	0
5.21174e+06	0
5.21184e+06	0
5.21194e+06	0
5.21204e+06	0
5.21214e+06	0
5.21224e+06	0
5.21234e+06	0
5.21244e+06	0
5.21254e+06	0
5.21264e+06	0
5.21274e+06	0
5.21284e+06	0
5.21294e+06	0
5.21304e+06	0
5.21314e+06	0
5.21324e+06	0
5.21334e+06	0
5.21344e+06	0
5.21354e+06	0
5.21364e+06	0
5.21374e+06	0
5.21384e+06	0
5.21394e+06	0
5.21404e+06	0
5.21414e+06	0
5.21424e+06	0
5.21434e+06	0
5.21444e+06	0
5.21454e+06	0
5.21464e+06	0
5.21474e+06	0
5.21484e+06	0
5.21494e+06	0
5.21504e+06	0
5.21514e+06	0
5.21524e+06	0
5.21534e+06	0
5.21544e+06	0
5.21554e+06	0
5.21564e+06	0
5.21574e+06	0
5.21584e+06	0
5.21594e+06	0
5.21604e+06	0
5.21614e+06	0
5.21624e+06	0
5.21634e+06	0
5.21644e+06	0
5.21654e+06	0
5.21664e+06	0
5.21674e+06	0
5.21684e+06	0
5.21694e+06	0
5.21704e+06	0
5.21714e+06	0
5.21724e+06	0
5.21734e+06	0
5.21744e+06	0
5.21754e+06	0
5.21764e+06	0
5.21774e+06	0
5.21784e+06	0
5.21794e+06	0
5.21804e+06	0
5.21814e+06	0
5.21824e+06	0
5.21834e+06	0
5.21844e+06	0
5.21854e+06	0
5.21864e+06	0
5.21874e+06	0
5.21884e+06	0
5.21894e+06	0
5.21904e+06	0
5.21914e+06	0
5.21924e+06	0
5.21934e+06	0
5.21944e+06	0
5.21954e+06	0
5.21964e+06	0
5.21974e+06	0
5.21984e+06	0
5.21994e+06	0
5.22004e+06	0
5.22014e+06	0
5.22024e+06	0
5.22034e+06	0
5.22044e+06	0
5.22054e+06	0
5.22064e+06	0
5.22074e+06	0
5.22084e+06	0
5.22094e+06	0
5.22104e+06	0
5.22114e+06	0
5.22124e+06	0
5.22134e+06	0
5.22144e+06	0
5.22154e+06	0
5.22164e+06	0
5.22174e+06	0
5.22184e+06	0
5.22194e+06	0
5.22204e+06	0
5.22214e+06	0
5.22224e+06	0
5.22234e+06	0
5.22244e+06	0
5.22254e+06	0
5.22264e+06	0
5.22274e+06	0
5.22284e+06	0
5.22294e+06	0
5.22304e+06	0
5.22314e+06	0
5.22324e+06	0
5.22334e+06	0
5.22344e+06	0
5.22354e+06	0
5.22364e+06	0
5.22374e+06	0
5.22384e+06	0
5.22394e+06	0
5.22404e+06	0
5.22414e+06	0
5.22424e+06	0
5.22434e+06	0
5.22444e+06	0
5.22454e+06	0
5.22464e+06	0
5.22474e+06	0
5.22484e+06	0
5.22494e+06	0
5.22504e+06	0
5.22514e+06	0
5.22524e+06	0
5.22534e+06	0
5.22544e+06	0
5.22554e+06	0
5.22564e+06	0
5.22574e+06	0
5.22584e+06	0
5.22594e+06	0
5.22604e+06	0
5.22614e+06	0
5.22624e+06	0
5.22634e+06	0
5.22644e+06	0
5.22654e+06	0
5.22664e+06	0
5.22674e+06	0
5.22684e+06	0
5.22694e+06	0
5.22704e+06	0
5.22714e+06	0
5.22724e+06	0
5.22734e+06	0
5.22744e+06	0
5.22754e+06	0
5.22764e+06	0
5.22774e+06	0
5.22784e+06	0
5.22794e+06	0
5.22804e+06	0
5.22814e+06	0
5.22824e+06	0
5.22834e+06	0
5.22844e+06	0
5.22854e+06	0
5.22864e+06	0
5.22874e+06	0
5.22884e+06	0
5.22894e+06	0
5.22904e+06	0
5.22914e+06	0
5.22924e+06	0
5.22934e+06	0
5.22944e+06	0
5.22954e+06	0
5.22964e+06	0
5.22974e+06	0
5.22984e+06	0
5.22994e+06	0
5.23004e+06	0
5.23014e+06	0
5.23024e+06	0
5.23034e+06	0
5.23044e+06	0
5.23054e+06	0
5.23064e+06	0
5.23074e+06	0
5.23084e+06	0
5.23094e+06	0
5.23104e+06	0
5.23114e+06	0
5.23124e+06	0
5.23134e+06	0
5.23144e+06	0
5.23154e+06	0
5.23164e+06	0
5.23174e+06	0
5.23184e+06	0
5.23194e+06	0
5.23204e+06	0
5.23214e+06	0
5.23224e+06	0
5.23234e+06	0
5.23244e+06	0
5.23254e+06	0
5.23264e+06	0
5.23274e+06	0
5.23284e+06	0
5.23294e+06	0
5.23304e+06	0
5.23314e+06	0
5.23324e+06	0
5.23334e+06	0
5.23344e+06	0
5.23354e+06	0
5.23364e+06	0
5.23374e+06	0
5.23384e+06	0
5.23394e+06	0
5.23404e+06	0
5.23414e+06	0
5.23424e+06	0
5.23434e+06	0
5.23444e+06	0
5.23454e+06	0
5.23464e+06	0
5.23474e+06	0
5.23484e+06	0
5.23494e+06	0
5.23504e+06	0
5.23514e+06	0
5.23524e+06	0
5.23534e+06	0
5.23544e+06	0
5.23554e+06	0
5.23564e+06	0
5.23574e+06	0
5.23584e+06	0
5.23594e+06	0
5.23604e+06	0
5.23614e+06	0
5.23624e+06	0
5.23634e+06	0
5.23644e+06	0
5.23654e+06	0
5.23664e+06	0
5.23674e+06	0
5.23684e+06	0
5.23694e+06	0
5.23704e+06	0
5.23714e+06	0
5.23724e+06	0
5.23734e+06	0
5.23744e+06	0
5.23754e+06	0
5.23764e+06	0
5.23774e+06	0
5.23784e+06	0
5.23794e+06	0
5.23804e+06	0
5.23814e+06	0
5.23824e+06	0
5.23834e+06	0
5.23844e+06	0
5.23854e+06	0
5.23864e+06	0
5.23874e+06	0
5.23884e+06	0
5.23894e+06	0
5.23904e+06	0
5.23914e+06	0
5.23924e+06	0
5.23934e+06	0
5.23944e+06	0
5.23954e+06	0
5.23964e+06	0
5.23974e+06	0
5.23984e+06	0
5.23994e+06	0
5.24004e+06	0
5.24014e+06	0
5.24024e+06	0
5.24034e+06	0
5.24044e+06	0
5.24054e+06	0
5.24064e+06	0
5.24074e+06	0
5.24084e+06	0
5.24094e+06	0
5.24104e+06	0
5.24114e+06	0
5.24124e+06	0
5.24134e+06	0
5.24144e+06	0
5.24154e+06	0
5.24164e+06	0
5.24174e+06	0
5.24184e+06	0
5.24194e+06	0
5.24204e+06	0
5.24214e+06	0
5.24224e+06	0
5.24234e+06	0
5.24244e+06	0
5.24254e+06	0
5.24264e+06	0
5.24274e+06	0
5.24284e+06	0
5.24294e+06	0
5.24304e+06	0
5.24314e+06	0
5.24324e+06	0
5.24334e+06	0
5.24344e+06	0
5.24354e+06	0
5.24364e+06	0
5.24374e+06	0
5.24384e+06	0
5.24394e+06	0
5.24404e+06	0
5.24414e+06	0
5.24424e+06	0
5.24434e+06	0
5.24444e+06	0
5.24454e+06	0
5.24464e+06	0
5.24474e+06	0
5.24484e+06	0
5.24494e+06	0
5.24504e+06	0
5.24514e+06	0
5.24524e+06	0
5.24534e+06	0
5.24544e+06	0
5.24554e+06	0
5.24564e+06	0
5.24574e+06	0
5.24584e+06	0
5.24594e+06	0
5.24604e+06	0
5.24614e+06	0
5.24624e+06	0
5.24634e+06	0
5.24644e+06	0
5.24654e+06	0
5.24664e+06	0
5.24674e+06	0
5.24684e+06	0
5.24694e+06	0
5.24704e+06	0
5.24714e+06	0
5.24724e+06	0
5.24734e+06	0
5.24744e+06	0
5.24754e+06	0
5.24764e+06	0
5.24774e+06	0
5.24784e+06	0
5.24794e+06	0
5.24804e+06	0
5.24814e+06	0
5.24824e+06	0
5.24834e+06	0
5.24844e+06	0
5.24854e+06	0
5.24864e+06	0
5.24874e+06	0
5.24884e+06	0
5.24894e+06	0
5.24904e+06	0
5.24914e+06	0
5.24924e+06	0
5.24934e+06	0
5.24944e+06	0
5.24954e+06	0
5.24964e+06	0
5.24974e+06	0
5.24984e+06	0
5.24994e+06	0
5.25004e+06	0
5.25014e+06	0
5.25024e+06	0
5.25034e+06	0
5.25044e+06	0
5.25054e+06	0
5.25064e+06	0
5.25074e+06	0
5.25084e+06	0
5.25094e+06	0
5.25104e+06	0
5.25114e+06	0
5.25124e+06	0
5.25134e+06	0
5.25144e+06	0
5.25154e+06	0
5.25164e+06	0
5.25174e+06	0
5.25184e+06	0
5.25194e+06	0
5.25204e+06	0
5.25214e+06	0
5.25224e+06	0
5.25234e+06	0
5.25244e+06	0
5.25254e+06	0
5.25264e+06	0
5.25274e+06	0
5.25284e+06	0
5.25294e+06	0
5.25304e+06	0
5.25314e+06	0
5.25324e+06	0
5.25334e+06	0
5.25344e+06	0
5.25354e+06	0
5.25364e+06	0
5.25374e+06	0
5.25384e+06	0
5.25394e+06	0
5.25404e+06	0
5.25414e+06	0
5.25424e+06	0
5.25434e+06	0
5.25444e+06	0
5.25454e+06	0
5.25464e+06	0
5.25474e+06	0
5.25484e+06	0
5.25494e+06	0
5.25504e+06	0
5.25514e+06	0
5.25524e+06	0
5.25534e+06	0
5.25544e+06	0
5.25554e+06	0
5.25564e+06	0
5.25574e+06	0
5.25584e+06	0
5.25594e+06	0
5.25604e+06	0
5.25614e+06	0
5.25624e+06	0
5.25634e+06	0
5.25644e+06	0
5.25654e+06	0
5.25664e+06	0
5.25674e+06	0
5.25684e+06	0
5.25694e+06	0
5.25704e+06	0
5.25714e+06	0
5.25724e+06	0
5.25734e+06	0
5.25744e+06	0
5.25754e+06	0
5.25764e+06	0
5.25774e+06	0
5.25784e+06	0
5.25794e+06	0
5.25804e+06	0
5.25814e+06	0
5.25824e+06	0
5.25834e+06	0
5.25844e+06	0
5.25854e+06	0
5.25864e+06	0
5.25874e+06	0
5.25884e+06	0
5.25894e+06	0
5.25904e+06	0
5.25914e+06	0
5.25924e+06	0
5.25934e+06	0
5.25944e+06	0
5.25954e+06	0
5.25964e+06	0
5.25974e+06	0
5.25984e+06	0
5.25994e+06	0
5.26004e+06	0
5.26014e+06	0
5.26024e+06	0
5.26034e+06	0
5.26044e+06	0
5.26054e+06	0
5.26064e+06	0
5.26074e+06	0
5.26084e+06	0
5.26094e+06	0
5.26104e+06	0
5.26114e+06	0
5.26124e+06	0
5.26134e+06	0
5.26144e+06	0
5.26154e+06	0
5.26164e+06	0
5.26174e+06	0
5.26184e+06	0
5.26194e+06	0
5.26204e+06	0
5.26214e+06	0
5.26224e+06	0
5.26234e+06	0
5.26244e+06	0
5.26254e+06	0
5.26264e+06	0
5.26274e+06	0
5.26284e+06	0
5.26294e+06	0
5.26304e+06	0
5.26314e+06	0
5.26324e+06	0
5.26334e+06	0
5.26344e+06	0
5.26354e+06	0
5.26364e+06	0
5.26374e+06	0
5.26384e+06	0
5.26394e+06	0
5.26404e+06	0
5.26414e+06	0
5.26424e+06	0
5.26434e+06	0
5.26444e+06	0
5.26454e+06	0
5.26464e+06	0
5.26474e+06	0
5.26484e+06	0
5.26494e+06	0
5.26504e+06	0
5.26514e+06	0
5.26524e+06	0
5.26534e+06	0
5.26544e+06	0
5.26554e+06	0
5.26564e+06	0
5.26574e+06	0
5.26584e+06	0
5.26594e+06	0
5.26604e+06	0
5.26614e+06	0
5.26624e+06	0
5.26634e+06	0
5.26644e+06	0
5.26654e+06	0
5.26664e+06	0
5.26674e+06	0
5.26684e+06	0
5.26694e+06	0
5.26704e+06	0
5.26714e+06	0
5.26724e+06	0
5.26734e+06	0
5.26744e+06	0
5.26754e+06	0
5.26764e+06	0
5.26774e+06	0
5.26784e+06	0
5.26794e+06	0
5.26804e+06	0
5.26814e+06	0
5.26824e+06	0
5.26834e+06	0
5.26844e+06	0
5.26854e+06	0
5.26864e+06	0
5.26874e+06	0
5.26884e+06	0
5.26894e+06	0
5.26904e+06	0
5.26914e+06	0
5.26924e+06	0
5.26934e+06	0
5.26944e+06	0
5.26954e+06	0
5.26964e+06	0
5.26974e+06	0
5.26984e+06	0
5.26994e+06	0
5.27004e+06	0
5.27014e+06	0
5.27024e+06	0
5.27034e+06	0
5.27044e+06	0
5.27054e+06	0
5.27064e+06	0
5.27074e+06	0
5.27084e+06	0
5.27094e+06	0
5.27104e+06	0
5.27114e+06	0
5.27124e+06	0
5.27134e+06	0
5.27144e+06	0
5.27154e+06	0
5.27164e+06	0
5.27174e+06	0
5.27184e+06	0
5.27194e+06	0
5.27204e+06	0
5.27214e+06	0
5.27224e+06	0
5.27234e+06	0
5.27244e+06	0
5.27254e+06	0
5.27264e+06	0
5.27274e+06	0
5.27284e+06	0
5.27294e+06	0
5.27304e+06	0
5.27314e+06	0
5.27324e+06	0
5.27334e+06	0
5.27344e+06	0
5.27354e+06	0
5.27364e+06	0
5.27374e+06	0
5.27384e+06	0
5.27394e+06	0
5.27404e+06	0
5.27414e+06	0
5.27424e+06	0
5.27434e+06	0
5.27444e+06	0
5.27454e+06	0
5.27464e+06	0
5.27474e+06	0
5.27484e+06	0
5.27494e+06	0
5.27504e+06	0
5.27514e+06	0
5.27524e+06	0
5.27534e+06	0
5.27544e+06	0
5.27554e+06	0
5.27564e+06	0
5.27574e+06	0
5.27584e+06	0
5.27594e+06	0
5.27604e+06	0
5.27614e+06	0
5.27624e+06	0
5.27634e+06	0
5.27644e+06	0
5.27654e+06	0
5.27664e+06	0
5.27674e+06	0
5.27684e+06	0
5.27694e+06	0
5.27704e+06	0
5.27714e+06	0
5.27724e+06	0
5.27734e+06	0
5.27744e+06	0
5.27754e+06	0
5.27764e+06	0
5.27774e+06	0
5.27784e+06	0
5.27794e+06	0
5.27804e+06	0
5.27814e+06	0
5.27824e+06	0
5.27834e+06	0
5.27844e+06	0
5.27854e+06	0
5.27864e+06	0
5.27874e+06	0
5.27884e+06	0
5.27894e+06	0
5.27904e+06	0
5.27914e+06	0
5.27924e+06	0
5.27934e+06	0
5.27944e+06	0
5.27954e+06	0
5.27964e+06	0
5.27974e+06	0
5.27984e+06	0
5.27994e+06	0
5.28004e+06	0
5.28014e+06	0
5.28024e+06	0
5.28034e+06	0
5.28044e+06	0
5.28054e+06	0
5.28064e+06	0
5.28074e+06	0
5.28084e+06	0
5.28094e+06	0
5.28104e+06	0
5.28114e+06	0
5.28124e+06	0
5.28134e+06	0
5.28144e+06	0
5.28154e+06	0
5.28164e+06	0
5.28174e+06	0
5.28184e+06	0
5.28194e+06	0
5.28204e+06	0
5.28214e+06	0
5.28224e+06	0
5.28234e+06	0
5.28244e+06	0
5.28254e+06	0
5.28264e+06	0
5.28274e+06	0
5.28284e+06	0
5.28294e+06	0
5.28304e+06	0
5.28314e+06	0
5.28324e+06	0
5.28334e+06	0
5.28344e+06	0
5.28354e+06	0
5.28364e+06	0
5.28374e+06	0
5.28384e+06	0
5.28394e+06	0
5.28404e+06	0
5.28414e+06	0
5.28424e+06	0
5.28434e+06	0
5.28444e+06	0
5.28454e+06	0
5.28464e+06	0
5.28474e+06	0
5.28484e+06	0
5.28494e+06	0
5.28504e+06	0
5.28514e+06	0
5.28524e+06	0
5.28534e+06	0
5.28544e+06	0
5.28554e+06	0
5.28564e+06	0
5.28574e+06	0
5.28584e+06	0
5.28594e+06	0
5.28604e+06	0
5.28614e+06	0
5.28624e+06	0
5.28634e+06	0
5.28644e+06	0
5.28654e+06	0
5.28664e+06	0
5.28674e+06	0
5.28684e+06	0
5.28694e+06	0
5.28704e+06	0
5.28714e+06	0
5.28724e+06	0
5.28734e+06	0
5.28744e+06	0
5.28754e+06	0
5.28764e+06	0
5.28774e+06	0
5.28784e+06	0
5.28794e+06	0
5.28804e+06	0
5.28814e+06	0
5.28824e+06	0
5.28834e+06	0
5.28844e+06	0
5.28854e+06	0
5.28864e+06	0
5.28874e+06	0
5.28884e+06	0
5.28894e+06	0
5.28904e+06	0
5.28914e+06	0
5.28924e+06	0
5.28934e+06	0
5.28944e+06	0
5.28954e+06	0
5.28964e+06	0
5.28974e+06	0
5.28984e+06	0
5.28994e+06	0
5.29004e+06	0
5.29014e+06	0
5.29024e+06	0
5.29034e+06	0
5.29044e+06	0
5.29054e+06	0
5.29064e+06	0
5.29074e+06	0
5.29084e+06	0
5.29094e+06	0
5.29104e+06	0
5.29114e+06	0
5.29124e+06	0
5.29134e+06	0
5.29144e+06	0
5.29154e+06	0
5.29164e+06	0
5.29174e+06	0
5.29184e+06	0
5.29194e+06	0
5.29204e+06	0
5.29214e+06	0
5.29224e+06	0
5.29234e+06	0
5.29244e+06	0
5.29254e+06	0
5.29264e+06	0
5.29274e+06	0
5.29284e+06	0
5.29294e+06	0
5.29304e+06	0
5.29314e+06	0
5.29324e+06	0
5.29334e+06	0
5.29344e+06	0
5.29354e+06	0
5.29364e+06	0
5.29374e+06	0
5.29384e+06	0
5.29394e+06	0
5.29404e+06	0
5.29414e+06	0
5.29424e+06	0
5.29434e+06	0
5.29444e+06	0
5.29454e+06	0
5.29464e+06	0
5.29474e+06	0
5.29484e+06	0
5.29494e+06	0
5.29504e+06	0
5.29514e+06	0
5.29524e+06	0
5.29534e+06	0
5.29544e+06	0
5.29554e+06	0
5.29564e+06	0
5.29574e+06	0
5.29584e+06	0
5.29594e+06	0
5.29604e+06	0
5.29614e+06	0
5.29624e+06	0
5.29634e+06	0
5.29644e+06	0
5.29654e+06	0
5.29664e+06	0
5.29674e+06	0
5.29684e+06	0
5.29694e+06	0
5.29704e+06	0
5.29714e+06	0
5.29724e+06	0
5.29734e+06	0
5.29744e+06	0
5.29754e+06	0
5.29764e+06	0
5.29774e+06	0
5.29784e+06	0
5.29794e+06	0
5.29804e+06	0
5.29814e+06	0
5.29824e+06	0
5.29834e+06	0
5.29844e+06	0
5.29854e+06	0
5.29864e+06	0
5.29874e+06	0
5.29884e+06	0
5.29894e+06	0
5.29904e+06	0
5.29914e+06	0
5.29924e+06	0
5.29934e+06	0
5.29944e+06	0
5.29954e+06	0
5.29964e+06	0
5.29974e+06	0
5.29984e+06	0
5.29994e+06	0
5.30004e+06	0
5.30014e+06	0
5.30024e+06	0
5.30034e+06	0
5.30044e+06	0
5.30054e+06	0
5.30064e+06	0
5.30074e+06	0
5.30084e+06	0
5.30094e+06	0
5.30104e+06	0
5.30114e+06	0
5.30124e+06	0
5.30134e+06	0
5.30144e+06	0
5.30154e+06	0
5.30164e+06	0
5.30174e+06	0
5.30184e+06	0
5.30194e+06	0
5.30204e+06	0
5.30214e+06	0
5.30224e+06	0
5.30234e+06	0
5.30244e+06	0
5.30254e+06	0
5.30264e+06	0
5.30274e+06	0
5.30284e+06	0
5.30294e+06	0
5.30304e+06	0
5.30314e+06	0
5.30324e+06	0
5.30334e+06	0
5.30344e+06	0
5.30354e+06	0
5.30364e+06	0
5.30374e+06	0
5.30384e+06	0
5.30394e+06	0
5.30404e+06	0
5.30414e+06	0
5.30424e+06	0
5.30434e+06	0
5.30444e+06	0
5.30454e+06	0
5.30464e+06	0
5.30474e+06	0
5.30484e+06	0
5.30494e+06	0
5.30504e+06	0
5.30514e+06	0
5.30524e+06	0
5.30534e+06	0
5.30544e+06	0
5.30554e+06	0
5.30564e+06	0
5.30574e+06	0
5.30584e+06	0
5.30594e+06	0
5.30604e+06	0
5.30614e+06	0
5.30624e+06	0
5.30634e+06	0
5.30644e+06	0
5.30654e+06	0
5.30664e+06	0
5.30674e+06	0
5.30684e+06	0
5.30694e+06	0
5.30704e+06	0
5.30714e+06	0
5.30724e+06	0
5.30734e+06	0
5.30744e+06	0
5.30754e+06	0
5.30764e+06	0
5.30774e+06	0
5.30784e+06	0
5.30794e+06	0
5.30804e+06	0
5.30814e+06	0
5.30824e+06	0
5.30834e+06	0
5.30844e+06	0
5.30854e+06	0
5.30864e+06	0
5.30874e+06	0
5.30884e+06	0
5.30894e+06	0
5.30904e+06	0
5.30914e+06	0
5.30924e+06	0
5.30934e+06	0
5.30944e+06	0
5.30954e+06	0
5.30964e+06	0
5.30974e+06	0
5.30984e+06	0
5.30994e+06	0
5.31004e+06	0
5.31014e+06	0
5.31024e+06	0
5.31034e+06	0
5.31044e+06	0
5.31054e+06	0
5.31064e+06	0
5.31074e+06	0
5.31084e+06	0
5.31094e+06	0
5.31104e+06	0
5.31114e+06	0
5.31124e+06	0
5.31134e+06	0
5.31144e+06	0
5.31154e+06	0
5.31164e+06	0
5.31174e+06	0
5.31184e+06	0
5.31194e+06	0
5.31204e+06	0
5.31214e+06	0
5.31224e+06	0
5.31234e+06	0
5.31244e+06	0
5.31254e+06	0
5.31264e+06	0
5.31274e+06	0
5.31284e+06	0
5.31294e+06	0
5.31304e+06	0
5.31314e+06	0
5.31324e+06	0
5.31334e+06	0
5.31344e+06	0
5.31354e+06	0
5.31364e+06	0
5.31374e+06	0
5.31384e+06	0
5.31394e+06	0
5.31404e+06	0
5.31414e+06	0
5.31424e+06	0
5.31434e+06	0
5.31444e+06	0
5.31454e+06	0
5.31464e+06	0
5.31474e+06	0
5.31484e+06	0
5.31494e+06	0
5.31504e+06	0
5.31514e+06	0
5.31524e+06	0
5.31534e+06	0
5.31544e+06	0
5.31554e+06	0
5.31564e+06	0
5.31574e+06	0
5.31584e+06	0
5.31594e+06	0
5.31604e+06	0
5.31614e+06	0
5.31624e+06	0
5.31634e+06	0
5.31644e+06	0
5.31654e+06	0
5.31664e+06	0
5.31674e+06	0
5.31684e+06	0
5.31694e+06	0
5.31704e+06	0
5.31714e+06	0
5.31724e+06	0
5.31734e+06	0
5.31744e+06	0
5.31754e+06	0
5.31764e+06	0
5.31774e+06	0
5.31784e+06	0
5.31794e+06	0
5.31804e+06	0
5.31814e+06	0
5.31824e+06	0
5.31834e+06	0
5.31844e+06	0
5.31854e+06	0
5.31864e+06	0
5.31874e+06	0
5.31884e+06	0
5.31894e+06	0
5.31904e+06	0
5.31914e+06	0
5.31924e+06	0
5.31934e+06	0
5.31944e+06	0
5.31954e+06	0
5.31964e+06	0
5.31974e+06	0
5.31984e+06	0
5.31994e+06	0
5.32004e+06	0
5.32014e+06	0
5.32024e+06	0
5.32034e+06	0
5.32044e+06	0
5.32054e+06	0
5.32064e+06	0
5.32074e+06	0
5.32084e+06	0
5.32094e+06	0
5.32104e+06	0
5.32114e+06	0
5.32124e+06	0
5.32134e+06	0
5.32144e+06	0
5.32154e+06	0
5.32164e+06	0
5.32174e+06	0
5.32184e+06	0
5.32194e+06	0
5.32204e+06	0
5.32214e+06	0
5.32224e+06	0
5.32234e+06	0
5.32244e+06	0
5.32254e+06	0
5.32264e+06	0
5.32274e+06	0
5.32284e+06	0
5.32294e+06	0
5.32304e+06	0
5.32314e+06	0
5.32324e+06	0
5.32334e+06	0
5.32344e+06	0
5.32354e+06	0
5.32364e+06	0
5.32374e+06	0
5.32384e+06	0
5.32394e+06	0
5.32404e+06	0
5.32414e+06	0
5.32424e+06	0
5.32434e+06	0
5.32444e+06	0
5.32454e+06	0
5.32464e+06	0
5.32474e+06	0
5.32484e+06	0
5.32494e+06	0
5.32504e+06	0
5.32514e+06	0
5.32524e+06	0
5.32534e+06	0
5.32544e+06	0
5.32554e+06	0
5.32564e+06	0
5.32574e+06	0
5.32584e+06	0
5.32594e+06	0
5.32604e+06	0
5.32614e+06	0
5.32624e+06	0
5.32634e+06	0
5.32644e+06	0
5.32654e+06	0
5.32664e+06	0
5.32674e+06	0
5.32684e+06	0
5.32694e+06	0
5.32704e+06	0
5.32714e+06	0
5.32724e+06	0
5.32734e+06	0
5.32744e+06	0
5.32754e+06	0
5.32764e+06	0
5.32774e+06	0
5.32784e+06	0
5.32794e+06	0
5.32804e+06	0
5.32814e+06	0
5.32824e+06	0
5.32834e+06	0
5.32844e+06	0
5.32854e+06	0
5.32864e+06	0
5.32874e+06	0
5.32884e+06	0
5.32894e+06	0
5.32904e+06	0
5.32914e+06	0
5.32924e+06	0
5.32934e+06	0
5.32944e+06	0
5.32954e+06	0
5.32964e+06	0
5.32974e+06	0
5.32984e+06	0
5.32994e+06	0
5.33004e+06	0
5.33014e+06	0
5.33024e+06	0
5.33034e+06	0
5.33044e+06	0
5.33054e+06	0
5.33064e+06	0
5.33074e+06	0
5.33084e+06	0
5.33094e+06	0
5.33104e+06	0
5.33114e+06	0
5.33124e+06	0
5.33134e+06	0
5.33144e+06	0
5.33154e+06	0
5.33164e+06	0
5.33174e+06	0
5.33184e+06	0
5.33194e+06	0
5.33204e+06	0
5.33214e+06	0
5.33224e+06	0
5.33234e+06	0
5.33244e+06	0
5.33254e+06	0
5.33264e+06	0
5.33274e+06	0
5.33284e+06	0
5.33294e+06	0
5.33304e+06	0
5.33314e+06	0
5.33324e+06	0
5.33334e+06	0
5.33344e+06	0
5.33354e+06	0
5.33364e+06	0
5.33374e+06	0
5.33384e+06	0
5.33394e+06	0
5.33404e+06	0
5.33414e+06	0
5.33424e+06	0
5.33434e+06	0
5.33444e+06	0
5.33454e+06	0
5.33464e+06	0
5.33474e+06	0
5.33484e+06	0
5.33494e+06	0
5.33504e+06	0
5.33514e+06	0
5.33524e+06	0
5.33534e+06	0
5.33544e+06	0
5.33554e+06	0
5.33564e+06	0
5.33574e+06	0
5.33584e+06	0
5.33594e+06	0
5.33604e+06	0
5.33614e+06	0
5.33624e+06	0
5.33634e+06	0
5.33644e+06	0
5.33654e+06	0
5.33664e+06	0
5.33674e+06	0
5.33684e+06	0
5.33694e+06	0
5.33704e+06	0
5.33714e+06	0
5.33724e+06	0
5.33734e+06	0
5.33744e+06	0
5.33754e+06	0
5.33764e+06	0
5.33774e+06	0
5.33784e+06	0
5.33794e+06	0
5.33804e+06	0
5.33814e+06	0
5.33824e+06	0
5.33834e+06	0
5.33844e+06	0
5.33854e+06	0
5.33864e+06	0
5.33874e+06	0
5.33884e+06	0
5.33894e+06	0
5.33904e+06	0
5.33914e+06	0
5.33924e+06	0
5.33934e+06	0
5.33944e+06	0
5.33954e+06	0
5.33964e+06	0
5.33974e+06	0
5.33984e+06	0
5.33994e+06	0
5.34004e+06	0
5.34014e+06	0
5.34024e+06	0
5.34034e+06	0
5.34044e+06	0
5.34054e+06	0
5.34064e+06	0
5.34074e+06	0
5.34084e+06	0
5.34094e+06	0
5.34104e+06	0
5.34114e+06	0
5.34124e+06	0
5.34134e+06	0
5.34144e+06	0
5.34154e+06	0
5.34164e+06	0
5.34174e+06	0
5.34184e+06	0
5.34194e+06	0
5.34204e+06	0
5.34214e+06	0
5.34224e+06	0
5.34234e+06	0
5.34244e+06	0
5.34254e+06	0
5.34264e+06	0
5.34274e+06	0
5.34284e+06	0
5.34294e+06	0
5.34304e+06	0
5.34314e+06	0
5.34324e+06	0
5.34334e+06	0
5.34344e+06	0
5.34354e+06	0
5.34364e+06	0
5.34374e+06	0
5.34384e+06	0
5.34394e+06	0
5.34404e+06	0
5.34414e+06	0
5.34424e+06	0
5.34434e+06	0
5.34444e+06	0
5.34454e+06	0
5.34464e+06	0
5.34474e+06	0
5.34484e+06	0
5.34494e+06	0
5.34504e+06	0
5.34514e+06	0
5.34524e+06	0
5.34534e+06	0
5.34544e+06	0
5.34554e+06	0
5.34564e+06	0
5.34574e+06	0
5.34584e+06	0
5.34594e+06	0
5.34604e+06	0
5.34614e+06	0
5.34624e+06	0
5.34634e+06	0
5.34644e+06	0
5.34654e+06	0
5.34664e+06	0
5.34674e+06	0
5.34684e+06	0
5.34694e+06	0
5.34704e+06	0
5.34714e+06	0
5.34724e+06	0
5.34734e+06	0
5.34744e+06	0
5.34754e+06	0
5.34764e+06	0
5.34774e+06	0
5.34784e+06	0
5.34794e+06	0
5.34804e+06	0
5.34814e+06	0
5.34824e+06	0
5.34834e+06	0
5.34844e+06	0
5.34854e+06	0
5.34864e+06	0
5.34874e+06	0
5.34884e+06	0
5.34894e+06	0
5.34904e+06	0
5.34914e+06	0
5.34924e+06	0
5.34934e+06	0
5.34944e+06	0
5.34954e+06	0
5.34964e+06	0
5.34974e+06	0
5.34984e+06	0
5.34994e+06	0
5.35004e+06	0
5.35014e+06	0
5.35024e+06	0
5.35034e+06	0
5.35044e+06	0
5.35054e+06	0
5.35064e+06	0
5.35074e+06	0
5.35084e+06	0
5.35094e+06	0
5.35104e+06	0
5.35114e+06	0
5.35124e+06	0
5.35134e+06	0
5.35144e+06	0
5.35154e+06	0
5.35164e+06	0
5.35174e+06	0
5.35184e+06	0
5.35194e+06	0
5.35204e+06	0
5.35214e+06	0
5.35224e+06	0
5.35234e+06	0
5.35244e+06	0
5.35254e+06	0
5.35264e+06	0
5.35274e+06	0
5.35284e+06	0
5.35294e+06	0
5.35304e+06	0
5.35314e+06	0
5.35324e+06	0
5.35334e+06	0
5.35344e+06	0
5.35354e+06	0
5.35364e+06	0
5.35374e+06	0
5.35384e+06	0
5.35394e+06	0
5.35404e+06	0
5.35414e+06	0
5.35424e+06	0
5.35434e+06	0
5.35444e+06	0
5.35454e+06	0
5.35464e+06	0
5.35474e+06	0
5.35484e+06	0
5.35494e+06	0
5.35504e+06	0
5.35514e+06	0
5.35524e+06	0
5.35534e+06	0
5.35544e+06	0
5.35554e+06	0
5.35564e+06	0
5.35574e+06	0
5.35584e+06	0
5.35594e+06	0
5.35604e+06	0
5.35614e+06	0
5.35624e+06	0
5.35634e+06	0
5.35644e+06	0
5.35654e+06	0
5.35664e+06	0
5.35674e+06	0
5.35684e+06	0
5.35694e+06	0
5.35704e+06	0
5.35714e+06	0
5.35724e+06	0
5.35734e+06	0
5.35744e+06	0
5.35754e+06	0
5.35764e+06	0
5.35774e+06	0
5.35784e+06	0
5.35794e+06	0
5.35804e+06	0
5.35814e+06	0
5.35824e+06	0
5.35834e+06	0
5.35844e+06	0
5.35854e+06	0
5.35864e+06	0
5.35874e+06	0
5.35884e+06	0
5.35894e+06	0
5.35904e+06	0
5.35914e+06	0
5.35924e+06	0
5.35934e+06	0
5.35944e+06	0
5.35954e+06	0
5.35964e+06	0
5.35974e+06	0
5.35984e+06	0
5.35994e+06	0
5.36004e+06	0
5.36014e+06	0
5.36024e+06	0
5.36034e+06	0
5.36044e+06	0
5.36054e+06	0
5.36064e+06	0
5.36074e+06	0
5.36084e+06	0
5.36094e+06	0
5.36104e+06	0
5.36114e+06	0
5.36124e+06	0
5.36134e+06	0
5.36144e+06	0
5.36154e+06	0
5.36164e+06	0
5.36174e+06	0
5.36184e+06	0
5.36194e+06	0
5.36204e+06	0
5.36214e+06	0
5.36224e+06	0
5.36234e+06	0
5.36244e+06	0
5.36254e+06	0
5.36264e+06	0
5.36274e+06	0
5.36284e+06	0
5.36294e+06	0
5.36304e+06	0
5.36314e+06	0
5.36324e+06	0
5.36334e+06	0
5.36344e+06	0
5.36354e+06	0
5.36364e+06	0
5.36374e+06	0
5.36384e+06	0
5.36394e+06	0
5.36404e+06	0
5.36414e+06	0
5.36424e+06	0
5.36434e+06	0
5.36444e+06	0
5.36454e+06	0
5.36464e+06	0
5.36474e+06	0
5.36484e+06	0
5.36494e+06	0
5.36504e+06	0
5.36514e+06	0
5.36524e+06	0
5.36534e+06	0
5.36544e+06	0
5.36554e+06	0
5.36564e+06	0
5.36574e+06	0
5.36584e+06	0
5.36594e+06	0
5.36604e+06	0
5.36614e+06	0
5.36624e+06	0
5.36634e+06	0
5.36644e+06	0
5.36654e+06	0
5.36664e+06	0
5.36674e+06	0
5.36684e+06	0
5.36694e+06	0
5.36704e+06	0
5.36714e+06	0
5.36724e+06	0
5.36734e+06	0
5.36744e+06	0
5.36754e+06	0
5.36764e+06	0
5.36774e+06	0
5.36784e+06	0
5.36794e+06	0
5.36804e+06	0
5.36814e+06	0
5.36824e+06	0
5.36834e+06	0
5.36844e+06	0
5.36854e+06	0
5.36864e+06	0
5.36874e+06	0
5.36884e+06	0
5.36894e+06	0
5.36904e+06	0
5.36914e+06	0
5.36924e+06	0
5.36934e+06	0
5.36944e+06	0
5.36954e+06	0
5.36964e+06	0
5.36974e+06	0
5.36984e+06	0
5.36994e+06	0
5.37004e+06	0
5.37014e+06	0
5.37024e+06	0
5.37034e+06	0
5.37044e+06	0
5.37054e+06	0
5.37064e+06	0
5.37074e+06	0
5.37084e+06	0
5.37094e+06	0
5.37104e+06	0
5.37114e+06	0
5.37124e+06	0
5.37134e+06	0
5.37144e+06	0
5.37154e+06	0
5.37164e+06	0
5.37174e+06	0
5.37184e+06	0
5.37194e+06	0
5.37204e+06	0
5.37214e+06	0
5.37224e+06	0
5.37234e+06	0
5.37244e+06	0
5.37254e+06	0
5.37264e+06	0
5.37274e+06	0
5.37284e+06	0
5.37294e+06	0
5.37304e+06	0
5.37314e+06	0
5.37324e+06	0
5.37334e+06	0
5.37344e+06	0
5.37354e+06	0
5.37364e+06	0
5.37374e+06	0
5.37384e+06	0
5.37394e+06	0
5.37404e+06	0
5.37414e+06	0
5.37424e+06	0
5.37434e+06	0
5.37444e+06	0
5.37454e+06	0
5.37464e+06	0
5.37474e+06	0
5.37484e+06	0
5.37494e+06	0
5.37504e+06	0
5.37514e+06	0
5.37524e+06	0
5.37534e+06	0
5.37544e+06	0
5.37554e+06	0
5.37564e+06	0
5.37574e+06	0
5.37584e+06	0
5.37594e+06	0
5.37604e+06	0
5.37614e+06	0
5.37624e+06	0
5.37634e+06	0
5.37644e+06	0
5.37654e+06	0
5.37664e+06	0
5.37674e+06	0
5.37684e+06	0
5.37694e+06	0
5.37704e+06	0
5.37714e+06	0
5.37724e+06	0
5.37734e+06	0
5.37744e+06	0
5.37754e+06	0
5.37764e+06	0
5.37774e+06	0
5.37784e+06	0
5.37794e+06	0
5.37804e+06	0
5.37814e+06	0
5.37824e+06	0
5.37834e+06	0
5.37844e+06	0
5.37854e+06	0
5.37864e+06	0
5.37874e+06	0
5.37884e+06	0
5.37894e+06	0
5.37904e+06	0
5.37914e+06	0
5.37924e+06	0
5.37934e+06	0
5.37944e+06	0
5.37954e+06	0
5.37964e+06	0
5.37974e+06	0
5.37984e+06	0
5.37994e+06	0
5.38004e+06	0
5.38014e+06	0
5.38024e+06	0
5.38034e+06	0
5.38044e+06	0
5.38054e+06	0
5.38064e+06	0
5.38074e+06	0
5.38084e+06	0
5.38094e+06	0
5.38104e+06	0
5.38114e+06	0
5.38124e+06	0
5.38134e+06	0
5.38144e+06	0
5.38154e+06	0
5.38164e+06	0
5.38174e+06	0
5.38184e+06	0
5.38194e+06	0
5.38204e+06	0
5.38214e+06	0
5.38224e+06	0
5.38234e+06	0
5.38244e+06	0
5.38254e+06	0
5.38264e+06	0
5.38274e+06	0
5.38284e+06	0
5.38294e+06	0
5.38304e+06	0
5.38314e+06	0
5.38324e+06	0
5.38334e+06	0
5.38344e+06	0
5.38354e+06	0
5.38364e+06	0
5.38374e+06	0
5.38384e+06	0
5.38394e+06	0
5.38404e+06	0
5.38414e+06	0
5.38424e+06	0
5.38434e+06	0
5.38444e+06	0
5.38454e+06	0
5.38464e+06	0
5.38474e+06	0
5.38484e+06	0
5.38494e+06	0
5.38504e+06	0
5.38514e+06	0
5.38524e+06	0
5.38534e+06	0
5.38544e+06	0
5.38554e+06	0
5.38564e+06	0
5.38574e+06	0
5.38584e+06	0
5.38594e+06	0
5.38604e+06	0
5.38614e+06	0
5.38624e+06	0
5.38634e+06	0
5.38644e+06	0
5.38654e+06	0
5.38664e+06	0
5.38674e+06	0
5.38684e+06	0
5.38694e+06	0
5.38704e+06	0
5.38714e+06	0
5.38724e+06	0
5.38734e+06	0
5.38744e+06	0
5.38754e+06	0
5.38764e+06	0
5.38774e+06	0
5.38784e+06	0
5.38794e+06	0
5.38804e+06	0
5.38814e+06	0
5.38824e+06	0
5.38834e+06	0
5.38844e+06	0
5.38854e+06	0
5.38864e+06	0
5.38874e+06	0
5.38884e+06	0
5.38894e+06	0
5.38904e+06	0
5.38914e+06	0
5.38924e+06	0
5.38934e+06	0
5.38944e+06	0
5.38954e+06	0
5.38964e+06	0
5.38974e+06	0
5.38984e+06	0
5.38994e+06	0
5.39004e+06	0
5.39014e+06	0
5.39024e+06	0
5.39034e+06	0
5.39044e+06	0
5.39054e+06	0
5.39064e+06	0
5.39074e+06	0
5.39084e+06	0
5.39094e+06	0
5.39104e+06	0
5.39114e+06	0
5.39124e+06	0
5.39134e+06	0
5.39144e+06	0
5.39154e+06	0
5.39164e+06	0
5.39174e+06	0
5.39184e+06	0
5.39194e+06	0
5.39204e+06	0
5.39214e+06	0
5.39224e+06	0
5.39234e+06	0
5.39244e+06	0
5.39254e+06	0
5.39264e+06	0
5.39274e+06	0
5.39284e+06	0
5.39294e+06	0
5.39304e+06	0
5.39314e+06	0
5.39324e+06	0
5.39334e+06	0
5.39344e+06	0
5.39354e+06	0
5.39364e+06	0
5.39374e+06	0
5.39384e+06	0
5.39394e+06	0
5.39404e+06	0
5.39414e+06	0
5.39424e+06	0
5.39434e+06	0
5.39444e+06	0
5.39454e+06	0
5.39464e+06	0
5.39474e+06	0
5.39484e+06	0
5.39494e+06	0
5.39504e+06	0
5.39514e+06	0
5.39524e+06	0
5.39534e+06	0
5.39544e+06	0
5.39554e+06	0
5.39564e+06	0
5.39574e+06	0
5.39584e+06	0
5.39594e+06	0
5.39604e+06	0
5.39614e+06	0
5.39624e+06	0
5.39634e+06	0
5.39644e+06	0
5.39654e+06	0
5.39664e+06	0
5.39674e+06	0
5.39684e+06	0
5.39694e+06	0
5.39704e+06	0
5.39714e+06	0
5.39724e+06	0
5.39734e+06	0
5.39744e+06	0
5.39754e+06	0
5.39764e+06	0
5.39774e+06	0
5.39784e+06	0
5.39794e+06	0
5.39804e+06	0
5.39814e+06	0
5.39824e+06	0
5.39834e+06	0
5.39844e+06	0
5.39854e+06	0
5.39864e+06	0
5.39874e+06	0
5.39884e+06	0
5.39894e+06	0
5.39904e+06	0
5.39914e+06	0
5.39924e+06	0
5.39934e+06	0
5.39944e+06	0
5.39954e+06	0
5.39964e+06	0
5.39974e+06	0
5.39984e+06	0
5.39994e+06	0
5.40004e+06	0
5.40014e+06	0
5.40024e+06	0
5.40034e+06	0
5.40044e+06	0
5.40054e+06	0
5.40064e+06	0
5.40074e+06	0
5.40084e+06	0
5.40094e+06	0
5.40104e+06	0
5.40114e+06	0
5.40124e+06	0
5.40134e+06	0
5.40144e+06	0
5.40154e+06	0
5.40164e+06	0
5.40174e+06	0
5.40184e+06	0
5.40194e+06	0
5.40204e+06	0
5.40214e+06	0
5.40224e+06	0
5.40234e+06	0
5.40244e+06	0
5.40254e+06	0
5.40264e+06	0
5.40274e+06	0
5.40284e+06	0
5.40294e+06	0
5.40304e+06	0
5.40314e+06	0
5.40324e+06	0
5.40334e+06	0
5.40344e+06	0
5.40354e+06	0
5.40364e+06	0
5.40374e+06	0
5.40384e+06	0
5.40394e+06	0
5.40404e+06	0
5.40414e+06	0
5.40424e+06	0
5.40434e+06	0
5.40444e+06	0
5.40454e+06	0
5.40464e+06	0
5.40474e+06	0
5.40484e+06	0
5.40494e+06	0
5.40504e+06	0
5.40514e+06	0
5.40524e+06	0
5.40534e+06	0
5.40544e+06	0
5.40554e+06	0
5.40564e+06	0
5.40574e+06	0
5.40584e+06	0
5.40594e+06	0
5.40604e+06	0
5.40614e+06	0
5.40624e+06	0
5.40634e+06	0
5.40644e+06	0
5.40654e+06	0
5.40664e+06	0
5.40674e+06	0
5.40684e+06	0
5.40694e+06	0
5.40704e+06	0
5.40714e+06	0
5.40724e+06	0
5.40734e+06	0
5.40744e+06	0
5.40754e+06	0
5.40764e+06	0
5.40774e+06	0
5.40784e+06	0
5.40794e+06	0
5.40804e+06	0
5.40814e+06	0
5.40824e+06	0
5.40834e+06	0
5.40844e+06	0
5.40854e+06	0
5.40864e+06	0
5.40874e+06	0
5.40884e+06	0
5.40894e+06	0
5.40904e+06	0
5.40914e+06	0
5.40924e+06	0
5.40934e+06	0
5.40944e+06	0
5.40954e+06	0
5.40964e+06	0
5.40974e+06	0
5.40984e+06	0
5.40994e+06	0
5.41004e+06	0
5.41014e+06	0
5.41024e+06	0
5.41034e+06	0
5.41044e+06	0
5.41054e+06	0
5.41064e+06	0
5.41074e+06	0
5.41084e+06	0
5.41094e+06	0
5.41104e+06	0
5.41114e+06	0
5.41124e+06	0
5.41134e+06	0
5.41144e+06	0
5.41154e+06	0
5.41164e+06	0
5.41174e+06	0
5.41184e+06	0
5.41194e+06	0
5.41204e+06	0
5.41214e+06	0
5.41224e+06	0
5.41234e+06	0
5.41244e+06	0
5.41254e+06	0
5.41264e+06	0
5.41274e+06	0
5.41284e+06	0
5.41294e+06	0
5.41304e+06	0
5.41314e+06	0
5.41324e+06	0
5.41334e+06	0
5.41344e+06	0
5.41354e+06	0
5.41364e+06	0
5.41374e+06	0
5.41384e+06	0
5.41394e+06	0
5.41404e+06	0
5.41414e+06	0
5.41424e+06	0
5.41434e+06	0
5.41444e+06	0
5.41454e+06	0
5.41464e+06	0
5.41474e+06	0
5.41484e+06	0
5.41494e+06	0
5.41504e+06	0
5.41514e+06	0
5.41524e+06	0
5.41534e+06	0
5.41544e+06	0
5.41554e+06	0
5.41564e+06	0
5.41574e+06	0
5.41584e+06	0
5.41594e+06	0
5.41604e+06	0
5.41614e+06	0
5.41624e+06	0
5.41634e+06	0
5.41644e+06	0
5.41654e+06	0
5.41664e+06	0
5.41674e+06	0
5.41684e+06	0
5.41694e+06	0
5.41704e+06	0
5.41714e+06	0
5.41724e+06	0
5.41734e+06	0
5.41744e+06	0
5.41754e+06	0
5.41764e+06	0
5.41774e+06	0
5.41784e+06	0
5.41794e+06	0
5.41804e+06	0
5.41814e+06	0
5.41824e+06	0
5.41834e+06	0
5.41844e+06	0
5.41854e+06	0
5.41864e+06	0
5.41874e+06	0
5.41884e+06	0
5.41894e+06	0
5.41904e+06	0
5.41914e+06	0
5.41924e+06	0
5.41934e+06	0
5.41944e+06	0
5.41954e+06	0
5.41964e+06	0
5.41974e+06	0
5.41984e+06	0
5.41994e+06	0
5.42004e+06	0
5.42014e+06	0
5.42024e+06	0
5.42034e+06	0
5.42044e+06	0
5.42054e+06	0
5.42064e+06	0
5.42074e+06	0
5.42084e+06	0
5.42094e+06	0
5.42104e+06	0
5.42114e+06	0
5.42124e+06	0
5.42134e+06	0
5.42144e+06	0
5.42154e+06	0
5.42164e+06	0
5.42174e+06	0
5.42184e+06	0
5.42194e+06	0
5.42204e+06	0
5.42214e+06	0
5.42224e+06	0
5.42234e+06	0
5.42244e+06	0
5.42254e+06	0
5.42264e+06	0
5.42274e+06	0
5.42284e+06	0
5.42294e+06	0
5.42304e+06	0
5.42314e+06	0
5.42324e+06	0
5.42334e+06	0
5.42344e+06	0
5.42354e+06	0
5.42364e+06	0
5.42374e+06	0
5.42384e+06	0
5.42394e+06	0
5.42404e+06	0
5.42414e+06	0
5.42424e+06	0
5.42434e+06	0
5.42444e+06	0
5.42454e+06	0
5.42464e+06	0
5.42474e+06	0
5.42484e+06	0
5.42494e+06	0
5.42504e+06	0
5.42514e+06	0
5.42524e+06	0
5.42534e+06	0
5.42544e+06	0
5.42554e+06	0
5.42564e+06	0
5.42574e+06	0
5.42584e+06	0
5.42594e+06	0
5.42604e+06	0
5.42614e+06	0
5.42624e+06	0
5.42634e+06	0
5.42644e+06	0
5.42654e+06	0
5.42664e+06	0
5.42674e+06	0
5.42684e+06	0
5.42694e+06	0
5.42704e+06	0
5.42714e+06	0
5.42724e+06	0
5.42734e+06	0
5.42744e+06	0
5.42754e+06	0
5.42764e+06	0
5.42774e+06	0
5.42784e+06	0
5.42794e+06	0
5.42804e+06	0
5.42814e+06	0
5.42824e+06	0
5.42834e+06	0
5.42844e+06	0
5.42854e+06	0
5.42864e+06	0
5.42874e+06	0
5.42884e+06	0
5.42894e+06	0
5.42904e+06	0
5.42914e+06	0
5.42924e+06	0
5.42934e+06	0
5.42944e+06	0
5.42954e+06	0
5.42964e+06	0
5.42974e+06	0
5.42984e+06	0
5.42994e+06	0
5.43004e+06	0
5.43014e+06	0
5.43024e+06	0
5.43034e+06	0
5.43044e+06	0
5.43054e+06	0
5.43064e+06	0
5.43074e+06	0
5.43084e+06	0
5.43094e+06	0
5.43104e+06	0
5.43114e+06	0
5.43124e+06	0
5.43134e+06	0
5.43144e+06	0
5.43154e+06	0
5.43164e+06	0
5.43174e+06	0
5.43184e+06	0
5.43194e+06	0
5.43204e+06	0
5.43214e+06	0
5.43224e+06	0
5.43234e+06	0
5.43244e+06	0
5.43254e+06	0
5.43264e+06	0
5.43274e+06	0
5.43284e+06	0
5.43294e+06	0
5.43304e+06	0
5.43314e+06	0
5.43324e+06	0
5.43334e+06	0
5.43344e+06	0
5.43354e+06	0
5.43364e+06	0
5.43374e+06	0
5.43384e+06	0
5.43394e+06	0
5.43404e+06	0
5.43414e+06	0
5.43424e+06	0
5.43434e+06	0
5.43444e+06	0
5.43454e+06	0
5.43464e+06	0
5.43474e+06	0
5.43484e+06	0
5.43494e+06	0
5.43504e+06	0
5.43514e+06	0
5.43524e+06	0
5.43534e+06	0
5.43544e+06	0
5.43554e+06	0
5.43564e+06	0
5.43574e+06	0
5.43584e+06	0
5.43594e+06	0
5.43604e+06	0
5.43614e+06	0
5.43624e+06	0
5.43634e+06	0
5.43644e+06	0
5.43654e+06	0
5.43664e+06	0
5.43674e+06	0
5.43684e+06	0
5.43694e+06	0
5.43704e+06	0
5.43714e+06	0
5.43724e+06	0
5.43734e+06	0
5.43744e+06	0
5.43754e+06	0
5.43764e+06	0
5.43774e+06	0
5.43784e+06	0
5.43794e+06	0
5.43804e+06	0
5.43814e+06	0
5.43824e+06	0
5.43834e+06	0
5.43844e+06	0
5.43854e+06	0
5.43864e+06	0
5.43874e+06	0
5.43884e+06	0
5.43894e+06	0
5.43904e+06	0
5.43914e+06	0
5.43924e+06	0
5.43934e+06	0
5.43944e+06	0
5.43954e+06	0
5.43964e+06	0
5.43974e+06	0
5.43984e+06	0
5.43994e+06	0
5.44004e+06	0
5.44014e+06	0
5.44024e+06	0
5.44034e+06	0
5.44044e+06	0
5.44054e+06	0
5.44064e+06	0
5.44074e+06	0
5.44084e+06	0
5.44094e+06	0
5.44104e+06	0
5.44114e+06	0
5.44124e+06	0
5.44134e+06	0
5.44144e+06	0
5.44154e+06	0
5.44164e+06	0
5.44174e+06	0
5.44184e+06	0
5.44194e+06	0
5.44204e+06	0
5.44214e+06	0
5.44224e+06	0
5.44234e+06	0
5.44244e+06	0
5.44254e+06	0
5.44264e+06	0
5.44274e+06	0
5.44284e+06	0
5.44294e+06	0
5.44304e+06	0
5.44314e+06	0
5.44324e+06	0
5.44334e+06	0
5.44344e+06	0
5.44354e+06	0
5.44364e+06	0
5.44374e+06	0
5.44384e+06	0
5.44394e+06	0
5.44404e+06	0
5.44414e+06	0
5.44424e+06	0
5.44434e+06	0
5.44444e+06	0
5.44454e+06	0
5.44464e+06	0
5.44474e+06	0
5.44484e+06	0
5.44494e+06	0
5.44504e+06	0
5.44514e+06	0
5.44524e+06	0
5.44534e+06	0
5.44544e+06	0
5.44554e+06	0
5.44564e+06	0
5.44574e+06	0
5.44584e+06	0
5.44594e+06	0
5.44604e+06	0
5.44614e+06	0
5.44624e+06	0
5.44634e+06	0
5.44644e+06	0
5.44654e+06	0
5.44664e+06	0
5.44674e+06	0
5.44684e+06	0
5.44694e+06	0
5.44704e+06	0
5.44714e+06	0
5.44724e+06	0
5.44734e+06	0
5.44744e+06	0
5.44754e+06	0
5.44764e+06	0
5.44774e+06	0
5.44784e+06	0
5.44794e+06	0
5.44804e+06	0
5.44814e+06	0
5.44824e+06	0
5.44834e+06	0
5.44844e+06	0
5.44854e+06	0
5.44864e+06	0
5.44874e+06	0
5.44884e+06	0
5.44894e+06	0
5.44904e+06	0
5.44914e+06	0
5.44924e+06	0
5.44934e+06	0
5.44944e+06	0
5.44954e+06	0
5.44964e+06	0
5.44974e+06	0
5.44984e+06	0
5.44994e+06	0
5.45004e+06	0
5.45014e+06	0
5.45024e+06	0
5.45034e+06	0
5.45044e+06	0
5.45054e+06	0
5.45064e+06	0
5.45074e+06	0
5.45084e+06	0
5.45094e+06	0
5.45104e+06	0
5.45114e+06	0
5.45124e+06	0
5.45134e+06	0
5.45144e+06	0
5.45154e+06	0
5.45164e+06	0
5.45174e+06	0
5.45184e+06	0
5.45194e+06	0
5.45204e+06	0
5.45214e+06	0
5.45224e+06	0
5.45234e+06	0
5.45244e+06	0
5.45254e+06	0
5.45264e+06	0
5.45274e+06	0
5.45284e+06	0
5.45294e+06	0
5.45304e+06	0
5.45314e+06	0
5.45324e+06	0
5.45334e+06	0
5.45344e+06	0
5.45354e+06	0
5.45364e+06	0
5.45374e+06	0
5.45384e+06	0
5.45394e+06	0
5.45404e+06	0
5.45414e+06	0
5.45424e+06	0
5.45434e+06	0
5.45444e+06	0
5.45454e+06	0
5.45464e+06	0
5.45474e+06	0
5.45484e+06	0
5.45494e+06	0
5.45504e+06	0
5.45514e+06	0
5.45524e+06	0
5.45534e+06	0
5.45544e+06	0
5.45554e+06	0
5.45564e+06	0
5.45574e+06	0
5.45584e+06	0
5.45594e+06	0
5.45604e+06	0
5.45614e+06	0
5.45624e+06	0
5.45634e+06	0
5.45644e+06	0
5.45654e+06	0
5.45664e+06	0
5.45674e+06	0
5.45684e+06	0
5.45694e+06	0
5.45704e+06	0
5.45714e+06	0
5.45724e+06	0
5.45734e+06	0
5.45744e+06	0
5.45754e+06	0
5.45764e+06	0
5.45774e+06	0
5.45784e+06	0
5.45794e+06	0
5.45804e+06	0
5.45814e+06	0
5.45824e+06	0
5.45834e+06	0
5.45844e+06	0
5.45854e+06	0
5.45864e+06	0
5.45874e+06	0
5.45884e+06	0
5.45894e+06	0
5.45904e+06	0
5.45914e+06	0
5.45924e+06	0
5.45934e+06	0
5.45944e+06	0
5.45954e+06	0
5.45964e+06	0
5.45974e+06	0
5.45984e+06	0
5.45994e+06	0
5.46004e+06	0
5.46014e+06	0
5.46024e+06	0
5.46034e+06	0
5.46044e+06	0
5.46054e+06	0
5.46064e+06	0
5.46074e+06	0
5.46084e+06	0
5.46094e+06	0
5.46104e+06	0
5.46114e+06	0
5.46124e+06	0
5.46134e+06	0
5.46144e+06	0
5.46154e+06	0
5.46164e+06	0
5.46174e+06	0
5.46184e+06	0
5.46194e+06	0
5.46204e+06	0
5.46214e+06	0
5.46224e+06	0
5.46234e+06	0
5.46244e+06	0
5.46254e+06	0
5.46264e+06	0
5.46274e+06	0
5.46284e+06	0
5.46294e+06	0
5.46304e+06	0
5.46314e+06	0
5.46324e+06	0
5.46334e+06	0
5.46344e+06	0
5.46354e+06	0
5.46364e+06	0
5.46374e+06	0
5.46384e+06	0
5.46394e+06	0
5.46404e+06	0
5.46414e+06	0
5.46424e+06	0
5.46434e+06	0
5.46444e+06	0
5.46454e+06	0
5.46464e+06	0
5.46474e+06	0
5.46484e+06	0
5.46494e+06	0
5.46504e+06	0
5.46514e+06	0
5.46524e+06	0
5.46534e+06	0
5.46544e+06	0
5.46554e+06	0
5.46564e+06	0
5.46574e+06	0
5.46584e+06	0
5.46594e+06	0
5.46604e+06	0
5.46614e+06	0
5.46624e+06	0
5.46634e+06	0
5.46644e+06	0
5.46654e+06	0
5.46664e+06	0
5.46674e+06	0
5.46684e+06	0
5.46694e+06	0
5.46704e+06	0
5.46714e+06	0
5.46724e+06	0
5.46734e+06	0
5.46744e+06	0
5.46754e+06	0
5.46764e+06	0
5.46774e+06	0
5.46784e+06	0
5.46794e+06	0
5.46804e+06	0
5.46814e+06	0
5.46824e+06	0
5.46834e+06	0
5.46844e+06	0
5.46854e+06	0
5.46864e+06	0
5.46874e+06	0
5.46884e+06	0
5.46894e+06	0
5.46904e+06	0
5.46914e+06	0
5.46924e+06	0
5.46934e+06	0
5.46944e+06	0
5.46954e+06	0
5.46964e+06	0
5.46974e+06	0
5.46984e+06	0
5.46994e+06	0
5.47004e+06	0
5.47014e+06	0
5.47024e+06	0
5.47034e+06	0
5.47044e+06	0
5.47054e+06	0
5.47064e+06	0
5.47074e+06	0
5.47084e+06	0
5.47094e+06	0
5.47104e+06	0
5.47114e+06	0
5.47124e+06	0
5.47134e+06	0
5.47144e+06	0
5.47154e+06	0
5.47164e+06	0
5.47174e+06	0
5.47184e+06	0
5.47194e+06	0
5.47204e+06	0
5.47214e+06	0
5.47224e+06	0
5.47234e+06	0
5.47244e+06	0
5.47254e+06	0
5.47264e+06	0
5.47274e+06	0
5.47284e+06	0
5.47294e+06	0
5.47304e+06	0
5.47314e+06	0
5.47324e+06	0
5.47334e+06	0
5.47344e+06	0
5.47354e+06	0
5.47364e+06	0
5.47374e+06	0
5.47384e+06	0
5.47394e+06	0
5.47404e+06	0
5.47414e+06	0
5.47424e+06	0
5.47434e+06	0
5.47444e+06	0
5.47454e+06	0
5.47464e+06	0
5.47474e+06	0
5.47484e+06	0
5.47494e+06	0
5.47504e+06	0
5.47514e+06	0
5.47524e+06	0
5.47534e+06	0
5.47544e+06	0
5.47554e+06	0
5.47564e+06	0
5.47574e+06	0
5.47584e+06	0
5.47594e+06	0
5.47604e+06	0
5.47614e+06	0
5.47624e+06	0
5.47634e+06	0
5.47644e+06	0
5.47654e+06	0
5.47664e+06	0
5.47674e+06	0
5.47684e+06	0
5.47694e+06	0
5.47704e+06	0
5.47714e+06	0
5.47724e+06	0
5.47734e+06	0
5.47744e+06	0
5.47754e+06	0
5.47764e+06	0
5.47774e+06	0
5.47784e+06	0
5.47794e+06	0
5.47804e+06	0
5.47814e+06	0
5.47824e+06	0
5.47834e+06	0
5.47844e+06	0
5.47854e+06	0
5.47864e+06	0
5.47874e+06	0
5.47884e+06	0
5.47894e+06	0
5.47904e+06	0
5.47914e+06	0
5.47924e+06	0
5.47934e+06	0
5.47944e+06	0
5.47954e+06	0
5.47964e+06	0
5.47974e+06	0
5.47984e+06	0
5.47994e+06	0
5.48004e+06	0
5.48014e+06	0
5.48024e+06	0
5.48034e+06	0
5.48044e+06	0
5.48054e+06	0
5.48064e+06	0
5.48074e+06	0
5.48084e+06	0
5.48094e+06	0
5.48104e+06	0
5.48114e+06	0
5.48124e+06	0
5.48134e+06	0
5.48144e+06	0
5.48154e+06	0
5.48164e+06	0
5.48174e+06	0
5.48184e+06	0
5.48194e+06	0
5.48204e+06	0
5.48214e+06	0
5.48224e+06	0
5.48234e+06	0
5.48244e+06	0
5.48254e+06	0
5.48264e+06	0
5.48274e+06	0
5.48284e+06	0
5.48294e+06	0
5.48304e+06	0
5.48314e+06	0
5.48324e+06	0
5.48334e+06	0
5.48344e+06	0
5.48354e+06	0
5.48364e+06	0
5.48374e+06	0
5.48384e+06	0
5.48394e+06	0
5.48404e+06	0
5.48414e+06	0
5.48424e+06	0
5.48434e+06	0
5.48444e+06	0
5.48454e+06	0
5.48464e+06	0
5.48474e+06	0
5.48484e+06	0
5.48494e+06	0
5.48504e+06	0
5.48514e+06	0
5.48524e+06	0
5.48534e+06	0
5.48544e+06	0
5.48554e+06	0
5.48564e+06	0
5.48574e+06	0
5.48584e+06	0
5.48594e+06	0
5.48604e+06	0
5.48614e+06	0
5.48624e+06	0
5.48634e+06	0
5.48644e+06	0
5.48654e+06	0
5.48664e+06	0
5.48674e+06	0
5.48684e+06	0
5.48694e+06	0
5.48704e+06	0
5.48714e+06	0
5.48724e+06	0
5.48734e+06	0
5.48744e+06	0
5.48754e+06	0
5.48764e+06	0
5.48774e+06	0
5.48784e+06	0
5.48794e+06	0
5.48804e+06	0
5.48814e+06	0
5.48824e+06	0
5.48834e+06	0
5.48844e+06	0
5.48854e+06	0
5.48864e+06	0
5.48874e+06	0
5.48884e+06	0
5.48894e+06	0
5.48904e+06	0
5.48914e+06	0
5.48924e+06	0
5.48934e+06	0
5.48944e+06	0
5.48954e+06	0
5.48964e+06	0
5.48974e+06	0
5.48984e+06	0
5.48994e+06	0
5.49004e+06	0
5.49014e+06	0
5.49024e+06	0
5.49034e+06	0
5.49044e+06	0
5.49054e+06	0
5.49064e+06	0
5.49074e+06	0
5.49084e+06	0
5.49094e+06	0
5.49104e+06	0
5.49114e+06	0
5.49124e+06	0
5.49134e+06	0
5.49144e+06	0
5.49154e+06	0
5.49164e+06	0
5.49174e+06	0
5.49184e+06	0
5.49194e+06	0
5.49204e+06	0
5.49214e+06	0
5.49224e+06	0
5.49234e+06	0
5.49244e+06	0
5.49254e+06	0
5.49264e+06	0
5.49274e+06	0
5.49284e+06	0
5.49294e+06	0
5.49304e+06	0
5.49314e+06	0
5.49324e+06	0
5.49334e+06	0
5.49344e+06	0
5.49354e+06	0
5.49364e+06	0
5.49374e+06	0
5.49384e+06	0
5.49394e+06	0
5.49404e+06	0
5.49414e+06	0
5.49424e+06	0
5.49434e+06	0
5.49444e+06	0
5.49454e+06	0
5.49464e+06	0
5.49474e+06	0
5.49484e+06	0
5.49494e+06	0
5.49504e+06	0
5.49514e+06	0
5.49524e+06	0
5.49534e+06	0
5.49544e+06	0
5.49554e+06	0
5.49564e+06	0
5.49574e+06	0
5.49584e+06	0
5.49594e+06	0
5.49604e+06	0
5.49614e+06	0
5.49624e+06	0
5.49634e+06	0
5.49644e+06	0
5.49654e+06	0
5.49664e+06	0
5.49674e+06	0
5.49684e+06	0
5.49694e+06	0
5.49704e+06	0
5.49714e+06	0
5.49724e+06	0
5.49734e+06	0
5.49744e+06	0
5.49754e+06	0
5.49764e+06	0
5.49774e+06	0
5.49784e+06	0
5.49794e+06	0
5.49804e+06	0
5.49814e+06	0
5.49824e+06	0
5.49834e+06	0
5.49844e+06	0
5.49854e+06	0
5.49864e+06	0
5.49874e+06	0
5.49884e+06	0
5.49894e+06	0
5.49904e+06	0
5.49914e+06	0
5.49924e+06	0
5.49934e+06	0
5.49944e+06	0
5.49954e+06	0
5.49964e+06	0
5.49974e+06	0
5.49984e+06	0
5.49994e+06	0
5.50004e+06	0
5.50014e+06	0
5.50024e+06	0
5.50034e+06	0
5.50044e+06	0
5.50054e+06	0
5.50064e+06	0
5.50074e+06	0
5.50084e+06	0
5.50094e+06	0
5.50104e+06	0
5.50114e+06	0
5.50124e+06	0
5.50134e+06	0
5.50144e+06	0
5.50154e+06	0
5.50164e+06	0
5.50174e+06	0
5.50184e+06	0
5.50194e+06	0
5.50204e+06	0
5.50214e+06	0
5.50224e+06	0
5.50234e+06	0
5.50244e+06	0
5.50254e+06	0
5.50264e+06	0
5.50274e+06	0
5.50284e+06	0
5.50294e+06	0
5.50304e+06	0
5.50314e+06	0
5.50324e+06	0
5.50334e+06	0
5.50344e+06	0
5.50354e+06	0
5.50364e+06	0
5.50374e+06	0
5.50384e+06	0
5.50394e+06	0
5.50404e+06	0
5.50414e+06	7.26276e-322
5.50424e+06	3.38336e-320
5.50434e+06	1.56905e-318
5.50444e+06	7.20855e-317
5.50454e+06	3.27885e-315
5.50464e+06	1.47657e-313
5.50474e+06	6.58327e-312
5.50484e+06	2.90594e-310
5.50494e+06	1.26996e-308
5.50504e+06	5.49476e-307
5.50514e+06	2.35377e-305
5.50524e+06	9.98248e-304
5.50534e+06	4.19149e-302
5.50544e+06	1.74243e-300
5.50554e+06	7.17135e-299
5.50564e+06	2.92215e-297
5.50574e+06	1.17886e-295
5.50584e+06	4.70844e-294
5.50594e+06	1.86187e-292
5.50604e+06	7.2892e-291
5.50614e+06	2.82532e-289
5.50624e+06	1.0842e-287
5.50634e+06	4.11919e-286
5.50644e+06	1.54942e-284
5.50654e+06	5.77013e-283
5.50664e+06	2.12744e-281
5.50674e+06	7.76582e-280
5.50684e+06	2.80655e-278
5.50694e+06	1.00419e-276
5.50704e+06	3.55727e-275
5.50714e+06	1.2476e-273
5.50724e+06	4.33201e-272
5.50734e+06	1.48923e-270
5.50744e+06	5.06862e-269
5.50754e+06	1.70795e-267
5.50764e+06	5.69795e-266
5.50774e+06	1.88199e-264
5.50784e+06	6.15425e-263
5.50794e+06	1.99246e-261
5.50804e+06	6.38646e-260
5.50814e+06	2.02669e-258
5.50824e+06	6.36757e-257
5.50834e+06	1.98069e-255
5.50844e+06	6.09979e-254
5.50854e+06	1.85982e-252
5.50864e+06	5.61416e-251
5.50874e+06	1.67786e-249
5.50884e+06	4.96458e-248
5.50894e+06	1.45434e-246
5.50904e+06	4.21802e-245
5.50914e+06	1.21118e-243
5.50924e+06	3.4432e-242
5.50934e+06	9.69116e-241
5.50944e+06	2.70051e-239
5.50954e+06	7.45027e-238
5.50964e+06	2.03496e-236
5.50974e+06	5.50297e-235
5.50984e+06	1.47331e-233
5.50994e+06	3.90526e-232
5.51004e+06	1.02485e-230
5.51014e+06	2.66276e-229
5.51024e+06	6.84948e-228
5.51034e+06	1.74438e-226
5.51044e+06	4.39827e-225
5.51054e+06	1.09794e-223
5.51064e+06	2.71352e-222
5.51074e+06	6.63964e-221
5.51084e+06	1.60847e-219
5.51094e+06	3.85779e-218
5.51104e+06	9.16055e-217
5.51114e+06	2.15358e-215
5.51124e+06	5.01254e-214
5.51134e+06	1.15508e-212
5.51144e+06	2.63526e-211
5.51154e+06	5.95238e-210
5.51164e+06	1.33112e-208
5.51174e+06	2.94712e-207
5.51184e+06	6.46007e-206
5.51194e+06	1.40195e-204
5.51204e+06	3.01222e-203
5.51214e+06	6.40762e-202
5.51224e+06	1.34947e-200
5.51234e+06	2.81377e-199
5.51244e+06	5.80858e-198
5.51254e+06	1.18716e-196
5.51264e+06	2.40217e-195
5.51274e+06	4.81235e-194
5.51284e+06	9.54479e-193
5.51294e+06	1.87427e-191
5.51304e+06	3.64382e-190
5.51314e+06	7.01355e-189
5.51324e+06	1.33652e-187
5.51334e+06	2.52157e-186
5.51344e+06	4.71002e-185
5.51354e+06	8.71027e-184
5.51364e+06	1.59477e-182
5.51374e+06	2.89082e-181
5.51384e+06	5.18802e-180
5.51394e+06	9.21804e-179
5.51404e+06	1.62156e-177
5.51414e+06	2.82413e-176
5.51424e+06	4.86959e-175
5.51434e+06	8.31301e-174
5.51444e+06	1.40501e-172
5.51454e+06	2.35104e-171
5.51464e+06	3.89491e-170
5.51474e+06	6.38838e-169
5.51484e+06	1.03739e-167
5.51494e+06	1.66782e-166
5.51504e+06	2.65469e-165
5.51514e+06	4.18347e-164
5.51524e+06	6.52702e-163
5.51534e+06	1.00821e-161
5.51544e+06	1.54186e-160
5.51554e+06	2.3345e-159
5.51564e+06	3.49947e-158
5.51574e+06	5.19357e-157
5.51584e+06	7.6311e-156
5.51594e+06	1.11011e-154
5.51604e+06	1.59883e-153
5.51614e+06	2.27978e-152
5.51624e+06	3.21842e-151
5.51634e+06	4.49832e-150
5.51644e+06	6.22463e-149
5.51654e+06	8.52775e-148
5.51664e+06	1.15668e-146
5.51674e+06	1.55327e-145
5.51684e+06	2.06509e-144
5.51694e+06	2.71824e-143
5.51704e+06	3.54237e-142
5.51714e+06	4.57043e-141
5.51724e+06	5.83817e-140
5.51734e+06	7.38336e-139
5.51744e+06	9.2446e-138
5.51754e+06	1.14599e-136
5.51764e+06	1.40646e-135
5.51774e+06	1.70897e-134
5.51784e+06	2.05587e-133
5.51794e+06	2.44858e-132
5.51804e+06	2.8873e-131
5.51814e+06	3.37074e-130
5.51824e+06	3.89597e-129
5.51834e+06	4.45824e-128
5.51844e+06	5.0509e-127
5.51854e+06	5.6654e-126
5.51864e+06	6.29143e-125
5.51874e+06	6.91712e-124
5.51884e+06	7.52936e-123
5.51894e+06	8.11424e-122
5.51904e+06	8.65755e-121
5.51914e+06	9.14533e-120
5.51924e+06	9.56446e-119
5.51934e+06	9.90327e-118
5.51944e+06	1.01521e-116
5.51954e+06	1.03035e-115
5.51964e+06	1.03532e-114
5.51974e+06	1.02996e-113
5.51984e+06	1.01444e-112
5.51994e+06	9.89205e-112
5.52004e+06	9.55002e-111
5.52014e+06	9.12807e-110
5.52024e+06	8.63795e-109
5.52034e+06	8.09281e-108
5.52044e+06	7.50664e-107
5.52054e+06	6.89363e-106
5.52064e+06	6.2677e-105
5.52074e+06	5.6419e-104
5.52084e+06	5.02805e-103
5.52094e+06	4.4364e-102
5.52104e+06	3.87542e-101
5.52114e+06	3.35169e-100
5.52124e+06	2.8699e-99
5.52134e+06	2.43291e-98
5.52144e+06	2.04194e-97
5.52154e+06	1.69674e-96
5.52164e+06	1.39587e-95
5.52174e+06	1.13693e-94
5.52184e+06	9.16808e-94
5.52194e+06	7.31948e-93
5.52204e+06	5.78547e-92
5.52214e+06	4.52746e-91
5.52224e+06	3.50774e-90
5.52234e+06	2.69065e-89
5.52244e+06	2.04336e-88
5.52254e+06	1.53634e-87
5.52264e+06	1.14364e-86
5.52274e+06	8.42845e-86
5.52284e+06	6.14982e-85
5.52294e+06	4.44258e-84
5.52304e+06	3.17734e-83
5.52314e+06	2.24983e-82
5.52324e+06	1.57723e-81
5.52334e+06	1.0947e-80
5.52344e+06	7.52232e-80
5.52354e+06	5.1176e-79
5.52364e+06	3.44698e-78
5.52374e+06	2.29862e-77
5.52384e+06	1.51758e-76
5.52394e+06	9.91963e-76
5.52404e+06	6.41941e-75
5.52414e+06	4.11294e-74
5.52424e+06	2.60895e-73
5.52434e+06	1.63847e-72
5.52444e+06	1.01874e-71
5.52454e+06	6.2712e-71
5.52464e+06	3.82202e-70
5.52474e+06	2.30617e-69
5.52484e+06	1.37768e-68
5.52494e+06	8.1482e-68
5.52504e+06	4.77125e-67
5.52514e+06	2.76605e-66
5.52524e+06	1.58761e-65
5.52534e+06	9.02164e-65
5.52544e+06	5.07556e-64
5.52554e+06	2.82709e-63
5.52564e+06	1.55902e-62
5.52574e+06	8.51182e-62
5.52584e+06	4.60097e-61
5.52594e+06	2.46226e-60
5.52604e+06	1.30459e-59
5.52614e+06	6.8434e-59
5.52624e+06	3.55408e-58
5.52634e+06	1.82742e-57
5.52644e+06	9.30269e-57
5.52654e+06	4.68851e-56
5.52664e+06	2.33947e-55
5.52674e+06	1.15574e-54
5.52684e+06	5.6527e-54
5.52694e+06	2.73722e-53
5.52704e+06	1.31227e-52
5.52714e+06	6.2286e-52
5.52724e+06	2.92695e-51
5.52734e+06	1.36175e-50
5.52744e+06	6.27247e-50
5.52754e+06	2.86046e-49
5.52764e+06	1.29148e-48
5.52774e+06	5.77298e-48
5.52784e+06	2.55486e-47
5.52794e+06	1.11942e-46
5.52804e+06	4.85596e-46
5.52814e+06	2.08552e-45
5.52824e+06	8.86768e-45
5.52834e+06	3.73305e-44
5.52844e+06	1.55587e-43
5.52854e+06	6.42009e-43
5.52864e+06	2.6228e-42
5.52874e+06	1.06083e-41
5.52884e+06	4.24801e-41
5.52894e+06	1.68415e-40
5.52904e+06	6.61049e-40
5.52914e+06	2.56888e-39
5.52924e+06	9.88348e-39
5.52934e+06	3.76473e-38
5.52944e+06	1.41976e-37
5.52954e+06	5.30094e-37
5.52964e+06	1.95951e-36
5.52974e+06	7.17133e-36
5.52984e+06	2.59841e-35
5.52994e+06	9.32126e-35
5.53004e+06	3.31053e-34
5.53014e+06	1.16407e-33
5.53024e+06	4.05243e-33
5.53034e+06	1.39672e-32
5.53044e+06	4.76608e-32
5.53054e+06	1.61016e-31
5.53064e+06	5.38561e-31
5.53074e+06	1.78344e-30
5.53084e+06	5.84705e-30
5.53094e+06	1.8979e-29
5.53104e+06	6.09912e-29
5.53114e+06	1.94052e-28
5.53124e+06	6.1126e-28
5.53134e+06	1.9063e-27
5.53144e+06	5.8859e-27
5.53154e+06	1.79925e-26
5.53164e+06	5.44538e-26
5.53174e+06	1.63163e-25
5.53184e+06	4.84029e-25
5.53194e+06	1.4216e-24
5.53204e+06	4.13374e-24
5.53214e+06	1.19005e-23
5.53224e+06	3.3919e-23
5.53234e+06	9.57145e-23
5.53244e+06	2.67406e-22
5.53254e+06	7.39639e-22
5.53264e+06	2.02547e-21
5.53274e+06	5.49149e-21
5.53284e+06	1.47405e-20
5.53294e+06	3.91732e-20
5.53304e+06	1.03068e-19
5.53314e+06	2.68482e-19
5.53324e+06	6.92411e-19
5.53334e+06	1.76795e-18
5.53344e+06	4.46924e-18
5.53354e+06	1.11854e-17
5.53364e+06	2.7716e-17
5.53374e+06	6.79931e-17
5.53384e+06	1.65141e-16
5.53394e+06	3.97104e-16
5.53404e+06	9.45387e-16
5.53414e+06	2.22829e-15
5.53424e+06	5.19986e-15
5.53434e+06	1.20135e-14
5.53444e+06	2.74791e-14
5.53454e+06	6.22289e-14
5.53464e+06	1.39521e-13
5.53474e+06	3.09703e-13
5.53484e+06	6.80623e-13
5.53494e+06	1.4809e-12
5.53504e+06	3.19008e-12
5.53514e+06	6.80353e-12
5.53524e+06	1.43656e-11
5.53534e+06	3.00311e-11
5.53544e+06	6.2155e-11
5.53554e+06	1.27361e-10
5.53564e+06	2.58378e-10
5.53574e+06	5.18956e-10
5.53584e+06	1.03196e-09
5.53594e+06	2.03167e-09
5.53604e+06	3.96003e-09
5.53614e+06	7.64192e-09
5.53624e+06	1.46003e-08
5.53634e+06	2.76173e-08
5.53644e+06	5.17196e-08
5.53654e+06	9.5893e-08
5.53664e+06	1.76026e-07
5.53674e+06	3.19905e-07
5.53684e+06	5.75605e-07
5.53694e+06	1.02538e-06
5.53704e+06	1.80843e-06
5.53714e+06	3.15774e-06
5.53724e+06	5.45892e-06
5.53734e+06	9.34319e-06
5.53744e+06	1.58322e-05
5.53754e+06	2.65609e-05
5.53764e+06	4.41166e-05
5.53774e+06	7.25468e-05
5.53784e+06	0.000118111
5.53794e+06	0.00019038
5.53804e+06	0.000303816
5.53814e+06	0.000480015
5.53824e+06	0.000750855
5.53834e+06	0.00116283
5.53844e+06	0.00178292
5.53854e+06	0.00270647
5.53864e+06	0.00406756
5.53874e+06	0.0060523
5.53884e+06	0.00891589
5.53894e+06	0.0130037
5.53904e+06	0.0187769
5.53914e+06	0.0268435
5.53924e+06	0.0379937
5.53934e+06	0.0532403
5.53944e+06	0.073863
5.53954e+06	0.101454
5.53964e+06	0.137966
5.53974e+06	0.18575
5.53984e+06	0.247596
5.53994e+06	0.326749
5.54004e+06	0.426917
5.54014e+06	0.552241
5.54024e+06	0.707248
5.54034e+06	0.89675
5.54044e+06	1.12572
5.54054e+06	1.39908
5.54064e+06	1.72153
5.54074e+06	2.09721
5.54084e+06	2.52945
5.54094e+06	3.02043
5.54104e+06	3.57082
5.54114e+06	4.1795
5.54124e+06	4.84326
5.54134e+06	5.55659
5.54144e+06	6.31154
5.54154e+06	7.09774
5.54164e+06	7.90245
5.54174e+06	8.71084
5.54184e+06	9.5064
5.54194e+06	10.2714
5.54204e+06	10.9875
5.54214e+06	11.6366
5.54224e+06	12.2014
5.54234e+06	12.6663
5.54244e+06	13.0181
5.54254e+06	13.2466
5.54264e+06	13.3449
5.54274e+06	13.3102
5.54284e+06	13.1435
5.54294e+06	12.8497
5.54304e+06	12.4375
5.54314e+06	11.9188
5.54324e+06	11.308
5.54334e+06	10.6218
5.54344e+06	9.87794
5.54354e+06	9.09477
5.54364e+06	8.29038
5.54374e+06	7.48194
5.54384e+06	6.68515
5.54394e+06	5.91378
5.54404e+06	5.17936
5.54414e+06	4.49101
5.54424e+06	3.85539
5.54434e+06	3.27681
5.54444e+06	2.75734
5.54454e+06	2.29713
5.54464e+06	1.8947
5.54474e+06	1.54721
5.54484e+06	1.25088
5.54494e+06	1.00125
5.54504e+06	0.793456
5.54514e+06	0.622531
5.54524e+06	0.483567
5.54534e+06	0.371886
5.54544e+06	0.283152
5.54554e+06	0.213445
5.54564e+06	0.159298
5.54574e+06	0.117704
5.54584e+06	0.086105
5.54594e+06	0.0623625
5.54604e+06	0.0447173
5.54614e+06	0.0317457
5.54624e+06	0.0223126
5.54634e+06	0.0155265
5.54644e+06	0.0106968
5.54654e+06	0.00729611
5.54664e+06	0.00492703
5.54674e+06	0.0032941
5.54684e+06	0.00218045
5.54694e+06	0.00142893
5.54704e+06	0.000927114
5.54714e+06	0.000595543
5.54724e+06	0.000378747
5.54734e+06	0.000238475
5.54744e+06	0.00014866
5.54754e+06	9.17491e-05
5.54764e+06	5.60618e-05
5.54774e+06	3.39148e-05
5.54784e+06	2.03127e-05
5.54794e+06	1.20449e-05
5.54804e+06	7.07126e-06
5.54814e+06	4.11005e-06
5.54824e+06	2.36513e-06
5.54834e+06	1.34747e-06
5.54844e+06	7.60046e-07
5.54854e+06	4.24442e-07
5.54864e+06	2.34668e-07
5.54874e+06	1.28454e-07
5.54884e+06	6.96138e-08
5.54894e+06	3.7351e-08
5.54904e+06	1.98411e-08
5.54914e+06	1.04349e-08
5.54924e+06	5.43331e-09
5.54934e+06	2.80091e-09
5.54944e+06	1.42952e-09
5.54954e+06	7.22337e-10
5.54964e+06	3.61365e-10
5.54974e+06	1.78982e-10
5.54984e+06	8.77666e-11
5.54994e+06	4.26095e-11
5.55004e+06	2.04805e-11
5.55014e+06	9.74612e-12
5.55024e+06	4.59177e-12
5.55034e+06	2.14183e-12
5.55044e+06	9.89117e-13
5.55054e+06	4.52238e-13
5.55064e+06	2.04712e-13
5.55074e+06	9.17439e-14
5.55084e+06	4.07069e-14
5.55094e+06	1.7882e-14
5.55104e+06	7.77715e-15
5.55114e+06	3.34875e-15
5.55124e+06	1.42758e-15
5.55134e+06	6.02528e-16
5.55144e+06	2.51774e-16
5.55154e+06	1.0416e-16
5.55164e+06	4.26626e-17
5.55174e+06	1.73002e-17
5.55184e+06	6.94564e-18
5.55194e+06	2.76077e-18
5.55204e+06	1.08644e-18
5.55214e+06	4.2329e-19
5.55224e+06	1.63278e-19
5.55234e+06	6.23554e-20
5.55244e+06	2.35764e-20
5.55254e+06	8.82548e-21
5.55264e+06	3.27082e-21
5.55274e+06	1.20014e-21
5.55284e+06	4.35976e-22
5.55294e+06	1.56802e-22
5.55304e+06	5.58338e-23
5.55314e+06	1.96834e-23
5.55324e+06	6.87005e-24
5.55334e+06	2.37398e-24
5.55344e+06	8.12178e-25
5.55354e+06	2.75095e-25
5.55364e+06	9.2251e-26
5.55374e+06	3.06281e-26
5.55384e+06	1.00685e-26
5.55394e+06	3.27967e-27
5.55404e+06	1.06616e-27
5.55414e+06	3.69119e-28
5.55424e+06	2.0463e-28
5.55434e+06	3.28457e-28
5.55444e+06	8.8811e-28
5.55454e+06	2.58743e-27
5.55464e+06	7.53329e-27
5.55474e+06	2.17362e-26
5.55484e+06	6.2099e-26
5.55494e+06	1.75649e-25
5.55504e+06	4.91888e-25
5.55514e+06	1.36377e-24
5.55524e+06	3.74349e-24
5.55534e+06	1.01734e-23
5.55544e+06	2.73725e-23
5.55554e+06	7.29155e-23
5.55564e+06	1.92301e-22
5.55574e+06	5.02112e-22
5.55584e+06	1.29801e-21
5.55594e+06	3.32208e-21
5.55604e+06	8.41783e-21
5.55614e+06	2.11177e-20
5.55624e+06	5.24507e-20
5.55634e+06	1.28977e-19
5.55644e+06	3.14001e-19
5.55654e+06	7.56845e-19
5.55664e+06	1.80609e-18
5.55674e+06	4.26706e-18
5.55684e+06	9.98104e-18
5.55694e+06	2.31142e-17
5.55704e+06	5.29956e-17
5.55714e+06	1.20298e-16
5.55724e+06	2.70354e-16
5.55734e+06	6.0154e-16
5.55744e+06	1.32511e-15
5.55754e+06	2.89001e-15
5.55764e+06	6.24026e-15
5.55774e+06	1.33402e-14
5.55784e+06	2.82345e-14
5.55794e+06	5.91635e-14
5.55804e+06	1.2274e-13
5.55814e+06	2.521e-13
5.55824e+06	5.12648e-13
5.55834e+06	1.0321e-12
5.55844e+06	2.05722e-12
5.55854e+06	4.05973e-12
5.55864e+06	7.93179e-12
5.55874e+06	1.53427e-11
5.55884e+06	2.93826e-11
5.55894e+06	5.57102e-11
5.55904e+06	1.04577e-10
5.55914e+06	1.94355e-10
5.55924e+06	3.57611e-10
5.55934e+06	6.51454e-10
5.55944e+06	1.17494e-09
5.55954e+06	2.09798e-09
5.55964e+06	3.7089e-09
5.55974e+06	6.49152e-09
5.55984e+06	1.12488e-08
5.55994e+06	1.92984e-08
5.56004e+06	3.27788e-08
5.56014e+06	5.51216e-08
5.56024e+06	9.17716e-08
5.56034e+06	1.5127e-07
5.56044e+06	2.46861e-07
5.56054e+06	3.98851e-07
5.56064e+06	6.38006e-07
5.56074e+06	1.01041e-06
5.56084e+06	1.58426e-06
5.56094e+06	2.4593e-06
5.56104e+06	3.77968e-06
5.56114e+06	5.75115e-06
5.56124e+06	8.66386e-06
5.56134e+06	1.29219e-05
5.56144e+06	1.90808e-05
5.56154e+06	2.78949e-05
5.56164e+06	4.03748e-05
5.56174e+06	5.78566e-05
5.56184e+06	8.20828e-05
5.56194e+06	0.000115294
5.56204e+06	0.000160333
5.56214e+06	0.000220746
5.56224e+06	0.000300899
5.56234e+06	0.000406074
5.56244e+06	0.000542558
5.56254e+06	0.000717704
5.56264e+06	0.000939942
5.56274e+06	0.00121875
5.56284e+06	0.00156453
5.56294e+06	0.00198843
5.56304e+06	0.00250204
5.56314e+06	0.00311699
5.56324e+06	0.00384445
5.56334e+06	0.0046945
5.56344e+06	0.00567547
5.56354e+06	0.00679314
5.56364e+06	0.00805002
5.56374e+06	0.00944454
5.56384e+06	0.0109704
5.56394e+06	0.0126159
5.56404e+06	0.0143639
5.56414e+06	0.0161914
5.56424e+06	0.0180698
5.56434e+06	0.0199655
5.56444e+06	0.0218405
5.56454e+06	0.0236539
5.56464e+06	0.0253629
5.56474e+06	0.0269248
5.56484e+06	0.0282985
5.56494e+06	0.0294464
5.56504e+06	0.0303359
5.56514e+06	0.0309414
5.56524e+06	0.0312449
5.56534e+06	0.0312374
5.56544e+06	0.0309192
5.56554e+06	0.0302997
5.56564e+06	0.0293972
5.56574e+06	0.0282378
5.56584e+06	0.0268542
5.56594e+06	0.0252843
5.56604e+06	0.0235693
5.56614e+06	0.021752
5.56624e+06	0.0198751
5.56634e+06	0.0179794
5.56644e+06	0.0161028
5.56654e+06	0.0142784
5.56664e+06	0.0125348
5.56674e+06	0.0108947
5.56684e+06	0.00937489
5.56694e+06	0.00798685
5.56704e+06	0.00673661
5.56714e+06	0.00562555
5.56724e+06	0.00465099
5.56734e+06	0.003807
5.56744e+06	0.00308516
5.56754e+06	0.00247531
5.56764e+06	0.00196624
5.56774e+06	0.00154633
5.56784e+06	0.001204
5.56794e+06	0.000928123
5.56804e+06	0.000708341
5.56814e+06	0.000535225
5.56824e+06	0.000400393
5.56834e+06	0.000296548
5.56844e+06	0.00021745
5.56854e+06	0.000157864
5.56864e+06	0.000113465
5.56874e+06	8.07416e-05
5.56884e+06	5.68841e-05
5.56894e+06	3.96772e-05
5.56904e+06	2.73999e-05
5.56914e+06	1.87332e-05
5.56924e+06	1.26804e-05
5.56934e+06	8.49792e-06
5.56944e+06	5.6383e-06
5.56954e+06	3.70374e-06
5.56964e+06	2.40874e-06
5.56974e+06	1.55095e-06
5.56984e+06	9.88692e-07
5.56994e+06	6.23996e-07
5.57004e+06	3.89906e-07
5.57014e+06	2.4121e-07
5.57024e+06	1.47736e-07
