3.937e+06	4.02055e-07
3.9371e+06	6.59713e-07
3.9372e+06	1.07175e-06
3.9373e+06	1.72387e-06
3.9374e+06	2.7453e-06
3.9375e+06	4.32864e-06
3.9376e+06	6.75758e-06
3.9377e+06	1.04451e-05
3.9378e+06	1.59853e-05
3.9379e+06	2.42224e-05
3.938e+06	3.63419e-05
3.9381e+06	5.39879e-05
3.9382e+06	7.94127e-05
3.9383e+06	0.000115663
3.9384e+06	0.000166808
3.9385e+06	0.000238214
3.9386e+06	0.000336864
3.9387e+06	0.000471724
3.9388e+06	0.000654155
3.9389e+06	0.000898353
3.939e+06	0.0012218
3.9391e+06	0.00164575
3.9392e+06	0.00219559
3.9393e+06	0.00290126
3.9394e+06	0.00379749
3.9395e+06	0.00492389
3.9396e+06	0.0063249
3.9397e+06	0.00804947
3.9398e+06	0.0101505
3.9399e+06	0.0126841
3.94e+06	0.0157084
3.9401e+06	0.0192821
3.9402e+06	0.0234632
3.9403e+06	0.0283068
3.9404e+06	0.0338639
3.9405e+06	0.0401787
3.9406e+06	0.0472876
3.9407e+06	0.0552172
3.9408e+06	0.0639828
3.9409e+06	0.0735875
3.941e+06	0.0840214
3.9411e+06	0.0952603
3.9412e+06	0.107266
3.9413e+06	0.119987
3.9414e+06	0.133354
3.9415e+06	0.147285
3.9416e+06	0.161682
3.9417e+06	0.176431
3.9418e+06	0.191399
3.9419e+06	0.20644
3.942e+06	0.221386
3.9421e+06	0.236053
3.9422e+06	0.250243
3.9423e+06	0.263739
3.9424e+06	0.276316
3.9425e+06	0.287738
3.9426e+06	0.297771
3.9427e+06	0.306186
3.9428e+06	0.312768
3.9429e+06	0.317324
3.943e+06	0.319697
3.9431e+06	0.319767
3.9432e+06	0.317466
3.9433e+06	0.31278
3.9434e+06	0.305753
3.9435e+06	0.29649
3.9436e+06	0.285151
3.9437e+06	0.271954
3.9438e+06	0.257157
3.9439e+06	0.241059
3.944e+06	0.223979
3.9441e+06	0.206253
3.9442e+06	0.188215
3.9443e+06	0.170185
3.9444e+06	0.152462
3.9445e+06	0.135315
3.9446e+06	0.118969
3.9447e+06	0.10361
3.9448e+06	0.089376
3.9449e+06	0.0763609
3.945e+06	0.0646146
3.9451e+06	0.054148
3.9452e+06	0.0449376
3.9453e+06	0.0369317
3.9454e+06	0.0300564
3.9455e+06	0.0242222
3.9456e+06	0.0193294
3.9457e+06	0.0152737
3.9458e+06	0.0119504
3.9459e+06	0.00925815
3.946e+06	0.00710177
3.9461e+06	0.00539391
3.9462e+06	0.00405631
3.9463e+06	0.00302026
3.9464e+06	0.00222659
3.9465e+06	0.00162523
3.9466e+06	0.00117454
3.9467e+06	0.000840414
3.9468e+06	0.000595376
3.9469e+06	0.0004176
3.947e+06	0.00029
3.9471e+06	0.00019939
3.9472e+06	0.000135729
3.9473e+06	9.14763e-05
3.9474e+06	6.10391e-05
3.9475e+06	4.03247e-05
3.9476e+06	2.63752e-05
3.9477e+06	1.70798e-05
3.9478e+06	1.09504e-05
3.9479e+06	6.95089e-06
3.948e+06	4.36827e-06
3.9481e+06	2.71793e-06
3.9482e+06	1.67427e-06
3.9483e+06	1.02111e-06
3.9484e+06	6.16567e-07
3.9485e+06	3.68592e-07
3.9486e+06	2.18157e-07
3.9487e+06	1.27835e-07
3.9488e+06	7.41637e-08
3.9489e+06	4.25981e-08
3.949e+06	2.4224e-08
3.9491e+06	1.36383e-08
3.9492e+06	7.60207e-09
3.9493e+06	4.19528e-09
3.9494e+06	2.29218e-09
3.9495e+06	1.23992e-09
3.9496e+06	6.6404e-10
3.9497e+06	3.5209e-10
3.9498e+06	1.84829e-10
3.9499e+06	9.60603e-11
3.95e+06	4.94282e-11
3.9501e+06	2.51804e-11
3.9502e+06	1.27002e-11
3.9503e+06	6.34179e-12
3.9504e+06	3.13525e-12
3.9505e+06	1.53458e-12
3.9506e+06	7.43642e-13
3.9507e+06	3.56776e-13
3.9508e+06	1.69467e-13
3.9509e+06	7.96948e-14
3.951e+06	3.7105e-14
3.9511e+06	1.71038e-14
3.9512e+06	7.80567e-15
3.9513e+06	3.52683e-15
3.9514e+06	1.57767e-15
3.9515e+06	6.98722e-16
3.9516e+06	3.06373e-16
3.9517e+06	1.33e-16
3.9518e+06	5.71626e-17
3.9519e+06	2.43237e-17
3.952e+06	1.02471e-17
3.9521e+06	4.27399e-18
3.9522e+06	1.76491e-18
3.9523e+06	7.21551e-19
3.9524e+06	2.92058e-19
3.9525e+06	1.17038e-19
3.9526e+06	4.64349e-20
3.9527e+06	1.82397e-20
3.9528e+06	7.09329e-21
3.9529e+06	2.73109e-21
3.953e+06	1.04107e-21
3.9531e+06	3.92899e-22
3.9532e+06	1.46805e-22
3.9533e+06	5.4307e-23
3.9534e+06	1.98897e-23
3.9535e+06	7.21204e-24
3.9536e+06	2.58908e-24
3.9537e+06	9.20214e-25
3.9538e+06	3.2381e-25
3.9539e+06	1.1281e-25
3.954e+06	3.89102e-26
3.9541e+06	1.32872e-26
3.9542e+06	4.49225e-27
3.9543e+06	1.50366e-27
3.9544e+06	4.98303e-28
3.9545e+06	1.63491e-28
3.9546e+06	5.3107e-29
3.9547e+06	1.70791e-29
3.9548e+06	5.43798e-30
3.9549e+06	1.71422e-30
3.955e+06	5.34997e-31
3.9551e+06	1.65308e-31
3.9552e+06	5.05701e-32
3.9553e+06	1.53162e-32
3.9554e+06	4.59266e-33
3.9555e+06	1.36344e-33
3.9556e+06	4.00741e-34
3.9557e+06	1.16613e-34
3.9558e+06	3.35962e-35
3.9559e+06	9.58274e-36
3.956e+06	2.70611e-36
3.9561e+06	7.56588e-37
3.9562e+06	2.09425e-37
3.9563e+06	5.73927e-38
3.9564e+06	1.55719e-38
3.9565e+06	4.18295e-39
3.9566e+06	1.11245e-39
3.9567e+06	2.92912e-40
3.9568e+06	7.63571e-41
3.9569e+06	1.97069e-41
3.957e+06	5.03554e-42
3.9571e+06	1.27388e-42
3.9572e+06	3.19059e-43
3.9573e+06	7.91167e-44
3.9574e+06	1.94233e-44
3.9575e+06	4.72101e-45
3.9576e+06	1.13607e-45
3.9577e+06	2.70664e-46
3.9578e+06	6.3843e-47
3.9579e+06	1.49092e-47
3.958e+06	3.44708e-48
3.9581e+06	7.89052e-49
3.9582e+06	1.7882e-49
3.9583e+06	4.01222e-50
3.9584e+06	8.91273e-51
3.9585e+06	1.96017e-51
3.9586e+06	4.26808e-52
3.9587e+06	9.20089e-53
3.9588e+06	1.96374e-53
3.9589e+06	4.14948e-54
3.959e+06	8.68084e-55
3.9591e+06	1.79799e-55
3.9592e+06	3.68696e-56
3.9593e+06	7.48528e-57
3.9594e+06	1.50454e-57
3.9595e+06	2.99404e-58
3.9596e+06	5.89885e-59
3.9597e+06	1.15063e-59
3.9598e+06	2.22207e-60
3.9599e+06	4.24854e-61
3.96e+06	8.04226e-62
3.9601e+06	1.50721e-62
3.9602e+06	2.79657e-63
3.9603e+06	5.13731e-64
3.9604e+06	9.34335e-65
3.9605e+06	1.68239e-65
3.9606e+06	2.99921e-66
3.9607e+06	5.29352e-67
3.9608e+06	9.24995e-68
3.9609e+06	1.60026e-68
3.961e+06	2.74094e-69
3.9611e+06	4.648e-70
3.9612e+06	7.8035e-71
3.9613e+06	1.29709e-71
3.9614e+06	2.13455e-72
3.9615e+06	3.47777e-73
3.9616e+06	5.60986e-74
3.9617e+06	8.95902e-75
3.9618e+06	1.41653e-75
3.9619e+06	2.21742e-76
3.962e+06	3.43659e-77
3.9621e+06	5.27308e-78
3.9622e+06	8.01046e-79
3.9623e+06	1.20478e-79
3.9624e+06	1.79397e-80
3.9625e+06	2.64473e-81
3.9626e+06	3.86014e-82
3.9627e+06	5.57804e-83
3.9628e+06	7.98027e-84
3.9629e+06	1.13034e-84
3.963e+06	1.58511e-85
3.9631e+06	2.20073e-86
3.9632e+06	3.02504e-87
3.9633e+06	4.11674e-88
3.9634e+06	5.54666e-89
3.9635e+06	7.39889e-90
3.9636e+06	9.77145e-91
3.9637e+06	1.27764e-91
3.9638e+06	1.65392e-92
3.9639e+06	2.11972e-93
3.964e+06	2.68967e-94
3.9641e+06	3.37891e-95
3.9642e+06	4.20253e-96
3.9643e+06	5.17491e-97
3.9644e+06	6.30887e-98
3.9645e+06	7.61479e-99
3.9646e+06	9.09957e-100
3.9647e+06	1.07657e-100
3.9648e+06	1.26101e-101
3.9649e+06	1.46235e-102
3.965e+06	1.67897e-103
3.9651e+06	1.9085e-104
3.9652e+06	2.14781e-105
3.9653e+06	2.39309e-106
3.9654e+06	2.63984e-107
3.9655e+06	2.88306e-108
3.9656e+06	3.11737e-109
3.9657e+06	3.33717e-110
3.9658e+06	3.53693e-111
3.9659e+06	3.71134e-112
3.966e+06	3.8556e-113
3.9661e+06	3.96562e-114
3.9662e+06	4.03819e-115
3.9663e+06	4.07117e-116
3.9664e+06	4.06359e-117
3.9665e+06	4.01566e-118
3.9666e+06	3.92881e-119
3.9667e+06	3.80559e-120
3.9668e+06	3.64955e-121
3.9669e+06	3.46509e-122
3.967e+06	3.25722e-123
3.9671e+06	3.03135e-124
3.9672e+06	2.79308e-125
3.9673e+06	2.54792e-126
3.9674e+06	2.30116e-127
3.9675e+06	2.05762e-128
3.9676e+06	1.82154e-129
3.9677e+06	1.59651e-130
3.9678e+06	1.38535e-131
3.9679e+06	1.19016e-132
3.968e+06	1.0123e-133
3.9681e+06	8.52448e-135
3.9682e+06	7.10697e-136
3.9683e+06	5.86622e-137
3.9684e+06	4.79391e-138
3.9685e+06	3.87862e-139
3.9686e+06	3.10687e-140
3.9687e+06	2.46391e-141
3.9688e+06	1.93457e-142
3.9689e+06	1.50384e-143
3.969e+06	1.15737e-144
3.9691e+06	8.81869e-146
3.9692e+06	6.6526e-147
3.9693e+06	4.96863e-148
3.9694e+06	3.67399e-149
3.9695e+06	2.68965e-150
3.9696e+06	1.94945e-151
3.9697e+06	1.39889e-152
3.9698e+06	9.93836e-154
3.9699e+06	6.99039e-155
3.97e+06	4.86794e-156
3.9701e+06	3.35619e-157
3.9702e+06	2.29089e-158
3.9703e+06	1.54817e-159
3.9704e+06	1.03584e-160
3.9705e+06	6.86153e-162
3.9706e+06	4.49994e-163
3.9707e+06	2.9218e-164
3.9708e+06	1.87824e-165
3.9709e+06	1.19539e-166
3.971e+06	7.53221e-168
3.9711e+06	4.69888e-169
3.9712e+06	2.90217e-170
3.9713e+06	1.77463e-171
3.9714e+06	1.07436e-172
3.9715e+06	6.43948e-174
3.9716e+06	3.82127e-175
3.9717e+06	2.24503e-176
3.9718e+06	1.30585e-177
3.9719e+06	7.52004e-179
3.972e+06	4.28751e-180
3.9721e+06	2.42018e-181
3.9722e+06	1.35253e-182
3.9723e+06	7.48346e-184
3.9724e+06	4.09936e-185
3.9725e+06	2.22324e-186
3.9726e+06	1.19375e-187
3.9727e+06	6.34596e-189
3.9728e+06	3.33994e-190
3.9729e+06	1.74035e-191
3.973e+06	8.97828e-193
3.9731e+06	4.5857e-194
3.9732e+06	2.31886e-195
3.9733e+06	1.16092e-196
3.9734e+06	5.75421e-198
3.9735e+06	2.82375e-199
3.9736e+06	1.37191e-200
3.9737e+06	6.59902e-202
3.9738e+06	3.14262e-203
3.9739e+06	1.4817e-204
3.974e+06	6.91651e-206
3.9741e+06	3.19646e-207
3.9742e+06	1.46255e-208
3.9743e+06	6.62533e-210
3.9744e+06	2.9714e-211
3.9745e+06	1.31939e-212
3.9746e+06	5.80018e-214
3.9747e+06	2.52445e-215
3.9748e+06	1.0878e-216
3.9749e+06	4.64076e-218
3.975e+06	1.96013e-219
3.9751e+06	8.19671e-221
3.9752e+06	3.39352e-222
3.9753e+06	1.39097e-223
3.9754e+06	5.64473e-225
3.9755e+06	2.26791e-226
3.9756e+06	9.02119e-228
3.9757e+06	3.55271e-229
3.9758e+06	1.3852e-230
3.9759e+06	5.34716e-232
3.976e+06	2.04357e-233
3.9761e+06	7.73241e-235
3.9762e+06	2.89665e-236
3.9763e+06	1.07432e-237
3.9764e+06	3.94485e-239
3.9765e+06	1.43411e-240
3.9766e+06	5.16169e-242
3.9767e+06	1.83933e-243
3.9768e+06	6.48907e-245
3.9769e+06	2.26654e-246
3.977e+06	7.83792e-248
3.9771e+06	2.68346e-249
3.9772e+06	9.09594e-251
3.9773e+06	3.0525e-252
3.9774e+06	1.0142e-253
3.9775e+06	3.33615e-255
3.9776e+06	1.08649e-256
3.9777e+06	3.50318e-258
3.9778e+06	1.1183e-259
3.9779e+06	3.53434e-261
3.978e+06	1.1059e-262
3.9781e+06	3.42596e-264
3.9782e+06	1.05076e-265
3.9783e+06	3.19068e-267
3.9784e+06	9.59224e-269
3.9785e+06	2.85505e-270
3.9786e+06	8.41326e-272
3.9787e+06	2.45455e-273
3.9788e+06	7.08985e-275
3.9789e+06	2.02749e-276
3.979e+06	5.74034e-278
3.9791e+06	1.60906e-279
3.9792e+06	4.46546e-281
3.9793e+06	1.22692e-282
3.9794e+06	3.33752e-284
3.9795e+06	8.98851e-286
3.9796e+06	2.39667e-287
3.9797e+06	6.32685e-289
3.9798e+06	1.65357e-290
3.9799e+06	4.27873e-292
3.98e+06	1.09614e-293
3.9801e+06	2.78017e-295
3.9802e+06	6.98127e-297
3.9803e+06	1.73562e-298
3.9804e+06	4.27201e-300
3.9805e+06	1.04104e-301
3.9806e+06	2.51165e-303
3.9807e+06	5.9994e-305
3.9808e+06	1.41878e-306
3.9809e+06	3.32182e-308
3.981e+06	7.7001e-310
3.9811e+06	1.76715e-311
3.9812e+06	4.0152e-313
3.9813e+06	9.03231e-315
3.9814e+06	2.01162e-316
3.9815e+06	4.4356e-318
3.9816e+06	9.68319e-320
3.9817e+06	2.0899e-321
3.9818e+06	4.44659e-323
3.9819e+06	0
3.982e+06	0
3.9821e+06	0
3.9822e+06	0
3.9823e+06	0
3.9824e+06	0
3.9825e+06	0
3.9826e+06	0
3.9827e+06	0
3.9828e+06	0
3.9829e+06	0
3.983e+06	0
3.9831e+06	0
3.9832e+06	0
3.9833e+06	0
3.9834e+06	0
3.9835e+06	0
3.9836e+06	0
3.9837e+06	0
3.9838e+06	0
3.9839e+06	0
3.984e+06	0
3.9841e+06	0
3.9842e+06	0
3.9843e+06	0
3.9844e+06	0
3.9845e+06	0
3.9846e+06	0
3.9847e+06	0
3.9848e+06	0
3.9849e+06	0
3.985e+06	0
3.9851e+06	0
3.9852e+06	0
3.9853e+06	0
3.9854e+06	0
3.9855e+06	0
3.9856e+06	0
3.9857e+06	0
3.9858e+06	0
3.9859e+06	0
3.986e+06	0
3.9861e+06	0
3.9862e+06	0
3.9863e+06	0
3.9864e+06	0
3.9865e+06	0
3.9866e+06	0
3.9867e+06	0
3.9868e+06	0
3.9869e+06	0
3.987e+06	0
3.9871e+06	0
3.9872e+06	0
3.9873e+06	0
3.9874e+06	0
3.9875e+06	0
3.9876e+06	0
3.9877e+06	0
3.9878e+06	0
3.9879e+06	0
3.988e+06	0
3.9881e+06	0
3.9882e+06	0
3.9883e+06	0
3.9884e+06	0
3.9885e+06	0
3.9886e+06	0
3.9887e+06	0
3.9888e+06	0
3.9889e+06	0
3.989e+06	0
3.9891e+06	0
3.9892e+06	0
3.9893e+06	0
3.9894e+06	0
3.9895e+06	0
3.9896e+06	0
3.9897e+06	0
3.9898e+06	0
3.9899e+06	0
3.99e+06	0
3.9901e+06	0
3.9902e+06	0
3.9903e+06	0
3.9904e+06	0
3.9905e+06	0
3.9906e+06	0
3.9907e+06	0
3.9908e+06	0
3.9909e+06	0
3.991e+06	0
3.9911e+06	0
3.9912e+06	0
3.9913e+06	0
3.9914e+06	0
3.9915e+06	0
3.9916e+06	0
3.9917e+06	0
3.9918e+06	0
3.9919e+06	0
3.992e+06	0
3.9921e+06	0
3.9922e+06	0
3.9923e+06	0
3.9924e+06	0
3.9925e+06	0
3.9926e+06	0
3.9927e+06	0
3.9928e+06	0
3.9929e+06	0
3.993e+06	0
3.9931e+06	0
3.9932e+06	0
3.9933e+06	0
3.9934e+06	0
3.9935e+06	0
3.9936e+06	0
3.9937e+06	0
3.9938e+06	0
3.9939e+06	0
3.994e+06	0
3.9941e+06	0
3.9942e+06	0
3.9943e+06	0
3.9944e+06	0
3.9945e+06	0
3.9946e+06	0
3.9947e+06	0
3.9948e+06	0
3.9949e+06	0
3.995e+06	0
3.9951e+06	0
3.9952e+06	0
3.9953e+06	0
3.9954e+06	0
3.9955e+06	0
3.9956e+06	0
3.9957e+06	0
3.9958e+06	0
3.9959e+06	0
3.996e+06	0
3.9961e+06	0
3.9962e+06	0
3.9963e+06	0
3.9964e+06	0
3.9965e+06	0
3.9966e+06	0
3.9967e+06	0
3.9968e+06	0
3.9969e+06	0
3.997e+06	0
3.9971e+06	0
3.9972e+06	0
3.9973e+06	0
3.9974e+06	0
3.9975e+06	0
3.9976e+06	0
3.9977e+06	0
3.9978e+06	0
3.9979e+06	0
3.998e+06	0
3.9981e+06	0
3.9982e+06	0
3.9983e+06	0
3.9984e+06	0
3.9985e+06	0
3.9986e+06	0
3.9987e+06	0
3.9988e+06	0
3.9989e+06	0
3.999e+06	0
3.9991e+06	0
3.9992e+06	0
3.9993e+06	0
3.9994e+06	0
3.9995e+06	0
3.9996e+06	0
3.9997e+06	0
3.9998e+06	0
3.9999e+06	0
4e+06	0
4.0001e+06	0
4.0002e+06	0
4.0003e+06	0
4.0004e+06	0
4.0005e+06	0
4.0006e+06	0
4.0007e+06	0
4.0008e+06	0
4.0009e+06	0
4.001e+06	0
4.0011e+06	0
4.0012e+06	0
4.0013e+06	0
4.0014e+06	0
4.0015e+06	0
4.0016e+06	0
4.0017e+06	0
4.0018e+06	0
4.0019e+06	0
4.002e+06	0
4.0021e+06	0
4.0022e+06	0
4.0023e+06	0
4.0024e+06	0
4.0025e+06	0
4.0026e+06	0
4.0027e+06	0
4.0028e+06	0
4.0029e+06	0
4.003e+06	0
4.0031e+06	0
4.0032e+06	0
4.0033e+06	0
4.0034e+06	0
4.0035e+06	0
4.0036e+06	0
4.0037e+06	0
4.0038e+06	0
4.0039e+06	0
4.004e+06	0
4.0041e+06	0
4.0042e+06	0
4.0043e+06	0
4.0044e+06	0
4.0045e+06	0
4.0046e+06	0
4.0047e+06	0
4.0048e+06	0
4.0049e+06	0
4.005e+06	0
4.0051e+06	0
4.0052e+06	0
4.0053e+06	0
4.0054e+06	0
4.0055e+06	0
4.0056e+06	0
4.0057e+06	0
4.0058e+06	0
4.0059e+06	0
4.006e+06	0
4.0061e+06	0
4.0062e+06	0
4.0063e+06	0
4.0064e+06	0
4.0065e+06	0
4.0066e+06	0
4.0067e+06	0
4.0068e+06	0
4.0069e+06	0
4.007e+06	0
4.0071e+06	0
4.0072e+06	0
4.0073e+06	0
4.0074e+06	0
4.0075e+06	0
4.0076e+06	0
4.0077e+06	0
4.0078e+06	0
4.0079e+06	0
4.008e+06	0
4.0081e+06	0
4.0082e+06	0
4.0083e+06	0
4.0084e+06	0
4.0085e+06	0
4.0086e+06	0
4.0087e+06	0
4.0088e+06	0
4.0089e+06	0
4.009e+06	0
4.0091e+06	0
4.0092e+06	0
4.0093e+06	0
4.0094e+06	0
4.0095e+06	0
4.0096e+06	0
4.0097e+06	0
4.0098e+06	0
4.0099e+06	0
4.01e+06	0
4.0101e+06	0
4.0102e+06	0
4.0103e+06	0
4.0104e+06	0
4.0105e+06	0
4.0106e+06	0
4.0107e+06	0
4.0108e+06	0
4.0109e+06	0
4.011e+06	0
4.0111e+06	0
4.0112e+06	0
4.0113e+06	0
4.0114e+06	0
4.0115e+06	0
4.0116e+06	0
4.0117e+06	0
4.0118e+06	0
4.0119e+06	0
4.012e+06	0
4.0121e+06	0
4.0122e+06	0
4.0123e+06	0
4.0124e+06	0
4.0125e+06	0
4.0126e+06	0
4.0127e+06	0
4.0128e+06	0
4.0129e+06	0
4.013e+06	0
4.0131e+06	0
4.0132e+06	0
4.0133e+06	0
4.0134e+06	0
4.0135e+06	0
4.0136e+06	0
4.0137e+06	0
4.0138e+06	0
4.0139e+06	0
4.014e+06	0
4.0141e+06	0
4.0142e+06	0
4.0143e+06	0
4.0144e+06	0
4.0145e+06	0
4.0146e+06	0
4.0147e+06	0
4.0148e+06	0
4.0149e+06	0
4.015e+06	0
4.0151e+06	0
4.0152e+06	0
4.0153e+06	0
4.0154e+06	0
4.0155e+06	0
4.0156e+06	0
4.0157e+06	0
4.0158e+06	0
4.0159e+06	0
4.016e+06	0
4.0161e+06	0
4.0162e+06	0
4.0163e+06	0
4.0164e+06	0
4.0165e+06	0
4.0166e+06	0
4.0167e+06	0
4.0168e+06	0
4.0169e+06	0
4.017e+06	0
4.0171e+06	0
4.0172e+06	0
4.0173e+06	0
4.0174e+06	0
4.0175e+06	0
4.0176e+06	0
4.0177e+06	0
4.0178e+06	0
4.0179e+06	0
4.018e+06	0
4.0181e+06	0
4.0182e+06	0
4.0183e+06	0
4.0184e+06	0
4.0185e+06	0
4.0186e+06	0
4.0187e+06	0
4.0188e+06	0
4.0189e+06	0
4.019e+06	0
4.0191e+06	0
4.0192e+06	0
4.0193e+06	0
4.0194e+06	0
4.0195e+06	0
4.0196e+06	0
4.0197e+06	0
4.0198e+06	0
4.0199e+06	0
4.02e+06	0
4.0201e+06	0
4.0202e+06	0
4.0203e+06	0
4.0204e+06	0
4.0205e+06	0
4.0206e+06	0
4.0207e+06	0
4.0208e+06	0
4.0209e+06	0
4.021e+06	0
4.0211e+06	0
4.0212e+06	0
4.0213e+06	0
4.0214e+06	0
4.0215e+06	0
4.0216e+06	0
4.0217e+06	0
4.0218e+06	0
4.0219e+06	0
4.022e+06	0
4.0221e+06	0
4.0222e+06	0
4.0223e+06	0
4.0224e+06	0
4.0225e+06	0
4.0226e+06	0
4.0227e+06	0
4.0228e+06	0
4.0229e+06	0
4.023e+06	0
4.0231e+06	0
4.0232e+06	0
4.0233e+06	0
4.0234e+06	0
4.0235e+06	0
4.0236e+06	0
4.0237e+06	0
4.0238e+06	0
4.0239e+06	0
4.024e+06	0
4.0241e+06	0
4.0242e+06	0
4.0243e+06	0
4.0244e+06	0
4.0245e+06	0
4.0246e+06	0
4.0247e+06	0
4.0248e+06	0
4.0249e+06	0
4.025e+06	0
4.0251e+06	0
4.0252e+06	0
4.0253e+06	0
4.0254e+06	0
4.0255e+06	0
4.0256e+06	0
4.0257e+06	0
4.0258e+06	0
4.0259e+06	0
4.026e+06	0
4.0261e+06	0
4.0262e+06	0
4.0263e+06	0
4.0264e+06	0
4.0265e+06	0
4.0266e+06	0
4.0267e+06	0
4.0268e+06	0
4.0269e+06	0
4.027e+06	0
4.0271e+06	0
4.0272e+06	0
4.0273e+06	0
4.0274e+06	0
4.0275e+06	0
4.0276e+06	0
4.0277e+06	0
4.0278e+06	0
4.0279e+06	0
4.028e+06	0
4.0281e+06	0
4.0282e+06	0
4.0283e+06	0
4.0284e+06	0
4.0285e+06	0
4.0286e+06	0
4.0287e+06	0
4.0288e+06	0
4.0289e+06	0
4.029e+06	0
4.0291e+06	0
4.0292e+06	0
4.0293e+06	0
4.0294e+06	0
4.0295e+06	0
4.0296e+06	0
4.0297e+06	0
4.0298e+06	0
4.0299e+06	0
4.03e+06	0
4.0301e+06	0
4.0302e+06	0
4.0303e+06	0
4.0304e+06	0
4.0305e+06	0
4.0306e+06	0
4.0307e+06	0
4.0308e+06	0
4.0309e+06	0
4.031e+06	0
4.0311e+06	0
4.0312e+06	0
4.0313e+06	0
4.0314e+06	0
4.0315e+06	0
4.0316e+06	0
4.0317e+06	0
4.0318e+06	0
4.0319e+06	0
4.032e+06	0
4.0321e+06	0
4.0322e+06	0
4.0323e+06	0
4.0324e+06	0
4.0325e+06	0
4.0326e+06	0
4.0327e+06	0
4.0328e+06	0
4.0329e+06	0
4.033e+06	0
4.0331e+06	0
4.0332e+06	0
4.0333e+06	0
4.0334e+06	0
4.0335e+06	0
4.0336e+06	0
4.0337e+06	0
4.0338e+06	0
4.0339e+06	0
4.034e+06	0
4.0341e+06	0
4.0342e+06	0
4.0343e+06	0
4.0344e+06	0
4.0345e+06	0
4.0346e+06	0
4.0347e+06	0
4.0348e+06	0
4.0349e+06	0
4.035e+06	0
4.0351e+06	0
4.0352e+06	0
4.0353e+06	0
4.0354e+06	0
4.0355e+06	0
4.0356e+06	0
4.0357e+06	0
4.0358e+06	0
4.0359e+06	0
4.036e+06	0
4.0361e+06	0
4.0362e+06	0
4.0363e+06	0
4.0364e+06	0
4.0365e+06	0
4.0366e+06	0
4.0367e+06	0
4.0368e+06	0
4.0369e+06	0
4.037e+06	0
4.0371e+06	0
4.0372e+06	0
4.0373e+06	0
4.0374e+06	0
4.0375e+06	0
4.0376e+06	0
4.0377e+06	0
4.0378e+06	0
4.0379e+06	0
4.038e+06	0
4.0381e+06	0
4.0382e+06	0
4.0383e+06	0
4.0384e+06	0
4.0385e+06	0
4.0386e+06	0
4.0387e+06	0
4.0388e+06	0
4.0389e+06	0
4.039e+06	0
4.0391e+06	0
4.0392e+06	0
4.0393e+06	0
4.0394e+06	0
4.0395e+06	0
4.0396e+06	0
4.0397e+06	0
4.0398e+06	0
4.0399e+06	0
4.04e+06	0
4.0401e+06	0
4.0402e+06	0
4.0403e+06	0
4.0404e+06	0
4.0405e+06	0
4.0406e+06	0
4.0407e+06	0
4.0408e+06	0
4.0409e+06	0
4.041e+06	0
4.0411e+06	0
4.0412e+06	0
4.0413e+06	0
4.0414e+06	0
4.0415e+06	0
4.0416e+06	0
4.0417e+06	0
4.0418e+06	0
4.0419e+06	0
4.042e+06	0
4.0421e+06	0
4.0422e+06	0
4.0423e+06	0
4.0424e+06	0
4.0425e+06	0
4.0426e+06	0
4.0427e+06	0
4.0428e+06	0
4.0429e+06	0
4.043e+06	0
4.0431e+06	0
4.0432e+06	0
4.0433e+06	0
4.0434e+06	0
4.0435e+06	0
4.0436e+06	0
4.0437e+06	0
4.0438e+06	0
4.0439e+06	0
4.044e+06	0
4.0441e+06	0
4.0442e+06	0
4.0443e+06	0
4.0444e+06	0
4.0445e+06	0
4.0446e+06	0
4.0447e+06	0
4.0448e+06	0
4.0449e+06	0
4.045e+06	0
4.0451e+06	0
4.0452e+06	0
4.0453e+06	0
4.0454e+06	0
4.0455e+06	0
4.0456e+06	0
4.0457e+06	0
4.0458e+06	0
4.0459e+06	0
4.046e+06	0
4.0461e+06	0
4.0462e+06	0
4.0463e+06	0
4.0464e+06	0
4.0465e+06	0
4.0466e+06	0
4.0467e+06	0
4.0468e+06	0
4.0469e+06	0
4.047e+06	0
4.0471e+06	0
4.0472e+06	0
4.0473e+06	0
4.0474e+06	0
4.0475e+06	0
4.0476e+06	0
4.0477e+06	0
4.0478e+06	0
4.0479e+06	0
4.048e+06	0
4.0481e+06	0
4.0482e+06	0
4.0483e+06	0
4.0484e+06	0
4.0485e+06	0
4.0486e+06	0
4.0487e+06	0
4.0488e+06	0
4.0489e+06	0
4.049e+06	0
4.0491e+06	0
4.0492e+06	0
4.0493e+06	0
4.0494e+06	0
4.0495e+06	0
4.0496e+06	0
4.0497e+06	0
4.0498e+06	0
4.0499e+06	0
4.05e+06	0
4.0501e+06	0
4.0502e+06	0
4.0503e+06	0
4.0504e+06	0
4.0505e+06	0
4.0506e+06	0
4.0507e+06	0
4.0508e+06	0
4.0509e+06	0
4.051e+06	0
4.0511e+06	0
4.0512e+06	0
4.0513e+06	0
4.0514e+06	0
4.0515e+06	0
4.0516e+06	0
4.0517e+06	0
4.0518e+06	0
4.0519e+06	0
4.052e+06	0
4.0521e+06	0
4.0522e+06	0
4.0523e+06	0
4.0524e+06	0
4.0525e+06	0
4.0526e+06	0
4.0527e+06	0
4.0528e+06	0
4.0529e+06	0
4.053e+06	0
4.0531e+06	0
4.0532e+06	0
4.0533e+06	0
4.0534e+06	0
4.0535e+06	0
4.0536e+06	0
4.0537e+06	0
4.0538e+06	0
4.0539e+06	0
4.054e+06	0
4.0541e+06	0
4.0542e+06	0
4.0543e+06	0
4.0544e+06	0
4.0545e+06	0
4.0546e+06	0
4.0547e+06	0
4.0548e+06	0
4.0549e+06	0
4.055e+06	0
4.0551e+06	0
4.0552e+06	0
4.0553e+06	0
4.0554e+06	0
4.0555e+06	0
4.0556e+06	0
4.0557e+06	0
4.0558e+06	0
4.0559e+06	0
4.056e+06	0
4.0561e+06	0
4.0562e+06	0
4.0563e+06	0
4.0564e+06	0
4.0565e+06	0
4.0566e+06	0
4.0567e+06	0
4.0568e+06	0
4.0569e+06	0
4.057e+06	0
4.0571e+06	0
4.0572e+06	0
4.0573e+06	0
4.0574e+06	0
4.0575e+06	0
4.0576e+06	0
4.0577e+06	0
4.0578e+06	0
4.0579e+06	0
4.058e+06	0
4.0581e+06	0
4.0582e+06	0
4.0583e+06	0
4.0584e+06	0
4.0585e+06	0
4.0586e+06	0
4.0587e+06	0
4.0588e+06	0
4.0589e+06	0
4.059e+06	0
4.0591e+06	0
4.0592e+06	0
4.0593e+06	0
4.0594e+06	0
4.0595e+06	0
4.0596e+06	0
4.0597e+06	0
4.0598e+06	0
4.0599e+06	0
4.06e+06	0
4.0601e+06	0
4.0602e+06	0
4.0603e+06	0
4.0604e+06	0
4.0605e+06	0
4.0606e+06	0
4.0607e+06	0
4.0608e+06	0
4.0609e+06	0
4.061e+06	0
4.0611e+06	0
4.0612e+06	0
4.0613e+06	0
4.0614e+06	0
4.0615e+06	0
4.0616e+06	0
4.0617e+06	0
4.0618e+06	0
4.0619e+06	0
4.062e+06	0
4.0621e+06	0
4.0622e+06	0
4.0623e+06	0
4.0624e+06	0
4.0625e+06	0
4.0626e+06	0
4.0627e+06	0
4.0628e+06	0
4.0629e+06	0
4.063e+06	0
4.0631e+06	0
4.0632e+06	0
4.0633e+06	0
4.0634e+06	0
4.0635e+06	0
4.0636e+06	0
4.0637e+06	0
4.0638e+06	0
4.0639e+06	0
4.064e+06	0
4.0641e+06	0
4.0642e+06	0
4.0643e+06	0
4.0644e+06	0
4.0645e+06	0
4.0646e+06	0
4.0647e+06	0
4.0648e+06	0
4.0649e+06	0
4.065e+06	0
4.0651e+06	0
4.0652e+06	0
4.0653e+06	0
4.0654e+06	0
4.0655e+06	0
4.0656e+06	0
4.0657e+06	0
4.0658e+06	0
4.0659e+06	0
4.066e+06	0
4.0661e+06	0
4.0662e+06	0
4.0663e+06	0
4.0664e+06	0
4.0665e+06	0
4.0666e+06	0
4.0667e+06	0
4.0668e+06	0
4.0669e+06	0
4.067e+06	0
4.0671e+06	0
4.0672e+06	0
4.0673e+06	0
4.0674e+06	0
4.0675e+06	0
4.0676e+06	0
4.0677e+06	0
4.0678e+06	0
4.0679e+06	0
4.068e+06	0
4.0681e+06	0
4.0682e+06	0
4.0683e+06	0
4.0684e+06	0
4.0685e+06	0
4.0686e+06	0
4.0687e+06	0
4.0688e+06	0
4.0689e+06	0
4.069e+06	0
4.0691e+06	0
4.0692e+06	0
4.0693e+06	0
4.0694e+06	0
4.0695e+06	0
4.0696e+06	0
4.0697e+06	0
4.0698e+06	0
4.0699e+06	0
4.07e+06	0
4.0701e+06	0
4.0702e+06	0
4.0703e+06	0
4.0704e+06	0
4.0705e+06	0
4.0706e+06	0
4.0707e+06	0
4.0708e+06	0
4.0709e+06	0
4.071e+06	0
4.0711e+06	0
4.0712e+06	0
4.0713e+06	0
4.0714e+06	0
4.0715e+06	0
4.0716e+06	0
4.0717e+06	0
4.0718e+06	0
4.0719e+06	0
4.072e+06	0
4.0721e+06	0
4.0722e+06	0
4.0723e+06	0
4.0724e+06	0
4.0725e+06	0
4.0726e+06	0
4.0727e+06	0
4.0728e+06	0
4.0729e+06	0
4.073e+06	0
4.0731e+06	0
4.0732e+06	0
4.0733e+06	0
4.0734e+06	0
4.0735e+06	0
4.0736e+06	0
4.0737e+06	0
4.0738e+06	0
4.0739e+06	0
4.074e+06	0
4.0741e+06	0
4.0742e+06	0
4.0743e+06	0
4.0744e+06	0
4.0745e+06	0
4.0746e+06	0
4.0747e+06	0
4.0748e+06	0
4.0749e+06	0
4.075e+06	0
4.0751e+06	0
4.0752e+06	0
4.0753e+06	0
4.0754e+06	0
4.0755e+06	0
4.0756e+06	0
4.0757e+06	0
4.0758e+06	0
4.0759e+06	0
4.076e+06	0
4.0761e+06	0
4.0762e+06	0
4.0763e+06	0
4.0764e+06	0
4.0765e+06	0
4.0766e+06	0
4.0767e+06	0
4.0768e+06	0
4.0769e+06	0
4.077e+06	0
4.0771e+06	0
4.0772e+06	0
4.0773e+06	0
4.0774e+06	0
4.0775e+06	0
4.0776e+06	0
4.0777e+06	0
4.0778e+06	0
4.0779e+06	0
4.078e+06	0
4.0781e+06	0
4.0782e+06	0
4.0783e+06	0
4.0784e+06	0
4.0785e+06	0
4.0786e+06	0
4.0787e+06	0
4.0788e+06	0
4.0789e+06	0
4.079e+06	0
4.0791e+06	0
4.0792e+06	0
4.0793e+06	0
4.0794e+06	0
4.0795e+06	0
4.0796e+06	0
4.0797e+06	0
4.0798e+06	0
4.0799e+06	0
4.08e+06	0
4.0801e+06	0
4.0802e+06	0
4.0803e+06	0
4.0804e+06	0
4.0805e+06	0
4.0806e+06	0
4.0807e+06	0
4.0808e+06	0
4.0809e+06	0
4.081e+06	0
4.0811e+06	0
4.0812e+06	0
4.0813e+06	0
4.0814e+06	0
4.0815e+06	0
4.0816e+06	0
4.0817e+06	0
4.0818e+06	0
4.0819e+06	0
4.082e+06	0
4.0821e+06	0
4.0822e+06	0
4.0823e+06	0
4.0824e+06	0
4.0825e+06	0
4.0826e+06	0
4.0827e+06	0
4.0828e+06	0
4.0829e+06	0
4.083e+06	0
4.0831e+06	0
4.0832e+06	0
4.0833e+06	0
4.0834e+06	0
4.0835e+06	0
4.0836e+06	0
4.0837e+06	0
4.0838e+06	0
4.0839e+06	0
4.084e+06	0
4.0841e+06	0
4.0842e+06	0
4.0843e+06	0
4.0844e+06	0
4.0845e+06	0
4.0846e+06	0
4.0847e+06	0
4.0848e+06	0
4.0849e+06	0
4.085e+06	0
4.0851e+06	0
4.0852e+06	0
4.0853e+06	0
4.0854e+06	0
4.0855e+06	0
4.0856e+06	0
4.0857e+06	0
4.0858e+06	0
4.0859e+06	0
4.086e+06	0
4.0861e+06	0
4.0862e+06	0
4.0863e+06	0
4.0864e+06	0
4.0865e+06	0
4.0866e+06	0
4.0867e+06	0
4.0868e+06	0
4.0869e+06	0
4.087e+06	0
4.0871e+06	0
4.0872e+06	0
4.0873e+06	0
4.0874e+06	0
4.0875e+06	0
4.0876e+06	0
4.0877e+06	0
4.0878e+06	0
4.0879e+06	0
4.088e+06	0
4.0881e+06	0
4.0882e+06	0
4.0883e+06	0
4.0884e+06	0
4.0885e+06	0
4.0886e+06	0
4.0887e+06	0
4.0888e+06	0
4.0889e+06	0
4.089e+06	0
4.0891e+06	0
4.0892e+06	0
4.0893e+06	0
4.0894e+06	0
4.0895e+06	0
4.0896e+06	0
4.0897e+06	0
4.0898e+06	0
4.0899e+06	0
4.09e+06	0
4.0901e+06	0
4.0902e+06	0
4.0903e+06	0
4.0904e+06	0
4.0905e+06	0
4.0906e+06	0
4.0907e+06	0
4.0908e+06	0
4.0909e+06	0
4.091e+06	0
4.0911e+06	0
4.0912e+06	0
4.0913e+06	0
4.0914e+06	0
4.0915e+06	0
4.0916e+06	0
4.0917e+06	0
4.0918e+06	0
4.0919e+06	0
4.092e+06	0
4.0921e+06	0
4.0922e+06	0
4.0923e+06	0
4.0924e+06	0
4.0925e+06	0
4.0926e+06	0
4.0927e+06	0
4.0928e+06	0
4.0929e+06	0
4.093e+06	0
4.0931e+06	0
4.0932e+06	0
4.0933e+06	0
4.0934e+06	0
4.0935e+06	0
4.0936e+06	0
4.0937e+06	0
4.0938e+06	0
4.0939e+06	0
4.094e+06	0
4.0941e+06	0
4.0942e+06	0
4.0943e+06	0
4.0944e+06	0
4.0945e+06	0
4.0946e+06	0
4.0947e+06	0
4.0948e+06	0
4.0949e+06	0
4.095e+06	0
4.0951e+06	0
4.0952e+06	0
4.0953e+06	0
4.0954e+06	0
4.0955e+06	0
4.0956e+06	0
4.0957e+06	0
4.0958e+06	0
4.0959e+06	0
4.096e+06	0
4.0961e+06	0
4.0962e+06	0
4.0963e+06	0
4.0964e+06	0
4.0965e+06	0
4.0966e+06	0
4.0967e+06	0
4.0968e+06	0
4.0969e+06	0
4.097e+06	0
4.0971e+06	0
4.0972e+06	0
4.0973e+06	0
4.0974e+06	0
4.0975e+06	0
4.0976e+06	0
4.0977e+06	0
4.0978e+06	0
4.0979e+06	0
4.098e+06	0
4.0981e+06	0
4.0982e+06	0
4.0983e+06	0
4.0984e+06	0
4.0985e+06	0
4.0986e+06	0
4.0987e+06	0
4.0988e+06	0
4.0989e+06	0
4.099e+06	0
4.0991e+06	0
4.0992e+06	0
4.0993e+06	0
4.0994e+06	0
4.0995e+06	0
4.0996e+06	0
4.0997e+06	0
4.0998e+06	0
4.0999e+06	0
4.1e+06	0
4.1001e+06	0
4.1002e+06	0
4.1003e+06	0
4.1004e+06	0
4.1005e+06	0
4.1006e+06	0
4.1007e+06	0
4.1008e+06	0
4.1009e+06	0
4.101e+06	0
4.1011e+06	0
4.1012e+06	0
4.1013e+06	0
4.1014e+06	0
4.1015e+06	0
4.1016e+06	0
4.1017e+06	0
4.1018e+06	0
4.1019e+06	0
4.102e+06	0
4.1021e+06	0
4.1022e+06	0
4.1023e+06	0
4.1024e+06	0
4.1025e+06	0
4.1026e+06	0
4.1027e+06	0
4.1028e+06	0
4.1029e+06	0
4.103e+06	0
4.1031e+06	0
4.1032e+06	0
4.1033e+06	0
4.1034e+06	0
4.1035e+06	0
4.1036e+06	0
4.1037e+06	0
4.1038e+06	0
4.1039e+06	0
4.104e+06	0
4.1041e+06	0
4.1042e+06	0
4.1043e+06	0
4.1044e+06	0
4.1045e+06	0
4.1046e+06	0
4.1047e+06	0
4.1048e+06	0
4.1049e+06	0
4.105e+06	0
4.1051e+06	0
4.1052e+06	0
4.1053e+06	0
4.1054e+06	0
4.1055e+06	0
4.1056e+06	0
4.1057e+06	0
4.1058e+06	0
4.1059e+06	0
4.106e+06	0
4.1061e+06	0
4.1062e+06	0
4.1063e+06	0
4.1064e+06	0
4.1065e+06	0
4.1066e+06	0
4.1067e+06	0
4.1068e+06	0
4.1069e+06	0
4.107e+06	0
4.1071e+06	0
4.1072e+06	0
4.1073e+06	0
4.1074e+06	0
4.1075e+06	0
4.1076e+06	0
4.1077e+06	0
4.1078e+06	0
4.1079e+06	0
4.108e+06	0
4.1081e+06	0
4.1082e+06	0
4.1083e+06	0
4.1084e+06	0
4.1085e+06	0
4.1086e+06	0
4.1087e+06	0
4.1088e+06	0
4.1089e+06	0
4.109e+06	0
4.1091e+06	0
4.1092e+06	0
4.1093e+06	0
4.1094e+06	0
4.1095e+06	0
4.1096e+06	0
4.1097e+06	0
4.1098e+06	0
4.1099e+06	0
4.11e+06	0
4.1101e+06	0
4.1102e+06	0
4.1103e+06	0
4.1104e+06	0
4.1105e+06	0
4.1106e+06	0
4.1107e+06	0
4.1108e+06	0
4.1109e+06	0
4.111e+06	0
4.1111e+06	0
4.1112e+06	0
4.1113e+06	0
4.1114e+06	0
4.1115e+06	0
4.1116e+06	0
4.1117e+06	0
4.1118e+06	0
4.1119e+06	0
4.112e+06	0
4.1121e+06	0
4.1122e+06	0
4.1123e+06	0
4.1124e+06	0
4.1125e+06	0
4.1126e+06	0
4.1127e+06	0
4.1128e+06	0
4.1129e+06	0
4.113e+06	0
4.1131e+06	0
4.1132e+06	0
4.1133e+06	0
4.1134e+06	0
4.1135e+06	0
4.1136e+06	0
4.1137e+06	0
4.1138e+06	0
4.1139e+06	0
4.114e+06	0
4.1141e+06	0
4.1142e+06	0
4.1143e+06	0
4.1144e+06	0
4.1145e+06	0
4.1146e+06	0
4.1147e+06	0
4.1148e+06	0
4.1149e+06	0
4.115e+06	0
4.1151e+06	0
4.1152e+06	0
4.1153e+06	0
4.1154e+06	0
4.1155e+06	0
4.1156e+06	0
4.1157e+06	0
4.1158e+06	0
4.1159e+06	0
4.116e+06	0
4.1161e+06	0
4.1162e+06	0
4.1163e+06	0
4.1164e+06	0
4.1165e+06	0
4.1166e+06	0
4.1167e+06	0
4.1168e+06	0
4.1169e+06	0
4.117e+06	0
4.1171e+06	0
4.1172e+06	0
4.1173e+06	0
4.1174e+06	0
4.1175e+06	0
4.1176e+06	0
4.1177e+06	0
4.1178e+06	0
4.1179e+06	0
4.118e+06	0
4.1181e+06	0
4.1182e+06	0
4.1183e+06	0
4.1184e+06	0
4.1185e+06	0
4.1186e+06	0
4.1187e+06	0
4.1188e+06	0
4.1189e+06	0
4.119e+06	0
4.1191e+06	0
4.1192e+06	0
4.1193e+06	0
4.1194e+06	0
4.1195e+06	0
4.1196e+06	0
4.1197e+06	0
4.1198e+06	0
4.1199e+06	0
4.12e+06	0
4.1201e+06	0
4.1202e+06	0
4.1203e+06	0
4.1204e+06	0
4.1205e+06	0
4.1206e+06	0
4.1207e+06	0
4.1208e+06	0
4.1209e+06	0
4.121e+06	0
4.1211e+06	0
4.1212e+06	0
4.1213e+06	0
4.1214e+06	0
4.1215e+06	0
4.1216e+06	0
4.1217e+06	0
4.1218e+06	0
4.1219e+06	0
4.122e+06	0
4.1221e+06	0
4.1222e+06	0
4.1223e+06	0
4.1224e+06	0
4.1225e+06	0
4.1226e+06	0
4.1227e+06	0
4.1228e+06	0
4.1229e+06	0
4.123e+06	0
4.1231e+06	0
4.1232e+06	0
4.1233e+06	0
4.1234e+06	0
4.1235e+06	0
4.1236e+06	0
4.1237e+06	0
4.1238e+06	0
4.1239e+06	0
4.124e+06	0
4.1241e+06	0
4.1242e+06	0
4.1243e+06	0
4.1244e+06	0
4.1245e+06	0
4.1246e+06	0
4.1247e+06	0
4.1248e+06	0
4.1249e+06	0
4.125e+06	0
4.1251e+06	0
4.1252e+06	0
4.1253e+06	0
4.1254e+06	0
4.1255e+06	0
4.1256e+06	0
4.1257e+06	0
4.1258e+06	0
4.1259e+06	0
4.126e+06	0
4.1261e+06	0
4.1262e+06	0
4.1263e+06	0
4.1264e+06	0
4.1265e+06	0
4.1266e+06	0
4.1267e+06	0
4.1268e+06	0
4.1269e+06	0
4.127e+06	0
4.1271e+06	0
4.1272e+06	0
4.1273e+06	0
4.1274e+06	0
4.1275e+06	0
4.1276e+06	0
4.1277e+06	0
4.1278e+06	0
4.1279e+06	0
4.128e+06	0
4.1281e+06	0
4.1282e+06	0
4.1283e+06	0
4.1284e+06	0
4.1285e+06	0
4.1286e+06	0
4.1287e+06	0
4.1288e+06	0
4.1289e+06	0
4.129e+06	0
4.1291e+06	0
4.1292e+06	0
4.1293e+06	0
4.1294e+06	0
4.1295e+06	0
4.1296e+06	0
4.1297e+06	0
4.1298e+06	0
4.1299e+06	0
4.13e+06	0
4.1301e+06	0
4.1302e+06	0
4.1303e+06	0
4.1304e+06	0
4.1305e+06	0
4.1306e+06	0
4.1307e+06	0
4.1308e+06	0
4.1309e+06	0
4.131e+06	0
4.1311e+06	0
4.1312e+06	0
4.1313e+06	0
4.1314e+06	0
4.1315e+06	0
4.1316e+06	0
4.1317e+06	0
4.1318e+06	0
4.1319e+06	0
4.132e+06	0
4.1321e+06	0
4.1322e+06	0
4.1323e+06	0
4.1324e+06	0
4.1325e+06	0
4.1326e+06	0
4.1327e+06	0
4.1328e+06	0
4.1329e+06	0
4.133e+06	0
4.1331e+06	0
4.1332e+06	0
4.1333e+06	0
4.1334e+06	0
4.1335e+06	0
4.1336e+06	0
4.1337e+06	0
4.1338e+06	0
4.1339e+06	0
4.134e+06	0
4.1341e+06	0
4.1342e+06	0
4.1343e+06	0
4.1344e+06	0
4.1345e+06	0
4.1346e+06	0
4.1347e+06	0
4.1348e+06	0
4.1349e+06	0
4.135e+06	0
4.1351e+06	0
4.1352e+06	0
4.1353e+06	0
4.1354e+06	0
4.1355e+06	0
4.1356e+06	0
4.1357e+06	0
4.1358e+06	0
4.1359e+06	0
4.136e+06	0
4.1361e+06	0
4.1362e+06	0
4.1363e+06	0
4.1364e+06	0
4.1365e+06	0
4.1366e+06	0
4.1367e+06	0
4.1368e+06	0
4.1369e+06	0
4.137e+06	0
4.1371e+06	0
4.1372e+06	0
4.1373e+06	0
4.1374e+06	0
4.1375e+06	0
4.1376e+06	0
4.1377e+06	0
4.1378e+06	0
4.1379e+06	0
4.138e+06	0
4.1381e+06	0
4.1382e+06	0
4.1383e+06	0
4.1384e+06	0
4.1385e+06	0
4.1386e+06	0
4.1387e+06	0
4.1388e+06	0
4.1389e+06	0
4.139e+06	0
4.1391e+06	0
4.1392e+06	0
4.1393e+06	0
4.1394e+06	0
4.1395e+06	0
4.1396e+06	0
4.1397e+06	0
4.1398e+06	0
4.1399e+06	0
4.14e+06	0
4.1401e+06	0
4.1402e+06	0
4.1403e+06	0
4.1404e+06	0
4.1405e+06	0
4.1406e+06	0
4.1407e+06	0
4.1408e+06	0
4.1409e+06	0
4.141e+06	0
4.1411e+06	0
4.1412e+06	0
4.1413e+06	0
4.1414e+06	0
4.1415e+06	0
4.1416e+06	0
4.1417e+06	0
4.1418e+06	0
4.1419e+06	0
4.142e+06	0
4.1421e+06	0
4.1422e+06	0
4.1423e+06	0
4.1424e+06	0
4.1425e+06	0
4.1426e+06	0
4.1427e+06	0
4.1428e+06	0
4.1429e+06	0
4.143e+06	0
4.1431e+06	0
4.1432e+06	0
4.1433e+06	0
4.1434e+06	0
4.1435e+06	0
4.1436e+06	0
4.1437e+06	0
4.1438e+06	0
4.1439e+06	0
4.144e+06	0
4.1441e+06	0
4.1442e+06	0
4.1443e+06	0
4.1444e+06	0
4.1445e+06	0
4.1446e+06	0
4.1447e+06	0
4.1448e+06	0
4.1449e+06	0
4.145e+06	0
4.1451e+06	0
4.1452e+06	0
4.1453e+06	0
4.1454e+06	0
4.1455e+06	0
4.1456e+06	0
4.1457e+06	0
4.1458e+06	0
4.1459e+06	0
4.146e+06	0
4.1461e+06	0
4.1462e+06	0
4.1463e+06	0
4.1464e+06	0
4.1465e+06	0
4.1466e+06	0
4.1467e+06	0
4.1468e+06	0
4.1469e+06	0
4.147e+06	0
4.1471e+06	0
4.1472e+06	0
4.1473e+06	0
4.1474e+06	0
4.1475e+06	0
4.1476e+06	0
4.1477e+06	0
4.1478e+06	0
4.1479e+06	0
4.148e+06	0
4.1481e+06	0
4.1482e+06	0
4.1483e+06	0
4.1484e+06	0
4.1485e+06	0
4.1486e+06	0
4.1487e+06	0
4.1488e+06	0
4.1489e+06	0
4.149e+06	0
4.1491e+06	0
4.1492e+06	0
4.1493e+06	0
4.1494e+06	0
4.1495e+06	0
4.1496e+06	0
4.1497e+06	0
4.1498e+06	0
4.1499e+06	0
4.15e+06	0
4.1501e+06	0
4.1502e+06	0
4.1503e+06	0
4.1504e+06	0
4.1505e+06	0
4.1506e+06	0
4.1507e+06	0
4.1508e+06	0
4.1509e+06	0
4.151e+06	0
4.1511e+06	0
4.1512e+06	0
4.1513e+06	0
4.1514e+06	0
4.1515e+06	0
4.1516e+06	0
4.1517e+06	0
4.1518e+06	0
4.1519e+06	0
4.152e+06	0
4.1521e+06	0
4.1522e+06	0
4.1523e+06	0
4.1524e+06	0
4.1525e+06	0
4.1526e+06	0
4.1527e+06	0
4.1528e+06	0
4.1529e+06	0
4.153e+06	0
4.1531e+06	0
4.1532e+06	0
4.1533e+06	0
4.1534e+06	0
4.1535e+06	0
4.1536e+06	0
4.1537e+06	0
4.1538e+06	0
4.1539e+06	0
4.154e+06	0
4.1541e+06	0
4.1542e+06	0
4.1543e+06	0
4.1544e+06	0
4.1545e+06	0
4.1546e+06	0
4.1547e+06	0
4.1548e+06	0
4.1549e+06	0
4.155e+06	0
4.1551e+06	0
4.1552e+06	0
4.1553e+06	0
4.1554e+06	0
4.1555e+06	0
4.1556e+06	0
4.1557e+06	0
4.1558e+06	0
4.1559e+06	0
4.156e+06	0
4.1561e+06	0
4.1562e+06	0
4.1563e+06	0
4.1564e+06	0
4.1565e+06	0
4.1566e+06	0
4.1567e+06	0
4.1568e+06	0
4.1569e+06	0
4.157e+06	0
4.1571e+06	0
4.1572e+06	0
4.1573e+06	0
4.1574e+06	0
4.1575e+06	0
4.1576e+06	0
4.1577e+06	0
4.1578e+06	0
4.1579e+06	0
4.158e+06	0
4.1581e+06	0
4.1582e+06	0
4.1583e+06	0
4.1584e+06	0
4.1585e+06	0
4.1586e+06	0
4.1587e+06	0
4.1588e+06	0
4.1589e+06	0
4.159e+06	0
4.1591e+06	0
4.1592e+06	0
4.1593e+06	0
4.1594e+06	0
4.1595e+06	0
4.1596e+06	0
4.1597e+06	0
4.1598e+06	0
4.1599e+06	0
4.16e+06	0
4.1601e+06	0
4.1602e+06	0
4.1603e+06	0
4.1604e+06	0
4.1605e+06	0
4.1606e+06	0
4.1607e+06	0
4.1608e+06	0
4.1609e+06	0
4.161e+06	0
4.1611e+06	0
4.1612e+06	0
4.1613e+06	0
4.1614e+06	0
4.1615e+06	0
4.1616e+06	0
4.1617e+06	0
4.1618e+06	0
4.1619e+06	0
4.162e+06	0
4.1621e+06	0
4.1622e+06	0
4.1623e+06	0
4.1624e+06	0
4.1625e+06	0
4.1626e+06	0
4.1627e+06	0
4.1628e+06	0
4.1629e+06	0
4.163e+06	0
4.1631e+06	0
4.1632e+06	0
4.1633e+06	0
4.1634e+06	0
4.1635e+06	0
4.1636e+06	0
4.1637e+06	0
4.1638e+06	0
4.1639e+06	0
4.164e+06	0
4.1641e+06	0
4.1642e+06	0
4.1643e+06	0
4.1644e+06	0
4.1645e+06	0
4.1646e+06	0
4.1647e+06	0
4.1648e+06	0
4.1649e+06	0
4.165e+06	0
4.1651e+06	0
4.1652e+06	0
4.1653e+06	0
4.1654e+06	0
4.1655e+06	0
4.1656e+06	0
4.1657e+06	0
4.1658e+06	0
4.1659e+06	0
4.166e+06	0
4.1661e+06	0
4.1662e+06	0
4.1663e+06	0
4.1664e+06	0
4.1665e+06	0
4.1666e+06	0
4.1667e+06	0
4.1668e+06	0
4.1669e+06	0
4.167e+06	0
4.1671e+06	0
4.1672e+06	0
4.1673e+06	0
4.1674e+06	0
4.1675e+06	0
4.1676e+06	0
4.1677e+06	0
4.1678e+06	0
4.1679e+06	0
4.168e+06	0
4.1681e+06	0
4.1682e+06	0
4.1683e+06	0
4.1684e+06	0
4.1685e+06	0
4.1686e+06	0
4.1687e+06	0
4.1688e+06	0
4.1689e+06	0
4.169e+06	0
4.1691e+06	0
4.1692e+06	0
4.1693e+06	0
4.1694e+06	0
4.1695e+06	0
4.1696e+06	0
4.1697e+06	0
4.1698e+06	0
4.1699e+06	0
4.17e+06	0
4.1701e+06	0
4.1702e+06	0
4.1703e+06	0
4.1704e+06	0
4.1705e+06	0
4.1706e+06	0
4.1707e+06	0
4.1708e+06	0
4.1709e+06	0
4.171e+06	0
4.1711e+06	0
4.1712e+06	0
4.1713e+06	0
4.1714e+06	0
4.1715e+06	0
4.1716e+06	0
4.1717e+06	0
4.1718e+06	0
4.1719e+06	0
4.172e+06	0
4.1721e+06	0
4.1722e+06	0
4.1723e+06	0
4.1724e+06	0
4.1725e+06	0
4.1726e+06	0
4.1727e+06	0
4.1728e+06	0
4.1729e+06	0
4.173e+06	0
4.1731e+06	0
4.1732e+06	0
4.1733e+06	0
4.1734e+06	0
4.1735e+06	0
4.1736e+06	0
4.1737e+06	0
4.1738e+06	0
4.1739e+06	0
4.174e+06	0
4.1741e+06	0
4.1742e+06	0
4.1743e+06	0
4.1744e+06	0
4.1745e+06	0
4.1746e+06	0
4.1747e+06	0
4.1748e+06	0
4.1749e+06	0
4.175e+06	0
4.1751e+06	0
4.1752e+06	0
4.1753e+06	0
4.1754e+06	0
4.1755e+06	0
4.1756e+06	0
4.1757e+06	0
4.1758e+06	0
4.1759e+06	0
4.176e+06	0
4.1761e+06	0
4.1762e+06	0
4.1763e+06	0
4.1764e+06	0
4.1765e+06	0
4.1766e+06	0
4.1767e+06	0
4.1768e+06	0
4.1769e+06	0
4.177e+06	0
4.1771e+06	0
4.1772e+06	0
4.1773e+06	0
4.1774e+06	0
4.1775e+06	0
4.1776e+06	0
4.1777e+06	0
4.1778e+06	0
4.1779e+06	0
4.178e+06	0
4.1781e+06	0
4.1782e+06	0
4.1783e+06	0
4.1784e+06	0
4.1785e+06	0
4.1786e+06	0
4.1787e+06	0
4.1788e+06	0
4.1789e+06	0
4.179e+06	0
4.1791e+06	0
4.1792e+06	0
4.1793e+06	0
4.1794e+06	0
4.1795e+06	0
4.1796e+06	0
4.1797e+06	0
4.1798e+06	0
4.1799e+06	0
4.18e+06	0
4.1801e+06	0
4.1802e+06	0
4.1803e+06	0
4.1804e+06	0
4.1805e+06	0
4.1806e+06	0
4.1807e+06	0
4.1808e+06	0
4.1809e+06	0
4.181e+06	0
4.1811e+06	0
4.1812e+06	0
4.1813e+06	0
4.1814e+06	0
4.1815e+06	0
4.1816e+06	0
4.1817e+06	0
4.1818e+06	0
4.1819e+06	0
4.182e+06	0
4.1821e+06	0
4.1822e+06	0
4.1823e+06	0
4.1824e+06	0
4.1825e+06	0
4.1826e+06	0
4.1827e+06	0
4.1828e+06	0
4.1829e+06	0
4.183e+06	0
4.1831e+06	0
4.1832e+06	0
4.1833e+06	0
4.1834e+06	0
4.1835e+06	0
4.1836e+06	0
4.1837e+06	0
4.1838e+06	0
4.1839e+06	0
4.184e+06	0
4.1841e+06	0
4.1842e+06	0
4.1843e+06	0
4.1844e+06	0
4.1845e+06	0
4.1846e+06	0
4.1847e+06	0
4.1848e+06	0
4.1849e+06	0
4.185e+06	0
4.1851e+06	0
4.1852e+06	0
4.1853e+06	0
4.1854e+06	0
4.1855e+06	0
4.1856e+06	0
4.1857e+06	0
4.1858e+06	0
4.1859e+06	0
4.186e+06	0
4.1861e+06	0
4.1862e+06	0
4.1863e+06	0
4.1864e+06	0
4.1865e+06	0
4.1866e+06	0
4.1867e+06	0
4.1868e+06	0
4.1869e+06	0
4.187e+06	0
4.1871e+06	0
4.1872e+06	0
4.1873e+06	0
4.1874e+06	0
4.1875e+06	0
4.1876e+06	0
4.1877e+06	0
4.1878e+06	0
4.1879e+06	0
4.188e+06	0
4.1881e+06	0
4.1882e+06	0
4.1883e+06	0
4.1884e+06	0
4.1885e+06	0
4.1886e+06	0
4.1887e+06	0
4.1888e+06	0
4.1889e+06	0
4.189e+06	0
4.1891e+06	0
4.1892e+06	0
4.1893e+06	0
4.1894e+06	0
4.1895e+06	0
4.1896e+06	0
4.1897e+06	0
4.1898e+06	0
4.1899e+06	0
4.19e+06	0
4.1901e+06	0
4.1902e+06	0
4.1903e+06	0
4.1904e+06	0
4.1905e+06	0
4.1906e+06	0
4.1907e+06	0
4.1908e+06	0
4.1909e+06	0
4.191e+06	0
4.1911e+06	0
4.1912e+06	0
4.1913e+06	0
4.1914e+06	0
4.1915e+06	0
4.1916e+06	0
4.1917e+06	0
4.1918e+06	0
4.1919e+06	0
4.192e+06	0
4.1921e+06	0
4.1922e+06	0
4.1923e+06	0
4.1924e+06	0
4.1925e+06	0
4.1926e+06	0
4.1927e+06	0
4.1928e+06	0
4.1929e+06	0
4.193e+06	0
4.1931e+06	0
4.1932e+06	0
4.1933e+06	0
4.1934e+06	0
4.1935e+06	0
4.1936e+06	0
4.1937e+06	0
4.1938e+06	0
4.1939e+06	0
4.194e+06	0
4.1941e+06	0
4.1942e+06	0
4.1943e+06	0
4.1944e+06	0
4.1945e+06	0
4.1946e+06	0
4.1947e+06	0
4.1948e+06	0
4.1949e+06	0
4.195e+06	0
4.1951e+06	0
4.1952e+06	0
4.1953e+06	0
4.1954e+06	0
4.1955e+06	0
4.1956e+06	0
4.1957e+06	0
4.1958e+06	0
4.1959e+06	0
4.196e+06	0
4.1961e+06	0
4.1962e+06	0
4.1963e+06	0
4.1964e+06	0
4.1965e+06	0
4.1966e+06	0
4.1967e+06	0
4.1968e+06	0
4.1969e+06	0
4.197e+06	0
4.1971e+06	0
4.1972e+06	0
4.1973e+06	0
4.1974e+06	0
4.1975e+06	0
4.1976e+06	0
4.1977e+06	0
4.1978e+06	0
4.1979e+06	0
4.198e+06	0
4.1981e+06	0
4.1982e+06	0
4.1983e+06	0
4.1984e+06	0
4.1985e+06	0
4.1986e+06	0
4.1987e+06	0
4.1988e+06	0
4.1989e+06	0
4.199e+06	0
4.1991e+06	0
4.1992e+06	0
4.1993e+06	0
4.1994e+06	0
4.1995e+06	0
4.1996e+06	0
4.1997e+06	0
4.1998e+06	0
4.1999e+06	0
4.2e+06	0
4.2001e+06	0
4.2002e+06	0
4.2003e+06	0
4.2004e+06	0
4.2005e+06	0
4.2006e+06	0
4.2007e+06	0
4.2008e+06	0
4.2009e+06	0
4.201e+06	0
4.2011e+06	0
4.2012e+06	0
4.2013e+06	0
4.2014e+06	0
4.2015e+06	0
4.2016e+06	0
4.2017e+06	0
4.2018e+06	0
4.2019e+06	0
4.202e+06	0
4.2021e+06	0
4.2022e+06	0
4.2023e+06	0
4.2024e+06	0
4.2025e+06	0
4.2026e+06	0
4.2027e+06	0
4.2028e+06	0
4.2029e+06	0
4.203e+06	0
4.2031e+06	0
4.2032e+06	0
4.2033e+06	0
4.2034e+06	0
4.2035e+06	0
4.2036e+06	0
4.2037e+06	0
4.2038e+06	0
4.2039e+06	0
4.204e+06	0
4.2041e+06	0
4.2042e+06	0
4.2043e+06	0
4.2044e+06	0
4.2045e+06	0
4.2046e+06	0
4.2047e+06	0
4.2048e+06	0
4.2049e+06	0
4.205e+06	0
4.2051e+06	0
4.2052e+06	0
4.2053e+06	0
4.2054e+06	0
4.2055e+06	0
4.2056e+06	0
4.2057e+06	0
4.2058e+06	0
4.2059e+06	0
4.206e+06	0
4.2061e+06	0
4.2062e+06	0
4.2063e+06	0
4.2064e+06	0
4.2065e+06	0
4.2066e+06	0
4.2067e+06	0
4.2068e+06	0
4.2069e+06	0
4.207e+06	0
4.2071e+06	0
4.2072e+06	0
4.2073e+06	0
4.2074e+06	0
4.2075e+06	0
4.2076e+06	0
4.2077e+06	0
4.2078e+06	0
4.2079e+06	0
4.208e+06	0
4.2081e+06	0
4.2082e+06	0
4.2083e+06	0
4.2084e+06	0
4.2085e+06	0
4.2086e+06	0
4.2087e+06	0
4.2088e+06	0
4.2089e+06	0
4.209e+06	0
4.2091e+06	0
4.2092e+06	0
4.2093e+06	0
4.2094e+06	0
4.2095e+06	0
4.2096e+06	0
4.2097e+06	0
4.2098e+06	0
4.2099e+06	0
4.21e+06	0
4.2101e+06	0
4.2102e+06	0
4.2103e+06	0
4.2104e+06	0
4.2105e+06	0
4.2106e+06	0
4.2107e+06	0
4.2108e+06	0
4.2109e+06	0
4.211e+06	0
4.2111e+06	0
4.2112e+06	0
4.2113e+06	0
4.2114e+06	0
4.2115e+06	0
4.2116e+06	0
4.2117e+06	0
4.2118e+06	0
4.2119e+06	0
4.212e+06	0
4.2121e+06	0
4.2122e+06	0
4.2123e+06	0
4.2124e+06	0
4.2125e+06	0
4.2126e+06	0
4.2127e+06	0
4.2128e+06	0
4.2129e+06	0
4.213e+06	0
4.2131e+06	0
4.2132e+06	0
4.2133e+06	0
4.2134e+06	0
4.2135e+06	0
4.2136e+06	0
4.2137e+06	0
4.2138e+06	0
4.2139e+06	0
4.214e+06	0
4.2141e+06	0
4.2142e+06	0
4.2143e+06	0
4.2144e+06	0
4.2145e+06	0
4.2146e+06	0
4.2147e+06	0
4.2148e+06	0
4.2149e+06	0
4.215e+06	0
4.2151e+06	0
4.2152e+06	0
4.2153e+06	0
4.2154e+06	0
4.2155e+06	0
4.2156e+06	0
4.2157e+06	0
4.2158e+06	0
4.2159e+06	0
4.216e+06	0
4.2161e+06	0
4.2162e+06	0
4.2163e+06	0
4.2164e+06	0
4.2165e+06	0
4.2166e+06	0
4.2167e+06	0
4.2168e+06	0
4.2169e+06	0
4.217e+06	0
4.2171e+06	0
4.2172e+06	0
4.2173e+06	0
4.2174e+06	0
4.2175e+06	0
4.2176e+06	0
4.2177e+06	0
4.2178e+06	0
4.2179e+06	0
4.218e+06	0
4.2181e+06	0
4.2182e+06	0
4.2183e+06	0
4.2184e+06	0
4.2185e+06	0
4.2186e+06	0
4.2187e+06	0
4.2188e+06	0
4.2189e+06	0
4.219e+06	0
4.2191e+06	0
4.2192e+06	0
4.2193e+06	0
4.2194e+06	0
4.2195e+06	0
4.2196e+06	0
4.2197e+06	0
4.2198e+06	0
4.2199e+06	0
4.22e+06	0
4.2201e+06	0
4.2202e+06	0
4.2203e+06	0
4.2204e+06	0
4.2205e+06	0
4.2206e+06	0
4.2207e+06	0
4.2208e+06	0
4.2209e+06	0
4.221e+06	0
4.2211e+06	0
4.2212e+06	0
4.2213e+06	0
4.2214e+06	0
4.2215e+06	0
4.2216e+06	0
4.2217e+06	0
4.2218e+06	0
4.2219e+06	0
4.222e+06	0
4.2221e+06	0
4.2222e+06	0
4.2223e+06	0
4.2224e+06	0
4.2225e+06	0
4.2226e+06	0
4.2227e+06	0
4.2228e+06	0
4.2229e+06	0
4.223e+06	0
4.2231e+06	0
4.2232e+06	0
4.2233e+06	0
4.2234e+06	0
4.2235e+06	0
4.2236e+06	0
4.2237e+06	0
4.2238e+06	0
4.2239e+06	0
4.224e+06	0
4.2241e+06	0
4.2242e+06	0
4.2243e+06	0
4.2244e+06	0
4.2245e+06	0
4.2246e+06	0
4.2247e+06	0
4.2248e+06	0
4.2249e+06	0
4.225e+06	0
4.2251e+06	0
4.2252e+06	0
4.2253e+06	0
4.2254e+06	0
4.2255e+06	0
4.2256e+06	0
4.2257e+06	0
4.2258e+06	0
4.2259e+06	0
4.226e+06	0
4.2261e+06	0
4.2262e+06	0
4.2263e+06	0
4.2264e+06	0
4.2265e+06	0
4.2266e+06	0
4.2267e+06	0
4.2268e+06	0
4.2269e+06	0
4.227e+06	0
4.2271e+06	0
4.2272e+06	0
4.2273e+06	0
4.2274e+06	0
4.2275e+06	0
4.2276e+06	0
4.2277e+06	0
4.2278e+06	0
4.2279e+06	0
4.228e+06	0
4.2281e+06	0
4.2282e+06	0
4.2283e+06	0
4.2284e+06	0
4.2285e+06	0
4.2286e+06	0
4.2287e+06	0
4.2288e+06	0
4.2289e+06	0
4.229e+06	0
4.2291e+06	0
4.2292e+06	0
4.2293e+06	0
4.2294e+06	0
4.2295e+06	0
4.2296e+06	0
4.2297e+06	0
4.2298e+06	0
4.2299e+06	0
4.23e+06	0
4.2301e+06	0
4.2302e+06	0
4.2303e+06	0
4.2304e+06	0
4.2305e+06	0
4.2306e+06	0
4.2307e+06	0
4.2308e+06	0
4.2309e+06	0
4.231e+06	0
4.2311e+06	0
4.2312e+06	0
4.2313e+06	0
4.2314e+06	0
4.2315e+06	0
4.2316e+06	0
4.2317e+06	0
4.2318e+06	0
4.2319e+06	0
4.232e+06	0
4.2321e+06	0
4.2322e+06	0
4.2323e+06	0
4.2324e+06	0
4.2325e+06	0
4.2326e+06	0
4.2327e+06	0
4.2328e+06	0
4.2329e+06	0
4.233e+06	0
4.2331e+06	0
4.2332e+06	0
4.2333e+06	0
4.2334e+06	0
4.2335e+06	0
4.2336e+06	0
4.2337e+06	0
4.2338e+06	0
4.2339e+06	0
4.234e+06	0
4.2341e+06	0
4.2342e+06	0
4.2343e+06	0
4.2344e+06	0
4.2345e+06	0
4.2346e+06	0
4.2347e+06	0
4.2348e+06	0
4.2349e+06	0
4.235e+06	0
4.2351e+06	0
4.2352e+06	0
4.2353e+06	0
4.2354e+06	0
4.2355e+06	0
4.2356e+06	0
4.2357e+06	0
4.2358e+06	0
4.2359e+06	0
4.236e+06	0
4.2361e+06	0
4.2362e+06	0
4.2363e+06	0
4.2364e+06	0
4.2365e+06	0
4.2366e+06	0
4.2367e+06	0
4.2368e+06	0
4.2369e+06	0
4.237e+06	0
4.2371e+06	0
4.2372e+06	0
4.2373e+06	0
4.2374e+06	0
4.2375e+06	0
4.2376e+06	0
4.2377e+06	0
4.2378e+06	0
4.2379e+06	0
4.238e+06	0
4.2381e+06	0
4.2382e+06	0
4.2383e+06	0
4.2384e+06	0
4.2385e+06	0
4.2386e+06	0
4.2387e+06	0
4.2388e+06	0
4.2389e+06	0
4.239e+06	0
4.2391e+06	0
4.2392e+06	0
4.2393e+06	0
4.2394e+06	0
4.2395e+06	0
4.2396e+06	0
4.2397e+06	0
4.2398e+06	0
4.2399e+06	0
4.24e+06	0
4.2401e+06	0
4.2402e+06	0
4.2403e+06	0
4.2404e+06	0
4.2405e+06	0
4.2406e+06	0
4.2407e+06	0
4.2408e+06	0
4.2409e+06	0
4.241e+06	0
4.2411e+06	0
4.2412e+06	0
4.2413e+06	0
4.2414e+06	0
4.2415e+06	0
4.2416e+06	0
4.2417e+06	0
4.2418e+06	0
4.2419e+06	0
4.242e+06	0
4.2421e+06	0
4.2422e+06	0
4.2423e+06	0
4.2424e+06	0
4.2425e+06	0
4.2426e+06	0
4.2427e+06	0
4.2428e+06	0
4.2429e+06	0
4.243e+06	0
4.2431e+06	0
4.2432e+06	0
4.2433e+06	0
4.2434e+06	0
4.2435e+06	0
4.2436e+06	0
4.2437e+06	0
4.2438e+06	0
4.2439e+06	0
4.244e+06	0
4.2441e+06	0
4.2442e+06	0
4.2443e+06	0
4.2444e+06	0
4.2445e+06	0
4.2446e+06	0
4.2447e+06	0
4.2448e+06	0
4.2449e+06	0
4.245e+06	0
4.2451e+06	0
4.2452e+06	0
4.2453e+06	0
4.2454e+06	0
4.2455e+06	0
4.2456e+06	0
4.2457e+06	0
4.2458e+06	0
4.2459e+06	0
4.246e+06	0
4.2461e+06	0
4.2462e+06	0
4.2463e+06	0
4.2464e+06	0
4.2465e+06	0
4.2466e+06	0
4.2467e+06	0
4.2468e+06	0
4.2469e+06	0
4.247e+06	0
4.2471e+06	0
4.2472e+06	0
4.2473e+06	0
4.2474e+06	0
4.2475e+06	0
4.2476e+06	0
4.2477e+06	0
4.2478e+06	0
4.2479e+06	0
4.248e+06	0
4.2481e+06	0
4.2482e+06	0
4.2483e+06	0
4.2484e+06	0
4.2485e+06	0
4.2486e+06	0
4.2487e+06	0
4.2488e+06	0
4.2489e+06	0
4.249e+06	0
4.2491e+06	0
4.2492e+06	0
4.2493e+06	0
4.2494e+06	0
4.2495e+06	0
4.2496e+06	0
4.2497e+06	0
4.2498e+06	0
4.2499e+06	0
4.25e+06	0
4.2501e+06	0
4.2502e+06	0
4.2503e+06	0
4.2504e+06	0
4.2505e+06	0
4.2506e+06	0
4.2507e+06	0
4.2508e+06	0
4.2509e+06	0
4.251e+06	0
4.2511e+06	0
4.2512e+06	0
4.2513e+06	0
4.2514e+06	0
4.2515e+06	0
4.2516e+06	0
4.2517e+06	0
4.2518e+06	0
4.2519e+06	0
4.252e+06	0
4.2521e+06	0
4.2522e+06	0
4.2523e+06	0
4.2524e+06	0
4.2525e+06	0
4.2526e+06	0
4.2527e+06	0
4.2528e+06	0
4.2529e+06	0
4.253e+06	0
4.2531e+06	0
4.2532e+06	0
4.2533e+06	0
4.2534e+06	0
4.2535e+06	0
4.2536e+06	0
4.2537e+06	0
4.2538e+06	0
4.2539e+06	0
4.254e+06	0
4.2541e+06	0
4.2542e+06	0
4.2543e+06	0
4.2544e+06	0
4.2545e+06	0
4.2546e+06	0
4.2547e+06	0
4.2548e+06	0
4.2549e+06	0
4.255e+06	0
4.2551e+06	0
4.2552e+06	0
4.2553e+06	0
4.2554e+06	0
4.2555e+06	0
4.2556e+06	0
4.2557e+06	0
4.2558e+06	0
4.2559e+06	0
4.256e+06	0
4.2561e+06	0
4.2562e+06	0
4.2563e+06	0
4.2564e+06	0
4.2565e+06	0
4.2566e+06	0
4.2567e+06	0
4.2568e+06	0
4.2569e+06	0
4.257e+06	0
4.2571e+06	0
4.2572e+06	0
4.2573e+06	0
4.2574e+06	0
4.2575e+06	0
4.2576e+06	0
4.2577e+06	0
4.2578e+06	0
4.2579e+06	0
4.258e+06	0
4.2581e+06	0
4.2582e+06	0
4.2583e+06	0
4.2584e+06	0
4.2585e+06	0
4.2586e+06	0
4.2587e+06	0
4.2588e+06	0
4.2589e+06	0
4.259e+06	0
4.2591e+06	0
4.2592e+06	0
4.2593e+06	0
4.2594e+06	0
4.2595e+06	0
4.2596e+06	0
4.2597e+06	0
4.2598e+06	0
4.2599e+06	0
4.26e+06	0
4.2601e+06	0
4.2602e+06	0
4.2603e+06	0
4.2604e+06	0
4.2605e+06	0
4.2606e+06	0
4.2607e+06	0
4.2608e+06	0
4.2609e+06	0
4.261e+06	0
4.2611e+06	0
4.2612e+06	0
4.2613e+06	0
4.2614e+06	0
4.2615e+06	0
4.2616e+06	0
4.2617e+06	0
4.2618e+06	0
4.2619e+06	0
4.262e+06	0
4.2621e+06	0
4.2622e+06	0
4.2623e+06	0
4.2624e+06	0
4.2625e+06	0
4.2626e+06	0
4.2627e+06	0
4.2628e+06	0
4.2629e+06	0
4.263e+06	0
4.2631e+06	0
4.2632e+06	0
4.2633e+06	0
4.2634e+06	0
4.2635e+06	0
4.2636e+06	0
4.2637e+06	0
4.2638e+06	0
4.2639e+06	0
4.264e+06	0
4.2641e+06	0
4.2642e+06	0
4.2643e+06	0
4.2644e+06	0
4.2645e+06	0
4.2646e+06	0
4.2647e+06	0
4.2648e+06	0
4.2649e+06	0
4.265e+06	0
4.2651e+06	0
4.2652e+06	0
4.2653e+06	0
4.2654e+06	0
4.2655e+06	0
4.2656e+06	0
4.2657e+06	0
4.2658e+06	0
4.2659e+06	0
4.266e+06	0
4.2661e+06	0
4.2662e+06	0
4.2663e+06	0
4.2664e+06	0
4.2665e+06	0
4.2666e+06	0
4.2667e+06	0
4.2668e+06	0
4.2669e+06	0
4.267e+06	0
4.2671e+06	0
4.2672e+06	0
4.2673e+06	0
4.2674e+06	0
4.2675e+06	0
4.2676e+06	0
4.2677e+06	0
4.2678e+06	0
4.2679e+06	0
4.268e+06	0
4.2681e+06	0
4.2682e+06	0
4.2683e+06	0
4.2684e+06	0
4.2685e+06	0
4.2686e+06	0
4.2687e+06	0
4.2688e+06	0
4.2689e+06	0
4.269e+06	0
4.2691e+06	0
4.2692e+06	0
4.2693e+06	0
4.2694e+06	0
4.2695e+06	0
4.2696e+06	0
4.2697e+06	0
4.2698e+06	0
4.2699e+06	0
4.27e+06	0
4.2701e+06	0
4.2702e+06	0
4.2703e+06	0
4.2704e+06	0
4.2705e+06	0
4.2706e+06	0
4.2707e+06	0
4.2708e+06	0
4.2709e+06	0
4.271e+06	0
4.2711e+06	0
4.2712e+06	0
4.2713e+06	0
4.2714e+06	0
4.2715e+06	0
4.2716e+06	0
4.2717e+06	0
4.2718e+06	0
4.2719e+06	0
4.272e+06	0
4.2721e+06	0
4.2722e+06	0
4.2723e+06	0
4.2724e+06	0
4.2725e+06	0
4.2726e+06	0
4.2727e+06	0
4.2728e+06	0
4.2729e+06	0
4.273e+06	0
4.2731e+06	0
4.2732e+06	0
4.2733e+06	0
4.2734e+06	0
4.2735e+06	0
4.2736e+06	0
4.2737e+06	0
4.2738e+06	0
4.2739e+06	0
4.274e+06	0
4.2741e+06	0
4.2742e+06	0
4.2743e+06	0
4.2744e+06	0
4.2745e+06	0
4.2746e+06	0
4.2747e+06	0
4.2748e+06	0
4.2749e+06	0
4.275e+06	0
4.2751e+06	0
4.2752e+06	0
4.2753e+06	0
4.2754e+06	0
4.2755e+06	0
4.2756e+06	0
4.2757e+06	0
4.2758e+06	0
4.2759e+06	0
4.276e+06	0
4.2761e+06	0
4.2762e+06	0
4.2763e+06	0
4.2764e+06	0
4.2765e+06	0
4.2766e+06	0
4.2767e+06	0
4.2768e+06	0
4.2769e+06	0
4.277e+06	0
4.2771e+06	0
4.2772e+06	0
4.2773e+06	0
4.2774e+06	0
4.2775e+06	0
4.2776e+06	0
4.2777e+06	0
4.2778e+06	0
4.2779e+06	0
4.278e+06	0
4.2781e+06	0
4.2782e+06	0
4.2783e+06	0
4.2784e+06	0
4.2785e+06	0
4.2786e+06	0
4.2787e+06	0
4.2788e+06	0
4.2789e+06	0
4.279e+06	0
4.2791e+06	0
4.2792e+06	0
4.2793e+06	0
4.2794e+06	0
4.2795e+06	0
4.2796e+06	0
4.2797e+06	0
4.2798e+06	0
4.2799e+06	0
4.28e+06	0
4.2801e+06	0
4.2802e+06	0
4.2803e+06	0
4.2804e+06	0
4.2805e+06	0
4.2806e+06	0
4.2807e+06	0
4.2808e+06	0
4.2809e+06	0
4.281e+06	0
4.2811e+06	0
4.2812e+06	0
4.2813e+06	0
4.2814e+06	0
4.2815e+06	0
4.2816e+06	0
4.2817e+06	0
4.2818e+06	0
4.2819e+06	0
4.282e+06	0
4.2821e+06	0
4.2822e+06	0
4.2823e+06	0
4.2824e+06	0
4.2825e+06	0
4.2826e+06	0
4.2827e+06	0
4.2828e+06	0
4.2829e+06	0
4.283e+06	0
4.2831e+06	0
4.2832e+06	0
4.2833e+06	0
4.2834e+06	0
4.2835e+06	0
4.2836e+06	0
4.2837e+06	0
4.2838e+06	0
4.2839e+06	0
4.284e+06	0
4.2841e+06	0
4.2842e+06	0
4.2843e+06	0
4.2844e+06	0
4.2845e+06	0
4.2846e+06	0
4.2847e+06	0
4.2848e+06	0
4.2849e+06	0
4.285e+06	0
4.2851e+06	0
4.2852e+06	0
4.2853e+06	0
4.2854e+06	0
4.2855e+06	0
4.2856e+06	0
4.2857e+06	0
4.2858e+06	0
4.2859e+06	0
4.286e+06	0
4.2861e+06	0
4.2862e+06	0
4.2863e+06	0
4.2864e+06	0
4.2865e+06	0
4.2866e+06	0
4.2867e+06	0
4.2868e+06	0
4.2869e+06	0
4.287e+06	0
4.2871e+06	0
4.2872e+06	0
4.2873e+06	0
4.2874e+06	0
4.2875e+06	0
4.2876e+06	0
4.2877e+06	0
4.2878e+06	0
4.2879e+06	0
4.288e+06	0
4.2881e+06	0
4.2882e+06	0
4.2883e+06	0
4.2884e+06	0
4.2885e+06	0
4.2886e+06	0
4.2887e+06	0
4.2888e+06	0
4.2889e+06	0
4.289e+06	0
4.2891e+06	0
4.2892e+06	0
4.2893e+06	0
4.2894e+06	0
4.2895e+06	0
4.2896e+06	0
4.2897e+06	0
4.2898e+06	0
4.2899e+06	0
4.29e+06	0
4.2901e+06	0
4.2902e+06	0
4.2903e+06	0
4.2904e+06	0
4.2905e+06	0
4.2906e+06	0
4.2907e+06	0
4.2908e+06	0
4.2909e+06	0
4.291e+06	0
4.2911e+06	0
4.2912e+06	0
4.2913e+06	0
4.2914e+06	0
4.2915e+06	0
4.2916e+06	0
4.2917e+06	0
4.2918e+06	0
4.2919e+06	0
4.292e+06	0
4.2921e+06	0
4.2922e+06	0
4.2923e+06	0
4.2924e+06	0
4.2925e+06	0
4.2926e+06	0
4.2927e+06	0
4.2928e+06	0
4.2929e+06	0
4.293e+06	0
4.2931e+06	0
4.2932e+06	0
4.2933e+06	0
4.2934e+06	0
4.2935e+06	0
4.2936e+06	0
4.2937e+06	0
4.2938e+06	0
4.2939e+06	0
4.294e+06	0
4.2941e+06	0
4.2942e+06	0
4.2943e+06	0
4.2944e+06	0
4.2945e+06	0
4.2946e+06	0
4.2947e+06	0
4.2948e+06	0
4.2949e+06	0
4.295e+06	0
4.2951e+06	0
4.2952e+06	0
4.2953e+06	0
4.2954e+06	0
4.2955e+06	0
4.2956e+06	0
4.2957e+06	0
4.2958e+06	0
4.2959e+06	0
4.296e+06	0
4.2961e+06	0
4.2962e+06	0
4.2963e+06	0
4.2964e+06	0
4.2965e+06	0
4.2966e+06	0
4.2967e+06	0
4.2968e+06	0
4.2969e+06	0
4.297e+06	0
4.2971e+06	0
4.2972e+06	0
4.2973e+06	0
4.2974e+06	0
4.2975e+06	0
4.2976e+06	0
4.2977e+06	0
4.2978e+06	0
4.2979e+06	0
4.298e+06	0
4.2981e+06	0
4.2982e+06	0
4.2983e+06	0
4.2984e+06	0
4.2985e+06	0
4.2986e+06	0
4.2987e+06	0
4.2988e+06	0
4.2989e+06	0
4.299e+06	0
4.2991e+06	0
4.2992e+06	0
4.2993e+06	0
4.2994e+06	0
4.2995e+06	0
4.2996e+06	0
4.2997e+06	0
4.2998e+06	0
4.2999e+06	0
4.3e+06	0
4.3001e+06	0
4.3002e+06	0
4.3003e+06	0
4.3004e+06	0
4.3005e+06	0
4.3006e+06	0
4.3007e+06	0
4.3008e+06	0
4.3009e+06	0
4.301e+06	0
4.3011e+06	0
4.3012e+06	0
4.3013e+06	0
4.3014e+06	0
4.3015e+06	0
4.3016e+06	0
4.3017e+06	0
4.3018e+06	0
4.3019e+06	0
4.302e+06	0
4.3021e+06	0
4.3022e+06	0
4.3023e+06	0
4.3024e+06	0
4.3025e+06	0
4.3026e+06	0
4.3027e+06	0
4.3028e+06	0
4.3029e+06	0
4.303e+06	0
4.3031e+06	0
4.3032e+06	0
4.3033e+06	0
4.3034e+06	0
4.3035e+06	0
4.3036e+06	0
4.3037e+06	0
4.3038e+06	0
4.3039e+06	0
4.304e+06	0
4.3041e+06	0
4.3042e+06	0
4.3043e+06	0
4.3044e+06	0
4.3045e+06	0
4.3046e+06	0
4.3047e+06	0
4.3048e+06	0
4.3049e+06	0
4.305e+06	0
4.3051e+06	0
4.3052e+06	0
4.3053e+06	0
4.3054e+06	0
4.3055e+06	0
4.3056e+06	0
4.3057e+06	0
4.3058e+06	0
4.3059e+06	0
4.306e+06	0
4.3061e+06	0
4.3062e+06	0
4.3063e+06	0
4.3064e+06	0
4.3065e+06	0
4.3066e+06	0
4.3067e+06	0
4.3068e+06	0
4.3069e+06	0
4.307e+06	0
4.3071e+06	0
4.3072e+06	0
4.3073e+06	0
4.3074e+06	0
4.3075e+06	0
4.3076e+06	0
4.3077e+06	0
4.3078e+06	0
4.3079e+06	0
4.308e+06	0
4.3081e+06	0
4.3082e+06	0
4.3083e+06	0
4.3084e+06	0
4.3085e+06	0
4.3086e+06	0
4.3087e+06	0
4.3088e+06	0
4.3089e+06	0
4.309e+06	0
4.3091e+06	0
4.3092e+06	0
4.3093e+06	0
4.3094e+06	0
4.3095e+06	0
4.3096e+06	0
4.3097e+06	0
4.3098e+06	0
4.3099e+06	0
4.31e+06	0
4.3101e+06	0
4.3102e+06	0
4.3103e+06	0
4.3104e+06	0
4.3105e+06	0
4.3106e+06	0
4.3107e+06	0
4.3108e+06	0
4.3109e+06	0
4.311e+06	0
4.3111e+06	0
4.3112e+06	0
4.3113e+06	0
4.3114e+06	0
4.3115e+06	0
4.3116e+06	0
4.3117e+06	0
4.3118e+06	0
4.3119e+06	0
4.312e+06	0
4.3121e+06	0
4.3122e+06	0
4.3123e+06	0
4.3124e+06	0
4.3125e+06	0
4.3126e+06	0
4.3127e+06	0
4.3128e+06	0
4.3129e+06	0
4.313e+06	0
4.3131e+06	0
4.3132e+06	0
4.3133e+06	0
4.3134e+06	0
4.3135e+06	0
4.3136e+06	0
4.3137e+06	0
4.3138e+06	0
4.3139e+06	0
4.314e+06	0
4.3141e+06	0
4.3142e+06	0
4.3143e+06	0
4.3144e+06	0
4.3145e+06	0
4.3146e+06	0
4.3147e+06	0
4.3148e+06	0
4.3149e+06	0
4.315e+06	0
4.3151e+06	0
4.3152e+06	0
4.3153e+06	0
4.3154e+06	0
4.3155e+06	0
4.3156e+06	0
4.3157e+06	0
4.3158e+06	0
4.3159e+06	0
4.316e+06	0
4.3161e+06	0
4.3162e+06	0
4.3163e+06	0
4.3164e+06	0
4.3165e+06	0
4.3166e+06	0
4.3167e+06	0
4.3168e+06	0
4.3169e+06	0
4.317e+06	0
4.3171e+06	0
4.3172e+06	0
4.3173e+06	0
4.3174e+06	0
4.3175e+06	0
4.3176e+06	0
4.3177e+06	0
4.3178e+06	0
4.3179e+06	0
4.318e+06	0
4.3181e+06	0
4.3182e+06	0
4.3183e+06	0
4.3184e+06	0
4.3185e+06	0
4.3186e+06	0
4.3187e+06	0
4.3188e+06	0
4.3189e+06	0
4.319e+06	0
4.3191e+06	0
4.3192e+06	0
4.3193e+06	0
4.3194e+06	0
4.3195e+06	0
4.3196e+06	0
4.3197e+06	0
4.3198e+06	0
4.3199e+06	0
4.32e+06	0
4.3201e+06	0
4.3202e+06	0
4.3203e+06	0
4.3204e+06	0
4.3205e+06	0
4.3206e+06	0
4.3207e+06	0
4.3208e+06	0
4.3209e+06	0
4.321e+06	0
4.3211e+06	0
4.3212e+06	0
4.3213e+06	0
4.3214e+06	0
4.3215e+06	0
4.3216e+06	0
4.3217e+06	0
4.3218e+06	0
4.3219e+06	0
4.322e+06	0
4.3221e+06	0
4.3222e+06	0
4.3223e+06	0
4.3224e+06	0
4.3225e+06	0
4.3226e+06	0
4.3227e+06	0
4.3228e+06	0
4.3229e+06	0
4.323e+06	0
4.3231e+06	0
4.3232e+06	0
4.3233e+06	0
4.3234e+06	0
4.3235e+06	0
4.3236e+06	0
4.3237e+06	0
4.3238e+06	0
4.3239e+06	0
4.324e+06	0
4.3241e+06	0
4.3242e+06	0
4.3243e+06	0
4.3244e+06	0
4.3245e+06	0
4.3246e+06	0
4.3247e+06	0
4.3248e+06	0
4.3249e+06	0
4.325e+06	0
4.3251e+06	0
4.3252e+06	0
4.3253e+06	0
4.3254e+06	0
4.3255e+06	0
4.3256e+06	0
4.3257e+06	0
4.3258e+06	0
4.3259e+06	0
4.326e+06	0
4.3261e+06	0
4.3262e+06	0
4.3263e+06	0
4.3264e+06	0
4.3265e+06	0
4.3266e+06	0
4.3267e+06	0
4.3268e+06	0
4.3269e+06	0
4.327e+06	0
4.3271e+06	0
4.3272e+06	0
4.3273e+06	0
4.3274e+06	0
4.3275e+06	0
4.3276e+06	0
4.3277e+06	0
4.3278e+06	0
4.3279e+06	0
4.328e+06	0
4.3281e+06	0
4.3282e+06	0
4.3283e+06	0
4.3284e+06	0
4.3285e+06	0
4.3286e+06	0
4.3287e+06	0
4.3288e+06	0
4.3289e+06	0
4.329e+06	0
4.3291e+06	0
4.3292e+06	0
4.3293e+06	0
4.3294e+06	0
4.3295e+06	0
4.3296e+06	0
4.3297e+06	0
4.3298e+06	0
4.3299e+06	0
4.33e+06	0
4.3301e+06	0
4.3302e+06	0
4.3303e+06	0
4.3304e+06	0
4.3305e+06	0
4.3306e+06	0
4.3307e+06	0
4.3308e+06	0
4.3309e+06	0
4.331e+06	0
4.3311e+06	0
4.3312e+06	0
4.3313e+06	0
4.3314e+06	0
4.3315e+06	0
4.3316e+06	0
4.3317e+06	0
4.3318e+06	0
4.3319e+06	0
4.332e+06	0
4.3321e+06	0
4.3322e+06	0
4.3323e+06	0
4.3324e+06	0
4.3325e+06	0
4.3326e+06	0
4.3327e+06	0
4.3328e+06	0
4.3329e+06	0
4.333e+06	0
4.3331e+06	0
4.3332e+06	0
4.3333e+06	0
4.3334e+06	0
4.3335e+06	0
4.3336e+06	0
4.3337e+06	0
4.3338e+06	0
4.3339e+06	0
4.334e+06	0
4.3341e+06	0
4.3342e+06	0
4.3343e+06	0
4.3344e+06	0
4.3345e+06	0
4.3346e+06	0
4.3347e+06	0
4.3348e+06	0
4.3349e+06	0
4.335e+06	0
4.3351e+06	0
4.3352e+06	0
4.3353e+06	0
4.3354e+06	0
4.3355e+06	0
4.3356e+06	0
4.3357e+06	0
4.3358e+06	0
4.3359e+06	0
4.336e+06	0
4.3361e+06	0
4.3362e+06	0
4.3363e+06	0
4.3364e+06	0
4.3365e+06	0
4.3366e+06	0
4.3367e+06	0
4.3368e+06	0
4.3369e+06	0
4.337e+06	0
4.3371e+06	0
4.3372e+06	0
4.3373e+06	0
4.3374e+06	0
4.3375e+06	0
4.3376e+06	0
4.3377e+06	0
4.3378e+06	0
4.3379e+06	0
4.338e+06	0
4.3381e+06	0
4.3382e+06	0
4.3383e+06	0
4.3384e+06	0
4.3385e+06	0
4.3386e+06	0
4.3387e+06	0
4.3388e+06	0
4.3389e+06	0
4.339e+06	0
4.3391e+06	0
4.3392e+06	0
4.3393e+06	0
4.3394e+06	0
4.3395e+06	0
4.3396e+06	0
4.3397e+06	0
4.3398e+06	0
4.3399e+06	0
4.34e+06	0
4.3401e+06	0
4.3402e+06	0
4.3403e+06	0
4.3404e+06	0
4.3405e+06	0
4.3406e+06	0
4.3407e+06	0
4.3408e+06	0
4.3409e+06	0
4.341e+06	0
4.3411e+06	0
4.3412e+06	0
4.3413e+06	0
4.3414e+06	0
4.3415e+06	0
4.3416e+06	0
4.3417e+06	0
4.3418e+06	0
4.3419e+06	0
4.342e+06	0
4.3421e+06	0
4.3422e+06	0
4.3423e+06	0
4.3424e+06	0
4.3425e+06	0
4.3426e+06	0
4.3427e+06	0
4.3428e+06	0
4.3429e+06	0
4.343e+06	0
4.3431e+06	0
4.3432e+06	0
4.3433e+06	0
4.3434e+06	0
4.3435e+06	0
4.3436e+06	0
4.3437e+06	0
4.3438e+06	0
4.3439e+06	0
4.344e+06	0
4.3441e+06	0
4.3442e+06	0
4.3443e+06	0
4.3444e+06	0
4.3445e+06	0
4.3446e+06	0
4.3447e+06	0
4.3448e+06	0
4.3449e+06	0
4.345e+06	0
4.3451e+06	0
4.3452e+06	0
4.3453e+06	0
4.3454e+06	0
4.3455e+06	0
4.3456e+06	0
4.3457e+06	0
4.3458e+06	0
4.3459e+06	0
4.346e+06	0
4.3461e+06	0
4.3462e+06	0
4.3463e+06	0
4.3464e+06	0
4.3465e+06	0
4.3466e+06	0
4.3467e+06	0
4.3468e+06	0
4.3469e+06	0
4.347e+06	0
4.3471e+06	0
4.3472e+06	0
4.3473e+06	0
4.3474e+06	0
4.3475e+06	0
4.3476e+06	0
4.3477e+06	0
4.3478e+06	0
4.3479e+06	0
4.348e+06	0
4.3481e+06	0
4.3482e+06	0
4.3483e+06	0
4.3484e+06	0
4.3485e+06	0
4.3486e+06	0
4.3487e+06	0
4.3488e+06	0
4.3489e+06	0
4.349e+06	0
4.3491e+06	0
4.3492e+06	0
4.3493e+06	0
4.3494e+06	0
4.3495e+06	0
4.3496e+06	0
4.3497e+06	0
4.3498e+06	0
4.3499e+06	0
4.35e+06	0
4.3501e+06	0
4.3502e+06	0
4.3503e+06	0
4.3504e+06	0
4.3505e+06	0
4.3506e+06	0
4.3507e+06	0
4.3508e+06	0
4.3509e+06	0
4.351e+06	0
4.3511e+06	0
4.3512e+06	0
4.3513e+06	0
4.3514e+06	0
4.3515e+06	0
4.3516e+06	0
4.3517e+06	0
4.3518e+06	0
4.3519e+06	0
4.352e+06	0
4.3521e+06	0
4.3522e+06	0
4.3523e+06	0
4.3524e+06	0
4.3525e+06	0
4.3526e+06	0
4.3527e+06	0
4.3528e+06	0
4.3529e+06	0
4.353e+06	0
4.3531e+06	0
4.3532e+06	0
4.3533e+06	0
4.3534e+06	0
4.3535e+06	0
4.3536e+06	0
4.3537e+06	0
4.3538e+06	0
4.3539e+06	0
4.354e+06	0
4.3541e+06	0
4.3542e+06	0
4.3543e+06	0
4.3544e+06	0
4.3545e+06	0
4.3546e+06	0
4.3547e+06	0
4.3548e+06	0
4.3549e+06	0
4.355e+06	0
4.3551e+06	0
4.3552e+06	0
4.3553e+06	0
4.3554e+06	0
4.3555e+06	0
4.3556e+06	0
4.3557e+06	0
4.3558e+06	0
4.3559e+06	0
4.356e+06	0
4.3561e+06	0
4.3562e+06	0
4.3563e+06	0
4.3564e+06	0
4.3565e+06	0
4.3566e+06	0
4.3567e+06	0
4.3568e+06	0
4.3569e+06	0
4.357e+06	0
4.3571e+06	0
4.3572e+06	0
4.3573e+06	0
4.3574e+06	0
4.3575e+06	0
4.3576e+06	0
4.3577e+06	0
4.3578e+06	0
4.3579e+06	0
4.358e+06	0
4.3581e+06	0
4.3582e+06	0
4.3583e+06	0
4.3584e+06	0
4.3585e+06	0
4.3586e+06	0
4.3587e+06	0
4.3588e+06	0
4.3589e+06	0
4.359e+06	0
4.3591e+06	0
4.3592e+06	0
4.3593e+06	0
4.3594e+06	0
4.3595e+06	0
4.3596e+06	0
4.3597e+06	0
4.3598e+06	0
4.3599e+06	0
4.36e+06	0
4.3601e+06	0
4.3602e+06	0
4.3603e+06	0
4.3604e+06	0
4.3605e+06	0
4.3606e+06	0
4.3607e+06	0
4.3608e+06	0
4.3609e+06	0
4.361e+06	0
4.3611e+06	0
4.3612e+06	0
4.3613e+06	0
4.3614e+06	0
4.3615e+06	0
4.3616e+06	0
4.3617e+06	0
4.3618e+06	0
4.3619e+06	0
4.362e+06	0
4.3621e+06	0
4.3622e+06	0
4.3623e+06	0
4.3624e+06	0
4.3625e+06	0
4.3626e+06	0
4.3627e+06	0
4.3628e+06	0
4.3629e+06	0
4.363e+06	0
4.3631e+06	0
4.3632e+06	0
4.3633e+06	0
4.3634e+06	0
4.3635e+06	0
4.3636e+06	0
4.3637e+06	0
4.3638e+06	0
4.3639e+06	0
4.364e+06	0
4.3641e+06	0
4.3642e+06	0
4.3643e+06	0
4.3644e+06	0
4.3645e+06	0
4.3646e+06	0
4.3647e+06	0
4.3648e+06	0
4.3649e+06	0
4.365e+06	0
4.3651e+06	0
4.3652e+06	0
4.3653e+06	0
4.3654e+06	0
4.3655e+06	0
4.3656e+06	0
4.3657e+06	0
4.3658e+06	0
4.3659e+06	0
4.366e+06	0
4.3661e+06	0
4.3662e+06	0
4.3663e+06	0
4.3664e+06	0
4.3665e+06	0
4.3666e+06	0
4.3667e+06	0
4.3668e+06	0
4.3669e+06	0
4.367e+06	0
4.3671e+06	0
4.3672e+06	0
4.3673e+06	0
4.3674e+06	0
4.3675e+06	0
4.3676e+06	0
4.3677e+06	0
4.3678e+06	0
4.3679e+06	0
4.368e+06	0
4.3681e+06	0
4.3682e+06	0
4.3683e+06	0
4.3684e+06	0
4.3685e+06	0
4.3686e+06	0
4.3687e+06	0
4.3688e+06	0
4.3689e+06	0
4.369e+06	0
4.3691e+06	0
4.3692e+06	0
4.3693e+06	0
4.3694e+06	0
4.3695e+06	0
4.3696e+06	0
4.3697e+06	0
4.3698e+06	0
4.3699e+06	0
4.37e+06	0
4.3701e+06	0
4.3702e+06	0
4.3703e+06	0
4.3704e+06	0
4.3705e+06	0
4.3706e+06	0
4.3707e+06	0
4.3708e+06	0
4.3709e+06	0
4.371e+06	0
4.3711e+06	0
4.3712e+06	0
4.3713e+06	0
4.3714e+06	0
4.3715e+06	0
4.3716e+06	0
4.3717e+06	0
4.3718e+06	0
4.3719e+06	0
4.372e+06	0
4.3721e+06	0
4.3722e+06	0
4.3723e+06	0
4.3724e+06	0
4.3725e+06	0
4.3726e+06	0
4.3727e+06	0
4.3728e+06	0
4.3729e+06	0
4.373e+06	0
4.3731e+06	0
4.3732e+06	0
4.3733e+06	0
4.3734e+06	0
4.3735e+06	0
4.3736e+06	0
4.3737e+06	0
4.3738e+06	0
4.3739e+06	0
4.374e+06	0
4.3741e+06	0
4.3742e+06	0
4.3743e+06	0
4.3744e+06	0
4.3745e+06	0
4.3746e+06	0
4.3747e+06	0
4.3748e+06	0
4.3749e+06	0
4.375e+06	0
4.3751e+06	0
4.3752e+06	0
4.3753e+06	0
4.3754e+06	0
4.3755e+06	0
4.3756e+06	0
4.3757e+06	0
4.3758e+06	0
4.3759e+06	0
4.376e+06	0
4.3761e+06	0
4.3762e+06	0
4.3763e+06	0
4.3764e+06	0
4.3765e+06	0
4.3766e+06	0
4.3767e+06	0
4.3768e+06	0
4.3769e+06	0
4.377e+06	0
4.3771e+06	0
4.3772e+06	0
4.3773e+06	0
4.3774e+06	0
4.3775e+06	0
4.3776e+06	0
4.3777e+06	0
4.3778e+06	0
4.3779e+06	0
4.378e+06	0
4.3781e+06	0
4.3782e+06	0
4.3783e+06	0
4.3784e+06	0
4.3785e+06	0
4.3786e+06	0
4.3787e+06	0
4.3788e+06	0
4.3789e+06	0
4.379e+06	0
4.3791e+06	0
4.3792e+06	0
4.3793e+06	0
4.3794e+06	0
4.3795e+06	0
4.3796e+06	0
4.3797e+06	0
4.3798e+06	0
4.3799e+06	0
4.38e+06	0
4.3801e+06	0
4.3802e+06	0
4.3803e+06	0
4.3804e+06	0
4.3805e+06	0
4.3806e+06	0
4.3807e+06	0
4.3808e+06	0
4.3809e+06	0
4.381e+06	0
4.3811e+06	0
4.3812e+06	0
4.3813e+06	0
4.3814e+06	0
4.3815e+06	0
4.3816e+06	0
4.3817e+06	0
4.3818e+06	0
4.3819e+06	0
4.382e+06	0
4.3821e+06	0
4.3822e+06	0
4.3823e+06	0
4.3824e+06	0
4.3825e+06	0
4.3826e+06	0
4.3827e+06	0
4.3828e+06	0
4.3829e+06	0
4.383e+06	0
4.3831e+06	0
4.3832e+06	0
4.3833e+06	0
4.3834e+06	0
4.3835e+06	0
4.3836e+06	0
4.3837e+06	0
4.3838e+06	0
4.3839e+06	0
4.384e+06	0
4.3841e+06	0
4.3842e+06	0
4.3843e+06	0
4.3844e+06	0
4.3845e+06	0
4.3846e+06	0
4.3847e+06	0
4.3848e+06	0
4.3849e+06	0
4.385e+06	0
4.3851e+06	0
4.3852e+06	0
4.3853e+06	0
4.3854e+06	0
4.3855e+06	0
4.3856e+06	0
4.3857e+06	0
4.3858e+06	0
4.3859e+06	0
4.386e+06	0
4.3861e+06	0
4.3862e+06	0
4.3863e+06	0
4.3864e+06	0
4.3865e+06	0
4.3866e+06	0
4.3867e+06	0
4.3868e+06	0
4.3869e+06	0
4.387e+06	0
4.3871e+06	0
4.3872e+06	0
4.3873e+06	0
4.3874e+06	0
4.3875e+06	0
4.3876e+06	0
4.3877e+06	0
4.3878e+06	0
4.3879e+06	0
4.388e+06	0
4.3881e+06	0
4.3882e+06	0
4.3883e+06	0
4.3884e+06	0
4.3885e+06	0
4.3886e+06	0
4.3887e+06	0
4.3888e+06	0
4.3889e+06	0
4.389e+06	0
4.3891e+06	0
4.3892e+06	0
4.3893e+06	0
4.3894e+06	0
4.3895e+06	0
4.3896e+06	0
4.3897e+06	0
4.3898e+06	0
4.3899e+06	0
4.39e+06	0
4.3901e+06	0
4.3902e+06	0
4.3903e+06	0
4.3904e+06	0
4.3905e+06	0
4.3906e+06	0
4.3907e+06	0
4.3908e+06	0
4.3909e+06	0
4.391e+06	0
4.3911e+06	0
4.3912e+06	0
4.3913e+06	0
4.3914e+06	0
4.3915e+06	0
4.3916e+06	0
4.3917e+06	0
4.3918e+06	0
4.3919e+06	0
4.392e+06	0
4.3921e+06	0
4.3922e+06	0
4.3923e+06	0
4.3924e+06	0
4.3925e+06	0
4.3926e+06	0
4.3927e+06	0
4.3928e+06	0
4.3929e+06	0
4.393e+06	0
4.3931e+06	0
4.3932e+06	0
4.3933e+06	0
4.3934e+06	0
4.3935e+06	0
4.3936e+06	0
4.3937e+06	0
4.3938e+06	0
4.3939e+06	0
4.394e+06	0
4.3941e+06	0
4.3942e+06	0
4.3943e+06	0
4.3944e+06	0
4.3945e+06	0
4.3946e+06	0
4.3947e+06	0
4.3948e+06	0
4.3949e+06	0
4.395e+06	0
4.3951e+06	0
4.3952e+06	0
4.3953e+06	0
4.3954e+06	0
4.3955e+06	0
4.3956e+06	0
4.3957e+06	0
4.3958e+06	0
4.3959e+06	0
4.396e+06	0
4.3961e+06	0
4.3962e+06	0
4.3963e+06	0
4.3964e+06	0
4.3965e+06	0
4.3966e+06	0
4.3967e+06	0
4.3968e+06	0
4.3969e+06	0
4.397e+06	0
4.3971e+06	0
4.3972e+06	0
4.3973e+06	0
4.3974e+06	0
4.3975e+06	0
4.3976e+06	0
4.3977e+06	0
4.3978e+06	0
4.3979e+06	0
4.398e+06	0
4.3981e+06	0
4.3982e+06	0
4.3983e+06	0
4.3984e+06	0
4.3985e+06	0
4.3986e+06	0
4.3987e+06	0
4.3988e+06	0
4.3989e+06	0
4.399e+06	0
4.3991e+06	0
4.3992e+06	0
4.3993e+06	0
4.3994e+06	0
4.3995e+06	0
4.3996e+06	0
4.3997e+06	0
4.3998e+06	0
4.3999e+06	0
4.4e+06	0
4.4001e+06	0
4.4002e+06	0
4.4003e+06	0
4.4004e+06	0
4.4005e+06	0
4.4006e+06	0
4.4007e+06	0
4.4008e+06	0
4.4009e+06	0
4.401e+06	0
4.4011e+06	0
4.4012e+06	0
4.4013e+06	0
4.4014e+06	0
4.4015e+06	0
4.4016e+06	0
4.4017e+06	0
4.4018e+06	0
4.4019e+06	0
4.402e+06	0
4.4021e+06	0
4.4022e+06	0
4.4023e+06	0
4.4024e+06	0
4.4025e+06	0
4.4026e+06	0
4.4027e+06	0
4.4028e+06	0
4.4029e+06	0
4.403e+06	0
4.4031e+06	0
4.4032e+06	0
4.4033e+06	0
4.4034e+06	0
4.4035e+06	0
4.4036e+06	0
4.4037e+06	0
4.4038e+06	0
4.4039e+06	0
4.404e+06	0
4.4041e+06	0
4.4042e+06	0
4.4043e+06	0
4.4044e+06	0
4.4045e+06	0
4.4046e+06	0
4.4047e+06	0
4.4048e+06	0
4.4049e+06	0
4.405e+06	0
4.4051e+06	0
4.4052e+06	0
4.4053e+06	0
4.4054e+06	0
4.4055e+06	0
4.4056e+06	0
4.4057e+06	0
4.4058e+06	0
4.4059e+06	0
4.406e+06	0
4.4061e+06	0
4.4062e+06	0
4.4063e+06	0
4.4064e+06	0
4.4065e+06	0
4.4066e+06	0
4.4067e+06	0
4.4068e+06	0
4.4069e+06	0
4.407e+06	0
4.4071e+06	0
4.4072e+06	0
4.4073e+06	0
4.4074e+06	0
4.4075e+06	0
4.4076e+06	0
4.4077e+06	0
4.4078e+06	0
4.4079e+06	0
4.408e+06	0
4.4081e+06	0
4.4082e+06	0
4.4083e+06	0
4.4084e+06	0
4.4085e+06	0
4.4086e+06	0
4.4087e+06	0
4.4088e+06	0
4.4089e+06	0
4.409e+06	0
4.4091e+06	0
4.4092e+06	0
4.4093e+06	0
4.4094e+06	0
4.4095e+06	0
4.4096e+06	0
4.4097e+06	0
4.4098e+06	0
4.4099e+06	0
4.41e+06	0
4.4101e+06	0
4.4102e+06	0
4.4103e+06	0
4.4104e+06	0
4.4105e+06	0
4.4106e+06	0
4.4107e+06	0
4.4108e+06	0
4.4109e+06	0
4.411e+06	0
4.4111e+06	0
4.4112e+06	0
4.4113e+06	0
4.4114e+06	0
4.4115e+06	0
4.4116e+06	0
4.4117e+06	0
4.4118e+06	0
4.4119e+06	0
4.412e+06	0
4.4121e+06	0
4.4122e+06	0
4.4123e+06	0
4.4124e+06	0
4.4125e+06	0
4.4126e+06	0
4.4127e+06	0
4.4128e+06	0
4.4129e+06	0
4.413e+06	0
4.4131e+06	0
4.4132e+06	0
4.4133e+06	0
4.4134e+06	0
4.4135e+06	0
4.4136e+06	0
4.4137e+06	0
4.4138e+06	0
4.4139e+06	0
4.414e+06	0
4.4141e+06	0
4.4142e+06	0
4.4143e+06	0
4.4144e+06	0
4.4145e+06	0
4.4146e+06	0
4.4147e+06	0
4.4148e+06	0
4.4149e+06	0
4.415e+06	0
4.4151e+06	0
4.4152e+06	0
4.4153e+06	0
4.4154e+06	0
4.4155e+06	0
4.4156e+06	0
4.4157e+06	0
4.4158e+06	0
4.4159e+06	0
4.416e+06	0
4.4161e+06	0
4.4162e+06	0
4.4163e+06	0
4.4164e+06	0
4.4165e+06	0
4.4166e+06	0
4.4167e+06	0
4.4168e+06	0
4.4169e+06	0
4.417e+06	0
4.4171e+06	0
4.4172e+06	0
4.4173e+06	0
4.4174e+06	0
4.4175e+06	0
4.4176e+06	0
4.4177e+06	0
4.4178e+06	0
4.4179e+06	0
4.418e+06	0
4.4181e+06	0
4.4182e+06	0
4.4183e+06	0
4.4184e+06	0
4.4185e+06	0
4.4186e+06	0
4.4187e+06	0
4.4188e+06	0
4.4189e+06	0
4.419e+06	0
4.4191e+06	0
4.4192e+06	0
4.4193e+06	0
4.4194e+06	0
4.4195e+06	0
4.4196e+06	0
4.4197e+06	0
4.4198e+06	0
4.4199e+06	0
4.42e+06	0
4.4201e+06	0
4.4202e+06	0
4.4203e+06	0
4.4204e+06	0
4.4205e+06	0
4.4206e+06	0
4.4207e+06	0
4.4208e+06	0
4.4209e+06	0
4.421e+06	0
4.4211e+06	0
4.4212e+06	0
4.4213e+06	0
4.4214e+06	0
4.4215e+06	0
4.4216e+06	0
4.4217e+06	0
4.4218e+06	0
4.4219e+06	0
4.422e+06	0
4.4221e+06	0
4.4222e+06	0
4.4223e+06	0
4.4224e+06	0
4.4225e+06	0
4.4226e+06	0
4.4227e+06	0
4.4228e+06	0
4.4229e+06	0
4.423e+06	0
4.4231e+06	0
4.4232e+06	0
4.4233e+06	0
4.4234e+06	0
4.4235e+06	0
4.4236e+06	0
4.4237e+06	0
4.4238e+06	0
4.4239e+06	0
4.424e+06	0
4.4241e+06	0
4.4242e+06	0
4.4243e+06	0
4.4244e+06	0
4.4245e+06	0
4.4246e+06	0
4.4247e+06	0
4.4248e+06	0
4.4249e+06	0
4.425e+06	0
4.4251e+06	0
4.4252e+06	0
4.4253e+06	0
4.4254e+06	0
4.4255e+06	0
4.4256e+06	0
4.4257e+06	0
4.4258e+06	0
4.4259e+06	0
4.426e+06	0
4.4261e+06	0
4.4262e+06	0
4.4263e+06	0
4.4264e+06	0
4.4265e+06	0
4.4266e+06	0
4.4267e+06	0
4.4268e+06	0
4.4269e+06	0
4.427e+06	0
4.4271e+06	0
4.4272e+06	0
4.4273e+06	0
4.4274e+06	0
4.4275e+06	0
4.4276e+06	0
4.4277e+06	0
4.4278e+06	0
4.4279e+06	0
4.428e+06	0
4.4281e+06	0
4.4282e+06	0
4.4283e+06	0
4.4284e+06	0
4.4285e+06	0
4.4286e+06	0
4.4287e+06	0
4.4288e+06	0
4.4289e+06	0
4.429e+06	0
4.4291e+06	0
4.4292e+06	0
4.4293e+06	0
4.4294e+06	0
4.4295e+06	0
4.4296e+06	0
4.4297e+06	0
4.4298e+06	0
4.4299e+06	0
4.43e+06	0
4.4301e+06	0
4.4302e+06	0
4.4303e+06	0
4.4304e+06	0
4.4305e+06	0
4.4306e+06	0
4.4307e+06	0
4.4308e+06	0
4.4309e+06	0
4.431e+06	0
4.4311e+06	0
4.4312e+06	0
4.4313e+06	0
4.4314e+06	0
4.4315e+06	0
4.4316e+06	0
4.4317e+06	0
4.4318e+06	0
4.4319e+06	0
4.432e+06	0
4.4321e+06	0
4.4322e+06	0
4.4323e+06	0
4.4324e+06	0
4.4325e+06	0
4.4326e+06	0
4.4327e+06	0
4.4328e+06	0
4.4329e+06	0
4.433e+06	0
4.4331e+06	0
4.4332e+06	0
4.4333e+06	0
4.4334e+06	0
4.4335e+06	0
4.4336e+06	0
4.4337e+06	0
4.4338e+06	0
4.4339e+06	0
4.434e+06	0
4.4341e+06	0
4.4342e+06	0
4.4343e+06	0
4.4344e+06	0
4.4345e+06	0
4.4346e+06	0
4.4347e+06	0
4.4348e+06	0
4.4349e+06	0
4.435e+06	0
4.4351e+06	0
4.4352e+06	0
4.4353e+06	0
4.4354e+06	0
4.4355e+06	0
4.4356e+06	0
4.4357e+06	0
4.4358e+06	0
4.4359e+06	0
4.436e+06	0
4.4361e+06	0
4.4362e+06	0
4.4363e+06	0
4.4364e+06	0
4.4365e+06	0
4.4366e+06	0
4.4367e+06	0
4.4368e+06	0
4.4369e+06	0
4.437e+06	0
4.4371e+06	0
4.4372e+06	0
4.4373e+06	0
4.4374e+06	0
4.4375e+06	0
4.4376e+06	0
4.4377e+06	0
4.4378e+06	0
4.4379e+06	0
4.438e+06	0
4.4381e+06	0
4.4382e+06	0
4.4383e+06	0
4.4384e+06	0
4.4385e+06	0
4.4386e+06	0
4.4387e+06	0
4.4388e+06	0
4.4389e+06	0
4.439e+06	0
4.4391e+06	0
4.4392e+06	0
4.4393e+06	0
4.4394e+06	0
4.4395e+06	0
4.4396e+06	0
4.4397e+06	0
4.4398e+06	0
4.4399e+06	0
4.44e+06	0
4.4401e+06	0
4.4402e+06	0
4.4403e+06	0
4.4404e+06	0
4.4405e+06	0
4.4406e+06	0
4.4407e+06	0
4.4408e+06	0
4.4409e+06	0
4.441e+06	0
4.4411e+06	0
4.4412e+06	0
4.4413e+06	0
4.4414e+06	0
4.4415e+06	0
4.4416e+06	0
4.4417e+06	0
4.4418e+06	0
4.4419e+06	0
4.442e+06	0
4.4421e+06	0
4.4422e+06	0
4.4423e+06	0
4.4424e+06	0
4.4425e+06	0
4.4426e+06	0
4.4427e+06	0
4.4428e+06	0
4.4429e+06	0
4.443e+06	0
4.4431e+06	0
4.4432e+06	0
4.4433e+06	0
4.4434e+06	0
4.4435e+06	0
4.4436e+06	0
4.4437e+06	0
4.4438e+06	0
4.4439e+06	0
4.444e+06	0
4.4441e+06	0
4.4442e+06	0
4.4443e+06	0
4.4444e+06	0
4.4445e+06	0
4.4446e+06	0
4.4447e+06	0
4.4448e+06	0
4.4449e+06	0
4.445e+06	0
4.4451e+06	0
4.4452e+06	0
4.4453e+06	0
4.4454e+06	0
4.4455e+06	0
4.4456e+06	0
4.4457e+06	0
4.4458e+06	0
4.4459e+06	0
4.446e+06	0
4.4461e+06	0
4.4462e+06	0
4.4463e+06	0
4.4464e+06	0
4.4465e+06	0
4.4466e+06	0
4.4467e+06	0
4.4468e+06	0
4.4469e+06	0
4.447e+06	0
4.4471e+06	0
4.4472e+06	0
4.4473e+06	0
4.4474e+06	0
4.4475e+06	0
4.4476e+06	0
4.4477e+06	0
4.4478e+06	0
4.4479e+06	0
4.448e+06	0
4.4481e+06	0
4.4482e+06	0
4.4483e+06	0
4.4484e+06	0
4.4485e+06	0
4.4486e+06	0
4.4487e+06	0
4.4488e+06	0
4.4489e+06	0
4.449e+06	0
4.4491e+06	0
4.4492e+06	0
4.4493e+06	0
4.4494e+06	0
4.4495e+06	0
4.4496e+06	0
4.4497e+06	0
4.4498e+06	0
4.4499e+06	0
4.45e+06	0
4.4501e+06	0
4.4502e+06	0
4.4503e+06	0
4.4504e+06	0
4.4505e+06	0
4.4506e+06	0
4.4507e+06	0
4.4508e+06	0
4.4509e+06	0
4.451e+06	0
4.4511e+06	0
4.4512e+06	0
4.4513e+06	0
4.4514e+06	0
4.4515e+06	0
4.4516e+06	0
4.4517e+06	0
4.4518e+06	0
4.4519e+06	0
4.452e+06	0
4.4521e+06	0
4.4522e+06	0
4.4523e+06	0
4.4524e+06	0
4.4525e+06	0
4.4526e+06	0
4.4527e+06	0
4.4528e+06	0
4.4529e+06	0
4.453e+06	0
4.4531e+06	0
4.4532e+06	0
4.4533e+06	0
4.4534e+06	0
4.4535e+06	0
4.4536e+06	0
4.4537e+06	0
4.4538e+06	0
4.4539e+06	0
4.454e+06	0
4.4541e+06	0
4.4542e+06	0
4.4543e+06	0
4.4544e+06	0
4.4545e+06	0
4.4546e+06	0
4.4547e+06	0
4.4548e+06	0
4.4549e+06	0
4.455e+06	0
4.4551e+06	0
4.4552e+06	0
4.4553e+06	0
4.4554e+06	0
4.4555e+06	0
4.4556e+06	0
4.4557e+06	0
4.4558e+06	0
4.4559e+06	0
4.456e+06	0
4.4561e+06	0
4.4562e+06	0
4.4563e+06	0
4.4564e+06	0
4.4565e+06	0
4.4566e+06	0
4.4567e+06	0
4.4568e+06	0
4.4569e+06	0
4.457e+06	0
4.4571e+06	0
4.4572e+06	0
4.4573e+06	0
4.4574e+06	0
4.4575e+06	0
4.4576e+06	0
4.4577e+06	0
4.4578e+06	0
4.4579e+06	0
4.458e+06	0
4.4581e+06	0
4.4582e+06	0
4.4583e+06	0
4.4584e+06	0
4.4585e+06	0
4.4586e+06	0
4.4587e+06	0
4.4588e+06	0
4.4589e+06	0
4.459e+06	0
4.4591e+06	0
4.4592e+06	0
4.4593e+06	0
4.4594e+06	0
4.4595e+06	0
4.4596e+06	0
4.4597e+06	0
4.4598e+06	0
4.4599e+06	0
4.46e+06	0
4.4601e+06	0
4.4602e+06	0
4.4603e+06	0
4.4604e+06	0
4.4605e+06	0
4.4606e+06	0
4.4607e+06	0
4.4608e+06	0
4.4609e+06	0
4.461e+06	0
4.4611e+06	0
4.4612e+06	0
4.4613e+06	0
4.4614e+06	0
4.4615e+06	0
4.4616e+06	0
4.4617e+06	0
4.4618e+06	0
4.4619e+06	0
4.462e+06	0
4.4621e+06	0
4.4622e+06	0
4.4623e+06	0
4.4624e+06	0
4.4625e+06	0
4.4626e+06	0
4.4627e+06	0
4.4628e+06	0
4.4629e+06	0
4.463e+06	0
4.4631e+06	0
4.4632e+06	0
4.4633e+06	0
4.4634e+06	0
4.4635e+06	0
4.4636e+06	0
4.4637e+06	0
4.4638e+06	0
4.4639e+06	0
4.464e+06	0
4.4641e+06	0
4.4642e+06	0
4.4643e+06	0
4.4644e+06	0
4.4645e+06	0
4.4646e+06	0
4.4647e+06	0
4.4648e+06	0
4.4649e+06	0
4.465e+06	0
4.4651e+06	0
4.4652e+06	0
4.4653e+06	0
4.4654e+06	0
4.4655e+06	0
4.4656e+06	0
4.4657e+06	0
4.4658e+06	0
4.4659e+06	0
4.466e+06	0
4.4661e+06	0
4.4662e+06	0
4.4663e+06	0
4.4664e+06	0
4.4665e+06	0
4.4666e+06	0
4.4667e+06	0
4.4668e+06	0
4.4669e+06	0
4.467e+06	0
4.4671e+06	0
4.4672e+06	0
4.4673e+06	0
4.4674e+06	0
4.4675e+06	0
4.4676e+06	0
4.4677e+06	0
4.4678e+06	0
4.4679e+06	0
4.468e+06	0
4.4681e+06	0
4.4682e+06	0
4.4683e+06	0
4.4684e+06	0
4.4685e+06	0
4.4686e+06	0
4.4687e+06	0
4.4688e+06	0
4.4689e+06	0
4.469e+06	0
4.4691e+06	0
4.4692e+06	0
4.4693e+06	0
4.4694e+06	0
4.4695e+06	0
4.4696e+06	0
4.4697e+06	0
4.4698e+06	0
4.4699e+06	0
4.47e+06	0
4.4701e+06	0
4.4702e+06	0
4.4703e+06	0
4.4704e+06	0
4.4705e+06	0
4.4706e+06	0
4.4707e+06	0
4.4708e+06	0
4.4709e+06	0
4.471e+06	0
4.4711e+06	0
4.4712e+06	0
4.4713e+06	0
4.4714e+06	0
4.4715e+06	0
4.4716e+06	0
4.4717e+06	0
4.4718e+06	0
4.4719e+06	0
4.472e+06	0
4.4721e+06	0
4.4722e+06	0
4.4723e+06	0
4.4724e+06	0
4.4725e+06	0
4.4726e+06	0
4.4727e+06	0
4.4728e+06	0
4.4729e+06	0
4.473e+06	0
4.4731e+06	0
4.4732e+06	0
4.4733e+06	0
4.4734e+06	0
4.4735e+06	0
4.4736e+06	0
4.4737e+06	0
4.4738e+06	0
4.4739e+06	0
4.474e+06	0
4.4741e+06	0
4.4742e+06	0
4.4743e+06	0
4.4744e+06	0
4.4745e+06	0
4.4746e+06	0
4.4747e+06	0
4.4748e+06	0
4.4749e+06	0
4.475e+06	0
4.4751e+06	0
4.4752e+06	0
4.4753e+06	0
4.4754e+06	0
4.4755e+06	0
4.4756e+06	0
4.4757e+06	0
4.4758e+06	0
4.4759e+06	0
4.476e+06	0
4.4761e+06	0
4.4762e+06	0
4.4763e+06	0
4.4764e+06	0
4.4765e+06	0
4.4766e+06	0
4.4767e+06	0
4.4768e+06	0
4.4769e+06	0
4.477e+06	0
4.4771e+06	0
4.4772e+06	0
4.4773e+06	0
4.4774e+06	0
4.4775e+06	0
4.4776e+06	0
4.4777e+06	0
4.4778e+06	0
4.4779e+06	0
4.478e+06	0
4.4781e+06	0
4.4782e+06	0
4.4783e+06	0
4.4784e+06	0
4.4785e+06	0
4.4786e+06	0
4.4787e+06	0
4.4788e+06	0
4.4789e+06	0
4.479e+06	0
4.4791e+06	0
4.4792e+06	0
4.4793e+06	0
4.4794e+06	0
4.4795e+06	0
4.4796e+06	0
4.4797e+06	0
4.4798e+06	0
4.4799e+06	0
4.48e+06	0
4.4801e+06	0
4.4802e+06	0
4.4803e+06	0
4.4804e+06	0
4.4805e+06	0
4.4806e+06	0
4.4807e+06	0
4.4808e+06	0
4.4809e+06	0
4.481e+06	0
4.4811e+06	0
4.4812e+06	0
4.4813e+06	0
4.4814e+06	0
4.4815e+06	0
4.4816e+06	0
4.4817e+06	0
4.4818e+06	0
4.4819e+06	0
4.482e+06	0
4.4821e+06	0
4.4822e+06	0
4.4823e+06	0
4.4824e+06	0
4.4825e+06	0
4.4826e+06	0
4.4827e+06	0
4.4828e+06	0
4.4829e+06	0
4.483e+06	0
4.4831e+06	0
4.4832e+06	0
4.4833e+06	0
4.4834e+06	0
4.4835e+06	0
4.4836e+06	0
4.4837e+06	0
4.4838e+06	0
4.4839e+06	0
4.484e+06	0
4.4841e+06	0
4.4842e+06	0
4.4843e+06	0
4.4844e+06	0
4.4845e+06	0
4.4846e+06	0
4.4847e+06	0
4.4848e+06	0
4.4849e+06	0
4.485e+06	0
4.4851e+06	0
4.4852e+06	0
4.4853e+06	0
4.4854e+06	0
4.4855e+06	0
4.4856e+06	0
4.4857e+06	0
4.4858e+06	0
4.4859e+06	0
4.486e+06	0
4.4861e+06	0
4.4862e+06	0
4.4863e+06	0
4.4864e+06	0
4.4865e+06	0
4.4866e+06	0
4.4867e+06	0
4.4868e+06	0
4.4869e+06	0
4.487e+06	0
4.4871e+06	0
4.4872e+06	0
4.4873e+06	0
4.4874e+06	0
4.4875e+06	0
4.4876e+06	0
4.4877e+06	0
4.4878e+06	0
4.4879e+06	0
4.488e+06	0
4.4881e+06	0
4.4882e+06	0
4.4883e+06	0
4.4884e+06	0
4.4885e+06	0
4.4886e+06	0
4.4887e+06	0
4.4888e+06	0
4.4889e+06	0
4.489e+06	0
4.4891e+06	0
4.4892e+06	0
4.4893e+06	0
4.4894e+06	0
4.4895e+06	0
4.4896e+06	0
4.4897e+06	0
4.4898e+06	0
4.4899e+06	0
4.49e+06	0
4.4901e+06	0
4.4902e+06	0
4.4903e+06	0
4.4904e+06	0
4.4905e+06	0
4.4906e+06	0
4.4907e+06	0
4.4908e+06	0
4.4909e+06	0
4.491e+06	0
4.4911e+06	0
4.4912e+06	0
4.4913e+06	0
4.4914e+06	0
4.4915e+06	0
4.4916e+06	0
4.4917e+06	0
4.4918e+06	0
4.4919e+06	0
4.492e+06	0
4.4921e+06	0
4.4922e+06	0
4.4923e+06	0
4.4924e+06	0
4.4925e+06	0
4.4926e+06	0
4.4927e+06	0
4.4928e+06	0
4.4929e+06	0
4.493e+06	0
4.4931e+06	0
4.4932e+06	0
4.4933e+06	0
4.4934e+06	0
4.4935e+06	0
4.4936e+06	0
4.4937e+06	0
4.4938e+06	0
4.4939e+06	0
4.494e+06	0
4.4941e+06	0
4.4942e+06	0
4.4943e+06	0
4.4944e+06	0
4.4945e+06	0
4.4946e+06	0
4.4947e+06	0
4.4948e+06	0
4.4949e+06	0
4.495e+06	0
4.4951e+06	0
4.4952e+06	0
4.4953e+06	0
4.4954e+06	0
4.4955e+06	0
4.4956e+06	0
4.4957e+06	0
4.4958e+06	0
4.4959e+06	0
4.496e+06	0
4.4961e+06	0
4.4962e+06	0
4.4963e+06	0
4.4964e+06	0
4.4965e+06	0
4.4966e+06	0
4.4967e+06	0
4.4968e+06	0
4.4969e+06	0
4.497e+06	0
4.4971e+06	0
4.4972e+06	0
4.4973e+06	0
4.4974e+06	0
4.4975e+06	0
4.4976e+06	0
4.4977e+06	0
4.4978e+06	0
4.4979e+06	0
4.498e+06	0
4.4981e+06	0
4.4982e+06	0
4.4983e+06	0
4.4984e+06	0
4.4985e+06	0
4.4986e+06	0
4.4987e+06	0
4.4988e+06	0
4.4989e+06	0
4.499e+06	0
4.4991e+06	0
4.4992e+06	0
4.4993e+06	0
4.4994e+06	0
4.4995e+06	0
4.4996e+06	0
4.4997e+06	0
4.4998e+06	0
4.4999e+06	0
4.5e+06	0
4.5001e+06	0
4.5002e+06	0
4.5003e+06	0
4.5004e+06	0
4.5005e+06	0
4.5006e+06	0
4.5007e+06	0
4.5008e+06	0
4.5009e+06	0
4.501e+06	0
4.5011e+06	0
4.5012e+06	0
4.5013e+06	0
4.5014e+06	0
4.5015e+06	0
4.5016e+06	0
4.5017e+06	0
4.5018e+06	0
4.5019e+06	0
4.502e+06	0
4.5021e+06	0
4.5022e+06	0
4.5023e+06	0
4.5024e+06	0
4.5025e+06	0
4.5026e+06	0
4.5027e+06	0
4.5028e+06	0
4.5029e+06	0
4.503e+06	0
4.5031e+06	0
4.5032e+06	0
4.5033e+06	0
4.5034e+06	0
4.5035e+06	0
4.5036e+06	0
4.5037e+06	0
4.5038e+06	0
4.5039e+06	0
4.504e+06	0
4.5041e+06	0
4.5042e+06	0
4.5043e+06	0
4.5044e+06	0
4.5045e+06	0
4.5046e+06	0
4.5047e+06	0
4.5048e+06	0
4.5049e+06	0
4.505e+06	0
4.5051e+06	0
4.5052e+06	0
4.5053e+06	0
4.5054e+06	0
4.5055e+06	0
4.5056e+06	0
4.5057e+06	0
4.5058e+06	0
4.5059e+06	0
4.506e+06	0
4.5061e+06	0
4.5062e+06	0
4.5063e+06	0
4.5064e+06	0
4.5065e+06	0
4.5066e+06	0
4.5067e+06	0
4.5068e+06	0
4.5069e+06	0
4.507e+06	0
4.5071e+06	0
4.5072e+06	0
4.5073e+06	0
4.5074e+06	0
4.5075e+06	0
4.5076e+06	0
4.5077e+06	0
4.5078e+06	0
4.5079e+06	0
4.508e+06	0
4.5081e+06	0
4.5082e+06	0
4.5083e+06	0
4.5084e+06	0
4.5085e+06	0
4.5086e+06	0
4.5087e+06	0
4.5088e+06	0
4.5089e+06	0
4.509e+06	0
4.5091e+06	0
4.5092e+06	0
4.5093e+06	0
4.5094e+06	0
4.5095e+06	0
4.5096e+06	0
4.5097e+06	0
4.5098e+06	0
4.5099e+06	0
4.51e+06	0
4.5101e+06	0
4.5102e+06	0
4.5103e+06	0
4.5104e+06	0
4.5105e+06	0
4.5106e+06	0
4.5107e+06	0
4.5108e+06	0
4.5109e+06	0
4.511e+06	0
4.5111e+06	0
4.5112e+06	0
4.5113e+06	0
4.5114e+06	0
4.5115e+06	0
4.5116e+06	0
4.5117e+06	0
4.5118e+06	0
4.5119e+06	0
4.512e+06	0
4.5121e+06	0
4.5122e+06	0
4.5123e+06	0
4.5124e+06	0
4.5125e+06	0
4.5126e+06	0
4.5127e+06	0
4.5128e+06	0
4.5129e+06	0
4.513e+06	0
4.5131e+06	0
4.5132e+06	0
4.5133e+06	0
4.5134e+06	0
4.5135e+06	0
4.5136e+06	0
4.5137e+06	0
4.5138e+06	0
4.5139e+06	0
4.514e+06	0
4.5141e+06	0
4.5142e+06	0
4.5143e+06	0
4.5144e+06	0
4.5145e+06	0
4.5146e+06	0
4.5147e+06	0
4.5148e+06	0
4.5149e+06	0
4.515e+06	0
4.5151e+06	0
4.5152e+06	0
4.5153e+06	0
4.5154e+06	0
4.5155e+06	0
4.5156e+06	0
4.5157e+06	0
4.5158e+06	0
4.5159e+06	0
4.516e+06	0
4.5161e+06	0
4.5162e+06	0
4.5163e+06	0
4.5164e+06	0
4.5165e+06	0
4.5166e+06	0
4.5167e+06	0
4.5168e+06	0
4.5169e+06	0
4.517e+06	0
4.5171e+06	0
4.5172e+06	0
4.5173e+06	0
4.5174e+06	0
4.5175e+06	0
4.5176e+06	0
4.5177e+06	0
4.5178e+06	0
4.5179e+06	0
4.518e+06	0
4.5181e+06	0
4.5182e+06	0
4.5183e+06	0
4.5184e+06	0
4.5185e+06	0
4.5186e+06	0
4.5187e+06	0
4.5188e+06	0
4.5189e+06	0
4.519e+06	0
4.5191e+06	0
4.5192e+06	0
4.5193e+06	0
4.5194e+06	0
4.5195e+06	0
4.5196e+06	0
4.5197e+06	0
4.5198e+06	0
4.5199e+06	0
4.52e+06	0
4.5201e+06	0
4.5202e+06	0
4.5203e+06	0
4.5204e+06	0
4.5205e+06	0
4.5206e+06	0
4.5207e+06	0
4.5208e+06	0
4.5209e+06	0
4.521e+06	0
4.5211e+06	0
4.5212e+06	0
4.5213e+06	0
4.5214e+06	0
4.5215e+06	0
4.5216e+06	0
4.5217e+06	0
4.5218e+06	0
4.5219e+06	0
4.522e+06	0
4.5221e+06	0
4.5222e+06	0
4.5223e+06	0
4.5224e+06	0
4.5225e+06	0
4.5226e+06	0
4.5227e+06	0
4.5228e+06	0
4.5229e+06	0
4.523e+06	0
4.5231e+06	0
4.5232e+06	0
4.5233e+06	0
4.5234e+06	0
4.5235e+06	0
4.5236e+06	0
4.5237e+06	0
4.5238e+06	0
4.5239e+06	0
4.524e+06	0
4.5241e+06	0
4.5242e+06	0
4.5243e+06	0
4.5244e+06	0
4.5245e+06	0
4.5246e+06	0
4.5247e+06	0
4.5248e+06	0
4.5249e+06	0
4.525e+06	0
4.5251e+06	0
4.5252e+06	0
4.5253e+06	0
4.5254e+06	0
4.5255e+06	0
4.5256e+06	0
4.5257e+06	0
4.5258e+06	0
4.5259e+06	0
4.526e+06	0
4.5261e+06	0
4.5262e+06	0
4.5263e+06	0
4.5264e+06	0
4.5265e+06	0
4.5266e+06	0
4.5267e+06	0
4.5268e+06	0
4.5269e+06	0
4.527e+06	0
4.5271e+06	0
4.5272e+06	0
4.5273e+06	0
4.5274e+06	0
4.5275e+06	0
4.5276e+06	0
4.5277e+06	0
4.5278e+06	0
4.5279e+06	0
4.528e+06	0
4.5281e+06	0
4.5282e+06	0
4.5283e+06	0
4.5284e+06	0
4.5285e+06	0
4.5286e+06	0
4.5287e+06	0
4.5288e+06	0
4.5289e+06	0
4.529e+06	0
4.5291e+06	0
4.5292e+06	0
4.5293e+06	0
4.5294e+06	0
4.5295e+06	0
4.5296e+06	0
4.5297e+06	0
4.5298e+06	0
4.5299e+06	0
4.53e+06	0
4.5301e+06	0
4.5302e+06	0
4.5303e+06	0
4.5304e+06	0
4.5305e+06	0
4.5306e+06	0
4.5307e+06	0
4.5308e+06	0
4.5309e+06	0
4.531e+06	0
4.5311e+06	0
4.5312e+06	0
4.5313e+06	0
4.5314e+06	0
4.5315e+06	0
4.5316e+06	0
4.5317e+06	0
4.5318e+06	0
4.5319e+06	0
4.532e+06	0
4.5321e+06	0
4.5322e+06	0
4.5323e+06	0
4.5324e+06	0
4.5325e+06	0
4.5326e+06	0
4.5327e+06	0
4.5328e+06	0
4.5329e+06	0
4.533e+06	0
4.5331e+06	0
4.5332e+06	0
4.5333e+06	0
4.5334e+06	0
4.5335e+06	0
4.5336e+06	0
4.5337e+06	0
4.5338e+06	0
4.5339e+06	0
4.534e+06	0
4.5341e+06	0
4.5342e+06	0
4.5343e+06	0
4.5344e+06	0
4.5345e+06	0
4.5346e+06	0
4.5347e+06	0
4.5348e+06	0
4.5349e+06	0
4.535e+06	0
4.5351e+06	0
4.5352e+06	0
4.5353e+06	0
4.5354e+06	0
4.5355e+06	0
4.5356e+06	0
4.5357e+06	0
4.5358e+06	0
4.5359e+06	0
4.536e+06	0
4.5361e+06	0
4.5362e+06	0
4.5363e+06	0
4.5364e+06	0
4.5365e+06	0
4.5366e+06	0
4.5367e+06	0
4.5368e+06	0
4.5369e+06	0
4.537e+06	0
4.5371e+06	0
4.5372e+06	0
4.5373e+06	0
4.5374e+06	0
4.5375e+06	0
4.5376e+06	0
4.5377e+06	0
4.5378e+06	0
4.5379e+06	0
4.538e+06	0
4.5381e+06	0
4.5382e+06	0
4.5383e+06	0
4.5384e+06	0
4.5385e+06	0
4.5386e+06	0
4.5387e+06	0
4.5388e+06	0
4.5389e+06	0
4.539e+06	0
4.5391e+06	0
4.5392e+06	0
4.5393e+06	0
4.5394e+06	0
4.5395e+06	0
4.5396e+06	0
4.5397e+06	0
4.5398e+06	0
4.5399e+06	0
4.54e+06	0
4.5401e+06	0
4.5402e+06	0
4.5403e+06	0
4.5404e+06	0
4.5405e+06	0
4.5406e+06	0
4.5407e+06	0
4.5408e+06	0
4.5409e+06	0
4.541e+06	0
4.5411e+06	0
4.5412e+06	0
4.5413e+06	0
4.5414e+06	0
4.5415e+06	0
4.5416e+06	0
4.5417e+06	0
4.5418e+06	0
4.5419e+06	0
4.542e+06	0
4.5421e+06	0
4.5422e+06	0
4.5423e+06	0
4.5424e+06	0
4.5425e+06	0
4.5426e+06	0
4.5427e+06	0
4.5428e+06	0
4.5429e+06	0
4.543e+06	0
4.5431e+06	0
4.5432e+06	0
4.5433e+06	0
4.5434e+06	0
4.5435e+06	0
4.5436e+06	0
4.5437e+06	0
4.5438e+06	0
4.5439e+06	0
4.544e+06	0
4.5441e+06	0
4.5442e+06	0
4.5443e+06	0
4.5444e+06	0
4.5445e+06	0
4.5446e+06	0
4.5447e+06	0
4.5448e+06	0
4.5449e+06	0
4.545e+06	0
4.5451e+06	0
4.5452e+06	0
4.5453e+06	0
4.5454e+06	0
4.5455e+06	0
4.5456e+06	0
4.5457e+06	0
4.5458e+06	0
4.5459e+06	0
4.546e+06	0
4.5461e+06	0
4.5462e+06	0
4.5463e+06	0
4.5464e+06	0
4.5465e+06	0
4.5466e+06	0
4.5467e+06	0
4.5468e+06	0
4.5469e+06	0
4.547e+06	0
4.5471e+06	0
4.5472e+06	0
4.5473e+06	0
4.5474e+06	0
4.5475e+06	0
4.5476e+06	0
4.5477e+06	0
4.5478e+06	0
4.5479e+06	0
4.548e+06	0
4.5481e+06	0
4.5482e+06	0
4.5483e+06	0
4.5484e+06	0
4.5485e+06	0
4.5486e+06	0
4.5487e+06	0
4.5488e+06	0
4.5489e+06	0
4.549e+06	0
4.5491e+06	0
4.5492e+06	0
4.5493e+06	0
4.5494e+06	0
4.5495e+06	0
4.5496e+06	0
4.5497e+06	0
4.5498e+06	0
4.5499e+06	0
4.55e+06	0
4.5501e+06	0
4.5502e+06	0
4.5503e+06	0
4.5504e+06	0
4.5505e+06	0
4.5506e+06	0
4.5507e+06	0
4.5508e+06	0
4.5509e+06	0
4.551e+06	0
4.5511e+06	0
4.5512e+06	0
4.5513e+06	0
4.5514e+06	0
4.5515e+06	0
4.5516e+06	0
4.5517e+06	0
4.5518e+06	0
4.5519e+06	0
4.552e+06	0
4.5521e+06	0
4.5522e+06	0
4.5523e+06	0
4.5524e+06	0
4.5525e+06	0
4.5526e+06	0
4.5527e+06	0
4.5528e+06	0
4.5529e+06	0
4.553e+06	0
4.5531e+06	0
4.5532e+06	0
4.5533e+06	0
4.5534e+06	0
4.5535e+06	0
4.5536e+06	0
4.5537e+06	0
4.5538e+06	0
4.5539e+06	0
4.554e+06	0
4.5541e+06	0
4.5542e+06	0
4.5543e+06	0
4.5544e+06	0
4.5545e+06	0
4.5546e+06	0
4.5547e+06	0
4.5548e+06	0
4.5549e+06	0
4.555e+06	0
4.5551e+06	0
4.5552e+06	0
4.5553e+06	0
4.5554e+06	0
4.5555e+06	0
4.5556e+06	0
4.5557e+06	0
4.5558e+06	0
4.5559e+06	0
4.556e+06	0
4.5561e+06	0
4.5562e+06	0
4.5563e+06	0
4.5564e+06	0
4.5565e+06	0
4.5566e+06	0
4.5567e+06	0
4.5568e+06	0
4.5569e+06	0
4.557e+06	0
4.5571e+06	0
4.5572e+06	0
4.5573e+06	0
4.5574e+06	0
4.5575e+06	0
4.5576e+06	0
4.5577e+06	0
4.5578e+06	0
4.5579e+06	0
4.558e+06	0
4.5581e+06	0
4.5582e+06	0
4.5583e+06	0
4.5584e+06	0
4.5585e+06	0
4.5586e+06	0
4.5587e+06	0
4.5588e+06	0
4.5589e+06	0
4.559e+06	0
4.5591e+06	0
4.5592e+06	0
4.5593e+06	0
4.5594e+06	0
4.5595e+06	0
4.5596e+06	0
4.5597e+06	0
4.5598e+06	0
4.5599e+06	0
4.56e+06	0
4.5601e+06	0
4.5602e+06	0
4.5603e+06	0
4.5604e+06	0
4.5605e+06	0
4.5606e+06	0
4.5607e+06	0
4.5608e+06	0
4.5609e+06	0
4.561e+06	0
4.5611e+06	0
4.5612e+06	0
4.5613e+06	0
4.5614e+06	0
4.5615e+06	0
4.5616e+06	0
4.5617e+06	0
4.5618e+06	0
4.5619e+06	0
4.562e+06	0
4.5621e+06	0
4.5622e+06	0
4.5623e+06	0
4.5624e+06	0
4.5625e+06	0
4.5626e+06	0
4.5627e+06	0
4.5628e+06	0
4.5629e+06	0
4.563e+06	0
4.5631e+06	0
4.5632e+06	0
4.5633e+06	0
4.5634e+06	0
4.5635e+06	0
4.5636e+06	0
4.5637e+06	0
4.5638e+06	0
4.5639e+06	0
4.564e+06	0
4.5641e+06	0
4.5642e+06	0
4.5643e+06	0
4.5644e+06	0
4.5645e+06	0
4.5646e+06	0
4.5647e+06	0
4.5648e+06	0
4.5649e+06	0
4.565e+06	0
4.5651e+06	0
4.5652e+06	0
4.5653e+06	0
4.5654e+06	0
4.5655e+06	0
4.5656e+06	0
4.5657e+06	0
4.5658e+06	0
4.5659e+06	0
4.566e+06	0
4.5661e+06	0
4.5662e+06	0
4.5663e+06	0
4.5664e+06	0
4.5665e+06	0
4.5666e+06	0
4.5667e+06	0
4.5668e+06	0
4.5669e+06	0
4.567e+06	0
4.5671e+06	0
4.5672e+06	0
4.5673e+06	0
4.5674e+06	0
4.5675e+06	0
4.5676e+06	0
4.5677e+06	0
4.5678e+06	0
4.5679e+06	0
4.568e+06	0
4.5681e+06	0
4.5682e+06	0
4.5683e+06	0
4.5684e+06	0
4.5685e+06	0
4.5686e+06	0
4.5687e+06	0
4.5688e+06	0
4.5689e+06	0
4.569e+06	0
4.5691e+06	0
4.5692e+06	0
4.5693e+06	0
4.5694e+06	0
4.5695e+06	0
4.5696e+06	0
4.5697e+06	0
4.5698e+06	0
4.5699e+06	0
4.57e+06	0
4.5701e+06	0
4.5702e+06	0
4.5703e+06	0
4.5704e+06	0
4.5705e+06	0
4.5706e+06	0
4.5707e+06	0
4.5708e+06	0
4.5709e+06	0
4.571e+06	0
4.5711e+06	0
4.5712e+06	0
4.5713e+06	0
4.5714e+06	0
4.5715e+06	0
4.5716e+06	0
4.5717e+06	0
4.5718e+06	0
4.5719e+06	0
4.572e+06	0
4.5721e+06	0
4.5722e+06	0
4.5723e+06	0
4.5724e+06	0
4.5725e+06	0
4.5726e+06	0
4.5727e+06	0
4.5728e+06	0
4.5729e+06	0
4.573e+06	0
4.5731e+06	0
4.5732e+06	0
4.5733e+06	0
4.5734e+06	0
4.5735e+06	0
4.5736e+06	0
4.5737e+06	0
4.5738e+06	0
4.5739e+06	0
4.574e+06	0
4.5741e+06	0
4.5742e+06	0
4.5743e+06	0
4.5744e+06	0
4.5745e+06	0
4.5746e+06	0
4.5747e+06	0
4.5748e+06	0
4.5749e+06	0
4.575e+06	0
4.5751e+06	0
4.5752e+06	0
4.5753e+06	0
4.5754e+06	0
4.5755e+06	0
4.5756e+06	0
4.5757e+06	0
4.5758e+06	0
4.5759e+06	0
4.576e+06	0
4.5761e+06	0
4.5762e+06	0
4.5763e+06	0
4.5764e+06	0
4.5765e+06	0
4.5766e+06	0
4.5767e+06	0
4.5768e+06	0
4.5769e+06	0
4.577e+06	0
4.5771e+06	0
4.5772e+06	0
4.5773e+06	0
4.5774e+06	0
4.5775e+06	0
4.5776e+06	0
4.5777e+06	0
4.5778e+06	0
4.5779e+06	0
4.578e+06	0
4.5781e+06	0
4.5782e+06	0
4.5783e+06	0
4.5784e+06	0
4.5785e+06	0
4.5786e+06	0
4.5787e+06	0
4.5788e+06	0
4.5789e+06	0
4.579e+06	0
4.5791e+06	0
4.5792e+06	0
4.5793e+06	0
4.5794e+06	0
4.5795e+06	0
4.5796e+06	0
4.5797e+06	0
4.5798e+06	0
4.5799e+06	0
4.58e+06	0
4.5801e+06	0
4.5802e+06	0
4.5803e+06	0
4.5804e+06	0
4.5805e+06	0
4.5806e+06	0
4.5807e+06	0
4.5808e+06	0
4.5809e+06	0
4.581e+06	0
4.5811e+06	0
4.5812e+06	0
4.5813e+06	0
4.5814e+06	0
4.5815e+06	0
4.5816e+06	0
4.5817e+06	0
4.5818e+06	0
4.5819e+06	0
4.582e+06	0
4.5821e+06	0
4.5822e+06	0
4.5823e+06	0
4.5824e+06	0
4.5825e+06	0
4.5826e+06	0
4.5827e+06	0
4.5828e+06	0
4.5829e+06	0
4.583e+06	0
4.5831e+06	0
4.5832e+06	0
4.5833e+06	0
4.5834e+06	0
4.5835e+06	0
4.5836e+06	0
4.5837e+06	0
4.5838e+06	0
4.5839e+06	0
4.584e+06	0
4.5841e+06	0
4.5842e+06	0
4.5843e+06	0
4.5844e+06	0
4.5845e+06	0
4.5846e+06	0
4.5847e+06	0
4.5848e+06	0
4.5849e+06	0
4.585e+06	0
4.5851e+06	0
4.5852e+06	0
4.5853e+06	0
4.5854e+06	0
4.5855e+06	0
4.5856e+06	0
4.5857e+06	0
4.5858e+06	0
4.5859e+06	0
4.586e+06	0
4.5861e+06	0
4.5862e+06	0
4.5863e+06	0
4.5864e+06	0
4.5865e+06	0
4.5866e+06	0
4.5867e+06	0
4.5868e+06	0
4.5869e+06	0
4.587e+06	0
4.5871e+06	0
4.5872e+06	0
4.5873e+06	0
4.5874e+06	0
4.5875e+06	0
4.5876e+06	0
4.5877e+06	0
4.5878e+06	0
4.5879e+06	0
4.588e+06	0
4.5881e+06	0
4.5882e+06	0
4.5883e+06	0
4.5884e+06	0
4.5885e+06	0
4.5886e+06	0
4.5887e+06	0
4.5888e+06	0
4.5889e+06	0
4.589e+06	0
4.5891e+06	0
4.5892e+06	0
4.5893e+06	0
4.5894e+06	0
4.5895e+06	0
4.5896e+06	0
4.5897e+06	0
4.5898e+06	0
4.5899e+06	0
4.59e+06	0
4.5901e+06	0
4.5902e+06	0
4.5903e+06	0
4.5904e+06	0
4.5905e+06	0
4.5906e+06	0
4.5907e+06	0
4.5908e+06	0
4.5909e+06	0
4.591e+06	0
4.5911e+06	0
4.5912e+06	0
4.5913e+06	0
4.5914e+06	0
4.5915e+06	0
4.5916e+06	0
4.5917e+06	0
4.5918e+06	0
4.5919e+06	0
4.592e+06	0
4.5921e+06	0
4.5922e+06	0
4.5923e+06	0
4.5924e+06	0
4.5925e+06	0
4.5926e+06	0
4.5927e+06	0
4.5928e+06	0
4.5929e+06	0
4.593e+06	0
4.5931e+06	0
4.5932e+06	0
4.5933e+06	0
4.5934e+06	0
4.5935e+06	0
4.5936e+06	0
4.5937e+06	0
4.5938e+06	0
4.5939e+06	0
4.594e+06	0
4.5941e+06	0
4.5942e+06	0
4.5943e+06	0
4.5944e+06	0
4.5945e+06	0
4.5946e+06	0
4.5947e+06	0
4.5948e+06	0
4.5949e+06	0
4.595e+06	0
4.5951e+06	0
4.5952e+06	0
4.5953e+06	0
4.5954e+06	0
4.5955e+06	0
4.5956e+06	0
4.5957e+06	0
4.5958e+06	0
4.5959e+06	0
4.596e+06	0
4.5961e+06	0
4.5962e+06	0
4.5963e+06	0
4.5964e+06	0
4.5965e+06	0
4.5966e+06	0
4.5967e+06	0
4.5968e+06	0
4.5969e+06	0
4.597e+06	0
4.5971e+06	0
4.5972e+06	0
4.5973e+06	0
4.5974e+06	0
4.5975e+06	0
4.5976e+06	0
4.5977e+06	0
4.5978e+06	0
4.5979e+06	0
4.598e+06	0
4.5981e+06	0
4.5982e+06	0
4.5983e+06	0
4.5984e+06	0
4.5985e+06	0
4.5986e+06	0
4.5987e+06	0
4.5988e+06	0
4.5989e+06	0
4.599e+06	0
4.5991e+06	0
4.5992e+06	0
4.5993e+06	0
4.5994e+06	0
4.5995e+06	0
4.5996e+06	0
4.5997e+06	0
4.5998e+06	0
4.5999e+06	0
4.6e+06	0
4.6001e+06	0
4.6002e+06	0
4.6003e+06	0
4.6004e+06	0
4.6005e+06	0
4.6006e+06	0
4.6007e+06	0
4.6008e+06	0
4.6009e+06	0
4.601e+06	0
4.6011e+06	0
4.6012e+06	0
4.6013e+06	0
4.6014e+06	0
4.6015e+06	0
4.6016e+06	0
4.6017e+06	0
4.6018e+06	0
4.6019e+06	0
4.602e+06	0
4.6021e+06	0
4.6022e+06	0
4.6023e+06	0
4.6024e+06	0
4.6025e+06	0
4.6026e+06	0
4.6027e+06	0
4.6028e+06	0
4.6029e+06	0
4.603e+06	0
4.6031e+06	0
4.6032e+06	0
4.6033e+06	0
4.6034e+06	0
4.6035e+06	0
4.6036e+06	0
4.6037e+06	0
4.6038e+06	0
4.6039e+06	0
4.604e+06	0
4.6041e+06	0
4.6042e+06	0
4.6043e+06	0
4.6044e+06	0
4.6045e+06	0
4.6046e+06	0
4.6047e+06	0
4.6048e+06	0
4.6049e+06	0
4.605e+06	0
4.6051e+06	0
4.6052e+06	0
4.6053e+06	0
4.6054e+06	0
4.6055e+06	0
4.6056e+06	0
4.6057e+06	0
4.6058e+06	0
4.6059e+06	0
4.606e+06	0
4.6061e+06	0
4.6062e+06	0
4.6063e+06	0
4.6064e+06	0
4.6065e+06	0
4.6066e+06	0
4.6067e+06	0
4.6068e+06	0
4.6069e+06	0
4.607e+06	0
4.6071e+06	0
4.6072e+06	0
4.6073e+06	0
4.6074e+06	0
4.6075e+06	0
4.6076e+06	0
4.6077e+06	0
4.6078e+06	0
4.6079e+06	0
4.608e+06	0
4.6081e+06	0
4.6082e+06	0
4.6083e+06	0
4.6084e+06	0
4.6085e+06	0
4.6086e+06	0
4.6087e+06	0
4.6088e+06	0
4.6089e+06	0
4.609e+06	0
4.6091e+06	0
4.6092e+06	0
4.6093e+06	0
4.6094e+06	0
4.6095e+06	0
4.6096e+06	0
4.6097e+06	0
4.6098e+06	0
4.6099e+06	0
4.61e+06	0
4.6101e+06	0
4.6102e+06	0
4.6103e+06	0
4.6104e+06	0
4.6105e+06	0
4.6106e+06	0
4.6107e+06	0
4.6108e+06	0
4.6109e+06	0
4.611e+06	0
4.6111e+06	0
4.6112e+06	0
4.6113e+06	0
4.6114e+06	0
4.6115e+06	0
4.6116e+06	0
4.6117e+06	0
4.6118e+06	0
4.6119e+06	0
4.612e+06	0
4.6121e+06	0
4.6122e+06	0
4.6123e+06	0
4.6124e+06	0
4.6125e+06	0
4.6126e+06	0
4.6127e+06	0
4.6128e+06	0
4.6129e+06	0
4.613e+06	0
4.6131e+06	0
4.6132e+06	0
4.6133e+06	0
4.6134e+06	0
4.6135e+06	0
4.6136e+06	0
4.6137e+06	0
4.6138e+06	0
4.6139e+06	0
4.614e+06	0
4.6141e+06	0
4.6142e+06	0
4.6143e+06	0
4.6144e+06	0
4.6145e+06	0
4.6146e+06	0
4.6147e+06	0
4.6148e+06	0
4.6149e+06	0
4.615e+06	0
4.6151e+06	0
4.6152e+06	0
4.6153e+06	0
4.6154e+06	0
4.6155e+06	0
4.6156e+06	0
4.6157e+06	0
4.6158e+06	0
4.6159e+06	0
4.616e+06	0
4.6161e+06	0
4.6162e+06	0
4.6163e+06	0
4.6164e+06	0
4.6165e+06	0
4.6166e+06	0
4.6167e+06	0
4.6168e+06	0
4.6169e+06	0
4.617e+06	0
4.6171e+06	0
4.6172e+06	0
4.6173e+06	0
4.6174e+06	0
4.6175e+06	0
4.6176e+06	0
4.6177e+06	0
4.6178e+06	0
4.6179e+06	0
4.618e+06	0
4.6181e+06	0
4.6182e+06	0
4.6183e+06	0
4.6184e+06	0
4.6185e+06	0
4.6186e+06	0
4.6187e+06	0
4.6188e+06	0
4.6189e+06	0
4.619e+06	0
4.6191e+06	0
4.6192e+06	0
4.6193e+06	0
4.6194e+06	0
4.6195e+06	0
4.6196e+06	0
4.6197e+06	0
4.6198e+06	0
4.6199e+06	0
4.62e+06	0
4.6201e+06	0
4.6202e+06	0
4.6203e+06	0
4.6204e+06	0
4.6205e+06	0
4.6206e+06	0
4.6207e+06	0
4.6208e+06	0
4.6209e+06	0
4.621e+06	0
4.6211e+06	0
4.6212e+06	0
4.6213e+06	0
4.6214e+06	0
4.6215e+06	0
4.6216e+06	0
4.6217e+06	0
4.6218e+06	0
4.6219e+06	0
4.622e+06	0
4.6221e+06	0
4.6222e+06	0
4.6223e+06	0
4.6224e+06	0
4.6225e+06	0
4.6226e+06	0
4.6227e+06	0
4.6228e+06	0
4.6229e+06	0
4.623e+06	0
4.6231e+06	0
4.6232e+06	0
4.6233e+06	0
4.6234e+06	0
4.6235e+06	0
4.6236e+06	0
4.6237e+06	0
4.6238e+06	0
4.6239e+06	0
4.624e+06	0
4.6241e+06	0
4.6242e+06	0
4.6243e+06	0
4.6244e+06	0
4.6245e+06	0
4.6246e+06	0
4.6247e+06	0
4.6248e+06	0
4.6249e+06	0
4.625e+06	0
4.6251e+06	0
4.6252e+06	0
4.6253e+06	0
4.6254e+06	0
4.6255e+06	0
4.6256e+06	0
4.6257e+06	0
4.6258e+06	0
4.6259e+06	0
4.626e+06	0
4.6261e+06	0
4.6262e+06	0
4.6263e+06	0
4.6264e+06	0
4.6265e+06	0
4.6266e+06	0
4.6267e+06	0
4.6268e+06	0
4.6269e+06	0
4.627e+06	0
4.6271e+06	0
4.6272e+06	0
4.6273e+06	0
4.6274e+06	0
4.6275e+06	0
4.6276e+06	0
4.6277e+06	0
4.6278e+06	0
4.6279e+06	0
4.628e+06	0
4.6281e+06	0
4.6282e+06	0
4.6283e+06	0
4.6284e+06	0
4.6285e+06	0
4.6286e+06	0
4.6287e+06	0
4.6288e+06	0
4.6289e+06	0
4.629e+06	0
4.6291e+06	0
4.6292e+06	0
4.6293e+06	0
4.6294e+06	0
4.6295e+06	0
4.6296e+06	0
4.6297e+06	0
4.6298e+06	0
4.6299e+06	0
4.63e+06	0
4.6301e+06	0
4.6302e+06	0
4.6303e+06	0
4.6304e+06	0
4.6305e+06	0
4.6306e+06	0
4.6307e+06	0
4.6308e+06	0
4.6309e+06	0
4.631e+06	0
4.6311e+06	0
4.6312e+06	0
4.6313e+06	0
4.6314e+06	0
4.6315e+06	0
4.6316e+06	0
4.6317e+06	0
4.6318e+06	0
4.6319e+06	0
4.632e+06	0
4.6321e+06	0
4.6322e+06	0
4.6323e+06	0
4.6324e+06	0
4.6325e+06	0
4.6326e+06	0
4.6327e+06	0
4.6328e+06	0
4.6329e+06	0
4.633e+06	0
4.6331e+06	0
4.6332e+06	0
4.6333e+06	0
4.6334e+06	0
4.6335e+06	0
4.6336e+06	0
4.6337e+06	0
4.6338e+06	0
4.6339e+06	0
4.634e+06	0
4.6341e+06	0
4.6342e+06	0
4.6343e+06	0
4.6344e+06	0
4.6345e+06	0
4.6346e+06	0
4.6347e+06	0
4.6348e+06	0
4.6349e+06	0
4.635e+06	0
4.6351e+06	0
4.6352e+06	0
4.6353e+06	0
4.6354e+06	0
4.6355e+06	0
4.6356e+06	0
4.6357e+06	0
4.6358e+06	0
4.6359e+06	0
4.636e+06	0
4.6361e+06	0
4.6362e+06	0
4.6363e+06	0
4.6364e+06	0
4.6365e+06	0
4.6366e+06	0
4.6367e+06	0
4.6368e+06	0
4.6369e+06	0
4.637e+06	0
4.6371e+06	0
4.6372e+06	0
4.6373e+06	0
4.6374e+06	0
4.6375e+06	0
4.6376e+06	0
4.6377e+06	0
4.6378e+06	0
4.6379e+06	0
4.638e+06	0
4.6381e+06	0
4.6382e+06	0
4.6383e+06	0
4.6384e+06	0
4.6385e+06	0
4.6386e+06	0
4.6387e+06	0
4.6388e+06	0
4.6389e+06	0
4.639e+06	0
4.6391e+06	0
4.6392e+06	0
4.6393e+06	0
4.6394e+06	0
4.6395e+06	0
4.6396e+06	0
4.6397e+06	0
4.6398e+06	0
4.6399e+06	0
4.64e+06	0
4.6401e+06	0
4.6402e+06	0
4.6403e+06	0
4.6404e+06	0
4.6405e+06	0
4.6406e+06	0
4.6407e+06	0
4.6408e+06	0
4.6409e+06	0
4.641e+06	0
4.6411e+06	0
4.6412e+06	0
4.6413e+06	0
4.6414e+06	0
4.6415e+06	0
4.6416e+06	0
4.6417e+06	0
4.6418e+06	0
4.6419e+06	0
4.642e+06	0
4.6421e+06	0
4.6422e+06	0
4.6423e+06	0
4.6424e+06	0
4.6425e+06	0
4.6426e+06	0
4.6427e+06	0
4.6428e+06	0
4.6429e+06	0
4.643e+06	0
4.6431e+06	0
4.6432e+06	0
4.6433e+06	0
4.6434e+06	0
4.6435e+06	0
4.6436e+06	0
4.6437e+06	0
4.6438e+06	0
4.6439e+06	0
4.644e+06	0
4.6441e+06	0
4.6442e+06	0
4.6443e+06	0
4.6444e+06	0
4.6445e+06	0
4.6446e+06	0
4.6447e+06	0
4.6448e+06	0
4.6449e+06	0
4.645e+06	0
4.6451e+06	0
4.6452e+06	0
4.6453e+06	0
4.6454e+06	0
4.6455e+06	0
4.6456e+06	0
4.6457e+06	0
4.6458e+06	0
4.6459e+06	0
4.646e+06	0
4.6461e+06	0
4.6462e+06	0
4.6463e+06	0
4.6464e+06	0
4.6465e+06	0
4.6466e+06	0
4.6467e+06	0
4.6468e+06	0
4.6469e+06	0
4.647e+06	0
4.6471e+06	0
4.6472e+06	0
4.6473e+06	0
4.6474e+06	0
4.6475e+06	0
4.6476e+06	0
4.6477e+06	0
4.6478e+06	0
4.6479e+06	0
4.648e+06	0
4.6481e+06	0
4.6482e+06	0
4.6483e+06	0
4.6484e+06	0
4.6485e+06	0
4.6486e+06	0
4.6487e+06	0
4.6488e+06	0
4.6489e+06	0
4.649e+06	0
4.6491e+06	0
4.6492e+06	0
4.6493e+06	0
4.6494e+06	0
4.6495e+06	0
4.6496e+06	0
4.6497e+06	0
4.6498e+06	0
4.6499e+06	0
4.65e+06	0
4.6501e+06	0
4.6502e+06	0
4.6503e+06	0
4.6504e+06	0
4.6505e+06	0
4.6506e+06	0
4.6507e+06	0
4.6508e+06	0
4.6509e+06	0
4.651e+06	0
4.6511e+06	0
4.6512e+06	0
4.6513e+06	0
4.6514e+06	0
4.6515e+06	0
4.6516e+06	0
4.6517e+06	0
4.6518e+06	0
4.6519e+06	0
4.652e+06	0
4.6521e+06	0
4.6522e+06	0
4.6523e+06	0
4.6524e+06	0
4.6525e+06	0
4.6526e+06	0
4.6527e+06	0
4.6528e+06	0
4.6529e+06	0
4.653e+06	0
4.6531e+06	0
4.6532e+06	0
4.6533e+06	0
4.6534e+06	0
4.6535e+06	0
4.6536e+06	0
4.6537e+06	0
4.6538e+06	0
4.6539e+06	0
4.654e+06	0
4.6541e+06	0
4.6542e+06	0
4.6543e+06	0
4.6544e+06	0
4.6545e+06	0
4.6546e+06	0
4.6547e+06	0
4.6548e+06	0
4.6549e+06	0
4.655e+06	0
4.6551e+06	0
4.6552e+06	0
4.6553e+06	0
4.6554e+06	0
4.6555e+06	0
4.6556e+06	0
4.6557e+06	0
4.6558e+06	0
4.6559e+06	0
4.656e+06	0
4.6561e+06	0
4.6562e+06	0
4.6563e+06	0
4.6564e+06	0
4.6565e+06	0
4.6566e+06	0
4.6567e+06	0
4.6568e+06	0
4.6569e+06	0
4.657e+06	0
4.6571e+06	0
4.6572e+06	0
4.6573e+06	0
4.6574e+06	0
4.6575e+06	0
4.6576e+06	0
4.6577e+06	0
4.6578e+06	0
4.6579e+06	0
4.658e+06	0
4.6581e+06	0
4.6582e+06	0
4.6583e+06	0
4.6584e+06	0
4.6585e+06	0
4.6586e+06	0
4.6587e+06	0
4.6588e+06	0
4.6589e+06	0
4.659e+06	0
4.6591e+06	0
4.6592e+06	0
4.6593e+06	0
4.6594e+06	0
4.6595e+06	0
4.6596e+06	0
4.6597e+06	0
4.6598e+06	0
4.6599e+06	0
4.66e+06	0
4.6601e+06	0
4.6602e+06	0
4.6603e+06	0
4.6604e+06	0
4.6605e+06	0
4.6606e+06	0
4.6607e+06	0
4.6608e+06	0
4.6609e+06	0
4.661e+06	0
4.6611e+06	0
4.6612e+06	0
4.6613e+06	0
4.6614e+06	0
4.6615e+06	0
4.6616e+06	0
4.6617e+06	0
4.6618e+06	0
4.6619e+06	0
4.662e+06	0
4.6621e+06	0
4.6622e+06	0
4.6623e+06	0
4.6624e+06	0
4.6625e+06	0
4.6626e+06	0
4.6627e+06	0
4.6628e+06	0
4.6629e+06	0
4.663e+06	0
4.6631e+06	0
4.6632e+06	0
4.6633e+06	0
4.6634e+06	0
4.6635e+06	0
4.6636e+06	0
4.6637e+06	0
4.6638e+06	0
4.6639e+06	0
4.664e+06	0
4.6641e+06	0
4.6642e+06	0
4.6643e+06	0
4.6644e+06	0
4.6645e+06	0
4.6646e+06	0
4.6647e+06	0
4.6648e+06	0
4.6649e+06	0
4.665e+06	0
4.6651e+06	0
4.6652e+06	0
4.6653e+06	0
4.6654e+06	0
4.6655e+06	0
4.6656e+06	0
4.6657e+06	0
4.6658e+06	0
4.6659e+06	0
4.666e+06	0
4.6661e+06	0
4.6662e+06	0
4.6663e+06	0
4.6664e+06	0
4.6665e+06	0
4.6666e+06	0
4.6667e+06	0
4.6668e+06	0
4.6669e+06	0
4.667e+06	0
4.6671e+06	0
4.6672e+06	0
4.6673e+06	0
4.6674e+06	0
4.6675e+06	0
4.6676e+06	0
4.6677e+06	0
4.6678e+06	0
4.6679e+06	0
4.668e+06	0
4.6681e+06	0
4.6682e+06	0
4.6683e+06	0
4.6684e+06	0
4.6685e+06	0
4.6686e+06	0
4.6687e+06	0
4.6688e+06	0
4.6689e+06	0
4.669e+06	0
4.6691e+06	0
4.6692e+06	0
4.6693e+06	0
4.6694e+06	0
4.6695e+06	0
4.6696e+06	0
4.6697e+06	0
4.6698e+06	0
4.6699e+06	0
4.67e+06	0
4.6701e+06	0
4.6702e+06	0
4.6703e+06	0
4.6704e+06	0
4.6705e+06	0
4.6706e+06	0
4.6707e+06	0
4.6708e+06	0
4.6709e+06	0
4.671e+06	0
4.6711e+06	0
4.6712e+06	0
4.6713e+06	0
4.6714e+06	0
4.6715e+06	0
4.6716e+06	0
4.6717e+06	0
4.6718e+06	0
4.6719e+06	0
4.672e+06	0
4.6721e+06	0
4.6722e+06	0
4.6723e+06	0
4.6724e+06	0
4.6725e+06	0
4.6726e+06	0
4.6727e+06	0
4.6728e+06	0
4.6729e+06	0
4.673e+06	0
4.6731e+06	0
4.6732e+06	0
4.6733e+06	0
4.6734e+06	0
4.6735e+06	0
4.6736e+06	0
4.6737e+06	0
4.6738e+06	0
4.6739e+06	0
4.674e+06	0
4.6741e+06	0
4.6742e+06	0
4.6743e+06	0
4.6744e+06	0
4.6745e+06	0
4.6746e+06	0
4.6747e+06	0
4.6748e+06	0
4.6749e+06	0
4.675e+06	0
4.6751e+06	0
4.6752e+06	0
4.6753e+06	0
4.6754e+06	0
4.6755e+06	0
4.6756e+06	0
4.6757e+06	0
4.6758e+06	0
4.6759e+06	0
4.676e+06	0
4.6761e+06	0
4.6762e+06	0
4.6763e+06	0
4.6764e+06	0
4.6765e+06	0
4.6766e+06	0
4.6767e+06	0
4.6768e+06	0
4.6769e+06	0
4.677e+06	0
4.6771e+06	0
4.6772e+06	0
4.6773e+06	0
4.6774e+06	0
4.6775e+06	0
4.6776e+06	0
4.6777e+06	0
4.6778e+06	0
4.6779e+06	0
4.678e+06	0
4.6781e+06	0
4.6782e+06	0
4.6783e+06	0
4.6784e+06	0
4.6785e+06	0
4.6786e+06	0
4.6787e+06	0
4.6788e+06	0
4.6789e+06	0
4.679e+06	0
4.6791e+06	0
4.6792e+06	0
4.6793e+06	0
4.6794e+06	0
4.6795e+06	0
4.6796e+06	0
4.6797e+06	0
4.6798e+06	0
4.6799e+06	0
4.68e+06	0
4.6801e+06	0
4.6802e+06	0
4.6803e+06	0
4.6804e+06	0
4.6805e+06	0
4.6806e+06	0
4.6807e+06	0
4.6808e+06	0
4.6809e+06	0
4.681e+06	0
4.6811e+06	0
4.6812e+06	0
4.6813e+06	0
4.6814e+06	0
4.6815e+06	0
4.6816e+06	0
4.6817e+06	0
4.6818e+06	0
4.6819e+06	0
4.682e+06	0
4.6821e+06	0
4.6822e+06	0
4.6823e+06	0
4.6824e+06	0
4.6825e+06	0
4.6826e+06	0
4.6827e+06	0
4.6828e+06	0
4.6829e+06	0
4.683e+06	0
4.6831e+06	0
4.6832e+06	0
4.6833e+06	0
4.6834e+06	0
4.6835e+06	0
4.6836e+06	0
4.6837e+06	0
4.6838e+06	0
4.6839e+06	0
4.684e+06	0
4.6841e+06	0
4.6842e+06	0
4.6843e+06	0
4.6844e+06	0
4.6845e+06	0
4.6846e+06	0
4.6847e+06	0
4.6848e+06	0
4.6849e+06	0
4.685e+06	0
4.6851e+06	0
4.6852e+06	0
4.6853e+06	0
4.6854e+06	0
4.6855e+06	0
4.6856e+06	0
4.6857e+06	0
4.6858e+06	0
4.6859e+06	0
4.686e+06	0
4.6861e+06	0
4.6862e+06	0
4.6863e+06	0
4.6864e+06	0
4.6865e+06	0
4.6866e+06	0
4.6867e+06	0
4.6868e+06	0
4.6869e+06	0
4.687e+06	0
4.6871e+06	0
4.6872e+06	0
4.6873e+06	0
4.6874e+06	0
4.6875e+06	0
4.6876e+06	0
4.6877e+06	0
4.6878e+06	0
4.6879e+06	0
4.688e+06	0
4.6881e+06	0
4.6882e+06	0
4.6883e+06	0
4.6884e+06	0
4.6885e+06	0
4.6886e+06	0
4.6887e+06	0
4.6888e+06	0
4.6889e+06	0
4.689e+06	0
4.6891e+06	0
4.6892e+06	0
4.6893e+06	0
4.6894e+06	0
4.6895e+06	0
4.6896e+06	0
4.6897e+06	0
4.6898e+06	0
4.6899e+06	0
4.69e+06	0
4.6901e+06	0
4.6902e+06	0
4.6903e+06	0
4.6904e+06	0
4.6905e+06	0
4.6906e+06	0
4.6907e+06	0
4.6908e+06	0
4.6909e+06	0
4.691e+06	0
4.6911e+06	0
4.6912e+06	0
4.6913e+06	0
4.6914e+06	0
4.6915e+06	0
4.6916e+06	0
4.6917e+06	0
4.6918e+06	0
4.6919e+06	0
4.692e+06	0
4.6921e+06	0
4.6922e+06	0
4.6923e+06	0
4.6924e+06	0
4.6925e+06	0
4.6926e+06	0
4.6927e+06	0
4.6928e+06	0
4.6929e+06	0
4.693e+06	0
4.6931e+06	0
4.6932e+06	0
4.6933e+06	0
4.6934e+06	0
4.6935e+06	0
4.6936e+06	0
4.6937e+06	0
4.6938e+06	0
4.6939e+06	0
4.694e+06	0
4.6941e+06	0
4.6942e+06	0
4.6943e+06	0
4.6944e+06	0
4.6945e+06	0
4.6946e+06	0
4.6947e+06	0
4.6948e+06	0
4.6949e+06	0
4.695e+06	0
4.6951e+06	0
4.6952e+06	0
4.6953e+06	0
4.6954e+06	0
4.6955e+06	0
4.6956e+06	0
4.6957e+06	0
4.6958e+06	0
4.6959e+06	0
4.696e+06	0
4.6961e+06	0
4.6962e+06	0
4.6963e+06	0
4.6964e+06	0
4.6965e+06	0
4.6966e+06	0
4.6967e+06	0
4.6968e+06	0
4.6969e+06	0
4.697e+06	0
4.6971e+06	0
4.6972e+06	0
4.6973e+06	0
4.6974e+06	0
4.6975e+06	0
4.6976e+06	0
4.6977e+06	0
4.6978e+06	0
4.6979e+06	0
4.698e+06	0
4.6981e+06	0
4.6982e+06	0
4.6983e+06	0
4.6984e+06	0
4.6985e+06	0
4.6986e+06	0
4.6987e+06	0
4.6988e+06	0
4.6989e+06	0
4.699e+06	0
4.6991e+06	0
4.6992e+06	0
4.6993e+06	0
4.6994e+06	0
4.6995e+06	0
4.6996e+06	0
4.6997e+06	0
4.6998e+06	0
4.6999e+06	0
4.7e+06	0
4.7001e+06	0
4.7002e+06	0
4.7003e+06	0
4.7004e+06	0
4.7005e+06	0
4.7006e+06	0
4.7007e+06	0
4.7008e+06	0
4.7009e+06	0
4.701e+06	0
4.7011e+06	0
4.7012e+06	0
4.7013e+06	0
4.7014e+06	0
4.7015e+06	0
4.7016e+06	0
4.7017e+06	0
4.7018e+06	0
4.7019e+06	0
4.702e+06	0
4.7021e+06	0
4.7022e+06	0
4.7023e+06	0
4.7024e+06	0
4.7025e+06	0
4.7026e+06	0
4.7027e+06	0
4.7028e+06	0
4.7029e+06	0
4.703e+06	0
4.7031e+06	0
4.7032e+06	0
4.7033e+06	0
4.7034e+06	0
4.7035e+06	0
4.7036e+06	0
4.7037e+06	0
4.7038e+06	0
4.7039e+06	0
4.704e+06	0
4.7041e+06	0
4.7042e+06	0
4.7043e+06	0
4.7044e+06	0
4.7045e+06	0
4.7046e+06	0
4.7047e+06	0
4.7048e+06	0
4.7049e+06	0
4.705e+06	0
4.7051e+06	0
4.7052e+06	0
4.7053e+06	0
4.7054e+06	0
4.7055e+06	0
4.7056e+06	0
4.7057e+06	0
4.7058e+06	0
4.7059e+06	0
4.706e+06	0
4.7061e+06	0
4.7062e+06	0
4.7063e+06	0
4.7064e+06	0
4.7065e+06	0
4.7066e+06	0
4.7067e+06	0
4.7068e+06	0
4.7069e+06	0
4.707e+06	0
4.7071e+06	0
4.7072e+06	0
4.7073e+06	0
4.7074e+06	0
4.7075e+06	0
4.7076e+06	0
4.7077e+06	0
4.7078e+06	0
4.7079e+06	0
4.708e+06	0
4.7081e+06	0
4.7082e+06	0
4.7083e+06	0
4.7084e+06	0
4.7085e+06	0
4.7086e+06	0
4.7087e+06	0
4.7088e+06	0
4.7089e+06	0
4.709e+06	0
4.7091e+06	0
4.7092e+06	0
4.7093e+06	0
4.7094e+06	0
4.7095e+06	0
4.7096e+06	0
4.7097e+06	0
4.7098e+06	0
4.7099e+06	0
4.71e+06	0
4.7101e+06	0
4.7102e+06	0
4.7103e+06	0
4.7104e+06	0
4.7105e+06	0
4.7106e+06	0
4.7107e+06	0
4.7108e+06	0
4.7109e+06	0
4.711e+06	0
4.7111e+06	0
4.7112e+06	0
4.7113e+06	0
4.7114e+06	0
4.7115e+06	0
4.7116e+06	0
4.7117e+06	0
4.7118e+06	0
4.7119e+06	0
4.712e+06	0
4.7121e+06	0
4.7122e+06	0
4.7123e+06	0
4.7124e+06	0
4.7125e+06	0
4.7126e+06	0
4.7127e+06	0
4.7128e+06	0
4.7129e+06	0
4.713e+06	0
4.7131e+06	0
4.7132e+06	0
4.7133e+06	0
4.7134e+06	0
4.7135e+06	0
4.7136e+06	0
4.7137e+06	0
4.7138e+06	0
4.7139e+06	0
4.714e+06	0
4.7141e+06	0
4.7142e+06	0
4.7143e+06	0
4.7144e+06	0
4.7145e+06	0
4.7146e+06	0
4.7147e+06	0
4.7148e+06	0
4.7149e+06	0
4.715e+06	0
4.7151e+06	0
4.7152e+06	0
4.7153e+06	0
4.7154e+06	0
4.7155e+06	0
4.7156e+06	0
4.7157e+06	0
4.7158e+06	0
4.7159e+06	0
4.716e+06	0
4.7161e+06	0
4.7162e+06	0
4.7163e+06	0
4.7164e+06	0
4.7165e+06	0
4.7166e+06	0
4.7167e+06	0
4.7168e+06	0
4.7169e+06	0
4.717e+06	0
4.7171e+06	0
4.7172e+06	0
4.7173e+06	0
4.7174e+06	0
4.7175e+06	0
4.7176e+06	0
4.7177e+06	0
4.7178e+06	0
4.7179e+06	0
4.718e+06	0
4.7181e+06	0
4.7182e+06	0
4.7183e+06	0
4.7184e+06	0
4.7185e+06	0
4.7186e+06	0
4.7187e+06	0
4.7188e+06	0
4.7189e+06	0
4.719e+06	0
4.7191e+06	0
4.7192e+06	0
4.7193e+06	0
4.7194e+06	0
4.7195e+06	0
4.7196e+06	0
4.7197e+06	0
4.7198e+06	0
4.7199e+06	0
4.72e+06	0
4.7201e+06	0
4.7202e+06	0
4.7203e+06	0
4.7204e+06	0
4.7205e+06	0
4.7206e+06	0
4.7207e+06	0
4.7208e+06	0
4.7209e+06	0
4.721e+06	0
4.7211e+06	0
4.7212e+06	0
4.7213e+06	0
4.7214e+06	0
4.7215e+06	0
4.7216e+06	0
4.7217e+06	0
4.7218e+06	0
4.7219e+06	0
4.722e+06	0
4.7221e+06	0
4.7222e+06	0
4.7223e+06	0
4.7224e+06	0
4.7225e+06	0
4.7226e+06	0
4.7227e+06	0
4.7228e+06	0
4.7229e+06	0
4.723e+06	0
4.7231e+06	0
4.7232e+06	0
4.7233e+06	0
4.7234e+06	0
4.7235e+06	0
4.7236e+06	0
4.7237e+06	0
4.7238e+06	0
4.7239e+06	0
4.724e+06	0
4.7241e+06	0
4.7242e+06	0
4.7243e+06	0
4.7244e+06	0
4.7245e+06	0
4.7246e+06	0
4.7247e+06	0
4.7248e+06	0
4.7249e+06	0
4.725e+06	0
4.7251e+06	0
4.7252e+06	0
4.7253e+06	0
4.7254e+06	0
4.7255e+06	0
4.7256e+06	0
4.7257e+06	0
4.7258e+06	0
4.7259e+06	0
4.726e+06	0
4.7261e+06	0
4.7262e+06	0
4.7263e+06	0
4.7264e+06	0
4.7265e+06	0
4.7266e+06	0
4.7267e+06	0
4.7268e+06	0
4.7269e+06	0
4.727e+06	0
4.7271e+06	0
4.7272e+06	0
4.7273e+06	0
4.7274e+06	0
4.7275e+06	0
4.7276e+06	0
4.7277e+06	0
4.7278e+06	0
4.7279e+06	0
4.728e+06	0
4.7281e+06	0
4.7282e+06	0
4.7283e+06	0
4.7284e+06	0
4.7285e+06	0
4.7286e+06	0
4.7287e+06	0
4.7288e+06	0
4.7289e+06	0
4.729e+06	0
4.7291e+06	0
4.7292e+06	0
4.7293e+06	0
4.7294e+06	0
4.7295e+06	0
4.7296e+06	0
4.7297e+06	0
4.7298e+06	0
4.7299e+06	0
4.73e+06	0
4.7301e+06	0
4.7302e+06	0
4.7303e+06	0
4.7304e+06	0
4.7305e+06	0
4.7306e+06	0
4.7307e+06	0
4.7308e+06	0
4.7309e+06	0
4.731e+06	0
4.7311e+06	0
4.7312e+06	0
4.7313e+06	0
4.7314e+06	0
4.7315e+06	0
4.7316e+06	0
4.7317e+06	0
4.7318e+06	0
4.7319e+06	0
4.732e+06	0
4.7321e+06	0
4.7322e+06	0
4.7323e+06	0
4.7324e+06	0
4.7325e+06	0
4.7326e+06	0
4.7327e+06	0
4.7328e+06	0
4.7329e+06	0
4.733e+06	0
4.7331e+06	0
4.7332e+06	0
4.7333e+06	0
4.7334e+06	0
4.7335e+06	0
4.7336e+06	0
4.7337e+06	0
4.7338e+06	0
4.7339e+06	0
4.734e+06	0
4.7341e+06	0
4.7342e+06	0
4.7343e+06	0
4.7344e+06	0
4.7345e+06	0
4.7346e+06	0
4.7347e+06	0
4.7348e+06	0
4.7349e+06	0
4.735e+06	0
4.7351e+06	0
4.7352e+06	0
4.7353e+06	0
4.7354e+06	0
4.7355e+06	0
4.7356e+06	0
4.7357e+06	0
4.7358e+06	0
4.7359e+06	0
4.736e+06	0
4.7361e+06	0
4.7362e+06	0
4.7363e+06	0
4.7364e+06	0
4.7365e+06	0
4.7366e+06	0
4.7367e+06	0
4.7368e+06	0
4.7369e+06	0
4.737e+06	0
4.7371e+06	0
4.7372e+06	0
4.7373e+06	0
4.7374e+06	0
4.7375e+06	0
4.7376e+06	0
4.7377e+06	0
4.7378e+06	0
4.7379e+06	0
4.738e+06	0
4.7381e+06	0
4.7382e+06	0
4.7383e+06	0
4.7384e+06	0
4.7385e+06	0
4.7386e+06	0
4.7387e+06	0
4.7388e+06	0
4.7389e+06	0
4.739e+06	0
4.7391e+06	0
4.7392e+06	0
4.7393e+06	0
4.7394e+06	0
4.7395e+06	0
4.7396e+06	0
4.7397e+06	0
4.7398e+06	0
4.7399e+06	0
4.74e+06	0
4.7401e+06	0
4.7402e+06	0
4.7403e+06	0
4.7404e+06	0
4.7405e+06	0
4.7406e+06	0
4.7407e+06	0
4.7408e+06	0
4.7409e+06	0
4.741e+06	0
4.7411e+06	0
4.7412e+06	0
4.7413e+06	0
4.7414e+06	0
4.7415e+06	0
4.7416e+06	0
4.7417e+06	0
4.7418e+06	0
4.7419e+06	0
4.742e+06	0
4.7421e+06	0
4.7422e+06	0
4.7423e+06	0
4.7424e+06	0
4.7425e+06	0
4.7426e+06	0
4.7427e+06	0
4.7428e+06	0
4.7429e+06	0
4.743e+06	0
4.7431e+06	0
4.7432e+06	0
4.7433e+06	0
4.7434e+06	0
4.7435e+06	0
4.7436e+06	0
4.7437e+06	0
4.7438e+06	0
4.7439e+06	0
4.744e+06	0
4.7441e+06	0
4.7442e+06	0
4.7443e+06	0
4.7444e+06	0
4.7445e+06	0
4.7446e+06	0
4.7447e+06	0
4.7448e+06	0
4.7449e+06	0
4.745e+06	0
4.7451e+06	0
4.7452e+06	0
4.7453e+06	0
4.7454e+06	0
4.7455e+06	0
4.7456e+06	0
4.7457e+06	0
4.7458e+06	0
4.7459e+06	0
4.746e+06	0
4.7461e+06	0
4.7462e+06	0
4.7463e+06	0
4.7464e+06	0
4.7465e+06	0
4.7466e+06	0
4.7467e+06	0
4.7468e+06	0
4.7469e+06	0
4.747e+06	0
4.7471e+06	0
4.7472e+06	0
4.7473e+06	0
4.7474e+06	0
4.7475e+06	0
4.7476e+06	0
4.7477e+06	0
4.7478e+06	0
4.7479e+06	0
4.748e+06	0
4.7481e+06	0
4.7482e+06	0
4.7483e+06	0
4.7484e+06	0
4.7485e+06	0
4.7486e+06	0
4.7487e+06	0
4.7488e+06	0
4.7489e+06	0
4.749e+06	0
4.7491e+06	0
4.7492e+06	0
4.7493e+06	0
4.7494e+06	0
4.7495e+06	0
4.7496e+06	0
4.7497e+06	0
4.7498e+06	0
4.7499e+06	0
4.75e+06	0
4.7501e+06	0
4.7502e+06	0
4.7503e+06	0
4.7504e+06	0
4.7505e+06	0
4.7506e+06	0
4.7507e+06	0
4.7508e+06	0
4.7509e+06	0
4.751e+06	0
4.7511e+06	0
4.7512e+06	0
4.7513e+06	0
4.7514e+06	0
4.7515e+06	0
4.7516e+06	0
4.7517e+06	0
4.7518e+06	0
4.7519e+06	0
4.752e+06	0
4.7521e+06	0
4.7522e+06	0
4.7523e+06	0
4.7524e+06	0
4.7525e+06	0
4.7526e+06	0
4.7527e+06	0
4.7528e+06	0
4.7529e+06	0
4.753e+06	0
4.7531e+06	0
4.7532e+06	0
4.7533e+06	0
4.7534e+06	0
4.7535e+06	0
4.7536e+06	0
4.7537e+06	0
4.7538e+06	0
4.7539e+06	0
4.754e+06	0
4.7541e+06	0
4.7542e+06	0
4.7543e+06	0
4.7544e+06	0
4.7545e+06	0
4.7546e+06	0
4.7547e+06	0
4.7548e+06	0
4.7549e+06	0
4.755e+06	0
4.7551e+06	0
4.7552e+06	0
4.7553e+06	0
4.7554e+06	0
4.7555e+06	0
4.7556e+06	0
4.7557e+06	0
4.7558e+06	0
4.7559e+06	0
4.756e+06	0
4.7561e+06	0
4.7562e+06	0
4.7563e+06	0
4.7564e+06	0
4.7565e+06	0
4.7566e+06	0
4.7567e+06	0
4.7568e+06	0
4.7569e+06	0
4.757e+06	0
4.7571e+06	0
4.7572e+06	0
4.7573e+06	0
4.7574e+06	0
4.7575e+06	0
4.7576e+06	0
4.7577e+06	0
4.7578e+06	0
4.7579e+06	0
4.758e+06	0
4.7581e+06	0
4.7582e+06	0
4.7583e+06	0
4.7584e+06	0
4.7585e+06	0
4.7586e+06	0
4.7587e+06	0
4.7588e+06	0
4.7589e+06	0
4.759e+06	0
4.7591e+06	0
4.7592e+06	0
4.7593e+06	0
4.7594e+06	0
4.7595e+06	0
4.7596e+06	0
4.7597e+06	0
4.7598e+06	0
4.7599e+06	0
4.76e+06	0
4.7601e+06	0
4.7602e+06	0
4.7603e+06	0
4.7604e+06	0
4.7605e+06	0
4.7606e+06	0
4.7607e+06	0
4.7608e+06	0
4.7609e+06	0
4.761e+06	0
4.7611e+06	0
4.7612e+06	0
4.7613e+06	0
4.7614e+06	0
4.7615e+06	0
4.7616e+06	0
4.7617e+06	0
4.7618e+06	0
4.7619e+06	0
4.762e+06	0
4.7621e+06	0
4.7622e+06	0
4.7623e+06	0
4.7624e+06	0
4.7625e+06	0
4.7626e+06	0
4.7627e+06	0
4.7628e+06	0
4.7629e+06	0
4.763e+06	0
4.7631e+06	0
4.7632e+06	0
4.7633e+06	0
4.7634e+06	0
4.7635e+06	0
4.7636e+06	0
4.7637e+06	0
4.7638e+06	0
4.7639e+06	0
4.764e+06	0
4.7641e+06	0
4.7642e+06	0
4.7643e+06	0
4.7644e+06	0
4.7645e+06	0
4.7646e+06	0
4.7647e+06	0
4.7648e+06	0
4.7649e+06	0
4.765e+06	0
4.7651e+06	0
4.7652e+06	0
4.7653e+06	0
4.7654e+06	0
4.7655e+06	0
4.7656e+06	0
4.7657e+06	0
4.7658e+06	0
4.7659e+06	0
4.766e+06	0
4.7661e+06	0
4.7662e+06	0
4.7663e+06	0
4.7664e+06	0
4.7665e+06	0
4.7666e+06	0
4.7667e+06	0
4.7668e+06	0
4.7669e+06	0
4.767e+06	0
4.7671e+06	0
4.7672e+06	0
4.7673e+06	0
4.7674e+06	0
4.7675e+06	0
4.7676e+06	0
4.7677e+06	0
4.7678e+06	0
4.7679e+06	0
4.768e+06	0
4.7681e+06	0
4.7682e+06	0
4.7683e+06	0
4.7684e+06	0
4.7685e+06	0
4.7686e+06	0
4.7687e+06	0
4.7688e+06	0
4.7689e+06	0
4.769e+06	0
4.7691e+06	0
4.7692e+06	0
4.7693e+06	0
4.7694e+06	0
4.7695e+06	0
4.7696e+06	0
4.7697e+06	0
4.7698e+06	0
4.7699e+06	0
4.77e+06	0
4.7701e+06	0
4.7702e+06	0
4.7703e+06	0
4.7704e+06	0
4.7705e+06	0
4.7706e+06	0
4.7707e+06	0
4.7708e+06	0
4.7709e+06	0
4.771e+06	0
4.7711e+06	0
4.7712e+06	0
4.7713e+06	0
4.7714e+06	0
4.7715e+06	0
4.7716e+06	0
4.7717e+06	0
4.7718e+06	0
4.7719e+06	0
4.772e+06	0
4.7721e+06	0
4.7722e+06	0
4.7723e+06	0
4.7724e+06	0
4.7725e+06	0
4.7726e+06	0
4.7727e+06	0
4.7728e+06	0
4.7729e+06	0
4.773e+06	0
4.7731e+06	0
4.7732e+06	0
4.7733e+06	0
4.7734e+06	0
4.7735e+06	0
4.7736e+06	0
4.7737e+06	0
4.7738e+06	0
4.7739e+06	0
4.774e+06	0
4.7741e+06	0
4.7742e+06	0
4.7743e+06	0
4.7744e+06	0
4.7745e+06	0
4.7746e+06	0
4.7747e+06	0
4.7748e+06	0
4.7749e+06	0
4.775e+06	0
4.7751e+06	0
4.7752e+06	0
4.7753e+06	0
4.7754e+06	0
4.7755e+06	0
4.7756e+06	0
4.7757e+06	0
4.7758e+06	0
4.7759e+06	0
4.776e+06	0
4.7761e+06	0
4.7762e+06	0
4.7763e+06	0
4.7764e+06	0
4.7765e+06	0
4.7766e+06	0
4.7767e+06	0
4.7768e+06	0
4.7769e+06	0
4.777e+06	0
4.7771e+06	0
4.7772e+06	0
4.7773e+06	0
4.7774e+06	0
4.7775e+06	0
4.7776e+06	0
4.7777e+06	0
4.7778e+06	0
4.7779e+06	0
4.778e+06	0
4.7781e+06	0
4.7782e+06	0
4.7783e+06	0
4.7784e+06	0
4.7785e+06	0
4.7786e+06	0
4.7787e+06	0
4.7788e+06	0
4.7789e+06	0
4.779e+06	0
4.7791e+06	0
4.7792e+06	0
4.7793e+06	0
4.7794e+06	0
4.7795e+06	0
4.7796e+06	0
4.7797e+06	0
4.7798e+06	0
4.7799e+06	0
4.78e+06	0
4.7801e+06	0
4.7802e+06	0
4.7803e+06	0
4.7804e+06	0
4.7805e+06	0
4.7806e+06	0
4.7807e+06	0
4.7808e+06	0
4.7809e+06	0
4.781e+06	0
4.7811e+06	0
4.7812e+06	0
4.7813e+06	0
4.7814e+06	0
4.7815e+06	0
4.7816e+06	0
4.7817e+06	0
4.7818e+06	0
4.7819e+06	0
4.782e+06	0
4.7821e+06	0
4.7822e+06	0
4.7823e+06	0
4.7824e+06	0
4.7825e+06	0
4.7826e+06	0
4.7827e+06	0
4.7828e+06	0
4.7829e+06	0
4.783e+06	0
4.7831e+06	0
4.7832e+06	0
4.7833e+06	0
4.7834e+06	0
4.7835e+06	0
4.7836e+06	0
4.7837e+06	0
4.7838e+06	0
4.7839e+06	0
4.784e+06	0
4.7841e+06	0
4.7842e+06	0
4.7843e+06	0
4.7844e+06	0
4.7845e+06	0
4.7846e+06	0
4.7847e+06	0
4.7848e+06	0
4.7849e+06	0
4.785e+06	0
4.7851e+06	0
4.7852e+06	0
4.7853e+06	0
4.7854e+06	0
4.7855e+06	0
4.7856e+06	0
4.7857e+06	0
4.7858e+06	0
4.7859e+06	0
4.786e+06	0
4.7861e+06	0
4.7862e+06	0
4.7863e+06	0
4.7864e+06	0
4.7865e+06	0
4.7866e+06	0
4.7867e+06	0
4.7868e+06	0
4.7869e+06	0
4.787e+06	0
4.7871e+06	0
4.7872e+06	0
4.7873e+06	0
4.7874e+06	0
4.7875e+06	0
4.7876e+06	0
4.7877e+06	0
4.7878e+06	0
4.7879e+06	0
4.788e+06	0
4.7881e+06	0
4.7882e+06	0
4.7883e+06	0
4.7884e+06	0
4.7885e+06	0
4.7886e+06	0
4.7887e+06	0
4.7888e+06	0
4.7889e+06	0
4.789e+06	0
4.7891e+06	0
4.7892e+06	0
4.7893e+06	0
4.7894e+06	0
4.7895e+06	0
4.7896e+06	0
4.7897e+06	0
4.7898e+06	0
4.7899e+06	0
4.79e+06	0
4.7901e+06	0
4.7902e+06	0
4.7903e+06	0
4.7904e+06	0
4.7905e+06	0
4.7906e+06	0
4.7907e+06	0
4.7908e+06	0
4.7909e+06	0
4.791e+06	0
4.7911e+06	0
4.7912e+06	0
4.7913e+06	0
4.7914e+06	0
4.7915e+06	0
4.7916e+06	0
4.7917e+06	0
4.7918e+06	0
4.7919e+06	0
4.792e+06	0
4.7921e+06	0
4.7922e+06	0
4.7923e+06	0
4.7924e+06	0
4.7925e+06	0
4.7926e+06	0
4.7927e+06	0
4.7928e+06	0
4.7929e+06	0
4.793e+06	0
4.7931e+06	0
4.7932e+06	0
4.7933e+06	0
4.7934e+06	0
4.7935e+06	0
4.7936e+06	0
4.7937e+06	0
4.7938e+06	0
4.7939e+06	0
4.794e+06	0
4.7941e+06	0
4.7942e+06	0
4.7943e+06	0
4.7944e+06	0
4.7945e+06	0
4.7946e+06	0
4.7947e+06	0
4.7948e+06	0
4.7949e+06	0
4.795e+06	0
4.7951e+06	0
4.7952e+06	0
4.7953e+06	0
4.7954e+06	0
4.7955e+06	0
4.7956e+06	0
4.7957e+06	0
4.7958e+06	0
4.7959e+06	0
4.796e+06	0
4.7961e+06	0
4.7962e+06	0
4.7963e+06	0
4.7964e+06	0
4.7965e+06	0
4.7966e+06	0
4.7967e+06	0
4.7968e+06	0
4.7969e+06	0
4.797e+06	0
4.7971e+06	0
4.7972e+06	0
4.7973e+06	0
4.7974e+06	0
4.7975e+06	0
4.7976e+06	0
4.7977e+06	0
4.7978e+06	0
4.7979e+06	0
4.798e+06	0
4.7981e+06	0
4.7982e+06	0
4.7983e+06	0
4.7984e+06	0
4.7985e+06	0
4.7986e+06	0
4.7987e+06	0
4.7988e+06	0
4.7989e+06	0
4.799e+06	0
4.7991e+06	0
4.7992e+06	0
4.7993e+06	0
4.7994e+06	0
4.7995e+06	0
4.7996e+06	0
4.7997e+06	0
4.7998e+06	0
4.7999e+06	0
4.8e+06	0
4.8001e+06	0
4.8002e+06	0
4.8003e+06	0
4.8004e+06	0
4.8005e+06	0
4.8006e+06	0
4.8007e+06	0
4.8008e+06	0
4.8009e+06	0
4.801e+06	0
4.8011e+06	0
4.8012e+06	0
4.8013e+06	0
4.8014e+06	0
4.8015e+06	0
4.8016e+06	0
4.8017e+06	0
4.8018e+06	0
4.8019e+06	0
4.802e+06	0
4.8021e+06	0
4.8022e+06	0
4.8023e+06	0
4.8024e+06	0
4.8025e+06	0
4.8026e+06	0
4.8027e+06	0
4.8028e+06	0
4.8029e+06	0
4.803e+06	0
4.8031e+06	0
4.8032e+06	0
4.8033e+06	0
4.8034e+06	0
4.8035e+06	0
4.8036e+06	0
4.8037e+06	0
4.8038e+06	0
4.8039e+06	0
4.804e+06	0
4.8041e+06	0
4.8042e+06	0
4.8043e+06	0
4.8044e+06	0
4.8045e+06	0
4.8046e+06	0
4.8047e+06	0
4.8048e+06	0
4.8049e+06	0
4.805e+06	0
4.8051e+06	0
4.8052e+06	0
4.8053e+06	0
4.8054e+06	0
4.8055e+06	0
4.8056e+06	0
4.8057e+06	0
4.8058e+06	0
4.8059e+06	0
4.806e+06	0
4.8061e+06	0
4.8062e+06	0
4.8063e+06	0
4.8064e+06	0
4.8065e+06	0
4.8066e+06	0
4.8067e+06	0
4.8068e+06	0
4.8069e+06	0
4.807e+06	0
4.8071e+06	0
4.8072e+06	0
4.8073e+06	0
4.8074e+06	0
4.8075e+06	0
4.8076e+06	0
4.8077e+06	0
4.8078e+06	0
4.8079e+06	0
4.808e+06	0
4.8081e+06	0
4.8082e+06	0
4.8083e+06	0
4.8084e+06	0
4.8085e+06	0
4.8086e+06	0
4.8087e+06	0
4.8088e+06	0
4.8089e+06	0
4.809e+06	0
4.8091e+06	0
4.8092e+06	0
4.8093e+06	0
4.8094e+06	0
4.8095e+06	0
4.8096e+06	0
4.8097e+06	0
4.8098e+06	0
4.8099e+06	0
4.81e+06	0
4.8101e+06	0
4.8102e+06	0
4.8103e+06	0
4.8104e+06	0
4.8105e+06	0
4.8106e+06	0
4.8107e+06	0
4.8108e+06	0
4.8109e+06	0
4.811e+06	0
4.8111e+06	0
4.8112e+06	0
4.8113e+06	0
4.8114e+06	0
4.8115e+06	0
4.8116e+06	0
4.8117e+06	0
4.8118e+06	0
4.8119e+06	0
4.812e+06	0
4.8121e+06	0
4.8122e+06	0
4.8123e+06	0
4.8124e+06	0
4.8125e+06	0
4.8126e+06	0
4.8127e+06	0
4.8128e+06	0
4.8129e+06	0
4.813e+06	0
4.8131e+06	0
4.8132e+06	0
4.8133e+06	0
4.8134e+06	0
4.8135e+06	0
4.8136e+06	0
4.8137e+06	0
4.8138e+06	0
4.8139e+06	0
4.814e+06	0
4.8141e+06	0
4.8142e+06	0
4.8143e+06	0
4.8144e+06	0
4.8145e+06	0
4.8146e+06	0
4.8147e+06	0
4.8148e+06	0
4.8149e+06	0
4.815e+06	0
4.8151e+06	0
4.8152e+06	0
4.8153e+06	0
4.8154e+06	0
4.8155e+06	0
4.8156e+06	0
4.8157e+06	0
4.8158e+06	0
4.8159e+06	0
4.816e+06	0
4.8161e+06	0
4.8162e+06	0
4.8163e+06	0
4.8164e+06	0
4.8165e+06	0
4.8166e+06	0
4.8167e+06	0
4.8168e+06	0
4.8169e+06	0
4.817e+06	0
4.8171e+06	0
4.8172e+06	0
4.8173e+06	0
4.8174e+06	0
4.8175e+06	0
4.8176e+06	0
4.8177e+06	0
4.8178e+06	0
4.8179e+06	0
4.818e+06	0
4.8181e+06	0
4.8182e+06	0
4.8183e+06	0
4.8184e+06	0
4.8185e+06	0
4.8186e+06	0
4.8187e+06	0
4.8188e+06	0
4.8189e+06	0
4.819e+06	0
4.8191e+06	0
4.8192e+06	0
4.8193e+06	0
4.8194e+06	0
4.8195e+06	0
4.8196e+06	0
4.8197e+06	0
4.8198e+06	0
4.8199e+06	0
4.82e+06	0
4.8201e+06	0
4.8202e+06	0
4.8203e+06	0
4.8204e+06	0
4.8205e+06	0
4.8206e+06	0
4.8207e+06	0
4.8208e+06	0
4.8209e+06	0
4.821e+06	0
4.8211e+06	0
4.8212e+06	0
4.8213e+06	0
4.8214e+06	0
4.8215e+06	0
4.8216e+06	0
4.8217e+06	0
4.8218e+06	0
4.8219e+06	0
4.822e+06	0
4.8221e+06	0
4.8222e+06	0
4.8223e+06	0
4.8224e+06	0
4.8225e+06	0
4.8226e+06	0
4.8227e+06	0
4.8228e+06	0
4.8229e+06	0
4.823e+06	0
4.8231e+06	0
4.8232e+06	0
4.8233e+06	0
4.8234e+06	0
4.8235e+06	0
4.8236e+06	0
4.8237e+06	0
4.8238e+06	0
4.8239e+06	0
4.824e+06	0
4.8241e+06	0
4.8242e+06	0
4.8243e+06	0
4.8244e+06	0
4.8245e+06	0
4.8246e+06	0
4.8247e+06	0
4.8248e+06	0
4.8249e+06	0
4.825e+06	0
4.8251e+06	0
4.8252e+06	0
4.8253e+06	0
4.8254e+06	0
4.8255e+06	0
4.8256e+06	0
4.8257e+06	0
4.8258e+06	0
4.8259e+06	0
4.826e+06	0
4.8261e+06	0
4.8262e+06	0
4.8263e+06	0
4.8264e+06	0
4.8265e+06	0
4.8266e+06	0
4.8267e+06	0
4.8268e+06	0
4.8269e+06	0
4.827e+06	0
4.8271e+06	0
4.8272e+06	0
4.8273e+06	0
4.8274e+06	0
4.8275e+06	0
4.8276e+06	0
4.8277e+06	0
4.8278e+06	0
4.8279e+06	0
4.828e+06	0
4.8281e+06	0
4.8282e+06	0
4.8283e+06	0
4.8284e+06	0
4.8285e+06	0
4.8286e+06	0
4.8287e+06	0
4.8288e+06	0
4.8289e+06	0
4.829e+06	0
4.8291e+06	0
4.8292e+06	0
4.8293e+06	0
4.8294e+06	0
4.8295e+06	0
4.8296e+06	0
4.8297e+06	0
4.8298e+06	0
4.8299e+06	0
4.83e+06	0
4.8301e+06	0
4.8302e+06	0
4.8303e+06	0
4.8304e+06	0
4.8305e+06	0
4.8306e+06	0
4.8307e+06	0
4.8308e+06	0
4.8309e+06	0
4.831e+06	0
4.8311e+06	0
4.8312e+06	0
4.8313e+06	0
4.8314e+06	0
4.8315e+06	0
4.8316e+06	0
4.8317e+06	0
4.8318e+06	0
4.8319e+06	0
4.832e+06	0
4.8321e+06	0
4.8322e+06	0
4.8323e+06	0
4.8324e+06	0
4.8325e+06	0
4.8326e+06	0
4.8327e+06	0
4.8328e+06	0
4.8329e+06	0
4.833e+06	0
4.8331e+06	0
4.8332e+06	0
4.8333e+06	0
4.8334e+06	0
4.8335e+06	0
4.8336e+06	0
4.8337e+06	0
4.8338e+06	0
4.8339e+06	0
4.834e+06	0
4.8341e+06	0
4.8342e+06	0
4.8343e+06	0
4.8344e+06	0
4.8345e+06	0
4.8346e+06	0
4.8347e+06	0
4.8348e+06	0
4.8349e+06	0
4.835e+06	0
4.8351e+06	0
4.8352e+06	0
4.8353e+06	0
4.8354e+06	0
4.8355e+06	0
4.8356e+06	0
4.8357e+06	0
4.8358e+06	0
4.8359e+06	0
4.836e+06	0
4.8361e+06	0
4.8362e+06	0
4.8363e+06	0
4.8364e+06	0
4.8365e+06	0
4.8366e+06	0
4.8367e+06	0
4.8368e+06	0
4.8369e+06	0
4.837e+06	0
4.8371e+06	0
4.8372e+06	0
4.8373e+06	0
4.8374e+06	0
4.8375e+06	0
4.8376e+06	0
4.8377e+06	0
4.8378e+06	0
4.8379e+06	0
4.838e+06	0
4.8381e+06	0
4.8382e+06	0
4.8383e+06	0
4.8384e+06	0
4.8385e+06	0
4.8386e+06	0
4.8387e+06	0
4.8388e+06	0
4.8389e+06	0
4.839e+06	0
4.8391e+06	0
4.8392e+06	0
4.8393e+06	0
4.8394e+06	0
4.8395e+06	0
4.8396e+06	0
4.8397e+06	0
4.8398e+06	0
4.8399e+06	0
4.84e+06	0
4.8401e+06	0
4.8402e+06	0
4.8403e+06	0
4.8404e+06	0
4.8405e+06	0
4.8406e+06	0
4.8407e+06	0
4.8408e+06	0
4.8409e+06	0
4.841e+06	0
4.8411e+06	0
4.8412e+06	0
4.8413e+06	0
4.8414e+06	0
4.8415e+06	0
4.8416e+06	0
4.8417e+06	0
4.8418e+06	0
4.8419e+06	0
4.842e+06	0
4.8421e+06	0
4.8422e+06	0
4.8423e+06	0
4.8424e+06	0
4.8425e+06	0
4.8426e+06	0
4.8427e+06	0
4.8428e+06	0
4.8429e+06	0
4.843e+06	0
4.8431e+06	0
4.8432e+06	0
4.8433e+06	0
4.8434e+06	0
4.8435e+06	0
4.8436e+06	0
4.8437e+06	0
4.8438e+06	0
4.8439e+06	0
4.844e+06	0
4.8441e+06	0
4.8442e+06	0
4.8443e+06	0
4.8444e+06	0
4.8445e+06	0
4.8446e+06	0
4.8447e+06	0
4.8448e+06	0
4.8449e+06	0
4.845e+06	0
4.8451e+06	0
4.8452e+06	0
4.8453e+06	0
4.8454e+06	0
4.8455e+06	0
4.8456e+06	0
4.8457e+06	0
4.8458e+06	0
4.8459e+06	0
4.846e+06	0
4.8461e+06	0
4.8462e+06	0
4.8463e+06	0
4.8464e+06	0
4.8465e+06	0
4.8466e+06	0
4.8467e+06	0
4.8468e+06	0
4.8469e+06	0
4.847e+06	0
4.8471e+06	0
4.8472e+06	0
4.8473e+06	0
4.8474e+06	0
4.8475e+06	0
4.8476e+06	0
4.8477e+06	0
4.8478e+06	0
4.8479e+06	0
4.848e+06	0
4.8481e+06	0
4.8482e+06	0
4.8483e+06	0
4.8484e+06	0
4.8485e+06	0
4.8486e+06	0
4.8487e+06	0
4.8488e+06	0
4.8489e+06	0
4.849e+06	0
4.8491e+06	0
4.8492e+06	0
4.8493e+06	0
4.8494e+06	0
4.8495e+06	0
4.8496e+06	0
4.8497e+06	0
4.8498e+06	0
4.8499e+06	0
4.85e+06	0
4.8501e+06	0
4.8502e+06	0
4.8503e+06	0
4.8504e+06	0
4.8505e+06	0
4.8506e+06	0
4.8507e+06	0
4.8508e+06	0
4.8509e+06	0
4.851e+06	0
4.8511e+06	0
4.8512e+06	0
4.8513e+06	0
4.8514e+06	0
4.8515e+06	0
4.8516e+06	0
4.8517e+06	0
4.8518e+06	0
4.8519e+06	0
4.852e+06	0
4.8521e+06	0
4.8522e+06	0
4.8523e+06	0
4.8524e+06	0
4.8525e+06	0
4.8526e+06	0
4.8527e+06	0
4.8528e+06	0
4.8529e+06	0
4.853e+06	0
4.8531e+06	0
4.8532e+06	0
4.8533e+06	0
4.8534e+06	0
4.8535e+06	0
4.8536e+06	0
4.8537e+06	0
4.8538e+06	0
4.8539e+06	0
4.854e+06	0
4.8541e+06	0
4.8542e+06	0
4.8543e+06	0
4.8544e+06	0
4.8545e+06	0
4.8546e+06	0
4.8547e+06	0
4.8548e+06	0
4.8549e+06	0
4.855e+06	0
4.8551e+06	0
4.8552e+06	0
4.8553e+06	0
4.8554e+06	0
4.8555e+06	0
4.8556e+06	0
4.8557e+06	0
4.8558e+06	0
4.8559e+06	0
4.856e+06	0
4.8561e+06	0
4.8562e+06	0
4.8563e+06	0
4.8564e+06	0
4.8565e+06	0
4.8566e+06	0
4.8567e+06	0
4.8568e+06	0
4.8569e+06	0
4.857e+06	0
4.8571e+06	0
4.8572e+06	0
4.8573e+06	0
4.8574e+06	0
4.8575e+06	0
4.8576e+06	0
4.8577e+06	0
4.8578e+06	0
4.8579e+06	0
4.858e+06	0
4.8581e+06	0
4.8582e+06	0
4.8583e+06	0
4.8584e+06	0
4.8585e+06	0
4.8586e+06	0
4.8587e+06	0
4.8588e+06	0
4.8589e+06	0
4.859e+06	0
4.8591e+06	0
4.8592e+06	0
4.8593e+06	0
4.8594e+06	0
4.8595e+06	0
4.8596e+06	0
4.8597e+06	0
4.8598e+06	0
4.8599e+06	0
4.86e+06	0
4.8601e+06	0
4.8602e+06	0
4.8603e+06	0
4.8604e+06	0
4.8605e+06	0
4.8606e+06	0
4.8607e+06	0
4.8608e+06	0
4.8609e+06	0
4.861e+06	0
4.8611e+06	0
4.8612e+06	0
4.8613e+06	0
4.8614e+06	0
4.8615e+06	0
4.8616e+06	0
4.8617e+06	0
4.8618e+06	0
4.8619e+06	0
4.862e+06	0
4.8621e+06	0
4.8622e+06	0
4.8623e+06	0
4.8624e+06	0
4.8625e+06	0
4.8626e+06	0
4.8627e+06	0
4.8628e+06	0
4.8629e+06	0
4.863e+06	0
4.8631e+06	0
4.8632e+06	0
4.8633e+06	0
4.8634e+06	0
4.8635e+06	0
4.8636e+06	0
4.8637e+06	0
4.8638e+06	0
4.8639e+06	0
4.864e+06	0
4.8641e+06	0
4.8642e+06	0
4.8643e+06	0
4.8644e+06	0
4.8645e+06	0
4.8646e+06	0
4.8647e+06	0
4.8648e+06	0
4.8649e+06	0
4.865e+06	0
4.8651e+06	0
4.8652e+06	0
4.8653e+06	0
4.8654e+06	0
4.8655e+06	0
4.8656e+06	0
4.8657e+06	0
4.8658e+06	0
4.8659e+06	0
4.866e+06	0
4.8661e+06	0
4.8662e+06	0
4.8663e+06	0
4.8664e+06	0
4.8665e+06	0
4.8666e+06	0
4.8667e+06	0
4.8668e+06	0
4.8669e+06	0
4.867e+06	0
4.8671e+06	0
4.8672e+06	0
4.8673e+06	0
4.8674e+06	0
4.8675e+06	0
4.8676e+06	0
4.8677e+06	0
4.8678e+06	0
4.8679e+06	0
4.868e+06	0
4.8681e+06	0
4.8682e+06	0
4.8683e+06	0
4.8684e+06	0
4.8685e+06	0
4.8686e+06	0
4.8687e+06	0
4.8688e+06	0
4.8689e+06	0
4.869e+06	0
4.8691e+06	0
4.8692e+06	0
4.8693e+06	0
4.8694e+06	0
4.8695e+06	0
4.8696e+06	0
4.8697e+06	0
4.8698e+06	0
4.8699e+06	0
4.87e+06	0
4.8701e+06	0
4.8702e+06	0
4.8703e+06	0
4.8704e+06	0
4.8705e+06	0
4.8706e+06	0
4.8707e+06	0
4.8708e+06	0
4.8709e+06	0
4.871e+06	0
4.8711e+06	0
4.8712e+06	0
4.8713e+06	0
4.8714e+06	0
4.8715e+06	0
4.8716e+06	0
4.8717e+06	0
4.8718e+06	0
4.8719e+06	0
4.872e+06	0
4.8721e+06	0
4.8722e+06	0
4.8723e+06	0
4.8724e+06	0
4.8725e+06	0
4.8726e+06	0
4.8727e+06	0
4.8728e+06	0
4.8729e+06	0
4.873e+06	0
4.8731e+06	0
4.8732e+06	0
4.8733e+06	0
4.8734e+06	0
4.8735e+06	0
4.8736e+06	0
4.8737e+06	0
4.8738e+06	0
4.8739e+06	0
4.874e+06	0
4.8741e+06	0
4.8742e+06	0
4.8743e+06	0
4.8744e+06	0
4.8745e+06	0
4.8746e+06	0
4.8747e+06	0
4.8748e+06	0
4.8749e+06	0
4.875e+06	0
4.8751e+06	0
4.8752e+06	0
4.8753e+06	0
4.8754e+06	0
4.8755e+06	0
4.8756e+06	0
4.8757e+06	0
4.8758e+06	0
4.8759e+06	0
4.876e+06	0
4.8761e+06	0
4.8762e+06	0
4.8763e+06	0
4.8764e+06	0
4.8765e+06	0
4.8766e+06	0
4.8767e+06	0
4.8768e+06	0
4.8769e+06	0
4.877e+06	0
4.8771e+06	0
4.8772e+06	0
4.8773e+06	0
4.8774e+06	0
4.8775e+06	0
4.8776e+06	0
4.8777e+06	0
4.8778e+06	0
4.8779e+06	0
4.878e+06	0
4.8781e+06	0
4.8782e+06	0
4.8783e+06	0
4.8784e+06	0
4.8785e+06	0
4.8786e+06	0
4.8787e+06	0
4.8788e+06	0
4.8789e+06	0
4.879e+06	0
4.8791e+06	0
4.8792e+06	0
4.8793e+06	0
4.8794e+06	0
4.8795e+06	0
4.8796e+06	0
4.8797e+06	0
4.8798e+06	0
4.8799e+06	0
4.88e+06	0
4.8801e+06	0
4.8802e+06	0
4.8803e+06	0
4.8804e+06	0
4.8805e+06	0
4.8806e+06	0
4.8807e+06	0
4.8808e+06	0
4.8809e+06	0
4.881e+06	0
4.8811e+06	0
4.8812e+06	0
4.8813e+06	0
4.8814e+06	0
4.8815e+06	0
4.8816e+06	0
4.8817e+06	0
4.8818e+06	0
4.8819e+06	0
4.882e+06	0
4.8821e+06	0
4.8822e+06	0
4.8823e+06	0
4.8824e+06	0
4.8825e+06	0
4.8826e+06	0
4.8827e+06	0
4.8828e+06	0
4.8829e+06	0
4.883e+06	0
4.8831e+06	0
4.8832e+06	0
4.8833e+06	0
4.8834e+06	0
4.8835e+06	0
4.8836e+06	0
4.8837e+06	0
4.8838e+06	0
4.8839e+06	0
4.884e+06	0
4.8841e+06	0
4.8842e+06	0
4.8843e+06	0
4.8844e+06	0
4.8845e+06	0
4.8846e+06	0
4.8847e+06	0
4.8848e+06	0
4.8849e+06	0
4.885e+06	0
4.8851e+06	0
4.8852e+06	0
4.8853e+06	0
4.8854e+06	0
4.8855e+06	0
4.8856e+06	0
4.8857e+06	0
4.8858e+06	0
4.8859e+06	0
4.886e+06	0
4.8861e+06	0
4.8862e+06	0
4.8863e+06	0
4.8864e+06	0
4.8865e+06	0
4.8866e+06	0
4.8867e+06	0
4.8868e+06	0
4.8869e+06	0
4.887e+06	0
4.8871e+06	0
4.8872e+06	0
4.8873e+06	0
4.8874e+06	0
4.8875e+06	0
4.8876e+06	0
4.8877e+06	0
4.8878e+06	0
4.8879e+06	0
4.888e+06	0
4.8881e+06	0
4.8882e+06	0
4.8883e+06	0
4.8884e+06	0
4.8885e+06	0
4.8886e+06	0
4.8887e+06	0
4.8888e+06	0
4.8889e+06	0
4.889e+06	0
4.8891e+06	0
4.8892e+06	0
4.8893e+06	0
4.8894e+06	0
4.8895e+06	0
4.8896e+06	0
4.8897e+06	0
4.8898e+06	0
4.8899e+06	0
4.89e+06	0
4.8901e+06	0
4.8902e+06	0
4.8903e+06	0
4.8904e+06	0
4.8905e+06	0
4.8906e+06	0
4.8907e+06	0
4.8908e+06	0
4.8909e+06	0
4.891e+06	0
4.8911e+06	0
4.8912e+06	0
4.8913e+06	0
4.8914e+06	0
4.8915e+06	0
4.8916e+06	0
4.8917e+06	0
4.8918e+06	0
4.8919e+06	0
4.892e+06	0
4.8921e+06	0
4.8922e+06	0
4.8923e+06	0
4.8924e+06	0
4.8925e+06	0
4.8926e+06	0
4.8927e+06	0
4.8928e+06	0
4.8929e+06	0
4.893e+06	0
4.8931e+06	0
4.8932e+06	0
4.8933e+06	0
4.8934e+06	0
4.8935e+06	0
4.8936e+06	0
4.8937e+06	0
4.8938e+06	0
4.8939e+06	0
4.894e+06	0
4.8941e+06	0
4.8942e+06	0
4.8943e+06	0
4.8944e+06	0
4.8945e+06	0
4.8946e+06	0
4.8947e+06	0
4.8948e+06	0
4.8949e+06	0
4.895e+06	0
4.8951e+06	0
4.8952e+06	0
4.8953e+06	0
4.8954e+06	0
4.8955e+06	0
4.8956e+06	0
4.8957e+06	0
4.8958e+06	0
4.8959e+06	0
4.896e+06	0
4.8961e+06	0
4.8962e+06	0
4.8963e+06	0
4.8964e+06	0
4.8965e+06	0
4.8966e+06	0
4.8967e+06	0
4.8968e+06	0
4.8969e+06	0
4.897e+06	0
4.8971e+06	0
4.8972e+06	0
4.8973e+06	0
4.8974e+06	0
4.8975e+06	0
4.8976e+06	0
4.8977e+06	0
4.8978e+06	0
4.8979e+06	0
4.898e+06	0
4.8981e+06	0
4.8982e+06	0
4.8983e+06	0
4.8984e+06	0
4.8985e+06	0
4.8986e+06	0
4.8987e+06	0
4.8988e+06	0
4.8989e+06	0
4.899e+06	0
4.8991e+06	0
4.8992e+06	0
4.8993e+06	0
4.8994e+06	0
4.8995e+06	0
4.8996e+06	0
4.8997e+06	0
4.8998e+06	0
4.8999e+06	0
4.9e+06	0
4.9001e+06	0
4.9002e+06	0
4.9003e+06	0
4.9004e+06	0
4.9005e+06	0
4.9006e+06	0
4.9007e+06	0
4.9008e+06	0
4.9009e+06	0
4.901e+06	0
4.9011e+06	0
4.9012e+06	0
4.9013e+06	0
4.9014e+06	0
4.9015e+06	0
4.9016e+06	0
4.9017e+06	0
4.9018e+06	0
4.9019e+06	0
4.902e+06	0
4.9021e+06	0
4.9022e+06	0
4.9023e+06	0
4.9024e+06	0
4.9025e+06	0
4.9026e+06	0
4.9027e+06	0
4.9028e+06	0
4.9029e+06	0
4.903e+06	0
4.9031e+06	0
4.9032e+06	0
4.9033e+06	0
4.9034e+06	0
4.9035e+06	0
4.9036e+06	0
4.9037e+06	0
4.9038e+06	0
4.9039e+06	0
4.904e+06	0
4.9041e+06	0
4.9042e+06	0
4.9043e+06	0
4.9044e+06	0
4.9045e+06	0
4.9046e+06	0
4.9047e+06	0
4.9048e+06	0
4.9049e+06	0
4.905e+06	0
4.9051e+06	0
4.9052e+06	0
4.9053e+06	0
4.9054e+06	0
4.9055e+06	0
4.9056e+06	0
4.9057e+06	0
4.9058e+06	0
4.9059e+06	0
4.906e+06	0
4.9061e+06	0
4.9062e+06	0
4.9063e+06	0
4.9064e+06	0
4.9065e+06	0
4.9066e+06	0
4.9067e+06	0
4.9068e+06	0
4.9069e+06	0
4.907e+06	0
4.9071e+06	0
4.9072e+06	0
4.9073e+06	0
4.9074e+06	0
4.9075e+06	0
4.9076e+06	0
4.9077e+06	0
4.9078e+06	0
4.9079e+06	0
4.908e+06	0
4.9081e+06	0
4.9082e+06	0
4.9083e+06	0
4.9084e+06	0
4.9085e+06	0
4.9086e+06	0
4.9087e+06	0
4.9088e+06	0
4.9089e+06	0
4.909e+06	0
4.9091e+06	0
4.9092e+06	0
4.9093e+06	0
4.9094e+06	0
4.9095e+06	0
4.9096e+06	0
4.9097e+06	0
4.9098e+06	0
4.9099e+06	0
4.91e+06	0
4.9101e+06	0
4.9102e+06	0
4.9103e+06	0
4.9104e+06	0
4.9105e+06	0
4.9106e+06	0
4.9107e+06	0
4.9108e+06	0
4.9109e+06	0
4.911e+06	0
4.9111e+06	0
4.9112e+06	0
4.9113e+06	0
4.9114e+06	0
4.9115e+06	0
4.9116e+06	0
4.9117e+06	0
4.9118e+06	0
4.9119e+06	0
4.912e+06	0
4.9121e+06	0
4.9122e+06	0
4.9123e+06	0
4.9124e+06	0
4.9125e+06	0
4.9126e+06	0
4.9127e+06	0
4.9128e+06	0
4.9129e+06	0
4.913e+06	0
4.9131e+06	0
4.9132e+06	0
4.9133e+06	0
4.9134e+06	0
4.9135e+06	0
4.9136e+06	0
4.9137e+06	0
4.9138e+06	0
4.9139e+06	0
4.914e+06	0
4.9141e+06	0
4.9142e+06	0
4.9143e+06	0
4.9144e+06	0
4.9145e+06	0
4.9146e+06	0
4.9147e+06	0
4.9148e+06	0
4.9149e+06	0
4.915e+06	0
4.9151e+06	0
4.9152e+06	0
4.9153e+06	0
4.9154e+06	0
4.9155e+06	0
4.9156e+06	0
4.9157e+06	0
4.9158e+06	0
4.9159e+06	0
4.916e+06	0
4.9161e+06	0
4.9162e+06	0
4.9163e+06	0
4.9164e+06	0
4.9165e+06	0
4.9166e+06	0
4.9167e+06	0
4.9168e+06	0
4.9169e+06	0
4.917e+06	0
4.9171e+06	0
4.9172e+06	0
4.9173e+06	0
4.9174e+06	0
4.9175e+06	0
4.9176e+06	0
4.9177e+06	0
4.9178e+06	0
4.9179e+06	0
4.918e+06	0
4.9181e+06	0
4.9182e+06	0
4.9183e+06	0
4.9184e+06	0
4.9185e+06	0
4.9186e+06	0
4.9187e+06	0
4.9188e+06	0
4.9189e+06	0
4.919e+06	0
4.9191e+06	0
4.9192e+06	0
4.9193e+06	0
4.9194e+06	0
4.9195e+06	0
4.9196e+06	0
4.9197e+06	0
4.9198e+06	0
4.9199e+06	0
4.92e+06	0
4.9201e+06	0
4.9202e+06	0
4.9203e+06	0
4.9204e+06	0
4.9205e+06	0
4.9206e+06	0
4.9207e+06	0
4.9208e+06	0
4.9209e+06	0
4.921e+06	0
4.9211e+06	0
4.9212e+06	0
4.9213e+06	0
4.9214e+06	0
4.9215e+06	0
4.9216e+06	0
4.9217e+06	0
4.9218e+06	0
4.9219e+06	0
4.922e+06	0
4.9221e+06	0
4.9222e+06	0
4.9223e+06	0
4.9224e+06	0
4.9225e+06	0
4.9226e+06	0
4.9227e+06	0
4.9228e+06	0
4.9229e+06	0
4.923e+06	0
4.9231e+06	0
4.9232e+06	0
4.9233e+06	0
4.9234e+06	0
4.9235e+06	0
4.9236e+06	0
4.9237e+06	0
4.9238e+06	0
4.9239e+06	0
4.924e+06	0
4.9241e+06	0
4.9242e+06	0
4.9243e+06	0
4.9244e+06	0
4.9245e+06	0
4.9246e+06	0
4.9247e+06	0
4.9248e+06	0
4.9249e+06	0
4.925e+06	0
4.9251e+06	0
4.9252e+06	0
4.9253e+06	0
4.9254e+06	0
4.9255e+06	0
4.9256e+06	0
4.9257e+06	0
4.9258e+06	0
4.9259e+06	0
4.926e+06	0
4.9261e+06	0
4.9262e+06	0
4.9263e+06	0
4.9264e+06	0
4.9265e+06	0
4.9266e+06	0
4.9267e+06	0
4.9268e+06	0
4.9269e+06	0
4.927e+06	0
4.9271e+06	0
4.9272e+06	0
4.9273e+06	0
4.9274e+06	0
4.9275e+06	0
4.9276e+06	0
4.9277e+06	0
4.9278e+06	0
4.9279e+06	0
4.928e+06	0
4.9281e+06	0
4.9282e+06	0
4.9283e+06	0
4.9284e+06	0
4.9285e+06	0
4.9286e+06	0
4.9287e+06	0
4.9288e+06	0
4.9289e+06	0
4.929e+06	0
4.9291e+06	0
4.9292e+06	0
4.9293e+06	0
4.9294e+06	0
4.9295e+06	0
4.9296e+06	0
4.9297e+06	0
4.9298e+06	0
4.9299e+06	0
4.93e+06	0
4.9301e+06	0
4.9302e+06	0
4.9303e+06	0
4.9304e+06	0
4.9305e+06	0
4.9306e+06	0
4.9307e+06	0
4.9308e+06	0
4.9309e+06	0
4.931e+06	0
4.9311e+06	0
4.9312e+06	0
4.9313e+06	0
4.9314e+06	0
4.9315e+06	0
4.9316e+06	0
4.9317e+06	0
4.9318e+06	0
4.9319e+06	0
4.932e+06	0
4.9321e+06	0
4.9322e+06	0
4.9323e+06	0
4.9324e+06	0
4.9325e+06	0
4.9326e+06	0
4.9327e+06	0
4.9328e+06	0
4.9329e+06	0
4.933e+06	0
4.9331e+06	0
4.9332e+06	0
4.9333e+06	0
4.9334e+06	0
4.9335e+06	0
4.9336e+06	0
4.9337e+06	0
4.9338e+06	0
4.9339e+06	0
4.934e+06	0
4.9341e+06	0
4.9342e+06	0
4.9343e+06	0
4.9344e+06	0
4.9345e+06	0
4.9346e+06	0
4.9347e+06	0
4.9348e+06	0
4.9349e+06	0
4.935e+06	0
4.9351e+06	0
4.9352e+06	0
4.9353e+06	0
4.9354e+06	0
4.9355e+06	0
4.9356e+06	0
4.9357e+06	0
4.9358e+06	0
4.9359e+06	0
4.936e+06	0
4.9361e+06	0
4.9362e+06	0
4.9363e+06	0
4.9364e+06	0
4.9365e+06	0
4.9366e+06	0
4.9367e+06	0
4.9368e+06	0
4.9369e+06	0
4.937e+06	0
4.9371e+06	0
4.9372e+06	0
4.9373e+06	0
4.9374e+06	0
4.9375e+06	0
4.9376e+06	0
4.9377e+06	0
4.9378e+06	0
4.9379e+06	0
4.938e+06	0
4.9381e+06	0
4.9382e+06	0
4.9383e+06	0
4.9384e+06	0
4.9385e+06	0
4.9386e+06	0
4.9387e+06	0
4.9388e+06	0
4.9389e+06	0
4.939e+06	0
4.9391e+06	0
4.9392e+06	0
4.9393e+06	0
4.9394e+06	0
4.9395e+06	0
4.9396e+06	0
4.9397e+06	0
4.9398e+06	0
4.9399e+06	0
4.94e+06	0
4.9401e+06	0
4.9402e+06	0
4.9403e+06	0
4.9404e+06	0
4.9405e+06	0
4.9406e+06	0
4.9407e+06	0
4.9408e+06	0
4.9409e+06	0
4.941e+06	0
4.9411e+06	0
4.9412e+06	0
4.9413e+06	0
4.9414e+06	0
4.9415e+06	0
4.9416e+06	0
4.9417e+06	0
4.9418e+06	0
4.9419e+06	0
4.942e+06	0
4.9421e+06	0
4.9422e+06	0
4.9423e+06	0
4.9424e+06	0
4.9425e+06	0
4.9426e+06	0
4.9427e+06	0
4.9428e+06	0
4.9429e+06	0
4.943e+06	0
4.9431e+06	0
4.9432e+06	0
4.9433e+06	0
4.9434e+06	0
4.9435e+06	0
4.9436e+06	0
4.9437e+06	0
4.9438e+06	0
4.9439e+06	0
4.944e+06	0
4.9441e+06	0
4.9442e+06	0
4.9443e+06	0
4.9444e+06	0
4.9445e+06	0
4.9446e+06	0
4.9447e+06	0
4.9448e+06	0
4.9449e+06	0
4.945e+06	0
4.9451e+06	0
4.9452e+06	0
4.9453e+06	0
4.9454e+06	0
4.9455e+06	0
4.9456e+06	0
4.9457e+06	0
4.9458e+06	0
4.9459e+06	0
4.946e+06	0
4.9461e+06	0
4.9462e+06	0
4.9463e+06	0
4.9464e+06	0
4.9465e+06	0
4.9466e+06	0
4.9467e+06	0
4.9468e+06	0
4.9469e+06	0
4.947e+06	0
4.9471e+06	0
4.9472e+06	0
4.9473e+06	0
4.9474e+06	0
4.9475e+06	0
4.9476e+06	0
4.9477e+06	0
4.9478e+06	0
4.9479e+06	0
4.948e+06	0
4.9481e+06	0
4.9482e+06	0
4.9483e+06	0
4.9484e+06	0
4.9485e+06	0
4.9486e+06	0
4.9487e+06	0
4.9488e+06	0
4.9489e+06	0
4.949e+06	0
4.9491e+06	0
4.9492e+06	0
4.9493e+06	0
4.9494e+06	0
4.9495e+06	0
4.9496e+06	0
4.9497e+06	0
4.9498e+06	0
4.9499e+06	0
4.95e+06	0
4.9501e+06	0
4.9502e+06	0
4.9503e+06	0
4.9504e+06	0
4.9505e+06	0
4.9506e+06	0
4.9507e+06	0
4.9508e+06	0
4.9509e+06	0
4.951e+06	0
4.9511e+06	0
4.9512e+06	0
4.9513e+06	0
4.9514e+06	0
4.9515e+06	0
4.9516e+06	0
4.9517e+06	0
4.9518e+06	0
4.9519e+06	0
4.952e+06	0
4.9521e+06	0
4.9522e+06	0
4.9523e+06	0
4.9524e+06	0
4.9525e+06	0
4.9526e+06	0
4.9527e+06	0
4.9528e+06	0
4.9529e+06	0
4.953e+06	0
4.9531e+06	0
4.9532e+06	0
4.9533e+06	0
4.9534e+06	0
4.9535e+06	0
4.9536e+06	0
4.9537e+06	0
4.9538e+06	0
4.9539e+06	0
4.954e+06	0
4.9541e+06	0
4.9542e+06	0
4.9543e+06	0
4.9544e+06	0
4.9545e+06	0
4.9546e+06	0
4.9547e+06	0
4.9548e+06	0
4.9549e+06	0
4.955e+06	0
4.9551e+06	0
4.9552e+06	0
4.9553e+06	0
4.9554e+06	0
4.9555e+06	0
4.9556e+06	0
4.9557e+06	0
4.9558e+06	0
4.9559e+06	0
4.956e+06	0
4.9561e+06	0
4.9562e+06	0
4.9563e+06	0
4.9564e+06	0
4.9565e+06	0
4.9566e+06	0
4.9567e+06	0
4.9568e+06	0
4.9569e+06	0
4.957e+06	0
4.9571e+06	0
4.9572e+06	0
4.9573e+06	0
4.9574e+06	0
4.9575e+06	0
4.9576e+06	0
4.9577e+06	0
4.9578e+06	0
4.9579e+06	0
4.958e+06	0
4.9581e+06	0
4.9582e+06	0
4.9583e+06	0
4.9584e+06	0
4.9585e+06	0
4.9586e+06	0
4.9587e+06	0
4.9588e+06	0
4.9589e+06	0
4.959e+06	0
4.9591e+06	0
4.9592e+06	0
4.9593e+06	0
4.9594e+06	0
4.9595e+06	0
4.9596e+06	0
4.9597e+06	0
4.9598e+06	0
4.9599e+06	0
4.96e+06	0
4.9601e+06	0
4.9602e+06	0
4.9603e+06	0
4.9604e+06	0
4.9605e+06	0
4.9606e+06	0
4.9607e+06	0
4.9608e+06	0
4.9609e+06	0
4.961e+06	0
4.9611e+06	0
4.9612e+06	0
4.9613e+06	0
4.9614e+06	0
4.9615e+06	0
4.9616e+06	0
4.9617e+06	0
4.9618e+06	0
4.9619e+06	0
4.962e+06	0
4.9621e+06	0
4.9622e+06	0
4.9623e+06	0
4.9624e+06	0
4.9625e+06	0
4.9626e+06	0
4.9627e+06	0
4.9628e+06	0
4.9629e+06	0
4.963e+06	0
4.9631e+06	0
4.9632e+06	0
4.9633e+06	0
4.9634e+06	0
4.9635e+06	0
4.9636e+06	0
4.9637e+06	0
4.9638e+06	0
4.9639e+06	0
4.964e+06	0
4.9641e+06	0
4.9642e+06	0
4.9643e+06	0
4.9644e+06	0
4.9645e+06	0
4.9646e+06	0
4.9647e+06	0
4.9648e+06	0
4.9649e+06	0
4.965e+06	0
4.9651e+06	0
4.9652e+06	0
4.9653e+06	0
4.9654e+06	0
4.9655e+06	0
4.9656e+06	0
4.9657e+06	0
4.9658e+06	0
4.9659e+06	0
4.966e+06	0
4.9661e+06	0
4.9662e+06	0
4.9663e+06	0
4.9664e+06	0
4.9665e+06	0
4.9666e+06	0
4.9667e+06	0
4.9668e+06	0
4.9669e+06	0
4.967e+06	0
4.9671e+06	0
4.9672e+06	0
4.9673e+06	0
4.9674e+06	0
4.9675e+06	0
4.9676e+06	0
4.9677e+06	0
4.9678e+06	0
4.9679e+06	0
4.968e+06	0
4.9681e+06	0
4.9682e+06	0
4.9683e+06	0
4.9684e+06	0
4.9685e+06	0
4.9686e+06	0
4.9687e+06	0
4.9688e+06	0
4.9689e+06	0
4.969e+06	0
4.9691e+06	0
4.9692e+06	0
4.9693e+06	0
4.9694e+06	0
4.9695e+06	0
4.9696e+06	0
4.9697e+06	0
4.9698e+06	0
4.9699e+06	0
4.97e+06	0
4.9701e+06	0
4.9702e+06	0
4.9703e+06	0
4.9704e+06	0
4.9705e+06	0
4.9706e+06	0
4.9707e+06	0
4.9708e+06	0
4.9709e+06	0
4.971e+06	0
4.9711e+06	0
4.9712e+06	0
4.9713e+06	0
4.9714e+06	0
4.9715e+06	0
4.9716e+06	0
4.9717e+06	0
4.9718e+06	0
4.9719e+06	0
4.972e+06	0
4.9721e+06	0
4.9722e+06	0
4.9723e+06	0
4.9724e+06	0
4.9725e+06	0
4.9726e+06	0
4.9727e+06	0
4.9728e+06	0
4.9729e+06	0
4.973e+06	0
4.9731e+06	0
4.9732e+06	0
4.9733e+06	0
4.9734e+06	0
4.9735e+06	0
4.9736e+06	0
4.9737e+06	0
4.9738e+06	0
4.9739e+06	0
4.974e+06	0
4.9741e+06	0
4.9742e+06	0
4.9743e+06	0
4.9744e+06	0
4.9745e+06	0
4.9746e+06	0
4.9747e+06	0
4.9748e+06	0
4.9749e+06	0
4.975e+06	0
4.9751e+06	0
4.9752e+06	0
4.9753e+06	0
4.9754e+06	0
4.9755e+06	0
4.9756e+06	0
4.9757e+06	0
4.9758e+06	0
4.9759e+06	0
4.976e+06	0
4.9761e+06	0
4.9762e+06	0
4.9763e+06	0
4.9764e+06	0
4.9765e+06	0
4.9766e+06	0
4.9767e+06	0
4.9768e+06	0
4.9769e+06	0
4.977e+06	0
4.9771e+06	0
4.9772e+06	0
4.9773e+06	0
4.9774e+06	0
4.9775e+06	0
4.9776e+06	0
4.9777e+06	0
4.9778e+06	0
4.9779e+06	0
4.978e+06	0
4.9781e+06	0
4.9782e+06	0
4.9783e+06	0
4.9784e+06	0
4.9785e+06	0
4.9786e+06	0
4.9787e+06	0
4.9788e+06	0
4.9789e+06	0
4.979e+06	0
4.9791e+06	0
4.9792e+06	0
4.9793e+06	0
4.9794e+06	0
4.9795e+06	0
4.9796e+06	0
4.9797e+06	0
4.9798e+06	0
4.9799e+06	0
4.98e+06	0
4.9801e+06	0
4.9802e+06	0
4.9803e+06	0
4.9804e+06	0
4.9805e+06	0
4.9806e+06	0
4.9807e+06	0
4.9808e+06	0
4.9809e+06	0
4.981e+06	0
4.9811e+06	0
4.9812e+06	0
4.9813e+06	0
4.9814e+06	0
4.9815e+06	0
4.9816e+06	0
4.9817e+06	0
4.9818e+06	0
4.9819e+06	0
4.982e+06	0
4.9821e+06	0
4.9822e+06	0
4.9823e+06	0
4.9824e+06	0
4.9825e+06	0
4.9826e+06	0
4.9827e+06	0
4.9828e+06	0
4.9829e+06	0
4.983e+06	0
4.9831e+06	0
4.9832e+06	0
4.9833e+06	0
4.9834e+06	0
4.9835e+06	0
4.9836e+06	0
4.9837e+06	0
4.9838e+06	0
4.9839e+06	0
4.984e+06	0
4.9841e+06	0
4.9842e+06	0
4.9843e+06	0
4.9844e+06	0
4.9845e+06	0
4.9846e+06	0
4.9847e+06	0
4.9848e+06	0
4.9849e+06	0
4.985e+06	0
4.9851e+06	0
4.9852e+06	0
4.9853e+06	0
4.9854e+06	0
4.9855e+06	0
4.9856e+06	0
4.9857e+06	0
4.9858e+06	0
4.9859e+06	0
4.986e+06	0
4.9861e+06	0
4.9862e+06	0
4.9863e+06	0
4.9864e+06	0
4.9865e+06	0
4.9866e+06	0
4.9867e+06	0
4.9868e+06	0
4.9869e+06	0
4.987e+06	0
4.9871e+06	0
4.9872e+06	0
4.9873e+06	0
4.9874e+06	0
4.9875e+06	0
4.9876e+06	0
4.9877e+06	0
4.9878e+06	0
4.9879e+06	0
4.988e+06	0
4.9881e+06	0
4.9882e+06	0
4.9883e+06	0
4.9884e+06	0
4.9885e+06	0
4.9886e+06	0
4.9887e+06	0
4.9888e+06	0
4.9889e+06	0
4.989e+06	0
4.9891e+06	0
4.9892e+06	0
4.9893e+06	0
4.9894e+06	0
4.9895e+06	0
4.9896e+06	0
4.9897e+06	0
4.9898e+06	0
4.9899e+06	0
4.99e+06	0
4.9901e+06	0
4.9902e+06	0
4.9903e+06	0
4.9904e+06	0
4.9905e+06	0
4.9906e+06	0
4.9907e+06	0
4.9908e+06	0
4.9909e+06	0
4.991e+06	0
4.9911e+06	0
4.9912e+06	0
4.9913e+06	0
4.9914e+06	0
4.9915e+06	0
4.9916e+06	0
4.9917e+06	0
4.9918e+06	0
4.9919e+06	0
4.992e+06	0
4.9921e+06	0
4.9922e+06	0
4.9923e+06	0
4.9924e+06	0
4.9925e+06	0
4.9926e+06	0
4.9927e+06	0
4.9928e+06	0
4.9929e+06	0
4.993e+06	0
4.9931e+06	0
4.9932e+06	0
4.9933e+06	0
4.9934e+06	0
4.9935e+06	0
4.9936e+06	0
4.9937e+06	0
4.9938e+06	0
4.9939e+06	0
4.994e+06	0
4.9941e+06	0
4.9942e+06	0
4.9943e+06	0
4.9944e+06	0
4.9945e+06	0
4.9946e+06	0
4.9947e+06	0
4.9948e+06	0
4.9949e+06	0
4.995e+06	0
4.9951e+06	0
4.9952e+06	0
4.9953e+06	0
4.9954e+06	0
4.9955e+06	0
4.9956e+06	0
4.9957e+06	0
4.9958e+06	0
4.9959e+06	0
4.996e+06	0
4.9961e+06	0
4.9962e+06	0
4.9963e+06	0
4.9964e+06	0
4.9965e+06	0
4.9966e+06	0
4.9967e+06	0
4.9968e+06	0
4.9969e+06	0
4.997e+06	0
4.9971e+06	0
4.9972e+06	0
4.9973e+06	0
4.9974e+06	0
4.9975e+06	0
4.9976e+06	0
4.9977e+06	0
4.9978e+06	0
4.9979e+06	0
4.998e+06	0
4.9981e+06	0
4.9982e+06	0
4.9983e+06	0
4.9984e+06	0
4.9985e+06	0
4.9986e+06	0
4.9987e+06	0
4.9988e+06	0
4.9989e+06	0
4.999e+06	0
4.9991e+06	0
4.9992e+06	0
4.9993e+06	0
4.9994e+06	0
4.9995e+06	0
4.9996e+06	0
4.9997e+06	0
4.9998e+06	0
4.9999e+06	0
5e+06	0
5.0001e+06	0
5.0002e+06	0
5.0003e+06	0
5.0004e+06	0
5.0005e+06	0
5.0006e+06	0
5.0007e+06	0
5.0008e+06	0
5.0009e+06	0
5.001e+06	0
5.0011e+06	0
5.0012e+06	0
5.0013e+06	0
5.0014e+06	0
5.0015e+06	0
5.0016e+06	0
5.0017e+06	0
5.0018e+06	0
5.0019e+06	0
5.002e+06	0
5.0021e+06	0
5.0022e+06	0
5.0023e+06	0
5.0024e+06	0
5.0025e+06	0
5.0026e+06	0
5.0027e+06	0
5.0028e+06	0
5.0029e+06	0
5.003e+06	0
5.0031e+06	0
5.0032e+06	0
5.0033e+06	0
5.0034e+06	0
5.0035e+06	0
5.0036e+06	0
5.0037e+06	0
5.0038e+06	0
5.0039e+06	0
5.004e+06	0
5.0041e+06	0
5.0042e+06	0
5.0043e+06	0
5.0044e+06	0
5.0045e+06	0
5.0046e+06	0
5.0047e+06	0
5.0048e+06	0
5.0049e+06	0
5.005e+06	0
5.0051e+06	0
5.0052e+06	0
5.0053e+06	0
5.0054e+06	0
5.0055e+06	0
5.0056e+06	0
5.0057e+06	0
5.0058e+06	0
5.0059e+06	0
5.006e+06	0
5.0061e+06	0
5.0062e+06	0
5.0063e+06	0
5.0064e+06	0
5.0065e+06	0
5.0066e+06	0
5.0067e+06	0
5.0068e+06	0
5.0069e+06	0
5.007e+06	0
5.0071e+06	0
5.0072e+06	0
5.0073e+06	0
5.0074e+06	0
5.0075e+06	0
5.0076e+06	0
5.0077e+06	0
5.0078e+06	0
5.0079e+06	0
5.008e+06	0
5.0081e+06	0
5.0082e+06	0
5.0083e+06	0
5.0084e+06	0
5.0085e+06	0
5.0086e+06	0
5.0087e+06	0
5.0088e+06	0
5.0089e+06	0
5.009e+06	0
5.0091e+06	0
5.0092e+06	0
5.0093e+06	0
5.0094e+06	0
5.0095e+06	0
5.0096e+06	0
5.0097e+06	0
5.0098e+06	0
5.0099e+06	0
5.01e+06	0
5.0101e+06	0
5.0102e+06	0
5.0103e+06	0
5.0104e+06	0
5.0105e+06	0
5.0106e+06	0
5.0107e+06	0
5.0108e+06	0
5.0109e+06	0
5.011e+06	0
5.0111e+06	0
5.0112e+06	0
5.0113e+06	0
5.0114e+06	0
5.0115e+06	0
5.0116e+06	0
5.0117e+06	0
5.0118e+06	0
5.0119e+06	0
5.012e+06	0
5.0121e+06	0
5.0122e+06	0
5.0123e+06	0
5.0124e+06	0
5.0125e+06	0
5.0126e+06	0
5.0127e+06	0
5.0128e+06	0
5.0129e+06	0
5.013e+06	0
5.0131e+06	0
5.0132e+06	0
5.0133e+06	0
5.0134e+06	0
5.0135e+06	0
5.0136e+06	0
5.0137e+06	0
5.0138e+06	0
5.0139e+06	0
5.014e+06	0
5.0141e+06	0
5.0142e+06	0
5.0143e+06	0
5.0144e+06	0
5.0145e+06	0
5.0146e+06	0
5.0147e+06	0
5.0148e+06	0
5.0149e+06	0
5.015e+06	0
5.0151e+06	0
5.0152e+06	0
5.0153e+06	0
5.0154e+06	0
5.0155e+06	0
5.0156e+06	0
5.0157e+06	0
5.0158e+06	0
5.0159e+06	0
5.016e+06	0
5.0161e+06	0
5.0162e+06	0
5.0163e+06	0
5.0164e+06	0
5.0165e+06	0
5.0166e+06	0
5.0167e+06	0
5.0168e+06	0
5.0169e+06	0
5.017e+06	0
5.0171e+06	0
5.0172e+06	0
5.0173e+06	0
5.0174e+06	0
5.0175e+06	0
5.0176e+06	0
5.0177e+06	0
5.0178e+06	0
5.0179e+06	0
5.018e+06	0
5.0181e+06	0
5.0182e+06	0
5.0183e+06	0
5.0184e+06	0
5.0185e+06	0
5.0186e+06	0
5.0187e+06	0
5.0188e+06	0
5.0189e+06	0
5.019e+06	0
5.0191e+06	0
5.0192e+06	0
5.0193e+06	0
5.0194e+06	0
5.0195e+06	0
5.0196e+06	0
5.0197e+06	0
5.0198e+06	0
5.0199e+06	0
5.02e+06	0
5.0201e+06	0
5.0202e+06	0
5.0203e+06	0
5.0204e+06	0
5.0205e+06	0
5.0206e+06	0
5.0207e+06	0
5.0208e+06	0
5.0209e+06	0
5.021e+06	0
5.0211e+06	0
5.0212e+06	0
5.0213e+06	0
5.0214e+06	0
5.0215e+06	0
5.0216e+06	0
5.0217e+06	0
5.0218e+06	0
5.0219e+06	0
5.022e+06	0
5.0221e+06	0
5.0222e+06	0
5.0223e+06	0
5.0224e+06	0
5.0225e+06	0
5.0226e+06	0
5.0227e+06	0
5.0228e+06	0
5.0229e+06	0
5.023e+06	0
5.0231e+06	0
5.0232e+06	0
5.0233e+06	0
5.0234e+06	0
5.0235e+06	0
5.0236e+06	0
5.0237e+06	0
5.0238e+06	0
5.0239e+06	0
5.024e+06	0
5.0241e+06	0
5.0242e+06	0
5.0243e+06	0
5.0244e+06	0
5.0245e+06	0
5.0246e+06	0
5.0247e+06	0
5.0248e+06	0
5.0249e+06	0
5.025e+06	0
5.0251e+06	0
5.0252e+06	0
5.0253e+06	0
5.0254e+06	0
5.0255e+06	0
5.0256e+06	0
5.0257e+06	0
5.0258e+06	0
5.0259e+06	0
5.026e+06	0
5.0261e+06	0
5.0262e+06	0
5.0263e+06	0
5.0264e+06	0
5.0265e+06	0
5.0266e+06	0
5.0267e+06	0
5.0268e+06	0
5.0269e+06	0
5.027e+06	0
5.0271e+06	0
5.0272e+06	0
5.0273e+06	0
5.0274e+06	0
5.0275e+06	0
5.0276e+06	0
5.0277e+06	0
5.0278e+06	0
5.0279e+06	0
5.028e+06	0
5.0281e+06	0
5.0282e+06	0
5.0283e+06	0
5.0284e+06	0
5.0285e+06	0
5.0286e+06	0
5.0287e+06	0
5.0288e+06	0
5.0289e+06	0
5.029e+06	0
5.0291e+06	0
5.0292e+06	0
5.0293e+06	0
5.0294e+06	0
5.0295e+06	0
5.0296e+06	0
5.0297e+06	0
5.0298e+06	0
5.0299e+06	0
5.03e+06	0
5.0301e+06	0
5.0302e+06	0
5.0303e+06	0
5.0304e+06	0
5.0305e+06	0
5.0306e+06	0
5.0307e+06	0
5.0308e+06	0
5.0309e+06	0
5.031e+06	0
5.0311e+06	0
5.0312e+06	0
5.0313e+06	0
5.0314e+06	0
5.0315e+06	0
5.0316e+06	0
5.0317e+06	0
5.0318e+06	0
5.0319e+06	0
5.032e+06	0
5.0321e+06	0
5.0322e+06	0
5.0323e+06	0
5.0324e+06	0
5.0325e+06	0
5.0326e+06	0
5.0327e+06	0
5.0328e+06	0
5.0329e+06	0
5.033e+06	0
5.0331e+06	0
5.0332e+06	0
5.0333e+06	0
5.0334e+06	0
5.0335e+06	0
5.0336e+06	0
5.0337e+06	0
5.0338e+06	0
5.0339e+06	0
5.034e+06	0
5.0341e+06	0
5.0342e+06	0
5.0343e+06	0
5.0344e+06	0
5.0345e+06	0
5.0346e+06	0
5.0347e+06	0
5.0348e+06	0
5.0349e+06	0
5.035e+06	0
5.0351e+06	0
5.0352e+06	0
5.0353e+06	0
5.0354e+06	0
5.0355e+06	0
5.0356e+06	0
5.0357e+06	0
5.0358e+06	0
5.0359e+06	0
5.036e+06	0
5.0361e+06	0
5.0362e+06	0
5.0363e+06	0
5.0364e+06	0
5.0365e+06	0
5.0366e+06	0
5.0367e+06	0
5.0368e+06	0
5.0369e+06	0
5.037e+06	0
5.0371e+06	0
5.0372e+06	0
5.0373e+06	0
5.0374e+06	0
5.0375e+06	0
5.0376e+06	0
5.0377e+06	0
5.0378e+06	0
5.0379e+06	0
5.038e+06	0
5.0381e+06	0
5.0382e+06	0
5.0383e+06	0
5.0384e+06	0
5.0385e+06	0
5.0386e+06	0
5.0387e+06	0
5.0388e+06	0
5.0389e+06	0
5.039e+06	0
5.0391e+06	0
5.0392e+06	0
5.0393e+06	0
5.0394e+06	0
5.0395e+06	0
5.0396e+06	0
5.0397e+06	0
5.0398e+06	0
5.0399e+06	0
5.04e+06	0
5.0401e+06	0
5.0402e+06	0
5.0403e+06	0
5.0404e+06	0
5.0405e+06	0
5.0406e+06	0
5.0407e+06	0
5.0408e+06	0
5.0409e+06	0
5.041e+06	0
5.0411e+06	0
5.0412e+06	0
5.0413e+06	0
5.0414e+06	0
5.0415e+06	0
5.0416e+06	0
5.0417e+06	0
5.0418e+06	0
5.0419e+06	0
5.042e+06	0
5.0421e+06	0
5.0422e+06	0
5.0423e+06	0
5.0424e+06	0
5.0425e+06	0
5.0426e+06	0
5.0427e+06	0
5.0428e+06	0
5.0429e+06	0
5.043e+06	0
5.0431e+06	0
5.0432e+06	0
5.0433e+06	0
5.0434e+06	0
5.0435e+06	0
5.0436e+06	0
5.0437e+06	0
5.0438e+06	0
5.0439e+06	0
5.044e+06	0
5.0441e+06	0
5.0442e+06	0
5.0443e+06	0
5.0444e+06	0
5.0445e+06	0
5.0446e+06	0
5.0447e+06	0
5.0448e+06	0
5.0449e+06	0
5.045e+06	0
5.0451e+06	0
5.0452e+06	0
5.0453e+06	0
5.0454e+06	0
5.0455e+06	0
5.0456e+06	0
5.0457e+06	0
5.0458e+06	0
5.0459e+06	0
5.046e+06	0
5.0461e+06	0
5.0462e+06	0
5.0463e+06	0
5.0464e+06	0
5.0465e+06	0
5.0466e+06	0
5.0467e+06	0
5.0468e+06	0
5.0469e+06	0
5.047e+06	0
5.0471e+06	0
5.0472e+06	0
5.0473e+06	0
5.0474e+06	0
5.0475e+06	0
5.0476e+06	0
5.0477e+06	0
5.0478e+06	0
5.0479e+06	0
5.048e+06	0
5.0481e+06	0
5.0482e+06	0
5.0483e+06	0
5.0484e+06	0
5.0485e+06	0
5.0486e+06	0
5.0487e+06	0
5.0488e+06	0
5.0489e+06	0
5.049e+06	0
5.0491e+06	0
5.0492e+06	0
5.0493e+06	0
5.0494e+06	0
5.0495e+06	0
5.0496e+06	0
5.0497e+06	0
5.0498e+06	0
5.0499e+06	0
5.05e+06	0
5.0501e+06	0
5.0502e+06	0
5.0503e+06	0
5.0504e+06	0
5.0505e+06	0
5.0506e+06	0
5.0507e+06	0
5.0508e+06	0
5.0509e+06	0
5.051e+06	0
5.0511e+06	0
5.0512e+06	0
5.0513e+06	0
5.0514e+06	0
5.0515e+06	0
5.0516e+06	0
5.0517e+06	0
5.0518e+06	0
5.0519e+06	0
5.052e+06	0
5.0521e+06	0
5.0522e+06	0
5.0523e+06	0
5.0524e+06	0
5.0525e+06	0
5.0526e+06	0
5.0527e+06	0
5.0528e+06	0
5.0529e+06	0
5.053e+06	0
5.0531e+06	0
5.0532e+06	0
5.0533e+06	0
5.0534e+06	0
5.0535e+06	0
5.0536e+06	0
5.0537e+06	0
5.0538e+06	0
5.0539e+06	0
5.054e+06	0
5.0541e+06	0
5.0542e+06	0
5.0543e+06	0
5.0544e+06	0
5.0545e+06	0
5.0546e+06	0
5.0547e+06	0
5.0548e+06	0
5.0549e+06	0
5.055e+06	0
5.0551e+06	0
5.0552e+06	0
5.0553e+06	0
5.0554e+06	0
5.0555e+06	0
5.0556e+06	0
5.0557e+06	0
5.0558e+06	0
5.0559e+06	0
5.056e+06	0
5.0561e+06	0
5.0562e+06	0
5.0563e+06	0
5.0564e+06	0
5.0565e+06	0
5.0566e+06	0
5.0567e+06	0
5.0568e+06	0
5.0569e+06	0
5.057e+06	0
5.0571e+06	0
5.0572e+06	0
5.0573e+06	0
5.0574e+06	0
5.0575e+06	0
5.0576e+06	0
5.0577e+06	0
5.0578e+06	0
5.0579e+06	0
5.058e+06	0
5.0581e+06	0
5.0582e+06	0
5.0583e+06	0
5.0584e+06	0
5.0585e+06	0
5.0586e+06	0
5.0587e+06	0
5.0588e+06	0
5.0589e+06	0
5.059e+06	0
5.0591e+06	0
5.0592e+06	0
5.0593e+06	0
5.0594e+06	0
5.0595e+06	0
5.0596e+06	0
5.0597e+06	0
5.0598e+06	0
5.0599e+06	0
5.06e+06	0
5.0601e+06	0
5.0602e+06	0
5.0603e+06	0
5.0604e+06	0
5.0605e+06	0
5.0606e+06	0
5.0607e+06	0
5.0608e+06	0
5.0609e+06	0
5.061e+06	0
5.0611e+06	0
5.0612e+06	0
5.0613e+06	0
5.0614e+06	0
5.0615e+06	0
5.0616e+06	0
5.0617e+06	0
5.0618e+06	0
5.0619e+06	0
5.062e+06	0
5.0621e+06	0
5.0622e+06	0
5.0623e+06	0
5.0624e+06	0
5.0625e+06	0
5.0626e+06	0
5.0627e+06	0
5.0628e+06	0
5.0629e+06	0
5.063e+06	0
5.0631e+06	0
5.0632e+06	0
5.0633e+06	0
5.0634e+06	0
5.0635e+06	0
5.0636e+06	0
5.0637e+06	0
5.0638e+06	0
5.0639e+06	0
5.064e+06	0
5.0641e+06	0
5.0642e+06	0
5.0643e+06	0
5.0644e+06	0
5.0645e+06	0
5.0646e+06	0
5.0647e+06	0
5.0648e+06	0
5.0649e+06	0
5.065e+06	0
5.0651e+06	0
5.0652e+06	0
5.0653e+06	0
5.0654e+06	0
5.0655e+06	0
5.0656e+06	0
5.0657e+06	0
5.0658e+06	0
5.0659e+06	0
5.066e+06	0
5.0661e+06	0
5.0662e+06	0
5.0663e+06	0
5.0664e+06	0
5.0665e+06	0
5.0666e+06	0
5.0667e+06	0
5.0668e+06	0
5.0669e+06	0
5.067e+06	0
5.0671e+06	0
5.0672e+06	0
5.0673e+06	0
5.0674e+06	0
5.0675e+06	0
5.0676e+06	0
5.0677e+06	0
5.0678e+06	0
5.0679e+06	0
5.068e+06	0
5.0681e+06	0
5.0682e+06	0
5.0683e+06	0
5.0684e+06	0
5.0685e+06	0
5.0686e+06	0
5.0687e+06	0
5.0688e+06	0
5.0689e+06	0
5.069e+06	0
5.0691e+06	0
5.0692e+06	0
5.0693e+06	0
5.0694e+06	0
5.0695e+06	0
5.0696e+06	0
5.0697e+06	0
5.0698e+06	0
5.0699e+06	0
5.07e+06	0
5.0701e+06	0
5.0702e+06	0
5.0703e+06	0
5.0704e+06	0
5.0705e+06	0
5.0706e+06	0
5.0707e+06	0
5.0708e+06	0
5.0709e+06	0
5.071e+06	0
5.0711e+06	0
5.0712e+06	0
5.0713e+06	0
5.0714e+06	0
5.0715e+06	0
5.0716e+06	0
5.0717e+06	0
5.0718e+06	0
5.0719e+06	0
5.072e+06	0
5.0721e+06	0
5.0722e+06	0
5.0723e+06	0
5.0724e+06	0
5.0725e+06	0
5.0726e+06	0
5.0727e+06	0
5.0728e+06	0
5.0729e+06	0
5.073e+06	0
5.0731e+06	0
5.0732e+06	0
5.0733e+06	0
5.0734e+06	0
5.0735e+06	0
5.0736e+06	0
5.0737e+06	0
5.0738e+06	0
5.0739e+06	0
5.074e+06	0
5.0741e+06	0
5.0742e+06	0
5.0743e+06	0
5.0744e+06	0
5.0745e+06	0
5.0746e+06	0
5.0747e+06	0
5.0748e+06	0
5.0749e+06	0
5.075e+06	0
5.0751e+06	0
5.0752e+06	0
5.0753e+06	0
5.0754e+06	0
5.0755e+06	0
5.0756e+06	0
5.0757e+06	0
5.0758e+06	0
5.0759e+06	0
5.076e+06	0
5.0761e+06	0
5.0762e+06	0
5.0763e+06	0
5.0764e+06	0
5.0765e+06	0
5.0766e+06	0
5.0767e+06	0
5.0768e+06	0
5.0769e+06	0
5.077e+06	0
5.0771e+06	0
5.0772e+06	0
5.0773e+06	0
5.0774e+06	0
5.0775e+06	0
5.0776e+06	0
5.0777e+06	0
5.0778e+06	0
5.0779e+06	0
5.078e+06	0
5.0781e+06	0
5.0782e+06	0
5.0783e+06	0
5.0784e+06	0
5.0785e+06	0
5.0786e+06	0
5.0787e+06	0
5.0788e+06	0
5.0789e+06	0
5.079e+06	0
5.0791e+06	0
5.0792e+06	0
5.0793e+06	0
5.0794e+06	0
5.0795e+06	0
5.0796e+06	0
5.0797e+06	0
5.0798e+06	0
5.0799e+06	0
5.08e+06	0
5.0801e+06	0
5.0802e+06	0
5.0803e+06	0
5.0804e+06	0
5.0805e+06	0
5.0806e+06	0
5.0807e+06	0
5.0808e+06	0
5.0809e+06	0
5.081e+06	0
5.0811e+06	0
5.0812e+06	0
5.0813e+06	0
5.0814e+06	0
5.0815e+06	0
5.0816e+06	0
5.0817e+06	0
5.0818e+06	0
5.0819e+06	0
5.082e+06	0
5.0821e+06	0
5.0822e+06	0
5.0823e+06	0
5.0824e+06	0
5.0825e+06	0
5.0826e+06	0
5.0827e+06	0
5.0828e+06	0
5.0829e+06	0
5.083e+06	0
5.0831e+06	0
5.0832e+06	0
5.0833e+06	0
5.0834e+06	0
5.0835e+06	0
5.0836e+06	0
5.0837e+06	0
5.0838e+06	0
5.0839e+06	0
5.084e+06	0
5.0841e+06	0
5.0842e+06	0
5.0843e+06	0
5.0844e+06	0
5.0845e+06	0
5.0846e+06	0
5.0847e+06	0
5.0848e+06	0
5.0849e+06	0
5.085e+06	0
5.0851e+06	0
5.0852e+06	0
5.0853e+06	0
5.0854e+06	0
5.0855e+06	0
5.0856e+06	0
5.0857e+06	0
5.0858e+06	0
5.0859e+06	0
5.086e+06	0
5.0861e+06	0
5.0862e+06	0
5.0863e+06	0
5.0864e+06	0
5.0865e+06	0
5.0866e+06	0
5.0867e+06	0
5.0868e+06	0
5.0869e+06	0
5.087e+06	0
5.0871e+06	0
5.0872e+06	0
5.0873e+06	0
5.0874e+06	0
5.0875e+06	0
5.0876e+06	0
5.0877e+06	0
5.0878e+06	0
5.0879e+06	0
5.088e+06	0
5.0881e+06	0
5.0882e+06	0
5.0883e+06	0
5.0884e+06	0
5.0885e+06	0
5.0886e+06	0
5.0887e+06	0
5.0888e+06	0
5.0889e+06	0
5.089e+06	0
5.0891e+06	0
5.0892e+06	0
5.0893e+06	0
5.0894e+06	0
5.0895e+06	0
5.0896e+06	0
5.0897e+06	0
5.0898e+06	0
5.0899e+06	0
5.09e+06	0
5.0901e+06	0
5.0902e+06	0
5.0903e+06	0
5.0904e+06	0
5.0905e+06	0
5.0906e+06	0
5.0907e+06	0
5.0908e+06	0
5.0909e+06	0
5.091e+06	0
5.0911e+06	0
5.0912e+06	0
5.0913e+06	0
5.0914e+06	0
5.0915e+06	0
5.0916e+06	0
5.0917e+06	0
5.0918e+06	0
5.0919e+06	0
5.092e+06	0
5.0921e+06	0
5.0922e+06	0
5.0923e+06	0
5.0924e+06	0
5.0925e+06	0
5.0926e+06	0
5.0927e+06	0
5.0928e+06	0
5.0929e+06	0
5.093e+06	0
5.0931e+06	0
5.0932e+06	0
5.0933e+06	0
5.0934e+06	0
5.0935e+06	0
5.0936e+06	0
5.0937e+06	0
5.0938e+06	0
5.0939e+06	0
5.094e+06	0
5.0941e+06	0
5.0942e+06	0
5.0943e+06	0
5.0944e+06	0
5.0945e+06	0
5.0946e+06	0
5.0947e+06	0
5.0948e+06	0
5.0949e+06	0
5.095e+06	0
5.0951e+06	0
5.0952e+06	0
5.0953e+06	0
5.0954e+06	0
5.0955e+06	0
5.0956e+06	0
5.0957e+06	0
5.0958e+06	0
5.0959e+06	0
5.096e+06	0
5.0961e+06	0
5.0962e+06	0
5.0963e+06	0
5.0964e+06	0
5.0965e+06	0
5.0966e+06	0
5.0967e+06	0
5.0968e+06	0
5.0969e+06	0
5.097e+06	0
5.0971e+06	0
5.0972e+06	0
5.0973e+06	0
5.0974e+06	0
5.0975e+06	0
5.0976e+06	0
5.0977e+06	0
5.0978e+06	0
5.0979e+06	0
5.098e+06	0
5.0981e+06	0
5.0982e+06	0
5.0983e+06	0
5.0984e+06	0
5.0985e+06	0
5.0986e+06	0
5.0987e+06	0
5.0988e+06	0
5.0989e+06	0
5.099e+06	0
5.0991e+06	0
5.0992e+06	0
5.0993e+06	0
5.0994e+06	0
5.0995e+06	0
5.0996e+06	0
5.0997e+06	0
5.0998e+06	0
5.0999e+06	0
5.1e+06	0
5.1001e+06	0
5.1002e+06	0
5.1003e+06	0
5.1004e+06	0
5.1005e+06	0
5.1006e+06	0
5.1007e+06	0
5.1008e+06	0
5.1009e+06	0
5.101e+06	0
5.1011e+06	0
5.1012e+06	0
5.1013e+06	0
5.1014e+06	0
5.1015e+06	0
5.1016e+06	0
5.1017e+06	0
5.1018e+06	0
5.1019e+06	0
5.102e+06	0
5.1021e+06	0
5.1022e+06	0
5.1023e+06	0
5.1024e+06	0
5.1025e+06	0
5.1026e+06	0
5.1027e+06	0
5.1028e+06	0
5.1029e+06	0
5.103e+06	0
5.1031e+06	0
5.1032e+06	0
5.1033e+06	0
5.1034e+06	0
5.1035e+06	0
5.1036e+06	0
5.1037e+06	0
5.1038e+06	0
5.1039e+06	0
5.104e+06	0
5.1041e+06	0
5.1042e+06	0
5.1043e+06	0
5.1044e+06	0
5.1045e+06	0
5.1046e+06	0
5.1047e+06	0
5.1048e+06	0
5.1049e+06	0
5.105e+06	0
5.1051e+06	0
5.1052e+06	0
5.1053e+06	0
5.1054e+06	0
5.1055e+06	0
5.1056e+06	0
5.1057e+06	0
5.1058e+06	0
5.1059e+06	0
5.106e+06	0
5.1061e+06	0
5.1062e+06	0
5.1063e+06	0
5.1064e+06	0
5.1065e+06	0
5.1066e+06	0
5.1067e+06	0
5.1068e+06	0
5.1069e+06	0
5.107e+06	0
5.1071e+06	0
5.1072e+06	0
5.1073e+06	0
5.1074e+06	0
5.1075e+06	0
5.1076e+06	0
5.1077e+06	0
5.1078e+06	0
5.1079e+06	0
5.108e+06	0
5.1081e+06	0
5.1082e+06	0
5.1083e+06	0
5.1084e+06	0
5.1085e+06	0
5.1086e+06	0
5.1087e+06	0
5.1088e+06	0
5.1089e+06	0
5.109e+06	0
5.1091e+06	0
5.1092e+06	0
5.1093e+06	0
5.1094e+06	0
5.1095e+06	0
5.1096e+06	0
5.1097e+06	0
5.1098e+06	0
5.1099e+06	0
5.11e+06	0
5.1101e+06	0
5.1102e+06	0
5.1103e+06	0
5.1104e+06	0
5.1105e+06	0
5.1106e+06	0
5.1107e+06	0
5.1108e+06	0
5.1109e+06	0
5.111e+06	0
5.1111e+06	0
5.1112e+06	0
5.1113e+06	0
5.1114e+06	0
5.1115e+06	0
5.1116e+06	0
5.1117e+06	0
5.1118e+06	0
5.1119e+06	0
5.112e+06	0
5.1121e+06	0
5.1122e+06	0
5.1123e+06	0
5.1124e+06	0
5.1125e+06	0
5.1126e+06	0
5.1127e+06	0
5.1128e+06	0
5.1129e+06	0
5.113e+06	0
5.1131e+06	0
5.1132e+06	0
5.1133e+06	0
5.1134e+06	0
5.1135e+06	0
5.1136e+06	0
5.1137e+06	0
5.1138e+06	0
5.1139e+06	0
5.114e+06	0
5.1141e+06	0
5.1142e+06	0
5.1143e+06	0
5.1144e+06	0
5.1145e+06	0
5.1146e+06	0
5.1147e+06	0
5.1148e+06	0
5.1149e+06	0
5.115e+06	0
5.1151e+06	0
5.1152e+06	0
5.1153e+06	0
5.1154e+06	0
5.1155e+06	0
5.1156e+06	0
5.1157e+06	0
5.1158e+06	0
5.1159e+06	0
5.116e+06	0
5.1161e+06	0
5.1162e+06	0
5.1163e+06	0
5.1164e+06	0
5.1165e+06	0
5.1166e+06	0
5.1167e+06	0
5.1168e+06	0
5.1169e+06	0
5.117e+06	0
5.1171e+06	0
5.1172e+06	0
5.1173e+06	0
5.1174e+06	0
5.1175e+06	0
5.1176e+06	0
5.1177e+06	0
5.1178e+06	0
5.1179e+06	0
5.118e+06	0
5.1181e+06	0
5.1182e+06	0
5.1183e+06	0
5.1184e+06	0
5.1185e+06	0
5.1186e+06	0
5.1187e+06	0
5.1188e+06	0
5.1189e+06	0
5.119e+06	0
5.1191e+06	0
5.1192e+06	0
5.1193e+06	0
5.1194e+06	0
5.1195e+06	0
5.1196e+06	0
5.1197e+06	0
5.1198e+06	0
5.1199e+06	0
5.12e+06	0
5.1201e+06	0
5.1202e+06	0
5.1203e+06	0
5.1204e+06	0
5.1205e+06	0
5.1206e+06	0
5.1207e+06	0
5.1208e+06	0
5.1209e+06	0
5.121e+06	0
5.1211e+06	0
5.1212e+06	0
5.1213e+06	0
5.1214e+06	0
5.1215e+06	0
5.1216e+06	0
5.1217e+06	0
5.1218e+06	0
5.1219e+06	0
5.122e+06	0
5.1221e+06	0
5.1222e+06	0
5.1223e+06	0
5.1224e+06	0
5.1225e+06	0
5.1226e+06	0
5.1227e+06	0
5.1228e+06	0
5.1229e+06	0
5.123e+06	0
5.1231e+06	0
5.1232e+06	0
5.1233e+06	0
5.1234e+06	0
5.1235e+06	0
5.1236e+06	0
5.1237e+06	0
5.1238e+06	0
5.1239e+06	0
5.124e+06	0
5.1241e+06	0
5.1242e+06	0
5.1243e+06	0
5.1244e+06	0
5.1245e+06	0
5.1246e+06	0
5.1247e+06	0
5.1248e+06	0
5.1249e+06	0
5.125e+06	0
5.1251e+06	0
5.1252e+06	0
5.1253e+06	0
5.1254e+06	0
5.1255e+06	0
5.1256e+06	0
5.1257e+06	0
5.1258e+06	0
5.1259e+06	0
5.126e+06	0
5.1261e+06	0
5.1262e+06	0
5.1263e+06	0
5.1264e+06	0
5.1265e+06	0
5.1266e+06	0
5.1267e+06	0
5.1268e+06	0
5.1269e+06	0
5.127e+06	0
5.1271e+06	0
5.1272e+06	0
5.1273e+06	0
5.1274e+06	0
5.1275e+06	0
5.1276e+06	0
5.1277e+06	0
5.1278e+06	0
5.1279e+06	0
5.128e+06	0
5.1281e+06	0
5.1282e+06	0
5.1283e+06	0
5.1284e+06	0
5.1285e+06	0
5.1286e+06	0
5.1287e+06	0
5.1288e+06	0
5.1289e+06	0
5.129e+06	0
5.1291e+06	0
5.1292e+06	0
5.1293e+06	0
5.1294e+06	0
5.1295e+06	0
5.1296e+06	0
5.1297e+06	0
5.1298e+06	0
5.1299e+06	0
5.13e+06	0
5.1301e+06	0
5.1302e+06	0
5.1303e+06	0
5.1304e+06	0
5.1305e+06	0
5.1306e+06	0
5.1307e+06	0
5.1308e+06	0
5.1309e+06	0
5.131e+06	0
5.1311e+06	0
5.1312e+06	0
5.1313e+06	0
5.1314e+06	0
5.1315e+06	0
5.1316e+06	0
5.1317e+06	0
5.1318e+06	0
5.1319e+06	0
5.132e+06	0
5.1321e+06	0
5.1322e+06	0
5.1323e+06	0
5.1324e+06	0
5.1325e+06	0
5.1326e+06	0
5.1327e+06	0
5.1328e+06	0
5.1329e+06	0
5.133e+06	0
5.1331e+06	0
5.1332e+06	0
5.1333e+06	0
5.1334e+06	0
5.1335e+06	0
5.1336e+06	0
5.1337e+06	0
5.1338e+06	0
5.1339e+06	0
5.134e+06	0
5.1341e+06	0
5.1342e+06	0
5.1343e+06	0
5.1344e+06	0
5.1345e+06	0
5.1346e+06	0
5.1347e+06	0
5.1348e+06	0
5.1349e+06	0
5.135e+06	0
5.1351e+06	0
5.1352e+06	0
5.1353e+06	0
5.1354e+06	0
5.1355e+06	0
5.1356e+06	0
5.1357e+06	0
5.1358e+06	0
5.1359e+06	0
5.136e+06	0
5.1361e+06	0
5.1362e+06	0
5.1363e+06	0
5.1364e+06	0
5.1365e+06	0
5.1366e+06	0
5.1367e+06	0
5.1368e+06	0
5.1369e+06	0
5.137e+06	0
5.1371e+06	0
5.1372e+06	0
5.1373e+06	0
5.1374e+06	0
5.1375e+06	0
5.1376e+06	0
5.1377e+06	0
5.1378e+06	0
5.1379e+06	0
5.138e+06	0
5.1381e+06	0
5.1382e+06	0
5.1383e+06	0
5.1384e+06	0
5.1385e+06	0
5.1386e+06	0
5.1387e+06	0
5.1388e+06	0
5.1389e+06	0
5.139e+06	0
5.1391e+06	0
5.1392e+06	0
5.1393e+06	0
5.1394e+06	0
5.1395e+06	0
5.1396e+06	0
5.1397e+06	0
5.1398e+06	0
5.1399e+06	0
5.14e+06	0
5.1401e+06	0
5.1402e+06	0
5.1403e+06	0
5.1404e+06	0
5.1405e+06	0
5.1406e+06	0
5.1407e+06	0
5.1408e+06	0
5.1409e+06	0
5.141e+06	0
5.1411e+06	0
5.1412e+06	0
5.1413e+06	0
5.1414e+06	0
5.1415e+06	0
5.1416e+06	0
5.1417e+06	0
5.1418e+06	0
5.1419e+06	0
5.142e+06	0
5.1421e+06	0
5.1422e+06	0
5.1423e+06	0
5.1424e+06	0
5.1425e+06	0
5.1426e+06	0
5.1427e+06	0
5.1428e+06	0
5.1429e+06	0
5.143e+06	0
5.1431e+06	0
5.1432e+06	0
5.1433e+06	0
5.1434e+06	0
5.1435e+06	0
5.1436e+06	0
5.1437e+06	0
5.1438e+06	0
5.1439e+06	0
5.144e+06	0
5.1441e+06	0
5.1442e+06	0
5.1443e+06	0
5.1444e+06	0
5.1445e+06	0
5.1446e+06	0
5.1447e+06	0
5.1448e+06	0
5.1449e+06	0
5.145e+06	0
5.1451e+06	0
5.1452e+06	0
5.1453e+06	0
5.1454e+06	0
5.1455e+06	0
5.1456e+06	0
5.1457e+06	0
5.1458e+06	0
5.1459e+06	0
5.146e+06	0
5.1461e+06	0
5.1462e+06	0
5.1463e+06	0
5.1464e+06	0
5.1465e+06	0
5.1466e+06	0
5.1467e+06	0
5.1468e+06	0
5.1469e+06	0
5.147e+06	0
5.1471e+06	0
5.1472e+06	0
5.1473e+06	0
5.1474e+06	0
5.1475e+06	0
5.1476e+06	0
5.1477e+06	0
5.1478e+06	0
5.1479e+06	0
5.148e+06	0
5.1481e+06	0
5.1482e+06	0
5.1483e+06	0
5.1484e+06	0
5.1485e+06	0
5.1486e+06	0
5.1487e+06	0
5.1488e+06	0
5.1489e+06	0
5.149e+06	0
5.1491e+06	0
5.1492e+06	0
5.1493e+06	0
5.1494e+06	0
5.1495e+06	0
5.1496e+06	0
5.1497e+06	0
5.1498e+06	0
5.1499e+06	0
5.15e+06	0
5.1501e+06	0
5.1502e+06	0
5.1503e+06	0
5.1504e+06	0
5.1505e+06	0
5.1506e+06	0
5.1507e+06	0
5.1508e+06	0
5.1509e+06	0
5.151e+06	0
5.1511e+06	0
5.1512e+06	0
5.1513e+06	0
5.1514e+06	0
5.1515e+06	0
5.1516e+06	0
5.1517e+06	0
5.1518e+06	0
5.1519e+06	0
5.152e+06	0
5.1521e+06	0
5.1522e+06	0
5.1523e+06	0
5.1524e+06	0
5.1525e+06	0
5.1526e+06	0
5.1527e+06	0
5.1528e+06	0
5.1529e+06	0
5.153e+06	0
5.1531e+06	0
5.1532e+06	0
5.1533e+06	0
5.1534e+06	0
5.1535e+06	0
5.1536e+06	0
5.1537e+06	0
5.1538e+06	0
5.1539e+06	0
5.154e+06	0
5.1541e+06	0
5.1542e+06	0
5.1543e+06	0
5.1544e+06	0
5.1545e+06	0
5.1546e+06	0
5.1547e+06	0
5.1548e+06	0
5.1549e+06	0
5.155e+06	0
5.1551e+06	0
5.1552e+06	0
5.1553e+06	0
5.1554e+06	0
5.1555e+06	0
5.1556e+06	0
5.1557e+06	0
5.1558e+06	0
5.1559e+06	0
5.156e+06	0
5.1561e+06	0
5.1562e+06	0
5.1563e+06	0
5.1564e+06	0
5.1565e+06	0
5.1566e+06	0
5.1567e+06	0
5.1568e+06	0
5.1569e+06	0
5.157e+06	0
5.1571e+06	0
5.1572e+06	0
5.1573e+06	0
5.1574e+06	0
5.1575e+06	0
5.1576e+06	0
5.1577e+06	0
5.1578e+06	0
5.1579e+06	0
5.158e+06	0
5.1581e+06	0
5.1582e+06	0
5.1583e+06	0
5.1584e+06	0
5.1585e+06	0
5.1586e+06	0
5.1587e+06	0
5.1588e+06	0
5.1589e+06	0
5.159e+06	0
5.1591e+06	0
5.1592e+06	0
5.1593e+06	0
5.1594e+06	0
5.1595e+06	0
5.1596e+06	0
5.1597e+06	0
5.1598e+06	0
5.1599e+06	0
5.16e+06	0
5.1601e+06	0
5.1602e+06	0
5.1603e+06	0
5.1604e+06	0
5.1605e+06	0
5.1606e+06	0
5.1607e+06	0
5.1608e+06	0
5.1609e+06	0
5.161e+06	0
5.1611e+06	0
5.1612e+06	0
5.1613e+06	0
5.1614e+06	0
5.1615e+06	0
5.1616e+06	0
5.1617e+06	0
5.1618e+06	0
5.1619e+06	0
5.162e+06	0
5.1621e+06	0
5.1622e+06	0
5.1623e+06	0
5.1624e+06	0
5.1625e+06	0
5.1626e+06	0
5.1627e+06	0
5.1628e+06	0
5.1629e+06	0
5.163e+06	0
5.1631e+06	0
5.1632e+06	0
5.1633e+06	0
5.1634e+06	0
5.1635e+06	0
5.1636e+06	0
5.1637e+06	0
5.1638e+06	0
5.1639e+06	0
5.164e+06	0
5.1641e+06	0
5.1642e+06	0
5.1643e+06	0
5.1644e+06	0
5.1645e+06	0
5.1646e+06	0
5.1647e+06	0
5.1648e+06	0
5.1649e+06	0
5.165e+06	0
5.1651e+06	0
5.1652e+06	0
5.1653e+06	0
5.1654e+06	0
5.1655e+06	0
5.1656e+06	0
5.1657e+06	0
5.1658e+06	0
5.1659e+06	0
5.166e+06	0
5.1661e+06	0
5.1662e+06	0
5.1663e+06	0
5.1664e+06	0
5.1665e+06	0
5.1666e+06	0
5.1667e+06	0
5.1668e+06	0
5.1669e+06	0
5.167e+06	0
5.1671e+06	0
5.1672e+06	0
5.1673e+06	0
5.1674e+06	0
5.1675e+06	0
5.1676e+06	0
5.1677e+06	0
5.1678e+06	0
5.1679e+06	0
5.168e+06	0
5.1681e+06	0
5.1682e+06	0
5.1683e+06	0
5.1684e+06	0
5.1685e+06	0
5.1686e+06	0
5.1687e+06	0
5.1688e+06	0
5.1689e+06	0
5.169e+06	0
5.1691e+06	0
5.1692e+06	0
5.1693e+06	0
5.1694e+06	0
5.1695e+06	0
5.1696e+06	0
5.1697e+06	0
5.1698e+06	0
5.1699e+06	0
5.17e+06	0
5.1701e+06	0
5.1702e+06	0
5.1703e+06	0
5.1704e+06	0
5.1705e+06	0
5.1706e+06	0
5.1707e+06	0
5.1708e+06	0
5.1709e+06	0
5.171e+06	0
5.1711e+06	0
5.1712e+06	0
5.1713e+06	0
5.1714e+06	0
5.1715e+06	0
5.1716e+06	0
5.1717e+06	0
5.1718e+06	0
5.1719e+06	0
5.172e+06	0
5.1721e+06	0
5.1722e+06	0
5.1723e+06	0
5.1724e+06	0
5.1725e+06	0
5.1726e+06	0
5.1727e+06	0
5.1728e+06	0
5.1729e+06	0
5.173e+06	0
5.1731e+06	0
5.1732e+06	0
5.1733e+06	0
5.1734e+06	0
5.1735e+06	0
5.1736e+06	0
5.1737e+06	0
5.1738e+06	0
5.1739e+06	0
5.174e+06	0
5.1741e+06	0
5.1742e+06	0
5.1743e+06	0
5.1744e+06	0
5.1745e+06	0
5.1746e+06	0
5.1747e+06	0
5.1748e+06	0
5.1749e+06	0
5.175e+06	0
5.1751e+06	0
5.1752e+06	0
5.1753e+06	0
5.1754e+06	0
5.1755e+06	0
5.1756e+06	0
5.1757e+06	0
5.1758e+06	0
5.1759e+06	0
5.176e+06	0
5.1761e+06	0
5.1762e+06	0
5.1763e+06	0
5.1764e+06	0
5.1765e+06	0
5.1766e+06	0
5.1767e+06	0
5.1768e+06	0
5.1769e+06	0
5.177e+06	0
5.1771e+06	0
5.1772e+06	0
5.1773e+06	0
5.1774e+06	0
5.1775e+06	0
5.1776e+06	0
5.1777e+06	0
5.1778e+06	0
5.1779e+06	0
5.178e+06	0
5.1781e+06	0
5.1782e+06	0
5.1783e+06	0
5.1784e+06	0
5.1785e+06	0
5.1786e+06	0
5.1787e+06	0
5.1788e+06	0
5.1789e+06	0
5.179e+06	0
5.1791e+06	0
5.1792e+06	0
5.1793e+06	0
5.1794e+06	0
5.1795e+06	0
5.1796e+06	0
5.1797e+06	0
5.1798e+06	0
5.1799e+06	0
5.18e+06	0
5.1801e+06	0
5.1802e+06	0
5.1803e+06	0
5.1804e+06	0
5.1805e+06	0
5.1806e+06	0
5.1807e+06	0
5.1808e+06	0
5.1809e+06	0
5.181e+06	0
5.1811e+06	0
5.1812e+06	0
5.1813e+06	0
5.1814e+06	0
5.1815e+06	0
5.1816e+06	0
5.1817e+06	0
5.1818e+06	0
5.1819e+06	0
5.182e+06	0
5.1821e+06	0
5.1822e+06	0
5.1823e+06	0
5.1824e+06	0
5.1825e+06	0
5.1826e+06	0
5.1827e+06	0
5.1828e+06	0
5.1829e+06	0
5.183e+06	0
5.1831e+06	0
5.1832e+06	0
5.1833e+06	0
5.1834e+06	0
5.1835e+06	0
5.1836e+06	0
5.1837e+06	0
5.1838e+06	0
5.1839e+06	0
5.184e+06	0
5.1841e+06	0
5.1842e+06	0
5.1843e+06	0
5.1844e+06	0
5.1845e+06	0
5.1846e+06	0
5.1847e+06	0
5.1848e+06	0
5.1849e+06	0
5.185e+06	0
5.1851e+06	0
5.1852e+06	0
5.1853e+06	0
5.1854e+06	0
5.1855e+06	0
5.1856e+06	0
5.1857e+06	0
5.1858e+06	0
5.1859e+06	0
5.186e+06	0
5.1861e+06	0
5.1862e+06	0
5.1863e+06	0
5.1864e+06	0
5.1865e+06	0
5.1866e+06	0
5.1867e+06	0
5.1868e+06	0
5.1869e+06	0
5.187e+06	0
5.1871e+06	0
5.1872e+06	0
5.1873e+06	0
5.1874e+06	0
5.1875e+06	0
5.1876e+06	0
5.1877e+06	0
5.1878e+06	0
5.1879e+06	0
5.188e+06	0
5.1881e+06	0
5.1882e+06	0
5.1883e+06	0
5.1884e+06	0
5.1885e+06	0
5.1886e+06	0
5.1887e+06	0
5.1888e+06	0
5.1889e+06	0
5.189e+06	0
5.1891e+06	0
5.1892e+06	0
5.1893e+06	0
5.1894e+06	0
5.1895e+06	0
5.1896e+06	0
5.1897e+06	0
5.1898e+06	0
5.1899e+06	0
5.19e+06	0
5.1901e+06	0
5.1902e+06	0
5.1903e+06	0
5.1904e+06	0
5.1905e+06	0
5.1906e+06	0
5.1907e+06	0
5.1908e+06	0
5.1909e+06	0
5.191e+06	0
5.1911e+06	0
5.1912e+06	0
5.1913e+06	0
5.1914e+06	0
5.1915e+06	0
5.1916e+06	0
5.1917e+06	0
5.1918e+06	0
5.1919e+06	0
5.192e+06	0
5.1921e+06	0
5.1922e+06	0
5.1923e+06	0
5.1924e+06	0
5.1925e+06	0
5.1926e+06	0
5.1927e+06	0
5.1928e+06	0
5.1929e+06	0
5.193e+06	0
5.1931e+06	0
5.1932e+06	0
5.1933e+06	0
5.1934e+06	0
5.1935e+06	0
5.1936e+06	0
5.1937e+06	0
5.1938e+06	0
5.1939e+06	0
5.194e+06	0
5.1941e+06	0
5.1942e+06	0
5.1943e+06	0
5.1944e+06	0
5.1945e+06	0
5.1946e+06	0
5.1947e+06	0
5.1948e+06	0
5.1949e+06	0
5.195e+06	0
5.1951e+06	0
5.1952e+06	0
5.1953e+06	0
5.1954e+06	0
5.1955e+06	0
5.1956e+06	0
5.1957e+06	0
5.1958e+06	0
5.1959e+06	0
5.196e+06	0
5.1961e+06	0
5.1962e+06	0
5.1963e+06	0
5.1964e+06	0
5.1965e+06	0
5.1966e+06	0
5.1967e+06	0
5.1968e+06	0
5.1969e+06	0
5.197e+06	0
5.1971e+06	0
5.1972e+06	0
5.1973e+06	0
5.1974e+06	0
5.1975e+06	0
5.1976e+06	0
5.1977e+06	0
5.1978e+06	0
5.1979e+06	0
5.198e+06	0
5.1981e+06	0
5.1982e+06	0
5.1983e+06	0
5.1984e+06	0
5.1985e+06	0
5.1986e+06	0
5.1987e+06	0
5.1988e+06	0
5.1989e+06	0
5.199e+06	0
5.1991e+06	0
5.1992e+06	0
5.1993e+06	0
5.1994e+06	0
5.1995e+06	0
5.1996e+06	0
5.1997e+06	0
5.1998e+06	0
5.1999e+06	0
5.2e+06	0
5.2001e+06	0
5.2002e+06	0
5.2003e+06	0
5.2004e+06	0
5.2005e+06	0
5.2006e+06	0
5.2007e+06	0
5.2008e+06	0
5.2009e+06	0
5.201e+06	0
5.2011e+06	0
5.2012e+06	0
5.2013e+06	0
5.2014e+06	0
5.2015e+06	0
5.2016e+06	0
5.2017e+06	0
5.2018e+06	0
5.2019e+06	0
5.202e+06	0
5.2021e+06	0
5.2022e+06	0
5.2023e+06	0
5.2024e+06	0
5.2025e+06	0
5.2026e+06	0
5.2027e+06	0
5.2028e+06	0
5.2029e+06	0
5.203e+06	0
5.2031e+06	0
5.2032e+06	0
5.2033e+06	0
5.2034e+06	0
5.2035e+06	0
5.2036e+06	0
5.2037e+06	0
5.2038e+06	0
5.2039e+06	0
5.204e+06	0
5.2041e+06	0
5.2042e+06	0
5.2043e+06	0
5.2044e+06	0
5.2045e+06	0
5.2046e+06	0
5.2047e+06	0
5.2048e+06	0
5.2049e+06	0
5.205e+06	0
5.2051e+06	0
5.2052e+06	0
5.2053e+06	0
5.2054e+06	0
5.2055e+06	0
5.2056e+06	0
5.2057e+06	0
5.2058e+06	0
5.2059e+06	0
5.206e+06	0
5.2061e+06	0
5.2062e+06	0
5.2063e+06	0
5.2064e+06	0
5.2065e+06	0
5.2066e+06	0
5.2067e+06	0
5.2068e+06	0
5.2069e+06	0
5.207e+06	0
5.2071e+06	0
5.2072e+06	0
5.2073e+06	0
5.2074e+06	0
5.2075e+06	0
5.2076e+06	0
5.2077e+06	0
5.2078e+06	0
5.2079e+06	0
5.208e+06	0
5.2081e+06	0
5.2082e+06	0
5.2083e+06	0
5.2084e+06	0
5.2085e+06	0
5.2086e+06	0
5.2087e+06	0
5.2088e+06	0
5.2089e+06	0
5.209e+06	0
5.2091e+06	0
5.2092e+06	0
5.2093e+06	0
5.2094e+06	0
5.2095e+06	0
5.2096e+06	0
5.2097e+06	0
5.2098e+06	0
5.2099e+06	0
5.21e+06	0
5.2101e+06	0
5.2102e+06	0
5.2103e+06	0
5.2104e+06	0
5.2105e+06	0
5.2106e+06	0
5.2107e+06	0
5.2108e+06	0
5.2109e+06	0
5.211e+06	0
5.2111e+06	0
5.2112e+06	0
5.2113e+06	0
5.2114e+06	0
5.2115e+06	0
5.2116e+06	0
5.2117e+06	0
5.2118e+06	0
5.2119e+06	0
5.212e+06	0
5.2121e+06	0
5.2122e+06	0
5.2123e+06	0
5.2124e+06	0
5.2125e+06	0
5.2126e+06	0
5.2127e+06	0
5.2128e+06	0
5.2129e+06	0
5.213e+06	0
5.2131e+06	0
5.2132e+06	0
5.2133e+06	0
5.2134e+06	0
5.2135e+06	0
5.2136e+06	0
5.2137e+06	0
5.2138e+06	0
5.2139e+06	0
5.214e+06	0
5.2141e+06	0
5.2142e+06	0
5.2143e+06	0
5.2144e+06	0
5.2145e+06	0
5.2146e+06	0
5.2147e+06	0
5.2148e+06	0
5.2149e+06	0
5.215e+06	0
5.2151e+06	0
5.2152e+06	1.4822e-323
5.2153e+06	6.47226e-322
5.2154e+06	3.0059e-320
5.2155e+06	1.37846e-318
5.2156e+06	6.25869e-317
5.2157e+06	2.81339e-315
5.2158e+06	1.25208e-313
5.2159e+06	5.51688e-312
5.216e+06	2.40664e-310
5.2161e+06	1.03941e-308
5.2162e+06	4.44445e-307
5.2163e+06	1.88151e-305
5.2164e+06	7.88593e-304
5.2165e+06	3.27232e-302
5.2166e+06	1.34436e-300
5.2167e+06	5.46805e-299
5.2168e+06	2.20195e-297
5.2169e+06	8.77886e-296
5.217e+06	3.46518e-294
5.2171e+06	1.35417e-292
5.2172e+06	5.23931e-291
5.2173e+06	2.00694e-289
5.2174e+06	7.61114e-288
5.2175e+06	2.85774e-286
5.2176e+06	1.06232e-284
5.2177e+06	3.90968e-283
5.2178e+06	1.42458e-281
5.2179e+06	5.13911e-280
5.218e+06	1.83547e-278
5.2181e+06	6.49027e-277
5.2182e+06	2.27214e-275
5.2183e+06	7.87527e-274
5.2184e+06	2.70242e-272
5.2185e+06	9.18114e-271
5.2186e+06	3.08814e-269
5.2187e+06	1.02838e-267
5.2188e+06	3.39056e-266
5.2189e+06	1.10673e-264
5.219e+06	3.57662e-263
5.2191e+06	1.14435e-261
5.2192e+06	3.62495e-260
5.2193e+06	1.13685e-258
5.2194e+06	3.52988e-257
5.2195e+06	1.08511e-255
5.2196e+06	3.30253e-254
5.2197e+06	9.9512e-253
5.2198e+06	2.96866e-251
5.2199e+06	8.76807e-250
5.22e+06	2.56392e-248
5.2201e+06	7.42268e-247
5.2202e+06	2.12753e-245
5.2203e+06	6.03734e-244
5.2204e+06	1.69619e-242
5.2205e+06	4.71801e-241
5.2206e+06	1.29928e-239
5.2207e+06	3.54242e-238
5.2208e+06	9.56218e-237
5.2209e+06	2.55547e-235
5.221e+06	6.76146e-234
5.2211e+06	1.7712e-232
5.2212e+06	4.5936e-231
5.2213e+06	1.17949e-229
5.2214e+06	2.99842e-228
5.2215e+06	7.54655e-227
5.2216e+06	1.88045e-225
5.2217e+06	4.63907e-224
5.2218e+06	1.13307e-222
5.2219e+06	2.73995e-221
5.222e+06	6.55969e-220
5.2221e+06	1.55482e-218
5.2222e+06	3.64868e-217
5.2223e+06	8.47712e-216
5.2224e+06	1.94992e-214
5.2225e+06	4.44062e-213
5.2226e+06	1.00121e-211
5.2227e+06	2.23495e-210
5.2228e+06	4.9393e-209
5.2229e+06	1.08074e-207
5.223e+06	2.34116e-206
5.2231e+06	5.02111e-205
5.2232e+06	1.06617e-203
5.2233e+06	2.24134e-202
5.2234e+06	4.66496e-201
5.2235e+06	9.61268e-200
5.2236e+06	1.96109e-198
5.2237e+06	3.96104e-197
5.2238e+06	7.92095e-196
5.2239e+06	1.5682e-194
5.224e+06	3.07386e-193
5.2241e+06	5.96518e-192
5.2242e+06	1.14609e-190
5.2243e+06	2.18008e-189
5.2244e+06	4.10566e-188
5.2245e+06	7.6551e-187
5.2246e+06	1.41311e-185
5.2247e+06	2.5826e-184
5.2248e+06	4.67299e-183
5.2249e+06	8.37126e-182
5.225e+06	1.48472e-180
5.2251e+06	2.60707e-179
5.2252e+06	4.53231e-178
5.2253e+06	7.80088e-177
5.2254e+06	1.3293e-175
5.2255e+06	2.24265e-174
5.2256e+06	3.74591e-173
5.2257e+06	6.19454e-172
5.2258e+06	1.01419e-170
5.2259e+06	1.64393e-169
5.226e+06	2.6382e-168
5.2261e+06	4.19168e-167
5.2262e+06	6.59364e-166
5.2263e+06	1.02688e-164
5.2264e+06	1.58333e-163
5.2265e+06	2.41702e-162
5.2266e+06	3.65296e-161
5.2267e+06	5.46598e-160
5.2268e+06	8.09743e-159
5.2269e+06	1.18764e-157
5.227e+06	1.72456e-156
5.2271e+06	2.4793e-155
5.2272e+06	3.52888e-154
5.2273e+06	4.9728e-153
5.2274e+06	6.93782e-152
5.2275e+06	9.58302e-151
5.2276e+06	1.3105e-149
5.2277e+06	1.77432e-148
5.2278e+06	2.37838e-147
5.2279e+06	3.15638e-146
5.228e+06	4.14718e-145
5.2281e+06	5.39479e-144
5.2282e+06	6.94789e-143
5.2283e+06	8.85908e-142
5.2284e+06	1.11836e-140
5.2285e+06	1.39775e-139
5.2286e+06	1.72957e-138
5.2287e+06	2.11885e-137
5.2288e+06	2.56993e-136
5.2289e+06	3.08603e-135
5.229e+06	3.66889e-134
5.2291e+06	4.31843e-133
5.2292e+06	5.0324e-132
5.2293e+06	5.80606e-131
5.2294e+06	6.632e-130
5.2295e+06	7.50005e-129
5.2296e+06	8.39734e-128
5.2297e+06	9.30842e-127
5.2298e+06	1.02157e-125
5.2299e+06	1.10998e-124
5.23e+06	1.19405e-123
5.2301e+06	1.2717e-122
5.2302e+06	1.34092e-121
5.2303e+06	1.39984e-120
5.2304e+06	1.44681e-119
5.2305e+06	1.48048e-118
5.2306e+06	1.49986e-117
5.2307e+06	1.50438e-116
5.2308e+06	1.49389e-115
5.2309e+06	1.46871e-114
5.231e+06	1.42959e-113
5.2311e+06	1.37767e-112
5.2312e+06	1.31443e-111
5.2313e+06	1.2416e-110
5.2314e+06	1.16115e-109
5.2315e+06	1.0751e-108
5.2316e+06	9.85523e-108
5.2317e+06	8.94421e-107
5.2318e+06	8.03664e-106
5.2319e+06	7.14931e-105
5.232e+06	6.29666e-104
5.2321e+06	5.49053e-103
5.2322e+06	4.73996e-102
5.2323e+06	4.05128e-101
5.2324e+06	3.42821e-100
5.2325e+06	2.87209e-99
5.2326e+06	2.38225e-98
5.2327e+06	1.95629e-97
5.2328e+06	1.59051e-96
5.2329e+06	1.28025e-95
5.233e+06	1.02027e-94
5.2331e+06	8.04985e-94
5.2332e+06	6.28809e-93
5.2333e+06	4.86303e-92
5.2334e+06	3.72351e-91
5.2335e+06	2.82263e-90
5.2336e+06	2.11843e-89
5.2337e+06	1.57409e-88
5.2338e+06	1.15799e-87
5.2339e+06	8.43402e-87
5.234e+06	6.08166e-86
5.2341e+06	4.34177e-85
5.2342e+06	3.0688e-84
5.2343e+06	2.14747e-83
5.2344e+06	1.4878e-82
5.2345e+06	1.02051e-81
5.2346e+06	6.9302e-81
5.2347e+06	4.65943e-80
5.2348e+06	3.10154e-79
5.2349e+06	2.04399e-78
5.235e+06	1.33363e-77
5.2351e+06	8.61492e-77
5.2352e+06	5.50965e-76
5.2353e+06	3.48862e-75
5.2354e+06	2.18695e-74
5.2355e+06	1.35732e-73
5.2356e+06	8.34033e-73
5.2357e+06	5.07389e-72
5.2358e+06	3.05602e-71
5.2359e+06	1.82233e-70
5.236e+06	1.07586e-69
5.2361e+06	6.28842e-69
5.2362e+06	3.63902e-68
5.2363e+06	2.0849e-67
5.2364e+06	1.18261e-66
5.2365e+06	6.64133e-66
5.2366e+06	3.69255e-65
5.2367e+06	2.03261e-64
5.2368e+06	1.10774e-63
5.2369e+06	5.97698e-63
5.237e+06	3.19287e-62
5.2371e+06	1.68864e-61
5.2372e+06	8.842e-61
5.2373e+06	4.58375e-60
5.2374e+06	2.3526e-59
5.2375e+06	1.19545e-58
5.2376e+06	6.01416e-58
5.2377e+06	2.99553e-57
5.2378e+06	1.47717e-56
5.2379e+06	7.21177e-56
5.238e+06	3.48587e-55
5.2381e+06	1.66816e-54
5.2382e+06	7.90356e-54
5.2383e+06	3.70735e-53
5.2384e+06	1.72172e-52
5.2385e+06	7.9162e-52
5.2386e+06	3.60354e-51
5.2387e+06	1.62404e-50
5.2388e+06	7.24643e-50
5.2389e+06	3.20116e-49
5.239e+06	1.40006e-48
5.2391e+06	6.06241e-48
5.2392e+06	2.59896e-47
5.2393e+06	1.10309e-46
5.2394e+06	4.63532e-46
5.2395e+06	1.92844e-45
5.2396e+06	7.94307e-45
5.2397e+06	3.23913e-44
5.2398e+06	1.30775e-43
5.2399e+06	5.22732e-43
5.24e+06	2.06866e-42
5.2401e+06	8.10509e-42
5.2402e+06	3.144e-41
5.2403e+06	1.20744e-40
5.2404e+06	4.59096e-40
5.2405e+06	1.72822e-39
5.2406e+06	6.441e-39
5.2407e+06	2.37664e-38
5.2408e+06	8.68222e-38
5.2409e+06	3.14019e-37
5.241e+06	1.12444e-36
5.2411e+06	3.98635e-36
5.2412e+06	1.39917e-35
5.2413e+06	4.8621e-35
5.2414e+06	1.67276e-34
5.2415e+06	5.69771e-34
5.2416e+06	1.92143e-33
5.2417e+06	6.41512e-33
5.2418e+06	2.12052e-32
5.2419e+06	6.93965e-32
5.242e+06	2.24848e-31
5.2421e+06	7.21271e-31
5.2422e+06	2.29068e-30
5.2423e+06	7.20258e-30
5.2424e+06	2.24217e-29
5.2425e+06	6.91044e-29
5.2426e+06	2.10863e-28
5.2427e+06	6.37018e-28
5.2428e+06	1.90528e-27
5.2429e+06	5.6419e-27
5.243e+06	1.65405e-26
5.2431e+06	4.80096e-26
5.2432e+06	1.37964e-25
5.2433e+06	3.92517e-25
5.2434e+06	1.10563e-24
5.2435e+06	3.08331e-24
5.2436e+06	8.51299e-24
5.2437e+06	2.32704e-23
5.2438e+06	6.29771e-23
5.2439e+06	1.6874e-22
5.244e+06	4.47623e-22
5.2441e+06	1.17561e-21
5.2442e+06	3.05682e-21
5.2443e+06	7.86927e-21
5.2444e+06	2.00565e-20
5.2445e+06	5.06098e-20
5.2446e+06	1.26436e-19
5.2447e+06	3.12725e-19
5.2448e+06	7.65796e-19
5.2449e+06	1.85661e-18
5.245e+06	4.4564e-18
5.2451e+06	1.05902e-17
5.2452e+06	2.49163e-17
5.2453e+06	5.80389e-17
5.2454e+06	1.33848e-16
5.2455e+06	3.05606e-16
5.2456e+06	6.90827e-16
5.2457e+06	1.54609e-15
5.2458e+06	3.42575e-15
5.2459e+06	7.51509e-15
5.246e+06	1.63219e-14
5.2461e+06	3.50965e-14
5.2462e+06	7.47163e-14
5.2463e+06	1.57479e-13
5.2464e+06	3.28617e-13
5.2465e+06	6.78913e-13
5.2466e+06	1.38866e-12
5.2467e+06	2.81213e-12
5.2468e+06	5.6381e-12
5.2469e+06	1.11915e-11
5.247e+06	2.19939e-11
5.2471e+06	4.27932e-11
5.2472e+06	8.24341e-11
5.2473e+06	1.57216e-10
5.2474e+06	2.96857e-10
5.2475e+06	5.54954e-10
5.2476e+06	1.02713e-09
5.2477e+06	1.88217e-09
5.2478e+06	3.41468e-09
5.2479e+06	6.13344e-09
5.248e+06	1.09074e-08
5.2481e+06	1.92045e-08
5.2482e+06	3.34771e-08
5.2483e+06	5.77777e-08
5.2484e+06	9.87279e-08
5.2485e+06	1.67028e-07
5.2486e+06	2.79776e-07
5.2487e+06	4.63986e-07
5.2488e+06	7.6186e-07
5.2489e+06	1.23858e-06
5.249e+06	1.9937e-06
5.2491e+06	3.17746e-06
5.2492e+06	5.01411e-06
5.2493e+06	7.8344e-06
5.2494e+06	1.21205e-05
5.2495e+06	1.85674e-05
5.2496e+06	2.81643e-05
5.2497e+06	4.23039e-05
5.2498e+06	6.29223e-05
5.2499e+06	9.26799e-05
5.25e+06	0.000135188
5.2501e+06	0.000195292
5.2502e+06	0.000279409
5.2503e+06	0.000395944
5.2504e+06	0.000555764
5.2505e+06	0.000772758
5.2506e+06	0.00106446
5.2507e+06	0.00145275
5.2508e+06	0.00196459
5.2509e+06	0.00263287
5.251e+06	0.00349723
5.2511e+06	0.00460495
5.2512e+06	0.00601185
5.2513e+06	0.00778322
5.2514e+06	0.00999479
5.2515e+06	0.0127337
5.2516e+06	0.0160996
5.2517e+06	0.0202059
5.2518e+06	0.025181
5.2519e+06	0.0311698
5.252e+06	0.0383356
5.2521e+06	0.0468619
5.2522e+06	0.0569543
5.2523e+06	0.0688429
5.2524e+06	0.0827835
5.2525e+06	0.099059
5.2526e+06	0.117979
5.2527e+06	0.139879
5.2528e+06	0.165116
5.2529e+06	0.194059
5.253e+06	0.227085
5.2531e+06	0.264557
5.2532e+06	0.306811
5.2533e+06	0.354129
5.2534e+06	0.406717
5.2535e+06	0.46467
5.2536e+06	0.527947
5.2537e+06	0.596337
5.2538e+06	0.669434
5.2539e+06	0.746614
5.254e+06	0.827024
5.2541e+06	0.909576
5.2542e+06	0.992958
5.2543e+06	1.07566
5.2544e+06	1.156
5.2545e+06	1.2322
5.2546e+06	1.30242
5.2547e+06	1.36485
5.2548e+06	1.41777
5.2549e+06	1.45965
5.255e+06	1.4892
5.2551e+06	1.50545
5.2552e+06	1.50781
5.2553e+06	1.49605
5.2554e+06	1.4704
5.2555e+06	1.43147
5.2556e+06	1.38025
5.2557e+06	1.31808
5.2558e+06	1.24655
5.2559e+06	1.16747
5.256e+06	1.08278
5.2561e+06	0.994419
5.2562e+06	0.904335
5.2563e+06	0.814344
5.2564e+06	0.726101
5.2565e+06	0.641046
5.2566e+06	0.560373
5.2567e+06	0.485017
5.2568e+06	0.415645
5.2569e+06	0.352672
5.257e+06	0.296277
5.2571e+06	0.246434
5.2572e+06	0.202944
5.2573e+06	0.165472
5.2574e+06	0.133579
5.2575e+06	0.106763
5.2576e+06	0.0844834
5.2577e+06	0.0661889
5.2578e+06	0.0513407
5.2579e+06	0.0394278
5.258e+06	0.0299781
5.2581e+06	0.0225666
5.2582e+06	0.0168186
5.2583e+06	0.0124101
5.2584e+06	0.00906605
5.2585e+06	0.00655724
5.2586e+06	0.00469551
5.2587e+06	0.00332892
5.2588e+06	0.00233659
5.2589e+06	0.00162375
5.259e+06	0.00111716
5.2591e+06	0.000760972
5.2592e+06	0.000513193
5.2593e+06	0.000342649
5.2594e+06	0.000226504
5.2595e+06	0.000148238
5.2596e+06	9.60511e-05
5.2597e+06	6.16172e-05
5.2598e+06	3.91344e-05
5.2599e+06	2.46078e-05
5.26e+06	1.53195e-05
5.2601e+06	9.44218e-06
5.2602e+06	5.7618e-06
5.2603e+06	3.48097e-06
5.2604e+06	2.0821e-06
5.2605e+06	1.23299e-06
5.2606e+06	7.22891e-07
5.2607e+06	4.19609e-07
5.2608e+06	2.41142e-07
5.2609e+06	1.37202e-07
5.261e+06	7.72862e-08
5.2611e+06	4.31025e-08
5.2612e+06	2.3799e-08
5.2613e+06	1.30099e-08
5.2614e+06	7.04117e-09
5.2615e+06	3.77288e-09
5.2616e+06	2.00151e-09
5.2617e+06	1.05124e-09
5.2618e+06	5.46639e-10
5.2619e+06	2.81422e-10
5.262e+06	1.4344e-10
5.2621e+06	7.23842e-11
5.2622e+06	3.61641e-11
5.2623e+06	1.78892e-11
5.2624e+06	8.76302e-12
5.2625e+06	4.25385e-12
5.2626e+06	2.05284e-12
5.2627e+06	9.98361e-13
5.2628e+06	5.16738e-13
5.2629e+06	3.36755e-13
5.263e+06	3.49628e-13
5.2631e+06	5.48884e-13
5.2632e+06	1.02007e-12
5.2633e+06	1.97221e-12
5.2634e+06	3.82022e-12
5.2635e+06	7.34632e-12
5.2636e+06	1.39952e-11
5.2637e+06	2.64004e-11
5.2638e+06	4.93072e-11
5.2639e+06	9.11741e-11
5.264e+06	1.66913e-10
5.2641e+06	3.02529e-10
5.2642e+06	5.42875e-10
5.2643e+06	9.64472e-10
5.2644e+06	1.69643e-09
5.2645e+06	2.95421e-09
5.2646e+06	5.09334e-09
5.2647e+06	8.69403e-09
5.2648e+06	1.46925e-08
5.2649e+06	2.45827e-08
5.265e+06	4.0721e-08
5.2651e+06	6.67829e-08
5.2652e+06	1.08435e-07
5.2653e+06	1.74313e-07
5.2654e+06	2.77426e-07
5.2655e+06	4.37142e-07
5.2656e+06	6.81953e-07
5.2657e+06	1.05328e-06
5.2658e+06	1.61061e-06
5.2659e+06	2.43833e-06
5.266e+06	3.65471e-06
5.2661e+06	5.42338e-06
5.2662e+06	7.96791e-06
5.2663e+06	1.15898e-05
5.2664e+06	1.66903e-05
5.2665e+06	2.37963e-05
5.2666e+06	3.35902e-05
5.2667e+06	4.69431e-05
5.2668e+06	6.49513e-05
5.2669e+06	8.89737e-05
5.267e+06	0.000120668
5.2671e+06	0.000162024
5.2672e+06	0.00021539
5.2673e+06	0.000283483
5.2674e+06	0.000369391
5.2675e+06	0.000476543
5.2676e+06	0.00060866
5.2677e+06	0.000769671
5.2678e+06	0.00096359
5.2679e+06	0.00119436
5.268e+06	0.00146567
5.2681e+06	0.00178072
5.2682e+06	0.00214196
5.2683e+06	0.00255084
5.2684e+06	0.00300755
5.2685e+06	0.00351075
5.2686e+06	0.00405736
5.2687e+06	0.00464241
5.2688e+06	0.00525898
5.2689e+06	0.00589816
5.269e+06	0.0065492
5.2691e+06	0.00719974
5.2692e+06	0.00783615
5.2693e+06	0.00844395
5.2694e+06	0.00900836
5.2695e+06	0.00951487
5.2696e+06	0.00994986
5.2697e+06	0.0103012
5.2698e+06	0.0105588
5.2699e+06	0.0107152
5.27e+06	0.0107657
5.2701e+06	0.0107089
5.2702e+06	0.0105463
5.2703e+06	0.0102829
5.2704e+06	0.00992623
5.2705e+06	0.00948663
5.2706e+06	0.00897628
5.2707e+06	0.00840888
5.2708e+06	0.00779897
5.2709e+06	0.00716132
5.271e+06	0.00651037
5.2711e+06	0.00585971
5.2712e+06	0.00522159
5.2713e+06	0.00460667
5.2714e+06	0.00402372
5.2715e+06	0.00347958
5.2716e+06	0.00297908
5.2717e+06	0.00252519
5.2718e+06	0.00211916
5.2719e+06	0.00176072
5.272e+06	0.00144835
5.2721e+06	0.00117954
5.2722e+06	0.000951067
5.2723e+06	0.000759217
5.2724e+06	0.000600036
5.2725e+06	0.000469511
5.2726e+06	0.000363724
5.2727e+06	0.000278968
5.2728e+06	0.000211834
5.2729e+06	0.000159254
5.273e+06	0.000118535
5.2731e+06	8.73488e-05
5.2732e+06	6.37272e-05
5.2733e+06	4.6031e-05
5.2734e+06	3.29179e-05
5.2735e+06	2.33062e-05
5.2736e+06	1.63368e-05
5.2737e+06	1.13376e-05
5.2738e+06	7.7899e-06
5.2739e+06	5.29907e-06
5.274e+06	3.56881e-06
5.2741e+06	2.37961e-06
5.2742e+06	1.57088e-06
5.2743e+06	1.02669e-06
5.2744e+06	6.64343e-07
5.2745e+06	4.25601e-07
5.2746e+06	2.69941e-07
5.2747e+06	1.69509e-07
5.2748e+06	1.05384e-07
5.2749e+06	6.48653e-08
5.275e+06	3.95282e-08
5.2751e+06	2.38484e-08
5.2752e+06	1.42452e-08
5.2753e+06	8.42433e-09
5.2754e+06	4.9324e-09
5.2755e+06	2.85916e-09
5.2756e+06	1.64088e-09
5.2757e+06	9.32333e-10
5.2758e+06	5.24472e-10
5.2759e+06	2.921e-10
5.276e+06	1.61063e-10
5.2761e+06	8.79264e-11
5.2762e+06	4.75225e-11
5.2763e+06	2.54294e-11
5.2764e+06	1.34719e-11
5.2765e+06	7.06612e-12
5.2766e+06	3.66935e-12
5.2767e+06	1.88649e-12
5.2768e+06	9.60232e-13
5.2769e+06	4.839e-13
5.277e+06	2.4143e-13
5.2771e+06	1.19257e-13
5.2772e+06	5.83224e-14
5.2773e+06	2.82386e-14
5.2774e+06	1.35365e-14
5.2775e+06	6.42434e-15
5.2776e+06	3.01861e-15
5.2777e+06	1.40424e-15
5.2778e+06	6.46748e-16
5.2779e+06	2.94907e-16
5.278e+06	1.33135e-16
5.2781e+06	5.95053e-17
5.2782e+06	2.63316e-17
5.2783e+06	1.1536e-17
5.2784e+06	5.00368e-18
5.2785e+06	2.14873e-18
5.2786e+06	9.13546e-19
5.2787e+06	3.84536e-19
5.2788e+06	1.60251e-19
5.2789e+06	6.61181e-20
5.279e+06	2.70083e-20
5.2791e+06	1.09227e-20
5.2792e+06	4.37344e-21
5.2793e+06	1.73369e-21
5.2794e+06	6.80421e-22
5.2795e+06	2.64387e-22
5.2796e+06	1.01709e-22
5.2797e+06	3.87379e-23
5.2798e+06	1.46073e-23
5.2799e+06	5.45332e-24
5.28e+06	2.01562e-24
5.2801e+06	7.37588e-25
5.2802e+06	2.67224e-25
5.2803e+06	9.58506e-26
5.2804e+06	3.40385e-26
5.2805e+06	1.19675e-26
5.2806e+06	4.16576e-27
5.2807e+06	1.43563e-27
5.2808e+06	4.89831e-28
5.2809e+06	1.65465e-28
5.281e+06	5.53383e-29
5.2811e+06	1.83232e-29
5.2812e+06	6.00667e-30
5.2813e+06	1.9495e-30
5.2814e+06	6.26426e-31
5.2815e+06	1.99285e-31
5.2816e+06	6.27674e-32
5.2817e+06	1.95728e-32
5.2818e+06	6.04265e-33
5.2819e+06	1.84697e-33
5.282e+06	5.58918e-34
5.2821e+06	1.67453e-34
5.2822e+06	4.96703e-35
5.2823e+06	1.45867e-35
5.2824e+06	4.24106e-36
5.2825e+06	1.22081e-36
5.2826e+06	3.47921e-37
5.2827e+06	9.81677e-38
5.2828e+06	2.74229e-38
5.2829e+06	7.58431e-39
5.283e+06	2.07671e-39
5.2831e+06	5.62979e-40
5.2832e+06	1.51101e-40
5.2833e+06	4.0151e-41
5.2834e+06	1.05629e-41
5.2835e+06	2.75125e-42
5.2836e+06	7.09465e-43
5.2837e+06	1.8113e-43
5.2838e+06	4.57832e-44
5.2839e+06	1.14572e-44
5.284e+06	2.83863e-45
5.2841e+06	6.963e-46
5.2842e+06	1.69099e-46
5.2843e+06	4.06576e-47
5.2844e+06	9.67832e-48
5.2845e+06	2.28095e-48
5.2846e+06	5.32216e-49
5.2847e+06	1.22947e-49
5.2848e+06	2.81193e-50
5.2849e+06	6.36718e-51
5.285e+06	1.42741e-51
5.2851e+06	3.16815e-52
5.2852e+06	6.96178e-53
5.2853e+06	1.51458e-53
5.2854e+06	3.26228e-54
5.2855e+06	6.95676e-55
5.2856e+06	1.46876e-55
5.2857e+06	3.07008e-56
5.2858e+06	6.35341e-57
5.2859e+06	1.30173e-57
5.286e+06	2.64054e-58
5.2861e+06	5.30299e-59
5.2862e+06	1.0544e-59
5.2863e+06	2.07562e-60
5.2864e+06	4.04527e-61
5.2865e+06	7.80556e-62
5.2866e+06	1.49114e-62
5.2867e+06	2.82025e-63
5.2868e+06	5.281e-64
5.2869e+06	9.79041e-65
5.287e+06	1.79698e-65
5.2871e+06	3.26544e-66
5.2872e+06	5.87485e-67
5.2873e+06	1.04643e-67
5.2874e+06	1.84535e-68
5.2875e+06	3.22186e-69
5.2876e+06	5.56918e-70
5.2877e+06	9.53086e-71
5.2878e+06	1.61484e-71
5.2879e+06	2.70885e-72
5.288e+06	4.49881e-73
5.2881e+06	7.3972e-74
5.2882e+06	1.20419e-74
5.2883e+06	1.94078e-75
5.2884e+06	3.09683e-76
5.2885e+06	4.89232e-77
5.2886e+06	7.65191e-78
5.2887e+06	1.1849e-78
5.2888e+06	1.81656e-79
5.2889e+06	2.75725e-80
5.289e+06	4.14342e-81
5.2891e+06	6.16451e-82
5.2892e+06	9.08021e-83
5.2893e+06	1.32419e-83
5.2894e+06	1.91188e-84
5.2895e+06	2.73293e-85
5.2896e+06	3.86771e-86
5.2897e+06	5.41921e-87
5.2898e+06	7.51754e-88
5.2899e+06	1.03246e-88
5.29e+06	1.40386e-89
5.2901e+06	1.88989e-90
5.2902e+06	2.51886e-91
5.2903e+06	3.32375e-92
5.2904e+06	4.3422e-93
5.2905e+06	5.61627e-94
5.2906e+06	7.1919e-95
5.2907e+06	9.11794e-96
5.2908e+06	1.14448e-96
5.2909e+06	1.42224e-97
5.291e+06	1.74984e-98
5.2911e+06	2.13147e-99
5.2912e+06	2.57049e-100
5.2913e+06	3.0691e-101
5.2914e+06	3.62797e-102
5.2915e+06	4.24593e-103
5.2916e+06	4.91971e-104
5.2917e+06	5.64368e-105
5.2918e+06	6.40978e-106
5.2919e+06	7.20743e-107
5.292e+06	8.0237e-108
5.2921e+06	8.84354e-109
5.2922e+06	9.65017e-110
5.2923e+06	1.04256e-110
5.2924e+06	1.11512e-111
5.2925e+06	1.18087e-112
5.2926e+06	1.23805e-113
5.2927e+06	1.28509e-114
5.2928e+06	1.32064e-115
5.2929e+06	1.34367e-116
5.293e+06	1.3535e-117
5.2931e+06	1.34983e-118
5.2932e+06	1.33278e-119
5.2933e+06	1.30285e-120
5.2934e+06	1.26092e-121
5.2935e+06	1.2082e-122
5.2936e+06	1.14616e-123
5.2937e+06	1.07649e-124
5.2938e+06	1.001e-125
5.2939e+06	9.21533e-127
5.294e+06	8.39936e-128
5.2941e+06	7.57947e-129
5.2942e+06	6.77156e-130
5.2943e+06	5.98957e-131
5.2944e+06	5.24517e-132
5.2945e+06	4.54758e-133
5.2946e+06	3.90354e-134
5.2947e+06	3.31736e-135
5.2948e+06	2.79116e-136
5.2949e+06	2.32506e-137
5.295e+06	1.91752e-138
5.2951e+06	1.56568e-139
5.2952e+06	1.26568e-140
5.2953e+06	1.01298e-141
5.2954e+06	8.02667e-143
5.2955e+06	6.2969e-144
5.2956e+06	4.89075e-145
5.2957e+06	3.76081e-146
5.2958e+06	2.86315e-147
5.2959e+06	2.15806e-148
5.296e+06	1.61042e-149
5.2961e+06	1.1898e-150
5.2962e+06	8.70291e-152
5.2963e+06	6.30249e-153
5.2964e+06	4.51874e-154
5.2965e+06	3.20759e-155
5.2966e+06	2.25423e-156
5.2967e+06	1.56846e-157
5.2968e+06	1.08046e-158
5.2969e+06	7.36882e-160
5.297e+06	4.9756e-161
5.2971e+06	3.32621e-162
5.2972e+06	2.20146e-163
5.2973e+06	1.44254e-164
5.2974e+06	9.35847e-166
5.2975e+06	6.01087e-167
5.2976e+06	3.82232e-168
5.2977e+06	2.40643e-169
5.2978e+06	1.49995e-170
5.2979e+06	9.25631e-172
5.298e+06	5.6553e-173
5.2981e+06	3.42082e-174
5.2982e+06	2.04863e-175
5.2983e+06	1.21465e-176
5.2984e+06	7.13013e-178
5.2985e+06	4.14382e-179
5.2986e+06	2.3843e-180
5.2987e+06	1.35824e-181
5.2988e+06	7.66041e-183
5.2989e+06	4.27744e-184
5.299e+06	2.36468e-185
5.2991e+06	1.29425e-186
5.2992e+06	7.01326e-188
5.2993e+06	3.76252e-189
5.2994e+06	1.99846e-190
5.2995e+06	1.05092e-191
5.2996e+06	5.47142e-193
5.2997e+06	2.82025e-194
5.2998e+06	1.43924e-195
5.2999e+06	7.27168e-197
5.3e+06	3.63742e-198
5.3001e+06	1.8014e-199
5.3002e+06	8.83248e-201
5.3003e+06	4.28758e-202
5.3004e+06	2.06063e-203
5.3005e+06	9.80492e-205
5.3006e+06	4.61897e-206
5.3007e+06	2.15429e-207
5.3008e+06	9.94761e-209
5.3009e+06	4.54769e-210
5.301e+06	2.05836e-211
5.3011e+06	9.22374e-213
5.3012e+06	4.09214e-214
5.3013e+06	1.79743e-215
5.3014e+06	7.81644e-217
5.3015e+06	3.3653e-218
5.3016e+06	1.43448e-219
5.3017e+06	6.05375e-221
5.3018e+06	2.52936e-222
5.3019e+06	1.04629e-223
5.302e+06	4.28503e-225
5.3021e+06	1.73744e-226
5.3022e+06	6.97468e-228
5.3023e+06	2.77202e-229
5.3024e+06	1.09075e-230
5.3025e+06	4.24922e-232
5.3026e+06	1.6389e-233
5.3027e+06	6.25822e-235
5.3028e+06	2.36596e-236
5.3029e+06	8.85566e-238
5.303e+06	3.28164e-239
5.3031e+06	1.20398e-240
5.3032e+06	4.37325e-242
5.3033e+06	1.5727e-243
5.3034e+06	5.59944e-245
5.3035e+06	1.97379e-246
5.3036e+06	6.88832e-248
5.3037e+06	2.38003e-249
5.3038e+06	8.14161e-251
5.3039e+06	2.75736e-252
5.304e+06	9.2456e-254
5.3041e+06	3.06926e-255
5.3042e+06	1.00876e-256
5.3043e+06	3.28247e-258
5.3044e+06	1.05748e-259
5.3045e+06	3.37285e-261
5.3046e+06	1.06508e-262
5.3047e+06	3.32982e-264
5.3048e+06	1.03067e-265
5.3049e+06	3.15844e-267
5.305e+06	9.58263e-269
5.3051e+06	2.87841e-270
5.3052e+06	8.5601e-272
5.3053e+06	2.52036e-273
5.3054e+06	7.34686e-275
5.3055e+06	2.12031e-276
5.3056e+06	6.05833e-278
5.3057e+06	1.71381e-279
5.3058e+06	4.7999e-281
5.3059e+06	1.33094e-282
5.306e+06	3.65375e-284
5.3061e+06	9.93067e-286
5.3062e+06	2.67224e-287
5.3063e+06	7.11915e-289
5.3064e+06	1.87775e-290
5.3065e+06	4.9035e-292
5.3066e+06	1.26774e-293
5.3067e+06	3.24498e-295
5.3068e+06	8.22339e-297
5.3069e+06	2.06323e-298
5.307e+06	5.12507e-300
5.3071e+06	1.2604e-301
5.3072e+06	3.06885e-303
5.3073e+06	7.39776e-305
5.3074e+06	1.76556e-306
5.3075e+06	4.17176e-308
5.3076e+06	9.7592e-310
5.3077e+06	2.2603e-311
5.3078e+06	5.18294e-313
5.3079e+06	1.17664e-314
5.308e+06	2.64463e-316
5.3081e+06	5.88499e-318
5.3082e+06	1.29653e-319
5.3083e+06	2.82606e-321
5.3084e+06	5.92879e-323
5.3085e+06	0
5.3086e+06	0
5.3087e+06	0
5.3088e+06	0
5.3089e+06	0
5.309e+06	0
5.3091e+06	0
5.3092e+06	0
5.3093e+06	0
5.3094e+06	0
5.3095e+06	0
5.3096e+06	0
5.3097e+06	0
5.3098e+06	0
5.3099e+06	0
5.31e+06	0
5.3101e+06	0
5.3102e+06	0
5.3103e+06	0
5.3104e+06	0
5.3105e+06	0
5.3106e+06	0
5.3107e+06	0
5.3108e+06	0
5.3109e+06	0
5.311e+06	0
5.3111e+06	0
5.3112e+06	0
5.3113e+06	0
5.3114e+06	0
5.3115e+06	0
5.3116e+06	0
5.3117e+06	0
5.3118e+06	0
5.3119e+06	0
5.312e+06	0
5.3121e+06	0
5.3122e+06	0
5.3123e+06	0
5.3124e+06	0
5.3125e+06	0
5.3126e+06	0
5.3127e+06	0
5.3128e+06	0
5.3129e+06	0
5.313e+06	0
5.3131e+06	0
5.3132e+06	0
5.3133e+06	0
5.3134e+06	0
5.3135e+06	0
5.3136e+06	0
5.3137e+06	0
5.3138e+06	0
5.3139e+06	0
5.314e+06	0
5.3141e+06	0
5.3142e+06	0
5.3143e+06	0
5.3144e+06	0
5.3145e+06	0
5.3146e+06	0
5.3147e+06	0
5.3148e+06	0
5.3149e+06	0
5.315e+06	0
5.3151e+06	0
5.3152e+06	0
5.3153e+06	0
5.3154e+06	0
5.3155e+06	0
5.3156e+06	0
5.3157e+06	0
5.3158e+06	0
5.3159e+06	0
5.316e+06	0
5.3161e+06	0
5.3162e+06	0
5.3163e+06	0
5.3164e+06	0
5.3165e+06	0
5.3166e+06	0
5.3167e+06	0
5.3168e+06	0
5.3169e+06	0
5.317e+06	0
5.3171e+06	0
5.3172e+06	0
5.3173e+06	0
5.3174e+06	0
5.3175e+06	0
5.3176e+06	0
5.3177e+06	0
5.3178e+06	0
5.3179e+06	0
5.318e+06	0
5.3181e+06	0
5.3182e+06	0
5.3183e+06	0
5.3184e+06	0
5.3185e+06	0
5.3186e+06	0
5.3187e+06	0
5.3188e+06	0
5.3189e+06	0
5.319e+06	0
5.3191e+06	0
5.3192e+06	0
5.3193e+06	0
5.3194e+06	0
5.3195e+06	0
5.3196e+06	0
5.3197e+06	0
5.3198e+06	0
5.3199e+06	0
5.32e+06	0
5.3201e+06	0
5.3202e+06	0
5.3203e+06	0
5.3204e+06	0
5.3205e+06	0
5.3206e+06	0
5.3207e+06	0
5.3208e+06	0
5.3209e+06	0
5.321e+06	0
5.3211e+06	0
5.3212e+06	0
5.3213e+06	0
5.3214e+06	0
5.3215e+06	0
5.3216e+06	0
5.3217e+06	0
5.3218e+06	0
5.3219e+06	0
5.322e+06	0
5.3221e+06	0
5.3222e+06	0
5.3223e+06	0
5.3224e+06	0
5.3225e+06	0
5.3226e+06	0
5.3227e+06	0
5.3228e+06	0
5.3229e+06	0
5.323e+06	0
5.3231e+06	0
5.3232e+06	0
5.3233e+06	0
5.3234e+06	0
5.3235e+06	0
5.3236e+06	0
5.3237e+06	0
5.3238e+06	0
5.3239e+06	0
5.324e+06	0
5.3241e+06	0
5.3242e+06	0
5.3243e+06	0
5.3244e+06	0
5.3245e+06	0
5.3246e+06	0
5.3247e+06	0
5.3248e+06	0
5.3249e+06	0
5.325e+06	0
5.3251e+06	0
5.3252e+06	0
5.3253e+06	0
5.3254e+06	0
5.3255e+06	0
5.3256e+06	0
5.3257e+06	0
5.3258e+06	0
5.3259e+06	0
5.326e+06	0
5.3261e+06	0
5.3262e+06	0
5.3263e+06	0
5.3264e+06	0
5.3265e+06	0
5.3266e+06	0
5.3267e+06	0
5.3268e+06	0
5.3269e+06	0
5.327e+06	0
5.3271e+06	0
5.3272e+06	0
5.3273e+06	0
5.3274e+06	0
5.3275e+06	0
5.3276e+06	0
5.3277e+06	0
5.3278e+06	0
5.3279e+06	0
5.328e+06	0
5.3281e+06	0
5.3282e+06	0
5.3283e+06	0
5.3284e+06	0
5.3285e+06	0
5.3286e+06	0
5.3287e+06	0
5.3288e+06	0
5.3289e+06	0
5.329e+06	0
5.3291e+06	0
5.3292e+06	0
5.3293e+06	0
5.3294e+06	0
5.3295e+06	0
5.3296e+06	0
5.3297e+06	0
5.3298e+06	0
5.3299e+06	0
5.33e+06	0
5.3301e+06	0
5.3302e+06	0
5.3303e+06	0
5.3304e+06	0
5.3305e+06	0
5.3306e+06	0
5.3307e+06	0
5.3308e+06	0
5.3309e+06	0
5.331e+06	0
5.3311e+06	0
5.3312e+06	0
5.3313e+06	0
5.3314e+06	0
5.3315e+06	0
5.3316e+06	0
5.3317e+06	0
5.3318e+06	0
5.3319e+06	0
5.332e+06	0
5.3321e+06	0
5.3322e+06	0
5.3323e+06	0
5.3324e+06	0
5.3325e+06	0
5.3326e+06	0
5.3327e+06	0
5.3328e+06	0
5.3329e+06	0
5.333e+06	0
5.3331e+06	0
5.3332e+06	0
5.3333e+06	0
5.3334e+06	0
5.3335e+06	0
5.3336e+06	0
5.3337e+06	0
5.3338e+06	0
5.3339e+06	0
5.334e+06	0
5.3341e+06	0
5.3342e+06	0
5.3343e+06	0
5.3344e+06	0
5.3345e+06	0
5.3346e+06	0
5.3347e+06	0
5.3348e+06	0
5.3349e+06	0
5.335e+06	0
5.3351e+06	0
5.3352e+06	0
5.3353e+06	0
5.3354e+06	0
5.3355e+06	0
5.3356e+06	0
5.3357e+06	0
5.3358e+06	0
5.3359e+06	0
5.336e+06	0
5.3361e+06	0
5.3362e+06	0
5.3363e+06	0
5.3364e+06	0
5.3365e+06	0
5.3366e+06	0
5.3367e+06	0
5.3368e+06	0
5.3369e+06	0
5.337e+06	0
5.3371e+06	0
5.3372e+06	0
5.3373e+06	0
5.3374e+06	0
5.3375e+06	0
5.3376e+06	0
5.3377e+06	0
5.3378e+06	0
5.3379e+06	0
5.338e+06	0
5.3381e+06	0
5.3382e+06	0
5.3383e+06	0
5.3384e+06	0
5.3385e+06	0
5.3386e+06	0
5.3387e+06	0
5.3388e+06	0
5.3389e+06	0
5.339e+06	0
5.3391e+06	0
5.3392e+06	0
5.3393e+06	0
5.3394e+06	0
5.3395e+06	0
5.3396e+06	0
5.3397e+06	0
5.3398e+06	0
5.3399e+06	0
5.34e+06	0
5.3401e+06	0
5.3402e+06	0
5.3403e+06	0
5.3404e+06	0
5.3405e+06	0
5.3406e+06	0
5.3407e+06	0
5.3408e+06	0
5.3409e+06	0
5.341e+06	0
5.3411e+06	0
5.3412e+06	0
5.3413e+06	0
5.3414e+06	0
5.3415e+06	0
5.3416e+06	0
5.3417e+06	0
5.3418e+06	0
5.3419e+06	0
5.342e+06	0
5.3421e+06	0
5.3422e+06	0
5.3423e+06	0
5.3424e+06	0
5.3425e+06	0
5.3426e+06	0
5.3427e+06	0
5.3428e+06	0
5.3429e+06	0
5.343e+06	0
5.3431e+06	0
5.3432e+06	0
5.3433e+06	0
5.3434e+06	0
5.3435e+06	0
5.3436e+06	0
5.3437e+06	0
5.3438e+06	0
5.3439e+06	0
5.344e+06	0
5.3441e+06	0
5.3442e+06	0
5.3443e+06	0
5.3444e+06	0
5.3445e+06	0
5.3446e+06	0
5.3447e+06	0
5.3448e+06	0
5.3449e+06	0
5.345e+06	0
5.3451e+06	0
5.3452e+06	0
5.3453e+06	0
5.3454e+06	0
5.3455e+06	0
5.3456e+06	0
5.3457e+06	0
5.3458e+06	0
5.3459e+06	0
5.346e+06	0
5.3461e+06	0
5.3462e+06	0
5.3463e+06	0
5.3464e+06	0
5.3465e+06	0
5.3466e+06	0
5.3467e+06	0
5.3468e+06	0
5.3469e+06	0
5.347e+06	0
5.3471e+06	0
5.3472e+06	0
5.3473e+06	0
5.3474e+06	0
5.3475e+06	0
5.3476e+06	0
5.3477e+06	0
5.3478e+06	0
5.3479e+06	0
5.348e+06	0
5.3481e+06	0
5.3482e+06	0
5.3483e+06	0
5.3484e+06	0
5.3485e+06	0
5.3486e+06	0
5.3487e+06	0
5.3488e+06	0
5.3489e+06	0
5.349e+06	0
5.3491e+06	0
5.3492e+06	0
5.3493e+06	0
5.3494e+06	0
5.3495e+06	0
5.3496e+06	0
5.3497e+06	0
5.3498e+06	0
5.3499e+06	0
5.35e+06	0
5.3501e+06	0
5.3502e+06	0
5.3503e+06	0
5.3504e+06	0
5.3505e+06	0
5.3506e+06	0
5.3507e+06	0
5.3508e+06	0
5.3509e+06	0
5.351e+06	0
5.3511e+06	0
5.3512e+06	0
5.3513e+06	0
5.3514e+06	0
5.3515e+06	0
5.3516e+06	0
5.3517e+06	0
5.3518e+06	0
5.3519e+06	0
5.352e+06	0
5.3521e+06	0
5.3522e+06	0
5.3523e+06	0
5.3524e+06	0
5.3525e+06	0
5.3526e+06	0
5.3527e+06	0
5.3528e+06	0
5.3529e+06	0
5.353e+06	0
5.3531e+06	0
5.3532e+06	0
5.3533e+06	0
5.3534e+06	0
5.3535e+06	0
5.3536e+06	0
5.3537e+06	0
5.3538e+06	0
5.3539e+06	0
5.354e+06	0
5.3541e+06	0
5.3542e+06	0
5.3543e+06	0
5.3544e+06	0
5.3545e+06	0
5.3546e+06	0
5.3547e+06	0
5.3548e+06	0
5.3549e+06	0
5.355e+06	0
5.3551e+06	0
5.3552e+06	0
5.3553e+06	0
5.3554e+06	0
5.3555e+06	0
5.3556e+06	0
5.3557e+06	0
5.3558e+06	0
5.3559e+06	0
5.356e+06	0
5.3561e+06	0
5.3562e+06	0
5.3563e+06	0
5.3564e+06	0
5.3565e+06	0
5.3566e+06	0
5.3567e+06	0
5.3568e+06	0
5.3569e+06	0
5.357e+06	0
5.3571e+06	0
5.3572e+06	0
5.3573e+06	0
5.3574e+06	0
5.3575e+06	0
5.3576e+06	0
5.3577e+06	0
5.3578e+06	0
5.3579e+06	0
5.358e+06	0
5.3581e+06	0
5.3582e+06	0
5.3583e+06	0
5.3584e+06	0
5.3585e+06	0
5.3586e+06	0
5.3587e+06	0
5.3588e+06	0
5.3589e+06	0
5.359e+06	0
5.3591e+06	0
5.3592e+06	0
5.3593e+06	0
5.3594e+06	0
5.3595e+06	0
5.3596e+06	0
5.3597e+06	0
5.3598e+06	0
5.3599e+06	0
5.36e+06	0
5.3601e+06	0
5.3602e+06	0
5.3603e+06	0
5.3604e+06	0
5.3605e+06	0
5.3606e+06	0
5.3607e+06	0
5.3608e+06	0
5.3609e+06	0
5.361e+06	0
5.3611e+06	0
5.3612e+06	0
5.3613e+06	0
5.3614e+06	0
5.3615e+06	0
5.3616e+06	0
5.3617e+06	0
5.3618e+06	0
5.3619e+06	0
5.362e+06	0
5.3621e+06	0
5.3622e+06	0
5.3623e+06	0
5.3624e+06	0
5.3625e+06	0
5.3626e+06	0
5.3627e+06	0
5.3628e+06	0
5.3629e+06	0
5.363e+06	0
5.3631e+06	0
5.3632e+06	0
5.3633e+06	0
5.3634e+06	0
5.3635e+06	0
5.3636e+06	0
5.3637e+06	0
5.3638e+06	0
5.3639e+06	0
5.364e+06	0
5.3641e+06	0
5.3642e+06	0
5.3643e+06	0
5.3644e+06	0
5.3645e+06	0
5.3646e+06	0
5.3647e+06	0
5.3648e+06	0
5.3649e+06	0
5.365e+06	0
5.3651e+06	0
5.3652e+06	0
5.3653e+06	0
5.3654e+06	0
5.3655e+06	0
5.3656e+06	0
5.3657e+06	0
5.3658e+06	0
5.3659e+06	0
5.366e+06	0
5.3661e+06	0
5.3662e+06	0
5.3663e+06	0
5.3664e+06	0
5.3665e+06	0
5.3666e+06	0
5.3667e+06	0
5.3668e+06	0
5.3669e+06	0
5.367e+06	0
5.3671e+06	0
5.3672e+06	0
5.3673e+06	0
5.3674e+06	0
5.3675e+06	0
5.3676e+06	0
5.3677e+06	0
5.3678e+06	0
5.3679e+06	0
5.368e+06	0
5.3681e+06	0
5.3682e+06	0
5.3683e+06	0
5.3684e+06	0
5.3685e+06	0
5.3686e+06	0
5.3687e+06	0
5.3688e+06	0
5.3689e+06	0
5.369e+06	0
5.3691e+06	0
5.3692e+06	0
5.3693e+06	0
5.3694e+06	0
5.3695e+06	0
5.3696e+06	0
5.3697e+06	0
5.3698e+06	0
5.3699e+06	0
5.37e+06	0
5.3701e+06	0
5.3702e+06	0
5.3703e+06	0
5.3704e+06	0
5.3705e+06	0
5.3706e+06	0
5.3707e+06	0
5.3708e+06	0
5.3709e+06	0
5.371e+06	0
5.3711e+06	0
5.3712e+06	0
5.3713e+06	0
5.3714e+06	0
5.3715e+06	0
5.3716e+06	0
5.3717e+06	0
5.3718e+06	0
5.3719e+06	0
5.372e+06	0
5.3721e+06	0
5.3722e+06	0
5.3723e+06	0
5.3724e+06	0
5.3725e+06	0
5.3726e+06	0
5.3727e+06	0
5.3728e+06	0
5.3729e+06	0
5.373e+06	0
5.3731e+06	0
5.3732e+06	0
5.3733e+06	0
5.3734e+06	0
5.3735e+06	0
5.3736e+06	0
5.3737e+06	0
5.3738e+06	0
5.3739e+06	0
5.374e+06	0
5.3741e+06	0
5.3742e+06	0
5.3743e+06	0
5.3744e+06	0
5.3745e+06	0
5.3746e+06	0
5.3747e+06	0
5.3748e+06	0
5.3749e+06	0
5.375e+06	0
5.3751e+06	0
5.3752e+06	0
5.3753e+06	0
5.3754e+06	0
5.3755e+06	0
5.3756e+06	0
5.3757e+06	0
5.3758e+06	0
5.3759e+06	0
5.376e+06	0
5.3761e+06	0
5.3762e+06	0
5.3763e+06	0
5.3764e+06	0
5.3765e+06	0
5.3766e+06	0
5.3767e+06	0
5.3768e+06	0
5.3769e+06	0
5.377e+06	0
5.3771e+06	0
5.3772e+06	0
5.3773e+06	0
5.3774e+06	0
5.3775e+06	0
5.3776e+06	0
5.3777e+06	0
5.3778e+06	0
5.3779e+06	0
5.378e+06	0
5.3781e+06	0
5.3782e+06	0
5.3783e+06	0
5.3784e+06	0
5.3785e+06	0
5.3786e+06	0
5.3787e+06	0
5.3788e+06	0
5.3789e+06	0
5.379e+06	0
5.3791e+06	0
5.3792e+06	0
5.3793e+06	0
5.3794e+06	0
5.3795e+06	0
5.3796e+06	0
5.3797e+06	0
5.3798e+06	0
5.3799e+06	0
5.38e+06	0
5.3801e+06	0
5.3802e+06	0
5.3803e+06	0
5.3804e+06	0
5.3805e+06	0
5.3806e+06	0
5.3807e+06	0
5.3808e+06	0
5.3809e+06	0
5.381e+06	0
5.3811e+06	0
5.3812e+06	0
5.3813e+06	0
5.3814e+06	0
5.3815e+06	0
5.3816e+06	0
5.3817e+06	0
5.3818e+06	0
5.3819e+06	0
5.382e+06	0
5.3821e+06	0
5.3822e+06	0
5.3823e+06	0
5.3824e+06	0
5.3825e+06	0
5.3826e+06	0
5.3827e+06	0
5.3828e+06	0
5.3829e+06	0
5.383e+06	0
5.3831e+06	0
5.3832e+06	0
5.3833e+06	0
5.3834e+06	0
5.3835e+06	0
5.3836e+06	0
5.3837e+06	0
5.3838e+06	0
5.3839e+06	0
5.384e+06	0
5.3841e+06	0
5.3842e+06	0
5.3843e+06	0
5.3844e+06	0
5.3845e+06	0
5.3846e+06	0
5.3847e+06	0
5.3848e+06	0
5.3849e+06	0
5.385e+06	0
5.3851e+06	0
5.3852e+06	0
5.3853e+06	0
5.3854e+06	0
5.3855e+06	0
5.3856e+06	0
5.3857e+06	0
5.3858e+06	0
5.3859e+06	0
5.386e+06	0
5.3861e+06	0
5.3862e+06	0
5.3863e+06	0
5.3864e+06	0
5.3865e+06	0
5.3866e+06	0
5.3867e+06	0
5.3868e+06	0
5.3869e+06	0
5.387e+06	0
5.3871e+06	0
5.3872e+06	0
5.3873e+06	0
5.3874e+06	0
5.3875e+06	0
5.3876e+06	0
5.3877e+06	0
5.3878e+06	0
5.3879e+06	0
5.388e+06	0
5.3881e+06	0
5.3882e+06	0
5.3883e+06	0
5.3884e+06	0
5.3885e+06	0
5.3886e+06	0
5.3887e+06	0
5.3888e+06	0
5.3889e+06	0
5.389e+06	0
5.3891e+06	0
5.3892e+06	0
5.3893e+06	0
5.3894e+06	0
5.3895e+06	0
5.3896e+06	0
5.3897e+06	0
5.3898e+06	0
5.3899e+06	0
5.39e+06	0
5.3901e+06	0
5.3902e+06	0
5.3903e+06	0
5.3904e+06	0
5.3905e+06	0
5.3906e+06	0
5.3907e+06	0
5.3908e+06	0
5.3909e+06	0
5.391e+06	0
5.3911e+06	0
5.3912e+06	0
5.3913e+06	0
5.3914e+06	0
5.3915e+06	0
5.3916e+06	0
5.3917e+06	0
5.3918e+06	0
5.3919e+06	0
5.392e+06	0
5.3921e+06	0
5.3922e+06	0
5.3923e+06	0
5.3924e+06	0
5.3925e+06	0
5.3926e+06	0
5.3927e+06	0
5.3928e+06	0
5.3929e+06	0
5.393e+06	0
5.3931e+06	0
5.3932e+06	0
5.3933e+06	0
5.3934e+06	0
5.3935e+06	0
5.3936e+06	0
5.3937e+06	0
5.3938e+06	0
5.3939e+06	0
5.394e+06	0
5.3941e+06	0
5.3942e+06	0
5.3943e+06	0
5.3944e+06	0
5.3945e+06	0
5.3946e+06	0
5.3947e+06	0
5.3948e+06	0
5.3949e+06	0
5.395e+06	0
5.3951e+06	0
5.3952e+06	0
5.3953e+06	0
5.3954e+06	0
5.3955e+06	0
5.3956e+06	0
5.3957e+06	0
5.3958e+06	0
5.3959e+06	0
5.396e+06	0
5.3961e+06	0
5.3962e+06	0
5.3963e+06	0
5.3964e+06	0
5.3965e+06	0
5.3966e+06	0
5.3967e+06	0
5.3968e+06	0
5.3969e+06	0
5.397e+06	0
5.3971e+06	0
5.3972e+06	0
5.3973e+06	0
5.3974e+06	0
5.3975e+06	0
5.3976e+06	0
5.3977e+06	0
5.3978e+06	0
5.3979e+06	0
5.398e+06	0
5.3981e+06	0
5.3982e+06	0
5.3983e+06	0
5.3984e+06	0
5.3985e+06	0
5.3986e+06	0
5.3987e+06	0
5.3988e+06	0
5.3989e+06	0
5.399e+06	0
5.3991e+06	0
5.3992e+06	0
5.3993e+06	0
5.3994e+06	0
5.3995e+06	0
5.3996e+06	0
5.3997e+06	0
5.3998e+06	0
5.3999e+06	0
5.4e+06	0
5.4001e+06	0
5.4002e+06	0
5.4003e+06	0
5.4004e+06	0
5.4005e+06	0
5.4006e+06	0
5.4007e+06	0
5.4008e+06	0
5.4009e+06	0
5.401e+06	0
5.4011e+06	0
5.4012e+06	0
5.4013e+06	0
5.4014e+06	0
5.4015e+06	0
5.4016e+06	0
5.4017e+06	0
5.4018e+06	0
5.4019e+06	0
5.402e+06	0
5.4021e+06	0
5.4022e+06	0
5.4023e+06	0
5.4024e+06	0
5.4025e+06	0
5.4026e+06	0
5.4027e+06	0
5.4028e+06	0
5.4029e+06	0
5.403e+06	0
5.4031e+06	0
5.4032e+06	0
5.4033e+06	0
5.4034e+06	0
5.4035e+06	0
5.4036e+06	0
5.4037e+06	0
5.4038e+06	0
5.4039e+06	0
5.404e+06	0
5.4041e+06	0
5.4042e+06	0
5.4043e+06	0
5.4044e+06	0
5.4045e+06	0
5.4046e+06	0
5.4047e+06	0
5.4048e+06	0
5.4049e+06	0
5.405e+06	0
5.4051e+06	0
5.4052e+06	0
5.4053e+06	0
5.4054e+06	0
5.4055e+06	0
5.4056e+06	0
5.4057e+06	0
5.4058e+06	0
5.4059e+06	0
5.406e+06	0
5.4061e+06	0
5.4062e+06	0
5.4063e+06	0
5.4064e+06	0
5.4065e+06	0
5.4066e+06	0
5.4067e+06	0
5.4068e+06	0
5.4069e+06	0
5.407e+06	0
5.4071e+06	0
5.4072e+06	0
5.4073e+06	0
5.4074e+06	0
5.4075e+06	0
5.4076e+06	0
5.4077e+06	0
5.4078e+06	0
5.4079e+06	0
5.408e+06	0
5.4081e+06	0
5.4082e+06	0
5.4083e+06	0
5.4084e+06	0
5.4085e+06	0
5.4086e+06	0
5.4087e+06	0
5.4088e+06	0
5.4089e+06	0
5.409e+06	0
5.4091e+06	0
5.4092e+06	0
5.4093e+06	0
5.4094e+06	0
5.4095e+06	0
5.4096e+06	0
5.4097e+06	0
5.4098e+06	0
5.4099e+06	0
5.41e+06	0
5.4101e+06	0
5.4102e+06	0
5.4103e+06	0
5.4104e+06	0
5.4105e+06	0
5.4106e+06	0
5.4107e+06	0
5.4108e+06	0
5.4109e+06	0
5.411e+06	0
5.4111e+06	0
5.4112e+06	0
5.4113e+06	0
5.4114e+06	0
5.4115e+06	0
5.4116e+06	0
5.4117e+06	0
5.4118e+06	0
5.4119e+06	0
5.412e+06	0
5.4121e+06	0
5.4122e+06	0
5.4123e+06	0
5.4124e+06	0
5.4125e+06	0
5.4126e+06	0
5.4127e+06	0
5.4128e+06	0
5.4129e+06	0
5.413e+06	0
5.4131e+06	0
5.4132e+06	0
5.4133e+06	0
5.4134e+06	0
5.4135e+06	0
5.4136e+06	0
5.4137e+06	0
5.4138e+06	0
5.4139e+06	0
5.414e+06	0
5.4141e+06	0
5.4142e+06	0
5.4143e+06	0
5.4144e+06	0
5.4145e+06	0
5.4146e+06	0
5.4147e+06	0
5.4148e+06	0
5.4149e+06	0
5.415e+06	0
5.4151e+06	0
5.4152e+06	0
5.4153e+06	0
5.4154e+06	0
5.4155e+06	0
5.4156e+06	0
5.4157e+06	0
5.4158e+06	0
5.4159e+06	0
5.416e+06	0
5.4161e+06	0
5.4162e+06	0
5.4163e+06	0
5.4164e+06	0
5.4165e+06	0
5.4166e+06	0
5.4167e+06	0
5.4168e+06	0
5.4169e+06	0
5.417e+06	0
5.4171e+06	0
5.4172e+06	0
5.4173e+06	0
5.4174e+06	0
5.4175e+06	0
5.4176e+06	0
5.4177e+06	0
5.4178e+06	0
5.4179e+06	0
5.418e+06	0
5.4181e+06	0
5.4182e+06	0
5.4183e+06	0
5.4184e+06	0
5.4185e+06	0
5.4186e+06	0
5.4187e+06	0
5.4188e+06	0
5.4189e+06	0
5.419e+06	0
5.4191e+06	0
5.4192e+06	0
5.4193e+06	0
5.4194e+06	0
5.4195e+06	0
5.4196e+06	0
5.4197e+06	0
5.4198e+06	0
5.4199e+06	0
5.42e+06	0
5.4201e+06	0
5.4202e+06	0
5.4203e+06	0
5.4204e+06	0
5.4205e+06	0
5.4206e+06	0
5.4207e+06	0
5.4208e+06	0
5.4209e+06	0
5.421e+06	0
5.4211e+06	0
5.4212e+06	0
5.4213e+06	0
5.4214e+06	0
5.4215e+06	0
5.4216e+06	0
5.4217e+06	0
5.4218e+06	0
5.4219e+06	0
5.422e+06	0
5.4221e+06	0
5.4222e+06	0
5.4223e+06	0
5.4224e+06	0
5.4225e+06	0
5.4226e+06	0
5.4227e+06	0
5.4228e+06	0
5.4229e+06	0
5.423e+06	0
5.4231e+06	0
5.4232e+06	0
5.4233e+06	0
5.4234e+06	0
5.4235e+06	0
5.4236e+06	0
5.4237e+06	0
5.4238e+06	0
5.4239e+06	0
5.424e+06	0
5.4241e+06	0
5.4242e+06	0
5.4243e+06	0
5.4244e+06	0
5.4245e+06	0
5.4246e+06	0
5.4247e+06	0
5.4248e+06	0
5.4249e+06	0
5.425e+06	0
5.4251e+06	0
5.4252e+06	0
5.4253e+06	0
5.4254e+06	0
5.4255e+06	0
5.4256e+06	0
5.4257e+06	0
5.4258e+06	0
5.4259e+06	0
5.426e+06	0
5.4261e+06	0
5.4262e+06	0
5.4263e+06	0
5.4264e+06	0
5.4265e+06	0
5.4266e+06	0
5.4267e+06	0
5.4268e+06	0
5.4269e+06	0
5.427e+06	0
5.4271e+06	0
5.4272e+06	0
5.4273e+06	0
5.4274e+06	0
5.4275e+06	0
5.4276e+06	0
5.4277e+06	0
5.4278e+06	0
5.4279e+06	0
5.428e+06	0
5.4281e+06	0
5.4282e+06	0
5.4283e+06	0
5.4284e+06	0
5.4285e+06	0
5.4286e+06	0
5.4287e+06	0
5.4288e+06	0
5.4289e+06	0
5.429e+06	0
5.4291e+06	0
5.4292e+06	0
5.4293e+06	0
5.4294e+06	0
5.4295e+06	0
5.4296e+06	0
5.4297e+06	0
5.4298e+06	0
5.4299e+06	0
5.43e+06	0
5.4301e+06	0
5.4302e+06	0
5.4303e+06	0
5.4304e+06	0
5.4305e+06	0
5.4306e+06	0
5.4307e+06	0
5.4308e+06	0
5.4309e+06	0
5.431e+06	0
5.4311e+06	0
5.4312e+06	0
5.4313e+06	0
5.4314e+06	0
5.4315e+06	0
5.4316e+06	0
5.4317e+06	0
5.4318e+06	0
5.4319e+06	0
5.432e+06	0
5.4321e+06	0
5.4322e+06	0
5.4323e+06	0
5.4324e+06	0
5.4325e+06	0
5.4326e+06	0
5.4327e+06	0
5.4328e+06	0
5.4329e+06	0
5.433e+06	0
5.4331e+06	0
5.4332e+06	0
5.4333e+06	0
5.4334e+06	0
5.4335e+06	0
5.4336e+06	0
5.4337e+06	0
5.4338e+06	0
5.4339e+06	0
5.434e+06	0
5.4341e+06	0
5.4342e+06	0
5.4343e+06	0
5.4344e+06	0
5.4345e+06	1.4822e-323
5.4346e+06	5.13828e-322
5.4347e+06	2.38189e-320
5.4348e+06	1.09842e-318
5.4349e+06	5.01485e-317
5.435e+06	2.26676e-315
5.4351e+06	1.0144e-313
5.4352e+06	4.49439e-312
5.4353e+06	1.97146e-310
5.4354e+06	8.56179e-309
5.4355e+06	3.68127e-307
5.4356e+06	1.56706e-305
5.4357e+06	6.6044e-304
5.4358e+06	2.75573e-302
5.4359e+06	1.13841e-300
5.436e+06	4.65603e-299
5.4361e+06	1.88534e-297
5.4362e+06	7.55827e-296
5.4363e+06	2.99993e-294
5.4364e+06	1.17885e-292
5.4365e+06	4.58628e-291
5.4366e+06	1.76653e-289
5.4367e+06	6.73656e-288
5.4368e+06	2.54339e-286
5.4369e+06	9.507e-285
5.437e+06	3.51829e-283
5.4371e+06	1.28907e-281
5.4372e+06	4.67606e-280
5.4373e+06	1.67934e-278
5.4374e+06	5.97112e-277
5.4375e+06	2.10199e-275
5.4376e+06	7.32589e-274
5.4377e+06	2.52783e-272
5.4378e+06	8.63561e-271
5.4379e+06	2.92075e-269
5.438e+06	9.78034e-268
5.4381e+06	3.24242e-266
5.4382e+06	1.06425e-264
5.4383e+06	3.45838e-263
5.4384e+06	1.11265e-261
5.4385e+06	3.54409e-260
5.4386e+06	1.11765e-258
5.4387e+06	3.48951e-257
5.4388e+06	1.07865e-255
5.4389e+06	3.30105e-254
5.439e+06	1.00019e-252
5.4391e+06	3.00032e-251
5.4392e+06	8.91069e-250
5.4393e+06	2.62006e-248
5.4394e+06	7.62728e-247
5.4395e+06	2.19829e-245
5.4396e+06	6.27272e-244
5.4397e+06	1.77209e-242
5.4398e+06	4.95645e-241
5.4399e+06	1.37251e-239
5.44e+06	3.76282e-238
5.4401e+06	1.02134e-236
5.4402e+06	2.74464e-235
5.4403e+06	7.30225e-234
5.4404e+06	1.92347e-232
5.4405e+06	5.01614e-231
5.4406e+06	1.29513e-229
5.4407e+06	3.31064e-228
5.4408e+06	8.37854e-227
5.4409e+06	2.09934e-225
5.441e+06	5.20778e-224
5.4411e+06	1.27903e-222
5.4412e+06	3.11003e-221
5.4413e+06	7.48698e-220
5.4414e+06	1.78445e-218
5.4415e+06	4.21077e-217
5.4416e+06	9.83726e-216
5.4417e+06	2.27533e-214
5.4418e+06	5.2104e-213
5.4419e+06	1.18129e-211
5.442e+06	2.65153e-210
5.4421e+06	5.89243e-209
5.4422e+06	1.29643e-207
5.4423e+06	2.82398e-206
5.4424e+06	6.0902e-205
5.4425e+06	1.30034e-203
5.4426e+06	2.74879e-202
5.4427e+06	5.75283e-201
5.4428e+06	1.19201e-199
5.4429e+06	2.44531e-198
5.443e+06	4.96645e-197
5.4431e+06	9.98653e-196
5.4432e+06	1.98811e-194
5.4433e+06	3.91853e-193
5.4434e+06	7.6465e-192
5.4435e+06	1.47727e-190
5.4436e+06	2.82562e-189
5.4437e+06	5.35088e-188
5.4438e+06	1.00321e-186
5.4439e+06	1.86217e-185
5.444e+06	3.42216e-184
5.4441e+06	6.22644e-183
5.4442e+06	1.1216e-181
5.4443e+06	2.00027e-180
5.4444e+06	3.53183e-179
5.4445e+06	6.17401e-178
5.4446e+06	1.06854e-176
5.4447e+06	1.83094e-175
5.4448e+06	3.10608e-174
5.4449e+06	5.21685e-173
5.445e+06	8.67483e-172
5.4451e+06	1.42814e-170
5.4452e+06	2.32776e-169
5.4453e+06	3.75631e-168
5.4454e+06	6.00126e-167
5.4455e+06	9.4925e-166
5.4456e+06	1.48654e-164
5.4457e+06	2.30477e-163
5.4458e+06	3.53783e-162
5.4459e+06	5.37655e-161
5.446e+06	8.0896e-160
5.4461e+06	1.20506e-158
5.4462e+06	1.77723e-157
5.4463e+06	2.59501e-156
5.4464e+06	3.75138e-155
5.4465e+06	5.36908e-154
5.4466e+06	7.60791e-153
5.4467e+06	1.0673e-151
5.4468e+06	1.48241e-150
5.4469e+06	2.03847e-149
5.447e+06	2.77523e-148
5.4471e+06	3.74067e-147
5.4472e+06	4.9918e-146
5.4473e+06	6.59512e-145
5.4474e+06	8.6267e-144
5.4475e+06	1.11718e-142
5.4476e+06	1.43239e-141
5.4477e+06	1.81825e-140
5.4478e+06	2.28509e-139
5.4479e+06	2.84322e-138
5.448e+06	3.50248e-137
5.4481e+06	4.27166e-136
5.4482e+06	5.15793e-135
5.4483e+06	6.16611e-134
5.4484e+06	7.298e-133
5.4485e+06	8.55172e-132
5.4486e+06	9.92111e-131
5.4487e+06	1.13953e-129
5.4488e+06	1.29582e-128
5.4489e+06	1.45889e-127
5.449e+06	1.62614e-126
5.4491e+06	1.79453e-125
5.4492e+06	1.96065e-124
5.4493e+06	2.12083e-123
5.4494e+06	2.27127e-122
5.4495e+06	2.40818e-121
5.4496e+06	2.52794e-120
5.4497e+06	2.62724e-119
5.4498e+06	2.70329e-118
5.4499e+06	2.75385e-117
5.45e+06	2.77745e-116
5.4501e+06	2.77338e-115
5.4502e+06	2.74175e-114
5.4503e+06	2.68352e-113
5.4504e+06	2.60039e-112
5.4505e+06	2.49476e-111
5.4506e+06	2.36961e-110
5.4507e+06	2.22835e-109
5.4508e+06	2.07465e-108
5.4509e+06	1.91233e-107
5.451e+06	1.74518e-106
5.4511e+06	1.57679e-105
5.4512e+06	1.41047e-104
5.4513e+06	1.24914e-103
5.4514e+06	1.09525e-102
5.4515e+06	9.50771e-102
5.4516e+06	8.17136e-101
5.4517e+06	6.95296e-100
5.4518e+06	5.85737e-99
5.4519e+06	4.88531e-98
5.452e+06	4.03403e-97
5.4521e+06	3.29794e-96
5.4522e+06	2.66934e-95
5.4523e+06	2.13905e-94
5.4524e+06	1.69705e-93
5.4525e+06	1.33299e-92
5.4526e+06	1.03661e-91
5.4527e+06	7.9811e-91
5.4528e+06	6.08367e-90
5.4529e+06	4.5912e-89
5.453e+06	3.43039e-88
5.4531e+06	2.53757e-87
5.4532e+06	1.85844e-86
5.4533e+06	1.34753e-85
5.4534e+06	9.67348e-85
5.4535e+06	6.8752e-84
5.4536e+06	4.83776e-83
5.4537e+06	3.37024e-82
5.4538e+06	2.32453e-81
5.4539e+06	1.58732e-80
5.454e+06	1.07313e-79
5.4541e+06	7.18287e-79
5.4542e+06	4.75992e-78
5.4543e+06	3.12291e-77
5.4544e+06	2.0285e-76
5.4545e+06	1.30451e-75
5.4546e+06	8.30573e-75
5.4547e+06	5.23558e-74
5.4548e+06	3.26745e-73
5.4549e+06	2.01888e-72
5.455e+06	1.23501e-71
5.4551e+06	7.4797e-71
5.4552e+06	4.48494e-70
5.4553e+06	2.66248e-69
5.4554e+06	1.56485e-68
5.4555e+06	9.10576e-68
5.4556e+06	5.24586e-67
5.4557e+06	2.99209e-66
5.4558e+06	1.68962e-65
5.4559e+06	9.44629e-65
5.456e+06	5.22866e-64
5.4561e+06	2.86534e-63
5.4562e+06	1.5546e-62
5.4563e+06	8.35063e-62
5.4564e+06	4.44095e-61
5.4565e+06	2.33825e-60
5.4566e+06	1.21888e-59
5.4567e+06	6.29057e-59
5.4568e+06	3.21422e-58
5.4569e+06	1.62599e-57
5.457e+06	8.14361e-57
5.4571e+06	4.03806e-56
5.4572e+06	1.98238e-55
5.4573e+06	9.63512e-55
5.4574e+06	4.63644e-54
5.4575e+06	2.20887e-53
5.4576e+06	1.04186e-52
5.4577e+06	4.86531e-52
5.4578e+06	2.2494e-51
5.4579e+06	1.02962e-50
5.458e+06	4.66605e-50
5.4581e+06	2.09351e-49
5.4582e+06	9.29951e-49
5.4583e+06	4.08979e-48
5.4584e+06	1.78074e-47
5.4585e+06	7.67635e-47
5.4586e+06	3.27617e-46
5.4587e+06	1.38432e-45
5.4588e+06	5.79112e-45
5.4589e+06	2.39854e-44
5.459e+06	9.83528e-44
5.4591e+06	3.99286e-43
5.4592e+06	1.60487e-42
5.4593e+06	6.38632e-42
5.4594e+06	2.51605e-41
5.4595e+06	9.81398e-41
5.4596e+06	3.7899e-40
5.4597e+06	1.449e-39
5.4598e+06	5.48485e-39
5.4599e+06	2.05551e-38
5.46e+06	7.62658e-38
5.4601e+06	2.80155e-37
5.4602e+06	1.01888e-36
5.4603e+06	3.66864e-36
5.4604e+06	1.30781e-35
5.4605e+06	4.61574e-35
5.4606e+06	1.61285e-34
5.4607e+06	5.57962e-34
5.4608e+06	1.91105e-33
5.4609e+06	6.48033e-33
5.461e+06	2.1756e-32
5.4611e+06	7.23131e-32
5.4612e+06	2.37965e-31
5.4613e+06	7.75293e-31
5.4614e+06	2.50078e-30
5.4615e+06	7.98624e-30
5.4616e+06	2.52503e-29
5.4617e+06	7.90401e-29
5.4618e+06	2.44955e-28
5.4619e+06	7.51589e-28
5.462e+06	2.28314e-27
5.4621e+06	6.86661e-27
5.4622e+06	2.0446e-26
5.4623e+06	6.02742e-26
5.4624e+06	1.75919e-25
5.4625e+06	5.08334e-25
5.4626e+06	1.45427e-24
5.4627e+06	4.11904e-24
5.4628e+06	1.15506e-23
5.4629e+06	3.20679e-23
5.463e+06	8.8144e-23
5.4631e+06	2.39868e-22
5.4632e+06	6.46263e-22
5.4633e+06	1.72386e-21
5.4634e+06	4.55254e-21
5.4635e+06	1.19032e-20
5.4636e+06	3.08125e-20
5.4637e+06	7.89677e-20
5.4638e+06	2.00368e-19
5.4639e+06	5.03344e-19
5.464e+06	1.25187e-18
5.4641e+06	3.08254e-18
5.4642e+06	7.51477e-18
5.4643e+06	1.81376e-17
5.4644e+06	4.33413e-17
5.4645e+06	1.02537e-16
5.4646e+06	2.40168e-16
5.4647e+06	5.5694e-16
5.4648e+06	1.27867e-15
5.4649e+06	2.90646e-15
5.465e+06	6.54077e-15
5.4651e+06	1.4573e-14
5.4652e+06	3.2146e-14
5.4653e+06	7.02041e-14
5.4654e+06	1.51794e-13
5.4655e+06	3.2494e-13
5.4656e+06	6.88668e-13
5.4657e+06	1.44502e-12
5.4658e+06	3.00188e-12
5.4659e+06	6.17406e-12
5.466e+06	1.2572e-11
5.4661e+06	2.53452e-11
5.4662e+06	5.05877e-11
5.4663e+06	9.99656e-11
5.4664e+06	1.95575e-10
5.4665e+06	3.7882e-10
5.4666e+06	7.26456e-10
5.4667e+06	1.37925e-09
5.4668e+06	2.59259e-09
5.4669e+06	4.82483e-09
5.467e+06	8.8897e-09
5.4671e+06	1.62162e-08
5.4672e+06	2.92865e-08
5.4673e+06	5.23653e-08
5.4674e+06	9.26995e-08
5.4675e+06	1.62468e-07
5.4676e+06	2.81913e-07
5.4677e+06	4.84305e-07
5.4678e+06	8.23721e-07
5.4679e+06	1.38707e-06
5.468e+06	2.31246e-06
5.4681e+06	3.81686e-06
5.4682e+06	6.2373e-06
5.4683e+06	1.00912e-05
5.4684e+06	1.61639e-05
5.4685e+06	2.56335e-05
5.4686e+06	4.02462e-05
5.4687e+06	6.25605e-05
5.4688e+06	9.62791e-05
5.4689e+06	0.000146697
5.469e+06	0.000221293
5.4691e+06	0.000330499
5.4692e+06	0.000488687
5.4693e+06	0.000715398
5.4694e+06	0.00103686
5.4695e+06	0.00148783
5.4696e+06	0.00211369
5.4697e+06	0.00297295
5.4698e+06	0.0041399
5.4699e+06	0.00570754
5.47e+06	0.0077905
5.4701e+06	0.0105278
5.4702e+06	0.0140854
5.4703e+06	0.0186577
5.4704e+06	0.0244682
5.4705e+06	0.0317691
5.4706e+06	0.0408379
5.4707e+06	0.0519732
5.4708e+06	0.0654866
5.4709e+06	0.0816925
5.471e+06	0.100895
5.4711e+06	0.123371
5.4712e+06	0.149353
5.4713e+06	0.179008
5.4714e+06	0.212417
5.4715e+06	0.249552
5.4716e+06	0.290262
5.4717e+06	0.334254
5.4718e+06	0.381084
5.4719e+06	0.430151
5.472e+06	0.480705
5.4721e+06	0.531855
5.4722e+06	0.582593
5.4723e+06	0.631821
5.4724e+06	0.678391
5.4725e+06	0.721146
5.4726e+06	0.758967
5.4727e+06	0.790825
5.4728e+06	0.81582
5.4729e+06	0.833231
5.473e+06	0.842546
5.4731e+06	0.843488
5.4732e+06	0.836029
5.4733e+06	0.820391
5.4734e+06	0.797035
5.4735e+06	0.766639
5.4736e+06	0.730065
5.4737e+06	0.688318
5.4738e+06	0.642501
5.4739e+06	0.593766
5.474e+06	0.543268
5.4741e+06	0.492119
5.4742e+06	0.44135
5.4743e+06	0.39188
5.4744e+06	0.344493
5.4745e+06	0.299822
5.4746e+06	0.258348
5.4747e+06	0.220396
5.4748e+06	0.186148
5.4749e+06	0.155658
5.475e+06	0.128867
5.4751e+06	0.105625
5.4752e+06	0.0857137
5.4753e+06	0.0688637
5.4754e+06	0.0547757
5.4755e+06	0.0431363
5.4756e+06	0.0336321
5.4757e+06	0.0259611
5.4758e+06	0.0198403
5.4759e+06	0.0150118
5.476e+06	0.0112453
5.4761e+06	0.00834005
5.4762e+06	0.00612382
5.4763e+06	0.00445178
5.4764e+06	0.00320407
5.4765e+06	0.00228311
5.4766e+06	0.00161068
5.4767e+06	0.00112499
5.4768e+06	0.000777938
5.4769e+06	0.000532597
5.477e+06	0.000361001
5.4771e+06	0.000242257
5.4772e+06	0.000160954
5.4773e+06	0.000105872
5.4774e+06	6.89479e-05
5.4775e+06	4.44546e-05
5.4776e+06	2.83772e-05
5.4777e+06	1.79341e-05
5.4778e+06	1.12214e-05
5.4779e+06	6.95137e-06
5.478e+06	4.26335e-06
5.4781e+06	2.58875e-06
5.4782e+06	1.55627e-06
5.4783e+06	9.26268e-07
5.4784e+06	5.45816e-07
5.4785e+06	3.18429e-07
5.4786e+06	1.83923e-07
5.4787e+06	1.05176e-07
5.4788e+06	5.95461e-08
5.4789e+06	3.3377e-08
5.479e+06	1.85225e-08
5.4791e+06	1.01767e-08
5.4792e+06	5.53571e-09
5.4793e+06	2.98124e-09
5.4794e+06	1.58956e-09
5.4795e+06	8.39099e-10
5.4796e+06	4.38538e-10
5.4797e+06	2.26912e-10
5.4798e+06	1.16243e-10
5.4799e+06	5.89564e-11
5.48e+06	2.96042e-11
5.4801e+06	1.47174e-11
5.4802e+06	7.24383e-12
5.4803e+06	3.52989e-12
5.4804e+06	1.70299e-12
5.4805e+06	8.13429e-13
5.4806e+06	3.84666e-13
5.4807e+06	1.80097e-13
5.4808e+06	8.34819e-14
5.4809e+06	3.83144e-14
5.481e+06	1.74153e-14
5.4811e+06	7.85018e-15
5.4812e+06	3.53297e-15
5.4813e+06	1.64062e-15
5.4814e+06	9.00607e-16
5.4815e+06	7.95675e-16
5.4816e+06	1.2273e-15
5.4817e+06	2.43574e-15
5.4818e+06	5.11907e-15
5.4819e+06	1.0802e-14
5.482e+06	2.26301e-14
5.4821e+06	4.69639e-14
5.4822e+06	9.65039e-14
5.4823e+06	1.96332e-13
5.4824e+06	3.95456e-13
5.4825e+06	7.88608e-13
5.4826e+06	1.55697e-12
5.4827e+06	3.0434e-12
5.4828e+06	5.8897e-12
5.4829e+06	1.12846e-11
5.483e+06	2.14059e-11
5.4831e+06	4.02012e-11
5.4832e+06	7.47485e-11
5.4833e+06	1.37601e-10
5.4834e+06	2.50783e-10
5.4835e+06	4.52515e-10
5.4836e+06	8.08395e-10
5.4837e+06	1.42979e-09
5.4838e+06	2.50367e-09
5.4839e+06	4.34049e-09
5.484e+06	7.45003e-09
5.4841e+06	1.266e-08
5.4842e+06	2.12994e-08
5.4843e+06	3.54779e-08
5.4844e+06	5.85067e-08
5.4845e+06	9.55235e-08
5.4846e+06	1.54409e-07
5.4847e+06	2.4711e-07
5.4848e+06	3.91531e-07
5.4849e+06	6.14184e-07
5.485e+06	9.53868e-07
5.4851e+06	1.46668e-06
5.4852e+06	2.23274e-06
5.4853e+06	3.36511e-06
5.4854e+06	5.02132e-06
5.4855e+06	7.4181e-06
5.4856e+06	1.08499e-05
5.4857e+06	1.57114e-05
5.4858e+06	2.25248e-05
5.4859e+06	3.19715e-05
5.486e+06	4.49287e-05
5.4861e+06	6.25088e-05
5.4862e+06	8.61025e-05
5.4863e+06	0.000117421
5.4864e+06	0.000158539
5.4865e+06	0.000211925
5.4866e+06	0.000280468
5.4867e+06	0.000367488
5.4868e+06	0.000476717
5.4869e+06	0.000612257
5.487e+06	0.000778511
5.4871e+06	0.00098006
5.4872e+06	0.00122151
5.4873e+06	0.0015073
5.4874e+06	0.00184145
5.4875e+06	0.00222728
5.4876e+06	0.00266715
5.4877e+06	0.00316212
5.4878e+06	0.00371164
5.4879e+06	0.0043133
5.488e+06	0.00496263
5.4881e+06	0.00565288
5.4882e+06	0.00637508
5.4883e+06	0.007118
5.4884e+06	0.00786842
5.4885e+06	0.00861141
5.4886e+06	0.00933078
5.4887e+06	0.0100096
5.4888e+06	0.0106311
5.4889e+06	0.0111787
5.489e+06	0.0116376
5.4891e+06	0.0119948
5.4892e+06	0.0122399
5.4893e+06	0.0123658
5.4894e+06	0.0123686
5.4895e+06	0.0122484
5.4896e+06	0.0120086
5.4897e+06	0.0116564
5.4898e+06	0.0112019
5.4899e+06	0.0106581
5.49e+06	0.0100397
5.4901e+06	0.00936312
5.4902e+06	0.00864525
5.4903e+06	0.00790298
5.4904e+06	0.00715256
5.4905e+06	0.00640899
5.4906e+06	0.00568558
5.4907e+06	0.00499363
5.4908e+06	0.00434225
5.4909e+06	0.00373828
5.491e+06	0.00318628
5.4911e+06	0.00268877
5.4912e+06	0.00224637
5.4913e+06	0.00185809
5.4914e+06	0.00152162
5.4915e+06	0.00123369
5.4916e+06	0.000990287
5.4917e+06	0.000786997
5.4918e+06	0.000619217
5.4919e+06	0.000482358
5.492e+06	0.000372009
5.4921e+06	0.000284049
5.4922e+06	0.000214729
5.4923e+06	0.000160711
5.4924e+06	0.000119085
5.4925e+06	8.73629e-05
5.4926e+06	6.34531e-05
5.4927e+06	4.56285e-05
5.4928e+06	3.24845e-05
5.4929e+06	2.28967e-05
5.493e+06	1.59782e-05
5.4931e+06	1.10392e-05
5.4932e+06	7.55104e-06
5.4933e+06	5.11366e-06
5.4934e+06	3.42858e-06
5.4935e+06	2.2759e-06
5.4936e+06	1.49572e-06
5.4937e+06	9.73204e-07
5.4938e+06	6.26923e-07
5.4939e+06	3.99836e-07
5.494e+06	2.52468e-07
5.4941e+06	1.5783e-07
5.4942e+06	9.76849e-08
5.4943e+06	5.98582e-08
