4.02954e+06	1.9545e-07
4.02964e+06	3.22594e-07
4.02974e+06	5.27323e-07
4.02984e+06	8.53693e-07
4.02994e+06	1.3688e-06
4.03004e+06	2.17368e-06
4.03014e+06	3.41884e-06
4.03024e+06	5.32593e-06
4.03034e+06	8.21776e-06
4.03044e+06	1.25592e-05
4.03054e+06	1.90118e-05
4.03064e+06	2.85071e-05
4.03074e+06	4.23403e-05
4.03084e+06	6.22925e-05
4.03094e+06	9.07836e-05
4.03104e+06	0.000131062
4.03114e+06	0.000187436
4.03124e+06	0.000265547
4.03134e+06	0.000372695
4.03144e+06	0.000518198
4.03154e+06	0.000713802
4.03164e+06	0.000974105
4.03174e+06	0.00131701
4.03184e+06	0.00176414
4.03194e+06	0.00234126
4.03204e+06	0.00307851
4.03214e+06	0.00401065
4.03224e+06	0.00517702
4.03234e+06	0.00662125
4.03244e+06	0.00839077
4.03254e+06	0.0105359
4.03264e+06	0.0131084
4.03274e+06	0.0161601
4.03284e+06	0.0197404
4.03294e+06	0.0238941
4.03304e+06	0.0286583
4.03314e+06	0.0340592
4.03324e+06	0.0401094
4.03334e+06	0.0468042
4.03344e+06	0.0541191
4.03354e+06	0.0620074
4.03364e+06	0.0703982
4.03374e+06	0.0791959
4.03384e+06	0.0882804
4.03394e+06	0.0975087
4.03404e+06	0.106718
4.03414e+06	0.115728
4.03424e+06	0.12435
4.03434e+06	0.132389
4.03444e+06	0.139653
4.03454e+06	0.145962
4.03464e+06	0.15115
4.03474e+06	0.155078
4.03484e+06	0.157637
4.03494e+06	0.158755
4.03504e+06	0.158397
4.03514e+06	0.156572
4.03524e+06	0.153325
4.03534e+06	0.148745
4.03544e+06	0.142952
4.03554e+06	0.136097
4.03564e+06	0.128354
4.03574e+06	0.119913
4.03584e+06	0.110971
4.03594e+06	0.101725
4.03604e+06	0.0923676
4.03614e+06	0.0830753
4.03624e+06	0.0740079
4.03634e+06	0.0653026
4.03644e+06	0.0570718
4.03654e+06	0.0494019
4.03664e+06	0.0423534
4.03674e+06	0.0359626
4.03684e+06	0.0302428
4.03694e+06	0.0251882
4.03704e+06	0.0207763
4.03714e+06	0.0169718
4.03724e+06	0.0137301
4.03734e+06	0.0110001
4.03744e+06	0.00872751
4.03754e+06	0.00685729
4.03764e+06	0.00533551
4.03774e+06	0.00411108
4.03784e+06	0.0031368
4.03794e+06	0.00237009
4.03804e+06	0.00177332
4.03814e+06	0.00131385
4.03824e+06	0.000963914
4.03834e+06	0.000700264
4.03844e+06	0.000503746
4.03854e+06	0.000358826
4.03864e+06	0.000253091
4.03874e+06	0.00017676
4.03884e+06	0.000122238
4.03894e+06	8.37024e-05
4.03904e+06	5.67515e-05
4.03914e+06	3.80996e-05
4.03924e+06	2.5326e-05
4.03934e+06	1.66691e-05
4.03944e+06	1.08631e-05
4.03954e+06	7.00962e-06
4.03964e+06	4.47843e-06
4.03974e+06	2.83302e-06
4.03984e+06	1.77444e-06
4.03994e+06	1.10043e-06
4.04004e+06	6.75691e-07
4.04014e+06	4.10789e-07
4.04024e+06	2.47271e-07
4.04034e+06	1.47369e-07
4.04044e+06	8.69607e-08
4.04054e+06	5.08062e-08
4.04064e+06	2.93893e-08
4.04074e+06	1.68321e-08
4.04084e+06	9.54468e-09
4.04094e+06	5.3587e-09
4.04104e+06	2.97873e-09
4.04114e+06	1.63937e-09
4.04124e+06	8.93289e-10
4.04134e+06	4.81925e-10
4.04144e+06	2.57417e-10
4.04154e+06	1.36133e-10
4.04164e+06	7.12785e-11
4.04174e+06	3.69506e-11
4.04184e+06	1.8965e-11
4.04194e+06	9.63718e-12
4.04204e+06	4.84858e-12
4.04214e+06	2.41515e-12
4.04224e+06	1.19107e-12
4.04234e+06	5.81566e-13
4.04244e+06	2.8114e-13
4.04254e+06	1.34559e-13
4.04264e+06	6.37622e-14
4.04274e+06	2.99143e-14
4.04284e+06	1.38949e-14
4.04294e+06	6.38995e-15
4.04304e+06	2.90938e-15
4.04314e+06	1.31149e-15
4.04324e+06	5.85317e-16
4.04334e+06	2.5863e-16
4.04344e+06	1.13143e-16
4.04354e+06	4.90047e-17
4.04364e+06	2.1014e-17
4.04374e+06	8.92154e-18
4.04384e+06	3.75e-18
4.04394e+06	1.56057e-18
4.04404e+06	6.42976e-19
4.04414e+06	2.62281e-19
4.04424e+06	1.05925e-19
4.04434e+06	4.23533e-20
4.04444e+06	1.67663e-20
4.04454e+06	6.57123e-21
4.04464e+06	2.54985e-21
4.04474e+06	9.79585e-22
4.04484e+06	3.72587e-22
4.04494e+06	1.40305e-22
4.04504e+06	5.2309e-23
4.04514e+06	1.93081e-23
4.04524e+06	7.05601e-24
4.04534e+06	2.55293e-24
4.04544e+06	9.14483e-25
4.04554e+06	3.24318e-25
4.04564e+06	1.13874e-25
4.04574e+06	3.95856e-26
4.04584e+06	1.36241e-26
4.04594e+06	4.64232e-27
4.04604e+06	1.56611e-27
4.04614e+06	5.23076e-28
4.04624e+06	1.72968e-28
4.04634e+06	5.66274e-29
4.04644e+06	1.83545e-29
4.04654e+06	5.89005e-30
4.04664e+06	1.87134e-30
4.04674e+06	5.8863e-31
4.04684e+06	1.83312e-31
4.04694e+06	5.65192e-32
4.04704e+06	1.72528e-32
4.04714e+06	5.2141e-33
4.04724e+06	1.56012e-33
4.04734e+06	4.62161e-34
4.04744e+06	1.35546e-34
4.04754e+06	3.93584e-35
4.04764e+06	1.13148e-35
4.04774e+06	3.22041e-36
4.04784e+06	9.07473e-37
4.04794e+06	2.53171e-37
4.04804e+06	6.99281e-38
4.04814e+06	1.91226e-38
4.04824e+06	5.17724e-39
4.04834e+06	1.38774e-39
4.04844e+06	3.68277e-40
4.04854e+06	9.67606e-41
4.04864e+06	2.51698e-41
4.04874e+06	6.48213e-42
4.04884e+06	1.65277e-42
4.04894e+06	4.17221e-43
4.04904e+06	1.04274e-43
4.04914e+06	2.58014e-44
4.04924e+06	6.32075e-45
4.04934e+06	1.53303e-45
4.04944e+06	3.6812e-46
4.04954e+06	8.75155e-47
4.04964e+06	2.05986e-47
4.04974e+06	4.80008e-48
4.04984e+06	1.10743e-48
4.04994e+06	2.52954e-49
4.05004e+06	5.72035e-50
4.05014e+06	1.28074e-50
4.05024e+06	2.83895e-51
4.05034e+06	6.23033e-52
4.05044e+06	1.3537e-52
4.05054e+06	2.91198e-53
4.05064e+06	6.20174e-54
4.05074e+06	1.30766e-54
4.05084e+06	2.72982e-55
4.05094e+06	5.64196e-56
4.05104e+06	1.15447e-56
4.05114e+06	2.3388e-57
4.05124e+06	4.69094e-58
4.05134e+06	9.31503e-59
4.05144e+06	1.83133e-59
4.05154e+06	3.56455e-60
4.05164e+06	6.8691e-61
4.05174e+06	1.31055e-61
4.05184e+06	2.4755e-62
4.05194e+06	4.62945e-63
4.05204e+06	8.57143e-64
4.05214e+06	1.57121e-64
4.05224e+06	2.85149e-65
4.05234e+06	5.12351e-66
4.05244e+06	9.11422e-67
4.05254e+06	1.6052e-67
4.05264e+06	2.79895e-68
4.05274e+06	4.83191e-69
4.05284e+06	8.25846e-70
4.05294e+06	1.39745e-70
4.05304e+06	2.34116e-71
4.05314e+06	3.88314e-72
4.05324e+06	6.37664e-73
4.05334e+06	1.03671e-73
4.05344e+06	1.66871e-74
4.05354e+06	2.65926e-75
4.05364e+06	4.19564e-76
4.05374e+06	6.55378e-77
4.05384e+06	1.01355e-77
4.05394e+06	1.55186e-78
4.05404e+06	2.35243e-79
4.05414e+06	3.53053e-80
4.05424e+06	5.24589e-81
4.05434e+06	7.71712e-82
4.05444e+06	1.12396e-82
4.05454e+06	1.62069e-83
4.05464e+06	2.3137e-84
4.05474e+06	3.27018e-85
4.05484e+06	4.57608e-86
4.05494e+06	6.33976e-87
4.05504e+06	8.69578e-88
4.05514e+06	1.18087e-88
4.05524e+06	1.58764e-89
4.05534e+06	2.11329e-90
4.05544e+06	2.78499e-91
4.05554e+06	3.63366e-92
4.05564e+06	4.69378e-93
4.05574e+06	6.00286e-94
4.05584e+06	7.60065e-95
4.05594e+06	9.52796e-96
4.05604e+06	1.18251e-96
4.05614e+06	1.45302e-97
4.05624e+06	1.76763e-98
4.05634e+06	2.12896e-99
4.05644e+06	2.53865e-100
4.05654e+06	2.99706e-101
4.05664e+06	3.50303e-102
4.05674e+06	4.05368e-103
4.05684e+06	4.64422e-104
4.05694e+06	5.26784e-105
4.05704e+06	5.91575e-106
4.05714e+06	6.57725e-107
4.05724e+06	7.23995e-108
4.05734e+06	7.89012e-109
4.05744e+06	8.51313e-110
4.05754e+06	9.09393e-111
4.05764e+06	9.61769e-112
4.05774e+06	1.00704e-112
4.05784e+06	1.04395e-113
4.05794e+06	1.07145e-114
4.05804e+06	1.08873e-115
4.05814e+06	1.09528e-116
4.05824e+06	1.0909e-117
4.05834e+06	1.07573e-118
4.05844e+06	1.05022e-119
4.05854e+06	1.01511e-120
4.05864e+06	9.71412e-122
4.05874e+06	9.20345e-123
4.05884e+06	8.63286e-124
4.05894e+06	8.01707e-125
4.05904e+06	7.37113e-126
4.05914e+06	6.7098e-127
4.05924e+06	6.04702e-128
4.05934e+06	5.39549e-129
4.05944e+06	4.76626e-130
4.05954e+06	4.16851e-131
4.05964e+06	3.60945e-132
4.05974e+06	3.09428e-133
4.05984e+06	2.62624e-134
4.05994e+06	2.20681e-135
4.06004e+06	1.83592e-136
4.06014e+06	1.51217e-137
4.06024e+06	1.23311e-138
4.06034e+06	9.9555e-140
4.06044e+06	7.95756e-141
4.06054e+06	6.2973e-142
4.06064e+06	4.93384e-143
4.06074e+06	3.82713e-144
4.06084e+06	2.93913e-145
4.06094e+06	2.23471e-146
4.06104e+06	1.68221e-147
4.06114e+06	1.25371e-148
4.06124e+06	9.2506e-150
4.06134e+06	6.75773e-151
4.06144e+06	4.88752e-152
4.06154e+06	3.49972e-153
4.06164e+06	2.48104e-154
4.06174e+06	1.74138e-155
4.06184e+06	1.21007e-156
4.06194e+06	8.32495e-158
4.06204e+06	5.67037e-159
4.06214e+06	3.82383e-160
4.06224e+06	2.55295e-161
4.06234e+06	1.6875e-162
4.06244e+06	1.10434e-163
4.06254e+06	7.15512e-165
4.06264e+06	4.58975e-166
4.06274e+06	2.91487e-167
4.06284e+06	1.83276e-168
4.06294e+06	1.1409e-169
4.06304e+06	7.03151e-171
4.06314e+06	4.29048e-172
4.06324e+06	2.59191e-173
4.06334e+06	1.55022e-174
4.06344e+06	9.17954e-176
4.06354e+06	5.38154e-177
4.06364e+06	3.12356e-178
4.06374e+06	1.79494e-179
4.06384e+06	1.02119e-180
4.06394e+06	5.75202e-182
4.06404e+06	3.20768e-183
4.06414e+06	1.771e-184
4.06424e+06	9.68065e-186
4.06434e+06	5.23898e-187
4.06444e+06	2.80702e-188
4.06454e+06	1.48902e-189
4.06464e+06	7.82015e-191
4.06474e+06	4.06617e-192
4.06484e+06	2.09321e-193
4.06494e+06	1.06684e-194
4.06504e+06	5.38318e-196
4.06514e+06	2.68929e-197
4.06524e+06	1.33013e-198
4.06534e+06	6.51338e-200
4.06544e+06	3.15774e-201
4.06554e+06	1.51566e-202
4.06564e+06	7.20256e-204
4.06574e+06	3.38866e-205
4.06584e+06	1.57843e-206
4.06594e+06	7.27915e-208
4.06604e+06	3.32348e-209
4.06614e+06	1.50232e-210
4.06624e+06	6.72339e-212
4.06634e+06	2.97901e-213
4.06644e+06	1.30681e-214
4.06654e+06	5.67556e-216
4.06664e+06	2.44041e-217
4.06674e+06	1.0389e-218
4.06684e+06	4.37868e-220
4.06694e+06	1.82713e-221
4.06704e+06	7.54834e-223
4.06714e+06	3.08739e-224
4.06724e+06	1.25023e-225
4.06734e+06	5.01236e-227
4.06744e+06	1.98954e-228
4.06754e+06	7.81845e-230
4.06764e+06	3.04191e-231
4.06774e+06	1.17173e-232
4.06784e+06	4.46855e-234
4.06794e+06	1.68719e-235
4.06804e+06	6.3069e-237
4.06814e+06	2.33414e-238
4.06824e+06	8.55252e-240
4.06834e+06	3.10255e-241
4.06844e+06	1.11429e-242
4.06854e+06	3.96222e-244
4.06864e+06	1.39487e-245
4.06874e+06	4.86168e-247
4.06884e+06	1.67763e-248
4.06894e+06	5.73142e-250
4.06904e+06	1.93859e-251
4.06914e+06	6.49183e-253
4.06924e+06	2.15231e-254
4.06934e+06	7.0648e-256
4.06944e+06	2.29589e-257
4.06954e+06	7.38688e-259
4.06964e+06	2.35303e-260
4.06974e+06	7.42079e-262
4.06984e+06	2.31702e-263
4.06994e+06	7.16255e-265
4.07004e+06	2.19211e-266
4.07014e+06	6.64222e-268
4.07024e+06	1.99261e-269
4.07034e+06	5.91817e-271
4.07044e+06	1.74024e-272
4.07054e+06	5.06628e-274
4.07064e+06	1.46025e-275
4.07074e+06	4.16696e-277
4.07084e+06	1.17725e-278
4.07094e+06	3.2929e-280
4.07104e+06	9.11891e-282
4.07114e+06	2.50014e-283
4.07124e+06	6.78647e-285
4.07134e+06	1.82381e-286
4.07144e+06	4.85258e-288
4.07154e+06	1.27827e-289
4.07164e+06	3.33373e-291
4.07174e+06	8.60785e-293
4.07184e+06	2.20047e-294
4.07194e+06	5.56922e-296
4.07204e+06	1.3955e-297
4.07214e+06	3.46196e-299
4.07224e+06	8.50299e-301
4.07234e+06	2.06766e-302
4.07244e+06	4.97785e-304
4.07254e+06	1.18649e-305
4.07264e+06	2.79989e-307
4.07274e+06	6.54147e-309
4.07284e+06	1.5131e-310
4.07294e+06	3.4651e-312
4.07304e+06	7.85637e-314
4.07314e+06	1.76354e-315
4.07324e+06	3.91927e-317
4.07334e+06	8.62347e-319
4.07344e+06	1.87844e-320
4.07354e+06	4.05134e-322
4.07364e+06	9.88131e-324
4.07374e+06	0
4.07384e+06	0
4.07394e+06	0
4.07404e+06	0
4.07414e+06	0
4.07424e+06	0
4.07434e+06	0
4.07444e+06	0
4.07454e+06	0
4.07464e+06	0
4.07474e+06	0
4.07484e+06	0
4.07494e+06	0
4.07504e+06	0
4.07514e+06	0
4.07524e+06	0
4.07534e+06	0
4.07544e+06	0
4.07554e+06	0
4.07564e+06	0
4.07574e+06	0
4.07584e+06	0
4.07594e+06	0
4.07604e+06	0
4.07614e+06	0
4.07624e+06	0
4.07634e+06	0
4.07644e+06	0
4.07654e+06	0
4.07664e+06	0
4.07674e+06	0
4.07684e+06	0
4.07694e+06	0
4.07704e+06	0
4.07714e+06	0
4.07724e+06	0
4.07734e+06	0
4.07744e+06	0
4.07754e+06	0
4.07764e+06	0
4.07774e+06	0
4.07784e+06	0
4.07794e+06	0
4.07804e+06	0
4.07814e+06	0
4.07824e+06	0
4.07834e+06	0
4.07844e+06	0
4.07854e+06	0
4.07864e+06	0
4.07874e+06	0
4.07884e+06	0
4.07894e+06	0
4.07904e+06	0
4.07914e+06	0
4.07924e+06	0
4.07934e+06	0
4.07944e+06	0
4.07954e+06	0
4.07964e+06	0
4.07974e+06	0
4.07984e+06	0
4.07994e+06	0
4.08004e+06	0
4.08014e+06	0
4.08024e+06	0
4.08034e+06	0
4.08044e+06	0
4.08054e+06	0
4.08064e+06	0
4.08074e+06	0
4.08084e+06	0
4.08094e+06	0
4.08104e+06	0
4.08114e+06	0
4.08124e+06	0
4.08134e+06	0
4.08144e+06	0
4.08154e+06	0
4.08164e+06	0
4.08174e+06	0
4.08184e+06	0
4.08194e+06	0
4.08204e+06	0
4.08214e+06	0
4.08224e+06	0
4.08234e+06	0
4.08244e+06	0
4.08254e+06	0
4.08264e+06	0
4.08274e+06	0
4.08284e+06	0
4.08294e+06	0
4.08304e+06	0
4.08314e+06	0
4.08324e+06	0
4.08334e+06	0
4.08344e+06	0
4.08354e+06	0
4.08364e+06	0
4.08374e+06	0
4.08384e+06	0
4.08394e+06	0
4.08404e+06	0
4.08414e+06	0
4.08424e+06	0
4.08434e+06	0
4.08444e+06	0
4.08454e+06	0
4.08464e+06	0
4.08474e+06	0
4.08484e+06	0
4.08494e+06	0
4.08504e+06	0
4.08514e+06	0
4.08524e+06	0
4.08534e+06	0
4.08544e+06	0
4.08554e+06	0
4.08564e+06	0
4.08574e+06	0
4.08584e+06	0
4.08594e+06	0
4.08604e+06	0
4.08614e+06	0
4.08624e+06	0
4.08634e+06	0
4.08644e+06	0
4.08654e+06	0
4.08664e+06	0
4.08674e+06	0
4.08684e+06	0
4.08694e+06	0
4.08704e+06	0
4.08714e+06	0
4.08724e+06	0
4.08734e+06	0
4.08744e+06	0
4.08754e+06	0
4.08764e+06	0
4.08774e+06	0
4.08784e+06	0
4.08794e+06	0
4.08804e+06	0
4.08814e+06	0
4.08824e+06	0
4.08834e+06	0
4.08844e+06	0
4.08854e+06	0
4.08864e+06	0
4.08874e+06	0
4.08884e+06	0
4.08894e+06	0
4.08904e+06	0
4.08914e+06	0
4.08924e+06	0
4.08934e+06	0
4.08944e+06	0
4.08954e+06	0
4.08964e+06	0
4.08974e+06	0
4.08984e+06	0
4.08994e+06	0
4.09004e+06	0
4.09014e+06	0
4.09024e+06	0
4.09034e+06	0
4.09044e+06	0
4.09054e+06	0
4.09064e+06	0
4.09074e+06	0
4.09084e+06	0
4.09094e+06	0
4.09104e+06	0
4.09114e+06	0
4.09124e+06	0
4.09134e+06	0
4.09144e+06	0
4.09154e+06	0
4.09164e+06	0
4.09174e+06	0
4.09184e+06	0
4.09194e+06	0
4.09204e+06	0
4.09214e+06	0
4.09224e+06	0
4.09234e+06	0
4.09244e+06	0
4.09254e+06	0
4.09264e+06	0
4.09274e+06	0
4.09284e+06	0
4.09294e+06	0
4.09304e+06	0
4.09314e+06	0
4.09324e+06	0
4.09334e+06	0
4.09344e+06	0
4.09354e+06	0
4.09364e+06	0
4.09374e+06	0
4.09384e+06	0
4.09394e+06	0
4.09404e+06	0
4.09414e+06	0
4.09424e+06	0
4.09434e+06	0
4.09444e+06	0
4.09454e+06	0
4.09464e+06	0
4.09474e+06	0
4.09484e+06	0
4.09494e+06	0
4.09504e+06	0
4.09514e+06	0
4.09524e+06	0
4.09534e+06	0
4.09544e+06	0
4.09554e+06	0
4.09564e+06	0
4.09574e+06	0
4.09584e+06	0
4.09594e+06	0
4.09604e+06	0
4.09614e+06	0
4.09624e+06	0
4.09634e+06	0
4.09644e+06	0
4.09654e+06	0
4.09664e+06	0
4.09674e+06	0
4.09684e+06	0
4.09694e+06	0
4.09704e+06	0
4.09714e+06	0
4.09724e+06	0
4.09734e+06	0
4.09744e+06	0
4.09754e+06	0
4.09764e+06	0
4.09774e+06	0
4.09784e+06	0
4.09794e+06	0
4.09804e+06	0
4.09814e+06	0
4.09824e+06	0
4.09834e+06	0
4.09844e+06	0
4.09854e+06	0
4.09864e+06	0
4.09874e+06	0
4.09884e+06	0
4.09894e+06	0
4.09904e+06	0
4.09914e+06	0
4.09924e+06	0
4.09934e+06	0
4.09944e+06	0
4.09954e+06	0
4.09964e+06	0
4.09974e+06	0
4.09984e+06	0
4.09994e+06	0
4.10004e+06	0
4.10014e+06	0
4.10024e+06	0
4.10034e+06	0
4.10044e+06	0
4.10054e+06	0
4.10064e+06	0
4.10074e+06	0
4.10084e+06	0
4.10094e+06	0
4.10104e+06	0
4.10114e+06	0
4.10124e+06	0
4.10134e+06	0
4.10144e+06	0
4.10154e+06	0
4.10164e+06	0
4.10174e+06	0
4.10184e+06	0
4.10194e+06	0
4.10204e+06	0
4.10214e+06	0
4.10224e+06	0
4.10234e+06	0
4.10244e+06	0
4.10254e+06	0
4.10264e+06	0
4.10274e+06	0
4.10284e+06	0
4.10294e+06	0
4.10304e+06	0
4.10314e+06	0
4.10324e+06	0
4.10334e+06	0
4.10344e+06	0
4.10354e+06	0
4.10364e+06	0
4.10374e+06	0
4.10384e+06	0
4.10394e+06	0
4.10404e+06	0
4.10414e+06	0
4.10424e+06	0
4.10434e+06	0
4.10444e+06	0
4.10454e+06	0
4.10464e+06	0
4.10474e+06	0
4.10484e+06	0
4.10494e+06	0
4.10504e+06	0
4.10514e+06	0
4.10524e+06	0
4.10534e+06	0
4.10544e+06	0
4.10554e+06	0
4.10564e+06	0
4.10574e+06	0
4.10584e+06	0
4.10594e+06	0
4.10604e+06	0
4.10614e+06	0
4.10624e+06	0
4.10634e+06	0
4.10644e+06	0
4.10654e+06	0
4.10664e+06	0
4.10674e+06	0
4.10684e+06	0
4.10694e+06	0
4.10704e+06	0
4.10714e+06	0
4.10724e+06	0
4.10734e+06	0
4.10744e+06	0
4.10754e+06	0
4.10764e+06	0
4.10774e+06	0
4.10784e+06	0
4.10794e+06	0
4.10804e+06	0
4.10814e+06	0
4.10824e+06	0
4.10834e+06	0
4.10844e+06	0
4.10854e+06	0
4.10864e+06	0
4.10874e+06	0
4.10884e+06	0
4.10894e+06	0
4.10904e+06	0
4.10914e+06	0
4.10924e+06	0
4.10934e+06	0
4.10944e+06	0
4.10954e+06	0
4.10964e+06	0
4.10974e+06	0
4.10984e+06	0
4.10994e+06	0
4.11004e+06	0
4.11014e+06	0
4.11024e+06	0
4.11034e+06	0
4.11044e+06	0
4.11054e+06	0
4.11064e+06	0
4.11074e+06	0
4.11084e+06	0
4.11094e+06	0
4.11104e+06	0
4.11114e+06	0
4.11124e+06	0
4.11134e+06	0
4.11144e+06	0
4.11154e+06	0
4.11164e+06	0
4.11174e+06	0
4.11184e+06	0
4.11194e+06	0
4.11204e+06	0
4.11214e+06	0
4.11224e+06	0
4.11234e+06	0
4.11244e+06	0
4.11254e+06	0
4.11264e+06	0
4.11274e+06	0
4.11284e+06	0
4.11294e+06	0
4.11304e+06	0
4.11314e+06	0
4.11324e+06	0
4.11334e+06	0
4.11344e+06	0
4.11354e+06	0
4.11364e+06	0
4.11374e+06	0
4.11384e+06	0
4.11394e+06	0
4.11404e+06	0
4.11414e+06	0
4.11424e+06	0
4.11434e+06	0
4.11444e+06	0
4.11454e+06	0
4.11464e+06	0
4.11474e+06	0
4.11484e+06	0
4.11494e+06	0
4.11504e+06	0
4.11514e+06	0
4.11524e+06	0
4.11534e+06	0
4.11544e+06	0
4.11554e+06	0
4.11564e+06	0
4.11574e+06	0
4.11584e+06	0
4.11594e+06	0
4.11604e+06	0
4.11614e+06	0
4.11624e+06	0
4.11634e+06	0
4.11644e+06	0
4.11654e+06	0
4.11664e+06	0
4.11674e+06	0
4.11684e+06	0
4.11694e+06	0
4.11704e+06	0
4.11714e+06	0
4.11724e+06	0
4.11734e+06	0
4.11744e+06	0
4.11754e+06	0
4.11764e+06	0
4.11774e+06	0
4.11784e+06	0
4.11794e+06	0
4.11804e+06	0
4.11814e+06	0
4.11824e+06	0
4.11834e+06	0
4.11844e+06	0
4.11854e+06	0
4.11864e+06	0
4.11874e+06	0
4.11884e+06	0
4.11894e+06	0
4.11904e+06	0
4.11914e+06	0
4.11924e+06	0
4.11934e+06	0
4.11944e+06	0
4.11954e+06	0
4.11964e+06	0
4.11974e+06	0
4.11984e+06	0
4.11994e+06	0
4.12004e+06	0
4.12014e+06	0
4.12024e+06	0
4.12034e+06	0
4.12044e+06	0
4.12054e+06	0
4.12064e+06	0
4.12074e+06	0
4.12084e+06	0
4.12094e+06	0
4.12104e+06	0
4.12114e+06	0
4.12124e+06	0
4.12134e+06	0
4.12144e+06	0
4.12154e+06	0
4.12164e+06	0
4.12174e+06	0
4.12184e+06	0
4.12194e+06	0
4.12204e+06	0
4.12214e+06	0
4.12224e+06	0
4.12234e+06	0
4.12244e+06	0
4.12254e+06	0
4.12264e+06	0
4.12274e+06	0
4.12284e+06	0
4.12294e+06	0
4.12304e+06	0
4.12314e+06	0
4.12324e+06	0
4.12334e+06	0
4.12344e+06	0
4.12354e+06	0
4.12364e+06	0
4.12374e+06	0
4.12384e+06	0
4.12394e+06	0
4.12404e+06	0
4.12414e+06	0
4.12424e+06	0
4.12434e+06	0
4.12444e+06	0
4.12454e+06	0
4.12464e+06	0
4.12474e+06	0
4.12484e+06	0
4.12494e+06	0
4.12504e+06	0
4.12514e+06	0
4.12524e+06	0
4.12534e+06	0
4.12544e+06	0
4.12554e+06	0
4.12564e+06	0
4.12574e+06	0
4.12584e+06	0
4.12594e+06	0
4.12604e+06	0
4.12614e+06	0
4.12624e+06	0
4.12634e+06	0
4.12644e+06	0
4.12654e+06	0
4.12664e+06	0
4.12674e+06	0
4.12684e+06	0
4.12694e+06	0
4.12704e+06	0
4.12714e+06	0
4.12724e+06	0
4.12734e+06	0
4.12744e+06	0
4.12754e+06	0
4.12764e+06	0
4.12774e+06	0
4.12784e+06	0
4.12794e+06	0
4.12804e+06	0
4.12814e+06	0
4.12824e+06	0
4.12834e+06	0
4.12844e+06	0
4.12854e+06	0
4.12864e+06	0
4.12874e+06	0
4.12884e+06	0
4.12894e+06	0
4.12904e+06	0
4.12914e+06	0
4.12924e+06	0
4.12934e+06	0
4.12944e+06	0
4.12954e+06	0
4.12964e+06	0
4.12974e+06	0
4.12984e+06	0
4.12994e+06	0
4.13004e+06	0
4.13014e+06	0
4.13024e+06	0
4.13034e+06	0
4.13044e+06	0
4.13054e+06	0
4.13064e+06	0
4.13074e+06	0
4.13084e+06	0
4.13094e+06	0
4.13104e+06	0
4.13114e+06	0
4.13124e+06	0
4.13134e+06	0
4.13144e+06	0
4.13154e+06	0
4.13164e+06	0
4.13174e+06	0
4.13184e+06	0
4.13194e+06	0
4.13204e+06	0
4.13214e+06	0
4.13224e+06	0
4.13234e+06	0
4.13244e+06	0
4.13254e+06	0
4.13264e+06	0
4.13274e+06	0
4.13284e+06	0
4.13294e+06	0
4.13304e+06	0
4.13314e+06	0
4.13324e+06	0
4.13334e+06	0
4.13344e+06	0
4.13354e+06	0
4.13364e+06	0
4.13374e+06	0
4.13384e+06	0
4.13394e+06	0
4.13404e+06	0
4.13414e+06	0
4.13424e+06	0
4.13434e+06	0
4.13444e+06	0
4.13454e+06	0
4.13464e+06	0
4.13474e+06	0
4.13484e+06	0
4.13494e+06	0
4.13504e+06	0
4.13514e+06	0
4.13524e+06	0
4.13534e+06	0
4.13544e+06	0
4.13554e+06	0
4.13564e+06	0
4.13574e+06	0
4.13584e+06	0
4.13594e+06	0
4.13604e+06	0
4.13614e+06	0
4.13624e+06	0
4.13634e+06	0
4.13644e+06	0
4.13654e+06	0
4.13664e+06	0
4.13674e+06	0
4.13684e+06	0
4.13694e+06	0
4.13704e+06	0
4.13714e+06	0
4.13724e+06	0
4.13734e+06	0
4.13744e+06	0
4.13754e+06	0
4.13764e+06	0
4.13774e+06	0
4.13784e+06	0
4.13794e+06	0
4.13804e+06	0
4.13814e+06	0
4.13824e+06	0
4.13834e+06	0
4.13844e+06	0
4.13854e+06	0
4.13864e+06	0
4.13874e+06	0
4.13884e+06	0
4.13894e+06	0
4.13904e+06	0
4.13914e+06	0
4.13924e+06	0
4.13934e+06	0
4.13944e+06	0
4.13954e+06	0
4.13964e+06	0
4.13974e+06	0
4.13984e+06	0
4.13994e+06	0
4.14004e+06	0
4.14014e+06	0
4.14024e+06	0
4.14034e+06	0
4.14044e+06	0
4.14054e+06	0
4.14064e+06	0
4.14074e+06	0
4.14084e+06	0
4.14094e+06	0
4.14104e+06	0
4.14114e+06	0
4.14124e+06	0
4.14134e+06	0
4.14144e+06	0
4.14154e+06	0
4.14164e+06	0
4.14174e+06	0
4.14184e+06	0
4.14194e+06	0
4.14204e+06	0
4.14214e+06	0
4.14224e+06	0
4.14234e+06	0
4.14244e+06	0
4.14254e+06	0
4.14264e+06	0
4.14274e+06	0
4.14284e+06	0
4.14294e+06	0
4.14304e+06	0
4.14314e+06	0
4.14324e+06	0
4.14334e+06	0
4.14344e+06	0
4.14354e+06	0
4.14364e+06	0
4.14374e+06	0
4.14384e+06	0
4.14394e+06	0
4.14404e+06	0
4.14414e+06	0
4.14424e+06	0
4.14434e+06	0
4.14444e+06	0
4.14454e+06	0
4.14464e+06	0
4.14474e+06	0
4.14484e+06	0
4.14494e+06	0
4.14504e+06	0
4.14514e+06	0
4.14524e+06	0
4.14534e+06	0
4.14544e+06	0
4.14554e+06	0
4.14564e+06	0
4.14574e+06	0
4.14584e+06	0
4.14594e+06	0
4.14604e+06	0
4.14614e+06	0
4.14624e+06	0
4.14634e+06	0
4.14644e+06	0
4.14654e+06	0
4.14664e+06	0
4.14674e+06	0
4.14684e+06	0
4.14694e+06	0
4.14704e+06	0
4.14714e+06	0
4.14724e+06	0
4.14734e+06	0
4.14744e+06	0
4.14754e+06	0
4.14764e+06	0
4.14774e+06	0
4.14784e+06	0
4.14794e+06	0
4.14804e+06	0
4.14814e+06	0
4.14824e+06	0
4.14834e+06	0
4.14844e+06	0
4.14854e+06	0
4.14864e+06	0
4.14874e+06	0
4.14884e+06	0
4.14894e+06	0
4.14904e+06	0
4.14914e+06	0
4.14924e+06	0
4.14934e+06	0
4.14944e+06	0
4.14954e+06	0
4.14964e+06	0
4.14974e+06	0
4.14984e+06	0
4.14994e+06	0
4.15004e+06	0
4.15014e+06	0
4.15024e+06	0
4.15034e+06	0
4.15044e+06	0
4.15054e+06	0
4.15064e+06	0
4.15074e+06	0
4.15084e+06	0
4.15094e+06	0
4.15104e+06	0
4.15114e+06	0
4.15124e+06	0
4.15134e+06	0
4.15144e+06	0
4.15154e+06	0
4.15164e+06	0
4.15174e+06	0
4.15184e+06	0
4.15194e+06	0
4.15204e+06	0
4.15214e+06	0
4.15224e+06	0
4.15234e+06	0
4.15244e+06	0
4.15254e+06	0
4.15264e+06	0
4.15274e+06	0
4.15284e+06	0
4.15294e+06	0
4.15304e+06	0
4.15314e+06	0
4.15324e+06	0
4.15334e+06	0
4.15344e+06	0
4.15354e+06	0
4.15364e+06	0
4.15374e+06	0
4.15384e+06	0
4.15394e+06	0
4.15404e+06	0
4.15414e+06	0
4.15424e+06	0
4.15434e+06	0
4.15444e+06	0
4.15454e+06	0
4.15464e+06	0
4.15474e+06	0
4.15484e+06	0
4.15494e+06	0
4.15504e+06	0
4.15514e+06	0
4.15524e+06	0
4.15534e+06	0
4.15544e+06	0
4.15554e+06	0
4.15564e+06	0
4.15574e+06	0
4.15584e+06	0
4.15594e+06	0
4.15604e+06	0
4.15614e+06	0
4.15624e+06	0
4.15634e+06	0
4.15644e+06	0
4.15654e+06	0
4.15664e+06	0
4.15674e+06	0
4.15684e+06	0
4.15694e+06	0
4.15704e+06	0
4.15714e+06	0
4.15724e+06	0
4.15734e+06	0
4.15744e+06	0
4.15754e+06	0
4.15764e+06	0
4.15774e+06	0
4.15784e+06	0
4.15794e+06	0
4.15804e+06	0
4.15814e+06	0
4.15824e+06	0
4.15834e+06	0
4.15844e+06	0
4.15854e+06	0
4.15864e+06	0
4.15874e+06	0
4.15884e+06	0
4.15894e+06	0
4.15904e+06	0
4.15914e+06	0
4.15924e+06	0
4.15934e+06	0
4.15944e+06	0
4.15954e+06	0
4.15964e+06	0
4.15974e+06	0
4.15984e+06	0
4.15994e+06	0
4.16004e+06	0
4.16014e+06	0
4.16024e+06	0
4.16034e+06	0
4.16044e+06	0
4.16054e+06	0
4.16064e+06	0
4.16074e+06	0
4.16084e+06	0
4.16094e+06	0
4.16104e+06	0
4.16114e+06	0
4.16124e+06	0
4.16134e+06	0
4.16144e+06	0
4.16154e+06	0
4.16164e+06	0
4.16174e+06	0
4.16184e+06	0
4.16194e+06	0
4.16204e+06	0
4.16214e+06	0
4.16224e+06	0
4.16234e+06	0
4.16244e+06	0
4.16254e+06	0
4.16264e+06	0
4.16274e+06	0
4.16284e+06	0
4.16294e+06	0
4.16304e+06	0
4.16314e+06	0
4.16324e+06	0
4.16334e+06	0
4.16344e+06	0
4.16354e+06	0
4.16364e+06	0
4.16374e+06	0
4.16384e+06	0
4.16394e+06	0
4.16404e+06	0
4.16414e+06	0
4.16424e+06	0
4.16434e+06	0
4.16444e+06	0
4.16454e+06	0
4.16464e+06	0
4.16474e+06	0
4.16484e+06	0
4.16494e+06	0
4.16504e+06	0
4.16514e+06	0
4.16524e+06	0
4.16534e+06	0
4.16544e+06	0
4.16554e+06	0
4.16564e+06	0
4.16574e+06	0
4.16584e+06	0
4.16594e+06	0
4.16604e+06	0
4.16614e+06	0
4.16624e+06	0
4.16634e+06	0
4.16644e+06	0
4.16654e+06	0
4.16664e+06	0
4.16674e+06	0
4.16684e+06	0
4.16694e+06	0
4.16704e+06	0
4.16714e+06	0
4.16724e+06	0
4.16734e+06	0
4.16744e+06	0
4.16754e+06	0
4.16764e+06	0
4.16774e+06	0
4.16784e+06	0
4.16794e+06	0
4.16804e+06	0
4.16814e+06	0
4.16824e+06	0
4.16834e+06	0
4.16844e+06	0
4.16854e+06	0
4.16864e+06	0
4.16874e+06	0
4.16884e+06	0
4.16894e+06	0
4.16904e+06	0
4.16914e+06	0
4.16924e+06	0
4.16934e+06	0
4.16944e+06	0
4.16954e+06	0
4.16964e+06	0
4.16974e+06	0
4.16984e+06	0
4.16994e+06	0
4.17004e+06	0
4.17014e+06	0
4.17024e+06	0
4.17034e+06	0
4.17044e+06	0
4.17054e+06	0
4.17064e+06	0
4.17074e+06	0
4.17084e+06	0
4.17094e+06	0
4.17104e+06	0
4.17114e+06	0
4.17124e+06	0
4.17134e+06	0
4.17144e+06	0
4.17154e+06	0
4.17164e+06	0
4.17174e+06	0
4.17184e+06	0
4.17194e+06	0
4.17204e+06	0
4.17214e+06	0
4.17224e+06	0
4.17234e+06	0
4.17244e+06	0
4.17254e+06	0
4.17264e+06	0
4.17274e+06	0
4.17284e+06	0
4.17294e+06	0
4.17304e+06	0
4.17314e+06	0
4.17324e+06	0
4.17334e+06	0
4.17344e+06	0
4.17354e+06	0
4.17364e+06	0
4.17374e+06	0
4.17384e+06	0
4.17394e+06	0
4.17404e+06	0
4.17414e+06	0
4.17424e+06	0
4.17434e+06	0
4.17444e+06	0
4.17454e+06	0
4.17464e+06	0
4.17474e+06	0
4.17484e+06	0
4.17494e+06	0
4.17504e+06	0
4.17514e+06	0
4.17524e+06	0
4.17534e+06	0
4.17544e+06	0
4.17554e+06	0
4.17564e+06	0
4.17574e+06	0
4.17584e+06	0
4.17594e+06	0
4.17604e+06	0
4.17614e+06	0
4.17624e+06	0
4.17634e+06	0
4.17644e+06	0
4.17654e+06	0
4.17664e+06	0
4.17674e+06	0
4.17684e+06	0
4.17694e+06	0
4.17704e+06	0
4.17714e+06	0
4.17724e+06	0
4.17734e+06	0
4.17744e+06	0
4.17754e+06	0
4.17764e+06	0
4.17774e+06	0
4.17784e+06	0
4.17794e+06	0
4.17804e+06	0
4.17814e+06	0
4.17824e+06	0
4.17834e+06	0
4.17844e+06	0
4.17854e+06	0
4.17864e+06	0
4.17874e+06	0
4.17884e+06	0
4.17894e+06	0
4.17904e+06	0
4.17914e+06	0
4.17924e+06	0
4.17934e+06	0
4.17944e+06	0
4.17954e+06	0
4.17964e+06	0
4.17974e+06	0
4.17984e+06	0
4.17994e+06	0
4.18004e+06	0
4.18014e+06	0
4.18024e+06	0
4.18034e+06	0
4.18044e+06	0
4.18054e+06	0
4.18064e+06	0
4.18074e+06	0
4.18084e+06	0
4.18094e+06	0
4.18104e+06	0
4.18114e+06	0
4.18124e+06	0
4.18134e+06	0
4.18144e+06	0
4.18154e+06	0
4.18164e+06	0
4.18174e+06	0
4.18184e+06	0
4.18194e+06	0
4.18204e+06	0
4.18214e+06	0
4.18224e+06	0
4.18234e+06	0
4.18244e+06	0
4.18254e+06	0
4.18264e+06	0
4.18274e+06	0
4.18284e+06	0
4.18294e+06	0
4.18304e+06	0
4.18314e+06	0
4.18324e+06	0
4.18334e+06	0
4.18344e+06	0
4.18354e+06	0
4.18364e+06	0
4.18374e+06	0
4.18384e+06	0
4.18394e+06	0
4.18404e+06	0
4.18414e+06	0
4.18424e+06	0
4.18434e+06	0
4.18444e+06	0
4.18454e+06	0
4.18464e+06	0
4.18474e+06	0
4.18484e+06	0
4.18494e+06	0
4.18504e+06	0
4.18514e+06	0
4.18524e+06	0
4.18534e+06	0
4.18544e+06	0
4.18554e+06	0
4.18564e+06	0
4.18574e+06	0
4.18584e+06	0
4.18594e+06	0
4.18604e+06	0
4.18614e+06	0
4.18624e+06	0
4.18634e+06	0
4.18644e+06	0
4.18654e+06	0
4.18664e+06	0
4.18674e+06	0
4.18684e+06	0
4.18694e+06	0
4.18704e+06	0
4.18714e+06	0
4.18724e+06	0
4.18734e+06	0
4.18744e+06	0
4.18754e+06	0
4.18764e+06	0
4.18774e+06	0
4.18784e+06	0
4.18794e+06	0
4.18804e+06	0
4.18814e+06	0
4.18824e+06	0
4.18834e+06	0
4.18844e+06	0
4.18854e+06	0
4.18864e+06	0
4.18874e+06	0
4.18884e+06	0
4.18894e+06	0
4.18904e+06	0
4.18914e+06	0
4.18924e+06	0
4.18934e+06	0
4.18944e+06	0
4.18954e+06	0
4.18964e+06	0
4.18974e+06	0
4.18984e+06	0
4.18994e+06	0
4.19004e+06	0
4.19014e+06	0
4.19024e+06	0
4.19034e+06	0
4.19044e+06	0
4.19054e+06	0
4.19064e+06	0
4.19074e+06	0
4.19084e+06	0
4.19094e+06	0
4.19104e+06	0
4.19114e+06	0
4.19124e+06	0
4.19134e+06	0
4.19144e+06	0
4.19154e+06	0
4.19164e+06	0
4.19174e+06	0
4.19184e+06	0
4.19194e+06	0
4.19204e+06	0
4.19214e+06	0
4.19224e+06	0
4.19234e+06	0
4.19244e+06	0
4.19254e+06	0
4.19264e+06	0
4.19274e+06	0
4.19284e+06	0
4.19294e+06	0
4.19304e+06	0
4.19314e+06	0
4.19324e+06	0
4.19334e+06	0
4.19344e+06	0
4.19354e+06	0
4.19364e+06	0
4.19374e+06	0
4.19384e+06	0
4.19394e+06	0
4.19404e+06	0
4.19414e+06	0
4.19424e+06	0
4.19434e+06	0
4.19444e+06	0
4.19454e+06	0
4.19464e+06	0
4.19474e+06	0
4.19484e+06	0
4.19494e+06	0
4.19504e+06	0
4.19514e+06	0
4.19524e+06	0
4.19534e+06	0
4.19544e+06	0
4.19554e+06	0
4.19564e+06	0
4.19574e+06	0
4.19584e+06	0
4.19594e+06	0
4.19604e+06	0
4.19614e+06	0
4.19624e+06	0
4.19634e+06	0
4.19644e+06	0
4.19654e+06	0
4.19664e+06	0
4.19674e+06	0
4.19684e+06	0
4.19694e+06	0
4.19704e+06	0
4.19714e+06	0
4.19724e+06	0
4.19734e+06	0
4.19744e+06	0
4.19754e+06	0
4.19764e+06	0
4.19774e+06	0
4.19784e+06	0
4.19794e+06	0
4.19804e+06	0
4.19814e+06	0
4.19824e+06	0
4.19834e+06	0
4.19844e+06	0
4.19854e+06	0
4.19864e+06	0
4.19874e+06	0
4.19884e+06	0
4.19894e+06	0
4.19904e+06	0
4.19914e+06	0
4.19924e+06	0
4.19934e+06	0
4.19944e+06	0
4.19954e+06	0
4.19964e+06	0
4.19974e+06	0
4.19984e+06	0
4.19994e+06	0
4.20004e+06	0
4.20014e+06	0
4.20024e+06	0
4.20034e+06	0
4.20044e+06	0
4.20054e+06	0
4.20064e+06	0
4.20074e+06	0
4.20084e+06	0
4.20094e+06	0
4.20104e+06	0
4.20114e+06	0
4.20124e+06	0
4.20134e+06	0
4.20144e+06	0
4.20154e+06	0
4.20164e+06	0
4.20174e+06	0
4.20184e+06	0
4.20194e+06	0
4.20204e+06	0
4.20214e+06	0
4.20224e+06	0
4.20234e+06	0
4.20244e+06	0
4.20254e+06	0
4.20264e+06	0
4.20274e+06	0
4.20284e+06	0
4.20294e+06	0
4.20304e+06	0
4.20314e+06	0
4.20324e+06	0
4.20334e+06	0
4.20344e+06	0
4.20354e+06	0
4.20364e+06	0
4.20374e+06	0
4.20384e+06	0
4.20394e+06	0
4.20404e+06	0
4.20414e+06	0
4.20424e+06	0
4.20434e+06	0
4.20444e+06	0
4.20454e+06	0
4.20464e+06	0
4.20474e+06	0
4.20484e+06	0
4.20494e+06	0
4.20504e+06	0
4.20514e+06	0
4.20524e+06	0
4.20534e+06	0
4.20544e+06	0
4.20554e+06	0
4.20564e+06	0
4.20574e+06	0
4.20584e+06	0
4.20594e+06	0
4.20604e+06	0
4.20614e+06	0
4.20624e+06	0
4.20634e+06	0
4.20644e+06	0
4.20654e+06	0
4.20664e+06	0
4.20674e+06	0
4.20684e+06	0
4.20694e+06	0
4.20704e+06	0
4.20714e+06	0
4.20724e+06	0
4.20734e+06	0
4.20744e+06	0
4.20754e+06	0
4.20764e+06	0
4.20774e+06	0
4.20784e+06	0
4.20794e+06	0
4.20804e+06	0
4.20814e+06	0
4.20824e+06	0
4.20834e+06	0
4.20844e+06	0
4.20854e+06	0
4.20864e+06	0
4.20874e+06	0
4.20884e+06	0
4.20894e+06	0
4.20904e+06	0
4.20914e+06	0
4.20924e+06	0
4.20934e+06	0
4.20944e+06	0
4.20954e+06	0
4.20964e+06	0
4.20974e+06	0
4.20984e+06	0
4.20994e+06	0
4.21004e+06	0
4.21014e+06	0
4.21024e+06	0
4.21034e+06	0
4.21044e+06	0
4.21054e+06	0
4.21064e+06	0
4.21074e+06	0
4.21084e+06	0
4.21094e+06	0
4.21104e+06	0
4.21114e+06	0
4.21124e+06	0
4.21134e+06	0
4.21144e+06	0
4.21154e+06	0
4.21164e+06	0
4.21174e+06	0
4.21184e+06	0
4.21194e+06	0
4.21204e+06	0
4.21214e+06	0
4.21224e+06	0
4.21234e+06	0
4.21244e+06	0
4.21254e+06	0
4.21264e+06	0
4.21274e+06	0
4.21284e+06	0
4.21294e+06	0
4.21304e+06	0
4.21314e+06	0
4.21324e+06	0
4.21334e+06	0
4.21344e+06	0
4.21354e+06	0
4.21364e+06	0
4.21374e+06	0
4.21384e+06	0
4.21394e+06	0
4.21404e+06	0
4.21414e+06	0
4.21424e+06	0
4.21434e+06	0
4.21444e+06	0
4.21454e+06	0
4.21464e+06	0
4.21474e+06	0
4.21484e+06	0
4.21494e+06	0
4.21504e+06	0
4.21514e+06	0
4.21524e+06	0
4.21534e+06	0
4.21544e+06	0
4.21554e+06	0
4.21564e+06	0
4.21574e+06	0
4.21584e+06	0
4.21594e+06	0
4.21604e+06	0
4.21614e+06	0
4.21624e+06	0
4.21634e+06	0
4.21644e+06	0
4.21654e+06	0
4.21664e+06	0
4.21674e+06	0
4.21684e+06	0
4.21694e+06	0
4.21704e+06	0
4.21714e+06	0
4.21724e+06	0
4.21734e+06	0
4.21744e+06	0
4.21754e+06	0
4.21764e+06	0
4.21774e+06	0
4.21784e+06	0
4.21794e+06	0
4.21804e+06	0
4.21814e+06	0
4.21824e+06	0
4.21834e+06	0
4.21844e+06	0
4.21854e+06	0
4.21864e+06	0
4.21874e+06	0
4.21884e+06	0
4.21894e+06	0
4.21904e+06	0
4.21914e+06	0
4.21924e+06	0
4.21934e+06	0
4.21944e+06	0
4.21954e+06	0
4.21964e+06	0
4.21974e+06	0
4.21984e+06	0
4.21994e+06	0
4.22004e+06	0
4.22014e+06	0
4.22024e+06	0
4.22034e+06	0
4.22044e+06	0
4.22054e+06	0
4.22064e+06	0
4.22074e+06	0
4.22084e+06	0
4.22094e+06	0
4.22104e+06	0
4.22114e+06	0
4.22124e+06	0
4.22134e+06	0
4.22144e+06	0
4.22154e+06	0
4.22164e+06	0
4.22174e+06	0
4.22184e+06	0
4.22194e+06	0
4.22204e+06	0
4.22214e+06	0
4.22224e+06	0
4.22234e+06	0
4.22244e+06	0
4.22254e+06	0
4.22264e+06	0
4.22274e+06	0
4.22284e+06	0
4.22294e+06	0
4.22304e+06	0
4.22314e+06	0
4.22324e+06	0
4.22334e+06	0
4.22344e+06	0
4.22354e+06	0
4.22364e+06	0
4.22374e+06	0
4.22384e+06	0
4.22394e+06	0
4.22404e+06	0
4.22414e+06	0
4.22424e+06	0
4.22434e+06	0
4.22444e+06	0
4.22454e+06	0
4.22464e+06	0
4.22474e+06	0
4.22484e+06	0
4.22494e+06	0
4.22504e+06	0
4.22514e+06	0
4.22524e+06	0
4.22534e+06	0
4.22544e+06	0
4.22554e+06	0
4.22564e+06	0
4.22574e+06	0
4.22584e+06	0
4.22594e+06	0
4.22604e+06	0
4.22614e+06	0
4.22624e+06	0
4.22634e+06	0
4.22644e+06	0
4.22654e+06	0
4.22664e+06	0
4.22674e+06	0
4.22684e+06	0
4.22694e+06	0
4.22704e+06	0
4.22714e+06	0
4.22724e+06	0
4.22734e+06	0
4.22744e+06	0
4.22754e+06	0
4.22764e+06	0
4.22774e+06	0
4.22784e+06	0
4.22794e+06	0
4.22804e+06	0
4.22814e+06	0
4.22824e+06	0
4.22834e+06	0
4.22844e+06	0
4.22854e+06	0
4.22864e+06	0
4.22874e+06	0
4.22884e+06	0
4.22894e+06	0
4.22904e+06	0
4.22914e+06	0
4.22924e+06	0
4.22934e+06	0
4.22944e+06	0
4.22954e+06	0
4.22964e+06	0
4.22974e+06	0
4.22984e+06	0
4.22994e+06	0
4.23004e+06	0
4.23014e+06	0
4.23024e+06	0
4.23034e+06	0
4.23044e+06	0
4.23054e+06	0
4.23064e+06	0
4.23074e+06	0
4.23084e+06	0
4.23094e+06	0
4.23104e+06	0
4.23114e+06	0
4.23124e+06	0
4.23134e+06	0
4.23144e+06	0
4.23154e+06	0
4.23164e+06	0
4.23174e+06	0
4.23184e+06	0
4.23194e+06	0
4.23204e+06	0
4.23214e+06	0
4.23224e+06	0
4.23234e+06	0
4.23244e+06	0
4.23254e+06	0
4.23264e+06	0
4.23274e+06	0
4.23284e+06	0
4.23294e+06	0
4.23304e+06	0
4.23314e+06	0
4.23324e+06	0
4.23334e+06	0
4.23344e+06	0
4.23354e+06	0
4.23364e+06	0
4.23374e+06	0
4.23384e+06	0
4.23394e+06	0
4.23404e+06	0
4.23414e+06	0
4.23424e+06	0
4.23434e+06	0
4.23444e+06	0
4.23454e+06	0
4.23464e+06	0
4.23474e+06	0
4.23484e+06	0
4.23494e+06	0
4.23504e+06	0
4.23514e+06	0
4.23524e+06	0
4.23534e+06	0
4.23544e+06	0
4.23554e+06	0
4.23564e+06	0
4.23574e+06	0
4.23584e+06	0
4.23594e+06	0
4.23604e+06	0
4.23614e+06	0
4.23624e+06	0
4.23634e+06	0
4.23644e+06	0
4.23654e+06	0
4.23664e+06	0
4.23674e+06	0
4.23684e+06	0
4.23694e+06	0
4.23704e+06	0
4.23714e+06	0
4.23724e+06	0
4.23734e+06	0
4.23744e+06	0
4.23754e+06	0
4.23764e+06	0
4.23774e+06	0
4.23784e+06	0
4.23794e+06	0
4.23804e+06	0
4.23814e+06	0
4.23824e+06	0
4.23834e+06	0
4.23844e+06	0
4.23854e+06	0
4.23864e+06	0
4.23874e+06	0
4.23884e+06	0
4.23894e+06	0
4.23904e+06	0
4.23914e+06	0
4.23924e+06	0
4.23934e+06	0
4.23944e+06	0
4.23954e+06	0
4.23964e+06	0
4.23974e+06	0
4.23984e+06	0
4.23994e+06	0
4.24004e+06	0
4.24014e+06	0
4.24024e+06	0
4.24034e+06	0
4.24044e+06	0
4.24054e+06	0
4.24064e+06	0
4.24074e+06	0
4.24084e+06	0
4.24094e+06	0
4.24104e+06	0
4.24114e+06	0
4.24124e+06	0
4.24134e+06	0
4.24144e+06	0
4.24154e+06	0
4.24164e+06	0
4.24174e+06	0
4.24184e+06	0
4.24194e+06	0
4.24204e+06	0
4.24214e+06	0
4.24224e+06	0
4.24234e+06	0
4.24244e+06	0
4.24254e+06	0
4.24264e+06	0
4.24274e+06	0
4.24284e+06	0
4.24294e+06	0
4.24304e+06	0
4.24314e+06	0
4.24324e+06	0
4.24334e+06	0
4.24344e+06	0
4.24354e+06	0
4.24364e+06	0
4.24374e+06	0
4.24384e+06	0
4.24394e+06	0
4.24404e+06	0
4.24414e+06	0
4.24424e+06	0
4.24434e+06	0
4.24444e+06	0
4.24454e+06	0
4.24464e+06	0
4.24474e+06	0
4.24484e+06	0
4.24494e+06	0
4.24504e+06	0
4.24514e+06	0
4.24524e+06	0
4.24534e+06	0
4.24544e+06	0
4.24554e+06	0
4.24564e+06	0
4.24574e+06	0
4.24584e+06	0
4.24594e+06	0
4.24604e+06	0
4.24614e+06	0
4.24624e+06	0
4.24634e+06	0
4.24644e+06	0
4.24654e+06	0
4.24664e+06	0
4.24674e+06	0
4.24684e+06	0
4.24694e+06	0
4.24704e+06	0
4.24714e+06	0
4.24724e+06	0
4.24734e+06	0
4.24744e+06	0
4.24754e+06	0
4.24764e+06	0
4.24774e+06	0
4.24784e+06	0
4.24794e+06	0
4.24804e+06	0
4.24814e+06	0
4.24824e+06	0
4.24834e+06	0
4.24844e+06	0
4.24854e+06	0
4.24864e+06	0
4.24874e+06	0
4.24884e+06	0
4.24894e+06	0
4.24904e+06	0
4.24914e+06	0
4.24924e+06	0
4.24934e+06	0
4.24944e+06	0
4.24954e+06	0
4.24964e+06	0
4.24974e+06	0
4.24984e+06	0
4.24994e+06	0
4.25004e+06	0
4.25014e+06	0
4.25024e+06	0
4.25034e+06	0
4.25044e+06	0
4.25054e+06	0
4.25064e+06	0
4.25074e+06	0
4.25084e+06	0
4.25094e+06	0
4.25104e+06	0
4.25114e+06	0
4.25124e+06	0
4.25134e+06	0
4.25144e+06	0
4.25154e+06	0
4.25164e+06	0
4.25174e+06	0
4.25184e+06	0
4.25194e+06	0
4.25204e+06	0
4.25214e+06	0
4.25224e+06	0
4.25234e+06	0
4.25244e+06	0
4.25254e+06	0
4.25264e+06	0
4.25274e+06	0
4.25284e+06	0
4.25294e+06	0
4.25304e+06	0
4.25314e+06	0
4.25324e+06	0
4.25334e+06	0
4.25344e+06	0
4.25354e+06	0
4.25364e+06	0
4.25374e+06	0
4.25384e+06	0
4.25394e+06	0
4.25404e+06	0
4.25414e+06	0
4.25424e+06	0
4.25434e+06	0
4.25444e+06	0
4.25454e+06	0
4.25464e+06	0
4.25474e+06	0
4.25484e+06	0
4.25494e+06	0
4.25504e+06	0
4.25514e+06	0
4.25524e+06	0
4.25534e+06	0
4.25544e+06	0
4.25554e+06	0
4.25564e+06	0
4.25574e+06	0
4.25584e+06	0
4.25594e+06	0
4.25604e+06	0
4.25614e+06	0
4.25624e+06	0
4.25634e+06	0
4.25644e+06	0
4.25654e+06	0
4.25664e+06	0
4.25674e+06	0
4.25684e+06	0
4.25694e+06	0
4.25704e+06	0
4.25714e+06	0
4.25724e+06	0
4.25734e+06	0
4.25744e+06	0
4.25754e+06	0
4.25764e+06	0
4.25774e+06	0
4.25784e+06	0
4.25794e+06	0
4.25804e+06	0
4.25814e+06	0
4.25824e+06	0
4.25834e+06	0
4.25844e+06	0
4.25854e+06	0
4.25864e+06	0
4.25874e+06	0
4.25884e+06	0
4.25894e+06	0
4.25904e+06	0
4.25914e+06	0
4.25924e+06	0
4.25934e+06	0
4.25944e+06	0
4.25954e+06	0
4.25964e+06	0
4.25974e+06	0
4.25984e+06	0
4.25994e+06	0
4.26004e+06	0
4.26014e+06	0
4.26024e+06	0
4.26034e+06	0
4.26044e+06	0
4.26054e+06	0
4.26064e+06	0
4.26074e+06	0
4.26084e+06	0
4.26094e+06	0
4.26104e+06	0
4.26114e+06	0
4.26124e+06	0
4.26134e+06	0
4.26144e+06	0
4.26154e+06	0
4.26164e+06	0
4.26174e+06	0
4.26184e+06	0
4.26194e+06	0
4.26204e+06	0
4.26214e+06	0
4.26224e+06	0
4.26234e+06	0
4.26244e+06	0
4.26254e+06	0
4.26264e+06	0
4.26274e+06	0
4.26284e+06	0
4.26294e+06	0
4.26304e+06	0
4.26314e+06	0
4.26324e+06	0
4.26334e+06	0
4.26344e+06	0
4.26354e+06	0
4.26364e+06	0
4.26374e+06	0
4.26384e+06	0
4.26394e+06	0
4.26404e+06	0
4.26414e+06	0
4.26424e+06	0
4.26434e+06	0
4.26444e+06	0
4.26454e+06	0
4.26464e+06	0
4.26474e+06	0
4.26484e+06	0
4.26494e+06	0
4.26504e+06	0
4.26514e+06	0
4.26524e+06	0
4.26534e+06	0
4.26544e+06	0
4.26554e+06	0
4.26564e+06	0
4.26574e+06	0
4.26584e+06	0
4.26594e+06	0
4.26604e+06	0
4.26614e+06	0
4.26624e+06	0
4.26634e+06	0
4.26644e+06	0
4.26654e+06	0
4.26664e+06	0
4.26674e+06	0
4.26684e+06	0
4.26694e+06	0
4.26704e+06	0
4.26714e+06	0
4.26724e+06	0
4.26734e+06	0
4.26744e+06	0
4.26754e+06	0
4.26764e+06	0
4.26774e+06	0
4.26784e+06	0
4.26794e+06	0
4.26804e+06	0
4.26814e+06	0
4.26824e+06	0
4.26834e+06	0
4.26844e+06	0
4.26854e+06	0
4.26864e+06	0
4.26874e+06	0
4.26884e+06	0
4.26894e+06	0
4.26904e+06	0
4.26914e+06	0
4.26924e+06	0
4.26934e+06	0
4.26944e+06	0
4.26954e+06	0
4.26964e+06	0
4.26974e+06	0
4.26984e+06	0
4.26994e+06	0
4.27004e+06	0
4.27014e+06	0
4.27024e+06	0
4.27034e+06	0
4.27044e+06	0
4.27054e+06	0
4.27064e+06	0
4.27074e+06	0
4.27084e+06	0
4.27094e+06	0
4.27104e+06	0
4.27114e+06	0
4.27124e+06	0
4.27134e+06	0
4.27144e+06	0
4.27154e+06	0
4.27164e+06	0
4.27174e+06	0
4.27184e+06	0
4.27194e+06	0
4.27204e+06	0
4.27214e+06	0
4.27224e+06	0
4.27234e+06	0
4.27244e+06	0
4.27254e+06	0
4.27264e+06	0
4.27274e+06	0
4.27284e+06	0
4.27294e+06	0
4.27304e+06	0
4.27314e+06	0
4.27324e+06	0
4.27334e+06	0
4.27344e+06	0
4.27354e+06	0
4.27364e+06	0
4.27374e+06	0
4.27384e+06	0
4.27394e+06	0
4.27404e+06	0
4.27414e+06	0
4.27424e+06	0
4.27434e+06	0
4.27444e+06	0
4.27454e+06	0
4.27464e+06	0
4.27474e+06	0
4.27484e+06	0
4.27494e+06	0
4.27504e+06	0
4.27514e+06	0
4.27524e+06	0
4.27534e+06	0
4.27544e+06	0
4.27554e+06	0
4.27564e+06	0
4.27574e+06	0
4.27584e+06	0
4.27594e+06	0
4.27604e+06	0
4.27614e+06	0
4.27624e+06	0
4.27634e+06	0
4.27644e+06	0
4.27654e+06	0
4.27664e+06	0
4.27674e+06	0
4.27684e+06	0
4.27694e+06	0
4.27704e+06	0
4.27714e+06	0
4.27724e+06	0
4.27734e+06	0
4.27744e+06	0
4.27754e+06	0
4.27764e+06	0
4.27774e+06	0
4.27784e+06	0
4.27794e+06	0
4.27804e+06	0
4.27814e+06	0
4.27824e+06	0
4.27834e+06	0
4.27844e+06	0
4.27854e+06	0
4.27864e+06	0
4.27874e+06	0
4.27884e+06	0
4.27894e+06	0
4.27904e+06	0
4.27914e+06	0
4.27924e+06	0
4.27934e+06	0
4.27944e+06	0
4.27954e+06	0
4.27964e+06	0
4.27974e+06	0
4.27984e+06	0
4.27994e+06	0
4.28004e+06	0
4.28014e+06	0
4.28024e+06	0
4.28034e+06	0
4.28044e+06	0
4.28054e+06	0
4.28064e+06	0
4.28074e+06	0
4.28084e+06	0
4.28094e+06	0
4.28104e+06	0
4.28114e+06	0
4.28124e+06	0
4.28134e+06	0
4.28144e+06	0
4.28154e+06	0
4.28164e+06	0
4.28174e+06	0
4.28184e+06	0
4.28194e+06	0
4.28204e+06	0
4.28214e+06	0
4.28224e+06	0
4.28234e+06	0
4.28244e+06	0
4.28254e+06	0
4.28264e+06	0
4.28274e+06	0
4.28284e+06	0
4.28294e+06	0
4.28304e+06	0
4.28314e+06	0
4.28324e+06	0
4.28334e+06	0
4.28344e+06	0
4.28354e+06	0
4.28364e+06	0
4.28374e+06	0
4.28384e+06	0
4.28394e+06	0
4.28404e+06	0
4.28414e+06	0
4.28424e+06	0
4.28434e+06	0
4.28444e+06	0
4.28454e+06	0
4.28464e+06	0
4.28474e+06	0
4.28484e+06	0
4.28494e+06	0
4.28504e+06	0
4.28514e+06	0
4.28524e+06	0
4.28534e+06	0
4.28544e+06	0
4.28554e+06	0
4.28564e+06	0
4.28574e+06	0
4.28584e+06	0
4.28594e+06	0
4.28604e+06	0
4.28614e+06	0
4.28624e+06	0
4.28634e+06	0
4.28644e+06	0
4.28654e+06	0
4.28664e+06	0
4.28674e+06	0
4.28684e+06	0
4.28694e+06	0
4.28704e+06	0
4.28714e+06	0
4.28724e+06	0
4.28734e+06	0
4.28744e+06	0
4.28754e+06	0
4.28764e+06	0
4.28774e+06	0
4.28784e+06	0
4.28794e+06	0
4.28804e+06	0
4.28814e+06	0
4.28824e+06	0
4.28834e+06	0
4.28844e+06	0
4.28854e+06	0
4.28864e+06	0
4.28874e+06	0
4.28884e+06	0
4.28894e+06	0
4.28904e+06	0
4.28914e+06	0
4.28924e+06	0
4.28934e+06	0
4.28944e+06	0
4.28954e+06	0
4.28964e+06	0
4.28974e+06	0
4.28984e+06	0
4.28994e+06	0
4.29004e+06	0
4.29014e+06	0
4.29024e+06	0
4.29034e+06	0
4.29044e+06	0
4.29054e+06	0
4.29064e+06	0
4.29074e+06	0
4.29084e+06	0
4.29094e+06	0
4.29104e+06	0
4.29114e+06	0
4.29124e+06	0
4.29134e+06	0
4.29144e+06	0
4.29154e+06	0
4.29164e+06	0
4.29174e+06	0
4.29184e+06	0
4.29194e+06	0
4.29204e+06	0
4.29214e+06	0
4.29224e+06	0
4.29234e+06	0
4.29244e+06	0
4.29254e+06	0
4.29264e+06	0
4.29274e+06	0
4.29284e+06	0
4.29294e+06	0
4.29304e+06	0
4.29314e+06	0
4.29324e+06	0
4.29334e+06	0
4.29344e+06	0
4.29354e+06	0
4.29364e+06	0
4.29374e+06	0
4.29384e+06	0
4.29394e+06	0
4.29404e+06	0
4.29414e+06	0
4.29424e+06	0
4.29434e+06	0
4.29444e+06	0
4.29454e+06	0
4.29464e+06	0
4.29474e+06	0
4.29484e+06	0
4.29494e+06	0
4.29504e+06	0
4.29514e+06	0
4.29524e+06	0
4.29534e+06	0
4.29544e+06	0
4.29554e+06	0
4.29564e+06	0
4.29574e+06	0
4.29584e+06	0
4.29594e+06	0
4.29604e+06	0
4.29614e+06	0
4.29624e+06	0
4.29634e+06	0
4.29644e+06	0
4.29654e+06	0
4.29664e+06	0
4.29674e+06	0
4.29684e+06	0
4.29694e+06	0
4.29704e+06	0
4.29714e+06	0
4.29724e+06	0
4.29734e+06	0
4.29744e+06	0
4.29754e+06	0
4.29764e+06	0
4.29774e+06	0
4.29784e+06	0
4.29794e+06	0
4.29804e+06	0
4.29814e+06	0
4.29824e+06	0
4.29834e+06	0
4.29844e+06	0
4.29854e+06	0
4.29864e+06	0
4.29874e+06	0
4.29884e+06	0
4.29894e+06	0
4.29904e+06	0
4.29914e+06	0
4.29924e+06	0
4.29934e+06	0
4.29944e+06	0
4.29954e+06	0
4.29964e+06	0
4.29974e+06	0
4.29984e+06	0
4.29994e+06	0
4.30004e+06	0
4.30014e+06	0
4.30024e+06	0
4.30034e+06	0
4.30044e+06	0
4.30054e+06	0
4.30064e+06	0
4.30074e+06	0
4.30084e+06	0
4.30094e+06	0
4.30104e+06	0
4.30114e+06	0
4.30124e+06	0
4.30134e+06	0
4.30144e+06	0
4.30154e+06	0
4.30164e+06	0
4.30174e+06	0
4.30184e+06	0
4.30194e+06	0
4.30204e+06	0
4.30214e+06	0
4.30224e+06	0
4.30234e+06	0
4.30244e+06	0
4.30254e+06	0
4.30264e+06	0
4.30274e+06	0
4.30284e+06	0
4.30294e+06	0
4.30304e+06	0
4.30314e+06	0
4.30324e+06	0
4.30334e+06	0
4.30344e+06	0
4.30354e+06	0
4.30364e+06	0
4.30374e+06	0
4.30384e+06	0
4.30394e+06	0
4.30404e+06	0
4.30414e+06	0
4.30424e+06	0
4.30434e+06	0
4.30444e+06	0
4.30454e+06	0
4.30464e+06	0
4.30474e+06	0
4.30484e+06	0
4.30494e+06	0
4.30504e+06	0
4.30514e+06	0
4.30524e+06	0
4.30534e+06	0
4.30544e+06	0
4.30554e+06	0
4.30564e+06	0
4.30574e+06	0
4.30584e+06	0
4.30594e+06	0
4.30604e+06	0
4.30614e+06	0
4.30624e+06	0
4.30634e+06	0
4.30644e+06	0
4.30654e+06	0
4.30664e+06	0
4.30674e+06	0
4.30684e+06	0
4.30694e+06	0
4.30704e+06	0
4.30714e+06	0
4.30724e+06	0
4.30734e+06	0
4.30744e+06	0
4.30754e+06	0
4.30764e+06	0
4.30774e+06	0
4.30784e+06	0
4.30794e+06	0
4.30804e+06	0
4.30814e+06	0
4.30824e+06	0
4.30834e+06	0
4.30844e+06	0
4.30854e+06	0
4.30864e+06	0
4.30874e+06	0
4.30884e+06	0
4.30894e+06	0
4.30904e+06	0
4.30914e+06	0
4.30924e+06	0
4.30934e+06	0
4.30944e+06	0
4.30954e+06	0
4.30964e+06	0
4.30974e+06	0
4.30984e+06	0
4.30994e+06	0
4.31004e+06	0
4.31014e+06	0
4.31024e+06	0
4.31034e+06	0
4.31044e+06	0
4.31054e+06	0
4.31064e+06	0
4.31074e+06	0
4.31084e+06	0
4.31094e+06	0
4.31104e+06	0
4.31114e+06	0
4.31124e+06	0
4.31134e+06	0
4.31144e+06	0
4.31154e+06	0
4.31164e+06	0
4.31174e+06	0
4.31184e+06	0
4.31194e+06	0
4.31204e+06	0
4.31214e+06	0
4.31224e+06	0
4.31234e+06	0
4.31244e+06	0
4.31254e+06	0
4.31264e+06	0
4.31274e+06	0
4.31284e+06	0
4.31294e+06	0
4.31304e+06	0
4.31314e+06	0
4.31324e+06	0
4.31334e+06	0
4.31344e+06	0
4.31354e+06	0
4.31364e+06	0
4.31374e+06	0
4.31384e+06	0
4.31394e+06	0
4.31404e+06	0
4.31414e+06	0
4.31424e+06	0
4.31434e+06	0
4.31444e+06	0
4.31454e+06	0
4.31464e+06	0
4.31474e+06	0
4.31484e+06	0
4.31494e+06	0
4.31504e+06	0
4.31514e+06	0
4.31524e+06	0
4.31534e+06	0
4.31544e+06	0
4.31554e+06	0
4.31564e+06	0
4.31574e+06	0
4.31584e+06	0
4.31594e+06	0
4.31604e+06	0
4.31614e+06	0
4.31624e+06	0
4.31634e+06	0
4.31644e+06	0
4.31654e+06	0
4.31664e+06	0
4.31674e+06	0
4.31684e+06	0
4.31694e+06	0
4.31704e+06	0
4.31714e+06	0
4.31724e+06	0
4.31734e+06	0
4.31744e+06	0
4.31754e+06	0
4.31764e+06	0
4.31774e+06	0
4.31784e+06	0
4.31794e+06	0
4.31804e+06	0
4.31814e+06	0
4.31824e+06	0
4.31834e+06	0
4.31844e+06	0
4.31854e+06	0
4.31864e+06	0
4.31874e+06	0
4.31884e+06	0
4.31894e+06	0
4.31904e+06	0
4.31914e+06	0
4.31924e+06	0
4.31934e+06	0
4.31944e+06	0
4.31954e+06	0
4.31964e+06	0
4.31974e+06	0
4.31984e+06	0
4.31994e+06	0
4.32004e+06	0
4.32014e+06	0
4.32024e+06	0
4.32034e+06	0
4.32044e+06	0
4.32054e+06	0
4.32064e+06	0
4.32074e+06	0
4.32084e+06	0
4.32094e+06	0
4.32104e+06	0
4.32114e+06	0
4.32124e+06	0
4.32134e+06	0
4.32144e+06	0
4.32154e+06	0
4.32164e+06	0
4.32174e+06	0
4.32184e+06	0
4.32194e+06	0
4.32204e+06	0
4.32214e+06	0
4.32224e+06	0
4.32234e+06	0
4.32244e+06	0
4.32254e+06	0
4.32264e+06	0
4.32274e+06	0
4.32284e+06	0
4.32294e+06	0
4.32304e+06	0
4.32314e+06	0
4.32324e+06	0
4.32334e+06	0
4.32344e+06	0
4.32354e+06	0
4.32364e+06	0
4.32374e+06	0
4.32384e+06	0
4.32394e+06	0
4.32404e+06	0
4.32414e+06	0
4.32424e+06	0
4.32434e+06	0
4.32444e+06	0
4.32454e+06	0
4.32464e+06	0
4.32474e+06	0
4.32484e+06	0
4.32494e+06	0
4.32504e+06	0
4.32514e+06	0
4.32524e+06	0
4.32534e+06	0
4.32544e+06	0
4.32554e+06	0
4.32564e+06	0
4.32574e+06	0
4.32584e+06	0
4.32594e+06	0
4.32604e+06	0
4.32614e+06	0
4.32624e+06	0
4.32634e+06	0
4.32644e+06	0
4.32654e+06	0
4.32664e+06	0
4.32674e+06	0
4.32684e+06	0
4.32694e+06	0
4.32704e+06	0
4.32714e+06	0
4.32724e+06	0
4.32734e+06	0
4.32744e+06	0
4.32754e+06	0
4.32764e+06	0
4.32774e+06	0
4.32784e+06	0
4.32794e+06	0
4.32804e+06	0
4.32814e+06	0
4.32824e+06	0
4.32834e+06	0
4.32844e+06	0
4.32854e+06	0
4.32864e+06	0
4.32874e+06	0
4.32884e+06	0
4.32894e+06	0
4.32904e+06	0
4.32914e+06	0
4.32924e+06	0
4.32934e+06	0
4.32944e+06	0
4.32954e+06	0
4.32964e+06	0
4.32974e+06	0
4.32984e+06	0
4.32994e+06	0
4.33004e+06	0
4.33014e+06	0
4.33024e+06	0
4.33034e+06	0
4.33044e+06	0
4.33054e+06	0
4.33064e+06	0
4.33074e+06	0
4.33084e+06	0
4.33094e+06	0
4.33104e+06	0
4.33114e+06	0
4.33124e+06	0
4.33134e+06	0
4.33144e+06	0
4.33154e+06	0
4.33164e+06	0
4.33174e+06	0
4.33184e+06	0
4.33194e+06	0
4.33204e+06	0
4.33214e+06	0
4.33224e+06	0
4.33234e+06	0
4.33244e+06	0
4.33254e+06	0
4.33264e+06	0
4.33274e+06	0
4.33284e+06	0
4.33294e+06	0
4.33304e+06	0
4.33314e+06	0
4.33324e+06	0
4.33334e+06	0
4.33344e+06	0
4.33354e+06	0
4.33364e+06	0
4.33374e+06	0
4.33384e+06	0
4.33394e+06	0
4.33404e+06	0
4.33414e+06	0
4.33424e+06	0
4.33434e+06	0
4.33444e+06	0
4.33454e+06	0
4.33464e+06	0
4.33474e+06	0
4.33484e+06	0
4.33494e+06	0
4.33504e+06	0
4.33514e+06	0
4.33524e+06	0
4.33534e+06	0
4.33544e+06	0
4.33554e+06	0
4.33564e+06	0
4.33574e+06	0
4.33584e+06	0
4.33594e+06	0
4.33604e+06	0
4.33614e+06	0
4.33624e+06	0
4.33634e+06	0
4.33644e+06	0
4.33654e+06	0
4.33664e+06	0
4.33674e+06	0
4.33684e+06	0
4.33694e+06	0
4.33704e+06	0
4.33714e+06	0
4.33724e+06	0
4.33734e+06	0
4.33744e+06	0
4.33754e+06	0
4.33764e+06	0
4.33774e+06	0
4.33784e+06	0
4.33794e+06	0
4.33804e+06	0
4.33814e+06	0
4.33824e+06	0
4.33834e+06	0
4.33844e+06	0
4.33854e+06	0
4.33864e+06	0
4.33874e+06	0
4.33884e+06	0
4.33894e+06	0
4.33904e+06	0
4.33914e+06	0
4.33924e+06	0
4.33934e+06	0
4.33944e+06	0
4.33954e+06	0
4.33964e+06	0
4.33974e+06	0
4.33984e+06	0
4.33994e+06	0
4.34004e+06	0
4.34014e+06	0
4.34024e+06	0
4.34034e+06	0
4.34044e+06	0
4.34054e+06	0
4.34064e+06	0
4.34074e+06	0
4.34084e+06	0
4.34094e+06	0
4.34104e+06	0
4.34114e+06	0
4.34124e+06	0
4.34134e+06	0
4.34144e+06	0
4.34154e+06	0
4.34164e+06	0
4.34174e+06	0
4.34184e+06	0
4.34194e+06	0
4.34204e+06	0
4.34214e+06	0
4.34224e+06	0
4.34234e+06	0
4.34244e+06	0
4.34254e+06	0
4.34264e+06	0
4.34274e+06	0
4.34284e+06	0
4.34294e+06	0
4.34304e+06	0
4.34314e+06	0
4.34324e+06	0
4.34334e+06	0
4.34344e+06	0
4.34354e+06	0
4.34364e+06	0
4.34374e+06	0
4.34384e+06	0
4.34394e+06	0
4.34404e+06	0
4.34414e+06	0
4.34424e+06	0
4.34434e+06	0
4.34444e+06	0
4.34454e+06	0
4.34464e+06	0
4.34474e+06	0
4.34484e+06	0
4.34494e+06	0
4.34504e+06	0
4.34514e+06	0
4.34524e+06	0
4.34534e+06	0
4.34544e+06	0
4.34554e+06	0
4.34564e+06	0
4.34574e+06	0
4.34584e+06	0
4.34594e+06	0
4.34604e+06	0
4.34614e+06	0
4.34624e+06	0
4.34634e+06	0
4.34644e+06	0
4.34654e+06	0
4.34664e+06	0
4.34674e+06	0
4.34684e+06	0
4.34694e+06	0
4.34704e+06	0
4.34714e+06	0
4.34724e+06	0
4.34734e+06	0
4.34744e+06	0
4.34754e+06	0
4.34764e+06	0
4.34774e+06	0
4.34784e+06	0
4.34794e+06	0
4.34804e+06	0
4.34814e+06	0
4.34824e+06	0
4.34834e+06	0
4.34844e+06	0
4.34854e+06	0
4.34864e+06	0
4.34874e+06	0
4.34884e+06	0
4.34894e+06	0
4.34904e+06	0
4.34914e+06	0
4.34924e+06	0
4.34934e+06	0
4.34944e+06	0
4.34954e+06	0
4.34964e+06	0
4.34974e+06	0
4.34984e+06	0
4.34994e+06	0
4.35004e+06	0
4.35014e+06	0
4.35024e+06	0
4.35034e+06	0
4.35044e+06	0
4.35054e+06	0
4.35064e+06	0
4.35074e+06	0
4.35084e+06	0
4.35094e+06	0
4.35104e+06	0
4.35114e+06	0
4.35124e+06	0
4.35134e+06	0
4.35144e+06	0
4.35154e+06	0
4.35164e+06	0
4.35174e+06	0
4.35184e+06	0
4.35194e+06	0
4.35204e+06	0
4.35214e+06	0
4.35224e+06	0
4.35234e+06	0
4.35244e+06	0
4.35254e+06	0
4.35264e+06	0
4.35274e+06	0
4.35284e+06	0
4.35294e+06	0
4.35304e+06	0
4.35314e+06	0
4.35324e+06	0
4.35334e+06	0
4.35344e+06	0
4.35354e+06	0
4.35364e+06	0
4.35374e+06	0
4.35384e+06	0
4.35394e+06	0
4.35404e+06	0
4.35414e+06	0
4.35424e+06	0
4.35434e+06	0
4.35444e+06	0
4.35454e+06	0
4.35464e+06	0
4.35474e+06	0
4.35484e+06	0
4.35494e+06	0
4.35504e+06	0
4.35514e+06	0
4.35524e+06	0
4.35534e+06	0
4.35544e+06	0
4.35554e+06	0
4.35564e+06	0
4.35574e+06	0
4.35584e+06	0
4.35594e+06	0
4.35604e+06	0
4.35614e+06	0
4.35624e+06	0
4.35634e+06	0
4.35644e+06	0
4.35654e+06	0
4.35664e+06	0
4.35674e+06	0
4.35684e+06	0
4.35694e+06	0
4.35704e+06	0
4.35714e+06	0
4.35724e+06	0
4.35734e+06	0
4.35744e+06	0
4.35754e+06	0
4.35764e+06	0
4.35774e+06	0
4.35784e+06	0
4.35794e+06	0
4.35804e+06	0
4.35814e+06	0
4.35824e+06	0
4.35834e+06	0
4.35844e+06	0
4.35854e+06	0
4.35864e+06	0
4.35874e+06	0
4.35884e+06	0
4.35894e+06	0
4.35904e+06	0
4.35914e+06	0
4.35924e+06	0
4.35934e+06	0
4.35944e+06	0
4.35954e+06	0
4.35964e+06	0
4.35974e+06	0
4.35984e+06	0
4.35994e+06	0
4.36004e+06	0
4.36014e+06	0
4.36024e+06	0
4.36034e+06	0
4.36044e+06	0
4.36054e+06	0
4.36064e+06	0
4.36074e+06	0
4.36084e+06	0
4.36094e+06	0
4.36104e+06	0
4.36114e+06	0
4.36124e+06	0
4.36134e+06	0
4.36144e+06	0
4.36154e+06	0
4.36164e+06	0
4.36174e+06	0
4.36184e+06	0
4.36194e+06	0
4.36204e+06	0
4.36214e+06	0
4.36224e+06	0
4.36234e+06	0
4.36244e+06	0
4.36254e+06	0
4.36264e+06	0
4.36274e+06	0
4.36284e+06	0
4.36294e+06	0
4.36304e+06	0
4.36314e+06	0
4.36324e+06	0
4.36334e+06	0
4.36344e+06	0
4.36354e+06	0
4.36364e+06	0
4.36374e+06	0
4.36384e+06	0
4.36394e+06	0
4.36404e+06	0
4.36414e+06	0
4.36424e+06	0
4.36434e+06	0
4.36444e+06	0
4.36454e+06	0
4.36464e+06	0
4.36474e+06	0
4.36484e+06	0
4.36494e+06	0
4.36504e+06	0
4.36514e+06	0
4.36524e+06	0
4.36534e+06	0
4.36544e+06	0
4.36554e+06	0
4.36564e+06	0
4.36574e+06	0
4.36584e+06	0
4.36594e+06	0
4.36604e+06	0
4.36614e+06	0
4.36624e+06	0
4.36634e+06	0
4.36644e+06	0
4.36654e+06	0
4.36664e+06	0
4.36674e+06	0
4.36684e+06	0
4.36694e+06	0
4.36704e+06	0
4.36714e+06	0
4.36724e+06	0
4.36734e+06	0
4.36744e+06	0
4.36754e+06	0
4.36764e+06	0
4.36774e+06	0
4.36784e+06	0
4.36794e+06	0
4.36804e+06	0
4.36814e+06	0
4.36824e+06	0
4.36834e+06	0
4.36844e+06	0
4.36854e+06	0
4.36864e+06	0
4.36874e+06	0
4.36884e+06	0
4.36894e+06	0
4.36904e+06	0
4.36914e+06	0
4.36924e+06	0
4.36934e+06	0
4.36944e+06	0
4.36954e+06	0
4.36964e+06	0
4.36974e+06	0
4.36984e+06	0
4.36994e+06	0
4.37004e+06	0
4.37014e+06	0
4.37024e+06	0
4.37034e+06	0
4.37044e+06	0
4.37054e+06	0
4.37064e+06	0
4.37074e+06	0
4.37084e+06	0
4.37094e+06	0
4.37104e+06	0
4.37114e+06	0
4.37124e+06	0
4.37134e+06	0
4.37144e+06	0
4.37154e+06	0
4.37164e+06	0
4.37174e+06	0
4.37184e+06	0
4.37194e+06	0
4.37204e+06	0
4.37214e+06	0
4.37224e+06	0
4.37234e+06	0
4.37244e+06	0
4.37254e+06	0
4.37264e+06	0
4.37274e+06	0
4.37284e+06	0
4.37294e+06	0
4.37304e+06	0
4.37314e+06	0
4.37324e+06	0
4.37334e+06	0
4.37344e+06	0
4.37354e+06	0
4.37364e+06	0
4.37374e+06	0
4.37384e+06	0
4.37394e+06	0
4.37404e+06	0
4.37414e+06	0
4.37424e+06	0
4.37434e+06	0
4.37444e+06	0
4.37454e+06	0
4.37464e+06	0
4.37474e+06	0
4.37484e+06	0
4.37494e+06	0
4.37504e+06	0
4.37514e+06	0
4.37524e+06	0
4.37534e+06	0
4.37544e+06	0
4.37554e+06	0
4.37564e+06	0
4.37574e+06	0
4.37584e+06	0
4.37594e+06	0
4.37604e+06	0
4.37614e+06	0
4.37624e+06	0
4.37634e+06	0
4.37644e+06	0
4.37654e+06	0
4.37664e+06	0
4.37674e+06	0
4.37684e+06	0
4.37694e+06	0
4.37704e+06	0
4.37714e+06	0
4.37724e+06	0
4.37734e+06	0
4.37744e+06	0
4.37754e+06	0
4.37764e+06	0
4.37774e+06	0
4.37784e+06	0
4.37794e+06	0
4.37804e+06	0
4.37814e+06	0
4.37824e+06	0
4.37834e+06	0
4.37844e+06	0
4.37854e+06	0
4.37864e+06	0
4.37874e+06	0
4.37884e+06	0
4.37894e+06	0
4.37904e+06	0
4.37914e+06	0
4.37924e+06	0
4.37934e+06	0
4.37944e+06	0
4.37954e+06	0
4.37964e+06	0
4.37974e+06	0
4.37984e+06	0
4.37994e+06	0
4.38004e+06	0
4.38014e+06	0
4.38024e+06	0
4.38034e+06	0
4.38044e+06	0
4.38054e+06	0
4.38064e+06	0
4.38074e+06	0
4.38084e+06	0
4.38094e+06	0
4.38104e+06	0
4.38114e+06	0
4.38124e+06	0
4.38134e+06	0
4.38144e+06	0
4.38154e+06	0
4.38164e+06	0
4.38174e+06	0
4.38184e+06	0
4.38194e+06	0
4.38204e+06	0
4.38214e+06	0
4.38224e+06	0
4.38234e+06	0
4.38244e+06	0
4.38254e+06	0
4.38264e+06	0
4.38274e+06	0
4.38284e+06	0
4.38294e+06	0
4.38304e+06	0
4.38314e+06	0
4.38324e+06	0
4.38334e+06	0
4.38344e+06	0
4.38354e+06	0
4.38364e+06	0
4.38374e+06	0
4.38384e+06	0
4.38394e+06	0
4.38404e+06	0
4.38414e+06	0
4.38424e+06	0
4.38434e+06	0
4.38444e+06	0
4.38454e+06	0
4.38464e+06	0
4.38474e+06	0
4.38484e+06	0
4.38494e+06	0
4.38504e+06	0
4.38514e+06	0
4.38524e+06	0
4.38534e+06	0
4.38544e+06	0
4.38554e+06	0
4.38564e+06	0
4.38574e+06	0
4.38584e+06	0
4.38594e+06	0
4.38604e+06	0
4.38614e+06	0
4.38624e+06	0
4.38634e+06	0
4.38644e+06	0
4.38654e+06	0
4.38664e+06	0
4.38674e+06	0
4.38684e+06	0
4.38694e+06	0
4.38704e+06	0
4.38714e+06	0
4.38724e+06	0
4.38734e+06	0
4.38744e+06	0
4.38754e+06	0
4.38764e+06	0
4.38774e+06	0
4.38784e+06	0
4.38794e+06	0
4.38804e+06	0
4.38814e+06	0
4.38824e+06	0
4.38834e+06	0
4.38844e+06	0
4.38854e+06	0
4.38864e+06	0
4.38874e+06	0
4.38884e+06	0
4.38894e+06	0
4.38904e+06	0
4.38914e+06	0
4.38924e+06	0
4.38934e+06	0
4.38944e+06	0
4.38954e+06	0
4.38964e+06	0
4.38974e+06	0
4.38984e+06	0
4.38994e+06	0
4.39004e+06	0
4.39014e+06	0
4.39024e+06	0
4.39034e+06	0
4.39044e+06	0
4.39054e+06	0
4.39064e+06	0
4.39074e+06	0
4.39084e+06	0
4.39094e+06	0
4.39104e+06	0
4.39114e+06	0
4.39124e+06	0
4.39134e+06	0
4.39144e+06	0
4.39154e+06	0
4.39164e+06	0
4.39174e+06	0
4.39184e+06	0
4.39194e+06	0
4.39204e+06	0
4.39214e+06	0
4.39224e+06	0
4.39234e+06	0
4.39244e+06	0
4.39254e+06	0
4.39264e+06	0
4.39274e+06	0
4.39284e+06	0
4.39294e+06	0
4.39304e+06	0
4.39314e+06	0
4.39324e+06	0
4.39334e+06	0
4.39344e+06	0
4.39354e+06	0
4.39364e+06	0
4.39374e+06	0
4.39384e+06	0
4.39394e+06	0
4.39404e+06	0
4.39414e+06	0
4.39424e+06	0
4.39434e+06	0
4.39444e+06	0
4.39454e+06	0
4.39464e+06	0
4.39474e+06	0
4.39484e+06	0
4.39494e+06	0
4.39504e+06	0
4.39514e+06	0
4.39524e+06	0
4.39534e+06	0
4.39544e+06	0
4.39554e+06	0
4.39564e+06	0
4.39574e+06	0
4.39584e+06	0
4.39594e+06	0
4.39604e+06	0
4.39614e+06	0
4.39624e+06	0
4.39634e+06	0
4.39644e+06	0
4.39654e+06	0
4.39664e+06	0
4.39674e+06	0
4.39684e+06	0
4.39694e+06	0
4.39704e+06	0
4.39714e+06	0
4.39724e+06	0
4.39734e+06	0
4.39744e+06	0
4.39754e+06	0
4.39764e+06	0
4.39774e+06	0
4.39784e+06	0
4.39794e+06	0
4.39804e+06	0
4.39814e+06	0
4.39824e+06	0
4.39834e+06	0
4.39844e+06	0
4.39854e+06	0
4.39864e+06	0
4.39874e+06	0
4.39884e+06	0
4.39894e+06	0
4.39904e+06	0
4.39914e+06	0
4.39924e+06	0
4.39934e+06	0
4.39944e+06	0
4.39954e+06	0
4.39964e+06	0
4.39974e+06	0
4.39984e+06	0
4.39994e+06	0
4.40004e+06	0
4.40014e+06	0
4.40024e+06	0
4.40034e+06	0
4.40044e+06	0
4.40054e+06	0
4.40064e+06	0
4.40074e+06	0
4.40084e+06	0
4.40094e+06	0
4.40104e+06	0
4.40114e+06	0
4.40124e+06	0
4.40134e+06	0
4.40144e+06	0
4.40154e+06	0
4.40164e+06	0
4.40174e+06	0
4.40184e+06	0
4.40194e+06	0
4.40204e+06	0
4.40214e+06	0
4.40224e+06	0
4.40234e+06	0
4.40244e+06	0
4.40254e+06	0
4.40264e+06	0
4.40274e+06	0
4.40284e+06	0
4.40294e+06	0
4.40304e+06	0
4.40314e+06	0
4.40324e+06	0
4.40334e+06	0
4.40344e+06	0
4.40354e+06	0
4.40364e+06	0
4.40374e+06	0
4.40384e+06	0
4.40394e+06	0
4.40404e+06	0
4.40414e+06	0
4.40424e+06	0
4.40434e+06	0
4.40444e+06	0
4.40454e+06	0
4.40464e+06	0
4.40474e+06	0
4.40484e+06	0
4.40494e+06	0
4.40504e+06	0
4.40514e+06	0
4.40524e+06	0
4.40534e+06	0
4.40544e+06	0
4.40554e+06	0
4.40564e+06	0
4.40574e+06	0
4.40584e+06	0
4.40594e+06	0
4.40604e+06	0
4.40614e+06	0
4.40624e+06	0
4.40634e+06	0
4.40644e+06	0
4.40654e+06	0
4.40664e+06	0
4.40674e+06	0
4.40684e+06	0
4.40694e+06	0
4.40704e+06	0
4.40714e+06	0
4.40724e+06	0
4.40734e+06	0
4.40744e+06	0
4.40754e+06	0
4.40764e+06	0
4.40774e+06	0
4.40784e+06	0
4.40794e+06	0
4.40804e+06	0
4.40814e+06	0
4.40824e+06	0
4.40834e+06	0
4.40844e+06	0
4.40854e+06	0
4.40864e+06	0
4.40874e+06	0
4.40884e+06	0
4.40894e+06	0
4.40904e+06	0
4.40914e+06	0
4.40924e+06	0
4.40934e+06	0
4.40944e+06	0
4.40954e+06	0
4.40964e+06	0
4.40974e+06	0
4.40984e+06	0
4.40994e+06	0
4.41004e+06	0
4.41014e+06	0
4.41024e+06	0
4.41034e+06	0
4.41044e+06	0
4.41054e+06	0
4.41064e+06	0
4.41074e+06	0
4.41084e+06	0
4.41094e+06	0
4.41104e+06	0
4.41114e+06	0
4.41124e+06	0
4.41134e+06	0
4.41144e+06	0
4.41154e+06	0
4.41164e+06	0
4.41174e+06	0
4.41184e+06	0
4.41194e+06	0
4.41204e+06	0
4.41214e+06	0
4.41224e+06	0
4.41234e+06	0
4.41244e+06	0
4.41254e+06	0
4.41264e+06	0
4.41274e+06	0
4.41284e+06	0
4.41294e+06	0
4.41304e+06	0
4.41314e+06	0
4.41324e+06	0
4.41334e+06	0
4.41344e+06	0
4.41354e+06	0
4.41364e+06	0
4.41374e+06	0
4.41384e+06	0
4.41394e+06	0
4.41404e+06	0
4.41414e+06	0
4.41424e+06	0
4.41434e+06	0
4.41444e+06	0
4.41454e+06	0
4.41464e+06	0
4.41474e+06	0
4.41484e+06	0
4.41494e+06	0
4.41504e+06	0
4.41514e+06	0
4.41524e+06	0
4.41534e+06	0
4.41544e+06	0
4.41554e+06	0
4.41564e+06	0
4.41574e+06	0
4.41584e+06	0
4.41594e+06	0
4.41604e+06	0
4.41614e+06	0
4.41624e+06	0
4.41634e+06	0
4.41644e+06	0
4.41654e+06	0
4.41664e+06	0
4.41674e+06	0
4.41684e+06	0
4.41694e+06	0
4.41704e+06	0
4.41714e+06	0
4.41724e+06	0
4.41734e+06	0
4.41744e+06	0
4.41754e+06	0
4.41764e+06	0
4.41774e+06	0
4.41784e+06	0
4.41794e+06	0
4.41804e+06	0
4.41814e+06	0
4.41824e+06	0
4.41834e+06	0
4.41844e+06	0
4.41854e+06	0
4.41864e+06	0
4.41874e+06	0
4.41884e+06	0
4.41894e+06	0
4.41904e+06	0
4.41914e+06	0
4.41924e+06	0
4.41934e+06	0
4.41944e+06	0
4.41954e+06	0
4.41964e+06	0
4.41974e+06	0
4.41984e+06	0
4.41994e+06	0
4.42004e+06	0
4.42014e+06	0
4.42024e+06	0
4.42034e+06	0
4.42044e+06	0
4.42054e+06	0
4.42064e+06	0
4.42074e+06	0
4.42084e+06	0
4.42094e+06	0
4.42104e+06	0
4.42114e+06	0
4.42124e+06	0
4.42134e+06	0
4.42144e+06	0
4.42154e+06	0
4.42164e+06	0
4.42174e+06	0
4.42184e+06	0
4.42194e+06	0
4.42204e+06	0
4.42214e+06	0
4.42224e+06	0
4.42234e+06	0
4.42244e+06	0
4.42254e+06	0
4.42264e+06	0
4.42274e+06	0
4.42284e+06	0
4.42294e+06	0
4.42304e+06	0
4.42314e+06	0
4.42324e+06	0
4.42334e+06	0
4.42344e+06	0
4.42354e+06	0
4.42364e+06	0
4.42374e+06	0
4.42384e+06	0
4.42394e+06	0
4.42404e+06	0
4.42414e+06	0
4.42424e+06	0
4.42434e+06	0
4.42444e+06	0
4.42454e+06	0
4.42464e+06	0
4.42474e+06	0
4.42484e+06	0
4.42494e+06	0
4.42504e+06	0
4.42514e+06	0
4.42524e+06	0
4.42534e+06	0
4.42544e+06	0
4.42554e+06	0
4.42564e+06	0
4.42574e+06	0
4.42584e+06	0
4.42594e+06	0
4.42604e+06	0
4.42614e+06	0
4.42624e+06	0
4.42634e+06	0
4.42644e+06	0
4.42654e+06	0
4.42664e+06	0
4.42674e+06	0
4.42684e+06	0
4.42694e+06	0
4.42704e+06	0
4.42714e+06	0
4.42724e+06	0
4.42734e+06	0
4.42744e+06	0
4.42754e+06	0
4.42764e+06	0
4.42774e+06	0
4.42784e+06	0
4.42794e+06	0
4.42804e+06	0
4.42814e+06	0
4.42824e+06	0
4.42834e+06	0
4.42844e+06	0
4.42854e+06	0
4.42864e+06	0
4.42874e+06	0
4.42884e+06	0
4.42894e+06	0
4.42904e+06	0
4.42914e+06	0
4.42924e+06	0
4.42934e+06	0
4.42944e+06	0
4.42954e+06	0
4.42964e+06	0
4.42974e+06	0
4.42984e+06	0
4.42994e+06	0
4.43004e+06	0
4.43014e+06	0
4.43024e+06	0
4.43034e+06	0
4.43044e+06	0
4.43054e+06	0
4.43064e+06	0
4.43074e+06	0
4.43084e+06	0
4.43094e+06	0
4.43104e+06	0
4.43114e+06	0
4.43124e+06	0
4.43134e+06	0
4.43144e+06	0
4.43154e+06	0
4.43164e+06	0
4.43174e+06	0
4.43184e+06	0
4.43194e+06	0
4.43204e+06	0
4.43214e+06	0
4.43224e+06	0
4.43234e+06	0
4.43244e+06	0
4.43254e+06	0
4.43264e+06	0
4.43274e+06	0
4.43284e+06	0
4.43294e+06	0
4.43304e+06	0
4.43314e+06	0
4.43324e+06	0
4.43334e+06	0
4.43344e+06	0
4.43354e+06	0
4.43364e+06	0
4.43374e+06	0
4.43384e+06	0
4.43394e+06	0
4.43404e+06	0
4.43414e+06	0
4.43424e+06	0
4.43434e+06	0
4.43444e+06	0
4.43454e+06	0
4.43464e+06	0
4.43474e+06	0
4.43484e+06	0
4.43494e+06	0
4.43504e+06	0
4.43514e+06	0
4.43524e+06	0
4.43534e+06	0
4.43544e+06	0
4.43554e+06	0
4.43564e+06	0
4.43574e+06	0
4.43584e+06	0
4.43594e+06	0
4.43604e+06	0
4.43614e+06	0
4.43624e+06	0
4.43634e+06	0
4.43644e+06	0
4.43654e+06	0
4.43664e+06	0
4.43674e+06	0
4.43684e+06	0
4.43694e+06	0
4.43704e+06	0
4.43714e+06	0
4.43724e+06	0
4.43734e+06	0
4.43744e+06	0
4.43754e+06	0
4.43764e+06	0
4.43774e+06	0
4.43784e+06	0
4.43794e+06	0
4.43804e+06	0
4.43814e+06	0
4.43824e+06	0
4.43834e+06	0
4.43844e+06	0
4.43854e+06	0
4.43864e+06	0
4.43874e+06	0
4.43884e+06	0
4.43894e+06	0
4.43904e+06	0
4.43914e+06	0
4.43924e+06	0
4.43934e+06	0
4.43944e+06	0
4.43954e+06	0
4.43964e+06	0
4.43974e+06	0
4.43984e+06	0
4.43994e+06	0
4.44004e+06	0
4.44014e+06	0
4.44024e+06	0
4.44034e+06	0
4.44044e+06	0
4.44054e+06	0
4.44064e+06	0
4.44074e+06	0
4.44084e+06	0
4.44094e+06	0
4.44104e+06	0
4.44114e+06	0
4.44124e+06	0
4.44134e+06	0
4.44144e+06	0
4.44154e+06	0
4.44164e+06	0
4.44174e+06	0
4.44184e+06	0
4.44194e+06	0
4.44204e+06	0
4.44214e+06	0
4.44224e+06	0
4.44234e+06	0
4.44244e+06	0
4.44254e+06	0
4.44264e+06	0
4.44274e+06	0
4.44284e+06	0
4.44294e+06	0
4.44304e+06	0
4.44314e+06	0
4.44324e+06	0
4.44334e+06	0
4.44344e+06	0
4.44354e+06	0
4.44364e+06	0
4.44374e+06	0
4.44384e+06	0
4.44394e+06	0
4.44404e+06	0
4.44414e+06	0
4.44424e+06	0
4.44434e+06	0
4.44444e+06	0
4.44454e+06	0
4.44464e+06	0
4.44474e+06	0
4.44484e+06	0
4.44494e+06	0
4.44504e+06	0
4.44514e+06	0
4.44524e+06	0
4.44534e+06	0
4.44544e+06	0
4.44554e+06	0
4.44564e+06	0
4.44574e+06	0
4.44584e+06	0
4.44594e+06	0
4.44604e+06	0
4.44614e+06	0
4.44624e+06	0
4.44634e+06	0
4.44644e+06	0
4.44654e+06	0
4.44664e+06	0
4.44674e+06	0
4.44684e+06	0
4.44694e+06	0
4.44704e+06	0
4.44714e+06	0
4.44724e+06	0
4.44734e+06	0
4.44744e+06	0
4.44754e+06	0
4.44764e+06	0
4.44774e+06	0
4.44784e+06	0
4.44794e+06	0
4.44804e+06	0
4.44814e+06	0
4.44824e+06	0
4.44834e+06	0
4.44844e+06	0
4.44854e+06	0
4.44864e+06	0
4.44874e+06	0
4.44884e+06	0
4.44894e+06	0
4.44904e+06	0
4.44914e+06	0
4.44924e+06	0
4.44934e+06	0
4.44944e+06	0
4.44954e+06	0
4.44964e+06	0
4.44974e+06	0
4.44984e+06	0
4.44994e+06	0
4.45004e+06	0
4.45014e+06	0
4.45024e+06	0
4.45034e+06	0
4.45044e+06	0
4.45054e+06	0
4.45064e+06	0
4.45074e+06	0
4.45084e+06	0
4.45094e+06	0
4.45104e+06	0
4.45114e+06	0
4.45124e+06	0
4.45134e+06	0
4.45144e+06	0
4.45154e+06	0
4.45164e+06	0
4.45174e+06	0
4.45184e+06	0
4.45194e+06	0
4.45204e+06	0
4.45214e+06	0
4.45224e+06	0
4.45234e+06	0
4.45244e+06	0
4.45254e+06	0
4.45264e+06	0
4.45274e+06	0
4.45284e+06	0
4.45294e+06	0
4.45304e+06	0
4.45314e+06	0
4.45324e+06	0
4.45334e+06	0
4.45344e+06	0
4.45354e+06	0
4.45364e+06	0
4.45374e+06	0
4.45384e+06	0
4.45394e+06	0
4.45404e+06	0
4.45414e+06	0
4.45424e+06	0
4.45434e+06	0
4.45444e+06	0
4.45454e+06	0
4.45464e+06	0
4.45474e+06	0
4.45484e+06	0
4.45494e+06	0
4.45504e+06	0
4.45514e+06	0
4.45524e+06	0
4.45534e+06	0
4.45544e+06	0
4.45554e+06	0
4.45564e+06	0
4.45574e+06	0
4.45584e+06	0
4.45594e+06	0
4.45604e+06	0
4.45614e+06	0
4.45624e+06	0
4.45634e+06	0
4.45644e+06	0
4.45654e+06	0
4.45664e+06	0
4.45674e+06	0
4.45684e+06	0
4.45694e+06	0
4.45704e+06	0
4.45714e+06	0
4.45724e+06	0
4.45734e+06	0
4.45744e+06	0
4.45754e+06	0
4.45764e+06	0
4.45774e+06	0
4.45784e+06	0
4.45794e+06	0
4.45804e+06	0
4.45814e+06	0
4.45824e+06	0
4.45834e+06	0
4.45844e+06	0
4.45854e+06	0
4.45864e+06	0
4.45874e+06	0
4.45884e+06	0
4.45894e+06	0
4.45904e+06	0
4.45914e+06	0
4.45924e+06	0
4.45934e+06	0
4.45944e+06	0
4.45954e+06	0
4.45964e+06	0
4.45974e+06	0
4.45984e+06	0
4.45994e+06	0
4.46004e+06	0
4.46014e+06	0
4.46024e+06	0
4.46034e+06	0
4.46044e+06	0
4.46054e+06	0
4.46064e+06	0
4.46074e+06	0
4.46084e+06	0
4.46094e+06	0
4.46104e+06	0
4.46114e+06	0
4.46124e+06	0
4.46134e+06	0
4.46144e+06	0
4.46154e+06	0
4.46164e+06	0
4.46174e+06	0
4.46184e+06	0
4.46194e+06	0
4.46204e+06	0
4.46214e+06	0
4.46224e+06	0
4.46234e+06	0
4.46244e+06	0
4.46254e+06	0
4.46264e+06	0
4.46274e+06	0
4.46284e+06	0
4.46294e+06	0
4.46304e+06	0
4.46314e+06	0
4.46324e+06	0
4.46334e+06	0
4.46344e+06	0
4.46354e+06	0
4.46364e+06	0
4.46374e+06	0
4.46384e+06	0
4.46394e+06	0
4.46404e+06	0
4.46414e+06	0
4.46424e+06	0
4.46434e+06	0
4.46444e+06	0
4.46454e+06	0
4.46464e+06	0
4.46474e+06	0
4.46484e+06	0
4.46494e+06	0
4.46504e+06	0
4.46514e+06	0
4.46524e+06	0
4.46534e+06	0
4.46544e+06	0
4.46554e+06	0
4.46564e+06	0
4.46574e+06	0
4.46584e+06	0
4.46594e+06	0
4.46604e+06	0
4.46614e+06	0
4.46624e+06	0
4.46634e+06	0
4.46644e+06	0
4.46654e+06	0
4.46664e+06	0
4.46674e+06	0
4.46684e+06	0
4.46694e+06	0
4.46704e+06	0
4.46714e+06	0
4.46724e+06	0
4.46734e+06	0
4.46744e+06	0
4.46754e+06	0
4.46764e+06	0
4.46774e+06	0
4.46784e+06	0
4.46794e+06	0
4.46804e+06	0
4.46814e+06	0
4.46824e+06	0
4.46834e+06	0
4.46844e+06	0
4.46854e+06	0
4.46864e+06	0
4.46874e+06	0
4.46884e+06	0
4.46894e+06	0
4.46904e+06	0
4.46914e+06	0
4.46924e+06	0
4.46934e+06	0
4.46944e+06	0
4.46954e+06	0
4.46964e+06	0
4.46974e+06	0
4.46984e+06	0
4.46994e+06	0
4.47004e+06	0
4.47014e+06	0
4.47024e+06	0
4.47034e+06	0
4.47044e+06	0
4.47054e+06	0
4.47064e+06	0
4.47074e+06	0
4.47084e+06	0
4.47094e+06	0
4.47104e+06	0
4.47114e+06	0
4.47124e+06	0
4.47134e+06	0
4.47144e+06	0
4.47154e+06	0
4.47164e+06	0
4.47174e+06	0
4.47184e+06	0
4.47194e+06	0
4.47204e+06	0
4.47214e+06	0
4.47224e+06	0
4.47234e+06	0
4.47244e+06	0
4.47254e+06	0
4.47264e+06	0
4.47274e+06	0
4.47284e+06	0
4.47294e+06	0
4.47304e+06	0
4.47314e+06	0
4.47324e+06	0
4.47334e+06	0
4.47344e+06	0
4.47354e+06	0
4.47364e+06	0
4.47374e+06	0
4.47384e+06	0
4.47394e+06	0
4.47404e+06	0
4.47414e+06	0
4.47424e+06	0
4.47434e+06	0
4.47444e+06	0
4.47454e+06	0
4.47464e+06	0
4.47474e+06	0
4.47484e+06	0
4.47494e+06	0
4.47504e+06	0
4.47514e+06	0
4.47524e+06	0
4.47534e+06	0
4.47544e+06	0
4.47554e+06	0
4.47564e+06	0
4.47574e+06	0
4.47584e+06	0
4.47594e+06	0
4.47604e+06	0
4.47614e+06	0
4.47624e+06	0
4.47634e+06	0
4.47644e+06	0
4.47654e+06	0
4.47664e+06	0
4.47674e+06	0
4.47684e+06	0
4.47694e+06	0
4.47704e+06	0
4.47714e+06	0
4.47724e+06	0
4.47734e+06	0
4.47744e+06	0
4.47754e+06	0
4.47764e+06	0
4.47774e+06	0
4.47784e+06	0
4.47794e+06	0
4.47804e+06	0
4.47814e+06	0
4.47824e+06	0
4.47834e+06	0
4.47844e+06	0
4.47854e+06	0
4.47864e+06	0
4.47874e+06	0
4.47884e+06	0
4.47894e+06	0
4.47904e+06	0
4.47914e+06	0
4.47924e+06	0
4.47934e+06	0
4.47944e+06	0
4.47954e+06	0
4.47964e+06	0
4.47974e+06	0
4.47984e+06	0
4.47994e+06	0
4.48004e+06	0
4.48014e+06	0
4.48024e+06	0
4.48034e+06	0
4.48044e+06	0
4.48054e+06	0
4.48064e+06	0
4.48074e+06	0
4.48084e+06	0
4.48094e+06	0
4.48104e+06	0
4.48114e+06	0
4.48124e+06	0
4.48134e+06	0
4.48144e+06	0
4.48154e+06	0
4.48164e+06	0
4.48174e+06	0
4.48184e+06	0
4.48194e+06	0
4.48204e+06	0
4.48214e+06	0
4.48224e+06	0
4.48234e+06	0
4.48244e+06	0
4.48254e+06	0
4.48264e+06	0
4.48274e+06	0
4.48284e+06	0
4.48294e+06	0
4.48304e+06	0
4.48314e+06	0
4.48324e+06	0
4.48334e+06	0
4.48344e+06	0
4.48354e+06	0
4.48364e+06	0
4.48374e+06	0
4.48384e+06	0
4.48394e+06	0
4.48404e+06	0
4.48414e+06	0
4.48424e+06	0
4.48434e+06	0
4.48444e+06	0
4.48454e+06	0
4.48464e+06	0
4.48474e+06	0
4.48484e+06	0
4.48494e+06	0
4.48504e+06	0
4.48514e+06	0
4.48524e+06	0
4.48534e+06	0
4.48544e+06	0
4.48554e+06	0
4.48564e+06	0
4.48574e+06	0
4.48584e+06	0
4.48594e+06	0
4.48604e+06	0
4.48614e+06	0
4.48624e+06	0
4.48634e+06	0
4.48644e+06	0
4.48654e+06	0
4.48664e+06	0
4.48674e+06	0
4.48684e+06	0
4.48694e+06	0
4.48704e+06	0
4.48714e+06	0
4.48724e+06	0
4.48734e+06	0
4.48744e+06	0
4.48754e+06	0
4.48764e+06	0
4.48774e+06	0
4.48784e+06	0
4.48794e+06	0
4.48804e+06	0
4.48814e+06	0
4.48824e+06	0
4.48834e+06	0
4.48844e+06	0
4.48854e+06	0
4.48864e+06	0
4.48874e+06	0
4.48884e+06	0
4.48894e+06	0
4.48904e+06	0
4.48914e+06	0
4.48924e+06	0
4.48934e+06	0
4.48944e+06	0
4.48954e+06	0
4.48964e+06	0
4.48974e+06	0
4.48984e+06	0
4.48994e+06	0
4.49004e+06	0
4.49014e+06	0
4.49024e+06	0
4.49034e+06	0
4.49044e+06	0
4.49054e+06	0
4.49064e+06	0
4.49074e+06	0
4.49084e+06	0
4.49094e+06	0
4.49104e+06	0
4.49114e+06	0
4.49124e+06	0
4.49134e+06	0
4.49144e+06	0
4.49154e+06	0
4.49164e+06	0
4.49174e+06	0
4.49184e+06	0
4.49194e+06	0
4.49204e+06	0
4.49214e+06	0
4.49224e+06	0
4.49234e+06	0
4.49244e+06	0
4.49254e+06	0
4.49264e+06	0
4.49274e+06	0
4.49284e+06	0
4.49294e+06	0
4.49304e+06	0
4.49314e+06	0
4.49324e+06	0
4.49334e+06	0
4.49344e+06	0
4.49354e+06	0
4.49364e+06	0
4.49374e+06	0
4.49384e+06	0
4.49394e+06	0
4.49404e+06	0
4.49414e+06	0
4.49424e+06	0
4.49434e+06	0
4.49444e+06	0
4.49454e+06	0
4.49464e+06	0
4.49474e+06	0
4.49484e+06	0
4.49494e+06	0
4.49504e+06	0
4.49514e+06	0
4.49524e+06	0
4.49534e+06	0
4.49544e+06	0
4.49554e+06	0
4.49564e+06	0
4.49574e+06	0
4.49584e+06	0
4.49594e+06	0
4.49604e+06	0
4.49614e+06	0
4.49624e+06	0
4.49634e+06	0
4.49644e+06	0
4.49654e+06	0
4.49664e+06	0
4.49674e+06	0
4.49684e+06	0
4.49694e+06	0
4.49704e+06	0
4.49714e+06	0
4.49724e+06	0
4.49734e+06	0
4.49744e+06	0
4.49754e+06	0
4.49764e+06	0
4.49774e+06	0
4.49784e+06	0
4.49794e+06	0
4.49804e+06	0
4.49814e+06	0
4.49824e+06	0
4.49834e+06	0
4.49844e+06	0
4.49854e+06	0
4.49864e+06	0
4.49874e+06	0
4.49884e+06	0
4.49894e+06	0
4.49904e+06	0
4.49914e+06	0
4.49924e+06	0
4.49934e+06	0
4.49944e+06	0
4.49954e+06	0
4.49964e+06	0
4.49974e+06	0
4.49984e+06	0
4.49994e+06	0
4.50004e+06	0
4.50014e+06	0
4.50024e+06	0
4.50034e+06	0
4.50044e+06	0
4.50054e+06	0
4.50064e+06	0
4.50074e+06	0
4.50084e+06	0
4.50094e+06	0
4.50104e+06	0
4.50114e+06	0
4.50124e+06	0
4.50134e+06	0
4.50144e+06	0
4.50154e+06	0
4.50164e+06	0
4.50174e+06	0
4.50184e+06	0
4.50194e+06	0
4.50204e+06	0
4.50214e+06	0
4.50224e+06	0
4.50234e+06	0
4.50244e+06	0
4.50254e+06	0
4.50264e+06	0
4.50274e+06	0
4.50284e+06	0
4.50294e+06	0
4.50304e+06	0
4.50314e+06	0
4.50324e+06	0
4.50334e+06	0
4.50344e+06	0
4.50354e+06	0
4.50364e+06	0
4.50374e+06	0
4.50384e+06	0
4.50394e+06	0
4.50404e+06	0
4.50414e+06	0
4.50424e+06	0
4.50434e+06	0
4.50444e+06	0
4.50454e+06	0
4.50464e+06	0
4.50474e+06	0
4.50484e+06	0
4.50494e+06	0
4.50504e+06	0
4.50514e+06	0
4.50524e+06	0
4.50534e+06	0
4.50544e+06	0
4.50554e+06	0
4.50564e+06	0
4.50574e+06	0
4.50584e+06	0
4.50594e+06	0
4.50604e+06	0
4.50614e+06	0
4.50624e+06	0
4.50634e+06	0
4.50644e+06	0
4.50654e+06	0
4.50664e+06	0
4.50674e+06	0
4.50684e+06	0
4.50694e+06	0
4.50704e+06	0
4.50714e+06	0
4.50724e+06	0
4.50734e+06	0
4.50744e+06	0
4.50754e+06	0
4.50764e+06	0
4.50774e+06	0
4.50784e+06	0
4.50794e+06	0
4.50804e+06	0
4.50814e+06	0
4.50824e+06	0
4.50834e+06	0
4.50844e+06	0
4.50854e+06	0
4.50864e+06	0
4.50874e+06	0
4.50884e+06	0
4.50894e+06	0
4.50904e+06	0
4.50914e+06	0
4.50924e+06	0
4.50934e+06	0
4.50944e+06	0
4.50954e+06	0
4.50964e+06	0
4.50974e+06	0
4.50984e+06	0
4.50994e+06	0
4.51004e+06	0
4.51014e+06	0
4.51024e+06	0
4.51034e+06	0
4.51044e+06	0
4.51054e+06	0
4.51064e+06	0
4.51074e+06	0
4.51084e+06	0
4.51094e+06	0
4.51104e+06	0
4.51114e+06	0
4.51124e+06	0
4.51134e+06	0
4.51144e+06	0
4.51154e+06	0
4.51164e+06	0
4.51174e+06	0
4.51184e+06	0
4.51194e+06	0
4.51204e+06	0
4.51214e+06	0
4.51224e+06	0
4.51234e+06	0
4.51244e+06	0
4.51254e+06	0
4.51264e+06	0
4.51274e+06	0
4.51284e+06	0
4.51294e+06	0
4.51304e+06	0
4.51314e+06	0
4.51324e+06	0
4.51334e+06	0
4.51344e+06	0
4.51354e+06	0
4.51364e+06	0
4.51374e+06	0
4.51384e+06	0
4.51394e+06	0
4.51404e+06	0
4.51414e+06	0
4.51424e+06	0
4.51434e+06	0
4.51444e+06	0
4.51454e+06	0
4.51464e+06	0
4.51474e+06	0
4.51484e+06	0
4.51494e+06	0
4.51504e+06	0
4.51514e+06	0
4.51524e+06	0
4.51534e+06	0
4.51544e+06	0
4.51554e+06	0
4.51564e+06	0
4.51574e+06	0
4.51584e+06	0
4.51594e+06	0
4.51604e+06	0
4.51614e+06	0
4.51624e+06	0
4.51634e+06	0
4.51644e+06	0
4.51654e+06	0
4.51664e+06	0
4.51674e+06	0
4.51684e+06	0
4.51694e+06	0
4.51704e+06	0
4.51714e+06	0
4.51724e+06	0
4.51734e+06	0
4.51744e+06	0
4.51754e+06	0
4.51764e+06	0
4.51774e+06	0
4.51784e+06	0
4.51794e+06	0
4.51804e+06	0
4.51814e+06	0
4.51824e+06	0
4.51834e+06	0
4.51844e+06	0
4.51854e+06	0
4.51864e+06	0
4.51874e+06	0
4.51884e+06	0
4.51894e+06	0
4.51904e+06	0
4.51914e+06	0
4.51924e+06	0
4.51934e+06	0
4.51944e+06	0
4.51954e+06	0
4.51964e+06	0
4.51974e+06	0
4.51984e+06	0
4.51994e+06	0
4.52004e+06	0
4.52014e+06	0
4.52024e+06	0
4.52034e+06	0
4.52044e+06	0
4.52054e+06	0
4.52064e+06	0
4.52074e+06	0
4.52084e+06	0
4.52094e+06	0
4.52104e+06	0
4.52114e+06	0
4.52124e+06	0
4.52134e+06	0
4.52144e+06	0
4.52154e+06	0
4.52164e+06	0
4.52174e+06	0
4.52184e+06	0
4.52194e+06	0
4.52204e+06	0
4.52214e+06	0
4.52224e+06	0
4.52234e+06	0
4.52244e+06	0
4.52254e+06	0
4.52264e+06	0
4.52274e+06	0
4.52284e+06	0
4.52294e+06	0
4.52304e+06	0
4.52314e+06	0
4.52324e+06	0
4.52334e+06	0
4.52344e+06	0
4.52354e+06	0
4.52364e+06	0
4.52374e+06	0
4.52384e+06	0
4.52394e+06	0
4.52404e+06	0
4.52414e+06	0
4.52424e+06	0
4.52434e+06	0
4.52444e+06	0
4.52454e+06	0
4.52464e+06	0
4.52474e+06	0
4.52484e+06	0
4.52494e+06	0
4.52504e+06	0
4.52514e+06	0
4.52524e+06	0
4.52534e+06	0
4.52544e+06	0
4.52554e+06	0
4.52564e+06	0
4.52574e+06	0
4.52584e+06	0
4.52594e+06	0
4.52604e+06	0
4.52614e+06	0
4.52624e+06	0
4.52634e+06	0
4.52644e+06	0
4.52654e+06	0
4.52664e+06	0
4.52674e+06	0
4.52684e+06	0
4.52694e+06	0
4.52704e+06	0
4.52714e+06	0
4.52724e+06	0
4.52734e+06	0
4.52744e+06	0
4.52754e+06	0
4.52764e+06	0
4.52774e+06	0
4.52784e+06	0
4.52794e+06	0
4.52804e+06	0
4.52814e+06	0
4.52824e+06	0
4.52834e+06	0
4.52844e+06	0
4.52854e+06	0
4.52864e+06	0
4.52874e+06	0
4.52884e+06	0
4.52894e+06	0
4.52904e+06	0
4.52914e+06	0
4.52924e+06	0
4.52934e+06	0
4.52944e+06	0
4.52954e+06	0
4.52964e+06	0
4.52974e+06	0
4.52984e+06	0
4.52994e+06	0
4.53004e+06	0
4.53014e+06	0
4.53024e+06	0
4.53034e+06	0
4.53044e+06	0
4.53054e+06	0
4.53064e+06	0
4.53074e+06	0
4.53084e+06	0
4.53094e+06	0
4.53104e+06	0
4.53114e+06	0
4.53124e+06	0
4.53134e+06	0
4.53144e+06	0
4.53154e+06	0
4.53164e+06	0
4.53174e+06	0
4.53184e+06	0
4.53194e+06	0
4.53204e+06	0
4.53214e+06	0
4.53224e+06	0
4.53234e+06	0
4.53244e+06	0
4.53254e+06	0
4.53264e+06	0
4.53274e+06	0
4.53284e+06	0
4.53294e+06	0
4.53304e+06	0
4.53314e+06	0
4.53324e+06	0
4.53334e+06	0
4.53344e+06	0
4.53354e+06	0
4.53364e+06	0
4.53374e+06	0
4.53384e+06	0
4.53394e+06	0
4.53404e+06	0
4.53414e+06	0
4.53424e+06	0
4.53434e+06	0
4.53444e+06	0
4.53454e+06	0
4.53464e+06	0
4.53474e+06	0
4.53484e+06	0
4.53494e+06	0
4.53504e+06	0
4.53514e+06	0
4.53524e+06	0
4.53534e+06	0
4.53544e+06	0
4.53554e+06	0
4.53564e+06	0
4.53574e+06	0
4.53584e+06	0
4.53594e+06	0
4.53604e+06	0
4.53614e+06	0
4.53624e+06	0
4.53634e+06	0
4.53644e+06	0
4.53654e+06	0
4.53664e+06	0
4.53674e+06	0
4.53684e+06	0
4.53694e+06	0
4.53704e+06	0
4.53714e+06	0
4.53724e+06	0
4.53734e+06	0
4.53744e+06	0
4.53754e+06	0
4.53764e+06	0
4.53774e+06	0
4.53784e+06	0
4.53794e+06	0
4.53804e+06	0
4.53814e+06	0
4.53824e+06	0
4.53834e+06	0
4.53844e+06	0
4.53854e+06	0
4.53864e+06	0
4.53874e+06	0
4.53884e+06	0
4.53894e+06	0
4.53904e+06	0
4.53914e+06	0
4.53924e+06	0
4.53934e+06	0
4.53944e+06	0
4.53954e+06	0
4.53964e+06	0
4.53974e+06	0
4.53984e+06	0
4.53994e+06	0
4.54004e+06	0
4.54014e+06	0
4.54024e+06	0
4.54034e+06	0
4.54044e+06	0
4.54054e+06	0
4.54064e+06	0
4.54074e+06	0
4.54084e+06	0
4.54094e+06	0
4.54104e+06	0
4.54114e+06	0
4.54124e+06	0
4.54134e+06	0
4.54144e+06	0
4.54154e+06	0
4.54164e+06	0
4.54174e+06	0
4.54184e+06	0
4.54194e+06	0
4.54204e+06	0
4.54214e+06	0
4.54224e+06	0
4.54234e+06	0
4.54244e+06	0
4.54254e+06	0
4.54264e+06	0
4.54274e+06	0
4.54284e+06	0
4.54294e+06	0
4.54304e+06	0
4.54314e+06	0
4.54324e+06	0
4.54334e+06	0
4.54344e+06	0
4.54354e+06	0
4.54364e+06	0
4.54374e+06	0
4.54384e+06	0
4.54394e+06	0
4.54404e+06	0
4.54414e+06	0
4.54424e+06	0
4.54434e+06	0
4.54444e+06	0
4.54454e+06	0
4.54464e+06	0
4.54474e+06	0
4.54484e+06	0
4.54494e+06	0
4.54504e+06	0
4.54514e+06	0
4.54524e+06	0
4.54534e+06	0
4.54544e+06	0
4.54554e+06	0
4.54564e+06	0
4.54574e+06	0
4.54584e+06	0
4.54594e+06	0
4.54604e+06	0
4.54614e+06	0
4.54624e+06	0
4.54634e+06	0
4.54644e+06	0
4.54654e+06	0
4.54664e+06	0
4.54674e+06	0
4.54684e+06	0
4.54694e+06	0
4.54704e+06	0
4.54714e+06	0
4.54724e+06	0
4.54734e+06	0
4.54744e+06	0
4.54754e+06	0
4.54764e+06	0
4.54774e+06	0
4.54784e+06	0
4.54794e+06	0
4.54804e+06	0
4.54814e+06	0
4.54824e+06	0
4.54834e+06	0
4.54844e+06	0
4.54854e+06	0
4.54864e+06	0
4.54874e+06	0
4.54884e+06	0
4.54894e+06	0
4.54904e+06	0
4.54914e+06	0
4.54924e+06	0
4.54934e+06	0
4.54944e+06	0
4.54954e+06	0
4.54964e+06	0
4.54974e+06	0
4.54984e+06	0
4.54994e+06	0
4.55004e+06	0
4.55014e+06	0
4.55024e+06	0
4.55034e+06	0
4.55044e+06	0
4.55054e+06	0
4.55064e+06	0
4.55074e+06	0
4.55084e+06	0
4.55094e+06	0
4.55104e+06	0
4.55114e+06	0
4.55124e+06	0
4.55134e+06	0
4.55144e+06	0
4.55154e+06	0
4.55164e+06	0
4.55174e+06	0
4.55184e+06	0
4.55194e+06	0
4.55204e+06	0
4.55214e+06	0
4.55224e+06	0
4.55234e+06	0
4.55244e+06	0
4.55254e+06	0
4.55264e+06	0
4.55274e+06	0
4.55284e+06	0
4.55294e+06	0
4.55304e+06	0
4.55314e+06	0
4.55324e+06	0
4.55334e+06	0
4.55344e+06	0
4.55354e+06	0
4.55364e+06	0
4.55374e+06	0
4.55384e+06	0
4.55394e+06	0
4.55404e+06	0
4.55414e+06	0
4.55424e+06	0
4.55434e+06	0
4.55444e+06	0
4.55454e+06	0
4.55464e+06	0
4.55474e+06	0
4.55484e+06	0
4.55494e+06	0
4.55504e+06	0
4.55514e+06	0
4.55524e+06	0
4.55534e+06	0
4.55544e+06	0
4.55554e+06	0
4.55564e+06	0
4.55574e+06	0
4.55584e+06	0
4.55594e+06	0
4.55604e+06	0
4.55614e+06	0
4.55624e+06	0
4.55634e+06	0
4.55644e+06	0
4.55654e+06	0
4.55664e+06	0
4.55674e+06	0
4.55684e+06	0
4.55694e+06	0
4.55704e+06	0
4.55714e+06	0
4.55724e+06	0
4.55734e+06	0
4.55744e+06	0
4.55754e+06	0
4.55764e+06	0
4.55774e+06	0
4.55784e+06	0
4.55794e+06	0
4.55804e+06	0
4.55814e+06	0
4.55824e+06	0
4.55834e+06	0
4.55844e+06	0
4.55854e+06	0
4.55864e+06	0
4.55874e+06	0
4.55884e+06	0
4.55894e+06	0
4.55904e+06	0
4.55914e+06	0
4.55924e+06	0
4.55934e+06	0
4.55944e+06	0
4.55954e+06	0
4.55964e+06	0
4.55974e+06	0
4.55984e+06	0
4.55994e+06	0
4.56004e+06	0
4.56014e+06	0
4.56024e+06	0
4.56034e+06	0
4.56044e+06	0
4.56054e+06	0
4.56064e+06	0
4.56074e+06	0
4.56084e+06	0
4.56094e+06	0
4.56104e+06	0
4.56114e+06	0
4.56124e+06	0
4.56134e+06	0
4.56144e+06	0
4.56154e+06	0
4.56164e+06	0
4.56174e+06	0
4.56184e+06	0
4.56194e+06	0
4.56204e+06	0
4.56214e+06	0
4.56224e+06	0
4.56234e+06	0
4.56244e+06	0
4.56254e+06	0
4.56264e+06	0
4.56274e+06	0
4.56284e+06	0
4.56294e+06	0
4.56304e+06	0
4.56314e+06	0
4.56324e+06	0
4.56334e+06	0
4.56344e+06	0
4.56354e+06	0
4.56364e+06	0
4.56374e+06	0
4.56384e+06	0
4.56394e+06	0
4.56404e+06	0
4.56414e+06	0
4.56424e+06	0
4.56434e+06	0
4.56444e+06	0
4.56454e+06	0
4.56464e+06	0
4.56474e+06	0
4.56484e+06	0
4.56494e+06	0
4.56504e+06	0
4.56514e+06	0
4.56524e+06	0
4.56534e+06	0
4.56544e+06	0
4.56554e+06	0
4.56564e+06	0
4.56574e+06	0
4.56584e+06	0
4.56594e+06	0
4.56604e+06	0
4.56614e+06	0
4.56624e+06	0
4.56634e+06	0
4.56644e+06	0
4.56654e+06	0
4.56664e+06	0
4.56674e+06	0
4.56684e+06	0
4.56694e+06	0
4.56704e+06	0
4.56714e+06	0
4.56724e+06	0
4.56734e+06	0
4.56744e+06	0
4.56754e+06	0
4.56764e+06	0
4.56774e+06	0
4.56784e+06	0
4.56794e+06	0
4.56804e+06	0
4.56814e+06	0
4.56824e+06	0
4.56834e+06	0
4.56844e+06	0
4.56854e+06	0
4.56864e+06	0
4.56874e+06	0
4.56884e+06	0
4.56894e+06	0
4.56904e+06	0
4.56914e+06	0
4.56924e+06	0
4.56934e+06	0
4.56944e+06	0
4.56954e+06	0
4.56964e+06	0
4.56974e+06	0
4.56984e+06	0
4.56994e+06	0
4.57004e+06	0
4.57014e+06	0
4.57024e+06	0
4.57034e+06	0
4.57044e+06	0
4.57054e+06	0
4.57064e+06	0
4.57074e+06	0
4.57084e+06	0
4.57094e+06	0
4.57104e+06	0
4.57114e+06	0
4.57124e+06	0
4.57134e+06	0
4.57144e+06	0
4.57154e+06	0
4.57164e+06	0
4.57174e+06	0
4.57184e+06	0
4.57194e+06	0
4.57204e+06	0
4.57214e+06	0
4.57224e+06	0
4.57234e+06	0
4.57244e+06	0
4.57254e+06	0
4.57264e+06	0
4.57274e+06	0
4.57284e+06	0
4.57294e+06	0
4.57304e+06	0
4.57314e+06	0
4.57324e+06	0
4.57334e+06	0
4.57344e+06	0
4.57354e+06	0
4.57364e+06	0
4.57374e+06	0
4.57384e+06	0
4.57394e+06	0
4.57404e+06	0
4.57414e+06	0
4.57424e+06	0
4.57434e+06	0
4.57444e+06	0
4.57454e+06	0
4.57464e+06	0
4.57474e+06	0
4.57484e+06	0
4.57494e+06	0
4.57504e+06	0
4.57514e+06	0
4.57524e+06	0
4.57534e+06	0
4.57544e+06	0
4.57554e+06	0
4.57564e+06	0
4.57574e+06	0
4.57584e+06	0
4.57594e+06	0
4.57604e+06	0
4.57614e+06	0
4.57624e+06	0
4.57634e+06	0
4.57644e+06	0
4.57654e+06	0
4.57664e+06	0
4.57674e+06	0
4.57684e+06	0
4.57694e+06	0
4.57704e+06	0
4.57714e+06	0
4.57724e+06	0
4.57734e+06	0
4.57744e+06	0
4.57754e+06	0
4.57764e+06	0
4.57774e+06	0
4.57784e+06	0
4.57794e+06	0
4.57804e+06	0
4.57814e+06	0
4.57824e+06	0
4.57834e+06	0
4.57844e+06	0
4.57854e+06	0
4.57864e+06	0
4.57874e+06	0
4.57884e+06	0
4.57894e+06	0
4.57904e+06	0
4.57914e+06	0
4.57924e+06	0
4.57934e+06	0
4.57944e+06	0
4.57954e+06	0
4.57964e+06	0
4.57974e+06	0
4.57984e+06	0
4.57994e+06	0
4.58004e+06	0
4.58014e+06	0
4.58024e+06	0
4.58034e+06	0
4.58044e+06	0
4.58054e+06	0
4.58064e+06	0
4.58074e+06	0
4.58084e+06	0
4.58094e+06	0
4.58104e+06	0
4.58114e+06	0
4.58124e+06	0
4.58134e+06	0
4.58144e+06	0
4.58154e+06	0
4.58164e+06	0
4.58174e+06	0
4.58184e+06	0
4.58194e+06	0
4.58204e+06	0
4.58214e+06	0
4.58224e+06	0
4.58234e+06	0
4.58244e+06	0
4.58254e+06	0
4.58264e+06	0
4.58274e+06	0
4.58284e+06	0
4.58294e+06	0
4.58304e+06	0
4.58314e+06	0
4.58324e+06	0
4.58334e+06	0
4.58344e+06	0
4.58354e+06	0
4.58364e+06	0
4.58374e+06	0
4.58384e+06	0
4.58394e+06	0
4.58404e+06	0
4.58414e+06	0
4.58424e+06	0
4.58434e+06	0
4.58444e+06	0
4.58454e+06	0
4.58464e+06	0
4.58474e+06	0
4.58484e+06	0
4.58494e+06	0
4.58504e+06	0
4.58514e+06	0
4.58524e+06	0
4.58534e+06	0
4.58544e+06	0
4.58554e+06	0
4.58564e+06	0
4.58574e+06	0
4.58584e+06	0
4.58594e+06	0
4.58604e+06	0
4.58614e+06	0
4.58624e+06	0
4.58634e+06	0
4.58644e+06	0
4.58654e+06	0
4.58664e+06	0
4.58674e+06	0
4.58684e+06	0
4.58694e+06	0
4.58704e+06	0
4.58714e+06	0
4.58724e+06	0
4.58734e+06	0
4.58744e+06	0
4.58754e+06	0
4.58764e+06	0
4.58774e+06	0
4.58784e+06	0
4.58794e+06	0
4.58804e+06	0
4.58814e+06	0
4.58824e+06	0
4.58834e+06	0
4.58844e+06	0
4.58854e+06	0
4.58864e+06	0
4.58874e+06	0
4.58884e+06	0
4.58894e+06	0
4.58904e+06	0
4.58914e+06	0
4.58924e+06	0
4.58934e+06	0
4.58944e+06	0
4.58954e+06	0
4.58964e+06	0
4.58974e+06	0
4.58984e+06	0
4.58994e+06	0
4.59004e+06	0
4.59014e+06	0
4.59024e+06	0
4.59034e+06	0
4.59044e+06	0
4.59054e+06	0
4.59064e+06	0
4.59074e+06	0
4.59084e+06	0
4.59094e+06	0
4.59104e+06	0
4.59114e+06	0
4.59124e+06	0
4.59134e+06	0
4.59144e+06	0
4.59154e+06	0
4.59164e+06	0
4.59174e+06	0
4.59184e+06	0
4.59194e+06	0
4.59204e+06	0
4.59214e+06	0
4.59224e+06	0
4.59234e+06	0
4.59244e+06	0
4.59254e+06	0
4.59264e+06	0
4.59274e+06	0
4.59284e+06	0
4.59294e+06	0
4.59304e+06	0
4.59314e+06	0
4.59324e+06	0
4.59334e+06	0
4.59344e+06	0
4.59354e+06	0
4.59364e+06	0
4.59374e+06	0
4.59384e+06	0
4.59394e+06	0
4.59404e+06	0
4.59414e+06	0
4.59424e+06	0
4.59434e+06	0
4.59444e+06	0
4.59454e+06	0
4.59464e+06	0
4.59474e+06	0
4.59484e+06	0
4.59494e+06	0
4.59504e+06	0
4.59514e+06	0
4.59524e+06	0
4.59534e+06	0
4.59544e+06	0
4.59554e+06	0
4.59564e+06	0
4.59574e+06	0
4.59584e+06	0
4.59594e+06	0
4.59604e+06	0
4.59614e+06	0
4.59624e+06	0
4.59634e+06	0
4.59644e+06	0
4.59654e+06	0
4.59664e+06	0
4.59674e+06	0
4.59684e+06	0
4.59694e+06	0
4.59704e+06	0
4.59714e+06	0
4.59724e+06	0
4.59734e+06	0
4.59744e+06	0
4.59754e+06	0
4.59764e+06	0
4.59774e+06	0
4.59784e+06	0
4.59794e+06	0
4.59804e+06	0
4.59814e+06	0
4.59824e+06	0
4.59834e+06	0
4.59844e+06	0
4.59854e+06	0
4.59864e+06	0
4.59874e+06	0
4.59884e+06	0
4.59894e+06	0
4.59904e+06	0
4.59914e+06	0
4.59924e+06	0
4.59934e+06	0
4.59944e+06	0
4.59954e+06	0
4.59964e+06	0
4.59974e+06	0
4.59984e+06	0
4.59994e+06	0
4.60004e+06	0
4.60014e+06	0
4.60024e+06	0
4.60034e+06	0
4.60044e+06	0
4.60054e+06	0
4.60064e+06	0
4.60074e+06	0
4.60084e+06	0
4.60094e+06	0
4.60104e+06	0
4.60114e+06	0
4.60124e+06	0
4.60134e+06	0
4.60144e+06	0
4.60154e+06	0
4.60164e+06	0
4.60174e+06	0
4.60184e+06	0
4.60194e+06	0
4.60204e+06	0
4.60214e+06	0
4.60224e+06	0
4.60234e+06	0
4.60244e+06	0
4.60254e+06	0
4.60264e+06	0
4.60274e+06	0
4.60284e+06	0
4.60294e+06	0
4.60304e+06	0
4.60314e+06	0
4.60324e+06	0
4.60334e+06	0
4.60344e+06	0
4.60354e+06	0
4.60364e+06	0
4.60374e+06	0
4.60384e+06	0
4.60394e+06	0
4.60404e+06	0
4.60414e+06	0
4.60424e+06	0
4.60434e+06	0
4.60444e+06	0
4.60454e+06	0
4.60464e+06	0
4.60474e+06	0
4.60484e+06	0
4.60494e+06	0
4.60504e+06	0
4.60514e+06	0
4.60524e+06	0
4.60534e+06	0
4.60544e+06	0
4.60554e+06	0
4.60564e+06	0
4.60574e+06	0
4.60584e+06	0
4.60594e+06	0
4.60604e+06	0
4.60614e+06	0
4.60624e+06	0
4.60634e+06	0
4.60644e+06	0
4.60654e+06	0
4.60664e+06	0
4.60674e+06	0
4.60684e+06	0
4.60694e+06	0
4.60704e+06	0
4.60714e+06	0
4.60724e+06	0
4.60734e+06	0
4.60744e+06	0
4.60754e+06	0
4.60764e+06	0
4.60774e+06	0
4.60784e+06	0
4.60794e+06	0
4.60804e+06	0
4.60814e+06	0
4.60824e+06	0
4.60834e+06	0
4.60844e+06	0
4.60854e+06	0
4.60864e+06	0
4.60874e+06	0
4.60884e+06	0
4.60894e+06	0
4.60904e+06	0
4.60914e+06	0
4.60924e+06	0
4.60934e+06	0
4.60944e+06	0
4.60954e+06	0
4.60964e+06	0
4.60974e+06	0
4.60984e+06	0
4.60994e+06	0
4.61004e+06	0
4.61014e+06	0
4.61024e+06	0
4.61034e+06	0
4.61044e+06	0
4.61054e+06	0
4.61064e+06	0
4.61074e+06	0
4.61084e+06	0
4.61094e+06	0
4.61104e+06	0
4.61114e+06	0
4.61124e+06	0
4.61134e+06	0
4.61144e+06	0
4.61154e+06	0
4.61164e+06	0
4.61174e+06	0
4.61184e+06	0
4.61194e+06	0
4.61204e+06	0
4.61214e+06	0
4.61224e+06	0
4.61234e+06	0
4.61244e+06	0
4.61254e+06	0
4.61264e+06	0
4.61274e+06	0
4.61284e+06	0
4.61294e+06	0
4.61304e+06	0
4.61314e+06	0
4.61324e+06	0
4.61334e+06	0
4.61344e+06	0
4.61354e+06	0
4.61364e+06	0
4.61374e+06	0
4.61384e+06	0
4.61394e+06	0
4.61404e+06	0
4.61414e+06	0
4.61424e+06	0
4.61434e+06	0
4.61444e+06	0
4.61454e+06	0
4.61464e+06	0
4.61474e+06	0
4.61484e+06	0
4.61494e+06	0
4.61504e+06	0
4.61514e+06	0
4.61524e+06	0
4.61534e+06	0
4.61544e+06	0
4.61554e+06	0
4.61564e+06	0
4.61574e+06	0
4.61584e+06	0
4.61594e+06	0
4.61604e+06	0
4.61614e+06	0
4.61624e+06	0
4.61634e+06	0
4.61644e+06	0
4.61654e+06	0
4.61664e+06	0
4.61674e+06	0
4.61684e+06	0
4.61694e+06	0
4.61704e+06	0
4.61714e+06	0
4.61724e+06	0
4.61734e+06	0
4.61744e+06	0
4.61754e+06	0
4.61764e+06	0
4.61774e+06	0
4.61784e+06	0
4.61794e+06	0
4.61804e+06	0
4.61814e+06	0
4.61824e+06	0
4.61834e+06	0
4.61844e+06	0
4.61854e+06	0
4.61864e+06	0
4.61874e+06	0
4.61884e+06	0
4.61894e+06	0
4.61904e+06	0
4.61914e+06	0
4.61924e+06	0
4.61934e+06	0
4.61944e+06	0
4.61954e+06	0
4.61964e+06	0
4.61974e+06	0
4.61984e+06	0
4.61994e+06	0
4.62004e+06	0
4.62014e+06	0
4.62024e+06	0
4.62034e+06	0
4.62044e+06	0
4.62054e+06	0
4.62064e+06	0
4.62074e+06	0
4.62084e+06	0
4.62094e+06	0
4.62104e+06	0
4.62114e+06	0
4.62124e+06	0
4.62134e+06	0
4.62144e+06	0
4.62154e+06	0
4.62164e+06	0
4.62174e+06	0
4.62184e+06	0
4.62194e+06	0
4.62204e+06	0
4.62214e+06	0
4.62224e+06	0
4.62234e+06	0
4.62244e+06	0
4.62254e+06	0
4.62264e+06	0
4.62274e+06	0
4.62284e+06	0
4.62294e+06	0
4.62304e+06	0
4.62314e+06	0
4.62324e+06	0
4.62334e+06	0
4.62344e+06	0
4.62354e+06	0
4.62364e+06	0
4.62374e+06	0
4.62384e+06	0
4.62394e+06	0
4.62404e+06	0
4.62414e+06	0
4.62424e+06	0
4.62434e+06	0
4.62444e+06	0
4.62454e+06	0
4.62464e+06	0
4.62474e+06	0
4.62484e+06	0
4.62494e+06	0
4.62504e+06	0
4.62514e+06	0
4.62524e+06	0
4.62534e+06	0
4.62544e+06	0
4.62554e+06	0
4.62564e+06	0
4.62574e+06	0
4.62584e+06	0
4.62594e+06	0
4.62604e+06	0
4.62614e+06	0
4.62624e+06	0
4.62634e+06	0
4.62644e+06	0
4.62654e+06	0
4.62664e+06	0
4.62674e+06	0
4.62684e+06	0
4.62694e+06	0
4.62704e+06	0
4.62714e+06	0
4.62724e+06	0
4.62734e+06	0
4.62744e+06	0
4.62754e+06	0
4.62764e+06	0
4.62774e+06	0
4.62784e+06	0
4.62794e+06	0
4.62804e+06	0
4.62814e+06	0
4.62824e+06	0
4.62834e+06	0
4.62844e+06	0
4.62854e+06	0
4.62864e+06	0
4.62874e+06	0
4.62884e+06	0
4.62894e+06	0
4.62904e+06	0
4.62914e+06	0
4.62924e+06	0
4.62934e+06	0
4.62944e+06	0
4.62954e+06	0
4.62964e+06	0
4.62974e+06	0
4.62984e+06	0
4.62994e+06	0
4.63004e+06	0
4.63014e+06	0
4.63024e+06	0
4.63034e+06	0
4.63044e+06	0
4.63054e+06	0
4.63064e+06	0
4.63074e+06	0
4.63084e+06	0
4.63094e+06	0
4.63104e+06	0
4.63114e+06	0
4.63124e+06	0
4.63134e+06	0
4.63144e+06	0
4.63154e+06	0
4.63164e+06	0
4.63174e+06	0
4.63184e+06	0
4.63194e+06	0
4.63204e+06	0
4.63214e+06	0
4.63224e+06	0
4.63234e+06	0
4.63244e+06	0
4.63254e+06	0
4.63264e+06	0
4.63274e+06	0
4.63284e+06	0
4.63294e+06	0
4.63304e+06	0
4.63314e+06	0
4.63324e+06	0
4.63334e+06	0
4.63344e+06	0
4.63354e+06	0
4.63364e+06	0
4.63374e+06	0
4.63384e+06	0
4.63394e+06	0
4.63404e+06	0
4.63414e+06	0
4.63424e+06	0
4.63434e+06	0
4.63444e+06	0
4.63454e+06	0
4.63464e+06	0
4.63474e+06	0
4.63484e+06	0
4.63494e+06	0
4.63504e+06	0
4.63514e+06	0
4.63524e+06	0
4.63534e+06	0
4.63544e+06	0
4.63554e+06	0
4.63564e+06	0
4.63574e+06	0
4.63584e+06	0
4.63594e+06	0
4.63604e+06	0
4.63614e+06	0
4.63624e+06	0
4.63634e+06	0
4.63644e+06	0
4.63654e+06	0
4.63664e+06	0
4.63674e+06	0
4.63684e+06	0
4.63694e+06	0
4.63704e+06	0
4.63714e+06	0
4.63724e+06	0
4.63734e+06	0
4.63744e+06	0
4.63754e+06	0
4.63764e+06	0
4.63774e+06	0
4.63784e+06	0
4.63794e+06	0
4.63804e+06	0
4.63814e+06	0
4.63824e+06	0
4.63834e+06	0
4.63844e+06	0
4.63854e+06	0
4.63864e+06	0
4.63874e+06	0
4.63884e+06	0
4.63894e+06	0
4.63904e+06	0
4.63914e+06	0
4.63924e+06	0
4.63934e+06	0
4.63944e+06	0
4.63954e+06	0
4.63964e+06	0
4.63974e+06	0
4.63984e+06	0
4.63994e+06	0
4.64004e+06	0
4.64014e+06	0
4.64024e+06	0
4.64034e+06	0
4.64044e+06	0
4.64054e+06	0
4.64064e+06	0
4.64074e+06	0
4.64084e+06	0
4.64094e+06	0
4.64104e+06	0
4.64114e+06	0
4.64124e+06	0
4.64134e+06	0
4.64144e+06	0
4.64154e+06	0
4.64164e+06	0
4.64174e+06	0
4.64184e+06	0
4.64194e+06	0
4.64204e+06	0
4.64214e+06	0
4.64224e+06	0
4.64234e+06	0
4.64244e+06	0
4.64254e+06	0
4.64264e+06	0
4.64274e+06	0
4.64284e+06	0
4.64294e+06	0
4.64304e+06	0
4.64314e+06	0
4.64324e+06	0
4.64334e+06	0
4.64344e+06	0
4.64354e+06	0
4.64364e+06	0
4.64374e+06	0
4.64384e+06	0
4.64394e+06	0
4.64404e+06	0
4.64414e+06	0
4.64424e+06	0
4.64434e+06	0
4.64444e+06	0
4.64454e+06	0
4.64464e+06	0
4.64474e+06	0
4.64484e+06	0
4.64494e+06	0
4.64504e+06	0
4.64514e+06	0
4.64524e+06	0
4.64534e+06	0
4.64544e+06	0
4.64554e+06	0
4.64564e+06	0
4.64574e+06	0
4.64584e+06	0
4.64594e+06	0
4.64604e+06	0
4.64614e+06	0
4.64624e+06	0
4.64634e+06	0
4.64644e+06	0
4.64654e+06	0
4.64664e+06	0
4.64674e+06	0
4.64684e+06	0
4.64694e+06	0
4.64704e+06	0
4.64714e+06	0
4.64724e+06	0
4.64734e+06	0
4.64744e+06	0
4.64754e+06	0
4.64764e+06	0
4.64774e+06	0
4.64784e+06	0
4.64794e+06	0
4.64804e+06	0
4.64814e+06	0
4.64824e+06	0
4.64834e+06	0
4.64844e+06	0
4.64854e+06	0
4.64864e+06	0
4.64874e+06	0
4.64884e+06	0
4.64894e+06	0
4.64904e+06	0
4.64914e+06	0
4.64924e+06	0
4.64934e+06	0
4.64944e+06	0
4.64954e+06	0
4.64964e+06	0
4.64974e+06	0
4.64984e+06	0
4.64994e+06	0
4.65004e+06	0
4.65014e+06	0
4.65024e+06	0
4.65034e+06	0
4.65044e+06	0
4.65054e+06	0
4.65064e+06	0
4.65074e+06	0
4.65084e+06	0
4.65094e+06	0
4.65104e+06	0
4.65114e+06	0
4.65124e+06	0
4.65134e+06	0
4.65144e+06	0
4.65154e+06	0
4.65164e+06	0
4.65174e+06	0
4.65184e+06	0
4.65194e+06	0
4.65204e+06	0
4.65214e+06	0
4.65224e+06	0
4.65234e+06	0
4.65244e+06	0
4.65254e+06	0
4.65264e+06	0
4.65274e+06	0
4.65284e+06	0
4.65294e+06	0
4.65304e+06	0
4.65314e+06	0
4.65324e+06	0
4.65334e+06	0
4.65344e+06	0
4.65354e+06	0
4.65364e+06	0
4.65374e+06	0
4.65384e+06	0
4.65394e+06	0
4.65404e+06	0
4.65414e+06	0
4.65424e+06	0
4.65434e+06	0
4.65444e+06	0
4.65454e+06	0
4.65464e+06	0
4.65474e+06	0
4.65484e+06	0
4.65494e+06	0
4.65504e+06	0
4.65514e+06	0
4.65524e+06	0
4.65534e+06	0
4.65544e+06	0
4.65554e+06	0
4.65564e+06	0
4.65574e+06	0
4.65584e+06	0
4.65594e+06	0
4.65604e+06	0
4.65614e+06	0
4.65624e+06	0
4.65634e+06	0
4.65644e+06	0
4.65654e+06	0
4.65664e+06	0
4.65674e+06	0
4.65684e+06	0
4.65694e+06	0
4.65704e+06	0
4.65714e+06	0
4.65724e+06	0
4.65734e+06	0
4.65744e+06	0
4.65754e+06	0
4.65764e+06	0
4.65774e+06	0
4.65784e+06	0
4.65794e+06	0
4.65804e+06	0
4.65814e+06	0
4.65824e+06	0
4.65834e+06	0
4.65844e+06	0
4.65854e+06	0
4.65864e+06	0
4.65874e+06	0
4.65884e+06	0
4.65894e+06	0
4.65904e+06	0
4.65914e+06	0
4.65924e+06	0
4.65934e+06	0
4.65944e+06	0
4.65954e+06	0
4.65964e+06	0
4.65974e+06	0
4.65984e+06	0
4.65994e+06	0
4.66004e+06	0
4.66014e+06	0
4.66024e+06	0
4.66034e+06	0
4.66044e+06	0
4.66054e+06	0
4.66064e+06	0
4.66074e+06	0
4.66084e+06	0
4.66094e+06	0
4.66104e+06	0
4.66114e+06	0
4.66124e+06	0
4.66134e+06	0
4.66144e+06	0
4.66154e+06	0
4.66164e+06	0
4.66174e+06	0
4.66184e+06	0
4.66194e+06	0
4.66204e+06	0
4.66214e+06	0
4.66224e+06	0
4.66234e+06	0
4.66244e+06	0
4.66254e+06	0
4.66264e+06	0
4.66274e+06	0
4.66284e+06	0
4.66294e+06	0
4.66304e+06	0
4.66314e+06	0
4.66324e+06	0
4.66334e+06	0
4.66344e+06	0
4.66354e+06	0
4.66364e+06	0
4.66374e+06	0
4.66384e+06	0
4.66394e+06	0
4.66404e+06	0
4.66414e+06	0
4.66424e+06	0
4.66434e+06	0
4.66444e+06	0
4.66454e+06	0
4.66464e+06	0
4.66474e+06	0
4.66484e+06	0
4.66494e+06	0
4.66504e+06	0
4.66514e+06	0
4.66524e+06	0
4.66534e+06	0
4.66544e+06	0
4.66554e+06	0
4.66564e+06	0
4.66574e+06	0
4.66584e+06	0
4.66594e+06	0
4.66604e+06	0
4.66614e+06	0
4.66624e+06	0
4.66634e+06	0
4.66644e+06	0
4.66654e+06	0
4.66664e+06	0
4.66674e+06	0
4.66684e+06	0
4.66694e+06	0
4.66704e+06	0
4.66714e+06	0
4.66724e+06	0
4.66734e+06	0
4.66744e+06	0
4.66754e+06	0
4.66764e+06	0
4.66774e+06	0
4.66784e+06	0
4.66794e+06	0
4.66804e+06	0
4.66814e+06	0
4.66824e+06	0
4.66834e+06	0
4.66844e+06	0
4.66854e+06	0
4.66864e+06	0
4.66874e+06	0
4.66884e+06	0
4.66894e+06	0
4.66904e+06	0
4.66914e+06	0
4.66924e+06	0
4.66934e+06	0
4.66944e+06	0
4.66954e+06	0
4.66964e+06	0
4.66974e+06	0
4.66984e+06	0
4.66994e+06	0
4.67004e+06	0
4.67014e+06	0
4.67024e+06	0
4.67034e+06	0
4.67044e+06	0
4.67054e+06	0
4.67064e+06	0
4.67074e+06	0
4.67084e+06	0
4.67094e+06	0
4.67104e+06	0
4.67114e+06	0
4.67124e+06	0
4.67134e+06	0
4.67144e+06	0
4.67154e+06	0
4.67164e+06	0
4.67174e+06	0
4.67184e+06	0
4.67194e+06	0
4.67204e+06	0
4.67214e+06	0
4.67224e+06	0
4.67234e+06	0
4.67244e+06	0
4.67254e+06	0
4.67264e+06	0
4.67274e+06	0
4.67284e+06	0
4.67294e+06	0
4.67304e+06	0
4.67314e+06	0
4.67324e+06	0
4.67334e+06	0
4.67344e+06	0
4.67354e+06	0
4.67364e+06	0
4.67374e+06	0
4.67384e+06	0
4.67394e+06	0
4.67404e+06	0
4.67414e+06	0
4.67424e+06	0
4.67434e+06	0
4.67444e+06	0
4.67454e+06	0
4.67464e+06	0
4.67474e+06	0
4.67484e+06	0
4.67494e+06	0
4.67504e+06	0
4.67514e+06	0
4.67524e+06	0
4.67534e+06	0
4.67544e+06	0
4.67554e+06	0
4.67564e+06	0
4.67574e+06	0
4.67584e+06	0
4.67594e+06	0
4.67604e+06	0
4.67614e+06	0
4.67624e+06	0
4.67634e+06	0
4.67644e+06	0
4.67654e+06	0
4.67664e+06	0
4.67674e+06	0
4.67684e+06	0
4.67694e+06	0
4.67704e+06	0
4.67714e+06	0
4.67724e+06	0
4.67734e+06	0
4.67744e+06	0
4.67754e+06	0
4.67764e+06	0
4.67774e+06	0
4.67784e+06	0
4.67794e+06	0
4.67804e+06	0
4.67814e+06	0
4.67824e+06	0
4.67834e+06	0
4.67844e+06	0
4.67854e+06	0
4.67864e+06	0
4.67874e+06	0
4.67884e+06	0
4.67894e+06	0
4.67904e+06	0
4.67914e+06	0
4.67924e+06	0
4.67934e+06	0
4.67944e+06	0
4.67954e+06	0
4.67964e+06	0
4.67974e+06	0
4.67984e+06	0
4.67994e+06	0
4.68004e+06	0
4.68014e+06	0
4.68024e+06	0
4.68034e+06	0
4.68044e+06	0
4.68054e+06	0
4.68064e+06	0
4.68074e+06	0
4.68084e+06	0
4.68094e+06	0
4.68104e+06	0
4.68114e+06	0
4.68124e+06	0
4.68134e+06	0
4.68144e+06	0
4.68154e+06	0
4.68164e+06	0
4.68174e+06	0
4.68184e+06	0
4.68194e+06	0
4.68204e+06	0
4.68214e+06	0
4.68224e+06	0
4.68234e+06	0
4.68244e+06	0
4.68254e+06	0
4.68264e+06	0
4.68274e+06	0
4.68284e+06	0
4.68294e+06	0
4.68304e+06	0
4.68314e+06	0
4.68324e+06	0
4.68334e+06	0
4.68344e+06	0
4.68354e+06	0
4.68364e+06	0
4.68374e+06	0
4.68384e+06	0
4.68394e+06	0
4.68404e+06	0
4.68414e+06	0
4.68424e+06	0
4.68434e+06	0
4.68444e+06	0
4.68454e+06	0
4.68464e+06	0
4.68474e+06	0
4.68484e+06	0
4.68494e+06	0
4.68504e+06	0
4.68514e+06	0
4.68524e+06	0
4.68534e+06	0
4.68544e+06	0
4.68554e+06	0
4.68564e+06	0
4.68574e+06	0
4.68584e+06	0
4.68594e+06	0
4.68604e+06	0
4.68614e+06	0
4.68624e+06	0
4.68634e+06	0
4.68644e+06	0
4.68654e+06	0
4.68664e+06	0
4.68674e+06	0
4.68684e+06	0
4.68694e+06	0
4.68704e+06	0
4.68714e+06	0
4.68724e+06	0
4.68734e+06	0
4.68744e+06	0
4.68754e+06	0
4.68764e+06	0
4.68774e+06	0
4.68784e+06	0
4.68794e+06	0
4.68804e+06	0
4.68814e+06	0
4.68824e+06	0
4.68834e+06	0
4.68844e+06	0
4.68854e+06	0
4.68864e+06	0
4.68874e+06	0
4.68884e+06	0
4.68894e+06	0
4.68904e+06	0
4.68914e+06	0
4.68924e+06	0
4.68934e+06	0
4.68944e+06	0
4.68954e+06	0
4.68964e+06	0
4.68974e+06	0
4.68984e+06	0
4.68994e+06	0
4.69004e+06	0
4.69014e+06	0
4.69024e+06	0
4.69034e+06	0
4.69044e+06	0
4.69054e+06	0
4.69064e+06	0
4.69074e+06	0
4.69084e+06	0
4.69094e+06	0
4.69104e+06	0
4.69114e+06	0
4.69124e+06	0
4.69134e+06	0
4.69144e+06	0
4.69154e+06	0
4.69164e+06	0
4.69174e+06	0
4.69184e+06	0
4.69194e+06	0
4.69204e+06	0
4.69214e+06	0
4.69224e+06	0
4.69234e+06	0
4.69244e+06	0
4.69254e+06	0
4.69264e+06	0
4.69274e+06	0
4.69284e+06	0
4.69294e+06	0
4.69304e+06	0
4.69314e+06	0
4.69324e+06	0
4.69334e+06	0
4.69344e+06	0
4.69354e+06	0
4.69364e+06	0
4.69374e+06	0
4.69384e+06	0
4.69394e+06	0
4.69404e+06	0
4.69414e+06	0
4.69424e+06	0
4.69434e+06	0
4.69444e+06	0
4.69454e+06	0
4.69464e+06	0
4.69474e+06	0
4.69484e+06	0
4.69494e+06	0
4.69504e+06	0
4.69514e+06	0
4.69524e+06	0
4.69534e+06	0
4.69544e+06	0
4.69554e+06	0
4.69564e+06	0
4.69574e+06	0
4.69584e+06	0
4.69594e+06	0
4.69604e+06	0
4.69614e+06	0
4.69624e+06	0
4.69634e+06	0
4.69644e+06	0
4.69654e+06	0
4.69664e+06	0
4.69674e+06	0
4.69684e+06	0
4.69694e+06	0
4.69704e+06	0
4.69714e+06	0
4.69724e+06	0
4.69734e+06	0
4.69744e+06	0
4.69754e+06	0
4.69764e+06	0
4.69774e+06	0
4.69784e+06	0
4.69794e+06	0
4.69804e+06	0
4.69814e+06	0
4.69824e+06	0
4.69834e+06	0
4.69844e+06	0
4.69854e+06	0
4.69864e+06	0
4.69874e+06	0
4.69884e+06	0
4.69894e+06	0
4.69904e+06	0
4.69914e+06	0
4.69924e+06	0
4.69934e+06	0
4.69944e+06	0
4.69954e+06	0
4.69964e+06	0
4.69974e+06	0
4.69984e+06	0
4.69994e+06	0
4.70004e+06	0
4.70014e+06	0
4.70024e+06	0
4.70034e+06	0
4.70044e+06	0
4.70054e+06	0
4.70064e+06	0
4.70074e+06	0
4.70084e+06	0
4.70094e+06	0
4.70104e+06	0
4.70114e+06	0
4.70124e+06	0
4.70134e+06	0
4.70144e+06	0
4.70154e+06	0
4.70164e+06	0
4.70174e+06	0
4.70184e+06	0
4.70194e+06	0
4.70204e+06	0
4.70214e+06	0
4.70224e+06	0
4.70234e+06	0
4.70244e+06	0
4.70254e+06	0
4.70264e+06	0
4.70274e+06	0
4.70284e+06	0
4.70294e+06	0
4.70304e+06	0
4.70314e+06	0
4.70324e+06	0
4.70334e+06	0
4.70344e+06	0
4.70354e+06	0
4.70364e+06	0
4.70374e+06	0
4.70384e+06	0
4.70394e+06	0
4.70404e+06	0
4.70414e+06	0
4.70424e+06	0
4.70434e+06	0
4.70444e+06	0
4.70454e+06	0
4.70464e+06	0
4.70474e+06	0
4.70484e+06	0
4.70494e+06	0
4.70504e+06	0
4.70514e+06	0
4.70524e+06	0
4.70534e+06	0
4.70544e+06	0
4.70554e+06	0
4.70564e+06	0
4.70574e+06	0
4.70584e+06	0
4.70594e+06	0
4.70604e+06	0
4.70614e+06	0
4.70624e+06	0
4.70634e+06	0
4.70644e+06	0
4.70654e+06	0
4.70664e+06	0
4.70674e+06	0
4.70684e+06	0
4.70694e+06	0
4.70704e+06	0
4.70714e+06	0
4.70724e+06	0
4.70734e+06	0
4.70744e+06	0
4.70754e+06	0
4.70764e+06	0
4.70774e+06	0
4.70784e+06	0
4.70794e+06	0
4.70804e+06	0
4.70814e+06	0
4.70824e+06	0
4.70834e+06	0
4.70844e+06	0
4.70854e+06	0
4.70864e+06	0
4.70874e+06	0
4.70884e+06	0
4.70894e+06	0
4.70904e+06	0
4.70914e+06	0
4.70924e+06	0
4.70934e+06	0
4.70944e+06	0
4.70954e+06	0
4.70964e+06	0
4.70974e+06	0
4.70984e+06	0
4.70994e+06	0
4.71004e+06	0
4.71014e+06	0
4.71024e+06	0
4.71034e+06	0
4.71044e+06	0
4.71054e+06	0
4.71064e+06	0
4.71074e+06	0
4.71084e+06	0
4.71094e+06	0
4.71104e+06	0
4.71114e+06	0
4.71124e+06	0
4.71134e+06	0
4.71144e+06	0
4.71154e+06	0
4.71164e+06	0
4.71174e+06	0
4.71184e+06	0
4.71194e+06	0
4.71204e+06	0
4.71214e+06	0
4.71224e+06	0
4.71234e+06	0
4.71244e+06	0
4.71254e+06	0
4.71264e+06	0
4.71274e+06	0
4.71284e+06	0
4.71294e+06	0
4.71304e+06	0
4.71314e+06	0
4.71324e+06	0
4.71334e+06	0
4.71344e+06	0
4.71354e+06	0
4.71364e+06	0
4.71374e+06	0
4.71384e+06	0
4.71394e+06	0
4.71404e+06	0
4.71414e+06	0
4.71424e+06	0
4.71434e+06	0
4.71444e+06	0
4.71454e+06	0
4.71464e+06	0
4.71474e+06	0
4.71484e+06	0
4.71494e+06	0
4.71504e+06	0
4.71514e+06	0
4.71524e+06	0
4.71534e+06	0
4.71544e+06	0
4.71554e+06	0
4.71564e+06	0
4.71574e+06	0
4.71584e+06	0
4.71594e+06	0
4.71604e+06	0
4.71614e+06	0
4.71624e+06	0
4.71634e+06	0
4.71644e+06	0
4.71654e+06	0
4.71664e+06	0
4.71674e+06	0
4.71684e+06	0
4.71694e+06	0
4.71704e+06	0
4.71714e+06	0
4.71724e+06	0
4.71734e+06	0
4.71744e+06	0
4.71754e+06	0
4.71764e+06	0
4.71774e+06	0
4.71784e+06	0
4.71794e+06	0
4.71804e+06	0
4.71814e+06	0
4.71824e+06	0
4.71834e+06	0
4.71844e+06	0
4.71854e+06	0
4.71864e+06	0
4.71874e+06	0
4.71884e+06	0
4.71894e+06	0
4.71904e+06	0
4.71914e+06	0
4.71924e+06	0
4.71934e+06	0
4.71944e+06	0
4.71954e+06	0
4.71964e+06	0
4.71974e+06	0
4.71984e+06	0
4.71994e+06	0
4.72004e+06	0
4.72014e+06	0
4.72024e+06	0
4.72034e+06	0
4.72044e+06	0
4.72054e+06	0
4.72064e+06	0
4.72074e+06	0
4.72084e+06	0
4.72094e+06	0
4.72104e+06	0
4.72114e+06	0
4.72124e+06	0
4.72134e+06	0
4.72144e+06	0
4.72154e+06	0
4.72164e+06	0
4.72174e+06	0
4.72184e+06	0
4.72194e+06	0
4.72204e+06	0
4.72214e+06	0
4.72224e+06	0
4.72234e+06	0
4.72244e+06	0
4.72254e+06	0
4.72264e+06	0
4.72274e+06	0
4.72284e+06	0
4.72294e+06	0
4.72304e+06	0
4.72314e+06	0
4.72324e+06	0
4.72334e+06	0
4.72344e+06	0
4.72354e+06	0
4.72364e+06	0
4.72374e+06	0
4.72384e+06	0
4.72394e+06	0
4.72404e+06	0
4.72414e+06	0
4.72424e+06	0
4.72434e+06	0
4.72444e+06	0
4.72454e+06	0
4.72464e+06	0
4.72474e+06	0
4.72484e+06	0
4.72494e+06	0
4.72504e+06	0
4.72514e+06	0
4.72524e+06	0
4.72534e+06	0
4.72544e+06	0
4.72554e+06	0
4.72564e+06	0
4.72574e+06	0
4.72584e+06	0
4.72594e+06	0
4.72604e+06	0
4.72614e+06	0
4.72624e+06	0
4.72634e+06	0
4.72644e+06	0
4.72654e+06	0
4.72664e+06	0
4.72674e+06	0
4.72684e+06	0
4.72694e+06	0
4.72704e+06	0
4.72714e+06	0
4.72724e+06	0
4.72734e+06	0
4.72744e+06	0
4.72754e+06	0
4.72764e+06	0
4.72774e+06	0
4.72784e+06	0
4.72794e+06	0
4.72804e+06	0
4.72814e+06	0
4.72824e+06	0
4.72834e+06	0
4.72844e+06	0
4.72854e+06	0
4.72864e+06	0
4.72874e+06	0
4.72884e+06	0
4.72894e+06	0
4.72904e+06	0
4.72914e+06	0
4.72924e+06	0
4.72934e+06	0
4.72944e+06	0
4.72954e+06	0
4.72964e+06	0
4.72974e+06	0
4.72984e+06	0
4.72994e+06	0
4.73004e+06	0
4.73014e+06	0
4.73024e+06	0
4.73034e+06	0
4.73044e+06	0
4.73054e+06	0
4.73064e+06	0
4.73074e+06	0
4.73084e+06	0
4.73094e+06	0
4.73104e+06	0
4.73114e+06	0
4.73124e+06	0
4.73134e+06	0
4.73144e+06	0
4.73154e+06	0
4.73164e+06	0
4.73174e+06	0
4.73184e+06	0
4.73194e+06	0
4.73204e+06	0
4.73214e+06	0
4.73224e+06	0
4.73234e+06	0
4.73244e+06	0
4.73254e+06	0
4.73264e+06	0
4.73274e+06	0
4.73284e+06	0
4.73294e+06	0
4.73304e+06	0
4.73314e+06	0
4.73324e+06	0
4.73334e+06	0
4.73344e+06	0
4.73354e+06	0
4.73364e+06	0
4.73374e+06	0
4.73384e+06	0
4.73394e+06	0
4.73404e+06	0
4.73414e+06	0
4.73424e+06	0
4.73434e+06	0
4.73444e+06	0
4.73454e+06	0
4.73464e+06	0
4.73474e+06	0
4.73484e+06	0
4.73494e+06	0
4.73504e+06	0
4.73514e+06	0
4.73524e+06	0
4.73534e+06	0
4.73544e+06	0
4.73554e+06	0
4.73564e+06	0
4.73574e+06	0
4.73584e+06	0
4.73594e+06	0
4.73604e+06	0
4.73614e+06	0
4.73624e+06	0
4.73634e+06	0
4.73644e+06	0
4.73654e+06	0
4.73664e+06	0
4.73674e+06	0
4.73684e+06	0
4.73694e+06	0
4.73704e+06	0
4.73714e+06	0
4.73724e+06	0
4.73734e+06	0
4.73744e+06	0
4.73754e+06	0
4.73764e+06	0
4.73774e+06	0
4.73784e+06	0
4.73794e+06	0
4.73804e+06	0
4.73814e+06	0
4.73824e+06	0
4.73834e+06	0
4.73844e+06	0
4.73854e+06	0
4.73864e+06	0
4.73874e+06	0
4.73884e+06	0
4.73894e+06	0
4.73904e+06	0
4.73914e+06	0
4.73924e+06	0
4.73934e+06	0
4.73944e+06	0
4.73954e+06	0
4.73964e+06	0
4.73974e+06	0
4.73984e+06	0
4.73994e+06	0
4.74004e+06	0
4.74014e+06	0
4.74024e+06	0
4.74034e+06	0
4.74044e+06	0
4.74054e+06	0
4.74064e+06	0
4.74074e+06	0
4.74084e+06	0
4.74094e+06	0
4.74104e+06	0
4.74114e+06	0
4.74124e+06	0
4.74134e+06	0
4.74144e+06	0
4.74154e+06	0
4.74164e+06	0
4.74174e+06	0
4.74184e+06	0
4.74194e+06	0
4.74204e+06	0
4.74214e+06	0
4.74224e+06	0
4.74234e+06	0
4.74244e+06	0
4.74254e+06	0
4.74264e+06	0
4.74274e+06	0
4.74284e+06	0
4.74294e+06	0
4.74304e+06	0
4.74314e+06	0
4.74324e+06	0
4.74334e+06	0
4.74344e+06	0
4.74354e+06	0
4.74364e+06	0
4.74374e+06	0
4.74384e+06	0
4.74394e+06	0
4.74404e+06	0
4.74414e+06	0
4.74424e+06	0
4.74434e+06	0
4.74444e+06	0
4.74454e+06	0
4.74464e+06	0
4.74474e+06	0
4.74484e+06	0
4.74494e+06	0
4.74504e+06	0
4.74514e+06	0
4.74524e+06	0
4.74534e+06	0
4.74544e+06	0
4.74554e+06	0
4.74564e+06	0
4.74574e+06	0
4.74584e+06	0
4.74594e+06	0
4.74604e+06	0
4.74614e+06	0
4.74624e+06	0
4.74634e+06	0
4.74644e+06	0
4.74654e+06	0
4.74664e+06	0
4.74674e+06	0
4.74684e+06	0
4.74694e+06	0
4.74704e+06	0
4.74714e+06	0
4.74724e+06	0
4.74734e+06	0
4.74744e+06	0
4.74754e+06	0
4.74764e+06	0
4.74774e+06	0
4.74784e+06	0
4.74794e+06	0
4.74804e+06	0
4.74814e+06	0
4.74824e+06	0
4.74834e+06	0
4.74844e+06	0
4.74854e+06	0
4.74864e+06	0
4.74874e+06	0
4.74884e+06	0
4.74894e+06	0
4.74904e+06	0
4.74914e+06	0
4.74924e+06	0
4.74934e+06	0
4.74944e+06	0
4.74954e+06	0
4.74964e+06	0
4.74974e+06	0
4.74984e+06	0
4.74994e+06	0
4.75004e+06	0
4.75014e+06	0
4.75024e+06	0
4.75034e+06	0
4.75044e+06	0
4.75054e+06	0
4.75064e+06	0
4.75074e+06	0
4.75084e+06	0
4.75094e+06	0
4.75104e+06	0
4.75114e+06	0
4.75124e+06	0
4.75134e+06	0
4.75144e+06	0
4.75154e+06	0
4.75164e+06	0
4.75174e+06	0
4.75184e+06	0
4.75194e+06	0
4.75204e+06	0
4.75214e+06	0
4.75224e+06	0
4.75234e+06	0
4.75244e+06	0
4.75254e+06	0
4.75264e+06	0
4.75274e+06	0
4.75284e+06	0
4.75294e+06	0
4.75304e+06	0
4.75314e+06	0
4.75324e+06	0
4.75334e+06	0
4.75344e+06	0
4.75354e+06	0
4.75364e+06	0
4.75374e+06	0
4.75384e+06	0
4.75394e+06	0
4.75404e+06	0
4.75414e+06	0
4.75424e+06	0
4.75434e+06	0
4.75444e+06	0
4.75454e+06	0
4.75464e+06	0
4.75474e+06	0
4.75484e+06	0
4.75494e+06	0
4.75504e+06	0
4.75514e+06	0
4.75524e+06	0
4.75534e+06	0
4.75544e+06	0
4.75554e+06	0
4.75564e+06	0
4.75574e+06	0
4.75584e+06	0
4.75594e+06	0
4.75604e+06	0
4.75614e+06	0
4.75624e+06	0
4.75634e+06	0
4.75644e+06	0
4.75654e+06	0
4.75664e+06	0
4.75674e+06	0
4.75684e+06	0
4.75694e+06	0
4.75704e+06	0
4.75714e+06	0
4.75724e+06	0
4.75734e+06	0
4.75744e+06	0
4.75754e+06	0
4.75764e+06	0
4.75774e+06	0
4.75784e+06	0
4.75794e+06	0
4.75804e+06	0
4.75814e+06	0
4.75824e+06	0
4.75834e+06	0
4.75844e+06	0
4.75854e+06	0
4.75864e+06	0
4.75874e+06	0
4.75884e+06	0
4.75894e+06	0
4.75904e+06	0
4.75914e+06	0
4.75924e+06	0
4.75934e+06	0
4.75944e+06	0
4.75954e+06	0
4.75964e+06	0
4.75974e+06	0
4.75984e+06	0
4.75994e+06	0
4.76004e+06	0
4.76014e+06	0
4.76024e+06	0
4.76034e+06	0
4.76044e+06	0
4.76054e+06	0
4.76064e+06	0
4.76074e+06	0
4.76084e+06	0
4.76094e+06	0
4.76104e+06	0
4.76114e+06	0
4.76124e+06	0
4.76134e+06	0
4.76144e+06	0
4.76154e+06	0
4.76164e+06	0
4.76174e+06	0
4.76184e+06	0
4.76194e+06	0
4.76204e+06	0
4.76214e+06	0
4.76224e+06	0
4.76234e+06	0
4.76244e+06	0
4.76254e+06	0
4.76264e+06	0
4.76274e+06	0
4.76284e+06	0
4.76294e+06	0
4.76304e+06	0
4.76314e+06	0
4.76324e+06	0
4.76334e+06	0
4.76344e+06	0
4.76354e+06	0
4.76364e+06	0
4.76374e+06	0
4.76384e+06	0
4.76394e+06	0
4.76404e+06	0
4.76414e+06	0
4.76424e+06	0
4.76434e+06	0
4.76444e+06	0
4.76454e+06	0
4.76464e+06	0
4.76474e+06	0
4.76484e+06	0
4.76494e+06	0
4.76504e+06	0
4.76514e+06	0
4.76524e+06	0
4.76534e+06	0
4.76544e+06	0
4.76554e+06	0
4.76564e+06	0
4.76574e+06	0
4.76584e+06	0
4.76594e+06	0
4.76604e+06	0
4.76614e+06	0
4.76624e+06	0
4.76634e+06	0
4.76644e+06	0
4.76654e+06	0
4.76664e+06	0
4.76674e+06	0
4.76684e+06	0
4.76694e+06	0
4.76704e+06	0
4.76714e+06	0
4.76724e+06	0
4.76734e+06	0
4.76744e+06	0
4.76754e+06	0
4.76764e+06	0
4.76774e+06	0
4.76784e+06	0
4.76794e+06	0
4.76804e+06	0
4.76814e+06	0
4.76824e+06	0
4.76834e+06	0
4.76844e+06	0
4.76854e+06	0
4.76864e+06	0
4.76874e+06	0
4.76884e+06	0
4.76894e+06	0
4.76904e+06	0
4.76914e+06	0
4.76924e+06	0
4.76934e+06	0
4.76944e+06	0
4.76954e+06	0
4.76964e+06	0
4.76974e+06	0
4.76984e+06	0
4.76994e+06	0
4.77004e+06	0
4.77014e+06	0
4.77024e+06	0
4.77034e+06	0
4.77044e+06	0
4.77054e+06	0
4.77064e+06	0
4.77074e+06	0
4.77084e+06	0
4.77094e+06	0
4.77104e+06	0
4.77114e+06	0
4.77124e+06	0
4.77134e+06	0
4.77144e+06	0
4.77154e+06	0
4.77164e+06	0
4.77174e+06	0
4.77184e+06	0
4.77194e+06	0
4.77204e+06	0
4.77214e+06	0
4.77224e+06	0
4.77234e+06	0
4.77244e+06	0
4.77254e+06	0
4.77264e+06	0
4.77274e+06	0
4.77284e+06	0
4.77294e+06	0
4.77304e+06	0
4.77314e+06	0
4.77324e+06	0
4.77334e+06	0
4.77344e+06	0
4.77354e+06	0
4.77364e+06	0
4.77374e+06	0
4.77384e+06	0
4.77394e+06	0
4.77404e+06	0
4.77414e+06	0
4.77424e+06	0
4.77434e+06	0
4.77444e+06	0
4.77454e+06	0
4.77464e+06	0
4.77474e+06	0
4.77484e+06	0
4.77494e+06	0
4.77504e+06	0
4.77514e+06	0
4.77524e+06	0
4.77534e+06	0
4.77544e+06	0
4.77554e+06	0
4.77564e+06	0
4.77574e+06	0
4.77584e+06	0
4.77594e+06	0
4.77604e+06	0
4.77614e+06	0
4.77624e+06	0
4.77634e+06	0
4.77644e+06	0
4.77654e+06	0
4.77664e+06	0
4.77674e+06	0
4.77684e+06	0
4.77694e+06	0
4.77704e+06	0
4.77714e+06	0
4.77724e+06	0
4.77734e+06	0
4.77744e+06	0
4.77754e+06	0
4.77764e+06	0
4.77774e+06	0
4.77784e+06	0
4.77794e+06	0
4.77804e+06	0
4.77814e+06	0
4.77824e+06	0
4.77834e+06	0
4.77844e+06	0
4.77854e+06	0
4.77864e+06	0
4.77874e+06	0
4.77884e+06	0
4.77894e+06	0
4.77904e+06	0
4.77914e+06	0
4.77924e+06	0
4.77934e+06	0
4.77944e+06	0
4.77954e+06	0
4.77964e+06	0
4.77974e+06	0
4.77984e+06	0
4.77994e+06	0
4.78004e+06	0
4.78014e+06	0
4.78024e+06	0
4.78034e+06	0
4.78044e+06	0
4.78054e+06	0
4.78064e+06	0
4.78074e+06	0
4.78084e+06	0
4.78094e+06	0
4.78104e+06	0
4.78114e+06	0
4.78124e+06	0
4.78134e+06	0
4.78144e+06	0
4.78154e+06	0
4.78164e+06	0
4.78174e+06	0
4.78184e+06	0
4.78194e+06	0
4.78204e+06	0
4.78214e+06	0
4.78224e+06	0
4.78234e+06	0
4.78244e+06	0
4.78254e+06	0
4.78264e+06	0
4.78274e+06	0
4.78284e+06	0
4.78294e+06	0
4.78304e+06	0
4.78314e+06	0
4.78324e+06	0
4.78334e+06	0
4.78344e+06	0
4.78354e+06	0
4.78364e+06	0
4.78374e+06	0
4.78384e+06	0
4.78394e+06	0
4.78404e+06	0
4.78414e+06	0
4.78424e+06	0
4.78434e+06	0
4.78444e+06	0
4.78454e+06	0
4.78464e+06	0
4.78474e+06	0
4.78484e+06	0
4.78494e+06	0
4.78504e+06	0
4.78514e+06	0
4.78524e+06	0
4.78534e+06	0
4.78544e+06	0
4.78554e+06	0
4.78564e+06	0
4.78574e+06	0
4.78584e+06	0
4.78594e+06	0
4.78604e+06	0
4.78614e+06	0
4.78624e+06	0
4.78634e+06	0
4.78644e+06	0
4.78654e+06	0
4.78664e+06	0
4.78674e+06	0
4.78684e+06	0
4.78694e+06	0
4.78704e+06	0
4.78714e+06	0
4.78724e+06	0
4.78734e+06	0
4.78744e+06	0
4.78754e+06	0
4.78764e+06	0
4.78774e+06	0
4.78784e+06	0
4.78794e+06	0
4.78804e+06	0
4.78814e+06	0
4.78824e+06	0
4.78834e+06	0
4.78844e+06	0
4.78854e+06	0
4.78864e+06	0
4.78874e+06	0
4.78884e+06	0
4.78894e+06	0
4.78904e+06	0
4.78914e+06	0
4.78924e+06	0
4.78934e+06	0
4.78944e+06	0
4.78954e+06	0
4.78964e+06	0
4.78974e+06	0
4.78984e+06	0
4.78994e+06	0
4.79004e+06	0
4.79014e+06	0
4.79024e+06	0
4.79034e+06	0
4.79044e+06	0
4.79054e+06	0
4.79064e+06	0
4.79074e+06	0
4.79084e+06	0
4.79094e+06	0
4.79104e+06	0
4.79114e+06	0
4.79124e+06	0
4.79134e+06	0
4.79144e+06	0
4.79154e+06	0
4.79164e+06	0
4.79174e+06	0
4.79184e+06	0
4.79194e+06	0
4.79204e+06	0
4.79214e+06	0
4.79224e+06	0
4.79234e+06	0
4.79244e+06	0
4.79254e+06	0
4.79264e+06	0
4.79274e+06	0
4.79284e+06	0
4.79294e+06	0
4.79304e+06	0
4.79314e+06	0
4.79324e+06	0
4.79334e+06	0
4.79344e+06	0
4.79354e+06	0
4.79364e+06	0
4.79374e+06	0
4.79384e+06	0
4.79394e+06	0
4.79404e+06	0
4.79414e+06	0
4.79424e+06	0
4.79434e+06	0
4.79444e+06	0
4.79454e+06	0
4.79464e+06	0
4.79474e+06	0
4.79484e+06	0
4.79494e+06	0
4.79504e+06	0
4.79514e+06	0
4.79524e+06	0
4.79534e+06	0
4.79544e+06	0
4.79554e+06	0
4.79564e+06	0
4.79574e+06	0
4.79584e+06	0
4.79594e+06	0
4.79604e+06	0
4.79614e+06	0
4.79624e+06	0
4.79634e+06	0
4.79644e+06	0
4.79654e+06	0
4.79664e+06	0
4.79674e+06	0
4.79684e+06	0
4.79694e+06	0
4.79704e+06	0
4.79714e+06	0
4.79724e+06	0
4.79734e+06	0
4.79744e+06	0
4.79754e+06	0
4.79764e+06	0
4.79774e+06	0
4.79784e+06	0
4.79794e+06	0
4.79804e+06	0
4.79814e+06	0
4.79824e+06	0
4.79834e+06	0
4.79844e+06	0
4.79854e+06	0
4.79864e+06	0
4.79874e+06	0
4.79884e+06	0
4.79894e+06	0
4.79904e+06	0
4.79914e+06	0
4.79924e+06	0
4.79934e+06	0
4.79944e+06	0
4.79954e+06	0
4.79964e+06	0
4.79974e+06	0
4.79984e+06	0
4.79994e+06	0
4.80004e+06	0
4.80014e+06	0
4.80024e+06	0
4.80034e+06	0
4.80044e+06	0
4.80054e+06	0
4.80064e+06	0
4.80074e+06	0
4.80084e+06	0
4.80094e+06	0
4.80104e+06	0
4.80114e+06	0
4.80124e+06	0
4.80134e+06	0
4.80144e+06	0
4.80154e+06	0
4.80164e+06	0
4.80174e+06	0
4.80184e+06	0
4.80194e+06	0
4.80204e+06	0
4.80214e+06	0
4.80224e+06	0
4.80234e+06	0
4.80244e+06	0
4.80254e+06	0
4.80264e+06	0
4.80274e+06	0
4.80284e+06	0
4.80294e+06	0
4.80304e+06	0
4.80314e+06	0
4.80324e+06	0
4.80334e+06	0
4.80344e+06	0
4.80354e+06	0
4.80364e+06	0
4.80374e+06	0
4.80384e+06	0
4.80394e+06	0
4.80404e+06	0
4.80414e+06	0
4.80424e+06	0
4.80434e+06	0
4.80444e+06	0
4.80454e+06	0
4.80464e+06	0
4.80474e+06	0
4.80484e+06	0
4.80494e+06	0
4.80504e+06	0
4.80514e+06	0
4.80524e+06	0
4.80534e+06	0
4.80544e+06	0
4.80554e+06	0
4.80564e+06	0
4.80574e+06	0
4.80584e+06	0
4.80594e+06	0
4.80604e+06	0
4.80614e+06	0
4.80624e+06	0
4.80634e+06	0
4.80644e+06	0
4.80654e+06	0
4.80664e+06	0
4.80674e+06	0
4.80684e+06	0
4.80694e+06	0
4.80704e+06	0
4.80714e+06	0
4.80724e+06	0
4.80734e+06	0
4.80744e+06	0
4.80754e+06	0
4.80764e+06	0
4.80774e+06	0
4.80784e+06	0
4.80794e+06	0
4.80804e+06	0
4.80814e+06	0
4.80824e+06	0
4.80834e+06	0
4.80844e+06	0
4.80854e+06	0
4.80864e+06	0
4.80874e+06	0
4.80884e+06	0
4.80894e+06	0
4.80904e+06	0
4.80914e+06	0
4.80924e+06	0
4.80934e+06	0
4.80944e+06	0
4.80954e+06	0
4.80964e+06	0
4.80974e+06	0
4.80984e+06	0
4.80994e+06	0
4.81004e+06	0
4.81014e+06	0
4.81024e+06	0
4.81034e+06	0
4.81044e+06	0
4.81054e+06	0
4.81064e+06	0
4.81074e+06	0
4.81084e+06	0
4.81094e+06	0
4.81104e+06	0
4.81114e+06	0
4.81124e+06	0
4.81134e+06	0
4.81144e+06	0
4.81154e+06	0
4.81164e+06	0
4.81174e+06	0
4.81184e+06	0
4.81194e+06	0
4.81204e+06	0
4.81214e+06	0
4.81224e+06	0
4.81234e+06	0
4.81244e+06	0
4.81254e+06	0
4.81264e+06	0
4.81274e+06	0
4.81284e+06	0
4.81294e+06	0
4.81304e+06	0
4.81314e+06	0
4.81324e+06	0
4.81334e+06	0
4.81344e+06	0
4.81354e+06	0
4.81364e+06	0
4.81374e+06	0
4.81384e+06	0
4.81394e+06	0
4.81404e+06	0
4.81414e+06	0
4.81424e+06	0
4.81434e+06	0
4.81444e+06	0
4.81454e+06	0
4.81464e+06	0
4.81474e+06	0
4.81484e+06	0
4.81494e+06	0
4.81504e+06	0
4.81514e+06	0
4.81524e+06	0
4.81534e+06	0
4.81544e+06	0
4.81554e+06	0
4.81564e+06	0
4.81574e+06	0
4.81584e+06	0
4.81594e+06	0
4.81604e+06	0
4.81614e+06	0
4.81624e+06	0
4.81634e+06	0
4.81644e+06	0
4.81654e+06	0
4.81664e+06	0
4.81674e+06	0
4.81684e+06	0
4.81694e+06	0
4.81704e+06	0
4.81714e+06	0
4.81724e+06	0
4.81734e+06	0
4.81744e+06	0
4.81754e+06	0
4.81764e+06	0
4.81774e+06	0
4.81784e+06	0
4.81794e+06	0
4.81804e+06	0
4.81814e+06	0
4.81824e+06	0
4.81834e+06	0
4.81844e+06	0
4.81854e+06	0
4.81864e+06	0
4.81874e+06	0
4.81884e+06	0
4.81894e+06	0
4.81904e+06	0
4.81914e+06	0
4.81924e+06	0
4.81934e+06	0
4.81944e+06	0
4.81954e+06	0
4.81964e+06	0
4.81974e+06	0
4.81984e+06	0
4.81994e+06	0
4.82004e+06	0
4.82014e+06	0
4.82024e+06	0
4.82034e+06	0
4.82044e+06	0
4.82054e+06	0
4.82064e+06	0
4.82074e+06	0
4.82084e+06	0
4.82094e+06	0
4.82104e+06	0
4.82114e+06	0
4.82124e+06	0
4.82134e+06	0
4.82144e+06	0
4.82154e+06	0
4.82164e+06	0
4.82174e+06	0
4.82184e+06	0
4.82194e+06	0
4.82204e+06	0
4.82214e+06	0
4.82224e+06	0
4.82234e+06	0
4.82244e+06	0
4.82254e+06	0
4.82264e+06	0
4.82274e+06	0
4.82284e+06	0
4.82294e+06	0
4.82304e+06	0
4.82314e+06	0
4.82324e+06	0
4.82334e+06	0
4.82344e+06	0
4.82354e+06	0
4.82364e+06	0
4.82374e+06	0
4.82384e+06	0
4.82394e+06	0
4.82404e+06	0
4.82414e+06	0
4.82424e+06	0
4.82434e+06	0
4.82444e+06	0
4.82454e+06	0
4.82464e+06	0
4.82474e+06	0
4.82484e+06	0
4.82494e+06	0
4.82504e+06	0
4.82514e+06	0
4.82524e+06	0
4.82534e+06	0
4.82544e+06	0
4.82554e+06	0
4.82564e+06	0
4.82574e+06	0
4.82584e+06	0
4.82594e+06	0
4.82604e+06	0
4.82614e+06	0
4.82624e+06	0
4.82634e+06	0
4.82644e+06	0
4.82654e+06	0
4.82664e+06	0
4.82674e+06	0
4.82684e+06	0
4.82694e+06	0
4.82704e+06	0
4.82714e+06	0
4.82724e+06	0
4.82734e+06	0
4.82744e+06	0
4.82754e+06	0
4.82764e+06	0
4.82774e+06	0
4.82784e+06	0
4.82794e+06	0
4.82804e+06	0
4.82814e+06	0
4.82824e+06	0
4.82834e+06	0
4.82844e+06	0
4.82854e+06	0
4.82864e+06	0
4.82874e+06	0
4.82884e+06	0
4.82894e+06	0
4.82904e+06	0
4.82914e+06	0
4.82924e+06	0
4.82934e+06	0
4.82944e+06	0
4.82954e+06	0
4.82964e+06	0
4.82974e+06	0
4.82984e+06	0
4.82994e+06	0
4.83004e+06	0
4.83014e+06	0
4.83024e+06	0
4.83034e+06	0
4.83044e+06	0
4.83054e+06	0
4.83064e+06	0
4.83074e+06	0
4.83084e+06	0
4.83094e+06	0
4.83104e+06	0
4.83114e+06	0
4.83124e+06	0
4.83134e+06	0
4.83144e+06	0
4.83154e+06	0
4.83164e+06	0
4.83174e+06	0
4.83184e+06	0
4.83194e+06	0
4.83204e+06	0
4.83214e+06	0
4.83224e+06	0
4.83234e+06	0
4.83244e+06	0
4.83254e+06	0
4.83264e+06	0
4.83274e+06	0
4.83284e+06	0
4.83294e+06	0
4.83304e+06	0
4.83314e+06	0
4.83324e+06	0
4.83334e+06	0
4.83344e+06	0
4.83354e+06	0
4.83364e+06	0
4.83374e+06	0
4.83384e+06	0
4.83394e+06	0
4.83404e+06	0
4.83414e+06	0
4.83424e+06	0
4.83434e+06	0
4.83444e+06	0
4.83454e+06	0
4.83464e+06	0
4.83474e+06	0
4.83484e+06	0
4.83494e+06	0
4.83504e+06	0
4.83514e+06	0
4.83524e+06	0
4.83534e+06	0
4.83544e+06	0
4.83554e+06	0
4.83564e+06	0
4.83574e+06	0
4.83584e+06	0
4.83594e+06	0
4.83604e+06	0
4.83614e+06	0
4.83624e+06	0
4.83634e+06	0
4.83644e+06	0
4.83654e+06	0
4.83664e+06	0
4.83674e+06	0
4.83684e+06	0
4.83694e+06	0
4.83704e+06	0
4.83714e+06	0
4.83724e+06	0
4.83734e+06	0
4.83744e+06	0
4.83754e+06	0
4.83764e+06	0
4.83774e+06	0
4.83784e+06	0
4.83794e+06	0
4.83804e+06	0
4.83814e+06	0
4.83824e+06	0
4.83834e+06	0
4.83844e+06	0
4.83854e+06	0
4.83864e+06	0
4.83874e+06	0
4.83884e+06	0
4.83894e+06	0
4.83904e+06	0
4.83914e+06	0
4.83924e+06	0
4.83934e+06	0
4.83944e+06	0
4.83954e+06	0
4.83964e+06	0
4.83974e+06	0
4.83984e+06	0
4.83994e+06	0
4.84004e+06	0
4.84014e+06	0
4.84024e+06	0
4.84034e+06	0
4.84044e+06	0
4.84054e+06	0
4.84064e+06	0
4.84074e+06	0
4.84084e+06	0
4.84094e+06	0
4.84104e+06	0
4.84114e+06	0
4.84124e+06	0
4.84134e+06	0
4.84144e+06	0
4.84154e+06	0
4.84164e+06	0
4.84174e+06	0
4.84184e+06	0
4.84194e+06	0
4.84204e+06	0
4.84214e+06	0
4.84224e+06	0
4.84234e+06	0
4.84244e+06	0
4.84254e+06	0
4.84264e+06	0
4.84274e+06	0
4.84284e+06	0
4.84294e+06	0
4.84304e+06	0
4.84314e+06	0
4.84324e+06	0
4.84334e+06	0
4.84344e+06	0
4.84354e+06	0
4.84364e+06	0
4.84374e+06	0
4.84384e+06	0
4.84394e+06	0
4.84404e+06	0
4.84414e+06	0
4.84424e+06	0
4.84434e+06	0
4.84444e+06	0
4.84454e+06	0
4.84464e+06	0
4.84474e+06	0
4.84484e+06	0
4.84494e+06	0
4.84504e+06	0
4.84514e+06	0
4.84524e+06	0
4.84534e+06	0
4.84544e+06	0
4.84554e+06	0
4.84564e+06	0
4.84574e+06	0
4.84584e+06	0
4.84594e+06	0
4.84604e+06	0
4.84614e+06	0
4.84624e+06	0
4.84634e+06	0
4.84644e+06	0
4.84654e+06	0
4.84664e+06	0
4.84674e+06	0
4.84684e+06	0
4.84694e+06	0
4.84704e+06	0
4.84714e+06	0
4.84724e+06	0
4.84734e+06	0
4.84744e+06	0
4.84754e+06	0
4.84764e+06	0
4.84774e+06	0
4.84784e+06	0
4.84794e+06	0
4.84804e+06	0
4.84814e+06	0
4.84824e+06	0
4.84834e+06	0
4.84844e+06	0
4.84854e+06	0
4.84864e+06	0
4.84874e+06	0
4.84884e+06	0
4.84894e+06	0
4.84904e+06	0
4.84914e+06	0
4.84924e+06	0
4.84934e+06	0
4.84944e+06	0
4.84954e+06	0
4.84964e+06	0
4.84974e+06	0
4.84984e+06	0
4.84994e+06	0
4.85004e+06	0
4.85014e+06	0
4.85024e+06	0
4.85034e+06	0
4.85044e+06	0
4.85054e+06	0
4.85064e+06	0
4.85074e+06	0
4.85084e+06	0
4.85094e+06	0
4.85104e+06	0
4.85114e+06	0
4.85124e+06	0
4.85134e+06	0
4.85144e+06	0
4.85154e+06	0
4.85164e+06	0
4.85174e+06	0
4.85184e+06	0
4.85194e+06	0
4.85204e+06	0
4.85214e+06	0
4.85224e+06	0
4.85234e+06	0
4.85244e+06	0
4.85254e+06	0
4.85264e+06	0
4.85274e+06	0
4.85284e+06	0
4.85294e+06	0
4.85304e+06	0
4.85314e+06	0
4.85324e+06	0
4.85334e+06	0
4.85344e+06	0
4.85354e+06	0
4.85364e+06	0
4.85374e+06	0
4.85384e+06	0
4.85394e+06	0
4.85404e+06	0
4.85414e+06	0
4.85424e+06	0
4.85434e+06	0
4.85444e+06	0
4.85454e+06	0
4.85464e+06	0
4.85474e+06	0
4.85484e+06	0
4.85494e+06	0
4.85504e+06	0
4.85514e+06	0
4.85524e+06	0
4.85534e+06	0
4.85544e+06	0
4.85554e+06	0
4.85564e+06	0
4.85574e+06	0
4.85584e+06	0
4.85594e+06	0
4.85604e+06	0
4.85614e+06	0
4.85624e+06	0
4.85634e+06	0
4.85644e+06	0
4.85654e+06	0
4.85664e+06	0
4.85674e+06	0
4.85684e+06	0
4.85694e+06	0
4.85704e+06	0
4.85714e+06	0
4.85724e+06	0
4.85734e+06	0
4.85744e+06	0
4.85754e+06	0
4.85764e+06	0
4.85774e+06	0
4.85784e+06	0
4.85794e+06	0
4.85804e+06	0
4.85814e+06	0
4.85824e+06	0
4.85834e+06	0
4.85844e+06	0
4.85854e+06	0
4.85864e+06	0
4.85874e+06	0
4.85884e+06	0
4.85894e+06	0
4.85904e+06	0
4.85914e+06	0
4.85924e+06	0
4.85934e+06	0
4.85944e+06	0
4.85954e+06	0
4.85964e+06	0
4.85974e+06	0
4.85984e+06	0
4.85994e+06	0
4.86004e+06	0
4.86014e+06	0
4.86024e+06	0
4.86034e+06	0
4.86044e+06	0
4.86054e+06	0
4.86064e+06	0
4.86074e+06	0
4.86084e+06	0
4.86094e+06	0
4.86104e+06	0
4.86114e+06	0
4.86124e+06	0
4.86134e+06	0
4.86144e+06	0
4.86154e+06	0
4.86164e+06	0
4.86174e+06	0
4.86184e+06	0
4.86194e+06	0
4.86204e+06	0
4.86214e+06	0
4.86224e+06	0
4.86234e+06	0
4.86244e+06	0
4.86254e+06	0
4.86264e+06	0
4.86274e+06	0
4.86284e+06	0
4.86294e+06	0
4.86304e+06	0
4.86314e+06	0
4.86324e+06	0
4.86334e+06	0
4.86344e+06	0
4.86354e+06	0
4.86364e+06	0
4.86374e+06	0
4.86384e+06	0
4.86394e+06	0
4.86404e+06	0
4.86414e+06	0
4.86424e+06	0
4.86434e+06	0
4.86444e+06	0
4.86454e+06	0
4.86464e+06	0
4.86474e+06	0
4.86484e+06	0
4.86494e+06	0
4.86504e+06	0
4.86514e+06	0
4.86524e+06	0
4.86534e+06	0
4.86544e+06	0
4.86554e+06	0
4.86564e+06	0
4.86574e+06	0
4.86584e+06	0
4.86594e+06	0
4.86604e+06	0
4.86614e+06	0
4.86624e+06	0
4.86634e+06	0
4.86644e+06	0
4.86654e+06	0
4.86664e+06	0
4.86674e+06	0
4.86684e+06	0
4.86694e+06	0
4.86704e+06	0
4.86714e+06	0
4.86724e+06	0
4.86734e+06	0
4.86744e+06	0
4.86754e+06	0
4.86764e+06	0
4.86774e+06	0
4.86784e+06	0
4.86794e+06	0
4.86804e+06	0
4.86814e+06	0
4.86824e+06	0
4.86834e+06	0
4.86844e+06	0
4.86854e+06	0
4.86864e+06	0
4.86874e+06	0
4.86884e+06	0
4.86894e+06	0
4.86904e+06	0
4.86914e+06	0
4.86924e+06	0
4.86934e+06	0
4.86944e+06	0
4.86954e+06	0
4.86964e+06	0
4.86974e+06	0
4.86984e+06	0
4.86994e+06	0
4.87004e+06	0
4.87014e+06	0
4.87024e+06	0
4.87034e+06	0
4.87044e+06	0
4.87054e+06	0
4.87064e+06	0
4.87074e+06	0
4.87084e+06	0
4.87094e+06	0
4.87104e+06	0
4.87114e+06	0
4.87124e+06	0
4.87134e+06	0
4.87144e+06	0
4.87154e+06	0
4.87164e+06	0
4.87174e+06	0
4.87184e+06	0
4.87194e+06	0
4.87204e+06	0
4.87214e+06	0
4.87224e+06	0
4.87234e+06	0
4.87244e+06	0
4.87254e+06	0
4.87264e+06	0
4.87274e+06	0
4.87284e+06	0
4.87294e+06	0
4.87304e+06	0
4.87314e+06	0
4.87324e+06	0
4.87334e+06	0
4.87344e+06	0
4.87354e+06	0
4.87364e+06	0
4.87374e+06	0
4.87384e+06	0
4.87394e+06	0
4.87404e+06	0
4.87414e+06	0
4.87424e+06	0
4.87434e+06	0
4.87444e+06	0
4.87454e+06	0
4.87464e+06	0
4.87474e+06	0
4.87484e+06	0
4.87494e+06	0
4.87504e+06	0
4.87514e+06	0
4.87524e+06	0
4.87534e+06	0
4.87544e+06	0
4.87554e+06	0
4.87564e+06	0
4.87574e+06	0
4.87584e+06	0
4.87594e+06	0
4.87604e+06	0
4.87614e+06	0
4.87624e+06	0
4.87634e+06	0
4.87644e+06	0
4.87654e+06	0
4.87664e+06	0
4.87674e+06	0
4.87684e+06	0
4.87694e+06	0
4.87704e+06	0
4.87714e+06	0
4.87724e+06	0
4.87734e+06	0
4.87744e+06	0
4.87754e+06	0
4.87764e+06	0
4.87774e+06	0
4.87784e+06	0
4.87794e+06	0
4.87804e+06	0
4.87814e+06	0
4.87824e+06	0
4.87834e+06	0
4.87844e+06	0
4.87854e+06	0
4.87864e+06	0
4.87874e+06	0
4.87884e+06	0
4.87894e+06	0
4.87904e+06	0
4.87914e+06	0
4.87924e+06	0
4.87934e+06	0
4.87944e+06	0
4.87954e+06	0
4.87964e+06	0
4.87974e+06	0
4.87984e+06	0
4.87994e+06	0
4.88004e+06	0
4.88014e+06	0
4.88024e+06	0
4.88034e+06	0
4.88044e+06	0
4.88054e+06	0
4.88064e+06	0
4.88074e+06	0
4.88084e+06	0
4.88094e+06	0
4.88104e+06	0
4.88114e+06	0
4.88124e+06	0
4.88134e+06	0
4.88144e+06	0
4.88154e+06	0
4.88164e+06	0
4.88174e+06	0
4.88184e+06	0
4.88194e+06	0
4.88204e+06	0
4.88214e+06	0
4.88224e+06	0
4.88234e+06	0
4.88244e+06	0
4.88254e+06	0
4.88264e+06	0
4.88274e+06	0
4.88284e+06	0
4.88294e+06	0
4.88304e+06	0
4.88314e+06	0
4.88324e+06	0
4.88334e+06	0
4.88344e+06	0
4.88354e+06	0
4.88364e+06	0
4.88374e+06	0
4.88384e+06	0
4.88394e+06	0
4.88404e+06	0
4.88414e+06	0
4.88424e+06	0
4.88434e+06	0
4.88444e+06	0
4.88454e+06	0
4.88464e+06	0
4.88474e+06	0
4.88484e+06	0
4.88494e+06	0
4.88504e+06	0
4.88514e+06	0
4.88524e+06	0
4.88534e+06	0
4.88544e+06	0
4.88554e+06	0
4.88564e+06	0
4.88574e+06	0
4.88584e+06	0
4.88594e+06	0
4.88604e+06	0
4.88614e+06	0
4.88624e+06	0
4.88634e+06	0
4.88644e+06	0
4.88654e+06	0
4.88664e+06	0
4.88674e+06	0
4.88684e+06	0
4.88694e+06	0
4.88704e+06	0
4.88714e+06	0
4.88724e+06	0
4.88734e+06	0
4.88744e+06	0
4.88754e+06	0
4.88764e+06	0
4.88774e+06	0
4.88784e+06	0
4.88794e+06	0
4.88804e+06	0
4.88814e+06	0
4.88824e+06	0
4.88834e+06	0
4.88844e+06	0
4.88854e+06	0
4.88864e+06	0
4.88874e+06	0
4.88884e+06	0
4.88894e+06	0
4.88904e+06	0
4.88914e+06	0
4.88924e+06	0
4.88934e+06	0
4.88944e+06	0
4.88954e+06	0
4.88964e+06	0
4.88974e+06	0
4.88984e+06	0
4.88994e+06	0
4.89004e+06	0
4.89014e+06	0
4.89024e+06	0
4.89034e+06	0
4.89044e+06	0
4.89054e+06	0
4.89064e+06	0
4.89074e+06	0
4.89084e+06	0
4.89094e+06	0
4.89104e+06	0
4.89114e+06	0
4.89124e+06	0
4.89134e+06	0
4.89144e+06	0
4.89154e+06	0
4.89164e+06	0
4.89174e+06	0
4.89184e+06	0
4.89194e+06	0
4.89204e+06	0
4.89214e+06	0
4.89224e+06	0
4.89234e+06	0
4.89244e+06	0
4.89254e+06	0
4.89264e+06	0
4.89274e+06	0
4.89284e+06	0
4.89294e+06	0
4.89304e+06	0
4.89314e+06	0
4.89324e+06	0
4.89334e+06	0
4.89344e+06	0
4.89354e+06	0
4.89364e+06	0
4.89374e+06	0
4.89384e+06	0
4.89394e+06	0
4.89404e+06	0
4.89414e+06	0
4.89424e+06	0
4.89434e+06	0
4.89444e+06	0
4.89454e+06	0
4.89464e+06	0
4.89474e+06	0
4.89484e+06	0
4.89494e+06	0
4.89504e+06	0
4.89514e+06	0
4.89524e+06	0
4.89534e+06	0
4.89544e+06	0
4.89554e+06	0
4.89564e+06	0
4.89574e+06	0
4.89584e+06	0
4.89594e+06	0
4.89604e+06	0
4.89614e+06	0
4.89624e+06	0
4.89634e+06	0
4.89644e+06	0
4.89654e+06	0
4.89664e+06	0
4.89674e+06	0
4.89684e+06	0
4.89694e+06	0
4.89704e+06	0
4.89714e+06	0
4.89724e+06	0
4.89734e+06	0
4.89744e+06	0
4.89754e+06	0
4.89764e+06	0
4.89774e+06	0
4.89784e+06	0
4.89794e+06	0
4.89804e+06	0
4.89814e+06	0
4.89824e+06	0
4.89834e+06	0
4.89844e+06	0
4.89854e+06	0
4.89864e+06	0
4.89874e+06	0
4.89884e+06	0
4.89894e+06	0
4.89904e+06	0
4.89914e+06	0
4.89924e+06	0
4.89934e+06	0
4.89944e+06	0
4.89954e+06	0
4.89964e+06	0
4.89974e+06	0
4.89984e+06	0
4.89994e+06	0
4.90004e+06	0
4.90014e+06	0
4.90024e+06	0
4.90034e+06	0
4.90044e+06	0
4.90054e+06	0
4.90064e+06	0
4.90074e+06	0
4.90084e+06	0
4.90094e+06	0
4.90104e+06	0
4.90114e+06	0
4.90124e+06	0
4.90134e+06	0
4.90144e+06	0
4.90154e+06	0
4.90164e+06	0
4.90174e+06	0
4.90184e+06	0
4.90194e+06	0
4.90204e+06	0
4.90214e+06	0
4.90224e+06	0
4.90234e+06	0
4.90244e+06	0
4.90254e+06	0
4.90264e+06	0
4.90274e+06	0
4.90284e+06	0
4.90294e+06	0
4.90304e+06	0
4.90314e+06	0
4.90324e+06	0
4.90334e+06	0
4.90344e+06	0
4.90354e+06	0
4.90364e+06	0
4.90374e+06	0
4.90384e+06	0
4.90394e+06	0
4.90404e+06	0
4.90414e+06	0
4.90424e+06	0
4.90434e+06	0
4.90444e+06	0
4.90454e+06	0
4.90464e+06	0
4.90474e+06	0
4.90484e+06	0
4.90494e+06	0
4.90504e+06	0
4.90514e+06	0
4.90524e+06	0
4.90534e+06	0
4.90544e+06	0
4.90554e+06	0
4.90564e+06	0
4.90574e+06	0
4.90584e+06	0
4.90594e+06	0
4.90604e+06	0
4.90614e+06	0
4.90624e+06	0
4.90634e+06	0
4.90644e+06	0
4.90654e+06	0
4.90664e+06	0
4.90674e+06	0
4.90684e+06	0
4.90694e+06	0
4.90704e+06	0
4.90714e+06	0
4.90724e+06	0
4.90734e+06	0
4.90744e+06	0
4.90754e+06	0
4.90764e+06	0
4.90774e+06	0
4.90784e+06	0
4.90794e+06	0
4.90804e+06	0
4.90814e+06	0
4.90824e+06	0
4.90834e+06	0
4.90844e+06	0
4.90854e+06	0
4.90864e+06	0
4.90874e+06	0
4.90884e+06	0
4.90894e+06	0
4.90904e+06	0
4.90914e+06	0
4.90924e+06	0
4.90934e+06	0
4.90944e+06	0
4.90954e+06	0
4.90964e+06	0
4.90974e+06	0
4.90984e+06	0
4.90994e+06	0
4.91004e+06	0
4.91014e+06	0
4.91024e+06	0
4.91034e+06	0
4.91044e+06	0
4.91054e+06	0
4.91064e+06	0
4.91074e+06	0
4.91084e+06	0
4.91094e+06	0
4.91104e+06	0
4.91114e+06	0
4.91124e+06	0
4.91134e+06	0
4.91144e+06	0
4.91154e+06	0
4.91164e+06	0
4.91174e+06	0
4.91184e+06	0
4.91194e+06	0
4.91204e+06	0
4.91214e+06	0
4.91224e+06	0
4.91234e+06	0
4.91244e+06	0
4.91254e+06	0
4.91264e+06	0
4.91274e+06	0
4.91284e+06	0
4.91294e+06	0
4.91304e+06	0
4.91314e+06	0
4.91324e+06	0
4.91334e+06	0
4.91344e+06	0
4.91354e+06	0
4.91364e+06	0
4.91374e+06	0
4.91384e+06	0
4.91394e+06	0
4.91404e+06	0
4.91414e+06	0
4.91424e+06	0
4.91434e+06	0
4.91444e+06	0
4.91454e+06	0
4.91464e+06	0
4.91474e+06	0
4.91484e+06	0
4.91494e+06	0
4.91504e+06	0
4.91514e+06	0
4.91524e+06	0
4.91534e+06	0
4.91544e+06	0
4.91554e+06	0
4.91564e+06	0
4.91574e+06	0
4.91584e+06	0
4.91594e+06	0
4.91604e+06	0
4.91614e+06	0
4.91624e+06	0
4.91634e+06	0
4.91644e+06	0
4.91654e+06	0
4.91664e+06	0
4.91674e+06	0
4.91684e+06	0
4.91694e+06	0
4.91704e+06	0
4.91714e+06	0
4.91724e+06	0
4.91734e+06	0
4.91744e+06	0
4.91754e+06	0
4.91764e+06	0
4.91774e+06	0
4.91784e+06	0
4.91794e+06	0
4.91804e+06	0
4.91814e+06	0
4.91824e+06	0
4.91834e+06	0
4.91844e+06	0
4.91854e+06	0
4.91864e+06	0
4.91874e+06	0
4.91884e+06	0
4.91894e+06	0
4.91904e+06	0
4.91914e+06	0
4.91924e+06	0
4.91934e+06	0
4.91944e+06	0
4.91954e+06	0
4.91964e+06	0
4.91974e+06	0
4.91984e+06	0
4.91994e+06	0
4.92004e+06	0
4.92014e+06	0
4.92024e+06	0
4.92034e+06	0
4.92044e+06	0
4.92054e+06	0
4.92064e+06	0
4.92074e+06	0
4.92084e+06	0
4.92094e+06	0
4.92104e+06	0
4.92114e+06	0
4.92124e+06	0
4.92134e+06	0
4.92144e+06	0
4.92154e+06	0
4.92164e+06	0
4.92174e+06	0
4.92184e+06	0
4.92194e+06	0
4.92204e+06	0
4.92214e+06	0
4.92224e+06	0
4.92234e+06	0
4.92244e+06	0
4.92254e+06	0
4.92264e+06	0
4.92274e+06	0
4.92284e+06	0
4.92294e+06	0
4.92304e+06	0
4.92314e+06	0
4.92324e+06	0
4.92334e+06	0
4.92344e+06	0
4.92354e+06	0
4.92364e+06	0
4.92374e+06	0
4.92384e+06	0
4.92394e+06	0
4.92404e+06	0
4.92414e+06	0
4.92424e+06	0
4.92434e+06	0
4.92444e+06	0
4.92454e+06	0
4.92464e+06	0
4.92474e+06	0
4.92484e+06	0
4.92494e+06	0
4.92504e+06	0
4.92514e+06	0
4.92524e+06	0
4.92534e+06	0
4.92544e+06	0
4.92554e+06	0
4.92564e+06	0
4.92574e+06	0
4.92584e+06	0
4.92594e+06	0
4.92604e+06	0
4.92614e+06	0
4.92624e+06	0
4.92634e+06	0
4.92644e+06	0
4.92654e+06	0
4.92664e+06	0
4.92674e+06	0
4.92684e+06	0
4.92694e+06	0
4.92704e+06	0
4.92714e+06	0
4.92724e+06	0
4.92734e+06	0
4.92744e+06	0
4.92754e+06	0
4.92764e+06	0
4.92774e+06	0
4.92784e+06	0
4.92794e+06	0
4.92804e+06	0
4.92814e+06	0
4.92824e+06	0
4.92834e+06	0
4.92844e+06	0
4.92854e+06	0
4.92864e+06	0
4.92874e+06	0
4.92884e+06	0
4.92894e+06	0
4.92904e+06	0
4.92914e+06	0
4.92924e+06	0
4.92934e+06	0
4.92944e+06	0
4.92954e+06	0
4.92964e+06	0
4.92974e+06	0
4.92984e+06	0
4.92994e+06	0
4.93004e+06	0
4.93014e+06	0
4.93024e+06	0
4.93034e+06	0
4.93044e+06	0
4.93054e+06	0
4.93064e+06	0
4.93074e+06	0
4.93084e+06	0
4.93094e+06	0
4.93104e+06	0
4.93114e+06	0
4.93124e+06	0
4.93134e+06	0
4.93144e+06	0
4.93154e+06	0
4.93164e+06	0
4.93174e+06	0
4.93184e+06	0
4.93194e+06	0
4.93204e+06	0
4.93214e+06	0
4.93224e+06	0
4.93234e+06	0
4.93244e+06	0
4.93254e+06	0
4.93264e+06	0
4.93274e+06	0
4.93284e+06	0
4.93294e+06	0
4.93304e+06	0
4.93314e+06	0
4.93324e+06	0
4.93334e+06	0
4.93344e+06	0
4.93354e+06	0
4.93364e+06	0
4.93374e+06	0
4.93384e+06	0
4.93394e+06	0
4.93404e+06	0
4.93414e+06	0
4.93424e+06	0
4.93434e+06	0
4.93444e+06	0
4.93454e+06	0
4.93464e+06	0
4.93474e+06	0
4.93484e+06	0
4.93494e+06	0
4.93504e+06	0
4.93514e+06	0
4.93524e+06	0
4.93534e+06	0
4.93544e+06	0
4.93554e+06	0
4.93564e+06	0
4.93574e+06	0
4.93584e+06	0
4.93594e+06	0
4.93604e+06	0
4.93614e+06	0
4.93624e+06	0
4.93634e+06	0
4.93644e+06	0
4.93654e+06	0
4.93664e+06	0
4.93674e+06	0
4.93684e+06	0
4.93694e+06	0
4.93704e+06	0
4.93714e+06	0
4.93724e+06	0
4.93734e+06	0
4.93744e+06	0
4.93754e+06	0
4.93764e+06	0
4.93774e+06	0
4.93784e+06	0
4.93794e+06	0
4.93804e+06	0
4.93814e+06	0
4.93824e+06	0
4.93834e+06	0
4.93844e+06	0
4.93854e+06	0
4.93864e+06	0
4.93874e+06	0
4.93884e+06	0
4.93894e+06	0
4.93904e+06	0
4.93914e+06	0
4.93924e+06	0
4.93934e+06	0
4.93944e+06	0
4.93954e+06	0
4.93964e+06	0
4.93974e+06	0
4.93984e+06	0
4.93994e+06	0
4.94004e+06	0
4.94014e+06	0
4.94024e+06	0
4.94034e+06	0
4.94044e+06	0
4.94054e+06	0
4.94064e+06	0
4.94074e+06	0
4.94084e+06	0
4.94094e+06	0
4.94104e+06	0
4.94114e+06	0
4.94124e+06	0
4.94134e+06	0
4.94144e+06	0
4.94154e+06	0
4.94164e+06	0
4.94174e+06	0
4.94184e+06	0
4.94194e+06	0
4.94204e+06	0
4.94214e+06	0
4.94224e+06	0
4.94234e+06	0
4.94244e+06	0
4.94254e+06	0
4.94264e+06	0
4.94274e+06	0
4.94284e+06	0
4.94294e+06	0
4.94304e+06	0
4.94314e+06	0
4.94324e+06	0
4.94334e+06	0
4.94344e+06	0
4.94354e+06	0
4.94364e+06	0
4.94374e+06	0
4.94384e+06	0
4.94394e+06	0
4.94404e+06	0
4.94414e+06	0
4.94424e+06	0
4.94434e+06	0
4.94444e+06	0
4.94454e+06	0
4.94464e+06	0
4.94474e+06	0
4.94484e+06	0
4.94494e+06	0
4.94504e+06	0
4.94514e+06	0
4.94524e+06	0
4.94534e+06	0
4.94544e+06	0
4.94554e+06	0
4.94564e+06	0
4.94574e+06	0
4.94584e+06	0
4.94594e+06	0
4.94604e+06	0
4.94614e+06	0
4.94624e+06	0
4.94634e+06	0
4.94644e+06	0
4.94654e+06	0
4.94664e+06	0
4.94674e+06	0
4.94684e+06	0
4.94694e+06	0
4.94704e+06	0
4.94714e+06	0
4.94724e+06	0
4.94734e+06	0
4.94744e+06	0
4.94754e+06	0
4.94764e+06	0
4.94774e+06	0
4.94784e+06	0
4.94794e+06	0
4.94804e+06	0
4.94814e+06	0
4.94824e+06	0
4.94834e+06	0
4.94844e+06	0
4.94854e+06	0
4.94864e+06	0
4.94874e+06	0
4.94884e+06	0
4.94894e+06	0
4.94904e+06	0
4.94914e+06	0
4.94924e+06	0
4.94934e+06	0
4.94944e+06	0
4.94954e+06	0
4.94964e+06	0
4.94974e+06	0
4.94984e+06	0
4.94994e+06	0
4.95004e+06	0
4.95014e+06	0
4.95024e+06	0
4.95034e+06	0
4.95044e+06	0
4.95054e+06	0
4.95064e+06	0
4.95074e+06	0
4.95084e+06	0
4.95094e+06	0
4.95104e+06	0
4.95114e+06	0
4.95124e+06	0
4.95134e+06	0
4.95144e+06	0
4.95154e+06	0
4.95164e+06	0
4.95174e+06	0
4.95184e+06	0
4.95194e+06	0
4.95204e+06	0
4.95214e+06	0
4.95224e+06	0
4.95234e+06	0
4.95244e+06	0
4.95254e+06	0
4.95264e+06	0
4.95274e+06	0
4.95284e+06	0
4.95294e+06	0
4.95304e+06	0
4.95314e+06	0
4.95324e+06	0
4.95334e+06	0
4.95344e+06	0
4.95354e+06	0
4.95364e+06	0
4.95374e+06	0
4.95384e+06	0
4.95394e+06	0
4.95404e+06	0
4.95414e+06	0
4.95424e+06	0
4.95434e+06	0
4.95444e+06	0
4.95454e+06	0
4.95464e+06	0
4.95474e+06	0
4.95484e+06	0
4.95494e+06	0
4.95504e+06	0
4.95514e+06	0
4.95524e+06	0
4.95534e+06	0
4.95544e+06	0
4.95554e+06	0
4.95564e+06	0
4.95574e+06	0
4.95584e+06	0
4.95594e+06	0
4.95604e+06	0
4.95614e+06	0
4.95624e+06	0
4.95634e+06	0
4.95644e+06	0
4.95654e+06	0
4.95664e+06	0
4.95674e+06	0
4.95684e+06	0
4.95694e+06	0
4.95704e+06	0
4.95714e+06	0
4.95724e+06	0
4.95734e+06	0
4.95744e+06	0
4.95754e+06	0
4.95764e+06	0
4.95774e+06	0
4.95784e+06	0
4.95794e+06	0
4.95804e+06	0
4.95814e+06	0
4.95824e+06	0
4.95834e+06	0
4.95844e+06	0
4.95854e+06	0
4.95864e+06	0
4.95874e+06	0
4.95884e+06	0
4.95894e+06	0
4.95904e+06	0
4.95914e+06	0
4.95924e+06	0
4.95934e+06	0
4.95944e+06	0
4.95954e+06	0
4.95964e+06	0
4.95974e+06	0
4.95984e+06	0
4.95994e+06	0
4.96004e+06	0
4.96014e+06	0
4.96024e+06	0
4.96034e+06	0
4.96044e+06	0
4.96054e+06	0
4.96064e+06	0
4.96074e+06	0
4.96084e+06	0
4.96094e+06	0
4.96104e+06	0
4.96114e+06	0
4.96124e+06	0
4.96134e+06	0
4.96144e+06	0
4.96154e+06	0
4.96164e+06	0
4.96174e+06	0
4.96184e+06	0
4.96194e+06	0
4.96204e+06	0
4.96214e+06	0
4.96224e+06	0
4.96234e+06	0
4.96244e+06	0
4.96254e+06	0
4.96264e+06	0
4.96274e+06	0
4.96284e+06	0
4.96294e+06	0
4.96304e+06	0
4.96314e+06	0
4.96324e+06	0
4.96334e+06	0
4.96344e+06	0
4.96354e+06	0
4.96364e+06	0
4.96374e+06	0
4.96384e+06	0
4.96394e+06	0
4.96404e+06	0
4.96414e+06	0
4.96424e+06	0
4.96434e+06	0
4.96444e+06	0
4.96454e+06	0
4.96464e+06	0
4.96474e+06	0
4.96484e+06	0
4.96494e+06	0
4.96504e+06	0
4.96514e+06	0
4.96524e+06	0
4.96534e+06	0
4.96544e+06	0
4.96554e+06	0
4.96564e+06	0
4.96574e+06	0
4.96584e+06	0
4.96594e+06	0
4.96604e+06	0
4.96614e+06	0
4.96624e+06	0
4.96634e+06	0
4.96644e+06	0
4.96654e+06	0
4.96664e+06	0
4.96674e+06	0
4.96684e+06	0
4.96694e+06	0
4.96704e+06	0
4.96714e+06	0
4.96724e+06	0
4.96734e+06	0
4.96744e+06	0
4.96754e+06	0
4.96764e+06	0
4.96774e+06	0
4.96784e+06	0
4.96794e+06	0
4.96804e+06	0
4.96814e+06	0
4.96824e+06	0
4.96834e+06	0
4.96844e+06	0
4.96854e+06	0
4.96864e+06	0
4.96874e+06	0
4.96884e+06	0
4.96894e+06	0
4.96904e+06	0
4.96914e+06	0
4.96924e+06	0
4.96934e+06	0
4.96944e+06	0
4.96954e+06	0
4.96964e+06	0
4.96974e+06	0
4.96984e+06	0
4.96994e+06	0
4.97004e+06	0
4.97014e+06	0
4.97024e+06	0
4.97034e+06	0
4.97044e+06	0
4.97054e+06	0
4.97064e+06	0
4.97074e+06	0
4.97084e+06	0
4.97094e+06	0
4.97104e+06	0
4.97114e+06	0
4.97124e+06	0
4.97134e+06	0
4.97144e+06	0
4.97154e+06	0
4.97164e+06	0
4.97174e+06	0
4.97184e+06	0
4.97194e+06	0
4.97204e+06	0
4.97214e+06	0
4.97224e+06	0
4.97234e+06	0
4.97244e+06	0
4.97254e+06	0
4.97264e+06	0
4.97274e+06	0
4.97284e+06	0
4.97294e+06	0
4.97304e+06	0
4.97314e+06	0
4.97324e+06	0
4.97334e+06	0
4.97344e+06	0
4.97354e+06	0
4.97364e+06	0
4.97374e+06	0
4.97384e+06	0
4.97394e+06	0
4.97404e+06	0
4.97414e+06	0
4.97424e+06	0
4.97434e+06	0
4.97444e+06	0
4.97454e+06	0
4.97464e+06	0
4.97474e+06	0
4.97484e+06	0
4.97494e+06	0
4.97504e+06	0
4.97514e+06	0
4.97524e+06	0
4.97534e+06	0
4.97544e+06	0
4.97554e+06	0
4.97564e+06	0
4.97574e+06	0
4.97584e+06	0
4.97594e+06	0
4.97604e+06	0
4.97614e+06	0
4.97624e+06	0
4.97634e+06	0
4.97644e+06	0
4.97654e+06	0
4.97664e+06	0
4.97674e+06	0
4.97684e+06	0
4.97694e+06	0
4.97704e+06	0
4.97714e+06	0
4.97724e+06	0
4.97734e+06	0
4.97744e+06	0
4.97754e+06	0
4.97764e+06	0
4.97774e+06	0
4.97784e+06	0
4.97794e+06	0
4.97804e+06	0
4.97814e+06	0
4.97824e+06	0
4.97834e+06	0
4.97844e+06	0
4.97854e+06	0
4.97864e+06	0
4.97874e+06	0
4.97884e+06	0
4.97894e+06	0
4.97904e+06	0
4.97914e+06	0
4.97924e+06	0
4.97934e+06	0
4.97944e+06	0
4.97954e+06	0
4.97964e+06	0
4.97974e+06	0
4.97984e+06	0
4.97994e+06	0
4.98004e+06	0
4.98014e+06	0
4.98024e+06	0
4.98034e+06	0
4.98044e+06	0
4.98054e+06	0
4.98064e+06	0
4.98074e+06	0
4.98084e+06	0
4.98094e+06	0
4.98104e+06	0
4.98114e+06	0
4.98124e+06	0
4.98134e+06	0
4.98144e+06	0
4.98154e+06	0
4.98164e+06	0
4.98174e+06	0
4.98184e+06	0
4.98194e+06	0
4.98204e+06	0
4.98214e+06	0
4.98224e+06	0
4.98234e+06	0
4.98244e+06	0
4.98254e+06	0
4.98264e+06	0
4.98274e+06	0
4.98284e+06	0
4.98294e+06	0
4.98304e+06	0
4.98314e+06	0
4.98324e+06	0
4.98334e+06	0
4.98344e+06	0
4.98354e+06	0
4.98364e+06	0
4.98374e+06	0
4.98384e+06	0
4.98394e+06	0
4.98404e+06	0
4.98414e+06	0
4.98424e+06	0
4.98434e+06	0
4.98444e+06	0
4.98454e+06	0
4.98464e+06	0
4.98474e+06	0
4.98484e+06	0
4.98494e+06	0
4.98504e+06	0
4.98514e+06	0
4.98524e+06	0
4.98534e+06	0
4.98544e+06	0
4.98554e+06	0
4.98564e+06	0
4.98574e+06	0
4.98584e+06	0
4.98594e+06	0
4.98604e+06	0
4.98614e+06	0
4.98624e+06	0
4.98634e+06	0
4.98644e+06	0
4.98654e+06	0
4.98664e+06	0
4.98674e+06	0
4.98684e+06	0
4.98694e+06	0
4.98704e+06	0
4.98714e+06	0
4.98724e+06	0
4.98734e+06	0
4.98744e+06	0
4.98754e+06	0
4.98764e+06	0
4.98774e+06	0
4.98784e+06	0
4.98794e+06	0
4.98804e+06	0
4.98814e+06	0
4.98824e+06	0
4.98834e+06	0
4.98844e+06	0
4.98854e+06	0
4.98864e+06	0
4.98874e+06	0
4.98884e+06	0
4.98894e+06	0
4.98904e+06	0
4.98914e+06	0
4.98924e+06	0
4.98934e+06	0
4.98944e+06	0
4.98954e+06	0
4.98964e+06	0
4.98974e+06	0
4.98984e+06	0
4.98994e+06	0
4.99004e+06	0
4.99014e+06	0
4.99024e+06	0
4.99034e+06	0
4.99044e+06	0
4.99054e+06	0
4.99064e+06	0
4.99074e+06	0
4.99084e+06	0
4.99094e+06	0
4.99104e+06	0
4.99114e+06	0
4.99124e+06	0
4.99134e+06	0
4.99144e+06	0
4.99154e+06	0
4.99164e+06	0
4.99174e+06	0
4.99184e+06	0
4.99194e+06	0
4.99204e+06	0
4.99214e+06	0
4.99224e+06	0
4.99234e+06	0
4.99244e+06	0
4.99254e+06	0
4.99264e+06	0
4.99274e+06	0
4.99284e+06	0
4.99294e+06	0
4.99304e+06	0
4.99314e+06	0
4.99324e+06	0
4.99334e+06	0
4.99344e+06	0
4.99354e+06	0
4.99364e+06	0
4.99374e+06	0
4.99384e+06	0
4.99394e+06	0
4.99404e+06	0
4.99414e+06	0
4.99424e+06	0
4.99434e+06	0
4.99444e+06	0
4.99454e+06	0
4.99464e+06	0
4.99474e+06	0
4.99484e+06	0
4.99494e+06	0
4.99504e+06	0
4.99514e+06	0
4.99524e+06	0
4.99534e+06	0
4.99544e+06	0
4.99554e+06	0
4.99564e+06	0
4.99574e+06	0
4.99584e+06	0
4.99594e+06	0
4.99604e+06	0
4.99614e+06	0
4.99624e+06	0
4.99634e+06	0
4.99644e+06	0
4.99654e+06	0
4.99664e+06	0
4.99674e+06	0
4.99684e+06	0
4.99694e+06	0
4.99704e+06	0
4.99714e+06	0
4.99724e+06	0
4.99734e+06	0
4.99744e+06	0
4.99754e+06	0
4.99764e+06	0
4.99774e+06	0
4.99784e+06	0
4.99794e+06	0
4.99804e+06	0
4.99814e+06	0
4.99824e+06	0
4.99834e+06	0
4.99844e+06	0
4.99854e+06	0
4.99864e+06	0
4.99874e+06	0
4.99884e+06	0
4.99894e+06	0
4.99904e+06	0
4.99914e+06	0
4.99924e+06	0
4.99934e+06	0
4.99944e+06	0
4.99954e+06	0
4.99964e+06	0
4.99974e+06	0
4.99984e+06	0
4.99994e+06	0
5.00004e+06	0
5.00014e+06	0
5.00024e+06	0
5.00034e+06	0
5.00044e+06	0
5.00054e+06	0
5.00064e+06	0
5.00074e+06	0
5.00084e+06	0
5.00094e+06	0
5.00104e+06	0
5.00114e+06	0
5.00124e+06	0
5.00134e+06	0
5.00144e+06	0
5.00154e+06	0
5.00164e+06	0
5.00174e+06	0
5.00184e+06	0
5.00194e+06	0
5.00204e+06	0
5.00214e+06	0
5.00224e+06	0
5.00234e+06	0
5.00244e+06	0
5.00254e+06	0
5.00264e+06	0
5.00274e+06	0
5.00284e+06	0
5.00294e+06	0
5.00304e+06	0
5.00314e+06	0
5.00324e+06	0
5.00334e+06	0
5.00344e+06	0
5.00354e+06	0
5.00364e+06	0
5.00374e+06	0
5.00384e+06	0
5.00394e+06	0
5.00404e+06	0
5.00414e+06	0
5.00424e+06	0
5.00434e+06	0
5.00444e+06	0
5.00454e+06	0
5.00464e+06	0
5.00474e+06	0
5.00484e+06	0
5.00494e+06	0
5.00504e+06	0
5.00514e+06	0
5.00524e+06	0
5.00534e+06	0
5.00544e+06	0
5.00554e+06	0
5.00564e+06	0
5.00574e+06	0
5.00584e+06	0
5.00594e+06	0
5.00604e+06	0
5.00614e+06	0
5.00624e+06	0
5.00634e+06	0
5.00644e+06	0
5.00654e+06	0
5.00664e+06	0
5.00674e+06	0
5.00684e+06	0
5.00694e+06	0
5.00704e+06	0
5.00714e+06	0
5.00724e+06	0
5.00734e+06	0
5.00744e+06	0
5.00754e+06	0
5.00764e+06	0
5.00774e+06	0
5.00784e+06	0
5.00794e+06	0
5.00804e+06	0
5.00814e+06	0
5.00824e+06	0
5.00834e+06	0
5.00844e+06	0
5.00854e+06	0
5.00864e+06	0
5.00874e+06	0
5.00884e+06	0
5.00894e+06	0
5.00904e+06	0
5.00914e+06	0
5.00924e+06	0
5.00934e+06	0
5.00944e+06	0
5.00954e+06	0
5.00964e+06	0
5.00974e+06	0
5.00984e+06	0
5.00994e+06	0
5.01004e+06	0
5.01014e+06	0
5.01024e+06	0
5.01034e+06	0
5.01044e+06	0
5.01054e+06	0
5.01064e+06	0
5.01074e+06	0
5.01084e+06	0
5.01094e+06	0
5.01104e+06	0
5.01114e+06	0
5.01124e+06	0
5.01134e+06	0
5.01144e+06	0
5.01154e+06	0
5.01164e+06	0
5.01174e+06	0
5.01184e+06	0
5.01194e+06	0
5.01204e+06	0
5.01214e+06	0
5.01224e+06	0
5.01234e+06	0
5.01244e+06	0
5.01254e+06	0
5.01264e+06	0
5.01274e+06	0
5.01284e+06	0
5.01294e+06	0
5.01304e+06	0
5.01314e+06	0
5.01324e+06	0
5.01334e+06	0
5.01344e+06	0
5.01354e+06	0
5.01364e+06	0
5.01374e+06	0
5.01384e+06	0
5.01394e+06	0
5.01404e+06	0
5.01414e+06	0
5.01424e+06	0
5.01434e+06	0
5.01444e+06	0
5.01454e+06	0
5.01464e+06	0
5.01474e+06	0
5.01484e+06	0
5.01494e+06	0
5.01504e+06	0
5.01514e+06	0
5.01524e+06	0
5.01534e+06	0
5.01544e+06	0
5.01554e+06	0
5.01564e+06	0
5.01574e+06	0
5.01584e+06	0
5.01594e+06	0
5.01604e+06	0
5.01614e+06	0
5.01624e+06	0
5.01634e+06	0
5.01644e+06	0
5.01654e+06	0
5.01664e+06	0
5.01674e+06	0
5.01684e+06	0
5.01694e+06	0
5.01704e+06	0
5.01714e+06	0
5.01724e+06	0
5.01734e+06	0
5.01744e+06	0
5.01754e+06	0
5.01764e+06	0
5.01774e+06	0
5.01784e+06	0
5.01794e+06	0
5.01804e+06	0
5.01814e+06	0
5.01824e+06	0
5.01834e+06	0
5.01844e+06	0
5.01854e+06	0
5.01864e+06	0
5.01874e+06	0
5.01884e+06	0
5.01894e+06	0
5.01904e+06	0
5.01914e+06	0
5.01924e+06	0
5.01934e+06	0
5.01944e+06	0
5.01954e+06	0
5.01964e+06	0
5.01974e+06	0
5.01984e+06	0
5.01994e+06	0
5.02004e+06	0
5.02014e+06	0
5.02024e+06	0
5.02034e+06	0
5.02044e+06	0
5.02054e+06	0
5.02064e+06	0
5.02074e+06	0
5.02084e+06	0
5.02094e+06	0
5.02104e+06	0
5.02114e+06	0
5.02124e+06	0
5.02134e+06	0
5.02144e+06	0
5.02154e+06	0
5.02164e+06	0
5.02174e+06	0
5.02184e+06	0
5.02194e+06	0
5.02204e+06	0
5.02214e+06	0
5.02224e+06	0
5.02234e+06	0
5.02244e+06	0
5.02254e+06	0
5.02264e+06	0
5.02274e+06	0
5.02284e+06	0
5.02294e+06	0
5.02304e+06	0
5.02314e+06	0
5.02324e+06	0
5.02334e+06	0
5.02344e+06	0
5.02354e+06	0
5.02364e+06	0
5.02374e+06	0
5.02384e+06	0
5.02394e+06	0
5.02404e+06	0
5.02414e+06	0
5.02424e+06	0
5.02434e+06	0
5.02444e+06	0
5.02454e+06	0
5.02464e+06	0
5.02474e+06	0
5.02484e+06	0
5.02494e+06	0
5.02504e+06	0
5.02514e+06	0
5.02524e+06	0
5.02534e+06	0
5.02544e+06	0
5.02554e+06	0
5.02564e+06	0
5.02574e+06	0
5.02584e+06	0
5.02594e+06	0
5.02604e+06	0
5.02614e+06	0
5.02624e+06	0
5.02634e+06	0
5.02644e+06	0
5.02654e+06	0
5.02664e+06	0
5.02674e+06	0
5.02684e+06	0
5.02694e+06	0
5.02704e+06	0
5.02714e+06	0
5.02724e+06	0
5.02734e+06	0
5.02744e+06	0
5.02754e+06	0
5.02764e+06	0
5.02774e+06	0
5.02784e+06	0
5.02794e+06	0
5.02804e+06	0
5.02814e+06	0
5.02824e+06	0
5.02834e+06	0
5.02844e+06	0
5.02854e+06	0
5.02864e+06	0
5.02874e+06	0
5.02884e+06	0
5.02894e+06	0
5.02904e+06	0
5.02914e+06	0
5.02924e+06	0
5.02934e+06	0
5.02944e+06	0
5.02954e+06	0
5.02964e+06	0
5.02974e+06	0
5.02984e+06	0
5.02994e+06	0
5.03004e+06	0
5.03014e+06	0
5.03024e+06	0
5.03034e+06	0
5.03044e+06	0
5.03054e+06	0
5.03064e+06	0
5.03074e+06	0
5.03084e+06	0
5.03094e+06	0
5.03104e+06	0
5.03114e+06	0
5.03124e+06	0
5.03134e+06	0
5.03144e+06	0
5.03154e+06	0
5.03164e+06	0
5.03174e+06	0
5.03184e+06	0
5.03194e+06	0
5.03204e+06	0
5.03214e+06	0
5.03224e+06	0
5.03234e+06	0
5.03244e+06	0
5.03254e+06	0
5.03264e+06	0
5.03274e+06	0
5.03284e+06	0
5.03294e+06	0
5.03304e+06	0
5.03314e+06	0
5.03324e+06	0
5.03334e+06	0
5.03344e+06	0
5.03354e+06	0
5.03364e+06	0
5.03374e+06	0
5.03384e+06	0
5.03394e+06	0
5.03404e+06	0
5.03414e+06	0
5.03424e+06	0
5.03434e+06	0
5.03444e+06	0
5.03454e+06	0
5.03464e+06	0
5.03474e+06	0
5.03484e+06	0
5.03494e+06	0
5.03504e+06	0
5.03514e+06	0
5.03524e+06	0
5.03534e+06	0
5.03544e+06	0
5.03554e+06	0
5.03564e+06	0
5.03574e+06	0
5.03584e+06	0
5.03594e+06	0
5.03604e+06	0
5.03614e+06	0
5.03624e+06	0
5.03634e+06	0
5.03644e+06	0
5.03654e+06	0
5.03664e+06	0
5.03674e+06	0
5.03684e+06	0
5.03694e+06	0
5.03704e+06	0
5.03714e+06	0
5.03724e+06	0
5.03734e+06	0
5.03744e+06	0
5.03754e+06	0
5.03764e+06	0
5.03774e+06	0
5.03784e+06	0
5.03794e+06	0
5.03804e+06	0
5.03814e+06	0
5.03824e+06	0
5.03834e+06	0
5.03844e+06	0
5.03854e+06	0
5.03864e+06	0
5.03874e+06	0
5.03884e+06	0
5.03894e+06	0
5.03904e+06	0
5.03914e+06	0
5.03924e+06	0
5.03934e+06	0
5.03944e+06	0
5.03954e+06	0
5.03964e+06	0
5.03974e+06	0
5.03984e+06	0
5.03994e+06	0
5.04004e+06	0
5.04014e+06	0
5.04024e+06	0
5.04034e+06	0
5.04044e+06	0
5.04054e+06	0
5.04064e+06	0
5.04074e+06	0
5.04084e+06	0
5.04094e+06	0
5.04104e+06	0
5.04114e+06	0
5.04124e+06	0
5.04134e+06	0
5.04144e+06	0
5.04154e+06	0
5.04164e+06	0
5.04174e+06	0
5.04184e+06	0
5.04194e+06	0
5.04204e+06	0
5.04214e+06	0
5.04224e+06	0
5.04234e+06	0
5.04244e+06	0
5.04254e+06	0
5.04264e+06	0
5.04274e+06	0
5.04284e+06	0
5.04294e+06	0
5.04304e+06	0
5.04314e+06	0
5.04324e+06	0
5.04334e+06	0
5.04344e+06	0
5.04354e+06	0
5.04364e+06	0
5.04374e+06	0
5.04384e+06	0
5.04394e+06	0
5.04404e+06	0
5.04414e+06	0
5.04424e+06	0
5.04434e+06	0
5.04444e+06	0
5.04454e+06	0
5.04464e+06	0
5.04474e+06	0
5.04484e+06	0
5.04494e+06	0
5.04504e+06	0
5.04514e+06	0
5.04524e+06	0
5.04534e+06	0
5.04544e+06	0
5.04554e+06	0
5.04564e+06	0
5.04574e+06	0
5.04584e+06	0
5.04594e+06	0
5.04604e+06	0
5.04614e+06	0
5.04624e+06	0
5.04634e+06	0
5.04644e+06	0
5.04654e+06	0
5.04664e+06	0
5.04674e+06	0
5.04684e+06	0
5.04694e+06	0
5.04704e+06	0
5.04714e+06	0
5.04724e+06	0
5.04734e+06	0
5.04744e+06	0
5.04754e+06	0
5.04764e+06	0
5.04774e+06	0
5.04784e+06	0
5.04794e+06	0
5.04804e+06	0
5.04814e+06	0
5.04824e+06	0
5.04834e+06	0
5.04844e+06	0
5.04854e+06	0
5.04864e+06	0
5.04874e+06	0
5.04884e+06	0
5.04894e+06	0
5.04904e+06	0
5.04914e+06	0
5.04924e+06	0
5.04934e+06	0
5.04944e+06	0
5.04954e+06	0
5.04964e+06	0
5.04974e+06	0
5.04984e+06	0
5.04994e+06	0
5.05004e+06	0
5.05014e+06	0
5.05024e+06	0
5.05034e+06	0
5.05044e+06	0
5.05054e+06	0
5.05064e+06	0
5.05074e+06	0
5.05084e+06	0
5.05094e+06	0
5.05104e+06	0
5.05114e+06	0
5.05124e+06	0
5.05134e+06	0
5.05144e+06	0
5.05154e+06	0
5.05164e+06	0
5.05174e+06	0
5.05184e+06	0
5.05194e+06	0
5.05204e+06	0
5.05214e+06	0
5.05224e+06	0
5.05234e+06	0
5.05244e+06	0
5.05254e+06	0
5.05264e+06	0
5.05274e+06	0
5.05284e+06	0
5.05294e+06	0
5.05304e+06	0
5.05314e+06	0
5.05324e+06	0
5.05334e+06	0
5.05344e+06	0
5.05354e+06	0
5.05364e+06	0
5.05374e+06	0
5.05384e+06	0
5.05394e+06	0
5.05404e+06	0
5.05414e+06	0
5.05424e+06	0
5.05434e+06	0
5.05444e+06	0
5.05454e+06	0
5.05464e+06	0
5.05474e+06	0
5.05484e+06	0
5.05494e+06	0
5.05504e+06	0
5.05514e+06	0
5.05524e+06	0
5.05534e+06	0
5.05544e+06	0
5.05554e+06	0
5.05564e+06	0
5.05574e+06	0
5.05584e+06	0
5.05594e+06	0
5.05604e+06	0
5.05614e+06	0
5.05624e+06	0
5.05634e+06	0
5.05644e+06	0
5.05654e+06	0
5.05664e+06	0
5.05674e+06	0
5.05684e+06	0
5.05694e+06	0
5.05704e+06	0
5.05714e+06	0
5.05724e+06	0
5.05734e+06	0
5.05744e+06	0
5.05754e+06	0
5.05764e+06	0
5.05774e+06	0
5.05784e+06	0
5.05794e+06	0
5.05804e+06	0
5.05814e+06	0
5.05824e+06	0
5.05834e+06	0
5.05844e+06	0
5.05854e+06	0
5.05864e+06	0
5.05874e+06	0
5.05884e+06	0
5.05894e+06	0
5.05904e+06	0
5.05914e+06	0
5.05924e+06	0
5.05934e+06	0
5.05944e+06	0
5.05954e+06	0
5.05964e+06	0
5.05974e+06	0
5.05984e+06	0
5.05994e+06	0
5.06004e+06	0
5.06014e+06	0
5.06024e+06	0
5.06034e+06	0
5.06044e+06	0
5.06054e+06	0
5.06064e+06	0
5.06074e+06	0
5.06084e+06	0
5.06094e+06	0
5.06104e+06	0
5.06114e+06	0
5.06124e+06	0
5.06134e+06	0
5.06144e+06	0
5.06154e+06	0
5.06164e+06	0
5.06174e+06	0
5.06184e+06	0
5.06194e+06	0
5.06204e+06	0
5.06214e+06	0
5.06224e+06	0
5.06234e+06	0
5.06244e+06	0
5.06254e+06	0
5.06264e+06	0
5.06274e+06	0
5.06284e+06	0
5.06294e+06	0
5.06304e+06	0
5.06314e+06	0
5.06324e+06	0
5.06334e+06	0
5.06344e+06	0
5.06354e+06	0
5.06364e+06	0
5.06374e+06	0
5.06384e+06	0
5.06394e+06	0
5.06404e+06	0
5.06414e+06	0
5.06424e+06	0
5.06434e+06	0
5.06444e+06	0
5.06454e+06	0
5.06464e+06	0
5.06474e+06	0
5.06484e+06	0
5.06494e+06	0
5.06504e+06	0
5.06514e+06	0
5.06524e+06	0
5.06534e+06	0
5.06544e+06	0
5.06554e+06	0
5.06564e+06	0
5.06574e+06	0
5.06584e+06	0
5.06594e+06	0
5.06604e+06	0
5.06614e+06	0
5.06624e+06	0
5.06634e+06	0
5.06644e+06	0
5.06654e+06	0
5.06664e+06	0
5.06674e+06	0
5.06684e+06	0
5.06694e+06	0
5.06704e+06	0
5.06714e+06	0
5.06724e+06	0
5.06734e+06	0
5.06744e+06	0
5.06754e+06	0
5.06764e+06	0
5.06774e+06	0
5.06784e+06	0
5.06794e+06	0
5.06804e+06	0
5.06814e+06	0
5.06824e+06	0
5.06834e+06	0
5.06844e+06	0
5.06854e+06	0
5.06864e+06	0
5.06874e+06	0
5.06884e+06	0
5.06894e+06	0
5.06904e+06	0
5.06914e+06	0
5.06924e+06	0
5.06934e+06	0
5.06944e+06	0
5.06954e+06	0
5.06964e+06	0
5.06974e+06	0
5.06984e+06	0
5.06994e+06	0
5.07004e+06	0
5.07014e+06	0
5.07024e+06	0
5.07034e+06	0
5.07044e+06	0
5.07054e+06	0
5.07064e+06	0
5.07074e+06	0
5.07084e+06	0
5.07094e+06	0
5.07104e+06	0
5.07114e+06	0
5.07124e+06	0
5.07134e+06	0
5.07144e+06	0
5.07154e+06	0
5.07164e+06	0
5.07174e+06	0
5.07184e+06	0
5.07194e+06	0
5.07204e+06	0
5.07214e+06	0
5.07224e+06	0
5.07234e+06	0
5.07244e+06	0
5.07254e+06	0
5.07264e+06	0
5.07274e+06	0
5.07284e+06	0
5.07294e+06	0
5.07304e+06	0
5.07314e+06	0
5.07324e+06	0
5.07334e+06	0
5.07344e+06	0
5.07354e+06	0
5.07364e+06	0
5.07374e+06	0
5.07384e+06	0
5.07394e+06	0
5.07404e+06	0
5.07414e+06	0
5.07424e+06	0
5.07434e+06	0
5.07444e+06	0
5.07454e+06	0
5.07464e+06	0
5.07474e+06	0
5.07484e+06	0
5.07494e+06	0
5.07504e+06	0
5.07514e+06	0
5.07524e+06	0
5.07534e+06	0
5.07544e+06	0
5.07554e+06	0
5.07564e+06	0
5.07574e+06	0
5.07584e+06	0
5.07594e+06	0
5.07604e+06	0
5.07614e+06	0
5.07624e+06	0
5.07634e+06	0
5.07644e+06	0
5.07654e+06	0
5.07664e+06	0
5.07674e+06	0
5.07684e+06	0
5.07694e+06	0
5.07704e+06	0
5.07714e+06	0
5.07724e+06	0
5.07734e+06	0
5.07744e+06	0
5.07754e+06	0
5.07764e+06	0
5.07774e+06	0
5.07784e+06	0
5.07794e+06	0
5.07804e+06	0
5.07814e+06	0
5.07824e+06	0
5.07834e+06	0
5.07844e+06	0
5.07854e+06	0
5.07864e+06	0
5.07874e+06	0
5.07884e+06	0
5.07894e+06	0
5.07904e+06	0
5.07914e+06	0
5.07924e+06	0
5.07934e+06	0
5.07944e+06	0
5.07954e+06	0
5.07964e+06	0
5.07974e+06	0
5.07984e+06	0
5.07994e+06	0
5.08004e+06	0
5.08014e+06	0
5.08024e+06	0
5.08034e+06	0
5.08044e+06	0
5.08054e+06	0
5.08064e+06	0
5.08074e+06	0
5.08084e+06	0
5.08094e+06	0
5.08104e+06	0
5.08114e+06	0
5.08124e+06	0
5.08134e+06	0
5.08144e+06	0
5.08154e+06	0
5.08164e+06	0
5.08174e+06	0
5.08184e+06	0
5.08194e+06	0
5.08204e+06	0
5.08214e+06	0
5.08224e+06	0
5.08234e+06	0
5.08244e+06	0
5.08254e+06	0
5.08264e+06	0
5.08274e+06	0
5.08284e+06	0
5.08294e+06	0
5.08304e+06	0
5.08314e+06	0
5.08324e+06	0
5.08334e+06	0
5.08344e+06	0
5.08354e+06	0
5.08364e+06	0
5.08374e+06	0
5.08384e+06	0
5.08394e+06	0
5.08404e+06	0
5.08414e+06	0
5.08424e+06	0
5.08434e+06	0
5.08444e+06	0
5.08454e+06	0
5.08464e+06	0
5.08474e+06	0
5.08484e+06	0
5.08494e+06	0
5.08504e+06	0
5.08514e+06	0
5.08524e+06	0
5.08534e+06	0
5.08544e+06	0
5.08554e+06	0
5.08564e+06	0
5.08574e+06	0
5.08584e+06	0
5.08594e+06	0
5.08604e+06	0
5.08614e+06	0
5.08624e+06	0
5.08634e+06	0
5.08644e+06	0
5.08654e+06	0
5.08664e+06	0
5.08674e+06	0
5.08684e+06	0
5.08694e+06	0
5.08704e+06	0
5.08714e+06	0
5.08724e+06	0
5.08734e+06	0
5.08744e+06	0
5.08754e+06	0
5.08764e+06	0
5.08774e+06	0
5.08784e+06	0
5.08794e+06	0
5.08804e+06	0
5.08814e+06	0
5.08824e+06	0
5.08834e+06	0
5.08844e+06	0
5.08854e+06	0
5.08864e+06	0
5.08874e+06	0
5.08884e+06	0
5.08894e+06	0
5.08904e+06	0
5.08914e+06	0
5.08924e+06	0
5.08934e+06	0
5.08944e+06	0
5.08954e+06	0
5.08964e+06	0
5.08974e+06	0
5.08984e+06	0
5.08994e+06	0
5.09004e+06	0
5.09014e+06	0
5.09024e+06	0
5.09034e+06	0
5.09044e+06	0
5.09054e+06	0
5.09064e+06	0
5.09074e+06	0
5.09084e+06	0
5.09094e+06	0
5.09104e+06	0
5.09114e+06	0
5.09124e+06	0
5.09134e+06	0
5.09144e+06	0
5.09154e+06	0
5.09164e+06	0
5.09174e+06	0
5.09184e+06	0
5.09194e+06	0
5.09204e+06	0
5.09214e+06	0
5.09224e+06	0
5.09234e+06	0
5.09244e+06	0
5.09254e+06	0
5.09264e+06	0
5.09274e+06	0
5.09284e+06	0
5.09294e+06	0
5.09304e+06	0
5.09314e+06	0
5.09324e+06	0
5.09334e+06	0
5.09344e+06	0
5.09354e+06	0
5.09364e+06	0
5.09374e+06	0
5.09384e+06	0
5.09394e+06	0
5.09404e+06	0
5.09414e+06	0
5.09424e+06	0
5.09434e+06	0
5.09444e+06	0
5.09454e+06	0
5.09464e+06	0
5.09474e+06	0
5.09484e+06	0
5.09494e+06	0
5.09504e+06	0
5.09514e+06	0
5.09524e+06	0
5.09534e+06	0
5.09544e+06	0
5.09554e+06	0
5.09564e+06	0
5.09574e+06	0
5.09584e+06	0
5.09594e+06	0
5.09604e+06	0
5.09614e+06	0
5.09624e+06	0
5.09634e+06	0
5.09644e+06	0
5.09654e+06	0
5.09664e+06	0
5.09674e+06	0
5.09684e+06	0
5.09694e+06	0
5.09704e+06	0
5.09714e+06	0
5.09724e+06	0
5.09734e+06	0
5.09744e+06	0
5.09754e+06	0
5.09764e+06	0
5.09774e+06	0
5.09784e+06	0
5.09794e+06	0
5.09804e+06	0
5.09814e+06	0
5.09824e+06	0
5.09834e+06	0
5.09844e+06	0
5.09854e+06	0
5.09864e+06	0
5.09874e+06	0
5.09884e+06	0
5.09894e+06	0
5.09904e+06	0
5.09914e+06	0
5.09924e+06	0
5.09934e+06	0
5.09944e+06	0
5.09954e+06	0
5.09964e+06	0
5.09974e+06	0
5.09984e+06	0
5.09994e+06	0
5.10004e+06	0
5.10014e+06	0
5.10024e+06	0
5.10034e+06	0
5.10044e+06	0
5.10054e+06	0
5.10064e+06	0
5.10074e+06	0
5.10084e+06	0
5.10094e+06	0
5.10104e+06	0
5.10114e+06	0
5.10124e+06	0
5.10134e+06	0
5.10144e+06	0
5.10154e+06	0
5.10164e+06	0
5.10174e+06	0
5.10184e+06	0
5.10194e+06	0
5.10204e+06	0
5.10214e+06	0
5.10224e+06	0
5.10234e+06	0
5.10244e+06	0
5.10254e+06	0
5.10264e+06	0
5.10274e+06	0
5.10284e+06	0
5.10294e+06	0
5.10304e+06	0
5.10314e+06	0
5.10324e+06	0
5.10334e+06	0
5.10344e+06	0
5.10354e+06	0
5.10364e+06	0
5.10374e+06	0
5.10384e+06	0
5.10394e+06	0
5.10404e+06	0
5.10414e+06	0
5.10424e+06	0
5.10434e+06	0
5.10444e+06	0
5.10454e+06	0
5.10464e+06	0
5.10474e+06	0
5.10484e+06	0
5.10494e+06	0
5.10504e+06	0
5.10514e+06	0
5.10524e+06	0
5.10534e+06	0
5.10544e+06	0
5.10554e+06	0
5.10564e+06	0
5.10574e+06	0
5.10584e+06	0
5.10594e+06	0
5.10604e+06	0
5.10614e+06	0
5.10624e+06	0
5.10634e+06	0
5.10644e+06	0
5.10654e+06	0
5.10664e+06	0
5.10674e+06	0
5.10684e+06	0
5.10694e+06	0
5.10704e+06	0
5.10714e+06	0
5.10724e+06	0
5.10734e+06	0
5.10744e+06	0
5.10754e+06	0
5.10764e+06	0
5.10774e+06	0
5.10784e+06	0
5.10794e+06	0
5.10804e+06	0
5.10814e+06	0
5.10824e+06	0
5.10834e+06	0
5.10844e+06	0
5.10854e+06	0
5.10864e+06	0
5.10874e+06	0
5.10884e+06	0
5.10894e+06	0
5.10904e+06	0
5.10914e+06	0
5.10924e+06	0
5.10934e+06	0
5.10944e+06	0
5.10954e+06	0
5.10964e+06	0
5.10974e+06	0
5.10984e+06	0
5.10994e+06	0
5.11004e+06	0
5.11014e+06	0
5.11024e+06	0
5.11034e+06	0
5.11044e+06	0
5.11054e+06	0
5.11064e+06	0
5.11074e+06	0
5.11084e+06	0
5.11094e+06	0
5.11104e+06	0
5.11114e+06	0
5.11124e+06	0
5.11134e+06	0
5.11144e+06	0
5.11154e+06	0
5.11164e+06	0
5.11174e+06	0
5.11184e+06	0
5.11194e+06	0
5.11204e+06	0
5.11214e+06	0
5.11224e+06	0
5.11234e+06	0
5.11244e+06	0
5.11254e+06	0
5.11264e+06	0
5.11274e+06	0
5.11284e+06	0
5.11294e+06	0
5.11304e+06	0
5.11314e+06	0
5.11324e+06	0
5.11334e+06	0
5.11344e+06	0
5.11354e+06	0
5.11364e+06	0
5.11374e+06	0
5.11384e+06	0
5.11394e+06	0
5.11404e+06	0
5.11414e+06	0
5.11424e+06	0
5.11434e+06	0
5.11444e+06	0
5.11454e+06	0
5.11464e+06	0
5.11474e+06	0
5.11484e+06	0
5.11494e+06	0
5.11504e+06	0
5.11514e+06	0
5.11524e+06	0
5.11534e+06	0
5.11544e+06	0
5.11554e+06	0
5.11564e+06	0
5.11574e+06	0
5.11584e+06	0
5.11594e+06	0
5.11604e+06	0
5.11614e+06	0
5.11624e+06	0
5.11634e+06	0
5.11644e+06	0
5.11654e+06	0
5.11664e+06	0
5.11674e+06	0
5.11684e+06	0
5.11694e+06	0
5.11704e+06	0
5.11714e+06	0
5.11724e+06	0
5.11734e+06	0
5.11744e+06	0
5.11754e+06	0
5.11764e+06	0
5.11774e+06	0
5.11784e+06	0
5.11794e+06	0
5.11804e+06	0
5.11814e+06	0
5.11824e+06	0
5.11834e+06	0
5.11844e+06	0
5.11854e+06	0
5.11864e+06	0
5.11874e+06	0
5.11884e+06	0
5.11894e+06	0
5.11904e+06	0
5.11914e+06	0
5.11924e+06	0
5.11934e+06	0
5.11944e+06	0
5.11954e+06	0
5.11964e+06	0
5.11974e+06	0
5.11984e+06	0
5.11994e+06	0
5.12004e+06	0
5.12014e+06	0
5.12024e+06	0
5.12034e+06	0
5.12044e+06	0
5.12054e+06	0
5.12064e+06	0
5.12074e+06	0
5.12084e+06	0
5.12094e+06	0
5.12104e+06	0
5.12114e+06	0
5.12124e+06	0
5.12134e+06	0
5.12144e+06	0
5.12154e+06	0
5.12164e+06	0
5.12174e+06	0
5.12184e+06	0
5.12194e+06	0
5.12204e+06	0
5.12214e+06	0
5.12224e+06	0
5.12234e+06	0
5.12244e+06	0
5.12254e+06	0
5.12264e+06	0
5.12274e+06	0
5.12284e+06	0
5.12294e+06	0
5.12304e+06	0
5.12314e+06	0
5.12324e+06	0
5.12334e+06	0
5.12344e+06	0
5.12354e+06	0
5.12364e+06	0
5.12374e+06	0
5.12384e+06	0
5.12394e+06	0
5.12404e+06	0
5.12414e+06	0
5.12424e+06	0
5.12434e+06	0
5.12444e+06	0
5.12454e+06	0
5.12464e+06	0
5.12474e+06	0
5.12484e+06	0
5.12494e+06	0
5.12504e+06	0
5.12514e+06	0
5.12524e+06	0
5.12534e+06	0
5.12544e+06	0
5.12554e+06	0
5.12564e+06	0
5.12574e+06	0
5.12584e+06	0
5.12594e+06	0
5.12604e+06	0
5.12614e+06	0
5.12624e+06	0
5.12634e+06	0
5.12644e+06	0
5.12654e+06	0
5.12664e+06	0
5.12674e+06	0
5.12684e+06	0
5.12694e+06	0
5.12704e+06	0
5.12714e+06	0
5.12724e+06	0
5.12734e+06	0
5.12744e+06	0
5.12754e+06	0
5.12764e+06	0
5.12774e+06	0
5.12784e+06	0
5.12794e+06	0
5.12804e+06	0
5.12814e+06	0
5.12824e+06	0
5.12834e+06	0
5.12844e+06	0
5.12854e+06	0
5.12864e+06	0
5.12874e+06	0
5.12884e+06	0
5.12894e+06	0
5.12904e+06	0
5.12914e+06	0
5.12924e+06	0
5.12934e+06	0
5.12944e+06	0
5.12954e+06	0
5.12964e+06	0
5.12974e+06	0
5.12984e+06	0
5.12994e+06	0
5.13004e+06	0
5.13014e+06	0
5.13024e+06	0
5.13034e+06	0
5.13044e+06	0
5.13054e+06	0
5.13064e+06	0
5.13074e+06	0
5.13084e+06	0
5.13094e+06	0
5.13104e+06	0
5.13114e+06	0
5.13124e+06	0
5.13134e+06	0
5.13144e+06	0
5.13154e+06	0
5.13164e+06	0
5.13174e+06	0
5.13184e+06	0
5.13194e+06	0
5.13204e+06	0
5.13214e+06	0
5.13224e+06	0
5.13234e+06	0
5.13244e+06	0
5.13254e+06	0
5.13264e+06	0
5.13274e+06	0
5.13284e+06	0
5.13294e+06	0
5.13304e+06	0
5.13314e+06	0
5.13324e+06	0
5.13334e+06	0
5.13344e+06	0
5.13354e+06	0
5.13364e+06	0
5.13374e+06	0
5.13384e+06	0
5.13394e+06	0
5.13404e+06	0
5.13414e+06	0
5.13424e+06	0
5.13434e+06	0
5.13444e+06	0
5.13454e+06	0
5.13464e+06	0
5.13474e+06	0
5.13484e+06	0
5.13494e+06	0
5.13504e+06	0
5.13514e+06	0
5.13524e+06	0
5.13534e+06	0
5.13544e+06	0
5.13554e+06	0
5.13564e+06	0
5.13574e+06	0
5.13584e+06	0
5.13594e+06	0
5.13604e+06	0
5.13614e+06	0
5.13624e+06	0
5.13634e+06	0
5.13644e+06	0
5.13654e+06	0
5.13664e+06	0
5.13674e+06	0
5.13684e+06	0
5.13694e+06	0
5.13704e+06	0
5.13714e+06	0
5.13724e+06	0
5.13734e+06	0
5.13744e+06	0
5.13754e+06	0
5.13764e+06	0
5.13774e+06	0
5.13784e+06	0
5.13794e+06	0
5.13804e+06	0
5.13814e+06	0
5.13824e+06	0
5.13834e+06	0
5.13844e+06	0
5.13854e+06	0
5.13864e+06	0
5.13874e+06	0
5.13884e+06	0
5.13894e+06	0
5.13904e+06	0
5.13914e+06	0
5.13924e+06	0
5.13934e+06	0
5.13944e+06	0
5.13954e+06	0
5.13964e+06	0
5.13974e+06	0
5.13984e+06	0
5.13994e+06	0
5.14004e+06	0
5.14014e+06	0
5.14024e+06	0
5.14034e+06	0
5.14044e+06	0
5.14054e+06	0
5.14064e+06	0
5.14074e+06	0
5.14084e+06	0
5.14094e+06	0
5.14104e+06	0
5.14114e+06	0
5.14124e+06	0
5.14134e+06	0
5.14144e+06	0
5.14154e+06	0
5.14164e+06	0
5.14174e+06	0
5.14184e+06	0
5.14194e+06	0
5.14204e+06	0
5.14214e+06	0
5.14224e+06	0
5.14234e+06	0
5.14244e+06	0
5.14254e+06	0
5.14264e+06	0
5.14274e+06	0
5.14284e+06	0
5.14294e+06	0
5.14304e+06	0
5.14314e+06	0
5.14324e+06	0
5.14334e+06	0
5.14344e+06	0
5.14354e+06	0
5.14364e+06	0
5.14374e+06	0
5.14384e+06	0
5.14394e+06	0
5.14404e+06	0
5.14414e+06	0
5.14424e+06	0
5.14434e+06	0
5.14444e+06	0
5.14454e+06	0
5.14464e+06	0
5.14474e+06	0
5.14484e+06	0
5.14494e+06	0
5.14504e+06	0
5.14514e+06	0
5.14524e+06	0
5.14534e+06	0
5.14544e+06	0
5.14554e+06	0
5.14564e+06	0
5.14574e+06	0
5.14584e+06	0
5.14594e+06	0
5.14604e+06	0
5.14614e+06	0
5.14624e+06	0
5.14634e+06	0
5.14644e+06	0
5.14654e+06	0
5.14664e+06	0
5.14674e+06	0
5.14684e+06	0
5.14694e+06	0
5.14704e+06	0
5.14714e+06	0
5.14724e+06	0
5.14734e+06	0
5.14744e+06	0
5.14754e+06	0
5.14764e+06	0
5.14774e+06	0
5.14784e+06	0
5.14794e+06	0
5.14804e+06	0
5.14814e+06	0
5.14824e+06	0
5.14834e+06	0
5.14844e+06	0
5.14854e+06	0
5.14864e+06	0
5.14874e+06	0
5.14884e+06	0
5.14894e+06	0
5.14904e+06	0
5.14914e+06	0
5.14924e+06	0
5.14934e+06	0
5.14944e+06	0
5.14954e+06	0
5.14964e+06	0
5.14974e+06	0
5.14984e+06	0
5.14994e+06	0
5.15004e+06	0
5.15014e+06	0
5.15024e+06	0
5.15034e+06	0
5.15044e+06	0
5.15054e+06	0
5.15064e+06	0
5.15074e+06	0
5.15084e+06	0
5.15094e+06	0
5.15104e+06	0
5.15114e+06	0
5.15124e+06	0
5.15134e+06	0
5.15144e+06	0
5.15154e+06	0
5.15164e+06	0
5.15174e+06	0
5.15184e+06	0
5.15194e+06	0
5.15204e+06	0
5.15214e+06	0
5.15224e+06	0
5.15234e+06	0
5.15244e+06	0
5.15254e+06	0
5.15264e+06	0
5.15274e+06	0
5.15284e+06	0
5.15294e+06	0
5.15304e+06	0
5.15314e+06	0
5.15324e+06	0
5.15334e+06	0
5.15344e+06	0
5.15354e+06	0
5.15364e+06	0
5.15374e+06	0
5.15384e+06	0
5.15394e+06	0
5.15404e+06	0
5.15414e+06	0
5.15424e+06	0
5.15434e+06	0
5.15444e+06	0
5.15454e+06	0
5.15464e+06	0
5.15474e+06	0
5.15484e+06	0
5.15494e+06	0
5.15504e+06	0
5.15514e+06	0
5.15524e+06	0
5.15534e+06	0
5.15544e+06	0
5.15554e+06	0
5.15564e+06	0
5.15574e+06	0
5.15584e+06	0
5.15594e+06	0
5.15604e+06	0
5.15614e+06	0
5.15624e+06	0
5.15634e+06	0
5.15644e+06	0
5.15654e+06	0
5.15664e+06	0
5.15674e+06	0
5.15684e+06	0
5.15694e+06	0
5.15704e+06	0
5.15714e+06	0
5.15724e+06	0
5.15734e+06	0
5.15744e+06	0
5.15754e+06	0
5.15764e+06	0
5.15774e+06	0
5.15784e+06	0
5.15794e+06	0
5.15804e+06	0
5.15814e+06	0
5.15824e+06	0
5.15834e+06	0
5.15844e+06	0
5.15854e+06	0
5.15864e+06	0
5.15874e+06	0
5.15884e+06	0
5.15894e+06	0
5.15904e+06	0
5.15914e+06	0
5.15924e+06	0
5.15934e+06	0
5.15944e+06	0
5.15954e+06	0
5.15964e+06	0
5.15974e+06	0
5.15984e+06	0
5.15994e+06	0
5.16004e+06	0
5.16014e+06	0
5.16024e+06	0
5.16034e+06	0
5.16044e+06	0
5.16054e+06	0
5.16064e+06	0
5.16074e+06	0
5.16084e+06	0
5.16094e+06	0
5.16104e+06	0
5.16114e+06	0
5.16124e+06	0
5.16134e+06	0
5.16144e+06	0
5.16154e+06	0
5.16164e+06	0
5.16174e+06	0
5.16184e+06	0
5.16194e+06	0
5.16204e+06	0
5.16214e+06	0
5.16224e+06	0
5.16234e+06	0
5.16244e+06	0
5.16254e+06	0
5.16264e+06	0
5.16274e+06	0
5.16284e+06	0
5.16294e+06	0
5.16304e+06	0
5.16314e+06	0
5.16324e+06	0
5.16334e+06	0
5.16344e+06	0
5.16354e+06	0
5.16364e+06	0
5.16374e+06	0
5.16384e+06	0
5.16394e+06	0
5.16404e+06	0
5.16414e+06	0
5.16424e+06	0
5.16434e+06	0
5.16444e+06	0
5.16454e+06	0
5.16464e+06	0
5.16474e+06	0
5.16484e+06	0
5.16494e+06	0
5.16504e+06	0
5.16514e+06	0
5.16524e+06	0
5.16534e+06	0
5.16544e+06	0
5.16554e+06	0
5.16564e+06	0
5.16574e+06	0
5.16584e+06	0
5.16594e+06	0
5.16604e+06	0
5.16614e+06	0
5.16624e+06	0
5.16634e+06	0
5.16644e+06	0
5.16654e+06	0
5.16664e+06	0
5.16674e+06	0
5.16684e+06	0
5.16694e+06	0
5.16704e+06	0
5.16714e+06	0
5.16724e+06	0
5.16734e+06	0
5.16744e+06	0
5.16754e+06	0
5.16764e+06	0
5.16774e+06	0
5.16784e+06	0
5.16794e+06	0
5.16804e+06	0
5.16814e+06	0
5.16824e+06	0
5.16834e+06	0
5.16844e+06	0
5.16854e+06	0
5.16864e+06	0
5.16874e+06	0
5.16884e+06	0
5.16894e+06	0
5.16904e+06	0
5.16914e+06	0
5.16924e+06	0
5.16934e+06	0
5.16944e+06	0
5.16954e+06	0
5.16964e+06	0
5.16974e+06	0
5.16984e+06	0
5.16994e+06	0
5.17004e+06	0
5.17014e+06	0
5.17024e+06	0
5.17034e+06	0
5.17044e+06	0
5.17054e+06	0
5.17064e+06	0
5.17074e+06	0
5.17084e+06	0
5.17094e+06	0
5.17104e+06	0
5.17114e+06	0
5.17124e+06	0
5.17134e+06	0
5.17144e+06	0
5.17154e+06	0
5.17164e+06	0
5.17174e+06	0
5.17184e+06	0
5.17194e+06	0
5.17204e+06	0
5.17214e+06	0
5.17224e+06	0
5.17234e+06	0
5.17244e+06	0
5.17254e+06	0
5.17264e+06	0
5.17274e+06	0
5.17284e+06	0
5.17294e+06	0
5.17304e+06	0
5.17314e+06	0
5.17324e+06	0
5.17334e+06	0
5.17344e+06	0
5.17354e+06	0
5.17364e+06	0
5.17374e+06	0
5.17384e+06	0
5.17394e+06	0
5.17404e+06	0
5.17414e+06	0
5.17424e+06	0
5.17434e+06	0
5.17444e+06	0
5.17454e+06	0
5.17464e+06	0
5.17474e+06	0
5.17484e+06	0
5.17494e+06	0
5.17504e+06	0
5.17514e+06	0
5.17524e+06	0
5.17534e+06	0
5.17544e+06	0
5.17554e+06	0
5.17564e+06	0
5.17574e+06	0
5.17584e+06	0
5.17594e+06	0
5.17604e+06	0
5.17614e+06	0
5.17624e+06	0
5.17634e+06	0
5.17644e+06	0
5.17654e+06	0
5.17664e+06	0
5.17674e+06	0
5.17684e+06	0
5.17694e+06	0
5.17704e+06	0
5.17714e+06	0
5.17724e+06	0
5.17734e+06	0
5.17744e+06	0
5.17754e+06	0
5.17764e+06	0
5.17774e+06	0
5.17784e+06	0
5.17794e+06	0
5.17804e+06	0
5.17814e+06	0
5.17824e+06	0
5.17834e+06	0
5.17844e+06	0
5.17854e+06	0
5.17864e+06	0
5.17874e+06	0
5.17884e+06	0
5.17894e+06	0
5.17904e+06	0
5.17914e+06	0
5.17924e+06	0
5.17934e+06	0
5.17944e+06	0
5.17954e+06	0
5.17964e+06	0
5.17974e+06	0
5.17984e+06	0
5.17994e+06	0
5.18004e+06	0
5.18014e+06	0
5.18024e+06	0
5.18034e+06	0
5.18044e+06	0
5.18054e+06	0
5.18064e+06	0
5.18074e+06	0
5.18084e+06	0
5.18094e+06	0
5.18104e+06	0
5.18114e+06	0
5.18124e+06	0
5.18134e+06	0
5.18144e+06	0
5.18154e+06	0
5.18164e+06	0
5.18174e+06	0
5.18184e+06	0
5.18194e+06	0
5.18204e+06	0
5.18214e+06	0
5.18224e+06	0
5.18234e+06	0
5.18244e+06	0
5.18254e+06	0
5.18264e+06	0
5.18274e+06	0
5.18284e+06	0
5.18294e+06	0
5.18304e+06	0
5.18314e+06	0
5.18324e+06	0
5.18334e+06	0
5.18344e+06	0
5.18354e+06	0
5.18364e+06	0
5.18374e+06	0
5.18384e+06	0
5.18394e+06	0
5.18404e+06	0
5.18414e+06	0
5.18424e+06	0
5.18434e+06	0
5.18444e+06	0
5.18454e+06	0
5.18464e+06	0
5.18474e+06	0
5.18484e+06	0
5.18494e+06	0
5.18504e+06	0
5.18514e+06	0
5.18524e+06	0
5.18534e+06	0
5.18544e+06	0
5.18554e+06	0
5.18564e+06	0
5.18574e+06	0
5.18584e+06	0
5.18594e+06	0
5.18604e+06	0
5.18614e+06	0
5.18624e+06	0
5.18634e+06	0
5.18644e+06	0
5.18654e+06	0
5.18664e+06	0
5.18674e+06	0
5.18684e+06	0
5.18694e+06	0
5.18704e+06	0
5.18714e+06	0
5.18724e+06	0
5.18734e+06	0
5.18744e+06	0
5.18754e+06	0
5.18764e+06	0
5.18774e+06	0
5.18784e+06	0
5.18794e+06	0
5.18804e+06	0
5.18814e+06	0
5.18824e+06	0
5.18834e+06	0
5.18844e+06	0
5.18854e+06	0
5.18864e+06	0
5.18874e+06	0
5.18884e+06	0
5.18894e+06	0
5.18904e+06	0
5.18914e+06	0
5.18924e+06	0
5.18934e+06	0
5.18944e+06	0
5.18954e+06	0
5.18964e+06	0
5.18974e+06	0
5.18984e+06	0
5.18994e+06	0
5.19004e+06	0
5.19014e+06	0
5.19024e+06	0
5.19034e+06	0
5.19044e+06	0
5.19054e+06	0
5.19064e+06	0
5.19074e+06	0
5.19084e+06	0
5.19094e+06	0
5.19104e+06	0
5.19114e+06	0
5.19124e+06	0
5.19134e+06	0
5.19144e+06	0
5.19154e+06	0
5.19164e+06	0
5.19174e+06	0
5.19184e+06	0
5.19194e+06	0
5.19204e+06	0
5.19214e+06	0
5.19224e+06	0
5.19234e+06	0
5.19244e+06	0
5.19254e+06	0
5.19264e+06	0
5.19274e+06	0
5.19284e+06	0
5.19294e+06	0
5.19304e+06	0
5.19314e+06	0
5.19324e+06	0
5.19334e+06	0
5.19344e+06	0
5.19354e+06	0
5.19364e+06	0
5.19374e+06	0
5.19384e+06	0
5.19394e+06	0
5.19404e+06	0
5.19414e+06	0
5.19424e+06	0
5.19434e+06	0
5.19444e+06	0
5.19454e+06	0
5.19464e+06	0
5.19474e+06	0
5.19484e+06	0
5.19494e+06	0
5.19504e+06	0
5.19514e+06	0
5.19524e+06	0
5.19534e+06	0
5.19544e+06	0
5.19554e+06	0
5.19564e+06	0
5.19574e+06	0
5.19584e+06	0
5.19594e+06	0
5.19604e+06	0
5.19614e+06	0
5.19624e+06	0
5.19634e+06	0
5.19644e+06	0
5.19654e+06	0
5.19664e+06	0
5.19674e+06	0
5.19684e+06	0
5.19694e+06	0
5.19704e+06	0
5.19714e+06	0
5.19724e+06	0
5.19734e+06	0
5.19744e+06	0
5.19754e+06	0
5.19764e+06	0
5.19774e+06	0
5.19784e+06	0
5.19794e+06	0
5.19804e+06	0
5.19814e+06	0
5.19824e+06	0
5.19834e+06	0
5.19844e+06	0
5.19854e+06	0
5.19864e+06	0
5.19874e+06	0
5.19884e+06	0
5.19894e+06	0
5.19904e+06	0
5.19914e+06	0
5.19924e+06	0
5.19934e+06	0
5.19944e+06	0
5.19954e+06	0
5.19964e+06	0
5.19974e+06	0
5.19984e+06	0
5.19994e+06	0
5.20004e+06	0
5.20014e+06	0
5.20024e+06	0
5.20034e+06	0
5.20044e+06	0
5.20054e+06	0
5.20064e+06	0
5.20074e+06	0
5.20084e+06	0
5.20094e+06	0
5.20104e+06	0
5.20114e+06	0
5.20124e+06	0
5.20134e+06	0
5.20144e+06	0
5.20154e+06	0
5.20164e+06	0
5.20174e+06	0
5.20184e+06	0
5.20194e+06	0
5.20204e+06	0
5.20214e+06	0
5.20224e+06	0
5.20234e+06	0
5.20244e+06	0
5.20254e+06	0
5.20264e+06	0
5.20274e+06	0
5.20284e+06	0
5.20294e+06	0
5.20304e+06	0
5.20314e+06	0
5.20324e+06	0
5.20334e+06	0
5.20344e+06	0
5.20354e+06	0
5.20364e+06	0
5.20374e+06	0
5.20384e+06	0
5.20394e+06	0
5.20404e+06	0
5.20414e+06	0
5.20424e+06	0
5.20434e+06	0
5.20444e+06	0
5.20454e+06	0
5.20464e+06	0
5.20474e+06	0
5.20484e+06	0
5.20494e+06	0
5.20504e+06	0
5.20514e+06	0
5.20524e+06	0
5.20534e+06	0
5.20544e+06	0
5.20554e+06	0
5.20564e+06	0
5.20574e+06	0
5.20584e+06	0
5.20594e+06	0
5.20604e+06	0
5.20614e+06	0
5.20624e+06	0
5.20634e+06	0
5.20644e+06	0
5.20654e+06	0
5.20664e+06	0
5.20674e+06	0
5.20684e+06	0
5.20694e+06	0
5.20704e+06	0
5.20714e+06	0
5.20724e+06	0
5.20734e+06	0
5.20744e+06	0
5.20754e+06	0
5.20764e+06	0
5.20774e+06	0
5.20784e+06	0
5.20794e+06	0
5.20804e+06	0
5.20814e+06	0
5.20824e+06	0
5.20834e+06	0
5.20844e+06	0
5.20854e+06	0
5.20864e+06	0
5.20874e+06	0
5.20884e+06	0
5.20894e+06	0
5.20904e+06	0
5.20914e+06	0
5.20924e+06	0
5.20934e+06	0
5.20944e+06	0
5.20954e+06	0
5.20964e+06	0
5.20974e+06	0
5.20984e+06	0
5.20994e+06	0
5.21004e+06	0
5.21014e+06	0
5.21024e+06	0
5.21034e+06	0
5.21044e+06	0
5.21054e+06	0
5.21064e+06	0
5.21074e+06	0
5.21084e+06	0
5.21094e+06	0
5.21104e+06	0
5.21114e+06	0
5.21124e+06	0
5.21134e+06	0
5.21144e+06	0
5.21154e+06	0
5.21164e+06	0
5.21174e+06	0
5.21184e+06	0
5.21194e+06	0
5.21204e+06	0
5.21214e+06	0
5.21224e+06	0
5.21234e+06	0
5.21244e+06	0
5.21254e+06	0
5.21264e+06	0
5.21274e+06	0
5.21284e+06	0
5.21294e+06	0
5.21304e+06	0
5.21314e+06	0
5.21324e+06	0
5.21334e+06	0
5.21344e+06	0
5.21354e+06	0
5.21364e+06	0
5.21374e+06	0
5.21384e+06	0
5.21394e+06	0
5.21404e+06	0
5.21414e+06	0
5.21424e+06	0
5.21434e+06	0
5.21444e+06	0
5.21454e+06	0
5.21464e+06	0
5.21474e+06	0
5.21484e+06	0
5.21494e+06	0
5.21504e+06	0
5.21514e+06	0
5.21524e+06	0
5.21534e+06	0
5.21544e+06	0
5.21554e+06	0
5.21564e+06	0
5.21574e+06	0
5.21584e+06	0
5.21594e+06	0
5.21604e+06	0
5.21614e+06	0
5.21624e+06	0
5.21634e+06	0
5.21644e+06	0
5.21654e+06	0
5.21664e+06	0
5.21674e+06	0
5.21684e+06	0
5.21694e+06	0
5.21704e+06	0
5.21714e+06	0
5.21724e+06	0
5.21734e+06	0
5.21744e+06	0
5.21754e+06	0
5.21764e+06	0
5.21774e+06	0
5.21784e+06	0
5.21794e+06	0
5.21804e+06	0
5.21814e+06	0
5.21824e+06	0
5.21834e+06	0
5.21844e+06	0
5.21854e+06	0
5.21864e+06	0
5.21874e+06	0
5.21884e+06	0
5.21894e+06	0
5.21904e+06	0
5.21914e+06	0
5.21924e+06	0
5.21934e+06	0
5.21944e+06	0
5.21954e+06	0
5.21964e+06	0
5.21974e+06	0
5.21984e+06	0
5.21994e+06	0
5.22004e+06	0
5.22014e+06	0
5.22024e+06	0
5.22034e+06	0
5.22044e+06	0
5.22054e+06	0
5.22064e+06	0
5.22074e+06	0
5.22084e+06	0
5.22094e+06	0
5.22104e+06	0
5.22114e+06	0
5.22124e+06	0
5.22134e+06	0
5.22144e+06	0
5.22154e+06	0
5.22164e+06	0
5.22174e+06	0
5.22184e+06	0
5.22194e+06	0
5.22204e+06	0
5.22214e+06	0
5.22224e+06	0
5.22234e+06	0
5.22244e+06	0
5.22254e+06	0
5.22264e+06	0
5.22274e+06	0
5.22284e+06	0
5.22294e+06	0
5.22304e+06	0
5.22314e+06	0
5.22324e+06	0
5.22334e+06	0
5.22344e+06	0
5.22354e+06	0
5.22364e+06	0
5.22374e+06	0
5.22384e+06	0
5.22394e+06	0
5.22404e+06	0
5.22414e+06	0
5.22424e+06	0
5.22434e+06	0
5.22444e+06	0
5.22454e+06	0
5.22464e+06	0
5.22474e+06	0
5.22484e+06	0
5.22494e+06	0
5.22504e+06	0
5.22514e+06	0
5.22524e+06	0
5.22534e+06	0
5.22544e+06	0
5.22554e+06	0
5.22564e+06	0
5.22574e+06	0
5.22584e+06	0
5.22594e+06	0
5.22604e+06	0
5.22614e+06	0
5.22624e+06	0
5.22634e+06	0
5.22644e+06	0
5.22654e+06	0
5.22664e+06	0
5.22674e+06	0
5.22684e+06	0
5.22694e+06	0
5.22704e+06	0
5.22714e+06	0
5.22724e+06	0
5.22734e+06	0
5.22744e+06	0
5.22754e+06	0
5.22764e+06	0
5.22774e+06	0
5.22784e+06	0
5.22794e+06	0
5.22804e+06	0
5.22814e+06	0
5.22824e+06	0
5.22834e+06	0
5.22844e+06	0
5.22854e+06	0
5.22864e+06	0
5.22874e+06	0
5.22884e+06	0
5.22894e+06	0
5.22904e+06	0
5.22914e+06	0
5.22924e+06	0
5.22934e+06	0
5.22944e+06	0
5.22954e+06	0
5.22964e+06	0
5.22974e+06	0
5.22984e+06	0
5.22994e+06	0
5.23004e+06	0
5.23014e+06	0
5.23024e+06	0
5.23034e+06	0
5.23044e+06	0
5.23054e+06	0
5.23064e+06	0
5.23074e+06	0
5.23084e+06	0
5.23094e+06	0
5.23104e+06	0
5.23114e+06	0
5.23124e+06	0
5.23134e+06	0
5.23144e+06	0
5.23154e+06	0
5.23164e+06	0
5.23174e+06	0
5.23184e+06	0
5.23194e+06	0
5.23204e+06	0
5.23214e+06	0
5.23224e+06	0
5.23234e+06	0
5.23244e+06	0
5.23254e+06	0
5.23264e+06	0
5.23274e+06	0
5.23284e+06	0
5.23294e+06	0
5.23304e+06	0
5.23314e+06	0
5.23324e+06	0
5.23334e+06	0
5.23344e+06	0
5.23354e+06	0
5.23364e+06	0
5.23374e+06	0
5.23384e+06	0
5.23394e+06	0
5.23404e+06	0
5.23414e+06	0
5.23424e+06	0
5.23434e+06	0
5.23444e+06	0
5.23454e+06	0
5.23464e+06	0
5.23474e+06	0
5.23484e+06	0
5.23494e+06	0
5.23504e+06	0
5.23514e+06	0
5.23524e+06	0
5.23534e+06	0
5.23544e+06	0
5.23554e+06	0
5.23564e+06	0
5.23574e+06	0
5.23584e+06	0
5.23594e+06	0
5.23604e+06	0
5.23614e+06	0
5.23624e+06	0
5.23634e+06	0
5.23644e+06	0
5.23654e+06	0
5.23664e+06	0
5.23674e+06	0
5.23684e+06	0
5.23694e+06	0
5.23704e+06	0
5.23714e+06	0
5.23724e+06	0
5.23734e+06	0
5.23744e+06	0
5.23754e+06	0
5.23764e+06	0
5.23774e+06	0
5.23784e+06	0
5.23794e+06	0
5.23804e+06	0
5.23814e+06	0
5.23824e+06	0
5.23834e+06	0
5.23844e+06	0
5.23854e+06	0
5.23864e+06	0
5.23874e+06	0
5.23884e+06	0
5.23894e+06	0
5.23904e+06	0
5.23914e+06	0
5.23924e+06	0
5.23934e+06	0
5.23944e+06	0
5.23954e+06	0
5.23964e+06	0
5.23974e+06	0
5.23984e+06	0
5.23994e+06	0
5.24004e+06	0
5.24014e+06	0
5.24024e+06	0
5.24034e+06	0
5.24044e+06	0
5.24054e+06	0
5.24064e+06	0
5.24074e+06	0
5.24084e+06	0
5.24094e+06	0
5.24104e+06	0
5.24114e+06	0
5.24124e+06	0
5.24134e+06	0
5.24144e+06	0
5.24154e+06	0
5.24164e+06	0
5.24174e+06	0
5.24184e+06	0
5.24194e+06	0
5.24204e+06	0
5.24214e+06	0
5.24224e+06	0
5.24234e+06	0
5.24244e+06	0
5.24254e+06	0
5.24264e+06	0
5.24274e+06	0
5.24284e+06	0
5.24294e+06	0
5.24304e+06	0
5.24314e+06	0
5.24324e+06	0
5.24334e+06	0
5.24344e+06	0
5.24354e+06	0
5.24364e+06	0
5.24374e+06	0
5.24384e+06	0
5.24394e+06	0
5.24404e+06	0
5.24414e+06	0
5.24424e+06	0
5.24434e+06	0
5.24444e+06	0
5.24454e+06	0
5.24464e+06	0
5.24474e+06	0
5.24484e+06	0
5.24494e+06	0
5.24504e+06	0
5.24514e+06	0
5.24524e+06	0
5.24534e+06	0
5.24544e+06	0
5.24554e+06	0
5.24564e+06	0
5.24574e+06	0
5.24584e+06	0
5.24594e+06	0
5.24604e+06	0
5.24614e+06	0
5.24624e+06	0
5.24634e+06	0
5.24644e+06	0
5.24654e+06	0
5.24664e+06	0
5.24674e+06	0
5.24684e+06	0
5.24694e+06	0
5.24704e+06	0
5.24714e+06	0
5.24724e+06	0
5.24734e+06	0
5.24744e+06	0
5.24754e+06	0
5.24764e+06	0
5.24774e+06	0
5.24784e+06	0
5.24794e+06	0
5.24804e+06	0
5.24814e+06	0
5.24824e+06	0
5.24834e+06	0
5.24844e+06	0
5.24854e+06	0
5.24864e+06	0
5.24874e+06	0
5.24884e+06	0
5.24894e+06	0
5.24904e+06	0
5.24914e+06	0
5.24924e+06	0
5.24934e+06	0
5.24944e+06	0
5.24954e+06	0
5.24964e+06	0
5.24974e+06	0
5.24984e+06	0
5.24994e+06	0
5.25004e+06	0
5.25014e+06	0
5.25024e+06	0
5.25034e+06	0
5.25044e+06	0
5.25054e+06	0
5.25064e+06	0
5.25074e+06	0
5.25084e+06	0
5.25094e+06	0
5.25104e+06	0
5.25114e+06	0
5.25124e+06	0
5.25134e+06	0
5.25144e+06	0
5.25154e+06	0
5.25164e+06	0
5.25174e+06	0
5.25184e+06	0
5.25194e+06	0
5.25204e+06	0
5.25214e+06	0
5.25224e+06	0
5.25234e+06	0
5.25244e+06	0
5.25254e+06	0
5.25264e+06	0
5.25274e+06	0
5.25284e+06	0
5.25294e+06	0
5.25304e+06	0
5.25314e+06	0
5.25324e+06	0
5.25334e+06	0
5.25344e+06	0
5.25354e+06	0
5.25364e+06	0
5.25374e+06	0
5.25384e+06	0
5.25394e+06	0
5.25404e+06	0
5.25414e+06	0
5.25424e+06	0
5.25434e+06	0
5.25444e+06	0
5.25454e+06	0
5.25464e+06	0
5.25474e+06	0
5.25484e+06	0
5.25494e+06	0
5.25504e+06	0
5.25514e+06	0
5.25524e+06	0
5.25534e+06	0
5.25544e+06	0
5.25554e+06	0
5.25564e+06	0
5.25574e+06	0
5.25584e+06	0
5.25594e+06	0
5.25604e+06	0
5.25614e+06	0
5.25624e+06	0
5.25634e+06	0
5.25644e+06	0
5.25654e+06	0
5.25664e+06	0
5.25674e+06	0
5.25684e+06	0
5.25694e+06	0
5.25704e+06	0
5.25714e+06	0
5.25724e+06	0
5.25734e+06	0
5.25744e+06	0
5.25754e+06	0
5.25764e+06	0
5.25774e+06	0
5.25784e+06	0
5.25794e+06	0
5.25804e+06	0
5.25814e+06	0
5.25824e+06	0
5.25834e+06	0
5.25844e+06	0
5.25854e+06	0
5.25864e+06	0
5.25874e+06	0
5.25884e+06	0
5.25894e+06	0
5.25904e+06	0
5.25914e+06	0
5.25924e+06	0
5.25934e+06	0
5.25944e+06	0
5.25954e+06	0
5.25964e+06	0
5.25974e+06	0
5.25984e+06	0
5.25994e+06	0
5.26004e+06	0
5.26014e+06	0
5.26024e+06	0
5.26034e+06	0
5.26044e+06	0
5.26054e+06	0
5.26064e+06	0
5.26074e+06	0
5.26084e+06	0
5.26094e+06	0
5.26104e+06	0
5.26114e+06	0
5.26124e+06	0
5.26134e+06	0
5.26144e+06	0
5.26154e+06	0
5.26164e+06	0
5.26174e+06	0
5.26184e+06	0
5.26194e+06	0
5.26204e+06	0
5.26214e+06	0
5.26224e+06	0
5.26234e+06	0
5.26244e+06	0
5.26254e+06	0
5.26264e+06	0
5.26274e+06	0
5.26284e+06	0
5.26294e+06	0
5.26304e+06	0
5.26314e+06	0
5.26324e+06	0
5.26334e+06	0
5.26344e+06	0
5.26354e+06	0
5.26364e+06	0
5.26374e+06	0
5.26384e+06	0
5.26394e+06	0
5.26404e+06	0
5.26414e+06	0
5.26424e+06	0
5.26434e+06	0
5.26444e+06	0
5.26454e+06	0
5.26464e+06	0
5.26474e+06	0
5.26484e+06	0
5.26494e+06	0
5.26504e+06	0
5.26514e+06	0
5.26524e+06	0
5.26534e+06	0
5.26544e+06	0
5.26554e+06	0
5.26564e+06	0
5.26574e+06	0
5.26584e+06	0
5.26594e+06	0
5.26604e+06	0
5.26614e+06	0
5.26624e+06	0
5.26634e+06	0
5.26644e+06	0
5.26654e+06	0
5.26664e+06	0
5.26674e+06	0
5.26684e+06	0
5.26694e+06	0
5.26704e+06	0
5.26714e+06	0
5.26724e+06	0
5.26734e+06	0
5.26744e+06	0
5.26754e+06	0
5.26764e+06	0
5.26774e+06	0
5.26784e+06	0
5.26794e+06	0
5.26804e+06	0
5.26814e+06	0
5.26824e+06	0
5.26834e+06	0
5.26844e+06	0
5.26854e+06	0
5.26864e+06	0
5.26874e+06	0
5.26884e+06	0
5.26894e+06	0
5.26904e+06	0
5.26914e+06	0
5.26924e+06	0
5.26934e+06	0
5.26944e+06	0
5.26954e+06	0
5.26964e+06	0
5.26974e+06	0
5.26984e+06	0
5.26994e+06	0
5.27004e+06	0
5.27014e+06	0
5.27024e+06	0
5.27034e+06	0
5.27044e+06	0
5.27054e+06	0
5.27064e+06	0
5.27074e+06	0
5.27084e+06	0
5.27094e+06	0
5.27104e+06	0
5.27114e+06	0
5.27124e+06	0
5.27134e+06	0
5.27144e+06	0
5.27154e+06	0
5.27164e+06	0
5.27174e+06	0
5.27184e+06	0
5.27194e+06	0
5.27204e+06	0
5.27214e+06	0
5.27224e+06	0
5.27234e+06	0
5.27244e+06	0
5.27254e+06	0
5.27264e+06	0
5.27274e+06	0
5.27284e+06	0
5.27294e+06	0
5.27304e+06	0
5.27314e+06	0
5.27324e+06	0
5.27334e+06	0
5.27344e+06	0
5.27354e+06	0
5.27364e+06	0
5.27374e+06	0
5.27384e+06	0
5.27394e+06	0
5.27404e+06	0
5.27414e+06	0
5.27424e+06	0
5.27434e+06	0
5.27444e+06	0
5.27454e+06	0
5.27464e+06	0
5.27474e+06	0
5.27484e+06	0
5.27494e+06	0
5.27504e+06	0
5.27514e+06	0
5.27524e+06	0
5.27534e+06	0
5.27544e+06	0
5.27554e+06	0
5.27564e+06	0
5.27574e+06	0
5.27584e+06	0
5.27594e+06	0
5.27604e+06	0
5.27614e+06	0
5.27624e+06	0
5.27634e+06	0
5.27644e+06	0
5.27654e+06	0
5.27664e+06	0
5.27674e+06	0
5.27684e+06	0
5.27694e+06	0
5.27704e+06	0
5.27714e+06	0
5.27724e+06	0
5.27734e+06	0
5.27744e+06	0
5.27754e+06	0
5.27764e+06	0
5.27774e+06	0
5.27784e+06	0
5.27794e+06	0
5.27804e+06	0
5.27814e+06	0
5.27824e+06	0
5.27834e+06	0
5.27844e+06	0
5.27854e+06	0
5.27864e+06	0
5.27874e+06	0
5.27884e+06	0
5.27894e+06	0
5.27904e+06	0
5.27914e+06	0
5.27924e+06	0
5.27934e+06	0
5.27944e+06	0
5.27954e+06	0
5.27964e+06	0
5.27974e+06	0
5.27984e+06	0
5.27994e+06	0
5.28004e+06	0
5.28014e+06	0
5.28024e+06	0
5.28034e+06	0
5.28044e+06	0
5.28054e+06	0
5.28064e+06	0
5.28074e+06	0
5.28084e+06	0
5.28094e+06	0
5.28104e+06	0
5.28114e+06	0
5.28124e+06	0
5.28134e+06	0
5.28144e+06	0
5.28154e+06	0
5.28164e+06	0
5.28174e+06	0
5.28184e+06	0
5.28194e+06	0
5.28204e+06	0
5.28214e+06	0
5.28224e+06	0
5.28234e+06	0
5.28244e+06	0
5.28254e+06	0
5.28264e+06	0
5.28274e+06	0
5.28284e+06	0
5.28294e+06	0
5.28304e+06	0
5.28314e+06	0
5.28324e+06	0
5.28334e+06	0
5.28344e+06	0
5.28354e+06	0
5.28364e+06	0
5.28374e+06	0
5.28384e+06	0
5.28394e+06	0
5.28404e+06	0
5.28414e+06	0
5.28424e+06	0
5.28434e+06	0
5.28444e+06	0
5.28454e+06	0
5.28464e+06	0
5.28474e+06	0
5.28484e+06	0
5.28494e+06	0
5.28504e+06	0
5.28514e+06	0
5.28524e+06	0
5.28534e+06	0
5.28544e+06	0
5.28554e+06	0
5.28564e+06	0
5.28574e+06	0
5.28584e+06	0
5.28594e+06	0
5.28604e+06	0
5.28614e+06	0
5.28624e+06	0
5.28634e+06	0
5.28644e+06	0
5.28654e+06	0
5.28664e+06	0
5.28674e+06	0
5.28684e+06	0
5.28694e+06	0
5.28704e+06	0
5.28714e+06	0
5.28724e+06	0
5.28734e+06	0
5.28744e+06	0
5.28754e+06	0
5.28764e+06	0
5.28774e+06	0
5.28784e+06	0
5.28794e+06	0
5.28804e+06	0
5.28814e+06	0
5.28824e+06	0
5.28834e+06	0
5.28844e+06	0
5.28854e+06	0
5.28864e+06	0
5.28874e+06	0
5.28884e+06	0
5.28894e+06	0
5.28904e+06	0
5.28914e+06	0
5.28924e+06	0
5.28934e+06	0
5.28944e+06	0
5.28954e+06	0
5.28964e+06	0
5.28974e+06	0
5.28984e+06	0
5.28994e+06	0
5.29004e+06	0
5.29014e+06	0
5.29024e+06	0
5.29034e+06	0
5.29044e+06	0
5.29054e+06	0
5.29064e+06	0
5.29074e+06	0
5.29084e+06	0
5.29094e+06	0
5.29104e+06	0
5.29114e+06	0
5.29124e+06	0
5.29134e+06	0
5.29144e+06	0
5.29154e+06	0
5.29164e+06	0
5.29174e+06	0
5.29184e+06	0
5.29194e+06	0
5.29204e+06	0
5.29214e+06	0
5.29224e+06	0
5.29234e+06	0
5.29244e+06	0
5.29254e+06	0
5.29264e+06	0
5.29274e+06	0
5.29284e+06	0
5.29294e+06	0
5.29304e+06	0
5.29314e+06	0
5.29324e+06	0
5.29334e+06	0
5.29344e+06	0
5.29354e+06	0
5.29364e+06	0
5.29374e+06	0
5.29384e+06	0
5.29394e+06	0
5.29404e+06	0
5.29414e+06	0
5.29424e+06	0
5.29434e+06	0
5.29444e+06	0
5.29454e+06	0
5.29464e+06	0
5.29474e+06	0
5.29484e+06	0
5.29494e+06	0
5.29504e+06	0
5.29514e+06	0
5.29524e+06	0
5.29534e+06	0
5.29544e+06	0
5.29554e+06	0
5.29564e+06	0
5.29574e+06	0
5.29584e+06	0
5.29594e+06	0
5.29604e+06	0
5.29614e+06	0
5.29624e+06	0
5.29634e+06	0
5.29644e+06	0
5.29654e+06	0
5.29664e+06	0
5.29674e+06	0
5.29684e+06	0
5.29694e+06	0
5.29704e+06	0
5.29714e+06	0
5.29724e+06	0
5.29734e+06	0
5.29744e+06	0
5.29754e+06	0
5.29764e+06	0
5.29774e+06	0
5.29784e+06	0
5.29794e+06	0
5.29804e+06	0
5.29814e+06	0
5.29824e+06	0
5.29834e+06	0
5.29844e+06	0
5.29854e+06	0
5.29864e+06	0
5.29874e+06	0
5.29884e+06	0
5.29894e+06	0
5.29904e+06	0
5.29914e+06	0
5.29924e+06	0
5.29934e+06	0
5.29944e+06	0
5.29954e+06	0
5.29964e+06	0
5.29974e+06	0
5.29984e+06	0
5.29994e+06	0
5.30004e+06	0
5.30014e+06	0
5.30024e+06	0
5.30034e+06	0
5.30044e+06	0
5.30054e+06	0
5.30064e+06	0
5.30074e+06	0
5.30084e+06	0
5.30094e+06	0
5.30104e+06	0
5.30114e+06	0
5.30124e+06	0
5.30134e+06	0
5.30144e+06	0
5.30154e+06	0
5.30164e+06	0
5.30174e+06	0
5.30184e+06	0
5.30194e+06	0
5.30204e+06	0
5.30214e+06	0
5.30224e+06	0
5.30234e+06	0
5.30244e+06	0
5.30254e+06	0
5.30264e+06	0
5.30274e+06	0
5.30284e+06	0
5.30294e+06	0
5.30304e+06	0
5.30314e+06	0
5.30324e+06	0
5.30334e+06	0
5.30344e+06	0
5.30354e+06	0
5.30364e+06	0
5.30374e+06	0
5.30384e+06	0
5.30394e+06	0
5.30404e+06	0
5.30414e+06	0
5.30424e+06	0
5.30434e+06	0
5.30444e+06	0
5.30454e+06	0
5.30464e+06	0
5.30474e+06	0
5.30484e+06	0
5.30494e+06	0
5.30504e+06	0
5.30514e+06	0
5.30524e+06	0
5.30534e+06	0
5.30544e+06	0
5.30554e+06	0
5.30564e+06	0
5.30574e+06	0
5.30584e+06	0
5.30594e+06	0
5.30604e+06	0
5.30614e+06	0
5.30624e+06	0
5.30634e+06	0
5.30644e+06	0
5.30654e+06	0
5.30664e+06	0
5.30674e+06	0
5.30684e+06	0
5.30694e+06	0
5.30704e+06	0
5.30714e+06	0
5.30724e+06	0
5.30734e+06	0
5.30744e+06	0
5.30754e+06	0
5.30764e+06	0
5.30774e+06	0
5.30784e+06	0
5.30794e+06	0
5.30804e+06	0
5.30814e+06	0
5.30824e+06	0
5.30834e+06	0
5.30844e+06	0
5.30854e+06	0
5.30864e+06	0
5.30874e+06	0
5.30884e+06	0
5.30894e+06	0
5.30904e+06	0
5.30914e+06	9.88131e-324
5.30924e+06	4.94066e-322
5.30934e+06	2.28308e-320
5.30944e+06	1.04544e-318
5.30954e+06	4.73974e-317
5.30964e+06	2.12749e-315
5.30974e+06	9.45451e-314
5.30984e+06	4.15975e-312
5.30994e+06	1.81198e-310
5.31004e+06	7.81438e-309
5.31014e+06	3.33652e-307
5.31024e+06	1.41042e-305
5.31034e+06	5.90287e-304
5.31044e+06	2.44587e-302
5.31054e+06	1.00337e-300
5.31064e+06	4.07517e-299
5.31074e+06	1.63865e-297
5.31084e+06	6.52357e-296
5.31094e+06	2.57123e-294
5.31104e+06	1.00335e-292
5.31114e+06	3.87635e-291
5.31124e+06	1.48269e-289
5.31134e+06	5.6148e-288
5.31144e+06	2.10511e-286
5.31154e+06	7.81399e-285
5.31164e+06	2.87163e-283
5.31174e+06	1.04482e-281
5.31184e+06	3.76365e-280
5.31194e+06	1.34226e-278
5.31204e+06	4.73935e-277
5.31214e+06	1.65676e-275
5.31224e+06	5.73398e-274
5.31234e+06	1.96477e-272
5.31244e+06	6.66534e-271
5.31254e+06	2.23867e-269
5.31264e+06	7.44417e-268
5.31274e+06	2.45075e-266
5.31284e+06	7.98801e-265
5.31294e+06	2.57772e-263
5.31304e+06	8.23548e-262
5.31314e+06	2.60495e-260
5.31324e+06	8.1577e-259
5.31334e+06	2.52926e-257
5.31344e+06	7.76381e-256
5.31354e+06	2.35947e-254
5.31364e+06	7.09921e-253
5.31374e+06	2.11477e-251
5.31384e+06	6.23697e-250
5.31394e+06	1.82113e-248
5.31404e+06	5.26459e-247
5.31414e+06	1.50677e-245
5.31424e+06	4.26958e-244
5.31434e+06	1.19779e-242
5.31444e+06	3.32685e-241
5.31454e+06	9.14834e-240
5.31464e+06	2.49063e-238
5.31474e+06	6.71325e-237
5.31484e+06	1.79149e-235
5.31494e+06	4.73316e-234
5.31504e+06	1.23807e-232
5.31514e+06	3.20626e-231
5.31524e+06	8.22067e-230
5.31534e+06	2.08676e-228
5.31544e+06	5.24441e-227
5.31554e+06	1.3049e-225
5.31564e+06	3.2145e-224
5.31574e+06	7.83986e-223
5.31584e+06	1.89304e-221
5.31594e+06	4.52551e-220
5.31604e+06	1.07111e-218
5.31614e+06	2.5099e-217
5.31624e+06	5.82285e-216
5.31634e+06	1.33743e-214
5.31644e+06	3.04134e-213
5.31654e+06	6.84725e-212
5.31664e+06	1.52624e-210
5.31674e+06	3.36813e-209
5.31684e+06	7.35887e-208
5.31694e+06	1.5918e-206
5.31704e+06	3.40899e-205
5.31714e+06	7.22801e-204
5.31724e+06	1.51729e-202
5.31734e+06	3.15338e-201
5.31744e+06	6.48844e-200
5.31754e+06	1.32179e-198
5.31764e+06	2.66588e-197
5.31774e+06	5.32323e-196
5.31784e+06	1.05237e-194
5.31794e+06	2.05976e-193
5.31804e+06	3.99139e-192
5.31814e+06	7.65751e-191
5.31824e+06	1.45448e-189
5.31834e+06	2.73518e-188
5.31844e+06	5.09238e-187
5.31854e+06	9.38669e-186
5.31864e+06	1.71302e-184
5.31874e+06	3.09505e-183
5.31884e+06	5.53643e-182
5.31894e+06	9.80506e-181
5.31904e+06	1.7192e-179
5.31914e+06	2.98443e-178
5.31924e+06	5.12924e-177
5.31934e+06	8.72772e-176
5.31944e+06	1.4703e-174
5.31954e+06	2.45227e-173
5.31964e+06	4.04938e-172
5.31974e+06	6.6201e-171
5.31984e+06	1.07151e-169
5.31994e+06	1.71707e-168
5.32004e+06	2.72418e-167
5.32014e+06	4.27899e-166
5.32024e+06	6.65431e-165
5.32034e+06	1.02452e-163
5.32044e+06	1.5617e-162
5.32054e+06	2.35684e-161
5.32064e+06	3.52144e-160
5.32074e+06	5.20916e-159
5.32084e+06	7.62907e-158
5.32094e+06	1.1062e-156
5.32104e+06	1.588e-155
5.32114e+06	2.25697e-154
5.32124e+06	3.17584e-153
5.32134e+06	4.42433e-152
5.32144e+06	6.10231e-151
5.32154e+06	8.33293e-150
5.32164e+06	1.12657e-148
5.32174e+06	1.50791e-147
5.32184e+06	1.99825e-146
5.32194e+06	2.6217e-145
5.32204e+06	3.40542e-144
5.32214e+06	4.37942e-143
5.32224e+06	5.57596e-142
5.32234e+06	7.02878e-141
5.32244e+06	8.77196e-140
5.32254e+06	1.08385e-138
5.32264e+06	1.32587e-137
5.32274e+06	1.60579e-136
5.32284e+06	1.92546e-135
5.32294e+06	2.2858e-134
5.32304e+06	2.68656e-133
5.32314e+06	3.12617e-132
5.32324e+06	3.60153e-131
5.32334e+06	4.10787e-130
5.32344e+06	4.63879e-129
5.32354e+06	5.1862e-128
5.32364e+06	5.74052e-127
5.32374e+06	6.29085e-126
5.32384e+06	6.82536e-125
5.32394e+06	7.33159e-124
5.32404e+06	7.79701e-123
5.32414e+06	8.20947e-122
5.32424e+06	8.55774e-121
5.32434e+06	8.83202e-120
5.32444e+06	9.0244e-119
5.32454e+06	9.12921e-118
5.32464e+06	9.14336e-117
5.32474e+06	9.0664e-116
5.32484e+06	8.90064e-115
5.32494e+06	8.65097e-114
5.32504e+06	8.32463e-113
5.32514e+06	7.9309e-112
5.32524e+06	7.48061e-111
5.32534e+06	6.98568e-110
5.32544e+06	6.45859e-109
5.32554e+06	5.91185e-108
5.32564e+06	5.35755e-107
5.32574e+06	4.80691e-106
5.32584e+06	4.26995e-105
5.32594e+06	3.75524e-104
5.32604e+06	3.2697e-103
5.32614e+06	2.81862e-102
5.32624e+06	2.40559e-101
5.32634e+06	2.03266e-100
5.32644e+06	1.70045e-99
5.32654e+06	1.40838e-98
5.32664e+06	1.15487e-97
5.32674e+06	9.3757e-97
5.32684e+06	7.53583e-96
5.32694e+06	5.99675e-95
5.32704e+06	4.72452e-94
5.32714e+06	3.68516e-93
5.32724e+06	2.84585e-92
5.32734e+06	2.17583e-91
5.32744e+06	1.64701e-90
5.32754e+06	1.23431e-89
5.32764e+06	9.15813e-89
5.32774e+06	6.72742e-88
5.32784e+06	4.89268e-87
5.32794e+06	3.52291e-86
5.32804e+06	2.51139e-85
5.32814e+06	1.77249e-84
5.32824e+06	1.23854e-83
5.32834e+06	8.5683e-83
5.32844e+06	5.86862e-82
5.32854e+06	3.97955e-81
5.32864e+06	2.67171e-80
5.32874e+06	1.77583e-79
5.32884e+06	1.16861e-78
5.32894e+06	7.61372e-78
5.32904e+06	4.91112e-77
5.32914e+06	3.13633e-76
5.32924e+06	1.98298e-75
5.32934e+06	1.24129e-74
5.32944e+06	7.69283e-74
5.32954e+06	4.72014e-73
5.32964e+06	2.86736e-72
5.32974e+06	1.72451e-71
5.32984e+06	1.02685e-70
5.32994e+06	6.05346e-70
5.33004e+06	3.53312e-69
5.33014e+06	2.0416e-68
5.33024e+06	1.16799e-67
5.33034e+06	6.61557e-67
5.33044e+06	3.7098e-66
5.33054e+06	2.05964e-65
5.33064e+06	1.13211e-64
5.33074e+06	6.16093e-64
5.33084e+06	3.31939e-63
5.33094e+06	1.77063e-62
5.33104e+06	9.35096e-62
5.33114e+06	4.88924e-61
5.33124e+06	2.53095e-60
5.33134e+06	1.29713e-59
5.33144e+06	6.58172e-59
5.33154e+06	3.30638e-58
5.33164e+06	1.64447e-57
5.33174e+06	8.09756e-57
5.33184e+06	3.94767e-56
5.33194e+06	1.90539e-55
5.33204e+06	9.10512e-55
5.33214e+06	4.30769e-54
5.33224e+06	2.01772e-53
5.33234e+06	9.35698e-53
5.33244e+06	4.29603e-52
5.33254e+06	1.9528e-51
5.33264e+06	8.7883e-51
5.33274e+06	3.91571e-50
5.33284e+06	1.72732e-49
5.33294e+06	7.54387e-49
5.33304e+06	3.26192e-48
5.33314e+06	1.3964e-47
5.33324e+06	5.91841e-47
5.33334e+06	2.48347e-46
5.33344e+06	1.03174e-45
5.33354e+06	4.24365e-45
5.33364e+06	1.7281e-44
5.33374e+06	6.96715e-44
5.33384e+06	2.781e-43
5.33394e+06	1.09902e-42
5.33404e+06	4.29999e-42
5.33414e+06	1.66567e-41
5.33424e+06	6.38809e-41
5.33434e+06	2.42556e-40
5.33444e+06	9.11825e-40
5.33454e+06	3.39368e-39
5.33464e+06	1.25052e-38
5.33474e+06	4.56215e-38
5.33484e+06	1.64781e-37
5.33494e+06	5.89261e-37
5.33504e+06	2.08626e-36
5.33514e+06	7.31289e-36
5.33524e+06	2.53788e-35
5.33534e+06	8.71996e-35
5.33544e+06	2.96633e-34
5.33554e+06	9.99049e-34
5.33564e+06	3.33132e-33
5.33574e+06	1.09979e-32
5.33584e+06	3.59471e-32
5.33594e+06	1.16327e-31
5.33604e+06	3.72705e-31
5.33614e+06	1.18226e-30
5.33624e+06	3.71299e-30
5.33634e+06	1.15452e-29
5.33644e+06	3.55422e-29
5.33654e+06	1.08332e-28
5.33664e+06	3.26913e-28
5.33674e+06	9.76738e-28
5.33684e+06	2.8893e-27
5.33694e+06	8.46206e-27
5.33704e+06	2.45375e-26
5.33714e+06	7.0446e-26
5.33724e+06	2.00242e-25
5.33734e+06	5.63542e-25
5.33744e+06	1.57026e-24
5.33754e+06	4.33205e-24
5.33764e+06	1.18329e-23
5.33774e+06	3.20014e-23
5.33784e+06	8.56893e-23
5.33794e+06	2.27177e-22
5.33804e+06	5.96329e-22
5.33814e+06	1.54986e-21
5.33824e+06	3.98827e-21
5.33834e+06	1.01617e-20
5.33844e+06	2.56352e-20
5.33854e+06	6.40327e-20
5.33864e+06	1.58366e-19
5.33874e+06	3.87811e-19
5.33884e+06	9.40328e-19
5.33894e+06	2.25757e-18
5.33904e+06	5.36674e-18
5.33914e+06	1.26325e-17
5.33924e+06	2.94429e-17
5.33934e+06	6.79501e-17
5.33944e+06	1.55282e-16
5.33954e+06	3.51378e-16
5.33964e+06	7.87334e-16
5.33974e+06	1.74694e-15
5.33984e+06	3.83826e-15
5.33994e+06	8.35095e-15
5.34004e+06	1.79923e-14
5.34014e+06	3.83877e-14
5.34024e+06	8.11072e-14
5.34034e+06	1.69705e-13
5.34044e+06	3.51645e-13
5.34054e+06	7.21597e-13
5.34064e+06	1.46648e-12
5.34074e+06	2.95156e-12
5.34084e+06	5.88346e-12
5.34094e+06	1.16152e-11
5.34104e+06	2.27114e-11
5.34114e+06	4.39838e-11
5.34124e+06	8.43688e-11
5.34134e+06	1.60296e-10
5.34144e+06	3.01664e-10
5.34154e+06	5.62338e-10
5.34164e+06	1.03838e-09
5.34174e+06	1.89935e-09
5.34184e+06	3.44162e-09
5.34194e+06	6.17786e-09
5.34204e+06	1.09861e-08
5.34214e+06	1.93549e-08
5.34224e+06	3.37826e-08
5.34234e+06	5.84202e-08
5.34244e+06	1.00095e-07
5.34254e+06	1.69925e-07
5.34264e+06	2.85828e-07
5.34274e+06	4.764e-07
5.34284e+06	7.8681e-07
5.34294e+06	1.28769e-06
5.34304e+06	2.08836e-06
5.34314e+06	3.35635e-06
5.34324e+06	5.34572e-06
5.34334e+06	8.43787e-06
5.34344e+06	1.31995e-05
5.34354e+06	2.04639e-05
5.34364e+06	3.14437e-05
5.34374e+06	4.78854e-05
5.34384e+06	7.22773e-05
5.34394e+06	0.000108127
5.34404e+06	0.000160328
5.34414e+06	0.000235629
5.34424e+06	0.000343236
5.34434e+06	0.000495571
5.34444e+06	0.000709198
5.34454e+06	0.00100595
5.34464e+06	0.00141427
5.34474e+06	0.00197075
5.34484e+06	0.00272189
5.34494e+06	0.00372601
5.34504e+06	0.0050553
5.34514e+06	0.00679784
5.34524e+06	0.0090596
5.34534e+06	0.0119661
5.34544e+06	0.0156636
5.34554e+06	0.0203198
5.34564e+06	0.0261229
5.34574e+06	0.0332804
5.34584e+06	0.0420154
5.34594e+06	0.0525617
5.34604e+06	0.0651568
5.34614e+06	0.0800325
5.34624e+06	0.0974041
5.34634e+06	0.117457
5.34644e+06	0.140333
5.34654e+06	0.166114
5.34664e+06	0.194807
5.34674e+06	0.226331
5.34684e+06	0.260503
5.34694e+06	0.297028
5.34704e+06	0.335496
5.34714e+06	0.375378
5.34724e+06	0.416037
5.34734e+06	0.456737
5.34744e+06	0.496661
5.34754e+06	0.534938
5.34764e+06	0.570672
5.34774e+06	0.602976
5.34784e+06	0.631007
5.34794e+06	0.654004
5.34804e+06	0.671322
5.34814e+06	0.682459
5.34824e+06	0.687084
5.34834e+06	0.685053
5.34844e+06	0.676413
5.34854e+06	0.661403
5.34864e+06	0.640444
5.34874e+06	0.614116
5.34884e+06	0.583134
5.34894e+06	0.548315
5.34904e+06	0.51054
5.34914e+06	0.47072
5.34924e+06	0.429758
5.34934e+06	0.388517
5.34944e+06	0.34779
5.34954e+06	0.308276
5.34964e+06	0.270567
5.34974e+06	0.235137
5.34984e+06	0.202335
5.34994e+06	0.172396
5.35004e+06	0.145439
5.35014e+06	0.121488
5.35024e+06	0.10048
5.35034e+06	0.082285
5.35044e+06	0.0667193
5.35054e+06	0.0535637
5.35064e+06	0.0425773
5.35074e+06	0.0335097
5.35084e+06	0.0261126
5.35094e+06	0.0201473
5.35104e+06	0.0153913
5.35114e+06	0.0116423
5.35124e+06	0.00872016
5.35134e+06	0.00646818
5.35144e+06	0.00475225
5.35154e+06	0.00345981
5.35164e+06	0.00249793
5.35174e+06	0.00179122
5.35184e+06	0.00127944
5.35194e+06	0.000915314
5.35204e+06	0.000662332
5.35214e+06	0.00049282
5.35224e+06	0.00038623
5.35234e+06	0.000327663
5.35244e+06	0.000306641
5.35254e+06	0.000316078
5.35264e+06	0.000351455
5.35274e+06	0.000410141
5.35284e+06	0.00049085
5.35294e+06	0.00059319
5.35304e+06	0.000717299
5.35314e+06	0.000863536
5.35324e+06	0.00103222
5.35334e+06	0.00122338
5.35344e+06	0.00143662
5.35354e+06	0.0016709
5.35364e+06	0.00192443
5.35374e+06	0.00219459
5.35384e+06	0.00247791
5.35394e+06	0.00277005
5.35404e+06	0.00306586
5.35414e+06	0.00335951
5.35424e+06	0.00364468
5.35434e+06	0.00391471
5.35444e+06	0.00416292
5.35454e+06	0.00438282
5.35464e+06	0.00456842
5.35474e+06	0.0047145
5.35484e+06	0.00481685
5.35494e+06	0.00487244
5.35504e+06	0.00487964
5.35514e+06	0.00483822
5.35524e+06	0.00474943
5.35534e+06	0.00461587
5.35544e+06	0.00444143
5.35554e+06	0.00423106
5.35564e+06	0.00399054
5.35574e+06	0.00372625
5.35584e+06	0.00344485
5.35594e+06	0.003153
5.35604e+06	0.00285717
5.35614e+06	0.00256333
5.35624e+06	0.00227683
5.35634e+06	0.00200223
5.35644e+06	0.00174322
5.35654e+06	0.00150262
5.35664e+06	0.00128234
5.35674e+06	0.00108346
5.35684e+06	0.000906322
5.35694e+06	0.000750598
5.35704e+06	0.000615446
5.35714e+06	0.000499608
5.35724e+06	0.000401537
5.35734e+06	0.000319506
5.35744e+06	0.000251703
5.35754e+06	0.000196316
5.35764e+06	0.000151594
5.35774e+06	0.000115894
5.35784e+06	8.77204e-05
5.35794e+06	6.5735e-05
5.35804e+06	4.87696e-05
5.35814e+06	3.58227e-05
5.35824e+06	2.60511e-05
5.35834e+06	1.87564e-05
5.35844e+06	1.337e-05
5.35854e+06	9.43557e-06
5.35864e+06	6.5927e-06
5.35874e+06	4.56053e-06
5.35884e+06	3.12338e-06
5.35894e+06	2.11783e-06
5.35904e+06	1.42172e-06
5.35914e+06	9.44918e-07
5.35924e+06	6.21772e-07
5.35934e+06	4.05066e-07
5.35944e+06	2.61263e-07
5.35954e+06	1.66834e-07
5.35964e+06	1.05475e-07
5.35974e+06	6.60198e-08
5.35984e+06	4.09123e-08
5.35994e+06	2.5101e-08
5.36004e+06	1.5247e-08
5.36014e+06	9.16927e-09
5.36024e+06	5.45937e-09
5.36034e+06	3.21816e-09
5.36044e+06	1.87815e-09
5.36054e+06	1.0852e-09
5.36064e+06	6.2079e-10
5.36074e+06	3.51591e-10
5.36084e+06	1.97146e-10
5.36094e+06	1.09445e-10
5.36104e+06	6.01534e-11
5.36114e+06	3.27327e-11
5.36124e+06	1.76344e-11
5.36134e+06	9.40579e-12
5.36144e+06	4.96693e-12
5.36154e+06	2.59679e-12
5.36164e+06	1.34414e-12
5.36174e+06	6.88823e-13
5.36184e+06	3.49485e-13
5.36194e+06	1.75552e-13
5.36204e+06	8.73054e-14
5.36214e+06	4.29866e-14
5.36224e+06	2.09547e-14
5.36234e+06	1.01132e-14
5.36244e+06	4.83227e-15
5.36254e+06	2.28597e-15
5.36264e+06	1.07065e-15
5.36274e+06	4.96458e-16
5.36284e+06	2.27916e-16
5.36294e+06	1.03591e-16
5.36304e+06	4.66153e-17
5.36314e+06	2.07678e-17
5.36324e+06	9.16031e-18
5.36334e+06	4.00025e-18
5.36344e+06	1.7295e-18
5.36354e+06	7.40306e-19
5.36364e+06	3.13732e-19
5.36374e+06	1.31633e-19
5.36384e+06	5.46796e-20
5.36394e+06	2.24877e-20
5.36404e+06	9.15631e-21
5.36414e+06	3.69108e-21
5.36424e+06	1.47314e-21
5.36434e+06	5.82091e-22
5.36444e+06	2.27717e-22
5.36454e+06	8.81975e-23
5.36464e+06	3.38201e-23
5.36474e+06	1.28396e-23
5.36484e+06	4.82594e-24
5.36494e+06	1.79586e-24
5.36504e+06	6.61635e-25
5.36514e+06	2.41336e-25
5.36524e+06	8.7153e-26
5.36534e+06	3.11602e-26
5.36544e+06	1.103e-26
5.36554e+06	3.86551e-27
5.36564e+06	1.34121e-27
5.36574e+06	4.60725e-28
5.36584e+06	1.56691e-28
5.36594e+06	5.276e-29
5.36604e+06	1.75882e-29
5.36614e+06	5.80491e-30
5.36624e+06	1.89682e-30
5.36634e+06	6.13642e-31
5.36644e+06	1.96544e-31
5.36654e+06	6.23251e-32
5.36664e+06	1.95669e-32
5.36674e+06	6.08189e-33
5.36684e+06	1.8716e-33
5.36694e+06	5.70221e-34
5.36704e+06	1.72001e-34
5.36714e+06	5.13659e-35
5.36724e+06	1.51872e-35
5.36734e+06	4.44566e-36
5.36744e+06	1.2884e-36
5.36754e+06	3.69679e-37
5.36764e+06	1.05016e-37
5.36774e+06	2.95353e-38
5.36784e+06	8.22405e-39
5.36794e+06	2.26718e-39
5.36804e+06	6.18792e-40
5.36814e+06	1.67209e-40
5.36824e+06	4.47335e-41
5.36834e+06	1.18485e-41
5.36844e+06	3.10705e-42
5.36854e+06	8.06662e-43
5.36864e+06	2.07344e-43
5.36874e+06	5.27655e-44
5.36884e+06	1.32943e-44
5.36894e+06	3.31617e-45
5.36904e+06	8.18964e-46
5.36914e+06	2.0024e-46
5.36924e+06	4.84723e-47
5.36934e+06	1.1617e-47
5.36944e+06	2.75645e-48
5.36954e+06	6.47537e-49
5.36964e+06	1.50604e-49
5.36974e+06	3.46788e-50
5.36984e+06	7.90586e-51
5.36994e+06	1.7844e-51
5.37004e+06	3.98741e-52
5.37014e+06	8.82159e-53
5.37024e+06	1.93224e-53
5.37034e+06	4.19016e-54
5.37044e+06	8.99618e-55
5.37054e+06	1.91224e-55
5.37064e+06	4.02424e-56
5.37074e+06	8.38461e-57
5.37084e+06	1.72957e-57
5.37094e+06	3.53225e-58
5.37104e+06	7.14203e-59
5.37114e+06	1.42971e-59
5.37124e+06	2.83356e-60
5.37134e+06	5.55998e-61
5.37144e+06	1.08012e-61
5.37154e+06	2.07743e-62
5.37164e+06	3.95584e-63
5.37174e+06	7.45775e-64
5.37184e+06	1.39198e-64
5.37194e+06	2.57228e-65
5.37204e+06	4.70606e-66
5.37214e+06	8.52423e-67
5.37224e+06	1.52866e-67
5.37234e+06	2.71407e-68
5.37244e+06	4.77079e-69
5.37254e+06	8.30263e-70
5.37264e+06	1.43053e-70
5.37274e+06	2.44027e-71
5.37284e+06	4.12131e-72
5.37294e+06	6.89111e-73
5.37304e+06	1.14077e-73
5.37314e+06	1.86968e-74
5.37324e+06	3.03384e-75
5.37334e+06	4.87388e-76
5.37344e+06	7.75201e-77
5.37354e+06	1.2207e-77
5.37364e+06	1.90311e-78
5.37374e+06	2.93747e-79
5.37384e+06	4.48892e-80
5.37394e+06	6.7915e-81
5.37404e+06	1.0173e-81
5.37414e+06	1.50864e-82
5.37424e+06	2.21504e-83
5.37434e+06	3.21984e-84
5.37444e+06	4.63387e-85
5.37454e+06	6.60254e-86
5.37464e+06	9.31397e-87
5.37474e+06	1.30081e-87
5.37484e+06	1.79868e-88
5.37494e+06	2.46234e-89
5.37504e+06	3.33734e-90
5.37514e+06	4.47826e-91
5.37524e+06	5.94944e-92
5.37534e+06	7.82526e-93
5.37544e+06	1.01901e-93
5.37554e+06	1.31376e-94
5.37564e+06	1.67691e-95
5.37574e+06	2.11915e-96
5.37584e+06	2.65137e-97
5.37594e+06	3.28425e-98
5.37604e+06	4.02772e-99
5.37614e+06	4.89034e-100
5.37624e+06	5.87862e-101
5.37634e+06	6.99631e-102
5.37644e+06	8.24366e-103
5.37654e+06	9.61674e-104
5.37664e+06	1.11069e-104
5.37674e+06	1.27003e-105
5.37684e+06	1.43778e-106
5.37694e+06	1.6115e-107
5.37704e+06	1.78823e-108
5.37714e+06	1.9646e-109
5.37724e+06	2.13688e-110
5.37734e+06	2.30115e-111
5.37744e+06	2.45339e-112
5.37754e+06	2.58967e-113
5.37764e+06	2.70633e-114
5.37774e+06	2.8001e-115
5.37784e+06	2.86829e-116
5.37794e+06	2.9089e-117
5.37804e+06	2.92074e-118
5.37814e+06	2.90344e-119
5.37824e+06	2.85753e-120
5.37834e+06	2.78437e-121
5.37844e+06	2.68608e-122
5.37854e+06	2.56547e-123
5.37864e+06	2.4259e-124
5.37874e+06	2.2711e-125
5.37884e+06	2.10502e-126
5.37894e+06	1.93167e-127
5.37904e+06	1.75496e-128
5.37914e+06	1.57855e-129
5.37924e+06	1.40575e-130
5.37934e+06	1.2394e-131
5.37944e+06	1.08187e-132
5.37954e+06	9.34964e-134
5.37964e+06	7.99966e-135
5.37974e+06	6.7765e-136
5.37984e+06	5.68324e-137
5.37994e+06	4.71893e-138
5.38004e+06	3.87926e-139
5.38014e+06	3.15726e-140
5.38024e+06	2.54407e-141
5.38034e+06	2.02958e-142
5.38044e+06	1.60302e-143
5.38054e+06	1.25351e-144
5.38064e+06	9.70455e-146
5.38074e+06	7.4384e-147
5.38084e+06	5.6447e-148
5.38094e+06	4.24091e-149
5.38104e+06	3.15453e-150
5.38114e+06	2.3231e-151
5.38124e+06	1.69378e-152
5.38134e+06	1.22265e-153
5.38144e+06	8.73789e-155
5.38154e+06	6.18255e-156
5.38164e+06	4.33097e-157
5.38174e+06	3.00372e-158
5.38184e+06	2.06249e-159
5.38194e+06	1.4021e-160
5.38204e+06	9.43684e-162
5.38214e+06	6.28824e-163
5.38224e+06	4.14848e-164
5.38234e+06	2.70961e-165
5.38244e+06	1.75219e-166
5.38254e+06	1.12179e-167
5.38264e+06	7.1105e-169
5.38274e+06	4.46216e-170
5.38284e+06	2.77235e-171
5.38294e+06	1.70532e-172
5.38304e+06	1.03854e-173
5.38314e+06	6.26177e-175
5.38324e+06	3.7379e-176
5.38334e+06	2.2091e-177
5.38344e+06	1.29259e-178
5.38354e+06	7.48793e-180
5.38364e+06	4.29458e-181
5.38374e+06	2.43858e-182
5.38384e+06	1.37091e-183
5.38394e+06	7.63026e-185
5.38404e+06	4.20462e-186
5.38414e+06	2.29388e-187
5.38424e+06	1.239e-188
5.38434e+06	6.62567e-190
5.38444e+06	3.50788e-191
5.38454e+06	1.83873e-192
5.38464e+06	9.54216e-194
5.38474e+06	4.90267e-195
5.38484e+06	2.49389e-196
5.38494e+06	1.25596e-197
5.38504e+06	6.26231e-199
5.38514e+06	3.09136e-200
5.38524e+06	1.51085e-201
5.38534e+06	7.31054e-203
5.38544e+06	3.50216e-204
5.38554e+06	1.66103e-205
5.38564e+06	7.7997e-207
5.38574e+06	3.62606e-208
5.38584e+06	1.66897e-209
5.38594e+06	7.60537e-211
5.38604e+06	3.43122e-212
5.38614e+06	1.53262e-213
5.38624e+06	6.7776e-215
5.38634e+06	2.96739e-216
5.38644e+06	1.28627e-217
5.38654e+06	5.52007e-219
5.38664e+06	2.34539e-220
5.38674e+06	9.86604e-222
5.38684e+06	4.10892e-223
5.38694e+06	1.69422e-224
5.38704e+06	6.9162e-226
5.38714e+06	2.79527e-227
5.38724e+06	1.1185e-228
5.38734e+06	4.43104e-230
5.38744e+06	1.73793e-231
5.38754e+06	6.74865e-233
5.38764e+06	2.59452e-234
5.38774e+06	9.87543e-236
5.38784e+06	3.72144e-237
5.38794e+06	1.38843e-238
5.38804e+06	5.12852e-240
5.38814e+06	1.87551e-241
5.38824e+06	6.7905e-243
5.38834e+06	2.43412e-244
5.38844e+06	8.63853e-246
5.38854e+06	3.03525e-247
5.38864e+06	1.05586e-248
5.38874e+06	3.63642e-250
5.38884e+06	1.23994e-251
5.38894e+06	4.18584e-253
5.38904e+06	1.39902e-254
5.38914e+06	4.62934e-256
5.38924e+06	1.51661e-257
5.38934e+06	4.91908e-259
5.38944e+06	1.57962e-260
5.38954e+06	5.02201e-262
5.38964e+06	1.58074e-263
5.38974e+06	4.92605e-265
5.38984e+06	1.51983e-266
5.38994e+06	4.64246e-268
5.39004e+06	1.40397e-269
5.39014e+06	4.20364e-271
5.39024e+06	1.24609e-272
5.39034e+06	3.65706e-274
5.39044e+06	1.0626e-275
5.39054e+06	3.05679e-277
5.39064e+06	8.706e-279
5.39074e+06	2.45487e-280
5.39084e+06	6.85323e-282
5.39094e+06	1.89417e-283
5.39104e+06	5.18322e-285
5.39114e+06	1.40423e-286
5.39124e+06	3.76645e-288
5.39134e+06	1.0002e-289
5.39144e+06	2.62963e-291
5.39154e+06	6.84479e-293
5.39164e+06	1.76394e-294
5.39174e+06	4.50053e-296
5.39184e+06	1.13684e-297
5.39194e+06	2.84312e-299
5.39204e+06	7.03958e-301
5.39214e+06	1.72566e-302
5.39224e+06	4.18814e-304
5.39234e+06	1.00634e-305
5.39244e+06	2.39399e-307
5.39254e+06	5.63845e-309
5.39264e+06	1.31478e-310
5.39274e+06	3.03532e-312
5.39284e+06	6.93765e-314
5.39294e+06	1.56992e-315
5.39304e+06	3.51722e-317
5.39314e+06	7.80149e-319
5.39324e+06	1.71342e-320
5.39334e+06	3.70549e-322
5.39344e+06	9.88131e-324
5.39354e+06	0
5.39364e+06	0
5.39374e+06	0
5.39384e+06	0
5.39394e+06	0
5.39404e+06	0
5.39414e+06	0
5.39424e+06	0
5.39434e+06	0
5.39444e+06	0
5.39454e+06	0
5.39464e+06	0
5.39474e+06	0
5.39484e+06	0
5.39494e+06	0
5.39504e+06	0
5.39514e+06	0
5.39524e+06	0
5.39534e+06	0
5.39544e+06	0
5.39554e+06	0
5.39564e+06	0
5.39574e+06	0
5.39584e+06	0
5.39594e+06	0
5.39604e+06	0
5.39614e+06	0
5.39624e+06	0
5.39634e+06	0
5.39644e+06	0
5.39654e+06	0
5.39664e+06	0
5.39674e+06	0
5.39684e+06	0
5.39694e+06	0
5.39704e+06	0
5.39714e+06	0
5.39724e+06	0
5.39734e+06	0
5.39744e+06	0
5.39754e+06	0
5.39764e+06	0
5.39774e+06	0
5.39784e+06	0
5.39794e+06	0
5.39804e+06	0
5.39814e+06	0
5.39824e+06	0
5.39834e+06	0
5.39844e+06	0
5.39854e+06	0
5.39864e+06	0
5.39874e+06	0
5.39884e+06	0
5.39894e+06	0
5.39904e+06	0
5.39914e+06	0
5.39924e+06	0
5.39934e+06	0
5.39944e+06	0
5.39954e+06	0
5.39964e+06	0
5.39974e+06	0
5.39984e+06	0
5.39994e+06	0
5.40004e+06	0
5.40014e+06	0
5.40024e+06	0
5.40034e+06	0
5.40044e+06	0
5.40054e+06	0
5.40064e+06	0
5.40074e+06	0
5.40084e+06	0
5.40094e+06	0
5.40104e+06	0
5.40114e+06	0
5.40124e+06	0
5.40134e+06	0
5.40144e+06	0
5.40154e+06	0
5.40164e+06	0
5.40174e+06	0
5.40184e+06	0
5.40194e+06	0
5.40204e+06	0
5.40214e+06	0
5.40224e+06	0
5.40234e+06	0
5.40244e+06	0
5.40254e+06	0
5.40264e+06	0
5.40274e+06	0
5.40284e+06	0
5.40294e+06	0
5.40304e+06	0
5.40314e+06	0
5.40324e+06	0
5.40334e+06	0
5.40344e+06	0
5.40354e+06	0
5.40364e+06	0
5.40374e+06	0
5.40384e+06	0
5.40394e+06	0
5.40404e+06	0
5.40414e+06	0
5.40424e+06	0
5.40434e+06	0
5.40444e+06	0
5.40454e+06	0
5.40464e+06	0
5.40474e+06	0
5.40484e+06	0
5.40494e+06	0
5.40504e+06	0
5.40514e+06	0
5.40524e+06	0
5.40534e+06	0
5.40544e+06	0
5.40554e+06	0
5.40564e+06	0
5.40574e+06	0
5.40584e+06	0
5.40594e+06	0
5.40604e+06	0
5.40614e+06	0
5.40624e+06	0
5.40634e+06	0
5.40644e+06	0
5.40654e+06	0
5.40664e+06	0
5.40674e+06	0
5.40684e+06	0
5.40694e+06	0
5.40704e+06	0
5.40714e+06	0
5.40724e+06	0
5.40734e+06	0
5.40744e+06	0
5.40754e+06	0
5.40764e+06	0
5.40774e+06	0
5.40784e+06	0
5.40794e+06	0
5.40804e+06	0
5.40814e+06	0
5.40824e+06	0
5.40834e+06	0
5.40844e+06	0
5.40854e+06	0
5.40864e+06	0
5.40874e+06	0
5.40884e+06	0
5.40894e+06	0
5.40904e+06	0
5.40914e+06	0
5.40924e+06	0
5.40934e+06	0
5.40944e+06	0
5.40954e+06	0
5.40964e+06	0
5.40974e+06	0
5.40984e+06	0
5.40994e+06	0
5.41004e+06	0
5.41014e+06	0
5.41024e+06	0
5.41034e+06	0
5.41044e+06	0
5.41054e+06	0
5.41064e+06	0
5.41074e+06	0
5.41084e+06	0
5.41094e+06	0
5.41104e+06	0
5.41114e+06	0
5.41124e+06	0
5.41134e+06	0
5.41144e+06	0
5.41154e+06	0
5.41164e+06	0
5.41174e+06	0
5.41184e+06	0
5.41194e+06	0
5.41204e+06	0
5.41214e+06	0
5.41224e+06	0
5.41234e+06	0
5.41244e+06	0
5.41254e+06	0
5.41264e+06	0
5.41274e+06	0
5.41284e+06	0
5.41294e+06	0
5.41304e+06	0
5.41314e+06	0
5.41324e+06	0
5.41334e+06	0
5.41344e+06	0
5.41354e+06	0
5.41364e+06	0
5.41374e+06	0
5.41384e+06	0
5.41394e+06	0
5.41404e+06	0
5.41414e+06	0
5.41424e+06	0
5.41434e+06	0
5.41444e+06	0
5.41454e+06	0
5.41464e+06	0
5.41474e+06	0
5.41484e+06	0
5.41494e+06	0
5.41504e+06	0
5.41514e+06	0
5.41524e+06	0
5.41534e+06	0
5.41544e+06	0
5.41554e+06	0
5.41564e+06	0
5.41574e+06	0
5.41584e+06	0
5.41594e+06	0
5.41604e+06	0
5.41614e+06	0
5.41624e+06	0
5.41634e+06	0
5.41644e+06	0
5.41654e+06	0
5.41664e+06	0
5.41674e+06	0
5.41684e+06	0
5.41694e+06	0
5.41704e+06	0
5.41714e+06	0
5.41724e+06	0
5.41734e+06	0
5.41744e+06	0
5.41754e+06	0
5.41764e+06	0
5.41774e+06	0
5.41784e+06	0
5.41794e+06	0
5.41804e+06	0
5.41814e+06	0
5.41824e+06	0
5.41834e+06	0
5.41844e+06	0
5.41854e+06	0
5.41864e+06	0
5.41874e+06	0
5.41884e+06	0
5.41894e+06	0
5.41904e+06	0
5.41914e+06	0
5.41924e+06	0
5.41934e+06	0
5.41944e+06	0
5.41954e+06	0
5.41964e+06	0
5.41974e+06	0
5.41984e+06	0
5.41994e+06	0
5.42004e+06	0
5.42014e+06	0
5.42024e+06	0
5.42034e+06	0
5.42044e+06	0
5.42054e+06	0
5.42064e+06	0
5.42074e+06	0
5.42084e+06	0
5.42094e+06	0
5.42104e+06	0
5.42114e+06	0
5.42124e+06	0
5.42134e+06	0
5.42144e+06	0
5.42154e+06	0
5.42164e+06	0
5.42174e+06	0
5.42184e+06	0
5.42194e+06	0
5.42204e+06	0
5.42214e+06	0
5.42224e+06	0
5.42234e+06	0
5.42244e+06	0
5.42254e+06	0
5.42264e+06	0
5.42274e+06	0
5.42284e+06	0
5.42294e+06	0
5.42304e+06	0
5.42314e+06	0
5.42324e+06	0
5.42334e+06	0
5.42344e+06	0
5.42354e+06	0
5.42364e+06	0
5.42374e+06	0
5.42384e+06	0
5.42394e+06	0
5.42404e+06	0
5.42414e+06	0
5.42424e+06	0
5.42434e+06	0
5.42444e+06	0
5.42454e+06	0
5.42464e+06	0
5.42474e+06	0
5.42484e+06	0
5.42494e+06	0
5.42504e+06	0
5.42514e+06	0
5.42524e+06	0
5.42534e+06	0
5.42544e+06	0
5.42554e+06	0
5.42564e+06	0
5.42574e+06	0
5.42584e+06	0
5.42594e+06	0
5.42604e+06	0
5.42614e+06	0
5.42624e+06	0
5.42634e+06	0
5.42644e+06	0
5.42654e+06	0
5.42664e+06	0
5.42674e+06	0
5.42684e+06	0
5.42694e+06	0
5.42704e+06	0
5.42714e+06	0
5.42724e+06	0
5.42734e+06	0
5.42744e+06	0
5.42754e+06	0
5.42764e+06	0
5.42774e+06	0
5.42784e+06	0
5.42794e+06	0
5.42804e+06	0
5.42814e+06	0
5.42824e+06	0
5.42834e+06	0
5.42844e+06	0
5.42854e+06	0
5.42864e+06	0
5.42874e+06	0
5.42884e+06	0
5.42894e+06	0
5.42904e+06	0
5.42914e+06	0
5.42924e+06	0
5.42934e+06	0
5.42944e+06	0
5.42954e+06	0
5.42964e+06	0
5.42974e+06	0
5.42984e+06	0
5.42994e+06	0
5.43004e+06	0
5.43014e+06	0
5.43024e+06	0
5.43034e+06	0
5.43044e+06	0
5.43054e+06	0
5.43064e+06	0
5.43074e+06	0
5.43084e+06	0
5.43094e+06	0
5.43104e+06	0
5.43114e+06	0
5.43124e+06	0
5.43134e+06	0
5.43144e+06	0
5.43154e+06	0
5.43164e+06	0
5.43174e+06	0
5.43184e+06	0
5.43194e+06	0
5.43204e+06	0
5.43214e+06	0
5.43224e+06	0
5.43234e+06	0
5.43244e+06	0
5.43254e+06	0
5.43264e+06	0
5.43274e+06	0
5.43284e+06	0
5.43294e+06	0
5.43304e+06	0
5.43314e+06	0
5.43324e+06	0
5.43334e+06	0
5.43344e+06	0
5.43354e+06	0
5.43364e+06	0
5.43374e+06	0
5.43384e+06	0
5.43394e+06	0
5.43404e+06	0
5.43414e+06	0
5.43424e+06	0
5.43434e+06	0
5.43444e+06	0
5.43454e+06	0
5.43464e+06	0
5.43474e+06	0
5.43484e+06	0
5.43494e+06	0
5.43504e+06	0
5.43514e+06	0
5.43524e+06	0
5.43534e+06	0
5.43544e+06	0
5.43554e+06	0
5.43564e+06	0
5.43574e+06	0
5.43584e+06	0
5.43594e+06	0
5.43604e+06	0
5.43614e+06	0
5.43624e+06	0
5.43634e+06	0
5.43644e+06	0
5.43654e+06	0
5.43664e+06	0
5.43674e+06	0
5.43684e+06	0
5.43694e+06	0
5.43704e+06	0
5.43714e+06	0
5.43724e+06	0
5.43734e+06	0
5.43744e+06	0
5.43754e+06	0
5.43764e+06	0
5.43774e+06	0
5.43784e+06	0
5.43794e+06	0
5.43804e+06	0
5.43814e+06	0
5.43824e+06	0
5.43834e+06	0
5.43844e+06	0
5.43854e+06	0
5.43864e+06	0
5.43874e+06	0
5.43884e+06	0
5.43894e+06	0
5.43904e+06	0
5.43914e+06	0
5.43924e+06	0
5.43934e+06	0
5.43944e+06	0
5.43954e+06	0
5.43964e+06	0
5.43974e+06	0
5.43984e+06	0
5.43994e+06	0
5.44004e+06	0
5.44014e+06	0
5.44024e+06	0
5.44034e+06	0
5.44044e+06	0
5.44054e+06	0
5.44064e+06	0
5.44074e+06	0
5.44084e+06	0
5.44094e+06	0
5.44104e+06	0
5.44114e+06	0
5.44124e+06	0
5.44134e+06	0
5.44144e+06	0
5.44154e+06	0
5.44164e+06	0
5.44174e+06	0
5.44184e+06	0
5.44194e+06	0
5.44204e+06	0
5.44214e+06	0
5.44224e+06	0
5.44234e+06	0
5.44244e+06	0
5.44254e+06	0
5.44264e+06	0
5.44274e+06	0
5.44284e+06	0
5.44294e+06	0
5.44304e+06	0
5.44314e+06	0
5.44324e+06	0
5.44334e+06	0
5.44344e+06	0
5.44354e+06	0
5.44364e+06	0
5.44374e+06	0
5.44384e+06	0
5.44394e+06	0
5.44404e+06	0
5.44414e+06	0
5.44424e+06	0
5.44434e+06	0
5.44444e+06	0
5.44454e+06	0
5.44464e+06	0
5.44474e+06	0
5.44484e+06	0
5.44494e+06	0
5.44504e+06	0
5.44514e+06	0
5.44524e+06	0
5.44534e+06	0
5.44544e+06	0
5.44554e+06	0
5.44564e+06	0
5.44574e+06	0
5.44584e+06	0
5.44594e+06	0
5.44604e+06	0
5.44614e+06	0
5.44624e+06	0
5.44634e+06	0
5.44644e+06	0
5.44654e+06	0
5.44664e+06	0
5.44674e+06	0
5.44684e+06	0
5.44694e+06	0
5.44704e+06	0
5.44714e+06	0
5.44724e+06	0
5.44734e+06	0
5.44744e+06	0
5.44754e+06	0
5.44764e+06	0
5.44774e+06	0
5.44784e+06	0
5.44794e+06	0
5.44804e+06	0
5.44814e+06	0
5.44824e+06	0
5.44834e+06	0
5.44844e+06	0
5.44854e+06	0
5.44864e+06	0
5.44874e+06	0
5.44884e+06	0
5.44894e+06	0
5.44904e+06	0
5.44914e+06	0
5.44924e+06	0
5.44934e+06	0
5.44944e+06	0
5.44954e+06	0
5.44964e+06	0
5.44974e+06	0
5.44984e+06	0
5.44994e+06	0
5.45004e+06	0
5.45014e+06	0
5.45024e+06	0
5.45034e+06	0
5.45044e+06	0
5.45054e+06	0
5.45064e+06	0
5.45074e+06	0
5.45084e+06	0
5.45094e+06	0
5.45104e+06	0
5.45114e+06	0
5.45124e+06	0
5.45134e+06	0
5.45144e+06	0
5.45154e+06	0
5.45164e+06	0
5.45174e+06	0
5.45184e+06	0
5.45194e+06	0
5.45204e+06	0
5.45214e+06	0
5.45224e+06	0
5.45234e+06	0
5.45244e+06	0
5.45254e+06	0
5.45264e+06	0
5.45274e+06	0
5.45284e+06	0
5.45294e+06	0
5.45304e+06	0
5.45314e+06	0
5.45324e+06	0
5.45334e+06	0
5.45344e+06	0
5.45354e+06	0
5.45364e+06	0
5.45374e+06	0
5.45384e+06	0
5.45394e+06	0
5.45404e+06	0
5.45414e+06	0
5.45424e+06	0
5.45434e+06	0
5.45444e+06	0
5.45454e+06	0
5.45464e+06	0
5.45474e+06	0
5.45484e+06	0
5.45494e+06	0
5.45504e+06	0
5.45514e+06	0
5.45524e+06	0
5.45534e+06	0
5.45544e+06	0
5.45554e+06	0
5.45564e+06	0
5.45574e+06	0
5.45584e+06	0
5.45594e+06	0
5.45604e+06	0
5.45614e+06	0
5.45624e+06	0
5.45634e+06	0
5.45644e+06	0
5.45654e+06	0
5.45664e+06	0
5.45674e+06	0
5.45684e+06	0
5.45694e+06	0
5.45704e+06	0
5.45714e+06	0
5.45724e+06	0
5.45734e+06	0
5.45744e+06	0
5.45754e+06	0
5.45764e+06	0
5.45774e+06	0
5.45784e+06	0
5.45794e+06	0
5.45804e+06	0
5.45814e+06	0
5.45824e+06	0
5.45834e+06	0
5.45844e+06	0
5.45854e+06	0
5.45864e+06	0
5.45874e+06	0
5.45884e+06	0
5.45894e+06	0
5.45904e+06	0
5.45914e+06	0
5.45924e+06	0
5.45934e+06	0
5.45944e+06	0
5.45954e+06	0
5.45964e+06	0
5.45974e+06	0
5.45984e+06	0
5.45994e+06	0
5.46004e+06	0
5.46014e+06	0
5.46024e+06	0
5.46034e+06	0
5.46044e+06	0
5.46054e+06	0
5.46064e+06	0
5.46074e+06	0
5.46084e+06	0
5.46094e+06	0
5.46104e+06	0
5.46114e+06	0
5.46124e+06	0
5.46134e+06	0
5.46144e+06	0
5.46154e+06	0
5.46164e+06	0
5.46174e+06	0
5.46184e+06	0
5.46194e+06	0
5.46204e+06	0
5.46214e+06	0
5.46224e+06	0
5.46234e+06	0
5.46244e+06	0
5.46254e+06	0
5.46264e+06	0
5.46274e+06	0
5.46284e+06	0
5.46294e+06	0
5.46304e+06	0
5.46314e+06	0
5.46324e+06	0
5.46334e+06	0
5.46344e+06	0
5.46354e+06	0
5.46364e+06	0
5.46374e+06	0
5.46384e+06	0
5.46394e+06	0
5.46404e+06	0
5.46414e+06	0
5.46424e+06	0
5.46434e+06	0
5.46444e+06	0
5.46454e+06	0
5.46464e+06	0
5.46474e+06	0
5.46484e+06	0
5.46494e+06	0
5.46504e+06	0
5.46514e+06	0
5.46524e+06	0
5.46534e+06	0
5.46544e+06	0
5.46554e+06	0
5.46564e+06	0
5.46574e+06	0
5.46584e+06	0
5.46594e+06	0
5.46604e+06	0
5.46614e+06	0
5.46624e+06	0
5.46634e+06	0
5.46644e+06	0
5.46654e+06	0
5.46664e+06	0
5.46674e+06	0
5.46684e+06	0
5.46694e+06	0
5.46704e+06	0
5.46714e+06	0
5.46724e+06	0
5.46734e+06	0
5.46744e+06	0
5.46754e+06	0
5.46764e+06	0
5.46774e+06	0
5.46784e+06	0
5.46794e+06	0
5.46804e+06	0
5.46814e+06	0
5.46824e+06	0
5.46834e+06	0
5.46844e+06	0
5.46854e+06	0
5.46864e+06	0
5.46874e+06	0
5.46884e+06	0
5.46894e+06	0
5.46904e+06	0
5.46914e+06	0
5.46924e+06	0
5.46934e+06	0
5.46944e+06	0
5.46954e+06	0
5.46964e+06	0
5.46974e+06	0
5.46984e+06	0
5.46994e+06	0
5.47004e+06	0
5.47014e+06	0
5.47024e+06	0
5.47034e+06	0
5.47044e+06	0
5.47054e+06	0
5.47064e+06	0
5.47074e+06	0
5.47084e+06	0
5.47094e+06	0
5.47104e+06	0
5.47114e+06	0
5.47124e+06	0
5.47134e+06	0
5.47144e+06	0
5.47154e+06	0
5.47164e+06	0
5.47174e+06	0
5.47184e+06	0
5.47194e+06	0
5.47204e+06	0
5.47214e+06	0
5.47224e+06	0
5.47234e+06	0
5.47244e+06	0
5.47254e+06	0
5.47264e+06	0
5.47274e+06	0
5.47284e+06	0
5.47294e+06	0
5.47304e+06	0
5.47314e+06	0
5.47324e+06	0
5.47334e+06	0
5.47344e+06	0
5.47354e+06	0
5.47364e+06	0
5.47374e+06	0
5.47384e+06	0
5.47394e+06	0
5.47404e+06	0
5.47414e+06	0
5.47424e+06	0
5.47434e+06	0
5.47444e+06	0
5.47454e+06	0
5.47464e+06	0
5.47474e+06	0
5.47484e+06	0
5.47494e+06	0
5.47504e+06	0
5.47514e+06	0
5.47524e+06	0
5.47534e+06	0
5.47544e+06	0
5.47554e+06	0
5.47564e+06	0
5.47574e+06	0
5.47584e+06	0
5.47594e+06	0
5.47604e+06	0
5.47614e+06	0
5.47624e+06	0
5.47634e+06	0
5.47644e+06	0
5.47654e+06	0
5.47664e+06	0
5.47674e+06	0
5.47684e+06	0
5.47694e+06	0
5.47704e+06	0
5.47714e+06	0
5.47724e+06	0
5.47734e+06	0
5.47744e+06	0
5.47754e+06	0
5.47764e+06	0
5.47774e+06	0
5.47784e+06	0
5.47794e+06	0
5.47804e+06	0
5.47814e+06	0
5.47824e+06	0
5.47834e+06	0
5.47844e+06	0
5.47854e+06	0
5.47864e+06	0
5.47874e+06	0
5.47884e+06	0
5.47894e+06	0
5.47904e+06	0
5.47914e+06	0
5.47924e+06	0
5.47934e+06	0
5.47944e+06	0
5.47954e+06	0
5.47964e+06	0
5.47974e+06	0
5.47984e+06	0
5.47994e+06	0
5.48004e+06	0
5.48014e+06	0
5.48024e+06	0
5.48034e+06	0
5.48044e+06	0
5.48054e+06	0
5.48064e+06	0
5.48074e+06	0
5.48084e+06	0
5.48094e+06	0
5.48104e+06	0
5.48114e+06	0
5.48124e+06	0
5.48134e+06	0
5.48144e+06	0
5.48154e+06	0
5.48164e+06	0
5.48174e+06	0
5.48184e+06	0
5.48194e+06	0
5.48204e+06	0
5.48214e+06	0
5.48224e+06	0
5.48234e+06	0
5.48244e+06	0
5.48254e+06	0
5.48264e+06	0
5.48274e+06	0
5.48284e+06	0
5.48294e+06	0
5.48304e+06	0
5.48314e+06	0
5.48324e+06	0
5.48334e+06	0
5.48344e+06	0
5.48354e+06	0
5.48364e+06	0
5.48374e+06	0
5.48384e+06	0
5.48394e+06	0
5.48404e+06	0
5.48414e+06	0
5.48424e+06	0
5.48434e+06	0
5.48444e+06	0
5.48454e+06	0
5.48464e+06	0
5.48474e+06	0
5.48484e+06	0
5.48494e+06	0
5.48504e+06	0
5.48514e+06	0
5.48524e+06	0
5.48534e+06	0
5.48544e+06	0
5.48554e+06	0
5.48564e+06	0
5.48574e+06	0
5.48584e+06	0
5.48594e+06	0
5.48604e+06	0
5.48614e+06	0
5.48624e+06	0
5.48634e+06	0
5.48644e+06	0
5.48654e+06	0
5.48664e+06	0
5.48674e+06	0
5.48684e+06	0
5.48694e+06	0
5.48704e+06	0
5.48714e+06	0
5.48724e+06	0
5.48734e+06	0
5.48744e+06	0
5.48754e+06	0
5.48764e+06	0
5.48774e+06	0
5.48784e+06	0
5.48794e+06	0
5.48804e+06	0
5.48814e+06	0
5.48824e+06	0
5.48834e+06	0
5.48844e+06	0
5.48854e+06	0
5.48864e+06	0
5.48874e+06	0
5.48884e+06	0
5.48894e+06	0
5.48904e+06	0
5.48914e+06	0
5.48924e+06	0
5.48934e+06	0
5.48944e+06	0
5.48954e+06	0
5.48964e+06	0
5.48974e+06	0
5.48984e+06	0
5.48994e+06	0
5.49004e+06	0
5.49014e+06	0
5.49024e+06	0
5.49034e+06	0
5.49044e+06	0
5.49054e+06	0
5.49064e+06	0
5.49074e+06	0
5.49084e+06	0
5.49094e+06	0
5.49104e+06	0
5.49114e+06	0
5.49124e+06	0
5.49134e+06	0
5.49144e+06	0
5.49154e+06	0
5.49164e+06	0
5.49174e+06	0
5.49184e+06	0
5.49194e+06	0
5.49204e+06	0
5.49214e+06	0
5.49224e+06	0
5.49234e+06	0
5.49244e+06	0
5.49254e+06	0
5.49264e+06	0
5.49274e+06	0
5.49284e+06	0
5.49294e+06	0
5.49304e+06	0
5.49314e+06	0
5.49324e+06	0
5.49334e+06	0
5.49344e+06	0
5.49354e+06	0
5.49364e+06	0
5.49374e+06	0
5.49384e+06	0
5.49394e+06	0
5.49404e+06	0
5.49414e+06	0
5.49424e+06	0
5.49434e+06	0
5.49444e+06	0
5.49454e+06	0
5.49464e+06	0
5.49474e+06	0
5.49484e+06	0
5.49494e+06	0
5.49504e+06	0
5.49514e+06	0
5.49524e+06	0
5.49534e+06	0
5.49544e+06	0
5.49554e+06	0
5.49564e+06	0
5.49574e+06	0
5.49584e+06	0
5.49594e+06	0
5.49604e+06	0
5.49614e+06	0
5.49624e+06	0
5.49634e+06	0
5.49644e+06	0
5.49654e+06	0
5.49664e+06	0
5.49674e+06	0
5.49684e+06	0
5.49694e+06	0
5.49704e+06	0
5.49714e+06	0
5.49724e+06	0
5.49734e+06	0
5.49744e+06	0
5.49754e+06	0
5.49764e+06	0
5.49774e+06	0
5.49784e+06	0
5.49794e+06	0
5.49804e+06	0
5.49814e+06	0
5.49824e+06	0
5.49834e+06	0
5.49844e+06	0
5.49854e+06	0
5.49864e+06	0
5.49874e+06	0
5.49884e+06	0
5.49894e+06	0
5.49904e+06	0
5.49914e+06	0
5.49924e+06	0
5.49934e+06	0
5.49944e+06	0
5.49954e+06	0
5.49964e+06	0
5.49974e+06	0
5.49984e+06	0
5.49994e+06	0
5.50004e+06	0
5.50014e+06	0
5.50024e+06	0
5.50034e+06	0
5.50044e+06	0
5.50054e+06	0
5.50064e+06	0
5.50074e+06	0
5.50084e+06	0
5.50094e+06	0
5.50104e+06	0
5.50114e+06	0
5.50124e+06	0
5.50134e+06	0
5.50144e+06	0
5.50154e+06	0
5.50164e+06	0
5.50174e+06	0
5.50184e+06	0
5.50194e+06	0
5.50204e+06	0
5.50214e+06	0
5.50224e+06	0
5.50234e+06	0
5.50244e+06	0
5.50254e+06	0
5.50264e+06	0
5.50274e+06	0
5.50284e+06	0
5.50294e+06	0
5.50304e+06	0
5.50314e+06	0
5.50324e+06	0
5.50334e+06	0
5.50344e+06	0
5.50354e+06	0
5.50364e+06	0
5.50374e+06	0
5.50384e+06	0
5.50394e+06	0
5.50404e+06	0
5.50414e+06	0
5.50424e+06	0
5.50434e+06	0
5.50444e+06	0
5.50454e+06	0
5.50464e+06	0
5.50474e+06	0
5.50484e+06	0
5.50494e+06	0
5.50504e+06	0
5.50514e+06	0
5.50524e+06	0
5.50534e+06	0
5.50544e+06	0
5.50554e+06	0
5.50564e+06	0
5.50574e+06	0
5.50584e+06	0
5.50594e+06	0
5.50604e+06	0
5.50614e+06	0
5.50624e+06	0
5.50634e+06	0
5.50644e+06	0
5.50654e+06	0
5.50664e+06	0
5.50674e+06	0
5.50684e+06	0
5.50694e+06	0
5.50704e+06	0
5.50714e+06	0
5.50724e+06	0
5.50734e+06	0
5.50744e+06	0
5.50754e+06	0
5.50764e+06	0
5.50774e+06	0
5.50784e+06	0
5.50794e+06	0
5.50804e+06	0
5.50814e+06	0
5.50824e+06	0
5.50834e+06	0
5.50844e+06	0
5.50854e+06	0
5.50864e+06	0
5.50874e+06	0
5.50884e+06	0
5.50894e+06	0
5.50904e+06	0
5.50914e+06	0
5.50924e+06	0
5.50934e+06	0
5.50944e+06	0
5.50954e+06	0
5.50964e+06	0
5.50974e+06	0
5.50984e+06	0
5.50994e+06	0
5.51004e+06	0
5.51014e+06	0
5.51024e+06	0
5.51034e+06	0
5.51044e+06	0
5.51054e+06	0
5.51064e+06	0
5.51074e+06	0
5.51084e+06	0
5.51094e+06	0
5.51104e+06	0
5.51114e+06	0
5.51124e+06	0
5.51134e+06	0
5.51144e+06	0
5.51154e+06	0
5.51164e+06	0
5.51174e+06	0
5.51184e+06	0
5.51194e+06	0
5.51204e+06	0
5.51214e+06	0
5.51224e+06	0
5.51234e+06	0
5.51244e+06	0
5.51254e+06	0
5.51264e+06	0
5.51274e+06	0
5.51284e+06	0
5.51294e+06	0
5.51304e+06	0
5.51314e+06	0
5.51324e+06	0
5.51334e+06	0
5.51344e+06	0
5.51354e+06	0
5.51364e+06	0
5.51374e+06	0
5.51384e+06	0
5.51394e+06	0
5.51404e+06	0
5.51414e+06	0
5.51424e+06	0
5.51434e+06	0
5.51444e+06	0
5.51454e+06	0
5.51464e+06	0
5.51474e+06	0
5.51484e+06	0
5.51494e+06	0
5.51504e+06	0
5.51514e+06	0
5.51524e+06	0
5.51534e+06	0
5.51544e+06	0
5.51554e+06	0
5.51564e+06	0
5.51574e+06	0
5.51584e+06	0
5.51594e+06	0
5.51604e+06	0
5.51614e+06	0
5.51624e+06	0
5.51634e+06	0
5.51644e+06	0
5.51654e+06	0
5.51664e+06	0
5.51674e+06	0
5.51684e+06	0
5.51694e+06	0
5.51704e+06	0
5.51714e+06	0
5.51724e+06	0
5.51734e+06	0
5.51744e+06	0
5.51754e+06	0
5.51764e+06	0
5.51774e+06	0
5.51784e+06	0
5.51794e+06	0
5.51804e+06	0
5.51814e+06	0
5.51824e+06	0
5.51834e+06	0
5.51844e+06	0
5.51854e+06	0
5.51864e+06	0
5.51874e+06	0
5.51884e+06	0
5.51894e+06	0
5.51904e+06	0
5.51914e+06	0
5.51924e+06	0
5.51934e+06	0
5.51944e+06	0
5.51954e+06	0
5.51964e+06	0
5.51974e+06	0
5.51984e+06	0
5.51994e+06	0
5.52004e+06	0
5.52014e+06	0
5.52024e+06	0
5.52034e+06	0
5.52044e+06	0
5.52054e+06	0
5.52064e+06	0
5.52074e+06	0
5.52084e+06	0
5.52094e+06	0
5.52104e+06	0
5.52114e+06	0
5.52124e+06	0
5.52134e+06	0
5.52144e+06	0
5.52154e+06	0
5.52164e+06	0
5.52174e+06	0
5.52184e+06	0
5.52194e+06	0
5.52204e+06	0
5.52214e+06	0
5.52224e+06	0
5.52234e+06	0
5.52244e+06	0
5.52254e+06	0
5.52264e+06	0
5.52274e+06	0
5.52284e+06	0
5.52294e+06	0
5.52304e+06	0
5.52314e+06	0
5.52324e+06	0
5.52334e+06	0
5.52344e+06	0
5.52354e+06	0
5.52364e+06	0
5.52374e+06	0
5.52384e+06	0
5.52394e+06	0
5.52404e+06	0
5.52414e+06	0
5.52424e+06	0
5.52434e+06	0
5.52444e+06	0
5.52454e+06	0
5.52464e+06	0
5.52474e+06	0
5.52484e+06	0
5.52494e+06	0
5.52504e+06	0
5.52514e+06	0
5.52524e+06	0
5.52534e+06	0
5.52544e+06	0
5.52554e+06	0
5.52564e+06	0
5.52574e+06	0
5.52584e+06	0
5.52594e+06	0
5.52604e+06	0
5.52614e+06	0
5.52624e+06	0
5.52634e+06	0
5.52644e+06	0
5.52654e+06	0
5.52664e+06	0
5.52674e+06	0
5.52684e+06	0
5.52694e+06	0
5.52704e+06	0
5.52714e+06	0
5.52724e+06	0
5.52734e+06	0
5.52744e+06	0
5.52754e+06	0
5.52764e+06	0
5.52774e+06	0
5.52784e+06	0
5.52794e+06	0
5.52804e+06	0
5.52814e+06	0
5.52824e+06	0
5.52834e+06	0
5.52844e+06	9.88131e-324
5.52854e+06	3.90312e-322
5.52864e+06	1.81915e-320
5.52874e+06	8.37624e-319
5.52884e+06	3.81862e-317
5.52894e+06	1.72354e-315
5.52904e+06	7.7018e-314
5.52914e+06	3.40738e-312
5.52924e+06	1.49247e-310
5.52934e+06	6.47217e-309
5.52944e+06	2.77875e-307
5.52954e+06	1.18115e-305
5.52964e+06	4.97074e-304
5.52974e+06	2.07106e-302
5.52984e+06	8.54319e-301
5.52994e+06	3.48903e-299
5.53004e+06	1.41074e-297
5.53014e+06	5.64738e-296
5.53024e+06	2.23822e-294
5.53034e+06	8.78247e-293
5.53044e+06	3.41183e-291
5.53054e+06	1.31224e-289
5.53064e+06	4.99689e-288
5.53074e+06	1.88383e-286
5.53084e+06	7.03137e-285
5.53094e+06	2.59834e-283
5.53104e+06	9.50623e-282
5.53114e+06	3.44333e-280
5.53124e+06	1.23482e-278
5.53134e+06	4.38419e-277
5.53144e+06	1.5411e-275
5.53154e+06	5.36326e-274
5.53164e+06	1.84792e-272
5.53174e+06	6.3037e-271
5.53184e+06	2.12895e-269
5.53194e+06	7.11855e-268
5.53204e+06	2.35654e-266
5.53214e+06	7.72352e-265
5.53224e+06	2.50618e-263
5.53234e+06	8.05132e-262
5.53244e+06	2.56082e-260
5.53254e+06	8.06395e-259
5.53264e+06	2.51405e-257
5.53274e+06	7.7599e-256
5.53284e+06	2.37135e-254
5.53294e+06	7.17452e-253
5.53304e+06	2.14905e-251
5.53314e+06	6.3732e-250
5.53324e+06	1.87122e-248
5.53334e+06	5.4394e-247
5.53344e+06	1.56543e-245
5.53354e+06	4.46038e-244
5.53364e+06	1.25825e-242
5.53374e+06	3.51416e-241
5.53384e+06	9.717e-240
5.53394e+06	2.66011e-238
5.53404e+06	7.20982e-237
5.53414e+06	1.93466e-235
5.53424e+06	5.13978e-234
5.53434e+06	1.35189e-232
5.53444e+06	3.52041e-231
5.53454e+06	9.07617e-230
5.53464e+06	2.3167e-228
5.53474e+06	5.85454e-227
5.53484e+06	1.46479e-225
5.53494e+06	3.62837e-224
5.53504e+06	8.8983e-223
5.53514e+06	2.16052e-221
5.53524e+06	5.1936e-220
5.53534e+06	1.23605e-218
5.53544e+06	2.91245e-217
5.53554e+06	6.7942e-216
5.53564e+06	1.56919e-214
5.53574e+06	3.58814e-213
5.53584e+06	8.12309e-212
5.53594e+06	1.82066e-210
5.53604e+06	4.04013e-209
5.53614e+06	8.87602e-208
5.53624e+06	1.93062e-206
5.53634e+06	4.15752e-205
5.53644e+06	8.86397e-204
5.53654e+06	1.87102e-202
5.53664e+06	3.91009e-201
5.53674e+06	8.09007e-200
5.53684e+06	1.6572e-198
5.53694e+06	3.36088e-197
5.53704e+06	6.74822e-196
5.53714e+06	1.34148e-194
5.53724e+06	2.64018e-193
5.53734e+06	5.14447e-192
5.53744e+06	9.92441e-191
5.53754e+06	1.89551e-189
5.53764e+06	3.5843e-188
5.53774e+06	6.71027e-187
5.53784e+06	1.24375e-185
5.53794e+06	2.28235e-184
5.53804e+06	4.14657e-183
5.53814e+06	7.45852e-182
5.53824e+06	1.32823e-180
5.53834e+06	2.34181e-179
5.53844e+06	4.08777e-178
5.53854e+06	7.06445e-177
5.53864e+06	1.20872e-175
5.53874e+06	2.04754e-174
5.53884e+06	3.43397e-173
5.53894e+06	5.70186e-172
5.53904e+06	9.37333e-171
5.53914e+06	1.52556e-169
5.53924e+06	2.45821e-168
5.53934e+06	3.92164e-167
5.53944e+06	6.19403e-166
5.53954e+06	9.68581e-165
5.53964e+06	1.49953e-163
5.53974e+06	2.29844e-162
5.53984e+06	3.48792e-161
5.53994e+06	5.24031e-160
5.54004e+06	7.79479e-159
5.54014e+06	1.14791e-157
5.54024e+06	1.67368e-156
5.54034e+06	2.41596e-155
5.54044e+06	3.45276e-154
5.54054e+06	4.88539e-153
5.54064e+06	6.84368e-152
5.54074e+06	9.49154e-151
5.54084e+06	1.30329e-149
5.54094e+06	1.77175e-148
5.54104e+06	2.38463e-147
5.54114e+06	3.17758e-146
5.54124e+06	4.19207e-145
5.54134e+06	5.47543e-144
5.54144e+06	7.08051e-143
5.54154e+06	9.06501e-142
5.54164e+06	1.14902e-140
5.54174e+06	1.44194e-139
5.54184e+06	1.79152e-138
5.54194e+06	2.2037e-137
5.54204e+06	2.68375e-136
5.54214e+06	3.23585e-135
5.54224e+06	3.8627e-134
5.54234e+06	4.56511e-133
5.54244e+06	5.34156e-132
5.54254e+06	6.18789e-131
5.54264e+06	7.09698e-130
5.54274e+06	8.05864e-129
5.54284e+06	9.05957e-128
5.54294e+06	1.00835e-126
5.54304e+06	1.11114e-125
5.54314e+06	1.21223e-124
5.54324e+06	1.30936e-123
5.54334e+06	1.4002e-122
5.54344e+06	1.48244e-121
5.54354e+06	1.5539e-120
5.54364e+06	1.61259e-119
5.54374e+06	1.65685e-118
5.54384e+06	1.68538e-117
5.54394e+06	1.69735e-116
5.54404e+06	1.6924e-115
5.54414e+06	1.67066e-114
5.54424e+06	1.6328e-113
5.54434e+06	1.57992e-112
5.54444e+06	1.51353e-111
5.54454e+06	1.43551e-110
5.54464e+06	1.34797e-109
5.54474e+06	1.25317e-108
5.54484e+06	1.15344e-107
5.54494e+06	1.05109e-106
5.54504e+06	9.48287e-106
5.54514e+06	8.47028e-105
5.54524e+06	7.49052e-104
5.54534e+06	6.55819e-103
5.54544e+06	5.68477e-102
5.54554e+06	4.87864e-101
5.54564e+06	4.14516e-100
5.54574e+06	3.48692e-99
5.54584e+06	2.90401e-98
5.54594e+06	2.39449e-97
5.54604e+06	1.95472e-96
5.54614e+06	1.57983e-95
5.54624e+06	1.26415e-94
5.54634e+06	1.00147e-93
5.54644e+06	7.85486e-93
5.54654e+06	6.09951e-92
5.54664e+06	4.6893e-91
5.54674e+06	3.56927e-90
5.54684e+06	2.68972e-89
5.54694e+06	2.00674e-88
5.54704e+06	1.48229e-87
5.54714e+06	1.08401e-86
5.54724e+06	7.84851e-86
5.54734e+06	5.626e-85
5.54744e+06	3.99273e-84
5.54754e+06	2.80541e-83
5.54764e+06	1.95156e-82
5.54774e+06	1.34407e-81
5.54784e+06	9.16474e-81
5.54794e+06	6.18693e-80
5.54804e+06	4.13511e-79
5.54814e+06	2.73626e-78
5.54824e+06	1.7926e-77
5.54834e+06	1.1627e-76
5.54844e+06	7.46632e-76
5.54854e+06	4.74684e-75
5.54864e+06	2.98785e-74
5.54874e+06	1.86196e-73
5.54884e+06	1.14879e-72
5.54894e+06	7.01722e-72
5.54904e+06	4.24373e-71
5.54914e+06	2.5409e-70
5.54924e+06	1.50621e-69
5.54934e+06	8.83971e-69
5.54944e+06	5.13629e-68
5.54954e+06	2.95473e-67
5.54964e+06	1.68284e-66
5.54974e+06	9.48909e-66
5.54984e+06	5.29741e-65
5.54994e+06	2.92792e-64
5.55004e+06	1.60219e-63
5.55014e+06	8.68008e-63
5.55024e+06	4.65577e-62
5.55034e+06	2.47238e-61
5.55044e+06	1.29986e-60
5.55054e+06	6.76606e-60
5.55064e+06	3.48683e-59
5.55074e+06	1.77903e-58
5.55084e+06	8.98657e-58
5.55094e+06	4.49429e-57
5.55104e+06	2.22528e-56
5.55114e+06	1.09085e-55
5.55124e+06	5.29424e-55
5.55134e+06	2.54389e-54
5.55144e+06	1.21018e-53
5.55154e+06	5.6998e-53
5.55164e+06	2.65782e-52
5.55174e+06	1.22701e-51
5.55184e+06	5.60828e-51
5.55194e+06	2.53785e-50
5.55204e+06	1.137e-49
5.55214e+06	5.04328e-49
5.55224e+06	2.21473e-48
5.55234e+06	9.62912e-48
5.55244e+06	4.14486e-47
5.55254e+06	1.7664e-46
5.55264e+06	7.45291e-46
5.55274e+06	3.11329e-45
5.55284e+06	1.28757e-44
5.55294e+06	5.27204e-44
5.55304e+06	2.13719e-43
5.55314e+06	8.57759e-43
5.55324e+06	3.40835e-42
5.55334e+06	1.34085e-41
5.55344e+06	5.22245e-41
5.55354e+06	2.01384e-40
5.55364e+06	7.68832e-40
5.55374e+06	2.906e-39
5.55384e+06	1.08747e-38
5.55394e+06	4.02899e-38
5.55404e+06	1.47785e-37
5.55414e+06	5.3669e-37
5.55424e+06	1.92963e-36
5.55434e+06	6.86879e-36
5.55444e+06	2.42072e-35
5.55454e+06	8.44627e-35
5.55464e+06	2.91771e-34
5.55474e+06	9.97878e-34
5.55484e+06	3.37885e-33
5.55494e+06	1.13271e-32
5.55504e+06	3.75945e-32
5.55514e+06	1.23534e-31
5.55524e+06	4.01891e-31
5.55534e+06	1.29445e-30
5.55544e+06	4.12781e-30
5.55554e+06	1.3032e-29
5.55564e+06	4.07342e-29
5.55574e+06	1.26056e-28
5.55584e+06	3.86213e-28
5.55594e+06	1.17151e-27
5.55604e+06	3.51822e-27
5.55614e+06	1.04606e-26
5.55624e+06	3.07927e-26
5.55634e+06	8.9742e-26
5.55644e+06	2.58941e-25
5.55654e+06	7.39711e-25
5.55664e+06	2.09209e-24
5.55674e+06	5.85811e-24
5.55684e+06	1.62402e-23
5.55694e+06	4.45739e-23
5.55704e+06	1.21123e-22
5.55714e+06	3.25861e-22
5.55724e+06	8.67947e-22
5.55734e+06	2.28882e-21
5.55744e+06	5.97568e-21
5.55754e+06	1.54461e-20
5.55764e+06	3.95284e-20
5.55774e+06	1.00151e-19
5.55784e+06	2.51223e-19
5.55794e+06	6.23907e-19
5.55804e+06	1.53404e-18
5.55814e+06	3.73433e-18
5.55824e+06	9.00003e-18
5.55834e+06	2.1475e-17
5.55844e+06	5.07317e-17
5.55854e+06	1.18654e-16
5.55864e+06	2.74753e-16
5.55874e+06	6.29882e-16
5.55884e+06	1.42966e-15
5.55894e+06	3.21266e-15
5.55904e+06	7.14748e-15
5.55914e+06	1.57434e-14
5.55924e+06	3.43321e-14
5.55934e+06	7.41242e-14
5.55944e+06	1.58444e-13
5.55954e+06	3.35313e-13
5.55964e+06	7.02556e-13
5.55974e+06	1.45737e-12
5.55984e+06	2.99304e-12
5.55994e+06	6.08576e-12
5.56004e+06	1.22511e-11
5.56014e+06	2.44169e-11
5.56024e+06	4.81795e-11
5.56034e+06	9.41223e-11
5.56044e+06	1.82045e-10
5.56054e+06	3.48597e-10
5.56064e+06	6.60884e-10
5.56074e+06	1.24046e-09
5.56084e+06	2.30515e-09
5.56094e+06	4.24102e-09
5.56104e+06	7.72503e-09
5.56114e+06	1.39311e-08
5.56124e+06	2.48731e-08
5.56134e+06	4.39674e-08
5.56144e+06	7.69464e-08
5.56154e+06	1.33322e-07
5.56164e+06	2.28704e-07
5.56174e+06	3.88422e-07
5.56184e+06	6.53114e-07
5.56194e+06	1.08726e-06
5.56204e+06	1.79198e-06
5.56214e+06	2.92408e-06
5.56224e+06	4.72393e-06
5.56234e+06	7.55569e-06
5.56244e+06	1.19647e-05
5.56254e+06	1.8758e-05
5.56264e+06	2.91159e-05
5.56274e+06	4.47434e-05
5.56284e+06	6.80747e-05
5.56294e+06	0.000102541
5.56304e+06	0.000152922
5.56314e+06	0.000225786
5.56324e+06	0.000330052
5.56334e+06	0.000477665
5.56344e+06	0.000684419
5.56354e+06	0.000970907
5.56364e+06	0.00136361
5.56374e+06	0.0018961
5.56384e+06	0.00261028
5.56394e+06	0.00355772
5.56404e+06	0.00480079
5.56414e+06	0.00641373
5.56424e+06	0.00848332
5.56434e+06	0.0111091
5.56444e+06	0.0144028
5.56454e+06	0.0184873
5.56464e+06	0.023494
5.56474e+06	0.0295595
5.56484e+06	0.0368209
5.56494e+06	0.0454098
5.56504e+06	0.0554448
5.56514e+06	0.0670239
5.56524e+06	0.080215
5.56534e+06	0.0950469
5.56544e+06	0.111501
5.56554e+06	0.129502
5.56564e+06	0.148912
5.56574e+06	0.169527
5.56584e+06	0.191077
5.56594e+06	0.213222
5.56604e+06	0.235567
5.56614e+06	0.257664
5.56624e+06	0.27903
5.56634e+06	0.29916
5.56644e+06	0.317551
5.56654e+06	0.333719
5.56664e+06	0.347221
5.56674e+06	0.357674
5.56684e+06	0.364776
5.56694e+06	0.368317
5.56704e+06	0.368192
5.56714e+06	0.364405
5.56724e+06	0.357068
5.56734e+06	0.346398
5.56744e+06	0.332702
5.56754e+06	0.316369
5.56764e+06	0.297844
5.56774e+06	0.277614
5.56784e+06	0.256183
5.56794e+06	0.234054
5.56804e+06	0.211709
5.56814e+06	0.189592
5.56824e+06	0.168096
5.56834e+06	0.147554
5.56844e+06	0.128234
5.56854e+06	0.110335
5.56864e+06	0.093989
5.56874e+06	0.0792684
5.56884e+06	0.066188
5.56894e+06	0.0547162
5.56904e+06	0.0447827
5.56914e+06	0.0362878
5.56924e+06	0.0291118
5.56934e+06	0.0231225
5.56944e+06	0.0181826
5.56954e+06	0.0141559
5.56964e+06	0.0109112
5.56974e+06	0.00832666
5.56984e+06	0.00629113
5.56994e+06	0.004706
5.57004e+06	0.00348537
5.57014e+06	0.00255586
5.57024e+06	0.00185591
5.57034e+06	0.00133472
5.57044e+06	0.000951042
5.57054e+06	0.000671952
5.57064e+06	0.00047155
5.57074e+06	0.000329796
5.57084e+06	0.000231447
5.57094e+06	0.000165123
5.57104e+06	0.000122516
5.57114e+06	9.77398e-05
5.57124e+06	8.67969e-05
5.57134e+06	8.71629e-05
5.57144e+06	9.74605e-05
5.57154e+06	0.00011721
5.57164e+06	0.000146637
5.57174e+06	0.000186527
5.57184e+06	0.000238104
5.57194e+06	0.000302927
5.57204e+06	0.000382799
5.57214e+06	0.000479661
5.57224e+06	0.000595498
5.57234e+06	0.000732215
5.57244e+06	0.000891514
5.57254e+06	0.00107476
5.57264e+06	0.00128282
5.57274e+06	0.00151596
5.57284e+06	0.00177366
5.57294e+06	0.00205452
5.57304e+06	0.00235619
5.57314e+06	0.00267527
5.57324e+06	0.00300733
5.57334e+06	0.00334698
5.57344e+06	0.00368791
5.57354e+06	0.00402315
5.57364e+06	0.00434519
5.57374e+06	0.00464631
5.57384e+06	0.00491886
5.57394e+06	0.00515559
5.57404e+06	0.00534994
5.57414e+06	0.00549637
5.57424e+06	0.00559063
5.57434e+06	0.00562993
5.57444e+06	0.00561308
5.57454e+06	0.00554061
5.57464e+06	0.00541465
5.57474e+06	0.0052389
5.57484e+06	0.00501843
5.57494e+06	0.00475939
5.57504e+06	0.00446882
5.57514e+06	0.00415423
5.57524e+06	0.00382337
5.57534e+06	0.00348384
5.57544e+06	0.00314288
5.57554e+06	0.00280708
5.57564e+06	0.00248221
5.57574e+06	0.00217309
5.57584e+06	0.00188355
5.57594e+06	0.00161633
5.57604e+06	0.00137323
5.57614e+06	0.00115508
5.57624e+06	0.000961916
5.57634e+06	0.000793085
5.57644e+06	0.000647381
5.57654e+06	0.000523187
5.57664e+06	0.000418611
5.57674e+06	0.000331606
5.57684e+06	0.00026007
5.57694e+06	0.000201937
5.57704e+06	0.000155238
5.57714e+06	0.000118151
5.57724e+06	8.90294e-05
5.57734e+06	6.64182e-05
5.57744e+06	4.90566e-05
5.57754e+06	3.58728e-05
5.57764e+06	2.59711e-05
5.57774e+06	1.86153e-05
5.57784e+06	1.32102e-05
5.57794e+06	9.28123e-06
5.57804e+06	6.45593e-06
5.57814e+06	4.44599e-06
5.57824e+06	3.03134e-06
5.57834e+06	2.04625e-06
5.57844e+06	1.36754e-06
5.57854e+06	9.04854e-07
5.57864e+06	5.92753e-07
5.57874e+06	3.84438e-07
5.57884e+06	2.46851e-07
5.57894e+06	1.56928e-07
5.57904e+06	9.87699e-08
5.57914e+06	6.15468e-08
5.57924e+06	3.79702e-08
5.57934e+06	2.31919e-08
