1.93206e+06	1.03875e-07
1.93216e+06	1.71385e-07
1.93226e+06	2.80044e-07
1.93236e+06	4.5319e-07
1.93246e+06	7.26338e-07
1.93256e+06	1.15295e-06
1.93266e+06	1.8126e-06
1.93276e+06	2.8224e-06
1.93286e+06	4.35283e-06
1.93296e+06	6.64915e-06
1.93306e+06	1.00603e-05
1.93316e+06	1.50769e-05
1.93326e+06	2.23811e-05
1.93336e+06	3.29097e-05
1.93346e+06	4.79346e-05
1.93356e+06	6.91617e-05
1.93366e+06	9.88511e-05
1.93376e+06	0.000139961
1.93386e+06	0.000196312
1.93396e+06	0.00027278
1.93406e+06	0.000375502
1.93416e+06	0.0005121
1.93426e+06	0.000691905
1.93436e+06	0.000926182
1.93446e+06	0.00122832
1.93456e+06	0.00161399
1.93466e+06	0.00210122
1.93476e+06	0.00271038
1.93486e+06	0.00346404
1.93496e+06	0.00438667
1.93506e+06	0.0055042
1.93516e+06	0.0068433
1.93526e+06	0.00843048
1.93536e+06	0.0102911
1.93546e+06	0.0124478
1.93556e+06	0.0149194
1.93566e+06	0.0177191
1.93576e+06	0.0208526
1.93586e+06	0.0243173
1.93596e+06	0.0280997
1.93606e+06	0.0321752
1.93616e+06	0.0365069
1.93626e+06	0.0410448
1.93636e+06	0.0457268
1.93646e+06	0.050479
1.93656e+06	0.055217
1.93666e+06	0.0598487
1.93676e+06	0.0642764
1.93686e+06	0.0684004
1.93696e+06	0.0721223
1.93706e+06	0.0753494
1.93716e+06	0.0779978
1.93726e+06	0.0799964
1.93736e+06	0.08129
1.93746e+06	0.0818419
1.93756e+06	0.0816351
1.93766e+06	0.0806742
1.93776e+06	0.0789841
1.93786e+06	0.0766097
1.93796e+06	0.0736138
1.93806e+06	0.0700741
1.93816e+06	0.06608
1.93826e+06	0.0617287
1.93836e+06	0.0571218
1.93846e+06	0.0523607
1.93856e+06	0.0475433
1.93866e+06	0.0427606
1.93876e+06	0.0380946
1.93886e+06	0.0336153
1.93896e+06	0.0293805
1.93906e+06	0.0254344
1.93916e+06	0.0218079
1.93926e+06	0.0185196
1.93936e+06	0.0155764
1.93946e+06	0.0129752
1.93956e+06	0.0107044
1.93966e+06	0.00874602
1.93976e+06	0.00707697
1.93986e+06	0.00567111
1.93996e+06	0.00450057
1.94006e+06	0.00353704
1.94016e+06	0.00275282
1.94026e+06	0.00212167
1.94036e+06	0.00161933
1.94046e+06	0.00122389
1.94056e+06	0.000916008
1.94066e+06	0.000678886
1.94076e+06	0.000498233
1.94086e+06	0.000362078
1.94096e+06	0.000260556
1.94106e+06	0.000185664
1.94116e+06	0.000131001
1.94126e+06	9.15257e-05
1.94136e+06	6.33179e-05
1.94146e+06	4.33733e-05
1.94156e+06	2.9419e-05
1.94166e+06	1.97579e-05
1.94176e+06	1.31389e-05
1.94186e+06	8.65123e-06
1.94196e+06	5.64023e-06
1.94206e+06	3.64093e-06
1.94216e+06	2.32714e-06
1.94226e+06	1.47274e-06
1.94236e+06	9.22829e-07
1.94246e+06	5.72538e-07
1.94256e+06	3.51703e-07
1.94266e+06	2.1391e-07
1.94276e+06	1.28817e-07
1.94286e+06	7.68061e-08
1.94296e+06	4.5342e-08
1.94306e+06	2.65024e-08
1.94316e+06	1.53372e-08
1.94326e+06	8.78795e-09
1.94336e+06	4.98545e-09
1.94346e+06	2.80024e-09
1.94356e+06	1.55726e-09
1.94366e+06	8.57434e-10
1.94376e+06	4.67425e-10
1.94386e+06	2.52287e-10
1.94396e+06	1.34818e-10
1.94406e+06	7.13299e-11
1.94416e+06	3.73649e-11
1.94426e+06	1.93787e-11
1.94436e+06	9.9507e-12
1.94446e+06	5.05882e-12
1.94456e+06	2.54632e-12
1.94466e+06	1.26894e-12
1.94476e+06	6.26088e-13
1.94486e+06	3.0584e-13
1.94496e+06	1.47917e-13
1.94506e+06	7.08283e-14
1.94516e+06	3.35783e-14
1.94526e+06	1.57607e-14
1.94536e+06	7.32409e-15
1.94546e+06	3.36973e-15
1.94556e+06	1.53497e-15
1.94566e+06	6.92253e-16
1.94576e+06	3.09095e-16
1.94586e+06	1.36641e-16
1.94596e+06	5.98043e-17
1.94606e+06	2.59146e-17
1.94616e+06	1.11177e-17
1.94626e+06	4.72225e-18
1.94636e+06	1.98583e-18
1.94646e+06	8.26792e-19
1.94656e+06	3.40808e-19
1.94666e+06	1.39086e-19
1.94676e+06	5.61975e-20
1.94686e+06	2.24807e-20
1.94696e+06	8.90353e-21
1.94706e+06	3.49119e-21
1.94716e+06	1.35533e-21
1.94726e+06	5.20924e-22
1.94736e+06	1.98227e-22
1.94746e+06	7.4681e-23
1.94756e+06	2.78558e-23
1.94766e+06	1.02868e-23
1.94776e+06	3.76101e-24
1.94786e+06	1.3614e-24
1.94796e+06	4.87895e-25
1.94806e+06	1.73111e-25
1.94816e+06	6.08109e-26
1.94826e+06	2.11493e-26
1.94836e+06	7.28231e-27
1.94846e+06	2.48256e-27
1.94856e+06	8.37893e-28
1.94866e+06	2.79986e-28
1.94876e+06	9.26276e-29
1.94886e+06	3.03391e-29
1.94896e+06	9.83837e-30
1.94906e+06	3.15865e-30
1.94916e+06	1.00401e-30
1.94926e+06	3.15959e-31
1.94936e+06	9.84422e-32
1.94946e+06	3.03662e-32
1.94956e+06	9.27377e-33
1.94966e+06	2.80401e-33
1.94976e+06	8.39385e-34
1.94986e+06	2.48771e-34
1.94996e+06	7.29955e-35
1.95006e+06	2.12056e-35
1.95016e+06	6.09903e-36
1.95026e+06	1.73672e-36
1.95036e+06	4.89615e-37
1.95046e+06	1.36659e-37
1.95056e+06	3.77641e-38
1.95066e+06	1.03318e-38
1.95076e+06	2.79854e-39
1.95086e+06	7.50489e-40
1.95096e+06	1.99257e-40
1.95106e+06	5.2377e-41
1.95116e+06	1.36309e-41
1.95126e+06	3.5121e-42
1.95136e+06	8.95912e-43
1.95146e+06	2.26267e-43
1.95156e+06	5.65763e-44
1.95166e+06	1.40057e-44
1.95176e+06	3.43267e-45
1.95186e+06	8.32946e-46
1.95196e+06	2.00105e-46
1.95206e+06	4.75946e-47
1.95216e+06	1.12076e-47
1.95226e+06	2.61293e-48
1.95236e+06	6.03112e-49
1.95246e+06	1.37824e-49
1.95256e+06	3.11825e-50
1.95266e+06	6.98478e-51
1.95276e+06	1.549e-51
1.95286e+06	3.40101e-52
1.95296e+06	7.39301e-53
1.95306e+06	1.59108e-53
1.95316e+06	3.39015e-54
1.95326e+06	7.15161e-55
1.95336e+06	1.49364e-55
1.95346e+06	3.08848e-56
1.95356e+06	6.32268e-57
1.95366e+06	1.28149e-57
1.95376e+06	2.57149e-58
1.95386e+06	5.10871e-59
1.95396e+06	1.00484e-59
1.95406e+06	1.95676e-60
1.95416e+06	3.77256e-61
1.95426e+06	7.20098e-62
1.95436e+06	1.36083e-62
1.95446e+06	2.54609e-63
1.95456e+06	4.7163e-64
1.95466e+06	8.64939e-65
1.95476e+06	1.57046e-65
1.95486e+06	2.82309e-66
1.95496e+06	5.02435e-67
1.95506e+06	8.85304e-68
1.95516e+06	1.54441e-68
1.95526e+06	2.6674e-69
1.95536e+06	4.56112e-70
1.95546e+06	7.72169e-71
1.95556e+06	1.29423e-71
1.95566e+06	2.14766e-72
1.95576e+06	3.52839e-73
1.95586e+06	5.73913e-74
1.95596e+06	9.24212e-75
1.95606e+06	1.47352e-75
1.95616e+06	2.32592e-76
1.95626e+06	3.6349e-77
1.95636e+06	5.62401e-78
1.95646e+06	8.61504e-79
1.95656e+06	1.30655e-79
1.95666e+06	1.96178e-80
1.95676e+06	2.91631e-81
1.95686e+06	4.29213e-82
1.95696e+06	6.25417e-83
1.95706e+06	9.02243e-84
1.95716e+06	1.28865e-84
1.95726e+06	1.82223e-85
1.95736e+06	2.5511e-86
1.95746e+06	3.53597e-87
1.95756e+06	4.8523e-88
1.95766e+06	6.59241e-89
1.95776e+06	8.86741e-90
1.95786e+06	1.18088e-90
1.95796e+06	1.55695e-91
1.95806e+06	2.03235e-92
1.95816e+06	2.62652e-93
1.95826e+06	3.36061e-94
1.95836e+06	4.2571e-95
1.95846e+06	5.33908e-96
1.95856e+06	6.62942e-97
1.95866e+06	8.14972e-98
1.95876e+06	9.91896e-99
1.95886e+06	1.19522e-99
1.95896e+06	1.42589e-100
1.95906e+06	1.68414e-101
1.95916e+06	1.96939e-102
1.95926e+06	2.28003e-103
1.95936e+06	2.6134e-104
1.95946e+06	2.96572e-105
1.95956e+06	3.33204e-106
1.95966e+06	3.70635e-107
1.95976e+06	4.0817e-108
1.95986e+06	4.45033e-109
1.95996e+06	4.80397e-110
1.96006e+06	5.13412e-111
1.96016e+06	5.43236e-112
1.96026e+06	5.69073e-113
1.96036e+06	5.90207e-114
1.96046e+06	6.06036e-115
1.96056e+06	6.16097e-116
1.96066e+06	6.20093e-117
1.96076e+06	6.17905e-118
1.96086e+06	6.09598e-119
1.96096e+06	5.95418e-120
1.96106e+06	5.75782e-121
1.96116e+06	5.51253e-122
1.96126e+06	5.22518e-123
1.96136e+06	4.90353e-124
1.96146e+06	4.55588e-125
1.96156e+06	4.19077e-126
1.96166e+06	3.81656e-127
1.96176e+06	3.44118e-128
1.96186e+06	3.07185e-129
1.96196e+06	2.71487e-130
1.96206e+06	2.37551e-131
1.96216e+06	2.05788e-132
1.96226e+06	1.76498e-133
1.96236e+06	1.49871e-134
1.96246e+06	1.25995e-135
1.96256e+06	1.04868e-136
1.96266e+06	8.64158e-138
1.96276e+06	7.05016e-139
1.96286e+06	5.69459e-140
1.96296e+06	4.55389e-141
1.96306e+06	3.60545e-142
1.96316e+06	2.82614e-143
1.96326e+06	2.19323e-144
1.96336e+06	1.68513e-145
1.96346e+06	1.28185e-146
1.96356e+06	9.65385e-148
1.96366e+06	7.19813e-149
1.96376e+06	5.31369e-150
1.96386e+06	3.88356e-151
1.96396e+06	2.81009e-152
1.96406e+06	2.01311e-153
1.96416e+06	1.42782e-154
1.96426e+06	1.00262e-155
1.96436e+06	6.97033e-157
1.96446e+06	4.79766e-158
1.96456e+06	3.26936e-159
1.96466e+06	2.20573e-160
1.96476e+06	1.47333e-161
1.96486e+06	9.74324e-163
1.96496e+06	6.37917e-164
1.96506e+06	4.13507e-165
1.96516e+06	2.65374e-166
1.96526e+06	1.68613e-167
1.96536e+06	1.06067e-168
1.96546e+06	6.60581e-170
1.96556e+06	4.07314e-171
1.96566e+06	2.48651e-172
1.96576e+06	1.50282e-173
1.96586e+06	8.99253e-175
1.96596e+06	5.32738e-176
1.96606e+06	3.12466e-177
1.96616e+06	1.81446e-178
1.96626e+06	1.04316e-179
1.96636e+06	5.9376e-181
1.96646e+06	3.34602e-182
1.96656e+06	1.86682e-183
1.96666e+06	1.03118e-184
1.96676e+06	5.63925e-186
1.96686e+06	3.05328e-187
1.96696e+06	1.6367e-188
1.96706e+06	8.68616e-190
1.96716e+06	4.56399e-191
1.96726e+06	2.3742e-192
1.96736e+06	1.22278e-193
1.96746e+06	6.23499e-195
1.96756e+06	3.1476e-196
1.96766e+06	1.57319e-197
1.96776e+06	7.78467e-199
1.96786e+06	3.81378e-200
1.96796e+06	1.84982e-201
1.96806e+06	8.88298e-203
1.96816e+06	4.22324e-204
1.96826e+06	1.98788e-205
1.96836e+06	9.26383e-207
1.96846e+06	4.27414e-208
1.96856e+06	1.95238e-209
1.96866e+06	8.8295e-211
1.96876e+06	3.95335e-212
1.96886e+06	1.75247e-213
1.96896e+06	7.69121e-215
1.96906e+06	3.34191e-216
1.96916e+06	1.43765e-217
1.96926e+06	6.12304e-219
1.96936e+06	2.5819e-220
1.96946e+06	1.07787e-221
1.96956e+06	4.45506e-223
1.96966e+06	1.82304e-224
1.96976e+06	7.38577e-226
1.96986e+06	2.96246e-227
1.96996e+06	1.17643e-228
1.97006e+06	4.62527e-230
1.97016e+06	1.80038e-231
1.97026e+06	6.93826e-233
1.97036e+06	2.64723e-234
1.97046e+06	9.99981e-236
1.97056e+06	3.7398e-237
1.97066e+06	1.38472e-238
1.97076e+06	5.07611e-240
1.97086e+06	1.84229e-241
1.97096e+06	6.61978e-243
1.97106e+06	2.35497e-244
1.97116e+06	8.29437e-246
1.97126e+06	2.89227e-247
1.97136e+06	9.98508e-249
1.97146e+06	3.41288e-250
1.97156e+06	1.15491e-251
1.97166e+06	3.8693e-253
1.97176e+06	1.28343e-254
1.97186e+06	4.21474e-256
1.97196e+06	1.37033e-257
1.97206e+06	4.41101e-259
1.97216e+06	1.40575e-260
1.97226e+06	4.4354e-262
1.97236e+06	1.38553e-263
1.97246e+06	4.28506e-265
1.97256e+06	1.31206e-266
1.97266e+06	3.97748e-268
1.97276e+06	1.19377e-269
1.97286e+06	3.54722e-271
1.97296e+06	1.04355e-272
1.97306e+06	3.03946e-274
1.97316e+06	8.76468e-276
1.97326e+06	2.50226e-277
1.97336e+06	7.07272e-279
1.97346e+06	1.97923e-280
1.97356e+06	5.48359e-282
1.97366e+06	1.50415e-283
1.97376e+06	4.08481e-285
1.97386e+06	1.09828e-286
1.97396e+06	2.92353e-288
1.97406e+06	7.70478e-290
1.97416e+06	2.01034e-291
1.97426e+06	5.19323e-293
1.97436e+06	1.3282e-294
1.97446e+06	3.36313e-296
1.97456e+06	8.43106e-298
1.97466e+06	2.09256e-299
1.97476e+06	5.14198e-301
1.97486e+06	1.25095e-302
1.97496e+06	3.01305e-304
1.97506e+06	7.18505e-306
1.97516e+06	1.69633e-307
1.97526e+06	3.96505e-309
1.97536e+06	9.17579e-311
1.97546e+06	2.1023e-312
1.97556e+06	4.76875e-314
1.97566e+06	1.07095e-315
1.97576e+06	2.38119e-317
1.97586e+06	5.24174e-319
1.97596e+06	1.14228e-320
1.97606e+06	2.47033e-322
1.97616e+06	4.94066e-324
1.97626e+06	0
1.97636e+06	0
1.97646e+06	0
1.97656e+06	0
1.97666e+06	0
1.97676e+06	0
1.97686e+06	0
1.97696e+06	0
1.97706e+06	0
1.97716e+06	0
1.97726e+06	0
1.97736e+06	0
1.97746e+06	0
1.97756e+06	0
1.97766e+06	0
1.97776e+06	0
1.97786e+06	0
1.97796e+06	0
1.97806e+06	0
1.97816e+06	0
1.97826e+06	0
1.97836e+06	0
1.97846e+06	0
1.97856e+06	0
1.97866e+06	0
1.97876e+06	0
1.97886e+06	0
1.97896e+06	0
1.97906e+06	0
1.97916e+06	0
1.97926e+06	0
1.97936e+06	0
1.97946e+06	0
1.97956e+06	0
1.97966e+06	0
1.97976e+06	0
1.97986e+06	0
1.97996e+06	0
1.98006e+06	0
1.98016e+06	0
1.98026e+06	0
1.98036e+06	0
1.98046e+06	0
1.98056e+06	0
1.98066e+06	0
1.98076e+06	0
1.98086e+06	0
1.98096e+06	0
1.98106e+06	0
1.98116e+06	0
1.98126e+06	0
1.98136e+06	0
1.98146e+06	0
1.98156e+06	0
1.98166e+06	0
1.98176e+06	0
1.98186e+06	0
1.98196e+06	0
1.98206e+06	0
1.98216e+06	0
1.98226e+06	0
1.98236e+06	0
1.98246e+06	0
1.98256e+06	0
1.98266e+06	0
1.98276e+06	0
1.98286e+06	0
1.98296e+06	0
1.98306e+06	0
1.98316e+06	0
1.98326e+06	0
1.98336e+06	0
1.98346e+06	0
1.98356e+06	0
1.98366e+06	0
1.98376e+06	0
1.98386e+06	0
1.98396e+06	0
1.98406e+06	0
1.98416e+06	0
1.98426e+06	0
1.98436e+06	0
1.98446e+06	0
1.98456e+06	0
1.98466e+06	0
1.98476e+06	0
1.98486e+06	0
1.98496e+06	0
1.98506e+06	0
1.98516e+06	0
1.98526e+06	0
1.98536e+06	0
1.98546e+06	0
1.98556e+06	0
1.98566e+06	0
1.98576e+06	0
1.98586e+06	0
1.98596e+06	0
1.98606e+06	0
1.98616e+06	0
1.98626e+06	0
1.98636e+06	0
1.98646e+06	0
1.98656e+06	0
1.98666e+06	0
1.98676e+06	0
1.98686e+06	0
1.98696e+06	0
1.98706e+06	0
1.98716e+06	0
1.98726e+06	0
1.98736e+06	0
1.98746e+06	0
1.98756e+06	0
1.98766e+06	0
1.98776e+06	0
1.98786e+06	0
1.98796e+06	0
1.98806e+06	0
1.98816e+06	0
1.98826e+06	0
1.98836e+06	0
1.98846e+06	0
1.98856e+06	0
1.98866e+06	0
1.98876e+06	0
1.98886e+06	0
1.98896e+06	0
1.98906e+06	0
1.98916e+06	0
1.98926e+06	0
1.98936e+06	0
1.98946e+06	0
1.98956e+06	0
1.98966e+06	0
1.98976e+06	0
1.98986e+06	0
1.98996e+06	0
1.99006e+06	0
1.99016e+06	0
1.99026e+06	0
1.99036e+06	0
1.99046e+06	0
1.99056e+06	0
1.99066e+06	0
1.99076e+06	0
1.99086e+06	0
1.99096e+06	0
1.99106e+06	0
1.99116e+06	0
1.99126e+06	0
1.99136e+06	0
1.99146e+06	0
1.99156e+06	0
1.99166e+06	0
1.99176e+06	0
1.99186e+06	0
1.99196e+06	0
1.99206e+06	0
1.99216e+06	0
1.99226e+06	0
1.99236e+06	0
1.99246e+06	0
1.99256e+06	0
1.99266e+06	0
1.99276e+06	0
1.99286e+06	0
1.99296e+06	0
1.99306e+06	0
1.99316e+06	0
1.99326e+06	0
1.99336e+06	0
1.99346e+06	0
1.99356e+06	0
1.99366e+06	0
1.99376e+06	0
1.99386e+06	0
1.99396e+06	0
1.99406e+06	0
1.99416e+06	0
1.99426e+06	0
1.99436e+06	0
1.99446e+06	0
1.99456e+06	0
1.99466e+06	0
1.99476e+06	0
1.99486e+06	0
1.99496e+06	0
1.99506e+06	0
1.99516e+06	0
1.99526e+06	0
1.99536e+06	0
1.99546e+06	0
1.99556e+06	0
1.99566e+06	0
1.99576e+06	0
1.99586e+06	0
1.99596e+06	0
1.99606e+06	0
1.99616e+06	0
1.99626e+06	0
1.99636e+06	0
1.99646e+06	0
1.99656e+06	0
1.99666e+06	0
1.99676e+06	0
1.99686e+06	0
1.99696e+06	0
1.99706e+06	0
1.99716e+06	0
1.99726e+06	0
1.99736e+06	0
1.99746e+06	0
1.99756e+06	0
1.99766e+06	0
1.99776e+06	0
1.99786e+06	0
1.99796e+06	0
1.99806e+06	0
1.99816e+06	0
1.99826e+06	0
1.99836e+06	0
1.99846e+06	0
1.99856e+06	0
1.99866e+06	0
1.99876e+06	0
1.99886e+06	0
1.99896e+06	0
1.99906e+06	0
1.99916e+06	0
1.99926e+06	0
1.99936e+06	0
1.99946e+06	0
1.99956e+06	0
1.99966e+06	0
1.99976e+06	0
1.99986e+06	0
1.99996e+06	0
2.00006e+06	0
2.00016e+06	0
2.00026e+06	0
2.00036e+06	0
2.00046e+06	0
2.00056e+06	0
2.00066e+06	0
2.00076e+06	0
2.00086e+06	0
2.00096e+06	0
2.00106e+06	0
2.00116e+06	0
2.00126e+06	0
2.00136e+06	0
2.00146e+06	0
2.00156e+06	0
2.00166e+06	0
2.00176e+06	0
2.00186e+06	0
2.00196e+06	0
2.00206e+06	0
2.00216e+06	0
2.00226e+06	0
2.00236e+06	0
2.00246e+06	0
2.00256e+06	0
2.00266e+06	0
2.00276e+06	0
2.00286e+06	0
2.00296e+06	0
2.00306e+06	0
2.00316e+06	0
2.00326e+06	0
2.00336e+06	0
2.00346e+06	0
2.00356e+06	0
2.00366e+06	0
2.00376e+06	0
2.00386e+06	0
2.00396e+06	0
2.00406e+06	0
2.00416e+06	0
2.00426e+06	0
2.00436e+06	0
2.00446e+06	0
2.00456e+06	0
2.00466e+06	0
2.00476e+06	0
2.00486e+06	0
2.00496e+06	0
2.00506e+06	0
2.00516e+06	0
2.00526e+06	0
2.00536e+06	0
2.00546e+06	0
2.00556e+06	0
2.00566e+06	0
2.00576e+06	0
2.00586e+06	0
2.00596e+06	0
2.00606e+06	0
2.00616e+06	0
2.00626e+06	0
2.00636e+06	0
2.00646e+06	0
2.00656e+06	0
2.00666e+06	0
2.00676e+06	0
2.00686e+06	0
2.00696e+06	0
2.00706e+06	0
2.00716e+06	0
2.00726e+06	0
2.00736e+06	0
2.00746e+06	0
2.00756e+06	0
2.00766e+06	0
2.00776e+06	0
2.00786e+06	0
2.00796e+06	0
2.00806e+06	0
2.00816e+06	0
2.00826e+06	0
2.00836e+06	0
2.00846e+06	0
2.00856e+06	0
2.00866e+06	0
2.00876e+06	0
2.00886e+06	0
2.00896e+06	0
2.00906e+06	0
2.00916e+06	0
2.00926e+06	0
2.00936e+06	0
2.00946e+06	0
2.00956e+06	0
2.00966e+06	0
2.00976e+06	0
2.00986e+06	0
2.00996e+06	0
2.01006e+06	0
2.01016e+06	0
2.01026e+06	0
2.01036e+06	0
2.01046e+06	0
2.01056e+06	0
2.01066e+06	0
2.01076e+06	0
2.01086e+06	0
2.01096e+06	0
2.01106e+06	0
2.01116e+06	0
2.01126e+06	0
2.01136e+06	0
2.01146e+06	0
2.01156e+06	0
2.01166e+06	0
2.01176e+06	0
2.01186e+06	0
2.01196e+06	0
2.01206e+06	0
2.01216e+06	0
2.01226e+06	0
2.01236e+06	0
2.01246e+06	0
2.01256e+06	0
2.01266e+06	0
2.01276e+06	0
2.01286e+06	0
2.01296e+06	0
2.01306e+06	0
2.01316e+06	0
2.01326e+06	0
2.01336e+06	0
2.01346e+06	0
2.01356e+06	0
2.01366e+06	0
2.01376e+06	0
2.01386e+06	0
2.01396e+06	0
2.01406e+06	0
2.01416e+06	0
2.01426e+06	0
2.01436e+06	0
2.01446e+06	0
2.01456e+06	0
2.01466e+06	0
2.01476e+06	0
2.01486e+06	0
2.01496e+06	0
2.01506e+06	0
2.01516e+06	0
2.01526e+06	0
2.01536e+06	0
2.01546e+06	0
2.01556e+06	0
2.01566e+06	0
2.01576e+06	0
2.01586e+06	0
2.01596e+06	0
2.01606e+06	0
2.01616e+06	0
2.01626e+06	0
2.01636e+06	0
2.01646e+06	0
2.01656e+06	0
2.01666e+06	0
2.01676e+06	0
2.01686e+06	0
2.01696e+06	0
2.01706e+06	0
2.01716e+06	0
2.01726e+06	0
2.01736e+06	0
2.01746e+06	0
2.01756e+06	0
2.01766e+06	0
2.01776e+06	0
2.01786e+06	0
2.01796e+06	0
2.01806e+06	0
2.01816e+06	0
2.01826e+06	0
2.01836e+06	0
2.01846e+06	0
2.01856e+06	0
2.01866e+06	0
2.01876e+06	0
2.01886e+06	0
2.01896e+06	0
2.01906e+06	0
2.01916e+06	0
2.01926e+06	0
2.01936e+06	0
2.01946e+06	0
2.01956e+06	0
2.01966e+06	0
2.01976e+06	0
2.01986e+06	0
2.01996e+06	0
2.02006e+06	0
2.02016e+06	0
2.02026e+06	0
2.02036e+06	0
2.02046e+06	0
2.02056e+06	0
2.02066e+06	0
2.02076e+06	0
2.02086e+06	0
2.02096e+06	0
2.02106e+06	0
2.02116e+06	0
2.02126e+06	0
2.02136e+06	0
2.02146e+06	0
2.02156e+06	0
2.02166e+06	0
2.02176e+06	0
2.02186e+06	0
2.02196e+06	0
2.02206e+06	0
2.02216e+06	0
2.02226e+06	0
2.02236e+06	0
2.02246e+06	0
2.02256e+06	0
2.02266e+06	0
2.02276e+06	0
2.02286e+06	0
2.02296e+06	0
2.02306e+06	0
2.02316e+06	0
2.02326e+06	0
2.02336e+06	0
2.02346e+06	0
2.02356e+06	0
2.02366e+06	0
2.02376e+06	0
2.02386e+06	0
2.02396e+06	0
2.02406e+06	0
2.02416e+06	0
2.02426e+06	0
2.02436e+06	0
2.02446e+06	0
2.02456e+06	0
2.02466e+06	0
2.02476e+06	0
2.02486e+06	0
2.02496e+06	0
2.02506e+06	0
2.02516e+06	0
2.02526e+06	0
2.02536e+06	0
2.02546e+06	0
2.02556e+06	0
2.02566e+06	0
2.02576e+06	0
2.02586e+06	0
2.02596e+06	0
2.02606e+06	0
2.02616e+06	0
2.02626e+06	0
2.02636e+06	0
2.02646e+06	0
2.02656e+06	0
2.02666e+06	0
2.02676e+06	0
2.02686e+06	0
2.02696e+06	0
2.02706e+06	0
2.02716e+06	0
2.02726e+06	0
2.02736e+06	0
2.02746e+06	0
2.02756e+06	0
2.02766e+06	0
2.02776e+06	0
2.02786e+06	0
2.02796e+06	0
2.02806e+06	0
2.02816e+06	0
2.02826e+06	0
2.02836e+06	0
2.02846e+06	0
2.02856e+06	0
2.02866e+06	0
2.02876e+06	0
2.02886e+06	0
2.02896e+06	0
2.02906e+06	0
2.02916e+06	0
2.02926e+06	0
2.02936e+06	0
2.02946e+06	0
2.02956e+06	0
2.02966e+06	0
2.02976e+06	0
2.02986e+06	0
2.02996e+06	0
2.03006e+06	0
2.03016e+06	0
2.03026e+06	0
2.03036e+06	0
2.03046e+06	0
2.03056e+06	0
2.03066e+06	0
2.03076e+06	0
2.03086e+06	0
2.03096e+06	0
2.03106e+06	0
2.03116e+06	0
2.03126e+06	0
2.03136e+06	0
2.03146e+06	0
2.03156e+06	0
2.03166e+06	0
2.03176e+06	0
2.03186e+06	0
2.03196e+06	0
2.03206e+06	0
2.03216e+06	0
2.03226e+06	0
2.03236e+06	0
2.03246e+06	0
2.03256e+06	0
2.03266e+06	0
2.03276e+06	0
2.03286e+06	0
2.03296e+06	0
2.03306e+06	0
2.03316e+06	0
2.03326e+06	0
2.03336e+06	0
2.03346e+06	0
2.03356e+06	0
2.03366e+06	0
2.03376e+06	0
2.03386e+06	0
2.03396e+06	0
2.03406e+06	0
2.03416e+06	0
2.03426e+06	0
2.03436e+06	0
2.03446e+06	0
2.03456e+06	0
2.03466e+06	0
2.03476e+06	0
2.03486e+06	0
2.03496e+06	0
2.03506e+06	0
2.03516e+06	0
2.03526e+06	0
2.03536e+06	0
2.03546e+06	0
2.03556e+06	0
2.03566e+06	0
2.03576e+06	0
2.03586e+06	0
2.03596e+06	0
2.03606e+06	0
2.03616e+06	0
2.03626e+06	0
2.03636e+06	0
2.03646e+06	0
2.03656e+06	0
2.03666e+06	0
2.03676e+06	0
2.03686e+06	0
2.03696e+06	0
2.03706e+06	0
2.03716e+06	0
2.03726e+06	0
2.03736e+06	0
2.03746e+06	0
2.03756e+06	0
2.03766e+06	0
2.03776e+06	0
2.03786e+06	0
2.03796e+06	0
2.03806e+06	0
2.03816e+06	0
2.03826e+06	0
2.03836e+06	0
2.03846e+06	0
2.03856e+06	0
2.03866e+06	0
2.03876e+06	0
2.03886e+06	0
2.03896e+06	0
2.03906e+06	0
2.03916e+06	0
2.03926e+06	0
2.03936e+06	0
2.03946e+06	0
2.03956e+06	0
2.03966e+06	0
2.03976e+06	0
2.03986e+06	0
2.03996e+06	0
2.04006e+06	0
2.04016e+06	0
2.04026e+06	0
2.04036e+06	0
2.04046e+06	0
2.04056e+06	0
2.04066e+06	0
2.04076e+06	0
2.04086e+06	0
2.04096e+06	0
2.04106e+06	0
2.04116e+06	0
2.04126e+06	0
2.04136e+06	0
2.04146e+06	0
2.04156e+06	0
2.04166e+06	0
2.04176e+06	0
2.04186e+06	0
2.04196e+06	0
2.04206e+06	0
2.04216e+06	0
2.04226e+06	0
2.04236e+06	0
2.04246e+06	0
2.04256e+06	0
2.04266e+06	0
2.04276e+06	0
2.04286e+06	0
2.04296e+06	0
2.04306e+06	0
2.04316e+06	0
2.04326e+06	0
2.04336e+06	0
2.04346e+06	0
2.04356e+06	0
2.04366e+06	0
2.04376e+06	0
2.04386e+06	0
2.04396e+06	0
2.04406e+06	0
2.04416e+06	0
2.04426e+06	0
2.04436e+06	0
2.04446e+06	0
2.04456e+06	0
2.04466e+06	0
2.04476e+06	0
2.04486e+06	0
2.04496e+06	0
2.04506e+06	0
2.04516e+06	0
2.04526e+06	0
2.04536e+06	0
2.04546e+06	0
2.04556e+06	0
2.04566e+06	0
2.04576e+06	0
2.04586e+06	0
2.04596e+06	0
2.04606e+06	0
2.04616e+06	0
2.04626e+06	0
2.04636e+06	0
2.04646e+06	0
2.04656e+06	0
2.04666e+06	0
2.04676e+06	0
2.04686e+06	0
2.04696e+06	0
2.04706e+06	0
2.04716e+06	0
2.04726e+06	0
2.04736e+06	0
2.04746e+06	0
2.04756e+06	0
2.04766e+06	0
2.04776e+06	0
2.04786e+06	0
2.04796e+06	0
2.04806e+06	0
2.04816e+06	0
2.04826e+06	0
2.04836e+06	0
2.04846e+06	0
2.04856e+06	0
2.04866e+06	0
2.04876e+06	0
2.04886e+06	0
2.04896e+06	0
2.04906e+06	0
2.04916e+06	0
2.04926e+06	0
2.04936e+06	0
2.04946e+06	0
2.04956e+06	0
2.04966e+06	0
2.04976e+06	0
2.04986e+06	0
2.04996e+06	0
2.05006e+06	0
2.05016e+06	0
2.05026e+06	0
2.05036e+06	0
2.05046e+06	0
2.05056e+06	0
2.05066e+06	0
2.05076e+06	0
2.05086e+06	0
2.05096e+06	0
2.05106e+06	0
2.05116e+06	0
2.05126e+06	0
2.05136e+06	0
2.05146e+06	0
2.05156e+06	0
2.05166e+06	0
2.05176e+06	0
2.05186e+06	0
2.05196e+06	0
2.05206e+06	0
2.05216e+06	0
2.05226e+06	0
2.05236e+06	0
2.05246e+06	0
2.05256e+06	0
2.05266e+06	0
2.05276e+06	0
2.05286e+06	0
2.05296e+06	0
2.05306e+06	0
2.05316e+06	0
2.05326e+06	0
2.05336e+06	0
2.05346e+06	0
2.05356e+06	0
2.05366e+06	0
2.05376e+06	0
2.05386e+06	0
2.05396e+06	0
2.05406e+06	0
2.05416e+06	0
2.05426e+06	0
2.05436e+06	0
2.05446e+06	0
2.05456e+06	0
2.05466e+06	0
2.05476e+06	0
2.05486e+06	0
2.05496e+06	0
2.05506e+06	0
2.05516e+06	0
2.05526e+06	0
2.05536e+06	0
2.05546e+06	0
2.05556e+06	0
2.05566e+06	0
2.05576e+06	0
2.05586e+06	0
2.05596e+06	0
2.05606e+06	0
2.05616e+06	0
2.05626e+06	0
2.05636e+06	0
2.05646e+06	0
2.05656e+06	0
2.05666e+06	0
2.05676e+06	0
2.05686e+06	0
2.05696e+06	0
2.05706e+06	0
2.05716e+06	0
2.05726e+06	0
2.05736e+06	0
2.05746e+06	0
2.05756e+06	0
2.05766e+06	0
2.05776e+06	0
2.05786e+06	0
2.05796e+06	0
2.05806e+06	0
2.05816e+06	0
2.05826e+06	0
2.05836e+06	0
2.05846e+06	0
2.05856e+06	0
2.05866e+06	0
2.05876e+06	0
2.05886e+06	0
2.05896e+06	0
2.05906e+06	0
2.05916e+06	0
2.05926e+06	0
2.05936e+06	0
2.05946e+06	0
2.05956e+06	0
2.05966e+06	0
2.05976e+06	0
2.05986e+06	0
2.05996e+06	0
2.06006e+06	0
2.06016e+06	0
2.06026e+06	0
2.06036e+06	0
2.06046e+06	0
2.06056e+06	0
2.06066e+06	0
2.06076e+06	0
2.06086e+06	0
2.06096e+06	0
2.06106e+06	0
2.06116e+06	0
2.06126e+06	0
2.06136e+06	0
2.06146e+06	0
2.06156e+06	0
2.06166e+06	0
2.06176e+06	0
2.06186e+06	0
2.06196e+06	0
2.06206e+06	0
2.06216e+06	0
2.06226e+06	0
2.06236e+06	0
2.06246e+06	0
2.06256e+06	0
2.06266e+06	0
2.06276e+06	0
2.06286e+06	0
2.06296e+06	0
2.06306e+06	0
2.06316e+06	0
2.06326e+06	0
2.06336e+06	0
2.06346e+06	0
2.06356e+06	0
2.06366e+06	0
2.06376e+06	0
2.06386e+06	0
2.06396e+06	0
2.06406e+06	0
2.06416e+06	0
2.06426e+06	0
2.06436e+06	0
2.06446e+06	0
2.06456e+06	0
2.06466e+06	0
2.06476e+06	0
2.06486e+06	0
2.06496e+06	0
2.06506e+06	0
2.06516e+06	0
2.06526e+06	0
2.06536e+06	0
2.06546e+06	0
2.06556e+06	0
2.06566e+06	0
2.06576e+06	0
2.06586e+06	0
2.06596e+06	0
2.06606e+06	0
2.06616e+06	0
2.06626e+06	0
2.06636e+06	0
2.06646e+06	0
2.06656e+06	0
2.06666e+06	0
2.06676e+06	0
2.06686e+06	0
2.06696e+06	0
2.06706e+06	0
2.06716e+06	0
2.06726e+06	0
2.06736e+06	0
2.06746e+06	0
2.06756e+06	0
2.06766e+06	0
2.06776e+06	0
2.06786e+06	0
2.06796e+06	0
2.06806e+06	0
2.06816e+06	0
2.06826e+06	0
2.06836e+06	0
2.06846e+06	0
2.06856e+06	0
2.06866e+06	0
2.06876e+06	0
2.06886e+06	0
2.06896e+06	0
2.06906e+06	0
2.06916e+06	0
2.06926e+06	0
2.06936e+06	0
2.06946e+06	0
2.06956e+06	0
2.06966e+06	0
2.06976e+06	0
2.06986e+06	0
2.06996e+06	0
2.07006e+06	0
2.07016e+06	0
2.07026e+06	0
2.07036e+06	0
2.07046e+06	0
2.07056e+06	0
2.07066e+06	0
2.07076e+06	0
2.07086e+06	0
2.07096e+06	0
2.07106e+06	0
2.07116e+06	0
2.07126e+06	0
2.07136e+06	0
2.07146e+06	0
2.07156e+06	0
2.07166e+06	0
2.07176e+06	0
2.07186e+06	0
2.07196e+06	0
2.07206e+06	0
2.07216e+06	0
2.07226e+06	0
2.07236e+06	0
2.07246e+06	0
2.07256e+06	0
2.07266e+06	0
2.07276e+06	0
2.07286e+06	0
2.07296e+06	0
2.07306e+06	0
2.07316e+06	0
2.07326e+06	0
2.07336e+06	0
2.07346e+06	0
2.07356e+06	0
2.07366e+06	0
2.07376e+06	0
2.07386e+06	0
2.07396e+06	0
2.07406e+06	0
2.07416e+06	0
2.07426e+06	0
2.07436e+06	0
2.07446e+06	0
2.07456e+06	0
2.07466e+06	0
2.07476e+06	0
2.07486e+06	0
2.07496e+06	0
2.07506e+06	0
2.07516e+06	0
2.07526e+06	0
2.07536e+06	0
2.07546e+06	0
2.07556e+06	0
2.07566e+06	0
2.07576e+06	0
2.07586e+06	0
2.07596e+06	0
2.07606e+06	0
2.07616e+06	0
2.07626e+06	0
2.07636e+06	0
2.07646e+06	0
2.07656e+06	0
2.07666e+06	0
2.07676e+06	0
2.07686e+06	0
2.07696e+06	0
2.07706e+06	0
2.07716e+06	0
2.07726e+06	0
2.07736e+06	0
2.07746e+06	0
2.07756e+06	0
2.07766e+06	0
2.07776e+06	0
2.07786e+06	0
2.07796e+06	0
2.07806e+06	0
2.07816e+06	0
2.07826e+06	0
2.07836e+06	0
2.07846e+06	0
2.07856e+06	0
2.07866e+06	0
2.07876e+06	0
2.07886e+06	0
2.07896e+06	0
2.07906e+06	0
2.07916e+06	0
2.07926e+06	0
2.07936e+06	0
2.07946e+06	0
2.07956e+06	0
2.07966e+06	0
2.07976e+06	0
2.07986e+06	0
2.07996e+06	0
2.08006e+06	0
2.08016e+06	0
2.08026e+06	0
2.08036e+06	0
2.08046e+06	0
2.08056e+06	0
2.08066e+06	0
2.08076e+06	0
2.08086e+06	0
2.08096e+06	0
2.08106e+06	0
2.08116e+06	0
2.08126e+06	0
2.08136e+06	0
2.08146e+06	0
2.08156e+06	0
2.08166e+06	0
2.08176e+06	0
2.08186e+06	0
2.08196e+06	0
2.08206e+06	0
2.08216e+06	0
2.08226e+06	0
2.08236e+06	0
2.08246e+06	0
2.08256e+06	0
2.08266e+06	0
2.08276e+06	0
2.08286e+06	0
2.08296e+06	0
2.08306e+06	0
2.08316e+06	0
2.08326e+06	0
2.08336e+06	0
2.08346e+06	0
2.08356e+06	0
2.08366e+06	0
2.08376e+06	0
2.08386e+06	0
2.08396e+06	0
2.08406e+06	0
2.08416e+06	0
2.08426e+06	0
2.08436e+06	0
2.08446e+06	0
2.08456e+06	0
2.08466e+06	0
2.08476e+06	0
2.08486e+06	0
2.08496e+06	0
2.08506e+06	0
2.08516e+06	0
2.08526e+06	0
2.08536e+06	0
2.08546e+06	0
2.08556e+06	0
2.08566e+06	0
2.08576e+06	0
2.08586e+06	0
2.08596e+06	0
2.08606e+06	0
2.08616e+06	0
2.08626e+06	0
2.08636e+06	0
2.08646e+06	0
2.08656e+06	0
2.08666e+06	0
2.08676e+06	0
2.08686e+06	0
2.08696e+06	0
2.08706e+06	0
2.08716e+06	0
2.08726e+06	0
2.08736e+06	0
2.08746e+06	0
2.08756e+06	0
2.08766e+06	0
2.08776e+06	0
2.08786e+06	0
2.08796e+06	0
2.08806e+06	0
2.08816e+06	0
2.08826e+06	0
2.08836e+06	0
2.08846e+06	0
2.08856e+06	0
2.08866e+06	0
2.08876e+06	0
2.08886e+06	0
2.08896e+06	0
2.08906e+06	0
2.08916e+06	0
2.08926e+06	0
2.08936e+06	0
2.08946e+06	0
2.08956e+06	0
2.08966e+06	0
2.08976e+06	0
2.08986e+06	0
2.08996e+06	0
2.09006e+06	0
2.09016e+06	0
2.09026e+06	0
2.09036e+06	0
2.09046e+06	0
2.09056e+06	0
2.09066e+06	0
2.09076e+06	0
2.09086e+06	0
2.09096e+06	0
2.09106e+06	0
2.09116e+06	0
2.09126e+06	0
2.09136e+06	0
2.09146e+06	0
2.09156e+06	0
2.09166e+06	0
2.09176e+06	0
2.09186e+06	0
2.09196e+06	0
2.09206e+06	0
2.09216e+06	0
2.09226e+06	0
2.09236e+06	0
2.09246e+06	0
2.09256e+06	0
2.09266e+06	0
2.09276e+06	0
2.09286e+06	0
2.09296e+06	0
2.09306e+06	0
2.09316e+06	0
2.09326e+06	0
2.09336e+06	0
2.09346e+06	0
2.09356e+06	0
2.09366e+06	0
2.09376e+06	0
2.09386e+06	0
2.09396e+06	0
2.09406e+06	0
2.09416e+06	0
2.09426e+06	0
2.09436e+06	0
2.09446e+06	0
2.09456e+06	0
2.09466e+06	0
2.09476e+06	0
2.09486e+06	0
2.09496e+06	0
2.09506e+06	0
2.09516e+06	0
2.09526e+06	0
2.09536e+06	0
2.09546e+06	0
2.09556e+06	0
2.09566e+06	0
2.09576e+06	0
2.09586e+06	0
2.09596e+06	0
2.09606e+06	0
2.09616e+06	0
2.09626e+06	0
2.09636e+06	0
2.09646e+06	0
2.09656e+06	0
2.09666e+06	0
2.09676e+06	0
2.09686e+06	0
2.09696e+06	0
2.09706e+06	0
2.09716e+06	0
2.09726e+06	0
2.09736e+06	0
2.09746e+06	0
2.09756e+06	0
2.09766e+06	0
2.09776e+06	0
2.09786e+06	0
2.09796e+06	0
2.09806e+06	0
2.09816e+06	0
2.09826e+06	0
2.09836e+06	0
2.09846e+06	0
2.09856e+06	0
2.09866e+06	0
2.09876e+06	0
2.09886e+06	0
2.09896e+06	0
2.09906e+06	0
2.09916e+06	0
2.09926e+06	0
2.09936e+06	0
2.09946e+06	0
2.09956e+06	0
2.09966e+06	0
2.09976e+06	0
2.09986e+06	0
2.09996e+06	0
2.10006e+06	0
2.10016e+06	0
2.10026e+06	0
2.10036e+06	0
2.10046e+06	0
2.10056e+06	0
2.10066e+06	0
2.10076e+06	0
2.10086e+06	0
2.10096e+06	0
2.10106e+06	0
2.10116e+06	0
2.10126e+06	0
2.10136e+06	0
2.10146e+06	0
2.10156e+06	0
2.10166e+06	0
2.10176e+06	0
2.10186e+06	0
2.10196e+06	0
2.10206e+06	0
2.10216e+06	0
2.10226e+06	0
2.10236e+06	0
2.10246e+06	0
2.10256e+06	0
2.10266e+06	0
2.10276e+06	0
2.10286e+06	0
2.10296e+06	0
2.10306e+06	0
2.10316e+06	0
2.10326e+06	0
2.10336e+06	0
2.10346e+06	0
2.10356e+06	0
2.10366e+06	0
2.10376e+06	0
2.10386e+06	0
2.10396e+06	0
2.10406e+06	0
2.10416e+06	0
2.10426e+06	0
2.10436e+06	0
2.10446e+06	0
2.10456e+06	0
2.10466e+06	0
2.10476e+06	0
2.10486e+06	0
2.10496e+06	0
2.10506e+06	0
2.10516e+06	0
2.10526e+06	0
2.10536e+06	0
2.10546e+06	0
2.10556e+06	0
2.10566e+06	0
2.10576e+06	0
2.10586e+06	0
2.10596e+06	0
2.10606e+06	0
2.10616e+06	0
2.10626e+06	0
2.10636e+06	0
2.10646e+06	0
2.10656e+06	0
2.10666e+06	0
2.10676e+06	0
2.10686e+06	0
2.10696e+06	0
2.10706e+06	0
2.10716e+06	0
2.10726e+06	0
2.10736e+06	0
2.10746e+06	0
2.10756e+06	0
2.10766e+06	0
2.10776e+06	0
2.10786e+06	0
2.10796e+06	0
2.10806e+06	0
2.10816e+06	0
2.10826e+06	0
2.10836e+06	0
2.10846e+06	0
2.10856e+06	0
2.10866e+06	0
2.10876e+06	0
2.10886e+06	0
2.10896e+06	0
2.10906e+06	0
2.10916e+06	0
2.10926e+06	0
2.10936e+06	0
2.10946e+06	0
2.10956e+06	0
2.10966e+06	0
2.10976e+06	0
2.10986e+06	0
2.10996e+06	0
2.11006e+06	0
2.11016e+06	0
2.11026e+06	0
2.11036e+06	0
2.11046e+06	0
2.11056e+06	0
2.11066e+06	0
2.11076e+06	0
2.11086e+06	0
2.11096e+06	0
2.11106e+06	0
2.11116e+06	0
2.11126e+06	0
2.11136e+06	0
2.11146e+06	0
2.11156e+06	0
2.11166e+06	0
2.11176e+06	0
2.11186e+06	0
2.11196e+06	0
2.11206e+06	0
2.11216e+06	0
2.11226e+06	0
2.11236e+06	0
2.11246e+06	0
2.11256e+06	0
2.11266e+06	0
2.11276e+06	0
2.11286e+06	0
2.11296e+06	0
2.11306e+06	0
2.11316e+06	0
2.11326e+06	0
2.11336e+06	0
2.11346e+06	0
2.11356e+06	0
2.11366e+06	0
2.11376e+06	0
2.11386e+06	0
2.11396e+06	0
2.11406e+06	0
2.11416e+06	0
2.11426e+06	0
2.11436e+06	0
2.11446e+06	0
2.11456e+06	0
2.11466e+06	0
2.11476e+06	0
2.11486e+06	0
2.11496e+06	0
2.11506e+06	0
2.11516e+06	0
2.11526e+06	0
2.11536e+06	0
2.11546e+06	0
2.11556e+06	0
2.11566e+06	0
2.11576e+06	0
2.11586e+06	0
2.11596e+06	0
2.11606e+06	0
2.11616e+06	0
2.11626e+06	0
2.11636e+06	0
2.11646e+06	0
2.11656e+06	0
2.11666e+06	0
2.11676e+06	0
2.11686e+06	0
2.11696e+06	0
2.11706e+06	0
2.11716e+06	0
2.11726e+06	0
2.11736e+06	0
2.11746e+06	0
2.11756e+06	0
2.11766e+06	0
2.11776e+06	0
2.11786e+06	0
2.11796e+06	0
2.11806e+06	0
2.11816e+06	0
2.11826e+06	0
2.11836e+06	0
2.11846e+06	0
2.11856e+06	0
2.11866e+06	0
2.11876e+06	0
2.11886e+06	0
2.11896e+06	0
2.11906e+06	0
2.11916e+06	0
2.11926e+06	0
2.11936e+06	0
2.11946e+06	0
2.11956e+06	0
2.11966e+06	0
2.11976e+06	0
2.11986e+06	0
2.11996e+06	0
2.12006e+06	0
2.12016e+06	0
2.12026e+06	0
2.12036e+06	0
2.12046e+06	0
2.12056e+06	0
2.12066e+06	0
2.12076e+06	0
2.12086e+06	0
2.12096e+06	0
2.12106e+06	0
2.12116e+06	0
2.12126e+06	0
2.12136e+06	0
2.12146e+06	0
2.12156e+06	0
2.12166e+06	0
2.12176e+06	0
2.12186e+06	0
2.12196e+06	0
2.12206e+06	0
2.12216e+06	0
2.12226e+06	0
2.12236e+06	0
2.12246e+06	0
2.12256e+06	0
2.12266e+06	0
2.12276e+06	0
2.12286e+06	0
2.12296e+06	0
2.12306e+06	0
2.12316e+06	0
2.12326e+06	0
2.12336e+06	0
2.12346e+06	0
2.12356e+06	0
2.12366e+06	0
2.12376e+06	0
2.12386e+06	0
2.12396e+06	0
2.12406e+06	0
2.12416e+06	0
2.12426e+06	0
2.12436e+06	0
2.12446e+06	0
2.12456e+06	0
2.12466e+06	0
2.12476e+06	0
2.12486e+06	0
2.12496e+06	0
2.12506e+06	0
2.12516e+06	0
2.12526e+06	0
2.12536e+06	0
2.12546e+06	0
2.12556e+06	0
2.12566e+06	0
2.12576e+06	0
2.12586e+06	0
2.12596e+06	0
2.12606e+06	0
2.12616e+06	0
2.12626e+06	0
2.12636e+06	0
2.12646e+06	0
2.12656e+06	0
2.12666e+06	0
2.12676e+06	0
2.12686e+06	0
2.12696e+06	0
2.12706e+06	0
2.12716e+06	0
2.12726e+06	0
2.12736e+06	0
2.12746e+06	0
2.12756e+06	0
2.12766e+06	0
2.12776e+06	0
2.12786e+06	0
2.12796e+06	0
2.12806e+06	0
2.12816e+06	0
2.12826e+06	0
2.12836e+06	0
2.12846e+06	0
2.12856e+06	0
2.12866e+06	0
2.12876e+06	0
2.12886e+06	0
2.12896e+06	0
2.12906e+06	0
2.12916e+06	0
2.12926e+06	0
2.12936e+06	0
2.12946e+06	0
2.12956e+06	0
2.12966e+06	0
2.12976e+06	0
2.12986e+06	0
2.12996e+06	0
2.13006e+06	0
2.13016e+06	0
2.13026e+06	0
2.13036e+06	0
2.13046e+06	0
2.13056e+06	0
2.13066e+06	0
2.13076e+06	0
2.13086e+06	0
2.13096e+06	0
2.13106e+06	0
2.13116e+06	0
2.13126e+06	0
2.13136e+06	0
2.13146e+06	0
2.13156e+06	0
2.13166e+06	0
2.13176e+06	0
2.13186e+06	0
2.13196e+06	0
2.13206e+06	0
2.13216e+06	0
2.13226e+06	0
2.13236e+06	0
2.13246e+06	0
2.13256e+06	0
2.13266e+06	0
2.13276e+06	0
2.13286e+06	0
2.13296e+06	0
2.13306e+06	0
2.13316e+06	0
2.13326e+06	0
2.13336e+06	0
2.13346e+06	0
2.13356e+06	0
2.13366e+06	0
2.13376e+06	0
2.13386e+06	0
2.13396e+06	0
2.13406e+06	0
2.13416e+06	0
2.13426e+06	0
2.13436e+06	0
2.13446e+06	0
2.13456e+06	0
2.13466e+06	0
2.13476e+06	0
2.13486e+06	0
2.13496e+06	0
2.13506e+06	0
2.13516e+06	0
2.13526e+06	0
2.13536e+06	0
2.13546e+06	0
2.13556e+06	0
2.13566e+06	0
2.13576e+06	0
2.13586e+06	0
2.13596e+06	0
2.13606e+06	0
2.13616e+06	0
2.13626e+06	0
2.13636e+06	0
2.13646e+06	0
2.13656e+06	0
2.13666e+06	0
2.13676e+06	0
2.13686e+06	0
2.13696e+06	0
2.13706e+06	0
2.13716e+06	0
2.13726e+06	0
2.13736e+06	0
2.13746e+06	0
2.13756e+06	0
2.13766e+06	0
2.13776e+06	0
2.13786e+06	0
2.13796e+06	0
2.13806e+06	0
2.13816e+06	0
2.13826e+06	0
2.13836e+06	0
2.13846e+06	0
2.13856e+06	0
2.13866e+06	0
2.13876e+06	0
2.13886e+06	0
2.13896e+06	0
2.13906e+06	0
2.13916e+06	0
2.13926e+06	0
2.13936e+06	0
2.13946e+06	0
2.13956e+06	0
2.13966e+06	0
2.13976e+06	0
2.13986e+06	0
2.13996e+06	0
2.14006e+06	0
2.14016e+06	0
2.14026e+06	0
2.14036e+06	0
2.14046e+06	0
2.14056e+06	0
2.14066e+06	0
2.14076e+06	0
2.14086e+06	0
2.14096e+06	0
2.14106e+06	0
2.14116e+06	0
2.14126e+06	0
2.14136e+06	0
2.14146e+06	0
2.14156e+06	0
2.14166e+06	0
2.14176e+06	0
2.14186e+06	0
2.14196e+06	0
2.14206e+06	0
2.14216e+06	0
2.14226e+06	0
2.14236e+06	0
2.14246e+06	0
2.14256e+06	0
2.14266e+06	0
2.14276e+06	0
2.14286e+06	0
2.14296e+06	0
2.14306e+06	0
2.14316e+06	0
2.14326e+06	0
2.14336e+06	0
2.14346e+06	0
2.14356e+06	0
2.14366e+06	0
2.14376e+06	0
2.14386e+06	0
2.14396e+06	0
2.14406e+06	0
2.14416e+06	0
2.14426e+06	0
2.14436e+06	0
2.14446e+06	0
2.14456e+06	0
2.14466e+06	0
2.14476e+06	0
2.14486e+06	0
2.14496e+06	0
2.14506e+06	0
2.14516e+06	0
2.14526e+06	0
2.14536e+06	0
2.14546e+06	0
2.14556e+06	0
2.14566e+06	0
2.14576e+06	0
2.14586e+06	0
2.14596e+06	0
2.14606e+06	0
2.14616e+06	0
2.14626e+06	0
2.14636e+06	0
2.14646e+06	0
2.14656e+06	0
2.14666e+06	0
2.14676e+06	0
2.14686e+06	0
2.14696e+06	0
2.14706e+06	0
2.14716e+06	0
2.14726e+06	0
2.14736e+06	0
2.14746e+06	0
2.14756e+06	0
2.14766e+06	0
2.14776e+06	0
2.14786e+06	0
2.14796e+06	0
2.14806e+06	0
2.14816e+06	0
2.14826e+06	0
2.14836e+06	0
2.14846e+06	0
2.14856e+06	0
2.14866e+06	0
2.14876e+06	0
2.14886e+06	0
2.14896e+06	0
2.14906e+06	0
2.14916e+06	0
2.14926e+06	0
2.14936e+06	0
2.14946e+06	0
2.14956e+06	0
2.14966e+06	0
2.14976e+06	0
2.14986e+06	0
2.14996e+06	0
2.15006e+06	0
2.15016e+06	0
2.15026e+06	0
2.15036e+06	0
2.15046e+06	0
2.15056e+06	0
2.15066e+06	0
2.15076e+06	0
2.15086e+06	0
2.15096e+06	0
2.15106e+06	0
2.15116e+06	0
2.15126e+06	0
2.15136e+06	0
2.15146e+06	0
2.15156e+06	0
2.15166e+06	0
2.15176e+06	0
2.15186e+06	0
2.15196e+06	0
2.15206e+06	0
2.15216e+06	0
2.15226e+06	0
2.15236e+06	0
2.15246e+06	0
2.15256e+06	0
2.15266e+06	0
2.15276e+06	0
2.15286e+06	0
2.15296e+06	0
2.15306e+06	0
2.15316e+06	0
2.15326e+06	0
2.15336e+06	0
2.15346e+06	0
2.15356e+06	0
2.15366e+06	0
2.15376e+06	0
2.15386e+06	0
2.15396e+06	0
2.15406e+06	0
2.15416e+06	0
2.15426e+06	0
2.15436e+06	0
2.15446e+06	0
2.15456e+06	0
2.15466e+06	0
2.15476e+06	0
2.15486e+06	0
2.15496e+06	0
2.15506e+06	0
2.15516e+06	0
2.15526e+06	0
2.15536e+06	0
2.15546e+06	0
2.15556e+06	0
2.15566e+06	0
2.15576e+06	0
2.15586e+06	0
2.15596e+06	0
2.15606e+06	0
2.15616e+06	0
2.15626e+06	0
2.15636e+06	0
2.15646e+06	0
2.15656e+06	0
2.15666e+06	0
2.15676e+06	0
2.15686e+06	0
2.15696e+06	0
2.15706e+06	0
2.15716e+06	0
2.15726e+06	0
2.15736e+06	0
2.15746e+06	0
2.15756e+06	0
2.15766e+06	0
2.15776e+06	0
2.15786e+06	0
2.15796e+06	0
2.15806e+06	0
2.15816e+06	0
2.15826e+06	0
2.15836e+06	0
2.15846e+06	0
2.15856e+06	0
2.15866e+06	0
2.15876e+06	0
2.15886e+06	0
2.15896e+06	0
2.15906e+06	0
2.15916e+06	0
2.15926e+06	0
2.15936e+06	0
2.15946e+06	0
2.15956e+06	0
2.15966e+06	0
2.15976e+06	0
2.15986e+06	0
2.15996e+06	0
2.16006e+06	0
2.16016e+06	0
2.16026e+06	0
2.16036e+06	0
2.16046e+06	0
2.16056e+06	0
2.16066e+06	0
2.16076e+06	0
2.16086e+06	0
2.16096e+06	0
2.16106e+06	0
2.16116e+06	0
2.16126e+06	0
2.16136e+06	0
2.16146e+06	0
2.16156e+06	0
2.16166e+06	0
2.16176e+06	0
2.16186e+06	0
2.16196e+06	0
2.16206e+06	0
2.16216e+06	0
2.16226e+06	0
2.16236e+06	0
2.16246e+06	0
2.16256e+06	0
2.16266e+06	0
2.16276e+06	0
2.16286e+06	0
2.16296e+06	0
2.16306e+06	0
2.16316e+06	0
2.16326e+06	0
2.16336e+06	0
2.16346e+06	0
2.16356e+06	0
2.16366e+06	0
2.16376e+06	0
2.16386e+06	0
2.16396e+06	0
2.16406e+06	0
2.16416e+06	0
2.16426e+06	0
2.16436e+06	0
2.16446e+06	0
2.16456e+06	0
2.16466e+06	0
2.16476e+06	0
2.16486e+06	0
2.16496e+06	0
2.16506e+06	0
2.16516e+06	0
2.16526e+06	0
2.16536e+06	0
2.16546e+06	0
2.16556e+06	0
2.16566e+06	0
2.16576e+06	0
2.16586e+06	0
2.16596e+06	0
2.16606e+06	0
2.16616e+06	0
2.16626e+06	0
2.16636e+06	0
2.16646e+06	0
2.16656e+06	0
2.16666e+06	0
2.16676e+06	0
2.16686e+06	0
2.16696e+06	0
2.16706e+06	0
2.16716e+06	0
2.16726e+06	0
2.16736e+06	0
2.16746e+06	0
2.16756e+06	0
2.16766e+06	0
2.16776e+06	0
2.16786e+06	0
2.16796e+06	0
2.16806e+06	0
2.16816e+06	0
2.16826e+06	0
2.16836e+06	0
2.16846e+06	0
2.16856e+06	0
2.16866e+06	0
2.16876e+06	0
2.16886e+06	0
2.16896e+06	0
2.16906e+06	0
2.16916e+06	0
2.16926e+06	0
2.16936e+06	0
2.16946e+06	0
2.16956e+06	0
2.16966e+06	0
2.16976e+06	0
2.16986e+06	0
2.16996e+06	0
2.17006e+06	0
2.17016e+06	0
2.17026e+06	0
2.17036e+06	0
2.17046e+06	0
2.17056e+06	0
2.17066e+06	0
2.17076e+06	0
2.17086e+06	0
2.17096e+06	0
2.17106e+06	0
2.17116e+06	0
2.17126e+06	0
2.17136e+06	0
2.17146e+06	0
2.17156e+06	0
2.17166e+06	0
2.17176e+06	0
2.17186e+06	0
2.17196e+06	0
2.17206e+06	0
2.17216e+06	0
2.17226e+06	0
2.17236e+06	0
2.17246e+06	0
2.17256e+06	0
2.17266e+06	0
2.17276e+06	0
2.17286e+06	0
2.17296e+06	0
2.17306e+06	0
2.17316e+06	0
2.17326e+06	0
2.17336e+06	0
2.17346e+06	0
2.17356e+06	0
2.17366e+06	0
2.17376e+06	0
2.17386e+06	0
2.17396e+06	0
2.17406e+06	0
2.17416e+06	0
2.17426e+06	0
2.17436e+06	0
2.17446e+06	0
2.17456e+06	0
2.17466e+06	0
2.17476e+06	0
2.17486e+06	0
2.17496e+06	0
2.17506e+06	0
2.17516e+06	0
2.17526e+06	0
2.17536e+06	0
2.17546e+06	0
2.17556e+06	0
2.17566e+06	0
2.17576e+06	0
2.17586e+06	0
2.17596e+06	0
2.17606e+06	0
2.17616e+06	0
2.17626e+06	0
2.17636e+06	0
2.17646e+06	0
2.17656e+06	0
2.17666e+06	0
2.17676e+06	0
2.17686e+06	0
2.17696e+06	0
2.17706e+06	0
2.17716e+06	0
2.17726e+06	0
2.17736e+06	0
2.17746e+06	0
2.17756e+06	0
2.17766e+06	0
2.17776e+06	0
2.17786e+06	0
2.17796e+06	0
2.17806e+06	0
2.17816e+06	0
2.17826e+06	0
2.17836e+06	0
2.17846e+06	0
2.17856e+06	0
2.17866e+06	0
2.17876e+06	0
2.17886e+06	0
2.17896e+06	0
2.17906e+06	0
2.17916e+06	0
2.17926e+06	0
2.17936e+06	0
2.17946e+06	0
2.17956e+06	0
2.17966e+06	0
2.17976e+06	0
2.17986e+06	0
2.17996e+06	0
2.18006e+06	0
2.18016e+06	0
2.18026e+06	0
2.18036e+06	0
2.18046e+06	0
2.18056e+06	0
2.18066e+06	0
2.18076e+06	0
2.18086e+06	0
2.18096e+06	0
2.18106e+06	0
2.18116e+06	0
2.18126e+06	0
2.18136e+06	0
2.18146e+06	0
2.18156e+06	0
2.18166e+06	0
2.18176e+06	0
2.18186e+06	0
2.18196e+06	0
2.18206e+06	0
2.18216e+06	0
2.18226e+06	0
2.18236e+06	0
2.18246e+06	0
2.18256e+06	0
2.18266e+06	0
2.18276e+06	0
2.18286e+06	0
2.18296e+06	0
2.18306e+06	0
2.18316e+06	0
2.18326e+06	0
2.18336e+06	0
2.18346e+06	0
2.18356e+06	0
2.18366e+06	0
2.18376e+06	0
2.18386e+06	0
2.18396e+06	0
2.18406e+06	0
2.18416e+06	0
2.18426e+06	0
2.18436e+06	0
2.18446e+06	0
2.18456e+06	0
2.18466e+06	0
2.18476e+06	0
2.18486e+06	0
2.18496e+06	0
2.18506e+06	0
2.18516e+06	0
2.18526e+06	0
2.18536e+06	0
2.18546e+06	0
2.18556e+06	0
2.18566e+06	0
2.18576e+06	0
2.18586e+06	0
2.18596e+06	0
2.18606e+06	0
2.18616e+06	0
2.18626e+06	0
2.18636e+06	0
2.18646e+06	0
2.18656e+06	0
2.18666e+06	0
2.18676e+06	0
2.18686e+06	0
2.18696e+06	0
2.18706e+06	0
2.18716e+06	0
2.18726e+06	0
2.18736e+06	0
2.18746e+06	0
2.18756e+06	0
2.18766e+06	0
2.18776e+06	0
2.18786e+06	0
2.18796e+06	0
2.18806e+06	0
2.18816e+06	0
2.18826e+06	0
2.18836e+06	0
2.18846e+06	0
2.18856e+06	0
2.18866e+06	0
2.18876e+06	0
2.18886e+06	0
2.18896e+06	0
2.18906e+06	0
2.18916e+06	0
2.18926e+06	0
2.18936e+06	0
2.18946e+06	0
2.18956e+06	0
2.18966e+06	0
2.18976e+06	0
2.18986e+06	0
2.18996e+06	0
2.19006e+06	0
2.19016e+06	0
2.19026e+06	0
2.19036e+06	0
2.19046e+06	0
2.19056e+06	0
2.19066e+06	0
2.19076e+06	0
2.19086e+06	0
2.19096e+06	0
2.19106e+06	0
2.19116e+06	0
2.19126e+06	0
2.19136e+06	0
2.19146e+06	0
2.19156e+06	0
2.19166e+06	0
2.19176e+06	0
2.19186e+06	0
2.19196e+06	0
2.19206e+06	0
2.19216e+06	0
2.19226e+06	0
2.19236e+06	0
2.19246e+06	0
2.19256e+06	0
2.19266e+06	0
2.19276e+06	0
2.19286e+06	0
2.19296e+06	0
2.19306e+06	0
2.19316e+06	0
2.19326e+06	0
2.19336e+06	0
2.19346e+06	0
2.19356e+06	0
2.19366e+06	0
2.19376e+06	0
2.19386e+06	0
2.19396e+06	0
2.19406e+06	0
2.19416e+06	0
2.19426e+06	0
2.19436e+06	0
2.19446e+06	0
2.19456e+06	0
2.19466e+06	0
2.19476e+06	0
2.19486e+06	0
2.19496e+06	0
2.19506e+06	0
2.19516e+06	0
2.19526e+06	0
2.19536e+06	0
2.19546e+06	0
2.19556e+06	0
2.19566e+06	0
2.19576e+06	0
2.19586e+06	0
2.19596e+06	0
2.19606e+06	0
2.19616e+06	0
2.19626e+06	0
2.19636e+06	0
2.19646e+06	0
2.19656e+06	0
2.19666e+06	0
2.19676e+06	0
2.19686e+06	0
2.19696e+06	0
2.19706e+06	0
2.19716e+06	0
2.19726e+06	0
2.19736e+06	0
2.19746e+06	0
2.19756e+06	0
2.19766e+06	0
2.19776e+06	0
2.19786e+06	0
2.19796e+06	0
2.19806e+06	0
2.19816e+06	0
2.19826e+06	0
2.19836e+06	0
2.19846e+06	0
2.19856e+06	0
2.19866e+06	0
2.19876e+06	0
2.19886e+06	0
2.19896e+06	0
2.19906e+06	0
2.19916e+06	0
2.19926e+06	0
2.19936e+06	0
2.19946e+06	0
2.19956e+06	0
2.19966e+06	0
2.19976e+06	0
2.19986e+06	0
2.19996e+06	0
2.20006e+06	0
2.20016e+06	0
2.20026e+06	0
2.20036e+06	0
2.20046e+06	0
2.20056e+06	0
2.20066e+06	0
2.20076e+06	0
2.20086e+06	0
2.20096e+06	0
2.20106e+06	0
2.20116e+06	0
2.20126e+06	0
2.20136e+06	0
2.20146e+06	0
2.20156e+06	0
2.20166e+06	0
2.20176e+06	0
2.20186e+06	0
2.20196e+06	0
2.20206e+06	0
2.20216e+06	0
2.20226e+06	0
2.20236e+06	0
2.20246e+06	0
2.20256e+06	0
2.20266e+06	0
2.20276e+06	0
2.20286e+06	0
2.20296e+06	0
2.20306e+06	0
2.20316e+06	0
2.20326e+06	0
2.20336e+06	0
2.20346e+06	0
2.20356e+06	0
2.20366e+06	0
2.20376e+06	0
2.20386e+06	0
2.20396e+06	0
2.20406e+06	0
2.20416e+06	0
2.20426e+06	0
2.20436e+06	0
2.20446e+06	0
2.20456e+06	0
2.20466e+06	0
2.20476e+06	0
2.20486e+06	0
2.20496e+06	0
2.20506e+06	0
2.20516e+06	0
2.20526e+06	0
2.20536e+06	0
2.20546e+06	0
2.20556e+06	0
2.20566e+06	0
2.20576e+06	0
2.20586e+06	0
2.20596e+06	0
2.20606e+06	0
2.20616e+06	0
2.20626e+06	0
2.20636e+06	0
2.20646e+06	0
2.20656e+06	0
2.20666e+06	0
2.20676e+06	0
2.20686e+06	0
2.20696e+06	0
2.20706e+06	0
2.20716e+06	0
2.20726e+06	0
2.20736e+06	0
2.20746e+06	0
2.20756e+06	0
2.20766e+06	0
2.20776e+06	0
2.20786e+06	0
2.20796e+06	0
2.20806e+06	0
2.20816e+06	0
2.20826e+06	0
2.20836e+06	0
2.20846e+06	0
2.20856e+06	0
2.20866e+06	0
2.20876e+06	0
2.20886e+06	0
2.20896e+06	0
2.20906e+06	0
2.20916e+06	0
2.20926e+06	0
2.20936e+06	0
2.20946e+06	0
2.20956e+06	0
2.20966e+06	0
2.20976e+06	0
2.20986e+06	0
2.20996e+06	0
2.21006e+06	0
2.21016e+06	0
2.21026e+06	0
2.21036e+06	0
2.21046e+06	0
2.21056e+06	0
2.21066e+06	0
2.21076e+06	0
2.21086e+06	0
2.21096e+06	0
2.21106e+06	0
2.21116e+06	0
2.21126e+06	0
2.21136e+06	0
2.21146e+06	0
2.21156e+06	0
2.21166e+06	0
2.21176e+06	0
2.21186e+06	0
2.21196e+06	0
2.21206e+06	0
2.21216e+06	0
2.21226e+06	0
2.21236e+06	0
2.21246e+06	0
2.21256e+06	0
2.21266e+06	0
2.21276e+06	0
2.21286e+06	0
2.21296e+06	0
2.21306e+06	0
2.21316e+06	0
2.21326e+06	0
2.21336e+06	0
2.21346e+06	0
2.21356e+06	0
2.21366e+06	0
2.21376e+06	0
2.21386e+06	0
2.21396e+06	0
2.21406e+06	0
2.21416e+06	0
2.21426e+06	0
2.21436e+06	0
2.21446e+06	0
2.21456e+06	0
2.21466e+06	0
2.21476e+06	0
2.21486e+06	0
2.21496e+06	0
2.21506e+06	0
2.21516e+06	0
2.21526e+06	0
2.21536e+06	0
2.21546e+06	0
2.21556e+06	0
2.21566e+06	0
2.21576e+06	0
2.21586e+06	0
2.21596e+06	0
2.21606e+06	0
2.21616e+06	0
2.21626e+06	0
2.21636e+06	0
2.21646e+06	0
2.21656e+06	0
2.21666e+06	0
2.21676e+06	0
2.21686e+06	0
2.21696e+06	0
2.21706e+06	0
2.21716e+06	0
2.21726e+06	0
2.21736e+06	0
2.21746e+06	0
2.21756e+06	0
2.21766e+06	0
2.21776e+06	0
2.21786e+06	0
2.21796e+06	0
2.21806e+06	0
2.21816e+06	0
2.21826e+06	0
2.21836e+06	0
2.21846e+06	0
2.21856e+06	0
2.21866e+06	0
2.21876e+06	0
2.21886e+06	0
2.21896e+06	0
2.21906e+06	0
2.21916e+06	0
2.21926e+06	0
2.21936e+06	0
2.21946e+06	0
2.21956e+06	0
2.21966e+06	0
2.21976e+06	0
2.21986e+06	0
2.21996e+06	0
2.22006e+06	0
2.22016e+06	0
2.22026e+06	0
2.22036e+06	0
2.22046e+06	0
2.22056e+06	0
2.22066e+06	0
2.22076e+06	0
2.22086e+06	0
2.22096e+06	0
2.22106e+06	0
2.22116e+06	0
2.22126e+06	0
2.22136e+06	0
2.22146e+06	0
2.22156e+06	0
2.22166e+06	0
2.22176e+06	0
2.22186e+06	0
2.22196e+06	0
2.22206e+06	0
2.22216e+06	0
2.22226e+06	0
2.22236e+06	0
2.22246e+06	0
2.22256e+06	0
2.22266e+06	0
2.22276e+06	0
2.22286e+06	0
2.22296e+06	0
2.22306e+06	0
2.22316e+06	0
2.22326e+06	0
2.22336e+06	0
2.22346e+06	0
2.22356e+06	0
2.22366e+06	0
2.22376e+06	0
2.22386e+06	0
2.22396e+06	0
2.22406e+06	0
2.22416e+06	0
2.22426e+06	0
2.22436e+06	0
2.22446e+06	0
2.22456e+06	0
2.22466e+06	0
2.22476e+06	0
2.22486e+06	0
2.22496e+06	0
2.22506e+06	0
2.22516e+06	0
2.22526e+06	0
2.22536e+06	0
2.22546e+06	0
2.22556e+06	0
2.22566e+06	0
2.22576e+06	0
2.22586e+06	0
2.22596e+06	0
2.22606e+06	0
2.22616e+06	0
2.22626e+06	0
2.22636e+06	0
2.22646e+06	0
2.22656e+06	0
2.22666e+06	0
2.22676e+06	0
2.22686e+06	0
2.22696e+06	0
2.22706e+06	0
2.22716e+06	0
2.22726e+06	0
2.22736e+06	0
2.22746e+06	0
2.22756e+06	0
2.22766e+06	0
2.22776e+06	0
2.22786e+06	0
2.22796e+06	0
2.22806e+06	0
2.22816e+06	0
2.22826e+06	0
2.22836e+06	0
2.22846e+06	0
2.22856e+06	0
2.22866e+06	0
2.22876e+06	0
2.22886e+06	0
2.22896e+06	0
2.22906e+06	0
2.22916e+06	0
2.22926e+06	0
2.22936e+06	0
2.22946e+06	0
2.22956e+06	0
2.22966e+06	0
2.22976e+06	0
2.22986e+06	0
2.22996e+06	0
2.23006e+06	0
2.23016e+06	0
2.23026e+06	0
2.23036e+06	0
2.23046e+06	0
2.23056e+06	0
2.23066e+06	0
2.23076e+06	0
2.23086e+06	0
2.23096e+06	0
2.23106e+06	0
2.23116e+06	0
2.23126e+06	0
2.23136e+06	0
2.23146e+06	0
2.23156e+06	0
2.23166e+06	0
2.23176e+06	0
2.23186e+06	0
2.23196e+06	0
2.23206e+06	0
2.23216e+06	0
2.23226e+06	0
2.23236e+06	0
2.23246e+06	0
2.23256e+06	0
2.23266e+06	0
2.23276e+06	0
2.23286e+06	0
2.23296e+06	0
2.23306e+06	0
2.23316e+06	0
2.23326e+06	0
2.23336e+06	0
2.23346e+06	0
2.23356e+06	0
2.23366e+06	0
2.23376e+06	0
2.23386e+06	0
2.23396e+06	0
2.23406e+06	0
2.23416e+06	0
2.23426e+06	0
2.23436e+06	0
2.23446e+06	0
2.23456e+06	0
2.23466e+06	0
2.23476e+06	0
2.23486e+06	0
2.23496e+06	0
2.23506e+06	0
2.23516e+06	0
2.23526e+06	0
2.23536e+06	0
2.23546e+06	0
2.23556e+06	0
2.23566e+06	0
2.23576e+06	0
2.23586e+06	0
2.23596e+06	0
2.23606e+06	0
2.23616e+06	0
2.23626e+06	0
2.23636e+06	0
2.23646e+06	0
2.23656e+06	0
2.23666e+06	0
2.23676e+06	0
2.23686e+06	0
2.23696e+06	0
2.23706e+06	0
2.23716e+06	0
2.23726e+06	0
2.23736e+06	0
2.23746e+06	0
2.23756e+06	0
2.23766e+06	0
2.23776e+06	0
2.23786e+06	0
2.23796e+06	0
2.23806e+06	0
2.23816e+06	0
2.23826e+06	0
2.23836e+06	0
2.23846e+06	0
2.23856e+06	0
2.23866e+06	0
2.23876e+06	0
2.23886e+06	0
2.23896e+06	0
2.23906e+06	0
2.23916e+06	0
2.23926e+06	0
2.23936e+06	0
2.23946e+06	0
2.23956e+06	0
2.23966e+06	0
2.23976e+06	0
2.23986e+06	0
2.23996e+06	0
2.24006e+06	0
2.24016e+06	0
2.24026e+06	0
2.24036e+06	0
2.24046e+06	0
2.24056e+06	0
2.24066e+06	0
2.24076e+06	0
2.24086e+06	0
2.24096e+06	0
2.24106e+06	0
2.24116e+06	0
2.24126e+06	0
2.24136e+06	0
2.24146e+06	0
2.24156e+06	0
2.24166e+06	0
2.24176e+06	0
2.24186e+06	0
2.24196e+06	0
2.24206e+06	0
2.24216e+06	0
2.24226e+06	0
2.24236e+06	0
2.24246e+06	0
2.24256e+06	0
2.24266e+06	0
2.24276e+06	0
2.24286e+06	0
2.24296e+06	0
2.24306e+06	0
2.24316e+06	0
2.24326e+06	0
2.24336e+06	0
2.24346e+06	0
2.24356e+06	0
2.24366e+06	0
2.24376e+06	0
2.24386e+06	0
2.24396e+06	0
2.24406e+06	0
2.24416e+06	0
2.24426e+06	0
2.24436e+06	0
2.24446e+06	0
2.24456e+06	0
2.24466e+06	0
2.24476e+06	0
2.24486e+06	0
2.24496e+06	0
2.24506e+06	0
2.24516e+06	0
2.24526e+06	0
2.24536e+06	0
2.24546e+06	0
2.24556e+06	0
2.24566e+06	0
2.24576e+06	0
2.24586e+06	0
2.24596e+06	0
2.24606e+06	0
2.24616e+06	0
2.24626e+06	0
2.24636e+06	0
2.24646e+06	0
2.24656e+06	0
2.24666e+06	0
2.24676e+06	0
2.24686e+06	0
2.24696e+06	0
2.24706e+06	0
2.24716e+06	0
2.24726e+06	0
2.24736e+06	0
2.24746e+06	0
2.24756e+06	0
2.24766e+06	0
2.24776e+06	0
2.24786e+06	0
2.24796e+06	0
2.24806e+06	0
2.24816e+06	0
2.24826e+06	0
2.24836e+06	0
2.24846e+06	0
2.24856e+06	0
2.24866e+06	0
2.24876e+06	0
2.24886e+06	0
2.24896e+06	0
2.24906e+06	0
2.24916e+06	0
2.24926e+06	0
2.24936e+06	0
2.24946e+06	0
2.24956e+06	0
2.24966e+06	0
2.24976e+06	0
2.24986e+06	0
2.24996e+06	0
2.25006e+06	0
2.25016e+06	0
2.25026e+06	0
2.25036e+06	0
2.25046e+06	0
2.25056e+06	0
2.25066e+06	0
2.25076e+06	0
2.25086e+06	0
2.25096e+06	0
2.25106e+06	0
2.25116e+06	0
2.25126e+06	0
2.25136e+06	0
2.25146e+06	0
2.25156e+06	0
2.25166e+06	0
2.25176e+06	0
2.25186e+06	0
2.25196e+06	0
2.25206e+06	0
2.25216e+06	0
2.25226e+06	0
2.25236e+06	0
2.25246e+06	0
2.25256e+06	0
2.25266e+06	0
2.25276e+06	0
2.25286e+06	0
2.25296e+06	0
2.25306e+06	0
2.25316e+06	0
2.25326e+06	0
2.25336e+06	0
2.25346e+06	0
2.25356e+06	0
2.25366e+06	0
2.25376e+06	0
2.25386e+06	0
2.25396e+06	0
2.25406e+06	0
2.25416e+06	0
2.25426e+06	0
2.25436e+06	0
2.25446e+06	0
2.25456e+06	0
2.25466e+06	0
2.25476e+06	0
2.25486e+06	0
2.25496e+06	0
2.25506e+06	0
2.25516e+06	0
2.25526e+06	0
2.25536e+06	0
2.25546e+06	0
2.25556e+06	0
2.25566e+06	0
2.25576e+06	0
2.25586e+06	0
2.25596e+06	0
2.25606e+06	0
2.25616e+06	0
2.25626e+06	0
2.25636e+06	0
2.25646e+06	0
2.25656e+06	0
2.25666e+06	0
2.25676e+06	0
2.25686e+06	0
2.25696e+06	0
2.25706e+06	0
2.25716e+06	0
2.25726e+06	0
2.25736e+06	0
2.25746e+06	0
2.25756e+06	0
2.25766e+06	0
2.25776e+06	0
2.25786e+06	0
2.25796e+06	0
2.25806e+06	0
2.25816e+06	0
2.25826e+06	0
2.25836e+06	0
2.25846e+06	0
2.25856e+06	0
2.25866e+06	0
2.25876e+06	0
2.25886e+06	0
2.25896e+06	0
2.25906e+06	0
2.25916e+06	0
2.25926e+06	0
2.25936e+06	0
2.25946e+06	0
2.25956e+06	0
2.25966e+06	0
2.25976e+06	0
2.25986e+06	0
2.25996e+06	0
2.26006e+06	0
2.26016e+06	0
2.26026e+06	0
2.26036e+06	0
2.26046e+06	0
2.26056e+06	0
2.26066e+06	0
2.26076e+06	0
2.26086e+06	0
2.26096e+06	0
2.26106e+06	0
2.26116e+06	0
2.26126e+06	0
2.26136e+06	0
2.26146e+06	0
2.26156e+06	0
2.26166e+06	0
2.26176e+06	0
2.26186e+06	0
2.26196e+06	0
2.26206e+06	0
2.26216e+06	0
2.26226e+06	0
2.26236e+06	0
2.26246e+06	0
2.26256e+06	0
2.26266e+06	0
2.26276e+06	0
2.26286e+06	0
2.26296e+06	0
2.26306e+06	0
2.26316e+06	0
2.26326e+06	0
2.26336e+06	0
2.26346e+06	0
2.26356e+06	0
2.26366e+06	0
2.26376e+06	0
2.26386e+06	0
2.26396e+06	0
2.26406e+06	0
2.26416e+06	0
2.26426e+06	0
2.26436e+06	0
2.26446e+06	0
2.26456e+06	0
2.26466e+06	0
2.26476e+06	0
2.26486e+06	0
2.26496e+06	0
2.26506e+06	0
2.26516e+06	0
2.26526e+06	0
2.26536e+06	0
2.26546e+06	0
2.26556e+06	0
2.26566e+06	0
2.26576e+06	0
2.26586e+06	0
2.26596e+06	0
2.26606e+06	0
2.26616e+06	0
2.26626e+06	0
2.26636e+06	0
2.26646e+06	0
2.26656e+06	0
2.26666e+06	0
2.26676e+06	0
2.26686e+06	0
2.26696e+06	0
2.26706e+06	0
2.26716e+06	0
2.26726e+06	0
2.26736e+06	0
2.26746e+06	0
2.26756e+06	0
2.26766e+06	0
2.26776e+06	0
2.26786e+06	0
2.26796e+06	0
2.26806e+06	0
2.26816e+06	0
2.26826e+06	0
2.26836e+06	0
2.26846e+06	0
2.26856e+06	0
2.26866e+06	0
2.26876e+06	0
2.26886e+06	0
2.26896e+06	0
2.26906e+06	0
2.26916e+06	0
2.26926e+06	0
2.26936e+06	0
2.26946e+06	0
2.26956e+06	0
2.26966e+06	0
2.26976e+06	0
2.26986e+06	0
2.26996e+06	0
2.27006e+06	0
2.27016e+06	0
2.27026e+06	0
2.27036e+06	0
2.27046e+06	0
2.27056e+06	0
2.27066e+06	0
2.27076e+06	0
2.27086e+06	0
2.27096e+06	0
2.27106e+06	0
2.27116e+06	0
2.27126e+06	0
2.27136e+06	0
2.27146e+06	0
2.27156e+06	0
2.27166e+06	0
2.27176e+06	0
2.27186e+06	0
2.27196e+06	0
2.27206e+06	0
2.27216e+06	0
2.27226e+06	0
2.27236e+06	0
2.27246e+06	0
2.27256e+06	0
2.27266e+06	0
2.27276e+06	0
2.27286e+06	0
2.27296e+06	0
2.27306e+06	0
2.27316e+06	0
2.27326e+06	0
2.27336e+06	0
2.27346e+06	0
2.27356e+06	0
2.27366e+06	0
2.27376e+06	0
2.27386e+06	0
2.27396e+06	0
2.27406e+06	0
2.27416e+06	0
2.27426e+06	0
2.27436e+06	0
2.27446e+06	0
2.27456e+06	0
2.27466e+06	0
2.27476e+06	0
2.27486e+06	0
2.27496e+06	0
2.27506e+06	0
2.27516e+06	0
2.27526e+06	0
2.27536e+06	0
2.27546e+06	0
2.27556e+06	0
2.27566e+06	0
2.27576e+06	0
2.27586e+06	0
2.27596e+06	0
2.27606e+06	0
2.27616e+06	0
2.27626e+06	0
2.27636e+06	0
2.27646e+06	0
2.27656e+06	0
2.27666e+06	0
2.27676e+06	0
2.27686e+06	0
2.27696e+06	0
2.27706e+06	0
2.27716e+06	0
2.27726e+06	0
2.27736e+06	0
2.27746e+06	0
2.27756e+06	0
2.27766e+06	0
2.27776e+06	0
2.27786e+06	0
2.27796e+06	0
2.27806e+06	0
2.27816e+06	0
2.27826e+06	0
2.27836e+06	0
2.27846e+06	0
2.27856e+06	0
2.27866e+06	0
2.27876e+06	0
2.27886e+06	0
2.27896e+06	0
2.27906e+06	0
2.27916e+06	0
2.27926e+06	0
2.27936e+06	0
2.27946e+06	0
2.27956e+06	0
2.27966e+06	0
2.27976e+06	0
2.27986e+06	0
2.27996e+06	0
2.28006e+06	0
2.28016e+06	0
2.28026e+06	0
2.28036e+06	0
2.28046e+06	0
2.28056e+06	0
2.28066e+06	0
2.28076e+06	0
2.28086e+06	0
2.28096e+06	0
2.28106e+06	0
2.28116e+06	0
2.28126e+06	0
2.28136e+06	0
2.28146e+06	0
2.28156e+06	0
2.28166e+06	0
2.28176e+06	0
2.28186e+06	0
2.28196e+06	0
2.28206e+06	0
2.28216e+06	0
2.28226e+06	0
2.28236e+06	0
2.28246e+06	0
2.28256e+06	0
2.28266e+06	0
2.28276e+06	0
2.28286e+06	0
2.28296e+06	0
2.28306e+06	0
2.28316e+06	0
2.28326e+06	0
2.28336e+06	0
2.28346e+06	0
2.28356e+06	0
2.28366e+06	0
2.28376e+06	0
2.28386e+06	0
2.28396e+06	0
2.28406e+06	0
2.28416e+06	0
2.28426e+06	0
2.28436e+06	0
2.28446e+06	0
2.28456e+06	0
2.28466e+06	0
2.28476e+06	0
2.28486e+06	0
2.28496e+06	0
2.28506e+06	0
2.28516e+06	0
2.28526e+06	0
2.28536e+06	0
2.28546e+06	0
2.28556e+06	0
2.28566e+06	0
2.28576e+06	0
2.28586e+06	0
2.28596e+06	0
2.28606e+06	0
2.28616e+06	0
2.28626e+06	0
2.28636e+06	0
2.28646e+06	0
2.28656e+06	0
2.28666e+06	0
2.28676e+06	0
2.28686e+06	0
2.28696e+06	0
2.28706e+06	0
2.28716e+06	0
2.28726e+06	0
2.28736e+06	0
2.28746e+06	0
2.28756e+06	0
2.28766e+06	0
2.28776e+06	0
2.28786e+06	0
2.28796e+06	0
2.28806e+06	0
2.28816e+06	0
2.28826e+06	0
2.28836e+06	0
2.28846e+06	0
2.28856e+06	0
2.28866e+06	0
2.28876e+06	0
2.28886e+06	0
2.28896e+06	0
2.28906e+06	0
2.28916e+06	0
2.28926e+06	0
2.28936e+06	0
2.28946e+06	0
2.28956e+06	0
2.28966e+06	0
2.28976e+06	0
2.28986e+06	0
2.28996e+06	0
2.29006e+06	0
2.29016e+06	0
2.29026e+06	0
2.29036e+06	0
2.29046e+06	0
2.29056e+06	0
2.29066e+06	0
2.29076e+06	0
2.29086e+06	0
2.29096e+06	0
2.29106e+06	0
2.29116e+06	0
2.29126e+06	0
2.29136e+06	0
2.29146e+06	0
2.29156e+06	0
2.29166e+06	0
2.29176e+06	0
2.29186e+06	0
2.29196e+06	0
2.29206e+06	0
2.29216e+06	0
2.29226e+06	0
2.29236e+06	0
2.29246e+06	0
2.29256e+06	0
2.29266e+06	0
2.29276e+06	0
2.29286e+06	0
2.29296e+06	0
2.29306e+06	0
2.29316e+06	0
2.29326e+06	0
2.29336e+06	0
2.29346e+06	0
2.29356e+06	0
2.29366e+06	0
2.29376e+06	0
2.29386e+06	0
2.29396e+06	0
2.29406e+06	0
2.29416e+06	0
2.29426e+06	0
2.29436e+06	0
2.29446e+06	0
2.29456e+06	0
2.29466e+06	0
2.29476e+06	0
2.29486e+06	0
2.29496e+06	0
2.29506e+06	0
2.29516e+06	0
2.29526e+06	0
2.29536e+06	0
2.29546e+06	0
2.29556e+06	0
2.29566e+06	0
2.29576e+06	0
2.29586e+06	0
2.29596e+06	0
2.29606e+06	0
2.29616e+06	0
2.29626e+06	0
2.29636e+06	0
2.29646e+06	0
2.29656e+06	0
2.29666e+06	0
2.29676e+06	0
2.29686e+06	0
2.29696e+06	0
2.29706e+06	0
2.29716e+06	0
2.29726e+06	0
2.29736e+06	0
2.29746e+06	0
2.29756e+06	0
2.29766e+06	0
2.29776e+06	0
2.29786e+06	0
2.29796e+06	0
2.29806e+06	0
2.29816e+06	0
2.29826e+06	0
2.29836e+06	0
2.29846e+06	0
2.29856e+06	0
2.29866e+06	0
2.29876e+06	0
2.29886e+06	0
2.29896e+06	0
2.29906e+06	0
2.29916e+06	0
2.29926e+06	0
2.29936e+06	0
2.29946e+06	0
2.29956e+06	0
2.29966e+06	0
2.29976e+06	0
2.29986e+06	0
2.29996e+06	0
2.30006e+06	0
2.30016e+06	0
2.30026e+06	0
2.30036e+06	0
2.30046e+06	0
2.30056e+06	0
2.30066e+06	0
2.30076e+06	0
2.30086e+06	0
2.30096e+06	0
2.30106e+06	0
2.30116e+06	0
2.30126e+06	0
2.30136e+06	0
2.30146e+06	0
2.30156e+06	0
2.30166e+06	0
2.30176e+06	0
2.30186e+06	0
2.30196e+06	0
2.30206e+06	0
2.30216e+06	0
2.30226e+06	0
2.30236e+06	0
2.30246e+06	0
2.30256e+06	0
2.30266e+06	0
2.30276e+06	0
2.30286e+06	0
2.30296e+06	0
2.30306e+06	0
2.30316e+06	0
2.30326e+06	0
2.30336e+06	0
2.30346e+06	0
2.30356e+06	0
2.30366e+06	0
2.30376e+06	0
2.30386e+06	0
2.30396e+06	0
2.30406e+06	0
2.30416e+06	0
2.30426e+06	0
2.30436e+06	0
2.30446e+06	0
2.30456e+06	0
2.30466e+06	0
2.30476e+06	0
2.30486e+06	0
2.30496e+06	0
2.30506e+06	0
2.30516e+06	0
2.30526e+06	0
2.30536e+06	0
2.30546e+06	0
2.30556e+06	0
2.30566e+06	0
2.30576e+06	0
2.30586e+06	0
2.30596e+06	0
2.30606e+06	0
2.30616e+06	0
2.30626e+06	0
2.30636e+06	0
2.30646e+06	0
2.30656e+06	0
2.30666e+06	0
2.30676e+06	0
2.30686e+06	0
2.30696e+06	0
2.30706e+06	0
2.30716e+06	0
2.30726e+06	0
2.30736e+06	0
2.30746e+06	0
2.30756e+06	0
2.30766e+06	0
2.30776e+06	0
2.30786e+06	0
2.30796e+06	0
2.30806e+06	0
2.30816e+06	0
2.30826e+06	0
2.30836e+06	0
2.30846e+06	0
2.30856e+06	0
2.30866e+06	0
2.30876e+06	0
2.30886e+06	0
2.30896e+06	0
2.30906e+06	0
2.30916e+06	0
2.30926e+06	0
2.30936e+06	0
2.30946e+06	0
2.30956e+06	0
2.30966e+06	0
2.30976e+06	0
2.30986e+06	0
2.30996e+06	0
2.31006e+06	0
2.31016e+06	0
2.31026e+06	0
2.31036e+06	0
2.31046e+06	0
2.31056e+06	0
2.31066e+06	0
2.31076e+06	0
2.31086e+06	0
2.31096e+06	0
2.31106e+06	0
2.31116e+06	0
2.31126e+06	0
2.31136e+06	0
2.31146e+06	0
2.31156e+06	0
2.31166e+06	0
2.31176e+06	0
2.31186e+06	0
2.31196e+06	0
2.31206e+06	0
2.31216e+06	0
2.31226e+06	0
2.31236e+06	0
2.31246e+06	0
2.31256e+06	0
2.31266e+06	0
2.31276e+06	0
2.31286e+06	0
2.31296e+06	0
2.31306e+06	0
2.31316e+06	0
2.31326e+06	0
2.31336e+06	0
2.31346e+06	0
2.31356e+06	0
2.31366e+06	0
2.31376e+06	0
2.31386e+06	0
2.31396e+06	0
2.31406e+06	0
2.31416e+06	0
2.31426e+06	0
2.31436e+06	0
2.31446e+06	0
2.31456e+06	0
2.31466e+06	0
2.31476e+06	0
2.31486e+06	0
2.31496e+06	0
2.31506e+06	0
2.31516e+06	0
2.31526e+06	0
2.31536e+06	0
2.31546e+06	0
2.31556e+06	0
2.31566e+06	0
2.31576e+06	0
2.31586e+06	0
2.31596e+06	0
2.31606e+06	0
2.31616e+06	0
2.31626e+06	0
2.31636e+06	0
2.31646e+06	0
2.31656e+06	0
2.31666e+06	0
2.31676e+06	0
2.31686e+06	0
2.31696e+06	0
2.31706e+06	0
2.31716e+06	0
2.31726e+06	0
2.31736e+06	0
2.31746e+06	0
2.31756e+06	0
2.31766e+06	0
2.31776e+06	8.89318e-323
2.31786e+06	4.19956e-321
2.31796e+06	1.92725e-319
2.31806e+06	8.76036e-318
2.31816e+06	3.94244e-316
2.31826e+06	1.75657e-314
2.31836e+06	7.74859e-313
2.31846e+06	3.38405e-311
2.31856e+06	1.46322e-309
2.31866e+06	6.26379e-308
2.31876e+06	2.65474e-306
2.31886e+06	1.11395e-304
2.31896e+06	4.6277e-303
2.31906e+06	1.90336e-301
2.31916e+06	7.7506e-300
2.31926e+06	3.12469e-298
2.31936e+06	1.24719e-296
2.31946e+06	4.92855e-295
2.31956e+06	1.92824e-293
2.31966e+06	7.46896e-292
2.31976e+06	2.86429e-290
2.31986e+06	1.0875e-288
2.31996e+06	4.0879e-287
2.32006e+06	1.52134e-285
2.32016e+06	5.60546e-284
2.32026e+06	2.04481e-282
2.32036e+06	7.38501e-281
2.32046e+06	2.64063e-279
2.32056e+06	9.34801e-278
2.32066e+06	3.27634e-276
2.32076e+06	1.13688e-274
2.32086e+06	3.9057e-273
2.32096e+06	1.32843e-271
2.32106e+06	4.4734e-270
2.32116e+06	1.4914e-268
2.32126e+06	4.92272e-267
2.32136e+06	1.60869e-265
2.32146e+06	5.20475e-264
2.32156e+06	1.66718e-262
2.32166e+06	5.28717e-261
2.32176e+06	1.66005e-259
2.32186e+06	5.16029e-258
2.32196e+06	1.58813e-256
2.32206e+06	4.83898e-255
2.32216e+06	1.45975e-253
2.32226e+06	4.35976e-252
2.32236e+06	1.28914e-250
2.32246e+06	3.77397e-249
2.32256e+06	1.09384e-247
2.32266e+06	3.13879e-246
2.32276e+06	8.91724e-245
2.32286e+06	2.50816e-243
2.32296e+06	6.98453e-242
2.32306e+06	1.92564e-240
2.32316e+06	5.2562e-239
2.32326e+06	1.42045e-237
2.32336e+06	3.80045e-236
2.32346e+06	1.00671e-234
2.32356e+06	2.64014e-233
2.32366e+06	6.855e-232
2.32376e+06	1.76216e-230
2.32386e+06	4.48478e-229
2.32396e+06	1.13004e-227
2.32406e+06	2.81905e-226
2.32416e+06	6.96258e-225
2.32426e+06	1.70253e-223
2.32436e+06	4.12168e-222
2.32446e+06	9.87897e-221
2.32456e+06	2.34426e-219
2.32466e+06	5.50755e-218
2.32476e+06	1.28105e-216
2.32486e+06	2.95008e-215
2.32496e+06	6.72599e-214
2.32506e+06	1.51823e-212
2.32516e+06	3.39292e-211
2.32526e+06	7.50702e-210
2.32536e+06	1.64444e-208
2.32546e+06	3.56637e-207
2.32556e+06	7.65759e-206
2.32566e+06	1.62785e-204
2.32576e+06	3.42605e-203
2.32586e+06	7.13889e-202
2.32596e+06	1.47273e-200
2.32606e+06	3.00798e-199
2.32616e+06	6.0825e-198
2.32626e+06	1.21772e-196
2.32636e+06	2.41362e-195
2.32646e+06	4.73639e-194
2.32656e+06	9.20202e-193
2.32666e+06	1.77001e-191
2.32676e+06	3.37075e-190
2.32686e+06	6.35526e-189
2.32696e+06	1.18631e-187
2.32706e+06	2.19239e-186
2.32716e+06	4.01141e-185
2.32726e+06	7.26661e-184
2.32736e+06	1.30324e-182
2.32746e+06	2.31405e-181
2.32756e+06	4.06799e-180
2.32766e+06	7.08017e-179
2.32776e+06	1.22001e-177
2.32786e+06	2.08133e-176
2.32796e+06	3.51541e-175
2.32806e+06	5.87852e-174
2.32816e+06	9.73233e-173
2.32826e+06	1.59523e-171
2.32836e+06	2.58872e-170
2.32846e+06	4.15916e-169
2.32856e+06	6.6158e-168
2.32866e+06	1.04188e-166
2.32876e+06	1.62445e-165
2.32886e+06	2.50758e-164
2.32896e+06	3.83231e-163
2.32906e+06	5.7986e-162
2.32916e+06	8.68645e-161
2.32926e+06	1.2883e-159
2.32936e+06	1.8917e-158
2.32946e+06	2.75006e-157
2.32956e+06	3.95813e-156
2.32966e+06	5.6402e-155
2.32976e+06	7.95712e-154
2.32986e+06	1.11141e-152
2.32996e+06	1.53692e-151
2.33006e+06	2.10418e-150
2.33016e+06	2.85216e-149
2.33026e+06	3.82754e-148
2.33036e+06	5.08539e-147
2.33046e+06	6.68937e-146
2.33056e+06	8.71171e-145
2.33066e+06	1.12326e-143
2.33076e+06	1.43387e-142
2.33086e+06	1.81217e-141
2.33096e+06	2.26749e-140
2.33106e+06	2.80899e-139
2.33116e+06	3.44516e-138
2.33126e+06	4.18338e-137
2.33136e+06	5.02923e-136
2.33146e+06	5.98595e-135
2.33156e+06	7.05378e-134
2.33166e+06	8.22939e-133
2.33176e+06	9.5054e-132
2.33186e+06	1.087e-130
2.33196e+06	1.23069e-129
2.33206e+06	1.3795e-128
2.33216e+06	1.53092e-127
2.33226e+06	1.68205e-126
2.33236e+06	1.82972e-125
2.33246e+06	1.97055e-124
2.33256e+06	2.1011e-123
2.33266e+06	2.21801e-122
2.33276e+06	2.31812e-121
2.33286e+06	2.39865e-120
2.33296e+06	2.45728e-119
2.33306e+06	2.49229e-118
2.33316e+06	2.50265e-117
2.33326e+06	2.48805e-116
2.33336e+06	2.44892e-115
2.33346e+06	2.38642e-114
2.33356e+06	2.30238e-113
2.33366e+06	2.19919e-112
2.33376e+06	2.07973e-111
2.33386e+06	1.94719e-110
2.33396e+06	1.80496e-109
2.33406e+06	1.65646e-108
2.33416e+06	1.50506e-107
2.33426e+06	1.35389e-106
2.33436e+06	1.20578e-105
2.33446e+06	1.06319e-104
2.33456e+06	9.28139e-104
2.33466e+06	8.02177e-103
2.33476e+06	6.86412e-102
2.33486e+06	5.81509e-101
2.33496e+06	4.87736e-100
2.33506e+06	4.05015e-99
2.33516e+06	3.32976e-98
2.33526e+06	2.71027e-97
2.33536e+06	2.18409e-96
2.33546e+06	1.74255e-95
2.33556e+06	1.37643e-94
2.33566e+06	1.07642e-93
2.33576e+06	8.33429e-93
2.33586e+06	6.38867e-92
2.33596e+06	4.84853e-91
2.33606e+06	3.64306e-90
2.33616e+06	2.71007e-89
2.33626e+06	1.99595e-88
2.33636e+06	1.45539e-87
2.33646e+06	1.05066e-86
2.33656e+06	7.50939e-86
2.33666e+06	5.31378e-85
2.33676e+06	3.72271e-84
2.33686e+06	2.5821e-83
2.33696e+06	1.77314e-82
2.33706e+06	1.20551e-81
2.33716e+06	8.11436e-81
2.33726e+06	5.40749e-80
2.33736e+06	3.56775e-79
2.33746e+06	2.3305e-78
2.33756e+06	1.50717e-77
2.33766e+06	9.65011e-77
2.33776e+06	6.11729e-76
2.33786e+06	3.83922e-75
2.33796e+06	2.38553e-74
2.33806e+06	1.46752e-73
2.33816e+06	8.93796e-73
2.33826e+06	5.38953e-72
2.33836e+06	3.21752e-71
2.33846e+06	1.90173e-70
2.33856e+06	1.11284e-69
2.33866e+06	6.44723e-69
2.33876e+06	3.69804e-68
2.33886e+06	2.10004e-67
2.33896e+06	1.1807e-66
2.33906e+06	6.57219e-66
2.33916e+06	3.6219e-65
2.33926e+06	1.97616e-64
2.33936e+06	1.06749e-63
2.33946e+06	5.70903e-63
2.33956e+06	3.02286e-62
2.33966e+06	1.58464e-61
2.33976e+06	8.22436e-61
2.33986e+06	4.22601e-60
2.33996e+06	2.14989e-59
2.34006e+06	1.08283e-58
2.34016e+06	5.39956e-58
2.34026e+06	2.66573e-57
2.34036e+06	1.30296e-56
2.34046e+06	6.30526e-56
2.34056e+06	3.02087e-55
2.34066e+06	1.43291e-54
2.34076e+06	6.72922e-54
2.34086e+06	3.12872e-53
2.34096e+06	1.44021e-52
2.34106e+06	6.56363e-52
2.34116e+06	2.96155e-51
2.34126e+06	1.32298e-50
2.34136e+06	5.85116e-50
2.34146e+06	2.56207e-49
2.34156e+06	1.1107e-48
2.34166e+06	4.76717e-48
2.34176e+06	2.02574e-47
2.34186e+06	8.52242e-47
2.34196e+06	3.54978e-46
2.34206e+06	1.46385e-45
2.34216e+06	5.97656e-45
2.34226e+06	2.41582e-44
2.34236e+06	9.66798e-44
2.34246e+06	3.83059e-43
2.34256e+06	1.50263e-42
2.34266e+06	5.8358e-42
2.34276e+06	2.24391e-41
2.34286e+06	8.54222e-41
2.34296e+06	3.21955e-40
2.34306e+06	1.20137e-39
2.34316e+06	4.43833e-39
2.34326e+06	1.62339e-38
2.34336e+06	5.87873e-38
2.34346e+06	2.10768e-37
2.34356e+06	7.48145e-37
2.34366e+06	2.62923e-36
2.34376e+06	9.14808e-36
2.34386e+06	3.15132e-35
2.34396e+06	1.07477e-34
2.34406e+06	3.62913e-34
2.34416e+06	1.21325e-33
2.34426e+06	4.01567e-33
2.34436e+06	1.31592e-32
2.34446e+06	4.26935e-32
2.34456e+06	1.37138e-31
2.34466e+06	4.36132e-31
2.34476e+06	1.37322e-30
2.34486e+06	4.28084e-30
2.34496e+06	1.32124e-29
2.34506e+06	4.03738e-29
2.34516e+06	1.22147e-28
2.34526e+06	3.65875e-28
2.34536e+06	1.08505e-27
2.34546e+06	3.18592e-27
2.34556e+06	9.26167e-27
2.34566e+06	2.6657e-26
2.34576e+06	7.59635e-26
2.34586e+06	2.14323e-25
2.34596e+06	5.98695e-25
2.34606e+06	1.65583e-24
2.34616e+06	4.53418e-24
2.34626e+06	1.2293e-23
2.34636e+06	3.29984e-23
2.34646e+06	8.77014e-23
2.34656e+06	2.30781e-22
2.34666e+06	6.01275e-22
2.34676e+06	1.55106e-21
2.34686e+06	3.96159e-21
2.34696e+06	1.00184e-20
2.34706e+06	2.50848e-20
2.34716e+06	6.21893e-20
2.34726e+06	1.52656e-19
2.34736e+06	3.71026e-19
2.34746e+06	8.9288e-19
2.34756e+06	2.12756e-18
2.34766e+06	5.01965e-18
2.34776e+06	1.17266e-17
2.34786e+06	2.71255e-17
2.34796e+06	6.21293e-17
2.34806e+06	1.40907e-16
2.34816e+06	3.16436e-16
2.34826e+06	7.03663e-16
2.34836e+06	1.54943e-15
2.34846e+06	3.3784e-15
2.34856e+06	7.29439e-15
2.34866e+06	1.55959e-14
2.34876e+06	3.30201e-14
2.34886e+06	6.92309e-14
2.34896e+06	1.43742e-13
2.34906e+06	2.9555e-13
2.34916e+06	6.01801e-13
2.34926e+06	1.21354e-12
2.34936e+06	2.4235e-12
2.34946e+06	4.79322e-12
2.34956e+06	9.38888e-12
2.34966e+06	1.82143e-11
2.34976e+06	3.4997e-11
2.34986e+06	6.66008e-11
2.34996e+06	1.25536e-10
2.35006e+06	2.34371e-10
2.35016e+06	4.33411e-10
2.35026e+06	7.939e-10
2.35036e+06	1.4405e-09
2.35046e+06	2.58912e-09
2.35056e+06	4.60994e-09
2.35066e+06	8.13121e-09
2.35076e+06	1.42083e-08
2.35086e+06	2.45963e-08
2.35096e+06	4.21843e-08
2.35106e+06	7.168e-08
2.35116e+06	1.20677e-07
2.35126e+06	2.01298e-07
2.35136e+06	3.32705e-07
2.35146e+06	5.44875e-07
2.35156e+06	8.84227e-07
2.35166e+06	1.42191e-06
2.35176e+06	2.26586e-06
2.35186e+06	3.57817e-06
2.35196e+06	5.59971e-06
2.35206e+06	8.68474e-06
2.35216e+06	1.33489e-05
2.35226e+06	2.03348e-05
2.35236e+06	3.0701e-05
2.35246e+06	4.59395e-05
2.35256e+06	6.8132e-05
2.35266e+06	0.00010015
2.35276e+06	0.000145913
2.35286e+06	0.000210709
2.35296e+06	0.000301591
2.35306e+06	0.000427863
2.35316e+06	0.000601647
2.35326e+06	0.000838551
2.35336e+06	0.00115842
2.35346e+06	0.00158617
2.35356e+06	0.00215265
2.35366e+06	0.00289559
2.35376e+06	0.00386041
2.35386e+06	0.00510098
2.35396e+06	0.00668024
2.35406e+06	0.00867042
2.35416e+06	0.0111529
2.35426e+06	0.0142176
2.35436e+06	0.0179616
2.35446e+06	0.0224869
2.35456e+06	0.027898
2.35466e+06	0.0342974
2.35476e+06	0.0417814
2.35486e+06	0.0504341
2.35496e+06	0.0603216
2.35506e+06	0.0714853
2.35516e+06	0.0839349
2.35526e+06	0.0976422
2.35536e+06	0.112535
2.35546e+06	0.128495
2.35556e+06	0.145349
2.35566e+06	0.162876
2.35576e+06	0.180805
2.35586e+06	0.19882
2.35596e+06	0.216568
2.35606e+06	0.233668
2.35616e+06	0.249729
2.35626e+06	0.264356
2.35636e+06	0.277173
2.35646e+06	0.287836
2.35656e+06	0.296048
2.35666e+06	0.301574
2.35676e+06	0.30425
2.35686e+06	0.303994
2.35696e+06	0.300807
2.35706e+06	0.294777
2.35716e+06	0.286071
2.35726e+06	0.27493
2.35736e+06	0.261656
2.35746e+06	0.246602
2.35756e+06	0.23015
2.35766e+06	0.212702
2.35776e+06	0.194657
2.35786e+06	0.176401
2.35796e+06	0.158294
2.35806e+06	0.140654
2.35816e+06	0.123754
2.35826e+06	0.107816
2.35836e+06	0.0930088
2.35846e+06	0.0794461
2.35856e+06	0.0671936
2.35866e+06	0.0562713
2.35876e+06	0.0466602
2.35886e+06	0.0383093
2.35896e+06	0.0311428
2.35906e+06	0.0250671
2.35916e+06	0.0199775
2.35926e+06	0.0157641
2.35936e+06	0.0123164
2.35946e+06	0.00952773
2.35956e+06	0.00729769
2.35966e+06	0.00553449
2.35976e+06	0.00415603
2.35986e+06	0.00309041
2.35996e+06	0.00227585
2.36006e+06	0.00166022
2.36016e+06	0.0012003
2.36026e+06	0.000860822
2.36036e+06	0.000613489
2.36046e+06	0.000435946
2.36056e+06	0.000310816
2.36066e+06	0.000224814
2.36076e+06	0.000167963
2.36086e+06	0.000132911
2.36096e+06	0.000114366
2.36106e+06	0.000108616
2.36116e+06	0.000113148
2.36126e+06	0.000126336
2.36136e+06	0.000147194
2.36146e+06	0.000175178
2.36156e+06	0.000210026
2.36166e+06	0.000251632
2.36176e+06	0.000299944
2.36186e+06	0.000354874
2.36196e+06	0.000416231
2.36206e+06	0.000483666
2.36216e+06	0.000556626
2.36226e+06	0.000634331
2.36236e+06	0.000715757
2.36246e+06	0.000799636
2.36256e+06	0.000884477
2.36266e+06	0.000968598
2.36276e+06	0.00105017
2.36286e+06	0.00112729
2.36296e+06	0.00119803
2.36306e+06	0.00126055
2.36316e+06	0.00131312
2.36326e+06	0.00135429
2.36336e+06	0.00138284
2.36346e+06	0.00139795
2.36356e+06	0.00139916
2.36366e+06	0.00138644
2.36376e+06	0.00136016
2.36386e+06	0.00132111
2.36396e+06	0.0012704
2.36406e+06	0.00120949
2.36416e+06	0.00114004
2.36426e+06	0.00106389
2.36436e+06	0.000982946
2.36446e+06	0.000899123
2.36456e+06	0.000814265
2.36466e+06	0.000730078
2.36476e+06	0.000648082
2.36486e+06	0.000569571
2.36496e+06	0.00049559
2.36506e+06	0.000426928
2.36516e+06	0.000364119
2.36526e+06	0.00030746
2.36536e+06	0.000257035
2.36546e+06	0.000212741
2.36556e+06	0.000174329
2.36566e+06	0.000141431
2.36576e+06	0.000113599
2.36586e+06	9.03364e-05
2.36596e+06	7.11227e-05
2.36606e+06	5.54384e-05
2.36616e+06	4.27829e-05
2.36626e+06	3.26879e-05
2.36636e+06	2.47264e-05
2.36646e+06	1.85179e-05
2.36656e+06	1.37302e-05
2.36666e+06	1.00791e-05
2.36676e+06	7.32529e-06
2.36686e+06	5.27089e-06
2.36696e+06	3.75491e-06
2.36706e+06	2.64833e-06
2.36716e+06	1.84928e-06
2.36726e+06	1.27847e-06
2.36736e+06	8.75051e-07
2.36746e+06	5.92973e-07
2.36756e+06	3.97826e-07
2.36766e+06	2.64246e-07
2.36776e+06	1.73772e-07
2.36786e+06	1.13138e-07
2.36796e+06	7.29283e-08
2.36806e+06	4.65414e-08
2.36816e+06	2.94063e-08
2.36826e+06	1.83949e-08
2.36836e+06	1.13923e-08
2.36846e+06	6.98529e-09
2.36856e+06	4.24046e-09
2.36866e+06	2.54858e-09
2.36876e+06	1.5165e-09
2.36886e+06	8.93391e-10
2.36896e+06	5.21073e-10
2.36906e+06	3.00893e-10
2.36916e+06	1.72022e-10
2.36926e+06	9.73671e-11
2.36936e+06	5.45629e-11
2.36946e+06	3.02719e-11
2.36956e+06	1.6628e-11
2.36966e+06	9.04264e-12
2.36976e+06	4.86865e-12
2.36986e+06	2.59525e-12
2.36996e+06	1.36964e-12
2.37006e+06	7.15634e-13
2.37016e+06	3.70197e-13
2.37026e+06	1.89597e-13
2.37036e+06	9.61363e-14
2.37046e+06	4.82614e-14
2.37056e+06	2.39867e-14
2.37066e+06	1.18031e-14
2.37076e+06	5.75017e-15
2.37086e+06	2.77346e-15
2.37096e+06	1.3244e-15
2.37106e+06	6.26145e-16
2.37116e+06	2.93081e-16
2.37126e+06	1.35818e-16
2.37136e+06	6.23136e-17
2.37146e+06	2.83052e-17
2.37156e+06	1.27294e-17
2.37166e+06	5.66767e-18
2.37176e+06	2.49838e-18
2.37186e+06	1.09036e-18
2.37196e+06	4.71128e-19
2.37206e+06	2.01542e-19
2.37216e+06	8.53586e-20
2.37226e+06	3.57921e-20
2.37236e+06	1.48588e-20
2.37246e+06	6.10714e-21
2.37256e+06	2.48513e-21
2.37266e+06	1.00119e-21
2.37276e+06	3.99339e-22
2.37286e+06	1.57697e-22
2.37296e+06	6.16543e-23
2.37306e+06	2.38649e-23
2.37316e+06	9.14562e-24
2.37326e+06	3.46995e-24
2.37336e+06	1.30344e-24
2.37346e+06	4.84747e-25
2.37356e+06	1.78483e-25
2.37366e+06	6.50632e-26
2.37376e+06	2.34818e-26
2.37386e+06	8.39042e-27
2.37396e+06	2.9682e-27
2.37406e+06	1.03959e-27
2.37416e+06	3.60482e-28
2.37426e+06	1.23756e-28
2.37436e+06	4.20633e-29
2.37446e+06	1.41546e-29
2.37456e+06	4.71574e-30
2.37466e+06	1.55546e-30
2.37476e+06	5.07955e-31
2.37486e+06	1.64228e-31
2.37496e+06	5.25689e-32
2.37506e+06	1.66597e-32
2.37516e+06	5.2271e-33
2.37526e+06	1.62372e-33
2.37536e+06	4.99368e-34
2.37546e+06	1.5205e-34
2.37556e+06	4.58362e-35
2.37566e+06	1.36801e-35
2.37576e+06	4.04227e-36
2.37586e+06	1.18255e-36
2.37596e+06	3.42507e-37
2.37606e+06	9.8215e-38
2.37616e+06	2.78832e-38
2.37626e+06	7.83727e-39
2.37636e+06	2.18094e-39
2.37646e+06	6.00869e-40
2.37656e+06	1.63898e-40
2.37666e+06	4.42612e-41
2.37676e+06	1.1834e-41
2.37686e+06	3.13253e-42
2.37696e+06	8.20949e-43
2.37706e+06	2.13007e-43
2.37716e+06	5.4718e-44
2.37726e+06	1.39163e-44
2.37736e+06	3.50407e-45
2.37746e+06	8.73533e-46
2.37756e+06	2.15597e-46
2.37766e+06	5.26822e-47
2.37776e+06	1.2745e-47
2.37786e+06	3.05265e-48
2.37796e+06	7.23883e-49
2.37806e+06	1.69948e-49
2.37816e+06	3.95024e-50
2.37826e+06	9.09047e-51
2.37836e+06	2.07113e-51
2.37846e+06	4.6718e-52
2.37856e+06	1.04332e-52
2.37866e+06	2.3068e-53
2.37876e+06	5.04961e-54
2.37886e+06	1.09437e-54
2.37896e+06	2.34815e-55
2.37906e+06	4.98822e-56
2.37916e+06	1.04911e-56
2.37926e+06	2.18452e-57
2.37936e+06	4.50346e-58
2.37946e+06	9.19167e-59
2.37956e+06	1.85737e-59
2.37966e+06	3.71587e-60
2.37976e+06	7.36004e-61
2.37986e+06	1.4433e-61
2.37996e+06	2.80213e-62
2.38006e+06	5.38616e-63
2.38016e+06	1.02501e-63
2.38026e+06	1.93121e-64
2.38036e+06	3.6024e-65
2.38046e+06	6.65289e-66
2.38056e+06	1.21643e-66
2.38066e+06	2.202e-67
2.38076e+06	3.94646e-68
2.38086e+06	7.00251e-69
2.38096e+06	1.23015e-69
2.38106e+06	2.13953e-70
2.38116e+06	3.68414e-71
2.38126e+06	6.28074e-72
2.38136e+06	1.06009e-72
2.38146e+06	1.77146e-73
2.38156e+06	2.93074e-74
2.38166e+06	4.80043e-75
2.38176e+06	7.78467e-76
2.38186e+06	1.24985e-76
2.38196e+06	1.9867e-77
2.38206e+06	3.12653e-78
2.38216e+06	4.87137e-79
2.38226e+06	7.51444e-80
2.38236e+06	1.14762e-80
2.38246e+06	1.73523e-81
2.38256e+06	2.59761e-82
2.38266e+06	3.84989e-83
2.38276e+06	5.64909e-84
2.38286e+06	8.20666e-85
2.38296e+06	1.18035e-85
2.38306e+06	1.68079e-86
2.38316e+06	2.36958e-87
2.38326e+06	3.30741e-88
2.38336e+06	4.57047e-89
2.38346e+06	6.25303e-90
2.38356e+06	8.46989e-91
2.38366e+06	1.13585e-91
2.38376e+06	1.50807e-92
2.38386e+06	1.98235e-93
2.38396e+06	2.57986e-94
2.38406e+06	3.32406e-95
2.38416e+06	4.24031e-96
2.38426e+06	5.35531e-97
2.38436e+06	6.69619e-98
2.38446e+06	8.2895e-99
2.38456e+06	1.01598e-99
2.38466e+06	1.23282e-100
2.38476e+06	1.48106e-101
2.38486e+06	1.76158e-102
2.38496e+06	2.07437e-103
2.38506e+06	2.41841e-104
2.38516e+06	2.79145e-105
2.38526e+06	3.18997e-106
2.38536e+06	3.60912e-107
2.38546e+06	4.0427e-108
2.38556e+06	4.48332e-109
2.38566e+06	4.92249e-110
2.38576e+06	5.35091e-111
2.38586e+06	5.75873e-112
2.38596e+06	6.13597e-113
2.38606e+06	6.47287e-114
2.38616e+06	6.76032e-115
2.38626e+06	6.99028e-116
2.38636e+06	7.15615e-117
2.38646e+06	7.25305e-118
2.38656e+06	7.27813e-119
2.38666e+06	7.23062e-120
2.38676e+06	7.11194e-121
2.38686e+06	6.92561e-122
2.38696e+06	6.67705e-123
2.38706e+06	6.37337e-124
2.38716e+06	6.02296e-125
2.38726e+06	5.63518e-126
2.38736e+06	5.21991e-127
2.38746e+06	4.78719e-128
2.38756e+06	4.35343e-129
2.38766e+06	4.70134e-130
2.38776e+06	9.41496e-130
2.38786e+06	1.02532e-128
2.38796e+06	1.14722e-127
2.38806e+06	1.27121e-126
2.38816e+06	1.39459e-125
2.38826e+06	1.51472e-124
2.38836e+06	1.62883e-123
2.38846e+06	1.7341e-122
2.38856e+06	1.82781e-121
2.38866e+06	1.90742e-120
2.38876e+06	1.97068e-119
2.38886e+06	2.01579e-118
2.38896e+06	2.04141e-117
2.38906e+06	2.04678e-116
2.38916e+06	2.03176e-115
2.38926e+06	1.99677e-114
2.38936e+06	1.94286e-113
2.38946e+06	1.87159e-112
2.38956e+06	1.785e-111
2.38966e+06	1.68548e-110
2.38976e+06	1.57567e-109
2.38986e+06	1.45836e-108
2.38996e+06	1.33635e-107
2.39006e+06	1.21236e-106
2.39016e+06	1.08893e-105
2.39026e+06	9.68342e-105
2.39036e+06	8.52536e-104
2.39046e+06	7.43111e-103
2.39056e+06	6.41286e-102
2.39066e+06	5.47907e-101
2.39076e+06	4.63467e-100
2.39086e+06	3.8814e-99
2.39096e+06	3.21821e-98
2.39106e+06	2.64179e-97
2.39116e+06	2.14703e-96
2.39126e+06	1.72757e-95
2.39136e+06	1.37623e-94
2.39146e+06	1.08543e-93
2.39156e+06	8.47559e-93
2.39166e+06	6.55233e-92
2.39176e+06	5.01508e-91
2.39186e+06	3.8003e-90
2.39196e+06	2.85112e-89
2.39206e+06	2.11772e-88
2.39216e+06	1.55733e-87
2.39226e+06	1.13383e-86
2.39236e+06	8.17283e-86
2.39246e+06	5.8325e-85
2.39256e+06	4.12091e-84
2.39266e+06	2.88264e-83
2.39276e+06	1.99638e-82
2.39286e+06	1.36884e-81
2.39296e+06	9.29225e-81
2.39306e+06	6.24518e-80
2.39316e+06	4.15553e-79
2.39326e+06	2.73757e-78
2.39336e+06	1.7855e-77
2.39346e+06	1.15296e-76
2.39356e+06	7.37094e-76
2.39366e+06	4.66541e-75
2.39376e+06	2.92357e-74
2.39386e+06	1.81382e-73
2.39396e+06	1.11412e-72
2.39406e+06	6.77528e-72
2.39416e+06	4.07924e-71
2.39426e+06	2.43158e-70
2.39436e+06	1.43501e-69
2.39446e+06	8.38451e-69
2.39456e+06	4.85018e-68
2.39466e+06	2.77776e-67
2.39476e+06	1.57503e-66
2.39486e+06	8.8418e-66
2.39496e+06	4.91416e-65
2.39506e+06	2.70405e-64
2.39516e+06	1.47312e-63
2.39526e+06	7.94542e-63
2.39536e+06	4.24281e-62
2.39546e+06	2.24309e-61
2.39556e+06	1.17408e-60
2.39566e+06	6.08423e-60
2.39576e+06	3.12155e-59
2.39586e+06	1.5856e-58
2.39596e+06	7.97392e-58
2.39606e+06	3.97016e-57
2.39616e+06	1.95705e-56
2.39626e+06	9.55105e-56
2.39636e+06	4.61486e-55
2.39646e+06	2.20761e-54
2.39656e+06	1.04555e-53
2.39666e+06	4.90255e-53
2.39676e+06	2.27592e-52
2.39686e+06	1.04604e-51
2.39696e+06	4.75992e-51
2.39706e+06	2.1444e-50
2.39716e+06	9.56467e-50
2.39726e+06	4.22368e-49
2.39736e+06	1.84658e-48
2.39746e+06	7.99288e-48
2.39756e+06	3.42527e-47
2.39766e+06	1.45326e-46
2.39776e+06	6.1045e-46
2.39786e+06	2.53871e-45
2.39796e+06	1.04528e-44
2.39806e+06	4.26099e-44
2.39816e+06	1.71967e-43
2.39826e+06	6.87125e-43
2.39836e+06	2.71822e-42
2.39846e+06	1.06461e-41
2.39856e+06	4.12812e-41
2.39866e+06	1.58479e-40
2.39876e+06	6.02349e-40
2.39886e+06	2.26664e-39
2.39896e+06	8.44447e-39
2.39906e+06	3.11473e-38
2.39916e+06	1.13743e-37
2.39926e+06	4.11232e-37
2.39936e+06	1.47199e-36
2.39946e+06	5.21653e-36
2.39956e+06	1.83027e-35
2.39966e+06	6.35777e-35
2.39976e+06	2.18651e-34
2.39986e+06	7.44485e-34
2.39996e+06	2.50967e-33
2.40006e+06	8.37597e-33
2.40016e+06	2.76765e-32
2.40026e+06	9.05405e-32
2.40036e+06	2.93246e-31
2.40046e+06	9.40327e-31
2.40056e+06	2.98526e-30
2.40066e+06	9.38303e-30
2.40076e+06	2.91985e-29
2.40086e+06	8.99571e-29
2.40096e+06	2.74389e-28
2.40106e+06	8.28621e-28
2.40116e+06	2.47743e-27
2.40126e+06	7.33339e-27
2.40136e+06	2.14914e-26
2.40146e+06	6.23565e-26
2.40156e+06	1.79125e-25
2.40166e+06	5.09433e-25
2.40176e+06	1.43442e-24
2.40186e+06	3.99871e-24
2.40196e+06	1.10363e-23
2.40206e+06	3.01566e-23
2.40216e+06	8.15828e-23
2.40226e+06	2.1851e-22
2.40236e+06	5.79432e-22
2.40246e+06	1.52121e-21
2.40256e+06	3.95398e-21
2.40266e+06	1.0175e-20
2.40276e+06	2.59236e-20
2.40286e+06	6.53899e-20
2.40296e+06	1.63299e-19
2.40306e+06	4.03751e-19
2.40316e+06	9.88327e-19
2.40326e+06	2.39522e-18
2.40336e+06	5.74706e-18
2.40346e+06	1.36522e-17
2.40356e+06	3.21084e-17
2.40366e+06	7.47638e-17
2.40376e+06	1.72354e-16
2.40386e+06	3.93375e-16
2.40396e+06	8.88895e-16
2.40406e+06	1.98862e-15
2.40416e+06	4.40462e-15
2.40426e+06	9.6588e-15
2.40436e+06	2.09698e-14
2.40446e+06	4.50737e-14
2.40456e+06	9.592e-14
2.40466e+06	2.02093e-13
2.40476e+06	4.21553e-13
2.40486e+06	8.7058e-13
2.40496e+06	1.78001e-12
2.40506e+06	3.60324e-12
2.40516e+06	7.22141e-12
2.40526e+06	1.43287e-11
2.40536e+06	2.81481e-11
2.40546e+06	5.47455e-11
2.40556e+06	1.05416e-10
2.40566e+06	2.00964e-10
2.40576e+06	3.79305e-10
2.40586e+06	7.08787e-10
2.40596e+06	1.31129e-09
2.40606e+06	2.40183e-09
2.40616e+06	4.35553e-09
2.40626e+06	7.81981e-09
2.40636e+06	1.38998e-08
2.40646e+06	2.44613e-08
2.40656e+06	4.26192e-08
2.40666e+06	7.35173e-08
2.40676e+06	1.25554e-07
2.40686e+06	2.1229e-07
2.40696e+06	3.55372e-07
2.40706e+06	5.88973e-07
2.40716e+06	9.66418e-07
2.40726e+06	1.56997e-06
2.40736e+06	2.52508e-06
2.40746e+06	4.02082e-06
2.40756e+06	6.33888e-06
2.40766e+06	9.89388e-06
2.40776e+06	1.5289e-05
2.40786e+06	2.33909e-05
2.40796e+06	3.54301e-05
2.40806e+06	5.31319e-05
2.40816e+06	7.88851e-05
2.40826e+06	0.000115956
2.40836e+06	0.000168751
2.40846e+06	0.00024314
2.40856e+06	0.000346836
2.40866e+06	0.000489834
2.40876e+06	0.000684907
2.40886e+06	0.000948136
2.40896e+06	0.00129947
2.40906e+06	0.00176327
2.40916e+06	0.00236881
2.40926e+06	0.00315063
2.40936e+06	0.00414879
2.40946e+06	0.00540883
2.40956e+06	0.00698139
2.40966e+06	0.00892149
2.40976e+06	0.0112873
2.40986e+06	0.0141384
2.40996e+06	0.0175334
2.41006e+06	0.0215273
2.41016e+06	0.026168
2.41026e+06	0.0314926
2.41036e+06	0.0375235
2.41046e+06	0.0442645
2.41056e+06	0.0516969
2.41066e+06	0.0597766
2.41076e+06	0.0684312
2.41086e+06	0.0775594
2.41096e+06	0.0870305
2.41106e+06	0.0966865
2.41116e+06	0.106345
2.41126e+06	0.115805
2.41136e+06	0.124851
2.41146e+06	0.133264
2.41156e+06	0.140829
2.41166e+06	0.147343
2.41176e+06	0.152624
2.41186e+06	0.156522
2.41196e+06	0.158921
2.41206e+06	0.159752
2.41216e+06	0.15899
2.41226e+06	0.156656
2.41236e+06	0.152821
2.41246e+06	0.147597
2.41256e+06	0.141133
2.41266e+06	0.133609
2.41276e+06	0.125227
2.41286e+06	0.116204
2.41296e+06	0.106758
2.41306e+06	0.0971034
2.41316e+06	0.0874433
2.41326e+06	0.0779608
2.41336e+06	0.068815
2.41346e+06	0.0601377
2.41356e+06	0.0520316
2.41366e+06	0.0445702
2.41376e+06	0.037799
2.41386e+06	0.0317374
2.41396e+06	0.0263828
2.41406e+06	0.0217133
2.41416e+06	0.0176925
2.41426e+06	0.0142728
2.41436e+06	0.0113995
2.41446e+06	0.00901408
2.41456e+06	0.00705689
2.41466e+06	0.00546969
2.41476e+06	0.0041973
2.41486e+06	0.00318887
2.41496e+06	0.00239864
2.41506e+06	0.00178632
2.41516e+06	0.00131713
2.41526e+06	0.000961609
2.41536e+06	0.000695198
2.41546e+06	0.000497796
2.41556e+06	0.000353197
2.41566e+06	0.000248542
2.41576e+06	0.000173783
2.41586e+06	0.000121197
2.41596e+06	8.4943e-05
2.41606e+06	6.06857e-05
2.41616e+06	4.5279e-05
2.41626e+06	3.6504e-05
2.41636e+06	3.28605e-05
2.41646e+06	3.34015e-05
2.41656e+06	3.7606e-05
2.41666e+06	4.52809e-05
2.41676e+06	5.64854e-05
2.41686e+06	7.1473e-05
2.41696e+06	9.06437e-05
2.41706e+06	0.000114503
2.41716e+06	0.000143626
2.41726e+06	0.000178618
2.41736e+06	0.000220074
2.41746e+06	0.000268542
2.41756e+06	0.000324475
2.41766e+06	0.000388187
2.41776e+06	0.000459804
2.41786e+06	0.000539224
2.41796e+06	0.000626076
2.41806e+06	0.000719687
2.41816e+06	0.000819064
2.41826e+06	0.000922889
2.41836e+06	0.00102953
2.41846e+06	0.00113706
2.41856e+06	0.00124333
2.41866e+06	0.00134601
2.41876e+06	0.00144266
2.41886e+06	0.00153087
2.41896e+06	0.00160831
2.41906e+06	0.00167286
2.41916e+06	0.00172268
2.41926e+06	0.00175633
2.41936e+06	0.00177283
2.41946e+06	0.00177167
2.41956e+06	0.0017529
2.41966e+06	0.00171707
2.41976e+06	0.00166524
2.41986e+06	0.0015989
2.41996e+06	0.00151993
2.42006e+06	0.00143048
2.42016e+06	0.0013329
2.42026e+06	0.00122962
2.42036e+06	0.00112306
2.42046e+06	0.00101552
2.42056e+06	0.000909144
2.42066e+06	0.000805813
2.42076e+06	0.000707119
2.42086e+06	0.000614339
2.42096e+06	0.000528422
2.42106e+06	0.000449998
2.42116e+06	0.0003794
2.42126e+06	0.000316694
2.42136e+06	0.000261723
2.42146e+06	0.000214141
2.42156e+06	0.000173466
2.42166e+06	0.000139119
2.42176e+06	0.000110462
2.42186e+06	8.68362e-05
2.42196e+06	6.7584e-05
2.42206e+06	5.20768e-05
2.42216e+06	3.97284e-05
2.42226e+06	3.00065e-05
2.42236e+06	2.24381e-05
2.42246e+06	1.66117e-05
2.42256e+06	1.21759e-05
2.42266e+06	8.83574e-06
2.42276e+06	6.34808e-06
2.42286e+06	4.51543e-06
2.42296e+06	3.17989e-06
2.42306e+06	2.21709e-06
2.42316e+06	1.53042e-06
2.42326e+06	1.04591e-06
2.42336e+06	7.07681e-07
2.42346e+06	4.74064e-07
2.42356e+06	3.14407e-07
2.42366e+06	2.06446e-07
2.42376e+06	1.34207e-07
2.42386e+06	8.63783e-08
2.42396e+06	5.50418e-08
2.42406e+06	3.47254e-08
2.42416e+06	2.16914e-08
2.42426e+06	1.34178e-08
2.42436e+06	8.22337e-09
2.42446e+06	5.00153e-09
2.42456e+06	3.03489e-09
2.42466e+06	1.86812e-09
2.42476e+06	1.22393e-09
2.42486e+06	9.51098e-10
2.42496e+06	9.98158e-10
2.42506e+06	1.41046e-09
2.42516e+06	2.35329e-09
2.42526e+06	4.16948e-09
2.42536e+06	7.48892e-09
2.42546e+06	1.34193e-08
2.42556e+06	2.38675e-08
2.42566e+06	4.20694e-08
2.42576e+06	7.34508e-08
2.42586e+06	1.27008e-07
2.42596e+06	2.17496e-07
2.42606e+06	3.68846e-07
2.42616e+06	6.19457e-07
2.42626e+06	1.03026e-06
2.42636e+06	1.69686e-06
2.42646e+06	2.76763e-06
2.42656e+06	4.47027e-06
2.42666e+06	7.15019e-06
2.42676e+06	1.13255e-05
2.42686e+06	1.77645e-05
2.42696e+06	2.75932e-05
2.42706e+06	4.24423e-05
2.42716e+06	6.46465e-05
2.42726e+06	9.75071e-05
2.42736e+06	0.000145637
2.42746e+06	0.000215401
2.42756e+06	0.000315473
2.42766e+06	0.000457525
2.42776e+06	0.000657057
2.42786e+06	0.000934381
2.42796e+06	0.00131576
2.42806e+06	0.00183467
2.42816e+06	0.00253319
2.42826e+06	0.00346339
2.42836e+06	0.00468878
2.42846e+06	0.00628551
2.42856e+06	0.00834337
2.42866e+06	0.0109663
2.42876e+06	0.0142724
2.42886e+06	0.0183929
2.42896e+06	0.0234701
2.42906e+06	0.0296547
2.42916e+06	0.0371008
2.42926e+06	0.0459603
2.42936e+06	0.0563756
2.42946e+06	0.068471
2.42956e+06	0.0823432
2.42966e+06	0.0980514
2.42976e+06	0.115607
2.42986e+06	0.134963
2.42996e+06	0.156009
2.43006e+06	0.178561
2.43016e+06	0.202358
2.43026e+06	0.227068
2.43036e+06	0.252284
2.43046e+06	0.277537
2.43056e+06	0.302307
2.43066e+06	0.326043
2.43076e+06	0.348174
2.43086e+06	0.36814
2.43096e+06	0.385413
2.43106e+06	0.399517
2.43116e+06	0.410053
2.43126e+06	0.416715
2.43136e+06	0.419309
2.43146e+06	0.417757
2.43156e+06	0.412106
2.43166e+06	0.402523
2.43176e+06	0.389285
2.43186e+06	0.372771
2.43196e+06	0.353439
2.43206e+06	0.331806
2.43216e+06	0.308427
2.43226e+06	0.283871
2.43236e+06	0.258696
2.43246e+06	0.233432
2.43256e+06	0.208562
2.43266e+06	0.184507
2.43276e+06	0.161622
2.43286e+06	0.140182
2.43296e+06	0.120392
2.43306e+06	0.10238
2.43316e+06	0.0862073
2.43326e+06	0.0718773
2.43336e+06	0.0593416
2.43346e+06	0.048512
2.43356e+06	0.0392703
2.43366e+06	0.0314782
2.43376e+06	0.0249854
2.43386e+06	0.0196382
2.43396e+06	0.0152846
2.43406e+06	0.0117802
2.43416e+06	0.00899089
2.43426e+06	0.00679525
2.43436e+06	0.0050859
2.43446e+06	0.0037696
2.43456e+06	0.0027669
2.43466e+06	0.00201127
2.43476e+06	0.00144787
2.43486e+06	0.00103224
2.43496e+06	0.00072883
2.43506e+06	0.000509658
2.43516e+06	0.000352975
2.43526e+06	0.00024212
2.43536e+06	0.000164494
2.43546e+06	0.000110689
2.43556e+06	7.37752e-05
2.43566e+06	4.8705e-05
2.43576e+06	3.18497e-05
2.43586e+06	2.06308e-05
2.43596e+06	1.32378e-05
2.43606e+06	8.41431e-06
2.43616e+06	5.29825e-06
2.43626e+06	3.30499e-06
2.43636e+06	2.04241e-06
2.43646e+06	1.25044e-06
2.43656e+06	7.58481e-07
2.43666e+06	4.55824e-07
2.43676e+06	2.71416e-07
2.43686e+06	1.60129e-07
2.43696e+06	9.36081e-08
2.43706e+06	5.42224e-08
2.43716e+06	3.11227e-08
2.43726e+06	1.7702e-08
2.43736e+06	9.97751e-09
2.43746e+06	5.57302e-09
2.43756e+06	3.08487e-09
2.43766e+06	1.69228e-09
2.43776e+06	9.20035e-10
2.43786e+06	4.95727e-10
2.43796e+06	2.64726e-10
2.43806e+06	1.4011e-10
2.43816e+06	7.34974e-11
2.43826e+06	3.82126e-11
2.43836e+06	1.96915e-11
2.43846e+06	1.00575e-11
2.43856e+06	5.0915e-12
2.43866e+06	2.55473e-12
2.43876e+06	1.27054e-12
2.43886e+06	6.26287e-13
2.43896e+06	3.05985e-13
2.43906e+06	1.48172e-13
2.43916e+06	7.11154e-14
2.43926e+06	3.38291e-14
2.43936e+06	1.59493e-14
2.43946e+06	7.45256e-15
2.43956e+06	3.45126e-15
2.43966e+06	1.58398e-15
2.43976e+06	7.20462e-16
2.43986e+06	3.24752e-16
2.43996e+06	1.45065e-16
2.44006e+06	6.42142e-17
2.44016e+06	2.81674e-17
2.44026e+06	1.22433e-17
2.44036e+06	5.27315e-18
2.44046e+06	2.25037e-18
2.44056e+06	9.51559e-19
2.44066e+06	3.98661e-19
2.44076e+06	1.6548e-19
2.44086e+06	6.80527e-20
2.44096e+06	2.77265e-20
2.44106e+06	1.11913e-20
2.44116e+06	4.47497e-21
2.44126e+06	1.7726e-21
2.44136e+06	6.95559e-22
2.44146e+06	2.70361e-22
2.44156e+06	1.04096e-22
2.44166e+06	3.96999e-23
2.44176e+06	1.49969e-23
2.44186e+06	5.61128e-24
2.44196e+06	2.0795e-24
2.44206e+06	7.63278e-25
2.44216e+06	2.77476e-25
2.44226e+06	9.99028e-26
2.44236e+06	3.56231e-26
2.44246e+06	1.258e-26
2.44256e+06	4.39961e-27
2.44266e+06	1.5238e-27
2.44276e+06	5.22652e-28
2.44286e+06	1.77526e-28
2.44296e+06	5.97135e-29
2.44306e+06	1.98901e-29
2.44316e+06	6.56065e-30
2.44326e+06	2.14289e-30
2.44336e+06	6.93092e-31
2.44346e+06	2.2198e-31
2.44356e+06	7.03989e-32
2.44366e+06	2.21076e-32
2.44376e+06	6.87442e-33
2.44386e+06	2.11664e-33
2.44396e+06	6.45312e-34
2.44406e+06	1.94806e-34
2.44416e+06	5.82292e-35
2.44426e+06	1.72338e-35
2.44436e+06	5.05036e-36
2.44446e+06	1.46542e-36
2.44456e+06	4.21011e-37
2.44466e+06	1.19762e-37
2.44476e+06	3.37315e-38
2.44486e+06	9.40675e-39
2.44496e+06	2.59735e-39
2.44506e+06	7.10076e-40
2.44516e+06	1.92204e-40
2.44526e+06	5.15111e-41
2.44536e+06	1.36684e-41
2.44546e+06	3.591e-42
2.44556e+06	9.34088e-43
2.44566e+06	2.40567e-43
2.44576e+06	6.13422e-44
2.44586e+06	1.54866e-44
2.44596e+06	3.87101e-45
2.44606e+06	9.57996e-46
2.44616e+06	2.34733e-46
2.44626e+06	5.69447e-47
2.44636e+06	1.36773e-47
2.44646e+06	3.2525e-48
2.44656e+06	7.65775e-49
2.44666e+06	1.78505e-49
2.44676e+06	4.11972e-50
2.44686e+06	9.41346e-51
2.44696e+06	2.12959e-51
2.44706e+06	4.76987e-52
2.44716e+06	1.05775e-52
2.44726e+06	2.32231e-53
2.44736e+06	5.04802e-54
2.44746e+06	1.08639e-54
2.44756e+06	2.31479e-55
2.44766e+06	4.88315e-56
2.44776e+06	1.01988e-56
2.44786e+06	2.10892e-57
2.44796e+06	4.31751e-58
2.44806e+06	8.75118e-59
2.44816e+06	1.75615e-59
2.44826e+06	3.48911e-60
2.44836e+06	6.86324e-61
2.44846e+06	1.33661e-61
2.44856e+06	2.57714e-62
2.44866e+06	4.91962e-63
2.44876e+06	9.29789e-64
2.44886e+06	1.73979e-64
2.44896e+06	3.22306e-65
2.44906e+06	5.91152e-66
2.44916e+06	1.07347e-66
2.44926e+06	1.92991e-67
2.44936e+06	3.43513e-68
2.44946e+06	6.05353e-69
2.44956e+06	1.05617e-69
2.44966e+06	1.82438e-70
2.44976e+06	3.12e-71
2.44986e+06	5.28267e-72
2.44996e+06	8.85544e-73
2.45006e+06	1.46969e-73
2.45016e+06	2.41489e-74
2.45026e+06	3.92851e-75
2.45036e+06	6.32727e-76
2.45046e+06	1.00893e-76
2.45056e+06	1.59282e-77
2.45066e+06	2.4896e-78
2.45076e+06	3.85255e-79
2.45086e+06	5.90236e-80
2.45096e+06	8.95283e-81
2.45106e+06	1.34447e-81
2.45116e+06	1.99895e-82
2.45126e+06	2.94245e-83
2.45136e+06	4.28819e-84
2.45146e+06	6.18724e-85
2.45156e+06	8.83845e-86
2.45166e+06	1.25001e-86
2.45176e+06	1.75028e-87
2.45186e+06	2.42638e-88
2.45196e+06	3.33019e-89
2.45206e+06	4.52517e-90
2.45216e+06	6.08778e-91
2.45226e+06	8.10849e-92
2.45236e+06	1.06925e-92
2.45246e+06	1.39596e-93
2.45256e+06	1.80437e-94
2.45266e+06	2.30907e-95
2.45276e+06	2.92553e-96
2.45286e+06	3.66968e-97
2.45296e+06	4.55732e-98
2.45306e+06	5.60336e-99
2.45316e+06	6.82095e-100
2.45326e+06	8.2205e-101
2.45336e+06	9.80863e-102
2.45346e+06	1.15871e-102
2.45356e+06	1.35519e-103
2.45366e+06	1.56921e-104
2.45376e+06	1.79896e-105
2.45386e+06	2.04182e-106
2.45396e+06	2.29441e-107
2.45406e+06	2.55259e-108
2.45416e+06	2.81157e-109
2.45426e+06	3.06601e-110
2.45436e+06	3.3102e-111
2.45446e+06	3.53829e-112
2.45456e+06	3.74446e-113
2.45466e+06	3.92322e-114
2.45476e+06	4.06961e-115
2.45486e+06	4.17946e-116
2.45496e+06	4.24956e-117
2.45506e+06	4.27785e-118
2.45516e+06	4.26348e-119
2.45526e+06	4.20687e-120
2.45536e+06	4.10972e-121
2.45546e+06	3.97486e-122
2.45556e+06	3.80617e-123
2.45566e+06	3.60838e-124
2.45576e+06	3.38683e-125
2.45586e+06	3.14725e-126
2.45596e+06	2.89552e-127
2.45606e+06	2.63742e-128
2.45616e+06	2.37842e-129
2.45626e+06	2.12351e-130
2.45636e+06	1.87706e-131
2.45646e+06	1.6427e-132
2.45656e+06	1.4233e-133
2.45666e+06	1.22093e-134
2.45676e+06	1.03691e-135
2.45686e+06	8.71868e-137
2.45696e+06	7.25799e-138
2.45706e+06	5.9819e-139
2.45716e+06	4.88112e-140
2.45726e+06	3.94327e-141
2.45736e+06	3.15392e-142
2.45746e+06	2.49748e-143
2.45756e+06	1.95799e-144
2.45766e+06	1.51976e-145
2.45776e+06	1.16788e-146
2.45786e+06	8.88539e-148
2.45796e+06	6.69288e-149
2.45806e+06	4.99121e-150
2.45816e+06	3.68516e-151
2.45826e+06	2.69379e-152
2.45836e+06	1.94953e-153
2.45846e+06	1.39685e-154
2.45856e+06	9.90899e-156
2.45866e+06	6.9593e-157
2.45876e+06	4.83903e-158
2.45886e+06	3.33126e-159
2.45896e+06	2.27047e-160
2.45906e+06	1.53207e-161
2.45916e+06	1.02353e-162
2.45926e+06	6.76984e-164
2.45936e+06	4.43316e-165
2.45946e+06	2.87413e-166
2.45956e+06	1.84483e-167
2.45966e+06	1.17236e-168
2.45976e+06	7.37607e-170
2.45986e+06	4.59458e-171
2.45996e+06	2.8335e-172
2.46006e+06	1.73005e-173
2.46016e+06	1.0458e-174
2.46026e+06	6.2589e-176
2.46036e+06	3.70855e-177
2.46046e+06	2.17554e-178
2.46056e+06	1.26353e-179
2.46066e+06	7.26547e-181
2.46076e+06	4.13616e-182
2.46086e+06	2.33125e-183
2.46096e+06	1.30088e-184
2.46106e+06	7.18691e-186
2.46116e+06	3.93101e-187
2.46126e+06	2.12875e-188
2.46136e+06	1.1413e-189
2.46146e+06	6.05806e-191
2.46156e+06	3.18364e-192
2.46166e+06	1.65643e-193
2.46176e+06	8.53882e-195
2.46186e+06	5.62704e-196
2.46196e+06	2.57019e-195
2.46206e+06	5.04014e-194
2.46216e+06	9.8693e-193
2.46226e+06	1.91336e-191
2.46236e+06	3.67251e-190
2.46246e+06	6.97891e-189
2.46256e+06	1.31301e-187
2.46266e+06	2.44572e-186
2.46276e+06	4.51026e-185
2.46286e+06	8.23482e-184
2.46296e+06	1.48855e-182
2.46306e+06	2.66397e-181
2.46316e+06	4.72013e-180
2.46326e+06	8.28007e-179
2.46336e+06	1.43804e-177
2.46346e+06	2.47267e-176
2.46356e+06	4.20938e-175
2.46366e+06	7.09458e-174
2.46376e+06	1.18384e-172
2.46386e+06	1.95576e-171
2.46396e+06	3.19886e-170
2.46406e+06	5.18003e-169
2.46416e+06	8.30475e-168
2.46426e+06	1.31819e-166
2.46436e+06	2.0715e-165
2.46446e+06	3.22293e-164
2.46456e+06	4.96447e-163
2.46466e+06	7.57099e-162
2.46476e+06	1.14311e-160
2.46486e+06	1.70877e-159
2.46496e+06	2.52891e-158
2.46506e+06	3.70545e-157
2.46516e+06	5.37533e-156
2.46526e+06	7.72017e-155
2.46536e+06	1.09775e-153
2.46546e+06	1.5454e-152
2.46556e+06	2.15394e-151
2.46566e+06	2.97224e-150
2.46576e+06	4.06061e-149
2.46586e+06	5.49231e-148
2.46596e+06	7.35488e-147
2.46606e+06	9.75111e-146
2.46616e+06	1.27994e-144
2.46626e+06	1.66334e-143
2.46636e+06	2.14008e-142
2.46646e+06	2.72607e-141
2.46656e+06	3.43796e-140
2.46666e+06	4.2926e-139
2.46676e+06	5.30638e-138
2.46686e+06	6.4943e-137
2.46696e+06	7.86909e-136
2.46706e+06	9.44002e-135
2.46716e+06	1.12119e-133
2.46726e+06	1.31838e-132
2.46736e+06	1.53483e-131
2.46746e+06	1.76904e-130
2.46756e+06	2.0187e-129
2.46766e+06	2.28067e-128
2.46776e+06	2.551e-127
2.46786e+06	2.82498e-126
2.46796e+06	3.09726e-125
2.46806e+06	3.362e-124
2.46816e+06	3.61305e-123
2.46826e+06	3.84421e-122
2.46836e+06	4.04946e-121
2.46846e+06	4.22323e-120
2.46856e+06	4.36063e-119
2.46866e+06	4.4577e-118
2.46876e+06	4.51159e-117
2.46886e+06	4.52069e-116
2.46896e+06	4.48474e-115
2.46906e+06	4.40481e-114
2.46916e+06	4.28326e-113
2.46926e+06	4.12361e-112
2.46936e+06	3.93042e-111
2.46946e+06	3.709e-110
2.46956e+06	3.46523e-109
2.46966e+06	3.20527e-108
2.46976e+06	2.9353e-107
2.46986e+06	2.66133e-106
2.46996e+06	2.38893e-105
2.47006e+06	2.12306e-104
2.47016e+06	1.86801e-103
2.47026e+06	1.62725e-102
2.47036e+06	1.40342e-101
2.47046e+06	1.19833e-100
2.47056e+06	1.01303e-99
2.47066e+06	8.47858e-99
2.47076e+06	7.02559e-98
2.47086e+06	5.76367e-97
2.47096e+06	4.68137e-96
2.47106e+06	3.76447e-95
2.47116e+06	2.99704e-94
2.47126e+06	2.36231e-93
2.47136e+06	1.84348e-92
2.47146e+06	1.42429e-91
2.47156e+06	1.08947e-90
2.47166e+06	8.25064e-90
2.47176e+06	6.18611e-89
2.47186e+06	4.59203e-88
2.47196e+06	3.37481e-87
2.47206e+06	2.45556e-86
2.47216e+06	1.76892e-85
2.47226e+06	1.26161e-84
2.47236e+06	8.90835e-84
2.47246e+06	6.22769e-83
2.47256e+06	4.31036e-82
2.47266e+06	2.95364e-81
2.47276e+06	2.00382e-80
2.47286e+06	1.34591e-79
2.47296e+06	8.95016e-79
2.47306e+06	5.89255e-78
2.47316e+06	3.84089e-77
2.47326e+06	2.47867e-76
2.47336e+06	1.58366e-75
2.47346e+06	1.00175e-74
2.47356e+06	6.27363e-74
2.47366e+06	3.88985e-73
2.47376e+06	2.38784e-72
2.47386e+06	1.45122e-71
2.47396e+06	8.73209e-71
2.47406e+06	5.20189e-70
2.47416e+06	3.06804e-69
2.47426e+06	1.7915e-68
2.47436e+06	1.03569e-67
2.47446e+06	5.92791e-67
2.47456e+06	3.35915e-66
2.47466e+06	1.88458e-65
2.47476e+06	1.04678e-64
2.47486e+06	5.75646e-64
2.47496e+06	3.13409e-63
2.47506e+06	1.68937e-62
2.47516e+06	9.0156e-62
2.47526e+06	4.76345e-61
2.47536e+06	2.49176e-60
2.47546e+06	1.29047e-59
2.47556e+06	6.61677e-59
2.47566e+06	3.35893e-58
2.47576e+06	1.68816e-57
2.47586e+06	8.40008e-57
2.47596e+06	4.13819e-56
2.47606e+06	2.01834e-55
2.47616e+06	9.74618e-55
2.47626e+06	4.65942e-54
2.47636e+06	2.2054e-53
2.47646e+06	1.03347e-52
2.47656e+06	4.79477e-52
2.47666e+06	2.20239e-51
2.47676e+06	1.00156e-50
2.47686e+06	4.50939e-50
2.47696e+06	2.01009e-49
2.47706e+06	8.87092e-49
2.47716e+06	3.87597e-48
2.47726e+06	1.67667e-47
2.47736e+06	7.18082e-47
2.47746e+06	3.04479e-46
2.47756e+06	1.27819e-45
2.47766e+06	5.31243e-45
2.47776e+06	2.18598e-44
2.47786e+06	8.90548e-44
2.47796e+06	3.59191e-43
2.47806e+06	1.43433e-42
2.47816e+06	5.67064e-42
2.47826e+06	2.21958e-41
2.47836e+06	8.60136e-41
2.47846e+06	3.30005e-40
2.47856e+06	1.25352e-39
2.47866e+06	4.71409e-39
2.47876e+06	1.75518e-38
2.47886e+06	6.47e-38
2.47896e+06	2.36125e-37
2.47906e+06	8.53175e-37
2.47916e+06	3.05204e-36
2.47926e+06	1.08094e-35
2.47936e+06	3.79024e-35
2.47946e+06	1.3158e-34
2.47956e+06	4.52243e-34
2.47966e+06	1.5389e-33
2.47976e+06	5.18448e-33
2.47986e+06	1.72925e-32
2.47996e+06	5.7104e-32
2.48006e+06	1.86695e-31
2.48016e+06	6.04305e-31
2.48026e+06	1.93659e-30
2.48036e+06	6.14433e-30
2.48046e+06	1.93005e-29
2.48056e+06	6.00234e-29
2.48066e+06	1.84812e-28
2.48076e+06	5.63373e-28
2.48086e+06	1.70027e-27
2.48096e+06	5.08041e-27
2.48106e+06	1.50292e-26
2.48116e+06	4.4018e-26
2.48126e+06	1.27638e-25
2.48136e+06	3.66429e-25
2.48146e+06	1.04149e-24
2.48156e+06	2.93075e-24
2.48166e+06	8.16504e-24
2.48176e+06	2.25214e-23
2.48186e+06	6.1502e-23
2.48196e+06	1.6628e-22
2.48206e+06	4.45091e-22
2.48216e+06	1.17954e-21
2.48226e+06	3.09483e-21
2.48236e+06	8.03925e-21
2.48246e+06	2.06753e-20
2.48256e+06	5.26437e-20
2.48266e+06	1.32708e-19
2.48276e+06	3.31211e-19
2.48286e+06	8.18409e-19
2.48296e+06	2.00213e-18
2.48306e+06	4.84923e-18
2.48316e+06	1.16281e-17
2.48326e+06	2.7606e-17
2.48336e+06	6.48865e-17
2.48346e+06	1.50995e-16
2.48356e+06	3.47879e-16
2.48366e+06	7.93506e-16
2.48376e+06	1.79197e-15
2.48386e+06	4.00651e-15
2.48396e+06	8.86872e-15
2.48406e+06	1.94362e-14
2.48416e+06	4.21717e-14
2.48426e+06	9.05913e-14
2.48436e+06	1.92668e-13
2.48446e+06	4.05686e-13
2.48456e+06	8.45721e-13
2.48466e+06	1.74551e-12
2.48476e+06	3.56676e-12
2.48486e+06	7.21577e-12
2.48496e+06	1.44527e-11
2.48506e+06	2.86598e-11
2.48516e+06	5.6267e-11
2.48526e+06	1.09369e-10
2.48536e+06	2.10469e-10
2.48546e+06	4.00997e-10
2.48556e+06	7.564e-10
2.48566e+06	1.4126e-09
2.48576e+06	2.61183e-09
2.48586e+06	4.78109e-09
2.48596e+06	8.66497e-09
2.48606e+06	1.55476e-08
2.48616e+06	2.76197e-08
2.48626e+06	4.85771e-08
2.48636e+06	8.45866e-08
2.48646e+06	1.45824e-07
2.48656e+06	2.48893e-07
2.48666e+06	4.20587e-07
2.48676e+06	7.03649e-07
2.48686e+06	1.1655e-06
2.48696e+06	1.9113e-06
2.48706e+06	3.10314e-06
2.48716e+06	4.98806e-06
2.48726e+06	7.93816e-06
2.48736e+06	1.25074e-05
2.48746e+06	1.95106e-05
2.48756e+06	3.01322e-05
2.48766e+06	4.60734e-05
2.48776e+06	6.97474e-05
2.48786e+06	0.000104535
2.48796e+06	0.000155116
2.48806e+06	0.000227881
2.48816e+06	0.000331449
2.48826e+06	0.000477292
2.48836e+06	0.000680472
2.48846e+06	0.000960492
2.48856e+06	0.00134226
2.48866e+06	0.0018571
2.48876e+06	0.00254387
2.48886e+06	0.00344995
2.48896e+06	0.00463221
2.48906e+06	0.00615776
2.48916e+06	0.00810431
2.48926e+06	0.0105601
2.48936e+06	0.0136232
2.48946e+06	0.0174
2.48956e+06	0.0220028
2.48966e+06	0.0275465
2.48976e+06	0.0341439
2.48986e+06	0.0419006
2.48996e+06	0.0509081
2.49006e+06	0.0612368
2.49016e+06	0.0729287
2.49026e+06	0.0859893
2.49036e+06	0.100381
2.49046e+06	0.116016
2.49056e+06	0.132753
2.49066e+06	0.150394
2.49076e+06	0.168686
2.49086e+06	0.187322
2.49096e+06	0.205949
2.49106e+06	0.224177
2.49116e+06	0.241594
2.49126e+06	0.257775
2.49136e+06	0.272308
2.49146e+06	0.284801
2.49156e+06	0.294908
2.49166e+06	0.302339
2.49176e+06	0.306878
2.49186e+06	0.308391
2.49196e+06	0.306833
2.49206e+06	0.302251
2.49216e+06	0.294781
2.49226e+06	0.284641
2.49236e+06	0.272122
2.49246e+06	0.25757
2.49256e+06	0.241377
2.49266e+06	0.223958
2.49276e+06	0.205734
2.49286e+06	0.187119
2.49296e+06	0.1685
2.49306e+06	0.15023
2.49316e+06	0.132613
2.49326e+06	0.115902
2.49336e+06	0.100293
2.49346e+06	0.0859274
2.49356e+06	0.0728906
2.49366e+06	0.0612199
2.49376e+06	0.0509093
2.49386e+06	0.0419167
2.49396e+06	0.0341715
2.49406e+06	0.0275824
2.49416e+06	0.0220441
2.49426e+06	0.0174441
2.49436e+06	0.013668
2.49446e+06	0.0106038
2.49456e+06	0.00814568
2.49466e+06	0.00619587
2.49476e+06	0.00466651
2.49486e+06	0.00348018
2.49496e+06	0.00257003
2.49506e+06	0.00187934
2.49516e+06	0.00136085
2.49526e+06	0.000975795
2.49536e+06	0.000692884
2.49546e+06	0.000487219
2.49556e+06	0.000339279
2.49566e+06	0.000233976
2.49576e+06	0.0001598
2.49586e+06	0.000108089
2.49596e+06	7.24114e-05
2.49606e+06	4.80464e-05
2.49616e+06	3.15762e-05
2.49626e+06	2.05551e-05
2.49636e+06	1.32544e-05
2.49646e+06	8.46638e-06
2.49656e+06	5.35742e-06
2.49666e+06	3.35858e-06
2.49676e+06	2.08603e-06
2.49686e+06	1.28374e-06
2.49696e+06	7.82804e-07
2.49706e+06	4.73016e-07
2.49716e+06	2.83256e-07
2.49726e+06	1.68109e-07
2.49736e+06	9.88898e-08
2.49746e+06	5.76623e-08
2.49756e+06	3.33313e-08
2.49766e+06	1.91016e-08
2.49776e+06	1.08538e-08
2.49786e+06	6.11556e-09
