3.98059e+06	3.01679e-07
3.98069e+06	4.9548e-07
3.98079e+06	8.05779e-07
3.98089e+06	1.29753e-06
3.98099e+06	2.06891e-06
3.98109e+06	3.26655e-06
3.98119e+06	5.10703e-06
3.98129e+06	7.90657e-06
3.98139e+06	1.21215e-05
3.98149e+06	1.84026e-05
3.98159e+06	2.76674e-05
3.98169e+06	4.11941e-05
3.98179e+06	6.07421e-05
3.98189e+06	8.87046e-05
3.98199e+06	0.000128297
3.98209e+06	0.000183788
3.98219e+06	0.000260772
3.98229e+06	0.000366496
3.98239e+06	0.000510221
3.98249e+06	0.000703638
3.98259e+06	0.000961311
3.98269e+06	0.00130114
3.98279e+06	0.00174485
3.98289e+06	0.00231841
3.98299e+06	0.00305244
3.98309e+06	0.00398256
3.98319e+06	0.00514949
3.98329e+06	0.00659914
3.98339e+06	0.00838237
3.98349e+06	0.0105545
3.98359e+06	0.0131746
3.98369e+06	0.0163043
3.98379e+06	0.0200066
3.98389e+06	0.0243439
3.98399e+06	0.0293758
3.98409e+06	0.0351571
3.98419e+06	0.0417347
3.98429e+06	0.0491449
3.98439e+06	0.0574108
3.98449e+06	0.0665387
3.98459e+06	0.076516
3.98469e+06	0.0873079
3.98479e+06	0.0988559
3.98489e+06	0.111075
3.98499e+06	0.123856
3.98509e+06	0.137058
3.98519e+06	0.15052
3.98529e+06	0.164051
3.98539e+06	0.177444
3.98549e+06	0.19047
3.98559e+06	0.202891
3.98569e+06	0.214463
3.98579e+06	0.224943
3.98589e+06	0.234097
3.98599e+06	0.241709
3.98609e+06	0.24759
3.98619e+06	0.251582
3.98629e+06	0.253569
3.98639e+06	0.253481
3.98649e+06	0.251297
3.98659e+06	0.247051
3.98669e+06	0.240823
3.98679e+06	0.232749
3.98689e+06	0.223006
3.98699e+06	0.211809
3.98709e+06	0.199406
3.98719e+06	0.186063
3.98729e+06	0.17206
3.98739e+06	0.157675
3.98749e+06	0.143179
3.98759e+06	0.128826
3.98769e+06	0.114843
3.98779e+06	0.101428
3.98789e+06	0.0887442
3.98799e+06	0.0769183
3.98809e+06	0.0660399
3.98819e+06	0.056163
3.98829e+06	0.047309
3.98839e+06	0.0394703
3.98849e+06	0.0326148
3.98859e+06	0.026691
3.98869e+06	0.0216324
3.98879e+06	0.017363
3.98889e+06	0.0138011
3.98899e+06	0.0108633
3.98909e+06	0.00846759
3.98919e+06	0.00653581
3.98929e+06	0.00499542
3.98939e+06	0.0037807
3.98949e+06	0.00283331
3.98959e+06	0.00210247
3.98969e+06	0.00154481
3.98979e+06	0.00112389
3.98989e+06	0.000809611
3.98999e+06	0.000577462
3.99009e+06	0.000407816
3.99019e+06	0.000285163
3.99029e+06	0.000197429
3.99039e+06	0.000135335
3.99049e+06	9.18529e-05
3.99059e+06	6.17239e-05
3.99069e+06	4.10669e-05
3.99079e+06	2.70524e-05
3.99089e+06	1.76438e-05
3.99099e+06	1.13933e-05
3.99109e+06	7.28418e-06
3.99119e+06	4.61084e-06
3.99129e+06	2.88966e-06
3.99139e+06	1.79301e-06
3.99149e+06	1.10149e-06
3.99159e+06	6.6996e-07
3.99169e+06	4.0344e-07
3.99179e+06	2.40533e-07
3.99189e+06	1.41982e-07
3.99199e+06	8.29761e-08
3.99209e+06	4.80105e-08
3.99219e+06	2.7503e-08
3.99229e+06	1.55986e-08
3.99239e+06	8.75897e-09
3.99249e+06	4.86946e-09
3.99259e+06	2.6802e-09
3.99269e+06	1.46055e-09
3.99279e+06	7.87993e-10
3.99289e+06	4.2091e-10
3.99299e+06	2.22595e-10
3.99309e+06	1.16546e-10
3.99319e+06	6.04147e-11
3.99329e+06	3.10059e-11
3.99339e+06	1.57545e-11
3.99349e+06	7.92545e-12
3.99359e+06	3.94731e-12
3.99369e+06	1.94642e-12
3.99379e+06	9.50232e-13
3.99389e+06	4.59284e-13
3.99399e+06	2.19781e-13
3.99409e+06	1.04125e-13
3.99419e+06	4.88407e-14
3.99429e+06	2.26811e-14
3.99439e+06	1.04281e-14
3.99449e+06	4.7468e-15
3.99459e+06	2.13922e-15
3.99469e+06	9.54483e-16
3.99479e+06	4.21636e-16
3.99489e+06	1.84402e-16
3.99499e+06	7.98453e-17
3.99509e+06	3.42288e-17
3.99519e+06	1.45275e-17
3.99529e+06	6.10445e-18
3.99539e+06	2.53957e-18
3.99549e+06	1.046e-18
3.99559e+06	4.2654e-19
3.99569e+06	1.72205e-19
3.99579e+06	6.88315e-20
3.99589e+06	2.72387e-20
3.99599e+06	1.0672e-20
3.99609e+06	4.1396e-21
3.99619e+06	1.58975e-21
3.99629e+06	6.04446e-22
3.99639e+06	2.27532e-22
3.99649e+06	8.4798e-23
3.99659e+06	3.12885e-23
3.99669e+06	1.14299e-23
3.99679e+06	4.13386e-24
3.99689e+06	1.48022e-24
3.99699e+06	5.24753e-25
3.99709e+06	1.84179e-25
3.99719e+06	6.40003e-26
3.99729e+06	2.20182e-26
3.99739e+06	7.4996e-27
3.99749e+06	2.52902e-27
3.99759e+06	8.44349e-28
3.99769e+06	2.79094e-28
3.99779e+06	9.13345e-29
3.99789e+06	2.95921e-29
3.99799e+06	9.49239e-30
3.99809e+06	3.01461e-30
3.99819e+06	9.4786e-31
3.99829e+06	2.95063e-31
3.99839e+06	9.09372e-32
3.99849e+06	2.77476e-32
3.99859e+06	8.38238e-33
3.99869e+06	2.50706e-33
3.99879e+06	7.42371e-34
3.99889e+06	2.17637e-34
3.99899e+06	6.31689e-35
3.99909e+06	1.81522e-35
3.99919e+06	5.16432e-36
3.99929e+06	1.45463e-36
3.99939e+06	4.0565e-37
3.99949e+06	1.11997e-37
3.99959e+06	3.06139e-38
3.99969e+06	8.28491e-39
3.99979e+06	2.2198e-39
3.99989e+06	5.88839e-40
3.99999e+06	1.54645e-40
4.00009e+06	4.021e-41
4.00019e+06	1.03511e-41
4.00029e+06	2.63815e-42
4.00039e+06	6.65684e-43
4.00049e+06	1.663e-43
4.00059e+06	4.11316e-44
4.00069e+06	1.0072e-44
4.00079e+06	2.44181e-45
4.00089e+06	5.86092e-46
4.00099e+06	1.39276e-46
4.00109e+06	3.27676e-47
4.00119e+06	7.63254e-48
4.00129e+06	1.76015e-48
4.00139e+06	4.01874e-49
4.00149e+06	9.08418e-50
4.00159e+06	2.03301e-50
4.00169e+06	4.50452e-51
4.00179e+06	9.88134e-52
4.00189e+06	2.14605e-52
4.00199e+06	4.61446e-53
4.00209e+06	9.82335e-54
4.00219e+06	2.0704e-54
4.00229e+06	4.32024e-55
4.00239e+06	8.92518e-56
4.00249e+06	1.82551e-56
4.00259e+06	3.69664e-57
4.00269e+06	7.41119e-58
4.00279e+06	1.47104e-58
4.00289e+06	2.89081e-59
4.00299e+06	5.62435e-60
4.00309e+06	1.08338e-60
4.00319e+06	2.06608e-61
4.00329e+06	3.90094e-62
4.00339e+06	7.29205e-63
4.00349e+06	1.34954e-63
4.00359e+06	2.47275e-64
4.00369e+06	4.48572e-65
4.00379e+06	8.05639e-66
4.00389e+06	1.43254e-66
4.00399e+06	2.5219e-67
4.00409e+06	4.39549e-68
4.00419e+06	7.5848e-69
4.00429e+06	1.2958e-69
4.00439e+06	2.19174e-70
4.00449e+06	3.67025e-71
4.00459e+06	6.085e-72
4.00469e+06	9.98808e-73
4.00479e+06	1.62316e-73
4.00489e+06	2.61154e-74
4.00499e+06	4.15997e-75
4.00509e+06	6.56054e-76
4.00519e+06	1.02435e-76
4.00529e+06	1.58347e-77
4.00539e+06	2.42344e-78
4.00549e+06	3.67206e-79
4.00559e+06	5.50865e-80
4.00569e+06	8.18159e-81
4.00579e+06	1.20306e-81
4.00589e+06	1.75143e-82
4.00599e+06	2.52439e-83
4.00609e+06	3.60228e-84
4.00619e+06	5.08927e-85
4.00629e+06	7.11852e-86
4.00639e+06	9.85783e-87
4.00649e+06	1.35154e-87
4.00659e+06	1.83458e-88
4.00669e+06	2.46546e-89
4.00679e+06	3.28034e-90
4.00689e+06	4.32111e-91
4.00699e+06	5.63546e-92
4.00709e+06	7.27647e-93
4.00719e+06	9.30184e-94
4.00729e+06	1.17726e-94
4.00739e+06	1.47515e-95
4.00749e+06	1.83002e-96
4.00759e+06	2.24767e-97
4.00769e+06	2.73316e-98
4.00779e+06	3.29045e-99
4.00789e+06	3.92196e-100
4.00799e+06	4.62816e-101
4.00809e+06	5.40716e-102
4.00819e+06	6.25444e-103
4.00829e+06	7.16249e-104
4.00839e+06	8.12076e-105
4.00849e+06	9.11563e-106
4.00859e+06	1.01306e-106
4.00869e+06	1.11465e-107
4.00879e+06	1.21422e-108
4.00889e+06	1.30953e-109
4.00899e+06	1.39827e-110
4.00909e+06	1.47817e-111
4.00919e+06	1.54708e-112
4.00929e+06	1.6031e-113
4.00939e+06	1.64461e-114
4.00949e+06	1.67041e-115
4.00959e+06	1.67973e-116
4.00969e+06	1.6723e-117
4.00979e+06	1.64834e-118
4.00989e+06	1.60855e-119
4.00999e+06	1.55411e-120
4.01009e+06	1.48656e-121
4.01019e+06	1.40781e-122
4.01029e+06	1.31996e-123
4.01039e+06	1.22528e-124
4.01049e+06	1.12607e-125
4.01059e+06	1.0246e-126
4.01069e+06	9.22993e-128
4.01079e+06	8.23191e-129
4.01089e+06	7.26875e-130
4.01099e+06	6.35442e-131
4.01109e+06	5.49983e-132
4.01119e+06	4.7128e-133
4.01129e+06	3.99822e-134
4.01139e+06	3.35824e-135
4.01149e+06	2.79263e-136
4.01159e+06	2.29917e-137
4.01169e+06	1.87407e-138
4.01179e+06	1.51238e-139
4.01189e+06	1.20834e-140
4.01199e+06	9.5582e-142
4.01209e+06	7.48548e-143
4.01219e+06	5.80391e-144
4.01229e+06	4.45532e-145
4.01239e+06	3.38605e-146
4.01249e+06	2.5478e-147
4.01259e+06	1.89799e-148
4.01269e+06	1.39985e-149
4.01279e+06	1.02217e-150
4.01289e+06	7.38966e-152
4.01299e+06	5.2891e-153
4.01309e+06	3.74797e-154
4.01319e+06	2.62947e-155
4.01329e+06	1.8264e-156
4.01339e+06	1.25598e-157
4.01349e+06	8.55115e-159
4.01359e+06	5.764e-160
4.01369e+06	3.84663e-161
4.01379e+06	2.54153e-162
4.01389e+06	1.66251e-163
4.01399e+06	1.0767e-164
4.01409e+06	6.90364e-166
4.01419e+06	4.38248e-167
4.01429e+06	2.75435e-168
4.01439e+06	1.71386e-169
4.01449e+06	1.05582e-170
4.01459e+06	6.4396e-172
4.01469e+06	3.88853e-173
4.01479e+06	2.32472e-174
4.01489e+06	1.37598e-175
4.01499e+06	8.06325e-177
4.01509e+06	4.67806e-178
4.01519e+06	2.68706e-179
4.01529e+06	1.52809e-180
4.01539e+06	8.60349e-182
4.01549e+06	4.79577e-183
4.01559e+06	2.64666e-184
4.01569e+06	1.44609e-185
4.01579e+06	7.82261e-187
4.01589e+06	4.18951e-188
4.01599e+06	2.22143e-189
4.01609e+06	1.16616e-190
4.01619e+06	6.06096e-192
4.01629e+06	3.11876e-193
4.01639e+06	1.58884e-194
4.01649e+06	8.0137e-196
4.01659e+06	4.0017e-197
4.01669e+06	1.97839e-198
4.01679e+06	9.68363e-200
4.01689e+06	4.69268e-201
4.01699e+06	2.25144e-202
4.01709e+06	1.06944e-203
4.01719e+06	5.02934e-205
4.01729e+06	2.34165e-206
4.01739e+06	1.07942e-207
4.01749e+06	4.92622e-209
4.01759e+06	2.22585e-210
4.01769e+06	9.95714e-212
4.01779e+06	4.40992e-213
4.01789e+06	1.93368e-214
4.01799e+06	8.39448e-216
4.01809e+06	3.60795e-217
4.01819e+06	1.53527e-218
4.01829e+06	6.46795e-220
4.01839e+06	2.69777e-221
4.01849e+06	1.11404e-222
4.01859e+06	4.55462e-224
4.01869e+06	1.84358e-225
4.01879e+06	7.38803e-227
4.01889e+06	2.93125e-228
4.01899e+06	1.15142e-229
4.01909e+06	4.47786e-231
4.01919e+06	1.72411e-232
4.01929e+06	6.57229e-234
4.01939e+06	2.48042e-235
4.01949e+06	9.26812e-237
4.01959e+06	3.42858e-238
4.01969e+06	1.25573e-239
4.01979e+06	4.55336e-241
4.01989e+06	1.63465e-242
4.01999e+06	5.81001e-244
4.02009e+06	2.04449e-245
4.02019e+06	7.1228e-247
4.02029e+06	2.45682e-248
4.02039e+06	8.38982e-250
4.02049e+06	2.83654e-251
4.02059e+06	9.49473e-253
4.02069e+06	3.14654e-254
4.02079e+06	1.03238e-255
4.02089e+06	3.35356e-257
4.02099e+06	1.07852e-258
4.02109e+06	3.43405e-260
4.02119e+06	1.08253e-261
4.02129e+06	3.37858e-263
4.02139e+06	1.04396e-264
4.02149e+06	3.19368e-266
4.02159e+06	9.67288e-268
4.02169e+06	2.90053e-269
4.02179e+06	8.61103e-271
4.02189e+06	2.53099e-272
4.02199e+06	7.36517e-274
4.02209e+06	2.12193e-275
4.02219e+06	6.05255e-277
4.02229e+06	1.70924e-278
4.02239e+06	4.77884e-280
4.02249e+06	1.32282e-281
4.02259e+06	3.62522e-283
4.02269e+06	9.83618e-285
4.02279e+06	2.64226e-286
4.02289e+06	7.02718e-288
4.02299e+06	1.85031e-289
4.02309e+06	4.82351e-291
4.02319e+06	1.24492e-292
4.02329e+06	3.18108e-294
4.02339e+06	8.04759e-296
4.02349e+06	2.01564e-297
4.02359e+06	4.99826e-299
4.02369e+06	1.2271e-300
4.02379e+06	2.98264e-302
4.02389e+06	7.17756e-304
4.02399e+06	1.71006e-305
4.02409e+06	4.03367e-307
4.02419e+06	9.41994e-309
4.02429e+06	2.17797e-310
4.02439e+06	4.98557e-312
4.02449e+06	1.12988e-313
4.02459e+06	2.53518e-315
4.02469e+06	5.63173e-317
4.02479e+06	1.2386e-318
4.02489e+06	2.6971e-320
4.02499e+06	5.82997e-322
4.02509e+06	1.4822e-323
4.02519e+06	0
4.02529e+06	0
4.02539e+06	0
4.02549e+06	0
4.02559e+06	0
4.02569e+06	0
4.02579e+06	0
4.02589e+06	0
4.02599e+06	0
4.02609e+06	0
4.02619e+06	0
4.02629e+06	0
4.02639e+06	0
4.02649e+06	0
4.02659e+06	0
4.02669e+06	0
4.02679e+06	0
4.02689e+06	0
4.02699e+06	0
4.02709e+06	0
4.02719e+06	0
4.02729e+06	0
4.02739e+06	0
4.02749e+06	0
4.02759e+06	0
4.02769e+06	0
4.02779e+06	0
4.02789e+06	0
4.02799e+06	0
4.02809e+06	0
4.02819e+06	0
4.02829e+06	0
4.02839e+06	0
4.02849e+06	0
4.02859e+06	0
4.02869e+06	0
4.02879e+06	0
4.02889e+06	0
4.02899e+06	0
4.02909e+06	0
4.02919e+06	0
4.02929e+06	0
4.02939e+06	0
4.02949e+06	0
4.02959e+06	0
4.02969e+06	0
4.02979e+06	0
4.02989e+06	0
4.02999e+06	0
4.03009e+06	0
4.03019e+06	0
4.03029e+06	0
4.03039e+06	0
4.03049e+06	0
4.03059e+06	0
4.03069e+06	0
4.03079e+06	0
4.03089e+06	0
4.03099e+06	0
4.03109e+06	0
4.03119e+06	0
4.03129e+06	0
4.03139e+06	0
4.03149e+06	0
4.03159e+06	0
4.03169e+06	0
4.03179e+06	0
4.03189e+06	0
4.03199e+06	0
4.03209e+06	0
4.03219e+06	0
4.03229e+06	0
4.03239e+06	0
4.03249e+06	0
4.03259e+06	0
4.03269e+06	0
4.03279e+06	0
4.03289e+06	0
4.03299e+06	0
4.03309e+06	0
4.03319e+06	0
4.03329e+06	0
4.03339e+06	0
4.03349e+06	0
4.03359e+06	0
4.03369e+06	0
4.03379e+06	0
4.03389e+06	0
4.03399e+06	0
4.03409e+06	0
4.03419e+06	0
4.03429e+06	0
4.03439e+06	0
4.03449e+06	0
4.03459e+06	0
4.03469e+06	0
4.03479e+06	0
4.03489e+06	0
4.03499e+06	0
4.03509e+06	0
4.03519e+06	0
4.03529e+06	0
4.03539e+06	0
4.03549e+06	0
4.03559e+06	0
4.03569e+06	0
4.03579e+06	0
4.03589e+06	0
4.03599e+06	0
4.03609e+06	0
4.03619e+06	0
4.03629e+06	0
4.03639e+06	0
4.03649e+06	0
4.03659e+06	0
4.03669e+06	0
4.03679e+06	0
4.03689e+06	0
4.03699e+06	0
4.03709e+06	0
4.03719e+06	0
4.03729e+06	0
4.03739e+06	0
4.03749e+06	0
4.03759e+06	0
4.03769e+06	0
4.03779e+06	0
4.03789e+06	0
4.03799e+06	0
4.03809e+06	0
4.03819e+06	0
4.03829e+06	0
4.03839e+06	0
4.03849e+06	0
4.03859e+06	0
4.03869e+06	0
4.03879e+06	0
4.03889e+06	0
4.03899e+06	0
4.03909e+06	0
4.03919e+06	0
4.03929e+06	0
4.03939e+06	0
4.03949e+06	0
4.03959e+06	0
4.03969e+06	0
4.03979e+06	0
4.03989e+06	0
4.03999e+06	0
4.04009e+06	0
4.04019e+06	0
4.04029e+06	0
4.04039e+06	0
4.04049e+06	0
4.04059e+06	0
4.04069e+06	0
4.04079e+06	0
4.04089e+06	0
4.04099e+06	0
4.04109e+06	0
4.04119e+06	0
4.04129e+06	0
4.04139e+06	0
4.04149e+06	0
4.04159e+06	0
4.04169e+06	0
4.04179e+06	0
4.04189e+06	0
4.04199e+06	0
4.04209e+06	0
4.04219e+06	0
4.04229e+06	0
4.04239e+06	0
4.04249e+06	0
4.04259e+06	0
4.04269e+06	0
4.04279e+06	0
4.04289e+06	0
4.04299e+06	0
4.04309e+06	0
4.04319e+06	0
4.04329e+06	0
4.04339e+06	0
4.04349e+06	0
4.04359e+06	0
4.04369e+06	0
4.04379e+06	0
4.04389e+06	0
4.04399e+06	0
4.04409e+06	0
4.04419e+06	0
4.04429e+06	0
4.04439e+06	0
4.04449e+06	0
4.04459e+06	0
4.04469e+06	0
4.04479e+06	0
4.04489e+06	0
4.04499e+06	0
4.04509e+06	0
4.04519e+06	0
4.04529e+06	0
4.04539e+06	0
4.04549e+06	0
4.04559e+06	0
4.04569e+06	0
4.04579e+06	0
4.04589e+06	0
4.04599e+06	0
4.04609e+06	0
4.04619e+06	0
4.04629e+06	0
4.04639e+06	0
4.04649e+06	0
4.04659e+06	0
4.04669e+06	0
4.04679e+06	0
4.04689e+06	0
4.04699e+06	0
4.04709e+06	0
4.04719e+06	0
4.04729e+06	0
4.04739e+06	0
4.04749e+06	0
4.04759e+06	0
4.04769e+06	0
4.04779e+06	0
4.04789e+06	0
4.04799e+06	0
4.04809e+06	0
4.04819e+06	0
4.04829e+06	0
4.04839e+06	0
4.04849e+06	0
4.04859e+06	0
4.04869e+06	0
4.04879e+06	0
4.04889e+06	0
4.04899e+06	0
4.04909e+06	0
4.04919e+06	0
4.04929e+06	0
4.04939e+06	0
4.04949e+06	0
4.04959e+06	0
4.04969e+06	0
4.04979e+06	0
4.04989e+06	0
4.04999e+06	0
4.05009e+06	0
4.05019e+06	0
4.05029e+06	0
4.05039e+06	0
4.05049e+06	0
4.05059e+06	0
4.05069e+06	0
4.05079e+06	0
4.05089e+06	0
4.05099e+06	0
4.05109e+06	0
4.05119e+06	0
4.05129e+06	0
4.05139e+06	0
4.05149e+06	0
4.05159e+06	0
4.05169e+06	0
4.05179e+06	0
4.05189e+06	0
4.05199e+06	0
4.05209e+06	0
4.05219e+06	0
4.05229e+06	0
4.05239e+06	0
4.05249e+06	0
4.05259e+06	0
4.05269e+06	0
4.05279e+06	0
4.05289e+06	0
4.05299e+06	0
4.05309e+06	0
4.05319e+06	0
4.05329e+06	0
4.05339e+06	0
4.05349e+06	0
4.05359e+06	0
4.05369e+06	0
4.05379e+06	0
4.05389e+06	0
4.05399e+06	0
4.05409e+06	0
4.05419e+06	0
4.05429e+06	0
4.05439e+06	0
4.05449e+06	0
4.05459e+06	0
4.05469e+06	0
4.05479e+06	0
4.05489e+06	0
4.05499e+06	0
4.05509e+06	0
4.05519e+06	0
4.05529e+06	0
4.05539e+06	0
4.05549e+06	0
4.05559e+06	0
4.05569e+06	0
4.05579e+06	0
4.05589e+06	0
4.05599e+06	0
4.05609e+06	0
4.05619e+06	0
4.05629e+06	0
4.05639e+06	0
4.05649e+06	0
4.05659e+06	0
4.05669e+06	0
4.05679e+06	0
4.05689e+06	0
4.05699e+06	0
4.05709e+06	0
4.05719e+06	0
4.05729e+06	0
4.05739e+06	0
4.05749e+06	0
4.05759e+06	0
4.05769e+06	0
4.05779e+06	0
4.05789e+06	0
4.05799e+06	0
4.05809e+06	0
4.05819e+06	0
4.05829e+06	0
4.05839e+06	0
4.05849e+06	0
4.05859e+06	0
4.05869e+06	0
4.05879e+06	0
4.05889e+06	0
4.05899e+06	0
4.05909e+06	0
4.05919e+06	0
4.05929e+06	0
4.05939e+06	0
4.05949e+06	0
4.05959e+06	0
4.05969e+06	0
4.05979e+06	0
4.05989e+06	0
4.05999e+06	0
4.06009e+06	0
4.06019e+06	0
4.06029e+06	0
4.06039e+06	0
4.06049e+06	0
4.06059e+06	0
4.06069e+06	0
4.06079e+06	0
4.06089e+06	0
4.06099e+06	0
4.06109e+06	0
4.06119e+06	0
4.06129e+06	0
4.06139e+06	0
4.06149e+06	0
4.06159e+06	0
4.06169e+06	0
4.06179e+06	0
4.06189e+06	0
4.06199e+06	0
4.06209e+06	0
4.06219e+06	0
4.06229e+06	0
4.06239e+06	0
4.06249e+06	0
4.06259e+06	0
4.06269e+06	0
4.06279e+06	0
4.06289e+06	0
4.06299e+06	0
4.06309e+06	0
4.06319e+06	0
4.06329e+06	0
4.06339e+06	0
4.06349e+06	0
4.06359e+06	0
4.06369e+06	0
4.06379e+06	0
4.06389e+06	0
4.06399e+06	0
4.06409e+06	0
4.06419e+06	0
4.06429e+06	0
4.06439e+06	0
4.06449e+06	0
4.06459e+06	0
4.06469e+06	0
4.06479e+06	0
4.06489e+06	0
4.06499e+06	0
4.06509e+06	0
4.06519e+06	0
4.06529e+06	0
4.06539e+06	0
4.06549e+06	0
4.06559e+06	0
4.06569e+06	0
4.06579e+06	0
4.06589e+06	0
4.06599e+06	0
4.06609e+06	0
4.06619e+06	0
4.06629e+06	0
4.06639e+06	0
4.06649e+06	0
4.06659e+06	0
4.06669e+06	0
4.06679e+06	0
4.06689e+06	0
4.06699e+06	0
4.06709e+06	0
4.06719e+06	0
4.06729e+06	0
4.06739e+06	0
4.06749e+06	0
4.06759e+06	0
4.06769e+06	0
4.06779e+06	0
4.06789e+06	0
4.06799e+06	0
4.06809e+06	0
4.06819e+06	0
4.06829e+06	0
4.06839e+06	0
4.06849e+06	0
4.06859e+06	0
4.06869e+06	0
4.06879e+06	0
4.06889e+06	0
4.06899e+06	0
4.06909e+06	0
4.06919e+06	0
4.06929e+06	0
4.06939e+06	0
4.06949e+06	0
4.06959e+06	0
4.06969e+06	0
4.06979e+06	0
4.06989e+06	0
4.06999e+06	0
4.07009e+06	0
4.07019e+06	0
4.07029e+06	0
4.07039e+06	0
4.07049e+06	0
4.07059e+06	0
4.07069e+06	0
4.07079e+06	0
4.07089e+06	0
4.07099e+06	0
4.07109e+06	0
4.07119e+06	0
4.07129e+06	0
4.07139e+06	0
4.07149e+06	0
4.07159e+06	0
4.07169e+06	0
4.07179e+06	0
4.07189e+06	0
4.07199e+06	0
4.07209e+06	0
4.07219e+06	0
4.07229e+06	0
4.07239e+06	0
4.07249e+06	0
4.07259e+06	0
4.07269e+06	0
4.07279e+06	0
4.07289e+06	0
4.07299e+06	0
4.07309e+06	0
4.07319e+06	0
4.07329e+06	0
4.07339e+06	0
4.07349e+06	0
4.07359e+06	0
4.07369e+06	0
4.07379e+06	0
4.07389e+06	0
4.07399e+06	0
4.07409e+06	0
4.07419e+06	0
4.07429e+06	0
4.07439e+06	0
4.07449e+06	0
4.07459e+06	0
4.07469e+06	0
4.07479e+06	0
4.07489e+06	0
4.07499e+06	0
4.07509e+06	0
4.07519e+06	0
4.07529e+06	0
4.07539e+06	0
4.07549e+06	0
4.07559e+06	0
4.07569e+06	0
4.07579e+06	0
4.07589e+06	0
4.07599e+06	0
4.07609e+06	0
4.07619e+06	0
4.07629e+06	0
4.07639e+06	0
4.07649e+06	0
4.07659e+06	0
4.07669e+06	0
4.07679e+06	0
4.07689e+06	0
4.07699e+06	0
4.07709e+06	0
4.07719e+06	0
4.07729e+06	0
4.07739e+06	0
4.07749e+06	0
4.07759e+06	0
4.07769e+06	0
4.07779e+06	0
4.07789e+06	0
4.07799e+06	0
4.07809e+06	0
4.07819e+06	0
4.07829e+06	0
4.07839e+06	0
4.07849e+06	0
4.07859e+06	0
4.07869e+06	0
4.07879e+06	0
4.07889e+06	0
4.07899e+06	0
4.07909e+06	0
4.07919e+06	0
4.07929e+06	0
4.07939e+06	0
4.07949e+06	0
4.07959e+06	0
4.07969e+06	0
4.07979e+06	0
4.07989e+06	0
4.07999e+06	0
4.08009e+06	0
4.08019e+06	0
4.08029e+06	0
4.08039e+06	0
4.08049e+06	0
4.08059e+06	0
4.08069e+06	0
4.08079e+06	0
4.08089e+06	0
4.08099e+06	0
4.08109e+06	0
4.08119e+06	0
4.08129e+06	0
4.08139e+06	0
4.08149e+06	0
4.08159e+06	0
4.08169e+06	0
4.08179e+06	0
4.08189e+06	0
4.08199e+06	0
4.08209e+06	0
4.08219e+06	0
4.08229e+06	0
4.08239e+06	0
4.08249e+06	0
4.08259e+06	0
4.08269e+06	0
4.08279e+06	0
4.08289e+06	0
4.08299e+06	0
4.08309e+06	0
4.08319e+06	0
4.08329e+06	0
4.08339e+06	0
4.08349e+06	0
4.08359e+06	0
4.08369e+06	0
4.08379e+06	0
4.08389e+06	0
4.08399e+06	0
4.08409e+06	0
4.08419e+06	0
4.08429e+06	0
4.08439e+06	0
4.08449e+06	0
4.08459e+06	0
4.08469e+06	0
4.08479e+06	0
4.08489e+06	0
4.08499e+06	0
4.08509e+06	0
4.08519e+06	0
4.08529e+06	0
4.08539e+06	0
4.08549e+06	0
4.08559e+06	0
4.08569e+06	0
4.08579e+06	0
4.08589e+06	0
4.08599e+06	0
4.08609e+06	0
4.08619e+06	0
4.08629e+06	0
4.08639e+06	0
4.08649e+06	0
4.08659e+06	0
4.08669e+06	0
4.08679e+06	0
4.08689e+06	0
4.08699e+06	0
4.08709e+06	0
4.08719e+06	0
4.08729e+06	0
4.08739e+06	0
4.08749e+06	0
4.08759e+06	0
4.08769e+06	0
4.08779e+06	0
4.08789e+06	0
4.08799e+06	0
4.08809e+06	0
4.08819e+06	0
4.08829e+06	0
4.08839e+06	0
4.08849e+06	0
4.08859e+06	0
4.08869e+06	0
4.08879e+06	0
4.08889e+06	0
4.08899e+06	0
4.08909e+06	0
4.08919e+06	0
4.08929e+06	0
4.08939e+06	0
4.08949e+06	0
4.08959e+06	0
4.08969e+06	0
4.08979e+06	0
4.08989e+06	0
4.08999e+06	0
4.09009e+06	0
4.09019e+06	0
4.09029e+06	0
4.09039e+06	0
4.09049e+06	0
4.09059e+06	0
4.09069e+06	0
4.09079e+06	0
4.09089e+06	0
4.09099e+06	0
4.09109e+06	0
4.09119e+06	0
4.09129e+06	0
4.09139e+06	0
4.09149e+06	0
4.09159e+06	0
4.09169e+06	0
4.09179e+06	0
4.09189e+06	0
4.09199e+06	0
4.09209e+06	0
4.09219e+06	0
4.09229e+06	0
4.09239e+06	0
4.09249e+06	0
4.09259e+06	0
4.09269e+06	0
4.09279e+06	0
4.09289e+06	0
4.09299e+06	0
4.09309e+06	0
4.09319e+06	0
4.09329e+06	0
4.09339e+06	0
4.09349e+06	0
4.09359e+06	0
4.09369e+06	0
4.09379e+06	0
4.09389e+06	0
4.09399e+06	0
4.09409e+06	0
4.09419e+06	0
4.09429e+06	0
4.09439e+06	0
4.09449e+06	0
4.09459e+06	0
4.09469e+06	0
4.09479e+06	0
4.09489e+06	0
4.09499e+06	0
4.09509e+06	0
4.09519e+06	0
4.09529e+06	0
4.09539e+06	0
4.09549e+06	0
4.09559e+06	0
4.09569e+06	0
4.09579e+06	0
4.09589e+06	0
4.09599e+06	0
4.09609e+06	0
4.09619e+06	0
4.09629e+06	0
4.09639e+06	0
4.09649e+06	0
4.09659e+06	0
4.09669e+06	0
4.09679e+06	0
4.09689e+06	0
4.09699e+06	0
4.09709e+06	0
4.09719e+06	0
4.09729e+06	0
4.09739e+06	0
4.09749e+06	0
4.09759e+06	0
4.09769e+06	0
4.09779e+06	0
4.09789e+06	0
4.09799e+06	0
4.09809e+06	0
4.09819e+06	0
4.09829e+06	0
4.09839e+06	0
4.09849e+06	0
4.09859e+06	0
4.09869e+06	0
4.09879e+06	0
4.09889e+06	0
4.09899e+06	0
4.09909e+06	0
4.09919e+06	0
4.09929e+06	0
4.09939e+06	0
4.09949e+06	0
4.09959e+06	0
4.09969e+06	0
4.09979e+06	0
4.09989e+06	0
4.09999e+06	0
4.10009e+06	0
4.10019e+06	0
4.10029e+06	0
4.10039e+06	0
4.10049e+06	0
4.10059e+06	0
4.10069e+06	0
4.10079e+06	0
4.10089e+06	0
4.10099e+06	0
4.10109e+06	0
4.10119e+06	0
4.10129e+06	0
4.10139e+06	0
4.10149e+06	0
4.10159e+06	0
4.10169e+06	0
4.10179e+06	0
4.10189e+06	0
4.10199e+06	0
4.10209e+06	0
4.10219e+06	0
4.10229e+06	0
4.10239e+06	0
4.10249e+06	0
4.10259e+06	0
4.10269e+06	0
4.10279e+06	0
4.10289e+06	0
4.10299e+06	0
4.10309e+06	0
4.10319e+06	0
4.10329e+06	0
4.10339e+06	0
4.10349e+06	0
4.10359e+06	0
4.10369e+06	0
4.10379e+06	0
4.10389e+06	0
4.10399e+06	0
4.10409e+06	0
4.10419e+06	0
4.10429e+06	0
4.10439e+06	0
4.10449e+06	0
4.10459e+06	0
4.10469e+06	0
4.10479e+06	0
4.10489e+06	0
4.10499e+06	0
4.10509e+06	0
4.10519e+06	0
4.10529e+06	0
4.10539e+06	0
4.10549e+06	0
4.10559e+06	0
4.10569e+06	0
4.10579e+06	0
4.10589e+06	0
4.10599e+06	0
4.10609e+06	0
4.10619e+06	0
4.10629e+06	0
4.10639e+06	0
4.10649e+06	0
4.10659e+06	0
4.10669e+06	0
4.10679e+06	0
4.10689e+06	0
4.10699e+06	0
4.10709e+06	0
4.10719e+06	0
4.10729e+06	0
4.10739e+06	0
4.10749e+06	0
4.10759e+06	0
4.10769e+06	0
4.10779e+06	0
4.10789e+06	0
4.10799e+06	0
4.10809e+06	0
4.10819e+06	0
4.10829e+06	0
4.10839e+06	0
4.10849e+06	0
4.10859e+06	0
4.10869e+06	0
4.10879e+06	0
4.10889e+06	0
4.10899e+06	0
4.10909e+06	0
4.10919e+06	0
4.10929e+06	0
4.10939e+06	0
4.10949e+06	0
4.10959e+06	0
4.10969e+06	0
4.10979e+06	0
4.10989e+06	0
4.10999e+06	0
4.11009e+06	0
4.11019e+06	0
4.11029e+06	0
4.11039e+06	0
4.11049e+06	0
4.11059e+06	0
4.11069e+06	0
4.11079e+06	0
4.11089e+06	0
4.11099e+06	0
4.11109e+06	0
4.11119e+06	0
4.11129e+06	0
4.11139e+06	0
4.11149e+06	0
4.11159e+06	0
4.11169e+06	0
4.11179e+06	0
4.11189e+06	0
4.11199e+06	0
4.11209e+06	0
4.11219e+06	0
4.11229e+06	0
4.11239e+06	0
4.11249e+06	0
4.11259e+06	0
4.11269e+06	0
4.11279e+06	0
4.11289e+06	0
4.11299e+06	0
4.11309e+06	0
4.11319e+06	0
4.11329e+06	0
4.11339e+06	0
4.11349e+06	0
4.11359e+06	0
4.11369e+06	0
4.11379e+06	0
4.11389e+06	0
4.11399e+06	0
4.11409e+06	0
4.11419e+06	0
4.11429e+06	0
4.11439e+06	0
4.11449e+06	0
4.11459e+06	0
4.11469e+06	0
4.11479e+06	0
4.11489e+06	0
4.11499e+06	0
4.11509e+06	0
4.11519e+06	0
4.11529e+06	0
4.11539e+06	0
4.11549e+06	0
4.11559e+06	0
4.11569e+06	0
4.11579e+06	0
4.11589e+06	0
4.11599e+06	0
4.11609e+06	0
4.11619e+06	0
4.11629e+06	0
4.11639e+06	0
4.11649e+06	0
4.11659e+06	0
4.11669e+06	0
4.11679e+06	0
4.11689e+06	0
4.11699e+06	0
4.11709e+06	0
4.11719e+06	0
4.11729e+06	0
4.11739e+06	0
4.11749e+06	0
4.11759e+06	0
4.11769e+06	0
4.11779e+06	0
4.11789e+06	0
4.11799e+06	0
4.11809e+06	0
4.11819e+06	0
4.11829e+06	0
4.11839e+06	0
4.11849e+06	0
4.11859e+06	0
4.11869e+06	0
4.11879e+06	0
4.11889e+06	0
4.11899e+06	0
4.11909e+06	0
4.11919e+06	0
4.11929e+06	0
4.11939e+06	0
4.11949e+06	0
4.11959e+06	0
4.11969e+06	0
4.11979e+06	0
4.11989e+06	0
4.11999e+06	0
4.12009e+06	0
4.12019e+06	0
4.12029e+06	0
4.12039e+06	0
4.12049e+06	0
4.12059e+06	0
4.12069e+06	0
4.12079e+06	0
4.12089e+06	0
4.12099e+06	0
4.12109e+06	0
4.12119e+06	0
4.12129e+06	0
4.12139e+06	0
4.12149e+06	0
4.12159e+06	0
4.12169e+06	0
4.12179e+06	0
4.12189e+06	0
4.12199e+06	0
4.12209e+06	0
4.12219e+06	0
4.12229e+06	0
4.12239e+06	0
4.12249e+06	0
4.12259e+06	0
4.12269e+06	0
4.12279e+06	0
4.12289e+06	0
4.12299e+06	0
4.12309e+06	0
4.12319e+06	0
4.12329e+06	0
4.12339e+06	0
4.12349e+06	0
4.12359e+06	0
4.12369e+06	0
4.12379e+06	0
4.12389e+06	0
4.12399e+06	0
4.12409e+06	0
4.12419e+06	0
4.12429e+06	0
4.12439e+06	0
4.12449e+06	0
4.12459e+06	0
4.12469e+06	0
4.12479e+06	0
4.12489e+06	0
4.12499e+06	0
4.12509e+06	0
4.12519e+06	0
4.12529e+06	0
4.12539e+06	0
4.12549e+06	0
4.12559e+06	0
4.12569e+06	0
4.12579e+06	0
4.12589e+06	0
4.12599e+06	0
4.12609e+06	0
4.12619e+06	0
4.12629e+06	0
4.12639e+06	0
4.12649e+06	0
4.12659e+06	0
4.12669e+06	0
4.12679e+06	0
4.12689e+06	0
4.12699e+06	0
4.12709e+06	0
4.12719e+06	0
4.12729e+06	0
4.12739e+06	0
4.12749e+06	0
4.12759e+06	0
4.12769e+06	0
4.12779e+06	0
4.12789e+06	0
4.12799e+06	0
4.12809e+06	0
4.12819e+06	0
4.12829e+06	0
4.12839e+06	0
4.12849e+06	0
4.12859e+06	0
4.12869e+06	0
4.12879e+06	0
4.12889e+06	0
4.12899e+06	0
4.12909e+06	0
4.12919e+06	0
4.12929e+06	0
4.12939e+06	0
4.12949e+06	0
4.12959e+06	0
4.12969e+06	0
4.12979e+06	0
4.12989e+06	0
4.12999e+06	0
4.13009e+06	0
4.13019e+06	0
4.13029e+06	0
4.13039e+06	0
4.13049e+06	0
4.13059e+06	0
4.13069e+06	0
4.13079e+06	0
4.13089e+06	0
4.13099e+06	0
4.13109e+06	0
4.13119e+06	0
4.13129e+06	0
4.13139e+06	0
4.13149e+06	0
4.13159e+06	0
4.13169e+06	0
4.13179e+06	0
4.13189e+06	0
4.13199e+06	0
4.13209e+06	0
4.13219e+06	0
4.13229e+06	0
4.13239e+06	0
4.13249e+06	0
4.13259e+06	0
4.13269e+06	0
4.13279e+06	0
4.13289e+06	0
4.13299e+06	0
4.13309e+06	0
4.13319e+06	0
4.13329e+06	0
4.13339e+06	0
4.13349e+06	0
4.13359e+06	0
4.13369e+06	0
4.13379e+06	0
4.13389e+06	0
4.13399e+06	0
4.13409e+06	0
4.13419e+06	0
4.13429e+06	0
4.13439e+06	0
4.13449e+06	0
4.13459e+06	0
4.13469e+06	0
4.13479e+06	0
4.13489e+06	0
4.13499e+06	0
4.13509e+06	0
4.13519e+06	0
4.13529e+06	0
4.13539e+06	0
4.13549e+06	0
4.13559e+06	0
4.13569e+06	0
4.13579e+06	0
4.13589e+06	0
4.13599e+06	0
4.13609e+06	0
4.13619e+06	0
4.13629e+06	0
4.13639e+06	0
4.13649e+06	0
4.13659e+06	0
4.13669e+06	0
4.13679e+06	0
4.13689e+06	0
4.13699e+06	0
4.13709e+06	0
4.13719e+06	0
4.13729e+06	0
4.13739e+06	0
4.13749e+06	0
4.13759e+06	0
4.13769e+06	0
4.13779e+06	0
4.13789e+06	0
4.13799e+06	0
4.13809e+06	0
4.13819e+06	0
4.13829e+06	0
4.13839e+06	0
4.13849e+06	0
4.13859e+06	0
4.13869e+06	0
4.13879e+06	0
4.13889e+06	0
4.13899e+06	0
4.13909e+06	0
4.13919e+06	0
4.13929e+06	0
4.13939e+06	0
4.13949e+06	0
4.13959e+06	0
4.13969e+06	0
4.13979e+06	0
4.13989e+06	0
4.13999e+06	0
4.14009e+06	0
4.14019e+06	0
4.14029e+06	0
4.14039e+06	0
4.14049e+06	0
4.14059e+06	0
4.14069e+06	0
4.14079e+06	0
4.14089e+06	0
4.14099e+06	0
4.14109e+06	0
4.14119e+06	0
4.14129e+06	0
4.14139e+06	0
4.14149e+06	0
4.14159e+06	0
4.14169e+06	0
4.14179e+06	0
4.14189e+06	0
4.14199e+06	0
4.14209e+06	0
4.14219e+06	0
4.14229e+06	0
4.14239e+06	0
4.14249e+06	0
4.14259e+06	0
4.14269e+06	0
4.14279e+06	0
4.14289e+06	0
4.14299e+06	0
4.14309e+06	0
4.14319e+06	0
4.14329e+06	0
4.14339e+06	0
4.14349e+06	0
4.14359e+06	0
4.14369e+06	0
4.14379e+06	0
4.14389e+06	0
4.14399e+06	0
4.14409e+06	0
4.14419e+06	0
4.14429e+06	0
4.14439e+06	0
4.14449e+06	0
4.14459e+06	0
4.14469e+06	0
4.14479e+06	0
4.14489e+06	0
4.14499e+06	0
4.14509e+06	0
4.14519e+06	0
4.14529e+06	0
4.14539e+06	0
4.14549e+06	0
4.14559e+06	0
4.14569e+06	0
4.14579e+06	0
4.14589e+06	0
4.14599e+06	0
4.14609e+06	0
4.14619e+06	0
4.14629e+06	0
4.14639e+06	0
4.14649e+06	0
4.14659e+06	0
4.14669e+06	0
4.14679e+06	0
4.14689e+06	0
4.14699e+06	0
4.14709e+06	0
4.14719e+06	0
4.14729e+06	0
4.14739e+06	0
4.14749e+06	0
4.14759e+06	0
4.14769e+06	0
4.14779e+06	0
4.14789e+06	0
4.14799e+06	0
4.14809e+06	0
4.14819e+06	0
4.14829e+06	0
4.14839e+06	0
4.14849e+06	0
4.14859e+06	0
4.14869e+06	0
4.14879e+06	0
4.14889e+06	0
4.14899e+06	0
4.14909e+06	0
4.14919e+06	0
4.14929e+06	0
4.14939e+06	0
4.14949e+06	0
4.14959e+06	0
4.14969e+06	0
4.14979e+06	0
4.14989e+06	0
4.14999e+06	0
4.15009e+06	0
4.15019e+06	0
4.15029e+06	0
4.15039e+06	0
4.15049e+06	0
4.15059e+06	0
4.15069e+06	0
4.15079e+06	0
4.15089e+06	0
4.15099e+06	0
4.15109e+06	0
4.15119e+06	0
4.15129e+06	0
4.15139e+06	0
4.15149e+06	0
4.15159e+06	0
4.15169e+06	0
4.15179e+06	0
4.15189e+06	0
4.15199e+06	0
4.15209e+06	0
4.15219e+06	0
4.15229e+06	0
4.15239e+06	0
4.15249e+06	0
4.15259e+06	0
4.15269e+06	0
4.15279e+06	0
4.15289e+06	0
4.15299e+06	0
4.15309e+06	0
4.15319e+06	0
4.15329e+06	0
4.15339e+06	0
4.15349e+06	0
4.15359e+06	0
4.15369e+06	0
4.15379e+06	0
4.15389e+06	0
4.15399e+06	0
4.15409e+06	0
4.15419e+06	0
4.15429e+06	0
4.15439e+06	0
4.15449e+06	0
4.15459e+06	0
4.15469e+06	0
4.15479e+06	0
4.15489e+06	0
4.15499e+06	0
4.15509e+06	0
4.15519e+06	0
4.15529e+06	0
4.15539e+06	0
4.15549e+06	0
4.15559e+06	0
4.15569e+06	0
4.15579e+06	0
4.15589e+06	0
4.15599e+06	0
4.15609e+06	0
4.15619e+06	0
4.15629e+06	0
4.15639e+06	0
4.15649e+06	0
4.15659e+06	0
4.15669e+06	0
4.15679e+06	0
4.15689e+06	0
4.15699e+06	0
4.15709e+06	0
4.15719e+06	0
4.15729e+06	0
4.15739e+06	0
4.15749e+06	0
4.15759e+06	0
4.15769e+06	0
4.15779e+06	0
4.15789e+06	0
4.15799e+06	0
4.15809e+06	0
4.15819e+06	0
4.15829e+06	0
4.15839e+06	0
4.15849e+06	0
4.15859e+06	0
4.15869e+06	0
4.15879e+06	0
4.15889e+06	0
4.15899e+06	0
4.15909e+06	0
4.15919e+06	0
4.15929e+06	0
4.15939e+06	0
4.15949e+06	0
4.15959e+06	0
4.15969e+06	0
4.15979e+06	0
4.15989e+06	0
4.15999e+06	0
4.16009e+06	0
4.16019e+06	0
4.16029e+06	0
4.16039e+06	0
4.16049e+06	0
4.16059e+06	0
4.16069e+06	0
4.16079e+06	0
4.16089e+06	0
4.16099e+06	0
4.16109e+06	0
4.16119e+06	0
4.16129e+06	0
4.16139e+06	0
4.16149e+06	0
4.16159e+06	0
4.16169e+06	0
4.16179e+06	0
4.16189e+06	0
4.16199e+06	0
4.16209e+06	0
4.16219e+06	0
4.16229e+06	0
4.16239e+06	0
4.16249e+06	0
4.16259e+06	0
4.16269e+06	0
4.16279e+06	0
4.16289e+06	0
4.16299e+06	0
4.16309e+06	0
4.16319e+06	0
4.16329e+06	0
4.16339e+06	0
4.16349e+06	0
4.16359e+06	0
4.16369e+06	0
4.16379e+06	0
4.16389e+06	0
4.16399e+06	0
4.16409e+06	0
4.16419e+06	0
4.16429e+06	0
4.16439e+06	0
4.16449e+06	0
4.16459e+06	0
4.16469e+06	0
4.16479e+06	0
4.16489e+06	0
4.16499e+06	0
4.16509e+06	0
4.16519e+06	0
4.16529e+06	0
4.16539e+06	0
4.16549e+06	0
4.16559e+06	0
4.16569e+06	0
4.16579e+06	0
4.16589e+06	0
4.16599e+06	0
4.16609e+06	0
4.16619e+06	0
4.16629e+06	0
4.16639e+06	0
4.16649e+06	0
4.16659e+06	0
4.16669e+06	0
4.16679e+06	0
4.16689e+06	0
4.16699e+06	0
4.16709e+06	0
4.16719e+06	0
4.16729e+06	0
4.16739e+06	0
4.16749e+06	0
4.16759e+06	0
4.16769e+06	0
4.16779e+06	0
4.16789e+06	0
4.16799e+06	0
4.16809e+06	0
4.16819e+06	0
4.16829e+06	0
4.16839e+06	0
4.16849e+06	0
4.16859e+06	0
4.16869e+06	0
4.16879e+06	0
4.16889e+06	0
4.16899e+06	0
4.16909e+06	0
4.16919e+06	0
4.16929e+06	0
4.16939e+06	0
4.16949e+06	0
4.16959e+06	0
4.16969e+06	0
4.16979e+06	0
4.16989e+06	0
4.16999e+06	0
4.17009e+06	0
4.17019e+06	0
4.17029e+06	0
4.17039e+06	0
4.17049e+06	0
4.17059e+06	0
4.17069e+06	0
4.17079e+06	0
4.17089e+06	0
4.17099e+06	0
4.17109e+06	0
4.17119e+06	0
4.17129e+06	0
4.17139e+06	0
4.17149e+06	0
4.17159e+06	0
4.17169e+06	0
4.17179e+06	0
4.17189e+06	0
4.17199e+06	0
4.17209e+06	0
4.17219e+06	0
4.17229e+06	0
4.17239e+06	0
4.17249e+06	0
4.17259e+06	0
4.17269e+06	0
4.17279e+06	0
4.17289e+06	0
4.17299e+06	0
4.17309e+06	0
4.17319e+06	0
4.17329e+06	0
4.17339e+06	0
4.17349e+06	0
4.17359e+06	0
4.17369e+06	0
4.17379e+06	0
4.17389e+06	0
4.17399e+06	0
4.17409e+06	0
4.17419e+06	0
4.17429e+06	0
4.17439e+06	0
4.17449e+06	0
4.17459e+06	0
4.17469e+06	0
4.17479e+06	0
4.17489e+06	0
4.17499e+06	0
4.17509e+06	0
4.17519e+06	0
4.17529e+06	0
4.17539e+06	0
4.17549e+06	0
4.17559e+06	0
4.17569e+06	0
4.17579e+06	0
4.17589e+06	0
4.17599e+06	0
4.17609e+06	0
4.17619e+06	0
4.17629e+06	0
4.17639e+06	0
4.17649e+06	0
4.17659e+06	0
4.17669e+06	0
4.17679e+06	0
4.17689e+06	0
4.17699e+06	0
4.17709e+06	0
4.17719e+06	0
4.17729e+06	0
4.17739e+06	0
4.17749e+06	0
4.17759e+06	0
4.17769e+06	0
4.17779e+06	0
4.17789e+06	0
4.17799e+06	0
4.17809e+06	0
4.17819e+06	0
4.17829e+06	0
4.17839e+06	0
4.17849e+06	0
4.17859e+06	0
4.17869e+06	0
4.17879e+06	0
4.17889e+06	0
4.17899e+06	0
4.17909e+06	0
4.17919e+06	0
4.17929e+06	0
4.17939e+06	0
4.17949e+06	0
4.17959e+06	0
4.17969e+06	0
4.17979e+06	0
4.17989e+06	0
4.17999e+06	0
4.18009e+06	0
4.18019e+06	0
4.18029e+06	0
4.18039e+06	0
4.18049e+06	0
4.18059e+06	0
4.18069e+06	0
4.18079e+06	0
4.18089e+06	0
4.18099e+06	0
4.18109e+06	0
4.18119e+06	0
4.18129e+06	0
4.18139e+06	0
4.18149e+06	0
4.18159e+06	0
4.18169e+06	0
4.18179e+06	0
4.18189e+06	0
4.18199e+06	0
4.18209e+06	0
4.18219e+06	0
4.18229e+06	0
4.18239e+06	0
4.18249e+06	0
4.18259e+06	0
4.18269e+06	0
4.18279e+06	0
4.18289e+06	0
4.18299e+06	0
4.18309e+06	0
4.18319e+06	0
4.18329e+06	0
4.18339e+06	0
4.18349e+06	0
4.18359e+06	0
4.18369e+06	0
4.18379e+06	0
4.18389e+06	0
4.18399e+06	0
4.18409e+06	0
4.18419e+06	0
4.18429e+06	0
4.18439e+06	0
4.18449e+06	0
4.18459e+06	0
4.18469e+06	0
4.18479e+06	0
4.18489e+06	0
4.18499e+06	0
4.18509e+06	0
4.18519e+06	0
4.18529e+06	0
4.18539e+06	0
4.18549e+06	0
4.18559e+06	0
4.18569e+06	0
4.18579e+06	0
4.18589e+06	0
4.18599e+06	0
4.18609e+06	0
4.18619e+06	0
4.18629e+06	0
4.18639e+06	0
4.18649e+06	0
4.18659e+06	0
4.18669e+06	0
4.18679e+06	0
4.18689e+06	0
4.18699e+06	0
4.18709e+06	0
4.18719e+06	0
4.18729e+06	0
4.18739e+06	0
4.18749e+06	0
4.18759e+06	0
4.18769e+06	0
4.18779e+06	0
4.18789e+06	0
4.18799e+06	0
4.18809e+06	0
4.18819e+06	0
4.18829e+06	0
4.18839e+06	0
4.18849e+06	0
4.18859e+06	0
4.18869e+06	0
4.18879e+06	0
4.18889e+06	0
4.18899e+06	0
4.18909e+06	0
4.18919e+06	0
4.18929e+06	0
4.18939e+06	0
4.18949e+06	0
4.18959e+06	0
4.18969e+06	0
4.18979e+06	0
4.18989e+06	0
4.18999e+06	0
4.19009e+06	0
4.19019e+06	0
4.19029e+06	0
4.19039e+06	0
4.19049e+06	0
4.19059e+06	0
4.19069e+06	0
4.19079e+06	0
4.19089e+06	0
4.19099e+06	0
4.19109e+06	0
4.19119e+06	0
4.19129e+06	0
4.19139e+06	0
4.19149e+06	0
4.19159e+06	0
4.19169e+06	0
4.19179e+06	0
4.19189e+06	0
4.19199e+06	0
4.19209e+06	0
4.19219e+06	0
4.19229e+06	0
4.19239e+06	0
4.19249e+06	0
4.19259e+06	0
4.19269e+06	0
4.19279e+06	0
4.19289e+06	0
4.19299e+06	0
4.19309e+06	0
4.19319e+06	0
4.19329e+06	0
4.19339e+06	0
4.19349e+06	0
4.19359e+06	0
4.19369e+06	0
4.19379e+06	0
4.19389e+06	0
4.19399e+06	0
4.19409e+06	0
4.19419e+06	0
4.19429e+06	0
4.19439e+06	0
4.19449e+06	0
4.19459e+06	0
4.19469e+06	0
4.19479e+06	0
4.19489e+06	0
4.19499e+06	0
4.19509e+06	0
4.19519e+06	0
4.19529e+06	0
4.19539e+06	0
4.19549e+06	0
4.19559e+06	0
4.19569e+06	0
4.19579e+06	0
4.19589e+06	0
4.19599e+06	0
4.19609e+06	0
4.19619e+06	0
4.19629e+06	0
4.19639e+06	0
4.19649e+06	0
4.19659e+06	0
4.19669e+06	0
4.19679e+06	0
4.19689e+06	0
4.19699e+06	0
4.19709e+06	0
4.19719e+06	0
4.19729e+06	0
4.19739e+06	0
4.19749e+06	0
4.19759e+06	0
4.19769e+06	0
4.19779e+06	0
4.19789e+06	0
4.19799e+06	0
4.19809e+06	0
4.19819e+06	0
4.19829e+06	0
4.19839e+06	0
4.19849e+06	0
4.19859e+06	0
4.19869e+06	0
4.19879e+06	0
4.19889e+06	0
4.19899e+06	0
4.19909e+06	0
4.19919e+06	0
4.19929e+06	0
4.19939e+06	0
4.19949e+06	0
4.19959e+06	0
4.19969e+06	0
4.19979e+06	0
4.19989e+06	0
4.19999e+06	0
4.20009e+06	0
4.20019e+06	0
4.20029e+06	0
4.20039e+06	0
4.20049e+06	0
4.20059e+06	0
4.20069e+06	0
4.20079e+06	0
4.20089e+06	0
4.20099e+06	0
4.20109e+06	0
4.20119e+06	0
4.20129e+06	0
4.20139e+06	0
4.20149e+06	0
4.20159e+06	0
4.20169e+06	0
4.20179e+06	0
4.20189e+06	0
4.20199e+06	0
4.20209e+06	0
4.20219e+06	0
4.20229e+06	0
4.20239e+06	0
4.20249e+06	0
4.20259e+06	0
4.20269e+06	0
4.20279e+06	0
4.20289e+06	0
4.20299e+06	0
4.20309e+06	0
4.20319e+06	0
4.20329e+06	0
4.20339e+06	0
4.20349e+06	0
4.20359e+06	0
4.20369e+06	0
4.20379e+06	0
4.20389e+06	0
4.20399e+06	0
4.20409e+06	0
4.20419e+06	0
4.20429e+06	0
4.20439e+06	0
4.20449e+06	0
4.20459e+06	0
4.20469e+06	0
4.20479e+06	0
4.20489e+06	0
4.20499e+06	0
4.20509e+06	0
4.20519e+06	0
4.20529e+06	0
4.20539e+06	0
4.20549e+06	0
4.20559e+06	0
4.20569e+06	0
4.20579e+06	0
4.20589e+06	0
4.20599e+06	0
4.20609e+06	0
4.20619e+06	0
4.20629e+06	0
4.20639e+06	0
4.20649e+06	0
4.20659e+06	0
4.20669e+06	0
4.20679e+06	0
4.20689e+06	0
4.20699e+06	0
4.20709e+06	0
4.20719e+06	0
4.20729e+06	0
4.20739e+06	0
4.20749e+06	0
4.20759e+06	0
4.20769e+06	0
4.20779e+06	0
4.20789e+06	0
4.20799e+06	0
4.20809e+06	0
4.20819e+06	0
4.20829e+06	0
4.20839e+06	0
4.20849e+06	0
4.20859e+06	0
4.20869e+06	0
4.20879e+06	0
4.20889e+06	0
4.20899e+06	0
4.20909e+06	0
4.20919e+06	0
4.20929e+06	0
4.20939e+06	0
4.20949e+06	0
4.20959e+06	0
4.20969e+06	0
4.20979e+06	0
4.20989e+06	0
4.20999e+06	0
4.21009e+06	0
4.21019e+06	0
4.21029e+06	0
4.21039e+06	0
4.21049e+06	0
4.21059e+06	0
4.21069e+06	0
4.21079e+06	0
4.21089e+06	0
4.21099e+06	0
4.21109e+06	0
4.21119e+06	0
4.21129e+06	0
4.21139e+06	0
4.21149e+06	0
4.21159e+06	0
4.21169e+06	0
4.21179e+06	0
4.21189e+06	0
4.21199e+06	0
4.21209e+06	0
4.21219e+06	0
4.21229e+06	0
4.21239e+06	0
4.21249e+06	0
4.21259e+06	0
4.21269e+06	0
4.21279e+06	0
4.21289e+06	0
4.21299e+06	0
4.21309e+06	0
4.21319e+06	0
4.21329e+06	0
4.21339e+06	0
4.21349e+06	0
4.21359e+06	0
4.21369e+06	0
4.21379e+06	0
4.21389e+06	0
4.21399e+06	0
4.21409e+06	0
4.21419e+06	0
4.21429e+06	0
4.21439e+06	0
4.21449e+06	0
4.21459e+06	0
4.21469e+06	0
4.21479e+06	0
4.21489e+06	0
4.21499e+06	0
4.21509e+06	0
4.21519e+06	0
4.21529e+06	0
4.21539e+06	0
4.21549e+06	0
4.21559e+06	0
4.21569e+06	0
4.21579e+06	0
4.21589e+06	0
4.21599e+06	0
4.21609e+06	0
4.21619e+06	0
4.21629e+06	0
4.21639e+06	0
4.21649e+06	0
4.21659e+06	0
4.21669e+06	0
4.21679e+06	0
4.21689e+06	0
4.21699e+06	0
4.21709e+06	0
4.21719e+06	0
4.21729e+06	0
4.21739e+06	0
4.21749e+06	0
4.21759e+06	0
4.21769e+06	0
4.21779e+06	0
4.21789e+06	0
4.21799e+06	0
4.21809e+06	0
4.21819e+06	0
4.21829e+06	0
4.21839e+06	0
4.21849e+06	0
4.21859e+06	0
4.21869e+06	0
4.21879e+06	0
4.21889e+06	0
4.21899e+06	0
4.21909e+06	0
4.21919e+06	0
4.21929e+06	0
4.21939e+06	0
4.21949e+06	0
4.21959e+06	0
4.21969e+06	0
4.21979e+06	0
4.21989e+06	0
4.21999e+06	0
4.22009e+06	0
4.22019e+06	0
4.22029e+06	0
4.22039e+06	0
4.22049e+06	0
4.22059e+06	0
4.22069e+06	0
4.22079e+06	0
4.22089e+06	0
4.22099e+06	0
4.22109e+06	0
4.22119e+06	0
4.22129e+06	0
4.22139e+06	0
4.22149e+06	0
4.22159e+06	0
4.22169e+06	0
4.22179e+06	0
4.22189e+06	0
4.22199e+06	0
4.22209e+06	0
4.22219e+06	0
4.22229e+06	0
4.22239e+06	0
4.22249e+06	0
4.22259e+06	0
4.22269e+06	0
4.22279e+06	0
4.22289e+06	0
4.22299e+06	0
4.22309e+06	0
4.22319e+06	0
4.22329e+06	0
4.22339e+06	0
4.22349e+06	0
4.22359e+06	0
4.22369e+06	0
4.22379e+06	0
4.22389e+06	0
4.22399e+06	0
4.22409e+06	0
4.22419e+06	0
4.22429e+06	0
4.22439e+06	0
4.22449e+06	0
4.22459e+06	0
4.22469e+06	0
4.22479e+06	0
4.22489e+06	0
4.22499e+06	0
4.22509e+06	0
4.22519e+06	0
4.22529e+06	0
4.22539e+06	0
4.22549e+06	0
4.22559e+06	0
4.22569e+06	0
4.22579e+06	0
4.22589e+06	0
4.22599e+06	0
4.22609e+06	0
4.22619e+06	0
4.22629e+06	0
4.22639e+06	0
4.22649e+06	0
4.22659e+06	0
4.22669e+06	0
4.22679e+06	0
4.22689e+06	0
4.22699e+06	0
4.22709e+06	0
4.22719e+06	0
4.22729e+06	0
4.22739e+06	0
4.22749e+06	0
4.22759e+06	0
4.22769e+06	0
4.22779e+06	0
4.22789e+06	0
4.22799e+06	0
4.22809e+06	0
4.22819e+06	0
4.22829e+06	0
4.22839e+06	0
4.22849e+06	0
4.22859e+06	0
4.22869e+06	0
4.22879e+06	0
4.22889e+06	0
4.22899e+06	0
4.22909e+06	0
4.22919e+06	0
4.22929e+06	0
4.22939e+06	0
4.22949e+06	0
4.22959e+06	0
4.22969e+06	0
4.22979e+06	0
4.22989e+06	0
4.22999e+06	0
4.23009e+06	0
4.23019e+06	0
4.23029e+06	0
4.23039e+06	0
4.23049e+06	0
4.23059e+06	0
4.23069e+06	0
4.23079e+06	0
4.23089e+06	0
4.23099e+06	0
4.23109e+06	0
4.23119e+06	0
4.23129e+06	0
4.23139e+06	0
4.23149e+06	0
4.23159e+06	0
4.23169e+06	0
4.23179e+06	0
4.23189e+06	0
4.23199e+06	0
4.23209e+06	0
4.23219e+06	0
4.23229e+06	0
4.23239e+06	0
4.23249e+06	0
4.23259e+06	0
4.23269e+06	0
4.23279e+06	0
4.23289e+06	0
4.23299e+06	0
4.23309e+06	0
4.23319e+06	0
4.23329e+06	0
4.23339e+06	0
4.23349e+06	0
4.23359e+06	0
4.23369e+06	0
4.23379e+06	0
4.23389e+06	0
4.23399e+06	0
4.23409e+06	0
4.23419e+06	0
4.23429e+06	0
4.23439e+06	0
4.23449e+06	0
4.23459e+06	0
4.23469e+06	0
4.23479e+06	0
4.23489e+06	0
4.23499e+06	0
4.23509e+06	0
4.23519e+06	0
4.23529e+06	0
4.23539e+06	0
4.23549e+06	0
4.23559e+06	0
4.23569e+06	0
4.23579e+06	0
4.23589e+06	0
4.23599e+06	0
4.23609e+06	0
4.23619e+06	0
4.23629e+06	0
4.23639e+06	0
4.23649e+06	0
4.23659e+06	0
4.23669e+06	0
4.23679e+06	0
4.23689e+06	0
4.23699e+06	0
4.23709e+06	0
4.23719e+06	0
4.23729e+06	0
4.23739e+06	0
4.23749e+06	0
4.23759e+06	0
4.23769e+06	0
4.23779e+06	0
4.23789e+06	0
4.23799e+06	0
4.23809e+06	0
4.23819e+06	0
4.23829e+06	0
4.23839e+06	0
4.23849e+06	0
4.23859e+06	0
4.23869e+06	0
4.23879e+06	0
4.23889e+06	0
4.23899e+06	0
4.23909e+06	0
4.23919e+06	0
4.23929e+06	0
4.23939e+06	0
4.23949e+06	0
4.23959e+06	0
4.23969e+06	0
4.23979e+06	0
4.23989e+06	0
4.23999e+06	0
4.24009e+06	0
4.24019e+06	0
4.24029e+06	0
4.24039e+06	0
4.24049e+06	0
4.24059e+06	0
4.24069e+06	0
4.24079e+06	0
4.24089e+06	0
4.24099e+06	0
4.24109e+06	0
4.24119e+06	0
4.24129e+06	0
4.24139e+06	0
4.24149e+06	0
4.24159e+06	0
4.24169e+06	0
4.24179e+06	0
4.24189e+06	0
4.24199e+06	0
4.24209e+06	0
4.24219e+06	0
4.24229e+06	0
4.24239e+06	0
4.24249e+06	0
4.24259e+06	0
4.24269e+06	0
4.24279e+06	0
4.24289e+06	0
4.24299e+06	0
4.24309e+06	0
4.24319e+06	0
4.24329e+06	0
4.24339e+06	0
4.24349e+06	0
4.24359e+06	0
4.24369e+06	0
4.24379e+06	0
4.24389e+06	0
4.24399e+06	0
4.24409e+06	0
4.24419e+06	0
4.24429e+06	0
4.24439e+06	0
4.24449e+06	0
4.24459e+06	0
4.24469e+06	0
4.24479e+06	0
4.24489e+06	0
4.24499e+06	0
4.24509e+06	0
4.24519e+06	0
4.24529e+06	0
4.24539e+06	0
4.24549e+06	0
4.24559e+06	0
4.24569e+06	0
4.24579e+06	0
4.24589e+06	0
4.24599e+06	0
4.24609e+06	0
4.24619e+06	0
4.24629e+06	0
4.24639e+06	0
4.24649e+06	0
4.24659e+06	0
4.24669e+06	0
4.24679e+06	0
4.24689e+06	0
4.24699e+06	0
4.24709e+06	0
4.24719e+06	0
4.24729e+06	0
4.24739e+06	0
4.24749e+06	0
4.24759e+06	0
4.24769e+06	0
4.24779e+06	0
4.24789e+06	0
4.24799e+06	0
4.24809e+06	0
4.24819e+06	0
4.24829e+06	0
4.24839e+06	0
4.24849e+06	0
4.24859e+06	0
4.24869e+06	0
4.24879e+06	0
4.24889e+06	0
4.24899e+06	0
4.24909e+06	0
4.24919e+06	0
4.24929e+06	0
4.24939e+06	0
4.24949e+06	0
4.24959e+06	0
4.24969e+06	0
4.24979e+06	0
4.24989e+06	0
4.24999e+06	0
4.25009e+06	0
4.25019e+06	0
4.25029e+06	0
4.25039e+06	0
4.25049e+06	0
4.25059e+06	0
4.25069e+06	0
4.25079e+06	0
4.25089e+06	0
4.25099e+06	0
4.25109e+06	0
4.25119e+06	0
4.25129e+06	0
4.25139e+06	0
4.25149e+06	0
4.25159e+06	0
4.25169e+06	0
4.25179e+06	0
4.25189e+06	0
4.25199e+06	0
4.25209e+06	0
4.25219e+06	0
4.25229e+06	0
4.25239e+06	0
4.25249e+06	0
4.25259e+06	0
4.25269e+06	0
4.25279e+06	0
4.25289e+06	0
4.25299e+06	0
4.25309e+06	0
4.25319e+06	0
4.25329e+06	0
4.25339e+06	0
4.25349e+06	0
4.25359e+06	0
4.25369e+06	0
4.25379e+06	0
4.25389e+06	0
4.25399e+06	0
4.25409e+06	0
4.25419e+06	0
4.25429e+06	0
4.25439e+06	0
4.25449e+06	0
4.25459e+06	0
4.25469e+06	0
4.25479e+06	0
4.25489e+06	0
4.25499e+06	0
4.25509e+06	0
4.25519e+06	0
4.25529e+06	0
4.25539e+06	0
4.25549e+06	0
4.25559e+06	0
4.25569e+06	0
4.25579e+06	0
4.25589e+06	0
4.25599e+06	0
4.25609e+06	0
4.25619e+06	0
4.25629e+06	0
4.25639e+06	0
4.25649e+06	0
4.25659e+06	0
4.25669e+06	0
4.25679e+06	0
4.25689e+06	0
4.25699e+06	0
4.25709e+06	0
4.25719e+06	0
4.25729e+06	0
4.25739e+06	0
4.25749e+06	0
4.25759e+06	0
4.25769e+06	0
4.25779e+06	0
4.25789e+06	0
4.25799e+06	0
4.25809e+06	0
4.25819e+06	0
4.25829e+06	0
4.25839e+06	0
4.25849e+06	0
4.25859e+06	0
4.25869e+06	0
4.25879e+06	0
4.25889e+06	0
4.25899e+06	0
4.25909e+06	0
4.25919e+06	0
4.25929e+06	0
4.25939e+06	0
4.25949e+06	0
4.25959e+06	0
4.25969e+06	0
4.25979e+06	0
4.25989e+06	0
4.25999e+06	0
4.26009e+06	0
4.26019e+06	0
4.26029e+06	0
4.26039e+06	0
4.26049e+06	0
4.26059e+06	0
4.26069e+06	0
4.26079e+06	0
4.26089e+06	0
4.26099e+06	0
4.26109e+06	0
4.26119e+06	0
4.26129e+06	0
4.26139e+06	0
4.26149e+06	0
4.26159e+06	0
4.26169e+06	0
4.26179e+06	0
4.26189e+06	0
4.26199e+06	0
4.26209e+06	0
4.26219e+06	0
4.26229e+06	0
4.26239e+06	0
4.26249e+06	0
4.26259e+06	0
4.26269e+06	0
4.26279e+06	0
4.26289e+06	0
4.26299e+06	0
4.26309e+06	0
4.26319e+06	0
4.26329e+06	0
4.26339e+06	0
4.26349e+06	0
4.26359e+06	0
4.26369e+06	0
4.26379e+06	0
4.26389e+06	0
4.26399e+06	0
4.26409e+06	0
4.26419e+06	0
4.26429e+06	0
4.26439e+06	0
4.26449e+06	0
4.26459e+06	0
4.26469e+06	0
4.26479e+06	0
4.26489e+06	0
4.26499e+06	0
4.26509e+06	0
4.26519e+06	0
4.26529e+06	0
4.26539e+06	0
4.26549e+06	0
4.26559e+06	0
4.26569e+06	0
4.26579e+06	0
4.26589e+06	0
4.26599e+06	0
4.26609e+06	0
4.26619e+06	0
4.26629e+06	0
4.26639e+06	0
4.26649e+06	0
4.26659e+06	0
4.26669e+06	0
4.26679e+06	0
4.26689e+06	0
4.26699e+06	0
4.26709e+06	0
4.26719e+06	0
4.26729e+06	0
4.26739e+06	0
4.26749e+06	0
4.26759e+06	0
4.26769e+06	0
4.26779e+06	0
4.26789e+06	0
4.26799e+06	0
4.26809e+06	0
4.26819e+06	0
4.26829e+06	0
4.26839e+06	0
4.26849e+06	0
4.26859e+06	0
4.26869e+06	0
4.26879e+06	0
4.26889e+06	0
4.26899e+06	0
4.26909e+06	0
4.26919e+06	0
4.26929e+06	0
4.26939e+06	0
4.26949e+06	0
4.26959e+06	0
4.26969e+06	0
4.26979e+06	0
4.26989e+06	0
4.26999e+06	0
4.27009e+06	0
4.27019e+06	0
4.27029e+06	0
4.27039e+06	0
4.27049e+06	0
4.27059e+06	0
4.27069e+06	0
4.27079e+06	0
4.27089e+06	0
4.27099e+06	0
4.27109e+06	0
4.27119e+06	0
4.27129e+06	0
4.27139e+06	0
4.27149e+06	0
4.27159e+06	0
4.27169e+06	0
4.27179e+06	0
4.27189e+06	0
4.27199e+06	0
4.27209e+06	0
4.27219e+06	0
4.27229e+06	0
4.27239e+06	0
4.27249e+06	0
4.27259e+06	0
4.27269e+06	0
4.27279e+06	0
4.27289e+06	0
4.27299e+06	0
4.27309e+06	0
4.27319e+06	0
4.27329e+06	0
4.27339e+06	0
4.27349e+06	0
4.27359e+06	0
4.27369e+06	0
4.27379e+06	0
4.27389e+06	0
4.27399e+06	0
4.27409e+06	0
4.27419e+06	0
4.27429e+06	0
4.27439e+06	0
4.27449e+06	0
4.27459e+06	0
4.27469e+06	0
4.27479e+06	0
4.27489e+06	0
4.27499e+06	0
4.27509e+06	0
4.27519e+06	0
4.27529e+06	0
4.27539e+06	0
4.27549e+06	0
4.27559e+06	0
4.27569e+06	0
4.27579e+06	0
4.27589e+06	0
4.27599e+06	0
4.27609e+06	0
4.27619e+06	0
4.27629e+06	0
4.27639e+06	0
4.27649e+06	0
4.27659e+06	0
4.27669e+06	0
4.27679e+06	0
4.27689e+06	0
4.27699e+06	0
4.27709e+06	0
4.27719e+06	0
4.27729e+06	0
4.27739e+06	0
4.27749e+06	0
4.27759e+06	0
4.27769e+06	0
4.27779e+06	0
4.27789e+06	0
4.27799e+06	0
4.27809e+06	0
4.27819e+06	0
4.27829e+06	0
4.27839e+06	0
4.27849e+06	0
4.27859e+06	0
4.27869e+06	0
4.27879e+06	0
4.27889e+06	0
4.27899e+06	0
4.27909e+06	0
4.27919e+06	0
4.27929e+06	0
4.27939e+06	0
4.27949e+06	0
4.27959e+06	0
4.27969e+06	0
4.27979e+06	0
4.27989e+06	0
4.27999e+06	0
4.28009e+06	0
4.28019e+06	0
4.28029e+06	0
4.28039e+06	0
4.28049e+06	0
4.28059e+06	0
4.28069e+06	0
4.28079e+06	0
4.28089e+06	0
4.28099e+06	0
4.28109e+06	0
4.28119e+06	0
4.28129e+06	0
4.28139e+06	0
4.28149e+06	0
4.28159e+06	0
4.28169e+06	0
4.28179e+06	0
4.28189e+06	0
4.28199e+06	0
4.28209e+06	0
4.28219e+06	0
4.28229e+06	0
4.28239e+06	0
4.28249e+06	0
4.28259e+06	0
4.28269e+06	0
4.28279e+06	0
4.28289e+06	0
4.28299e+06	0
4.28309e+06	0
4.28319e+06	0
4.28329e+06	0
4.28339e+06	0
4.28349e+06	0
4.28359e+06	0
4.28369e+06	0
4.28379e+06	0
4.28389e+06	0
4.28399e+06	0
4.28409e+06	0
4.28419e+06	0
4.28429e+06	0
4.28439e+06	0
4.28449e+06	0
4.28459e+06	0
4.28469e+06	0
4.28479e+06	0
4.28489e+06	0
4.28499e+06	0
4.28509e+06	0
4.28519e+06	0
4.28529e+06	0
4.28539e+06	0
4.28549e+06	0
4.28559e+06	0
4.28569e+06	0
4.28579e+06	0
4.28589e+06	0
4.28599e+06	0
4.28609e+06	0
4.28619e+06	0
4.28629e+06	0
4.28639e+06	0
4.28649e+06	0
4.28659e+06	0
4.28669e+06	0
4.28679e+06	0
4.28689e+06	0
4.28699e+06	0
4.28709e+06	0
4.28719e+06	0
4.28729e+06	0
4.28739e+06	0
4.28749e+06	0
4.28759e+06	0
4.28769e+06	0
4.28779e+06	0
4.28789e+06	0
4.28799e+06	0
4.28809e+06	0
4.28819e+06	0
4.28829e+06	0
4.28839e+06	0
4.28849e+06	0
4.28859e+06	0
4.28869e+06	0
4.28879e+06	0
4.28889e+06	0
4.28899e+06	0
4.28909e+06	0
4.28919e+06	0
4.28929e+06	0
4.28939e+06	0
4.28949e+06	0
4.28959e+06	0
4.28969e+06	0
4.28979e+06	0
4.28989e+06	0
4.28999e+06	0
4.29009e+06	0
4.29019e+06	0
4.29029e+06	0
4.29039e+06	0
4.29049e+06	0
4.29059e+06	0
4.29069e+06	0
4.29079e+06	0
4.29089e+06	0
4.29099e+06	0
4.29109e+06	0
4.29119e+06	0
4.29129e+06	0
4.29139e+06	0
4.29149e+06	0
4.29159e+06	0
4.29169e+06	0
4.29179e+06	0
4.29189e+06	0
4.29199e+06	0
4.29209e+06	0
4.29219e+06	0
4.29229e+06	0
4.29239e+06	0
4.29249e+06	0
4.29259e+06	0
4.29269e+06	0
4.29279e+06	0
4.29289e+06	0
4.29299e+06	0
4.29309e+06	0
4.29319e+06	0
4.29329e+06	0
4.29339e+06	0
4.29349e+06	0
4.29359e+06	0
4.29369e+06	0
4.29379e+06	0
4.29389e+06	0
4.29399e+06	0
4.29409e+06	0
4.29419e+06	0
4.29429e+06	0
4.29439e+06	0
4.29449e+06	0
4.29459e+06	0
4.29469e+06	0
4.29479e+06	0
4.29489e+06	0
4.29499e+06	0
4.29509e+06	0
4.29519e+06	0
4.29529e+06	0
4.29539e+06	0
4.29549e+06	0
4.29559e+06	0
4.29569e+06	0
4.29579e+06	0
4.29589e+06	0
4.29599e+06	0
4.29609e+06	0
4.29619e+06	0
4.29629e+06	0
4.29639e+06	0
4.29649e+06	0
4.29659e+06	0
4.29669e+06	0
4.29679e+06	0
4.29689e+06	0
4.29699e+06	0
4.29709e+06	0
4.29719e+06	0
4.29729e+06	0
4.29739e+06	0
4.29749e+06	0
4.29759e+06	0
4.29769e+06	0
4.29779e+06	0
4.29789e+06	0
4.29799e+06	0
4.29809e+06	0
4.29819e+06	0
4.29829e+06	0
4.29839e+06	0
4.29849e+06	0
4.29859e+06	0
4.29869e+06	0
4.29879e+06	0
4.29889e+06	0
4.29899e+06	0
4.29909e+06	0
4.29919e+06	0
4.29929e+06	0
4.29939e+06	0
4.29949e+06	0
4.29959e+06	0
4.29969e+06	0
4.29979e+06	0
4.29989e+06	0
4.29999e+06	0
4.30009e+06	0
4.30019e+06	0
4.30029e+06	0
4.30039e+06	0
4.30049e+06	0
4.30059e+06	0
4.30069e+06	0
4.30079e+06	0
4.30089e+06	0
4.30099e+06	0
4.30109e+06	0
4.30119e+06	0
4.30129e+06	0
4.30139e+06	0
4.30149e+06	0
4.30159e+06	0
4.30169e+06	0
4.30179e+06	0
4.30189e+06	0
4.30199e+06	0
4.30209e+06	0
4.30219e+06	0
4.30229e+06	0
4.30239e+06	0
4.30249e+06	0
4.30259e+06	0
4.30269e+06	0
4.30279e+06	0
4.30289e+06	0
4.30299e+06	0
4.30309e+06	0
4.30319e+06	0
4.30329e+06	0
4.30339e+06	0
4.30349e+06	0
4.30359e+06	0
4.30369e+06	0
4.30379e+06	0
4.30389e+06	0
4.30399e+06	0
4.30409e+06	0
4.30419e+06	0
4.30429e+06	0
4.30439e+06	0
4.30449e+06	0
4.30459e+06	0
4.30469e+06	0
4.30479e+06	0
4.30489e+06	0
4.30499e+06	0
4.30509e+06	0
4.30519e+06	0
4.30529e+06	0
4.30539e+06	0
4.30549e+06	0
4.30559e+06	0
4.30569e+06	0
4.30579e+06	0
4.30589e+06	0
4.30599e+06	0
4.30609e+06	0
4.30619e+06	0
4.30629e+06	0
4.30639e+06	0
4.30649e+06	0
4.30659e+06	0
4.30669e+06	0
4.30679e+06	0
4.30689e+06	0
4.30699e+06	0
4.30709e+06	0
4.30719e+06	0
4.30729e+06	0
4.30739e+06	0
4.30749e+06	0
4.30759e+06	0
4.30769e+06	0
4.30779e+06	0
4.30789e+06	0
4.30799e+06	0
4.30809e+06	0
4.30819e+06	0
4.30829e+06	0
4.30839e+06	0
4.30849e+06	0
4.30859e+06	0
4.30869e+06	0
4.30879e+06	0
4.30889e+06	0
4.30899e+06	0
4.30909e+06	0
4.30919e+06	0
4.30929e+06	0
4.30939e+06	0
4.30949e+06	0
4.30959e+06	0
4.30969e+06	0
4.30979e+06	0
4.30989e+06	0
4.30999e+06	0
4.31009e+06	0
4.31019e+06	0
4.31029e+06	0
4.31039e+06	0
4.31049e+06	0
4.31059e+06	0
4.31069e+06	0
4.31079e+06	0
4.31089e+06	0
4.31099e+06	0
4.31109e+06	0
4.31119e+06	0
4.31129e+06	0
4.31139e+06	0
4.31149e+06	0
4.31159e+06	0
4.31169e+06	0
4.31179e+06	0
4.31189e+06	0
4.31199e+06	0
4.31209e+06	0
4.31219e+06	0
4.31229e+06	0
4.31239e+06	0
4.31249e+06	0
4.31259e+06	0
4.31269e+06	0
4.31279e+06	0
4.31289e+06	0
4.31299e+06	0
4.31309e+06	0
4.31319e+06	0
4.31329e+06	0
4.31339e+06	0
4.31349e+06	0
4.31359e+06	0
4.31369e+06	0
4.31379e+06	0
4.31389e+06	0
4.31399e+06	0
4.31409e+06	0
4.31419e+06	0
4.31429e+06	0
4.31439e+06	0
4.31449e+06	0
4.31459e+06	0
4.31469e+06	0
4.31479e+06	0
4.31489e+06	0
4.31499e+06	0
4.31509e+06	0
4.31519e+06	0
4.31529e+06	0
4.31539e+06	0
4.31549e+06	0
4.31559e+06	0
4.31569e+06	0
4.31579e+06	0
4.31589e+06	0
4.31599e+06	0
4.31609e+06	0
4.31619e+06	0
4.31629e+06	0
4.31639e+06	0
4.31649e+06	0
4.31659e+06	0
4.31669e+06	0
4.31679e+06	0
4.31689e+06	0
4.31699e+06	0
4.31709e+06	0
4.31719e+06	0
4.31729e+06	0
4.31739e+06	0
4.31749e+06	0
4.31759e+06	0
4.31769e+06	0
4.31779e+06	0
4.31789e+06	0
4.31799e+06	0
4.31809e+06	0
4.31819e+06	0
4.31829e+06	0
4.31839e+06	0
4.31849e+06	0
4.31859e+06	0
4.31869e+06	0
4.31879e+06	0
4.31889e+06	0
4.31899e+06	0
4.31909e+06	0
4.31919e+06	0
4.31929e+06	0
4.31939e+06	0
4.31949e+06	0
4.31959e+06	0
4.31969e+06	0
4.31979e+06	0
4.31989e+06	0
4.31999e+06	0
4.32009e+06	0
4.32019e+06	0
4.32029e+06	0
4.32039e+06	0
4.32049e+06	0
4.32059e+06	0
4.32069e+06	0
4.32079e+06	0
4.32089e+06	0
4.32099e+06	0
4.32109e+06	0
4.32119e+06	0
4.32129e+06	0
4.32139e+06	0
4.32149e+06	0
4.32159e+06	0
4.32169e+06	0
4.32179e+06	0
4.32189e+06	0
4.32199e+06	0
4.32209e+06	0
4.32219e+06	0
4.32229e+06	0
4.32239e+06	0
4.32249e+06	0
4.32259e+06	0
4.32269e+06	0
4.32279e+06	0
4.32289e+06	0
4.32299e+06	0
4.32309e+06	0
4.32319e+06	0
4.32329e+06	0
4.32339e+06	0
4.32349e+06	0
4.32359e+06	0
4.32369e+06	0
4.32379e+06	0
4.32389e+06	0
4.32399e+06	0
4.32409e+06	0
4.32419e+06	0
4.32429e+06	0
4.32439e+06	0
4.32449e+06	0
4.32459e+06	0
4.32469e+06	0
4.32479e+06	0
4.32489e+06	0
4.32499e+06	0
4.32509e+06	0
4.32519e+06	0
4.32529e+06	0
4.32539e+06	0
4.32549e+06	0
4.32559e+06	0
4.32569e+06	0
4.32579e+06	0
4.32589e+06	0
4.32599e+06	0
4.32609e+06	0
4.32619e+06	0
4.32629e+06	0
4.32639e+06	0
4.32649e+06	0
4.32659e+06	0
4.32669e+06	0
4.32679e+06	0
4.32689e+06	0
4.32699e+06	0
4.32709e+06	0
4.32719e+06	0
4.32729e+06	0
4.32739e+06	0
4.32749e+06	0
4.32759e+06	0
4.32769e+06	0
4.32779e+06	0
4.32789e+06	0
4.32799e+06	0
4.32809e+06	0
4.32819e+06	0
4.32829e+06	0
4.32839e+06	0
4.32849e+06	0
4.32859e+06	0
4.32869e+06	0
4.32879e+06	0
4.32889e+06	0
4.32899e+06	0
4.32909e+06	0
4.32919e+06	0
4.32929e+06	0
4.32939e+06	0
4.32949e+06	0
4.32959e+06	0
4.32969e+06	0
4.32979e+06	0
4.32989e+06	0
4.32999e+06	0
4.33009e+06	0
4.33019e+06	0
4.33029e+06	0
4.33039e+06	0
4.33049e+06	0
4.33059e+06	0
4.33069e+06	0
4.33079e+06	0
4.33089e+06	0
4.33099e+06	0
4.33109e+06	0
4.33119e+06	0
4.33129e+06	0
4.33139e+06	0
4.33149e+06	0
4.33159e+06	0
4.33169e+06	0
4.33179e+06	0
4.33189e+06	0
4.33199e+06	0
4.33209e+06	0
4.33219e+06	0
4.33229e+06	0
4.33239e+06	0
4.33249e+06	0
4.33259e+06	0
4.33269e+06	0
4.33279e+06	0
4.33289e+06	0
4.33299e+06	0
4.33309e+06	0
4.33319e+06	0
4.33329e+06	0
4.33339e+06	0
4.33349e+06	0
4.33359e+06	0
4.33369e+06	0
4.33379e+06	0
4.33389e+06	0
4.33399e+06	0
4.33409e+06	0
4.33419e+06	0
4.33429e+06	0
4.33439e+06	0
4.33449e+06	0
4.33459e+06	0
4.33469e+06	0
4.33479e+06	0
4.33489e+06	0
4.33499e+06	0
4.33509e+06	0
4.33519e+06	0
4.33529e+06	0
4.33539e+06	0
4.33549e+06	0
4.33559e+06	0
4.33569e+06	0
4.33579e+06	0
4.33589e+06	0
4.33599e+06	0
4.33609e+06	0
4.33619e+06	0
4.33629e+06	0
4.33639e+06	0
4.33649e+06	0
4.33659e+06	0
4.33669e+06	0
4.33679e+06	0
4.33689e+06	0
4.33699e+06	0
4.33709e+06	0
4.33719e+06	0
4.33729e+06	0
4.33739e+06	0
4.33749e+06	0
4.33759e+06	0
4.33769e+06	0
4.33779e+06	0
4.33789e+06	0
4.33799e+06	0
4.33809e+06	0
4.33819e+06	0
4.33829e+06	0
4.33839e+06	0
4.33849e+06	0
4.33859e+06	0
4.33869e+06	0
4.33879e+06	0
4.33889e+06	0
4.33899e+06	0
4.33909e+06	0
4.33919e+06	0
4.33929e+06	0
4.33939e+06	0
4.33949e+06	0
4.33959e+06	0
4.33969e+06	0
4.33979e+06	0
4.33989e+06	0
4.33999e+06	0
4.34009e+06	0
4.34019e+06	0
4.34029e+06	0
4.34039e+06	0
4.34049e+06	0
4.34059e+06	0
4.34069e+06	0
4.34079e+06	0
4.34089e+06	0
4.34099e+06	0
4.34109e+06	0
4.34119e+06	0
4.34129e+06	0
4.34139e+06	0
4.34149e+06	0
4.34159e+06	0
4.34169e+06	0
4.34179e+06	0
4.34189e+06	0
4.34199e+06	0
4.34209e+06	0
4.34219e+06	0
4.34229e+06	0
4.34239e+06	0
4.34249e+06	0
4.34259e+06	0
4.34269e+06	0
4.34279e+06	0
4.34289e+06	0
4.34299e+06	0
4.34309e+06	0
4.34319e+06	0
4.34329e+06	0
4.34339e+06	0
4.34349e+06	0
4.34359e+06	0
4.34369e+06	0
4.34379e+06	0
4.34389e+06	0
4.34399e+06	0
4.34409e+06	0
4.34419e+06	0
4.34429e+06	0
4.34439e+06	0
4.34449e+06	0
4.34459e+06	0
4.34469e+06	0
4.34479e+06	0
4.34489e+06	0
4.34499e+06	0
4.34509e+06	0
4.34519e+06	0
4.34529e+06	0
4.34539e+06	0
4.34549e+06	0
4.34559e+06	0
4.34569e+06	0
4.34579e+06	0
4.34589e+06	0
4.34599e+06	0
4.34609e+06	0
4.34619e+06	0
4.34629e+06	0
4.34639e+06	0
4.34649e+06	0
4.34659e+06	0
4.34669e+06	0
4.34679e+06	0
4.34689e+06	0
4.34699e+06	0
4.34709e+06	0
4.34719e+06	0
4.34729e+06	0
4.34739e+06	0
4.34749e+06	0
4.34759e+06	0
4.34769e+06	0
4.34779e+06	0
4.34789e+06	0
4.34799e+06	0
4.34809e+06	0
4.34819e+06	0
4.34829e+06	0
4.34839e+06	0
4.34849e+06	0
4.34859e+06	0
4.34869e+06	0
4.34879e+06	0
4.34889e+06	0
4.34899e+06	0
4.34909e+06	0
4.34919e+06	0
4.34929e+06	0
4.34939e+06	0
4.34949e+06	0
4.34959e+06	0
4.34969e+06	0
4.34979e+06	0
4.34989e+06	0
4.34999e+06	0
4.35009e+06	0
4.35019e+06	0
4.35029e+06	0
4.35039e+06	0
4.35049e+06	0
4.35059e+06	0
4.35069e+06	0
4.35079e+06	0
4.35089e+06	0
4.35099e+06	0
4.35109e+06	0
4.35119e+06	0
4.35129e+06	0
4.35139e+06	0
4.35149e+06	0
4.35159e+06	0
4.35169e+06	0
4.35179e+06	0
4.35189e+06	0
4.35199e+06	0
4.35209e+06	0
4.35219e+06	0
4.35229e+06	0
4.35239e+06	0
4.35249e+06	0
4.35259e+06	0
4.35269e+06	0
4.35279e+06	0
4.35289e+06	0
4.35299e+06	0
4.35309e+06	0
4.35319e+06	0
4.35329e+06	0
4.35339e+06	0
4.35349e+06	0
4.35359e+06	0
4.35369e+06	0
4.35379e+06	0
4.35389e+06	0
4.35399e+06	0
4.35409e+06	0
4.35419e+06	0
4.35429e+06	0
4.35439e+06	0
4.35449e+06	0
4.35459e+06	0
4.35469e+06	0
4.35479e+06	0
4.35489e+06	0
4.35499e+06	0
4.35509e+06	0
4.35519e+06	0
4.35529e+06	0
4.35539e+06	0
4.35549e+06	0
4.35559e+06	0
4.35569e+06	0
4.35579e+06	0
4.35589e+06	0
4.35599e+06	0
4.35609e+06	0
4.35619e+06	0
4.35629e+06	0
4.35639e+06	0
4.35649e+06	0
4.35659e+06	0
4.35669e+06	0
4.35679e+06	0
4.35689e+06	0
4.35699e+06	0
4.35709e+06	0
4.35719e+06	0
4.35729e+06	0
4.35739e+06	0
4.35749e+06	0
4.35759e+06	0
4.35769e+06	0
4.35779e+06	0
4.35789e+06	0
4.35799e+06	0
4.35809e+06	0
4.35819e+06	0
4.35829e+06	0
4.35839e+06	0
4.35849e+06	0
4.35859e+06	0
4.35869e+06	0
4.35879e+06	0
4.35889e+06	0
4.35899e+06	0
4.35909e+06	0
4.35919e+06	0
4.35929e+06	0
4.35939e+06	0
4.35949e+06	0
4.35959e+06	0
4.35969e+06	0
4.35979e+06	0
4.35989e+06	0
4.35999e+06	0
4.36009e+06	0
4.36019e+06	0
4.36029e+06	0
4.36039e+06	0
4.36049e+06	0
4.36059e+06	0
4.36069e+06	0
4.36079e+06	0
4.36089e+06	0
4.36099e+06	0
4.36109e+06	0
4.36119e+06	0
4.36129e+06	0
4.36139e+06	0
4.36149e+06	0
4.36159e+06	0
4.36169e+06	0
4.36179e+06	0
4.36189e+06	0
4.36199e+06	0
4.36209e+06	0
4.36219e+06	0
4.36229e+06	0
4.36239e+06	0
4.36249e+06	0
4.36259e+06	0
4.36269e+06	0
4.36279e+06	0
4.36289e+06	0
4.36299e+06	0
4.36309e+06	0
4.36319e+06	0
4.36329e+06	0
4.36339e+06	0
4.36349e+06	0
4.36359e+06	0
4.36369e+06	0
4.36379e+06	0
4.36389e+06	0
4.36399e+06	0
4.36409e+06	0
4.36419e+06	0
4.36429e+06	0
4.36439e+06	0
4.36449e+06	0
4.36459e+06	0
4.36469e+06	0
4.36479e+06	0
4.36489e+06	0
4.36499e+06	0
4.36509e+06	0
4.36519e+06	0
4.36529e+06	0
4.36539e+06	0
4.36549e+06	0
4.36559e+06	0
4.36569e+06	0
4.36579e+06	0
4.36589e+06	0
4.36599e+06	0
4.36609e+06	0
4.36619e+06	0
4.36629e+06	0
4.36639e+06	0
4.36649e+06	0
4.36659e+06	0
4.36669e+06	0
4.36679e+06	0
4.36689e+06	0
4.36699e+06	0
4.36709e+06	0
4.36719e+06	0
4.36729e+06	0
4.36739e+06	0
4.36749e+06	0
4.36759e+06	0
4.36769e+06	0
4.36779e+06	0
4.36789e+06	0
4.36799e+06	0
4.36809e+06	0
4.36819e+06	0
4.36829e+06	0
4.36839e+06	0
4.36849e+06	0
4.36859e+06	0
4.36869e+06	0
4.36879e+06	0
4.36889e+06	0
4.36899e+06	0
4.36909e+06	0
4.36919e+06	0
4.36929e+06	0
4.36939e+06	0
4.36949e+06	0
4.36959e+06	0
4.36969e+06	0
4.36979e+06	0
4.36989e+06	0
4.36999e+06	0
4.37009e+06	0
4.37019e+06	0
4.37029e+06	0
4.37039e+06	0
4.37049e+06	0
4.37059e+06	0
4.37069e+06	0
4.37079e+06	0
4.37089e+06	0
4.37099e+06	0
4.37109e+06	0
4.37119e+06	0
4.37129e+06	0
4.37139e+06	0
4.37149e+06	0
4.37159e+06	0
4.37169e+06	0
4.37179e+06	0
4.37189e+06	0
4.37199e+06	0
4.37209e+06	0
4.37219e+06	0
4.37229e+06	0
4.37239e+06	0
4.37249e+06	0
4.37259e+06	0
4.37269e+06	0
4.37279e+06	0
4.37289e+06	0
4.37299e+06	0
4.37309e+06	0
4.37319e+06	0
4.37329e+06	0
4.37339e+06	0
4.37349e+06	0
4.37359e+06	0
4.37369e+06	0
4.37379e+06	0
4.37389e+06	0
4.37399e+06	0
4.37409e+06	0
4.37419e+06	0
4.37429e+06	0
4.37439e+06	0
4.37449e+06	0
4.37459e+06	0
4.37469e+06	0
4.37479e+06	0
4.37489e+06	0
4.37499e+06	0
4.37509e+06	0
4.37519e+06	0
4.37529e+06	0
4.37539e+06	0
4.37549e+06	0
4.37559e+06	0
4.37569e+06	0
4.37579e+06	0
4.37589e+06	0
4.37599e+06	0
4.37609e+06	0
4.37619e+06	0
4.37629e+06	0
4.37639e+06	0
4.37649e+06	0
4.37659e+06	0
4.37669e+06	0
4.37679e+06	0
4.37689e+06	0
4.37699e+06	0
4.37709e+06	0
4.37719e+06	0
4.37729e+06	0
4.37739e+06	0
4.37749e+06	0
4.37759e+06	0
4.37769e+06	0
4.37779e+06	0
4.37789e+06	0
4.37799e+06	0
4.37809e+06	0
4.37819e+06	0
4.37829e+06	0
4.37839e+06	0
4.37849e+06	0
4.37859e+06	0
4.37869e+06	0
4.37879e+06	0
4.37889e+06	0
4.37899e+06	0
4.37909e+06	0
4.37919e+06	0
4.37929e+06	0
4.37939e+06	0
4.37949e+06	0
4.37959e+06	0
4.37969e+06	0
4.37979e+06	0
4.37989e+06	0
4.37999e+06	0
4.38009e+06	0
4.38019e+06	0
4.38029e+06	0
4.38039e+06	0
4.38049e+06	0
4.38059e+06	0
4.38069e+06	0
4.38079e+06	0
4.38089e+06	0
4.38099e+06	0
4.38109e+06	0
4.38119e+06	0
4.38129e+06	0
4.38139e+06	0
4.38149e+06	0
4.38159e+06	0
4.38169e+06	0
4.38179e+06	0
4.38189e+06	0
4.38199e+06	0
4.38209e+06	0
4.38219e+06	0
4.38229e+06	0
4.38239e+06	0
4.38249e+06	0
4.38259e+06	0
4.38269e+06	0
4.38279e+06	0
4.38289e+06	0
4.38299e+06	0
4.38309e+06	0
4.38319e+06	0
4.38329e+06	0
4.38339e+06	0
4.38349e+06	0
4.38359e+06	0
4.38369e+06	0
4.38379e+06	0
4.38389e+06	0
4.38399e+06	0
4.38409e+06	0
4.38419e+06	0
4.38429e+06	0
4.38439e+06	0
4.38449e+06	0
4.38459e+06	0
4.38469e+06	0
4.38479e+06	0
4.38489e+06	0
4.38499e+06	0
4.38509e+06	0
4.38519e+06	0
4.38529e+06	0
4.38539e+06	0
4.38549e+06	0
4.38559e+06	0
4.38569e+06	0
4.38579e+06	0
4.38589e+06	0
4.38599e+06	0
4.38609e+06	0
4.38619e+06	0
4.38629e+06	0
4.38639e+06	0
4.38649e+06	0
4.38659e+06	0
4.38669e+06	0
4.38679e+06	0
4.38689e+06	0
4.38699e+06	0
4.38709e+06	0
4.38719e+06	0
4.38729e+06	0
4.38739e+06	0
4.38749e+06	0
4.38759e+06	0
4.38769e+06	0
4.38779e+06	0
4.38789e+06	0
4.38799e+06	0
4.38809e+06	0
4.38819e+06	0
4.38829e+06	0
4.38839e+06	0
4.38849e+06	0
4.38859e+06	0
4.38869e+06	0
4.38879e+06	0
4.38889e+06	0
4.38899e+06	0
4.38909e+06	0
4.38919e+06	0
4.38929e+06	0
4.38939e+06	0
4.38949e+06	0
4.38959e+06	0
4.38969e+06	0
4.38979e+06	0
4.38989e+06	0
4.38999e+06	0
4.39009e+06	0
4.39019e+06	0
4.39029e+06	0
4.39039e+06	0
4.39049e+06	0
4.39059e+06	0
4.39069e+06	0
4.39079e+06	0
4.39089e+06	0
4.39099e+06	0
4.39109e+06	0
4.39119e+06	0
4.39129e+06	0
4.39139e+06	0
4.39149e+06	0
4.39159e+06	0
4.39169e+06	0
4.39179e+06	0
4.39189e+06	0
4.39199e+06	0
4.39209e+06	0
4.39219e+06	0
4.39229e+06	0
4.39239e+06	0
4.39249e+06	0
4.39259e+06	0
4.39269e+06	0
4.39279e+06	0
4.39289e+06	0
4.39299e+06	0
4.39309e+06	0
4.39319e+06	0
4.39329e+06	0
4.39339e+06	0
4.39349e+06	0
4.39359e+06	0
4.39369e+06	0
4.39379e+06	0
4.39389e+06	0
4.39399e+06	0
4.39409e+06	0
4.39419e+06	0
4.39429e+06	0
4.39439e+06	0
4.39449e+06	0
4.39459e+06	0
4.39469e+06	0
4.39479e+06	0
4.39489e+06	0
4.39499e+06	0
4.39509e+06	0
4.39519e+06	0
4.39529e+06	0
4.39539e+06	0
4.39549e+06	0
4.39559e+06	0
4.39569e+06	0
4.39579e+06	0
4.39589e+06	0
4.39599e+06	0
4.39609e+06	0
4.39619e+06	0
4.39629e+06	0
4.39639e+06	0
4.39649e+06	0
4.39659e+06	0
4.39669e+06	0
4.39679e+06	0
4.39689e+06	0
4.39699e+06	0
4.39709e+06	0
4.39719e+06	0
4.39729e+06	0
4.39739e+06	0
4.39749e+06	0
4.39759e+06	0
4.39769e+06	0
4.39779e+06	0
4.39789e+06	0
4.39799e+06	0
4.39809e+06	0
4.39819e+06	0
4.39829e+06	0
4.39839e+06	0
4.39849e+06	0
4.39859e+06	0
4.39869e+06	0
4.39879e+06	0
4.39889e+06	0
4.39899e+06	0
4.39909e+06	0
4.39919e+06	0
4.39929e+06	0
4.39939e+06	0
4.39949e+06	0
4.39959e+06	0
4.39969e+06	0
4.39979e+06	0
4.39989e+06	0
4.39999e+06	0
4.40009e+06	0
4.40019e+06	0
4.40029e+06	0
4.40039e+06	0
4.40049e+06	0
4.40059e+06	0
4.40069e+06	0
4.40079e+06	0
4.40089e+06	0
4.40099e+06	0
4.40109e+06	0
4.40119e+06	0
4.40129e+06	0
4.40139e+06	0
4.40149e+06	0
4.40159e+06	0
4.40169e+06	0
4.40179e+06	0
4.40189e+06	0
4.40199e+06	0
4.40209e+06	0
4.40219e+06	0
4.40229e+06	0
4.40239e+06	0
4.40249e+06	0
4.40259e+06	0
4.40269e+06	0
4.40279e+06	0
4.40289e+06	0
4.40299e+06	0
4.40309e+06	0
4.40319e+06	0
4.40329e+06	0
4.40339e+06	0
4.40349e+06	0
4.40359e+06	0
4.40369e+06	0
4.40379e+06	0
4.40389e+06	0
4.40399e+06	0
4.40409e+06	0
4.40419e+06	0
4.40429e+06	0
4.40439e+06	0
4.40449e+06	0
4.40459e+06	0
4.40469e+06	0
4.40479e+06	0
4.40489e+06	0
4.40499e+06	0
4.40509e+06	0
4.40519e+06	0
4.40529e+06	0
4.40539e+06	0
4.40549e+06	0
4.40559e+06	0
4.40569e+06	0
4.40579e+06	0
4.40589e+06	0
4.40599e+06	0
4.40609e+06	0
4.40619e+06	0
4.40629e+06	0
4.40639e+06	0
4.40649e+06	0
4.40659e+06	0
4.40669e+06	0
4.40679e+06	0
4.40689e+06	0
4.40699e+06	0
4.40709e+06	0
4.40719e+06	0
4.40729e+06	0
4.40739e+06	0
4.40749e+06	0
4.40759e+06	0
4.40769e+06	0
4.40779e+06	0
4.40789e+06	0
4.40799e+06	0
4.40809e+06	0
4.40819e+06	0
4.40829e+06	0
4.40839e+06	0
4.40849e+06	0
4.40859e+06	0
4.40869e+06	0
4.40879e+06	0
4.40889e+06	0
4.40899e+06	0
4.40909e+06	0
4.40919e+06	0
4.40929e+06	0
4.40939e+06	0
4.40949e+06	0
4.40959e+06	0
4.40969e+06	0
4.40979e+06	0
4.40989e+06	0
4.40999e+06	0
4.41009e+06	0
4.41019e+06	0
4.41029e+06	0
4.41039e+06	0
4.41049e+06	0
4.41059e+06	0
4.41069e+06	0
4.41079e+06	0
4.41089e+06	0
4.41099e+06	0
4.41109e+06	0
4.41119e+06	0
4.41129e+06	0
4.41139e+06	0
4.41149e+06	0
4.41159e+06	0
4.41169e+06	0
4.41179e+06	0
4.41189e+06	0
4.41199e+06	0
4.41209e+06	0
4.41219e+06	0
4.41229e+06	0
4.41239e+06	0
4.41249e+06	0
4.41259e+06	0
4.41269e+06	0
4.41279e+06	0
4.41289e+06	0
4.41299e+06	0
4.41309e+06	0
4.41319e+06	0
4.41329e+06	0
4.41339e+06	0
4.41349e+06	0
4.41359e+06	0
4.41369e+06	0
4.41379e+06	0
4.41389e+06	0
4.41399e+06	0
4.41409e+06	0
4.41419e+06	0
4.41429e+06	0
4.41439e+06	0
4.41449e+06	0
4.41459e+06	0
4.41469e+06	0
4.41479e+06	0
4.41489e+06	0
4.41499e+06	0
4.41509e+06	0
4.41519e+06	0
4.41529e+06	0
4.41539e+06	0
4.41549e+06	0
4.41559e+06	0
4.41569e+06	0
4.41579e+06	0
4.41589e+06	0
4.41599e+06	0
4.41609e+06	0
4.41619e+06	0
4.41629e+06	0
4.41639e+06	0
4.41649e+06	0
4.41659e+06	0
4.41669e+06	0
4.41679e+06	0
4.41689e+06	0
4.41699e+06	0
4.41709e+06	0
4.41719e+06	0
4.41729e+06	0
4.41739e+06	0
4.41749e+06	0
4.41759e+06	0
4.41769e+06	0
4.41779e+06	0
4.41789e+06	0
4.41799e+06	0
4.41809e+06	0
4.41819e+06	0
4.41829e+06	0
4.41839e+06	0
4.41849e+06	0
4.41859e+06	0
4.41869e+06	0
4.41879e+06	0
4.41889e+06	0
4.41899e+06	0
4.41909e+06	0
4.41919e+06	0
4.41929e+06	0
4.41939e+06	0
4.41949e+06	0
4.41959e+06	0
4.41969e+06	0
4.41979e+06	0
4.41989e+06	0
4.41999e+06	0
4.42009e+06	0
4.42019e+06	0
4.42029e+06	0
4.42039e+06	0
4.42049e+06	0
4.42059e+06	0
4.42069e+06	0
4.42079e+06	0
4.42089e+06	0
4.42099e+06	0
4.42109e+06	0
4.42119e+06	0
4.42129e+06	0
4.42139e+06	0
4.42149e+06	0
4.42159e+06	0
4.42169e+06	0
4.42179e+06	0
4.42189e+06	0
4.42199e+06	0
4.42209e+06	0
4.42219e+06	0
4.42229e+06	0
4.42239e+06	0
4.42249e+06	0
4.42259e+06	0
4.42269e+06	0
4.42279e+06	0
4.42289e+06	0
4.42299e+06	0
4.42309e+06	0
4.42319e+06	0
4.42329e+06	0
4.42339e+06	0
4.42349e+06	0
4.42359e+06	0
4.42369e+06	0
4.42379e+06	0
4.42389e+06	0
4.42399e+06	0
4.42409e+06	0
4.42419e+06	0
4.42429e+06	0
4.42439e+06	0
4.42449e+06	0
4.42459e+06	0
4.42469e+06	0
4.42479e+06	0
4.42489e+06	0
4.42499e+06	0
4.42509e+06	0
4.42519e+06	0
4.42529e+06	0
4.42539e+06	0
4.42549e+06	0
4.42559e+06	0
4.42569e+06	0
4.42579e+06	0
4.42589e+06	0
4.42599e+06	0
4.42609e+06	0
4.42619e+06	0
4.42629e+06	0
4.42639e+06	0
4.42649e+06	0
4.42659e+06	0
4.42669e+06	0
4.42679e+06	0
4.42689e+06	0
4.42699e+06	0
4.42709e+06	0
4.42719e+06	0
4.42729e+06	0
4.42739e+06	0
4.42749e+06	0
4.42759e+06	0
4.42769e+06	0
4.42779e+06	0
4.42789e+06	0
4.42799e+06	0
4.42809e+06	0
4.42819e+06	0
4.42829e+06	0
4.42839e+06	0
4.42849e+06	0
4.42859e+06	0
4.42869e+06	0
4.42879e+06	0
4.42889e+06	0
4.42899e+06	0
4.42909e+06	0
4.42919e+06	0
4.42929e+06	0
4.42939e+06	0
4.42949e+06	0
4.42959e+06	0
4.42969e+06	0
4.42979e+06	0
4.42989e+06	0
4.42999e+06	0
4.43009e+06	0
4.43019e+06	0
4.43029e+06	0
4.43039e+06	0
4.43049e+06	0
4.43059e+06	0
4.43069e+06	0
4.43079e+06	0
4.43089e+06	0
4.43099e+06	0
4.43109e+06	0
4.43119e+06	0
4.43129e+06	0
4.43139e+06	0
4.43149e+06	0
4.43159e+06	0
4.43169e+06	0
4.43179e+06	0
4.43189e+06	0
4.43199e+06	0
4.43209e+06	0
4.43219e+06	0
4.43229e+06	0
4.43239e+06	0
4.43249e+06	0
4.43259e+06	0
4.43269e+06	0
4.43279e+06	0
4.43289e+06	0
4.43299e+06	0
4.43309e+06	0
4.43319e+06	0
4.43329e+06	0
4.43339e+06	0
4.43349e+06	0
4.43359e+06	0
4.43369e+06	0
4.43379e+06	0
4.43389e+06	0
4.43399e+06	0
4.43409e+06	0
4.43419e+06	0
4.43429e+06	0
4.43439e+06	0
4.43449e+06	0
4.43459e+06	0
4.43469e+06	0
4.43479e+06	0
4.43489e+06	0
4.43499e+06	0
4.43509e+06	0
4.43519e+06	0
4.43529e+06	0
4.43539e+06	0
4.43549e+06	0
4.43559e+06	0
4.43569e+06	0
4.43579e+06	0
4.43589e+06	0
4.43599e+06	0
4.43609e+06	0
4.43619e+06	0
4.43629e+06	0
4.43639e+06	0
4.43649e+06	0
4.43659e+06	0
4.43669e+06	0
4.43679e+06	0
4.43689e+06	0
4.43699e+06	0
4.43709e+06	0
4.43719e+06	0
4.43729e+06	0
4.43739e+06	0
4.43749e+06	0
4.43759e+06	0
4.43769e+06	0
4.43779e+06	0
4.43789e+06	0
4.43799e+06	0
4.43809e+06	0
4.43819e+06	0
4.43829e+06	0
4.43839e+06	0
4.43849e+06	0
4.43859e+06	0
4.43869e+06	0
4.43879e+06	0
4.43889e+06	0
4.43899e+06	0
4.43909e+06	0
4.43919e+06	0
4.43929e+06	0
4.43939e+06	0
4.43949e+06	0
4.43959e+06	0
4.43969e+06	0
4.43979e+06	0
4.43989e+06	0
4.43999e+06	0
4.44009e+06	0
4.44019e+06	0
4.44029e+06	0
4.44039e+06	0
4.44049e+06	0
4.44059e+06	0
4.44069e+06	0
4.44079e+06	0
4.44089e+06	0
4.44099e+06	0
4.44109e+06	0
4.44119e+06	0
4.44129e+06	0
4.44139e+06	0
4.44149e+06	0
4.44159e+06	0
4.44169e+06	0
4.44179e+06	0
4.44189e+06	0
4.44199e+06	0
4.44209e+06	0
4.44219e+06	0
4.44229e+06	0
4.44239e+06	0
4.44249e+06	0
4.44259e+06	0
4.44269e+06	0
4.44279e+06	0
4.44289e+06	0
4.44299e+06	0
4.44309e+06	0
4.44319e+06	0
4.44329e+06	0
4.44339e+06	0
4.44349e+06	0
4.44359e+06	0
4.44369e+06	0
4.44379e+06	0
4.44389e+06	0
4.44399e+06	0
4.44409e+06	0
4.44419e+06	0
4.44429e+06	0
4.44439e+06	0
4.44449e+06	0
4.44459e+06	0
4.44469e+06	0
4.44479e+06	0
4.44489e+06	0
4.44499e+06	0
4.44509e+06	0
4.44519e+06	0
4.44529e+06	0
4.44539e+06	0
4.44549e+06	0
4.44559e+06	0
4.44569e+06	0
4.44579e+06	0
4.44589e+06	0
4.44599e+06	0
4.44609e+06	0
4.44619e+06	0
4.44629e+06	0
4.44639e+06	0
4.44649e+06	0
4.44659e+06	0
4.44669e+06	0
4.44679e+06	0
4.44689e+06	0
4.44699e+06	0
4.44709e+06	0
4.44719e+06	0
4.44729e+06	0
4.44739e+06	0
4.44749e+06	0
4.44759e+06	0
4.44769e+06	0
4.44779e+06	0
4.44789e+06	0
4.44799e+06	0
4.44809e+06	0
4.44819e+06	0
4.44829e+06	0
4.44839e+06	0
4.44849e+06	0
4.44859e+06	0
4.44869e+06	0
4.44879e+06	0
4.44889e+06	0
4.44899e+06	0
4.44909e+06	0
4.44919e+06	0
4.44929e+06	0
4.44939e+06	0
4.44949e+06	0
4.44959e+06	0
4.44969e+06	0
4.44979e+06	0
4.44989e+06	0
4.44999e+06	0
4.45009e+06	0
4.45019e+06	0
4.45029e+06	0
4.45039e+06	0
4.45049e+06	0
4.45059e+06	0
4.45069e+06	0
4.45079e+06	0
4.45089e+06	0
4.45099e+06	0
4.45109e+06	0
4.45119e+06	0
4.45129e+06	0
4.45139e+06	0
4.45149e+06	0
4.45159e+06	0
4.45169e+06	0
4.45179e+06	0
4.45189e+06	0
4.45199e+06	0
4.45209e+06	0
4.45219e+06	0
4.45229e+06	0
4.45239e+06	0
4.45249e+06	0
4.45259e+06	0
4.45269e+06	0
4.45279e+06	0
4.45289e+06	0
4.45299e+06	0
4.45309e+06	0
4.45319e+06	0
4.45329e+06	0
4.45339e+06	0
4.45349e+06	0
4.45359e+06	0
4.45369e+06	0
4.45379e+06	0
4.45389e+06	0
4.45399e+06	0
4.45409e+06	0
4.45419e+06	0
4.45429e+06	0
4.45439e+06	0
4.45449e+06	0
4.45459e+06	0
4.45469e+06	0
4.45479e+06	0
4.45489e+06	0
4.45499e+06	0
4.45509e+06	0
4.45519e+06	0
4.45529e+06	0
4.45539e+06	0
4.45549e+06	0
4.45559e+06	0
4.45569e+06	0
4.45579e+06	0
4.45589e+06	0
4.45599e+06	0
4.45609e+06	0
4.45619e+06	0
4.45629e+06	0
4.45639e+06	0
4.45649e+06	0
4.45659e+06	0
4.45669e+06	0
4.45679e+06	0
4.45689e+06	0
4.45699e+06	0
4.45709e+06	0
4.45719e+06	0
4.45729e+06	0
4.45739e+06	0
4.45749e+06	0
4.45759e+06	0
4.45769e+06	0
4.45779e+06	0
4.45789e+06	0
4.45799e+06	0
4.45809e+06	0
4.45819e+06	0
4.45829e+06	0
4.45839e+06	0
4.45849e+06	0
4.45859e+06	0
4.45869e+06	0
4.45879e+06	0
4.45889e+06	0
4.45899e+06	0
4.45909e+06	0
4.45919e+06	0
4.45929e+06	0
4.45939e+06	0
4.45949e+06	0
4.45959e+06	0
4.45969e+06	0
4.45979e+06	0
4.45989e+06	0
4.45999e+06	0
4.46009e+06	0
4.46019e+06	0
4.46029e+06	0
4.46039e+06	0
4.46049e+06	0
4.46059e+06	0
4.46069e+06	0
4.46079e+06	0
4.46089e+06	0
4.46099e+06	0
4.46109e+06	0
4.46119e+06	0
4.46129e+06	0
4.46139e+06	0
4.46149e+06	0
4.46159e+06	0
4.46169e+06	0
4.46179e+06	0
4.46189e+06	0
4.46199e+06	0
4.46209e+06	0
4.46219e+06	0
4.46229e+06	0
4.46239e+06	0
4.46249e+06	0
4.46259e+06	0
4.46269e+06	0
4.46279e+06	0
4.46289e+06	0
4.46299e+06	0
4.46309e+06	0
4.46319e+06	0
4.46329e+06	0
4.46339e+06	0
4.46349e+06	0
4.46359e+06	0
4.46369e+06	0
4.46379e+06	0
4.46389e+06	0
4.46399e+06	0
4.46409e+06	0
4.46419e+06	0
4.46429e+06	0
4.46439e+06	0
4.46449e+06	0
4.46459e+06	0
4.46469e+06	0
4.46479e+06	0
4.46489e+06	0
4.46499e+06	0
4.46509e+06	0
4.46519e+06	0
4.46529e+06	0
4.46539e+06	0
4.46549e+06	0
4.46559e+06	0
4.46569e+06	0
4.46579e+06	0
4.46589e+06	0
4.46599e+06	0
4.46609e+06	0
4.46619e+06	0
4.46629e+06	0
4.46639e+06	0
4.46649e+06	0
4.46659e+06	0
4.46669e+06	0
4.46679e+06	0
4.46689e+06	0
4.46699e+06	0
4.46709e+06	0
4.46719e+06	0
4.46729e+06	0
4.46739e+06	0
4.46749e+06	0
4.46759e+06	0
4.46769e+06	0
4.46779e+06	0
4.46789e+06	0
4.46799e+06	0
4.46809e+06	0
4.46819e+06	0
4.46829e+06	0
4.46839e+06	0
4.46849e+06	0
4.46859e+06	0
4.46869e+06	0
4.46879e+06	0
4.46889e+06	0
4.46899e+06	0
4.46909e+06	0
4.46919e+06	0
4.46929e+06	0
4.46939e+06	0
4.46949e+06	0
4.46959e+06	0
4.46969e+06	0
4.46979e+06	0
4.46989e+06	0
4.46999e+06	0
4.47009e+06	0
4.47019e+06	0
4.47029e+06	0
4.47039e+06	0
4.47049e+06	0
4.47059e+06	0
4.47069e+06	0
4.47079e+06	0
4.47089e+06	0
4.47099e+06	0
4.47109e+06	0
4.47119e+06	0
4.47129e+06	0
4.47139e+06	0
4.47149e+06	0
4.47159e+06	0
4.47169e+06	0
4.47179e+06	0
4.47189e+06	0
4.47199e+06	0
4.47209e+06	0
4.47219e+06	0
4.47229e+06	0
4.47239e+06	0
4.47249e+06	0
4.47259e+06	0
4.47269e+06	0
4.47279e+06	0
4.47289e+06	0
4.47299e+06	0
4.47309e+06	0
4.47319e+06	0
4.47329e+06	0
4.47339e+06	0
4.47349e+06	0
4.47359e+06	0
4.47369e+06	0
4.47379e+06	0
4.47389e+06	0
4.47399e+06	0
4.47409e+06	0
4.47419e+06	0
4.47429e+06	0
4.47439e+06	0
4.47449e+06	0
4.47459e+06	0
4.47469e+06	0
4.47479e+06	0
4.47489e+06	0
4.47499e+06	0
4.47509e+06	0
4.47519e+06	0
4.47529e+06	0
4.47539e+06	0
4.47549e+06	0
4.47559e+06	0
4.47569e+06	0
4.47579e+06	0
4.47589e+06	0
4.47599e+06	0
4.47609e+06	0
4.47619e+06	0
4.47629e+06	0
4.47639e+06	0
4.47649e+06	0
4.47659e+06	0
4.47669e+06	0
4.47679e+06	0
4.47689e+06	0
4.47699e+06	0
4.47709e+06	0
4.47719e+06	0
4.47729e+06	0
4.47739e+06	0
4.47749e+06	0
4.47759e+06	0
4.47769e+06	0
4.47779e+06	0
4.47789e+06	0
4.47799e+06	0
4.47809e+06	0
4.47819e+06	0
4.47829e+06	0
4.47839e+06	0
4.47849e+06	0
4.47859e+06	0
4.47869e+06	0
4.47879e+06	0
4.47889e+06	0
4.47899e+06	0
4.47909e+06	0
4.47919e+06	0
4.47929e+06	0
4.47939e+06	0
4.47949e+06	0
4.47959e+06	0
4.47969e+06	0
4.47979e+06	0
4.47989e+06	0
4.47999e+06	0
4.48009e+06	0
4.48019e+06	0
4.48029e+06	0
4.48039e+06	0
4.48049e+06	0
4.48059e+06	0
4.48069e+06	0
4.48079e+06	0
4.48089e+06	0
4.48099e+06	0
4.48109e+06	0
4.48119e+06	0
4.48129e+06	0
4.48139e+06	0
4.48149e+06	0
4.48159e+06	0
4.48169e+06	0
4.48179e+06	0
4.48189e+06	0
4.48199e+06	0
4.48209e+06	0
4.48219e+06	0
4.48229e+06	0
4.48239e+06	0
4.48249e+06	0
4.48259e+06	0
4.48269e+06	0
4.48279e+06	0
4.48289e+06	0
4.48299e+06	0
4.48309e+06	0
4.48319e+06	0
4.48329e+06	0
4.48339e+06	0
4.48349e+06	0
4.48359e+06	0
4.48369e+06	0
4.48379e+06	0
4.48389e+06	0
4.48399e+06	0
4.48409e+06	0
4.48419e+06	0
4.48429e+06	0
4.48439e+06	0
4.48449e+06	0
4.48459e+06	0
4.48469e+06	0
4.48479e+06	0
4.48489e+06	0
4.48499e+06	0
4.48509e+06	0
4.48519e+06	0
4.48529e+06	0
4.48539e+06	0
4.48549e+06	0
4.48559e+06	0
4.48569e+06	0
4.48579e+06	0
4.48589e+06	0
4.48599e+06	0
4.48609e+06	0
4.48619e+06	0
4.48629e+06	0
4.48639e+06	0
4.48649e+06	0
4.48659e+06	0
4.48669e+06	0
4.48679e+06	0
4.48689e+06	0
4.48699e+06	0
4.48709e+06	0
4.48719e+06	0
4.48729e+06	0
4.48739e+06	0
4.48749e+06	0
4.48759e+06	0
4.48769e+06	0
4.48779e+06	0
4.48789e+06	0
4.48799e+06	0
4.48809e+06	0
4.48819e+06	0
4.48829e+06	0
4.48839e+06	0
4.48849e+06	0
4.48859e+06	0
4.48869e+06	0
4.48879e+06	0
4.48889e+06	0
4.48899e+06	0
4.48909e+06	0
4.48919e+06	0
4.48929e+06	0
4.48939e+06	0
4.48949e+06	0
4.48959e+06	0
4.48969e+06	0
4.48979e+06	0
4.48989e+06	0
4.48999e+06	0
4.49009e+06	0
4.49019e+06	0
4.49029e+06	0
4.49039e+06	0
4.49049e+06	0
4.49059e+06	0
4.49069e+06	0
4.49079e+06	0
4.49089e+06	0
4.49099e+06	0
4.49109e+06	0
4.49119e+06	0
4.49129e+06	0
4.49139e+06	0
4.49149e+06	0
4.49159e+06	0
4.49169e+06	0
4.49179e+06	0
4.49189e+06	0
4.49199e+06	0
4.49209e+06	0
4.49219e+06	0
4.49229e+06	0
4.49239e+06	0
4.49249e+06	0
4.49259e+06	0
4.49269e+06	0
4.49279e+06	0
4.49289e+06	0
4.49299e+06	0
4.49309e+06	0
4.49319e+06	0
4.49329e+06	0
4.49339e+06	0
4.49349e+06	0
4.49359e+06	0
4.49369e+06	0
4.49379e+06	0
4.49389e+06	0
4.49399e+06	0
4.49409e+06	0
4.49419e+06	0
4.49429e+06	0
4.49439e+06	0
4.49449e+06	0
4.49459e+06	0
4.49469e+06	0
4.49479e+06	0
4.49489e+06	0
4.49499e+06	0
4.49509e+06	0
4.49519e+06	0
4.49529e+06	0
4.49539e+06	0
4.49549e+06	0
4.49559e+06	0
4.49569e+06	0
4.49579e+06	0
4.49589e+06	0
4.49599e+06	0
4.49609e+06	0
4.49619e+06	0
4.49629e+06	0
4.49639e+06	0
4.49649e+06	0
4.49659e+06	0
4.49669e+06	0
4.49679e+06	0
4.49689e+06	0
4.49699e+06	0
4.49709e+06	0
4.49719e+06	0
4.49729e+06	0
4.49739e+06	0
4.49749e+06	0
4.49759e+06	0
4.49769e+06	0
4.49779e+06	0
4.49789e+06	0
4.49799e+06	0
4.49809e+06	0
4.49819e+06	0
4.49829e+06	0
4.49839e+06	0
4.49849e+06	0
4.49859e+06	0
4.49869e+06	0
4.49879e+06	0
4.49889e+06	0
4.49899e+06	0
4.49909e+06	0
4.49919e+06	0
4.49929e+06	0
4.49939e+06	0
4.49949e+06	0
4.49959e+06	0
4.49969e+06	0
4.49979e+06	0
4.49989e+06	0
4.49999e+06	0
4.50009e+06	0
4.50019e+06	0
4.50029e+06	0
4.50039e+06	0
4.50049e+06	0
4.50059e+06	0
4.50069e+06	0
4.50079e+06	0
4.50089e+06	0
4.50099e+06	0
4.50109e+06	0
4.50119e+06	0
4.50129e+06	0
4.50139e+06	0
4.50149e+06	0
4.50159e+06	0
4.50169e+06	0
4.50179e+06	0
4.50189e+06	0
4.50199e+06	0
4.50209e+06	0
4.50219e+06	0
4.50229e+06	0
4.50239e+06	0
4.50249e+06	0
4.50259e+06	0
4.50269e+06	0
4.50279e+06	0
4.50289e+06	0
4.50299e+06	0
4.50309e+06	0
4.50319e+06	0
4.50329e+06	0
4.50339e+06	0
4.50349e+06	0
4.50359e+06	0
4.50369e+06	0
4.50379e+06	0
4.50389e+06	0
4.50399e+06	0
4.50409e+06	0
4.50419e+06	0
4.50429e+06	0
4.50439e+06	0
4.50449e+06	0
4.50459e+06	0
4.50469e+06	0
4.50479e+06	0
4.50489e+06	0
4.50499e+06	0
4.50509e+06	0
4.50519e+06	0
4.50529e+06	0
4.50539e+06	0
4.50549e+06	0
4.50559e+06	0
4.50569e+06	0
4.50579e+06	0
4.50589e+06	0
4.50599e+06	0
4.50609e+06	0
4.50619e+06	0
4.50629e+06	0
4.50639e+06	0
4.50649e+06	0
4.50659e+06	0
4.50669e+06	0
4.50679e+06	0
4.50689e+06	0
4.50699e+06	0
4.50709e+06	0
4.50719e+06	0
4.50729e+06	0
4.50739e+06	0
4.50749e+06	0
4.50759e+06	0
4.50769e+06	0
4.50779e+06	0
4.50789e+06	0
4.50799e+06	0
4.50809e+06	0
4.50819e+06	0
4.50829e+06	0
4.50839e+06	0
4.50849e+06	0
4.50859e+06	0
4.50869e+06	0
4.50879e+06	0
4.50889e+06	0
4.50899e+06	0
4.50909e+06	0
4.50919e+06	0
4.50929e+06	0
4.50939e+06	0
4.50949e+06	0
4.50959e+06	0
4.50969e+06	0
4.50979e+06	0
4.50989e+06	0
4.50999e+06	0
4.51009e+06	0
4.51019e+06	0
4.51029e+06	0
4.51039e+06	0
4.51049e+06	0
4.51059e+06	0
4.51069e+06	0
4.51079e+06	0
4.51089e+06	0
4.51099e+06	0
4.51109e+06	0
4.51119e+06	0
4.51129e+06	0
4.51139e+06	0
4.51149e+06	0
4.51159e+06	0
4.51169e+06	0
4.51179e+06	0
4.51189e+06	0
4.51199e+06	0
4.51209e+06	0
4.51219e+06	0
4.51229e+06	0
4.51239e+06	0
4.51249e+06	0
4.51259e+06	0
4.51269e+06	0
4.51279e+06	0
4.51289e+06	0
4.51299e+06	0
4.51309e+06	0
4.51319e+06	0
4.51329e+06	0
4.51339e+06	0
4.51349e+06	0
4.51359e+06	0
4.51369e+06	0
4.51379e+06	0
4.51389e+06	0
4.51399e+06	0
4.51409e+06	0
4.51419e+06	0
4.51429e+06	0
4.51439e+06	0
4.51449e+06	0
4.51459e+06	0
4.51469e+06	0
4.51479e+06	0
4.51489e+06	0
4.51499e+06	0
4.51509e+06	0
4.51519e+06	0
4.51529e+06	0
4.51539e+06	0
4.51549e+06	0
4.51559e+06	0
4.51569e+06	0
4.51579e+06	0
4.51589e+06	0
4.51599e+06	0
4.51609e+06	0
4.51619e+06	0
4.51629e+06	0
4.51639e+06	0
4.51649e+06	0
4.51659e+06	0
4.51669e+06	0
4.51679e+06	0
4.51689e+06	0
4.51699e+06	0
4.51709e+06	0
4.51719e+06	0
4.51729e+06	0
4.51739e+06	0
4.51749e+06	0
4.51759e+06	0
4.51769e+06	0
4.51779e+06	0
4.51789e+06	0
4.51799e+06	0
4.51809e+06	0
4.51819e+06	0
4.51829e+06	0
4.51839e+06	0
4.51849e+06	0
4.51859e+06	0
4.51869e+06	0
4.51879e+06	0
4.51889e+06	0
4.51899e+06	0
4.51909e+06	0
4.51919e+06	0
4.51929e+06	0
4.51939e+06	0
4.51949e+06	0
4.51959e+06	0
4.51969e+06	0
4.51979e+06	0
4.51989e+06	0
4.51999e+06	0
4.52009e+06	0
4.52019e+06	0
4.52029e+06	0
4.52039e+06	0
4.52049e+06	0
4.52059e+06	0
4.52069e+06	0
4.52079e+06	0
4.52089e+06	0
4.52099e+06	0
4.52109e+06	0
4.52119e+06	0
4.52129e+06	0
4.52139e+06	0
4.52149e+06	0
4.52159e+06	0
4.52169e+06	0
4.52179e+06	0
4.52189e+06	0
4.52199e+06	0
4.52209e+06	0
4.52219e+06	0
4.52229e+06	0
4.52239e+06	0
4.52249e+06	0
4.52259e+06	0
4.52269e+06	0
4.52279e+06	0
4.52289e+06	0
4.52299e+06	0
4.52309e+06	0
4.52319e+06	0
4.52329e+06	0
4.52339e+06	0
4.52349e+06	0
4.52359e+06	0
4.52369e+06	0
4.52379e+06	0
4.52389e+06	0
4.52399e+06	0
4.52409e+06	0
4.52419e+06	0
4.52429e+06	0
4.52439e+06	0
4.52449e+06	0
4.52459e+06	0
4.52469e+06	0
4.52479e+06	0
4.52489e+06	0
4.52499e+06	0
4.52509e+06	0
4.52519e+06	0
4.52529e+06	0
4.52539e+06	0
4.52549e+06	0
4.52559e+06	0
4.52569e+06	0
4.52579e+06	0
4.52589e+06	0
4.52599e+06	0
4.52609e+06	0
4.52619e+06	0
4.52629e+06	0
4.52639e+06	0
4.52649e+06	0
4.52659e+06	0
4.52669e+06	0
4.52679e+06	0
4.52689e+06	0
4.52699e+06	0
4.52709e+06	0
4.52719e+06	0
4.52729e+06	0
4.52739e+06	0
4.52749e+06	0
4.52759e+06	0
4.52769e+06	0
4.52779e+06	0
4.52789e+06	0
4.52799e+06	0
4.52809e+06	0
4.52819e+06	0
4.52829e+06	0
4.52839e+06	0
4.52849e+06	0
4.52859e+06	0
4.52869e+06	0
4.52879e+06	0
4.52889e+06	0
4.52899e+06	0
4.52909e+06	0
4.52919e+06	0
4.52929e+06	0
4.52939e+06	0
4.52949e+06	0
4.52959e+06	0
4.52969e+06	0
4.52979e+06	0
4.52989e+06	0
4.52999e+06	0
4.53009e+06	0
4.53019e+06	0
4.53029e+06	0
4.53039e+06	0
4.53049e+06	0
4.53059e+06	0
4.53069e+06	0
4.53079e+06	0
4.53089e+06	0
4.53099e+06	0
4.53109e+06	0
4.53119e+06	0
4.53129e+06	0
4.53139e+06	0
4.53149e+06	0
4.53159e+06	0
4.53169e+06	0
4.53179e+06	0
4.53189e+06	0
4.53199e+06	0
4.53209e+06	0
4.53219e+06	0
4.53229e+06	0
4.53239e+06	0
4.53249e+06	0
4.53259e+06	0
4.53269e+06	0
4.53279e+06	0
4.53289e+06	0
4.53299e+06	0
4.53309e+06	0
4.53319e+06	0
4.53329e+06	0
4.53339e+06	0
4.53349e+06	0
4.53359e+06	0
4.53369e+06	0
4.53379e+06	0
4.53389e+06	0
4.53399e+06	0
4.53409e+06	0
4.53419e+06	0
4.53429e+06	0
4.53439e+06	0
4.53449e+06	0
4.53459e+06	0
4.53469e+06	0
4.53479e+06	0
4.53489e+06	0
4.53499e+06	0
4.53509e+06	0
4.53519e+06	0
4.53529e+06	0
4.53539e+06	0
4.53549e+06	0
4.53559e+06	0
4.53569e+06	0
4.53579e+06	0
4.53589e+06	0
4.53599e+06	0
4.53609e+06	0
4.53619e+06	0
4.53629e+06	0
4.53639e+06	0
4.53649e+06	0
4.53659e+06	0
4.53669e+06	0
4.53679e+06	0
4.53689e+06	0
4.53699e+06	0
4.53709e+06	0
4.53719e+06	0
4.53729e+06	0
4.53739e+06	0
4.53749e+06	0
4.53759e+06	0
4.53769e+06	0
4.53779e+06	0
4.53789e+06	0
4.53799e+06	0
4.53809e+06	0
4.53819e+06	0
4.53829e+06	0
4.53839e+06	0
4.53849e+06	0
4.53859e+06	0
4.53869e+06	0
4.53879e+06	0
4.53889e+06	0
4.53899e+06	0
4.53909e+06	0
4.53919e+06	0
4.53929e+06	0
4.53939e+06	0
4.53949e+06	0
4.53959e+06	0
4.53969e+06	0
4.53979e+06	0
4.53989e+06	0
4.53999e+06	0
4.54009e+06	0
4.54019e+06	0
4.54029e+06	0
4.54039e+06	0
4.54049e+06	0
4.54059e+06	0
4.54069e+06	0
4.54079e+06	0
4.54089e+06	0
4.54099e+06	0
4.54109e+06	0
4.54119e+06	0
4.54129e+06	0
4.54139e+06	0
4.54149e+06	0
4.54159e+06	0
4.54169e+06	0
4.54179e+06	0
4.54189e+06	0
4.54199e+06	0
4.54209e+06	0
4.54219e+06	0
4.54229e+06	0
4.54239e+06	0
4.54249e+06	0
4.54259e+06	0
4.54269e+06	0
4.54279e+06	0
4.54289e+06	0
4.54299e+06	0
4.54309e+06	0
4.54319e+06	0
4.54329e+06	0
4.54339e+06	0
4.54349e+06	0
4.54359e+06	0
4.54369e+06	0
4.54379e+06	0
4.54389e+06	0
4.54399e+06	0
4.54409e+06	0
4.54419e+06	0
4.54429e+06	0
4.54439e+06	0
4.54449e+06	0
4.54459e+06	0
4.54469e+06	0
4.54479e+06	0
4.54489e+06	0
4.54499e+06	0
4.54509e+06	0
4.54519e+06	0
4.54529e+06	0
4.54539e+06	0
4.54549e+06	0
4.54559e+06	0
4.54569e+06	0
4.54579e+06	0
4.54589e+06	0
4.54599e+06	0
4.54609e+06	0
4.54619e+06	0
4.54629e+06	0
4.54639e+06	0
4.54649e+06	0
4.54659e+06	0
4.54669e+06	0
4.54679e+06	0
4.54689e+06	0
4.54699e+06	0
4.54709e+06	0
4.54719e+06	0
4.54729e+06	0
4.54739e+06	0
4.54749e+06	0
4.54759e+06	0
4.54769e+06	0
4.54779e+06	0
4.54789e+06	0
4.54799e+06	0
4.54809e+06	0
4.54819e+06	0
4.54829e+06	0
4.54839e+06	0
4.54849e+06	0
4.54859e+06	0
4.54869e+06	0
4.54879e+06	0
4.54889e+06	0
4.54899e+06	0
4.54909e+06	0
4.54919e+06	0
4.54929e+06	0
4.54939e+06	0
4.54949e+06	0
4.54959e+06	0
4.54969e+06	0
4.54979e+06	0
4.54989e+06	0
4.54999e+06	0
4.55009e+06	0
4.55019e+06	0
4.55029e+06	0
4.55039e+06	0
4.55049e+06	0
4.55059e+06	0
4.55069e+06	0
4.55079e+06	0
4.55089e+06	0
4.55099e+06	0
4.55109e+06	0
4.55119e+06	0
4.55129e+06	0
4.55139e+06	0
4.55149e+06	0
4.55159e+06	0
4.55169e+06	0
4.55179e+06	0
4.55189e+06	0
4.55199e+06	0
4.55209e+06	0
4.55219e+06	0
4.55229e+06	0
4.55239e+06	0
4.55249e+06	0
4.55259e+06	0
4.55269e+06	0
4.55279e+06	0
4.55289e+06	0
4.55299e+06	0
4.55309e+06	0
4.55319e+06	0
4.55329e+06	0
4.55339e+06	0
4.55349e+06	0
4.55359e+06	0
4.55369e+06	0
4.55379e+06	0
4.55389e+06	0
4.55399e+06	0
4.55409e+06	0
4.55419e+06	0
4.55429e+06	0
4.55439e+06	0
4.55449e+06	0
4.55459e+06	0
4.55469e+06	0
4.55479e+06	0
4.55489e+06	0
4.55499e+06	0
4.55509e+06	0
4.55519e+06	0
4.55529e+06	0
4.55539e+06	0
4.55549e+06	0
4.55559e+06	0
4.55569e+06	0
4.55579e+06	0
4.55589e+06	0
4.55599e+06	0
4.55609e+06	0
4.55619e+06	0
4.55629e+06	0
4.55639e+06	0
4.55649e+06	0
4.55659e+06	0
4.55669e+06	0
4.55679e+06	0
4.55689e+06	0
4.55699e+06	0
4.55709e+06	0
4.55719e+06	0
4.55729e+06	0
4.55739e+06	0
4.55749e+06	0
4.55759e+06	0
4.55769e+06	0
4.55779e+06	0
4.55789e+06	0
4.55799e+06	0
4.55809e+06	0
4.55819e+06	0
4.55829e+06	0
4.55839e+06	0
4.55849e+06	0
4.55859e+06	0
4.55869e+06	0
4.55879e+06	0
4.55889e+06	0
4.55899e+06	0
4.55909e+06	0
4.55919e+06	0
4.55929e+06	0
4.55939e+06	0
4.55949e+06	0
4.55959e+06	0
4.55969e+06	0
4.55979e+06	0
4.55989e+06	0
4.55999e+06	0
4.56009e+06	0
4.56019e+06	0
4.56029e+06	0
4.56039e+06	0
4.56049e+06	0
4.56059e+06	0
4.56069e+06	0
4.56079e+06	0
4.56089e+06	0
4.56099e+06	0
4.56109e+06	0
4.56119e+06	0
4.56129e+06	0
4.56139e+06	0
4.56149e+06	0
4.56159e+06	0
4.56169e+06	0
4.56179e+06	0
4.56189e+06	0
4.56199e+06	0
4.56209e+06	0
4.56219e+06	0
4.56229e+06	0
4.56239e+06	0
4.56249e+06	0
4.56259e+06	0
4.56269e+06	0
4.56279e+06	0
4.56289e+06	0
4.56299e+06	0
4.56309e+06	0
4.56319e+06	0
4.56329e+06	0
4.56339e+06	0
4.56349e+06	0
4.56359e+06	0
4.56369e+06	0
4.56379e+06	0
4.56389e+06	0
4.56399e+06	0
4.56409e+06	0
4.56419e+06	0
4.56429e+06	0
4.56439e+06	0
4.56449e+06	0
4.56459e+06	0
4.56469e+06	0
4.56479e+06	0
4.56489e+06	0
4.56499e+06	0
4.56509e+06	0
4.56519e+06	0
4.56529e+06	0
4.56539e+06	0
4.56549e+06	0
4.56559e+06	0
4.56569e+06	0
4.56579e+06	0
4.56589e+06	0
4.56599e+06	0
4.56609e+06	0
4.56619e+06	0
4.56629e+06	0
4.56639e+06	0
4.56649e+06	0
4.56659e+06	0
4.56669e+06	0
4.56679e+06	0
4.56689e+06	0
4.56699e+06	0
4.56709e+06	0
4.56719e+06	0
4.56729e+06	0
4.56739e+06	0
4.56749e+06	0
4.56759e+06	0
4.56769e+06	0
4.56779e+06	0
4.56789e+06	0
4.56799e+06	0
4.56809e+06	0
4.56819e+06	0
4.56829e+06	0
4.56839e+06	0
4.56849e+06	0
4.56859e+06	0
4.56869e+06	0
4.56879e+06	0
4.56889e+06	0
4.56899e+06	0
4.56909e+06	0
4.56919e+06	0
4.56929e+06	0
4.56939e+06	0
4.56949e+06	0
4.56959e+06	0
4.56969e+06	0
4.56979e+06	0
4.56989e+06	0
4.56999e+06	0
4.57009e+06	0
4.57019e+06	0
4.57029e+06	0
4.57039e+06	0
4.57049e+06	0
4.57059e+06	0
4.57069e+06	0
4.57079e+06	0
4.57089e+06	0
4.57099e+06	0
4.57109e+06	0
4.57119e+06	0
4.57129e+06	0
4.57139e+06	0
4.57149e+06	0
4.57159e+06	0
4.57169e+06	0
4.57179e+06	0
4.57189e+06	0
4.57199e+06	0
4.57209e+06	0
4.57219e+06	0
4.57229e+06	0
4.57239e+06	0
4.57249e+06	0
4.57259e+06	0
4.57269e+06	0
4.57279e+06	0
4.57289e+06	0
4.57299e+06	0
4.57309e+06	0
4.57319e+06	0
4.57329e+06	0
4.57339e+06	0
4.57349e+06	0
4.57359e+06	0
4.57369e+06	0
4.57379e+06	0
4.57389e+06	0
4.57399e+06	0
4.57409e+06	0
4.57419e+06	0
4.57429e+06	0
4.57439e+06	0
4.57449e+06	0
4.57459e+06	0
4.57469e+06	0
4.57479e+06	0
4.57489e+06	0
4.57499e+06	0
4.57509e+06	0
4.57519e+06	0
4.57529e+06	0
4.57539e+06	0
4.57549e+06	0
4.57559e+06	0
4.57569e+06	0
4.57579e+06	0
4.57589e+06	0
4.57599e+06	0
4.57609e+06	0
4.57619e+06	0
4.57629e+06	0
4.57639e+06	0
4.57649e+06	0
4.57659e+06	0
4.57669e+06	0
4.57679e+06	0
4.57689e+06	0
4.57699e+06	0
4.57709e+06	0
4.57719e+06	0
4.57729e+06	0
4.57739e+06	0
4.57749e+06	0
4.57759e+06	0
4.57769e+06	0
4.57779e+06	0
4.57789e+06	0
4.57799e+06	0
4.57809e+06	0
4.57819e+06	0
4.57829e+06	0
4.57839e+06	0
4.57849e+06	0
4.57859e+06	0
4.57869e+06	0
4.57879e+06	0
4.57889e+06	0
4.57899e+06	0
4.57909e+06	0
4.57919e+06	0
4.57929e+06	0
4.57939e+06	0
4.57949e+06	0
4.57959e+06	0
4.57969e+06	0
4.57979e+06	0
4.57989e+06	0
4.57999e+06	0
4.58009e+06	0
4.58019e+06	0
4.58029e+06	0
4.58039e+06	0
4.58049e+06	0
4.58059e+06	0
4.58069e+06	0
4.58079e+06	0
4.58089e+06	0
4.58099e+06	0
4.58109e+06	0
4.58119e+06	0
4.58129e+06	0
4.58139e+06	0
4.58149e+06	0
4.58159e+06	0
4.58169e+06	0
4.58179e+06	0
4.58189e+06	0
4.58199e+06	0
4.58209e+06	0
4.58219e+06	0
4.58229e+06	0
4.58239e+06	0
4.58249e+06	0
4.58259e+06	0
4.58269e+06	0
4.58279e+06	0
4.58289e+06	0
4.58299e+06	0
4.58309e+06	0
4.58319e+06	0
4.58329e+06	0
4.58339e+06	0
4.58349e+06	0
4.58359e+06	0
4.58369e+06	0
4.58379e+06	0
4.58389e+06	0
4.58399e+06	0
4.58409e+06	0
4.58419e+06	0
4.58429e+06	0
4.58439e+06	0
4.58449e+06	0
4.58459e+06	0
4.58469e+06	0
4.58479e+06	0
4.58489e+06	0
4.58499e+06	0
4.58509e+06	0
4.58519e+06	0
4.58529e+06	0
4.58539e+06	0
4.58549e+06	0
4.58559e+06	0
4.58569e+06	0
4.58579e+06	0
4.58589e+06	0
4.58599e+06	0
4.58609e+06	0
4.58619e+06	0
4.58629e+06	0
4.58639e+06	0
4.58649e+06	0
4.58659e+06	0
4.58669e+06	0
4.58679e+06	0
4.58689e+06	0
4.58699e+06	0
4.58709e+06	0
4.58719e+06	0
4.58729e+06	0
4.58739e+06	0
4.58749e+06	0
4.58759e+06	0
4.58769e+06	0
4.58779e+06	0
4.58789e+06	0
4.58799e+06	0
4.58809e+06	0
4.58819e+06	0
4.58829e+06	0
4.58839e+06	0
4.58849e+06	0
4.58859e+06	0
4.58869e+06	0
4.58879e+06	0
4.58889e+06	0
4.58899e+06	0
4.58909e+06	0
4.58919e+06	0
4.58929e+06	0
4.58939e+06	0
4.58949e+06	0
4.58959e+06	0
4.58969e+06	0
4.58979e+06	0
4.58989e+06	0
4.58999e+06	0
4.59009e+06	0
4.59019e+06	0
4.59029e+06	0
4.59039e+06	0
4.59049e+06	0
4.59059e+06	0
4.59069e+06	0
4.59079e+06	0
4.59089e+06	0
4.59099e+06	0
4.59109e+06	0
4.59119e+06	0
4.59129e+06	0
4.59139e+06	0
4.59149e+06	0
4.59159e+06	0
4.59169e+06	0
4.59179e+06	0
4.59189e+06	0
4.59199e+06	0
4.59209e+06	0
4.59219e+06	0
4.59229e+06	0
4.59239e+06	0
4.59249e+06	0
4.59259e+06	0
4.59269e+06	0
4.59279e+06	0
4.59289e+06	0
4.59299e+06	0
4.59309e+06	0
4.59319e+06	0
4.59329e+06	0
4.59339e+06	0
4.59349e+06	0
4.59359e+06	0
4.59369e+06	0
4.59379e+06	0
4.59389e+06	0
4.59399e+06	0
4.59409e+06	0
4.59419e+06	0
4.59429e+06	0
4.59439e+06	0
4.59449e+06	0
4.59459e+06	0
4.59469e+06	0
4.59479e+06	0
4.59489e+06	0
4.59499e+06	0
4.59509e+06	0
4.59519e+06	0
4.59529e+06	0
4.59539e+06	0
4.59549e+06	0
4.59559e+06	0
4.59569e+06	0
4.59579e+06	0
4.59589e+06	0
4.59599e+06	0
4.59609e+06	0
4.59619e+06	0
4.59629e+06	0
4.59639e+06	0
4.59649e+06	0
4.59659e+06	0
4.59669e+06	0
4.59679e+06	0
4.59689e+06	0
4.59699e+06	0
4.59709e+06	0
4.59719e+06	0
4.59729e+06	0
4.59739e+06	0
4.59749e+06	0
4.59759e+06	0
4.59769e+06	0
4.59779e+06	0
4.59789e+06	0
4.59799e+06	0
4.59809e+06	0
4.59819e+06	0
4.59829e+06	0
4.59839e+06	0
4.59849e+06	0
4.59859e+06	0
4.59869e+06	0
4.59879e+06	0
4.59889e+06	0
4.59899e+06	0
4.59909e+06	0
4.59919e+06	0
4.59929e+06	0
4.59939e+06	0
4.59949e+06	0
4.59959e+06	0
4.59969e+06	0
4.59979e+06	0
4.59989e+06	0
4.59999e+06	0
4.60009e+06	0
4.60019e+06	0
4.60029e+06	0
4.60039e+06	0
4.60049e+06	0
4.60059e+06	0
4.60069e+06	0
4.60079e+06	0
4.60089e+06	0
4.60099e+06	0
4.60109e+06	0
4.60119e+06	0
4.60129e+06	0
4.60139e+06	0
4.60149e+06	0
4.60159e+06	0
4.60169e+06	0
4.60179e+06	0
4.60189e+06	0
4.60199e+06	0
4.60209e+06	0
4.60219e+06	0
4.60229e+06	0
4.60239e+06	0
4.60249e+06	0
4.60259e+06	0
4.60269e+06	0
4.60279e+06	0
4.60289e+06	0
4.60299e+06	0
4.60309e+06	0
4.60319e+06	0
4.60329e+06	0
4.60339e+06	0
4.60349e+06	0
4.60359e+06	0
4.60369e+06	0
4.60379e+06	0
4.60389e+06	0
4.60399e+06	0
4.60409e+06	0
4.60419e+06	0
4.60429e+06	0
4.60439e+06	0
4.60449e+06	0
4.60459e+06	0
4.60469e+06	0
4.60479e+06	0
4.60489e+06	0
4.60499e+06	0
4.60509e+06	0
4.60519e+06	0
4.60529e+06	0
4.60539e+06	0
4.60549e+06	0
4.60559e+06	0
4.60569e+06	0
4.60579e+06	0
4.60589e+06	0
4.60599e+06	0
4.60609e+06	0
4.60619e+06	0
4.60629e+06	0
4.60639e+06	0
4.60649e+06	0
4.60659e+06	0
4.60669e+06	0
4.60679e+06	0
4.60689e+06	0
4.60699e+06	0
4.60709e+06	0
4.60719e+06	0
4.60729e+06	0
4.60739e+06	0
4.60749e+06	0
4.60759e+06	0
4.60769e+06	0
4.60779e+06	0
4.60789e+06	0
4.60799e+06	0
4.60809e+06	0
4.60819e+06	0
4.60829e+06	0
4.60839e+06	0
4.60849e+06	0
4.60859e+06	0
4.60869e+06	0
4.60879e+06	0
4.60889e+06	0
4.60899e+06	0
4.60909e+06	0
4.60919e+06	0
4.60929e+06	0
4.60939e+06	0
4.60949e+06	0
4.60959e+06	0
4.60969e+06	0
4.60979e+06	0
4.60989e+06	0
4.60999e+06	0
4.61009e+06	0
4.61019e+06	0
4.61029e+06	0
4.61039e+06	0
4.61049e+06	0
4.61059e+06	0
4.61069e+06	0
4.61079e+06	0
4.61089e+06	0
4.61099e+06	0
4.61109e+06	0
4.61119e+06	0
4.61129e+06	0
4.61139e+06	0
4.61149e+06	0
4.61159e+06	0
4.61169e+06	0
4.61179e+06	0
4.61189e+06	0
4.61199e+06	0
4.61209e+06	0
4.61219e+06	0
4.61229e+06	0
4.61239e+06	0
4.61249e+06	0
4.61259e+06	0
4.61269e+06	0
4.61279e+06	0
4.61289e+06	0
4.61299e+06	0
4.61309e+06	0
4.61319e+06	0
4.61329e+06	0
4.61339e+06	0
4.61349e+06	0
4.61359e+06	0
4.61369e+06	0
4.61379e+06	0
4.61389e+06	0
4.61399e+06	0
4.61409e+06	0
4.61419e+06	0
4.61429e+06	0
4.61439e+06	0
4.61449e+06	0
4.61459e+06	0
4.61469e+06	0
4.61479e+06	0
4.61489e+06	0
4.61499e+06	0
4.61509e+06	0
4.61519e+06	0
4.61529e+06	0
4.61539e+06	0
4.61549e+06	0
4.61559e+06	0
4.61569e+06	0
4.61579e+06	0
4.61589e+06	0
4.61599e+06	0
4.61609e+06	0
4.61619e+06	0
4.61629e+06	0
4.61639e+06	0
4.61649e+06	0
4.61659e+06	0
4.61669e+06	0
4.61679e+06	0
4.61689e+06	0
4.61699e+06	0
4.61709e+06	0
4.61719e+06	0
4.61729e+06	0
4.61739e+06	0
4.61749e+06	0
4.61759e+06	0
4.61769e+06	0
4.61779e+06	0
4.61789e+06	0
4.61799e+06	0
4.61809e+06	0
4.61819e+06	0
4.61829e+06	0
4.61839e+06	0
4.61849e+06	0
4.61859e+06	0
4.61869e+06	0
4.61879e+06	0
4.61889e+06	0
4.61899e+06	0
4.61909e+06	0
4.61919e+06	0
4.61929e+06	0
4.61939e+06	0
4.61949e+06	0
4.61959e+06	0
4.61969e+06	0
4.61979e+06	0
4.61989e+06	0
4.61999e+06	0
4.62009e+06	0
4.62019e+06	0
4.62029e+06	0
4.62039e+06	0
4.62049e+06	0
4.62059e+06	0
4.62069e+06	0
4.62079e+06	0
4.62089e+06	0
4.62099e+06	0
4.62109e+06	0
4.62119e+06	0
4.62129e+06	0
4.62139e+06	0
4.62149e+06	0
4.62159e+06	0
4.62169e+06	0
4.62179e+06	0
4.62189e+06	0
4.62199e+06	0
4.62209e+06	0
4.62219e+06	0
4.62229e+06	0
4.62239e+06	0
4.62249e+06	0
4.62259e+06	0
4.62269e+06	0
4.62279e+06	0
4.62289e+06	0
4.62299e+06	0
4.62309e+06	0
4.62319e+06	0
4.62329e+06	0
4.62339e+06	0
4.62349e+06	0
4.62359e+06	0
4.62369e+06	0
4.62379e+06	0
4.62389e+06	0
4.62399e+06	0
4.62409e+06	0
4.62419e+06	0
4.62429e+06	0
4.62439e+06	0
4.62449e+06	0
4.62459e+06	0
4.62469e+06	0
4.62479e+06	0
4.62489e+06	0
4.62499e+06	0
4.62509e+06	0
4.62519e+06	0
4.62529e+06	0
4.62539e+06	0
4.62549e+06	0
4.62559e+06	0
4.62569e+06	0
4.62579e+06	0
4.62589e+06	0
4.62599e+06	0
4.62609e+06	0
4.62619e+06	0
4.62629e+06	0
4.62639e+06	0
4.62649e+06	0
4.62659e+06	0
4.62669e+06	0
4.62679e+06	0
4.62689e+06	0
4.62699e+06	0
4.62709e+06	0
4.62719e+06	0
4.62729e+06	0
4.62739e+06	0
4.62749e+06	0
4.62759e+06	0
4.62769e+06	0
4.62779e+06	0
4.62789e+06	0
4.62799e+06	0
4.62809e+06	0
4.62819e+06	0
4.62829e+06	0
4.62839e+06	0
4.62849e+06	0
4.62859e+06	0
4.62869e+06	0
4.62879e+06	0
4.62889e+06	0
4.62899e+06	0
4.62909e+06	0
4.62919e+06	0
4.62929e+06	0
4.62939e+06	0
4.62949e+06	0
4.62959e+06	0
4.62969e+06	0
4.62979e+06	0
4.62989e+06	0
4.62999e+06	0
4.63009e+06	0
4.63019e+06	0
4.63029e+06	0
4.63039e+06	0
4.63049e+06	0
4.63059e+06	0
4.63069e+06	0
4.63079e+06	0
4.63089e+06	0
4.63099e+06	0
4.63109e+06	0
4.63119e+06	0
4.63129e+06	0
4.63139e+06	0
4.63149e+06	0
4.63159e+06	0
4.63169e+06	0
4.63179e+06	0
4.63189e+06	0
4.63199e+06	0
4.63209e+06	0
4.63219e+06	0
4.63229e+06	0
4.63239e+06	0
4.63249e+06	0
4.63259e+06	0
4.63269e+06	0
4.63279e+06	0
4.63289e+06	0
4.63299e+06	0
4.63309e+06	0
4.63319e+06	0
4.63329e+06	0
4.63339e+06	0
4.63349e+06	0
4.63359e+06	0
4.63369e+06	0
4.63379e+06	0
4.63389e+06	0
4.63399e+06	0
4.63409e+06	0
4.63419e+06	0
4.63429e+06	0
4.63439e+06	0
4.63449e+06	0
4.63459e+06	0
4.63469e+06	0
4.63479e+06	0
4.63489e+06	0
4.63499e+06	0
4.63509e+06	0
4.63519e+06	0
4.63529e+06	0
4.63539e+06	0
4.63549e+06	0
4.63559e+06	0
4.63569e+06	0
4.63579e+06	0
4.63589e+06	0
4.63599e+06	0
4.63609e+06	0
4.63619e+06	0
4.63629e+06	0
4.63639e+06	0
4.63649e+06	0
4.63659e+06	0
4.63669e+06	0
4.63679e+06	0
4.63689e+06	0
4.63699e+06	0
4.63709e+06	0
4.63719e+06	0
4.63729e+06	0
4.63739e+06	0
4.63749e+06	0
4.63759e+06	0
4.63769e+06	0
4.63779e+06	0
4.63789e+06	0
4.63799e+06	0
4.63809e+06	0
4.63819e+06	0
4.63829e+06	0
4.63839e+06	0
4.63849e+06	0
4.63859e+06	0
4.63869e+06	0
4.63879e+06	0
4.63889e+06	0
4.63899e+06	0
4.63909e+06	0
4.63919e+06	0
4.63929e+06	0
4.63939e+06	0
4.63949e+06	0
4.63959e+06	0
4.63969e+06	0
4.63979e+06	0
4.63989e+06	0
4.63999e+06	0
4.64009e+06	0
4.64019e+06	0
4.64029e+06	0
4.64039e+06	0
4.64049e+06	0
4.64059e+06	0
4.64069e+06	0
4.64079e+06	0
4.64089e+06	0
4.64099e+06	0
4.64109e+06	0
4.64119e+06	0
4.64129e+06	0
4.64139e+06	0
4.64149e+06	0
4.64159e+06	0
4.64169e+06	0
4.64179e+06	0
4.64189e+06	0
4.64199e+06	0
4.64209e+06	0
4.64219e+06	0
4.64229e+06	0
4.64239e+06	0
4.64249e+06	0
4.64259e+06	0
4.64269e+06	0
4.64279e+06	0
4.64289e+06	0
4.64299e+06	0
4.64309e+06	0
4.64319e+06	0
4.64329e+06	0
4.64339e+06	0
4.64349e+06	0
4.64359e+06	0
4.64369e+06	0
4.64379e+06	0
4.64389e+06	0
4.64399e+06	0
4.64409e+06	0
4.64419e+06	0
4.64429e+06	0
4.64439e+06	0
4.64449e+06	0
4.64459e+06	0
4.64469e+06	0
4.64479e+06	0
4.64489e+06	0
4.64499e+06	0
4.64509e+06	0
4.64519e+06	0
4.64529e+06	0
4.64539e+06	0
4.64549e+06	0
4.64559e+06	0
4.64569e+06	0
4.64579e+06	0
4.64589e+06	0
4.64599e+06	0
4.64609e+06	0
4.64619e+06	0
4.64629e+06	0
4.64639e+06	0
4.64649e+06	0
4.64659e+06	0
4.64669e+06	0
4.64679e+06	0
4.64689e+06	0
4.64699e+06	0
4.64709e+06	0
4.64719e+06	0
4.64729e+06	0
4.64739e+06	0
4.64749e+06	0
4.64759e+06	0
4.64769e+06	0
4.64779e+06	0
4.64789e+06	0
4.64799e+06	0
4.64809e+06	0
4.64819e+06	0
4.64829e+06	0
4.64839e+06	0
4.64849e+06	0
4.64859e+06	0
4.64869e+06	0
4.64879e+06	0
4.64889e+06	0
4.64899e+06	0
4.64909e+06	0
4.64919e+06	0
4.64929e+06	0
4.64939e+06	0
4.64949e+06	0
4.64959e+06	0
4.64969e+06	0
4.64979e+06	0
4.64989e+06	0
4.64999e+06	0
4.65009e+06	0
4.65019e+06	0
4.65029e+06	0
4.65039e+06	0
4.65049e+06	0
4.65059e+06	0
4.65069e+06	0
4.65079e+06	0
4.65089e+06	0
4.65099e+06	0
4.65109e+06	0
4.65119e+06	0
4.65129e+06	0
4.65139e+06	0
4.65149e+06	0
4.65159e+06	0
4.65169e+06	0
4.65179e+06	0
4.65189e+06	0
4.65199e+06	0
4.65209e+06	0
4.65219e+06	0
4.65229e+06	0
4.65239e+06	0
4.65249e+06	0
4.65259e+06	0
4.65269e+06	0
4.65279e+06	0
4.65289e+06	0
4.65299e+06	0
4.65309e+06	0
4.65319e+06	0
4.65329e+06	0
4.65339e+06	0
4.65349e+06	0
4.65359e+06	0
4.65369e+06	0
4.65379e+06	0
4.65389e+06	0
4.65399e+06	0
4.65409e+06	0
4.65419e+06	0
4.65429e+06	0
4.65439e+06	0
4.65449e+06	0
4.65459e+06	0
4.65469e+06	0
4.65479e+06	0
4.65489e+06	0
4.65499e+06	0
4.65509e+06	0
4.65519e+06	0
4.65529e+06	0
4.65539e+06	0
4.65549e+06	0
4.65559e+06	0
4.65569e+06	0
4.65579e+06	0
4.65589e+06	0
4.65599e+06	0
4.65609e+06	0
4.65619e+06	0
4.65629e+06	0
4.65639e+06	0
4.65649e+06	0
4.65659e+06	0
4.65669e+06	0
4.65679e+06	0
4.65689e+06	0
4.65699e+06	0
4.65709e+06	0
4.65719e+06	0
4.65729e+06	0
4.65739e+06	0
4.65749e+06	0
4.65759e+06	0
4.65769e+06	0
4.65779e+06	0
4.65789e+06	0
4.65799e+06	0
4.65809e+06	0
4.65819e+06	0
4.65829e+06	0
4.65839e+06	0
4.65849e+06	0
4.65859e+06	0
4.65869e+06	0
4.65879e+06	0
4.65889e+06	0
4.65899e+06	0
4.65909e+06	0
4.65919e+06	0
4.65929e+06	0
4.65939e+06	0
4.65949e+06	0
4.65959e+06	0
4.65969e+06	0
4.65979e+06	0
4.65989e+06	0
4.65999e+06	0
4.66009e+06	0
4.66019e+06	0
4.66029e+06	0
4.66039e+06	0
4.66049e+06	0
4.66059e+06	0
4.66069e+06	0
4.66079e+06	0
4.66089e+06	0
4.66099e+06	0
4.66109e+06	0
4.66119e+06	0
4.66129e+06	0
4.66139e+06	0
4.66149e+06	0
4.66159e+06	0
4.66169e+06	0
4.66179e+06	0
4.66189e+06	0
4.66199e+06	0
4.66209e+06	0
4.66219e+06	0
4.66229e+06	0
4.66239e+06	0
4.66249e+06	0
4.66259e+06	0
4.66269e+06	0
4.66279e+06	0
4.66289e+06	0
4.66299e+06	0
4.66309e+06	0
4.66319e+06	0
4.66329e+06	0
4.66339e+06	0
4.66349e+06	0
4.66359e+06	0
4.66369e+06	0
4.66379e+06	0
4.66389e+06	0
4.66399e+06	0
4.66409e+06	0
4.66419e+06	0
4.66429e+06	0
4.66439e+06	0
4.66449e+06	0
4.66459e+06	0
4.66469e+06	0
4.66479e+06	0
4.66489e+06	0
4.66499e+06	0
4.66509e+06	0
4.66519e+06	0
4.66529e+06	0
4.66539e+06	0
4.66549e+06	0
4.66559e+06	0
4.66569e+06	0
4.66579e+06	0
4.66589e+06	0
4.66599e+06	0
4.66609e+06	0
4.66619e+06	0
4.66629e+06	0
4.66639e+06	0
4.66649e+06	0
4.66659e+06	0
4.66669e+06	0
4.66679e+06	0
4.66689e+06	0
4.66699e+06	0
4.66709e+06	0
4.66719e+06	0
4.66729e+06	0
4.66739e+06	0
4.66749e+06	0
4.66759e+06	0
4.66769e+06	0
4.66779e+06	0
4.66789e+06	0
4.66799e+06	0
4.66809e+06	0
4.66819e+06	0
4.66829e+06	0
4.66839e+06	0
4.66849e+06	0
4.66859e+06	0
4.66869e+06	0
4.66879e+06	0
4.66889e+06	0
4.66899e+06	0
4.66909e+06	0
4.66919e+06	0
4.66929e+06	0
4.66939e+06	0
4.66949e+06	0
4.66959e+06	0
4.66969e+06	0
4.66979e+06	0
4.66989e+06	0
4.66999e+06	0
4.67009e+06	0
4.67019e+06	0
4.67029e+06	0
4.67039e+06	0
4.67049e+06	0
4.67059e+06	0
4.67069e+06	0
4.67079e+06	0
4.67089e+06	0
4.67099e+06	0
4.67109e+06	0
4.67119e+06	0
4.67129e+06	0
4.67139e+06	0
4.67149e+06	0
4.67159e+06	0
4.67169e+06	0
4.67179e+06	0
4.67189e+06	0
4.67199e+06	0
4.67209e+06	0
4.67219e+06	0
4.67229e+06	0
4.67239e+06	0
4.67249e+06	0
4.67259e+06	0
4.67269e+06	0
4.67279e+06	0
4.67289e+06	0
4.67299e+06	0
4.67309e+06	0
4.67319e+06	0
4.67329e+06	0
4.67339e+06	0
4.67349e+06	0
4.67359e+06	0
4.67369e+06	0
4.67379e+06	0
4.67389e+06	0
4.67399e+06	0
4.67409e+06	0
4.67419e+06	0
4.67429e+06	0
4.67439e+06	0
4.67449e+06	0
4.67459e+06	0
4.67469e+06	0
4.67479e+06	0
4.67489e+06	0
4.67499e+06	0
4.67509e+06	0
4.67519e+06	0
4.67529e+06	0
4.67539e+06	0
4.67549e+06	0
4.67559e+06	0
4.67569e+06	0
4.67579e+06	0
4.67589e+06	0
4.67599e+06	0
4.67609e+06	0
4.67619e+06	0
4.67629e+06	0
4.67639e+06	0
4.67649e+06	0
4.67659e+06	0
4.67669e+06	0
4.67679e+06	0
4.67689e+06	0
4.67699e+06	0
4.67709e+06	0
4.67719e+06	0
4.67729e+06	0
4.67739e+06	0
4.67749e+06	0
4.67759e+06	0
4.67769e+06	0
4.67779e+06	0
4.67789e+06	0
4.67799e+06	0
4.67809e+06	0
4.67819e+06	0
4.67829e+06	0
4.67839e+06	0
4.67849e+06	0
4.67859e+06	0
4.67869e+06	0
4.67879e+06	0
4.67889e+06	0
4.67899e+06	0
4.67909e+06	0
4.67919e+06	0
4.67929e+06	0
4.67939e+06	0
4.67949e+06	0
4.67959e+06	0
4.67969e+06	0
4.67979e+06	0
4.67989e+06	0
4.67999e+06	0
4.68009e+06	0
4.68019e+06	0
4.68029e+06	0
4.68039e+06	0
4.68049e+06	0
4.68059e+06	0
4.68069e+06	0
4.68079e+06	0
4.68089e+06	0
4.68099e+06	0
4.68109e+06	0
4.68119e+06	0
4.68129e+06	0
4.68139e+06	0
4.68149e+06	0
4.68159e+06	0
4.68169e+06	0
4.68179e+06	0
4.68189e+06	0
4.68199e+06	0
4.68209e+06	0
4.68219e+06	0
4.68229e+06	0
4.68239e+06	0
4.68249e+06	0
4.68259e+06	0
4.68269e+06	0
4.68279e+06	0
4.68289e+06	0
4.68299e+06	0
4.68309e+06	0
4.68319e+06	0
4.68329e+06	0
4.68339e+06	0
4.68349e+06	0
4.68359e+06	0
4.68369e+06	0
4.68379e+06	0
4.68389e+06	0
4.68399e+06	0
4.68409e+06	0
4.68419e+06	0
4.68429e+06	0
4.68439e+06	0
4.68449e+06	0
4.68459e+06	0
4.68469e+06	0
4.68479e+06	0
4.68489e+06	0
4.68499e+06	0
4.68509e+06	0
4.68519e+06	0
4.68529e+06	0
4.68539e+06	0
4.68549e+06	0
4.68559e+06	0
4.68569e+06	0
4.68579e+06	0
4.68589e+06	0
4.68599e+06	0
4.68609e+06	0
4.68619e+06	0
4.68629e+06	0
4.68639e+06	0
4.68649e+06	0
4.68659e+06	0
4.68669e+06	0
4.68679e+06	0
4.68689e+06	0
4.68699e+06	0
4.68709e+06	0
4.68719e+06	0
4.68729e+06	0
4.68739e+06	0
4.68749e+06	0
4.68759e+06	0
4.68769e+06	0
4.68779e+06	0
4.68789e+06	0
4.68799e+06	0
4.68809e+06	0
4.68819e+06	0
4.68829e+06	0
4.68839e+06	0
4.68849e+06	0
4.68859e+06	0
4.68869e+06	0
4.68879e+06	0
4.68889e+06	0
4.68899e+06	0
4.68909e+06	0
4.68919e+06	0
4.68929e+06	0
4.68939e+06	0
4.68949e+06	0
4.68959e+06	0
4.68969e+06	0
4.68979e+06	0
4.68989e+06	0
4.68999e+06	0
4.69009e+06	0
4.69019e+06	0
4.69029e+06	0
4.69039e+06	0
4.69049e+06	0
4.69059e+06	0
4.69069e+06	0
4.69079e+06	0
4.69089e+06	0
4.69099e+06	0
4.69109e+06	0
4.69119e+06	0
4.69129e+06	0
4.69139e+06	0
4.69149e+06	0
4.69159e+06	0
4.69169e+06	0
4.69179e+06	0
4.69189e+06	0
4.69199e+06	0
4.69209e+06	0
4.69219e+06	0
4.69229e+06	0
4.69239e+06	0
4.69249e+06	0
4.69259e+06	0
4.69269e+06	0
4.69279e+06	0
4.69289e+06	0
4.69299e+06	0
4.69309e+06	0
4.69319e+06	0
4.69329e+06	0
4.69339e+06	0
4.69349e+06	0
4.69359e+06	0
4.69369e+06	0
4.69379e+06	0
4.69389e+06	0
4.69399e+06	0
4.69409e+06	0
4.69419e+06	0
4.69429e+06	0
4.69439e+06	0
4.69449e+06	0
4.69459e+06	0
4.69469e+06	0
4.69479e+06	0
4.69489e+06	0
4.69499e+06	0
4.69509e+06	0
4.69519e+06	0
4.69529e+06	0
4.69539e+06	0
4.69549e+06	0
4.69559e+06	0
4.69569e+06	0
4.69579e+06	0
4.69589e+06	0
4.69599e+06	0
4.69609e+06	0
4.69619e+06	0
4.69629e+06	0
4.69639e+06	0
4.69649e+06	0
4.69659e+06	0
4.69669e+06	0
4.69679e+06	0
4.69689e+06	0
4.69699e+06	0
4.69709e+06	0
4.69719e+06	0
4.69729e+06	0
4.69739e+06	0
4.69749e+06	0
4.69759e+06	0
4.69769e+06	0
4.69779e+06	0
4.69789e+06	0
4.69799e+06	0
4.69809e+06	0
4.69819e+06	0
4.69829e+06	0
4.69839e+06	0
4.69849e+06	0
4.69859e+06	0
4.69869e+06	0
4.69879e+06	0
4.69889e+06	0
4.69899e+06	0
4.69909e+06	0
4.69919e+06	0
4.69929e+06	0
4.69939e+06	0
4.69949e+06	0
4.69959e+06	0
4.69969e+06	0
4.69979e+06	0
4.69989e+06	0
4.69999e+06	0
4.70009e+06	0
4.70019e+06	0
4.70029e+06	0
4.70039e+06	0
4.70049e+06	0
4.70059e+06	0
4.70069e+06	0
4.70079e+06	0
4.70089e+06	0
4.70099e+06	0
4.70109e+06	0
4.70119e+06	0
4.70129e+06	0
4.70139e+06	0
4.70149e+06	0
4.70159e+06	0
4.70169e+06	0
4.70179e+06	0
4.70189e+06	0
4.70199e+06	0
4.70209e+06	0
4.70219e+06	0
4.70229e+06	0
4.70239e+06	0
4.70249e+06	0
4.70259e+06	0
4.70269e+06	0
4.70279e+06	0
4.70289e+06	0
4.70299e+06	0
4.70309e+06	0
4.70319e+06	0
4.70329e+06	0
4.70339e+06	0
4.70349e+06	0
4.70359e+06	0
4.70369e+06	0
4.70379e+06	0
4.70389e+06	0
4.70399e+06	0
4.70409e+06	0
4.70419e+06	0
4.70429e+06	0
4.70439e+06	0
4.70449e+06	0
4.70459e+06	0
4.70469e+06	0
4.70479e+06	0
4.70489e+06	0
4.70499e+06	0
4.70509e+06	0
4.70519e+06	0
4.70529e+06	0
4.70539e+06	0
4.70549e+06	0
4.70559e+06	0
4.70569e+06	0
4.70579e+06	0
4.70589e+06	0
4.70599e+06	0
4.70609e+06	0
4.70619e+06	0
4.70629e+06	0
4.70639e+06	0
4.70649e+06	0
4.70659e+06	0
4.70669e+06	0
4.70679e+06	0
4.70689e+06	0
4.70699e+06	0
4.70709e+06	0
4.70719e+06	0
4.70729e+06	0
4.70739e+06	0
4.70749e+06	0
4.70759e+06	0
4.70769e+06	0
4.70779e+06	0
4.70789e+06	0
4.70799e+06	0
4.70809e+06	0
4.70819e+06	0
4.70829e+06	0
4.70839e+06	0
4.70849e+06	0
4.70859e+06	0
4.70869e+06	0
4.70879e+06	0
4.70889e+06	0
4.70899e+06	0
4.70909e+06	0
4.70919e+06	0
4.70929e+06	0
4.70939e+06	0
4.70949e+06	0
4.70959e+06	0
4.70969e+06	0
4.70979e+06	0
4.70989e+06	0
4.70999e+06	0
4.71009e+06	0
4.71019e+06	0
4.71029e+06	0
4.71039e+06	0
4.71049e+06	0
4.71059e+06	0
4.71069e+06	0
4.71079e+06	0
4.71089e+06	0
4.71099e+06	0
4.71109e+06	0
4.71119e+06	0
4.71129e+06	0
4.71139e+06	0
4.71149e+06	0
4.71159e+06	0
4.71169e+06	0
4.71179e+06	0
4.71189e+06	0
4.71199e+06	0
4.71209e+06	0
4.71219e+06	0
4.71229e+06	0
4.71239e+06	0
4.71249e+06	0
4.71259e+06	0
4.71269e+06	0
4.71279e+06	0
4.71289e+06	0
4.71299e+06	0
4.71309e+06	0
4.71319e+06	0
4.71329e+06	0
4.71339e+06	0
4.71349e+06	0
4.71359e+06	0
4.71369e+06	0
4.71379e+06	0
4.71389e+06	0
4.71399e+06	0
4.71409e+06	0
4.71419e+06	0
4.71429e+06	0
4.71439e+06	0
4.71449e+06	0
4.71459e+06	0
4.71469e+06	0
4.71479e+06	0
4.71489e+06	0
4.71499e+06	0
4.71509e+06	0
4.71519e+06	0
4.71529e+06	0
4.71539e+06	0
4.71549e+06	0
4.71559e+06	0
4.71569e+06	0
4.71579e+06	0
4.71589e+06	0
4.71599e+06	0
4.71609e+06	0
4.71619e+06	0
4.71629e+06	0
4.71639e+06	0
4.71649e+06	0
4.71659e+06	0
4.71669e+06	0
4.71679e+06	0
4.71689e+06	0
4.71699e+06	0
4.71709e+06	0
4.71719e+06	0
4.71729e+06	0
4.71739e+06	0
4.71749e+06	0
4.71759e+06	0
4.71769e+06	0
4.71779e+06	0
4.71789e+06	0
4.71799e+06	0
4.71809e+06	0
4.71819e+06	0
4.71829e+06	0
4.71839e+06	0
4.71849e+06	0
4.71859e+06	0
4.71869e+06	0
4.71879e+06	0
4.71889e+06	0
4.71899e+06	0
4.71909e+06	0
4.71919e+06	0
4.71929e+06	0
4.71939e+06	0
4.71949e+06	0
4.71959e+06	0
4.71969e+06	0
4.71979e+06	0
4.71989e+06	0
4.71999e+06	0
4.72009e+06	0
4.72019e+06	0
4.72029e+06	0
4.72039e+06	0
4.72049e+06	0
4.72059e+06	0
4.72069e+06	0
4.72079e+06	0
4.72089e+06	0
4.72099e+06	0
4.72109e+06	0
4.72119e+06	0
4.72129e+06	0
4.72139e+06	0
4.72149e+06	0
4.72159e+06	0
4.72169e+06	0
4.72179e+06	0
4.72189e+06	0
4.72199e+06	0
4.72209e+06	0
4.72219e+06	0
4.72229e+06	0
4.72239e+06	0
4.72249e+06	0
4.72259e+06	0
4.72269e+06	0
4.72279e+06	0
4.72289e+06	0
4.72299e+06	0
4.72309e+06	0
4.72319e+06	0
4.72329e+06	0
4.72339e+06	0
4.72349e+06	0
4.72359e+06	0
4.72369e+06	0
4.72379e+06	0
4.72389e+06	0
4.72399e+06	0
4.72409e+06	0
4.72419e+06	0
4.72429e+06	0
4.72439e+06	0
4.72449e+06	0
4.72459e+06	0
4.72469e+06	0
4.72479e+06	0
4.72489e+06	0
4.72499e+06	0
4.72509e+06	0
4.72519e+06	0
4.72529e+06	0
4.72539e+06	0
4.72549e+06	0
4.72559e+06	0
4.72569e+06	0
4.72579e+06	0
4.72589e+06	0
4.72599e+06	0
4.72609e+06	0
4.72619e+06	0
4.72629e+06	0
4.72639e+06	0
4.72649e+06	0
4.72659e+06	0
4.72669e+06	0
4.72679e+06	0
4.72689e+06	0
4.72699e+06	0
4.72709e+06	0
4.72719e+06	0
4.72729e+06	0
4.72739e+06	0
4.72749e+06	0
4.72759e+06	0
4.72769e+06	0
4.72779e+06	0
4.72789e+06	0
4.72799e+06	0
4.72809e+06	0
4.72819e+06	0
4.72829e+06	0
4.72839e+06	0
4.72849e+06	0
4.72859e+06	0
4.72869e+06	0
4.72879e+06	0
4.72889e+06	0
4.72899e+06	0
4.72909e+06	0
4.72919e+06	0
4.72929e+06	0
4.72939e+06	0
4.72949e+06	0
4.72959e+06	0
4.72969e+06	0
4.72979e+06	0
4.72989e+06	0
4.72999e+06	0
4.73009e+06	0
4.73019e+06	0
4.73029e+06	0
4.73039e+06	0
4.73049e+06	0
4.73059e+06	0
4.73069e+06	0
4.73079e+06	0
4.73089e+06	0
4.73099e+06	0
4.73109e+06	0
4.73119e+06	0
4.73129e+06	0
4.73139e+06	0
4.73149e+06	0
4.73159e+06	0
4.73169e+06	0
4.73179e+06	0
4.73189e+06	0
4.73199e+06	0
4.73209e+06	0
4.73219e+06	0
4.73229e+06	0
4.73239e+06	0
4.73249e+06	0
4.73259e+06	0
4.73269e+06	0
4.73279e+06	0
4.73289e+06	0
4.73299e+06	0
4.73309e+06	0
4.73319e+06	0
4.73329e+06	0
4.73339e+06	0
4.73349e+06	0
4.73359e+06	0
4.73369e+06	0
4.73379e+06	0
4.73389e+06	0
4.73399e+06	0
4.73409e+06	0
4.73419e+06	0
4.73429e+06	0
4.73439e+06	0
4.73449e+06	0
4.73459e+06	0
4.73469e+06	0
4.73479e+06	0
4.73489e+06	0
4.73499e+06	0
4.73509e+06	0
4.73519e+06	0
4.73529e+06	0
4.73539e+06	0
4.73549e+06	0
4.73559e+06	0
4.73569e+06	0
4.73579e+06	0
4.73589e+06	0
4.73599e+06	0
4.73609e+06	0
4.73619e+06	0
4.73629e+06	0
4.73639e+06	0
4.73649e+06	0
4.73659e+06	0
4.73669e+06	0
4.73679e+06	0
4.73689e+06	0
4.73699e+06	0
4.73709e+06	0
4.73719e+06	0
4.73729e+06	0
4.73739e+06	0
4.73749e+06	0
4.73759e+06	0
4.73769e+06	0
4.73779e+06	0
4.73789e+06	0
4.73799e+06	0
4.73809e+06	0
4.73819e+06	0
4.73829e+06	0
4.73839e+06	0
4.73849e+06	0
4.73859e+06	0
4.73869e+06	0
4.73879e+06	0
4.73889e+06	0
4.73899e+06	0
4.73909e+06	0
4.73919e+06	0
4.73929e+06	0
4.73939e+06	0
4.73949e+06	0
4.73959e+06	0
4.73969e+06	0
4.73979e+06	0
4.73989e+06	0
4.73999e+06	0
4.74009e+06	0
4.74019e+06	0
4.74029e+06	0
4.74039e+06	0
4.74049e+06	0
4.74059e+06	0
4.74069e+06	0
4.74079e+06	0
4.74089e+06	0
4.74099e+06	0
4.74109e+06	0
4.74119e+06	0
4.74129e+06	0
4.74139e+06	0
4.74149e+06	0
4.74159e+06	0
4.74169e+06	0
4.74179e+06	0
4.74189e+06	0
4.74199e+06	0
4.74209e+06	0
4.74219e+06	0
4.74229e+06	0
4.74239e+06	0
4.74249e+06	0
4.74259e+06	0
4.74269e+06	0
4.74279e+06	0
4.74289e+06	0
4.74299e+06	0
4.74309e+06	0
4.74319e+06	0
4.74329e+06	0
4.74339e+06	0
4.74349e+06	0
4.74359e+06	0
4.74369e+06	0
4.74379e+06	0
4.74389e+06	0
4.74399e+06	0
4.74409e+06	0
4.74419e+06	0
4.74429e+06	0
4.74439e+06	0
4.74449e+06	0
4.74459e+06	0
4.74469e+06	0
4.74479e+06	0
4.74489e+06	0
4.74499e+06	0
4.74509e+06	0
4.74519e+06	0
4.74529e+06	0
4.74539e+06	0
4.74549e+06	0
4.74559e+06	0
4.74569e+06	0
4.74579e+06	0
4.74589e+06	0
4.74599e+06	0
4.74609e+06	0
4.74619e+06	0
4.74629e+06	0
4.74639e+06	0
4.74649e+06	0
4.74659e+06	0
4.74669e+06	0
4.74679e+06	0
4.74689e+06	0
4.74699e+06	0
4.74709e+06	0
4.74719e+06	0
4.74729e+06	0
4.74739e+06	0
4.74749e+06	0
4.74759e+06	0
4.74769e+06	0
4.74779e+06	0
4.74789e+06	0
4.74799e+06	0
4.74809e+06	0
4.74819e+06	0
4.74829e+06	0
4.74839e+06	0
4.74849e+06	0
4.74859e+06	0
4.74869e+06	0
4.74879e+06	0
4.74889e+06	0
4.74899e+06	0
4.74909e+06	0
4.74919e+06	0
4.74929e+06	0
4.74939e+06	0
4.74949e+06	0
4.74959e+06	0
4.74969e+06	0
4.74979e+06	0
4.74989e+06	0
4.74999e+06	0
4.75009e+06	0
4.75019e+06	0
4.75029e+06	0
4.75039e+06	0
4.75049e+06	0
4.75059e+06	0
4.75069e+06	0
4.75079e+06	0
4.75089e+06	0
4.75099e+06	0
4.75109e+06	0
4.75119e+06	0
4.75129e+06	0
4.75139e+06	0
4.75149e+06	0
4.75159e+06	0
4.75169e+06	0
4.75179e+06	0
4.75189e+06	0
4.75199e+06	0
4.75209e+06	0
4.75219e+06	0
4.75229e+06	0
4.75239e+06	0
4.75249e+06	0
4.75259e+06	0
4.75269e+06	0
4.75279e+06	0
4.75289e+06	0
4.75299e+06	0
4.75309e+06	0
4.75319e+06	0
4.75329e+06	0
4.75339e+06	0
4.75349e+06	0
4.75359e+06	0
4.75369e+06	0
4.75379e+06	0
4.75389e+06	0
4.75399e+06	0
4.75409e+06	0
4.75419e+06	0
4.75429e+06	0
4.75439e+06	0
4.75449e+06	0
4.75459e+06	0
4.75469e+06	0
4.75479e+06	0
4.75489e+06	0
4.75499e+06	0
4.75509e+06	0
4.75519e+06	0
4.75529e+06	0
4.75539e+06	0
4.75549e+06	0
4.75559e+06	0
4.75569e+06	0
4.75579e+06	0
4.75589e+06	0
4.75599e+06	0
4.75609e+06	0
4.75619e+06	0
4.75629e+06	0
4.75639e+06	0
4.75649e+06	0
4.75659e+06	0
4.75669e+06	0
4.75679e+06	0
4.75689e+06	0
4.75699e+06	0
4.75709e+06	0
4.75719e+06	0
4.75729e+06	0
4.75739e+06	0
4.75749e+06	0
4.75759e+06	0
4.75769e+06	0
4.75779e+06	0
4.75789e+06	0
4.75799e+06	0
4.75809e+06	0
4.75819e+06	0
4.75829e+06	0
4.75839e+06	0
4.75849e+06	0
4.75859e+06	0
4.75869e+06	0
4.75879e+06	0
4.75889e+06	0
4.75899e+06	0
4.75909e+06	0
4.75919e+06	0
4.75929e+06	0
4.75939e+06	0
4.75949e+06	0
4.75959e+06	0
4.75969e+06	0
4.75979e+06	0
4.75989e+06	0
4.75999e+06	0
4.76009e+06	0
4.76019e+06	0
4.76029e+06	0
4.76039e+06	0
4.76049e+06	0
4.76059e+06	0
4.76069e+06	0
4.76079e+06	0
4.76089e+06	0
4.76099e+06	0
4.76109e+06	0
4.76119e+06	0
4.76129e+06	0
4.76139e+06	0
4.76149e+06	0
4.76159e+06	0
4.76169e+06	0
4.76179e+06	0
4.76189e+06	0
4.76199e+06	0
4.76209e+06	0
4.76219e+06	0
4.76229e+06	0
4.76239e+06	0
4.76249e+06	0
4.76259e+06	0
4.76269e+06	0
4.76279e+06	0
4.76289e+06	0
4.76299e+06	0
4.76309e+06	0
4.76319e+06	0
4.76329e+06	0
4.76339e+06	0
4.76349e+06	0
4.76359e+06	0
4.76369e+06	0
4.76379e+06	0
4.76389e+06	0
4.76399e+06	0
4.76409e+06	0
4.76419e+06	0
4.76429e+06	0
4.76439e+06	0
4.76449e+06	0
4.76459e+06	0
4.76469e+06	0
4.76479e+06	0
4.76489e+06	0
4.76499e+06	0
4.76509e+06	0
4.76519e+06	0
4.76529e+06	0
4.76539e+06	0
4.76549e+06	0
4.76559e+06	0
4.76569e+06	0
4.76579e+06	0
4.76589e+06	0
4.76599e+06	0
4.76609e+06	0
4.76619e+06	0
4.76629e+06	0
4.76639e+06	0
4.76649e+06	0
4.76659e+06	0
4.76669e+06	0
4.76679e+06	0
4.76689e+06	0
4.76699e+06	0
4.76709e+06	0
4.76719e+06	0
4.76729e+06	0
4.76739e+06	0
4.76749e+06	0
4.76759e+06	0
4.76769e+06	0
4.76779e+06	0
4.76789e+06	0
4.76799e+06	0
4.76809e+06	0
4.76819e+06	0
4.76829e+06	0
4.76839e+06	0
4.76849e+06	0
4.76859e+06	0
4.76869e+06	0
4.76879e+06	0
4.76889e+06	0
4.76899e+06	0
4.76909e+06	0
4.76919e+06	0
4.76929e+06	0
4.76939e+06	0
4.76949e+06	0
4.76959e+06	0
4.76969e+06	0
4.76979e+06	0
4.76989e+06	0
4.76999e+06	0
4.77009e+06	0
4.77019e+06	0
4.77029e+06	0
4.77039e+06	0
4.77049e+06	0
4.77059e+06	0
4.77069e+06	0
4.77079e+06	0
4.77089e+06	0
4.77099e+06	0
4.77109e+06	0
4.77119e+06	0
4.77129e+06	0
4.77139e+06	0
4.77149e+06	0
4.77159e+06	0
4.77169e+06	0
4.77179e+06	0
4.77189e+06	0
4.77199e+06	0
4.77209e+06	0
4.77219e+06	0
4.77229e+06	0
4.77239e+06	0
4.77249e+06	0
4.77259e+06	0
4.77269e+06	0
4.77279e+06	0
4.77289e+06	0
4.77299e+06	0
4.77309e+06	0
4.77319e+06	0
4.77329e+06	0
4.77339e+06	0
4.77349e+06	0
4.77359e+06	0
4.77369e+06	0
4.77379e+06	0
4.77389e+06	0
4.77399e+06	0
4.77409e+06	0
4.77419e+06	0
4.77429e+06	0
4.77439e+06	0
4.77449e+06	0
4.77459e+06	0
4.77469e+06	0
4.77479e+06	0
4.77489e+06	0
4.77499e+06	0
4.77509e+06	0
4.77519e+06	0
4.77529e+06	0
4.77539e+06	0
4.77549e+06	0
4.77559e+06	0
4.77569e+06	0
4.77579e+06	0
4.77589e+06	0
4.77599e+06	0
4.77609e+06	0
4.77619e+06	0
4.77629e+06	0
4.77639e+06	0
4.77649e+06	0
4.77659e+06	0
4.77669e+06	0
4.77679e+06	0
4.77689e+06	0
4.77699e+06	0
4.77709e+06	0
4.77719e+06	0
4.77729e+06	0
4.77739e+06	0
4.77749e+06	0
4.77759e+06	0
4.77769e+06	0
4.77779e+06	0
4.77789e+06	0
4.77799e+06	0
4.77809e+06	0
4.77819e+06	0
4.77829e+06	0
4.77839e+06	0
4.77849e+06	0
4.77859e+06	0
4.77869e+06	0
4.77879e+06	0
4.77889e+06	0
4.77899e+06	0
4.77909e+06	0
4.77919e+06	0
4.77929e+06	0
4.77939e+06	0
4.77949e+06	0
4.77959e+06	0
4.77969e+06	0
4.77979e+06	0
4.77989e+06	0
4.77999e+06	0
4.78009e+06	0
4.78019e+06	0
4.78029e+06	0
4.78039e+06	0
4.78049e+06	0
4.78059e+06	0
4.78069e+06	0
4.78079e+06	0
4.78089e+06	0
4.78099e+06	0
4.78109e+06	0
4.78119e+06	0
4.78129e+06	0
4.78139e+06	0
4.78149e+06	0
4.78159e+06	0
4.78169e+06	0
4.78179e+06	0
4.78189e+06	0
4.78199e+06	0
4.78209e+06	0
4.78219e+06	0
4.78229e+06	0
4.78239e+06	0
4.78249e+06	0
4.78259e+06	0
4.78269e+06	0
4.78279e+06	0
4.78289e+06	0
4.78299e+06	0
4.78309e+06	0
4.78319e+06	0
4.78329e+06	0
4.78339e+06	0
4.78349e+06	0
4.78359e+06	0
4.78369e+06	0
4.78379e+06	0
4.78389e+06	0
4.78399e+06	0
4.78409e+06	0
4.78419e+06	0
4.78429e+06	0
4.78439e+06	0
4.78449e+06	0
4.78459e+06	0
4.78469e+06	0
4.78479e+06	0
4.78489e+06	0
4.78499e+06	0
4.78509e+06	0
4.78519e+06	0
4.78529e+06	0
4.78539e+06	0
4.78549e+06	0
4.78559e+06	0
4.78569e+06	0
4.78579e+06	0
4.78589e+06	0
4.78599e+06	0
4.78609e+06	0
4.78619e+06	0
4.78629e+06	0
4.78639e+06	0
4.78649e+06	0
4.78659e+06	0
4.78669e+06	0
4.78679e+06	0
4.78689e+06	0
4.78699e+06	0
4.78709e+06	0
4.78719e+06	0
4.78729e+06	0
4.78739e+06	0
4.78749e+06	0
4.78759e+06	0
4.78769e+06	0
4.78779e+06	0
4.78789e+06	0
4.78799e+06	0
4.78809e+06	0
4.78819e+06	0
4.78829e+06	0
4.78839e+06	0
4.78849e+06	0
4.78859e+06	0
4.78869e+06	0
4.78879e+06	0
4.78889e+06	0
4.78899e+06	0
4.78909e+06	0
4.78919e+06	0
4.78929e+06	0
4.78939e+06	0
4.78949e+06	0
4.78959e+06	0
4.78969e+06	0
4.78979e+06	0
4.78989e+06	0
4.78999e+06	0
4.79009e+06	0
4.79019e+06	0
4.79029e+06	0
4.79039e+06	0
4.79049e+06	0
4.79059e+06	0
4.79069e+06	0
4.79079e+06	0
4.79089e+06	0
4.79099e+06	0
4.79109e+06	0
4.79119e+06	0
4.79129e+06	0
4.79139e+06	0
4.79149e+06	0
4.79159e+06	0
4.79169e+06	0
4.79179e+06	0
4.79189e+06	0
4.79199e+06	0
4.79209e+06	0
4.79219e+06	0
4.79229e+06	0
4.79239e+06	0
4.79249e+06	0
4.79259e+06	0
4.79269e+06	0
4.79279e+06	0
4.79289e+06	0
4.79299e+06	0
4.79309e+06	0
4.79319e+06	0
4.79329e+06	0
4.79339e+06	0
4.79349e+06	0
4.79359e+06	0
4.79369e+06	0
4.79379e+06	0
4.79389e+06	0
4.79399e+06	0
4.79409e+06	0
4.79419e+06	0
4.79429e+06	0
4.79439e+06	0
4.79449e+06	0
4.79459e+06	0
4.79469e+06	0
4.79479e+06	0
4.79489e+06	0
4.79499e+06	0
4.79509e+06	0
4.79519e+06	0
4.79529e+06	0
4.79539e+06	0
4.79549e+06	0
4.79559e+06	0
4.79569e+06	0
4.79579e+06	0
4.79589e+06	0
4.79599e+06	0
4.79609e+06	0
4.79619e+06	0
4.79629e+06	0
4.79639e+06	0
4.79649e+06	0
4.79659e+06	0
4.79669e+06	0
4.79679e+06	0
4.79689e+06	0
4.79699e+06	0
4.79709e+06	0
4.79719e+06	0
4.79729e+06	0
4.79739e+06	0
4.79749e+06	0
4.79759e+06	0
4.79769e+06	0
4.79779e+06	0
4.79789e+06	0
4.79799e+06	0
4.79809e+06	0
4.79819e+06	0
4.79829e+06	0
4.79839e+06	0
4.79849e+06	0
4.79859e+06	0
4.79869e+06	0
4.79879e+06	0
4.79889e+06	0
4.79899e+06	0
4.79909e+06	0
4.79919e+06	0
4.79929e+06	0
4.79939e+06	0
4.79949e+06	0
4.79959e+06	0
4.79969e+06	0
4.79979e+06	0
4.79989e+06	0
4.79999e+06	0
4.80009e+06	0
4.80019e+06	0
4.80029e+06	0
4.80039e+06	0
4.80049e+06	0
4.80059e+06	0
4.80069e+06	0
4.80079e+06	0
4.80089e+06	0
4.80099e+06	0
4.80109e+06	0
4.80119e+06	0
4.80129e+06	0
4.80139e+06	0
4.80149e+06	0
4.80159e+06	0
4.80169e+06	0
4.80179e+06	0
4.80189e+06	0
4.80199e+06	0
4.80209e+06	0
4.80219e+06	0
4.80229e+06	0
4.80239e+06	0
4.80249e+06	0
4.80259e+06	0
4.80269e+06	0
4.80279e+06	0
4.80289e+06	0
4.80299e+06	0
4.80309e+06	0
4.80319e+06	0
4.80329e+06	0
4.80339e+06	0
4.80349e+06	0
4.80359e+06	0
4.80369e+06	0
4.80379e+06	0
4.80389e+06	0
4.80399e+06	0
4.80409e+06	0
4.80419e+06	0
4.80429e+06	0
4.80439e+06	0
4.80449e+06	0
4.80459e+06	0
4.80469e+06	0
4.80479e+06	0
4.80489e+06	0
4.80499e+06	0
4.80509e+06	0
4.80519e+06	0
4.80529e+06	0
4.80539e+06	0
4.80549e+06	0
4.80559e+06	0
4.80569e+06	0
4.80579e+06	0
4.80589e+06	0
4.80599e+06	0
4.80609e+06	0
4.80619e+06	0
4.80629e+06	0
4.80639e+06	0
4.80649e+06	0
4.80659e+06	0
4.80669e+06	0
4.80679e+06	0
4.80689e+06	0
4.80699e+06	0
4.80709e+06	0
4.80719e+06	0
4.80729e+06	0
4.80739e+06	0
4.80749e+06	0
4.80759e+06	0
4.80769e+06	0
4.80779e+06	0
4.80789e+06	0
4.80799e+06	0
4.80809e+06	0
4.80819e+06	0
4.80829e+06	0
4.80839e+06	0
4.80849e+06	0
4.80859e+06	0
4.80869e+06	0
4.80879e+06	0
4.80889e+06	0
4.80899e+06	0
4.80909e+06	0
4.80919e+06	0
4.80929e+06	0
4.80939e+06	0
4.80949e+06	0
4.80959e+06	0
4.80969e+06	0
4.80979e+06	0
4.80989e+06	0
4.80999e+06	0
4.81009e+06	0
4.81019e+06	0
4.81029e+06	0
4.81039e+06	0
4.81049e+06	0
4.81059e+06	0
4.81069e+06	0
4.81079e+06	0
4.81089e+06	0
4.81099e+06	0
4.81109e+06	0
4.81119e+06	0
4.81129e+06	0
4.81139e+06	0
4.81149e+06	0
4.81159e+06	0
4.81169e+06	0
4.81179e+06	0
4.81189e+06	0
4.81199e+06	0
4.81209e+06	0
4.81219e+06	0
4.81229e+06	0
4.81239e+06	0
4.81249e+06	0
4.81259e+06	0
4.81269e+06	0
4.81279e+06	0
4.81289e+06	0
4.81299e+06	0
4.81309e+06	0
4.81319e+06	0
4.81329e+06	0
4.81339e+06	0
4.81349e+06	0
4.81359e+06	0
4.81369e+06	0
4.81379e+06	0
4.81389e+06	0
4.81399e+06	0
4.81409e+06	0
4.81419e+06	0
4.81429e+06	0
4.81439e+06	0
4.81449e+06	0
4.81459e+06	0
4.81469e+06	0
4.81479e+06	0
4.81489e+06	0
4.81499e+06	0
4.81509e+06	0
4.81519e+06	0
4.81529e+06	0
4.81539e+06	0
4.81549e+06	0
4.81559e+06	0
4.81569e+06	0
4.81579e+06	0
4.81589e+06	0
4.81599e+06	0
4.81609e+06	0
4.81619e+06	0
4.81629e+06	0
4.81639e+06	0
4.81649e+06	0
4.81659e+06	0
4.81669e+06	0
4.81679e+06	0
4.81689e+06	0
4.81699e+06	0
4.81709e+06	0
4.81719e+06	0
4.81729e+06	0
4.81739e+06	0
4.81749e+06	0
4.81759e+06	0
4.81769e+06	0
4.81779e+06	0
4.81789e+06	0
4.81799e+06	0
4.81809e+06	0
4.81819e+06	0
4.81829e+06	0
4.81839e+06	0
4.81849e+06	0
4.81859e+06	0
4.81869e+06	0
4.81879e+06	0
4.81889e+06	0
4.81899e+06	0
4.81909e+06	0
4.81919e+06	0
4.81929e+06	0
4.81939e+06	0
4.81949e+06	0
4.81959e+06	0
4.81969e+06	0
4.81979e+06	0
4.81989e+06	0
4.81999e+06	0
4.82009e+06	0
4.82019e+06	0
4.82029e+06	0
4.82039e+06	0
4.82049e+06	0
4.82059e+06	0
4.82069e+06	0
4.82079e+06	0
4.82089e+06	0
4.82099e+06	0
4.82109e+06	0
4.82119e+06	0
4.82129e+06	0
4.82139e+06	0
4.82149e+06	0
4.82159e+06	0
4.82169e+06	0
4.82179e+06	0
4.82189e+06	0
4.82199e+06	0
4.82209e+06	0
4.82219e+06	0
4.82229e+06	0
4.82239e+06	0
4.82249e+06	0
4.82259e+06	0
4.82269e+06	0
4.82279e+06	0
4.82289e+06	0
4.82299e+06	0
4.82309e+06	0
4.82319e+06	0
4.82329e+06	0
4.82339e+06	0
4.82349e+06	0
4.82359e+06	0
4.82369e+06	0
4.82379e+06	0
4.82389e+06	0
4.82399e+06	0
4.82409e+06	0
4.82419e+06	0
4.82429e+06	0
4.82439e+06	0
4.82449e+06	0
4.82459e+06	0
4.82469e+06	0
4.82479e+06	0
4.82489e+06	0
4.82499e+06	0
4.82509e+06	0
4.82519e+06	0
4.82529e+06	0
4.82539e+06	0
4.82549e+06	0
4.82559e+06	0
4.82569e+06	0
4.82579e+06	0
4.82589e+06	0
4.82599e+06	0
4.82609e+06	0
4.82619e+06	0
4.82629e+06	0
4.82639e+06	0
4.82649e+06	0
4.82659e+06	0
4.82669e+06	0
4.82679e+06	0
4.82689e+06	0
4.82699e+06	0
4.82709e+06	0
4.82719e+06	0
4.82729e+06	0
4.82739e+06	0
4.82749e+06	0
4.82759e+06	0
4.82769e+06	0
4.82779e+06	0
4.82789e+06	0
4.82799e+06	0
4.82809e+06	0
4.82819e+06	0
4.82829e+06	0
4.82839e+06	0
4.82849e+06	0
4.82859e+06	0
4.82869e+06	0
4.82879e+06	0
4.82889e+06	0
4.82899e+06	0
4.82909e+06	0
4.82919e+06	0
4.82929e+06	0
4.82939e+06	0
4.82949e+06	0
4.82959e+06	0
4.82969e+06	0
4.82979e+06	0
4.82989e+06	0
4.82999e+06	0
4.83009e+06	0
4.83019e+06	0
4.83029e+06	0
4.83039e+06	0
4.83049e+06	0
4.83059e+06	0
4.83069e+06	0
4.83079e+06	0
4.83089e+06	0
4.83099e+06	0
4.83109e+06	0
4.83119e+06	0
4.83129e+06	0
4.83139e+06	0
4.83149e+06	0
4.83159e+06	0
4.83169e+06	0
4.83179e+06	0
4.83189e+06	0
4.83199e+06	0
4.83209e+06	0
4.83219e+06	0
4.83229e+06	0
4.83239e+06	0
4.83249e+06	0
4.83259e+06	0
4.83269e+06	0
4.83279e+06	0
4.83289e+06	0
4.83299e+06	0
4.83309e+06	0
4.83319e+06	0
4.83329e+06	0
4.83339e+06	0
4.83349e+06	0
4.83359e+06	0
4.83369e+06	0
4.83379e+06	0
4.83389e+06	0
4.83399e+06	0
4.83409e+06	0
4.83419e+06	0
4.83429e+06	0
4.83439e+06	0
4.83449e+06	0
4.83459e+06	0
4.83469e+06	0
4.83479e+06	0
4.83489e+06	0
4.83499e+06	0
4.83509e+06	0
4.83519e+06	0
4.83529e+06	0
4.83539e+06	0
4.83549e+06	0
4.83559e+06	0
4.83569e+06	0
4.83579e+06	0
4.83589e+06	0
4.83599e+06	0
4.83609e+06	0
4.83619e+06	0
4.83629e+06	0
4.83639e+06	0
4.83649e+06	0
4.83659e+06	0
4.83669e+06	0
4.83679e+06	0
4.83689e+06	0
4.83699e+06	0
4.83709e+06	0
4.83719e+06	0
4.83729e+06	0
4.83739e+06	0
4.83749e+06	0
4.83759e+06	0
4.83769e+06	0
4.83779e+06	0
4.83789e+06	0
4.83799e+06	0
4.83809e+06	0
4.83819e+06	0
4.83829e+06	0
4.83839e+06	0
4.83849e+06	0
4.83859e+06	0
4.83869e+06	0
4.83879e+06	0
4.83889e+06	0
4.83899e+06	0
4.83909e+06	0
4.83919e+06	0
4.83929e+06	0
4.83939e+06	0
4.83949e+06	0
4.83959e+06	0
4.83969e+06	0
4.83979e+06	0
4.83989e+06	0
4.83999e+06	0
4.84009e+06	0
4.84019e+06	0
4.84029e+06	0
4.84039e+06	0
4.84049e+06	0
4.84059e+06	0
4.84069e+06	0
4.84079e+06	0
4.84089e+06	0
4.84099e+06	0
4.84109e+06	0
4.84119e+06	0
4.84129e+06	0
4.84139e+06	0
4.84149e+06	0
4.84159e+06	0
4.84169e+06	0
4.84179e+06	0
4.84189e+06	0
4.84199e+06	0
4.84209e+06	0
4.84219e+06	0
4.84229e+06	0
4.84239e+06	0
4.84249e+06	0
4.84259e+06	0
4.84269e+06	0
4.84279e+06	0
4.84289e+06	0
4.84299e+06	0
4.84309e+06	0
4.84319e+06	0
4.84329e+06	0
4.84339e+06	0
4.84349e+06	0
4.84359e+06	0
4.84369e+06	0
4.84379e+06	0
4.84389e+06	0
4.84399e+06	0
4.84409e+06	0
4.84419e+06	0
4.84429e+06	0
4.84439e+06	0
4.84449e+06	0
4.84459e+06	0
4.84469e+06	0
4.84479e+06	0
4.84489e+06	0
4.84499e+06	0
4.84509e+06	0
4.84519e+06	0
4.84529e+06	0
4.84539e+06	0
4.84549e+06	0
4.84559e+06	0
4.84569e+06	0
4.84579e+06	0
4.84589e+06	0
4.84599e+06	0
4.84609e+06	0
4.84619e+06	0
4.84629e+06	0
4.84639e+06	0
4.84649e+06	0
4.84659e+06	0
4.84669e+06	0
4.84679e+06	0
4.84689e+06	0
4.84699e+06	0
4.84709e+06	0
4.84719e+06	0
4.84729e+06	0
4.84739e+06	0
4.84749e+06	0
4.84759e+06	0
4.84769e+06	0
4.84779e+06	0
4.84789e+06	0
4.84799e+06	0
4.84809e+06	0
4.84819e+06	0
4.84829e+06	0
4.84839e+06	0
4.84849e+06	0
4.84859e+06	0
4.84869e+06	0
4.84879e+06	0
4.84889e+06	0
4.84899e+06	0
4.84909e+06	0
4.84919e+06	0
4.84929e+06	0
4.84939e+06	0
4.84949e+06	0
4.84959e+06	0
4.84969e+06	0
4.84979e+06	0
4.84989e+06	0
4.84999e+06	0
4.85009e+06	0
4.85019e+06	0
4.85029e+06	0
4.85039e+06	0
4.85049e+06	0
4.85059e+06	0
4.85069e+06	0
4.85079e+06	0
4.85089e+06	0
4.85099e+06	0
4.85109e+06	0
4.85119e+06	0
4.85129e+06	0
4.85139e+06	0
4.85149e+06	0
4.85159e+06	0
4.85169e+06	0
4.85179e+06	0
4.85189e+06	0
4.85199e+06	0
4.85209e+06	0
4.85219e+06	0
4.85229e+06	0
4.85239e+06	0
4.85249e+06	0
4.85259e+06	0
4.85269e+06	0
4.85279e+06	0
4.85289e+06	0
4.85299e+06	0
4.85309e+06	0
4.85319e+06	0
4.85329e+06	0
4.85339e+06	0
4.85349e+06	0
4.85359e+06	0
4.85369e+06	0
4.85379e+06	0
4.85389e+06	0
4.85399e+06	0
4.85409e+06	0
4.85419e+06	0
4.85429e+06	0
4.85439e+06	0
4.85449e+06	0
4.85459e+06	0
4.85469e+06	0
4.85479e+06	0
4.85489e+06	0
4.85499e+06	0
4.85509e+06	0
4.85519e+06	0
4.85529e+06	0
4.85539e+06	0
4.85549e+06	0
4.85559e+06	0
4.85569e+06	0
4.85579e+06	0
4.85589e+06	0
4.85599e+06	0
4.85609e+06	0
4.85619e+06	0
4.85629e+06	0
4.85639e+06	0
4.85649e+06	0
4.85659e+06	0
4.85669e+06	0
4.85679e+06	0
4.85689e+06	0
4.85699e+06	0
4.85709e+06	0
4.85719e+06	0
4.85729e+06	0
4.85739e+06	0
4.85749e+06	0
4.85759e+06	0
4.85769e+06	0
4.85779e+06	0
4.85789e+06	0
4.85799e+06	0
4.85809e+06	0
4.85819e+06	0
4.85829e+06	0
4.85839e+06	0
4.85849e+06	0
4.85859e+06	0
4.85869e+06	0
4.85879e+06	0
4.85889e+06	0
4.85899e+06	0
4.85909e+06	0
4.85919e+06	0
4.85929e+06	0
4.85939e+06	0
4.85949e+06	0
4.85959e+06	0
4.85969e+06	0
4.85979e+06	0
4.85989e+06	0
4.85999e+06	0
4.86009e+06	0
4.86019e+06	0
4.86029e+06	0
4.86039e+06	0
4.86049e+06	0
4.86059e+06	0
4.86069e+06	0
4.86079e+06	0
4.86089e+06	0
4.86099e+06	0
4.86109e+06	0
4.86119e+06	0
4.86129e+06	0
4.86139e+06	0
4.86149e+06	0
4.86159e+06	0
4.86169e+06	0
4.86179e+06	0
4.86189e+06	0
4.86199e+06	0
4.86209e+06	0
4.86219e+06	0
4.86229e+06	0
4.86239e+06	0
4.86249e+06	0
4.86259e+06	0
4.86269e+06	0
4.86279e+06	0
4.86289e+06	0
4.86299e+06	0
4.86309e+06	0
4.86319e+06	0
4.86329e+06	0
4.86339e+06	0
4.86349e+06	0
4.86359e+06	0
4.86369e+06	0
4.86379e+06	0
4.86389e+06	0
4.86399e+06	0
4.86409e+06	0
4.86419e+06	0
4.86429e+06	0
4.86439e+06	0
4.86449e+06	0
4.86459e+06	0
4.86469e+06	0
4.86479e+06	0
4.86489e+06	0
4.86499e+06	0
4.86509e+06	0
4.86519e+06	0
4.86529e+06	0
4.86539e+06	0
4.86549e+06	0
4.86559e+06	0
4.86569e+06	0
4.86579e+06	0
4.86589e+06	0
4.86599e+06	0
4.86609e+06	0
4.86619e+06	0
4.86629e+06	0
4.86639e+06	0
4.86649e+06	0
4.86659e+06	0
4.86669e+06	0
4.86679e+06	0
4.86689e+06	0
4.86699e+06	0
4.86709e+06	0
4.86719e+06	0
4.86729e+06	0
4.86739e+06	0
4.86749e+06	0
4.86759e+06	0
4.86769e+06	0
4.86779e+06	0
4.86789e+06	0
4.86799e+06	0
4.86809e+06	0
4.86819e+06	0
4.86829e+06	0
4.86839e+06	0
4.86849e+06	0
4.86859e+06	0
4.86869e+06	0
4.86879e+06	0
4.86889e+06	0
4.86899e+06	0
4.86909e+06	0
4.86919e+06	0
4.86929e+06	0
4.86939e+06	0
4.86949e+06	0
4.86959e+06	0
4.86969e+06	0
4.86979e+06	0
4.86989e+06	0
4.86999e+06	0
4.87009e+06	0
4.87019e+06	0
4.87029e+06	0
4.87039e+06	0
4.87049e+06	0
4.87059e+06	0
4.87069e+06	0
4.87079e+06	0
4.87089e+06	0
4.87099e+06	0
4.87109e+06	0
4.87119e+06	0
4.87129e+06	0
4.87139e+06	0
4.87149e+06	0
4.87159e+06	0
4.87169e+06	0
4.87179e+06	0
4.87189e+06	0
4.87199e+06	0
4.87209e+06	0
4.87219e+06	0
4.87229e+06	0
4.87239e+06	0
4.87249e+06	0
4.87259e+06	0
4.87269e+06	0
4.87279e+06	0
4.87289e+06	0
4.87299e+06	0
4.87309e+06	0
4.87319e+06	0
4.87329e+06	0
4.87339e+06	0
4.87349e+06	0
4.87359e+06	0
4.87369e+06	0
4.87379e+06	0
4.87389e+06	0
4.87399e+06	0
4.87409e+06	0
4.87419e+06	0
4.87429e+06	0
4.87439e+06	0
4.87449e+06	0
4.87459e+06	0
4.87469e+06	0
4.87479e+06	0
4.87489e+06	0
4.87499e+06	0
4.87509e+06	0
4.87519e+06	0
4.87529e+06	0
4.87539e+06	0
4.87549e+06	0
4.87559e+06	0
4.87569e+06	0
4.87579e+06	0
4.87589e+06	0
4.87599e+06	0
4.87609e+06	0
4.87619e+06	0
4.87629e+06	0
4.87639e+06	0
4.87649e+06	0
4.87659e+06	0
4.87669e+06	0
4.87679e+06	0
4.87689e+06	0
4.87699e+06	0
4.87709e+06	0
4.87719e+06	0
4.87729e+06	0
4.87739e+06	0
4.87749e+06	0
4.87759e+06	0
4.87769e+06	0
4.87779e+06	0
4.87789e+06	0
4.87799e+06	0
4.87809e+06	0
4.87819e+06	0
4.87829e+06	0
4.87839e+06	0
4.87849e+06	0
4.87859e+06	0
4.87869e+06	0
4.87879e+06	0
4.87889e+06	0
4.87899e+06	0
4.87909e+06	0
4.87919e+06	0
4.87929e+06	0
4.87939e+06	0
4.87949e+06	0
4.87959e+06	0
4.87969e+06	0
4.87979e+06	0
4.87989e+06	0
4.87999e+06	0
4.88009e+06	0
4.88019e+06	0
4.88029e+06	0
4.88039e+06	0
4.88049e+06	0
4.88059e+06	0
4.88069e+06	0
4.88079e+06	0
4.88089e+06	0
4.88099e+06	0
4.88109e+06	0
4.88119e+06	0
4.88129e+06	0
4.88139e+06	0
4.88149e+06	0
4.88159e+06	0
4.88169e+06	0
4.88179e+06	0
4.88189e+06	0
4.88199e+06	0
4.88209e+06	0
4.88219e+06	0
4.88229e+06	0
4.88239e+06	0
4.88249e+06	0
4.88259e+06	0
4.88269e+06	0
4.88279e+06	0
4.88289e+06	0
4.88299e+06	0
4.88309e+06	0
4.88319e+06	0
4.88329e+06	0
4.88339e+06	0
4.88349e+06	0
4.88359e+06	0
4.88369e+06	0
4.88379e+06	0
4.88389e+06	0
4.88399e+06	0
4.88409e+06	0
4.88419e+06	0
4.88429e+06	0
4.88439e+06	0
4.88449e+06	0
4.88459e+06	0
4.88469e+06	0
4.88479e+06	0
4.88489e+06	0
4.88499e+06	0
4.88509e+06	0
4.88519e+06	0
4.88529e+06	0
4.88539e+06	0
4.88549e+06	0
4.88559e+06	0
4.88569e+06	0
4.88579e+06	0
4.88589e+06	0
4.88599e+06	0
4.88609e+06	0
4.88619e+06	0
4.88629e+06	0
4.88639e+06	0
4.88649e+06	0
4.88659e+06	0
4.88669e+06	0
4.88679e+06	0
4.88689e+06	0
4.88699e+06	0
4.88709e+06	0
4.88719e+06	0
4.88729e+06	0
4.88739e+06	0
4.88749e+06	0
4.88759e+06	0
4.88769e+06	0
4.88779e+06	0
4.88789e+06	0
4.88799e+06	0
4.88809e+06	0
4.88819e+06	0
4.88829e+06	0
4.88839e+06	0
4.88849e+06	0
4.88859e+06	0
4.88869e+06	0
4.88879e+06	0
4.88889e+06	0
4.88899e+06	0
4.88909e+06	0
4.88919e+06	0
4.88929e+06	0
4.88939e+06	0
4.88949e+06	0
4.88959e+06	0
4.88969e+06	0
4.88979e+06	0
4.88989e+06	0
4.88999e+06	0
4.89009e+06	0
4.89019e+06	0
4.89029e+06	0
4.89039e+06	0
4.89049e+06	0
4.89059e+06	0
4.89069e+06	0
4.89079e+06	0
4.89089e+06	0
4.89099e+06	0
4.89109e+06	0
4.89119e+06	0
4.89129e+06	0
4.89139e+06	0
4.89149e+06	0
4.89159e+06	0
4.89169e+06	0
4.89179e+06	0
4.89189e+06	0
4.89199e+06	0
4.89209e+06	0
4.89219e+06	0
4.89229e+06	0
4.89239e+06	0
4.89249e+06	0
4.89259e+06	0
4.89269e+06	0
4.89279e+06	0
4.89289e+06	0
4.89299e+06	0
4.89309e+06	0
4.89319e+06	0
4.89329e+06	0
4.89339e+06	0
4.89349e+06	0
4.89359e+06	0
4.89369e+06	0
4.89379e+06	0
4.89389e+06	0
4.89399e+06	0
4.89409e+06	0
4.89419e+06	0
4.89429e+06	0
4.89439e+06	0
4.89449e+06	0
4.89459e+06	0
4.89469e+06	0
4.89479e+06	0
4.89489e+06	0
4.89499e+06	0
4.89509e+06	0
4.89519e+06	0
4.89529e+06	0
4.89539e+06	0
4.89549e+06	0
4.89559e+06	0
4.89569e+06	0
4.89579e+06	0
4.89589e+06	0
4.89599e+06	0
4.89609e+06	0
4.89619e+06	0
4.89629e+06	0
4.89639e+06	0
4.89649e+06	0
4.89659e+06	0
4.89669e+06	0
4.89679e+06	0
4.89689e+06	0
4.89699e+06	0
4.89709e+06	0
4.89719e+06	0
4.89729e+06	0
4.89739e+06	0
4.89749e+06	0
4.89759e+06	0
4.89769e+06	0
4.89779e+06	0
4.89789e+06	0
4.89799e+06	0
4.89809e+06	0
4.89819e+06	0
4.89829e+06	0
4.89839e+06	0
4.89849e+06	0
4.89859e+06	0
4.89869e+06	0
4.89879e+06	0
4.89889e+06	0
4.89899e+06	0
4.89909e+06	0
4.89919e+06	0
4.89929e+06	0
4.89939e+06	0
4.89949e+06	0
4.89959e+06	0
4.89969e+06	0
4.89979e+06	0
4.89989e+06	0
4.89999e+06	0
4.90009e+06	0
4.90019e+06	0
4.90029e+06	0
4.90039e+06	0
4.90049e+06	0
4.90059e+06	0
4.90069e+06	0
4.90079e+06	0
4.90089e+06	0
4.90099e+06	0
4.90109e+06	0
4.90119e+06	0
4.90129e+06	0
4.90139e+06	0
4.90149e+06	0
4.90159e+06	0
4.90169e+06	0
4.90179e+06	0
4.90189e+06	0
4.90199e+06	0
4.90209e+06	0
4.90219e+06	0
4.90229e+06	0
4.90239e+06	0
4.90249e+06	0
4.90259e+06	0
4.90269e+06	0
4.90279e+06	0
4.90289e+06	0
4.90299e+06	0
4.90309e+06	0
4.90319e+06	0
4.90329e+06	0
4.90339e+06	0
4.90349e+06	0
4.90359e+06	0
4.90369e+06	0
4.90379e+06	0
4.90389e+06	0
4.90399e+06	0
4.90409e+06	0
4.90419e+06	0
4.90429e+06	0
4.90439e+06	0
4.90449e+06	0
4.90459e+06	0
4.90469e+06	0
4.90479e+06	0
4.90489e+06	0
4.90499e+06	0
4.90509e+06	0
4.90519e+06	0
4.90529e+06	0
4.90539e+06	0
4.90549e+06	0
4.90559e+06	0
4.90569e+06	0
4.90579e+06	0
4.90589e+06	0
4.90599e+06	0
4.90609e+06	0
4.90619e+06	0
4.90629e+06	0
4.90639e+06	0
4.90649e+06	0
4.90659e+06	0
4.90669e+06	0
4.90679e+06	0
4.90689e+06	0
4.90699e+06	0
4.90709e+06	0
4.90719e+06	0
4.90729e+06	0
4.90739e+06	0
4.90749e+06	0
4.90759e+06	0
4.90769e+06	0
4.90779e+06	0
4.90789e+06	0
4.90799e+06	0
4.90809e+06	0
4.90819e+06	0
4.90829e+06	0
4.90839e+06	0
4.90849e+06	0
4.90859e+06	0
4.90869e+06	0
4.90879e+06	0
4.90889e+06	0
4.90899e+06	0
4.90909e+06	0
4.90919e+06	0
4.90929e+06	0
4.90939e+06	0
4.90949e+06	0
4.90959e+06	0
4.90969e+06	0
4.90979e+06	0
4.90989e+06	0
4.90999e+06	0
4.91009e+06	0
4.91019e+06	0
4.91029e+06	0
4.91039e+06	0
4.91049e+06	0
4.91059e+06	0
4.91069e+06	0
4.91079e+06	0
4.91089e+06	0
4.91099e+06	0
4.91109e+06	0
4.91119e+06	0
4.91129e+06	0
4.91139e+06	0
4.91149e+06	0
4.91159e+06	0
4.91169e+06	0
4.91179e+06	0
4.91189e+06	0
4.91199e+06	0
4.91209e+06	0
4.91219e+06	0
4.91229e+06	0
4.91239e+06	0
4.91249e+06	0
4.91259e+06	0
4.91269e+06	0
4.91279e+06	0
4.91289e+06	0
4.91299e+06	0
4.91309e+06	0
4.91319e+06	0
4.91329e+06	0
4.91339e+06	0
4.91349e+06	0
4.91359e+06	0
4.91369e+06	0
4.91379e+06	0
4.91389e+06	0
4.91399e+06	0
4.91409e+06	0
4.91419e+06	0
4.91429e+06	0
4.91439e+06	0
4.91449e+06	0
4.91459e+06	0
4.91469e+06	0
4.91479e+06	0
4.91489e+06	0
4.91499e+06	0
4.91509e+06	0
4.91519e+06	0
4.91529e+06	0
4.91539e+06	0
4.91549e+06	0
4.91559e+06	0
4.91569e+06	0
4.91579e+06	0
4.91589e+06	0
4.91599e+06	0
4.91609e+06	0
4.91619e+06	0
4.91629e+06	0
4.91639e+06	0
4.91649e+06	0
4.91659e+06	0
4.91669e+06	0
4.91679e+06	0
4.91689e+06	0
4.91699e+06	0
4.91709e+06	0
4.91719e+06	0
4.91729e+06	0
4.91739e+06	0
4.91749e+06	0
4.91759e+06	0
4.91769e+06	0
4.91779e+06	0
4.91789e+06	0
4.91799e+06	0
4.91809e+06	0
4.91819e+06	0
4.91829e+06	0
4.91839e+06	0
4.91849e+06	0
4.91859e+06	0
4.91869e+06	0
4.91879e+06	0
4.91889e+06	0
4.91899e+06	0
4.91909e+06	0
4.91919e+06	0
4.91929e+06	0
4.91939e+06	0
4.91949e+06	0
4.91959e+06	0
4.91969e+06	0
4.91979e+06	0
4.91989e+06	0
4.91999e+06	0
4.92009e+06	0
4.92019e+06	0
4.92029e+06	0
4.92039e+06	0
4.92049e+06	0
4.92059e+06	0
4.92069e+06	0
4.92079e+06	0
4.92089e+06	0
4.92099e+06	0
4.92109e+06	0
4.92119e+06	0
4.92129e+06	0
4.92139e+06	0
4.92149e+06	0
4.92159e+06	0
4.92169e+06	0
4.92179e+06	0
4.92189e+06	0
4.92199e+06	0
4.92209e+06	0
4.92219e+06	0
4.92229e+06	0
4.92239e+06	0
4.92249e+06	0
4.92259e+06	0
4.92269e+06	0
4.92279e+06	0
4.92289e+06	0
4.92299e+06	0
4.92309e+06	0
4.92319e+06	0
4.92329e+06	0
4.92339e+06	0
4.92349e+06	0
4.92359e+06	0
4.92369e+06	0
4.92379e+06	0
4.92389e+06	0
4.92399e+06	0
4.92409e+06	0
4.92419e+06	0
4.92429e+06	0
4.92439e+06	0
4.92449e+06	0
4.92459e+06	0
4.92469e+06	0
4.92479e+06	0
4.92489e+06	0
4.92499e+06	0
4.92509e+06	0
4.92519e+06	0
4.92529e+06	0
4.92539e+06	0
4.92549e+06	0
4.92559e+06	0
4.92569e+06	0
4.92579e+06	0
4.92589e+06	0
4.92599e+06	0
4.92609e+06	0
4.92619e+06	0
4.92629e+06	0
4.92639e+06	0
4.92649e+06	0
4.92659e+06	0
4.92669e+06	0
4.92679e+06	0
4.92689e+06	0
4.92699e+06	0
4.92709e+06	0
4.92719e+06	0
4.92729e+06	0
4.92739e+06	0
4.92749e+06	0
4.92759e+06	0
4.92769e+06	0
4.92779e+06	0
4.92789e+06	0
4.92799e+06	0
4.92809e+06	0
4.92819e+06	0
4.92829e+06	0
4.92839e+06	0
4.92849e+06	0
4.92859e+06	0
4.92869e+06	0
4.92879e+06	0
4.92889e+06	0
4.92899e+06	0
4.92909e+06	0
4.92919e+06	0
4.92929e+06	0
4.92939e+06	0
4.92949e+06	0
4.92959e+06	0
4.92969e+06	0
4.92979e+06	0
4.92989e+06	0
4.92999e+06	0
4.93009e+06	0
4.93019e+06	0
4.93029e+06	0
4.93039e+06	0
4.93049e+06	0
4.93059e+06	0
4.93069e+06	0
4.93079e+06	0
4.93089e+06	0
4.93099e+06	0
4.93109e+06	0
4.93119e+06	0
4.93129e+06	0
4.93139e+06	0
4.93149e+06	0
4.93159e+06	0
4.93169e+06	0
4.93179e+06	0
4.93189e+06	0
4.93199e+06	0
4.93209e+06	0
4.93219e+06	0
4.93229e+06	0
4.93239e+06	0
4.93249e+06	0
4.93259e+06	0
4.93269e+06	0
4.93279e+06	0
4.93289e+06	0
4.93299e+06	0
4.93309e+06	0
4.93319e+06	0
4.93329e+06	0
4.93339e+06	0
4.93349e+06	0
4.93359e+06	0
4.93369e+06	0
4.93379e+06	0
4.93389e+06	0
4.93399e+06	0
4.93409e+06	0
4.93419e+06	0
4.93429e+06	0
4.93439e+06	0
4.93449e+06	0
4.93459e+06	0
4.93469e+06	0
4.93479e+06	0
4.93489e+06	0
4.93499e+06	0
4.93509e+06	0
4.93519e+06	0
4.93529e+06	0
4.93539e+06	0
4.93549e+06	0
4.93559e+06	0
4.93569e+06	0
4.93579e+06	0
4.93589e+06	0
4.93599e+06	0
4.93609e+06	0
4.93619e+06	0
4.93629e+06	0
4.93639e+06	0
4.93649e+06	0
4.93659e+06	0
4.93669e+06	0
4.93679e+06	0
4.93689e+06	0
4.93699e+06	0
4.93709e+06	0
4.93719e+06	0
4.93729e+06	0
4.93739e+06	0
4.93749e+06	0
4.93759e+06	0
4.93769e+06	0
4.93779e+06	0
4.93789e+06	0
4.93799e+06	0
4.93809e+06	0
4.93819e+06	0
4.93829e+06	0
4.93839e+06	0
4.93849e+06	0
4.93859e+06	0
4.93869e+06	0
4.93879e+06	0
4.93889e+06	0
4.93899e+06	0
4.93909e+06	0
4.93919e+06	0
4.93929e+06	0
4.93939e+06	0
4.93949e+06	0
4.93959e+06	0
4.93969e+06	0
4.93979e+06	0
4.93989e+06	0
4.93999e+06	0
4.94009e+06	0
4.94019e+06	0
4.94029e+06	0
4.94039e+06	0
4.94049e+06	0
4.94059e+06	0
4.94069e+06	0
4.94079e+06	0
4.94089e+06	0
4.94099e+06	0
4.94109e+06	0
4.94119e+06	0
4.94129e+06	0
4.94139e+06	0
4.94149e+06	0
4.94159e+06	0
4.94169e+06	0
4.94179e+06	0
4.94189e+06	0
4.94199e+06	0
4.94209e+06	0
4.94219e+06	0
4.94229e+06	0
4.94239e+06	0
4.94249e+06	0
4.94259e+06	0
4.94269e+06	0
4.94279e+06	0
4.94289e+06	0
4.94299e+06	0
4.94309e+06	0
4.94319e+06	0
4.94329e+06	0
4.94339e+06	0
4.94349e+06	0
4.94359e+06	0
4.94369e+06	0
4.94379e+06	0
4.94389e+06	0
4.94399e+06	0
4.94409e+06	0
4.94419e+06	0
4.94429e+06	0
4.94439e+06	0
4.94449e+06	0
4.94459e+06	0
4.94469e+06	0
4.94479e+06	0
4.94489e+06	0
4.94499e+06	0
4.94509e+06	0
4.94519e+06	0
4.94529e+06	0
4.94539e+06	0
4.94549e+06	0
4.94559e+06	0
4.94569e+06	0
4.94579e+06	0
4.94589e+06	0
4.94599e+06	0
4.94609e+06	0
4.94619e+06	0
4.94629e+06	0
4.94639e+06	0
4.94649e+06	0
4.94659e+06	0
4.94669e+06	0
4.94679e+06	0
4.94689e+06	0
4.94699e+06	0
4.94709e+06	0
4.94719e+06	0
4.94729e+06	0
4.94739e+06	0
4.94749e+06	0
4.94759e+06	0
4.94769e+06	0
4.94779e+06	0
4.94789e+06	0
4.94799e+06	0
4.94809e+06	0
4.94819e+06	0
4.94829e+06	0
4.94839e+06	0
4.94849e+06	0
4.94859e+06	0
4.94869e+06	0
4.94879e+06	0
4.94889e+06	0
4.94899e+06	0
4.94909e+06	0
4.94919e+06	0
4.94929e+06	0
4.94939e+06	0
4.94949e+06	0
4.94959e+06	0
4.94969e+06	0
4.94979e+06	0
4.94989e+06	0
4.94999e+06	0
4.95009e+06	0
4.95019e+06	0
4.95029e+06	0
4.95039e+06	0
4.95049e+06	0
4.95059e+06	0
4.95069e+06	0
4.95079e+06	0
4.95089e+06	0
4.95099e+06	0
4.95109e+06	0
4.95119e+06	0
4.95129e+06	0
4.95139e+06	0
4.95149e+06	0
4.95159e+06	0
4.95169e+06	0
4.95179e+06	0
4.95189e+06	0
4.95199e+06	0
4.95209e+06	0
4.95219e+06	0
4.95229e+06	0
4.95239e+06	0
4.95249e+06	0
4.95259e+06	0
4.95269e+06	0
4.95279e+06	0
4.95289e+06	0
4.95299e+06	0
4.95309e+06	0
4.95319e+06	0
4.95329e+06	0
4.95339e+06	0
4.95349e+06	0
4.95359e+06	0
4.95369e+06	0
4.95379e+06	0
4.95389e+06	0
4.95399e+06	0
4.95409e+06	0
4.95419e+06	0
4.95429e+06	0
4.95439e+06	0
4.95449e+06	0
4.95459e+06	0
4.95469e+06	0
4.95479e+06	0
4.95489e+06	0
4.95499e+06	0
4.95509e+06	0
4.95519e+06	0
4.95529e+06	0
4.95539e+06	0
4.95549e+06	0
4.95559e+06	0
4.95569e+06	0
4.95579e+06	0
4.95589e+06	0
4.95599e+06	0
4.95609e+06	0
4.95619e+06	0
4.95629e+06	0
4.95639e+06	0
4.95649e+06	0
4.95659e+06	0
4.95669e+06	0
4.95679e+06	0
4.95689e+06	0
4.95699e+06	0
4.95709e+06	0
4.95719e+06	0
4.95729e+06	0
4.95739e+06	0
4.95749e+06	0
4.95759e+06	0
4.95769e+06	0
4.95779e+06	0
4.95789e+06	0
4.95799e+06	0
4.95809e+06	0
4.95819e+06	0
4.95829e+06	0
4.95839e+06	0
4.95849e+06	0
4.95859e+06	0
4.95869e+06	0
4.95879e+06	0
4.95889e+06	0
4.95899e+06	0
4.95909e+06	0
4.95919e+06	0
4.95929e+06	0
4.95939e+06	0
4.95949e+06	0
4.95959e+06	0
4.95969e+06	0
4.95979e+06	0
4.95989e+06	0
4.95999e+06	0
4.96009e+06	0
4.96019e+06	0
4.96029e+06	0
4.96039e+06	0
4.96049e+06	0
4.96059e+06	0
4.96069e+06	0
4.96079e+06	0
4.96089e+06	0
4.96099e+06	0
4.96109e+06	0
4.96119e+06	0
4.96129e+06	0
4.96139e+06	0
4.96149e+06	0
4.96159e+06	0
4.96169e+06	0
4.96179e+06	0
4.96189e+06	0
4.96199e+06	0
4.96209e+06	0
4.96219e+06	0
4.96229e+06	0
4.96239e+06	0
4.96249e+06	0
4.96259e+06	0
4.96269e+06	0
4.96279e+06	0
4.96289e+06	0
4.96299e+06	0
4.96309e+06	0
4.96319e+06	0
4.96329e+06	0
4.96339e+06	0
4.96349e+06	0
4.96359e+06	0
4.96369e+06	0
4.96379e+06	0
4.96389e+06	0
4.96399e+06	0
4.96409e+06	0
4.96419e+06	0
4.96429e+06	0
4.96439e+06	0
4.96449e+06	0
4.96459e+06	0
4.96469e+06	0
4.96479e+06	0
4.96489e+06	0
4.96499e+06	0
4.96509e+06	0
4.96519e+06	0
4.96529e+06	0
4.96539e+06	0
4.96549e+06	0
4.96559e+06	0
4.96569e+06	0
4.96579e+06	0
4.96589e+06	0
4.96599e+06	0
4.96609e+06	0
4.96619e+06	0
4.96629e+06	0
4.96639e+06	0
4.96649e+06	0
4.96659e+06	0
4.96669e+06	0
4.96679e+06	0
4.96689e+06	0
4.96699e+06	0
4.96709e+06	0
4.96719e+06	0
4.96729e+06	0
4.96739e+06	0
4.96749e+06	0
4.96759e+06	0
4.96769e+06	0
4.96779e+06	0
4.96789e+06	0
4.96799e+06	0
4.96809e+06	0
4.96819e+06	0
4.96829e+06	0
4.96839e+06	0
4.96849e+06	0
4.96859e+06	0
4.96869e+06	0
4.96879e+06	0
4.96889e+06	0
4.96899e+06	0
4.96909e+06	0
4.96919e+06	0
4.96929e+06	0
4.96939e+06	0
4.96949e+06	0
4.96959e+06	0
4.96969e+06	0
4.96979e+06	0
4.96989e+06	0
4.96999e+06	0
4.97009e+06	0
4.97019e+06	0
4.97029e+06	0
4.97039e+06	0
4.97049e+06	0
4.97059e+06	0
4.97069e+06	0
4.97079e+06	0
4.97089e+06	0
4.97099e+06	0
4.97109e+06	0
4.97119e+06	0
4.97129e+06	0
4.97139e+06	0
4.97149e+06	0
4.97159e+06	0
4.97169e+06	0
4.97179e+06	0
4.97189e+06	0
4.97199e+06	0
4.97209e+06	0
4.97219e+06	0
4.97229e+06	0
4.97239e+06	0
4.97249e+06	0
4.97259e+06	0
4.97269e+06	0
4.97279e+06	0
4.97289e+06	0
4.97299e+06	0
4.97309e+06	0
4.97319e+06	0
4.97329e+06	0
4.97339e+06	0
4.97349e+06	0
4.97359e+06	0
4.97369e+06	0
4.97379e+06	0
4.97389e+06	0
4.97399e+06	0
4.97409e+06	0
4.97419e+06	0
4.97429e+06	0
4.97439e+06	0
4.97449e+06	0
4.97459e+06	0
4.97469e+06	0
4.97479e+06	0
4.97489e+06	0
4.97499e+06	0
4.97509e+06	0
4.97519e+06	0
4.97529e+06	0
4.97539e+06	0
4.97549e+06	0
4.97559e+06	0
4.97569e+06	0
4.97579e+06	0
4.97589e+06	0
4.97599e+06	0
4.97609e+06	0
4.97619e+06	0
4.97629e+06	0
4.97639e+06	0
4.97649e+06	0
4.97659e+06	0
4.97669e+06	0
4.97679e+06	0
4.97689e+06	0
4.97699e+06	0
4.97709e+06	0
4.97719e+06	0
4.97729e+06	0
4.97739e+06	0
4.97749e+06	0
4.97759e+06	0
4.97769e+06	0
4.97779e+06	0
4.97789e+06	0
4.97799e+06	0
4.97809e+06	0
4.97819e+06	0
4.97829e+06	0
4.97839e+06	0
4.97849e+06	0
4.97859e+06	0
4.97869e+06	0
4.97879e+06	0
4.97889e+06	0
4.97899e+06	0
4.97909e+06	0
4.97919e+06	0
4.97929e+06	0
4.97939e+06	0
4.97949e+06	0
4.97959e+06	0
4.97969e+06	0
4.97979e+06	0
4.97989e+06	0
4.97999e+06	0
4.98009e+06	0
4.98019e+06	0
4.98029e+06	0
4.98039e+06	0
4.98049e+06	0
4.98059e+06	0
4.98069e+06	0
4.98079e+06	0
4.98089e+06	0
4.98099e+06	0
4.98109e+06	0
4.98119e+06	0
4.98129e+06	0
4.98139e+06	0
4.98149e+06	0
4.98159e+06	0
4.98169e+06	0
4.98179e+06	0
4.98189e+06	0
4.98199e+06	0
4.98209e+06	0
4.98219e+06	0
4.98229e+06	0
4.98239e+06	0
4.98249e+06	0
4.98259e+06	0
4.98269e+06	0
4.98279e+06	0
4.98289e+06	0
4.98299e+06	0
4.98309e+06	0
4.98319e+06	0
4.98329e+06	0
4.98339e+06	0
4.98349e+06	0
4.98359e+06	0
4.98369e+06	0
4.98379e+06	0
4.98389e+06	0
4.98399e+06	0
4.98409e+06	0
4.98419e+06	0
4.98429e+06	0
4.98439e+06	0
4.98449e+06	0
4.98459e+06	0
4.98469e+06	0
4.98479e+06	0
4.98489e+06	0
4.98499e+06	0
4.98509e+06	0
4.98519e+06	0
4.98529e+06	0
4.98539e+06	0
4.98549e+06	0
4.98559e+06	0
4.98569e+06	0
4.98579e+06	0
4.98589e+06	0
4.98599e+06	0
4.98609e+06	0
4.98619e+06	0
4.98629e+06	0
4.98639e+06	0
4.98649e+06	0
4.98659e+06	0
4.98669e+06	0
4.98679e+06	0
4.98689e+06	0
4.98699e+06	0
4.98709e+06	0
4.98719e+06	0
4.98729e+06	0
4.98739e+06	0
4.98749e+06	0
4.98759e+06	0
4.98769e+06	0
4.98779e+06	0
4.98789e+06	0
4.98799e+06	0
4.98809e+06	0
4.98819e+06	0
4.98829e+06	0
4.98839e+06	0
4.98849e+06	0
4.98859e+06	0
4.98869e+06	0
4.98879e+06	0
4.98889e+06	0
4.98899e+06	0
4.98909e+06	0
4.98919e+06	0
4.98929e+06	0
4.98939e+06	0
4.98949e+06	0
4.98959e+06	0
4.98969e+06	0
4.98979e+06	0
4.98989e+06	0
4.98999e+06	0
4.99009e+06	0
4.99019e+06	0
4.99029e+06	0
4.99039e+06	0
4.99049e+06	0
4.99059e+06	0
4.99069e+06	0
4.99079e+06	0
4.99089e+06	0
4.99099e+06	0
4.99109e+06	0
4.99119e+06	0
4.99129e+06	0
4.99139e+06	0
4.99149e+06	0
4.99159e+06	0
4.99169e+06	0
4.99179e+06	0
4.99189e+06	0
4.99199e+06	0
4.99209e+06	0
4.99219e+06	0
4.99229e+06	0
4.99239e+06	0
4.99249e+06	0
4.99259e+06	0
4.99269e+06	0
4.99279e+06	0
4.99289e+06	0
4.99299e+06	0
4.99309e+06	0
4.99319e+06	0
4.99329e+06	0
4.99339e+06	0
4.99349e+06	0
4.99359e+06	0
4.99369e+06	0
4.99379e+06	0
4.99389e+06	0
4.99399e+06	0
4.99409e+06	0
4.99419e+06	0
4.99429e+06	0
4.99439e+06	0
4.99449e+06	0
4.99459e+06	0
4.99469e+06	0
4.99479e+06	0
4.99489e+06	0
4.99499e+06	0
4.99509e+06	0
4.99519e+06	0
4.99529e+06	0
4.99539e+06	0
4.99549e+06	0
4.99559e+06	0
4.99569e+06	0
4.99579e+06	0
4.99589e+06	0
4.99599e+06	0
4.99609e+06	0
4.99619e+06	0
4.99629e+06	0
4.99639e+06	0
4.99649e+06	0
4.99659e+06	0
4.99669e+06	0
4.99679e+06	0
4.99689e+06	0
4.99699e+06	0
4.99709e+06	0
4.99719e+06	0
4.99729e+06	0
4.99739e+06	0
4.99749e+06	0
4.99759e+06	0
4.99769e+06	0
4.99779e+06	0
4.99789e+06	0
4.99799e+06	0
4.99809e+06	0
4.99819e+06	0
4.99829e+06	0
4.99839e+06	0
4.99849e+06	0
4.99859e+06	0
4.99869e+06	0
4.99879e+06	0
4.99889e+06	0
4.99899e+06	0
4.99909e+06	0
4.99919e+06	0
4.99929e+06	0
4.99939e+06	0
4.99949e+06	0
4.99959e+06	0
4.99969e+06	0
4.99979e+06	0
4.99989e+06	0
4.99999e+06	0
5.00009e+06	0
5.00019e+06	0
5.00029e+06	0
5.00039e+06	0
5.00049e+06	0
5.00059e+06	0
5.00069e+06	0
5.00079e+06	0
5.00089e+06	0
5.00099e+06	0
5.00109e+06	0
5.00119e+06	0
5.00129e+06	0
5.00139e+06	0
5.00149e+06	0
5.00159e+06	0
5.00169e+06	0
5.00179e+06	0
5.00189e+06	0
5.00199e+06	0
5.00209e+06	0
5.00219e+06	0
5.00229e+06	0
5.00239e+06	0
5.00249e+06	0
5.00259e+06	0
5.00269e+06	0
5.00279e+06	0
5.00289e+06	0
5.00299e+06	0
5.00309e+06	0
5.00319e+06	0
5.00329e+06	0
5.00339e+06	0
5.00349e+06	0
5.00359e+06	0
5.00369e+06	0
5.00379e+06	0
5.00389e+06	0
5.00399e+06	0
5.00409e+06	0
5.00419e+06	0
5.00429e+06	0
5.00439e+06	0
5.00449e+06	0
5.00459e+06	0
5.00469e+06	0
5.00479e+06	0
5.00489e+06	0
5.00499e+06	0
5.00509e+06	0
5.00519e+06	0
5.00529e+06	0
5.00539e+06	0
5.00549e+06	0
5.00559e+06	0
5.00569e+06	0
5.00579e+06	0
5.00589e+06	0
5.00599e+06	0
5.00609e+06	0
5.00619e+06	0
5.00629e+06	0
5.00639e+06	0
5.00649e+06	0
5.00659e+06	0
5.00669e+06	0
5.00679e+06	0
5.00689e+06	0
5.00699e+06	0
5.00709e+06	0
5.00719e+06	0
5.00729e+06	0
5.00739e+06	0
5.00749e+06	0
5.00759e+06	0
5.00769e+06	0
5.00779e+06	0
5.00789e+06	0
5.00799e+06	0
5.00809e+06	0
5.00819e+06	0
5.00829e+06	0
5.00839e+06	0
5.00849e+06	0
5.00859e+06	0
5.00869e+06	0
5.00879e+06	0
5.00889e+06	0
5.00899e+06	0
5.00909e+06	0
5.00919e+06	0
5.00929e+06	0
5.00939e+06	0
5.00949e+06	0
5.00959e+06	0
5.00969e+06	0
5.00979e+06	0
5.00989e+06	0
5.00999e+06	0
5.01009e+06	0
5.01019e+06	0
5.01029e+06	0
5.01039e+06	0
5.01049e+06	0
5.01059e+06	0
5.01069e+06	0
5.01079e+06	0
5.01089e+06	0
5.01099e+06	0
5.01109e+06	0
5.01119e+06	0
5.01129e+06	0
5.01139e+06	0
5.01149e+06	0
5.01159e+06	0
5.01169e+06	0
5.01179e+06	0
5.01189e+06	0
5.01199e+06	0
5.01209e+06	0
5.01219e+06	0
5.01229e+06	0
5.01239e+06	0
5.01249e+06	0
5.01259e+06	0
5.01269e+06	0
5.01279e+06	0
5.01289e+06	0
5.01299e+06	0
5.01309e+06	0
5.01319e+06	0
5.01329e+06	0
5.01339e+06	0
5.01349e+06	0
5.01359e+06	0
5.01369e+06	0
5.01379e+06	0
5.01389e+06	0
5.01399e+06	0
5.01409e+06	0
5.01419e+06	0
5.01429e+06	0
5.01439e+06	0
5.01449e+06	0
5.01459e+06	0
5.01469e+06	0
5.01479e+06	0
5.01489e+06	0
5.01499e+06	0
5.01509e+06	0
5.01519e+06	0
5.01529e+06	0
5.01539e+06	0
5.01549e+06	0
5.01559e+06	0
5.01569e+06	0
5.01579e+06	0
5.01589e+06	0
5.01599e+06	0
5.01609e+06	0
5.01619e+06	0
5.01629e+06	0
5.01639e+06	0
5.01649e+06	0
5.01659e+06	0
5.01669e+06	0
5.01679e+06	0
5.01689e+06	0
5.01699e+06	0
5.01709e+06	0
5.01719e+06	0
5.01729e+06	0
5.01739e+06	0
5.01749e+06	0
5.01759e+06	0
5.01769e+06	0
5.01779e+06	0
5.01789e+06	0
5.01799e+06	0
5.01809e+06	0
5.01819e+06	0
5.01829e+06	0
5.01839e+06	0
5.01849e+06	0
5.01859e+06	0
5.01869e+06	0
5.01879e+06	0
5.01889e+06	0
5.01899e+06	0
5.01909e+06	0
5.01919e+06	0
5.01929e+06	0
5.01939e+06	0
5.01949e+06	0
5.01959e+06	0
5.01969e+06	0
5.01979e+06	0
5.01989e+06	0
5.01999e+06	0
5.02009e+06	0
5.02019e+06	0
5.02029e+06	0
5.02039e+06	0
5.02049e+06	0
5.02059e+06	0
5.02069e+06	0
5.02079e+06	0
5.02089e+06	0
5.02099e+06	0
5.02109e+06	0
5.02119e+06	0
5.02129e+06	0
5.02139e+06	0
5.02149e+06	0
5.02159e+06	0
5.02169e+06	0
5.02179e+06	0
5.02189e+06	0
5.02199e+06	0
5.02209e+06	0
5.02219e+06	0
5.02229e+06	0
5.02239e+06	0
5.02249e+06	0
5.02259e+06	0
5.02269e+06	0
5.02279e+06	0
5.02289e+06	0
5.02299e+06	0
5.02309e+06	0
5.02319e+06	0
5.02329e+06	0
5.02339e+06	0
5.02349e+06	0
5.02359e+06	0
5.02369e+06	0
5.02379e+06	0
5.02389e+06	0
5.02399e+06	0
5.02409e+06	0
5.02419e+06	0
5.02429e+06	0
5.02439e+06	0
5.02449e+06	0
5.02459e+06	0
5.02469e+06	0
5.02479e+06	0
5.02489e+06	0
5.02499e+06	0
5.02509e+06	0
5.02519e+06	0
5.02529e+06	0
5.02539e+06	0
5.02549e+06	0
5.02559e+06	0
5.02569e+06	0
5.02579e+06	0
5.02589e+06	0
5.02599e+06	0
5.02609e+06	0
5.02619e+06	0
5.02629e+06	0
5.02639e+06	0
5.02649e+06	0
5.02659e+06	0
5.02669e+06	0
5.02679e+06	0
5.02689e+06	0
5.02699e+06	0
5.02709e+06	0
5.02719e+06	0
5.02729e+06	0
5.02739e+06	0
5.02749e+06	0
5.02759e+06	0
5.02769e+06	0
5.02779e+06	0
5.02789e+06	0
5.02799e+06	0
5.02809e+06	0
5.02819e+06	0
5.02829e+06	0
5.02839e+06	0
5.02849e+06	0
5.02859e+06	0
5.02869e+06	0
5.02879e+06	0
5.02889e+06	0
5.02899e+06	0
5.02909e+06	0
5.02919e+06	0
5.02929e+06	0
5.02939e+06	0
5.02949e+06	0
5.02959e+06	0
5.02969e+06	0
5.02979e+06	0
5.02989e+06	0
5.02999e+06	0
5.03009e+06	0
5.03019e+06	0
5.03029e+06	0
5.03039e+06	0
5.03049e+06	0
5.03059e+06	0
5.03069e+06	0
5.03079e+06	0
5.03089e+06	0
5.03099e+06	0
5.03109e+06	0
5.03119e+06	0
5.03129e+06	0
5.03139e+06	0
5.03149e+06	0
5.03159e+06	0
5.03169e+06	0
5.03179e+06	0
5.03189e+06	0
5.03199e+06	0
5.03209e+06	0
5.03219e+06	0
5.03229e+06	0
5.03239e+06	0
5.03249e+06	0
5.03259e+06	0
5.03269e+06	0
5.03279e+06	0
5.03289e+06	0
5.03299e+06	0
5.03309e+06	0
5.03319e+06	0
5.03329e+06	0
5.03339e+06	0
5.03349e+06	0
5.03359e+06	0
5.03369e+06	0
5.03379e+06	0
5.03389e+06	0
5.03399e+06	0
5.03409e+06	0
5.03419e+06	0
5.03429e+06	0
5.03439e+06	0
5.03449e+06	0
5.03459e+06	0
5.03469e+06	0
5.03479e+06	0
5.03489e+06	0
5.03499e+06	0
5.03509e+06	0
5.03519e+06	0
5.03529e+06	0
5.03539e+06	0
5.03549e+06	0
5.03559e+06	0
5.03569e+06	0
5.03579e+06	0
5.03589e+06	0
5.03599e+06	0
5.03609e+06	0
5.03619e+06	0
5.03629e+06	0
5.03639e+06	0
5.03649e+06	0
5.03659e+06	0
5.03669e+06	0
5.03679e+06	0
5.03689e+06	0
5.03699e+06	0
5.03709e+06	0
5.03719e+06	0
5.03729e+06	0
5.03739e+06	0
5.03749e+06	0
5.03759e+06	0
5.03769e+06	0
5.03779e+06	0
5.03789e+06	0
5.03799e+06	0
5.03809e+06	0
5.03819e+06	0
5.03829e+06	0
5.03839e+06	0
5.03849e+06	0
5.03859e+06	0
5.03869e+06	0
5.03879e+06	0
5.03889e+06	0
5.03899e+06	0
5.03909e+06	0
5.03919e+06	0
5.03929e+06	0
5.03939e+06	0
5.03949e+06	0
5.03959e+06	0
5.03969e+06	0
5.03979e+06	0
5.03989e+06	0
5.03999e+06	0
5.04009e+06	0
5.04019e+06	0
5.04029e+06	0
5.04039e+06	0
5.04049e+06	0
5.04059e+06	0
5.04069e+06	0
5.04079e+06	0
5.04089e+06	0
5.04099e+06	0
5.04109e+06	0
5.04119e+06	0
5.04129e+06	0
5.04139e+06	0
5.04149e+06	0
5.04159e+06	0
5.04169e+06	0
5.04179e+06	0
5.04189e+06	0
5.04199e+06	0
5.04209e+06	0
5.04219e+06	0
5.04229e+06	0
5.04239e+06	0
5.04249e+06	0
5.04259e+06	0
5.04269e+06	0
5.04279e+06	0
5.04289e+06	0
5.04299e+06	0
5.04309e+06	0
5.04319e+06	0
5.04329e+06	0
5.04339e+06	0
5.04349e+06	0
5.04359e+06	0
5.04369e+06	0
5.04379e+06	0
5.04389e+06	0
5.04399e+06	0
5.04409e+06	0
5.04419e+06	0
5.04429e+06	0
5.04439e+06	0
5.04449e+06	0
5.04459e+06	0
5.04469e+06	0
5.04479e+06	0
5.04489e+06	0
5.04499e+06	0
5.04509e+06	0
5.04519e+06	0
5.04529e+06	0
5.04539e+06	0
5.04549e+06	0
5.04559e+06	0
5.04569e+06	0
5.04579e+06	0
5.04589e+06	0
5.04599e+06	0
5.04609e+06	0
5.04619e+06	0
5.04629e+06	0
5.04639e+06	0
5.04649e+06	0
5.04659e+06	0
5.04669e+06	0
5.04679e+06	0
5.04689e+06	0
5.04699e+06	0
5.04709e+06	0
5.04719e+06	0
5.04729e+06	0
5.04739e+06	0
5.04749e+06	0
5.04759e+06	0
5.04769e+06	0
5.04779e+06	0
5.04789e+06	0
5.04799e+06	0
5.04809e+06	0
5.04819e+06	0
5.04829e+06	0
5.04839e+06	0
5.04849e+06	0
5.04859e+06	0
5.04869e+06	0
5.04879e+06	0
5.04889e+06	0
5.04899e+06	0
5.04909e+06	0
5.04919e+06	0
5.04929e+06	0
5.04939e+06	0
5.04949e+06	0
5.04959e+06	0
5.04969e+06	0
5.04979e+06	0
5.04989e+06	0
5.04999e+06	0
5.05009e+06	0
5.05019e+06	0
5.05029e+06	0
5.05039e+06	0
5.05049e+06	0
5.05059e+06	0
5.05069e+06	0
5.05079e+06	0
5.05089e+06	0
5.05099e+06	0
5.05109e+06	0
5.05119e+06	0
5.05129e+06	0
5.05139e+06	0
5.05149e+06	0
5.05159e+06	0
5.05169e+06	0
5.05179e+06	0
5.05189e+06	0
5.05199e+06	0
5.05209e+06	0
5.05219e+06	0
5.05229e+06	0
5.05239e+06	0
5.05249e+06	0
5.05259e+06	0
5.05269e+06	0
5.05279e+06	0
5.05289e+06	0
5.05299e+06	0
5.05309e+06	0
5.05319e+06	0
5.05329e+06	0
5.05339e+06	0
5.05349e+06	0
5.05359e+06	0
5.05369e+06	0
5.05379e+06	0
5.05389e+06	0
5.05399e+06	0
5.05409e+06	0
5.05419e+06	0
5.05429e+06	0
5.05439e+06	0
5.05449e+06	0
5.05459e+06	0
5.05469e+06	0
5.05479e+06	0
5.05489e+06	0
5.05499e+06	0
5.05509e+06	0
5.05519e+06	0
5.05529e+06	0
5.05539e+06	0
5.05549e+06	0
5.05559e+06	0
5.05569e+06	0
5.05579e+06	0
5.05589e+06	0
5.05599e+06	0
5.05609e+06	0
5.05619e+06	0
5.05629e+06	0
5.05639e+06	0
5.05649e+06	0
5.05659e+06	0
5.05669e+06	0
5.05679e+06	0
5.05689e+06	0
5.05699e+06	0
5.05709e+06	0
5.05719e+06	0
5.05729e+06	0
5.05739e+06	0
5.05749e+06	0
5.05759e+06	0
5.05769e+06	0
5.05779e+06	0
5.05789e+06	0
5.05799e+06	0
5.05809e+06	0
5.05819e+06	0
5.05829e+06	0
5.05839e+06	0
5.05849e+06	0
5.05859e+06	0
5.05869e+06	0
5.05879e+06	0
5.05889e+06	0
5.05899e+06	0
5.05909e+06	0
5.05919e+06	0
5.05929e+06	0
5.05939e+06	0
5.05949e+06	0
5.05959e+06	0
5.05969e+06	0
5.05979e+06	0
5.05989e+06	0
5.05999e+06	0
5.06009e+06	0
5.06019e+06	0
5.06029e+06	0
5.06039e+06	0
5.06049e+06	0
5.06059e+06	0
5.06069e+06	0
5.06079e+06	0
5.06089e+06	0
5.06099e+06	0
5.06109e+06	0
5.06119e+06	0
5.06129e+06	0
5.06139e+06	0
5.06149e+06	0
5.06159e+06	0
5.06169e+06	0
5.06179e+06	0
5.06189e+06	0
5.06199e+06	0
5.06209e+06	0
5.06219e+06	0
5.06229e+06	0
5.06239e+06	0
5.06249e+06	0
5.06259e+06	0
5.06269e+06	0
5.06279e+06	0
5.06289e+06	0
5.06299e+06	0
5.06309e+06	0
5.06319e+06	0
5.06329e+06	0
5.06339e+06	0
5.06349e+06	0
5.06359e+06	0
5.06369e+06	0
5.06379e+06	0
5.06389e+06	0
5.06399e+06	0
5.06409e+06	0
5.06419e+06	0
5.06429e+06	0
5.06439e+06	0
5.06449e+06	0
5.06459e+06	0
5.06469e+06	0
5.06479e+06	0
5.06489e+06	0
5.06499e+06	0
5.06509e+06	0
5.06519e+06	0
5.06529e+06	0
5.06539e+06	0
5.06549e+06	0
5.06559e+06	0
5.06569e+06	0
5.06579e+06	0
5.06589e+06	0
5.06599e+06	0
5.06609e+06	0
5.06619e+06	0
5.06629e+06	0
5.06639e+06	0
5.06649e+06	0
5.06659e+06	0
5.06669e+06	0
5.06679e+06	0
5.06689e+06	0
5.06699e+06	0
5.06709e+06	0
5.06719e+06	0
5.06729e+06	0
5.06739e+06	0
5.06749e+06	0
5.06759e+06	0
5.06769e+06	0
5.06779e+06	0
5.06789e+06	0
5.06799e+06	0
5.06809e+06	0
5.06819e+06	0
5.06829e+06	0
5.06839e+06	0
5.06849e+06	0
5.06859e+06	0
5.06869e+06	0
5.06879e+06	0
5.06889e+06	0
5.06899e+06	0
5.06909e+06	0
5.06919e+06	0
5.06929e+06	0
5.06939e+06	0
5.06949e+06	0
5.06959e+06	0
5.06969e+06	0
5.06979e+06	0
5.06989e+06	0
5.06999e+06	0
5.07009e+06	0
5.07019e+06	0
5.07029e+06	0
5.07039e+06	0
5.07049e+06	0
5.07059e+06	0
5.07069e+06	0
5.07079e+06	0
5.07089e+06	0
5.07099e+06	0
5.07109e+06	0
5.07119e+06	0
5.07129e+06	0
5.07139e+06	0
5.07149e+06	0
5.07159e+06	0
5.07169e+06	0
5.07179e+06	0
5.07189e+06	0
5.07199e+06	0
5.07209e+06	0
5.07219e+06	0
5.07229e+06	0
5.07239e+06	0
5.07249e+06	0
5.07259e+06	0
5.07269e+06	0
5.07279e+06	0
5.07289e+06	0
5.07299e+06	0
5.07309e+06	0
5.07319e+06	0
5.07329e+06	0
5.07339e+06	0
5.07349e+06	0
5.07359e+06	0
5.07369e+06	0
5.07379e+06	0
5.07389e+06	0
5.07399e+06	0
5.07409e+06	0
5.07419e+06	0
5.07429e+06	0
5.07439e+06	0
5.07449e+06	0
5.07459e+06	0
5.07469e+06	0
5.07479e+06	0
5.07489e+06	0
5.07499e+06	0
5.07509e+06	0
5.07519e+06	0
5.07529e+06	0
5.07539e+06	0
5.07549e+06	0
5.07559e+06	0
5.07569e+06	0
5.07579e+06	0
5.07589e+06	0
5.07599e+06	0
5.07609e+06	0
5.07619e+06	0
5.07629e+06	0
5.07639e+06	0
5.07649e+06	0
5.07659e+06	0
5.07669e+06	0
5.07679e+06	0
5.07689e+06	0
5.07699e+06	0
5.07709e+06	0
5.07719e+06	0
5.07729e+06	0
5.07739e+06	0
5.07749e+06	0
5.07759e+06	0
5.07769e+06	0
5.07779e+06	0
5.07789e+06	0
5.07799e+06	0
5.07809e+06	0
5.07819e+06	0
5.07829e+06	0
5.07839e+06	0
5.07849e+06	0
5.07859e+06	0
5.07869e+06	0
5.07879e+06	0
5.07889e+06	0
5.07899e+06	0
5.07909e+06	0
5.07919e+06	0
5.07929e+06	0
5.07939e+06	0
5.07949e+06	0
5.07959e+06	0
5.07969e+06	0
5.07979e+06	0
5.07989e+06	0
5.07999e+06	0
5.08009e+06	0
5.08019e+06	0
5.08029e+06	0
5.08039e+06	0
5.08049e+06	0
5.08059e+06	0
5.08069e+06	0
5.08079e+06	0
5.08089e+06	0
5.08099e+06	0
5.08109e+06	0
5.08119e+06	0
5.08129e+06	0
5.08139e+06	0
5.08149e+06	0
5.08159e+06	0
5.08169e+06	0
5.08179e+06	0
5.08189e+06	0
5.08199e+06	0
5.08209e+06	0
5.08219e+06	0
5.08229e+06	0
5.08239e+06	0
5.08249e+06	0
5.08259e+06	0
5.08269e+06	0
5.08279e+06	0
5.08289e+06	0
5.08299e+06	0
5.08309e+06	0
5.08319e+06	0
5.08329e+06	0
5.08339e+06	0
5.08349e+06	0
5.08359e+06	0
5.08369e+06	0
5.08379e+06	0
5.08389e+06	0
5.08399e+06	0
5.08409e+06	0
5.08419e+06	0
5.08429e+06	0
5.08439e+06	0
5.08449e+06	0
5.08459e+06	0
5.08469e+06	0
5.08479e+06	0
5.08489e+06	0
5.08499e+06	0
5.08509e+06	0
5.08519e+06	0
5.08529e+06	0
5.08539e+06	0
5.08549e+06	0
5.08559e+06	0
5.08569e+06	0
5.08579e+06	0
5.08589e+06	0
5.08599e+06	0
5.08609e+06	0
5.08619e+06	0
5.08629e+06	0
5.08639e+06	0
5.08649e+06	0
5.08659e+06	0
5.08669e+06	0
5.08679e+06	0
5.08689e+06	0
5.08699e+06	0
5.08709e+06	0
5.08719e+06	0
5.08729e+06	0
5.08739e+06	0
5.08749e+06	0
5.08759e+06	0
5.08769e+06	0
5.08779e+06	0
5.08789e+06	0
5.08799e+06	0
5.08809e+06	0
5.08819e+06	0
5.08829e+06	0
5.08839e+06	0
5.08849e+06	0
5.08859e+06	0
5.08869e+06	0
5.08879e+06	0
5.08889e+06	0
5.08899e+06	0
5.08909e+06	0
5.08919e+06	0
5.08929e+06	0
5.08939e+06	0
5.08949e+06	0
5.08959e+06	0
5.08969e+06	0
5.08979e+06	0
5.08989e+06	0
5.08999e+06	0
5.09009e+06	0
5.09019e+06	0
5.09029e+06	0
5.09039e+06	0
5.09049e+06	0
5.09059e+06	0
5.09069e+06	0
5.09079e+06	0
5.09089e+06	0
5.09099e+06	0
5.09109e+06	0
5.09119e+06	0
5.09129e+06	0
5.09139e+06	0
5.09149e+06	0
5.09159e+06	0
5.09169e+06	0
5.09179e+06	0
5.09189e+06	0
5.09199e+06	0
5.09209e+06	0
5.09219e+06	0
5.09229e+06	0
5.09239e+06	0
5.09249e+06	0
5.09259e+06	0
5.09269e+06	0
5.09279e+06	0
5.09289e+06	0
5.09299e+06	0
5.09309e+06	0
5.09319e+06	0
5.09329e+06	0
5.09339e+06	0
5.09349e+06	0
5.09359e+06	0
5.09369e+06	0
5.09379e+06	0
5.09389e+06	0
5.09399e+06	0
5.09409e+06	0
5.09419e+06	0
5.09429e+06	0
5.09439e+06	0
5.09449e+06	0
5.09459e+06	0
5.09469e+06	0
5.09479e+06	0
5.09489e+06	0
5.09499e+06	0
5.09509e+06	0
5.09519e+06	0
5.09529e+06	0
5.09539e+06	0
5.09549e+06	0
5.09559e+06	0
5.09569e+06	0
5.09579e+06	0
5.09589e+06	0
5.09599e+06	0
5.09609e+06	0
5.09619e+06	0
5.09629e+06	0
5.09639e+06	0
5.09649e+06	0
5.09659e+06	0
5.09669e+06	0
5.09679e+06	0
5.09689e+06	0
5.09699e+06	0
5.09709e+06	0
5.09719e+06	0
5.09729e+06	0
5.09739e+06	0
5.09749e+06	0
5.09759e+06	0
5.09769e+06	0
5.09779e+06	0
5.09789e+06	0
5.09799e+06	0
5.09809e+06	0
5.09819e+06	0
5.09829e+06	0
5.09839e+06	0
5.09849e+06	0
5.09859e+06	0
5.09869e+06	0
5.09879e+06	0
5.09889e+06	0
5.09899e+06	0
5.09909e+06	0
5.09919e+06	0
5.09929e+06	0
5.09939e+06	0
5.09949e+06	0
5.09959e+06	0
5.09969e+06	0
5.09979e+06	0
5.09989e+06	0
5.09999e+06	0
5.10009e+06	0
5.10019e+06	0
5.10029e+06	0
5.10039e+06	0
5.10049e+06	0
5.10059e+06	0
5.10069e+06	0
5.10079e+06	0
5.10089e+06	0
5.10099e+06	0
5.10109e+06	0
5.10119e+06	0
5.10129e+06	0
5.10139e+06	0
5.10149e+06	0
5.10159e+06	0
5.10169e+06	0
5.10179e+06	0
5.10189e+06	0
5.10199e+06	0
5.10209e+06	0
5.10219e+06	0
5.10229e+06	0
5.10239e+06	0
5.10249e+06	0
5.10259e+06	0
5.10269e+06	0
5.10279e+06	0
5.10289e+06	0
5.10299e+06	0
5.10309e+06	0
5.10319e+06	0
5.10329e+06	0
5.10339e+06	0
5.10349e+06	0
5.10359e+06	0
5.10369e+06	0
5.10379e+06	0
5.10389e+06	0
5.10399e+06	0
5.10409e+06	0
5.10419e+06	0
5.10429e+06	0
5.10439e+06	0
5.10449e+06	0
5.10459e+06	0
5.10469e+06	0
5.10479e+06	0
5.10489e+06	0
5.10499e+06	0
5.10509e+06	0
5.10519e+06	0
5.10529e+06	0
5.10539e+06	0
5.10549e+06	0
5.10559e+06	0
5.10569e+06	0
5.10579e+06	0
5.10589e+06	0
5.10599e+06	0
5.10609e+06	0
5.10619e+06	0
5.10629e+06	0
5.10639e+06	0
5.10649e+06	0
5.10659e+06	0
5.10669e+06	0
5.10679e+06	0
5.10689e+06	0
5.10699e+06	0
5.10709e+06	0
5.10719e+06	0
5.10729e+06	0
5.10739e+06	0
5.10749e+06	0
5.10759e+06	0
5.10769e+06	0
5.10779e+06	0
5.10789e+06	0
5.10799e+06	0
5.10809e+06	0
5.10819e+06	0
5.10829e+06	0
5.10839e+06	0
5.10849e+06	0
5.10859e+06	0
5.10869e+06	0
5.10879e+06	0
5.10889e+06	0
5.10899e+06	0
5.10909e+06	0
5.10919e+06	0
5.10929e+06	0
5.10939e+06	0
5.10949e+06	0
5.10959e+06	0
5.10969e+06	0
5.10979e+06	0
5.10989e+06	0
5.10999e+06	0
5.11009e+06	0
5.11019e+06	0
5.11029e+06	0
5.11039e+06	0
5.11049e+06	0
5.11059e+06	0
5.11069e+06	0
5.11079e+06	0
5.11089e+06	0
5.11099e+06	0
5.11109e+06	0
5.11119e+06	0
5.11129e+06	0
5.11139e+06	0
5.11149e+06	0
5.11159e+06	0
5.11169e+06	0
5.11179e+06	0
5.11189e+06	0
5.11199e+06	0
5.11209e+06	0
5.11219e+06	0
5.11229e+06	0
5.11239e+06	0
5.11249e+06	0
5.11259e+06	0
5.11269e+06	0
5.11279e+06	0
5.11289e+06	0
5.11299e+06	0
5.11309e+06	0
5.11319e+06	0
5.11329e+06	0
5.11339e+06	0
5.11349e+06	0
5.11359e+06	0
5.11369e+06	0
5.11379e+06	0
5.11389e+06	0
5.11399e+06	0
5.11409e+06	0
5.11419e+06	0
5.11429e+06	0
5.11439e+06	0
5.11449e+06	0
5.11459e+06	0
5.11469e+06	0
5.11479e+06	0
5.11489e+06	0
5.11499e+06	0
5.11509e+06	0
5.11519e+06	0
5.11529e+06	0
5.11539e+06	0
5.11549e+06	0
5.11559e+06	0
5.11569e+06	0
5.11579e+06	0
5.11589e+06	0
5.11599e+06	0
5.11609e+06	0
5.11619e+06	0
5.11629e+06	0
5.11639e+06	0
5.11649e+06	0
5.11659e+06	0
5.11669e+06	0
5.11679e+06	0
5.11689e+06	0
5.11699e+06	0
5.11709e+06	0
5.11719e+06	0
5.11729e+06	0
5.11739e+06	0
5.11749e+06	0
5.11759e+06	0
5.11769e+06	0
5.11779e+06	0
5.11789e+06	0
5.11799e+06	0
5.11809e+06	0
5.11819e+06	0
5.11829e+06	0
5.11839e+06	0
5.11849e+06	0
5.11859e+06	0
5.11869e+06	0
5.11879e+06	0
5.11889e+06	0
5.11899e+06	0
5.11909e+06	0
5.11919e+06	0
5.11929e+06	0
5.11939e+06	0
5.11949e+06	0
5.11959e+06	0
5.11969e+06	0
5.11979e+06	0
5.11989e+06	0
5.11999e+06	0
5.12009e+06	0
5.12019e+06	0
5.12029e+06	0
5.12039e+06	0
5.12049e+06	0
5.12059e+06	0
5.12069e+06	0
5.12079e+06	0
5.12089e+06	0
5.12099e+06	0
5.12109e+06	0
5.12119e+06	0
5.12129e+06	0
5.12139e+06	0
5.12149e+06	0
5.12159e+06	0
5.12169e+06	0
5.12179e+06	0
5.12189e+06	0
5.12199e+06	0
5.12209e+06	0
5.12219e+06	0
5.12229e+06	0
5.12239e+06	0
5.12249e+06	0
5.12259e+06	0
5.12269e+06	0
5.12279e+06	0
5.12289e+06	0
5.12299e+06	0
5.12309e+06	0
5.12319e+06	0
5.12329e+06	0
5.12339e+06	0
5.12349e+06	0
5.12359e+06	0
5.12369e+06	0
5.12379e+06	0
5.12389e+06	0
5.12399e+06	0
5.12409e+06	0
5.12419e+06	0
5.12429e+06	0
5.12439e+06	0
5.12449e+06	0
5.12459e+06	0
5.12469e+06	0
5.12479e+06	0
5.12489e+06	0
5.12499e+06	0
5.12509e+06	0
5.12519e+06	0
5.12529e+06	0
5.12539e+06	0
5.12549e+06	0
5.12559e+06	0
5.12569e+06	0
5.12579e+06	0
5.12589e+06	0
5.12599e+06	0
5.12609e+06	0
5.12619e+06	0
5.12629e+06	0
5.12639e+06	0
5.12649e+06	0
5.12659e+06	0
5.12669e+06	0
5.12679e+06	0
5.12689e+06	0
5.12699e+06	0
5.12709e+06	0
5.12719e+06	0
5.12729e+06	0
5.12739e+06	0
5.12749e+06	0
5.12759e+06	0
5.12769e+06	0
5.12779e+06	0
5.12789e+06	0
5.12799e+06	0
5.12809e+06	0
5.12819e+06	0
5.12829e+06	0
5.12839e+06	0
5.12849e+06	0
5.12859e+06	0
5.12869e+06	0
5.12879e+06	0
5.12889e+06	0
5.12899e+06	0
5.12909e+06	0
5.12919e+06	0
5.12929e+06	0
5.12939e+06	0
5.12949e+06	0
5.12959e+06	0
5.12969e+06	0
5.12979e+06	0
5.12989e+06	0
5.12999e+06	0
5.13009e+06	0
5.13019e+06	0
5.13029e+06	0
5.13039e+06	0
5.13049e+06	0
5.13059e+06	0
5.13069e+06	0
5.13079e+06	0
5.13089e+06	0
5.13099e+06	0
5.13109e+06	0
5.13119e+06	0
5.13129e+06	0
5.13139e+06	0
5.13149e+06	0
5.13159e+06	0
5.13169e+06	0
5.13179e+06	0
5.13189e+06	0
5.13199e+06	0
5.13209e+06	0
5.13219e+06	0
5.13229e+06	0
5.13239e+06	0
5.13249e+06	0
5.13259e+06	0
5.13269e+06	0
5.13279e+06	0
5.13289e+06	0
5.13299e+06	0
5.13309e+06	0
5.13319e+06	0
5.13329e+06	0
5.13339e+06	0
5.13349e+06	0
5.13359e+06	0
5.13369e+06	0
5.13379e+06	0
5.13389e+06	0
5.13399e+06	0
5.13409e+06	0
5.13419e+06	0
5.13429e+06	0
5.13439e+06	0
5.13449e+06	0
5.13459e+06	0
5.13469e+06	0
5.13479e+06	0
5.13489e+06	0
5.13499e+06	0
5.13509e+06	0
5.13519e+06	0
5.13529e+06	0
5.13539e+06	0
5.13549e+06	0
5.13559e+06	0
5.13569e+06	0
5.13579e+06	0
5.13589e+06	0
5.13599e+06	0
5.13609e+06	0
5.13619e+06	0
5.13629e+06	0
5.13639e+06	0
5.13649e+06	0
5.13659e+06	0
5.13669e+06	0
5.13679e+06	0
5.13689e+06	0
5.13699e+06	0
5.13709e+06	0
5.13719e+06	0
5.13729e+06	0
5.13739e+06	0
5.13749e+06	0
5.13759e+06	0
5.13769e+06	0
5.13779e+06	0
5.13789e+06	0
5.13799e+06	0
5.13809e+06	0
5.13819e+06	0
5.13829e+06	0
5.13839e+06	0
5.13849e+06	0
5.13859e+06	0
5.13869e+06	0
5.13879e+06	0
5.13889e+06	0
5.13899e+06	0
5.13909e+06	0
5.13919e+06	0
5.13929e+06	0
5.13939e+06	0
5.13949e+06	0
5.13959e+06	0
5.13969e+06	0
5.13979e+06	0
5.13989e+06	0
5.13999e+06	0
5.14009e+06	0
5.14019e+06	0
5.14029e+06	0
5.14039e+06	0
5.14049e+06	0
5.14059e+06	0
5.14069e+06	0
5.14079e+06	0
5.14089e+06	0
5.14099e+06	0
5.14109e+06	0
5.14119e+06	0
5.14129e+06	0
5.14139e+06	0
5.14149e+06	0
5.14159e+06	0
5.14169e+06	0
5.14179e+06	0
5.14189e+06	0
5.14199e+06	0
5.14209e+06	0
5.14219e+06	0
5.14229e+06	0
5.14239e+06	0
5.14249e+06	0
5.14259e+06	0
5.14269e+06	0
5.14279e+06	0
5.14289e+06	0
5.14299e+06	0
5.14309e+06	0
5.14319e+06	0
5.14329e+06	0
5.14339e+06	0
5.14349e+06	0
5.14359e+06	0
5.14369e+06	0
5.14379e+06	0
5.14389e+06	0
5.14399e+06	0
5.14409e+06	0
5.14419e+06	0
5.14429e+06	0
5.14439e+06	0
5.14449e+06	0
5.14459e+06	0
5.14469e+06	0
5.14479e+06	0
5.14489e+06	0
5.14499e+06	0
5.14509e+06	0
5.14519e+06	0
5.14529e+06	0
5.14539e+06	0
5.14549e+06	0
5.14559e+06	0
5.14569e+06	0
5.14579e+06	0
5.14589e+06	0
5.14599e+06	0
5.14609e+06	0
5.14619e+06	0
5.14629e+06	0
5.14639e+06	0
5.14649e+06	0
5.14659e+06	0
5.14669e+06	0
5.14679e+06	0
5.14689e+06	0
5.14699e+06	0
5.14709e+06	0
5.14719e+06	0
5.14729e+06	0
5.14739e+06	0
5.14749e+06	0
5.14759e+06	0
5.14769e+06	0
5.14779e+06	0
5.14789e+06	0
5.14799e+06	0
5.14809e+06	0
5.14819e+06	0
5.14829e+06	0
5.14839e+06	0
5.14849e+06	0
5.14859e+06	0
5.14869e+06	0
5.14879e+06	0
5.14889e+06	0
5.14899e+06	0
5.14909e+06	0
5.14919e+06	0
5.14929e+06	0
5.14939e+06	0
5.14949e+06	0
5.14959e+06	0
5.14969e+06	0
5.14979e+06	0
5.14989e+06	0
5.14999e+06	0
5.15009e+06	0
5.15019e+06	0
5.15029e+06	0
5.15039e+06	0
5.15049e+06	0
5.15059e+06	0
5.15069e+06	0
5.15079e+06	0
5.15089e+06	0
5.15099e+06	0
5.15109e+06	0
5.15119e+06	0
5.15129e+06	0
5.15139e+06	0
5.15149e+06	0
5.15159e+06	0
5.15169e+06	0
5.15179e+06	0
5.15189e+06	0
5.15199e+06	0
5.15209e+06	0
5.15219e+06	0
5.15229e+06	0
5.15239e+06	0
5.15249e+06	0
5.15259e+06	0
5.15269e+06	0
5.15279e+06	0
5.15289e+06	0
5.15299e+06	0
5.15309e+06	0
5.15319e+06	0
5.15329e+06	0
5.15339e+06	0
5.15349e+06	0
5.15359e+06	0
5.15369e+06	0
5.15379e+06	0
5.15389e+06	0
5.15399e+06	0
5.15409e+06	0
5.15419e+06	0
5.15429e+06	0
5.15439e+06	0
5.15449e+06	0
5.15459e+06	0
5.15469e+06	0
5.15479e+06	0
5.15489e+06	0
5.15499e+06	0
5.15509e+06	0
5.15519e+06	0
5.15529e+06	0
5.15539e+06	0
5.15549e+06	0
5.15559e+06	0
5.15569e+06	0
5.15579e+06	0
5.15589e+06	0
5.15599e+06	0
5.15609e+06	0
5.15619e+06	0
5.15629e+06	0
5.15639e+06	0
5.15649e+06	0
5.15659e+06	0
5.15669e+06	0
5.15679e+06	0
5.15689e+06	0
5.15699e+06	0
5.15709e+06	0
5.15719e+06	0
5.15729e+06	0
5.15739e+06	0
5.15749e+06	0
5.15759e+06	0
5.15769e+06	0
5.15779e+06	0
5.15789e+06	0
5.15799e+06	0
5.15809e+06	0
5.15819e+06	0
5.15829e+06	0
5.15839e+06	0
5.15849e+06	0
5.15859e+06	0
5.15869e+06	0
5.15879e+06	0
5.15889e+06	0
5.15899e+06	0
5.15909e+06	0
5.15919e+06	0
5.15929e+06	0
5.15939e+06	0
5.15949e+06	0
5.15959e+06	0
5.15969e+06	0
5.15979e+06	0
5.15989e+06	0
5.15999e+06	0
5.16009e+06	0
5.16019e+06	0
5.16029e+06	0
5.16039e+06	0
5.16049e+06	0
5.16059e+06	0
5.16069e+06	0
5.16079e+06	0
5.16089e+06	0
5.16099e+06	0
5.16109e+06	0
5.16119e+06	0
5.16129e+06	0
5.16139e+06	0
5.16149e+06	0
5.16159e+06	0
5.16169e+06	0
5.16179e+06	0
5.16189e+06	0
5.16199e+06	0
5.16209e+06	0
5.16219e+06	0
5.16229e+06	0
5.16239e+06	0
5.16249e+06	0
5.16259e+06	0
5.16269e+06	0
5.16279e+06	0
5.16289e+06	0
5.16299e+06	0
5.16309e+06	0
5.16319e+06	0
5.16329e+06	0
5.16339e+06	0
5.16349e+06	0
5.16359e+06	0
5.16369e+06	0
5.16379e+06	0
5.16389e+06	0
5.16399e+06	0
5.16409e+06	0
5.16419e+06	0
5.16429e+06	0
5.16439e+06	0
5.16449e+06	0
5.16459e+06	0
5.16469e+06	0
5.16479e+06	0
5.16489e+06	0
5.16499e+06	0
5.16509e+06	0
5.16519e+06	0
5.16529e+06	0
5.16539e+06	0
5.16549e+06	0
5.16559e+06	0
5.16569e+06	0
5.16579e+06	0
5.16589e+06	0
5.16599e+06	0
5.16609e+06	0
5.16619e+06	0
5.16629e+06	0
5.16639e+06	0
5.16649e+06	0
5.16659e+06	0
5.16669e+06	0
5.16679e+06	0
5.16689e+06	0
5.16699e+06	0
5.16709e+06	0
5.16719e+06	0
5.16729e+06	0
5.16739e+06	0
5.16749e+06	0
5.16759e+06	0
5.16769e+06	0
5.16779e+06	0
5.16789e+06	0
5.16799e+06	0
5.16809e+06	0
5.16819e+06	0
5.16829e+06	0
5.16839e+06	0
5.16849e+06	0
5.16859e+06	0
5.16869e+06	0
5.16879e+06	0
5.16889e+06	0
5.16899e+06	0
5.16909e+06	0
5.16919e+06	0
5.16929e+06	0
5.16939e+06	0
5.16949e+06	0
5.16959e+06	0
5.16969e+06	0
5.16979e+06	0
5.16989e+06	0
5.16999e+06	0
5.17009e+06	0
5.17019e+06	0
5.17029e+06	0
5.17039e+06	0
5.17049e+06	0
5.17059e+06	0
5.17069e+06	0
5.17079e+06	0
5.17089e+06	0
5.17099e+06	0
5.17109e+06	0
5.17119e+06	0
5.17129e+06	0
5.17139e+06	0
5.17149e+06	0
5.17159e+06	0
5.17169e+06	0
5.17179e+06	0
5.17189e+06	0
5.17199e+06	0
5.17209e+06	0
5.17219e+06	0
5.17229e+06	0
5.17239e+06	0
5.17249e+06	0
5.17259e+06	0
5.17269e+06	0
5.17279e+06	0
5.17289e+06	0
5.17299e+06	0
5.17309e+06	0
5.17319e+06	0
5.17329e+06	0
5.17339e+06	0
5.17349e+06	0
5.17359e+06	0
5.17369e+06	0
5.17379e+06	0
5.17389e+06	0
5.17399e+06	0
5.17409e+06	0
5.17419e+06	0
5.17429e+06	0
5.17439e+06	0
5.17449e+06	0
5.17459e+06	0
5.17469e+06	0
5.17479e+06	0
5.17489e+06	0
5.17499e+06	0
5.17509e+06	0
5.17519e+06	0
5.17529e+06	0
5.17539e+06	0
5.17549e+06	0
5.17559e+06	0
5.17569e+06	0
5.17579e+06	0
5.17589e+06	0
5.17599e+06	0
5.17609e+06	0
5.17619e+06	0
5.17629e+06	0
5.17639e+06	0
5.17649e+06	0
5.17659e+06	0
5.17669e+06	0
5.17679e+06	0
5.17689e+06	0
5.17699e+06	0
5.17709e+06	0
5.17719e+06	0
5.17729e+06	0
5.17739e+06	0
5.17749e+06	0
5.17759e+06	0
5.17769e+06	0
5.17779e+06	0
5.17789e+06	0
5.17799e+06	0
5.17809e+06	0
5.17819e+06	0
5.17829e+06	0
5.17839e+06	0
5.17849e+06	0
5.17859e+06	0
5.17869e+06	0
5.17879e+06	0
5.17889e+06	0
5.17899e+06	0
5.17909e+06	0
5.17919e+06	0
5.17929e+06	0
5.17939e+06	0
5.17949e+06	0
5.17959e+06	0
5.17969e+06	0
5.17979e+06	0
5.17989e+06	0
5.17999e+06	0
5.18009e+06	0
5.18019e+06	0
5.18029e+06	0
5.18039e+06	0
5.18049e+06	0
5.18059e+06	0
5.18069e+06	0
5.18079e+06	0
5.18089e+06	0
5.18099e+06	0
5.18109e+06	0
5.18119e+06	0
5.18129e+06	0
5.18139e+06	0
5.18149e+06	0
5.18159e+06	0
5.18169e+06	0
5.18179e+06	0
5.18189e+06	0
5.18199e+06	0
5.18209e+06	0
5.18219e+06	0
5.18229e+06	0
5.18239e+06	0
5.18249e+06	0
5.18259e+06	0
5.18269e+06	0
5.18279e+06	0
5.18289e+06	0
5.18299e+06	0
5.18309e+06	0
5.18319e+06	0
5.18329e+06	0
5.18339e+06	0
5.18349e+06	0
5.18359e+06	0
5.18369e+06	0
5.18379e+06	0
5.18389e+06	0
5.18399e+06	0
5.18409e+06	0
5.18419e+06	0
5.18429e+06	0
5.18439e+06	0
5.18449e+06	0
5.18459e+06	0
5.18469e+06	0
5.18479e+06	0
5.18489e+06	0
5.18499e+06	0
5.18509e+06	0
5.18519e+06	0
5.18529e+06	0
5.18539e+06	0
5.18549e+06	0
5.18559e+06	0
5.18569e+06	0
5.18579e+06	0
5.18589e+06	0
5.18599e+06	0
5.18609e+06	0
5.18619e+06	0
5.18629e+06	0
5.18639e+06	0
5.18649e+06	0
5.18659e+06	0
5.18669e+06	0
5.18679e+06	0
5.18689e+06	0
5.18699e+06	0
5.18709e+06	0
5.18719e+06	0
5.18729e+06	0
5.18739e+06	0
5.18749e+06	0
5.18759e+06	0
5.18769e+06	0
5.18779e+06	0
5.18789e+06	0
5.18799e+06	0
5.18809e+06	0
5.18819e+06	0
5.18829e+06	0
5.18839e+06	0
5.18849e+06	0
5.18859e+06	0
5.18869e+06	0
5.18879e+06	0
5.18889e+06	0
5.18899e+06	0
5.18909e+06	0
5.18919e+06	0
5.18929e+06	0
5.18939e+06	0
5.18949e+06	0
5.18959e+06	0
5.18969e+06	0
5.18979e+06	0
5.18989e+06	0
5.18999e+06	0
5.19009e+06	0
5.19019e+06	0
5.19029e+06	0
5.19039e+06	0
5.19049e+06	0
5.19059e+06	0
5.19069e+06	0
5.19079e+06	0
5.19089e+06	0
5.19099e+06	0
5.19109e+06	0
5.19119e+06	0
5.19129e+06	0
5.19139e+06	0
5.19149e+06	0
5.19159e+06	0
5.19169e+06	0
5.19179e+06	0
5.19189e+06	0
5.19199e+06	0
5.19209e+06	0
5.19219e+06	0
5.19229e+06	0
5.19239e+06	0
5.19249e+06	0
5.19259e+06	0
5.19269e+06	0
5.19279e+06	0
5.19289e+06	0
5.19299e+06	0
5.19309e+06	0
5.19319e+06	0
5.19329e+06	0
5.19339e+06	0
5.19349e+06	0
5.19359e+06	0
5.19369e+06	0
5.19379e+06	0
5.19389e+06	0
5.19399e+06	0
5.19409e+06	0
5.19419e+06	0
5.19429e+06	0
5.19439e+06	0
5.19449e+06	0
5.19459e+06	0
5.19469e+06	0
5.19479e+06	0
5.19489e+06	0
5.19499e+06	0
5.19509e+06	0
5.19519e+06	0
5.19529e+06	0
5.19539e+06	0
5.19549e+06	0
5.19559e+06	0
5.19569e+06	0
5.19579e+06	0
5.19589e+06	0
5.19599e+06	0
5.19609e+06	0
5.19619e+06	0
5.19629e+06	0
5.19639e+06	0
5.19649e+06	0
5.19659e+06	0
5.19669e+06	0
5.19679e+06	0
5.19689e+06	0
5.19699e+06	0
5.19709e+06	0
5.19719e+06	0
5.19729e+06	0
5.19739e+06	0
5.19749e+06	0
5.19759e+06	0
5.19769e+06	0
5.19779e+06	0
5.19789e+06	0
5.19799e+06	0
5.19809e+06	0
5.19819e+06	0
5.19829e+06	0
5.19839e+06	0
5.19849e+06	0
5.19859e+06	0
5.19869e+06	0
5.19879e+06	0
5.19889e+06	0
5.19899e+06	0
5.19909e+06	0
5.19919e+06	0
5.19929e+06	0
5.19939e+06	0
5.19949e+06	0
5.19959e+06	0
5.19969e+06	0
5.19979e+06	0
5.19989e+06	0
5.19999e+06	0
5.20009e+06	0
5.20019e+06	0
5.20029e+06	0
5.20039e+06	0
5.20049e+06	0
5.20059e+06	0
5.20069e+06	0
5.20079e+06	0
5.20089e+06	0
5.20099e+06	0
5.20109e+06	0
5.20119e+06	0
5.20129e+06	0
5.20139e+06	0
5.20149e+06	0
5.20159e+06	0
5.20169e+06	0
5.20179e+06	0
5.20189e+06	0
5.20199e+06	0
5.20209e+06	0
5.20219e+06	0
5.20229e+06	0
5.20239e+06	0
5.20249e+06	0
5.20259e+06	0
5.20269e+06	0
5.20279e+06	0
5.20289e+06	0
5.20299e+06	0
5.20309e+06	0
5.20319e+06	0
5.20329e+06	0
5.20339e+06	0
5.20349e+06	0
5.20359e+06	0
5.20369e+06	0
5.20379e+06	0
5.20389e+06	0
5.20399e+06	0
5.20409e+06	0
5.20419e+06	0
5.20429e+06	0
5.20439e+06	0
5.20449e+06	0
5.20459e+06	0
5.20469e+06	0
5.20479e+06	0
5.20489e+06	0
5.20499e+06	0
5.20509e+06	0
5.20519e+06	0
5.20529e+06	0
5.20539e+06	0
5.20549e+06	0
5.20559e+06	0
5.20569e+06	0
5.20579e+06	0
5.20589e+06	0
5.20599e+06	0
5.20609e+06	0
5.20619e+06	0
5.20629e+06	0
5.20639e+06	0
5.20649e+06	0
5.20659e+06	0
5.20669e+06	0
5.20679e+06	0
5.20689e+06	0
5.20699e+06	0
5.20709e+06	0
5.20719e+06	0
5.20729e+06	0
5.20739e+06	0
5.20749e+06	0
5.20759e+06	0
5.20769e+06	0
5.20779e+06	0
5.20789e+06	0
5.20799e+06	0
5.20809e+06	0
5.20819e+06	0
5.20829e+06	0
5.20839e+06	0
5.20849e+06	0
5.20859e+06	0
5.20869e+06	0
5.20879e+06	0
5.20889e+06	0
5.20899e+06	0
5.20909e+06	0
5.20919e+06	0
5.20929e+06	0
5.20939e+06	0
5.20949e+06	0
5.20959e+06	0
5.20969e+06	0
5.20979e+06	0
5.20989e+06	0
5.20999e+06	0
5.21009e+06	0
5.21019e+06	0
5.21029e+06	0
5.21039e+06	0
5.21049e+06	0
5.21059e+06	0
5.21069e+06	0
5.21079e+06	0
5.21089e+06	0
5.21099e+06	0
5.21109e+06	0
5.21119e+06	0
5.21129e+06	0
5.21139e+06	0
5.21149e+06	0
5.21159e+06	0
5.21169e+06	0
5.21179e+06	0
5.21189e+06	0
5.21199e+06	0
5.21209e+06	0
5.21219e+06	0
5.21229e+06	0
5.21239e+06	0
5.21249e+06	0
5.21259e+06	0
5.21269e+06	0
5.21279e+06	0
5.21289e+06	0
5.21299e+06	0
5.21309e+06	0
5.21319e+06	0
5.21329e+06	0
5.21339e+06	0
5.21349e+06	0
5.21359e+06	0
5.21369e+06	0
5.21379e+06	0
5.21389e+06	0
5.21399e+06	0
5.21409e+06	0
5.21419e+06	0
5.21429e+06	0
5.21439e+06	0
5.21449e+06	0
5.21459e+06	0
5.21469e+06	0
5.21479e+06	0
5.21489e+06	0
5.21499e+06	0
5.21509e+06	0
5.21519e+06	0
5.21529e+06	0
5.21539e+06	0
5.21549e+06	0
5.21559e+06	0
5.21569e+06	0
5.21579e+06	0
5.21589e+06	0
5.21599e+06	0
5.21609e+06	0
5.21619e+06	0
5.21629e+06	0
5.21639e+06	0
5.21649e+06	0
5.21659e+06	0
5.21669e+06	0
5.21679e+06	0
5.21689e+06	0
5.21699e+06	0
5.21709e+06	0
5.21719e+06	0
5.21729e+06	0
5.21739e+06	0
5.21749e+06	0
5.21759e+06	0
5.21769e+06	0
5.21779e+06	0
5.21789e+06	0
5.21799e+06	0
5.21809e+06	0
5.21819e+06	0
5.21829e+06	0
5.21839e+06	0
5.21849e+06	0
5.21859e+06	0
5.21869e+06	0
5.21879e+06	0
5.21889e+06	0
5.21899e+06	0
5.21909e+06	0
5.21919e+06	0
5.21929e+06	0
5.21939e+06	0
5.21949e+06	0
5.21959e+06	0
5.21969e+06	0
5.21979e+06	0
5.21989e+06	0
5.21999e+06	0
5.22009e+06	0
5.22019e+06	0
5.22029e+06	0
5.22039e+06	0
5.22049e+06	0
5.22059e+06	0
5.22069e+06	0
5.22079e+06	0
5.22089e+06	0
5.22099e+06	0
5.22109e+06	0
5.22119e+06	0
5.22129e+06	0
5.22139e+06	0
5.22149e+06	0
5.22159e+06	0
5.22169e+06	0
5.22179e+06	0
5.22189e+06	0
5.22199e+06	0
5.22209e+06	0
5.22219e+06	0
5.22229e+06	0
5.22239e+06	0
5.22249e+06	0
5.22259e+06	0
5.22269e+06	0
5.22279e+06	0
5.22289e+06	0
5.22299e+06	0
5.22309e+06	0
5.22319e+06	0
5.22329e+06	0
5.22339e+06	0
5.22349e+06	0
5.22359e+06	0
5.22369e+06	0
5.22379e+06	0
5.22389e+06	0
5.22399e+06	0
5.22409e+06	0
5.22419e+06	0
5.22429e+06	0
5.22439e+06	0
5.22449e+06	0
5.22459e+06	0
5.22469e+06	0
5.22479e+06	0
5.22489e+06	0
5.22499e+06	0
5.22509e+06	0
5.22519e+06	0
5.22529e+06	0
5.22539e+06	0
5.22549e+06	0
5.22559e+06	0
5.22569e+06	0
5.22579e+06	0
5.22589e+06	0
5.22599e+06	0
5.22609e+06	0
5.22619e+06	0
5.22629e+06	0
5.22639e+06	0
5.22649e+06	0
5.22659e+06	0
5.22669e+06	0
5.22679e+06	0
5.22689e+06	0
5.22699e+06	0
5.22709e+06	0
5.22719e+06	0
5.22729e+06	0
5.22739e+06	0
5.22749e+06	0
5.22759e+06	0
5.22769e+06	0
5.22779e+06	0
5.22789e+06	0
5.22799e+06	0
5.22809e+06	0
5.22819e+06	0
5.22829e+06	0
5.22839e+06	0
5.22849e+06	0
5.22859e+06	0
5.22869e+06	0
5.22879e+06	0
5.22889e+06	0
5.22899e+06	0
5.22909e+06	0
5.22919e+06	0
5.22929e+06	0
5.22939e+06	0
5.22949e+06	0
5.22959e+06	0
5.22969e+06	0
5.22979e+06	0
5.22989e+06	0
5.22999e+06	0
5.23009e+06	0
5.23019e+06	0
5.23029e+06	0
5.23039e+06	0
5.23049e+06	0
5.23059e+06	0
5.23069e+06	0
5.23079e+06	0
5.23089e+06	0
5.23099e+06	0
5.23109e+06	0
5.23119e+06	0
5.23129e+06	0
5.23139e+06	0
5.23149e+06	0
5.23159e+06	0
5.23169e+06	0
5.23179e+06	0
5.23189e+06	0
5.23199e+06	0
5.23209e+06	0
5.23219e+06	0
5.23229e+06	0
5.23239e+06	0
5.23249e+06	0
5.23259e+06	0
5.23269e+06	0
5.23279e+06	0
5.23289e+06	0
5.23299e+06	0
5.23309e+06	0
5.23319e+06	0
5.23329e+06	0
5.23339e+06	0
5.23349e+06	0
5.23359e+06	0
5.23369e+06	0
5.23379e+06	0
5.23389e+06	0
5.23399e+06	0
5.23409e+06	0
5.23419e+06	0
5.23429e+06	0
5.23439e+06	0
5.23449e+06	0
5.23459e+06	0
5.23469e+06	0
5.23479e+06	0
5.23489e+06	0
5.23499e+06	0
5.23509e+06	0
5.23519e+06	0
5.23529e+06	0
5.23539e+06	0
5.23549e+06	0
5.23559e+06	0
5.23569e+06	0
5.23579e+06	0
5.23589e+06	0
5.23599e+06	0
5.23609e+06	0
5.23619e+06	0
5.23629e+06	0
5.23639e+06	0
5.23649e+06	0
5.23659e+06	0
5.23669e+06	0
5.23679e+06	0
5.23689e+06	0
5.23699e+06	0
5.23709e+06	0
5.23719e+06	0
5.23729e+06	0
5.23739e+06	0
5.23749e+06	0
5.23759e+06	0
5.23769e+06	0
5.23779e+06	0
5.23789e+06	0
5.23799e+06	0
5.23809e+06	0
5.23819e+06	0
5.23829e+06	0
5.23839e+06	0
5.23849e+06	0
5.23859e+06	0
5.23869e+06	0
5.23879e+06	0
5.23889e+06	0
5.23899e+06	0
5.23909e+06	0
5.23919e+06	0
5.23929e+06	0
5.23939e+06	0
5.23949e+06	0
5.23959e+06	0
5.23969e+06	0
5.23979e+06	0
5.23989e+06	0
5.23999e+06	0
5.24009e+06	0
5.24019e+06	0
5.24029e+06	0
5.24039e+06	0
5.24049e+06	0
5.24059e+06	0
5.24069e+06	0
5.24079e+06	0
5.24089e+06	0
5.24099e+06	0
5.24109e+06	0
5.24119e+06	0
5.24129e+06	0
5.24139e+06	0
5.24149e+06	0
5.24159e+06	0
5.24169e+06	0
5.24179e+06	0
5.24189e+06	0
5.24199e+06	0
5.24209e+06	0
5.24219e+06	0
5.24229e+06	0
5.24239e+06	0
5.24249e+06	0
5.24259e+06	0
5.24269e+06	0
5.24279e+06	0
5.24289e+06	0
5.24299e+06	0
5.24309e+06	0
5.24319e+06	0
5.24329e+06	0
5.24339e+06	0
5.24349e+06	0
5.24359e+06	0
5.24369e+06	0
5.24379e+06	0
5.24389e+06	0
5.24399e+06	0
5.24409e+06	0
5.24419e+06	0
5.24429e+06	0
5.24439e+06	0
5.24449e+06	0
5.24459e+06	0
5.24469e+06	0
5.24479e+06	0
5.24489e+06	0
5.24499e+06	0
5.24509e+06	0
5.24519e+06	0
5.24529e+06	0
5.24539e+06	0
5.24549e+06	0
5.24559e+06	0
5.24569e+06	0
5.24579e+06	0
5.24589e+06	0
5.24599e+06	0
5.24609e+06	0
5.24619e+06	0
5.24629e+06	0
5.24639e+06	0
5.24649e+06	0
5.24659e+06	0
5.24669e+06	0
5.24679e+06	0
5.24689e+06	0
5.24699e+06	0
5.24709e+06	0
5.24719e+06	0
5.24729e+06	0
5.24739e+06	0
5.24749e+06	0
5.24759e+06	0
5.24769e+06	0
5.24779e+06	0
5.24789e+06	0
5.24799e+06	0
5.24809e+06	0
5.24819e+06	0
5.24829e+06	0
5.24839e+06	0
5.24849e+06	0
5.24859e+06	0
5.24869e+06	0
5.24879e+06	0
5.24889e+06	0
5.24899e+06	0
5.24909e+06	0
5.24919e+06	0
5.24929e+06	0
5.24939e+06	0
5.24949e+06	0
5.24959e+06	0
5.24969e+06	0
5.24979e+06	0
5.24989e+06	0
5.24999e+06	0
5.25009e+06	0
5.25019e+06	0
5.25029e+06	0
5.25039e+06	0
5.25049e+06	0
5.25059e+06	0
5.25069e+06	0
5.25079e+06	0
5.25089e+06	0
5.25099e+06	0
5.25109e+06	0
5.25119e+06	0
5.25129e+06	0
5.25139e+06	0
5.25149e+06	0
5.25159e+06	0
5.25169e+06	0
5.25179e+06	0
5.25189e+06	0
5.25199e+06	0
5.25209e+06	0
5.25219e+06	0
5.25229e+06	0
5.25239e+06	0
5.25249e+06	0
5.25259e+06	0
5.25269e+06	0
5.25279e+06	0
5.25289e+06	0
5.25299e+06	0
5.25309e+06	0
5.25319e+06	0
5.25329e+06	0
5.25339e+06	0
5.25349e+06	0
5.25359e+06	0
5.25369e+06	0
5.25379e+06	0
5.25389e+06	0
5.25399e+06	0
5.25409e+06	0
5.25419e+06	0
5.25429e+06	0
5.25439e+06	0
5.25449e+06	0
5.25459e+06	0
5.25469e+06	0
5.25479e+06	0
5.25489e+06	0
5.25499e+06	0
5.25509e+06	0
5.25519e+06	0
5.25529e+06	0
5.25539e+06	0
5.25549e+06	0
5.25559e+06	0
5.25569e+06	0
5.25579e+06	0
5.25589e+06	0
5.25599e+06	0
5.25609e+06	0
5.25619e+06	0
5.25629e+06	0
5.25639e+06	0
5.25649e+06	0
5.25659e+06	0
5.25669e+06	0
5.25679e+06	0
5.25689e+06	0
5.25699e+06	0
5.25709e+06	0
5.25719e+06	0
5.25729e+06	0
5.25739e+06	0
5.25749e+06	0
5.25759e+06	0
5.25769e+06	0
5.25779e+06	0
5.25789e+06	2.47033e-323
5.25799e+06	1.16105e-321
5.25809e+06	5.35765e-320
5.25819e+06	2.45142e-318
5.25829e+06	1.11048e-316
5.25839e+06	4.98034e-315
5.25849e+06	2.21139e-313
5.25859e+06	9.72139e-312
5.25869e+06	4.23106e-310
5.25879e+06	1.82317e-308
5.25889e+06	7.77788e-307
5.25899e+06	3.28513e-305
5.25909e+06	1.37373e-303
5.25919e+06	5.68731e-302
5.25929e+06	2.33115e-300
5.25939e+06	9.45997e-299
5.25949e+06	3.80073e-297
5.25959e+06	1.51182e-295
5.25969e+06	5.95376e-294
5.25979e+06	2.32134e-292
5.25989e+06	8.96075e-291
5.25999e+06	3.42458e-289
5.26009e+06	1.29576e-287
5.26019e+06	4.85403e-286
5.26029e+06	1.80026e-284
5.26039e+06	6.61037e-283
5.26049e+06	2.40311e-281
5.26059e+06	8.64924e-280
5.26069e+06	3.08205e-278
5.26079e+06	1.08732e-276
5.26089e+06	3.79781e-275
5.26099e+06	1.31331e-273
5.26109e+06	4.49631e-272
5.26119e+06	1.52406e-270
5.26129e+06	5.11454e-269
5.26139e+06	1.69929e-267
5.26149e+06	5.58967e-266
5.26159e+06	1.82037e-264
5.26169e+06	5.86939e-263
5.26179e+06	1.87362e-261
5.26189e+06	5.92145e-260
5.26199e+06	1.85281e-258
5.26209e+06	5.73974e-257
5.26219e+06	1.76039e-255
5.26229e+06	5.34544e-254
5.26239e+06	1.607e-252
5.26249e+06	4.78304e-251
5.26259e+06	1.40945e-249
5.26269e+06	4.11199e-248
5.26279e+06	1.18771e-246
5.26289e+06	3.39648e-245
5.26299e+06	9.61617e-244
5.26309e+06	2.69546e-242
5.26319e+06	7.48033e-241
5.26329e+06	2.05526e-239
5.26339e+06	5.59072e-238
5.26349e+06	1.50566e-236
5.26359e+06	4.01461e-235
5.26369e+06	1.05978e-233
5.26379e+06	2.76979e-232
5.26389e+06	7.16695e-231
5.26399e+06	1.83602e-229
5.26409e+06	4.65672e-228
5.26419e+06	1.16933e-226
5.26429e+06	2.90706e-225
5.26439e+06	7.15528e-224
5.26449e+06	1.74364e-222
5.26459e+06	4.20671e-221
5.26469e+06	1.00482e-219
5.26479e+06	2.37622e-218
5.26489e+06	5.56346e-217
5.26499e+06	1.28962e-215
5.26509e+06	2.95959e-214
5.26519e+06	6.72452e-213
5.26529e+06	1.51268e-211
5.26539e+06	3.36892e-210
5.26549e+06	7.42832e-209
5.26559e+06	1.62162e-207
5.26569e+06	3.50479e-206
5.26579e+06	7.49952e-205
5.26589e+06	1.58877e-203
5.26599e+06	3.33233e-202
5.26609e+06	6.91974e-201
5.26619e+06	1.42262e-199
5.26629e+06	2.89565e-198
5.26639e+06	5.83526e-197
5.26649e+06	1.16421e-195
5.26659e+06	2.29963e-194
5.26669e+06	4.49721e-193
5.26679e+06	8.70733e-192
5.26689e+06	1.66911e-190
5.26699e+06	3.16767e-189
5.26709e+06	5.95187e-188
5.26719e+06	1.10719e-186
5.26729e+06	2.03916e-185
5.26739e+06	3.71822e-184
5.26749e+06	6.71237e-183
5.26759e+06	1.19971e-181
5.26769e+06	2.1229e-180
5.26779e+06	3.71914e-179
5.26789e+06	6.45077e-178
5.26799e+06	1.10774e-176
5.26809e+06	1.88331e-175
5.26819e+06	3.17003e-174
5.26829e+06	5.28276e-173
5.26839e+06	8.71596e-172
5.26849e+06	1.42373e-170
5.26859e+06	2.30248e-169
5.26869e+06	3.68657e-168
5.26879e+06	5.84393e-167
5.26889e+06	9.1716e-166
5.26899e+06	1.42509e-164
5.26909e+06	2.19228e-163
5.26919e+06	3.33893e-162
5.26929e+06	5.03473e-161
5.26939e+06	7.51625e-160
5.26949e+06	1.11092e-158
5.26959e+06	1.62564e-157
5.26969e+06	2.35516e-156
5.26979e+06	3.37811e-155
5.26989e+06	4.79716e-154
5.26999e+06	6.74453e-153
5.27009e+06	9.38807e-152
5.27019e+06	1.29377e-150
5.27029e+06	1.76521e-149
5.27039e+06	2.38448e-148
5.27049e+06	3.18894e-147
5.27059e+06	4.22237e-146
5.27069e+06	5.53507e-145
5.27079e+06	7.18368e-144
5.27089e+06	9.23056e-143
5.27099e+06	1.17427e-141
5.27109e+06	1.47898e-140
5.27119e+06	1.84423e-139
5.27129e+06	2.27679e-138
5.27139e+06	2.78285e-137
5.27149e+06	3.36754e-136
5.27159e+06	4.03454e-135
5.27169e+06	4.78555e-134
5.27179e+06	5.61987e-133
5.27189e+06	6.53398e-132
5.27199e+06	7.52119e-131
5.27209e+06	8.57142e-130
5.27219e+06	9.67109e-129
5.27229e+06	1.08033e-127
5.27239e+06	1.19479e-126
5.27249e+06	1.30824e-125
5.27259e+06	1.4182e-124
5.27269e+06	1.52211e-123
5.27279e+06	1.61738e-122
5.27289e+06	1.70151e-121
5.27299e+06	1.7722e-120
5.27309e+06	1.82746e-119
5.27319e+06	1.8657e-118
5.27329e+06	1.88579e-117
5.27339e+06	1.88712e-116
5.27349e+06	1.86967e-115
5.27359e+06	1.83395e-114
5.27369e+06	1.78101e-113
5.27379e+06	1.71238e-112
5.27389e+06	1.63002e-111
5.27399e+06	1.53619e-110
5.27409e+06	1.43335e-109
5.27419e+06	1.32408e-108
5.27429e+06	1.21098e-107
5.27439e+06	1.09651e-106
5.27449e+06	9.8299e-106
5.27459e+06	8.72452e-105
5.27469e+06	7.66639e-104
5.27479e+06	6.66956e-103
5.27489e+06	5.74461e-102
5.27499e+06	4.8987e-101
5.27509e+06	4.13579e-100
5.27519e+06	3.45695e-99
5.27529e+06	2.86078e-98
5.27539e+06	2.34387e-97
5.27549e+06	1.90125e-96
5.27559e+06	1.52687e-95
5.27569e+06	1.21401e-94
5.27579e+06	9.55649e-94
5.27589e+06	7.44787e-93
5.27599e+06	5.74676e-92
5.27609e+06	4.39007e-91
5.27619e+06	3.32029e-90
5.27629e+06	2.48621e-89
5.27639e+06	1.84314e-88
5.27649e+06	1.3528e-87
5.27659e+06	9.83031e-87
5.27669e+06	7.07225e-86
5.27679e+06	5.03739e-85
5.27689e+06	3.5523e-84
5.27699e+06	2.48011e-83
5.27709e+06	1.71431e-82
5.27719e+06	1.17318e-81
5.27729e+06	7.94874e-81
5.27739e+06	5.33197e-80
5.27749e+06	3.54107e-79
5.27759e+06	2.3283e-78
5.27769e+06	1.51565e-77
5.27779e+06	9.76827e-77
5.27789e+06	6.23294e-76
5.27799e+06	3.93754e-75
5.27809e+06	2.46271e-74
5.27819e+06	1.52497e-73
5.27829e+06	9.34896e-73
5.27839e+06	5.67445e-72
5.27849e+06	3.4099e-71
5.27859e+06	2.02869e-70
5.27869e+06	1.19494e-69
5.27879e+06	6.96844e-69
5.27889e+06	4.02329e-68
5.27899e+06	2.29977e-67
5.27909e+06	1.3015e-66
5.27919e+06	7.29223e-66
5.27929e+06	4.04514e-65
5.27939e+06	2.22159e-64
5.27949e+06	1.20796e-63
5.27959e+06	6.50276e-63
5.27969e+06	3.46577e-62
5.27979e+06	1.82877e-61
5.27989e+06	9.55378e-61
5.27999e+06	4.94138e-60
5.28009e+06	2.53034e-59
5.28019e+06	1.28282e-58
5.28029e+06	6.43888e-58
5.28039e+06	3.19972e-57
5.28049e+06	1.57424e-56
5.28059e+06	7.66806e-56
5.28069e+06	3.69793e-55
5.28079e+06	1.76558e-54
5.28089e+06	8.34593e-54
5.28099e+06	3.90587e-53
5.28109e+06	1.80975e-52
5.28119e+06	8.30189e-52
5.28129e+06	3.77044e-51
5.28139e+06	1.69537e-50
5.28149e+06	7.54732e-50
5.28159e+06	3.32643e-49
5.28169e+06	1.45152e-48
5.28179e+06	6.27079e-48
5.28189e+06	2.68213e-47
5.28199e+06	1.13578e-46
5.28209e+06	4.76174e-46
5.28219e+06	1.97649e-45
5.28229e+06	8.12231e-45
5.28239e+06	3.30462e-44
5.28249e+06	1.33113e-43
5.28259e+06	5.30858e-43
5.28269e+06	2.096e-42
5.28279e+06	8.19337e-42
5.28289e+06	3.17096e-41
5.28299e+06	1.215e-40
5.28309e+06	4.60912e-40
5.28319e+06	1.73108e-39
5.28329e+06	6.43684e-39
5.28339e+06	2.36966e-38
5.28349e+06	8.63687e-38
5.28359e+06	3.11662e-37
5.28369e+06	1.11344e-36
5.28379e+06	3.93831e-36
5.28389e+06	1.37914e-35
5.28399e+06	4.7815e-35
5.28409e+06	1.64126e-34
5.28419e+06	5.57759e-34
5.28429e+06	1.87661e-33
5.28439e+06	6.25111e-33
5.28449e+06	2.06157e-32
5.28459e+06	6.73126e-32
5.28469e+06	2.17597e-31
5.28479e+06	6.96409e-31
5.28489e+06	2.20665e-30
5.28499e+06	6.92246e-30
5.28509e+06	2.15003e-29
5.28519e+06	6.61128e-29
5.28529e+06	2.01272e-28
5.28539e+06	6.06651e-28
5.28549e+06	1.81031e-27
5.28559e+06	5.34837e-27
5.28569e+06	1.5644e-26
5.28579e+06	4.53036e-26
5.28589e+06	1.2989e-25
5.28599e+06	3.687e-25
5.28609e+06	1.03617e-24
5.28619e+06	2.88299e-24
5.28629e+06	7.94171e-24
5.28639e+06	2.16592e-23
5.28649e+06	5.84829e-23
5.28659e+06	1.56341e-22
5.28669e+06	4.13784e-22
5.28679e+06	1.08426e-21
5.28689e+06	2.81286e-21
5.28699e+06	7.22475e-21
5.28709e+06	1.8372e-20
5.28719e+06	4.62536e-20
5.28729e+06	1.15291e-19
5.28739e+06	2.84512e-19
5.28749e+06	6.9513e-19
5.28759e+06	1.68147e-18
5.28769e+06	4.02691e-18
5.28779e+06	9.54803e-18
5.28789e+06	2.24138e-17
5.28799e+06	5.20924e-17
5.28809e+06	1.19866e-16
5.28819e+06	2.7307e-16
5.28829e+06	6.15907e-16
5.28839e+06	1.37536e-15
5.28849e+06	3.04074e-15
5.28859e+06	6.65584e-15
5.28869e+06	1.44241e-14
5.28879e+06	3.09484e-14
5.28889e+06	6.57434e-14
5.28899e+06	1.38271e-13
5.28909e+06	2.8792e-13
5.28919e+06	5.93583e-13
5.28929e+06	1.2116e-12
5.28939e+06	2.44852e-12
5.28949e+06	4.89912e-12
5.28959e+06	9.70521e-12
5.28969e+06	1.90355e-11
5.28979e+06	3.69658e-11
5.28989e+06	7.10743e-11
5.28999e+06	1.35302e-10
5.29009e+06	2.55023e-10
5.29019e+06	4.75925e-10
5.29029e+06	8.794e-10
5.29039e+06	1.60889e-09
5.29049e+06	2.9145e-09
5.29059e+06	5.2276e-09
5.29069e+06	9.28424e-09
5.29079e+06	1.63269e-08
5.29089e+06	2.84301e-08
5.29099e+06	4.90205e-08
5.29109e+06	8.36974e-08
5.29119e+06	1.4151e-07
5.29129e+06	2.36928e-07
5.29139e+06	3.92832e-07
5.29149e+06	6.4502e-07
5.29159e+06	1.04888e-06
5.29169e+06	1.68921e-06
5.29179e+06	2.6944e-06
5.29189e+06	4.25673e-06
5.29199e+06	6.66113e-06
5.29209e+06	1.03252e-05
5.29219e+06	1.58545e-05
5.29229e+06	2.41177e-05
5.29239e+06	3.63478e-05
5.29249e+06	5.42761e-05
5.29259e+06	8.03088e-05
5.29269e+06	0.000117754
5.29279e+06	0.000171116
5.29289e+06	0.00024646
5.29299e+06	0.000351875
5.29309e+06	0.000498043
5.29319e+06	0.000698925
5.29329e+06	0.0009726
5.29339e+06	0.00134225
5.29349e+06	0.00183732
5.29359e+06	0.00249486
5.29369e+06	0.00336107
5.29379e+06	0.00449303
5.29389e+06	0.00596059
5.29399e+06	0.00784847
5.29409e+06	0.0102584
5.29419e+06	0.0133114
5.29429e+06	0.0171501
5.29439e+06	0.0219405
5.29449e+06	0.0278738
5.29459e+06	0.0351679
5.29469e+06	0.044067
5.29479e+06	0.0548415
5.29489e+06	0.0677855
5.29499e+06	0.0832124
5.29509e+06	0.101449
5.29519e+06	0.122828
5.29529e+06	0.147673
5.29539e+06	0.176288
5.29549e+06	0.20894
5.29559e+06	0.245836
5.29569e+06	0.287106
5.29579e+06	0.332781
5.29589e+06	0.382767
5.29599e+06	0.43683
5.29609e+06	0.494574
5.29619e+06	0.555435
5.29629e+06	0.618671
5.29639e+06	0.683367
5.29649e+06	0.748449
5.29659e+06	0.812702
5.29669e+06	0.874808
5.29679e+06	0.933381
5.29689e+06	0.987022
5.29699e+06	1.03437
5.29709e+06	1.07415
5.29719e+06	1.10525
5.29729e+06	1.12676
5.29739e+06	1.13801
5.29749e+06	1.13861
5.29759e+06	1.12849
5.29769e+06	1.10787
5.29779e+06	1.07727
5.29789e+06	1.03751
5.29799e+06	0.989626
5.29809e+06	0.934856
5.29819e+06	0.874582
5.29829e+06	0.810262
5.29839e+06	0.743374
5.29849e+06	0.675363
5.29859e+06	0.607581
5.29869e+06	0.541254
5.29879e+06	0.477442
5.29889e+06	0.417018
5.29899e+06	0.36066
5.29909e+06	0.308848
5.29919e+06	0.261873
5.29929e+06	0.219853
5.29939e+06	0.182752
5.29949e+06	0.150411
5.29959e+06	0.122569
5.29969e+06	0.0988928
5.29979e+06	0.0789998
5.29989e+06	0.0624832
5.29999e+06	0.04893
5.30009e+06	0.0379366
5.30019e+06	0.0291215
5.30029e+06	0.0221329
5.30039e+06	0.0166544
5.30049e+06	0.0124076
5.30059e+06	0.00915194
5.30069e+06	0.00668348
5.30079e+06	0.00483233
5.30089e+06	0.00345918
5.30099e+06	0.00245162
5.30109e+06	0.00172026
5.30119e+06	0.00119508
5.30129e+06	0.000821981
5.30139e+06	0.00055974
5.30149e+06	0.000377373
5.30159e+06	0.000251893
5.30169e+06	0.000166464
5.30179e+06	0.000108914
5.30189e+06	7.05517e-05
5.30199e+06	4.5247e-05
5.30209e+06	2.87296e-05
5.30219e+06	1.80605e-05
5.30229e+06	1.12405e-05
5.30239e+06	6.92635e-06
5.30249e+06	4.22555e-06
5.30259e+06	2.55229e-06
5.30269e+06	1.5264e-06
5.30279e+06	9.03984e-07
5.30289e+06	5.30402e-07
5.30299e+06	3.08741e-07
5.30309e+06	1.79021e-07
5.30319e+06	1.04647e-07
5.30329e+06	6.37304e-08
5.30339e+06	4.36237e-08
5.30349e+06	3.75893e-08
5.30359e+06	4.28746e-08
5.30369e+06	5.97481e-08
5.30379e+06	9.12319e-08
5.30389e+06	1.434e-07
5.30399e+06	2.2621e-07
5.30409e+06	3.54909e-07
5.30419e+06	5.52131e-07
5.30429e+06	8.5083e-07
5.30439e+06	1.29829e-06
5.30449e+06	1.96148e-06
5.30459e+06	2.934e-06
5.30469e+06	4.34507e-06
5.30479e+06	6.37074e-06
5.30489e+06	9.24786e-06
5.30499e+06	1.32908e-05
5.30509e+06	1.8911e-05
5.30519e+06	2.66402e-05
5.30529e+06	3.7155e-05
5.30539e+06	5.13042e-05
5.30549e+06	7.0137e-05
5.30559e+06	9.49287e-05
5.30569e+06	0.000127205
5.30579e+06	0.00016876
5.30589e+06	0.000221662
5.30599e+06	0.000288251
5.30609e+06	0.000371113
5.30619e+06	0.000473042
5.30629e+06	0.000596966
5.30639e+06	0.000745859
5.30649e+06	0.000922616
5.30659e+06	0.00112991
5.30669e+06	0.00137
5.30679e+06	0.00164458
5.30689e+06	0.00195456
5.30699e+06	0.00229984
5.30709e+06	0.00267919
5.30719e+06	0.00309006
5.30729e+06	0.00352848
5.30739e+06	0.00398901
5.30749e+06	0.00446478
5.30759e+06	0.00494757
5.30769e+06	0.00542801
5.30779e+06	0.00589585
5.30789e+06	0.0063403
5.30799e+06	0.0067504
5.30809e+06	0.00711552
5.30819e+06	0.00742575
5.30829e+06	0.00767241
5.30839e+06	0.00784838
5.30849e+06	0.0079485
5.30859e+06	0.0079698
5.30869e+06	0.00791165
5.30879e+06	0.00777577
5.30889e+06	0.00756618
5.30899e+06	0.00728899
5.30909e+06	0.00695208
5.30919e+06	0.00656477
5.30929e+06	0.00613735
5.30939e+06	0.00568067
5.30949e+06	0.00520566
5.30959e+06	0.0047229
5.30969e+06	0.00424227
5.30979e+06	0.00377264
5.30989e+06	0.00332162
5.30999e+06	0.00289541
5.31009e+06	0.00249878
5.31019e+06	0.00213503
5.31029e+06	0.00180608
5.31039e+06	0.0015126
5.31049e+06	0.00125421
5.31059e+06	0.00102962
5.31069e+06	0.000836827
5.31079e+06	0.000673369
5.31089e+06	0.000536448
5.31099e+06	0.000423116
5.31109e+06	0.000330406
5.31119e+06	0.000255443
5.31129e+06	0.000195522
5.31139e+06	0.000148169
5.31149e+06	0.000111166
5.31159e+06	8.25747e-05
5.31169e+06	6.07265e-05
5.31179e+06	4.42146e-05
5.31189e+06	3.18721e-05
5.31199e+06	2.27464e-05
5.31209e+06	1.60721e-05
5.31219e+06	1.12432e-05
5.31229e+06	7.78686e-06
5.31239e+06	5.3394e-06
5.31249e+06	3.62477e-06
5.31259e+06	2.43627e-06
5.31269e+06	1.62116e-06
5.31279e+06	1.06803e-06
5.31289e+06	6.96627e-07
5.31299e+06	4.49856e-07
5.31309e+06	2.87609e-07
5.31319e+06	1.8205e-07
5.31329e+06	1.14086e-07
5.31339e+06	7.07839e-08
5.31349e+06	4.34803e-08
5.31359e+06	2.64428e-08
5.31369e+06	1.59213e-08
5.31379e+06	9.49093e-09
5.31389e+06	5.60138e-09
5.31399e+06	3.27294e-09
5.31409e+06	1.89338e-09
5.31419e+06	1.08442e-09
5.31429e+06	6.14909e-10
5.31439e+06	3.45209e-10
5.31449e+06	1.91872e-10
5.31459e+06	1.05584e-10
5.31469e+06	5.75227e-11
5.31479e+06	3.10269e-11
5.31489e+06	1.6569e-11
5.31499e+06	8.7601e-12
5.31509e+06	4.58543e-12
5.31519e+06	2.37634e-12
5.31529e+06	1.21925e-12
5.31539e+06	6.19349e-13
5.31549e+06	3.11483e-13
5.31559e+06	1.55092e-13
5.31569e+06	7.64546e-14
5.31579e+06	3.73142e-14
5.31589e+06	1.80302e-14
5.31599e+06	8.62553e-15
5.31609e+06	4.08533e-15
5.31619e+06	1.91569e-15
5.31629e+06	8.89367e-16
5.31639e+06	4.08784e-16
5.31649e+06	1.86022e-16
5.31659e+06	8.38089e-17
5.31669e+06	3.7383e-17
5.31679e+06	1.65088e-17
5.31689e+06	7.21793e-18
5.31699e+06	3.12441e-18
5.31709e+06	1.339e-18
5.31719e+06	5.68131e-19
5.31729e+06	2.38657e-19
5.31739e+06	9.92562e-20
5.31749e+06	4.08694e-20
5.31759e+06	1.66608e-20
5.31769e+06	6.72434e-21
5.31779e+06	2.68696e-21
5.31789e+06	1.06299e-21
5.31799e+06	4.16346e-22
5.31809e+06	1.6145e-22
5.31819e+06	6.19836e-23
5.31829e+06	2.35599e-23
5.31839e+06	8.86599e-24
5.31849e+06	3.30322e-24
5.31859e+06	1.21844e-24
5.31869e+06	4.4497e-25
5.31879e+06	1.60884e-25
5.31889e+06	5.75906e-26
5.31899e+06	2.04102e-26
5.31909e+06	7.16145e-27
5.31919e+06	2.48777e-27
5.31929e+06	8.55614e-28
5.31939e+06	2.91341e-28
5.31949e+06	9.82163e-29
5.31959e+06	3.2781e-29
5.31969e+06	1.08322e-29
5.31979e+06	3.54381e-30
5.31989e+06	1.14783e-30
5.31999e+06	3.68083e-31
5.32009e+06	1.16861e-31
5.32019e+06	3.67325e-32
5.32029e+06	1.14311e-32
5.32039e+06	3.52195e-33
5.32049e+06	1.07432e-33
5.32059e+06	3.24447e-34
5.32069e+06	9.70085e-35
5.32079e+06	2.87166e-35
5.32089e+06	8.41614e-36
5.32099e+06	2.44202e-36
5.32109e+06	7.01527e-37
5.32119e+06	1.99524e-37
5.32129e+06	5.61828e-38
5.32139e+06	1.56628e-38
5.32149e+06	4.32306e-39
5.32159e+06	1.18133e-39
5.32169e+06	3.19601e-40
5.32179e+06	8.56054e-41
5.32189e+06	2.27014e-41
5.32199e+06	5.96018e-42
5.32209e+06	1.54926e-42
5.32219e+06	3.987e-43
5.32229e+06	1.01584e-43
5.32239e+06	2.56248e-44
5.32249e+06	6.39961e-45
5.32259e+06	1.58235e-45
5.32269e+06	3.87356e-46
5.32279e+06	9.38804e-47
5.32289e+06	2.25266e-47
5.32299e+06	5.35149e-48
5.32309e+06	1.25866e-48
5.32319e+06	2.93091e-49
5.32329e+06	6.75696e-50
5.32339e+06	1.54226e-50
5.32349e+06	3.48515e-51
5.32359e+06	7.79726e-52
5.32369e+06	1.72711e-52
5.32379e+06	3.78751e-53
5.32389e+06	8.2233e-54
5.32399e+06	1.76764e-54
5.32409e+06	3.76184e-55
5.32419e+06	7.92617e-56
5.32429e+06	1.65342e-56
5.32439e+06	3.41476e-57
5.32449e+06	6.98224e-58
5.32459e+06	1.41347e-58
5.32469e+06	2.83292e-59
5.32479e+06	5.62133e-60
5.32489e+06	1.10434e-60
5.32499e+06	2.14793e-61
5.32509e+06	4.13616e-62
5.32519e+06	7.88553e-63
5.32529e+06	1.48841e-63
5.32539e+06	2.78143e-64
5.32549e+06	5.14604e-65
5.32559e+06	9.42616e-66
5.32569e+06	1.70944e-66
5.32579e+06	3.06923e-67
5.32589e+06	5.45585e-68
5.32599e+06	9.60179e-69
5.32609e+06	1.67301e-69
5.32619e+06	2.88605e-70
5.32629e+06	4.92906e-71
5.32639e+06	8.33456e-72
5.32649e+06	1.39527e-72
5.32659e+06	2.31254e-73
5.32669e+06	3.79471e-74
5.32679e+06	6.16489e-75
5.32689e+06	9.91583e-76
5.32699e+06	1.57903e-76
5.32709e+06	2.48947e-77
5.32719e+06	3.88581e-78
5.32729e+06	6.005e-79
5.32739e+06	9.18759e-80
5.32749e+06	1.39171e-80
5.32759e+06	2.08713e-81
5.32769e+06	3.09892e-82
5.32779e+06	4.5554e-83
5.32789e+06	6.62981e-84
5.32799e+06	9.55283e-85
5.32809e+06	1.36276e-85
5.32819e+06	1.92471e-86
5.32829e+06	2.69133e-87
5.32839e+06	3.72586e-88
5.32849e+06	5.10673e-89
5.32859e+06	6.92973e-90
5.32869e+06	9.30993e-91
5.32879e+06	1.23832e-91
5.32889e+06	1.63072e-92
5.32899e+06	2.12608e-93
5.32909e+06	2.74434e-94
5.32919e+06	3.50715e-95
5.32929e+06	4.43738e-96
5.32939e+06	5.55849e-97
5.32949e+06	6.89356e-98
5.32959e+06	8.46423e-99
5.32969e+06	1.02894e-99
5.32979e+06	1.23836e-100
5.32989e+06	1.47558e-101
5.32999e+06	1.74074e-102
5.33009e+06	2.03312e-103
5.33019e+06	2.35098e-104
5.33029e+06	2.69149e-105
5.33039e+06	3.05065e-106
5.33049e+06	3.42334e-107
5.33059e+06	3.80333e-108
5.33069e+06	4.18346e-109
5.33079e+06	4.5558e-110
5.33089e+06	4.9119e-111
5.33099e+06	5.24315e-112
5.33109e+06	5.54105e-113
5.33119e+06	5.79761e-114
5.33129e+06	6.00569e-115
5.33139e+06	6.15933e-116
5.33149e+06	6.25405e-117
5.33159e+06	6.28705e-118
5.33169e+06	6.25733e-119
5.33179e+06	6.16578e-120
5.33189e+06	6.01512e-121
5.33199e+06	5.80975e-122
5.33209e+06	5.55555e-123
5.33219e+06	5.25962e-124
5.33229e+06	4.92991e-125
5.33239e+06	4.57489e-126
5.33249e+06	4.20319e-127
5.33259e+06	3.82327e-128
5.33269e+06	3.44308e-129
5.33279e+06	3.06985e-130
5.33289e+06	2.70984e-131
5.33299e+06	2.36825e-132
5.33309e+06	2.04912e-133
5.33319e+06	1.75536e-134
5.33329e+06	1.48875e-135
5.33339e+06	1.25007e-136
5.33349e+06	1.03921e-137
5.33359e+06	8.55319e-139
5.33369e+06	6.96965e-140
5.33379e+06	5.62278e-141
5.33389e+06	4.49106e-142
5.33399e+06	3.55143e-143
5.33409e+06	2.78045e-144
5.33419e+06	2.15518e-145
5.33429e+06	1.6539e-146
5.33439e+06	1.25658e-147
5.33449e+06	9.45214e-149
5.33459e+06	7.03926e-150
5.33469e+06	5.19016e-151
5.33479e+06	3.78871e-152
5.33489e+06	2.73816e-153
5.33499e+06	1.95922e-154
5.33509e+06	1.38793e-155
5.33519e+06	9.73431e-157
5.33529e+06	6.75929e-158
5.33539e+06	4.6468e-159
5.33549e+06	3.16275e-160
5.33559e+06	2.13124e-161
5.33569e+06	1.42186e-162
5.33579e+06	9.39154e-164
5.33589e+06	6.14151e-165
5.33599e+06	3.97622e-166
5.33609e+06	2.54873e-167
5.33619e+06	1.61746e-168
5.33629e+06	1.01625e-169
5.33639e+06	6.32154e-171
5.33649e+06	3.89317e-172
5.33659e+06	2.37379e-173
5.33669e+06	1.43297e-174
5.33679e+06	8.56423e-176
5.33689e+06	5.06754e-177
5.33699e+06	2.96868e-178
5.33709e+06	1.72181e-179
5.33719e+06	9.88704e-181
5.33729e+06	5.62087e-182
5.33739e+06	3.16372e-183
5.33749e+06	1.76299e-184
5.33759e+06	9.72651e-186
5.33769e+06	5.31279e-187
5.33779e+06	2.87306e-188
5.33789e+06	1.53824e-189
5.33799e+06	8.15381e-191
5.33809e+06	4.27912e-192
5.33819e+06	2.22334e-193
5.33829e+06	1.1437e-194
5.33839e+06	5.82475e-196
5.33849e+06	2.93697e-197
5.33859e+06	1.46615e-198
5.33869e+06	7.24626e-200
5.33879e+06	3.54574e-201
5.33889e+06	1.71774e-202
5.33899e+06	8.2388e-204
5.33909e+06	3.91226e-205
5.33919e+06	1.83929e-206
5.33929e+06	8.56106e-208
5.33939e+06	3.94514e-209
5.33949e+06	1.79993e-210
5.33959e+06	8.13026e-212
5.33969e+06	3.63589e-213
5.33979e+06	1.60981e-214
5.33989e+06	7.05659e-216
5.33999e+06	3.06248e-217
5.34009e+06	1.31585e-218
5.34019e+06	5.59756e-220
5.34029e+06	2.35748e-221
5.34039e+06	9.83001e-223
5.34049e+06	4.05804e-224
5.34059e+06	1.65858e-225
5.34069e+06	6.71141e-227
5.34079e+06	2.68873e-228
5.34089e+06	1.06645e-229
5.34099e+06	4.18781e-231
5.34109e+06	1.62814e-232
5.34119e+06	6.26693e-234
5.34129e+06	2.38822e-235
5.34139e+06	9.01053e-237
5.34149e+06	3.36576e-238
5.34159e+06	1.24473e-239
5.34169e+06	4.55745e-241
5.34179e+06	1.65206e-242
5.34189e+06	5.92909e-244
5.34199e+06	2.10672e-245
5.34209e+06	7.4111e-247
5.34219e+06	2.58116e-248
5.34229e+06	8.90031e-250
5.34239e+06	3.03845e-251
5.34249e+06	1.02697e-252
5.34259e+06	3.43651e-254
5.34269e+06	1.13851e-255
5.34279e+06	3.73431e-257
5.34289e+06	1.21267e-258
5.34299e+06	3.89881e-260
5.34309e+06	1.24102e-261
5.34319e+06	3.91095e-263
5.34329e+06	1.22023e-264
5.34339e+06	3.76929e-266
5.34349e+06	1.15275e-267
5.34359e+06	3.49033e-269
5.34369e+06	1.0463e-270
5.34379e+06	3.10528e-272
5.34389e+06	9.12437e-274
5.34399e+06	2.65438e-275
5.34409e+06	7.64504e-277
5.34419e+06	2.17999e-278
5.34429e+06	6.15439e-280
5.34439e+06	1.72018e-281
5.34449e+06	4.76012e-283
5.34459e+06	1.30413e-284
5.34469e+06	3.53736e-286
5.34479e+06	9.49939e-288
5.34489e+06	2.52563e-289
5.34499e+06	6.64813e-291
5.34509e+06	1.73255e-292
5.34519e+06	4.47024e-294
5.34529e+06	1.14191e-295
5.34539e+06	2.88796e-297
5.34549e+06	7.23114e-299
5.34559e+06	1.79258e-300
5.34569e+06	4.39956e-302
5.34579e+06	1.06905e-303
5.34589e+06	2.57182e-305
5.34599e+06	6.12549e-307
5.34609e+06	1.44444e-308
5.34619e+06	3.37221e-310
5.34629e+06	7.79446e-312
5.34639e+06	1.78367e-313
5.34649e+06	4.04112e-315
5.34659e+06	9.06452e-317
5.34669e+06	2.01301e-318
5.34679e+06	4.42584e-320
5.34689e+06	9.63428e-322
5.34699e+06	1.97626e-323
5.34709e+06	0
5.34719e+06	0
5.34729e+06	0
5.34739e+06	0
5.34749e+06	0
5.34759e+06	0
5.34769e+06	0
5.34779e+06	0
5.34789e+06	0
5.34799e+06	0
5.34809e+06	0
5.34819e+06	0
5.34829e+06	0
5.34839e+06	0
5.34849e+06	0
5.34859e+06	0
5.34869e+06	0
5.34879e+06	0
5.34889e+06	0
5.34899e+06	0
5.34909e+06	0
5.34919e+06	0
5.34929e+06	0
5.34939e+06	0
5.34949e+06	0
5.34959e+06	0
5.34969e+06	0
5.34979e+06	0
5.34989e+06	0
5.34999e+06	0
5.35009e+06	0
5.35019e+06	0
5.35029e+06	0
5.35039e+06	0
5.35049e+06	0
5.35059e+06	0
5.35069e+06	0
5.35079e+06	0
5.35089e+06	0
5.35099e+06	0
5.35109e+06	0
5.35119e+06	0
5.35129e+06	0
5.35139e+06	0
5.35149e+06	0
5.35159e+06	0
5.35169e+06	0
5.35179e+06	0
5.35189e+06	0
5.35199e+06	0
5.35209e+06	0
5.35219e+06	0
5.35229e+06	0
5.35239e+06	0
5.35249e+06	0
5.35259e+06	0
5.35269e+06	0
5.35279e+06	0
5.35289e+06	0
5.35299e+06	0
5.35309e+06	0
5.35319e+06	0
5.35329e+06	0
5.35339e+06	0
5.35349e+06	0
5.35359e+06	0
5.35369e+06	0
5.35379e+06	0
5.35389e+06	0
5.35399e+06	0
5.35409e+06	0
5.35419e+06	0
5.35429e+06	0
5.35439e+06	0
5.35449e+06	0
5.35459e+06	0
5.35469e+06	0
5.35479e+06	0
5.35489e+06	0
5.35499e+06	0
5.35509e+06	0
5.35519e+06	0
5.35529e+06	0
5.35539e+06	0
5.35549e+06	0
5.35559e+06	0
5.35569e+06	0
5.35579e+06	0
5.35589e+06	0
5.35599e+06	0
5.35609e+06	0
5.35619e+06	0
5.35629e+06	0
5.35639e+06	0
5.35649e+06	0
5.35659e+06	0
5.35669e+06	0
5.35679e+06	0
5.35689e+06	0
5.35699e+06	0
5.35709e+06	0
5.35719e+06	0
5.35729e+06	0
5.35739e+06	0
5.35749e+06	0
5.35759e+06	0
5.35769e+06	0
5.35779e+06	0
5.35789e+06	0
5.35799e+06	0
5.35809e+06	0
5.35819e+06	0
5.35829e+06	0
5.35839e+06	0
5.35849e+06	0
5.35859e+06	0
5.35869e+06	0
5.35879e+06	0
5.35889e+06	0
5.35899e+06	0
5.35909e+06	0
5.35919e+06	0
5.35929e+06	0
5.35939e+06	0
5.35949e+06	0
5.35959e+06	0
5.35969e+06	0
5.35979e+06	0
5.35989e+06	0
5.35999e+06	0
5.36009e+06	0
5.36019e+06	0
5.36029e+06	0
5.36039e+06	0
5.36049e+06	0
5.36059e+06	0
5.36069e+06	0
5.36079e+06	0
5.36089e+06	0
5.36099e+06	0
5.36109e+06	0
5.36119e+06	0
5.36129e+06	0
5.36139e+06	0
5.36149e+06	0
5.36159e+06	0
5.36169e+06	0
5.36179e+06	0
5.36189e+06	0
5.36199e+06	0
5.36209e+06	0
5.36219e+06	0
5.36229e+06	0
5.36239e+06	0
5.36249e+06	0
5.36259e+06	0
5.36269e+06	0
5.36279e+06	0
5.36289e+06	0
5.36299e+06	0
5.36309e+06	0
5.36319e+06	0
5.36329e+06	0
5.36339e+06	0
5.36349e+06	0
5.36359e+06	0
5.36369e+06	0
5.36379e+06	0
5.36389e+06	0
5.36399e+06	0
5.36409e+06	0
5.36419e+06	0
5.36429e+06	0
5.36439e+06	0
5.36449e+06	0
5.36459e+06	0
5.36469e+06	0
5.36479e+06	0
5.36489e+06	0
5.36499e+06	0
5.36509e+06	0
5.36519e+06	0
5.36529e+06	0
5.36539e+06	0
5.36549e+06	0
5.36559e+06	0
5.36569e+06	0
5.36579e+06	0
5.36589e+06	0
5.36599e+06	0
5.36609e+06	0
5.36619e+06	0
5.36629e+06	0
5.36639e+06	0
5.36649e+06	0
5.36659e+06	0
5.36669e+06	0
5.36679e+06	0
5.36689e+06	0
5.36699e+06	0
5.36709e+06	0
5.36719e+06	0
5.36729e+06	0
5.36739e+06	0
5.36749e+06	0
5.36759e+06	0
5.36769e+06	0
5.36779e+06	0
5.36789e+06	0
5.36799e+06	0
5.36809e+06	0
5.36819e+06	0
5.36829e+06	0
5.36839e+06	0
5.36849e+06	0
5.36859e+06	0
5.36869e+06	0
5.36879e+06	0
5.36889e+06	0
5.36899e+06	0
5.36909e+06	0
5.36919e+06	0
5.36929e+06	0
5.36939e+06	0
5.36949e+06	0
5.36959e+06	0
5.36969e+06	0
5.36979e+06	0
5.36989e+06	0
5.36999e+06	0
5.37009e+06	0
5.37019e+06	0
5.37029e+06	0
5.37039e+06	0
5.37049e+06	0
5.37059e+06	0
5.37069e+06	0
5.37079e+06	0
5.37089e+06	0
5.37099e+06	0
5.37109e+06	0
5.37119e+06	0
5.37129e+06	0
5.37139e+06	0
5.37149e+06	0
5.37159e+06	0
5.37169e+06	0
5.37179e+06	0
5.37189e+06	0
5.37199e+06	0
5.37209e+06	0
5.37219e+06	0
5.37229e+06	0
5.37239e+06	0
5.37249e+06	0
5.37259e+06	0
5.37269e+06	0
5.37279e+06	0
5.37289e+06	0
5.37299e+06	0
5.37309e+06	0
5.37319e+06	0
5.37329e+06	0
5.37339e+06	0
5.37349e+06	0
5.37359e+06	0
5.37369e+06	0
5.37379e+06	0
5.37389e+06	0
5.37399e+06	0
5.37409e+06	0
5.37419e+06	0
5.37429e+06	0
5.37439e+06	0
5.37449e+06	0
5.37459e+06	0
5.37469e+06	0
5.37479e+06	0
5.37489e+06	0
5.37499e+06	0
5.37509e+06	0
5.37519e+06	0
5.37529e+06	0
5.37539e+06	0
5.37549e+06	0
5.37559e+06	0
5.37569e+06	0
5.37579e+06	0
5.37589e+06	0
5.37599e+06	0
5.37609e+06	0
5.37619e+06	0
5.37629e+06	0
5.37639e+06	0
5.37649e+06	0
5.37659e+06	0
5.37669e+06	0
5.37679e+06	0
5.37689e+06	0
5.37699e+06	0
5.37709e+06	0
5.37719e+06	0
5.37729e+06	0
5.37739e+06	0
5.37749e+06	0
5.37759e+06	0
5.37769e+06	0
5.37779e+06	0
5.37789e+06	0
5.37799e+06	0
5.37809e+06	0
5.37819e+06	0
5.37829e+06	0
5.37839e+06	0
5.37849e+06	0
5.37859e+06	0
5.37869e+06	0
5.37879e+06	0
5.37889e+06	0
5.37899e+06	0
5.37909e+06	0
5.37919e+06	0
5.37929e+06	0
5.37939e+06	0
5.37949e+06	0
5.37959e+06	0
5.37969e+06	0
5.37979e+06	0
5.37989e+06	0
5.37999e+06	0
5.38009e+06	0
5.38019e+06	0
5.38029e+06	0
5.38039e+06	0
5.38049e+06	0
5.38059e+06	0
5.38069e+06	0
5.38079e+06	0
5.38089e+06	0
5.38099e+06	0
5.38109e+06	0
5.38119e+06	0
5.38129e+06	0
5.38139e+06	0
5.38149e+06	0
5.38159e+06	0
5.38169e+06	0
5.38179e+06	0
5.38189e+06	0
5.38199e+06	0
5.38209e+06	0
5.38219e+06	0
5.38229e+06	0
5.38239e+06	0
5.38249e+06	0
5.38259e+06	0
5.38269e+06	0
5.38279e+06	0
5.38289e+06	0
5.38299e+06	0
5.38309e+06	0
5.38319e+06	0
5.38329e+06	0
5.38339e+06	0
5.38349e+06	0
5.38359e+06	0
5.38369e+06	0
5.38379e+06	0
5.38389e+06	0
5.38399e+06	0
5.38409e+06	0
5.38419e+06	0
5.38429e+06	0
5.38439e+06	0
5.38449e+06	0
5.38459e+06	0
5.38469e+06	0
5.38479e+06	0
5.38489e+06	0
5.38499e+06	0
5.38509e+06	0
5.38519e+06	0
5.38529e+06	0
5.38539e+06	0
5.38549e+06	0
5.38559e+06	0
5.38569e+06	0
5.38579e+06	0
5.38589e+06	0
5.38599e+06	0
5.38609e+06	0
5.38619e+06	0
5.38629e+06	0
5.38639e+06	0
5.38649e+06	0
5.38659e+06	0
5.38669e+06	0
5.38679e+06	0
5.38689e+06	0
5.38699e+06	0
5.38709e+06	0
5.38719e+06	0
5.38729e+06	0
5.38739e+06	0
5.38749e+06	0
5.38759e+06	0
5.38769e+06	0
5.38779e+06	0
5.38789e+06	0
5.38799e+06	0
5.38809e+06	0
5.38819e+06	0
5.38829e+06	0
5.38839e+06	0
5.38849e+06	0
5.38859e+06	0
5.38869e+06	0
5.38879e+06	0
5.38889e+06	0
5.38899e+06	0
5.38909e+06	0
5.38919e+06	0
5.38929e+06	0
5.38939e+06	0
5.38949e+06	0
5.38959e+06	0
5.38969e+06	0
5.38979e+06	0
5.38989e+06	0
5.38999e+06	0
5.39009e+06	0
5.39019e+06	0
5.39029e+06	0
5.39039e+06	0
5.39049e+06	0
5.39059e+06	0
5.39069e+06	0
5.39079e+06	0
5.39089e+06	0
5.39099e+06	0
5.39109e+06	0
5.39119e+06	0
5.39129e+06	0
5.39139e+06	0
5.39149e+06	0
5.39159e+06	0
5.39169e+06	0
5.39179e+06	0
5.39189e+06	0
5.39199e+06	0
5.39209e+06	0
5.39219e+06	0
5.39229e+06	0
5.39239e+06	0
5.39249e+06	0
5.39259e+06	0
5.39269e+06	0
5.39279e+06	0
5.39289e+06	0
5.39299e+06	0
5.39309e+06	0
5.39319e+06	0
5.39329e+06	0
5.39339e+06	0
5.39349e+06	0
5.39359e+06	0
5.39369e+06	0
5.39379e+06	0
5.39389e+06	0
5.39399e+06	0
5.39409e+06	0
5.39419e+06	0
5.39429e+06	0
5.39439e+06	0
5.39449e+06	0
5.39459e+06	0
5.39469e+06	0
5.39479e+06	0
5.39489e+06	0
5.39499e+06	0
5.39509e+06	0
5.39519e+06	0
5.39529e+06	0
5.39539e+06	0
5.39549e+06	0
5.39559e+06	0
5.39569e+06	0
5.39579e+06	0
5.39589e+06	0
5.39599e+06	0
5.39609e+06	0
5.39619e+06	0
5.39629e+06	0
5.39639e+06	0
5.39649e+06	0
5.39659e+06	0
5.39669e+06	0
5.39679e+06	0
5.39689e+06	0
5.39699e+06	0
5.39709e+06	0
5.39719e+06	0
5.39729e+06	0
5.39739e+06	0
5.39749e+06	0
5.39759e+06	0
5.39769e+06	0
5.39779e+06	0
5.39789e+06	0
5.39799e+06	0
5.39809e+06	0
5.39819e+06	0
5.39829e+06	0
5.39839e+06	0
5.39849e+06	0
5.39859e+06	0
5.39869e+06	0
5.39879e+06	0
5.39889e+06	0
5.39899e+06	0
5.39909e+06	0
5.39919e+06	0
5.39929e+06	0
5.39939e+06	0
5.39949e+06	0
5.39959e+06	0
5.39969e+06	0
5.39979e+06	0
5.39989e+06	0
5.39999e+06	0
5.40009e+06	0
5.40019e+06	0
5.40029e+06	0
5.40039e+06	0
5.40049e+06	0
5.40059e+06	0
5.40069e+06	0
5.40079e+06	0
5.40089e+06	0
5.40099e+06	0
5.40109e+06	0
5.40119e+06	0
5.40129e+06	0
5.40139e+06	0
5.40149e+06	0
5.40159e+06	0
5.40169e+06	0
5.40179e+06	0
5.40189e+06	0
5.40199e+06	0
5.40209e+06	0
5.40219e+06	0
5.40229e+06	0
5.40239e+06	0
5.40249e+06	0
5.40259e+06	0
5.40269e+06	0
5.40279e+06	0
5.40289e+06	0
5.40299e+06	0
5.40309e+06	0
5.40319e+06	0
5.40329e+06	0
5.40339e+06	0
5.40349e+06	0
5.40359e+06	0
5.40369e+06	0
5.40379e+06	0
5.40389e+06	0
5.40399e+06	0
5.40409e+06	0
5.40419e+06	0
5.40429e+06	0
5.40439e+06	0
5.40449e+06	0
5.40459e+06	0
5.40469e+06	0
5.40479e+06	0
5.40489e+06	0
5.40499e+06	0
5.40509e+06	0
5.40519e+06	0
5.40529e+06	0
5.40539e+06	0
5.40549e+06	0
5.40559e+06	0
5.40569e+06	0
5.40579e+06	0
5.40589e+06	0
5.40599e+06	0
5.40609e+06	0
5.40619e+06	0
5.40629e+06	0
5.40639e+06	0
5.40649e+06	0
5.40659e+06	0
5.40669e+06	0
5.40679e+06	0
5.40689e+06	0
5.40699e+06	0
5.40709e+06	0
5.40719e+06	0
5.40729e+06	0
5.40739e+06	0
5.40749e+06	0
5.40759e+06	0
5.40769e+06	0
5.40779e+06	0
5.40789e+06	0
5.40799e+06	0
5.40809e+06	0
5.40819e+06	0
5.40829e+06	0
5.40839e+06	0
5.40849e+06	0
5.40859e+06	0
5.40869e+06	0
5.40879e+06	0
5.40889e+06	0
5.40899e+06	0
5.40909e+06	0
5.40919e+06	0
5.40929e+06	0
5.40939e+06	0
5.40949e+06	0
5.40959e+06	0
5.40969e+06	0
5.40979e+06	0
5.40989e+06	0
5.40999e+06	0
5.41009e+06	0
5.41019e+06	0
5.41029e+06	0
5.41039e+06	0
5.41049e+06	0
5.41059e+06	0
5.41069e+06	0
5.41079e+06	0
5.41089e+06	0
5.41099e+06	0
5.41109e+06	0
5.41119e+06	0
5.41129e+06	0
5.41139e+06	0
5.41149e+06	0
5.41159e+06	0
5.41169e+06	0
5.41179e+06	0
5.41189e+06	0
5.41199e+06	0
5.41209e+06	0
5.41219e+06	0
5.41229e+06	0
5.41239e+06	0
5.41249e+06	0
5.41259e+06	0
5.41269e+06	0
5.41279e+06	0
5.41289e+06	0
5.41299e+06	0
5.41309e+06	0
5.41319e+06	0
5.41329e+06	0
5.41339e+06	0
5.41349e+06	0
5.41359e+06	0
5.41369e+06	0
5.41379e+06	0
5.41389e+06	0
5.41399e+06	0
5.41409e+06	0
5.41419e+06	0
5.41429e+06	0
5.41439e+06	0
5.41449e+06	0
5.41459e+06	0
5.41469e+06	0
5.41479e+06	0
5.41489e+06	0
5.41499e+06	0
5.41509e+06	0
5.41519e+06	0
5.41529e+06	0
5.41539e+06	0
5.41549e+06	0
5.41559e+06	0
5.41569e+06	0
5.41579e+06	0
5.41589e+06	0
5.41599e+06	0
5.41609e+06	0
5.41619e+06	0
5.41629e+06	0
5.41639e+06	0
5.41649e+06	0
5.41659e+06	0
5.41669e+06	0
5.41679e+06	0
5.41689e+06	0
5.41699e+06	0
5.41709e+06	0
5.41719e+06	0
5.41729e+06	0
5.41739e+06	0
5.41749e+06	0
5.41759e+06	0
5.41769e+06	0
5.41779e+06	0
5.41789e+06	0
5.41799e+06	0
5.41809e+06	0
5.41819e+06	0
5.41829e+06	0
5.41839e+06	0
5.41849e+06	0
5.41859e+06	0
5.41869e+06	0
5.41879e+06	0
5.41889e+06	0
5.41899e+06	0
5.41909e+06	0
5.41919e+06	0
5.41929e+06	0
5.41939e+06	0
5.41949e+06	0
5.41959e+06	0
5.41969e+06	0
5.41979e+06	0
5.41989e+06	0
5.41999e+06	0
5.42009e+06	0
5.42019e+06	0
5.42029e+06	0
5.42039e+06	0
5.42049e+06	0
5.42059e+06	0
5.42069e+06	0
5.42079e+06	0
5.42089e+06	0
5.42099e+06	0
5.42109e+06	0
5.42119e+06	0
5.42129e+06	0
5.42139e+06	0
5.42149e+06	0
5.42159e+06	0
5.42169e+06	0
5.42179e+06	0
5.42189e+06	0
5.42199e+06	0
5.42209e+06	0
5.42219e+06	0
5.42229e+06	0
5.42239e+06	0
5.42249e+06	0
5.42259e+06	0
5.42269e+06	0
5.42279e+06	0
5.42289e+06	0
5.42299e+06	0
5.42309e+06	0
5.42319e+06	0
5.42329e+06	0
5.42339e+06	0
5.42349e+06	0
5.42359e+06	0
5.42369e+06	0
5.42379e+06	0
5.42389e+06	0
5.42399e+06	0
5.42409e+06	0
5.42419e+06	0
5.42429e+06	0
5.42439e+06	0
5.42449e+06	0
5.42459e+06	0
5.42469e+06	0
5.42479e+06	0
5.42489e+06	0
5.42499e+06	0
5.42509e+06	0
5.42519e+06	0
5.42529e+06	0
5.42539e+06	0
5.42549e+06	0
5.42559e+06	0
5.42569e+06	0
5.42579e+06	0
5.42589e+06	0
5.42599e+06	0
5.42609e+06	0
5.42619e+06	0
5.42629e+06	0
5.42639e+06	0
5.42649e+06	0
5.42659e+06	0
5.42669e+06	0
5.42679e+06	0
5.42689e+06	0
5.42699e+06	0
5.42709e+06	0
5.42719e+06	0
5.42729e+06	0
5.42739e+06	0
5.42749e+06	0
5.42759e+06	0
5.42769e+06	0
5.42779e+06	0
5.42789e+06	0
5.42799e+06	0
5.42809e+06	0
5.42819e+06	0
5.42829e+06	0
5.42839e+06	0
5.42849e+06	0
5.42859e+06	0
5.42869e+06	0
5.42879e+06	0
5.42889e+06	0
5.42899e+06	0
5.42909e+06	0
5.42919e+06	0
5.42929e+06	0
5.42939e+06	0
5.42949e+06	0
5.42959e+06	0
5.42969e+06	0
5.42979e+06	0
5.42989e+06	0
5.42999e+06	0
5.43009e+06	0
5.43019e+06	0
5.43029e+06	0
5.43039e+06	0
5.43049e+06	0
5.43059e+06	0
5.43069e+06	0
5.43079e+06	0
5.43089e+06	0
5.43099e+06	0
5.43109e+06	0
5.43119e+06	0
5.43129e+06	0
5.43139e+06	0
5.43149e+06	0
5.43159e+06	0
5.43169e+06	0
5.43179e+06	0
5.43189e+06	0
5.43199e+06	0
5.43209e+06	0
5.43219e+06	0
5.43229e+06	0
5.43239e+06	0
5.43249e+06	0
5.43259e+06	0
5.43269e+06	0
5.43279e+06	0
5.43289e+06	0
5.43299e+06	0
5.43309e+06	0
5.43319e+06	0
5.43329e+06	0
5.43339e+06	0
5.43349e+06	0
5.43359e+06	0
5.43369e+06	0
5.43379e+06	0
5.43389e+06	0
5.43399e+06	0
5.43409e+06	0
5.43419e+06	0
5.43429e+06	0
5.43439e+06	0
5.43449e+06	0
5.43459e+06	0
5.43469e+06	0
5.43479e+06	0
5.43489e+06	0
5.43499e+06	0
5.43509e+06	0
5.43519e+06	0
5.43529e+06	0
5.43539e+06	0
5.43549e+06	0
5.43559e+06	0
5.43569e+06	0
5.43579e+06	0
5.43589e+06	0
5.43599e+06	0
5.43609e+06	0
5.43619e+06	0
5.43629e+06	0
5.43639e+06	0
5.43649e+06	0
5.43659e+06	0
5.43669e+06	0
5.43679e+06	0
5.43689e+06	0
5.43699e+06	0
5.43709e+06	0
5.43719e+06	0
5.43729e+06	0
5.43739e+06	0
5.43749e+06	0
5.43759e+06	0
5.43769e+06	0
5.43779e+06	0
5.43789e+06	0
5.43799e+06	0
5.43809e+06	0
5.43819e+06	0
5.43829e+06	0
5.43839e+06	0
5.43849e+06	0
5.43859e+06	0
5.43869e+06	0
5.43879e+06	0
5.43889e+06	0
5.43899e+06	0
5.43909e+06	0
5.43919e+06	0
5.43929e+06	0
5.43939e+06	0
5.43949e+06	0
5.43959e+06	0
5.43969e+06	0
5.43979e+06	0
5.43989e+06	0
5.43999e+06	0
5.44009e+06	0
5.44019e+06	0
5.44029e+06	0
5.44039e+06	0
5.44049e+06	0
5.44059e+06	0
5.44069e+06	0
5.44079e+06	0
5.44089e+06	0
5.44099e+06	0
5.44109e+06	0
5.44119e+06	0
5.44129e+06	0
5.44139e+06	0
5.44149e+06	0
5.44159e+06	0
5.44169e+06	0
5.44179e+06	0
5.44189e+06	0
5.44199e+06	0
5.44209e+06	0
5.44219e+06	0
5.44229e+06	0
5.44239e+06	0
5.44249e+06	0
5.44259e+06	0
5.44269e+06	0
5.44279e+06	0
5.44289e+06	0
5.44299e+06	0
5.44309e+06	0
5.44319e+06	0
5.44329e+06	0
5.44339e+06	0
5.44349e+06	0
5.44359e+06	0
5.44369e+06	0
5.44379e+06	0
5.44389e+06	0
5.44399e+06	0
5.44409e+06	0
5.44419e+06	0
5.44429e+06	0
5.44439e+06	0
5.44449e+06	0
5.44459e+06	0
5.44469e+06	0
5.44479e+06	0
5.44489e+06	0
5.44499e+06	0
5.44509e+06	0
5.44519e+06	0
5.44529e+06	0
5.44539e+06	0
5.44549e+06	0
5.44559e+06	0
5.44569e+06	0
5.44579e+06	0
5.44589e+06	0
5.44599e+06	0
5.44609e+06	0
5.44619e+06	0
5.44629e+06	0
5.44639e+06	0
5.44649e+06	0
5.44659e+06	0
5.44669e+06	0
5.44679e+06	0
5.44689e+06	0
5.44699e+06	0
5.44709e+06	0
5.44719e+06	0
5.44729e+06	0
5.44739e+06	0
5.44749e+06	0
5.44759e+06	0
5.44769e+06	0
5.44779e+06	0
5.44789e+06	0
5.44799e+06	0
5.44809e+06	0
5.44819e+06	0
5.44829e+06	0
5.44839e+06	0
5.44849e+06	0
5.44859e+06	0
5.44869e+06	0
5.44879e+06	0
5.44889e+06	0
5.44899e+06	0
5.44909e+06	0
5.44919e+06	0
5.44929e+06	0
5.44939e+06	0
5.44949e+06	0
5.44959e+06	0
5.44969e+06	0
5.44979e+06	0
5.44989e+06	0
5.44999e+06	0
5.45009e+06	0
5.45019e+06	0
5.45029e+06	0
5.45039e+06	0
5.45049e+06	0
5.45059e+06	0
5.45069e+06	0
5.45079e+06	0
5.45089e+06	0
5.45099e+06	0
5.45109e+06	0
5.45119e+06	0
5.45129e+06	0
5.45139e+06	0
5.45149e+06	0
5.45159e+06	0
5.45169e+06	0
5.45179e+06	0
5.45189e+06	0
5.45199e+06	0
5.45209e+06	0
5.45219e+06	0
5.45229e+06	0
5.45239e+06	0
5.45249e+06	0
5.45259e+06	0
5.45269e+06	0
5.45279e+06	0
5.45289e+06	0
5.45299e+06	0
5.45309e+06	0
5.45319e+06	0
5.45329e+06	0
5.45339e+06	0
5.45349e+06	0
5.45359e+06	0
5.45369e+06	0
5.45379e+06	0
5.45389e+06	0
5.45399e+06	0
5.45409e+06	0
5.45419e+06	0
5.45429e+06	0
5.45439e+06	0
5.45449e+06	0
5.45459e+06	0
5.45469e+06	0
5.45479e+06	0
5.45489e+06	0
5.45499e+06	0
5.45509e+06	0
5.45519e+06	0
5.45529e+06	0
5.45539e+06	0
5.45549e+06	0
5.45559e+06	0
5.45569e+06	0
5.45579e+06	0
5.45589e+06	0
5.45599e+06	0
5.45609e+06	0
5.45619e+06	0
5.45629e+06	0
5.45639e+06	0
5.45649e+06	0
5.45659e+06	0
5.45669e+06	0
5.45679e+06	0
5.45689e+06	0
5.45699e+06	0
5.45709e+06	0
5.45719e+06	0
5.45729e+06	0
5.45739e+06	0
5.45749e+06	0
5.45759e+06	0
5.45769e+06	0
5.45779e+06	0
5.45789e+06	0
5.45799e+06	0
5.45809e+06	0
5.45819e+06	0
5.45829e+06	0
5.45839e+06	0
5.45849e+06	0
5.45859e+06	0
5.45869e+06	0
5.45879e+06	0
5.45889e+06	0
5.45899e+06	0
5.45909e+06	0
5.45919e+06	0
5.45929e+06	0
5.45939e+06	0
5.45949e+06	0
5.45959e+06	0
5.45969e+06	0
5.45979e+06	0
5.45989e+06	0
5.45999e+06	0
5.46009e+06	0
5.46019e+06	0
5.46029e+06	0
5.46039e+06	0
5.46049e+06	0
5.46059e+06	0
5.46069e+06	0
5.46079e+06	0
5.46089e+06	0
5.46099e+06	0
5.46109e+06	0
5.46119e+06	0
5.46129e+06	0
5.46139e+06	0
5.46149e+06	0
5.46159e+06	0
5.46169e+06	0
5.46179e+06	0
5.46189e+06	0
5.46199e+06	0
5.46209e+06	0
5.46219e+06	0
5.46229e+06	0
5.46239e+06	0
5.46249e+06	0
5.46259e+06	0
5.46269e+06	0
5.46279e+06	0
5.46289e+06	0
5.46299e+06	0
5.46309e+06	0
5.46319e+06	0
5.46329e+06	0
5.46339e+06	0
5.46349e+06	0
5.46359e+06	0
5.46369e+06	0
5.46379e+06	0
5.46389e+06	0
5.46399e+06	0
5.46409e+06	0
5.46419e+06	0
5.46429e+06	0
5.46439e+06	0
5.46449e+06	0
5.46459e+06	0
5.46469e+06	0
5.46479e+06	0
5.46489e+06	0
5.46499e+06	0
5.46509e+06	0
5.46519e+06	0
5.46529e+06	0
5.46539e+06	0
5.46549e+06	0
5.46559e+06	0
5.46569e+06	0
5.46579e+06	0
5.46589e+06	0
5.46599e+06	0
5.46609e+06	0
5.46619e+06	0
5.46629e+06	0
5.46639e+06	0
5.46649e+06	0
5.46659e+06	0
5.46669e+06	0
5.46679e+06	0
5.46689e+06	0
5.46699e+06	0
5.46709e+06	0
5.46719e+06	0
5.46729e+06	0
5.46739e+06	0
5.46749e+06	0
5.46759e+06	0
5.46769e+06	0
5.46779e+06	0
5.46789e+06	0
5.46799e+06	0
5.46809e+06	0
5.46819e+06	0
5.46829e+06	0
5.46839e+06	0
5.46849e+06	0
5.46859e+06	0
5.46869e+06	0
5.46879e+06	0
5.46889e+06	0
5.46899e+06	0
5.46909e+06	0
5.46919e+06	0
5.46929e+06	0
5.46939e+06	0
5.46949e+06	0
5.46959e+06	0
5.46969e+06	0
5.46979e+06	0
5.46989e+06	0
5.46999e+06	0
5.47009e+06	0
5.47019e+06	0
5.47029e+06	0
5.47039e+06	0
5.47049e+06	0
5.47059e+06	0
5.47069e+06	0
5.47079e+06	0
5.47089e+06	0
5.47099e+06	0
5.47109e+06	0
5.47119e+06	0
5.47129e+06	0
5.47139e+06	0
5.47149e+06	0
5.47159e+06	0
5.47169e+06	0
5.47179e+06	0
5.47189e+06	0
5.47199e+06	0
5.47209e+06	0
5.47219e+06	0
5.47229e+06	0
5.47239e+06	0
5.47249e+06	0
5.47259e+06	0
5.47269e+06	0
5.47279e+06	0
5.47289e+06	0
5.47299e+06	0
5.47309e+06	0
5.47319e+06	0
5.47329e+06	0
5.47339e+06	0
5.47349e+06	0
5.47359e+06	0
5.47369e+06	0
5.47379e+06	0
5.47389e+06	0
5.47399e+06	0
5.47409e+06	0
5.47419e+06	0
5.47429e+06	0
5.47439e+06	0
5.47449e+06	0
5.47459e+06	0
5.47469e+06	0
5.47479e+06	0
5.47489e+06	0
5.47499e+06	0
5.47509e+06	0
5.47519e+06	0
5.47529e+06	0
5.47539e+06	0
5.47549e+06	0
5.47559e+06	0
5.47569e+06	0
5.47579e+06	0
5.47589e+06	0
5.47599e+06	0
5.47609e+06	0
5.47619e+06	0
5.47629e+06	0
5.47639e+06	0
5.47649e+06	0
5.47659e+06	0
5.47669e+06	0
5.47679e+06	0
5.47689e+06	0
5.47699e+06	0
5.47709e+06	0
5.47719e+06	0
5.47729e+06	0
5.47739e+06	0
5.47749e+06	0
5.47759e+06	0
5.47769e+06	0
5.47779e+06	0
5.47789e+06	0
5.47799e+06	0
5.47809e+06	0
5.47819e+06	1.4822e-323
5.47829e+06	5.53354e-322
5.47839e+06	2.57754e-320
5.47849e+06	1.18749e-318
5.47859e+06	5.41617e-317
5.47869e+06	2.44575e-315
5.47879e+06	1.09342e-313
5.47889e+06	4.83974e-312
5.47899e+06	2.12087e-310
5.47909e+06	9.20155e-309
5.47919e+06	3.95245e-307
5.47929e+06	1.68085e-305
5.47939e+06	7.07696e-304
5.47949e+06	2.95001e-302
5.47959e+06	1.21746e-300
5.47969e+06	4.97447e-299
5.47979e+06	2.0123e-297
5.47989e+06	8.05931e-296
5.47999e+06	3.19565e-294
5.48009e+06	1.25452e-292
5.48019e+06	4.87588e-291
5.48029e+06	1.87623e-289
5.48039e+06	7.14785e-288
5.48049e+06	2.69601e-286
5.48059e+06	1.00676e-284
5.48069e+06	3.72209e-283
5.48079e+06	1.3624e-281
5.48089e+06	4.93718e-280
5.48099e+06	1.77138e-278
5.48109e+06	6.29216e-277
5.48119e+06	2.21282e-275
5.48129e+06	7.70458e-274
5.48139e+06	2.65588e-272
5.48149e+06	9.06414e-271
5.48159e+06	3.06267e-269
5.48169e+06	1.02455e-267
5.48179e+06	3.39329e-266
5.48189e+06	1.11267e-264
5.48199e+06	3.61217e-263
5.48209e+06	1.16099e-261
5.48219e+06	3.6944e-260
5.48229e+06	1.16391e-258
5.48239e+06	3.63035e-257
5.48249e+06	1.12108e-255
5.48259e+06	3.42753e-254
5.48269e+06	1.03749e-252
5.48279e+06	3.10915e-251
5.48289e+06	9.22482e-250
5.48299e+06	2.70976e-248
5.48309e+06	7.88063e-247
5.48319e+06	2.26907e-245
5.48329e+06	6.46833e-244
5.48339e+06	1.82555e-242
5.48349e+06	5.10096e-241
5.48359e+06	1.41113e-239
5.48369e+06	3.86491e-238
5.48379e+06	1.04802e-236
5.48389e+06	2.81356e-235
5.48399e+06	7.47824e-234
5.48409e+06	1.96789e-232
5.48419e+06	5.12693e-231
5.48429e+06	1.32243e-229
5.48439e+06	3.3771e-228
5.48449e+06	8.53833e-227
5.48459e+06	2.13727e-225
5.48469e+06	5.29666e-224
5.48479e+06	1.29958e-222
5.48489e+06	3.15689e-221
5.48499e+06	7.59229e-220
5.48509e+06	1.80777e-218
5.48519e+06	4.2616e-217
5.48529e+06	9.94621e-216
5.48539e+06	2.29826e-214
5.48549e+06	5.25774e-213
5.48559e+06	1.19085e-211
5.48569e+06	2.67036e-210
5.48579e+06	5.92843e-209
5.48589e+06	1.30307e-207
5.48599e+06	2.83565e-206
5.48609e+06	6.10934e-205
5.48619e+06	1.30315e-203
5.48629e+06	2.752e-202
5.48639e+06	5.75389e-201
5.48649e+06	1.19105e-199
5.48659e+06	2.44095e-198
5.48669e+06	4.95271e-197
5.48679e+06	9.9491e-196
5.48689e+06	1.97871e-194
5.48699e+06	3.89616e-193
5.48709e+06	7.59538e-192
5.48719e+06	1.46595e-190
5.48729e+06	2.80121e-189
5.48739e+06	5.29942e-188
5.48749e+06	9.92588e-187
5.48759e+06	1.84063e-185
5.48769e+06	3.37926e-184
5.48779e+06	6.14233e-183
5.48789e+06	1.10535e-181
5.48799e+06	1.96937e-180
5.48809e+06	3.47384e-179
5.48819e+06	6.06667e-178
5.48829e+06	1.04893e-176
5.48839e+06	1.79556e-175
5.48849e+06	3.04307e-174
5.48859e+06	5.10599e-173
5.48869e+06	8.48214e-172
5.48879e+06	1.39504e-170
5.48889e+06	2.27157e-169
5.48899e+06	3.66204e-168
5.48909e+06	5.84489e-167
5.48919e+06	9.23607e-166
5.48929e+06	1.44496e-164
5.48939e+06	2.2381e-163
5.48949e+06	3.43211e-162
5.48959e+06	5.21074e-161
5.48969e+06	7.8324e-160
5.48979e+06	1.1656e-158
5.48989e+06	1.71735e-157
5.48999e+06	2.5051e-156
5.49009e+06	3.61783e-155
5.49019e+06	5.17285e-154
5.49029e+06	7.32264e-153
5.49039e+06	1.02627e-151
5.49049e+06	1.42402e-150
5.49059e+06	1.95625e-149
5.49069e+06	2.66067e-148
5.49079e+06	3.58273e-147
5.49089e+06	4.77633e-146
5.49099e+06	6.30422e-145
5.49109e+06	8.23808e-144
5.49119e+06	1.0658e-142
5.49129e+06	1.36517e-141
5.49139e+06	1.73122e-140
5.49149e+06	2.17357e-139
5.49159e+06	2.70181e-138
5.49169e+06	3.325e-137
5.49179e+06	4.05121e-136
5.49189e+06	4.88693e-135
5.49199e+06	5.83638e-134
5.49209e+06	6.90095e-133
5.49219e+06	8.0785e-132
5.49229e+06	9.36289e-131
5.49239e+06	1.07435e-129
5.49249e+06	1.22051e-128
5.49259e+06	1.37275e-127
5.49269e+06	1.52861e-126
5.49279e+06	1.68524e-125
5.49289e+06	1.83943e-124
5.49299e+06	1.98775e-123
5.49309e+06	2.12666e-122
5.49319e+06	2.25263e-121
5.49329e+06	2.36233e-120
5.49339e+06	2.45271e-119
5.49349e+06	2.52122e-118
5.49359e+06	2.56585e-117
5.49369e+06	2.58529e-116
5.49379e+06	2.57896e-115
5.49389e+06	2.54704e-114
5.49399e+06	2.49049e-113
5.49409e+06	2.41097e-112
5.49419e+06	2.31076e-111
5.49429e+06	2.19268e-110
5.49439e+06	2.05993e-109
5.49449e+06	1.91596e-108
5.49459e+06	1.76432e-107
5.49469e+06	1.60852e-106
5.49479e+06	1.45188e-105
5.49489e+06	1.29746e-104
5.49499e+06	1.14793e-103
5.49509e+06	1.00552e-102
5.49519e+06	8.72016e-102
5.49529e+06	7.48713e-101
5.49539e+06	6.36448e-100
5.49549e+06	5.35634e-99
5.49559e+06	4.46303e-98
5.49569e+06	3.68171e-97
5.49579e+06	3.00694e-96
5.49589e+06	2.43141e-95
5.49599e+06	1.94647e-94
5.49609e+06	1.54275e-93
5.49619e+06	1.2106e-92
5.49629e+06	9.40506e-92
5.49639e+06	7.23402e-91
5.49649e+06	5.50878e-90
5.49659e+06	4.15325e-89
5.49669e+06	3.10011e-88
5.49679e+06	2.29099e-87
5.49689e+06	1.67621e-86
5.49699e+06	1.2142e-85
5.49709e+06	8.70776e-85
5.49719e+06	6.18274e-84
5.49729e+06	4.34623e-83
5.49739e+06	3.02484e-82
5.49749e+06	2.08424e-81
5.49759e+06	1.42184e-80
5.49769e+06	9.6031e-80
5.49779e+06	6.42138e-79
5.49789e+06	4.25111e-78
5.49799e+06	2.78634e-77
5.49809e+06	1.8081e-76
5.49819e+06	1.16163e-75
5.49829e+06	7.38874e-75
5.49839e+06	4.65296e-74
5.49849e+06	2.90099e-73
5.49859e+06	1.79069e-72
5.49869e+06	1.09434e-71
5.49879e+06	6.62123e-71
5.49889e+06	3.96628e-70
5.49899e+06	2.35226e-69
5.49909e+06	1.38116e-68
5.49919e+06	8.02897e-68
5.49929e+06	4.62097e-67
5.49939e+06	2.63307e-66
5.49949e+06	1.48542e-65
5.49959e+06	8.29649e-65
5.49969e+06	4.58771e-64
5.49979e+06	2.51162e-63
5.49989e+06	1.36135e-62
5.49999e+06	7.30536e-62
5.50009e+06	3.88124e-61
5.50019e+06	2.04154e-60
5.50029e+06	1.06317e-59
5.50039e+06	5.48153e-59
5.50049e+06	2.79808e-58
5.50059e+06	1.41408e-57
5.50069e+06	7.07532e-57
5.50079e+06	3.50489e-56
5.50089e+06	1.71894e-55
5.50099e+06	8.34648e-55
5.50109e+06	4.01239e-54
5.50119e+06	1.90968e-53
5.50129e+06	8.9986e-53
5.50139e+06	4.19803e-52
5.50149e+06	1.93898e-51
5.50159e+06	8.86665e-51
5.50169e+06	4.01423e-50
5.50179e+06	1.79929e-49
5.50189e+06	7.98468e-49
5.50199e+06	3.50809e-48
5.50209e+06	1.52596e-47
5.50219e+06	6.57157e-47
5.50229e+06	2.80191e-46
5.50239e+06	1.18276e-45
5.50249e+06	4.94304e-45
5.50259e+06	2.04527e-44
5.50269e+06	8.37844e-44
5.50279e+06	3.39808e-43
5.50289e+06	1.36446e-42
5.50299e+06	5.42431e-42
5.50309e+06	2.13494e-41
5.50319e+06	8.31924e-41
5.50329e+06	3.20951e-40
5.50339e+06	1.22589e-39
5.50349e+06	4.63575e-39
5.50359e+06	1.73559e-38
5.50369e+06	6.43325e-38
5.50379e+06	2.36086e-37
5.50389e+06	8.57765e-37
5.50399e+06	3.08548e-36
5.50409e+06	1.09884e-35
5.50419e+06	3.87439e-35
5.50429e+06	1.35247e-34
5.50439e+06	4.67425e-34
5.50449e+06	1.59938e-33
5.50459e+06	5.41812e-33
5.50469e+06	1.8172e-32
5.50479e+06	6.03412e-32
5.50489e+06	1.98373e-31
5.50499e+06	6.45665e-31
5.50509e+06	2.0806e-30
5.50519e+06	6.63787e-30
5.50529e+06	2.09664e-29
5.50539e+06	6.55659e-29
5.50549e+06	2.02997e-28
5.50559e+06	6.22237e-28
5.50569e+06	1.88834e-27
5.50579e+06	5.67365e-27
5.50589e+06	1.68772e-26
5.50599e+06	4.97046e-26
5.50609e+06	1.44927e-25
5.50619e+06	4.18369e-25
5.50629e+06	1.19571e-24
5.50639e+06	3.38337e-24
5.50649e+06	9.47831e-24
5.50659e+06	2.62887e-23
5.50669e+06	7.21879e-23
5.50679e+06	1.96253e-22
5.50689e+06	5.28233e-22
5.50699e+06	1.40764e-21
5.50709e+06	3.71377e-21
5.50719e+06	9.70053e-21
5.50729e+06	2.50861e-20
5.50739e+06	6.42284e-20
5.50749e+06	1.62809e-19
5.50759e+06	4.0859e-19
5.50769e+06	1.0152e-18
5.50779e+06	2.49733e-18
5.50789e+06	6.08213e-18
5.50799e+06	1.46654e-17
5.50809e+06	3.50095e-17
5.50819e+06	8.27441e-17
5.50829e+06	1.93618e-16
5.50839e+06	4.48549e-16
5.50849e+06	1.0288e-15
5.50859e+06	2.33621e-15
5.50869e+06	5.25228e-15
5.50879e+06	1.16907e-14
5.50889e+06	2.57627e-14
5.50899e+06	5.62081e-14
5.50909e+06	1.21412e-13
5.50919e+06	2.59648e-13
5.50929e+06	5.49747e-13
5.50939e+06	1.15239e-12
5.50949e+06	2.39162e-12
5.50959e+06	4.91407e-12
5.50969e+06	9.9965e-12
5.50979e+06	2.01331e-11
5.50989e+06	4.01451e-11
5.50999e+06	7.9252e-11
5.51009e+06	1.54898e-10
5.51019e+06	2.99735e-10
5.51029e+06	5.74231e-10
5.51039e+06	1.08916e-09
5.51049e+06	2.04529e-09
5.51059e+06	3.80256e-09
5.51069e+06	6.99928e-09
5.51079e+06	1.27552e-08
5.51089e+06	2.30133e-08
5.51099e+06	4.11081e-08
5.51109e+06	7.26998e-08
5.51119e+06	1.2729e-07
5.51129e+06	2.20656e-07
5.51139e+06	3.78697e-07
5.51149e+06	6.43466e-07
5.51159e+06	1.08247e-06
5.51169e+06	1.80287e-06
5.51179e+06	2.97283e-06
5.51189e+06	4.85324e-06
5.51199e+06	7.84423e-06
5.51209e+06	1.25524e-05
5.51219e+06	1.98866e-05
5.51229e+06	3.11925e-05
5.51239e+06	4.84392e-05
5.51249e+06	7.44734e-05
5.51259e+06	0.000113361
5.51269e+06	0.000170837
5.51279e+06	0.000254892
5.51289e+06	0.000376521
5.51299e+06	0.000550654
5.51309e+06	0.000797306
5.51319e+06	0.00114295
5.51329e+06	0.00162215
5.51339e+06	0.00227933
5.51349e+06	0.0031709
5.51359e+06	0.00436731
5.51369e+06	0.00595529
5.51379e+06	0.00803987
5.51389e+06	0.0107461
5.51399e+06	0.0142204
5.51409e+06	0.0186307
5.51419e+06	0.0241659
5.51429e+06	0.0310338
5.51439e+06	0.0394569
5.51449e+06	0.0496671
5.51459e+06	0.0618972
5.51469e+06	0.0763714
5.51479e+06	0.0932926
5.51489e+06	0.112829
5.51499e+06	0.135099
5.51509e+06	0.160155
5.51519e+06	0.187968
5.51529e+06	0.218417
5.51539e+06	0.251273
5.51549e+06	0.286194
5.51559e+06	0.322726
5.51569e+06	0.3603
5.51579e+06	0.398246
5.51589e+06	0.435808
5.51599e+06	0.472168
5.51609e+06	0.506471
5.51619e+06	0.537861
5.51629e+06	0.565513
5.51639e+06	0.58867
5.51649e+06	0.606678
5.51659e+06	0.619016
5.51669e+06	0.625321
5.51679e+06	0.625404
5.51689e+06	0.619263
5.51699e+06	0.607081
5.51709e+06	0.589218
5.51719e+06	0.566189
5.51729e+06	0.538647
5.51739e+06	0.507346
5.51749e+06	0.473109
5.51759e+06	0.436793
5.51769e+06	0.399252
5.51779e+06	0.361306
5.51789e+06	0.323713
5.51799e+06	0.287146
5.51809e+06	0.252175
5.51819e+06	0.21926
5.51829e+06	0.188744
5.51839e+06	0.160858
5.51849e+06	0.135728
5.51859e+06	0.113385
5.51869e+06	0.0937771
5.51879e+06	0.0767884
5.51889e+06	0.0622517
5.51899e+06	0.0499648
5.51909e+06	0.039704
5.51919e+06	0.0312364
5.51929e+06	0.0243302
5.51939e+06	0.0187623
5.51949e+06	0.0143247
5.51959e+06	0.0108278
5.51969e+06	0.00810311
5.51979e+06	0.00600373
5.51989e+06	0.004404
5.51999e+06	0.00319839
5.52009e+06	0.0022997
5.52019e+06	0.00163708
5.52029e+06	0.00115378
5.52039e+06	0.000805073
5.52049e+06	0.000556165
5.52059e+06	0.000380391
5.52069e+06	0.00025758
5.52079e+06	0.000172684
5.52089e+06	0.000114617
5.52099e+06	7.53188e-05
5.52109e+06	4.90021e-05
5.52119e+06	3.15633e-05
5.52129e+06	2.01283e-05
5.52139e+06	1.27084e-05
5.52149e+06	7.94382e-06
5.52159e+06	4.91615e-06
5.52169e+06	3.01217e-06
5.52179e+06	1.82721e-06
5.52189e+06	1.09738e-06
5.52199e+06	6.52502e-07
5.52209e+06	3.84117e-07
5.52219e+06	2.23874e-07
5.52229e+06	1.29183e-07
5.52239e+06	7.38035e-08
5.52249e+06	4.17495e-08
5.52259e+06	2.33904e-08
5.52269e+06	1.29898e-08
5.52279e+06	7.17099e-09
5.52289e+06	3.97248e-09
5.52299e+06	2.27495e-09
5.52309e+06	1.46006e-09
5.52319e+06	1.2132e-09
5.52329e+06	1.41678e-09
5.52339e+06	2.10309e-09
5.52349e+06	3.45097e-09
5.52359e+06	5.82152e-09
5.52369e+06	9.83667e-09
5.52379e+06	1.65132e-08
5.52389e+06	2.74741e-08
5.52399e+06	4.52694e-08
5.52409e+06	7.38554e-08
5.52419e+06	1.19297e-07
5.52429e+06	1.90781e-07
5.52439e+06	3.02065e-07
5.52449e+06	4.73502e-07
5.52459e+06	7.34854e-07
5.52469e+06	1.12911e-06
5.52479e+06	1.71764e-06
5.52489e+06	2.58691e-06
5.52499e+06	3.85735e-06
5.52509e+06	5.69447e-06
5.52519e+06	8.32291e-06
5.52529e+06	1.20435e-05
5.52539e+06	1.7254e-05
5.52549e+06	2.44727e-05
5.52559e+06	3.43662e-05
5.52569e+06	4.77792e-05
5.52579e+06	6.57662e-05
5.52589e+06	8.96239e-05
5.52599e+06	0.000120921
5.52609e+06	0.000161524
5.52619e+06	0.000213614
5.52629e+06	0.000279691
5.52639e+06	0.000362564
5.52649e+06	0.000465316
5.52659e+06	0.000591247
5.52669e+06	0.000743783
5.52679e+06	0.000926362
5.52689e+06	0.00114228
5.52699e+06	0.00139451
5.52709e+06	0.00168549
5.52719e+06	0.00201692
5.52729e+06	0.00238951
5.52739e+06	0.00280276
5.52749e+06	0.00325477
5.52759e+06	0.00374206
5.52769e+06	0.0042595
5.52779e+06	0.00480025
5.52789e+06	0.00535582
5.52799e+06	0.00591623
5.52809e+06	0.00647025
5.52819e+06	0.00700575
5.52829e+06	0.00751008
5.52839e+06	0.00797062
5.52849e+06	0.00837523
5.52859e+06	0.00871281
5.52869e+06	0.00897381
5.52879e+06	0.00915066
5.52889e+06	0.00923815
5.52899e+06	0.00923368
5.52909e+06	0.00913738
5.52919e+06	0.00895211
5.52929e+06	0.00868333
5.52939e+06	0.00833881
5.52949e+06	0.00792828
5.52959e+06	0.00746296
5.52969e+06	0.00695505
5.52979e+06	0.00641721
5.52989e+06	0.00586205
5.52999e+06	0.00530164
5.53009e+06	0.00474709
5.53019e+06	0.00420825
5.53029e+06	0.00369346
5.53039e+06	0.00320938
5.53049e+06	0.002761
5.53059e+06	0.00235163
5.53069e+06	0.00198303
5.53079e+06	0.00165556
5.53089e+06	0.00136842
5.53099e+06	0.00111983
5.53109e+06	0.000907274
5.53119e+06	0.000727752
5.53129e+06	0.000577944
5.53139e+06	0.000454407
5.53149e+06	0.000353721
5.53159e+06	0.000272605
5.53169e+06	0.000208
5.53179e+06	0.000157127
5.53189e+06	0.000117516
5.53199e+06	8.70156e-05
5.53209e+06	6.37904e-05
5.53219e+06	4.62989e-05
5.53229e+06	3.32693e-05
5.53239e+06	2.36686e-05
5.53249e+06	1.66709e-05
5.53259e+06	1.16253e-05
5.53269e+06	8.02609e-06
5.53279e+06	5.48608e-06
5.53289e+06	3.71259e-06
5.53299e+06	2.48742e-06
5.53309e+06	1.64998e-06
5.53319e+06	1.08359e-06
5.53329e+06	7.04542e-07
5.53339e+06	4.53531e-07
5.53349e+06	2.89044e-07
5.53359e+06	1.82381e-07
5.53369e+06	1.13933e-07
5.53379e+06	7.04658e-08
5.53389e+06	4.31483e-08
